[0.089s] DEBUG:colcon:Command line arguments: ['/home/hungnb/.local/bin/colcon', 'build', '--packages-select', 'kinect2_bridge', 'kinect2_registration', 'kinect2_calibration']
[0.090s] DEBUG:colcon:Parsed command line arguments: Namespace(log_base=None, log_level=None, verb_name='build', build_base='build', install_base='install', merge_install=False, symlink_install=False, test_result_base=None, continue_on_error=False, executor='parallel', parallel_workers=16, event_handlers=None, ignore_user_meta=False, metas=['./colcon.meta'], base_paths=['.'], packages_ignore=None, packages_ignore_regex=None, paths=None, packages_up_to=None, packages_up_to_regex=None, packages_above=None, packages_above_and_dependencies=None, packages_above_depth=None, packages_select_by_dep=None, packages_skip_by_dep=None, packages_skip_up_to=None, packages_select_build_failed=False, packages_skip_build_finished=False, packages_select_test_failures=False, packages_skip_test_passed=False, packages_select=['kinect2_bridge', 'kinect2_registration', 'kinect2_calibration'], packages_skip=None, packages_select_regex=None, packages_skip_regex=None, packages_start=None, packages_end=None, cmake_args=None, cmake_target=None, cmake_target_skip_unavailable=False, cmake_clean_cache=False, cmake_clean_first=False, cmake_force_configure=False, ament_cmake_args=None, catkin_cmake_args=None, catkin_skip_building_tests=False, verb_parser=<colcon_defaults.argument_parser.defaults.DefaultArgumentsDecorator object at 0x78ddccadc130>, verb_extension=<colcon_core.verb.build.BuildVerb object at 0x78ddccaa7c70>, main=<bound method BuildVerb.main of <colcon_core.verb.build.BuildVerb object at 0x78ddccaa7c70>>)
[0.187s] Level 1:colcon.colcon_core.package_discovery:discover_packages(colcon_meta) check parameters
[0.187s] Level 1:colcon.colcon_core.package_discovery:discover_packages(recursive) check parameters
[0.187s] Level 1:colcon.colcon_core.package_discovery:discover_packages(ignore) check parameters
[0.187s] Level 1:colcon.colcon_core.package_discovery:discover_packages(path) check parameters
[0.187s] Level 1:colcon.colcon_core.package_discovery:discover_packages(colcon_meta) discover
[0.187s] Level 1:colcon.colcon_core.package_discovery:discover_packages(recursive) discover
[0.187s] INFO:colcon.colcon_core.package_discovery:Crawling recursively for packages in '/home/hungnb/cocarry_ws'
[0.188s] Level 1:colcon.colcon_core.package_identification:_identify(.) by extensions ['ignore', 'ignore_ament_install']
[0.188s] Level 1:colcon.colcon_core.package_identification:_identify(.) by extension 'ignore'
[0.188s] Level 1:colcon.colcon_core.package_identification:_identify(.) by extension 'ignore_ament_install'
[0.188s] Level 1:colcon.colcon_core.package_identification:_identify(.) by extensions ['colcon_pkg']
[0.188s] Level 1:colcon.colcon_core.package_identification:_identify(.) by extension 'colcon_pkg'
[0.188s] Level 1:colcon.colcon_core.package_identification:_identify(.) by extensions ['colcon_meta']
[0.188s] Level 1:colcon.colcon_core.package_identification:_identify(.) by extension 'colcon_meta'
[0.188s] Level 1:colcon.colcon_core.package_identification:_identify(.) by extensions ['ros']
[0.188s] Level 1:colcon.colcon_core.package_identification:_identify(.) by extension 'ros'
[0.194s] Level 1:colcon.colcon_core.package_identification:_identify(.) by extensions ['cmake', 'python']
[0.194s] Level 1:colcon.colcon_core.package_identification:_identify(.) by extension 'cmake'
[0.194s] Level 1:colcon.colcon_core.package_identification:_identify(.) by extension 'python'
[0.194s] Level 1:colcon.colcon_core.package_identification:_identify(.) by extensions ['python_setup_py']
[0.194s] Level 1:colcon.colcon_core.package_identification:_identify(.) by extension 'python_setup_py'
[0.194s] Level 1:colcon.colcon_core.package_identification:_identify(build) by extensions ['ignore', 'ignore_ament_install']
[0.194s] Level 1:colcon.colcon_core.package_identification:_identify(build) by extension 'ignore'
[0.194s] Level 1:colcon.colcon_core.package_identification:_identify(build) ignored
[0.194s] Level 1:colcon.colcon_core.package_identification:_identify(cocarry_logs) by extensions ['ignore', 'ignore_ament_install']
[0.194s] Level 1:colcon.colcon_core.package_identification:_identify(cocarry_logs) by extension 'ignore'
[0.194s] Level 1:colcon.colcon_core.package_identification:_identify(cocarry_logs) by extension 'ignore_ament_install'
[0.194s] Level 1:colcon.colcon_core.package_identification:_identify(cocarry_logs) by extensions ['colcon_pkg']
[0.194s] Level 1:colcon.colcon_core.package_identification:_identify(cocarry_logs) by extension 'colcon_pkg'
[0.194s] Level 1:colcon.colcon_core.package_identification:_identify(cocarry_logs) by extensions ['colcon_meta']
[0.194s] Level 1:colcon.colcon_core.package_identification:_identify(cocarry_logs) by extension 'colcon_meta'
[0.194s] Level 1:colcon.colcon_core.package_identification:_identify(cocarry_logs) by extensions ['ros']
[0.194s] Level 1:colcon.colcon_core.package_identification:_identify(cocarry_logs) by extension 'ros'
[0.194s] Level 1:colcon.colcon_core.package_identification:_identify(cocarry_logs) by extensions ['cmake', 'python']
[0.194s] Level 1:colcon.colcon_core.package_identification:_identify(cocarry_logs) by extension 'cmake'
[0.194s] Level 1:colcon.colcon_core.package_identification:_identify(cocarry_logs) by extension 'python'
[0.195s] Level 1:colcon.colcon_core.package_identification:_identify(cocarry_logs) by extensions ['python_setup_py']
[0.195s] Level 1:colcon.colcon_core.package_identification:_identify(cocarry_logs) by extension 'python_setup_py'
[0.195s] Level 1:colcon.colcon_core.package_identification:_identify(cocarry_logs/Bách) by extensions ['ignore', 'ignore_ament_install']
[0.195s] Level 1:colcon.colcon_core.package_identification:_identify(cocarry_logs/Bách) by extension 'ignore'
[0.195s] Level 1:colcon.colcon_core.package_identification:_identify(cocarry_logs/Bách) by extension 'ignore_ament_install'
[0.195s] Level 1:colcon.colcon_core.package_identification:_identify(cocarry_logs/Bách) by extensions ['colcon_pkg']
[0.195s] Level 1:colcon.colcon_core.package_identification:_identify(cocarry_logs/Bách) by extension 'colcon_pkg'
[0.195s] Level 1:colcon.colcon_core.package_identification:_identify(cocarry_logs/Bách) by extensions ['colcon_meta']
[0.195s] Level 1:colcon.colcon_core.package_identification:_identify(cocarry_logs/Bách) by extension 'colcon_meta'
[0.195s] Level 1:colcon.colcon_core.package_identification:_identify(cocarry_logs/Bách) by extensions ['ros']
[0.195s] Level 1:colcon.colcon_core.package_identification:_identify(cocarry_logs/Bách) by extension 'ros'
[0.195s] Level 1:colcon.colcon_core.package_identification:_identify(cocarry_logs/Bách) by extensions ['cmake', 'python']
[0.195s] Level 1:colcon.colcon_core.package_identification:_identify(cocarry_logs/Bách) by extension 'cmake'
[0.195s] Level 1:colcon.colcon_core.package_identification:_identify(cocarry_logs/Bách) by extension 'python'
[0.195s] Level 1:colcon.colcon_core.package_identification:_identify(cocarry_logs/Bách) by extensions ['python_setup_py']
[0.195s] Level 1:colcon.colcon_core.package_identification:_identify(cocarry_logs/Bách) by extension 'python_setup_py'
[0.195s] Level 1:colcon.colcon_core.package_identification:_identify(cocarry_logs/Duy) by extensions ['ignore', 'ignore_ament_install']
[0.195s] Level 1:colcon.colcon_core.package_identification:_identify(cocarry_logs/Duy) by extension 'ignore'
[0.195s] Level 1:colcon.colcon_core.package_identification:_identify(cocarry_logs/Duy) by extension 'ignore_ament_install'
[0.195s] Level 1:colcon.colcon_core.package_identification:_identify(cocarry_logs/Duy) by extensions ['colcon_pkg']
[0.195s] Level 1:colcon.colcon_core.package_identification:_identify(cocarry_logs/Duy) by extension 'colcon_pkg'
[0.195s] Level 1:colcon.colcon_core.package_identification:_identify(cocarry_logs/Duy) by extensions ['colcon_meta']
[0.195s] Level 1:colcon.colcon_core.package_identification:_identify(cocarry_logs/Duy) by extension 'colcon_meta'
[0.195s] Level 1:colcon.colcon_core.package_identification:_identify(cocarry_logs/Duy) by extensions ['ros']
[0.195s] Level 1:colcon.colcon_core.package_identification:_identify(cocarry_logs/Duy) by extension 'ros'
[0.195s] Level 1:colcon.colcon_core.package_identification:_identify(cocarry_logs/Duy) by extensions ['cmake', 'python']
[0.195s] Level 1:colcon.colcon_core.package_identification:_identify(cocarry_logs/Duy) by extension 'cmake'
[0.195s] Level 1:colcon.colcon_core.package_identification:_identify(cocarry_logs/Duy) by extension 'python'
[0.195s] Level 1:colcon.colcon_core.package_identification:_identify(cocarry_logs/Duy) by extensions ['python_setup_py']
[0.195s] Level 1:colcon.colcon_core.package_identification:_identify(cocarry_logs/Duy) by extension 'python_setup_py'
[0.195s] Level 1:colcon.colcon_core.package_identification:_identify(cocarry_logs/Long) by extensions ['ignore', 'ignore_ament_install']
[0.195s] Level 1:colcon.colcon_core.package_identification:_identify(cocarry_logs/Long) by extension 'ignore'
[0.195s] Level 1:colcon.colcon_core.package_identification:_identify(cocarry_logs/Long) by extension 'ignore_ament_install'
[0.195s] Level 1:colcon.colcon_core.package_identification:_identify(cocarry_logs/Long) by extensions ['colcon_pkg']
[0.195s] Level 1:colcon.colcon_core.package_identification:_identify(cocarry_logs/Long) by extension 'colcon_pkg'
[0.195s] Level 1:colcon.colcon_core.package_identification:_identify(cocarry_logs/Long) by extensions ['colcon_meta']
[0.195s] Level 1:colcon.colcon_core.package_identification:_identify(cocarry_logs/Long) by extension 'colcon_meta'
[0.195s] Level 1:colcon.colcon_core.package_identification:_identify(cocarry_logs/Long) by extensions ['ros']
[0.195s] Level 1:colcon.colcon_core.package_identification:_identify(cocarry_logs/Long) by extension 'ros'
[0.195s] Level 1:colcon.colcon_core.package_identification:_identify(cocarry_logs/Long) by extensions ['cmake', 'python']
[0.195s] Level 1:colcon.colcon_core.package_identification:_identify(cocarry_logs/Long) by extension 'cmake'
[0.195s] Level 1:colcon.colcon_core.package_identification:_identify(cocarry_logs/Long) by extension 'python'
[0.195s] Level 1:colcon.colcon_core.package_identification:_identify(cocarry_logs/Long) by extensions ['python_setup_py']
[0.195s] Level 1:colcon.colcon_core.package_identification:_identify(cocarry_logs/Long) by extension 'python_setup_py'
[0.196s] Level 1:colcon.colcon_core.package_identification:_identify(cocarry_logs/Lộc) by extensions ['ignore', 'ignore_ament_install']
[0.196s] Level 1:colcon.colcon_core.package_identification:_identify(cocarry_logs/Lộc) by extension 'ignore'
[0.196s] Level 1:colcon.colcon_core.package_identification:_identify(cocarry_logs/Lộc) by extension 'ignore_ament_install'
[0.196s] Level 1:colcon.colcon_core.package_identification:_identify(cocarry_logs/Lộc) by extensions ['colcon_pkg']
[0.196s] Level 1:colcon.colcon_core.package_identification:_identify(cocarry_logs/Lộc) by extension 'colcon_pkg'
[0.196s] Level 1:colcon.colcon_core.package_identification:_identify(cocarry_logs/Lộc) by extensions ['colcon_meta']
[0.196s] Level 1:colcon.colcon_core.package_identification:_identify(cocarry_logs/Lộc) by extension 'colcon_meta'
[0.196s] Level 1:colcon.colcon_core.package_identification:_identify(cocarry_logs/Lộc) by extensions ['ros']
[0.196s] Level 1:colcon.colcon_core.package_identification:_identify(cocarry_logs/Lộc) by extension 'ros'
[0.196s] Level 1:colcon.colcon_core.package_identification:_identify(cocarry_logs/Lộc) by extensions ['cmake', 'python']
[0.196s] Level 1:colcon.colcon_core.package_identification:_identify(cocarry_logs/Lộc) by extension 'cmake'
[0.196s] Level 1:colcon.colcon_core.package_identification:_identify(cocarry_logs/Lộc) by extension 'python'
[0.196s] Level 1:colcon.colcon_core.package_identification:_identify(cocarry_logs/Lộc) by extensions ['python_setup_py']
[0.196s] Level 1:colcon.colcon_core.package_identification:_identify(cocarry_logs/Lộc) by extension 'python_setup_py'
[0.196s] Level 1:colcon.colcon_core.package_identification:_identify(cocarry_logs/Minh) by extensions ['ignore', 'ignore_ament_install']
[0.196s] Level 1:colcon.colcon_core.package_identification:_identify(cocarry_logs/Minh) by extension 'ignore'
[0.196s] Level 1:colcon.colcon_core.package_identification:_identify(cocarry_logs/Minh) by extension 'ignore_ament_install'
[0.196s] Level 1:colcon.colcon_core.package_identification:_identify(cocarry_logs/Minh) by extensions ['colcon_pkg']
[0.196s] Level 1:colcon.colcon_core.package_identification:_identify(cocarry_logs/Minh) by extension 'colcon_pkg'
[0.196s] Level 1:colcon.colcon_core.package_identification:_identify(cocarry_logs/Minh) by extensions ['colcon_meta']
[0.196s] Level 1:colcon.colcon_core.package_identification:_identify(cocarry_logs/Minh) by extension 'colcon_meta'
[0.196s] Level 1:colcon.colcon_core.package_identification:_identify(cocarry_logs/Minh) by extensions ['ros']
[0.196s] Level 1:colcon.colcon_core.package_identification:_identify(cocarry_logs/Minh) by extension 'ros'
[0.196s] Level 1:colcon.colcon_core.package_identification:_identify(cocarry_logs/Minh) by extensions ['cmake', 'python']
[0.196s] Level 1:colcon.colcon_core.package_identification:_identify(cocarry_logs/Minh) by extension 'cmake'
[0.196s] Level 1:colcon.colcon_core.package_identification:_identify(cocarry_logs/Minh) by extension 'python'
[0.196s] Level 1:colcon.colcon_core.package_identification:_identify(cocarry_logs/Minh) by extensions ['python_setup_py']
[0.196s] Level 1:colcon.colcon_core.package_identification:_identify(cocarry_logs/Minh) by extension 'python_setup_py'
[0.196s] Level 1:colcon.colcon_core.package_identification:_identify(cocarry_logs/Nam) by extensions ['ignore', 'ignore_ament_install']
[0.196s] Level 1:colcon.colcon_core.package_identification:_identify(cocarry_logs/Nam) by extension 'ignore'
[0.196s] Level 1:colcon.colcon_core.package_identification:_identify(cocarry_logs/Nam) by extension 'ignore_ament_install'
[0.196s] Level 1:colcon.colcon_core.package_identification:_identify(cocarry_logs/Nam) by extensions ['colcon_pkg']
[0.196s] Level 1:colcon.colcon_core.package_identification:_identify(cocarry_logs/Nam) by extension 'colcon_pkg'
[0.196s] Level 1:colcon.colcon_core.package_identification:_identify(cocarry_logs/Nam) by extensions ['colcon_meta']
[0.196s] Level 1:colcon.colcon_core.package_identification:_identify(cocarry_logs/Nam) by extension 'colcon_meta'
[0.196s] Level 1:colcon.colcon_core.package_identification:_identify(cocarry_logs/Nam) by extensions ['ros']
[0.196s] Level 1:colcon.colcon_core.package_identification:_identify(cocarry_logs/Nam) by extension 'ros'
[0.196s] Level 1:colcon.colcon_core.package_identification:_identify(cocarry_logs/Nam) by extensions ['cmake', 'python']
[0.196s] Level 1:colcon.colcon_core.package_identification:_identify(cocarry_logs/Nam) by extension 'cmake'
[0.196s] Level 1:colcon.colcon_core.package_identification:_identify(cocarry_logs/Nam) by extension 'python'
[0.196s] Level 1:colcon.colcon_core.package_identification:_identify(cocarry_logs/Nam) by extensions ['python_setup_py']
[0.196s] Level 1:colcon.colcon_core.package_identification:_identify(cocarry_logs/Nam) by extension 'python_setup_py'
[0.196s] Level 1:colcon.colcon_core.package_identification:_identify(cocarry_logs/Phong) by extensions ['ignore', 'ignore_ament_install']
[0.196s] Level 1:colcon.colcon_core.package_identification:_identify(cocarry_logs/Phong) by extension 'ignore'
[0.196s] Level 1:colcon.colcon_core.package_identification:_identify(cocarry_logs/Phong) by extension 'ignore_ament_install'
[0.196s] Level 1:colcon.colcon_core.package_identification:_identify(cocarry_logs/Phong) by extensions ['colcon_pkg']
[0.196s] Level 1:colcon.colcon_core.package_identification:_identify(cocarry_logs/Phong) by extension 'colcon_pkg'
[0.196s] Level 1:colcon.colcon_core.package_identification:_identify(cocarry_logs/Phong) by extensions ['colcon_meta']
[0.196s] Level 1:colcon.colcon_core.package_identification:_identify(cocarry_logs/Phong) by extension 'colcon_meta'
[0.197s] Level 1:colcon.colcon_core.package_identification:_identify(cocarry_logs/Phong) by extensions ['ros']
[0.197s] Level 1:colcon.colcon_core.package_identification:_identify(cocarry_logs/Phong) by extension 'ros'
[0.197s] Level 1:colcon.colcon_core.package_identification:_identify(cocarry_logs/Phong) by extensions ['cmake', 'python']
[0.197s] Level 1:colcon.colcon_core.package_identification:_identify(cocarry_logs/Phong) by extension 'cmake'
[0.197s] Level 1:colcon.colcon_core.package_identification:_identify(cocarry_logs/Phong) by extension 'python'
[0.197s] Level 1:colcon.colcon_core.package_identification:_identify(cocarry_logs/Phong) by extensions ['python_setup_py']
[0.197s] Level 1:colcon.colcon_core.package_identification:_identify(cocarry_logs/Phong) by extension 'python_setup_py'
[0.197s] Level 1:colcon.colcon_core.package_identification:_identify(cocarry_logs/Phát) by extensions ['ignore', 'ignore_ament_install']
[0.197s] Level 1:colcon.colcon_core.package_identification:_identify(cocarry_logs/Phát) by extension 'ignore'
[0.197s] Level 1:colcon.colcon_core.package_identification:_identify(cocarry_logs/Phát) by extension 'ignore_ament_install'
[0.197s] Level 1:colcon.colcon_core.package_identification:_identify(cocarry_logs/Phát) by extensions ['colcon_pkg']
[0.197s] Level 1:colcon.colcon_core.package_identification:_identify(cocarry_logs/Phát) by extension 'colcon_pkg'
[0.197s] Level 1:colcon.colcon_core.package_identification:_identify(cocarry_logs/Phát) by extensions ['colcon_meta']
[0.197s] Level 1:colcon.colcon_core.package_identification:_identify(cocarry_logs/Phát) by extension 'colcon_meta'
[0.197s] Level 1:colcon.colcon_core.package_identification:_identify(cocarry_logs/Phát) by extensions ['ros']
[0.197s] Level 1:colcon.colcon_core.package_identification:_identify(cocarry_logs/Phát) by extension 'ros'
[0.197s] Level 1:colcon.colcon_core.package_identification:_identify(cocarry_logs/Phát) by extensions ['cmake', 'python']
[0.197s] Level 1:colcon.colcon_core.package_identification:_identify(cocarry_logs/Phát) by extension 'cmake'
[0.197s] Level 1:colcon.colcon_core.package_identification:_identify(cocarry_logs/Phát) by extension 'python'
[0.197s] Level 1:colcon.colcon_core.package_identification:_identify(cocarry_logs/Phát) by extensions ['python_setup_py']
[0.197s] Level 1:colcon.colcon_core.package_identification:_identify(cocarry_logs/Phát) by extension 'python_setup_py'
[0.197s] Level 1:colcon.colcon_core.package_identification:_identify(cocarry_logs/Tuấn) by extensions ['ignore', 'ignore_ament_install']
[0.197s] Level 1:colcon.colcon_core.package_identification:_identify(cocarry_logs/Tuấn) by extension 'ignore'
[0.197s] Level 1:colcon.colcon_core.package_identification:_identify(cocarry_logs/Tuấn) by extension 'ignore_ament_install'
[0.197s] Level 1:colcon.colcon_core.package_identification:_identify(cocarry_logs/Tuấn) by extensions ['colcon_pkg']
[0.197s] Level 1:colcon.colcon_core.package_identification:_identify(cocarry_logs/Tuấn) by extension 'colcon_pkg'
[0.197s] Level 1:colcon.colcon_core.package_identification:_identify(cocarry_logs/Tuấn) by extensions ['colcon_meta']
[0.197s] Level 1:colcon.colcon_core.package_identification:_identify(cocarry_logs/Tuấn) by extension 'colcon_meta'
[0.197s] Level 1:colcon.colcon_core.package_identification:_identify(cocarry_logs/Tuấn) by extensions ['ros']
[0.197s] Level 1:colcon.colcon_core.package_identification:_identify(cocarry_logs/Tuấn) by extension 'ros'
[0.197s] Level 1:colcon.colcon_core.package_identification:_identify(cocarry_logs/Tuấn) by extensions ['cmake', 'python']
[0.197s] Level 1:colcon.colcon_core.package_identification:_identify(cocarry_logs/Tuấn) by extension 'cmake'
[0.197s] Level 1:colcon.colcon_core.package_identification:_identify(cocarry_logs/Tuấn) by extension 'python'
[0.197s] Level 1:colcon.colcon_core.package_identification:_identify(cocarry_logs/Tuấn) by extensions ['python_setup_py']
[0.197s] Level 1:colcon.colcon_core.package_identification:_identify(cocarry_logs/Tuấn) by extension 'python_setup_py'
[0.197s] Level 1:colcon.colcon_core.package_identification:_identify(cocarry_logs/ros_log) by extensions ['ignore', 'ignore_ament_install']
[0.197s] Level 1:colcon.colcon_core.package_identification:_identify(cocarry_logs/ros_log) by extension 'ignore'
[0.197s] Level 1:colcon.colcon_core.package_identification:_identify(cocarry_logs/ros_log) by extension 'ignore_ament_install'
[0.197s] Level 1:colcon.colcon_core.package_identification:_identify(cocarry_logs/ros_log) by extensions ['colcon_pkg']
[0.197s] Level 1:colcon.colcon_core.package_identification:_identify(cocarry_logs/ros_log) by extension 'colcon_pkg'
[0.197s] Level 1:colcon.colcon_core.package_identification:_identify(cocarry_logs/ros_log) by extensions ['colcon_meta']
[0.198s] Level 1:colcon.colcon_core.package_identification:_identify(cocarry_logs/ros_log) by extension 'colcon_meta'
[0.198s] Level 1:colcon.colcon_core.package_identification:_identify(cocarry_logs/ros_log) by extensions ['ros']
[0.198s] Level 1:colcon.colcon_core.package_identification:_identify(cocarry_logs/ros_log) by extension 'ros'
[0.198s] Level 1:colcon.colcon_core.package_identification:_identify(cocarry_logs/ros_log) by extensions ['cmake', 'python']
[0.198s] Level 1:colcon.colcon_core.package_identification:_identify(cocarry_logs/ros_log) by extension 'cmake'
[0.198s] Level 1:colcon.colcon_core.package_identification:_identify(cocarry_logs/ros_log) by extension 'python'
[0.198s] Level 1:colcon.colcon_core.package_identification:_identify(cocarry_logs/ros_log) by extensions ['python_setup_py']
[0.198s] Level 1:colcon.colcon_core.package_identification:_identify(cocarry_logs/ros_log) by extension 'python_setup_py'
[0.198s] Level 1:colcon.colcon_core.package_identification:_identify(cocarry_logs/Đức) by extensions ['ignore', 'ignore_ament_install']
[0.198s] Level 1:colcon.colcon_core.package_identification:_identify(cocarry_logs/Đức) by extension 'ignore'
[0.198s] Level 1:colcon.colcon_core.package_identification:_identify(cocarry_logs/Đức) by extension 'ignore_ament_install'
[0.198s] Level 1:colcon.colcon_core.package_identification:_identify(cocarry_logs/Đức) by extensions ['colcon_pkg']
[0.198s] Level 1:colcon.colcon_core.package_identification:_identify(cocarry_logs/Đức) by extension 'colcon_pkg'
[0.198s] Level 1:colcon.colcon_core.package_identification:_identify(cocarry_logs/Đức) by extensions ['colcon_meta']
[0.198s] Level 1:colcon.colcon_core.package_identification:_identify(cocarry_logs/Đức) by extension 'colcon_meta'
[0.198s] Level 1:colcon.colcon_core.package_identification:_identify(cocarry_logs/Đức) by extensions ['ros']
[0.198s] Level 1:colcon.colcon_core.package_identification:_identify(cocarry_logs/Đức) by extension 'ros'
[0.198s] Level 1:colcon.colcon_core.package_identification:_identify(cocarry_logs/Đức) by extensions ['cmake', 'python']
[0.198s] Level 1:colcon.colcon_core.package_identification:_identify(cocarry_logs/Đức) by extension 'cmake'
[0.198s] Level 1:colcon.colcon_core.package_identification:_identify(cocarry_logs/Đức) by extension 'python'
[0.198s] Level 1:colcon.colcon_core.package_identification:_identify(cocarry_logs/Đức) by extensions ['python_setup_py']
[0.198s] Level 1:colcon.colcon_core.package_identification:_identify(cocarry_logs/Đức) by extension 'python_setup_py'
[0.198s] Level 1:colcon.colcon_core.package_identification:_identify(docs) by extensions ['ignore', 'ignore_ament_install']
[0.198s] Level 1:colcon.colcon_core.package_identification:_identify(docs) by extension 'ignore'
[0.198s] Level 1:colcon.colcon_core.package_identification:_identify(docs) by extension 'ignore_ament_install'
[0.198s] Level 1:colcon.colcon_core.package_identification:_identify(docs) by extensions ['colcon_pkg']
[0.198s] Level 1:colcon.colcon_core.package_identification:_identify(docs) by extension 'colcon_pkg'
[0.198s] Level 1:colcon.colcon_core.package_identification:_identify(docs) by extensions ['colcon_meta']
[0.198s] Level 1:colcon.colcon_core.package_identification:_identify(docs) by extension 'colcon_meta'
[0.198s] Level 1:colcon.colcon_core.package_identification:_identify(docs) by extensions ['ros']
[0.198s] Level 1:colcon.colcon_core.package_identification:_identify(docs) by extension 'ros'
[0.198s] Level 1:colcon.colcon_core.package_identification:_identify(docs) by extensions ['cmake', 'python']
[0.198s] Level 1:colcon.colcon_core.package_identification:_identify(docs) by extension 'cmake'
[0.198s] Level 1:colcon.colcon_core.package_identification:_identify(docs) by extension 'python'
[0.198s] Level 1:colcon.colcon_core.package_identification:_identify(docs) by extensions ['python_setup_py']
[0.198s] Level 1:colcon.colcon_core.package_identification:_identify(docs) by extension 'python_setup_py'
[0.198s] Level 1:colcon.colcon_core.package_identification:_identify(install) by extensions ['ignore', 'ignore_ament_install']
[0.198s] Level 1:colcon.colcon_core.package_identification:_identify(install) by extension 'ignore'
[0.198s] Level 1:colcon.colcon_core.package_identification:_identify(install) ignored
[0.198s] Level 1:colcon.colcon_core.package_identification:_identify(log) by extensions ['ignore', 'ignore_ament_install']
[0.198s] Level 1:colcon.colcon_core.package_identification:_identify(log) by extension 'ignore'
[0.198s] Level 1:colcon.colcon_core.package_identification:_identify(log) ignored
[0.198s] Level 1:colcon.colcon_core.package_identification:_identify(log_temp) by extensions ['ignore', 'ignore_ament_install']
[0.198s] Level 1:colcon.colcon_core.package_identification:_identify(log_temp) by extension 'ignore'
[0.199s] Level 1:colcon.colcon_core.package_identification:_identify(log_temp) by extension 'ignore_ament_install'
[0.199s] Level 1:colcon.colcon_core.package_identification:_identify(log_temp) by extensions ['colcon_pkg']
[0.199s] Level 1:colcon.colcon_core.package_identification:_identify(log_temp) by extension 'colcon_pkg'
[0.199s] Level 1:colcon.colcon_core.package_identification:_identify(log_temp) by extensions ['colcon_meta']
[0.199s] Level 1:colcon.colcon_core.package_identification:_identify(log_temp) by extension 'colcon_meta'
[0.199s] Level 1:colcon.colcon_core.package_identification:_identify(log_temp) by extensions ['ros']
[0.199s] Level 1:colcon.colcon_core.package_identification:_identify(log_temp) by extension 'ros'
[0.199s] Level 1:colcon.colcon_core.package_identification:_identify(log_temp) by extensions ['cmake', 'python']
[0.199s] Level 1:colcon.colcon_core.package_identification:_identify(log_temp) by extension 'cmake'
[0.199s] Level 1:colcon.colcon_core.package_identification:_identify(log_temp) by extension 'python'
[0.199s] Level 1:colcon.colcon_core.package_identification:_identify(log_temp) by extensions ['python_setup_py']
[0.199s] Level 1:colcon.colcon_core.package_identification:_identify(log_temp) by extension 'python_setup_py'
[0.199s] Level 1:colcon.colcon_core.package_identification:_identify(ros_log) by extensions ['ignore', 'ignore_ament_install']
[0.199s] Level 1:colcon.colcon_core.package_identification:_identify(ros_log) by extension 'ignore'
[0.199s] Level 1:colcon.colcon_core.package_identification:_identify(ros_log) by extension 'ignore_ament_install'
[0.199s] Level 1:colcon.colcon_core.package_identification:_identify(ros_log) by extensions ['colcon_pkg']
[0.199s] Level 1:colcon.colcon_core.package_identification:_identify(ros_log) by extension 'colcon_pkg'
[0.199s] Level 1:colcon.colcon_core.package_identification:_identify(ros_log) by extensions ['colcon_meta']
[0.199s] Level 1:colcon.colcon_core.package_identification:_identify(ros_log) by extension 'colcon_meta'
[0.199s] Level 1:colcon.colcon_core.package_identification:_identify(ros_log) by extensions ['ros']
[0.199s] Level 1:colcon.colcon_core.package_identification:_identify(ros_log) by extension 'ros'
[0.199s] Level 1:colcon.colcon_core.package_identification:_identify(ros_log) by extensions ['cmake', 'python']
[0.199s] Level 1:colcon.colcon_core.package_identification:_identify(ros_log) by extension 'cmake'
[0.199s] Level 1:colcon.colcon_core.package_identification:_identify(ros_log) by extension 'python'
[0.199s] Level 1:colcon.colcon_core.package_identification:_identify(ros_log) by extensions ['python_setup_py']
[0.199s] Level 1:colcon.colcon_core.package_identification:_identify(ros_log) by extension 'python_setup_py'
[0.199s] Level 1:colcon.colcon_core.package_identification:_identify(src) by extensions ['ignore', 'ignore_ament_install']
[0.199s] Level 1:colcon.colcon_core.package_identification:_identify(src) by extension 'ignore'
[0.199s] Level 1:colcon.colcon_core.package_identification:_identify(src) by extension 'ignore_ament_install'
[0.199s] Level 1:colcon.colcon_core.package_identification:_identify(src) by extensions ['colcon_pkg']
[0.199s] Level 1:colcon.colcon_core.package_identification:_identify(src) by extension 'colcon_pkg'
[0.199s] Level 1:colcon.colcon_core.package_identification:_identify(src) by extensions ['colcon_meta']
[0.199s] Level 1:colcon.colcon_core.package_identification:_identify(src) by extension 'colcon_meta'
[0.199s] Level 1:colcon.colcon_core.package_identification:_identify(src) by extensions ['ros']
[0.199s] Level 1:colcon.colcon_core.package_identification:_identify(src) by extension 'ros'
[0.199s] Level 1:colcon.colcon_core.package_identification:_identify(src) by extensions ['cmake', 'python']
[0.199s] Level 1:colcon.colcon_core.package_identification:_identify(src) by extension 'cmake'
[0.199s] Level 1:colcon.colcon_core.package_identification:_identify(src) by extension 'python'
[0.199s] Level 1:colcon.colcon_core.package_identification:_identify(src) by extensions ['python_setup_py']
[0.199s] Level 1:colcon.colcon_core.package_identification:_identify(src) by extension 'python_setup_py'
[0.199s] Level 1:colcon.colcon_core.package_identification:_identify(src/GRU-Model) by extensions ['ignore', 'ignore_ament_install']
[0.199s] Level 1:colcon.colcon_core.package_identification:_identify(src/GRU-Model) by extension 'ignore'
[0.199s] Level 1:colcon.colcon_core.package_identification:_identify(src/GRU-Model) by extension 'ignore_ament_install'
[0.199s] Level 1:colcon.colcon_core.package_identification:_identify(src/GRU-Model) by extensions ['colcon_pkg']
[0.199s] Level 1:colcon.colcon_core.package_identification:_identify(src/GRU-Model) by extension 'colcon_pkg'
[0.199s] Level 1:colcon.colcon_core.package_identification:_identify(src/GRU-Model) by extensions ['colcon_meta']
[0.199s] Level 1:colcon.colcon_core.package_identification:_identify(src/GRU-Model) by extension 'colcon_meta'
[0.199s] Level 1:colcon.colcon_core.package_identification:_identify(src/GRU-Model) by extensions ['ros']
[0.199s] Level 1:colcon.colcon_core.package_identification:_identify(src/GRU-Model) by extension 'ros'
[0.199s] Level 1:colcon.colcon_core.package_identification:_identify(src/GRU-Model) by extensions ['cmake', 'python']
[0.199s] Level 1:colcon.colcon_core.package_identification:_identify(src/GRU-Model) by extension 'cmake'
[0.199s] Level 1:colcon.colcon_core.package_identification:_identify(src/GRU-Model) by extension 'python'
[0.199s] Level 1:colcon.colcon_core.package_identification:_identify(src/GRU-Model) by extensions ['python_setup_py']
[0.200s] Level 1:colcon.colcon_core.package_identification:_identify(src/GRU-Model) by extension 'python_setup_py'
[0.200s] Level 1:colcon.colcon_core.package_identification:_identify(src/GRU-Model/Best_Autoregressive) by extensions ['ignore', 'ignore_ament_install']
[0.200s] Level 1:colcon.colcon_core.package_identification:_identify(src/GRU-Model/Best_Autoregressive) by extension 'ignore'
[0.200s] Level 1:colcon.colcon_core.package_identification:_identify(src/GRU-Model/Best_Autoregressive) by extension 'ignore_ament_install'
[0.200s] Level 1:colcon.colcon_core.package_identification:_identify(src/GRU-Model/Best_Autoregressive) by extensions ['colcon_pkg']
[0.200s] Level 1:colcon.colcon_core.package_identification:_identify(src/GRU-Model/Best_Autoregressive) by extension 'colcon_pkg'
[0.200s] Level 1:colcon.colcon_core.package_identification:_identify(src/GRU-Model/Best_Autoregressive) by extensions ['colcon_meta']
[0.200s] Level 1:colcon.colcon_core.package_identification:_identify(src/GRU-Model/Best_Autoregressive) by extension 'colcon_meta'
[0.200s] Level 1:colcon.colcon_core.package_identification:_identify(src/GRU-Model/Best_Autoregressive) by extensions ['ros']
[0.200s] Level 1:colcon.colcon_core.package_identification:_identify(src/GRU-Model/Best_Autoregressive) by extension 'ros'
[0.200s] Level 1:colcon.colcon_core.package_identification:_identify(src/GRU-Model/Best_Autoregressive) by extensions ['cmake', 'python']
[0.200s] Level 1:colcon.colcon_core.package_identification:_identify(src/GRU-Model/Best_Autoregressive) by extension 'cmake'
[0.200s] Level 1:colcon.colcon_core.package_identification:_identify(src/GRU-Model/Best_Autoregressive) by extension 'python'
[0.200s] Level 1:colcon.colcon_core.package_identification:_identify(src/GRU-Model/Best_Autoregressive) by extensions ['python_setup_py']
[0.200s] Level 1:colcon.colcon_core.package_identification:_identify(src/GRU-Model/Best_Autoregressive) by extension 'python_setup_py'
[0.200s] Level 1:colcon.colcon_core.package_identification:_identify(src/coord_transform) by extensions ['ignore', 'ignore_ament_install']
[0.200s] Level 1:colcon.colcon_core.package_identification:_identify(src/coord_transform) by extension 'ignore'
[0.200s] Level 1:colcon.colcon_core.package_identification:_identify(src/coord_transform) by extension 'ignore_ament_install'
[0.200s] Level 1:colcon.colcon_core.package_identification:_identify(src/coord_transform) by extensions ['colcon_pkg']
[0.200s] Level 1:colcon.colcon_core.package_identification:_identify(src/coord_transform) by extension 'colcon_pkg'
[0.200s] Level 1:colcon.colcon_core.package_identification:_identify(src/coord_transform) by extensions ['colcon_meta']
[0.200s] Level 1:colcon.colcon_core.package_identification:_identify(src/coord_transform) by extension 'colcon_meta'
[0.200s] Level 1:colcon.colcon_core.package_identification:_identify(src/coord_transform) by extensions ['ros']
[0.200s] Level 1:colcon.colcon_core.package_identification:_identify(src/coord_transform) by extension 'ros'
[0.201s] DEBUG:colcon.colcon_core.package_identification:Package 'src/coord_transform' with type 'ros.ament_python' and name 'coord_transform'
[0.201s] Level 1:colcon.colcon_core.package_identification:_identify(src/experiment_logger) by extensions ['ignore', 'ignore_ament_install']
[0.201s] Level 1:colcon.colcon_core.package_identification:_identify(src/experiment_logger) by extension 'ignore'
[0.202s] Level 1:colcon.colcon_core.package_identification:_identify(src/experiment_logger) by extension 'ignore_ament_install'
[0.202s] Level 1:colcon.colcon_core.package_identification:_identify(src/experiment_logger) by extensions ['colcon_pkg']
[0.202s] Level 1:colcon.colcon_core.package_identification:_identify(src/experiment_logger) by extension 'colcon_pkg'
[0.202s] Level 1:colcon.colcon_core.package_identification:_identify(src/experiment_logger) by extensions ['colcon_meta']
[0.202s] Level 1:colcon.colcon_core.package_identification:_identify(src/experiment_logger) by extension 'colcon_meta'
[0.202s] Level 1:colcon.colcon_core.package_identification:_identify(src/experiment_logger) by extensions ['ros']
[0.202s] Level 1:colcon.colcon_core.package_identification:_identify(src/experiment_logger) by extension 'ros'
[0.203s] DEBUG:colcon.colcon_core.package_identification:Package 'src/experiment_logger' with type 'ros.ament_python' and name 'experiment_logger'
[0.203s] Level 1:colcon.colcon_core.package_identification:_identify(src/hc10dtp_bringup) by extensions ['ignore', 'ignore_ament_install']
[0.203s] Level 1:colcon.colcon_core.package_identification:_identify(src/hc10dtp_bringup) by extension 'ignore'
[0.203s] Level 1:colcon.colcon_core.package_identification:_identify(src/hc10dtp_bringup) by extension 'ignore_ament_install'
[0.203s] Level 1:colcon.colcon_core.package_identification:_identify(src/hc10dtp_bringup) by extensions ['colcon_pkg']
[0.203s] Level 1:colcon.colcon_core.package_identification:_identify(src/hc10dtp_bringup) by extension 'colcon_pkg'
[0.203s] Level 1:colcon.colcon_core.package_identification:_identify(src/hc10dtp_bringup) by extensions ['colcon_meta']
[0.203s] Level 1:colcon.colcon_core.package_identification:_identify(src/hc10dtp_bringup) by extension 'colcon_meta'
[0.203s] Level 1:colcon.colcon_core.package_identification:_identify(src/hc10dtp_bringup) by extensions ['ros']
[0.203s] Level 1:colcon.colcon_core.package_identification:_identify(src/hc10dtp_bringup) by extension 'ros'
[0.203s] DEBUG:colcon.colcon_core.package_identification:Package 'src/hc10dtp_bringup' with type 'ros.ament_cmake' and name 'hc10dtp_bringup'
[0.203s] Level 1:colcon.colcon_core.package_identification:_identify(src/hc10dtp_moveit_config) by extensions ['ignore', 'ignore_ament_install']
[0.203s] Level 1:colcon.colcon_core.package_identification:_identify(src/hc10dtp_moveit_config) by extension 'ignore'
[0.203s] Level 1:colcon.colcon_core.package_identification:_identify(src/hc10dtp_moveit_config) by extension 'ignore_ament_install'
[0.203s] Level 1:colcon.colcon_core.package_identification:_identify(src/hc10dtp_moveit_config) by extensions ['colcon_pkg']
[0.203s] Level 1:colcon.colcon_core.package_identification:_identify(src/hc10dtp_moveit_config) by extension 'colcon_pkg'
[0.203s] Level 1:colcon.colcon_core.package_identification:_identify(src/hc10dtp_moveit_config) by extensions ['colcon_meta']
[0.203s] Level 1:colcon.colcon_core.package_identification:_identify(src/hc10dtp_moveit_config) by extension 'colcon_meta'
[0.203s] Level 1:colcon.colcon_core.package_identification:_identify(src/hc10dtp_moveit_config) by extensions ['ros']
[0.203s] Level 1:colcon.colcon_core.package_identification:_identify(src/hc10dtp_moveit_config) by extension 'ros'
[0.204s] DEBUG:colcon.colcon_core.package_identification:Package 'src/hc10dtp_moveit_config' with type 'ros.ament_cmake' and name 'hc10dtp_moveit_config'
[0.204s] Level 1:colcon.colcon_core.package_identification:_identify(src/hc10dtp_simulation) by extensions ['ignore', 'ignore_ament_install']
[0.204s] Level 1:colcon.colcon_core.package_identification:_identify(src/hc10dtp_simulation) by extension 'ignore'
[0.204s] Level 1:colcon.colcon_core.package_identification:_identify(src/hc10dtp_simulation) by extension 'ignore_ament_install'
[0.204s] Level 1:colcon.colcon_core.package_identification:_identify(src/hc10dtp_simulation) by extensions ['colcon_pkg']
[0.204s] Level 1:colcon.colcon_core.package_identification:_identify(src/hc10dtp_simulation) by extension 'colcon_pkg'
[0.204s] Level 1:colcon.colcon_core.package_identification:_identify(src/hc10dtp_simulation) by extensions ['colcon_meta']
[0.204s] Level 1:colcon.colcon_core.package_identification:_identify(src/hc10dtp_simulation) by extension 'colcon_meta'
[0.204s] Level 1:colcon.colcon_core.package_identification:_identify(src/hc10dtp_simulation) by extensions ['ros']
[0.204s] Level 1:colcon.colcon_core.package_identification:_identify(src/hc10dtp_simulation) by extension 'ros'
[0.204s] DEBUG:colcon.colcon_core.package_identification:Package 'src/hc10dtp_simulation' with type 'ros.ament_cmake' and name 'hc10dtp_simulation'
[0.205s] Level 1:colcon.colcon_core.package_identification:_identify(src/hrc_bringup) by extensions ['ignore', 'ignore_ament_install']
[0.205s] Level 1:colcon.colcon_core.package_identification:_identify(src/hrc_bringup) by extension 'ignore'
[0.205s] Level 1:colcon.colcon_core.package_identification:_identify(src/hrc_bringup) by extension 'ignore_ament_install'
[0.205s] Level 1:colcon.colcon_core.package_identification:_identify(src/hrc_bringup) by extensions ['colcon_pkg']
[0.205s] Level 1:colcon.colcon_core.package_identification:_identify(src/hrc_bringup) by extension 'colcon_pkg'
[0.205s] Level 1:colcon.colcon_core.package_identification:_identify(src/hrc_bringup) by extensions ['colcon_meta']
[0.205s] Level 1:colcon.colcon_core.package_identification:_identify(src/hrc_bringup) by extension 'colcon_meta'
[0.205s] Level 1:colcon.colcon_core.package_identification:_identify(src/hrc_bringup) by extensions ['ros']
[0.205s] Level 1:colcon.colcon_core.package_identification:_identify(src/hrc_bringup) by extension 'ros'
[0.205s] DEBUG:colcon.colcon_core.package_identification:Package 'src/hrc_bringup' with type 'ros.ament_cmake' and name 'hrc_bringup'
[0.205s] Level 1:colcon.colcon_core.package_identification:_identify(src/human_hand_msgs) by extensions ['ignore', 'ignore_ament_install']
[0.205s] Level 1:colcon.colcon_core.package_identification:_identify(src/human_hand_msgs) by extension 'ignore'
[0.205s] Level 1:colcon.colcon_core.package_identification:_identify(src/human_hand_msgs) by extension 'ignore_ament_install'
[0.205s] Level 1:colcon.colcon_core.package_identification:_identify(src/human_hand_msgs) by extensions ['colcon_pkg']
[0.205s] Level 1:colcon.colcon_core.package_identification:_identify(src/human_hand_msgs) by extension 'colcon_pkg'
[0.205s] Level 1:colcon.colcon_core.package_identification:_identify(src/human_hand_msgs) by extensions ['colcon_meta']
[0.205s] Level 1:colcon.colcon_core.package_identification:_identify(src/human_hand_msgs) by extension 'colcon_meta'
[0.205s] Level 1:colcon.colcon_core.package_identification:_identify(src/human_hand_msgs) by extensions ['ros']
[0.205s] Level 1:colcon.colcon_core.package_identification:_identify(src/human_hand_msgs) by extension 'ros'
[0.206s] DEBUG:colcon.colcon_core.package_identification:Package 'src/human_hand_msgs' with type 'ros.catkin' and name 'human_hand_msgs'
[0.206s] Level 1:colcon.colcon_core.package_identification:_identify(src/kinect2_ros2) by extensions ['ignore', 'ignore_ament_install']
[0.206s] Level 1:colcon.colcon_core.package_identification:_identify(src/kinect2_ros2) by extension 'ignore'
[0.206s] Level 1:colcon.colcon_core.package_identification:_identify(src/kinect2_ros2) by extension 'ignore_ament_install'
[0.206s] Level 1:colcon.colcon_core.package_identification:_identify(src/kinect2_ros2) by extensions ['colcon_pkg']
[0.206s] Level 1:colcon.colcon_core.package_identification:_identify(src/kinect2_ros2) by extension 'colcon_pkg'
[0.206s] Level 1:colcon.colcon_core.package_identification:_identify(src/kinect2_ros2) by extensions ['colcon_meta']
[0.206s] Level 1:colcon.colcon_core.package_identification:_identify(src/kinect2_ros2) by extension 'colcon_meta'
[0.206s] Level 1:colcon.colcon_core.package_identification:_identify(src/kinect2_ros2) by extensions ['ros']
[0.206s] Level 1:colcon.colcon_core.package_identification:_identify(src/kinect2_ros2) by extension 'ros'
[0.206s] Level 1:colcon.colcon_core.package_identification:_identify(src/kinect2_ros2) by extensions ['cmake', 'python']
[0.206s] Level 1:colcon.colcon_core.package_identification:_identify(src/kinect2_ros2) by extension 'cmake'
[0.206s] Level 1:colcon.colcon_core.package_identification:_identify(src/kinect2_ros2) by extension 'python'
[0.206s] Level 1:colcon.colcon_core.package_identification:_identify(src/kinect2_ros2) by extensions ['python_setup_py']
[0.206s] Level 1:colcon.colcon_core.package_identification:_identify(src/kinect2_ros2) by extension 'python_setup_py'
[0.206s] Level 1:colcon.colcon_core.package_identification:_identify(src/kinect2_ros2/kinect2_bridge) by extensions ['ignore', 'ignore_ament_install']
[0.206s] Level 1:colcon.colcon_core.package_identification:_identify(src/kinect2_ros2/kinect2_bridge) by extension 'ignore'
[0.206s] Level 1:colcon.colcon_core.package_identification:_identify(src/kinect2_ros2/kinect2_bridge) by extension 'ignore_ament_install'
[0.206s] Level 1:colcon.colcon_core.package_identification:_identify(src/kinect2_ros2/kinect2_bridge) by extensions ['colcon_pkg']
[0.206s] Level 1:colcon.colcon_core.package_identification:_identify(src/kinect2_ros2/kinect2_bridge) by extension 'colcon_pkg'
[0.206s] Level 1:colcon.colcon_core.package_identification:_identify(src/kinect2_ros2/kinect2_bridge) by extensions ['colcon_meta']
[0.206s] Level 1:colcon.colcon_core.package_identification:_identify(src/kinect2_ros2/kinect2_bridge) by extension 'colcon_meta'
[0.206s] Level 1:colcon.colcon_core.package_identification:_identify(src/kinect2_ros2/kinect2_bridge) by extensions ['ros']
[0.206s] Level 1:colcon.colcon_core.package_identification:_identify(src/kinect2_ros2/kinect2_bridge) by extension 'ros'
[0.207s] DEBUG:colcon.colcon_core.package_identification:Package 'src/kinect2_ros2/kinect2_bridge' with type 'ros.ament_cmake' and name 'kinect2_bridge'
[0.207s] Level 1:colcon.colcon_core.package_identification:_identify(src/kinect2_ros2/kinect2_calibration) by extensions ['ignore', 'ignore_ament_install']
[0.207s] Level 1:colcon.colcon_core.package_identification:_identify(src/kinect2_ros2/kinect2_calibration) by extension 'ignore'
[0.207s] Level 1:colcon.colcon_core.package_identification:_identify(src/kinect2_ros2/kinect2_calibration) by extension 'ignore_ament_install'
[0.207s] Level 1:colcon.colcon_core.package_identification:_identify(src/kinect2_ros2/kinect2_calibration) by extensions ['colcon_pkg']
[0.207s] Level 1:colcon.colcon_core.package_identification:_identify(src/kinect2_ros2/kinect2_calibration) by extension 'colcon_pkg'
[0.207s] Level 1:colcon.colcon_core.package_identification:_identify(src/kinect2_ros2/kinect2_calibration) by extensions ['colcon_meta']
[0.207s] Level 1:colcon.colcon_core.package_identification:_identify(src/kinect2_ros2/kinect2_calibration) by extension 'colcon_meta'
[0.207s] Level 1:colcon.colcon_core.package_identification:_identify(src/kinect2_ros2/kinect2_calibration) by extensions ['ros']
[0.207s] Level 1:colcon.colcon_core.package_identification:_identify(src/kinect2_ros2/kinect2_calibration) by extension 'ros'
[0.207s] DEBUG:colcon.colcon_core.package_identification:Package 'src/kinect2_ros2/kinect2_calibration' with type 'ros.ament_cmake' and name 'kinect2_calibration'
[0.208s] Level 1:colcon.colcon_core.package_identification:_identify(src/kinect2_ros2/kinect2_registration) by extensions ['ignore', 'ignore_ament_install']
[0.208s] Level 1:colcon.colcon_core.package_identification:_identify(src/kinect2_ros2/kinect2_registration) by extension 'ignore'
[0.208s] Level 1:colcon.colcon_core.package_identification:_identify(src/kinect2_ros2/kinect2_registration) by extension 'ignore_ament_install'
[0.208s] Level 1:colcon.colcon_core.package_identification:_identify(src/kinect2_ros2/kinect2_registration) by extensions ['colcon_pkg']
[0.208s] Level 1:colcon.colcon_core.package_identification:_identify(src/kinect2_ros2/kinect2_registration) by extension 'colcon_pkg'
[0.208s] Level 1:colcon.colcon_core.package_identification:_identify(src/kinect2_ros2/kinect2_registration) by extensions ['colcon_meta']
[0.208s] Level 1:colcon.colcon_core.package_identification:_identify(src/kinect2_ros2/kinect2_registration) by extension 'colcon_meta'
[0.208s] Level 1:colcon.colcon_core.package_identification:_identify(src/kinect2_ros2/kinect2_registration) by extensions ['ros']
[0.208s] Level 1:colcon.colcon_core.package_identification:_identify(src/kinect2_ros2/kinect2_registration) by extension 'ros'
[0.208s] DEBUG:colcon.colcon_core.package_identification:Package 'src/kinect2_ros2/kinect2_registration' with type 'ros.ament_cmake' and name 'kinect2_registration'
[0.208s] Level 1:colcon.colcon_core.package_identification:_identify(src/kinect_tracker) by extensions ['ignore', 'ignore_ament_install']
[0.208s] Level 1:colcon.colcon_core.package_identification:_identify(src/kinect_tracker) by extension 'ignore'
[0.208s] Level 1:colcon.colcon_core.package_identification:_identify(src/kinect_tracker) by extension 'ignore_ament_install'
[0.208s] Level 1:colcon.colcon_core.package_identification:_identify(src/kinect_tracker) by extensions ['colcon_pkg']
[0.208s] Level 1:colcon.colcon_core.package_identification:_identify(src/kinect_tracker) by extension 'colcon_pkg'
[0.208s] Level 1:colcon.colcon_core.package_identification:_identify(src/kinect_tracker) by extensions ['colcon_meta']
[0.208s] Level 1:colcon.colcon_core.package_identification:_identify(src/kinect_tracker) by extension 'colcon_meta'
[0.208s] Level 1:colcon.colcon_core.package_identification:_identify(src/kinect_tracker) by extensions ['ros']
[0.208s] Level 1:colcon.colcon_core.package_identification:_identify(src/kinect_tracker) by extension 'ros'
[0.209s] DEBUG:colcon.colcon_core.package_identification:Package 'src/kinect_tracker' with type 'ros.ament_python' and name 'kinect_tracker'
[0.209s] Level 1:colcon.colcon_core.package_identification:_identify(src/motoman_hc10dtp_support) by extensions ['ignore', 'ignore_ament_install']
[0.209s] Level 1:colcon.colcon_core.package_identification:_identify(src/motoman_hc10dtp_support) by extension 'ignore'
[0.209s] Level 1:colcon.colcon_core.package_identification:_identify(src/motoman_hc10dtp_support) by extension 'ignore_ament_install'
[0.209s] Level 1:colcon.colcon_core.package_identification:_identify(src/motoman_hc10dtp_support) by extensions ['colcon_pkg']
[0.209s] Level 1:colcon.colcon_core.package_identification:_identify(src/motoman_hc10dtp_support) by extension 'colcon_pkg'
[0.209s] Level 1:colcon.colcon_core.package_identification:_identify(src/motoman_hc10dtp_support) by extensions ['colcon_meta']
[0.209s] Level 1:colcon.colcon_core.package_identification:_identify(src/motoman_hc10dtp_support) by extension 'colcon_meta'
[0.209s] Level 1:colcon.colcon_core.package_identification:_identify(src/motoman_hc10dtp_support) by extensions ['ros']
[0.209s] Level 1:colcon.colcon_core.package_identification:_identify(src/motoman_hc10dtp_support) by extension 'ros'
[0.209s] DEBUG:colcon.colcon_core.package_identification:Package 'src/motoman_hc10dtp_support' with type 'ros.ament_cmake' and name 'motoman_hc10dtp_support'
[0.209s] Level 1:colcon.colcon_core.package_identification:_identify(src/motoman_ros2_support_packages) by extensions ['ignore', 'ignore_ament_install']
[0.209s] Level 1:colcon.colcon_core.package_identification:_identify(src/motoman_ros2_support_packages) by extension 'ignore'
[0.209s] Level 1:colcon.colcon_core.package_identification:_identify(src/motoman_ros2_support_packages) by extension 'ignore_ament_install'
[0.209s] Level 1:colcon.colcon_core.package_identification:_identify(src/motoman_ros2_support_packages) by extensions ['colcon_pkg']
[0.209s] Level 1:colcon.colcon_core.package_identification:_identify(src/motoman_ros2_support_packages) by extension 'colcon_pkg'
[0.209s] Level 1:colcon.colcon_core.package_identification:_identify(src/motoman_ros2_support_packages) by extensions ['colcon_meta']
[0.209s] Level 1:colcon.colcon_core.package_identification:_identify(src/motoman_ros2_support_packages) by extension 'colcon_meta'
[0.209s] Level 1:colcon.colcon_core.package_identification:_identify(src/motoman_ros2_support_packages) by extensions ['ros']
[0.209s] Level 1:colcon.colcon_core.package_identification:_identify(src/motoman_ros2_support_packages) by extension 'ros'
[0.209s] Level 1:colcon.colcon_core.package_identification:_identify(src/motoman_ros2_support_packages) by extensions ['cmake', 'python']
[0.209s] Level 1:colcon.colcon_core.package_identification:_identify(src/motoman_ros2_support_packages) by extension 'cmake'
[0.210s] Level 1:colcon.colcon_core.package_identification:_identify(src/motoman_ros2_support_packages) by extension 'python'
[0.210s] Level 1:colcon.colcon_core.package_identification:_identify(src/motoman_ros2_support_packages) by extensions ['python_setup_py']
[0.210s] Level 1:colcon.colcon_core.package_identification:_identify(src/motoman_ros2_support_packages) by extension 'python_setup_py'
[0.210s] Level 1:colcon.colcon_core.package_identification:_identify(src/motoman_ros2_support_packages/motoman) by extensions ['ignore', 'ignore_ament_install']
[0.210s] Level 1:colcon.colcon_core.package_identification:_identify(src/motoman_ros2_support_packages/motoman) by extension 'ignore'
[0.210s] Level 1:colcon.colcon_core.package_identification:_identify(src/motoman_ros2_support_packages/motoman) by extension 'ignore_ament_install'
[0.210s] Level 1:colcon.colcon_core.package_identification:_identify(src/motoman_ros2_support_packages/motoman) by extensions ['colcon_pkg']
[0.210s] Level 1:colcon.colcon_core.package_identification:_identify(src/motoman_ros2_support_packages/motoman) by extension 'colcon_pkg'
[0.210s] Level 1:colcon.colcon_core.package_identification:_identify(src/motoman_ros2_support_packages/motoman) by extensions ['colcon_meta']
[0.210s] Level 1:colcon.colcon_core.package_identification:_identify(src/motoman_ros2_support_packages/motoman) by extension 'colcon_meta'
[0.210s] Level 1:colcon.colcon_core.package_identification:_identify(src/motoman_ros2_support_packages/motoman) by extensions ['ros']
[0.210s] Level 1:colcon.colcon_core.package_identification:_identify(src/motoman_ros2_support_packages/motoman) by extension 'ros'
[0.210s] DEBUG:colcon.colcon_core.package_identification:Package 'src/motoman_ros2_support_packages/motoman' with type 'ros.ament_cmake' and name 'motoman'
[0.210s] Level 1:colcon.colcon_core.package_identification:_identify(src/motoman_ros2_support_packages/motoman_ar2010_support) by extensions ['ignore', 'ignore_ament_install']
[0.210s] Level 1:colcon.colcon_core.package_identification:_identify(src/motoman_ros2_support_packages/motoman_ar2010_support) by extension 'ignore'
[0.210s] Level 1:colcon.colcon_core.package_identification:_identify(src/motoman_ros2_support_packages/motoman_ar2010_support) by extension 'ignore_ament_install'
[0.210s] Level 1:colcon.colcon_core.package_identification:_identify(src/motoman_ros2_support_packages/motoman_ar2010_support) by extensions ['colcon_pkg']
[0.210s] Level 1:colcon.colcon_core.package_identification:_identify(src/motoman_ros2_support_packages/motoman_ar2010_support) by extension 'colcon_pkg'
[0.210s] Level 1:colcon.colcon_core.package_identification:_identify(src/motoman_ros2_support_packages/motoman_ar2010_support) by extensions ['colcon_meta']
[0.210s] Level 1:colcon.colcon_core.package_identification:_identify(src/motoman_ros2_support_packages/motoman_ar2010_support) by extension 'colcon_meta'
[0.211s] Level 1:colcon.colcon_core.package_identification:_identify(src/motoman_ros2_support_packages/motoman_ar2010_support) by extensions ['ros']
[0.211s] Level 1:colcon.colcon_core.package_identification:_identify(src/motoman_ros2_support_packages/motoman_ar2010_support) by extension 'ros'
[0.211s] DEBUG:colcon.colcon_core.package_identification:Package 'src/motoman_ros2_support_packages/motoman_ar2010_support' with type 'ros.ament_cmake' and name 'motoman_ar2010_support'
[0.211s] Level 1:colcon.colcon_core.package_identification:_identify(src/motoman_ros2_support_packages/motoman_es_support) by extensions ['ignore', 'ignore_ament_install']
[0.211s] Level 1:colcon.colcon_core.package_identification:_identify(src/motoman_ros2_support_packages/motoman_es_support) by extension 'ignore'
[0.211s] Level 1:colcon.colcon_core.package_identification:_identify(src/motoman_ros2_support_packages/motoman_es_support) by extension 'ignore_ament_install'
[0.211s] Level 1:colcon.colcon_core.package_identification:_identify(src/motoman_ros2_support_packages/motoman_es_support) by extensions ['colcon_pkg']
[0.211s] Level 1:colcon.colcon_core.package_identification:_identify(src/motoman_ros2_support_packages/motoman_es_support) by extension 'colcon_pkg'
[0.211s] Level 1:colcon.colcon_core.package_identification:_identify(src/motoman_ros2_support_packages/motoman_es_support) by extensions ['colcon_meta']
[0.211s] Level 1:colcon.colcon_core.package_identification:_identify(src/motoman_ros2_support_packages/motoman_es_support) by extension 'colcon_meta'
[0.211s] Level 1:colcon.colcon_core.package_identification:_identify(src/motoman_ros2_support_packages/motoman_es_support) by extensions ['ros']
[0.211s] Level 1:colcon.colcon_core.package_identification:_identify(src/motoman_ros2_support_packages/motoman_es_support) by extension 'ros'
[0.212s] DEBUG:colcon.colcon_core.package_identification:Package 'src/motoman_ros2_support_packages/motoman_es_support' with type 'ros.ament_cmake' and name 'motoman_es_support'
[0.212s] Level 1:colcon.colcon_core.package_identification:_identify(src/motoman_ros2_support_packages/motoman_gp110_support) by extensions ['ignore', 'ignore_ament_install']
[0.212s] Level 1:colcon.colcon_core.package_identification:_identify(src/motoman_ros2_support_packages/motoman_gp110_support) by extension 'ignore'
[0.212s] Level 1:colcon.colcon_core.package_identification:_identify(src/motoman_ros2_support_packages/motoman_gp110_support) by extension 'ignore_ament_install'
[0.212s] Level 1:colcon.colcon_core.package_identification:_identify(src/motoman_ros2_support_packages/motoman_gp110_support) by extensions ['colcon_pkg']
[0.212s] Level 1:colcon.colcon_core.package_identification:_identify(src/motoman_ros2_support_packages/motoman_gp110_support) by extension 'colcon_pkg'
[0.212s] Level 1:colcon.colcon_core.package_identification:_identify(src/motoman_ros2_support_packages/motoman_gp110_support) by extensions ['colcon_meta']
[0.212s] Level 1:colcon.colcon_core.package_identification:_identify(src/motoman_ros2_support_packages/motoman_gp110_support) by extension 'colcon_meta'
[0.212s] Level 1:colcon.colcon_core.package_identification:_identify(src/motoman_ros2_support_packages/motoman_gp110_support) by extensions ['ros']
[0.212s] Level 1:colcon.colcon_core.package_identification:_identify(src/motoman_ros2_support_packages/motoman_gp110_support) by extension 'ros'
[0.212s] DEBUG:colcon.colcon_core.package_identification:Package 'src/motoman_ros2_support_packages/motoman_gp110_support' with type 'ros.ament_cmake' and name 'motoman_gp110_support'
[0.212s] Level 1:colcon.colcon_core.package_identification:_identify(src/motoman_ros2_support_packages/motoman_gp12_support) by extensions ['ignore', 'ignore_ament_install']
[0.212s] Level 1:colcon.colcon_core.package_identification:_identify(src/motoman_ros2_support_packages/motoman_gp12_support) by extension 'ignore'
[0.212s] Level 1:colcon.colcon_core.package_identification:_identify(src/motoman_ros2_support_packages/motoman_gp12_support) by extension 'ignore_ament_install'
[0.212s] Level 1:colcon.colcon_core.package_identification:_identify(src/motoman_ros2_support_packages/motoman_gp12_support) by extensions ['colcon_pkg']
[0.212s] Level 1:colcon.colcon_core.package_identification:_identify(src/motoman_ros2_support_packages/motoman_gp12_support) by extension 'colcon_pkg'
[0.212s] Level 1:colcon.colcon_core.package_identification:_identify(src/motoman_ros2_support_packages/motoman_gp12_support) by extensions ['colcon_meta']
[0.212s] Level 1:colcon.colcon_core.package_identification:_identify(src/motoman_ros2_support_packages/motoman_gp12_support) by extension 'colcon_meta'
[0.212s] Level 1:colcon.colcon_core.package_identification:_identify(src/motoman_ros2_support_packages/motoman_gp12_support) by extensions ['ros']
[0.212s] Level 1:colcon.colcon_core.package_identification:_identify(src/motoman_ros2_support_packages/motoman_gp12_support) by extension 'ros'
[0.213s] DEBUG:colcon.colcon_core.package_identification:Package 'src/motoman_ros2_support_packages/motoman_gp12_support' with type 'ros.ament_cmake' and name 'motoman_gp12_support'
[0.213s] Level 1:colcon.colcon_core.package_identification:_identify(src/motoman_ros2_support_packages/motoman_gp165r_support) by extensions ['ignore', 'ignore_ament_install']
[0.213s] Level 1:colcon.colcon_core.package_identification:_identify(src/motoman_ros2_support_packages/motoman_gp165r_support) by extension 'ignore'
[0.213s] Level 1:colcon.colcon_core.package_identification:_identify(src/motoman_ros2_support_packages/motoman_gp165r_support) by extension 'ignore_ament_install'
[0.213s] Level 1:colcon.colcon_core.package_identification:_identify(src/motoman_ros2_support_packages/motoman_gp165r_support) by extensions ['colcon_pkg']
[0.213s] Level 1:colcon.colcon_core.package_identification:_identify(src/motoman_ros2_support_packages/motoman_gp165r_support) by extension 'colcon_pkg'
[0.213s] Level 1:colcon.colcon_core.package_identification:_identify(src/motoman_ros2_support_packages/motoman_gp165r_support) by extensions ['colcon_meta']
[0.213s] Level 1:colcon.colcon_core.package_identification:_identify(src/motoman_ros2_support_packages/motoman_gp165r_support) by extension 'colcon_meta'
[0.213s] Level 1:colcon.colcon_core.package_identification:_identify(src/motoman_ros2_support_packages/motoman_gp165r_support) by extensions ['ros']
[0.213s] Level 1:colcon.colcon_core.package_identification:_identify(src/motoman_ros2_support_packages/motoman_gp165r_support) by extension 'ros'
[0.213s] DEBUG:colcon.colcon_core.package_identification:Package 'src/motoman_ros2_support_packages/motoman_gp165r_support' with type 'ros.ament_cmake' and name 'motoman_gp165r_support'
[0.214s] Level 1:colcon.colcon_core.package_identification:_identify(src/motoman_ros2_support_packages/motoman_gp180_support) by extensions ['ignore', 'ignore_ament_install']
[0.214s] Level 1:colcon.colcon_core.package_identification:_identify(src/motoman_ros2_support_packages/motoman_gp180_support) by extension 'ignore'
[0.214s] Level 1:colcon.colcon_core.package_identification:_identify(src/motoman_ros2_support_packages/motoman_gp180_support) by extension 'ignore_ament_install'
[0.214s] Level 1:colcon.colcon_core.package_identification:_identify(src/motoman_ros2_support_packages/motoman_gp180_support) by extensions ['colcon_pkg']
[0.214s] Level 1:colcon.colcon_core.package_identification:_identify(src/motoman_ros2_support_packages/motoman_gp180_support) by extension 'colcon_pkg'
[0.214s] Level 1:colcon.colcon_core.package_identification:_identify(src/motoman_ros2_support_packages/motoman_gp180_support) by extensions ['colcon_meta']
[0.214s] Level 1:colcon.colcon_core.package_identification:_identify(src/motoman_ros2_support_packages/motoman_gp180_support) by extension 'colcon_meta'
[0.214s] Level 1:colcon.colcon_core.package_identification:_identify(src/motoman_ros2_support_packages/motoman_gp180_support) by extensions ['ros']
[0.214s] Level 1:colcon.colcon_core.package_identification:_identify(src/motoman_ros2_support_packages/motoman_gp180_support) by extension 'ros'
[0.214s] DEBUG:colcon.colcon_core.package_identification:Package 'src/motoman_ros2_support_packages/motoman_gp180_support' with type 'ros.ament_cmake' and name 'motoman_gp180_support'
[0.214s] Level 1:colcon.colcon_core.package_identification:_identify(src/motoman_ros2_support_packages/motoman_gp200r_support) by extensions ['ignore', 'ignore_ament_install']
[0.214s] Level 1:colcon.colcon_core.package_identification:_identify(src/motoman_ros2_support_packages/motoman_gp200r_support) by extension 'ignore'
[0.214s] Level 1:colcon.colcon_core.package_identification:_identify(src/motoman_ros2_support_packages/motoman_gp200r_support) by extension 'ignore_ament_install'
[0.214s] Level 1:colcon.colcon_core.package_identification:_identify(src/motoman_ros2_support_packages/motoman_gp200r_support) by extensions ['colcon_pkg']
[0.214s] Level 1:colcon.colcon_core.package_identification:_identify(src/motoman_ros2_support_packages/motoman_gp200r_support) by extension 'colcon_pkg'
[0.214s] Level 1:colcon.colcon_core.package_identification:_identify(src/motoman_ros2_support_packages/motoman_gp200r_support) by extensions ['colcon_meta']
[0.214s] Level 1:colcon.colcon_core.package_identification:_identify(src/motoman_ros2_support_packages/motoman_gp200r_support) by extension 'colcon_meta'
[0.214s] Level 1:colcon.colcon_core.package_identification:_identify(src/motoman_ros2_support_packages/motoman_gp200r_support) by extensions ['ros']
[0.214s] Level 1:colcon.colcon_core.package_identification:_identify(src/motoman_ros2_support_packages/motoman_gp200r_support) by extension 'ros'
[0.215s] DEBUG:colcon.colcon_core.package_identification:Package 'src/motoman_ros2_support_packages/motoman_gp200r_support' with type 'ros.ament_cmake' and name 'motoman_gp200r_support'
[0.215s] Level 1:colcon.colcon_core.package_identification:_identify(src/motoman_ros2_support_packages/motoman_gp20hl_support) by extensions ['ignore', 'ignore_ament_install']
[0.215s] Level 1:colcon.colcon_core.package_identification:_identify(src/motoman_ros2_support_packages/motoman_gp20hl_support) by extension 'ignore'
[0.215s] Level 1:colcon.colcon_core.package_identification:_identify(src/motoman_ros2_support_packages/motoman_gp20hl_support) by extension 'ignore_ament_install'
[0.215s] Level 1:colcon.colcon_core.package_identification:_identify(src/motoman_ros2_support_packages/motoman_gp20hl_support) by extensions ['colcon_pkg']
[0.215s] Level 1:colcon.colcon_core.package_identification:_identify(src/motoman_ros2_support_packages/motoman_gp20hl_support) by extension 'colcon_pkg'
[0.215s] Level 1:colcon.colcon_core.package_identification:_identify(src/motoman_ros2_support_packages/motoman_gp20hl_support) by extensions ['colcon_meta']
[0.215s] Level 1:colcon.colcon_core.package_identification:_identify(src/motoman_ros2_support_packages/motoman_gp20hl_support) by extension 'colcon_meta'
[0.215s] Level 1:colcon.colcon_core.package_identification:_identify(src/motoman_ros2_support_packages/motoman_gp20hl_support) by extensions ['ros']
[0.215s] Level 1:colcon.colcon_core.package_identification:_identify(src/motoman_ros2_support_packages/motoman_gp20hl_support) by extension 'ros'
[0.215s] DEBUG:colcon.colcon_core.package_identification:Package 'src/motoman_ros2_support_packages/motoman_gp20hl_support' with type 'ros.ament_cmake' and name 'motoman_gp20hl_support'
[0.216s] Level 1:colcon.colcon_core.package_identification:_identify(src/motoman_ros2_support_packages/motoman_gp215_support) by extensions ['ignore', 'ignore_ament_install']
[0.216s] Level 1:colcon.colcon_core.package_identification:_identify(src/motoman_ros2_support_packages/motoman_gp215_support) by extension 'ignore'
[0.216s] Level 1:colcon.colcon_core.package_identification:_identify(src/motoman_ros2_support_packages/motoman_gp215_support) by extension 'ignore_ament_install'
[0.216s] Level 1:colcon.colcon_core.package_identification:_identify(src/motoman_ros2_support_packages/motoman_gp215_support) by extensions ['colcon_pkg']
[0.216s] Level 1:colcon.colcon_core.package_identification:_identify(src/motoman_ros2_support_packages/motoman_gp215_support) by extension 'colcon_pkg'
[0.216s] Level 1:colcon.colcon_core.package_identification:_identify(src/motoman_ros2_support_packages/motoman_gp215_support) by extensions ['colcon_meta']
[0.216s] Level 1:colcon.colcon_core.package_identification:_identify(src/motoman_ros2_support_packages/motoman_gp215_support) by extension 'colcon_meta'
[0.216s] Level 1:colcon.colcon_core.package_identification:_identify(src/motoman_ros2_support_packages/motoman_gp215_support) by extensions ['ros']
[0.216s] Level 1:colcon.colcon_core.package_identification:_identify(src/motoman_ros2_support_packages/motoman_gp215_support) by extension 'ros'
[0.216s] DEBUG:colcon.colcon_core.package_identification:Package 'src/motoman_ros2_support_packages/motoman_gp215_support' with type 'ros.ament_cmake' and name 'motoman_gp215_support'
[0.216s] Level 1:colcon.colcon_core.package_identification:_identify(src/motoman_ros2_support_packages/motoman_gp225_support) by extensions ['ignore', 'ignore_ament_install']
[0.216s] Level 1:colcon.colcon_core.package_identification:_identify(src/motoman_ros2_support_packages/motoman_gp225_support) by extension 'ignore'
[0.216s] Level 1:colcon.colcon_core.package_identification:_identify(src/motoman_ros2_support_packages/motoman_gp225_support) by extension 'ignore_ament_install'
[0.216s] Level 1:colcon.colcon_core.package_identification:_identify(src/motoman_ros2_support_packages/motoman_gp225_support) by extensions ['colcon_pkg']
[0.216s] Level 1:colcon.colcon_core.package_identification:_identify(src/motoman_ros2_support_packages/motoman_gp225_support) by extension 'colcon_pkg'
[0.216s] Level 1:colcon.colcon_core.package_identification:_identify(src/motoman_ros2_support_packages/motoman_gp225_support) by extensions ['colcon_meta']
[0.216s] Level 1:colcon.colcon_core.package_identification:_identify(src/motoman_ros2_support_packages/motoman_gp225_support) by extension 'colcon_meta'
[0.216s] Level 1:colcon.colcon_core.package_identification:_identify(src/motoman_ros2_support_packages/motoman_gp225_support) by extensions ['ros']
[0.216s] Level 1:colcon.colcon_core.package_identification:_identify(src/motoman_ros2_support_packages/motoman_gp225_support) by extension 'ros'
[0.217s] DEBUG:colcon.colcon_core.package_identification:Package 'src/motoman_ros2_support_packages/motoman_gp225_support' with type 'ros.ament_cmake' and name 'motoman_gp225_support'
[0.217s] Level 1:colcon.colcon_core.package_identification:_identify(src/motoman_ros2_support_packages/motoman_gp250_support) by extensions ['ignore', 'ignore_ament_install']
[0.217s] Level 1:colcon.colcon_core.package_identification:_identify(src/motoman_ros2_support_packages/motoman_gp250_support) by extension 'ignore'
[0.217s] Level 1:colcon.colcon_core.package_identification:_identify(src/motoman_ros2_support_packages/motoman_gp250_support) by extension 'ignore_ament_install'
[0.217s] Level 1:colcon.colcon_core.package_identification:_identify(src/motoman_ros2_support_packages/motoman_gp250_support) by extensions ['colcon_pkg']
[0.217s] Level 1:colcon.colcon_core.package_identification:_identify(src/motoman_ros2_support_packages/motoman_gp250_support) by extension 'colcon_pkg'
[0.217s] Level 1:colcon.colcon_core.package_identification:_identify(src/motoman_ros2_support_packages/motoman_gp250_support) by extensions ['colcon_meta']
[0.217s] Level 1:colcon.colcon_core.package_identification:_identify(src/motoman_ros2_support_packages/motoman_gp250_support) by extension 'colcon_meta'
[0.217s] Level 1:colcon.colcon_core.package_identification:_identify(src/motoman_ros2_support_packages/motoman_gp250_support) by extensions ['ros']
[0.217s] Level 1:colcon.colcon_core.package_identification:_identify(src/motoman_ros2_support_packages/motoman_gp250_support) by extension 'ros'
[0.217s] DEBUG:colcon.colcon_core.package_identification:Package 'src/motoman_ros2_support_packages/motoman_gp250_support' with type 'ros.ament_cmake' and name 'motoman_gp250_support'
[0.217s] Level 1:colcon.colcon_core.package_identification:_identify(src/motoman_ros2_support_packages/motoman_gp25_support) by extensions ['ignore', 'ignore_ament_install']
[0.217s] Level 1:colcon.colcon_core.package_identification:_identify(src/motoman_ros2_support_packages/motoman_gp25_support) by extension 'ignore'
[0.218s] Level 1:colcon.colcon_core.package_identification:_identify(src/motoman_ros2_support_packages/motoman_gp25_support) by extension 'ignore_ament_install'
[0.218s] Level 1:colcon.colcon_core.package_identification:_identify(src/motoman_ros2_support_packages/motoman_gp25_support) by extensions ['colcon_pkg']
[0.218s] Level 1:colcon.colcon_core.package_identification:_identify(src/motoman_ros2_support_packages/motoman_gp25_support) by extension 'colcon_pkg'
[0.218s] Level 1:colcon.colcon_core.package_identification:_identify(src/motoman_ros2_support_packages/motoman_gp25_support) by extensions ['colcon_meta']
[0.218s] Level 1:colcon.colcon_core.package_identification:_identify(src/motoman_ros2_support_packages/motoman_gp25_support) by extension 'colcon_meta'
[0.218s] Level 1:colcon.colcon_core.package_identification:_identify(src/motoman_ros2_support_packages/motoman_gp25_support) by extensions ['ros']
[0.218s] Level 1:colcon.colcon_core.package_identification:_identify(src/motoman_ros2_support_packages/motoman_gp25_support) by extension 'ros'
[0.218s] DEBUG:colcon.colcon_core.package_identification:Package 'src/motoman_ros2_support_packages/motoman_gp25_support' with type 'ros.ament_cmake' and name 'motoman_gp25_support'
[0.218s] Level 1:colcon.colcon_core.package_identification:_identify(src/motoman_ros2_support_packages/motoman_gp35l_support) by extensions ['ignore', 'ignore_ament_install']
[0.218s] Level 1:colcon.colcon_core.package_identification:_identify(src/motoman_ros2_support_packages/motoman_gp35l_support) by extension 'ignore'
[0.218s] Level 1:colcon.colcon_core.package_identification:_identify(src/motoman_ros2_support_packages/motoman_gp35l_support) by extension 'ignore_ament_install'
[0.218s] Level 1:colcon.colcon_core.package_identification:_identify(src/motoman_ros2_support_packages/motoman_gp35l_support) by extensions ['colcon_pkg']
[0.218s] Level 1:colcon.colcon_core.package_identification:_identify(src/motoman_ros2_support_packages/motoman_gp35l_support) by extension 'colcon_pkg'
[0.218s] Level 1:colcon.colcon_core.package_identification:_identify(src/motoman_ros2_support_packages/motoman_gp35l_support) by extensions ['colcon_meta']
[0.218s] Level 1:colcon.colcon_core.package_identification:_identify(src/motoman_ros2_support_packages/motoman_gp35l_support) by extension 'colcon_meta'
[0.218s] Level 1:colcon.colcon_core.package_identification:_identify(src/motoman_ros2_support_packages/motoman_gp35l_support) by extensions ['ros']
[0.218s] Level 1:colcon.colcon_core.package_identification:_identify(src/motoman_ros2_support_packages/motoman_gp35l_support) by extension 'ros'
[0.219s] DEBUG:colcon.colcon_core.package_identification:Package 'src/motoman_ros2_support_packages/motoman_gp35l_support' with type 'ros.ament_cmake' and name 'motoman_gp35l_support'
[0.219s] Level 1:colcon.colcon_core.package_identification:_identify(src/motoman_ros2_support_packages/motoman_gp4_support) by extensions ['ignore', 'ignore_ament_install']
[0.219s] Level 1:colcon.colcon_core.package_identification:_identify(src/motoman_ros2_support_packages/motoman_gp4_support) by extension 'ignore'
[0.219s] Level 1:colcon.colcon_core.package_identification:_identify(src/motoman_ros2_support_packages/motoman_gp4_support) by extension 'ignore_ament_install'
[0.219s] Level 1:colcon.colcon_core.package_identification:_identify(src/motoman_ros2_support_packages/motoman_gp4_support) by extensions ['colcon_pkg']
[0.219s] Level 1:colcon.colcon_core.package_identification:_identify(src/motoman_ros2_support_packages/motoman_gp4_support) by extension 'colcon_pkg'
[0.219s] Level 1:colcon.colcon_core.package_identification:_identify(src/motoman_ros2_support_packages/motoman_gp4_support) by extensions ['colcon_meta']
[0.219s] Level 1:colcon.colcon_core.package_identification:_identify(src/motoman_ros2_support_packages/motoman_gp4_support) by extension 'colcon_meta'
[0.219s] Level 1:colcon.colcon_core.package_identification:_identify(src/motoman_ros2_support_packages/motoman_gp4_support) by extensions ['ros']
[0.219s] Level 1:colcon.colcon_core.package_identification:_identify(src/motoman_ros2_support_packages/motoman_gp4_support) by extension 'ros'
[0.219s] DEBUG:colcon.colcon_core.package_identification:Package 'src/motoman_ros2_support_packages/motoman_gp4_support' with type 'ros.ament_cmake' and name 'motoman_gp4_support'
[0.219s] Level 1:colcon.colcon_core.package_identification:_identify(src/motoman_ros2_support_packages/motoman_gp50_support) by extensions ['ignore', 'ignore_ament_install']
[0.219s] Level 1:colcon.colcon_core.package_identification:_identify(src/motoman_ros2_support_packages/motoman_gp50_support) by extension 'ignore'
[0.219s] Level 1:colcon.colcon_core.package_identification:_identify(src/motoman_ros2_support_packages/motoman_gp50_support) by extension 'ignore_ament_install'
[0.219s] Level 1:colcon.colcon_core.package_identification:_identify(src/motoman_ros2_support_packages/motoman_gp50_support) by extensions ['colcon_pkg']
[0.219s] Level 1:colcon.colcon_core.package_identification:_identify(src/motoman_ros2_support_packages/motoman_gp50_support) by extension 'colcon_pkg'
[0.219s] Level 1:colcon.colcon_core.package_identification:_identify(src/motoman_ros2_support_packages/motoman_gp50_support) by extensions ['colcon_meta']
[0.219s] Level 1:colcon.colcon_core.package_identification:_identify(src/motoman_ros2_support_packages/motoman_gp50_support) by extension 'colcon_meta'
[0.220s] Level 1:colcon.colcon_core.package_identification:_identify(src/motoman_ros2_support_packages/motoman_gp50_support) by extensions ['ros']
[0.220s] Level 1:colcon.colcon_core.package_identification:_identify(src/motoman_ros2_support_packages/motoman_gp50_support) by extension 'ros'
[0.220s] DEBUG:colcon.colcon_core.package_identification:Package 'src/motoman_ros2_support_packages/motoman_gp50_support' with type 'ros.ament_cmake' and name 'motoman_gp50_support'
[0.220s] Level 1:colcon.colcon_core.package_identification:_identify(src/motoman_ros2_support_packages/motoman_gp70l_support) by extensions ['ignore', 'ignore_ament_install']
[0.220s] Level 1:colcon.colcon_core.package_identification:_identify(src/motoman_ros2_support_packages/motoman_gp70l_support) by extension 'ignore'
[0.220s] Level 1:colcon.colcon_core.package_identification:_identify(src/motoman_ros2_support_packages/motoman_gp70l_support) by extension 'ignore_ament_install'
[0.220s] Level 1:colcon.colcon_core.package_identification:_identify(src/motoman_ros2_support_packages/motoman_gp70l_support) by extensions ['colcon_pkg']
[0.220s] Level 1:colcon.colcon_core.package_identification:_identify(src/motoman_ros2_support_packages/motoman_gp70l_support) by extension 'colcon_pkg'
[0.220s] Level 1:colcon.colcon_core.package_identification:_identify(src/motoman_ros2_support_packages/motoman_gp70l_support) by extensions ['colcon_meta']
[0.220s] Level 1:colcon.colcon_core.package_identification:_identify(src/motoman_ros2_support_packages/motoman_gp70l_support) by extension 'colcon_meta'
[0.220s] Level 1:colcon.colcon_core.package_identification:_identify(src/motoman_ros2_support_packages/motoman_gp70l_support) by extensions ['ros']
[0.220s] Level 1:colcon.colcon_core.package_identification:_identify(src/motoman_ros2_support_packages/motoman_gp70l_support) by extension 'ros'
[0.221s] DEBUG:colcon.colcon_core.package_identification:Package 'src/motoman_ros2_support_packages/motoman_gp70l_support' with type 'ros.ament_cmake' and name 'motoman_gp70l_support'
[0.221s] Level 1:colcon.colcon_core.package_identification:_identify(src/motoman_ros2_support_packages/motoman_gp7_support) by extensions ['ignore', 'ignore_ament_install']
[0.221s] Level 1:colcon.colcon_core.package_identification:_identify(src/motoman_ros2_support_packages/motoman_gp7_support) by extension 'ignore'
[0.221s] Level 1:colcon.colcon_core.package_identification:_identify(src/motoman_ros2_support_packages/motoman_gp7_support) by extension 'ignore_ament_install'
[0.221s] Level 1:colcon.colcon_core.package_identification:_identify(src/motoman_ros2_support_packages/motoman_gp7_support) by extensions ['colcon_pkg']
[0.221s] Level 1:colcon.colcon_core.package_identification:_identify(src/motoman_ros2_support_packages/motoman_gp7_support) by extension 'colcon_pkg'
[0.221s] Level 1:colcon.colcon_core.package_identification:_identify(src/motoman_ros2_support_packages/motoman_gp7_support) by extensions ['colcon_meta']
[0.221s] Level 1:colcon.colcon_core.package_identification:_identify(src/motoman_ros2_support_packages/motoman_gp7_support) by extension 'colcon_meta'
[0.221s] Level 1:colcon.colcon_core.package_identification:_identify(src/motoman_ros2_support_packages/motoman_gp7_support) by extensions ['ros']
[0.221s] Level 1:colcon.colcon_core.package_identification:_identify(src/motoman_ros2_support_packages/motoman_gp7_support) by extension 'ros'
[0.221s] DEBUG:colcon.colcon_core.package_identification:Package 'src/motoman_ros2_support_packages/motoman_gp7_support' with type 'ros.ament_cmake' and name 'motoman_gp7_support'
[0.221s] Level 1:colcon.colcon_core.package_identification:_identify(src/motoman_ros2_support_packages/motoman_gp88_support) by extensions ['ignore', 'ignore_ament_install']
[0.221s] Level 1:colcon.colcon_core.package_identification:_identify(src/motoman_ros2_support_packages/motoman_gp88_support) by extension 'ignore'
[0.221s] Level 1:colcon.colcon_core.package_identification:_identify(src/motoman_ros2_support_packages/motoman_gp88_support) by extension 'ignore_ament_install'
[0.221s] Level 1:colcon.colcon_core.package_identification:_identify(src/motoman_ros2_support_packages/motoman_gp88_support) by extensions ['colcon_pkg']
[0.221s] Level 1:colcon.colcon_core.package_identification:_identify(src/motoman_ros2_support_packages/motoman_gp88_support) by extension 'colcon_pkg'
[0.221s] Level 1:colcon.colcon_core.package_identification:_identify(src/motoman_ros2_support_packages/motoman_gp88_support) by extensions ['colcon_meta']
[0.221s] Level 1:colcon.colcon_core.package_identification:_identify(src/motoman_ros2_support_packages/motoman_gp88_support) by extension 'colcon_meta'
[0.221s] Level 1:colcon.colcon_core.package_identification:_identify(src/motoman_ros2_support_packages/motoman_gp88_support) by extensions ['ros']
[0.221s] Level 1:colcon.colcon_core.package_identification:_identify(src/motoman_ros2_support_packages/motoman_gp88_support) by extension 'ros'
[0.222s] DEBUG:colcon.colcon_core.package_identification:Package 'src/motoman_ros2_support_packages/motoman_gp88_support' with type 'ros.ament_cmake' and name 'motoman_gp88_support'
[0.222s] Level 1:colcon.colcon_core.package_identification:_identify(src/motoman_ros2_support_packages/motoman_gp8_support) by extensions ['ignore', 'ignore_ament_install']
[0.222s] Level 1:colcon.colcon_core.package_identification:_identify(src/motoman_ros2_support_packages/motoman_gp8_support) by extension 'ignore'
[0.222s] Level 1:colcon.colcon_core.package_identification:_identify(src/motoman_ros2_support_packages/motoman_gp8_support) by extension 'ignore_ament_install'
[0.222s] Level 1:colcon.colcon_core.package_identification:_identify(src/motoman_ros2_support_packages/motoman_gp8_support) by extensions ['colcon_pkg']
[0.222s] Level 1:colcon.colcon_core.package_identification:_identify(src/motoman_ros2_support_packages/motoman_gp8_support) by extension 'colcon_pkg'
[0.222s] Level 1:colcon.colcon_core.package_identification:_identify(src/motoman_ros2_support_packages/motoman_gp8_support) by extensions ['colcon_meta']
[0.222s] Level 1:colcon.colcon_core.package_identification:_identify(src/motoman_ros2_support_packages/motoman_gp8_support) by extension 'colcon_meta'
[0.222s] Level 1:colcon.colcon_core.package_identification:_identify(src/motoman_ros2_support_packages/motoman_gp8_support) by extensions ['ros']
[0.222s] Level 1:colcon.colcon_core.package_identification:_identify(src/motoman_ros2_support_packages/motoman_gp8_support) by extension 'ros'
[0.222s] DEBUG:colcon.colcon_core.package_identification:Package 'src/motoman_ros2_support_packages/motoman_gp8_support' with type 'ros.ament_cmake' and name 'motoman_gp8_support'
[0.222s] Level 1:colcon.colcon_core.package_identification:_identify(src/motoman_ros2_support_packages/motoman_gp8l_support) by extensions ['ignore', 'ignore_ament_install']
[0.222s] Level 1:colcon.colcon_core.package_identification:_identify(src/motoman_ros2_support_packages/motoman_gp8l_support) by extension 'ignore'
[0.222s] Level 1:colcon.colcon_core.package_identification:_identify(src/motoman_ros2_support_packages/motoman_gp8l_support) by extension 'ignore_ament_install'
[0.223s] Level 1:colcon.colcon_core.package_identification:_identify(src/motoman_ros2_support_packages/motoman_gp8l_support) by extensions ['colcon_pkg']
[0.223s] Level 1:colcon.colcon_core.package_identification:_identify(src/motoman_ros2_support_packages/motoman_gp8l_support) by extension 'colcon_pkg'
[0.223s] Level 1:colcon.colcon_core.package_identification:_identify(src/motoman_ros2_support_packages/motoman_gp8l_support) by extensions ['colcon_meta']
[0.223s] Level 1:colcon.colcon_core.package_identification:_identify(src/motoman_ros2_support_packages/motoman_gp8l_support) by extension 'colcon_meta'
[0.223s] Level 1:colcon.colcon_core.package_identification:_identify(src/motoman_ros2_support_packages/motoman_gp8l_support) by extensions ['ros']
[0.223s] Level 1:colcon.colcon_core.package_identification:_identify(src/motoman_ros2_support_packages/motoman_gp8l_support) by extension 'ros'
[0.223s] DEBUG:colcon.colcon_core.package_identification:Package 'src/motoman_ros2_support_packages/motoman_gp8l_support' with type 'ros.ament_cmake' and name 'motoman_gp8l_support'
[0.223s] Level 1:colcon.colcon_core.package_identification:_identify(src/motoman_ros2_support_packages/motoman_hc10_support) by extensions ['ignore', 'ignore_ament_install']
[0.223s] Level 1:colcon.colcon_core.package_identification:_identify(src/motoman_ros2_support_packages/motoman_hc10_support) by extension 'ignore'
[0.223s] Level 1:colcon.colcon_core.package_identification:_identify(src/motoman_ros2_support_packages/motoman_hc10_support) by extension 'ignore_ament_install'
[0.223s] Level 1:colcon.colcon_core.package_identification:_identify(src/motoman_ros2_support_packages/motoman_hc10_support) by extensions ['colcon_pkg']
[0.223s] Level 1:colcon.colcon_core.package_identification:_identify(src/motoman_ros2_support_packages/motoman_hc10_support) by extension 'colcon_pkg'
[0.223s] Level 1:colcon.colcon_core.package_identification:_identify(src/motoman_ros2_support_packages/motoman_hc10_support) by extensions ['colcon_meta']
[0.223s] Level 1:colcon.colcon_core.package_identification:_identify(src/motoman_ros2_support_packages/motoman_hc10_support) by extension 'colcon_meta'
[0.223s] Level 1:colcon.colcon_core.package_identification:_identify(src/motoman_ros2_support_packages/motoman_hc10_support) by extensions ['ros']
[0.223s] Level 1:colcon.colcon_core.package_identification:_identify(src/motoman_ros2_support_packages/motoman_hc10_support) by extension 'ros'
[0.224s] DEBUG:colcon.colcon_core.package_identification:Package 'src/motoman_ros2_support_packages/motoman_hc10_support' with type 'ros.ament_cmake' and name 'motoman_hc10_support'
[0.224s] Level 1:colcon.colcon_core.package_identification:_identify(src/motoman_ros2_support_packages/motoman_hc20_support) by extensions ['ignore', 'ignore_ament_install']
[0.224s] Level 1:colcon.colcon_core.package_identification:_identify(src/motoman_ros2_support_packages/motoman_hc20_support) by extension 'ignore'
[0.224s] Level 1:colcon.colcon_core.package_identification:_identify(src/motoman_ros2_support_packages/motoman_hc20_support) by extension 'ignore_ament_install'
[0.224s] Level 1:colcon.colcon_core.package_identification:_identify(src/motoman_ros2_support_packages/motoman_hc20_support) by extensions ['colcon_pkg']
[0.224s] Level 1:colcon.colcon_core.package_identification:_identify(src/motoman_ros2_support_packages/motoman_hc20_support) by extension 'colcon_pkg'
[0.224s] Level 1:colcon.colcon_core.package_identification:_identify(src/motoman_ros2_support_packages/motoman_hc20_support) by extensions ['colcon_meta']
[0.224s] Level 1:colcon.colcon_core.package_identification:_identify(src/motoman_ros2_support_packages/motoman_hc20_support) by extension 'colcon_meta'
[0.224s] Level 1:colcon.colcon_core.package_identification:_identify(src/motoman_ros2_support_packages/motoman_hc20_support) by extensions ['ros']
[0.224s] Level 1:colcon.colcon_core.package_identification:_identify(src/motoman_ros2_support_packages/motoman_hc20_support) by extension 'ros'
[0.224s] DEBUG:colcon.colcon_core.package_identification:Package 'src/motoman_ros2_support_packages/motoman_hc20_support' with type 'ros.ament_cmake' and name 'motoman_hc20_support'
[0.224s] Level 1:colcon.colcon_core.package_identification:_identify(src/motoman_ros2_support_packages/motoman_ma2010_support) by extensions ['ignore', 'ignore_ament_install']
[0.224s] Level 1:colcon.colcon_core.package_identification:_identify(src/motoman_ros2_support_packages/motoman_ma2010_support) by extension 'ignore'
[0.224s] Level 1:colcon.colcon_core.package_identification:_identify(src/motoman_ros2_support_packages/motoman_ma2010_support) by extension 'ignore_ament_install'
[0.224s] Level 1:colcon.colcon_core.package_identification:_identify(src/motoman_ros2_support_packages/motoman_ma2010_support) by extensions ['colcon_pkg']
[0.224s] Level 1:colcon.colcon_core.package_identification:_identify(src/motoman_ros2_support_packages/motoman_ma2010_support) by extension 'colcon_pkg'
[0.224s] Level 1:colcon.colcon_core.package_identification:_identify(src/motoman_ros2_support_packages/motoman_ma2010_support) by extensions ['colcon_meta']
[0.224s] Level 1:colcon.colcon_core.package_identification:_identify(src/motoman_ros2_support_packages/motoman_ma2010_support) by extension 'colcon_meta'
[0.224s] Level 1:colcon.colcon_core.package_identification:_identify(src/motoman_ros2_support_packages/motoman_ma2010_support) by extensions ['ros']
[0.224s] Level 1:colcon.colcon_core.package_identification:_identify(src/motoman_ros2_support_packages/motoman_ma2010_support) by extension 'ros'
[0.225s] DEBUG:colcon.colcon_core.package_identification:Package 'src/motoman_ros2_support_packages/motoman_ma2010_support' with type 'ros.ament_cmake' and name 'motoman_ma2010_support'
[0.225s] Level 1:colcon.colcon_core.package_identification:_identify(src/motoman_ros2_support_packages/motoman_mh110_support) by extensions ['ignore', 'ignore_ament_install']
[0.225s] Level 1:colcon.colcon_core.package_identification:_identify(src/motoman_ros2_support_packages/motoman_mh110_support) by extension 'ignore'
[0.225s] Level 1:colcon.colcon_core.package_identification:_identify(src/motoman_ros2_support_packages/motoman_mh110_support) by extension 'ignore_ament_install'
[0.225s] Level 1:colcon.colcon_core.package_identification:_identify(src/motoman_ros2_support_packages/motoman_mh110_support) by extensions ['colcon_pkg']
[0.225s] Level 1:colcon.colcon_core.package_identification:_identify(src/motoman_ros2_support_packages/motoman_mh110_support) by extension 'colcon_pkg'
[0.225s] Level 1:colcon.colcon_core.package_identification:_identify(src/motoman_ros2_support_packages/motoman_mh110_support) by extensions ['colcon_meta']
[0.225s] Level 1:colcon.colcon_core.package_identification:_identify(src/motoman_ros2_support_packages/motoman_mh110_support) by extension 'colcon_meta'
[0.225s] Level 1:colcon.colcon_core.package_identification:_identify(src/motoman_ros2_support_packages/motoman_mh110_support) by extensions ['ros']
[0.225s] Level 1:colcon.colcon_core.package_identification:_identify(src/motoman_ros2_support_packages/motoman_mh110_support) by extension 'ros'
[0.225s] DEBUG:colcon.colcon_core.package_identification:Package 'src/motoman_ros2_support_packages/motoman_mh110_support' with type 'ros.ament_cmake' and name 'motoman_mh110_support'
[0.226s] Level 1:colcon.colcon_core.package_identification:_identify(src/motoman_ros2_support_packages/motoman_mh12_support) by extensions ['ignore', 'ignore_ament_install']
[0.226s] Level 1:colcon.colcon_core.package_identification:_identify(src/motoman_ros2_support_packages/motoman_mh12_support) by extension 'ignore'
[0.226s] Level 1:colcon.colcon_core.package_identification:_identify(src/motoman_ros2_support_packages/motoman_mh12_support) by extension 'ignore_ament_install'
[0.226s] Level 1:colcon.colcon_core.package_identification:_identify(src/motoman_ros2_support_packages/motoman_mh12_support) by extensions ['colcon_pkg']
[0.226s] Level 1:colcon.colcon_core.package_identification:_identify(src/motoman_ros2_support_packages/motoman_mh12_support) by extension 'colcon_pkg'
[0.226s] Level 1:colcon.colcon_core.package_identification:_identify(src/motoman_ros2_support_packages/motoman_mh12_support) by extensions ['colcon_meta']
[0.226s] Level 1:colcon.colcon_core.package_identification:_identify(src/motoman_ros2_support_packages/motoman_mh12_support) by extension 'colcon_meta'
[0.226s] Level 1:colcon.colcon_core.package_identification:_identify(src/motoman_ros2_support_packages/motoman_mh12_support) by extensions ['ros']
[0.226s] Level 1:colcon.colcon_core.package_identification:_identify(src/motoman_ros2_support_packages/motoman_mh12_support) by extension 'ros'
[0.226s] DEBUG:colcon.colcon_core.package_identification:Package 'src/motoman_ros2_support_packages/motoman_mh12_support' with type 'ros.ament_cmake' and name 'motoman_mh12_support'
[0.226s] Level 1:colcon.colcon_core.package_identification:_identify(src/motoman_ros2_support_packages/motoman_mh50_support) by extensions ['ignore', 'ignore_ament_install']
[0.226s] Level 1:colcon.colcon_core.package_identification:_identify(src/motoman_ros2_support_packages/motoman_mh50_support) by extension 'ignore'
[0.226s] Level 1:colcon.colcon_core.package_identification:_identify(src/motoman_ros2_support_packages/motoman_mh50_support) by extension 'ignore_ament_install'
[0.226s] Level 1:colcon.colcon_core.package_identification:_identify(src/motoman_ros2_support_packages/motoman_mh50_support) by extensions ['colcon_pkg']
[0.226s] Level 1:colcon.colcon_core.package_identification:_identify(src/motoman_ros2_support_packages/motoman_mh50_support) by extension 'colcon_pkg'
[0.226s] Level 1:colcon.colcon_core.package_identification:_identify(src/motoman_ros2_support_packages/motoman_mh50_support) by extensions ['colcon_meta']
[0.226s] Level 1:colcon.colcon_core.package_identification:_identify(src/motoman_ros2_support_packages/motoman_mh50_support) by extension 'colcon_meta'
[0.226s] Level 1:colcon.colcon_core.package_identification:_identify(src/motoman_ros2_support_packages/motoman_mh50_support) by extensions ['ros']
[0.226s] Level 1:colcon.colcon_core.package_identification:_identify(src/motoman_ros2_support_packages/motoman_mh50_support) by extension 'ros'
[0.227s] DEBUG:colcon.colcon_core.package_identification:Package 'src/motoman_ros2_support_packages/motoman_mh50_support' with type 'ros.ament_cmake' and name 'motoman_mh50_support'
[0.227s] Level 1:colcon.colcon_core.package_identification:_identify(src/motoman_ros2_support_packages/motoman_mh5_support) by extensions ['ignore', 'ignore_ament_install']
[0.227s] Level 1:colcon.colcon_core.package_identification:_identify(src/motoman_ros2_support_packages/motoman_mh5_support) by extension 'ignore'
[0.227s] Level 1:colcon.colcon_core.package_identification:_identify(src/motoman_ros2_support_packages/motoman_mh5_support) by extension 'ignore_ament_install'
[0.227s] Level 1:colcon.colcon_core.package_identification:_identify(src/motoman_ros2_support_packages/motoman_mh5_support) by extensions ['colcon_pkg']
[0.227s] Level 1:colcon.colcon_core.package_identification:_identify(src/motoman_ros2_support_packages/motoman_mh5_support) by extension 'colcon_pkg'
[0.227s] Level 1:colcon.colcon_core.package_identification:_identify(src/motoman_ros2_support_packages/motoman_mh5_support) by extensions ['colcon_meta']
[0.227s] Level 1:colcon.colcon_core.package_identification:_identify(src/motoman_ros2_support_packages/motoman_mh5_support) by extension 'colcon_meta'
[0.227s] Level 1:colcon.colcon_core.package_identification:_identify(src/motoman_ros2_support_packages/motoman_mh5_support) by extensions ['ros']
[0.227s] Level 1:colcon.colcon_core.package_identification:_identify(src/motoman_ros2_support_packages/motoman_mh5_support) by extension 'ros'
[0.227s] DEBUG:colcon.colcon_core.package_identification:Package 'src/motoman_ros2_support_packages/motoman_mh5_support' with type 'ros.ament_cmake' and name 'motoman_mh5_support'
[0.227s] Level 1:colcon.colcon_core.package_identification:_identify(src/motoman_ros2_support_packages/motoman_motomini_support) by extensions ['ignore', 'ignore_ament_install']
[0.227s] Level 1:colcon.colcon_core.package_identification:_identify(src/motoman_ros2_support_packages/motoman_motomini_support) by extension 'ignore'
[0.228s] Level 1:colcon.colcon_core.package_identification:_identify(src/motoman_ros2_support_packages/motoman_motomini_support) by extension 'ignore_ament_install'
[0.228s] Level 1:colcon.colcon_core.package_identification:_identify(src/motoman_ros2_support_packages/motoman_motomini_support) by extensions ['colcon_pkg']
[0.228s] Level 1:colcon.colcon_core.package_identification:_identify(src/motoman_ros2_support_packages/motoman_motomini_support) by extension 'colcon_pkg'
[0.228s] Level 1:colcon.colcon_core.package_identification:_identify(src/motoman_ros2_support_packages/motoman_motomini_support) by extensions ['colcon_meta']
[0.228s] Level 1:colcon.colcon_core.package_identification:_identify(src/motoman_ros2_support_packages/motoman_motomini_support) by extension 'colcon_meta'
[0.228s] Level 1:colcon.colcon_core.package_identification:_identify(src/motoman_ros2_support_packages/motoman_motomini_support) by extensions ['ros']
[0.228s] Level 1:colcon.colcon_core.package_identification:_identify(src/motoman_ros2_support_packages/motoman_motomini_support) by extension 'ros'
[0.228s] DEBUG:colcon.colcon_core.package_identification:Package 'src/motoman_ros2_support_packages/motoman_motomini_support' with type 'ros.ament_cmake' and name 'motoman_motomini_support'
[0.228s] Level 1:colcon.colcon_core.package_identification:_identify(src/motoman_ros2_support_packages/motoman_motopos_d500_support) by extensions ['ignore', 'ignore_ament_install']
[0.228s] Level 1:colcon.colcon_core.package_identification:_identify(src/motoman_ros2_support_packages/motoman_motopos_d500_support) by extension 'ignore'
[0.228s] Level 1:colcon.colcon_core.package_identification:_identify(src/motoman_ros2_support_packages/motoman_motopos_d500_support) by extension 'ignore_ament_install'
[0.228s] Level 1:colcon.colcon_core.package_identification:_identify(src/motoman_ros2_support_packages/motoman_motopos_d500_support) by extensions ['colcon_pkg']
[0.228s] Level 1:colcon.colcon_core.package_identification:_identify(src/motoman_ros2_support_packages/motoman_motopos_d500_support) by extension 'colcon_pkg'
[0.228s] Level 1:colcon.colcon_core.package_identification:_identify(src/motoman_ros2_support_packages/motoman_motopos_d500_support) by extensions ['colcon_meta']
[0.228s] Level 1:colcon.colcon_core.package_identification:_identify(src/motoman_ros2_support_packages/motoman_motopos_d500_support) by extension 'colcon_meta'
[0.228s] Level 1:colcon.colcon_core.package_identification:_identify(src/motoman_ros2_support_packages/motoman_motopos_d500_support) by extensions ['ros']
[0.228s] Level 1:colcon.colcon_core.package_identification:_identify(src/motoman_ros2_support_packages/motoman_motopos_d500_support) by extension 'ros'
[0.229s] DEBUG:colcon.colcon_core.package_identification:Package 'src/motoman_ros2_support_packages/motoman_motopos_d500_support' with type 'ros.ament_cmake' and name 'motoman_motopos_d500_support'
[0.229s] Level 1:colcon.colcon_core.package_identification:_identify(src/motoman_ros2_support_packages/motoman_motopos_mh1655_support) by extensions ['ignore', 'ignore_ament_install']
[0.229s] Level 1:colcon.colcon_core.package_identification:_identify(src/motoman_ros2_support_packages/motoman_motopos_mh1655_support) by extension 'ignore'
[0.229s] Level 1:colcon.colcon_core.package_identification:_identify(src/motoman_ros2_support_packages/motoman_motopos_mh1655_support) by extension 'ignore_ament_install'
[0.229s] Level 1:colcon.colcon_core.package_identification:_identify(src/motoman_ros2_support_packages/motoman_motopos_mh1655_support) by extensions ['colcon_pkg']
[0.229s] Level 1:colcon.colcon_core.package_identification:_identify(src/motoman_ros2_support_packages/motoman_motopos_mh1655_support) by extension 'colcon_pkg'
[0.229s] Level 1:colcon.colcon_core.package_identification:_identify(src/motoman_ros2_support_packages/motoman_motopos_mh1655_support) by extensions ['colcon_meta']
[0.229s] Level 1:colcon.colcon_core.package_identification:_identify(src/motoman_ros2_support_packages/motoman_motopos_mh1655_support) by extension 'colcon_meta'
[0.229s] Level 1:colcon.colcon_core.package_identification:_identify(src/motoman_ros2_support_packages/motoman_motopos_mh1655_support) by extensions ['ros']
[0.229s] Level 1:colcon.colcon_core.package_identification:_identify(src/motoman_ros2_support_packages/motoman_motopos_mh1655_support) by extension 'ros'
[0.229s] DEBUG:colcon.colcon_core.package_identification:Package 'src/motoman_ros2_support_packages/motoman_motopos_mh1655_support' with type 'ros.ament_cmake' and name 'motoman_motopos_mh1655_support'
[0.229s] Level 1:colcon.colcon_core.package_identification:_identify(src/motoman_ros2_support_packages/motoman_mpx1950_support) by extensions ['ignore', 'ignore_ament_install']
[0.229s] Level 1:colcon.colcon_core.package_identification:_identify(src/motoman_ros2_support_packages/motoman_mpx1950_support) by extension 'ignore'
[0.229s] Level 1:colcon.colcon_core.package_identification:_identify(src/motoman_ros2_support_packages/motoman_mpx1950_support) by extension 'ignore_ament_install'
[0.229s] Level 1:colcon.colcon_core.package_identification:_identify(src/motoman_ros2_support_packages/motoman_mpx1950_support) by extensions ['colcon_pkg']
[0.229s] Level 1:colcon.colcon_core.package_identification:_identify(src/motoman_ros2_support_packages/motoman_mpx1950_support) by extension 'colcon_pkg'
[0.229s] Level 1:colcon.colcon_core.package_identification:_identify(src/motoman_ros2_support_packages/motoman_mpx1950_support) by extensions ['colcon_meta']
[0.229s] Level 1:colcon.colcon_core.package_identification:_identify(src/motoman_ros2_support_packages/motoman_mpx1950_support) by extension 'colcon_meta'
[0.229s] Level 1:colcon.colcon_core.package_identification:_identify(src/motoman_ros2_support_packages/motoman_mpx1950_support) by extensions ['ros']
[0.229s] Level 1:colcon.colcon_core.package_identification:_identify(src/motoman_ros2_support_packages/motoman_mpx1950_support) by extension 'ros'
[0.230s] DEBUG:colcon.colcon_core.package_identification:Package 'src/motoman_ros2_support_packages/motoman_mpx1950_support' with type 'ros.ament_cmake' and name 'motoman_mpx1950_support'
[0.230s] Level 1:colcon.colcon_core.package_identification:_identify(src/motoman_ros2_support_packages/motoman_ms210_support) by extensions ['ignore', 'ignore_ament_install']
[0.230s] Level 1:colcon.colcon_core.package_identification:_identify(src/motoman_ros2_support_packages/motoman_ms210_support) by extension 'ignore'
[0.230s] Level 1:colcon.colcon_core.package_identification:_identify(src/motoman_ros2_support_packages/motoman_ms210_support) by extension 'ignore_ament_install'
[0.230s] Level 1:colcon.colcon_core.package_identification:_identify(src/motoman_ros2_support_packages/motoman_ms210_support) by extensions ['colcon_pkg']
[0.230s] Level 1:colcon.colcon_core.package_identification:_identify(src/motoman_ros2_support_packages/motoman_ms210_support) by extension 'colcon_pkg'
[0.230s] Level 1:colcon.colcon_core.package_identification:_identify(src/motoman_ros2_support_packages/motoman_ms210_support) by extensions ['colcon_meta']
[0.230s] Level 1:colcon.colcon_core.package_identification:_identify(src/motoman_ros2_support_packages/motoman_ms210_support) by extension 'colcon_meta'
[0.230s] Level 1:colcon.colcon_core.package_identification:_identify(src/motoman_ros2_support_packages/motoman_ms210_support) by extensions ['ros']
[0.230s] Level 1:colcon.colcon_core.package_identification:_identify(src/motoman_ros2_support_packages/motoman_ms210_support) by extension 'ros'
[0.230s] DEBUG:colcon.colcon_core.package_identification:Package 'src/motoman_ros2_support_packages/motoman_ms210_support' with type 'ros.ament_cmake' and name 'motoman_ms210_support'
[0.230s] Level 1:colcon.colcon_core.package_identification:_identify(src/motoman_ros2_support_packages/motoman_resources) by extensions ['ignore', 'ignore_ament_install']
[0.231s] Level 1:colcon.colcon_core.package_identification:_identify(src/motoman_ros2_support_packages/motoman_resources) by extension 'ignore'
[0.231s] Level 1:colcon.colcon_core.package_identification:_identify(src/motoman_ros2_support_packages/motoman_resources) by extension 'ignore_ament_install'
[0.231s] Level 1:colcon.colcon_core.package_identification:_identify(src/motoman_ros2_support_packages/motoman_resources) by extensions ['colcon_pkg']
[0.231s] Level 1:colcon.colcon_core.package_identification:_identify(src/motoman_ros2_support_packages/motoman_resources) by extension 'colcon_pkg'
[0.231s] Level 1:colcon.colcon_core.package_identification:_identify(src/motoman_ros2_support_packages/motoman_resources) by extensions ['colcon_meta']
[0.231s] Level 1:colcon.colcon_core.package_identification:_identify(src/motoman_ros2_support_packages/motoman_resources) by extension 'colcon_meta'
[0.231s] Level 1:colcon.colcon_core.package_identification:_identify(src/motoman_ros2_support_packages/motoman_resources) by extensions ['ros']
[0.231s] Level 1:colcon.colcon_core.package_identification:_identify(src/motoman_ros2_support_packages/motoman_resources) by extension 'ros'
[0.231s] DEBUG:colcon.colcon_core.package_identification:Package 'src/motoman_ros2_support_packages/motoman_resources' with type 'ros.ament_cmake' and name 'motoman_resources'
[0.231s] Level 1:colcon.colcon_core.package_identification:_identify(src/motoman_ros2_support_packages/motoman_sda10f_support) by extensions ['ignore', 'ignore_ament_install']
[0.231s] Level 1:colcon.colcon_core.package_identification:_identify(src/motoman_ros2_support_packages/motoman_sda10f_support) by extension 'ignore'
[0.231s] Level 1:colcon.colcon_core.package_identification:_identify(src/motoman_ros2_support_packages/motoman_sda10f_support) by extension 'ignore_ament_install'
[0.231s] Level 1:colcon.colcon_core.package_identification:_identify(src/motoman_ros2_support_packages/motoman_sda10f_support) by extensions ['colcon_pkg']
[0.231s] Level 1:colcon.colcon_core.package_identification:_identify(src/motoman_ros2_support_packages/motoman_sda10f_support) by extension 'colcon_pkg'
[0.231s] Level 1:colcon.colcon_core.package_identification:_identify(src/motoman_ros2_support_packages/motoman_sda10f_support) by extensions ['colcon_meta']
[0.231s] Level 1:colcon.colcon_core.package_identification:_identify(src/motoman_ros2_support_packages/motoman_sda10f_support) by extension 'colcon_meta'
[0.231s] Level 1:colcon.colcon_core.package_identification:_identify(src/motoman_ros2_support_packages/motoman_sda10f_support) by extensions ['ros']
[0.231s] Level 1:colcon.colcon_core.package_identification:_identify(src/motoman_ros2_support_packages/motoman_sda10f_support) by extension 'ros'
[0.232s] DEBUG:colcon.colcon_core.package_identification:Package 'src/motoman_ros2_support_packages/motoman_sda10f_support' with type 'ros.ament_cmake' and name 'motoman_sda10f_support'
[0.232s] Level 1:colcon.colcon_core.package_identification:_identify(src/motoman_ros2_support_packages/motoman_sia10d_support) by extensions ['ignore', 'ignore_ament_install']
[0.232s] Level 1:colcon.colcon_core.package_identification:_identify(src/motoman_ros2_support_packages/motoman_sia10d_support) by extension 'ignore'
[0.232s] Level 1:colcon.colcon_core.package_identification:_identify(src/motoman_ros2_support_packages/motoman_sia10d_support) by extension 'ignore_ament_install'
[0.232s] Level 1:colcon.colcon_core.package_identification:_identify(src/motoman_ros2_support_packages/motoman_sia10d_support) by extensions ['colcon_pkg']
[0.232s] Level 1:colcon.colcon_core.package_identification:_identify(src/motoman_ros2_support_packages/motoman_sia10d_support) by extension 'colcon_pkg'
[0.232s] Level 1:colcon.colcon_core.package_identification:_identify(src/motoman_ros2_support_packages/motoman_sia10d_support) by extensions ['colcon_meta']
[0.232s] Level 1:colcon.colcon_core.package_identification:_identify(src/motoman_ros2_support_packages/motoman_sia10d_support) by extension 'colcon_meta'
[0.232s] Level 1:colcon.colcon_core.package_identification:_identify(src/motoman_ros2_support_packages/motoman_sia10d_support) by extensions ['ros']
[0.232s] Level 1:colcon.colcon_core.package_identification:_identify(src/motoman_ros2_support_packages/motoman_sia10d_support) by extension 'ros'
[0.232s] DEBUG:colcon.colcon_core.package_identification:Package 'src/motoman_ros2_support_packages/motoman_sia10d_support' with type 'ros.ament_cmake' and name 'motoman_sia10d_support'
[0.232s] Level 1:colcon.colcon_core.package_identification:_identify(src/motoman_ros2_support_packages/motoman_sia10f_support) by extensions ['ignore', 'ignore_ament_install']
[0.232s] Level 1:colcon.colcon_core.package_identification:_identify(src/motoman_ros2_support_packages/motoman_sia10f_support) by extension 'ignore'
[0.232s] Level 1:colcon.colcon_core.package_identification:_identify(src/motoman_ros2_support_packages/motoman_sia10f_support) by extension 'ignore_ament_install'
[0.232s] Level 1:colcon.colcon_core.package_identification:_identify(src/motoman_ros2_support_packages/motoman_sia10f_support) by extensions ['colcon_pkg']
[0.232s] Level 1:colcon.colcon_core.package_identification:_identify(src/motoman_ros2_support_packages/motoman_sia10f_support) by extension 'colcon_pkg'
[0.232s] Level 1:colcon.colcon_core.package_identification:_identify(src/motoman_ros2_support_packages/motoman_sia10f_support) by extensions ['colcon_meta']
[0.232s] Level 1:colcon.colcon_core.package_identification:_identify(src/motoman_ros2_support_packages/motoman_sia10f_support) by extension 'colcon_meta'
[0.233s] Level 1:colcon.colcon_core.package_identification:_identify(src/motoman_ros2_support_packages/motoman_sia10f_support) by extensions ['ros']
[0.233s] Level 1:colcon.colcon_core.package_identification:_identify(src/motoman_ros2_support_packages/motoman_sia10f_support) by extension 'ros'
[0.233s] DEBUG:colcon.colcon_core.package_identification:Package 'src/motoman_ros2_support_packages/motoman_sia10f_support' with type 'ros.ament_cmake' and name 'motoman_sia10f_support'
[0.233s] Level 1:colcon.colcon_core.package_identification:_identify(src/motoman_ros2_support_packages/motoman_sia20d_support) by extensions ['ignore', 'ignore_ament_install']
[0.233s] Level 1:colcon.colcon_core.package_identification:_identify(src/motoman_ros2_support_packages/motoman_sia20d_support) by extension 'ignore'
[0.233s] Level 1:colcon.colcon_core.package_identification:_identify(src/motoman_ros2_support_packages/motoman_sia20d_support) by extension 'ignore_ament_install'
[0.233s] Level 1:colcon.colcon_core.package_identification:_identify(src/motoman_ros2_support_packages/motoman_sia20d_support) by extensions ['colcon_pkg']
[0.233s] Level 1:colcon.colcon_core.package_identification:_identify(src/motoman_ros2_support_packages/motoman_sia20d_support) by extension 'colcon_pkg'
[0.233s] Level 1:colcon.colcon_core.package_identification:_identify(src/motoman_ros2_support_packages/motoman_sia20d_support) by extensions ['colcon_meta']
[0.233s] Level 1:colcon.colcon_core.package_identification:_identify(src/motoman_ros2_support_packages/motoman_sia20d_support) by extension 'colcon_meta'
[0.233s] Level 1:colcon.colcon_core.package_identification:_identify(src/motoman_ros2_support_packages/motoman_sia20d_support) by extensions ['ros']
[0.233s] Level 1:colcon.colcon_core.package_identification:_identify(src/motoman_ros2_support_packages/motoman_sia20d_support) by extension 'ros'
[0.243s] DEBUG:colcon.colcon_core.package_identification:Package 'src/motoman_ros2_support_packages/motoman_sia20d_support' with type 'ros.ament_cmake' and name 'motoman_sia20d_support'
[0.243s] Level 1:colcon.colcon_core.package_identification:_identify(src/motoman_ros2_support_packages/motoman_sia30d_support) by extensions ['ignore', 'ignore_ament_install']
[0.243s] Level 1:colcon.colcon_core.package_identification:_identify(src/motoman_ros2_support_packages/motoman_sia30d_support) by extension 'ignore'
[0.243s] Level 1:colcon.colcon_core.package_identification:_identify(src/motoman_ros2_support_packages/motoman_sia30d_support) by extension 'ignore_ament_install'
[0.243s] Level 1:colcon.colcon_core.package_identification:_identify(src/motoman_ros2_support_packages/motoman_sia30d_support) by extensions ['colcon_pkg']
[0.243s] Level 1:colcon.colcon_core.package_identification:_identify(src/motoman_ros2_support_packages/motoman_sia30d_support) by extension 'colcon_pkg'
[0.243s] Level 1:colcon.colcon_core.package_identification:_identify(src/motoman_ros2_support_packages/motoman_sia30d_support) by extensions ['colcon_meta']
[0.243s] Level 1:colcon.colcon_core.package_identification:_identify(src/motoman_ros2_support_packages/motoman_sia30d_support) by extension 'colcon_meta'
[0.243s] Level 1:colcon.colcon_core.package_identification:_identify(src/motoman_ros2_support_packages/motoman_sia30d_support) by extensions ['ros']
[0.243s] Level 1:colcon.colcon_core.package_identification:_identify(src/motoman_ros2_support_packages/motoman_sia30d_support) by extension 'ros'
[0.243s] DEBUG:colcon.colcon_core.package_identification:Package 'src/motoman_ros2_support_packages/motoman_sia30d_support' with type 'ros.ament_cmake' and name 'motoman_sia30d_support'
[0.243s] Level 1:colcon.colcon_core.package_identification:_identify(src/motoman_ros2_support_packages/motoman_sia50_support) by extensions ['ignore', 'ignore_ament_install']
[0.243s] Level 1:colcon.colcon_core.package_identification:_identify(src/motoman_ros2_support_packages/motoman_sia50_support) by extension 'ignore'
[0.243s] Level 1:colcon.colcon_core.package_identification:_identify(src/motoman_ros2_support_packages/motoman_sia50_support) by extension 'ignore_ament_install'
[0.244s] Level 1:colcon.colcon_core.package_identification:_identify(src/motoman_ros2_support_packages/motoman_sia50_support) by extensions ['colcon_pkg']
[0.244s] Level 1:colcon.colcon_core.package_identification:_identify(src/motoman_ros2_support_packages/motoman_sia50_support) by extension 'colcon_pkg'
[0.244s] Level 1:colcon.colcon_core.package_identification:_identify(src/motoman_ros2_support_packages/motoman_sia50_support) by extensions ['colcon_meta']
[0.244s] Level 1:colcon.colcon_core.package_identification:_identify(src/motoman_ros2_support_packages/motoman_sia50_support) by extension 'colcon_meta'
[0.244s] Level 1:colcon.colcon_core.package_identification:_identify(src/motoman_ros2_support_packages/motoman_sia50_support) by extensions ['ros']
[0.244s] Level 1:colcon.colcon_core.package_identification:_identify(src/motoman_ros2_support_packages/motoman_sia50_support) by extension 'ros'
[0.244s] DEBUG:colcon.colcon_core.package_identification:Package 'src/motoman_ros2_support_packages/motoman_sia50_support' with type 'ros.ament_cmake' and name 'motoman_sia50_support'
[0.244s] Level 1:colcon.colcon_core.package_identification:_identify(src/motoman_ros2_support_packages/motoman_sia5d_support) by extensions ['ignore', 'ignore_ament_install']
[0.244s] Level 1:colcon.colcon_core.package_identification:_identify(src/motoman_ros2_support_packages/motoman_sia5d_support) by extension 'ignore'
[0.244s] Level 1:colcon.colcon_core.package_identification:_identify(src/motoman_ros2_support_packages/motoman_sia5d_support) by extension 'ignore_ament_install'
[0.244s] Level 1:colcon.colcon_core.package_identification:_identify(src/motoman_ros2_support_packages/motoman_sia5d_support) by extensions ['colcon_pkg']
[0.244s] Level 1:colcon.colcon_core.package_identification:_identify(src/motoman_ros2_support_packages/motoman_sia5d_support) by extension 'colcon_pkg'
[0.244s] Level 1:colcon.colcon_core.package_identification:_identify(src/motoman_ros2_support_packages/motoman_sia5d_support) by extensions ['colcon_meta']
[0.244s] Level 1:colcon.colcon_core.package_identification:_identify(src/motoman_ros2_support_packages/motoman_sia5d_support) by extension 'colcon_meta'
[0.244s] Level 1:colcon.colcon_core.package_identification:_identify(src/motoman_ros2_support_packages/motoman_sia5d_support) by extensions ['ros']
[0.244s] Level 1:colcon.colcon_core.package_identification:_identify(src/motoman_ros2_support_packages/motoman_sia5d_support) by extension 'ros'
[0.245s] DEBUG:colcon.colcon_core.package_identification:Package 'src/motoman_ros2_support_packages/motoman_sia5d_support' with type 'ros.ament_cmake' and name 'motoman_sia5d_support'
[0.245s] Level 1:colcon.colcon_core.package_identification:_identify(src/motoman_ros2_support_packages/motoman_up50n_support) by extensions ['ignore', 'ignore_ament_install']
[0.245s] Level 1:colcon.colcon_core.package_identification:_identify(src/motoman_ros2_support_packages/motoman_up50n_support) by extension 'ignore'
[0.245s] Level 1:colcon.colcon_core.package_identification:_identify(src/motoman_ros2_support_packages/motoman_up50n_support) by extension 'ignore_ament_install'
[0.245s] Level 1:colcon.colcon_core.package_identification:_identify(src/motoman_ros2_support_packages/motoman_up50n_support) by extensions ['colcon_pkg']
[0.245s] Level 1:colcon.colcon_core.package_identification:_identify(src/motoman_ros2_support_packages/motoman_up50n_support) by extension 'colcon_pkg'
[0.245s] Level 1:colcon.colcon_core.package_identification:_identify(src/motoman_ros2_support_packages/motoman_up50n_support) by extensions ['colcon_meta']
[0.245s] Level 1:colcon.colcon_core.package_identification:_identify(src/motoman_ros2_support_packages/motoman_up50n_support) by extension 'colcon_meta'
[0.245s] Level 1:colcon.colcon_core.package_identification:_identify(src/motoman_ros2_support_packages/motoman_up50n_support) by extensions ['ros']
[0.245s] Level 1:colcon.colcon_core.package_identification:_identify(src/motoman_ros2_support_packages/motoman_up50n_support) by extension 'ros'
[0.245s] DEBUG:colcon.colcon_core.package_identification:Package 'src/motoman_ros2_support_packages/motoman_up50n_support' with type 'ros.ament_cmake' and name 'motoman_up50n_support'
[0.245s] Level 1:colcon.colcon_core.package_identification:_identify(src/motoros2_interfaces) by extensions ['ignore', 'ignore_ament_install']
[0.245s] Level 1:colcon.colcon_core.package_identification:_identify(src/motoros2_interfaces) by extension 'ignore'
[0.245s] Level 1:colcon.colcon_core.package_identification:_identify(src/motoros2_interfaces) by extension 'ignore_ament_install'
[0.245s] Level 1:colcon.colcon_core.package_identification:_identify(src/motoros2_interfaces) by extensions ['colcon_pkg']
[0.245s] Level 1:colcon.colcon_core.package_identification:_identify(src/motoros2_interfaces) by extension 'colcon_pkg'
[0.245s] Level 1:colcon.colcon_core.package_identification:_identify(src/motoros2_interfaces) by extensions ['colcon_meta']
[0.245s] Level 1:colcon.colcon_core.package_identification:_identify(src/motoros2_interfaces) by extension 'colcon_meta'
[0.245s] Level 1:colcon.colcon_core.package_identification:_identify(src/motoros2_interfaces) by extensions ['ros']
[0.245s] Level 1:colcon.colcon_core.package_identification:_identify(src/motoros2_interfaces) by extension 'ros'
[0.246s] DEBUG:colcon.colcon_core.package_identification:Package 'src/motoros2_interfaces' with type 'ros.ament_cmake' and name 'motoros2_interfaces'
[0.246s] Level 1:colcon.colcon_core.package_identification:_identify(src/predictor_ui) by extensions ['ignore', 'ignore_ament_install']
[0.246s] Level 1:colcon.colcon_core.package_identification:_identify(src/predictor_ui) by extension 'ignore'
[0.246s] Level 1:colcon.colcon_core.package_identification:_identify(src/predictor_ui) by extension 'ignore_ament_install'
[0.246s] Level 1:colcon.colcon_core.package_identification:_identify(src/predictor_ui) by extensions ['colcon_pkg']
[0.246s] Level 1:colcon.colcon_core.package_identification:_identify(src/predictor_ui) by extension 'colcon_pkg'
[0.246s] Level 1:colcon.colcon_core.package_identification:_identify(src/predictor_ui) by extensions ['colcon_meta']
[0.246s] Level 1:colcon.colcon_core.package_identification:_identify(src/predictor_ui) by extension 'colcon_meta'
[0.246s] Level 1:colcon.colcon_core.package_identification:_identify(src/predictor_ui) by extensions ['ros']
[0.246s] Level 1:colcon.colcon_core.package_identification:_identify(src/predictor_ui) by extension 'ros'
[0.246s] DEBUG:colcon.colcon_core.package_identification:Package 'src/predictor_ui' with type 'ros.ament_python' and name 'predictor_ui'
[0.246s] Level 1:colcon.colcon_core.package_identification:_identify(src/realsense_tracker) by extensions ['ignore', 'ignore_ament_install']
[0.246s] Level 1:colcon.colcon_core.package_identification:_identify(src/realsense_tracker) by extension 'ignore'
[0.247s] Level 1:colcon.colcon_core.package_identification:_identify(src/realsense_tracker) by extension 'ignore_ament_install'
[0.247s] Level 1:colcon.colcon_core.package_identification:_identify(src/realsense_tracker) by extensions ['colcon_pkg']
[0.247s] Level 1:colcon.colcon_core.package_identification:_identify(src/realsense_tracker) by extension 'colcon_pkg'
[0.247s] Level 1:colcon.colcon_core.package_identification:_identify(src/realsense_tracker) by extensions ['colcon_meta']
[0.247s] Level 1:colcon.colcon_core.package_identification:_identify(src/realsense_tracker) by extension 'colcon_meta'
[0.247s] Level 1:colcon.colcon_core.package_identification:_identify(src/realsense_tracker) by extensions ['ros']
[0.247s] Level 1:colcon.colcon_core.package_identification:_identify(src/realsense_tracker) by extension 'ros'
[0.247s] DEBUG:colcon.colcon_core.package_identification:Package 'src/realsense_tracker' with type 'ros.ament_python' and name 'realsense_tracker'
[0.247s] Level 1:colcon.colcon_core.package_identification:_identify(src/trajectory_predictor) by extensions ['ignore', 'ignore_ament_install']
[0.247s] Level 1:colcon.colcon_core.package_identification:_identify(src/trajectory_predictor) by extension 'ignore'
[0.247s] Level 1:colcon.colcon_core.package_identification:_identify(src/trajectory_predictor) by extension 'ignore_ament_install'
[0.247s] Level 1:colcon.colcon_core.package_identification:_identify(src/trajectory_predictor) by extensions ['colcon_pkg']
[0.247s] Level 1:colcon.colcon_core.package_identification:_identify(src/trajectory_predictor) by extension 'colcon_pkg'
[0.247s] Level 1:colcon.colcon_core.package_identification:_identify(src/trajectory_predictor) by extensions ['colcon_meta']
[0.247s] Level 1:colcon.colcon_core.package_identification:_identify(src/trajectory_predictor) by extension 'colcon_meta'
[0.247s] Level 1:colcon.colcon_core.package_identification:_identify(src/trajectory_predictor) by extensions ['ros']
[0.247s] Level 1:colcon.colcon_core.package_identification:_identify(src/trajectory_predictor) by extension 'ros'
[0.248s] DEBUG:colcon.colcon_core.package_identification:Package 'src/trajectory_predictor' with type 'ros.ament_python' and name 'trajectory_predictor'
[0.248s] Level 1:colcon.colcon_core.package_discovery:discover_packages(recursive) using defaults
[0.248s] Level 1:colcon.colcon_core.package_discovery:discover_packages(ignore) discover
[0.248s] Level 1:colcon.colcon_core.package_discovery:discover_packages(ignore) using defaults
[0.248s] Level 1:colcon.colcon_core.package_discovery:discover_packages(path) discover
[0.248s] Level 1:colcon.colcon_core.package_discovery:discover_packages(path) using defaults
[0.265s] INFO:colcon.colcon_core.package_selection:Skipping not selected package 'human_hand_msgs' in 'src/human_hand_msgs'
[0.265s] INFO:colcon.colcon_core.package_selection:Skipping not selected package 'motoman_resources' in 'src/motoman_ros2_support_packages/motoman_resources'
[0.265s] INFO:colcon.colcon_core.package_selection:Skipping not selected package 'motoros2_interfaces' in 'src/motoros2_interfaces'
[0.265s] INFO:colcon.colcon_core.package_selection:Skipping not selected package 'coord_transform' in 'src/coord_transform'
[0.265s] INFO:colcon.colcon_core.package_selection:Skipping not selected package 'experiment_logger' in 'src/experiment_logger'
[0.265s] INFO:colcon.colcon_core.package_selection:Skipping not selected package 'kinect_tracker' in 'src/kinect_tracker'
[0.265s] INFO:colcon.colcon_core.package_selection:Skipping not selected package 'motoman_ar2010_support' in 'src/motoman_ros2_support_packages/motoman_ar2010_support'
[0.265s] INFO:colcon.colcon_core.package_selection:Skipping not selected package 'motoman_es_support' in 'src/motoman_ros2_support_packages/motoman_es_support'
[0.265s] INFO:colcon.colcon_core.package_selection:Skipping not selected package 'motoman_gp110_support' in 'src/motoman_ros2_support_packages/motoman_gp110_support'
[0.265s] INFO:colcon.colcon_core.package_selection:Skipping not selected package 'motoman_gp12_support' in 'src/motoman_ros2_support_packages/motoman_gp12_support'
[0.265s] INFO:colcon.colcon_core.package_selection:Skipping not selected package 'motoman_gp165r_support' in 'src/motoman_ros2_support_packages/motoman_gp165r_support'
[0.265s] INFO:colcon.colcon_core.package_selection:Skipping not selected package 'motoman_gp180_support' in 'src/motoman_ros2_support_packages/motoman_gp180_support'
[0.265s] INFO:colcon.colcon_core.package_selection:Skipping not selected package 'motoman_gp200r_support' in 'src/motoman_ros2_support_packages/motoman_gp200r_support'
[0.265s] INFO:colcon.colcon_core.package_selection:Skipping not selected package 'motoman_gp20hl_support' in 'src/motoman_ros2_support_packages/motoman_gp20hl_support'
[0.265s] INFO:colcon.colcon_core.package_selection:Skipping not selected package 'motoman_gp215_support' in 'src/motoman_ros2_support_packages/motoman_gp215_support'
[0.265s] INFO:colcon.colcon_core.package_selection:Skipping not selected package 'motoman_gp225_support' in 'src/motoman_ros2_support_packages/motoman_gp225_support'
[0.265s] INFO:colcon.colcon_core.package_selection:Skipping not selected package 'motoman_gp25_support' in 'src/motoman_ros2_support_packages/motoman_gp25_support'
[0.265s] INFO:colcon.colcon_core.package_selection:Skipping not selected package 'motoman_gp35l_support' in 'src/motoman_ros2_support_packages/motoman_gp35l_support'
[0.265s] INFO:colcon.colcon_core.package_selection:Skipping not selected package 'motoman_gp4_support' in 'src/motoman_ros2_support_packages/motoman_gp4_support'
[0.265s] INFO:colcon.colcon_core.package_selection:Skipping not selected package 'motoman_gp50_support' in 'src/motoman_ros2_support_packages/motoman_gp50_support'
[0.265s] INFO:colcon.colcon_core.package_selection:Skipping not selected package 'motoman_gp70l_support' in 'src/motoman_ros2_support_packages/motoman_gp70l_support'
[0.265s] INFO:colcon.colcon_core.package_selection:Skipping not selected package 'motoman_gp7_support' in 'src/motoman_ros2_support_packages/motoman_gp7_support'
[0.265s] INFO:colcon.colcon_core.package_selection:Skipping not selected package 'motoman_gp88_support' in 'src/motoman_ros2_support_packages/motoman_gp88_support'
[0.265s] INFO:colcon.colcon_core.package_selection:Skipping not selected package 'motoman_gp8_support' in 'src/motoman_ros2_support_packages/motoman_gp8_support'
[0.265s] INFO:colcon.colcon_core.package_selection:Skipping not selected package 'motoman_gp8l_support' in 'src/motoman_ros2_support_packages/motoman_gp8l_support'
[0.265s] INFO:colcon.colcon_core.package_selection:Skipping not selected package 'motoman_hc10_support' in 'src/motoman_ros2_support_packages/motoman_hc10_support'
[0.265s] INFO:colcon.colcon_core.package_selection:Skipping not selected package 'motoman_hc20_support' in 'src/motoman_ros2_support_packages/motoman_hc20_support'
[0.265s] INFO:colcon.colcon_core.package_selection:Skipping not selected package 'motoman_ma2010_support' in 'src/motoman_ros2_support_packages/motoman_ma2010_support'
[0.265s] INFO:colcon.colcon_core.package_selection:Skipping not selected package 'motoman_mh12_support' in 'src/motoman_ros2_support_packages/motoman_mh12_support'
[0.265s] INFO:colcon.colcon_core.package_selection:Skipping not selected package 'motoman_mh50_support' in 'src/motoman_ros2_support_packages/motoman_mh50_support'
[0.265s] INFO:colcon.colcon_core.package_selection:Skipping not selected package 'motoman_mh5_support' in 'src/motoman_ros2_support_packages/motoman_mh5_support'
[0.265s] INFO:colcon.colcon_core.package_selection:Skipping not selected package 'motoman_motomini_support' in 'src/motoman_ros2_support_packages/motoman_motomini_support'
[0.265s] INFO:colcon.colcon_core.package_selection:Skipping not selected package 'motoman_motopos_d500_support' in 'src/motoman_ros2_support_packages/motoman_motopos_d500_support'
[0.265s] INFO:colcon.colcon_core.package_selection:Skipping not selected package 'motoman_motopos_mh1655_support' in 'src/motoman_ros2_support_packages/motoman_motopos_mh1655_support'
[0.265s] INFO:colcon.colcon_core.package_selection:Skipping not selected package 'motoman_mpx1950_support' in 'src/motoman_ros2_support_packages/motoman_mpx1950_support'
[0.265s] INFO:colcon.colcon_core.package_selection:Skipping not selected package 'motoman_ms210_support' in 'src/motoman_ros2_support_packages/motoman_ms210_support'
[0.265s] INFO:colcon.colcon_core.package_selection:Skipping not selected package 'motoman_sda10f_support' in 'src/motoman_ros2_support_packages/motoman_sda10f_support'
[0.265s] INFO:colcon.colcon_core.package_selection:Skipping not selected package 'motoman_sia10d_support' in 'src/motoman_ros2_support_packages/motoman_sia10d_support'
[0.265s] INFO:colcon.colcon_core.package_selection:Skipping not selected package 'motoman_sia10f_support' in 'src/motoman_ros2_support_packages/motoman_sia10f_support'
[0.265s] INFO:colcon.colcon_core.package_selection:Skipping not selected package 'motoman_sia20d_support' in 'src/motoman_ros2_support_packages/motoman_sia20d_support'
[0.265s] INFO:colcon.colcon_core.package_selection:Skipping not selected package 'motoman_sia30d_support' in 'src/motoman_ros2_support_packages/motoman_sia30d_support'
[0.266s] INFO:colcon.colcon_core.package_selection:Skipping not selected package 'motoman_sia50_support' in 'src/motoman_ros2_support_packages/motoman_sia50_support'
[0.266s] INFO:colcon.colcon_core.package_selection:Skipping not selected package 'motoman_sia5d_support' in 'src/motoman_ros2_support_packages/motoman_sia5d_support'
[0.266s] INFO:colcon.colcon_core.package_selection:Skipping not selected package 'motoman_up50n_support' in 'src/motoman_ros2_support_packages/motoman_up50n_support'
[0.266s] INFO:colcon.colcon_core.package_selection:Skipping not selected package 'predictor_ui' in 'src/predictor_ui'
[0.266s] INFO:colcon.colcon_core.package_selection:Skipping not selected package 'realsense_tracker' in 'src/realsense_tracker'
[0.266s] INFO:colcon.colcon_core.package_selection:Skipping not selected package 'trajectory_predictor' in 'src/trajectory_predictor'
[0.266s] INFO:colcon.colcon_core.package_selection:Skipping not selected package 'motoman_gp250_support' in 'src/motoman_ros2_support_packages/motoman_gp250_support'
[0.266s] INFO:colcon.colcon_core.package_selection:Skipping not selected package 'motoman_hc10dtp_support' in 'src/motoman_hc10dtp_support'
[0.266s] INFO:colcon.colcon_core.package_selection:Skipping not selected package 'motoman_mh110_support' in 'src/motoman_ros2_support_packages/motoman_mh110_support'
[0.266s] INFO:colcon.colcon_core.package_selection:Skipping not selected package 'hc10dtp_moveit_config' in 'src/hc10dtp_moveit_config'
[0.266s] INFO:colcon.colcon_core.package_selection:Skipping not selected package 'motoman' in 'src/motoman_ros2_support_packages/motoman'
[0.266s] INFO:colcon.colcon_core.package_selection:Skipping not selected package 'hc10dtp_bringup' in 'src/hc10dtp_bringup'
[0.266s] INFO:colcon.colcon_core.package_selection:Skipping not selected package 'hc10dtp_simulation' in 'src/hc10dtp_simulation'
[0.266s] INFO:colcon.colcon_core.package_selection:Skipping not selected package 'hrc_bringup' in 'src/hrc_bringup'
[0.266s] Level 5:colcon.colcon_core.verb:set package 'kinect2_registration' build argument 'cmake_args' from command line to 'None'
[0.266s] Level 5:colcon.colcon_core.verb:set package 'kinect2_registration' build argument 'cmake_target' from command line to 'None'
[0.266s] Level 5:colcon.colcon_core.verb:set package 'kinect2_registration' build argument 'cmake_target_skip_unavailable' from command line to 'False'
[0.266s] Level 5:colcon.colcon_core.verb:set package 'kinect2_registration' build argument 'cmake_clean_cache' from command line to 'False'
[0.266s] Level 5:colcon.colcon_core.verb:set package 'kinect2_registration' build argument 'cmake_clean_first' from command line to 'False'
[0.266s] Level 5:colcon.colcon_core.verb:set package 'kinect2_registration' build argument 'cmake_force_configure' from command line to 'False'
[0.266s] Level 5:colcon.colcon_core.verb:set package 'kinect2_registration' build argument 'ament_cmake_args' from command line to 'None'
[0.266s] Level 5:colcon.colcon_core.verb:set package 'kinect2_registration' build argument 'catkin_cmake_args' from command line to 'None'
[0.266s] Level 5:colcon.colcon_core.verb:set package 'kinect2_registration' build argument 'catkin_skip_building_tests' from command line to 'False'
[0.266s] DEBUG:colcon.colcon_core.verb:Building package 'kinect2_registration' with the following arguments: {'ament_cmake_args': None, 'build_base': '/home/hungnb/cocarry_ws/build/kinect2_registration', 'catkin_cmake_args': None, 'catkin_skip_building_tests': False, 'cmake_args': None, 'cmake_clean_cache': False, 'cmake_clean_first': False, 'cmake_force_configure': False, 'cmake_target': None, 'cmake_target_skip_unavailable': False, 'install_base': '/home/hungnb/cocarry_ws/install/kinect2_registration', 'merge_install': False, 'path': '/home/hungnb/cocarry_ws/src/kinect2_ros2/kinect2_registration', 'symlink_install': False, 'test_result_base': None}
[0.266s] Level 5:colcon.colcon_core.verb:set package 'kinect2_bridge' build argument 'cmake_args' from command line to 'None'
[0.266s] Level 5:colcon.colcon_core.verb:set package 'kinect2_bridge' build argument 'cmake_target' from command line to 'None'
[0.266s] Level 5:colcon.colcon_core.verb:set package 'kinect2_bridge' build argument 'cmake_target_skip_unavailable' from command line to 'False'
[0.266s] Level 5:colcon.colcon_core.verb:set package 'kinect2_bridge' build argument 'cmake_clean_cache' from command line to 'False'
[0.266s] Level 5:colcon.colcon_core.verb:set package 'kinect2_bridge' build argument 'cmake_clean_first' from command line to 'False'
[0.266s] Level 5:colcon.colcon_core.verb:set package 'kinect2_bridge' build argument 'cmake_force_configure' from command line to 'False'
[0.266s] Level 5:colcon.colcon_core.verb:set package 'kinect2_bridge' build argument 'ament_cmake_args' from command line to 'None'
[0.266s] Level 5:colcon.colcon_core.verb:set package 'kinect2_bridge' build argument 'catkin_cmake_args' from command line to 'None'
[0.266s] Level 5:colcon.colcon_core.verb:set package 'kinect2_bridge' build argument 'catkin_skip_building_tests' from command line to 'False'
[0.266s] DEBUG:colcon.colcon_core.verb:Building package 'kinect2_bridge' with the following arguments: {'ament_cmake_args': None, 'build_base': '/home/hungnb/cocarry_ws/build/kinect2_bridge', 'catkin_cmake_args': None, 'catkin_skip_building_tests': False, 'cmake_args': None, 'cmake_clean_cache': False, 'cmake_clean_first': False, 'cmake_force_configure': False, 'cmake_target': None, 'cmake_target_skip_unavailable': False, 'install_base': '/home/hungnb/cocarry_ws/install/kinect2_bridge', 'merge_install': False, 'path': '/home/hungnb/cocarry_ws/src/kinect2_ros2/kinect2_bridge', 'symlink_install': False, 'test_result_base': None}
[0.266s] Level 5:colcon.colcon_core.verb:set package 'kinect2_calibration' build argument 'cmake_args' from command line to 'None'
[0.266s] Level 5:colcon.colcon_core.verb:set package 'kinect2_calibration' build argument 'cmake_target' from command line to 'None'
[0.266s] Level 5:colcon.colcon_core.verb:set package 'kinect2_calibration' build argument 'cmake_target_skip_unavailable' from command line to 'False'
[0.266s] Level 5:colcon.colcon_core.verb:set package 'kinect2_calibration' build argument 'cmake_clean_cache' from command line to 'False'
[0.266s] Level 5:colcon.colcon_core.verb:set package 'kinect2_calibration' build argument 'cmake_clean_first' from command line to 'False'
[0.266s] Level 5:colcon.colcon_core.verb:set package 'kinect2_calibration' build argument 'cmake_force_configure' from command line to 'False'
[0.266s] Level 5:colcon.colcon_core.verb:set package 'kinect2_calibration' build argument 'ament_cmake_args' from command line to 'None'
[0.266s] Level 5:colcon.colcon_core.verb:set package 'kinect2_calibration' build argument 'catkin_cmake_args' from command line to 'None'
[0.266s] Level 5:colcon.colcon_core.verb:set package 'kinect2_calibration' build argument 'catkin_skip_building_tests' from command line to 'False'
[0.266s] DEBUG:colcon.colcon_core.verb:Building package 'kinect2_calibration' with the following arguments: {'ament_cmake_args': None, 'build_base': '/home/hungnb/cocarry_ws/build/kinect2_calibration', 'catkin_cmake_args': None, 'catkin_skip_building_tests': False, 'cmake_args': None, 'cmake_clean_cache': False, 'cmake_clean_first': False, 'cmake_force_configure': False, 'cmake_target': None, 'cmake_target_skip_unavailable': False, 'install_base': '/home/hungnb/cocarry_ws/install/kinect2_calibration', 'merge_install': False, 'path': '/home/hungnb/cocarry_ws/src/kinect2_ros2/kinect2_calibration', 'symlink_install': False, 'test_result_base': None}
[0.267s] INFO:colcon.colcon_core.executor:Executing jobs using 'parallel' executor
[0.267s] DEBUG:colcon.colcon_parallel_executor.executor.parallel:run_until_complete
[0.267s] INFO:colcon.colcon_ros.task.ament_cmake.build:Building ROS package in '/home/hungnb/cocarry_ws/src/kinect2_ros2/kinect2_registration' with build type 'ament_cmake'
[0.268s] INFO:colcon.colcon_cmake.task.cmake.build:Building CMake package in '/home/hungnb/cocarry_ws/src/kinect2_ros2/kinect2_registration'
[0.269s] INFO:colcon.colcon_core.plugin_system:Skipping extension 'colcon_core.shell.bat': Not used on non-Windows systems
[0.269s] INFO:colcon.colcon_core.shell:Skip shell extension 'powershell' for command environment: Not usable outside of PowerShell
[0.270s] DEBUG:colcon.colcon_core.shell:Skip shell extension 'dsv' for command environment
[0.279s] DEBUG:colcon.colcon_core.event_handler.log_command:Invoking command in '/home/hungnb/cocarry_ws/build/kinect2_registration': CMAKE_PREFIX_PATH=/opt/ros/humble /usr/bin/cmake --build /home/hungnb/cocarry_ws/build/kinect2_registration -- -j16 -l16
[0.340s] DEBUG:colcon.colcon_core.event_handler.log_command:Invoked command in '/home/hungnb/cocarry_ws/build/kinect2_registration' returned '0': CMAKE_PREFIX_PATH=/opt/ros/humble /usr/bin/cmake --build /home/hungnb/cocarry_ws/build/kinect2_registration -- -j16 -l16
[0.350s] DEBUG:colcon.colcon_core.event_handler.log_command:Invoking command in '/home/hungnb/cocarry_ws/build/kinect2_registration': CMAKE_PREFIX_PATH=/opt/ros/humble /usr/bin/cmake --install /home/hungnb/cocarry_ws/build/kinect2_registration
[0.358s] Level 1:colcon.colcon_core.environment:create_environment_scripts_only(kinect2_registration)
[0.358s] DEBUG:colcon.colcon_core.event_handler.log_command:Invoked command in '/home/hungnb/cocarry_ws/build/kinect2_registration' returned '0': CMAKE_PREFIX_PATH=/opt/ros/humble /usr/bin/cmake --install /home/hungnb/cocarry_ws/build/kinect2_registration
[0.360s] Level 1:colcon.colcon_core.environment:checking '/home/hungnb/cocarry_ws/install/kinect2_registration' for CMake module files
[0.360s] Level 1:colcon.colcon_core.environment:checking '/home/hungnb/cocarry_ws/install/kinect2_registration' for CMake config files
[0.360s] Level 1:colcon.colcon_core.shell:create_environment_hook('kinect2_registration', 'cmake_prefix_path')
[0.361s] INFO:colcon.colcon_core.shell:Creating environment hook '/home/hungnb/cocarry_ws/install/kinect2_registration/share/kinect2_registration/hook/cmake_prefix_path.ps1'
[0.361s] INFO:colcon.colcon_core.shell:Creating environment descriptor '/home/hungnb/cocarry_ws/install/kinect2_registration/share/kinect2_registration/hook/cmake_prefix_path.dsv'
[0.361s] INFO:colcon.colcon_core.shell:Creating environment hook '/home/hungnb/cocarry_ws/install/kinect2_registration/share/kinect2_registration/hook/cmake_prefix_path.sh'
[0.362s] Level 1:colcon.colcon_core.environment:checking '/home/hungnb/cocarry_ws/install/kinect2_registration/lib'
[0.362s] Level 1:colcon.colcon_core.environment:checking '/home/hungnb/cocarry_ws/install/kinect2_registration/bin'
[0.362s] Level 1:colcon.colcon_core.environment:checking '/home/hungnb/cocarry_ws/install/kinect2_registration/lib/pkgconfig/kinect2_registration.pc'
[0.363s] Level 1:colcon.colcon_core.environment:checking '/home/hungnb/cocarry_ws/install/kinect2_registration/lib/python3.10/site-packages'
[0.363s] Level 1:colcon.colcon_core.environment:checking '/home/hungnb/cocarry_ws/install/kinect2_registration/bin'
[0.363s] INFO:colcon.colcon_core.shell:Creating package script '/home/hungnb/cocarry_ws/install/kinect2_registration/share/kinect2_registration/package.ps1'
[0.363s] INFO:colcon.colcon_core.shell:Creating package descriptor '/home/hungnb/cocarry_ws/install/kinect2_registration/share/kinect2_registration/package.dsv'
[0.364s] INFO:colcon.colcon_core.shell:Creating package script '/home/hungnb/cocarry_ws/install/kinect2_registration/share/kinect2_registration/package.sh'
[0.364s] INFO:colcon.colcon_core.shell:Creating package script '/home/hungnb/cocarry_ws/install/kinect2_registration/share/kinect2_registration/package.bash'
[0.364s] INFO:colcon.colcon_core.shell:Creating package script '/home/hungnb/cocarry_ws/install/kinect2_registration/share/kinect2_registration/package.zsh'
[0.365s] Level 1:colcon.colcon_core.environment:create_file_with_runtime_dependencies(/home/hungnb/cocarry_ws/install/kinect2_registration/share/colcon-core/packages/kinect2_registration)
[0.365s] Level 1:colcon.colcon_core.environment:create_environment_scripts_only(kinect2_registration)
[0.365s] Level 1:colcon.colcon_core.environment:checking '/home/hungnb/cocarry_ws/install/kinect2_registration' for CMake module files
[0.366s] Level 1:colcon.colcon_core.environment:checking '/home/hungnb/cocarry_ws/install/kinect2_registration' for CMake config files
[0.366s] Level 1:colcon.colcon_core.shell:create_environment_hook('kinect2_registration', 'cmake_prefix_path')
[0.366s] INFO:colcon.colcon_core.shell:Creating environment hook '/home/hungnb/cocarry_ws/install/kinect2_registration/share/kinect2_registration/hook/cmake_prefix_path.ps1'
[0.366s] INFO:colcon.colcon_core.shell:Creating environment descriptor '/home/hungnb/cocarry_ws/install/kinect2_registration/share/kinect2_registration/hook/cmake_prefix_path.dsv'
[0.366s] INFO:colcon.colcon_core.shell:Creating environment hook '/home/hungnb/cocarry_ws/install/kinect2_registration/share/kinect2_registration/hook/cmake_prefix_path.sh'
[0.367s] Level 1:colcon.colcon_core.environment:checking '/home/hungnb/cocarry_ws/install/kinect2_registration/lib'
[0.367s] Level 1:colcon.colcon_core.environment:checking '/home/hungnb/cocarry_ws/install/kinect2_registration/bin'
[0.367s] Level 1:colcon.colcon_core.environment:checking '/home/hungnb/cocarry_ws/install/kinect2_registration/lib/pkgconfig/kinect2_registration.pc'
[0.367s] Level 1:colcon.colcon_core.environment:checking '/home/hungnb/cocarry_ws/install/kinect2_registration/lib/python3.10/site-packages'
[0.367s] Level 1:colcon.colcon_core.environment:checking '/home/hungnb/cocarry_ws/install/kinect2_registration/bin'
[0.367s] INFO:colcon.colcon_core.shell:Creating package script '/home/hungnb/cocarry_ws/install/kinect2_registration/share/kinect2_registration/package.ps1'
[0.367s] INFO:colcon.colcon_core.shell:Creating package descriptor '/home/hungnb/cocarry_ws/install/kinect2_registration/share/kinect2_registration/package.dsv'
[0.368s] INFO:colcon.colcon_core.shell:Creating package script '/home/hungnb/cocarry_ws/install/kinect2_registration/share/kinect2_registration/package.sh'
[0.368s] INFO:colcon.colcon_core.shell:Creating package script '/home/hungnb/cocarry_ws/install/kinect2_registration/share/kinect2_registration/package.bash'
[0.368s] INFO:colcon.colcon_core.shell:Creating package script '/home/hungnb/cocarry_ws/install/kinect2_registration/share/kinect2_registration/package.zsh'
[0.368s] Level 1:colcon.colcon_core.environment:create_file_with_runtime_dependencies(/home/hungnb/cocarry_ws/install/kinect2_registration/share/colcon-core/packages/kinect2_registration)
[0.369s] INFO:colcon.colcon_ros.task.ament_cmake.build:Building ROS package in '/home/hungnb/cocarry_ws/src/kinect2_ros2/kinect2_bridge' with build type 'ament_cmake'
[0.369s] INFO:colcon.colcon_cmake.task.cmake.build:Building CMake package in '/home/hungnb/cocarry_ws/src/kinect2_ros2/kinect2_bridge'
[0.369s] INFO:colcon.colcon_core.shell:Skip shell extension 'powershell' for command environment: Not usable outside of PowerShell
[0.369s] DEBUG:colcon.colcon_core.shell:Skip shell extension 'dsv' for command environment
[0.379s] DEBUG:colcon.colcon_core.event_handler.log_command:Invoking command in '/home/hungnb/cocarry_ws/build/kinect2_bridge': AMENT_PREFIX_PATH=/home/hungnb/cocarry_ws/install/kinect2_registration:${AMENT_PREFIX_PATH} CMAKE_PREFIX_PATH=/home/hungnb/cocarry_ws/install/kinect2_registration:/opt/ros/humble LD_LIBRARY_PATH=/home/hungnb/cocarry_ws/install/kinect2_registration/lib:${LD_LIBRARY_PATH} /usr/bin/cmake --build /home/hungnb/cocarry_ws/build/kinect2_bridge -- -j16 -l16
[0.449s] DEBUG:colcon.colcon_core.event_handler.log_command:Invoked command in '/home/hungnb/cocarry_ws/build/kinect2_bridge' returned '0': AMENT_PREFIX_PATH=/home/hungnb/cocarry_ws/install/kinect2_registration:${AMENT_PREFIX_PATH} CMAKE_PREFIX_PATH=/home/hungnb/cocarry_ws/install/kinect2_registration:/opt/ros/humble LD_LIBRARY_PATH=/home/hungnb/cocarry_ws/install/kinect2_registration/lib:${LD_LIBRARY_PATH} /usr/bin/cmake --build /home/hungnb/cocarry_ws/build/kinect2_bridge -- -j16 -l16
[0.451s] DEBUG:colcon.colcon_core.event_handler.log_command:Invoking command in '/home/hungnb/cocarry_ws/build/kinect2_bridge': AMENT_PREFIX_PATH=/home/hungnb/cocarry_ws/install/kinect2_registration:${AMENT_PREFIX_PATH} CMAKE_PREFIX_PATH=/home/hungnb/cocarry_ws/install/kinect2_registration:/opt/ros/humble LD_LIBRARY_PATH=/home/hungnb/cocarry_ws/install/kinect2_registration/lib:${LD_LIBRARY_PATH} /usr/bin/cmake --install /home/hungnb/cocarry_ws/build/kinect2_bridge
[0.460s] Level 1:colcon.colcon_core.environment:create_environment_scripts_only(kinect2_bridge)
[0.460s] Level 1:colcon.colcon_core.environment:checking '/home/hungnb/cocarry_ws/install/kinect2_bridge' for CMake module files
[0.461s] DEBUG:colcon.colcon_core.event_handler.log_command:Invoked command in '/home/hungnb/cocarry_ws/build/kinect2_bridge' returned '0': AMENT_PREFIX_PATH=/home/hungnb/cocarry_ws/install/kinect2_registration:${AMENT_PREFIX_PATH} CMAKE_PREFIX_PATH=/home/hungnb/cocarry_ws/install/kinect2_registration:/opt/ros/humble LD_LIBRARY_PATH=/home/hungnb/cocarry_ws/install/kinect2_registration/lib:${LD_LIBRARY_PATH} /usr/bin/cmake --install /home/hungnb/cocarry_ws/build/kinect2_bridge
[0.461s] Level 1:colcon.colcon_core.environment:checking '/home/hungnb/cocarry_ws/install/kinect2_bridge' for CMake config files
[0.461s] Level 1:colcon.colcon_core.shell:create_environment_hook('kinect2_bridge', 'cmake_prefix_path')
[0.461s] INFO:colcon.colcon_core.shell:Creating environment hook '/home/hungnb/cocarry_ws/install/kinect2_bridge/share/kinect2_bridge/hook/cmake_prefix_path.ps1'
[0.461s] INFO:colcon.colcon_core.shell:Creating environment descriptor '/home/hungnb/cocarry_ws/install/kinect2_bridge/share/kinect2_bridge/hook/cmake_prefix_path.dsv'
[0.462s] INFO:colcon.colcon_core.shell:Creating environment hook '/home/hungnb/cocarry_ws/install/kinect2_bridge/share/kinect2_bridge/hook/cmake_prefix_path.sh'
[0.462s] Level 1:colcon.colcon_core.environment:checking '/home/hungnb/cocarry_ws/install/kinect2_bridge/lib'
[0.462s] Level 1:colcon.colcon_core.environment:checking '/home/hungnb/cocarry_ws/install/kinect2_bridge/bin'
[0.462s] Level 1:colcon.colcon_core.environment:checking '/home/hungnb/cocarry_ws/install/kinect2_bridge/lib/pkgconfig/kinect2_bridge.pc'
[0.462s] Level 1:colcon.colcon_core.environment:checking '/home/hungnb/cocarry_ws/install/kinect2_bridge/lib/python3.10/site-packages'
[0.462s] Level 1:colcon.colcon_core.environment:checking '/home/hungnb/cocarry_ws/install/kinect2_bridge/bin'
[0.462s] INFO:colcon.colcon_core.shell:Creating package script '/home/hungnb/cocarry_ws/install/kinect2_bridge/share/kinect2_bridge/package.ps1'
[0.463s] INFO:colcon.colcon_core.shell:Creating package descriptor '/home/hungnb/cocarry_ws/install/kinect2_bridge/share/kinect2_bridge/package.dsv'
[0.463s] INFO:colcon.colcon_core.shell:Creating package script '/home/hungnb/cocarry_ws/install/kinect2_bridge/share/kinect2_bridge/package.sh'
[0.463s] INFO:colcon.colcon_core.shell:Creating package script '/home/hungnb/cocarry_ws/install/kinect2_bridge/share/kinect2_bridge/package.bash'
[0.463s] INFO:colcon.colcon_core.shell:Creating package script '/home/hungnb/cocarry_ws/install/kinect2_bridge/share/kinect2_bridge/package.zsh'
[0.464s] Level 1:colcon.colcon_core.environment:create_file_with_runtime_dependencies(/home/hungnb/cocarry_ws/install/kinect2_bridge/share/colcon-core/packages/kinect2_bridge)
[0.464s] Level 1:colcon.colcon_core.environment:create_environment_scripts_only(kinect2_bridge)
[0.464s] Level 1:colcon.colcon_core.environment:checking '/home/hungnb/cocarry_ws/install/kinect2_bridge' for CMake module files
[0.464s] Level 1:colcon.colcon_core.environment:checking '/home/hungnb/cocarry_ws/install/kinect2_bridge' for CMake config files
[0.464s] Level 1:colcon.colcon_core.shell:create_environment_hook('kinect2_bridge', 'cmake_prefix_path')
[0.465s] INFO:colcon.colcon_core.shell:Creating environment hook '/home/hungnb/cocarry_ws/install/kinect2_bridge/share/kinect2_bridge/hook/cmake_prefix_path.ps1'
[0.465s] INFO:colcon.colcon_core.shell:Creating environment descriptor '/home/hungnb/cocarry_ws/install/kinect2_bridge/share/kinect2_bridge/hook/cmake_prefix_path.dsv'
[0.465s] INFO:colcon.colcon_core.shell:Creating environment hook '/home/hungnb/cocarry_ws/install/kinect2_bridge/share/kinect2_bridge/hook/cmake_prefix_path.sh'
[0.465s] Level 1:colcon.colcon_core.environment:checking '/home/hungnb/cocarry_ws/install/kinect2_bridge/lib'
[0.465s] Level 1:colcon.colcon_core.environment:checking '/home/hungnb/cocarry_ws/install/kinect2_bridge/bin'
[0.465s] Level 1:colcon.colcon_core.environment:checking '/home/hungnb/cocarry_ws/install/kinect2_bridge/lib/pkgconfig/kinect2_bridge.pc'
[0.465s] Level 1:colcon.colcon_core.environment:checking '/home/hungnb/cocarry_ws/install/kinect2_bridge/lib/python3.10/site-packages'
[0.466s] Level 1:colcon.colcon_core.environment:checking '/home/hungnb/cocarry_ws/install/kinect2_bridge/bin'
[0.466s] INFO:colcon.colcon_core.shell:Creating package script '/home/hungnb/cocarry_ws/install/kinect2_bridge/share/kinect2_bridge/package.ps1'
[0.466s] INFO:colcon.colcon_core.shell:Creating package descriptor '/home/hungnb/cocarry_ws/install/kinect2_bridge/share/kinect2_bridge/package.dsv'
[0.466s] INFO:colcon.colcon_core.shell:Creating package script '/home/hungnb/cocarry_ws/install/kinect2_bridge/share/kinect2_bridge/package.sh'
[0.467s] INFO:colcon.colcon_core.shell:Creating package script '/home/hungnb/cocarry_ws/install/kinect2_bridge/share/kinect2_bridge/package.bash'
[0.467s] INFO:colcon.colcon_core.shell:Creating package script '/home/hungnb/cocarry_ws/install/kinect2_bridge/share/kinect2_bridge/package.zsh'
[0.467s] Level 1:colcon.colcon_core.environment:create_file_with_runtime_dependencies(/home/hungnb/cocarry_ws/install/kinect2_bridge/share/colcon-core/packages/kinect2_bridge)
[0.467s] INFO:colcon.colcon_ros.task.ament_cmake.build:Building ROS package in '/home/hungnb/cocarry_ws/src/kinect2_ros2/kinect2_calibration' with build type 'ament_cmake'
[0.467s] INFO:colcon.colcon_cmake.task.cmake.build:Building CMake package in '/home/hungnb/cocarry_ws/src/kinect2_ros2/kinect2_calibration'
[0.467s] INFO:colcon.colcon_core.shell:Skip shell extension 'powershell' for command environment: Not usable outside of PowerShell
[0.467s] DEBUG:colcon.colcon_core.shell:Skip shell extension 'dsv' for command environment
[0.476s] DEBUG:colcon.colcon_core.event_handler.log_command:Invoking command in '/home/hungnb/cocarry_ws/build/kinect2_calibration': AMENT_PREFIX_PATH=/home/hungnb/cocarry_ws/install/kinect2_bridge:/home/hungnb/cocarry_ws/install/kinect2_registration:${AMENT_PREFIX_PATH} CMAKE_PREFIX_PATH=/home/hungnb/cocarry_ws/install/kinect2_bridge:/home/hungnb/cocarry_ws/install/kinect2_registration:/opt/ros/humble LD_LIBRARY_PATH=/home/hungnb/cocarry_ws/install/kinect2_registration/lib:${LD_LIBRARY_PATH} /usr/bin/cmake /home/hungnb/cocarry_ws/src/kinect2_ros2/kinect2_calibration -DCMAKE_INSTALL_PREFIX=/home/hungnb/cocarry_ws/install/kinect2_calibration
[0.789s] DEBUG:colcon.colcon_core.event_handler.log_command:Invoked command in '/home/hungnb/cocarry_ws/build/kinect2_calibration' returned '1': AMENT_PREFIX_PATH=/home/hungnb/cocarry_ws/install/kinect2_bridge:/home/hungnb/cocarry_ws/install/kinect2_registration:${AMENT_PREFIX_PATH} CMAKE_PREFIX_PATH=/home/hungnb/cocarry_ws/install/kinect2_bridge:/home/hungnb/cocarry_ws/install/kinect2_registration:/opt/ros/humble LD_LIBRARY_PATH=/home/hungnb/cocarry_ws/install/kinect2_registration/lib:${LD_LIBRARY_PATH} /usr/bin/cmake /home/hungnb/cocarry_ws/src/kinect2_ros2/kinect2_calibration -DCMAKE_INSTALL_PREFIX=/home/hungnb/cocarry_ws/install/kinect2_calibration
[0.800s] Level 1:colcon.colcon_core.environment:create_environment_scripts_only(kinect2_calibration)
[0.801s] Level 1:colcon.colcon_core.environment:checking '/home/hungnb/cocarry_ws/install/kinect2_calibration' for CMake module files
[0.801s] Level 1:colcon.colcon_core.environment:checking '/home/hungnb/cocarry_ws/install/kinect2_calibration' for CMake config files
[0.801s] Level 1:colcon.colcon_core.environment:checking '/home/hungnb/cocarry_ws/install/kinect2_calibration/bin'
[0.801s] Level 1:colcon.colcon_core.environment:checking '/home/hungnb/cocarry_ws/install/kinect2_calibration/lib/pkgconfig/kinect2_calibration.pc'
[0.802s] Level 1:colcon.colcon_core.environment:checking '/home/hungnb/cocarry_ws/install/kinect2_calibration/lib/python3.10/site-packages'
[0.802s] Level 1:colcon.colcon_core.environment:checking '/home/hungnb/cocarry_ws/install/kinect2_calibration/bin'
[0.802s] INFO:colcon.colcon_core.shell:Creating package script '/home/hungnb/cocarry_ws/install/kinect2_calibration/share/kinect2_calibration/package.ps1'
[0.803s] INFO:colcon.colcon_core.shell:Creating package descriptor '/home/hungnb/cocarry_ws/install/kinect2_calibration/share/kinect2_calibration/package.dsv'
[0.803s] INFO:colcon.colcon_core.shell:Creating package script '/home/hungnb/cocarry_ws/install/kinect2_calibration/share/kinect2_calibration/package.sh'
[0.803s] INFO:colcon.colcon_core.shell:Creating package script '/home/hungnb/cocarry_ws/install/kinect2_calibration/share/kinect2_calibration/package.bash'
[0.803s] INFO:colcon.colcon_core.shell:Creating package script '/home/hungnb/cocarry_ws/install/kinect2_calibration/share/kinect2_calibration/package.zsh'
[0.803s] Level 1:colcon.colcon_core.environment:create_file_with_runtime_dependencies(/home/hungnb/cocarry_ws/install/kinect2_calibration/share/colcon-core/packages/kinect2_calibration)
[0.814s] DEBUG:colcon.colcon_parallel_executor.executor.parallel:closing loop
[0.814s] DEBUG:colcon.colcon_parallel_executor.executor.parallel:loop closed
[0.814s] DEBUG:colcon.colcon_parallel_executor.executor.parallel:run_until_complete finished with '1'
[0.814s] DEBUG:colcon.colcon_core.event_reactor:joining thread
[0.818s] INFO:colcon.colcon_core.plugin_system:Skipping extension 'colcon_notification.desktop_notification.terminal_notifier': Not used on non-Darwin systems
[0.818s] INFO:colcon.colcon_core.plugin_system:Skipping extension 'colcon_notification.desktop_notification.win32': Not used on non-Windows systems
[0.818s] INFO:colcon.colcon_notification.desktop_notification:Sending desktop notification using 'notify2'
[0.823s] DEBUG:colcon.colcon_core.event_reactor:joined thread
[0.824s] INFO:colcon.colcon_core.shell:Creating prefix script '/home/hungnb/cocarry_ws/install/local_setup.ps1'
[0.825s] INFO:colcon.colcon_core.shell:Creating prefix util module '/home/hungnb/cocarry_ws/install/_local_setup_util_ps1.py'
[0.826s] INFO:colcon.colcon_core.shell:Creating prefix chain script '/home/hungnb/cocarry_ws/install/setup.ps1'
[0.826s] INFO:colcon.colcon_core.shell:Creating prefix script '/home/hungnb/cocarry_ws/install/local_setup.sh'
[0.826s] INFO:colcon.colcon_core.shell:Creating prefix util module '/home/hungnb/cocarry_ws/install/_local_setup_util_sh.py'
[0.827s] INFO:colcon.colcon_core.shell:Creating prefix chain script '/home/hungnb/cocarry_ws/install/setup.sh'
[0.827s] INFO:colcon.colcon_core.shell:Creating prefix script '/home/hungnb/cocarry_ws/install/local_setup.bash'
[0.828s] INFO:colcon.colcon_core.shell:Creating prefix chain script '/home/hungnb/cocarry_ws/install/setup.bash'
[0.828s] INFO:colcon.colcon_core.shell:Creating prefix script '/home/hungnb/cocarry_ws/install/local_setup.zsh'
[0.828s] INFO:colcon.colcon_core.shell:Creating prefix chain script '/home/hungnb/cocarry_ws/install/setup.zsh'
