[0.033s] Invoking command in '/home/hungnb/cocarry_ws/build/motoros2_interfaces': CMAKE_PREFIX_PATH=/home/hungnb/cocarry_ws/install/hrc_bringup:/home/hungnb/cocarry_ws/install/hc10dtp_simulation:/home/hungnb/cocarry_ws/install/motoros2_interfaces:/home/hungnb/cocarry_ws/install/motoman:/home/hungnb/cocarry_ws/install/motoman_up50n_support:/home/hungnb/cocarry_ws/install/motoman_sia5d_support:/home/hungnb/cocarry_ws/install/motoman_sia50_support:/home/hungnb/cocarry_ws/install/motoman_sia30d_support:/home/hungnb/cocarry_ws/install/motoman_sia20d_support:/home/hungnb/cocarry_ws/install/motoman_sia10f_support:/home/hungnb/cocarry_ws/install/motoman_sia10d_support:/home/hungnb/cocarry_ws/install/motoman_sda10f_support:/home/hungnb/cocarry_ws/install/motoman_ms210_support:/home/hungnb/cocarry_ws/install/motoman_mpx1950_support:/home/hungnb/cocarry_ws/install/motoman_motopos_mh1655_support:/home/hungnb/cocarry_ws/install/motoman_motopos_d500_support:/home/hungnb/cocarry_ws/install/motoman_motomini_support:/home/hungnb/cocarry_ws/install/motoman_mh5_support:/home/hungnb/cocarry_ws/install/motoman_mh50_support:/home/hungnb/cocarry_ws/install/motoman_mh12_support:/home/hungnb/cocarry_ws/install/motoman_mh110_support:/home/hungnb/cocarry_ws/install/motoman_ma2010_support:/home/hungnb/cocarry_ws/install/motoman_hc20_support:/home/hungnb/cocarry_ws/install/hc10dtp_bringup:/home/hungnb/cocarry_ws/install/hc10dtp_moveit_config:/home/hungnb/cocarry_ws/install/motoman_hc10dtp_support:/home/hungnb/cocarry_ws/install/motoman_hc10_support:/home/hungnb/cocarry_ws/install/motoman_gp8l_support:/home/hungnb/cocarry_ws/install/motoman_gp8_support:/home/hungnb/cocarry_ws/install/motoman_gp88_support:/home/hungnb/cocarry_ws/install/motoman_gp7_support:/home/hungnb/cocarry_ws/install/motoman_gp70l_support:/home/hungnb/cocarry_ws/install/motoman_gp50_support:/home/hungnb/cocarry_ws/install/motoman_gp4_support:/home/hungnb/cocarry_ws/install/motoman_gp35l_support:/home/hungnb/cocarry_ws/install/motoman_gp25_support:/home/hungnb/cocarry_ws/install/motoman_gp250_support:/home/hungnb/cocarry_ws/install/motoman_gp225_support:/home/hungnb/cocarry_ws/install/motoman_gp215_support:/home/hungnb/cocarry_ws/install/motoman_gp20hl_support:/home/hungnb/cocarry_ws/install/motoman_gp200r_support:/home/hungnb/cocarry_ws/install/motoman_gp180_support:/home/hungnb/cocarry_ws/install/motoman_gp165r_support:/home/hungnb/cocarry_ws/install/motoman_gp12_support:/home/hungnb/cocarry_ws/install/motoman_gp110_support:/home/hungnb/cocarry_ws/install/motoman_es_support:/home/hungnb/cocarry_ws/install/motoman_ar2010_support:/home/hungnb/cocarry_ws/install/motoman_resources:/home/hungnb/cocarry_ws/install/kinect2_calibration:/home/hungnb/cocarry_ws/install/kinect2_bridge:/home/hungnb/cocarry_ws/install/kinect2_registration:/home/hungnb/cocarry_ws/install/trajectory_predictor:/home/hungnb/cocarry_ws/install/realsense_tracker:/home/hungnb/cocarry_ws/install/predictor_ui:/home/hungnb/cocarry_ws/install/kinect_tracker:/home/hungnb/cocarry_ws/install/experiment_logger:/home/hungnb/cocarry_ws/install/coord_transform:/opt/ros/humble:/home/hungnb/cocarry_ws/install/human_hand_msgs /usr/bin/cmake /home/hungnb/cocarry_ws/src/motoros2_interfaces -DAMENT_CMAKE_SYMLINK_INSTALL=1 -DCMAKE_INSTALL_PREFIX=/home/hungnb/cocarry_ws/install/motoros2_interfaces
[0.042s] -- Found ament_cmake: 1.3.14 (/opt/ros/humble/share/ament_cmake/cmake)
[0.142s] -- Override CMake install command with custom implementation using symlinks instead of copying resources
[0.146s] -- Found builtin_interfaces: 1.2.3 (/opt/ros/humble/share/builtin_interfaces/cmake)
[0.162s] -- Found rosidl_generator_c: 3.1.9 (/opt/ros/humble/share/rosidl_generator_c/cmake)
[0.163s] -- Found rosidl_adapter: 3.1.9 (/opt/ros/humble/share/rosidl_adapter/cmake)
[0.167s] -- Found rosidl_generator_cpp: 3.1.9 (/opt/ros/humble/share/rosidl_generator_cpp/cmake)
[0.175s] -- Using all available rosidl_typesupport_c: rosidl_typesupport_fastrtps_c;rosidl_typesupport_introspection_c
[0.183s] -- Using all available rosidl_typesupport_cpp: rosidl_typesupport_fastrtps_cpp;rosidl_typesupport_introspection_cpp
[0.193s] -- Found rosidl_default_generators: 1.2.1 (/opt/ros/humble/share/rosidl_default_generators/cmake)
[0.201s] -- Found trajectory_msgs: 4.9.1 (/opt/ros/humble/share/trajectory_msgs/cmake)
[0.230s] -- Found ament_lint_auto: 0.12.15 (/opt/ros/humble/share/ament_lint_auto/cmake)
[0.757s] -- Found ament_cmake_ros: 0.10.0 (/opt/ros/humble/share/ament_cmake_ros/cmake)
[1.147s] -- Using all available rosidl_typesupport_c: rosidl_typesupport_fastrtps_c;rosidl_typesupport_introspection_c
[1.424s] -- Using all available rosidl_typesupport_cpp: rosidl_typesupport_fastrtps_cpp;rosidl_typesupport_introspection_cpp
[1.441s] -- Found python_cmake_module: 0.10.0 (/opt/ros/humble/share/python_cmake_module/cmake)
[1.516s] -- Using PYTHON_EXECUTABLE: /usr/bin/python3
[1.516s] -- Using PYTHON_INCLUDE_DIRS: /usr/include/python3.10
[1.516s] -- Using PYTHON_LIBRARIES: /usr/lib/x86_64-linux-gnu/libpython3.10.so
[1.655s] -- Added test 'copyright' to check source files copyright and LICENSE
[1.664s] -- Added test 'lint_cmake' to check CMake code style
[1.669s] -- Added test 'xmllint' to check XML markup files
[1.671s] -- Configuring done
[1.733s] -- Generating done
[1.745s] -- Build files have been written to: /home/hungnb/cocarry_ws/build/motoros2_interfaces
[1.848s] Invoked command in '/home/hungnb/cocarry_ws/build/motoros2_interfaces' returned '0': CMAKE_PREFIX_PATH=/home/hungnb/cocarry_ws/install/hrc_bringup:/home/hungnb/cocarry_ws/install/hc10dtp_simulation:/home/hungnb/cocarry_ws/install/motoros2_interfaces:/home/hungnb/cocarry_ws/install/motoman:/home/hungnb/cocarry_ws/install/motoman_up50n_support:/home/hungnb/cocarry_ws/install/motoman_sia5d_support:/home/hungnb/cocarry_ws/install/motoman_sia50_support:/home/hungnb/cocarry_ws/install/motoman_sia30d_support:/home/hungnb/cocarry_ws/install/motoman_sia20d_support:/home/hungnb/cocarry_ws/install/motoman_sia10f_support:/home/hungnb/cocarry_ws/install/motoman_sia10d_support:/home/hungnb/cocarry_ws/install/motoman_sda10f_support:/home/hungnb/cocarry_ws/install/motoman_ms210_support:/home/hungnb/cocarry_ws/install/motoman_mpx1950_support:/home/hungnb/cocarry_ws/install/motoman_motopos_mh1655_support:/home/hungnb/cocarry_ws/install/motoman_motopos_d500_support:/home/hungnb/cocarry_ws/install/motoman_motomini_support:/home/hungnb/cocarry_ws/install/motoman_mh5_support:/home/hungnb/cocarry_ws/install/motoman_mh50_support:/home/hungnb/cocarry_ws/install/motoman_mh12_support:/home/hungnb/cocarry_ws/install/motoman_mh110_support:/home/hungnb/cocarry_ws/install/motoman_ma2010_support:/home/hungnb/cocarry_ws/install/motoman_hc20_support:/home/hungnb/cocarry_ws/install/hc10dtp_bringup:/home/hungnb/cocarry_ws/install/hc10dtp_moveit_config:/home/hungnb/cocarry_ws/install/motoman_hc10dtp_support:/home/hungnb/cocarry_ws/install/motoman_hc10_support:/home/hungnb/cocarry_ws/install/motoman_gp8l_support:/home/hungnb/cocarry_ws/install/motoman_gp8_support:/home/hungnb/cocarry_ws/install/motoman_gp88_support:/home/hungnb/cocarry_ws/install/motoman_gp7_support:/home/hungnb/cocarry_ws/install/motoman_gp70l_support:/home/hungnb/cocarry_ws/install/motoman_gp50_support:/home/hungnb/cocarry_ws/install/motoman_gp4_support:/home/hungnb/cocarry_ws/install/motoman_gp35l_support:/home/hungnb/cocarry_ws/install/motoman_gp25_support:/home/hungnb/cocarry_ws/install/motoman_gp250_support:/home/hungnb/cocarry_ws/install/motoman_gp225_support:/home/hungnb/cocarry_ws/install/motoman_gp215_support:/home/hungnb/cocarry_ws/install/motoman_gp20hl_support:/home/hungnb/cocarry_ws/install/motoman_gp200r_support:/home/hungnb/cocarry_ws/install/motoman_gp180_support:/home/hungnb/cocarry_ws/install/motoman_gp165r_support:/home/hungnb/cocarry_ws/install/motoman_gp12_support:/home/hungnb/cocarry_ws/install/motoman_gp110_support:/home/hungnb/cocarry_ws/install/motoman_es_support:/home/hungnb/cocarry_ws/install/motoman_ar2010_support:/home/hungnb/cocarry_ws/install/motoman_resources:/home/hungnb/cocarry_ws/install/kinect2_calibration:/home/hungnb/cocarry_ws/install/kinect2_bridge:/home/hungnb/cocarry_ws/install/kinect2_registration:/home/hungnb/cocarry_ws/install/trajectory_predictor:/home/hungnb/cocarry_ws/install/realsense_tracker:/home/hungnb/cocarry_ws/install/predictor_ui:/home/hungnb/cocarry_ws/install/kinect_tracker:/home/hungnb/cocarry_ws/install/experiment_logger:/home/hungnb/cocarry_ws/install/coord_transform:/opt/ros/humble:/home/hungnb/cocarry_ws/install/human_hand_msgs /usr/bin/cmake /home/hungnb/cocarry_ws/src/motoros2_interfaces -DAMENT_CMAKE_SYMLINK_INSTALL=1 -DCMAKE_INSTALL_PREFIX=/home/hungnb/cocarry_ws/install/motoros2_interfaces
[1.851s] Invoking command in '/home/hungnb/cocarry_ws/build/motoros2_interfaces': CMAKE_PREFIX_PATH=/home/hungnb/cocarry_ws/install/hrc_bringup:/home/hungnb/cocarry_ws/install/hc10dtp_simulation:/home/hungnb/cocarry_ws/install/motoros2_interfaces:/home/hungnb/cocarry_ws/install/motoman:/home/hungnb/cocarry_ws/install/motoman_up50n_support:/home/hungnb/cocarry_ws/install/motoman_sia5d_support:/home/hungnb/cocarry_ws/install/motoman_sia50_support:/home/hungnb/cocarry_ws/install/motoman_sia30d_support:/home/hungnb/cocarry_ws/install/motoman_sia20d_support:/home/hungnb/cocarry_ws/install/motoman_sia10f_support:/home/hungnb/cocarry_ws/install/motoman_sia10d_support:/home/hungnb/cocarry_ws/install/motoman_sda10f_support:/home/hungnb/cocarry_ws/install/motoman_ms210_support:/home/hungnb/cocarry_ws/install/motoman_mpx1950_support:/home/hungnb/cocarry_ws/install/motoman_motopos_mh1655_support:/home/hungnb/cocarry_ws/install/motoman_motopos_d500_support:/home/hungnb/cocarry_ws/install/motoman_motomini_support:/home/hungnb/cocarry_ws/install/motoman_mh5_support:/home/hungnb/cocarry_ws/install/motoman_mh50_support:/home/hungnb/cocarry_ws/install/motoman_mh12_support:/home/hungnb/cocarry_ws/install/motoman_mh110_support:/home/hungnb/cocarry_ws/install/motoman_ma2010_support:/home/hungnb/cocarry_ws/install/motoman_hc20_support:/home/hungnb/cocarry_ws/install/hc10dtp_bringup:/home/hungnb/cocarry_ws/install/hc10dtp_moveit_config:/home/hungnb/cocarry_ws/install/motoman_hc10dtp_support:/home/hungnb/cocarry_ws/install/motoman_hc10_support:/home/hungnb/cocarry_ws/install/motoman_gp8l_support:/home/hungnb/cocarry_ws/install/motoman_gp8_support:/home/hungnb/cocarry_ws/install/motoman_gp88_support:/home/hungnb/cocarry_ws/install/motoman_gp7_support:/home/hungnb/cocarry_ws/install/motoman_gp70l_support:/home/hungnb/cocarry_ws/install/motoman_gp50_support:/home/hungnb/cocarry_ws/install/motoman_gp4_support:/home/hungnb/cocarry_ws/install/motoman_gp35l_support:/home/hungnb/cocarry_ws/install/motoman_gp25_support:/home/hungnb/cocarry_ws/install/motoman_gp250_support:/home/hungnb/cocarry_ws/install/motoman_gp225_support:/home/hungnb/cocarry_ws/install/motoman_gp215_support:/home/hungnb/cocarry_ws/install/motoman_gp20hl_support:/home/hungnb/cocarry_ws/install/motoman_gp200r_support:/home/hungnb/cocarry_ws/install/motoman_gp180_support:/home/hungnb/cocarry_ws/install/motoman_gp165r_support:/home/hungnb/cocarry_ws/install/motoman_gp12_support:/home/hungnb/cocarry_ws/install/motoman_gp110_support:/home/hungnb/cocarry_ws/install/motoman_es_support:/home/hungnb/cocarry_ws/install/motoman_ar2010_support:/home/hungnb/cocarry_ws/install/motoman_resources:/home/hungnb/cocarry_ws/install/kinect2_calibration:/home/hungnb/cocarry_ws/install/kinect2_bridge:/home/hungnb/cocarry_ws/install/kinect2_registration:/home/hungnb/cocarry_ws/install/trajectory_predictor:/home/hungnb/cocarry_ws/install/realsense_tracker:/home/hungnb/cocarry_ws/install/predictor_ui:/home/hungnb/cocarry_ws/install/kinect_tracker:/home/hungnb/cocarry_ws/install/experiment_logger:/home/hungnb/cocarry_ws/install/coord_transform:/opt/ros/humble:/home/hungnb/cocarry_ws/install/human_hand_msgs /usr/bin/cmake --build /home/hungnb/cocarry_ws/build/motoros2_interfaces -- -j16 -l16
[1.943s] [  1%] Built target motoros2_interfaces__cpp
[1.943s] [  1%] Built target motoros2_interfaces__rs
[1.949s] [35m[1mConsolidate compiler generated dependencies of target motoros2_interfaces__rosidl_generator_c[0m
[1.983s] [35m[1mConsolidate compiler generated dependencies of target motoros2_interfaces__rosidl_typesupport_cpp[0m
[1.983s] [35m[1mConsolidate compiler generated dependencies of target motoros2_interfaces__rosidl_typesupport_introspection_cpp[0m
[1.983s] [35m[1mConsolidate compiler generated dependencies of target motoros2_interfaces__rosidl_typesupport_fastrtps_cpp[0m
[1.983s] [  2%] Built target ament_cmake_python_symlink_motoros2_interfaces
[1.983s] [ 13%] Built target motoros2_interfaces__rosidl_generator_c
[2.023s] [ 25%] Built target motoros2_interfaces__rosidl_typesupport_cpp
[2.024s] [ 37%] Built target motoros2_interfaces__rosidl_typesupport_introspection_cpp
[2.038s] [ 49%] Built target motoros2_interfaces__rosidl_typesupport_fastrtps_cpp
[2.041s] [35m[1mConsolidate compiler generated dependencies of target motoros2_interfaces__rosidl_typesupport_c[0m
[2.042s] [35m[1mConsolidate compiler generated dependencies of target motoros2_interfaces__rosidl_typesupport_fastrtps_c[0m
[2.062s] [35m[1mConsolidate compiler generated dependencies of target motoros2_interfaces__rosidl_typesupport_introspection_c[0m
[2.078s] [ 61%] Built target motoros2_interfaces__rosidl_typesupport_c
[2.111s] [ 73%] Built target motoros2_interfaces__rosidl_typesupport_introspection_c
[2.121s] [ 85%] Built target motoros2_interfaces__rosidl_typesupport_fastrtps_c
[2.151s] [ 85%] Built target motoros2_interfaces
[2.203s] [ 86%] Built target motoros2_interfaces__py
[2.229s] [35m[1mConsolidate compiler generated dependencies of target motoros2_interfaces__rosidl_generator_py[0m
[2.270s] [ 97%] Built target motoros2_interfaces__rosidl_generator_py
[2.284s] [35m[1mConsolidate compiler generated dependencies of target motoros2_interfaces__rosidl_typesupport_c__pyext[0m
[2.284s] [35m[1mConsolidate compiler generated dependencies of target motoros2_interfaces__rosidl_typesupport_fastrtps_c__pyext[0m
[2.284s] [35m[1mConsolidate compiler generated dependencies of target motoros2_interfaces__rosidl_typesupport_introspection_c__pyext[0m
[2.300s] [ 98%] Built target motoros2_interfaces__rosidl_typesupport_c__pyext
[2.302s] [100%] Built target motoros2_interfaces__rosidl_typesupport_introspection_c__pyext
[2.302s] [100%] Built target motoros2_interfaces__rosidl_typesupport_fastrtps_c__pyext
[2.305s] running egg_info
[2.306s] writing motoros2_interfaces.egg-info/PKG-INFO
[2.307s] writing dependency_links to motoros2_interfaces.egg-info/dependency_links.txt
[2.307s] writing top-level names to motoros2_interfaces.egg-info/top_level.txt
[2.310s] reading manifest file 'motoros2_interfaces.egg-info/SOURCES.txt'
[2.310s] writing manifest file 'motoros2_interfaces.egg-info/SOURCES.txt'
[2.354s] [100%] Built target ament_cmake_python_build_motoros2_interfaces_egg
[2.657s] Invoked command in '/home/hungnb/cocarry_ws/build/motoros2_interfaces' returned '0': CMAKE_PREFIX_PATH=/home/hungnb/cocarry_ws/install/hrc_bringup:/home/hungnb/cocarry_ws/install/hc10dtp_simulation:/home/hungnb/cocarry_ws/install/motoros2_interfaces:/home/hungnb/cocarry_ws/install/motoman:/home/hungnb/cocarry_ws/install/motoman_up50n_support:/home/hungnb/cocarry_ws/install/motoman_sia5d_support:/home/hungnb/cocarry_ws/install/motoman_sia50_support:/home/hungnb/cocarry_ws/install/motoman_sia30d_support:/home/hungnb/cocarry_ws/install/motoman_sia20d_support:/home/hungnb/cocarry_ws/install/motoman_sia10f_support:/home/hungnb/cocarry_ws/install/motoman_sia10d_support:/home/hungnb/cocarry_ws/install/motoman_sda10f_support:/home/hungnb/cocarry_ws/install/motoman_ms210_support:/home/hungnb/cocarry_ws/install/motoman_mpx1950_support:/home/hungnb/cocarry_ws/install/motoman_motopos_mh1655_support:/home/hungnb/cocarry_ws/install/motoman_motopos_d500_support:/home/hungnb/cocarry_ws/install/motoman_motomini_support:/home/hungnb/cocarry_ws/install/motoman_mh5_support:/home/hungnb/cocarry_ws/install/motoman_mh50_support:/home/hungnb/cocarry_ws/install/motoman_mh12_support:/home/hungnb/cocarry_ws/install/motoman_mh110_support:/home/hungnb/cocarry_ws/install/motoman_ma2010_support:/home/hungnb/cocarry_ws/install/motoman_hc20_support:/home/hungnb/cocarry_ws/install/hc10dtp_bringup:/home/hungnb/cocarry_ws/install/hc10dtp_moveit_config:/home/hungnb/cocarry_ws/install/motoman_hc10dtp_support:/home/hungnb/cocarry_ws/install/motoman_hc10_support:/home/hungnb/cocarry_ws/install/motoman_gp8l_support:/home/hungnb/cocarry_ws/install/motoman_gp8_support:/home/hungnb/cocarry_ws/install/motoman_gp88_support:/home/hungnb/cocarry_ws/install/motoman_gp7_support:/home/hungnb/cocarry_ws/install/motoman_gp70l_support:/home/hungnb/cocarry_ws/install/motoman_gp50_support:/home/hungnb/cocarry_ws/install/motoman_gp4_support:/home/hungnb/cocarry_ws/install/motoman_gp35l_support:/home/hungnb/cocarry_ws/install/motoman_gp25_support:/home/hungnb/cocarry_ws/install/motoman_gp250_support:/home/hungnb/cocarry_ws/install/motoman_gp225_support:/home/hungnb/cocarry_ws/install/motoman_gp215_support:/home/hungnb/cocarry_ws/install/motoman_gp20hl_support:/home/hungnb/cocarry_ws/install/motoman_gp200r_support:/home/hungnb/cocarry_ws/install/motoman_gp180_support:/home/hungnb/cocarry_ws/install/motoman_gp165r_support:/home/hungnb/cocarry_ws/install/motoman_gp12_support:/home/hungnb/cocarry_ws/install/motoman_gp110_support:/home/hungnb/cocarry_ws/install/motoman_es_support:/home/hungnb/cocarry_ws/install/motoman_ar2010_support:/home/hungnb/cocarry_ws/install/motoman_resources:/home/hungnb/cocarry_ws/install/kinect2_calibration:/home/hungnb/cocarry_ws/install/kinect2_bridge:/home/hungnb/cocarry_ws/install/kinect2_registration:/home/hungnb/cocarry_ws/install/trajectory_predictor:/home/hungnb/cocarry_ws/install/realsense_tracker:/home/hungnb/cocarry_ws/install/predictor_ui:/home/hungnb/cocarry_ws/install/kinect_tracker:/home/hungnb/cocarry_ws/install/experiment_logger:/home/hungnb/cocarry_ws/install/coord_transform:/opt/ros/humble:/home/hungnb/cocarry_ws/install/human_hand_msgs /usr/bin/cmake --build /home/hungnb/cocarry_ws/build/motoros2_interfaces -- -j16 -l16
[2.659s] Invoking command in '/home/hungnb/cocarry_ws/build/motoros2_interfaces': CMAKE_PREFIX_PATH=/home/hungnb/cocarry_ws/install/hrc_bringup:/home/hungnb/cocarry_ws/install/hc10dtp_simulation:/home/hungnb/cocarry_ws/install/motoros2_interfaces:/home/hungnb/cocarry_ws/install/motoman:/home/hungnb/cocarry_ws/install/motoman_up50n_support:/home/hungnb/cocarry_ws/install/motoman_sia5d_support:/home/hungnb/cocarry_ws/install/motoman_sia50_support:/home/hungnb/cocarry_ws/install/motoman_sia30d_support:/home/hungnb/cocarry_ws/install/motoman_sia20d_support:/home/hungnb/cocarry_ws/install/motoman_sia10f_support:/home/hungnb/cocarry_ws/install/motoman_sia10d_support:/home/hungnb/cocarry_ws/install/motoman_sda10f_support:/home/hungnb/cocarry_ws/install/motoman_ms210_support:/home/hungnb/cocarry_ws/install/motoman_mpx1950_support:/home/hungnb/cocarry_ws/install/motoman_motopos_mh1655_support:/home/hungnb/cocarry_ws/install/motoman_motopos_d500_support:/home/hungnb/cocarry_ws/install/motoman_motomini_support:/home/hungnb/cocarry_ws/install/motoman_mh5_support:/home/hungnb/cocarry_ws/install/motoman_mh50_support:/home/hungnb/cocarry_ws/install/motoman_mh12_support:/home/hungnb/cocarry_ws/install/motoman_mh110_support:/home/hungnb/cocarry_ws/install/motoman_ma2010_support:/home/hungnb/cocarry_ws/install/motoman_hc20_support:/home/hungnb/cocarry_ws/install/hc10dtp_bringup:/home/hungnb/cocarry_ws/install/hc10dtp_moveit_config:/home/hungnb/cocarry_ws/install/motoman_hc10dtp_support:/home/hungnb/cocarry_ws/install/motoman_hc10_support:/home/hungnb/cocarry_ws/install/motoman_gp8l_support:/home/hungnb/cocarry_ws/install/motoman_gp8_support:/home/hungnb/cocarry_ws/install/motoman_gp88_support:/home/hungnb/cocarry_ws/install/motoman_gp7_support:/home/hungnb/cocarry_ws/install/motoman_gp70l_support:/home/hungnb/cocarry_ws/install/motoman_gp50_support:/home/hungnb/cocarry_ws/install/motoman_gp4_support:/home/hungnb/cocarry_ws/install/motoman_gp35l_support:/home/hungnb/cocarry_ws/install/motoman_gp25_support:/home/hungnb/cocarry_ws/install/motoman_gp250_support:/home/hungnb/cocarry_ws/install/motoman_gp225_support:/home/hungnb/cocarry_ws/install/motoman_gp215_support:/home/hungnb/cocarry_ws/install/motoman_gp20hl_support:/home/hungnb/cocarry_ws/install/motoman_gp200r_support:/home/hungnb/cocarry_ws/install/motoman_gp180_support:/home/hungnb/cocarry_ws/install/motoman_gp165r_support:/home/hungnb/cocarry_ws/install/motoman_gp12_support:/home/hungnb/cocarry_ws/install/motoman_gp110_support:/home/hungnb/cocarry_ws/install/motoman_es_support:/home/hungnb/cocarry_ws/install/motoman_ar2010_support:/home/hungnb/cocarry_ws/install/motoman_resources:/home/hungnb/cocarry_ws/install/kinect2_calibration:/home/hungnb/cocarry_ws/install/kinect2_bridge:/home/hungnb/cocarry_ws/install/kinect2_registration:/home/hungnb/cocarry_ws/install/trajectory_predictor:/home/hungnb/cocarry_ws/install/realsense_tracker:/home/hungnb/cocarry_ws/install/predictor_ui:/home/hungnb/cocarry_ws/install/kinect_tracker:/home/hungnb/cocarry_ws/install/experiment_logger:/home/hungnb/cocarry_ws/install/coord_transform:/opt/ros/humble:/home/hungnb/cocarry_ws/install/human_hand_msgs /usr/bin/cmake --install /home/hungnb/cocarry_ws/build/motoros2_interfaces
[2.696s] -- Install configuration: ""
[2.696s] -- Execute custom install script
[2.696s] -- Up-to-date symlink: /home/hungnb/cocarry_ws/install/motoros2_interfaces/share/ament_index/resource_index/rosidl_interfaces/motoros2_interfaces
[2.696s] -- Up-to-date symlink: /home/hungnb/cocarry_ws/install/motoros2_interfaces/include/motoros2_interfaces/motoros2_interfaces/msg/alarm_cause_remedy.h
[2.697s] -- Up-to-date symlink: /home/hungnb/cocarry_ws/install/motoros2_interfaces/include/motoros2_interfaces/motoros2_interfaces/msg/alarm_info.h
[2.697s] -- Up-to-date symlink: /home/hungnb/cocarry_ws/install/motoros2_interfaces/include/motoros2_interfaces/motoros2_interfaces/msg/detail/alarm_cause_remedy__functions.h
[2.697s] -- Up-to-date symlink: /home/hungnb/cocarry_ws/install/motoros2_interfaces/include/motoros2_interfaces/motoros2_interfaces/msg/detail/alarm_cause_remedy__struct.h
[2.697s] -- Up-to-date symlink: /home/hungnb/cocarry_ws/install/motoros2_interfaces/include/motoros2_interfaces/motoros2_interfaces/msg/detail/alarm_cause_remedy__type_support.h
[2.697s] -- Up-to-date symlink: /home/hungnb/cocarry_ws/install/motoros2_interfaces/include/motoros2_interfaces/motoros2_interfaces/msg/detail/alarm_info__functions.h
[2.698s] -- Up-to-date symlink: /home/hungnb/cocarry_ws/install/motoros2_interfaces/include/motoros2_interfaces/motoros2_interfaces/msg/detail/alarm_info__struct.h
[2.698s] -- Up-to-date symlink: /home/hungnb/cocarry_ws/install/motoros2_interfaces/include/motoros2_interfaces/motoros2_interfaces/msg/detail/alarm_info__type_support.h
[2.698s] -- Up-to-date symlink: /home/hungnb/cocarry_ws/install/motoros2_interfaces/include/motoros2_interfaces/motoros2_interfaces/msg/detail/error_info__functions.h
[2.698s] -- Up-to-date symlink: /home/hungnb/cocarry_ws/install/motoros2_interfaces/include/motoros2_interfaces/motoros2_interfaces/msg/detail/error_info__struct.h
[2.698s] -- Up-to-date symlink: /home/hungnb/cocarry_ws/install/motoros2_interfaces/include/motoros2_interfaces/motoros2_interfaces/msg/detail/error_info__type_support.h
[2.698s] -- Up-to-date symlink: /home/hungnb/cocarry_ws/install/motoros2_interfaces/include/motoros2_interfaces/motoros2_interfaces/msg/detail/inform_job_crud_result_codes__functions.h
[2.698s] -- Up-to-date symlink: /home/hungnb/cocarry_ws/install/motoros2_interfaces/include/motoros2_interfaces/motoros2_interfaces/msg/detail/inform_job_crud_result_codes__struct.h
[2.698s] -- Up-to-date symlink: /home/hungnb/cocarry_ws/install/motoros2_interfaces/include/motoros2_interfaces/motoros2_interfaces/msg/detail/inform_job_crud_result_codes__type_support.h
[2.699s] -- Up-to-date symlink: /home/hungnb/cocarry_ws/install/motoros2_interfaces/include/motoros2_interfaces/motoros2_interfaces/msg/detail/init_traj_enum__functions.h
[2.699s] -- Up-to-date symlink: /home/hungnb/cocarry_ws/install/motoros2_interfaces/include/motoros2_interfaces/motoros2_interfaces/msg/detail/init_traj_enum__struct.h
[2.699s] -- Up-to-date symlink: /home/hungnb/cocarry_ws/install/motoros2_interfaces/include/motoros2_interfaces/motoros2_interfaces/msg/detail/init_traj_enum__type_support.h
[2.699s] -- Up-to-date symlink: /home/hungnb/cocarry_ws/install/motoros2_interfaces/include/motoros2_interfaces/motoros2_interfaces/msg/detail/io_result_codes__functions.h
[2.699s] -- Up-to-date symlink: /home/hungnb/cocarry_ws/install/motoros2_interfaces/include/motoros2_interfaces/motoros2_interfaces/msg/detail/io_result_codes__struct.h
[2.699s] -- Up-to-date symlink: /home/hungnb/cocarry_ws/install/motoros2_interfaces/include/motoros2_interfaces/motoros2_interfaces/msg/detail/io_result_codes__type_support.h
[2.700s] -- Up-to-date symlink: /home/hungnb/cocarry_ws/install/motoros2_interfaces/include/motoros2_interfaces/motoros2_interfaces/msg/detail/motion_ready_enum__functions.h
[2.700s] -- Up-to-date symlink: /home/hungnb/cocarry_ws/install/motoros2_interfaces/include/motoros2_interfaces/motoros2_interfaces/msg/detail/motion_ready_enum__struct.h
[2.700s] -- Up-to-date symlink: /home/hungnb/cocarry_ws/install/motoros2_interfaces/include/motoros2_interfaces/motoros2_interfaces/msg/detail/motion_ready_enum__type_support.h
[2.700s] -- Up-to-date symlink: /home/hungnb/cocarry_ws/install/motoros2_interfaces/include/motoros2_interfaces/motoros2_interfaces/msg/detail/queue_result_enum__functions.h
[2.700s] -- Up-to-date symlink: /home/hungnb/cocarry_ws/install/motoros2_interfaces/include/motoros2_interfaces/motoros2_interfaces/msg/detail/queue_result_enum__struct.h
[2.700s] -- Up-to-date symlink: /home/hungnb/cocarry_ws/install/motoros2_interfaces/include/motoros2_interfaces/motoros2_interfaces/msg/detail/queue_result_enum__type_support.h
[2.700s] -- Up-to-date symlink: /home/hungnb/cocarry_ws/install/motoros2_interfaces/include/motoros2_interfaces/motoros2_interfaces/msg/detail/selection_result_codes__functions.h
[2.701s] -- Up-to-date symlink: /home/hungnb/cocarry_ws/install/motoros2_interfaces/include/motoros2_interfaces/motoros2_interfaces/msg/detail/selection_result_codes__struct.h
[2.701s] -- Up-to-date symlink: /home/hungnb/cocarry_ws/install/motoros2_interfaces/include/motoros2_interfaces/motoros2_interfaces/msg/detail/selection_result_codes__type_support.h
[2.701s] -- Up-to-date symlink: /home/hungnb/cocarry_ws/install/motoros2_interfaces/include/motoros2_interfaces/motoros2_interfaces/msg/error_info.h
[2.701s] -- Up-to-date symlink: /home/hungnb/cocarry_ws/install/motoros2_interfaces/include/motoros2_interfaces/motoros2_interfaces/msg/inform_job_crud_result_codes.h
[2.701s] -- Up-to-date symlink: /home/hungnb/cocarry_ws/install/motoros2_interfaces/include/motoros2_interfaces/motoros2_interfaces/msg/init_traj_enum.h
[2.701s] -- Up-to-date symlink: /home/hungnb/cocarry_ws/install/motoros2_interfaces/include/motoros2_interfaces/motoros2_interfaces/msg/io_result_codes.h
[2.701s] -- Up-to-date symlink: /home/hungnb/cocarry_ws/install/motoros2_interfaces/include/motoros2_interfaces/motoros2_interfaces/msg/motion_ready_enum.h
[2.701s] -- Up-to-date symlink: /home/hungnb/cocarry_ws/install/motoros2_interfaces/include/motoros2_interfaces/motoros2_interfaces/msg/queue_result_enum.h
[2.701s] -- Up-to-date symlink: /home/hungnb/cocarry_ws/install/motoros2_interfaces/include/motoros2_interfaces/motoros2_interfaces/msg/rosidl_generator_c__visibility_control.h
[2.701s] -- Up-to-date symlink: /home/hungnb/cocarry_ws/install/motoros2_interfaces/include/motoros2_interfaces/motoros2_interfaces/msg/selection_result_codes.h
[2.701s] -- Up-to-date symlink: /home/hungnb/cocarry_ws/install/motoros2_interfaces/include/motoros2_interfaces/motoros2_interfaces/srv/detail/get_active_alarm_info__functions.h
[2.701s] -- Up-to-date symlink: /home/hungnb/cocarry_ws/install/motoros2_interfaces/include/motoros2_interfaces/motoros2_interfaces/srv/detail/get_active_alarm_info__struct.h
[2.701s] -- Up-to-date symlink: /home/hungnb/cocarry_ws/install/motoros2_interfaces/include/motoros2_interfaces/motoros2_interfaces/srv/detail/get_active_alarm_info__type_support.h
[2.701s] -- Up-to-date symlink: /home/hungnb/cocarry_ws/install/motoros2_interfaces/include/motoros2_interfaces/motoros2_interfaces/srv/detail/list_inform_jobs__functions.h
[2.702s] -- Up-to-date symlink: /home/hungnb/cocarry_ws/install/motoros2_interfaces/include/motoros2_interfaces/motoros2_interfaces/srv/detail/list_inform_jobs__struct.h
[2.702s] -- Up-to-date symlink: /home/hungnb/cocarry_ws/install/motoros2_interfaces/include/motoros2_interfaces/motoros2_interfaces/srv/detail/list_inform_jobs__type_support.h
[2.702s] -- Up-to-date symlink: /home/hungnb/cocarry_ws/install/motoros2_interfaces/include/motoros2_interfaces/motoros2_interfaces/srv/detail/queue_traj_point__functions.h
[2.702s] -- Up-to-date symlink: /home/hungnb/cocarry_ws/install/motoros2_interfaces/include/motoros2_interfaces/motoros2_interfaces/srv/detail/queue_traj_point__struct.h
[2.702s] -- Up-to-date symlink: /home/hungnb/cocarry_ws/install/motoros2_interfaces/include/motoros2_interfaces/motoros2_interfaces/srv/detail/queue_traj_point__type_support.h
[2.702s] -- Up-to-date symlink: /home/hungnb/cocarry_ws/install/motoros2_interfaces/include/motoros2_interfaces/motoros2_interfaces/srv/detail/read_group_io__functions.h
[2.702s] -- Up-to-date symlink: /home/hungnb/cocarry_ws/install/motoros2_interfaces/include/motoros2_interfaces/motoros2_interfaces/srv/detail/read_group_io__struct.h
[2.702s] -- Up-to-date symlink: /home/hungnb/cocarry_ws/install/motoros2_interfaces/include/motoros2_interfaces/motoros2_interfaces/srv/detail/read_group_io__type_support.h
[2.702s] -- Up-to-date symlink: /home/hungnb/cocarry_ws/install/motoros2_interfaces/include/motoros2_interfaces/motoros2_interfaces/srv/detail/read_m_register__functions.h
[2.702s] -- Up-to-date symlink: /home/hungnb/cocarry_ws/install/motoros2_interfaces/include/motoros2_interfaces/motoros2_interfaces/srv/detail/read_m_register__struct.h
[2.702s] -- Up-to-date symlink: /home/hungnb/cocarry_ws/install/motoros2_interfaces/include/motoros2_interfaces/motoros2_interfaces/srv/detail/read_m_register__type_support.h
[2.702s] -- Up-to-date symlink: /home/hungnb/cocarry_ws/install/motoros2_interfaces/include/motoros2_interfaces/motoros2_interfaces/srv/detail/read_single_io__functions.h
[2.702s] -- Up-to-date symlink: /home/hungnb/cocarry_ws/install/motoros2_interfaces/include/motoros2_interfaces/motoros2_interfaces/srv/detail/read_single_io__struct.h
[2.702s] -- Up-to-date symlink: /home/hungnb/cocarry_ws/install/motoros2_interfaces/include/motoros2_interfaces/motoros2_interfaces/srv/detail/read_single_io__type_support.h
[2.702s] -- Up-to-date symlink: /home/hungnb/cocarry_ws/install/motoros2_interfaces/include/motoros2_interfaces/motoros2_interfaces/srv/detail/reset_error__functions.h
[2.702s] -- Up-to-date symlink: /home/hungnb/cocarry_ws/install/motoros2_interfaces/include/motoros2_interfaces/motoros2_interfaces/srv/detail/reset_error__struct.h
[2.702s] -- Up-to-date symlink: /home/hungnb/cocarry_ws/install/motoros2_interfaces/include/motoros2_interfaces/motoros2_interfaces/srv/detail/reset_error__type_support.h
[2.702s] -- Up-to-date symlink: /home/hungnb/cocarry_ws/install/motoros2_interfaces/include/motoros2_interfaces/motoros2_interfaces/srv/detail/select_motion_tool__functions.h
[2.702s] -- Up-to-date symlink: /home/hungnb/cocarry_ws/install/motoros2_interfaces/include/motoros2_interfaces/motoros2_interfaces/srv/detail/select_motion_tool__struct.h
[2.702s] -- Up-to-date symlink: /home/hungnb/cocarry_ws/install/motoros2_interfaces/include/motoros2_interfaces/motoros2_interfaces/srv/detail/select_motion_tool__type_support.h
[2.702s] -- Up-to-date symlink: /home/hungnb/cocarry_ws/install/motoros2_interfaces/include/motoros2_interfaces/motoros2_interfaces/srv/detail/start_point_queue_mode__functions.h
[2.702s] -- Up-to-date symlink: /home/hungnb/cocarry_ws/install/motoros2_interfaces/include/motoros2_interfaces/motoros2_interfaces/srv/detail/start_point_queue_mode__struct.h
[2.702s] -- Up-to-date symlink: /home/hungnb/cocarry_ws/install/motoros2_interfaces/include/motoros2_interfaces/motoros2_interfaces/srv/detail/start_point_queue_mode__type_support.h
[2.703s] -- Up-to-date symlink: /home/hungnb/cocarry_ws/install/motoros2_interfaces/include/motoros2_interfaces/motoros2_interfaces/srv/detail/start_traj_mode__functions.h
[2.703s] -- Up-to-date symlink: /home/hungnb/cocarry_ws/install/motoros2_interfaces/include/motoros2_interfaces/motoros2_interfaces/srv/detail/start_traj_mode__struct.h
[2.703s] -- Up-to-date symlink: /home/hungnb/cocarry_ws/install/motoros2_interfaces/include/motoros2_interfaces/motoros2_interfaces/srv/detail/start_traj_mode__type_support.h
[2.703s] -- Up-to-date symlink: /home/hungnb/cocarry_ws/install/motoros2_interfaces/include/motoros2_interfaces/motoros2_interfaces/srv/detail/write_group_io__functions.h
[2.703s] -- Up-to-date symlink: /home/hungnb/cocarry_ws/install/motoros2_interfaces/include/motoros2_interfaces/motoros2_interfaces/srv/detail/write_group_io__struct.h
[2.703s] -- Up-to-date symlink: /home/hungnb/cocarry_ws/install/motoros2_interfaces/include/motoros2_interfaces/motoros2_interfaces/srv/detail/write_group_io__type_support.h
[2.703s] -- Up-to-date symlink: /home/hungnb/cocarry_ws/install/motoros2_interfaces/include/motoros2_interfaces/motoros2_interfaces/srv/detail/write_m_register__functions.h
[2.703s] -- Up-to-date symlink: /home/hungnb/cocarry_ws/install/motoros2_interfaces/include/motoros2_interfaces/motoros2_interfaces/srv/detail/write_m_register__struct.h
[2.703s] -- Up-to-date symlink: /home/hungnb/cocarry_ws/install/motoros2_interfaces/include/motoros2_interfaces/motoros2_interfaces/srv/detail/write_m_register__type_support.h
[2.703s] -- Up-to-date symlink: /home/hungnb/cocarry_ws/install/motoros2_interfaces/include/motoros2_interfaces/motoros2_interfaces/srv/detail/write_single_io__functions.h
[2.703s] -- Up-to-date symlink: /home/hungnb/cocarry_ws/install/motoros2_interfaces/include/motoros2_interfaces/motoros2_interfaces/srv/detail/write_single_io__struct.h
[2.703s] -- Up-to-date symlink: /home/hungnb/cocarry_ws/install/motoros2_interfaces/include/motoros2_interfaces/motoros2_interfaces/srv/detail/write_single_io__type_support.h
[2.703s] -- Up-to-date symlink: /home/hungnb/cocarry_ws/install/motoros2_interfaces/include/motoros2_interfaces/motoros2_interfaces/srv/get_active_alarm_info.h
[2.703s] -- Up-to-date symlink: /home/hungnb/cocarry_ws/install/motoros2_interfaces/include/motoros2_interfaces/motoros2_interfaces/srv/list_inform_jobs.h
[2.703s] -- Up-to-date symlink: /home/hungnb/cocarry_ws/install/motoros2_interfaces/include/motoros2_interfaces/motoros2_interfaces/srv/queue_traj_point.h
[2.703s] -- Up-to-date symlink: /home/hungnb/cocarry_ws/install/motoros2_interfaces/include/motoros2_interfaces/motoros2_interfaces/srv/read_group_io.h
[2.703s] -- Up-to-date symlink: /home/hungnb/cocarry_ws/install/motoros2_interfaces/include/motoros2_interfaces/motoros2_interfaces/srv/read_m_register.h
[2.703s] -- Up-to-date symlink: /home/hungnb/cocarry_ws/install/motoros2_interfaces/include/motoros2_interfaces/motoros2_interfaces/srv/read_single_io.h
[2.703s] -- Up-to-date symlink: /home/hungnb/cocarry_ws/install/motoros2_interfaces/include/motoros2_interfaces/motoros2_interfaces/srv/reset_error.h
[2.703s] -- Up-to-date symlink: /home/hungnb/cocarry_ws/install/motoros2_interfaces/include/motoros2_interfaces/motoros2_interfaces/srv/select_motion_tool.h
[2.703s] -- Up-to-date symlink: /home/hungnb/cocarry_ws/install/motoros2_interfaces/include/motoros2_interfaces/motoros2_interfaces/srv/start_point_queue_mode.h
[2.703s] -- Up-to-date symlink: /home/hungnb/cocarry_ws/install/motoros2_interfaces/include/motoros2_interfaces/motoros2_interfaces/srv/start_traj_mode.h
[2.704s] -- Up-to-date symlink: /home/hungnb/cocarry_ws/install/motoros2_interfaces/include/motoros2_interfaces/motoros2_interfaces/srv/write_group_io.h
[2.704s] -- Up-to-date symlink: /home/hungnb/cocarry_ws/install/motoros2_interfaces/include/motoros2_interfaces/motoros2_interfaces/srv/write_m_register.h
[2.704s] -- Up-to-date symlink: /home/hungnb/cocarry_ws/install/motoros2_interfaces/include/motoros2_interfaces/motoros2_interfaces/srv/write_single_io.h
[2.704s] -- Up-to-date symlink: /home/hungnb/cocarry_ws/install/motoros2_interfaces/share/motoros2_interfaces/environment/library_path.sh
[2.704s] -- Up-to-date symlink: /home/hungnb/cocarry_ws/install/motoros2_interfaces/share/motoros2_interfaces/environment/library_path.dsv
[2.704s] -- Up-to-date symlink: /home/hungnb/cocarry_ws/install/motoros2_interfaces/include/motoros2_interfaces/motoros2_interfaces/msg/detail/alarm_cause_remedy__rosidl_typesupport_fastrtps_c.h
[2.704s] -- Up-to-date symlink: /home/hungnb/cocarry_ws/install/motoros2_interfaces/include/motoros2_interfaces/motoros2_interfaces/msg/detail/alarm_info__rosidl_typesupport_fastrtps_c.h
[2.704s] -- Up-to-date symlink: /home/hungnb/cocarry_ws/install/motoros2_interfaces/include/motoros2_interfaces/motoros2_interfaces/msg/detail/error_info__rosidl_typesupport_fastrtps_c.h
[2.704s] -- Up-to-date symlink: /home/hungnb/cocarry_ws/install/motoros2_interfaces/include/motoros2_interfaces/motoros2_interfaces/msg/detail/inform_job_crud_result_codes__rosidl_typesupport_fastrtps_c.h
[2.704s] -- Up-to-date symlink: /home/hungnb/cocarry_ws/install/motoros2_interfaces/include/motoros2_interfaces/motoros2_interfaces/msg/detail/init_traj_enum__rosidl_typesupport_fastrtps_c.h
[2.704s] -- Up-to-date symlink: /home/hungnb/cocarry_ws/install/motoros2_interfaces/include/motoros2_interfaces/motoros2_interfaces/msg/detail/io_result_codes__rosidl_typesupport_fastrtps_c.h
[2.704s] -- Up-to-date symlink: /home/hungnb/cocarry_ws/install/motoros2_interfaces/include/motoros2_interfaces/motoros2_interfaces/msg/detail/motion_ready_enum__rosidl_typesupport_fastrtps_c.h
[2.705s] -- Up-to-date symlink: /home/hungnb/cocarry_ws/install/motoros2_interfaces/include/motoros2_interfaces/motoros2_interfaces/msg/detail/queue_result_enum__rosidl_typesupport_fastrtps_c.h
[2.706s] -- Up-to-date symlink: /home/hungnb/cocarry_ws/install/motoros2_interfaces/include/motoros2_interfaces/motoros2_interfaces/msg/detail/selection_result_codes__rosidl_typesupport_fastrtps_c.h
[2.706s] -- Up-to-date symlink: /home/hungnb/cocarry_ws/install/motoros2_interfaces/include/motoros2_interfaces/motoros2_interfaces/msg/rosidl_typesupport_fastrtps_c__visibility_control.h
[2.706s] -- Up-to-date symlink: /home/hungnb/cocarry_ws/install/motoros2_interfaces/include/motoros2_interfaces/motoros2_interfaces/srv/detail/get_active_alarm_info__rosidl_typesupport_fastrtps_c.h
[2.706s] -- Up-to-date symlink: /home/hungnb/cocarry_ws/install/motoros2_interfaces/include/motoros2_interfaces/motoros2_interfaces/srv/detail/list_inform_jobs__rosidl_typesupport_fastrtps_c.h
[2.706s] -- Up-to-date symlink: /home/hungnb/cocarry_ws/install/motoros2_interfaces/include/motoros2_interfaces/motoros2_interfaces/srv/detail/queue_traj_point__rosidl_typesupport_fastrtps_c.h
[2.706s] -- Up-to-date symlink: /home/hungnb/cocarry_ws/install/motoros2_interfaces/include/motoros2_interfaces/motoros2_interfaces/srv/detail/read_group_io__rosidl_typesupport_fastrtps_c.h
[2.706s] -- Up-to-date symlink: /home/hungnb/cocarry_ws/install/motoros2_interfaces/include/motoros2_interfaces/motoros2_interfaces/srv/detail/read_m_register__rosidl_typesupport_fastrtps_c.h
[2.706s] -- Up-to-date symlink: /home/hungnb/cocarry_ws/install/motoros2_interfaces/include/motoros2_interfaces/motoros2_interfaces/srv/detail/read_single_io__rosidl_typesupport_fastrtps_c.h
[2.706s] -- Up-to-date symlink: /home/hungnb/cocarry_ws/install/motoros2_interfaces/include/motoros2_interfaces/motoros2_interfaces/srv/detail/reset_error__rosidl_typesupport_fastrtps_c.h
[2.707s] -- Up-to-date symlink: /home/hungnb/cocarry_ws/install/motoros2_interfaces/include/motoros2_interfaces/motoros2_interfaces/srv/detail/select_motion_tool__rosidl_typesupport_fastrtps_c.h
[2.707s] -- Up-to-date symlink: /home/hungnb/cocarry_ws/install/motoros2_interfaces/include/motoros2_interfaces/motoros2_interfaces/srv/detail/start_point_queue_mode__rosidl_typesupport_fastrtps_c.h
[2.707s] -- Up-to-date symlink: /home/hungnb/cocarry_ws/install/motoros2_interfaces/include/motoros2_interfaces/motoros2_interfaces/srv/detail/start_traj_mode__rosidl_typesupport_fastrtps_c.h
[2.707s] -- Up-to-date symlink: /home/hungnb/cocarry_ws/install/motoros2_interfaces/include/motoros2_interfaces/motoros2_interfaces/srv/detail/write_group_io__rosidl_typesupport_fastrtps_c.h
[2.707s] -- Up-to-date symlink: /home/hungnb/cocarry_ws/install/motoros2_interfaces/include/motoros2_interfaces/motoros2_interfaces/srv/detail/write_m_register__rosidl_typesupport_fastrtps_c.h
[2.707s] -- Up-to-date symlink: /home/hungnb/cocarry_ws/install/motoros2_interfaces/include/motoros2_interfaces/motoros2_interfaces/srv/detail/write_single_io__rosidl_typesupport_fastrtps_c.h
[2.707s] -- Up-to-date symlink: /home/hungnb/cocarry_ws/install/motoros2_interfaces/include/motoros2_interfaces/motoros2_interfaces/msg/alarm_cause_remedy.hpp
[2.707s] -- Up-to-date symlink: /home/hungnb/cocarry_ws/install/motoros2_interfaces/include/motoros2_interfaces/motoros2_interfaces/msg/alarm_info.hpp
[2.707s] -- Up-to-date symlink: /home/hungnb/cocarry_ws/install/motoros2_interfaces/include/motoros2_interfaces/motoros2_interfaces/msg/detail/alarm_cause_remedy__builder.hpp
[2.707s] -- Up-to-date symlink: /home/hungnb/cocarry_ws/install/motoros2_interfaces/include/motoros2_interfaces/motoros2_interfaces/msg/detail/alarm_cause_remedy__struct.hpp
[2.707s] -- Up-to-date symlink: /home/hungnb/cocarry_ws/install/motoros2_interfaces/include/motoros2_interfaces/motoros2_interfaces/msg/detail/alarm_cause_remedy__traits.hpp
[2.707s] -- Up-to-date symlink: /home/hungnb/cocarry_ws/install/motoros2_interfaces/include/motoros2_interfaces/motoros2_interfaces/msg/detail/alarm_cause_remedy__type_support.hpp
[2.707s] -- Up-to-date symlink: /home/hungnb/cocarry_ws/install/motoros2_interfaces/include/motoros2_interfaces/motoros2_interfaces/msg/detail/alarm_info__builder.hpp
[2.707s] -- Up-to-date symlink: /home/hungnb/cocarry_ws/install/motoros2_interfaces/include/motoros2_interfaces/motoros2_interfaces/msg/detail/alarm_info__struct.hpp
[2.708s] -- Up-to-date symlink: /home/hungnb/cocarry_ws/install/motoros2_interfaces/include/motoros2_interfaces/motoros2_interfaces/msg/detail/alarm_info__traits.hpp
[2.708s] -- Up-to-date symlink: /home/hungnb/cocarry_ws/install/motoros2_interfaces/include/motoros2_interfaces/motoros2_interfaces/msg/detail/alarm_info__type_support.hpp
[2.708s] -- Up-to-date symlink: /home/hungnb/cocarry_ws/install/motoros2_interfaces/include/motoros2_interfaces/motoros2_interfaces/msg/detail/error_info__builder.hpp
[2.708s] -- Up-to-date symlink: /home/hungnb/cocarry_ws/install/motoros2_interfaces/include/motoros2_interfaces/motoros2_interfaces/msg/detail/error_info__struct.hpp
[2.708s] -- Up-to-date symlink: /home/hungnb/cocarry_ws/install/motoros2_interfaces/include/motoros2_interfaces/motoros2_interfaces/msg/detail/error_info__traits.hpp
[2.708s] -- Up-to-date symlink: /home/hungnb/cocarry_ws/install/motoros2_interfaces/include/motoros2_interfaces/motoros2_interfaces/msg/detail/error_info__type_support.hpp
[2.708s] -- Up-to-date symlink: /home/hungnb/cocarry_ws/install/motoros2_interfaces/include/motoros2_interfaces/motoros2_interfaces/msg/detail/inform_job_crud_result_codes__builder.hpp
[2.708s] -- Up-to-date symlink: /home/hungnb/cocarry_ws/install/motoros2_interfaces/include/motoros2_interfaces/motoros2_interfaces/msg/detail/inform_job_crud_result_codes__struct.hpp
[2.708s] -- Up-to-date symlink: /home/hungnb/cocarry_ws/install/motoros2_interfaces/include/motoros2_interfaces/motoros2_interfaces/msg/detail/inform_job_crud_result_codes__traits.hpp
[2.708s] -- Up-to-date symlink: /home/hungnb/cocarry_ws/install/motoros2_interfaces/include/motoros2_interfaces/motoros2_interfaces/msg/detail/inform_job_crud_result_codes__type_support.hpp
[2.708s] -- Up-to-date symlink: /home/hungnb/cocarry_ws/install/motoros2_interfaces/include/motoros2_interfaces/motoros2_interfaces/msg/detail/init_traj_enum__builder.hpp
[2.708s] -- Up-to-date symlink: /home/hungnb/cocarry_ws/install/motoros2_interfaces/include/motoros2_interfaces/motoros2_interfaces/msg/detail/init_traj_enum__struct.hpp
[2.708s] -- Up-to-date symlink: /home/hungnb/cocarry_ws/install/motoros2_interfaces/include/motoros2_interfaces/motoros2_interfaces/msg/detail/init_traj_enum__traits.hpp
[2.708s] -- Up-to-date symlink: /home/hungnb/cocarry_ws/install/motoros2_interfaces/include/motoros2_interfaces/motoros2_interfaces/msg/detail/init_traj_enum__type_support.hpp
[2.708s] -- Up-to-date symlink: /home/hungnb/cocarry_ws/install/motoros2_interfaces/include/motoros2_interfaces/motoros2_interfaces/msg/detail/io_result_codes__builder.hpp
[2.708s] -- Up-to-date symlink: /home/hungnb/cocarry_ws/install/motoros2_interfaces/include/motoros2_interfaces/motoros2_interfaces/msg/detail/io_result_codes__struct.hpp
[2.708s] -- Up-to-date symlink: /home/hungnb/cocarry_ws/install/motoros2_interfaces/include/motoros2_interfaces/motoros2_interfaces/msg/detail/io_result_codes__traits.hpp
[2.708s] -- Up-to-date symlink: /home/hungnb/cocarry_ws/install/motoros2_interfaces/include/motoros2_interfaces/motoros2_interfaces/msg/detail/io_result_codes__type_support.hpp
[2.708s] -- Up-to-date symlink: /home/hungnb/cocarry_ws/install/motoros2_interfaces/include/motoros2_interfaces/motoros2_interfaces/msg/detail/motion_ready_enum__builder.hpp
[2.708s] -- Up-to-date symlink: /home/hungnb/cocarry_ws/install/motoros2_interfaces/include/motoros2_interfaces/motoros2_interfaces/msg/detail/motion_ready_enum__struct.hpp
[2.708s] -- Up-to-date symlink: /home/hungnb/cocarry_ws/install/motoros2_interfaces/include/motoros2_interfaces/motoros2_interfaces/msg/detail/motion_ready_enum__traits.hpp
[2.708s] -- Up-to-date symlink: /home/hungnb/cocarry_ws/install/motoros2_interfaces/include/motoros2_interfaces/motoros2_interfaces/msg/detail/motion_ready_enum__type_support.hpp
[2.708s] -- Up-to-date symlink: /home/hungnb/cocarry_ws/install/motoros2_interfaces/include/motoros2_interfaces/motoros2_interfaces/msg/detail/queue_result_enum__builder.hpp
[2.708s] -- Up-to-date symlink: /home/hungnb/cocarry_ws/install/motoros2_interfaces/include/motoros2_interfaces/motoros2_interfaces/msg/detail/queue_result_enum__struct.hpp
[2.708s] -- Up-to-date symlink: /home/hungnb/cocarry_ws/install/motoros2_interfaces/include/motoros2_interfaces/motoros2_interfaces/msg/detail/queue_result_enum__traits.hpp
[2.709s] -- Up-to-date symlink: /home/hungnb/cocarry_ws/install/motoros2_interfaces/include/motoros2_interfaces/motoros2_interfaces/msg/detail/queue_result_enum__type_support.hpp
[2.709s] -- Up-to-date symlink: /home/hungnb/cocarry_ws/install/motoros2_interfaces/include/motoros2_interfaces/motoros2_interfaces/msg/detail/selection_result_codes__builder.hpp
[2.709s] -- Up-to-date symlink: /home/hungnb/cocarry_ws/install/motoros2_interfaces/include/motoros2_interfaces/motoros2_interfaces/msg/detail/selection_result_codes__struct.hpp
[2.709s] -- Up-to-date symlink: /home/hungnb/cocarry_ws/install/motoros2_interfaces/include/motoros2_interfaces/motoros2_interfaces/msg/detail/selection_result_codes__traits.hpp
[2.709s] -- Up-to-date symlink: /home/hungnb/cocarry_ws/install/motoros2_interfaces/include/motoros2_interfaces/motoros2_interfaces/msg/detail/selection_result_codes__type_support.hpp
[2.709s] -- Up-to-date symlink: /home/hungnb/cocarry_ws/install/motoros2_interfaces/include/motoros2_interfaces/motoros2_interfaces/msg/error_info.hpp
[2.709s] -- Up-to-date symlink: /home/hungnb/cocarry_ws/install/motoros2_interfaces/include/motoros2_interfaces/motoros2_interfaces/msg/inform_job_crud_result_codes.hpp
[2.709s] -- Up-to-date symlink: /home/hungnb/cocarry_ws/install/motoros2_interfaces/include/motoros2_interfaces/motoros2_interfaces/msg/init_traj_enum.hpp
[2.709s] -- Up-to-date symlink: /home/hungnb/cocarry_ws/install/motoros2_interfaces/include/motoros2_interfaces/motoros2_interfaces/msg/io_result_codes.hpp
[2.709s] -- Up-to-date symlink: /home/hungnb/cocarry_ws/install/motoros2_interfaces/include/motoros2_interfaces/motoros2_interfaces/msg/motion_ready_enum.hpp
[2.709s] -- Up-to-date symlink: /home/hungnb/cocarry_ws/install/motoros2_interfaces/include/motoros2_interfaces/motoros2_interfaces/msg/queue_result_enum.hpp
[2.709s] -- Up-to-date symlink: /home/hungnb/cocarry_ws/install/motoros2_interfaces/include/motoros2_interfaces/motoros2_interfaces/msg/rosidl_generator_cpp__visibility_control.hpp
[2.709s] -- Up-to-date symlink: /home/hungnb/cocarry_ws/install/motoros2_interfaces/include/motoros2_interfaces/motoros2_interfaces/msg/selection_result_codes.hpp
[2.709s] -- Up-to-date symlink: /home/hungnb/cocarry_ws/install/motoros2_interfaces/include/motoros2_interfaces/motoros2_interfaces/srv/detail/get_active_alarm_info__builder.hpp
[2.709s] -- Up-to-date symlink: /home/hungnb/cocarry_ws/install/motoros2_interfaces/include/motoros2_interfaces/motoros2_interfaces/srv/detail/get_active_alarm_info__struct.hpp
[2.709s] -- Up-to-date symlink: /home/hungnb/cocarry_ws/install/motoros2_interfaces/include/motoros2_interfaces/motoros2_interfaces/srv/detail/get_active_alarm_info__traits.hpp
[2.709s] -- Up-to-date symlink: /home/hungnb/cocarry_ws/install/motoros2_interfaces/include/motoros2_interfaces/motoros2_interfaces/srv/detail/get_active_alarm_info__type_support.hpp
[2.709s] -- Up-to-date symlink: /home/hungnb/cocarry_ws/install/motoros2_interfaces/include/motoros2_interfaces/motoros2_interfaces/srv/detail/list_inform_jobs__builder.hpp
[2.710s] -- Up-to-date symlink: /home/hungnb/cocarry_ws/install/motoros2_interfaces/include/motoros2_interfaces/motoros2_interfaces/srv/detail/list_inform_jobs__struct.hpp
[2.710s] -- Up-to-date symlink: /home/hungnb/cocarry_ws/install/motoros2_interfaces/include/motoros2_interfaces/motoros2_interfaces/srv/detail/list_inform_jobs__traits.hpp
[2.710s] -- Up-to-date symlink: /home/hungnb/cocarry_ws/install/motoros2_interfaces/include/motoros2_interfaces/motoros2_interfaces/srv/detail/list_inform_jobs__type_support.hpp
[2.710s] -- Up-to-date symlink: /home/hungnb/cocarry_ws/install/motoros2_interfaces/include/motoros2_interfaces/motoros2_interfaces/srv/detail/queue_traj_point__builder.hpp
[2.710s] -- Up-to-date symlink: /home/hungnb/cocarry_ws/install/motoros2_interfaces/include/motoros2_interfaces/motoros2_interfaces/srv/detail/queue_traj_point__struct.hpp
[2.710s] -- Up-to-date symlink: /home/hungnb/cocarry_ws/install/motoros2_interfaces/include/motoros2_interfaces/motoros2_interfaces/srv/detail/queue_traj_point__traits.hpp
[2.710s] -- Up-to-date symlink: /home/hungnb/cocarry_ws/install/motoros2_interfaces/include/motoros2_interfaces/motoros2_interfaces/srv/detail/queue_traj_point__type_support.hpp
[2.710s] -- Up-to-date symlink: /home/hungnb/cocarry_ws/install/motoros2_interfaces/include/motoros2_interfaces/motoros2_interfaces/srv/detail/read_group_io__builder.hpp
[2.710s] -- Up-to-date symlink: /home/hungnb/cocarry_ws/install/motoros2_interfaces/include/motoros2_interfaces/motoros2_interfaces/srv/detail/read_group_io__struct.hpp
[2.710s] -- Up-to-date symlink: /home/hungnb/cocarry_ws/install/motoros2_interfaces/include/motoros2_interfaces/motoros2_interfaces/srv/detail/read_group_io__traits.hpp
[2.710s] -- Up-to-date symlink: /home/hungnb/cocarry_ws/install/motoros2_interfaces/include/motoros2_interfaces/motoros2_interfaces/srv/detail/read_group_io__type_support.hpp
[2.710s] -- Up-to-date symlink: /home/hungnb/cocarry_ws/install/motoros2_interfaces/include/motoros2_interfaces/motoros2_interfaces/srv/detail/read_m_register__builder.hpp
[2.710s] -- Up-to-date symlink: /home/hungnb/cocarry_ws/install/motoros2_interfaces/include/motoros2_interfaces/motoros2_interfaces/srv/detail/read_m_register__struct.hpp
[2.710s] -- Up-to-date symlink: /home/hungnb/cocarry_ws/install/motoros2_interfaces/include/motoros2_interfaces/motoros2_interfaces/srv/detail/read_m_register__traits.hpp
[2.710s] -- Up-to-date symlink: /home/hungnb/cocarry_ws/install/motoros2_interfaces/include/motoros2_interfaces/motoros2_interfaces/srv/detail/read_m_register__type_support.hpp
[2.710s] -- Up-to-date symlink: /home/hungnb/cocarry_ws/install/motoros2_interfaces/include/motoros2_interfaces/motoros2_interfaces/srv/detail/read_single_io__builder.hpp
[2.710s] -- Up-to-date symlink: /home/hungnb/cocarry_ws/install/motoros2_interfaces/include/motoros2_interfaces/motoros2_interfaces/srv/detail/read_single_io__struct.hpp
[2.710s] -- Up-to-date symlink: /home/hungnb/cocarry_ws/install/motoros2_interfaces/include/motoros2_interfaces/motoros2_interfaces/srv/detail/read_single_io__traits.hpp
[2.710s] -- Up-to-date symlink: /home/hungnb/cocarry_ws/install/motoros2_interfaces/include/motoros2_interfaces/motoros2_interfaces/srv/detail/read_single_io__type_support.hpp
[2.710s] -- Up-to-date symlink: /home/hungnb/cocarry_ws/install/motoros2_interfaces/include/motoros2_interfaces/motoros2_interfaces/srv/detail/reset_error__builder.hpp
[2.710s] -- Up-to-date symlink: /home/hungnb/cocarry_ws/install/motoros2_interfaces/include/motoros2_interfaces/motoros2_interfaces/srv/detail/reset_error__struct.hpp
[2.710s] -- Up-to-date symlink: /home/hungnb/cocarry_ws/install/motoros2_interfaces/include/motoros2_interfaces/motoros2_interfaces/srv/detail/reset_error__traits.hpp
[2.710s] -- Up-to-date symlink: /home/hungnb/cocarry_ws/install/motoros2_interfaces/include/motoros2_interfaces/motoros2_interfaces/srv/detail/reset_error__type_support.hpp
[2.710s] -- Up-to-date symlink: /home/hungnb/cocarry_ws/install/motoros2_interfaces/include/motoros2_interfaces/motoros2_interfaces/srv/detail/select_motion_tool__builder.hpp
[2.710s] -- Up-to-date symlink: /home/hungnb/cocarry_ws/install/motoros2_interfaces/include/motoros2_interfaces/motoros2_interfaces/srv/detail/select_motion_tool__struct.hpp
[2.711s] -- Up-to-date symlink: /home/hungnb/cocarry_ws/install/motoros2_interfaces/include/motoros2_interfaces/motoros2_interfaces/srv/detail/select_motion_tool__traits.hpp
[2.711s] -- Up-to-date symlink: /home/hungnb/cocarry_ws/install/motoros2_interfaces/include/motoros2_interfaces/motoros2_interfaces/srv/detail/select_motion_tool__type_support.hpp
[2.711s] -- Up-to-date symlink: /home/hungnb/cocarry_ws/install/motoros2_interfaces/include/motoros2_interfaces/motoros2_interfaces/srv/detail/start_point_queue_mode__builder.hpp
[2.711s] -- Up-to-date symlink: /home/hungnb/cocarry_ws/install/motoros2_interfaces/include/motoros2_interfaces/motoros2_interfaces/srv/detail/start_point_queue_mode__struct.hpp
[2.711s] -- Up-to-date symlink: /home/hungnb/cocarry_ws/install/motoros2_interfaces/include/motoros2_interfaces/motoros2_interfaces/srv/detail/start_point_queue_mode__traits.hpp
[2.711s] -- Up-to-date symlink: /home/hungnb/cocarry_ws/install/motoros2_interfaces/include/motoros2_interfaces/motoros2_interfaces/srv/detail/start_point_queue_mode__type_support.hpp
[2.712s] -- Up-to-date symlink: /home/hungnb/cocarry_ws/install/motoros2_interfaces/include/motoros2_interfaces/motoros2_interfaces/srv/detail/start_traj_mode__builder.hpp
[2.712s] -- Up-to-date symlink: /home/hungnb/cocarry_ws/install/motoros2_interfaces/include/motoros2_interfaces/motoros2_interfaces/srv/detail/start_traj_mode__struct.hpp
[2.712s] -- Up-to-date symlink: /home/hungnb/cocarry_ws/install/motoros2_interfaces/include/motoros2_interfaces/motoros2_interfaces/srv/detail/start_traj_mode__traits.hpp
[2.712s] -- Up-to-date symlink: /home/hungnb/cocarry_ws/install/motoros2_interfaces/include/motoros2_interfaces/motoros2_interfaces/srv/detail/start_traj_mode__type_support.hpp
[2.712s] -- Up-to-date symlink: /home/hungnb/cocarry_ws/install/motoros2_interfaces/include/motoros2_interfaces/motoros2_interfaces/srv/detail/write_group_io__builder.hpp
[2.712s] -- Up-to-date symlink: /home/hungnb/cocarry_ws/install/motoros2_interfaces/include/motoros2_interfaces/motoros2_interfaces/srv/detail/write_group_io__struct.hpp
[2.712s] -- Up-to-date symlink: /home/hungnb/cocarry_ws/install/motoros2_interfaces/include/motoros2_interfaces/motoros2_interfaces/srv/detail/write_group_io__traits.hpp
[2.712s] -- Up-to-date symlink: /home/hungnb/cocarry_ws/install/motoros2_interfaces/include/motoros2_interfaces/motoros2_interfaces/srv/detail/write_group_io__type_support.hpp
[2.712s] -- Up-to-date symlink: /home/hungnb/cocarry_ws/install/motoros2_interfaces/include/motoros2_interfaces/motoros2_interfaces/srv/detail/write_m_register__builder.hpp
[2.712s] -- Up-to-date symlink: /home/hungnb/cocarry_ws/install/motoros2_interfaces/include/motoros2_interfaces/motoros2_interfaces/srv/detail/write_m_register__struct.hpp
[2.712s] -- Up-to-date symlink: /home/hungnb/cocarry_ws/install/motoros2_interfaces/include/motoros2_interfaces/motoros2_interfaces/srv/detail/write_m_register__traits.hpp
[2.712s] -- Up-to-date symlink: /home/hungnb/cocarry_ws/install/motoros2_interfaces/include/motoros2_interfaces/motoros2_interfaces/srv/detail/write_m_register__type_support.hpp
[2.712s] -- Up-to-date symlink: /home/hungnb/cocarry_ws/install/motoros2_interfaces/include/motoros2_interfaces/motoros2_interfaces/srv/detail/write_single_io__builder.hpp
[2.712s] -- Up-to-date symlink: /home/hungnb/cocarry_ws/install/motoros2_interfaces/include/motoros2_interfaces/motoros2_interfaces/srv/detail/write_single_io__struct.hpp
[2.712s] -- Up-to-date symlink: /home/hungnb/cocarry_ws/install/motoros2_interfaces/include/motoros2_interfaces/motoros2_interfaces/srv/detail/write_single_io__traits.hpp
[2.712s] -- Up-to-date symlink: /home/hungnb/cocarry_ws/install/motoros2_interfaces/include/motoros2_interfaces/motoros2_interfaces/srv/detail/write_single_io__type_support.hpp
[2.712s] -- Up-to-date symlink: /home/hungnb/cocarry_ws/install/motoros2_interfaces/include/motoros2_interfaces/motoros2_interfaces/srv/get_active_alarm_info.hpp
[2.712s] -- Up-to-date symlink: /home/hungnb/cocarry_ws/install/motoros2_interfaces/include/motoros2_interfaces/motoros2_interfaces/srv/list_inform_jobs.hpp
[2.712s] -- Up-to-date symlink: /home/hungnb/cocarry_ws/install/motoros2_interfaces/include/motoros2_interfaces/motoros2_interfaces/srv/queue_traj_point.hpp
[2.712s] -- Up-to-date symlink: /home/hungnb/cocarry_ws/install/motoros2_interfaces/include/motoros2_interfaces/motoros2_interfaces/srv/read_group_io.hpp
[2.712s] -- Up-to-date symlink: /home/hungnb/cocarry_ws/install/motoros2_interfaces/include/motoros2_interfaces/motoros2_interfaces/srv/read_m_register.hpp
[2.713s] -- Up-to-date symlink: /home/hungnb/cocarry_ws/install/motoros2_interfaces/include/motoros2_interfaces/motoros2_interfaces/srv/read_single_io.hpp
[2.713s] -- Up-to-date symlink: /home/hungnb/cocarry_ws/install/motoros2_interfaces/include/motoros2_interfaces/motoros2_interfaces/srv/reset_error.hpp
[2.713s] -- Up-to-date symlink: /home/hungnb/cocarry_ws/install/motoros2_interfaces/include/motoros2_interfaces/motoros2_interfaces/srv/select_motion_tool.hpp
[2.713s] -- Up-to-date symlink: /home/hungnb/cocarry_ws/install/motoros2_interfaces/include/motoros2_interfaces/motoros2_interfaces/srv/start_point_queue_mode.hpp
[2.713s] -- Up-to-date symlink: /home/hungnb/cocarry_ws/install/motoros2_interfaces/include/motoros2_interfaces/motoros2_interfaces/srv/start_traj_mode.hpp
[2.713s] -- Up-to-date symlink: /home/hungnb/cocarry_ws/install/motoros2_interfaces/include/motoros2_interfaces/motoros2_interfaces/srv/write_group_io.hpp
[2.713s] -- Up-to-date symlink: /home/hungnb/cocarry_ws/install/motoros2_interfaces/include/motoros2_interfaces/motoros2_interfaces/srv/write_m_register.hpp
[2.713s] -- Up-to-date symlink: /home/hungnb/cocarry_ws/install/motoros2_interfaces/include/motoros2_interfaces/motoros2_interfaces/srv/write_single_io.hpp
[2.713s] -- Up-to-date symlink: /home/hungnb/cocarry_ws/install/motoros2_interfaces/include/motoros2_interfaces/motoros2_interfaces/msg/detail/alarm_cause_remedy__rosidl_typesupport_fastrtps_cpp.hpp
[2.713s] -- Up-to-date symlink: /home/hungnb/cocarry_ws/install/motoros2_interfaces/include/motoros2_interfaces/motoros2_interfaces/msg/detail/alarm_info__rosidl_typesupport_fastrtps_cpp.hpp
[2.713s] -- Up-to-date symlink: /home/hungnb/cocarry_ws/install/motoros2_interfaces/include/motoros2_interfaces/motoros2_interfaces/msg/detail/error_info__rosidl_typesupport_fastrtps_cpp.hpp
[2.713s] -- Up-to-date symlink: /home/hungnb/cocarry_ws/install/motoros2_interfaces/include/motoros2_interfaces/motoros2_interfaces/msg/detail/inform_job_crud_result_codes__rosidl_typesupport_fastrtps_cpp.hpp
[2.713s] -- Up-to-date symlink: /home/hungnb/cocarry_ws/install/motoros2_interfaces/include/motoros2_interfaces/motoros2_interfaces/msg/detail/init_traj_enum__rosidl_typesupport_fastrtps_cpp.hpp
[2.714s] -- Up-to-date symlink: /home/hungnb/cocarry_ws/install/motoros2_interfaces/include/motoros2_interfaces/motoros2_interfaces/msg/detail/io_result_codes__rosidl_typesupport_fastrtps_cpp.hpp
[2.714s] -- Up-to-date symlink: /home/hungnb/cocarry_ws/install/motoros2_interfaces/include/motoros2_interfaces/motoros2_interfaces/msg/detail/motion_ready_enum__rosidl_typesupport_fastrtps_cpp.hpp
[2.714s] -- Up-to-date symlink: /home/hungnb/cocarry_ws/install/motoros2_interfaces/include/motoros2_interfaces/motoros2_interfaces/msg/detail/queue_result_enum__rosidl_typesupport_fastrtps_cpp.hpp
[2.714s] -- Up-to-date symlink: /home/hungnb/cocarry_ws/install/motoros2_interfaces/include/motoros2_interfaces/motoros2_interfaces/msg/detail/selection_result_codes__rosidl_typesupport_fastrtps_cpp.hpp
[2.714s] -- Up-to-date symlink: /home/hungnb/cocarry_ws/install/motoros2_interfaces/include/motoros2_interfaces/motoros2_interfaces/msg/rosidl_typesupport_fastrtps_cpp__visibility_control.h
[2.714s] -- Up-to-date symlink: /home/hungnb/cocarry_ws/install/motoros2_interfaces/include/motoros2_interfaces/motoros2_interfaces/srv/detail/get_active_alarm_info__rosidl_typesupport_fastrtps_cpp.hpp
[2.714s] -- Up-to-date symlink: /home/hungnb/cocarry_ws/install/motoros2_interfaces/include/motoros2_interfaces/motoros2_interfaces/srv/detail/list_inform_jobs__rosidl_typesupport_fastrtps_cpp.hpp
[2.714s] -- Up-to-date symlink: /home/hungnb/cocarry_ws/install/motoros2_interfaces/include/motoros2_interfaces/motoros2_interfaces/srv/detail/queue_traj_point__rosidl_typesupport_fastrtps_cpp.hpp
[2.714s] -- Up-to-date symlink: /home/hungnb/cocarry_ws/install/motoros2_interfaces/include/motoros2_interfaces/motoros2_interfaces/srv/detail/read_group_io__rosidl_typesupport_fastrtps_cpp.hpp
[2.714s] -- Up-to-date symlink: /home/hungnb/cocarry_ws/install/motoros2_interfaces/include/motoros2_interfaces/motoros2_interfaces/srv/detail/read_m_register__rosidl_typesupport_fastrtps_cpp.hpp
[2.714s] -- Up-to-date symlink: /home/hungnb/cocarry_ws/install/motoros2_interfaces/include/motoros2_interfaces/motoros2_interfaces/srv/detail/read_single_io__rosidl_typesupport_fastrtps_cpp.hpp
[2.715s] -- Up-to-date symlink: /home/hungnb/cocarry_ws/install/motoros2_interfaces/include/motoros2_interfaces/motoros2_interfaces/srv/detail/reset_error__rosidl_typesupport_fastrtps_cpp.hpp
[2.715s] -- Up-to-date symlink: /home/hungnb/cocarry_ws/install/motoros2_interfaces/include/motoros2_interfaces/motoros2_interfaces/srv/detail/select_motion_tool__rosidl_typesupport_fastrtps_cpp.hpp
[2.715s] -- Up-to-date symlink: /home/hungnb/cocarry_ws/install/motoros2_interfaces/include/motoros2_interfaces/motoros2_interfaces/srv/detail/start_point_queue_mode__rosidl_typesupport_fastrtps_cpp.hpp
[2.715s] -- Up-to-date symlink: /home/hungnb/cocarry_ws/install/motoros2_interfaces/include/motoros2_interfaces/motoros2_interfaces/srv/detail/start_traj_mode__rosidl_typesupport_fastrtps_cpp.hpp
[2.715s] -- Up-to-date symlink: /home/hungnb/cocarry_ws/install/motoros2_interfaces/include/motoros2_interfaces/motoros2_interfaces/srv/detail/write_group_io__rosidl_typesupport_fastrtps_cpp.hpp
[2.715s] -- Up-to-date symlink: /home/hungnb/cocarry_ws/install/motoros2_interfaces/include/motoros2_interfaces/motoros2_interfaces/srv/detail/write_m_register__rosidl_typesupport_fastrtps_cpp.hpp
[2.715s] -- Up-to-date symlink: /home/hungnb/cocarry_ws/install/motoros2_interfaces/include/motoros2_interfaces/motoros2_interfaces/srv/detail/write_single_io__rosidl_typesupport_fastrtps_cpp.hpp
[2.715s] -- Up-to-date symlink: /home/hungnb/cocarry_ws/install/motoros2_interfaces/include/motoros2_interfaces/motoros2_interfaces/msg/detail/alarm_cause_remedy__rosidl_typesupport_introspection_c.h
[2.715s] -- Up-to-date symlink: /home/hungnb/cocarry_ws/install/motoros2_interfaces/include/motoros2_interfaces/motoros2_interfaces/msg/detail/alarm_info__rosidl_typesupport_introspection_c.h
[2.715s] -- Up-to-date symlink: /home/hungnb/cocarry_ws/install/motoros2_interfaces/include/motoros2_interfaces/motoros2_interfaces/msg/detail/error_info__rosidl_typesupport_introspection_c.h
[2.715s] -- Up-to-date symlink: /home/hungnb/cocarry_ws/install/motoros2_interfaces/include/motoros2_interfaces/motoros2_interfaces/msg/detail/inform_job_crud_result_codes__rosidl_typesupport_introspection_c.h
[2.715s] -- Up-to-date symlink: /home/hungnb/cocarry_ws/install/motoros2_interfaces/include/motoros2_interfaces/motoros2_interfaces/msg/detail/init_traj_enum__rosidl_typesupport_introspection_c.h
[2.715s] -- Up-to-date symlink: /home/hungnb/cocarry_ws/install/motoros2_interfaces/include/motoros2_interfaces/motoros2_interfaces/msg/detail/io_result_codes__rosidl_typesupport_introspection_c.h
[2.715s] -- Up-to-date symlink: /home/hungnb/cocarry_ws/install/motoros2_interfaces/include/motoros2_interfaces/motoros2_interfaces/msg/detail/motion_ready_enum__rosidl_typesupport_introspection_c.h
[2.715s] -- Up-to-date symlink: /home/hungnb/cocarry_ws/install/motoros2_interfaces/include/motoros2_interfaces/motoros2_interfaces/msg/detail/queue_result_enum__rosidl_typesupport_introspection_c.h
[2.715s] -- Up-to-date symlink: /home/hungnb/cocarry_ws/install/motoros2_interfaces/include/motoros2_interfaces/motoros2_interfaces/msg/detail/selection_result_codes__rosidl_typesupport_introspection_c.h
[2.716s] -- Up-to-date symlink: /home/hungnb/cocarry_ws/install/motoros2_interfaces/include/motoros2_interfaces/motoros2_interfaces/msg/rosidl_typesupport_introspection_c__visibility_control.h
[2.716s] -- Up-to-date symlink: /home/hungnb/cocarry_ws/install/motoros2_interfaces/include/motoros2_interfaces/motoros2_interfaces/srv/detail/get_active_alarm_info__rosidl_typesupport_introspection_c.h
[2.716s] -- Up-to-date symlink: /home/hungnb/cocarry_ws/install/motoros2_interfaces/include/motoros2_interfaces/motoros2_interfaces/srv/detail/list_inform_jobs__rosidl_typesupport_introspection_c.h
[2.716s] -- Up-to-date symlink: /home/hungnb/cocarry_ws/install/motoros2_interfaces/include/motoros2_interfaces/motoros2_interfaces/srv/detail/queue_traj_point__rosidl_typesupport_introspection_c.h
[2.717s] -- Up-to-date symlink: /home/hungnb/cocarry_ws/install/motoros2_interfaces/include/motoros2_interfaces/motoros2_interfaces/srv/detail/read_group_io__rosidl_typesupport_introspection_c.h
[2.717s] -- Up-to-date symlink: /home/hungnb/cocarry_ws/install/motoros2_interfaces/include/motoros2_interfaces/motoros2_interfaces/srv/detail/read_m_register__rosidl_typesupport_introspection_c.h
[2.717s] -- Up-to-date symlink: /home/hungnb/cocarry_ws/install/motoros2_interfaces/include/motoros2_interfaces/motoros2_interfaces/srv/detail/read_single_io__rosidl_typesupport_introspection_c.h
[2.717s] -- Up-to-date symlink: /home/hungnb/cocarry_ws/install/motoros2_interfaces/include/motoros2_interfaces/motoros2_interfaces/srv/detail/reset_error__rosidl_typesupport_introspection_c.h
[2.717s] -- Up-to-date symlink: /home/hungnb/cocarry_ws/install/motoros2_interfaces/include/motoros2_interfaces/motoros2_interfaces/srv/detail/select_motion_tool__rosidl_typesupport_introspection_c.h
[2.717s] -- Up-to-date symlink: /home/hungnb/cocarry_ws/install/motoros2_interfaces/include/motoros2_interfaces/motoros2_interfaces/srv/detail/start_point_queue_mode__rosidl_typesupport_introspection_c.h
[2.717s] -- Up-to-date symlink: /home/hungnb/cocarry_ws/install/motoros2_interfaces/include/motoros2_interfaces/motoros2_interfaces/srv/detail/start_traj_mode__rosidl_typesupport_introspection_c.h
[2.717s] -- Up-to-date symlink: /home/hungnb/cocarry_ws/install/motoros2_interfaces/include/motoros2_interfaces/motoros2_interfaces/srv/detail/write_group_io__rosidl_typesupport_introspection_c.h
[2.717s] -- Up-to-date symlink: /home/hungnb/cocarry_ws/install/motoros2_interfaces/include/motoros2_interfaces/motoros2_interfaces/srv/detail/write_m_register__rosidl_typesupport_introspection_c.h
[2.717s] -- Up-to-date symlink: /home/hungnb/cocarry_ws/install/motoros2_interfaces/include/motoros2_interfaces/motoros2_interfaces/srv/detail/write_single_io__rosidl_typesupport_introspection_c.h
[2.717s] -- Up-to-date symlink: /home/hungnb/cocarry_ws/install/motoros2_interfaces/include/motoros2_interfaces/motoros2_interfaces/msg/detail/alarm_cause_remedy__rosidl_typesupport_introspection_cpp.hpp
[2.717s] -- Up-to-date symlink: /home/hungnb/cocarry_ws/install/motoros2_interfaces/include/motoros2_interfaces/motoros2_interfaces/msg/detail/alarm_info__rosidl_typesupport_introspection_cpp.hpp
[2.717s] -- Up-to-date symlink: /home/hungnb/cocarry_ws/install/motoros2_interfaces/include/motoros2_interfaces/motoros2_interfaces/msg/detail/error_info__rosidl_typesupport_introspection_cpp.hpp
[2.717s] -- Up-to-date symlink: /home/hungnb/cocarry_ws/install/motoros2_interfaces/include/motoros2_interfaces/motoros2_interfaces/msg/detail/inform_job_crud_result_codes__rosidl_typesupport_introspection_cpp.hpp
[2.717s] -- Up-to-date symlink: /home/hungnb/cocarry_ws/install/motoros2_interfaces/include/motoros2_interfaces/motoros2_interfaces/msg/detail/init_traj_enum__rosidl_typesupport_introspection_cpp.hpp
[2.717s] -- Up-to-date symlink: /home/hungnb/cocarry_ws/install/motoros2_interfaces/include/motoros2_interfaces/motoros2_interfaces/msg/detail/io_result_codes__rosidl_typesupport_introspection_cpp.hpp
[2.717s] -- Up-to-date symlink: /home/hungnb/cocarry_ws/install/motoros2_interfaces/include/motoros2_interfaces/motoros2_interfaces/msg/detail/motion_ready_enum__rosidl_typesupport_introspection_cpp.hpp
[2.717s] -- Up-to-date symlink: /home/hungnb/cocarry_ws/install/motoros2_interfaces/include/motoros2_interfaces/motoros2_interfaces/msg/detail/queue_result_enum__rosidl_typesupport_introspection_cpp.hpp
[2.717s] -- Up-to-date symlink: /home/hungnb/cocarry_ws/install/motoros2_interfaces/include/motoros2_interfaces/motoros2_interfaces/msg/detail/selection_result_codes__rosidl_typesupport_introspection_cpp.hpp
[2.717s] -- Up-to-date symlink: /home/hungnb/cocarry_ws/install/motoros2_interfaces/include/motoros2_interfaces/motoros2_interfaces/srv/detail/get_active_alarm_info__rosidl_typesupport_introspection_cpp.hpp
[2.718s] -- Up-to-date symlink: /home/hungnb/cocarry_ws/install/motoros2_interfaces/include/motoros2_interfaces/motoros2_interfaces/srv/detail/list_inform_jobs__rosidl_typesupport_introspection_cpp.hpp
[2.718s] -- Up-to-date symlink: /home/hungnb/cocarry_ws/install/motoros2_interfaces/include/motoros2_interfaces/motoros2_interfaces/srv/detail/queue_traj_point__rosidl_typesupport_introspection_cpp.hpp
[2.718s] -- Up-to-date symlink: /home/hungnb/cocarry_ws/install/motoros2_interfaces/include/motoros2_interfaces/motoros2_interfaces/srv/detail/read_group_io__rosidl_typesupport_introspection_cpp.hpp
[2.718s] -- Up-to-date symlink: /home/hungnb/cocarry_ws/install/motoros2_interfaces/include/motoros2_interfaces/motoros2_interfaces/srv/detail/read_m_register__rosidl_typesupport_introspection_cpp.hpp
[2.718s] -- Up-to-date symlink: /home/hungnb/cocarry_ws/install/motoros2_interfaces/include/motoros2_interfaces/motoros2_interfaces/srv/detail/read_single_io__rosidl_typesupport_introspection_cpp.hpp
[2.718s] -- Up-to-date symlink: /home/hungnb/cocarry_ws/install/motoros2_interfaces/include/motoros2_interfaces/motoros2_interfaces/srv/detail/reset_error__rosidl_typesupport_introspection_cpp.hpp
[2.718s] -- Up-to-date symlink: /home/hungnb/cocarry_ws/install/motoros2_interfaces/include/motoros2_interfaces/motoros2_interfaces/srv/detail/select_motion_tool__rosidl_typesupport_introspection_cpp.hpp
[2.718s] -- Up-to-date symlink: /home/hungnb/cocarry_ws/install/motoros2_interfaces/include/motoros2_interfaces/motoros2_interfaces/srv/detail/start_point_queue_mode__rosidl_typesupport_introspection_cpp.hpp
[2.718s] -- Up-to-date symlink: /home/hungnb/cocarry_ws/install/motoros2_interfaces/include/motoros2_interfaces/motoros2_interfaces/srv/detail/start_traj_mode__rosidl_typesupport_introspection_cpp.hpp
[2.718s] -- Up-to-date symlink: /home/hungnb/cocarry_ws/install/motoros2_interfaces/include/motoros2_interfaces/motoros2_interfaces/srv/detail/write_group_io__rosidl_typesupport_introspection_cpp.hpp
[2.718s] -- Up-to-date symlink: /home/hungnb/cocarry_ws/install/motoros2_interfaces/include/motoros2_interfaces/motoros2_interfaces/srv/detail/write_m_register__rosidl_typesupport_introspection_cpp.hpp
[2.718s] -- Up-to-date symlink: /home/hungnb/cocarry_ws/install/motoros2_interfaces/include/motoros2_interfaces/motoros2_interfaces/srv/detail/write_single_io__rosidl_typesupport_introspection_cpp.hpp
[2.718s] -- Up-to-date symlink: /home/hungnb/cocarry_ws/install/motoros2_interfaces/share/motoros2_interfaces/environment/pythonpath.sh
[2.718s] -- Up-to-date symlink: /home/hungnb/cocarry_ws/install/motoros2_interfaces/share/motoros2_interfaces/environment/pythonpath.dsv
[2.718s] -- Up-to-date symlink: /home/hungnb/cocarry_ws/install/motoros2_interfaces/local/lib/python3.10/dist-packages/motoros2_interfaces-0.2.0-py3.10.egg-info/PKG-INFO
[2.718s] -- Up-to-date symlink: /home/hungnb/cocarry_ws/install/motoros2_interfaces/local/lib/python3.10/dist-packages/motoros2_interfaces-0.2.0-py3.10.egg-info/SOURCES.txt
[2.718s] -- Up-to-date symlink: /home/hungnb/cocarry_ws/install/motoros2_interfaces/local/lib/python3.10/dist-packages/motoros2_interfaces-0.2.0-py3.10.egg-info/dependency_links.txt
[2.718s] -- Up-to-date symlink: /home/hungnb/cocarry_ws/install/motoros2_interfaces/local/lib/python3.10/dist-packages/motoros2_interfaces-0.2.0-py3.10.egg-info/top_level.txt
[2.718s] -- Up-to-date symlink: /home/hungnb/cocarry_ws/install/motoros2_interfaces/local/lib/python3.10/dist-packages/motoros2_interfaces/__init__.py
[2.718s] -- Up-to-date symlink: /home/hungnb/cocarry_ws/install/motoros2_interfaces/local/lib/python3.10/dist-packages/motoros2_interfaces/_motoros2_interfaces_s.ep.rosidl_typesupport_c.c
[2.718s] -- Up-to-date symlink: /home/hungnb/cocarry_ws/install/motoros2_interfaces/local/lib/python3.10/dist-packages/motoros2_interfaces/_motoros2_interfaces_s.ep.rosidl_typesupport_fastrtps_c.c
[2.718s] -- Up-to-date symlink: /home/hungnb/cocarry_ws/install/motoros2_interfaces/local/lib/python3.10/dist-packages/motoros2_interfaces/_motoros2_interfaces_s.ep.rosidl_typesupport_introspection_c.c
[2.718s] -- Up-to-date symlink: /home/hungnb/cocarry_ws/install/motoros2_interfaces/local/lib/python3.10/dist-packages/motoros2_interfaces/libmotoros2_interfaces__rosidl_generator_py.so
[2.718s] -- Up-to-date symlink: /home/hungnb/cocarry_ws/install/motoros2_interfaces/local/lib/python3.10/dist-packages/motoros2_interfaces/motoros2_interfaces_s__rosidl_typesupport_c.cpython-310-x86_64-linux-gnu.so
[2.718s] -- Up-to-date symlink: /home/hungnb/cocarry_ws/install/motoros2_interfaces/local/lib/python3.10/dist-packages/motoros2_interfaces/motoros2_interfaces_s__rosidl_typesupport_fastrtps_c.cpython-310-x86_64-linux-gnu.so
[2.718s] -- Up-to-date symlink: /home/hungnb/cocarry_ws/install/motoros2_interfaces/local/lib/python3.10/dist-packages/motoros2_interfaces/motoros2_interfaces_s__rosidl_typesupport_introspection_c.cpython-310-x86_64-linux-gnu.so
[2.719s] -- Up-to-date symlink: /home/hungnb/cocarry_ws/install/motoros2_interfaces/local/lib/python3.10/dist-packages/motoros2_interfaces/msg/__init__.py
[2.719s] -- Up-to-date symlink: /home/hungnb/cocarry_ws/install/motoros2_interfaces/local/lib/python3.10/dist-packages/motoros2_interfaces/msg/_alarm_cause_remedy.py
[2.719s] -- Up-to-date symlink: /home/hungnb/cocarry_ws/install/motoros2_interfaces/local/lib/python3.10/dist-packages/motoros2_interfaces/msg/_alarm_cause_remedy_s.c
[2.719s] -- Up-to-date symlink: /home/hungnb/cocarry_ws/install/motoros2_interfaces/local/lib/python3.10/dist-packages/motoros2_interfaces/msg/_alarm_info.py
[2.719s] -- Up-to-date symlink: /home/hungnb/cocarry_ws/install/motoros2_interfaces/local/lib/python3.10/dist-packages/motoros2_interfaces/msg/_alarm_info_s.c
[2.719s] -- Up-to-date symlink: /home/hungnb/cocarry_ws/install/motoros2_interfaces/local/lib/python3.10/dist-packages/motoros2_interfaces/msg/_error_info.py
[2.719s] -- Up-to-date symlink: /home/hungnb/cocarry_ws/install/motoros2_interfaces/local/lib/python3.10/dist-packages/motoros2_interfaces/msg/_error_info_s.c
[2.719s] -- Up-to-date symlink: /home/hungnb/cocarry_ws/install/motoros2_interfaces/local/lib/python3.10/dist-packages/motoros2_interfaces/msg/_inform_job_crud_result_codes.py
[2.719s] -- Up-to-date symlink: /home/hungnb/cocarry_ws/install/motoros2_interfaces/local/lib/python3.10/dist-packages/motoros2_interfaces/msg/_inform_job_crud_result_codes_s.c
[2.719s] -- Up-to-date symlink: /home/hungnb/cocarry_ws/install/motoros2_interfaces/local/lib/python3.10/dist-packages/motoros2_interfaces/msg/_init_traj_enum.py
[2.719s] -- Up-to-date symlink: /home/hungnb/cocarry_ws/install/motoros2_interfaces/local/lib/python3.10/dist-packages/motoros2_interfaces/msg/_init_traj_enum_s.c
[2.719s] -- Up-to-date symlink: /home/hungnb/cocarry_ws/install/motoros2_interfaces/local/lib/python3.10/dist-packages/motoros2_interfaces/msg/_io_result_codes.py
[2.719s] -- Up-to-date symlink: /home/hungnb/cocarry_ws/install/motoros2_interfaces/local/lib/python3.10/dist-packages/motoros2_interfaces/msg/_io_result_codes_s.c
[2.719s] -- Up-to-date symlink: /home/hungnb/cocarry_ws/install/motoros2_interfaces/local/lib/python3.10/dist-packages/motoros2_interfaces/msg/_motion_ready_enum.py
[2.719s] -- Up-to-date symlink: /home/hungnb/cocarry_ws/install/motoros2_interfaces/local/lib/python3.10/dist-packages/motoros2_interfaces/msg/_motion_ready_enum_s.c
[2.719s] -- Up-to-date symlink: /home/hungnb/cocarry_ws/install/motoros2_interfaces/local/lib/python3.10/dist-packages/motoros2_interfaces/msg/_queue_result_enum.py
[2.719s] -- Up-to-date symlink: /home/hungnb/cocarry_ws/install/motoros2_interfaces/local/lib/python3.10/dist-packages/motoros2_interfaces/msg/_queue_result_enum_s.c
[2.719s] -- Up-to-date symlink: /home/hungnb/cocarry_ws/install/motoros2_interfaces/local/lib/python3.10/dist-packages/motoros2_interfaces/msg/_selection_result_codes.py
[2.720s] -- Up-to-date symlink: /home/hungnb/cocarry_ws/install/motoros2_interfaces/local/lib/python3.10/dist-packages/motoros2_interfaces/msg/_selection_result_codes_s.c
[2.721s] -- Up-to-date symlink: /home/hungnb/cocarry_ws/install/motoros2_interfaces/local/lib/python3.10/dist-packages/motoros2_interfaces/srv/__init__.py
[2.721s] -- Up-to-date symlink: /home/hungnb/cocarry_ws/install/motoros2_interfaces/local/lib/python3.10/dist-packages/motoros2_interfaces/srv/_get_active_alarm_info.py
[2.721s] -- Up-to-date symlink: /home/hungnb/cocarry_ws/install/motoros2_interfaces/local/lib/python3.10/dist-packages/motoros2_interfaces/srv/_get_active_alarm_info_s.c
[2.721s] -- Up-to-date symlink: /home/hungnb/cocarry_ws/install/motoros2_interfaces/local/lib/python3.10/dist-packages/motoros2_interfaces/srv/_list_inform_jobs.py
[2.721s] -- Up-to-date symlink: /home/hungnb/cocarry_ws/install/motoros2_interfaces/local/lib/python3.10/dist-packages/motoros2_interfaces/srv/_list_inform_jobs_s.c
[2.721s] -- Up-to-date symlink: /home/hungnb/cocarry_ws/install/motoros2_interfaces/local/lib/python3.10/dist-packages/motoros2_interfaces/srv/_queue_traj_point.py
[2.721s] -- Up-to-date symlink: /home/hungnb/cocarry_ws/install/motoros2_interfaces/local/lib/python3.10/dist-packages/motoros2_interfaces/srv/_queue_traj_point_s.c
[2.721s] -- Up-to-date symlink: /home/hungnb/cocarry_ws/install/motoros2_interfaces/local/lib/python3.10/dist-packages/motoros2_interfaces/srv/_read_group_io.py
[2.721s] -- Up-to-date symlink: /home/hungnb/cocarry_ws/install/motoros2_interfaces/local/lib/python3.10/dist-packages/motoros2_interfaces/srv/_read_group_io_s.c
[2.721s] -- Up-to-date symlink: /home/hungnb/cocarry_ws/install/motoros2_interfaces/local/lib/python3.10/dist-packages/motoros2_interfaces/srv/_read_m_register.py
[2.722s] -- Up-to-date symlink: /home/hungnb/cocarry_ws/install/motoros2_interfaces/local/lib/python3.10/dist-packages/motoros2_interfaces/srv/_read_m_register_s.c
[2.722s] -- Up-to-date symlink: /home/hungnb/cocarry_ws/install/motoros2_interfaces/local/lib/python3.10/dist-packages/motoros2_interfaces/srv/_read_single_io.py
[2.722s] -- Up-to-date symlink: /home/hungnb/cocarry_ws/install/motoros2_interfaces/local/lib/python3.10/dist-packages/motoros2_interfaces/srv/_read_single_io_s.c
[2.722s] -- Up-to-date symlink: /home/hungnb/cocarry_ws/install/motoros2_interfaces/local/lib/python3.10/dist-packages/motoros2_interfaces/srv/_reset_error.py
[2.722s] -- Up-to-date symlink: /home/hungnb/cocarry_ws/install/motoros2_interfaces/local/lib/python3.10/dist-packages/motoros2_interfaces/srv/_reset_error_s.c
[2.722s] -- Up-to-date symlink: /home/hungnb/cocarry_ws/install/motoros2_interfaces/local/lib/python3.10/dist-packages/motoros2_interfaces/srv/_select_motion_tool.py
[2.722s] -- Up-to-date symlink: /home/hungnb/cocarry_ws/install/motoros2_interfaces/local/lib/python3.10/dist-packages/motoros2_interfaces/srv/_select_motion_tool_s.c
[2.722s] -- Up-to-date symlink: /home/hungnb/cocarry_ws/install/motoros2_interfaces/local/lib/python3.10/dist-packages/motoros2_interfaces/srv/_start_point_queue_mode.py
[2.722s] -- Up-to-date symlink: /home/hungnb/cocarry_ws/install/motoros2_interfaces/local/lib/python3.10/dist-packages/motoros2_interfaces/srv/_start_point_queue_mode_s.c
[2.722s] -- Up-to-date symlink: /home/hungnb/cocarry_ws/install/motoros2_interfaces/local/lib/python3.10/dist-packages/motoros2_interfaces/srv/_start_traj_mode.py
[2.722s] -- Up-to-date symlink: /home/hungnb/cocarry_ws/install/motoros2_interfaces/local/lib/python3.10/dist-packages/motoros2_interfaces/srv/_start_traj_mode_s.c
[2.722s] -- Up-to-date symlink: /home/hungnb/cocarry_ws/install/motoros2_interfaces/local/lib/python3.10/dist-packages/motoros2_interfaces/srv/_write_group_io.py
[2.722s] -- Up-to-date symlink: /home/hungnb/cocarry_ws/install/motoros2_interfaces/local/lib/python3.10/dist-packages/motoros2_interfaces/srv/_write_group_io_s.c
[2.722s] -- Up-to-date symlink: /home/hungnb/cocarry_ws/install/motoros2_interfaces/local/lib/python3.10/dist-packages/motoros2_interfaces/srv/_write_m_register.py
[2.722s] -- Up-to-date symlink: /home/hungnb/cocarry_ws/install/motoros2_interfaces/local/lib/python3.10/dist-packages/motoros2_interfaces/srv/_write_m_register_s.c
[2.722s] -- Up-to-date symlink: /home/hungnb/cocarry_ws/install/motoros2_interfaces/local/lib/python3.10/dist-packages/motoros2_interfaces/srv/_write_single_io.py
[2.722s] -- Up-to-date symlink: /home/hungnb/cocarry_ws/install/motoros2_interfaces/local/lib/python3.10/dist-packages/motoros2_interfaces/srv/_write_single_io_s.c
[2.722s] -- Up-to-date symlink: /home/hungnb/cocarry_ws/install/motoros2_interfaces/local/lib/python3.10/dist-packages/motoros2_interfaces/motoros2_interfaces_s__rosidl_typesupport_fastrtps_c.cpython-310-x86_64-linux-gnu.so
[2.723s] -- Up-to-date symlink: /home/hungnb/cocarry_ws/install/motoros2_interfaces/local/lib/python3.10/dist-packages/motoros2_interfaces/motoros2_interfaces_s__rosidl_typesupport_introspection_c.cpython-310-x86_64-linux-gnu.so
[2.723s] -- Up-to-date symlink: /home/hungnb/cocarry_ws/install/motoros2_interfaces/local/lib/python3.10/dist-packages/motoros2_interfaces/motoros2_interfaces_s__rosidl_typesupport_c.cpython-310-x86_64-linux-gnu.so
[2.723s] -- Up-to-date symlink: /home/hungnb/cocarry_ws/install/motoros2_interfaces/share/ament_index/resource_index/rust_packages/motoros2_interfaces
[2.724s] -- Up-to-date symlink: /home/hungnb/cocarry_ws/install/motoros2_interfaces/share/motoros2_interfaces/rust/Cargo.toml
[2.724s] -- Up-to-date symlink: /home/hungnb/cocarry_ws/install/motoros2_interfaces/share/motoros2_interfaces/rust/build.rs
[2.725s] -- Up-to-date symlink: /home/hungnb/cocarry_ws/install/motoros2_interfaces/share/motoros2_interfaces/rust/src/lib.rs
[2.726s] -- Up-to-date symlink: /home/hungnb/cocarry_ws/install/motoros2_interfaces/share/motoros2_interfaces/rust/src/msg.rs
[2.726s] -- Up-to-date symlink: /home/hungnb/cocarry_ws/install/motoros2_interfaces/share/motoros2_interfaces/rust/src/msg/rmw.rs
[2.726s] -- Up-to-date symlink: /home/hungnb/cocarry_ws/install/motoros2_interfaces/share/motoros2_interfaces/rust/src/srv.rs
[2.726s] -- Up-to-date symlink: /home/hungnb/cocarry_ws/install/motoros2_interfaces/share/motoros2_interfaces/rust/src/srv/rmw.rs
[2.727s] -- Up-to-date symlink: /home/hungnb/cocarry_ws/install/motoros2_interfaces/share/motoros2_interfaces/msg/AlarmInfo.idl
[2.727s] -- Up-to-date symlink: /home/hungnb/cocarry_ws/install/motoros2_interfaces/share/motoros2_interfaces/msg/AlarmCauseRemedy.idl
[2.727s] -- Up-to-date symlink: /home/hungnb/cocarry_ws/install/motoros2_interfaces/share/motoros2_interfaces/msg/ErrorInfo.idl
[2.727s] -- Up-to-date symlink: /home/hungnb/cocarry_ws/install/motoros2_interfaces/share/motoros2_interfaces/msg/InformJobCrudResultCodes.idl
[2.728s] -- Up-to-date symlink: /home/hungnb/cocarry_ws/install/motoros2_interfaces/share/motoros2_interfaces/msg/InitTrajEnum.idl
[2.728s] -- Up-to-date symlink: /home/hungnb/cocarry_ws/install/motoros2_interfaces/share/motoros2_interfaces/msg/IoResultCodes.idl
[2.728s] -- Up-to-date symlink: /home/hungnb/cocarry_ws/install/motoros2_interfaces/share/motoros2_interfaces/msg/MotionReadyEnum.idl
[2.728s] -- Up-to-date symlink: /home/hungnb/cocarry_ws/install/motoros2_interfaces/share/motoros2_interfaces/msg/QueueResultEnum.idl
[2.728s] -- Up-to-date symlink: /home/hungnb/cocarry_ws/install/motoros2_interfaces/share/motoros2_interfaces/msg/SelectionResultCodes.idl
[2.728s] -- Up-to-date symlink: /home/hungnb/cocarry_ws/install/motoros2_interfaces/share/motoros2_interfaces/srv/GetActiveAlarmInfo.idl
[2.728s] -- Up-to-date symlink: /home/hungnb/cocarry_ws/install/motoros2_interfaces/share/motoros2_interfaces/srv/ListInformJobs.idl
[2.728s] -- Up-to-date symlink: /home/hungnb/cocarry_ws/install/motoros2_interfaces/share/motoros2_interfaces/srv/QueueTrajPoint.idl
[2.728s] -- Up-to-date symlink: /home/hungnb/cocarry_ws/install/motoros2_interfaces/share/motoros2_interfaces/srv/ReadMRegister.idl
[2.728s] -- Up-to-date symlink: /home/hungnb/cocarry_ws/install/motoros2_interfaces/share/motoros2_interfaces/srv/ReadSingleIO.idl
[2.728s] -- Up-to-date symlink: /home/hungnb/cocarry_ws/install/motoros2_interfaces/share/motoros2_interfaces/srv/ReadGroupIO.idl
[2.728s] -- Up-to-date symlink: /home/hungnb/cocarry_ws/install/motoros2_interfaces/share/motoros2_interfaces/srv/ResetError.idl
[2.728s] -- Up-to-date symlink: /home/hungnb/cocarry_ws/install/motoros2_interfaces/share/motoros2_interfaces/srv/SelectMotionTool.idl
[2.728s] -- Up-to-date symlink: /home/hungnb/cocarry_ws/install/motoros2_interfaces/share/motoros2_interfaces/srv/StartTrajMode.idl
[2.728s] -- Up-to-date symlink: /home/hungnb/cocarry_ws/install/motoros2_interfaces/share/motoros2_interfaces/srv/StartPointQueueMode.idl
[2.728s] -- Up-to-date symlink: /home/hungnb/cocarry_ws/install/motoros2_interfaces/share/motoros2_interfaces/srv/WriteMRegister.idl
[2.729s] -- Up-to-date symlink: /home/hungnb/cocarry_ws/install/motoros2_interfaces/share/motoros2_interfaces/srv/WriteSingleIO.idl
[2.729s] -- Up-to-date symlink: /home/hungnb/cocarry_ws/install/motoros2_interfaces/share/motoros2_interfaces/srv/WriteGroupIO.idl
[2.729s] -- Up-to-date symlink: /home/hungnb/cocarry_ws/install/motoros2_interfaces/share/motoros2_interfaces/msg/AlarmInfo.msg
[2.729s] -- Up-to-date symlink: /home/hungnb/cocarry_ws/install/motoros2_interfaces/share/motoros2_interfaces/msg/AlarmCauseRemedy.msg
[2.729s] -- Up-to-date symlink: /home/hungnb/cocarry_ws/install/motoros2_interfaces/share/motoros2_interfaces/msg/ErrorInfo.msg
[2.729s] -- Up-to-date symlink: /home/hungnb/cocarry_ws/install/motoros2_interfaces/share/motoros2_interfaces/msg/InformJobCrudResultCodes.msg
[2.729s] -- Up-to-date symlink: /home/hungnb/cocarry_ws/install/motoros2_interfaces/share/motoros2_interfaces/msg/InitTrajEnum.msg
[2.729s] -- Up-to-date symlink: /home/hungnb/cocarry_ws/install/motoros2_interfaces/share/motoros2_interfaces/msg/IoResultCodes.msg
[2.730s] -- Up-to-date symlink: /home/hungnb/cocarry_ws/install/motoros2_interfaces/share/motoros2_interfaces/msg/MotionReadyEnum.msg
[2.730s] -- Up-to-date symlink: /home/hungnb/cocarry_ws/install/motoros2_interfaces/share/motoros2_interfaces/msg/QueueResultEnum.msg
[2.730s] -- Up-to-date symlink: /home/hungnb/cocarry_ws/install/motoros2_interfaces/share/motoros2_interfaces/msg/SelectionResultCodes.msg
[2.730s] -- Up-to-date symlink: /home/hungnb/cocarry_ws/install/motoros2_interfaces/share/motoros2_interfaces/srv/GetActiveAlarmInfo.srv
[2.730s] -- Up-to-date symlink: /home/hungnb/cocarry_ws/install/motoros2_interfaces/share/motoros2_interfaces/srv/GetActiveAlarmInfo_Request.msg
[2.730s] -- Up-to-date symlink: /home/hungnb/cocarry_ws/install/motoros2_interfaces/share/motoros2_interfaces/srv/GetActiveAlarmInfo_Response.msg
[2.730s] -- Up-to-date symlink: /home/hungnb/cocarry_ws/install/motoros2_interfaces/share/motoros2_interfaces/srv/ListInformJobs.srv
[2.730s] -- Up-to-date symlink: /home/hungnb/cocarry_ws/install/motoros2_interfaces/share/motoros2_interfaces/srv/ListInformJobs_Request.msg
[2.730s] -- Up-to-date symlink: /home/hungnb/cocarry_ws/install/motoros2_interfaces/share/motoros2_interfaces/srv/ListInformJobs_Response.msg
[2.730s] -- Up-to-date symlink: /home/hungnb/cocarry_ws/install/motoros2_interfaces/share/motoros2_interfaces/srv/QueueTrajPoint.srv
[2.730s] -- Up-to-date symlink: /home/hungnb/cocarry_ws/install/motoros2_interfaces/share/motoros2_interfaces/srv/QueueTrajPoint_Request.msg
[2.730s] -- Up-to-date symlink: /home/hungnb/cocarry_ws/install/motoros2_interfaces/share/motoros2_interfaces/srv/QueueTrajPoint_Response.msg
[2.730s] -- Up-to-date symlink: /home/hungnb/cocarry_ws/install/motoros2_interfaces/share/motoros2_interfaces/srv/ReadMRegister.srv
[2.730s] -- Up-to-date symlink: /home/hungnb/cocarry_ws/install/motoros2_interfaces/share/motoros2_interfaces/srv/ReadMRegister_Request.msg
[2.730s] -- Up-to-date symlink: /home/hungnb/cocarry_ws/install/motoros2_interfaces/share/motoros2_interfaces/srv/ReadMRegister_Response.msg
[2.730s] -- Up-to-date symlink: /home/hungnb/cocarry_ws/install/motoros2_interfaces/share/motoros2_interfaces/srv/ReadSingleIO.srv
[2.730s] -- Up-to-date symlink: /home/hungnb/cocarry_ws/install/motoros2_interfaces/share/motoros2_interfaces/srv/ReadSingleIO_Request.msg
[2.730s] -- Up-to-date symlink: /home/hungnb/cocarry_ws/install/motoros2_interfaces/share/motoros2_interfaces/srv/ReadSingleIO_Response.msg
[2.730s] -- Up-to-date symlink: /home/hungnb/cocarry_ws/install/motoros2_interfaces/share/motoros2_interfaces/srv/ReadGroupIO.srv
[2.730s] -- Up-to-date symlink: /home/hungnb/cocarry_ws/install/motoros2_interfaces/share/motoros2_interfaces/srv/ReadGroupIO_Request.msg
[2.730s] -- Up-to-date symlink: /home/hungnb/cocarry_ws/install/motoros2_interfaces/share/motoros2_interfaces/srv/ReadGroupIO_Response.msg
[2.730s] -- Up-to-date symlink: /home/hungnb/cocarry_ws/install/motoros2_interfaces/share/motoros2_interfaces/srv/ResetError.srv
[2.731s] -- Up-to-date symlink: /home/hungnb/cocarry_ws/install/motoros2_interfaces/share/motoros2_interfaces/srv/ResetError_Request.msg
[2.731s] -- Up-to-date symlink: /home/hungnb/cocarry_ws/install/motoros2_interfaces/share/motoros2_interfaces/srv/ResetError_Response.msg
[2.731s] -- Up-to-date symlink: /home/hungnb/cocarry_ws/install/motoros2_interfaces/share/motoros2_interfaces/srv/SelectMotionTool.srv
[2.731s] -- Up-to-date symlink: /home/hungnb/cocarry_ws/install/motoros2_interfaces/share/motoros2_interfaces/srv/SelectMotionTool_Request.msg
[2.731s] -- Up-to-date symlink: /home/hungnb/cocarry_ws/install/motoros2_interfaces/share/motoros2_interfaces/srv/SelectMotionTool_Response.msg
[2.731s] -- Up-to-date symlink: /home/hungnb/cocarry_ws/install/motoros2_interfaces/share/motoros2_interfaces/srv/StartTrajMode.srv
[2.731s] -- Up-to-date symlink: /home/hungnb/cocarry_ws/install/motoros2_interfaces/share/motoros2_interfaces/srv/StartTrajMode_Request.msg
[2.731s] -- Up-to-date symlink: /home/hungnb/cocarry_ws/install/motoros2_interfaces/share/motoros2_interfaces/srv/StartTrajMode_Response.msg
[2.731s] -- Up-to-date symlink: /home/hungnb/cocarry_ws/install/motoros2_interfaces/share/motoros2_interfaces/srv/StartPointQueueMode.srv
[2.731s] -- Up-to-date symlink: /home/hungnb/cocarry_ws/install/motoros2_interfaces/share/motoros2_interfaces/srv/StartPointQueueMode_Request.msg
[2.731s] -- Up-to-date symlink: /home/hungnb/cocarry_ws/install/motoros2_interfaces/share/motoros2_interfaces/srv/StartPointQueueMode_Response.msg
[2.731s] -- Up-to-date symlink: /home/hungnb/cocarry_ws/install/motoros2_interfaces/share/motoros2_interfaces/srv/WriteMRegister.srv
[2.731s] -- Up-to-date symlink: /home/hungnb/cocarry_ws/install/motoros2_interfaces/share/motoros2_interfaces/srv/WriteMRegister_Request.msg
[2.731s] -- Up-to-date symlink: /home/hungnb/cocarry_ws/install/motoros2_interfaces/share/motoros2_interfaces/srv/WriteMRegister_Response.msg
[2.731s] -- Up-to-date symlink: /home/hungnb/cocarry_ws/install/motoros2_interfaces/share/motoros2_interfaces/srv/WriteSingleIO.srv
[2.731s] -- Up-to-date symlink: /home/hungnb/cocarry_ws/install/motoros2_interfaces/share/motoros2_interfaces/srv/WriteSingleIO_Request.msg
[2.731s] -- Up-to-date symlink: /home/hungnb/cocarry_ws/install/motoros2_interfaces/share/motoros2_interfaces/srv/WriteSingleIO_Response.msg
[2.731s] -- Up-to-date symlink: /home/hungnb/cocarry_ws/install/motoros2_interfaces/share/motoros2_interfaces/srv/WriteGroupIO.srv
[2.731s] -- Up-to-date symlink: /home/hungnb/cocarry_ws/install/motoros2_interfaces/share/motoros2_interfaces/srv/WriteGroupIO_Request.msg
[2.731s] -- Up-to-date symlink: /home/hungnb/cocarry_ws/install/motoros2_interfaces/share/motoros2_interfaces/srv/WriteGroupIO_Response.msg
[2.731s] -- Up-to-date symlink: /home/hungnb/cocarry_ws/install/motoros2_interfaces/share/ament_index/resource_index/package_run_dependencies/motoros2_interfaces
[2.731s] -- Up-to-date symlink: /home/hungnb/cocarry_ws/install/motoros2_interfaces/share/ament_index/resource_index/parent_prefix_path/motoros2_interfaces
[2.731s] -- Up-to-date symlink: /home/hungnb/cocarry_ws/install/motoros2_interfaces/share/motoros2_interfaces/environment/ament_prefix_path.sh
[2.732s] -- Up-to-date symlink: /home/hungnb/cocarry_ws/install/motoros2_interfaces/share/motoros2_interfaces/environment/ament_prefix_path.dsv
[2.732s] -- Up-to-date symlink: /home/hungnb/cocarry_ws/install/motoros2_interfaces/share/motoros2_interfaces/environment/path.sh
[2.732s] -- Up-to-date symlink: /home/hungnb/cocarry_ws/install/motoros2_interfaces/share/motoros2_interfaces/environment/path.dsv
[2.732s] -- Up-to-date symlink: /home/hungnb/cocarry_ws/install/motoros2_interfaces/share/motoros2_interfaces/local_setup.bash
[2.732s] -- Up-to-date symlink: /home/hungnb/cocarry_ws/install/motoros2_interfaces/share/motoros2_interfaces/local_setup.sh
[2.732s] -- Up-to-date symlink: /home/hungnb/cocarry_ws/install/motoros2_interfaces/share/motoros2_interfaces/local_setup.zsh
[2.732s] -- Up-to-date symlink: /home/hungnb/cocarry_ws/install/motoros2_interfaces/share/motoros2_interfaces/local_setup.dsv
[2.732s] -- Symlinking: /home/hungnb/cocarry_ws/install/motoros2_interfaces/share/motoros2_interfaces/package.dsv
[2.735s] -- Up-to-date symlink: /home/hungnb/cocarry_ws/install/motoros2_interfaces/share/ament_index/resource_index/packages/motoros2_interfaces
[2.735s] -- Up-to-date symlink: /home/hungnb/cocarry_ws/install/motoros2_interfaces/share/motoros2_interfaces/cmake/rosidl_cmake-extras.cmake
[2.735s] -- Up-to-date symlink: /home/hungnb/cocarry_ws/install/motoros2_interfaces/share/motoros2_interfaces/cmake/ament_cmake_export_dependencies-extras.cmake
[2.736s] -- Up-to-date symlink: /home/hungnb/cocarry_ws/install/motoros2_interfaces/share/motoros2_interfaces/cmake/ament_cmake_export_include_directories-extras.cmake
[2.736s] -- Up-to-date symlink: /home/hungnb/cocarry_ws/install/motoros2_interfaces/share/motoros2_interfaces/cmake/ament_cmake_export_libraries-extras.cmake
[2.736s] -- Up-to-date symlink: /home/hungnb/cocarry_ws/install/motoros2_interfaces/share/motoros2_interfaces/cmake/ament_cmake_export_targets-extras.cmake
[2.736s] -- Up-to-date symlink: /home/hungnb/cocarry_ws/install/motoros2_interfaces/share/motoros2_interfaces/cmake/rosidl_cmake_export_typesupport_targets-extras.cmake
[2.736s] -- Up-to-date symlink: /home/hungnb/cocarry_ws/install/motoros2_interfaces/share/motoros2_interfaces/cmake/rosidl_cmake_export_typesupport_libraries-extras.cmake
[2.736s] -- Up-to-date symlink: /home/hungnb/cocarry_ws/install/motoros2_interfaces/share/motoros2_interfaces/cmake/rosidl_cmake_aggregate_target-extras.cmake
[2.736s] -- Up-to-date symlink: /home/hungnb/cocarry_ws/install/motoros2_interfaces/share/motoros2_interfaces/cmake/motoros2_interfacesConfig.cmake
[2.736s] -- Up-to-date symlink: /home/hungnb/cocarry_ws/install/motoros2_interfaces/share/motoros2_interfaces/cmake/motoros2_interfacesConfig-version.cmake
[2.736s] -- Up-to-date symlink: /home/hungnb/cocarry_ws/install/motoros2_interfaces/share/motoros2_interfaces/package.xml
[2.736s] -- Up-to-date: /home/hungnb/cocarry_ws/install/motoros2_interfaces/lib/libmotoros2_interfaces__rosidl_generator_c.so
[2.737s] -- Up-to-date: /home/hungnb/cocarry_ws/install/motoros2_interfaces/lib/libmotoros2_interfaces__rosidl_typesupport_fastrtps_c.so
[2.737s] -- Up-to-date: /home/hungnb/cocarry_ws/install/motoros2_interfaces/lib/libmotoros2_interfaces__rosidl_typesupport_fastrtps_cpp.so
[2.737s] -- Up-to-date: /home/hungnb/cocarry_ws/install/motoros2_interfaces/lib/libmotoros2_interfaces__rosidl_typesupport_introspection_c.so
[2.737s] -- Up-to-date: /home/hungnb/cocarry_ws/install/motoros2_interfaces/lib/libmotoros2_interfaces__rosidl_typesupport_c.so
[2.738s] -- Up-to-date: /home/hungnb/cocarry_ws/install/motoros2_interfaces/lib/libmotoros2_interfaces__rosidl_typesupport_introspection_cpp.so
[2.738s] -- Up-to-date: /home/hungnb/cocarry_ws/install/motoros2_interfaces/lib/libmotoros2_interfaces__rosidl_typesupport_cpp.so
[2.770s] Listing '/home/hungnb/cocarry_ws/install/motoros2_interfaces/local/lib/python3.10/dist-packages/motoros2_interfaces'...
[2.770s] Compiling '/home/hungnb/cocarry_ws/install/motoros2_interfaces/local/lib/python3.10/dist-packages/motoros2_interfaces/__init__.py'...
[2.770s] Listing '/home/hungnb/cocarry_ws/install/motoros2_interfaces/local/lib/python3.10/dist-packages/motoros2_interfaces/msg'...
[2.770s] Listing '/home/hungnb/cocarry_ws/install/motoros2_interfaces/local/lib/python3.10/dist-packages/motoros2_interfaces/srv'...
[2.776s] -- Up-to-date: /home/hungnb/cocarry_ws/install/motoros2_interfaces/lib/libmotoros2_interfaces__rosidl_generator_py.so
[2.777s] -- Up-to-date: /home/hungnb/cocarry_ws/install/motoros2_interfaces/share/motoros2_interfaces/cmake/export_motoros2_interfaces__rosidl_generator_cExport.cmake
[2.777s] -- Up-to-date: /home/hungnb/cocarry_ws/install/motoros2_interfaces/share/motoros2_interfaces/cmake/export_motoros2_interfaces__rosidl_generator_cExport-noconfig.cmake
[2.777s] -- Up-to-date: /home/hungnb/cocarry_ws/install/motoros2_interfaces/share/motoros2_interfaces/cmake/export_motoros2_interfaces__rosidl_typesupport_fastrtps_cExport.cmake
[2.777s] -- Up-to-date: /home/hungnb/cocarry_ws/install/motoros2_interfaces/share/motoros2_interfaces/cmake/export_motoros2_interfaces__rosidl_typesupport_fastrtps_cExport-noconfig.cmake
[2.777s] -- Up-to-date: /home/hungnb/cocarry_ws/install/motoros2_interfaces/share/motoros2_interfaces/cmake/export_motoros2_interfaces__rosidl_generator_cppExport.cmake
[2.777s] -- Up-to-date: /home/hungnb/cocarry_ws/install/motoros2_interfaces/share/motoros2_interfaces/cmake/export_motoros2_interfaces__rosidl_typesupport_fastrtps_cppExport.cmake
[2.777s] -- Up-to-date: /home/hungnb/cocarry_ws/install/motoros2_interfaces/share/motoros2_interfaces/cmake/export_motoros2_interfaces__rosidl_typesupport_fastrtps_cppExport-noconfig.cmake
[2.778s] -- Up-to-date: /home/hungnb/cocarry_ws/install/motoros2_interfaces/share/motoros2_interfaces/cmake/motoros2_interfaces__rosidl_typesupport_introspection_cExport.cmake
[2.779s] -- Up-to-date: /home/hungnb/cocarry_ws/install/motoros2_interfaces/share/motoros2_interfaces/cmake/motoros2_interfaces__rosidl_typesupport_introspection_cExport-noconfig.cmake
[2.779s] -- Up-to-date: /home/hungnb/cocarry_ws/install/motoros2_interfaces/share/motoros2_interfaces/cmake/motoros2_interfaces__rosidl_typesupport_cExport.cmake
[2.779s] -- Up-to-date: /home/hungnb/cocarry_ws/install/motoros2_interfaces/share/motoros2_interfaces/cmake/motoros2_interfaces__rosidl_typesupport_cExport-noconfig.cmake
[2.779s] -- Up-to-date: /home/hungnb/cocarry_ws/install/motoros2_interfaces/share/motoros2_interfaces/cmake/motoros2_interfaces__rosidl_typesupport_introspection_cppExport.cmake
[2.779s] -- Up-to-date: /home/hungnb/cocarry_ws/install/motoros2_interfaces/share/motoros2_interfaces/cmake/motoros2_interfaces__rosidl_typesupport_introspection_cppExport-noconfig.cmake
[2.779s] -- Up-to-date: /home/hungnb/cocarry_ws/install/motoros2_interfaces/share/motoros2_interfaces/cmake/motoros2_interfaces__rosidl_typesupport_cppExport.cmake
[2.779s] -- Up-to-date: /home/hungnb/cocarry_ws/install/motoros2_interfaces/share/motoros2_interfaces/cmake/motoros2_interfaces__rosidl_typesupport_cppExport-noconfig.cmake
[2.780s] -- Up-to-date: /home/hungnb/cocarry_ws/install/motoros2_interfaces/share/motoros2_interfaces/cmake/export_motoros2_interfaces__rosidl_generator_pyExport.cmake
[2.780s] -- Up-to-date: /home/hungnb/cocarry_ws/install/motoros2_interfaces/share/motoros2_interfaces/cmake/export_motoros2_interfaces__rosidl_generator_pyExport-noconfig.cmake
[2.854s] Invoked command in '/home/hungnb/cocarry_ws/build/motoros2_interfaces' returned '0': CMAKE_PREFIX_PATH=/home/hungnb/cocarry_ws/install/hrc_bringup:/home/hungnb/cocarry_ws/install/hc10dtp_simulation:/home/hungnb/cocarry_ws/install/motoros2_interfaces:/home/hungnb/cocarry_ws/install/motoman:/home/hungnb/cocarry_ws/install/motoman_up50n_support:/home/hungnb/cocarry_ws/install/motoman_sia5d_support:/home/hungnb/cocarry_ws/install/motoman_sia50_support:/home/hungnb/cocarry_ws/install/motoman_sia30d_support:/home/hungnb/cocarry_ws/install/motoman_sia20d_support:/home/hungnb/cocarry_ws/install/motoman_sia10f_support:/home/hungnb/cocarry_ws/install/motoman_sia10d_support:/home/hungnb/cocarry_ws/install/motoman_sda10f_support:/home/hungnb/cocarry_ws/install/motoman_ms210_support:/home/hungnb/cocarry_ws/install/motoman_mpx1950_support:/home/hungnb/cocarry_ws/install/motoman_motopos_mh1655_support:/home/hungnb/cocarry_ws/install/motoman_motopos_d500_support:/home/hungnb/cocarry_ws/install/motoman_motomini_support:/home/hungnb/cocarry_ws/install/motoman_mh5_support:/home/hungnb/cocarry_ws/install/motoman_mh50_support:/home/hungnb/cocarry_ws/install/motoman_mh12_support:/home/hungnb/cocarry_ws/install/motoman_mh110_support:/home/hungnb/cocarry_ws/install/motoman_ma2010_support:/home/hungnb/cocarry_ws/install/motoman_hc20_support:/home/hungnb/cocarry_ws/install/hc10dtp_bringup:/home/hungnb/cocarry_ws/install/hc10dtp_moveit_config:/home/hungnb/cocarry_ws/install/motoman_hc10dtp_support:/home/hungnb/cocarry_ws/install/motoman_hc10_support:/home/hungnb/cocarry_ws/install/motoman_gp8l_support:/home/hungnb/cocarry_ws/install/motoman_gp8_support:/home/hungnb/cocarry_ws/install/motoman_gp88_support:/home/hungnb/cocarry_ws/install/motoman_gp7_support:/home/hungnb/cocarry_ws/install/motoman_gp70l_support:/home/hungnb/cocarry_ws/install/motoman_gp50_support:/home/hungnb/cocarry_ws/install/motoman_gp4_support:/home/hungnb/cocarry_ws/install/motoman_gp35l_support:/home/hungnb/cocarry_ws/install/motoman_gp25_support:/home/hungnb/cocarry_ws/install/motoman_gp250_support:/home/hungnb/cocarry_ws/install/motoman_gp225_support:/home/hungnb/cocarry_ws/install/motoman_gp215_support:/home/hungnb/cocarry_ws/install/motoman_gp20hl_support:/home/hungnb/cocarry_ws/install/motoman_gp200r_support:/home/hungnb/cocarry_ws/install/motoman_gp180_support:/home/hungnb/cocarry_ws/install/motoman_gp165r_support:/home/hungnb/cocarry_ws/install/motoman_gp12_support:/home/hungnb/cocarry_ws/install/motoman_gp110_support:/home/hungnb/cocarry_ws/install/motoman_es_support:/home/hungnb/cocarry_ws/install/motoman_ar2010_support:/home/hungnb/cocarry_ws/install/motoman_resources:/home/hungnb/cocarry_ws/install/kinect2_calibration:/home/hungnb/cocarry_ws/install/kinect2_bridge:/home/hungnb/cocarry_ws/install/kinect2_registration:/home/hungnb/cocarry_ws/install/trajectory_predictor:/home/hungnb/cocarry_ws/install/realsense_tracker:/home/hungnb/cocarry_ws/install/predictor_ui:/home/hungnb/cocarry_ws/install/kinect_tracker:/home/hungnb/cocarry_ws/install/experiment_logger:/home/hungnb/cocarry_ws/install/coord_transform:/opt/ros/humble:/home/hungnb/cocarry_ws/install/human_hand_msgs /usr/bin/cmake --install /home/hungnb/cocarry_ws/build/motoros2_interfaces
