[0.133s] DEBUG:colcon:Command line arguments: ['/home/hungnb/.local/bin/colcon', 'build']
[0.133s] DEBUG:colcon:Parsed command line arguments: Namespace(log_base=None, log_level=None, verb_name='build', build_base='build', install_base='install', merge_install=False, symlink_install=False, test_result_base=None, continue_on_error=False, executor='parallel', parallel_workers=16, event_handlers=None, ignore_user_meta=False, metas=['./colcon.meta'], base_paths=['.'], packages_ignore=None, packages_ignore_regex=None, paths=None, packages_up_to=None, packages_up_to_regex=None, packages_above=None, packages_above_and_dependencies=None, packages_above_depth=None, packages_select_by_dep=None, packages_skip_by_dep=None, packages_skip_up_to=None, packages_select_build_failed=False, packages_skip_build_finished=False, packages_select_test_failures=False, packages_skip_test_passed=False, packages_select=None, packages_skip=None, packages_select_regex=None, packages_skip_regex=None, packages_start=None, packages_end=None, cmake_args=None, cmake_target=None, cmake_target_skip_unavailable=False, cmake_clean_cache=False, cmake_clean_first=False, cmake_force_configure=False, ament_cmake_args=None, catkin_cmake_args=None, catkin_skip_building_tests=False, verb_parser=<colcon_defaults.argument_parser.defaults.DefaultArgumentsDecorator object at 0x78c4124fc610>, verb_extension=<colcon_core.verb.build.BuildVerb object at 0x78c4124fc100>, main=<bound method BuildVerb.main of <colcon_core.verb.build.BuildVerb object at 0x78c4124fc100>>)
[0.273s] Level 1:colcon.colcon_core.package_discovery:discover_packages(colcon_meta) check parameters
[0.273s] Level 1:colcon.colcon_core.package_discovery:discover_packages(recursive) check parameters
[0.273s] Level 1:colcon.colcon_core.package_discovery:discover_packages(ignore) check parameters
[0.274s] Level 1:colcon.colcon_core.package_discovery:discover_packages(path) check parameters
[0.274s] Level 1:colcon.colcon_core.package_discovery:discover_packages(colcon_meta) discover
[0.274s] Level 1:colcon.colcon_core.package_discovery:discover_packages(recursive) discover
[0.274s] INFO:colcon.colcon_core.package_discovery:Crawling recursively for packages in '/home/hungnb/cocarry_ws'
[0.274s] Level 1:colcon.colcon_core.package_identification:_identify(.) by extensions ['ignore', 'ignore_ament_install']
[0.274s] Level 1:colcon.colcon_core.package_identification:_identify(.) by extension 'ignore'
[0.274s] Level 1:colcon.colcon_core.package_identification:_identify(.) by extension 'ignore_ament_install'
[0.274s] Level 1:colcon.colcon_core.package_identification:_identify(.) by extensions ['colcon_pkg']
[0.274s] Level 1:colcon.colcon_core.package_identification:_identify(.) by extension 'colcon_pkg'
[0.274s] Level 1:colcon.colcon_core.package_identification:_identify(.) by extensions ['colcon_meta']
[0.274s] Level 1:colcon.colcon_core.package_identification:_identify(.) by extension 'colcon_meta'
[0.274s] Level 1:colcon.colcon_core.package_identification:_identify(.) by extensions ['ros']
[0.274s] Level 1:colcon.colcon_core.package_identification:_identify(.) by extension 'ros'
[0.283s] Level 1:colcon.colcon_core.package_identification:_identify(.) by extensions ['cmake', 'python']
[0.283s] Level 1:colcon.colcon_core.package_identification:_identify(.) by extension 'cmake'
[0.283s] Level 1:colcon.colcon_core.package_identification:_identify(.) by extension 'python'
[0.283s] Level 1:colcon.colcon_core.package_identification:_identify(.) by extensions ['python_setup_py']
[0.283s] Level 1:colcon.colcon_core.package_identification:_identify(.) by extension 'python_setup_py'
[0.283s] Level 1:colcon.colcon_core.package_identification:_identify(build) by extensions ['ignore', 'ignore_ament_install']
[0.283s] Level 1:colcon.colcon_core.package_identification:_identify(build) by extension 'ignore'
[0.283s] Level 1:colcon.colcon_core.package_identification:_identify(build) ignored
[0.283s] Level 1:colcon.colcon_core.package_identification:_identify(cocarry_logs) by extensions ['ignore', 'ignore_ament_install']
[0.284s] Level 1:colcon.colcon_core.package_identification:_identify(cocarry_logs) by extension 'ignore'
[0.284s] Level 1:colcon.colcon_core.package_identification:_identify(cocarry_logs) by extension 'ignore_ament_install'
[0.284s] Level 1:colcon.colcon_core.package_identification:_identify(cocarry_logs) by extensions ['colcon_pkg']
[0.284s] Level 1:colcon.colcon_core.package_identification:_identify(cocarry_logs) by extension 'colcon_pkg'
[0.284s] Level 1:colcon.colcon_core.package_identification:_identify(cocarry_logs) by extensions ['colcon_meta']
[0.284s] Level 1:colcon.colcon_core.package_identification:_identify(cocarry_logs) by extension 'colcon_meta'
[0.284s] Level 1:colcon.colcon_core.package_identification:_identify(cocarry_logs) by extensions ['ros']
[0.284s] Level 1:colcon.colcon_core.package_identification:_identify(cocarry_logs) by extension 'ros'
[0.284s] Level 1:colcon.colcon_core.package_identification:_identify(cocarry_logs) by extensions ['cmake', 'python']
[0.284s] Level 1:colcon.colcon_core.package_identification:_identify(cocarry_logs) by extension 'cmake'
[0.284s] Level 1:colcon.colcon_core.package_identification:_identify(cocarry_logs) by extension 'python'
[0.284s] Level 1:colcon.colcon_core.package_identification:_identify(cocarry_logs) by extensions ['python_setup_py']
[0.284s] Level 1:colcon.colcon_core.package_identification:_identify(cocarry_logs) by extension 'python_setup_py'
[0.284s] Level 1:colcon.colcon_core.package_identification:_identify(cocarry_logs/Bách) by extensions ['ignore', 'ignore_ament_install']
[0.284s] Level 1:colcon.colcon_core.package_identification:_identify(cocarry_logs/Bách) by extension 'ignore'
[0.284s] Level 1:colcon.colcon_core.package_identification:_identify(cocarry_logs/Bách) by extension 'ignore_ament_install'
[0.284s] Level 1:colcon.colcon_core.package_identification:_identify(cocarry_logs/Bách) by extensions ['colcon_pkg']
[0.284s] Level 1:colcon.colcon_core.package_identification:_identify(cocarry_logs/Bách) by extension 'colcon_pkg'
[0.284s] Level 1:colcon.colcon_core.package_identification:_identify(cocarry_logs/Bách) by extensions ['colcon_meta']
[0.284s] Level 1:colcon.colcon_core.package_identification:_identify(cocarry_logs/Bách) by extension 'colcon_meta'
[0.284s] Level 1:colcon.colcon_core.package_identification:_identify(cocarry_logs/Bách) by extensions ['ros']
[0.284s] Level 1:colcon.colcon_core.package_identification:_identify(cocarry_logs/Bách) by extension 'ros'
[0.284s] Level 1:colcon.colcon_core.package_identification:_identify(cocarry_logs/Bách) by extensions ['cmake', 'python']
[0.284s] Level 1:colcon.colcon_core.package_identification:_identify(cocarry_logs/Bách) by extension 'cmake'
[0.284s] Level 1:colcon.colcon_core.package_identification:_identify(cocarry_logs/Bách) by extension 'python'
[0.284s] Level 1:colcon.colcon_core.package_identification:_identify(cocarry_logs/Bách) by extensions ['python_setup_py']
[0.284s] Level 1:colcon.colcon_core.package_identification:_identify(cocarry_logs/Bách) by extension 'python_setup_py'
[0.284s] Level 1:colcon.colcon_core.package_identification:_identify(cocarry_logs/Duy) by extensions ['ignore', 'ignore_ament_install']
[0.284s] Level 1:colcon.colcon_core.package_identification:_identify(cocarry_logs/Duy) by extension 'ignore'
[0.284s] Level 1:colcon.colcon_core.package_identification:_identify(cocarry_logs/Duy) by extension 'ignore_ament_install'
[0.284s] Level 1:colcon.colcon_core.package_identification:_identify(cocarry_logs/Duy) by extensions ['colcon_pkg']
[0.284s] Level 1:colcon.colcon_core.package_identification:_identify(cocarry_logs/Duy) by extension 'colcon_pkg'
[0.284s] Level 1:colcon.colcon_core.package_identification:_identify(cocarry_logs/Duy) by extensions ['colcon_meta']
[0.284s] Level 1:colcon.colcon_core.package_identification:_identify(cocarry_logs/Duy) by extension 'colcon_meta'
[0.284s] Level 1:colcon.colcon_core.package_identification:_identify(cocarry_logs/Duy) by extensions ['ros']
[0.284s] Level 1:colcon.colcon_core.package_identification:_identify(cocarry_logs/Duy) by extension 'ros'
[0.284s] Level 1:colcon.colcon_core.package_identification:_identify(cocarry_logs/Duy) by extensions ['cmake', 'python']
[0.284s] Level 1:colcon.colcon_core.package_identification:_identify(cocarry_logs/Duy) by extension 'cmake'
[0.284s] Level 1:colcon.colcon_core.package_identification:_identify(cocarry_logs/Duy) by extension 'python'
[0.284s] Level 1:colcon.colcon_core.package_identification:_identify(cocarry_logs/Duy) by extensions ['python_setup_py']
[0.284s] Level 1:colcon.colcon_core.package_identification:_identify(cocarry_logs/Duy) by extension 'python_setup_py'
[0.285s] Level 1:colcon.colcon_core.package_identification:_identify(cocarry_logs/Long) by extensions ['ignore', 'ignore_ament_install']
[0.285s] Level 1:colcon.colcon_core.package_identification:_identify(cocarry_logs/Long) by extension 'ignore'
[0.285s] Level 1:colcon.colcon_core.package_identification:_identify(cocarry_logs/Long) by extension 'ignore_ament_install'
[0.285s] Level 1:colcon.colcon_core.package_identification:_identify(cocarry_logs/Long) by extensions ['colcon_pkg']
[0.285s] Level 1:colcon.colcon_core.package_identification:_identify(cocarry_logs/Long) by extension 'colcon_pkg'
[0.285s] Level 1:colcon.colcon_core.package_identification:_identify(cocarry_logs/Long) by extensions ['colcon_meta']
[0.285s] Level 1:colcon.colcon_core.package_identification:_identify(cocarry_logs/Long) by extension 'colcon_meta'
[0.285s] Level 1:colcon.colcon_core.package_identification:_identify(cocarry_logs/Long) by extensions ['ros']
[0.285s] Level 1:colcon.colcon_core.package_identification:_identify(cocarry_logs/Long) by extension 'ros'
[0.285s] Level 1:colcon.colcon_core.package_identification:_identify(cocarry_logs/Long) by extensions ['cmake', 'python']
[0.285s] Level 1:colcon.colcon_core.package_identification:_identify(cocarry_logs/Long) by extension 'cmake'
[0.285s] Level 1:colcon.colcon_core.package_identification:_identify(cocarry_logs/Long) by extension 'python'
[0.285s] Level 1:colcon.colcon_core.package_identification:_identify(cocarry_logs/Long) by extensions ['python_setup_py']
[0.285s] Level 1:colcon.colcon_core.package_identification:_identify(cocarry_logs/Long) by extension 'python_setup_py'
[0.285s] Level 1:colcon.colcon_core.package_identification:_identify(cocarry_logs/Lộc) by extensions ['ignore', 'ignore_ament_install']
[0.285s] Level 1:colcon.colcon_core.package_identification:_identify(cocarry_logs/Lộc) by extension 'ignore'
[0.285s] Level 1:colcon.colcon_core.package_identification:_identify(cocarry_logs/Lộc) by extension 'ignore_ament_install'
[0.285s] Level 1:colcon.colcon_core.package_identification:_identify(cocarry_logs/Lộc) by extensions ['colcon_pkg']
[0.285s] Level 1:colcon.colcon_core.package_identification:_identify(cocarry_logs/Lộc) by extension 'colcon_pkg'
[0.285s] Level 1:colcon.colcon_core.package_identification:_identify(cocarry_logs/Lộc) by extensions ['colcon_meta']
[0.285s] Level 1:colcon.colcon_core.package_identification:_identify(cocarry_logs/Lộc) by extension 'colcon_meta'
[0.285s] Level 1:colcon.colcon_core.package_identification:_identify(cocarry_logs/Lộc) by extensions ['ros']
[0.285s] Level 1:colcon.colcon_core.package_identification:_identify(cocarry_logs/Lộc) by extension 'ros'
[0.285s] Level 1:colcon.colcon_core.package_identification:_identify(cocarry_logs/Lộc) by extensions ['cmake', 'python']
[0.285s] Level 1:colcon.colcon_core.package_identification:_identify(cocarry_logs/Lộc) by extension 'cmake'
[0.285s] Level 1:colcon.colcon_core.package_identification:_identify(cocarry_logs/Lộc) by extension 'python'
[0.285s] Level 1:colcon.colcon_core.package_identification:_identify(cocarry_logs/Lộc) by extensions ['python_setup_py']
[0.285s] Level 1:colcon.colcon_core.package_identification:_identify(cocarry_logs/Lộc) by extension 'python_setup_py'
[0.285s] Level 1:colcon.colcon_core.package_identification:_identify(cocarry_logs/Minh) by extensions ['ignore', 'ignore_ament_install']
[0.285s] Level 1:colcon.colcon_core.package_identification:_identify(cocarry_logs/Minh) by extension 'ignore'
[0.285s] Level 1:colcon.colcon_core.package_identification:_identify(cocarry_logs/Minh) by extension 'ignore_ament_install'
[0.285s] Level 1:colcon.colcon_core.package_identification:_identify(cocarry_logs/Minh) by extensions ['colcon_pkg']
[0.285s] Level 1:colcon.colcon_core.package_identification:_identify(cocarry_logs/Minh) by extension 'colcon_pkg'
[0.285s] Level 1:colcon.colcon_core.package_identification:_identify(cocarry_logs/Minh) by extensions ['colcon_meta']
[0.285s] Level 1:colcon.colcon_core.package_identification:_identify(cocarry_logs/Minh) by extension 'colcon_meta'
[0.285s] Level 1:colcon.colcon_core.package_identification:_identify(cocarry_logs/Minh) by extensions ['ros']
[0.285s] Level 1:colcon.colcon_core.package_identification:_identify(cocarry_logs/Minh) by extension 'ros'
[0.285s] Level 1:colcon.colcon_core.package_identification:_identify(cocarry_logs/Minh) by extensions ['cmake', 'python']
[0.285s] Level 1:colcon.colcon_core.package_identification:_identify(cocarry_logs/Minh) by extension 'cmake'
[0.285s] Level 1:colcon.colcon_core.package_identification:_identify(cocarry_logs/Minh) by extension 'python'
[0.285s] Level 1:colcon.colcon_core.package_identification:_identify(cocarry_logs/Minh) by extensions ['python_setup_py']
[0.285s] Level 1:colcon.colcon_core.package_identification:_identify(cocarry_logs/Minh) by extension 'python_setup_py'
[0.285s] Level 1:colcon.colcon_core.package_identification:_identify(cocarry_logs/Nam) by extensions ['ignore', 'ignore_ament_install']
[0.286s] Level 1:colcon.colcon_core.package_identification:_identify(cocarry_logs/Nam) by extension 'ignore'
[0.286s] Level 1:colcon.colcon_core.package_identification:_identify(cocarry_logs/Nam) by extension 'ignore_ament_install'
[0.286s] Level 1:colcon.colcon_core.package_identification:_identify(cocarry_logs/Nam) by extensions ['colcon_pkg']
[0.286s] Level 1:colcon.colcon_core.package_identification:_identify(cocarry_logs/Nam) by extension 'colcon_pkg'
[0.286s] Level 1:colcon.colcon_core.package_identification:_identify(cocarry_logs/Nam) by extensions ['colcon_meta']
[0.286s] Level 1:colcon.colcon_core.package_identification:_identify(cocarry_logs/Nam) by extension 'colcon_meta'
[0.286s] Level 1:colcon.colcon_core.package_identification:_identify(cocarry_logs/Nam) by extensions ['ros']
[0.286s] Level 1:colcon.colcon_core.package_identification:_identify(cocarry_logs/Nam) by extension 'ros'
[0.286s] Level 1:colcon.colcon_core.package_identification:_identify(cocarry_logs/Nam) by extensions ['cmake', 'python']
[0.286s] Level 1:colcon.colcon_core.package_identification:_identify(cocarry_logs/Nam) by extension 'cmake'
[0.286s] Level 1:colcon.colcon_core.package_identification:_identify(cocarry_logs/Nam) by extension 'python'
[0.286s] Level 1:colcon.colcon_core.package_identification:_identify(cocarry_logs/Nam) by extensions ['python_setup_py']
[0.286s] Level 1:colcon.colcon_core.package_identification:_identify(cocarry_logs/Nam) by extension 'python_setup_py'
[0.286s] Level 1:colcon.colcon_core.package_identification:_identify(cocarry_logs/Phong) by extensions ['ignore', 'ignore_ament_install']
[0.286s] Level 1:colcon.colcon_core.package_identification:_identify(cocarry_logs/Phong) by extension 'ignore'
[0.286s] Level 1:colcon.colcon_core.package_identification:_identify(cocarry_logs/Phong) by extension 'ignore_ament_install'
[0.286s] Level 1:colcon.colcon_core.package_identification:_identify(cocarry_logs/Phong) by extensions ['colcon_pkg']
[0.286s] Level 1:colcon.colcon_core.package_identification:_identify(cocarry_logs/Phong) by extension 'colcon_pkg'
[0.286s] Level 1:colcon.colcon_core.package_identification:_identify(cocarry_logs/Phong) by extensions ['colcon_meta']
[0.286s] Level 1:colcon.colcon_core.package_identification:_identify(cocarry_logs/Phong) by extension 'colcon_meta'
[0.286s] Level 1:colcon.colcon_core.package_identification:_identify(cocarry_logs/Phong) by extensions ['ros']
[0.286s] Level 1:colcon.colcon_core.package_identification:_identify(cocarry_logs/Phong) by extension 'ros'
[0.286s] Level 1:colcon.colcon_core.package_identification:_identify(cocarry_logs/Phong) by extensions ['cmake', 'python']
[0.286s] Level 1:colcon.colcon_core.package_identification:_identify(cocarry_logs/Phong) by extension 'cmake'
[0.286s] Level 1:colcon.colcon_core.package_identification:_identify(cocarry_logs/Phong) by extension 'python'
[0.286s] Level 1:colcon.colcon_core.package_identification:_identify(cocarry_logs/Phong) by extensions ['python_setup_py']
[0.286s] Level 1:colcon.colcon_core.package_identification:_identify(cocarry_logs/Phong) by extension 'python_setup_py'
[0.286s] Level 1:colcon.colcon_core.package_identification:_identify(cocarry_logs/Phát) by extensions ['ignore', 'ignore_ament_install']
[0.286s] Level 1:colcon.colcon_core.package_identification:_identify(cocarry_logs/Phát) by extension 'ignore'
[0.286s] Level 1:colcon.colcon_core.package_identification:_identify(cocarry_logs/Phát) by extension 'ignore_ament_install'
[0.286s] Level 1:colcon.colcon_core.package_identification:_identify(cocarry_logs/Phát) by extensions ['colcon_pkg']
[0.286s] Level 1:colcon.colcon_core.package_identification:_identify(cocarry_logs/Phát) by extension 'colcon_pkg'
[0.286s] Level 1:colcon.colcon_core.package_identification:_identify(cocarry_logs/Phát) by extensions ['colcon_meta']
[0.286s] Level 1:colcon.colcon_core.package_identification:_identify(cocarry_logs/Phát) by extension 'colcon_meta'
[0.286s] Level 1:colcon.colcon_core.package_identification:_identify(cocarry_logs/Phát) by extensions ['ros']
[0.286s] Level 1:colcon.colcon_core.package_identification:_identify(cocarry_logs/Phát) by extension 'ros'
[0.286s] Level 1:colcon.colcon_core.package_identification:_identify(cocarry_logs/Phát) by extensions ['cmake', 'python']
[0.286s] Level 1:colcon.colcon_core.package_identification:_identify(cocarry_logs/Phát) by extension 'cmake'
[0.286s] Level 1:colcon.colcon_core.package_identification:_identify(cocarry_logs/Phát) by extension 'python'
[0.286s] Level 1:colcon.colcon_core.package_identification:_identify(cocarry_logs/Phát) by extensions ['python_setup_py']
[0.286s] Level 1:colcon.colcon_core.package_identification:_identify(cocarry_logs/Phát) by extension 'python_setup_py'
[0.286s] Level 1:colcon.colcon_core.package_identification:_identify(cocarry_logs/Tuấn) by extensions ['ignore', 'ignore_ament_install']
[0.286s] Level 1:colcon.colcon_core.package_identification:_identify(cocarry_logs/Tuấn) by extension 'ignore'
[0.286s] Level 1:colcon.colcon_core.package_identification:_identify(cocarry_logs/Tuấn) by extension 'ignore_ament_install'
[0.286s] Level 1:colcon.colcon_core.package_identification:_identify(cocarry_logs/Tuấn) by extensions ['colcon_pkg']
[0.287s] Level 1:colcon.colcon_core.package_identification:_identify(cocarry_logs/Tuấn) by extension 'colcon_pkg'
[0.287s] Level 1:colcon.colcon_core.package_identification:_identify(cocarry_logs/Tuấn) by extensions ['colcon_meta']
[0.287s] Level 1:colcon.colcon_core.package_identification:_identify(cocarry_logs/Tuấn) by extension 'colcon_meta'
[0.287s] Level 1:colcon.colcon_core.package_identification:_identify(cocarry_logs/Tuấn) by extensions ['ros']
[0.287s] Level 1:colcon.colcon_core.package_identification:_identify(cocarry_logs/Tuấn) by extension 'ros'
[0.287s] Level 1:colcon.colcon_core.package_identification:_identify(cocarry_logs/Tuấn) by extensions ['cmake', 'python']
[0.287s] Level 1:colcon.colcon_core.package_identification:_identify(cocarry_logs/Tuấn) by extension 'cmake'
[0.287s] Level 1:colcon.colcon_core.package_identification:_identify(cocarry_logs/Tuấn) by extension 'python'
[0.287s] Level 1:colcon.colcon_core.package_identification:_identify(cocarry_logs/Tuấn) by extensions ['python_setup_py']
[0.287s] Level 1:colcon.colcon_core.package_identification:_identify(cocarry_logs/Tuấn) by extension 'python_setup_py'
[0.287s] Level 1:colcon.colcon_core.package_identification:_identify(cocarry_logs/ros_log) by extensions ['ignore', 'ignore_ament_install']
[0.287s] Level 1:colcon.colcon_core.package_identification:_identify(cocarry_logs/ros_log) by extension 'ignore'
[0.287s] Level 1:colcon.colcon_core.package_identification:_identify(cocarry_logs/ros_log) by extension 'ignore_ament_install'
[0.287s] Level 1:colcon.colcon_core.package_identification:_identify(cocarry_logs/ros_log) by extensions ['colcon_pkg']
[0.287s] Level 1:colcon.colcon_core.package_identification:_identify(cocarry_logs/ros_log) by extension 'colcon_pkg'
[0.287s] Level 1:colcon.colcon_core.package_identification:_identify(cocarry_logs/ros_log) by extensions ['colcon_meta']
[0.287s] Level 1:colcon.colcon_core.package_identification:_identify(cocarry_logs/ros_log) by extension 'colcon_meta'
[0.287s] Level 1:colcon.colcon_core.package_identification:_identify(cocarry_logs/ros_log) by extensions ['ros']
[0.287s] Level 1:colcon.colcon_core.package_identification:_identify(cocarry_logs/ros_log) by extension 'ros'
[0.287s] Level 1:colcon.colcon_core.package_identification:_identify(cocarry_logs/ros_log) by extensions ['cmake', 'python']
[0.287s] Level 1:colcon.colcon_core.package_identification:_identify(cocarry_logs/ros_log) by extension 'cmake'
[0.287s] Level 1:colcon.colcon_core.package_identification:_identify(cocarry_logs/ros_log) by extension 'python'
[0.287s] Level 1:colcon.colcon_core.package_identification:_identify(cocarry_logs/ros_log) by extensions ['python_setup_py']
[0.287s] Level 1:colcon.colcon_core.package_identification:_identify(cocarry_logs/ros_log) by extension 'python_setup_py'
[0.287s] Level 1:colcon.colcon_core.package_identification:_identify(cocarry_logs/Đức) by extensions ['ignore', 'ignore_ament_install']
[0.287s] Level 1:colcon.colcon_core.package_identification:_identify(cocarry_logs/Đức) by extension 'ignore'
[0.288s] Level 1:colcon.colcon_core.package_identification:_identify(cocarry_logs/Đức) by extension 'ignore_ament_install'
[0.288s] Level 1:colcon.colcon_core.package_identification:_identify(cocarry_logs/Đức) by extensions ['colcon_pkg']
[0.288s] Level 1:colcon.colcon_core.package_identification:_identify(cocarry_logs/Đức) by extension 'colcon_pkg'
[0.288s] Level 1:colcon.colcon_core.package_identification:_identify(cocarry_logs/Đức) by extensions ['colcon_meta']
[0.288s] Level 1:colcon.colcon_core.package_identification:_identify(cocarry_logs/Đức) by extension 'colcon_meta'
[0.288s] Level 1:colcon.colcon_core.package_identification:_identify(cocarry_logs/Đức) by extensions ['ros']
[0.288s] Level 1:colcon.colcon_core.package_identification:_identify(cocarry_logs/Đức) by extension 'ros'
[0.288s] Level 1:colcon.colcon_core.package_identification:_identify(cocarry_logs/Đức) by extensions ['cmake', 'python']
[0.288s] Level 1:colcon.colcon_core.package_identification:_identify(cocarry_logs/Đức) by extension 'cmake'
[0.288s] Level 1:colcon.colcon_core.package_identification:_identify(cocarry_logs/Đức) by extension 'python'
[0.288s] Level 1:colcon.colcon_core.package_identification:_identify(cocarry_logs/Đức) by extensions ['python_setup_py']
[0.288s] Level 1:colcon.colcon_core.package_identification:_identify(cocarry_logs/Đức) by extension 'python_setup_py'
[0.288s] Level 1:colcon.colcon_core.package_identification:_identify(docs) by extensions ['ignore', 'ignore_ament_install']
[0.288s] Level 1:colcon.colcon_core.package_identification:_identify(docs) by extension 'ignore'
[0.288s] Level 1:colcon.colcon_core.package_identification:_identify(docs) by extension 'ignore_ament_install'
[0.288s] Level 1:colcon.colcon_core.package_identification:_identify(docs) by extensions ['colcon_pkg']
[0.288s] Level 1:colcon.colcon_core.package_identification:_identify(docs) by extension 'colcon_pkg'
[0.288s] Level 1:colcon.colcon_core.package_identification:_identify(docs) by extensions ['colcon_meta']
[0.288s] Level 1:colcon.colcon_core.package_identification:_identify(docs) by extension 'colcon_meta'
[0.288s] Level 1:colcon.colcon_core.package_identification:_identify(docs) by extensions ['ros']
[0.288s] Level 1:colcon.colcon_core.package_identification:_identify(docs) by extension 'ros'
[0.288s] Level 1:colcon.colcon_core.package_identification:_identify(docs) by extensions ['cmake', 'python']
[0.288s] Level 1:colcon.colcon_core.package_identification:_identify(docs) by extension 'cmake'
[0.288s] Level 1:colcon.colcon_core.package_identification:_identify(docs) by extension 'python'
[0.288s] Level 1:colcon.colcon_core.package_identification:_identify(docs) by extensions ['python_setup_py']
[0.288s] Level 1:colcon.colcon_core.package_identification:_identify(docs) by extension 'python_setup_py'
[0.288s] Level 1:colcon.colcon_core.package_identification:_identify(install) by extensions ['ignore', 'ignore_ament_install']
[0.288s] Level 1:colcon.colcon_core.package_identification:_identify(install) by extension 'ignore'
[0.288s] Level 1:colcon.colcon_core.package_identification:_identify(install) ignored
[0.288s] Level 1:colcon.colcon_core.package_identification:_identify(log) by extensions ['ignore', 'ignore_ament_install']
[0.288s] Level 1:colcon.colcon_core.package_identification:_identify(log) by extension 'ignore'
[0.288s] Level 1:colcon.colcon_core.package_identification:_identify(log) ignored
[0.288s] Level 1:colcon.colcon_core.package_identification:_identify(log_temp) by extensions ['ignore', 'ignore_ament_install']
[0.288s] Level 1:colcon.colcon_core.package_identification:_identify(log_temp) by extension 'ignore'
[0.288s] Level 1:colcon.colcon_core.package_identification:_identify(log_temp) by extension 'ignore_ament_install'
[0.288s] Level 1:colcon.colcon_core.package_identification:_identify(log_temp) by extensions ['colcon_pkg']
[0.288s] Level 1:colcon.colcon_core.package_identification:_identify(log_temp) by extension 'colcon_pkg'
[0.288s] Level 1:colcon.colcon_core.package_identification:_identify(log_temp) by extensions ['colcon_meta']
[0.288s] Level 1:colcon.colcon_core.package_identification:_identify(log_temp) by extension 'colcon_meta'
[0.288s] Level 1:colcon.colcon_core.package_identification:_identify(log_temp) by extensions ['ros']
[0.288s] Level 1:colcon.colcon_core.package_identification:_identify(log_temp) by extension 'ros'
[0.288s] Level 1:colcon.colcon_core.package_identification:_identify(log_temp) by extensions ['cmake', 'python']
[0.289s] Level 1:colcon.colcon_core.package_identification:_identify(log_temp) by extension 'cmake'
[0.289s] Level 1:colcon.colcon_core.package_identification:_identify(log_temp) by extension 'python'
[0.289s] Level 1:colcon.colcon_core.package_identification:_identify(log_temp) by extensions ['python_setup_py']
[0.289s] Level 1:colcon.colcon_core.package_identification:_identify(log_temp) by extension 'python_setup_py'
[0.289s] Level 1:colcon.colcon_core.package_identification:_identify(pHRI_Models) by extensions ['ignore', 'ignore_ament_install']
[0.289s] Level 1:colcon.colcon_core.package_identification:_identify(pHRI_Models) by extension 'ignore'
[0.289s] Level 1:colcon.colcon_core.package_identification:_identify(pHRI_Models) by extension 'ignore_ament_install'
[0.289s] Level 1:colcon.colcon_core.package_identification:_identify(pHRI_Models) by extensions ['colcon_pkg']
[0.289s] Level 1:colcon.colcon_core.package_identification:_identify(pHRI_Models) by extension 'colcon_pkg'
[0.289s] Level 1:colcon.colcon_core.package_identification:_identify(pHRI_Models) by extensions ['colcon_meta']
[0.289s] Level 1:colcon.colcon_core.package_identification:_identify(pHRI_Models) by extension 'colcon_meta'
[0.289s] Level 1:colcon.colcon_core.package_identification:_identify(pHRI_Models) by extensions ['ros']
[0.289s] Level 1:colcon.colcon_core.package_identification:_identify(pHRI_Models) by extension 'ros'
[0.289s] Level 1:colcon.colcon_core.package_identification:_identify(pHRI_Models) by extensions ['cmake', 'python']
[0.289s] Level 1:colcon.colcon_core.package_identification:_identify(pHRI_Models) by extension 'cmake'
[0.289s] Level 1:colcon.colcon_core.package_identification:_identify(pHRI_Models) by extension 'python'
[0.289s] Level 1:colcon.colcon_core.package_identification:_identify(pHRI_Models) by extensions ['python_setup_py']
[0.289s] Level 1:colcon.colcon_core.package_identification:_identify(pHRI_Models) by extension 'python_setup_py'
[0.289s] Level 1:colcon.colcon_core.package_identification:_identify(pHRI_Models/gmm_model_hri) by extensions ['ignore', 'ignore_ament_install']
[0.289s] Level 1:colcon.colcon_core.package_identification:_identify(pHRI_Models/gmm_model_hri) by extension 'ignore'
[0.289s] Level 1:colcon.colcon_core.package_identification:_identify(pHRI_Models/gmm_model_hri) by extension 'ignore_ament_install'
[0.289s] Level 1:colcon.colcon_core.package_identification:_identify(pHRI_Models/gmm_model_hri) by extensions ['colcon_pkg']
[0.289s] Level 1:colcon.colcon_core.package_identification:_identify(pHRI_Models/gmm_model_hri) by extension 'colcon_pkg'
[0.289s] Level 1:colcon.colcon_core.package_identification:_identify(pHRI_Models/gmm_model_hri) by extensions ['colcon_meta']
[0.289s] Level 1:colcon.colcon_core.package_identification:_identify(pHRI_Models/gmm_model_hri) by extension 'colcon_meta'
[0.289s] Level 1:colcon.colcon_core.package_identification:_identify(pHRI_Models/gmm_model_hri) by extensions ['ros']
[0.289s] Level 1:colcon.colcon_core.package_identification:_identify(pHRI_Models/gmm_model_hri) by extension 'ros'
[0.289s] Level 1:colcon.colcon_core.package_identification:_identify(pHRI_Models/gmm_model_hri) by extensions ['cmake', 'python']
[0.289s] Level 1:colcon.colcon_core.package_identification:_identify(pHRI_Models/gmm_model_hri) by extension 'cmake'
[0.289s] Level 1:colcon.colcon_core.package_identification:_identify(pHRI_Models/gmm_model_hri) by extension 'python'
[0.289s] Level 1:colcon.colcon_core.package_identification:_identify(pHRI_Models/gmm_model_hri) by extensions ['python_setup_py']
[0.289s] Level 1:colcon.colcon_core.package_identification:_identify(pHRI_Models/gmm_model_hri) by extension 'python_setup_py'
[0.289s] Level 1:colcon.colcon_core.package_identification:_identify(pHRI_Models/svgp_camera) by extensions ['ignore', 'ignore_ament_install']
[0.289s] Level 1:colcon.colcon_core.package_identification:_identify(pHRI_Models/svgp_camera) by extension 'ignore'
[0.289s] Level 1:colcon.colcon_core.package_identification:_identify(pHRI_Models/svgp_camera) by extension 'ignore_ament_install'
[0.289s] Level 1:colcon.colcon_core.package_identification:_identify(pHRI_Models/svgp_camera) by extensions ['colcon_pkg']
[0.289s] Level 1:colcon.colcon_core.package_identification:_identify(pHRI_Models/svgp_camera) by extension 'colcon_pkg'
[0.289s] Level 1:colcon.colcon_core.package_identification:_identify(pHRI_Models/svgp_camera) by extensions ['colcon_meta']
[0.289s] Level 1:colcon.colcon_core.package_identification:_identify(pHRI_Models/svgp_camera) by extension 'colcon_meta'
[0.289s] Level 1:colcon.colcon_core.package_identification:_identify(pHRI_Models/svgp_camera) by extensions ['ros']
[0.289s] Level 1:colcon.colcon_core.package_identification:_identify(pHRI_Models/svgp_camera) by extension 'ros'
[0.289s] Level 1:colcon.colcon_core.package_identification:_identify(pHRI_Models/svgp_camera) by extensions ['cmake', 'python']
[0.289s] Level 1:colcon.colcon_core.package_identification:_identify(pHRI_Models/svgp_camera) by extension 'cmake'
[0.289s] Level 1:colcon.colcon_core.package_identification:_identify(pHRI_Models/svgp_camera) by extension 'python'
[0.289s] Level 1:colcon.colcon_core.package_identification:_identify(pHRI_Models/svgp_camera) by extensions ['python_setup_py']
[0.289s] Level 1:colcon.colcon_core.package_identification:_identify(pHRI_Models/svgp_camera) by extension 'python_setup_py'
[0.289s] Level 1:colcon.colcon_core.package_identification:_identify(pHRI_Models/svgp_camera_no_filter) by extensions ['ignore', 'ignore_ament_install']
[0.289s] Level 1:colcon.colcon_core.package_identification:_identify(pHRI_Models/svgp_camera_no_filter) by extension 'ignore'
[0.290s] Level 1:colcon.colcon_core.package_identification:_identify(pHRI_Models/svgp_camera_no_filter) by extension 'ignore_ament_install'
[0.290s] Level 1:colcon.colcon_core.package_identification:_identify(pHRI_Models/svgp_camera_no_filter) by extensions ['colcon_pkg']
[0.290s] Level 1:colcon.colcon_core.package_identification:_identify(pHRI_Models/svgp_camera_no_filter) by extension 'colcon_pkg'
[0.290s] Level 1:colcon.colcon_core.package_identification:_identify(pHRI_Models/svgp_camera_no_filter) by extensions ['colcon_meta']
[0.290s] Level 1:colcon.colcon_core.package_identification:_identify(pHRI_Models/svgp_camera_no_filter) by extension 'colcon_meta'
[0.290s] Level 1:colcon.colcon_core.package_identification:_identify(pHRI_Models/svgp_camera_no_filter) by extensions ['ros']
[0.290s] Level 1:colcon.colcon_core.package_identification:_identify(pHRI_Models/svgp_camera_no_filter) by extension 'ros'
[0.290s] Level 1:colcon.colcon_core.package_identification:_identify(pHRI_Models/svgp_camera_no_filter) by extensions ['cmake', 'python']
[0.290s] Level 1:colcon.colcon_core.package_identification:_identify(pHRI_Models/svgp_camera_no_filter) by extension 'cmake'
[0.290s] Level 1:colcon.colcon_core.package_identification:_identify(pHRI_Models/svgp_camera_no_filter) by extension 'python'
[0.290s] Level 1:colcon.colcon_core.package_identification:_identify(pHRI_Models/svgp_camera_no_filter) by extensions ['python_setup_py']
[0.290s] Level 1:colcon.colcon_core.package_identification:_identify(pHRI_Models/svgp_camera_no_filter) by extension 'python_setup_py'
[0.290s] Level 1:colcon.colcon_core.package_identification:_identify(pHRI_Models/svgp_hri_m52) by extensions ['ignore', 'ignore_ament_install']
[0.290s] Level 1:colcon.colcon_core.package_identification:_identify(pHRI_Models/svgp_hri_m52) by extension 'ignore'
[0.290s] Level 1:colcon.colcon_core.package_identification:_identify(pHRI_Models/svgp_hri_m52) by extension 'ignore_ament_install'
[0.290s] Level 1:colcon.colcon_core.package_identification:_identify(pHRI_Models/svgp_hri_m52) by extensions ['colcon_pkg']
[0.290s] Level 1:colcon.colcon_core.package_identification:_identify(pHRI_Models/svgp_hri_m52) by extension 'colcon_pkg'
[0.290s] Level 1:colcon.colcon_core.package_identification:_identify(pHRI_Models/svgp_hri_m52) by extensions ['colcon_meta']
[0.290s] Level 1:colcon.colcon_core.package_identification:_identify(pHRI_Models/svgp_hri_m52) by extension 'colcon_meta'
[0.290s] Level 1:colcon.colcon_core.package_identification:_identify(pHRI_Models/svgp_hri_m52) by extensions ['ros']
[0.290s] Level 1:colcon.colcon_core.package_identification:_identify(pHRI_Models/svgp_hri_m52) by extension 'ros'
[0.290s] Level 1:colcon.colcon_core.package_identification:_identify(pHRI_Models/svgp_hri_m52) by extensions ['cmake', 'python']
[0.290s] Level 1:colcon.colcon_core.package_identification:_identify(pHRI_Models/svgp_hri_m52) by extension 'cmake'
[0.290s] Level 1:colcon.colcon_core.package_identification:_identify(pHRI_Models/svgp_hri_m52) by extension 'python'
[0.290s] Level 1:colcon.colcon_core.package_identification:_identify(pHRI_Models/svgp_hri_m52) by extensions ['python_setup_py']
[0.290s] Level 1:colcon.colcon_core.package_identification:_identify(pHRI_Models/svgp_hri_m52) by extension 'python_setup_py'
[0.290s] Level 1:colcon.colcon_core.package_identification:_identify(pHRI_Models/svgp_hri_rbf+m52) by extensions ['ignore', 'ignore_ament_install']
[0.290s] Level 1:colcon.colcon_core.package_identification:_identify(pHRI_Models/svgp_hri_rbf+m52) by extension 'ignore'
[0.290s] Level 1:colcon.colcon_core.package_identification:_identify(pHRI_Models/svgp_hri_rbf+m52) by extension 'ignore_ament_install'
[0.290s] Level 1:colcon.colcon_core.package_identification:_identify(pHRI_Models/svgp_hri_rbf+m52) by extensions ['colcon_pkg']
[0.290s] Level 1:colcon.colcon_core.package_identification:_identify(pHRI_Models/svgp_hri_rbf+m52) by extension 'colcon_pkg'
[0.290s] Level 1:colcon.colcon_core.package_identification:_identify(pHRI_Models/svgp_hri_rbf+m52) by extensions ['colcon_meta']
[0.290s] Level 1:colcon.colcon_core.package_identification:_identify(pHRI_Models/svgp_hri_rbf+m52) by extension 'colcon_meta'
[0.290s] Level 1:colcon.colcon_core.package_identification:_identify(pHRI_Models/svgp_hri_rbf+m52) by extensions ['ros']
[0.290s] Level 1:colcon.colcon_core.package_identification:_identify(pHRI_Models/svgp_hri_rbf+m52) by extension 'ros'
[0.290s] Level 1:colcon.colcon_core.package_identification:_identify(pHRI_Models/svgp_hri_rbf+m52) by extensions ['cmake', 'python']
[0.290s] Level 1:colcon.colcon_core.package_identification:_identify(pHRI_Models/svgp_hri_rbf+m52) by extension 'cmake'
[0.290s] Level 1:colcon.colcon_core.package_identification:_identify(pHRI_Models/svgp_hri_rbf+m52) by extension 'python'
[0.290s] Level 1:colcon.colcon_core.package_identification:_identify(pHRI_Models/svgp_hri_rbf+m52) by extensions ['python_setup_py']
[0.290s] Level 1:colcon.colcon_core.package_identification:_identify(pHRI_Models/svgp_hri_rbf+m52) by extension 'python_setup_py'
[0.290s] Level 1:colcon.colcon_core.package_identification:_identify(ros_log) by extensions ['ignore', 'ignore_ament_install']
[0.290s] Level 1:colcon.colcon_core.package_identification:_identify(ros_log) by extension 'ignore'
[0.290s] Level 1:colcon.colcon_core.package_identification:_identify(ros_log) by extension 'ignore_ament_install'
[0.290s] Level 1:colcon.colcon_core.package_identification:_identify(ros_log) by extensions ['colcon_pkg']
[0.290s] Level 1:colcon.colcon_core.package_identification:_identify(ros_log) by extension 'colcon_pkg'
[0.290s] Level 1:colcon.colcon_core.package_identification:_identify(ros_log) by extensions ['colcon_meta']
[0.290s] Level 1:colcon.colcon_core.package_identification:_identify(ros_log) by extension 'colcon_meta'
[0.290s] Level 1:colcon.colcon_core.package_identification:_identify(ros_log) by extensions ['ros']
[0.290s] Level 1:colcon.colcon_core.package_identification:_identify(ros_log) by extension 'ros'
[0.291s] Level 1:colcon.colcon_core.package_identification:_identify(ros_log) by extensions ['cmake', 'python']
[0.291s] Level 1:colcon.colcon_core.package_identification:_identify(ros_log) by extension 'cmake'
[0.291s] Level 1:colcon.colcon_core.package_identification:_identify(ros_log) by extension 'python'
[0.291s] Level 1:colcon.colcon_core.package_identification:_identify(ros_log) by extensions ['python_setup_py']
[0.291s] Level 1:colcon.colcon_core.package_identification:_identify(ros_log) by extension 'python_setup_py'
[0.291s] Level 1:colcon.colcon_core.package_identification:_identify(src) by extensions ['ignore', 'ignore_ament_install']
[0.291s] Level 1:colcon.colcon_core.package_identification:_identify(src) by extension 'ignore'
[0.291s] Level 1:colcon.colcon_core.package_identification:_identify(src) by extension 'ignore_ament_install'
[0.291s] Level 1:colcon.colcon_core.package_identification:_identify(src) by extensions ['colcon_pkg']
[0.291s] Level 1:colcon.colcon_core.package_identification:_identify(src) by extension 'colcon_pkg'
[0.291s] Level 1:colcon.colcon_core.package_identification:_identify(src) by extensions ['colcon_meta']
[0.291s] Level 1:colcon.colcon_core.package_identification:_identify(src) by extension 'colcon_meta'
[0.291s] Level 1:colcon.colcon_core.package_identification:_identify(src) by extensions ['ros']
[0.291s] Level 1:colcon.colcon_core.package_identification:_identify(src) by extension 'ros'
[0.291s] Level 1:colcon.colcon_core.package_identification:_identify(src) by extensions ['cmake', 'python']
[0.291s] Level 1:colcon.colcon_core.package_identification:_identify(src) by extension 'cmake'
[0.291s] Level 1:colcon.colcon_core.package_identification:_identify(src) by extension 'python'
[0.291s] Level 1:colcon.colcon_core.package_identification:_identify(src) by extensions ['python_setup_py']
[0.291s] Level 1:colcon.colcon_core.package_identification:_identify(src) by extension 'python_setup_py'
[0.291s] Level 1:colcon.colcon_core.package_identification:_identify(src/GRU-Model) by extensions ['ignore', 'ignore_ament_install']
[0.291s] Level 1:colcon.colcon_core.package_identification:_identify(src/GRU-Model) by extension 'ignore'
[0.291s] Level 1:colcon.colcon_core.package_identification:_identify(src/GRU-Model) by extension 'ignore_ament_install'
[0.291s] Level 1:colcon.colcon_core.package_identification:_identify(src/GRU-Model) by extensions ['colcon_pkg']
[0.291s] Level 1:colcon.colcon_core.package_identification:_identify(src/GRU-Model) by extension 'colcon_pkg'
[0.291s] Level 1:colcon.colcon_core.package_identification:_identify(src/GRU-Model) by extensions ['colcon_meta']
[0.291s] Level 1:colcon.colcon_core.package_identification:_identify(src/GRU-Model) by extension 'colcon_meta'
[0.291s] Level 1:colcon.colcon_core.package_identification:_identify(src/GRU-Model) by extensions ['ros']
[0.291s] Level 1:colcon.colcon_core.package_identification:_identify(src/GRU-Model) by extension 'ros'
[0.291s] Level 1:colcon.colcon_core.package_identification:_identify(src/GRU-Model) by extensions ['cmake', 'python']
[0.291s] Level 1:colcon.colcon_core.package_identification:_identify(src/GRU-Model) by extension 'cmake'
[0.291s] Level 1:colcon.colcon_core.package_identification:_identify(src/GRU-Model) by extension 'python'
[0.291s] Level 1:colcon.colcon_core.package_identification:_identify(src/GRU-Model) by extensions ['python_setup_py']
[0.291s] Level 1:colcon.colcon_core.package_identification:_identify(src/GRU-Model) by extension 'python_setup_py'
[0.291s] Level 1:colcon.colcon_core.package_identification:_identify(src/GRU-Model/Best_Autoregressive) by extensions ['ignore', 'ignore_ament_install']
[0.291s] Level 1:colcon.colcon_core.package_identification:_identify(src/GRU-Model/Best_Autoregressive) by extension 'ignore'
[0.291s] Level 1:colcon.colcon_core.package_identification:_identify(src/GRU-Model/Best_Autoregressive) by extension 'ignore_ament_install'
[0.291s] Level 1:colcon.colcon_core.package_identification:_identify(src/GRU-Model/Best_Autoregressive) by extensions ['colcon_pkg']
[0.291s] Level 1:colcon.colcon_core.package_identification:_identify(src/GRU-Model/Best_Autoregressive) by extension 'colcon_pkg'
[0.291s] Level 1:colcon.colcon_core.package_identification:_identify(src/GRU-Model/Best_Autoregressive) by extensions ['colcon_meta']
[0.291s] Level 1:colcon.colcon_core.package_identification:_identify(src/GRU-Model/Best_Autoregressive) by extension 'colcon_meta'
[0.291s] Level 1:colcon.colcon_core.package_identification:_identify(src/GRU-Model/Best_Autoregressive) by extensions ['ros']
[0.291s] Level 1:colcon.colcon_core.package_identification:_identify(src/GRU-Model/Best_Autoregressive) by extension 'ros'
[0.291s] Level 1:colcon.colcon_core.package_identification:_identify(src/GRU-Model/Best_Autoregressive) by extensions ['cmake', 'python']
[0.291s] Level 1:colcon.colcon_core.package_identification:_identify(src/GRU-Model/Best_Autoregressive) by extension 'cmake'
[0.291s] Level 1:colcon.colcon_core.package_identification:_identify(src/GRU-Model/Best_Autoregressive) by extension 'python'
[0.292s] Level 1:colcon.colcon_core.package_identification:_identify(src/GRU-Model/Best_Autoregressive) by extensions ['python_setup_py']
[0.292s] Level 1:colcon.colcon_core.package_identification:_identify(src/GRU-Model/Best_Autoregressive) by extension 'python_setup_py'
[0.292s] Level 1:colcon.colcon_core.package_identification:_identify(src/coord_transform) by extensions ['ignore', 'ignore_ament_install']
[0.292s] Level 1:colcon.colcon_core.package_identification:_identify(src/coord_transform) by extension 'ignore'
[0.292s] Level 1:colcon.colcon_core.package_identification:_identify(src/coord_transform) by extension 'ignore_ament_install'
[0.292s] Level 1:colcon.colcon_core.package_identification:_identify(src/coord_transform) by extensions ['colcon_pkg']
[0.292s] Level 1:colcon.colcon_core.package_identification:_identify(src/coord_transform) by extension 'colcon_pkg'
[0.292s] Level 1:colcon.colcon_core.package_identification:_identify(src/coord_transform) by extensions ['colcon_meta']
[0.292s] Level 1:colcon.colcon_core.package_identification:_identify(src/coord_transform) by extension 'colcon_meta'
[0.292s] Level 1:colcon.colcon_core.package_identification:_identify(src/coord_transform) by extensions ['ros']
[0.292s] Level 1:colcon.colcon_core.package_identification:_identify(src/coord_transform) by extension 'ros'
[0.294s] DEBUG:colcon.colcon_core.package_identification:Package 'src/coord_transform' with type 'ros.ament_python' and name 'coord_transform'
[0.294s] Level 1:colcon.colcon_core.package_identification:_identify(src/experiment_logger) by extensions ['ignore', 'ignore_ament_install']
[0.294s] Level 1:colcon.colcon_core.package_identification:_identify(src/experiment_logger) by extension 'ignore'
[0.294s] Level 1:colcon.colcon_core.package_identification:_identify(src/experiment_logger) by extension 'ignore_ament_install'
[0.294s] Level 1:colcon.colcon_core.package_identification:_identify(src/experiment_logger) by extensions ['colcon_pkg']
[0.294s] Level 1:colcon.colcon_core.package_identification:_identify(src/experiment_logger) by extension 'colcon_pkg'
[0.294s] Level 1:colcon.colcon_core.package_identification:_identify(src/experiment_logger) by extensions ['colcon_meta']
[0.294s] Level 1:colcon.colcon_core.package_identification:_identify(src/experiment_logger) by extension 'colcon_meta'
[0.294s] Level 1:colcon.colcon_core.package_identification:_identify(src/experiment_logger) by extensions ['ros']
[0.294s] Level 1:colcon.colcon_core.package_identification:_identify(src/experiment_logger) by extension 'ros'
[0.295s] DEBUG:colcon.colcon_core.package_identification:Package 'src/experiment_logger' with type 'ros.ament_python' and name 'experiment_logger'
[0.295s] Level 1:colcon.colcon_core.package_identification:_identify(src/hc10dtp_bringup) by extensions ['ignore', 'ignore_ament_install']
[0.295s] Level 1:colcon.colcon_core.package_identification:_identify(src/hc10dtp_bringup) by extension 'ignore'
[0.295s] Level 1:colcon.colcon_core.package_identification:_identify(src/hc10dtp_bringup) by extension 'ignore_ament_install'
[0.295s] Level 1:colcon.colcon_core.package_identification:_identify(src/hc10dtp_bringup) by extensions ['colcon_pkg']
[0.295s] Level 1:colcon.colcon_core.package_identification:_identify(src/hc10dtp_bringup) by extension 'colcon_pkg'
[0.295s] Level 1:colcon.colcon_core.package_identification:_identify(src/hc10dtp_bringup) by extensions ['colcon_meta']
[0.295s] Level 1:colcon.colcon_core.package_identification:_identify(src/hc10dtp_bringup) by extension 'colcon_meta'
[0.295s] Level 1:colcon.colcon_core.package_identification:_identify(src/hc10dtp_bringup) by extensions ['ros']
[0.295s] Level 1:colcon.colcon_core.package_identification:_identify(src/hc10dtp_bringup) by extension 'ros'
[0.295s] DEBUG:colcon.colcon_core.package_identification:Package 'src/hc10dtp_bringup' with type 'ros.ament_cmake' and name 'hc10dtp_bringup'
[0.296s] Level 1:colcon.colcon_core.package_identification:_identify(src/hc10dtp_moveit_config) by extensions ['ignore', 'ignore_ament_install']
[0.296s] Level 1:colcon.colcon_core.package_identification:_identify(src/hc10dtp_moveit_config) by extension 'ignore'
[0.296s] Level 1:colcon.colcon_core.package_identification:_identify(src/hc10dtp_moveit_config) by extension 'ignore_ament_install'
[0.296s] Level 1:colcon.colcon_core.package_identification:_identify(src/hc10dtp_moveit_config) by extensions ['colcon_pkg']
[0.296s] Level 1:colcon.colcon_core.package_identification:_identify(src/hc10dtp_moveit_config) by extension 'colcon_pkg'
[0.296s] Level 1:colcon.colcon_core.package_identification:_identify(src/hc10dtp_moveit_config) by extensions ['colcon_meta']
[0.296s] Level 1:colcon.colcon_core.package_identification:_identify(src/hc10dtp_moveit_config) by extension 'colcon_meta'
[0.296s] Level 1:colcon.colcon_core.package_identification:_identify(src/hc10dtp_moveit_config) by extensions ['ros']
[0.296s] Level 1:colcon.colcon_core.package_identification:_identify(src/hc10dtp_moveit_config) by extension 'ros'
[0.296s] DEBUG:colcon.colcon_core.package_identification:Package 'src/hc10dtp_moveit_config' with type 'ros.ament_cmake' and name 'hc10dtp_moveit_config'
[0.296s] Level 1:colcon.colcon_core.package_identification:_identify(src/hc10dtp_simulation) by extensions ['ignore', 'ignore_ament_install']
[0.296s] Level 1:colcon.colcon_core.package_identification:_identify(src/hc10dtp_simulation) by extension 'ignore'
[0.296s] Level 1:colcon.colcon_core.package_identification:_identify(src/hc10dtp_simulation) by extension 'ignore_ament_install'
[0.296s] Level 1:colcon.colcon_core.package_identification:_identify(src/hc10dtp_simulation) by extensions ['colcon_pkg']
[0.296s] Level 1:colcon.colcon_core.package_identification:_identify(src/hc10dtp_simulation) by extension 'colcon_pkg'
[0.296s] Level 1:colcon.colcon_core.package_identification:_identify(src/hc10dtp_simulation) by extensions ['colcon_meta']
[0.296s] Level 1:colcon.colcon_core.package_identification:_identify(src/hc10dtp_simulation) by extension 'colcon_meta'
[0.296s] Level 1:colcon.colcon_core.package_identification:_identify(src/hc10dtp_simulation) by extensions ['ros']
[0.296s] Level 1:colcon.colcon_core.package_identification:_identify(src/hc10dtp_simulation) by extension 'ros'
[0.297s] DEBUG:colcon.colcon_core.package_identification:Package 'src/hc10dtp_simulation' with type 'ros.ament_cmake' and name 'hc10dtp_simulation'
[0.297s] Level 1:colcon.colcon_core.package_identification:_identify(src/hrc_bringup) by extensions ['ignore', 'ignore_ament_install']
[0.297s] Level 1:colcon.colcon_core.package_identification:_identify(src/hrc_bringup) by extension 'ignore'
[0.297s] Level 1:colcon.colcon_core.package_identification:_identify(src/hrc_bringup) by extension 'ignore_ament_install'
[0.297s] Level 1:colcon.colcon_core.package_identification:_identify(src/hrc_bringup) by extensions ['colcon_pkg']
[0.297s] Level 1:colcon.colcon_core.package_identification:_identify(src/hrc_bringup) by extension 'colcon_pkg'
[0.297s] Level 1:colcon.colcon_core.package_identification:_identify(src/hrc_bringup) by extensions ['colcon_meta']
[0.297s] Level 1:colcon.colcon_core.package_identification:_identify(src/hrc_bringup) by extension 'colcon_meta'
[0.297s] Level 1:colcon.colcon_core.package_identification:_identify(src/hrc_bringup) by extensions ['ros']
[0.297s] Level 1:colcon.colcon_core.package_identification:_identify(src/hrc_bringup) by extension 'ros'
[0.298s] DEBUG:colcon.colcon_core.package_identification:Package 'src/hrc_bringup' with type 'ros.ament_cmake' and name 'hrc_bringup'
[0.298s] Level 1:colcon.colcon_core.package_identification:_identify(src/human_hand_msgs) by extensions ['ignore', 'ignore_ament_install']
[0.298s] Level 1:colcon.colcon_core.package_identification:_identify(src/human_hand_msgs) by extension 'ignore'
[0.298s] Level 1:colcon.colcon_core.package_identification:_identify(src/human_hand_msgs) by extension 'ignore_ament_install'
[0.298s] Level 1:colcon.colcon_core.package_identification:_identify(src/human_hand_msgs) by extensions ['colcon_pkg']
[0.298s] Level 1:colcon.colcon_core.package_identification:_identify(src/human_hand_msgs) by extension 'colcon_pkg'
[0.298s] Level 1:colcon.colcon_core.package_identification:_identify(src/human_hand_msgs) by extensions ['colcon_meta']
[0.298s] Level 1:colcon.colcon_core.package_identification:_identify(src/human_hand_msgs) by extension 'colcon_meta'
[0.298s] Level 1:colcon.colcon_core.package_identification:_identify(src/human_hand_msgs) by extensions ['ros']
[0.298s] Level 1:colcon.colcon_core.package_identification:_identify(src/human_hand_msgs) by extension 'ros'
[0.298s] DEBUG:colcon.colcon_core.package_identification:Package 'src/human_hand_msgs' with type 'ros.catkin' and name 'human_hand_msgs'
[0.299s] Level 1:colcon.colcon_core.package_identification:_identify(src/kinect2_ros2) by extensions ['ignore', 'ignore_ament_install']
[0.299s] Level 1:colcon.colcon_core.package_identification:_identify(src/kinect2_ros2) by extension 'ignore'
[0.299s] Level 1:colcon.colcon_core.package_identification:_identify(src/kinect2_ros2) by extension 'ignore_ament_install'
[0.299s] Level 1:colcon.colcon_core.package_identification:_identify(src/kinect2_ros2) by extensions ['colcon_pkg']
[0.299s] Level 1:colcon.colcon_core.package_identification:_identify(src/kinect2_ros2) by extension 'colcon_pkg'
[0.299s] Level 1:colcon.colcon_core.package_identification:_identify(src/kinect2_ros2) by extensions ['colcon_meta']
[0.299s] Level 1:colcon.colcon_core.package_identification:_identify(src/kinect2_ros2) by extension 'colcon_meta'
[0.299s] Level 1:colcon.colcon_core.package_identification:_identify(src/kinect2_ros2) by extensions ['ros']
[0.299s] Level 1:colcon.colcon_core.package_identification:_identify(src/kinect2_ros2) by extension 'ros'
[0.299s] Level 1:colcon.colcon_core.package_identification:_identify(src/kinect2_ros2) by extensions ['cmake', 'python']
[0.299s] Level 1:colcon.colcon_core.package_identification:_identify(src/kinect2_ros2) by extension 'cmake'
[0.299s] Level 1:colcon.colcon_core.package_identification:_identify(src/kinect2_ros2) by extension 'python'
[0.299s] Level 1:colcon.colcon_core.package_identification:_identify(src/kinect2_ros2) by extensions ['python_setup_py']
[0.299s] Level 1:colcon.colcon_core.package_identification:_identify(src/kinect2_ros2) by extension 'python_setup_py'
[0.299s] Level 1:colcon.colcon_core.package_identification:_identify(src/kinect2_ros2/kinect2_bridge) by extensions ['ignore', 'ignore_ament_install']
[0.299s] Level 1:colcon.colcon_core.package_identification:_identify(src/kinect2_ros2/kinect2_bridge) by extension 'ignore'
[0.299s] Level 1:colcon.colcon_core.package_identification:_identify(src/kinect2_ros2/kinect2_bridge) by extension 'ignore_ament_install'
[0.299s] Level 1:colcon.colcon_core.package_identification:_identify(src/kinect2_ros2/kinect2_bridge) by extensions ['colcon_pkg']
[0.299s] Level 1:colcon.colcon_core.package_identification:_identify(src/kinect2_ros2/kinect2_bridge) by extension 'colcon_pkg'
[0.299s] Level 1:colcon.colcon_core.package_identification:_identify(src/kinect2_ros2/kinect2_bridge) by extensions ['colcon_meta']
[0.299s] Level 1:colcon.colcon_core.package_identification:_identify(src/kinect2_ros2/kinect2_bridge) by extension 'colcon_meta'
[0.299s] Level 1:colcon.colcon_core.package_identification:_identify(src/kinect2_ros2/kinect2_bridge) by extensions ['ros']
[0.299s] Level 1:colcon.colcon_core.package_identification:_identify(src/kinect2_ros2/kinect2_bridge) by extension 'ros'
[0.300s] DEBUG:colcon.colcon_core.package_identification:Package 'src/kinect2_ros2/kinect2_bridge' with type 'ros.ament_cmake' and name 'kinect2_bridge'
[0.300s] Level 1:colcon.colcon_core.package_identification:_identify(src/kinect2_ros2/kinect2_calibration) by extensions ['ignore', 'ignore_ament_install']
[0.300s] Level 1:colcon.colcon_core.package_identification:_identify(src/kinect2_ros2/kinect2_calibration) by extension 'ignore'
[0.300s] Level 1:colcon.colcon_core.package_identification:_identify(src/kinect2_ros2/kinect2_calibration) by extension 'ignore_ament_install'
[0.300s] Level 1:colcon.colcon_core.package_identification:_identify(src/kinect2_ros2/kinect2_calibration) by extensions ['colcon_pkg']
[0.300s] Level 1:colcon.colcon_core.package_identification:_identify(src/kinect2_ros2/kinect2_calibration) by extension 'colcon_pkg'
[0.300s] Level 1:colcon.colcon_core.package_identification:_identify(src/kinect2_ros2/kinect2_calibration) by extensions ['colcon_meta']
[0.300s] Level 1:colcon.colcon_core.package_identification:_identify(src/kinect2_ros2/kinect2_calibration) by extension 'colcon_meta'
[0.300s] Level 1:colcon.colcon_core.package_identification:_identify(src/kinect2_ros2/kinect2_calibration) by extensions ['ros']
[0.300s] Level 1:colcon.colcon_core.package_identification:_identify(src/kinect2_ros2/kinect2_calibration) by extension 'ros'
[0.301s] DEBUG:colcon.colcon_core.package_identification:Package 'src/kinect2_ros2/kinect2_calibration' with type 'ros.ament_cmake' and name 'kinect2_calibration'
[0.301s] Level 1:colcon.colcon_core.package_identification:_identify(src/kinect2_ros2/kinect2_registration) by extensions ['ignore', 'ignore_ament_install']
[0.301s] Level 1:colcon.colcon_core.package_identification:_identify(src/kinect2_ros2/kinect2_registration) by extension 'ignore'
[0.301s] Level 1:colcon.colcon_core.package_identification:_identify(src/kinect2_ros2/kinect2_registration) by extension 'ignore_ament_install'
[0.301s] Level 1:colcon.colcon_core.package_identification:_identify(src/kinect2_ros2/kinect2_registration) by extensions ['colcon_pkg']
[0.301s] Level 1:colcon.colcon_core.package_identification:_identify(src/kinect2_ros2/kinect2_registration) by extension 'colcon_pkg'
[0.301s] Level 1:colcon.colcon_core.package_identification:_identify(src/kinect2_ros2/kinect2_registration) by extensions ['colcon_meta']
[0.301s] Level 1:colcon.colcon_core.package_identification:_identify(src/kinect2_ros2/kinect2_registration) by extension 'colcon_meta'
[0.301s] Level 1:colcon.colcon_core.package_identification:_identify(src/kinect2_ros2/kinect2_registration) by extensions ['ros']
[0.301s] Level 1:colcon.colcon_core.package_identification:_identify(src/kinect2_ros2/kinect2_registration) by extension 'ros'
[0.301s] DEBUG:colcon.colcon_core.package_identification:Package 'src/kinect2_ros2/kinect2_registration' with type 'ros.ament_cmake' and name 'kinect2_registration'
[0.301s] Level 1:colcon.colcon_core.package_identification:_identify(src/kinect_tracker) by extensions ['ignore', 'ignore_ament_install']
[0.301s] Level 1:colcon.colcon_core.package_identification:_identify(src/kinect_tracker) by extension 'ignore'
[0.301s] Level 1:colcon.colcon_core.package_identification:_identify(src/kinect_tracker) by extension 'ignore_ament_install'
[0.301s] Level 1:colcon.colcon_core.package_identification:_identify(src/kinect_tracker) by extensions ['colcon_pkg']
[0.301s] Level 1:colcon.colcon_core.package_identification:_identify(src/kinect_tracker) by extension 'colcon_pkg'
[0.301s] Level 1:colcon.colcon_core.package_identification:_identify(src/kinect_tracker) by extensions ['colcon_meta']
[0.301s] Level 1:colcon.colcon_core.package_identification:_identify(src/kinect_tracker) by extension 'colcon_meta'
[0.301s] Level 1:colcon.colcon_core.package_identification:_identify(src/kinect_tracker) by extensions ['ros']
[0.301s] Level 1:colcon.colcon_core.package_identification:_identify(src/kinect_tracker) by extension 'ros'
[0.302s] DEBUG:colcon.colcon_core.package_identification:Package 'src/kinect_tracker' with type 'ros.ament_python' and name 'kinect_tracker'
[0.302s] Level 1:colcon.colcon_core.package_identification:_identify(src/motoman_hc10dtp_support) by extensions ['ignore', 'ignore_ament_install']
[0.302s] Level 1:colcon.colcon_core.package_identification:_identify(src/motoman_hc10dtp_support) by extension 'ignore'
[0.302s] Level 1:colcon.colcon_core.package_identification:_identify(src/motoman_hc10dtp_support) by extension 'ignore_ament_install'
[0.302s] Level 1:colcon.colcon_core.package_identification:_identify(src/motoman_hc10dtp_support) by extensions ['colcon_pkg']
[0.302s] Level 1:colcon.colcon_core.package_identification:_identify(src/motoman_hc10dtp_support) by extension 'colcon_pkg'
[0.302s] Level 1:colcon.colcon_core.package_identification:_identify(src/motoman_hc10dtp_support) by extensions ['colcon_meta']
[0.302s] Level 1:colcon.colcon_core.package_identification:_identify(src/motoman_hc10dtp_support) by extension 'colcon_meta'
[0.302s] Level 1:colcon.colcon_core.package_identification:_identify(src/motoman_hc10dtp_support) by extensions ['ros']
[0.302s] Level 1:colcon.colcon_core.package_identification:_identify(src/motoman_hc10dtp_support) by extension 'ros'
[0.303s] DEBUG:colcon.colcon_core.package_identification:Package 'src/motoman_hc10dtp_support' with type 'ros.ament_cmake' and name 'motoman_hc10dtp_support'
[0.303s] Level 1:colcon.colcon_core.package_identification:_identify(src/motoman_ros2_support_packages) by extensions ['ignore', 'ignore_ament_install']
[0.303s] Level 1:colcon.colcon_core.package_identification:_identify(src/motoman_ros2_support_packages) by extension 'ignore'
[0.303s] Level 1:colcon.colcon_core.package_identification:_identify(src/motoman_ros2_support_packages) by extension 'ignore_ament_install'
[0.303s] Level 1:colcon.colcon_core.package_identification:_identify(src/motoman_ros2_support_packages) by extensions ['colcon_pkg']
[0.303s] Level 1:colcon.colcon_core.package_identification:_identify(src/motoman_ros2_support_packages) by extension 'colcon_pkg'
[0.303s] Level 1:colcon.colcon_core.package_identification:_identify(src/motoman_ros2_support_packages) by extensions ['colcon_meta']
[0.303s] Level 1:colcon.colcon_core.package_identification:_identify(src/motoman_ros2_support_packages) by extension 'colcon_meta'
[0.303s] Level 1:colcon.colcon_core.package_identification:_identify(src/motoman_ros2_support_packages) by extensions ['ros']
[0.303s] Level 1:colcon.colcon_core.package_identification:_identify(src/motoman_ros2_support_packages) by extension 'ros'
[0.303s] Level 1:colcon.colcon_core.package_identification:_identify(src/motoman_ros2_support_packages) by extensions ['cmake', 'python']
[0.303s] Level 1:colcon.colcon_core.package_identification:_identify(src/motoman_ros2_support_packages) by extension 'cmake'
[0.303s] Level 1:colcon.colcon_core.package_identification:_identify(src/motoman_ros2_support_packages) by extension 'python'
[0.303s] Level 1:colcon.colcon_core.package_identification:_identify(src/motoman_ros2_support_packages) by extensions ['python_setup_py']
[0.303s] Level 1:colcon.colcon_core.package_identification:_identify(src/motoman_ros2_support_packages) by extension 'python_setup_py'
[0.303s] Level 1:colcon.colcon_core.package_identification:_identify(src/motoman_ros2_support_packages/motoman) by extensions ['ignore', 'ignore_ament_install']
[0.303s] Level 1:colcon.colcon_core.package_identification:_identify(src/motoman_ros2_support_packages/motoman) by extension 'ignore'
[0.303s] Level 1:colcon.colcon_core.package_identification:_identify(src/motoman_ros2_support_packages/motoman) by extension 'ignore_ament_install'
[0.303s] Level 1:colcon.colcon_core.package_identification:_identify(src/motoman_ros2_support_packages/motoman) by extensions ['colcon_pkg']
[0.303s] Level 1:colcon.colcon_core.package_identification:_identify(src/motoman_ros2_support_packages/motoman) by extension 'colcon_pkg'
[0.303s] Level 1:colcon.colcon_core.package_identification:_identify(src/motoman_ros2_support_packages/motoman) by extensions ['colcon_meta']
[0.303s] Level 1:colcon.colcon_core.package_identification:_identify(src/motoman_ros2_support_packages/motoman) by extension 'colcon_meta'
[0.303s] Level 1:colcon.colcon_core.package_identification:_identify(src/motoman_ros2_support_packages/motoman) by extensions ['ros']
[0.303s] Level 1:colcon.colcon_core.package_identification:_identify(src/motoman_ros2_support_packages/motoman) by extension 'ros'
[0.304s] DEBUG:colcon.colcon_core.package_identification:Package 'src/motoman_ros2_support_packages/motoman' with type 'ros.ament_cmake' and name 'motoman'
[0.304s] Level 1:colcon.colcon_core.package_identification:_identify(src/motoman_ros2_support_packages/motoman_ar2010_support) by extensions ['ignore', 'ignore_ament_install']
[0.304s] Level 1:colcon.colcon_core.package_identification:_identify(src/motoman_ros2_support_packages/motoman_ar2010_support) by extension 'ignore'
[0.304s] Level 1:colcon.colcon_core.package_identification:_identify(src/motoman_ros2_support_packages/motoman_ar2010_support) by extension 'ignore_ament_install'
[0.304s] Level 1:colcon.colcon_core.package_identification:_identify(src/motoman_ros2_support_packages/motoman_ar2010_support) by extensions ['colcon_pkg']
[0.304s] Level 1:colcon.colcon_core.package_identification:_identify(src/motoman_ros2_support_packages/motoman_ar2010_support) by extension 'colcon_pkg'
[0.304s] Level 1:colcon.colcon_core.package_identification:_identify(src/motoman_ros2_support_packages/motoman_ar2010_support) by extensions ['colcon_meta']
[0.304s] Level 1:colcon.colcon_core.package_identification:_identify(src/motoman_ros2_support_packages/motoman_ar2010_support) by extension 'colcon_meta'
[0.304s] Level 1:colcon.colcon_core.package_identification:_identify(src/motoman_ros2_support_packages/motoman_ar2010_support) by extensions ['ros']
[0.304s] Level 1:colcon.colcon_core.package_identification:_identify(src/motoman_ros2_support_packages/motoman_ar2010_support) by extension 'ros'
[0.305s] DEBUG:colcon.colcon_core.package_identification:Package 'src/motoman_ros2_support_packages/motoman_ar2010_support' with type 'ros.ament_cmake' and name 'motoman_ar2010_support'
[0.305s] Level 1:colcon.colcon_core.package_identification:_identify(src/motoman_ros2_support_packages/motoman_es_support) by extensions ['ignore', 'ignore_ament_install']
[0.305s] Level 1:colcon.colcon_core.package_identification:_identify(src/motoman_ros2_support_packages/motoman_es_support) by extension 'ignore'
[0.305s] Level 1:colcon.colcon_core.package_identification:_identify(src/motoman_ros2_support_packages/motoman_es_support) by extension 'ignore_ament_install'
[0.305s] Level 1:colcon.colcon_core.package_identification:_identify(src/motoman_ros2_support_packages/motoman_es_support) by extensions ['colcon_pkg']
[0.305s] Level 1:colcon.colcon_core.package_identification:_identify(src/motoman_ros2_support_packages/motoman_es_support) by extension 'colcon_pkg'
[0.305s] Level 1:colcon.colcon_core.package_identification:_identify(src/motoman_ros2_support_packages/motoman_es_support) by extensions ['colcon_meta']
[0.305s] Level 1:colcon.colcon_core.package_identification:_identify(src/motoman_ros2_support_packages/motoman_es_support) by extension 'colcon_meta'
[0.305s] Level 1:colcon.colcon_core.package_identification:_identify(src/motoman_ros2_support_packages/motoman_es_support) by extensions ['ros']
[0.305s] Level 1:colcon.colcon_core.package_identification:_identify(src/motoman_ros2_support_packages/motoman_es_support) by extension 'ros'
[0.305s] DEBUG:colcon.colcon_core.package_identification:Package 'src/motoman_ros2_support_packages/motoman_es_support' with type 'ros.ament_cmake' and name 'motoman_es_support'
[0.306s] Level 1:colcon.colcon_core.package_identification:_identify(src/motoman_ros2_support_packages/motoman_gp110_support) by extensions ['ignore', 'ignore_ament_install']
[0.306s] Level 1:colcon.colcon_core.package_identification:_identify(src/motoman_ros2_support_packages/motoman_gp110_support) by extension 'ignore'
[0.306s] Level 1:colcon.colcon_core.package_identification:_identify(src/motoman_ros2_support_packages/motoman_gp110_support) by extension 'ignore_ament_install'
[0.306s] Level 1:colcon.colcon_core.package_identification:_identify(src/motoman_ros2_support_packages/motoman_gp110_support) by extensions ['colcon_pkg']
[0.306s] Level 1:colcon.colcon_core.package_identification:_identify(src/motoman_ros2_support_packages/motoman_gp110_support) by extension 'colcon_pkg'
[0.306s] Level 1:colcon.colcon_core.package_identification:_identify(src/motoman_ros2_support_packages/motoman_gp110_support) by extensions ['colcon_meta']
[0.306s] Level 1:colcon.colcon_core.package_identification:_identify(src/motoman_ros2_support_packages/motoman_gp110_support) by extension 'colcon_meta'
[0.306s] Level 1:colcon.colcon_core.package_identification:_identify(src/motoman_ros2_support_packages/motoman_gp110_support) by extensions ['ros']
[0.306s] Level 1:colcon.colcon_core.package_identification:_identify(src/motoman_ros2_support_packages/motoman_gp110_support) by extension 'ros'
[0.306s] DEBUG:colcon.colcon_core.package_identification:Package 'src/motoman_ros2_support_packages/motoman_gp110_support' with type 'ros.ament_cmake' and name 'motoman_gp110_support'
[0.306s] Level 1:colcon.colcon_core.package_identification:_identify(src/motoman_ros2_support_packages/motoman_gp12_support) by extensions ['ignore', 'ignore_ament_install']
[0.306s] Level 1:colcon.colcon_core.package_identification:_identify(src/motoman_ros2_support_packages/motoman_gp12_support) by extension 'ignore'
[0.306s] Level 1:colcon.colcon_core.package_identification:_identify(src/motoman_ros2_support_packages/motoman_gp12_support) by extension 'ignore_ament_install'
[0.306s] Level 1:colcon.colcon_core.package_identification:_identify(src/motoman_ros2_support_packages/motoman_gp12_support) by extensions ['colcon_pkg']
[0.306s] Level 1:colcon.colcon_core.package_identification:_identify(src/motoman_ros2_support_packages/motoman_gp12_support) by extension 'colcon_pkg'
[0.306s] Level 1:colcon.colcon_core.package_identification:_identify(src/motoman_ros2_support_packages/motoman_gp12_support) by extensions ['colcon_meta']
[0.306s] Level 1:colcon.colcon_core.package_identification:_identify(src/motoman_ros2_support_packages/motoman_gp12_support) by extension 'colcon_meta'
[0.306s] Level 1:colcon.colcon_core.package_identification:_identify(src/motoman_ros2_support_packages/motoman_gp12_support) by extensions ['ros']
[0.306s] Level 1:colcon.colcon_core.package_identification:_identify(src/motoman_ros2_support_packages/motoman_gp12_support) by extension 'ros'
[0.307s] DEBUG:colcon.colcon_core.package_identification:Package 'src/motoman_ros2_support_packages/motoman_gp12_support' with type 'ros.ament_cmake' and name 'motoman_gp12_support'
[0.307s] Level 1:colcon.colcon_core.package_identification:_identify(src/motoman_ros2_support_packages/motoman_gp165r_support) by extensions ['ignore', 'ignore_ament_install']
[0.307s] Level 1:colcon.colcon_core.package_identification:_identify(src/motoman_ros2_support_packages/motoman_gp165r_support) by extension 'ignore'
[0.307s] Level 1:colcon.colcon_core.package_identification:_identify(src/motoman_ros2_support_packages/motoman_gp165r_support) by extension 'ignore_ament_install'
[0.307s] Level 1:colcon.colcon_core.package_identification:_identify(src/motoman_ros2_support_packages/motoman_gp165r_support) by extensions ['colcon_pkg']
[0.307s] Level 1:colcon.colcon_core.package_identification:_identify(src/motoman_ros2_support_packages/motoman_gp165r_support) by extension 'colcon_pkg'
[0.307s] Level 1:colcon.colcon_core.package_identification:_identify(src/motoman_ros2_support_packages/motoman_gp165r_support) by extensions ['colcon_meta']
[0.307s] Level 1:colcon.colcon_core.package_identification:_identify(src/motoman_ros2_support_packages/motoman_gp165r_support) by extension 'colcon_meta'
[0.307s] Level 1:colcon.colcon_core.package_identification:_identify(src/motoman_ros2_support_packages/motoman_gp165r_support) by extensions ['ros']
[0.307s] Level 1:colcon.colcon_core.package_identification:_identify(src/motoman_ros2_support_packages/motoman_gp165r_support) by extension 'ros'
[0.308s] DEBUG:colcon.colcon_core.package_identification:Package 'src/motoman_ros2_support_packages/motoman_gp165r_support' with type 'ros.ament_cmake' and name 'motoman_gp165r_support'
[0.308s] Level 1:colcon.colcon_core.package_identification:_identify(src/motoman_ros2_support_packages/motoman_gp180_support) by extensions ['ignore', 'ignore_ament_install']
[0.308s] Level 1:colcon.colcon_core.package_identification:_identify(src/motoman_ros2_support_packages/motoman_gp180_support) by extension 'ignore'
[0.308s] Level 1:colcon.colcon_core.package_identification:_identify(src/motoman_ros2_support_packages/motoman_gp180_support) by extension 'ignore_ament_install'
[0.308s] Level 1:colcon.colcon_core.package_identification:_identify(src/motoman_ros2_support_packages/motoman_gp180_support) by extensions ['colcon_pkg']
[0.308s] Level 1:colcon.colcon_core.package_identification:_identify(src/motoman_ros2_support_packages/motoman_gp180_support) by extension 'colcon_pkg'
[0.308s] Level 1:colcon.colcon_core.package_identification:_identify(src/motoman_ros2_support_packages/motoman_gp180_support) by extensions ['colcon_meta']
[0.308s] Level 1:colcon.colcon_core.package_identification:_identify(src/motoman_ros2_support_packages/motoman_gp180_support) by extension 'colcon_meta'
[0.308s] Level 1:colcon.colcon_core.package_identification:_identify(src/motoman_ros2_support_packages/motoman_gp180_support) by extensions ['ros']
[0.308s] Level 1:colcon.colcon_core.package_identification:_identify(src/motoman_ros2_support_packages/motoman_gp180_support) by extension 'ros'
[0.308s] DEBUG:colcon.colcon_core.package_identification:Package 'src/motoman_ros2_support_packages/motoman_gp180_support' with type 'ros.ament_cmake' and name 'motoman_gp180_support'
[0.309s] Level 1:colcon.colcon_core.package_identification:_identify(src/motoman_ros2_support_packages/motoman_gp200r_support) by extensions ['ignore', 'ignore_ament_install']
[0.309s] Level 1:colcon.colcon_core.package_identification:_identify(src/motoman_ros2_support_packages/motoman_gp200r_support) by extension 'ignore'
[0.309s] Level 1:colcon.colcon_core.package_identification:_identify(src/motoman_ros2_support_packages/motoman_gp200r_support) by extension 'ignore_ament_install'
[0.309s] Level 1:colcon.colcon_core.package_identification:_identify(src/motoman_ros2_support_packages/motoman_gp200r_support) by extensions ['colcon_pkg']
[0.309s] Level 1:colcon.colcon_core.package_identification:_identify(src/motoman_ros2_support_packages/motoman_gp200r_support) by extension 'colcon_pkg'
[0.309s] Level 1:colcon.colcon_core.package_identification:_identify(src/motoman_ros2_support_packages/motoman_gp200r_support) by extensions ['colcon_meta']
[0.309s] Level 1:colcon.colcon_core.package_identification:_identify(src/motoman_ros2_support_packages/motoman_gp200r_support) by extension 'colcon_meta'
[0.309s] Level 1:colcon.colcon_core.package_identification:_identify(src/motoman_ros2_support_packages/motoman_gp200r_support) by extensions ['ros']
[0.309s] Level 1:colcon.colcon_core.package_identification:_identify(src/motoman_ros2_support_packages/motoman_gp200r_support) by extension 'ros'
[0.309s] DEBUG:colcon.colcon_core.package_identification:Package 'src/motoman_ros2_support_packages/motoman_gp200r_support' with type 'ros.ament_cmake' and name 'motoman_gp200r_support'
[0.309s] Level 1:colcon.colcon_core.package_identification:_identify(src/motoman_ros2_support_packages/motoman_gp20hl_support) by extensions ['ignore', 'ignore_ament_install']
[0.309s] Level 1:colcon.colcon_core.package_identification:_identify(src/motoman_ros2_support_packages/motoman_gp20hl_support) by extension 'ignore'
[0.309s] Level 1:colcon.colcon_core.package_identification:_identify(src/motoman_ros2_support_packages/motoman_gp20hl_support) by extension 'ignore_ament_install'
[0.309s] Level 1:colcon.colcon_core.package_identification:_identify(src/motoman_ros2_support_packages/motoman_gp20hl_support) by extensions ['colcon_pkg']
[0.309s] Level 1:colcon.colcon_core.package_identification:_identify(src/motoman_ros2_support_packages/motoman_gp20hl_support) by extension 'colcon_pkg'
[0.309s] Level 1:colcon.colcon_core.package_identification:_identify(src/motoman_ros2_support_packages/motoman_gp20hl_support) by extensions ['colcon_meta']
[0.309s] Level 1:colcon.colcon_core.package_identification:_identify(src/motoman_ros2_support_packages/motoman_gp20hl_support) by extension 'colcon_meta'
[0.309s] Level 1:colcon.colcon_core.package_identification:_identify(src/motoman_ros2_support_packages/motoman_gp20hl_support) by extensions ['ros']
[0.309s] Level 1:colcon.colcon_core.package_identification:_identify(src/motoman_ros2_support_packages/motoman_gp20hl_support) by extension 'ros'
[0.310s] DEBUG:colcon.colcon_core.package_identification:Package 'src/motoman_ros2_support_packages/motoman_gp20hl_support' with type 'ros.ament_cmake' and name 'motoman_gp20hl_support'
[0.310s] Level 1:colcon.colcon_core.package_identification:_identify(src/motoman_ros2_support_packages/motoman_gp215_support) by extensions ['ignore', 'ignore_ament_install']
[0.310s] Level 1:colcon.colcon_core.package_identification:_identify(src/motoman_ros2_support_packages/motoman_gp215_support) by extension 'ignore'
[0.310s] Level 1:colcon.colcon_core.package_identification:_identify(src/motoman_ros2_support_packages/motoman_gp215_support) by extension 'ignore_ament_install'
[0.310s] Level 1:colcon.colcon_core.package_identification:_identify(src/motoman_ros2_support_packages/motoman_gp215_support) by extensions ['colcon_pkg']
[0.310s] Level 1:colcon.colcon_core.package_identification:_identify(src/motoman_ros2_support_packages/motoman_gp215_support) by extension 'colcon_pkg'
[0.310s] Level 1:colcon.colcon_core.package_identification:_identify(src/motoman_ros2_support_packages/motoman_gp215_support) by extensions ['colcon_meta']
[0.310s] Level 1:colcon.colcon_core.package_identification:_identify(src/motoman_ros2_support_packages/motoman_gp215_support) by extension 'colcon_meta'
[0.310s] Level 1:colcon.colcon_core.package_identification:_identify(src/motoman_ros2_support_packages/motoman_gp215_support) by extensions ['ros']
[0.310s] Level 1:colcon.colcon_core.package_identification:_identify(src/motoman_ros2_support_packages/motoman_gp215_support) by extension 'ros'
[0.311s] DEBUG:colcon.colcon_core.package_identification:Package 'src/motoman_ros2_support_packages/motoman_gp215_support' with type 'ros.ament_cmake' and name 'motoman_gp215_support'
[0.311s] Level 1:colcon.colcon_core.package_identification:_identify(src/motoman_ros2_support_packages/motoman_gp225_support) by extensions ['ignore', 'ignore_ament_install']
[0.311s] Level 1:colcon.colcon_core.package_identification:_identify(src/motoman_ros2_support_packages/motoman_gp225_support) by extension 'ignore'
[0.311s] Level 1:colcon.colcon_core.package_identification:_identify(src/motoman_ros2_support_packages/motoman_gp225_support) by extension 'ignore_ament_install'
[0.311s] Level 1:colcon.colcon_core.package_identification:_identify(src/motoman_ros2_support_packages/motoman_gp225_support) by extensions ['colcon_pkg']
[0.311s] Level 1:colcon.colcon_core.package_identification:_identify(src/motoman_ros2_support_packages/motoman_gp225_support) by extension 'colcon_pkg'
[0.311s] Level 1:colcon.colcon_core.package_identification:_identify(src/motoman_ros2_support_packages/motoman_gp225_support) by extensions ['colcon_meta']
[0.311s] Level 1:colcon.colcon_core.package_identification:_identify(src/motoman_ros2_support_packages/motoman_gp225_support) by extension 'colcon_meta'
[0.311s] Level 1:colcon.colcon_core.package_identification:_identify(src/motoman_ros2_support_packages/motoman_gp225_support) by extensions ['ros']
[0.311s] Level 1:colcon.colcon_core.package_identification:_identify(src/motoman_ros2_support_packages/motoman_gp225_support) by extension 'ros'
[0.311s] DEBUG:colcon.colcon_core.package_identification:Package 'src/motoman_ros2_support_packages/motoman_gp225_support' with type 'ros.ament_cmake' and name 'motoman_gp225_support'
[0.312s] Level 1:colcon.colcon_core.package_identification:_identify(src/motoman_ros2_support_packages/motoman_gp250_support) by extensions ['ignore', 'ignore_ament_install']
[0.312s] Level 1:colcon.colcon_core.package_identification:_identify(src/motoman_ros2_support_packages/motoman_gp250_support) by extension 'ignore'
[0.312s] Level 1:colcon.colcon_core.package_identification:_identify(src/motoman_ros2_support_packages/motoman_gp250_support) by extension 'ignore_ament_install'
[0.312s] Level 1:colcon.colcon_core.package_identification:_identify(src/motoman_ros2_support_packages/motoman_gp250_support) by extensions ['colcon_pkg']
[0.312s] Level 1:colcon.colcon_core.package_identification:_identify(src/motoman_ros2_support_packages/motoman_gp250_support) by extension 'colcon_pkg'
[0.312s] Level 1:colcon.colcon_core.package_identification:_identify(src/motoman_ros2_support_packages/motoman_gp250_support) by extensions ['colcon_meta']
[0.312s] Level 1:colcon.colcon_core.package_identification:_identify(src/motoman_ros2_support_packages/motoman_gp250_support) by extension 'colcon_meta'
[0.312s] Level 1:colcon.colcon_core.package_identification:_identify(src/motoman_ros2_support_packages/motoman_gp250_support) by extensions ['ros']
[0.312s] Level 1:colcon.colcon_core.package_identification:_identify(src/motoman_ros2_support_packages/motoman_gp250_support) by extension 'ros'
[0.312s] DEBUG:colcon.colcon_core.package_identification:Package 'src/motoman_ros2_support_packages/motoman_gp250_support' with type 'ros.ament_cmake' and name 'motoman_gp250_support'
[0.312s] Level 1:colcon.colcon_core.package_identification:_identify(src/motoman_ros2_support_packages/motoman_gp25_support) by extensions ['ignore', 'ignore_ament_install']
[0.312s] Level 1:colcon.colcon_core.package_identification:_identify(src/motoman_ros2_support_packages/motoman_gp25_support) by extension 'ignore'
[0.312s] Level 1:colcon.colcon_core.package_identification:_identify(src/motoman_ros2_support_packages/motoman_gp25_support) by extension 'ignore_ament_install'
[0.312s] Level 1:colcon.colcon_core.package_identification:_identify(src/motoman_ros2_support_packages/motoman_gp25_support) by extensions ['colcon_pkg']
[0.312s] Level 1:colcon.colcon_core.package_identification:_identify(src/motoman_ros2_support_packages/motoman_gp25_support) by extension 'colcon_pkg'
[0.312s] Level 1:colcon.colcon_core.package_identification:_identify(src/motoman_ros2_support_packages/motoman_gp25_support) by extensions ['colcon_meta']
[0.312s] Level 1:colcon.colcon_core.package_identification:_identify(src/motoman_ros2_support_packages/motoman_gp25_support) by extension 'colcon_meta'
[0.312s] Level 1:colcon.colcon_core.package_identification:_identify(src/motoman_ros2_support_packages/motoman_gp25_support) by extensions ['ros']
[0.312s] Level 1:colcon.colcon_core.package_identification:_identify(src/motoman_ros2_support_packages/motoman_gp25_support) by extension 'ros'
[0.313s] DEBUG:colcon.colcon_core.package_identification:Package 'src/motoman_ros2_support_packages/motoman_gp25_support' with type 'ros.ament_cmake' and name 'motoman_gp25_support'
[0.313s] Level 1:colcon.colcon_core.package_identification:_identify(src/motoman_ros2_support_packages/motoman_gp35l_support) by extensions ['ignore', 'ignore_ament_install']
[0.313s] Level 1:colcon.colcon_core.package_identification:_identify(src/motoman_ros2_support_packages/motoman_gp35l_support) by extension 'ignore'
[0.313s] Level 1:colcon.colcon_core.package_identification:_identify(src/motoman_ros2_support_packages/motoman_gp35l_support) by extension 'ignore_ament_install'
[0.313s] Level 1:colcon.colcon_core.package_identification:_identify(src/motoman_ros2_support_packages/motoman_gp35l_support) by extensions ['colcon_pkg']
[0.313s] Level 1:colcon.colcon_core.package_identification:_identify(src/motoman_ros2_support_packages/motoman_gp35l_support) by extension 'colcon_pkg'
[0.313s] Level 1:colcon.colcon_core.package_identification:_identify(src/motoman_ros2_support_packages/motoman_gp35l_support) by extensions ['colcon_meta']
[0.313s] Level 1:colcon.colcon_core.package_identification:_identify(src/motoman_ros2_support_packages/motoman_gp35l_support) by extension 'colcon_meta'
[0.313s] Level 1:colcon.colcon_core.package_identification:_identify(src/motoman_ros2_support_packages/motoman_gp35l_support) by extensions ['ros']
[0.313s] Level 1:colcon.colcon_core.package_identification:_identify(src/motoman_ros2_support_packages/motoman_gp35l_support) by extension 'ros'
[0.314s] DEBUG:colcon.colcon_core.package_identification:Package 'src/motoman_ros2_support_packages/motoman_gp35l_support' with type 'ros.ament_cmake' and name 'motoman_gp35l_support'
[0.314s] Level 1:colcon.colcon_core.package_identification:_identify(src/motoman_ros2_support_packages/motoman_gp4_support) by extensions ['ignore', 'ignore_ament_install']
[0.314s] Level 1:colcon.colcon_core.package_identification:_identify(src/motoman_ros2_support_packages/motoman_gp4_support) by extension 'ignore'
[0.314s] Level 1:colcon.colcon_core.package_identification:_identify(src/motoman_ros2_support_packages/motoman_gp4_support) by extension 'ignore_ament_install'
[0.314s] Level 1:colcon.colcon_core.package_identification:_identify(src/motoman_ros2_support_packages/motoman_gp4_support) by extensions ['colcon_pkg']
[0.314s] Level 1:colcon.colcon_core.package_identification:_identify(src/motoman_ros2_support_packages/motoman_gp4_support) by extension 'colcon_pkg'
[0.314s] Level 1:colcon.colcon_core.package_identification:_identify(src/motoman_ros2_support_packages/motoman_gp4_support) by extensions ['colcon_meta']
[0.314s] Level 1:colcon.colcon_core.package_identification:_identify(src/motoman_ros2_support_packages/motoman_gp4_support) by extension 'colcon_meta'
[0.314s] Level 1:colcon.colcon_core.package_identification:_identify(src/motoman_ros2_support_packages/motoman_gp4_support) by extensions ['ros']
[0.314s] Level 1:colcon.colcon_core.package_identification:_identify(src/motoman_ros2_support_packages/motoman_gp4_support) by extension 'ros'
[0.314s] DEBUG:colcon.colcon_core.package_identification:Package 'src/motoman_ros2_support_packages/motoman_gp4_support' with type 'ros.ament_cmake' and name 'motoman_gp4_support'
[0.315s] Level 1:colcon.colcon_core.package_identification:_identify(src/motoman_ros2_support_packages/motoman_gp50_support) by extensions ['ignore', 'ignore_ament_install']
[0.315s] Level 1:colcon.colcon_core.package_identification:_identify(src/motoman_ros2_support_packages/motoman_gp50_support) by extension 'ignore'
[0.315s] Level 1:colcon.colcon_core.package_identification:_identify(src/motoman_ros2_support_packages/motoman_gp50_support) by extension 'ignore_ament_install'
[0.315s] Level 1:colcon.colcon_core.package_identification:_identify(src/motoman_ros2_support_packages/motoman_gp50_support) by extensions ['colcon_pkg']
[0.315s] Level 1:colcon.colcon_core.package_identification:_identify(src/motoman_ros2_support_packages/motoman_gp50_support) by extension 'colcon_pkg'
[0.315s] Level 1:colcon.colcon_core.package_identification:_identify(src/motoman_ros2_support_packages/motoman_gp50_support) by extensions ['colcon_meta']
[0.315s] Level 1:colcon.colcon_core.package_identification:_identify(src/motoman_ros2_support_packages/motoman_gp50_support) by extension 'colcon_meta'
[0.315s] Level 1:colcon.colcon_core.package_identification:_identify(src/motoman_ros2_support_packages/motoman_gp50_support) by extensions ['ros']
[0.315s] Level 1:colcon.colcon_core.package_identification:_identify(src/motoman_ros2_support_packages/motoman_gp50_support) by extension 'ros'
[0.315s] DEBUG:colcon.colcon_core.package_identification:Package 'src/motoman_ros2_support_packages/motoman_gp50_support' with type 'ros.ament_cmake' and name 'motoman_gp50_support'
[0.315s] Level 1:colcon.colcon_core.package_identification:_identify(src/motoman_ros2_support_packages/motoman_gp70l_support) by extensions ['ignore', 'ignore_ament_install']
[0.315s] Level 1:colcon.colcon_core.package_identification:_identify(src/motoman_ros2_support_packages/motoman_gp70l_support) by extension 'ignore'
[0.315s] Level 1:colcon.colcon_core.package_identification:_identify(src/motoman_ros2_support_packages/motoman_gp70l_support) by extension 'ignore_ament_install'
[0.315s] Level 1:colcon.colcon_core.package_identification:_identify(src/motoman_ros2_support_packages/motoman_gp70l_support) by extensions ['colcon_pkg']
[0.315s] Level 1:colcon.colcon_core.package_identification:_identify(src/motoman_ros2_support_packages/motoman_gp70l_support) by extension 'colcon_pkg'
[0.315s] Level 1:colcon.colcon_core.package_identification:_identify(src/motoman_ros2_support_packages/motoman_gp70l_support) by extensions ['colcon_meta']
[0.315s] Level 1:colcon.colcon_core.package_identification:_identify(src/motoman_ros2_support_packages/motoman_gp70l_support) by extension 'colcon_meta'
[0.315s] Level 1:colcon.colcon_core.package_identification:_identify(src/motoman_ros2_support_packages/motoman_gp70l_support) by extensions ['ros']
[0.315s] Level 1:colcon.colcon_core.package_identification:_identify(src/motoman_ros2_support_packages/motoman_gp70l_support) by extension 'ros'
[0.316s] DEBUG:colcon.colcon_core.package_identification:Package 'src/motoman_ros2_support_packages/motoman_gp70l_support' with type 'ros.ament_cmake' and name 'motoman_gp70l_support'
[0.316s] Level 1:colcon.colcon_core.package_identification:_identify(src/motoman_ros2_support_packages/motoman_gp7_support) by extensions ['ignore', 'ignore_ament_install']
[0.316s] Level 1:colcon.colcon_core.package_identification:_identify(src/motoman_ros2_support_packages/motoman_gp7_support) by extension 'ignore'
[0.316s] Level 1:colcon.colcon_core.package_identification:_identify(src/motoman_ros2_support_packages/motoman_gp7_support) by extension 'ignore_ament_install'
[0.316s] Level 1:colcon.colcon_core.package_identification:_identify(src/motoman_ros2_support_packages/motoman_gp7_support) by extensions ['colcon_pkg']
[0.316s] Level 1:colcon.colcon_core.package_identification:_identify(src/motoman_ros2_support_packages/motoman_gp7_support) by extension 'colcon_pkg'
[0.316s] Level 1:colcon.colcon_core.package_identification:_identify(src/motoman_ros2_support_packages/motoman_gp7_support) by extensions ['colcon_meta']
[0.316s] Level 1:colcon.colcon_core.package_identification:_identify(src/motoman_ros2_support_packages/motoman_gp7_support) by extension 'colcon_meta'
[0.316s] Level 1:colcon.colcon_core.package_identification:_identify(src/motoman_ros2_support_packages/motoman_gp7_support) by extensions ['ros']
[0.316s] Level 1:colcon.colcon_core.package_identification:_identify(src/motoman_ros2_support_packages/motoman_gp7_support) by extension 'ros'
[0.317s] DEBUG:colcon.colcon_core.package_identification:Package 'src/motoman_ros2_support_packages/motoman_gp7_support' with type 'ros.ament_cmake' and name 'motoman_gp7_support'
[0.317s] Level 1:colcon.colcon_core.package_identification:_identify(src/motoman_ros2_support_packages/motoman_gp88_support) by extensions ['ignore', 'ignore_ament_install']
[0.317s] Level 1:colcon.colcon_core.package_identification:_identify(src/motoman_ros2_support_packages/motoman_gp88_support) by extension 'ignore'
[0.317s] Level 1:colcon.colcon_core.package_identification:_identify(src/motoman_ros2_support_packages/motoman_gp88_support) by extension 'ignore_ament_install'
[0.317s] Level 1:colcon.colcon_core.package_identification:_identify(src/motoman_ros2_support_packages/motoman_gp88_support) by extensions ['colcon_pkg']
[0.317s] Level 1:colcon.colcon_core.package_identification:_identify(src/motoman_ros2_support_packages/motoman_gp88_support) by extension 'colcon_pkg'
[0.317s] Level 1:colcon.colcon_core.package_identification:_identify(src/motoman_ros2_support_packages/motoman_gp88_support) by extensions ['colcon_meta']
[0.317s] Level 1:colcon.colcon_core.package_identification:_identify(src/motoman_ros2_support_packages/motoman_gp88_support) by extension 'colcon_meta'
[0.317s] Level 1:colcon.colcon_core.package_identification:_identify(src/motoman_ros2_support_packages/motoman_gp88_support) by extensions ['ros']
[0.317s] Level 1:colcon.colcon_core.package_identification:_identify(src/motoman_ros2_support_packages/motoman_gp88_support) by extension 'ros'
[0.317s] DEBUG:colcon.colcon_core.package_identification:Package 'src/motoman_ros2_support_packages/motoman_gp88_support' with type 'ros.ament_cmake' and name 'motoman_gp88_support'
[0.317s] Level 1:colcon.colcon_core.package_identification:_identify(src/motoman_ros2_support_packages/motoman_gp8_support) by extensions ['ignore', 'ignore_ament_install']
[0.317s] Level 1:colcon.colcon_core.package_identification:_identify(src/motoman_ros2_support_packages/motoman_gp8_support) by extension 'ignore'
[0.317s] Level 1:colcon.colcon_core.package_identification:_identify(src/motoman_ros2_support_packages/motoman_gp8_support) by extension 'ignore_ament_install'
[0.317s] Level 1:colcon.colcon_core.package_identification:_identify(src/motoman_ros2_support_packages/motoman_gp8_support) by extensions ['colcon_pkg']
[0.317s] Level 1:colcon.colcon_core.package_identification:_identify(src/motoman_ros2_support_packages/motoman_gp8_support) by extension 'colcon_pkg'
[0.318s] Level 1:colcon.colcon_core.package_identification:_identify(src/motoman_ros2_support_packages/motoman_gp8_support) by extensions ['colcon_meta']
[0.318s] Level 1:colcon.colcon_core.package_identification:_identify(src/motoman_ros2_support_packages/motoman_gp8_support) by extension 'colcon_meta'
[0.318s] Level 1:colcon.colcon_core.package_identification:_identify(src/motoman_ros2_support_packages/motoman_gp8_support) by extensions ['ros']
[0.318s] Level 1:colcon.colcon_core.package_identification:_identify(src/motoman_ros2_support_packages/motoman_gp8_support) by extension 'ros'
[0.318s] DEBUG:colcon.colcon_core.package_identification:Package 'src/motoman_ros2_support_packages/motoman_gp8_support' with type 'ros.ament_cmake' and name 'motoman_gp8_support'
[0.318s] Level 1:colcon.colcon_core.package_identification:_identify(src/motoman_ros2_support_packages/motoman_gp8l_support) by extensions ['ignore', 'ignore_ament_install']
[0.318s] Level 1:colcon.colcon_core.package_identification:_identify(src/motoman_ros2_support_packages/motoman_gp8l_support) by extension 'ignore'
[0.318s] Level 1:colcon.colcon_core.package_identification:_identify(src/motoman_ros2_support_packages/motoman_gp8l_support) by extension 'ignore_ament_install'
[0.318s] Level 1:colcon.colcon_core.package_identification:_identify(src/motoman_ros2_support_packages/motoman_gp8l_support) by extensions ['colcon_pkg']
[0.318s] Level 1:colcon.colcon_core.package_identification:_identify(src/motoman_ros2_support_packages/motoman_gp8l_support) by extension 'colcon_pkg'
[0.318s] Level 1:colcon.colcon_core.package_identification:_identify(src/motoman_ros2_support_packages/motoman_gp8l_support) by extensions ['colcon_meta']
[0.318s] Level 1:colcon.colcon_core.package_identification:_identify(src/motoman_ros2_support_packages/motoman_gp8l_support) by extension 'colcon_meta'
[0.318s] Level 1:colcon.colcon_core.package_identification:_identify(src/motoman_ros2_support_packages/motoman_gp8l_support) by extensions ['ros']
[0.318s] Level 1:colcon.colcon_core.package_identification:_identify(src/motoman_ros2_support_packages/motoman_gp8l_support) by extension 'ros'
[0.319s] DEBUG:colcon.colcon_core.package_identification:Package 'src/motoman_ros2_support_packages/motoman_gp8l_support' with type 'ros.ament_cmake' and name 'motoman_gp8l_support'
[0.319s] Level 1:colcon.colcon_core.package_identification:_identify(src/motoman_ros2_support_packages/motoman_hc10_support) by extensions ['ignore', 'ignore_ament_install']
[0.319s] Level 1:colcon.colcon_core.package_identification:_identify(src/motoman_ros2_support_packages/motoman_hc10_support) by extension 'ignore'
[0.319s] Level 1:colcon.colcon_core.package_identification:_identify(src/motoman_ros2_support_packages/motoman_hc10_support) by extension 'ignore_ament_install'
[0.319s] Level 1:colcon.colcon_core.package_identification:_identify(src/motoman_ros2_support_packages/motoman_hc10_support) by extensions ['colcon_pkg']
[0.319s] Level 1:colcon.colcon_core.package_identification:_identify(src/motoman_ros2_support_packages/motoman_hc10_support) by extension 'colcon_pkg'
[0.319s] Level 1:colcon.colcon_core.package_identification:_identify(src/motoman_ros2_support_packages/motoman_hc10_support) by extensions ['colcon_meta']
[0.319s] Level 1:colcon.colcon_core.package_identification:_identify(src/motoman_ros2_support_packages/motoman_hc10_support) by extension 'colcon_meta'
[0.319s] Level 1:colcon.colcon_core.package_identification:_identify(src/motoman_ros2_support_packages/motoman_hc10_support) by extensions ['ros']
[0.319s] Level 1:colcon.colcon_core.package_identification:_identify(src/motoman_ros2_support_packages/motoman_hc10_support) by extension 'ros'
[0.319s] DEBUG:colcon.colcon_core.package_identification:Package 'src/motoman_ros2_support_packages/motoman_hc10_support' with type 'ros.ament_cmake' and name 'motoman_hc10_support'
[0.320s] Level 1:colcon.colcon_core.package_identification:_identify(src/motoman_ros2_support_packages/motoman_hc20_support) by extensions ['ignore', 'ignore_ament_install']
[0.320s] Level 1:colcon.colcon_core.package_identification:_identify(src/motoman_ros2_support_packages/motoman_hc20_support) by extension 'ignore'
[0.320s] Level 1:colcon.colcon_core.package_identification:_identify(src/motoman_ros2_support_packages/motoman_hc20_support) by extension 'ignore_ament_install'
[0.320s] Level 1:colcon.colcon_core.package_identification:_identify(src/motoman_ros2_support_packages/motoman_hc20_support) by extensions ['colcon_pkg']
[0.320s] Level 1:colcon.colcon_core.package_identification:_identify(src/motoman_ros2_support_packages/motoman_hc20_support) by extension 'colcon_pkg'
[0.320s] Level 1:colcon.colcon_core.package_identification:_identify(src/motoman_ros2_support_packages/motoman_hc20_support) by extensions ['colcon_meta']
[0.320s] Level 1:colcon.colcon_core.package_identification:_identify(src/motoman_ros2_support_packages/motoman_hc20_support) by extension 'colcon_meta'
[0.320s] Level 1:colcon.colcon_core.package_identification:_identify(src/motoman_ros2_support_packages/motoman_hc20_support) by extensions ['ros']
[0.320s] Level 1:colcon.colcon_core.package_identification:_identify(src/motoman_ros2_support_packages/motoman_hc20_support) by extension 'ros'
[0.320s] DEBUG:colcon.colcon_core.package_identification:Package 'src/motoman_ros2_support_packages/motoman_hc20_support' with type 'ros.ament_cmake' and name 'motoman_hc20_support'
[0.320s] Level 1:colcon.colcon_core.package_identification:_identify(src/motoman_ros2_support_packages/motoman_ma2010_support) by extensions ['ignore', 'ignore_ament_install']
[0.320s] Level 1:colcon.colcon_core.package_identification:_identify(src/motoman_ros2_support_packages/motoman_ma2010_support) by extension 'ignore'
[0.321s] Level 1:colcon.colcon_core.package_identification:_identify(src/motoman_ros2_support_packages/motoman_ma2010_support) by extension 'ignore_ament_install'
[0.321s] Level 1:colcon.colcon_core.package_identification:_identify(src/motoman_ros2_support_packages/motoman_ma2010_support) by extensions ['colcon_pkg']
[0.321s] Level 1:colcon.colcon_core.package_identification:_identify(src/motoman_ros2_support_packages/motoman_ma2010_support) by extension 'colcon_pkg'
[0.321s] Level 1:colcon.colcon_core.package_identification:_identify(src/motoman_ros2_support_packages/motoman_ma2010_support) by extensions ['colcon_meta']
[0.321s] Level 1:colcon.colcon_core.package_identification:_identify(src/motoman_ros2_support_packages/motoman_ma2010_support) by extension 'colcon_meta'
[0.321s] Level 1:colcon.colcon_core.package_identification:_identify(src/motoman_ros2_support_packages/motoman_ma2010_support) by extensions ['ros']
[0.321s] Level 1:colcon.colcon_core.package_identification:_identify(src/motoman_ros2_support_packages/motoman_ma2010_support) by extension 'ros'
[0.321s] DEBUG:colcon.colcon_core.package_identification:Package 'src/motoman_ros2_support_packages/motoman_ma2010_support' with type 'ros.ament_cmake' and name 'motoman_ma2010_support'
[0.321s] Level 1:colcon.colcon_core.package_identification:_identify(src/motoman_ros2_support_packages/motoman_mh110_support) by extensions ['ignore', 'ignore_ament_install']
[0.321s] Level 1:colcon.colcon_core.package_identification:_identify(src/motoman_ros2_support_packages/motoman_mh110_support) by extension 'ignore'
[0.321s] Level 1:colcon.colcon_core.package_identification:_identify(src/motoman_ros2_support_packages/motoman_mh110_support) by extension 'ignore_ament_install'
[0.321s] Level 1:colcon.colcon_core.package_identification:_identify(src/motoman_ros2_support_packages/motoman_mh110_support) by extensions ['colcon_pkg']
[0.321s] Level 1:colcon.colcon_core.package_identification:_identify(src/motoman_ros2_support_packages/motoman_mh110_support) by extension 'colcon_pkg'
[0.321s] Level 1:colcon.colcon_core.package_identification:_identify(src/motoman_ros2_support_packages/motoman_mh110_support) by extensions ['colcon_meta']
[0.321s] Level 1:colcon.colcon_core.package_identification:_identify(src/motoman_ros2_support_packages/motoman_mh110_support) by extension 'colcon_meta'
[0.321s] Level 1:colcon.colcon_core.package_identification:_identify(src/motoman_ros2_support_packages/motoman_mh110_support) by extensions ['ros']
[0.321s] Level 1:colcon.colcon_core.package_identification:_identify(src/motoman_ros2_support_packages/motoman_mh110_support) by extension 'ros'
[0.322s] DEBUG:colcon.colcon_core.package_identification:Package 'src/motoman_ros2_support_packages/motoman_mh110_support' with type 'ros.ament_cmake' and name 'motoman_mh110_support'
[0.322s] Level 1:colcon.colcon_core.package_identification:_identify(src/motoman_ros2_support_packages/motoman_mh12_support) by extensions ['ignore', 'ignore_ament_install']
[0.322s] Level 1:colcon.colcon_core.package_identification:_identify(src/motoman_ros2_support_packages/motoman_mh12_support) by extension 'ignore'
[0.322s] Level 1:colcon.colcon_core.package_identification:_identify(src/motoman_ros2_support_packages/motoman_mh12_support) by extension 'ignore_ament_install'
[0.322s] Level 1:colcon.colcon_core.package_identification:_identify(src/motoman_ros2_support_packages/motoman_mh12_support) by extensions ['colcon_pkg']
[0.322s] Level 1:colcon.colcon_core.package_identification:_identify(src/motoman_ros2_support_packages/motoman_mh12_support) by extension 'colcon_pkg'
[0.322s] Level 1:colcon.colcon_core.package_identification:_identify(src/motoman_ros2_support_packages/motoman_mh12_support) by extensions ['colcon_meta']
[0.322s] Level 1:colcon.colcon_core.package_identification:_identify(src/motoman_ros2_support_packages/motoman_mh12_support) by extension 'colcon_meta'
[0.322s] Level 1:colcon.colcon_core.package_identification:_identify(src/motoman_ros2_support_packages/motoman_mh12_support) by extensions ['ros']
[0.322s] Level 1:colcon.colcon_core.package_identification:_identify(src/motoman_ros2_support_packages/motoman_mh12_support) by extension 'ros'
[0.322s] DEBUG:colcon.colcon_core.package_identification:Package 'src/motoman_ros2_support_packages/motoman_mh12_support' with type 'ros.ament_cmake' and name 'motoman_mh12_support'
[0.323s] Level 1:colcon.colcon_core.package_identification:_identify(src/motoman_ros2_support_packages/motoman_mh50_support) by extensions ['ignore', 'ignore_ament_install']
[0.323s] Level 1:colcon.colcon_core.package_identification:_identify(src/motoman_ros2_support_packages/motoman_mh50_support) by extension 'ignore'
[0.323s] Level 1:colcon.colcon_core.package_identification:_identify(src/motoman_ros2_support_packages/motoman_mh50_support) by extension 'ignore_ament_install'
[0.323s] Level 1:colcon.colcon_core.package_identification:_identify(src/motoman_ros2_support_packages/motoman_mh50_support) by extensions ['colcon_pkg']
[0.323s] Level 1:colcon.colcon_core.package_identification:_identify(src/motoman_ros2_support_packages/motoman_mh50_support) by extension 'colcon_pkg'
[0.323s] Level 1:colcon.colcon_core.package_identification:_identify(src/motoman_ros2_support_packages/motoman_mh50_support) by extensions ['colcon_meta']
[0.323s] Level 1:colcon.colcon_core.package_identification:_identify(src/motoman_ros2_support_packages/motoman_mh50_support) by extension 'colcon_meta'
[0.323s] Level 1:colcon.colcon_core.package_identification:_identify(src/motoman_ros2_support_packages/motoman_mh50_support) by extensions ['ros']
[0.323s] Level 1:colcon.colcon_core.package_identification:_identify(src/motoman_ros2_support_packages/motoman_mh50_support) by extension 'ros'
[0.325s] DEBUG:colcon.colcon_core.package_identification:Package 'src/motoman_ros2_support_packages/motoman_mh50_support' with type 'ros.ament_cmake' and name 'motoman_mh50_support'
[0.325s] Level 1:colcon.colcon_core.package_identification:_identify(src/motoman_ros2_support_packages/motoman_mh5_support) by extensions ['ignore', 'ignore_ament_install']
[0.325s] Level 1:colcon.colcon_core.package_identification:_identify(src/motoman_ros2_support_packages/motoman_mh5_support) by extension 'ignore'
[0.325s] Level 1:colcon.colcon_core.package_identification:_identify(src/motoman_ros2_support_packages/motoman_mh5_support) by extension 'ignore_ament_install'
[0.325s] Level 1:colcon.colcon_core.package_identification:_identify(src/motoman_ros2_support_packages/motoman_mh5_support) by extensions ['colcon_pkg']
[0.325s] Level 1:colcon.colcon_core.package_identification:_identify(src/motoman_ros2_support_packages/motoman_mh5_support) by extension 'colcon_pkg'
[0.325s] Level 1:colcon.colcon_core.package_identification:_identify(src/motoman_ros2_support_packages/motoman_mh5_support) by extensions ['colcon_meta']
[0.325s] Level 1:colcon.colcon_core.package_identification:_identify(src/motoman_ros2_support_packages/motoman_mh5_support) by extension 'colcon_meta'
[0.325s] Level 1:colcon.colcon_core.package_identification:_identify(src/motoman_ros2_support_packages/motoman_mh5_support) by extensions ['ros']
[0.325s] Level 1:colcon.colcon_core.package_identification:_identify(src/motoman_ros2_support_packages/motoman_mh5_support) by extension 'ros'
[0.326s] DEBUG:colcon.colcon_core.package_identification:Package 'src/motoman_ros2_support_packages/motoman_mh5_support' with type 'ros.ament_cmake' and name 'motoman_mh5_support'
[0.326s] Level 1:colcon.colcon_core.package_identification:_identify(src/motoman_ros2_support_packages/motoman_motomini_support) by extensions ['ignore', 'ignore_ament_install']
[0.326s] Level 1:colcon.colcon_core.package_identification:_identify(src/motoman_ros2_support_packages/motoman_motomini_support) by extension 'ignore'
[0.326s] Level 1:colcon.colcon_core.package_identification:_identify(src/motoman_ros2_support_packages/motoman_motomini_support) by extension 'ignore_ament_install'
[0.326s] Level 1:colcon.colcon_core.package_identification:_identify(src/motoman_ros2_support_packages/motoman_motomini_support) by extensions ['colcon_pkg']
[0.326s] Level 1:colcon.colcon_core.package_identification:_identify(src/motoman_ros2_support_packages/motoman_motomini_support) by extension 'colcon_pkg'
[0.326s] Level 1:colcon.colcon_core.package_identification:_identify(src/motoman_ros2_support_packages/motoman_motomini_support) by extensions ['colcon_meta']
[0.326s] Level 1:colcon.colcon_core.package_identification:_identify(src/motoman_ros2_support_packages/motoman_motomini_support) by extension 'colcon_meta'
[0.326s] Level 1:colcon.colcon_core.package_identification:_identify(src/motoman_ros2_support_packages/motoman_motomini_support) by extensions ['ros']
[0.326s] Level 1:colcon.colcon_core.package_identification:_identify(src/motoman_ros2_support_packages/motoman_motomini_support) by extension 'ros'
[0.327s] DEBUG:colcon.colcon_core.package_identification:Package 'src/motoman_ros2_support_packages/motoman_motomini_support' with type 'ros.ament_cmake' and name 'motoman_motomini_support'
[0.327s] Level 1:colcon.colcon_core.package_identification:_identify(src/motoman_ros2_support_packages/motoman_motopos_d500_support) by extensions ['ignore', 'ignore_ament_install']
[0.327s] Level 1:colcon.colcon_core.package_identification:_identify(src/motoman_ros2_support_packages/motoman_motopos_d500_support) by extension 'ignore'
[0.327s] Level 1:colcon.colcon_core.package_identification:_identify(src/motoman_ros2_support_packages/motoman_motopos_d500_support) by extension 'ignore_ament_install'
[0.327s] Level 1:colcon.colcon_core.package_identification:_identify(src/motoman_ros2_support_packages/motoman_motopos_d500_support) by extensions ['colcon_pkg']
[0.327s] Level 1:colcon.colcon_core.package_identification:_identify(src/motoman_ros2_support_packages/motoman_motopos_d500_support) by extension 'colcon_pkg'
[0.327s] Level 1:colcon.colcon_core.package_identification:_identify(src/motoman_ros2_support_packages/motoman_motopos_d500_support) by extensions ['colcon_meta']
[0.327s] Level 1:colcon.colcon_core.package_identification:_identify(src/motoman_ros2_support_packages/motoman_motopos_d500_support) by extension 'colcon_meta'
[0.327s] Level 1:colcon.colcon_core.package_identification:_identify(src/motoman_ros2_support_packages/motoman_motopos_d500_support) by extensions ['ros']
[0.327s] Level 1:colcon.colcon_core.package_identification:_identify(src/motoman_ros2_support_packages/motoman_motopos_d500_support) by extension 'ros'
[0.328s] DEBUG:colcon.colcon_core.package_identification:Package 'src/motoman_ros2_support_packages/motoman_motopos_d500_support' with type 'ros.ament_cmake' and name 'motoman_motopos_d500_support'
[0.328s] Level 1:colcon.colcon_core.package_identification:_identify(src/motoman_ros2_support_packages/motoman_motopos_mh1655_support) by extensions ['ignore', 'ignore_ament_install']
[0.328s] Level 1:colcon.colcon_core.package_identification:_identify(src/motoman_ros2_support_packages/motoman_motopos_mh1655_support) by extension 'ignore'
[0.328s] Level 1:colcon.colcon_core.package_identification:_identify(src/motoman_ros2_support_packages/motoman_motopos_mh1655_support) by extension 'ignore_ament_install'
[0.328s] Level 1:colcon.colcon_core.package_identification:_identify(src/motoman_ros2_support_packages/motoman_motopos_mh1655_support) by extensions ['colcon_pkg']
[0.328s] Level 1:colcon.colcon_core.package_identification:_identify(src/motoman_ros2_support_packages/motoman_motopos_mh1655_support) by extension 'colcon_pkg'
[0.328s] Level 1:colcon.colcon_core.package_identification:_identify(src/motoman_ros2_support_packages/motoman_motopos_mh1655_support) by extensions ['colcon_meta']
[0.328s] Level 1:colcon.colcon_core.package_identification:_identify(src/motoman_ros2_support_packages/motoman_motopos_mh1655_support) by extension 'colcon_meta'
[0.328s] Level 1:colcon.colcon_core.package_identification:_identify(src/motoman_ros2_support_packages/motoman_motopos_mh1655_support) by extensions ['ros']
[0.328s] Level 1:colcon.colcon_core.package_identification:_identify(src/motoman_ros2_support_packages/motoman_motopos_mh1655_support) by extension 'ros'
[0.328s] DEBUG:colcon.colcon_core.package_identification:Package 'src/motoman_ros2_support_packages/motoman_motopos_mh1655_support' with type 'ros.ament_cmake' and name 'motoman_motopos_mh1655_support'
[0.328s] Level 1:colcon.colcon_core.package_identification:_identify(src/motoman_ros2_support_packages/motoman_mpx1950_support) by extensions ['ignore', 'ignore_ament_install']
[0.328s] Level 1:colcon.colcon_core.package_identification:_identify(src/motoman_ros2_support_packages/motoman_mpx1950_support) by extension 'ignore'
[0.328s] Level 1:colcon.colcon_core.package_identification:_identify(src/motoman_ros2_support_packages/motoman_mpx1950_support) by extension 'ignore_ament_install'
[0.329s] Level 1:colcon.colcon_core.package_identification:_identify(src/motoman_ros2_support_packages/motoman_mpx1950_support) by extensions ['colcon_pkg']
[0.329s] Level 1:colcon.colcon_core.package_identification:_identify(src/motoman_ros2_support_packages/motoman_mpx1950_support) by extension 'colcon_pkg'
[0.329s] Level 1:colcon.colcon_core.package_identification:_identify(src/motoman_ros2_support_packages/motoman_mpx1950_support) by extensions ['colcon_meta']
[0.329s] Level 1:colcon.colcon_core.package_identification:_identify(src/motoman_ros2_support_packages/motoman_mpx1950_support) by extension 'colcon_meta'
[0.329s] Level 1:colcon.colcon_core.package_identification:_identify(src/motoman_ros2_support_packages/motoman_mpx1950_support) by extensions ['ros']
[0.329s] Level 1:colcon.colcon_core.package_identification:_identify(src/motoman_ros2_support_packages/motoman_mpx1950_support) by extension 'ros'
[0.329s] DEBUG:colcon.colcon_core.package_identification:Package 'src/motoman_ros2_support_packages/motoman_mpx1950_support' with type 'ros.ament_cmake' and name 'motoman_mpx1950_support'
[0.329s] Level 1:colcon.colcon_core.package_identification:_identify(src/motoman_ros2_support_packages/motoman_ms210_support) by extensions ['ignore', 'ignore_ament_install']
[0.329s] Level 1:colcon.colcon_core.package_identification:_identify(src/motoman_ros2_support_packages/motoman_ms210_support) by extension 'ignore'
[0.329s] Level 1:colcon.colcon_core.package_identification:_identify(src/motoman_ros2_support_packages/motoman_ms210_support) by extension 'ignore_ament_install'
[0.329s] Level 1:colcon.colcon_core.package_identification:_identify(src/motoman_ros2_support_packages/motoman_ms210_support) by extensions ['colcon_pkg']
[0.329s] Level 1:colcon.colcon_core.package_identification:_identify(src/motoman_ros2_support_packages/motoman_ms210_support) by extension 'colcon_pkg'
[0.329s] Level 1:colcon.colcon_core.package_identification:_identify(src/motoman_ros2_support_packages/motoman_ms210_support) by extensions ['colcon_meta']
[0.329s] Level 1:colcon.colcon_core.package_identification:_identify(src/motoman_ros2_support_packages/motoman_ms210_support) by extension 'colcon_meta'
[0.329s] Level 1:colcon.colcon_core.package_identification:_identify(src/motoman_ros2_support_packages/motoman_ms210_support) by extensions ['ros']
[0.329s] Level 1:colcon.colcon_core.package_identification:_identify(src/motoman_ros2_support_packages/motoman_ms210_support) by extension 'ros'
[0.330s] DEBUG:colcon.colcon_core.package_identification:Package 'src/motoman_ros2_support_packages/motoman_ms210_support' with type 'ros.ament_cmake' and name 'motoman_ms210_support'
[0.330s] Level 1:colcon.colcon_core.package_identification:_identify(src/motoman_ros2_support_packages/motoman_resources) by extensions ['ignore', 'ignore_ament_install']
[0.330s] Level 1:colcon.colcon_core.package_identification:_identify(src/motoman_ros2_support_packages/motoman_resources) by extension 'ignore'
[0.330s] Level 1:colcon.colcon_core.package_identification:_identify(src/motoman_ros2_support_packages/motoman_resources) by extension 'ignore_ament_install'
[0.330s] Level 1:colcon.colcon_core.package_identification:_identify(src/motoman_ros2_support_packages/motoman_resources) by extensions ['colcon_pkg']
[0.330s] Level 1:colcon.colcon_core.package_identification:_identify(src/motoman_ros2_support_packages/motoman_resources) by extension 'colcon_pkg'
[0.330s] Level 1:colcon.colcon_core.package_identification:_identify(src/motoman_ros2_support_packages/motoman_resources) by extensions ['colcon_meta']
[0.330s] Level 1:colcon.colcon_core.package_identification:_identify(src/motoman_ros2_support_packages/motoman_resources) by extension 'colcon_meta'
[0.330s] Level 1:colcon.colcon_core.package_identification:_identify(src/motoman_ros2_support_packages/motoman_resources) by extensions ['ros']
[0.330s] Level 1:colcon.colcon_core.package_identification:_identify(src/motoman_ros2_support_packages/motoman_resources) by extension 'ros'
[0.347s] DEBUG:colcon.colcon_core.package_identification:Package 'src/motoman_ros2_support_packages/motoman_resources' with type 'ros.ament_cmake' and name 'motoman_resources'
[0.347s] Level 1:colcon.colcon_core.package_identification:_identify(src/motoman_ros2_support_packages/motoman_sda10f_support) by extensions ['ignore', 'ignore_ament_install']
[0.347s] Level 1:colcon.colcon_core.package_identification:_identify(src/motoman_ros2_support_packages/motoman_sda10f_support) by extension 'ignore'
[0.347s] Level 1:colcon.colcon_core.package_identification:_identify(src/motoman_ros2_support_packages/motoman_sda10f_support) by extension 'ignore_ament_install'
[0.347s] Level 1:colcon.colcon_core.package_identification:_identify(src/motoman_ros2_support_packages/motoman_sda10f_support) by extensions ['colcon_pkg']
[0.347s] Level 1:colcon.colcon_core.package_identification:_identify(src/motoman_ros2_support_packages/motoman_sda10f_support) by extension 'colcon_pkg'
[0.347s] Level 1:colcon.colcon_core.package_identification:_identify(src/motoman_ros2_support_packages/motoman_sda10f_support) by extensions ['colcon_meta']
[0.347s] Level 1:colcon.colcon_core.package_identification:_identify(src/motoman_ros2_support_packages/motoman_sda10f_support) by extension 'colcon_meta'
[0.347s] Level 1:colcon.colcon_core.package_identification:_identify(src/motoman_ros2_support_packages/motoman_sda10f_support) by extensions ['ros']
[0.347s] Level 1:colcon.colcon_core.package_identification:_identify(src/motoman_ros2_support_packages/motoman_sda10f_support) by extension 'ros'
[0.348s] DEBUG:colcon.colcon_core.package_identification:Package 'src/motoman_ros2_support_packages/motoman_sda10f_support' with type 'ros.ament_cmake' and name 'motoman_sda10f_support'
[0.348s] Level 1:colcon.colcon_core.package_identification:_identify(src/motoman_ros2_support_packages/motoman_sia10d_support) by extensions ['ignore', 'ignore_ament_install']
[0.348s] Level 1:colcon.colcon_core.package_identification:_identify(src/motoman_ros2_support_packages/motoman_sia10d_support) by extension 'ignore'
[0.348s] Level 1:colcon.colcon_core.package_identification:_identify(src/motoman_ros2_support_packages/motoman_sia10d_support) by extension 'ignore_ament_install'
[0.348s] Level 1:colcon.colcon_core.package_identification:_identify(src/motoman_ros2_support_packages/motoman_sia10d_support) by extensions ['colcon_pkg']
[0.348s] Level 1:colcon.colcon_core.package_identification:_identify(src/motoman_ros2_support_packages/motoman_sia10d_support) by extension 'colcon_pkg'
[0.348s] Level 1:colcon.colcon_core.package_identification:_identify(src/motoman_ros2_support_packages/motoman_sia10d_support) by extensions ['colcon_meta']
[0.348s] Level 1:colcon.colcon_core.package_identification:_identify(src/motoman_ros2_support_packages/motoman_sia10d_support) by extension 'colcon_meta'
[0.348s] Level 1:colcon.colcon_core.package_identification:_identify(src/motoman_ros2_support_packages/motoman_sia10d_support) by extensions ['ros']
[0.348s] Level 1:colcon.colcon_core.package_identification:_identify(src/motoman_ros2_support_packages/motoman_sia10d_support) by extension 'ros'
[0.349s] DEBUG:colcon.colcon_core.package_identification:Package 'src/motoman_ros2_support_packages/motoman_sia10d_support' with type 'ros.ament_cmake' and name 'motoman_sia10d_support'
[0.349s] Level 1:colcon.colcon_core.package_identification:_identify(src/motoman_ros2_support_packages/motoman_sia10f_support) by extensions ['ignore', 'ignore_ament_install']
[0.349s] Level 1:colcon.colcon_core.package_identification:_identify(src/motoman_ros2_support_packages/motoman_sia10f_support) by extension 'ignore'
[0.349s] Level 1:colcon.colcon_core.package_identification:_identify(src/motoman_ros2_support_packages/motoman_sia10f_support) by extension 'ignore_ament_install'
[0.349s] Level 1:colcon.colcon_core.package_identification:_identify(src/motoman_ros2_support_packages/motoman_sia10f_support) by extensions ['colcon_pkg']
[0.349s] Level 1:colcon.colcon_core.package_identification:_identify(src/motoman_ros2_support_packages/motoman_sia10f_support) by extension 'colcon_pkg'
[0.349s] Level 1:colcon.colcon_core.package_identification:_identify(src/motoman_ros2_support_packages/motoman_sia10f_support) by extensions ['colcon_meta']
[0.349s] Level 1:colcon.colcon_core.package_identification:_identify(src/motoman_ros2_support_packages/motoman_sia10f_support) by extension 'colcon_meta'
[0.349s] Level 1:colcon.colcon_core.package_identification:_identify(src/motoman_ros2_support_packages/motoman_sia10f_support) by extensions ['ros']
[0.349s] Level 1:colcon.colcon_core.package_identification:_identify(src/motoman_ros2_support_packages/motoman_sia10f_support) by extension 'ros'
[0.350s] DEBUG:colcon.colcon_core.package_identification:Package 'src/motoman_ros2_support_packages/motoman_sia10f_support' with type 'ros.ament_cmake' and name 'motoman_sia10f_support'
[0.350s] Level 1:colcon.colcon_core.package_identification:_identify(src/motoman_ros2_support_packages/motoman_sia20d_support) by extensions ['ignore', 'ignore_ament_install']
[0.350s] Level 1:colcon.colcon_core.package_identification:_identify(src/motoman_ros2_support_packages/motoman_sia20d_support) by extension 'ignore'
[0.350s] Level 1:colcon.colcon_core.package_identification:_identify(src/motoman_ros2_support_packages/motoman_sia20d_support) by extension 'ignore_ament_install'
[0.350s] Level 1:colcon.colcon_core.package_identification:_identify(src/motoman_ros2_support_packages/motoman_sia20d_support) by extensions ['colcon_pkg']
[0.350s] Level 1:colcon.colcon_core.package_identification:_identify(src/motoman_ros2_support_packages/motoman_sia20d_support) by extension 'colcon_pkg'
[0.350s] Level 1:colcon.colcon_core.package_identification:_identify(src/motoman_ros2_support_packages/motoman_sia20d_support) by extensions ['colcon_meta']
[0.350s] Level 1:colcon.colcon_core.package_identification:_identify(src/motoman_ros2_support_packages/motoman_sia20d_support) by extension 'colcon_meta'
[0.350s] Level 1:colcon.colcon_core.package_identification:_identify(src/motoman_ros2_support_packages/motoman_sia20d_support) by extensions ['ros']
[0.350s] Level 1:colcon.colcon_core.package_identification:_identify(src/motoman_ros2_support_packages/motoman_sia20d_support) by extension 'ros'
[0.351s] DEBUG:colcon.colcon_core.package_identification:Package 'src/motoman_ros2_support_packages/motoman_sia20d_support' with type 'ros.ament_cmake' and name 'motoman_sia20d_support'
[0.351s] Level 1:colcon.colcon_core.package_identification:_identify(src/motoman_ros2_support_packages/motoman_sia30d_support) by extensions ['ignore', 'ignore_ament_install']
[0.351s] Level 1:colcon.colcon_core.package_identification:_identify(src/motoman_ros2_support_packages/motoman_sia30d_support) by extension 'ignore'
[0.351s] Level 1:colcon.colcon_core.package_identification:_identify(src/motoman_ros2_support_packages/motoman_sia30d_support) by extension 'ignore_ament_install'
[0.351s] Level 1:colcon.colcon_core.package_identification:_identify(src/motoman_ros2_support_packages/motoman_sia30d_support) by extensions ['colcon_pkg']
[0.351s] Level 1:colcon.colcon_core.package_identification:_identify(src/motoman_ros2_support_packages/motoman_sia30d_support) by extension 'colcon_pkg'
[0.351s] Level 1:colcon.colcon_core.package_identification:_identify(src/motoman_ros2_support_packages/motoman_sia30d_support) by extensions ['colcon_meta']
[0.351s] Level 1:colcon.colcon_core.package_identification:_identify(src/motoman_ros2_support_packages/motoman_sia30d_support) by extension 'colcon_meta'
[0.351s] Level 1:colcon.colcon_core.package_identification:_identify(src/motoman_ros2_support_packages/motoman_sia30d_support) by extensions ['ros']
[0.351s] Level 1:colcon.colcon_core.package_identification:_identify(src/motoman_ros2_support_packages/motoman_sia30d_support) by extension 'ros'
[0.351s] DEBUG:colcon.colcon_core.package_identification:Package 'src/motoman_ros2_support_packages/motoman_sia30d_support' with type 'ros.ament_cmake' and name 'motoman_sia30d_support'
[0.351s] Level 1:colcon.colcon_core.package_identification:_identify(src/motoman_ros2_support_packages/motoman_sia50_support) by extensions ['ignore', 'ignore_ament_install']
[0.351s] Level 1:colcon.colcon_core.package_identification:_identify(src/motoman_ros2_support_packages/motoman_sia50_support) by extension 'ignore'
[0.351s] Level 1:colcon.colcon_core.package_identification:_identify(src/motoman_ros2_support_packages/motoman_sia50_support) by extension 'ignore_ament_install'
[0.352s] Level 1:colcon.colcon_core.package_identification:_identify(src/motoman_ros2_support_packages/motoman_sia50_support) by extensions ['colcon_pkg']
[0.352s] Level 1:colcon.colcon_core.package_identification:_identify(src/motoman_ros2_support_packages/motoman_sia50_support) by extension 'colcon_pkg'
[0.352s] Level 1:colcon.colcon_core.package_identification:_identify(src/motoman_ros2_support_packages/motoman_sia50_support) by extensions ['colcon_meta']
[0.352s] Level 1:colcon.colcon_core.package_identification:_identify(src/motoman_ros2_support_packages/motoman_sia50_support) by extension 'colcon_meta'
[0.352s] Level 1:colcon.colcon_core.package_identification:_identify(src/motoman_ros2_support_packages/motoman_sia50_support) by extensions ['ros']
[0.352s] Level 1:colcon.colcon_core.package_identification:_identify(src/motoman_ros2_support_packages/motoman_sia50_support) by extension 'ros'
[0.352s] DEBUG:colcon.colcon_core.package_identification:Package 'src/motoman_ros2_support_packages/motoman_sia50_support' with type 'ros.ament_cmake' and name 'motoman_sia50_support'
[0.352s] Level 1:colcon.colcon_core.package_identification:_identify(src/motoman_ros2_support_packages/motoman_sia5d_support) by extensions ['ignore', 'ignore_ament_install']
[0.352s] Level 1:colcon.colcon_core.package_identification:_identify(src/motoman_ros2_support_packages/motoman_sia5d_support) by extension 'ignore'
[0.352s] Level 1:colcon.colcon_core.package_identification:_identify(src/motoman_ros2_support_packages/motoman_sia5d_support) by extension 'ignore_ament_install'
[0.352s] Level 1:colcon.colcon_core.package_identification:_identify(src/motoman_ros2_support_packages/motoman_sia5d_support) by extensions ['colcon_pkg']
[0.352s] Level 1:colcon.colcon_core.package_identification:_identify(src/motoman_ros2_support_packages/motoman_sia5d_support) by extension 'colcon_pkg'
[0.352s] Level 1:colcon.colcon_core.package_identification:_identify(src/motoman_ros2_support_packages/motoman_sia5d_support) by extensions ['colcon_meta']
[0.352s] Level 1:colcon.colcon_core.package_identification:_identify(src/motoman_ros2_support_packages/motoman_sia5d_support) by extension 'colcon_meta'
[0.352s] Level 1:colcon.colcon_core.package_identification:_identify(src/motoman_ros2_support_packages/motoman_sia5d_support) by extensions ['ros']
[0.352s] Level 1:colcon.colcon_core.package_identification:_identify(src/motoman_ros2_support_packages/motoman_sia5d_support) by extension 'ros'
[0.353s] DEBUG:colcon.colcon_core.package_identification:Package 'src/motoman_ros2_support_packages/motoman_sia5d_support' with type 'ros.ament_cmake' and name 'motoman_sia5d_support'
[0.353s] Level 1:colcon.colcon_core.package_identification:_identify(src/motoman_ros2_support_packages/motoman_up50n_support) by extensions ['ignore', 'ignore_ament_install']
[0.353s] Level 1:colcon.colcon_core.package_identification:_identify(src/motoman_ros2_support_packages/motoman_up50n_support) by extension 'ignore'
[0.353s] Level 1:colcon.colcon_core.package_identification:_identify(src/motoman_ros2_support_packages/motoman_up50n_support) by extension 'ignore_ament_install'
[0.353s] Level 1:colcon.colcon_core.package_identification:_identify(src/motoman_ros2_support_packages/motoman_up50n_support) by extensions ['colcon_pkg']
[0.353s] Level 1:colcon.colcon_core.package_identification:_identify(src/motoman_ros2_support_packages/motoman_up50n_support) by extension 'colcon_pkg'
[0.353s] Level 1:colcon.colcon_core.package_identification:_identify(src/motoman_ros2_support_packages/motoman_up50n_support) by extensions ['colcon_meta']
[0.353s] Level 1:colcon.colcon_core.package_identification:_identify(src/motoman_ros2_support_packages/motoman_up50n_support) by extension 'colcon_meta'
[0.353s] Level 1:colcon.colcon_core.package_identification:_identify(src/motoman_ros2_support_packages/motoman_up50n_support) by extensions ['ros']
[0.353s] Level 1:colcon.colcon_core.package_identification:_identify(src/motoman_ros2_support_packages/motoman_up50n_support) by extension 'ros'
[0.354s] DEBUG:colcon.colcon_core.package_identification:Package 'src/motoman_ros2_support_packages/motoman_up50n_support' with type 'ros.ament_cmake' and name 'motoman_up50n_support'
[0.354s] Level 1:colcon.colcon_core.package_identification:_identify(src/motoros2_interfaces) by extensions ['ignore', 'ignore_ament_install']
[0.354s] Level 1:colcon.colcon_core.package_identification:_identify(src/motoros2_interfaces) by extension 'ignore'
[0.354s] Level 1:colcon.colcon_core.package_identification:_identify(src/motoros2_interfaces) by extension 'ignore_ament_install'
[0.354s] Level 1:colcon.colcon_core.package_identification:_identify(src/motoros2_interfaces) by extensions ['colcon_pkg']
[0.354s] Level 1:colcon.colcon_core.package_identification:_identify(src/motoros2_interfaces) by extension 'colcon_pkg'
[0.354s] Level 1:colcon.colcon_core.package_identification:_identify(src/motoros2_interfaces) by extensions ['colcon_meta']
[0.354s] Level 1:colcon.colcon_core.package_identification:_identify(src/motoros2_interfaces) by extension 'colcon_meta'
[0.354s] Level 1:colcon.colcon_core.package_identification:_identify(src/motoros2_interfaces) by extensions ['ros']
[0.354s] Level 1:colcon.colcon_core.package_identification:_identify(src/motoros2_interfaces) by extension 'ros'
[0.355s] DEBUG:colcon.colcon_core.package_identification:Package 'src/motoros2_interfaces' with type 'ros.ament_cmake' and name 'motoros2_interfaces'
[0.355s] Level 1:colcon.colcon_core.package_identification:_identify(src/predictor_ui) by extensions ['ignore', 'ignore_ament_install']
[0.355s] Level 1:colcon.colcon_core.package_identification:_identify(src/predictor_ui) by extension 'ignore'
[0.355s] Level 1:colcon.colcon_core.package_identification:_identify(src/predictor_ui) by extension 'ignore_ament_install'
[0.355s] Level 1:colcon.colcon_core.package_identification:_identify(src/predictor_ui) by extensions ['colcon_pkg']
[0.355s] Level 1:colcon.colcon_core.package_identification:_identify(src/predictor_ui) by extension 'colcon_pkg'
[0.355s] Level 1:colcon.colcon_core.package_identification:_identify(src/predictor_ui) by extensions ['colcon_meta']
[0.355s] Level 1:colcon.colcon_core.package_identification:_identify(src/predictor_ui) by extension 'colcon_meta'
[0.355s] Level 1:colcon.colcon_core.package_identification:_identify(src/predictor_ui) by extensions ['ros']
[0.355s] Level 1:colcon.colcon_core.package_identification:_identify(src/predictor_ui) by extension 'ros'
[0.355s] DEBUG:colcon.colcon_core.package_identification:Package 'src/predictor_ui' with type 'ros.ament_python' and name 'predictor_ui'
[0.356s] Level 1:colcon.colcon_core.package_identification:_identify(src/realsense_tracker) by extensions ['ignore', 'ignore_ament_install']
[0.356s] Level 1:colcon.colcon_core.package_identification:_identify(src/realsense_tracker) by extension 'ignore'
[0.356s] Level 1:colcon.colcon_core.package_identification:_identify(src/realsense_tracker) by extension 'ignore_ament_install'
[0.356s] Level 1:colcon.colcon_core.package_identification:_identify(src/realsense_tracker) by extensions ['colcon_pkg']
[0.356s] Level 1:colcon.colcon_core.package_identification:_identify(src/realsense_tracker) by extension 'colcon_pkg'
[0.356s] Level 1:colcon.colcon_core.package_identification:_identify(src/realsense_tracker) by extensions ['colcon_meta']
[0.356s] Level 1:colcon.colcon_core.package_identification:_identify(src/realsense_tracker) by extension 'colcon_meta'
[0.356s] Level 1:colcon.colcon_core.package_identification:_identify(src/realsense_tracker) by extensions ['ros']
[0.356s] Level 1:colcon.colcon_core.package_identification:_identify(src/realsense_tracker) by extension 'ros'
[0.356s] DEBUG:colcon.colcon_core.package_identification:Package 'src/realsense_tracker' with type 'ros.ament_python' and name 'realsense_tracker'
[0.357s] Level 1:colcon.colcon_core.package_identification:_identify(src/trajectory_predictor) by extensions ['ignore', 'ignore_ament_install']
[0.357s] Level 1:colcon.colcon_core.package_identification:_identify(src/trajectory_predictor) by extension 'ignore'
[0.357s] Level 1:colcon.colcon_core.package_identification:_identify(src/trajectory_predictor) by extension 'ignore_ament_install'
[0.357s] Level 1:colcon.colcon_core.package_identification:_identify(src/trajectory_predictor) by extensions ['colcon_pkg']
[0.357s] Level 1:colcon.colcon_core.package_identification:_identify(src/trajectory_predictor) by extension 'colcon_pkg'
[0.357s] Level 1:colcon.colcon_core.package_identification:_identify(src/trajectory_predictor) by extensions ['colcon_meta']
[0.357s] Level 1:colcon.colcon_core.package_identification:_identify(src/trajectory_predictor) by extension 'colcon_meta'
[0.357s] Level 1:colcon.colcon_core.package_identification:_identify(src/trajectory_predictor) by extensions ['ros']
[0.357s] Level 1:colcon.colcon_core.package_identification:_identify(src/trajectory_predictor) by extension 'ros'
[0.357s] DEBUG:colcon.colcon_core.package_identification:Package 'src/trajectory_predictor' with type 'ros.ament_python' and name 'trajectory_predictor'
[0.357s] Level 1:colcon.colcon_core.package_discovery:discover_packages(recursive) using defaults
[0.357s] Level 1:colcon.colcon_core.package_discovery:discover_packages(ignore) discover
[0.357s] Level 1:colcon.colcon_core.package_discovery:discover_packages(ignore) using defaults
[0.357s] Level 1:colcon.colcon_core.package_discovery:discover_packages(path) discover
[0.357s] Level 1:colcon.colcon_core.package_discovery:discover_packages(path) using defaults
[0.384s] Level 5:colcon.colcon_core.verb:set package 'human_hand_msgs' build argument 'cmake_args' from command line to 'None'
[0.384s] Level 5:colcon.colcon_core.verb:set package 'human_hand_msgs' build argument 'cmake_target' from command line to 'None'
[0.384s] Level 5:colcon.colcon_core.verb:set package 'human_hand_msgs' build argument 'cmake_target_skip_unavailable' from command line to 'False'
[0.384s] Level 5:colcon.colcon_core.verb:set package 'human_hand_msgs' build argument 'cmake_clean_cache' from command line to 'False'
[0.384s] Level 5:colcon.colcon_core.verb:set package 'human_hand_msgs' build argument 'cmake_clean_first' from command line to 'False'
[0.384s] Level 5:colcon.colcon_core.verb:set package 'human_hand_msgs' build argument 'cmake_force_configure' from command line to 'False'
[0.384s] Level 5:colcon.colcon_core.verb:set package 'human_hand_msgs' build argument 'ament_cmake_args' from command line to 'None'
[0.384s] Level 5:colcon.colcon_core.verb:set package 'human_hand_msgs' build argument 'catkin_cmake_args' from command line to 'None'
[0.384s] Level 5:colcon.colcon_core.verb:set package 'human_hand_msgs' build argument 'catkin_skip_building_tests' from command line to 'False'
[0.384s] DEBUG:colcon.colcon_core.verb:Building package 'human_hand_msgs' with the following arguments: {'ament_cmake_args': None, 'build_base': '/home/hungnb/cocarry_ws/build/human_hand_msgs', 'catkin_cmake_args': None, 'catkin_skip_building_tests': False, 'cmake_args': None, 'cmake_clean_cache': False, 'cmake_clean_first': False, 'cmake_force_configure': False, 'cmake_target': None, 'cmake_target_skip_unavailable': False, 'install_base': '/home/hungnb/cocarry_ws/install/human_hand_msgs', 'merge_install': False, 'path': '/home/hungnb/cocarry_ws/src/human_hand_msgs', 'symlink_install': False, 'test_result_base': None}
[0.385s] Level 5:colcon.colcon_core.verb:set package 'kinect2_registration' build argument 'cmake_args' from command line to 'None'
[0.385s] Level 5:colcon.colcon_core.verb:set package 'kinect2_registration' build argument 'cmake_target' from command line to 'None'
[0.385s] Level 5:colcon.colcon_core.verb:set package 'kinect2_registration' build argument 'cmake_target_skip_unavailable' from command line to 'False'
[0.385s] Level 5:colcon.colcon_core.verb:set package 'kinect2_registration' build argument 'cmake_clean_cache' from command line to 'False'
[0.385s] Level 5:colcon.colcon_core.verb:set package 'kinect2_registration' build argument 'cmake_clean_first' from command line to 'False'
[0.385s] Level 5:colcon.colcon_core.verb:set package 'kinect2_registration' build argument 'cmake_force_configure' from command line to 'False'
[0.385s] Level 5:colcon.colcon_core.verb:set package 'kinect2_registration' build argument 'ament_cmake_args' from command line to 'None'
[0.385s] Level 5:colcon.colcon_core.verb:set package 'kinect2_registration' build argument 'catkin_cmake_args' from command line to 'None'
[0.385s] Level 5:colcon.colcon_core.verb:set package 'kinect2_registration' build argument 'catkin_skip_building_tests' from command line to 'False'
[0.385s] DEBUG:colcon.colcon_core.verb:Building package 'kinect2_registration' with the following arguments: {'ament_cmake_args': None, 'build_base': '/home/hungnb/cocarry_ws/build/kinect2_registration', 'catkin_cmake_args': None, 'catkin_skip_building_tests': False, 'cmake_args': None, 'cmake_clean_cache': False, 'cmake_clean_first': False, 'cmake_force_configure': False, 'cmake_target': None, 'cmake_target_skip_unavailable': False, 'install_base': '/home/hungnb/cocarry_ws/install/kinect2_registration', 'merge_install': False, 'path': '/home/hungnb/cocarry_ws/src/kinect2_ros2/kinect2_registration', 'symlink_install': False, 'test_result_base': None}
[0.385s] Level 5:colcon.colcon_core.verb:set package 'motoman_resources' build argument 'cmake_args' from command line to 'None'
[0.385s] Level 5:colcon.colcon_core.verb:set package 'motoman_resources' build argument 'cmake_target' from command line to 'None'
[0.385s] Level 5:colcon.colcon_core.verb:set package 'motoman_resources' build argument 'cmake_target_skip_unavailable' from command line to 'False'
[0.385s] Level 5:colcon.colcon_core.verb:set package 'motoman_resources' build argument 'cmake_clean_cache' from command line to 'False'
[0.385s] Level 5:colcon.colcon_core.verb:set package 'motoman_resources' build argument 'cmake_clean_first' from command line to 'False'
[0.385s] Level 5:colcon.colcon_core.verb:set package 'motoman_resources' build argument 'cmake_force_configure' from command line to 'False'
[0.385s] Level 5:colcon.colcon_core.verb:set package 'motoman_resources' build argument 'ament_cmake_args' from command line to 'None'
[0.385s] Level 5:colcon.colcon_core.verb:set package 'motoman_resources' build argument 'catkin_cmake_args' from command line to 'None'
[0.385s] Level 5:colcon.colcon_core.verb:set package 'motoman_resources' build argument 'catkin_skip_building_tests' from command line to 'False'
[0.385s] DEBUG:colcon.colcon_core.verb:Building package 'motoman_resources' with the following arguments: {'ament_cmake_args': None, 'build_base': '/home/hungnb/cocarry_ws/build/motoman_resources', 'catkin_cmake_args': None, 'catkin_skip_building_tests': False, 'cmake_args': None, 'cmake_clean_cache': False, 'cmake_clean_first': False, 'cmake_force_configure': False, 'cmake_target': None, 'cmake_target_skip_unavailable': False, 'install_base': '/home/hungnb/cocarry_ws/install/motoman_resources', 'merge_install': False, 'path': '/home/hungnb/cocarry_ws/src/motoman_ros2_support_packages/motoman_resources', 'symlink_install': False, 'test_result_base': None}
[0.385s] Level 5:colcon.colcon_core.verb:set package 'motoros2_interfaces' build argument 'cmake_args' from command line to 'None'
[0.385s] Level 5:colcon.colcon_core.verb:set package 'motoros2_interfaces' build argument 'cmake_target' from command line to 'None'
[0.385s] Level 5:colcon.colcon_core.verb:set package 'motoros2_interfaces' build argument 'cmake_target_skip_unavailable' from command line to 'False'
[0.385s] Level 5:colcon.colcon_core.verb:set package 'motoros2_interfaces' build argument 'cmake_clean_cache' from command line to 'False'
[0.385s] Level 5:colcon.colcon_core.verb:set package 'motoros2_interfaces' build argument 'cmake_clean_first' from command line to 'False'
[0.385s] Level 5:colcon.colcon_core.verb:set package 'motoros2_interfaces' build argument 'cmake_force_configure' from command line to 'False'
[0.385s] Level 5:colcon.colcon_core.verb:set package 'motoros2_interfaces' build argument 'ament_cmake_args' from command line to 'None'
[0.385s] Level 5:colcon.colcon_core.verb:set package 'motoros2_interfaces' build argument 'catkin_cmake_args' from command line to 'None'
[0.385s] Level 5:colcon.colcon_core.verb:set package 'motoros2_interfaces' build argument 'catkin_skip_building_tests' from command line to 'False'
[0.385s] DEBUG:colcon.colcon_core.verb:Building package 'motoros2_interfaces' with the following arguments: {'ament_cmake_args': None, 'build_base': '/home/hungnb/cocarry_ws/build/motoros2_interfaces', 'catkin_cmake_args': None, 'catkin_skip_building_tests': False, 'cmake_args': None, 'cmake_clean_cache': False, 'cmake_clean_first': False, 'cmake_force_configure': False, 'cmake_target': None, 'cmake_target_skip_unavailable': False, 'install_base': '/home/hungnb/cocarry_ws/install/motoros2_interfaces', 'merge_install': False, 'path': '/home/hungnb/cocarry_ws/src/motoros2_interfaces', 'symlink_install': False, 'test_result_base': None}
[0.385s] Level 5:colcon.colcon_core.verb:set package 'coord_transform' build argument 'cmake_args' from command line to 'None'
[0.385s] Level 5:colcon.colcon_core.verb:set package 'coord_transform' build argument 'cmake_target' from command line to 'None'
[0.385s] Level 5:colcon.colcon_core.verb:set package 'coord_transform' build argument 'cmake_target_skip_unavailable' from command line to 'False'
[0.385s] Level 5:colcon.colcon_core.verb:set package 'coord_transform' build argument 'cmake_clean_cache' from command line to 'False'
[0.385s] Level 5:colcon.colcon_core.verb:set package 'coord_transform' build argument 'cmake_clean_first' from command line to 'False'
[0.385s] Level 5:colcon.colcon_core.verb:set package 'coord_transform' build argument 'cmake_force_configure' from command line to 'False'
[0.385s] Level 5:colcon.colcon_core.verb:set package 'coord_transform' build argument 'ament_cmake_args' from command line to 'None'
[0.385s] Level 5:colcon.colcon_core.verb:set package 'coord_transform' build argument 'catkin_cmake_args' from command line to 'None'
[0.385s] Level 5:colcon.colcon_core.verb:set package 'coord_transform' build argument 'catkin_skip_building_tests' from command line to 'False'
[0.385s] DEBUG:colcon.colcon_core.verb:Building package 'coord_transform' with the following arguments: {'ament_cmake_args': None, 'build_base': '/home/hungnb/cocarry_ws/build/coord_transform', 'catkin_cmake_args': None, 'catkin_skip_building_tests': False, 'cmake_args': None, 'cmake_clean_cache': False, 'cmake_clean_first': False, 'cmake_force_configure': False, 'cmake_target': None, 'cmake_target_skip_unavailable': False, 'install_base': '/home/hungnb/cocarry_ws/install/coord_transform', 'merge_install': False, 'path': '/home/hungnb/cocarry_ws/src/coord_transform', 'symlink_install': False, 'test_result_base': None}
[0.386s] Level 5:colcon.colcon_core.verb:set package 'experiment_logger' build argument 'cmake_args' from command line to 'None'
[0.386s] Level 5:colcon.colcon_core.verb:set package 'experiment_logger' build argument 'cmake_target' from command line to 'None'
[0.386s] Level 5:colcon.colcon_core.verb:set package 'experiment_logger' build argument 'cmake_target_skip_unavailable' from command line to 'False'
[0.386s] Level 5:colcon.colcon_core.verb:set package 'experiment_logger' build argument 'cmake_clean_cache' from command line to 'False'
[0.386s] Level 5:colcon.colcon_core.verb:set package 'experiment_logger' build argument 'cmake_clean_first' from command line to 'False'
[0.386s] Level 5:colcon.colcon_core.verb:set package 'experiment_logger' build argument 'cmake_force_configure' from command line to 'False'
[0.386s] Level 5:colcon.colcon_core.verb:set package 'experiment_logger' build argument 'ament_cmake_args' from command line to 'None'
[0.386s] Level 5:colcon.colcon_core.verb:set package 'experiment_logger' build argument 'catkin_cmake_args' from command line to 'None'
[0.386s] Level 5:colcon.colcon_core.verb:set package 'experiment_logger' build argument 'catkin_skip_building_tests' from command line to 'False'
[0.386s] DEBUG:colcon.colcon_core.verb:Building package 'experiment_logger' with the following arguments: {'ament_cmake_args': None, 'build_base': '/home/hungnb/cocarry_ws/build/experiment_logger', 'catkin_cmake_args': None, 'catkin_skip_building_tests': False, 'cmake_args': None, 'cmake_clean_cache': False, 'cmake_clean_first': False, 'cmake_force_configure': False, 'cmake_target': None, 'cmake_target_skip_unavailable': False, 'install_base': '/home/hungnb/cocarry_ws/install/experiment_logger', 'merge_install': False, 'path': '/home/hungnb/cocarry_ws/src/experiment_logger', 'symlink_install': False, 'test_result_base': None}
[0.386s] Level 5:colcon.colcon_core.verb:set package 'kinect2_bridge' build argument 'cmake_args' from command line to 'None'
[0.386s] Level 5:colcon.colcon_core.verb:set package 'kinect2_bridge' build argument 'cmake_target' from command line to 'None'
[0.386s] Level 5:colcon.colcon_core.verb:set package 'kinect2_bridge' build argument 'cmake_target_skip_unavailable' from command line to 'False'
[0.386s] Level 5:colcon.colcon_core.verb:set package 'kinect2_bridge' build argument 'cmake_clean_cache' from command line to 'False'
[0.386s] Level 5:colcon.colcon_core.verb:set package 'kinect2_bridge' build argument 'cmake_clean_first' from command line to 'False'
[0.386s] Level 5:colcon.colcon_core.verb:set package 'kinect2_bridge' build argument 'cmake_force_configure' from command line to 'False'
[0.386s] Level 5:colcon.colcon_core.verb:set package 'kinect2_bridge' build argument 'ament_cmake_args' from command line to 'None'
[0.386s] Level 5:colcon.colcon_core.verb:set package 'kinect2_bridge' build argument 'catkin_cmake_args' from command line to 'None'
[0.386s] Level 5:colcon.colcon_core.verb:set package 'kinect2_bridge' build argument 'catkin_skip_building_tests' from command line to 'False'
[0.386s] DEBUG:colcon.colcon_core.verb:Building package 'kinect2_bridge' with the following arguments: {'ament_cmake_args': None, 'build_base': '/home/hungnb/cocarry_ws/build/kinect2_bridge', 'catkin_cmake_args': None, 'catkin_skip_building_tests': False, 'cmake_args': None, 'cmake_clean_cache': False, 'cmake_clean_first': False, 'cmake_force_configure': False, 'cmake_target': None, 'cmake_target_skip_unavailable': False, 'install_base': '/home/hungnb/cocarry_ws/install/kinect2_bridge', 'merge_install': False, 'path': '/home/hungnb/cocarry_ws/src/kinect2_ros2/kinect2_bridge', 'symlink_install': False, 'test_result_base': None}
[0.386s] Level 5:colcon.colcon_core.verb:set package 'kinect_tracker' build argument 'cmake_args' from command line to 'None'
[0.386s] Level 5:colcon.colcon_core.verb:set package 'kinect_tracker' build argument 'cmake_target' from command line to 'None'
[0.386s] Level 5:colcon.colcon_core.verb:set package 'kinect_tracker' build argument 'cmake_target_skip_unavailable' from command line to 'False'
[0.386s] Level 5:colcon.colcon_core.verb:set package 'kinect_tracker' build argument 'cmake_clean_cache' from command line to 'False'
[0.386s] Level 5:colcon.colcon_core.verb:set package 'kinect_tracker' build argument 'cmake_clean_first' from command line to 'False'
[0.386s] Level 5:colcon.colcon_core.verb:set package 'kinect_tracker' build argument 'cmake_force_configure' from command line to 'False'
[0.386s] Level 5:colcon.colcon_core.verb:set package 'kinect_tracker' build argument 'ament_cmake_args' from command line to 'None'
[0.386s] Level 5:colcon.colcon_core.verb:set package 'kinect_tracker' build argument 'catkin_cmake_args' from command line to 'None'
[0.386s] Level 5:colcon.colcon_core.verb:set package 'kinect_tracker' build argument 'catkin_skip_building_tests' from command line to 'False'
[0.386s] DEBUG:colcon.colcon_core.verb:Building package 'kinect_tracker' with the following arguments: {'ament_cmake_args': None, 'build_base': '/home/hungnb/cocarry_ws/build/kinect_tracker', 'catkin_cmake_args': None, 'catkin_skip_building_tests': False, 'cmake_args': None, 'cmake_clean_cache': False, 'cmake_clean_first': False, 'cmake_force_configure': False, 'cmake_target': None, 'cmake_target_skip_unavailable': False, 'install_base': '/home/hungnb/cocarry_ws/install/kinect_tracker', 'merge_install': False, 'path': '/home/hungnb/cocarry_ws/src/kinect_tracker', 'symlink_install': False, 'test_result_base': None}
[0.386s] Level 5:colcon.colcon_core.verb:set package 'motoman_ar2010_support' build argument 'cmake_args' from command line to 'None'
[0.386s] Level 5:colcon.colcon_core.verb:set package 'motoman_ar2010_support' build argument 'cmake_target' from command line to 'None'
[0.386s] Level 5:colcon.colcon_core.verb:set package 'motoman_ar2010_support' build argument 'cmake_target_skip_unavailable' from command line to 'False'
[0.386s] Level 5:colcon.colcon_core.verb:set package 'motoman_ar2010_support' build argument 'cmake_clean_cache' from command line to 'False'
[0.386s] Level 5:colcon.colcon_core.verb:set package 'motoman_ar2010_support' build argument 'cmake_clean_first' from command line to 'False'
[0.386s] Level 5:colcon.colcon_core.verb:set package 'motoman_ar2010_support' build argument 'cmake_force_configure' from command line to 'False'
[0.386s] Level 5:colcon.colcon_core.verb:set package 'motoman_ar2010_support' build argument 'ament_cmake_args' from command line to 'None'
[0.386s] Level 5:colcon.colcon_core.verb:set package 'motoman_ar2010_support' build argument 'catkin_cmake_args' from command line to 'None'
[0.386s] Level 5:colcon.colcon_core.verb:set package 'motoman_ar2010_support' build argument 'catkin_skip_building_tests' from command line to 'False'
[0.386s] DEBUG:colcon.colcon_core.verb:Building package 'motoman_ar2010_support' with the following arguments: {'ament_cmake_args': None, 'build_base': '/home/hungnb/cocarry_ws/build/motoman_ar2010_support', 'catkin_cmake_args': None, 'catkin_skip_building_tests': False, 'cmake_args': None, 'cmake_clean_cache': False, 'cmake_clean_first': False, 'cmake_force_configure': False, 'cmake_target': None, 'cmake_target_skip_unavailable': False, 'install_base': '/home/hungnb/cocarry_ws/install/motoman_ar2010_support', 'merge_install': False, 'path': '/home/hungnb/cocarry_ws/src/motoman_ros2_support_packages/motoman_ar2010_support', 'symlink_install': False, 'test_result_base': None}
[0.387s] Level 5:colcon.colcon_core.verb:set package 'motoman_es_support' build argument 'cmake_args' from command line to 'None'
[0.387s] Level 5:colcon.colcon_core.verb:set package 'motoman_es_support' build argument 'cmake_target' from command line to 'None'
[0.387s] Level 5:colcon.colcon_core.verb:set package 'motoman_es_support' build argument 'cmake_target_skip_unavailable' from command line to 'False'
[0.387s] Level 5:colcon.colcon_core.verb:set package 'motoman_es_support' build argument 'cmake_clean_cache' from command line to 'False'
[0.387s] Level 5:colcon.colcon_core.verb:set package 'motoman_es_support' build argument 'cmake_clean_first' from command line to 'False'
[0.387s] Level 5:colcon.colcon_core.verb:set package 'motoman_es_support' build argument 'cmake_force_configure' from command line to 'False'
[0.387s] Level 5:colcon.colcon_core.verb:set package 'motoman_es_support' build argument 'ament_cmake_args' from command line to 'None'
[0.387s] Level 5:colcon.colcon_core.verb:set package 'motoman_es_support' build argument 'catkin_cmake_args' from command line to 'None'
[0.387s] Level 5:colcon.colcon_core.verb:set package 'motoman_es_support' build argument 'catkin_skip_building_tests' from command line to 'False'
[0.387s] DEBUG:colcon.colcon_core.verb:Building package 'motoman_es_support' with the following arguments: {'ament_cmake_args': None, 'build_base': '/home/hungnb/cocarry_ws/build/motoman_es_support', 'catkin_cmake_args': None, 'catkin_skip_building_tests': False, 'cmake_args': None, 'cmake_clean_cache': False, 'cmake_clean_first': False, 'cmake_force_configure': False, 'cmake_target': None, 'cmake_target_skip_unavailable': False, 'install_base': '/home/hungnb/cocarry_ws/install/motoman_es_support', 'merge_install': False, 'path': '/home/hungnb/cocarry_ws/src/motoman_ros2_support_packages/motoman_es_support', 'symlink_install': False, 'test_result_base': None}
[0.387s] Level 5:colcon.colcon_core.verb:set package 'motoman_gp110_support' build argument 'cmake_args' from command line to 'None'
[0.387s] Level 5:colcon.colcon_core.verb:set package 'motoman_gp110_support' build argument 'cmake_target' from command line to 'None'
[0.387s] Level 5:colcon.colcon_core.verb:set package 'motoman_gp110_support' build argument 'cmake_target_skip_unavailable' from command line to 'False'
[0.387s] Level 5:colcon.colcon_core.verb:set package 'motoman_gp110_support' build argument 'cmake_clean_cache' from command line to 'False'
[0.387s] Level 5:colcon.colcon_core.verb:set package 'motoman_gp110_support' build argument 'cmake_clean_first' from command line to 'False'
[0.387s] Level 5:colcon.colcon_core.verb:set package 'motoman_gp110_support' build argument 'cmake_force_configure' from command line to 'False'
[0.387s] Level 5:colcon.colcon_core.verb:set package 'motoman_gp110_support' build argument 'ament_cmake_args' from command line to 'None'
[0.387s] Level 5:colcon.colcon_core.verb:set package 'motoman_gp110_support' build argument 'catkin_cmake_args' from command line to 'None'
[0.387s] Level 5:colcon.colcon_core.verb:set package 'motoman_gp110_support' build argument 'catkin_skip_building_tests' from command line to 'False'
[0.387s] DEBUG:colcon.colcon_core.verb:Building package 'motoman_gp110_support' with the following arguments: {'ament_cmake_args': None, 'build_base': '/home/hungnb/cocarry_ws/build/motoman_gp110_support', 'catkin_cmake_args': None, 'catkin_skip_building_tests': False, 'cmake_args': None, 'cmake_clean_cache': False, 'cmake_clean_first': False, 'cmake_force_configure': False, 'cmake_target': None, 'cmake_target_skip_unavailable': False, 'install_base': '/home/hungnb/cocarry_ws/install/motoman_gp110_support', 'merge_install': False, 'path': '/home/hungnb/cocarry_ws/src/motoman_ros2_support_packages/motoman_gp110_support', 'symlink_install': False, 'test_result_base': None}
[0.387s] Level 5:colcon.colcon_core.verb:set package 'motoman_gp12_support' build argument 'cmake_args' from command line to 'None'
[0.387s] Level 5:colcon.colcon_core.verb:set package 'motoman_gp12_support' build argument 'cmake_target' from command line to 'None'
[0.387s] Level 5:colcon.colcon_core.verb:set package 'motoman_gp12_support' build argument 'cmake_target_skip_unavailable' from command line to 'False'
[0.387s] Level 5:colcon.colcon_core.verb:set package 'motoman_gp12_support' build argument 'cmake_clean_cache' from command line to 'False'
[0.387s] Level 5:colcon.colcon_core.verb:set package 'motoman_gp12_support' build argument 'cmake_clean_first' from command line to 'False'
[0.387s] Level 5:colcon.colcon_core.verb:set package 'motoman_gp12_support' build argument 'cmake_force_configure' from command line to 'False'
[0.387s] Level 5:colcon.colcon_core.verb:set package 'motoman_gp12_support' build argument 'ament_cmake_args' from command line to 'None'
[0.387s] Level 5:colcon.colcon_core.verb:set package 'motoman_gp12_support' build argument 'catkin_cmake_args' from command line to 'None'
[0.387s] Level 5:colcon.colcon_core.verb:set package 'motoman_gp12_support' build argument 'catkin_skip_building_tests' from command line to 'False'
[0.387s] DEBUG:colcon.colcon_core.verb:Building package 'motoman_gp12_support' with the following arguments: {'ament_cmake_args': None, 'build_base': '/home/hungnb/cocarry_ws/build/motoman_gp12_support', 'catkin_cmake_args': None, 'catkin_skip_building_tests': False, 'cmake_args': None, 'cmake_clean_cache': False, 'cmake_clean_first': False, 'cmake_force_configure': False, 'cmake_target': None, 'cmake_target_skip_unavailable': False, 'install_base': '/home/hungnb/cocarry_ws/install/motoman_gp12_support', 'merge_install': False, 'path': '/home/hungnb/cocarry_ws/src/motoman_ros2_support_packages/motoman_gp12_support', 'symlink_install': False, 'test_result_base': None}
[0.387s] Level 5:colcon.colcon_core.verb:set package 'motoman_gp165r_support' build argument 'cmake_args' from command line to 'None'
[0.387s] Level 5:colcon.colcon_core.verb:set package 'motoman_gp165r_support' build argument 'cmake_target' from command line to 'None'
[0.387s] Level 5:colcon.colcon_core.verb:set package 'motoman_gp165r_support' build argument 'cmake_target_skip_unavailable' from command line to 'False'
[0.387s] Level 5:colcon.colcon_core.verb:set package 'motoman_gp165r_support' build argument 'cmake_clean_cache' from command line to 'False'
[0.387s] Level 5:colcon.colcon_core.verb:set package 'motoman_gp165r_support' build argument 'cmake_clean_first' from command line to 'False'
[0.387s] Level 5:colcon.colcon_core.verb:set package 'motoman_gp165r_support' build argument 'cmake_force_configure' from command line to 'False'
[0.387s] Level 5:colcon.colcon_core.verb:set package 'motoman_gp165r_support' build argument 'ament_cmake_args' from command line to 'None'
[0.387s] Level 5:colcon.colcon_core.verb:set package 'motoman_gp165r_support' build argument 'catkin_cmake_args' from command line to 'None'
[0.387s] Level 5:colcon.colcon_core.verb:set package 'motoman_gp165r_support' build argument 'catkin_skip_building_tests' from command line to 'False'
[0.387s] DEBUG:colcon.colcon_core.verb:Building package 'motoman_gp165r_support' with the following arguments: {'ament_cmake_args': None, 'build_base': '/home/hungnb/cocarry_ws/build/motoman_gp165r_support', 'catkin_cmake_args': None, 'catkin_skip_building_tests': False, 'cmake_args': None, 'cmake_clean_cache': False, 'cmake_clean_first': False, 'cmake_force_configure': False, 'cmake_target': None, 'cmake_target_skip_unavailable': False, 'install_base': '/home/hungnb/cocarry_ws/install/motoman_gp165r_support', 'merge_install': False, 'path': '/home/hungnb/cocarry_ws/src/motoman_ros2_support_packages/motoman_gp165r_support', 'symlink_install': False, 'test_result_base': None}
[0.388s] Level 5:colcon.colcon_core.verb:set package 'motoman_gp180_support' build argument 'cmake_args' from command line to 'None'
[0.388s] Level 5:colcon.colcon_core.verb:set package 'motoman_gp180_support' build argument 'cmake_target' from command line to 'None'
[0.388s] Level 5:colcon.colcon_core.verb:set package 'motoman_gp180_support' build argument 'cmake_target_skip_unavailable' from command line to 'False'
[0.388s] Level 5:colcon.colcon_core.verb:set package 'motoman_gp180_support' build argument 'cmake_clean_cache' from command line to 'False'
[0.388s] Level 5:colcon.colcon_core.verb:set package 'motoman_gp180_support' build argument 'cmake_clean_first' from command line to 'False'
[0.388s] Level 5:colcon.colcon_core.verb:set package 'motoman_gp180_support' build argument 'cmake_force_configure' from command line to 'False'
[0.388s] Level 5:colcon.colcon_core.verb:set package 'motoman_gp180_support' build argument 'ament_cmake_args' from command line to 'None'
[0.388s] Level 5:colcon.colcon_core.verb:set package 'motoman_gp180_support' build argument 'catkin_cmake_args' from command line to 'None'
[0.388s] Level 5:colcon.colcon_core.verb:set package 'motoman_gp180_support' build argument 'catkin_skip_building_tests' from command line to 'False'
[0.388s] DEBUG:colcon.colcon_core.verb:Building package 'motoman_gp180_support' with the following arguments: {'ament_cmake_args': None, 'build_base': '/home/hungnb/cocarry_ws/build/motoman_gp180_support', 'catkin_cmake_args': None, 'catkin_skip_building_tests': False, 'cmake_args': None, 'cmake_clean_cache': False, 'cmake_clean_first': False, 'cmake_force_configure': False, 'cmake_target': None, 'cmake_target_skip_unavailable': False, 'install_base': '/home/hungnb/cocarry_ws/install/motoman_gp180_support', 'merge_install': False, 'path': '/home/hungnb/cocarry_ws/src/motoman_ros2_support_packages/motoman_gp180_support', 'symlink_install': False, 'test_result_base': None}
[0.388s] Level 5:colcon.colcon_core.verb:set package 'motoman_gp200r_support' build argument 'cmake_args' from command line to 'None'
[0.388s] Level 5:colcon.colcon_core.verb:set package 'motoman_gp200r_support' build argument 'cmake_target' from command line to 'None'
[0.388s] Level 5:colcon.colcon_core.verb:set package 'motoman_gp200r_support' build argument 'cmake_target_skip_unavailable' from command line to 'False'
[0.388s] Level 5:colcon.colcon_core.verb:set package 'motoman_gp200r_support' build argument 'cmake_clean_cache' from command line to 'False'
[0.388s] Level 5:colcon.colcon_core.verb:set package 'motoman_gp200r_support' build argument 'cmake_clean_first' from command line to 'False'
[0.388s] Level 5:colcon.colcon_core.verb:set package 'motoman_gp200r_support' build argument 'cmake_force_configure' from command line to 'False'
[0.388s] Level 5:colcon.colcon_core.verb:set package 'motoman_gp200r_support' build argument 'ament_cmake_args' from command line to 'None'
[0.388s] Level 5:colcon.colcon_core.verb:set package 'motoman_gp200r_support' build argument 'catkin_cmake_args' from command line to 'None'
[0.388s] Level 5:colcon.colcon_core.verb:set package 'motoman_gp200r_support' build argument 'catkin_skip_building_tests' from command line to 'False'
[0.388s] DEBUG:colcon.colcon_core.verb:Building package 'motoman_gp200r_support' with the following arguments: {'ament_cmake_args': None, 'build_base': '/home/hungnb/cocarry_ws/build/motoman_gp200r_support', 'catkin_cmake_args': None, 'catkin_skip_building_tests': False, 'cmake_args': None, 'cmake_clean_cache': False, 'cmake_clean_first': False, 'cmake_force_configure': False, 'cmake_target': None, 'cmake_target_skip_unavailable': False, 'install_base': '/home/hungnb/cocarry_ws/install/motoman_gp200r_support', 'merge_install': False, 'path': '/home/hungnb/cocarry_ws/src/motoman_ros2_support_packages/motoman_gp200r_support', 'symlink_install': False, 'test_result_base': None}
[0.388s] Level 5:colcon.colcon_core.verb:set package 'motoman_gp20hl_support' build argument 'cmake_args' from command line to 'None'
[0.388s] Level 5:colcon.colcon_core.verb:set package 'motoman_gp20hl_support' build argument 'cmake_target' from command line to 'None'
[0.388s] Level 5:colcon.colcon_core.verb:set package 'motoman_gp20hl_support' build argument 'cmake_target_skip_unavailable' from command line to 'False'
[0.388s] Level 5:colcon.colcon_core.verb:set package 'motoman_gp20hl_support' build argument 'cmake_clean_cache' from command line to 'False'
[0.388s] Level 5:colcon.colcon_core.verb:set package 'motoman_gp20hl_support' build argument 'cmake_clean_first' from command line to 'False'
[0.388s] Level 5:colcon.colcon_core.verb:set package 'motoman_gp20hl_support' build argument 'cmake_force_configure' from command line to 'False'
[0.388s] Level 5:colcon.colcon_core.verb:set package 'motoman_gp20hl_support' build argument 'ament_cmake_args' from command line to 'None'
[0.388s] Level 5:colcon.colcon_core.verb:set package 'motoman_gp20hl_support' build argument 'catkin_cmake_args' from command line to 'None'
[0.388s] Level 5:colcon.colcon_core.verb:set package 'motoman_gp20hl_support' build argument 'catkin_skip_building_tests' from command line to 'False'
[0.388s] DEBUG:colcon.colcon_core.verb:Building package 'motoman_gp20hl_support' with the following arguments: {'ament_cmake_args': None, 'build_base': '/home/hungnb/cocarry_ws/build/motoman_gp20hl_support', 'catkin_cmake_args': None, 'catkin_skip_building_tests': False, 'cmake_args': None, 'cmake_clean_cache': False, 'cmake_clean_first': False, 'cmake_force_configure': False, 'cmake_target': None, 'cmake_target_skip_unavailable': False, 'install_base': '/home/hungnb/cocarry_ws/install/motoman_gp20hl_support', 'merge_install': False, 'path': '/home/hungnb/cocarry_ws/src/motoman_ros2_support_packages/motoman_gp20hl_support', 'symlink_install': False, 'test_result_base': None}
[0.388s] Level 5:colcon.colcon_core.verb:set package 'motoman_gp215_support' build argument 'cmake_args' from command line to 'None'
[0.388s] Level 5:colcon.colcon_core.verb:set package 'motoman_gp215_support' build argument 'cmake_target' from command line to 'None'
[0.388s] Level 5:colcon.colcon_core.verb:set package 'motoman_gp215_support' build argument 'cmake_target_skip_unavailable' from command line to 'False'
[0.388s] Level 5:colcon.colcon_core.verb:set package 'motoman_gp215_support' build argument 'cmake_clean_cache' from command line to 'False'
[0.388s] Level 5:colcon.colcon_core.verb:set package 'motoman_gp215_support' build argument 'cmake_clean_first' from command line to 'False'
[0.388s] Level 5:colcon.colcon_core.verb:set package 'motoman_gp215_support' build argument 'cmake_force_configure' from command line to 'False'
[0.388s] Level 5:colcon.colcon_core.verb:set package 'motoman_gp215_support' build argument 'ament_cmake_args' from command line to 'None'
[0.388s] Level 5:colcon.colcon_core.verb:set package 'motoman_gp215_support' build argument 'catkin_cmake_args' from command line to 'None'
[0.388s] Level 5:colcon.colcon_core.verb:set package 'motoman_gp215_support' build argument 'catkin_skip_building_tests' from command line to 'False'
[0.388s] DEBUG:colcon.colcon_core.verb:Building package 'motoman_gp215_support' with the following arguments: {'ament_cmake_args': None, 'build_base': '/home/hungnb/cocarry_ws/build/motoman_gp215_support', 'catkin_cmake_args': None, 'catkin_skip_building_tests': False, 'cmake_args': None, 'cmake_clean_cache': False, 'cmake_clean_first': False, 'cmake_force_configure': False, 'cmake_target': None, 'cmake_target_skip_unavailable': False, 'install_base': '/home/hungnb/cocarry_ws/install/motoman_gp215_support', 'merge_install': False, 'path': '/home/hungnb/cocarry_ws/src/motoman_ros2_support_packages/motoman_gp215_support', 'symlink_install': False, 'test_result_base': None}
[0.389s] Level 5:colcon.colcon_core.verb:set package 'motoman_gp225_support' build argument 'cmake_args' from command line to 'None'
[0.389s] Level 5:colcon.colcon_core.verb:set package 'motoman_gp225_support' build argument 'cmake_target' from command line to 'None'
[0.389s] Level 5:colcon.colcon_core.verb:set package 'motoman_gp225_support' build argument 'cmake_target_skip_unavailable' from command line to 'False'
[0.389s] Level 5:colcon.colcon_core.verb:set package 'motoman_gp225_support' build argument 'cmake_clean_cache' from command line to 'False'
[0.389s] Level 5:colcon.colcon_core.verb:set package 'motoman_gp225_support' build argument 'cmake_clean_first' from command line to 'False'
[0.389s] Level 5:colcon.colcon_core.verb:set package 'motoman_gp225_support' build argument 'cmake_force_configure' from command line to 'False'
[0.389s] Level 5:colcon.colcon_core.verb:set package 'motoman_gp225_support' build argument 'ament_cmake_args' from command line to 'None'
[0.389s] Level 5:colcon.colcon_core.verb:set package 'motoman_gp225_support' build argument 'catkin_cmake_args' from command line to 'None'
[0.389s] Level 5:colcon.colcon_core.verb:set package 'motoman_gp225_support' build argument 'catkin_skip_building_tests' from command line to 'False'
[0.389s] DEBUG:colcon.colcon_core.verb:Building package 'motoman_gp225_support' with the following arguments: {'ament_cmake_args': None, 'build_base': '/home/hungnb/cocarry_ws/build/motoman_gp225_support', 'catkin_cmake_args': None, 'catkin_skip_building_tests': False, 'cmake_args': None, 'cmake_clean_cache': False, 'cmake_clean_first': False, 'cmake_force_configure': False, 'cmake_target': None, 'cmake_target_skip_unavailable': False, 'install_base': '/home/hungnb/cocarry_ws/install/motoman_gp225_support', 'merge_install': False, 'path': '/home/hungnb/cocarry_ws/src/motoman_ros2_support_packages/motoman_gp225_support', 'symlink_install': False, 'test_result_base': None}
[0.389s] Level 5:colcon.colcon_core.verb:set package 'motoman_gp25_support' build argument 'cmake_args' from command line to 'None'
[0.389s] Level 5:colcon.colcon_core.verb:set package 'motoman_gp25_support' build argument 'cmake_target' from command line to 'None'
[0.389s] Level 5:colcon.colcon_core.verb:set package 'motoman_gp25_support' build argument 'cmake_target_skip_unavailable' from command line to 'False'
[0.389s] Level 5:colcon.colcon_core.verb:set package 'motoman_gp25_support' build argument 'cmake_clean_cache' from command line to 'False'
[0.389s] Level 5:colcon.colcon_core.verb:set package 'motoman_gp25_support' build argument 'cmake_clean_first' from command line to 'False'
[0.389s] Level 5:colcon.colcon_core.verb:set package 'motoman_gp25_support' build argument 'cmake_force_configure' from command line to 'False'
[0.389s] Level 5:colcon.colcon_core.verb:set package 'motoman_gp25_support' build argument 'ament_cmake_args' from command line to 'None'
[0.389s] Level 5:colcon.colcon_core.verb:set package 'motoman_gp25_support' build argument 'catkin_cmake_args' from command line to 'None'
[0.389s] Level 5:colcon.colcon_core.verb:set package 'motoman_gp25_support' build argument 'catkin_skip_building_tests' from command line to 'False'
[0.389s] DEBUG:colcon.colcon_core.verb:Building package 'motoman_gp25_support' with the following arguments: {'ament_cmake_args': None, 'build_base': '/home/hungnb/cocarry_ws/build/motoman_gp25_support', 'catkin_cmake_args': None, 'catkin_skip_building_tests': False, 'cmake_args': None, 'cmake_clean_cache': False, 'cmake_clean_first': False, 'cmake_force_configure': False, 'cmake_target': None, 'cmake_target_skip_unavailable': False, 'install_base': '/home/hungnb/cocarry_ws/install/motoman_gp25_support', 'merge_install': False, 'path': '/home/hungnb/cocarry_ws/src/motoman_ros2_support_packages/motoman_gp25_support', 'symlink_install': False, 'test_result_base': None}
[0.389s] Level 5:colcon.colcon_core.verb:set package 'motoman_gp35l_support' build argument 'cmake_args' from command line to 'None'
[0.389s] Level 5:colcon.colcon_core.verb:set package 'motoman_gp35l_support' build argument 'cmake_target' from command line to 'None'
[0.389s] Level 5:colcon.colcon_core.verb:set package 'motoman_gp35l_support' build argument 'cmake_target_skip_unavailable' from command line to 'False'
[0.389s] Level 5:colcon.colcon_core.verb:set package 'motoman_gp35l_support' build argument 'cmake_clean_cache' from command line to 'False'
[0.389s] Level 5:colcon.colcon_core.verb:set package 'motoman_gp35l_support' build argument 'cmake_clean_first' from command line to 'False'
[0.389s] Level 5:colcon.colcon_core.verb:set package 'motoman_gp35l_support' build argument 'cmake_force_configure' from command line to 'False'
[0.389s] Level 5:colcon.colcon_core.verb:set package 'motoman_gp35l_support' build argument 'ament_cmake_args' from command line to 'None'
[0.389s] Level 5:colcon.colcon_core.verb:set package 'motoman_gp35l_support' build argument 'catkin_cmake_args' from command line to 'None'
[0.389s] Level 5:colcon.colcon_core.verb:set package 'motoman_gp35l_support' build argument 'catkin_skip_building_tests' from command line to 'False'
[0.389s] DEBUG:colcon.colcon_core.verb:Building package 'motoman_gp35l_support' with the following arguments: {'ament_cmake_args': None, 'build_base': '/home/hungnb/cocarry_ws/build/motoman_gp35l_support', 'catkin_cmake_args': None, 'catkin_skip_building_tests': False, 'cmake_args': None, 'cmake_clean_cache': False, 'cmake_clean_first': False, 'cmake_force_configure': False, 'cmake_target': None, 'cmake_target_skip_unavailable': False, 'install_base': '/home/hungnb/cocarry_ws/install/motoman_gp35l_support', 'merge_install': False, 'path': '/home/hungnb/cocarry_ws/src/motoman_ros2_support_packages/motoman_gp35l_support', 'symlink_install': False, 'test_result_base': None}
[0.389s] Level 5:colcon.colcon_core.verb:set package 'motoman_gp4_support' build argument 'cmake_args' from command line to 'None'
[0.389s] Level 5:colcon.colcon_core.verb:set package 'motoman_gp4_support' build argument 'cmake_target' from command line to 'None'
[0.389s] Level 5:colcon.colcon_core.verb:set package 'motoman_gp4_support' build argument 'cmake_target_skip_unavailable' from command line to 'False'
[0.389s] Level 5:colcon.colcon_core.verb:set package 'motoman_gp4_support' build argument 'cmake_clean_cache' from command line to 'False'
[0.389s] Level 5:colcon.colcon_core.verb:set package 'motoman_gp4_support' build argument 'cmake_clean_first' from command line to 'False'
[0.389s] Level 5:colcon.colcon_core.verb:set package 'motoman_gp4_support' build argument 'cmake_force_configure' from command line to 'False'
[0.389s] Level 5:colcon.colcon_core.verb:set package 'motoman_gp4_support' build argument 'ament_cmake_args' from command line to 'None'
[0.389s] Level 5:colcon.colcon_core.verb:set package 'motoman_gp4_support' build argument 'catkin_cmake_args' from command line to 'None'
[0.389s] Level 5:colcon.colcon_core.verb:set package 'motoman_gp4_support' build argument 'catkin_skip_building_tests' from command line to 'False'
[0.389s] DEBUG:colcon.colcon_core.verb:Building package 'motoman_gp4_support' with the following arguments: {'ament_cmake_args': None, 'build_base': '/home/hungnb/cocarry_ws/build/motoman_gp4_support', 'catkin_cmake_args': None, 'catkin_skip_building_tests': False, 'cmake_args': None, 'cmake_clean_cache': False, 'cmake_clean_first': False, 'cmake_force_configure': False, 'cmake_target': None, 'cmake_target_skip_unavailable': False, 'install_base': '/home/hungnb/cocarry_ws/install/motoman_gp4_support', 'merge_install': False, 'path': '/home/hungnb/cocarry_ws/src/motoman_ros2_support_packages/motoman_gp4_support', 'symlink_install': False, 'test_result_base': None}
[0.389s] Level 5:colcon.colcon_core.verb:set package 'motoman_gp50_support' build argument 'cmake_args' from command line to 'None'
[0.389s] Level 5:colcon.colcon_core.verb:set package 'motoman_gp50_support' build argument 'cmake_target' from command line to 'None'
[0.389s] Level 5:colcon.colcon_core.verb:set package 'motoman_gp50_support' build argument 'cmake_target_skip_unavailable' from command line to 'False'
[0.389s] Level 5:colcon.colcon_core.verb:set package 'motoman_gp50_support' build argument 'cmake_clean_cache' from command line to 'False'
[0.390s] Level 5:colcon.colcon_core.verb:set package 'motoman_gp50_support' build argument 'cmake_clean_first' from command line to 'False'
[0.390s] Level 5:colcon.colcon_core.verb:set package 'motoman_gp50_support' build argument 'cmake_force_configure' from command line to 'False'
[0.390s] Level 5:colcon.colcon_core.verb:set package 'motoman_gp50_support' build argument 'ament_cmake_args' from command line to 'None'
[0.390s] Level 5:colcon.colcon_core.verb:set package 'motoman_gp50_support' build argument 'catkin_cmake_args' from command line to 'None'
[0.390s] Level 5:colcon.colcon_core.verb:set package 'motoman_gp50_support' build argument 'catkin_skip_building_tests' from command line to 'False'
[0.390s] DEBUG:colcon.colcon_core.verb:Building package 'motoman_gp50_support' with the following arguments: {'ament_cmake_args': None, 'build_base': '/home/hungnb/cocarry_ws/build/motoman_gp50_support', 'catkin_cmake_args': None, 'catkin_skip_building_tests': False, 'cmake_args': None, 'cmake_clean_cache': False, 'cmake_clean_first': False, 'cmake_force_configure': False, 'cmake_target': None, 'cmake_target_skip_unavailable': False, 'install_base': '/home/hungnb/cocarry_ws/install/motoman_gp50_support', 'merge_install': False, 'path': '/home/hungnb/cocarry_ws/src/motoman_ros2_support_packages/motoman_gp50_support', 'symlink_install': False, 'test_result_base': None}
[0.390s] Level 5:colcon.colcon_core.verb:set package 'motoman_gp70l_support' build argument 'cmake_args' from command line to 'None'
[0.390s] Level 5:colcon.colcon_core.verb:set package 'motoman_gp70l_support' build argument 'cmake_target' from command line to 'None'
[0.390s] Level 5:colcon.colcon_core.verb:set package 'motoman_gp70l_support' build argument 'cmake_target_skip_unavailable' from command line to 'False'
[0.390s] Level 5:colcon.colcon_core.verb:set package 'motoman_gp70l_support' build argument 'cmake_clean_cache' from command line to 'False'
[0.390s] Level 5:colcon.colcon_core.verb:set package 'motoman_gp70l_support' build argument 'cmake_clean_first' from command line to 'False'
[0.390s] Level 5:colcon.colcon_core.verb:set package 'motoman_gp70l_support' build argument 'cmake_force_configure' from command line to 'False'
[0.390s] Level 5:colcon.colcon_core.verb:set package 'motoman_gp70l_support' build argument 'ament_cmake_args' from command line to 'None'
[0.390s] Level 5:colcon.colcon_core.verb:set package 'motoman_gp70l_support' build argument 'catkin_cmake_args' from command line to 'None'
[0.390s] Level 5:colcon.colcon_core.verb:set package 'motoman_gp70l_support' build argument 'catkin_skip_building_tests' from command line to 'False'
[0.390s] DEBUG:colcon.colcon_core.verb:Building package 'motoman_gp70l_support' with the following arguments: {'ament_cmake_args': None, 'build_base': '/home/hungnb/cocarry_ws/build/motoman_gp70l_support', 'catkin_cmake_args': None, 'catkin_skip_building_tests': False, 'cmake_args': None, 'cmake_clean_cache': False, 'cmake_clean_first': False, 'cmake_force_configure': False, 'cmake_target': None, 'cmake_target_skip_unavailable': False, 'install_base': '/home/hungnb/cocarry_ws/install/motoman_gp70l_support', 'merge_install': False, 'path': '/home/hungnb/cocarry_ws/src/motoman_ros2_support_packages/motoman_gp70l_support', 'symlink_install': False, 'test_result_base': None}
[0.390s] Level 5:colcon.colcon_core.verb:set package 'motoman_gp7_support' build argument 'cmake_args' from command line to 'None'
[0.390s] Level 5:colcon.colcon_core.verb:set package 'motoman_gp7_support' build argument 'cmake_target' from command line to 'None'
[0.390s] Level 5:colcon.colcon_core.verb:set package 'motoman_gp7_support' build argument 'cmake_target_skip_unavailable' from command line to 'False'
[0.390s] Level 5:colcon.colcon_core.verb:set package 'motoman_gp7_support' build argument 'cmake_clean_cache' from command line to 'False'
[0.390s] Level 5:colcon.colcon_core.verb:set package 'motoman_gp7_support' build argument 'cmake_clean_first' from command line to 'False'
[0.390s] Level 5:colcon.colcon_core.verb:set package 'motoman_gp7_support' build argument 'cmake_force_configure' from command line to 'False'
[0.390s] Level 5:colcon.colcon_core.verb:set package 'motoman_gp7_support' build argument 'ament_cmake_args' from command line to 'None'
[0.390s] Level 5:colcon.colcon_core.verb:set package 'motoman_gp7_support' build argument 'catkin_cmake_args' from command line to 'None'
[0.390s] Level 5:colcon.colcon_core.verb:set package 'motoman_gp7_support' build argument 'catkin_skip_building_tests' from command line to 'False'
[0.390s] DEBUG:colcon.colcon_core.verb:Building package 'motoman_gp7_support' with the following arguments: {'ament_cmake_args': None, 'build_base': '/home/hungnb/cocarry_ws/build/motoman_gp7_support', 'catkin_cmake_args': None, 'catkin_skip_building_tests': False, 'cmake_args': None, 'cmake_clean_cache': False, 'cmake_clean_first': False, 'cmake_force_configure': False, 'cmake_target': None, 'cmake_target_skip_unavailable': False, 'install_base': '/home/hungnb/cocarry_ws/install/motoman_gp7_support', 'merge_install': False, 'path': '/home/hungnb/cocarry_ws/src/motoman_ros2_support_packages/motoman_gp7_support', 'symlink_install': False, 'test_result_base': None}
[0.390s] Level 5:colcon.colcon_core.verb:set package 'motoman_gp88_support' build argument 'cmake_args' from command line to 'None'
[0.390s] Level 5:colcon.colcon_core.verb:set package 'motoman_gp88_support' build argument 'cmake_target' from command line to 'None'
[0.390s] Level 5:colcon.colcon_core.verb:set package 'motoman_gp88_support' build argument 'cmake_target_skip_unavailable' from command line to 'False'
[0.390s] Level 5:colcon.colcon_core.verb:set package 'motoman_gp88_support' build argument 'cmake_clean_cache' from command line to 'False'
[0.390s] Level 5:colcon.colcon_core.verb:set package 'motoman_gp88_support' build argument 'cmake_clean_first' from command line to 'False'
[0.390s] Level 5:colcon.colcon_core.verb:set package 'motoman_gp88_support' build argument 'cmake_force_configure' from command line to 'False'
[0.390s] Level 5:colcon.colcon_core.verb:set package 'motoman_gp88_support' build argument 'ament_cmake_args' from command line to 'None'
[0.390s] Level 5:colcon.colcon_core.verb:set package 'motoman_gp88_support' build argument 'catkin_cmake_args' from command line to 'None'
[0.390s] Level 5:colcon.colcon_core.verb:set package 'motoman_gp88_support' build argument 'catkin_skip_building_tests' from command line to 'False'
[0.390s] DEBUG:colcon.colcon_core.verb:Building package 'motoman_gp88_support' with the following arguments: {'ament_cmake_args': None, 'build_base': '/home/hungnb/cocarry_ws/build/motoman_gp88_support', 'catkin_cmake_args': None, 'catkin_skip_building_tests': False, 'cmake_args': None, 'cmake_clean_cache': False, 'cmake_clean_first': False, 'cmake_force_configure': False, 'cmake_target': None, 'cmake_target_skip_unavailable': False, 'install_base': '/home/hungnb/cocarry_ws/install/motoman_gp88_support', 'merge_install': False, 'path': '/home/hungnb/cocarry_ws/src/motoman_ros2_support_packages/motoman_gp88_support', 'symlink_install': False, 'test_result_base': None}
[0.390s] Level 5:colcon.colcon_core.verb:set package 'motoman_gp8_support' build argument 'cmake_args' from command line to 'None'
[0.390s] Level 5:colcon.colcon_core.verb:set package 'motoman_gp8_support' build argument 'cmake_target' from command line to 'None'
[0.390s] Level 5:colcon.colcon_core.verb:set package 'motoman_gp8_support' build argument 'cmake_target_skip_unavailable' from command line to 'False'
[0.390s] Level 5:colcon.colcon_core.verb:set package 'motoman_gp8_support' build argument 'cmake_clean_cache' from command line to 'False'
[0.390s] Level 5:colcon.colcon_core.verb:set package 'motoman_gp8_support' build argument 'cmake_clean_first' from command line to 'False'
[0.390s] Level 5:colcon.colcon_core.verb:set package 'motoman_gp8_support' build argument 'cmake_force_configure' from command line to 'False'
[0.390s] Level 5:colcon.colcon_core.verb:set package 'motoman_gp8_support' build argument 'ament_cmake_args' from command line to 'None'
[0.390s] Level 5:colcon.colcon_core.verb:set package 'motoman_gp8_support' build argument 'catkin_cmake_args' from command line to 'None'
[0.390s] Level 5:colcon.colcon_core.verb:set package 'motoman_gp8_support' build argument 'catkin_skip_building_tests' from command line to 'False'
[0.390s] DEBUG:colcon.colcon_core.verb:Building package 'motoman_gp8_support' with the following arguments: {'ament_cmake_args': None, 'build_base': '/home/hungnb/cocarry_ws/build/motoman_gp8_support', 'catkin_cmake_args': None, 'catkin_skip_building_tests': False, 'cmake_args': None, 'cmake_clean_cache': False, 'cmake_clean_first': False, 'cmake_force_configure': False, 'cmake_target': None, 'cmake_target_skip_unavailable': False, 'install_base': '/home/hungnb/cocarry_ws/install/motoman_gp8_support', 'merge_install': False, 'path': '/home/hungnb/cocarry_ws/src/motoman_ros2_support_packages/motoman_gp8_support', 'symlink_install': False, 'test_result_base': None}
[0.391s] Level 5:colcon.colcon_core.verb:set package 'motoman_gp8l_support' build argument 'cmake_args' from command line to 'None'
[0.391s] Level 5:colcon.colcon_core.verb:set package 'motoman_gp8l_support' build argument 'cmake_target' from command line to 'None'
[0.391s] Level 5:colcon.colcon_core.verb:set package 'motoman_gp8l_support' build argument 'cmake_target_skip_unavailable' from command line to 'False'
[0.391s] Level 5:colcon.colcon_core.verb:set package 'motoman_gp8l_support' build argument 'cmake_clean_cache' from command line to 'False'
[0.391s] Level 5:colcon.colcon_core.verb:set package 'motoman_gp8l_support' build argument 'cmake_clean_first' from command line to 'False'
[0.391s] Level 5:colcon.colcon_core.verb:set package 'motoman_gp8l_support' build argument 'cmake_force_configure' from command line to 'False'
[0.391s] Level 5:colcon.colcon_core.verb:set package 'motoman_gp8l_support' build argument 'ament_cmake_args' from command line to 'None'
[0.391s] Level 5:colcon.colcon_core.verb:set package 'motoman_gp8l_support' build argument 'catkin_cmake_args' from command line to 'None'
[0.391s] Level 5:colcon.colcon_core.verb:set package 'motoman_gp8l_support' build argument 'catkin_skip_building_tests' from command line to 'False'
[0.391s] DEBUG:colcon.colcon_core.verb:Building package 'motoman_gp8l_support' with the following arguments: {'ament_cmake_args': None, 'build_base': '/home/hungnb/cocarry_ws/build/motoman_gp8l_support', 'catkin_cmake_args': None, 'catkin_skip_building_tests': False, 'cmake_args': None, 'cmake_clean_cache': False, 'cmake_clean_first': False, 'cmake_force_configure': False, 'cmake_target': None, 'cmake_target_skip_unavailable': False, 'install_base': '/home/hungnb/cocarry_ws/install/motoman_gp8l_support', 'merge_install': False, 'path': '/home/hungnb/cocarry_ws/src/motoman_ros2_support_packages/motoman_gp8l_support', 'symlink_install': False, 'test_result_base': None}
[0.391s] Level 5:colcon.colcon_core.verb:set package 'motoman_hc10_support' build argument 'cmake_args' from command line to 'None'
[0.391s] Level 5:colcon.colcon_core.verb:set package 'motoman_hc10_support' build argument 'cmake_target' from command line to 'None'
[0.391s] Level 5:colcon.colcon_core.verb:set package 'motoman_hc10_support' build argument 'cmake_target_skip_unavailable' from command line to 'False'
[0.391s] Level 5:colcon.colcon_core.verb:set package 'motoman_hc10_support' build argument 'cmake_clean_cache' from command line to 'False'
[0.391s] Level 5:colcon.colcon_core.verb:set package 'motoman_hc10_support' build argument 'cmake_clean_first' from command line to 'False'
[0.391s] Level 5:colcon.colcon_core.verb:set package 'motoman_hc10_support' build argument 'cmake_force_configure' from command line to 'False'
[0.391s] Level 5:colcon.colcon_core.verb:set package 'motoman_hc10_support' build argument 'ament_cmake_args' from command line to 'None'
[0.391s] Level 5:colcon.colcon_core.verb:set package 'motoman_hc10_support' build argument 'catkin_cmake_args' from command line to 'None'
[0.391s] Level 5:colcon.colcon_core.verb:set package 'motoman_hc10_support' build argument 'catkin_skip_building_tests' from command line to 'False'
[0.391s] DEBUG:colcon.colcon_core.verb:Building package 'motoman_hc10_support' with the following arguments: {'ament_cmake_args': None, 'build_base': '/home/hungnb/cocarry_ws/build/motoman_hc10_support', 'catkin_cmake_args': None, 'catkin_skip_building_tests': False, 'cmake_args': None, 'cmake_clean_cache': False, 'cmake_clean_first': False, 'cmake_force_configure': False, 'cmake_target': None, 'cmake_target_skip_unavailable': False, 'install_base': '/home/hungnb/cocarry_ws/install/motoman_hc10_support', 'merge_install': False, 'path': '/home/hungnb/cocarry_ws/src/motoman_ros2_support_packages/motoman_hc10_support', 'symlink_install': False, 'test_result_base': None}
[0.391s] Level 5:colcon.colcon_core.verb:set package 'motoman_hc20_support' build argument 'cmake_args' from command line to 'None'
[0.391s] Level 5:colcon.colcon_core.verb:set package 'motoman_hc20_support' build argument 'cmake_target' from command line to 'None'
[0.391s] Level 5:colcon.colcon_core.verb:set package 'motoman_hc20_support' build argument 'cmake_target_skip_unavailable' from command line to 'False'
[0.391s] Level 5:colcon.colcon_core.verb:set package 'motoman_hc20_support' build argument 'cmake_clean_cache' from command line to 'False'
[0.391s] Level 5:colcon.colcon_core.verb:set package 'motoman_hc20_support' build argument 'cmake_clean_first' from command line to 'False'
[0.391s] Level 5:colcon.colcon_core.verb:set package 'motoman_hc20_support' build argument 'cmake_force_configure' from command line to 'False'
[0.391s] Level 5:colcon.colcon_core.verb:set package 'motoman_hc20_support' build argument 'ament_cmake_args' from command line to 'None'
[0.391s] Level 5:colcon.colcon_core.verb:set package 'motoman_hc20_support' build argument 'catkin_cmake_args' from command line to 'None'
[0.391s] Level 5:colcon.colcon_core.verb:set package 'motoman_hc20_support' build argument 'catkin_skip_building_tests' from command line to 'False'
[0.391s] DEBUG:colcon.colcon_core.verb:Building package 'motoman_hc20_support' with the following arguments: {'ament_cmake_args': None, 'build_base': '/home/hungnb/cocarry_ws/build/motoman_hc20_support', 'catkin_cmake_args': None, 'catkin_skip_building_tests': False, 'cmake_args': None, 'cmake_clean_cache': False, 'cmake_clean_first': False, 'cmake_force_configure': False, 'cmake_target': None, 'cmake_target_skip_unavailable': False, 'install_base': '/home/hungnb/cocarry_ws/install/motoman_hc20_support', 'merge_install': False, 'path': '/home/hungnb/cocarry_ws/src/motoman_ros2_support_packages/motoman_hc20_support', 'symlink_install': False, 'test_result_base': None}
[0.391s] Level 5:colcon.colcon_core.verb:set package 'motoman_ma2010_support' build argument 'cmake_args' from command line to 'None'
[0.391s] Level 5:colcon.colcon_core.verb:set package 'motoman_ma2010_support' build argument 'cmake_target' from command line to 'None'
[0.391s] Level 5:colcon.colcon_core.verb:set package 'motoman_ma2010_support' build argument 'cmake_target_skip_unavailable' from command line to 'False'
[0.391s] Level 5:colcon.colcon_core.verb:set package 'motoman_ma2010_support' build argument 'cmake_clean_cache' from command line to 'False'
[0.391s] Level 5:colcon.colcon_core.verb:set package 'motoman_ma2010_support' build argument 'cmake_clean_first' from command line to 'False'
[0.391s] Level 5:colcon.colcon_core.verb:set package 'motoman_ma2010_support' build argument 'cmake_force_configure' from command line to 'False'
[0.391s] Level 5:colcon.colcon_core.verb:set package 'motoman_ma2010_support' build argument 'ament_cmake_args' from command line to 'None'
[0.391s] Level 5:colcon.colcon_core.verb:set package 'motoman_ma2010_support' build argument 'catkin_cmake_args' from command line to 'None'
[0.391s] Level 5:colcon.colcon_core.verb:set package 'motoman_ma2010_support' build argument 'catkin_skip_building_tests' from command line to 'False'
[0.391s] DEBUG:colcon.colcon_core.verb:Building package 'motoman_ma2010_support' with the following arguments: {'ament_cmake_args': None, 'build_base': '/home/hungnb/cocarry_ws/build/motoman_ma2010_support', 'catkin_cmake_args': None, 'catkin_skip_building_tests': False, 'cmake_args': None, 'cmake_clean_cache': False, 'cmake_clean_first': False, 'cmake_force_configure': False, 'cmake_target': None, 'cmake_target_skip_unavailable': False, 'install_base': '/home/hungnb/cocarry_ws/install/motoman_ma2010_support', 'merge_install': False, 'path': '/home/hungnb/cocarry_ws/src/motoman_ros2_support_packages/motoman_ma2010_support', 'symlink_install': False, 'test_result_base': None}
[0.391s] Level 5:colcon.colcon_core.verb:set package 'motoman_mh12_support' build argument 'cmake_args' from command line to 'None'
[0.392s] Level 5:colcon.colcon_core.verb:set package 'motoman_mh12_support' build argument 'cmake_target' from command line to 'None'
[0.392s] Level 5:colcon.colcon_core.verb:set package 'motoman_mh12_support' build argument 'cmake_target_skip_unavailable' from command line to 'False'
[0.392s] Level 5:colcon.colcon_core.verb:set package 'motoman_mh12_support' build argument 'cmake_clean_cache' from command line to 'False'
[0.392s] Level 5:colcon.colcon_core.verb:set package 'motoman_mh12_support' build argument 'cmake_clean_first' from command line to 'False'
[0.392s] Level 5:colcon.colcon_core.verb:set package 'motoman_mh12_support' build argument 'cmake_force_configure' from command line to 'False'
[0.392s] Level 5:colcon.colcon_core.verb:set package 'motoman_mh12_support' build argument 'ament_cmake_args' from command line to 'None'
[0.392s] Level 5:colcon.colcon_core.verb:set package 'motoman_mh12_support' build argument 'catkin_cmake_args' from command line to 'None'
[0.392s] Level 5:colcon.colcon_core.verb:set package 'motoman_mh12_support' build argument 'catkin_skip_building_tests' from command line to 'False'
[0.392s] DEBUG:colcon.colcon_core.verb:Building package 'motoman_mh12_support' with the following arguments: {'ament_cmake_args': None, 'build_base': '/home/hungnb/cocarry_ws/build/motoman_mh12_support', 'catkin_cmake_args': None, 'catkin_skip_building_tests': False, 'cmake_args': None, 'cmake_clean_cache': False, 'cmake_clean_first': False, 'cmake_force_configure': False, 'cmake_target': None, 'cmake_target_skip_unavailable': False, 'install_base': '/home/hungnb/cocarry_ws/install/motoman_mh12_support', 'merge_install': False, 'path': '/home/hungnb/cocarry_ws/src/motoman_ros2_support_packages/motoman_mh12_support', 'symlink_install': False, 'test_result_base': None}
[0.392s] Level 5:colcon.colcon_core.verb:set package 'motoman_mh50_support' build argument 'cmake_args' from command line to 'None'
[0.392s] Level 5:colcon.colcon_core.verb:set package 'motoman_mh50_support' build argument 'cmake_target' from command line to 'None'
[0.392s] Level 5:colcon.colcon_core.verb:set package 'motoman_mh50_support' build argument 'cmake_target_skip_unavailable' from command line to 'False'
[0.392s] Level 5:colcon.colcon_core.verb:set package 'motoman_mh50_support' build argument 'cmake_clean_cache' from command line to 'False'
[0.392s] Level 5:colcon.colcon_core.verb:set package 'motoman_mh50_support' build argument 'cmake_clean_first' from command line to 'False'
[0.392s] Level 5:colcon.colcon_core.verb:set package 'motoman_mh50_support' build argument 'cmake_force_configure' from command line to 'False'
[0.392s] Level 5:colcon.colcon_core.verb:set package 'motoman_mh50_support' build argument 'ament_cmake_args' from command line to 'None'
[0.392s] Level 5:colcon.colcon_core.verb:set package 'motoman_mh50_support' build argument 'catkin_cmake_args' from command line to 'None'
[0.392s] Level 5:colcon.colcon_core.verb:set package 'motoman_mh50_support' build argument 'catkin_skip_building_tests' from command line to 'False'
[0.392s] DEBUG:colcon.colcon_core.verb:Building package 'motoman_mh50_support' with the following arguments: {'ament_cmake_args': None, 'build_base': '/home/hungnb/cocarry_ws/build/motoman_mh50_support', 'catkin_cmake_args': None, 'catkin_skip_building_tests': False, 'cmake_args': None, 'cmake_clean_cache': False, 'cmake_clean_first': False, 'cmake_force_configure': False, 'cmake_target': None, 'cmake_target_skip_unavailable': False, 'install_base': '/home/hungnb/cocarry_ws/install/motoman_mh50_support', 'merge_install': False, 'path': '/home/hungnb/cocarry_ws/src/motoman_ros2_support_packages/motoman_mh50_support', 'symlink_install': False, 'test_result_base': None}
[0.392s] Level 5:colcon.colcon_core.verb:set package 'motoman_mh5_support' build argument 'cmake_args' from command line to 'None'
[0.392s] Level 5:colcon.colcon_core.verb:set package 'motoman_mh5_support' build argument 'cmake_target' from command line to 'None'
[0.392s] Level 5:colcon.colcon_core.verb:set package 'motoman_mh5_support' build argument 'cmake_target_skip_unavailable' from command line to 'False'
[0.392s] Level 5:colcon.colcon_core.verb:set package 'motoman_mh5_support' build argument 'cmake_clean_cache' from command line to 'False'
[0.392s] Level 5:colcon.colcon_core.verb:set package 'motoman_mh5_support' build argument 'cmake_clean_first' from command line to 'False'
[0.392s] Level 5:colcon.colcon_core.verb:set package 'motoman_mh5_support' build argument 'cmake_force_configure' from command line to 'False'
[0.392s] Level 5:colcon.colcon_core.verb:set package 'motoman_mh5_support' build argument 'ament_cmake_args' from command line to 'None'
[0.392s] Level 5:colcon.colcon_core.verb:set package 'motoman_mh5_support' build argument 'catkin_cmake_args' from command line to 'None'
[0.392s] Level 5:colcon.colcon_core.verb:set package 'motoman_mh5_support' build argument 'catkin_skip_building_tests' from command line to 'False'
[0.392s] DEBUG:colcon.colcon_core.verb:Building package 'motoman_mh5_support' with the following arguments: {'ament_cmake_args': None, 'build_base': '/home/hungnb/cocarry_ws/build/motoman_mh5_support', 'catkin_cmake_args': None, 'catkin_skip_building_tests': False, 'cmake_args': None, 'cmake_clean_cache': False, 'cmake_clean_first': False, 'cmake_force_configure': False, 'cmake_target': None, 'cmake_target_skip_unavailable': False, 'install_base': '/home/hungnb/cocarry_ws/install/motoman_mh5_support', 'merge_install': False, 'path': '/home/hungnb/cocarry_ws/src/motoman_ros2_support_packages/motoman_mh5_support', 'symlink_install': False, 'test_result_base': None}
[0.392s] Level 5:colcon.colcon_core.verb:set package 'motoman_motomini_support' build argument 'cmake_args' from command line to 'None'
[0.392s] Level 5:colcon.colcon_core.verb:set package 'motoman_motomini_support' build argument 'cmake_target' from command line to 'None'
[0.392s] Level 5:colcon.colcon_core.verb:set package 'motoman_motomini_support' build argument 'cmake_target_skip_unavailable' from command line to 'False'
[0.392s] Level 5:colcon.colcon_core.verb:set package 'motoman_motomini_support' build argument 'cmake_clean_cache' from command line to 'False'
[0.392s] Level 5:colcon.colcon_core.verb:set package 'motoman_motomini_support' build argument 'cmake_clean_first' from command line to 'False'
[0.392s] Level 5:colcon.colcon_core.verb:set package 'motoman_motomini_support' build argument 'cmake_force_configure' from command line to 'False'
[0.392s] Level 5:colcon.colcon_core.verb:set package 'motoman_motomini_support' build argument 'ament_cmake_args' from command line to 'None'
[0.392s] Level 5:colcon.colcon_core.verb:set package 'motoman_motomini_support' build argument 'catkin_cmake_args' from command line to 'None'
[0.392s] Level 5:colcon.colcon_core.verb:set package 'motoman_motomini_support' build argument 'catkin_skip_building_tests' from command line to 'False'
[0.392s] DEBUG:colcon.colcon_core.verb:Building package 'motoman_motomini_support' with the following arguments: {'ament_cmake_args': None, 'build_base': '/home/hungnb/cocarry_ws/build/motoman_motomini_support', 'catkin_cmake_args': None, 'catkin_skip_building_tests': False, 'cmake_args': None, 'cmake_clean_cache': False, 'cmake_clean_first': False, 'cmake_force_configure': False, 'cmake_target': None, 'cmake_target_skip_unavailable': False, 'install_base': '/home/hungnb/cocarry_ws/install/motoman_motomini_support', 'merge_install': False, 'path': '/home/hungnb/cocarry_ws/src/motoman_ros2_support_packages/motoman_motomini_support', 'symlink_install': False, 'test_result_base': None}
[0.392s] Level 5:colcon.colcon_core.verb:set package 'motoman_motopos_d500_support' build argument 'cmake_args' from command line to 'None'
[0.392s] Level 5:colcon.colcon_core.verb:set package 'motoman_motopos_d500_support' build argument 'cmake_target' from command line to 'None'
[0.392s] Level 5:colcon.colcon_core.verb:set package 'motoman_motopos_d500_support' build argument 'cmake_target_skip_unavailable' from command line to 'False'
[0.392s] Level 5:colcon.colcon_core.verb:set package 'motoman_motopos_d500_support' build argument 'cmake_clean_cache' from command line to 'False'
[0.392s] Level 5:colcon.colcon_core.verb:set package 'motoman_motopos_d500_support' build argument 'cmake_clean_first' from command line to 'False'
[0.392s] Level 5:colcon.colcon_core.verb:set package 'motoman_motopos_d500_support' build argument 'cmake_force_configure' from command line to 'False'
[0.392s] Level 5:colcon.colcon_core.verb:set package 'motoman_motopos_d500_support' build argument 'ament_cmake_args' from command line to 'None'
[0.392s] Level 5:colcon.colcon_core.verb:set package 'motoman_motopos_d500_support' build argument 'catkin_cmake_args' from command line to 'None'
[0.392s] Level 5:colcon.colcon_core.verb:set package 'motoman_motopos_d500_support' build argument 'catkin_skip_building_tests' from command line to 'False'
[0.392s] DEBUG:colcon.colcon_core.verb:Building package 'motoman_motopos_d500_support' with the following arguments: {'ament_cmake_args': None, 'build_base': '/home/hungnb/cocarry_ws/build/motoman_motopos_d500_support', 'catkin_cmake_args': None, 'catkin_skip_building_tests': False, 'cmake_args': None, 'cmake_clean_cache': False, 'cmake_clean_first': False, 'cmake_force_configure': False, 'cmake_target': None, 'cmake_target_skip_unavailable': False, 'install_base': '/home/hungnb/cocarry_ws/install/motoman_motopos_d500_support', 'merge_install': False, 'path': '/home/hungnb/cocarry_ws/src/motoman_ros2_support_packages/motoman_motopos_d500_support', 'symlink_install': False, 'test_result_base': None}
[0.393s] Level 5:colcon.colcon_core.verb:set package 'motoman_motopos_mh1655_support' build argument 'cmake_args' from command line to 'None'
[0.393s] Level 5:colcon.colcon_core.verb:set package 'motoman_motopos_mh1655_support' build argument 'cmake_target' from command line to 'None'
[0.393s] Level 5:colcon.colcon_core.verb:set package 'motoman_motopos_mh1655_support' build argument 'cmake_target_skip_unavailable' from command line to 'False'
[0.393s] Level 5:colcon.colcon_core.verb:set package 'motoman_motopos_mh1655_support' build argument 'cmake_clean_cache' from command line to 'False'
[0.393s] Level 5:colcon.colcon_core.verb:set package 'motoman_motopos_mh1655_support' build argument 'cmake_clean_first' from command line to 'False'
[0.393s] Level 5:colcon.colcon_core.verb:set package 'motoman_motopos_mh1655_support' build argument 'cmake_force_configure' from command line to 'False'
[0.393s] Level 5:colcon.colcon_core.verb:set package 'motoman_motopos_mh1655_support' build argument 'ament_cmake_args' from command line to 'None'
[0.393s] Level 5:colcon.colcon_core.verb:set package 'motoman_motopos_mh1655_support' build argument 'catkin_cmake_args' from command line to 'None'
[0.393s] Level 5:colcon.colcon_core.verb:set package 'motoman_motopos_mh1655_support' build argument 'catkin_skip_building_tests' from command line to 'False'
[0.393s] DEBUG:colcon.colcon_core.verb:Building package 'motoman_motopos_mh1655_support' with the following arguments: {'ament_cmake_args': None, 'build_base': '/home/hungnb/cocarry_ws/build/motoman_motopos_mh1655_support', 'catkin_cmake_args': None, 'catkin_skip_building_tests': False, 'cmake_args': None, 'cmake_clean_cache': False, 'cmake_clean_first': False, 'cmake_force_configure': False, 'cmake_target': None, 'cmake_target_skip_unavailable': False, 'install_base': '/home/hungnb/cocarry_ws/install/motoman_motopos_mh1655_support', 'merge_install': False, 'path': '/home/hungnb/cocarry_ws/src/motoman_ros2_support_packages/motoman_motopos_mh1655_support', 'symlink_install': False, 'test_result_base': None}
[0.393s] Level 5:colcon.colcon_core.verb:set package 'motoman_mpx1950_support' build argument 'cmake_args' from command line to 'None'
[0.393s] Level 5:colcon.colcon_core.verb:set package 'motoman_mpx1950_support' build argument 'cmake_target' from command line to 'None'
[0.393s] Level 5:colcon.colcon_core.verb:set package 'motoman_mpx1950_support' build argument 'cmake_target_skip_unavailable' from command line to 'False'
[0.393s] Level 5:colcon.colcon_core.verb:set package 'motoman_mpx1950_support' build argument 'cmake_clean_cache' from command line to 'False'
[0.393s] Level 5:colcon.colcon_core.verb:set package 'motoman_mpx1950_support' build argument 'cmake_clean_first' from command line to 'False'
[0.393s] Level 5:colcon.colcon_core.verb:set package 'motoman_mpx1950_support' build argument 'cmake_force_configure' from command line to 'False'
[0.393s] Level 5:colcon.colcon_core.verb:set package 'motoman_mpx1950_support' build argument 'ament_cmake_args' from command line to 'None'
[0.393s] Level 5:colcon.colcon_core.verb:set package 'motoman_mpx1950_support' build argument 'catkin_cmake_args' from command line to 'None'
[0.393s] Level 5:colcon.colcon_core.verb:set package 'motoman_mpx1950_support' build argument 'catkin_skip_building_tests' from command line to 'False'
[0.393s] DEBUG:colcon.colcon_core.verb:Building package 'motoman_mpx1950_support' with the following arguments: {'ament_cmake_args': None, 'build_base': '/home/hungnb/cocarry_ws/build/motoman_mpx1950_support', 'catkin_cmake_args': None, 'catkin_skip_building_tests': False, 'cmake_args': None, 'cmake_clean_cache': False, 'cmake_clean_first': False, 'cmake_force_configure': False, 'cmake_target': None, 'cmake_target_skip_unavailable': False, 'install_base': '/home/hungnb/cocarry_ws/install/motoman_mpx1950_support', 'merge_install': False, 'path': '/home/hungnb/cocarry_ws/src/motoman_ros2_support_packages/motoman_mpx1950_support', 'symlink_install': False, 'test_result_base': None}
[0.393s] Level 5:colcon.colcon_core.verb:set package 'motoman_ms210_support' build argument 'cmake_args' from command line to 'None'
[0.393s] Level 5:colcon.colcon_core.verb:set package 'motoman_ms210_support' build argument 'cmake_target' from command line to 'None'
[0.393s] Level 5:colcon.colcon_core.verb:set package 'motoman_ms210_support' build argument 'cmake_target_skip_unavailable' from command line to 'False'
[0.393s] Level 5:colcon.colcon_core.verb:set package 'motoman_ms210_support' build argument 'cmake_clean_cache' from command line to 'False'
[0.393s] Level 5:colcon.colcon_core.verb:set package 'motoman_ms210_support' build argument 'cmake_clean_first' from command line to 'False'
[0.393s] Level 5:colcon.colcon_core.verb:set package 'motoman_ms210_support' build argument 'cmake_force_configure' from command line to 'False'
[0.393s] Level 5:colcon.colcon_core.verb:set package 'motoman_ms210_support' build argument 'ament_cmake_args' from command line to 'None'
[0.393s] Level 5:colcon.colcon_core.verb:set package 'motoman_ms210_support' build argument 'catkin_cmake_args' from command line to 'None'
[0.393s] Level 5:colcon.colcon_core.verb:set package 'motoman_ms210_support' build argument 'catkin_skip_building_tests' from command line to 'False'
[0.393s] DEBUG:colcon.colcon_core.verb:Building package 'motoman_ms210_support' with the following arguments: {'ament_cmake_args': None, 'build_base': '/home/hungnb/cocarry_ws/build/motoman_ms210_support', 'catkin_cmake_args': None, 'catkin_skip_building_tests': False, 'cmake_args': None, 'cmake_clean_cache': False, 'cmake_clean_first': False, 'cmake_force_configure': False, 'cmake_target': None, 'cmake_target_skip_unavailable': False, 'install_base': '/home/hungnb/cocarry_ws/install/motoman_ms210_support', 'merge_install': False, 'path': '/home/hungnb/cocarry_ws/src/motoman_ros2_support_packages/motoman_ms210_support', 'symlink_install': False, 'test_result_base': None}
[0.393s] Level 5:colcon.colcon_core.verb:set package 'motoman_sda10f_support' build argument 'cmake_args' from command line to 'None'
[0.393s] Level 5:colcon.colcon_core.verb:set package 'motoman_sda10f_support' build argument 'cmake_target' from command line to 'None'
[0.393s] Level 5:colcon.colcon_core.verb:set package 'motoman_sda10f_support' build argument 'cmake_target_skip_unavailable' from command line to 'False'
[0.393s] Level 5:colcon.colcon_core.verb:set package 'motoman_sda10f_support' build argument 'cmake_clean_cache' from command line to 'False'
[0.393s] Level 5:colcon.colcon_core.verb:set package 'motoman_sda10f_support' build argument 'cmake_clean_first' from command line to 'False'
[0.393s] Level 5:colcon.colcon_core.verb:set package 'motoman_sda10f_support' build argument 'cmake_force_configure' from command line to 'False'
[0.393s] Level 5:colcon.colcon_core.verb:set package 'motoman_sda10f_support' build argument 'ament_cmake_args' from command line to 'None'
[0.393s] Level 5:colcon.colcon_core.verb:set package 'motoman_sda10f_support' build argument 'catkin_cmake_args' from command line to 'None'
[0.393s] Level 5:colcon.colcon_core.verb:set package 'motoman_sda10f_support' build argument 'catkin_skip_building_tests' from command line to 'False'
[0.393s] DEBUG:colcon.colcon_core.verb:Building package 'motoman_sda10f_support' with the following arguments: {'ament_cmake_args': None, 'build_base': '/home/hungnb/cocarry_ws/build/motoman_sda10f_support', 'catkin_cmake_args': None, 'catkin_skip_building_tests': False, 'cmake_args': None, 'cmake_clean_cache': False, 'cmake_clean_first': False, 'cmake_force_configure': False, 'cmake_target': None, 'cmake_target_skip_unavailable': False, 'install_base': '/home/hungnb/cocarry_ws/install/motoman_sda10f_support', 'merge_install': False, 'path': '/home/hungnb/cocarry_ws/src/motoman_ros2_support_packages/motoman_sda10f_support', 'symlink_install': False, 'test_result_base': None}
[0.394s] Level 5:colcon.colcon_core.verb:set package 'motoman_sia10d_support' build argument 'cmake_args' from command line to 'None'
[0.394s] Level 5:colcon.colcon_core.verb:set package 'motoman_sia10d_support' build argument 'cmake_target' from command line to 'None'
[0.394s] Level 5:colcon.colcon_core.verb:set package 'motoman_sia10d_support' build argument 'cmake_target_skip_unavailable' from command line to 'False'
[0.394s] Level 5:colcon.colcon_core.verb:set package 'motoman_sia10d_support' build argument 'cmake_clean_cache' from command line to 'False'
[0.394s] Level 5:colcon.colcon_core.verb:set package 'motoman_sia10d_support' build argument 'cmake_clean_first' from command line to 'False'
[0.394s] Level 5:colcon.colcon_core.verb:set package 'motoman_sia10d_support' build argument 'cmake_force_configure' from command line to 'False'
[0.394s] Level 5:colcon.colcon_core.verb:set package 'motoman_sia10d_support' build argument 'ament_cmake_args' from command line to 'None'
[0.394s] Level 5:colcon.colcon_core.verb:set package 'motoman_sia10d_support' build argument 'catkin_cmake_args' from command line to 'None'
[0.394s] Level 5:colcon.colcon_core.verb:set package 'motoman_sia10d_support' build argument 'catkin_skip_building_tests' from command line to 'False'
[0.394s] DEBUG:colcon.colcon_core.verb:Building package 'motoman_sia10d_support' with the following arguments: {'ament_cmake_args': None, 'build_base': '/home/hungnb/cocarry_ws/build/motoman_sia10d_support', 'catkin_cmake_args': None, 'catkin_skip_building_tests': False, 'cmake_args': None, 'cmake_clean_cache': False, 'cmake_clean_first': False, 'cmake_force_configure': False, 'cmake_target': None, 'cmake_target_skip_unavailable': False, 'install_base': '/home/hungnb/cocarry_ws/install/motoman_sia10d_support', 'merge_install': False, 'path': '/home/hungnb/cocarry_ws/src/motoman_ros2_support_packages/motoman_sia10d_support', 'symlink_install': False, 'test_result_base': None}
[0.394s] Level 5:colcon.colcon_core.verb:set package 'motoman_sia10f_support' build argument 'cmake_args' from command line to 'None'
[0.394s] Level 5:colcon.colcon_core.verb:set package 'motoman_sia10f_support' build argument 'cmake_target' from command line to 'None'
[0.394s] Level 5:colcon.colcon_core.verb:set package 'motoman_sia10f_support' build argument 'cmake_target_skip_unavailable' from command line to 'False'
[0.394s] Level 5:colcon.colcon_core.verb:set package 'motoman_sia10f_support' build argument 'cmake_clean_cache' from command line to 'False'
[0.394s] Level 5:colcon.colcon_core.verb:set package 'motoman_sia10f_support' build argument 'cmake_clean_first' from command line to 'False'
[0.394s] Level 5:colcon.colcon_core.verb:set package 'motoman_sia10f_support' build argument 'cmake_force_configure' from command line to 'False'
[0.394s] Level 5:colcon.colcon_core.verb:set package 'motoman_sia10f_support' build argument 'ament_cmake_args' from command line to 'None'
[0.394s] Level 5:colcon.colcon_core.verb:set package 'motoman_sia10f_support' build argument 'catkin_cmake_args' from command line to 'None'
[0.394s] Level 5:colcon.colcon_core.verb:set package 'motoman_sia10f_support' build argument 'catkin_skip_building_tests' from command line to 'False'
[0.394s] DEBUG:colcon.colcon_core.verb:Building package 'motoman_sia10f_support' with the following arguments: {'ament_cmake_args': None, 'build_base': '/home/hungnb/cocarry_ws/build/motoman_sia10f_support', 'catkin_cmake_args': None, 'catkin_skip_building_tests': False, 'cmake_args': None, 'cmake_clean_cache': False, 'cmake_clean_first': False, 'cmake_force_configure': False, 'cmake_target': None, 'cmake_target_skip_unavailable': False, 'install_base': '/home/hungnb/cocarry_ws/install/motoman_sia10f_support', 'merge_install': False, 'path': '/home/hungnb/cocarry_ws/src/motoman_ros2_support_packages/motoman_sia10f_support', 'symlink_install': False, 'test_result_base': None}
[0.394s] Level 5:colcon.colcon_core.verb:set package 'motoman_sia20d_support' build argument 'cmake_args' from command line to 'None'
[0.394s] Level 5:colcon.colcon_core.verb:set package 'motoman_sia20d_support' build argument 'cmake_target' from command line to 'None'
[0.394s] Level 5:colcon.colcon_core.verb:set package 'motoman_sia20d_support' build argument 'cmake_target_skip_unavailable' from command line to 'False'
[0.394s] Level 5:colcon.colcon_core.verb:set package 'motoman_sia20d_support' build argument 'cmake_clean_cache' from command line to 'False'
[0.394s] Level 5:colcon.colcon_core.verb:set package 'motoman_sia20d_support' build argument 'cmake_clean_first' from command line to 'False'
[0.394s] Level 5:colcon.colcon_core.verb:set package 'motoman_sia20d_support' build argument 'cmake_force_configure' from command line to 'False'
[0.394s] Level 5:colcon.colcon_core.verb:set package 'motoman_sia20d_support' build argument 'ament_cmake_args' from command line to 'None'
[0.394s] Level 5:colcon.colcon_core.verb:set package 'motoman_sia20d_support' build argument 'catkin_cmake_args' from command line to 'None'
[0.394s] Level 5:colcon.colcon_core.verb:set package 'motoman_sia20d_support' build argument 'catkin_skip_building_tests' from command line to 'False'
[0.394s] DEBUG:colcon.colcon_core.verb:Building package 'motoman_sia20d_support' with the following arguments: {'ament_cmake_args': None, 'build_base': '/home/hungnb/cocarry_ws/build/motoman_sia20d_support', 'catkin_cmake_args': None, 'catkin_skip_building_tests': False, 'cmake_args': None, 'cmake_clean_cache': False, 'cmake_clean_first': False, 'cmake_force_configure': False, 'cmake_target': None, 'cmake_target_skip_unavailable': False, 'install_base': '/home/hungnb/cocarry_ws/install/motoman_sia20d_support', 'merge_install': False, 'path': '/home/hungnb/cocarry_ws/src/motoman_ros2_support_packages/motoman_sia20d_support', 'symlink_install': False, 'test_result_base': None}
[0.394s] Level 5:colcon.colcon_core.verb:set package 'motoman_sia30d_support' build argument 'cmake_args' from command line to 'None'
[0.394s] Level 5:colcon.colcon_core.verb:set package 'motoman_sia30d_support' build argument 'cmake_target' from command line to 'None'
[0.394s] Level 5:colcon.colcon_core.verb:set package 'motoman_sia30d_support' build argument 'cmake_target_skip_unavailable' from command line to 'False'
[0.394s] Level 5:colcon.colcon_core.verb:set package 'motoman_sia30d_support' build argument 'cmake_clean_cache' from command line to 'False'
[0.394s] Level 5:colcon.colcon_core.verb:set package 'motoman_sia30d_support' build argument 'cmake_clean_first' from command line to 'False'
[0.394s] Level 5:colcon.colcon_core.verb:set package 'motoman_sia30d_support' build argument 'cmake_force_configure' from command line to 'False'
[0.394s] Level 5:colcon.colcon_core.verb:set package 'motoman_sia30d_support' build argument 'ament_cmake_args' from command line to 'None'
[0.394s] Level 5:colcon.colcon_core.verb:set package 'motoman_sia30d_support' build argument 'catkin_cmake_args' from command line to 'None'
[0.394s] Level 5:colcon.colcon_core.verb:set package 'motoman_sia30d_support' build argument 'catkin_skip_building_tests' from command line to 'False'
[0.394s] DEBUG:colcon.colcon_core.verb:Building package 'motoman_sia30d_support' with the following arguments: {'ament_cmake_args': None, 'build_base': '/home/hungnb/cocarry_ws/build/motoman_sia30d_support', 'catkin_cmake_args': None, 'catkin_skip_building_tests': False, 'cmake_args': None, 'cmake_clean_cache': False, 'cmake_clean_first': False, 'cmake_force_configure': False, 'cmake_target': None, 'cmake_target_skip_unavailable': False, 'install_base': '/home/hungnb/cocarry_ws/install/motoman_sia30d_support', 'merge_install': False, 'path': '/home/hungnb/cocarry_ws/src/motoman_ros2_support_packages/motoman_sia30d_support', 'symlink_install': False, 'test_result_base': None}
[0.394s] Level 5:colcon.colcon_core.verb:set package 'motoman_sia50_support' build argument 'cmake_args' from command line to 'None'
[0.394s] Level 5:colcon.colcon_core.verb:set package 'motoman_sia50_support' build argument 'cmake_target' from command line to 'None'
[0.394s] Level 5:colcon.colcon_core.verb:set package 'motoman_sia50_support' build argument 'cmake_target_skip_unavailable' from command line to 'False'
[0.394s] Level 5:colcon.colcon_core.verb:set package 'motoman_sia50_support' build argument 'cmake_clean_cache' from command line to 'False'
[0.394s] Level 5:colcon.colcon_core.verb:set package 'motoman_sia50_support' build argument 'cmake_clean_first' from command line to 'False'
[0.394s] Level 5:colcon.colcon_core.verb:set package 'motoman_sia50_support' build argument 'cmake_force_configure' from command line to 'False'
[0.395s] Level 5:colcon.colcon_core.verb:set package 'motoman_sia50_support' build argument 'ament_cmake_args' from command line to 'None'
[0.395s] Level 5:colcon.colcon_core.verb:set package 'motoman_sia50_support' build argument 'catkin_cmake_args' from command line to 'None'
[0.395s] Level 5:colcon.colcon_core.verb:set package 'motoman_sia50_support' build argument 'catkin_skip_building_tests' from command line to 'False'
[0.395s] DEBUG:colcon.colcon_core.verb:Building package 'motoman_sia50_support' with the following arguments: {'ament_cmake_args': None, 'build_base': '/home/hungnb/cocarry_ws/build/motoman_sia50_support', 'catkin_cmake_args': None, 'catkin_skip_building_tests': False, 'cmake_args': None, 'cmake_clean_cache': False, 'cmake_clean_first': False, 'cmake_force_configure': False, 'cmake_target': None, 'cmake_target_skip_unavailable': False, 'install_base': '/home/hungnb/cocarry_ws/install/motoman_sia50_support', 'merge_install': False, 'path': '/home/hungnb/cocarry_ws/src/motoman_ros2_support_packages/motoman_sia50_support', 'symlink_install': False, 'test_result_base': None}
[0.395s] Level 5:colcon.colcon_core.verb:set package 'motoman_sia5d_support' build argument 'cmake_args' from command line to 'None'
[0.395s] Level 5:colcon.colcon_core.verb:set package 'motoman_sia5d_support' build argument 'cmake_target' from command line to 'None'
[0.395s] Level 5:colcon.colcon_core.verb:set package 'motoman_sia5d_support' build argument 'cmake_target_skip_unavailable' from command line to 'False'
[0.395s] Level 5:colcon.colcon_core.verb:set package 'motoman_sia5d_support' build argument 'cmake_clean_cache' from command line to 'False'
[0.395s] Level 5:colcon.colcon_core.verb:set package 'motoman_sia5d_support' build argument 'cmake_clean_first' from command line to 'False'
[0.395s] Level 5:colcon.colcon_core.verb:set package 'motoman_sia5d_support' build argument 'cmake_force_configure' from command line to 'False'
[0.395s] Level 5:colcon.colcon_core.verb:set package 'motoman_sia5d_support' build argument 'ament_cmake_args' from command line to 'None'
[0.395s] Level 5:colcon.colcon_core.verb:set package 'motoman_sia5d_support' build argument 'catkin_cmake_args' from command line to 'None'
[0.395s] Level 5:colcon.colcon_core.verb:set package 'motoman_sia5d_support' build argument 'catkin_skip_building_tests' from command line to 'False'
[0.395s] DEBUG:colcon.colcon_core.verb:Building package 'motoman_sia5d_support' with the following arguments: {'ament_cmake_args': None, 'build_base': '/home/hungnb/cocarry_ws/build/motoman_sia5d_support', 'catkin_cmake_args': None, 'catkin_skip_building_tests': False, 'cmake_args': None, 'cmake_clean_cache': False, 'cmake_clean_first': False, 'cmake_force_configure': False, 'cmake_target': None, 'cmake_target_skip_unavailable': False, 'install_base': '/home/hungnb/cocarry_ws/install/motoman_sia5d_support', 'merge_install': False, 'path': '/home/hungnb/cocarry_ws/src/motoman_ros2_support_packages/motoman_sia5d_support', 'symlink_install': False, 'test_result_base': None}
[0.395s] Level 5:colcon.colcon_core.verb:set package 'motoman_up50n_support' build argument 'cmake_args' from command line to 'None'
[0.395s] Level 5:colcon.colcon_core.verb:set package 'motoman_up50n_support' build argument 'cmake_target' from command line to 'None'
[0.395s] Level 5:colcon.colcon_core.verb:set package 'motoman_up50n_support' build argument 'cmake_target_skip_unavailable' from command line to 'False'
[0.395s] Level 5:colcon.colcon_core.verb:set package 'motoman_up50n_support' build argument 'cmake_clean_cache' from command line to 'False'
[0.395s] Level 5:colcon.colcon_core.verb:set package 'motoman_up50n_support' build argument 'cmake_clean_first' from command line to 'False'
[0.395s] Level 5:colcon.colcon_core.verb:set package 'motoman_up50n_support' build argument 'cmake_force_configure' from command line to 'False'
[0.395s] Level 5:colcon.colcon_core.verb:set package 'motoman_up50n_support' build argument 'ament_cmake_args' from command line to 'None'
[0.395s] Level 5:colcon.colcon_core.verb:set package 'motoman_up50n_support' build argument 'catkin_cmake_args' from command line to 'None'
[0.395s] Level 5:colcon.colcon_core.verb:set package 'motoman_up50n_support' build argument 'catkin_skip_building_tests' from command line to 'False'
[0.395s] DEBUG:colcon.colcon_core.verb:Building package 'motoman_up50n_support' with the following arguments: {'ament_cmake_args': None, 'build_base': '/home/hungnb/cocarry_ws/build/motoman_up50n_support', 'catkin_cmake_args': None, 'catkin_skip_building_tests': False, 'cmake_args': None, 'cmake_clean_cache': False, 'cmake_clean_first': False, 'cmake_force_configure': False, 'cmake_target': None, 'cmake_target_skip_unavailable': False, 'install_base': '/home/hungnb/cocarry_ws/install/motoman_up50n_support', 'merge_install': False, 'path': '/home/hungnb/cocarry_ws/src/motoman_ros2_support_packages/motoman_up50n_support', 'symlink_install': False, 'test_result_base': None}
[0.395s] Level 5:colcon.colcon_core.verb:set package 'predictor_ui' build argument 'cmake_args' from command line to 'None'
[0.395s] Level 5:colcon.colcon_core.verb:set package 'predictor_ui' build argument 'cmake_target' from command line to 'None'
[0.395s] Level 5:colcon.colcon_core.verb:set package 'predictor_ui' build argument 'cmake_target_skip_unavailable' from command line to 'False'
[0.395s] Level 5:colcon.colcon_core.verb:set package 'predictor_ui' build argument 'cmake_clean_cache' from command line to 'False'
[0.395s] Level 5:colcon.colcon_core.verb:set package 'predictor_ui' build argument 'cmake_clean_first' from command line to 'False'
[0.395s] Level 5:colcon.colcon_core.verb:set package 'predictor_ui' build argument 'cmake_force_configure' from command line to 'False'
[0.395s] Level 5:colcon.colcon_core.verb:set package 'predictor_ui' build argument 'ament_cmake_args' from command line to 'None'
[0.395s] Level 5:colcon.colcon_core.verb:set package 'predictor_ui' build argument 'catkin_cmake_args' from command line to 'None'
[0.395s] Level 5:colcon.colcon_core.verb:set package 'predictor_ui' build argument 'catkin_skip_building_tests' from command line to 'False'
[0.395s] DEBUG:colcon.colcon_core.verb:Building package 'predictor_ui' with the following arguments: {'ament_cmake_args': None, 'build_base': '/home/hungnb/cocarry_ws/build/predictor_ui', 'catkin_cmake_args': None, 'catkin_skip_building_tests': False, 'cmake_args': None, 'cmake_clean_cache': False, 'cmake_clean_first': False, 'cmake_force_configure': False, 'cmake_target': None, 'cmake_target_skip_unavailable': False, 'install_base': '/home/hungnb/cocarry_ws/install/predictor_ui', 'merge_install': False, 'path': '/home/hungnb/cocarry_ws/src/predictor_ui', 'symlink_install': False, 'test_result_base': None}
[0.395s] Level 5:colcon.colcon_core.verb:set package 'realsense_tracker' build argument 'cmake_args' from command line to 'None'
[0.395s] Level 5:colcon.colcon_core.verb:set package 'realsense_tracker' build argument 'cmake_target' from command line to 'None'
[0.395s] Level 5:colcon.colcon_core.verb:set package 'realsense_tracker' build argument 'cmake_target_skip_unavailable' from command line to 'False'
[0.395s] Level 5:colcon.colcon_core.verb:set package 'realsense_tracker' build argument 'cmake_clean_cache' from command line to 'False'
[0.395s] Level 5:colcon.colcon_core.verb:set package 'realsense_tracker' build argument 'cmake_clean_first' from command line to 'False'
[0.395s] Level 5:colcon.colcon_core.verb:set package 'realsense_tracker' build argument 'cmake_force_configure' from command line to 'False'
[0.395s] Level 5:colcon.colcon_core.verb:set package 'realsense_tracker' build argument 'ament_cmake_args' from command line to 'None'
[0.395s] Level 5:colcon.colcon_core.verb:set package 'realsense_tracker' build argument 'catkin_cmake_args' from command line to 'None'
[0.395s] Level 5:colcon.colcon_core.verb:set package 'realsense_tracker' build argument 'catkin_skip_building_tests' from command line to 'False'
[0.395s] DEBUG:colcon.colcon_core.verb:Building package 'realsense_tracker' with the following arguments: {'ament_cmake_args': None, 'build_base': '/home/hungnb/cocarry_ws/build/realsense_tracker', 'catkin_cmake_args': None, 'catkin_skip_building_tests': False, 'cmake_args': None, 'cmake_clean_cache': False, 'cmake_clean_first': False, 'cmake_force_configure': False, 'cmake_target': None, 'cmake_target_skip_unavailable': False, 'install_base': '/home/hungnb/cocarry_ws/install/realsense_tracker', 'merge_install': False, 'path': '/home/hungnb/cocarry_ws/src/realsense_tracker', 'symlink_install': False, 'test_result_base': None}
[0.396s] Level 5:colcon.colcon_core.verb:set package 'trajectory_predictor' build argument 'cmake_args' from command line to 'None'
[0.396s] Level 5:colcon.colcon_core.verb:set package 'trajectory_predictor' build argument 'cmake_target' from command line to 'None'
[0.396s] Level 5:colcon.colcon_core.verb:set package 'trajectory_predictor' build argument 'cmake_target_skip_unavailable' from command line to 'False'
[0.396s] Level 5:colcon.colcon_core.verb:set package 'trajectory_predictor' build argument 'cmake_clean_cache' from command line to 'False'
[0.396s] Level 5:colcon.colcon_core.verb:set package 'trajectory_predictor' build argument 'cmake_clean_first' from command line to 'False'
[0.396s] Level 5:colcon.colcon_core.verb:set package 'trajectory_predictor' build argument 'cmake_force_configure' from command line to 'False'
[0.396s] Level 5:colcon.colcon_core.verb:set package 'trajectory_predictor' build argument 'ament_cmake_args' from command line to 'None'
[0.396s] Level 5:colcon.colcon_core.verb:set package 'trajectory_predictor' build argument 'catkin_cmake_args' from command line to 'None'
[0.396s] Level 5:colcon.colcon_core.verb:set package 'trajectory_predictor' build argument 'catkin_skip_building_tests' from command line to 'False'
[0.396s] DEBUG:colcon.colcon_core.verb:Building package 'trajectory_predictor' with the following arguments: {'ament_cmake_args': None, 'build_base': '/home/hungnb/cocarry_ws/build/trajectory_predictor', 'catkin_cmake_args': None, 'catkin_skip_building_tests': False, 'cmake_args': None, 'cmake_clean_cache': False, 'cmake_clean_first': False, 'cmake_force_configure': False, 'cmake_target': None, 'cmake_target_skip_unavailable': False, 'install_base': '/home/hungnb/cocarry_ws/install/trajectory_predictor', 'merge_install': False, 'path': '/home/hungnb/cocarry_ws/src/trajectory_predictor', 'symlink_install': False, 'test_result_base': None}
[0.396s] Level 5:colcon.colcon_core.verb:set package 'kinect2_calibration' build argument 'cmake_args' from command line to 'None'
[0.396s] Level 5:colcon.colcon_core.verb:set package 'kinect2_calibration' build argument 'cmake_target' from command line to 'None'
[0.396s] Level 5:colcon.colcon_core.verb:set package 'kinect2_calibration' build argument 'cmake_target_skip_unavailable' from command line to 'False'
[0.396s] Level 5:colcon.colcon_core.verb:set package 'kinect2_calibration' build argument 'cmake_clean_cache' from command line to 'False'
[0.396s] Level 5:colcon.colcon_core.verb:set package 'kinect2_calibration' build argument 'cmake_clean_first' from command line to 'False'
[0.396s] Level 5:colcon.colcon_core.verb:set package 'kinect2_calibration' build argument 'cmake_force_configure' from command line to 'False'
[0.396s] Level 5:colcon.colcon_core.verb:set package 'kinect2_calibration' build argument 'ament_cmake_args' from command line to 'None'
[0.396s] Level 5:colcon.colcon_core.verb:set package 'kinect2_calibration' build argument 'catkin_cmake_args' from command line to 'None'
[0.396s] Level 5:colcon.colcon_core.verb:set package 'kinect2_calibration' build argument 'catkin_skip_building_tests' from command line to 'False'
[0.396s] DEBUG:colcon.colcon_core.verb:Building package 'kinect2_calibration' with the following arguments: {'ament_cmake_args': None, 'build_base': '/home/hungnb/cocarry_ws/build/kinect2_calibration', 'catkin_cmake_args': None, 'catkin_skip_building_tests': False, 'cmake_args': None, 'cmake_clean_cache': False, 'cmake_clean_first': False, 'cmake_force_configure': False, 'cmake_target': None, 'cmake_target_skip_unavailable': False, 'install_base': '/home/hungnb/cocarry_ws/install/kinect2_calibration', 'merge_install': False, 'path': '/home/hungnb/cocarry_ws/src/kinect2_ros2/kinect2_calibration', 'symlink_install': False, 'test_result_base': None}
[0.396s] Level 5:colcon.colcon_core.verb:set package 'motoman_gp250_support' build argument 'cmake_args' from command line to 'None'
[0.396s] Level 5:colcon.colcon_core.verb:set package 'motoman_gp250_support' build argument 'cmake_target' from command line to 'None'
[0.396s] Level 5:colcon.colcon_core.verb:set package 'motoman_gp250_support' build argument 'cmake_target_skip_unavailable' from command line to 'False'
[0.396s] Level 5:colcon.colcon_core.verb:set package 'motoman_gp250_support' build argument 'cmake_clean_cache' from command line to 'False'
[0.396s] Level 5:colcon.colcon_core.verb:set package 'motoman_gp250_support' build argument 'cmake_clean_first' from command line to 'False'
[0.396s] Level 5:colcon.colcon_core.verb:set package 'motoman_gp250_support' build argument 'cmake_force_configure' from command line to 'False'
[0.396s] Level 5:colcon.colcon_core.verb:set package 'motoman_gp250_support' build argument 'ament_cmake_args' from command line to 'None'
[0.396s] Level 5:colcon.colcon_core.verb:set package 'motoman_gp250_support' build argument 'catkin_cmake_args' from command line to 'None'
[0.396s] Level 5:colcon.colcon_core.verb:set package 'motoman_gp250_support' build argument 'catkin_skip_building_tests' from command line to 'False'
[0.396s] DEBUG:colcon.colcon_core.verb:Building package 'motoman_gp250_support' with the following arguments: {'ament_cmake_args': None, 'build_base': '/home/hungnb/cocarry_ws/build/motoman_gp250_support', 'catkin_cmake_args': None, 'catkin_skip_building_tests': False, 'cmake_args': None, 'cmake_clean_cache': False, 'cmake_clean_first': False, 'cmake_force_configure': False, 'cmake_target': None, 'cmake_target_skip_unavailable': False, 'install_base': '/home/hungnb/cocarry_ws/install/motoman_gp250_support', 'merge_install': False, 'path': '/home/hungnb/cocarry_ws/src/motoman_ros2_support_packages/motoman_gp250_support', 'symlink_install': False, 'test_result_base': None}
[0.396s] Level 5:colcon.colcon_core.verb:set package 'motoman_hc10dtp_support' build argument 'cmake_args' from command line to 'None'
[0.396s] Level 5:colcon.colcon_core.verb:set package 'motoman_hc10dtp_support' build argument 'cmake_target' from command line to 'None'
[0.396s] Level 5:colcon.colcon_core.verb:set package 'motoman_hc10dtp_support' build argument 'cmake_target_skip_unavailable' from command line to 'False'
[0.396s] Level 5:colcon.colcon_core.verb:set package 'motoman_hc10dtp_support' build argument 'cmake_clean_cache' from command line to 'False'
[0.396s] Level 5:colcon.colcon_core.verb:set package 'motoman_hc10dtp_support' build argument 'cmake_clean_first' from command line to 'False'
[0.396s] Level 5:colcon.colcon_core.verb:set package 'motoman_hc10dtp_support' build argument 'cmake_force_configure' from command line to 'False'
[0.396s] Level 5:colcon.colcon_core.verb:set package 'motoman_hc10dtp_support' build argument 'ament_cmake_args' from command line to 'None'
[0.396s] Level 5:colcon.colcon_core.verb:set package 'motoman_hc10dtp_support' build argument 'catkin_cmake_args' from command line to 'None'
[0.396s] Level 5:colcon.colcon_core.verb:set package 'motoman_hc10dtp_support' build argument 'catkin_skip_building_tests' from command line to 'False'
[0.396s] DEBUG:colcon.colcon_core.verb:Building package 'motoman_hc10dtp_support' with the following arguments: {'ament_cmake_args': None, 'build_base': '/home/hungnb/cocarry_ws/build/motoman_hc10dtp_support', 'catkin_cmake_args': None, 'catkin_skip_building_tests': False, 'cmake_args': None, 'cmake_clean_cache': False, 'cmake_clean_first': False, 'cmake_force_configure': False, 'cmake_target': None, 'cmake_target_skip_unavailable': False, 'install_base': '/home/hungnb/cocarry_ws/install/motoman_hc10dtp_support', 'merge_install': False, 'path': '/home/hungnb/cocarry_ws/src/motoman_hc10dtp_support', 'symlink_install': False, 'test_result_base': None}
[0.396s] Level 5:colcon.colcon_core.verb:set package 'motoman_mh110_support' build argument 'cmake_args' from command line to 'None'
[0.396s] Level 5:colcon.colcon_core.verb:set package 'motoman_mh110_support' build argument 'cmake_target' from command line to 'None'
[0.397s] Level 5:colcon.colcon_core.verb:set package 'motoman_mh110_support' build argument 'cmake_target_skip_unavailable' from command line to 'False'
[0.397s] Level 5:colcon.colcon_core.verb:set package 'motoman_mh110_support' build argument 'cmake_clean_cache' from command line to 'False'
[0.397s] Level 5:colcon.colcon_core.verb:set package 'motoman_mh110_support' build argument 'cmake_clean_first' from command line to 'False'
[0.397s] Level 5:colcon.colcon_core.verb:set package 'motoman_mh110_support' build argument 'cmake_force_configure' from command line to 'False'
[0.397s] Level 5:colcon.colcon_core.verb:set package 'motoman_mh110_support' build argument 'ament_cmake_args' from command line to 'None'
[0.397s] Level 5:colcon.colcon_core.verb:set package 'motoman_mh110_support' build argument 'catkin_cmake_args' from command line to 'None'
[0.397s] Level 5:colcon.colcon_core.verb:set package 'motoman_mh110_support' build argument 'catkin_skip_building_tests' from command line to 'False'
[0.397s] DEBUG:colcon.colcon_core.verb:Building package 'motoman_mh110_support' with the following arguments: {'ament_cmake_args': None, 'build_base': '/home/hungnb/cocarry_ws/build/motoman_mh110_support', 'catkin_cmake_args': None, 'catkin_skip_building_tests': False, 'cmake_args': None, 'cmake_clean_cache': False, 'cmake_clean_first': False, 'cmake_force_configure': False, 'cmake_target': None, 'cmake_target_skip_unavailable': False, 'install_base': '/home/hungnb/cocarry_ws/install/motoman_mh110_support', 'merge_install': False, 'path': '/home/hungnb/cocarry_ws/src/motoman_ros2_support_packages/motoman_mh110_support', 'symlink_install': False, 'test_result_base': None}
[0.397s] Level 5:colcon.colcon_core.verb:set package 'hc10dtp_moveit_config' build argument 'cmake_args' from command line to 'None'
[0.397s] Level 5:colcon.colcon_core.verb:set package 'hc10dtp_moveit_config' build argument 'cmake_target' from command line to 'None'
[0.397s] Level 5:colcon.colcon_core.verb:set package 'hc10dtp_moveit_config' build argument 'cmake_target_skip_unavailable' from command line to 'False'
[0.397s] Level 5:colcon.colcon_core.verb:set package 'hc10dtp_moveit_config' build argument 'cmake_clean_cache' from command line to 'False'
[0.397s] Level 5:colcon.colcon_core.verb:set package 'hc10dtp_moveit_config' build argument 'cmake_clean_first' from command line to 'False'
[0.397s] Level 5:colcon.colcon_core.verb:set package 'hc10dtp_moveit_config' build argument 'cmake_force_configure' from command line to 'False'
[0.397s] Level 5:colcon.colcon_core.verb:set package 'hc10dtp_moveit_config' build argument 'ament_cmake_args' from command line to 'None'
[0.397s] Level 5:colcon.colcon_core.verb:set package 'hc10dtp_moveit_config' build argument 'catkin_cmake_args' from command line to 'None'
[0.397s] Level 5:colcon.colcon_core.verb:set package 'hc10dtp_moveit_config' build argument 'catkin_skip_building_tests' from command line to 'False'
[0.397s] DEBUG:colcon.colcon_core.verb:Building package 'hc10dtp_moveit_config' with the following arguments: {'ament_cmake_args': None, 'build_base': '/home/hungnb/cocarry_ws/build/hc10dtp_moveit_config', 'catkin_cmake_args': None, 'catkin_skip_building_tests': False, 'cmake_args': None, 'cmake_clean_cache': False, 'cmake_clean_first': False, 'cmake_force_configure': False, 'cmake_target': None, 'cmake_target_skip_unavailable': False, 'install_base': '/home/hungnb/cocarry_ws/install/hc10dtp_moveit_config', 'merge_install': False, 'path': '/home/hungnb/cocarry_ws/src/hc10dtp_moveit_config', 'symlink_install': False, 'test_result_base': None}
[0.397s] Level 5:colcon.colcon_core.verb:set package 'motoman' build argument 'cmake_args' from command line to 'None'
[0.397s] Level 5:colcon.colcon_core.verb:set package 'motoman' build argument 'cmake_target' from command line to 'None'
[0.397s] Level 5:colcon.colcon_core.verb:set package 'motoman' build argument 'cmake_target_skip_unavailable' from command line to 'False'
[0.397s] Level 5:colcon.colcon_core.verb:set package 'motoman' build argument 'cmake_clean_cache' from command line to 'False'
[0.397s] Level 5:colcon.colcon_core.verb:set package 'motoman' build argument 'cmake_clean_first' from command line to 'False'
[0.397s] Level 5:colcon.colcon_core.verb:set package 'motoman' build argument 'cmake_force_configure' from command line to 'False'
[0.397s] Level 5:colcon.colcon_core.verb:set package 'motoman' build argument 'ament_cmake_args' from command line to 'None'
[0.397s] Level 5:colcon.colcon_core.verb:set package 'motoman' build argument 'catkin_cmake_args' from command line to 'None'
[0.397s] Level 5:colcon.colcon_core.verb:set package 'motoman' build argument 'catkin_skip_building_tests' from command line to 'False'
[0.397s] DEBUG:colcon.colcon_core.verb:Building package 'motoman' with the following arguments: {'ament_cmake_args': None, 'build_base': '/home/hungnb/cocarry_ws/build/motoman', 'catkin_cmake_args': None, 'catkin_skip_building_tests': False, 'cmake_args': None, 'cmake_clean_cache': False, 'cmake_clean_first': False, 'cmake_force_configure': False, 'cmake_target': None, 'cmake_target_skip_unavailable': False, 'install_base': '/home/hungnb/cocarry_ws/install/motoman', 'merge_install': False, 'path': '/home/hungnb/cocarry_ws/src/motoman_ros2_support_packages/motoman', 'symlink_install': False, 'test_result_base': None}
[0.397s] Level 5:colcon.colcon_core.verb:set package 'hc10dtp_bringup' build argument 'cmake_args' from command line to 'None'
[0.397s] Level 5:colcon.colcon_core.verb:set package 'hc10dtp_bringup' build argument 'cmake_target' from command line to 'None'
[0.397s] Level 5:colcon.colcon_core.verb:set package 'hc10dtp_bringup' build argument 'cmake_target_skip_unavailable' from command line to 'False'
[0.397s] Level 5:colcon.colcon_core.verb:set package 'hc10dtp_bringup' build argument 'cmake_clean_cache' from command line to 'False'
[0.397s] Level 5:colcon.colcon_core.verb:set package 'hc10dtp_bringup' build argument 'cmake_clean_first' from command line to 'False'
[0.397s] Level 5:colcon.colcon_core.verb:set package 'hc10dtp_bringup' build argument 'cmake_force_configure' from command line to 'False'
[0.397s] Level 5:colcon.colcon_core.verb:set package 'hc10dtp_bringup' build argument 'ament_cmake_args' from command line to 'None'
[0.397s] Level 5:colcon.colcon_core.verb:set package 'hc10dtp_bringup' build argument 'catkin_cmake_args' from command line to 'None'
[0.397s] Level 5:colcon.colcon_core.verb:set package 'hc10dtp_bringup' build argument 'catkin_skip_building_tests' from command line to 'False'
[0.397s] DEBUG:colcon.colcon_core.verb:Building package 'hc10dtp_bringup' with the following arguments: {'ament_cmake_args': None, 'build_base': '/home/hungnb/cocarry_ws/build/hc10dtp_bringup', 'catkin_cmake_args': None, 'catkin_skip_building_tests': False, 'cmake_args': None, 'cmake_clean_cache': False, 'cmake_clean_first': False, 'cmake_force_configure': False, 'cmake_target': None, 'cmake_target_skip_unavailable': False, 'install_base': '/home/hungnb/cocarry_ws/install/hc10dtp_bringup', 'merge_install': False, 'path': '/home/hungnb/cocarry_ws/src/hc10dtp_bringup', 'symlink_install': False, 'test_result_base': None}
[0.397s] Level 5:colcon.colcon_core.verb:set package 'hc10dtp_simulation' build argument 'cmake_args' from command line to 'None'
[0.397s] Level 5:colcon.colcon_core.verb:set package 'hc10dtp_simulation' build argument 'cmake_target' from command line to 'None'
[0.397s] Level 5:colcon.colcon_core.verb:set package 'hc10dtp_simulation' build argument 'cmake_target_skip_unavailable' from command line to 'False'
[0.397s] Level 5:colcon.colcon_core.verb:set package 'hc10dtp_simulation' build argument 'cmake_clean_cache' from command line to 'False'
[0.397s] Level 5:colcon.colcon_core.verb:set package 'hc10dtp_simulation' build argument 'cmake_clean_first' from command line to 'False'
[0.397s] Level 5:colcon.colcon_core.verb:set package 'hc10dtp_simulation' build argument 'cmake_force_configure' from command line to 'False'
[0.397s] Level 5:colcon.colcon_core.verb:set package 'hc10dtp_simulation' build argument 'ament_cmake_args' from command line to 'None'
[0.397s] Level 5:colcon.colcon_core.verb:set package 'hc10dtp_simulation' build argument 'catkin_cmake_args' from command line to 'None'
[0.397s] Level 5:colcon.colcon_core.verb:set package 'hc10dtp_simulation' build argument 'catkin_skip_building_tests' from command line to 'False'
[0.398s] DEBUG:colcon.colcon_core.verb:Building package 'hc10dtp_simulation' with the following arguments: {'ament_cmake_args': None, 'build_base': '/home/hungnb/cocarry_ws/build/hc10dtp_simulation', 'catkin_cmake_args': None, 'catkin_skip_building_tests': False, 'cmake_args': None, 'cmake_clean_cache': False, 'cmake_clean_first': False, 'cmake_force_configure': False, 'cmake_target': None, 'cmake_target_skip_unavailable': False, 'install_base': '/home/hungnb/cocarry_ws/install/hc10dtp_simulation', 'merge_install': False, 'path': '/home/hungnb/cocarry_ws/src/hc10dtp_simulation', 'symlink_install': False, 'test_result_base': None}
[0.398s] Level 5:colcon.colcon_core.verb:set package 'hrc_bringup' build argument 'cmake_args' from command line to 'None'
[0.398s] Level 5:colcon.colcon_core.verb:set package 'hrc_bringup' build argument 'cmake_target' from command line to 'None'
[0.398s] Level 5:colcon.colcon_core.verb:set package 'hrc_bringup' build argument 'cmake_target_skip_unavailable' from command line to 'False'
[0.398s] Level 5:colcon.colcon_core.verb:set package 'hrc_bringup' build argument 'cmake_clean_cache' from command line to 'False'
[0.398s] Level 5:colcon.colcon_core.verb:set package 'hrc_bringup' build argument 'cmake_clean_first' from command line to 'False'
[0.398s] Level 5:colcon.colcon_core.verb:set package 'hrc_bringup' build argument 'cmake_force_configure' from command line to 'False'
[0.398s] Level 5:colcon.colcon_core.verb:set package 'hrc_bringup' build argument 'ament_cmake_args' from command line to 'None'
[0.398s] Level 5:colcon.colcon_core.verb:set package 'hrc_bringup' build argument 'catkin_cmake_args' from command line to 'None'
[0.398s] Level 5:colcon.colcon_core.verb:set package 'hrc_bringup' build argument 'catkin_skip_building_tests' from command line to 'False'
[0.398s] DEBUG:colcon.colcon_core.verb:Building package 'hrc_bringup' with the following arguments: {'ament_cmake_args': None, 'build_base': '/home/hungnb/cocarry_ws/build/hrc_bringup', 'catkin_cmake_args': None, 'catkin_skip_building_tests': False, 'cmake_args': None, 'cmake_clean_cache': False, 'cmake_clean_first': False, 'cmake_force_configure': False, 'cmake_target': None, 'cmake_target_skip_unavailable': False, 'install_base': '/home/hungnb/cocarry_ws/install/hrc_bringup', 'merge_install': False, 'path': '/home/hungnb/cocarry_ws/src/hrc_bringup', 'symlink_install': False, 'test_result_base': None}
[0.398s] INFO:colcon.colcon_core.executor:Executing jobs using 'parallel' executor
[0.399s] DEBUG:colcon.colcon_parallel_executor.executor.parallel:run_until_complete
[0.399s] INFO:colcon.colcon_ros.task.ament_cmake.build:Building ROS package in '/home/hungnb/cocarry_ws/src/motoman_ros2_support_packages/motoman_resources' with build type 'ament_cmake'
[0.399s] INFO:colcon.colcon_cmake.task.cmake.build:Building CMake package in '/home/hungnb/cocarry_ws/src/motoman_ros2_support_packages/motoman_resources'
[0.403s] INFO:colcon.colcon_core.plugin_system:Skipping extension 'colcon_core.shell.bat': Not used on non-Windows systems
[0.403s] INFO:colcon.colcon_core.shell:Skip shell extension 'powershell' for command environment: Not usable outside of PowerShell
[0.403s] DEBUG:colcon.colcon_core.shell:Skip shell extension 'dsv' for command environment
[0.408s] INFO:colcon.colcon_ros.task.catkin.build:Building ROS package in '/home/hungnb/cocarry_ws/src/human_hand_msgs' with build type 'catkin'
[0.408s] INFO:colcon.colcon_cmake.task.cmake.build:Building CMake package in '/home/hungnb/cocarry_ws/src/human_hand_msgs'
[0.408s] INFO:colcon.colcon_core.shell:Skip shell extension 'powershell' for command environment: Not usable outside of PowerShell
[0.408s] DEBUG:colcon.colcon_core.shell:Skip shell extension 'dsv' for command environment
[0.410s] INFO:colcon.colcon_ros.task.ament_cmake.build:Building ROS package in '/home/hungnb/cocarry_ws/src/kinect2_ros2/kinect2_registration' with build type 'ament_cmake'
[0.410s] INFO:colcon.colcon_cmake.task.cmake.build:Building CMake package in '/home/hungnb/cocarry_ws/src/kinect2_ros2/kinect2_registration'
[0.410s] INFO:colcon.colcon_core.shell:Skip shell extension 'powershell' for command environment: Not usable outside of PowerShell
[0.410s] DEBUG:colcon.colcon_core.shell:Skip shell extension 'dsv' for command environment
[0.412s] INFO:colcon.colcon_ros.task.ament_cmake.build:Building ROS package in '/home/hungnb/cocarry_ws/src/motoros2_interfaces' with build type 'ament_cmake'
[0.413s] INFO:colcon.colcon_cmake.task.cmake.build:Building CMake package in '/home/hungnb/cocarry_ws/src/motoros2_interfaces'
[0.413s] INFO:colcon.colcon_core.shell:Skip shell extension 'powershell' for command environment: Not usable outside of PowerShell
[0.413s] DEBUG:colcon.colcon_core.shell:Skip shell extension 'dsv' for command environment
[0.417s] DEBUG:colcon.colcon_core.event_handler.log_command:Invoking command in '/home/hungnb/cocarry_ws/build/motoman_resources': CMAKE_PREFIX_PATH=/opt/ros/humble /usr/bin/cmake /home/hungnb/cocarry_ws/src/motoman_ros2_support_packages/motoman_resources -DCMAKE_INSTALL_PREFIX=/home/hungnb/cocarry_ws/install/motoman_resources
[0.422s] DEBUG:colcon.colcon_core.event_handler.log_command:Invoking command in '/home/hungnb/cocarry_ws/build/human_hand_msgs': /usr/bin/cmake /home/hungnb/cocarry_ws/src/human_hand_msgs -DCATKIN_INSTALL_INTO_PREFIX_ROOT=0 -DCMAKE_INSTALL_PREFIX=/home/hungnb/cocarry_ws/install/human_hand_msgs
[0.425s] DEBUG:colcon.colcon_core.event_handler.log_command:Invoking command in '/home/hungnb/cocarry_ws/build/kinect2_registration': CMAKE_PREFIX_PATH=/opt/ros/humble /usr/bin/cmake /home/hungnb/cocarry_ws/src/kinect2_ros2/kinect2_registration -DCMAKE_INSTALL_PREFIX=/home/hungnb/cocarry_ws/install/kinect2_registration
[0.428s] DEBUG:colcon.colcon_core.event_handler.log_command:Invoking command in '/home/hungnb/cocarry_ws/build/motoros2_interfaces': CMAKE_PREFIX_PATH=/opt/ros/humble /usr/bin/cmake /home/hungnb/cocarry_ws/src/motoros2_interfaces -DCMAKE_INSTALL_PREFIX=/home/hungnb/cocarry_ws/install/motoros2_interfaces
[0.607s] DEBUG:colcon.colcon_core.event_handler.log_command:Invoked command in '/home/hungnb/cocarry_ws/build/motoman_resources' returned '0': CMAKE_PREFIX_PATH=/opt/ros/humble /usr/bin/cmake /home/hungnb/cocarry_ws/src/motoman_ros2_support_packages/motoman_resources -DCMAKE_INSTALL_PREFIX=/home/hungnb/cocarry_ws/install/motoman_resources
[0.608s] DEBUG:colcon.colcon_core.event_handler.log_command:Invoking command in '/home/hungnb/cocarry_ws/build/motoman_resources': CMAKE_PREFIX_PATH=/opt/ros/humble /usr/bin/cmake --build /home/hungnb/cocarry_ws/build/motoman_resources -- -j16 -l16
[0.645s] DEBUG:colcon.colcon_core.event_handler.log_command:Invoked command in '/home/hungnb/cocarry_ws/build/motoman_resources' returned '0': CMAKE_PREFIX_PATH=/opt/ros/humble /usr/bin/cmake --build /home/hungnb/cocarry_ws/build/motoman_resources -- -j16 -l16
[0.654s] DEBUG:colcon.colcon_core.event_handler.log_command:Invoking command in '/home/hungnb/cocarry_ws/build/motoman_resources': CMAKE_PREFIX_PATH=/opt/ros/humble /usr/bin/cmake --install /home/hungnb/cocarry_ws/build/motoman_resources
[0.675s] Level 1:colcon.colcon_core.environment:create_environment_scripts_only(motoman_resources)
[0.676s] DEBUG:colcon.colcon_core.event_handler.log_command:Invoked command in '/home/hungnb/cocarry_ws/build/motoman_resources' returned '0': CMAKE_PREFIX_PATH=/opt/ros/humble /usr/bin/cmake --install /home/hungnb/cocarry_ws/build/motoman_resources
[0.679s] Level 1:colcon.colcon_core.environment:checking '/home/hungnb/cocarry_ws/install/motoman_resources' for CMake module files
[0.680s] Level 1:colcon.colcon_core.environment:checking '/home/hungnb/cocarry_ws/install/motoman_resources' for CMake config files
[0.680s] Level 1:colcon.colcon_core.shell:create_environment_hook('motoman_resources', 'cmake_prefix_path')
[0.680s] INFO:colcon.colcon_core.shell:Creating environment hook '/home/hungnb/cocarry_ws/install/motoman_resources/share/motoman_resources/hook/cmake_prefix_path.ps1'
[0.681s] INFO:colcon.colcon_core.shell:Creating environment descriptor '/home/hungnb/cocarry_ws/install/motoman_resources/share/motoman_resources/hook/cmake_prefix_path.dsv'
[0.681s] INFO:colcon.colcon_core.shell:Creating environment hook '/home/hungnb/cocarry_ws/install/motoman_resources/share/motoman_resources/hook/cmake_prefix_path.sh'
[0.682s] Level 1:colcon.colcon_core.environment:checking '/home/hungnb/cocarry_ws/install/motoman_resources/bin'
[0.682s] Level 1:colcon.colcon_core.environment:checking '/home/hungnb/cocarry_ws/install/motoman_resources/lib/pkgconfig/motoman_resources.pc'
[0.683s] Level 1:colcon.colcon_core.environment:checking '/home/hungnb/cocarry_ws/install/motoman_resources/lib/python3.10/site-packages'
[0.683s] Level 1:colcon.colcon_core.environment:checking '/home/hungnb/cocarry_ws/install/motoman_resources/bin'
[0.683s] INFO:colcon.colcon_core.shell:Creating package script '/home/hungnb/cocarry_ws/install/motoman_resources/share/motoman_resources/package.ps1'
[0.684s] INFO:colcon.colcon_core.shell:Creating package descriptor '/home/hungnb/cocarry_ws/install/motoman_resources/share/motoman_resources/package.dsv'
[0.685s] INFO:colcon.colcon_core.shell:Creating package script '/home/hungnb/cocarry_ws/install/motoman_resources/share/motoman_resources/package.sh'
[0.685s] INFO:colcon.colcon_core.shell:Creating package script '/home/hungnb/cocarry_ws/install/motoman_resources/share/motoman_resources/package.bash'
[0.686s] INFO:colcon.colcon_core.shell:Creating package script '/home/hungnb/cocarry_ws/install/motoman_resources/share/motoman_resources/package.zsh'
[0.687s] Level 1:colcon.colcon_core.environment:create_file_with_runtime_dependencies(/home/hungnb/cocarry_ws/install/motoman_resources/share/colcon-core/packages/motoman_resources)
[0.688s] Level 1:colcon.colcon_core.environment:create_environment_scripts_only(motoman_resources)
[0.688s] Level 1:colcon.colcon_core.environment:checking '/home/hungnb/cocarry_ws/install/motoman_resources' for CMake module files
[0.688s] Level 1:colcon.colcon_core.environment:checking '/home/hungnb/cocarry_ws/install/motoman_resources' for CMake config files
[0.688s] Level 1:colcon.colcon_core.shell:create_environment_hook('motoman_resources', 'cmake_prefix_path')
[0.688s] INFO:colcon.colcon_core.shell:Creating environment hook '/home/hungnb/cocarry_ws/install/motoman_resources/share/motoman_resources/hook/cmake_prefix_path.ps1'
[0.689s] INFO:colcon.colcon_core.shell:Creating environment descriptor '/home/hungnb/cocarry_ws/install/motoman_resources/share/motoman_resources/hook/cmake_prefix_path.dsv'
[0.689s] INFO:colcon.colcon_core.shell:Creating environment hook '/home/hungnb/cocarry_ws/install/motoman_resources/share/motoman_resources/hook/cmake_prefix_path.sh'
[0.689s] Level 1:colcon.colcon_core.environment:checking '/home/hungnb/cocarry_ws/install/motoman_resources/bin'
[0.689s] Level 1:colcon.colcon_core.environment:checking '/home/hungnb/cocarry_ws/install/motoman_resources/lib/pkgconfig/motoman_resources.pc'
[0.689s] Level 1:colcon.colcon_core.environment:checking '/home/hungnb/cocarry_ws/install/motoman_resources/lib/python3.10/site-packages'
[0.690s] Level 1:colcon.colcon_core.environment:checking '/home/hungnb/cocarry_ws/install/motoman_resources/bin'
[0.690s] INFO:colcon.colcon_core.shell:Creating package script '/home/hungnb/cocarry_ws/install/motoman_resources/share/motoman_resources/package.ps1'
[0.690s] INFO:colcon.colcon_core.shell:Creating package descriptor '/home/hungnb/cocarry_ws/install/motoman_resources/share/motoman_resources/package.dsv'
[0.690s] INFO:colcon.colcon_core.shell:Creating package script '/home/hungnb/cocarry_ws/install/motoman_resources/share/motoman_resources/package.sh'
[0.691s] INFO:colcon.colcon_core.shell:Creating package script '/home/hungnb/cocarry_ws/install/motoman_resources/share/motoman_resources/package.bash'
[0.691s] INFO:colcon.colcon_core.shell:Creating package script '/home/hungnb/cocarry_ws/install/motoman_resources/share/motoman_resources/package.zsh'
[0.691s] Level 1:colcon.colcon_core.environment:create_file_with_runtime_dependencies(/home/hungnb/cocarry_ws/install/motoman_resources/share/colcon-core/packages/motoman_resources)
[0.692s] INFO:colcon.colcon_ros.task.ament_cmake.build:Building ROS package in '/home/hungnb/cocarry_ws/src/motoman_ros2_support_packages/motoman_hc10_support' with build type 'ament_cmake'
[0.692s] INFO:colcon.colcon_cmake.task.cmake.build:Building CMake package in '/home/hungnb/cocarry_ws/src/motoman_ros2_support_packages/motoman_hc10_support'
[0.692s] INFO:colcon.colcon_core.shell:Skip shell extension 'powershell' for command environment: Not usable outside of PowerShell
[0.692s] DEBUG:colcon.colcon_core.shell:Skip shell extension 'dsv' for command environment
[0.694s] INFO:colcon.colcon_ros.task.ament_cmake.build:Building ROS package in '/home/hungnb/cocarry_ws/src/motoman_ros2_support_packages/motoman_gp110_support' with build type 'ament_cmake'
[0.694s] INFO:colcon.colcon_cmake.task.cmake.build:Building CMake package in '/home/hungnb/cocarry_ws/src/motoman_ros2_support_packages/motoman_gp110_support'
[0.695s] INFO:colcon.colcon_core.shell:Skip shell extension 'powershell' for command environment: Not usable outside of PowerShell
[0.695s] DEBUG:colcon.colcon_core.shell:Skip shell extension 'dsv' for command environment
[0.697s] INFO:colcon.colcon_ros.task.ament_cmake.build:Building ROS package in '/home/hungnb/cocarry_ws/src/motoman_ros2_support_packages/motoman_gp215_support' with build type 'ament_cmake'
[0.697s] INFO:colcon.colcon_cmake.task.cmake.build:Building CMake package in '/home/hungnb/cocarry_ws/src/motoman_ros2_support_packages/motoman_gp215_support'
[0.697s] INFO:colcon.colcon_core.shell:Skip shell extension 'powershell' for command environment: Not usable outside of PowerShell
[0.697s] DEBUG:colcon.colcon_core.shell:Skip shell extension 'dsv' for command environment
[0.699s] INFO:colcon.colcon_ros.task.ament_cmake.build:Building ROS package in '/home/hungnb/cocarry_ws/src/motoman_ros2_support_packages/motoman_ar2010_support' with build type 'ament_cmake'
[0.699s] INFO:colcon.colcon_cmake.task.cmake.build:Building CMake package in '/home/hungnb/cocarry_ws/src/motoman_ros2_support_packages/motoman_ar2010_support'
[0.699s] INFO:colcon.colcon_core.shell:Skip shell extension 'powershell' for command environment: Not usable outside of PowerShell
[0.699s] DEBUG:colcon.colcon_core.shell:Skip shell extension 'dsv' for command environment
[0.702s] INFO:colcon.colcon_ros.task.ament_cmake.build:Building ROS package in '/home/hungnb/cocarry_ws/src/motoman_ros2_support_packages/motoman_es_support' with build type 'ament_cmake'
[0.702s] INFO:colcon.colcon_cmake.task.cmake.build:Building CMake package in '/home/hungnb/cocarry_ws/src/motoman_ros2_support_packages/motoman_es_support'
[0.702s] INFO:colcon.colcon_core.shell:Skip shell extension 'powershell' for command environment: Not usable outside of PowerShell
[0.702s] DEBUG:colcon.colcon_core.shell:Skip shell extension 'dsv' for command environment
[0.704s] INFO:colcon.colcon_ros.task.ament_cmake.build:Building ROS package in '/home/hungnb/cocarry_ws/src/motoman_ros2_support_packages/motoman_gp12_support' with build type 'ament_cmake'
[0.704s] INFO:colcon.colcon_cmake.task.cmake.build:Building CMake package in '/home/hungnb/cocarry_ws/src/motoman_ros2_support_packages/motoman_gp12_support'
[0.705s] INFO:colcon.colcon_core.shell:Skip shell extension 'powershell' for command environment: Not usable outside of PowerShell
[0.705s] DEBUG:colcon.colcon_core.shell:Skip shell extension 'dsv' for command environment
[0.707s] INFO:colcon.colcon_ros.task.ament_cmake.build:Building ROS package in '/home/hungnb/cocarry_ws/src/motoman_ros2_support_packages/motoman_gp165r_support' with build type 'ament_cmake'
[0.707s] INFO:colcon.colcon_cmake.task.cmake.build:Building CMake package in '/home/hungnb/cocarry_ws/src/motoman_ros2_support_packages/motoman_gp165r_support'
[0.707s] INFO:colcon.colcon_core.shell:Skip shell extension 'powershell' for command environment: Not usable outside of PowerShell
[0.707s] DEBUG:colcon.colcon_core.shell:Skip shell extension 'dsv' for command environment
[0.710s] INFO:colcon.colcon_ros.task.ament_cmake.build:Building ROS package in '/home/hungnb/cocarry_ws/src/motoman_ros2_support_packages/motoman_gp180_support' with build type 'ament_cmake'
[0.710s] INFO:colcon.colcon_cmake.task.cmake.build:Building CMake package in '/home/hungnb/cocarry_ws/src/motoman_ros2_support_packages/motoman_gp180_support'
[0.710s] INFO:colcon.colcon_core.shell:Skip shell extension 'powershell' for command environment: Not usable outside of PowerShell
[0.710s] DEBUG:colcon.colcon_core.shell:Skip shell extension 'dsv' for command environment
[0.713s] INFO:colcon.colcon_ros.task.ament_cmake.build:Building ROS package in '/home/hungnb/cocarry_ws/src/motoman_ros2_support_packages/motoman_gp200r_support' with build type 'ament_cmake'
[0.713s] INFO:colcon.colcon_cmake.task.cmake.build:Building CMake package in '/home/hungnb/cocarry_ws/src/motoman_ros2_support_packages/motoman_gp200r_support'
[0.713s] INFO:colcon.colcon_core.shell:Skip shell extension 'powershell' for command environment: Not usable outside of PowerShell
[0.713s] DEBUG:colcon.colcon_core.shell:Skip shell extension 'dsv' for command environment
[0.716s] INFO:colcon.colcon_ros.task.ament_cmake.build:Building ROS package in '/home/hungnb/cocarry_ws/src/motoman_ros2_support_packages/motoman_gp20hl_support' with build type 'ament_cmake'
[0.716s] INFO:colcon.colcon_cmake.task.cmake.build:Building CMake package in '/home/hungnb/cocarry_ws/src/motoman_ros2_support_packages/motoman_gp20hl_support'
[0.716s] INFO:colcon.colcon_core.shell:Skip shell extension 'powershell' for command environment: Not usable outside of PowerShell
[0.716s] DEBUG:colcon.colcon_core.shell:Skip shell extension 'dsv' for command environment
[0.719s] INFO:colcon.colcon_ros.task.ament_cmake.build:Building ROS package in '/home/hungnb/cocarry_ws/src/motoman_ros2_support_packages/motoman_gp225_support' with build type 'ament_cmake'
[0.719s] INFO:colcon.colcon_cmake.task.cmake.build:Building CMake package in '/home/hungnb/cocarry_ws/src/motoman_ros2_support_packages/motoman_gp225_support'
[0.720s] INFO:colcon.colcon_core.shell:Skip shell extension 'powershell' for command environment: Not usable outside of PowerShell
[0.720s] DEBUG:colcon.colcon_core.shell:Skip shell extension 'dsv' for command environment
[0.725s] INFO:colcon.colcon_ros.task.ament_cmake.build:Building ROS package in '/home/hungnb/cocarry_ws/src/motoman_ros2_support_packages/motoman_gp25_support' with build type 'ament_cmake'
[0.725s] INFO:colcon.colcon_cmake.task.cmake.build:Building CMake package in '/home/hungnb/cocarry_ws/src/motoman_ros2_support_packages/motoman_gp25_support'
[0.725s] INFO:colcon.colcon_core.shell:Skip shell extension 'powershell' for command environment: Not usable outside of PowerShell
[0.725s] DEBUG:colcon.colcon_core.shell:Skip shell extension 'dsv' for command environment
[0.728s] INFO:colcon.colcon_ros.task.ament_cmake.build:Building ROS package in '/home/hungnb/cocarry_ws/src/motoman_ros2_support_packages/motoman_gp35l_support' with build type 'ament_cmake'
[0.728s] INFO:colcon.colcon_cmake.task.cmake.build:Building CMake package in '/home/hungnb/cocarry_ws/src/motoman_ros2_support_packages/motoman_gp35l_support'
[0.728s] INFO:colcon.colcon_core.shell:Skip shell extension 'powershell' for command environment: Not usable outside of PowerShell
[0.729s] DEBUG:colcon.colcon_core.shell:Skip shell extension 'dsv' for command environment
[0.735s] DEBUG:colcon.colcon_core.event_handler.log_command:Invoking command in '/home/hungnb/cocarry_ws/build/motoman_hc10_support': AMENT_PREFIX_PATH=/home/hungnb/cocarry_ws/install/motoman_resources:${AMENT_PREFIX_PATH} CMAKE_PREFIX_PATH=/home/hungnb/cocarry_ws/install/motoman_resources:/opt/ros/humble /usr/bin/cmake /home/hungnb/cocarry_ws/src/motoman_ros2_support_packages/motoman_hc10_support -DCMAKE_INSTALL_PREFIX=/home/hungnb/cocarry_ws/install/motoman_hc10_support
[0.737s] DEBUG:colcon.colcon_core.event_handler.log_command:Invoking command in '/home/hungnb/cocarry_ws/build/motoman_gp110_support': AMENT_PREFIX_PATH=/home/hungnb/cocarry_ws/install/motoman_resources:${AMENT_PREFIX_PATH} CMAKE_PREFIX_PATH=/home/hungnb/cocarry_ws/install/motoman_resources:/opt/ros/humble /usr/bin/cmake /home/hungnb/cocarry_ws/src/motoman_ros2_support_packages/motoman_gp110_support -DCMAKE_INSTALL_PREFIX=/home/hungnb/cocarry_ws/install/motoman_gp110_support
[0.739s] DEBUG:colcon.colcon_core.event_handler.log_command:Invoking command in '/home/hungnb/cocarry_ws/build/motoman_gp215_support': AMENT_PREFIX_PATH=/home/hungnb/cocarry_ws/install/motoman_resources:${AMENT_PREFIX_PATH} CMAKE_PREFIX_PATH=/home/hungnb/cocarry_ws/install/motoman_resources:/opt/ros/humble /usr/bin/cmake /home/hungnb/cocarry_ws/src/motoman_ros2_support_packages/motoman_gp215_support -DCMAKE_INSTALL_PREFIX=/home/hungnb/cocarry_ws/install/motoman_gp215_support
[0.741s] DEBUG:colcon.colcon_core.event_handler.log_command:Invoking command in '/home/hungnb/cocarry_ws/build/motoman_ar2010_support': AMENT_PREFIX_PATH=/home/hungnb/cocarry_ws/install/motoman_resources:${AMENT_PREFIX_PATH} CMAKE_PREFIX_PATH=/home/hungnb/cocarry_ws/install/motoman_resources:/opt/ros/humble /usr/bin/cmake /home/hungnb/cocarry_ws/src/motoman_ros2_support_packages/motoman_ar2010_support -DCMAKE_INSTALL_PREFIX=/home/hungnb/cocarry_ws/install/motoman_ar2010_support
[0.744s] DEBUG:colcon.colcon_core.event_handler.log_command:Invoking command in '/home/hungnb/cocarry_ws/build/motoman_es_support': AMENT_PREFIX_PATH=/home/hungnb/cocarry_ws/install/motoman_resources:${AMENT_PREFIX_PATH} CMAKE_PREFIX_PATH=/home/hungnb/cocarry_ws/install/motoman_resources:/opt/ros/humble /usr/bin/cmake /home/hungnb/cocarry_ws/src/motoman_ros2_support_packages/motoman_es_support -DCMAKE_INSTALL_PREFIX=/home/hungnb/cocarry_ws/install/motoman_es_support
[0.746s] DEBUG:colcon.colcon_core.event_handler.log_command:Invoking command in '/home/hungnb/cocarry_ws/build/motoman_gp12_support': AMENT_PREFIX_PATH=/home/hungnb/cocarry_ws/install/motoman_resources:${AMENT_PREFIX_PATH} CMAKE_PREFIX_PATH=/home/hungnb/cocarry_ws/install/motoman_resources:/opt/ros/humble /usr/bin/cmake /home/hungnb/cocarry_ws/src/motoman_ros2_support_packages/motoman_gp12_support -DCMAKE_INSTALL_PREFIX=/home/hungnb/cocarry_ws/install/motoman_gp12_support
[0.749s] DEBUG:colcon.colcon_core.event_handler.log_command:Invoking command in '/home/hungnb/cocarry_ws/build/motoman_gp165r_support': AMENT_PREFIX_PATH=/home/hungnb/cocarry_ws/install/motoman_resources:${AMENT_PREFIX_PATH} CMAKE_PREFIX_PATH=/home/hungnb/cocarry_ws/install/motoman_resources:/opt/ros/humble /usr/bin/cmake /home/hungnb/cocarry_ws/src/motoman_ros2_support_packages/motoman_gp165r_support -DCMAKE_INSTALL_PREFIX=/home/hungnb/cocarry_ws/install/motoman_gp165r_support
[0.753s] DEBUG:colcon.colcon_core.event_handler.log_command:Invoking command in '/home/hungnb/cocarry_ws/build/motoman_gp180_support': AMENT_PREFIX_PATH=/home/hungnb/cocarry_ws/install/motoman_resources:${AMENT_PREFIX_PATH} CMAKE_PREFIX_PATH=/home/hungnb/cocarry_ws/install/motoman_resources:/opt/ros/humble /usr/bin/cmake /home/hungnb/cocarry_ws/src/motoman_ros2_support_packages/motoman_gp180_support -DCMAKE_INSTALL_PREFIX=/home/hungnb/cocarry_ws/install/motoman_gp180_support
[0.760s] DEBUG:colcon.colcon_core.event_handler.log_command:Invoking command in '/home/hungnb/cocarry_ws/build/motoman_gp200r_support': AMENT_PREFIX_PATH=/home/hungnb/cocarry_ws/install/motoman_resources:${AMENT_PREFIX_PATH} CMAKE_PREFIX_PATH=/home/hungnb/cocarry_ws/install/motoman_resources:/opt/ros/humble /usr/bin/cmake /home/hungnb/cocarry_ws/src/motoman_ros2_support_packages/motoman_gp200r_support -DCMAKE_INSTALL_PREFIX=/home/hungnb/cocarry_ws/install/motoman_gp200r_support
[0.768s] DEBUG:colcon.colcon_core.event_handler.log_command:Invoking command in '/home/hungnb/cocarry_ws/build/motoman_gp20hl_support': AMENT_PREFIX_PATH=/home/hungnb/cocarry_ws/install/motoman_resources:${AMENT_PREFIX_PATH} CMAKE_PREFIX_PATH=/home/hungnb/cocarry_ws/install/motoman_resources:/opt/ros/humble /usr/bin/cmake /home/hungnb/cocarry_ws/src/motoman_ros2_support_packages/motoman_gp20hl_support -DCMAKE_INSTALL_PREFIX=/home/hungnb/cocarry_ws/install/motoman_gp20hl_support
[0.771s] DEBUG:colcon.colcon_core.event_handler.log_command:Invoking command in '/home/hungnb/cocarry_ws/build/motoman_gp225_support': AMENT_PREFIX_PATH=/home/hungnb/cocarry_ws/install/motoman_resources:${AMENT_PREFIX_PATH} CMAKE_PREFIX_PATH=/home/hungnb/cocarry_ws/install/motoman_resources:/opt/ros/humble /usr/bin/cmake /home/hungnb/cocarry_ws/src/motoman_ros2_support_packages/motoman_gp225_support -DCMAKE_INSTALL_PREFIX=/home/hungnb/cocarry_ws/install/motoman_gp225_support
[0.783s] DEBUG:colcon.colcon_core.event_handler.log_command:Invoking command in '/home/hungnb/cocarry_ws/build/motoman_gp25_support': AMENT_PREFIX_PATH=/home/hungnb/cocarry_ws/install/motoman_resources:${AMENT_PREFIX_PATH} CMAKE_PREFIX_PATH=/home/hungnb/cocarry_ws/install/motoman_resources:/opt/ros/humble /usr/bin/cmake /home/hungnb/cocarry_ws/src/motoman_ros2_support_packages/motoman_gp25_support -DCMAKE_INSTALL_PREFIX=/home/hungnb/cocarry_ws/install/motoman_gp25_support
[0.816s] DEBUG:colcon.colcon_core.event_handler.log_command:Invoking command in '/home/hungnb/cocarry_ws/build/motoman_gp35l_support': AMENT_PREFIX_PATH=/home/hungnb/cocarry_ws/install/motoman_resources:${AMENT_PREFIX_PATH} CMAKE_PREFIX_PATH=/home/hungnb/cocarry_ws/install/motoman_resources:/opt/ros/humble /usr/bin/cmake /home/hungnb/cocarry_ws/src/motoman_ros2_support_packages/motoman_gp35l_support -DCMAKE_INSTALL_PREFIX=/home/hungnb/cocarry_ws/install/motoman_gp35l_support
[1.025s] DEBUG:colcon.colcon_core.event_handler.log_command:Invoked command in '/home/hungnb/cocarry_ws/build/kinect2_registration' returned '0': CMAKE_PREFIX_PATH=/opt/ros/humble /usr/bin/cmake /home/hungnb/cocarry_ws/src/kinect2_ros2/kinect2_registration -DCMAKE_INSTALL_PREFIX=/home/hungnb/cocarry_ws/install/kinect2_registration
[1.028s] DEBUG:colcon.colcon_core.event_handler.log_command:Invoking command in '/home/hungnb/cocarry_ws/build/kinect2_registration': CMAKE_PREFIX_PATH=/opt/ros/humble /usr/bin/cmake --build /home/hungnb/cocarry_ws/build/kinect2_registration -- -j16 -l16
[1.078s] DEBUG:colcon.colcon_core.event_handler.log_command:Invoked command in '/home/hungnb/cocarry_ws/build/motoman_gp165r_support' returned '0': AMENT_PREFIX_PATH=/home/hungnb/cocarry_ws/install/motoman_resources:${AMENT_PREFIX_PATH} CMAKE_PREFIX_PATH=/home/hungnb/cocarry_ws/install/motoman_resources:/opt/ros/humble /usr/bin/cmake /home/hungnb/cocarry_ws/src/motoman_ros2_support_packages/motoman_gp165r_support -DCMAKE_INSTALL_PREFIX=/home/hungnb/cocarry_ws/install/motoman_gp165r_support
[1.078s] DEBUG:colcon.colcon_core.event_handler.log_command:Invoking command in '/home/hungnb/cocarry_ws/build/motoman_gp165r_support': AMENT_PREFIX_PATH=/home/hungnb/cocarry_ws/install/motoman_resources:${AMENT_PREFIX_PATH} CMAKE_PREFIX_PATH=/home/hungnb/cocarry_ws/install/motoman_resources:/opt/ros/humble /usr/bin/cmake --build /home/hungnb/cocarry_ws/build/motoman_gp165r_support -- -j16 -l16
[1.084s] DEBUG:colcon.colcon_core.event_handler.log_command:Invoked command in '/home/hungnb/cocarry_ws/build/motoman_gp180_support' returned '0': AMENT_PREFIX_PATH=/home/hungnb/cocarry_ws/install/motoman_resources:${AMENT_PREFIX_PATH} CMAKE_PREFIX_PATH=/home/hungnb/cocarry_ws/install/motoman_resources:/opt/ros/humble /usr/bin/cmake /home/hungnb/cocarry_ws/src/motoman_ros2_support_packages/motoman_gp180_support -DCMAKE_INSTALL_PREFIX=/home/hungnb/cocarry_ws/install/motoman_gp180_support
[1.084s] DEBUG:colcon.colcon_core.event_handler.log_command:Invoking command in '/home/hungnb/cocarry_ws/build/motoman_gp180_support': AMENT_PREFIX_PATH=/home/hungnb/cocarry_ws/install/motoman_resources:${AMENT_PREFIX_PATH} CMAKE_PREFIX_PATH=/home/hungnb/cocarry_ws/install/motoman_resources:/opt/ros/humble /usr/bin/cmake --build /home/hungnb/cocarry_ws/build/motoman_gp180_support -- -j16 -l16
[1.092s] DEBUG:colcon.colcon_core.event_handler.log_command:Invoked command in '/home/hungnb/cocarry_ws/build/motoman_es_support' returned '0': AMENT_PREFIX_PATH=/home/hungnb/cocarry_ws/install/motoman_resources:${AMENT_PREFIX_PATH} CMAKE_PREFIX_PATH=/home/hungnb/cocarry_ws/install/motoman_resources:/opt/ros/humble /usr/bin/cmake /home/hungnb/cocarry_ws/src/motoman_ros2_support_packages/motoman_es_support -DCMAKE_INSTALL_PREFIX=/home/hungnb/cocarry_ws/install/motoman_es_support
[1.096s] DEBUG:colcon.colcon_core.event_handler.log_command:Invoking command in '/home/hungnb/cocarry_ws/build/motoman_es_support': AMENT_PREFIX_PATH=/home/hungnb/cocarry_ws/install/motoman_resources:${AMENT_PREFIX_PATH} CMAKE_PREFIX_PATH=/home/hungnb/cocarry_ws/install/motoman_resources:/opt/ros/humble /usr/bin/cmake --build /home/hungnb/cocarry_ws/build/motoman_es_support -- -j16 -l16
[1.103s] DEBUG:colcon.colcon_core.event_handler.log_command:Invoked command in '/home/hungnb/cocarry_ws/build/motoman_ar2010_support' returned '0': AMENT_PREFIX_PATH=/home/hungnb/cocarry_ws/install/motoman_resources:${AMENT_PREFIX_PATH} CMAKE_PREFIX_PATH=/home/hungnb/cocarry_ws/install/motoman_resources:/opt/ros/humble /usr/bin/cmake /home/hungnb/cocarry_ws/src/motoman_ros2_support_packages/motoman_ar2010_support -DCMAKE_INSTALL_PREFIX=/home/hungnb/cocarry_ws/install/motoman_ar2010_support
[1.104s] DEBUG:colcon.colcon_core.event_handler.log_command:Invoking command in '/home/hungnb/cocarry_ws/build/motoman_ar2010_support': AMENT_PREFIX_PATH=/home/hungnb/cocarry_ws/install/motoman_resources:${AMENT_PREFIX_PATH} CMAKE_PREFIX_PATH=/home/hungnb/cocarry_ws/install/motoman_resources:/opt/ros/humble /usr/bin/cmake --build /home/hungnb/cocarry_ws/build/motoman_ar2010_support -- -j16 -l16
[1.119s] DEBUG:colcon.colcon_core.event_handler.log_command:Invoked command in '/home/hungnb/cocarry_ws/build/motoman_gp20hl_support' returned '0': AMENT_PREFIX_PATH=/home/hungnb/cocarry_ws/install/motoman_resources:${AMENT_PREFIX_PATH} CMAKE_PREFIX_PATH=/home/hungnb/cocarry_ws/install/motoman_resources:/opt/ros/humble /usr/bin/cmake /home/hungnb/cocarry_ws/src/motoman_ros2_support_packages/motoman_gp20hl_support -DCMAKE_INSTALL_PREFIX=/home/hungnb/cocarry_ws/install/motoman_gp20hl_support
[1.120s] DEBUG:colcon.colcon_core.event_handler.log_command:Invoking command in '/home/hungnb/cocarry_ws/build/motoman_gp20hl_support': AMENT_PREFIX_PATH=/home/hungnb/cocarry_ws/install/motoman_resources:${AMENT_PREFIX_PATH} CMAKE_PREFIX_PATH=/home/hungnb/cocarry_ws/install/motoman_resources:/opt/ros/humble /usr/bin/cmake --build /home/hungnb/cocarry_ws/build/motoman_gp20hl_support -- -j16 -l16
[1.121s] DEBUG:colcon.colcon_core.event_handler.log_command:Invoked command in '/home/hungnb/cocarry_ws/build/motoman_gp12_support' returned '0': AMENT_PREFIX_PATH=/home/hungnb/cocarry_ws/install/motoman_resources:${AMENT_PREFIX_PATH} CMAKE_PREFIX_PATH=/home/hungnb/cocarry_ws/install/motoman_resources:/opt/ros/humble /usr/bin/cmake /home/hungnb/cocarry_ws/src/motoman_ros2_support_packages/motoman_gp12_support -DCMAKE_INSTALL_PREFIX=/home/hungnb/cocarry_ws/install/motoman_gp12_support
[1.121s] DEBUG:colcon.colcon_core.event_handler.log_command:Invoking command in '/home/hungnb/cocarry_ws/build/motoman_gp12_support': AMENT_PREFIX_PATH=/home/hungnb/cocarry_ws/install/motoman_resources:${AMENT_PREFIX_PATH} CMAKE_PREFIX_PATH=/home/hungnb/cocarry_ws/install/motoman_resources:/opt/ros/humble /usr/bin/cmake --build /home/hungnb/cocarry_ws/build/motoman_gp12_support -- -j16 -l16
[1.124s] DEBUG:colcon.colcon_core.event_handler.log_command:Invoked command in '/home/hungnb/cocarry_ws/build/motoman_hc10_support' returned '0': AMENT_PREFIX_PATH=/home/hungnb/cocarry_ws/install/motoman_resources:${AMENT_PREFIX_PATH} CMAKE_PREFIX_PATH=/home/hungnb/cocarry_ws/install/motoman_resources:/opt/ros/humble /usr/bin/cmake /home/hungnb/cocarry_ws/src/motoman_ros2_support_packages/motoman_hc10_support -DCMAKE_INSTALL_PREFIX=/home/hungnb/cocarry_ws/install/motoman_hc10_support
[1.124s] DEBUG:colcon.colcon_core.event_handler.log_command:Invoking command in '/home/hungnb/cocarry_ws/build/motoman_hc10_support': AMENT_PREFIX_PATH=/home/hungnb/cocarry_ws/install/motoman_resources:${AMENT_PREFIX_PATH} CMAKE_PREFIX_PATH=/home/hungnb/cocarry_ws/install/motoman_resources:/opt/ros/humble /usr/bin/cmake --build /home/hungnb/cocarry_ws/build/motoman_hc10_support -- -j16 -l16
[1.128s] DEBUG:colcon.colcon_core.event_handler.log_command:Invoked command in '/home/hungnb/cocarry_ws/build/motoman_gp215_support' returned '0': AMENT_PREFIX_PATH=/home/hungnb/cocarry_ws/install/motoman_resources:${AMENT_PREFIX_PATH} CMAKE_PREFIX_PATH=/home/hungnb/cocarry_ws/install/motoman_resources:/opt/ros/humble /usr/bin/cmake /home/hungnb/cocarry_ws/src/motoman_ros2_support_packages/motoman_gp215_support -DCMAKE_INSTALL_PREFIX=/home/hungnb/cocarry_ws/install/motoman_gp215_support
[1.131s] DEBUG:colcon.colcon_core.event_handler.log_command:Invoking command in '/home/hungnb/cocarry_ws/build/motoman_gp215_support': AMENT_PREFIX_PATH=/home/hungnb/cocarry_ws/install/motoman_resources:${AMENT_PREFIX_PATH} CMAKE_PREFIX_PATH=/home/hungnb/cocarry_ws/install/motoman_resources:/opt/ros/humble /usr/bin/cmake --build /home/hungnb/cocarry_ws/build/motoman_gp215_support -- -j16 -l16
[1.131s] DEBUG:colcon.colcon_core.event_handler.log_command:Invoked command in '/home/hungnb/cocarry_ws/build/motoman_gp25_support' returned '0': AMENT_PREFIX_PATH=/home/hungnb/cocarry_ws/install/motoman_resources:${AMENT_PREFIX_PATH} CMAKE_PREFIX_PATH=/home/hungnb/cocarry_ws/install/motoman_resources:/opt/ros/humble /usr/bin/cmake /home/hungnb/cocarry_ws/src/motoman_ros2_support_packages/motoman_gp25_support -DCMAKE_INSTALL_PREFIX=/home/hungnb/cocarry_ws/install/motoman_gp25_support
[1.131s] DEBUG:colcon.colcon_core.event_handler.log_command:Invoking command in '/home/hungnb/cocarry_ws/build/motoman_gp25_support': AMENT_PREFIX_PATH=/home/hungnb/cocarry_ws/install/motoman_resources:${AMENT_PREFIX_PATH} CMAKE_PREFIX_PATH=/home/hungnb/cocarry_ws/install/motoman_resources:/opt/ros/humble /usr/bin/cmake --build /home/hungnb/cocarry_ws/build/motoman_gp25_support -- -j16 -l16
[1.134s] DEBUG:colcon.colcon_core.event_handler.log_command:Invoked command in '/home/hungnb/cocarry_ws/build/motoman_gp165r_support' returned '0': AMENT_PREFIX_PATH=/home/hungnb/cocarry_ws/install/motoman_resources:${AMENT_PREFIX_PATH} CMAKE_PREFIX_PATH=/home/hungnb/cocarry_ws/install/motoman_resources:/opt/ros/humble /usr/bin/cmake --build /home/hungnb/cocarry_ws/build/motoman_gp165r_support -- -j16 -l16
[1.145s] DEBUG:colcon.colcon_core.event_handler.log_command:Invoking command in '/home/hungnb/cocarry_ws/build/motoman_gp165r_support': AMENT_PREFIX_PATH=/home/hungnb/cocarry_ws/install/motoman_resources:${AMENT_PREFIX_PATH} CMAKE_PREFIX_PATH=/home/hungnb/cocarry_ws/install/motoman_resources:/opt/ros/humble /usr/bin/cmake --install /home/hungnb/cocarry_ws/build/motoman_gp165r_support
[1.148s] DEBUG:colcon.colcon_core.event_handler.log_command:Invoked command in '/home/hungnb/cocarry_ws/build/motoman_gp180_support' returned '0': AMENT_PREFIX_PATH=/home/hungnb/cocarry_ws/install/motoman_resources:${AMENT_PREFIX_PATH} CMAKE_PREFIX_PATH=/home/hungnb/cocarry_ws/install/motoman_resources:/opt/ros/humble /usr/bin/cmake --build /home/hungnb/cocarry_ws/build/motoman_gp180_support -- -j16 -l16
[1.149s] DEBUG:colcon.colcon_core.event_handler.log_command:Invoking command in '/home/hungnb/cocarry_ws/build/motoman_gp180_support': AMENT_PREFIX_PATH=/home/hungnb/cocarry_ws/install/motoman_resources:${AMENT_PREFIX_PATH} CMAKE_PREFIX_PATH=/home/hungnb/cocarry_ws/install/motoman_resources:/opt/ros/humble /usr/bin/cmake --install /home/hungnb/cocarry_ws/build/motoman_gp180_support
[1.152s] DEBUG:colcon.colcon_core.event_handler.log_command:Invoked command in '/home/hungnb/cocarry_ws/build/motoman_gp110_support' returned '0': AMENT_PREFIX_PATH=/home/hungnb/cocarry_ws/install/motoman_resources:${AMENT_PREFIX_PATH} CMAKE_PREFIX_PATH=/home/hungnb/cocarry_ws/install/motoman_resources:/opt/ros/humble /usr/bin/cmake /home/hungnb/cocarry_ws/src/motoman_ros2_support_packages/motoman_gp110_support -DCMAKE_INSTALL_PREFIX=/home/hungnb/cocarry_ws/install/motoman_gp110_support
[1.153s] DEBUG:colcon.colcon_core.event_handler.log_command:Invoking command in '/home/hungnb/cocarry_ws/build/motoman_gp110_support': AMENT_PREFIX_PATH=/home/hungnb/cocarry_ws/install/motoman_resources:${AMENT_PREFIX_PATH} CMAKE_PREFIX_PATH=/home/hungnb/cocarry_ws/install/motoman_resources:/opt/ros/humble /usr/bin/cmake --build /home/hungnb/cocarry_ws/build/motoman_gp110_support -- -j16 -l16
[1.154s] DEBUG:colcon.colcon_core.event_handler.log_command:Invoked command in '/home/hungnb/cocarry_ws/build/motoman_gp200r_support' returned '0': AMENT_PREFIX_PATH=/home/hungnb/cocarry_ws/install/motoman_resources:${AMENT_PREFIX_PATH} CMAKE_PREFIX_PATH=/home/hungnb/cocarry_ws/install/motoman_resources:/opt/ros/humble /usr/bin/cmake /home/hungnb/cocarry_ws/src/motoman_ros2_support_packages/motoman_gp200r_support -DCMAKE_INSTALL_PREFIX=/home/hungnb/cocarry_ws/install/motoman_gp200r_support
[1.154s] DEBUG:colcon.colcon_core.event_handler.log_command:Invoking command in '/home/hungnb/cocarry_ws/build/motoman_gp200r_support': AMENT_PREFIX_PATH=/home/hungnb/cocarry_ws/install/motoman_resources:${AMENT_PREFIX_PATH} CMAKE_PREFIX_PATH=/home/hungnb/cocarry_ws/install/motoman_resources:/opt/ros/humble /usr/bin/cmake --build /home/hungnb/cocarry_ws/build/motoman_gp200r_support -- -j16 -l16
[1.157s] DEBUG:colcon.colcon_core.event_handler.log_command:Invoked command in '/home/hungnb/cocarry_ws/build/motoman_es_support' returned '0': AMENT_PREFIX_PATH=/home/hungnb/cocarry_ws/install/motoman_resources:${AMENT_PREFIX_PATH} CMAKE_PREFIX_PATH=/home/hungnb/cocarry_ws/install/motoman_resources:/opt/ros/humble /usr/bin/cmake --build /home/hungnb/cocarry_ws/build/motoman_es_support -- -j16 -l16
[1.159s] DEBUG:colcon.colcon_core.event_handler.log_command:Invoking command in '/home/hungnb/cocarry_ws/build/motoman_es_support': AMENT_PREFIX_PATH=/home/hungnb/cocarry_ws/install/motoman_resources:${AMENT_PREFIX_PATH} CMAKE_PREFIX_PATH=/home/hungnb/cocarry_ws/install/motoman_resources:/opt/ros/humble /usr/bin/cmake --install /home/hungnb/cocarry_ws/build/motoman_es_support
[1.166s] DEBUG:colcon.colcon_core.event_handler.log_command:Invoked command in '/home/hungnb/cocarry_ws/build/motoman_gp12_support' returned '0': AMENT_PREFIX_PATH=/home/hungnb/cocarry_ws/install/motoman_resources:${AMENT_PREFIX_PATH} CMAKE_PREFIX_PATH=/home/hungnb/cocarry_ws/install/motoman_resources:/opt/ros/humble /usr/bin/cmake --build /home/hungnb/cocarry_ws/build/motoman_gp12_support -- -j16 -l16
[1.177s] DEBUG:colcon.colcon_core.event_handler.log_command:Invoking command in '/home/hungnb/cocarry_ws/build/motoman_gp12_support': AMENT_PREFIX_PATH=/home/hungnb/cocarry_ws/install/motoman_resources:${AMENT_PREFIX_PATH} CMAKE_PREFIX_PATH=/home/hungnb/cocarry_ws/install/motoman_resources:/opt/ros/humble /usr/bin/cmake --install /home/hungnb/cocarry_ws/build/motoman_gp12_support
[1.181s] DEBUG:colcon.colcon_core.event_handler.log_command:Invoked command in '/home/hungnb/cocarry_ws/build/motoman_ar2010_support' returned '0': AMENT_PREFIX_PATH=/home/hungnb/cocarry_ws/install/motoman_resources:${AMENT_PREFIX_PATH} CMAKE_PREFIX_PATH=/home/hungnb/cocarry_ws/install/motoman_resources:/opt/ros/humble /usr/bin/cmake --build /home/hungnb/cocarry_ws/build/motoman_ar2010_support -- -j16 -l16
[1.183s] DEBUG:colcon.colcon_core.event_handler.log_command:Invoking command in '/home/hungnb/cocarry_ws/build/motoman_ar2010_support': AMENT_PREFIX_PATH=/home/hungnb/cocarry_ws/install/motoman_resources:${AMENT_PREFIX_PATH} CMAKE_PREFIX_PATH=/home/hungnb/cocarry_ws/install/motoman_resources:/opt/ros/humble /usr/bin/cmake --install /home/hungnb/cocarry_ws/build/motoman_ar2010_support
[1.185s] Level 1:colcon.colcon_core.environment:create_environment_scripts_only(motoman_gp165r_support)
[1.185s] Level 1:colcon.colcon_core.environment:checking '/home/hungnb/cocarry_ws/install/motoman_gp165r_support' for CMake module files
[1.188s] Level 1:colcon.colcon_core.environment:checking '/home/hungnb/cocarry_ws/install/motoman_gp165r_support' for CMake config files
[1.190s] DEBUG:colcon.colcon_core.event_handler.log_command:Invoked command in '/home/hungnb/cocarry_ws/build/motoman_gp225_support' returned '0': AMENT_PREFIX_PATH=/home/hungnb/cocarry_ws/install/motoman_resources:${AMENT_PREFIX_PATH} CMAKE_PREFIX_PATH=/home/hungnb/cocarry_ws/install/motoman_resources:/opt/ros/humble /usr/bin/cmake /home/hungnb/cocarry_ws/src/motoman_ros2_support_packages/motoman_gp225_support -DCMAKE_INSTALL_PREFIX=/home/hungnb/cocarry_ws/install/motoman_gp225_support
[1.190s] DEBUG:colcon.colcon_core.event_handler.log_command:Invoking command in '/home/hungnb/cocarry_ws/build/motoman_gp225_support': AMENT_PREFIX_PATH=/home/hungnb/cocarry_ws/install/motoman_resources:${AMENT_PREFIX_PATH} CMAKE_PREFIX_PATH=/home/hungnb/cocarry_ws/install/motoman_resources:/opt/ros/humble /usr/bin/cmake --build /home/hungnb/cocarry_ws/build/motoman_gp225_support -- -j16 -l16
[1.191s] Level 1:colcon.colcon_core.shell:create_environment_hook('motoman_gp165r_support', 'cmake_prefix_path')
[1.191s] INFO:colcon.colcon_core.shell:Creating environment hook '/home/hungnb/cocarry_ws/install/motoman_gp165r_support/share/motoman_gp165r_support/hook/cmake_prefix_path.ps1'
[1.192s] DEBUG:colcon.colcon_core.event_handler.log_command:Invoked command in '/home/hungnb/cocarry_ws/build/motoman_gp35l_support' returned '0': AMENT_PREFIX_PATH=/home/hungnb/cocarry_ws/install/motoman_resources:${AMENT_PREFIX_PATH} CMAKE_PREFIX_PATH=/home/hungnb/cocarry_ws/install/motoman_resources:/opt/ros/humble /usr/bin/cmake /home/hungnb/cocarry_ws/src/motoman_ros2_support_packages/motoman_gp35l_support -DCMAKE_INSTALL_PREFIX=/home/hungnb/cocarry_ws/install/motoman_gp35l_support
[1.193s] INFO:colcon.colcon_core.shell:Creating environment descriptor '/home/hungnb/cocarry_ws/install/motoman_gp165r_support/share/motoman_gp165r_support/hook/cmake_prefix_path.dsv'
[1.194s] DEBUG:colcon.colcon_core.event_handler.log_command:Invoking command in '/home/hungnb/cocarry_ws/build/motoman_gp35l_support': AMENT_PREFIX_PATH=/home/hungnb/cocarry_ws/install/motoman_resources:${AMENT_PREFIX_PATH} CMAKE_PREFIX_PATH=/home/hungnb/cocarry_ws/install/motoman_resources:/opt/ros/humble /usr/bin/cmake --build /home/hungnb/cocarry_ws/build/motoman_gp35l_support -- -j16 -l16
[1.194s] DEBUG:colcon.colcon_core.event_handler.log_command:Invoked command in '/home/hungnb/cocarry_ws/build/motoman_gp20hl_support' returned '0': AMENT_PREFIX_PATH=/home/hungnb/cocarry_ws/install/motoman_resources:${AMENT_PREFIX_PATH} CMAKE_PREFIX_PATH=/home/hungnb/cocarry_ws/install/motoman_resources:/opt/ros/humble /usr/bin/cmake --build /home/hungnb/cocarry_ws/build/motoman_gp20hl_support -- -j16 -l16
[1.196s] INFO:colcon.colcon_core.shell:Creating environment hook '/home/hungnb/cocarry_ws/install/motoman_gp165r_support/share/motoman_gp165r_support/hook/cmake_prefix_path.sh'
[1.198s] Level 1:colcon.colcon_core.environment:checking '/home/hungnb/cocarry_ws/install/motoman_gp165r_support/bin'
[1.199s] DEBUG:colcon.colcon_core.event_handler.log_command:Invoking command in '/home/hungnb/cocarry_ws/build/motoman_gp20hl_support': AMENT_PREFIX_PATH=/home/hungnb/cocarry_ws/install/motoman_resources:${AMENT_PREFIX_PATH} CMAKE_PREFIX_PATH=/home/hungnb/cocarry_ws/install/motoman_resources:/opt/ros/humble /usr/bin/cmake --install /home/hungnb/cocarry_ws/build/motoman_gp20hl_support
[1.199s] Level 1:colcon.colcon_core.environment:checking '/home/hungnb/cocarry_ws/install/motoman_gp165r_support/lib/pkgconfig/motoman_gp165r_support.pc'
[1.199s] Level 1:colcon.colcon_core.environment:checking '/home/hungnb/cocarry_ws/install/motoman_gp165r_support/lib/python3.10/site-packages'
[1.199s] Level 1:colcon.colcon_core.environment:checking '/home/hungnb/cocarry_ws/install/motoman_gp165r_support/bin'
[1.200s] INFO:colcon.colcon_core.shell:Creating package script '/home/hungnb/cocarry_ws/install/motoman_gp165r_support/share/motoman_gp165r_support/package.ps1'
[1.201s] INFO:colcon.colcon_core.shell:Creating package descriptor '/home/hungnb/cocarry_ws/install/motoman_gp165r_support/share/motoman_gp165r_support/package.dsv'
[1.202s] INFO:colcon.colcon_core.shell:Creating package script '/home/hungnb/cocarry_ws/install/motoman_gp165r_support/share/motoman_gp165r_support/package.sh'
[1.202s] DEBUG:colcon.colcon_core.event_handler.log_command:Invoked command in '/home/hungnb/cocarry_ws/build/motoman_gp165r_support' returned '0': AMENT_PREFIX_PATH=/home/hungnb/cocarry_ws/install/motoman_resources:${AMENT_PREFIX_PATH} CMAKE_PREFIX_PATH=/home/hungnb/cocarry_ws/install/motoman_resources:/opt/ros/humble /usr/bin/cmake --install /home/hungnb/cocarry_ws/build/motoman_gp165r_support
[1.204s] INFO:colcon.colcon_core.shell:Creating package script '/home/hungnb/cocarry_ws/install/motoman_gp165r_support/share/motoman_gp165r_support/package.bash'
[1.205s] INFO:colcon.colcon_core.shell:Creating package script '/home/hungnb/cocarry_ws/install/motoman_gp165r_support/share/motoman_gp165r_support/package.zsh'
[1.206s] Level 1:colcon.colcon_core.environment:create_file_with_runtime_dependencies(/home/hungnb/cocarry_ws/install/motoman_gp165r_support/share/colcon-core/packages/motoman_gp165r_support)
[1.207s] Level 1:colcon.colcon_core.environment:create_environment_scripts_only(motoman_gp165r_support)
[1.207s] Level 1:colcon.colcon_core.environment:checking '/home/hungnb/cocarry_ws/install/motoman_gp165r_support' for CMake module files
[1.207s] Level 1:colcon.colcon_core.environment:checking '/home/hungnb/cocarry_ws/install/motoman_gp165r_support' for CMake config files
[1.208s] Level 1:colcon.colcon_core.shell:create_environment_hook('motoman_gp165r_support', 'cmake_prefix_path')
[1.208s] INFO:colcon.colcon_core.shell:Creating environment hook '/home/hungnb/cocarry_ws/install/motoman_gp165r_support/share/motoman_gp165r_support/hook/cmake_prefix_path.ps1'
[1.208s] INFO:colcon.colcon_core.shell:Creating environment descriptor '/home/hungnb/cocarry_ws/install/motoman_gp165r_support/share/motoman_gp165r_support/hook/cmake_prefix_path.dsv'
[1.208s] INFO:colcon.colcon_core.shell:Creating environment hook '/home/hungnb/cocarry_ws/install/motoman_gp165r_support/share/motoman_gp165r_support/hook/cmake_prefix_path.sh'
[1.209s] Level 1:colcon.colcon_core.environment:checking '/home/hungnb/cocarry_ws/install/motoman_gp165r_support/bin'
[1.209s] Level 1:colcon.colcon_core.environment:checking '/home/hungnb/cocarry_ws/install/motoman_gp165r_support/lib/pkgconfig/motoman_gp165r_support.pc'
[1.209s] Level 1:colcon.colcon_core.environment:checking '/home/hungnb/cocarry_ws/install/motoman_gp165r_support/lib/python3.10/site-packages'
[1.209s] Level 1:colcon.colcon_core.environment:checking '/home/hungnb/cocarry_ws/install/motoman_gp165r_support/bin'
[1.209s] INFO:colcon.colcon_core.shell:Creating package script '/home/hungnb/cocarry_ws/install/motoman_gp165r_support/share/motoman_gp165r_support/package.ps1'
[1.210s] INFO:colcon.colcon_core.shell:Creating package descriptor '/home/hungnb/cocarry_ws/install/motoman_gp165r_support/share/motoman_gp165r_support/package.dsv'
[1.210s] INFO:colcon.colcon_core.shell:Creating package script '/home/hungnb/cocarry_ws/install/motoman_gp165r_support/share/motoman_gp165r_support/package.sh'
[1.211s] INFO:colcon.colcon_core.shell:Creating package script '/home/hungnb/cocarry_ws/install/motoman_gp165r_support/share/motoman_gp165r_support/package.bash'
[1.211s] INFO:colcon.colcon_core.shell:Creating package script '/home/hungnb/cocarry_ws/install/motoman_gp165r_support/share/motoman_gp165r_support/package.zsh'
[1.211s] Level 1:colcon.colcon_core.environment:create_file_with_runtime_dependencies(/home/hungnb/cocarry_ws/install/motoman_gp165r_support/share/colcon-core/packages/motoman_gp165r_support)
[1.214s] DEBUG:colcon.colcon_core.event_handler.log_command:Invoked command in '/home/hungnb/cocarry_ws/build/motoman_hc10_support' returned '0': AMENT_PREFIX_PATH=/home/hungnb/cocarry_ws/install/motoman_resources:${AMENT_PREFIX_PATH} CMAKE_PREFIX_PATH=/home/hungnb/cocarry_ws/install/motoman_resources:/opt/ros/humble /usr/bin/cmake --build /home/hungnb/cocarry_ws/build/motoman_hc10_support -- -j16 -l16
[1.218s] INFO:colcon.colcon_ros.task.ament_cmake.build:Building ROS package in '/home/hungnb/cocarry_ws/src/motoman_ros2_support_packages/motoman_gp4_support' with build type 'ament_cmake'
[1.218s] INFO:colcon.colcon_cmake.task.cmake.build:Building CMake package in '/home/hungnb/cocarry_ws/src/motoman_ros2_support_packages/motoman_gp4_support'
[1.219s] INFO:colcon.colcon_core.shell:Skip shell extension 'powershell' for command environment: Not usable outside of PowerShell
[1.219s] DEBUG:colcon.colcon_core.shell:Skip shell extension 'dsv' for command environment
[1.220s] DEBUG:colcon.colcon_core.event_handler.log_command:Invoking command in '/home/hungnb/cocarry_ws/build/motoman_hc10_support': AMENT_PREFIX_PATH=/home/hungnb/cocarry_ws/install/motoman_resources:${AMENT_PREFIX_PATH} CMAKE_PREFIX_PATH=/home/hungnb/cocarry_ws/install/motoman_resources:/opt/ros/humble /usr/bin/cmake --install /home/hungnb/cocarry_ws/build/motoman_hc10_support
[1.220s] DEBUG:colcon.colcon_core.event_handler.log_command:Invoked command in '/home/hungnb/cocarry_ws/build/motoman_gp215_support' returned '0': AMENT_PREFIX_PATH=/home/hungnb/cocarry_ws/install/motoman_resources:${AMENT_PREFIX_PATH} CMAKE_PREFIX_PATH=/home/hungnb/cocarry_ws/install/motoman_resources:/opt/ros/humble /usr/bin/cmake --build /home/hungnb/cocarry_ws/build/motoman_gp215_support -- -j16 -l16
[1.221s] DEBUG:colcon.colcon_core.event_handler.log_command:Invoking command in '/home/hungnb/cocarry_ws/build/motoman_gp215_support': AMENT_PREFIX_PATH=/home/hungnb/cocarry_ws/install/motoman_resources:${AMENT_PREFIX_PATH} CMAKE_PREFIX_PATH=/home/hungnb/cocarry_ws/install/motoman_resources:/opt/ros/humble /usr/bin/cmake --install /home/hungnb/cocarry_ws/build/motoman_gp215_support
[1.223s] Level 1:colcon.colcon_core.environment:create_environment_scripts_only(motoman_gp180_support)
[1.223s] Level 1:colcon.colcon_core.environment:checking '/home/hungnb/cocarry_ws/install/motoman_gp180_support' for CMake module files
[1.224s] DEBUG:colcon.colcon_core.event_handler.log_command:Invoked command in '/home/hungnb/cocarry_ws/build/motoman_gp180_support' returned '0': AMENT_PREFIX_PATH=/home/hungnb/cocarry_ws/install/motoman_resources:${AMENT_PREFIX_PATH} CMAKE_PREFIX_PATH=/home/hungnb/cocarry_ws/install/motoman_resources:/opt/ros/humble /usr/bin/cmake --install /home/hungnb/cocarry_ws/build/motoman_gp180_support
[1.224s] Level 1:colcon.colcon_core.environment:checking '/home/hungnb/cocarry_ws/install/motoman_gp180_support' for CMake config files
[1.224s] Level 1:colcon.colcon_core.shell:create_environment_hook('motoman_gp180_support', 'cmake_prefix_path')
[1.225s] INFO:colcon.colcon_core.shell:Creating environment hook '/home/hungnb/cocarry_ws/install/motoman_gp180_support/share/motoman_gp180_support/hook/cmake_prefix_path.ps1'
[1.225s] INFO:colcon.colcon_core.shell:Creating environment descriptor '/home/hungnb/cocarry_ws/install/motoman_gp180_support/share/motoman_gp180_support/hook/cmake_prefix_path.dsv'
[1.225s] INFO:colcon.colcon_core.shell:Creating environment hook '/home/hungnb/cocarry_ws/install/motoman_gp180_support/share/motoman_gp180_support/hook/cmake_prefix_path.sh'
[1.226s] Level 1:colcon.colcon_core.environment:checking '/home/hungnb/cocarry_ws/install/motoman_gp180_support/bin'
[1.226s] Level 1:colcon.colcon_core.environment:checking '/home/hungnb/cocarry_ws/install/motoman_gp180_support/lib/pkgconfig/motoman_gp180_support.pc'
[1.226s] Level 1:colcon.colcon_core.environment:checking '/home/hungnb/cocarry_ws/install/motoman_gp180_support/lib/python3.10/site-packages'
[1.226s] Level 1:colcon.colcon_core.environment:checking '/home/hungnb/cocarry_ws/install/motoman_gp180_support/bin'
[1.226s] INFO:colcon.colcon_core.shell:Creating package script '/home/hungnb/cocarry_ws/install/motoman_gp180_support/share/motoman_gp180_support/package.ps1'
[1.227s] INFO:colcon.colcon_core.shell:Creating package descriptor '/home/hungnb/cocarry_ws/install/motoman_gp180_support/share/motoman_gp180_support/package.dsv'
[1.227s] INFO:colcon.colcon_core.shell:Creating package script '/home/hungnb/cocarry_ws/install/motoman_gp180_support/share/motoman_gp180_support/package.sh'
[1.227s] INFO:colcon.colcon_core.shell:Creating package script '/home/hungnb/cocarry_ws/install/motoman_gp180_support/share/motoman_gp180_support/package.bash'
[1.228s] INFO:colcon.colcon_core.shell:Creating package script '/home/hungnb/cocarry_ws/install/motoman_gp180_support/share/motoman_gp180_support/package.zsh'
[1.228s] Level 1:colcon.colcon_core.environment:create_file_with_runtime_dependencies(/home/hungnb/cocarry_ws/install/motoman_gp180_support/share/colcon-core/packages/motoman_gp180_support)
[1.228s] Level 1:colcon.colcon_core.environment:create_environment_scripts_only(motoman_gp180_support)
[1.228s] Level 1:colcon.colcon_core.environment:checking '/home/hungnb/cocarry_ws/install/motoman_gp180_support' for CMake module files
[1.229s] Level 1:colcon.colcon_core.environment:checking '/home/hungnb/cocarry_ws/install/motoman_gp180_support' for CMake config files
[1.230s] Level 1:colcon.colcon_core.shell:create_environment_hook('motoman_gp180_support', 'cmake_prefix_path')
[1.230s] INFO:colcon.colcon_core.shell:Creating environment hook '/home/hungnb/cocarry_ws/install/motoman_gp180_support/share/motoman_gp180_support/hook/cmake_prefix_path.ps1'
[1.231s] INFO:colcon.colcon_core.shell:Creating environment descriptor '/home/hungnb/cocarry_ws/install/motoman_gp180_support/share/motoman_gp180_support/hook/cmake_prefix_path.dsv'
[1.232s] INFO:colcon.colcon_core.shell:Creating environment hook '/home/hungnb/cocarry_ws/install/motoman_gp180_support/share/motoman_gp180_support/hook/cmake_prefix_path.sh'
[1.232s] Level 1:colcon.colcon_core.environment:checking '/home/hungnb/cocarry_ws/install/motoman_gp180_support/bin'
[1.232s] Level 1:colcon.colcon_core.environment:checking '/home/hungnb/cocarry_ws/install/motoman_gp180_support/lib/pkgconfig/motoman_gp180_support.pc'
[1.232s] Level 1:colcon.colcon_core.environment:checking '/home/hungnb/cocarry_ws/install/motoman_gp180_support/lib/python3.10/site-packages'
[1.233s] Level 1:colcon.colcon_core.environment:checking '/home/hungnb/cocarry_ws/install/motoman_gp180_support/bin'
[1.233s] INFO:colcon.colcon_core.shell:Creating package script '/home/hungnb/cocarry_ws/install/motoman_gp180_support/share/motoman_gp180_support/package.ps1'
[1.234s] INFO:colcon.colcon_core.shell:Creating package descriptor '/home/hungnb/cocarry_ws/install/motoman_gp180_support/share/motoman_gp180_support/package.dsv'
[1.234s] INFO:colcon.colcon_core.shell:Creating package script '/home/hungnb/cocarry_ws/install/motoman_gp180_support/share/motoman_gp180_support/package.sh'
[1.235s] INFO:colcon.colcon_core.shell:Creating package script '/home/hungnb/cocarry_ws/install/motoman_gp180_support/share/motoman_gp180_support/package.bash'
[1.235s] INFO:colcon.colcon_core.shell:Creating package script '/home/hungnb/cocarry_ws/install/motoman_gp180_support/share/motoman_gp180_support/package.zsh'
[1.235s] Level 1:colcon.colcon_core.environment:create_file_with_runtime_dependencies(/home/hungnb/cocarry_ws/install/motoman_gp180_support/share/colcon-core/packages/motoman_gp180_support)
[1.237s] DEBUG:colcon.colcon_core.event_handler.log_command:Invoked command in '/home/hungnb/cocarry_ws/build/motoman_gp25_support' returned '0': AMENT_PREFIX_PATH=/home/hungnb/cocarry_ws/install/motoman_resources:${AMENT_PREFIX_PATH} CMAKE_PREFIX_PATH=/home/hungnb/cocarry_ws/install/motoman_resources:/opt/ros/humble /usr/bin/cmake --build /home/hungnb/cocarry_ws/build/motoman_gp25_support -- -j16 -l16
[1.238s] DEBUG:colcon.colcon_core.event_handler.log_command:Invoking command in '/home/hungnb/cocarry_ws/build/motoman_gp25_support': AMENT_PREFIX_PATH=/home/hungnb/cocarry_ws/install/motoman_resources:${AMENT_PREFIX_PATH} CMAKE_PREFIX_PATH=/home/hungnb/cocarry_ws/install/motoman_resources:/opt/ros/humble /usr/bin/cmake --install /home/hungnb/cocarry_ws/build/motoman_gp25_support
[1.242s] INFO:colcon.colcon_ros.task.ament_cmake.build:Building ROS package in '/home/hungnb/cocarry_ws/src/motoman_ros2_support_packages/motoman_gp50_support' with build type 'ament_cmake'
[1.243s] INFO:colcon.colcon_cmake.task.cmake.build:Building CMake package in '/home/hungnb/cocarry_ws/src/motoman_ros2_support_packages/motoman_gp50_support'
[1.243s] INFO:colcon.colcon_core.shell:Skip shell extension 'powershell' for command environment: Not usable outside of PowerShell
[1.243s] DEBUG:colcon.colcon_core.shell:Skip shell extension 'dsv' for command environment
[1.249s] DEBUG:colcon.colcon_core.event_handler.log_command:Invoked command in '/home/hungnb/cocarry_ws/build/kinect2_registration' returned '0': CMAKE_PREFIX_PATH=/opt/ros/humble /usr/bin/cmake --build /home/hungnb/cocarry_ws/build/kinect2_registration -- -j16 -l16
[1.249s] DEBUG:colcon.colcon_core.event_handler.log_command:Invoking command in '/home/hungnb/cocarry_ws/build/kinect2_registration': CMAKE_PREFIX_PATH=/opt/ros/humble /usr/bin/cmake --install /home/hungnb/cocarry_ws/build/kinect2_registration
[1.252s] Level 1:colcon.colcon_core.environment:create_environment_scripts_only(motoman_es_support)
[1.253s] Level 1:colcon.colcon_core.environment:checking '/home/hungnb/cocarry_ws/install/motoman_es_support' for CMake module files
[1.254s] DEBUG:colcon.colcon_core.event_handler.log_command:Invoked command in '/home/hungnb/cocarry_ws/build/motoman_es_support' returned '0': AMENT_PREFIX_PATH=/home/hungnb/cocarry_ws/install/motoman_resources:${AMENT_PREFIX_PATH} CMAKE_PREFIX_PATH=/home/hungnb/cocarry_ws/install/motoman_resources:/opt/ros/humble /usr/bin/cmake --install /home/hungnb/cocarry_ws/build/motoman_es_support
[1.255s] Level 1:colcon.colcon_core.environment:checking '/home/hungnb/cocarry_ws/install/motoman_es_support' for CMake config files
[1.256s] Level 1:colcon.colcon_core.shell:create_environment_hook('motoman_es_support', 'cmake_prefix_path')
[1.256s] INFO:colcon.colcon_core.shell:Creating environment hook '/home/hungnb/cocarry_ws/install/motoman_es_support/share/motoman_es_support/hook/cmake_prefix_path.ps1'
[1.257s] INFO:colcon.colcon_core.shell:Creating environment descriptor '/home/hungnb/cocarry_ws/install/motoman_es_support/share/motoman_es_support/hook/cmake_prefix_path.dsv'
[1.258s] INFO:colcon.colcon_core.shell:Creating environment hook '/home/hungnb/cocarry_ws/install/motoman_es_support/share/motoman_es_support/hook/cmake_prefix_path.sh'
[1.259s] Level 1:colcon.colcon_core.environment:checking '/home/hungnb/cocarry_ws/install/motoman_es_support/bin'
[1.259s] Level 1:colcon.colcon_core.environment:checking '/home/hungnb/cocarry_ws/install/motoman_es_support/lib/pkgconfig/motoman_es_support.pc'
[1.259s] Level 1:colcon.colcon_core.environment:checking '/home/hungnb/cocarry_ws/install/motoman_es_support/lib/python3.10/site-packages'
[1.259s] Level 1:colcon.colcon_core.environment:checking '/home/hungnb/cocarry_ws/install/motoman_es_support/bin'
[1.259s] INFO:colcon.colcon_core.shell:Creating package script '/home/hungnb/cocarry_ws/install/motoman_es_support/share/motoman_es_support/package.ps1'
[1.260s] INFO:colcon.colcon_core.shell:Creating package descriptor '/home/hungnb/cocarry_ws/install/motoman_es_support/share/motoman_es_support/package.dsv'
[1.260s] INFO:colcon.colcon_core.shell:Creating package script '/home/hungnb/cocarry_ws/install/motoman_es_support/share/motoman_es_support/package.sh'
[1.260s] INFO:colcon.colcon_core.shell:Creating package script '/home/hungnb/cocarry_ws/install/motoman_es_support/share/motoman_es_support/package.bash'
[1.260s] INFO:colcon.colcon_core.shell:Creating package script '/home/hungnb/cocarry_ws/install/motoman_es_support/share/motoman_es_support/package.zsh'
[1.261s] Level 1:colcon.colcon_core.environment:create_file_with_runtime_dependencies(/home/hungnb/cocarry_ws/install/motoman_es_support/share/colcon-core/packages/motoman_es_support)
[1.262s] Level 1:colcon.colcon_core.environment:create_environment_scripts_only(motoman_es_support)
[1.262s] Level 1:colcon.colcon_core.environment:checking '/home/hungnb/cocarry_ws/install/motoman_es_support' for CMake module files
[1.262s] Level 1:colcon.colcon_core.environment:checking '/home/hungnb/cocarry_ws/install/motoman_es_support' for CMake config files
[1.263s] Level 1:colcon.colcon_core.shell:create_environment_hook('motoman_es_support', 'cmake_prefix_path')
[1.263s] INFO:colcon.colcon_core.shell:Creating environment hook '/home/hungnb/cocarry_ws/install/motoman_es_support/share/motoman_es_support/hook/cmake_prefix_path.ps1'
[1.264s] INFO:colcon.colcon_core.shell:Creating environment descriptor '/home/hungnb/cocarry_ws/install/motoman_es_support/share/motoman_es_support/hook/cmake_prefix_path.dsv'
[1.264s] INFO:colcon.colcon_core.shell:Creating environment hook '/home/hungnb/cocarry_ws/install/motoman_es_support/share/motoman_es_support/hook/cmake_prefix_path.sh'
[1.264s] Level 1:colcon.colcon_core.environment:checking '/home/hungnb/cocarry_ws/install/motoman_es_support/bin'
[1.264s] Level 1:colcon.colcon_core.environment:checking '/home/hungnb/cocarry_ws/install/motoman_es_support/lib/pkgconfig/motoman_es_support.pc'
[1.264s] Level 1:colcon.colcon_core.environment:checking '/home/hungnb/cocarry_ws/install/motoman_es_support/lib/python3.10/site-packages'
[1.265s] Level 1:colcon.colcon_core.environment:checking '/home/hungnb/cocarry_ws/install/motoman_es_support/bin'
[1.265s] INFO:colcon.colcon_core.shell:Creating package script '/home/hungnb/cocarry_ws/install/motoman_es_support/share/motoman_es_support/package.ps1'
[1.265s] INFO:colcon.colcon_core.shell:Creating package descriptor '/home/hungnb/cocarry_ws/install/motoman_es_support/share/motoman_es_support/package.dsv'
[1.266s] INFO:colcon.colcon_core.shell:Creating package script '/home/hungnb/cocarry_ws/install/motoman_es_support/share/motoman_es_support/package.sh'
[1.266s] INFO:colcon.colcon_core.shell:Creating package script '/home/hungnb/cocarry_ws/install/motoman_es_support/share/motoman_es_support/package.bash'
[1.266s] INFO:colcon.colcon_core.shell:Creating package script '/home/hungnb/cocarry_ws/install/motoman_es_support/share/motoman_es_support/package.zsh'
[1.266s] Level 1:colcon.colcon_core.environment:create_file_with_runtime_dependencies(/home/hungnb/cocarry_ws/install/motoman_es_support/share/colcon-core/packages/motoman_es_support)
[1.266s] Level 1:colcon.colcon_core.environment:create_environment_scripts_only(motoman_gp12_support)
[1.267s] Level 1:colcon.colcon_core.environment:checking '/home/hungnb/cocarry_ws/install/motoman_gp12_support' for CMake module files
[1.268s] Level 1:colcon.colcon_core.environment:checking '/home/hungnb/cocarry_ws/install/motoman_gp12_support' for CMake config files
[1.268s] DEBUG:colcon.colcon_core.event_handler.log_command:Invoked command in '/home/hungnb/cocarry_ws/build/motoman_gp12_support' returned '0': AMENT_PREFIX_PATH=/home/hungnb/cocarry_ws/install/motoman_resources:${AMENT_PREFIX_PATH} CMAKE_PREFIX_PATH=/home/hungnb/cocarry_ws/install/motoman_resources:/opt/ros/humble /usr/bin/cmake --install /home/hungnb/cocarry_ws/build/motoman_gp12_support
[1.268s] Level 1:colcon.colcon_core.shell:create_environment_hook('motoman_gp12_support', 'cmake_prefix_path')
[1.268s] INFO:colcon.colcon_core.shell:Creating environment hook '/home/hungnb/cocarry_ws/install/motoman_gp12_support/share/motoman_gp12_support/hook/cmake_prefix_path.ps1'
[1.268s] INFO:colcon.colcon_core.shell:Creating environment descriptor '/home/hungnb/cocarry_ws/install/motoman_gp12_support/share/motoman_gp12_support/hook/cmake_prefix_path.dsv'
[1.269s] INFO:colcon.colcon_core.shell:Creating environment hook '/home/hungnb/cocarry_ws/install/motoman_gp12_support/share/motoman_gp12_support/hook/cmake_prefix_path.sh'
[1.269s] Level 1:colcon.colcon_core.environment:checking '/home/hungnb/cocarry_ws/install/motoman_gp12_support/bin'
[1.269s] Level 1:colcon.colcon_core.environment:checking '/home/hungnb/cocarry_ws/install/motoman_gp12_support/lib/pkgconfig/motoman_gp12_support.pc'
[1.269s] Level 1:colcon.colcon_core.environment:checking '/home/hungnb/cocarry_ws/install/motoman_gp12_support/lib/python3.10/site-packages'
[1.269s] Level 1:colcon.colcon_core.environment:checking '/home/hungnb/cocarry_ws/install/motoman_gp12_support/bin'
[1.269s] INFO:colcon.colcon_core.shell:Creating package script '/home/hungnb/cocarry_ws/install/motoman_gp12_support/share/motoman_gp12_support/package.ps1'
[1.270s] INFO:colcon.colcon_core.shell:Creating package descriptor '/home/hungnb/cocarry_ws/install/motoman_gp12_support/share/motoman_gp12_support/package.dsv'
[1.270s] INFO:colcon.colcon_core.shell:Creating package script '/home/hungnb/cocarry_ws/install/motoman_gp12_support/share/motoman_gp12_support/package.sh'
[1.270s] INFO:colcon.colcon_core.shell:Creating package script '/home/hungnb/cocarry_ws/install/motoman_gp12_support/share/motoman_gp12_support/package.bash'
[1.270s] INFO:colcon.colcon_core.shell:Creating package script '/home/hungnb/cocarry_ws/install/motoman_gp12_support/share/motoman_gp12_support/package.zsh'
[1.271s] Level 1:colcon.colcon_core.environment:create_file_with_runtime_dependencies(/home/hungnb/cocarry_ws/install/motoman_gp12_support/share/colcon-core/packages/motoman_gp12_support)
[1.271s] Level 1:colcon.colcon_core.environment:create_environment_scripts_only(motoman_gp12_support)
[1.271s] Level 1:colcon.colcon_core.environment:checking '/home/hungnb/cocarry_ws/install/motoman_gp12_support' for CMake module files
[1.271s] Level 1:colcon.colcon_core.environment:checking '/home/hungnb/cocarry_ws/install/motoman_gp12_support' for CMake config files
[1.272s] Level 1:colcon.colcon_core.shell:create_environment_hook('motoman_gp12_support', 'cmake_prefix_path')
[1.272s] INFO:colcon.colcon_core.shell:Creating environment hook '/home/hungnb/cocarry_ws/install/motoman_gp12_support/share/motoman_gp12_support/hook/cmake_prefix_path.ps1'
[1.272s] INFO:colcon.colcon_core.shell:Creating environment descriptor '/home/hungnb/cocarry_ws/install/motoman_gp12_support/share/motoman_gp12_support/hook/cmake_prefix_path.dsv'
[1.272s] INFO:colcon.colcon_core.shell:Creating environment hook '/home/hungnb/cocarry_ws/install/motoman_gp12_support/share/motoman_gp12_support/hook/cmake_prefix_path.sh'
[1.273s] Level 1:colcon.colcon_core.environment:checking '/home/hungnb/cocarry_ws/install/motoman_gp12_support/bin'
[1.273s] Level 1:colcon.colcon_core.environment:checking '/home/hungnb/cocarry_ws/install/motoman_gp12_support/lib/pkgconfig/motoman_gp12_support.pc'
[1.273s] Level 1:colcon.colcon_core.environment:checking '/home/hungnb/cocarry_ws/install/motoman_gp12_support/lib/python3.10/site-packages'
[1.273s] Level 1:colcon.colcon_core.environment:checking '/home/hungnb/cocarry_ws/install/motoman_gp12_support/bin'
[1.273s] INFO:colcon.colcon_core.shell:Creating package script '/home/hungnb/cocarry_ws/install/motoman_gp12_support/share/motoman_gp12_support/package.ps1'
[1.273s] INFO:colcon.colcon_core.shell:Creating package descriptor '/home/hungnb/cocarry_ws/install/motoman_gp12_support/share/motoman_gp12_support/package.dsv'
[1.274s] INFO:colcon.colcon_core.shell:Creating package script '/home/hungnb/cocarry_ws/install/motoman_gp12_support/share/motoman_gp12_support/package.sh'
[1.274s] INFO:colcon.colcon_core.shell:Creating package script '/home/hungnb/cocarry_ws/install/motoman_gp12_support/share/motoman_gp12_support/package.bash'
[1.274s] INFO:colcon.colcon_core.shell:Creating package script '/home/hungnb/cocarry_ws/install/motoman_gp12_support/share/motoman_gp12_support/package.zsh'
[1.274s] Level 1:colcon.colcon_core.environment:create_file_with_runtime_dependencies(/home/hungnb/cocarry_ws/install/motoman_gp12_support/share/colcon-core/packages/motoman_gp12_support)
[1.275s] DEBUG:colcon.colcon_core.event_handler.log_command:Invoked command in '/home/hungnb/cocarry_ws/build/motoman_gp200r_support' returned '0': AMENT_PREFIX_PATH=/home/hungnb/cocarry_ws/install/motoman_resources:${AMENT_PREFIX_PATH} CMAKE_PREFIX_PATH=/home/hungnb/cocarry_ws/install/motoman_resources:/opt/ros/humble /usr/bin/cmake --build /home/hungnb/cocarry_ws/build/motoman_gp200r_support -- -j16 -l16
[1.278s] DEBUG:colcon.colcon_core.event_handler.log_command:Invoking command in '/home/hungnb/cocarry_ws/build/motoman_gp200r_support': AMENT_PREFIX_PATH=/home/hungnb/cocarry_ws/install/motoman_resources:${AMENT_PREFIX_PATH} CMAKE_PREFIX_PATH=/home/hungnb/cocarry_ws/install/motoman_resources:/opt/ros/humble /usr/bin/cmake --install /home/hungnb/cocarry_ws/build/motoman_gp200r_support
[1.278s] DEBUG:colcon.colcon_core.event_handler.log_command:Invoked command in '/home/hungnb/cocarry_ws/build/motoman_gp110_support' returned '0': AMENT_PREFIX_PATH=/home/hungnb/cocarry_ws/install/motoman_resources:${AMENT_PREFIX_PATH} CMAKE_PREFIX_PATH=/home/hungnb/cocarry_ws/install/motoman_resources:/opt/ros/humble /usr/bin/cmake --build /home/hungnb/cocarry_ws/build/motoman_gp110_support -- -j16 -l16
[1.280s] Level 1:colcon.colcon_core.environment:create_environment_scripts_only(motoman_ar2010_support)
[1.280s] Level 1:colcon.colcon_core.environment:checking '/home/hungnb/cocarry_ws/install/motoman_ar2010_support' for CMake module files
[1.280s] DEBUG:colcon.colcon_core.event_handler.log_command:Invoking command in '/home/hungnb/cocarry_ws/build/motoman_gp110_support': AMENT_PREFIX_PATH=/home/hungnb/cocarry_ws/install/motoman_resources:${AMENT_PREFIX_PATH} CMAKE_PREFIX_PATH=/home/hungnb/cocarry_ws/install/motoman_resources:/opt/ros/humble /usr/bin/cmake --install /home/hungnb/cocarry_ws/build/motoman_gp110_support
[1.280s] DEBUG:colcon.colcon_core.event_handler.log_command:Invoked command in '/home/hungnb/cocarry_ws/build/motoman_ar2010_support' returned '0': AMENT_PREFIX_PATH=/home/hungnb/cocarry_ws/install/motoman_resources:${AMENT_PREFIX_PATH} CMAKE_PREFIX_PATH=/home/hungnb/cocarry_ws/install/motoman_resources:/opt/ros/humble /usr/bin/cmake --install /home/hungnb/cocarry_ws/build/motoman_ar2010_support
[1.281s] Level 1:colcon.colcon_core.environment:checking '/home/hungnb/cocarry_ws/install/motoman_ar2010_support' for CMake config files
[1.281s] Level 1:colcon.colcon_core.shell:create_environment_hook('motoman_ar2010_support', 'cmake_prefix_path')
[1.281s] INFO:colcon.colcon_core.shell:Creating environment hook '/home/hungnb/cocarry_ws/install/motoman_ar2010_support/share/motoman_ar2010_support/hook/cmake_prefix_path.ps1'
[1.282s] INFO:colcon.colcon_core.shell:Creating environment descriptor '/home/hungnb/cocarry_ws/install/motoman_ar2010_support/share/motoman_ar2010_support/hook/cmake_prefix_path.dsv'
[1.282s] INFO:colcon.colcon_core.shell:Creating environment hook '/home/hungnb/cocarry_ws/install/motoman_ar2010_support/share/motoman_ar2010_support/hook/cmake_prefix_path.sh'
[1.282s] Level 1:colcon.colcon_core.environment:checking '/home/hungnb/cocarry_ws/install/motoman_ar2010_support/bin'
[1.282s] Level 1:colcon.colcon_core.environment:checking '/home/hungnb/cocarry_ws/install/motoman_ar2010_support/lib/pkgconfig/motoman_ar2010_support.pc'
[1.283s] Level 1:colcon.colcon_core.environment:checking '/home/hungnb/cocarry_ws/install/motoman_ar2010_support/lib/python3.10/site-packages'
[1.283s] Level 1:colcon.colcon_core.environment:checking '/home/hungnb/cocarry_ws/install/motoman_ar2010_support/bin'
[1.283s] INFO:colcon.colcon_core.shell:Creating package script '/home/hungnb/cocarry_ws/install/motoman_ar2010_support/share/motoman_ar2010_support/package.ps1'
[1.283s] INFO:colcon.colcon_core.shell:Creating package descriptor '/home/hungnb/cocarry_ws/install/motoman_ar2010_support/share/motoman_ar2010_support/package.dsv'
[1.284s] INFO:colcon.colcon_core.shell:Creating package script '/home/hungnb/cocarry_ws/install/motoman_ar2010_support/share/motoman_ar2010_support/package.sh'
[1.284s] INFO:colcon.colcon_core.shell:Creating package script '/home/hungnb/cocarry_ws/install/motoman_ar2010_support/share/motoman_ar2010_support/package.bash'
[1.284s] INFO:colcon.colcon_core.shell:Creating package script '/home/hungnb/cocarry_ws/install/motoman_ar2010_support/share/motoman_ar2010_support/package.zsh'
[1.285s] Level 1:colcon.colcon_core.environment:create_file_with_runtime_dependencies(/home/hungnb/cocarry_ws/install/motoman_ar2010_support/share/colcon-core/packages/motoman_ar2010_support)
[1.285s] Level 1:colcon.colcon_core.environment:create_environment_scripts_only(motoman_ar2010_support)
[1.285s] Level 1:colcon.colcon_core.environment:checking '/home/hungnb/cocarry_ws/install/motoman_ar2010_support' for CMake module files
[1.286s] Level 1:colcon.colcon_core.environment:checking '/home/hungnb/cocarry_ws/install/motoman_ar2010_support' for CMake config files
[1.286s] Level 1:colcon.colcon_core.shell:create_environment_hook('motoman_ar2010_support', 'cmake_prefix_path')
[1.286s] INFO:colcon.colcon_core.shell:Creating environment hook '/home/hungnb/cocarry_ws/install/motoman_ar2010_support/share/motoman_ar2010_support/hook/cmake_prefix_path.ps1'
[1.286s] INFO:colcon.colcon_core.shell:Creating environment descriptor '/home/hungnb/cocarry_ws/install/motoman_ar2010_support/share/motoman_ar2010_support/hook/cmake_prefix_path.dsv'
[1.287s] INFO:colcon.colcon_core.shell:Creating environment hook '/home/hungnb/cocarry_ws/install/motoman_ar2010_support/share/motoman_ar2010_support/hook/cmake_prefix_path.sh'
[1.287s] Level 1:colcon.colcon_core.environment:checking '/home/hungnb/cocarry_ws/install/motoman_ar2010_support/bin'
[1.287s] Level 1:colcon.colcon_core.environment:checking '/home/hungnb/cocarry_ws/install/motoman_ar2010_support/lib/pkgconfig/motoman_ar2010_support.pc'
[1.287s] Level 1:colcon.colcon_core.environment:checking '/home/hungnb/cocarry_ws/install/motoman_ar2010_support/lib/python3.10/site-packages'
[1.287s] Level 1:colcon.colcon_core.environment:checking '/home/hungnb/cocarry_ws/install/motoman_ar2010_support/bin'
[1.287s] INFO:colcon.colcon_core.shell:Creating package script '/home/hungnb/cocarry_ws/install/motoman_ar2010_support/share/motoman_ar2010_support/package.ps1'
[1.288s] INFO:colcon.colcon_core.shell:Creating package descriptor '/home/hungnb/cocarry_ws/install/motoman_ar2010_support/share/motoman_ar2010_support/package.dsv'
[1.288s] INFO:colcon.colcon_core.shell:Creating package script '/home/hungnb/cocarry_ws/install/motoman_ar2010_support/share/motoman_ar2010_support/package.sh'
[1.289s] INFO:colcon.colcon_core.shell:Creating package script '/home/hungnb/cocarry_ws/install/motoman_ar2010_support/share/motoman_ar2010_support/package.bash'
[1.290s] INFO:colcon.colcon_core.shell:Creating package script '/home/hungnb/cocarry_ws/install/motoman_ar2010_support/share/motoman_ar2010_support/package.zsh'
[1.290s] Level 1:colcon.colcon_core.environment:create_file_with_runtime_dependencies(/home/hungnb/cocarry_ws/install/motoman_ar2010_support/share/colcon-core/packages/motoman_ar2010_support)
[1.290s] Level 1:colcon.colcon_core.environment:create_environment_scripts_only(motoman_gp20hl_support)
[1.290s] Level 1:colcon.colcon_core.environment:checking '/home/hungnb/cocarry_ws/install/motoman_gp20hl_support' for CMake module files
[1.291s] DEBUG:colcon.colcon_core.event_handler.log_command:Invoked command in '/home/hungnb/cocarry_ws/build/motoman_gp20hl_support' returned '0': AMENT_PREFIX_PATH=/home/hungnb/cocarry_ws/install/motoman_resources:${AMENT_PREFIX_PATH} CMAKE_PREFIX_PATH=/home/hungnb/cocarry_ws/install/motoman_resources:/opt/ros/humble /usr/bin/cmake --install /home/hungnb/cocarry_ws/build/motoman_gp20hl_support
[1.291s] Level 1:colcon.colcon_core.environment:checking '/home/hungnb/cocarry_ws/install/motoman_gp20hl_support' for CMake config files
[1.292s] Level 1:colcon.colcon_core.shell:create_environment_hook('motoman_gp20hl_support', 'cmake_prefix_path')
[1.292s] INFO:colcon.colcon_core.shell:Creating environment hook '/home/hungnb/cocarry_ws/install/motoman_gp20hl_support/share/motoman_gp20hl_support/hook/cmake_prefix_path.ps1'
[1.293s] INFO:colcon.colcon_core.shell:Creating environment descriptor '/home/hungnb/cocarry_ws/install/motoman_gp20hl_support/share/motoman_gp20hl_support/hook/cmake_prefix_path.dsv'
[1.293s] INFO:colcon.colcon_core.shell:Creating environment hook '/home/hungnb/cocarry_ws/install/motoman_gp20hl_support/share/motoman_gp20hl_support/hook/cmake_prefix_path.sh'
[1.294s] Level 1:colcon.colcon_core.environment:checking '/home/hungnb/cocarry_ws/install/motoman_gp20hl_support/bin'
[1.294s] Level 1:colcon.colcon_core.environment:checking '/home/hungnb/cocarry_ws/install/motoman_gp20hl_support/lib/pkgconfig/motoman_gp20hl_support.pc'
[1.294s] Level 1:colcon.colcon_core.environment:checking '/home/hungnb/cocarry_ws/install/motoman_gp20hl_support/lib/python3.10/site-packages'
[1.294s] Level 1:colcon.colcon_core.environment:checking '/home/hungnb/cocarry_ws/install/motoman_gp20hl_support/bin'
[1.294s] INFO:colcon.colcon_core.shell:Creating package script '/home/hungnb/cocarry_ws/install/motoman_gp20hl_support/share/motoman_gp20hl_support/package.ps1'
[1.295s] INFO:colcon.colcon_core.shell:Creating package descriptor '/home/hungnb/cocarry_ws/install/motoman_gp20hl_support/share/motoman_gp20hl_support/package.dsv'
[1.295s] INFO:colcon.colcon_core.shell:Creating package script '/home/hungnb/cocarry_ws/install/motoman_gp20hl_support/share/motoman_gp20hl_support/package.sh'
[1.296s] INFO:colcon.colcon_core.shell:Creating package script '/home/hungnb/cocarry_ws/install/motoman_gp20hl_support/share/motoman_gp20hl_support/package.bash'
[1.296s] INFO:colcon.colcon_core.shell:Creating package script '/home/hungnb/cocarry_ws/install/motoman_gp20hl_support/share/motoman_gp20hl_support/package.zsh'
[1.296s] Level 1:colcon.colcon_core.environment:create_file_with_runtime_dependencies(/home/hungnb/cocarry_ws/install/motoman_gp20hl_support/share/colcon-core/packages/motoman_gp20hl_support)
[1.297s] Level 1:colcon.colcon_core.environment:create_environment_scripts_only(motoman_gp20hl_support)
[1.297s] Level 1:colcon.colcon_core.environment:checking '/home/hungnb/cocarry_ws/install/motoman_gp20hl_support' for CMake module files
[1.297s] Level 1:colcon.colcon_core.environment:checking '/home/hungnb/cocarry_ws/install/motoman_gp20hl_support' for CMake config files
[1.298s] Level 1:colcon.colcon_core.shell:create_environment_hook('motoman_gp20hl_support', 'cmake_prefix_path')
[1.298s] INFO:colcon.colcon_core.shell:Creating environment hook '/home/hungnb/cocarry_ws/install/motoman_gp20hl_support/share/motoman_gp20hl_support/hook/cmake_prefix_path.ps1'
[1.299s] INFO:colcon.colcon_core.shell:Creating environment descriptor '/home/hungnb/cocarry_ws/install/motoman_gp20hl_support/share/motoman_gp20hl_support/hook/cmake_prefix_path.dsv'
[1.299s] INFO:colcon.colcon_core.shell:Creating environment hook '/home/hungnb/cocarry_ws/install/motoman_gp20hl_support/share/motoman_gp20hl_support/hook/cmake_prefix_path.sh'
[1.299s] Level 1:colcon.colcon_core.environment:checking '/home/hungnb/cocarry_ws/install/motoman_gp20hl_support/bin'
[1.299s] Level 1:colcon.colcon_core.environment:checking '/home/hungnb/cocarry_ws/install/motoman_gp20hl_support/lib/pkgconfig/motoman_gp20hl_support.pc'
[1.299s] Level 1:colcon.colcon_core.environment:checking '/home/hungnb/cocarry_ws/install/motoman_gp20hl_support/lib/python3.10/site-packages'
[1.300s] Level 1:colcon.colcon_core.environment:checking '/home/hungnb/cocarry_ws/install/motoman_gp20hl_support/bin'
[1.300s] INFO:colcon.colcon_core.shell:Creating package script '/home/hungnb/cocarry_ws/install/motoman_gp20hl_support/share/motoman_gp20hl_support/package.ps1'
[1.301s] INFO:colcon.colcon_core.shell:Creating package descriptor '/home/hungnb/cocarry_ws/install/motoman_gp20hl_support/share/motoman_gp20hl_support/package.dsv'
[1.301s] INFO:colcon.colcon_core.shell:Creating package script '/home/hungnb/cocarry_ws/install/motoman_gp20hl_support/share/motoman_gp20hl_support/package.sh'
[1.301s] INFO:colcon.colcon_core.shell:Creating package script '/home/hungnb/cocarry_ws/install/motoman_gp20hl_support/share/motoman_gp20hl_support/package.bash'
[1.302s] INFO:colcon.colcon_core.shell:Creating package script '/home/hungnb/cocarry_ws/install/motoman_gp20hl_support/share/motoman_gp20hl_support/package.zsh'
[1.302s] Level 1:colcon.colcon_core.environment:create_file_with_runtime_dependencies(/home/hungnb/cocarry_ws/install/motoman_gp20hl_support/share/colcon-core/packages/motoman_gp20hl_support)
[1.304s] DEBUG:colcon.colcon_core.event_handler.log_command:Invoked command in '/home/hungnb/cocarry_ws/build/motoman_gp225_support' returned '0': AMENT_PREFIX_PATH=/home/hungnb/cocarry_ws/install/motoman_resources:${AMENT_PREFIX_PATH} CMAKE_PREFIX_PATH=/home/hungnb/cocarry_ws/install/motoman_resources:/opt/ros/humble /usr/bin/cmake --build /home/hungnb/cocarry_ws/build/motoman_gp225_support -- -j16 -l16
[1.306s] INFO:colcon.colcon_ros.task.ament_cmake.build:Building ROS package in '/home/hungnb/cocarry_ws/src/motoman_ros2_support_packages/motoman_gp70l_support' with build type 'ament_cmake'
[1.307s] DEBUG:colcon.colcon_core.event_handler.log_command:Invoking command in '/home/hungnb/cocarry_ws/build/motoman_gp225_support': AMENT_PREFIX_PATH=/home/hungnb/cocarry_ws/install/motoman_resources:${AMENT_PREFIX_PATH} CMAKE_PREFIX_PATH=/home/hungnb/cocarry_ws/install/motoman_resources:/opt/ros/humble /usr/bin/cmake --install /home/hungnb/cocarry_ws/build/motoman_gp225_support
[1.307s] INFO:colcon.colcon_cmake.task.cmake.build:Building CMake package in '/home/hungnb/cocarry_ws/src/motoman_ros2_support_packages/motoman_gp70l_support'
[1.307s] INFO:colcon.colcon_core.shell:Skip shell extension 'powershell' for command environment: Not usable outside of PowerShell
[1.307s] DEBUG:colcon.colcon_core.shell:Skip shell extension 'dsv' for command environment
[1.311s] INFO:colcon.colcon_ros.task.ament_cmake.build:Building ROS package in '/home/hungnb/cocarry_ws/src/motoman_ros2_support_packages/motoman_gp7_support' with build type 'ament_cmake'
[1.311s] INFO:colcon.colcon_cmake.task.cmake.build:Building CMake package in '/home/hungnb/cocarry_ws/src/motoman_ros2_support_packages/motoman_gp7_support'
[1.311s] INFO:colcon.colcon_core.shell:Skip shell extension 'powershell' for command environment: Not usable outside of PowerShell
[1.311s] DEBUG:colcon.colcon_core.shell:Skip shell extension 'dsv' for command environment
[1.314s] INFO:colcon.colcon_ros.task.ament_cmake.build:Building ROS package in '/home/hungnb/cocarry_ws/src/motoman_ros2_support_packages/motoman_gp88_support' with build type 'ament_cmake'
[1.315s] INFO:colcon.colcon_cmake.task.cmake.build:Building CMake package in '/home/hungnb/cocarry_ws/src/motoman_ros2_support_packages/motoman_gp88_support'
[1.315s] INFO:colcon.colcon_core.shell:Skip shell extension 'powershell' for command environment: Not usable outside of PowerShell
[1.315s] DEBUG:colcon.colcon_core.shell:Skip shell extension 'dsv' for command environment
[1.318s] INFO:colcon.colcon_ros.task.ament_cmake.build:Building ROS package in '/home/hungnb/cocarry_ws/src/motoman_ros2_support_packages/motoman_gp8_support' with build type 'ament_cmake'
[1.318s] INFO:colcon.colcon_cmake.task.cmake.build:Building CMake package in '/home/hungnb/cocarry_ws/src/motoman_ros2_support_packages/motoman_gp8_support'
[1.318s] INFO:colcon.colcon_core.shell:Skip shell extension 'powershell' for command environment: Not usable outside of PowerShell
[1.318s] DEBUG:colcon.colcon_core.shell:Skip shell extension 'dsv' for command environment
[1.322s] DEBUG:colcon.colcon_core.event_handler.log_command:Invoked command in '/home/hungnb/cocarry_ws/build/motoman_gp35l_support' returned '0': AMENT_PREFIX_PATH=/home/hungnb/cocarry_ws/install/motoman_resources:${AMENT_PREFIX_PATH} CMAKE_PREFIX_PATH=/home/hungnb/cocarry_ws/install/motoman_resources:/opt/ros/humble /usr/bin/cmake --build /home/hungnb/cocarry_ws/build/motoman_gp35l_support -- -j16 -l16
[1.326s] Level 1:colcon.colcon_core.environment:create_environment_scripts_only(motoman_gp215_support)
[1.327s] Level 1:colcon.colcon_core.environment:checking '/home/hungnb/cocarry_ws/install/motoman_gp215_support' for CMake module files
[1.329s] DEBUG:colcon.colcon_core.event_handler.log_command:Invoking command in '/home/hungnb/cocarry_ws/build/motoman_gp35l_support': AMENT_PREFIX_PATH=/home/hungnb/cocarry_ws/install/motoman_resources:${AMENT_PREFIX_PATH} CMAKE_PREFIX_PATH=/home/hungnb/cocarry_ws/install/motoman_resources:/opt/ros/humble /usr/bin/cmake --install /home/hungnb/cocarry_ws/build/motoman_gp35l_support
[1.330s] DEBUG:colcon.colcon_core.event_handler.log_command:Invoked command in '/home/hungnb/cocarry_ws/build/motoman_gp215_support' returned '0': AMENT_PREFIX_PATH=/home/hungnb/cocarry_ws/install/motoman_resources:${AMENT_PREFIX_PATH} CMAKE_PREFIX_PATH=/home/hungnb/cocarry_ws/install/motoman_resources:/opt/ros/humble /usr/bin/cmake --install /home/hungnb/cocarry_ws/build/motoman_gp215_support
[1.330s] Level 1:colcon.colcon_core.environment:checking '/home/hungnb/cocarry_ws/install/motoman_gp215_support' for CMake config files
[1.333s] Level 1:colcon.colcon_core.shell:create_environment_hook('motoman_gp215_support', 'cmake_prefix_path')
[1.333s] INFO:colcon.colcon_core.shell:Creating environment hook '/home/hungnb/cocarry_ws/install/motoman_gp215_support/share/motoman_gp215_support/hook/cmake_prefix_path.ps1'
[1.333s] INFO:colcon.colcon_core.shell:Creating environment descriptor '/home/hungnb/cocarry_ws/install/motoman_gp215_support/share/motoman_gp215_support/hook/cmake_prefix_path.dsv'
[1.334s] INFO:colcon.colcon_core.shell:Creating environment hook '/home/hungnb/cocarry_ws/install/motoman_gp215_support/share/motoman_gp215_support/hook/cmake_prefix_path.sh'
[1.334s] Level 1:colcon.colcon_core.environment:checking '/home/hungnb/cocarry_ws/install/motoman_gp215_support/bin'
[1.334s] Level 1:colcon.colcon_core.environment:checking '/home/hungnb/cocarry_ws/install/motoman_gp215_support/lib/pkgconfig/motoman_gp215_support.pc'
[1.334s] Level 1:colcon.colcon_core.environment:checking '/home/hungnb/cocarry_ws/install/motoman_gp215_support/lib/python3.10/site-packages'
[1.334s] Level 1:colcon.colcon_core.environment:checking '/home/hungnb/cocarry_ws/install/motoman_gp215_support/bin'
[1.335s] INFO:colcon.colcon_core.shell:Creating package script '/home/hungnb/cocarry_ws/install/motoman_gp215_support/share/motoman_gp215_support/package.ps1'
[1.335s] INFO:colcon.colcon_core.shell:Creating package descriptor '/home/hungnb/cocarry_ws/install/motoman_gp215_support/share/motoman_gp215_support/package.dsv'
[1.335s] INFO:colcon.colcon_core.shell:Creating package script '/home/hungnb/cocarry_ws/install/motoman_gp215_support/share/motoman_gp215_support/package.sh'
[1.335s] INFO:colcon.colcon_core.shell:Creating package script '/home/hungnb/cocarry_ws/install/motoman_gp215_support/share/motoman_gp215_support/package.bash'
[1.336s] INFO:colcon.colcon_core.shell:Creating package script '/home/hungnb/cocarry_ws/install/motoman_gp215_support/share/motoman_gp215_support/package.zsh'
[1.336s] Level 1:colcon.colcon_core.environment:create_file_with_runtime_dependencies(/home/hungnb/cocarry_ws/install/motoman_gp215_support/share/colcon-core/packages/motoman_gp215_support)
[1.336s] Level 1:colcon.colcon_core.environment:create_environment_scripts_only(motoman_gp215_support)
[1.336s] Level 1:colcon.colcon_core.environment:checking '/home/hungnb/cocarry_ws/install/motoman_gp215_support' for CMake module files
[1.337s] Level 1:colcon.colcon_core.environment:checking '/home/hungnb/cocarry_ws/install/motoman_gp215_support' for CMake config files
[1.337s] Level 1:colcon.colcon_core.shell:create_environment_hook('motoman_gp215_support', 'cmake_prefix_path')
[1.337s] INFO:colcon.colcon_core.shell:Creating environment hook '/home/hungnb/cocarry_ws/install/motoman_gp215_support/share/motoman_gp215_support/hook/cmake_prefix_path.ps1'
[1.338s] INFO:colcon.colcon_core.shell:Creating environment descriptor '/home/hungnb/cocarry_ws/install/motoman_gp215_support/share/motoman_gp215_support/hook/cmake_prefix_path.dsv'
[1.338s] INFO:colcon.colcon_core.shell:Creating environment hook '/home/hungnb/cocarry_ws/install/motoman_gp215_support/share/motoman_gp215_support/hook/cmake_prefix_path.sh'
[1.338s] Level 1:colcon.colcon_core.environment:checking '/home/hungnb/cocarry_ws/install/motoman_gp215_support/bin'
[1.338s] Level 1:colcon.colcon_core.environment:checking '/home/hungnb/cocarry_ws/install/motoman_gp215_support/lib/pkgconfig/motoman_gp215_support.pc'
[1.338s] Level 1:colcon.colcon_core.environment:checking '/home/hungnb/cocarry_ws/install/motoman_gp215_support/lib/python3.10/site-packages'
[1.339s] Level 1:colcon.colcon_core.environment:checking '/home/hungnb/cocarry_ws/install/motoman_gp215_support/bin'
[1.339s] INFO:colcon.colcon_core.shell:Creating package script '/home/hungnb/cocarry_ws/install/motoman_gp215_support/share/motoman_gp215_support/package.ps1'
[1.339s] INFO:colcon.colcon_core.shell:Creating package descriptor '/home/hungnb/cocarry_ws/install/motoman_gp215_support/share/motoman_gp215_support/package.dsv'
[1.339s] INFO:colcon.colcon_core.shell:Creating package script '/home/hungnb/cocarry_ws/install/motoman_gp215_support/share/motoman_gp215_support/package.sh'
[1.340s] INFO:colcon.colcon_core.shell:Creating package script '/home/hungnb/cocarry_ws/install/motoman_gp215_support/share/motoman_gp215_support/package.bash'
[1.340s] INFO:colcon.colcon_core.shell:Creating package script '/home/hungnb/cocarry_ws/install/motoman_gp215_support/share/motoman_gp215_support/package.zsh'
[1.340s] Level 1:colcon.colcon_core.environment:create_file_with_runtime_dependencies(/home/hungnb/cocarry_ws/install/motoman_gp215_support/share/colcon-core/packages/motoman_gp215_support)
[1.340s] Level 1:colcon.colcon_core.environment:create_environment_scripts_only(motoman_hc10_support)
[1.341s] Level 1:colcon.colcon_core.environment:checking '/home/hungnb/cocarry_ws/install/motoman_hc10_support' for CMake module files
[1.341s] DEBUG:colcon.colcon_core.event_handler.log_command:Invoked command in '/home/hungnb/cocarry_ws/build/motoman_hc10_support' returned '0': AMENT_PREFIX_PATH=/home/hungnb/cocarry_ws/install/motoman_resources:${AMENT_PREFIX_PATH} CMAKE_PREFIX_PATH=/home/hungnb/cocarry_ws/install/motoman_resources:/opt/ros/humble /usr/bin/cmake --install /home/hungnb/cocarry_ws/build/motoman_hc10_support
[1.342s] Level 1:colcon.colcon_core.environment:checking '/home/hungnb/cocarry_ws/install/motoman_hc10_support' for CMake config files
[1.344s] Level 1:colcon.colcon_core.shell:create_environment_hook('motoman_hc10_support', 'cmake_prefix_path')
[1.344s] INFO:colcon.colcon_core.shell:Creating environment hook '/home/hungnb/cocarry_ws/install/motoman_hc10_support/share/motoman_hc10_support/hook/cmake_prefix_path.ps1'
[1.344s] INFO:colcon.colcon_core.shell:Creating environment descriptor '/home/hungnb/cocarry_ws/install/motoman_hc10_support/share/motoman_hc10_support/hook/cmake_prefix_path.dsv'
[1.344s] INFO:colcon.colcon_core.shell:Creating environment hook '/home/hungnb/cocarry_ws/install/motoman_hc10_support/share/motoman_hc10_support/hook/cmake_prefix_path.sh'
[1.345s] Level 1:colcon.colcon_core.environment:checking '/home/hungnb/cocarry_ws/install/motoman_hc10_support/bin'
[1.345s] Level 1:colcon.colcon_core.environment:checking '/home/hungnb/cocarry_ws/install/motoman_hc10_support/lib/pkgconfig/motoman_hc10_support.pc'
[1.345s] Level 1:colcon.colcon_core.environment:checking '/home/hungnb/cocarry_ws/install/motoman_hc10_support/lib/python3.10/site-packages'
[1.345s] Level 1:colcon.colcon_core.environment:checking '/home/hungnb/cocarry_ws/install/motoman_hc10_support/bin'
[1.345s] INFO:colcon.colcon_core.shell:Creating package script '/home/hungnb/cocarry_ws/install/motoman_hc10_support/share/motoman_hc10_support/package.ps1'
[1.346s] INFO:colcon.colcon_core.shell:Creating package descriptor '/home/hungnb/cocarry_ws/install/motoman_hc10_support/share/motoman_hc10_support/package.dsv'
[1.346s] INFO:colcon.colcon_core.shell:Creating package script '/home/hungnb/cocarry_ws/install/motoman_hc10_support/share/motoman_hc10_support/package.sh'
[1.346s] INFO:colcon.colcon_core.shell:Creating package script '/home/hungnb/cocarry_ws/install/motoman_hc10_support/share/motoman_hc10_support/package.bash'
[1.346s] INFO:colcon.colcon_core.shell:Creating package script '/home/hungnb/cocarry_ws/install/motoman_hc10_support/share/motoman_hc10_support/package.zsh'
[1.347s] Level 1:colcon.colcon_core.environment:create_file_with_runtime_dependencies(/home/hungnb/cocarry_ws/install/motoman_hc10_support/share/colcon-core/packages/motoman_hc10_support)
[1.347s] Level 1:colcon.colcon_core.environment:create_environment_scripts_only(motoman_hc10_support)
[1.347s] Level 1:colcon.colcon_core.environment:checking '/home/hungnb/cocarry_ws/install/motoman_hc10_support' for CMake module files
[1.347s] Level 1:colcon.colcon_core.environment:checking '/home/hungnb/cocarry_ws/install/motoman_hc10_support' for CMake config files
[1.348s] Level 1:colcon.colcon_core.shell:create_environment_hook('motoman_hc10_support', 'cmake_prefix_path')
[1.348s] INFO:colcon.colcon_core.shell:Creating environment hook '/home/hungnb/cocarry_ws/install/motoman_hc10_support/share/motoman_hc10_support/hook/cmake_prefix_path.ps1'
[1.349s] INFO:colcon.colcon_core.shell:Creating environment descriptor '/home/hungnb/cocarry_ws/install/motoman_hc10_support/share/motoman_hc10_support/hook/cmake_prefix_path.dsv'
[1.349s] INFO:colcon.colcon_core.shell:Creating environment hook '/home/hungnb/cocarry_ws/install/motoman_hc10_support/share/motoman_hc10_support/hook/cmake_prefix_path.sh'
[1.349s] Level 1:colcon.colcon_core.environment:checking '/home/hungnb/cocarry_ws/install/motoman_hc10_support/bin'
[1.349s] Level 1:colcon.colcon_core.environment:checking '/home/hungnb/cocarry_ws/install/motoman_hc10_support/lib/pkgconfig/motoman_hc10_support.pc'
[1.349s] Level 1:colcon.colcon_core.environment:checking '/home/hungnb/cocarry_ws/install/motoman_hc10_support/lib/python3.10/site-packages'
[1.350s] Level 1:colcon.colcon_core.environment:checking '/home/hungnb/cocarry_ws/install/motoman_hc10_support/bin'
[1.350s] INFO:colcon.colcon_core.shell:Creating package script '/home/hungnb/cocarry_ws/install/motoman_hc10_support/share/motoman_hc10_support/package.ps1'
[1.350s] INFO:colcon.colcon_core.shell:Creating package descriptor '/home/hungnb/cocarry_ws/install/motoman_hc10_support/share/motoman_hc10_support/package.dsv'
[1.351s] INFO:colcon.colcon_core.shell:Creating package script '/home/hungnb/cocarry_ws/install/motoman_hc10_support/share/motoman_hc10_support/package.sh'
[1.351s] INFO:colcon.colcon_core.shell:Creating package script '/home/hungnb/cocarry_ws/install/motoman_hc10_support/share/motoman_hc10_support/package.bash'
[1.351s] INFO:colcon.colcon_core.shell:Creating package script '/home/hungnb/cocarry_ws/install/motoman_hc10_support/share/motoman_hc10_support/package.zsh'
[1.352s] Level 1:colcon.colcon_core.environment:create_file_with_runtime_dependencies(/home/hungnb/cocarry_ws/install/motoman_hc10_support/share/colcon-core/packages/motoman_hc10_support)
[1.355s] Level 1:colcon.colcon_core.environment:create_environment_scripts_only(motoman_gp25_support)
[1.355s] Level 1:colcon.colcon_core.environment:checking '/home/hungnb/cocarry_ws/install/motoman_gp25_support' for CMake module files
[1.356s] DEBUG:colcon.colcon_core.event_handler.log_command:Invoking command in '/home/hungnb/cocarry_ws/build/motoman_gp4_support': AMENT_PREFIX_PATH=/home/hungnb/cocarry_ws/install/motoman_resources:${AMENT_PREFIX_PATH} CMAKE_PREFIX_PATH=/home/hungnb/cocarry_ws/install/motoman_resources:/opt/ros/humble /usr/bin/cmake /home/hungnb/cocarry_ws/src/motoman_ros2_support_packages/motoman_gp4_support -DCMAKE_INSTALL_PREFIX=/home/hungnb/cocarry_ws/install/motoman_gp4_support
[1.356s] DEBUG:colcon.colcon_core.event_handler.log_command:Invoked command in '/home/hungnb/cocarry_ws/build/motoman_gp25_support' returned '0': AMENT_PREFIX_PATH=/home/hungnb/cocarry_ws/install/motoman_resources:${AMENT_PREFIX_PATH} CMAKE_PREFIX_PATH=/home/hungnb/cocarry_ws/install/motoman_resources:/opt/ros/humble /usr/bin/cmake --install /home/hungnb/cocarry_ws/build/motoman_gp25_support
[1.356s] Level 1:colcon.colcon_core.environment:checking '/home/hungnb/cocarry_ws/install/motoman_gp25_support' for CMake config files
[1.357s] Level 1:colcon.colcon_core.shell:create_environment_hook('motoman_gp25_support', 'cmake_prefix_path')
[1.357s] INFO:colcon.colcon_core.shell:Creating environment hook '/home/hungnb/cocarry_ws/install/motoman_gp25_support/share/motoman_gp25_support/hook/cmake_prefix_path.ps1'
[1.357s] INFO:colcon.colcon_core.shell:Creating environment descriptor '/home/hungnb/cocarry_ws/install/motoman_gp25_support/share/motoman_gp25_support/hook/cmake_prefix_path.dsv'
[1.357s] INFO:colcon.colcon_core.shell:Creating environment hook '/home/hungnb/cocarry_ws/install/motoman_gp25_support/share/motoman_gp25_support/hook/cmake_prefix_path.sh'
[1.358s] Level 1:colcon.colcon_core.environment:checking '/home/hungnb/cocarry_ws/install/motoman_gp25_support/bin'
[1.358s] Level 1:colcon.colcon_core.environment:checking '/home/hungnb/cocarry_ws/install/motoman_gp25_support/lib/pkgconfig/motoman_gp25_support.pc'
[1.358s] Level 1:colcon.colcon_core.environment:checking '/home/hungnb/cocarry_ws/install/motoman_gp25_support/lib/python3.10/site-packages'
[1.358s] Level 1:colcon.colcon_core.environment:checking '/home/hungnb/cocarry_ws/install/motoman_gp25_support/bin'
[1.358s] INFO:colcon.colcon_core.shell:Creating package script '/home/hungnb/cocarry_ws/install/motoman_gp25_support/share/motoman_gp25_support/package.ps1'
[1.359s] INFO:colcon.colcon_core.shell:Creating package descriptor '/home/hungnb/cocarry_ws/install/motoman_gp25_support/share/motoman_gp25_support/package.dsv'
[1.359s] INFO:colcon.colcon_core.shell:Creating package script '/home/hungnb/cocarry_ws/install/motoman_gp25_support/share/motoman_gp25_support/package.sh'
[1.359s] INFO:colcon.colcon_core.shell:Creating package script '/home/hungnb/cocarry_ws/install/motoman_gp25_support/share/motoman_gp25_support/package.bash'
[1.360s] INFO:colcon.colcon_core.shell:Creating package script '/home/hungnb/cocarry_ws/install/motoman_gp25_support/share/motoman_gp25_support/package.zsh'
[1.360s] Level 1:colcon.colcon_core.environment:create_file_with_runtime_dependencies(/home/hungnb/cocarry_ws/install/motoman_gp25_support/share/colcon-core/packages/motoman_gp25_support)
[1.360s] Level 1:colcon.colcon_core.environment:create_environment_scripts_only(motoman_gp25_support)
[1.361s] Level 1:colcon.colcon_core.environment:checking '/home/hungnb/cocarry_ws/install/motoman_gp25_support' for CMake module files
[1.361s] Level 1:colcon.colcon_core.environment:checking '/home/hungnb/cocarry_ws/install/motoman_gp25_support' for CMake config files
[1.361s] Level 1:colcon.colcon_core.shell:create_environment_hook('motoman_gp25_support', 'cmake_prefix_path')
[1.361s] INFO:colcon.colcon_core.shell:Creating environment hook '/home/hungnb/cocarry_ws/install/motoman_gp25_support/share/motoman_gp25_support/hook/cmake_prefix_path.ps1'
[1.362s] INFO:colcon.colcon_core.shell:Creating environment descriptor '/home/hungnb/cocarry_ws/install/motoman_gp25_support/share/motoman_gp25_support/hook/cmake_prefix_path.dsv'
[1.362s] INFO:colcon.colcon_core.shell:Creating environment hook '/home/hungnb/cocarry_ws/install/motoman_gp25_support/share/motoman_gp25_support/hook/cmake_prefix_path.sh'
[1.362s] Level 1:colcon.colcon_core.environment:checking '/home/hungnb/cocarry_ws/install/motoman_gp25_support/bin'
[1.362s] Level 1:colcon.colcon_core.environment:checking '/home/hungnb/cocarry_ws/install/motoman_gp25_support/lib/pkgconfig/motoman_gp25_support.pc'
[1.362s] Level 1:colcon.colcon_core.environment:checking '/home/hungnb/cocarry_ws/install/motoman_gp25_support/lib/python3.10/site-packages'
[1.363s] Level 1:colcon.colcon_core.environment:checking '/home/hungnb/cocarry_ws/install/motoman_gp25_support/bin'
[1.363s] INFO:colcon.colcon_core.shell:Creating package script '/home/hungnb/cocarry_ws/install/motoman_gp25_support/share/motoman_gp25_support/package.ps1'
[1.363s] INFO:colcon.colcon_core.shell:Creating package descriptor '/home/hungnb/cocarry_ws/install/motoman_gp25_support/share/motoman_gp25_support/package.dsv'
[1.363s] INFO:colcon.colcon_core.shell:Creating package script '/home/hungnb/cocarry_ws/install/motoman_gp25_support/share/motoman_gp25_support/package.sh'
[1.364s] INFO:colcon.colcon_core.shell:Creating package script '/home/hungnb/cocarry_ws/install/motoman_gp25_support/share/motoman_gp25_support/package.bash'
[1.364s] INFO:colcon.colcon_core.shell:Creating package script '/home/hungnb/cocarry_ws/install/motoman_gp25_support/share/motoman_gp25_support/package.zsh'
[1.364s] Level 1:colcon.colcon_core.environment:create_file_with_runtime_dependencies(/home/hungnb/cocarry_ws/install/motoman_gp25_support/share/colcon-core/packages/motoman_gp25_support)
[1.364s] Level 1:colcon.colcon_core.environment:create_environment_scripts_only(kinect2_registration)
[1.365s] Level 1:colcon.colcon_core.environment:checking '/home/hungnb/cocarry_ws/install/kinect2_registration' for CMake module files
[1.365s] DEBUG:colcon.colcon_core.event_handler.log_command:Invoked command in '/home/hungnb/cocarry_ws/build/kinect2_registration' returned '0': CMAKE_PREFIX_PATH=/opt/ros/humble /usr/bin/cmake --install /home/hungnb/cocarry_ws/build/kinect2_registration
[1.365s] Level 1:colcon.colcon_core.environment:checking '/home/hungnb/cocarry_ws/install/kinect2_registration' for CMake config files
[1.366s] Level 1:colcon.colcon_core.shell:create_environment_hook('kinect2_registration', 'cmake_prefix_path')
[1.366s] INFO:colcon.colcon_core.shell:Creating environment hook '/home/hungnb/cocarry_ws/install/kinect2_registration/share/kinect2_registration/hook/cmake_prefix_path.ps1'
[1.366s] INFO:colcon.colcon_core.shell:Creating environment descriptor '/home/hungnb/cocarry_ws/install/kinect2_registration/share/kinect2_registration/hook/cmake_prefix_path.dsv'
[1.366s] INFO:colcon.colcon_core.shell:Creating environment hook '/home/hungnb/cocarry_ws/install/kinect2_registration/share/kinect2_registration/hook/cmake_prefix_path.sh'
[1.367s] Level 1:colcon.colcon_core.environment:checking '/home/hungnb/cocarry_ws/install/kinect2_registration/lib'
[1.367s] Level 1:colcon.colcon_core.environment:checking '/home/hungnb/cocarry_ws/install/kinect2_registration/bin'
[1.367s] Level 1:colcon.colcon_core.environment:checking '/home/hungnb/cocarry_ws/install/kinect2_registration/lib/pkgconfig/kinect2_registration.pc'
[1.367s] Level 1:colcon.colcon_core.environment:checking '/home/hungnb/cocarry_ws/install/kinect2_registration/lib/python3.10/site-packages'
[1.368s] Level 1:colcon.colcon_core.environment:checking '/home/hungnb/cocarry_ws/install/kinect2_registration/bin'
[1.368s] INFO:colcon.colcon_core.shell:Creating package script '/home/hungnb/cocarry_ws/install/kinect2_registration/share/kinect2_registration/package.ps1'
[1.369s] INFO:colcon.colcon_core.shell:Creating package descriptor '/home/hungnb/cocarry_ws/install/kinect2_registration/share/kinect2_registration/package.dsv'
[1.369s] INFO:colcon.colcon_core.shell:Creating package script '/home/hungnb/cocarry_ws/install/kinect2_registration/share/kinect2_registration/package.sh'
[1.370s] INFO:colcon.colcon_core.shell:Creating package script '/home/hungnb/cocarry_ws/install/kinect2_registration/share/kinect2_registration/package.bash'
[1.370s] INFO:colcon.colcon_core.shell:Creating package script '/home/hungnb/cocarry_ws/install/kinect2_registration/share/kinect2_registration/package.zsh'
[1.371s] Level 1:colcon.colcon_core.environment:create_file_with_runtime_dependencies(/home/hungnb/cocarry_ws/install/kinect2_registration/share/colcon-core/packages/kinect2_registration)
[1.371s] Level 1:colcon.colcon_core.environment:create_environment_scripts_only(kinect2_registration)
[1.371s] Level 1:colcon.colcon_core.environment:checking '/home/hungnb/cocarry_ws/install/kinect2_registration' for CMake module files
[1.372s] Level 1:colcon.colcon_core.environment:checking '/home/hungnb/cocarry_ws/install/kinect2_registration' for CMake config files
[1.372s] Level 1:colcon.colcon_core.shell:create_environment_hook('kinect2_registration', 'cmake_prefix_path')
[1.372s] INFO:colcon.colcon_core.shell:Creating environment hook '/home/hungnb/cocarry_ws/install/kinect2_registration/share/kinect2_registration/hook/cmake_prefix_path.ps1'
[1.372s] INFO:colcon.colcon_core.shell:Creating environment descriptor '/home/hungnb/cocarry_ws/install/kinect2_registration/share/kinect2_registration/hook/cmake_prefix_path.dsv'
[1.373s] INFO:colcon.colcon_core.shell:Creating environment hook '/home/hungnb/cocarry_ws/install/kinect2_registration/share/kinect2_registration/hook/cmake_prefix_path.sh'
[1.373s] Level 1:colcon.colcon_core.environment:checking '/home/hungnb/cocarry_ws/install/kinect2_registration/lib'
[1.373s] Level 1:colcon.colcon_core.environment:checking '/home/hungnb/cocarry_ws/install/kinect2_registration/bin'
[1.373s] Level 1:colcon.colcon_core.environment:checking '/home/hungnb/cocarry_ws/install/kinect2_registration/lib/pkgconfig/kinect2_registration.pc'
[1.373s] Level 1:colcon.colcon_core.environment:checking '/home/hungnb/cocarry_ws/install/kinect2_registration/lib/python3.10/site-packages'
[1.374s] Level 1:colcon.colcon_core.environment:checking '/home/hungnb/cocarry_ws/install/kinect2_registration/bin'
[1.374s] INFO:colcon.colcon_core.shell:Creating package script '/home/hungnb/cocarry_ws/install/kinect2_registration/share/kinect2_registration/package.ps1'
[1.374s] INFO:colcon.colcon_core.shell:Creating package descriptor '/home/hungnb/cocarry_ws/install/kinect2_registration/share/kinect2_registration/package.dsv'
[1.375s] INFO:colcon.colcon_core.shell:Creating package script '/home/hungnb/cocarry_ws/install/kinect2_registration/share/kinect2_registration/package.sh'
[1.375s] INFO:colcon.colcon_core.shell:Creating package script '/home/hungnb/cocarry_ws/install/kinect2_registration/share/kinect2_registration/package.bash'
[1.375s] INFO:colcon.colcon_core.shell:Creating package script '/home/hungnb/cocarry_ws/install/kinect2_registration/share/kinect2_registration/package.zsh'
[1.376s] Level 1:colcon.colcon_core.environment:create_file_with_runtime_dependencies(/home/hungnb/cocarry_ws/install/kinect2_registration/share/colcon-core/packages/kinect2_registration)
[1.376s] Level 1:colcon.colcon_core.environment:create_environment_scripts_only(motoman_gp110_support)
[1.376s] Level 1:colcon.colcon_core.environment:checking '/home/hungnb/cocarry_ws/install/motoman_gp110_support' for CMake module files
[1.377s] DEBUG:colcon.colcon_core.event_handler.log_command:Invoked command in '/home/hungnb/cocarry_ws/build/motoman_gp110_support' returned '0': AMENT_PREFIX_PATH=/home/hungnb/cocarry_ws/install/motoman_resources:${AMENT_PREFIX_PATH} CMAKE_PREFIX_PATH=/home/hungnb/cocarry_ws/install/motoman_resources:/opt/ros/humble /usr/bin/cmake --install /home/hungnb/cocarry_ws/build/motoman_gp110_support
[1.377s] Level 1:colcon.colcon_core.environment:checking '/home/hungnb/cocarry_ws/install/motoman_gp110_support' for CMake config files
[1.378s] Level 1:colcon.colcon_core.shell:create_environment_hook('motoman_gp110_support', 'cmake_prefix_path')
[1.378s] INFO:colcon.colcon_core.shell:Creating environment hook '/home/hungnb/cocarry_ws/install/motoman_gp110_support/share/motoman_gp110_support/hook/cmake_prefix_path.ps1'
[1.379s] INFO:colcon.colcon_core.shell:Creating environment descriptor '/home/hungnb/cocarry_ws/install/motoman_gp110_support/share/motoman_gp110_support/hook/cmake_prefix_path.dsv'
[1.379s] INFO:colcon.colcon_core.shell:Creating environment hook '/home/hungnb/cocarry_ws/install/motoman_gp110_support/share/motoman_gp110_support/hook/cmake_prefix_path.sh'
[1.380s] Level 1:colcon.colcon_core.environment:checking '/home/hungnb/cocarry_ws/install/motoman_gp110_support/bin'
[1.380s] Level 1:colcon.colcon_core.environment:checking '/home/hungnb/cocarry_ws/install/motoman_gp110_support/lib/pkgconfig/motoman_gp110_support.pc'
[1.380s] Level 1:colcon.colcon_core.environment:checking '/home/hungnb/cocarry_ws/install/motoman_gp110_support/lib/python3.10/site-packages'
[1.380s] Level 1:colcon.colcon_core.environment:checking '/home/hungnb/cocarry_ws/install/motoman_gp110_support/bin'
[1.381s] INFO:colcon.colcon_core.shell:Creating package script '/home/hungnb/cocarry_ws/install/motoman_gp110_support/share/motoman_gp110_support/package.ps1'
[1.381s] INFO:colcon.colcon_core.shell:Creating package descriptor '/home/hungnb/cocarry_ws/install/motoman_gp110_support/share/motoman_gp110_support/package.dsv'
[1.381s] INFO:colcon.colcon_core.shell:Creating package script '/home/hungnb/cocarry_ws/install/motoman_gp110_support/share/motoman_gp110_support/package.sh'
[1.381s] INFO:colcon.colcon_core.shell:Creating package script '/home/hungnb/cocarry_ws/install/motoman_gp110_support/share/motoman_gp110_support/package.bash'
[1.382s] INFO:colcon.colcon_core.shell:Creating package script '/home/hungnb/cocarry_ws/install/motoman_gp110_support/share/motoman_gp110_support/package.zsh'
[1.382s] Level 1:colcon.colcon_core.environment:create_file_with_runtime_dependencies(/home/hungnb/cocarry_ws/install/motoman_gp110_support/share/colcon-core/packages/motoman_gp110_support)
[1.382s] Level 1:colcon.colcon_core.environment:create_environment_scripts_only(motoman_gp110_support)
[1.382s] Level 1:colcon.colcon_core.environment:checking '/home/hungnb/cocarry_ws/install/motoman_gp110_support' for CMake module files
[1.383s] Level 1:colcon.colcon_core.environment:checking '/home/hungnb/cocarry_ws/install/motoman_gp110_support' for CMake config files
[1.384s] Level 1:colcon.colcon_core.shell:create_environment_hook('motoman_gp110_support', 'cmake_prefix_path')
[1.384s] INFO:colcon.colcon_core.shell:Creating environment hook '/home/hungnb/cocarry_ws/install/motoman_gp110_support/share/motoman_gp110_support/hook/cmake_prefix_path.ps1'
[1.385s] INFO:colcon.colcon_core.shell:Creating environment descriptor '/home/hungnb/cocarry_ws/install/motoman_gp110_support/share/motoman_gp110_support/hook/cmake_prefix_path.dsv'
[1.385s] INFO:colcon.colcon_core.shell:Creating environment hook '/home/hungnb/cocarry_ws/install/motoman_gp110_support/share/motoman_gp110_support/hook/cmake_prefix_path.sh'
[1.386s] Level 1:colcon.colcon_core.environment:checking '/home/hungnb/cocarry_ws/install/motoman_gp110_support/bin'
[1.386s] Level 1:colcon.colcon_core.environment:checking '/home/hungnb/cocarry_ws/install/motoman_gp110_support/lib/pkgconfig/motoman_gp110_support.pc'
[1.386s] Level 1:colcon.colcon_core.environment:checking '/home/hungnb/cocarry_ws/install/motoman_gp110_support/lib/python3.10/site-packages'
[1.387s] Level 1:colcon.colcon_core.environment:checking '/home/hungnb/cocarry_ws/install/motoman_gp110_support/bin'
[1.387s] INFO:colcon.colcon_core.shell:Creating package script '/home/hungnb/cocarry_ws/install/motoman_gp110_support/share/motoman_gp110_support/package.ps1'
[1.388s] INFO:colcon.colcon_core.shell:Creating package descriptor '/home/hungnb/cocarry_ws/install/motoman_gp110_support/share/motoman_gp110_support/package.dsv'
[1.388s] INFO:colcon.colcon_core.shell:Creating package script '/home/hungnb/cocarry_ws/install/motoman_gp110_support/share/motoman_gp110_support/package.sh'
[1.388s] INFO:colcon.colcon_core.shell:Creating package script '/home/hungnb/cocarry_ws/install/motoman_gp110_support/share/motoman_gp110_support/package.bash'
[1.389s] INFO:colcon.colcon_core.shell:Creating package script '/home/hungnb/cocarry_ws/install/motoman_gp110_support/share/motoman_gp110_support/package.zsh'
[1.389s] Level 1:colcon.colcon_core.environment:create_file_with_runtime_dependencies(/home/hungnb/cocarry_ws/install/motoman_gp110_support/share/colcon-core/packages/motoman_gp110_support)
[1.390s] Level 1:colcon.colcon_core.environment:create_environment_scripts_only(motoman_gp200r_support)
[1.390s] Level 1:colcon.colcon_core.environment:checking '/home/hungnb/cocarry_ws/install/motoman_gp200r_support' for CMake module files
[1.391s] DEBUG:colcon.colcon_core.event_handler.log_command:Invoked command in '/home/hungnb/cocarry_ws/build/motoman_gp200r_support' returned '0': AMENT_PREFIX_PATH=/home/hungnb/cocarry_ws/install/motoman_resources:${AMENT_PREFIX_PATH} CMAKE_PREFIX_PATH=/home/hungnb/cocarry_ws/install/motoman_resources:/opt/ros/humble /usr/bin/cmake --install /home/hungnb/cocarry_ws/build/motoman_gp200r_support
[1.391s] Level 1:colcon.colcon_core.environment:checking '/home/hungnb/cocarry_ws/install/motoman_gp200r_support' for CMake config files
[1.392s] Level 1:colcon.colcon_core.shell:create_environment_hook('motoman_gp200r_support', 'cmake_prefix_path')
[1.393s] INFO:colcon.colcon_core.shell:Creating environment hook '/home/hungnb/cocarry_ws/install/motoman_gp200r_support/share/motoman_gp200r_support/hook/cmake_prefix_path.ps1'
[1.393s] INFO:colcon.colcon_core.shell:Creating environment descriptor '/home/hungnb/cocarry_ws/install/motoman_gp200r_support/share/motoman_gp200r_support/hook/cmake_prefix_path.dsv'
[1.394s] INFO:colcon.colcon_core.shell:Creating environment hook '/home/hungnb/cocarry_ws/install/motoman_gp200r_support/share/motoman_gp200r_support/hook/cmake_prefix_path.sh'
[1.394s] Level 1:colcon.colcon_core.environment:checking '/home/hungnb/cocarry_ws/install/motoman_gp200r_support/bin'
[1.395s] Level 1:colcon.colcon_core.environment:checking '/home/hungnb/cocarry_ws/install/motoman_gp200r_support/lib/pkgconfig/motoman_gp200r_support.pc'
[1.395s] Level 1:colcon.colcon_core.environment:checking '/home/hungnb/cocarry_ws/install/motoman_gp200r_support/lib/python3.10/site-packages'
[1.395s] Level 1:colcon.colcon_core.environment:checking '/home/hungnb/cocarry_ws/install/motoman_gp200r_support/bin'
[1.396s] INFO:colcon.colcon_core.shell:Creating package script '/home/hungnb/cocarry_ws/install/motoman_gp200r_support/share/motoman_gp200r_support/package.ps1'
[1.396s] INFO:colcon.colcon_core.shell:Creating package descriptor '/home/hungnb/cocarry_ws/install/motoman_gp200r_support/share/motoman_gp200r_support/package.dsv'
[1.396s] INFO:colcon.colcon_core.shell:Creating package script '/home/hungnb/cocarry_ws/install/motoman_gp200r_support/share/motoman_gp200r_support/package.sh'
[1.397s] INFO:colcon.colcon_core.shell:Creating package script '/home/hungnb/cocarry_ws/install/motoman_gp200r_support/share/motoman_gp200r_support/package.bash'
[1.397s] INFO:colcon.colcon_core.shell:Creating package script '/home/hungnb/cocarry_ws/install/motoman_gp200r_support/share/motoman_gp200r_support/package.zsh'
[1.397s] Level 1:colcon.colcon_core.environment:create_file_with_runtime_dependencies(/home/hungnb/cocarry_ws/install/motoman_gp200r_support/share/colcon-core/packages/motoman_gp200r_support)
[1.397s] Level 1:colcon.colcon_core.environment:create_environment_scripts_only(motoman_gp200r_support)
[1.397s] Level 1:colcon.colcon_core.environment:checking '/home/hungnb/cocarry_ws/install/motoman_gp200r_support' for CMake module files
[1.398s] Level 1:colcon.colcon_core.environment:checking '/home/hungnb/cocarry_ws/install/motoman_gp200r_support' for CMake config files
[1.398s] Level 1:colcon.colcon_core.shell:create_environment_hook('motoman_gp200r_support', 'cmake_prefix_path')
[1.398s] INFO:colcon.colcon_core.shell:Creating environment hook '/home/hungnb/cocarry_ws/install/motoman_gp200r_support/share/motoman_gp200r_support/hook/cmake_prefix_path.ps1'
[1.399s] INFO:colcon.colcon_core.shell:Creating environment descriptor '/home/hungnb/cocarry_ws/install/motoman_gp200r_support/share/motoman_gp200r_support/hook/cmake_prefix_path.dsv'
[1.399s] INFO:colcon.colcon_core.shell:Creating environment hook '/home/hungnb/cocarry_ws/install/motoman_gp200r_support/share/motoman_gp200r_support/hook/cmake_prefix_path.sh'
[1.399s] Level 1:colcon.colcon_core.environment:checking '/home/hungnb/cocarry_ws/install/motoman_gp200r_support/bin'
[1.399s] Level 1:colcon.colcon_core.environment:checking '/home/hungnb/cocarry_ws/install/motoman_gp200r_support/lib/pkgconfig/motoman_gp200r_support.pc'
[1.400s] Level 1:colcon.colcon_core.environment:checking '/home/hungnb/cocarry_ws/install/motoman_gp200r_support/lib/python3.10/site-packages'
[1.400s] Level 1:colcon.colcon_core.environment:checking '/home/hungnb/cocarry_ws/install/motoman_gp200r_support/bin'
[1.401s] INFO:colcon.colcon_core.shell:Creating package script '/home/hungnb/cocarry_ws/install/motoman_gp200r_support/share/motoman_gp200r_support/package.ps1'
[1.401s] INFO:colcon.colcon_core.shell:Creating package descriptor '/home/hungnb/cocarry_ws/install/motoman_gp200r_support/share/motoman_gp200r_support/package.dsv'
[1.401s] INFO:colcon.colcon_core.shell:Creating package script '/home/hungnb/cocarry_ws/install/motoman_gp200r_support/share/motoman_gp200r_support/package.sh'
[1.402s] INFO:colcon.colcon_core.shell:Creating package script '/home/hungnb/cocarry_ws/install/motoman_gp200r_support/share/motoman_gp200r_support/package.bash'
[1.402s] INFO:colcon.colcon_core.shell:Creating package script '/home/hungnb/cocarry_ws/install/motoman_gp200r_support/share/motoman_gp200r_support/package.zsh'
[1.402s] Level 1:colcon.colcon_core.environment:create_file_with_runtime_dependencies(/home/hungnb/cocarry_ws/install/motoman_gp200r_support/share/colcon-core/packages/motoman_gp200r_support)
[1.403s] INFO:colcon.colcon_ros.task.ament_cmake.build:Building ROS package in '/home/hungnb/cocarry_ws/src/motoman_hc10dtp_support' with build type 'ament_cmake'
[1.403s] INFO:colcon.colcon_cmake.task.cmake.build:Building CMake package in '/home/hungnb/cocarry_ws/src/motoman_hc10dtp_support'
[1.404s] INFO:colcon.colcon_core.shell:Skip shell extension 'powershell' for command environment: Not usable outside of PowerShell
[1.404s] DEBUG:colcon.colcon_core.shell:Skip shell extension 'dsv' for command environment
[1.407s] INFO:colcon.colcon_ros.task.ament_cmake.build:Building ROS package in '/home/hungnb/cocarry_ws/src/kinect2_ros2/kinect2_bridge' with build type 'ament_cmake'
[1.407s] INFO:colcon.colcon_cmake.task.cmake.build:Building CMake package in '/home/hungnb/cocarry_ws/src/kinect2_ros2/kinect2_bridge'
[1.407s] INFO:colcon.colcon_core.shell:Skip shell extension 'powershell' for command environment: Not usable outside of PowerShell
[1.407s] DEBUG:colcon.colcon_core.shell:Skip shell extension 'dsv' for command environment
[1.410s] INFO:colcon.colcon_ros.task.ament_cmake.build:Building ROS package in '/home/hungnb/cocarry_ws/src/motoman_ros2_support_packages/motoman_gp8l_support' with build type 'ament_cmake'
[1.410s] INFO:colcon.colcon_cmake.task.cmake.build:Building CMake package in '/home/hungnb/cocarry_ws/src/motoman_ros2_support_packages/motoman_gp8l_support'
[1.410s] INFO:colcon.colcon_core.shell:Skip shell extension 'powershell' for command environment: Not usable outside of PowerShell
[1.410s] DEBUG:colcon.colcon_core.shell:Skip shell extension 'dsv' for command environment
[1.414s] INFO:colcon.colcon_ros.task.ament_cmake.build:Building ROS package in '/home/hungnb/cocarry_ws/src/motoman_ros2_support_packages/motoman_hc20_support' with build type 'ament_cmake'
[1.414s] INFO:colcon.colcon_cmake.task.cmake.build:Building CMake package in '/home/hungnb/cocarry_ws/src/motoman_ros2_support_packages/motoman_hc20_support'
[1.414s] INFO:colcon.colcon_core.shell:Skip shell extension 'powershell' for command environment: Not usable outside of PowerShell
[1.414s] DEBUG:colcon.colcon_core.shell:Skip shell extension 'dsv' for command environment
[1.417s] INFO:colcon.colcon_ros.task.ament_cmake.build:Building ROS package in '/home/hungnb/cocarry_ws/src/motoman_ros2_support_packages/motoman_ma2010_support' with build type 'ament_cmake'
[1.417s] INFO:colcon.colcon_cmake.task.cmake.build:Building CMake package in '/home/hungnb/cocarry_ws/src/motoman_ros2_support_packages/motoman_ma2010_support'
[1.417s] INFO:colcon.colcon_core.shell:Skip shell extension 'powershell' for command environment: Not usable outside of PowerShell
[1.417s] DEBUG:colcon.colcon_core.shell:Skip shell extension 'dsv' for command environment
[1.420s] INFO:colcon.colcon_ros.task.ament_cmake.build:Building ROS package in '/home/hungnb/cocarry_ws/src/motoman_ros2_support_packages/motoman_mh12_support' with build type 'ament_cmake'
[1.420s] INFO:colcon.colcon_cmake.task.cmake.build:Building CMake package in '/home/hungnb/cocarry_ws/src/motoman_ros2_support_packages/motoman_mh12_support'
[1.420s] INFO:colcon.colcon_core.shell:Skip shell extension 'powershell' for command environment: Not usable outside of PowerShell
[1.420s] DEBUG:colcon.colcon_core.shell:Skip shell extension 'dsv' for command environment
[1.429s] Level 1:colcon.colcon_core.environment:create_environment_scripts_only(motoman_gp225_support)
[1.429s] Level 1:colcon.colcon_core.environment:checking '/home/hungnb/cocarry_ws/install/motoman_gp225_support' for CMake module files
[1.429s] DEBUG:colcon.colcon_core.event_handler.log_command:Invoking command in '/home/hungnb/cocarry_ws/build/motoman_gp50_support': AMENT_PREFIX_PATH=/home/hungnb/cocarry_ws/install/motoman_resources:${AMENT_PREFIX_PATH} CMAKE_PREFIX_PATH=/home/hungnb/cocarry_ws/install/motoman_resources:/opt/ros/humble /usr/bin/cmake /home/hungnb/cocarry_ws/src/motoman_ros2_support_packages/motoman_gp50_support -DCMAKE_INSTALL_PREFIX=/home/hungnb/cocarry_ws/install/motoman_gp50_support
[1.430s] DEBUG:colcon.colcon_core.event_handler.log_command:Invoked command in '/home/hungnb/cocarry_ws/build/motoman_gp225_support' returned '0': AMENT_PREFIX_PATH=/home/hungnb/cocarry_ws/install/motoman_resources:${AMENT_PREFIX_PATH} CMAKE_PREFIX_PATH=/home/hungnb/cocarry_ws/install/motoman_resources:/opt/ros/humble /usr/bin/cmake --install /home/hungnb/cocarry_ws/build/motoman_gp225_support
[1.430s] Level 1:colcon.colcon_core.environment:checking '/home/hungnb/cocarry_ws/install/motoman_gp225_support' for CMake config files
[1.431s] Level 1:colcon.colcon_core.shell:create_environment_hook('motoman_gp225_support', 'cmake_prefix_path')
[1.431s] INFO:colcon.colcon_core.shell:Creating environment hook '/home/hungnb/cocarry_ws/install/motoman_gp225_support/share/motoman_gp225_support/hook/cmake_prefix_path.ps1'
[1.431s] INFO:colcon.colcon_core.shell:Creating environment descriptor '/home/hungnb/cocarry_ws/install/motoman_gp225_support/share/motoman_gp225_support/hook/cmake_prefix_path.dsv'
[1.432s] INFO:colcon.colcon_core.shell:Creating environment hook '/home/hungnb/cocarry_ws/install/motoman_gp225_support/share/motoman_gp225_support/hook/cmake_prefix_path.sh'
[1.432s] Level 1:colcon.colcon_core.environment:checking '/home/hungnb/cocarry_ws/install/motoman_gp225_support/bin'
[1.432s] Level 1:colcon.colcon_core.environment:checking '/home/hungnb/cocarry_ws/install/motoman_gp225_support/lib/pkgconfig/motoman_gp225_support.pc'
[1.432s] Level 1:colcon.colcon_core.environment:checking '/home/hungnb/cocarry_ws/install/motoman_gp225_support/lib/python3.10/site-packages'
[1.433s] Level 1:colcon.colcon_core.environment:checking '/home/hungnb/cocarry_ws/install/motoman_gp225_support/bin'
[1.433s] INFO:colcon.colcon_core.shell:Creating package script '/home/hungnb/cocarry_ws/install/motoman_gp225_support/share/motoman_gp225_support/package.ps1'
[1.434s] INFO:colcon.colcon_core.shell:Creating package descriptor '/home/hungnb/cocarry_ws/install/motoman_gp225_support/share/motoman_gp225_support/package.dsv'
[1.435s] INFO:colcon.colcon_core.shell:Creating package script '/home/hungnb/cocarry_ws/install/motoman_gp225_support/share/motoman_gp225_support/package.sh'
[1.435s] INFO:colcon.colcon_core.shell:Creating package script '/home/hungnb/cocarry_ws/install/motoman_gp225_support/share/motoman_gp225_support/package.bash'
[1.435s] INFO:colcon.colcon_core.shell:Creating package script '/home/hungnb/cocarry_ws/install/motoman_gp225_support/share/motoman_gp225_support/package.zsh'
[1.435s] Level 1:colcon.colcon_core.environment:create_file_with_runtime_dependencies(/home/hungnb/cocarry_ws/install/motoman_gp225_support/share/colcon-core/packages/motoman_gp225_support)
[1.436s] Level 1:colcon.colcon_core.environment:create_environment_scripts_only(motoman_gp225_support)
[1.436s] Level 1:colcon.colcon_core.environment:checking '/home/hungnb/cocarry_ws/install/motoman_gp225_support' for CMake module files
[1.436s] Level 1:colcon.colcon_core.environment:checking '/home/hungnb/cocarry_ws/install/motoman_gp225_support' for CMake config files
[1.437s] Level 1:colcon.colcon_core.shell:create_environment_hook('motoman_gp225_support', 'cmake_prefix_path')
[1.437s] INFO:colcon.colcon_core.shell:Creating environment hook '/home/hungnb/cocarry_ws/install/motoman_gp225_support/share/motoman_gp225_support/hook/cmake_prefix_path.ps1'
[1.438s] INFO:colcon.colcon_core.shell:Creating environment descriptor '/home/hungnb/cocarry_ws/install/motoman_gp225_support/share/motoman_gp225_support/hook/cmake_prefix_path.dsv'
[1.438s] INFO:colcon.colcon_core.shell:Creating environment hook '/home/hungnb/cocarry_ws/install/motoman_gp225_support/share/motoman_gp225_support/hook/cmake_prefix_path.sh'
[1.438s] Level 1:colcon.colcon_core.environment:checking '/home/hungnb/cocarry_ws/install/motoman_gp225_support/bin'
[1.438s] Level 1:colcon.colcon_core.environment:checking '/home/hungnb/cocarry_ws/install/motoman_gp225_support/lib/pkgconfig/motoman_gp225_support.pc'
[1.438s] Level 1:colcon.colcon_core.environment:checking '/home/hungnb/cocarry_ws/install/motoman_gp225_support/lib/python3.10/site-packages'
[1.439s] Level 1:colcon.colcon_core.environment:checking '/home/hungnb/cocarry_ws/install/motoman_gp225_support/bin'
[1.439s] INFO:colcon.colcon_core.shell:Creating package script '/home/hungnb/cocarry_ws/install/motoman_gp225_support/share/motoman_gp225_support/package.ps1'
[1.439s] INFO:colcon.colcon_core.shell:Creating package descriptor '/home/hungnb/cocarry_ws/install/motoman_gp225_support/share/motoman_gp225_support/package.dsv'
[1.439s] INFO:colcon.colcon_core.shell:Creating package script '/home/hungnb/cocarry_ws/install/motoman_gp225_support/share/motoman_gp225_support/package.sh'
[1.440s] INFO:colcon.colcon_core.shell:Creating package script '/home/hungnb/cocarry_ws/install/motoman_gp225_support/share/motoman_gp225_support/package.bash'
[1.440s] INFO:colcon.colcon_core.shell:Creating package script '/home/hungnb/cocarry_ws/install/motoman_gp225_support/share/motoman_gp225_support/package.zsh'
[1.441s] Level 1:colcon.colcon_core.environment:create_file_with_runtime_dependencies(/home/hungnb/cocarry_ws/install/motoman_gp225_support/share/colcon-core/packages/motoman_gp225_support)
[1.441s] Level 1:colcon.colcon_core.environment:create_environment_scripts_only(motoman_gp35l_support)
[1.441s] Level 1:colcon.colcon_core.environment:checking '/home/hungnb/cocarry_ws/install/motoman_gp35l_support' for CMake module files
[1.443s] DEBUG:colcon.colcon_core.event_handler.log_command:Invoked command in '/home/hungnb/cocarry_ws/build/motoman_gp35l_support' returned '0': AMENT_PREFIX_PATH=/home/hungnb/cocarry_ws/install/motoman_resources:${AMENT_PREFIX_PATH} CMAKE_PREFIX_PATH=/home/hungnb/cocarry_ws/install/motoman_resources:/opt/ros/humble /usr/bin/cmake --install /home/hungnb/cocarry_ws/build/motoman_gp35l_support
[1.443s] Level 1:colcon.colcon_core.environment:checking '/home/hungnb/cocarry_ws/install/motoman_gp35l_support' for CMake config files
[1.444s] Level 1:colcon.colcon_core.shell:create_environment_hook('motoman_gp35l_support', 'cmake_prefix_path')
[1.444s] INFO:colcon.colcon_core.shell:Creating environment hook '/home/hungnb/cocarry_ws/install/motoman_gp35l_support/share/motoman_gp35l_support/hook/cmake_prefix_path.ps1'
[1.445s] INFO:colcon.colcon_core.shell:Creating environment descriptor '/home/hungnb/cocarry_ws/install/motoman_gp35l_support/share/motoman_gp35l_support/hook/cmake_prefix_path.dsv'
[1.445s] INFO:colcon.colcon_core.shell:Creating environment hook '/home/hungnb/cocarry_ws/install/motoman_gp35l_support/share/motoman_gp35l_support/hook/cmake_prefix_path.sh'
[1.445s] Level 1:colcon.colcon_core.environment:checking '/home/hungnb/cocarry_ws/install/motoman_gp35l_support/bin'
[1.445s] Level 1:colcon.colcon_core.environment:checking '/home/hungnb/cocarry_ws/install/motoman_gp35l_support/lib/pkgconfig/motoman_gp35l_support.pc'
[1.446s] Level 1:colcon.colcon_core.environment:checking '/home/hungnb/cocarry_ws/install/motoman_gp35l_support/lib/python3.10/site-packages'
[1.446s] Level 1:colcon.colcon_core.environment:checking '/home/hungnb/cocarry_ws/install/motoman_gp35l_support/bin'
[1.446s] INFO:colcon.colcon_core.shell:Creating package script '/home/hungnb/cocarry_ws/install/motoman_gp35l_support/share/motoman_gp35l_support/package.ps1'
[1.447s] INFO:colcon.colcon_core.shell:Creating package descriptor '/home/hungnb/cocarry_ws/install/motoman_gp35l_support/share/motoman_gp35l_support/package.dsv'
[1.447s] INFO:colcon.colcon_core.shell:Creating package script '/home/hungnb/cocarry_ws/install/motoman_gp35l_support/share/motoman_gp35l_support/package.sh'
[1.447s] INFO:colcon.colcon_core.shell:Creating package script '/home/hungnb/cocarry_ws/install/motoman_gp35l_support/share/motoman_gp35l_support/package.bash'
[1.447s] INFO:colcon.colcon_core.shell:Creating package script '/home/hungnb/cocarry_ws/install/motoman_gp35l_support/share/motoman_gp35l_support/package.zsh'
[1.448s] Level 1:colcon.colcon_core.environment:create_file_with_runtime_dependencies(/home/hungnb/cocarry_ws/install/motoman_gp35l_support/share/colcon-core/packages/motoman_gp35l_support)
[1.448s] Level 1:colcon.colcon_core.environment:create_environment_scripts_only(motoman_gp35l_support)
[1.448s] Level 1:colcon.colcon_core.environment:checking '/home/hungnb/cocarry_ws/install/motoman_gp35l_support' for CMake module files
[1.449s] Level 1:colcon.colcon_core.environment:checking '/home/hungnb/cocarry_ws/install/motoman_gp35l_support' for CMake config files
[1.449s] Level 1:colcon.colcon_core.shell:create_environment_hook('motoman_gp35l_support', 'cmake_prefix_path')
[1.450s] INFO:colcon.colcon_core.shell:Creating environment hook '/home/hungnb/cocarry_ws/install/motoman_gp35l_support/share/motoman_gp35l_support/hook/cmake_prefix_path.ps1'
[1.450s] INFO:colcon.colcon_core.shell:Creating environment descriptor '/home/hungnb/cocarry_ws/install/motoman_gp35l_support/share/motoman_gp35l_support/hook/cmake_prefix_path.dsv'
[1.451s] INFO:colcon.colcon_core.shell:Creating environment hook '/home/hungnb/cocarry_ws/install/motoman_gp35l_support/share/motoman_gp35l_support/hook/cmake_prefix_path.sh'
[1.451s] Level 1:colcon.colcon_core.environment:checking '/home/hungnb/cocarry_ws/install/motoman_gp35l_support/bin'
[1.451s] Level 1:colcon.colcon_core.environment:checking '/home/hungnb/cocarry_ws/install/motoman_gp35l_support/lib/pkgconfig/motoman_gp35l_support.pc'
[1.451s] Level 1:colcon.colcon_core.environment:checking '/home/hungnb/cocarry_ws/install/motoman_gp35l_support/lib/python3.10/site-packages'
[1.451s] Level 1:colcon.colcon_core.environment:checking '/home/hungnb/cocarry_ws/install/motoman_gp35l_support/bin'
[1.452s] INFO:colcon.colcon_core.shell:Creating package script '/home/hungnb/cocarry_ws/install/motoman_gp35l_support/share/motoman_gp35l_support/package.ps1'
[1.452s] INFO:colcon.colcon_core.shell:Creating package descriptor '/home/hungnb/cocarry_ws/install/motoman_gp35l_support/share/motoman_gp35l_support/package.dsv'
[1.452s] INFO:colcon.colcon_core.shell:Creating package script '/home/hungnb/cocarry_ws/install/motoman_gp35l_support/share/motoman_gp35l_support/package.sh'
[1.453s] INFO:colcon.colcon_core.shell:Creating package script '/home/hungnb/cocarry_ws/install/motoman_gp35l_support/share/motoman_gp35l_support/package.bash'
[1.453s] INFO:colcon.colcon_core.shell:Creating package script '/home/hungnb/cocarry_ws/install/motoman_gp35l_support/share/motoman_gp35l_support/package.zsh'
[1.453s] Level 1:colcon.colcon_core.environment:create_file_with_runtime_dependencies(/home/hungnb/cocarry_ws/install/motoman_gp35l_support/share/colcon-core/packages/motoman_gp35l_support)
[1.457s] DEBUG:colcon.colcon_core.event_handler.log_command:Invoking command in '/home/hungnb/cocarry_ws/build/motoman_gp70l_support': AMENT_PREFIX_PATH=/home/hungnb/cocarry_ws/install/motoman_resources:${AMENT_PREFIX_PATH} CMAKE_PREFIX_PATH=/home/hungnb/cocarry_ws/install/motoman_resources:/opt/ros/humble /usr/bin/cmake /home/hungnb/cocarry_ws/src/motoman_ros2_support_packages/motoman_gp70l_support -DCMAKE_INSTALL_PREFIX=/home/hungnb/cocarry_ws/install/motoman_gp70l_support
[1.461s] DEBUG:colcon.colcon_core.event_handler.log_command:Invoking command in '/home/hungnb/cocarry_ws/build/motoman_gp7_support': AMENT_PREFIX_PATH=/home/hungnb/cocarry_ws/install/motoman_resources:${AMENT_PREFIX_PATH} CMAKE_PREFIX_PATH=/home/hungnb/cocarry_ws/install/motoman_resources:/opt/ros/humble /usr/bin/cmake /home/hungnb/cocarry_ws/src/motoman_ros2_support_packages/motoman_gp7_support -DCMAKE_INSTALL_PREFIX=/home/hungnb/cocarry_ws/install/motoman_gp7_support
[1.464s] DEBUG:colcon.colcon_core.event_handler.log_command:Invoking command in '/home/hungnb/cocarry_ws/build/motoman_gp88_support': AMENT_PREFIX_PATH=/home/hungnb/cocarry_ws/install/motoman_resources:${AMENT_PREFIX_PATH} CMAKE_PREFIX_PATH=/home/hungnb/cocarry_ws/install/motoman_resources:/opt/ros/humble /usr/bin/cmake /home/hungnb/cocarry_ws/src/motoman_ros2_support_packages/motoman_gp88_support -DCMAKE_INSTALL_PREFIX=/home/hungnb/cocarry_ws/install/motoman_gp88_support
[1.467s] DEBUG:colcon.colcon_core.event_handler.log_command:Invoking command in '/home/hungnb/cocarry_ws/build/motoman_gp8_support': AMENT_PREFIX_PATH=/home/hungnb/cocarry_ws/install/motoman_resources:${AMENT_PREFIX_PATH} CMAKE_PREFIX_PATH=/home/hungnb/cocarry_ws/install/motoman_resources:/opt/ros/humble /usr/bin/cmake /home/hungnb/cocarry_ws/src/motoman_ros2_support_packages/motoman_gp8_support -DCMAKE_INSTALL_PREFIX=/home/hungnb/cocarry_ws/install/motoman_gp8_support
[1.470s] INFO:colcon.colcon_ros.task.ament_cmake.build:Building ROS package in '/home/hungnb/cocarry_ws/src/motoman_ros2_support_packages/motoman_mh50_support' with build type 'ament_cmake'
[1.470s] INFO:colcon.colcon_cmake.task.cmake.build:Building CMake package in '/home/hungnb/cocarry_ws/src/motoman_ros2_support_packages/motoman_mh50_support'
[1.470s] INFO:colcon.colcon_core.shell:Skip shell extension 'powershell' for command environment: Not usable outside of PowerShell
[1.470s] DEBUG:colcon.colcon_core.shell:Skip shell extension 'dsv' for command environment
[1.474s] INFO:colcon.colcon_ros.task.ament_cmake.build:Building ROS package in '/home/hungnb/cocarry_ws/src/motoman_ros2_support_packages/motoman_mh5_support' with build type 'ament_cmake'
[1.474s] INFO:colcon.colcon_cmake.task.cmake.build:Building CMake package in '/home/hungnb/cocarry_ws/src/motoman_ros2_support_packages/motoman_mh5_support'
[1.475s] INFO:colcon.colcon_core.shell:Skip shell extension 'powershell' for command environment: Not usable outside of PowerShell
[1.475s] DEBUG:colcon.colcon_core.shell:Skip shell extension 'dsv' for command environment
[1.487s] DEBUG:colcon.colcon_core.event_handler.log_command:Invoking command in '/home/hungnb/cocarry_ws/build/motoman_hc10dtp_support': AMENT_PREFIX_PATH=/home/hungnb/cocarry_ws/install/motoman_hc10_support:/home/hungnb/cocarry_ws/install/motoman_resources:${AMENT_PREFIX_PATH} CMAKE_PREFIX_PATH=/home/hungnb/cocarry_ws/install/motoman_hc10_support:/home/hungnb/cocarry_ws/install/motoman_resources:/opt/ros/humble /usr/bin/cmake /home/hungnb/cocarry_ws/src/motoman_hc10dtp_support -DCMAKE_INSTALL_PREFIX=/home/hungnb/cocarry_ws/install/motoman_hc10dtp_support
[1.490s] DEBUG:colcon.colcon_core.event_handler.log_command:Invoking command in '/home/hungnb/cocarry_ws/build/kinect2_bridge': AMENT_PREFIX_PATH=/home/hungnb/cocarry_ws/install/kinect2_registration:${AMENT_PREFIX_PATH} CMAKE_PREFIX_PATH=/home/hungnb/cocarry_ws/install/kinect2_registration:/opt/ros/humble LD_LIBRARY_PATH=/home/hungnb/cocarry_ws/install/kinect2_registration/lib:${LD_LIBRARY_PATH} /usr/bin/cmake /home/hungnb/cocarry_ws/src/kinect2_ros2/kinect2_bridge -DCMAKE_INSTALL_PREFIX=/home/hungnb/cocarry_ws/install/kinect2_bridge
[1.494s] DEBUG:colcon.colcon_core.event_handler.log_command:Invoking command in '/home/hungnb/cocarry_ws/build/motoman_gp8l_support': AMENT_PREFIX_PATH=/home/hungnb/cocarry_ws/install/motoman_resources:${AMENT_PREFIX_PATH} CMAKE_PREFIX_PATH=/home/hungnb/cocarry_ws/install/motoman_resources:/opt/ros/humble /usr/bin/cmake /home/hungnb/cocarry_ws/src/motoman_ros2_support_packages/motoman_gp8l_support -DCMAKE_INSTALL_PREFIX=/home/hungnb/cocarry_ws/install/motoman_gp8l_support
[1.498s] DEBUG:colcon.colcon_core.event_handler.log_command:Invoking command in '/home/hungnb/cocarry_ws/build/motoman_hc20_support': AMENT_PREFIX_PATH=/home/hungnb/cocarry_ws/install/motoman_resources:${AMENT_PREFIX_PATH} CMAKE_PREFIX_PATH=/home/hungnb/cocarry_ws/install/motoman_resources:/opt/ros/humble /usr/bin/cmake /home/hungnb/cocarry_ws/src/motoman_ros2_support_packages/motoman_hc20_support -DCMAKE_INSTALL_PREFIX=/home/hungnb/cocarry_ws/install/motoman_hc20_support
[1.505s] DEBUG:colcon.colcon_core.event_handler.log_command:Invoking command in '/home/hungnb/cocarry_ws/build/motoman_ma2010_support': AMENT_PREFIX_PATH=/home/hungnb/cocarry_ws/install/motoman_resources:${AMENT_PREFIX_PATH} CMAKE_PREFIX_PATH=/home/hungnb/cocarry_ws/install/motoman_resources:/opt/ros/humble /usr/bin/cmake /home/hungnb/cocarry_ws/src/motoman_ros2_support_packages/motoman_ma2010_support -DCMAKE_INSTALL_PREFIX=/home/hungnb/cocarry_ws/install/motoman_ma2010_support
[1.514s] DEBUG:colcon.colcon_core.event_handler.log_command:Invoking command in '/home/hungnb/cocarry_ws/build/motoman_mh12_support': AMENT_PREFIX_PATH=/home/hungnb/cocarry_ws/install/motoman_resources:${AMENT_PREFIX_PATH} CMAKE_PREFIX_PATH=/home/hungnb/cocarry_ws/install/motoman_resources:/opt/ros/humble /usr/bin/cmake /home/hungnb/cocarry_ws/src/motoman_ros2_support_packages/motoman_mh12_support -DCMAKE_INSTALL_PREFIX=/home/hungnb/cocarry_ws/install/motoman_mh12_support
[1.524s] DEBUG:colcon.colcon_core.event_handler.log_command:Invoking command in '/home/hungnb/cocarry_ws/build/motoman_mh50_support': AMENT_PREFIX_PATH=/home/hungnb/cocarry_ws/install/motoman_resources:${AMENT_PREFIX_PATH} CMAKE_PREFIX_PATH=/home/hungnb/cocarry_ws/install/motoman_resources:/opt/ros/humble /usr/bin/cmake /home/hungnb/cocarry_ws/src/motoman_ros2_support_packages/motoman_mh50_support -DCMAKE_INSTALL_PREFIX=/home/hungnb/cocarry_ws/install/motoman_mh50_support
[1.535s] DEBUG:colcon.colcon_core.event_handler.log_command:Invoking command in '/home/hungnb/cocarry_ws/build/motoman_mh5_support': AMENT_PREFIX_PATH=/home/hungnb/cocarry_ws/install/motoman_resources:${AMENT_PREFIX_PATH} CMAKE_PREFIX_PATH=/home/hungnb/cocarry_ws/install/motoman_resources:/opt/ros/humble /usr/bin/cmake /home/hungnb/cocarry_ws/src/motoman_ros2_support_packages/motoman_mh5_support -DCMAKE_INSTALL_PREFIX=/home/hungnb/cocarry_ws/install/motoman_mh5_support
[1.612s] DEBUG:colcon.colcon_core.event_handler.log_command:Invoked command in '/home/hungnb/cocarry_ws/build/motoman_gp4_support' returned '0': AMENT_PREFIX_PATH=/home/hungnb/cocarry_ws/install/motoman_resources:${AMENT_PREFIX_PATH} CMAKE_PREFIX_PATH=/home/hungnb/cocarry_ws/install/motoman_resources:/opt/ros/humble /usr/bin/cmake /home/hungnb/cocarry_ws/src/motoman_ros2_support_packages/motoman_gp4_support -DCMAKE_INSTALL_PREFIX=/home/hungnb/cocarry_ws/install/motoman_gp4_support
[1.617s] DEBUG:colcon.colcon_core.event_handler.log_command:Invoking command in '/home/hungnb/cocarry_ws/build/motoman_gp4_support': AMENT_PREFIX_PATH=/home/hungnb/cocarry_ws/install/motoman_resources:${AMENT_PREFIX_PATH} CMAKE_PREFIX_PATH=/home/hungnb/cocarry_ws/install/motoman_resources:/opt/ros/humble /usr/bin/cmake --build /home/hungnb/cocarry_ws/build/motoman_gp4_support -- -j16 -l16
[1.782s] DEBUG:colcon.colcon_core.event_handler.log_command:Invoked command in '/home/hungnb/cocarry_ws/build/motoman_gp50_support' returned '0': AMENT_PREFIX_PATH=/home/hungnb/cocarry_ws/install/motoman_resources:${AMENT_PREFIX_PATH} CMAKE_PREFIX_PATH=/home/hungnb/cocarry_ws/install/motoman_resources:/opt/ros/humble /usr/bin/cmake /home/hungnb/cocarry_ws/src/motoman_ros2_support_packages/motoman_gp50_support -DCMAKE_INSTALL_PREFIX=/home/hungnb/cocarry_ws/install/motoman_gp50_support
[1.783s] DEBUG:colcon.colcon_core.event_handler.log_command:Invoking command in '/home/hungnb/cocarry_ws/build/motoman_gp50_support': AMENT_PREFIX_PATH=/home/hungnb/cocarry_ws/install/motoman_resources:${AMENT_PREFIX_PATH} CMAKE_PREFIX_PATH=/home/hungnb/cocarry_ws/install/motoman_resources:/opt/ros/humble /usr/bin/cmake --build /home/hungnb/cocarry_ws/build/motoman_gp50_support -- -j16 -l16
[1.787s] DEBUG:colcon.colcon_core.event_handler.log_command:Invoked command in '/home/hungnb/cocarry_ws/build/motoman_gp88_support' returned '0': AMENT_PREFIX_PATH=/home/hungnb/cocarry_ws/install/motoman_resources:${AMENT_PREFIX_PATH} CMAKE_PREFIX_PATH=/home/hungnb/cocarry_ws/install/motoman_resources:/opt/ros/humble /usr/bin/cmake /home/hungnb/cocarry_ws/src/motoman_ros2_support_packages/motoman_gp88_support -DCMAKE_INSTALL_PREFIX=/home/hungnb/cocarry_ws/install/motoman_gp88_support
[1.791s] DEBUG:colcon.colcon_core.event_handler.log_command:Invoking command in '/home/hungnb/cocarry_ws/build/motoman_gp88_support': AMENT_PREFIX_PATH=/home/hungnb/cocarry_ws/install/motoman_resources:${AMENT_PREFIX_PATH} CMAKE_PREFIX_PATH=/home/hungnb/cocarry_ws/install/motoman_resources:/opt/ros/humble /usr/bin/cmake --build /home/hungnb/cocarry_ws/build/motoman_gp88_support -- -j16 -l16
[1.792s] DEBUG:colcon.colcon_core.event_handler.log_command:Invoked command in '/home/hungnb/cocarry_ws/build/motoman_gp70l_support' returned '0': AMENT_PREFIX_PATH=/home/hungnb/cocarry_ws/install/motoman_resources:${AMENT_PREFIX_PATH} CMAKE_PREFIX_PATH=/home/hungnb/cocarry_ws/install/motoman_resources:/opt/ros/humble /usr/bin/cmake /home/hungnb/cocarry_ws/src/motoman_ros2_support_packages/motoman_gp70l_support -DCMAKE_INSTALL_PREFIX=/home/hungnb/cocarry_ws/install/motoman_gp70l_support
[1.795s] DEBUG:colcon.colcon_core.event_handler.log_command:Invoking command in '/home/hungnb/cocarry_ws/build/motoman_gp70l_support': AMENT_PREFIX_PATH=/home/hungnb/cocarry_ws/install/motoman_resources:${AMENT_PREFIX_PATH} CMAKE_PREFIX_PATH=/home/hungnb/cocarry_ws/install/motoman_resources:/opt/ros/humble /usr/bin/cmake --build /home/hungnb/cocarry_ws/build/motoman_gp70l_support -- -j16 -l16
[1.797s] DEBUG:colcon.colcon_core.event_handler.log_command:Invoked command in '/home/hungnb/cocarry_ws/build/motoman_gp7_support' returned '0': AMENT_PREFIX_PATH=/home/hungnb/cocarry_ws/install/motoman_resources:${AMENT_PREFIX_PATH} CMAKE_PREFIX_PATH=/home/hungnb/cocarry_ws/install/motoman_resources:/opt/ros/humble /usr/bin/cmake /home/hungnb/cocarry_ws/src/motoman_ros2_support_packages/motoman_gp7_support -DCMAKE_INSTALL_PREFIX=/home/hungnb/cocarry_ws/install/motoman_gp7_support
[1.799s] DEBUG:colcon.colcon_core.event_handler.log_command:Invoking command in '/home/hungnb/cocarry_ws/build/motoman_gp7_support': AMENT_PREFIX_PATH=/home/hungnb/cocarry_ws/install/motoman_resources:${AMENT_PREFIX_PATH} CMAKE_PREFIX_PATH=/home/hungnb/cocarry_ws/install/motoman_resources:/opt/ros/humble /usr/bin/cmake --build /home/hungnb/cocarry_ws/build/motoman_gp7_support -- -j16 -l16
[1.806s] DEBUG:colcon.colcon_core.event_handler.log_command:Invoked command in '/home/hungnb/cocarry_ws/build/motoman_gp8_support' returned '0': AMENT_PREFIX_PATH=/home/hungnb/cocarry_ws/install/motoman_resources:${AMENT_PREFIX_PATH} CMAKE_PREFIX_PATH=/home/hungnb/cocarry_ws/install/motoman_resources:/opt/ros/humble /usr/bin/cmake /home/hungnb/cocarry_ws/src/motoman_ros2_support_packages/motoman_gp8_support -DCMAKE_INSTALL_PREFIX=/home/hungnb/cocarry_ws/install/motoman_gp8_support
[1.807s] DEBUG:colcon.colcon_core.event_handler.log_command:Invoking command in '/home/hungnb/cocarry_ws/build/motoman_gp8_support': AMENT_PREFIX_PATH=/home/hungnb/cocarry_ws/install/motoman_resources:${AMENT_PREFIX_PATH} CMAKE_PREFIX_PATH=/home/hungnb/cocarry_ws/install/motoman_resources:/opt/ros/humble /usr/bin/cmake --build /home/hungnb/cocarry_ws/build/motoman_gp8_support -- -j16 -l16
[1.823s] DEBUG:colcon.colcon_core.event_handler.log_command:Invoked command in '/home/hungnb/cocarry_ws/build/motoman_hc20_support' returned '0': AMENT_PREFIX_PATH=/home/hungnb/cocarry_ws/install/motoman_resources:${AMENT_PREFIX_PATH} CMAKE_PREFIX_PATH=/home/hungnb/cocarry_ws/install/motoman_resources:/opt/ros/humble /usr/bin/cmake /home/hungnb/cocarry_ws/src/motoman_ros2_support_packages/motoman_hc20_support -DCMAKE_INSTALL_PREFIX=/home/hungnb/cocarry_ws/install/motoman_hc20_support
[1.825s] DEBUG:colcon.colcon_core.event_handler.log_command:Invoking command in '/home/hungnb/cocarry_ws/build/motoman_hc20_support': AMENT_PREFIX_PATH=/home/hungnb/cocarry_ws/install/motoman_resources:${AMENT_PREFIX_PATH} CMAKE_PREFIX_PATH=/home/hungnb/cocarry_ws/install/motoman_resources:/opt/ros/humble /usr/bin/cmake --build /home/hungnb/cocarry_ws/build/motoman_hc20_support -- -j16 -l16
[1.834s] DEBUG:colcon.colcon_core.event_handler.log_command:Invoked command in '/home/hungnb/cocarry_ws/build/motoman_gp4_support' returned '0': AMENT_PREFIX_PATH=/home/hungnb/cocarry_ws/install/motoman_resources:${AMENT_PREFIX_PATH} CMAKE_PREFIX_PATH=/home/hungnb/cocarry_ws/install/motoman_resources:/opt/ros/humble /usr/bin/cmake --build /home/hungnb/cocarry_ws/build/motoman_gp4_support -- -j16 -l16
[1.837s] DEBUG:colcon.colcon_core.event_handler.log_command:Invoking command in '/home/hungnb/cocarry_ws/build/motoman_gp4_support': AMENT_PREFIX_PATH=/home/hungnb/cocarry_ws/install/motoman_resources:${AMENT_PREFIX_PATH} CMAKE_PREFIX_PATH=/home/hungnb/cocarry_ws/install/motoman_resources:/opt/ros/humble /usr/bin/cmake --install /home/hungnb/cocarry_ws/build/motoman_gp4_support
[1.842s] DEBUG:colcon.colcon_core.event_handler.log_command:Invoked command in '/home/hungnb/cocarry_ws/build/motoman_hc10dtp_support' returned '0': AMENT_PREFIX_PATH=/home/hungnb/cocarry_ws/install/motoman_hc10_support:/home/hungnb/cocarry_ws/install/motoman_resources:${AMENT_PREFIX_PATH} CMAKE_PREFIX_PATH=/home/hungnb/cocarry_ws/install/motoman_hc10_support:/home/hungnb/cocarry_ws/install/motoman_resources:/opt/ros/humble /usr/bin/cmake /home/hungnb/cocarry_ws/src/motoman_hc10dtp_support -DCMAKE_INSTALL_PREFIX=/home/hungnb/cocarry_ws/install/motoman_hc10dtp_support
[1.843s] DEBUG:colcon.colcon_core.event_handler.log_command:Invoking command in '/home/hungnb/cocarry_ws/build/motoman_hc10dtp_support': AMENT_PREFIX_PATH=/home/hungnb/cocarry_ws/install/motoman_hc10_support:/home/hungnb/cocarry_ws/install/motoman_resources:${AMENT_PREFIX_PATH} CMAKE_PREFIX_PATH=/home/hungnb/cocarry_ws/install/motoman_hc10_support:/home/hungnb/cocarry_ws/install/motoman_resources:/opt/ros/humble /usr/bin/cmake --build /home/hungnb/cocarry_ws/build/motoman_hc10dtp_support -- -j16 -l16
[1.845s] DEBUG:colcon.colcon_core.event_handler.log_command:Invoked command in '/home/hungnb/cocarry_ws/build/motoman_gp8l_support' returned '0': AMENT_PREFIX_PATH=/home/hungnb/cocarry_ws/install/motoman_resources:${AMENT_PREFIX_PATH} CMAKE_PREFIX_PATH=/home/hungnb/cocarry_ws/install/motoman_resources:/opt/ros/humble /usr/bin/cmake /home/hungnb/cocarry_ws/src/motoman_ros2_support_packages/motoman_gp8l_support -DCMAKE_INSTALL_PREFIX=/home/hungnb/cocarry_ws/install/motoman_gp8l_support
[1.846s] DEBUG:colcon.colcon_core.event_handler.log_command:Invoking command in '/home/hungnb/cocarry_ws/build/motoman_gp8l_support': AMENT_PREFIX_PATH=/home/hungnb/cocarry_ws/install/motoman_resources:${AMENT_PREFIX_PATH} CMAKE_PREFIX_PATH=/home/hungnb/cocarry_ws/install/motoman_resources:/opt/ros/humble /usr/bin/cmake --build /home/hungnb/cocarry_ws/build/motoman_gp8l_support -- -j16 -l16
[1.847s] DEBUG:colcon.colcon_core.event_handler.log_command:Invoked command in '/home/hungnb/cocarry_ws/build/motoman_gp88_support' returned '0': AMENT_PREFIX_PATH=/home/hungnb/cocarry_ws/install/motoman_resources:${AMENT_PREFIX_PATH} CMAKE_PREFIX_PATH=/home/hungnb/cocarry_ws/install/motoman_resources:/opt/ros/humble /usr/bin/cmake --build /home/hungnb/cocarry_ws/build/motoman_gp88_support -- -j16 -l16
[1.849s] DEBUG:colcon.colcon_core.event_handler.log_command:Invoking command in '/home/hungnb/cocarry_ws/build/motoman_gp88_support': AMENT_PREFIX_PATH=/home/hungnb/cocarry_ws/install/motoman_resources:${AMENT_PREFIX_PATH} CMAKE_PREFIX_PATH=/home/hungnb/cocarry_ws/install/motoman_resources:/opt/ros/humble /usr/bin/cmake --install /home/hungnb/cocarry_ws/build/motoman_gp88_support
[1.851s] DEBUG:colcon.colcon_core.event_handler.log_command:Invoked command in '/home/hungnb/cocarry_ws/build/motoman_gp50_support' returned '0': AMENT_PREFIX_PATH=/home/hungnb/cocarry_ws/install/motoman_resources:${AMENT_PREFIX_PATH} CMAKE_PREFIX_PATH=/home/hungnb/cocarry_ws/install/motoman_resources:/opt/ros/humble /usr/bin/cmake --build /home/hungnb/cocarry_ws/build/motoman_gp50_support -- -j16 -l16
[1.854s] DEBUG:colcon.colcon_core.event_handler.log_command:Invoking command in '/home/hungnb/cocarry_ws/build/motoman_gp50_support': AMENT_PREFIX_PATH=/home/hungnb/cocarry_ws/install/motoman_resources:${AMENT_PREFIX_PATH} CMAKE_PREFIX_PATH=/home/hungnb/cocarry_ws/install/motoman_resources:/opt/ros/humble /usr/bin/cmake --install /home/hungnb/cocarry_ws/build/motoman_gp50_support
[1.861s] DEBUG:colcon.colcon_core.event_handler.log_command:Invoked command in '/home/hungnb/cocarry_ws/build/motoman_ma2010_support' returned '0': AMENT_PREFIX_PATH=/home/hungnb/cocarry_ws/install/motoman_resources:${AMENT_PREFIX_PATH} CMAKE_PREFIX_PATH=/home/hungnb/cocarry_ws/install/motoman_resources:/opt/ros/humble /usr/bin/cmake /home/hungnb/cocarry_ws/src/motoman_ros2_support_packages/motoman_ma2010_support -DCMAKE_INSTALL_PREFIX=/home/hungnb/cocarry_ws/install/motoman_ma2010_support
[1.863s] DEBUG:colcon.colcon_core.event_handler.log_command:Invoking command in '/home/hungnb/cocarry_ws/build/motoman_ma2010_support': AMENT_PREFIX_PATH=/home/hungnb/cocarry_ws/install/motoman_resources:${AMENT_PREFIX_PATH} CMAKE_PREFIX_PATH=/home/hungnb/cocarry_ws/install/motoman_resources:/opt/ros/humble /usr/bin/cmake --build /home/hungnb/cocarry_ws/build/motoman_ma2010_support -- -j16 -l16
[1.864s] DEBUG:colcon.colcon_core.event_handler.log_command:Invoked command in '/home/hungnb/cocarry_ws/build/human_hand_msgs' returned '0': /usr/bin/cmake /home/hungnb/cocarry_ws/src/human_hand_msgs -DCATKIN_INSTALL_INTO_PREFIX_ROOT=0 -DCMAKE_INSTALL_PREFIX=/home/hungnb/cocarry_ws/install/human_hand_msgs
[1.866s] DEBUG:colcon.colcon_core.event_handler.log_command:Invoking command in '/home/hungnb/cocarry_ws/build/human_hand_msgs': /usr/bin/cmake --build /home/hungnb/cocarry_ws/build/human_hand_msgs -- -j16 -l16
[1.867s] DEBUG:colcon.colcon_core.event_handler.log_command:Invoked command in '/home/hungnb/cocarry_ws/build/motoman_mh50_support' returned '0': AMENT_PREFIX_PATH=/home/hungnb/cocarry_ws/install/motoman_resources:${AMENT_PREFIX_PATH} CMAKE_PREFIX_PATH=/home/hungnb/cocarry_ws/install/motoman_resources:/opt/ros/humble /usr/bin/cmake /home/hungnb/cocarry_ws/src/motoman_ros2_support_packages/motoman_mh50_support -DCMAKE_INSTALL_PREFIX=/home/hungnb/cocarry_ws/install/motoman_mh50_support
[1.869s] DEBUG:colcon.colcon_core.event_handler.log_command:Invoking command in '/home/hungnb/cocarry_ws/build/motoman_mh50_support': AMENT_PREFIX_PATH=/home/hungnb/cocarry_ws/install/motoman_resources:${AMENT_PREFIX_PATH} CMAKE_PREFIX_PATH=/home/hungnb/cocarry_ws/install/motoman_resources:/opt/ros/humble /usr/bin/cmake --build /home/hungnb/cocarry_ws/build/motoman_mh50_support -- -j16 -l16
[1.871s] DEBUG:colcon.colcon_core.event_handler.log_command:Invoked command in '/home/hungnb/cocarry_ws/build/motoman_gp70l_support' returned '0': AMENT_PREFIX_PATH=/home/hungnb/cocarry_ws/install/motoman_resources:${AMENT_PREFIX_PATH} CMAKE_PREFIX_PATH=/home/hungnb/cocarry_ws/install/motoman_resources:/opt/ros/humble /usr/bin/cmake --build /home/hungnb/cocarry_ws/build/motoman_gp70l_support -- -j16 -l16
[1.872s] DEBUG:colcon.colcon_core.event_handler.log_command:Invoking command in '/home/hungnb/cocarry_ws/build/motoman_gp70l_support': AMENT_PREFIX_PATH=/home/hungnb/cocarry_ws/install/motoman_resources:${AMENT_PREFIX_PATH} CMAKE_PREFIX_PATH=/home/hungnb/cocarry_ws/install/motoman_resources:/opt/ros/humble /usr/bin/cmake --install /home/hungnb/cocarry_ws/build/motoman_gp70l_support
[1.873s] DEBUG:colcon.colcon_core.event_handler.log_command:Invoked command in '/home/hungnb/cocarry_ws/build/motoman_gp7_support' returned '0': AMENT_PREFIX_PATH=/home/hungnb/cocarry_ws/install/motoman_resources:${AMENT_PREFIX_PATH} CMAKE_PREFIX_PATH=/home/hungnb/cocarry_ws/install/motoman_resources:/opt/ros/humble /usr/bin/cmake --build /home/hungnb/cocarry_ws/build/motoman_gp7_support -- -j16 -l16
[1.880s] Level 1:colcon.colcon_core.environment:create_environment_scripts_only(motoman_gp4_support)
[1.880s] Level 1:colcon.colcon_core.environment:checking '/home/hungnb/cocarry_ws/install/motoman_gp4_support' for CMake module files
[1.880s] DEBUG:colcon.colcon_core.event_handler.log_command:Invoking command in '/home/hungnb/cocarry_ws/build/motoman_gp7_support': AMENT_PREFIX_PATH=/home/hungnb/cocarry_ws/install/motoman_resources:${AMENT_PREFIX_PATH} CMAKE_PREFIX_PATH=/home/hungnb/cocarry_ws/install/motoman_resources:/opt/ros/humble /usr/bin/cmake --install /home/hungnb/cocarry_ws/build/motoman_gp7_support
[1.882s] Level 1:colcon.colcon_core.environment:checking '/home/hungnb/cocarry_ws/install/motoman_gp4_support' for CMake config files
[1.883s] Level 1:colcon.colcon_core.shell:create_environment_hook('motoman_gp4_support', 'cmake_prefix_path')
[1.884s] INFO:colcon.colcon_core.shell:Creating environment hook '/home/hungnb/cocarry_ws/install/motoman_gp4_support/share/motoman_gp4_support/hook/cmake_prefix_path.ps1'
[1.885s] INFO:colcon.colcon_core.shell:Creating environment descriptor '/home/hungnb/cocarry_ws/install/motoman_gp4_support/share/motoman_gp4_support/hook/cmake_prefix_path.dsv'
[1.886s] DEBUG:colcon.colcon_core.event_handler.log_command:Invoked command in '/home/hungnb/cocarry_ws/build/motoman_mh5_support' returned '0': AMENT_PREFIX_PATH=/home/hungnb/cocarry_ws/install/motoman_resources:${AMENT_PREFIX_PATH} CMAKE_PREFIX_PATH=/home/hungnb/cocarry_ws/install/motoman_resources:/opt/ros/humble /usr/bin/cmake /home/hungnb/cocarry_ws/src/motoman_ros2_support_packages/motoman_mh5_support -DCMAKE_INSTALL_PREFIX=/home/hungnb/cocarry_ws/install/motoman_mh5_support
[1.886s] DEBUG:colcon.colcon_core.event_handler.log_command:Invoking command in '/home/hungnb/cocarry_ws/build/motoman_mh5_support': AMENT_PREFIX_PATH=/home/hungnb/cocarry_ws/install/motoman_resources:${AMENT_PREFIX_PATH} CMAKE_PREFIX_PATH=/home/hungnb/cocarry_ws/install/motoman_resources:/opt/ros/humble /usr/bin/cmake --build /home/hungnb/cocarry_ws/build/motoman_mh5_support -- -j16 -l16
[1.886s] INFO:colcon.colcon_core.shell:Creating environment hook '/home/hungnb/cocarry_ws/install/motoman_gp4_support/share/motoman_gp4_support/hook/cmake_prefix_path.sh'
[1.887s] DEBUG:colcon.colcon_core.event_handler.log_command:Invoked command in '/home/hungnb/cocarry_ws/build/motoman_gp8_support' returned '0': AMENT_PREFIX_PATH=/home/hungnb/cocarry_ws/install/motoman_resources:${AMENT_PREFIX_PATH} CMAKE_PREFIX_PATH=/home/hungnb/cocarry_ws/install/motoman_resources:/opt/ros/humble /usr/bin/cmake --build /home/hungnb/cocarry_ws/build/motoman_gp8_support -- -j16 -l16
[1.889s] DEBUG:colcon.colcon_core.event_handler.log_command:Invoking command in '/home/hungnb/cocarry_ws/build/motoman_gp8_support': AMENT_PREFIX_PATH=/home/hungnb/cocarry_ws/install/motoman_resources:${AMENT_PREFIX_PATH} CMAKE_PREFIX_PATH=/home/hungnb/cocarry_ws/install/motoman_resources:/opt/ros/humble /usr/bin/cmake --install /home/hungnb/cocarry_ws/build/motoman_gp8_support
[1.889s] Level 1:colcon.colcon_core.environment:checking '/home/hungnb/cocarry_ws/install/motoman_gp4_support/bin'
[1.890s] Level 1:colcon.colcon_core.environment:checking '/home/hungnb/cocarry_ws/install/motoman_gp4_support/lib/pkgconfig/motoman_gp4_support.pc'
[1.891s] Level 1:colcon.colcon_core.environment:checking '/home/hungnb/cocarry_ws/install/motoman_gp4_support/lib/python3.10/site-packages'
[1.891s] Level 1:colcon.colcon_core.environment:checking '/home/hungnb/cocarry_ws/install/motoman_gp4_support/bin'
[1.891s] INFO:colcon.colcon_core.shell:Creating package script '/home/hungnb/cocarry_ws/install/motoman_gp4_support/share/motoman_gp4_support/package.ps1'
[1.893s] DEBUG:colcon.colcon_core.event_handler.log_command:Invoked command in '/home/hungnb/cocarry_ws/build/motoman_gp4_support' returned '0': AMENT_PREFIX_PATH=/home/hungnb/cocarry_ws/install/motoman_resources:${AMENT_PREFIX_PATH} CMAKE_PREFIX_PATH=/home/hungnb/cocarry_ws/install/motoman_resources:/opt/ros/humble /usr/bin/cmake --install /home/hungnb/cocarry_ws/build/motoman_gp4_support
[1.894s] INFO:colcon.colcon_core.shell:Creating package descriptor '/home/hungnb/cocarry_ws/install/motoman_gp4_support/share/motoman_gp4_support/package.dsv'
[1.895s] INFO:colcon.colcon_core.shell:Creating package script '/home/hungnb/cocarry_ws/install/motoman_gp4_support/share/motoman_gp4_support/package.sh'
[1.899s] INFO:colcon.colcon_core.shell:Creating package script '/home/hungnb/cocarry_ws/install/motoman_gp4_support/share/motoman_gp4_support/package.bash'
[1.899s] INFO:colcon.colcon_core.shell:Creating package script '/home/hungnb/cocarry_ws/install/motoman_gp4_support/share/motoman_gp4_support/package.zsh'
[1.900s] Level 1:colcon.colcon_core.environment:create_file_with_runtime_dependencies(/home/hungnb/cocarry_ws/install/motoman_gp4_support/share/colcon-core/packages/motoman_gp4_support)
[1.900s] Level 1:colcon.colcon_core.environment:create_environment_scripts_only(motoman_gp4_support)
[1.901s] Level 1:colcon.colcon_core.environment:checking '/home/hungnb/cocarry_ws/install/motoman_gp4_support' for CMake module files
[1.901s] Level 1:colcon.colcon_core.environment:checking '/home/hungnb/cocarry_ws/install/motoman_gp4_support' for CMake config files
[1.902s] Level 1:colcon.colcon_core.shell:create_environment_hook('motoman_gp4_support', 'cmake_prefix_path')
[1.902s] INFO:colcon.colcon_core.shell:Creating environment hook '/home/hungnb/cocarry_ws/install/motoman_gp4_support/share/motoman_gp4_support/hook/cmake_prefix_path.ps1'
[1.902s] INFO:colcon.colcon_core.shell:Creating environment descriptor '/home/hungnb/cocarry_ws/install/motoman_gp4_support/share/motoman_gp4_support/hook/cmake_prefix_path.dsv'
[1.903s] INFO:colcon.colcon_core.shell:Creating environment hook '/home/hungnb/cocarry_ws/install/motoman_gp4_support/share/motoman_gp4_support/hook/cmake_prefix_path.sh'
[1.903s] Level 1:colcon.colcon_core.environment:checking '/home/hungnb/cocarry_ws/install/motoman_gp4_support/bin'
[1.903s] Level 1:colcon.colcon_core.environment:checking '/home/hungnb/cocarry_ws/install/motoman_gp4_support/lib/pkgconfig/motoman_gp4_support.pc'
[1.904s] Level 1:colcon.colcon_core.environment:checking '/home/hungnb/cocarry_ws/install/motoman_gp4_support/lib/python3.10/site-packages'
[1.904s] Level 1:colcon.colcon_core.environment:checking '/home/hungnb/cocarry_ws/install/motoman_gp4_support/bin'
[1.904s] INFO:colcon.colcon_core.shell:Creating package script '/home/hungnb/cocarry_ws/install/motoman_gp4_support/share/motoman_gp4_support/package.ps1'
[1.905s] INFO:colcon.colcon_core.shell:Creating package descriptor '/home/hungnb/cocarry_ws/install/motoman_gp4_support/share/motoman_gp4_support/package.dsv'
[1.906s] INFO:colcon.colcon_core.shell:Creating package script '/home/hungnb/cocarry_ws/install/motoman_gp4_support/share/motoman_gp4_support/package.sh'
[1.906s] INFO:colcon.colcon_core.shell:Creating package script '/home/hungnb/cocarry_ws/install/motoman_gp4_support/share/motoman_gp4_support/package.bash'
[1.907s] INFO:colcon.colcon_core.shell:Creating package script '/home/hungnb/cocarry_ws/install/motoman_gp4_support/share/motoman_gp4_support/package.zsh'
[1.907s] Level 1:colcon.colcon_core.environment:create_file_with_runtime_dependencies(/home/hungnb/cocarry_ws/install/motoman_gp4_support/share/colcon-core/packages/motoman_gp4_support)
[1.910s] DEBUG:colcon.colcon_core.event_handler.log_command:Invoked command in '/home/hungnb/cocarry_ws/build/motoman_mh12_support' returned '0': AMENT_PREFIX_PATH=/home/hungnb/cocarry_ws/install/motoman_resources:${AMENT_PREFIX_PATH} CMAKE_PREFIX_PATH=/home/hungnb/cocarry_ws/install/motoman_resources:/opt/ros/humble /usr/bin/cmake /home/hungnb/cocarry_ws/src/motoman_ros2_support_packages/motoman_mh12_support -DCMAKE_INSTALL_PREFIX=/home/hungnb/cocarry_ws/install/motoman_mh12_support
[1.911s] DEBUG:colcon.colcon_core.event_handler.log_command:Invoking command in '/home/hungnb/cocarry_ws/build/motoman_mh12_support': AMENT_PREFIX_PATH=/home/hungnb/cocarry_ws/install/motoman_resources:${AMENT_PREFIX_PATH} CMAKE_PREFIX_PATH=/home/hungnb/cocarry_ws/install/motoman_resources:/opt/ros/humble /usr/bin/cmake --build /home/hungnb/cocarry_ws/build/motoman_mh12_support -- -j16 -l16
[1.911s] DEBUG:colcon.colcon_core.event_handler.log_command:Invoked command in '/home/hungnb/cocarry_ws/build/motoman_hc20_support' returned '0': AMENT_PREFIX_PATH=/home/hungnb/cocarry_ws/install/motoman_resources:${AMENT_PREFIX_PATH} CMAKE_PREFIX_PATH=/home/hungnb/cocarry_ws/install/motoman_resources:/opt/ros/humble /usr/bin/cmake --build /home/hungnb/cocarry_ws/build/motoman_hc20_support -- -j16 -l16
[1.916s] DEBUG:colcon.colcon_core.event_handler.log_command:Invoking command in '/home/hungnb/cocarry_ws/build/motoman_hc20_support': AMENT_PREFIX_PATH=/home/hungnb/cocarry_ws/install/motoman_resources:${AMENT_PREFIX_PATH} CMAKE_PREFIX_PATH=/home/hungnb/cocarry_ws/install/motoman_resources:/opt/ros/humble /usr/bin/cmake --install /home/hungnb/cocarry_ws/build/motoman_hc20_support
[1.916s] INFO:colcon.colcon_ros.task.ament_cmake.build:Building ROS package in '/home/hungnb/cocarry_ws/src/motoman_ros2_support_packages/motoman_motomini_support' with build type 'ament_cmake'
[1.917s] INFO:colcon.colcon_cmake.task.cmake.build:Building CMake package in '/home/hungnb/cocarry_ws/src/motoman_ros2_support_packages/motoman_motomini_support'
[1.917s] INFO:colcon.colcon_core.shell:Skip shell extension 'powershell' for command environment: Not usable outside of PowerShell
[1.917s] DEBUG:colcon.colcon_core.shell:Skip shell extension 'dsv' for command environment
[1.929s] Level 1:colcon.colcon_core.environment:create_environment_scripts_only(motoman_gp88_support)
[1.930s] Level 1:colcon.colcon_core.environment:checking '/home/hungnb/cocarry_ws/install/motoman_gp88_support' for CMake module files
[1.930s] DEBUG:colcon.colcon_core.event_handler.log_command:Invoked command in '/home/hungnb/cocarry_ws/build/motoman_gp88_support' returned '0': AMENT_PREFIX_PATH=/home/hungnb/cocarry_ws/install/motoman_resources:${AMENT_PREFIX_PATH} CMAKE_PREFIX_PATH=/home/hungnb/cocarry_ws/install/motoman_resources:/opt/ros/humble /usr/bin/cmake --install /home/hungnb/cocarry_ws/build/motoman_gp88_support
[1.931s] Level 1:colcon.colcon_core.environment:checking '/home/hungnb/cocarry_ws/install/motoman_gp88_support' for CMake config files
[1.931s] Level 1:colcon.colcon_core.shell:create_environment_hook('motoman_gp88_support', 'cmake_prefix_path')
[1.931s] INFO:colcon.colcon_core.shell:Creating environment hook '/home/hungnb/cocarry_ws/install/motoman_gp88_support/share/motoman_gp88_support/hook/cmake_prefix_path.ps1'
[1.932s] INFO:colcon.colcon_core.shell:Creating environment descriptor '/home/hungnb/cocarry_ws/install/motoman_gp88_support/share/motoman_gp88_support/hook/cmake_prefix_path.dsv'
[1.932s] INFO:colcon.colcon_core.shell:Creating environment hook '/home/hungnb/cocarry_ws/install/motoman_gp88_support/share/motoman_gp88_support/hook/cmake_prefix_path.sh'
[1.933s] Level 1:colcon.colcon_core.environment:checking '/home/hungnb/cocarry_ws/install/motoman_gp88_support/bin'
[1.933s] Level 1:colcon.colcon_core.environment:checking '/home/hungnb/cocarry_ws/install/motoman_gp88_support/lib/pkgconfig/motoman_gp88_support.pc'
[1.933s] Level 1:colcon.colcon_core.environment:checking '/home/hungnb/cocarry_ws/install/motoman_gp88_support/lib/python3.10/site-packages'
[1.934s] Level 1:colcon.colcon_core.environment:checking '/home/hungnb/cocarry_ws/install/motoman_gp88_support/bin'
[1.934s] INFO:colcon.colcon_core.shell:Creating package script '/home/hungnb/cocarry_ws/install/motoman_gp88_support/share/motoman_gp88_support/package.ps1'
[1.935s] INFO:colcon.colcon_core.shell:Creating package descriptor '/home/hungnb/cocarry_ws/install/motoman_gp88_support/share/motoman_gp88_support/package.dsv'
[1.936s] INFO:colcon.colcon_core.shell:Creating package script '/home/hungnb/cocarry_ws/install/motoman_gp88_support/share/motoman_gp88_support/package.sh'
[1.937s] INFO:colcon.colcon_core.shell:Creating package script '/home/hungnb/cocarry_ws/install/motoman_gp88_support/share/motoman_gp88_support/package.bash'
[1.938s] INFO:colcon.colcon_core.shell:Creating package script '/home/hungnb/cocarry_ws/install/motoman_gp88_support/share/motoman_gp88_support/package.zsh'
[1.938s] Level 1:colcon.colcon_core.environment:create_file_with_runtime_dependencies(/home/hungnb/cocarry_ws/install/motoman_gp88_support/share/colcon-core/packages/motoman_gp88_support)
[1.939s] Level 1:colcon.colcon_core.environment:create_environment_scripts_only(motoman_gp88_support)
[1.939s] Level 1:colcon.colcon_core.environment:checking '/home/hungnb/cocarry_ws/install/motoman_gp88_support' for CMake module files
[1.940s] Level 1:colcon.colcon_core.environment:checking '/home/hungnb/cocarry_ws/install/motoman_gp88_support' for CMake config files
[1.940s] Level 1:colcon.colcon_core.shell:create_environment_hook('motoman_gp88_support', 'cmake_prefix_path')
[1.940s] INFO:colcon.colcon_core.shell:Creating environment hook '/home/hungnb/cocarry_ws/install/motoman_gp88_support/share/motoman_gp88_support/hook/cmake_prefix_path.ps1'
[1.941s] INFO:colcon.colcon_core.shell:Creating environment descriptor '/home/hungnb/cocarry_ws/install/motoman_gp88_support/share/motoman_gp88_support/hook/cmake_prefix_path.dsv'
[1.941s] INFO:colcon.colcon_core.shell:Creating environment hook '/home/hungnb/cocarry_ws/install/motoman_gp88_support/share/motoman_gp88_support/hook/cmake_prefix_path.sh'
[1.941s] Level 1:colcon.colcon_core.environment:checking '/home/hungnb/cocarry_ws/install/motoman_gp88_support/bin'
[1.941s] Level 1:colcon.colcon_core.environment:checking '/home/hungnb/cocarry_ws/install/motoman_gp88_support/lib/pkgconfig/motoman_gp88_support.pc'
[1.942s] Level 1:colcon.colcon_core.environment:checking '/home/hungnb/cocarry_ws/install/motoman_gp88_support/lib/python3.10/site-packages'
[1.942s] Level 1:colcon.colcon_core.environment:checking '/home/hungnb/cocarry_ws/install/motoman_gp88_support/bin'
[1.942s] INFO:colcon.colcon_core.shell:Creating package script '/home/hungnb/cocarry_ws/install/motoman_gp88_support/share/motoman_gp88_support/package.ps1'
[1.943s] INFO:colcon.colcon_core.shell:Creating package descriptor '/home/hungnb/cocarry_ws/install/motoman_gp88_support/share/motoman_gp88_support/package.dsv'
[1.943s] INFO:colcon.colcon_core.shell:Creating package script '/home/hungnb/cocarry_ws/install/motoman_gp88_support/share/motoman_gp88_support/package.sh'
[1.943s] INFO:colcon.colcon_core.shell:Creating package script '/home/hungnb/cocarry_ws/install/motoman_gp88_support/share/motoman_gp88_support/package.bash'
[1.944s] INFO:colcon.colcon_core.shell:Creating package script '/home/hungnb/cocarry_ws/install/motoman_gp88_support/share/motoman_gp88_support/package.zsh'
[1.944s] Level 1:colcon.colcon_core.environment:create_file_with_runtime_dependencies(/home/hungnb/cocarry_ws/install/motoman_gp88_support/share/colcon-core/packages/motoman_gp88_support)
[1.944s] Level 1:colcon.colcon_core.environment:create_environment_scripts_only(motoman_gp50_support)
[1.944s] Level 1:colcon.colcon_core.environment:checking '/home/hungnb/cocarry_ws/install/motoman_gp50_support' for CMake module files
[1.945s] DEBUG:colcon.colcon_core.event_handler.log_command:Invoked command in '/home/hungnb/cocarry_ws/build/motoman_gp50_support' returned '0': AMENT_PREFIX_PATH=/home/hungnb/cocarry_ws/install/motoman_resources:${AMENT_PREFIX_PATH} CMAKE_PREFIX_PATH=/home/hungnb/cocarry_ws/install/motoman_resources:/opt/ros/humble /usr/bin/cmake --install /home/hungnb/cocarry_ws/build/motoman_gp50_support
[1.945s] Level 1:colcon.colcon_core.environment:checking '/home/hungnb/cocarry_ws/install/motoman_gp50_support' for CMake config files
[1.946s] Level 1:colcon.colcon_core.shell:create_environment_hook('motoman_gp50_support', 'cmake_prefix_path')
[1.946s] INFO:colcon.colcon_core.shell:Creating environment hook '/home/hungnb/cocarry_ws/install/motoman_gp50_support/share/motoman_gp50_support/hook/cmake_prefix_path.ps1'
[1.946s] INFO:colcon.colcon_core.shell:Creating environment descriptor '/home/hungnb/cocarry_ws/install/motoman_gp50_support/share/motoman_gp50_support/hook/cmake_prefix_path.dsv'
[1.946s] INFO:colcon.colcon_core.shell:Creating environment hook '/home/hungnb/cocarry_ws/install/motoman_gp50_support/share/motoman_gp50_support/hook/cmake_prefix_path.sh'
[1.947s] Level 1:colcon.colcon_core.environment:checking '/home/hungnb/cocarry_ws/install/motoman_gp50_support/bin'
[1.947s] Level 1:colcon.colcon_core.environment:checking '/home/hungnb/cocarry_ws/install/motoman_gp50_support/lib/pkgconfig/motoman_gp50_support.pc'
[1.947s] Level 1:colcon.colcon_core.environment:checking '/home/hungnb/cocarry_ws/install/motoman_gp50_support/lib/python3.10/site-packages'
[1.947s] Level 1:colcon.colcon_core.environment:checking '/home/hungnb/cocarry_ws/install/motoman_gp50_support/bin'
[1.948s] INFO:colcon.colcon_core.shell:Creating package script '/home/hungnb/cocarry_ws/install/motoman_gp50_support/share/motoman_gp50_support/package.ps1'
[1.948s] INFO:colcon.colcon_core.shell:Creating package descriptor '/home/hungnb/cocarry_ws/install/motoman_gp50_support/share/motoman_gp50_support/package.dsv'
[1.948s] INFO:colcon.colcon_core.shell:Creating package script '/home/hungnb/cocarry_ws/install/motoman_gp50_support/share/motoman_gp50_support/package.sh'
[1.949s] INFO:colcon.colcon_core.shell:Creating package script '/home/hungnb/cocarry_ws/install/motoman_gp50_support/share/motoman_gp50_support/package.bash'
[1.949s] INFO:colcon.colcon_core.shell:Creating package script '/home/hungnb/cocarry_ws/install/motoman_gp50_support/share/motoman_gp50_support/package.zsh'
[1.949s] Level 1:colcon.colcon_core.environment:create_file_with_runtime_dependencies(/home/hungnb/cocarry_ws/install/motoman_gp50_support/share/colcon-core/packages/motoman_gp50_support)
[1.949s] Level 1:colcon.colcon_core.environment:create_environment_scripts_only(motoman_gp50_support)
[1.950s] Level 1:colcon.colcon_core.environment:checking '/home/hungnb/cocarry_ws/install/motoman_gp50_support' for CMake module files
[1.950s] Level 1:colcon.colcon_core.environment:checking '/home/hungnb/cocarry_ws/install/motoman_gp50_support' for CMake config files
[1.950s] Level 1:colcon.colcon_core.shell:create_environment_hook('motoman_gp50_support', 'cmake_prefix_path')
[1.950s] INFO:colcon.colcon_core.shell:Creating environment hook '/home/hungnb/cocarry_ws/install/motoman_gp50_support/share/motoman_gp50_support/hook/cmake_prefix_path.ps1'
[1.951s] INFO:colcon.colcon_core.shell:Creating environment descriptor '/home/hungnb/cocarry_ws/install/motoman_gp50_support/share/motoman_gp50_support/hook/cmake_prefix_path.dsv'
[1.951s] INFO:colcon.colcon_core.shell:Creating environment hook '/home/hungnb/cocarry_ws/install/motoman_gp50_support/share/motoman_gp50_support/hook/cmake_prefix_path.sh'
[1.951s] Level 1:colcon.colcon_core.environment:checking '/home/hungnb/cocarry_ws/install/motoman_gp50_support/bin'
[1.951s] Level 1:colcon.colcon_core.environment:checking '/home/hungnb/cocarry_ws/install/motoman_gp50_support/lib/pkgconfig/motoman_gp50_support.pc'
[1.951s] Level 1:colcon.colcon_core.environment:checking '/home/hungnb/cocarry_ws/install/motoman_gp50_support/lib/python3.10/site-packages'
[1.952s] Level 1:colcon.colcon_core.environment:checking '/home/hungnb/cocarry_ws/install/motoman_gp50_support/bin'
[1.952s] INFO:colcon.colcon_core.shell:Creating package script '/home/hungnb/cocarry_ws/install/motoman_gp50_support/share/motoman_gp50_support/package.ps1'
[1.952s] INFO:colcon.colcon_core.shell:Creating package descriptor '/home/hungnb/cocarry_ws/install/motoman_gp50_support/share/motoman_gp50_support/package.dsv'
[1.952s] INFO:colcon.colcon_core.shell:Creating package script '/home/hungnb/cocarry_ws/install/motoman_gp50_support/share/motoman_gp50_support/package.sh'
[1.953s] INFO:colcon.colcon_core.shell:Creating package script '/home/hungnb/cocarry_ws/install/motoman_gp50_support/share/motoman_gp50_support/package.bash'
[1.953s] INFO:colcon.colcon_core.shell:Creating package script '/home/hungnb/cocarry_ws/install/motoman_gp50_support/share/motoman_gp50_support/package.zsh'
[1.953s] Level 1:colcon.colcon_core.environment:create_file_with_runtime_dependencies(/home/hungnb/cocarry_ws/install/motoman_gp50_support/share/colcon-core/packages/motoman_gp50_support)
[1.957s] INFO:colcon.colcon_ros.task.ament_cmake.build:Building ROS package in '/home/hungnb/cocarry_ws/src/motoman_ros2_support_packages/motoman_motopos_d500_support' with build type 'ament_cmake'
[1.958s] INFO:colcon.colcon_cmake.task.cmake.build:Building CMake package in '/home/hungnb/cocarry_ws/src/motoman_ros2_support_packages/motoman_motopos_d500_support'
[1.958s] INFO:colcon.colcon_core.shell:Skip shell extension 'powershell' for command environment: Not usable outside of PowerShell
[1.958s] DEBUG:colcon.colcon_core.shell:Skip shell extension 'dsv' for command environment
[1.960s] DEBUG:colcon.colcon_core.event_handler.log_command:Invoked command in '/home/hungnb/cocarry_ws/build/motoman_hc10dtp_support' returned '0': AMENT_PREFIX_PATH=/home/hungnb/cocarry_ws/install/motoman_hc10_support:/home/hungnb/cocarry_ws/install/motoman_resources:${AMENT_PREFIX_PATH} CMAKE_PREFIX_PATH=/home/hungnb/cocarry_ws/install/motoman_hc10_support:/home/hungnb/cocarry_ws/install/motoman_resources:/opt/ros/humble /usr/bin/cmake --build /home/hungnb/cocarry_ws/build/motoman_hc10dtp_support -- -j16 -l16
[1.960s] DEBUG:colcon.colcon_core.event_handler.log_command:Invoking command in '/home/hungnb/cocarry_ws/build/motoman_hc10dtp_support': AMENT_PREFIX_PATH=/home/hungnb/cocarry_ws/install/motoman_hc10_support:/home/hungnb/cocarry_ws/install/motoman_resources:${AMENT_PREFIX_PATH} CMAKE_PREFIX_PATH=/home/hungnb/cocarry_ws/install/motoman_hc10_support:/home/hungnb/cocarry_ws/install/motoman_resources:/opt/ros/humble /usr/bin/cmake --install /home/hungnb/cocarry_ws/build/motoman_hc10dtp_support
[1.964s] INFO:colcon.colcon_ros.task.ament_cmake.build:Building ROS package in '/home/hungnb/cocarry_ws/src/motoman_ros2_support_packages/motoman_motopos_mh1655_support' with build type 'ament_cmake'
[1.964s] INFO:colcon.colcon_cmake.task.cmake.build:Building CMake package in '/home/hungnb/cocarry_ws/src/motoman_ros2_support_packages/motoman_motopos_mh1655_support'
[1.964s] INFO:colcon.colcon_core.shell:Skip shell extension 'powershell' for command environment: Not usable outside of PowerShell
[1.964s] DEBUG:colcon.colcon_core.shell:Skip shell extension 'dsv' for command environment
[1.968s] DEBUG:colcon.colcon_core.event_handler.log_command:Invoked command in '/home/hungnb/cocarry_ws/build/motoman_gp8l_support' returned '0': AMENT_PREFIX_PATH=/home/hungnb/cocarry_ws/install/motoman_resources:${AMENT_PREFIX_PATH} CMAKE_PREFIX_PATH=/home/hungnb/cocarry_ws/install/motoman_resources:/opt/ros/humble /usr/bin/cmake --build /home/hungnb/cocarry_ws/build/motoman_gp8l_support -- -j16 -l16
[1.970s] DEBUG:colcon.colcon_core.event_handler.log_command:Invoking command in '/home/hungnb/cocarry_ws/build/motoman_gp8l_support': AMENT_PREFIX_PATH=/home/hungnb/cocarry_ws/install/motoman_resources:${AMENT_PREFIX_PATH} CMAKE_PREFIX_PATH=/home/hungnb/cocarry_ws/install/motoman_resources:/opt/ros/humble /usr/bin/cmake --install /home/hungnb/cocarry_ws/build/motoman_gp8l_support
[1.971s] Level 1:colcon.colcon_core.environment:create_environment_scripts_only(motoman_gp70l_support)
[1.972s] Level 1:colcon.colcon_core.environment:checking '/home/hungnb/cocarry_ws/install/motoman_gp70l_support' for CMake module files
[1.973s] DEBUG:colcon.colcon_core.event_handler.log_command:Invoked command in '/home/hungnb/cocarry_ws/build/motoman_gp70l_support' returned '0': AMENT_PREFIX_PATH=/home/hungnb/cocarry_ws/install/motoman_resources:${AMENT_PREFIX_PATH} CMAKE_PREFIX_PATH=/home/hungnb/cocarry_ws/install/motoman_resources:/opt/ros/humble /usr/bin/cmake --install /home/hungnb/cocarry_ws/build/motoman_gp70l_support
[1.973s] Level 1:colcon.colcon_core.environment:checking '/home/hungnb/cocarry_ws/install/motoman_gp70l_support' for CMake config files
[1.973s] Level 1:colcon.colcon_core.shell:create_environment_hook('motoman_gp70l_support', 'cmake_prefix_path')
[1.974s] INFO:colcon.colcon_core.shell:Creating environment hook '/home/hungnb/cocarry_ws/install/motoman_gp70l_support/share/motoman_gp70l_support/hook/cmake_prefix_path.ps1'
[1.974s] INFO:colcon.colcon_core.shell:Creating environment descriptor '/home/hungnb/cocarry_ws/install/motoman_gp70l_support/share/motoman_gp70l_support/hook/cmake_prefix_path.dsv'
[1.975s] INFO:colcon.colcon_core.shell:Creating environment hook '/home/hungnb/cocarry_ws/install/motoman_gp70l_support/share/motoman_gp70l_support/hook/cmake_prefix_path.sh'
[1.976s] Level 1:colcon.colcon_core.environment:checking '/home/hungnb/cocarry_ws/install/motoman_gp70l_support/bin'
[1.976s] Level 1:colcon.colcon_core.environment:checking '/home/hungnb/cocarry_ws/install/motoman_gp70l_support/lib/pkgconfig/motoman_gp70l_support.pc'
[1.976s] Level 1:colcon.colcon_core.environment:checking '/home/hungnb/cocarry_ws/install/motoman_gp70l_support/lib/python3.10/site-packages'
[1.977s] Level 1:colcon.colcon_core.environment:checking '/home/hungnb/cocarry_ws/install/motoman_gp70l_support/bin'
[1.977s] INFO:colcon.colcon_core.shell:Creating package script '/home/hungnb/cocarry_ws/install/motoman_gp70l_support/share/motoman_gp70l_support/package.ps1'
[1.977s] INFO:colcon.colcon_core.shell:Creating package descriptor '/home/hungnb/cocarry_ws/install/motoman_gp70l_support/share/motoman_gp70l_support/package.dsv'
[1.978s] INFO:colcon.colcon_core.shell:Creating package script '/home/hungnb/cocarry_ws/install/motoman_gp70l_support/share/motoman_gp70l_support/package.sh'
[1.978s] INFO:colcon.colcon_core.shell:Creating package script '/home/hungnb/cocarry_ws/install/motoman_gp70l_support/share/motoman_gp70l_support/package.bash'
[1.978s] INFO:colcon.colcon_core.shell:Creating package script '/home/hungnb/cocarry_ws/install/motoman_gp70l_support/share/motoman_gp70l_support/package.zsh'
[1.978s] Level 1:colcon.colcon_core.environment:create_file_with_runtime_dependencies(/home/hungnb/cocarry_ws/install/motoman_gp70l_support/share/colcon-core/packages/motoman_gp70l_support)
[1.979s] Level 1:colcon.colcon_core.environment:create_environment_scripts_only(motoman_gp70l_support)
[1.979s] Level 1:colcon.colcon_core.environment:checking '/home/hungnb/cocarry_ws/install/motoman_gp70l_support' for CMake module files
[1.979s] Level 1:colcon.colcon_core.environment:checking '/home/hungnb/cocarry_ws/install/motoman_gp70l_support' for CMake config files
[1.980s] Level 1:colcon.colcon_core.shell:create_environment_hook('motoman_gp70l_support', 'cmake_prefix_path')
[1.980s] INFO:colcon.colcon_core.shell:Creating environment hook '/home/hungnb/cocarry_ws/install/motoman_gp70l_support/share/motoman_gp70l_support/hook/cmake_prefix_path.ps1'
[1.980s] INFO:colcon.colcon_core.shell:Creating environment descriptor '/home/hungnb/cocarry_ws/install/motoman_gp70l_support/share/motoman_gp70l_support/hook/cmake_prefix_path.dsv'
[1.980s] INFO:colcon.colcon_core.shell:Creating environment hook '/home/hungnb/cocarry_ws/install/motoman_gp70l_support/share/motoman_gp70l_support/hook/cmake_prefix_path.sh'
[1.981s] Level 1:colcon.colcon_core.environment:checking '/home/hungnb/cocarry_ws/install/motoman_gp70l_support/bin'
[1.981s] Level 1:colcon.colcon_core.environment:checking '/home/hungnb/cocarry_ws/install/motoman_gp70l_support/lib/pkgconfig/motoman_gp70l_support.pc'
[1.981s] Level 1:colcon.colcon_core.environment:checking '/home/hungnb/cocarry_ws/install/motoman_gp70l_support/lib/python3.10/site-packages'
[1.982s] Level 1:colcon.colcon_core.environment:checking '/home/hungnb/cocarry_ws/install/motoman_gp70l_support/bin'
[1.982s] INFO:colcon.colcon_core.shell:Creating package script '/home/hungnb/cocarry_ws/install/motoman_gp70l_support/share/motoman_gp70l_support/package.ps1'
[1.982s] INFO:colcon.colcon_core.shell:Creating package descriptor '/home/hungnb/cocarry_ws/install/motoman_gp70l_support/share/motoman_gp70l_support/package.dsv'
[1.983s] INFO:colcon.colcon_core.shell:Creating package script '/home/hungnb/cocarry_ws/install/motoman_gp70l_support/share/motoman_gp70l_support/package.sh'
[1.983s] INFO:colcon.colcon_core.shell:Creating package script '/home/hungnb/cocarry_ws/install/motoman_gp70l_support/share/motoman_gp70l_support/package.bash'
[1.983s] INFO:colcon.colcon_core.shell:Creating package script '/home/hungnb/cocarry_ws/install/motoman_gp70l_support/share/motoman_gp70l_support/package.zsh'
[1.984s] Level 1:colcon.colcon_core.environment:create_file_with_runtime_dependencies(/home/hungnb/cocarry_ws/install/motoman_gp70l_support/share/colcon-core/packages/motoman_gp70l_support)
[1.984s] Level 1:colcon.colcon_core.environment:create_environment_scripts_only(motoman_gp7_support)
[1.984s] Level 1:colcon.colcon_core.environment:checking '/home/hungnb/cocarry_ws/install/motoman_gp7_support' for CMake module files
[1.985s] DEBUG:colcon.colcon_core.event_handler.log_command:Invoked command in '/home/hungnb/cocarry_ws/build/motoman_gp7_support' returned '0': AMENT_PREFIX_PATH=/home/hungnb/cocarry_ws/install/motoman_resources:${AMENT_PREFIX_PATH} CMAKE_PREFIX_PATH=/home/hungnb/cocarry_ws/install/motoman_resources:/opt/ros/humble /usr/bin/cmake --install /home/hungnb/cocarry_ws/build/motoman_gp7_support
[1.985s] Level 1:colcon.colcon_core.environment:checking '/home/hungnb/cocarry_ws/install/motoman_gp7_support' for CMake config files
[1.986s] Level 1:colcon.colcon_core.shell:create_environment_hook('motoman_gp7_support', 'cmake_prefix_path')
[1.986s] INFO:colcon.colcon_core.shell:Creating environment hook '/home/hungnb/cocarry_ws/install/motoman_gp7_support/share/motoman_gp7_support/hook/cmake_prefix_path.ps1'
[1.986s] INFO:colcon.colcon_core.shell:Creating environment descriptor '/home/hungnb/cocarry_ws/install/motoman_gp7_support/share/motoman_gp7_support/hook/cmake_prefix_path.dsv'
[1.986s] INFO:colcon.colcon_core.shell:Creating environment hook '/home/hungnb/cocarry_ws/install/motoman_gp7_support/share/motoman_gp7_support/hook/cmake_prefix_path.sh'
[1.987s] Level 1:colcon.colcon_core.environment:checking '/home/hungnb/cocarry_ws/install/motoman_gp7_support/bin'
[1.987s] Level 1:colcon.colcon_core.environment:checking '/home/hungnb/cocarry_ws/install/motoman_gp7_support/lib/pkgconfig/motoman_gp7_support.pc'
[1.987s] Level 1:colcon.colcon_core.environment:checking '/home/hungnb/cocarry_ws/install/motoman_gp7_support/lib/python3.10/site-packages'
[1.987s] Level 1:colcon.colcon_core.environment:checking '/home/hungnb/cocarry_ws/install/motoman_gp7_support/bin'
[1.987s] INFO:colcon.colcon_core.shell:Creating package script '/home/hungnb/cocarry_ws/install/motoman_gp7_support/share/motoman_gp7_support/package.ps1'
[1.988s] INFO:colcon.colcon_core.shell:Creating package descriptor '/home/hungnb/cocarry_ws/install/motoman_gp7_support/share/motoman_gp7_support/package.dsv'
[1.988s] INFO:colcon.colcon_core.shell:Creating package script '/home/hungnb/cocarry_ws/install/motoman_gp7_support/share/motoman_gp7_support/package.sh'
[1.988s] INFO:colcon.colcon_core.shell:Creating package script '/home/hungnb/cocarry_ws/install/motoman_gp7_support/share/motoman_gp7_support/package.bash'
[1.989s] INFO:colcon.colcon_core.shell:Creating package script '/home/hungnb/cocarry_ws/install/motoman_gp7_support/share/motoman_gp7_support/package.zsh'
[1.989s] Level 1:colcon.colcon_core.environment:create_file_with_runtime_dependencies(/home/hungnb/cocarry_ws/install/motoman_gp7_support/share/colcon-core/packages/motoman_gp7_support)
[1.989s] Level 1:colcon.colcon_core.environment:create_environment_scripts_only(motoman_gp7_support)
[1.989s] Level 1:colcon.colcon_core.environment:checking '/home/hungnb/cocarry_ws/install/motoman_gp7_support' for CMake module files
[1.990s] Level 1:colcon.colcon_core.environment:checking '/home/hungnb/cocarry_ws/install/motoman_gp7_support' for CMake config files
[1.990s] Level 1:colcon.colcon_core.shell:create_environment_hook('motoman_gp7_support', 'cmake_prefix_path')
[1.990s] INFO:colcon.colcon_core.shell:Creating environment hook '/home/hungnb/cocarry_ws/install/motoman_gp7_support/share/motoman_gp7_support/hook/cmake_prefix_path.ps1'
[1.991s] INFO:colcon.colcon_core.shell:Creating environment descriptor '/home/hungnb/cocarry_ws/install/motoman_gp7_support/share/motoman_gp7_support/hook/cmake_prefix_path.dsv'
[1.991s] INFO:colcon.colcon_core.shell:Creating environment hook '/home/hungnb/cocarry_ws/install/motoman_gp7_support/share/motoman_gp7_support/hook/cmake_prefix_path.sh'
[1.992s] Level 1:colcon.colcon_core.environment:checking '/home/hungnb/cocarry_ws/install/motoman_gp7_support/bin'
[1.992s] Level 1:colcon.colcon_core.environment:checking '/home/hungnb/cocarry_ws/install/motoman_gp7_support/lib/pkgconfig/motoman_gp7_support.pc'
[1.993s] Level 1:colcon.colcon_core.environment:checking '/home/hungnb/cocarry_ws/install/motoman_gp7_support/lib/python3.10/site-packages'
[1.993s] Level 1:colcon.colcon_core.environment:checking '/home/hungnb/cocarry_ws/install/motoman_gp7_support/bin'
[1.993s] INFO:colcon.colcon_core.shell:Creating package script '/home/hungnb/cocarry_ws/install/motoman_gp7_support/share/motoman_gp7_support/package.ps1'
[1.995s] INFO:colcon.colcon_core.shell:Creating package descriptor '/home/hungnb/cocarry_ws/install/motoman_gp7_support/share/motoman_gp7_support/package.dsv'
[1.995s] INFO:colcon.colcon_core.shell:Creating package script '/home/hungnb/cocarry_ws/install/motoman_gp7_support/share/motoman_gp7_support/package.sh'
[1.996s] INFO:colcon.colcon_core.shell:Creating package script '/home/hungnb/cocarry_ws/install/motoman_gp7_support/share/motoman_gp7_support/package.bash'
[1.996s] INFO:colcon.colcon_core.shell:Creating package script '/home/hungnb/cocarry_ws/install/motoman_gp7_support/share/motoman_gp7_support/package.zsh'
[1.996s] Level 1:colcon.colcon_core.environment:create_file_with_runtime_dependencies(/home/hungnb/cocarry_ws/install/motoman_gp7_support/share/colcon-core/packages/motoman_gp7_support)
[1.997s] DEBUG:colcon.colcon_core.event_handler.log_command:Invoked command in '/home/hungnb/cocarry_ws/build/motoman_mh50_support' returned '0': AMENT_PREFIX_PATH=/home/hungnb/cocarry_ws/install/motoman_resources:${AMENT_PREFIX_PATH} CMAKE_PREFIX_PATH=/home/hungnb/cocarry_ws/install/motoman_resources:/opt/ros/humble /usr/bin/cmake --build /home/hungnb/cocarry_ws/build/motoman_mh50_support -- -j16 -l16
[1.999s] DEBUG:colcon.colcon_core.event_handler.log_command:Invoking command in '/home/hungnb/cocarry_ws/build/motoman_mh50_support': AMENT_PREFIX_PATH=/home/hungnb/cocarry_ws/install/motoman_resources:${AMENT_PREFIX_PATH} CMAKE_PREFIX_PATH=/home/hungnb/cocarry_ws/install/motoman_resources:/opt/ros/humble /usr/bin/cmake --install /home/hungnb/cocarry_ws/build/motoman_mh50_support
[2.000s] DEBUG:colcon.colcon_core.event_handler.log_command:Invoked command in '/home/hungnb/cocarry_ws/build/motoman_ma2010_support' returned '0': AMENT_PREFIX_PATH=/home/hungnb/cocarry_ws/install/motoman_resources:${AMENT_PREFIX_PATH} CMAKE_PREFIX_PATH=/home/hungnb/cocarry_ws/install/motoman_resources:/opt/ros/humble /usr/bin/cmake --build /home/hungnb/cocarry_ws/build/motoman_ma2010_support -- -j16 -l16
[2.002s] Level 1:colcon.colcon_core.environment:create_environment_scripts_only(motoman_gp8_support)
[2.002s] DEBUG:colcon.colcon_core.event_handler.log_command:Invoking command in '/home/hungnb/cocarry_ws/build/motoman_ma2010_support': AMENT_PREFIX_PATH=/home/hungnb/cocarry_ws/install/motoman_resources:${AMENT_PREFIX_PATH} CMAKE_PREFIX_PATH=/home/hungnb/cocarry_ws/install/motoman_resources:/opt/ros/humble /usr/bin/cmake --install /home/hungnb/cocarry_ws/build/motoman_ma2010_support
[2.003s] Level 1:colcon.colcon_core.environment:checking '/home/hungnb/cocarry_ws/install/motoman_gp8_support' for CMake module files
[2.003s] DEBUG:colcon.colcon_core.event_handler.log_command:Invoked command in '/home/hungnb/cocarry_ws/build/motoman_gp8_support' returned '0': AMENT_PREFIX_PATH=/home/hungnb/cocarry_ws/install/motoman_resources:${AMENT_PREFIX_PATH} CMAKE_PREFIX_PATH=/home/hungnb/cocarry_ws/install/motoman_resources:/opt/ros/humble /usr/bin/cmake --install /home/hungnb/cocarry_ws/build/motoman_gp8_support
[2.003s] Level 1:colcon.colcon_core.environment:checking '/home/hungnb/cocarry_ws/install/motoman_gp8_support' for CMake config files
[2.004s] Level 1:colcon.colcon_core.shell:create_environment_hook('motoman_gp8_support', 'cmake_prefix_path')
[2.004s] INFO:colcon.colcon_core.shell:Creating environment hook '/home/hungnb/cocarry_ws/install/motoman_gp8_support/share/motoman_gp8_support/hook/cmake_prefix_path.ps1'
[2.005s] INFO:colcon.colcon_core.shell:Creating environment descriptor '/home/hungnb/cocarry_ws/install/motoman_gp8_support/share/motoman_gp8_support/hook/cmake_prefix_path.dsv'
[2.005s] INFO:colcon.colcon_core.shell:Creating environment hook '/home/hungnb/cocarry_ws/install/motoman_gp8_support/share/motoman_gp8_support/hook/cmake_prefix_path.sh'
[2.005s] Level 1:colcon.colcon_core.environment:checking '/home/hungnb/cocarry_ws/install/motoman_gp8_support/bin'
[2.006s] Level 1:colcon.colcon_core.environment:checking '/home/hungnb/cocarry_ws/install/motoman_gp8_support/lib/pkgconfig/motoman_gp8_support.pc'
[2.006s] Level 1:colcon.colcon_core.environment:checking '/home/hungnb/cocarry_ws/install/motoman_gp8_support/lib/python3.10/site-packages'
[2.006s] Level 1:colcon.colcon_core.environment:checking '/home/hungnb/cocarry_ws/install/motoman_gp8_support/bin'
[2.006s] INFO:colcon.colcon_core.shell:Creating package script '/home/hungnb/cocarry_ws/install/motoman_gp8_support/share/motoman_gp8_support/package.ps1'
[2.007s] INFO:colcon.colcon_core.shell:Creating package descriptor '/home/hungnb/cocarry_ws/install/motoman_gp8_support/share/motoman_gp8_support/package.dsv'
[2.008s] INFO:colcon.colcon_core.shell:Creating package script '/home/hungnb/cocarry_ws/install/motoman_gp8_support/share/motoman_gp8_support/package.sh'
[2.008s] INFO:colcon.colcon_core.shell:Creating package script '/home/hungnb/cocarry_ws/install/motoman_gp8_support/share/motoman_gp8_support/package.bash'
[2.009s] INFO:colcon.colcon_core.shell:Creating package script '/home/hungnb/cocarry_ws/install/motoman_gp8_support/share/motoman_gp8_support/package.zsh'
[2.009s] Level 1:colcon.colcon_core.environment:create_file_with_runtime_dependencies(/home/hungnb/cocarry_ws/install/motoman_gp8_support/share/colcon-core/packages/motoman_gp8_support)
[2.010s] Level 1:colcon.colcon_core.environment:create_environment_scripts_only(motoman_gp8_support)
[2.010s] Level 1:colcon.colcon_core.environment:checking '/home/hungnb/cocarry_ws/install/motoman_gp8_support' for CMake module files
[2.010s] Level 1:colcon.colcon_core.environment:checking '/home/hungnb/cocarry_ws/install/motoman_gp8_support' for CMake config files
[2.010s] Level 1:colcon.colcon_core.shell:create_environment_hook('motoman_gp8_support', 'cmake_prefix_path')
[2.011s] INFO:colcon.colcon_core.shell:Creating environment hook '/home/hungnb/cocarry_ws/install/motoman_gp8_support/share/motoman_gp8_support/hook/cmake_prefix_path.ps1'
[2.011s] INFO:colcon.colcon_core.shell:Creating environment descriptor '/home/hungnb/cocarry_ws/install/motoman_gp8_support/share/motoman_gp8_support/hook/cmake_prefix_path.dsv'
[2.011s] INFO:colcon.colcon_core.shell:Creating environment hook '/home/hungnb/cocarry_ws/install/motoman_gp8_support/share/motoman_gp8_support/hook/cmake_prefix_path.sh'
[2.012s] Level 1:colcon.colcon_core.environment:checking '/home/hungnb/cocarry_ws/install/motoman_gp8_support/bin'
[2.012s] Level 1:colcon.colcon_core.environment:checking '/home/hungnb/cocarry_ws/install/motoman_gp8_support/lib/pkgconfig/motoman_gp8_support.pc'
[2.012s] Level 1:colcon.colcon_core.environment:checking '/home/hungnb/cocarry_ws/install/motoman_gp8_support/lib/python3.10/site-packages'
[2.012s] Level 1:colcon.colcon_core.environment:checking '/home/hungnb/cocarry_ws/install/motoman_gp8_support/bin'
[2.012s] INFO:colcon.colcon_core.shell:Creating package script '/home/hungnb/cocarry_ws/install/motoman_gp8_support/share/motoman_gp8_support/package.ps1'
[2.013s] INFO:colcon.colcon_core.shell:Creating package descriptor '/home/hungnb/cocarry_ws/install/motoman_gp8_support/share/motoman_gp8_support/package.dsv'
[2.013s] INFO:colcon.colcon_core.shell:Creating package script '/home/hungnb/cocarry_ws/install/motoman_gp8_support/share/motoman_gp8_support/package.sh'
[2.013s] INFO:colcon.colcon_core.shell:Creating package script '/home/hungnb/cocarry_ws/install/motoman_gp8_support/share/motoman_gp8_support/package.bash'
[2.014s] INFO:colcon.colcon_core.shell:Creating package script '/home/hungnb/cocarry_ws/install/motoman_gp8_support/share/motoman_gp8_support/package.zsh'
[2.014s] Level 1:colcon.colcon_core.environment:create_file_with_runtime_dependencies(/home/hungnb/cocarry_ws/install/motoman_gp8_support/share/colcon-core/packages/motoman_gp8_support)
[2.015s] INFO:colcon.colcon_ros.task.ament_cmake.build:Building ROS package in '/home/hungnb/cocarry_ws/src/motoman_ros2_support_packages/motoman_mpx1950_support' with build type 'ament_cmake'
[2.016s] INFO:colcon.colcon_cmake.task.cmake.build:Building CMake package in '/home/hungnb/cocarry_ws/src/motoman_ros2_support_packages/motoman_mpx1950_support'
[2.016s] INFO:colcon.colcon_core.shell:Skip shell extension 'powershell' for command environment: Not usable outside of PowerShell
[2.016s] DEBUG:colcon.colcon_core.shell:Skip shell extension 'dsv' for command environment
[2.022s] INFO:colcon.colcon_ros.task.ament_cmake.build:Building ROS package in '/home/hungnb/cocarry_ws/src/motoman_ros2_support_packages/motoman_ms210_support' with build type 'ament_cmake'
[2.023s] INFO:colcon.colcon_cmake.task.cmake.build:Building CMake package in '/home/hungnb/cocarry_ws/src/motoman_ros2_support_packages/motoman_ms210_support'
[2.023s] INFO:colcon.colcon_core.shell:Skip shell extension 'powershell' for command environment: Not usable outside of PowerShell
[2.023s] DEBUG:colcon.colcon_core.shell:Skip shell extension 'dsv' for command environment
[2.027s] INFO:colcon.colcon_ros.task.ament_cmake.build:Building ROS package in '/home/hungnb/cocarry_ws/src/motoman_ros2_support_packages/motoman_sda10f_support' with build type 'ament_cmake'
[2.027s] INFO:colcon.colcon_cmake.task.cmake.build:Building CMake package in '/home/hungnb/cocarry_ws/src/motoman_ros2_support_packages/motoman_sda10f_support'
[2.028s] INFO:colcon.colcon_core.shell:Skip shell extension 'powershell' for command environment: Not usable outside of PowerShell
[2.028s] DEBUG:colcon.colcon_core.shell:Skip shell extension 'dsv' for command environment
[2.034s] Level 1:colcon.colcon_core.environment:create_environment_scripts_only(motoman_hc20_support)
[2.034s] Level 1:colcon.colcon_core.environment:checking '/home/hungnb/cocarry_ws/install/motoman_hc20_support' for CMake module files
[2.035s] DEBUG:colcon.colcon_core.event_handler.log_command:Invoked command in '/home/hungnb/cocarry_ws/build/motoman_mh5_support' returned '0': AMENT_PREFIX_PATH=/home/hungnb/cocarry_ws/install/motoman_resources:${AMENT_PREFIX_PATH} CMAKE_PREFIX_PATH=/home/hungnb/cocarry_ws/install/motoman_resources:/opt/ros/humble /usr/bin/cmake --build /home/hungnb/cocarry_ws/build/motoman_mh5_support -- -j16 -l16
[2.037s] DEBUG:colcon.colcon_core.event_handler.log_command:Invoking command in '/home/hungnb/cocarry_ws/build/motoman_mh5_support': AMENT_PREFIX_PATH=/home/hungnb/cocarry_ws/install/motoman_resources:${AMENT_PREFIX_PATH} CMAKE_PREFIX_PATH=/home/hungnb/cocarry_ws/install/motoman_resources:/opt/ros/humble /usr/bin/cmake --install /home/hungnb/cocarry_ws/build/motoman_mh5_support
[2.037s] Level 1:colcon.colcon_core.environment:checking '/home/hungnb/cocarry_ws/install/motoman_hc20_support' for CMake config files
[2.037s] DEBUG:colcon.colcon_core.event_handler.log_command:Invoked command in '/home/hungnb/cocarry_ws/build/motoman_hc20_support' returned '0': AMENT_PREFIX_PATH=/home/hungnb/cocarry_ws/install/motoman_resources:${AMENT_PREFIX_PATH} CMAKE_PREFIX_PATH=/home/hungnb/cocarry_ws/install/motoman_resources:/opt/ros/humble /usr/bin/cmake --install /home/hungnb/cocarry_ws/build/motoman_hc20_support
[2.037s] Level 1:colcon.colcon_core.shell:create_environment_hook('motoman_hc20_support', 'cmake_prefix_path')
[2.038s] INFO:colcon.colcon_core.shell:Creating environment hook '/home/hungnb/cocarry_ws/install/motoman_hc20_support/share/motoman_hc20_support/hook/cmake_prefix_path.ps1'
[2.038s] INFO:colcon.colcon_core.shell:Creating environment descriptor '/home/hungnb/cocarry_ws/install/motoman_hc20_support/share/motoman_hc20_support/hook/cmake_prefix_path.dsv'
[2.038s] INFO:colcon.colcon_core.shell:Creating environment hook '/home/hungnb/cocarry_ws/install/motoman_hc20_support/share/motoman_hc20_support/hook/cmake_prefix_path.sh'
[2.039s] Level 1:colcon.colcon_core.environment:checking '/home/hungnb/cocarry_ws/install/motoman_hc20_support/bin'
[2.039s] Level 1:colcon.colcon_core.environment:checking '/home/hungnb/cocarry_ws/install/motoman_hc20_support/lib/pkgconfig/motoman_hc20_support.pc'
[2.039s] Level 1:colcon.colcon_core.environment:checking '/home/hungnb/cocarry_ws/install/motoman_hc20_support/lib/python3.10/site-packages'
[2.039s] Level 1:colcon.colcon_core.environment:checking '/home/hungnb/cocarry_ws/install/motoman_hc20_support/bin'
[2.039s] INFO:colcon.colcon_core.shell:Creating package script '/home/hungnb/cocarry_ws/install/motoman_hc20_support/share/motoman_hc20_support/package.ps1'
[2.040s] INFO:colcon.colcon_core.shell:Creating package descriptor '/home/hungnb/cocarry_ws/install/motoman_hc20_support/share/motoman_hc20_support/package.dsv'
[2.040s] INFO:colcon.colcon_core.shell:Creating package script '/home/hungnb/cocarry_ws/install/motoman_hc20_support/share/motoman_hc20_support/package.sh'
[2.041s] INFO:colcon.colcon_core.shell:Creating package script '/home/hungnb/cocarry_ws/install/motoman_hc20_support/share/motoman_hc20_support/package.bash'
[2.041s] INFO:colcon.colcon_core.shell:Creating package script '/home/hungnb/cocarry_ws/install/motoman_hc20_support/share/motoman_hc20_support/package.zsh'
[2.041s] Level 1:colcon.colcon_core.environment:create_file_with_runtime_dependencies(/home/hungnb/cocarry_ws/install/motoman_hc20_support/share/colcon-core/packages/motoman_hc20_support)
[2.041s] Level 1:colcon.colcon_core.environment:create_environment_scripts_only(motoman_hc20_support)
[2.042s] Level 1:colcon.colcon_core.environment:checking '/home/hungnb/cocarry_ws/install/motoman_hc20_support' for CMake module files
[2.042s] Level 1:colcon.colcon_core.environment:checking '/home/hungnb/cocarry_ws/install/motoman_hc20_support' for CMake config files
[2.042s] Level 1:colcon.colcon_core.shell:create_environment_hook('motoman_hc20_support', 'cmake_prefix_path')
[2.042s] INFO:colcon.colcon_core.shell:Creating environment hook '/home/hungnb/cocarry_ws/install/motoman_hc20_support/share/motoman_hc20_support/hook/cmake_prefix_path.ps1'
[2.043s] INFO:colcon.colcon_core.shell:Creating environment descriptor '/home/hungnb/cocarry_ws/install/motoman_hc20_support/share/motoman_hc20_support/hook/cmake_prefix_path.dsv'
[2.043s] INFO:colcon.colcon_core.shell:Creating environment hook '/home/hungnb/cocarry_ws/install/motoman_hc20_support/share/motoman_hc20_support/hook/cmake_prefix_path.sh'
[2.043s] Level 1:colcon.colcon_core.environment:checking '/home/hungnb/cocarry_ws/install/motoman_hc20_support/bin'
[2.043s] Level 1:colcon.colcon_core.environment:checking '/home/hungnb/cocarry_ws/install/motoman_hc20_support/lib/pkgconfig/motoman_hc20_support.pc'
[2.043s] Level 1:colcon.colcon_core.environment:checking '/home/hungnb/cocarry_ws/install/motoman_hc20_support/lib/python3.10/site-packages'
[2.044s] Level 1:colcon.colcon_core.environment:checking '/home/hungnb/cocarry_ws/install/motoman_hc20_support/bin'
[2.044s] INFO:colcon.colcon_core.shell:Creating package script '/home/hungnb/cocarry_ws/install/motoman_hc20_support/share/motoman_hc20_support/package.ps1'
[2.044s] INFO:colcon.colcon_core.shell:Creating package descriptor '/home/hungnb/cocarry_ws/install/motoman_hc20_support/share/motoman_hc20_support/package.dsv'
[2.045s] INFO:colcon.colcon_core.shell:Creating package script '/home/hungnb/cocarry_ws/install/motoman_hc20_support/share/motoman_hc20_support/package.sh'
[2.045s] INFO:colcon.colcon_core.shell:Creating package script '/home/hungnb/cocarry_ws/install/motoman_hc20_support/share/motoman_hc20_support/package.bash'
[2.045s] INFO:colcon.colcon_core.shell:Creating package script '/home/hungnb/cocarry_ws/install/motoman_hc20_support/share/motoman_hc20_support/package.zsh'
[2.045s] Level 1:colcon.colcon_core.environment:create_file_with_runtime_dependencies(/home/hungnb/cocarry_ws/install/motoman_hc20_support/share/colcon-core/packages/motoman_hc20_support)
[2.046s] DEBUG:colcon.colcon_core.event_handler.log_command:Invoked command in '/home/hungnb/cocarry_ws/build/motoman_mh12_support' returned '0': AMENT_PREFIX_PATH=/home/hungnb/cocarry_ws/install/motoman_resources:${AMENT_PREFIX_PATH} CMAKE_PREFIX_PATH=/home/hungnb/cocarry_ws/install/motoman_resources:/opt/ros/humble /usr/bin/cmake --build /home/hungnb/cocarry_ws/build/motoman_mh12_support -- -j16 -l16
[2.048s] DEBUG:colcon.colcon_core.event_handler.log_command:Invoking command in '/home/hungnb/cocarry_ws/build/motoman_mh12_support': AMENT_PREFIX_PATH=/home/hungnb/cocarry_ws/install/motoman_resources:${AMENT_PREFIX_PATH} CMAKE_PREFIX_PATH=/home/hungnb/cocarry_ws/install/motoman_resources:/opt/ros/humble /usr/bin/cmake --install /home/hungnb/cocarry_ws/build/motoman_mh12_support
[2.049s] INFO:colcon.colcon_ros.task.ament_cmake.build:Building ROS package in '/home/hungnb/cocarry_ws/src/motoman_ros2_support_packages/motoman_sia10d_support' with build type 'ament_cmake'
[2.049s] INFO:colcon.colcon_cmake.task.cmake.build:Building CMake package in '/home/hungnb/cocarry_ws/src/motoman_ros2_support_packages/motoman_sia10d_support'
[2.050s] INFO:colcon.colcon_core.shell:Skip shell extension 'powershell' for command environment: Not usable outside of PowerShell
[2.050s] DEBUG:colcon.colcon_core.shell:Skip shell extension 'dsv' for command environment
[2.059s] Level 1:colcon.colcon_core.environment:create_environment_scripts_only(motoman_hc10dtp_support)
[2.060s] Level 1:colcon.colcon_core.environment:checking '/home/hungnb/cocarry_ws/install/motoman_hc10dtp_support' for CMake module files
[2.060s] DEBUG:colcon.colcon_core.event_handler.log_command:Invoking command in '/home/hungnb/cocarry_ws/build/motoman_motomini_support': AMENT_PREFIX_PATH=/home/hungnb/cocarry_ws/install/motoman_resources:${AMENT_PREFIX_PATH} CMAKE_PREFIX_PATH=/home/hungnb/cocarry_ws/install/motoman_resources:/opt/ros/humble /usr/bin/cmake /home/hungnb/cocarry_ws/src/motoman_ros2_support_packages/motoman_motomini_support -DCMAKE_INSTALL_PREFIX=/home/hungnb/cocarry_ws/install/motoman_motomini_support
[2.061s] DEBUG:colcon.colcon_core.event_handler.log_command:Invoked command in '/home/hungnb/cocarry_ws/build/motoman_hc10dtp_support' returned '0': AMENT_PREFIX_PATH=/home/hungnb/cocarry_ws/install/motoman_hc10_support:/home/hungnb/cocarry_ws/install/motoman_resources:${AMENT_PREFIX_PATH} CMAKE_PREFIX_PATH=/home/hungnb/cocarry_ws/install/motoman_hc10_support:/home/hungnb/cocarry_ws/install/motoman_resources:/opt/ros/humble /usr/bin/cmake --install /home/hungnb/cocarry_ws/build/motoman_hc10dtp_support
[2.061s] Level 1:colcon.colcon_core.environment:checking '/home/hungnb/cocarry_ws/install/motoman_hc10dtp_support' for CMake config files
[2.061s] Level 1:colcon.colcon_core.shell:create_environment_hook('motoman_hc10dtp_support', 'cmake_prefix_path')
[2.062s] INFO:colcon.colcon_core.shell:Creating environment hook '/home/hungnb/cocarry_ws/install/motoman_hc10dtp_support/share/motoman_hc10dtp_support/hook/cmake_prefix_path.ps1'
[2.062s] INFO:colcon.colcon_core.shell:Creating environment descriptor '/home/hungnb/cocarry_ws/install/motoman_hc10dtp_support/share/motoman_hc10dtp_support/hook/cmake_prefix_path.dsv'
[2.063s] INFO:colcon.colcon_core.shell:Creating environment hook '/home/hungnb/cocarry_ws/install/motoman_hc10dtp_support/share/motoman_hc10dtp_support/hook/cmake_prefix_path.sh'
[2.063s] Level 1:colcon.colcon_core.environment:checking '/home/hungnb/cocarry_ws/install/motoman_hc10dtp_support/bin'
[2.063s] Level 1:colcon.colcon_core.environment:checking '/home/hungnb/cocarry_ws/install/motoman_hc10dtp_support/lib/pkgconfig/motoman_hc10dtp_support.pc'
[2.064s] Level 1:colcon.colcon_core.environment:checking '/home/hungnb/cocarry_ws/install/motoman_hc10dtp_support/lib/python3.10/site-packages'
[2.064s] Level 1:colcon.colcon_core.environment:checking '/home/hungnb/cocarry_ws/install/motoman_hc10dtp_support/bin'
[2.064s] INFO:colcon.colcon_core.shell:Creating package script '/home/hungnb/cocarry_ws/install/motoman_hc10dtp_support/share/motoman_hc10dtp_support/package.ps1'
[2.065s] INFO:colcon.colcon_core.shell:Creating package descriptor '/home/hungnb/cocarry_ws/install/motoman_hc10dtp_support/share/motoman_hc10dtp_support/package.dsv'
[2.066s] INFO:colcon.colcon_core.shell:Creating package script '/home/hungnb/cocarry_ws/install/motoman_hc10dtp_support/share/motoman_hc10dtp_support/package.sh'
[2.067s] INFO:colcon.colcon_core.shell:Creating package script '/home/hungnb/cocarry_ws/install/motoman_hc10dtp_support/share/motoman_hc10dtp_support/package.bash'
[2.068s] INFO:colcon.colcon_core.shell:Creating package script '/home/hungnb/cocarry_ws/install/motoman_hc10dtp_support/share/motoman_hc10dtp_support/package.zsh'
[2.068s] Level 1:colcon.colcon_core.environment:create_file_with_runtime_dependencies(/home/hungnb/cocarry_ws/install/motoman_hc10dtp_support/share/colcon-core/packages/motoman_hc10dtp_support)
[2.069s] Level 1:colcon.colcon_core.environment:create_environment_scripts_only(motoman_hc10dtp_support)
[2.069s] Level 1:colcon.colcon_core.environment:checking '/home/hungnb/cocarry_ws/install/motoman_hc10dtp_support' for CMake module files
[2.069s] Level 1:colcon.colcon_core.environment:checking '/home/hungnb/cocarry_ws/install/motoman_hc10dtp_support' for CMake config files
[2.070s] Level 1:colcon.colcon_core.shell:create_environment_hook('motoman_hc10dtp_support', 'cmake_prefix_path')
[2.070s] INFO:colcon.colcon_core.shell:Creating environment hook '/home/hungnb/cocarry_ws/install/motoman_hc10dtp_support/share/motoman_hc10dtp_support/hook/cmake_prefix_path.ps1'
[2.071s] INFO:colcon.colcon_core.shell:Creating environment descriptor '/home/hungnb/cocarry_ws/install/motoman_hc10dtp_support/share/motoman_hc10dtp_support/hook/cmake_prefix_path.dsv'
[2.071s] INFO:colcon.colcon_core.shell:Creating environment hook '/home/hungnb/cocarry_ws/install/motoman_hc10dtp_support/share/motoman_hc10dtp_support/hook/cmake_prefix_path.sh'
[2.071s] Level 1:colcon.colcon_core.environment:checking '/home/hungnb/cocarry_ws/install/motoman_hc10dtp_support/bin'
[2.071s] Level 1:colcon.colcon_core.environment:checking '/home/hungnb/cocarry_ws/install/motoman_hc10dtp_support/lib/pkgconfig/motoman_hc10dtp_support.pc'
[2.072s] Level 1:colcon.colcon_core.environment:checking '/home/hungnb/cocarry_ws/install/motoman_hc10dtp_support/lib/python3.10/site-packages'
[2.072s] Level 1:colcon.colcon_core.environment:checking '/home/hungnb/cocarry_ws/install/motoman_hc10dtp_support/bin'
[2.072s] INFO:colcon.colcon_core.shell:Creating package script '/home/hungnb/cocarry_ws/install/motoman_hc10dtp_support/share/motoman_hc10dtp_support/package.ps1'
[2.072s] INFO:colcon.colcon_core.shell:Creating package descriptor '/home/hungnb/cocarry_ws/install/motoman_hc10dtp_support/share/motoman_hc10dtp_support/package.dsv'
[2.073s] INFO:colcon.colcon_core.shell:Creating package script '/home/hungnb/cocarry_ws/install/motoman_hc10dtp_support/share/motoman_hc10dtp_support/package.sh'
[2.073s] INFO:colcon.colcon_core.shell:Creating package script '/home/hungnb/cocarry_ws/install/motoman_hc10dtp_support/share/motoman_hc10dtp_support/package.bash'
[2.073s] INFO:colcon.colcon_core.shell:Creating package script '/home/hungnb/cocarry_ws/install/motoman_hc10dtp_support/share/motoman_hc10dtp_support/package.zsh'
[2.073s] Level 1:colcon.colcon_core.environment:create_file_with_runtime_dependencies(/home/hungnb/cocarry_ws/install/motoman_hc10dtp_support/share/colcon-core/packages/motoman_hc10dtp_support)
[2.074s] Level 1:colcon.colcon_core.environment:create_environment_scripts_only(motoman_gp8l_support)
[2.074s] Level 1:colcon.colcon_core.environment:checking '/home/hungnb/cocarry_ws/install/motoman_gp8l_support' for CMake module files
[2.075s] Level 1:colcon.colcon_core.environment:checking '/home/hungnb/cocarry_ws/install/motoman_gp8l_support' for CMake config files
[2.075s] DEBUG:colcon.colcon_core.event_handler.log_command:Invoked command in '/home/hungnb/cocarry_ws/build/motoman_gp8l_support' returned '0': AMENT_PREFIX_PATH=/home/hungnb/cocarry_ws/install/motoman_resources:${AMENT_PREFIX_PATH} CMAKE_PREFIX_PATH=/home/hungnb/cocarry_ws/install/motoman_resources:/opt/ros/humble /usr/bin/cmake --install /home/hungnb/cocarry_ws/build/motoman_gp8l_support
[2.076s] Level 1:colcon.colcon_core.shell:create_environment_hook('motoman_gp8l_support', 'cmake_prefix_path')
[2.076s] INFO:colcon.colcon_core.shell:Creating environment hook '/home/hungnb/cocarry_ws/install/motoman_gp8l_support/share/motoman_gp8l_support/hook/cmake_prefix_path.ps1'
[2.076s] INFO:colcon.colcon_core.shell:Creating environment descriptor '/home/hungnb/cocarry_ws/install/motoman_gp8l_support/share/motoman_gp8l_support/hook/cmake_prefix_path.dsv'
[2.076s] INFO:colcon.colcon_core.shell:Creating environment hook '/home/hungnb/cocarry_ws/install/motoman_gp8l_support/share/motoman_gp8l_support/hook/cmake_prefix_path.sh'
[2.077s] Level 1:colcon.colcon_core.environment:checking '/home/hungnb/cocarry_ws/install/motoman_gp8l_support/bin'
[2.077s] Level 1:colcon.colcon_core.environment:checking '/home/hungnb/cocarry_ws/install/motoman_gp8l_support/lib/pkgconfig/motoman_gp8l_support.pc'
[2.077s] Level 1:colcon.colcon_core.environment:checking '/home/hungnb/cocarry_ws/install/motoman_gp8l_support/lib/python3.10/site-packages'
[2.077s] Level 1:colcon.colcon_core.environment:checking '/home/hungnb/cocarry_ws/install/motoman_gp8l_support/bin'
[2.077s] INFO:colcon.colcon_core.shell:Creating package script '/home/hungnb/cocarry_ws/install/motoman_gp8l_support/share/motoman_gp8l_support/package.ps1'
[2.078s] INFO:colcon.colcon_core.shell:Creating package descriptor '/home/hungnb/cocarry_ws/install/motoman_gp8l_support/share/motoman_gp8l_support/package.dsv'
[2.078s] INFO:colcon.colcon_core.shell:Creating package script '/home/hungnb/cocarry_ws/install/motoman_gp8l_support/share/motoman_gp8l_support/package.sh'
[2.078s] INFO:colcon.colcon_core.shell:Creating package script '/home/hungnb/cocarry_ws/install/motoman_gp8l_support/share/motoman_gp8l_support/package.bash'
[2.078s] INFO:colcon.colcon_core.shell:Creating package script '/home/hungnb/cocarry_ws/install/motoman_gp8l_support/share/motoman_gp8l_support/package.zsh'
[2.079s] Level 1:colcon.colcon_core.environment:create_file_with_runtime_dependencies(/home/hungnb/cocarry_ws/install/motoman_gp8l_support/share/colcon-core/packages/motoman_gp8l_support)
[2.079s] Level 1:colcon.colcon_core.environment:create_environment_scripts_only(motoman_gp8l_support)
[2.079s] Level 1:colcon.colcon_core.environment:checking '/home/hungnb/cocarry_ws/install/motoman_gp8l_support' for CMake module files
[2.079s] Level 1:colcon.colcon_core.environment:checking '/home/hungnb/cocarry_ws/install/motoman_gp8l_support' for CMake config files
[2.080s] Level 1:colcon.colcon_core.shell:create_environment_hook('motoman_gp8l_support', 'cmake_prefix_path')
[2.080s] INFO:colcon.colcon_core.shell:Creating environment hook '/home/hungnb/cocarry_ws/install/motoman_gp8l_support/share/motoman_gp8l_support/hook/cmake_prefix_path.ps1'
[2.080s] INFO:colcon.colcon_core.shell:Creating environment descriptor '/home/hungnb/cocarry_ws/install/motoman_gp8l_support/share/motoman_gp8l_support/hook/cmake_prefix_path.dsv'
[2.080s] INFO:colcon.colcon_core.shell:Creating environment hook '/home/hungnb/cocarry_ws/install/motoman_gp8l_support/share/motoman_gp8l_support/hook/cmake_prefix_path.sh'
[2.081s] Level 1:colcon.colcon_core.environment:checking '/home/hungnb/cocarry_ws/install/motoman_gp8l_support/bin'
[2.081s] Level 1:colcon.colcon_core.environment:checking '/home/hungnb/cocarry_ws/install/motoman_gp8l_support/lib/pkgconfig/motoman_gp8l_support.pc'
[2.081s] Level 1:colcon.colcon_core.environment:checking '/home/hungnb/cocarry_ws/install/motoman_gp8l_support/lib/python3.10/site-packages'
[2.081s] Level 1:colcon.colcon_core.environment:checking '/home/hungnb/cocarry_ws/install/motoman_gp8l_support/bin'
[2.081s] INFO:colcon.colcon_core.shell:Creating package script '/home/hungnb/cocarry_ws/install/motoman_gp8l_support/share/motoman_gp8l_support/package.ps1'
[2.082s] INFO:colcon.colcon_core.shell:Creating package descriptor '/home/hungnb/cocarry_ws/install/motoman_gp8l_support/share/motoman_gp8l_support/package.dsv'
[2.082s] INFO:colcon.colcon_core.shell:Creating package script '/home/hungnb/cocarry_ws/install/motoman_gp8l_support/share/motoman_gp8l_support/package.sh'
[2.082s] INFO:colcon.colcon_core.shell:Creating package script '/home/hungnb/cocarry_ws/install/motoman_gp8l_support/share/motoman_gp8l_support/package.bash'
[2.082s] INFO:colcon.colcon_core.shell:Creating package script '/home/hungnb/cocarry_ws/install/motoman_gp8l_support/share/motoman_gp8l_support/package.zsh'
[2.083s] Level 1:colcon.colcon_core.environment:create_file_with_runtime_dependencies(/home/hungnb/cocarry_ws/install/motoman_gp8l_support/share/colcon-core/packages/motoman_gp8l_support)
[2.087s] DEBUG:colcon.colcon_core.event_handler.log_command:Invoking command in '/home/hungnb/cocarry_ws/build/motoman_motopos_d500_support': AMENT_PREFIX_PATH=/home/hungnb/cocarry_ws/install/motoman_resources:${AMENT_PREFIX_PATH} CMAKE_PREFIX_PATH=/home/hungnb/cocarry_ws/install/motoman_resources:/opt/ros/humble /usr/bin/cmake /home/hungnb/cocarry_ws/src/motoman_ros2_support_packages/motoman_motopos_d500_support -DCMAKE_INSTALL_PREFIX=/home/hungnb/cocarry_ws/install/motoman_motopos_d500_support
[2.089s] Level 1:colcon.colcon_core.environment:create_environment_scripts_only(motoman_ma2010_support)
[2.090s] Level 1:colcon.colcon_core.environment:checking '/home/hungnb/cocarry_ws/install/motoman_ma2010_support' for CMake module files
[2.090s] DEBUG:colcon.colcon_core.event_handler.log_command:Invoking command in '/home/hungnb/cocarry_ws/build/motoman_motopos_mh1655_support': AMENT_PREFIX_PATH=/home/hungnb/cocarry_ws/install/motoman_resources:${AMENT_PREFIX_PATH} CMAKE_PREFIX_PATH=/home/hungnb/cocarry_ws/install/motoman_resources:/opt/ros/humble /usr/bin/cmake /home/hungnb/cocarry_ws/src/motoman_ros2_support_packages/motoman_motopos_mh1655_support -DCMAKE_INSTALL_PREFIX=/home/hungnb/cocarry_ws/install/motoman_motopos_mh1655_support
[2.090s] DEBUG:colcon.colcon_core.event_handler.log_command:Invoked command in '/home/hungnb/cocarry_ws/build/motoman_ma2010_support' returned '0': AMENT_PREFIX_PATH=/home/hungnb/cocarry_ws/install/motoman_resources:${AMENT_PREFIX_PATH} CMAKE_PREFIX_PATH=/home/hungnb/cocarry_ws/install/motoman_resources:/opt/ros/humble /usr/bin/cmake --install /home/hungnb/cocarry_ws/build/motoman_ma2010_support
[2.091s] Level 1:colcon.colcon_core.environment:checking '/home/hungnb/cocarry_ws/install/motoman_ma2010_support' for CMake config files
[2.092s] Level 1:colcon.colcon_core.shell:create_environment_hook('motoman_ma2010_support', 'cmake_prefix_path')
[2.092s] INFO:colcon.colcon_core.shell:Creating environment hook '/home/hungnb/cocarry_ws/install/motoman_ma2010_support/share/motoman_ma2010_support/hook/cmake_prefix_path.ps1'
[2.093s] INFO:colcon.colcon_core.shell:Creating environment descriptor '/home/hungnb/cocarry_ws/install/motoman_ma2010_support/share/motoman_ma2010_support/hook/cmake_prefix_path.dsv'
[2.093s] INFO:colcon.colcon_core.shell:Creating environment hook '/home/hungnb/cocarry_ws/install/motoman_ma2010_support/share/motoman_ma2010_support/hook/cmake_prefix_path.sh'
[2.094s] Level 1:colcon.colcon_core.environment:checking '/home/hungnb/cocarry_ws/install/motoman_ma2010_support/bin'
[2.094s] Level 1:colcon.colcon_core.environment:checking '/home/hungnb/cocarry_ws/install/motoman_ma2010_support/lib/pkgconfig/motoman_ma2010_support.pc'
[2.094s] Level 1:colcon.colcon_core.environment:checking '/home/hungnb/cocarry_ws/install/motoman_ma2010_support/lib/python3.10/site-packages'
[2.094s] Level 1:colcon.colcon_core.environment:checking '/home/hungnb/cocarry_ws/install/motoman_ma2010_support/bin'
[2.095s] INFO:colcon.colcon_core.shell:Creating package script '/home/hungnb/cocarry_ws/install/motoman_ma2010_support/share/motoman_ma2010_support/package.ps1'
[2.095s] INFO:colcon.colcon_core.shell:Creating package descriptor '/home/hungnb/cocarry_ws/install/motoman_ma2010_support/share/motoman_ma2010_support/package.dsv'
[2.096s] INFO:colcon.colcon_core.shell:Creating package script '/home/hungnb/cocarry_ws/install/motoman_ma2010_support/share/motoman_ma2010_support/package.sh'
[2.096s] INFO:colcon.colcon_core.shell:Creating package script '/home/hungnb/cocarry_ws/install/motoman_ma2010_support/share/motoman_ma2010_support/package.bash'
[2.096s] INFO:colcon.colcon_core.shell:Creating package script '/home/hungnb/cocarry_ws/install/motoman_ma2010_support/share/motoman_ma2010_support/package.zsh'
[2.097s] Level 1:colcon.colcon_core.environment:create_file_with_runtime_dependencies(/home/hungnb/cocarry_ws/install/motoman_ma2010_support/share/colcon-core/packages/motoman_ma2010_support)
[2.097s] Level 1:colcon.colcon_core.environment:create_environment_scripts_only(motoman_ma2010_support)
[2.097s] Level 1:colcon.colcon_core.environment:checking '/home/hungnb/cocarry_ws/install/motoman_ma2010_support' for CMake module files
[2.098s] Level 1:colcon.colcon_core.environment:checking '/home/hungnb/cocarry_ws/install/motoman_ma2010_support' for CMake config files
[2.098s] Level 1:colcon.colcon_core.shell:create_environment_hook('motoman_ma2010_support', 'cmake_prefix_path')
[2.099s] INFO:colcon.colcon_core.shell:Creating environment hook '/home/hungnb/cocarry_ws/install/motoman_ma2010_support/share/motoman_ma2010_support/hook/cmake_prefix_path.ps1'
[2.099s] INFO:colcon.colcon_core.shell:Creating environment descriptor '/home/hungnb/cocarry_ws/install/motoman_ma2010_support/share/motoman_ma2010_support/hook/cmake_prefix_path.dsv'
[2.099s] INFO:colcon.colcon_core.shell:Creating environment hook '/home/hungnb/cocarry_ws/install/motoman_ma2010_support/share/motoman_ma2010_support/hook/cmake_prefix_path.sh'
[2.100s] Level 1:colcon.colcon_core.environment:checking '/home/hungnb/cocarry_ws/install/motoman_ma2010_support/bin'
[2.100s] Level 1:colcon.colcon_core.environment:checking '/home/hungnb/cocarry_ws/install/motoman_ma2010_support/lib/pkgconfig/motoman_ma2010_support.pc'
[2.100s] Level 1:colcon.colcon_core.environment:checking '/home/hungnb/cocarry_ws/install/motoman_ma2010_support/lib/python3.10/site-packages'
[2.100s] Level 1:colcon.colcon_core.environment:checking '/home/hungnb/cocarry_ws/install/motoman_ma2010_support/bin'
[2.100s] INFO:colcon.colcon_core.shell:Creating package script '/home/hungnb/cocarry_ws/install/motoman_ma2010_support/share/motoman_ma2010_support/package.ps1'
[2.101s] INFO:colcon.colcon_core.shell:Creating package descriptor '/home/hungnb/cocarry_ws/install/motoman_ma2010_support/share/motoman_ma2010_support/package.dsv'
[2.101s] INFO:colcon.colcon_core.shell:Creating package script '/home/hungnb/cocarry_ws/install/motoman_ma2010_support/share/motoman_ma2010_support/package.sh'
[2.102s] INFO:colcon.colcon_core.shell:Creating package script '/home/hungnb/cocarry_ws/install/motoman_ma2010_support/share/motoman_ma2010_support/package.bash'
[2.102s] INFO:colcon.colcon_core.shell:Creating package script '/home/hungnb/cocarry_ws/install/motoman_ma2010_support/share/motoman_ma2010_support/package.zsh'
[2.103s] Level 1:colcon.colcon_core.environment:create_file_with_runtime_dependencies(/home/hungnb/cocarry_ws/install/motoman_ma2010_support/share/colcon-core/packages/motoman_ma2010_support)
[2.103s] Level 1:colcon.colcon_core.environment:create_environment_scripts_only(motoman_mh50_support)
[2.103s] Level 1:colcon.colcon_core.environment:checking '/home/hungnb/cocarry_ws/install/motoman_mh50_support' for CMake module files
[2.104s] Level 1:colcon.colcon_core.environment:checking '/home/hungnb/cocarry_ws/install/motoman_mh50_support' for CMake config files
[2.104s] DEBUG:colcon.colcon_core.event_handler.log_command:Invoked command in '/home/hungnb/cocarry_ws/build/motoman_mh50_support' returned '0': AMENT_PREFIX_PATH=/home/hungnb/cocarry_ws/install/motoman_resources:${AMENT_PREFIX_PATH} CMAKE_PREFIX_PATH=/home/hungnb/cocarry_ws/install/motoman_resources:/opt/ros/humble /usr/bin/cmake --install /home/hungnb/cocarry_ws/build/motoman_mh50_support
[2.104s] Level 1:colcon.colcon_core.shell:create_environment_hook('motoman_mh50_support', 'cmake_prefix_path')
[2.104s] INFO:colcon.colcon_core.shell:Creating environment hook '/home/hungnb/cocarry_ws/install/motoman_mh50_support/share/motoman_mh50_support/hook/cmake_prefix_path.ps1'
[2.105s] INFO:colcon.colcon_core.shell:Creating environment descriptor '/home/hungnb/cocarry_ws/install/motoman_mh50_support/share/motoman_mh50_support/hook/cmake_prefix_path.dsv'
[2.105s] INFO:colcon.colcon_core.shell:Creating environment hook '/home/hungnb/cocarry_ws/install/motoman_mh50_support/share/motoman_mh50_support/hook/cmake_prefix_path.sh'
[2.105s] Level 1:colcon.colcon_core.environment:checking '/home/hungnb/cocarry_ws/install/motoman_mh50_support/bin'
[2.105s] Level 1:colcon.colcon_core.environment:checking '/home/hungnb/cocarry_ws/install/motoman_mh50_support/lib/pkgconfig/motoman_mh50_support.pc'
[2.106s] Level 1:colcon.colcon_core.environment:checking '/home/hungnb/cocarry_ws/install/motoman_mh50_support/lib/python3.10/site-packages'
[2.106s] Level 1:colcon.colcon_core.environment:checking '/home/hungnb/cocarry_ws/install/motoman_mh50_support/bin'
[2.106s] INFO:colcon.colcon_core.shell:Creating package script '/home/hungnb/cocarry_ws/install/motoman_mh50_support/share/motoman_mh50_support/package.ps1'
[2.106s] INFO:colcon.colcon_core.shell:Creating package descriptor '/home/hungnb/cocarry_ws/install/motoman_mh50_support/share/motoman_mh50_support/package.dsv'
[2.107s] INFO:colcon.colcon_core.shell:Creating package script '/home/hungnb/cocarry_ws/install/motoman_mh50_support/share/motoman_mh50_support/package.sh'
[2.107s] INFO:colcon.colcon_core.shell:Creating package script '/home/hungnb/cocarry_ws/install/motoman_mh50_support/share/motoman_mh50_support/package.bash'
[2.107s] INFO:colcon.colcon_core.shell:Creating package script '/home/hungnb/cocarry_ws/install/motoman_mh50_support/share/motoman_mh50_support/package.zsh'
[2.108s] Level 1:colcon.colcon_core.environment:create_file_with_runtime_dependencies(/home/hungnb/cocarry_ws/install/motoman_mh50_support/share/colcon-core/packages/motoman_mh50_support)
[2.108s] Level 1:colcon.colcon_core.environment:create_environment_scripts_only(motoman_mh50_support)
[2.108s] Level 1:colcon.colcon_core.environment:checking '/home/hungnb/cocarry_ws/install/motoman_mh50_support' for CMake module files
[2.109s] Level 1:colcon.colcon_core.environment:checking '/home/hungnb/cocarry_ws/install/motoman_mh50_support' for CMake config files
[2.109s] Level 1:colcon.colcon_core.shell:create_environment_hook('motoman_mh50_support', 'cmake_prefix_path')
[2.109s] INFO:colcon.colcon_core.shell:Creating environment hook '/home/hungnb/cocarry_ws/install/motoman_mh50_support/share/motoman_mh50_support/hook/cmake_prefix_path.ps1'
[2.110s] INFO:colcon.colcon_core.shell:Creating environment descriptor '/home/hungnb/cocarry_ws/install/motoman_mh50_support/share/motoman_mh50_support/hook/cmake_prefix_path.dsv'
[2.110s] INFO:colcon.colcon_core.shell:Creating environment hook '/home/hungnb/cocarry_ws/install/motoman_mh50_support/share/motoman_mh50_support/hook/cmake_prefix_path.sh'
[2.110s] Level 1:colcon.colcon_core.environment:checking '/home/hungnb/cocarry_ws/install/motoman_mh50_support/bin'
[2.110s] Level 1:colcon.colcon_core.environment:checking '/home/hungnb/cocarry_ws/install/motoman_mh50_support/lib/pkgconfig/motoman_mh50_support.pc'
[2.110s] Level 1:colcon.colcon_core.environment:checking '/home/hungnb/cocarry_ws/install/motoman_mh50_support/lib/python3.10/site-packages'
[2.111s] Level 1:colcon.colcon_core.environment:checking '/home/hungnb/cocarry_ws/install/motoman_mh50_support/bin'
[2.111s] INFO:colcon.colcon_core.shell:Creating package script '/home/hungnb/cocarry_ws/install/motoman_mh50_support/share/motoman_mh50_support/package.ps1'
[2.112s] INFO:colcon.colcon_core.shell:Creating package descriptor '/home/hungnb/cocarry_ws/install/motoman_mh50_support/share/motoman_mh50_support/package.dsv'
[2.112s] INFO:colcon.colcon_core.shell:Creating package script '/home/hungnb/cocarry_ws/install/motoman_mh50_support/share/motoman_mh50_support/package.sh'
[2.112s] INFO:colcon.colcon_core.shell:Creating package script '/home/hungnb/cocarry_ws/install/motoman_mh50_support/share/motoman_mh50_support/package.bash'
[2.113s] INFO:colcon.colcon_core.shell:Creating package script '/home/hungnb/cocarry_ws/install/motoman_mh50_support/share/motoman_mh50_support/package.zsh'
[2.113s] Level 1:colcon.colcon_core.environment:create_file_with_runtime_dependencies(/home/hungnb/cocarry_ws/install/motoman_mh50_support/share/colcon-core/packages/motoman_mh50_support)
[2.113s] INFO:colcon.colcon_ros.task.ament_cmake.build:Building ROS package in '/home/hungnb/cocarry_ws/src/hc10dtp_moveit_config' with build type 'ament_cmake'
[2.113s] INFO:colcon.colcon_cmake.task.cmake.build:Building CMake package in '/home/hungnb/cocarry_ws/src/hc10dtp_moveit_config'
[2.113s] INFO:colcon.colcon_core.shell:Skip shell extension 'powershell' for command environment: Not usable outside of PowerShell
[2.114s] DEBUG:colcon.colcon_core.shell:Skip shell extension 'dsv' for command environment
[2.117s] INFO:colcon.colcon_ros.task.ament_cmake.build:Building ROS package in '/home/hungnb/cocarry_ws/src/motoman_ros2_support_packages/motoman_sia10f_support' with build type 'ament_cmake'
[2.117s] INFO:colcon.colcon_cmake.task.cmake.build:Building CMake package in '/home/hungnb/cocarry_ws/src/motoman_ros2_support_packages/motoman_sia10f_support'
[2.117s] INFO:colcon.colcon_core.shell:Skip shell extension 'powershell' for command environment: Not usable outside of PowerShell
[2.117s] DEBUG:colcon.colcon_core.shell:Skip shell extension 'dsv' for command environment
[2.121s] INFO:colcon.colcon_ros.task.ament_cmake.build:Building ROS package in '/home/hungnb/cocarry_ws/src/motoman_ros2_support_packages/motoman_sia20d_support' with build type 'ament_cmake'
[2.121s] INFO:colcon.colcon_cmake.task.cmake.build:Building CMake package in '/home/hungnb/cocarry_ws/src/motoman_ros2_support_packages/motoman_sia20d_support'
[2.122s] INFO:colcon.colcon_core.shell:Skip shell extension 'powershell' for command environment: Not usable outside of PowerShell
[2.122s] DEBUG:colcon.colcon_core.shell:Skip shell extension 'dsv' for command environment
[2.127s] INFO:colcon.colcon_ros.task.ament_cmake.build:Building ROS package in '/home/hungnb/cocarry_ws/src/motoman_ros2_support_packages/motoman_sia30d_support' with build type 'ament_cmake'
[2.127s] INFO:colcon.colcon_cmake.task.cmake.build:Building CMake package in '/home/hungnb/cocarry_ws/src/motoman_ros2_support_packages/motoman_sia30d_support'
[2.127s] INFO:colcon.colcon_core.shell:Skip shell extension 'powershell' for command environment: Not usable outside of PowerShell
[2.127s] DEBUG:colcon.colcon_core.shell:Skip shell extension 'dsv' for command environment
[2.133s] DEBUG:colcon.colcon_core.event_handler.log_command:Invoking command in '/home/hungnb/cocarry_ws/build/motoman_mpx1950_support': AMENT_PREFIX_PATH=/home/hungnb/cocarry_ws/install/motoman_resources:${AMENT_PREFIX_PATH} CMAKE_PREFIX_PATH=/home/hungnb/cocarry_ws/install/motoman_resources:/opt/ros/humble /usr/bin/cmake /home/hungnb/cocarry_ws/src/motoman_ros2_support_packages/motoman_mpx1950_support -DCMAKE_INSTALL_PREFIX=/home/hungnb/cocarry_ws/install/motoman_mpx1950_support
[2.135s] DEBUG:colcon.colcon_core.event_handler.log_command:Invoking command in '/home/hungnb/cocarry_ws/build/motoman_ms210_support': AMENT_PREFIX_PATH=/home/hungnb/cocarry_ws/install/motoman_resources:${AMENT_PREFIX_PATH} CMAKE_PREFIX_PATH=/home/hungnb/cocarry_ws/install/motoman_resources:/opt/ros/humble /usr/bin/cmake /home/hungnb/cocarry_ws/src/motoman_ros2_support_packages/motoman_ms210_support -DCMAKE_INSTALL_PREFIX=/home/hungnb/cocarry_ws/install/motoman_ms210_support
[2.138s] Level 1:colcon.colcon_core.environment:create_environment_scripts_only(motoman_mh5_support)
[2.138s] Level 1:colcon.colcon_core.environment:checking '/home/hungnb/cocarry_ws/install/motoman_mh5_support' for CMake module files
[2.139s] DEBUG:colcon.colcon_core.event_handler.log_command:Invoking command in '/home/hungnb/cocarry_ws/build/motoman_sda10f_support': AMENT_PREFIX_PATH=/home/hungnb/cocarry_ws/install/motoman_resources:${AMENT_PREFIX_PATH} CMAKE_PREFIX_PATH=/home/hungnb/cocarry_ws/install/motoman_resources:/opt/ros/humble /usr/bin/cmake /home/hungnb/cocarry_ws/src/motoman_ros2_support_packages/motoman_sda10f_support -DCMAKE_INSTALL_PREFIX=/home/hungnb/cocarry_ws/install/motoman_sda10f_support
[2.139s] DEBUG:colcon.colcon_core.event_handler.log_command:Invoked command in '/home/hungnb/cocarry_ws/build/motoman_mh5_support' returned '0': AMENT_PREFIX_PATH=/home/hungnb/cocarry_ws/install/motoman_resources:${AMENT_PREFIX_PATH} CMAKE_PREFIX_PATH=/home/hungnb/cocarry_ws/install/motoman_resources:/opt/ros/humble /usr/bin/cmake --install /home/hungnb/cocarry_ws/build/motoman_mh5_support
[2.139s] Level 1:colcon.colcon_core.environment:checking '/home/hungnb/cocarry_ws/install/motoman_mh5_support' for CMake config files
[2.140s] Level 1:colcon.colcon_core.shell:create_environment_hook('motoman_mh5_support', 'cmake_prefix_path')
[2.140s] INFO:colcon.colcon_core.shell:Creating environment hook '/home/hungnb/cocarry_ws/install/motoman_mh5_support/share/motoman_mh5_support/hook/cmake_prefix_path.ps1'
[2.141s] INFO:colcon.colcon_core.shell:Creating environment descriptor '/home/hungnb/cocarry_ws/install/motoman_mh5_support/share/motoman_mh5_support/hook/cmake_prefix_path.dsv'
[2.141s] INFO:colcon.colcon_core.shell:Creating environment hook '/home/hungnb/cocarry_ws/install/motoman_mh5_support/share/motoman_mh5_support/hook/cmake_prefix_path.sh'
[2.142s] Level 1:colcon.colcon_core.environment:checking '/home/hungnb/cocarry_ws/install/motoman_mh5_support/bin'
[2.142s] Level 1:colcon.colcon_core.environment:checking '/home/hungnb/cocarry_ws/install/motoman_mh5_support/lib/pkgconfig/motoman_mh5_support.pc'
[2.143s] Level 1:colcon.colcon_core.environment:checking '/home/hungnb/cocarry_ws/install/motoman_mh5_support/lib/python3.10/site-packages'
[2.143s] Level 1:colcon.colcon_core.environment:checking '/home/hungnb/cocarry_ws/install/motoman_mh5_support/bin'
[2.143s] INFO:colcon.colcon_core.shell:Creating package script '/home/hungnb/cocarry_ws/install/motoman_mh5_support/share/motoman_mh5_support/package.ps1'
[2.144s] INFO:colcon.colcon_core.shell:Creating package descriptor '/home/hungnb/cocarry_ws/install/motoman_mh5_support/share/motoman_mh5_support/package.dsv'
[2.145s] INFO:colcon.colcon_core.shell:Creating package script '/home/hungnb/cocarry_ws/install/motoman_mh5_support/share/motoman_mh5_support/package.sh'
[2.145s] INFO:colcon.colcon_core.shell:Creating package script '/home/hungnb/cocarry_ws/install/motoman_mh5_support/share/motoman_mh5_support/package.bash'
[2.146s] INFO:colcon.colcon_core.shell:Creating package script '/home/hungnb/cocarry_ws/install/motoman_mh5_support/share/motoman_mh5_support/package.zsh'
[2.146s] Level 1:colcon.colcon_core.environment:create_file_with_runtime_dependencies(/home/hungnb/cocarry_ws/install/motoman_mh5_support/share/colcon-core/packages/motoman_mh5_support)
[2.147s] Level 1:colcon.colcon_core.environment:create_environment_scripts_only(motoman_mh5_support)
[2.147s] Level 1:colcon.colcon_core.environment:checking '/home/hungnb/cocarry_ws/install/motoman_mh5_support' for CMake module files
[2.148s] Level 1:colcon.colcon_core.environment:checking '/home/hungnb/cocarry_ws/install/motoman_mh5_support' for CMake config files
[2.149s] Level 1:colcon.colcon_core.shell:create_environment_hook('motoman_mh5_support', 'cmake_prefix_path')
[2.149s] INFO:colcon.colcon_core.shell:Creating environment hook '/home/hungnb/cocarry_ws/install/motoman_mh5_support/share/motoman_mh5_support/hook/cmake_prefix_path.ps1'
[2.150s] INFO:colcon.colcon_core.shell:Creating environment descriptor '/home/hungnb/cocarry_ws/install/motoman_mh5_support/share/motoman_mh5_support/hook/cmake_prefix_path.dsv'
[2.150s] INFO:colcon.colcon_core.shell:Creating environment hook '/home/hungnb/cocarry_ws/install/motoman_mh5_support/share/motoman_mh5_support/hook/cmake_prefix_path.sh'
[2.151s] Level 1:colcon.colcon_core.environment:checking '/home/hungnb/cocarry_ws/install/motoman_mh5_support/bin'
[2.151s] Level 1:colcon.colcon_core.environment:checking '/home/hungnb/cocarry_ws/install/motoman_mh5_support/lib/pkgconfig/motoman_mh5_support.pc'
[2.151s] Level 1:colcon.colcon_core.environment:checking '/home/hungnb/cocarry_ws/install/motoman_mh5_support/lib/python3.10/site-packages'
[2.151s] Level 1:colcon.colcon_core.environment:checking '/home/hungnb/cocarry_ws/install/motoman_mh5_support/bin'
[2.152s] INFO:colcon.colcon_core.shell:Creating package script '/home/hungnb/cocarry_ws/install/motoman_mh5_support/share/motoman_mh5_support/package.ps1'
[2.153s] INFO:colcon.colcon_core.shell:Creating package descriptor '/home/hungnb/cocarry_ws/install/motoman_mh5_support/share/motoman_mh5_support/package.dsv'
[2.153s] INFO:colcon.colcon_core.shell:Creating package script '/home/hungnb/cocarry_ws/install/motoman_mh5_support/share/motoman_mh5_support/package.sh'
[2.154s] INFO:colcon.colcon_core.shell:Creating package script '/home/hungnb/cocarry_ws/install/motoman_mh5_support/share/motoman_mh5_support/package.bash'
[2.154s] INFO:colcon.colcon_core.shell:Creating package script '/home/hungnb/cocarry_ws/install/motoman_mh5_support/share/motoman_mh5_support/package.zsh'
[2.155s] Level 1:colcon.colcon_core.environment:create_file_with_runtime_dependencies(/home/hungnb/cocarry_ws/install/motoman_mh5_support/share/colcon-core/packages/motoman_mh5_support)
[2.156s] Level 1:colcon.colcon_core.environment:create_environment_scripts_only(motoman_mh12_support)
[2.156s] Level 1:colcon.colcon_core.environment:checking '/home/hungnb/cocarry_ws/install/motoman_mh12_support' for CMake module files
[2.158s] DEBUG:colcon.colcon_core.event_handler.log_command:Invoked command in '/home/hungnb/cocarry_ws/build/motoman_mh12_support' returned '0': AMENT_PREFIX_PATH=/home/hungnb/cocarry_ws/install/motoman_resources:${AMENT_PREFIX_PATH} CMAKE_PREFIX_PATH=/home/hungnb/cocarry_ws/install/motoman_resources:/opt/ros/humble /usr/bin/cmake --install /home/hungnb/cocarry_ws/build/motoman_mh12_support
[2.158s] Level 1:colcon.colcon_core.environment:checking '/home/hungnb/cocarry_ws/install/motoman_mh12_support' for CMake config files
[2.158s] Level 1:colcon.colcon_core.shell:create_environment_hook('motoman_mh12_support', 'cmake_prefix_path')
[2.159s] INFO:colcon.colcon_core.shell:Creating environment hook '/home/hungnb/cocarry_ws/install/motoman_mh12_support/share/motoman_mh12_support/hook/cmake_prefix_path.ps1'
[2.159s] INFO:colcon.colcon_core.shell:Creating environment descriptor '/home/hungnb/cocarry_ws/install/motoman_mh12_support/share/motoman_mh12_support/hook/cmake_prefix_path.dsv'
[2.160s] INFO:colcon.colcon_core.shell:Creating environment hook '/home/hungnb/cocarry_ws/install/motoman_mh12_support/share/motoman_mh12_support/hook/cmake_prefix_path.sh'
[2.160s] Level 1:colcon.colcon_core.environment:checking '/home/hungnb/cocarry_ws/install/motoman_mh12_support/bin'
[2.160s] Level 1:colcon.colcon_core.environment:checking '/home/hungnb/cocarry_ws/install/motoman_mh12_support/lib/pkgconfig/motoman_mh12_support.pc'
[2.160s] Level 1:colcon.colcon_core.environment:checking '/home/hungnb/cocarry_ws/install/motoman_mh12_support/lib/python3.10/site-packages'
[2.161s] Level 1:colcon.colcon_core.environment:checking '/home/hungnb/cocarry_ws/install/motoman_mh12_support/bin'
[2.161s] INFO:colcon.colcon_core.shell:Creating package script '/home/hungnb/cocarry_ws/install/motoman_mh12_support/share/motoman_mh12_support/package.ps1'
[2.161s] INFO:colcon.colcon_core.shell:Creating package descriptor '/home/hungnb/cocarry_ws/install/motoman_mh12_support/share/motoman_mh12_support/package.dsv'
[2.162s] INFO:colcon.colcon_core.shell:Creating package script '/home/hungnb/cocarry_ws/install/motoman_mh12_support/share/motoman_mh12_support/package.sh'
[2.162s] INFO:colcon.colcon_core.shell:Creating package script '/home/hungnb/cocarry_ws/install/motoman_mh12_support/share/motoman_mh12_support/package.bash'
[2.163s] INFO:colcon.colcon_core.shell:Creating package script '/home/hungnb/cocarry_ws/install/motoman_mh12_support/share/motoman_mh12_support/package.zsh'
[2.163s] Level 1:colcon.colcon_core.environment:create_file_with_runtime_dependencies(/home/hungnb/cocarry_ws/install/motoman_mh12_support/share/colcon-core/packages/motoman_mh12_support)
[2.164s] Level 1:colcon.colcon_core.environment:create_environment_scripts_only(motoman_mh12_support)
[2.164s] Level 1:colcon.colcon_core.environment:checking '/home/hungnb/cocarry_ws/install/motoman_mh12_support' for CMake module files
[2.164s] Level 1:colcon.colcon_core.environment:checking '/home/hungnb/cocarry_ws/install/motoman_mh12_support' for CMake config files
[2.164s] Level 1:colcon.colcon_core.shell:create_environment_hook('motoman_mh12_support', 'cmake_prefix_path')
[2.165s] INFO:colcon.colcon_core.shell:Creating environment hook '/home/hungnb/cocarry_ws/install/motoman_mh12_support/share/motoman_mh12_support/hook/cmake_prefix_path.ps1'
[2.165s] INFO:colcon.colcon_core.shell:Creating environment descriptor '/home/hungnb/cocarry_ws/install/motoman_mh12_support/share/motoman_mh12_support/hook/cmake_prefix_path.dsv'
[2.165s] INFO:colcon.colcon_core.shell:Creating environment hook '/home/hungnb/cocarry_ws/install/motoman_mh12_support/share/motoman_mh12_support/hook/cmake_prefix_path.sh'
[2.166s] Level 1:colcon.colcon_core.environment:checking '/home/hungnb/cocarry_ws/install/motoman_mh12_support/bin'
[2.166s] Level 1:colcon.colcon_core.environment:checking '/home/hungnb/cocarry_ws/install/motoman_mh12_support/lib/pkgconfig/motoman_mh12_support.pc'
[2.166s] Level 1:colcon.colcon_core.environment:checking '/home/hungnb/cocarry_ws/install/motoman_mh12_support/lib/python3.10/site-packages'
[2.166s] Level 1:colcon.colcon_core.environment:checking '/home/hungnb/cocarry_ws/install/motoman_mh12_support/bin'
[2.167s] INFO:colcon.colcon_core.shell:Creating package script '/home/hungnb/cocarry_ws/install/motoman_mh12_support/share/motoman_mh12_support/package.ps1'
[2.168s] INFO:colcon.colcon_core.shell:Creating package descriptor '/home/hungnb/cocarry_ws/install/motoman_mh12_support/share/motoman_mh12_support/package.dsv'
[2.168s] INFO:colcon.colcon_core.shell:Creating package script '/home/hungnb/cocarry_ws/install/motoman_mh12_support/share/motoman_mh12_support/package.sh'
[2.169s] INFO:colcon.colcon_core.shell:Creating package script '/home/hungnb/cocarry_ws/install/motoman_mh12_support/share/motoman_mh12_support/package.bash'
[2.169s] INFO:colcon.colcon_core.shell:Creating package script '/home/hungnb/cocarry_ws/install/motoman_mh12_support/share/motoman_mh12_support/package.zsh'
[2.170s] Level 1:colcon.colcon_core.environment:create_file_with_runtime_dependencies(/home/hungnb/cocarry_ws/install/motoman_mh12_support/share/colcon-core/packages/motoman_mh12_support)
[2.172s] INFO:colcon.colcon_ros.task.ament_cmake.build:Building ROS package in '/home/hungnb/cocarry_ws/src/motoman_ros2_support_packages/motoman_sia50_support' with build type 'ament_cmake'
[2.172s] INFO:colcon.colcon_cmake.task.cmake.build:Building CMake package in '/home/hungnb/cocarry_ws/src/motoman_ros2_support_packages/motoman_sia50_support'
[2.172s] INFO:colcon.colcon_core.shell:Skip shell extension 'powershell' for command environment: Not usable outside of PowerShell
[2.172s] DEBUG:colcon.colcon_core.shell:Skip shell extension 'dsv' for command environment
[2.177s] INFO:colcon.colcon_ros.task.ament_cmake.build:Building ROS package in '/home/hungnb/cocarry_ws/src/motoman_ros2_support_packages/motoman_sia5d_support' with build type 'ament_cmake'
[2.177s] INFO:colcon.colcon_cmake.task.cmake.build:Building CMake package in '/home/hungnb/cocarry_ws/src/motoman_ros2_support_packages/motoman_sia5d_support'
[2.178s] INFO:colcon.colcon_core.shell:Skip shell extension 'powershell' for command environment: Not usable outside of PowerShell
[2.178s] DEBUG:colcon.colcon_core.shell:Skip shell extension 'dsv' for command environment
[2.186s] DEBUG:colcon.colcon_core.event_handler.log_command:Invoking command in '/home/hungnb/cocarry_ws/build/motoman_sia10d_support': AMENT_PREFIX_PATH=/home/hungnb/cocarry_ws/install/motoman_resources:${AMENT_PREFIX_PATH} CMAKE_PREFIX_PATH=/home/hungnb/cocarry_ws/install/motoman_resources:/opt/ros/humble /usr/bin/cmake /home/hungnb/cocarry_ws/src/motoman_ros2_support_packages/motoman_sia10d_support -DCMAKE_INSTALL_PREFIX=/home/hungnb/cocarry_ws/install/motoman_sia10d_support
[2.191s] DEBUG:colcon.colcon_core.event_handler.log_command:Invoking command in '/home/hungnb/cocarry_ws/build/hc10dtp_moveit_config': AMENT_PREFIX_PATH=/home/hungnb/cocarry_ws/install/motoman_hc10dtp_support:/home/hungnb/cocarry_ws/install/motoman_hc10_support:/home/hungnb/cocarry_ws/install/motoman_resources:${AMENT_PREFIX_PATH} CMAKE_PREFIX_PATH=/home/hungnb/cocarry_ws/install/motoman_hc10dtp_support:/home/hungnb/cocarry_ws/install/motoman_hc10_support:/home/hungnb/cocarry_ws/install/motoman_resources:/opt/ros/humble /usr/bin/cmake /home/hungnb/cocarry_ws/src/hc10dtp_moveit_config -DCMAKE_INSTALL_PREFIX=/home/hungnb/cocarry_ws/install/hc10dtp_moveit_config
[2.195s] DEBUG:colcon.colcon_core.event_handler.log_command:Invoking command in '/home/hungnb/cocarry_ws/build/motoman_sia10f_support': AMENT_PREFIX_PATH=/home/hungnb/cocarry_ws/install/motoman_resources:${AMENT_PREFIX_PATH} CMAKE_PREFIX_PATH=/home/hungnb/cocarry_ws/install/motoman_resources:/opt/ros/humble /usr/bin/cmake /home/hungnb/cocarry_ws/src/motoman_ros2_support_packages/motoman_sia10f_support -DCMAKE_INSTALL_PREFIX=/home/hungnb/cocarry_ws/install/motoman_sia10f_support
[2.199s] DEBUG:colcon.colcon_core.event_handler.log_command:Invoked command in '/home/hungnb/cocarry_ws/build/motoros2_interfaces' returned '0': CMAKE_PREFIX_PATH=/opt/ros/humble /usr/bin/cmake /home/hungnb/cocarry_ws/src/motoros2_interfaces -DCMAKE_INSTALL_PREFIX=/home/hungnb/cocarry_ws/install/motoros2_interfaces
[2.200s] DEBUG:colcon.colcon_core.event_handler.log_command:Invoking command in '/home/hungnb/cocarry_ws/build/motoros2_interfaces': CMAKE_PREFIX_PATH=/opt/ros/humble /usr/bin/cmake --build /home/hungnb/cocarry_ws/build/motoros2_interfaces -- -j16 -l16
[2.204s] DEBUG:colcon.colcon_core.event_handler.log_command:Invoking command in '/home/hungnb/cocarry_ws/build/motoman_sia20d_support': AMENT_PREFIX_PATH=/home/hungnb/cocarry_ws/install/motoman_resources:${AMENT_PREFIX_PATH} CMAKE_PREFIX_PATH=/home/hungnb/cocarry_ws/install/motoman_resources:/opt/ros/humble /usr/bin/cmake /home/hungnb/cocarry_ws/src/motoman_ros2_support_packages/motoman_sia20d_support -DCMAKE_INSTALL_PREFIX=/home/hungnb/cocarry_ws/install/motoman_sia20d_support
[2.210s] DEBUG:colcon.colcon_core.event_handler.log_command:Invoking command in '/home/hungnb/cocarry_ws/build/motoman_sia30d_support': AMENT_PREFIX_PATH=/home/hungnb/cocarry_ws/install/motoman_resources:${AMENT_PREFIX_PATH} CMAKE_PREFIX_PATH=/home/hungnb/cocarry_ws/install/motoman_resources:/opt/ros/humble /usr/bin/cmake /home/hungnb/cocarry_ws/src/motoman_ros2_support_packages/motoman_sia30d_support -DCMAKE_INSTALL_PREFIX=/home/hungnb/cocarry_ws/install/motoman_sia30d_support
[2.217s] DEBUG:colcon.colcon_core.event_handler.log_command:Invoked command in '/home/hungnb/cocarry_ws/build/human_hand_msgs' returned '0': /usr/bin/cmake --build /home/hungnb/cocarry_ws/build/human_hand_msgs -- -j16 -l16
[2.221s] DEBUG:colcon.colcon_core.event_handler.log_command:Invoking command in '/home/hungnb/cocarry_ws/build/human_hand_msgs': /usr/bin/cmake --install /home/hungnb/cocarry_ws/build/human_hand_msgs
[2.229s] DEBUG:colcon.colcon_core.event_handler.log_command:Invoking command in '/home/hungnb/cocarry_ws/build/motoman_sia50_support': AMENT_PREFIX_PATH=/home/hungnb/cocarry_ws/install/motoman_resources:${AMENT_PREFIX_PATH} CMAKE_PREFIX_PATH=/home/hungnb/cocarry_ws/install/motoman_resources:/opt/ros/humble /usr/bin/cmake /home/hungnb/cocarry_ws/src/motoman_ros2_support_packages/motoman_sia50_support -DCMAKE_INSTALL_PREFIX=/home/hungnb/cocarry_ws/install/motoman_sia50_support
[2.237s] DEBUG:colcon.colcon_core.event_handler.log_command:Invoking command in '/home/hungnb/cocarry_ws/build/motoman_sia5d_support': AMENT_PREFIX_PATH=/home/hungnb/cocarry_ws/install/motoman_resources:${AMENT_PREFIX_PATH} CMAKE_PREFIX_PATH=/home/hungnb/cocarry_ws/install/motoman_resources:/opt/ros/humble /usr/bin/cmake /home/hungnb/cocarry_ws/src/motoman_ros2_support_packages/motoman_sia5d_support -DCMAKE_INSTALL_PREFIX=/home/hungnb/cocarry_ws/install/motoman_sia5d_support
[2.246s] DEBUG:colcon.colcon_core.event_handler.log_command:Invoked command in '/home/hungnb/cocarry_ws/build/kinect2_bridge' returned '0': AMENT_PREFIX_PATH=/home/hungnb/cocarry_ws/install/kinect2_registration:${AMENT_PREFIX_PATH} CMAKE_PREFIX_PATH=/home/hungnb/cocarry_ws/install/kinect2_registration:/opt/ros/humble LD_LIBRARY_PATH=/home/hungnb/cocarry_ws/install/kinect2_registration/lib:${LD_LIBRARY_PATH} /usr/bin/cmake /home/hungnb/cocarry_ws/src/kinect2_ros2/kinect2_bridge -DCMAKE_INSTALL_PREFIX=/home/hungnb/cocarry_ws/install/kinect2_bridge
[2.247s] DEBUG:colcon.colcon_core.event_handler.log_command:Invoking command in '/home/hungnb/cocarry_ws/build/kinect2_bridge': AMENT_PREFIX_PATH=/home/hungnb/cocarry_ws/install/kinect2_registration:${AMENT_PREFIX_PATH} CMAKE_PREFIX_PATH=/home/hungnb/cocarry_ws/install/kinect2_registration:/opt/ros/humble LD_LIBRARY_PATH=/home/hungnb/cocarry_ws/install/kinect2_registration/lib:${LD_LIBRARY_PATH} /usr/bin/cmake --build /home/hungnb/cocarry_ws/build/kinect2_bridge -- -j16 -l16
[2.312s] DEBUG:colcon.colcon_core.event_handler.log_command:Invoked command in '/home/hungnb/cocarry_ws/build/motoman_motomini_support' returned '0': AMENT_PREFIX_PATH=/home/hungnb/cocarry_ws/install/motoman_resources:${AMENT_PREFIX_PATH} CMAKE_PREFIX_PATH=/home/hungnb/cocarry_ws/install/motoman_resources:/opt/ros/humble /usr/bin/cmake /home/hungnb/cocarry_ws/src/motoman_ros2_support_packages/motoman_motomini_support -DCMAKE_INSTALL_PREFIX=/home/hungnb/cocarry_ws/install/motoman_motomini_support
[2.320s] DEBUG:colcon.colcon_core.event_handler.log_command:Invoking command in '/home/hungnb/cocarry_ws/build/motoman_motomini_support': AMENT_PREFIX_PATH=/home/hungnb/cocarry_ws/install/motoman_resources:${AMENT_PREFIX_PATH} CMAKE_PREFIX_PATH=/home/hungnb/cocarry_ws/install/motoman_resources:/opt/ros/humble /usr/bin/cmake --build /home/hungnb/cocarry_ws/build/motoman_motomini_support -- -j16 -l16
[2.349s] DEBUG:colcon.colcon_core.event_handler.log_command:Invoked command in '/home/hungnb/cocarry_ws/build/motoman_motopos_mh1655_support' returned '0': AMENT_PREFIX_PATH=/home/hungnb/cocarry_ws/install/motoman_resources:${AMENT_PREFIX_PATH} CMAKE_PREFIX_PATH=/home/hungnb/cocarry_ws/install/motoman_resources:/opt/ros/humble /usr/bin/cmake /home/hungnb/cocarry_ws/src/motoman_ros2_support_packages/motoman_motopos_mh1655_support -DCMAKE_INSTALL_PREFIX=/home/hungnb/cocarry_ws/install/motoman_motopos_mh1655_support
[2.351s] DEBUG:colcon.colcon_core.event_handler.log_command:Invoking command in '/home/hungnb/cocarry_ws/build/motoman_motopos_mh1655_support': AMENT_PREFIX_PATH=/home/hungnb/cocarry_ws/install/motoman_resources:${AMENT_PREFIX_PATH} CMAKE_PREFIX_PATH=/home/hungnb/cocarry_ws/install/motoman_resources:/opt/ros/humble /usr/bin/cmake --build /home/hungnb/cocarry_ws/build/motoman_motopos_mh1655_support -- -j16 -l16
[2.364s] DEBUG:colcon.colcon_core.event_handler.log_command:Invoked command in '/home/hungnb/cocarry_ws/build/motoman_motopos_d500_support' returned '0': AMENT_PREFIX_PATH=/home/hungnb/cocarry_ws/install/motoman_resources:${AMENT_PREFIX_PATH} CMAKE_PREFIX_PATH=/home/hungnb/cocarry_ws/install/motoman_resources:/opt/ros/humble /usr/bin/cmake /home/hungnb/cocarry_ws/src/motoman_ros2_support_packages/motoman_motopos_d500_support -DCMAKE_INSTALL_PREFIX=/home/hungnb/cocarry_ws/install/motoman_motopos_d500_support
[2.391s] DEBUG:colcon.colcon_core.event_handler.log_command:Invoking command in '/home/hungnb/cocarry_ws/build/motoman_motopos_d500_support': AMENT_PREFIX_PATH=/home/hungnb/cocarry_ws/install/motoman_resources:${AMENT_PREFIX_PATH} CMAKE_PREFIX_PATH=/home/hungnb/cocarry_ws/install/motoman_resources:/opt/ros/humble /usr/bin/cmake --build /home/hungnb/cocarry_ws/build/motoman_motopos_d500_support -- -j16 -l16
[2.432s] DEBUG:colcon.colcon_core.event_handler.log_command:Invoked command in '/home/hungnb/cocarry_ws/build/motoman_mpx1950_support' returned '0': AMENT_PREFIX_PATH=/home/hungnb/cocarry_ws/install/motoman_resources:${AMENT_PREFIX_PATH} CMAKE_PREFIX_PATH=/home/hungnb/cocarry_ws/install/motoman_resources:/opt/ros/humble /usr/bin/cmake /home/hungnb/cocarry_ws/src/motoman_ros2_support_packages/motoman_mpx1950_support -DCMAKE_INSTALL_PREFIX=/home/hungnb/cocarry_ws/install/motoman_mpx1950_support
[2.435s] DEBUG:colcon.colcon_core.event_handler.log_command:Invoking command in '/home/hungnb/cocarry_ws/build/motoman_mpx1950_support': AMENT_PREFIX_PATH=/home/hungnb/cocarry_ws/install/motoman_resources:${AMENT_PREFIX_PATH} CMAKE_PREFIX_PATH=/home/hungnb/cocarry_ws/install/motoman_resources:/opt/ros/humble /usr/bin/cmake --build /home/hungnb/cocarry_ws/build/motoman_mpx1950_support -- -j16 -l16
[2.447s] DEBUG:colcon.colcon_core.event_handler.log_command:Invoked command in '/home/hungnb/cocarry_ws/build/motoman_ms210_support' returned '0': AMENT_PREFIX_PATH=/home/hungnb/cocarry_ws/install/motoman_resources:${AMENT_PREFIX_PATH} CMAKE_PREFIX_PATH=/home/hungnb/cocarry_ws/install/motoman_resources:/opt/ros/humble /usr/bin/cmake /home/hungnb/cocarry_ws/src/motoman_ros2_support_packages/motoman_ms210_support -DCMAKE_INSTALL_PREFIX=/home/hungnb/cocarry_ws/install/motoman_ms210_support
[2.448s] DEBUG:colcon.colcon_core.event_handler.log_command:Invoking command in '/home/hungnb/cocarry_ws/build/motoman_ms210_support': AMENT_PREFIX_PATH=/home/hungnb/cocarry_ws/install/motoman_resources:${AMENT_PREFIX_PATH} CMAKE_PREFIX_PATH=/home/hungnb/cocarry_ws/install/motoman_resources:/opt/ros/humble /usr/bin/cmake --build /home/hungnb/cocarry_ws/build/motoman_ms210_support -- -j16 -l16
[2.473s] DEBUG:colcon.colcon_core.event_handler.log_command:Invoked command in '/home/hungnb/cocarry_ws/build/motoman_sda10f_support' returned '0': AMENT_PREFIX_PATH=/home/hungnb/cocarry_ws/install/motoman_resources:${AMENT_PREFIX_PATH} CMAKE_PREFIX_PATH=/home/hungnb/cocarry_ws/install/motoman_resources:/opt/ros/humble /usr/bin/cmake /home/hungnb/cocarry_ws/src/motoman_ros2_support_packages/motoman_sda10f_support -DCMAKE_INSTALL_PREFIX=/home/hungnb/cocarry_ws/install/motoman_sda10f_support
[2.474s] DEBUG:colcon.colcon_core.event_handler.log_command:Invoking command in '/home/hungnb/cocarry_ws/build/motoman_sda10f_support': AMENT_PREFIX_PATH=/home/hungnb/cocarry_ws/install/motoman_resources:${AMENT_PREFIX_PATH} CMAKE_PREFIX_PATH=/home/hungnb/cocarry_ws/install/motoman_resources:/opt/ros/humble /usr/bin/cmake --build /home/hungnb/cocarry_ws/build/motoman_sda10f_support -- -j16 -l16
[2.475s] DEBUG:colcon.colcon_core.event_handler.log_command:Invoked command in '/home/hungnb/cocarry_ws/build/kinect2_bridge' returned '0': AMENT_PREFIX_PATH=/home/hungnb/cocarry_ws/install/kinect2_registration:${AMENT_PREFIX_PATH} CMAKE_PREFIX_PATH=/home/hungnb/cocarry_ws/install/kinect2_registration:/opt/ros/humble LD_LIBRARY_PATH=/home/hungnb/cocarry_ws/install/kinect2_registration/lib:${LD_LIBRARY_PATH} /usr/bin/cmake --build /home/hungnb/cocarry_ws/build/kinect2_bridge -- -j16 -l16
[2.477s] DEBUG:colcon.colcon_core.event_handler.log_command:Invoking command in '/home/hungnb/cocarry_ws/build/kinect2_bridge': AMENT_PREFIX_PATH=/home/hungnb/cocarry_ws/install/kinect2_registration:${AMENT_PREFIX_PATH} CMAKE_PREFIX_PATH=/home/hungnb/cocarry_ws/install/kinect2_registration:/opt/ros/humble LD_LIBRARY_PATH=/home/hungnb/cocarry_ws/install/kinect2_registration/lib:${LD_LIBRARY_PATH} /usr/bin/cmake --install /home/hungnb/cocarry_ws/build/kinect2_bridge
[2.478s] DEBUG:colcon.colcon_core.event_handler.log_command:Invoked command in '/home/hungnb/cocarry_ws/build/motoman_motomini_support' returned '0': AMENT_PREFIX_PATH=/home/hungnb/cocarry_ws/install/motoman_resources:${AMENT_PREFIX_PATH} CMAKE_PREFIX_PATH=/home/hungnb/cocarry_ws/install/motoman_resources:/opt/ros/humble /usr/bin/cmake --build /home/hungnb/cocarry_ws/build/motoman_motomini_support -- -j16 -l16
[2.478s] DEBUG:colcon.colcon_core.event_handler.log_command:Invoking command in '/home/hungnb/cocarry_ws/build/motoman_motomini_support': AMENT_PREFIX_PATH=/home/hungnb/cocarry_ws/install/motoman_resources:${AMENT_PREFIX_PATH} CMAKE_PREFIX_PATH=/home/hungnb/cocarry_ws/install/motoman_resources:/opt/ros/humble /usr/bin/cmake --install /home/hungnb/cocarry_ws/build/motoman_motomini_support
[2.479s] DEBUG:colcon.colcon_core.event_handler.log_command:Invoked command in '/home/hungnb/cocarry_ws/build/motoman_motopos_mh1655_support' returned '0': AMENT_PREFIX_PATH=/home/hungnb/cocarry_ws/install/motoman_resources:${AMENT_PREFIX_PATH} CMAKE_PREFIX_PATH=/home/hungnb/cocarry_ws/install/motoman_resources:/opt/ros/humble /usr/bin/cmake --build /home/hungnb/cocarry_ws/build/motoman_motopos_mh1655_support -- -j16 -l16
[2.485s] DEBUG:colcon.colcon_core.event_handler.log_command:Invoking command in '/home/hungnb/cocarry_ws/build/motoman_motopos_mh1655_support': AMENT_PREFIX_PATH=/home/hungnb/cocarry_ws/install/motoman_resources:${AMENT_PREFIX_PATH} CMAKE_PREFIX_PATH=/home/hungnb/cocarry_ws/install/motoman_resources:/opt/ros/humble /usr/bin/cmake --install /home/hungnb/cocarry_ws/build/motoman_motopos_mh1655_support
[2.488s] DEBUG:colcon.colcon_core.event_handler.log_command:Invoked command in '/home/hungnb/cocarry_ws/build/motoman_motopos_d500_support' returned '0': AMENT_PREFIX_PATH=/home/hungnb/cocarry_ws/install/motoman_resources:${AMENT_PREFIX_PATH} CMAKE_PREFIX_PATH=/home/hungnb/cocarry_ws/install/motoman_resources:/opt/ros/humble /usr/bin/cmake --build /home/hungnb/cocarry_ws/build/motoman_motopos_d500_support -- -j16 -l16
[2.495s] DEBUG:colcon.colcon_core.event_handler.log_command:Invoking command in '/home/hungnb/cocarry_ws/build/motoman_motopos_d500_support': AMENT_PREFIX_PATH=/home/hungnb/cocarry_ws/install/motoman_resources:${AMENT_PREFIX_PATH} CMAKE_PREFIX_PATH=/home/hungnb/cocarry_ws/install/motoman_resources:/opt/ros/humble /usr/bin/cmake --install /home/hungnb/cocarry_ws/build/motoman_motopos_d500_support
[2.500s] Level 1:colcon.colcon_core.shell:create_environment_hook('human_hand_msgs', 'ros_package_path')
[2.500s] INFO:colcon.colcon_core.shell:Creating environment hook '/home/hungnb/cocarry_ws/install/human_hand_msgs/share/human_hand_msgs/hook/ros_package_path.ps1'
[2.502s] INFO:colcon.colcon_core.shell:Creating environment descriptor '/home/hungnb/cocarry_ws/install/human_hand_msgs/share/human_hand_msgs/hook/ros_package_path.dsv'
[2.503s] DEBUG:colcon.colcon_core.event_handler.log_command:Invoked command in '/home/hungnb/cocarry_ws/build/human_hand_msgs' returned '0': /usr/bin/cmake --install /home/hungnb/cocarry_ws/build/human_hand_msgs
[2.508s] INFO:colcon.colcon_core.shell:Creating environment hook '/home/hungnb/cocarry_ws/install/human_hand_msgs/share/human_hand_msgs/hook/ros_package_path.sh'
[2.509s] Level 1:colcon.colcon_ros.task.catkin:checking '/home/hungnb/cocarry_ws/install/human_hand_msgs/local/lib/python3.10/dist-packages'
[2.510s] Level 1:colcon.colcon_core.shell:create_environment_hook('human_hand_msgs', 'catkin_pythonpath')
[2.510s] INFO:colcon.colcon_core.shell:Creating environment hook '/home/hungnb/cocarry_ws/install/human_hand_msgs/share/human_hand_msgs/hook/catkin_pythonpath.ps1'
[2.511s] INFO:colcon.colcon_core.shell:Creating environment descriptor '/home/hungnb/cocarry_ws/install/human_hand_msgs/share/human_hand_msgs/hook/catkin_pythonpath.dsv'
[2.512s] INFO:colcon.colcon_core.shell:Creating environment hook '/home/hungnb/cocarry_ws/install/human_hand_msgs/share/human_hand_msgs/hook/catkin_pythonpath.sh'
[2.512s] Level 1:colcon.colcon_core.shell:create_environment_hook('human_hand_msgs', 'pkg_config_path')
[2.513s] INFO:colcon.colcon_core.shell:Creating environment hook '/home/hungnb/cocarry_ws/install/human_hand_msgs/share/human_hand_msgs/hook/pkg_config_path.ps1'
[2.514s] INFO:colcon.colcon_core.shell:Creating environment descriptor '/home/hungnb/cocarry_ws/install/human_hand_msgs/share/human_hand_msgs/hook/pkg_config_path.dsv'
[2.514s] INFO:colcon.colcon_core.shell:Creating environment hook '/home/hungnb/cocarry_ws/install/human_hand_msgs/share/human_hand_msgs/hook/pkg_config_path.sh'
[2.518s] Level 1:colcon.colcon_core.shell:create_environment_hook('human_hand_msgs', 'pkg_config_path_multiarch')
[2.519s] INFO:colcon.colcon_core.shell:Creating environment hook '/home/hungnb/cocarry_ws/install/human_hand_msgs/share/human_hand_msgs/hook/pkg_config_path_multiarch.ps1'
[2.519s] INFO:colcon.colcon_core.shell:Creating environment descriptor '/home/hungnb/cocarry_ws/install/human_hand_msgs/share/human_hand_msgs/hook/pkg_config_path_multiarch.dsv'
[2.520s] INFO:colcon.colcon_core.shell:Creating environment hook '/home/hungnb/cocarry_ws/install/human_hand_msgs/share/human_hand_msgs/hook/pkg_config_path_multiarch.sh'
[2.521s] Level 1:colcon.colcon_core.environment:create_environment_scripts_only(human_hand_msgs)
[2.521s] Level 1:colcon.colcon_core.environment:checking '/home/hungnb/cocarry_ws/install/human_hand_msgs' for CMake module files
[2.522s] Level 1:colcon.colcon_core.environment:checking '/home/hungnb/cocarry_ws/install/human_hand_msgs' for CMake config files
[2.522s] Level 1:colcon.colcon_core.shell:create_environment_hook('human_hand_msgs', 'cmake_prefix_path')
[2.522s] INFO:colcon.colcon_core.shell:Creating environment hook '/home/hungnb/cocarry_ws/install/human_hand_msgs/share/human_hand_msgs/hook/cmake_prefix_path.ps1'
[2.523s] INFO:colcon.colcon_core.shell:Creating environment descriptor '/home/hungnb/cocarry_ws/install/human_hand_msgs/share/human_hand_msgs/hook/cmake_prefix_path.dsv'
[2.523s] INFO:colcon.colcon_core.shell:Creating environment hook '/home/hungnb/cocarry_ws/install/human_hand_msgs/share/human_hand_msgs/hook/cmake_prefix_path.sh'
[2.524s] Level 1:colcon.colcon_core.environment:checking '/home/hungnb/cocarry_ws/install/human_hand_msgs/lib'
[2.524s] Level 1:colcon.colcon_core.shell:create_environment_hook('human_hand_msgs', 'ld_library_path_lib')
[2.524s] INFO:colcon.colcon_core.shell:Creating environment hook '/home/hungnb/cocarry_ws/install/human_hand_msgs/share/human_hand_msgs/hook/ld_library_path_lib.ps1'
[2.524s] INFO:colcon.colcon_core.shell:Creating environment descriptor '/home/hungnb/cocarry_ws/install/human_hand_msgs/share/human_hand_msgs/hook/ld_library_path_lib.dsv'
[2.525s] INFO:colcon.colcon_core.shell:Creating environment hook '/home/hungnb/cocarry_ws/install/human_hand_msgs/share/human_hand_msgs/hook/ld_library_path_lib.sh'
[2.525s] Level 1:colcon.colcon_core.environment:checking '/home/hungnb/cocarry_ws/install/human_hand_msgs/bin'
[2.525s] Level 1:colcon.colcon_core.environment:checking '/home/hungnb/cocarry_ws/install/human_hand_msgs/lib/pkgconfig/human_hand_msgs.pc'
[2.525s] Level 1:colcon.colcon_core.environment:checking '/home/hungnb/cocarry_ws/install/human_hand_msgs/lib/python3.10/site-packages'
[2.526s] Level 1:colcon.colcon_core.environment:checking '/home/hungnb/cocarry_ws/install/human_hand_msgs/bin'
[2.526s] INFO:colcon.colcon_core.shell:Creating package script '/home/hungnb/cocarry_ws/install/human_hand_msgs/share/human_hand_msgs/package.ps1'
[2.527s] INFO:colcon.colcon_core.shell:Creating package descriptor '/home/hungnb/cocarry_ws/install/human_hand_msgs/share/human_hand_msgs/package.dsv'
[2.528s] INFO:colcon.colcon_core.shell:Creating package script '/home/hungnb/cocarry_ws/install/human_hand_msgs/share/human_hand_msgs/package.sh'
[2.528s] INFO:colcon.colcon_core.shell:Creating package script '/home/hungnb/cocarry_ws/install/human_hand_msgs/share/human_hand_msgs/package.bash'
[2.529s] INFO:colcon.colcon_core.shell:Creating package script '/home/hungnb/cocarry_ws/install/human_hand_msgs/share/human_hand_msgs/package.zsh'
[2.529s] Level 1:colcon.colcon_core.environment:create_file_with_runtime_dependencies(/home/hungnb/cocarry_ws/install/human_hand_msgs/share/colcon-core/packages/human_hand_msgs)
[2.530s] INFO:colcon.colcon_ros.task.ament_python.build:Building ROS package in '/home/hungnb/cocarry_ws/src/coord_transform' with build type 'ament_python'
[2.530s] Level 1:colcon.colcon_core.shell:create_environment_hook('coord_transform', 'ament_prefix_path')
[2.530s] INFO:colcon.colcon_core.shell:Creating environment hook '/home/hungnb/cocarry_ws/install/coord_transform/share/coord_transform/hook/ament_prefix_path.ps1'
[2.531s] INFO:colcon.colcon_core.shell:Creating environment descriptor '/home/hungnb/cocarry_ws/install/coord_transform/share/coord_transform/hook/ament_prefix_path.dsv'
[2.532s] INFO:colcon.colcon_core.shell:Creating environment hook '/home/hungnb/cocarry_ws/install/coord_transform/share/coord_transform/hook/ament_prefix_path.sh'
[2.532s] INFO:colcon.colcon_core.shell:Skip shell extension 'powershell' for command environment: Not usable outside of PowerShell
[2.532s] DEBUG:colcon.colcon_core.shell:Skip shell extension 'dsv' for command environment
[2.547s] Level 1:colcon.colcon_core.environment:create_environment_scripts_only(motoman_motomini_support)
[2.548s] Level 1:colcon.colcon_core.environment:checking '/home/hungnb/cocarry_ws/install/motoman_motomini_support' for CMake module files
[2.550s] DEBUG:colcon.colcon_core.event_handler.log_command:Invoked command in '/home/hungnb/cocarry_ws/build/motoman_ms210_support' returned '0': AMENT_PREFIX_PATH=/home/hungnb/cocarry_ws/install/motoman_resources:${AMENT_PREFIX_PATH} CMAKE_PREFIX_PATH=/home/hungnb/cocarry_ws/install/motoman_resources:/opt/ros/humble /usr/bin/cmake --build /home/hungnb/cocarry_ws/build/motoman_ms210_support -- -j16 -l16
[2.550s] DEBUG:colcon.colcon_core.event_handler.log_command:Invoking command in '/home/hungnb/cocarry_ws/build/motoman_ms210_support': AMENT_PREFIX_PATH=/home/hungnb/cocarry_ws/install/motoman_resources:${AMENT_PREFIX_PATH} CMAKE_PREFIX_PATH=/home/hungnb/cocarry_ws/install/motoman_resources:/opt/ros/humble /usr/bin/cmake --install /home/hungnb/cocarry_ws/build/motoman_ms210_support
[2.551s] Level 1:colcon.colcon_core.environment:checking '/home/hungnb/cocarry_ws/install/motoman_motomini_support' for CMake config files
[2.551s] DEBUG:colcon.colcon_core.event_handler.log_command:Invoked command in '/home/hungnb/cocarry_ws/build/motoman_sia10d_support' returned '0': AMENT_PREFIX_PATH=/home/hungnb/cocarry_ws/install/motoman_resources:${AMENT_PREFIX_PATH} CMAKE_PREFIX_PATH=/home/hungnb/cocarry_ws/install/motoman_resources:/opt/ros/humble /usr/bin/cmake /home/hungnb/cocarry_ws/src/motoman_ros2_support_packages/motoman_sia10d_support -DCMAKE_INSTALL_PREFIX=/home/hungnb/cocarry_ws/install/motoman_sia10d_support
[2.552s] DEBUG:colcon.colcon_core.event_handler.log_command:Invoking command in '/home/hungnb/cocarry_ws/build/motoman_sia10d_support': AMENT_PREFIX_PATH=/home/hungnb/cocarry_ws/install/motoman_resources:${AMENT_PREFIX_PATH} CMAKE_PREFIX_PATH=/home/hungnb/cocarry_ws/install/motoman_resources:/opt/ros/humble /usr/bin/cmake --build /home/hungnb/cocarry_ws/build/motoman_sia10d_support -- -j16 -l16
[2.553s] DEBUG:colcon.colcon_core.event_handler.log_command:Invoked command in '/home/hungnb/cocarry_ws/build/motoman_mpx1950_support' returned '0': AMENT_PREFIX_PATH=/home/hungnb/cocarry_ws/install/motoman_resources:${AMENT_PREFIX_PATH} CMAKE_PREFIX_PATH=/home/hungnb/cocarry_ws/install/motoman_resources:/opt/ros/humble /usr/bin/cmake --build /home/hungnb/cocarry_ws/build/motoman_mpx1950_support -- -j16 -l16
[2.554s] DEBUG:colcon.colcon_core.event_handler.log_command:Invoking command in '/home/hungnb/cocarry_ws/build/motoman_mpx1950_support': AMENT_PREFIX_PATH=/home/hungnb/cocarry_ws/install/motoman_resources:${AMENT_PREFIX_PATH} CMAKE_PREFIX_PATH=/home/hungnb/cocarry_ws/install/motoman_resources:/opt/ros/humble /usr/bin/cmake --install /home/hungnb/cocarry_ws/build/motoman_mpx1950_support
[2.554s] DEBUG:colcon.colcon_core.event_handler.log_command:Invoked command in '/home/hungnb/cocarry_ws/build/motoman_motomini_support' returned '0': AMENT_PREFIX_PATH=/home/hungnb/cocarry_ws/install/motoman_resources:${AMENT_PREFIX_PATH} CMAKE_PREFIX_PATH=/home/hungnb/cocarry_ws/install/motoman_resources:/opt/ros/humble /usr/bin/cmake --install /home/hungnb/cocarry_ws/build/motoman_motomini_support
[2.555s] Level 1:colcon.colcon_core.shell:create_environment_hook('motoman_motomini_support', 'cmake_prefix_path')
[2.555s] INFO:colcon.colcon_core.shell:Creating environment hook '/home/hungnb/cocarry_ws/install/motoman_motomini_support/share/motoman_motomini_support/hook/cmake_prefix_path.ps1'
[2.556s] INFO:colcon.colcon_core.shell:Creating environment descriptor '/home/hungnb/cocarry_ws/install/motoman_motomini_support/share/motoman_motomini_support/hook/cmake_prefix_path.dsv'
[2.556s] INFO:colcon.colcon_core.shell:Creating environment hook '/home/hungnb/cocarry_ws/install/motoman_motomini_support/share/motoman_motomini_support/hook/cmake_prefix_path.sh'
[2.557s] Level 1:colcon.colcon_core.environment:checking '/home/hungnb/cocarry_ws/install/motoman_motomini_support/bin'
[2.557s] Level 1:colcon.colcon_core.environment:checking '/home/hungnb/cocarry_ws/install/motoman_motomini_support/lib/pkgconfig/motoman_motomini_support.pc'
[2.557s] Level 1:colcon.colcon_core.environment:checking '/home/hungnb/cocarry_ws/install/motoman_motomini_support/lib/python3.10/site-packages'
[2.557s] Level 1:colcon.colcon_core.environment:checking '/home/hungnb/cocarry_ws/install/motoman_motomini_support/bin'
[2.558s] INFO:colcon.colcon_core.shell:Creating package script '/home/hungnb/cocarry_ws/install/motoman_motomini_support/share/motoman_motomini_support/package.ps1'
[2.558s] INFO:colcon.colcon_core.shell:Creating package descriptor '/home/hungnb/cocarry_ws/install/motoman_motomini_support/share/motoman_motomini_support/package.dsv'
[2.559s] INFO:colcon.colcon_core.shell:Creating package script '/home/hungnb/cocarry_ws/install/motoman_motomini_support/share/motoman_motomini_support/package.sh'
[2.559s] INFO:colcon.colcon_core.shell:Creating package script '/home/hungnb/cocarry_ws/install/motoman_motomini_support/share/motoman_motomini_support/package.bash'
[2.560s] INFO:colcon.colcon_core.shell:Creating package script '/home/hungnb/cocarry_ws/install/motoman_motomini_support/share/motoman_motomini_support/package.zsh'
[2.560s] Level 1:colcon.colcon_core.environment:create_file_with_runtime_dependencies(/home/hungnb/cocarry_ws/install/motoman_motomini_support/share/colcon-core/packages/motoman_motomini_support)
[2.561s] Level 1:colcon.colcon_core.environment:create_environment_scripts_only(motoman_motomini_support)
[2.561s] Level 1:colcon.colcon_core.environment:checking '/home/hungnb/cocarry_ws/install/motoman_motomini_support' for CMake module files
[2.561s] Level 1:colcon.colcon_core.environment:checking '/home/hungnb/cocarry_ws/install/motoman_motomini_support' for CMake config files
[2.562s] Level 1:colcon.colcon_core.shell:create_environment_hook('motoman_motomini_support', 'cmake_prefix_path')
[2.562s] INFO:colcon.colcon_core.shell:Creating environment hook '/home/hungnb/cocarry_ws/install/motoman_motomini_support/share/motoman_motomini_support/hook/cmake_prefix_path.ps1'
[2.562s] INFO:colcon.colcon_core.shell:Creating environment descriptor '/home/hungnb/cocarry_ws/install/motoman_motomini_support/share/motoman_motomini_support/hook/cmake_prefix_path.dsv'
[2.562s] INFO:colcon.colcon_core.shell:Creating environment hook '/home/hungnb/cocarry_ws/install/motoman_motomini_support/share/motoman_motomini_support/hook/cmake_prefix_path.sh'
[2.563s] Level 1:colcon.colcon_core.environment:checking '/home/hungnb/cocarry_ws/install/motoman_motomini_support/bin'
[2.563s] Level 1:colcon.colcon_core.environment:checking '/home/hungnb/cocarry_ws/install/motoman_motomini_support/lib/pkgconfig/motoman_motomini_support.pc'
[2.563s] Level 1:colcon.colcon_core.environment:checking '/home/hungnb/cocarry_ws/install/motoman_motomini_support/lib/python3.10/site-packages'
[2.563s] Level 1:colcon.colcon_core.environment:checking '/home/hungnb/cocarry_ws/install/motoman_motomini_support/bin'
[2.563s] INFO:colcon.colcon_core.shell:Creating package script '/home/hungnb/cocarry_ws/install/motoman_motomini_support/share/motoman_motomini_support/package.ps1'
[2.564s] INFO:colcon.colcon_core.shell:Creating package descriptor '/home/hungnb/cocarry_ws/install/motoman_motomini_support/share/motoman_motomini_support/package.dsv'
[2.565s] INFO:colcon.colcon_core.shell:Creating package script '/home/hungnb/cocarry_ws/install/motoman_motomini_support/share/motoman_motomini_support/package.sh'
[2.565s] INFO:colcon.colcon_core.shell:Creating package script '/home/hungnb/cocarry_ws/install/motoman_motomini_support/share/motoman_motomini_support/package.bash'
[2.565s] INFO:colcon.colcon_core.shell:Creating package script '/home/hungnb/cocarry_ws/install/motoman_motomini_support/share/motoman_motomini_support/package.zsh'
[2.566s] Level 1:colcon.colcon_core.environment:create_file_with_runtime_dependencies(/home/hungnb/cocarry_ws/install/motoman_motomini_support/share/colcon-core/packages/motoman_motomini_support)
[2.566s] Level 1:colcon.colcon_core.environment:create_environment_scripts_only(kinect2_bridge)
[2.566s] Level 1:colcon.colcon_core.environment:checking '/home/hungnb/cocarry_ws/install/kinect2_bridge' for CMake module files
[2.567s] DEBUG:colcon.colcon_core.event_handler.log_command:Invoked command in '/home/hungnb/cocarry_ws/build/kinect2_bridge' returned '0': AMENT_PREFIX_PATH=/home/hungnb/cocarry_ws/install/kinect2_registration:${AMENT_PREFIX_PATH} CMAKE_PREFIX_PATH=/home/hungnb/cocarry_ws/install/kinect2_registration:/opt/ros/humble LD_LIBRARY_PATH=/home/hungnb/cocarry_ws/install/kinect2_registration/lib:${LD_LIBRARY_PATH} /usr/bin/cmake --install /home/hungnb/cocarry_ws/build/kinect2_bridge
[2.567s] Level 1:colcon.colcon_core.environment:checking '/home/hungnb/cocarry_ws/install/kinect2_bridge' for CMake config files
[2.567s] Level 1:colcon.colcon_core.shell:create_environment_hook('kinect2_bridge', 'cmake_prefix_path')
[2.567s] INFO:colcon.colcon_core.shell:Creating environment hook '/home/hungnb/cocarry_ws/install/kinect2_bridge/share/kinect2_bridge/hook/cmake_prefix_path.ps1'
[2.568s] INFO:colcon.colcon_core.shell:Creating environment descriptor '/home/hungnb/cocarry_ws/install/kinect2_bridge/share/kinect2_bridge/hook/cmake_prefix_path.dsv'
[2.568s] INFO:colcon.colcon_core.shell:Creating environment hook '/home/hungnb/cocarry_ws/install/kinect2_bridge/share/kinect2_bridge/hook/cmake_prefix_path.sh'
[2.568s] Level 1:colcon.colcon_core.environment:checking '/home/hungnb/cocarry_ws/install/kinect2_bridge/lib'
[2.568s] Level 1:colcon.colcon_core.environment:checking '/home/hungnb/cocarry_ws/install/kinect2_bridge/bin'
[2.568s] Level 1:colcon.colcon_core.environment:checking '/home/hungnb/cocarry_ws/install/kinect2_bridge/lib/pkgconfig/kinect2_bridge.pc'
[2.569s] Level 1:colcon.colcon_core.environment:checking '/home/hungnb/cocarry_ws/install/kinect2_bridge/lib/python3.10/site-packages'
[2.569s] Level 1:colcon.colcon_core.environment:checking '/home/hungnb/cocarry_ws/install/kinect2_bridge/bin'
[2.569s] INFO:colcon.colcon_core.shell:Creating package script '/home/hungnb/cocarry_ws/install/kinect2_bridge/share/kinect2_bridge/package.ps1'
[2.569s] INFO:colcon.colcon_core.shell:Creating package descriptor '/home/hungnb/cocarry_ws/install/kinect2_bridge/share/kinect2_bridge/package.dsv'
[2.570s] INFO:colcon.colcon_core.shell:Creating package script '/home/hungnb/cocarry_ws/install/kinect2_bridge/share/kinect2_bridge/package.sh'
[2.570s] INFO:colcon.colcon_core.shell:Creating package script '/home/hungnb/cocarry_ws/install/kinect2_bridge/share/kinect2_bridge/package.bash'
[2.570s] INFO:colcon.colcon_core.shell:Creating package script '/home/hungnb/cocarry_ws/install/kinect2_bridge/share/kinect2_bridge/package.zsh'
[2.570s] Level 1:colcon.colcon_core.environment:create_file_with_runtime_dependencies(/home/hungnb/cocarry_ws/install/kinect2_bridge/share/colcon-core/packages/kinect2_bridge)
[2.571s] Level 1:colcon.colcon_core.environment:create_environment_scripts_only(kinect2_bridge)
[2.571s] Level 1:colcon.colcon_core.environment:checking '/home/hungnb/cocarry_ws/install/kinect2_bridge' for CMake module files
[2.571s] Level 1:colcon.colcon_core.environment:checking '/home/hungnb/cocarry_ws/install/kinect2_bridge' for CMake config files
[2.572s] Level 1:colcon.colcon_core.shell:create_environment_hook('kinect2_bridge', 'cmake_prefix_path')
[2.572s] INFO:colcon.colcon_core.shell:Creating environment hook '/home/hungnb/cocarry_ws/install/kinect2_bridge/share/kinect2_bridge/hook/cmake_prefix_path.ps1'
[2.572s] INFO:colcon.colcon_core.shell:Creating environment descriptor '/home/hungnb/cocarry_ws/install/kinect2_bridge/share/kinect2_bridge/hook/cmake_prefix_path.dsv'
[2.573s] INFO:colcon.colcon_core.shell:Creating environment hook '/home/hungnb/cocarry_ws/install/kinect2_bridge/share/kinect2_bridge/hook/cmake_prefix_path.sh'
[2.573s] Level 1:colcon.colcon_core.environment:checking '/home/hungnb/cocarry_ws/install/kinect2_bridge/lib'
[2.573s] Level 1:colcon.colcon_core.environment:checking '/home/hungnb/cocarry_ws/install/kinect2_bridge/bin'
[2.573s] Level 1:colcon.colcon_core.environment:checking '/home/hungnb/cocarry_ws/install/kinect2_bridge/lib/pkgconfig/kinect2_bridge.pc'
[2.573s] Level 1:colcon.colcon_core.environment:checking '/home/hungnb/cocarry_ws/install/kinect2_bridge/lib/python3.10/site-packages'
[2.574s] Level 1:colcon.colcon_core.environment:checking '/home/hungnb/cocarry_ws/install/kinect2_bridge/bin'
[2.574s] INFO:colcon.colcon_core.shell:Creating package script '/home/hungnb/cocarry_ws/install/kinect2_bridge/share/kinect2_bridge/package.ps1'
[2.574s] INFO:colcon.colcon_core.shell:Creating package descriptor '/home/hungnb/cocarry_ws/install/kinect2_bridge/share/kinect2_bridge/package.dsv'
[2.575s] INFO:colcon.colcon_core.shell:Creating package script '/home/hungnb/cocarry_ws/install/kinect2_bridge/share/kinect2_bridge/package.sh'
[2.575s] INFO:colcon.colcon_core.shell:Creating package script '/home/hungnb/cocarry_ws/install/kinect2_bridge/share/kinect2_bridge/package.bash'
[2.576s] INFO:colcon.colcon_core.shell:Creating package script '/home/hungnb/cocarry_ws/install/kinect2_bridge/share/kinect2_bridge/package.zsh'
[2.576s] Level 1:colcon.colcon_core.environment:create_file_with_runtime_dependencies(/home/hungnb/cocarry_ws/install/kinect2_bridge/share/colcon-core/packages/kinect2_bridge)
[2.576s] Level 1:colcon.colcon_core.environment:create_environment_scripts_only(motoman_motopos_mh1655_support)
[2.576s] Level 1:colcon.colcon_core.environment:checking '/home/hungnb/cocarry_ws/install/motoman_motopos_mh1655_support' for CMake module files
[2.577s] DEBUG:colcon.colcon_core.event_handler.log_command:Invoked command in '/home/hungnb/cocarry_ws/build/motoman_motopos_mh1655_support' returned '0': AMENT_PREFIX_PATH=/home/hungnb/cocarry_ws/install/motoman_resources:${AMENT_PREFIX_PATH} CMAKE_PREFIX_PATH=/home/hungnb/cocarry_ws/install/motoman_resources:/opt/ros/humble /usr/bin/cmake --install /home/hungnb/cocarry_ws/build/motoman_motopos_mh1655_support
[2.577s] Level 1:colcon.colcon_core.environment:checking '/home/hungnb/cocarry_ws/install/motoman_motopos_mh1655_support' for CMake config files
[2.578s] Level 1:colcon.colcon_core.shell:create_environment_hook('motoman_motopos_mh1655_support', 'cmake_prefix_path')
[2.578s] INFO:colcon.colcon_core.shell:Creating environment hook '/home/hungnb/cocarry_ws/install/motoman_motopos_mh1655_support/share/motoman_motopos_mh1655_support/hook/cmake_prefix_path.ps1'
[2.578s] INFO:colcon.colcon_core.shell:Creating environment descriptor '/home/hungnb/cocarry_ws/install/motoman_motopos_mh1655_support/share/motoman_motopos_mh1655_support/hook/cmake_prefix_path.dsv'
[2.578s] INFO:colcon.colcon_core.shell:Creating environment hook '/home/hungnb/cocarry_ws/install/motoman_motopos_mh1655_support/share/motoman_motopos_mh1655_support/hook/cmake_prefix_path.sh'
[2.579s] Level 1:colcon.colcon_core.environment:checking '/home/hungnb/cocarry_ws/install/motoman_motopos_mh1655_support/bin'
[2.579s] Level 1:colcon.colcon_core.environment:checking '/home/hungnb/cocarry_ws/install/motoman_motopos_mh1655_support/lib/pkgconfig/motoman_motopos_mh1655_support.pc'
[2.579s] Level 1:colcon.colcon_core.environment:checking '/home/hungnb/cocarry_ws/install/motoman_motopos_mh1655_support/lib/python3.10/site-packages'
[2.579s] Level 1:colcon.colcon_core.environment:checking '/home/hungnb/cocarry_ws/install/motoman_motopos_mh1655_support/bin'
[2.579s] INFO:colcon.colcon_core.shell:Creating package script '/home/hungnb/cocarry_ws/install/motoman_motopos_mh1655_support/share/motoman_motopos_mh1655_support/package.ps1'
[2.579s] INFO:colcon.colcon_core.shell:Creating package descriptor '/home/hungnb/cocarry_ws/install/motoman_motopos_mh1655_support/share/motoman_motopos_mh1655_support/package.dsv'
[2.580s] INFO:colcon.colcon_core.shell:Creating package script '/home/hungnb/cocarry_ws/install/motoman_motopos_mh1655_support/share/motoman_motopos_mh1655_support/package.sh'
[2.580s] INFO:colcon.colcon_core.shell:Creating package script '/home/hungnb/cocarry_ws/install/motoman_motopos_mh1655_support/share/motoman_motopos_mh1655_support/package.bash'
[2.580s] INFO:colcon.colcon_core.shell:Creating package script '/home/hungnb/cocarry_ws/install/motoman_motopos_mh1655_support/share/motoman_motopos_mh1655_support/package.zsh'
[2.580s] Level 1:colcon.colcon_core.environment:create_file_with_runtime_dependencies(/home/hungnb/cocarry_ws/install/motoman_motopos_mh1655_support/share/colcon-core/packages/motoman_motopos_mh1655_support)
[2.581s] Level 1:colcon.colcon_core.environment:create_environment_scripts_only(motoman_motopos_mh1655_support)
[2.581s] Level 1:colcon.colcon_core.environment:checking '/home/hungnb/cocarry_ws/install/motoman_motopos_mh1655_support' for CMake module files
[2.581s] Level 1:colcon.colcon_core.environment:checking '/home/hungnb/cocarry_ws/install/motoman_motopos_mh1655_support' for CMake config files
[2.581s] Level 1:colcon.colcon_core.shell:create_environment_hook('motoman_motopos_mh1655_support', 'cmake_prefix_path')
[2.581s] INFO:colcon.colcon_core.shell:Creating environment hook '/home/hungnb/cocarry_ws/install/motoman_motopos_mh1655_support/share/motoman_motopos_mh1655_support/hook/cmake_prefix_path.ps1'
[2.582s] INFO:colcon.colcon_core.shell:Creating environment descriptor '/home/hungnb/cocarry_ws/install/motoman_motopos_mh1655_support/share/motoman_motopos_mh1655_support/hook/cmake_prefix_path.dsv'
[2.582s] INFO:colcon.colcon_core.shell:Creating environment hook '/home/hungnb/cocarry_ws/install/motoman_motopos_mh1655_support/share/motoman_motopos_mh1655_support/hook/cmake_prefix_path.sh'
[2.582s] Level 1:colcon.colcon_core.environment:checking '/home/hungnb/cocarry_ws/install/motoman_motopos_mh1655_support/bin'
[2.582s] Level 1:colcon.colcon_core.environment:checking '/home/hungnb/cocarry_ws/install/motoman_motopos_mh1655_support/lib/pkgconfig/motoman_motopos_mh1655_support.pc'
[2.582s] Level 1:colcon.colcon_core.environment:checking '/home/hungnb/cocarry_ws/install/motoman_motopos_mh1655_support/lib/python3.10/site-packages'
[2.583s] Level 1:colcon.colcon_core.environment:checking '/home/hungnb/cocarry_ws/install/motoman_motopos_mh1655_support/bin'
[2.583s] INFO:colcon.colcon_core.shell:Creating package script '/home/hungnb/cocarry_ws/install/motoman_motopos_mh1655_support/share/motoman_motopos_mh1655_support/package.ps1'
[2.583s] INFO:colcon.colcon_core.shell:Creating package descriptor '/home/hungnb/cocarry_ws/install/motoman_motopos_mh1655_support/share/motoman_motopos_mh1655_support/package.dsv'
[2.583s] INFO:colcon.colcon_core.shell:Creating package script '/home/hungnb/cocarry_ws/install/motoman_motopos_mh1655_support/share/motoman_motopos_mh1655_support/package.sh'
[2.584s] INFO:colcon.colcon_core.shell:Creating package script '/home/hungnb/cocarry_ws/install/motoman_motopos_mh1655_support/share/motoman_motopos_mh1655_support/package.bash'
[2.584s] INFO:colcon.colcon_core.shell:Creating package script '/home/hungnb/cocarry_ws/install/motoman_motopos_mh1655_support/share/motoman_motopos_mh1655_support/package.zsh'
[2.584s] Level 1:colcon.colcon_core.environment:create_file_with_runtime_dependencies(/home/hungnb/cocarry_ws/install/motoman_motopos_mh1655_support/share/colcon-core/packages/motoman_motopos_mh1655_support)
[2.586s] DEBUG:colcon.colcon_core.event_handler.log_command:Invoked command in '/home/hungnb/cocarry_ws/build/motoman_sia20d_support' returned '0': AMENT_PREFIX_PATH=/home/hungnb/cocarry_ws/install/motoman_resources:${AMENT_PREFIX_PATH} CMAKE_PREFIX_PATH=/home/hungnb/cocarry_ws/install/motoman_resources:/opt/ros/humble /usr/bin/cmake /home/hungnb/cocarry_ws/src/motoman_ros2_support_packages/motoman_sia20d_support -DCMAKE_INSTALL_PREFIX=/home/hungnb/cocarry_ws/install/motoman_sia20d_support
[2.586s] DEBUG:colcon.colcon_core.event_handler.log_command:Invoking command in '/home/hungnb/cocarry_ws/build/motoman_sia20d_support': AMENT_PREFIX_PATH=/home/hungnb/cocarry_ws/install/motoman_resources:${AMENT_PREFIX_PATH} CMAKE_PREFIX_PATH=/home/hungnb/cocarry_ws/install/motoman_resources:/opt/ros/humble /usr/bin/cmake --build /home/hungnb/cocarry_ws/build/motoman_sia20d_support -- -j16 -l16
[2.587s] DEBUG:colcon.colcon_core.event_handler.log_command:Invoked command in '/home/hungnb/cocarry_ws/build/motoman_sda10f_support' returned '0': AMENT_PREFIX_PATH=/home/hungnb/cocarry_ws/install/motoman_resources:${AMENT_PREFIX_PATH} CMAKE_PREFIX_PATH=/home/hungnb/cocarry_ws/install/motoman_resources:/opt/ros/humble /usr/bin/cmake --build /home/hungnb/cocarry_ws/build/motoman_sda10f_support -- -j16 -l16
[2.588s] DEBUG:colcon.colcon_core.event_handler.log_command:Invoking command in '/home/hungnb/cocarry_ws/build/motoman_sda10f_support': AMENT_PREFIX_PATH=/home/hungnb/cocarry_ws/install/motoman_resources:${AMENT_PREFIX_PATH} CMAKE_PREFIX_PATH=/home/hungnb/cocarry_ws/install/motoman_resources:/opt/ros/humble /usr/bin/cmake --install /home/hungnb/cocarry_ws/build/motoman_sda10f_support
[2.589s] DEBUG:colcon.colcon_core.event_handler.log_command:Invoked command in '/home/hungnb/cocarry_ws/build/motoman_sia10f_support' returned '0': AMENT_PREFIX_PATH=/home/hungnb/cocarry_ws/install/motoman_resources:${AMENT_PREFIX_PATH} CMAKE_PREFIX_PATH=/home/hungnb/cocarry_ws/install/motoman_resources:/opt/ros/humble /usr/bin/cmake /home/hungnb/cocarry_ws/src/motoman_ros2_support_packages/motoman_sia10f_support -DCMAKE_INSTALL_PREFIX=/home/hungnb/cocarry_ws/install/motoman_sia10f_support
[2.590s] DEBUG:colcon.colcon_core.event_handler.log_command:Invoking command in '/home/hungnb/cocarry_ws/build/motoman_sia10f_support': AMENT_PREFIX_PATH=/home/hungnb/cocarry_ws/install/motoman_resources:${AMENT_PREFIX_PATH} CMAKE_PREFIX_PATH=/home/hungnb/cocarry_ws/install/motoman_resources:/opt/ros/humble /usr/bin/cmake --build /home/hungnb/cocarry_ws/build/motoman_sia10f_support -- -j16 -l16
[2.591s] INFO:colcon.colcon_ros.task.ament_python.build:Building ROS package in '/home/hungnb/cocarry_ws/src/experiment_logger' with build type 'ament_python'
[2.591s] Level 1:colcon.colcon_core.shell:create_environment_hook('experiment_logger', 'ament_prefix_path')
[2.591s] INFO:colcon.colcon_core.shell:Creating environment hook '/home/hungnb/cocarry_ws/install/experiment_logger/share/experiment_logger/hook/ament_prefix_path.ps1'
[2.593s] INFO:colcon.colcon_core.shell:Creating environment descriptor '/home/hungnb/cocarry_ws/install/experiment_logger/share/experiment_logger/hook/ament_prefix_path.dsv'
[2.594s] INFO:colcon.colcon_core.shell:Creating environment hook '/home/hungnb/cocarry_ws/install/experiment_logger/share/experiment_logger/hook/ament_prefix_path.sh'
[2.595s] INFO:colcon.colcon_core.shell:Skip shell extension 'powershell' for command environment: Not usable outside of PowerShell
[2.595s] DEBUG:colcon.colcon_core.shell:Skip shell extension 'dsv' for command environment
[2.598s] INFO:colcon.colcon_ros.task.ament_cmake.build:Building ROS package in '/home/hungnb/cocarry_ws/src/motoman_ros2_support_packages/motoman_up50n_support' with build type 'ament_cmake'
[2.598s] INFO:colcon.colcon_cmake.task.cmake.build:Building CMake package in '/home/hungnb/cocarry_ws/src/motoman_ros2_support_packages/motoman_up50n_support'
[2.599s] INFO:colcon.colcon_core.shell:Skip shell extension 'powershell' for command environment: Not usable outside of PowerShell
[2.599s] DEBUG:colcon.colcon_core.shell:Skip shell extension 'dsv' for command environment
[2.601s] INFO:colcon.colcon_ros.task.ament_python.build:Building ROS package in '/home/hungnb/cocarry_ws/src/predictor_ui' with build type 'ament_python'
[2.601s] Level 1:colcon.colcon_core.shell:create_environment_hook('predictor_ui', 'ament_prefix_path')
[2.602s] INFO:colcon.colcon_core.shell:Creating environment hook '/home/hungnb/cocarry_ws/install/predictor_ui/share/predictor_ui/hook/ament_prefix_path.ps1'
[2.602s] INFO:colcon.colcon_core.shell:Creating environment descriptor '/home/hungnb/cocarry_ws/install/predictor_ui/share/predictor_ui/hook/ament_prefix_path.dsv'
[2.603s] INFO:colcon.colcon_core.shell:Creating environment hook '/home/hungnb/cocarry_ws/install/predictor_ui/share/predictor_ui/hook/ament_prefix_path.sh'
[2.604s] INFO:colcon.colcon_core.shell:Skip shell extension 'powershell' for command environment: Not usable outside of PowerShell
[2.604s] DEBUG:colcon.colcon_core.shell:Skip shell extension 'dsv' for command environment
[2.607s] Level 1:colcon.colcon_core.environment:create_environment_scripts_only(motoman_motopos_d500_support)
[2.608s] Level 1:colcon.colcon_core.environment:checking '/home/hungnb/cocarry_ws/install/motoman_motopos_d500_support' for CMake module files
[2.608s] DEBUG:colcon.colcon_core.event_handler.log_command:Invoked command in '/home/hungnb/cocarry_ws/build/motoman_motopos_d500_support' returned '0': AMENT_PREFIX_PATH=/home/hungnb/cocarry_ws/install/motoman_resources:${AMENT_PREFIX_PATH} CMAKE_PREFIX_PATH=/home/hungnb/cocarry_ws/install/motoman_resources:/opt/ros/humble /usr/bin/cmake --install /home/hungnb/cocarry_ws/build/motoman_motopos_d500_support
[2.609s] Level 1:colcon.colcon_core.environment:checking '/home/hungnb/cocarry_ws/install/motoman_motopos_d500_support' for CMake config files
[2.609s] Level 1:colcon.colcon_core.shell:create_environment_hook('motoman_motopos_d500_support', 'cmake_prefix_path')
[2.609s] INFO:colcon.colcon_core.shell:Creating environment hook '/home/hungnb/cocarry_ws/install/motoman_motopos_d500_support/share/motoman_motopos_d500_support/hook/cmake_prefix_path.ps1'
[2.610s] INFO:colcon.colcon_core.shell:Creating environment descriptor '/home/hungnb/cocarry_ws/install/motoman_motopos_d500_support/share/motoman_motopos_d500_support/hook/cmake_prefix_path.dsv'
[2.611s] INFO:colcon.colcon_core.shell:Creating environment hook '/home/hungnb/cocarry_ws/install/motoman_motopos_d500_support/share/motoman_motopos_d500_support/hook/cmake_prefix_path.sh'
[2.611s] Level 1:colcon.colcon_core.environment:checking '/home/hungnb/cocarry_ws/install/motoman_motopos_d500_support/bin'
[2.611s] Level 1:colcon.colcon_core.environment:checking '/home/hungnb/cocarry_ws/install/motoman_motopos_d500_support/lib/pkgconfig/motoman_motopos_d500_support.pc'
[2.611s] Level 1:colcon.colcon_core.environment:checking '/home/hungnb/cocarry_ws/install/motoman_motopos_d500_support/lib/python3.10/site-packages'
[2.611s] Level 1:colcon.colcon_core.environment:checking '/home/hungnb/cocarry_ws/install/motoman_motopos_d500_support/bin'
[2.612s] INFO:colcon.colcon_core.shell:Creating package script '/home/hungnb/cocarry_ws/install/motoman_motopos_d500_support/share/motoman_motopos_d500_support/package.ps1'
[2.612s] INFO:colcon.colcon_core.shell:Creating package descriptor '/home/hungnb/cocarry_ws/install/motoman_motopos_d500_support/share/motoman_motopos_d500_support/package.dsv'
[2.613s] INFO:colcon.colcon_core.shell:Creating package script '/home/hungnb/cocarry_ws/install/motoman_motopos_d500_support/share/motoman_motopos_d500_support/package.sh'
[2.613s] INFO:colcon.colcon_core.shell:Creating package script '/home/hungnb/cocarry_ws/install/motoman_motopos_d500_support/share/motoman_motopos_d500_support/package.bash'
[2.613s] INFO:colcon.colcon_core.shell:Creating package script '/home/hungnb/cocarry_ws/install/motoman_motopos_d500_support/share/motoman_motopos_d500_support/package.zsh'
[2.614s] Level 1:colcon.colcon_core.environment:create_file_with_runtime_dependencies(/home/hungnb/cocarry_ws/install/motoman_motopos_d500_support/share/colcon-core/packages/motoman_motopos_d500_support)
[2.614s] Level 1:colcon.colcon_core.environment:create_environment_scripts_only(motoman_motopos_d500_support)
[2.614s] Level 1:colcon.colcon_core.environment:checking '/home/hungnb/cocarry_ws/install/motoman_motopos_d500_support' for CMake module files
[2.615s] Level 1:colcon.colcon_core.environment:checking '/home/hungnb/cocarry_ws/install/motoman_motopos_d500_support' for CMake config files
[2.615s] Level 1:colcon.colcon_core.shell:create_environment_hook('motoman_motopos_d500_support', 'cmake_prefix_path')
[2.615s] INFO:colcon.colcon_core.shell:Creating environment hook '/home/hungnb/cocarry_ws/install/motoman_motopos_d500_support/share/motoman_motopos_d500_support/hook/cmake_prefix_path.ps1'
[2.615s] INFO:colcon.colcon_core.shell:Creating environment descriptor '/home/hungnb/cocarry_ws/install/motoman_motopos_d500_support/share/motoman_motopos_d500_support/hook/cmake_prefix_path.dsv'
[2.616s] INFO:colcon.colcon_core.shell:Creating environment hook '/home/hungnb/cocarry_ws/install/motoman_motopos_d500_support/share/motoman_motopos_d500_support/hook/cmake_prefix_path.sh'
[2.616s] Level 1:colcon.colcon_core.environment:checking '/home/hungnb/cocarry_ws/install/motoman_motopos_d500_support/bin'
[2.616s] Level 1:colcon.colcon_core.environment:checking '/home/hungnb/cocarry_ws/install/motoman_motopos_d500_support/lib/pkgconfig/motoman_motopos_d500_support.pc'
[2.616s] Level 1:colcon.colcon_core.environment:checking '/home/hungnb/cocarry_ws/install/motoman_motopos_d500_support/lib/python3.10/site-packages'
[2.616s] Level 1:colcon.colcon_core.environment:checking '/home/hungnb/cocarry_ws/install/motoman_motopos_d500_support/bin'
[2.617s] INFO:colcon.colcon_core.shell:Creating package script '/home/hungnb/cocarry_ws/install/motoman_motopos_d500_support/share/motoman_motopos_d500_support/package.ps1'
[2.617s] INFO:colcon.colcon_core.shell:Creating package descriptor '/home/hungnb/cocarry_ws/install/motoman_motopos_d500_support/share/motoman_motopos_d500_support/package.dsv'
[2.617s] INFO:colcon.colcon_core.shell:Creating package script '/home/hungnb/cocarry_ws/install/motoman_motopos_d500_support/share/motoman_motopos_d500_support/package.sh'
[2.618s] INFO:colcon.colcon_core.shell:Creating package script '/home/hungnb/cocarry_ws/install/motoman_motopos_d500_support/share/motoman_motopos_d500_support/package.bash'
[2.618s] INFO:colcon.colcon_core.shell:Creating package script '/home/hungnb/cocarry_ws/install/motoman_motopos_d500_support/share/motoman_motopos_d500_support/package.zsh'
[2.619s] Level 1:colcon.colcon_core.environment:create_file_with_runtime_dependencies(/home/hungnb/cocarry_ws/install/motoman_motopos_d500_support/share/colcon-core/packages/motoman_motopos_d500_support)
[2.622s] DEBUG:colcon.colcon_core.event_handler.log_command:Invoked command in '/home/hungnb/cocarry_ws/build/motoman_sia30d_support' returned '0': AMENT_PREFIX_PATH=/home/hungnb/cocarry_ws/install/motoman_resources:${AMENT_PREFIX_PATH} CMAKE_PREFIX_PATH=/home/hungnb/cocarry_ws/install/motoman_resources:/opt/ros/humble /usr/bin/cmake /home/hungnb/cocarry_ws/src/motoman_ros2_support_packages/motoman_sia30d_support -DCMAKE_INSTALL_PREFIX=/home/hungnb/cocarry_ws/install/motoman_sia30d_support
[2.623s] INFO:colcon.colcon_ros.task.ament_python.build:Building ROS package in '/home/hungnb/cocarry_ws/src/realsense_tracker' with build type 'ament_python'
[2.623s] Level 1:colcon.colcon_core.shell:create_environment_hook('realsense_tracker', 'ament_prefix_path')
[2.623s] INFO:colcon.colcon_core.shell:Creating environment hook '/home/hungnb/cocarry_ws/install/realsense_tracker/share/realsense_tracker/hook/ament_prefix_path.ps1'
[2.624s] INFO:colcon.colcon_core.shell:Creating environment descriptor '/home/hungnb/cocarry_ws/install/realsense_tracker/share/realsense_tracker/hook/ament_prefix_path.dsv'
[2.625s] DEBUG:colcon.colcon_core.event_handler.log_command:Invoking command in '/home/hungnb/cocarry_ws/build/motoman_sia30d_support': AMENT_PREFIX_PATH=/home/hungnb/cocarry_ws/install/motoman_resources:${AMENT_PREFIX_PATH} CMAKE_PREFIX_PATH=/home/hungnb/cocarry_ws/install/motoman_resources:/opt/ros/humble /usr/bin/cmake --build /home/hungnb/cocarry_ws/build/motoman_sia30d_support -- -j16 -l16
[2.625s] INFO:colcon.colcon_core.shell:Creating environment hook '/home/hungnb/cocarry_ws/install/realsense_tracker/share/realsense_tracker/hook/ament_prefix_path.sh'
[2.626s] INFO:colcon.colcon_core.shell:Skip shell extension 'powershell' for command environment: Not usable outside of PowerShell
[2.626s] DEBUG:colcon.colcon_core.shell:Skip shell extension 'dsv' for command environment
[2.817s] INFO:colcon.colcon_core.task.python.build:Building Python package in '/home/hungnb/cocarry_ws/src/coord_transform'
[2.817s] INFO:colcon.colcon_core.shell:Skip shell extension 'powershell' for command environment: Not usable outside of PowerShell
[2.817s] DEBUG:colcon.colcon_core.shell:Skip shell extension 'dsv' for command environment
[2.820s] DEBUG:colcon.colcon_core.event_handler.log_command:Invoked command in '/home/hungnb/cocarry_ws/build/motoman_sia5d_support' returned '0': AMENT_PREFIX_PATH=/home/hungnb/cocarry_ws/install/motoman_resources:${AMENT_PREFIX_PATH} CMAKE_PREFIX_PATH=/home/hungnb/cocarry_ws/install/motoman_resources:/opt/ros/humble /usr/bin/cmake /home/hungnb/cocarry_ws/src/motoman_ros2_support_packages/motoman_sia5d_support -DCMAKE_INSTALL_PREFIX=/home/hungnb/cocarry_ws/install/motoman_sia5d_support
[2.821s] DEBUG:colcon.colcon_core.event_handler.log_command:Invoking command in '/home/hungnb/cocarry_ws/build/motoman_sia5d_support': AMENT_PREFIX_PATH=/home/hungnb/cocarry_ws/install/motoman_resources:${AMENT_PREFIX_PATH} CMAKE_PREFIX_PATH=/home/hungnb/cocarry_ws/install/motoman_resources:/opt/ros/humble /usr/bin/cmake --build /home/hungnb/cocarry_ws/build/motoman_sia5d_support -- -j16 -l16
[2.822s] DEBUG:colcon.colcon_core.event_handler.log_command:Invoked command in '/home/hungnb/cocarry_ws/build/hc10dtp_moveit_config' returned '0': AMENT_PREFIX_PATH=/home/hungnb/cocarry_ws/install/motoman_hc10dtp_support:/home/hungnb/cocarry_ws/install/motoman_hc10_support:/home/hungnb/cocarry_ws/install/motoman_resources:${AMENT_PREFIX_PATH} CMAKE_PREFIX_PATH=/home/hungnb/cocarry_ws/install/motoman_hc10dtp_support:/home/hungnb/cocarry_ws/install/motoman_hc10_support:/home/hungnb/cocarry_ws/install/motoman_resources:/opt/ros/humble /usr/bin/cmake /home/hungnb/cocarry_ws/src/hc10dtp_moveit_config -DCMAKE_INSTALL_PREFIX=/home/hungnb/cocarry_ws/install/hc10dtp_moveit_config
[2.823s] DEBUG:colcon.colcon_core.event_handler.log_command:Invoking command in '/home/hungnb/cocarry_ws/build/hc10dtp_moveit_config': AMENT_PREFIX_PATH=/home/hungnb/cocarry_ws/install/motoman_hc10dtp_support:/home/hungnb/cocarry_ws/install/motoman_hc10_support:/home/hungnb/cocarry_ws/install/motoman_resources:${AMENT_PREFIX_PATH} CMAKE_PREFIX_PATH=/home/hungnb/cocarry_ws/install/motoman_hc10dtp_support:/home/hungnb/cocarry_ws/install/motoman_hc10_support:/home/hungnb/cocarry_ws/install/motoman_resources:/opt/ros/humble /usr/bin/cmake --build /home/hungnb/cocarry_ws/build/hc10dtp_moveit_config -- -j16 -l16
[2.823s] Level 1:colcon.colcon_core.environment:create_environment_scripts_only(motoman_ms210_support)
[2.824s] Level 1:colcon.colcon_core.environment:checking '/home/hungnb/cocarry_ws/install/motoman_ms210_support' for CMake module files
[2.824s] DEBUG:colcon.colcon_core.event_handler.log_command:Invoked command in '/home/hungnb/cocarry_ws/build/motoman_ms210_support' returned '0': AMENT_PREFIX_PATH=/home/hungnb/cocarry_ws/install/motoman_resources:${AMENT_PREFIX_PATH} CMAKE_PREFIX_PATH=/home/hungnb/cocarry_ws/install/motoman_resources:/opt/ros/humble /usr/bin/cmake --install /home/hungnb/cocarry_ws/build/motoman_ms210_support
[2.824s] Level 1:colcon.colcon_core.environment:checking '/home/hungnb/cocarry_ws/install/motoman_ms210_support' for CMake config files
[2.825s] Level 1:colcon.colcon_core.shell:create_environment_hook('motoman_ms210_support', 'cmake_prefix_path')
[2.825s] INFO:colcon.colcon_core.shell:Creating environment hook '/home/hungnb/cocarry_ws/install/motoman_ms210_support/share/motoman_ms210_support/hook/cmake_prefix_path.ps1'
[2.825s] INFO:colcon.colcon_core.shell:Creating environment descriptor '/home/hungnb/cocarry_ws/install/motoman_ms210_support/share/motoman_ms210_support/hook/cmake_prefix_path.dsv'
[2.825s] INFO:colcon.colcon_core.shell:Creating environment hook '/home/hungnb/cocarry_ws/install/motoman_ms210_support/share/motoman_ms210_support/hook/cmake_prefix_path.sh'
[2.826s] Level 1:colcon.colcon_core.environment:checking '/home/hungnb/cocarry_ws/install/motoman_ms210_support/bin'
[2.826s] Level 1:colcon.colcon_core.environment:checking '/home/hungnb/cocarry_ws/install/motoman_ms210_support/lib/pkgconfig/motoman_ms210_support.pc'
[2.826s] Level 1:colcon.colcon_core.environment:checking '/home/hungnb/cocarry_ws/install/motoman_ms210_support/lib/python3.10/site-packages'
[2.826s] Level 1:colcon.colcon_core.environment:checking '/home/hungnb/cocarry_ws/install/motoman_ms210_support/bin'
[2.826s] INFO:colcon.colcon_core.shell:Creating package script '/home/hungnb/cocarry_ws/install/motoman_ms210_support/share/motoman_ms210_support/package.ps1'
[2.827s] INFO:colcon.colcon_core.shell:Creating package descriptor '/home/hungnb/cocarry_ws/install/motoman_ms210_support/share/motoman_ms210_support/package.dsv'
[2.827s] INFO:colcon.colcon_core.shell:Creating package script '/home/hungnb/cocarry_ws/install/motoman_ms210_support/share/motoman_ms210_support/package.sh'
[2.827s] INFO:colcon.colcon_core.shell:Creating package script '/home/hungnb/cocarry_ws/install/motoman_ms210_support/share/motoman_ms210_support/package.bash'
[2.827s] INFO:colcon.colcon_core.shell:Creating package script '/home/hungnb/cocarry_ws/install/motoman_ms210_support/share/motoman_ms210_support/package.zsh'
[2.828s] Level 1:colcon.colcon_core.environment:create_file_with_runtime_dependencies(/home/hungnb/cocarry_ws/install/motoman_ms210_support/share/colcon-core/packages/motoman_ms210_support)
[2.828s] Level 1:colcon.colcon_core.environment:create_environment_scripts_only(motoman_ms210_support)
[2.828s] Level 1:colcon.colcon_core.environment:checking '/home/hungnb/cocarry_ws/install/motoman_ms210_support' for CMake module files
[2.828s] Level 1:colcon.colcon_core.environment:checking '/home/hungnb/cocarry_ws/install/motoman_ms210_support' for CMake config files
[2.829s] Level 1:colcon.colcon_core.shell:create_environment_hook('motoman_ms210_support', 'cmake_prefix_path')
[2.829s] INFO:colcon.colcon_core.shell:Creating environment hook '/home/hungnb/cocarry_ws/install/motoman_ms210_support/share/motoman_ms210_support/hook/cmake_prefix_path.ps1'
[2.829s] INFO:colcon.colcon_core.shell:Creating environment descriptor '/home/hungnb/cocarry_ws/install/motoman_ms210_support/share/motoman_ms210_support/hook/cmake_prefix_path.dsv'
[2.829s] INFO:colcon.colcon_core.shell:Creating environment hook '/home/hungnb/cocarry_ws/install/motoman_ms210_support/share/motoman_ms210_support/hook/cmake_prefix_path.sh'
[2.830s] Level 1:colcon.colcon_core.environment:checking '/home/hungnb/cocarry_ws/install/motoman_ms210_support/bin'
[2.830s] Level 1:colcon.colcon_core.environment:checking '/home/hungnb/cocarry_ws/install/motoman_ms210_support/lib/pkgconfig/motoman_ms210_support.pc'
[2.830s] Level 1:colcon.colcon_core.environment:checking '/home/hungnb/cocarry_ws/install/motoman_ms210_support/lib/python3.10/site-packages'
[2.830s] Level 1:colcon.colcon_core.environment:checking '/home/hungnb/cocarry_ws/install/motoman_ms210_support/bin'
[2.830s] INFO:colcon.colcon_core.shell:Creating package script '/home/hungnb/cocarry_ws/install/motoman_ms210_support/share/motoman_ms210_support/package.ps1'
[2.830s] INFO:colcon.colcon_core.shell:Creating package descriptor '/home/hungnb/cocarry_ws/install/motoman_ms210_support/share/motoman_ms210_support/package.dsv'
[2.831s] INFO:colcon.colcon_core.shell:Creating package script '/home/hungnb/cocarry_ws/install/motoman_ms210_support/share/motoman_ms210_support/package.sh'
[2.831s] INFO:colcon.colcon_core.shell:Creating package script '/home/hungnb/cocarry_ws/install/motoman_ms210_support/share/motoman_ms210_support/package.bash'
[2.832s] INFO:colcon.colcon_core.shell:Creating package script '/home/hungnb/cocarry_ws/install/motoman_ms210_support/share/motoman_ms210_support/package.zsh'
[2.832s] Level 1:colcon.colcon_core.environment:create_file_with_runtime_dependencies(/home/hungnb/cocarry_ws/install/motoman_ms210_support/share/colcon-core/packages/motoman_ms210_support)
[2.833s] Level 1:colcon.colcon_core.environment:create_environment_scripts_only(motoman_mpx1950_support)
[2.833s] Level 1:colcon.colcon_core.environment:checking '/home/hungnb/cocarry_ws/install/motoman_mpx1950_support' for CMake module files
[2.834s] DEBUG:colcon.colcon_core.event_handler.log_command:Invoked command in '/home/hungnb/cocarry_ws/build/motoman_mpx1950_support' returned '0': AMENT_PREFIX_PATH=/home/hungnb/cocarry_ws/install/motoman_resources:${AMENT_PREFIX_PATH} CMAKE_PREFIX_PATH=/home/hungnb/cocarry_ws/install/motoman_resources:/opt/ros/humble /usr/bin/cmake --install /home/hungnb/cocarry_ws/build/motoman_mpx1950_support
[2.834s] Level 1:colcon.colcon_core.environment:checking '/home/hungnb/cocarry_ws/install/motoman_mpx1950_support' for CMake config files
[2.834s] Level 1:colcon.colcon_core.shell:create_environment_hook('motoman_mpx1950_support', 'cmake_prefix_path')
[2.835s] INFO:colcon.colcon_core.shell:Creating environment hook '/home/hungnb/cocarry_ws/install/motoman_mpx1950_support/share/motoman_mpx1950_support/hook/cmake_prefix_path.ps1'
[2.835s] INFO:colcon.colcon_core.shell:Creating environment descriptor '/home/hungnb/cocarry_ws/install/motoman_mpx1950_support/share/motoman_mpx1950_support/hook/cmake_prefix_path.dsv'
[2.835s] INFO:colcon.colcon_core.shell:Creating environment hook '/home/hungnb/cocarry_ws/install/motoman_mpx1950_support/share/motoman_mpx1950_support/hook/cmake_prefix_path.sh'
[2.836s] Level 1:colcon.colcon_core.environment:checking '/home/hungnb/cocarry_ws/install/motoman_mpx1950_support/bin'
[2.836s] Level 1:colcon.colcon_core.environment:checking '/home/hungnb/cocarry_ws/install/motoman_mpx1950_support/lib/pkgconfig/motoman_mpx1950_support.pc'
[2.836s] Level 1:colcon.colcon_core.environment:checking '/home/hungnb/cocarry_ws/install/motoman_mpx1950_support/lib/python3.10/site-packages'
[2.836s] Level 1:colcon.colcon_core.environment:checking '/home/hungnb/cocarry_ws/install/motoman_mpx1950_support/bin'
[2.837s] INFO:colcon.colcon_core.shell:Creating package script '/home/hungnb/cocarry_ws/install/motoman_mpx1950_support/share/motoman_mpx1950_support/package.ps1'
[2.837s] INFO:colcon.colcon_core.shell:Creating package descriptor '/home/hungnb/cocarry_ws/install/motoman_mpx1950_support/share/motoman_mpx1950_support/package.dsv'
[2.837s] INFO:colcon.colcon_core.shell:Creating package script '/home/hungnb/cocarry_ws/install/motoman_mpx1950_support/share/motoman_mpx1950_support/package.sh'
[2.837s] INFO:colcon.colcon_core.shell:Creating package script '/home/hungnb/cocarry_ws/install/motoman_mpx1950_support/share/motoman_mpx1950_support/package.bash'
[2.838s] INFO:colcon.colcon_core.shell:Creating package script '/home/hungnb/cocarry_ws/install/motoman_mpx1950_support/share/motoman_mpx1950_support/package.zsh'
[2.838s] Level 1:colcon.colcon_core.environment:create_file_with_runtime_dependencies(/home/hungnb/cocarry_ws/install/motoman_mpx1950_support/share/colcon-core/packages/motoman_mpx1950_support)
[2.838s] Level 1:colcon.colcon_core.environment:create_environment_scripts_only(motoman_mpx1950_support)
[2.839s] Level 1:colcon.colcon_core.environment:checking '/home/hungnb/cocarry_ws/install/motoman_mpx1950_support' for CMake module files
[2.839s] Level 1:colcon.colcon_core.environment:checking '/home/hungnb/cocarry_ws/install/motoman_mpx1950_support' for CMake config files
[2.839s] Level 1:colcon.colcon_core.shell:create_environment_hook('motoman_mpx1950_support', 'cmake_prefix_path')
[2.839s] INFO:colcon.colcon_core.shell:Creating environment hook '/home/hungnb/cocarry_ws/install/motoman_mpx1950_support/share/motoman_mpx1950_support/hook/cmake_prefix_path.ps1'
[2.840s] INFO:colcon.colcon_core.shell:Creating environment descriptor '/home/hungnb/cocarry_ws/install/motoman_mpx1950_support/share/motoman_mpx1950_support/hook/cmake_prefix_path.dsv'
[2.840s] INFO:colcon.colcon_core.shell:Creating environment hook '/home/hungnb/cocarry_ws/install/motoman_mpx1950_support/share/motoman_mpx1950_support/hook/cmake_prefix_path.sh'
[2.841s] Level 1:colcon.colcon_core.environment:checking '/home/hungnb/cocarry_ws/install/motoman_mpx1950_support/bin'
[2.841s] Level 1:colcon.colcon_core.environment:checking '/home/hungnb/cocarry_ws/install/motoman_mpx1950_support/lib/pkgconfig/motoman_mpx1950_support.pc'
[2.841s] Level 1:colcon.colcon_core.environment:checking '/home/hungnb/cocarry_ws/install/motoman_mpx1950_support/lib/python3.10/site-packages'
[2.842s] Level 1:colcon.colcon_core.environment:checking '/home/hungnb/cocarry_ws/install/motoman_mpx1950_support/bin'
[2.842s] INFO:colcon.colcon_core.shell:Creating package script '/home/hungnb/cocarry_ws/install/motoman_mpx1950_support/share/motoman_mpx1950_support/package.ps1'
[2.843s] INFO:colcon.colcon_core.shell:Creating package descriptor '/home/hungnb/cocarry_ws/install/motoman_mpx1950_support/share/motoman_mpx1950_support/package.dsv'
[2.843s] INFO:colcon.colcon_core.shell:Creating package script '/home/hungnb/cocarry_ws/install/motoman_mpx1950_support/share/motoman_mpx1950_support/package.sh'
[2.844s] INFO:colcon.colcon_core.shell:Creating package script '/home/hungnb/cocarry_ws/install/motoman_mpx1950_support/share/motoman_mpx1950_support/package.bash'
[2.844s] INFO:colcon.colcon_core.shell:Creating package script '/home/hungnb/cocarry_ws/install/motoman_mpx1950_support/share/motoman_mpx1950_support/package.zsh'
[2.845s] Level 1:colcon.colcon_core.environment:create_file_with_runtime_dependencies(/home/hungnb/cocarry_ws/install/motoman_mpx1950_support/share/colcon-core/packages/motoman_mpx1950_support)
[2.848s] DEBUG:colcon.colcon_core.event_handler.log_command:Invoked command in '/home/hungnb/cocarry_ws/build/motoman_sia50_support' returned '0': AMENT_PREFIX_PATH=/home/hungnb/cocarry_ws/install/motoman_resources:${AMENT_PREFIX_PATH} CMAKE_PREFIX_PATH=/home/hungnb/cocarry_ws/install/motoman_resources:/opt/ros/humble /usr/bin/cmake /home/hungnb/cocarry_ws/src/motoman_ros2_support_packages/motoman_sia50_support -DCMAKE_INSTALL_PREFIX=/home/hungnb/cocarry_ws/install/motoman_sia50_support
[2.849s] DEBUG:colcon.colcon_core.event_handler.log_command:Invoking command in '/home/hungnb/cocarry_ws/build/motoman_sia50_support': AMENT_PREFIX_PATH=/home/hungnb/cocarry_ws/install/motoman_resources:${AMENT_PREFIX_PATH} CMAKE_PREFIX_PATH=/home/hungnb/cocarry_ws/install/motoman_resources:/opt/ros/humble /usr/bin/cmake --build /home/hungnb/cocarry_ws/build/motoman_sia50_support -- -j16 -l16
[2.850s] DEBUG:colcon.colcon_core.event_handler.log_command:Invoked command in '/home/hungnb/cocarry_ws/build/motoman_sia10d_support' returned '0': AMENT_PREFIX_PATH=/home/hungnb/cocarry_ws/install/motoman_resources:${AMENT_PREFIX_PATH} CMAKE_PREFIX_PATH=/home/hungnb/cocarry_ws/install/motoman_resources:/opt/ros/humble /usr/bin/cmake --build /home/hungnb/cocarry_ws/build/motoman_sia10d_support -- -j16 -l16
[2.851s] DEBUG:colcon.colcon_core.event_handler.log_command:Invoking command in '/home/hungnb/cocarry_ws/build/motoman_sia10d_support': AMENT_PREFIX_PATH=/home/hungnb/cocarry_ws/install/motoman_resources:${AMENT_PREFIX_PATH} CMAKE_PREFIX_PATH=/home/hungnb/cocarry_ws/install/motoman_resources:/opt/ros/humble /usr/bin/cmake --install /home/hungnb/cocarry_ws/build/motoman_sia10d_support
[2.852s] INFO:colcon.colcon_ros.task.ament_python.build:Building ROS package in '/home/hungnb/cocarry_ws/src/trajectory_predictor' with build type 'ament_python'
[2.852s] Level 1:colcon.colcon_core.shell:create_environment_hook('trajectory_predictor', 'ament_prefix_path')
[2.852s] INFO:colcon.colcon_core.shell:Creating environment hook '/home/hungnb/cocarry_ws/install/trajectory_predictor/share/trajectory_predictor/hook/ament_prefix_path.ps1'
[2.852s] INFO:colcon.colcon_core.shell:Creating environment descriptor '/home/hungnb/cocarry_ws/install/trajectory_predictor/share/trajectory_predictor/hook/ament_prefix_path.dsv'
[2.853s] INFO:colcon.colcon_core.shell:Creating environment hook '/home/hungnb/cocarry_ws/install/trajectory_predictor/share/trajectory_predictor/hook/ament_prefix_path.sh'
[2.853s] INFO:colcon.colcon_core.shell:Skip shell extension 'powershell' for command environment: Not usable outside of PowerShell
[2.853s] DEBUG:colcon.colcon_core.shell:Skip shell extension 'dsv' for command environment
[2.856s] INFO:colcon.colcon_ros.task.ament_cmake.build:Building ROS package in '/home/hungnb/cocarry_ws/src/motoman_ros2_support_packages/motoman_gp250_support' with build type 'ament_cmake'
[2.857s] INFO:colcon.colcon_cmake.task.cmake.build:Building CMake package in '/home/hungnb/cocarry_ws/src/motoman_ros2_support_packages/motoman_gp250_support'
[2.857s] INFO:colcon.colcon_core.shell:Skip shell extension 'powershell' for command environment: Not usable outside of PowerShell
[2.857s] DEBUG:colcon.colcon_core.shell:Skip shell extension 'dsv' for command environment
[2.860s] Level 1:colcon.colcon_core.environment:create_environment_scripts_only(motoman_sda10f_support)
[2.860s] Level 1:colcon.colcon_core.environment:checking '/home/hungnb/cocarry_ws/install/motoman_sda10f_support' for CMake module files
[2.860s] DEBUG:colcon.colcon_core.event_handler.log_command:Invoked command in '/home/hungnb/cocarry_ws/build/motoman_sda10f_support' returned '0': AMENT_PREFIX_PATH=/home/hungnb/cocarry_ws/install/motoman_resources:${AMENT_PREFIX_PATH} CMAKE_PREFIX_PATH=/home/hungnb/cocarry_ws/install/motoman_resources:/opt/ros/humble /usr/bin/cmake --install /home/hungnb/cocarry_ws/build/motoman_sda10f_support
[2.861s] Level 1:colcon.colcon_core.environment:checking '/home/hungnb/cocarry_ws/install/motoman_sda10f_support' for CMake config files
[2.861s] Level 1:colcon.colcon_core.shell:create_environment_hook('motoman_sda10f_support', 'cmake_prefix_path')
[2.861s] INFO:colcon.colcon_core.shell:Creating environment hook '/home/hungnb/cocarry_ws/install/motoman_sda10f_support/share/motoman_sda10f_support/hook/cmake_prefix_path.ps1'
[2.862s] INFO:colcon.colcon_core.shell:Creating environment descriptor '/home/hungnb/cocarry_ws/install/motoman_sda10f_support/share/motoman_sda10f_support/hook/cmake_prefix_path.dsv'
[2.862s] INFO:colcon.colcon_core.shell:Creating environment hook '/home/hungnb/cocarry_ws/install/motoman_sda10f_support/share/motoman_sda10f_support/hook/cmake_prefix_path.sh'
[2.862s] Level 1:colcon.colcon_core.environment:checking '/home/hungnb/cocarry_ws/install/motoman_sda10f_support/bin'
[2.862s] Level 1:colcon.colcon_core.environment:checking '/home/hungnb/cocarry_ws/install/motoman_sda10f_support/lib/pkgconfig/motoman_sda10f_support.pc'
[2.863s] Level 1:colcon.colcon_core.environment:checking '/home/hungnb/cocarry_ws/install/motoman_sda10f_support/lib/python3.10/site-packages'
[2.863s] Level 1:colcon.colcon_core.environment:checking '/home/hungnb/cocarry_ws/install/motoman_sda10f_support/bin'
[2.863s] INFO:colcon.colcon_core.shell:Creating package script '/home/hungnb/cocarry_ws/install/motoman_sda10f_support/share/motoman_sda10f_support/package.ps1'
[2.863s] INFO:colcon.colcon_core.shell:Creating package descriptor '/home/hungnb/cocarry_ws/install/motoman_sda10f_support/share/motoman_sda10f_support/package.dsv'
[2.864s] INFO:colcon.colcon_core.shell:Creating package script '/home/hungnb/cocarry_ws/install/motoman_sda10f_support/share/motoman_sda10f_support/package.sh'
[2.864s] INFO:colcon.colcon_core.shell:Creating package script '/home/hungnb/cocarry_ws/install/motoman_sda10f_support/share/motoman_sda10f_support/package.bash'
[2.864s] INFO:colcon.colcon_core.shell:Creating package script '/home/hungnb/cocarry_ws/install/motoman_sda10f_support/share/motoman_sda10f_support/package.zsh'
[2.864s] Level 1:colcon.colcon_core.environment:create_file_with_runtime_dependencies(/home/hungnb/cocarry_ws/install/motoman_sda10f_support/share/colcon-core/packages/motoman_sda10f_support)
[2.865s] Level 1:colcon.colcon_core.environment:create_environment_scripts_only(motoman_sda10f_support)
[2.865s] Level 1:colcon.colcon_core.environment:checking '/home/hungnb/cocarry_ws/install/motoman_sda10f_support' for CMake module files
[2.865s] Level 1:colcon.colcon_core.environment:checking '/home/hungnb/cocarry_ws/install/motoman_sda10f_support' for CMake config files
[2.865s] Level 1:colcon.colcon_core.shell:create_environment_hook('motoman_sda10f_support', 'cmake_prefix_path')
[2.865s] INFO:colcon.colcon_core.shell:Creating environment hook '/home/hungnb/cocarry_ws/install/motoman_sda10f_support/share/motoman_sda10f_support/hook/cmake_prefix_path.ps1'
[2.866s] INFO:colcon.colcon_core.shell:Creating environment descriptor '/home/hungnb/cocarry_ws/install/motoman_sda10f_support/share/motoman_sda10f_support/hook/cmake_prefix_path.dsv'
[2.866s] INFO:colcon.colcon_core.shell:Creating environment hook '/home/hungnb/cocarry_ws/install/motoman_sda10f_support/share/motoman_sda10f_support/hook/cmake_prefix_path.sh'
[2.866s] Level 1:colcon.colcon_core.environment:checking '/home/hungnb/cocarry_ws/install/motoman_sda10f_support/bin'
[2.866s] Level 1:colcon.colcon_core.environment:checking '/home/hungnb/cocarry_ws/install/motoman_sda10f_support/lib/pkgconfig/motoman_sda10f_support.pc'
[2.866s] Level 1:colcon.colcon_core.environment:checking '/home/hungnb/cocarry_ws/install/motoman_sda10f_support/lib/python3.10/site-packages'
[2.867s] Level 1:colcon.colcon_core.environment:checking '/home/hungnb/cocarry_ws/install/motoman_sda10f_support/bin'
[2.867s] INFO:colcon.colcon_core.shell:Creating package script '/home/hungnb/cocarry_ws/install/motoman_sda10f_support/share/motoman_sda10f_support/package.ps1'
[2.868s] INFO:colcon.colcon_core.shell:Creating package descriptor '/home/hungnb/cocarry_ws/install/motoman_sda10f_support/share/motoman_sda10f_support/package.dsv'
[2.868s] INFO:colcon.colcon_core.shell:Creating package script '/home/hungnb/cocarry_ws/install/motoman_sda10f_support/share/motoman_sda10f_support/package.sh'
[2.868s] INFO:colcon.colcon_core.shell:Creating package script '/home/hungnb/cocarry_ws/install/motoman_sda10f_support/share/motoman_sda10f_support/package.bash'
[2.869s] INFO:colcon.colcon_core.shell:Creating package script '/home/hungnb/cocarry_ws/install/motoman_sda10f_support/share/motoman_sda10f_support/package.zsh'
[2.869s] Level 1:colcon.colcon_core.environment:create_file_with_runtime_dependencies(/home/hungnb/cocarry_ws/install/motoman_sda10f_support/share/colcon-core/packages/motoman_sda10f_support)
[2.870s] DEBUG:colcon.colcon_core.event_handler.log_command:Invoked command in '/home/hungnb/cocarry_ws/build/motoman_sia20d_support' returned '0': AMENT_PREFIX_PATH=/home/hungnb/cocarry_ws/install/motoman_resources:${AMENT_PREFIX_PATH} CMAKE_PREFIX_PATH=/home/hungnb/cocarry_ws/install/motoman_resources:/opt/ros/humble /usr/bin/cmake --build /home/hungnb/cocarry_ws/build/motoman_sia20d_support -- -j16 -l16
[2.871s] DEBUG:colcon.colcon_core.event_handler.log_command:Invoking command in '/home/hungnb/cocarry_ws/build/motoman_sia20d_support': AMENT_PREFIX_PATH=/home/hungnb/cocarry_ws/install/motoman_resources:${AMENT_PREFIX_PATH} CMAKE_PREFIX_PATH=/home/hungnb/cocarry_ws/install/motoman_resources:/opt/ros/humble /usr/bin/cmake --install /home/hungnb/cocarry_ws/build/motoman_sia20d_support
[2.872s] DEBUG:colcon.colcon_core.event_handler.log_command:Invoked command in '/home/hungnb/cocarry_ws/build/motoman_sia10f_support' returned '0': AMENT_PREFIX_PATH=/home/hungnb/cocarry_ws/install/motoman_resources:${AMENT_PREFIX_PATH} CMAKE_PREFIX_PATH=/home/hungnb/cocarry_ws/install/motoman_resources:/opt/ros/humble /usr/bin/cmake --build /home/hungnb/cocarry_ws/build/motoman_sia10f_support -- -j16 -l16
[2.874s] DEBUG:colcon.colcon_core.event_handler.log_command:Invoking command in '/home/hungnb/cocarry_ws/build/motoman_sia10f_support': AMENT_PREFIX_PATH=/home/hungnb/cocarry_ws/install/motoman_resources:${AMENT_PREFIX_PATH} CMAKE_PREFIX_PATH=/home/hungnb/cocarry_ws/install/motoman_resources:/opt/ros/humble /usr/bin/cmake --install /home/hungnb/cocarry_ws/build/motoman_sia10f_support
[2.875s] INFO:colcon.colcon_ros.task.ament_cmake.build:Building ROS package in '/home/hungnb/cocarry_ws/src/motoman_ros2_support_packages/motoman_mh110_support' with build type 'ament_cmake'
[2.875s] INFO:colcon.colcon_cmake.task.cmake.build:Building CMake package in '/home/hungnb/cocarry_ws/src/motoman_ros2_support_packages/motoman_mh110_support'
[2.875s] INFO:colcon.colcon_core.shell:Skip shell extension 'powershell' for command environment: Not usable outside of PowerShell
[2.875s] DEBUG:colcon.colcon_core.shell:Skip shell extension 'dsv' for command environment
[3.033s] INFO:colcon.colcon_core.task.python.build:Building Python package in '/home/hungnb/cocarry_ws/src/experiment_logger'
[3.034s] INFO:colcon.colcon_core.shell:Skip shell extension 'powershell' for command environment: Not usable outside of PowerShell
[3.034s] DEBUG:colcon.colcon_core.shell:Skip shell extension 'dsv' for command environment
[3.040s] DEBUG:colcon.colcon_core.event_handler.log_command:Invoking command in '/home/hungnb/cocarry_ws/build/motoman_up50n_support': AMENT_PREFIX_PATH=/home/hungnb/cocarry_ws/install/motoman_resources:${AMENT_PREFIX_PATH} CMAKE_PREFIX_PATH=/home/hungnb/cocarry_ws/install/motoman_resources:/opt/ros/humble /usr/bin/cmake /home/hungnb/cocarry_ws/src/motoman_ros2_support_packages/motoman_up50n_support -DCMAKE_INSTALL_PREFIX=/home/hungnb/cocarry_ws/install/motoman_up50n_support
[3.197s] INFO:colcon.colcon_core.task.python.build:Building Python package in '/home/hungnb/cocarry_ws/src/predictor_ui'
[3.198s] INFO:colcon.colcon_core.shell:Skip shell extension 'powershell' for command environment: Not usable outside of PowerShell
[3.198s] DEBUG:colcon.colcon_core.shell:Skip shell extension 'dsv' for command environment
[3.202s] DEBUG:colcon.colcon_core.event_handler.log_command:Invoked command in '/home/hungnb/cocarry_ws/build/motoros2_interfaces' returned '0': CMAKE_PREFIX_PATH=/opt/ros/humble /usr/bin/cmake --build /home/hungnb/cocarry_ws/build/motoros2_interfaces -- -j16 -l16
[3.203s] DEBUG:colcon.colcon_core.event_handler.log_command:Invoking command in '/home/hungnb/cocarry_ws/build/motoros2_interfaces': CMAKE_PREFIX_PATH=/opt/ros/humble /usr/bin/cmake --install /home/hungnb/cocarry_ws/build/motoros2_interfaces
[3.203s] DEBUG:colcon.colcon_core.event_handler.log_command:Invoked command in '/home/hungnb/cocarry_ws/build/motoman_sia30d_support' returned '0': AMENT_PREFIX_PATH=/home/hungnb/cocarry_ws/install/motoman_resources:${AMENT_PREFIX_PATH} CMAKE_PREFIX_PATH=/home/hungnb/cocarry_ws/install/motoman_resources:/opt/ros/humble /usr/bin/cmake --build /home/hungnb/cocarry_ws/build/motoman_sia30d_support -- -j16 -l16
[3.205s] DEBUG:colcon.colcon_core.event_handler.log_command:Invoking command in '/home/hungnb/cocarry_ws/build/motoman_sia30d_support': AMENT_PREFIX_PATH=/home/hungnb/cocarry_ws/install/motoman_resources:${AMENT_PREFIX_PATH} CMAKE_PREFIX_PATH=/home/hungnb/cocarry_ws/install/motoman_resources:/opt/ros/humble /usr/bin/cmake --install /home/hungnb/cocarry_ws/build/motoman_sia30d_support
[3.437s] INFO:colcon.colcon_core.task.python.build:Building Python package in '/home/hungnb/cocarry_ws/src/realsense_tracker'
[3.437s] INFO:colcon.colcon_core.shell:Skip shell extension 'powershell' for command environment: Not usable outside of PowerShell
[3.437s] DEBUG:colcon.colcon_core.shell:Skip shell extension 'dsv' for command environment
[3.449s] Level 1:colcon.colcon_core.environment:create_environment_scripts_only(motoman_sia10d_support)
[3.450s] Level 1:colcon.colcon_core.environment:checking '/home/hungnb/cocarry_ws/install/motoman_sia10d_support' for CMake module files
[3.451s] Level 1:colcon.colcon_core.environment:checking '/home/hungnb/cocarry_ws/install/motoman_sia10d_support' for CMake config files
[3.454s] Level 1:colcon.colcon_core.shell:create_environment_hook('motoman_sia10d_support', 'cmake_prefix_path')
[3.454s] INFO:colcon.colcon_core.shell:Creating environment hook '/home/hungnb/cocarry_ws/install/motoman_sia10d_support/share/motoman_sia10d_support/hook/cmake_prefix_path.ps1'
[3.455s] INFO:colcon.colcon_core.shell:Creating environment descriptor '/home/hungnb/cocarry_ws/install/motoman_sia10d_support/share/motoman_sia10d_support/hook/cmake_prefix_path.dsv'
[3.457s] DEBUG:colcon.colcon_core.event_handler.log_command:Invoked command in '/home/hungnb/cocarry_ws/build/hc10dtp_moveit_config' returned '0': AMENT_PREFIX_PATH=/home/hungnb/cocarry_ws/install/motoman_hc10dtp_support:/home/hungnb/cocarry_ws/install/motoman_hc10_support:/home/hungnb/cocarry_ws/install/motoman_resources:${AMENT_PREFIX_PATH} CMAKE_PREFIX_PATH=/home/hungnb/cocarry_ws/install/motoman_hc10dtp_support:/home/hungnb/cocarry_ws/install/motoman_hc10_support:/home/hungnb/cocarry_ws/install/motoman_resources:/opt/ros/humble /usr/bin/cmake --build /home/hungnb/cocarry_ws/build/hc10dtp_moveit_config -- -j16 -l16
[3.457s] INFO:colcon.colcon_core.shell:Creating environment hook '/home/hungnb/cocarry_ws/install/motoman_sia10d_support/share/motoman_sia10d_support/hook/cmake_prefix_path.sh'
[3.458s] Level 1:colcon.colcon_core.environment:checking '/home/hungnb/cocarry_ws/install/motoman_sia10d_support/bin'
[3.458s] Level 1:colcon.colcon_core.environment:checking '/home/hungnb/cocarry_ws/install/motoman_sia10d_support/lib/pkgconfig/motoman_sia10d_support.pc'
[3.458s] Level 1:colcon.colcon_core.environment:checking '/home/hungnb/cocarry_ws/install/motoman_sia10d_support/lib/python3.10/site-packages'
[3.458s] Level 1:colcon.colcon_core.environment:checking '/home/hungnb/cocarry_ws/install/motoman_sia10d_support/bin'
[3.459s] INFO:colcon.colcon_core.shell:Creating package script '/home/hungnb/cocarry_ws/install/motoman_sia10d_support/share/motoman_sia10d_support/package.ps1'
[3.460s] INFO:colcon.colcon_core.shell:Creating package descriptor '/home/hungnb/cocarry_ws/install/motoman_sia10d_support/share/motoman_sia10d_support/package.dsv'
[3.460s] DEBUG:colcon.colcon_core.event_handler.log_command:Invoking command in '/home/hungnb/cocarry_ws/build/hc10dtp_moveit_config': AMENT_PREFIX_PATH=/home/hungnb/cocarry_ws/install/motoman_hc10dtp_support:/home/hungnb/cocarry_ws/install/motoman_hc10_support:/home/hungnb/cocarry_ws/install/motoman_resources:${AMENT_PREFIX_PATH} CMAKE_PREFIX_PATH=/home/hungnb/cocarry_ws/install/motoman_hc10dtp_support:/home/hungnb/cocarry_ws/install/motoman_hc10_support:/home/hungnb/cocarry_ws/install/motoman_resources:/opt/ros/humble /usr/bin/cmake --install /home/hungnb/cocarry_ws/build/hc10dtp_moveit_config
[3.461s] INFO:colcon.colcon_core.shell:Creating package script '/home/hungnb/cocarry_ws/install/motoman_sia10d_support/share/motoman_sia10d_support/package.sh'
[3.461s] DEBUG:colcon.colcon_core.event_handler.log_command:Invoked command in '/home/hungnb/cocarry_ws/build/motoman_sia10d_support' returned '0': AMENT_PREFIX_PATH=/home/hungnb/cocarry_ws/install/motoman_resources:${AMENT_PREFIX_PATH} CMAKE_PREFIX_PATH=/home/hungnb/cocarry_ws/install/motoman_resources:/opt/ros/humble /usr/bin/cmake --install /home/hungnb/cocarry_ws/build/motoman_sia10d_support
[3.462s] INFO:colcon.colcon_core.shell:Creating package script '/home/hungnb/cocarry_ws/install/motoman_sia10d_support/share/motoman_sia10d_support/package.bash'
[3.463s] INFO:colcon.colcon_core.shell:Creating package script '/home/hungnb/cocarry_ws/install/motoman_sia10d_support/share/motoman_sia10d_support/package.zsh'
[3.465s] Level 1:colcon.colcon_core.environment:create_file_with_runtime_dependencies(/home/hungnb/cocarry_ws/install/motoman_sia10d_support/share/colcon-core/packages/motoman_sia10d_support)
[3.467s] Level 1:colcon.colcon_core.environment:create_environment_scripts_only(motoman_sia10d_support)
[3.467s] Level 1:colcon.colcon_core.environment:checking '/home/hungnb/cocarry_ws/install/motoman_sia10d_support' for CMake module files
[3.470s] Level 1:colcon.colcon_core.environment:checking '/home/hungnb/cocarry_ws/install/motoman_sia10d_support' for CMake config files
[3.473s] Level 1:colcon.colcon_core.shell:create_environment_hook('motoman_sia10d_support', 'cmake_prefix_path')
[3.473s] INFO:colcon.colcon_core.shell:Creating environment hook '/home/hungnb/cocarry_ws/install/motoman_sia10d_support/share/motoman_sia10d_support/hook/cmake_prefix_path.ps1'
[3.475s] INFO:colcon.colcon_core.shell:Creating environment descriptor '/home/hungnb/cocarry_ws/install/motoman_sia10d_support/share/motoman_sia10d_support/hook/cmake_prefix_path.dsv'
[3.476s] INFO:colcon.colcon_core.shell:Creating environment hook '/home/hungnb/cocarry_ws/install/motoman_sia10d_support/share/motoman_sia10d_support/hook/cmake_prefix_path.sh'
[3.476s] Level 1:colcon.colcon_core.environment:checking '/home/hungnb/cocarry_ws/install/motoman_sia10d_support/bin'
[3.477s] Level 1:colcon.colcon_core.environment:checking '/home/hungnb/cocarry_ws/install/motoman_sia10d_support/lib/pkgconfig/motoman_sia10d_support.pc'
[3.477s] Level 1:colcon.colcon_core.environment:checking '/home/hungnb/cocarry_ws/install/motoman_sia10d_support/lib/python3.10/site-packages'
[3.477s] Level 1:colcon.colcon_core.environment:checking '/home/hungnb/cocarry_ws/install/motoman_sia10d_support/bin'
[3.477s] INFO:colcon.colcon_core.shell:Creating package script '/home/hungnb/cocarry_ws/install/motoman_sia10d_support/share/motoman_sia10d_support/package.ps1'
[3.478s] INFO:colcon.colcon_core.shell:Creating package descriptor '/home/hungnb/cocarry_ws/install/motoman_sia10d_support/share/motoman_sia10d_support/package.dsv'
[3.478s] INFO:colcon.colcon_core.shell:Creating package script '/home/hungnb/cocarry_ws/install/motoman_sia10d_support/share/motoman_sia10d_support/package.sh'
[3.478s] INFO:colcon.colcon_core.shell:Creating package script '/home/hungnb/cocarry_ws/install/motoman_sia10d_support/share/motoman_sia10d_support/package.bash'
[3.478s] INFO:colcon.colcon_core.shell:Creating package script '/home/hungnb/cocarry_ws/install/motoman_sia10d_support/share/motoman_sia10d_support/package.zsh'
[3.479s] Level 1:colcon.colcon_core.environment:create_file_with_runtime_dependencies(/home/hungnb/cocarry_ws/install/motoman_sia10d_support/share/colcon-core/packages/motoman_sia10d_support)
[3.480s] DEBUG:colcon.colcon_core.event_handler.log_command:Invoked command in '/home/hungnb/cocarry_ws/build/motoman_sia5d_support' returned '0': AMENT_PREFIX_PATH=/home/hungnb/cocarry_ws/install/motoman_resources:${AMENT_PREFIX_PATH} CMAKE_PREFIX_PATH=/home/hungnb/cocarry_ws/install/motoman_resources:/opt/ros/humble /usr/bin/cmake --build /home/hungnb/cocarry_ws/build/motoman_sia5d_support -- -j16 -l16
[3.482s] DEBUG:colcon.colcon_core.event_handler.log_command:Invoking command in '/home/hungnb/cocarry_ws/build/motoman_sia5d_support': AMENT_PREFIX_PATH=/home/hungnb/cocarry_ws/install/motoman_resources:${AMENT_PREFIX_PATH} CMAKE_PREFIX_PATH=/home/hungnb/cocarry_ws/install/motoman_resources:/opt/ros/humble /usr/bin/cmake --install /home/hungnb/cocarry_ws/build/motoman_sia5d_support
[3.483s] INFO:colcon.colcon_ros.task.ament_python.build:Building ROS package in '/home/hungnb/cocarry_ws/src/kinect_tracker' with build type 'ament_python'
[3.483s] Level 1:colcon.colcon_core.shell:create_environment_hook('kinect_tracker', 'ament_prefix_path')
[3.483s] INFO:colcon.colcon_core.shell:Creating environment hook '/home/hungnb/cocarry_ws/install/kinect_tracker/share/kinect_tracker/hook/ament_prefix_path.ps1'
[3.484s] INFO:colcon.colcon_core.shell:Creating environment descriptor '/home/hungnb/cocarry_ws/install/kinect_tracker/share/kinect_tracker/hook/ament_prefix_path.dsv'
[3.484s] INFO:colcon.colcon_core.shell:Creating environment hook '/home/hungnb/cocarry_ws/install/kinect_tracker/share/kinect_tracker/hook/ament_prefix_path.sh'
[3.485s] INFO:colcon.colcon_core.shell:Skip shell extension 'powershell' for command environment: Not usable outside of PowerShell
[3.485s] DEBUG:colcon.colcon_core.shell:Skip shell extension 'dsv' for command environment
[3.490s] Level 1:colcon.colcon_core.environment:create_environment_scripts_only(motoman_sia20d_support)
[3.490s] Level 1:colcon.colcon_core.environment:checking '/home/hungnb/cocarry_ws/install/motoman_sia20d_support' for CMake module files
[3.490s] DEBUG:colcon.colcon_core.event_handler.log_command:Invoked command in '/home/hungnb/cocarry_ws/build/motoman_sia20d_support' returned '0': AMENT_PREFIX_PATH=/home/hungnb/cocarry_ws/install/motoman_resources:${AMENT_PREFIX_PATH} CMAKE_PREFIX_PATH=/home/hungnb/cocarry_ws/install/motoman_resources:/opt/ros/humble /usr/bin/cmake --install /home/hungnb/cocarry_ws/build/motoman_sia20d_support
[3.492s] Level 1:colcon.colcon_core.environment:checking '/home/hungnb/cocarry_ws/install/motoman_sia20d_support' for CMake config files
[3.492s] Level 1:colcon.colcon_core.shell:create_environment_hook('motoman_sia20d_support', 'cmake_prefix_path')
[3.492s] INFO:colcon.colcon_core.shell:Creating environment hook '/home/hungnb/cocarry_ws/install/motoman_sia20d_support/share/motoman_sia20d_support/hook/cmake_prefix_path.ps1'
[3.493s] INFO:colcon.colcon_core.shell:Creating environment descriptor '/home/hungnb/cocarry_ws/install/motoman_sia20d_support/share/motoman_sia20d_support/hook/cmake_prefix_path.dsv'
[3.493s] INFO:colcon.colcon_core.shell:Creating environment hook '/home/hungnb/cocarry_ws/install/motoman_sia20d_support/share/motoman_sia20d_support/hook/cmake_prefix_path.sh'
[3.494s] Level 1:colcon.colcon_core.environment:checking '/home/hungnb/cocarry_ws/install/motoman_sia20d_support/bin'
[3.494s] Level 1:colcon.colcon_core.environment:checking '/home/hungnb/cocarry_ws/install/motoman_sia20d_support/lib/pkgconfig/motoman_sia20d_support.pc'
[3.494s] Level 1:colcon.colcon_core.environment:checking '/home/hungnb/cocarry_ws/install/motoman_sia20d_support/lib/python3.10/site-packages'
[3.494s] Level 1:colcon.colcon_core.environment:checking '/home/hungnb/cocarry_ws/install/motoman_sia20d_support/bin'
[3.495s] INFO:colcon.colcon_core.shell:Creating package script '/home/hungnb/cocarry_ws/install/motoman_sia20d_support/share/motoman_sia20d_support/package.ps1'
[3.495s] INFO:colcon.colcon_core.shell:Creating package descriptor '/home/hungnb/cocarry_ws/install/motoman_sia20d_support/share/motoman_sia20d_support/package.dsv'
[3.495s] INFO:colcon.colcon_core.shell:Creating package script '/home/hungnb/cocarry_ws/install/motoman_sia20d_support/share/motoman_sia20d_support/package.sh'
[3.496s] INFO:colcon.colcon_core.shell:Creating package script '/home/hungnb/cocarry_ws/install/motoman_sia20d_support/share/motoman_sia20d_support/package.bash'
[3.496s] INFO:colcon.colcon_core.shell:Creating package script '/home/hungnb/cocarry_ws/install/motoman_sia20d_support/share/motoman_sia20d_support/package.zsh'
[3.496s] Level 1:colcon.colcon_core.environment:create_file_with_runtime_dependencies(/home/hungnb/cocarry_ws/install/motoman_sia20d_support/share/colcon-core/packages/motoman_sia20d_support)
[3.497s] Level 1:colcon.colcon_core.environment:create_environment_scripts_only(motoman_sia20d_support)
[3.497s] Level 1:colcon.colcon_core.environment:checking '/home/hungnb/cocarry_ws/install/motoman_sia20d_support' for CMake module files
[3.498s] Level 1:colcon.colcon_core.environment:checking '/home/hungnb/cocarry_ws/install/motoman_sia20d_support' for CMake config files
[3.498s] Level 1:colcon.colcon_core.shell:create_environment_hook('motoman_sia20d_support', 'cmake_prefix_path')
[3.498s] INFO:colcon.colcon_core.shell:Creating environment hook '/home/hungnb/cocarry_ws/install/motoman_sia20d_support/share/motoman_sia20d_support/hook/cmake_prefix_path.ps1'
[3.498s] INFO:colcon.colcon_core.shell:Creating environment descriptor '/home/hungnb/cocarry_ws/install/motoman_sia20d_support/share/motoman_sia20d_support/hook/cmake_prefix_path.dsv'
[3.499s] INFO:colcon.colcon_core.shell:Creating environment hook '/home/hungnb/cocarry_ws/install/motoman_sia20d_support/share/motoman_sia20d_support/hook/cmake_prefix_path.sh'
[3.499s] Level 1:colcon.colcon_core.environment:checking '/home/hungnb/cocarry_ws/install/motoman_sia20d_support/bin'
[3.499s] Level 1:colcon.colcon_core.environment:checking '/home/hungnb/cocarry_ws/install/motoman_sia20d_support/lib/pkgconfig/motoman_sia20d_support.pc'
[3.499s] Level 1:colcon.colcon_core.environment:checking '/home/hungnb/cocarry_ws/install/motoman_sia20d_support/lib/python3.10/site-packages'
[3.499s] Level 1:colcon.colcon_core.environment:checking '/home/hungnb/cocarry_ws/install/motoman_sia20d_support/bin'
[3.500s] INFO:colcon.colcon_core.shell:Creating package script '/home/hungnb/cocarry_ws/install/motoman_sia20d_support/share/motoman_sia20d_support/package.ps1'
[3.500s] INFO:colcon.colcon_core.shell:Creating package descriptor '/home/hungnb/cocarry_ws/install/motoman_sia20d_support/share/motoman_sia20d_support/package.dsv'
[3.501s] INFO:colcon.colcon_core.shell:Creating package script '/home/hungnb/cocarry_ws/install/motoman_sia20d_support/share/motoman_sia20d_support/package.sh'
[3.502s] INFO:colcon.colcon_core.shell:Creating package script '/home/hungnb/cocarry_ws/install/motoman_sia20d_support/share/motoman_sia20d_support/package.bash'
[3.502s] INFO:colcon.colcon_core.shell:Creating package script '/home/hungnb/cocarry_ws/install/motoman_sia20d_support/share/motoman_sia20d_support/package.zsh'
[3.503s] Level 1:colcon.colcon_core.environment:create_file_with_runtime_dependencies(/home/hungnb/cocarry_ws/install/motoman_sia20d_support/share/colcon-core/packages/motoman_sia20d_support)
[3.678s] INFO:colcon.colcon_core.task.python.build:Building Python package in '/home/hungnb/cocarry_ws/src/trajectory_predictor'
[3.678s] INFO:colcon.colcon_core.shell:Skip shell extension 'powershell' for command environment: Not usable outside of PowerShell
[3.678s] DEBUG:colcon.colcon_core.shell:Skip shell extension 'dsv' for command environment
[3.683s] Level 1:colcon.colcon_core.environment:create_environment_scripts_only(motoman_sia10f_support)
[3.683s] Level 1:colcon.colcon_core.environment:checking '/home/hungnb/cocarry_ws/install/motoman_sia10f_support' for CMake module files
[3.684s] Level 1:colcon.colcon_core.environment:checking '/home/hungnb/cocarry_ws/install/motoman_sia10f_support' for CMake config files
[3.684s] DEBUG:colcon.colcon_core.event_handler.log_command:Invoking command in '/home/hungnb/cocarry_ws/build/motoman_gp250_support': AMENT_PREFIX_PATH=/home/hungnb/cocarry_ws/install/motoman_gp215_support:/home/hungnb/cocarry_ws/install/motoman_resources:${AMENT_PREFIX_PATH} CMAKE_PREFIX_PATH=/home/hungnb/cocarry_ws/install/motoman_gp215_support:/home/hungnb/cocarry_ws/install/motoman_resources:/opt/ros/humble /usr/bin/cmake /home/hungnb/cocarry_ws/src/motoman_ros2_support_packages/motoman_gp250_support -DCMAKE_INSTALL_PREFIX=/home/hungnb/cocarry_ws/install/motoman_gp250_support
[3.684s] DEBUG:colcon.colcon_core.event_handler.log_command:Invoked command in '/home/hungnb/cocarry_ws/build/motoman_sia10f_support' returned '0': AMENT_PREFIX_PATH=/home/hungnb/cocarry_ws/install/motoman_resources:${AMENT_PREFIX_PATH} CMAKE_PREFIX_PATH=/home/hungnb/cocarry_ws/install/motoman_resources:/opt/ros/humble /usr/bin/cmake --install /home/hungnb/cocarry_ws/build/motoman_sia10f_support
[3.684s] Level 1:colcon.colcon_core.shell:create_environment_hook('motoman_sia10f_support', 'cmake_prefix_path')
[3.685s] INFO:colcon.colcon_core.shell:Creating environment hook '/home/hungnb/cocarry_ws/install/motoman_sia10f_support/share/motoman_sia10f_support/hook/cmake_prefix_path.ps1'
[3.685s] INFO:colcon.colcon_core.shell:Creating environment descriptor '/home/hungnb/cocarry_ws/install/motoman_sia10f_support/share/motoman_sia10f_support/hook/cmake_prefix_path.dsv'
[3.685s] INFO:colcon.colcon_core.shell:Creating environment hook '/home/hungnb/cocarry_ws/install/motoman_sia10f_support/share/motoman_sia10f_support/hook/cmake_prefix_path.sh'
[3.686s] Level 1:colcon.colcon_core.environment:checking '/home/hungnb/cocarry_ws/install/motoman_sia10f_support/bin'
[3.686s] Level 1:colcon.colcon_core.environment:checking '/home/hungnb/cocarry_ws/install/motoman_sia10f_support/lib/pkgconfig/motoman_sia10f_support.pc'
[3.686s] Level 1:colcon.colcon_core.environment:checking '/home/hungnb/cocarry_ws/install/motoman_sia10f_support/lib/python3.10/site-packages'
[3.686s] Level 1:colcon.colcon_core.environment:checking '/home/hungnb/cocarry_ws/install/motoman_sia10f_support/bin'
[3.686s] INFO:colcon.colcon_core.shell:Creating package script '/home/hungnb/cocarry_ws/install/motoman_sia10f_support/share/motoman_sia10f_support/package.ps1'
[3.687s] INFO:colcon.colcon_core.shell:Creating package descriptor '/home/hungnb/cocarry_ws/install/motoman_sia10f_support/share/motoman_sia10f_support/package.dsv'
[3.687s] INFO:colcon.colcon_core.shell:Creating package script '/home/hungnb/cocarry_ws/install/motoman_sia10f_support/share/motoman_sia10f_support/package.sh'
[3.688s] INFO:colcon.colcon_core.shell:Creating package script '/home/hungnb/cocarry_ws/install/motoman_sia10f_support/share/motoman_sia10f_support/package.bash'
[3.688s] INFO:colcon.colcon_core.shell:Creating package script '/home/hungnb/cocarry_ws/install/motoman_sia10f_support/share/motoman_sia10f_support/package.zsh'
[3.688s] Level 1:colcon.colcon_core.environment:create_file_with_runtime_dependencies(/home/hungnb/cocarry_ws/install/motoman_sia10f_support/share/colcon-core/packages/motoman_sia10f_support)
[3.688s] Level 1:colcon.colcon_core.environment:create_environment_scripts_only(motoman_sia10f_support)
[3.689s] Level 1:colcon.colcon_core.environment:checking '/home/hungnb/cocarry_ws/install/motoman_sia10f_support' for CMake module files
[3.689s] Level 1:colcon.colcon_core.environment:checking '/home/hungnb/cocarry_ws/install/motoman_sia10f_support' for CMake config files
[3.689s] Level 1:colcon.colcon_core.shell:create_environment_hook('motoman_sia10f_support', 'cmake_prefix_path')
[3.690s] INFO:colcon.colcon_core.shell:Creating environment hook '/home/hungnb/cocarry_ws/install/motoman_sia10f_support/share/motoman_sia10f_support/hook/cmake_prefix_path.ps1'
[3.690s] INFO:colcon.colcon_core.shell:Creating environment descriptor '/home/hungnb/cocarry_ws/install/motoman_sia10f_support/share/motoman_sia10f_support/hook/cmake_prefix_path.dsv'
[3.691s] INFO:colcon.colcon_core.shell:Creating environment hook '/home/hungnb/cocarry_ws/install/motoman_sia10f_support/share/motoman_sia10f_support/hook/cmake_prefix_path.sh'
[3.691s] Level 1:colcon.colcon_core.environment:checking '/home/hungnb/cocarry_ws/install/motoman_sia10f_support/bin'
[3.691s] Level 1:colcon.colcon_core.environment:checking '/home/hungnb/cocarry_ws/install/motoman_sia10f_support/lib/pkgconfig/motoman_sia10f_support.pc'
[3.691s] Level 1:colcon.colcon_core.environment:checking '/home/hungnb/cocarry_ws/install/motoman_sia10f_support/lib/python3.10/site-packages'
[3.691s] Level 1:colcon.colcon_core.environment:checking '/home/hungnb/cocarry_ws/install/motoman_sia10f_support/bin'
[3.692s] INFO:colcon.colcon_core.shell:Creating package script '/home/hungnb/cocarry_ws/install/motoman_sia10f_support/share/motoman_sia10f_support/package.ps1'
[3.692s] INFO:colcon.colcon_core.shell:Creating package descriptor '/home/hungnb/cocarry_ws/install/motoman_sia10f_support/share/motoman_sia10f_support/package.dsv'
[3.692s] INFO:colcon.colcon_core.shell:Creating package script '/home/hungnb/cocarry_ws/install/motoman_sia10f_support/share/motoman_sia10f_support/package.sh'
[3.693s] INFO:colcon.colcon_core.shell:Creating package script '/home/hungnb/cocarry_ws/install/motoman_sia10f_support/share/motoman_sia10f_support/package.bash'
[3.693s] INFO:colcon.colcon_core.shell:Creating package script '/home/hungnb/cocarry_ws/install/motoman_sia10f_support/share/motoman_sia10f_support/package.zsh'
[3.693s] Level 1:colcon.colcon_core.environment:create_file_with_runtime_dependencies(/home/hungnb/cocarry_ws/install/motoman_sia10f_support/share/colcon-core/packages/motoman_sia10f_support)
[3.695s] DEBUG:colcon.colcon_core.event_handler.log_command:Invoked command in '/home/hungnb/cocarry_ws/build/motoman_up50n_support' returned '0': AMENT_PREFIX_PATH=/home/hungnb/cocarry_ws/install/motoman_resources:${AMENT_PREFIX_PATH} CMAKE_PREFIX_PATH=/home/hungnb/cocarry_ws/install/motoman_resources:/opt/ros/humble /usr/bin/cmake /home/hungnb/cocarry_ws/src/motoman_ros2_support_packages/motoman_up50n_support -DCMAKE_INSTALL_PREFIX=/home/hungnb/cocarry_ws/install/motoman_up50n_support
[3.695s] DEBUG:colcon.colcon_core.event_handler.log_command:Invoking command in '/home/hungnb/cocarry_ws/build/motoman_up50n_support': AMENT_PREFIX_PATH=/home/hungnb/cocarry_ws/install/motoman_resources:${AMENT_PREFIX_PATH} CMAKE_PREFIX_PATH=/home/hungnb/cocarry_ws/install/motoman_resources:/opt/ros/humble /usr/bin/cmake --build /home/hungnb/cocarry_ws/build/motoman_up50n_support -- -j16 -l16
[3.695s] DEBUG:colcon.colcon_core.event_handler.log_command:Invoked command in '/home/hungnb/cocarry_ws/build/motoman_sia50_support' returned '0': AMENT_PREFIX_PATH=/home/hungnb/cocarry_ws/install/motoman_resources:${AMENT_PREFIX_PATH} CMAKE_PREFIX_PATH=/home/hungnb/cocarry_ws/install/motoman_resources:/opt/ros/humble /usr/bin/cmake --build /home/hungnb/cocarry_ws/build/motoman_sia50_support -- -j16 -l16
[3.697s] DEBUG:colcon.colcon_core.event_handler.log_command:Invoking command in '/home/hungnb/cocarry_ws/build/motoman_sia50_support': AMENT_PREFIX_PATH=/home/hungnb/cocarry_ws/install/motoman_resources:${AMENT_PREFIX_PATH} CMAKE_PREFIX_PATH=/home/hungnb/cocarry_ws/install/motoman_resources:/opt/ros/humble /usr/bin/cmake --install /home/hungnb/cocarry_ws/build/motoman_sia50_support
[3.698s] INFO:colcon.colcon_ros.task.ament_cmake.build:Building ROS package in '/home/hungnb/cocarry_ws/src/kinect2_ros2/kinect2_calibration' with build type 'ament_cmake'
[3.698s] INFO:colcon.colcon_cmake.task.cmake.build:Building CMake package in '/home/hungnb/cocarry_ws/src/kinect2_ros2/kinect2_calibration'
[3.698s] INFO:colcon.colcon_core.shell:Skip shell extension 'powershell' for command environment: Not usable outside of PowerShell
[3.698s] DEBUG:colcon.colcon_core.shell:Skip shell extension 'dsv' for command environment
[3.704s] Level 1:colcon.colcon_core.environment:create_environment_scripts_only(motoman_sia30d_support)
[3.704s] Level 1:colcon.colcon_core.environment:checking '/home/hungnb/cocarry_ws/install/motoman_sia30d_support' for CMake module files
[3.705s] DEBUG:colcon.colcon_core.event_handler.log_command:Invoking command in '/home/hungnb/cocarry_ws/build/motoman_mh110_support': AMENT_PREFIX_PATH=/home/hungnb/cocarry_ws/install/motoman_gp110_support:/home/hungnb/cocarry_ws/install/motoman_resources:${AMENT_PREFIX_PATH} CMAKE_PREFIX_PATH=/home/hungnb/cocarry_ws/install/motoman_gp110_support:/home/hungnb/cocarry_ws/install/motoman_resources:/opt/ros/humble /usr/bin/cmake /home/hungnb/cocarry_ws/src/motoman_ros2_support_packages/motoman_mh110_support -DCMAKE_INSTALL_PREFIX=/home/hungnb/cocarry_ws/install/motoman_mh110_support
[3.705s] DEBUG:colcon.colcon_core.event_handler.log_command:Invoked command in '/home/hungnb/cocarry_ws/build/motoman_sia30d_support' returned '0': AMENT_PREFIX_PATH=/home/hungnb/cocarry_ws/install/motoman_resources:${AMENT_PREFIX_PATH} CMAKE_PREFIX_PATH=/home/hungnb/cocarry_ws/install/motoman_resources:/opt/ros/humble /usr/bin/cmake --install /home/hungnb/cocarry_ws/build/motoman_sia30d_support
[3.706s] Level 1:colcon.colcon_core.environment:checking '/home/hungnb/cocarry_ws/install/motoman_sia30d_support' for CMake config files
[3.707s] Level 1:colcon.colcon_core.shell:create_environment_hook('motoman_sia30d_support', 'cmake_prefix_path')
[3.707s] INFO:colcon.colcon_core.shell:Creating environment hook '/home/hungnb/cocarry_ws/install/motoman_sia30d_support/share/motoman_sia30d_support/hook/cmake_prefix_path.ps1'
[3.708s] INFO:colcon.colcon_core.shell:Creating environment descriptor '/home/hungnb/cocarry_ws/install/motoman_sia30d_support/share/motoman_sia30d_support/hook/cmake_prefix_path.dsv'
[3.708s] INFO:colcon.colcon_core.shell:Creating environment hook '/home/hungnb/cocarry_ws/install/motoman_sia30d_support/share/motoman_sia30d_support/hook/cmake_prefix_path.sh'
[3.708s] Level 1:colcon.colcon_core.environment:checking '/home/hungnb/cocarry_ws/install/motoman_sia30d_support/bin'
[3.708s] Level 1:colcon.colcon_core.environment:checking '/home/hungnb/cocarry_ws/install/motoman_sia30d_support/lib/pkgconfig/motoman_sia30d_support.pc'
[3.709s] Level 1:colcon.colcon_core.environment:checking '/home/hungnb/cocarry_ws/install/motoman_sia30d_support/lib/python3.10/site-packages'
[3.709s] Level 1:colcon.colcon_core.environment:checking '/home/hungnb/cocarry_ws/install/motoman_sia30d_support/bin'
[3.709s] INFO:colcon.colcon_core.shell:Creating package script '/home/hungnb/cocarry_ws/install/motoman_sia30d_support/share/motoman_sia30d_support/package.ps1'
[3.709s] INFO:colcon.colcon_core.shell:Creating package descriptor '/home/hungnb/cocarry_ws/install/motoman_sia30d_support/share/motoman_sia30d_support/package.dsv'
[3.710s] INFO:colcon.colcon_core.shell:Creating package script '/home/hungnb/cocarry_ws/install/motoman_sia30d_support/share/motoman_sia30d_support/package.sh'
[3.710s] INFO:colcon.colcon_core.shell:Creating package script '/home/hungnb/cocarry_ws/install/motoman_sia30d_support/share/motoman_sia30d_support/package.bash'
[3.711s] INFO:colcon.colcon_core.shell:Creating package script '/home/hungnb/cocarry_ws/install/motoman_sia30d_support/share/motoman_sia30d_support/package.zsh'
[3.711s] Level 1:colcon.colcon_core.environment:create_file_with_runtime_dependencies(/home/hungnb/cocarry_ws/install/motoman_sia30d_support/share/colcon-core/packages/motoman_sia30d_support)
[3.712s] Level 1:colcon.colcon_core.environment:create_environment_scripts_only(motoman_sia30d_support)
[3.713s] Level 1:colcon.colcon_core.environment:checking '/home/hungnb/cocarry_ws/install/motoman_sia30d_support' for CMake module files
[3.715s] Level 1:colcon.colcon_core.environment:checking '/home/hungnb/cocarry_ws/install/motoman_sia30d_support' for CMake config files
[3.716s] Level 1:colcon.colcon_core.shell:create_environment_hook('motoman_sia30d_support', 'cmake_prefix_path')
[3.716s] INFO:colcon.colcon_core.shell:Creating environment hook '/home/hungnb/cocarry_ws/install/motoman_sia30d_support/share/motoman_sia30d_support/hook/cmake_prefix_path.ps1'
[3.716s] INFO:colcon.colcon_core.shell:Creating environment descriptor '/home/hungnb/cocarry_ws/install/motoman_sia30d_support/share/motoman_sia30d_support/hook/cmake_prefix_path.dsv'
[3.717s] INFO:colcon.colcon_core.shell:Creating environment hook '/home/hungnb/cocarry_ws/install/motoman_sia30d_support/share/motoman_sia30d_support/hook/cmake_prefix_path.sh'
[3.717s] Level 1:colcon.colcon_core.environment:checking '/home/hungnb/cocarry_ws/install/motoman_sia30d_support/bin'
[3.717s] Level 1:colcon.colcon_core.environment:checking '/home/hungnb/cocarry_ws/install/motoman_sia30d_support/lib/pkgconfig/motoman_sia30d_support.pc'
[3.717s] Level 1:colcon.colcon_core.environment:checking '/home/hungnb/cocarry_ws/install/motoman_sia30d_support/lib/python3.10/site-packages'
[3.718s] Level 1:colcon.colcon_core.environment:checking '/home/hungnb/cocarry_ws/install/motoman_sia30d_support/bin'
[3.718s] INFO:colcon.colcon_core.shell:Creating package script '/home/hungnb/cocarry_ws/install/motoman_sia30d_support/share/motoman_sia30d_support/package.ps1'
[3.718s] INFO:colcon.colcon_core.shell:Creating package descriptor '/home/hungnb/cocarry_ws/install/motoman_sia30d_support/share/motoman_sia30d_support/package.dsv'
[3.719s] INFO:colcon.colcon_core.shell:Creating package script '/home/hungnb/cocarry_ws/install/motoman_sia30d_support/share/motoman_sia30d_support/package.sh'
[3.719s] INFO:colcon.colcon_core.shell:Creating package script '/home/hungnb/cocarry_ws/install/motoman_sia30d_support/share/motoman_sia30d_support/package.bash'
[3.719s] INFO:colcon.colcon_core.shell:Creating package script '/home/hungnb/cocarry_ws/install/motoman_sia30d_support/share/motoman_sia30d_support/package.zsh'
[3.720s] Level 1:colcon.colcon_core.environment:create_file_with_runtime_dependencies(/home/hungnb/cocarry_ws/install/motoman_sia30d_support/share/colcon-core/packages/motoman_sia30d_support)
[3.724s] Level 1:colcon.colcon_core.environment:create_environment_scripts_only(hc10dtp_moveit_config)
[3.724s] Level 1:colcon.colcon_core.environment:checking '/home/hungnb/cocarry_ws/install/hc10dtp_moveit_config' for CMake module files
[3.725s] DEBUG:colcon.colcon_core.event_handler.log_command:Invoked command in '/home/hungnb/cocarry_ws/build/hc10dtp_moveit_config' returned '0': AMENT_PREFIX_PATH=/home/hungnb/cocarry_ws/install/motoman_hc10dtp_support:/home/hungnb/cocarry_ws/install/motoman_hc10_support:/home/hungnb/cocarry_ws/install/motoman_resources:${AMENT_PREFIX_PATH} CMAKE_PREFIX_PATH=/home/hungnb/cocarry_ws/install/motoman_hc10dtp_support:/home/hungnb/cocarry_ws/install/motoman_hc10_support:/home/hungnb/cocarry_ws/install/motoman_resources:/opt/ros/humble /usr/bin/cmake --install /home/hungnb/cocarry_ws/build/hc10dtp_moveit_config
[3.725s] Level 1:colcon.colcon_core.environment:checking '/home/hungnb/cocarry_ws/install/hc10dtp_moveit_config' for CMake config files
[3.726s] Level 1:colcon.colcon_core.shell:create_environment_hook('hc10dtp_moveit_config', 'cmake_prefix_path')
[3.726s] INFO:colcon.colcon_core.shell:Creating environment hook '/home/hungnb/cocarry_ws/install/hc10dtp_moveit_config/share/hc10dtp_moveit_config/hook/cmake_prefix_path.ps1'
[3.726s] INFO:colcon.colcon_core.shell:Creating environment descriptor '/home/hungnb/cocarry_ws/install/hc10dtp_moveit_config/share/hc10dtp_moveit_config/hook/cmake_prefix_path.dsv'
[3.727s] INFO:colcon.colcon_core.shell:Creating environment hook '/home/hungnb/cocarry_ws/install/hc10dtp_moveit_config/share/hc10dtp_moveit_config/hook/cmake_prefix_path.sh'
[3.727s] Level 1:colcon.colcon_core.environment:checking '/home/hungnb/cocarry_ws/install/hc10dtp_moveit_config/bin'
[3.727s] Level 1:colcon.colcon_core.environment:checking '/home/hungnb/cocarry_ws/install/hc10dtp_moveit_config/lib/pkgconfig/hc10dtp_moveit_config.pc'
[3.727s] Level 1:colcon.colcon_core.environment:checking '/home/hungnb/cocarry_ws/install/hc10dtp_moveit_config/lib/python3.10/site-packages'
[3.727s] Level 1:colcon.colcon_core.environment:checking '/home/hungnb/cocarry_ws/install/hc10dtp_moveit_config/bin'
[3.728s] INFO:colcon.colcon_core.shell:Creating package script '/home/hungnb/cocarry_ws/install/hc10dtp_moveit_config/share/hc10dtp_moveit_config/package.ps1'
[3.728s] INFO:colcon.colcon_core.shell:Creating package descriptor '/home/hungnb/cocarry_ws/install/hc10dtp_moveit_config/share/hc10dtp_moveit_config/package.dsv'
[3.728s] INFO:colcon.colcon_core.shell:Creating package script '/home/hungnb/cocarry_ws/install/hc10dtp_moveit_config/share/hc10dtp_moveit_config/package.sh'
[3.729s] INFO:colcon.colcon_core.shell:Creating package script '/home/hungnb/cocarry_ws/install/hc10dtp_moveit_config/share/hc10dtp_moveit_config/package.bash'
[3.729s] INFO:colcon.colcon_core.shell:Creating package script '/home/hungnb/cocarry_ws/install/hc10dtp_moveit_config/share/hc10dtp_moveit_config/package.zsh'
[3.729s] Level 1:colcon.colcon_core.environment:create_file_with_runtime_dependencies(/home/hungnb/cocarry_ws/install/hc10dtp_moveit_config/share/colcon-core/packages/hc10dtp_moveit_config)
[3.730s] Level 1:colcon.colcon_core.environment:create_environment_scripts_only(hc10dtp_moveit_config)
[3.730s] Level 1:colcon.colcon_core.environment:checking '/home/hungnb/cocarry_ws/install/hc10dtp_moveit_config' for CMake module files
[3.730s] Level 1:colcon.colcon_core.environment:checking '/home/hungnb/cocarry_ws/install/hc10dtp_moveit_config' for CMake config files
[3.731s] Level 1:colcon.colcon_core.shell:create_environment_hook('hc10dtp_moveit_config', 'cmake_prefix_path')
[3.731s] INFO:colcon.colcon_core.shell:Creating environment hook '/home/hungnb/cocarry_ws/install/hc10dtp_moveit_config/share/hc10dtp_moveit_config/hook/cmake_prefix_path.ps1'
[3.731s] INFO:colcon.colcon_core.shell:Creating environment descriptor '/home/hungnb/cocarry_ws/install/hc10dtp_moveit_config/share/hc10dtp_moveit_config/hook/cmake_prefix_path.dsv'
[3.731s] INFO:colcon.colcon_core.shell:Creating environment hook '/home/hungnb/cocarry_ws/install/hc10dtp_moveit_config/share/hc10dtp_moveit_config/hook/cmake_prefix_path.sh'
[3.732s] Level 1:colcon.colcon_core.environment:checking '/home/hungnb/cocarry_ws/install/hc10dtp_moveit_config/bin'
[3.732s] Level 1:colcon.colcon_core.environment:checking '/home/hungnb/cocarry_ws/install/hc10dtp_moveit_config/lib/pkgconfig/hc10dtp_moveit_config.pc'
[3.732s] Level 1:colcon.colcon_core.environment:checking '/home/hungnb/cocarry_ws/install/hc10dtp_moveit_config/lib/python3.10/site-packages'
[3.732s] Level 1:colcon.colcon_core.environment:checking '/home/hungnb/cocarry_ws/install/hc10dtp_moveit_config/bin'
[3.732s] INFO:colcon.colcon_core.shell:Creating package script '/home/hungnb/cocarry_ws/install/hc10dtp_moveit_config/share/hc10dtp_moveit_config/package.ps1'
[3.733s] INFO:colcon.colcon_core.shell:Creating package descriptor '/home/hungnb/cocarry_ws/install/hc10dtp_moveit_config/share/hc10dtp_moveit_config/package.dsv'
[3.733s] INFO:colcon.colcon_core.shell:Creating package script '/home/hungnb/cocarry_ws/install/hc10dtp_moveit_config/share/hc10dtp_moveit_config/package.sh'
[3.733s] INFO:colcon.colcon_core.shell:Creating package script '/home/hungnb/cocarry_ws/install/hc10dtp_moveit_config/share/hc10dtp_moveit_config/package.bash'
[3.734s] INFO:colcon.colcon_core.shell:Creating package script '/home/hungnb/cocarry_ws/install/hc10dtp_moveit_config/share/hc10dtp_moveit_config/package.zsh'
[3.734s] Level 1:colcon.colcon_core.environment:create_file_with_runtime_dependencies(/home/hungnb/cocarry_ws/install/hc10dtp_moveit_config/share/colcon-core/packages/hc10dtp_moveit_config)
[3.735s] INFO:colcon.colcon_ros.task.ament_cmake.build:Building ROS package in '/home/hungnb/cocarry_ws/src/hc10dtp_bringup' with build type 'ament_cmake'
[3.735s] INFO:colcon.colcon_cmake.task.cmake.build:Building CMake package in '/home/hungnb/cocarry_ws/src/hc10dtp_bringup'
[3.736s] INFO:colcon.colcon_core.shell:Skip shell extension 'powershell' for command environment: Not usable outside of PowerShell
[3.736s] DEBUG:colcon.colcon_core.shell:Skip shell extension 'dsv' for command environment
[3.741s] Level 1:colcon.colcon_core.environment:create_environment_scripts_only(motoros2_interfaces)
[3.741s] Level 1:colcon.colcon_core.environment:checking '/home/hungnb/cocarry_ws/install/motoros2_interfaces' for CMake module files
[3.742s] DEBUG:colcon.colcon_core.event_handler.log_command:Invoked command in '/home/hungnb/cocarry_ws/build/motoros2_interfaces' returned '0': CMAKE_PREFIX_PATH=/opt/ros/humble /usr/bin/cmake --install /home/hungnb/cocarry_ws/build/motoros2_interfaces
[3.742s] Level 1:colcon.colcon_core.environment:checking '/home/hungnb/cocarry_ws/install/motoros2_interfaces' for CMake config files
[3.745s] Level 1:colcon.colcon_core.shell:create_environment_hook('motoros2_interfaces', 'cmake_prefix_path')
[3.745s] INFO:colcon.colcon_core.shell:Creating environment hook '/home/hungnb/cocarry_ws/install/motoros2_interfaces/share/motoros2_interfaces/hook/cmake_prefix_path.ps1'
[3.745s] INFO:colcon.colcon_core.shell:Creating environment descriptor '/home/hungnb/cocarry_ws/install/motoros2_interfaces/share/motoros2_interfaces/hook/cmake_prefix_path.dsv'
[3.746s] INFO:colcon.colcon_core.shell:Creating environment hook '/home/hungnb/cocarry_ws/install/motoros2_interfaces/share/motoros2_interfaces/hook/cmake_prefix_path.sh'
[3.746s] Level 1:colcon.colcon_core.environment:checking '/home/hungnb/cocarry_ws/install/motoros2_interfaces/lib'
[3.746s] Level 1:colcon.colcon_core.shell:create_environment_hook('motoros2_interfaces', 'ld_library_path_lib')
[3.746s] INFO:colcon.colcon_core.shell:Creating environment hook '/home/hungnb/cocarry_ws/install/motoros2_interfaces/share/motoros2_interfaces/hook/ld_library_path_lib.ps1'
[3.747s] INFO:colcon.colcon_core.shell:Creating environment descriptor '/home/hungnb/cocarry_ws/install/motoros2_interfaces/share/motoros2_interfaces/hook/ld_library_path_lib.dsv'
[3.747s] INFO:colcon.colcon_core.shell:Creating environment hook '/home/hungnb/cocarry_ws/install/motoros2_interfaces/share/motoros2_interfaces/hook/ld_library_path_lib.sh'
[3.747s] Level 1:colcon.colcon_core.environment:checking '/home/hungnb/cocarry_ws/install/motoros2_interfaces/bin'
[3.747s] Level 1:colcon.colcon_core.environment:checking '/home/hungnb/cocarry_ws/install/motoros2_interfaces/lib/pkgconfig/motoros2_interfaces.pc'
[3.747s] Level 1:colcon.colcon_core.environment:checking '/home/hungnb/cocarry_ws/install/motoros2_interfaces/lib/python3.10/site-packages'
[3.747s] Level 1:colcon.colcon_core.environment:checking '/home/hungnb/cocarry_ws/install/motoros2_interfaces/bin'
[3.748s] INFO:colcon.colcon_core.shell:Creating package script '/home/hungnb/cocarry_ws/install/motoros2_interfaces/share/motoros2_interfaces/package.ps1'
[3.748s] INFO:colcon.colcon_core.shell:Creating package descriptor '/home/hungnb/cocarry_ws/install/motoros2_interfaces/share/motoros2_interfaces/package.dsv'
[3.749s] INFO:colcon.colcon_core.shell:Creating package script '/home/hungnb/cocarry_ws/install/motoros2_interfaces/share/motoros2_interfaces/package.sh'
[3.749s] INFO:colcon.colcon_core.shell:Creating package script '/home/hungnb/cocarry_ws/install/motoros2_interfaces/share/motoros2_interfaces/package.bash'
[3.749s] INFO:colcon.colcon_core.shell:Creating package script '/home/hungnb/cocarry_ws/install/motoros2_interfaces/share/motoros2_interfaces/package.zsh'
[3.749s] Level 1:colcon.colcon_core.environment:create_file_with_runtime_dependencies(/home/hungnb/cocarry_ws/install/motoros2_interfaces/share/colcon-core/packages/motoros2_interfaces)
[3.750s] Level 1:colcon.colcon_core.environment:create_environment_scripts_only(motoros2_interfaces)
[3.750s] Level 1:colcon.colcon_core.environment:checking '/home/hungnb/cocarry_ws/install/motoros2_interfaces' for CMake module files
[3.751s] Level 1:colcon.colcon_core.environment:checking '/home/hungnb/cocarry_ws/install/motoros2_interfaces' for CMake config files
[3.753s] Level 1:colcon.colcon_core.shell:create_environment_hook('motoros2_interfaces', 'cmake_prefix_path')
[3.754s] INFO:colcon.colcon_core.shell:Creating environment hook '/home/hungnb/cocarry_ws/install/motoros2_interfaces/share/motoros2_interfaces/hook/cmake_prefix_path.ps1'
[3.754s] INFO:colcon.colcon_core.shell:Creating environment descriptor '/home/hungnb/cocarry_ws/install/motoros2_interfaces/share/motoros2_interfaces/hook/cmake_prefix_path.dsv'
[3.754s] INFO:colcon.colcon_core.shell:Creating environment hook '/home/hungnb/cocarry_ws/install/motoros2_interfaces/share/motoros2_interfaces/hook/cmake_prefix_path.sh'
[3.755s] Level 1:colcon.colcon_core.environment:checking '/home/hungnb/cocarry_ws/install/motoros2_interfaces/lib'
[3.755s] Level 1:colcon.colcon_core.shell:create_environment_hook('motoros2_interfaces', 'ld_library_path_lib')
[3.755s] INFO:colcon.colcon_core.shell:Creating environment hook '/home/hungnb/cocarry_ws/install/motoros2_interfaces/share/motoros2_interfaces/hook/ld_library_path_lib.ps1'
[3.755s] INFO:colcon.colcon_core.shell:Creating environment descriptor '/home/hungnb/cocarry_ws/install/motoros2_interfaces/share/motoros2_interfaces/hook/ld_library_path_lib.dsv'
[3.756s] INFO:colcon.colcon_core.shell:Creating environment hook '/home/hungnb/cocarry_ws/install/motoros2_interfaces/share/motoros2_interfaces/hook/ld_library_path_lib.sh'
[3.756s] Level 1:colcon.colcon_core.environment:checking '/home/hungnb/cocarry_ws/install/motoros2_interfaces/bin'
[3.756s] Level 1:colcon.colcon_core.environment:checking '/home/hungnb/cocarry_ws/install/motoros2_interfaces/lib/pkgconfig/motoros2_interfaces.pc'
[3.756s] Level 1:colcon.colcon_core.environment:checking '/home/hungnb/cocarry_ws/install/motoros2_interfaces/lib/python3.10/site-packages'
[3.757s] Level 1:colcon.colcon_core.environment:checking '/home/hungnb/cocarry_ws/install/motoros2_interfaces/bin'
[3.757s] INFO:colcon.colcon_core.shell:Creating package script '/home/hungnb/cocarry_ws/install/motoros2_interfaces/share/motoros2_interfaces/package.ps1'
[3.757s] INFO:colcon.colcon_core.shell:Creating package descriptor '/home/hungnb/cocarry_ws/install/motoros2_interfaces/share/motoros2_interfaces/package.dsv'
[3.758s] INFO:colcon.colcon_core.shell:Creating package script '/home/hungnb/cocarry_ws/install/motoros2_interfaces/share/motoros2_interfaces/package.sh'
[3.758s] INFO:colcon.colcon_core.shell:Creating package script '/home/hungnb/cocarry_ws/install/motoros2_interfaces/share/motoros2_interfaces/package.bash'
[3.758s] INFO:colcon.colcon_core.shell:Creating package script '/home/hungnb/cocarry_ws/install/motoros2_interfaces/share/motoros2_interfaces/package.zsh'
[3.759s] Level 1:colcon.colcon_core.environment:create_file_with_runtime_dependencies(/home/hungnb/cocarry_ws/install/motoros2_interfaces/share/colcon-core/packages/motoros2_interfaces)
[3.759s] Level 1:colcon.colcon_core.environment:create_environment_scripts_only(motoman_sia5d_support)
[3.759s] Level 1:colcon.colcon_core.environment:checking '/home/hungnb/cocarry_ws/install/motoman_sia5d_support' for CMake module files
[3.760s] Level 1:colcon.colcon_core.environment:checking '/home/hungnb/cocarry_ws/install/motoman_sia5d_support' for CMake config files
[3.760s] DEBUG:colcon.colcon_core.event_handler.log_command:Invoked command in '/home/hungnb/cocarry_ws/build/motoman_sia5d_support' returned '0': AMENT_PREFIX_PATH=/home/hungnb/cocarry_ws/install/motoman_resources:${AMENT_PREFIX_PATH} CMAKE_PREFIX_PATH=/home/hungnb/cocarry_ws/install/motoman_resources:/opt/ros/humble /usr/bin/cmake --install /home/hungnb/cocarry_ws/build/motoman_sia5d_support
[3.760s] Level 1:colcon.colcon_core.shell:create_environment_hook('motoman_sia5d_support', 'cmake_prefix_path')
[3.760s] INFO:colcon.colcon_core.shell:Creating environment hook '/home/hungnb/cocarry_ws/install/motoman_sia5d_support/share/motoman_sia5d_support/hook/cmake_prefix_path.ps1'
[3.761s] INFO:colcon.colcon_core.shell:Creating environment descriptor '/home/hungnb/cocarry_ws/install/motoman_sia5d_support/share/motoman_sia5d_support/hook/cmake_prefix_path.dsv'
[3.761s] INFO:colcon.colcon_core.shell:Creating environment hook '/home/hungnb/cocarry_ws/install/motoman_sia5d_support/share/motoman_sia5d_support/hook/cmake_prefix_path.sh'
[3.761s] Level 1:colcon.colcon_core.environment:checking '/home/hungnb/cocarry_ws/install/motoman_sia5d_support/bin'
[3.762s] Level 1:colcon.colcon_core.environment:checking '/home/hungnb/cocarry_ws/install/motoman_sia5d_support/lib/pkgconfig/motoman_sia5d_support.pc'
[3.762s] Level 1:colcon.colcon_core.environment:checking '/home/hungnb/cocarry_ws/install/motoman_sia5d_support/lib/python3.10/site-packages'
[3.762s] Level 1:colcon.colcon_core.environment:checking '/home/hungnb/cocarry_ws/install/motoman_sia5d_support/bin'
[3.762s] INFO:colcon.colcon_core.shell:Creating package script '/home/hungnb/cocarry_ws/install/motoman_sia5d_support/share/motoman_sia5d_support/package.ps1'
[3.763s] INFO:colcon.colcon_core.shell:Creating package descriptor '/home/hungnb/cocarry_ws/install/motoman_sia5d_support/share/motoman_sia5d_support/package.dsv'
[3.763s] INFO:colcon.colcon_core.shell:Creating package script '/home/hungnb/cocarry_ws/install/motoman_sia5d_support/share/motoman_sia5d_support/package.sh'
[3.764s] INFO:colcon.colcon_core.shell:Creating package script '/home/hungnb/cocarry_ws/install/motoman_sia5d_support/share/motoman_sia5d_support/package.bash'
[3.764s] INFO:colcon.colcon_core.shell:Creating package script '/home/hungnb/cocarry_ws/install/motoman_sia5d_support/share/motoman_sia5d_support/package.zsh'
[3.764s] Level 1:colcon.colcon_core.environment:create_file_with_runtime_dependencies(/home/hungnb/cocarry_ws/install/motoman_sia5d_support/share/colcon-core/packages/motoman_sia5d_support)
[3.765s] Level 1:colcon.colcon_core.environment:create_environment_scripts_only(motoman_sia5d_support)
[3.765s] Level 1:colcon.colcon_core.environment:checking '/home/hungnb/cocarry_ws/install/motoman_sia5d_support' for CMake module files
[3.765s] Level 1:colcon.colcon_core.environment:checking '/home/hungnb/cocarry_ws/install/motoman_sia5d_support' for CMake config files
[3.766s] Level 1:colcon.colcon_core.shell:create_environment_hook('motoman_sia5d_support', 'cmake_prefix_path')
[3.766s] INFO:colcon.colcon_core.shell:Creating environment hook '/home/hungnb/cocarry_ws/install/motoman_sia5d_support/share/motoman_sia5d_support/hook/cmake_prefix_path.ps1'
[3.766s] INFO:colcon.colcon_core.shell:Creating environment descriptor '/home/hungnb/cocarry_ws/install/motoman_sia5d_support/share/motoman_sia5d_support/hook/cmake_prefix_path.dsv'
[3.766s] INFO:colcon.colcon_core.shell:Creating environment hook '/home/hungnb/cocarry_ws/install/motoman_sia5d_support/share/motoman_sia5d_support/hook/cmake_prefix_path.sh'
[3.767s] Level 1:colcon.colcon_core.environment:checking '/home/hungnb/cocarry_ws/install/motoman_sia5d_support/bin'
[3.767s] Level 1:colcon.colcon_core.environment:checking '/home/hungnb/cocarry_ws/install/motoman_sia5d_support/lib/pkgconfig/motoman_sia5d_support.pc'
[3.767s] Level 1:colcon.colcon_core.environment:checking '/home/hungnb/cocarry_ws/install/motoman_sia5d_support/lib/python3.10/site-packages'
[3.767s] Level 1:colcon.colcon_core.environment:checking '/home/hungnb/cocarry_ws/install/motoman_sia5d_support/bin'
[3.767s] INFO:colcon.colcon_core.shell:Creating package script '/home/hungnb/cocarry_ws/install/motoman_sia5d_support/share/motoman_sia5d_support/package.ps1'
[3.768s] INFO:colcon.colcon_core.shell:Creating package descriptor '/home/hungnb/cocarry_ws/install/motoman_sia5d_support/share/motoman_sia5d_support/package.dsv'
[3.768s] INFO:colcon.colcon_core.shell:Creating package script '/home/hungnb/cocarry_ws/install/motoman_sia5d_support/share/motoman_sia5d_support/package.sh'
[3.768s] INFO:colcon.colcon_core.shell:Creating package script '/home/hungnb/cocarry_ws/install/motoman_sia5d_support/share/motoman_sia5d_support/package.bash'
[3.769s] INFO:colcon.colcon_core.shell:Creating package script '/home/hungnb/cocarry_ws/install/motoman_sia5d_support/share/motoman_sia5d_support/package.zsh'
[3.769s] Level 1:colcon.colcon_core.environment:create_file_with_runtime_dependencies(/home/hungnb/cocarry_ws/install/motoman_sia5d_support/share/colcon-core/packages/motoman_sia5d_support)
[3.955s] INFO:colcon.colcon_core.task.python.build:Building Python package in '/home/hungnb/cocarry_ws/src/kinect_tracker'
[3.956s] INFO:colcon.colcon_core.shell:Skip shell extension 'powershell' for command environment: Not usable outside of PowerShell
[3.956s] DEBUG:colcon.colcon_core.shell:Skip shell extension 'dsv' for command environment
[3.961s] Level 1:colcon.colcon_core.environment:create_environment_scripts_only(motoman_sia50_support)
[3.961s] Level 1:colcon.colcon_core.environment:checking '/home/hungnb/cocarry_ws/install/motoman_sia50_support' for CMake module files
[3.962s] DEBUG:colcon.colcon_core.event_handler.log_command:Invoked command in '/home/hungnb/cocarry_ws/build/motoman_sia50_support' returned '0': AMENT_PREFIX_PATH=/home/hungnb/cocarry_ws/install/motoman_resources:${AMENT_PREFIX_PATH} CMAKE_PREFIX_PATH=/home/hungnb/cocarry_ws/install/motoman_resources:/opt/ros/humble /usr/bin/cmake --install /home/hungnb/cocarry_ws/build/motoman_sia50_support
[3.962s] Level 1:colcon.colcon_core.environment:checking '/home/hungnb/cocarry_ws/install/motoman_sia50_support' for CMake config files
[3.963s] Level 1:colcon.colcon_core.shell:create_environment_hook('motoman_sia50_support', 'cmake_prefix_path')
[3.963s] INFO:colcon.colcon_core.shell:Creating environment hook '/home/hungnb/cocarry_ws/install/motoman_sia50_support/share/motoman_sia50_support/hook/cmake_prefix_path.ps1'
[3.964s] INFO:colcon.colcon_core.shell:Creating environment descriptor '/home/hungnb/cocarry_ws/install/motoman_sia50_support/share/motoman_sia50_support/hook/cmake_prefix_path.dsv'
[3.964s] INFO:colcon.colcon_core.shell:Creating environment hook '/home/hungnb/cocarry_ws/install/motoman_sia50_support/share/motoman_sia50_support/hook/cmake_prefix_path.sh'
[3.964s] Level 1:colcon.colcon_core.environment:checking '/home/hungnb/cocarry_ws/install/motoman_sia50_support/bin'
[3.965s] Level 1:colcon.colcon_core.environment:checking '/home/hungnb/cocarry_ws/install/motoman_sia50_support/lib/pkgconfig/motoman_sia50_support.pc'
[3.965s] Level 1:colcon.colcon_core.environment:checking '/home/hungnb/cocarry_ws/install/motoman_sia50_support/lib/python3.10/site-packages'
[3.965s] Level 1:colcon.colcon_core.environment:checking '/home/hungnb/cocarry_ws/install/motoman_sia50_support/bin'
[3.965s] INFO:colcon.colcon_core.shell:Creating package script '/home/hungnb/cocarry_ws/install/motoman_sia50_support/share/motoman_sia50_support/package.ps1'
[3.966s] INFO:colcon.colcon_core.shell:Creating package descriptor '/home/hungnb/cocarry_ws/install/motoman_sia50_support/share/motoman_sia50_support/package.dsv'
[3.966s] INFO:colcon.colcon_core.shell:Creating package script '/home/hungnb/cocarry_ws/install/motoman_sia50_support/share/motoman_sia50_support/package.sh'
[3.966s] INFO:colcon.colcon_core.shell:Creating package script '/home/hungnb/cocarry_ws/install/motoman_sia50_support/share/motoman_sia50_support/package.bash'
[3.967s] INFO:colcon.colcon_core.shell:Creating package script '/home/hungnb/cocarry_ws/install/motoman_sia50_support/share/motoman_sia50_support/package.zsh'
[3.967s] Level 1:colcon.colcon_core.environment:create_file_with_runtime_dependencies(/home/hungnb/cocarry_ws/install/motoman_sia50_support/share/colcon-core/packages/motoman_sia50_support)
[3.968s] Level 1:colcon.colcon_core.environment:create_environment_scripts_only(motoman_sia50_support)
[3.968s] Level 1:colcon.colcon_core.environment:checking '/home/hungnb/cocarry_ws/install/motoman_sia50_support' for CMake module files
[3.968s] Level 1:colcon.colcon_core.environment:checking '/home/hungnb/cocarry_ws/install/motoman_sia50_support' for CMake config files
[3.968s] Level 1:colcon.colcon_core.shell:create_environment_hook('motoman_sia50_support', 'cmake_prefix_path')
[3.969s] INFO:colcon.colcon_core.shell:Creating environment hook '/home/hungnb/cocarry_ws/install/motoman_sia50_support/share/motoman_sia50_support/hook/cmake_prefix_path.ps1'
[3.969s] INFO:colcon.colcon_core.shell:Creating environment descriptor '/home/hungnb/cocarry_ws/install/motoman_sia50_support/share/motoman_sia50_support/hook/cmake_prefix_path.dsv'
[3.969s] INFO:colcon.colcon_core.shell:Creating environment hook '/home/hungnb/cocarry_ws/install/motoman_sia50_support/share/motoman_sia50_support/hook/cmake_prefix_path.sh'
[3.970s] Level 1:colcon.colcon_core.environment:checking '/home/hungnb/cocarry_ws/install/motoman_sia50_support/bin'
[3.970s] Level 1:colcon.colcon_core.environment:checking '/home/hungnb/cocarry_ws/install/motoman_sia50_support/lib/pkgconfig/motoman_sia50_support.pc'
[3.970s] Level 1:colcon.colcon_core.environment:checking '/home/hungnb/cocarry_ws/install/motoman_sia50_support/lib/python3.10/site-packages'
[3.971s] Level 1:colcon.colcon_core.environment:checking '/home/hungnb/cocarry_ws/install/motoman_sia50_support/bin'
[3.971s] INFO:colcon.colcon_core.shell:Creating package script '/home/hungnb/cocarry_ws/install/motoman_sia50_support/share/motoman_sia50_support/package.ps1'
[3.972s] INFO:colcon.colcon_core.shell:Creating package descriptor '/home/hungnb/cocarry_ws/install/motoman_sia50_support/share/motoman_sia50_support/package.dsv'
[3.972s] INFO:colcon.colcon_core.shell:Creating package script '/home/hungnb/cocarry_ws/install/motoman_sia50_support/share/motoman_sia50_support/package.sh'
[3.972s] INFO:colcon.colcon_core.shell:Creating package script '/home/hungnb/cocarry_ws/install/motoman_sia50_support/share/motoman_sia50_support/package.bash'
[3.973s] INFO:colcon.colcon_core.shell:Creating package script '/home/hungnb/cocarry_ws/install/motoman_sia50_support/share/motoman_sia50_support/package.zsh'
[3.973s] Level 1:colcon.colcon_core.environment:create_file_with_runtime_dependencies(/home/hungnb/cocarry_ws/install/motoman_sia50_support/share/colcon-core/packages/motoman_sia50_support)
[3.973s] DEBUG:colcon.colcon_core.task.python.build:Available setuptools commands: install_egg_info, test, develop, build_clib, egg_info, install_headers, build_py, install_lib, alias, install, upload_docs, bdist_rpm, build_ext, check, bdist_egg, install_data, bdist_dumb, compile_catalog, rotate, bdist, build, sdist, init_catalog, bdist_wheel, setopt, install_scripts, clean, extract_messages, update_catalog, easy_install, saveopts, symlink_data, dist_info, upload, build_scripts, register
[3.977s] DEBUG:colcon.colcon_core.event_handler.log_command:Invoking command in '/home/hungnb/cocarry_ws/build/coord_transform': CMAKE_PREFIX_PATH=/home/hungnb/cocarry_ws/install/human_hand_msgs LD_LIBRARY_PATH=/home/hungnb/cocarry_ws/install/human_hand_msgs/lib:${LD_LIBRARY_PATH} PKG_CONFIG_PATH=/home/hungnb/cocarry_ws/install/human_hand_msgs/lib/x86_64-linux-gnu/pkgconfig:/home/hungnb/cocarry_ws/install/human_hand_msgs/lib/pkgconfig PYTHONPATH=/home/hungnb/cocarry_ws/build/coord_transform/prefix_override:/home/hungnb/.local/lib/python3.10/site-packages/colcon_core/task/python/colcon_distutils_commands:/home/hungnb/cocarry_ws/install/coord_transform/lib/python3.10/site-packages:/home/hungnb/cocarry_ws/install/human_hand_msgs/local/lib/python3.10/dist-packages:${PYTHONPATH} ROS_PACKAGE_PATH=/home/hungnb/cocarry_ws/install/human_hand_msgs/share /usr/bin/python3 -W ignore:setup.py install is deprecated -W ignore:easy_install command is deprecated setup.py develop --uninstall --editable --build-directory /home/hungnb/cocarry_ws/build/coord_transform/build
[3.977s] DEBUG:colcon.colcon_core.event_handler.log_command:Invoked command in '/home/hungnb/cocarry_ws/build/motoman_up50n_support' returned '0': AMENT_PREFIX_PATH=/home/hungnb/cocarry_ws/install/motoman_resources:${AMENT_PREFIX_PATH} CMAKE_PREFIX_PATH=/home/hungnb/cocarry_ws/install/motoman_resources:/opt/ros/humble /usr/bin/cmake --build /home/hungnb/cocarry_ws/build/motoman_up50n_support -- -j16 -l16
[3.977s] DEBUG:colcon.colcon_core.event_handler.log_command:Invoking command in '/home/hungnb/cocarry_ws/build/motoman_up50n_support': AMENT_PREFIX_PATH=/home/hungnb/cocarry_ws/install/motoman_resources:${AMENT_PREFIX_PATH} CMAKE_PREFIX_PATH=/home/hungnb/cocarry_ws/install/motoman_resources:/opt/ros/humble /usr/bin/cmake --install /home/hungnb/cocarry_ws/build/motoman_up50n_support
[3.981s] DEBUG:colcon.colcon_core.event_handler.log_command:Invoking command in '/home/hungnb/cocarry_ws/build/kinect2_calibration': AMENT_PREFIX_PATH=/home/hungnb/cocarry_ws/install/kinect2_bridge:/home/hungnb/cocarry_ws/install/kinect2_registration:${AMENT_PREFIX_PATH} CMAKE_PREFIX_PATH=/home/hungnb/cocarry_ws/install/kinect2_bridge:/home/hungnb/cocarry_ws/install/kinect2_registration:/opt/ros/humble LD_LIBRARY_PATH=/home/hungnb/cocarry_ws/install/kinect2_registration/lib:${LD_LIBRARY_PATH} /usr/bin/cmake /home/hungnb/cocarry_ws/src/kinect2_ros2/kinect2_calibration -DCMAKE_INSTALL_PREFIX=/home/hungnb/cocarry_ws/install/kinect2_calibration
[3.984s] DEBUG:colcon.colcon_core.event_handler.log_command:Invoking command in '/home/hungnb/cocarry_ws/build/hc10dtp_bringup': AMENT_PREFIX_PATH=/home/hungnb/cocarry_ws/install/hc10dtp_moveit_config:/home/hungnb/cocarry_ws/install/motoman_hc10dtp_support:/home/hungnb/cocarry_ws/install/motoman_hc10_support:/home/hungnb/cocarry_ws/install/motoman_resources:${AMENT_PREFIX_PATH} CMAKE_PREFIX_PATH=/home/hungnb/cocarry_ws/install/hc10dtp_moveit_config:/home/hungnb/cocarry_ws/install/motoman_hc10dtp_support:/home/hungnb/cocarry_ws/install/motoman_hc10_support:/home/hungnb/cocarry_ws/install/motoman_resources:/opt/ros/humble /usr/bin/cmake /home/hungnb/cocarry_ws/src/hc10dtp_bringup -DCMAKE_INSTALL_PREFIX=/home/hungnb/cocarry_ws/install/hc10dtp_bringup
[3.985s] DEBUG:colcon.colcon_core.event_handler.log_command:Invoked command in '/home/hungnb/cocarry_ws/build/motoman_mh110_support' returned '0': AMENT_PREFIX_PATH=/home/hungnb/cocarry_ws/install/motoman_gp110_support:/home/hungnb/cocarry_ws/install/motoman_resources:${AMENT_PREFIX_PATH} CMAKE_PREFIX_PATH=/home/hungnb/cocarry_ws/install/motoman_gp110_support:/home/hungnb/cocarry_ws/install/motoman_resources:/opt/ros/humble /usr/bin/cmake /home/hungnb/cocarry_ws/src/motoman_ros2_support_packages/motoman_mh110_support -DCMAKE_INSTALL_PREFIX=/home/hungnb/cocarry_ws/install/motoman_mh110_support
[3.986s] DEBUG:colcon.colcon_core.task.python.build:Available setuptools commands: install_egg_info, test, develop, build_clib, egg_info, install_headers, build_py, install_lib, alias, install, upload_docs, bdist_rpm, build_ext, check, bdist_egg, install_data, bdist_dumb, compile_catalog, rotate, bdist, build, sdist, init_catalog, bdist_wheel, setopt, install_scripts, clean, extract_messages, update_catalog, easy_install, saveopts, symlink_data, dist_info, upload, build_scripts, register
[3.989s] DEBUG:colcon.colcon_core.task.python.build:Available setuptools commands: install_egg_info, test, develop, build_clib, egg_info, install_headers, build_py, install_lib, alias, install, upload_docs, bdist_rpm, build_ext, check, bdist_egg, install_data, bdist_dumb, compile_catalog, rotate, bdist, build, sdist, init_catalog, bdist_wheel, setopt, install_scripts, clean, extract_messages, update_catalog, easy_install, saveopts, symlink_data, dist_info, upload, build_scripts, register
[3.989s] DEBUG:colcon.colcon_core.event_handler.log_command:Invoking command in '/home/hungnb/cocarry_ws/build/motoman_mh110_support': AMENT_PREFIX_PATH=/home/hungnb/cocarry_ws/install/motoman_gp110_support:/home/hungnb/cocarry_ws/install/motoman_resources:${AMENT_PREFIX_PATH} CMAKE_PREFIX_PATH=/home/hungnb/cocarry_ws/install/motoman_gp110_support:/home/hungnb/cocarry_ws/install/motoman_resources:/opt/ros/humble /usr/bin/cmake --build /home/hungnb/cocarry_ws/build/motoman_mh110_support -- -j16 -l16
[3.992s] DEBUG:colcon.colcon_core.event_handler.log_command:Invoked command in '/home/hungnb/cocarry_ws/build/motoman_gp250_support' returned '0': AMENT_PREFIX_PATH=/home/hungnb/cocarry_ws/install/motoman_gp215_support:/home/hungnb/cocarry_ws/install/motoman_resources:${AMENT_PREFIX_PATH} CMAKE_PREFIX_PATH=/home/hungnb/cocarry_ws/install/motoman_gp215_support:/home/hungnb/cocarry_ws/install/motoman_resources:/opt/ros/humble /usr/bin/cmake /home/hungnb/cocarry_ws/src/motoman_ros2_support_packages/motoman_gp250_support -DCMAKE_INSTALL_PREFIX=/home/hungnb/cocarry_ws/install/motoman_gp250_support
[3.996s] DEBUG:colcon.colcon_core.event_handler.log_command:Invoking command in '/home/hungnb/cocarry_ws/build/motoman_gp250_support': AMENT_PREFIX_PATH=/home/hungnb/cocarry_ws/install/motoman_gp215_support:/home/hungnb/cocarry_ws/install/motoman_resources:${AMENT_PREFIX_PATH} CMAKE_PREFIX_PATH=/home/hungnb/cocarry_ws/install/motoman_gp215_support:/home/hungnb/cocarry_ws/install/motoman_resources:/opt/ros/humble /usr/bin/cmake --build /home/hungnb/cocarry_ws/build/motoman_gp250_support -- -j16 -l16
[3.997s] DEBUG:colcon.colcon_core.event_handler.log_command:Invoking command in '/home/hungnb/cocarry_ws/build/predictor_ui': CMAKE_PREFIX_PATH=/home/hungnb/cocarry_ws/install/human_hand_msgs LD_LIBRARY_PATH=/home/hungnb/cocarry_ws/install/human_hand_msgs/lib:${LD_LIBRARY_PATH} PKG_CONFIG_PATH=/home/hungnb/cocarry_ws/install/human_hand_msgs/lib/x86_64-linux-gnu/pkgconfig:/home/hungnb/cocarry_ws/install/human_hand_msgs/lib/pkgconfig PYTHONPATH=/home/hungnb/cocarry_ws/build/predictor_ui/prefix_override:/home/hungnb/.local/lib/python3.10/site-packages/colcon_core/task/python/colcon_distutils_commands:/home/hungnb/cocarry_ws/install/predictor_ui/lib/python3.10/site-packages:/home/hungnb/cocarry_ws/install/human_hand_msgs/local/lib/python3.10/dist-packages:${PYTHONPATH} ROS_PACKAGE_PATH=/home/hungnb/cocarry_ws/install/human_hand_msgs/share /usr/bin/python3 -W ignore:setup.py install is deprecated -W ignore:easy_install command is deprecated setup.py develop --uninstall --editable --build-directory /home/hungnb/cocarry_ws/build/predictor_ui/build
[3.998s] DEBUG:colcon.colcon_core.event_handler.log_command:Invoking command in '/home/hungnb/cocarry_ws/build/experiment_logger': CMAKE_PREFIX_PATH=/home/hungnb/cocarry_ws/install/human_hand_msgs LD_LIBRARY_PATH=/home/hungnb/cocarry_ws/install/human_hand_msgs/lib:${LD_LIBRARY_PATH} PKG_CONFIG_PATH=/home/hungnb/cocarry_ws/install/human_hand_msgs/lib/x86_64-linux-gnu/pkgconfig:/home/hungnb/cocarry_ws/install/human_hand_msgs/lib/pkgconfig PYTHONPATH=/home/hungnb/cocarry_ws/build/experiment_logger/prefix_override:/home/hungnb/.local/lib/python3.10/site-packages/colcon_core/task/python/colcon_distutils_commands:/home/hungnb/cocarry_ws/install/experiment_logger/lib/python3.10/site-packages:/home/hungnb/cocarry_ws/install/human_hand_msgs/local/lib/python3.10/dist-packages:${PYTHONPATH} ROS_PACKAGE_PATH=/home/hungnb/cocarry_ws/install/human_hand_msgs/share /usr/bin/python3 -W ignore:setup.py install is deprecated -W ignore:easy_install command is deprecated setup.py develop --uninstall --editable --build-directory /home/hungnb/cocarry_ws/build/experiment_logger/build
[4.001s] Level 1:colcon.colcon_core.environment:create_environment_scripts_only(motoman_up50n_support)
[4.002s] Level 1:colcon.colcon_core.environment:checking '/home/hungnb/cocarry_ws/install/motoman_up50n_support' for CMake module files
[4.002s] DEBUG:colcon.colcon_core.event_handler.log_command:Invoked command in '/home/hungnb/cocarry_ws/build/motoman_up50n_support' returned '0': AMENT_PREFIX_PATH=/home/hungnb/cocarry_ws/install/motoman_resources:${AMENT_PREFIX_PATH} CMAKE_PREFIX_PATH=/home/hungnb/cocarry_ws/install/motoman_resources:/opt/ros/humble /usr/bin/cmake --install /home/hungnb/cocarry_ws/build/motoman_up50n_support
[4.003s] Level 1:colcon.colcon_core.environment:checking '/home/hungnb/cocarry_ws/install/motoman_up50n_support' for CMake config files
[4.003s] Level 1:colcon.colcon_core.shell:create_environment_hook('motoman_up50n_support', 'cmake_prefix_path')
[4.004s] INFO:colcon.colcon_core.shell:Creating environment hook '/home/hungnb/cocarry_ws/install/motoman_up50n_support/share/motoman_up50n_support/hook/cmake_prefix_path.ps1'
[4.004s] INFO:colcon.colcon_core.shell:Creating environment descriptor '/home/hungnb/cocarry_ws/install/motoman_up50n_support/share/motoman_up50n_support/hook/cmake_prefix_path.dsv'
[4.005s] INFO:colcon.colcon_core.shell:Creating environment hook '/home/hungnb/cocarry_ws/install/motoman_up50n_support/share/motoman_up50n_support/hook/cmake_prefix_path.sh'
[4.005s] Level 1:colcon.colcon_core.environment:checking '/home/hungnb/cocarry_ws/install/motoman_up50n_support/bin'
[4.005s] Level 1:colcon.colcon_core.environment:checking '/home/hungnb/cocarry_ws/install/motoman_up50n_support/lib/pkgconfig/motoman_up50n_support.pc'
[4.005s] Level 1:colcon.colcon_core.environment:checking '/home/hungnb/cocarry_ws/install/motoman_up50n_support/lib/python3.10/site-packages'
[4.006s] Level 1:colcon.colcon_core.environment:checking '/home/hungnb/cocarry_ws/install/motoman_up50n_support/bin'
[4.006s] INFO:colcon.colcon_core.shell:Creating package script '/home/hungnb/cocarry_ws/install/motoman_up50n_support/share/motoman_up50n_support/package.ps1'
[4.006s] INFO:colcon.colcon_core.shell:Creating package descriptor '/home/hungnb/cocarry_ws/install/motoman_up50n_support/share/motoman_up50n_support/package.dsv'
[4.007s] INFO:colcon.colcon_core.shell:Creating package script '/home/hungnb/cocarry_ws/install/motoman_up50n_support/share/motoman_up50n_support/package.sh'
[4.007s] INFO:colcon.colcon_core.shell:Creating package script '/home/hungnb/cocarry_ws/install/motoman_up50n_support/share/motoman_up50n_support/package.bash'
[4.008s] INFO:colcon.colcon_core.shell:Creating package script '/home/hungnb/cocarry_ws/install/motoman_up50n_support/share/motoman_up50n_support/package.zsh'
[4.008s] Level 1:colcon.colcon_core.environment:create_file_with_runtime_dependencies(/home/hungnb/cocarry_ws/install/motoman_up50n_support/share/colcon-core/packages/motoman_up50n_support)
[4.008s] Level 1:colcon.colcon_core.environment:create_environment_scripts_only(motoman_up50n_support)
[4.009s] Level 1:colcon.colcon_core.environment:checking '/home/hungnb/cocarry_ws/install/motoman_up50n_support' for CMake module files
[4.009s] Level 1:colcon.colcon_core.environment:checking '/home/hungnb/cocarry_ws/install/motoman_up50n_support' for CMake config files
[4.010s] Level 1:colcon.colcon_core.shell:create_environment_hook('motoman_up50n_support', 'cmake_prefix_path')
[4.010s] INFO:colcon.colcon_core.shell:Creating environment hook '/home/hungnb/cocarry_ws/install/motoman_up50n_support/share/motoman_up50n_support/hook/cmake_prefix_path.ps1'
[4.010s] INFO:colcon.colcon_core.shell:Creating environment descriptor '/home/hungnb/cocarry_ws/install/motoman_up50n_support/share/motoman_up50n_support/hook/cmake_prefix_path.dsv'
[4.011s] INFO:colcon.colcon_core.shell:Creating environment hook '/home/hungnb/cocarry_ws/install/motoman_up50n_support/share/motoman_up50n_support/hook/cmake_prefix_path.sh'
[4.011s] Level 1:colcon.colcon_core.environment:checking '/home/hungnb/cocarry_ws/install/motoman_up50n_support/bin'
[4.011s] Level 1:colcon.colcon_core.environment:checking '/home/hungnb/cocarry_ws/install/motoman_up50n_support/lib/pkgconfig/motoman_up50n_support.pc'
[4.011s] Level 1:colcon.colcon_core.environment:checking '/home/hungnb/cocarry_ws/install/motoman_up50n_support/lib/python3.10/site-packages'
[4.011s] Level 1:colcon.colcon_core.environment:checking '/home/hungnb/cocarry_ws/install/motoman_up50n_support/bin'
[4.012s] INFO:colcon.colcon_core.shell:Creating package script '/home/hungnb/cocarry_ws/install/motoman_up50n_support/share/motoman_up50n_support/package.ps1'
[4.012s] INFO:colcon.colcon_core.shell:Creating package descriptor '/home/hungnb/cocarry_ws/install/motoman_up50n_support/share/motoman_up50n_support/package.dsv'
[4.013s] INFO:colcon.colcon_core.shell:Creating package script '/home/hungnb/cocarry_ws/install/motoman_up50n_support/share/motoman_up50n_support/package.sh'
[4.013s] INFO:colcon.colcon_core.shell:Creating package script '/home/hungnb/cocarry_ws/install/motoman_up50n_support/share/motoman_up50n_support/package.bash'
[4.014s] INFO:colcon.colcon_core.shell:Creating package script '/home/hungnb/cocarry_ws/install/motoman_up50n_support/share/motoman_up50n_support/package.zsh'
[4.014s] Level 1:colcon.colcon_core.environment:create_file_with_runtime_dependencies(/home/hungnb/cocarry_ws/install/motoman_up50n_support/share/colcon-core/packages/motoman_up50n_support)
[4.015s] DEBUG:colcon.colcon_core.task.python.build:Available setuptools commands: install_egg_info, test, develop, build_clib, egg_info, install_headers, build_py, install_lib, alias, install, upload_docs, bdist_rpm, build_ext, check, bdist_egg, install_data, bdist_dumb, compile_catalog, rotate, bdist, build, sdist, init_catalog, bdist_wheel, setopt, install_scripts, clean, extract_messages, update_catalog, easy_install, saveopts, symlink_data, dist_info, upload, build_scripts, register
[4.017s] DEBUG:colcon.colcon_core.event_handler.log_command:Invoking command in '/home/hungnb/cocarry_ws/build/realsense_tracker': CMAKE_PREFIX_PATH=/home/hungnb/cocarry_ws/install/human_hand_msgs LD_LIBRARY_PATH=/home/hungnb/cocarry_ws/install/human_hand_msgs/lib:${LD_LIBRARY_PATH} PKG_CONFIG_PATH=/home/hungnb/cocarry_ws/install/human_hand_msgs/lib/x86_64-linux-gnu/pkgconfig:/home/hungnb/cocarry_ws/install/human_hand_msgs/lib/pkgconfig PYTHONPATH=/home/hungnb/cocarry_ws/build/realsense_tracker/prefix_override:/home/hungnb/.local/lib/python3.10/site-packages/colcon_core/task/python/colcon_distutils_commands:/home/hungnb/cocarry_ws/install/realsense_tracker/lib/python3.10/site-packages:/home/hungnb/cocarry_ws/install/human_hand_msgs/local/lib/python3.10/dist-packages:${PYTHONPATH} ROS_PACKAGE_PATH=/home/hungnb/cocarry_ws/install/human_hand_msgs/share /usr/bin/python3 -W ignore:setup.py install is deprecated -W ignore:easy_install command is deprecated setup.py develop --uninstall --editable --build-directory /home/hungnb/cocarry_ws/build/realsense_tracker/build
[4.026s] DEBUG:colcon.colcon_core.event_handler.log_command:Invoked command in '/home/hungnb/cocarry_ws/build/motoman_mh110_support' returned '0': AMENT_PREFIX_PATH=/home/hungnb/cocarry_ws/install/motoman_gp110_support:/home/hungnb/cocarry_ws/install/motoman_resources:${AMENT_PREFIX_PATH} CMAKE_PREFIX_PATH=/home/hungnb/cocarry_ws/install/motoman_gp110_support:/home/hungnb/cocarry_ws/install/motoman_resources:/opt/ros/humble /usr/bin/cmake --build /home/hungnb/cocarry_ws/build/motoman_mh110_support -- -j16 -l16
[4.028s] DEBUG:colcon.colcon_core.event_handler.log_command:Invoking command in '/home/hungnb/cocarry_ws/build/motoman_mh110_support': AMENT_PREFIX_PATH=/home/hungnb/cocarry_ws/install/motoman_gp110_support:/home/hungnb/cocarry_ws/install/motoman_resources:${AMENT_PREFIX_PATH} CMAKE_PREFIX_PATH=/home/hungnb/cocarry_ws/install/motoman_gp110_support:/home/hungnb/cocarry_ws/install/motoman_resources:/opt/ros/humble /usr/bin/cmake --install /home/hungnb/cocarry_ws/build/motoman_mh110_support
[4.029s] DEBUG:colcon.colcon_core.event_handler.log_command:Invoked command in '/home/hungnb/cocarry_ws/build/motoman_gp250_support' returned '0': AMENT_PREFIX_PATH=/home/hungnb/cocarry_ws/install/motoman_gp215_support:/home/hungnb/cocarry_ws/install/motoman_resources:${AMENT_PREFIX_PATH} CMAKE_PREFIX_PATH=/home/hungnb/cocarry_ws/install/motoman_gp215_support:/home/hungnb/cocarry_ws/install/motoman_resources:/opt/ros/humble /usr/bin/cmake --build /home/hungnb/cocarry_ws/build/motoman_gp250_support -- -j16 -l16
[4.032s] DEBUG:colcon.colcon_core.event_handler.log_command:Invoking command in '/home/hungnb/cocarry_ws/build/motoman_gp250_support': AMENT_PREFIX_PATH=/home/hungnb/cocarry_ws/install/motoman_gp215_support:/home/hungnb/cocarry_ws/install/motoman_resources:${AMENT_PREFIX_PATH} CMAKE_PREFIX_PATH=/home/hungnb/cocarry_ws/install/motoman_gp215_support:/home/hungnb/cocarry_ws/install/motoman_resources:/opt/ros/humble /usr/bin/cmake --install /home/hungnb/cocarry_ws/build/motoman_gp250_support
[4.049s] Level 1:colcon.colcon_core.environment:create_environment_scripts_only(motoman_mh110_support)
[4.050s] Level 1:colcon.colcon_core.environment:checking '/home/hungnb/cocarry_ws/install/motoman_mh110_support' for CMake module files
[4.050s] DEBUG:colcon.colcon_core.event_handler.log_command:Invoked command in '/home/hungnb/cocarry_ws/build/motoman_mh110_support' returned '0': AMENT_PREFIX_PATH=/home/hungnb/cocarry_ws/install/motoman_gp110_support:/home/hungnb/cocarry_ws/install/motoman_resources:${AMENT_PREFIX_PATH} CMAKE_PREFIX_PATH=/home/hungnb/cocarry_ws/install/motoman_gp110_support:/home/hungnb/cocarry_ws/install/motoman_resources:/opt/ros/humble /usr/bin/cmake --install /home/hungnb/cocarry_ws/build/motoman_mh110_support
[4.051s] Level 1:colcon.colcon_core.environment:checking '/home/hungnb/cocarry_ws/install/motoman_mh110_support' for CMake config files
[4.051s] Level 1:colcon.colcon_core.shell:create_environment_hook('motoman_mh110_support', 'cmake_prefix_path')
[4.051s] INFO:colcon.colcon_core.shell:Creating environment hook '/home/hungnb/cocarry_ws/install/motoman_mh110_support/share/motoman_mh110_support/hook/cmake_prefix_path.ps1'
[4.052s] INFO:colcon.colcon_core.shell:Creating environment descriptor '/home/hungnb/cocarry_ws/install/motoman_mh110_support/share/motoman_mh110_support/hook/cmake_prefix_path.dsv'
[4.052s] INFO:colcon.colcon_core.shell:Creating environment hook '/home/hungnb/cocarry_ws/install/motoman_mh110_support/share/motoman_mh110_support/hook/cmake_prefix_path.sh'
[4.053s] Level 1:colcon.colcon_core.environment:checking '/home/hungnb/cocarry_ws/install/motoman_mh110_support/bin'
[4.053s] Level 1:colcon.colcon_core.environment:checking '/home/hungnb/cocarry_ws/install/motoman_mh110_support/lib/pkgconfig/motoman_mh110_support.pc'
[4.053s] Level 1:colcon.colcon_core.environment:checking '/home/hungnb/cocarry_ws/install/motoman_mh110_support/lib/python3.10/site-packages'
[4.054s] Level 1:colcon.colcon_core.environment:checking '/home/hungnb/cocarry_ws/install/motoman_mh110_support/bin'
[4.054s] INFO:colcon.colcon_core.shell:Creating package script '/home/hungnb/cocarry_ws/install/motoman_mh110_support/share/motoman_mh110_support/package.ps1'
[4.055s] INFO:colcon.colcon_core.shell:Creating package descriptor '/home/hungnb/cocarry_ws/install/motoman_mh110_support/share/motoman_mh110_support/package.dsv'
[4.055s] INFO:colcon.colcon_core.shell:Creating package script '/home/hungnb/cocarry_ws/install/motoman_mh110_support/share/motoman_mh110_support/package.sh'
[4.055s] INFO:colcon.colcon_core.shell:Creating package script '/home/hungnb/cocarry_ws/install/motoman_mh110_support/share/motoman_mh110_support/package.bash'
[4.056s] INFO:colcon.colcon_core.shell:Creating package script '/home/hungnb/cocarry_ws/install/motoman_mh110_support/share/motoman_mh110_support/package.zsh'
[4.057s] Level 1:colcon.colcon_core.environment:create_file_with_runtime_dependencies(/home/hungnb/cocarry_ws/install/motoman_mh110_support/share/colcon-core/packages/motoman_mh110_support)
[4.058s] Level 1:colcon.colcon_core.environment:create_environment_scripts_only(motoman_mh110_support)
[4.058s] Level 1:colcon.colcon_core.environment:checking '/home/hungnb/cocarry_ws/install/motoman_mh110_support' for CMake module files
[4.059s] Level 1:colcon.colcon_core.environment:checking '/home/hungnb/cocarry_ws/install/motoman_mh110_support' for CMake config files
[4.059s] Level 1:colcon.colcon_core.shell:create_environment_hook('motoman_mh110_support', 'cmake_prefix_path')
[4.059s] INFO:colcon.colcon_core.shell:Creating environment hook '/home/hungnb/cocarry_ws/install/motoman_mh110_support/share/motoman_mh110_support/hook/cmake_prefix_path.ps1'
[4.060s] INFO:colcon.colcon_core.shell:Creating environment descriptor '/home/hungnb/cocarry_ws/install/motoman_mh110_support/share/motoman_mh110_support/hook/cmake_prefix_path.dsv'
[4.060s] INFO:colcon.colcon_core.shell:Creating environment hook '/home/hungnb/cocarry_ws/install/motoman_mh110_support/share/motoman_mh110_support/hook/cmake_prefix_path.sh'
[4.061s] Level 1:colcon.colcon_core.environment:checking '/home/hungnb/cocarry_ws/install/motoman_mh110_support/bin'
[4.061s] Level 1:colcon.colcon_core.environment:checking '/home/hungnb/cocarry_ws/install/motoman_mh110_support/lib/pkgconfig/motoman_mh110_support.pc'
[4.061s] Level 1:colcon.colcon_core.environment:checking '/home/hungnb/cocarry_ws/install/motoman_mh110_support/lib/python3.10/site-packages'
[4.061s] Level 1:colcon.colcon_core.environment:checking '/home/hungnb/cocarry_ws/install/motoman_mh110_support/bin'
[4.061s] INFO:colcon.colcon_core.shell:Creating package script '/home/hungnb/cocarry_ws/install/motoman_mh110_support/share/motoman_mh110_support/package.ps1'
[4.062s] INFO:colcon.colcon_core.shell:Creating package descriptor '/home/hungnb/cocarry_ws/install/motoman_mh110_support/share/motoman_mh110_support/package.dsv'
[4.063s] INFO:colcon.colcon_core.shell:Creating package script '/home/hungnb/cocarry_ws/install/motoman_mh110_support/share/motoman_mh110_support/package.sh'
[4.063s] INFO:colcon.colcon_core.shell:Creating package script '/home/hungnb/cocarry_ws/install/motoman_mh110_support/share/motoman_mh110_support/package.bash'
[4.064s] INFO:colcon.colcon_core.shell:Creating package script '/home/hungnb/cocarry_ws/install/motoman_mh110_support/share/motoman_mh110_support/package.zsh'
[4.064s] Level 1:colcon.colcon_core.environment:create_file_with_runtime_dependencies(/home/hungnb/cocarry_ws/install/motoman_mh110_support/share/colcon-core/packages/motoman_mh110_support)
[4.065s] Level 1:colcon.colcon_core.environment:create_environment_scripts_only(motoman_gp250_support)
[4.065s] Level 1:colcon.colcon_core.environment:checking '/home/hungnb/cocarry_ws/install/motoman_gp250_support' for CMake module files
[4.066s] DEBUG:colcon.colcon_core.event_handler.log_command:Invoked command in '/home/hungnb/cocarry_ws/build/motoman_gp250_support' returned '0': AMENT_PREFIX_PATH=/home/hungnb/cocarry_ws/install/motoman_gp215_support:/home/hungnb/cocarry_ws/install/motoman_resources:${AMENT_PREFIX_PATH} CMAKE_PREFIX_PATH=/home/hungnb/cocarry_ws/install/motoman_gp215_support:/home/hungnb/cocarry_ws/install/motoman_resources:/opt/ros/humble /usr/bin/cmake --install /home/hungnb/cocarry_ws/build/motoman_gp250_support
[4.066s] Level 1:colcon.colcon_core.environment:checking '/home/hungnb/cocarry_ws/install/motoman_gp250_support' for CMake config files
[4.067s] Level 1:colcon.colcon_core.shell:create_environment_hook('motoman_gp250_support', 'cmake_prefix_path')
[4.067s] INFO:colcon.colcon_core.shell:Creating environment hook '/home/hungnb/cocarry_ws/install/motoman_gp250_support/share/motoman_gp250_support/hook/cmake_prefix_path.ps1'
[4.068s] INFO:colcon.colcon_core.shell:Creating environment descriptor '/home/hungnb/cocarry_ws/install/motoman_gp250_support/share/motoman_gp250_support/hook/cmake_prefix_path.dsv'
[4.068s] INFO:colcon.colcon_core.shell:Creating environment hook '/home/hungnb/cocarry_ws/install/motoman_gp250_support/share/motoman_gp250_support/hook/cmake_prefix_path.sh'
[4.069s] Level 1:colcon.colcon_core.environment:checking '/home/hungnb/cocarry_ws/install/motoman_gp250_support/bin'
[4.069s] Level 1:colcon.colcon_core.environment:checking '/home/hungnb/cocarry_ws/install/motoman_gp250_support/lib/pkgconfig/motoman_gp250_support.pc'
[4.069s] Level 1:colcon.colcon_core.environment:checking '/home/hungnb/cocarry_ws/install/motoman_gp250_support/lib/python3.10/site-packages'
[4.069s] Level 1:colcon.colcon_core.environment:checking '/home/hungnb/cocarry_ws/install/motoman_gp250_support/bin'
[4.070s] INFO:colcon.colcon_core.shell:Creating package script '/home/hungnb/cocarry_ws/install/motoman_gp250_support/share/motoman_gp250_support/package.ps1'
[4.070s] INFO:colcon.colcon_core.shell:Creating package descriptor '/home/hungnb/cocarry_ws/install/motoman_gp250_support/share/motoman_gp250_support/package.dsv'
[4.071s] INFO:colcon.colcon_core.shell:Creating package script '/home/hungnb/cocarry_ws/install/motoman_gp250_support/share/motoman_gp250_support/package.sh'
[4.071s] INFO:colcon.colcon_core.shell:Creating package script '/home/hungnb/cocarry_ws/install/motoman_gp250_support/share/motoman_gp250_support/package.bash'
[4.072s] INFO:colcon.colcon_core.shell:Creating package script '/home/hungnb/cocarry_ws/install/motoman_gp250_support/share/motoman_gp250_support/package.zsh'
[4.072s] Level 1:colcon.colcon_core.environment:create_file_with_runtime_dependencies(/home/hungnb/cocarry_ws/install/motoman_gp250_support/share/colcon-core/packages/motoman_gp250_support)
[4.073s] Level 1:colcon.colcon_core.environment:create_environment_scripts_only(motoman_gp250_support)
[4.073s] Level 1:colcon.colcon_core.environment:checking '/home/hungnb/cocarry_ws/install/motoman_gp250_support' for CMake module files
[4.073s] Level 1:colcon.colcon_core.environment:checking '/home/hungnb/cocarry_ws/install/motoman_gp250_support' for CMake config files
[4.074s] Level 1:colcon.colcon_core.shell:create_environment_hook('motoman_gp250_support', 'cmake_prefix_path')
[4.074s] INFO:colcon.colcon_core.shell:Creating environment hook '/home/hungnb/cocarry_ws/install/motoman_gp250_support/share/motoman_gp250_support/hook/cmake_prefix_path.ps1'
[4.075s] INFO:colcon.colcon_core.shell:Creating environment descriptor '/home/hungnb/cocarry_ws/install/motoman_gp250_support/share/motoman_gp250_support/hook/cmake_prefix_path.dsv'
[4.075s] INFO:colcon.colcon_core.shell:Creating environment hook '/home/hungnb/cocarry_ws/install/motoman_gp250_support/share/motoman_gp250_support/hook/cmake_prefix_path.sh'
[4.076s] Level 1:colcon.colcon_core.environment:checking '/home/hungnb/cocarry_ws/install/motoman_gp250_support/bin'
[4.076s] Level 1:colcon.colcon_core.environment:checking '/home/hungnb/cocarry_ws/install/motoman_gp250_support/lib/pkgconfig/motoman_gp250_support.pc'
[4.076s] Level 1:colcon.colcon_core.environment:checking '/home/hungnb/cocarry_ws/install/motoman_gp250_support/lib/python3.10/site-packages'
[4.076s] Level 1:colcon.colcon_core.environment:checking '/home/hungnb/cocarry_ws/install/motoman_gp250_support/bin'
[4.077s] INFO:colcon.colcon_core.shell:Creating package script '/home/hungnb/cocarry_ws/install/motoman_gp250_support/share/motoman_gp250_support/package.ps1'
[4.078s] INFO:colcon.colcon_core.shell:Creating package descriptor '/home/hungnb/cocarry_ws/install/motoman_gp250_support/share/motoman_gp250_support/package.dsv'
[4.079s] INFO:colcon.colcon_core.shell:Creating package script '/home/hungnb/cocarry_ws/install/motoman_gp250_support/share/motoman_gp250_support/package.sh'
[4.079s] INFO:colcon.colcon_core.shell:Creating package script '/home/hungnb/cocarry_ws/install/motoman_gp250_support/share/motoman_gp250_support/package.bash'
[4.080s] INFO:colcon.colcon_core.shell:Creating package script '/home/hungnb/cocarry_ws/install/motoman_gp250_support/share/motoman_gp250_support/package.zsh'
[4.080s] Level 1:colcon.colcon_core.environment:create_file_with_runtime_dependencies(/home/hungnb/cocarry_ws/install/motoman_gp250_support/share/colcon-core/packages/motoman_gp250_support)
[4.080s] INFO:colcon.colcon_ros.task.ament_cmake.build:Building ROS package in '/home/hungnb/cocarry_ws/src/motoman_ros2_support_packages/motoman' with build type 'ament_cmake'
[4.081s] INFO:colcon.colcon_cmake.task.cmake.build:Building CMake package in '/home/hungnb/cocarry_ws/src/motoman_ros2_support_packages/motoman'
[4.081s] INFO:colcon.colcon_core.shell:Skip shell extension 'powershell' for command environment: Not usable outside of PowerShell
[4.081s] DEBUG:colcon.colcon_core.shell:Skip shell extension 'dsv' for command environment
[4.120s] DEBUG:colcon.colcon_core.event_handler.log_command:Invoking command in '/home/hungnb/cocarry_ws/build/motoman': AMENT_PREFIX_PATH=/home/hungnb/cocarry_ws/install/motoman_mh110_support:/home/hungnb/cocarry_ws/install/motoman_gp250_support:/home/hungnb/cocarry_ws/install/motoman_up50n_support:/home/hungnb/cocarry_ws/install/motoman_sia5d_support:/home/hungnb/cocarry_ws/install/motoman_sia50_support:/home/hungnb/cocarry_ws/install/motoman_sia30d_support:/home/hungnb/cocarry_ws/install/motoman_sia20d_support:/home/hungnb/cocarry_ws/install/motoman_sia10f_support:/home/hungnb/cocarry_ws/install/motoman_sia10d_support:/home/hungnb/cocarry_ws/install/motoman_sda10f_support:/home/hungnb/cocarry_ws/install/motoman_ms210_support:/home/hungnb/cocarry_ws/install/motoman_mpx1950_support:/home/hungnb/cocarry_ws/install/motoman_motopos_mh1655_support:/home/hungnb/cocarry_ws/install/motoman_motopos_d500_support:/home/hungnb/cocarry_ws/install/motoman_motomini_support:/home/hungnb/cocarry_ws/install/motoman_mh5_support:/home/hungnb/cocarry_ws/install/motoman_mh50_support:/home/hungnb/cocarry_ws/install/motoman_mh12_support:/home/hungnb/cocarry_ws/install/motoman_ma2010_support:/home/hungnb/cocarry_ws/install/motoman_hc20_support:/home/hungnb/cocarry_ws/install/motoman_hc10_support:/home/hungnb/cocarry_ws/install/motoman_gp8l_support:/home/hungnb/cocarry_ws/install/motoman_gp8_support:/home/hungnb/cocarry_ws/install/motoman_gp88_support:/home/hungnb/cocarry_ws/install/motoman_gp7_support:/home/hungnb/cocarry_ws/install/motoman_gp70l_support:/home/hungnb/cocarry_ws/install/motoman_gp50_support:/home/hungnb/cocarry_ws/install/motoman_gp4_support:/home/hungnb/cocarry_ws/install/motoman_gp35l_support:/home/hungnb/cocarry_ws/install/motoman_gp25_support:/home/hungnb/cocarry_ws/install/motoman_gp225_support:/home/hungnb/cocarry_ws/install/motoman_gp215_support:/home/hungnb/cocarry_ws/install/motoman_gp20hl_support:/home/hungnb/cocarry_ws/install/motoman_gp200r_support:/home/hungnb/cocarry_ws/install/motoman_gp180_support:/home/hungnb/cocarry_ws/install/motoman_gp165r_support:/home/hungnb/cocarry_ws/install/motoman_gp12_support:/home/hungnb/cocarry_ws/install/motoman_gp110_support:/home/hungnb/cocarry_ws/install/motoman_es_support:/home/hungnb/cocarry_ws/install/motoman_ar2010_support:/home/hungnb/cocarry_ws/install/motoman_resources:${AMENT_PREFIX_PATH} CMAKE_PREFIX_PATH=/home/hungnb/cocarry_ws/install/motoman_mh110_support:/home/hungnb/cocarry_ws/install/motoman_gp250_support:/home/hungnb/cocarry_ws/install/motoman_up50n_support:/home/hungnb/cocarry_ws/install/motoman_sia5d_support:/home/hungnb/cocarry_ws/install/motoman_sia50_support:/home/hungnb/cocarry_ws/install/motoman_sia30d_support:/home/hungnb/cocarry_ws/install/motoman_sia20d_support:/home/hungnb/cocarry_ws/install/motoman_sia10f_support:/home/hungnb/cocarry_ws/install/motoman_sia10d_support:/home/hungnb/cocarry_ws/install/motoman_sda10f_support:/home/hungnb/cocarry_ws/install/motoman_ms210_support:/home/hungnb/cocarry_ws/install/motoman_mpx1950_support:/home/hungnb/cocarry_ws/install/motoman_motopos_mh1655_support:/home/hungnb/cocarry_ws/install/motoman_motopos_d500_support:/home/hungnb/cocarry_ws/install/motoman_motomini_support:/home/hungnb/cocarry_ws/install/motoman_mh5_support:/home/hungnb/cocarry_ws/install/motoman_mh50_support:/home/hungnb/cocarry_ws/install/motoman_mh12_support:/home/hungnb/cocarry_ws/install/motoman_ma2010_support:/home/hungnb/cocarry_ws/install/motoman_hc20_support:/home/hungnb/cocarry_ws/install/motoman_hc10_support:/home/hungnb/cocarry_ws/install/motoman_gp8l_support:/home/hungnb/cocarry_ws/install/motoman_gp8_support:/home/hungnb/cocarry_ws/install/motoman_gp88_support:/home/hungnb/cocarry_ws/install/motoman_gp7_support:/home/hungnb/cocarry_ws/install/motoman_gp70l_support:/home/hungnb/cocarry_ws/install/motoman_gp50_support:/home/hungnb/cocarry_ws/install/motoman_gp4_support:/home/hungnb/cocarry_ws/install/motoman_gp35l_support:/home/hungnb/cocarry_ws/install/motoman_gp25_support:/home/hungnb/cocarry_ws/install/motoman_gp225_support:/home/hungnb/cocarry_ws/install/motoman_gp215_support:/home/hungnb/cocarry_ws/install/motoman_gp20hl_support:/home/hungnb/cocarry_ws/install/motoman_gp200r_support:/home/hungnb/cocarry_ws/install/motoman_gp180_support:/home/hungnb/cocarry_ws/install/motoman_gp165r_support:/home/hungnb/cocarry_ws/install/motoman_gp12_support:/home/hungnb/cocarry_ws/install/motoman_gp110_support:/home/hungnb/cocarry_ws/install/motoman_es_support:/home/hungnb/cocarry_ws/install/motoman_ar2010_support:/home/hungnb/cocarry_ws/install/motoman_resources:/opt/ros/humble /usr/bin/cmake /home/hungnb/cocarry_ws/src/motoman_ros2_support_packages/motoman -DCMAKE_INSTALL_PREFIX=/home/hungnb/cocarry_ws/install/motoman
[4.181s] DEBUG:colcon.colcon_core.event_handler.log_command:Invoked command in '/home/hungnb/cocarry_ws/build/hc10dtp_bringup' returned '0': AMENT_PREFIX_PATH=/home/hungnb/cocarry_ws/install/hc10dtp_moveit_config:/home/hungnb/cocarry_ws/install/motoman_hc10dtp_support:/home/hungnb/cocarry_ws/install/motoman_hc10_support:/home/hungnb/cocarry_ws/install/motoman_resources:${AMENT_PREFIX_PATH} CMAKE_PREFIX_PATH=/home/hungnb/cocarry_ws/install/hc10dtp_moveit_config:/home/hungnb/cocarry_ws/install/motoman_hc10dtp_support:/home/hungnb/cocarry_ws/install/motoman_hc10_support:/home/hungnb/cocarry_ws/install/motoman_resources:/opt/ros/humble /usr/bin/cmake /home/hungnb/cocarry_ws/src/hc10dtp_bringup -DCMAKE_INSTALL_PREFIX=/home/hungnb/cocarry_ws/install/hc10dtp_bringup
[4.183s] DEBUG:colcon.colcon_core.event_handler.log_command:Invoking command in '/home/hungnb/cocarry_ws/build/hc10dtp_bringup': AMENT_PREFIX_PATH=/home/hungnb/cocarry_ws/install/hc10dtp_moveit_config:/home/hungnb/cocarry_ws/install/motoman_hc10dtp_support:/home/hungnb/cocarry_ws/install/motoman_hc10_support:/home/hungnb/cocarry_ws/install/motoman_resources:${AMENT_PREFIX_PATH} CMAKE_PREFIX_PATH=/home/hungnb/cocarry_ws/install/hc10dtp_moveit_config:/home/hungnb/cocarry_ws/install/motoman_hc10dtp_support:/home/hungnb/cocarry_ws/install/motoman_hc10_support:/home/hungnb/cocarry_ws/install/motoman_resources:/opt/ros/humble /usr/bin/cmake --build /home/hungnb/cocarry_ws/build/hc10dtp_bringup -- -j16 -l16
[4.228s] DEBUG:colcon.colcon_core.event_handler.log_command:Invoked command in '/home/hungnb/cocarry_ws/build/hc10dtp_bringup' returned '0': AMENT_PREFIX_PATH=/home/hungnb/cocarry_ws/install/hc10dtp_moveit_config:/home/hungnb/cocarry_ws/install/motoman_hc10dtp_support:/home/hungnb/cocarry_ws/install/motoman_hc10_support:/home/hungnb/cocarry_ws/install/motoman_resources:${AMENT_PREFIX_PATH} CMAKE_PREFIX_PATH=/home/hungnb/cocarry_ws/install/hc10dtp_moveit_config:/home/hungnb/cocarry_ws/install/motoman_hc10dtp_support:/home/hungnb/cocarry_ws/install/motoman_hc10_support:/home/hungnb/cocarry_ws/install/motoman_resources:/opt/ros/humble /usr/bin/cmake --build /home/hungnb/cocarry_ws/build/hc10dtp_bringup -- -j16 -l16
[4.230s] DEBUG:colcon.colcon_core.event_handler.log_command:Invoking command in '/home/hungnb/cocarry_ws/build/hc10dtp_bringup': AMENT_PREFIX_PATH=/home/hungnb/cocarry_ws/install/hc10dtp_moveit_config:/home/hungnb/cocarry_ws/install/motoman_hc10dtp_support:/home/hungnb/cocarry_ws/install/motoman_hc10_support:/home/hungnb/cocarry_ws/install/motoman_resources:${AMENT_PREFIX_PATH} CMAKE_PREFIX_PATH=/home/hungnb/cocarry_ws/install/hc10dtp_moveit_config:/home/hungnb/cocarry_ws/install/motoman_hc10dtp_support:/home/hungnb/cocarry_ws/install/motoman_hc10_support:/home/hungnb/cocarry_ws/install/motoman_resources:/opt/ros/humble /usr/bin/cmake --install /home/hungnb/cocarry_ws/build/hc10dtp_bringup
[4.252s] Level 1:colcon.colcon_core.environment:create_environment_scripts_only(hc10dtp_bringup)
[4.253s] Level 1:colcon.colcon_core.environment:checking '/home/hungnb/cocarry_ws/install/hc10dtp_bringup' for CMake module files
[4.253s] DEBUG:colcon.colcon_core.event_handler.log_command:Invoked command in '/home/hungnb/cocarry_ws/build/hc10dtp_bringup' returned '0': AMENT_PREFIX_PATH=/home/hungnb/cocarry_ws/install/hc10dtp_moveit_config:/home/hungnb/cocarry_ws/install/motoman_hc10dtp_support:/home/hungnb/cocarry_ws/install/motoman_hc10_support:/home/hungnb/cocarry_ws/install/motoman_resources:${AMENT_PREFIX_PATH} CMAKE_PREFIX_PATH=/home/hungnb/cocarry_ws/install/hc10dtp_moveit_config:/home/hungnb/cocarry_ws/install/motoman_hc10dtp_support:/home/hungnb/cocarry_ws/install/motoman_hc10_support:/home/hungnb/cocarry_ws/install/motoman_resources:/opt/ros/humble /usr/bin/cmake --install /home/hungnb/cocarry_ws/build/hc10dtp_bringup
[4.254s] Level 1:colcon.colcon_core.environment:checking '/home/hungnb/cocarry_ws/install/hc10dtp_bringup' for CMake config files
[4.254s] Level 1:colcon.colcon_core.shell:create_environment_hook('hc10dtp_bringup', 'cmake_prefix_path')
[4.254s] INFO:colcon.colcon_core.shell:Creating environment hook '/home/hungnb/cocarry_ws/install/hc10dtp_bringup/share/hc10dtp_bringup/hook/cmake_prefix_path.ps1'
[4.255s] INFO:colcon.colcon_core.shell:Creating environment descriptor '/home/hungnb/cocarry_ws/install/hc10dtp_bringup/share/hc10dtp_bringup/hook/cmake_prefix_path.dsv'
[4.255s] INFO:colcon.colcon_core.shell:Creating environment hook '/home/hungnb/cocarry_ws/install/hc10dtp_bringup/share/hc10dtp_bringup/hook/cmake_prefix_path.sh'
[4.256s] Level 1:colcon.colcon_core.environment:checking '/home/hungnb/cocarry_ws/install/hc10dtp_bringup/lib'
[4.256s] Level 1:colcon.colcon_core.environment:checking '/home/hungnb/cocarry_ws/install/hc10dtp_bringup/bin'
[4.256s] Level 1:colcon.colcon_core.environment:checking '/home/hungnb/cocarry_ws/install/hc10dtp_bringup/lib/pkgconfig/hc10dtp_bringup.pc'
[4.256s] Level 1:colcon.colcon_core.environment:checking '/home/hungnb/cocarry_ws/install/hc10dtp_bringup/lib/python3.10/site-packages'
[4.256s] Level 1:colcon.colcon_core.environment:checking '/home/hungnb/cocarry_ws/install/hc10dtp_bringup/bin'
[4.257s] INFO:colcon.colcon_core.shell:Creating package script '/home/hungnb/cocarry_ws/install/hc10dtp_bringup/share/hc10dtp_bringup/package.ps1'
[4.257s] INFO:colcon.colcon_core.shell:Creating package descriptor '/home/hungnb/cocarry_ws/install/hc10dtp_bringup/share/hc10dtp_bringup/package.dsv'
[4.258s] INFO:colcon.colcon_core.shell:Creating package script '/home/hungnb/cocarry_ws/install/hc10dtp_bringup/share/hc10dtp_bringup/package.sh'
[4.258s] INFO:colcon.colcon_core.shell:Creating package script '/home/hungnb/cocarry_ws/install/hc10dtp_bringup/share/hc10dtp_bringup/package.bash'
[4.259s] INFO:colcon.colcon_core.shell:Creating package script '/home/hungnb/cocarry_ws/install/hc10dtp_bringup/share/hc10dtp_bringup/package.zsh'
[4.259s] Level 1:colcon.colcon_core.environment:create_file_with_runtime_dependencies(/home/hungnb/cocarry_ws/install/hc10dtp_bringup/share/colcon-core/packages/hc10dtp_bringup)
[4.260s] Level 1:colcon.colcon_core.environment:create_environment_scripts_only(hc10dtp_bringup)
[4.260s] Level 1:colcon.colcon_core.environment:checking '/home/hungnb/cocarry_ws/install/hc10dtp_bringup' for CMake module files
[4.261s] Level 1:colcon.colcon_core.environment:checking '/home/hungnb/cocarry_ws/install/hc10dtp_bringup' for CMake config files
[4.261s] Level 1:colcon.colcon_core.shell:create_environment_hook('hc10dtp_bringup', 'cmake_prefix_path')
[4.261s] INFO:colcon.colcon_core.shell:Creating environment hook '/home/hungnb/cocarry_ws/install/hc10dtp_bringup/share/hc10dtp_bringup/hook/cmake_prefix_path.ps1'
[4.262s] INFO:colcon.colcon_core.shell:Creating environment descriptor '/home/hungnb/cocarry_ws/install/hc10dtp_bringup/share/hc10dtp_bringup/hook/cmake_prefix_path.dsv'
[4.262s] INFO:colcon.colcon_core.shell:Creating environment hook '/home/hungnb/cocarry_ws/install/hc10dtp_bringup/share/hc10dtp_bringup/hook/cmake_prefix_path.sh'
[4.262s] Level 1:colcon.colcon_core.environment:checking '/home/hungnb/cocarry_ws/install/hc10dtp_bringup/lib'
[4.263s] Level 1:colcon.colcon_core.environment:checking '/home/hungnb/cocarry_ws/install/hc10dtp_bringup/bin'
[4.263s] Level 1:colcon.colcon_core.environment:checking '/home/hungnb/cocarry_ws/install/hc10dtp_bringup/lib/pkgconfig/hc10dtp_bringup.pc'
[4.263s] Level 1:colcon.colcon_core.environment:checking '/home/hungnb/cocarry_ws/install/hc10dtp_bringup/lib/python3.10/site-packages'
[4.263s] Level 1:colcon.colcon_core.environment:checking '/home/hungnb/cocarry_ws/install/hc10dtp_bringup/bin'
[4.263s] INFO:colcon.colcon_core.shell:Creating package script '/home/hungnb/cocarry_ws/install/hc10dtp_bringup/share/hc10dtp_bringup/package.ps1'
[4.264s] INFO:colcon.colcon_core.shell:Creating package descriptor '/home/hungnb/cocarry_ws/install/hc10dtp_bringup/share/hc10dtp_bringup/package.dsv'
[4.264s] INFO:colcon.colcon_core.shell:Creating package script '/home/hungnb/cocarry_ws/install/hc10dtp_bringup/share/hc10dtp_bringup/package.sh'
[4.265s] INFO:colcon.colcon_core.shell:Creating package script '/home/hungnb/cocarry_ws/install/hc10dtp_bringup/share/hc10dtp_bringup/package.bash'
[4.265s] INFO:colcon.colcon_core.shell:Creating package script '/home/hungnb/cocarry_ws/install/hc10dtp_bringup/share/hc10dtp_bringup/package.zsh'
[4.265s] Level 1:colcon.colcon_core.environment:create_file_with_runtime_dependencies(/home/hungnb/cocarry_ws/install/hc10dtp_bringup/share/colcon-core/packages/hc10dtp_bringup)
[4.266s] INFO:colcon.colcon_ros.task.ament_cmake.build:Building ROS package in '/home/hungnb/cocarry_ws/src/hc10dtp_simulation' with build type 'ament_cmake'
[4.266s] INFO:colcon.colcon_cmake.task.cmake.build:Building CMake package in '/home/hungnb/cocarry_ws/src/hc10dtp_simulation'
[4.266s] INFO:colcon.colcon_core.shell:Skip shell extension 'powershell' for command environment: Not usable outside of PowerShell
[4.266s] DEBUG:colcon.colcon_core.shell:Skip shell extension 'dsv' for command environment
[4.270s] DEBUG:colcon.colcon_core.task.python.build:Available setuptools commands: install_egg_info, test, develop, build_clib, egg_info, install_headers, build_py, install_lib, alias, install, upload_docs, bdist_rpm, build_ext, check, bdist_egg, install_data, bdist_dumb, compile_catalog, rotate, bdist, build, sdist, init_catalog, bdist_wheel, setopt, install_scripts, clean, extract_messages, update_catalog, easy_install, saveopts, symlink_data, dist_info, upload, build_scripts, register
[4.272s] DEBUG:colcon.colcon_core.event_handler.log_command:Invoking command in '/home/hungnb/cocarry_ws/build/trajectory_predictor': CMAKE_PREFIX_PATH=/home/hungnb/cocarry_ws/install/human_hand_msgs LD_LIBRARY_PATH=/home/hungnb/cocarry_ws/install/human_hand_msgs/lib:${LD_LIBRARY_PATH} PKG_CONFIG_PATH=/home/hungnb/cocarry_ws/install/human_hand_msgs/lib/x86_64-linux-gnu/pkgconfig:/home/hungnb/cocarry_ws/install/human_hand_msgs/lib/pkgconfig PYTHONPATH=/home/hungnb/cocarry_ws/build/trajectory_predictor/prefix_override:/home/hungnb/.local/lib/python3.10/site-packages/colcon_core/task/python/colcon_distutils_commands:/home/hungnb/cocarry_ws/install/trajectory_predictor/lib/python3.10/site-packages:/home/hungnb/cocarry_ws/install/human_hand_msgs/local/lib/python3.10/dist-packages:${PYTHONPATH} ROS_PACKAGE_PATH=/home/hungnb/cocarry_ws/install/human_hand_msgs/share /usr/bin/python3 -W ignore:setup.py install is deprecated -W ignore:easy_install command is deprecated setup.py develop --uninstall --editable --build-directory /home/hungnb/cocarry_ws/build/trajectory_predictor/build
[4.283s] DEBUG:colcon.colcon_core.event_handler.log_command:Invoking command in '/home/hungnb/cocarry_ws/build/hc10dtp_simulation': AMENT_PREFIX_PATH=/home/hungnb/cocarry_ws/install/hc10dtp_bringup:/home/hungnb/cocarry_ws/install/hc10dtp_moveit_config:/home/hungnb/cocarry_ws/install/motoman_hc10dtp_support:/home/hungnb/cocarry_ws/install/motoman_hc10_support:/home/hungnb/cocarry_ws/install/motoros2_interfaces:/home/hungnb/cocarry_ws/install/motoman_resources:${AMENT_PREFIX_PATH} CMAKE_PREFIX_PATH=/home/hungnb/cocarry_ws/install/hc10dtp_bringup:/home/hungnb/cocarry_ws/install/hc10dtp_moveit_config:/home/hungnb/cocarry_ws/install/motoman_hc10dtp_support:/home/hungnb/cocarry_ws/install/motoman_hc10_support:/home/hungnb/cocarry_ws/install/motoros2_interfaces:/home/hungnb/cocarry_ws/install/motoman_resources:/opt/ros/humble LD_LIBRARY_PATH=/home/hungnb/cocarry_ws/install/motoros2_interfaces/lib:${LD_LIBRARY_PATH} PYTHONPATH=/home/hungnb/cocarry_ws/install/motoros2_interfaces/local/lib/python3.10/dist-packages:${PYTHONPATH} /usr/bin/cmake /home/hungnb/cocarry_ws/src/hc10dtp_simulation -DCMAKE_INSTALL_PREFIX=/home/hungnb/cocarry_ws/install/hc10dtp_simulation
[4.300s] DEBUG:colcon.colcon_core.task.python.build:Available setuptools commands: install_egg_info, test, develop, build_clib, egg_info, install_headers, build_py, install_lib, alias, install, upload_docs, bdist_rpm, build_ext, check, bdist_egg, install_data, bdist_dumb, compile_catalog, rotate, bdist, build, sdist, init_catalog, bdist_wheel, setopt, install_scripts, clean, extract_messages, update_catalog, easy_install, saveopts, symlink_data, dist_info, upload, build_scripts, register
[4.302s] DEBUG:colcon.colcon_core.event_handler.log_command:Invoking command in '/home/hungnb/cocarry_ws/build/kinect_tracker': CMAKE_PREFIX_PATH=/home/hungnb/cocarry_ws/install/human_hand_msgs LD_LIBRARY_PATH=/home/hungnb/cocarry_ws/install/human_hand_msgs/lib:${LD_LIBRARY_PATH} PKG_CONFIG_PATH=/home/hungnb/cocarry_ws/install/human_hand_msgs/lib/x86_64-linux-gnu/pkgconfig:/home/hungnb/cocarry_ws/install/human_hand_msgs/lib/pkgconfig PYTHONPATH=/home/hungnb/cocarry_ws/build/kinect_tracker/prefix_override:/home/hungnb/.local/lib/python3.10/site-packages/colcon_core/task/python/colcon_distutils_commands:/home/hungnb/cocarry_ws/install/kinect_tracker/lib/python3.10/site-packages:/home/hungnb/cocarry_ws/install/human_hand_msgs/local/lib/python3.10/dist-packages:${PYTHONPATH} ROS_PACKAGE_PATH=/home/hungnb/cocarry_ws/install/human_hand_msgs/share /usr/bin/python3 -W ignore:setup.py install is deprecated -W ignore:easy_install command is deprecated setup.py develop --uninstall --editable --build-directory /home/hungnb/cocarry_ws/build/kinect_tracker/build
[4.318s] DEBUG:colcon.colcon_core.event_handler.log_command:Invoked command in '/home/hungnb/cocarry_ws/build/motoman' returned '0': AMENT_PREFIX_PATH=/home/hungnb/cocarry_ws/install/motoman_mh110_support:/home/hungnb/cocarry_ws/install/motoman_gp250_support:/home/hungnb/cocarry_ws/install/motoman_up50n_support:/home/hungnb/cocarry_ws/install/motoman_sia5d_support:/home/hungnb/cocarry_ws/install/motoman_sia50_support:/home/hungnb/cocarry_ws/install/motoman_sia30d_support:/home/hungnb/cocarry_ws/install/motoman_sia20d_support:/home/hungnb/cocarry_ws/install/motoman_sia10f_support:/home/hungnb/cocarry_ws/install/motoman_sia10d_support:/home/hungnb/cocarry_ws/install/motoman_sda10f_support:/home/hungnb/cocarry_ws/install/motoman_ms210_support:/home/hungnb/cocarry_ws/install/motoman_mpx1950_support:/home/hungnb/cocarry_ws/install/motoman_motopos_mh1655_support:/home/hungnb/cocarry_ws/install/motoman_motopos_d500_support:/home/hungnb/cocarry_ws/install/motoman_motomini_support:/home/hungnb/cocarry_ws/install/motoman_mh5_support:/home/hungnb/cocarry_ws/install/motoman_mh50_support:/home/hungnb/cocarry_ws/install/motoman_mh12_support:/home/hungnb/cocarry_ws/install/motoman_ma2010_support:/home/hungnb/cocarry_ws/install/motoman_hc20_support:/home/hungnb/cocarry_ws/install/motoman_hc10_support:/home/hungnb/cocarry_ws/install/motoman_gp8l_support:/home/hungnb/cocarry_ws/install/motoman_gp8_support:/home/hungnb/cocarry_ws/install/motoman_gp88_support:/home/hungnb/cocarry_ws/install/motoman_gp7_support:/home/hungnb/cocarry_ws/install/motoman_gp70l_support:/home/hungnb/cocarry_ws/install/motoman_gp50_support:/home/hungnb/cocarry_ws/install/motoman_gp4_support:/home/hungnb/cocarry_ws/install/motoman_gp35l_support:/home/hungnb/cocarry_ws/install/motoman_gp25_support:/home/hungnb/cocarry_ws/install/motoman_gp225_support:/home/hungnb/cocarry_ws/install/motoman_gp215_support:/home/hungnb/cocarry_ws/install/motoman_gp20hl_support:/home/hungnb/cocarry_ws/install/motoman_gp200r_support:/home/hungnb/cocarry_ws/install/motoman_gp180_support:/home/hungnb/cocarry_ws/install/motoman_gp165r_support:/home/hungnb/cocarry_ws/install/motoman_gp12_support:/home/hungnb/cocarry_ws/install/motoman_gp110_support:/home/hungnb/cocarry_ws/install/motoman_es_support:/home/hungnb/cocarry_ws/install/motoman_ar2010_support:/home/hungnb/cocarry_ws/install/motoman_resources:${AMENT_PREFIX_PATH} CMAKE_PREFIX_PATH=/home/hungnb/cocarry_ws/install/motoman_mh110_support:/home/hungnb/cocarry_ws/install/motoman_gp250_support:/home/hungnb/cocarry_ws/install/motoman_up50n_support:/home/hungnb/cocarry_ws/install/motoman_sia5d_support:/home/hungnb/cocarry_ws/install/motoman_sia50_support:/home/hungnb/cocarry_ws/install/motoman_sia30d_support:/home/hungnb/cocarry_ws/install/motoman_sia20d_support:/home/hungnb/cocarry_ws/install/motoman_sia10f_support:/home/hungnb/cocarry_ws/install/motoman_sia10d_support:/home/hungnb/cocarry_ws/install/motoman_sda10f_support:/home/hungnb/cocarry_ws/install/motoman_ms210_support:/home/hungnb/cocarry_ws/install/motoman_mpx1950_support:/home/hungnb/cocarry_ws/install/motoman_motopos_mh1655_support:/home/hungnb/cocarry_ws/install/motoman_motopos_d500_support:/home/hungnb/cocarry_ws/install/motoman_motomini_support:/home/hungnb/cocarry_ws/install/motoman_mh5_support:/home/hungnb/cocarry_ws/install/motoman_mh50_support:/home/hungnb/cocarry_ws/install/motoman_mh12_support:/home/hungnb/cocarry_ws/install/motoman_ma2010_support:/home/hungnb/cocarry_ws/install/motoman_hc20_support:/home/hungnb/cocarry_ws/install/motoman_hc10_support:/home/hungnb/cocarry_ws/install/motoman_gp8l_support:/home/hungnb/cocarry_ws/install/motoman_gp8_support:/home/hungnb/cocarry_ws/install/motoman_gp88_support:/home/hungnb/cocarry_ws/install/motoman_gp7_support:/home/hungnb/cocarry_ws/install/motoman_gp70l_support:/home/hungnb/cocarry_ws/install/motoman_gp50_support:/home/hungnb/cocarry_ws/install/motoman_gp4_support:/home/hungnb/cocarry_ws/install/motoman_gp35l_support:/home/hungnb/cocarry_ws/install/motoman_gp25_support:/home/hungnb/cocarry_ws/install/motoman_gp225_support:/home/hungnb/cocarry_ws/install/motoman_gp215_support:/home/hungnb/cocarry_ws/install/motoman_gp20hl_support:/home/hungnb/cocarry_ws/install/motoman_gp200r_support:/home/hungnb/cocarry_ws/install/motoman_gp180_support:/home/hungnb/cocarry_ws/install/motoman_gp165r_support:/home/hungnb/cocarry_ws/install/motoman_gp12_support:/home/hungnb/cocarry_ws/install/motoman_gp110_support:/home/hungnb/cocarry_ws/install/motoman_es_support:/home/hungnb/cocarry_ws/install/motoman_ar2010_support:/home/hungnb/cocarry_ws/install/motoman_resources:/opt/ros/humble /usr/bin/cmake /home/hungnb/cocarry_ws/src/motoman_ros2_support_packages/motoman -DCMAKE_INSTALL_PREFIX=/home/hungnb/cocarry_ws/install/motoman
[4.319s] DEBUG:colcon.colcon_core.event_handler.log_command:Invoking command in '/home/hungnb/cocarry_ws/build/motoman': AMENT_PREFIX_PATH=/home/hungnb/cocarry_ws/install/motoman_mh110_support:/home/hungnb/cocarry_ws/install/motoman_gp250_support:/home/hungnb/cocarry_ws/install/motoman_up50n_support:/home/hungnb/cocarry_ws/install/motoman_sia5d_support:/home/hungnb/cocarry_ws/install/motoman_sia50_support:/home/hungnb/cocarry_ws/install/motoman_sia30d_support:/home/hungnb/cocarry_ws/install/motoman_sia20d_support:/home/hungnb/cocarry_ws/install/motoman_sia10f_support:/home/hungnb/cocarry_ws/install/motoman_sia10d_support:/home/hungnb/cocarry_ws/install/motoman_sda10f_support:/home/hungnb/cocarry_ws/install/motoman_ms210_support:/home/hungnb/cocarry_ws/install/motoman_mpx1950_support:/home/hungnb/cocarry_ws/install/motoman_motopos_mh1655_support:/home/hungnb/cocarry_ws/install/motoman_motopos_d500_support:/home/hungnb/cocarry_ws/install/motoman_motomini_support:/home/hungnb/cocarry_ws/install/motoman_mh5_support:/home/hungnb/cocarry_ws/install/motoman_mh50_support:/home/hungnb/cocarry_ws/install/motoman_mh12_support:/home/hungnb/cocarry_ws/install/motoman_ma2010_support:/home/hungnb/cocarry_ws/install/motoman_hc20_support:/home/hungnb/cocarry_ws/install/motoman_hc10_support:/home/hungnb/cocarry_ws/install/motoman_gp8l_support:/home/hungnb/cocarry_ws/install/motoman_gp8_support:/home/hungnb/cocarry_ws/install/motoman_gp88_support:/home/hungnb/cocarry_ws/install/motoman_gp7_support:/home/hungnb/cocarry_ws/install/motoman_gp70l_support:/home/hungnb/cocarry_ws/install/motoman_gp50_support:/home/hungnb/cocarry_ws/install/motoman_gp4_support:/home/hungnb/cocarry_ws/install/motoman_gp35l_support:/home/hungnb/cocarry_ws/install/motoman_gp25_support:/home/hungnb/cocarry_ws/install/motoman_gp225_support:/home/hungnb/cocarry_ws/install/motoman_gp215_support:/home/hungnb/cocarry_ws/install/motoman_gp20hl_support:/home/hungnb/cocarry_ws/install/motoman_gp200r_support:/home/hungnb/cocarry_ws/install/motoman_gp180_support:/home/hungnb/cocarry_ws/install/motoman_gp165r_support:/home/hungnb/cocarry_ws/install/motoman_gp12_support:/home/hungnb/cocarry_ws/install/motoman_gp110_support:/home/hungnb/cocarry_ws/install/motoman_es_support:/home/hungnb/cocarry_ws/install/motoman_ar2010_support:/home/hungnb/cocarry_ws/install/motoman_resources:${AMENT_PREFIX_PATH} CMAKE_PREFIX_PATH=/home/hungnb/cocarry_ws/install/motoman_mh110_support:/home/hungnb/cocarry_ws/install/motoman_gp250_support:/home/hungnb/cocarry_ws/install/motoman_up50n_support:/home/hungnb/cocarry_ws/install/motoman_sia5d_support:/home/hungnb/cocarry_ws/install/motoman_sia50_support:/home/hungnb/cocarry_ws/install/motoman_sia30d_support:/home/hungnb/cocarry_ws/install/motoman_sia20d_support:/home/hungnb/cocarry_ws/install/motoman_sia10f_support:/home/hungnb/cocarry_ws/install/motoman_sia10d_support:/home/hungnb/cocarry_ws/install/motoman_sda10f_support:/home/hungnb/cocarry_ws/install/motoman_ms210_support:/home/hungnb/cocarry_ws/install/motoman_mpx1950_support:/home/hungnb/cocarry_ws/install/motoman_motopos_mh1655_support:/home/hungnb/cocarry_ws/install/motoman_motopos_d500_support:/home/hungnb/cocarry_ws/install/motoman_motomini_support:/home/hungnb/cocarry_ws/install/motoman_mh5_support:/home/hungnb/cocarry_ws/install/motoman_mh50_support:/home/hungnb/cocarry_ws/install/motoman_mh12_support:/home/hungnb/cocarry_ws/install/motoman_ma2010_support:/home/hungnb/cocarry_ws/install/motoman_hc20_support:/home/hungnb/cocarry_ws/install/motoman_hc10_support:/home/hungnb/cocarry_ws/install/motoman_gp8l_support:/home/hungnb/cocarry_ws/install/motoman_gp8_support:/home/hungnb/cocarry_ws/install/motoman_gp88_support:/home/hungnb/cocarry_ws/install/motoman_gp7_support:/home/hungnb/cocarry_ws/install/motoman_gp70l_support:/home/hungnb/cocarry_ws/install/motoman_gp50_support:/home/hungnb/cocarry_ws/install/motoman_gp4_support:/home/hungnb/cocarry_ws/install/motoman_gp35l_support:/home/hungnb/cocarry_ws/install/motoman_gp25_support:/home/hungnb/cocarry_ws/install/motoman_gp225_support:/home/hungnb/cocarry_ws/install/motoman_gp215_support:/home/hungnb/cocarry_ws/install/motoman_gp20hl_support:/home/hungnb/cocarry_ws/install/motoman_gp200r_support:/home/hungnb/cocarry_ws/install/motoman_gp180_support:/home/hungnb/cocarry_ws/install/motoman_gp165r_support:/home/hungnb/cocarry_ws/install/motoman_gp12_support:/home/hungnb/cocarry_ws/install/motoman_gp110_support:/home/hungnb/cocarry_ws/install/motoman_es_support:/home/hungnb/cocarry_ws/install/motoman_ar2010_support:/home/hungnb/cocarry_ws/install/motoman_resources:/opt/ros/humble /usr/bin/cmake --build /home/hungnb/cocarry_ws/build/motoman -- -j16 -l16
[4.342s] DEBUG:colcon.colcon_core.event_handler.log_command:Invoked command in '/home/hungnb/cocarry_ws/build/coord_transform' returned '0': CMAKE_PREFIX_PATH=/home/hungnb/cocarry_ws/install/human_hand_msgs LD_LIBRARY_PATH=/home/hungnb/cocarry_ws/install/human_hand_msgs/lib:${LD_LIBRARY_PATH} PKG_CONFIG_PATH=/home/hungnb/cocarry_ws/install/human_hand_msgs/lib/x86_64-linux-gnu/pkgconfig:/home/hungnb/cocarry_ws/install/human_hand_msgs/lib/pkgconfig PYTHONPATH=/home/hungnb/cocarry_ws/build/coord_transform/prefix_override:/home/hungnb/.local/lib/python3.10/site-packages/colcon_core/task/python/colcon_distutils_commands:/home/hungnb/cocarry_ws/install/coord_transform/lib/python3.10/site-packages:/home/hungnb/cocarry_ws/install/human_hand_msgs/local/lib/python3.10/dist-packages:${PYTHONPATH} ROS_PACKAGE_PATH=/home/hungnb/cocarry_ws/install/human_hand_msgs/share /usr/bin/python3 -W ignore:setup.py install is deprecated -W ignore:easy_install command is deprecated setup.py develop --uninstall --editable --build-directory /home/hungnb/cocarry_ws/build/coord_transform/build
[4.345s] DEBUG:colcon.colcon_core.event_handler.log_command:Invoking command in '/home/hungnb/cocarry_ws/src/coord_transform': CMAKE_PREFIX_PATH=/home/hungnb/cocarry_ws/install/human_hand_msgs LD_LIBRARY_PATH=/home/hungnb/cocarry_ws/install/human_hand_msgs/lib:${LD_LIBRARY_PATH} PKG_CONFIG_PATH=/home/hungnb/cocarry_ws/install/human_hand_msgs/lib/x86_64-linux-gnu/pkgconfig:/home/hungnb/cocarry_ws/install/human_hand_msgs/lib/pkgconfig PYTHONPATH=/home/hungnb/cocarry_ws/build/coord_transform/prefix_override:/home/hungnb/.local/lib/python3.10/site-packages/colcon_core/task/python/colcon_distutils_commands:/home/hungnb/cocarry_ws/install/coord_transform/lib/python3.10/site-packages:/home/hungnb/cocarry_ws/install/human_hand_msgs/local/lib/python3.10/dist-packages:${PYTHONPATH} ROS_PACKAGE_PATH=/home/hungnb/cocarry_ws/install/human_hand_msgs/share /usr/bin/python3 -W ignore:setup.py install is deprecated -W ignore:easy_install command is deprecated setup.py egg_info --egg-base ../../build/coord_transform build --build-base /home/hungnb/cocarry_ws/build/coord_transform/build install --record /home/hungnb/cocarry_ws/build/coord_transform/install.log --install-scripts $base/lib/coord_transform --single-version-externally-managed install_data --force
[4.357s] DEBUG:colcon.colcon_core.event_handler.log_command:Invoked command in '/home/hungnb/cocarry_ws/build/motoman' returned '0': AMENT_PREFIX_PATH=/home/hungnb/cocarry_ws/install/motoman_mh110_support:/home/hungnb/cocarry_ws/install/motoman_gp250_support:/home/hungnb/cocarry_ws/install/motoman_up50n_support:/home/hungnb/cocarry_ws/install/motoman_sia5d_support:/home/hungnb/cocarry_ws/install/motoman_sia50_support:/home/hungnb/cocarry_ws/install/motoman_sia30d_support:/home/hungnb/cocarry_ws/install/motoman_sia20d_support:/home/hungnb/cocarry_ws/install/motoman_sia10f_support:/home/hungnb/cocarry_ws/install/motoman_sia10d_support:/home/hungnb/cocarry_ws/install/motoman_sda10f_support:/home/hungnb/cocarry_ws/install/motoman_ms210_support:/home/hungnb/cocarry_ws/install/motoman_mpx1950_support:/home/hungnb/cocarry_ws/install/motoman_motopos_mh1655_support:/home/hungnb/cocarry_ws/install/motoman_motopos_d500_support:/home/hungnb/cocarry_ws/install/motoman_motomini_support:/home/hungnb/cocarry_ws/install/motoman_mh5_support:/home/hungnb/cocarry_ws/install/motoman_mh50_support:/home/hungnb/cocarry_ws/install/motoman_mh12_support:/home/hungnb/cocarry_ws/install/motoman_ma2010_support:/home/hungnb/cocarry_ws/install/motoman_hc20_support:/home/hungnb/cocarry_ws/install/motoman_hc10_support:/home/hungnb/cocarry_ws/install/motoman_gp8l_support:/home/hungnb/cocarry_ws/install/motoman_gp8_support:/home/hungnb/cocarry_ws/install/motoman_gp88_support:/home/hungnb/cocarry_ws/install/motoman_gp7_support:/home/hungnb/cocarry_ws/install/motoman_gp70l_support:/home/hungnb/cocarry_ws/install/motoman_gp50_support:/home/hungnb/cocarry_ws/install/motoman_gp4_support:/home/hungnb/cocarry_ws/install/motoman_gp35l_support:/home/hungnb/cocarry_ws/install/motoman_gp25_support:/home/hungnb/cocarry_ws/install/motoman_gp225_support:/home/hungnb/cocarry_ws/install/motoman_gp215_support:/home/hungnb/cocarry_ws/install/motoman_gp20hl_support:/home/hungnb/cocarry_ws/install/motoman_gp200r_support:/home/hungnb/cocarry_ws/install/motoman_gp180_support:/home/hungnb/cocarry_ws/install/motoman_gp165r_support:/home/hungnb/cocarry_ws/install/motoman_gp12_support:/home/hungnb/cocarry_ws/install/motoman_gp110_support:/home/hungnb/cocarry_ws/install/motoman_es_support:/home/hungnb/cocarry_ws/install/motoman_ar2010_support:/home/hungnb/cocarry_ws/install/motoman_resources:${AMENT_PREFIX_PATH} CMAKE_PREFIX_PATH=/home/hungnb/cocarry_ws/install/motoman_mh110_support:/home/hungnb/cocarry_ws/install/motoman_gp250_support:/home/hungnb/cocarry_ws/install/motoman_up50n_support:/home/hungnb/cocarry_ws/install/motoman_sia5d_support:/home/hungnb/cocarry_ws/install/motoman_sia50_support:/home/hungnb/cocarry_ws/install/motoman_sia30d_support:/home/hungnb/cocarry_ws/install/motoman_sia20d_support:/home/hungnb/cocarry_ws/install/motoman_sia10f_support:/home/hungnb/cocarry_ws/install/motoman_sia10d_support:/home/hungnb/cocarry_ws/install/motoman_sda10f_support:/home/hungnb/cocarry_ws/install/motoman_ms210_support:/home/hungnb/cocarry_ws/install/motoman_mpx1950_support:/home/hungnb/cocarry_ws/install/motoman_motopos_mh1655_support:/home/hungnb/cocarry_ws/install/motoman_motopos_d500_support:/home/hungnb/cocarry_ws/install/motoman_motomini_support:/home/hungnb/cocarry_ws/install/motoman_mh5_support:/home/hungnb/cocarry_ws/install/motoman_mh50_support:/home/hungnb/cocarry_ws/install/motoman_mh12_support:/home/hungnb/cocarry_ws/install/motoman_ma2010_support:/home/hungnb/cocarry_ws/install/motoman_hc20_support:/home/hungnb/cocarry_ws/install/motoman_hc10_support:/home/hungnb/cocarry_ws/install/motoman_gp8l_support:/home/hungnb/cocarry_ws/install/motoman_gp8_support:/home/hungnb/cocarry_ws/install/motoman_gp88_support:/home/hungnb/cocarry_ws/install/motoman_gp7_support:/home/hungnb/cocarry_ws/install/motoman_gp70l_support:/home/hungnb/cocarry_ws/install/motoman_gp50_support:/home/hungnb/cocarry_ws/install/motoman_gp4_support:/home/hungnb/cocarry_ws/install/motoman_gp35l_support:/home/hungnb/cocarry_ws/install/motoman_gp25_support:/home/hungnb/cocarry_ws/install/motoman_gp225_support:/home/hungnb/cocarry_ws/install/motoman_gp215_support:/home/hungnb/cocarry_ws/install/motoman_gp20hl_support:/home/hungnb/cocarry_ws/install/motoman_gp200r_support:/home/hungnb/cocarry_ws/install/motoman_gp180_support:/home/hungnb/cocarry_ws/install/motoman_gp165r_support:/home/hungnb/cocarry_ws/install/motoman_gp12_support:/home/hungnb/cocarry_ws/install/motoman_gp110_support:/home/hungnb/cocarry_ws/install/motoman_es_support:/home/hungnb/cocarry_ws/install/motoman_ar2010_support:/home/hungnb/cocarry_ws/install/motoman_resources:/opt/ros/humble /usr/bin/cmake --build /home/hungnb/cocarry_ws/build/motoman -- -j16 -l16
[4.360s] DEBUG:colcon.colcon_core.event_handler.log_command:Invoking command in '/home/hungnb/cocarry_ws/build/motoman': AMENT_PREFIX_PATH=/home/hungnb/cocarry_ws/install/motoman_mh110_support:/home/hungnb/cocarry_ws/install/motoman_gp250_support:/home/hungnb/cocarry_ws/install/motoman_up50n_support:/home/hungnb/cocarry_ws/install/motoman_sia5d_support:/home/hungnb/cocarry_ws/install/motoman_sia50_support:/home/hungnb/cocarry_ws/install/motoman_sia30d_support:/home/hungnb/cocarry_ws/install/motoman_sia20d_support:/home/hungnb/cocarry_ws/install/motoman_sia10f_support:/home/hungnb/cocarry_ws/install/motoman_sia10d_support:/home/hungnb/cocarry_ws/install/motoman_sda10f_support:/home/hungnb/cocarry_ws/install/motoman_ms210_support:/home/hungnb/cocarry_ws/install/motoman_mpx1950_support:/home/hungnb/cocarry_ws/install/motoman_motopos_mh1655_support:/home/hungnb/cocarry_ws/install/motoman_motopos_d500_support:/home/hungnb/cocarry_ws/install/motoman_motomini_support:/home/hungnb/cocarry_ws/install/motoman_mh5_support:/home/hungnb/cocarry_ws/install/motoman_mh50_support:/home/hungnb/cocarry_ws/install/motoman_mh12_support:/home/hungnb/cocarry_ws/install/motoman_ma2010_support:/home/hungnb/cocarry_ws/install/motoman_hc20_support:/home/hungnb/cocarry_ws/install/motoman_hc10_support:/home/hungnb/cocarry_ws/install/motoman_gp8l_support:/home/hungnb/cocarry_ws/install/motoman_gp8_support:/home/hungnb/cocarry_ws/install/motoman_gp88_support:/home/hungnb/cocarry_ws/install/motoman_gp7_support:/home/hungnb/cocarry_ws/install/motoman_gp70l_support:/home/hungnb/cocarry_ws/install/motoman_gp50_support:/home/hungnb/cocarry_ws/install/motoman_gp4_support:/home/hungnb/cocarry_ws/install/motoman_gp35l_support:/home/hungnb/cocarry_ws/install/motoman_gp25_support:/home/hungnb/cocarry_ws/install/motoman_gp225_support:/home/hungnb/cocarry_ws/install/motoman_gp215_support:/home/hungnb/cocarry_ws/install/motoman_gp20hl_support:/home/hungnb/cocarry_ws/install/motoman_gp200r_support:/home/hungnb/cocarry_ws/install/motoman_gp180_support:/home/hungnb/cocarry_ws/install/motoman_gp165r_support:/home/hungnb/cocarry_ws/install/motoman_gp12_support:/home/hungnb/cocarry_ws/install/motoman_gp110_support:/home/hungnb/cocarry_ws/install/motoman_es_support:/home/hungnb/cocarry_ws/install/motoman_ar2010_support:/home/hungnb/cocarry_ws/install/motoman_resources:${AMENT_PREFIX_PATH} CMAKE_PREFIX_PATH=/home/hungnb/cocarry_ws/install/motoman_mh110_support:/home/hungnb/cocarry_ws/install/motoman_gp250_support:/home/hungnb/cocarry_ws/install/motoman_up50n_support:/home/hungnb/cocarry_ws/install/motoman_sia5d_support:/home/hungnb/cocarry_ws/install/motoman_sia50_support:/home/hungnb/cocarry_ws/install/motoman_sia30d_support:/home/hungnb/cocarry_ws/install/motoman_sia20d_support:/home/hungnb/cocarry_ws/install/motoman_sia10f_support:/home/hungnb/cocarry_ws/install/motoman_sia10d_support:/home/hungnb/cocarry_ws/install/motoman_sda10f_support:/home/hungnb/cocarry_ws/install/motoman_ms210_support:/home/hungnb/cocarry_ws/install/motoman_mpx1950_support:/home/hungnb/cocarry_ws/install/motoman_motopos_mh1655_support:/home/hungnb/cocarry_ws/install/motoman_motopos_d500_support:/home/hungnb/cocarry_ws/install/motoman_motomini_support:/home/hungnb/cocarry_ws/install/motoman_mh5_support:/home/hungnb/cocarry_ws/install/motoman_mh50_support:/home/hungnb/cocarry_ws/install/motoman_mh12_support:/home/hungnb/cocarry_ws/install/motoman_ma2010_support:/home/hungnb/cocarry_ws/install/motoman_hc20_support:/home/hungnb/cocarry_ws/install/motoman_hc10_support:/home/hungnb/cocarry_ws/install/motoman_gp8l_support:/home/hungnb/cocarry_ws/install/motoman_gp8_support:/home/hungnb/cocarry_ws/install/motoman_gp88_support:/home/hungnb/cocarry_ws/install/motoman_gp7_support:/home/hungnb/cocarry_ws/install/motoman_gp70l_support:/home/hungnb/cocarry_ws/install/motoman_gp50_support:/home/hungnb/cocarry_ws/install/motoman_gp4_support:/home/hungnb/cocarry_ws/install/motoman_gp35l_support:/home/hungnb/cocarry_ws/install/motoman_gp25_support:/home/hungnb/cocarry_ws/install/motoman_gp225_support:/home/hungnb/cocarry_ws/install/motoman_gp215_support:/home/hungnb/cocarry_ws/install/motoman_gp20hl_support:/home/hungnb/cocarry_ws/install/motoman_gp200r_support:/home/hungnb/cocarry_ws/install/motoman_gp180_support:/home/hungnb/cocarry_ws/install/motoman_gp165r_support:/home/hungnb/cocarry_ws/install/motoman_gp12_support:/home/hungnb/cocarry_ws/install/motoman_gp110_support:/home/hungnb/cocarry_ws/install/motoman_es_support:/home/hungnb/cocarry_ws/install/motoman_ar2010_support:/home/hungnb/cocarry_ws/install/motoman_resources:/opt/ros/humble /usr/bin/cmake --install /home/hungnb/cocarry_ws/build/motoman
[4.364s] DEBUG:colcon.colcon_core.event_handler.log_command:Invoked command in '/home/hungnb/cocarry_ws/build/predictor_ui' returned '0': CMAKE_PREFIX_PATH=/home/hungnb/cocarry_ws/install/human_hand_msgs LD_LIBRARY_PATH=/home/hungnb/cocarry_ws/install/human_hand_msgs/lib:${LD_LIBRARY_PATH} PKG_CONFIG_PATH=/home/hungnb/cocarry_ws/install/human_hand_msgs/lib/x86_64-linux-gnu/pkgconfig:/home/hungnb/cocarry_ws/install/human_hand_msgs/lib/pkgconfig PYTHONPATH=/home/hungnb/cocarry_ws/build/predictor_ui/prefix_override:/home/hungnb/.local/lib/python3.10/site-packages/colcon_core/task/python/colcon_distutils_commands:/home/hungnb/cocarry_ws/install/predictor_ui/lib/python3.10/site-packages:/home/hungnb/cocarry_ws/install/human_hand_msgs/local/lib/python3.10/dist-packages:${PYTHONPATH} ROS_PACKAGE_PATH=/home/hungnb/cocarry_ws/install/human_hand_msgs/share /usr/bin/python3 -W ignore:setup.py install is deprecated -W ignore:easy_install command is deprecated setup.py develop --uninstall --editable --build-directory /home/hungnb/cocarry_ws/build/predictor_ui/build
[4.366s] DEBUG:colcon.colcon_core.event_handler.log_command:Invoking command in '/home/hungnb/cocarry_ws/src/predictor_ui': CMAKE_PREFIX_PATH=/home/hungnb/cocarry_ws/install/human_hand_msgs LD_LIBRARY_PATH=/home/hungnb/cocarry_ws/install/human_hand_msgs/lib:${LD_LIBRARY_PATH} PKG_CONFIG_PATH=/home/hungnb/cocarry_ws/install/human_hand_msgs/lib/x86_64-linux-gnu/pkgconfig:/home/hungnb/cocarry_ws/install/human_hand_msgs/lib/pkgconfig PYTHONPATH=/home/hungnb/cocarry_ws/build/predictor_ui/prefix_override:/home/hungnb/.local/lib/python3.10/site-packages/colcon_core/task/python/colcon_distutils_commands:/home/hungnb/cocarry_ws/install/predictor_ui/lib/python3.10/site-packages:/home/hungnb/cocarry_ws/install/human_hand_msgs/local/lib/python3.10/dist-packages:${PYTHONPATH} ROS_PACKAGE_PATH=/home/hungnb/cocarry_ws/install/human_hand_msgs/share /usr/bin/python3 -W ignore:setup.py install is deprecated -W ignore:easy_install command is deprecated setup.py egg_info --egg-base ../../build/predictor_ui build --build-base /home/hungnb/cocarry_ws/build/predictor_ui/build install --record /home/hungnb/cocarry_ws/build/predictor_ui/install.log --install-scripts $base/lib/predictor_ui --single-version-externally-managed install_data --force
[4.379s] Level 1:colcon.colcon_core.environment:create_environment_scripts_only(motoman)
[4.380s] Level 1:colcon.colcon_core.environment:checking '/home/hungnb/cocarry_ws/install/motoman' for CMake module files
[4.380s] DEBUG:colcon.colcon_core.event_handler.log_command:Invoked command in '/home/hungnb/cocarry_ws/build/motoman' returned '0': AMENT_PREFIX_PATH=/home/hungnb/cocarry_ws/install/motoman_mh110_support:/home/hungnb/cocarry_ws/install/motoman_gp250_support:/home/hungnb/cocarry_ws/install/motoman_up50n_support:/home/hungnb/cocarry_ws/install/motoman_sia5d_support:/home/hungnb/cocarry_ws/install/motoman_sia50_support:/home/hungnb/cocarry_ws/install/motoman_sia30d_support:/home/hungnb/cocarry_ws/install/motoman_sia20d_support:/home/hungnb/cocarry_ws/install/motoman_sia10f_support:/home/hungnb/cocarry_ws/install/motoman_sia10d_support:/home/hungnb/cocarry_ws/install/motoman_sda10f_support:/home/hungnb/cocarry_ws/install/motoman_ms210_support:/home/hungnb/cocarry_ws/install/motoman_mpx1950_support:/home/hungnb/cocarry_ws/install/motoman_motopos_mh1655_support:/home/hungnb/cocarry_ws/install/motoman_motopos_d500_support:/home/hungnb/cocarry_ws/install/motoman_motomini_support:/home/hungnb/cocarry_ws/install/motoman_mh5_support:/home/hungnb/cocarry_ws/install/motoman_mh50_support:/home/hungnb/cocarry_ws/install/motoman_mh12_support:/home/hungnb/cocarry_ws/install/motoman_ma2010_support:/home/hungnb/cocarry_ws/install/motoman_hc20_support:/home/hungnb/cocarry_ws/install/motoman_hc10_support:/home/hungnb/cocarry_ws/install/motoman_gp8l_support:/home/hungnb/cocarry_ws/install/motoman_gp8_support:/home/hungnb/cocarry_ws/install/motoman_gp88_support:/home/hungnb/cocarry_ws/install/motoman_gp7_support:/home/hungnb/cocarry_ws/install/motoman_gp70l_support:/home/hungnb/cocarry_ws/install/motoman_gp50_support:/home/hungnb/cocarry_ws/install/motoman_gp4_support:/home/hungnb/cocarry_ws/install/motoman_gp35l_support:/home/hungnb/cocarry_ws/install/motoman_gp25_support:/home/hungnb/cocarry_ws/install/motoman_gp225_support:/home/hungnb/cocarry_ws/install/motoman_gp215_support:/home/hungnb/cocarry_ws/install/motoman_gp20hl_support:/home/hungnb/cocarry_ws/install/motoman_gp200r_support:/home/hungnb/cocarry_ws/install/motoman_gp180_support:/home/hungnb/cocarry_ws/install/motoman_gp165r_support:/home/hungnb/cocarry_ws/install/motoman_gp12_support:/home/hungnb/cocarry_ws/install/motoman_gp110_support:/home/hungnb/cocarry_ws/install/motoman_es_support:/home/hungnb/cocarry_ws/install/motoman_ar2010_support:/home/hungnb/cocarry_ws/install/motoman_resources:${AMENT_PREFIX_PATH} CMAKE_PREFIX_PATH=/home/hungnb/cocarry_ws/install/motoman_mh110_support:/home/hungnb/cocarry_ws/install/motoman_gp250_support:/home/hungnb/cocarry_ws/install/motoman_up50n_support:/home/hungnb/cocarry_ws/install/motoman_sia5d_support:/home/hungnb/cocarry_ws/install/motoman_sia50_support:/home/hungnb/cocarry_ws/install/motoman_sia30d_support:/home/hungnb/cocarry_ws/install/motoman_sia20d_support:/home/hungnb/cocarry_ws/install/motoman_sia10f_support:/home/hungnb/cocarry_ws/install/motoman_sia10d_support:/home/hungnb/cocarry_ws/install/motoman_sda10f_support:/home/hungnb/cocarry_ws/install/motoman_ms210_support:/home/hungnb/cocarry_ws/install/motoman_mpx1950_support:/home/hungnb/cocarry_ws/install/motoman_motopos_mh1655_support:/home/hungnb/cocarry_ws/install/motoman_motopos_d500_support:/home/hungnb/cocarry_ws/install/motoman_motomini_support:/home/hungnb/cocarry_ws/install/motoman_mh5_support:/home/hungnb/cocarry_ws/install/motoman_mh50_support:/home/hungnb/cocarry_ws/install/motoman_mh12_support:/home/hungnb/cocarry_ws/install/motoman_ma2010_support:/home/hungnb/cocarry_ws/install/motoman_hc20_support:/home/hungnb/cocarry_ws/install/motoman_hc10_support:/home/hungnb/cocarry_ws/install/motoman_gp8l_support:/home/hungnb/cocarry_ws/install/motoman_gp8_support:/home/hungnb/cocarry_ws/install/motoman_gp88_support:/home/hungnb/cocarry_ws/install/motoman_gp7_support:/home/hungnb/cocarry_ws/install/motoman_gp70l_support:/home/hungnb/cocarry_ws/install/motoman_gp50_support:/home/hungnb/cocarry_ws/install/motoman_gp4_support:/home/hungnb/cocarry_ws/install/motoman_gp35l_support:/home/hungnb/cocarry_ws/install/motoman_gp25_support:/home/hungnb/cocarry_ws/install/motoman_gp225_support:/home/hungnb/cocarry_ws/install/motoman_gp215_support:/home/hungnb/cocarry_ws/install/motoman_gp20hl_support:/home/hungnb/cocarry_ws/install/motoman_gp200r_support:/home/hungnb/cocarry_ws/install/motoman_gp180_support:/home/hungnb/cocarry_ws/install/motoman_gp165r_support:/home/hungnb/cocarry_ws/install/motoman_gp12_support:/home/hungnb/cocarry_ws/install/motoman_gp110_support:/home/hungnb/cocarry_ws/install/motoman_es_support:/home/hungnb/cocarry_ws/install/motoman_ar2010_support:/home/hungnb/cocarry_ws/install/motoman_resources:/opt/ros/humble /usr/bin/cmake --install /home/hungnb/cocarry_ws/build/motoman
[4.380s] Level 1:colcon.colcon_core.environment:checking '/home/hungnb/cocarry_ws/install/motoman' for CMake config files
[4.380s] Level 1:colcon.colcon_core.shell:create_environment_hook('motoman', 'cmake_prefix_path')
[4.381s] INFO:colcon.colcon_core.shell:Creating environment hook '/home/hungnb/cocarry_ws/install/motoman/share/motoman/hook/cmake_prefix_path.ps1'
[4.381s] INFO:colcon.colcon_core.shell:Creating environment descriptor '/home/hungnb/cocarry_ws/install/motoman/share/motoman/hook/cmake_prefix_path.dsv'
[4.381s] INFO:colcon.colcon_core.shell:Creating environment hook '/home/hungnb/cocarry_ws/install/motoman/share/motoman/hook/cmake_prefix_path.sh'
[4.382s] Level 1:colcon.colcon_core.environment:checking '/home/hungnb/cocarry_ws/install/motoman/bin'
[4.382s] Level 1:colcon.colcon_core.environment:checking '/home/hungnb/cocarry_ws/install/motoman/lib/pkgconfig/motoman.pc'
[4.382s] Level 1:colcon.colcon_core.environment:checking '/home/hungnb/cocarry_ws/install/motoman/lib/python3.10/site-packages'
[4.383s] Level 1:colcon.colcon_core.environment:checking '/home/hungnb/cocarry_ws/install/motoman/bin'
[4.383s] INFO:colcon.colcon_core.shell:Creating package script '/home/hungnb/cocarry_ws/install/motoman/share/motoman/package.ps1'
[4.383s] INFO:colcon.colcon_core.shell:Creating package descriptor '/home/hungnb/cocarry_ws/install/motoman/share/motoman/package.dsv'
[4.384s] INFO:colcon.colcon_core.shell:Creating package script '/home/hungnb/cocarry_ws/install/motoman/share/motoman/package.sh'
[4.384s] INFO:colcon.colcon_core.shell:Creating package script '/home/hungnb/cocarry_ws/install/motoman/share/motoman/package.bash'
[4.385s] INFO:colcon.colcon_core.shell:Creating package script '/home/hungnb/cocarry_ws/install/motoman/share/motoman/package.zsh'
[4.385s] Level 1:colcon.colcon_core.environment:create_file_with_runtime_dependencies(/home/hungnb/cocarry_ws/install/motoman/share/colcon-core/packages/motoman)
[4.385s] Level 1:colcon.colcon_core.environment:create_environment_scripts_only(motoman)
[4.386s] Level 1:colcon.colcon_core.environment:checking '/home/hungnb/cocarry_ws/install/motoman' for CMake module files
[4.386s] Level 1:colcon.colcon_core.environment:checking '/home/hungnb/cocarry_ws/install/motoman' for CMake config files
[4.386s] Level 1:colcon.colcon_core.shell:create_environment_hook('motoman', 'cmake_prefix_path')
[4.386s] INFO:colcon.colcon_core.shell:Creating environment hook '/home/hungnb/cocarry_ws/install/motoman/share/motoman/hook/cmake_prefix_path.ps1'
[4.387s] INFO:colcon.colcon_core.shell:Creating environment descriptor '/home/hungnb/cocarry_ws/install/motoman/share/motoman/hook/cmake_prefix_path.dsv'
[4.387s] INFO:colcon.colcon_core.shell:Creating environment hook '/home/hungnb/cocarry_ws/install/motoman/share/motoman/hook/cmake_prefix_path.sh'
[4.388s] Level 1:colcon.colcon_core.environment:checking '/home/hungnb/cocarry_ws/install/motoman/bin'
[4.388s] Level 1:colcon.colcon_core.environment:checking '/home/hungnb/cocarry_ws/install/motoman/lib/pkgconfig/motoman.pc'
[4.388s] Level 1:colcon.colcon_core.environment:checking '/home/hungnb/cocarry_ws/install/motoman/lib/python3.10/site-packages'
[4.388s] Level 1:colcon.colcon_core.environment:checking '/home/hungnb/cocarry_ws/install/motoman/bin'
[4.389s] INFO:colcon.colcon_core.shell:Creating package script '/home/hungnb/cocarry_ws/install/motoman/share/motoman/package.ps1'
[4.389s] INFO:colcon.colcon_core.shell:Creating package descriptor '/home/hungnb/cocarry_ws/install/motoman/share/motoman/package.dsv'
[4.390s] INFO:colcon.colcon_core.shell:Creating package script '/home/hungnb/cocarry_ws/install/motoman/share/motoman/package.sh'
[4.390s] INFO:colcon.colcon_core.shell:Creating package script '/home/hungnb/cocarry_ws/install/motoman/share/motoman/package.bash'
[4.391s] INFO:colcon.colcon_core.shell:Creating package script '/home/hungnb/cocarry_ws/install/motoman/share/motoman/package.zsh'
[4.391s] Level 1:colcon.colcon_core.environment:create_file_with_runtime_dependencies(/home/hungnb/cocarry_ws/install/motoman/share/colcon-core/packages/motoman)
[4.400s] DEBUG:colcon.colcon_core.event_handler.log_command:Invoked command in '/home/hungnb/cocarry_ws/build/experiment_logger' returned '0': CMAKE_PREFIX_PATH=/home/hungnb/cocarry_ws/install/human_hand_msgs LD_LIBRARY_PATH=/home/hungnb/cocarry_ws/install/human_hand_msgs/lib:${LD_LIBRARY_PATH} PKG_CONFIG_PATH=/home/hungnb/cocarry_ws/install/human_hand_msgs/lib/x86_64-linux-gnu/pkgconfig:/home/hungnb/cocarry_ws/install/human_hand_msgs/lib/pkgconfig PYTHONPATH=/home/hungnb/cocarry_ws/build/experiment_logger/prefix_override:/home/hungnb/.local/lib/python3.10/site-packages/colcon_core/task/python/colcon_distutils_commands:/home/hungnb/cocarry_ws/install/experiment_logger/lib/python3.10/site-packages:/home/hungnb/cocarry_ws/install/human_hand_msgs/local/lib/python3.10/dist-packages:${PYTHONPATH} ROS_PACKAGE_PATH=/home/hungnb/cocarry_ws/install/human_hand_msgs/share /usr/bin/python3 -W ignore:setup.py install is deprecated -W ignore:easy_install command is deprecated setup.py develop --uninstall --editable --build-directory /home/hungnb/cocarry_ws/build/experiment_logger/build
[4.402s] DEBUG:colcon.colcon_core.event_handler.log_command:Invoking command in '/home/hungnb/cocarry_ws/src/experiment_logger': CMAKE_PREFIX_PATH=/home/hungnb/cocarry_ws/install/human_hand_msgs LD_LIBRARY_PATH=/home/hungnb/cocarry_ws/install/human_hand_msgs/lib:${LD_LIBRARY_PATH} PKG_CONFIG_PATH=/home/hungnb/cocarry_ws/install/human_hand_msgs/lib/x86_64-linux-gnu/pkgconfig:/home/hungnb/cocarry_ws/install/human_hand_msgs/lib/pkgconfig PYTHONPATH=/home/hungnb/cocarry_ws/build/experiment_logger/prefix_override:/home/hungnb/.local/lib/python3.10/site-packages/colcon_core/task/python/colcon_distutils_commands:/home/hungnb/cocarry_ws/install/experiment_logger/lib/python3.10/site-packages:/home/hungnb/cocarry_ws/install/human_hand_msgs/local/lib/python3.10/dist-packages:${PYTHONPATH} ROS_PACKAGE_PATH=/home/hungnb/cocarry_ws/install/human_hand_msgs/share /usr/bin/python3 -W ignore:setup.py install is deprecated -W ignore:easy_install command is deprecated setup.py egg_info --egg-base ../../build/experiment_logger build --build-base /home/hungnb/cocarry_ws/build/experiment_logger/build install --record /home/hungnb/cocarry_ws/build/experiment_logger/install.log --install-scripts $base/lib/experiment_logger --single-version-externally-managed install_data --force
[4.419s] DEBUG:colcon.colcon_core.event_handler.log_command:Invoked command in '/home/hungnb/cocarry_ws/build/realsense_tracker' returned '0': CMAKE_PREFIX_PATH=/home/hungnb/cocarry_ws/install/human_hand_msgs LD_LIBRARY_PATH=/home/hungnb/cocarry_ws/install/human_hand_msgs/lib:${LD_LIBRARY_PATH} PKG_CONFIG_PATH=/home/hungnb/cocarry_ws/install/human_hand_msgs/lib/x86_64-linux-gnu/pkgconfig:/home/hungnb/cocarry_ws/install/human_hand_msgs/lib/pkgconfig PYTHONPATH=/home/hungnb/cocarry_ws/build/realsense_tracker/prefix_override:/home/hungnb/.local/lib/python3.10/site-packages/colcon_core/task/python/colcon_distutils_commands:/home/hungnb/cocarry_ws/install/realsense_tracker/lib/python3.10/site-packages:/home/hungnb/cocarry_ws/install/human_hand_msgs/local/lib/python3.10/dist-packages:${PYTHONPATH} ROS_PACKAGE_PATH=/home/hungnb/cocarry_ws/install/human_hand_msgs/share /usr/bin/python3 -W ignore:setup.py install is deprecated -W ignore:easy_install command is deprecated setup.py develop --uninstall --editable --build-directory /home/hungnb/cocarry_ws/build/realsense_tracker/build
[4.422s] DEBUG:colcon.colcon_core.event_handler.log_command:Invoking command in '/home/hungnb/cocarry_ws/src/realsense_tracker': CMAKE_PREFIX_PATH=/home/hungnb/cocarry_ws/install/human_hand_msgs LD_LIBRARY_PATH=/home/hungnb/cocarry_ws/install/human_hand_msgs/lib:${LD_LIBRARY_PATH} PKG_CONFIG_PATH=/home/hungnb/cocarry_ws/install/human_hand_msgs/lib/x86_64-linux-gnu/pkgconfig:/home/hungnb/cocarry_ws/install/human_hand_msgs/lib/pkgconfig PYTHONPATH=/home/hungnb/cocarry_ws/build/realsense_tracker/prefix_override:/home/hungnb/.local/lib/python3.10/site-packages/colcon_core/task/python/colcon_distutils_commands:/home/hungnb/cocarry_ws/install/realsense_tracker/lib/python3.10/site-packages:/home/hungnb/cocarry_ws/install/human_hand_msgs/local/lib/python3.10/dist-packages:${PYTHONPATH} ROS_PACKAGE_PATH=/home/hungnb/cocarry_ws/install/human_hand_msgs/share /usr/bin/python3 -W ignore:setup.py install is deprecated -W ignore:easy_install command is deprecated setup.py egg_info --egg-base ../../build/realsense_tracker build --build-base /home/hungnb/cocarry_ws/build/realsense_tracker/build install --record /home/hungnb/cocarry_ws/build/realsense_tracker/install.log --install-scripts $base/lib/realsense_tracker --single-version-externally-managed install_data --force
[4.493s] DEBUG:colcon.colcon_core.event_handler.log_command:Invoked command in '/home/hungnb/cocarry_ws/build/hc10dtp_simulation' returned '0': AMENT_PREFIX_PATH=/home/hungnb/cocarry_ws/install/hc10dtp_bringup:/home/hungnb/cocarry_ws/install/hc10dtp_moveit_config:/home/hungnb/cocarry_ws/install/motoman_hc10dtp_support:/home/hungnb/cocarry_ws/install/motoman_hc10_support:/home/hungnb/cocarry_ws/install/motoros2_interfaces:/home/hungnb/cocarry_ws/install/motoman_resources:${AMENT_PREFIX_PATH} CMAKE_PREFIX_PATH=/home/hungnb/cocarry_ws/install/hc10dtp_bringup:/home/hungnb/cocarry_ws/install/hc10dtp_moveit_config:/home/hungnb/cocarry_ws/install/motoman_hc10dtp_support:/home/hungnb/cocarry_ws/install/motoman_hc10_support:/home/hungnb/cocarry_ws/install/motoros2_interfaces:/home/hungnb/cocarry_ws/install/motoman_resources:/opt/ros/humble LD_LIBRARY_PATH=/home/hungnb/cocarry_ws/install/motoros2_interfaces/lib:${LD_LIBRARY_PATH} PYTHONPATH=/home/hungnb/cocarry_ws/install/motoros2_interfaces/local/lib/python3.10/dist-packages:${PYTHONPATH} /usr/bin/cmake /home/hungnb/cocarry_ws/src/hc10dtp_simulation -DCMAKE_INSTALL_PREFIX=/home/hungnb/cocarry_ws/install/hc10dtp_simulation
[4.495s] DEBUG:colcon.colcon_core.event_handler.log_command:Invoking command in '/home/hungnb/cocarry_ws/build/hc10dtp_simulation': AMENT_PREFIX_PATH=/home/hungnb/cocarry_ws/install/hc10dtp_bringup:/home/hungnb/cocarry_ws/install/hc10dtp_moveit_config:/home/hungnb/cocarry_ws/install/motoman_hc10dtp_support:/home/hungnb/cocarry_ws/install/motoman_hc10_support:/home/hungnb/cocarry_ws/install/motoros2_interfaces:/home/hungnb/cocarry_ws/install/motoman_resources:${AMENT_PREFIX_PATH} CMAKE_PREFIX_PATH=/home/hungnb/cocarry_ws/install/hc10dtp_bringup:/home/hungnb/cocarry_ws/install/hc10dtp_moveit_config:/home/hungnb/cocarry_ws/install/motoman_hc10dtp_support:/home/hungnb/cocarry_ws/install/motoman_hc10_support:/home/hungnb/cocarry_ws/install/motoros2_interfaces:/home/hungnb/cocarry_ws/install/motoman_resources:/opt/ros/humble LD_LIBRARY_PATH=/home/hungnb/cocarry_ws/install/motoros2_interfaces/lib:${LD_LIBRARY_PATH} PYTHONPATH=/home/hungnb/cocarry_ws/install/motoros2_interfaces/local/lib/python3.10/dist-packages:${PYTHONPATH} /usr/bin/cmake --build /home/hungnb/cocarry_ws/build/hc10dtp_simulation -- -j16 -l16
[4.500s] DEBUG:colcon.colcon_core.event_handler.log_command:Invoked command in '/home/hungnb/cocarry_ws/build/kinect2_calibration' returned '0': AMENT_PREFIX_PATH=/home/hungnb/cocarry_ws/install/kinect2_bridge:/home/hungnb/cocarry_ws/install/kinect2_registration:${AMENT_PREFIX_PATH} CMAKE_PREFIX_PATH=/home/hungnb/cocarry_ws/install/kinect2_bridge:/home/hungnb/cocarry_ws/install/kinect2_registration:/opt/ros/humble LD_LIBRARY_PATH=/home/hungnb/cocarry_ws/install/kinect2_registration/lib:${LD_LIBRARY_PATH} /usr/bin/cmake /home/hungnb/cocarry_ws/src/kinect2_ros2/kinect2_calibration -DCMAKE_INSTALL_PREFIX=/home/hungnb/cocarry_ws/install/kinect2_calibration
[4.501s] DEBUG:colcon.colcon_core.event_handler.log_command:Invoking command in '/home/hungnb/cocarry_ws/build/kinect2_calibration': AMENT_PREFIX_PATH=/home/hungnb/cocarry_ws/install/kinect2_bridge:/home/hungnb/cocarry_ws/install/kinect2_registration:${AMENT_PREFIX_PATH} CMAKE_PREFIX_PATH=/home/hungnb/cocarry_ws/install/kinect2_bridge:/home/hungnb/cocarry_ws/install/kinect2_registration:/opt/ros/humble LD_LIBRARY_PATH=/home/hungnb/cocarry_ws/install/kinect2_registration/lib:${LD_LIBRARY_PATH} /usr/bin/cmake --build /home/hungnb/cocarry_ws/build/kinect2_calibration -- -j16 -l16
[4.533s] DEBUG:colcon.colcon_core.event_handler.log_command:Invoked command in '/home/hungnb/cocarry_ws/build/hc10dtp_simulation' returned '0': AMENT_PREFIX_PATH=/home/hungnb/cocarry_ws/install/hc10dtp_bringup:/home/hungnb/cocarry_ws/install/hc10dtp_moveit_config:/home/hungnb/cocarry_ws/install/motoman_hc10dtp_support:/home/hungnb/cocarry_ws/install/motoman_hc10_support:/home/hungnb/cocarry_ws/install/motoros2_interfaces:/home/hungnb/cocarry_ws/install/motoman_resources:${AMENT_PREFIX_PATH} CMAKE_PREFIX_PATH=/home/hungnb/cocarry_ws/install/hc10dtp_bringup:/home/hungnb/cocarry_ws/install/hc10dtp_moveit_config:/home/hungnb/cocarry_ws/install/motoman_hc10dtp_support:/home/hungnb/cocarry_ws/install/motoman_hc10_support:/home/hungnb/cocarry_ws/install/motoros2_interfaces:/home/hungnb/cocarry_ws/install/motoman_resources:/opt/ros/humble LD_LIBRARY_PATH=/home/hungnb/cocarry_ws/install/motoros2_interfaces/lib:${LD_LIBRARY_PATH} PYTHONPATH=/home/hungnb/cocarry_ws/install/motoros2_interfaces/local/lib/python3.10/dist-packages:${PYTHONPATH} /usr/bin/cmake --build /home/hungnb/cocarry_ws/build/hc10dtp_simulation -- -j16 -l16
[4.535s] DEBUG:colcon.colcon_core.event_handler.log_command:Invoking command in '/home/hungnb/cocarry_ws/build/hc10dtp_simulation': AMENT_PREFIX_PATH=/home/hungnb/cocarry_ws/install/hc10dtp_bringup:/home/hungnb/cocarry_ws/install/hc10dtp_moveit_config:/home/hungnb/cocarry_ws/install/motoman_hc10dtp_support:/home/hungnb/cocarry_ws/install/motoman_hc10_support:/home/hungnb/cocarry_ws/install/motoros2_interfaces:/home/hungnb/cocarry_ws/install/motoman_resources:${AMENT_PREFIX_PATH} CMAKE_PREFIX_PATH=/home/hungnb/cocarry_ws/install/hc10dtp_bringup:/home/hungnb/cocarry_ws/install/hc10dtp_moveit_config:/home/hungnb/cocarry_ws/install/motoman_hc10dtp_support:/home/hungnb/cocarry_ws/install/motoman_hc10_support:/home/hungnb/cocarry_ws/install/motoros2_interfaces:/home/hungnb/cocarry_ws/install/motoman_resources:/opt/ros/humble LD_LIBRARY_PATH=/home/hungnb/cocarry_ws/install/motoros2_interfaces/lib:${LD_LIBRARY_PATH} PYTHONPATH=/home/hungnb/cocarry_ws/install/motoros2_interfaces/local/lib/python3.10/dist-packages:${PYTHONPATH} /usr/bin/cmake --install /home/hungnb/cocarry_ws/build/hc10dtp_simulation
[4.555s] Level 1:colcon.colcon_core.environment:create_environment_scripts_only(hc10dtp_simulation)
[4.556s] Level 1:colcon.colcon_core.environment:checking '/home/hungnb/cocarry_ws/install/hc10dtp_simulation' for CMake module files
[4.556s] DEBUG:colcon.colcon_core.event_handler.log_command:Invoked command in '/home/hungnb/cocarry_ws/build/hc10dtp_simulation' returned '0': AMENT_PREFIX_PATH=/home/hungnb/cocarry_ws/install/hc10dtp_bringup:/home/hungnb/cocarry_ws/install/hc10dtp_moveit_config:/home/hungnb/cocarry_ws/install/motoman_hc10dtp_support:/home/hungnb/cocarry_ws/install/motoman_hc10_support:/home/hungnb/cocarry_ws/install/motoros2_interfaces:/home/hungnb/cocarry_ws/install/motoman_resources:${AMENT_PREFIX_PATH} CMAKE_PREFIX_PATH=/home/hungnb/cocarry_ws/install/hc10dtp_bringup:/home/hungnb/cocarry_ws/install/hc10dtp_moveit_config:/home/hungnb/cocarry_ws/install/motoman_hc10dtp_support:/home/hungnb/cocarry_ws/install/motoman_hc10_support:/home/hungnb/cocarry_ws/install/motoros2_interfaces:/home/hungnb/cocarry_ws/install/motoman_resources:/opt/ros/humble LD_LIBRARY_PATH=/home/hungnb/cocarry_ws/install/motoros2_interfaces/lib:${LD_LIBRARY_PATH} PYTHONPATH=/home/hungnb/cocarry_ws/install/motoros2_interfaces/local/lib/python3.10/dist-packages:${PYTHONPATH} /usr/bin/cmake --install /home/hungnb/cocarry_ws/build/hc10dtp_simulation
[4.556s] Level 1:colcon.colcon_core.environment:checking '/home/hungnb/cocarry_ws/install/hc10dtp_simulation' for CMake config files
[4.557s] Level 1:colcon.colcon_core.shell:create_environment_hook('hc10dtp_simulation', 'cmake_prefix_path')
[4.557s] INFO:colcon.colcon_core.shell:Creating environment hook '/home/hungnb/cocarry_ws/install/hc10dtp_simulation/share/hc10dtp_simulation/hook/cmake_prefix_path.ps1'
[4.557s] INFO:colcon.colcon_core.shell:Creating environment descriptor '/home/hungnb/cocarry_ws/install/hc10dtp_simulation/share/hc10dtp_simulation/hook/cmake_prefix_path.dsv'
[4.558s] INFO:colcon.colcon_core.shell:Creating environment hook '/home/hungnb/cocarry_ws/install/hc10dtp_simulation/share/hc10dtp_simulation/hook/cmake_prefix_path.sh'
[4.558s] Level 1:colcon.colcon_core.environment:checking '/home/hungnb/cocarry_ws/install/hc10dtp_simulation/lib'
[4.558s] Level 1:colcon.colcon_core.environment:checking '/home/hungnb/cocarry_ws/install/hc10dtp_simulation/bin'
[4.558s] Level 1:colcon.colcon_core.environment:checking '/home/hungnb/cocarry_ws/install/hc10dtp_simulation/lib/pkgconfig/hc10dtp_simulation.pc'
[4.559s] Level 1:colcon.colcon_core.environment:checking '/home/hungnb/cocarry_ws/install/hc10dtp_simulation/lib/python3.10/site-packages'
[4.559s] Level 1:colcon.colcon_core.environment:checking '/home/hungnb/cocarry_ws/install/hc10dtp_simulation/bin'
[4.559s] INFO:colcon.colcon_core.shell:Creating package script '/home/hungnb/cocarry_ws/install/hc10dtp_simulation/share/hc10dtp_simulation/package.ps1'
[4.560s] INFO:colcon.colcon_core.shell:Creating package descriptor '/home/hungnb/cocarry_ws/install/hc10dtp_simulation/share/hc10dtp_simulation/package.dsv'
[4.560s] INFO:colcon.colcon_core.shell:Creating package script '/home/hungnb/cocarry_ws/install/hc10dtp_simulation/share/hc10dtp_simulation/package.sh'
[4.560s] INFO:colcon.colcon_core.shell:Creating package script '/home/hungnb/cocarry_ws/install/hc10dtp_simulation/share/hc10dtp_simulation/package.bash'
[4.561s] INFO:colcon.colcon_core.shell:Creating package script '/home/hungnb/cocarry_ws/install/hc10dtp_simulation/share/hc10dtp_simulation/package.zsh'
[4.561s] Level 1:colcon.colcon_core.environment:create_file_with_runtime_dependencies(/home/hungnb/cocarry_ws/install/hc10dtp_simulation/share/colcon-core/packages/hc10dtp_simulation)
[4.562s] Level 1:colcon.colcon_core.environment:create_environment_scripts_only(hc10dtp_simulation)
[4.562s] Level 1:colcon.colcon_core.environment:checking '/home/hungnb/cocarry_ws/install/hc10dtp_simulation' for CMake module files
[4.562s] Level 1:colcon.colcon_core.environment:checking '/home/hungnb/cocarry_ws/install/hc10dtp_simulation' for CMake config files
[4.562s] Level 1:colcon.colcon_core.shell:create_environment_hook('hc10dtp_simulation', 'cmake_prefix_path')
[4.562s] INFO:colcon.colcon_core.shell:Creating environment hook '/home/hungnb/cocarry_ws/install/hc10dtp_simulation/share/hc10dtp_simulation/hook/cmake_prefix_path.ps1'
[4.563s] INFO:colcon.colcon_core.shell:Creating environment descriptor '/home/hungnb/cocarry_ws/install/hc10dtp_simulation/share/hc10dtp_simulation/hook/cmake_prefix_path.dsv'
[4.563s] INFO:colcon.colcon_core.shell:Creating environment hook '/home/hungnb/cocarry_ws/install/hc10dtp_simulation/share/hc10dtp_simulation/hook/cmake_prefix_path.sh'
[4.563s] Level 1:colcon.colcon_core.environment:checking '/home/hungnb/cocarry_ws/install/hc10dtp_simulation/lib'
[4.563s] Level 1:colcon.colcon_core.environment:checking '/home/hungnb/cocarry_ws/install/hc10dtp_simulation/bin'
[4.563s] Level 1:colcon.colcon_core.environment:checking '/home/hungnb/cocarry_ws/install/hc10dtp_simulation/lib/pkgconfig/hc10dtp_simulation.pc'
[4.564s] Level 1:colcon.colcon_core.environment:checking '/home/hungnb/cocarry_ws/install/hc10dtp_simulation/lib/python3.10/site-packages'
[4.564s] Level 1:colcon.colcon_core.environment:checking '/home/hungnb/cocarry_ws/install/hc10dtp_simulation/bin'
[4.564s] INFO:colcon.colcon_core.shell:Creating package script '/home/hungnb/cocarry_ws/install/hc10dtp_simulation/share/hc10dtp_simulation/package.ps1'
[4.565s] INFO:colcon.colcon_core.shell:Creating package descriptor '/home/hungnb/cocarry_ws/install/hc10dtp_simulation/share/hc10dtp_simulation/package.dsv'
[4.565s] INFO:colcon.colcon_core.shell:Creating package script '/home/hungnb/cocarry_ws/install/hc10dtp_simulation/share/hc10dtp_simulation/package.sh'
[4.565s] INFO:colcon.colcon_core.shell:Creating package script '/home/hungnb/cocarry_ws/install/hc10dtp_simulation/share/hc10dtp_simulation/package.bash'
[4.566s] INFO:colcon.colcon_core.shell:Creating package script '/home/hungnb/cocarry_ws/install/hc10dtp_simulation/share/hc10dtp_simulation/package.zsh'
[4.566s] Level 1:colcon.colcon_core.environment:create_file_with_runtime_dependencies(/home/hungnb/cocarry_ws/install/hc10dtp_simulation/share/colcon-core/packages/hc10dtp_simulation)
[4.572s] DEBUG:colcon.colcon_core.event_handler.log_command:Invoked command in '/home/hungnb/cocarry_ws/build/kinect2_calibration' returned '0': AMENT_PREFIX_PATH=/home/hungnb/cocarry_ws/install/kinect2_bridge:/home/hungnb/cocarry_ws/install/kinect2_registration:${AMENT_PREFIX_PATH} CMAKE_PREFIX_PATH=/home/hungnb/cocarry_ws/install/kinect2_bridge:/home/hungnb/cocarry_ws/install/kinect2_registration:/opt/ros/humble LD_LIBRARY_PATH=/home/hungnb/cocarry_ws/install/kinect2_registration/lib:${LD_LIBRARY_PATH} /usr/bin/cmake --build /home/hungnb/cocarry_ws/build/kinect2_calibration -- -j16 -l16
[4.574s] DEBUG:colcon.colcon_core.event_handler.log_command:Invoking command in '/home/hungnb/cocarry_ws/build/kinect2_calibration': AMENT_PREFIX_PATH=/home/hungnb/cocarry_ws/install/kinect2_bridge:/home/hungnb/cocarry_ws/install/kinect2_registration:${AMENT_PREFIX_PATH} CMAKE_PREFIX_PATH=/home/hungnb/cocarry_ws/install/kinect2_bridge:/home/hungnb/cocarry_ws/install/kinect2_registration:/opt/ros/humble LD_LIBRARY_PATH=/home/hungnb/cocarry_ws/install/kinect2_registration/lib:${LD_LIBRARY_PATH} /usr/bin/cmake --install /home/hungnb/cocarry_ws/build/kinect2_calibration
[4.577s] Level 1:colcon.colcon_core.environment:checking '/home/hungnb/cocarry_ws/install/coord_transform' for CMake module files
[4.577s] DEBUG:colcon.colcon_core.event_handler.log_command:Invoked command in '/home/hungnb/cocarry_ws/src/coord_transform' returned '0': CMAKE_PREFIX_PATH=/home/hungnb/cocarry_ws/install/human_hand_msgs LD_LIBRARY_PATH=/home/hungnb/cocarry_ws/install/human_hand_msgs/lib:${LD_LIBRARY_PATH} PKG_CONFIG_PATH=/home/hungnb/cocarry_ws/install/human_hand_msgs/lib/x86_64-linux-gnu/pkgconfig:/home/hungnb/cocarry_ws/install/human_hand_msgs/lib/pkgconfig PYTHONPATH=/home/hungnb/cocarry_ws/build/coord_transform/prefix_override:/home/hungnb/.local/lib/python3.10/site-packages/colcon_core/task/python/colcon_distutils_commands:/home/hungnb/cocarry_ws/install/coord_transform/lib/python3.10/site-packages:/home/hungnb/cocarry_ws/install/human_hand_msgs/local/lib/python3.10/dist-packages:${PYTHONPATH} ROS_PACKAGE_PATH=/home/hungnb/cocarry_ws/install/human_hand_msgs/share /usr/bin/python3 -W ignore:setup.py install is deprecated -W ignore:easy_install command is deprecated setup.py egg_info --egg-base ../../build/coord_transform build --build-base /home/hungnb/cocarry_ws/build/coord_transform/build install --record /home/hungnb/cocarry_ws/build/coord_transform/install.log --install-scripts $base/lib/coord_transform --single-version-externally-managed install_data --force
[4.578s] Level 1:colcon.colcon_core.environment:checking '/home/hungnb/cocarry_ws/install/coord_transform' for CMake config files
[4.578s] Level 1:colcon.colcon_core.environment:checking '/home/hungnb/cocarry_ws/install/coord_transform/lib'
[4.578s] Level 1:colcon.colcon_core.environment:checking '/home/hungnb/cocarry_ws/install/coord_transform/bin'
[4.578s] Level 1:colcon.colcon_core.environment:checking '/home/hungnb/cocarry_ws/install/coord_transform/lib/pkgconfig/coord_transform.pc'
[4.578s] Level 1:colcon.colcon_core.environment:checking '/home/hungnb/cocarry_ws/install/coord_transform/lib/python3.10/site-packages'
[4.579s] Level 1:colcon.colcon_core.shell:create_environment_hook('coord_transform', 'pythonpath')
[4.579s] INFO:colcon.colcon_core.shell:Creating environment hook '/home/hungnb/cocarry_ws/install/coord_transform/share/coord_transform/hook/pythonpath.ps1'
[4.580s] INFO:colcon.colcon_core.shell:Creating environment descriptor '/home/hungnb/cocarry_ws/install/coord_transform/share/coord_transform/hook/pythonpath.dsv'
[4.580s] INFO:colcon.colcon_core.shell:Creating environment hook '/home/hungnb/cocarry_ws/install/coord_transform/share/coord_transform/hook/pythonpath.sh'
[4.581s] Level 1:colcon.colcon_core.environment:checking '/home/hungnb/cocarry_ws/install/coord_transform/bin'
[4.581s] Level 1:colcon.colcon_core.environment:create_environment_scripts_only(coord_transform)
[4.582s] INFO:colcon.colcon_core.shell:Creating package script '/home/hungnb/cocarry_ws/install/coord_transform/share/coord_transform/package.ps1'
[4.583s] INFO:colcon.colcon_core.shell:Creating package descriptor '/home/hungnb/cocarry_ws/install/coord_transform/share/coord_transform/package.dsv'
[4.584s] INFO:colcon.colcon_core.shell:Creating package script '/home/hungnb/cocarry_ws/install/coord_transform/share/coord_transform/package.sh'
[4.585s] INFO:colcon.colcon_core.shell:Creating package script '/home/hungnb/cocarry_ws/install/coord_transform/share/coord_transform/package.bash'
[4.585s] INFO:colcon.colcon_core.shell:Creating package script '/home/hungnb/cocarry_ws/install/coord_transform/share/coord_transform/package.zsh'
[4.586s] Level 1:colcon.colcon_core.environment:create_file_with_runtime_dependencies(/home/hungnb/cocarry_ws/install/coord_transform/share/colcon-core/packages/coord_transform)
[4.596s] Level 1:colcon.colcon_core.environment:create_environment_scripts_only(kinect2_calibration)
[4.596s] Level 1:colcon.colcon_core.environment:checking '/home/hungnb/cocarry_ws/install/kinect2_calibration' for CMake module files
[4.597s] DEBUG:colcon.colcon_core.event_handler.log_command:Invoked command in '/home/hungnb/cocarry_ws/build/kinect2_calibration' returned '0': AMENT_PREFIX_PATH=/home/hungnb/cocarry_ws/install/kinect2_bridge:/home/hungnb/cocarry_ws/install/kinect2_registration:${AMENT_PREFIX_PATH} CMAKE_PREFIX_PATH=/home/hungnb/cocarry_ws/install/kinect2_bridge:/home/hungnb/cocarry_ws/install/kinect2_registration:/opt/ros/humble LD_LIBRARY_PATH=/home/hungnb/cocarry_ws/install/kinect2_registration/lib:${LD_LIBRARY_PATH} /usr/bin/cmake --install /home/hungnb/cocarry_ws/build/kinect2_calibration
[4.597s] Level 1:colcon.colcon_core.environment:checking '/home/hungnb/cocarry_ws/install/kinect2_calibration' for CMake config files
[4.597s] Level 1:colcon.colcon_core.shell:create_environment_hook('kinect2_calibration', 'cmake_prefix_path')
[4.598s] INFO:colcon.colcon_core.shell:Creating environment hook '/home/hungnb/cocarry_ws/install/kinect2_calibration/share/kinect2_calibration/hook/cmake_prefix_path.ps1'
[4.598s] INFO:colcon.colcon_core.shell:Creating environment descriptor '/home/hungnb/cocarry_ws/install/kinect2_calibration/share/kinect2_calibration/hook/cmake_prefix_path.dsv'
[4.598s] INFO:colcon.colcon_core.shell:Creating environment hook '/home/hungnb/cocarry_ws/install/kinect2_calibration/share/kinect2_calibration/hook/cmake_prefix_path.sh'
[4.599s] Level 1:colcon.colcon_core.environment:checking '/home/hungnb/cocarry_ws/install/kinect2_calibration/lib'
[4.599s] Level 1:colcon.colcon_core.environment:checking '/home/hungnb/cocarry_ws/install/kinect2_calibration/bin'
[4.599s] Level 1:colcon.colcon_core.environment:checking '/home/hungnb/cocarry_ws/install/kinect2_calibration/lib/pkgconfig/kinect2_calibration.pc'
[4.599s] Level 1:colcon.colcon_core.environment:checking '/home/hungnb/cocarry_ws/install/kinect2_calibration/lib/python3.10/site-packages'
[4.600s] Level 1:colcon.colcon_core.environment:checking '/home/hungnb/cocarry_ws/install/kinect2_calibration/bin'
[4.600s] INFO:colcon.colcon_core.shell:Creating package script '/home/hungnb/cocarry_ws/install/kinect2_calibration/share/kinect2_calibration/package.ps1'
[4.601s] INFO:colcon.colcon_core.shell:Creating package descriptor '/home/hungnb/cocarry_ws/install/kinect2_calibration/share/kinect2_calibration/package.dsv'
[4.601s] INFO:colcon.colcon_core.shell:Creating package script '/home/hungnb/cocarry_ws/install/kinect2_calibration/share/kinect2_calibration/package.sh'
[4.601s] INFO:colcon.colcon_core.shell:Creating package script '/home/hungnb/cocarry_ws/install/kinect2_calibration/share/kinect2_calibration/package.bash'
[4.602s] INFO:colcon.colcon_core.shell:Creating package script '/home/hungnb/cocarry_ws/install/kinect2_calibration/share/kinect2_calibration/package.zsh'
[4.602s] Level 1:colcon.colcon_core.environment:create_file_with_runtime_dependencies(/home/hungnb/cocarry_ws/install/kinect2_calibration/share/colcon-core/packages/kinect2_calibration)
[4.603s] Level 1:colcon.colcon_core.environment:create_environment_scripts_only(kinect2_calibration)
[4.603s] Level 1:colcon.colcon_core.environment:checking '/home/hungnb/cocarry_ws/install/kinect2_calibration' for CMake module files
[4.603s] Level 1:colcon.colcon_core.environment:checking '/home/hungnb/cocarry_ws/install/kinect2_calibration' for CMake config files
[4.604s] Level 1:colcon.colcon_core.shell:create_environment_hook('kinect2_calibration', 'cmake_prefix_path')
[4.604s] INFO:colcon.colcon_core.shell:Creating environment hook '/home/hungnb/cocarry_ws/install/kinect2_calibration/share/kinect2_calibration/hook/cmake_prefix_path.ps1'
[4.604s] INFO:colcon.colcon_core.shell:Creating environment descriptor '/home/hungnb/cocarry_ws/install/kinect2_calibration/share/kinect2_calibration/hook/cmake_prefix_path.dsv'
[4.605s] INFO:colcon.colcon_core.shell:Creating environment hook '/home/hungnb/cocarry_ws/install/kinect2_calibration/share/kinect2_calibration/hook/cmake_prefix_path.sh'
[4.606s] Level 1:colcon.colcon_core.environment:checking '/home/hungnb/cocarry_ws/install/kinect2_calibration/lib'
[4.606s] Level 1:colcon.colcon_core.environment:checking '/home/hungnb/cocarry_ws/install/kinect2_calibration/bin'
[4.606s] Level 1:colcon.colcon_core.environment:checking '/home/hungnb/cocarry_ws/install/kinect2_calibration/lib/pkgconfig/kinect2_calibration.pc'
[4.607s] Level 1:colcon.colcon_core.environment:checking '/home/hungnb/cocarry_ws/install/kinect2_calibration/lib/python3.10/site-packages'
[4.607s] Level 1:colcon.colcon_core.environment:checking '/home/hungnb/cocarry_ws/install/kinect2_calibration/bin'
[4.607s] INFO:colcon.colcon_core.shell:Creating package script '/home/hungnb/cocarry_ws/install/kinect2_calibration/share/kinect2_calibration/package.ps1'
[4.608s] INFO:colcon.colcon_core.shell:Creating package descriptor '/home/hungnb/cocarry_ws/install/kinect2_calibration/share/kinect2_calibration/package.dsv'
[4.608s] INFO:colcon.colcon_core.shell:Creating package script '/home/hungnb/cocarry_ws/install/kinect2_calibration/share/kinect2_calibration/package.sh'
[4.609s] INFO:colcon.colcon_core.shell:Creating package script '/home/hungnb/cocarry_ws/install/kinect2_calibration/share/kinect2_calibration/package.bash'
[4.609s] INFO:colcon.colcon_core.shell:Creating package script '/home/hungnb/cocarry_ws/install/kinect2_calibration/share/kinect2_calibration/package.zsh'
[4.609s] Level 1:colcon.colcon_core.environment:create_file_with_runtime_dependencies(/home/hungnb/cocarry_ws/install/kinect2_calibration/share/colcon-core/packages/kinect2_calibration)
[4.611s] Level 1:colcon.colcon_core.environment:checking '/home/hungnb/cocarry_ws/install/predictor_ui' for CMake module files
[4.611s] DEBUG:colcon.colcon_core.event_handler.log_command:Invoked command in '/home/hungnb/cocarry_ws/src/predictor_ui' returned '0': CMAKE_PREFIX_PATH=/home/hungnb/cocarry_ws/install/human_hand_msgs LD_LIBRARY_PATH=/home/hungnb/cocarry_ws/install/human_hand_msgs/lib:${LD_LIBRARY_PATH} PKG_CONFIG_PATH=/home/hungnb/cocarry_ws/install/human_hand_msgs/lib/x86_64-linux-gnu/pkgconfig:/home/hungnb/cocarry_ws/install/human_hand_msgs/lib/pkgconfig PYTHONPATH=/home/hungnb/cocarry_ws/build/predictor_ui/prefix_override:/home/hungnb/.local/lib/python3.10/site-packages/colcon_core/task/python/colcon_distutils_commands:/home/hungnb/cocarry_ws/install/predictor_ui/lib/python3.10/site-packages:/home/hungnb/cocarry_ws/install/human_hand_msgs/local/lib/python3.10/dist-packages:${PYTHONPATH} ROS_PACKAGE_PATH=/home/hungnb/cocarry_ws/install/human_hand_msgs/share /usr/bin/python3 -W ignore:setup.py install is deprecated -W ignore:easy_install command is deprecated setup.py egg_info --egg-base ../../build/predictor_ui build --build-base /home/hungnb/cocarry_ws/build/predictor_ui/build install --record /home/hungnb/cocarry_ws/build/predictor_ui/install.log --install-scripts $base/lib/predictor_ui --single-version-externally-managed install_data --force
[4.612s] Level 1:colcon.colcon_core.environment:checking '/home/hungnb/cocarry_ws/install/predictor_ui' for CMake config files
[4.612s] Level 1:colcon.colcon_core.environment:checking '/home/hungnb/cocarry_ws/install/predictor_ui/lib'
[4.612s] Level 1:colcon.colcon_core.environment:checking '/home/hungnb/cocarry_ws/install/predictor_ui/bin'
[4.612s] Level 1:colcon.colcon_core.environment:checking '/home/hungnb/cocarry_ws/install/predictor_ui/lib/pkgconfig/predictor_ui.pc'
[4.612s] Level 1:colcon.colcon_core.environment:checking '/home/hungnb/cocarry_ws/install/predictor_ui/lib/python3.10/site-packages'
[4.612s] Level 1:colcon.colcon_core.shell:create_environment_hook('predictor_ui', 'pythonpath')
[4.612s] INFO:colcon.colcon_core.shell:Creating environment hook '/home/hungnb/cocarry_ws/install/predictor_ui/share/predictor_ui/hook/pythonpath.ps1'
[4.613s] INFO:colcon.colcon_core.shell:Creating environment descriptor '/home/hungnb/cocarry_ws/install/predictor_ui/share/predictor_ui/hook/pythonpath.dsv'
[4.613s] INFO:colcon.colcon_core.shell:Creating environment hook '/home/hungnb/cocarry_ws/install/predictor_ui/share/predictor_ui/hook/pythonpath.sh'
[4.614s] Level 1:colcon.colcon_core.environment:checking '/home/hungnb/cocarry_ws/install/predictor_ui/bin'
[4.614s] Level 1:colcon.colcon_core.environment:create_environment_scripts_only(predictor_ui)
[4.614s] INFO:colcon.colcon_core.shell:Creating package script '/home/hungnb/cocarry_ws/install/predictor_ui/share/predictor_ui/package.ps1'
[4.615s] INFO:colcon.colcon_core.shell:Creating package descriptor '/home/hungnb/cocarry_ws/install/predictor_ui/share/predictor_ui/package.dsv'
[4.616s] INFO:colcon.colcon_core.shell:Creating package script '/home/hungnb/cocarry_ws/install/predictor_ui/share/predictor_ui/package.sh'
[4.616s] INFO:colcon.colcon_core.shell:Creating package script '/home/hungnb/cocarry_ws/install/predictor_ui/share/predictor_ui/package.bash'
[4.617s] INFO:colcon.colcon_core.shell:Creating package script '/home/hungnb/cocarry_ws/install/predictor_ui/share/predictor_ui/package.zsh'
[4.617s] Level 1:colcon.colcon_core.environment:create_file_with_runtime_dependencies(/home/hungnb/cocarry_ws/install/predictor_ui/share/colcon-core/packages/predictor_ui)
[4.619s] DEBUG:colcon.colcon_core.event_handler.log_command:Invoked command in '/home/hungnb/cocarry_ws/build/trajectory_predictor' returned '0': CMAKE_PREFIX_PATH=/home/hungnb/cocarry_ws/install/human_hand_msgs LD_LIBRARY_PATH=/home/hungnb/cocarry_ws/install/human_hand_msgs/lib:${LD_LIBRARY_PATH} PKG_CONFIG_PATH=/home/hungnb/cocarry_ws/install/human_hand_msgs/lib/x86_64-linux-gnu/pkgconfig:/home/hungnb/cocarry_ws/install/human_hand_msgs/lib/pkgconfig PYTHONPATH=/home/hungnb/cocarry_ws/build/trajectory_predictor/prefix_override:/home/hungnb/.local/lib/python3.10/site-packages/colcon_core/task/python/colcon_distutils_commands:/home/hungnb/cocarry_ws/install/trajectory_predictor/lib/python3.10/site-packages:/home/hungnb/cocarry_ws/install/human_hand_msgs/local/lib/python3.10/dist-packages:${PYTHONPATH} ROS_PACKAGE_PATH=/home/hungnb/cocarry_ws/install/human_hand_msgs/share /usr/bin/python3 -W ignore:setup.py install is deprecated -W ignore:easy_install command is deprecated setup.py develop --uninstall --editable --build-directory /home/hungnb/cocarry_ws/build/trajectory_predictor/build
[4.621s] DEBUG:colcon.colcon_core.event_handler.log_command:Invoking command in '/home/hungnb/cocarry_ws/src/trajectory_predictor': CMAKE_PREFIX_PATH=/home/hungnb/cocarry_ws/install/human_hand_msgs LD_LIBRARY_PATH=/home/hungnb/cocarry_ws/install/human_hand_msgs/lib:${LD_LIBRARY_PATH} PKG_CONFIG_PATH=/home/hungnb/cocarry_ws/install/human_hand_msgs/lib/x86_64-linux-gnu/pkgconfig:/home/hungnb/cocarry_ws/install/human_hand_msgs/lib/pkgconfig PYTHONPATH=/home/hungnb/cocarry_ws/build/trajectory_predictor/prefix_override:/home/hungnb/.local/lib/python3.10/site-packages/colcon_core/task/python/colcon_distutils_commands:/home/hungnb/cocarry_ws/install/trajectory_predictor/lib/python3.10/site-packages:/home/hungnb/cocarry_ws/install/human_hand_msgs/local/lib/python3.10/dist-packages:${PYTHONPATH} ROS_PACKAGE_PATH=/home/hungnb/cocarry_ws/install/human_hand_msgs/share /usr/bin/python3 -W ignore:setup.py install is deprecated -W ignore:easy_install command is deprecated setup.py egg_info --egg-base ../../build/trajectory_predictor build --build-base /home/hungnb/cocarry_ws/build/trajectory_predictor/build install --record /home/hungnb/cocarry_ws/build/trajectory_predictor/install.log --install-scripts $base/lib/trajectory_predictor --single-version-externally-managed install_data --force
[4.637s] Level 1:colcon.colcon_core.environment:checking '/home/hungnb/cocarry_ws/install/experiment_logger' for CMake module files
[4.637s] DEBUG:colcon.colcon_core.event_handler.log_command:Invoked command in '/home/hungnb/cocarry_ws/src/experiment_logger' returned '0': CMAKE_PREFIX_PATH=/home/hungnb/cocarry_ws/install/human_hand_msgs LD_LIBRARY_PATH=/home/hungnb/cocarry_ws/install/human_hand_msgs/lib:${LD_LIBRARY_PATH} PKG_CONFIG_PATH=/home/hungnb/cocarry_ws/install/human_hand_msgs/lib/x86_64-linux-gnu/pkgconfig:/home/hungnb/cocarry_ws/install/human_hand_msgs/lib/pkgconfig PYTHONPATH=/home/hungnb/cocarry_ws/build/experiment_logger/prefix_override:/home/hungnb/.local/lib/python3.10/site-packages/colcon_core/task/python/colcon_distutils_commands:/home/hungnb/cocarry_ws/install/experiment_logger/lib/python3.10/site-packages:/home/hungnb/cocarry_ws/install/human_hand_msgs/local/lib/python3.10/dist-packages:${PYTHONPATH} ROS_PACKAGE_PATH=/home/hungnb/cocarry_ws/install/human_hand_msgs/share /usr/bin/python3 -W ignore:setup.py install is deprecated -W ignore:easy_install command is deprecated setup.py egg_info --egg-base ../../build/experiment_logger build --build-base /home/hungnb/cocarry_ws/build/experiment_logger/build install --record /home/hungnb/cocarry_ws/build/experiment_logger/install.log --install-scripts $base/lib/experiment_logger --single-version-externally-managed install_data --force
[4.637s] Level 1:colcon.colcon_core.environment:checking '/home/hungnb/cocarry_ws/install/experiment_logger' for CMake config files
[4.638s] Level 1:colcon.colcon_core.environment:checking '/home/hungnb/cocarry_ws/install/experiment_logger/lib'
[4.638s] Level 1:colcon.colcon_core.environment:checking '/home/hungnb/cocarry_ws/install/experiment_logger/bin'
[4.638s] Level 1:colcon.colcon_core.environment:checking '/home/hungnb/cocarry_ws/install/experiment_logger/lib/pkgconfig/experiment_logger.pc'
[4.638s] Level 1:colcon.colcon_core.environment:checking '/home/hungnb/cocarry_ws/install/experiment_logger/lib/python3.10/site-packages'
[4.638s] Level 1:colcon.colcon_core.shell:create_environment_hook('experiment_logger', 'pythonpath')
[4.638s] INFO:colcon.colcon_core.shell:Creating environment hook '/home/hungnb/cocarry_ws/install/experiment_logger/share/experiment_logger/hook/pythonpath.ps1'
[4.639s] INFO:colcon.colcon_core.shell:Creating environment descriptor '/home/hungnb/cocarry_ws/install/experiment_logger/share/experiment_logger/hook/pythonpath.dsv'
[4.639s] INFO:colcon.colcon_core.shell:Creating environment hook '/home/hungnb/cocarry_ws/install/experiment_logger/share/experiment_logger/hook/pythonpath.sh'
[4.639s] Level 1:colcon.colcon_core.environment:checking '/home/hungnb/cocarry_ws/install/experiment_logger/bin'
[4.639s] Level 1:colcon.colcon_core.environment:create_environment_scripts_only(experiment_logger)
[4.640s] INFO:colcon.colcon_core.shell:Creating package script '/home/hungnb/cocarry_ws/install/experiment_logger/share/experiment_logger/package.ps1'
[4.640s] INFO:colcon.colcon_core.shell:Creating package descriptor '/home/hungnb/cocarry_ws/install/experiment_logger/share/experiment_logger/package.dsv'
[4.640s] INFO:colcon.colcon_core.shell:Creating package script '/home/hungnb/cocarry_ws/install/experiment_logger/share/experiment_logger/package.sh'
[4.640s] INFO:colcon.colcon_core.shell:Creating package script '/home/hungnb/cocarry_ws/install/experiment_logger/share/experiment_logger/package.bash'
[4.641s] INFO:colcon.colcon_core.shell:Creating package script '/home/hungnb/cocarry_ws/install/experiment_logger/share/experiment_logger/package.zsh'
[4.641s] Level 1:colcon.colcon_core.environment:create_file_with_runtime_dependencies(/home/hungnb/cocarry_ws/install/experiment_logger/share/colcon-core/packages/experiment_logger)
[4.654s] DEBUG:colcon.colcon_core.event_handler.log_command:Invoked command in '/home/hungnb/cocarry_ws/build/kinect_tracker' returned '0': CMAKE_PREFIX_PATH=/home/hungnb/cocarry_ws/install/human_hand_msgs LD_LIBRARY_PATH=/home/hungnb/cocarry_ws/install/human_hand_msgs/lib:${LD_LIBRARY_PATH} PKG_CONFIG_PATH=/home/hungnb/cocarry_ws/install/human_hand_msgs/lib/x86_64-linux-gnu/pkgconfig:/home/hungnb/cocarry_ws/install/human_hand_msgs/lib/pkgconfig PYTHONPATH=/home/hungnb/cocarry_ws/build/kinect_tracker/prefix_override:/home/hungnb/.local/lib/python3.10/site-packages/colcon_core/task/python/colcon_distutils_commands:/home/hungnb/cocarry_ws/install/kinect_tracker/lib/python3.10/site-packages:/home/hungnb/cocarry_ws/install/human_hand_msgs/local/lib/python3.10/dist-packages:${PYTHONPATH} ROS_PACKAGE_PATH=/home/hungnb/cocarry_ws/install/human_hand_msgs/share /usr/bin/python3 -W ignore:setup.py install is deprecated -W ignore:easy_install command is deprecated setup.py develop --uninstall --editable --build-directory /home/hungnb/cocarry_ws/build/kinect_tracker/build
[4.655s] DEBUG:colcon.colcon_core.event_handler.log_command:Invoking command in '/home/hungnb/cocarry_ws/src/kinect_tracker': CMAKE_PREFIX_PATH=/home/hungnb/cocarry_ws/install/human_hand_msgs LD_LIBRARY_PATH=/home/hungnb/cocarry_ws/install/human_hand_msgs/lib:${LD_LIBRARY_PATH} PKG_CONFIG_PATH=/home/hungnb/cocarry_ws/install/human_hand_msgs/lib/x86_64-linux-gnu/pkgconfig:/home/hungnb/cocarry_ws/install/human_hand_msgs/lib/pkgconfig PYTHONPATH=/home/hungnb/cocarry_ws/build/kinect_tracker/prefix_override:/home/hungnb/.local/lib/python3.10/site-packages/colcon_core/task/python/colcon_distutils_commands:/home/hungnb/cocarry_ws/install/kinect_tracker/lib/python3.10/site-packages:/home/hungnb/cocarry_ws/install/human_hand_msgs/local/lib/python3.10/dist-packages:${PYTHONPATH} ROS_PACKAGE_PATH=/home/hungnb/cocarry_ws/install/human_hand_msgs/share /usr/bin/python3 -W ignore:setup.py install is deprecated -W ignore:easy_install command is deprecated setup.py egg_info --egg-base ../../build/kinect_tracker build --build-base /home/hungnb/cocarry_ws/build/kinect_tracker/build install --record /home/hungnb/cocarry_ws/build/kinect_tracker/install.log --install-scripts $base/lib/kinect_tracker --single-version-externally-managed install_data --force
[4.673s] Level 1:colcon.colcon_core.environment:checking '/home/hungnb/cocarry_ws/install/realsense_tracker' for CMake module files
[4.673s] DEBUG:colcon.colcon_core.event_handler.log_command:Invoked command in '/home/hungnb/cocarry_ws/src/realsense_tracker' returned '0': CMAKE_PREFIX_PATH=/home/hungnb/cocarry_ws/install/human_hand_msgs LD_LIBRARY_PATH=/home/hungnb/cocarry_ws/install/human_hand_msgs/lib:${LD_LIBRARY_PATH} PKG_CONFIG_PATH=/home/hungnb/cocarry_ws/install/human_hand_msgs/lib/x86_64-linux-gnu/pkgconfig:/home/hungnb/cocarry_ws/install/human_hand_msgs/lib/pkgconfig PYTHONPATH=/home/hungnb/cocarry_ws/build/realsense_tracker/prefix_override:/home/hungnb/.local/lib/python3.10/site-packages/colcon_core/task/python/colcon_distutils_commands:/home/hungnb/cocarry_ws/install/realsense_tracker/lib/python3.10/site-packages:/home/hungnb/cocarry_ws/install/human_hand_msgs/local/lib/python3.10/dist-packages:${PYTHONPATH} ROS_PACKAGE_PATH=/home/hungnb/cocarry_ws/install/human_hand_msgs/share /usr/bin/python3 -W ignore:setup.py install is deprecated -W ignore:easy_install command is deprecated setup.py egg_info --egg-base ../../build/realsense_tracker build --build-base /home/hungnb/cocarry_ws/build/realsense_tracker/build install --record /home/hungnb/cocarry_ws/build/realsense_tracker/install.log --install-scripts $base/lib/realsense_tracker --single-version-externally-managed install_data --force
[4.674s] Level 1:colcon.colcon_core.environment:checking '/home/hungnb/cocarry_ws/install/realsense_tracker' for CMake config files
[4.674s] Level 1:colcon.colcon_core.environment:checking '/home/hungnb/cocarry_ws/install/realsense_tracker/lib'
[4.674s] Level 1:colcon.colcon_core.environment:checking '/home/hungnb/cocarry_ws/install/realsense_tracker/bin'
[4.674s] Level 1:colcon.colcon_core.environment:checking '/home/hungnb/cocarry_ws/install/realsense_tracker/lib/pkgconfig/realsense_tracker.pc'
[4.674s] Level 1:colcon.colcon_core.environment:checking '/home/hungnb/cocarry_ws/install/realsense_tracker/lib/python3.10/site-packages'
[4.674s] Level 1:colcon.colcon_core.shell:create_environment_hook('realsense_tracker', 'pythonpath')
[4.674s] INFO:colcon.colcon_core.shell:Creating environment hook '/home/hungnb/cocarry_ws/install/realsense_tracker/share/realsense_tracker/hook/pythonpath.ps1'
[4.675s] INFO:colcon.colcon_core.shell:Creating environment descriptor '/home/hungnb/cocarry_ws/install/realsense_tracker/share/realsense_tracker/hook/pythonpath.dsv'
[4.675s] INFO:colcon.colcon_core.shell:Creating environment hook '/home/hungnb/cocarry_ws/install/realsense_tracker/share/realsense_tracker/hook/pythonpath.sh'
[4.676s] Level 1:colcon.colcon_core.environment:checking '/home/hungnb/cocarry_ws/install/realsense_tracker/bin'
[4.676s] Level 1:colcon.colcon_core.environment:create_environment_scripts_only(realsense_tracker)
[4.676s] INFO:colcon.colcon_core.shell:Creating package script '/home/hungnb/cocarry_ws/install/realsense_tracker/share/realsense_tracker/package.ps1'
[4.676s] INFO:colcon.colcon_core.shell:Creating package descriptor '/home/hungnb/cocarry_ws/install/realsense_tracker/share/realsense_tracker/package.dsv'
[4.676s] INFO:colcon.colcon_core.shell:Creating package script '/home/hungnb/cocarry_ws/install/realsense_tracker/share/realsense_tracker/package.sh'
[4.677s] INFO:colcon.colcon_core.shell:Creating package script '/home/hungnb/cocarry_ws/install/realsense_tracker/share/realsense_tracker/package.bash'
[4.677s] INFO:colcon.colcon_core.shell:Creating package script '/home/hungnb/cocarry_ws/install/realsense_tracker/share/realsense_tracker/package.zsh'
[4.677s] Level 1:colcon.colcon_core.environment:create_file_with_runtime_dependencies(/home/hungnb/cocarry_ws/install/realsense_tracker/share/colcon-core/packages/realsense_tracker)
[4.820s] Level 1:colcon.colcon_core.environment:checking '/home/hungnb/cocarry_ws/install/trajectory_predictor' for CMake module files
[4.820s] DEBUG:colcon.colcon_core.event_handler.log_command:Invoked command in '/home/hungnb/cocarry_ws/src/trajectory_predictor' returned '0': CMAKE_PREFIX_PATH=/home/hungnb/cocarry_ws/install/human_hand_msgs LD_LIBRARY_PATH=/home/hungnb/cocarry_ws/install/human_hand_msgs/lib:${LD_LIBRARY_PATH} PKG_CONFIG_PATH=/home/hungnb/cocarry_ws/install/human_hand_msgs/lib/x86_64-linux-gnu/pkgconfig:/home/hungnb/cocarry_ws/install/human_hand_msgs/lib/pkgconfig PYTHONPATH=/home/hungnb/cocarry_ws/build/trajectory_predictor/prefix_override:/home/hungnb/.local/lib/python3.10/site-packages/colcon_core/task/python/colcon_distutils_commands:/home/hungnb/cocarry_ws/install/trajectory_predictor/lib/python3.10/site-packages:/home/hungnb/cocarry_ws/install/human_hand_msgs/local/lib/python3.10/dist-packages:${PYTHONPATH} ROS_PACKAGE_PATH=/home/hungnb/cocarry_ws/install/human_hand_msgs/share /usr/bin/python3 -W ignore:setup.py install is deprecated -W ignore:easy_install command is deprecated setup.py egg_info --egg-base ../../build/trajectory_predictor build --build-base /home/hungnb/cocarry_ws/build/trajectory_predictor/build install --record /home/hungnb/cocarry_ws/build/trajectory_predictor/install.log --install-scripts $base/lib/trajectory_predictor --single-version-externally-managed install_data --force
[4.820s] Level 1:colcon.colcon_core.environment:checking '/home/hungnb/cocarry_ws/install/trajectory_predictor' for CMake config files
[4.821s] Level 1:colcon.colcon_core.environment:checking '/home/hungnb/cocarry_ws/install/trajectory_predictor/lib'
[4.821s] Level 1:colcon.colcon_core.environment:checking '/home/hungnb/cocarry_ws/install/trajectory_predictor/bin'
[4.821s] Level 1:colcon.colcon_core.environment:checking '/home/hungnb/cocarry_ws/install/trajectory_predictor/lib/pkgconfig/trajectory_predictor.pc'
[4.821s] Level 1:colcon.colcon_core.environment:checking '/home/hungnb/cocarry_ws/install/trajectory_predictor/lib/python3.10/site-packages'
[4.821s] Level 1:colcon.colcon_core.shell:create_environment_hook('trajectory_predictor', 'pythonpath')
[4.821s] INFO:colcon.colcon_core.shell:Creating environment hook '/home/hungnb/cocarry_ws/install/trajectory_predictor/share/trajectory_predictor/hook/pythonpath.ps1'
[4.822s] INFO:colcon.colcon_core.shell:Creating environment descriptor '/home/hungnb/cocarry_ws/install/trajectory_predictor/share/trajectory_predictor/hook/pythonpath.dsv'
[4.822s] INFO:colcon.colcon_core.shell:Creating environment hook '/home/hungnb/cocarry_ws/install/trajectory_predictor/share/trajectory_predictor/hook/pythonpath.sh'
[4.822s] Level 1:colcon.colcon_core.environment:checking '/home/hungnb/cocarry_ws/install/trajectory_predictor/bin'
[4.822s] Level 1:colcon.colcon_core.environment:create_environment_scripts_only(trajectory_predictor)
[4.823s] INFO:colcon.colcon_core.shell:Creating package script '/home/hungnb/cocarry_ws/install/trajectory_predictor/share/trajectory_predictor/package.ps1'
[4.823s] INFO:colcon.colcon_core.shell:Creating package descriptor '/home/hungnb/cocarry_ws/install/trajectory_predictor/share/trajectory_predictor/package.dsv'
[4.823s] INFO:colcon.colcon_core.shell:Creating package script '/home/hungnb/cocarry_ws/install/trajectory_predictor/share/trajectory_predictor/package.sh'
[4.823s] INFO:colcon.colcon_core.shell:Creating package script '/home/hungnb/cocarry_ws/install/trajectory_predictor/share/trajectory_predictor/package.bash'
[4.824s] INFO:colcon.colcon_core.shell:Creating package script '/home/hungnb/cocarry_ws/install/trajectory_predictor/share/trajectory_predictor/package.zsh'
[4.824s] Level 1:colcon.colcon_core.environment:create_file_with_runtime_dependencies(/home/hungnb/cocarry_ws/install/trajectory_predictor/share/colcon-core/packages/trajectory_predictor)
[4.824s] INFO:colcon.colcon_ros.task.ament_cmake.build:Building ROS package in '/home/hungnb/cocarry_ws/src/hrc_bringup' with build type 'ament_cmake'
[4.824s] INFO:colcon.colcon_cmake.task.cmake.build:Building CMake package in '/home/hungnb/cocarry_ws/src/hrc_bringup'
[4.824s] INFO:colcon.colcon_core.shell:Skip shell extension 'powershell' for command environment: Not usable outside of PowerShell
[4.825s] DEBUG:colcon.colcon_core.shell:Skip shell extension 'dsv' for command environment
[4.845s] DEBUG:colcon.colcon_core.event_handler.log_command:Invoking command in '/home/hungnb/cocarry_ws/build/hrc_bringup': AMENT_PREFIX_PATH=/home/hungnb/cocarry_ws/install/hc10dtp_simulation:/home/hungnb/cocarry_ws/install/hc10dtp_bringup:/home/hungnb/cocarry_ws/install/hc10dtp_moveit_config:/home/hungnb/cocarry_ws/install/motoman_hc10dtp_support:/home/hungnb/cocarry_ws/install/trajectory_predictor:/home/hungnb/cocarry_ws/install/realsense_tracker:/home/hungnb/cocarry_ws/install/predictor_ui:/home/hungnb/cocarry_ws/install/motoman_hc10_support:/home/hungnb/cocarry_ws/install/experiment_logger:/home/hungnb/cocarry_ws/install/coord_transform:/home/hungnb/cocarry_ws/install/motoros2_interfaces:/home/hungnb/cocarry_ws/install/motoman_resources:${AMENT_PREFIX_PATH} CMAKE_PREFIX_PATH=/home/hungnb/cocarry_ws/install/hc10dtp_simulation:/home/hungnb/cocarry_ws/install/hc10dtp_bringup:/home/hungnb/cocarry_ws/install/hc10dtp_moveit_config:/home/hungnb/cocarry_ws/install/motoman_hc10dtp_support:/home/hungnb/cocarry_ws/install/motoman_hc10_support:/home/hungnb/cocarry_ws/install/motoros2_interfaces:/home/hungnb/cocarry_ws/install/motoman_resources:/opt/ros/humble:/home/hungnb/cocarry_ws/install/human_hand_msgs LD_LIBRARY_PATH=/home/hungnb/cocarry_ws/install/motoros2_interfaces/lib:/home/hungnb/cocarry_ws/install/human_hand_msgs/lib:${LD_LIBRARY_PATH} PKG_CONFIG_PATH=/home/hungnb/cocarry_ws/install/human_hand_msgs/lib/x86_64-linux-gnu/pkgconfig:/home/hungnb/cocarry_ws/install/human_hand_msgs/lib/pkgconfig PYTHONPATH=/home/hungnb/cocarry_ws/install/trajectory_predictor/lib/python3.10/site-packages:/home/hungnb/cocarry_ws/install/realsense_tracker/lib/python3.10/site-packages:/home/hungnb/cocarry_ws/install/predictor_ui/lib/python3.10/site-packages:/home/hungnb/cocarry_ws/install/experiment_logger/lib/python3.10/site-packages:/home/hungnb/cocarry_ws/install/coord_transform/lib/python3.10/site-packages:/home/hungnb/cocarry_ws/install/motoros2_interfaces/local/lib/python3.10/dist-packages:/home/hungnb/cocarry_ws/install/human_hand_msgs/local/lib/python3.10/dist-packages:${PYTHONPATH} ROS_PACKAGE_PATH=/home/hungnb/cocarry_ws/install/human_hand_msgs/share /usr/bin/cmake /home/hungnb/cocarry_ws/src/hrc_bringup -DCMAKE_INSTALL_PREFIX=/home/hungnb/cocarry_ws/install/hrc_bringup
[4.864s] Level 1:colcon.colcon_core.environment:checking '/home/hungnb/cocarry_ws/install/kinect_tracker' for CMake module files
[4.864s] DEBUG:colcon.colcon_core.event_handler.log_command:Invoked command in '/home/hungnb/cocarry_ws/src/kinect_tracker' returned '0': CMAKE_PREFIX_PATH=/home/hungnb/cocarry_ws/install/human_hand_msgs LD_LIBRARY_PATH=/home/hungnb/cocarry_ws/install/human_hand_msgs/lib:${LD_LIBRARY_PATH} PKG_CONFIG_PATH=/home/hungnb/cocarry_ws/install/human_hand_msgs/lib/x86_64-linux-gnu/pkgconfig:/home/hungnb/cocarry_ws/install/human_hand_msgs/lib/pkgconfig PYTHONPATH=/home/hungnb/cocarry_ws/build/kinect_tracker/prefix_override:/home/hungnb/.local/lib/python3.10/site-packages/colcon_core/task/python/colcon_distutils_commands:/home/hungnb/cocarry_ws/install/kinect_tracker/lib/python3.10/site-packages:/home/hungnb/cocarry_ws/install/human_hand_msgs/local/lib/python3.10/dist-packages:${PYTHONPATH} ROS_PACKAGE_PATH=/home/hungnb/cocarry_ws/install/human_hand_msgs/share /usr/bin/python3 -W ignore:setup.py install is deprecated -W ignore:easy_install command is deprecated setup.py egg_info --egg-base ../../build/kinect_tracker build --build-base /home/hungnb/cocarry_ws/build/kinect_tracker/build install --record /home/hungnb/cocarry_ws/build/kinect_tracker/install.log --install-scripts $base/lib/kinect_tracker --single-version-externally-managed install_data --force
[4.865s] Level 1:colcon.colcon_core.environment:checking '/home/hungnb/cocarry_ws/install/kinect_tracker' for CMake config files
[4.865s] Level 1:colcon.colcon_core.environment:checking '/home/hungnb/cocarry_ws/install/kinect_tracker/lib'
[4.865s] Level 1:colcon.colcon_core.environment:checking '/home/hungnb/cocarry_ws/install/kinect_tracker/bin'
[4.865s] Level 1:colcon.colcon_core.environment:checking '/home/hungnb/cocarry_ws/install/kinect_tracker/lib/pkgconfig/kinect_tracker.pc'
[4.865s] Level 1:colcon.colcon_core.environment:checking '/home/hungnb/cocarry_ws/install/kinect_tracker/lib/python3.10/site-packages'
[4.865s] Level 1:colcon.colcon_core.shell:create_environment_hook('kinect_tracker', 'pythonpath')
[4.865s] INFO:colcon.colcon_core.shell:Creating environment hook '/home/hungnb/cocarry_ws/install/kinect_tracker/share/kinect_tracker/hook/pythonpath.ps1'
[4.866s] INFO:colcon.colcon_core.shell:Creating environment descriptor '/home/hungnb/cocarry_ws/install/kinect_tracker/share/kinect_tracker/hook/pythonpath.dsv'
[4.866s] INFO:colcon.colcon_core.shell:Creating environment hook '/home/hungnb/cocarry_ws/install/kinect_tracker/share/kinect_tracker/hook/pythonpath.sh'
[4.867s] Level 1:colcon.colcon_core.environment:checking '/home/hungnb/cocarry_ws/install/kinect_tracker/bin'
[4.867s] Level 1:colcon.colcon_core.environment:create_environment_scripts_only(kinect_tracker)
[4.867s] INFO:colcon.colcon_core.shell:Creating package script '/home/hungnb/cocarry_ws/install/kinect_tracker/share/kinect_tracker/package.ps1'
[4.867s] INFO:colcon.colcon_core.shell:Creating package descriptor '/home/hungnb/cocarry_ws/install/kinect_tracker/share/kinect_tracker/package.dsv'
[4.868s] INFO:colcon.colcon_core.shell:Creating package script '/home/hungnb/cocarry_ws/install/kinect_tracker/share/kinect_tracker/package.sh'
[4.868s] INFO:colcon.colcon_core.shell:Creating package script '/home/hungnb/cocarry_ws/install/kinect_tracker/share/kinect_tracker/package.bash'
[4.868s] INFO:colcon.colcon_core.shell:Creating package script '/home/hungnb/cocarry_ws/install/kinect_tracker/share/kinect_tracker/package.zsh'
[4.868s] Level 1:colcon.colcon_core.environment:create_file_with_runtime_dependencies(/home/hungnb/cocarry_ws/install/kinect_tracker/share/colcon-core/packages/kinect_tracker)
[5.019s] DEBUG:colcon.colcon_core.event_handler.log_command:Invoked command in '/home/hungnb/cocarry_ws/build/hrc_bringup' returned '0': AMENT_PREFIX_PATH=/home/hungnb/cocarry_ws/install/hc10dtp_simulation:/home/hungnb/cocarry_ws/install/hc10dtp_bringup:/home/hungnb/cocarry_ws/install/hc10dtp_moveit_config:/home/hungnb/cocarry_ws/install/motoman_hc10dtp_support:/home/hungnb/cocarry_ws/install/trajectory_predictor:/home/hungnb/cocarry_ws/install/realsense_tracker:/home/hungnb/cocarry_ws/install/predictor_ui:/home/hungnb/cocarry_ws/install/motoman_hc10_support:/home/hungnb/cocarry_ws/install/experiment_logger:/home/hungnb/cocarry_ws/install/coord_transform:/home/hungnb/cocarry_ws/install/motoros2_interfaces:/home/hungnb/cocarry_ws/install/motoman_resources:${AMENT_PREFIX_PATH} CMAKE_PREFIX_PATH=/home/hungnb/cocarry_ws/install/hc10dtp_simulation:/home/hungnb/cocarry_ws/install/hc10dtp_bringup:/home/hungnb/cocarry_ws/install/hc10dtp_moveit_config:/home/hungnb/cocarry_ws/install/motoman_hc10dtp_support:/home/hungnb/cocarry_ws/install/motoman_hc10_support:/home/hungnb/cocarry_ws/install/motoros2_interfaces:/home/hungnb/cocarry_ws/install/motoman_resources:/opt/ros/humble:/home/hungnb/cocarry_ws/install/human_hand_msgs LD_LIBRARY_PATH=/home/hungnb/cocarry_ws/install/motoros2_interfaces/lib:/home/hungnb/cocarry_ws/install/human_hand_msgs/lib:${LD_LIBRARY_PATH} PKG_CONFIG_PATH=/home/hungnb/cocarry_ws/install/human_hand_msgs/lib/x86_64-linux-gnu/pkgconfig:/home/hungnb/cocarry_ws/install/human_hand_msgs/lib/pkgconfig PYTHONPATH=/home/hungnb/cocarry_ws/install/trajectory_predictor/lib/python3.10/site-packages:/home/hungnb/cocarry_ws/install/realsense_tracker/lib/python3.10/site-packages:/home/hungnb/cocarry_ws/install/predictor_ui/lib/python3.10/site-packages:/home/hungnb/cocarry_ws/install/experiment_logger/lib/python3.10/site-packages:/home/hungnb/cocarry_ws/install/coord_transform/lib/python3.10/site-packages:/home/hungnb/cocarry_ws/install/motoros2_interfaces/local/lib/python3.10/dist-packages:/home/hungnb/cocarry_ws/install/human_hand_msgs/local/lib/python3.10/dist-packages:${PYTHONPATH} ROS_PACKAGE_PATH=/home/hungnb/cocarry_ws/install/human_hand_msgs/share /usr/bin/cmake /home/hungnb/cocarry_ws/src/hrc_bringup -DCMAKE_INSTALL_PREFIX=/home/hungnb/cocarry_ws/install/hrc_bringup
[5.021s] DEBUG:colcon.colcon_core.event_handler.log_command:Invoking command in '/home/hungnb/cocarry_ws/build/hrc_bringup': AMENT_PREFIX_PATH=/home/hungnb/cocarry_ws/install/hc10dtp_simulation:/home/hungnb/cocarry_ws/install/hc10dtp_bringup:/home/hungnb/cocarry_ws/install/hc10dtp_moveit_config:/home/hungnb/cocarry_ws/install/motoman_hc10dtp_support:/home/hungnb/cocarry_ws/install/trajectory_predictor:/home/hungnb/cocarry_ws/install/realsense_tracker:/home/hungnb/cocarry_ws/install/predictor_ui:/home/hungnb/cocarry_ws/install/motoman_hc10_support:/home/hungnb/cocarry_ws/install/experiment_logger:/home/hungnb/cocarry_ws/install/coord_transform:/home/hungnb/cocarry_ws/install/motoros2_interfaces:/home/hungnb/cocarry_ws/install/motoman_resources:${AMENT_PREFIX_PATH} CMAKE_PREFIX_PATH=/home/hungnb/cocarry_ws/install/hc10dtp_simulation:/home/hungnb/cocarry_ws/install/hc10dtp_bringup:/home/hungnb/cocarry_ws/install/hc10dtp_moveit_config:/home/hungnb/cocarry_ws/install/motoman_hc10dtp_support:/home/hungnb/cocarry_ws/install/motoman_hc10_support:/home/hungnb/cocarry_ws/install/motoros2_interfaces:/home/hungnb/cocarry_ws/install/motoman_resources:/opt/ros/humble:/home/hungnb/cocarry_ws/install/human_hand_msgs LD_LIBRARY_PATH=/home/hungnb/cocarry_ws/install/motoros2_interfaces/lib:/home/hungnb/cocarry_ws/install/human_hand_msgs/lib:${LD_LIBRARY_PATH} PKG_CONFIG_PATH=/home/hungnb/cocarry_ws/install/human_hand_msgs/lib/x86_64-linux-gnu/pkgconfig:/home/hungnb/cocarry_ws/install/human_hand_msgs/lib/pkgconfig PYTHONPATH=/home/hungnb/cocarry_ws/install/trajectory_predictor/lib/python3.10/site-packages:/home/hungnb/cocarry_ws/install/realsense_tracker/lib/python3.10/site-packages:/home/hungnb/cocarry_ws/install/predictor_ui/lib/python3.10/site-packages:/home/hungnb/cocarry_ws/install/experiment_logger/lib/python3.10/site-packages:/home/hungnb/cocarry_ws/install/coord_transform/lib/python3.10/site-packages:/home/hungnb/cocarry_ws/install/motoros2_interfaces/local/lib/python3.10/dist-packages:/home/hungnb/cocarry_ws/install/human_hand_msgs/local/lib/python3.10/dist-packages:${PYTHONPATH} ROS_PACKAGE_PATH=/home/hungnb/cocarry_ws/install/human_hand_msgs/share /usr/bin/cmake --build /home/hungnb/cocarry_ws/build/hrc_bringup -- -j16 -l16
[5.067s] DEBUG:colcon.colcon_core.event_handler.log_command:Invoked command in '/home/hungnb/cocarry_ws/build/hrc_bringup' returned '0': AMENT_PREFIX_PATH=/home/hungnb/cocarry_ws/install/hc10dtp_simulation:/home/hungnb/cocarry_ws/install/hc10dtp_bringup:/home/hungnb/cocarry_ws/install/hc10dtp_moveit_config:/home/hungnb/cocarry_ws/install/motoman_hc10dtp_support:/home/hungnb/cocarry_ws/install/trajectory_predictor:/home/hungnb/cocarry_ws/install/realsense_tracker:/home/hungnb/cocarry_ws/install/predictor_ui:/home/hungnb/cocarry_ws/install/motoman_hc10_support:/home/hungnb/cocarry_ws/install/experiment_logger:/home/hungnb/cocarry_ws/install/coord_transform:/home/hungnb/cocarry_ws/install/motoros2_interfaces:/home/hungnb/cocarry_ws/install/motoman_resources:${AMENT_PREFIX_PATH} CMAKE_PREFIX_PATH=/home/hungnb/cocarry_ws/install/hc10dtp_simulation:/home/hungnb/cocarry_ws/install/hc10dtp_bringup:/home/hungnb/cocarry_ws/install/hc10dtp_moveit_config:/home/hungnb/cocarry_ws/install/motoman_hc10dtp_support:/home/hungnb/cocarry_ws/install/motoman_hc10_support:/home/hungnb/cocarry_ws/install/motoros2_interfaces:/home/hungnb/cocarry_ws/install/motoman_resources:/opt/ros/humble:/home/hungnb/cocarry_ws/install/human_hand_msgs LD_LIBRARY_PATH=/home/hungnb/cocarry_ws/install/motoros2_interfaces/lib:/home/hungnb/cocarry_ws/install/human_hand_msgs/lib:${LD_LIBRARY_PATH} PKG_CONFIG_PATH=/home/hungnb/cocarry_ws/install/human_hand_msgs/lib/x86_64-linux-gnu/pkgconfig:/home/hungnb/cocarry_ws/install/human_hand_msgs/lib/pkgconfig PYTHONPATH=/home/hungnb/cocarry_ws/install/trajectory_predictor/lib/python3.10/site-packages:/home/hungnb/cocarry_ws/install/realsense_tracker/lib/python3.10/site-packages:/home/hungnb/cocarry_ws/install/predictor_ui/lib/python3.10/site-packages:/home/hungnb/cocarry_ws/install/experiment_logger/lib/python3.10/site-packages:/home/hungnb/cocarry_ws/install/coord_transform/lib/python3.10/site-packages:/home/hungnb/cocarry_ws/install/motoros2_interfaces/local/lib/python3.10/dist-packages:/home/hungnb/cocarry_ws/install/human_hand_msgs/local/lib/python3.10/dist-packages:${PYTHONPATH} ROS_PACKAGE_PATH=/home/hungnb/cocarry_ws/install/human_hand_msgs/share /usr/bin/cmake --build /home/hungnb/cocarry_ws/build/hrc_bringup -- -j16 -l16
[5.069s] DEBUG:colcon.colcon_core.event_handler.log_command:Invoking command in '/home/hungnb/cocarry_ws/build/hrc_bringup': AMENT_PREFIX_PATH=/home/hungnb/cocarry_ws/install/hc10dtp_simulation:/home/hungnb/cocarry_ws/install/hc10dtp_bringup:/home/hungnb/cocarry_ws/install/hc10dtp_moveit_config:/home/hungnb/cocarry_ws/install/motoman_hc10dtp_support:/home/hungnb/cocarry_ws/install/trajectory_predictor:/home/hungnb/cocarry_ws/install/realsense_tracker:/home/hungnb/cocarry_ws/install/predictor_ui:/home/hungnb/cocarry_ws/install/motoman_hc10_support:/home/hungnb/cocarry_ws/install/experiment_logger:/home/hungnb/cocarry_ws/install/coord_transform:/home/hungnb/cocarry_ws/install/motoros2_interfaces:/home/hungnb/cocarry_ws/install/motoman_resources:${AMENT_PREFIX_PATH} CMAKE_PREFIX_PATH=/home/hungnb/cocarry_ws/install/hc10dtp_simulation:/home/hungnb/cocarry_ws/install/hc10dtp_bringup:/home/hungnb/cocarry_ws/install/hc10dtp_moveit_config:/home/hungnb/cocarry_ws/install/motoman_hc10dtp_support:/home/hungnb/cocarry_ws/install/motoman_hc10_support:/home/hungnb/cocarry_ws/install/motoros2_interfaces:/home/hungnb/cocarry_ws/install/motoman_resources:/opt/ros/humble:/home/hungnb/cocarry_ws/install/human_hand_msgs LD_LIBRARY_PATH=/home/hungnb/cocarry_ws/install/motoros2_interfaces/lib:/home/hungnb/cocarry_ws/install/human_hand_msgs/lib:${LD_LIBRARY_PATH} PKG_CONFIG_PATH=/home/hungnb/cocarry_ws/install/human_hand_msgs/lib/x86_64-linux-gnu/pkgconfig:/home/hungnb/cocarry_ws/install/human_hand_msgs/lib/pkgconfig PYTHONPATH=/home/hungnb/cocarry_ws/install/trajectory_predictor/lib/python3.10/site-packages:/home/hungnb/cocarry_ws/install/realsense_tracker/lib/python3.10/site-packages:/home/hungnb/cocarry_ws/install/predictor_ui/lib/python3.10/site-packages:/home/hungnb/cocarry_ws/install/experiment_logger/lib/python3.10/site-packages:/home/hungnb/cocarry_ws/install/coord_transform/lib/python3.10/site-packages:/home/hungnb/cocarry_ws/install/motoros2_interfaces/local/lib/python3.10/dist-packages:/home/hungnb/cocarry_ws/install/human_hand_msgs/local/lib/python3.10/dist-packages:${PYTHONPATH} ROS_PACKAGE_PATH=/home/hungnb/cocarry_ws/install/human_hand_msgs/share /usr/bin/cmake --install /home/hungnb/cocarry_ws/build/hrc_bringup
[5.114s] Level 1:colcon.colcon_core.environment:create_environment_scripts_only(hrc_bringup)
[5.114s] Level 1:colcon.colcon_core.environment:checking '/home/hungnb/cocarry_ws/install/hrc_bringup' for CMake module files
[5.115s] DEBUG:colcon.colcon_core.event_handler.log_command:Invoked command in '/home/hungnb/cocarry_ws/build/hrc_bringup' returned '0': AMENT_PREFIX_PATH=/home/hungnb/cocarry_ws/install/hc10dtp_simulation:/home/hungnb/cocarry_ws/install/hc10dtp_bringup:/home/hungnb/cocarry_ws/install/hc10dtp_moveit_config:/home/hungnb/cocarry_ws/install/motoman_hc10dtp_support:/home/hungnb/cocarry_ws/install/trajectory_predictor:/home/hungnb/cocarry_ws/install/realsense_tracker:/home/hungnb/cocarry_ws/install/predictor_ui:/home/hungnb/cocarry_ws/install/motoman_hc10_support:/home/hungnb/cocarry_ws/install/experiment_logger:/home/hungnb/cocarry_ws/install/coord_transform:/home/hungnb/cocarry_ws/install/motoros2_interfaces:/home/hungnb/cocarry_ws/install/motoman_resources:${AMENT_PREFIX_PATH} CMAKE_PREFIX_PATH=/home/hungnb/cocarry_ws/install/hc10dtp_simulation:/home/hungnb/cocarry_ws/install/hc10dtp_bringup:/home/hungnb/cocarry_ws/install/hc10dtp_moveit_config:/home/hungnb/cocarry_ws/install/motoman_hc10dtp_support:/home/hungnb/cocarry_ws/install/motoman_hc10_support:/home/hungnb/cocarry_ws/install/motoros2_interfaces:/home/hungnb/cocarry_ws/install/motoman_resources:/opt/ros/humble:/home/hungnb/cocarry_ws/install/human_hand_msgs LD_LIBRARY_PATH=/home/hungnb/cocarry_ws/install/motoros2_interfaces/lib:/home/hungnb/cocarry_ws/install/human_hand_msgs/lib:${LD_LIBRARY_PATH} PKG_CONFIG_PATH=/home/hungnb/cocarry_ws/install/human_hand_msgs/lib/x86_64-linux-gnu/pkgconfig:/home/hungnb/cocarry_ws/install/human_hand_msgs/lib/pkgconfig PYTHONPATH=/home/hungnb/cocarry_ws/install/trajectory_predictor/lib/python3.10/site-packages:/home/hungnb/cocarry_ws/install/realsense_tracker/lib/python3.10/site-packages:/home/hungnb/cocarry_ws/install/predictor_ui/lib/python3.10/site-packages:/home/hungnb/cocarry_ws/install/experiment_logger/lib/python3.10/site-packages:/home/hungnb/cocarry_ws/install/coord_transform/lib/python3.10/site-packages:/home/hungnb/cocarry_ws/install/motoros2_interfaces/local/lib/python3.10/dist-packages:/home/hungnb/cocarry_ws/install/human_hand_msgs/local/lib/python3.10/dist-packages:${PYTHONPATH} ROS_PACKAGE_PATH=/home/hungnb/cocarry_ws/install/human_hand_msgs/share /usr/bin/cmake --install /home/hungnb/cocarry_ws/build/hrc_bringup
[5.115s] Level 1:colcon.colcon_core.environment:checking '/home/hungnb/cocarry_ws/install/hrc_bringup' for CMake config files
[5.115s] Level 1:colcon.colcon_core.shell:create_environment_hook('hrc_bringup', 'cmake_prefix_path')
[5.116s] INFO:colcon.colcon_core.shell:Creating environment hook '/home/hungnb/cocarry_ws/install/hrc_bringup/share/hrc_bringup/hook/cmake_prefix_path.ps1'
[5.116s] INFO:colcon.colcon_core.shell:Creating environment descriptor '/home/hungnb/cocarry_ws/install/hrc_bringup/share/hrc_bringup/hook/cmake_prefix_path.dsv'
[5.116s] INFO:colcon.colcon_core.shell:Creating environment hook '/home/hungnb/cocarry_ws/install/hrc_bringup/share/hrc_bringup/hook/cmake_prefix_path.sh'
[5.117s] Level 1:colcon.colcon_core.environment:checking '/home/hungnb/cocarry_ws/install/hrc_bringup/bin'
[5.117s] Level 1:colcon.colcon_core.environment:checking '/home/hungnb/cocarry_ws/install/hrc_bringup/lib/pkgconfig/hrc_bringup.pc'
[5.117s] Level 1:colcon.colcon_core.environment:checking '/home/hungnb/cocarry_ws/install/hrc_bringup/lib/python3.10/site-packages'
[5.117s] Level 1:colcon.colcon_core.environment:checking '/home/hungnb/cocarry_ws/install/hrc_bringup/bin'
[5.117s] INFO:colcon.colcon_core.shell:Creating package script '/home/hungnb/cocarry_ws/install/hrc_bringup/share/hrc_bringup/package.ps1'
[5.118s] INFO:colcon.colcon_core.shell:Creating package descriptor '/home/hungnb/cocarry_ws/install/hrc_bringup/share/hrc_bringup/package.dsv'
[5.118s] INFO:colcon.colcon_core.shell:Creating package script '/home/hungnb/cocarry_ws/install/hrc_bringup/share/hrc_bringup/package.sh'
[5.118s] INFO:colcon.colcon_core.shell:Creating package script '/home/hungnb/cocarry_ws/install/hrc_bringup/share/hrc_bringup/package.bash'
[5.118s] INFO:colcon.colcon_core.shell:Creating package script '/home/hungnb/cocarry_ws/install/hrc_bringup/share/hrc_bringup/package.zsh'
[5.119s] Level 1:colcon.colcon_core.environment:create_file_with_runtime_dependencies(/home/hungnb/cocarry_ws/install/hrc_bringup/share/colcon-core/packages/hrc_bringup)
[5.119s] Level 1:colcon.colcon_core.environment:create_environment_scripts_only(hrc_bringup)
[5.119s] Level 1:colcon.colcon_core.environment:checking '/home/hungnb/cocarry_ws/install/hrc_bringup' for CMake module files
[5.120s] Level 1:colcon.colcon_core.environment:checking '/home/hungnb/cocarry_ws/install/hrc_bringup' for CMake config files
[5.120s] Level 1:colcon.colcon_core.shell:create_environment_hook('hrc_bringup', 'cmake_prefix_path')
[5.120s] INFO:colcon.colcon_core.shell:Creating environment hook '/home/hungnb/cocarry_ws/install/hrc_bringup/share/hrc_bringup/hook/cmake_prefix_path.ps1'
[5.121s] INFO:colcon.colcon_core.shell:Creating environment descriptor '/home/hungnb/cocarry_ws/install/hrc_bringup/share/hrc_bringup/hook/cmake_prefix_path.dsv'
[5.121s] INFO:colcon.colcon_core.shell:Creating environment hook '/home/hungnb/cocarry_ws/install/hrc_bringup/share/hrc_bringup/hook/cmake_prefix_path.sh'
[5.122s] Level 1:colcon.colcon_core.environment:checking '/home/hungnb/cocarry_ws/install/hrc_bringup/bin'
[5.122s] Level 1:colcon.colcon_core.environment:checking '/home/hungnb/cocarry_ws/install/hrc_bringup/lib/pkgconfig/hrc_bringup.pc'
[5.122s] Level 1:colcon.colcon_core.environment:checking '/home/hungnb/cocarry_ws/install/hrc_bringup/lib/python3.10/site-packages'
[5.122s] Level 1:colcon.colcon_core.environment:checking '/home/hungnb/cocarry_ws/install/hrc_bringup/bin'
[5.122s] INFO:colcon.colcon_core.shell:Creating package script '/home/hungnb/cocarry_ws/install/hrc_bringup/share/hrc_bringup/package.ps1'
[5.123s] INFO:colcon.colcon_core.shell:Creating package descriptor '/home/hungnb/cocarry_ws/install/hrc_bringup/share/hrc_bringup/package.dsv'
[5.123s] INFO:colcon.colcon_core.shell:Creating package script '/home/hungnb/cocarry_ws/install/hrc_bringup/share/hrc_bringup/package.sh'
[5.123s] INFO:colcon.colcon_core.shell:Creating package script '/home/hungnb/cocarry_ws/install/hrc_bringup/share/hrc_bringup/package.bash'
[5.123s] INFO:colcon.colcon_core.shell:Creating package script '/home/hungnb/cocarry_ws/install/hrc_bringup/share/hrc_bringup/package.zsh'
[5.124s] Level 1:colcon.colcon_core.environment:create_file_with_runtime_dependencies(/home/hungnb/cocarry_ws/install/hrc_bringup/share/colcon-core/packages/hrc_bringup)
[5.124s] DEBUG:colcon.colcon_parallel_executor.executor.parallel:closing loop
[5.124s] DEBUG:colcon.colcon_parallel_executor.executor.parallel:loop closed
[5.124s] DEBUG:colcon.colcon_parallel_executor.executor.parallel:run_until_complete finished with '0'
[5.124s] DEBUG:colcon.colcon_core.event_reactor:joining thread
[5.130s] INFO:colcon.colcon_core.plugin_system:Skipping extension 'colcon_notification.desktop_notification.terminal_notifier': Not used on non-Darwin systems
[5.131s] INFO:colcon.colcon_core.plugin_system:Skipping extension 'colcon_notification.desktop_notification.win32': Not used on non-Windows systems
[5.131s] INFO:colcon.colcon_notification.desktop_notification:Sending desktop notification using 'notify2'
[5.140s] DEBUG:colcon.colcon_core.event_reactor:joined thread
[5.141s] INFO:colcon.colcon_core.shell:Creating prefix script '/home/hungnb/cocarry_ws/install/local_setup.ps1'
[5.141s] INFO:colcon.colcon_core.shell:Creating prefix util module '/home/hungnb/cocarry_ws/install/_local_setup_util_ps1.py'
[5.142s] INFO:colcon.colcon_core.shell:Creating prefix chain script '/home/hungnb/cocarry_ws/install/setup.ps1'
[5.144s] INFO:colcon.colcon_core.shell:Creating prefix script '/home/hungnb/cocarry_ws/install/local_setup.sh'
[5.145s] INFO:colcon.colcon_core.shell:Creating prefix util module '/home/hungnb/cocarry_ws/install/_local_setup_util_sh.py'
[5.146s] INFO:colcon.colcon_core.shell:Creating prefix chain script '/home/hungnb/cocarry_ws/install/setup.sh'
[5.146s] INFO:colcon.colcon_core.shell:Creating prefix script '/home/hungnb/cocarry_ws/install/local_setup.bash'
[5.147s] INFO:colcon.colcon_core.shell:Creating prefix chain script '/home/hungnb/cocarry_ws/install/setup.bash'
[5.148s] INFO:colcon.colcon_core.shell:Creating prefix script '/home/hungnb/cocarry_ws/install/local_setup.zsh'
[5.149s] INFO:colcon.colcon_core.shell:Creating prefix chain script '/home/hungnb/cocarry_ws/install/setup.zsh'
