[0.084s] [34mcolcon[0m [1;30mDEBUG[0m [32mCommand line arguments: ['/usr/bin/colcon', 'build', '--symlink-install', '--packages-select', 'hrc_bringup', 'trajectory_predictor', 'coord_transform', 'experiment_logger', 'predictor_ui'][0m
[0.084s] [34mcolcon[0m [1;30mDEBUG[0m [32mParsed command line arguments: Namespace(log_base=None, log_level=None, verb_name='build', build_base='build', install_base='install', merge_install=False, symlink_install=True, test_result_base=None, continue_on_error=False, executor='parallel', parallel_workers=16, event_handlers=None, ignore_user_meta=False, metas=['./colcon.meta'], base_paths=['.'], packages_ignore=None, packages_ignore_regex=None, paths=None, packages_up_to=None, packages_up_to_regex=None, packages_above=None, packages_above_and_dependencies=None, packages_above_depth=None, packages_select_by_dep=None, packages_skip_by_dep=None, packages_skip_up_to=None, packages_select_build_failed=False, packages_skip_build_finished=False, packages_select_test_failures=False, packages_skip_test_passed=False, packages_select=['hrc_bringup', 'trajectory_predictor', 'coord_transform', 'experiment_logger', 'predictor_ui'], packages_skip=None, packages_select_regex=None, packages_skip_regex=None, packages_start=None, packages_end=None, allow_overriding=[], cmake_args=None, cmake_target=None, cmake_target_skip_unavailable=False, cmake_clean_cache=False, cmake_clean_first=False, cmake_force_configure=False, ament_cmake_args=None, catkin_cmake_args=None, catkin_skip_building_tests=False, verb_parser=<colcon_defaults.argument_parser.defaults.DefaultArgumentsDecorator object at 0x7db74d499c90>, verb_extension=<colcon_core.verb.build.BuildVerb object at 0x7db74d5eb100>, main=<bound method BuildVerb.main of <colcon_core.verb.build.BuildVerb object at 0x7db74d5eb100>>)[0m
[0.183s] [34mcolcon.colcon_core.package_discovery[0m [1;30mLevel 1[0m discover_packages(colcon_meta) check parameters
[0.183s] [34mcolcon.colcon_core.package_discovery[0m [1;30mLevel 1[0m discover_packages(recursive) check parameters
[0.183s] [34mcolcon.colcon_core.package_discovery[0m [1;30mLevel 1[0m discover_packages(ignore) check parameters
[0.184s] [34mcolcon.colcon_core.package_discovery[0m [1;30mLevel 1[0m discover_packages(path) check parameters
[0.184s] [34mcolcon.colcon_core.package_discovery[0m [1;30mLevel 1[0m discover_packages(colcon_meta) discover
[0.184s] [34mcolcon.colcon_core.package_discovery[0m [1;30mLevel 1[0m discover_packages(recursive) discover
[0.184s] [34mcolcon.colcon_core.package_discovery[0m [1;30mINFO[0m Crawling recursively for packages in '/home/duy/cocarry_ws'
[0.184s] [34mcolcon.colcon_core.package_identification[0m [1;30mLevel 1[0m _identify(.) by extensions ['ignore', 'ignore_ament_install']
[0.184s] [34mcolcon.colcon_core.package_identification[0m [1;30mLevel 1[0m _identify(.) by extension 'ignore'
[0.184s] [34mcolcon.colcon_core.package_identification[0m [1;30mLevel 1[0m _identify(.) by extension 'ignore_ament_install'
[0.184s] [34mcolcon.colcon_core.package_identification[0m [1;30mLevel 1[0m _identify(.) by extensions ['colcon_pkg']
[0.184s] [34mcolcon.colcon_core.package_identification[0m [1;30mLevel 1[0m _identify(.) by extension 'colcon_pkg'
[0.184s] [34mcolcon.colcon_core.package_identification[0m [1;30mLevel 1[0m _identify(.) by extensions ['colcon_meta']
[0.184s] [34mcolcon.colcon_core.package_identification[0m [1;30mLevel 1[0m _identify(.) by extension 'colcon_meta'
[0.184s] [34mcolcon.colcon_core.package_identification[0m [1;30mLevel 1[0m _identify(.) by extensions ['ros']
[0.184s] [34mcolcon.colcon_core.package_identification[0m [1;30mLevel 1[0m _identify(.) by extension 'ros'
[0.192s] [34mcolcon.colcon_core.package_identification[0m [1;30mLevel 1[0m _identify(.) by extensions ['cmake', 'python']
[0.192s] [34mcolcon.colcon_core.package_identification[0m [1;30mLevel 1[0m _identify(.) by extension 'cmake'
[0.192s] [34mcolcon.colcon_core.package_identification[0m [1;30mLevel 1[0m _identify(.) by extension 'python'
[0.192s] [34mcolcon.colcon_core.package_identification[0m [1;30mLevel 1[0m _identify(.) by extensions ['python_setup_py']
[0.192s] [34mcolcon.colcon_core.package_identification[0m [1;30mLevel 1[0m _identify(.) by extension 'python_setup_py'
[0.192s] [34mcolcon.colcon_core.package_identification[0m [1;30mLevel 1[0m _identify(build) by extensions ['ignore', 'ignore_ament_install']
[0.192s] [34mcolcon.colcon_core.package_identification[0m [1;30mLevel 1[0m _identify(build) by extension 'ignore'
[0.192s] [34mcolcon.colcon_core.package_identification[0m [1;30mLevel 1[0m _identify(build) ignored
[0.193s] [34mcolcon.colcon_core.package_identification[0m [1;30mLevel 1[0m _identify(cocarry_logs) by extensions ['ignore', 'ignore_ament_install']
[0.193s] [34mcolcon.colcon_core.package_identification[0m [1;30mLevel 1[0m _identify(cocarry_logs) by extension 'ignore'
[0.193s] [34mcolcon.colcon_core.package_identification[0m [1;30mLevel 1[0m _identify(cocarry_logs) by extension 'ignore_ament_install'
[0.193s] [34mcolcon.colcon_core.package_identification[0m [1;30mLevel 1[0m _identify(cocarry_logs) by extensions ['colcon_pkg']
[0.193s] [34mcolcon.colcon_core.package_identification[0m [1;30mLevel 1[0m _identify(cocarry_logs) by extension 'colcon_pkg'
[0.193s] [34mcolcon.colcon_core.package_identification[0m [1;30mLevel 1[0m _identify(cocarry_logs) by extensions ['colcon_meta']
[0.193s] [34mcolcon.colcon_core.package_identification[0m [1;30mLevel 1[0m _identify(cocarry_logs) by extension 'colcon_meta'
[0.193s] [34mcolcon.colcon_core.package_identification[0m [1;30mLevel 1[0m _identify(cocarry_logs) by extensions ['ros']
[0.193s] [34mcolcon.colcon_core.package_identification[0m [1;30mLevel 1[0m _identify(cocarry_logs) by extension 'ros'
[0.193s] [34mcolcon.colcon_core.package_identification[0m [1;30mLevel 1[0m _identify(cocarry_logs) by extensions ['cmake', 'python']
[0.193s] [34mcolcon.colcon_core.package_identification[0m [1;30mLevel 1[0m _identify(cocarry_logs) by extension 'cmake'
[0.193s] [34mcolcon.colcon_core.package_identification[0m [1;30mLevel 1[0m _identify(cocarry_logs) by extension 'python'
[0.193s] [34mcolcon.colcon_core.package_identification[0m [1;30mLevel 1[0m _identify(cocarry_logs) by extensions ['python_setup_py']
[0.193s] [34mcolcon.colcon_core.package_identification[0m [1;30mLevel 1[0m _identify(cocarry_logs) by extension 'python_setup_py'
[0.193s] [34mcolcon.colcon_core.package_identification[0m [1;30mLevel 1[0m _identify(cocarry_logs/data_collection) by extensions ['ignore', 'ignore_ament_install']
[0.193s] [34mcolcon.colcon_core.package_identification[0m [1;30mLevel 1[0m _identify(cocarry_logs/data_collection) by extension 'ignore'
[0.193s] [34mcolcon.colcon_core.package_identification[0m [1;30mLevel 1[0m _identify(cocarry_logs/data_collection) by extension 'ignore_ament_install'
[0.193s] [34mcolcon.colcon_core.package_identification[0m [1;30mLevel 1[0m _identify(cocarry_logs/data_collection) by extensions ['colcon_pkg']
[0.193s] [34mcolcon.colcon_core.package_identification[0m [1;30mLevel 1[0m _identify(cocarry_logs/data_collection) by extension 'colcon_pkg'
[0.193s] [34mcolcon.colcon_core.package_identification[0m [1;30mLevel 1[0m _identify(cocarry_logs/data_collection) by extensions ['colcon_meta']
[0.193s] [34mcolcon.colcon_core.package_identification[0m [1;30mLevel 1[0m _identify(cocarry_logs/data_collection) by extension 'colcon_meta'
[0.193s] [34mcolcon.colcon_core.package_identification[0m [1;30mLevel 1[0m _identify(cocarry_logs/data_collection) by extensions ['ros']
[0.193s] [34mcolcon.colcon_core.package_identification[0m [1;30mLevel 1[0m _identify(cocarry_logs/data_collection) by extension 'ros'
[0.193s] [34mcolcon.colcon_core.package_identification[0m [1;30mLevel 1[0m _identify(cocarry_logs/data_collection) by extensions ['cmake', 'python']
[0.193s] [34mcolcon.colcon_core.package_identification[0m [1;30mLevel 1[0m _identify(cocarry_logs/data_collection) by extension 'cmake'
[0.193s] [34mcolcon.colcon_core.package_identification[0m [1;30mLevel 1[0m _identify(cocarry_logs/data_collection) by extension 'python'
[0.193s] [34mcolcon.colcon_core.package_identification[0m [1;30mLevel 1[0m _identify(cocarry_logs/data_collection) by extensions ['python_setup_py']
[0.193s] [34mcolcon.colcon_core.package_identification[0m [1;30mLevel 1[0m _identify(cocarry_logs/data_collection) by extension 'python_setup_py'
[0.193s] [34mcolcon.colcon_core.package_identification[0m [1;30mLevel 1[0m _identify(cocarry_logs/data_collection/p01) by extensions ['ignore', 'ignore_ament_install']
[0.193s] [34mcolcon.colcon_core.package_identification[0m [1;30mLevel 1[0m _identify(cocarry_logs/data_collection/p01) by extension 'ignore'
[0.193s] [34mcolcon.colcon_core.package_identification[0m [1;30mLevel 1[0m _identify(cocarry_logs/data_collection/p01) by extension 'ignore_ament_install'
[0.193s] [34mcolcon.colcon_core.package_identification[0m [1;30mLevel 1[0m _identify(cocarry_logs/data_collection/p01) by extensions ['colcon_pkg']
[0.193s] [34mcolcon.colcon_core.package_identification[0m [1;30mLevel 1[0m _identify(cocarry_logs/data_collection/p01) by extension 'colcon_pkg'
[0.193s] [34mcolcon.colcon_core.package_identification[0m [1;30mLevel 1[0m _identify(cocarry_logs/data_collection/p01) by extensions ['colcon_meta']
[0.193s] [34mcolcon.colcon_core.package_identification[0m [1;30mLevel 1[0m _identify(cocarry_logs/data_collection/p01) by extension 'colcon_meta'
[0.194s] [34mcolcon.colcon_core.package_identification[0m [1;30mLevel 1[0m _identify(cocarry_logs/data_collection/p01) by extensions ['ros']
[0.194s] [34mcolcon.colcon_core.package_identification[0m [1;30mLevel 1[0m _identify(cocarry_logs/data_collection/p01) by extension 'ros'
[0.194s] [34mcolcon.colcon_core.package_identification[0m [1;30mLevel 1[0m _identify(cocarry_logs/data_collection/p01) by extensions ['cmake', 'python']
[0.194s] [34mcolcon.colcon_core.package_identification[0m [1;30mLevel 1[0m _identify(cocarry_logs/data_collection/p01) by extension 'cmake'
[0.194s] [34mcolcon.colcon_core.package_identification[0m [1;30mLevel 1[0m _identify(cocarry_logs/data_collection/p01) by extension 'python'
[0.194s] [34mcolcon.colcon_core.package_identification[0m [1;30mLevel 1[0m _identify(cocarry_logs/data_collection/p01) by extensions ['python_setup_py']
[0.194s] [34mcolcon.colcon_core.package_identification[0m [1;30mLevel 1[0m _identify(cocarry_logs/data_collection/p01) by extension 'python_setup_py'
[0.194s] [34mcolcon.colcon_core.package_identification[0m [1;30mLevel 1[0m _identify(cocarry_logs/ros_log) by extensions ['ignore', 'ignore_ament_install']
[0.194s] [34mcolcon.colcon_core.package_identification[0m [1;30mLevel 1[0m _identify(cocarry_logs/ros_log) by extension 'ignore'
[0.194s] [34mcolcon.colcon_core.package_identification[0m [1;30mLevel 1[0m _identify(cocarry_logs/ros_log) by extension 'ignore_ament_install'
[0.194s] [34mcolcon.colcon_core.package_identification[0m [1;30mLevel 1[0m _identify(cocarry_logs/ros_log) by extensions ['colcon_pkg']
[0.194s] [34mcolcon.colcon_core.package_identification[0m [1;30mLevel 1[0m _identify(cocarry_logs/ros_log) by extension 'colcon_pkg'
[0.194s] [34mcolcon.colcon_core.package_identification[0m [1;30mLevel 1[0m _identify(cocarry_logs/ros_log) by extensions ['colcon_meta']
[0.194s] [34mcolcon.colcon_core.package_identification[0m [1;30mLevel 1[0m _identify(cocarry_logs/ros_log) by extension 'colcon_meta'
[0.194s] [34mcolcon.colcon_core.package_identification[0m [1;30mLevel 1[0m _identify(cocarry_logs/ros_log) by extensions ['ros']
[0.194s] [34mcolcon.colcon_core.package_identification[0m [1;30mLevel 1[0m _identify(cocarry_logs/ros_log) by extension 'ros'
[0.194s] [34mcolcon.colcon_core.package_identification[0m [1;30mLevel 1[0m _identify(cocarry_logs/ros_log) by extensions ['cmake', 'python']
[0.194s] [34mcolcon.colcon_core.package_identification[0m [1;30mLevel 1[0m _identify(cocarry_logs/ros_log) by extension 'cmake'
[0.194s] [34mcolcon.colcon_core.package_identification[0m [1;30mLevel 1[0m _identify(cocarry_logs/ros_log) by extension 'python'
[0.194s] [34mcolcon.colcon_core.package_identification[0m [1;30mLevel 1[0m _identify(cocarry_logs/ros_log) by extensions ['python_setup_py']
[0.194s] [34mcolcon.colcon_core.package_identification[0m [1;30mLevel 1[0m _identify(cocarry_logs/ros_log) by extension 'python_setup_py'
[0.194s] [34mcolcon.colcon_core.package_identification[0m [1;30mLevel 1[0m _identify(cocarry_logs/ros_log/2026-05-24-15-38-25-447767-sandbox-38) by extensions ['ignore', 'ignore_ament_install']
[0.194s] [34mcolcon.colcon_core.package_identification[0m [1;30mLevel 1[0m _identify(cocarry_logs/ros_log/2026-05-24-15-38-25-447767-sandbox-38) by extension 'ignore'
[0.194s] [34mcolcon.colcon_core.package_identification[0m [1;30mLevel 1[0m _identify(cocarry_logs/ros_log/2026-05-24-15-38-25-447767-sandbox-38) by extension 'ignore_ament_install'
[0.194s] [34mcolcon.colcon_core.package_identification[0m [1;30mLevel 1[0m _identify(cocarry_logs/ros_log/2026-05-24-15-38-25-447767-sandbox-38) by extensions ['colcon_pkg']
[0.194s] [34mcolcon.colcon_core.package_identification[0m [1;30mLevel 1[0m _identify(cocarry_logs/ros_log/2026-05-24-15-38-25-447767-sandbox-38) by extension 'colcon_pkg'
[0.195s] [34mcolcon.colcon_core.package_identification[0m [1;30mLevel 1[0m _identify(cocarry_logs/ros_log/2026-05-24-15-38-25-447767-sandbox-38) by extensions ['colcon_meta']
[0.195s] [34mcolcon.colcon_core.package_identification[0m [1;30mLevel 1[0m _identify(cocarry_logs/ros_log/2026-05-24-15-38-25-447767-sandbox-38) by extension 'colcon_meta'
[0.195s] [34mcolcon.colcon_core.package_identification[0m [1;30mLevel 1[0m _identify(cocarry_logs/ros_log/2026-05-24-15-38-25-447767-sandbox-38) by extensions ['ros']
[0.195s] [34mcolcon.colcon_core.package_identification[0m [1;30mLevel 1[0m _identify(cocarry_logs/ros_log/2026-05-24-15-38-25-447767-sandbox-38) by extension 'ros'
[0.195s] [34mcolcon.colcon_core.package_identification[0m [1;30mLevel 1[0m _identify(cocarry_logs/ros_log/2026-05-24-15-38-25-447767-sandbox-38) by extensions ['cmake', 'python']
[0.195s] [34mcolcon.colcon_core.package_identification[0m [1;30mLevel 1[0m _identify(cocarry_logs/ros_log/2026-05-24-15-38-25-447767-sandbox-38) by extension 'cmake'
[0.195s] [34mcolcon.colcon_core.package_identification[0m [1;30mLevel 1[0m _identify(cocarry_logs/ros_log/2026-05-24-15-38-25-447767-sandbox-38) by extension 'python'
[0.195s] [34mcolcon.colcon_core.package_identification[0m [1;30mLevel 1[0m _identify(cocarry_logs/ros_log/2026-05-24-15-38-25-447767-sandbox-38) by extensions ['python_setup_py']
[0.195s] [34mcolcon.colcon_core.package_identification[0m [1;30mLevel 1[0m _identify(cocarry_logs/ros_log/2026-05-24-15-38-25-447767-sandbox-38) by extension 'python_setup_py'
[0.195s] [34mcolcon.colcon_core.package_identification[0m [1;30mLevel 1[0m _identify(cocarry_logs/ros_log/2026-05-24-15-40-08-180412-sandbox-37) by extensions ['ignore', 'ignore_ament_install']
[0.195s] [34mcolcon.colcon_core.package_identification[0m [1;30mLevel 1[0m _identify(cocarry_logs/ros_log/2026-05-24-15-40-08-180412-sandbox-37) by extension 'ignore'
[0.195s] [34mcolcon.colcon_core.package_identification[0m [1;30mLevel 1[0m _identify(cocarry_logs/ros_log/2026-05-24-15-40-08-180412-sandbox-37) by extension 'ignore_ament_install'
[0.195s] [34mcolcon.colcon_core.package_identification[0m [1;30mLevel 1[0m _identify(cocarry_logs/ros_log/2026-05-24-15-40-08-180412-sandbox-37) by extensions ['colcon_pkg']
[0.195s] [34mcolcon.colcon_core.package_identification[0m [1;30mLevel 1[0m _identify(cocarry_logs/ros_log/2026-05-24-15-40-08-180412-sandbox-37) by extension 'colcon_pkg'
[0.195s] [34mcolcon.colcon_core.package_identification[0m [1;30mLevel 1[0m _identify(cocarry_logs/ros_log/2026-05-24-15-40-08-180412-sandbox-37) by extensions ['colcon_meta']
[0.195s] [34mcolcon.colcon_core.package_identification[0m [1;30mLevel 1[0m _identify(cocarry_logs/ros_log/2026-05-24-15-40-08-180412-sandbox-37) by extension 'colcon_meta'
[0.195s] [34mcolcon.colcon_core.package_identification[0m [1;30mLevel 1[0m _identify(cocarry_logs/ros_log/2026-05-24-15-40-08-180412-sandbox-37) by extensions ['ros']
[0.195s] [34mcolcon.colcon_core.package_identification[0m [1;30mLevel 1[0m _identify(cocarry_logs/ros_log/2026-05-24-15-40-08-180412-sandbox-37) by extension 'ros'
[0.195s] [34mcolcon.colcon_core.package_identification[0m [1;30mLevel 1[0m _identify(cocarry_logs/ros_log/2026-05-24-15-40-08-180412-sandbox-37) by extensions ['cmake', 'python']
[0.195s] [34mcolcon.colcon_core.package_identification[0m [1;30mLevel 1[0m _identify(cocarry_logs/ros_log/2026-05-24-15-40-08-180412-sandbox-37) by extension 'cmake'
[0.195s] [34mcolcon.colcon_core.package_identification[0m [1;30mLevel 1[0m _identify(cocarry_logs/ros_log/2026-05-24-15-40-08-180412-sandbox-37) by extension 'python'
[0.195s] [34mcolcon.colcon_core.package_identification[0m [1;30mLevel 1[0m _identify(cocarry_logs/ros_log/2026-05-24-15-40-08-180412-sandbox-37) by extensions ['python_setup_py']
[0.195s] [34mcolcon.colcon_core.package_identification[0m [1;30mLevel 1[0m _identify(cocarry_logs/ros_log/2026-05-24-15-40-08-180412-sandbox-37) by extension 'python_setup_py'
[0.195s] [34mcolcon.colcon_core.package_identification[0m [1;30mLevel 1[0m _identify(cocarry_logs/ros_log/2026-05-24-15-41-03-533908-sandbox-43) by extensions ['ignore', 'ignore_ament_install']
[0.195s] [34mcolcon.colcon_core.package_identification[0m [1;30mLevel 1[0m _identify(cocarry_logs/ros_log/2026-05-24-15-41-03-533908-sandbox-43) by extension 'ignore'
[0.195s] [34mcolcon.colcon_core.package_identification[0m [1;30mLevel 1[0m _identify(cocarry_logs/ros_log/2026-05-24-15-41-03-533908-sandbox-43) by extension 'ignore_ament_install'
[0.195s] [34mcolcon.colcon_core.package_identification[0m [1;30mLevel 1[0m _identify(cocarry_logs/ros_log/2026-05-24-15-41-03-533908-sandbox-43) by extensions ['colcon_pkg']
[0.195s] [34mcolcon.colcon_core.package_identification[0m [1;30mLevel 1[0m _identify(cocarry_logs/ros_log/2026-05-24-15-41-03-533908-sandbox-43) by extension 'colcon_pkg'
[0.195s] [34mcolcon.colcon_core.package_identification[0m [1;30mLevel 1[0m _identify(cocarry_logs/ros_log/2026-05-24-15-41-03-533908-sandbox-43) by extensions ['colcon_meta']
[0.195s] [34mcolcon.colcon_core.package_identification[0m [1;30mLevel 1[0m _identify(cocarry_logs/ros_log/2026-05-24-15-41-03-533908-sandbox-43) by extension 'colcon_meta'
[0.195s] [34mcolcon.colcon_core.package_identification[0m [1;30mLevel 1[0m _identify(cocarry_logs/ros_log/2026-05-24-15-41-03-533908-sandbox-43) by extensions ['ros']
[0.195s] [34mcolcon.colcon_core.package_identification[0m [1;30mLevel 1[0m _identify(cocarry_logs/ros_log/2026-05-24-15-41-03-533908-sandbox-43) by extension 'ros'
[0.195s] [34mcolcon.colcon_core.package_identification[0m [1;30mLevel 1[0m _identify(cocarry_logs/ros_log/2026-05-24-15-41-03-533908-sandbox-43) by extensions ['cmake', 'python']
[0.195s] [34mcolcon.colcon_core.package_identification[0m [1;30mLevel 1[0m _identify(cocarry_logs/ros_log/2026-05-24-15-41-03-533908-sandbox-43) by extension 'cmake'
[0.195s] [34mcolcon.colcon_core.package_identification[0m [1;30mLevel 1[0m _identify(cocarry_logs/ros_log/2026-05-24-15-41-03-533908-sandbox-43) by extension 'python'
[0.195s] [34mcolcon.colcon_core.package_identification[0m [1;30mLevel 1[0m _identify(cocarry_logs/ros_log/2026-05-24-15-41-03-533908-sandbox-43) by extensions ['python_setup_py']
[0.196s] [34mcolcon.colcon_core.package_identification[0m [1;30mLevel 1[0m _identify(cocarry_logs/ros_log/2026-05-24-15-41-03-533908-sandbox-43) by extension 'python_setup_py'
[0.196s] [34mcolcon.colcon_core.package_identification[0m [1;30mLevel 1[0m _identify(cocarry_logs/ros_log/2026-05-24-15-42-46-773534-sandbox-42) by extensions ['ignore', 'ignore_ament_install']
[0.196s] [34mcolcon.colcon_core.package_identification[0m [1;30mLevel 1[0m _identify(cocarry_logs/ros_log/2026-05-24-15-42-46-773534-sandbox-42) by extension 'ignore'
[0.196s] [34mcolcon.colcon_core.package_identification[0m [1;30mLevel 1[0m _identify(cocarry_logs/ros_log/2026-05-24-15-42-46-773534-sandbox-42) by extension 'ignore_ament_install'
[0.196s] [34mcolcon.colcon_core.package_identification[0m [1;30mLevel 1[0m _identify(cocarry_logs/ros_log/2026-05-24-15-42-46-773534-sandbox-42) by extensions ['colcon_pkg']
[0.196s] [34mcolcon.colcon_core.package_identification[0m [1;30mLevel 1[0m _identify(cocarry_logs/ros_log/2026-05-24-15-42-46-773534-sandbox-42) by extension 'colcon_pkg'
[0.196s] [34mcolcon.colcon_core.package_identification[0m [1;30mLevel 1[0m _identify(cocarry_logs/ros_log/2026-05-24-15-42-46-773534-sandbox-42) by extensions ['colcon_meta']
[0.196s] [34mcolcon.colcon_core.package_identification[0m [1;30mLevel 1[0m _identify(cocarry_logs/ros_log/2026-05-24-15-42-46-773534-sandbox-42) by extension 'colcon_meta'
[0.196s] [34mcolcon.colcon_core.package_identification[0m [1;30mLevel 1[0m _identify(cocarry_logs/ros_log/2026-05-24-15-42-46-773534-sandbox-42) by extensions ['ros']
[0.196s] [34mcolcon.colcon_core.package_identification[0m [1;30mLevel 1[0m _identify(cocarry_logs/ros_log/2026-05-24-15-42-46-773534-sandbox-42) by extension 'ros'
[0.196s] [34mcolcon.colcon_core.package_identification[0m [1;30mLevel 1[0m _identify(cocarry_logs/ros_log/2026-05-24-15-42-46-773534-sandbox-42) by extensions ['cmake', 'python']
[0.196s] [34mcolcon.colcon_core.package_identification[0m [1;30mLevel 1[0m _identify(cocarry_logs/ros_log/2026-05-24-15-42-46-773534-sandbox-42) by extension 'cmake'
[0.196s] [34mcolcon.colcon_core.package_identification[0m [1;30mLevel 1[0m _identify(cocarry_logs/ros_log/2026-05-24-15-42-46-773534-sandbox-42) by extension 'python'
[0.196s] [34mcolcon.colcon_core.package_identification[0m [1;30mLevel 1[0m _identify(cocarry_logs/ros_log/2026-05-24-15-42-46-773534-sandbox-42) by extensions ['python_setup_py']
[0.196s] [34mcolcon.colcon_core.package_identification[0m [1;30mLevel 1[0m _identify(cocarry_logs/ros_log/2026-05-24-15-42-46-773534-sandbox-42) by extension 'python_setup_py'
[0.196s] [34mcolcon.colcon_core.package_identification[0m [1;30mLevel 1[0m _identify(cocarry_logs/ros_log/2026-05-24-15-43-46-710875-sandbox-41) by extensions ['ignore', 'ignore_ament_install']
[0.196s] [34mcolcon.colcon_core.package_identification[0m [1;30mLevel 1[0m _identify(cocarry_logs/ros_log/2026-05-24-15-43-46-710875-sandbox-41) by extension 'ignore'
[0.196s] [34mcolcon.colcon_core.package_identification[0m [1;30mLevel 1[0m _identify(cocarry_logs/ros_log/2026-05-24-15-43-46-710875-sandbox-41) by extension 'ignore_ament_install'
[0.196s] [34mcolcon.colcon_core.package_identification[0m [1;30mLevel 1[0m _identify(cocarry_logs/ros_log/2026-05-24-15-43-46-710875-sandbox-41) by extensions ['colcon_pkg']
[0.196s] [34mcolcon.colcon_core.package_identification[0m [1;30mLevel 1[0m _identify(cocarry_logs/ros_log/2026-05-24-15-43-46-710875-sandbox-41) by extension 'colcon_pkg'
[0.196s] [34mcolcon.colcon_core.package_identification[0m [1;30mLevel 1[0m _identify(cocarry_logs/ros_log/2026-05-24-15-43-46-710875-sandbox-41) by extensions ['colcon_meta']
[0.196s] [34mcolcon.colcon_core.package_identification[0m [1;30mLevel 1[0m _identify(cocarry_logs/ros_log/2026-05-24-15-43-46-710875-sandbox-41) by extension 'colcon_meta'
[0.196s] [34mcolcon.colcon_core.package_identification[0m [1;30mLevel 1[0m _identify(cocarry_logs/ros_log/2026-05-24-15-43-46-710875-sandbox-41) by extensions ['ros']
[0.196s] [34mcolcon.colcon_core.package_identification[0m [1;30mLevel 1[0m _identify(cocarry_logs/ros_log/2026-05-24-15-43-46-710875-sandbox-41) by extension 'ros'
[0.196s] [34mcolcon.colcon_core.package_identification[0m [1;30mLevel 1[0m _identify(cocarry_logs/ros_log/2026-05-24-15-43-46-710875-sandbox-41) by extensions ['cmake', 'python']
[0.196s] [34mcolcon.colcon_core.package_identification[0m [1;30mLevel 1[0m _identify(cocarry_logs/ros_log/2026-05-24-15-43-46-710875-sandbox-41) by extension 'cmake'
[0.196s] [34mcolcon.colcon_core.package_identification[0m [1;30mLevel 1[0m _identify(cocarry_logs/ros_log/2026-05-24-15-43-46-710875-sandbox-41) by extension 'python'
[0.196s] [34mcolcon.colcon_core.package_identification[0m [1;30mLevel 1[0m _identify(cocarry_logs/ros_log/2026-05-24-15-43-46-710875-sandbox-41) by extensions ['python_setup_py']
[0.196s] [34mcolcon.colcon_core.package_identification[0m [1;30mLevel 1[0m _identify(cocarry_logs/ros_log/2026-05-24-15-43-46-710875-sandbox-41) by extension 'python_setup_py'
[0.196s] [34mcolcon.colcon_core.package_identification[0m [1;30mLevel 1[0m _identify(cocarry_logs/ros_log/2026-05-24-15-48-34-345417-sandbox-41) by extensions ['ignore', 'ignore_ament_install']
[0.196s] [34mcolcon.colcon_core.package_identification[0m [1;30mLevel 1[0m _identify(cocarry_logs/ros_log/2026-05-24-15-48-34-345417-sandbox-41) by extension 'ignore'
[0.196s] [34mcolcon.colcon_core.package_identification[0m [1;30mLevel 1[0m _identify(cocarry_logs/ros_log/2026-05-24-15-48-34-345417-sandbox-41) by extension 'ignore_ament_install'
[0.196s] [34mcolcon.colcon_core.package_identification[0m [1;30mLevel 1[0m _identify(cocarry_logs/ros_log/2026-05-24-15-48-34-345417-sandbox-41) by extensions ['colcon_pkg']
[0.196s] [34mcolcon.colcon_core.package_identification[0m [1;30mLevel 1[0m _identify(cocarry_logs/ros_log/2026-05-24-15-48-34-345417-sandbox-41) by extension 'colcon_pkg'
[0.197s] [34mcolcon.colcon_core.package_identification[0m [1;30mLevel 1[0m _identify(cocarry_logs/ros_log/2026-05-24-15-48-34-345417-sandbox-41) by extensions ['colcon_meta']
[0.197s] [34mcolcon.colcon_core.package_identification[0m [1;30mLevel 1[0m _identify(cocarry_logs/ros_log/2026-05-24-15-48-34-345417-sandbox-41) by extension 'colcon_meta'
[0.197s] [34mcolcon.colcon_core.package_identification[0m [1;30mLevel 1[0m _identify(cocarry_logs/ros_log/2026-05-24-15-48-34-345417-sandbox-41) by extensions ['ros']
[0.197s] [34mcolcon.colcon_core.package_identification[0m [1;30mLevel 1[0m _identify(cocarry_logs/ros_log/2026-05-24-15-48-34-345417-sandbox-41) by extension 'ros'
[0.197s] [34mcolcon.colcon_core.package_identification[0m [1;30mLevel 1[0m _identify(cocarry_logs/ros_log/2026-05-24-15-48-34-345417-sandbox-41) by extensions ['cmake', 'python']
[0.197s] [34mcolcon.colcon_core.package_identification[0m [1;30mLevel 1[0m _identify(cocarry_logs/ros_log/2026-05-24-15-48-34-345417-sandbox-41) by extension 'cmake'
[0.197s] [34mcolcon.colcon_core.package_identification[0m [1;30mLevel 1[0m _identify(cocarry_logs/ros_log/2026-05-24-15-48-34-345417-sandbox-41) by extension 'python'
[0.197s] [34mcolcon.colcon_core.package_identification[0m [1;30mLevel 1[0m _identify(cocarry_logs/ros_log/2026-05-24-15-48-34-345417-sandbox-41) by extensions ['python_setup_py']
[0.197s] [34mcolcon.colcon_core.package_identification[0m [1;30mLevel 1[0m _identify(cocarry_logs/ros_log/2026-05-24-15-48-34-345417-sandbox-41) by extension 'python_setup_py'
[0.197s] [34mcolcon.colcon_core.package_identification[0m [1;30mLevel 1[0m _identify(cocarry_logs/ros_log/2026-05-24-15-51-09-960134-sandbox-36) by extensions ['ignore', 'ignore_ament_install']
[0.197s] [34mcolcon.colcon_core.package_identification[0m [1;30mLevel 1[0m _identify(cocarry_logs/ros_log/2026-05-24-15-51-09-960134-sandbox-36) by extension 'ignore'
[0.197s] [34mcolcon.colcon_core.package_identification[0m [1;30mLevel 1[0m _identify(cocarry_logs/ros_log/2026-05-24-15-51-09-960134-sandbox-36) by extension 'ignore_ament_install'
[0.197s] [34mcolcon.colcon_core.package_identification[0m [1;30mLevel 1[0m _identify(cocarry_logs/ros_log/2026-05-24-15-51-09-960134-sandbox-36) by extensions ['colcon_pkg']
[0.197s] [34mcolcon.colcon_core.package_identification[0m [1;30mLevel 1[0m _identify(cocarry_logs/ros_log/2026-05-24-15-51-09-960134-sandbox-36) by extension 'colcon_pkg'
[0.197s] [34mcolcon.colcon_core.package_identification[0m [1;30mLevel 1[0m _identify(cocarry_logs/ros_log/2026-05-24-15-51-09-960134-sandbox-36) by extensions ['colcon_meta']
[0.197s] [34mcolcon.colcon_core.package_identification[0m [1;30mLevel 1[0m _identify(cocarry_logs/ros_log/2026-05-24-15-51-09-960134-sandbox-36) by extension 'colcon_meta'
[0.197s] [34mcolcon.colcon_core.package_identification[0m [1;30mLevel 1[0m _identify(cocarry_logs/ros_log/2026-05-24-15-51-09-960134-sandbox-36) by extensions ['ros']
[0.197s] [34mcolcon.colcon_core.package_identification[0m [1;30mLevel 1[0m _identify(cocarry_logs/ros_log/2026-05-24-15-51-09-960134-sandbox-36) by extension 'ros'
[0.197s] [34mcolcon.colcon_core.package_identification[0m [1;30mLevel 1[0m _identify(cocarry_logs/ros_log/2026-05-24-15-51-09-960134-sandbox-36) by extensions ['cmake', 'python']
[0.197s] [34mcolcon.colcon_core.package_identification[0m [1;30mLevel 1[0m _identify(cocarry_logs/ros_log/2026-05-24-15-51-09-960134-sandbox-36) by extension 'cmake'
[0.197s] [34mcolcon.colcon_core.package_identification[0m [1;30mLevel 1[0m _identify(cocarry_logs/ros_log/2026-05-24-15-51-09-960134-sandbox-36) by extension 'python'
[0.197s] [34mcolcon.colcon_core.package_identification[0m [1;30mLevel 1[0m _identify(cocarry_logs/ros_log/2026-05-24-15-51-09-960134-sandbox-36) by extensions ['python_setup_py']
[0.197s] [34mcolcon.colcon_core.package_identification[0m [1;30mLevel 1[0m _identify(cocarry_logs/ros_log/2026-05-24-15-51-09-960134-sandbox-36) by extension 'python_setup_py'
[0.197s] [34mcolcon.colcon_core.package_identification[0m [1;30mLevel 1[0m _identify(install) by extensions ['ignore', 'ignore_ament_install']
[0.197s] [34mcolcon.colcon_core.package_identification[0m [1;30mLevel 1[0m _identify(install) by extension 'ignore'
[0.197s] [34mcolcon.colcon_core.package_identification[0m [1;30mLevel 1[0m _identify(install) ignored
[0.197s] [34mcolcon.colcon_core.package_identification[0m [1;30mLevel 1[0m _identify(libfreenect2) by extensions ['ignore', 'ignore_ament_install']
[0.197s] [34mcolcon.colcon_core.package_identification[0m [1;30mLevel 1[0m _identify(libfreenect2) by extension 'ignore'
[0.197s] [34mcolcon.colcon_core.package_identification[0m [1;30mLevel 1[0m _identify(libfreenect2) by extension 'ignore_ament_install'
[0.197s] [34mcolcon.colcon_core.package_identification[0m [1;30mLevel 1[0m _identify(libfreenect2) by extensions ['colcon_pkg']
[0.197s] [34mcolcon.colcon_core.package_identification[0m [1;30mLevel 1[0m _identify(libfreenect2) by extension 'colcon_pkg'
[0.197s] [34mcolcon.colcon_core.package_identification[0m [1;30mLevel 1[0m _identify(libfreenect2) by extensions ['colcon_meta']
[0.197s] [34mcolcon.colcon_core.package_identification[0m [1;30mLevel 1[0m _identify(libfreenect2) by extension 'colcon_meta'
[0.197s] [34mcolcon.colcon_core.package_identification[0m [1;30mLevel 1[0m _identify(libfreenect2) by extensions ['ros']
[0.197s] [34mcolcon.colcon_core.package_identification[0m [1;30mLevel 1[0m _identify(libfreenect2) by extension 'ros'
[0.198s] [34mcolcon.colcon_core.package_identification[0m [1;30mLevel 1[0m _identify(libfreenect2) by extensions ['cmake', 'python']
[0.198s] [34mcolcon.colcon_core.package_identification[0m [1;30mLevel 1[0m _identify(libfreenect2) by extension 'cmake'
[0.204s] [34mcolcon.colcon_core.package_identification[0m [1;30mLevel 1[0m _identify(libfreenect2) by extension 'python'
[0.204s] [34mcolcon.colcon_core.package_identification[0m [1;30mDEBUG[0m [32mPackage 'libfreenect2' with type 'cmake' and name 'libfreenect2'[0m
[0.204s] [34mcolcon.colcon_core.package_identification[0m [1;30mLevel 1[0m _identify(log) by extensions ['ignore', 'ignore_ament_install']
[0.204s] [34mcolcon.colcon_core.package_identification[0m [1;30mLevel 1[0m _identify(log) by extension 'ignore'
[0.204s] [34mcolcon.colcon_core.package_identification[0m [1;30mLevel 1[0m _identify(log) ignored
[0.204s] [34mcolcon.colcon_core.package_identification[0m [1;30mLevel 1[0m _identify(log_temp) by extensions ['ignore', 'ignore_ament_install']
[0.205s] [34mcolcon.colcon_core.package_identification[0m [1;30mLevel 1[0m _identify(log_temp) by extension 'ignore'
[0.205s] [34mcolcon.colcon_core.package_identification[0m [1;30mLevel 1[0m _identify(log_temp) by extension 'ignore_ament_install'
[0.205s] [34mcolcon.colcon_core.package_identification[0m [1;30mLevel 1[0m _identify(log_temp) by extensions ['colcon_pkg']
[0.205s] [34mcolcon.colcon_core.package_identification[0m [1;30mLevel 1[0m _identify(log_temp) by extension 'colcon_pkg'
[0.205s] [34mcolcon.colcon_core.package_identification[0m [1;30mLevel 1[0m _identify(log_temp) by extensions ['colcon_meta']
[0.205s] [34mcolcon.colcon_core.package_identification[0m [1;30mLevel 1[0m _identify(log_temp) by extension 'colcon_meta'
[0.205s] [34mcolcon.colcon_core.package_identification[0m [1;30mLevel 1[0m _identify(log_temp) by extensions ['ros']
[0.205s] [34mcolcon.colcon_core.package_identification[0m [1;30mLevel 1[0m _identify(log_temp) by extension 'ros'
[0.205s] [34mcolcon.colcon_core.package_identification[0m [1;30mLevel 1[0m _identify(log_temp) by extensions ['cmake', 'python']
[0.205s] [34mcolcon.colcon_core.package_identification[0m [1;30mLevel 1[0m _identify(log_temp) by extension 'cmake'
[0.205s] [34mcolcon.colcon_core.package_identification[0m [1;30mLevel 1[0m _identify(log_temp) by extension 'python'
[0.205s] [34mcolcon.colcon_core.package_identification[0m [1;30mLevel 1[0m _identify(log_temp) by extensions ['python_setup_py']
[0.205s] [34mcolcon.colcon_core.package_identification[0m [1;30mLevel 1[0m _identify(log_temp) by extension 'python_setup_py'
[0.205s] [34mcolcon.colcon_core.package_identification[0m [1;30mLevel 1[0m _identify(ros_log) by extensions ['ignore', 'ignore_ament_install']
[0.205s] [34mcolcon.colcon_core.package_identification[0m [1;30mLevel 1[0m _identify(ros_log) by extension 'ignore'
[0.205s] [34mcolcon.colcon_core.package_identification[0m [1;30mLevel 1[0m _identify(ros_log) by extension 'ignore_ament_install'
[0.205s] [34mcolcon.colcon_core.package_identification[0m [1;30mLevel 1[0m _identify(ros_log) by extensions ['colcon_pkg']
[0.205s] [34mcolcon.colcon_core.package_identification[0m [1;30mLevel 1[0m _identify(ros_log) by extension 'colcon_pkg'
[0.205s] [34mcolcon.colcon_core.package_identification[0m [1;30mLevel 1[0m _identify(ros_log) by extensions ['colcon_meta']
[0.205s] [34mcolcon.colcon_core.package_identification[0m [1;30mLevel 1[0m _identify(ros_log) by extension 'colcon_meta'
[0.205s] [34mcolcon.colcon_core.package_identification[0m [1;30mLevel 1[0m _identify(ros_log) by extensions ['ros']
[0.205s] [34mcolcon.colcon_core.package_identification[0m [1;30mLevel 1[0m _identify(ros_log) by extension 'ros'
[0.205s] [34mcolcon.colcon_core.package_identification[0m [1;30mLevel 1[0m _identify(ros_log) by extensions ['cmake', 'python']
[0.205s] [34mcolcon.colcon_core.package_identification[0m [1;30mLevel 1[0m _identify(ros_log) by extension 'cmake'
[0.205s] [34mcolcon.colcon_core.package_identification[0m [1;30mLevel 1[0m _identify(ros_log) by extension 'python'
[0.205s] [34mcolcon.colcon_core.package_identification[0m [1;30mLevel 1[0m _identify(ros_log) by extensions ['python_setup_py']
[0.205s] [34mcolcon.colcon_core.package_identification[0m [1;30mLevel 1[0m _identify(ros_log) by extension 'python_setup_py'
[0.205s] [34mcolcon.colcon_core.package_identification[0m [1;30mLevel 1[0m _identify(src) by extensions ['ignore', 'ignore_ament_install']
[0.205s] [34mcolcon.colcon_core.package_identification[0m [1;30mLevel 1[0m _identify(src) by extension 'ignore'
[0.205s] [34mcolcon.colcon_core.package_identification[0m [1;30mLevel 1[0m _identify(src) by extension 'ignore_ament_install'
[0.205s] [34mcolcon.colcon_core.package_identification[0m [1;30mLevel 1[0m _identify(src) by extensions ['colcon_pkg']
[0.205s] [34mcolcon.colcon_core.package_identification[0m [1;30mLevel 1[0m _identify(src) by extension 'colcon_pkg'
[0.205s] [34mcolcon.colcon_core.package_identification[0m [1;30mLevel 1[0m _identify(src) by extensions ['colcon_meta']
[0.205s] [34mcolcon.colcon_core.package_identification[0m [1;30mLevel 1[0m _identify(src) by extension 'colcon_meta'
[0.205s] [34mcolcon.colcon_core.package_identification[0m [1;30mLevel 1[0m _identify(src) by extensions ['ros']
[0.205s] [34mcolcon.colcon_core.package_identification[0m [1;30mLevel 1[0m _identify(src) by extension 'ros'
[0.206s] [34mcolcon.colcon_core.package_identification[0m [1;30mLevel 1[0m _identify(src) by extensions ['cmake', 'python']
[0.206s] [34mcolcon.colcon_core.package_identification[0m [1;30mLevel 1[0m _identify(src) by extension 'cmake'
[0.206s] [34mcolcon.colcon_core.package_identification[0m [1;30mLevel 1[0m _identify(src) by extension 'python'
[0.206s] [34mcolcon.colcon_core.package_identification[0m [1;30mLevel 1[0m _identify(src) by extensions ['python_setup_py']
[0.206s] [34mcolcon.colcon_core.package_identification[0m [1;30mLevel 1[0m _identify(src) by extension 'python_setup_py'
[0.206s] [34mcolcon.colcon_core.package_identification[0m [1;30mLevel 1[0m _identify(src/GRU-Model) by extensions ['ignore', 'ignore_ament_install']
[0.206s] [34mcolcon.colcon_core.package_identification[0m [1;30mLevel 1[0m _identify(src/GRU-Model) by extension 'ignore'
[0.206s] [34mcolcon.colcon_core.package_identification[0m [1;30mLevel 1[0m _identify(src/GRU-Model) by extension 'ignore_ament_install'
[0.206s] [34mcolcon.colcon_core.package_identification[0m [1;30mLevel 1[0m _identify(src/GRU-Model) by extensions ['colcon_pkg']
[0.206s] [34mcolcon.colcon_core.package_identification[0m [1;30mLevel 1[0m _identify(src/GRU-Model) by extension 'colcon_pkg'
[0.206s] [34mcolcon.colcon_core.package_identification[0m [1;30mLevel 1[0m _identify(src/GRU-Model) by extensions ['colcon_meta']
[0.206s] [34mcolcon.colcon_core.package_identification[0m [1;30mLevel 1[0m _identify(src/GRU-Model) by extension 'colcon_meta'
[0.206s] [34mcolcon.colcon_core.package_identification[0m [1;30mLevel 1[0m _identify(src/GRU-Model) by extensions ['ros']
[0.206s] [34mcolcon.colcon_core.package_identification[0m [1;30mLevel 1[0m _identify(src/GRU-Model) by extension 'ros'
[0.206s] [34mcolcon.colcon_core.package_identification[0m [1;30mLevel 1[0m _identify(src/GRU-Model) by extensions ['cmake', 'python']
[0.206s] [34mcolcon.colcon_core.package_identification[0m [1;30mLevel 1[0m _identify(src/GRU-Model) by extension 'cmake'
[0.206s] [34mcolcon.colcon_core.package_identification[0m [1;30mLevel 1[0m _identify(src/GRU-Model) by extension 'python'
[0.206s] [34mcolcon.colcon_core.package_identification[0m [1;30mLevel 1[0m _identify(src/GRU-Model) by extensions ['python_setup_py']
[0.206s] [34mcolcon.colcon_core.package_identification[0m [1;30mLevel 1[0m _identify(src/GRU-Model) by extension 'python_setup_py'
[0.206s] [34mcolcon.colcon_core.package_identification[0m [1;30mLevel 1[0m _identify(src/coord_transform) by extensions ['ignore', 'ignore_ament_install']
[0.206s] [34mcolcon.colcon_core.package_identification[0m [1;30mLevel 1[0m _identify(src/coord_transform) by extension 'ignore'
[0.206s] [34mcolcon.colcon_core.package_identification[0m [1;30mLevel 1[0m _identify(src/coord_transform) by extension 'ignore_ament_install'
[0.206s] [34mcolcon.colcon_core.package_identification[0m [1;30mLevel 1[0m _identify(src/coord_transform) by extensions ['colcon_pkg']
[0.206s] [34mcolcon.colcon_core.package_identification[0m [1;30mLevel 1[0m _identify(src/coord_transform) by extension 'colcon_pkg'
[0.206s] [34mcolcon.colcon_core.package_identification[0m [1;30mLevel 1[0m _identify(src/coord_transform) by extensions ['colcon_meta']
[0.206s] [34mcolcon.colcon_core.package_identification[0m [1;30mLevel 1[0m _identify(src/coord_transform) by extension 'colcon_meta'
[0.206s] [34mcolcon.colcon_core.package_identification[0m [1;30mLevel 1[0m _identify(src/coord_transform) by extensions ['ros']
[0.206s] [34mcolcon.colcon_core.package_identification[0m [1;30mLevel 1[0m _identify(src/coord_transform) by extension 'ros'
[0.208s] [34mcolcon.colcon_core.package_identification[0m [1;30mDEBUG[0m [32mPackage 'src/coord_transform' with type 'ros.ament_python' and name 'coord_transform'[0m
[0.208s] [34mcolcon.colcon_core.package_identification[0m [1;30mLevel 1[0m _identify(src/experiment_logger) by extensions ['ignore', 'ignore_ament_install']
[0.208s] [34mcolcon.colcon_core.package_identification[0m [1;30mLevel 1[0m _identify(src/experiment_logger) by extension 'ignore'
[0.208s] [34mcolcon.colcon_core.package_identification[0m [1;30mLevel 1[0m _identify(src/experiment_logger) by extension 'ignore_ament_install'
[0.208s] [34mcolcon.colcon_core.package_identification[0m [1;30mLevel 1[0m _identify(src/experiment_logger) by extensions ['colcon_pkg']
[0.208s] [34mcolcon.colcon_core.package_identification[0m [1;30mLevel 1[0m _identify(src/experiment_logger) by extension 'colcon_pkg'
[0.208s] [34mcolcon.colcon_core.package_identification[0m [1;30mLevel 1[0m _identify(src/experiment_logger) by extensions ['colcon_meta']
[0.208s] [34mcolcon.colcon_core.package_identification[0m [1;30mLevel 1[0m _identify(src/experiment_logger) by extension 'colcon_meta'
[0.208s] [34mcolcon.colcon_core.package_identification[0m [1;30mLevel 1[0m _identify(src/experiment_logger) by extensions ['ros']
[0.208s] [34mcolcon.colcon_core.package_identification[0m [1;30mLevel 1[0m _identify(src/experiment_logger) by extension 'ros'
[0.209s] [34mcolcon.colcon_core.package_identification[0m [1;30mDEBUG[0m [32mPackage 'src/experiment_logger' with type 'ros.ament_python' and name 'experiment_logger'[0m
[0.209s] [34mcolcon.colcon_core.package_identification[0m [1;30mLevel 1[0m _identify(src/hc10dtp_bringup) by extensions ['ignore', 'ignore_ament_install']
[0.209s] [34mcolcon.colcon_core.package_identification[0m [1;30mLevel 1[0m _identify(src/hc10dtp_bringup) by extension 'ignore'
[0.209s] [34mcolcon.colcon_core.package_identification[0m [1;30mLevel 1[0m _identify(src/hc10dtp_bringup) by extension 'ignore_ament_install'
[0.209s] [34mcolcon.colcon_core.package_identification[0m [1;30mLevel 1[0m _identify(src/hc10dtp_bringup) by extensions ['colcon_pkg']
[0.209s] [34mcolcon.colcon_core.package_identification[0m [1;30mLevel 1[0m _identify(src/hc10dtp_bringup) by extension 'colcon_pkg'
[0.209s] [34mcolcon.colcon_core.package_identification[0m [1;30mLevel 1[0m _identify(src/hc10dtp_bringup) by extensions ['colcon_meta']
[0.209s] [34mcolcon.colcon_core.package_identification[0m [1;30mLevel 1[0m _identify(src/hc10dtp_bringup) by extension 'colcon_meta'
[0.209s] [34mcolcon.colcon_core.package_identification[0m [1;30mLevel 1[0m _identify(src/hc10dtp_bringup) by extensions ['ros']
[0.209s] [34mcolcon.colcon_core.package_identification[0m [1;30mLevel 1[0m _identify(src/hc10dtp_bringup) by extension 'ros'
[0.210s] [34mcolcon.colcon_core.package_identification[0m [1;30mDEBUG[0m [32mPackage 'src/hc10dtp_bringup' with type 'ros.ament_cmake' and name 'hc10dtp_bringup'[0m
[0.210s] [34mcolcon.colcon_core.package_identification[0m [1;30mLevel 1[0m _identify(src/hc10dtp_moveit_config) by extensions ['ignore', 'ignore_ament_install']
[0.210s] [34mcolcon.colcon_core.package_identification[0m [1;30mLevel 1[0m _identify(src/hc10dtp_moveit_config) by extension 'ignore'
[0.210s] [34mcolcon.colcon_core.package_identification[0m [1;30mLevel 1[0m _identify(src/hc10dtp_moveit_config) by extension 'ignore_ament_install'
[0.210s] [34mcolcon.colcon_core.package_identification[0m [1;30mLevel 1[0m _identify(src/hc10dtp_moveit_config) by extensions ['colcon_pkg']
[0.210s] [34mcolcon.colcon_core.package_identification[0m [1;30mLevel 1[0m _identify(src/hc10dtp_moveit_config) by extension 'colcon_pkg'
[0.210s] [34mcolcon.colcon_core.package_identification[0m [1;30mLevel 1[0m _identify(src/hc10dtp_moveit_config) by extensions ['colcon_meta']
[0.210s] [34mcolcon.colcon_core.package_identification[0m [1;30mLevel 1[0m _identify(src/hc10dtp_moveit_config) by extension 'colcon_meta'
[0.210s] [34mcolcon.colcon_core.package_identification[0m [1;30mLevel 1[0m _identify(src/hc10dtp_moveit_config) by extensions ['ros']
[0.210s] [34mcolcon.colcon_core.package_identification[0m [1;30mLevel 1[0m _identify(src/hc10dtp_moveit_config) by extension 'ros'
[0.210s] [34mcolcon.colcon_core.package_identification[0m [1;30mDEBUG[0m [32mPackage 'src/hc10dtp_moveit_config' with type 'ros.ament_cmake' and name 'hc10dtp_moveit_config'[0m
[0.210s] [34mcolcon.colcon_core.package_identification[0m [1;30mLevel 1[0m _identify(src/hc10dtp_simulation) by extensions ['ignore', 'ignore_ament_install']
[0.210s] [34mcolcon.colcon_core.package_identification[0m [1;30mLevel 1[0m _identify(src/hc10dtp_simulation) by extension 'ignore'
[0.210s] [34mcolcon.colcon_core.package_identification[0m [1;30mLevel 1[0m _identify(src/hc10dtp_simulation) by extension 'ignore_ament_install'
[0.210s] [34mcolcon.colcon_core.package_identification[0m [1;30mLevel 1[0m _identify(src/hc10dtp_simulation) by extensions ['colcon_pkg']
[0.211s] [34mcolcon.colcon_core.package_identification[0m [1;30mLevel 1[0m _identify(src/hc10dtp_simulation) by extension 'colcon_pkg'
[0.211s] [34mcolcon.colcon_core.package_identification[0m [1;30mLevel 1[0m _identify(src/hc10dtp_simulation) by extensions ['colcon_meta']
[0.211s] [34mcolcon.colcon_core.package_identification[0m [1;30mLevel 1[0m _identify(src/hc10dtp_simulation) by extension 'colcon_meta'
[0.211s] [34mcolcon.colcon_core.package_identification[0m [1;30mLevel 1[0m _identify(src/hc10dtp_simulation) by extensions ['ros']
[0.211s] [34mcolcon.colcon_core.package_identification[0m [1;30mLevel 1[0m _identify(src/hc10dtp_simulation) by extension 'ros'
[0.211s] [34mcolcon.colcon_core.package_identification[0m [1;30mDEBUG[0m [32mPackage 'src/hc10dtp_simulation' with type 'ros.ament_cmake' and name 'hc10dtp_simulation'[0m
[0.211s] [34mcolcon.colcon_core.package_identification[0m [1;30mLevel 1[0m _identify(src/hrc_bringup) by extensions ['ignore', 'ignore_ament_install']
[0.211s] [34mcolcon.colcon_core.package_identification[0m [1;30mLevel 1[0m _identify(src/hrc_bringup) by extension 'ignore'
[0.211s] [34mcolcon.colcon_core.package_identification[0m [1;30mLevel 1[0m _identify(src/hrc_bringup) by extension 'ignore_ament_install'
[0.211s] [34mcolcon.colcon_core.package_identification[0m [1;30mLevel 1[0m _identify(src/hrc_bringup) by extensions ['colcon_pkg']
[0.211s] [34mcolcon.colcon_core.package_identification[0m [1;30mLevel 1[0m _identify(src/hrc_bringup) by extension 'colcon_pkg'
[0.211s] [34mcolcon.colcon_core.package_identification[0m [1;30mLevel 1[0m _identify(src/hrc_bringup) by extensions ['colcon_meta']
[0.211s] [34mcolcon.colcon_core.package_identification[0m [1;30mLevel 1[0m _identify(src/hrc_bringup) by extension 'colcon_meta'
[0.211s] [34mcolcon.colcon_core.package_identification[0m [1;30mLevel 1[0m _identify(src/hrc_bringup) by extensions ['ros']
[0.211s] [34mcolcon.colcon_core.package_identification[0m [1;30mLevel 1[0m _identify(src/hrc_bringup) by extension 'ros'
[0.212s] [34mcolcon.colcon_core.package_identification[0m [1;30mDEBUG[0m [32mPackage 'src/hrc_bringup' with type 'ros.ament_cmake' and name 'hrc_bringup'[0m
[0.212s] [34mcolcon.colcon_core.package_identification[0m [1;30mLevel 1[0m _identify(src/human_hand_msgs) by extensions ['ignore', 'ignore_ament_install']
[0.212s] [34mcolcon.colcon_core.package_identification[0m [1;30mLevel 1[0m _identify(src/human_hand_msgs) by extension 'ignore'
[0.212s] [34mcolcon.colcon_core.package_identification[0m [1;30mLevel 1[0m _identify(src/human_hand_msgs) by extension 'ignore_ament_install'
[0.212s] [34mcolcon.colcon_core.package_identification[0m [1;30mLevel 1[0m _identify(src/human_hand_msgs) by extensions ['colcon_pkg']
[0.212s] [34mcolcon.colcon_core.package_identification[0m [1;30mLevel 1[0m _identify(src/human_hand_msgs) by extension 'colcon_pkg'
[0.212s] [34mcolcon.colcon_core.package_identification[0m [1;30mLevel 1[0m _identify(src/human_hand_msgs) by extensions ['colcon_meta']
[0.212s] [34mcolcon.colcon_core.package_identification[0m [1;30mLevel 1[0m _identify(src/human_hand_msgs) by extension 'colcon_meta'
[0.212s] [34mcolcon.colcon_core.package_identification[0m [1;30mLevel 1[0m _identify(src/human_hand_msgs) by extensions ['ros']
[0.212s] [34mcolcon.colcon_core.package_identification[0m [1;30mLevel 1[0m _identify(src/human_hand_msgs) by extension 'ros'
[0.212s] [34mcolcon.colcon_core.package_identification[0m [1;30mDEBUG[0m [32mPackage 'src/human_hand_msgs' with type 'ros.catkin' and name 'human_hand_msgs'[0m
[0.212s] [34mcolcon.colcon_core.package_identification[0m [1;30mLevel 1[0m _identify(src/kinect2_ros2) by extensions ['ignore', 'ignore_ament_install']
[0.212s] [34mcolcon.colcon_core.package_identification[0m [1;30mLevel 1[0m _identify(src/kinect2_ros2) by extension 'ignore'
[0.212s] [34mcolcon.colcon_core.package_identification[0m [1;30mLevel 1[0m _identify(src/kinect2_ros2) by extension 'ignore_ament_install'
[0.212s] [34mcolcon.colcon_core.package_identification[0m [1;30mLevel 1[0m _identify(src/kinect2_ros2) by extensions ['colcon_pkg']
[0.212s] [34mcolcon.colcon_core.package_identification[0m [1;30mLevel 1[0m _identify(src/kinect2_ros2) by extension 'colcon_pkg'
[0.212s] [34mcolcon.colcon_core.package_identification[0m [1;30mLevel 1[0m _identify(src/kinect2_ros2) by extensions ['colcon_meta']
[0.212s] [34mcolcon.colcon_core.package_identification[0m [1;30mLevel 1[0m _identify(src/kinect2_ros2) by extension 'colcon_meta'
[0.212s] [34mcolcon.colcon_core.package_identification[0m [1;30mLevel 1[0m _identify(src/kinect2_ros2) by extensions ['ros']
[0.212s] [34mcolcon.colcon_core.package_identification[0m [1;30mLevel 1[0m _identify(src/kinect2_ros2) by extension 'ros'
[0.213s] [34mcolcon.colcon_core.package_identification[0m [1;30mLevel 1[0m _identify(src/kinect2_ros2) by extensions ['cmake', 'python']
[0.213s] [34mcolcon.colcon_core.package_identification[0m [1;30mLevel 1[0m _identify(src/kinect2_ros2) by extension 'cmake'
[0.213s] [34mcolcon.colcon_core.package_identification[0m [1;30mLevel 1[0m _identify(src/kinect2_ros2) by extension 'python'
[0.213s] [34mcolcon.colcon_core.package_identification[0m [1;30mLevel 1[0m _identify(src/kinect2_ros2) by extensions ['python_setup_py']
[0.213s] [34mcolcon.colcon_core.package_identification[0m [1;30mLevel 1[0m _identify(src/kinect2_ros2) by extension 'python_setup_py'
[0.213s] [34mcolcon.colcon_core.package_identification[0m [1;30mLevel 1[0m _identify(src/kinect2_ros2/kinect2_bridge) by extensions ['ignore', 'ignore_ament_install']
[0.213s] [34mcolcon.colcon_core.package_identification[0m [1;30mLevel 1[0m _identify(src/kinect2_ros2/kinect2_bridge) by extension 'ignore'
[0.213s] [34mcolcon.colcon_core.package_identification[0m [1;30mLevel 1[0m _identify(src/kinect2_ros2/kinect2_bridge) by extension 'ignore_ament_install'
[0.213s] [34mcolcon.colcon_core.package_identification[0m [1;30mLevel 1[0m _identify(src/kinect2_ros2/kinect2_bridge) by extensions ['colcon_pkg']
[0.213s] [34mcolcon.colcon_core.package_identification[0m [1;30mLevel 1[0m _identify(src/kinect2_ros2/kinect2_bridge) by extension 'colcon_pkg'
[0.213s] [34mcolcon.colcon_core.package_identification[0m [1;30mLevel 1[0m _identify(src/kinect2_ros2/kinect2_bridge) by extensions ['colcon_meta']
[0.213s] [34mcolcon.colcon_core.package_identification[0m [1;30mLevel 1[0m _identify(src/kinect2_ros2/kinect2_bridge) by extension 'colcon_meta'
[0.213s] [34mcolcon.colcon_core.package_identification[0m [1;30mLevel 1[0m _identify(src/kinect2_ros2/kinect2_bridge) by extensions ['ros']
[0.213s] [34mcolcon.colcon_core.package_identification[0m [1;30mLevel 1[0m _identify(src/kinect2_ros2/kinect2_bridge) by extension 'ros'
[0.214s] [34mcolcon.colcon_core.package_identification[0m [1;30mDEBUG[0m [32mPackage 'src/kinect2_ros2/kinect2_bridge' with type 'ros.ament_cmake' and name 'kinect2_bridge'[0m
[0.214s] [34mcolcon.colcon_core.package_identification[0m [1;30mLevel 1[0m _identify(src/kinect2_ros2/kinect2_calibration) by extensions ['ignore', 'ignore_ament_install']
[0.214s] [34mcolcon.colcon_core.package_identification[0m [1;30mLevel 1[0m _identify(src/kinect2_ros2/kinect2_calibration) by extension 'ignore'
[0.214s] [34mcolcon.colcon_core.package_identification[0m [1;30mLevel 1[0m _identify(src/kinect2_ros2/kinect2_calibration) by extension 'ignore_ament_install'
[0.214s] [34mcolcon.colcon_core.package_identification[0m [1;30mLevel 1[0m _identify(src/kinect2_ros2/kinect2_calibration) by extensions ['colcon_pkg']
[0.214s] [34mcolcon.colcon_core.package_identification[0m [1;30mLevel 1[0m _identify(src/kinect2_ros2/kinect2_calibration) by extension 'colcon_pkg'
[0.214s] [34mcolcon.colcon_core.package_identification[0m [1;30mLevel 1[0m _identify(src/kinect2_ros2/kinect2_calibration) by extensions ['colcon_meta']
[0.214s] [34mcolcon.colcon_core.package_identification[0m [1;30mLevel 1[0m _identify(src/kinect2_ros2/kinect2_calibration) by extension 'colcon_meta'
[0.214s] [34mcolcon.colcon_core.package_identification[0m [1;30mLevel 1[0m _identify(src/kinect2_ros2/kinect2_calibration) by extensions ['ros']
[0.214s] [34mcolcon.colcon_core.package_identification[0m [1;30mLevel 1[0m _identify(src/kinect2_ros2/kinect2_calibration) by extension 'ros'
[0.214s] [34mcolcon.colcon_core.package_identification[0m [1;30mDEBUG[0m [32mPackage 'src/kinect2_ros2/kinect2_calibration' with type 'ros.ament_cmake' and name 'kinect2_calibration'[0m
[0.215s] [34mcolcon.colcon_core.package_identification[0m [1;30mLevel 1[0m _identify(src/kinect2_ros2/kinect2_registration) by extensions ['ignore', 'ignore_ament_install']
[0.215s] [34mcolcon.colcon_core.package_identification[0m [1;30mLevel 1[0m _identify(src/kinect2_ros2/kinect2_registration) by extension 'ignore'
[0.215s] [34mcolcon.colcon_core.package_identification[0m [1;30mLevel 1[0m _identify(src/kinect2_ros2/kinect2_registration) by extension 'ignore_ament_install'
[0.215s] [34mcolcon.colcon_core.package_identification[0m [1;30mLevel 1[0m _identify(src/kinect2_ros2/kinect2_registration) by extensions ['colcon_pkg']
[0.215s] [34mcolcon.colcon_core.package_identification[0m [1;30mLevel 1[0m _identify(src/kinect2_ros2/kinect2_registration) by extension 'colcon_pkg'
[0.215s] [34mcolcon.colcon_core.package_identification[0m [1;30mLevel 1[0m _identify(src/kinect2_ros2/kinect2_registration) by extensions ['colcon_meta']
[0.215s] [34mcolcon.colcon_core.package_identification[0m [1;30mLevel 1[0m _identify(src/kinect2_ros2/kinect2_registration) by extension 'colcon_meta'
[0.215s] [34mcolcon.colcon_core.package_identification[0m [1;30mLevel 1[0m _identify(src/kinect2_ros2/kinect2_registration) by extensions ['ros']
[0.215s] [34mcolcon.colcon_core.package_identification[0m [1;30mLevel 1[0m _identify(src/kinect2_ros2/kinect2_registration) by extension 'ros'
[0.215s] [34mcolcon.colcon_core.package_identification[0m [1;30mDEBUG[0m [32mPackage 'src/kinect2_ros2/kinect2_registration' with type 'ros.ament_cmake' and name 'kinect2_registration'[0m
[0.215s] [34mcolcon.colcon_core.package_identification[0m [1;30mLevel 1[0m _identify(src/motoman_ros2_support_packages) by extensions ['ignore', 'ignore_ament_install']
[0.215s] [34mcolcon.colcon_core.package_identification[0m [1;30mLevel 1[0m _identify(src/motoman_ros2_support_packages) by extension 'ignore'
[0.215s] [34mcolcon.colcon_core.package_identification[0m [1;30mLevel 1[0m _identify(src/motoman_ros2_support_packages) by extension 'ignore_ament_install'
[0.215s] [34mcolcon.colcon_core.package_identification[0m [1;30mLevel 1[0m _identify(src/motoman_ros2_support_packages) by extensions ['colcon_pkg']
[0.215s] [34mcolcon.colcon_core.package_identification[0m [1;30mLevel 1[0m _identify(src/motoman_ros2_support_packages) by extension 'colcon_pkg'
[0.215s] [34mcolcon.colcon_core.package_identification[0m [1;30mLevel 1[0m _identify(src/motoman_ros2_support_packages) by extensions ['colcon_meta']
[0.215s] [34mcolcon.colcon_core.package_identification[0m [1;30mLevel 1[0m _identify(src/motoman_ros2_support_packages) by extension 'colcon_meta'
[0.215s] [34mcolcon.colcon_core.package_identification[0m [1;30mLevel 1[0m _identify(src/motoman_ros2_support_packages) by extensions ['ros']
[0.215s] [34mcolcon.colcon_core.package_identification[0m [1;30mLevel 1[0m _identify(src/motoman_ros2_support_packages) by extension 'ros'
[0.216s] [34mcolcon.colcon_core.package_identification[0m [1;30mLevel 1[0m _identify(src/motoman_ros2_support_packages) by extensions ['cmake', 'python']
[0.216s] [34mcolcon.colcon_core.package_identification[0m [1;30mLevel 1[0m _identify(src/motoman_ros2_support_packages) by extension 'cmake'
[0.216s] [34mcolcon.colcon_core.package_identification[0m [1;30mLevel 1[0m _identify(src/motoman_ros2_support_packages) by extension 'python'
[0.216s] [34mcolcon.colcon_core.package_identification[0m [1;30mLevel 1[0m _identify(src/motoman_ros2_support_packages) by extensions ['python_setup_py']
[0.216s] [34mcolcon.colcon_core.package_identification[0m [1;30mLevel 1[0m _identify(src/motoman_ros2_support_packages) by extension 'python_setup_py'
[0.216s] [34mcolcon.colcon_core.package_identification[0m [1;30mLevel 1[0m _identify(src/motoman_ros2_support_packages/motoman_gp4_support) by extensions ['ignore', 'ignore_ament_install']
[0.216s] [34mcolcon.colcon_core.package_identification[0m [1;30mLevel 1[0m _identify(src/motoman_ros2_support_packages/motoman_gp4_support) by extension 'ignore'
[0.216s] [34mcolcon.colcon_core.package_identification[0m [1;30mLevel 1[0m _identify(src/motoman_ros2_support_packages/motoman_gp4_support) by extension 'ignore_ament_install'
[0.216s] [34mcolcon.colcon_core.package_identification[0m [1;30mLevel 1[0m _identify(src/motoman_ros2_support_packages/motoman_gp4_support) by extensions ['colcon_pkg']
[0.216s] [34mcolcon.colcon_core.package_identification[0m [1;30mLevel 1[0m _identify(src/motoman_ros2_support_packages/motoman_gp4_support) by extension 'colcon_pkg'
[0.216s] [34mcolcon.colcon_core.package_identification[0m [1;30mLevel 1[0m _identify(src/motoman_ros2_support_packages/motoman_gp4_support) by extensions ['colcon_meta']
[0.216s] [34mcolcon.colcon_core.package_identification[0m [1;30mLevel 1[0m _identify(src/motoman_ros2_support_packages/motoman_gp4_support) by extension 'colcon_meta'
[0.216s] [34mcolcon.colcon_core.package_identification[0m [1;30mLevel 1[0m _identify(src/motoman_ros2_support_packages/motoman_gp4_support) by extensions ['ros']
[0.216s] [34mcolcon.colcon_core.package_identification[0m [1;30mLevel 1[0m _identify(src/motoman_ros2_support_packages/motoman_gp4_support) by extension 'ros'
[0.216s] [34mcolcon.colcon_core.package_identification[0m [1;30mDEBUG[0m [32mPackage 'src/motoman_ros2_support_packages/motoman_gp4_support' with type 'ros.ament_cmake' and name 'motoman_gp4_support'[0m
[0.216s] [34mcolcon.colcon_core.package_identification[0m [1;30mLevel 1[0m _identify(src/motoman_ros2_support_packages/motoman_hc10dtp_support) by extensions ['ignore', 'ignore_ament_install']
[0.217s] [34mcolcon.colcon_core.package_identification[0m [1;30mLevel 1[0m _identify(src/motoman_ros2_support_packages/motoman_hc10dtp_support) by extension 'ignore'
[0.217s] [34mcolcon.colcon_core.package_identification[0m [1;30mLevel 1[0m _identify(src/motoman_ros2_support_packages/motoman_hc10dtp_support) by extension 'ignore_ament_install'
[0.217s] [34mcolcon.colcon_core.package_identification[0m [1;30mLevel 1[0m _identify(src/motoman_ros2_support_packages/motoman_hc10dtp_support) by extensions ['colcon_pkg']
[0.217s] [34mcolcon.colcon_core.package_identification[0m [1;30mLevel 1[0m _identify(src/motoman_ros2_support_packages/motoman_hc10dtp_support) by extension 'colcon_pkg'
[0.217s] [34mcolcon.colcon_core.package_identification[0m [1;30mLevel 1[0m _identify(src/motoman_ros2_support_packages/motoman_hc10dtp_support) by extensions ['colcon_meta']
[0.217s] [34mcolcon.colcon_core.package_identification[0m [1;30mLevel 1[0m _identify(src/motoman_ros2_support_packages/motoman_hc10dtp_support) by extension 'colcon_meta'
[0.217s] [34mcolcon.colcon_core.package_identification[0m [1;30mLevel 1[0m _identify(src/motoman_ros2_support_packages/motoman_hc10dtp_support) by extensions ['ros']
[0.217s] [34mcolcon.colcon_core.package_identification[0m [1;30mLevel 1[0m _identify(src/motoman_ros2_support_packages/motoman_hc10dtp_support) by extension 'ros'
[0.218s] [34mcolcon.colcon_core.package_identification[0m [1;30mDEBUG[0m [32mPackage 'src/motoman_ros2_support_packages/motoman_hc10dtp_support' with type 'ros.ament_cmake' and name 'motoman_hc10dtp_support'[0m
[0.218s] [34mcolcon.colcon_core.package_identification[0m [1;30mLevel 1[0m _identify(src/motoman_ros2_support_packages/motoman_resources) by extensions ['ignore', 'ignore_ament_install']
[0.218s] [34mcolcon.colcon_core.package_identification[0m [1;30mLevel 1[0m _identify(src/motoman_ros2_support_packages/motoman_resources) by extension 'ignore'
[0.218s] [34mcolcon.colcon_core.package_identification[0m [1;30mLevel 1[0m _identify(src/motoman_ros2_support_packages/motoman_resources) by extension 'ignore_ament_install'
[0.218s] [34mcolcon.colcon_core.package_identification[0m [1;30mLevel 1[0m _identify(src/motoman_ros2_support_packages/motoman_resources) by extensions ['colcon_pkg']
[0.218s] [34mcolcon.colcon_core.package_identification[0m [1;30mLevel 1[0m _identify(src/motoman_ros2_support_packages/motoman_resources) by extension 'colcon_pkg'
[0.218s] [34mcolcon.colcon_core.package_identification[0m [1;30mLevel 1[0m _identify(src/motoman_ros2_support_packages/motoman_resources) by extensions ['colcon_meta']
[0.218s] [34mcolcon.colcon_core.package_identification[0m [1;30mLevel 1[0m _identify(src/motoman_ros2_support_packages/motoman_resources) by extension 'colcon_meta'
[0.218s] [34mcolcon.colcon_core.package_identification[0m [1;30mLevel 1[0m _identify(src/motoman_ros2_support_packages/motoman_resources) by extensions ['ros']
[0.218s] [34mcolcon.colcon_core.package_identification[0m [1;30mLevel 1[0m _identify(src/motoman_ros2_support_packages/motoman_resources) by extension 'ros'
[0.218s] [34mcolcon.colcon_core.package_identification[0m [1;30mDEBUG[0m [32mPackage 'src/motoman_ros2_support_packages/motoman_resources' with type 'ros.ament_cmake' and name 'motoman_resources'[0m
[0.218s] [34mcolcon.colcon_core.package_identification[0m [1;30mLevel 1[0m _identify(src/motoros2_client_interface_dependencies) by extensions ['ignore', 'ignore_ament_install']
[0.218s] [34mcolcon.colcon_core.package_identification[0m [1;30mLevel 1[0m _identify(src/motoros2_client_interface_dependencies) by extension 'ignore'
[0.219s] [34mcolcon.colcon_core.package_identification[0m [1;30mLevel 1[0m _identify(src/motoros2_client_interface_dependencies) by extension 'ignore_ament_install'
[0.219s] [34mcolcon.colcon_core.package_identification[0m [1;30mLevel 1[0m _identify(src/motoros2_client_interface_dependencies) by extensions ['colcon_pkg']
[0.219s] [34mcolcon.colcon_core.package_identification[0m [1;30mLevel 1[0m _identify(src/motoros2_client_interface_dependencies) by extension 'colcon_pkg'
[0.219s] [34mcolcon.colcon_core.package_identification[0m [1;30mLevel 1[0m _identify(src/motoros2_client_interface_dependencies) by extensions ['colcon_meta']
[0.219s] [34mcolcon.colcon_core.package_identification[0m [1;30mLevel 1[0m _identify(src/motoros2_client_interface_dependencies) by extension 'colcon_meta'
[0.219s] [34mcolcon.colcon_core.package_identification[0m [1;30mLevel 1[0m _identify(src/motoros2_client_interface_dependencies) by extensions ['ros']
[0.219s] [34mcolcon.colcon_core.package_identification[0m [1;30mLevel 1[0m _identify(src/motoros2_client_interface_dependencies) by extension 'ros'
[0.219s] [34mcolcon.colcon_core.package_identification[0m [1;30mDEBUG[0m [32mPackage 'src/motoros2_client_interface_dependencies' with type 'ros.ament_cmake' and name 'motoros2_client_interface_dependencies'[0m
[0.219s] [34mcolcon.colcon_core.package_identification[0m [1;30mLevel 1[0m _identify(src/motoros2_client_library) by extensions ['ignore', 'ignore_ament_install']
[0.219s] [34mcolcon.colcon_core.package_identification[0m [1;30mLevel 1[0m _identify(src/motoros2_client_library) by extension 'ignore'
[0.219s] [34mcolcon.colcon_core.package_identification[0m [1;30mLevel 1[0m _identify(src/motoros2_client_library) by extension 'ignore_ament_install'
[0.219s] [34mcolcon.colcon_core.package_identification[0m [1;30mLevel 1[0m _identify(src/motoros2_client_library) by extensions ['colcon_pkg']
[0.219s] [34mcolcon.colcon_core.package_identification[0m [1;30mLevel 1[0m _identify(src/motoros2_client_library) by extension 'colcon_pkg'
[0.219s] [34mcolcon.colcon_core.package_identification[0m [1;30mLevel 1[0m _identify(src/motoros2_client_library) by extensions ['colcon_meta']
[0.219s] [34mcolcon.colcon_core.package_identification[0m [1;30mLevel 1[0m _identify(src/motoros2_client_library) by extension 'colcon_meta'
[0.219s] [34mcolcon.colcon_core.package_identification[0m [1;30mLevel 1[0m _identify(src/motoros2_client_library) by extensions ['ros']
[0.219s] [34mcolcon.colcon_core.package_identification[0m [1;30mLevel 1[0m _identify(src/motoros2_client_library) by extension 'ros'
[0.219s] [34mcolcon.colcon_core.package_identification[0m [1;30mLevel 1[0m _identify(src/motoros2_client_library) by extensions ['cmake', 'python']
[0.219s] [34mcolcon.colcon_core.package_identification[0m [1;30mLevel 1[0m _identify(src/motoros2_client_library) by extension 'cmake'
[0.219s] [34mcolcon.colcon_core.package_identification[0m [1;30mLevel 1[0m _identify(src/motoros2_client_library) by extension 'python'
[0.219s] [34mcolcon.colcon_core.package_identification[0m [1;30mLevel 1[0m _identify(src/motoros2_client_library) by extensions ['python_setup_py']
[0.219s] [34mcolcon.colcon_core.package_identification[0m [1;30mLevel 1[0m _identify(src/motoros2_client_library) by extension 'python_setup_py'
[0.219s] [34mcolcon.colcon_core.package_identification[0m [1;30mLevel 1[0m _identify(src/predictor_ui) by extensions ['ignore', 'ignore_ament_install']
[0.219s] [34mcolcon.colcon_core.package_identification[0m [1;30mLevel 1[0m _identify(src/predictor_ui) by extension 'ignore'
[0.220s] [34mcolcon.colcon_core.package_identification[0m [1;30mLevel 1[0m _identify(src/predictor_ui) by extension 'ignore_ament_install'
[0.220s] [34mcolcon.colcon_core.package_identification[0m [1;30mLevel 1[0m _identify(src/predictor_ui) by extensions ['colcon_pkg']
[0.220s] [34mcolcon.colcon_core.package_identification[0m [1;30mLevel 1[0m _identify(src/predictor_ui) by extension 'colcon_pkg'
[0.220s] [34mcolcon.colcon_core.package_identification[0m [1;30mLevel 1[0m _identify(src/predictor_ui) by extensions ['colcon_meta']
[0.220s] [34mcolcon.colcon_core.package_identification[0m [1;30mLevel 1[0m _identify(src/predictor_ui) by extension 'colcon_meta'
[0.220s] [34mcolcon.colcon_core.package_identification[0m [1;30mLevel 1[0m _identify(src/predictor_ui) by extensions ['ros']
[0.220s] [34mcolcon.colcon_core.package_identification[0m [1;30mLevel 1[0m _identify(src/predictor_ui) by extension 'ros'
[0.220s] [34mcolcon.colcon_core.package_identification[0m [1;30mDEBUG[0m [32mPackage 'src/predictor_ui' with type 'ros.ament_python' and name 'predictor_ui'[0m
[0.220s] [34mcolcon.colcon_core.package_identification[0m [1;30mLevel 1[0m _identify(src/realsense_tracker) by extensions ['ignore', 'ignore_ament_install']
[0.220s] [34mcolcon.colcon_core.package_identification[0m [1;30mLevel 1[0m _identify(src/realsense_tracker) by extension 'ignore'
[0.220s] [34mcolcon.colcon_core.package_identification[0m [1;30mLevel 1[0m _identify(src/realsense_tracker) by extension 'ignore_ament_install'
[0.220s] [34mcolcon.colcon_core.package_identification[0m [1;30mLevel 1[0m _identify(src/realsense_tracker) by extensions ['colcon_pkg']
[0.220s] [34mcolcon.colcon_core.package_identification[0m [1;30mLevel 1[0m _identify(src/realsense_tracker) by extension 'colcon_pkg'
[0.220s] [34mcolcon.colcon_core.package_identification[0m [1;30mLevel 1[0m _identify(src/realsense_tracker) by extensions ['colcon_meta']
[0.220s] [34mcolcon.colcon_core.package_identification[0m [1;30mLevel 1[0m _identify(src/realsense_tracker) by extension 'colcon_meta'
[0.220s] [34mcolcon.colcon_core.package_identification[0m [1;30mLevel 1[0m _identify(src/realsense_tracker) by extensions ['ros']
[0.220s] [34mcolcon.colcon_core.package_identification[0m [1;30mLevel 1[0m _identify(src/realsense_tracker) by extension 'ros'
[0.221s] [34mcolcon.colcon_core.package_identification[0m [1;30mDEBUG[0m [32mPackage 'src/realsense_tracker' with type 'ros.ament_python' and name 'realsense_tracker'[0m
[0.221s] [34mcolcon.colcon_core.package_identification[0m [1;30mLevel 1[0m _identify(src/ros-industrial) by extensions ['ignore', 'ignore_ament_install']
[0.221s] [34mcolcon.colcon_core.package_identification[0m [1;30mLevel 1[0m _identify(src/ros-industrial) by extension 'ignore'
[0.221s] [34mcolcon.colcon_core.package_identification[0m [1;30mLevel 1[0m _identify(src/ros-industrial) by extension 'ignore_ament_install'
[0.221s] [34mcolcon.colcon_core.package_identification[0m [1;30mLevel 1[0m _identify(src/ros-industrial) by extensions ['colcon_pkg']
[0.221s] [34mcolcon.colcon_core.package_identification[0m [1;30mLevel 1[0m _identify(src/ros-industrial) by extension 'colcon_pkg'
[0.221s] [34mcolcon.colcon_core.package_identification[0m [1;30mLevel 1[0m _identify(src/ros-industrial) by extensions ['colcon_meta']
[0.221s] [34mcolcon.colcon_core.package_identification[0m [1;30mLevel 1[0m _identify(src/ros-industrial) by extension 'colcon_meta'
[0.221s] [34mcolcon.colcon_core.package_identification[0m [1;30mLevel 1[0m _identify(src/ros-industrial) by extensions ['ros']
[0.221s] [34mcolcon.colcon_core.package_identification[0m [1;30mLevel 1[0m _identify(src/ros-industrial) by extension 'ros'
[0.221s] [34mcolcon.colcon_core.package_identification[0m [1;30mLevel 1[0m _identify(src/ros-industrial) by extensions ['cmake', 'python']
[0.221s] [34mcolcon.colcon_core.package_identification[0m [1;30mLevel 1[0m _identify(src/ros-industrial) by extension 'cmake'
[0.221s] [34mcolcon.colcon_core.package_identification[0m [1;30mLevel 1[0m _identify(src/ros-industrial) by extension 'python'
[0.221s] [34mcolcon.colcon_core.package_identification[0m [1;30mLevel 1[0m _identify(src/ros-industrial) by extensions ['python_setup_py']
[0.221s] [34mcolcon.colcon_core.package_identification[0m [1;30mLevel 1[0m _identify(src/ros-industrial) by extension 'python_setup_py'
[0.221s] [34mcolcon.colcon_core.package_identification[0m [1;30mLevel 1[0m _identify(src/ros-industrial/industrial_core_ros2_msgs_only) by extensions ['ignore', 'ignore_ament_install']
[0.221s] [34mcolcon.colcon_core.package_identification[0m [1;30mLevel 1[0m _identify(src/ros-industrial/industrial_core_ros2_msgs_only) by extension 'ignore'
[0.221s] [34mcolcon.colcon_core.package_identification[0m [1;30mLevel 1[0m _identify(src/ros-industrial/industrial_core_ros2_msgs_only) by extension 'ignore_ament_install'
[0.221s] [34mcolcon.colcon_core.package_identification[0m [1;30mLevel 1[0m _identify(src/ros-industrial/industrial_core_ros2_msgs_only) by extensions ['colcon_pkg']
[0.222s] [34mcolcon.colcon_core.package_identification[0m [1;30mLevel 1[0m _identify(src/ros-industrial/industrial_core_ros2_msgs_only) by extension 'colcon_pkg'
[0.222s] [34mcolcon.colcon_core.package_identification[0m [1;30mLevel 1[0m _identify(src/ros-industrial/industrial_core_ros2_msgs_only) by extensions ['colcon_meta']
[0.222s] [34mcolcon.colcon_core.package_identification[0m [1;30mLevel 1[0m _identify(src/ros-industrial/industrial_core_ros2_msgs_only) by extension 'colcon_meta'
[0.222s] [34mcolcon.colcon_core.package_identification[0m [1;30mLevel 1[0m _identify(src/ros-industrial/industrial_core_ros2_msgs_only) by extensions ['ros']
[0.222s] [34mcolcon.colcon_core.package_identification[0m [1;30mLevel 1[0m _identify(src/ros-industrial/industrial_core_ros2_msgs_only) by extension 'ros'
[0.222s] [34mcolcon.colcon_core.package_identification[0m [1;30mLevel 1[0m _identify(src/ros-industrial/industrial_core_ros2_msgs_only) by extensions ['cmake', 'python']
[0.222s] [34mcolcon.colcon_core.package_identification[0m [1;30mLevel 1[0m _identify(src/ros-industrial/industrial_core_ros2_msgs_only) by extension 'cmake'
[0.222s] [34mcolcon.colcon_core.package_identification[0m [1;30mLevel 1[0m _identify(src/ros-industrial/industrial_core_ros2_msgs_only) by extension 'python'
[0.222s] [34mcolcon.colcon_core.package_identification[0m [1;30mLevel 1[0m _identify(src/ros-industrial/industrial_core_ros2_msgs_only) by extensions ['python_setup_py']
[0.222s] [34mcolcon.colcon_core.package_identification[0m [1;30mLevel 1[0m _identify(src/ros-industrial/industrial_core_ros2_msgs_only) by extension 'python_setup_py'
[0.222s] [34mcolcon.colcon_core.package_identification[0m [1;30mLevel 1[0m _identify(src/ros-industrial/industrial_core_ros2_msgs_only/industrial_msgs) by extensions ['ignore', 'ignore_ament_install']
[0.222s] [34mcolcon.colcon_core.package_identification[0m [1;30mLevel 1[0m _identify(src/ros-industrial/industrial_core_ros2_msgs_only/industrial_msgs) by extension 'ignore'
[0.222s] [34mcolcon.colcon_core.package_identification[0m [1;30mLevel 1[0m _identify(src/ros-industrial/industrial_core_ros2_msgs_only/industrial_msgs) by extension 'ignore_ament_install'
[0.222s] [34mcolcon.colcon_core.package_identification[0m [1;30mLevel 1[0m _identify(src/ros-industrial/industrial_core_ros2_msgs_only/industrial_msgs) by extensions ['colcon_pkg']
[0.222s] [34mcolcon.colcon_core.package_identification[0m [1;30mLevel 1[0m _identify(src/ros-industrial/industrial_core_ros2_msgs_only/industrial_msgs) by extension 'colcon_pkg'
[0.222s] [34mcolcon.colcon_core.package_identification[0m [1;30mLevel 1[0m _identify(src/ros-industrial/industrial_core_ros2_msgs_only/industrial_msgs) by extensions ['colcon_meta']
[0.222s] [34mcolcon.colcon_core.package_identification[0m [1;30mLevel 1[0m _identify(src/ros-industrial/industrial_core_ros2_msgs_only/industrial_msgs) by extension 'colcon_meta'
[0.222s] [34mcolcon.colcon_core.package_identification[0m [1;30mLevel 1[0m _identify(src/ros-industrial/industrial_core_ros2_msgs_only/industrial_msgs) by extensions ['ros']
[0.222s] [34mcolcon.colcon_core.package_identification[0m [1;30mLevel 1[0m _identify(src/ros-industrial/industrial_core_ros2_msgs_only/industrial_msgs) by extension 'ros'
[0.228s] [34mcolcon.colcon_core.package_identification[0m [1;30mDEBUG[0m [32mPackage 'src/ros-industrial/industrial_core_ros2_msgs_only/industrial_msgs' with type 'ros.ament_cmake' and name 'industrial_msgs'[0m
[0.228s] [34mcolcon.colcon_core.package_identification[0m [1;30mLevel 1[0m _identify(src/trac_ik) by extensions ['ignore', 'ignore_ament_install']
[0.228s] [34mcolcon.colcon_core.package_identification[0m [1;30mLevel 1[0m _identify(src/trac_ik) by extension 'ignore'
[0.228s] [34mcolcon.colcon_core.package_identification[0m [1;30mLevel 1[0m _identify(src/trac_ik) by extension 'ignore_ament_install'
[0.228s] [34mcolcon.colcon_core.package_identification[0m [1;30mLevel 1[0m _identify(src/trac_ik) by extensions ['colcon_pkg']
[0.228s] [34mcolcon.colcon_core.package_identification[0m [1;30mLevel 1[0m _identify(src/trac_ik) by extension 'colcon_pkg'
[0.228s] [34mcolcon.colcon_core.package_identification[0m [1;30mLevel 1[0m _identify(src/trac_ik) by extensions ['colcon_meta']
[0.228s] [34mcolcon.colcon_core.package_identification[0m [1;30mLevel 1[0m _identify(src/trac_ik) by extension 'colcon_meta'
[0.228s] [34mcolcon.colcon_core.package_identification[0m [1;30mLevel 1[0m _identify(src/trac_ik) by extensions ['ros']
[0.228s] [34mcolcon.colcon_core.package_identification[0m [1;30mLevel 1[0m _identify(src/trac_ik) by extension 'ros'
[0.228s] [34mcolcon.colcon_core.package_identification[0m [1;30mLevel 1[0m _identify(src/trac_ik) by extensions ['cmake', 'python']
[0.228s] [34mcolcon.colcon_core.package_identification[0m [1;30mLevel 1[0m _identify(src/trac_ik) by extension 'cmake'
[0.228s] [34mcolcon.colcon_core.package_identification[0m [1;30mLevel 1[0m _identify(src/trac_ik) by extension 'python'
[0.228s] [34mcolcon.colcon_core.package_identification[0m [1;30mLevel 1[0m _identify(src/trac_ik) by extensions ['python_setup_py']
[0.228s] [34mcolcon.colcon_core.package_identification[0m [1;30mLevel 1[0m _identify(src/trac_ik) by extension 'python_setup_py'
[0.228s] [34mcolcon.colcon_core.package_identification[0m [1;30mLevel 1[0m _identify(src/trac_ik/nlopt) by extensions ['ignore', 'ignore_ament_install']
[0.228s] [34mcolcon.colcon_core.package_identification[0m [1;30mLevel 1[0m _identify(src/trac_ik/nlopt) by extension 'ignore'
[0.228s] [34mcolcon.colcon_core.package_identification[0m [1;30mLevel 1[0m _identify(src/trac_ik/nlopt) by extension 'ignore_ament_install'
[0.228s] [34mcolcon.colcon_core.package_identification[0m [1;30mLevel 1[0m _identify(src/trac_ik/nlopt) by extensions ['colcon_pkg']
[0.228s] [34mcolcon.colcon_core.package_identification[0m [1;30mLevel 1[0m _identify(src/trac_ik/nlopt) by extension 'colcon_pkg'
[0.228s] [34mcolcon.colcon_core.package_identification[0m [1;30mLevel 1[0m _identify(src/trac_ik/nlopt) by extensions ['colcon_meta']
[0.228s] [34mcolcon.colcon_core.package_identification[0m [1;30mLevel 1[0m _identify(src/trac_ik/nlopt) by extension 'colcon_meta'
[0.228s] [34mcolcon.colcon_core.package_identification[0m [1;30mLevel 1[0m _identify(src/trac_ik/nlopt) by extensions ['ros']
[0.228s] [34mcolcon.colcon_core.package_identification[0m [1;30mLevel 1[0m _identify(src/trac_ik/nlopt) by extension 'ros'
[0.228s] [34mcolcon.colcon_core.package_identification[0m [1;30mLevel 1[0m _identify(src/trac_ik/nlopt) by extensions ['cmake', 'python']
[0.228s] [34mcolcon.colcon_core.package_identification[0m [1;30mLevel 1[0m _identify(src/trac_ik/nlopt) by extension 'cmake'
[0.228s] [34mcolcon.colcon_core.package_identification[0m [1;30mLevel 1[0m _identify(src/trac_ik/nlopt) by extension 'python'
[0.228s] [34mcolcon.colcon_core.package_identification[0m [1;30mLevel 1[0m _identify(src/trac_ik/nlopt) by extensions ['python_setup_py']
[0.228s] [34mcolcon.colcon_core.package_identification[0m [1;30mLevel 1[0m _identify(src/trac_ik/nlopt) by extension 'python_setup_py'
[0.228s] [34mcolcon.colcon_core.package_identification[0m [1;30mLevel 1[0m _identify(src/trac_ik/trac_ik) by extensions ['ignore', 'ignore_ament_install']
[0.228s] [34mcolcon.colcon_core.package_identification[0m [1;30mLevel 1[0m _identify(src/trac_ik/trac_ik) by extension 'ignore'
[0.228s] [34mcolcon.colcon_core.package_identification[0m [1;30mLevel 1[0m _identify(src/trac_ik/trac_ik) by extension 'ignore_ament_install'
[0.228s] [34mcolcon.colcon_core.package_identification[0m [1;30mLevel 1[0m _identify(src/trac_ik/trac_ik) by extensions ['colcon_pkg']
[0.229s] [34mcolcon.colcon_core.package_identification[0m [1;30mLevel 1[0m _identify(src/trac_ik/trac_ik) by extension 'colcon_pkg'
[0.229s] [34mcolcon.colcon_core.package_identification[0m [1;30mLevel 1[0m _identify(src/trac_ik/trac_ik) by extensions ['colcon_meta']
[0.229s] [34mcolcon.colcon_core.package_identification[0m [1;30mLevel 1[0m _identify(src/trac_ik/trac_ik) by extension 'colcon_meta'
[0.229s] [34mcolcon.colcon_core.package_identification[0m [1;30mLevel 1[0m _identify(src/trac_ik/trac_ik) by extensions ['ros']
[0.229s] [34mcolcon.colcon_core.package_identification[0m [1;30mLevel 1[0m _identify(src/trac_ik/trac_ik) by extension 'ros'
[0.229s] [34mcolcon.colcon_core.package_identification[0m [1;30mDEBUG[0m [32mPackage 'src/trac_ik/trac_ik' with type 'ros.ament_cmake' and name 'trac_ik'[0m
[0.229s] [34mcolcon.colcon_core.package_identification[0m [1;30mLevel 1[0m _identify(src/trac_ik/trac_ik_examples) by extensions ['ignore', 'ignore_ament_install']
[0.229s] [34mcolcon.colcon_core.package_identification[0m [1;30mLevel 1[0m _identify(src/trac_ik/trac_ik_examples) by extension 'ignore'
[0.229s] [34mcolcon.colcon_core.package_identification[0m [1;30mLevel 1[0m _identify(src/trac_ik/trac_ik_examples) ignored
[0.229s] [34mcolcon.colcon_core.package_identification[0m [1;30mLevel 1[0m _identify(src/trac_ik/trac_ik_kinematics) by extensions ['ignore', 'ignore_ament_install']
[0.229s] [34mcolcon.colcon_core.package_identification[0m [1;30mLevel 1[0m _identify(src/trac_ik/trac_ik_kinematics) by extension 'ignore'
[0.229s] [34mcolcon.colcon_core.package_identification[0m [1;30mLevel 1[0m _identify(src/trac_ik/trac_ik_kinematics) by extension 'ignore_ament_install'
[0.229s] [34mcolcon.colcon_core.package_identification[0m [1;30mLevel 1[0m _identify(src/trac_ik/trac_ik_kinematics) by extensions ['colcon_pkg']
[0.229s] [34mcolcon.colcon_core.package_identification[0m [1;30mLevel 1[0m _identify(src/trac_ik/trac_ik_kinematics) by extension 'colcon_pkg'
[0.229s] [34mcolcon.colcon_core.package_identification[0m [1;30mLevel 1[0m _identify(src/trac_ik/trac_ik_kinematics) by extensions ['colcon_meta']
[0.229s] [34mcolcon.colcon_core.package_identification[0m [1;30mLevel 1[0m _identify(src/trac_ik/trac_ik_kinematics) by extension 'colcon_meta'
[0.229s] [34mcolcon.colcon_core.package_identification[0m [1;30mLevel 1[0m _identify(src/trac_ik/trac_ik_kinematics) by extensions ['ros']
[0.229s] [34mcolcon.colcon_core.package_identification[0m [1;30mLevel 1[0m _identify(src/trac_ik/trac_ik_kinematics) by extension 'ros'
[0.230s] [34mcolcon.colcon_core.package_identification[0m [1;30mDEBUG[0m [32mPackage 'src/trac_ik/trac_ik_kinematics' with type 'ros.ament_cmake' and name 'trac_ik_kinematics'[0m
[0.230s] [34mcolcon.colcon_core.package_identification[0m [1;30mLevel 1[0m _identify(src/trac_ik/trac_ik_lib) by extensions ['ignore', 'ignore_ament_install']
[0.230s] [34mcolcon.colcon_core.package_identification[0m [1;30mLevel 1[0m _identify(src/trac_ik/trac_ik_lib) by extension 'ignore'
[0.230s] [34mcolcon.colcon_core.package_identification[0m [1;30mLevel 1[0m _identify(src/trac_ik/trac_ik_lib) by extension 'ignore_ament_install'
[0.230s] [34mcolcon.colcon_core.package_identification[0m [1;30mLevel 1[0m _identify(src/trac_ik/trac_ik_lib) by extensions ['colcon_pkg']
[0.230s] [34mcolcon.colcon_core.package_identification[0m [1;30mLevel 1[0m _identify(src/trac_ik/trac_ik_lib) by extension 'colcon_pkg'
[0.230s] [34mcolcon.colcon_core.package_identification[0m [1;30mLevel 1[0m _identify(src/trac_ik/trac_ik_lib) by extensions ['colcon_meta']
[0.230s] [34mcolcon.colcon_core.package_identification[0m [1;30mLevel 1[0m _identify(src/trac_ik/trac_ik_lib) by extension 'colcon_meta'
[0.230s] [34mcolcon.colcon_core.package_identification[0m [1;30mLevel 1[0m _identify(src/trac_ik/trac_ik_lib) by extensions ['ros']
[0.230s] [34mcolcon.colcon_core.package_identification[0m [1;30mLevel 1[0m _identify(src/trac_ik/trac_ik_lib) by extension 'ros'
[0.231s] [34mcolcon.colcon_core.package_identification[0m [1;30mDEBUG[0m [32mPackage 'src/trac_ik/trac_ik_lib' with type 'ros.ament_cmake' and name 'trac_ik_lib'[0m
[0.231s] [34mcolcon.colcon_core.package_identification[0m [1;30mLevel 1[0m _identify(src/trac_ik/trac_ik_python) by extensions ['ignore', 'ignore_ament_install']
[0.231s] [34mcolcon.colcon_core.package_identification[0m [1;30mLevel 1[0m _identify(src/trac_ik/trac_ik_python) by extension 'ignore'
[0.231s] [34mcolcon.colcon_core.package_identification[0m [1;30mLevel 1[0m _identify(src/trac_ik/trac_ik_python) ignored
[0.231s] [34mcolcon.colcon_core.package_identification[0m [1;30mLevel 1[0m _identify(src/trajectory_predictor) by extensions ['ignore', 'ignore_ament_install']
[0.231s] [34mcolcon.colcon_core.package_identification[0m [1;30mLevel 1[0m _identify(src/trajectory_predictor) by extension 'ignore'
[0.231s] [34mcolcon.colcon_core.package_identification[0m [1;30mLevel 1[0m _identify(src/trajectory_predictor) by extension 'ignore_ament_install'
[0.231s] [34mcolcon.colcon_core.package_identification[0m [1;30mLevel 1[0m _identify(src/trajectory_predictor) by extensions ['colcon_pkg']
[0.231s] [34mcolcon.colcon_core.package_identification[0m [1;30mLevel 1[0m _identify(src/trajectory_predictor) by extension 'colcon_pkg'
[0.231s] [34mcolcon.colcon_core.package_identification[0m [1;30mLevel 1[0m _identify(src/trajectory_predictor) by extensions ['colcon_meta']
[0.231s] [34mcolcon.colcon_core.package_identification[0m [1;30mLevel 1[0m _identify(src/trajectory_predictor) by extension 'colcon_meta'
[0.231s] [34mcolcon.colcon_core.package_identification[0m [1;30mLevel 1[0m _identify(src/trajectory_predictor) by extensions ['ros']
[0.231s] [34mcolcon.colcon_core.package_identification[0m [1;30mLevel 1[0m _identify(src/trajectory_predictor) by extension 'ros'
[0.231s] [34mcolcon.colcon_core.package_identification[0m [1;30mDEBUG[0m [32mPackage 'src/trajectory_predictor' with type 'ros.ament_python' and name 'trajectory_predictor'[0m
[0.231s] [34mcolcon.colcon_core.package_identification[0m [1;30mLevel 1[0m _identify(src/yaskawa-global) by extensions ['ignore', 'ignore_ament_install']
[0.231s] [34mcolcon.colcon_core.package_identification[0m [1;30mLevel 1[0m _identify(src/yaskawa-global) by extension 'ignore'
[0.232s] [34mcolcon.colcon_core.package_identification[0m [1;30mLevel 1[0m _identify(src/yaskawa-global) by extension 'ignore_ament_install'
[0.232s] [34mcolcon.colcon_core.package_identification[0m [1;30mLevel 1[0m _identify(src/yaskawa-global) by extensions ['colcon_pkg']
[0.232s] [34mcolcon.colcon_core.package_identification[0m [1;30mLevel 1[0m _identify(src/yaskawa-global) by extension 'colcon_pkg'
[0.232s] [34mcolcon.colcon_core.package_identification[0m [1;30mLevel 1[0m _identify(src/yaskawa-global) by extensions ['colcon_meta']
[0.232s] [34mcolcon.colcon_core.package_identification[0m [1;30mLevel 1[0m _identify(src/yaskawa-global) by extension 'colcon_meta'
[0.232s] [34mcolcon.colcon_core.package_identification[0m [1;30mLevel 1[0m _identify(src/yaskawa-global) by extensions ['ros']
[0.232s] [34mcolcon.colcon_core.package_identification[0m [1;30mLevel 1[0m _identify(src/yaskawa-global) by extension 'ros'
[0.232s] [34mcolcon.colcon_core.package_identification[0m [1;30mLevel 1[0m _identify(src/yaskawa-global) by extensions ['cmake', 'python']
[0.232s] [34mcolcon.colcon_core.package_identification[0m [1;30mLevel 1[0m _identify(src/yaskawa-global) by extension 'cmake'
[0.232s] [34mcolcon.colcon_core.package_identification[0m [1;30mLevel 1[0m _identify(src/yaskawa-global) by extension 'python'
[0.232s] [34mcolcon.colcon_core.package_identification[0m [1;30mLevel 1[0m _identify(src/yaskawa-global) by extensions ['python_setup_py']
[0.232s] [34mcolcon.colcon_core.package_identification[0m [1;30mLevel 1[0m _identify(src/yaskawa-global) by extension 'python_setup_py'
[0.232s] [34mcolcon.colcon_core.package_identification[0m [1;30mLevel 1[0m _identify(src/yaskawa-global/motoros2_interfaces) by extensions ['ignore', 'ignore_ament_install']
[0.232s] [34mcolcon.colcon_core.package_identification[0m [1;30mLevel 1[0m _identify(src/yaskawa-global/motoros2_interfaces) by extension 'ignore'
[0.232s] [34mcolcon.colcon_core.package_identification[0m [1;30mLevel 1[0m _identify(src/yaskawa-global/motoros2_interfaces) by extension 'ignore_ament_install'
[0.232s] [34mcolcon.colcon_core.package_identification[0m [1;30mLevel 1[0m _identify(src/yaskawa-global/motoros2_interfaces) by extensions ['colcon_pkg']
[0.232s] [34mcolcon.colcon_core.package_identification[0m [1;30mLevel 1[0m _identify(src/yaskawa-global/motoros2_interfaces) by extension 'colcon_pkg'
[0.232s] [34mcolcon.colcon_core.package_identification[0m [1;30mLevel 1[0m _identify(src/yaskawa-global/motoros2_interfaces) by extensions ['colcon_meta']
[0.232s] [34mcolcon.colcon_core.package_identification[0m [1;30mLevel 1[0m _identify(src/yaskawa-global/motoros2_interfaces) by extension 'colcon_meta'
[0.232s] [34mcolcon.colcon_core.package_identification[0m [1;30mLevel 1[0m _identify(src/yaskawa-global/motoros2_interfaces) by extensions ['ros']
[0.232s] [34mcolcon.colcon_core.package_identification[0m [1;30mLevel 1[0m _identify(src/yaskawa-global/motoros2_interfaces) by extension 'ros'
[0.232s] [34mcolcon.colcon_core.package_identification[0m [1;30mDEBUG[0m [32mPackage 'src/yaskawa-global/motoros2_interfaces' with type 'ros.ament_cmake' and name 'motoros2_interfaces'[0m
[0.232s] [34mcolcon.colcon_core.package_discovery[0m [1;30mLevel 1[0m discover_packages(recursive) using defaults
[0.232s] [34mcolcon.colcon_core.package_discovery[0m [1;30mLevel 1[0m discover_packages(ignore) discover
[0.232s] [34mcolcon.colcon_core.package_discovery[0m [1;30mLevel 1[0m discover_packages(ignore) using defaults
[0.232s] [34mcolcon.colcon_core.package_discovery[0m [1;30mLevel 1[0m discover_packages(path) discover
[0.233s] [34mcolcon.colcon_core.package_discovery[0m [1;30mLevel 1[0m discover_packages(path) using defaults
[0.245s] [34mcolcon.colcon_core.package_selection[0m [1;30mINFO[0m Skipping not selected package 'human_hand_msgs' in 'src/human_hand_msgs'
[0.245s] [34mcolcon.colcon_core.package_selection[0m [1;30mINFO[0m Skipping not selected package 'industrial_msgs' in 'src/ros-industrial/industrial_core_ros2_msgs_only/industrial_msgs'
[0.245s] [34mcolcon.colcon_core.package_selection[0m [1;30mINFO[0m Skipping not selected package 'kinect2_registration' in 'src/kinect2_ros2/kinect2_registration'
[0.245s] [34mcolcon.colcon_core.package_selection[0m [1;30mINFO[0m Skipping not selected package 'libfreenect2' in 'libfreenect2'
[0.245s] [34mcolcon.colcon_core.package_selection[0m [1;30mINFO[0m Skipping not selected package 'motoman_resources' in 'src/motoman_ros2_support_packages/motoman_resources'
[0.245s] [34mcolcon.colcon_core.package_selection[0m [1;30mINFO[0m Skipping not selected package 'motoros2_interfaces' in 'src/yaskawa-global/motoros2_interfaces'
[0.245s] [34mcolcon.colcon_core.package_selection[0m [1;30mINFO[0m Skipping not selected package 'trac_ik_lib' in 'src/trac_ik/trac_ik_lib'
[0.245s] [34mcolcon.colcon_core.package_selection[0m [1;30mINFO[0m Skipping not selected package 'kinect2_bridge' in 'src/kinect2_ros2/kinect2_bridge'
[0.245s] [34mcolcon.colcon_core.package_selection[0m [1;30mINFO[0m Skipping not selected package 'motoman_gp4_support' in 'src/motoman_ros2_support_packages/motoman_gp4_support'
[0.245s] [34mcolcon.colcon_core.package_selection[0m [1;30mINFO[0m Skipping not selected package 'motoman_hc10dtp_support' in 'src/motoman_ros2_support_packages/motoman_hc10dtp_support'
[0.245s] [34mcolcon.colcon_core.package_selection[0m [1;30mINFO[0m Skipping not selected package 'motoros2_client_interface_dependencies' in 'src/motoros2_client_interface_dependencies'
[0.245s] [34mcolcon.colcon_core.package_selection[0m [1;30mINFO[0m Skipping not selected package 'realsense_tracker' in 'src/realsense_tracker'
[0.245s] [34mcolcon.colcon_core.package_selection[0m [1;30mINFO[0m Skipping not selected package 'trac_ik_kinematics' in 'src/trac_ik/trac_ik_kinematics'
[0.245s] [34mcolcon.colcon_core.package_selection[0m [1;30mINFO[0m Skipping not selected package 'hc10dtp_moveit_config' in 'src/hc10dtp_moveit_config'
[0.245s] [34mcolcon.colcon_core.package_selection[0m [1;30mINFO[0m Skipping not selected package 'kinect2_calibration' in 'src/kinect2_ros2/kinect2_calibration'
[0.245s] [34mcolcon.colcon_core.package_selection[0m [1;30mINFO[0m Skipping not selected package 'trac_ik' in 'src/trac_ik/trac_ik'
[0.245s] [34mcolcon.colcon_core.package_selection[0m [1;30mINFO[0m Skipping not selected package 'hc10dtp_bringup' in 'src/hc10dtp_bringup'
[0.245s] [34mcolcon.colcon_core.package_selection[0m [1;30mINFO[0m Skipping not selected package 'hc10dtp_simulation' in 'src/hc10dtp_simulation'
[0.246s] [34mcolcon.colcon_core.package_discovery[0m [1;30mLevel 1[0m discover_packages(prefix_path) check parameters
[0.246s] [34mcolcon.colcon_core.package_discovery[0m [1;30mLevel 1[0m discover_packages(prefix_path) discover
[0.246s] [34mcolcon.colcon_core.package_discovery[0m [1;30mLevel 1[0m discover_packages(prefix_path) using defaults
[0.247s] [34mcolcon.colcon_core.verb[0m [1;30mLevel 5[0m set package 'coord_transform' build argument 'cmake_args' from command line to 'None'
[0.247s] [34mcolcon.colcon_core.verb[0m [1;30mLevel 5[0m set package 'coord_transform' build argument 'cmake_target' from command line to 'None'
[0.247s] [34mcolcon.colcon_core.verb[0m [1;30mLevel 5[0m set package 'coord_transform' build argument 'cmake_target_skip_unavailable' from command line to 'False'
[0.247s] [34mcolcon.colcon_core.verb[0m [1;30mLevel 5[0m set package 'coord_transform' build argument 'cmake_clean_cache' from command line to 'False'
[0.247s] [34mcolcon.colcon_core.verb[0m [1;30mLevel 5[0m set package 'coord_transform' build argument 'cmake_clean_first' from command line to 'False'
[0.247s] [34mcolcon.colcon_core.verb[0m [1;30mLevel 5[0m set package 'coord_transform' build argument 'cmake_force_configure' from command line to 'False'
[0.247s] [34mcolcon.colcon_core.verb[0m [1;30mLevel 5[0m set package 'coord_transform' build argument 'ament_cmake_args' from command line to 'None'
[0.247s] [34mcolcon.colcon_core.verb[0m [1;30mLevel 5[0m set package 'coord_transform' build argument 'catkin_cmake_args' from command line to 'None'
[0.247s] [34mcolcon.colcon_core.verb[0m [1;30mLevel 5[0m set package 'coord_transform' build argument 'catkin_skip_building_tests' from command line to 'False'
[0.247s] [34mcolcon.colcon_core.verb[0m [1;30mDEBUG[0m [32mBuilding package 'coord_transform' with the following arguments: {'ament_cmake_args': None, 'build_base': '/home/duy/cocarry_ws/build/coord_transform', 'catkin_cmake_args': None, 'catkin_skip_building_tests': False, 'cmake_args': None, 'cmake_clean_cache': False, 'cmake_clean_first': False, 'cmake_force_configure': False, 'cmake_target': None, 'cmake_target_skip_unavailable': False, 'install_base': '/home/duy/cocarry_ws/install/coord_transform', 'merge_install': False, 'path': '/home/duy/cocarry_ws/src/coord_transform', 'symlink_install': True, 'test_result_base': None}[0m
[0.247s] [34mcolcon.colcon_core.verb[0m [1;30mLevel 5[0m set package 'experiment_logger' build argument 'cmake_args' from command line to 'None'
[0.247s] [34mcolcon.colcon_core.verb[0m [1;30mLevel 5[0m set package 'experiment_logger' build argument 'cmake_target' from command line to 'None'
[0.247s] [34mcolcon.colcon_core.verb[0m [1;30mLevel 5[0m set package 'experiment_logger' build argument 'cmake_target_skip_unavailable' from command line to 'False'
[0.247s] [34mcolcon.colcon_core.verb[0m [1;30mLevel 5[0m set package 'experiment_logger' build argument 'cmake_clean_cache' from command line to 'False'
[0.247s] [34mcolcon.colcon_core.verb[0m [1;30mLevel 5[0m set package 'experiment_logger' build argument 'cmake_clean_first' from command line to 'False'
[0.247s] [34mcolcon.colcon_core.verb[0m [1;30mLevel 5[0m set package 'experiment_logger' build argument 'cmake_force_configure' from command line to 'False'
[0.247s] [34mcolcon.colcon_core.verb[0m [1;30mLevel 5[0m set package 'experiment_logger' build argument 'ament_cmake_args' from command line to 'None'
[0.247s] [34mcolcon.colcon_core.verb[0m [1;30mLevel 5[0m set package 'experiment_logger' build argument 'catkin_cmake_args' from command line to 'None'
[0.247s] [34mcolcon.colcon_core.verb[0m [1;30mLevel 5[0m set package 'experiment_logger' build argument 'catkin_skip_building_tests' from command line to 'False'
[0.247s] [34mcolcon.colcon_core.verb[0m [1;30mDEBUG[0m [32mBuilding package 'experiment_logger' with the following arguments: {'ament_cmake_args': None, 'build_base': '/home/duy/cocarry_ws/build/experiment_logger', 'catkin_cmake_args': None, 'catkin_skip_building_tests': False, 'cmake_args': None, 'cmake_clean_cache': False, 'cmake_clean_first': False, 'cmake_force_configure': False, 'cmake_target': None, 'cmake_target_skip_unavailable': False, 'install_base': '/home/duy/cocarry_ws/install/experiment_logger', 'merge_install': False, 'path': '/home/duy/cocarry_ws/src/experiment_logger', 'symlink_install': True, 'test_result_base': None}[0m
[0.248s] [34mcolcon.colcon_core.verb[0m [1;30mLevel 5[0m set package 'predictor_ui' build argument 'cmake_args' from command line to 'None'
[0.248s] [34mcolcon.colcon_core.verb[0m [1;30mLevel 5[0m set package 'predictor_ui' build argument 'cmake_target' from command line to 'None'
[0.248s] [34mcolcon.colcon_core.verb[0m [1;30mLevel 5[0m set package 'predictor_ui' build argument 'cmake_target_skip_unavailable' from command line to 'False'
[0.248s] [34mcolcon.colcon_core.verb[0m [1;30mLevel 5[0m set package 'predictor_ui' build argument 'cmake_clean_cache' from command line to 'False'
[0.248s] [34mcolcon.colcon_core.verb[0m [1;30mLevel 5[0m set package 'predictor_ui' build argument 'cmake_clean_first' from command line to 'False'
[0.248s] [34mcolcon.colcon_core.verb[0m [1;30mLevel 5[0m set package 'predictor_ui' build argument 'cmake_force_configure' from command line to 'False'
[0.248s] [34mcolcon.colcon_core.verb[0m [1;30mLevel 5[0m set package 'predictor_ui' build argument 'ament_cmake_args' from command line to 'None'
[0.248s] [34mcolcon.colcon_core.verb[0m [1;30mLevel 5[0m set package 'predictor_ui' build argument 'catkin_cmake_args' from command line to 'None'
[0.248s] [34mcolcon.colcon_core.verb[0m [1;30mLevel 5[0m set package 'predictor_ui' build argument 'catkin_skip_building_tests' from command line to 'False'
[0.248s] [34mcolcon.colcon_core.verb[0m [1;30mDEBUG[0m [32mBuilding package 'predictor_ui' with the following arguments: {'ament_cmake_args': None, 'build_base': '/home/duy/cocarry_ws/build/predictor_ui', 'catkin_cmake_args': None, 'catkin_skip_building_tests': False, 'cmake_args': None, 'cmake_clean_cache': False, 'cmake_clean_first': False, 'cmake_force_configure': False, 'cmake_target': None, 'cmake_target_skip_unavailable': False, 'install_base': '/home/duy/cocarry_ws/install/predictor_ui', 'merge_install': False, 'path': '/home/duy/cocarry_ws/src/predictor_ui', 'symlink_install': True, 'test_result_base': None}[0m
[0.248s] [34mcolcon.colcon_core.verb[0m [1;30mLevel 5[0m set package 'trajectory_predictor' build argument 'cmake_args' from command line to 'None'
[0.248s] [34mcolcon.colcon_core.verb[0m [1;30mLevel 5[0m set package 'trajectory_predictor' build argument 'cmake_target' from command line to 'None'
[0.248s] [34mcolcon.colcon_core.verb[0m [1;30mLevel 5[0m set package 'trajectory_predictor' build argument 'cmake_target_skip_unavailable' from command line to 'False'
[0.248s] [34mcolcon.colcon_core.verb[0m [1;30mLevel 5[0m set package 'trajectory_predictor' build argument 'cmake_clean_cache' from command line to 'False'
[0.248s] [34mcolcon.colcon_core.verb[0m [1;30mLevel 5[0m set package 'trajectory_predictor' build argument 'cmake_clean_first' from command line to 'False'
[0.248s] [34mcolcon.colcon_core.verb[0m [1;30mLevel 5[0m set package 'trajectory_predictor' build argument 'cmake_force_configure' from command line to 'False'
[0.248s] [34mcolcon.colcon_core.verb[0m [1;30mLevel 5[0m set package 'trajectory_predictor' build argument 'ament_cmake_args' from command line to 'None'
[0.248s] [34mcolcon.colcon_core.verb[0m [1;30mLevel 5[0m set package 'trajectory_predictor' build argument 'catkin_cmake_args' from command line to 'None'
[0.248s] [34mcolcon.colcon_core.verb[0m [1;30mLevel 5[0m set package 'trajectory_predictor' build argument 'catkin_skip_building_tests' from command line to 'False'
[0.248s] [34mcolcon.colcon_core.verb[0m [1;30mDEBUG[0m [32mBuilding package 'trajectory_predictor' with the following arguments: {'ament_cmake_args': None, 'build_base': '/home/duy/cocarry_ws/build/trajectory_predictor', 'catkin_cmake_args': None, 'catkin_skip_building_tests': False, 'cmake_args': None, 'cmake_clean_cache': False, 'cmake_clean_first': False, 'cmake_force_configure': False, 'cmake_target': None, 'cmake_target_skip_unavailable': False, 'install_base': '/home/duy/cocarry_ws/install/trajectory_predictor', 'merge_install': False, 'path': '/home/duy/cocarry_ws/src/trajectory_predictor', 'symlink_install': True, 'test_result_base': None}[0m
[0.248s] [34mcolcon.colcon_core.verb[0m [1;30mLevel 5[0m set package 'hrc_bringup' build argument 'cmake_args' from command line to 'None'
[0.248s] [34mcolcon.colcon_core.verb[0m [1;30mLevel 5[0m set package 'hrc_bringup' build argument 'cmake_target' from command line to 'None'
[0.248s] [34mcolcon.colcon_core.verb[0m [1;30mLevel 5[0m set package 'hrc_bringup' build argument 'cmake_target_skip_unavailable' from command line to 'False'
[0.248s] [34mcolcon.colcon_core.verb[0m [1;30mLevel 5[0m set package 'hrc_bringup' build argument 'cmake_clean_cache' from command line to 'False'
[0.248s] [34mcolcon.colcon_core.verb[0m [1;30mLevel 5[0m set package 'hrc_bringup' build argument 'cmake_clean_first' from command line to 'False'
[0.248s] [34mcolcon.colcon_core.verb[0m [1;30mLevel 5[0m set package 'hrc_bringup' build argument 'cmake_force_configure' from command line to 'False'
[0.248s] [34mcolcon.colcon_core.verb[0m [1;30mLevel 5[0m set package 'hrc_bringup' build argument 'ament_cmake_args' from command line to 'None'
[0.248s] [34mcolcon.colcon_core.verb[0m [1;30mLevel 5[0m set package 'hrc_bringup' build argument 'catkin_cmake_args' from command line to 'None'
[0.248s] [34mcolcon.colcon_core.verb[0m [1;30mLevel 5[0m set package 'hrc_bringup' build argument 'catkin_skip_building_tests' from command line to 'False'
[0.249s] [34mcolcon.colcon_core.verb[0m [1;30mDEBUG[0m [32mBuilding package 'hrc_bringup' with the following arguments: {'ament_cmake_args': None, 'build_base': '/home/duy/cocarry_ws/build/hrc_bringup', 'catkin_cmake_args': None, 'catkin_skip_building_tests': False, 'cmake_args': None, 'cmake_clean_cache': False, 'cmake_clean_first': False, 'cmake_force_configure': False, 'cmake_target': None, 'cmake_target_skip_unavailable': False, 'install_base': '/home/duy/cocarry_ws/install/hrc_bringup', 'merge_install': False, 'path': '/home/duy/cocarry_ws/src/hrc_bringup', 'symlink_install': True, 'test_result_base': None}[0m
[0.249s] [34mcolcon.colcon_core.executor[0m [1;30mINFO[0m Executing jobs using 'parallel' executor
[0.249s] [34mcolcon.colcon_parallel_executor.executor.parallel[0m [1;30mDEBUG[0m [32mrun_until_complete[0m
[0.250s] [34mcolcon.colcon_ros.task.ament_python.build[0m [1;30mINFO[0m Building ROS package in '/home/duy/cocarry_ws/src/coord_transform' with build type 'ament_python'
[0.250s] [34mcolcon.colcon_core.shell[0m [1;30mLevel 1[0m create_environment_hook('coord_transform', 'ament_prefix_path')
[0.252s] [34mcolcon.colcon_core.plugin_system[0m [1;30mINFO[0m Skipping extension 'colcon_core.shell.bat': Not used on non-Windows systems
[0.252s] [34mcolcon.colcon_core.shell[0m [1;30mINFO[0m Creating environment hook '/home/duy/cocarry_ws/install/coord_transform/share/coord_transform/hook/ament_prefix_path.ps1'
[0.253s] [34mcolcon.colcon_core.shell[0m [1;30mINFO[0m Creating environment descriptor '/home/duy/cocarry_ws/install/coord_transform/share/coord_transform/hook/ament_prefix_path.dsv'
[0.253s] [34mcolcon.colcon_core.shell[0m [1;30mINFO[0m Creating environment hook '/home/duy/cocarry_ws/install/coord_transform/share/coord_transform/hook/ament_prefix_path.sh'
[0.254s] [34mcolcon.colcon_core.shell[0m [1;30mINFO[0m Skip shell extension 'powershell' for command environment: Not usable outside of PowerShell
[0.254s] [34mcolcon.colcon_core.shell[0m [1;30mDEBUG[0m [32mSkip shell extension 'dsv' for command environment[0m
[0.255s] [34mcolcon.colcon_ros.task.ament_python.build[0m [1;30mINFO[0m Building ROS package in '/home/duy/cocarry_ws/src/experiment_logger' with build type 'ament_python'
[0.255s] [34mcolcon.colcon_core.shell[0m [1;30mLevel 1[0m create_environment_hook('experiment_logger', 'ament_prefix_path')
[0.255s] [34mcolcon.colcon_core.shell[0m [1;30mINFO[0m Creating environment hook '/home/duy/cocarry_ws/install/experiment_logger/share/experiment_logger/hook/ament_prefix_path.ps1'
[0.255s] [34mcolcon.colcon_core.shell[0m [1;30mINFO[0m Creating environment descriptor '/home/duy/cocarry_ws/install/experiment_logger/share/experiment_logger/hook/ament_prefix_path.dsv'
[0.256s] [34mcolcon.colcon_core.shell[0m [1;30mINFO[0m Creating environment hook '/home/duy/cocarry_ws/install/experiment_logger/share/experiment_logger/hook/ament_prefix_path.sh'
[0.256s] [34mcolcon.colcon_core.shell[0m [1;30mINFO[0m Skip shell extension 'powershell' for command environment: Not usable outside of PowerShell
[0.256s] [34mcolcon.colcon_core.shell[0m [1;30mDEBUG[0m [32mSkip shell extension 'dsv' for command environment[0m
[0.257s] [34mcolcon.colcon_ros.task.ament_python.build[0m [1;30mINFO[0m Building ROS package in '/home/duy/cocarry_ws/src/predictor_ui' with build type 'ament_python'
[0.257s] [34mcolcon.colcon_core.shell[0m [1;30mLevel 1[0m create_environment_hook('predictor_ui', 'ament_prefix_path')
[0.257s] [34mcolcon.colcon_core.shell[0m [1;30mINFO[0m Creating environment hook '/home/duy/cocarry_ws/install/predictor_ui/share/predictor_ui/hook/ament_prefix_path.ps1'
[0.257s] [34mcolcon.colcon_core.shell[0m [1;30mINFO[0m Creating environment descriptor '/home/duy/cocarry_ws/install/predictor_ui/share/predictor_ui/hook/ament_prefix_path.dsv'
[0.257s] [34mcolcon.colcon_core.shell[0m [1;30mINFO[0m Creating environment hook '/home/duy/cocarry_ws/install/predictor_ui/share/predictor_ui/hook/ament_prefix_path.sh'
[0.258s] [34mcolcon.colcon_core.shell[0m [1;30mINFO[0m Skip shell extension 'powershell' for command environment: Not usable outside of PowerShell
[0.258s] [34mcolcon.colcon_core.shell[0m [1;30mDEBUG[0m [32mSkip shell extension 'dsv' for command environment[0m
[0.258s] [34mcolcon.colcon_ros.task.ament_python.build[0m [1;30mINFO[0m Building ROS package in '/home/duy/cocarry_ws/src/trajectory_predictor' with build type 'ament_python'
[0.258s] [34mcolcon.colcon_core.shell[0m [1;30mLevel 1[0m create_environment_hook('trajectory_predictor', 'ament_prefix_path')
[0.258s] [34mcolcon.colcon_core.shell[0m [1;30mINFO[0m Creating environment hook '/home/duy/cocarry_ws/install/trajectory_predictor/share/trajectory_predictor/hook/ament_prefix_path.ps1'
[0.259s] [34mcolcon.colcon_core.shell[0m [1;30mINFO[0m Creating environment descriptor '/home/duy/cocarry_ws/install/trajectory_predictor/share/trajectory_predictor/hook/ament_prefix_path.dsv'
[0.259s] [34mcolcon.colcon_core.shell[0m [1;30mINFO[0m Creating environment hook '/home/duy/cocarry_ws/install/trajectory_predictor/share/trajectory_predictor/hook/ament_prefix_path.sh'
[0.259s] [34mcolcon.colcon_core.shell[0m [1;30mINFO[0m Skip shell extension 'powershell' for command environment: Not usable outside of PowerShell
[0.259s] [34mcolcon.colcon_core.shell[0m [1;30mDEBUG[0m [32mSkip shell extension 'dsv' for command environment[0m
[0.428s] [34mcolcon.colcon_core.task.python.build[0m [1;30mINFO[0m Building Python package in '/home/duy/cocarry_ws/src/coord_transform'
[0.428s] [34mcolcon.colcon_core.shell[0m [1;30mINFO[0m Skip shell extension 'powershell' for command environment: Not usable outside of PowerShell
[0.428s] [34mcolcon.colcon_core.shell[0m [1;30mDEBUG[0m [32mSkip shell extension 'dsv' for command environment[0m
[0.602s] [34mcolcon.colcon_core.task.python.build[0m [1;30mINFO[0m Building Python package in '/home/duy/cocarry_ws/src/experiment_logger'
[0.602s] [34mcolcon.colcon_core.shell[0m [1;30mINFO[0m Skip shell extension 'powershell' for command environment: Not usable outside of PowerShell
[0.602s] [34mcolcon.colcon_core.shell[0m [1;30mDEBUG[0m [32mSkip shell extension 'dsv' for command environment[0m
[0.776s] [34mcolcon.colcon_core.task.python.build[0m [1;30mINFO[0m Building Python package in '/home/duy/cocarry_ws/src/predictor_ui'
[0.777s] [34mcolcon.colcon_core.shell[0m [1;30mINFO[0m Skip shell extension 'powershell' for command environment: Not usable outside of PowerShell
[0.777s] [34mcolcon.colcon_core.shell[0m [1;30mDEBUG[0m [32mSkip shell extension 'dsv' for command environment[0m
[0.957s] [34mcolcon.colcon_core.task.python.build[0m [1;30mINFO[0m Building Python package in '/home/duy/cocarry_ws/src/trajectory_predictor'
[0.957s] [34mcolcon.colcon_core.shell[0m [1;30mINFO[0m Skip shell extension 'powershell' for command environment: Not usable outside of PowerShell
[0.957s] [34mcolcon.colcon_core.shell[0m [1;30mDEBUG[0m [32mSkip shell extension 'dsv' for command environment[0m
[1.260s] [34mcolcon.colcon_core.task.python.build[0m [1;30mDEBUG[0m [32mWhile undoing a previous installation files outside the Python library path are being ignored: /home/duy/cocarry_ws/install/trajectory_predictor/share/ament_index/resource_index/packages/trajectory_predictor[0m
[1.260s] [34mcolcon.colcon_core.task.python.build[0m [1;30mDEBUG[0m [32mWhile undoing a previous installation files outside the Python library path are being ignored: /home/duy/cocarry_ws/install/trajectory_predictor/share/trajectory_predictor/package.xml[0m
[1.260s] [34mcolcon.colcon_core.task.python.build[0m [1;30mDEBUG[0m [32mWhile undoing a previous installation files outside the Python library path are being ignored: /home/duy/cocarry_ws/install/trajectory_predictor/share/trajectory_predictor/config/predictor_params.yaml[0m
[1.261s] [34mcolcon.colcon_core.task.python.build[0m [1;30mDEBUG[0m [32mWhile undoing a previous installation files outside the Python library path are being ignored: /home/duy/cocarry_ws/install/trajectory_predictor/lib/trajectory_predictor/predictor_node[0m
[1.263s] [34mcolcon.colcon_core.event_handler.log_command[0m [1;30mDEBUG[0m [32mInvoking command in '/home/duy/cocarry_ws/build/trajectory_predictor': CMAKE_PREFIX_PATH=/home/duy/cocarry_ws/install/human_hand_msgs LD_LIBRARY_PATH=/home/duy/cocarry_ws/install/human_hand_msgs/lib PKG_CONFIG_PATH=/home/duy/cocarry_ws/install/human_hand_msgs/lib/x86_64-linux-gnu/pkgconfig:/home/duy/cocarry_ws/install/human_hand_msgs/lib/pkgconfig PYTHONPATH=/home/duy/cocarry_ws/build/trajectory_predictor/prefix_override:/usr/lib/python3/dist-packages/colcon_core/task/python/colcon_distutils_commands:/home/duy/cocarry_ws/install/trajectory_predictor/lib/python3.10/site-packages:/home/duy/cocarry_ws/install/human_hand_msgs/local/lib/python3.10/dist-packages ROS_PACKAGE_PATH=/home/duy/cocarry_ws/install/human_hand_msgs/share /usr/bin/python3 -W ignore:setup.py install is deprecated -W ignore:easy_install command is deprecated setup.py develop --editable --build-directory /home/duy/cocarry_ws/build/trajectory_predictor/build --no-deps symlink_data --force[0m
[1.266s] [34mcolcon.colcon_core.task.python.build[0m [1;30mDEBUG[0m [32mWhile undoing a previous installation files outside the Python library path are being ignored: /home/duy/cocarry_ws/install/coord_transform/share/ament_index/resource_index/packages/coord_transform[0m
[1.266s] [34mcolcon.colcon_core.task.python.build[0m [1;30mDEBUG[0m [32mWhile undoing a previous installation files outside the Python library path are being ignored: /home/duy/cocarry_ws/install/coord_transform/share/coord_transform/package.xml[0m
[1.266s] [34mcolcon.colcon_core.task.python.build[0m [1;30mDEBUG[0m [32mWhile undoing a previous installation files outside the Python library path are being ignored: /home/duy/cocarry_ws/install/coord_transform/share/coord_transform/config/transform_params.yaml[0m
[1.266s] [34mcolcon.colcon_core.task.python.build[0m [1;30mDEBUG[0m [32mWhile undoing a previous installation files outside the Python library path are being ignored: /home/duy/cocarry_ws/install/coord_transform/share/coord_transform/scripts/calibrate_camera_to_robot.py[0m
[1.266s] [34mcolcon.colcon_core.task.python.build[0m [1;30mDEBUG[0m [32mWhile undoing a previous installation files outside the Python library path are being ignored: /home/duy/cocarry_ws/install/coord_transform/lib/coord_transform/transform_node[0m
[1.268s] [34mcolcon.colcon_core.event_handler.log_command[0m [1;30mDEBUG[0m [32mInvoking command in '/home/duy/cocarry_ws/build/coord_transform': CMAKE_PREFIX_PATH=/home/duy/cocarry_ws/install/human_hand_msgs LD_LIBRARY_PATH=/home/duy/cocarry_ws/install/human_hand_msgs/lib PKG_CONFIG_PATH=/home/duy/cocarry_ws/install/human_hand_msgs/lib/x86_64-linux-gnu/pkgconfig:/home/duy/cocarry_ws/install/human_hand_msgs/lib/pkgconfig PYTHONPATH=/home/duy/cocarry_ws/build/coord_transform/prefix_override:/usr/lib/python3/dist-packages/colcon_core/task/python/colcon_distutils_commands:/home/duy/cocarry_ws/install/coord_transform/lib/python3.10/site-packages:/home/duy/cocarry_ws/install/human_hand_msgs/local/lib/python3.10/dist-packages ROS_PACKAGE_PATH=/home/duy/cocarry_ws/install/human_hand_msgs/share /usr/bin/python3 -W ignore:setup.py install is deprecated -W ignore:easy_install command is deprecated setup.py develop --editable --build-directory /home/duy/cocarry_ws/build/coord_transform/build --no-deps symlink_data --force[0m
[1.269s] [34mcolcon.colcon_core.task.python.build[0m [1;30mDEBUG[0m [32mWhile undoing a previous installation files outside the Python library path are being ignored: /home/duy/cocarry_ws/install/experiment_logger/share/ament_index/resource_index/packages/experiment_logger[0m
[1.269s] [34mcolcon.colcon_core.task.python.build[0m [1;30mDEBUG[0m [32mWhile undoing a previous installation files outside the Python library path are being ignored: /home/duy/cocarry_ws/install/experiment_logger/share/experiment_logger/package.xml[0m
[1.269s] [34mcolcon.colcon_core.task.python.build[0m [1;30mDEBUG[0m [32mWhile undoing a previous installation files outside the Python library path are being ignored: /home/duy/cocarry_ws/install/experiment_logger/lib/experiment_logger/analyze_latency[0m
[1.269s] [34mcolcon.colcon_core.task.python.build[0m [1;30mDEBUG[0m [32mWhile undoing a previous installation files outside the Python library path are being ignored: /home/duy/cocarry_ws/install/experiment_logger/lib/experiment_logger/logger_node[0m
[1.272s] [34mcolcon.colcon_core.event_handler.log_command[0m [1;30mDEBUG[0m [32mInvoking command in '/home/duy/cocarry_ws/build/experiment_logger': CMAKE_PREFIX_PATH=/home/duy/cocarry_ws/install/human_hand_msgs LD_LIBRARY_PATH=/home/duy/cocarry_ws/install/human_hand_msgs/lib PKG_CONFIG_PATH=/home/duy/cocarry_ws/install/human_hand_msgs/lib/x86_64-linux-gnu/pkgconfig:/home/duy/cocarry_ws/install/human_hand_msgs/lib/pkgconfig PYTHONPATH=/home/duy/cocarry_ws/build/experiment_logger/prefix_override:/usr/lib/python3/dist-packages/colcon_core/task/python/colcon_distutils_commands:/home/duy/cocarry_ws/install/experiment_logger/lib/python3.10/site-packages:/home/duy/cocarry_ws/install/human_hand_msgs/local/lib/python3.10/dist-packages ROS_PACKAGE_PATH=/home/duy/cocarry_ws/install/human_hand_msgs/share /usr/bin/python3 -W ignore:setup.py install is deprecated -W ignore:easy_install command is deprecated setup.py develop --editable --build-directory /home/duy/cocarry_ws/build/experiment_logger/build --no-deps symlink_data --force[0m
[1.287s] [34mcolcon.colcon_core.task.python.build[0m [1;30mDEBUG[0m [32mWhile undoing a previous installation files outside the Python library path are being ignored: /home/duy/cocarry_ws/install/predictor_ui/share/ament_index/resource_index/packages/predictor_ui[0m
[1.287s] [34mcolcon.colcon_core.task.python.build[0m [1;30mDEBUG[0m [32mWhile undoing a previous installation files outside the Python library path are being ignored: /home/duy/cocarry_ws/install/predictor_ui/share/predictor_ui/package.xml[0m
[1.287s] [34mcolcon.colcon_core.task.python.build[0m [1;30mDEBUG[0m [32mWhile undoing a previous installation files outside the Python library path are being ignored: /home/duy/cocarry_ws/install/predictor_ui/lib/predictor_ui/ui_node[0m
[1.291s] [34mcolcon.colcon_core.event_handler.log_command[0m [1;30mDEBUG[0m [32mInvoking command in '/home/duy/cocarry_ws/build/predictor_ui': CMAKE_PREFIX_PATH=/home/duy/cocarry_ws/install/human_hand_msgs LD_LIBRARY_PATH=/home/duy/cocarry_ws/install/human_hand_msgs/lib PKG_CONFIG_PATH=/home/duy/cocarry_ws/install/human_hand_msgs/lib/x86_64-linux-gnu/pkgconfig:/home/duy/cocarry_ws/install/human_hand_msgs/lib/pkgconfig PYTHONPATH=/home/duy/cocarry_ws/build/predictor_ui/prefix_override:/usr/lib/python3/dist-packages/colcon_core/task/python/colcon_distutils_commands:/home/duy/cocarry_ws/install/predictor_ui/lib/python3.10/site-packages:/home/duy/cocarry_ws/install/human_hand_msgs/local/lib/python3.10/dist-packages ROS_PACKAGE_PATH=/home/duy/cocarry_ws/install/human_hand_msgs/share /usr/bin/python3 -W ignore:setup.py install is deprecated -W ignore:easy_install command is deprecated setup.py develop --editable --build-directory /home/duy/cocarry_ws/build/predictor_ui/build --no-deps symlink_data --force[0m
[1.592s] [34mcolcon.colcon_core.shell[0m [1;30mLevel 1[0m create_environment_hook('trajectory_predictor', 'pythonpath_develop')
[1.592s] [34mcolcon.colcon_core.shell[0m [1;30mINFO[0m Creating environment hook '/home/duy/cocarry_ws/build/trajectory_predictor/share/trajectory_predictor/hook/pythonpath_develop.ps1'
[1.592s] [34mcolcon.colcon_core.event_handler.log_command[0m [1;30mDEBUG[0m [32mInvoked command in '/home/duy/cocarry_ws/build/trajectory_predictor' returned '0': CMAKE_PREFIX_PATH=/home/duy/cocarry_ws/install/human_hand_msgs LD_LIBRARY_PATH=/home/duy/cocarry_ws/install/human_hand_msgs/lib PKG_CONFIG_PATH=/home/duy/cocarry_ws/install/human_hand_msgs/lib/x86_64-linux-gnu/pkgconfig:/home/duy/cocarry_ws/install/human_hand_msgs/lib/pkgconfig PYTHONPATH=/home/duy/cocarry_ws/build/trajectory_predictor/prefix_override:/usr/lib/python3/dist-packages/colcon_core/task/python/colcon_distutils_commands:/home/duy/cocarry_ws/install/trajectory_predictor/lib/python3.10/site-packages:/home/duy/cocarry_ws/install/human_hand_msgs/local/lib/python3.10/dist-packages ROS_PACKAGE_PATH=/home/duy/cocarry_ws/install/human_hand_msgs/share /usr/bin/python3 -W ignore:setup.py install is deprecated -W ignore:easy_install command is deprecated setup.py develop --editable --build-directory /home/duy/cocarry_ws/build/trajectory_predictor/build --no-deps symlink_data --force[0m
[1.594s] [34mcolcon.colcon_core.shell[0m [1;30mINFO[0m Creating environment descriptor '/home/duy/cocarry_ws/build/trajectory_predictor/share/trajectory_predictor/hook/pythonpath_develop.dsv'
[1.595s] [34mcolcon.colcon_core.shell[0m [1;30mINFO[0m Creating environment hook '/home/duy/cocarry_ws/build/trajectory_predictor/share/trajectory_predictor/hook/pythonpath_develop.sh'
[1.600s] [34mcolcon.colcon_core.environment[0m [1;30mLevel 1[0m checking '/home/duy/cocarry_ws/install/trajectory_predictor' for CMake module files
[1.601s] [34mcolcon.colcon_core.environment[0m [1;30mLevel 1[0m checking '/home/duy/cocarry_ws/install/trajectory_predictor' for CMake config files
[1.602s] [34mcolcon.colcon_core.environment[0m [1;30mLevel 1[0m checking '/home/duy/cocarry_ws/install/trajectory_predictor/lib'
[1.603s] [34mcolcon.colcon_core.environment[0m [1;30mLevel 1[0m checking '/home/duy/cocarry_ws/install/trajectory_predictor/bin'
[1.603s] [34mcolcon.colcon_core.environment[0m [1;30mLevel 1[0m checking '/home/duy/cocarry_ws/install/trajectory_predictor/lib/pkgconfig/trajectory_predictor.pc'
[1.603s] [34mcolcon.colcon_core.environment[0m [1;30mLevel 1[0m checking '/home/duy/cocarry_ws/install/trajectory_predictor/lib/python3.10/site-packages'
[1.603s] [34mcolcon.colcon_core.shell[0m [1;30mLevel 1[0m create_environment_hook('trajectory_predictor', 'pythonpath')
[1.604s] [34mcolcon.colcon_core.shell[0m [1;30mINFO[0m Creating environment hook '/home/duy/cocarry_ws/install/trajectory_predictor/share/trajectory_predictor/hook/pythonpath.ps1'
[1.605s] [34mcolcon.colcon_core.shell[0m [1;30mINFO[0m Creating environment descriptor '/home/duy/cocarry_ws/install/trajectory_predictor/share/trajectory_predictor/hook/pythonpath.dsv'
[1.605s] [34mcolcon.colcon_core.shell[0m [1;30mINFO[0m Creating environment hook '/home/duy/cocarry_ws/install/trajectory_predictor/share/trajectory_predictor/hook/pythonpath.sh'
[1.606s] [34mcolcon.colcon_core.environment[0m [1;30mLevel 1[0m checking '/home/duy/cocarry_ws/install/trajectory_predictor/bin'
[1.606s] [34mcolcon.colcon_core.environment[0m [1;30mLevel 1[0m create_environment_scripts_only(trajectory_predictor)
[1.607s] [34mcolcon.colcon_core.shell[0m [1;30mINFO[0m Creating package script '/home/duy/cocarry_ws/install/trajectory_predictor/share/trajectory_predictor/package.ps1'
[1.609s] [34mcolcon.colcon_core.shell[0m [1;30mINFO[0m Creating package descriptor '/home/duy/cocarry_ws/install/trajectory_predictor/share/trajectory_predictor/package.dsv'
[1.610s] [34mcolcon.colcon_core.shell[0m [1;30mINFO[0m Creating package script '/home/duy/cocarry_ws/install/trajectory_predictor/share/trajectory_predictor/package.sh'
[1.611s] [34mcolcon.colcon_core.shell[0m [1;30mINFO[0m Creating package script '/home/duy/cocarry_ws/install/trajectory_predictor/share/trajectory_predictor/package.bash'
[1.612s] [34mcolcon.colcon_core.shell[0m [1;30mINFO[0m Creating package script '/home/duy/cocarry_ws/install/trajectory_predictor/share/trajectory_predictor/package.zsh'
[1.613s] [34mcolcon.colcon_core.environment[0m [1;30mLevel 1[0m create_file_with_runtime_dependencies(/home/duy/cocarry_ws/install/trajectory_predictor/share/colcon-core/packages/trajectory_predictor)
[1.617s] [34mcolcon.colcon_core.shell[0m [1;30mLevel 1[0m create_environment_hook('coord_transform', 'pythonpath_develop')
[1.617s] [34mcolcon.colcon_core.shell[0m [1;30mINFO[0m Creating environment hook '/home/duy/cocarry_ws/build/coord_transform/share/coord_transform/hook/pythonpath_develop.ps1'
[1.618s] [34mcolcon.colcon_core.event_handler.log_command[0m [1;30mDEBUG[0m [32mInvoked command in '/home/duy/cocarry_ws/build/coord_transform' returned '0': CMAKE_PREFIX_PATH=/home/duy/cocarry_ws/install/human_hand_msgs LD_LIBRARY_PATH=/home/duy/cocarry_ws/install/human_hand_msgs/lib PKG_CONFIG_PATH=/home/duy/cocarry_ws/install/human_hand_msgs/lib/x86_64-linux-gnu/pkgconfig:/home/duy/cocarry_ws/install/human_hand_msgs/lib/pkgconfig PYTHONPATH=/home/duy/cocarry_ws/build/coord_transform/prefix_override:/usr/lib/python3/dist-packages/colcon_core/task/python/colcon_distutils_commands:/home/duy/cocarry_ws/install/coord_transform/lib/python3.10/site-packages:/home/duy/cocarry_ws/install/human_hand_msgs/local/lib/python3.10/dist-packages ROS_PACKAGE_PATH=/home/duy/cocarry_ws/install/human_hand_msgs/share /usr/bin/python3 -W ignore:setup.py install is deprecated -W ignore:easy_install command is deprecated setup.py develop --editable --build-directory /home/duy/cocarry_ws/build/coord_transform/build --no-deps symlink_data --force[0m
[1.618s] [34mcolcon.colcon_core.shell[0m [1;30mINFO[0m Creating environment descriptor '/home/duy/cocarry_ws/build/coord_transform/share/coord_transform/hook/pythonpath_develop.dsv'
[1.619s] [34mcolcon.colcon_core.shell[0m [1;30mINFO[0m Creating environment hook '/home/duy/cocarry_ws/build/coord_transform/share/coord_transform/hook/pythonpath_develop.sh'
[1.620s] [34mcolcon.colcon_core.environment[0m [1;30mLevel 1[0m checking '/home/duy/cocarry_ws/install/coord_transform' for CMake module files
[1.620s] [34mcolcon.colcon_core.environment[0m [1;30mLevel 1[0m checking '/home/duy/cocarry_ws/install/coord_transform' for CMake config files
[1.621s] [34mcolcon.colcon_core.environment[0m [1;30mLevel 1[0m checking '/home/duy/cocarry_ws/install/coord_transform/lib'
[1.621s] [34mcolcon.colcon_core.environment[0m [1;30mLevel 1[0m checking '/home/duy/cocarry_ws/install/coord_transform/bin'
[1.622s] [34mcolcon.colcon_core.environment[0m [1;30mLevel 1[0m checking '/home/duy/cocarry_ws/install/coord_transform/lib/pkgconfig/coord_transform.pc'
[1.622s] [34mcolcon.colcon_core.environment[0m [1;30mLevel 1[0m checking '/home/duy/cocarry_ws/install/coord_transform/lib/python3.10/site-packages'
[1.622s] [34mcolcon.colcon_core.shell[0m [1;30mLevel 1[0m create_environment_hook('coord_transform', 'pythonpath')
[1.622s] [34mcolcon.colcon_core.shell[0m [1;30mINFO[0m Creating environment hook '/home/duy/cocarry_ws/install/coord_transform/share/coord_transform/hook/pythonpath.ps1'
[1.623s] [34mcolcon.colcon_core.shell[0m [1;30mINFO[0m Creating environment descriptor '/home/duy/cocarry_ws/install/coord_transform/share/coord_transform/hook/pythonpath.dsv'
[1.624s] [34mcolcon.colcon_core.shell[0m [1;30mINFO[0m Creating environment hook '/home/duy/cocarry_ws/install/coord_transform/share/coord_transform/hook/pythonpath.sh'
[1.625s] [34mcolcon.colcon_core.environment[0m [1;30mLevel 1[0m checking '/home/duy/cocarry_ws/install/coord_transform/bin'
[1.625s] [34mcolcon.colcon_core.environment[0m [1;30mLevel 1[0m create_environment_scripts_only(coord_transform)
[1.625s] [34mcolcon.colcon_core.shell[0m [1;30mINFO[0m Creating package script '/home/duy/cocarry_ws/install/coord_transform/share/coord_transform/package.ps1'
[1.626s] [34mcolcon.colcon_core.shell[0m [1;30mINFO[0m Creating package descriptor '/home/duy/cocarry_ws/install/coord_transform/share/coord_transform/package.dsv'
[1.627s] [34mcolcon.colcon_core.shell[0m [1;30mINFO[0m Creating package script '/home/duy/cocarry_ws/install/coord_transform/share/coord_transform/package.sh'
[1.627s] [34mcolcon.colcon_core.shell[0m [1;30mINFO[0m Creating package script '/home/duy/cocarry_ws/install/coord_transform/share/coord_transform/package.bash'
[1.628s] [34mcolcon.colcon_core.shell[0m [1;30mINFO[0m Creating package script '/home/duy/cocarry_ws/install/coord_transform/share/coord_transform/package.zsh'
[1.628s] [34mcolcon.colcon_core.environment[0m [1;30mLevel 1[0m create_file_with_runtime_dependencies(/home/duy/cocarry_ws/install/coord_transform/share/colcon-core/packages/coord_transform)
[1.630s] [34mcolcon.colcon_core.shell[0m [1;30mLevel 1[0m create_environment_hook('predictor_ui', 'pythonpath_develop')
[1.630s] [34mcolcon.colcon_core.shell[0m [1;30mINFO[0m Creating environment hook '/home/duy/cocarry_ws/build/predictor_ui/share/predictor_ui/hook/pythonpath_develop.ps1'
[1.632s] [34mcolcon.colcon_core.event_handler.log_command[0m [1;30mDEBUG[0m [32mInvoked command in '/home/duy/cocarry_ws/build/predictor_ui' returned '0': CMAKE_PREFIX_PATH=/home/duy/cocarry_ws/install/human_hand_msgs LD_LIBRARY_PATH=/home/duy/cocarry_ws/install/human_hand_msgs/lib PKG_CONFIG_PATH=/home/duy/cocarry_ws/install/human_hand_msgs/lib/x86_64-linux-gnu/pkgconfig:/home/duy/cocarry_ws/install/human_hand_msgs/lib/pkgconfig PYTHONPATH=/home/duy/cocarry_ws/build/predictor_ui/prefix_override:/usr/lib/python3/dist-packages/colcon_core/task/python/colcon_distutils_commands:/home/duy/cocarry_ws/install/predictor_ui/lib/python3.10/site-packages:/home/duy/cocarry_ws/install/human_hand_msgs/local/lib/python3.10/dist-packages ROS_PACKAGE_PATH=/home/duy/cocarry_ws/install/human_hand_msgs/share /usr/bin/python3 -W ignore:setup.py install is deprecated -W ignore:easy_install command is deprecated setup.py develop --editable --build-directory /home/duy/cocarry_ws/build/predictor_ui/build --no-deps symlink_data --force[0m
[1.632s] [34mcolcon.colcon_core.shell[0m [1;30mINFO[0m Creating environment descriptor '/home/duy/cocarry_ws/build/predictor_ui/share/predictor_ui/hook/pythonpath_develop.dsv'
[1.633s] [34mcolcon.colcon_core.shell[0m [1;30mINFO[0m Creating environment hook '/home/duy/cocarry_ws/build/predictor_ui/share/predictor_ui/hook/pythonpath_develop.sh'
[1.634s] [34mcolcon.colcon_core.environment[0m [1;30mLevel 1[0m checking '/home/duy/cocarry_ws/install/predictor_ui' for CMake module files
[1.635s] [34mcolcon.colcon_core.environment[0m [1;30mLevel 1[0m checking '/home/duy/cocarry_ws/install/predictor_ui' for CMake config files
[1.635s] [34mcolcon.colcon_core.environment[0m [1;30mLevel 1[0m checking '/home/duy/cocarry_ws/install/predictor_ui/lib'
[1.635s] [34mcolcon.colcon_core.environment[0m [1;30mLevel 1[0m checking '/home/duy/cocarry_ws/install/predictor_ui/bin'
[1.635s] [34mcolcon.colcon_core.environment[0m [1;30mLevel 1[0m checking '/home/duy/cocarry_ws/install/predictor_ui/lib/pkgconfig/predictor_ui.pc'
[1.635s] [34mcolcon.colcon_core.environment[0m [1;30mLevel 1[0m checking '/home/duy/cocarry_ws/install/predictor_ui/lib/python3.10/site-packages'
[1.635s] [34mcolcon.colcon_core.shell[0m [1;30mLevel 1[0m create_environment_hook('predictor_ui', 'pythonpath')
[1.636s] [34mcolcon.colcon_core.shell[0m [1;30mINFO[0m Creating environment hook '/home/duy/cocarry_ws/install/predictor_ui/share/predictor_ui/hook/pythonpath.ps1'
[1.636s] [34mcolcon.colcon_core.shell[0m [1;30mINFO[0m Creating environment descriptor '/home/duy/cocarry_ws/install/predictor_ui/share/predictor_ui/hook/pythonpath.dsv'
[1.636s] [34mcolcon.colcon_core.shell[0m [1;30mINFO[0m Creating environment hook '/home/duy/cocarry_ws/install/predictor_ui/share/predictor_ui/hook/pythonpath.sh'
[1.637s] [34mcolcon.colcon_core.environment[0m [1;30mLevel 1[0m checking '/home/duy/cocarry_ws/install/predictor_ui/bin'
[1.637s] [34mcolcon.colcon_core.environment[0m [1;30mLevel 1[0m create_environment_scripts_only(predictor_ui)
[1.637s] [34mcolcon.colcon_core.shell[0m [1;30mINFO[0m Creating package script '/home/duy/cocarry_ws/install/predictor_ui/share/predictor_ui/package.ps1'
[1.638s] [34mcolcon.colcon_core.shell[0m [1;30mINFO[0m Creating package descriptor '/home/duy/cocarry_ws/install/predictor_ui/share/predictor_ui/package.dsv'
[1.638s] [34mcolcon.colcon_core.shell[0m [1;30mINFO[0m Creating package script '/home/duy/cocarry_ws/install/predictor_ui/share/predictor_ui/package.sh'
[1.638s] [34mcolcon.colcon_core.shell[0m [1;30mINFO[0m Creating package script '/home/duy/cocarry_ws/install/predictor_ui/share/predictor_ui/package.bash'
[1.639s] [34mcolcon.colcon_core.shell[0m [1;30mINFO[0m Creating package script '/home/duy/cocarry_ws/install/predictor_ui/share/predictor_ui/package.zsh'
[1.639s] [34mcolcon.colcon_core.environment[0m [1;30mLevel 1[0m create_file_with_runtime_dependencies(/home/duy/cocarry_ws/install/predictor_ui/share/colcon-core/packages/predictor_ui)
[1.656s] [34mcolcon.colcon_core.shell[0m [1;30mLevel 1[0m create_environment_hook('experiment_logger', 'pythonpath_develop')
[1.656s] [34mcolcon.colcon_core.event_handler.log_command[0m [1;30mDEBUG[0m [32mInvoked command in '/home/duy/cocarry_ws/build/experiment_logger' returned '0': CMAKE_PREFIX_PATH=/home/duy/cocarry_ws/install/human_hand_msgs LD_LIBRARY_PATH=/home/duy/cocarry_ws/install/human_hand_msgs/lib PKG_CONFIG_PATH=/home/duy/cocarry_ws/install/human_hand_msgs/lib/x86_64-linux-gnu/pkgconfig:/home/duy/cocarry_ws/install/human_hand_msgs/lib/pkgconfig PYTHONPATH=/home/duy/cocarry_ws/build/experiment_logger/prefix_override:/usr/lib/python3/dist-packages/colcon_core/task/python/colcon_distutils_commands:/home/duy/cocarry_ws/install/experiment_logger/lib/python3.10/site-packages:/home/duy/cocarry_ws/install/human_hand_msgs/local/lib/python3.10/dist-packages ROS_PACKAGE_PATH=/home/duy/cocarry_ws/install/human_hand_msgs/share /usr/bin/python3 -W ignore:setup.py install is deprecated -W ignore:easy_install command is deprecated setup.py develop --editable --build-directory /home/duy/cocarry_ws/build/experiment_logger/build --no-deps symlink_data --force[0m
[1.657s] [34mcolcon.colcon_core.shell[0m [1;30mINFO[0m Creating environment hook '/home/duy/cocarry_ws/build/experiment_logger/share/experiment_logger/hook/pythonpath_develop.ps1'
[1.657s] [34mcolcon.colcon_core.shell[0m [1;30mINFO[0m Creating environment descriptor '/home/duy/cocarry_ws/build/experiment_logger/share/experiment_logger/hook/pythonpath_develop.dsv'
[1.657s] [34mcolcon.colcon_core.shell[0m [1;30mINFO[0m Creating environment hook '/home/duy/cocarry_ws/build/experiment_logger/share/experiment_logger/hook/pythonpath_develop.sh'
[1.658s] [34mcolcon.colcon_core.environment[0m [1;30mLevel 1[0m checking '/home/duy/cocarry_ws/install/experiment_logger' for CMake module files
[1.658s] [34mcolcon.colcon_core.environment[0m [1;30mLevel 1[0m checking '/home/duy/cocarry_ws/install/experiment_logger' for CMake config files
[1.658s] [34mcolcon.colcon_core.environment[0m [1;30mLevel 1[0m checking '/home/duy/cocarry_ws/install/experiment_logger/lib'
[1.658s] [34mcolcon.colcon_core.environment[0m [1;30mLevel 1[0m checking '/home/duy/cocarry_ws/install/experiment_logger/bin'
[1.658s] [34mcolcon.colcon_core.environment[0m [1;30mLevel 1[0m checking '/home/duy/cocarry_ws/install/experiment_logger/lib/pkgconfig/experiment_logger.pc'
[1.659s] [34mcolcon.colcon_core.environment[0m [1;30mLevel 1[0m checking '/home/duy/cocarry_ws/install/experiment_logger/lib/python3.10/site-packages'
[1.659s] [34mcolcon.colcon_core.shell[0m [1;30mLevel 1[0m create_environment_hook('experiment_logger', 'pythonpath')
[1.659s] [34mcolcon.colcon_core.shell[0m [1;30mINFO[0m Creating environment hook '/home/duy/cocarry_ws/install/experiment_logger/share/experiment_logger/hook/pythonpath.ps1'
[1.659s] [34mcolcon.colcon_core.shell[0m [1;30mINFO[0m Creating environment descriptor '/home/duy/cocarry_ws/install/experiment_logger/share/experiment_logger/hook/pythonpath.dsv'
[1.659s] [34mcolcon.colcon_core.shell[0m [1;30mINFO[0m Creating environment hook '/home/duy/cocarry_ws/install/experiment_logger/share/experiment_logger/hook/pythonpath.sh'
[1.660s] [34mcolcon.colcon_core.environment[0m [1;30mLevel 1[0m checking '/home/duy/cocarry_ws/install/experiment_logger/bin'
[1.660s] [34mcolcon.colcon_core.environment[0m [1;30mLevel 1[0m create_environment_scripts_only(experiment_logger)
[1.660s] [34mcolcon.colcon_core.shell[0m [1;30mINFO[0m Creating package script '/home/duy/cocarry_ws/install/experiment_logger/share/experiment_logger/package.ps1'
[1.660s] [34mcolcon.colcon_core.shell[0m [1;30mINFO[0m Creating package descriptor '/home/duy/cocarry_ws/install/experiment_logger/share/experiment_logger/package.dsv'
[1.661s] [34mcolcon.colcon_core.shell[0m [1;30mINFO[0m Creating package script '/home/duy/cocarry_ws/install/experiment_logger/share/experiment_logger/package.sh'
[1.661s] [34mcolcon.colcon_core.shell[0m [1;30mINFO[0m Creating package script '/home/duy/cocarry_ws/install/experiment_logger/share/experiment_logger/package.bash'
[1.661s] [34mcolcon.colcon_core.shell[0m [1;30mINFO[0m Creating package script '/home/duy/cocarry_ws/install/experiment_logger/share/experiment_logger/package.zsh'
[1.661s] [34mcolcon.colcon_core.environment[0m [1;30mLevel 1[0m create_file_with_runtime_dependencies(/home/duy/cocarry_ws/install/experiment_logger/share/colcon-core/packages/experiment_logger)
[1.661s] [34mcolcon.colcon_ros.task.ament_cmake.build[0m [1;30mINFO[0m Building ROS package in '/home/duy/cocarry_ws/src/hrc_bringup' with build type 'ament_cmake'
[1.662s] [34mcolcon.colcon_cmake.task.cmake.build[0m [1;30mINFO[0m Building CMake package in '/home/duy/cocarry_ws/src/hrc_bringup'
[1.662s] [34mcolcon.colcon_core.shell[0m [1;30mINFO[0m Skip shell extension 'powershell' for command environment: Not usable outside of PowerShell
[1.662s] [34mcolcon.colcon_core.shell[0m [1;30mDEBUG[0m [32mSkip shell extension 'dsv' for command environment[0m
[1.682s] [34mcolcon.colcon_core.event_handler.log_command[0m [1;30mDEBUG[0m [32mInvoking command in '/home/duy/cocarry_ws/build/hrc_bringup': AMENT_PREFIX_PATH=/home/duy/cocarry_ws/install/hc10dtp_simulation:/home/duy/cocarry_ws/install/hc10dtp_bringup:/home/duy/cocarry_ws/install/hc10dtp_moveit_config:/home/duy/cocarry_ws/install/trajectory_predictor:/home/duy/cocarry_ws/install/realsense_tracker:/home/duy/cocarry_ws/install/predictor_ui:/home/duy/cocarry_ws/install/motoman_hc10dtp_support:/home/duy/cocarry_ws/install/experiment_logger:/home/duy/cocarry_ws/install/coord_transform:/home/duy/cocarry_ws/install/motoros2_interfaces:/home/duy/cocarry_ws/install/motoman_resources CMAKE_PREFIX_PATH=/home/duy/cocarry_ws/install/hc10dtp_simulation:/home/duy/cocarry_ws/install/hc10dtp_bringup:/home/duy/cocarry_ws/install/hc10dtp_moveit_config:/home/duy/cocarry_ws/install/motoman_hc10dtp_support:/home/duy/cocarry_ws/install/motoros2_interfaces:/home/duy/cocarry_ws/install/motoman_resources:/home/duy/cocarry_ws/install/human_hand_msgs LD_LIBRARY_PATH=/home/duy/cocarry_ws/install/motoros2_interfaces/lib:/home/duy/cocarry_ws/install/human_hand_msgs/lib PKG_CONFIG_PATH=/home/duy/cocarry_ws/install/human_hand_msgs/lib/x86_64-linux-gnu/pkgconfig:/home/duy/cocarry_ws/install/human_hand_msgs/lib/pkgconfig PYTHONPATH=/home/duy/cocarry_ws/build/trajectory_predictor:/home/duy/cocarry_ws/install/trajectory_predictor/lib/python3.10/site-packages:/home/duy/cocarry_ws/install/realsense_tracker/lib/python3.10/site-packages:/home/duy/cocarry_ws/build/predictor_ui:/home/duy/cocarry_ws/install/predictor_ui/lib/python3.10/site-packages:/home/duy/cocarry_ws/build/experiment_logger:/home/duy/cocarry_ws/install/experiment_logger/lib/python3.10/site-packages:/home/duy/cocarry_ws/build/coord_transform:/home/duy/cocarry_ws/install/coord_transform/lib/python3.10/site-packages:/home/duy/cocarry_ws/install/motoros2_interfaces/local/lib/python3.10/dist-packages:/home/duy/cocarry_ws/install/human_hand_msgs/local/lib/python3.10/dist-packages ROS_PACKAGE_PATH=/home/duy/cocarry_ws/install/human_hand_msgs/share /usr/bin/cmake /home/duy/cocarry_ws/src/hrc_bringup -DAMENT_CMAKE_SYMLINK_INSTALL=1 -DCMAKE_INSTALL_PREFIX=/home/duy/cocarry_ws/install/hrc_bringup[0m
[1.900s] [34mcolcon.colcon_core.event_handler.log_command[0m [1;30mDEBUG[0m [32mInvoked command in '/home/duy/cocarry_ws/build/hrc_bringup' returned '1': AMENT_PREFIX_PATH=/home/duy/cocarry_ws/install/hc10dtp_simulation:/home/duy/cocarry_ws/install/hc10dtp_bringup:/home/duy/cocarry_ws/install/hc10dtp_moveit_config:/home/duy/cocarry_ws/install/trajectory_predictor:/home/duy/cocarry_ws/install/realsense_tracker:/home/duy/cocarry_ws/install/predictor_ui:/home/duy/cocarry_ws/install/motoman_hc10dtp_support:/home/duy/cocarry_ws/install/experiment_logger:/home/duy/cocarry_ws/install/coord_transform:/home/duy/cocarry_ws/install/motoros2_interfaces:/home/duy/cocarry_ws/install/motoman_resources CMAKE_PREFIX_PATH=/home/duy/cocarry_ws/install/hc10dtp_simulation:/home/duy/cocarry_ws/install/hc10dtp_bringup:/home/duy/cocarry_ws/install/hc10dtp_moveit_config:/home/duy/cocarry_ws/install/motoman_hc10dtp_support:/home/duy/cocarry_ws/install/motoros2_interfaces:/home/duy/cocarry_ws/install/motoman_resources:/home/duy/cocarry_ws/install/human_hand_msgs LD_LIBRARY_PATH=/home/duy/cocarry_ws/install/motoros2_interfaces/lib:/home/duy/cocarry_ws/install/human_hand_msgs/lib PKG_CONFIG_PATH=/home/duy/cocarry_ws/install/human_hand_msgs/lib/x86_64-linux-gnu/pkgconfig:/home/duy/cocarry_ws/install/human_hand_msgs/lib/pkgconfig PYTHONPATH=/home/duy/cocarry_ws/build/trajectory_predictor:/home/duy/cocarry_ws/install/trajectory_predictor/lib/python3.10/site-packages:/home/duy/cocarry_ws/install/realsense_tracker/lib/python3.10/site-packages:/home/duy/cocarry_ws/build/predictor_ui:/home/duy/cocarry_ws/install/predictor_ui/lib/python3.10/site-packages:/home/duy/cocarry_ws/build/experiment_logger:/home/duy/cocarry_ws/install/experiment_logger/lib/python3.10/site-packages:/home/duy/cocarry_ws/build/coord_transform:/home/duy/cocarry_ws/install/coord_transform/lib/python3.10/site-packages:/home/duy/cocarry_ws/install/motoros2_interfaces/local/lib/python3.10/dist-packages:/home/duy/cocarry_ws/install/human_hand_msgs/local/lib/python3.10/dist-packages ROS_PACKAGE_PATH=/home/duy/cocarry_ws/install/human_hand_msgs/share /usr/bin/cmake /home/duy/cocarry_ws/src/hrc_bringup -DAMENT_CMAKE_SYMLINK_INSTALL=1 -DCMAKE_INSTALL_PREFIX=/home/duy/cocarry_ws/install/hrc_bringup[0m
[1.901s] [34mcolcon.colcon_core.environment[0m [1;30mLevel 1[0m create_environment_scripts_only(hrc_bringup)
[1.901s] [34mcolcon.colcon_core.environment[0m [1;30mLevel 1[0m checking '/home/duy/cocarry_ws/install/hrc_bringup' for CMake module files
[1.901s] [34mcolcon.colcon_core.environment[0m [1;30mLevel 1[0m checking '/home/duy/cocarry_ws/install/hrc_bringup' for CMake config files
[1.901s] [34mcolcon.colcon_core.shell[0m [1;30mLevel 1[0m create_environment_hook('hrc_bringup', 'cmake_prefix_path')
[1.901s] [34mcolcon.colcon_core.shell[0m [1;30mINFO[0m Creating environment hook '/home/duy/cocarry_ws/install/hrc_bringup/share/hrc_bringup/hook/cmake_prefix_path.ps1'
[1.902s] [34mcolcon.colcon_core.shell[0m [1;30mINFO[0m Creating environment descriptor '/home/duy/cocarry_ws/install/hrc_bringup/share/hrc_bringup/hook/cmake_prefix_path.dsv'
[1.902s] [34mcolcon.colcon_core.shell[0m [1;30mINFO[0m Creating environment hook '/home/duy/cocarry_ws/install/hrc_bringup/share/hrc_bringup/hook/cmake_prefix_path.sh'
[1.902s] [34mcolcon.colcon_core.environment[0m [1;30mLevel 1[0m checking '/home/duy/cocarry_ws/install/hrc_bringup/bin'
[1.902s] [34mcolcon.colcon_core.environment[0m [1;30mLevel 1[0m checking '/home/duy/cocarry_ws/install/hrc_bringup/lib/pkgconfig/hrc_bringup.pc'
[1.902s] [34mcolcon.colcon_core.environment[0m [1;30mLevel 1[0m checking '/home/duy/cocarry_ws/install/hrc_bringup/lib/python3.10/site-packages'
[1.903s] [34mcolcon.colcon_core.environment[0m [1;30mLevel 1[0m checking '/home/duy/cocarry_ws/install/hrc_bringup/bin'
[1.903s] [34mcolcon.colcon_core.shell[0m [1;30mINFO[0m Creating package script '/home/duy/cocarry_ws/install/hrc_bringup/share/hrc_bringup/package.ps1'
[1.903s] [34mcolcon.colcon_core.shell[0m [1;30mINFO[0m Creating package descriptor '/home/duy/cocarry_ws/install/hrc_bringup/share/hrc_bringup/package.dsv'
[1.903s] [34mcolcon.colcon_core.shell[0m [1;30mINFO[0m Creating package script '/home/duy/cocarry_ws/install/hrc_bringup/share/hrc_bringup/package.sh'
[1.904s] [34mcolcon.colcon_core.shell[0m [1;30mINFO[0m Creating package script '/home/duy/cocarry_ws/install/hrc_bringup/share/hrc_bringup/package.bash'
[1.904s] [34mcolcon.colcon_core.shell[0m [1;30mINFO[0m Creating package script '/home/duy/cocarry_ws/install/hrc_bringup/share/hrc_bringup/package.zsh'
[1.904s] [34mcolcon.colcon_core.environment[0m [1;30mLevel 1[0m create_file_with_runtime_dependencies(/home/duy/cocarry_ws/install/hrc_bringup/share/colcon-core/packages/hrc_bringup)
[1.914s] [34mcolcon.colcon_parallel_executor.executor.parallel[0m [1;30mDEBUG[0m [32mclosing loop[0m
[1.915s] [34mcolcon.colcon_parallel_executor.executor.parallel[0m [1;30mDEBUG[0m [32mloop closed[0m
[1.915s] [34mcolcon.colcon_parallel_executor.executor.parallel[0m [1;30mDEBUG[0m [32mrun_until_complete finished with '1'[0m
[1.915s] [34mcolcon.colcon_core.event_reactor[0m [1;30mDEBUG[0m [32mjoining thread[0m
[1.918s] [34mcolcon.colcon_core.plugin_system[0m [1;30mINFO[0m Skipping extension 'colcon_notification.desktop_notification.terminal_notifier': Not used on non-Darwin systems
[1.919s] [34mcolcon.colcon_core.plugin_system[0m [1;30mINFO[0m Skipping extension 'colcon_notification.desktop_notification.win32': Not used on non-Windows systems
[1.919s] [34mcolcon.colcon_notification.desktop_notification[0m [1;30mINFO[0m Sending desktop notification using 'notify2'
[1.919s] [34mcolcon.colcon_notification.desktop_notification.notify2[0m [1;30mDEBUG[0m [32mFailed to initialize notify2: org.freedesktop.DBus.Error.NotSupported: Unable to autolaunch a dbus-daemon without a $DISPLAY for X11[0m
[1.919s] [34mcolcon.colcon_core.event_reactor[0m [1;30mDEBUG[0m [32mjoined thread[0m
[1.919s] [34mcolcon.colcon_core.shell[0m [1;30mINFO[0m Creating prefix script '/home/duy/cocarry_ws/install/local_setup.ps1'
[1.920s] [34mcolcon.colcon_core.shell[0m [1;30mINFO[0m Creating prefix util module '/home/duy/cocarry_ws/install/_local_setup_util_ps1.py'
[1.921s] [34mcolcon.colcon_core.shell[0m [1;30mINFO[0m Creating prefix chain script '/home/duy/cocarry_ws/install/setup.ps1'
[1.921s] [34mcolcon.colcon_core.shell[0m [1;30mINFO[0m Creating prefix script '/home/duy/cocarry_ws/install/local_setup.sh'
[1.922s] [34mcolcon.colcon_core.shell[0m [1;30mINFO[0m Creating prefix util module '/home/duy/cocarry_ws/install/_local_setup_util_sh.py'
[1.922s] [34mcolcon.colcon_core.shell[0m [1;30mINFO[0m Creating prefix chain script '/home/duy/cocarry_ws/install/setup.sh'
[1.923s] [34mcolcon.colcon_core.shell[0m [1;30mINFO[0m Creating prefix script '/home/duy/cocarry_ws/install/local_setup.bash'
[1.923s] [34mcolcon.colcon_core.shell[0m [1;30mINFO[0m Creating prefix chain script '/home/duy/cocarry_ws/install/setup.bash'
[1.923s] [34mcolcon.colcon_core.shell[0m [1;30mINFO[0m Creating prefix script '/home/duy/cocarry_ws/install/local_setup.zsh'
[1.924s] [34mcolcon.colcon_core.shell[0m [1;30mINFO[0m Creating prefix chain script '/home/duy/cocarry_ws/install/setup.zsh'
