[0.108s] DEBUG:colcon:Command line arguments: ['/usr/bin/colcon', 'build', '--symlink-install']
[0.108s] DEBUG:colcon:Parsed command line arguments: Namespace(log_base=None, log_level=None, verb_name='build', build_base='build', install_base='install', merge_install=False, symlink_install=True, test_result_base=None, continue_on_error=False, executor='parallel', parallel_workers=16, event_handlers=None, ignore_user_meta=False, metas=['./colcon.meta'], base_paths=['.'], packages_ignore=None, packages_ignore_regex=None, paths=None, packages_up_to=None, packages_up_to_regex=None, packages_above=None, packages_above_and_dependencies=None, packages_above_depth=None, packages_select_by_dep=None, packages_skip_by_dep=None, packages_skip_up_to=None, packages_select_build_failed=False, packages_skip_build_finished=False, packages_select_test_failures=False, packages_skip_test_passed=False, packages_select=None, packages_skip=None, packages_select_regex=None, packages_skip_regex=None, packages_start=None, packages_end=None, allow_overriding=[], cmake_args=None, cmake_target=None, cmake_target_skip_unavailable=False, cmake_clean_cache=False, cmake_clean_first=False, cmake_force_configure=False, ament_cmake_args=None, catkin_cmake_args=None, catkin_skip_building_tests=False, verb_parser=<colcon_defaults.argument_parser.defaults.DefaultArgumentsDecorator object at 0x7275b5d0fac0>, verb_extension=<colcon_core.verb.build.BuildVerb object at 0x7275b5e54e50>, main=<bound method BuildVerb.main of <colcon_core.verb.build.BuildVerb object at 0x7275b5e54e50>>)
[0.231s] Level 1:colcon.colcon_core.package_discovery:discover_packages(colcon_meta) check parameters
[0.231s] Level 1:colcon.colcon_core.package_discovery:discover_packages(recursive) check parameters
[0.231s] Level 1:colcon.colcon_core.package_discovery:discover_packages(ignore) check parameters
[0.231s] Level 1:colcon.colcon_core.package_discovery:discover_packages(path) check parameters
[0.231s] Level 1:colcon.colcon_core.package_discovery:discover_packages(colcon_meta) discover
[0.231s] Level 1:colcon.colcon_core.package_discovery:discover_packages(recursive) discover
[0.232s] INFO:colcon.colcon_core.package_discovery:Crawling recursively for packages in '/home/duy/cocarry_ws'
[0.232s] Level 1:colcon.colcon_core.package_identification:_identify(.) by extensions ['ignore', 'ignore_ament_install']
[0.232s] Level 1:colcon.colcon_core.package_identification:_identify(.) by extension 'ignore'
[0.232s] Level 1:colcon.colcon_core.package_identification:_identify(.) by extension 'ignore_ament_install'
[0.232s] Level 1:colcon.colcon_core.package_identification:_identify(.) by extensions ['colcon_pkg']
[0.232s] Level 1:colcon.colcon_core.package_identification:_identify(.) by extension 'colcon_pkg'
[0.232s] Level 1:colcon.colcon_core.package_identification:_identify(.) by extensions ['colcon_meta']
[0.232s] Level 1:colcon.colcon_core.package_identification:_identify(.) by extension 'colcon_meta'
[0.232s] Level 1:colcon.colcon_core.package_identification:_identify(.) by extensions ['ros']
[0.232s] Level 1:colcon.colcon_core.package_identification:_identify(.) by extension 'ros'
[0.242s] Level 1:colcon.colcon_core.package_identification:_identify(.) by extensions ['cmake', 'python']
[0.242s] Level 1:colcon.colcon_core.package_identification:_identify(.) by extension 'cmake'
[0.242s] Level 1:colcon.colcon_core.package_identification:_identify(.) by extension 'python'
[0.242s] Level 1:colcon.colcon_core.package_identification:_identify(.) by extensions ['python_setup_py']
[0.242s] Level 1:colcon.colcon_core.package_identification:_identify(.) by extension 'python_setup_py'
[0.242s] Level 1:colcon.colcon_core.package_identification:_identify(build) by extensions ['ignore', 'ignore_ament_install']
[0.242s] Level 1:colcon.colcon_core.package_identification:_identify(build) by extension 'ignore'
[0.242s] Level 1:colcon.colcon_core.package_identification:_identify(build) ignored
[0.243s] Level 1:colcon.colcon_core.package_identification:_identify(install) by extensions ['ignore', 'ignore_ament_install']
[0.243s] Level 1:colcon.colcon_core.package_identification:_identify(install) by extension 'ignore'
[0.243s] Level 1:colcon.colcon_core.package_identification:_identify(install) ignored
[0.243s] Level 1:colcon.colcon_core.package_identification:_identify(libfreenect2) by extensions ['ignore', 'ignore_ament_install']
[0.243s] Level 1:colcon.colcon_core.package_identification:_identify(libfreenect2) by extension 'ignore'
[0.243s] Level 1:colcon.colcon_core.package_identification:_identify(libfreenect2) by extension 'ignore_ament_install'
[0.243s] Level 1:colcon.colcon_core.package_identification:_identify(libfreenect2) by extensions ['colcon_pkg']
[0.243s] Level 1:colcon.colcon_core.package_identification:_identify(libfreenect2) by extension 'colcon_pkg'
[0.243s] Level 1:colcon.colcon_core.package_identification:_identify(libfreenect2) by extensions ['colcon_meta']
[0.243s] Level 1:colcon.colcon_core.package_identification:_identify(libfreenect2) by extension 'colcon_meta'
[0.243s] Level 1:colcon.colcon_core.package_identification:_identify(libfreenect2) by extensions ['ros']
[0.243s] Level 1:colcon.colcon_core.package_identification:_identify(libfreenect2) by extension 'ros'
[0.243s] Level 1:colcon.colcon_core.package_identification:_identify(libfreenect2) by extensions ['cmake', 'python']
[0.243s] Level 1:colcon.colcon_core.package_identification:_identify(libfreenect2) by extension 'cmake'
[0.259s] Level 1:colcon.colcon_core.package_identification:_identify(libfreenect2) by extension 'python'
[0.259s] DEBUG:colcon.colcon_core.package_identification:Package 'libfreenect2' with type 'cmake' and name 'libfreenect2'
[0.259s] Level 1:colcon.colcon_core.package_identification:_identify(log) by extensions ['ignore', 'ignore_ament_install']
[0.259s] Level 1:colcon.colcon_core.package_identification:_identify(log) by extension 'ignore'
[0.259s] Level 1:colcon.colcon_core.package_identification:_identify(log) ignored
[0.259s] Level 1:colcon.colcon_core.package_identification:_identify(log_temp) by extensions ['ignore', 'ignore_ament_install']
[0.259s] Level 1:colcon.colcon_core.package_identification:_identify(log_temp) by extension 'ignore'
[0.259s] Level 1:colcon.colcon_core.package_identification:_identify(log_temp) by extension 'ignore_ament_install'
[0.259s] Level 1:colcon.colcon_core.package_identification:_identify(log_temp) by extensions ['colcon_pkg']
[0.259s] Level 1:colcon.colcon_core.package_identification:_identify(log_temp) by extension 'colcon_pkg'
[0.259s] Level 1:colcon.colcon_core.package_identification:_identify(log_temp) by extensions ['colcon_meta']
[0.259s] Level 1:colcon.colcon_core.package_identification:_identify(log_temp) by extension 'colcon_meta'
[0.259s] Level 1:colcon.colcon_core.package_identification:_identify(log_temp) by extensions ['ros']
[0.259s] Level 1:colcon.colcon_core.package_identification:_identify(log_temp) by extension 'ros'
[0.259s] Level 1:colcon.colcon_core.package_identification:_identify(log_temp) by extensions ['cmake', 'python']
[0.259s] Level 1:colcon.colcon_core.package_identification:_identify(log_temp) by extension 'cmake'
[0.259s] Level 1:colcon.colcon_core.package_identification:_identify(log_temp) by extension 'python'
[0.260s] Level 1:colcon.colcon_core.package_identification:_identify(log_temp) by extensions ['python_setup_py']
[0.260s] Level 1:colcon.colcon_core.package_identification:_identify(log_temp) by extension 'python_setup_py'
[0.260s] Level 1:colcon.colcon_core.package_identification:_identify(ros_log) by extensions ['ignore', 'ignore_ament_install']
[0.260s] Level 1:colcon.colcon_core.package_identification:_identify(ros_log) by extension 'ignore'
[0.260s] Level 1:colcon.colcon_core.package_identification:_identify(ros_log) by extension 'ignore_ament_install'
[0.260s] Level 1:colcon.colcon_core.package_identification:_identify(ros_log) by extensions ['colcon_pkg']
[0.260s] Level 1:colcon.colcon_core.package_identification:_identify(ros_log) by extension 'colcon_pkg'
[0.260s] Level 1:colcon.colcon_core.package_identification:_identify(ros_log) by extensions ['colcon_meta']
[0.260s] Level 1:colcon.colcon_core.package_identification:_identify(ros_log) by extension 'colcon_meta'
[0.260s] Level 1:colcon.colcon_core.package_identification:_identify(ros_log) by extensions ['ros']
[0.260s] Level 1:colcon.colcon_core.package_identification:_identify(ros_log) by extension 'ros'
[0.260s] Level 1:colcon.colcon_core.package_identification:_identify(ros_log) by extensions ['cmake', 'python']
[0.260s] Level 1:colcon.colcon_core.package_identification:_identify(ros_log) by extension 'cmake'
[0.260s] Level 1:colcon.colcon_core.package_identification:_identify(ros_log) by extension 'python'
[0.260s] Level 1:colcon.colcon_core.package_identification:_identify(ros_log) by extensions ['python_setup_py']
[0.260s] Level 1:colcon.colcon_core.package_identification:_identify(ros_log) by extension 'python_setup_py'
[0.260s] Level 1:colcon.colcon_core.package_identification:_identify(src) by extensions ['ignore', 'ignore_ament_install']
[0.260s] Level 1:colcon.colcon_core.package_identification:_identify(src) by extension 'ignore'
[0.260s] Level 1:colcon.colcon_core.package_identification:_identify(src) by extension 'ignore_ament_install'
[0.260s] Level 1:colcon.colcon_core.package_identification:_identify(src) by extensions ['colcon_pkg']
[0.260s] Level 1:colcon.colcon_core.package_identification:_identify(src) by extension 'colcon_pkg'
[0.260s] Level 1:colcon.colcon_core.package_identification:_identify(src) by extensions ['colcon_meta']
[0.260s] Level 1:colcon.colcon_core.package_identification:_identify(src) by extension 'colcon_meta'
[0.260s] Level 1:colcon.colcon_core.package_identification:_identify(src) by extensions ['ros']
[0.260s] Level 1:colcon.colcon_core.package_identification:_identify(src) by extension 'ros'
[0.260s] Level 1:colcon.colcon_core.package_identification:_identify(src) by extensions ['cmake', 'python']
[0.260s] Level 1:colcon.colcon_core.package_identification:_identify(src) by extension 'cmake'
[0.260s] Level 1:colcon.colcon_core.package_identification:_identify(src) by extension 'python'
[0.261s] Level 1:colcon.colcon_core.package_identification:_identify(src) by extensions ['python_setup_py']
[0.261s] Level 1:colcon.colcon_core.package_identification:_identify(src) by extension 'python_setup_py'
[0.261s] Level 1:colcon.colcon_core.package_identification:_identify(src/GRU-Model) by extensions ['ignore', 'ignore_ament_install']
[0.261s] Level 1:colcon.colcon_core.package_identification:_identify(src/GRU-Model) by extension 'ignore'
[0.261s] Level 1:colcon.colcon_core.package_identification:_identify(src/GRU-Model) by extension 'ignore_ament_install'
[0.261s] Level 1:colcon.colcon_core.package_identification:_identify(src/GRU-Model) by extensions ['colcon_pkg']
[0.261s] Level 1:colcon.colcon_core.package_identification:_identify(src/GRU-Model) by extension 'colcon_pkg'
[0.261s] Level 1:colcon.colcon_core.package_identification:_identify(src/GRU-Model) by extensions ['colcon_meta']
[0.261s] Level 1:colcon.colcon_core.package_identification:_identify(src/GRU-Model) by extension 'colcon_meta'
[0.261s] Level 1:colcon.colcon_core.package_identification:_identify(src/GRU-Model) by extensions ['ros']
[0.261s] Level 1:colcon.colcon_core.package_identification:_identify(src/GRU-Model) by extension 'ros'
[0.261s] Level 1:colcon.colcon_core.package_identification:_identify(src/GRU-Model) by extensions ['cmake', 'python']
[0.261s] Level 1:colcon.colcon_core.package_identification:_identify(src/GRU-Model) by extension 'cmake'
[0.261s] Level 1:colcon.colcon_core.package_identification:_identify(src/GRU-Model) by extension 'python'
[0.261s] Level 1:colcon.colcon_core.package_identification:_identify(src/GRU-Model) by extensions ['python_setup_py']
[0.261s] Level 1:colcon.colcon_core.package_identification:_identify(src/GRU-Model) by extension 'python_setup_py'
[0.261s] Level 1:colcon.colcon_core.package_identification:_identify(src/coord_transform) by extensions ['ignore', 'ignore_ament_install']
[0.261s] Level 1:colcon.colcon_core.package_identification:_identify(src/coord_transform) by extension 'ignore'
[0.261s] Level 1:colcon.colcon_core.package_identification:_identify(src/coord_transform) by extension 'ignore_ament_install'
[0.261s] Level 1:colcon.colcon_core.package_identification:_identify(src/coord_transform) by extensions ['colcon_pkg']
[0.261s] Level 1:colcon.colcon_core.package_identification:_identify(src/coord_transform) by extension 'colcon_pkg'
[0.261s] Level 1:colcon.colcon_core.package_identification:_identify(src/coord_transform) by extensions ['colcon_meta']
[0.261s] Level 1:colcon.colcon_core.package_identification:_identify(src/coord_transform) by extension 'colcon_meta'
[0.261s] Level 1:colcon.colcon_core.package_identification:_identify(src/coord_transform) by extensions ['ros']
[0.261s] Level 1:colcon.colcon_core.package_identification:_identify(src/coord_transform) by extension 'ros'
[0.264s] DEBUG:colcon.colcon_core.package_identification:Package 'src/coord_transform' with type 'ros.ament_python' and name 'coord_transform'
[0.264s] Level 1:colcon.colcon_core.package_identification:_identify(src/experiment_logger) by extensions ['ignore', 'ignore_ament_install']
[0.264s] Level 1:colcon.colcon_core.package_identification:_identify(src/experiment_logger) by extension 'ignore'
[0.264s] Level 1:colcon.colcon_core.package_identification:_identify(src/experiment_logger) by extension 'ignore_ament_install'
[0.264s] Level 1:colcon.colcon_core.package_identification:_identify(src/experiment_logger) by extensions ['colcon_pkg']
[0.264s] Level 1:colcon.colcon_core.package_identification:_identify(src/experiment_logger) by extension 'colcon_pkg'
[0.264s] Level 1:colcon.colcon_core.package_identification:_identify(src/experiment_logger) by extensions ['colcon_meta']
[0.264s] Level 1:colcon.colcon_core.package_identification:_identify(src/experiment_logger) by extension 'colcon_meta'
[0.264s] Level 1:colcon.colcon_core.package_identification:_identify(src/experiment_logger) by extensions ['ros']
[0.264s] Level 1:colcon.colcon_core.package_identification:_identify(src/experiment_logger) by extension 'ros'
[0.265s] DEBUG:colcon.colcon_core.package_identification:Package 'src/experiment_logger' with type 'ros.ament_python' and name 'experiment_logger'
[0.265s] Level 1:colcon.colcon_core.package_identification:_identify(src/hc10dtp_bringup) by extensions ['ignore', 'ignore_ament_install']
[0.265s] Level 1:colcon.colcon_core.package_identification:_identify(src/hc10dtp_bringup) by extension 'ignore'
[0.265s] Level 1:colcon.colcon_core.package_identification:_identify(src/hc10dtp_bringup) by extension 'ignore_ament_install'
[0.265s] Level 1:colcon.colcon_core.package_identification:_identify(src/hc10dtp_bringup) by extensions ['colcon_pkg']
[0.265s] Level 1:colcon.colcon_core.package_identification:_identify(src/hc10dtp_bringup) by extension 'colcon_pkg'
[0.265s] Level 1:colcon.colcon_core.package_identification:_identify(src/hc10dtp_bringup) by extensions ['colcon_meta']
[0.265s] Level 1:colcon.colcon_core.package_identification:_identify(src/hc10dtp_bringup) by extension 'colcon_meta'
[0.265s] Level 1:colcon.colcon_core.package_identification:_identify(src/hc10dtp_bringup) by extensions ['ros']
[0.265s] Level 1:colcon.colcon_core.package_identification:_identify(src/hc10dtp_bringup) by extension 'ros'
[0.266s] DEBUG:colcon.colcon_core.package_identification:Package 'src/hc10dtp_bringup' with type 'ros.ament_cmake' and name 'hc10dtp_bringup'
[0.266s] Level 1:colcon.colcon_core.package_identification:_identify(src/hc10dtp_moveit_config) by extensions ['ignore', 'ignore_ament_install']
[0.266s] Level 1:colcon.colcon_core.package_identification:_identify(src/hc10dtp_moveit_config) by extension 'ignore'
[0.266s] Level 1:colcon.colcon_core.package_identification:_identify(src/hc10dtp_moveit_config) by extension 'ignore_ament_install'
[0.266s] Level 1:colcon.colcon_core.package_identification:_identify(src/hc10dtp_moveit_config) by extensions ['colcon_pkg']
[0.267s] Level 1:colcon.colcon_core.package_identification:_identify(src/hc10dtp_moveit_config) by extension 'colcon_pkg'
[0.267s] Level 1:colcon.colcon_core.package_identification:_identify(src/hc10dtp_moveit_config) by extensions ['colcon_meta']
[0.267s] Level 1:colcon.colcon_core.package_identification:_identify(src/hc10dtp_moveit_config) by extension 'colcon_meta'
[0.267s] Level 1:colcon.colcon_core.package_identification:_identify(src/hc10dtp_moveit_config) by extensions ['ros']
[0.267s] Level 1:colcon.colcon_core.package_identification:_identify(src/hc10dtp_moveit_config) by extension 'ros'
[0.267s] DEBUG:colcon.colcon_core.package_identification:Package 'src/hc10dtp_moveit_config' with type 'ros.ament_cmake' and name 'hc10dtp_moveit_config'
[0.268s] Level 1:colcon.colcon_core.package_identification:_identify(src/hc10dtp_simulation) by extensions ['ignore', 'ignore_ament_install']
[0.268s] Level 1:colcon.colcon_core.package_identification:_identify(src/hc10dtp_simulation) by extension 'ignore'
[0.268s] Level 1:colcon.colcon_core.package_identification:_identify(src/hc10dtp_simulation) by extension 'ignore_ament_install'
[0.268s] Level 1:colcon.colcon_core.package_identification:_identify(src/hc10dtp_simulation) by extensions ['colcon_pkg']
[0.268s] Level 1:colcon.colcon_core.package_identification:_identify(src/hc10dtp_simulation) by extension 'colcon_pkg'
[0.268s] Level 1:colcon.colcon_core.package_identification:_identify(src/hc10dtp_simulation) by extensions ['colcon_meta']
[0.268s] Level 1:colcon.colcon_core.package_identification:_identify(src/hc10dtp_simulation) by extension 'colcon_meta'
[0.268s] Level 1:colcon.colcon_core.package_identification:_identify(src/hc10dtp_simulation) by extensions ['ros']
[0.268s] Level 1:colcon.colcon_core.package_identification:_identify(src/hc10dtp_simulation) by extension 'ros'
[0.269s] DEBUG:colcon.colcon_core.package_identification:Package 'src/hc10dtp_simulation' with type 'ros.ament_cmake' and name 'hc10dtp_simulation'
[0.269s] Level 1:colcon.colcon_core.package_identification:_identify(src/hrc_bringup) by extensions ['ignore', 'ignore_ament_install']
[0.269s] Level 1:colcon.colcon_core.package_identification:_identify(src/hrc_bringup) by extension 'ignore'
[0.269s] Level 1:colcon.colcon_core.package_identification:_identify(src/hrc_bringup) by extension 'ignore_ament_install'
[0.269s] Level 1:colcon.colcon_core.package_identification:_identify(src/hrc_bringup) by extensions ['colcon_pkg']
[0.269s] Level 1:colcon.colcon_core.package_identification:_identify(src/hrc_bringup) by extension 'colcon_pkg'
[0.269s] Level 1:colcon.colcon_core.package_identification:_identify(src/hrc_bringup) by extensions ['colcon_meta']
[0.269s] Level 1:colcon.colcon_core.package_identification:_identify(src/hrc_bringup) by extension 'colcon_meta'
[0.269s] Level 1:colcon.colcon_core.package_identification:_identify(src/hrc_bringup) by extensions ['ros']
[0.269s] Level 1:colcon.colcon_core.package_identification:_identify(src/hrc_bringup) by extension 'ros'
[0.270s] DEBUG:colcon.colcon_core.package_identification:Package 'src/hrc_bringup' with type 'ros.ament_cmake' and name 'hrc_bringup'
[0.270s] Level 1:colcon.colcon_core.package_identification:_identify(src/human_hand_msgs) by extensions ['ignore', 'ignore_ament_install']
[0.270s] Level 1:colcon.colcon_core.package_identification:_identify(src/human_hand_msgs) by extension 'ignore'
[0.270s] Level 1:colcon.colcon_core.package_identification:_identify(src/human_hand_msgs) by extension 'ignore_ament_install'
[0.270s] Level 1:colcon.colcon_core.package_identification:_identify(src/human_hand_msgs) by extensions ['colcon_pkg']
[0.270s] Level 1:colcon.colcon_core.package_identification:_identify(src/human_hand_msgs) by extension 'colcon_pkg'
[0.270s] Level 1:colcon.colcon_core.package_identification:_identify(src/human_hand_msgs) by extensions ['colcon_meta']
[0.270s] Level 1:colcon.colcon_core.package_identification:_identify(src/human_hand_msgs) by extension 'colcon_meta'
[0.270s] Level 1:colcon.colcon_core.package_identification:_identify(src/human_hand_msgs) by extensions ['ros']
[0.270s] Level 1:colcon.colcon_core.package_identification:_identify(src/human_hand_msgs) by extension 'ros'
[0.271s] DEBUG:colcon.colcon_core.package_identification:Package 'src/human_hand_msgs' with type 'ros.catkin' and name 'human_hand_msgs'
[0.271s] Level 1:colcon.colcon_core.package_identification:_identify(src/kinect2_ros2) by extensions ['ignore', 'ignore_ament_install']
[0.271s] Level 1:colcon.colcon_core.package_identification:_identify(src/kinect2_ros2) by extension 'ignore'
[0.271s] Level 1:colcon.colcon_core.package_identification:_identify(src/kinect2_ros2) by extension 'ignore_ament_install'
[0.271s] Level 1:colcon.colcon_core.package_identification:_identify(src/kinect2_ros2) by extensions ['colcon_pkg']
[0.271s] Level 1:colcon.colcon_core.package_identification:_identify(src/kinect2_ros2) by extension 'colcon_pkg'
[0.271s] Level 1:colcon.colcon_core.package_identification:_identify(src/kinect2_ros2) by extensions ['colcon_meta']
[0.271s] Level 1:colcon.colcon_core.package_identification:_identify(src/kinect2_ros2) by extension 'colcon_meta'
[0.271s] Level 1:colcon.colcon_core.package_identification:_identify(src/kinect2_ros2) by extensions ['ros']
[0.271s] Level 1:colcon.colcon_core.package_identification:_identify(src/kinect2_ros2) by extension 'ros'
[0.271s] Level 1:colcon.colcon_core.package_identification:_identify(src/kinect2_ros2) by extensions ['cmake', 'python']
[0.271s] Level 1:colcon.colcon_core.package_identification:_identify(src/kinect2_ros2) by extension 'cmake'
[0.271s] Level 1:colcon.colcon_core.package_identification:_identify(src/kinect2_ros2) by extension 'python'
[0.271s] Level 1:colcon.colcon_core.package_identification:_identify(src/kinect2_ros2) by extensions ['python_setup_py']
[0.271s] Level 1:colcon.colcon_core.package_identification:_identify(src/kinect2_ros2) by extension 'python_setup_py'
[0.271s] Level 1:colcon.colcon_core.package_identification:_identify(src/kinect2_ros2/kinect2_bridge) by extensions ['ignore', 'ignore_ament_install']
[0.271s] Level 1:colcon.colcon_core.package_identification:_identify(src/kinect2_ros2/kinect2_bridge) by extension 'ignore'
[0.271s] Level 1:colcon.colcon_core.package_identification:_identify(src/kinect2_ros2/kinect2_bridge) by extension 'ignore_ament_install'
[0.271s] Level 1:colcon.colcon_core.package_identification:_identify(src/kinect2_ros2/kinect2_bridge) by extensions ['colcon_pkg']
[0.271s] Level 1:colcon.colcon_core.package_identification:_identify(src/kinect2_ros2/kinect2_bridge) by extension 'colcon_pkg'
[0.271s] Level 1:colcon.colcon_core.package_identification:_identify(src/kinect2_ros2/kinect2_bridge) by extensions ['colcon_meta']
[0.271s] Level 1:colcon.colcon_core.package_identification:_identify(src/kinect2_ros2/kinect2_bridge) by extension 'colcon_meta'
[0.271s] Level 1:colcon.colcon_core.package_identification:_identify(src/kinect2_ros2/kinect2_bridge) by extensions ['ros']
[0.272s] Level 1:colcon.colcon_core.package_identification:_identify(src/kinect2_ros2/kinect2_bridge) by extension 'ros'
[0.272s] DEBUG:colcon.colcon_core.package_identification:Package 'src/kinect2_ros2/kinect2_bridge' with type 'ros.ament_cmake' and name 'kinect2_bridge'
[0.272s] Level 1:colcon.colcon_core.package_identification:_identify(src/kinect2_ros2/kinect2_calibration) by extensions ['ignore', 'ignore_ament_install']
[0.272s] Level 1:colcon.colcon_core.package_identification:_identify(src/kinect2_ros2/kinect2_calibration) by extension 'ignore'
[0.272s] Level 1:colcon.colcon_core.package_identification:_identify(src/kinect2_ros2/kinect2_calibration) by extension 'ignore_ament_install'
[0.272s] Level 1:colcon.colcon_core.package_identification:_identify(src/kinect2_ros2/kinect2_calibration) by extensions ['colcon_pkg']
[0.272s] Level 1:colcon.colcon_core.package_identification:_identify(src/kinect2_ros2/kinect2_calibration) by extension 'colcon_pkg'
[0.272s] Level 1:colcon.colcon_core.package_identification:_identify(src/kinect2_ros2/kinect2_calibration) by extensions ['colcon_meta']
[0.272s] Level 1:colcon.colcon_core.package_identification:_identify(src/kinect2_ros2/kinect2_calibration) by extension 'colcon_meta'
[0.272s] Level 1:colcon.colcon_core.package_identification:_identify(src/kinect2_ros2/kinect2_calibration) by extensions ['ros']
[0.272s] Level 1:colcon.colcon_core.package_identification:_identify(src/kinect2_ros2/kinect2_calibration) by extension 'ros'
[0.273s] DEBUG:colcon.colcon_core.package_identification:Package 'src/kinect2_ros2/kinect2_calibration' with type 'ros.ament_cmake' and name 'kinect2_calibration'
[0.273s] Level 1:colcon.colcon_core.package_identification:_identify(src/kinect2_ros2/kinect2_registration) by extensions ['ignore', 'ignore_ament_install']
[0.273s] Level 1:colcon.colcon_core.package_identification:_identify(src/kinect2_ros2/kinect2_registration) by extension 'ignore'
[0.273s] Level 1:colcon.colcon_core.package_identification:_identify(src/kinect2_ros2/kinect2_registration) by extension 'ignore_ament_install'
[0.273s] Level 1:colcon.colcon_core.package_identification:_identify(src/kinect2_ros2/kinect2_registration) by extensions ['colcon_pkg']
[0.273s] Level 1:colcon.colcon_core.package_identification:_identify(src/kinect2_ros2/kinect2_registration) by extension 'colcon_pkg'
[0.273s] Level 1:colcon.colcon_core.package_identification:_identify(src/kinect2_ros2/kinect2_registration) by extensions ['colcon_meta']
[0.273s] Level 1:colcon.colcon_core.package_identification:_identify(src/kinect2_ros2/kinect2_registration) by extension 'colcon_meta'
[0.273s] Level 1:colcon.colcon_core.package_identification:_identify(src/kinect2_ros2/kinect2_registration) by extensions ['ros']
[0.273s] Level 1:colcon.colcon_core.package_identification:_identify(src/kinect2_ros2/kinect2_registration) by extension 'ros'
[0.274s] DEBUG:colcon.colcon_core.package_identification:Package 'src/kinect2_ros2/kinect2_registration' with type 'ros.ament_cmake' and name 'kinect2_registration'
[0.274s] Level 1:colcon.colcon_core.package_identification:_identify(src/motoman_ros2_support_packages) by extensions ['ignore', 'ignore_ament_install']
[0.274s] Level 1:colcon.colcon_core.package_identification:_identify(src/motoman_ros2_support_packages) by extension 'ignore'
[0.274s] Level 1:colcon.colcon_core.package_identification:_identify(src/motoman_ros2_support_packages) by extension 'ignore_ament_install'
[0.274s] Level 1:colcon.colcon_core.package_identification:_identify(src/motoman_ros2_support_packages) by extensions ['colcon_pkg']
[0.274s] Level 1:colcon.colcon_core.package_identification:_identify(src/motoman_ros2_support_packages) by extension 'colcon_pkg'
[0.274s] Level 1:colcon.colcon_core.package_identification:_identify(src/motoman_ros2_support_packages) by extensions ['colcon_meta']
[0.274s] Level 1:colcon.colcon_core.package_identification:_identify(src/motoman_ros2_support_packages) by extension 'colcon_meta'
[0.274s] Level 1:colcon.colcon_core.package_identification:_identify(src/motoman_ros2_support_packages) by extensions ['ros']
[0.274s] Level 1:colcon.colcon_core.package_identification:_identify(src/motoman_ros2_support_packages) by extension 'ros'
[0.274s] Level 1:colcon.colcon_core.package_identification:_identify(src/motoman_ros2_support_packages) by extensions ['cmake', 'python']
[0.274s] Level 1:colcon.colcon_core.package_identification:_identify(src/motoman_ros2_support_packages) by extension 'cmake'
[0.274s] Level 1:colcon.colcon_core.package_identification:_identify(src/motoman_ros2_support_packages) by extension 'python'
[0.274s] Level 1:colcon.colcon_core.package_identification:_identify(src/motoman_ros2_support_packages) by extensions ['python_setup_py']
[0.274s] Level 1:colcon.colcon_core.package_identification:_identify(src/motoman_ros2_support_packages) by extension 'python_setup_py'
[0.274s] Level 1:colcon.colcon_core.package_identification:_identify(src/motoman_ros2_support_packages/motoman_gp4_support) by extensions ['ignore', 'ignore_ament_install']
[0.274s] Level 1:colcon.colcon_core.package_identification:_identify(src/motoman_ros2_support_packages/motoman_gp4_support) by extension 'ignore'
[0.274s] Level 1:colcon.colcon_core.package_identification:_identify(src/motoman_ros2_support_packages/motoman_gp4_support) by extension 'ignore_ament_install'
[0.274s] Level 1:colcon.colcon_core.package_identification:_identify(src/motoman_ros2_support_packages/motoman_gp4_support) by extensions ['colcon_pkg']
[0.274s] Level 1:colcon.colcon_core.package_identification:_identify(src/motoman_ros2_support_packages/motoman_gp4_support) by extension 'colcon_pkg'
[0.274s] Level 1:colcon.colcon_core.package_identification:_identify(src/motoman_ros2_support_packages/motoman_gp4_support) by extensions ['colcon_meta']
[0.274s] Level 1:colcon.colcon_core.package_identification:_identify(src/motoman_ros2_support_packages/motoman_gp4_support) by extension 'colcon_meta'
[0.274s] Level 1:colcon.colcon_core.package_identification:_identify(src/motoman_ros2_support_packages/motoman_gp4_support) by extensions ['ros']
[0.274s] Level 1:colcon.colcon_core.package_identification:_identify(src/motoman_ros2_support_packages/motoman_gp4_support) by extension 'ros'
[0.275s] DEBUG:colcon.colcon_core.package_identification:Package 'src/motoman_ros2_support_packages/motoman_gp4_support' with type 'ros.ament_cmake' and name 'motoman_gp4_support'
[0.275s] Level 1:colcon.colcon_core.package_identification:_identify(src/motoman_ros2_support_packages/motoman_hc10dtp_support) by extensions ['ignore', 'ignore_ament_install']
[0.275s] Level 1:colcon.colcon_core.package_identification:_identify(src/motoman_ros2_support_packages/motoman_hc10dtp_support) by extension 'ignore'
[0.275s] Level 1:colcon.colcon_core.package_identification:_identify(src/motoman_ros2_support_packages/motoman_hc10dtp_support) by extension 'ignore_ament_install'
[0.275s] Level 1:colcon.colcon_core.package_identification:_identify(src/motoman_ros2_support_packages/motoman_hc10dtp_support) by extensions ['colcon_pkg']
[0.275s] Level 1:colcon.colcon_core.package_identification:_identify(src/motoman_ros2_support_packages/motoman_hc10dtp_support) by extension 'colcon_pkg'
[0.275s] Level 1:colcon.colcon_core.package_identification:_identify(src/motoman_ros2_support_packages/motoman_hc10dtp_support) by extensions ['colcon_meta']
[0.275s] Level 1:colcon.colcon_core.package_identification:_identify(src/motoman_ros2_support_packages/motoman_hc10dtp_support) by extension 'colcon_meta'
[0.275s] Level 1:colcon.colcon_core.package_identification:_identify(src/motoman_ros2_support_packages/motoman_hc10dtp_support) by extensions ['ros']
[0.275s] Level 1:colcon.colcon_core.package_identification:_identify(src/motoman_ros2_support_packages/motoman_hc10dtp_support) by extension 'ros'
[0.276s] DEBUG:colcon.colcon_core.package_identification:Package 'src/motoman_ros2_support_packages/motoman_hc10dtp_support' with type 'ros.ament_cmake' and name 'motoman_hc10dtp_support'
[0.276s] Level 1:colcon.colcon_core.package_identification:_identify(src/motoman_ros2_support_packages/motoman_resources) by extensions ['ignore', 'ignore_ament_install']
[0.276s] Level 1:colcon.colcon_core.package_identification:_identify(src/motoman_ros2_support_packages/motoman_resources) by extension 'ignore'
[0.276s] Level 1:colcon.colcon_core.package_identification:_identify(src/motoman_ros2_support_packages/motoman_resources) by extension 'ignore_ament_install'
[0.276s] Level 1:colcon.colcon_core.package_identification:_identify(src/motoman_ros2_support_packages/motoman_resources) by extensions ['colcon_pkg']
[0.276s] Level 1:colcon.colcon_core.package_identification:_identify(src/motoman_ros2_support_packages/motoman_resources) by extension 'colcon_pkg'
[0.276s] Level 1:colcon.colcon_core.package_identification:_identify(src/motoman_ros2_support_packages/motoman_resources) by extensions ['colcon_meta']
[0.276s] Level 1:colcon.colcon_core.package_identification:_identify(src/motoman_ros2_support_packages/motoman_resources) by extension 'colcon_meta'
[0.276s] Level 1:colcon.colcon_core.package_identification:_identify(src/motoman_ros2_support_packages/motoman_resources) by extensions ['ros']
[0.276s] Level 1:colcon.colcon_core.package_identification:_identify(src/motoman_ros2_support_packages/motoman_resources) by extension 'ros'
[0.276s] DEBUG:colcon.colcon_core.package_identification:Package 'src/motoman_ros2_support_packages/motoman_resources' with type 'ros.ament_cmake' and name 'motoman_resources'
[0.276s] Level 1:colcon.colcon_core.package_identification:_identify(src/motoros2_client_interface_dependencies) by extensions ['ignore', 'ignore_ament_install']
[0.276s] Level 1:colcon.colcon_core.package_identification:_identify(src/motoros2_client_interface_dependencies) by extension 'ignore'
[0.276s] Level 1:colcon.colcon_core.package_identification:_identify(src/motoros2_client_interface_dependencies) by extension 'ignore_ament_install'
[0.276s] Level 1:colcon.colcon_core.package_identification:_identify(src/motoros2_client_interface_dependencies) by extensions ['colcon_pkg']
[0.276s] Level 1:colcon.colcon_core.package_identification:_identify(src/motoros2_client_interface_dependencies) by extension 'colcon_pkg'
[0.276s] Level 1:colcon.colcon_core.package_identification:_identify(src/motoros2_client_interface_dependencies) by extensions ['colcon_meta']
[0.276s] Level 1:colcon.colcon_core.package_identification:_identify(src/motoros2_client_interface_dependencies) by extension 'colcon_meta'
[0.276s] Level 1:colcon.colcon_core.package_identification:_identify(src/motoros2_client_interface_dependencies) by extensions ['ros']
[0.276s] Level 1:colcon.colcon_core.package_identification:_identify(src/motoros2_client_interface_dependencies) by extension 'ros'
[0.277s] DEBUG:colcon.colcon_core.package_identification:Package 'src/motoros2_client_interface_dependencies' with type 'ros.ament_cmake' and name 'motoros2_client_interface_dependencies'
[0.277s] Level 1:colcon.colcon_core.package_identification:_identify(src/motoros2_client_library) by extensions ['ignore', 'ignore_ament_install']
[0.277s] Level 1:colcon.colcon_core.package_identification:_identify(src/motoros2_client_library) by extension 'ignore'
[0.277s] Level 1:colcon.colcon_core.package_identification:_identify(src/motoros2_client_library) by extension 'ignore_ament_install'
[0.277s] Level 1:colcon.colcon_core.package_identification:_identify(src/motoros2_client_library) by extensions ['colcon_pkg']
[0.277s] Level 1:colcon.colcon_core.package_identification:_identify(src/motoros2_client_library) by extension 'colcon_pkg'
[0.277s] Level 1:colcon.colcon_core.package_identification:_identify(src/motoros2_client_library) by extensions ['colcon_meta']
[0.277s] Level 1:colcon.colcon_core.package_identification:_identify(src/motoros2_client_library) by extension 'colcon_meta'
[0.277s] Level 1:colcon.colcon_core.package_identification:_identify(src/motoros2_client_library) by extensions ['ros']
[0.277s] Level 1:colcon.colcon_core.package_identification:_identify(src/motoros2_client_library) by extension 'ros'
[0.277s] Level 1:colcon.colcon_core.package_identification:_identify(src/motoros2_client_library) by extensions ['cmake', 'python']
[0.277s] Level 1:colcon.colcon_core.package_identification:_identify(src/motoros2_client_library) by extension 'cmake'
[0.277s] Level 1:colcon.colcon_core.package_identification:_identify(src/motoros2_client_library) by extension 'python'
[0.277s] Level 1:colcon.colcon_core.package_identification:_identify(src/motoros2_client_library) by extensions ['python_setup_py']
[0.277s] Level 1:colcon.colcon_core.package_identification:_identify(src/motoros2_client_library) by extension 'python_setup_py'
[0.277s] Level 1:colcon.colcon_core.package_identification:_identify(src/predictor_ui) by extensions ['ignore', 'ignore_ament_install']
[0.277s] Level 1:colcon.colcon_core.package_identification:_identify(src/predictor_ui) by extension 'ignore'
[0.277s] Level 1:colcon.colcon_core.package_identification:_identify(src/predictor_ui) by extension 'ignore_ament_install'
[0.277s] Level 1:colcon.colcon_core.package_identification:_identify(src/predictor_ui) by extensions ['colcon_pkg']
[0.277s] Level 1:colcon.colcon_core.package_identification:_identify(src/predictor_ui) by extension 'colcon_pkg'
[0.277s] Level 1:colcon.colcon_core.package_identification:_identify(src/predictor_ui) by extensions ['colcon_meta']
[0.277s] Level 1:colcon.colcon_core.package_identification:_identify(src/predictor_ui) by extension 'colcon_meta'
[0.277s] Level 1:colcon.colcon_core.package_identification:_identify(src/predictor_ui) by extensions ['ros']
[0.277s] Level 1:colcon.colcon_core.package_identification:_identify(src/predictor_ui) by extension 'ros'
[0.278s] DEBUG:colcon.colcon_core.package_identification:Package 'src/predictor_ui' with type 'ros.ament_python' and name 'predictor_ui'
[0.278s] Level 1:colcon.colcon_core.package_identification:_identify(src/realsense_tracker) by extensions ['ignore', 'ignore_ament_install']
[0.278s] Level 1:colcon.colcon_core.package_identification:_identify(src/realsense_tracker) by extension 'ignore'
[0.278s] Level 1:colcon.colcon_core.package_identification:_identify(src/realsense_tracker) by extension 'ignore_ament_install'
[0.278s] Level 1:colcon.colcon_core.package_identification:_identify(src/realsense_tracker) by extensions ['colcon_pkg']
[0.278s] Level 1:colcon.colcon_core.package_identification:_identify(src/realsense_tracker) by extension 'colcon_pkg'
[0.279s] Level 1:colcon.colcon_core.package_identification:_identify(src/realsense_tracker) by extensions ['colcon_meta']
[0.279s] Level 1:colcon.colcon_core.package_identification:_identify(src/realsense_tracker) by extension 'colcon_meta'
[0.279s] Level 1:colcon.colcon_core.package_identification:_identify(src/realsense_tracker) by extensions ['ros']
[0.279s] Level 1:colcon.colcon_core.package_identification:_identify(src/realsense_tracker) by extension 'ros'
[0.279s] DEBUG:colcon.colcon_core.package_identification:Package 'src/realsense_tracker' with type 'ros.ament_python' and name 'realsense_tracker'
[0.279s] Level 1:colcon.colcon_core.package_identification:_identify(src/ros-industrial) by extensions ['ignore', 'ignore_ament_install']
[0.279s] Level 1:colcon.colcon_core.package_identification:_identify(src/ros-industrial) by extension 'ignore'
[0.279s] Level 1:colcon.colcon_core.package_identification:_identify(src/ros-industrial) by extension 'ignore_ament_install'
[0.279s] Level 1:colcon.colcon_core.package_identification:_identify(src/ros-industrial) by extensions ['colcon_pkg']
[0.279s] Level 1:colcon.colcon_core.package_identification:_identify(src/ros-industrial) by extension 'colcon_pkg'
[0.280s] Level 1:colcon.colcon_core.package_identification:_identify(src/ros-industrial) by extensions ['colcon_meta']
[0.280s] Level 1:colcon.colcon_core.package_identification:_identify(src/ros-industrial) by extension 'colcon_meta'
[0.280s] Level 1:colcon.colcon_core.package_identification:_identify(src/ros-industrial) by extensions ['ros']
[0.280s] Level 1:colcon.colcon_core.package_identification:_identify(src/ros-industrial) by extension 'ros'
[0.280s] Level 1:colcon.colcon_core.package_identification:_identify(src/ros-industrial) by extensions ['cmake', 'python']
[0.280s] Level 1:colcon.colcon_core.package_identification:_identify(src/ros-industrial) by extension 'cmake'
[0.280s] Level 1:colcon.colcon_core.package_identification:_identify(src/ros-industrial) by extension 'python'
[0.280s] Level 1:colcon.colcon_core.package_identification:_identify(src/ros-industrial) by extensions ['python_setup_py']
[0.280s] Level 1:colcon.colcon_core.package_identification:_identify(src/ros-industrial) by extension 'python_setup_py'
[0.280s] Level 1:colcon.colcon_core.package_identification:_identify(src/ros-industrial/industrial_core_ros2_msgs_only) by extensions ['ignore', 'ignore_ament_install']
[0.280s] Level 1:colcon.colcon_core.package_identification:_identify(src/ros-industrial/industrial_core_ros2_msgs_only) by extension 'ignore'
[0.280s] Level 1:colcon.colcon_core.package_identification:_identify(src/ros-industrial/industrial_core_ros2_msgs_only) by extension 'ignore_ament_install'
[0.280s] Level 1:colcon.colcon_core.package_identification:_identify(src/ros-industrial/industrial_core_ros2_msgs_only) by extensions ['colcon_pkg']
[0.280s] Level 1:colcon.colcon_core.package_identification:_identify(src/ros-industrial/industrial_core_ros2_msgs_only) by extension 'colcon_pkg'
[0.280s] Level 1:colcon.colcon_core.package_identification:_identify(src/ros-industrial/industrial_core_ros2_msgs_only) by extensions ['colcon_meta']
[0.280s] Level 1:colcon.colcon_core.package_identification:_identify(src/ros-industrial/industrial_core_ros2_msgs_only) by extension 'colcon_meta'
[0.280s] Level 1:colcon.colcon_core.package_identification:_identify(src/ros-industrial/industrial_core_ros2_msgs_only) by extensions ['ros']
[0.280s] Level 1:colcon.colcon_core.package_identification:_identify(src/ros-industrial/industrial_core_ros2_msgs_only) by extension 'ros'
[0.280s] Level 1:colcon.colcon_core.package_identification:_identify(src/ros-industrial/industrial_core_ros2_msgs_only) by extensions ['cmake', 'python']
[0.280s] Level 1:colcon.colcon_core.package_identification:_identify(src/ros-industrial/industrial_core_ros2_msgs_only) by extension 'cmake'
[0.280s] Level 1:colcon.colcon_core.package_identification:_identify(src/ros-industrial/industrial_core_ros2_msgs_only) by extension 'python'
[0.280s] Level 1:colcon.colcon_core.package_identification:_identify(src/ros-industrial/industrial_core_ros2_msgs_only) by extensions ['python_setup_py']
[0.280s] Level 1:colcon.colcon_core.package_identification:_identify(src/ros-industrial/industrial_core_ros2_msgs_only) by extension 'python_setup_py'
[0.280s] Level 1:colcon.colcon_core.package_identification:_identify(src/ros-industrial/industrial_core_ros2_msgs_only/industrial_msgs) by extensions ['ignore', 'ignore_ament_install']
[0.280s] Level 1:colcon.colcon_core.package_identification:_identify(src/ros-industrial/industrial_core_ros2_msgs_only/industrial_msgs) by extension 'ignore'
[0.280s] Level 1:colcon.colcon_core.package_identification:_identify(src/ros-industrial/industrial_core_ros2_msgs_only/industrial_msgs) by extension 'ignore_ament_install'
[0.280s] Level 1:colcon.colcon_core.package_identification:_identify(src/ros-industrial/industrial_core_ros2_msgs_only/industrial_msgs) by extensions ['colcon_pkg']
[0.280s] Level 1:colcon.colcon_core.package_identification:_identify(src/ros-industrial/industrial_core_ros2_msgs_only/industrial_msgs) by extension 'colcon_pkg'
[0.280s] Level 1:colcon.colcon_core.package_identification:_identify(src/ros-industrial/industrial_core_ros2_msgs_only/industrial_msgs) by extensions ['colcon_meta']
[0.280s] Level 1:colcon.colcon_core.package_identification:_identify(src/ros-industrial/industrial_core_ros2_msgs_only/industrial_msgs) by extension 'colcon_meta'
[0.280s] Level 1:colcon.colcon_core.package_identification:_identify(src/ros-industrial/industrial_core_ros2_msgs_only/industrial_msgs) by extensions ['ros']
[0.280s] Level 1:colcon.colcon_core.package_identification:_identify(src/ros-industrial/industrial_core_ros2_msgs_only/industrial_msgs) by extension 'ros'
[0.281s] DEBUG:colcon.colcon_core.package_identification:Package 'src/ros-industrial/industrial_core_ros2_msgs_only/industrial_msgs' with type 'ros.ament_cmake' and name 'industrial_msgs'
[0.281s] Level 1:colcon.colcon_core.package_identification:_identify(src/trac_ik) by extensions ['ignore', 'ignore_ament_install']
[0.281s] Level 1:colcon.colcon_core.package_identification:_identify(src/trac_ik) by extension 'ignore'
[0.281s] Level 1:colcon.colcon_core.package_identification:_identify(src/trac_ik) by extension 'ignore_ament_install'
[0.281s] Level 1:colcon.colcon_core.package_identification:_identify(src/trac_ik) by extensions ['colcon_pkg']
[0.281s] Level 1:colcon.colcon_core.package_identification:_identify(src/trac_ik) by extension 'colcon_pkg'
[0.281s] Level 1:colcon.colcon_core.package_identification:_identify(src/trac_ik) by extensions ['colcon_meta']
[0.281s] Level 1:colcon.colcon_core.package_identification:_identify(src/trac_ik) by extension 'colcon_meta'
[0.281s] Level 1:colcon.colcon_core.package_identification:_identify(src/trac_ik) by extensions ['ros']
[0.281s] Level 1:colcon.colcon_core.package_identification:_identify(src/trac_ik) by extension 'ros'
[0.281s] Level 1:colcon.colcon_core.package_identification:_identify(src/trac_ik) by extensions ['cmake', 'python']
[0.281s] Level 1:colcon.colcon_core.package_identification:_identify(src/trac_ik) by extension 'cmake'
[0.281s] Level 1:colcon.colcon_core.package_identification:_identify(src/trac_ik) by extension 'python'
[0.281s] Level 1:colcon.colcon_core.package_identification:_identify(src/trac_ik) by extensions ['python_setup_py']
[0.281s] Level 1:colcon.colcon_core.package_identification:_identify(src/trac_ik) by extension 'python_setup_py'
[0.282s] Level 1:colcon.colcon_core.package_identification:_identify(src/trac_ik/nlopt) by extensions ['ignore', 'ignore_ament_install']
[0.282s] Level 1:colcon.colcon_core.package_identification:_identify(src/trac_ik/nlopt) by extension 'ignore'
[0.282s] Level 1:colcon.colcon_core.package_identification:_identify(src/trac_ik/nlopt) by extension 'ignore_ament_install'
[0.282s] Level 1:colcon.colcon_core.package_identification:_identify(src/trac_ik/nlopt) by extensions ['colcon_pkg']
[0.282s] Level 1:colcon.colcon_core.package_identification:_identify(src/trac_ik/nlopt) by extension 'colcon_pkg'
[0.282s] Level 1:colcon.colcon_core.package_identification:_identify(src/trac_ik/nlopt) by extensions ['colcon_meta']
[0.282s] Level 1:colcon.colcon_core.package_identification:_identify(src/trac_ik/nlopt) by extension 'colcon_meta'
[0.282s] Level 1:colcon.colcon_core.package_identification:_identify(src/trac_ik/nlopt) by extensions ['ros']
[0.282s] Level 1:colcon.colcon_core.package_identification:_identify(src/trac_ik/nlopt) by extension 'ros'
[0.282s] Level 1:colcon.colcon_core.package_identification:_identify(src/trac_ik/nlopt) by extensions ['cmake', 'python']
[0.282s] Level 1:colcon.colcon_core.package_identification:_identify(src/trac_ik/nlopt) by extension 'cmake'
[0.282s] Level 1:colcon.colcon_core.package_identification:_identify(src/trac_ik/nlopt) by extension 'python'
[0.282s] Level 1:colcon.colcon_core.package_identification:_identify(src/trac_ik/nlopt) by extensions ['python_setup_py']
[0.282s] Level 1:colcon.colcon_core.package_identification:_identify(src/trac_ik/nlopt) by extension 'python_setup_py'
[0.282s] Level 1:colcon.colcon_core.package_identification:_identify(src/trac_ik/trac_ik) by extensions ['ignore', 'ignore_ament_install']
[0.282s] Level 1:colcon.colcon_core.package_identification:_identify(src/trac_ik/trac_ik) by extension 'ignore'
[0.282s] Level 1:colcon.colcon_core.package_identification:_identify(src/trac_ik/trac_ik) by extension 'ignore_ament_install'
[0.282s] Level 1:colcon.colcon_core.package_identification:_identify(src/trac_ik/trac_ik) by extensions ['colcon_pkg']
[0.282s] Level 1:colcon.colcon_core.package_identification:_identify(src/trac_ik/trac_ik) by extension 'colcon_pkg'
[0.282s] Level 1:colcon.colcon_core.package_identification:_identify(src/trac_ik/trac_ik) by extensions ['colcon_meta']
[0.283s] Level 1:colcon.colcon_core.package_identification:_identify(src/trac_ik/trac_ik) by extension 'colcon_meta'
[0.283s] Level 1:colcon.colcon_core.package_identification:_identify(src/trac_ik/trac_ik) by extensions ['ros']
[0.283s] Level 1:colcon.colcon_core.package_identification:_identify(src/trac_ik/trac_ik) by extension 'ros'
[0.283s] DEBUG:colcon.colcon_core.package_identification:Package 'src/trac_ik/trac_ik' with type 'ros.ament_cmake' and name 'trac_ik'
[0.283s] Level 1:colcon.colcon_core.package_identification:_identify(src/trac_ik/trac_ik_examples) by extensions ['ignore', 'ignore_ament_install']
[0.283s] Level 1:colcon.colcon_core.package_identification:_identify(src/trac_ik/trac_ik_examples) by extension 'ignore'
[0.283s] Level 1:colcon.colcon_core.package_identification:_identify(src/trac_ik/trac_ik_examples) ignored
[0.283s] Level 1:colcon.colcon_core.package_identification:_identify(src/trac_ik/trac_ik_kinematics) by extensions ['ignore', 'ignore_ament_install']
[0.284s] Level 1:colcon.colcon_core.package_identification:_identify(src/trac_ik/trac_ik_kinematics) by extension 'ignore'
[0.284s] Level 1:colcon.colcon_core.package_identification:_identify(src/trac_ik/trac_ik_kinematics) by extension 'ignore_ament_install'
[0.284s] Level 1:colcon.colcon_core.package_identification:_identify(src/trac_ik/trac_ik_kinematics) by extensions ['colcon_pkg']
[0.284s] Level 1:colcon.colcon_core.package_identification:_identify(src/trac_ik/trac_ik_kinematics) by extension 'colcon_pkg'
[0.284s] Level 1:colcon.colcon_core.package_identification:_identify(src/trac_ik/trac_ik_kinematics) by extensions ['colcon_meta']
[0.284s] Level 1:colcon.colcon_core.package_identification:_identify(src/trac_ik/trac_ik_kinematics) by extension 'colcon_meta'
[0.284s] Level 1:colcon.colcon_core.package_identification:_identify(src/trac_ik/trac_ik_kinematics) by extensions ['ros']
[0.284s] Level 1:colcon.colcon_core.package_identification:_identify(src/trac_ik/trac_ik_kinematics) by extension 'ros'
[0.284s] DEBUG:colcon.colcon_core.package_identification:Package 'src/trac_ik/trac_ik_kinematics' with type 'ros.ament_cmake' and name 'trac_ik_kinematics'
[0.284s] Level 1:colcon.colcon_core.package_identification:_identify(src/trac_ik/trac_ik_lib) by extensions ['ignore', 'ignore_ament_install']
[0.285s] Level 1:colcon.colcon_core.package_identification:_identify(src/trac_ik/trac_ik_lib) by extension 'ignore'
[0.285s] Level 1:colcon.colcon_core.package_identification:_identify(src/trac_ik/trac_ik_lib) by extension 'ignore_ament_install'
[0.285s] Level 1:colcon.colcon_core.package_identification:_identify(src/trac_ik/trac_ik_lib) by extensions ['colcon_pkg']
[0.285s] Level 1:colcon.colcon_core.package_identification:_identify(src/trac_ik/trac_ik_lib) by extension 'colcon_pkg'
[0.285s] Level 1:colcon.colcon_core.package_identification:_identify(src/trac_ik/trac_ik_lib) by extensions ['colcon_meta']
[0.285s] Level 1:colcon.colcon_core.package_identification:_identify(src/trac_ik/trac_ik_lib) by extension 'colcon_meta'
[0.285s] Level 1:colcon.colcon_core.package_identification:_identify(src/trac_ik/trac_ik_lib) by extensions ['ros']
[0.285s] Level 1:colcon.colcon_core.package_identification:_identify(src/trac_ik/trac_ik_lib) by extension 'ros'
[0.285s] DEBUG:colcon.colcon_core.package_identification:Package 'src/trac_ik/trac_ik_lib' with type 'ros.ament_cmake' and name 'trac_ik_lib'
[0.285s] Level 1:colcon.colcon_core.package_identification:_identify(src/trac_ik/trac_ik_python) by extensions ['ignore', 'ignore_ament_install']
[0.285s] Level 1:colcon.colcon_core.package_identification:_identify(src/trac_ik/trac_ik_python) by extension 'ignore'
[0.285s] Level 1:colcon.colcon_core.package_identification:_identify(src/trac_ik/trac_ik_python) ignored
[0.285s] Level 1:colcon.colcon_core.package_identification:_identify(src/trajectory_predictor) by extensions ['ignore', 'ignore_ament_install']
[0.285s] Level 1:colcon.colcon_core.package_identification:_identify(src/trajectory_predictor) by extension 'ignore'
[0.285s] Level 1:colcon.colcon_core.package_identification:_identify(src/trajectory_predictor) by extension 'ignore_ament_install'
[0.285s] Level 1:colcon.colcon_core.package_identification:_identify(src/trajectory_predictor) by extensions ['colcon_pkg']
[0.285s] Level 1:colcon.colcon_core.package_identification:_identify(src/trajectory_predictor) by extension 'colcon_pkg'
[0.285s] Level 1:colcon.colcon_core.package_identification:_identify(src/trajectory_predictor) by extensions ['colcon_meta']
[0.285s] Level 1:colcon.colcon_core.package_identification:_identify(src/trajectory_predictor) by extension 'colcon_meta'
[0.285s] Level 1:colcon.colcon_core.package_identification:_identify(src/trajectory_predictor) by extensions ['ros']
[0.285s] Level 1:colcon.colcon_core.package_identification:_identify(src/trajectory_predictor) by extension 'ros'
[0.286s] DEBUG:colcon.colcon_core.package_identification:Package 'src/trajectory_predictor' with type 'ros.ament_python' and name 'trajectory_predictor'
[0.286s] Level 1:colcon.colcon_core.package_identification:_identify(src/yaskawa-global) by extensions ['ignore', 'ignore_ament_install']
[0.286s] Level 1:colcon.colcon_core.package_identification:_identify(src/yaskawa-global) by extension 'ignore'
[0.286s] Level 1:colcon.colcon_core.package_identification:_identify(src/yaskawa-global) by extension 'ignore_ament_install'
[0.286s] Level 1:colcon.colcon_core.package_identification:_identify(src/yaskawa-global) by extensions ['colcon_pkg']
[0.286s] Level 1:colcon.colcon_core.package_identification:_identify(src/yaskawa-global) by extension 'colcon_pkg'
[0.286s] Level 1:colcon.colcon_core.package_identification:_identify(src/yaskawa-global) by extensions ['colcon_meta']
[0.286s] Level 1:colcon.colcon_core.package_identification:_identify(src/yaskawa-global) by extension 'colcon_meta'
[0.286s] Level 1:colcon.colcon_core.package_identification:_identify(src/yaskawa-global) by extensions ['ros']
[0.286s] Level 1:colcon.colcon_core.package_identification:_identify(src/yaskawa-global) by extension 'ros'
[0.286s] Level 1:colcon.colcon_core.package_identification:_identify(src/yaskawa-global) by extensions ['cmake', 'python']
[0.286s] Level 1:colcon.colcon_core.package_identification:_identify(src/yaskawa-global) by extension 'cmake'
[0.286s] Level 1:colcon.colcon_core.package_identification:_identify(src/yaskawa-global) by extension 'python'
[0.286s] Level 1:colcon.colcon_core.package_identification:_identify(src/yaskawa-global) by extensions ['python_setup_py']
[0.286s] Level 1:colcon.colcon_core.package_identification:_identify(src/yaskawa-global) by extension 'python_setup_py'
[0.286s] Level 1:colcon.colcon_core.package_identification:_identify(src/yaskawa-global/motoros2_interfaces) by extensions ['ignore', 'ignore_ament_install']
[0.286s] Level 1:colcon.colcon_core.package_identification:_identify(src/yaskawa-global/motoros2_interfaces) by extension 'ignore'
[0.286s] Level 1:colcon.colcon_core.package_identification:_identify(src/yaskawa-global/motoros2_interfaces) by extension 'ignore_ament_install'
[0.286s] Level 1:colcon.colcon_core.package_identification:_identify(src/yaskawa-global/motoros2_interfaces) by extensions ['colcon_pkg']
[0.286s] Level 1:colcon.colcon_core.package_identification:_identify(src/yaskawa-global/motoros2_interfaces) by extension 'colcon_pkg'
[0.286s] Level 1:colcon.colcon_core.package_identification:_identify(src/yaskawa-global/motoros2_interfaces) by extensions ['colcon_meta']
[0.286s] Level 1:colcon.colcon_core.package_identification:_identify(src/yaskawa-global/motoros2_interfaces) by extension 'colcon_meta'
[0.286s] Level 1:colcon.colcon_core.package_identification:_identify(src/yaskawa-global/motoros2_interfaces) by extensions ['ros']
[0.286s] Level 1:colcon.colcon_core.package_identification:_identify(src/yaskawa-global/motoros2_interfaces) by extension 'ros'
[0.287s] DEBUG:colcon.colcon_core.package_identification:Package 'src/yaskawa-global/motoros2_interfaces' with type 'ros.ament_cmake' and name 'motoros2_interfaces'
[0.287s] Level 1:colcon.colcon_core.package_discovery:discover_packages(recursive) using defaults
[0.287s] Level 1:colcon.colcon_core.package_discovery:discover_packages(ignore) discover
[0.287s] Level 1:colcon.colcon_core.package_discovery:discover_packages(ignore) using defaults
[0.287s] Level 1:colcon.colcon_core.package_discovery:discover_packages(path) discover
[0.287s] Level 1:colcon.colcon_core.package_discovery:discover_packages(path) using defaults
[0.322s] Level 1:colcon.colcon_core.package_discovery:discover_packages(prefix_path) check parameters
[0.322s] Level 1:colcon.colcon_core.package_discovery:discover_packages(prefix_path) discover
[0.323s] Level 1:colcon.colcon_core.package_discovery:discover_packages(prefix_path) using defaults
[0.324s] Level 5:colcon.colcon_core.verb:set package 'human_hand_msgs' build argument 'cmake_args' from command line to 'None'
[0.324s] Level 5:colcon.colcon_core.verb:set package 'human_hand_msgs' build argument 'cmake_target' from command line to 'None'
[0.324s] Level 5:colcon.colcon_core.verb:set package 'human_hand_msgs' build argument 'cmake_target_skip_unavailable' from command line to 'False'
[0.324s] Level 5:colcon.colcon_core.verb:set package 'human_hand_msgs' build argument 'cmake_clean_cache' from command line to 'False'
[0.324s] Level 5:colcon.colcon_core.verb:set package 'human_hand_msgs' build argument 'cmake_clean_first' from command line to 'False'
[0.324s] Level 5:colcon.colcon_core.verb:set package 'human_hand_msgs' build argument 'cmake_force_configure' from command line to 'False'
[0.324s] Level 5:colcon.colcon_core.verb:set package 'human_hand_msgs' build argument 'ament_cmake_args' from command line to 'None'
[0.324s] Level 5:colcon.colcon_core.verb:set package 'human_hand_msgs' build argument 'catkin_cmake_args' from command line to 'None'
[0.324s] Level 5:colcon.colcon_core.verb:set package 'human_hand_msgs' build argument 'catkin_skip_building_tests' from command line to 'False'
[0.324s] DEBUG:colcon.colcon_core.verb:Building package 'human_hand_msgs' with the following arguments: {'ament_cmake_args': None, 'build_base': '/home/duy/cocarry_ws/build/human_hand_msgs', 'catkin_cmake_args': None, 'catkin_skip_building_tests': False, 'cmake_args': None, 'cmake_clean_cache': False, 'cmake_clean_first': False, 'cmake_force_configure': False, 'cmake_target': None, 'cmake_target_skip_unavailable': False, 'install_base': '/home/duy/cocarry_ws/install/human_hand_msgs', 'merge_install': False, 'path': '/home/duy/cocarry_ws/src/human_hand_msgs', 'symlink_install': True, 'test_result_base': None}
[0.325s] Level 5:colcon.colcon_core.verb:set package 'industrial_msgs' build argument 'cmake_args' from command line to 'None'
[0.325s] Level 5:colcon.colcon_core.verb:set package 'industrial_msgs' build argument 'cmake_target' from command line to 'None'
[0.325s] Level 5:colcon.colcon_core.verb:set package 'industrial_msgs' build argument 'cmake_target_skip_unavailable' from command line to 'False'
[0.325s] Level 5:colcon.colcon_core.verb:set package 'industrial_msgs' build argument 'cmake_clean_cache' from command line to 'False'
[0.325s] Level 5:colcon.colcon_core.verb:set package 'industrial_msgs' build argument 'cmake_clean_first' from command line to 'False'
[0.325s] Level 5:colcon.colcon_core.verb:set package 'industrial_msgs' build argument 'cmake_force_configure' from command line to 'False'
[0.325s] Level 5:colcon.colcon_core.verb:set package 'industrial_msgs' build argument 'ament_cmake_args' from command line to 'None'
[0.325s] Level 5:colcon.colcon_core.verb:set package 'industrial_msgs' build argument 'catkin_cmake_args' from command line to 'None'
[0.325s] Level 5:colcon.colcon_core.verb:set package 'industrial_msgs' build argument 'catkin_skip_building_tests' from command line to 'False'
[0.325s] DEBUG:colcon.colcon_core.verb:Building package 'industrial_msgs' with the following arguments: {'ament_cmake_args': None, 'build_base': '/home/duy/cocarry_ws/build/industrial_msgs', 'catkin_cmake_args': None, 'catkin_skip_building_tests': False, 'cmake_args': None, 'cmake_clean_cache': False, 'cmake_clean_first': False, 'cmake_force_configure': False, 'cmake_target': None, 'cmake_target_skip_unavailable': False, 'install_base': '/home/duy/cocarry_ws/install/industrial_msgs', 'merge_install': False, 'path': '/home/duy/cocarry_ws/src/ros-industrial/industrial_core_ros2_msgs_only/industrial_msgs', 'symlink_install': True, 'test_result_base': None}
[0.325s] Level 5:colcon.colcon_core.verb:set package 'kinect2_registration' build argument 'cmake_args' from command line to 'None'
[0.325s] Level 5:colcon.colcon_core.verb:set package 'kinect2_registration' build argument 'cmake_target' from command line to 'None'
[0.325s] Level 5:colcon.colcon_core.verb:set package 'kinect2_registration' build argument 'cmake_target_skip_unavailable' from command line to 'False'
[0.325s] Level 5:colcon.colcon_core.verb:set package 'kinect2_registration' build argument 'cmake_clean_cache' from command line to 'False'
[0.325s] Level 5:colcon.colcon_core.verb:set package 'kinect2_registration' build argument 'cmake_clean_first' from command line to 'False'
[0.325s] Level 5:colcon.colcon_core.verb:set package 'kinect2_registration' build argument 'cmake_force_configure' from command line to 'False'
[0.325s] Level 5:colcon.colcon_core.verb:set package 'kinect2_registration' build argument 'ament_cmake_args' from command line to 'None'
[0.325s] Level 5:colcon.colcon_core.verb:set package 'kinect2_registration' build argument 'catkin_cmake_args' from command line to 'None'
[0.325s] Level 5:colcon.colcon_core.verb:set package 'kinect2_registration' build argument 'catkin_skip_building_tests' from command line to 'False'
[0.325s] DEBUG:colcon.colcon_core.verb:Building package 'kinect2_registration' with the following arguments: {'ament_cmake_args': None, 'build_base': '/home/duy/cocarry_ws/build/kinect2_registration', 'catkin_cmake_args': None, 'catkin_skip_building_tests': False, 'cmake_args': None, 'cmake_clean_cache': False, 'cmake_clean_first': False, 'cmake_force_configure': False, 'cmake_target': None, 'cmake_target_skip_unavailable': False, 'install_base': '/home/duy/cocarry_ws/install/kinect2_registration', 'merge_install': False, 'path': '/home/duy/cocarry_ws/src/kinect2_ros2/kinect2_registration', 'symlink_install': True, 'test_result_base': None}
[0.325s] Level 5:colcon.colcon_core.verb:set package 'libfreenect2' build argument 'cmake_args' from command line to 'None'
[0.325s] Level 5:colcon.colcon_core.verb:set package 'libfreenect2' build argument 'cmake_target' from command line to 'None'
[0.325s] Level 5:colcon.colcon_core.verb:set package 'libfreenect2' build argument 'cmake_target_skip_unavailable' from command line to 'False'
[0.325s] Level 5:colcon.colcon_core.verb:set package 'libfreenect2' build argument 'cmake_clean_cache' from command line to 'False'
[0.325s] Level 5:colcon.colcon_core.verb:set package 'libfreenect2' build argument 'cmake_clean_first' from command line to 'False'
[0.325s] Level 5:colcon.colcon_core.verb:set package 'libfreenect2' build argument 'cmake_force_configure' from command line to 'False'
[0.325s] Level 5:colcon.colcon_core.verb:set package 'libfreenect2' build argument 'ament_cmake_args' from command line to 'None'
[0.325s] Level 5:colcon.colcon_core.verb:set package 'libfreenect2' build argument 'catkin_cmake_args' from command line to 'None'
[0.325s] Level 5:colcon.colcon_core.verb:set package 'libfreenect2' build argument 'catkin_skip_building_tests' from command line to 'False'
[0.325s] DEBUG:colcon.colcon_core.verb:Building package 'libfreenect2' with the following arguments: {'ament_cmake_args': None, 'build_base': '/home/duy/cocarry_ws/build/libfreenect2', 'catkin_cmake_args': None, 'catkin_skip_building_tests': False, 'cmake_args': None, 'cmake_clean_cache': False, 'cmake_clean_first': False, 'cmake_force_configure': False, 'cmake_target': None, 'cmake_target_skip_unavailable': False, 'install_base': '/home/duy/cocarry_ws/install/libfreenect2', 'merge_install': False, 'path': '/home/duy/cocarry_ws/libfreenect2', 'symlink_install': True, 'test_result_base': None}
[0.326s] Level 5:colcon.colcon_core.verb:set package 'motoman_resources' build argument 'cmake_args' from command line to 'None'
[0.326s] Level 5:colcon.colcon_core.verb:set package 'motoman_resources' build argument 'cmake_target' from command line to 'None'
[0.326s] Level 5:colcon.colcon_core.verb:set package 'motoman_resources' build argument 'cmake_target_skip_unavailable' from command line to 'False'
[0.326s] Level 5:colcon.colcon_core.verb:set package 'motoman_resources' build argument 'cmake_clean_cache' from command line to 'False'
[0.326s] Level 5:colcon.colcon_core.verb:set package 'motoman_resources' build argument 'cmake_clean_first' from command line to 'False'
[0.326s] Level 5:colcon.colcon_core.verb:set package 'motoman_resources' build argument 'cmake_force_configure' from command line to 'False'
[0.326s] Level 5:colcon.colcon_core.verb:set package 'motoman_resources' build argument 'ament_cmake_args' from command line to 'None'
[0.326s] Level 5:colcon.colcon_core.verb:set package 'motoman_resources' build argument 'catkin_cmake_args' from command line to 'None'
[0.326s] Level 5:colcon.colcon_core.verb:set package 'motoman_resources' build argument 'catkin_skip_building_tests' from command line to 'False'
[0.326s] DEBUG:colcon.colcon_core.verb:Building package 'motoman_resources' with the following arguments: {'ament_cmake_args': None, 'build_base': '/home/duy/cocarry_ws/build/motoman_resources', 'catkin_cmake_args': None, 'catkin_skip_building_tests': False, 'cmake_args': None, 'cmake_clean_cache': False, 'cmake_clean_first': False, 'cmake_force_configure': False, 'cmake_target': None, 'cmake_target_skip_unavailable': False, 'install_base': '/home/duy/cocarry_ws/install/motoman_resources', 'merge_install': False, 'path': '/home/duy/cocarry_ws/src/motoman_ros2_support_packages/motoman_resources', 'symlink_install': True, 'test_result_base': None}
[0.326s] Level 5:colcon.colcon_core.verb:set package 'motoros2_interfaces' build argument 'cmake_args' from command line to 'None'
[0.326s] Level 5:colcon.colcon_core.verb:set package 'motoros2_interfaces' build argument 'cmake_target' from command line to 'None'
[0.326s] Level 5:colcon.colcon_core.verb:set package 'motoros2_interfaces' build argument 'cmake_target_skip_unavailable' from command line to 'False'
[0.326s] Level 5:colcon.colcon_core.verb:set package 'motoros2_interfaces' build argument 'cmake_clean_cache' from command line to 'False'
[0.326s] Level 5:colcon.colcon_core.verb:set package 'motoros2_interfaces' build argument 'cmake_clean_first' from command line to 'False'
[0.326s] Level 5:colcon.colcon_core.verb:set package 'motoros2_interfaces' build argument 'cmake_force_configure' from command line to 'False'
[0.326s] Level 5:colcon.colcon_core.verb:set package 'motoros2_interfaces' build argument 'ament_cmake_args' from command line to 'None'
[0.326s] Level 5:colcon.colcon_core.verb:set package 'motoros2_interfaces' build argument 'catkin_cmake_args' from command line to 'None'
[0.326s] Level 5:colcon.colcon_core.verb:set package 'motoros2_interfaces' build argument 'catkin_skip_building_tests' from command line to 'False'
[0.326s] DEBUG:colcon.colcon_core.verb:Building package 'motoros2_interfaces' with the following arguments: {'ament_cmake_args': None, 'build_base': '/home/duy/cocarry_ws/build/motoros2_interfaces', 'catkin_cmake_args': None, 'catkin_skip_building_tests': False, 'cmake_args': None, 'cmake_clean_cache': False, 'cmake_clean_first': False, 'cmake_force_configure': False, 'cmake_target': None, 'cmake_target_skip_unavailable': False, 'install_base': '/home/duy/cocarry_ws/install/motoros2_interfaces', 'merge_install': False, 'path': '/home/duy/cocarry_ws/src/yaskawa-global/motoros2_interfaces', 'symlink_install': True, 'test_result_base': None}
[0.326s] Level 5:colcon.colcon_core.verb:set package 'trac_ik_lib' build argument 'cmake_args' from command line to 'None'
[0.326s] Level 5:colcon.colcon_core.verb:set package 'trac_ik_lib' build argument 'cmake_target' from command line to 'None'
[0.326s] Level 5:colcon.colcon_core.verb:set package 'trac_ik_lib' build argument 'cmake_target_skip_unavailable' from command line to 'False'
[0.326s] Level 5:colcon.colcon_core.verb:set package 'trac_ik_lib' build argument 'cmake_clean_cache' from command line to 'False'
[0.326s] Level 5:colcon.colcon_core.verb:set package 'trac_ik_lib' build argument 'cmake_clean_first' from command line to 'False'
[0.326s] Level 5:colcon.colcon_core.verb:set package 'trac_ik_lib' build argument 'cmake_force_configure' from command line to 'False'
[0.326s] Level 5:colcon.colcon_core.verb:set package 'trac_ik_lib' build argument 'ament_cmake_args' from command line to 'None'
[0.326s] Level 5:colcon.colcon_core.verb:set package 'trac_ik_lib' build argument 'catkin_cmake_args' from command line to 'None'
[0.326s] Level 5:colcon.colcon_core.verb:set package 'trac_ik_lib' build argument 'catkin_skip_building_tests' from command line to 'False'
[0.326s] DEBUG:colcon.colcon_core.verb:Building package 'trac_ik_lib' with the following arguments: {'ament_cmake_args': None, 'build_base': '/home/duy/cocarry_ws/build/trac_ik_lib', 'catkin_cmake_args': None, 'catkin_skip_building_tests': False, 'cmake_args': None, 'cmake_clean_cache': False, 'cmake_clean_first': False, 'cmake_force_configure': False, 'cmake_target': None, 'cmake_target_skip_unavailable': False, 'install_base': '/home/duy/cocarry_ws/install/trac_ik_lib', 'merge_install': False, 'path': '/home/duy/cocarry_ws/src/trac_ik/trac_ik_lib', 'symlink_install': True, 'test_result_base': None}
[0.327s] Level 5:colcon.colcon_core.verb:set package 'coord_transform' build argument 'cmake_args' from command line to 'None'
[0.327s] Level 5:colcon.colcon_core.verb:set package 'coord_transform' build argument 'cmake_target' from command line to 'None'
[0.327s] Level 5:colcon.colcon_core.verb:set package 'coord_transform' build argument 'cmake_target_skip_unavailable' from command line to 'False'
[0.327s] Level 5:colcon.colcon_core.verb:set package 'coord_transform' build argument 'cmake_clean_cache' from command line to 'False'
[0.327s] Level 5:colcon.colcon_core.verb:set package 'coord_transform' build argument 'cmake_clean_first' from command line to 'False'
[0.327s] Level 5:colcon.colcon_core.verb:set package 'coord_transform' build argument 'cmake_force_configure' from command line to 'False'
[0.327s] Level 5:colcon.colcon_core.verb:set package 'coord_transform' build argument 'ament_cmake_args' from command line to 'None'
[0.327s] Level 5:colcon.colcon_core.verb:set package 'coord_transform' build argument 'catkin_cmake_args' from command line to 'None'
[0.327s] Level 5:colcon.colcon_core.verb:set package 'coord_transform' build argument 'catkin_skip_building_tests' from command line to 'False'
[0.327s] DEBUG:colcon.colcon_core.verb:Building package 'coord_transform' with the following arguments: {'ament_cmake_args': None, 'build_base': '/home/duy/cocarry_ws/build/coord_transform', 'catkin_cmake_args': None, 'catkin_skip_building_tests': False, 'cmake_args': None, 'cmake_clean_cache': False, 'cmake_clean_first': False, 'cmake_force_configure': False, 'cmake_target': None, 'cmake_target_skip_unavailable': False, 'install_base': '/home/duy/cocarry_ws/install/coord_transform', 'merge_install': False, 'path': '/home/duy/cocarry_ws/src/coord_transform', 'symlink_install': True, 'test_result_base': None}
[0.327s] Level 5:colcon.colcon_core.verb:set package 'experiment_logger' build argument 'cmake_args' from command line to 'None'
[0.327s] Level 5:colcon.colcon_core.verb:set package 'experiment_logger' build argument 'cmake_target' from command line to 'None'
[0.327s] Level 5:colcon.colcon_core.verb:set package 'experiment_logger' build argument 'cmake_target_skip_unavailable' from command line to 'False'
[0.327s] Level 5:colcon.colcon_core.verb:set package 'experiment_logger' build argument 'cmake_clean_cache' from command line to 'False'
[0.327s] Level 5:colcon.colcon_core.verb:set package 'experiment_logger' build argument 'cmake_clean_first' from command line to 'False'
[0.327s] Level 5:colcon.colcon_core.verb:set package 'experiment_logger' build argument 'cmake_force_configure' from command line to 'False'
[0.327s] Level 5:colcon.colcon_core.verb:set package 'experiment_logger' build argument 'ament_cmake_args' from command line to 'None'
[0.327s] Level 5:colcon.colcon_core.verb:set package 'experiment_logger' build argument 'catkin_cmake_args' from command line to 'None'
[0.327s] Level 5:colcon.colcon_core.verb:set package 'experiment_logger' build argument 'catkin_skip_building_tests' from command line to 'False'
[0.327s] DEBUG:colcon.colcon_core.verb:Building package 'experiment_logger' with the following arguments: {'ament_cmake_args': None, 'build_base': '/home/duy/cocarry_ws/build/experiment_logger', 'catkin_cmake_args': None, 'catkin_skip_building_tests': False, 'cmake_args': None, 'cmake_clean_cache': False, 'cmake_clean_first': False, 'cmake_force_configure': False, 'cmake_target': None, 'cmake_target_skip_unavailable': False, 'install_base': '/home/duy/cocarry_ws/install/experiment_logger', 'merge_install': False, 'path': '/home/duy/cocarry_ws/src/experiment_logger', 'symlink_install': True, 'test_result_base': None}
[0.327s] Level 5:colcon.colcon_core.verb:set package 'kinect2_bridge' build argument 'cmake_args' from command line to 'None'
[0.327s] Level 5:colcon.colcon_core.verb:set package 'kinect2_bridge' build argument 'cmake_target' from command line to 'None'
[0.327s] Level 5:colcon.colcon_core.verb:set package 'kinect2_bridge' build argument 'cmake_target_skip_unavailable' from command line to 'False'
[0.327s] Level 5:colcon.colcon_core.verb:set package 'kinect2_bridge' build argument 'cmake_clean_cache' from command line to 'False'
[0.327s] Level 5:colcon.colcon_core.verb:set package 'kinect2_bridge' build argument 'cmake_clean_first' from command line to 'False'
[0.327s] Level 5:colcon.colcon_core.verb:set package 'kinect2_bridge' build argument 'cmake_force_configure' from command line to 'False'
[0.327s] Level 5:colcon.colcon_core.verb:set package 'kinect2_bridge' build argument 'ament_cmake_args' from command line to 'None'
[0.328s] Level 5:colcon.colcon_core.verb:set package 'kinect2_bridge' build argument 'catkin_cmake_args' from command line to 'None'
[0.328s] Level 5:colcon.colcon_core.verb:set package 'kinect2_bridge' build argument 'catkin_skip_building_tests' from command line to 'False'
[0.328s] DEBUG:colcon.colcon_core.verb:Building package 'kinect2_bridge' with the following arguments: {'ament_cmake_args': None, 'build_base': '/home/duy/cocarry_ws/build/kinect2_bridge', 'catkin_cmake_args': None, 'catkin_skip_building_tests': False, 'cmake_args': None, 'cmake_clean_cache': False, 'cmake_clean_first': False, 'cmake_force_configure': False, 'cmake_target': None, 'cmake_target_skip_unavailable': False, 'install_base': '/home/duy/cocarry_ws/install/kinect2_bridge', 'merge_install': False, 'path': '/home/duy/cocarry_ws/src/kinect2_ros2/kinect2_bridge', 'symlink_install': True, 'test_result_base': None}
[0.328s] Level 5:colcon.colcon_core.verb:set package 'motoman_gp4_support' build argument 'cmake_args' from command line to 'None'
[0.328s] Level 5:colcon.colcon_core.verb:set package 'motoman_gp4_support' build argument 'cmake_target' from command line to 'None'
[0.328s] Level 5:colcon.colcon_core.verb:set package 'motoman_gp4_support' build argument 'cmake_target_skip_unavailable' from command line to 'False'
[0.328s] Level 5:colcon.colcon_core.verb:set package 'motoman_gp4_support' build argument 'cmake_clean_cache' from command line to 'False'
[0.328s] Level 5:colcon.colcon_core.verb:set package 'motoman_gp4_support' build argument 'cmake_clean_first' from command line to 'False'
[0.328s] Level 5:colcon.colcon_core.verb:set package 'motoman_gp4_support' build argument 'cmake_force_configure' from command line to 'False'
[0.328s] Level 5:colcon.colcon_core.verb:set package 'motoman_gp4_support' build argument 'ament_cmake_args' from command line to 'None'
[0.328s] Level 5:colcon.colcon_core.verb:set package 'motoman_gp4_support' build argument 'catkin_cmake_args' from command line to 'None'
[0.328s] Level 5:colcon.colcon_core.verb:set package 'motoman_gp4_support' build argument 'catkin_skip_building_tests' from command line to 'False'
[0.328s] DEBUG:colcon.colcon_core.verb:Building package 'motoman_gp4_support' with the following arguments: {'ament_cmake_args': None, 'build_base': '/home/duy/cocarry_ws/build/motoman_gp4_support', 'catkin_cmake_args': None, 'catkin_skip_building_tests': False, 'cmake_args': None, 'cmake_clean_cache': False, 'cmake_clean_first': False, 'cmake_force_configure': False, 'cmake_target': None, 'cmake_target_skip_unavailable': False, 'install_base': '/home/duy/cocarry_ws/install/motoman_gp4_support', 'merge_install': False, 'path': '/home/duy/cocarry_ws/src/motoman_ros2_support_packages/motoman_gp4_support', 'symlink_install': True, 'test_result_base': None}
[0.328s] Level 5:colcon.colcon_core.verb:set package 'motoman_hc10dtp_support' build argument 'cmake_args' from command line to 'None'
[0.328s] Level 5:colcon.colcon_core.verb:set package 'motoman_hc10dtp_support' build argument 'cmake_target' from command line to 'None'
[0.328s] Level 5:colcon.colcon_core.verb:set package 'motoman_hc10dtp_support' build argument 'cmake_target_skip_unavailable' from command line to 'False'
[0.328s] Level 5:colcon.colcon_core.verb:set package 'motoman_hc10dtp_support' build argument 'cmake_clean_cache' from command line to 'False'
[0.328s] Level 5:colcon.colcon_core.verb:set package 'motoman_hc10dtp_support' build argument 'cmake_clean_first' from command line to 'False'
[0.328s] Level 5:colcon.colcon_core.verb:set package 'motoman_hc10dtp_support' build argument 'cmake_force_configure' from command line to 'False'
[0.328s] Level 5:colcon.colcon_core.verb:set package 'motoman_hc10dtp_support' build argument 'ament_cmake_args' from command line to 'None'
[0.329s] Level 5:colcon.colcon_core.verb:set package 'motoman_hc10dtp_support' build argument 'catkin_cmake_args' from command line to 'None'
[0.329s] Level 5:colcon.colcon_core.verb:set package 'motoman_hc10dtp_support' build argument 'catkin_skip_building_tests' from command line to 'False'
[0.329s] DEBUG:colcon.colcon_core.verb:Building package 'motoman_hc10dtp_support' with the following arguments: {'ament_cmake_args': None, 'build_base': '/home/duy/cocarry_ws/build/motoman_hc10dtp_support', 'catkin_cmake_args': None, 'catkin_skip_building_tests': False, 'cmake_args': None, 'cmake_clean_cache': False, 'cmake_clean_first': False, 'cmake_force_configure': False, 'cmake_target': None, 'cmake_target_skip_unavailable': False, 'install_base': '/home/duy/cocarry_ws/install/motoman_hc10dtp_support', 'merge_install': False, 'path': '/home/duy/cocarry_ws/src/motoman_ros2_support_packages/motoman_hc10dtp_support', 'symlink_install': True, 'test_result_base': None}
[0.329s] Level 5:colcon.colcon_core.verb:set package 'motoros2_client_interface_dependencies' build argument 'cmake_args' from command line to 'None'
[0.329s] Level 5:colcon.colcon_core.verb:set package 'motoros2_client_interface_dependencies' build argument 'cmake_target' from command line to 'None'
[0.329s] Level 5:colcon.colcon_core.verb:set package 'motoros2_client_interface_dependencies' build argument 'cmake_target_skip_unavailable' from command line to 'False'
[0.329s] Level 5:colcon.colcon_core.verb:set package 'motoros2_client_interface_dependencies' build argument 'cmake_clean_cache' from command line to 'False'
[0.329s] Level 5:colcon.colcon_core.verb:set package 'motoros2_client_interface_dependencies' build argument 'cmake_clean_first' from command line to 'False'
[0.329s] Level 5:colcon.colcon_core.verb:set package 'motoros2_client_interface_dependencies' build argument 'cmake_force_configure' from command line to 'False'
[0.329s] Level 5:colcon.colcon_core.verb:set package 'motoros2_client_interface_dependencies' build argument 'ament_cmake_args' from command line to 'None'
[0.329s] Level 5:colcon.colcon_core.verb:set package 'motoros2_client_interface_dependencies' build argument 'catkin_cmake_args' from command line to 'None'
[0.329s] Level 5:colcon.colcon_core.verb:set package 'motoros2_client_interface_dependencies' build argument 'catkin_skip_building_tests' from command line to 'False'
[0.329s] DEBUG:colcon.colcon_core.verb:Building package 'motoros2_client_interface_dependencies' with the following arguments: {'ament_cmake_args': None, 'build_base': '/home/duy/cocarry_ws/build/motoros2_client_interface_dependencies', 'catkin_cmake_args': None, 'catkin_skip_building_tests': False, 'cmake_args': None, 'cmake_clean_cache': False, 'cmake_clean_first': False, 'cmake_force_configure': False, 'cmake_target': None, 'cmake_target_skip_unavailable': False, 'install_base': '/home/duy/cocarry_ws/install/motoros2_client_interface_dependencies', 'merge_install': False, 'path': '/home/duy/cocarry_ws/src/motoros2_client_interface_dependencies', 'symlink_install': True, 'test_result_base': None}
[0.329s] Level 5:colcon.colcon_core.verb:set package 'predictor_ui' build argument 'cmake_args' from command line to 'None'
[0.329s] Level 5:colcon.colcon_core.verb:set package 'predictor_ui' build argument 'cmake_target' from command line to 'None'
[0.330s] Level 5:colcon.colcon_core.verb:set package 'predictor_ui' build argument 'cmake_target_skip_unavailable' from command line to 'False'
[0.330s] Level 5:colcon.colcon_core.verb:set package 'predictor_ui' build argument 'cmake_clean_cache' from command line to 'False'
[0.330s] Level 5:colcon.colcon_core.verb:set package 'predictor_ui' build argument 'cmake_clean_first' from command line to 'False'
[0.330s] Level 5:colcon.colcon_core.verb:set package 'predictor_ui' build argument 'cmake_force_configure' from command line to 'False'
[0.330s] Level 5:colcon.colcon_core.verb:set package 'predictor_ui' build argument 'ament_cmake_args' from command line to 'None'
[0.330s] Level 5:colcon.colcon_core.verb:set package 'predictor_ui' build argument 'catkin_cmake_args' from command line to 'None'
[0.330s] Level 5:colcon.colcon_core.verb:set package 'predictor_ui' build argument 'catkin_skip_building_tests' from command line to 'False'
[0.330s] DEBUG:colcon.colcon_core.verb:Building package 'predictor_ui' with the following arguments: {'ament_cmake_args': None, 'build_base': '/home/duy/cocarry_ws/build/predictor_ui', 'catkin_cmake_args': None, 'catkin_skip_building_tests': False, 'cmake_args': None, 'cmake_clean_cache': False, 'cmake_clean_first': False, 'cmake_force_configure': False, 'cmake_target': None, 'cmake_target_skip_unavailable': False, 'install_base': '/home/duy/cocarry_ws/install/predictor_ui', 'merge_install': False, 'path': '/home/duy/cocarry_ws/src/predictor_ui', 'symlink_install': True, 'test_result_base': None}
[0.330s] Level 5:colcon.colcon_core.verb:set package 'realsense_tracker' build argument 'cmake_args' from command line to 'None'
[0.330s] Level 5:colcon.colcon_core.verb:set package 'realsense_tracker' build argument 'cmake_target' from command line to 'None'
[0.330s] Level 5:colcon.colcon_core.verb:set package 'realsense_tracker' build argument 'cmake_target_skip_unavailable' from command line to 'False'
[0.330s] Level 5:colcon.colcon_core.verb:set package 'realsense_tracker' build argument 'cmake_clean_cache' from command line to 'False'
[0.330s] Level 5:colcon.colcon_core.verb:set package 'realsense_tracker' build argument 'cmake_clean_first' from command line to 'False'
[0.330s] Level 5:colcon.colcon_core.verb:set package 'realsense_tracker' build argument 'cmake_force_configure' from command line to 'False'
[0.330s] Level 5:colcon.colcon_core.verb:set package 'realsense_tracker' build argument 'ament_cmake_args' from command line to 'None'
[0.330s] Level 5:colcon.colcon_core.verb:set package 'realsense_tracker' build argument 'catkin_cmake_args' from command line to 'None'
[0.330s] Level 5:colcon.colcon_core.verb:set package 'realsense_tracker' build argument 'catkin_skip_building_tests' from command line to 'False'
[0.330s] DEBUG:colcon.colcon_core.verb:Building package 'realsense_tracker' with the following arguments: {'ament_cmake_args': None, 'build_base': '/home/duy/cocarry_ws/build/realsense_tracker', 'catkin_cmake_args': None, 'catkin_skip_building_tests': False, 'cmake_args': None, 'cmake_clean_cache': False, 'cmake_clean_first': False, 'cmake_force_configure': False, 'cmake_target': None, 'cmake_target_skip_unavailable': False, 'install_base': '/home/duy/cocarry_ws/install/realsense_tracker', 'merge_install': False, 'path': '/home/duy/cocarry_ws/src/realsense_tracker', 'symlink_install': True, 'test_result_base': None}
[0.330s] Level 5:colcon.colcon_core.verb:set package 'trac_ik_kinematics' build argument 'cmake_args' from command line to 'None'
[0.330s] Level 5:colcon.colcon_core.verb:set package 'trac_ik_kinematics' build argument 'cmake_target' from command line to 'None'
[0.330s] Level 5:colcon.colcon_core.verb:set package 'trac_ik_kinematics' build argument 'cmake_target_skip_unavailable' from command line to 'False'
[0.330s] Level 5:colcon.colcon_core.verb:set package 'trac_ik_kinematics' build argument 'cmake_clean_cache' from command line to 'False'
[0.330s] Level 5:colcon.colcon_core.verb:set package 'trac_ik_kinematics' build argument 'cmake_clean_first' from command line to 'False'
[0.330s] Level 5:colcon.colcon_core.verb:set package 'trac_ik_kinematics' build argument 'cmake_force_configure' from command line to 'False'
[0.330s] Level 5:colcon.colcon_core.verb:set package 'trac_ik_kinematics' build argument 'ament_cmake_args' from command line to 'None'
[0.330s] Level 5:colcon.colcon_core.verb:set package 'trac_ik_kinematics' build argument 'catkin_cmake_args' from command line to 'None'
[0.330s] Level 5:colcon.colcon_core.verb:set package 'trac_ik_kinematics' build argument 'catkin_skip_building_tests' from command line to 'False'
[0.330s] DEBUG:colcon.colcon_core.verb:Building package 'trac_ik_kinematics' with the following arguments: {'ament_cmake_args': None, 'build_base': '/home/duy/cocarry_ws/build/trac_ik_kinematics', 'catkin_cmake_args': None, 'catkin_skip_building_tests': False, 'cmake_args': None, 'cmake_clean_cache': False, 'cmake_clean_first': False, 'cmake_force_configure': False, 'cmake_target': None, 'cmake_target_skip_unavailable': False, 'install_base': '/home/duy/cocarry_ws/install/trac_ik_kinematics', 'merge_install': False, 'path': '/home/duy/cocarry_ws/src/trac_ik/trac_ik_kinematics', 'symlink_install': True, 'test_result_base': None}
[0.331s] Level 5:colcon.colcon_core.verb:set package 'trajectory_predictor' build argument 'cmake_args' from command line to 'None'
[0.331s] Level 5:colcon.colcon_core.verb:set package 'trajectory_predictor' build argument 'cmake_target' from command line to 'None'
[0.331s] Level 5:colcon.colcon_core.verb:set package 'trajectory_predictor' build argument 'cmake_target_skip_unavailable' from command line to 'False'
[0.331s] Level 5:colcon.colcon_core.verb:set package 'trajectory_predictor' build argument 'cmake_clean_cache' from command line to 'False'
[0.331s] Level 5:colcon.colcon_core.verb:set package 'trajectory_predictor' build argument 'cmake_clean_first' from command line to 'False'
[0.331s] Level 5:colcon.colcon_core.verb:set package 'trajectory_predictor' build argument 'cmake_force_configure' from command line to 'False'
[0.331s] Level 5:colcon.colcon_core.verb:set package 'trajectory_predictor' build argument 'ament_cmake_args' from command line to 'None'
[0.331s] Level 5:colcon.colcon_core.verb:set package 'trajectory_predictor' build argument 'catkin_cmake_args' from command line to 'None'
[0.331s] Level 5:colcon.colcon_core.verb:set package 'trajectory_predictor' build argument 'catkin_skip_building_tests' from command line to 'False'
[0.331s] DEBUG:colcon.colcon_core.verb:Building package 'trajectory_predictor' with the following arguments: {'ament_cmake_args': None, 'build_base': '/home/duy/cocarry_ws/build/trajectory_predictor', 'catkin_cmake_args': None, 'catkin_skip_building_tests': False, 'cmake_args': None, 'cmake_clean_cache': False, 'cmake_clean_first': False, 'cmake_force_configure': False, 'cmake_target': None, 'cmake_target_skip_unavailable': False, 'install_base': '/home/duy/cocarry_ws/install/trajectory_predictor', 'merge_install': False, 'path': '/home/duy/cocarry_ws/src/trajectory_predictor', 'symlink_install': True, 'test_result_base': None}
[0.331s] Level 5:colcon.colcon_core.verb:set package 'hc10dtp_moveit_config' build argument 'cmake_args' from command line to 'None'
[0.331s] Level 5:colcon.colcon_core.verb:set package 'hc10dtp_moveit_config' build argument 'cmake_target' from command line to 'None'
[0.331s] Level 5:colcon.colcon_core.verb:set package 'hc10dtp_moveit_config' build argument 'cmake_target_skip_unavailable' from command line to 'False'
[0.331s] Level 5:colcon.colcon_core.verb:set package 'hc10dtp_moveit_config' build argument 'cmake_clean_cache' from command line to 'False'
[0.331s] Level 5:colcon.colcon_core.verb:set package 'hc10dtp_moveit_config' build argument 'cmake_clean_first' from command line to 'False'
[0.331s] Level 5:colcon.colcon_core.verb:set package 'hc10dtp_moveit_config' build argument 'cmake_force_configure' from command line to 'False'
[0.331s] Level 5:colcon.colcon_core.verb:set package 'hc10dtp_moveit_config' build argument 'ament_cmake_args' from command line to 'None'
[0.331s] Level 5:colcon.colcon_core.verb:set package 'hc10dtp_moveit_config' build argument 'catkin_cmake_args' from command line to 'None'
[0.331s] Level 5:colcon.colcon_core.verb:set package 'hc10dtp_moveit_config' build argument 'catkin_skip_building_tests' from command line to 'False'
[0.331s] DEBUG:colcon.colcon_core.verb:Building package 'hc10dtp_moveit_config' with the following arguments: {'ament_cmake_args': None, 'build_base': '/home/duy/cocarry_ws/build/hc10dtp_moveit_config', 'catkin_cmake_args': None, 'catkin_skip_building_tests': False, 'cmake_args': None, 'cmake_clean_cache': False, 'cmake_clean_first': False, 'cmake_force_configure': False, 'cmake_target': None, 'cmake_target_skip_unavailable': False, 'install_base': '/home/duy/cocarry_ws/install/hc10dtp_moveit_config', 'merge_install': False, 'path': '/home/duy/cocarry_ws/src/hc10dtp_moveit_config', 'symlink_install': True, 'test_result_base': None}
[0.332s] Level 5:colcon.colcon_core.verb:set package 'kinect2_calibration' build argument 'cmake_args' from command line to 'None'
[0.332s] Level 5:colcon.colcon_core.verb:set package 'kinect2_calibration' build argument 'cmake_target' from command line to 'None'
[0.332s] Level 5:colcon.colcon_core.verb:set package 'kinect2_calibration' build argument 'cmake_target_skip_unavailable' from command line to 'False'
[0.332s] Level 5:colcon.colcon_core.verb:set package 'kinect2_calibration' build argument 'cmake_clean_cache' from command line to 'False'
[0.332s] Level 5:colcon.colcon_core.verb:set package 'kinect2_calibration' build argument 'cmake_clean_first' from command line to 'False'
[0.332s] Level 5:colcon.colcon_core.verb:set package 'kinect2_calibration' build argument 'cmake_force_configure' from command line to 'False'
[0.332s] Level 5:colcon.colcon_core.verb:set package 'kinect2_calibration' build argument 'ament_cmake_args' from command line to 'None'
[0.332s] Level 5:colcon.colcon_core.verb:set package 'kinect2_calibration' build argument 'catkin_cmake_args' from command line to 'None'
[0.332s] Level 5:colcon.colcon_core.verb:set package 'kinect2_calibration' build argument 'catkin_skip_building_tests' from command line to 'False'
[0.332s] DEBUG:colcon.colcon_core.verb:Building package 'kinect2_calibration' with the following arguments: {'ament_cmake_args': None, 'build_base': '/home/duy/cocarry_ws/build/kinect2_calibration', 'catkin_cmake_args': None, 'catkin_skip_building_tests': False, 'cmake_args': None, 'cmake_clean_cache': False, 'cmake_clean_first': False, 'cmake_force_configure': False, 'cmake_target': None, 'cmake_target_skip_unavailable': False, 'install_base': '/home/duy/cocarry_ws/install/kinect2_calibration', 'merge_install': False, 'path': '/home/duy/cocarry_ws/src/kinect2_ros2/kinect2_calibration', 'symlink_install': True, 'test_result_base': None}
[0.332s] Level 5:colcon.colcon_core.verb:set package 'trac_ik' build argument 'cmake_args' from command line to 'None'
[0.332s] Level 5:colcon.colcon_core.verb:set package 'trac_ik' build argument 'cmake_target' from command line to 'None'
[0.333s] Level 5:colcon.colcon_core.verb:set package 'trac_ik' build argument 'cmake_target_skip_unavailable' from command line to 'False'
[0.333s] Level 5:colcon.colcon_core.verb:set package 'trac_ik' build argument 'cmake_clean_cache' from command line to 'False'
[0.333s] Level 5:colcon.colcon_core.verb:set package 'trac_ik' build argument 'cmake_clean_first' from command line to 'False'
[0.333s] Level 5:colcon.colcon_core.verb:set package 'trac_ik' build argument 'cmake_force_configure' from command line to 'False'
[0.333s] Level 5:colcon.colcon_core.verb:set package 'trac_ik' build argument 'ament_cmake_args' from command line to 'None'
[0.333s] Level 5:colcon.colcon_core.verb:set package 'trac_ik' build argument 'catkin_cmake_args' from command line to 'None'
[0.333s] Level 5:colcon.colcon_core.verb:set package 'trac_ik' build argument 'catkin_skip_building_tests' from command line to 'False'
[0.333s] DEBUG:colcon.colcon_core.verb:Building package 'trac_ik' with the following arguments: {'ament_cmake_args': None, 'build_base': '/home/duy/cocarry_ws/build/trac_ik', 'catkin_cmake_args': None, 'catkin_skip_building_tests': False, 'cmake_args': None, 'cmake_clean_cache': False, 'cmake_clean_first': False, 'cmake_force_configure': False, 'cmake_target': None, 'cmake_target_skip_unavailable': False, 'install_base': '/home/duy/cocarry_ws/install/trac_ik', 'merge_install': False, 'path': '/home/duy/cocarry_ws/src/trac_ik/trac_ik', 'symlink_install': True, 'test_result_base': None}
[0.333s] Level 5:colcon.colcon_core.verb:set package 'hc10dtp_bringup' build argument 'cmake_args' from command line to 'None'
[0.333s] Level 5:colcon.colcon_core.verb:set package 'hc10dtp_bringup' build argument 'cmake_target' from command line to 'None'
[0.333s] Level 5:colcon.colcon_core.verb:set package 'hc10dtp_bringup' build argument 'cmake_target_skip_unavailable' from command line to 'False'
[0.333s] Level 5:colcon.colcon_core.verb:set package 'hc10dtp_bringup' build argument 'cmake_clean_cache' from command line to 'False'
[0.333s] Level 5:colcon.colcon_core.verb:set package 'hc10dtp_bringup' build argument 'cmake_clean_first' from command line to 'False'
[0.333s] Level 5:colcon.colcon_core.verb:set package 'hc10dtp_bringup' build argument 'cmake_force_configure' from command line to 'False'
[0.333s] Level 5:colcon.colcon_core.verb:set package 'hc10dtp_bringup' build argument 'ament_cmake_args' from command line to 'None'
[0.333s] Level 5:colcon.colcon_core.verb:set package 'hc10dtp_bringup' build argument 'catkin_cmake_args' from command line to 'None'
[0.333s] Level 5:colcon.colcon_core.verb:set package 'hc10dtp_bringup' build argument 'catkin_skip_building_tests' from command line to 'False'
[0.333s] DEBUG:colcon.colcon_core.verb:Building package 'hc10dtp_bringup' with the following arguments: {'ament_cmake_args': None, 'build_base': '/home/duy/cocarry_ws/build/hc10dtp_bringup', 'catkin_cmake_args': None, 'catkin_skip_building_tests': False, 'cmake_args': None, 'cmake_clean_cache': False, 'cmake_clean_first': False, 'cmake_force_configure': False, 'cmake_target': None, 'cmake_target_skip_unavailable': False, 'install_base': '/home/duy/cocarry_ws/install/hc10dtp_bringup', 'merge_install': False, 'path': '/home/duy/cocarry_ws/src/hc10dtp_bringup', 'symlink_install': True, 'test_result_base': None}
[0.334s] Level 5:colcon.colcon_core.verb:set package 'hc10dtp_simulation' build argument 'cmake_args' from command line to 'None'
[0.334s] Level 5:colcon.colcon_core.verb:set package 'hc10dtp_simulation' build argument 'cmake_target' from command line to 'None'
[0.334s] Level 5:colcon.colcon_core.verb:set package 'hc10dtp_simulation' build argument 'cmake_target_skip_unavailable' from command line to 'False'
[0.334s] Level 5:colcon.colcon_core.verb:set package 'hc10dtp_simulation' build argument 'cmake_clean_cache' from command line to 'False'
[0.334s] Level 5:colcon.colcon_core.verb:set package 'hc10dtp_simulation' build argument 'cmake_clean_first' from command line to 'False'
[0.334s] Level 5:colcon.colcon_core.verb:set package 'hc10dtp_simulation' build argument 'cmake_force_configure' from command line to 'False'
[0.334s] Level 5:colcon.colcon_core.verb:set package 'hc10dtp_simulation' build argument 'ament_cmake_args' from command line to 'None'
[0.334s] Level 5:colcon.colcon_core.verb:set package 'hc10dtp_simulation' build argument 'catkin_cmake_args' from command line to 'None'
[0.334s] Level 5:colcon.colcon_core.verb:set package 'hc10dtp_simulation' build argument 'catkin_skip_building_tests' from command line to 'False'
[0.334s] DEBUG:colcon.colcon_core.verb:Building package 'hc10dtp_simulation' with the following arguments: {'ament_cmake_args': None, 'build_base': '/home/duy/cocarry_ws/build/hc10dtp_simulation', 'catkin_cmake_args': None, 'catkin_skip_building_tests': False, 'cmake_args': None, 'cmake_clean_cache': False, 'cmake_clean_first': False, 'cmake_force_configure': False, 'cmake_target': None, 'cmake_target_skip_unavailable': False, 'install_base': '/home/duy/cocarry_ws/install/hc10dtp_simulation', 'merge_install': False, 'path': '/home/duy/cocarry_ws/src/hc10dtp_simulation', 'symlink_install': True, 'test_result_base': None}
[0.334s] Level 5:colcon.colcon_core.verb:set package 'hrc_bringup' build argument 'cmake_args' from command line to 'None'
[0.334s] Level 5:colcon.colcon_core.verb:set package 'hrc_bringup' build argument 'cmake_target' from command line to 'None'
[0.334s] Level 5:colcon.colcon_core.verb:set package 'hrc_bringup' build argument 'cmake_target_skip_unavailable' from command line to 'False'
[0.334s] Level 5:colcon.colcon_core.verb:set package 'hrc_bringup' build argument 'cmake_clean_cache' from command line to 'False'
[0.334s] Level 5:colcon.colcon_core.verb:set package 'hrc_bringup' build argument 'cmake_clean_first' from command line to 'False'
[0.334s] Level 5:colcon.colcon_core.verb:set package 'hrc_bringup' build argument 'cmake_force_configure' from command line to 'False'
[0.334s] Level 5:colcon.colcon_core.verb:set package 'hrc_bringup' build argument 'ament_cmake_args' from command line to 'None'
[0.334s] Level 5:colcon.colcon_core.verb:set package 'hrc_bringup' build argument 'catkin_cmake_args' from command line to 'None'
[0.334s] Level 5:colcon.colcon_core.verb:set package 'hrc_bringup' build argument 'catkin_skip_building_tests' from command line to 'False'
[0.334s] DEBUG:colcon.colcon_core.verb:Building package 'hrc_bringup' with the following arguments: {'ament_cmake_args': None, 'build_base': '/home/duy/cocarry_ws/build/hrc_bringup', 'catkin_cmake_args': None, 'catkin_skip_building_tests': False, 'cmake_args': None, 'cmake_clean_cache': False, 'cmake_clean_first': False, 'cmake_force_configure': False, 'cmake_target': None, 'cmake_target_skip_unavailable': False, 'install_base': '/home/duy/cocarry_ws/install/hrc_bringup', 'merge_install': False, 'path': '/home/duy/cocarry_ws/src/hrc_bringup', 'symlink_install': True, 'test_result_base': None}
[0.334s] INFO:colcon.colcon_core.executor:Executing jobs using 'parallel' executor
[0.335s] DEBUG:colcon.colcon_parallel_executor.executor.parallel:run_until_complete
[0.336s] INFO:colcon.colcon_ros.task.catkin.build:Building ROS package in '/home/duy/cocarry_ws/src/human_hand_msgs' with build type 'catkin'
[0.336s] INFO:colcon.colcon_cmake.task.cmake.build:Building CMake package in '/home/duy/cocarry_ws/src/human_hand_msgs'
[0.339s] INFO:colcon.colcon_core.plugin_system:Skipping extension 'colcon_core.shell.bat': Not used on non-Windows systems
[0.339s] INFO:colcon.colcon_core.shell:Skip shell extension 'powershell' for command environment: Not usable outside of PowerShell
[0.339s] DEBUG:colcon.colcon_core.shell:Skip shell extension 'dsv' for command environment
[0.341s] INFO:colcon.colcon_ros.task.ament_cmake.build:Building ROS package in '/home/duy/cocarry_ws/src/motoman_ros2_support_packages/motoman_resources' with build type 'ament_cmake'
[0.341s] INFO:colcon.colcon_cmake.task.cmake.build:Building CMake package in '/home/duy/cocarry_ws/src/motoman_ros2_support_packages/motoman_resources'
[0.341s] INFO:colcon.colcon_core.shell:Skip shell extension 'powershell' for command environment: Not usable outside of PowerShell
[0.341s] DEBUG:colcon.colcon_core.shell:Skip shell extension 'dsv' for command environment
[0.342s] INFO:colcon.colcon_ros.task.ament_cmake.build:Building ROS package in '/home/duy/cocarry_ws/src/yaskawa-global/motoros2_interfaces' with build type 'ament_cmake'
[0.342s] INFO:colcon.colcon_cmake.task.cmake.build:Building CMake package in '/home/duy/cocarry_ws/src/yaskawa-global/motoros2_interfaces'
[0.342s] INFO:colcon.colcon_core.shell:Skip shell extension 'powershell' for command environment: Not usable outside of PowerShell
[0.342s] DEBUG:colcon.colcon_core.shell:Skip shell extension 'dsv' for command environment
[0.344s] INFO:colcon.colcon_ros.task.ament_cmake.build:Building ROS package in '/home/duy/cocarry_ws/src/kinect2_ros2/kinect2_registration' with build type 'ament_cmake'
[0.344s] INFO:colcon.colcon_cmake.task.cmake.build:Building CMake package in '/home/duy/cocarry_ws/src/kinect2_ros2/kinect2_registration'
[0.344s] INFO:colcon.colcon_core.shell:Skip shell extension 'powershell' for command environment: Not usable outside of PowerShell
[0.344s] DEBUG:colcon.colcon_core.shell:Skip shell extension 'dsv' for command environment
[0.345s] INFO:colcon.colcon_ros.task.ament_cmake.build:Building ROS package in '/home/duy/cocarry_ws/src/trac_ik/trac_ik_lib' with build type 'ament_cmake'
[0.345s] INFO:colcon.colcon_cmake.task.cmake.build:Building CMake package in '/home/duy/cocarry_ws/src/trac_ik/trac_ik_lib'
[0.345s] INFO:colcon.colcon_core.shell:Skip shell extension 'powershell' for command environment: Not usable outside of PowerShell
[0.345s] DEBUG:colcon.colcon_core.shell:Skip shell extension 'dsv' for command environment
[0.347s] INFO:colcon.colcon_ros.task.ament_cmake.build:Building ROS package in '/home/duy/cocarry_ws/src/ros-industrial/industrial_core_ros2_msgs_only/industrial_msgs' with build type 'ament_cmake'
[0.347s] INFO:colcon.colcon_cmake.task.cmake.build:Building CMake package in '/home/duy/cocarry_ws/src/ros-industrial/industrial_core_ros2_msgs_only/industrial_msgs'
[0.347s] INFO:colcon.colcon_core.shell:Skip shell extension 'powershell' for command environment: Not usable outside of PowerShell
[0.347s] DEBUG:colcon.colcon_core.shell:Skip shell extension 'dsv' for command environment
[0.348s] INFO:colcon.colcon_cmake.task.cmake.build:Building CMake package in '/home/duy/cocarry_ws/libfreenect2'
[0.349s] INFO:colcon.colcon_core.shell:Skip shell extension 'powershell' for command environment: Not usable outside of PowerShell
[0.349s] DEBUG:colcon.colcon_core.shell:Skip shell extension 'dsv' for command environment
[0.356s] DEBUG:colcon.colcon_core.event_handler.log_command:Invoking command in '/home/duy/cocarry_ws/build/human_hand_msgs': /usr/bin/cmake --build /home/duy/cocarry_ws/build/human_hand_msgs -- -j16 -l16
[0.357s] DEBUG:colcon.colcon_core.event_handler.log_command:Invoking command in '/home/duy/cocarry_ws/build/motoman_resources': /usr/bin/cmake --build /home/duy/cocarry_ws/build/motoman_resources -- -j16 -l16
[0.360s] DEBUG:colcon.colcon_core.event_handler.log_command:Invoking command in '/home/duy/cocarry_ws/build/motoros2_interfaces': /usr/bin/cmake --build /home/duy/cocarry_ws/build/motoros2_interfaces -- -j16 -l16
[0.364s] DEBUG:colcon.colcon_core.event_handler.log_command:Invoking command in '/home/duy/cocarry_ws/build/kinect2_registration': /usr/bin/cmake --build /home/duy/cocarry_ws/build/kinect2_registration -- -j16 -l16
[0.367s] DEBUG:colcon.colcon_core.event_handler.log_command:Invoking command in '/home/duy/cocarry_ws/build/trac_ik_lib': /usr/bin/cmake /home/duy/cocarry_ws/src/trac_ik/trac_ik_lib -DAMENT_CMAKE_SYMLINK_INSTALL=1 -DCMAKE_INSTALL_PREFIX=/home/duy/cocarry_ws/install/trac_ik_lib
[0.371s] DEBUG:colcon.colcon_core.event_handler.log_command:Invoking command in '/home/duy/cocarry_ws/build/industrial_msgs': /usr/bin/cmake --build /home/duy/cocarry_ws/build/industrial_msgs -- -j16 -l16
[0.377s] DEBUG:colcon.colcon_core.event_handler.log_command:Invoking command in '/home/duy/cocarry_ws/build/libfreenect2': /usr/bin/cmake --build /home/duy/cocarry_ws/build/libfreenect2 -- -j16 -l16
[0.584s] DEBUG:colcon.colcon_core.event_handler.log_command:Invoked command in '/home/duy/cocarry_ws/build/motoman_resources' returned '2': /usr/bin/cmake --build /home/duy/cocarry_ws/build/motoman_resources -- -j16 -l16
[0.585s] Level 1:colcon.colcon_core.environment:create_environment_scripts_only(motoman_resources)
[0.587s] Level 1:colcon.colcon_core.environment:checking '/home/duy/cocarry_ws/install/motoman_resources' for CMake module files
[0.588s] Level 1:colcon.colcon_core.environment:checking '/home/duy/cocarry_ws/install/motoman_resources' for CMake config files
[0.589s] Level 1:colcon.colcon_core.shell:create_environment_hook('motoman_resources', 'cmake_prefix_path')
[0.589s] INFO:colcon.colcon_core.shell:Creating environment hook '/home/duy/cocarry_ws/install/motoman_resources/share/motoman_resources/hook/cmake_prefix_path.ps1'
[0.590s] INFO:colcon.colcon_core.shell:Creating environment descriptor '/home/duy/cocarry_ws/install/motoman_resources/share/motoman_resources/hook/cmake_prefix_path.dsv'
[0.590s] INFO:colcon.colcon_core.shell:Creating environment hook '/home/duy/cocarry_ws/install/motoman_resources/share/motoman_resources/hook/cmake_prefix_path.sh'
[0.591s] Level 1:colcon.colcon_core.environment:checking '/home/duy/cocarry_ws/install/motoman_resources/bin'
[0.591s] Level 1:colcon.colcon_core.environment:checking '/home/duy/cocarry_ws/install/motoman_resources/lib/pkgconfig/motoman_resources.pc'
[0.594s] Level 1:colcon.colcon_core.environment:checking '/home/duy/cocarry_ws/install/motoman_resources/lib/python3.10/site-packages'
[0.594s] Level 1:colcon.colcon_core.environment:checking '/home/duy/cocarry_ws/install/motoman_resources/bin'
[0.594s] INFO:colcon.colcon_core.shell:Creating package script '/home/duy/cocarry_ws/install/motoman_resources/share/motoman_resources/package.ps1'
[0.596s] INFO:colcon.colcon_core.shell:Creating package descriptor '/home/duy/cocarry_ws/install/motoman_resources/share/motoman_resources/package.dsv'
[0.597s] INFO:colcon.colcon_core.shell:Creating package script '/home/duy/cocarry_ws/install/motoman_resources/share/motoman_resources/package.sh'
[0.598s] INFO:colcon.colcon_core.shell:Creating package script '/home/duy/cocarry_ws/install/motoman_resources/share/motoman_resources/package.bash'
[0.599s] INFO:colcon.colcon_core.shell:Creating package script '/home/duy/cocarry_ws/install/motoman_resources/share/motoman_resources/package.zsh'
[0.600s] Level 1:colcon.colcon_core.environment:create_file_with_runtime_dependencies(/home/duy/cocarry_ws/install/motoman_resources/share/colcon-core/packages/motoman_resources)
[0.691s] DEBUG:colcon.colcon_parallel_executor.executor.parallel:closing loop
[0.692s] DEBUG:colcon.colcon_parallel_executor.executor.parallel:loop closed
[0.692s] DEBUG:colcon.colcon_parallel_executor.executor.parallel:run_until_complete finished with '2'
[0.692s] DEBUG:colcon.colcon_core.event_reactor:joining thread
[0.702s] INFO:colcon.colcon_core.plugin_system:Skipping extension 'colcon_notification.desktop_notification.terminal_notifier': Not used on non-Darwin systems
[0.702s] INFO:colcon.colcon_core.plugin_system:Skipping extension 'colcon_notification.desktop_notification.win32': Not used on non-Windows systems
[0.702s] INFO:colcon.colcon_notification.desktop_notification:Sending desktop notification using 'notify2'
[0.702s] DEBUG:colcon.colcon_notification.desktop_notification.notify2:Failed to initialize notify2: org.freedesktop.DBus.Error.NotSupported: Unable to autolaunch a dbus-daemon without a $DISPLAY for X11
[0.703s] DEBUG:colcon.colcon_core.event_reactor:joined thread
[0.703s] INFO:colcon.colcon_core.shell:Creating prefix script '/home/duy/cocarry_ws/install/local_setup.ps1'
[0.705s] INFO:colcon.colcon_core.shell:Creating prefix util module '/home/duy/cocarry_ws/install/_local_setup_util_ps1.py'
[0.706s] INFO:colcon.colcon_core.shell:Creating prefix chain script '/home/duy/cocarry_ws/install/setup.ps1'
[0.708s] INFO:colcon.colcon_core.shell:Creating prefix script '/home/duy/cocarry_ws/install/local_setup.sh'
[0.709s] INFO:colcon.colcon_core.shell:Creating prefix util module '/home/duy/cocarry_ws/install/_local_setup_util_sh.py'
[0.709s] INFO:colcon.colcon_core.shell:Creating prefix chain script '/home/duy/cocarry_ws/install/setup.sh'
[0.710s] INFO:colcon.colcon_core.shell:Creating prefix script '/home/duy/cocarry_ws/install/local_setup.bash'
[0.711s] INFO:colcon.colcon_core.shell:Creating prefix chain script '/home/duy/cocarry_ws/install/setup.bash'
[0.713s] INFO:colcon.colcon_core.shell:Creating prefix script '/home/duy/cocarry_ws/install/local_setup.zsh'
[0.714s] INFO:colcon.colcon_core.shell:Creating prefix chain script '/home/duy/cocarry_ws/install/setup.zsh'
