[0.030s] Invoking command in '/home/hungnb/cocarry_ws/build/motoros2_interfaces': CMAKE_PREFIX_PATH=/home/hungnb/cocarry_ws/install/hrc_bringup:/home/hungnb/cocarry_ws/install/hc10dtp_simulation:/home/hungnb/cocarry_ws/install/motoros2_interfaces:/home/hungnb/cocarry_ws/install/motoman:/home/hungnb/cocarry_ws/install/motoman_up50n_support:/home/hungnb/cocarry_ws/install/motoman_sia5d_support:/home/hungnb/cocarry_ws/install/motoman_sia50_support:/home/hungnb/cocarry_ws/install/motoman_sia30d_support:/home/hungnb/cocarry_ws/install/motoman_sia20d_support:/home/hungnb/cocarry_ws/install/motoman_sia10f_support:/home/hungnb/cocarry_ws/install/motoman_sia10d_support:/home/hungnb/cocarry_ws/install/motoman_sda10f_support:/home/hungnb/cocarry_ws/install/motoman_ms210_support:/home/hungnb/cocarry_ws/install/motoman_mpx1950_support:/home/hungnb/cocarry_ws/install/motoman_motopos_mh1655_support:/home/hungnb/cocarry_ws/install/motoman_motopos_d500_support:/home/hungnb/cocarry_ws/install/motoman_motomini_support:/home/hungnb/cocarry_ws/install/motoman_mh5_support:/home/hungnb/cocarry_ws/install/motoman_mh50_support:/home/hungnb/cocarry_ws/install/motoman_mh12_support:/home/hungnb/cocarry_ws/install/motoman_mh110_support:/home/hungnb/cocarry_ws/install/motoman_ma2010_support:/home/hungnb/cocarry_ws/install/motoman_hc20_support:/home/hungnb/cocarry_ws/install/hc10dtp_bringup:/home/hungnb/cocarry_ws/install/hc10dtp_moveit_config:/home/hungnb/cocarry_ws/install/motoman_hc10dtp_support:/home/hungnb/cocarry_ws/install/motoman_hc10_support:/home/hungnb/cocarry_ws/install/motoman_gp8l_support:/home/hungnb/cocarry_ws/install/motoman_gp8_support:/home/hungnb/cocarry_ws/install/motoman_gp88_support:/home/hungnb/cocarry_ws/install/motoman_gp7_support:/home/hungnb/cocarry_ws/install/motoman_gp70l_support:/home/hungnb/cocarry_ws/install/motoman_gp50_support:/home/hungnb/cocarry_ws/install/motoman_gp4_support:/home/hungnb/cocarry_ws/install/motoman_gp35l_support:/home/hungnb/cocarry_ws/install/motoman_gp25_support:/home/hungnb/cocarry_ws/install/motoman_gp250_support:/home/hungnb/cocarry_ws/install/motoman_gp225_support:/home/hungnb/cocarry_ws/install/motoman_gp215_support:/home/hungnb/cocarry_ws/install/motoman_gp20hl_support:/home/hungnb/cocarry_ws/install/motoman_gp200r_support:/home/hungnb/cocarry_ws/install/motoman_gp180_support:/home/hungnb/cocarry_ws/install/motoman_gp165r_support:/home/hungnb/cocarry_ws/install/motoman_gp12_support:/home/hungnb/cocarry_ws/install/motoman_gp110_support:/home/hungnb/cocarry_ws/install/motoman_es_support:/home/hungnb/cocarry_ws/install/motoman_ar2010_support:/home/hungnb/cocarry_ws/install/motoman_resources:/home/hungnb/cocarry_ws/install/kinect2_calibration:/home/hungnb/cocarry_ws/install/kinect2_bridge:/home/hungnb/cocarry_ws/install/kinect2_registration:/home/hungnb/cocarry_ws/install/trajectory_predictor:/home/hungnb/cocarry_ws/install/realsense_tracker:/home/hungnb/cocarry_ws/install/predictor_ui:/home/hungnb/cocarry_ws/install/kinect_tracker:/home/hungnb/cocarry_ws/install/experiment_logger:/home/hungnb/cocarry_ws/install/coord_transform:/opt/ros/humble:/home/hungnb/cocarry_ws/install/human_hand_msgs /usr/bin/cmake /home/hungnb/cocarry_ws/src/motoros2_interfaces -DCMAKE_INSTALL_PREFIX=/home/hungnb/cocarry_ws/install/motoros2_interfaces
[0.042s] -- Found ament_cmake: 1.3.14 (/opt/ros/humble/share/ament_cmake/cmake)
[0.185s] -- Override CMake install command with custom implementation using symlinks instead of copying resources
[0.191s] -- Found builtin_interfaces: 1.2.3 (/opt/ros/humble/share/builtin_interfaces/cmake)
[0.208s] -- Found rosidl_generator_c: 3.1.9 (/opt/ros/humble/share/rosidl_generator_c/cmake)
[0.209s] -- Found rosidl_adapter: 3.1.9 (/opt/ros/humble/share/rosidl_adapter/cmake)
[0.214s] -- Found rosidl_generator_cpp: 3.1.9 (/opt/ros/humble/share/rosidl_generator_cpp/cmake)
[0.221s] -- Using all available rosidl_typesupport_c: rosidl_typesupport_fastrtps_c;rosidl_typesupport_introspection_c
[0.233s] -- Using all available rosidl_typesupport_cpp: rosidl_typesupport_fastrtps_cpp;rosidl_typesupport_introspection_cpp
[0.241s] -- Found rosidl_default_generators: 1.2.1 (/opt/ros/humble/share/rosidl_default_generators/cmake)
[0.250s] -- Found trajectory_msgs: 4.9.2 (/opt/ros/humble/share/trajectory_msgs/cmake)
[0.278s] -- Found ament_lint_auto: 0.12.15 (/opt/ros/humble/share/ament_lint_auto/cmake)
[1.113s] -- Found ament_cmake_ros: 0.10.0 (/opt/ros/humble/share/ament_cmake_ros/cmake)
[1.797s] -- Using all available rosidl_typesupport_c: rosidl_typesupport_fastrtps_c;rosidl_typesupport_introspection_c
[2.071s] -- Using all available rosidl_typesupport_cpp: rosidl_typesupport_fastrtps_cpp;rosidl_typesupport_introspection_cpp
[2.113s] -- Found python_cmake_module: 0.10.0 (/opt/ros/humble/share/python_cmake_module/cmake)
[2.160s] -- Using PYTHON_EXECUTABLE: /usr/bin/python3
[2.160s] -- Using PYTHON_INCLUDE_DIRS: /usr/include/python3.10
[2.160s] -- Using PYTHON_LIBRARIES: /usr/lib/x86_64-linux-gnu/libpython3.10.so
[2.401s] -- Added test 'copyright' to check source files copyright and LICENSE
[2.407s] -- Added test 'lint_cmake' to check CMake code style
[2.412s] -- Added test 'xmllint' to check XML markup files
[2.416s] -- Configuring done
[2.480s] -- Generating done
[2.495s] -- Build files have been written to: /home/hungnb/cocarry_ws/build/motoros2_interfaces
[2.604s] Invoked command in '/home/hungnb/cocarry_ws/build/motoros2_interfaces' returned '0': CMAKE_PREFIX_PATH=/home/hungnb/cocarry_ws/install/hrc_bringup:/home/hungnb/cocarry_ws/install/hc10dtp_simulation:/home/hungnb/cocarry_ws/install/motoros2_interfaces:/home/hungnb/cocarry_ws/install/motoman:/home/hungnb/cocarry_ws/install/motoman_up50n_support:/home/hungnb/cocarry_ws/install/motoman_sia5d_support:/home/hungnb/cocarry_ws/install/motoman_sia50_support:/home/hungnb/cocarry_ws/install/motoman_sia30d_support:/home/hungnb/cocarry_ws/install/motoman_sia20d_support:/home/hungnb/cocarry_ws/install/motoman_sia10f_support:/home/hungnb/cocarry_ws/install/motoman_sia10d_support:/home/hungnb/cocarry_ws/install/motoman_sda10f_support:/home/hungnb/cocarry_ws/install/motoman_ms210_support:/home/hungnb/cocarry_ws/install/motoman_mpx1950_support:/home/hungnb/cocarry_ws/install/motoman_motopos_mh1655_support:/home/hungnb/cocarry_ws/install/motoman_motopos_d500_support:/home/hungnb/cocarry_ws/install/motoman_motomini_support:/home/hungnb/cocarry_ws/install/motoman_mh5_support:/home/hungnb/cocarry_ws/install/motoman_mh50_support:/home/hungnb/cocarry_ws/install/motoman_mh12_support:/home/hungnb/cocarry_ws/install/motoman_mh110_support:/home/hungnb/cocarry_ws/install/motoman_ma2010_support:/home/hungnb/cocarry_ws/install/motoman_hc20_support:/home/hungnb/cocarry_ws/install/hc10dtp_bringup:/home/hungnb/cocarry_ws/install/hc10dtp_moveit_config:/home/hungnb/cocarry_ws/install/motoman_hc10dtp_support:/home/hungnb/cocarry_ws/install/motoman_hc10_support:/home/hungnb/cocarry_ws/install/motoman_gp8l_support:/home/hungnb/cocarry_ws/install/motoman_gp8_support:/home/hungnb/cocarry_ws/install/motoman_gp88_support:/home/hungnb/cocarry_ws/install/motoman_gp7_support:/home/hungnb/cocarry_ws/install/motoman_gp70l_support:/home/hungnb/cocarry_ws/install/motoman_gp50_support:/home/hungnb/cocarry_ws/install/motoman_gp4_support:/home/hungnb/cocarry_ws/install/motoman_gp35l_support:/home/hungnb/cocarry_ws/install/motoman_gp25_support:/home/hungnb/cocarry_ws/install/motoman_gp250_support:/home/hungnb/cocarry_ws/install/motoman_gp225_support:/home/hungnb/cocarry_ws/install/motoman_gp215_support:/home/hungnb/cocarry_ws/install/motoman_gp20hl_support:/home/hungnb/cocarry_ws/install/motoman_gp200r_support:/home/hungnb/cocarry_ws/install/motoman_gp180_support:/home/hungnb/cocarry_ws/install/motoman_gp165r_support:/home/hungnb/cocarry_ws/install/motoman_gp12_support:/home/hungnb/cocarry_ws/install/motoman_gp110_support:/home/hungnb/cocarry_ws/install/motoman_es_support:/home/hungnb/cocarry_ws/install/motoman_ar2010_support:/home/hungnb/cocarry_ws/install/motoman_resources:/home/hungnb/cocarry_ws/install/kinect2_calibration:/home/hungnb/cocarry_ws/install/kinect2_bridge:/home/hungnb/cocarry_ws/install/kinect2_registration:/home/hungnb/cocarry_ws/install/trajectory_predictor:/home/hungnb/cocarry_ws/install/realsense_tracker:/home/hungnb/cocarry_ws/install/predictor_ui:/home/hungnb/cocarry_ws/install/kinect_tracker:/home/hungnb/cocarry_ws/install/experiment_logger:/home/hungnb/cocarry_ws/install/coord_transform:/opt/ros/humble:/home/hungnb/cocarry_ws/install/human_hand_msgs /usr/bin/cmake /home/hungnb/cocarry_ws/src/motoros2_interfaces -DCMAKE_INSTALL_PREFIX=/home/hungnb/cocarry_ws/install/motoros2_interfaces
[2.605s] Invoking command in '/home/hungnb/cocarry_ws/build/motoros2_interfaces': CMAKE_PREFIX_PATH=/home/hungnb/cocarry_ws/install/hrc_bringup:/home/hungnb/cocarry_ws/install/hc10dtp_simulation:/home/hungnb/cocarry_ws/install/motoros2_interfaces:/home/hungnb/cocarry_ws/install/motoman:/home/hungnb/cocarry_ws/install/motoman_up50n_support:/home/hungnb/cocarry_ws/install/motoman_sia5d_support:/home/hungnb/cocarry_ws/install/motoman_sia50_support:/home/hungnb/cocarry_ws/install/motoman_sia30d_support:/home/hungnb/cocarry_ws/install/motoman_sia20d_support:/home/hungnb/cocarry_ws/install/motoman_sia10f_support:/home/hungnb/cocarry_ws/install/motoman_sia10d_support:/home/hungnb/cocarry_ws/install/motoman_sda10f_support:/home/hungnb/cocarry_ws/install/motoman_ms210_support:/home/hungnb/cocarry_ws/install/motoman_mpx1950_support:/home/hungnb/cocarry_ws/install/motoman_motopos_mh1655_support:/home/hungnb/cocarry_ws/install/motoman_motopos_d500_support:/home/hungnb/cocarry_ws/install/motoman_motomini_support:/home/hungnb/cocarry_ws/install/motoman_mh5_support:/home/hungnb/cocarry_ws/install/motoman_mh50_support:/home/hungnb/cocarry_ws/install/motoman_mh12_support:/home/hungnb/cocarry_ws/install/motoman_mh110_support:/home/hungnb/cocarry_ws/install/motoman_ma2010_support:/home/hungnb/cocarry_ws/install/motoman_hc20_support:/home/hungnb/cocarry_ws/install/hc10dtp_bringup:/home/hungnb/cocarry_ws/install/hc10dtp_moveit_config:/home/hungnb/cocarry_ws/install/motoman_hc10dtp_support:/home/hungnb/cocarry_ws/install/motoman_hc10_support:/home/hungnb/cocarry_ws/install/motoman_gp8l_support:/home/hungnb/cocarry_ws/install/motoman_gp8_support:/home/hungnb/cocarry_ws/install/motoman_gp88_support:/home/hungnb/cocarry_ws/install/motoman_gp7_support:/home/hungnb/cocarry_ws/install/motoman_gp70l_support:/home/hungnb/cocarry_ws/install/motoman_gp50_support:/home/hungnb/cocarry_ws/install/motoman_gp4_support:/home/hungnb/cocarry_ws/install/motoman_gp35l_support:/home/hungnb/cocarry_ws/install/motoman_gp25_support:/home/hungnb/cocarry_ws/install/motoman_gp250_support:/home/hungnb/cocarry_ws/install/motoman_gp225_support:/home/hungnb/cocarry_ws/install/motoman_gp215_support:/home/hungnb/cocarry_ws/install/motoman_gp20hl_support:/home/hungnb/cocarry_ws/install/motoman_gp200r_support:/home/hungnb/cocarry_ws/install/motoman_gp180_support:/home/hungnb/cocarry_ws/install/motoman_gp165r_support:/home/hungnb/cocarry_ws/install/motoman_gp12_support:/home/hungnb/cocarry_ws/install/motoman_gp110_support:/home/hungnb/cocarry_ws/install/motoman_es_support:/home/hungnb/cocarry_ws/install/motoman_ar2010_support:/home/hungnb/cocarry_ws/install/motoman_resources:/home/hungnb/cocarry_ws/install/kinect2_calibration:/home/hungnb/cocarry_ws/install/kinect2_bridge:/home/hungnb/cocarry_ws/install/kinect2_registration:/home/hungnb/cocarry_ws/install/trajectory_predictor:/home/hungnb/cocarry_ws/install/realsense_tracker:/home/hungnb/cocarry_ws/install/predictor_ui:/home/hungnb/cocarry_ws/install/kinect_tracker:/home/hungnb/cocarry_ws/install/experiment_logger:/home/hungnb/cocarry_ws/install/coord_transform:/opt/ros/humble:/home/hungnb/cocarry_ws/install/human_hand_msgs /usr/bin/cmake --build /home/hungnb/cocarry_ws/build/motoros2_interfaces -- -j16 -l16
[2.662s] [35m[1mConsolidate compiler generated dependencies of target motoros2_interfaces__rosidl_generator_c[0m
[2.670s] [  1%] Built target motoros2_interfaces__cpp
[2.671s] [  1%] Built target motoros2_interfaces__rs
[2.684s] [  1%] Built target ament_cmake_python_symlink_motoros2_interfaces
[2.724s] [ 13%] Built target motoros2_interfaces__rosidl_generator_c
[2.724s] [35m[1mConsolidate compiler generated dependencies of target motoros2_interfaces__rosidl_typesupport_cpp[0m
[2.725s] [35m[1mConsolidate compiler generated dependencies of target motoros2_interfaces__rosidl_typesupport_introspection_cpp[0m
[2.734s] [35m[1mConsolidate compiler generated dependencies of target motoros2_interfaces__rosidl_typesupport_fastrtps_cpp[0m
[2.734s] [35m[1mConsolidate compiler generated dependencies of target motoros2_interfaces__rosidl_typesupport_c[0m
[2.735s] [35m[1mConsolidate compiler generated dependencies of target motoros2_interfaces__rosidl_typesupport_fastrtps_c[0m
[2.737s] [35m[1mConsolidate compiler generated dependencies of target motoros2_interfaces__rosidl_typesupport_introspection_c[0m
[2.759s] [ 26%] Built target motoros2_interfaces__rosidl_typesupport_c
[2.759s] [ 37%] Built target motoros2_interfaces__rosidl_typesupport_cpp
[2.778s] [ 49%] Built target motoros2_interfaces__rosidl_typesupport_introspection_c
[2.789s] [ 64%] Built target motoros2_interfaces__rosidl_typesupport_introspection_cpp
[2.789s] [ 73%] Built target motoros2_interfaces__rosidl_typesupport_fastrtps_cpp
[2.813s] [ 85%] Built target motoros2_interfaces__rosidl_typesupport_fastrtps_c
[2.851s] [ 85%] Built target motoros2_interfaces
[2.894s] [ 86%] Built target motoros2_interfaces__py
[2.923s] [35m[1mConsolidate compiler generated dependencies of target motoros2_interfaces__rosidl_generator_py[0m
[2.973s] [ 97%] Built target motoros2_interfaces__rosidl_generator_py
[2.988s] [35m[1mConsolidate compiler generated dependencies of target motoros2_interfaces__rosidl_typesupport_fastrtps_c__pyext[0m
[2.988s] [35m[1mConsolidate compiler generated dependencies of target motoros2_interfaces__rosidl_typesupport_c__pyext[0m
[2.989s] [35m[1mConsolidate compiler generated dependencies of target motoros2_interfaces__rosidl_typesupport_introspection_c__pyext[0m
[3.006s] [ 99%] Built target motoros2_interfaces__rosidl_typesupport_c__pyext
[3.007s] [ 99%] Built target motoros2_interfaces__rosidl_typesupport_fastrtps_c__pyext
[3.007s] [100%] Built target motoros2_interfaces__rosidl_typesupport_introspection_c__pyext
[3.060s] running egg_info
[3.061s] writing motoros2_interfaces.egg-info/PKG-INFO
[3.061s] writing dependency_links to motoros2_interfaces.egg-info/dependency_links.txt
[3.061s] writing top-level names to motoros2_interfaces.egg-info/top_level.txt
[3.063s] reading manifest file 'motoros2_interfaces.egg-info/SOURCES.txt'
[3.063s] writing manifest file 'motoros2_interfaces.egg-info/SOURCES.txt'
[3.089s] [100%] Built target ament_cmake_python_build_motoros2_interfaces_egg
[3.192s] Invoked command in '/home/hungnb/cocarry_ws/build/motoros2_interfaces' returned '0': CMAKE_PREFIX_PATH=/home/hungnb/cocarry_ws/install/hrc_bringup:/home/hungnb/cocarry_ws/install/hc10dtp_simulation:/home/hungnb/cocarry_ws/install/motoros2_interfaces:/home/hungnb/cocarry_ws/install/motoman:/home/hungnb/cocarry_ws/install/motoman_up50n_support:/home/hungnb/cocarry_ws/install/motoman_sia5d_support:/home/hungnb/cocarry_ws/install/motoman_sia50_support:/home/hungnb/cocarry_ws/install/motoman_sia30d_support:/home/hungnb/cocarry_ws/install/motoman_sia20d_support:/home/hungnb/cocarry_ws/install/motoman_sia10f_support:/home/hungnb/cocarry_ws/install/motoman_sia10d_support:/home/hungnb/cocarry_ws/install/motoman_sda10f_support:/home/hungnb/cocarry_ws/install/motoman_ms210_support:/home/hungnb/cocarry_ws/install/motoman_mpx1950_support:/home/hungnb/cocarry_ws/install/motoman_motopos_mh1655_support:/home/hungnb/cocarry_ws/install/motoman_motopos_d500_support:/home/hungnb/cocarry_ws/install/motoman_motomini_support:/home/hungnb/cocarry_ws/install/motoman_mh5_support:/home/hungnb/cocarry_ws/install/motoman_mh50_support:/home/hungnb/cocarry_ws/install/motoman_mh12_support:/home/hungnb/cocarry_ws/install/motoman_mh110_support:/home/hungnb/cocarry_ws/install/motoman_ma2010_support:/home/hungnb/cocarry_ws/install/motoman_hc20_support:/home/hungnb/cocarry_ws/install/hc10dtp_bringup:/home/hungnb/cocarry_ws/install/hc10dtp_moveit_config:/home/hungnb/cocarry_ws/install/motoman_hc10dtp_support:/home/hungnb/cocarry_ws/install/motoman_hc10_support:/home/hungnb/cocarry_ws/install/motoman_gp8l_support:/home/hungnb/cocarry_ws/install/motoman_gp8_support:/home/hungnb/cocarry_ws/install/motoman_gp88_support:/home/hungnb/cocarry_ws/install/motoman_gp7_support:/home/hungnb/cocarry_ws/install/motoman_gp70l_support:/home/hungnb/cocarry_ws/install/motoman_gp50_support:/home/hungnb/cocarry_ws/install/motoman_gp4_support:/home/hungnb/cocarry_ws/install/motoman_gp35l_support:/home/hungnb/cocarry_ws/install/motoman_gp25_support:/home/hungnb/cocarry_ws/install/motoman_gp250_support:/home/hungnb/cocarry_ws/install/motoman_gp225_support:/home/hungnb/cocarry_ws/install/motoman_gp215_support:/home/hungnb/cocarry_ws/install/motoman_gp20hl_support:/home/hungnb/cocarry_ws/install/motoman_gp200r_support:/home/hungnb/cocarry_ws/install/motoman_gp180_support:/home/hungnb/cocarry_ws/install/motoman_gp165r_support:/home/hungnb/cocarry_ws/install/motoman_gp12_support:/home/hungnb/cocarry_ws/install/motoman_gp110_support:/home/hungnb/cocarry_ws/install/motoman_es_support:/home/hungnb/cocarry_ws/install/motoman_ar2010_support:/home/hungnb/cocarry_ws/install/motoman_resources:/home/hungnb/cocarry_ws/install/kinect2_calibration:/home/hungnb/cocarry_ws/install/kinect2_bridge:/home/hungnb/cocarry_ws/install/kinect2_registration:/home/hungnb/cocarry_ws/install/trajectory_predictor:/home/hungnb/cocarry_ws/install/realsense_tracker:/home/hungnb/cocarry_ws/install/predictor_ui:/home/hungnb/cocarry_ws/install/kinect_tracker:/home/hungnb/cocarry_ws/install/experiment_logger:/home/hungnb/cocarry_ws/install/coord_transform:/opt/ros/humble:/home/hungnb/cocarry_ws/install/human_hand_msgs /usr/bin/cmake --build /home/hungnb/cocarry_ws/build/motoros2_interfaces -- -j16 -l16
[3.195s] Invoking command in '/home/hungnb/cocarry_ws/build/motoros2_interfaces': CMAKE_PREFIX_PATH=/home/hungnb/cocarry_ws/install/hrc_bringup:/home/hungnb/cocarry_ws/install/hc10dtp_simulation:/home/hungnb/cocarry_ws/install/motoros2_interfaces:/home/hungnb/cocarry_ws/install/motoman:/home/hungnb/cocarry_ws/install/motoman_up50n_support:/home/hungnb/cocarry_ws/install/motoman_sia5d_support:/home/hungnb/cocarry_ws/install/motoman_sia50_support:/home/hungnb/cocarry_ws/install/motoman_sia30d_support:/home/hungnb/cocarry_ws/install/motoman_sia20d_support:/home/hungnb/cocarry_ws/install/motoman_sia10f_support:/home/hungnb/cocarry_ws/install/motoman_sia10d_support:/home/hungnb/cocarry_ws/install/motoman_sda10f_support:/home/hungnb/cocarry_ws/install/motoman_ms210_support:/home/hungnb/cocarry_ws/install/motoman_mpx1950_support:/home/hungnb/cocarry_ws/install/motoman_motopos_mh1655_support:/home/hungnb/cocarry_ws/install/motoman_motopos_d500_support:/home/hungnb/cocarry_ws/install/motoman_motomini_support:/home/hungnb/cocarry_ws/install/motoman_mh5_support:/home/hungnb/cocarry_ws/install/motoman_mh50_support:/home/hungnb/cocarry_ws/install/motoman_mh12_support:/home/hungnb/cocarry_ws/install/motoman_mh110_support:/home/hungnb/cocarry_ws/install/motoman_ma2010_support:/home/hungnb/cocarry_ws/install/motoman_hc20_support:/home/hungnb/cocarry_ws/install/hc10dtp_bringup:/home/hungnb/cocarry_ws/install/hc10dtp_moveit_config:/home/hungnb/cocarry_ws/install/motoman_hc10dtp_support:/home/hungnb/cocarry_ws/install/motoman_hc10_support:/home/hungnb/cocarry_ws/install/motoman_gp8l_support:/home/hungnb/cocarry_ws/install/motoman_gp8_support:/home/hungnb/cocarry_ws/install/motoman_gp88_support:/home/hungnb/cocarry_ws/install/motoman_gp7_support:/home/hungnb/cocarry_ws/install/motoman_gp70l_support:/home/hungnb/cocarry_ws/install/motoman_gp50_support:/home/hungnb/cocarry_ws/install/motoman_gp4_support:/home/hungnb/cocarry_ws/install/motoman_gp35l_support:/home/hungnb/cocarry_ws/install/motoman_gp25_support:/home/hungnb/cocarry_ws/install/motoman_gp250_support:/home/hungnb/cocarry_ws/install/motoman_gp225_support:/home/hungnb/cocarry_ws/install/motoman_gp215_support:/home/hungnb/cocarry_ws/install/motoman_gp20hl_support:/home/hungnb/cocarry_ws/install/motoman_gp200r_support:/home/hungnb/cocarry_ws/install/motoman_gp180_support:/home/hungnb/cocarry_ws/install/motoman_gp165r_support:/home/hungnb/cocarry_ws/install/motoman_gp12_support:/home/hungnb/cocarry_ws/install/motoman_gp110_support:/home/hungnb/cocarry_ws/install/motoman_es_support:/home/hungnb/cocarry_ws/install/motoman_ar2010_support:/home/hungnb/cocarry_ws/install/motoman_resources:/home/hungnb/cocarry_ws/install/kinect2_calibration:/home/hungnb/cocarry_ws/install/kinect2_bridge:/home/hungnb/cocarry_ws/install/kinect2_registration:/home/hungnb/cocarry_ws/install/trajectory_predictor:/home/hungnb/cocarry_ws/install/realsense_tracker:/home/hungnb/cocarry_ws/install/predictor_ui:/home/hungnb/cocarry_ws/install/kinect_tracker:/home/hungnb/cocarry_ws/install/experiment_logger:/home/hungnb/cocarry_ws/install/coord_transform:/opt/ros/humble:/home/hungnb/cocarry_ws/install/human_hand_msgs /usr/bin/cmake --install /home/hungnb/cocarry_ws/build/motoros2_interfaces
[3.227s] -- Install configuration: ""
[3.227s] -- Execute custom install script
[3.227s] -- Up-to-date symlink: /home/hungnb/cocarry_ws/install/motoros2_interfaces/share/ament_index/resource_index/rosidl_interfaces/motoros2_interfaces
[3.227s] -- Up-to-date symlink: /home/hungnb/cocarry_ws/install/motoros2_interfaces/include/motoros2_interfaces/motoros2_interfaces/msg/alarm_cause_remedy.h
[3.227s] -- Up-to-date symlink: /home/hungnb/cocarry_ws/install/motoros2_interfaces/include/motoros2_interfaces/motoros2_interfaces/msg/alarm_info.h
[3.227s] -- Up-to-date symlink: /home/hungnb/cocarry_ws/install/motoros2_interfaces/include/motoros2_interfaces/motoros2_interfaces/msg/detail/alarm_cause_remedy__functions.h
[3.229s] -- Up-to-date symlink: /home/hungnb/cocarry_ws/install/motoros2_interfaces/include/motoros2_interfaces/motoros2_interfaces/msg/detail/alarm_cause_remedy__struct.h
[3.229s] -- Up-to-date symlink: /home/hungnb/cocarry_ws/install/motoros2_interfaces/include/motoros2_interfaces/motoros2_interfaces/msg/detail/alarm_cause_remedy__type_support.h
[3.229s] -- Up-to-date symlink: /home/hungnb/cocarry_ws/install/motoros2_interfaces/include/motoros2_interfaces/motoros2_interfaces/msg/detail/alarm_info__functions.h
[3.229s] -- Up-to-date symlink: /home/hungnb/cocarry_ws/install/motoros2_interfaces/include/motoros2_interfaces/motoros2_interfaces/msg/detail/alarm_info__struct.h
[3.229s] -- Up-to-date symlink: /home/hungnb/cocarry_ws/install/motoros2_interfaces/include/motoros2_interfaces/motoros2_interfaces/msg/detail/alarm_info__type_support.h
[3.229s] -- Up-to-date symlink: /home/hungnb/cocarry_ws/install/motoros2_interfaces/include/motoros2_interfaces/motoros2_interfaces/msg/detail/error_info__functions.h
[3.230s] -- Up-to-date symlink: /home/hungnb/cocarry_ws/install/motoros2_interfaces/include/motoros2_interfaces/motoros2_interfaces/msg/detail/error_info__struct.h
[3.230s] -- Up-to-date symlink: /home/hungnb/cocarry_ws/install/motoros2_interfaces/include/motoros2_interfaces/motoros2_interfaces/msg/detail/error_info__type_support.h
[3.230s] -- Up-to-date symlink: /home/hungnb/cocarry_ws/install/motoros2_interfaces/include/motoros2_interfaces/motoros2_interfaces/msg/detail/inform_job_crud_result_codes__functions.h
[3.230s] -- Up-to-date symlink: /home/hungnb/cocarry_ws/install/motoros2_interfaces/include/motoros2_interfaces/motoros2_interfaces/msg/detail/inform_job_crud_result_codes__struct.h
[3.230s] -- Up-to-date symlink: /home/hungnb/cocarry_ws/install/motoros2_interfaces/include/motoros2_interfaces/motoros2_interfaces/msg/detail/inform_job_crud_result_codes__type_support.h
[3.230s] -- Up-to-date symlink: /home/hungnb/cocarry_ws/install/motoros2_interfaces/include/motoros2_interfaces/motoros2_interfaces/msg/detail/init_traj_enum__functions.h
[3.230s] -- Up-to-date symlink: /home/hungnb/cocarry_ws/install/motoros2_interfaces/include/motoros2_interfaces/motoros2_interfaces/msg/detail/init_traj_enum__struct.h
[3.234s] -- Up-to-date symlink: /home/hungnb/cocarry_ws/install/motoros2_interfaces/include/motoros2_interfaces/motoros2_interfaces/msg/detail/init_traj_enum__type_support.h
[3.235s] -- Up-to-date symlink: /home/hungnb/cocarry_ws/install/motoros2_interfaces/include/motoros2_interfaces/motoros2_interfaces/msg/detail/io_result_codes__functions.h
[3.235s] -- Up-to-date symlink: /home/hungnb/cocarry_ws/install/motoros2_interfaces/include/motoros2_interfaces/motoros2_interfaces/msg/detail/io_result_codes__struct.h
[3.238s] -- Up-to-date symlink: /home/hungnb/cocarry_ws/install/motoros2_interfaces/include/motoros2_interfaces/motoros2_interfaces/msg/detail/io_result_codes__type_support.h
[3.238s] -- Up-to-date symlink: /home/hungnb/cocarry_ws/install/motoros2_interfaces/include/motoros2_interfaces/motoros2_interfaces/msg/detail/motion_ready_enum__functions.h
[3.239s] -- Up-to-date symlink: /home/hungnb/cocarry_ws/install/motoros2_interfaces/include/motoros2_interfaces/motoros2_interfaces/msg/detail/motion_ready_enum__struct.h
[3.239s] -- Up-to-date symlink: /home/hungnb/cocarry_ws/install/motoros2_interfaces/include/motoros2_interfaces/motoros2_interfaces/msg/detail/motion_ready_enum__type_support.h
[3.239s] -- Up-to-date symlink: /home/hungnb/cocarry_ws/install/motoros2_interfaces/include/motoros2_interfaces/motoros2_interfaces/msg/detail/queue_result_enum__functions.h
[3.239s] -- Up-to-date symlink: /home/hungnb/cocarry_ws/install/motoros2_interfaces/include/motoros2_interfaces/motoros2_interfaces/msg/detail/queue_result_enum__struct.h
[3.239s] -- Up-to-date symlink: /home/hungnb/cocarry_ws/install/motoros2_interfaces/include/motoros2_interfaces/motoros2_interfaces/msg/detail/queue_result_enum__type_support.h
[3.239s] -- Up-to-date symlink: /home/hungnb/cocarry_ws/install/motoros2_interfaces/include/motoros2_interfaces/motoros2_interfaces/msg/detail/selection_result_codes__functions.h
[3.239s] -- Up-to-date symlink: /home/hungnb/cocarry_ws/install/motoros2_interfaces/include/motoros2_interfaces/motoros2_interfaces/msg/detail/selection_result_codes__struct.h
[3.240s] -- Up-to-date symlink: /home/hungnb/cocarry_ws/install/motoros2_interfaces/include/motoros2_interfaces/motoros2_interfaces/msg/detail/selection_result_codes__type_support.h
[3.242s] -- Up-to-date symlink: /home/hungnb/cocarry_ws/install/motoros2_interfaces/include/motoros2_interfaces/motoros2_interfaces/msg/error_info.h
[3.242s] -- Up-to-date symlink: /home/hungnb/cocarry_ws/install/motoros2_interfaces/include/motoros2_interfaces/motoros2_interfaces/msg/inform_job_crud_result_codes.h
[3.242s] -- Up-to-date symlink: /home/hungnb/cocarry_ws/install/motoros2_interfaces/include/motoros2_interfaces/motoros2_interfaces/msg/init_traj_enum.h
[3.242s] -- Up-to-date symlink: /home/hungnb/cocarry_ws/install/motoros2_interfaces/include/motoros2_interfaces/motoros2_interfaces/msg/io_result_codes.h
[3.243s] -- Up-to-date symlink: /home/hungnb/cocarry_ws/install/motoros2_interfaces/include/motoros2_interfaces/motoros2_interfaces/msg/motion_ready_enum.h
[3.243s] -- Up-to-date symlink: /home/hungnb/cocarry_ws/install/motoros2_interfaces/include/motoros2_interfaces/motoros2_interfaces/msg/queue_result_enum.h
[3.243s] -- Up-to-date symlink: /home/hungnb/cocarry_ws/install/motoros2_interfaces/include/motoros2_interfaces/motoros2_interfaces/msg/rosidl_generator_c__visibility_control.h
[3.243s] -- Up-to-date symlink: /home/hungnb/cocarry_ws/install/motoros2_interfaces/include/motoros2_interfaces/motoros2_interfaces/msg/selection_result_codes.h
[3.243s] -- Up-to-date symlink: /home/hungnb/cocarry_ws/install/motoros2_interfaces/include/motoros2_interfaces/motoros2_interfaces/srv/detail/get_active_alarm_info__functions.h
[3.243s] -- Up-to-date symlink: /home/hungnb/cocarry_ws/install/motoros2_interfaces/include/motoros2_interfaces/motoros2_interfaces/srv/detail/get_active_alarm_info__struct.h
[3.243s] -- Up-to-date symlink: /home/hungnb/cocarry_ws/install/motoros2_interfaces/include/motoros2_interfaces/motoros2_interfaces/srv/detail/get_active_alarm_info__type_support.h
[3.243s] -- Up-to-date symlink: /home/hungnb/cocarry_ws/install/motoros2_interfaces/include/motoros2_interfaces/motoros2_interfaces/srv/detail/list_inform_jobs__functions.h
[3.243s] -- Up-to-date symlink: /home/hungnb/cocarry_ws/install/motoros2_interfaces/include/motoros2_interfaces/motoros2_interfaces/srv/detail/list_inform_jobs__struct.h
[3.243s] -- Up-to-date symlink: /home/hungnb/cocarry_ws/install/motoros2_interfaces/include/motoros2_interfaces/motoros2_interfaces/srv/detail/list_inform_jobs__type_support.h
[3.243s] -- Up-to-date symlink: /home/hungnb/cocarry_ws/install/motoros2_interfaces/include/motoros2_interfaces/motoros2_interfaces/srv/detail/queue_traj_point__functions.h
[3.243s] -- Up-to-date symlink: /home/hungnb/cocarry_ws/install/motoros2_interfaces/include/motoros2_interfaces/motoros2_interfaces/srv/detail/queue_traj_point__struct.h
[3.243s] -- Up-to-date symlink: /home/hungnb/cocarry_ws/install/motoros2_interfaces/include/motoros2_interfaces/motoros2_interfaces/srv/detail/queue_traj_point__type_support.h
[3.244s] -- Up-to-date symlink: /home/hungnb/cocarry_ws/install/motoros2_interfaces/include/motoros2_interfaces/motoros2_interfaces/srv/detail/read_group_io__functions.h
[3.244s] -- Up-to-date symlink: /home/hungnb/cocarry_ws/install/motoros2_interfaces/include/motoros2_interfaces/motoros2_interfaces/srv/detail/read_group_io__struct.h
[3.244s] -- Up-to-date symlink: /home/hungnb/cocarry_ws/install/motoros2_interfaces/include/motoros2_interfaces/motoros2_interfaces/srv/detail/read_group_io__type_support.h
[3.244s] -- Up-to-date symlink: /home/hungnb/cocarry_ws/install/motoros2_interfaces/include/motoros2_interfaces/motoros2_interfaces/srv/detail/read_m_register__functions.h
[3.244s] -- Up-to-date symlink: /home/hungnb/cocarry_ws/install/motoros2_interfaces/include/motoros2_interfaces/motoros2_interfaces/srv/detail/read_m_register__struct.h
[3.244s] -- Up-to-date symlink: /home/hungnb/cocarry_ws/install/motoros2_interfaces/include/motoros2_interfaces/motoros2_interfaces/srv/detail/read_m_register__type_support.h
[3.244s] -- Up-to-date symlink: /home/hungnb/cocarry_ws/install/motoros2_interfaces/include/motoros2_interfaces/motoros2_interfaces/srv/detail/read_single_io__functions.h
[3.244s] -- Up-to-date symlink: /home/hungnb/cocarry_ws/install/motoros2_interfaces/include/motoros2_interfaces/motoros2_interfaces/srv/detail/read_single_io__struct.h
[3.244s] -- Up-to-date symlink: /home/hungnb/cocarry_ws/install/motoros2_interfaces/include/motoros2_interfaces/motoros2_interfaces/srv/detail/read_single_io__type_support.h
[3.244s] -- Up-to-date symlink: /home/hungnb/cocarry_ws/install/motoros2_interfaces/include/motoros2_interfaces/motoros2_interfaces/srv/detail/reset_error__functions.h
[3.244s] -- Up-to-date symlink: /home/hungnb/cocarry_ws/install/motoros2_interfaces/include/motoros2_interfaces/motoros2_interfaces/srv/detail/reset_error__struct.h
[3.245s] -- Up-to-date symlink: /home/hungnb/cocarry_ws/install/motoros2_interfaces/include/motoros2_interfaces/motoros2_interfaces/srv/detail/reset_error__type_support.h
[3.246s] -- Up-to-date symlink: /home/hungnb/cocarry_ws/install/motoros2_interfaces/include/motoros2_interfaces/motoros2_interfaces/srv/detail/select_motion_tool__functions.h
[3.246s] -- Up-to-date symlink: /home/hungnb/cocarry_ws/install/motoros2_interfaces/include/motoros2_interfaces/motoros2_interfaces/srv/detail/select_motion_tool__struct.h
[3.246s] -- Up-to-date symlink: /home/hungnb/cocarry_ws/install/motoros2_interfaces/include/motoros2_interfaces/motoros2_interfaces/srv/detail/select_motion_tool__type_support.h
[3.246s] -- Up-to-date symlink: /home/hungnb/cocarry_ws/install/motoros2_interfaces/include/motoros2_interfaces/motoros2_interfaces/srv/detail/start_point_queue_mode__functions.h
[3.246s] -- Up-to-date symlink: /home/hungnb/cocarry_ws/install/motoros2_interfaces/include/motoros2_interfaces/motoros2_interfaces/srv/detail/start_point_queue_mode__struct.h
[3.246s] -- Up-to-date symlink: /home/hungnb/cocarry_ws/install/motoros2_interfaces/include/motoros2_interfaces/motoros2_interfaces/srv/detail/start_point_queue_mode__type_support.h
[3.246s] -- Up-to-date symlink: /home/hungnb/cocarry_ws/install/motoros2_interfaces/include/motoros2_interfaces/motoros2_interfaces/srv/detail/start_traj_mode__functions.h
[3.247s] -- Up-to-date symlink: /home/hungnb/cocarry_ws/install/motoros2_interfaces/include/motoros2_interfaces/motoros2_interfaces/srv/detail/start_traj_mode__struct.h
[3.247s] -- Up-to-date symlink: /home/hungnb/cocarry_ws/install/motoros2_interfaces/include/motoros2_interfaces/motoros2_interfaces/srv/detail/start_traj_mode__type_support.h
[3.247s] -- Up-to-date symlink: /home/hungnb/cocarry_ws/install/motoros2_interfaces/include/motoros2_interfaces/motoros2_interfaces/srv/detail/write_group_io__functions.h
[3.247s] -- Up-to-date symlink: /home/hungnb/cocarry_ws/install/motoros2_interfaces/include/motoros2_interfaces/motoros2_interfaces/srv/detail/write_group_io__struct.h
[3.247s] -- Up-to-date symlink: /home/hungnb/cocarry_ws/install/motoros2_interfaces/include/motoros2_interfaces/motoros2_interfaces/srv/detail/write_group_io__type_support.h
[3.247s] -- Up-to-date symlink: /home/hungnb/cocarry_ws/install/motoros2_interfaces/include/motoros2_interfaces/motoros2_interfaces/srv/detail/write_m_register__functions.h
[3.247s] -- Up-to-date symlink: /home/hungnb/cocarry_ws/install/motoros2_interfaces/include/motoros2_interfaces/motoros2_interfaces/srv/detail/write_m_register__struct.h
[3.247s] -- Up-to-date symlink: /home/hungnb/cocarry_ws/install/motoros2_interfaces/include/motoros2_interfaces/motoros2_interfaces/srv/detail/write_m_register__type_support.h
[3.247s] -- Up-to-date symlink: /home/hungnb/cocarry_ws/install/motoros2_interfaces/include/motoros2_interfaces/motoros2_interfaces/srv/detail/write_single_io__functions.h
[3.247s] -- Up-to-date symlink: /home/hungnb/cocarry_ws/install/motoros2_interfaces/include/motoros2_interfaces/motoros2_interfaces/srv/detail/write_single_io__struct.h
[3.247s] -- Up-to-date symlink: /home/hungnb/cocarry_ws/install/motoros2_interfaces/include/motoros2_interfaces/motoros2_interfaces/srv/detail/write_single_io__type_support.h
[3.248s] -- Up-to-date symlink: /home/hungnb/cocarry_ws/install/motoros2_interfaces/include/motoros2_interfaces/motoros2_interfaces/srv/get_active_alarm_info.h
[3.248s] -- Up-to-date symlink: /home/hungnb/cocarry_ws/install/motoros2_interfaces/include/motoros2_interfaces/motoros2_interfaces/srv/list_inform_jobs.h
[3.248s] -- Up-to-date symlink: /home/hungnb/cocarry_ws/install/motoros2_interfaces/include/motoros2_interfaces/motoros2_interfaces/srv/queue_traj_point.h
[3.248s] -- Up-to-date symlink: /home/hungnb/cocarry_ws/install/motoros2_interfaces/include/motoros2_interfaces/motoros2_interfaces/srv/read_group_io.h
[3.250s] -- Up-to-date symlink: /home/hungnb/cocarry_ws/install/motoros2_interfaces/include/motoros2_interfaces/motoros2_interfaces/srv/read_m_register.h
[3.251s] -- Up-to-date symlink: /home/hungnb/cocarry_ws/install/motoros2_interfaces/include/motoros2_interfaces/motoros2_interfaces/srv/read_single_io.h
[3.251s] -- Up-to-date symlink: /home/hungnb/cocarry_ws/install/motoros2_interfaces/include/motoros2_interfaces/motoros2_interfaces/srv/reset_error.h
[3.251s] -- Up-to-date symlink: /home/hungnb/cocarry_ws/install/motoros2_interfaces/include/motoros2_interfaces/motoros2_interfaces/srv/select_motion_tool.h
[3.251s] -- Up-to-date symlink: /home/hungnb/cocarry_ws/install/motoros2_interfaces/include/motoros2_interfaces/motoros2_interfaces/srv/start_point_queue_mode.h
[3.251s] -- Up-to-date symlink: /home/hungnb/cocarry_ws/install/motoros2_interfaces/include/motoros2_interfaces/motoros2_interfaces/srv/start_traj_mode.h
[3.251s] -- Up-to-date symlink: /home/hungnb/cocarry_ws/install/motoros2_interfaces/include/motoros2_interfaces/motoros2_interfaces/srv/write_group_io.h
[3.251s] -- Up-to-date symlink: /home/hungnb/cocarry_ws/install/motoros2_interfaces/include/motoros2_interfaces/motoros2_interfaces/srv/write_m_register.h
[3.251s] -- Up-to-date symlink: /home/hungnb/cocarry_ws/install/motoros2_interfaces/include/motoros2_interfaces/motoros2_interfaces/srv/write_single_io.h
[3.251s] -- Up-to-date symlink: /home/hungnb/cocarry_ws/install/motoros2_interfaces/share/motoros2_interfaces/environment/library_path.sh
[3.252s] -- Up-to-date symlink: /home/hungnb/cocarry_ws/install/motoros2_interfaces/share/motoros2_interfaces/environment/library_path.dsv
[3.252s] -- Up-to-date symlink: /home/hungnb/cocarry_ws/install/motoros2_interfaces/include/motoros2_interfaces/motoros2_interfaces/msg/detail/alarm_cause_remedy__rosidl_typesupport_fastrtps_c.h
[3.252s] -- Up-to-date symlink: /home/hungnb/cocarry_ws/install/motoros2_interfaces/include/motoros2_interfaces/motoros2_interfaces/msg/detail/alarm_info__rosidl_typesupport_fastrtps_c.h
[3.252s] -- Up-to-date symlink: /home/hungnb/cocarry_ws/install/motoros2_interfaces/include/motoros2_interfaces/motoros2_interfaces/msg/detail/error_info__rosidl_typesupport_fastrtps_c.h
[3.252s] -- Up-to-date symlink: /home/hungnb/cocarry_ws/install/motoros2_interfaces/include/motoros2_interfaces/motoros2_interfaces/msg/detail/inform_job_crud_result_codes__rosidl_typesupport_fastrtps_c.h
[3.252s] -- Up-to-date symlink: /home/hungnb/cocarry_ws/install/motoros2_interfaces/include/motoros2_interfaces/motoros2_interfaces/msg/detail/init_traj_enum__rosidl_typesupport_fastrtps_c.h
[3.252s] -- Up-to-date symlink: /home/hungnb/cocarry_ws/install/motoros2_interfaces/include/motoros2_interfaces/motoros2_interfaces/msg/detail/io_result_codes__rosidl_typesupport_fastrtps_c.h
[3.252s] -- Up-to-date symlink: /home/hungnb/cocarry_ws/install/motoros2_interfaces/include/motoros2_interfaces/motoros2_interfaces/msg/detail/motion_ready_enum__rosidl_typesupport_fastrtps_c.h
[3.252s] -- Up-to-date symlink: /home/hungnb/cocarry_ws/install/motoros2_interfaces/include/motoros2_interfaces/motoros2_interfaces/msg/detail/queue_result_enum__rosidl_typesupport_fastrtps_c.h
[3.254s] -- Up-to-date symlink: /home/hungnb/cocarry_ws/install/motoros2_interfaces/include/motoros2_interfaces/motoros2_interfaces/msg/detail/selection_result_codes__rosidl_typesupport_fastrtps_c.h
[3.255s] -- Up-to-date symlink: /home/hungnb/cocarry_ws/install/motoros2_interfaces/include/motoros2_interfaces/motoros2_interfaces/msg/rosidl_typesupport_fastrtps_c__visibility_control.h
[3.256s] -- Up-to-date symlink: /home/hungnb/cocarry_ws/install/motoros2_interfaces/include/motoros2_interfaces/motoros2_interfaces/srv/detail/get_active_alarm_info__rosidl_typesupport_fastrtps_c.h
[3.256s] -- Up-to-date symlink: /home/hungnb/cocarry_ws/install/motoros2_interfaces/include/motoros2_interfaces/motoros2_interfaces/srv/detail/list_inform_jobs__rosidl_typesupport_fastrtps_c.h
[3.256s] -- Up-to-date symlink: /home/hungnb/cocarry_ws/install/motoros2_interfaces/include/motoros2_interfaces/motoros2_interfaces/srv/detail/queue_traj_point__rosidl_typesupport_fastrtps_c.h
[3.256s] -- Up-to-date symlink: /home/hungnb/cocarry_ws/install/motoros2_interfaces/include/motoros2_interfaces/motoros2_interfaces/srv/detail/read_group_io__rosidl_typesupport_fastrtps_c.h
[3.256s] -- Up-to-date symlink: /home/hungnb/cocarry_ws/install/motoros2_interfaces/include/motoros2_interfaces/motoros2_interfaces/srv/detail/read_m_register__rosidl_typesupport_fastrtps_c.h
[3.257s] -- Up-to-date symlink: /home/hungnb/cocarry_ws/install/motoros2_interfaces/include/motoros2_interfaces/motoros2_interfaces/srv/detail/read_single_io__rosidl_typesupport_fastrtps_c.h
[3.257s] -- Up-to-date symlink: /home/hungnb/cocarry_ws/install/motoros2_interfaces/include/motoros2_interfaces/motoros2_interfaces/srv/detail/reset_error__rosidl_typesupport_fastrtps_c.h
[3.257s] -- Up-to-date symlink: /home/hungnb/cocarry_ws/install/motoros2_interfaces/include/motoros2_interfaces/motoros2_interfaces/srv/detail/select_motion_tool__rosidl_typesupport_fastrtps_c.h
[3.257s] -- Up-to-date symlink: /home/hungnb/cocarry_ws/install/motoros2_interfaces/include/motoros2_interfaces/motoros2_interfaces/srv/detail/start_point_queue_mode__rosidl_typesupport_fastrtps_c.h
[3.257s] -- Up-to-date symlink: /home/hungnb/cocarry_ws/install/motoros2_interfaces/include/motoros2_interfaces/motoros2_interfaces/srv/detail/start_traj_mode__rosidl_typesupport_fastrtps_c.h
[3.257s] -- Up-to-date symlink: /home/hungnb/cocarry_ws/install/motoros2_interfaces/include/motoros2_interfaces/motoros2_interfaces/srv/detail/write_group_io__rosidl_typesupport_fastrtps_c.h
[3.257s] -- Up-to-date symlink: /home/hungnb/cocarry_ws/install/motoros2_interfaces/include/motoros2_interfaces/motoros2_interfaces/srv/detail/write_m_register__rosidl_typesupport_fastrtps_c.h
[3.257s] -- Up-to-date symlink: /home/hungnb/cocarry_ws/install/motoros2_interfaces/include/motoros2_interfaces/motoros2_interfaces/srv/detail/write_single_io__rosidl_typesupport_fastrtps_c.h
[3.257s] -- Up-to-date symlink: /home/hungnb/cocarry_ws/install/motoros2_interfaces/include/motoros2_interfaces/motoros2_interfaces/msg/alarm_cause_remedy.hpp
[3.258s] -- Up-to-date symlink: /home/hungnb/cocarry_ws/install/motoros2_interfaces/include/motoros2_interfaces/motoros2_interfaces/msg/alarm_info.hpp
[3.258s] -- Up-to-date symlink: /home/hungnb/cocarry_ws/install/motoros2_interfaces/include/motoros2_interfaces/motoros2_interfaces/msg/detail/alarm_cause_remedy__builder.hpp
[3.258s] -- Up-to-date symlink: /home/hungnb/cocarry_ws/install/motoros2_interfaces/include/motoros2_interfaces/motoros2_interfaces/msg/detail/alarm_cause_remedy__struct.hpp
[3.258s] -- Up-to-date symlink: /home/hungnb/cocarry_ws/install/motoros2_interfaces/include/motoros2_interfaces/motoros2_interfaces/msg/detail/alarm_cause_remedy__traits.hpp
[3.258s] -- Up-to-date symlink: /home/hungnb/cocarry_ws/install/motoros2_interfaces/include/motoros2_interfaces/motoros2_interfaces/msg/detail/alarm_cause_remedy__type_support.hpp
[3.259s] -- Up-to-date symlink: /home/hungnb/cocarry_ws/install/motoros2_interfaces/include/motoros2_interfaces/motoros2_interfaces/msg/detail/alarm_info__builder.hpp
[3.259s] -- Up-to-date symlink: /home/hungnb/cocarry_ws/install/motoros2_interfaces/include/motoros2_interfaces/motoros2_interfaces/msg/detail/alarm_info__struct.hpp
[3.259s] -- Up-to-date symlink: /home/hungnb/cocarry_ws/install/motoros2_interfaces/include/motoros2_interfaces/motoros2_interfaces/msg/detail/alarm_info__traits.hpp
[3.259s] -- Up-to-date symlink: /home/hungnb/cocarry_ws/install/motoros2_interfaces/include/motoros2_interfaces/motoros2_interfaces/msg/detail/alarm_info__type_support.hpp
[3.259s] -- Up-to-date symlink: /home/hungnb/cocarry_ws/install/motoros2_interfaces/include/motoros2_interfaces/motoros2_interfaces/msg/detail/error_info__builder.hpp
[3.260s] -- Up-to-date symlink: /home/hungnb/cocarry_ws/install/motoros2_interfaces/include/motoros2_interfaces/motoros2_interfaces/msg/detail/error_info__struct.hpp
[3.260s] -- Up-to-date symlink: /home/hungnb/cocarry_ws/install/motoros2_interfaces/include/motoros2_interfaces/motoros2_interfaces/msg/detail/error_info__traits.hpp
[3.260s] -- Up-to-date symlink: /home/hungnb/cocarry_ws/install/motoros2_interfaces/include/motoros2_interfaces/motoros2_interfaces/msg/detail/error_info__type_support.hpp
[3.260s] -- Up-to-date symlink: /home/hungnb/cocarry_ws/install/motoros2_interfaces/include/motoros2_interfaces/motoros2_interfaces/msg/detail/inform_job_crud_result_codes__builder.hpp
[3.260s] -- Up-to-date symlink: /home/hungnb/cocarry_ws/install/motoros2_interfaces/include/motoros2_interfaces/motoros2_interfaces/msg/detail/inform_job_crud_result_codes__struct.hpp
[3.260s] -- Up-to-date symlink: /home/hungnb/cocarry_ws/install/motoros2_interfaces/include/motoros2_interfaces/motoros2_interfaces/msg/detail/inform_job_crud_result_codes__traits.hpp
[3.260s] -- Up-to-date symlink: /home/hungnb/cocarry_ws/install/motoros2_interfaces/include/motoros2_interfaces/motoros2_interfaces/msg/detail/inform_job_crud_result_codes__type_support.hpp
[3.260s] -- Up-to-date symlink: /home/hungnb/cocarry_ws/install/motoros2_interfaces/include/motoros2_interfaces/motoros2_interfaces/msg/detail/init_traj_enum__builder.hpp
[3.260s] -- Up-to-date symlink: /home/hungnb/cocarry_ws/install/motoros2_interfaces/include/motoros2_interfaces/motoros2_interfaces/msg/detail/init_traj_enum__struct.hpp
[3.260s] -- Up-to-date symlink: /home/hungnb/cocarry_ws/install/motoros2_interfaces/include/motoros2_interfaces/motoros2_interfaces/msg/detail/init_traj_enum__traits.hpp
[3.260s] -- Up-to-date symlink: /home/hungnb/cocarry_ws/install/motoros2_interfaces/include/motoros2_interfaces/motoros2_interfaces/msg/detail/init_traj_enum__type_support.hpp
[3.260s] -- Up-to-date symlink: /home/hungnb/cocarry_ws/install/motoros2_interfaces/include/motoros2_interfaces/motoros2_interfaces/msg/detail/io_result_codes__builder.hpp
[3.260s] -- Up-to-date symlink: /home/hungnb/cocarry_ws/install/motoros2_interfaces/include/motoros2_interfaces/motoros2_interfaces/msg/detail/io_result_codes__struct.hpp
[3.261s] -- Up-to-date symlink: /home/hungnb/cocarry_ws/install/motoros2_interfaces/include/motoros2_interfaces/motoros2_interfaces/msg/detail/io_result_codes__traits.hpp
[3.261s] -- Up-to-date symlink: /home/hungnb/cocarry_ws/install/motoros2_interfaces/include/motoros2_interfaces/motoros2_interfaces/msg/detail/io_result_codes__type_support.hpp
[3.261s] -- Up-to-date symlink: /home/hungnb/cocarry_ws/install/motoros2_interfaces/include/motoros2_interfaces/motoros2_interfaces/msg/detail/motion_ready_enum__builder.hpp
[3.261s] -- Up-to-date symlink: /home/hungnb/cocarry_ws/install/motoros2_interfaces/include/motoros2_interfaces/motoros2_interfaces/msg/detail/motion_ready_enum__struct.hpp
[3.261s] -- Up-to-date symlink: /home/hungnb/cocarry_ws/install/motoros2_interfaces/include/motoros2_interfaces/motoros2_interfaces/msg/detail/motion_ready_enum__traits.hpp
[3.262s] -- Up-to-date symlink: /home/hungnb/cocarry_ws/install/motoros2_interfaces/include/motoros2_interfaces/motoros2_interfaces/msg/detail/motion_ready_enum__type_support.hpp
[3.262s] -- Up-to-date symlink: /home/hungnb/cocarry_ws/install/motoros2_interfaces/include/motoros2_interfaces/motoros2_interfaces/msg/detail/queue_result_enum__builder.hpp
[3.262s] -- Up-to-date symlink: /home/hungnb/cocarry_ws/install/motoros2_interfaces/include/motoros2_interfaces/motoros2_interfaces/msg/detail/queue_result_enum__struct.hpp
[3.262s] -- Up-to-date symlink: /home/hungnb/cocarry_ws/install/motoros2_interfaces/include/motoros2_interfaces/motoros2_interfaces/msg/detail/queue_result_enum__traits.hpp
[3.262s] -- Up-to-date symlink: /home/hungnb/cocarry_ws/install/motoros2_interfaces/include/motoros2_interfaces/motoros2_interfaces/msg/detail/queue_result_enum__type_support.hpp
[3.262s] -- Up-to-date symlink: /home/hungnb/cocarry_ws/install/motoros2_interfaces/include/motoros2_interfaces/motoros2_interfaces/msg/detail/selection_result_codes__builder.hpp
[3.262s] -- Up-to-date symlink: /home/hungnb/cocarry_ws/install/motoros2_interfaces/include/motoros2_interfaces/motoros2_interfaces/msg/detail/selection_result_codes__struct.hpp
[3.262s] -- Up-to-date symlink: /home/hungnb/cocarry_ws/install/motoros2_interfaces/include/motoros2_interfaces/motoros2_interfaces/msg/detail/selection_result_codes__traits.hpp
[3.262s] -- Up-to-date symlink: /home/hungnb/cocarry_ws/install/motoros2_interfaces/include/motoros2_interfaces/motoros2_interfaces/msg/detail/selection_result_codes__type_support.hpp
[3.262s] -- Up-to-date symlink: /home/hungnb/cocarry_ws/install/motoros2_interfaces/include/motoros2_interfaces/motoros2_interfaces/msg/error_info.hpp
[3.262s] -- Up-to-date symlink: /home/hungnb/cocarry_ws/install/motoros2_interfaces/include/motoros2_interfaces/motoros2_interfaces/msg/inform_job_crud_result_codes.hpp
[3.262s] -- Up-to-date symlink: /home/hungnb/cocarry_ws/install/motoros2_interfaces/include/motoros2_interfaces/motoros2_interfaces/msg/init_traj_enum.hpp
[3.262s] -- Up-to-date symlink: /home/hungnb/cocarry_ws/install/motoros2_interfaces/include/motoros2_interfaces/motoros2_interfaces/msg/io_result_codes.hpp
[3.262s] -- Up-to-date symlink: /home/hungnb/cocarry_ws/install/motoros2_interfaces/include/motoros2_interfaces/motoros2_interfaces/msg/motion_ready_enum.hpp
[3.263s] -- Up-to-date symlink: /home/hungnb/cocarry_ws/install/motoros2_interfaces/include/motoros2_interfaces/motoros2_interfaces/msg/queue_result_enum.hpp
[3.263s] -- Up-to-date symlink: /home/hungnb/cocarry_ws/install/motoros2_interfaces/include/motoros2_interfaces/motoros2_interfaces/msg/rosidl_generator_cpp__visibility_control.hpp
[3.263s] -- Up-to-date symlink: /home/hungnb/cocarry_ws/install/motoros2_interfaces/include/motoros2_interfaces/motoros2_interfaces/msg/selection_result_codes.hpp
[3.263s] -- Up-to-date symlink: /home/hungnb/cocarry_ws/install/motoros2_interfaces/include/motoros2_interfaces/motoros2_interfaces/srv/detail/get_active_alarm_info__builder.hpp
[3.263s] -- Up-to-date symlink: /home/hungnb/cocarry_ws/install/motoros2_interfaces/include/motoros2_interfaces/motoros2_interfaces/srv/detail/get_active_alarm_info__struct.hpp
[3.263s] -- Up-to-date symlink: /home/hungnb/cocarry_ws/install/motoros2_interfaces/include/motoros2_interfaces/motoros2_interfaces/srv/detail/get_active_alarm_info__traits.hpp
[3.263s] -- Up-to-date symlink: /home/hungnb/cocarry_ws/install/motoros2_interfaces/include/motoros2_interfaces/motoros2_interfaces/srv/detail/get_active_alarm_info__type_support.hpp
[3.263s] -- Up-to-date symlink: /home/hungnb/cocarry_ws/install/motoros2_interfaces/include/motoros2_interfaces/motoros2_interfaces/srv/detail/list_inform_jobs__builder.hpp
[3.263s] -- Up-to-date symlink: /home/hungnb/cocarry_ws/install/motoros2_interfaces/include/motoros2_interfaces/motoros2_interfaces/srv/detail/list_inform_jobs__struct.hpp
[3.263s] -- Up-to-date symlink: /home/hungnb/cocarry_ws/install/motoros2_interfaces/include/motoros2_interfaces/motoros2_interfaces/srv/detail/list_inform_jobs__traits.hpp
[3.263s] -- Up-to-date symlink: /home/hungnb/cocarry_ws/install/motoros2_interfaces/include/motoros2_interfaces/motoros2_interfaces/srv/detail/list_inform_jobs__type_support.hpp
[3.263s] -- Up-to-date symlink: /home/hungnb/cocarry_ws/install/motoros2_interfaces/include/motoros2_interfaces/motoros2_interfaces/srv/detail/queue_traj_point__builder.hpp
[3.263s] -- Up-to-date symlink: /home/hungnb/cocarry_ws/install/motoros2_interfaces/include/motoros2_interfaces/motoros2_interfaces/srv/detail/queue_traj_point__struct.hpp
[3.264s] -- Up-to-date symlink: /home/hungnb/cocarry_ws/install/motoros2_interfaces/include/motoros2_interfaces/motoros2_interfaces/srv/detail/queue_traj_point__traits.hpp
[3.264s] -- Up-to-date symlink: /home/hungnb/cocarry_ws/install/motoros2_interfaces/include/motoros2_interfaces/motoros2_interfaces/srv/detail/queue_traj_point__type_support.hpp
[3.264s] -- Up-to-date symlink: /home/hungnb/cocarry_ws/install/motoros2_interfaces/include/motoros2_interfaces/motoros2_interfaces/srv/detail/read_group_io__builder.hpp
[3.264s] -- Up-to-date symlink: /home/hungnb/cocarry_ws/install/motoros2_interfaces/include/motoros2_interfaces/motoros2_interfaces/srv/detail/read_group_io__struct.hpp
[3.264s] -- Up-to-date symlink: /home/hungnb/cocarry_ws/install/motoros2_interfaces/include/motoros2_interfaces/motoros2_interfaces/srv/detail/read_group_io__traits.hpp
[3.264s] -- Up-to-date symlink: /home/hungnb/cocarry_ws/install/motoros2_interfaces/include/motoros2_interfaces/motoros2_interfaces/srv/detail/read_group_io__type_support.hpp
[3.265s] -- Up-to-date symlink: /home/hungnb/cocarry_ws/install/motoros2_interfaces/include/motoros2_interfaces/motoros2_interfaces/srv/detail/read_m_register__builder.hpp
[3.265s] -- Up-to-date symlink: /home/hungnb/cocarry_ws/install/motoros2_interfaces/include/motoros2_interfaces/motoros2_interfaces/srv/detail/read_m_register__struct.hpp
[3.265s] -- Up-to-date symlink: /home/hungnb/cocarry_ws/install/motoros2_interfaces/include/motoros2_interfaces/motoros2_interfaces/srv/detail/read_m_register__traits.hpp
[3.265s] -- Up-to-date symlink: /home/hungnb/cocarry_ws/install/motoros2_interfaces/include/motoros2_interfaces/motoros2_interfaces/srv/detail/read_m_register__type_support.hpp
[3.265s] -- Up-to-date symlink: /home/hungnb/cocarry_ws/install/motoros2_interfaces/include/motoros2_interfaces/motoros2_interfaces/srv/detail/read_single_io__builder.hpp
[3.265s] -- Up-to-date symlink: /home/hungnb/cocarry_ws/install/motoros2_interfaces/include/motoros2_interfaces/motoros2_interfaces/srv/detail/read_single_io__struct.hpp
[3.265s] -- Up-to-date symlink: /home/hungnb/cocarry_ws/install/motoros2_interfaces/include/motoros2_interfaces/motoros2_interfaces/srv/detail/read_single_io__traits.hpp
[3.265s] -- Up-to-date symlink: /home/hungnb/cocarry_ws/install/motoros2_interfaces/include/motoros2_interfaces/motoros2_interfaces/srv/detail/read_single_io__type_support.hpp
[3.265s] -- Up-to-date symlink: /home/hungnb/cocarry_ws/install/motoros2_interfaces/include/motoros2_interfaces/motoros2_interfaces/srv/detail/reset_error__builder.hpp
[3.265s] -- Up-to-date symlink: /home/hungnb/cocarry_ws/install/motoros2_interfaces/include/motoros2_interfaces/motoros2_interfaces/srv/detail/reset_error__struct.hpp
[3.265s] -- Up-to-date symlink: /home/hungnb/cocarry_ws/install/motoros2_interfaces/include/motoros2_interfaces/motoros2_interfaces/srv/detail/reset_error__traits.hpp
[3.265s] -- Up-to-date symlink: /home/hungnb/cocarry_ws/install/motoros2_interfaces/include/motoros2_interfaces/motoros2_interfaces/srv/detail/reset_error__type_support.hpp
[3.265s] -- Up-to-date symlink: /home/hungnb/cocarry_ws/install/motoros2_interfaces/include/motoros2_interfaces/motoros2_interfaces/srv/detail/select_motion_tool__builder.hpp
[3.265s] -- Up-to-date symlink: /home/hungnb/cocarry_ws/install/motoros2_interfaces/include/motoros2_interfaces/motoros2_interfaces/srv/detail/select_motion_tool__struct.hpp
[3.265s] -- Up-to-date symlink: /home/hungnb/cocarry_ws/install/motoros2_interfaces/include/motoros2_interfaces/motoros2_interfaces/srv/detail/select_motion_tool__traits.hpp
[3.265s] -- Up-to-date symlink: /home/hungnb/cocarry_ws/install/motoros2_interfaces/include/motoros2_interfaces/motoros2_interfaces/srv/detail/select_motion_tool__type_support.hpp
[3.266s] -- Up-to-date symlink: /home/hungnb/cocarry_ws/install/motoros2_interfaces/include/motoros2_interfaces/motoros2_interfaces/srv/detail/start_point_queue_mode__builder.hpp
[3.266s] -- Up-to-date symlink: /home/hungnb/cocarry_ws/install/motoros2_interfaces/include/motoros2_interfaces/motoros2_interfaces/srv/detail/start_point_queue_mode__struct.hpp
[3.266s] -- Up-to-date symlink: /home/hungnb/cocarry_ws/install/motoros2_interfaces/include/motoros2_interfaces/motoros2_interfaces/srv/detail/start_point_queue_mode__traits.hpp
[3.266s] -- Up-to-date symlink: /home/hungnb/cocarry_ws/install/motoros2_interfaces/include/motoros2_interfaces/motoros2_interfaces/srv/detail/start_point_queue_mode__type_support.hpp
[3.266s] -- Up-to-date symlink: /home/hungnb/cocarry_ws/install/motoros2_interfaces/include/motoros2_interfaces/motoros2_interfaces/srv/detail/start_traj_mode__builder.hpp
[3.266s] -- Up-to-date symlink: /home/hungnb/cocarry_ws/install/motoros2_interfaces/include/motoros2_interfaces/motoros2_interfaces/srv/detail/start_traj_mode__struct.hpp
[3.266s] -- Up-to-date symlink: /home/hungnb/cocarry_ws/install/motoros2_interfaces/include/motoros2_interfaces/motoros2_interfaces/srv/detail/start_traj_mode__traits.hpp
[3.266s] -- Up-to-date symlink: /home/hungnb/cocarry_ws/install/motoros2_interfaces/include/motoros2_interfaces/motoros2_interfaces/srv/detail/start_traj_mode__type_support.hpp
[3.266s] -- Up-to-date symlink: /home/hungnb/cocarry_ws/install/motoros2_interfaces/include/motoros2_interfaces/motoros2_interfaces/srv/detail/write_group_io__builder.hpp
[3.266s] -- Up-to-date symlink: /home/hungnb/cocarry_ws/install/motoros2_interfaces/include/motoros2_interfaces/motoros2_interfaces/srv/detail/write_group_io__struct.hpp
[3.266s] -- Up-to-date symlink: /home/hungnb/cocarry_ws/install/motoros2_interfaces/include/motoros2_interfaces/motoros2_interfaces/srv/detail/write_group_io__traits.hpp
[3.266s] -- Up-to-date symlink: /home/hungnb/cocarry_ws/install/motoros2_interfaces/include/motoros2_interfaces/motoros2_interfaces/srv/detail/write_group_io__type_support.hpp
[3.266s] -- Up-to-date symlink: /home/hungnb/cocarry_ws/install/motoros2_interfaces/include/motoros2_interfaces/motoros2_interfaces/srv/detail/write_m_register__builder.hpp
[3.266s] -- Up-to-date symlink: /home/hungnb/cocarry_ws/install/motoros2_interfaces/include/motoros2_interfaces/motoros2_interfaces/srv/detail/write_m_register__struct.hpp
[3.266s] -- Up-to-date symlink: /home/hungnb/cocarry_ws/install/motoros2_interfaces/include/motoros2_interfaces/motoros2_interfaces/srv/detail/write_m_register__traits.hpp
[3.267s] -- Up-to-date symlink: /home/hungnb/cocarry_ws/install/motoros2_interfaces/include/motoros2_interfaces/motoros2_interfaces/srv/detail/write_m_register__type_support.hpp
[3.267s] -- Up-to-date symlink: /home/hungnb/cocarry_ws/install/motoros2_interfaces/include/motoros2_interfaces/motoros2_interfaces/srv/detail/write_single_io__builder.hpp
[3.267s] -- Up-to-date symlink: /home/hungnb/cocarry_ws/install/motoros2_interfaces/include/motoros2_interfaces/motoros2_interfaces/srv/detail/write_single_io__struct.hpp
[3.267s] -- Up-to-date symlink: /home/hungnb/cocarry_ws/install/motoros2_interfaces/include/motoros2_interfaces/motoros2_interfaces/srv/detail/write_single_io__traits.hpp
[3.267s] -- Up-to-date symlink: /home/hungnb/cocarry_ws/install/motoros2_interfaces/include/motoros2_interfaces/motoros2_interfaces/srv/detail/write_single_io__type_support.hpp
[3.267s] -- Up-to-date symlink: /home/hungnb/cocarry_ws/install/motoros2_interfaces/include/motoros2_interfaces/motoros2_interfaces/srv/get_active_alarm_info.hpp
[3.267s] -- Up-to-date symlink: /home/hungnb/cocarry_ws/install/motoros2_interfaces/include/motoros2_interfaces/motoros2_interfaces/srv/list_inform_jobs.hpp
[3.267s] -- Up-to-date symlink: /home/hungnb/cocarry_ws/install/motoros2_interfaces/include/motoros2_interfaces/motoros2_interfaces/srv/queue_traj_point.hpp
[3.267s] -- Up-to-date symlink: /home/hungnb/cocarry_ws/install/motoros2_interfaces/include/motoros2_interfaces/motoros2_interfaces/srv/read_group_io.hpp
[3.268s] -- Up-to-date symlink: /home/hungnb/cocarry_ws/install/motoros2_interfaces/include/motoros2_interfaces/motoros2_interfaces/srv/read_m_register.hpp
[3.268s] -- Up-to-date symlink: /home/hungnb/cocarry_ws/install/motoros2_interfaces/include/motoros2_interfaces/motoros2_interfaces/srv/read_single_io.hpp
[3.268s] -- Up-to-date symlink: /home/hungnb/cocarry_ws/install/motoros2_interfaces/include/motoros2_interfaces/motoros2_interfaces/srv/reset_error.hpp
[3.268s] -- Up-to-date symlink: /home/hungnb/cocarry_ws/install/motoros2_interfaces/include/motoros2_interfaces/motoros2_interfaces/srv/select_motion_tool.hpp
[3.268s] -- Up-to-date symlink: /home/hungnb/cocarry_ws/install/motoros2_interfaces/include/motoros2_interfaces/motoros2_interfaces/srv/start_point_queue_mode.hpp
[3.268s] -- Up-to-date symlink: /home/hungnb/cocarry_ws/install/motoros2_interfaces/include/motoros2_interfaces/motoros2_interfaces/srv/start_traj_mode.hpp
[3.268s] -- Up-to-date symlink: /home/hungnb/cocarry_ws/install/motoros2_interfaces/include/motoros2_interfaces/motoros2_interfaces/srv/write_group_io.hpp
[3.268s] -- Up-to-date symlink: /home/hungnb/cocarry_ws/install/motoros2_interfaces/include/motoros2_interfaces/motoros2_interfaces/srv/write_m_register.hpp
[3.268s] -- Up-to-date symlink: /home/hungnb/cocarry_ws/install/motoros2_interfaces/include/motoros2_interfaces/motoros2_interfaces/srv/write_single_io.hpp
[3.268s] -- Up-to-date symlink: /home/hungnb/cocarry_ws/install/motoros2_interfaces/include/motoros2_interfaces/motoros2_interfaces/msg/detail/alarm_cause_remedy__rosidl_typesupport_fastrtps_cpp.hpp
[3.269s] -- Up-to-date symlink: /home/hungnb/cocarry_ws/install/motoros2_interfaces/include/motoros2_interfaces/motoros2_interfaces/msg/detail/alarm_info__rosidl_typesupport_fastrtps_cpp.hpp
[3.269s] -- Up-to-date symlink: /home/hungnb/cocarry_ws/install/motoros2_interfaces/include/motoros2_interfaces/motoros2_interfaces/msg/detail/error_info__rosidl_typesupport_fastrtps_cpp.hpp
[3.269s] -- Up-to-date symlink: /home/hungnb/cocarry_ws/install/motoros2_interfaces/include/motoros2_interfaces/motoros2_interfaces/msg/detail/inform_job_crud_result_codes__rosidl_typesupport_fastrtps_cpp.hpp
[3.269s] -- Up-to-date symlink: /home/hungnb/cocarry_ws/install/motoros2_interfaces/include/motoros2_interfaces/motoros2_interfaces/msg/detail/init_traj_enum__rosidl_typesupport_fastrtps_cpp.hpp
[3.269s] -- Up-to-date symlink: /home/hungnb/cocarry_ws/install/motoros2_interfaces/include/motoros2_interfaces/motoros2_interfaces/msg/detail/io_result_codes__rosidl_typesupport_fastrtps_cpp.hpp
[3.269s] -- Up-to-date symlink: /home/hungnb/cocarry_ws/install/motoros2_interfaces/include/motoros2_interfaces/motoros2_interfaces/msg/detail/motion_ready_enum__rosidl_typesupport_fastrtps_cpp.hpp
[3.269s] -- Up-to-date symlink: /home/hungnb/cocarry_ws/install/motoros2_interfaces/include/motoros2_interfaces/motoros2_interfaces/msg/detail/queue_result_enum__rosidl_typesupport_fastrtps_cpp.hpp
[3.269s] -- Up-to-date symlink: /home/hungnb/cocarry_ws/install/motoros2_interfaces/include/motoros2_interfaces/motoros2_interfaces/msg/detail/selection_result_codes__rosidl_typesupport_fastrtps_cpp.hpp
[3.270s] -- Up-to-date symlink: /home/hungnb/cocarry_ws/install/motoros2_interfaces/include/motoros2_interfaces/motoros2_interfaces/msg/rosidl_typesupport_fastrtps_cpp__visibility_control.h
[3.271s] -- Up-to-date symlink: /home/hungnb/cocarry_ws/install/motoros2_interfaces/include/motoros2_interfaces/motoros2_interfaces/srv/detail/get_active_alarm_info__rosidl_typesupport_fastrtps_cpp.hpp
[3.271s] -- Up-to-date symlink: /home/hungnb/cocarry_ws/install/motoros2_interfaces/include/motoros2_interfaces/motoros2_interfaces/srv/detail/list_inform_jobs__rosidl_typesupport_fastrtps_cpp.hpp
[3.271s] -- Up-to-date symlink: /home/hungnb/cocarry_ws/install/motoros2_interfaces/include/motoros2_interfaces/motoros2_interfaces/srv/detail/queue_traj_point__rosidl_typesupport_fastrtps_cpp.hpp
[3.271s] -- Up-to-date symlink: /home/hungnb/cocarry_ws/install/motoros2_interfaces/include/motoros2_interfaces/motoros2_interfaces/srv/detail/read_group_io__rosidl_typesupport_fastrtps_cpp.hpp
[3.271s] -- Up-to-date symlink: /home/hungnb/cocarry_ws/install/motoros2_interfaces/include/motoros2_interfaces/motoros2_interfaces/srv/detail/read_m_register__rosidl_typesupport_fastrtps_cpp.hpp
[3.271s] -- Up-to-date symlink: /home/hungnb/cocarry_ws/install/motoros2_interfaces/include/motoros2_interfaces/motoros2_interfaces/srv/detail/read_single_io__rosidl_typesupport_fastrtps_cpp.hpp
[3.271s] -- Up-to-date symlink: /home/hungnb/cocarry_ws/install/motoros2_interfaces/include/motoros2_interfaces/motoros2_interfaces/srv/detail/reset_error__rosidl_typesupport_fastrtps_cpp.hpp
[3.272s] -- Up-to-date symlink: /home/hungnb/cocarry_ws/install/motoros2_interfaces/include/motoros2_interfaces/motoros2_interfaces/srv/detail/select_motion_tool__rosidl_typesupport_fastrtps_cpp.hpp
[3.272s] -- Up-to-date symlink: /home/hungnb/cocarry_ws/install/motoros2_interfaces/include/motoros2_interfaces/motoros2_interfaces/srv/detail/start_point_queue_mode__rosidl_typesupport_fastrtps_cpp.hpp
[3.272s] -- Up-to-date symlink: /home/hungnb/cocarry_ws/install/motoros2_interfaces/include/motoros2_interfaces/motoros2_interfaces/srv/detail/start_traj_mode__rosidl_typesupport_fastrtps_cpp.hpp
[3.272s] -- Up-to-date symlink: /home/hungnb/cocarry_ws/install/motoros2_interfaces/include/motoros2_interfaces/motoros2_interfaces/srv/detail/write_group_io__rosidl_typesupport_fastrtps_cpp.hpp
[3.272s] -- Up-to-date symlink: /home/hungnb/cocarry_ws/install/motoros2_interfaces/include/motoros2_interfaces/motoros2_interfaces/srv/detail/write_m_register__rosidl_typesupport_fastrtps_cpp.hpp
[3.272s] -- Up-to-date symlink: /home/hungnb/cocarry_ws/install/motoros2_interfaces/include/motoros2_interfaces/motoros2_interfaces/srv/detail/write_single_io__rosidl_typesupport_fastrtps_cpp.hpp
[3.272s] -- Up-to-date symlink: /home/hungnb/cocarry_ws/install/motoros2_interfaces/include/motoros2_interfaces/motoros2_interfaces/msg/detail/alarm_cause_remedy__rosidl_typesupport_introspection_c.h
[3.272s] -- Up-to-date symlink: /home/hungnb/cocarry_ws/install/motoros2_interfaces/include/motoros2_interfaces/motoros2_interfaces/msg/detail/alarm_info__rosidl_typesupport_introspection_c.h
[3.272s] -- Up-to-date symlink: /home/hungnb/cocarry_ws/install/motoros2_interfaces/include/motoros2_interfaces/motoros2_interfaces/msg/detail/error_info__rosidl_typesupport_introspection_c.h
[3.272s] -- Up-to-date symlink: /home/hungnb/cocarry_ws/install/motoros2_interfaces/include/motoros2_interfaces/motoros2_interfaces/msg/detail/inform_job_crud_result_codes__rosidl_typesupport_introspection_c.h
[3.272s] -- Up-to-date symlink: /home/hungnb/cocarry_ws/install/motoros2_interfaces/include/motoros2_interfaces/motoros2_interfaces/msg/detail/init_traj_enum__rosidl_typesupport_introspection_c.h
[3.272s] -- Up-to-date symlink: /home/hungnb/cocarry_ws/install/motoros2_interfaces/include/motoros2_interfaces/motoros2_interfaces/msg/detail/io_result_codes__rosidl_typesupport_introspection_c.h
[3.273s] -- Up-to-date symlink: /home/hungnb/cocarry_ws/install/motoros2_interfaces/include/motoros2_interfaces/motoros2_interfaces/msg/detail/motion_ready_enum__rosidl_typesupport_introspection_c.h
[3.273s] -- Up-to-date symlink: /home/hungnb/cocarry_ws/install/motoros2_interfaces/include/motoros2_interfaces/motoros2_interfaces/msg/detail/queue_result_enum__rosidl_typesupport_introspection_c.h
[3.273s] -- Up-to-date symlink: /home/hungnb/cocarry_ws/install/motoros2_interfaces/include/motoros2_interfaces/motoros2_interfaces/msg/detail/selection_result_codes__rosidl_typesupport_introspection_c.h
[3.273s] -- Up-to-date symlink: /home/hungnb/cocarry_ws/install/motoros2_interfaces/include/motoros2_interfaces/motoros2_interfaces/msg/rosidl_typesupport_introspection_c__visibility_control.h
[3.273s] -- Up-to-date symlink: /home/hungnb/cocarry_ws/install/motoros2_interfaces/include/motoros2_interfaces/motoros2_interfaces/srv/detail/get_active_alarm_info__rosidl_typesupport_introspection_c.h
[3.273s] -- Up-to-date symlink: /home/hungnb/cocarry_ws/install/motoros2_interfaces/include/motoros2_interfaces/motoros2_interfaces/srv/detail/list_inform_jobs__rosidl_typesupport_introspection_c.h
[3.273s] -- Up-to-date symlink: /home/hungnb/cocarry_ws/install/motoros2_interfaces/include/motoros2_interfaces/motoros2_interfaces/srv/detail/queue_traj_point__rosidl_typesupport_introspection_c.h
[3.273s] -- Up-to-date symlink: /home/hungnb/cocarry_ws/install/motoros2_interfaces/include/motoros2_interfaces/motoros2_interfaces/srv/detail/read_group_io__rosidl_typesupport_introspection_c.h
[3.273s] -- Up-to-date symlink: /home/hungnb/cocarry_ws/install/motoros2_interfaces/include/motoros2_interfaces/motoros2_interfaces/srv/detail/read_m_register__rosidl_typesupport_introspection_c.h
[3.273s] -- Up-to-date symlink: /home/hungnb/cocarry_ws/install/motoros2_interfaces/include/motoros2_interfaces/motoros2_interfaces/srv/detail/read_single_io__rosidl_typesupport_introspection_c.h
[3.273s] -- Up-to-date symlink: /home/hungnb/cocarry_ws/install/motoros2_interfaces/include/motoros2_interfaces/motoros2_interfaces/srv/detail/reset_error__rosidl_typesupport_introspection_c.h
[3.273s] -- Up-to-date symlink: /home/hungnb/cocarry_ws/install/motoros2_interfaces/include/motoros2_interfaces/motoros2_interfaces/srv/detail/select_motion_tool__rosidl_typesupport_introspection_c.h
[3.273s] -- Up-to-date symlink: /home/hungnb/cocarry_ws/install/motoros2_interfaces/include/motoros2_interfaces/motoros2_interfaces/srv/detail/start_point_queue_mode__rosidl_typesupport_introspection_c.h
[3.273s] -- Up-to-date symlink: /home/hungnb/cocarry_ws/install/motoros2_interfaces/include/motoros2_interfaces/motoros2_interfaces/srv/detail/start_traj_mode__rosidl_typesupport_introspection_c.h
[3.273s] -- Up-to-date symlink: /home/hungnb/cocarry_ws/install/motoros2_interfaces/include/motoros2_interfaces/motoros2_interfaces/srv/detail/write_group_io__rosidl_typesupport_introspection_c.h
[3.273s] -- Up-to-date symlink: /home/hungnb/cocarry_ws/install/motoros2_interfaces/include/motoros2_interfaces/motoros2_interfaces/srv/detail/write_m_register__rosidl_typesupport_introspection_c.h
[3.273s] -- Up-to-date symlink: /home/hungnb/cocarry_ws/install/motoros2_interfaces/include/motoros2_interfaces/motoros2_interfaces/srv/detail/write_single_io__rosidl_typesupport_introspection_c.h
[3.274s] -- Up-to-date symlink: /home/hungnb/cocarry_ws/install/motoros2_interfaces/include/motoros2_interfaces/motoros2_interfaces/msg/detail/alarm_cause_remedy__rosidl_typesupport_introspection_cpp.hpp
[3.274s] -- Up-to-date symlink: /home/hungnb/cocarry_ws/install/motoros2_interfaces/include/motoros2_interfaces/motoros2_interfaces/msg/detail/alarm_info__rosidl_typesupport_introspection_cpp.hpp
[3.274s] -- Up-to-date symlink: /home/hungnb/cocarry_ws/install/motoros2_interfaces/include/motoros2_interfaces/motoros2_interfaces/msg/detail/error_info__rosidl_typesupport_introspection_cpp.hpp
[3.274s] -- Up-to-date symlink: /home/hungnb/cocarry_ws/install/motoros2_interfaces/include/motoros2_interfaces/motoros2_interfaces/msg/detail/inform_job_crud_result_codes__rosidl_typesupport_introspection_cpp.hpp
[3.274s] -- Up-to-date symlink: /home/hungnb/cocarry_ws/install/motoros2_interfaces/include/motoros2_interfaces/motoros2_interfaces/msg/detail/init_traj_enum__rosidl_typesupport_introspection_cpp.hpp
[3.274s] -- Up-to-date symlink: /home/hungnb/cocarry_ws/install/motoros2_interfaces/include/motoros2_interfaces/motoros2_interfaces/msg/detail/io_result_codes__rosidl_typesupport_introspection_cpp.hpp
[3.274s] -- Up-to-date symlink: /home/hungnb/cocarry_ws/install/motoros2_interfaces/include/motoros2_interfaces/motoros2_interfaces/msg/detail/motion_ready_enum__rosidl_typesupport_introspection_cpp.hpp
[3.274s] -- Up-to-date symlink: /home/hungnb/cocarry_ws/install/motoros2_interfaces/include/motoros2_interfaces/motoros2_interfaces/msg/detail/queue_result_enum__rosidl_typesupport_introspection_cpp.hpp
[3.274s] -- Up-to-date symlink: /home/hungnb/cocarry_ws/install/motoros2_interfaces/include/motoros2_interfaces/motoros2_interfaces/msg/detail/selection_result_codes__rosidl_typesupport_introspection_cpp.hpp
[3.274s] -- Up-to-date symlink: /home/hungnb/cocarry_ws/install/motoros2_interfaces/include/motoros2_interfaces/motoros2_interfaces/srv/detail/get_active_alarm_info__rosidl_typesupport_introspection_cpp.hpp
[3.274s] -- Up-to-date symlink: /home/hungnb/cocarry_ws/install/motoros2_interfaces/include/motoros2_interfaces/motoros2_interfaces/srv/detail/list_inform_jobs__rosidl_typesupport_introspection_cpp.hpp
[3.275s] -- Up-to-date symlink: /home/hungnb/cocarry_ws/install/motoros2_interfaces/include/motoros2_interfaces/motoros2_interfaces/srv/detail/queue_traj_point__rosidl_typesupport_introspection_cpp.hpp
[3.275s] -- Up-to-date symlink: /home/hungnb/cocarry_ws/install/motoros2_interfaces/include/motoros2_interfaces/motoros2_interfaces/srv/detail/read_group_io__rosidl_typesupport_introspection_cpp.hpp
[3.275s] -- Up-to-date symlink: /home/hungnb/cocarry_ws/install/motoros2_interfaces/include/motoros2_interfaces/motoros2_interfaces/srv/detail/read_m_register__rosidl_typesupport_introspection_cpp.hpp
[3.275s] -- Up-to-date symlink: /home/hungnb/cocarry_ws/install/motoros2_interfaces/include/motoros2_interfaces/motoros2_interfaces/srv/detail/read_single_io__rosidl_typesupport_introspection_cpp.hpp
[3.275s] -- Up-to-date symlink: /home/hungnb/cocarry_ws/install/motoros2_interfaces/include/motoros2_interfaces/motoros2_interfaces/srv/detail/reset_error__rosidl_typesupport_introspection_cpp.hpp
[3.275s] -- Up-to-date symlink: /home/hungnb/cocarry_ws/install/motoros2_interfaces/include/motoros2_interfaces/motoros2_interfaces/srv/detail/select_motion_tool__rosidl_typesupport_introspection_cpp.hpp
[3.275s] -- Up-to-date symlink: /home/hungnb/cocarry_ws/install/motoros2_interfaces/include/motoros2_interfaces/motoros2_interfaces/srv/detail/start_point_queue_mode__rosidl_typesupport_introspection_cpp.hpp
[3.275s] -- Up-to-date symlink: /home/hungnb/cocarry_ws/install/motoros2_interfaces/include/motoros2_interfaces/motoros2_interfaces/srv/detail/start_traj_mode__rosidl_typesupport_introspection_cpp.hpp
[3.275s] -- Up-to-date symlink: /home/hungnb/cocarry_ws/install/motoros2_interfaces/include/motoros2_interfaces/motoros2_interfaces/srv/detail/write_group_io__rosidl_typesupport_introspection_cpp.hpp
[3.275s] -- Up-to-date symlink: /home/hungnb/cocarry_ws/install/motoros2_interfaces/include/motoros2_interfaces/motoros2_interfaces/srv/detail/write_m_register__rosidl_typesupport_introspection_cpp.hpp
[3.275s] -- Up-to-date symlink: /home/hungnb/cocarry_ws/install/motoros2_interfaces/include/motoros2_interfaces/motoros2_interfaces/srv/detail/write_single_io__rosidl_typesupport_introspection_cpp.hpp
[3.275s] -- Up-to-date symlink: /home/hungnb/cocarry_ws/install/motoros2_interfaces/share/motoros2_interfaces/environment/pythonpath.sh
[3.275s] -- Up-to-date symlink: /home/hungnb/cocarry_ws/install/motoros2_interfaces/share/motoros2_interfaces/environment/pythonpath.dsv
[3.275s] -- Up-to-date symlink: /home/hungnb/cocarry_ws/install/motoros2_interfaces/local/lib/python3.10/dist-packages/motoros2_interfaces-0.2.0-py3.10.egg-info/PKG-INFO
[3.275s] -- Up-to-date symlink: /home/hungnb/cocarry_ws/install/motoros2_interfaces/local/lib/python3.10/dist-packages/motoros2_interfaces-0.2.0-py3.10.egg-info/SOURCES.txt
[3.275s] -- Up-to-date symlink: /home/hungnb/cocarry_ws/install/motoros2_interfaces/local/lib/python3.10/dist-packages/motoros2_interfaces-0.2.0-py3.10.egg-info/dependency_links.txt
[3.275s] -- Up-to-date symlink: /home/hungnb/cocarry_ws/install/motoros2_interfaces/local/lib/python3.10/dist-packages/motoros2_interfaces-0.2.0-py3.10.egg-info/top_level.txt
[3.276s] -- Up-to-date symlink: /home/hungnb/cocarry_ws/install/motoros2_interfaces/local/lib/python3.10/dist-packages/motoros2_interfaces/__init__.py
[3.276s] -- Up-to-date symlink: /home/hungnb/cocarry_ws/install/motoros2_interfaces/local/lib/python3.10/dist-packages/motoros2_interfaces/_motoros2_interfaces_s.ep.rosidl_typesupport_c.c
[3.276s] -- Up-to-date symlink: /home/hungnb/cocarry_ws/install/motoros2_interfaces/local/lib/python3.10/dist-packages/motoros2_interfaces/_motoros2_interfaces_s.ep.rosidl_typesupport_fastrtps_c.c
[3.276s] -- Up-to-date symlink: /home/hungnb/cocarry_ws/install/motoros2_interfaces/local/lib/python3.10/dist-packages/motoros2_interfaces/_motoros2_interfaces_s.ep.rosidl_typesupport_introspection_c.c
[3.276s] -- Up-to-date symlink: /home/hungnb/cocarry_ws/install/motoros2_interfaces/local/lib/python3.10/dist-packages/motoros2_interfaces/libmotoros2_interfaces__rosidl_generator_py.so
[3.276s] -- Up-to-date symlink: /home/hungnb/cocarry_ws/install/motoros2_interfaces/local/lib/python3.10/dist-packages/motoros2_interfaces/motoros2_interfaces_s__rosidl_typesupport_c.cpython-310-x86_64-linux-gnu.so
[3.276s] -- Up-to-date symlink: /home/hungnb/cocarry_ws/install/motoros2_interfaces/local/lib/python3.10/dist-packages/motoros2_interfaces/motoros2_interfaces_s__rosidl_typesupport_fastrtps_c.cpython-310-x86_64-linux-gnu.so
[3.276s] -- Up-to-date symlink: /home/hungnb/cocarry_ws/install/motoros2_interfaces/local/lib/python3.10/dist-packages/motoros2_interfaces/motoros2_interfaces_s__rosidl_typesupport_introspection_c.cpython-310-x86_64-linux-gnu.so
[3.276s] -- Up-to-date symlink: /home/hungnb/cocarry_ws/install/motoros2_interfaces/local/lib/python3.10/dist-packages/motoros2_interfaces/msg/__init__.py
[3.276s] -- Up-to-date symlink: /home/hungnb/cocarry_ws/install/motoros2_interfaces/local/lib/python3.10/dist-packages/motoros2_interfaces/msg/_alarm_cause_remedy.py
[3.276s] -- Up-to-date symlink: /home/hungnb/cocarry_ws/install/motoros2_interfaces/local/lib/python3.10/dist-packages/motoros2_interfaces/msg/_alarm_cause_remedy_s.c
[3.276s] -- Up-to-date symlink: /home/hungnb/cocarry_ws/install/motoros2_interfaces/local/lib/python3.10/dist-packages/motoros2_interfaces/msg/_alarm_info.py
[3.276s] -- Up-to-date symlink: /home/hungnb/cocarry_ws/install/motoros2_interfaces/local/lib/python3.10/dist-packages/motoros2_interfaces/msg/_alarm_info_s.c
[3.276s] -- Up-to-date symlink: /home/hungnb/cocarry_ws/install/motoros2_interfaces/local/lib/python3.10/dist-packages/motoros2_interfaces/msg/_error_info.py
[3.276s] -- Up-to-date symlink: /home/hungnb/cocarry_ws/install/motoros2_interfaces/local/lib/python3.10/dist-packages/motoros2_interfaces/msg/_error_info_s.c
[3.277s] -- Up-to-date symlink: /home/hungnb/cocarry_ws/install/motoros2_interfaces/local/lib/python3.10/dist-packages/motoros2_interfaces/msg/_inform_job_crud_result_codes.py
[3.277s] -- Up-to-date symlink: /home/hungnb/cocarry_ws/install/motoros2_interfaces/local/lib/python3.10/dist-packages/motoros2_interfaces/msg/_inform_job_crud_result_codes_s.c
[3.277s] -- Up-to-date symlink: /home/hungnb/cocarry_ws/install/motoros2_interfaces/local/lib/python3.10/dist-packages/motoros2_interfaces/msg/_init_traj_enum.py
[3.277s] -- Up-to-date symlink: /home/hungnb/cocarry_ws/install/motoros2_interfaces/local/lib/python3.10/dist-packages/motoros2_interfaces/msg/_init_traj_enum_s.c
[3.277s] -- Up-to-date symlink: /home/hungnb/cocarry_ws/install/motoros2_interfaces/local/lib/python3.10/dist-packages/motoros2_interfaces/msg/_io_result_codes.py
[3.277s] -- Up-to-date symlink: /home/hungnb/cocarry_ws/install/motoros2_interfaces/local/lib/python3.10/dist-packages/motoros2_interfaces/msg/_io_result_codes_s.c
[3.277s] -- Up-to-date symlink: /home/hungnb/cocarry_ws/install/motoros2_interfaces/local/lib/python3.10/dist-packages/motoros2_interfaces/msg/_motion_ready_enum.py
[3.277s] -- Up-to-date symlink: /home/hungnb/cocarry_ws/install/motoros2_interfaces/local/lib/python3.10/dist-packages/motoros2_interfaces/msg/_motion_ready_enum_s.c
[3.277s] -- Up-to-date symlink: /home/hungnb/cocarry_ws/install/motoros2_interfaces/local/lib/python3.10/dist-packages/motoros2_interfaces/msg/_queue_result_enum.py
[3.277s] -- Up-to-date symlink: /home/hungnb/cocarry_ws/install/motoros2_interfaces/local/lib/python3.10/dist-packages/motoros2_interfaces/msg/_queue_result_enum_s.c
[3.277s] -- Up-to-date symlink: /home/hungnb/cocarry_ws/install/motoros2_interfaces/local/lib/python3.10/dist-packages/motoros2_interfaces/msg/_selection_result_codes.py
[3.277s] -- Up-to-date symlink: /home/hungnb/cocarry_ws/install/motoros2_interfaces/local/lib/python3.10/dist-packages/motoros2_interfaces/msg/_selection_result_codes_s.c
[3.277s] -- Up-to-date symlink: /home/hungnb/cocarry_ws/install/motoros2_interfaces/local/lib/python3.10/dist-packages/motoros2_interfaces/srv/__init__.py
[3.277s] -- Up-to-date symlink: /home/hungnb/cocarry_ws/install/motoros2_interfaces/local/lib/python3.10/dist-packages/motoros2_interfaces/srv/_get_active_alarm_info.py
[3.277s] -- Up-to-date symlink: /home/hungnb/cocarry_ws/install/motoros2_interfaces/local/lib/python3.10/dist-packages/motoros2_interfaces/srv/_get_active_alarm_info_s.c
[3.277s] -- Up-to-date symlink: /home/hungnb/cocarry_ws/install/motoros2_interfaces/local/lib/python3.10/dist-packages/motoros2_interfaces/srv/_list_inform_jobs.py
[3.277s] -- Up-to-date symlink: /home/hungnb/cocarry_ws/install/motoros2_interfaces/local/lib/python3.10/dist-packages/motoros2_interfaces/srv/_list_inform_jobs_s.c
[3.277s] -- Up-to-date symlink: /home/hungnb/cocarry_ws/install/motoros2_interfaces/local/lib/python3.10/dist-packages/motoros2_interfaces/srv/_queue_traj_point.py
[3.278s] -- Up-to-date symlink: /home/hungnb/cocarry_ws/install/motoros2_interfaces/local/lib/python3.10/dist-packages/motoros2_interfaces/srv/_queue_traj_point_s.c
[3.278s] -- Up-to-date symlink: /home/hungnb/cocarry_ws/install/motoros2_interfaces/local/lib/python3.10/dist-packages/motoros2_interfaces/srv/_read_group_io.py
[3.278s] -- Up-to-date symlink: /home/hungnb/cocarry_ws/install/motoros2_interfaces/local/lib/python3.10/dist-packages/motoros2_interfaces/srv/_read_group_io_s.c
[3.278s] -- Up-to-date symlink: /home/hungnb/cocarry_ws/install/motoros2_interfaces/local/lib/python3.10/dist-packages/motoros2_interfaces/srv/_read_m_register.py
[3.278s] -- Up-to-date symlink: /home/hungnb/cocarry_ws/install/motoros2_interfaces/local/lib/python3.10/dist-packages/motoros2_interfaces/srv/_read_m_register_s.c
[3.278s] -- Up-to-date symlink: /home/hungnb/cocarry_ws/install/motoros2_interfaces/local/lib/python3.10/dist-packages/motoros2_interfaces/srv/_read_single_io.py
[3.278s] -- Up-to-date symlink: /home/hungnb/cocarry_ws/install/motoros2_interfaces/local/lib/python3.10/dist-packages/motoros2_interfaces/srv/_read_single_io_s.c
[3.278s] -- Up-to-date symlink: /home/hungnb/cocarry_ws/install/motoros2_interfaces/local/lib/python3.10/dist-packages/motoros2_interfaces/srv/_reset_error.py
[3.279s] -- Up-to-date symlink: /home/hungnb/cocarry_ws/install/motoros2_interfaces/local/lib/python3.10/dist-packages/motoros2_interfaces/srv/_reset_error_s.c
[3.279s] -- Up-to-date symlink: /home/hungnb/cocarry_ws/install/motoros2_interfaces/local/lib/python3.10/dist-packages/motoros2_interfaces/srv/_select_motion_tool.py
[3.279s] -- Up-to-date symlink: /home/hungnb/cocarry_ws/install/motoros2_interfaces/local/lib/python3.10/dist-packages/motoros2_interfaces/srv/_select_motion_tool_s.c
[3.279s] -- Up-to-date symlink: /home/hungnb/cocarry_ws/install/motoros2_interfaces/local/lib/python3.10/dist-packages/motoros2_interfaces/srv/_start_point_queue_mode.py
[3.279s] -- Up-to-date symlink: /home/hungnb/cocarry_ws/install/motoros2_interfaces/local/lib/python3.10/dist-packages/motoros2_interfaces/srv/_start_point_queue_mode_s.c
[3.279s] -- Up-to-date symlink: /home/hungnb/cocarry_ws/install/motoros2_interfaces/local/lib/python3.10/dist-packages/motoros2_interfaces/srv/_start_traj_mode.py
[3.279s] -- Up-to-date symlink: /home/hungnb/cocarry_ws/install/motoros2_interfaces/local/lib/python3.10/dist-packages/motoros2_interfaces/srv/_start_traj_mode_s.c
[3.279s] -- Up-to-date symlink: /home/hungnb/cocarry_ws/install/motoros2_interfaces/local/lib/python3.10/dist-packages/motoros2_interfaces/srv/_write_group_io.py
[3.279s] -- Up-to-date symlink: /home/hungnb/cocarry_ws/install/motoros2_interfaces/local/lib/python3.10/dist-packages/motoros2_interfaces/srv/_write_group_io_s.c
[3.279s] -- Up-to-date symlink: /home/hungnb/cocarry_ws/install/motoros2_interfaces/local/lib/python3.10/dist-packages/motoros2_interfaces/srv/_write_m_register.py
[3.279s] -- Up-to-date symlink: /home/hungnb/cocarry_ws/install/motoros2_interfaces/local/lib/python3.10/dist-packages/motoros2_interfaces/srv/_write_m_register_s.c
[3.279s] -- Up-to-date symlink: /home/hungnb/cocarry_ws/install/motoros2_interfaces/local/lib/python3.10/dist-packages/motoros2_interfaces/srv/_write_single_io.py
[3.279s] -- Up-to-date symlink: /home/hungnb/cocarry_ws/install/motoros2_interfaces/local/lib/python3.10/dist-packages/motoros2_interfaces/srv/_write_single_io_s.c
[3.279s] -- Up-to-date symlink: /home/hungnb/cocarry_ws/install/motoros2_interfaces/local/lib/python3.10/dist-packages/motoros2_interfaces/motoros2_interfaces_s__rosidl_typesupport_fastrtps_c.cpython-310-x86_64-linux-gnu.so
[3.279s] -- Up-to-date symlink: /home/hungnb/cocarry_ws/install/motoros2_interfaces/local/lib/python3.10/dist-packages/motoros2_interfaces/motoros2_interfaces_s__rosidl_typesupport_introspection_c.cpython-310-x86_64-linux-gnu.so
[3.279s] -- Up-to-date symlink: /home/hungnb/cocarry_ws/install/motoros2_interfaces/local/lib/python3.10/dist-packages/motoros2_interfaces/motoros2_interfaces_s__rosidl_typesupport_c.cpython-310-x86_64-linux-gnu.so
[3.279s] -- Up-to-date symlink: /home/hungnb/cocarry_ws/install/motoros2_interfaces/share/ament_index/resource_index/rust_packages/motoros2_interfaces
[3.279s] -- Up-to-date symlink: /home/hungnb/cocarry_ws/install/motoros2_interfaces/share/motoros2_interfaces/rust/Cargo.toml
[3.279s] -- Up-to-date symlink: /home/hungnb/cocarry_ws/install/motoros2_interfaces/share/motoros2_interfaces/rust/build.rs
[3.279s] -- Up-to-date symlink: /home/hungnb/cocarry_ws/install/motoros2_interfaces/share/motoros2_interfaces/rust/src/lib.rs
[3.279s] -- Up-to-date symlink: /home/hungnb/cocarry_ws/install/motoros2_interfaces/share/motoros2_interfaces/rust/src/msg.rs
[3.280s] -- Up-to-date symlink: /home/hungnb/cocarry_ws/install/motoros2_interfaces/share/motoros2_interfaces/rust/src/msg/rmw.rs
[3.280s] -- Up-to-date symlink: /home/hungnb/cocarry_ws/install/motoros2_interfaces/share/motoros2_interfaces/rust/src/srv.rs
[3.280s] -- Up-to-date symlink: /home/hungnb/cocarry_ws/install/motoros2_interfaces/share/motoros2_interfaces/rust/src/srv/rmw.rs
[3.280s] -- Up-to-date symlink: /home/hungnb/cocarry_ws/install/motoros2_interfaces/share/motoros2_interfaces/msg/AlarmInfo.idl
[3.280s] -- Up-to-date symlink: /home/hungnb/cocarry_ws/install/motoros2_interfaces/share/motoros2_interfaces/msg/AlarmCauseRemedy.idl
[3.280s] -- Up-to-date symlink: /home/hungnb/cocarry_ws/install/motoros2_interfaces/share/motoros2_interfaces/msg/ErrorInfo.idl
[3.280s] -- Up-to-date symlink: /home/hungnb/cocarry_ws/install/motoros2_interfaces/share/motoros2_interfaces/msg/InformJobCrudResultCodes.idl
[3.280s] -- Up-to-date symlink: /home/hungnb/cocarry_ws/install/motoros2_interfaces/share/motoros2_interfaces/msg/InitTrajEnum.idl
[3.280s] -- Up-to-date symlink: /home/hungnb/cocarry_ws/install/motoros2_interfaces/share/motoros2_interfaces/msg/IoResultCodes.idl
[3.280s] -- Up-to-date symlink: /home/hungnb/cocarry_ws/install/motoros2_interfaces/share/motoros2_interfaces/msg/MotionReadyEnum.idl
[3.280s] -- Up-to-date symlink: /home/hungnb/cocarry_ws/install/motoros2_interfaces/share/motoros2_interfaces/msg/QueueResultEnum.idl
[3.280s] -- Up-to-date symlink: /home/hungnb/cocarry_ws/install/motoros2_interfaces/share/motoros2_interfaces/msg/SelectionResultCodes.idl
[3.280s] -- Up-to-date symlink: /home/hungnb/cocarry_ws/install/motoros2_interfaces/share/motoros2_interfaces/srv/GetActiveAlarmInfo.idl
[3.280s] -- Up-to-date symlink: /home/hungnb/cocarry_ws/install/motoros2_interfaces/share/motoros2_interfaces/srv/ListInformJobs.idl
[3.280s] -- Up-to-date symlink: /home/hungnb/cocarry_ws/install/motoros2_interfaces/share/motoros2_interfaces/srv/QueueTrajPoint.idl
[3.280s] -- Up-to-date symlink: /home/hungnb/cocarry_ws/install/motoros2_interfaces/share/motoros2_interfaces/srv/ReadMRegister.idl
[3.280s] -- Up-to-date symlink: /home/hungnb/cocarry_ws/install/motoros2_interfaces/share/motoros2_interfaces/srv/ReadSingleIO.idl
[3.280s] -- Up-to-date symlink: /home/hungnb/cocarry_ws/install/motoros2_interfaces/share/motoros2_interfaces/srv/ReadGroupIO.idl
[3.280s] -- Up-to-date symlink: /home/hungnb/cocarry_ws/install/motoros2_interfaces/share/motoros2_interfaces/srv/ResetError.idl
[3.280s] -- Up-to-date symlink: /home/hungnb/cocarry_ws/install/motoros2_interfaces/share/motoros2_interfaces/srv/SelectMotionTool.idl
[3.280s] -- Up-to-date symlink: /home/hungnb/cocarry_ws/install/motoros2_interfaces/share/motoros2_interfaces/srv/StartTrajMode.idl
[3.280s] -- Up-to-date symlink: /home/hungnb/cocarry_ws/install/motoros2_interfaces/share/motoros2_interfaces/srv/StartPointQueueMode.idl
[3.280s] -- Up-to-date symlink: /home/hungnb/cocarry_ws/install/motoros2_interfaces/share/motoros2_interfaces/srv/WriteMRegister.idl
[3.280s] -- Up-to-date symlink: /home/hungnb/cocarry_ws/install/motoros2_interfaces/share/motoros2_interfaces/srv/WriteSingleIO.idl
[3.280s] -- Up-to-date symlink: /home/hungnb/cocarry_ws/install/motoros2_interfaces/share/motoros2_interfaces/srv/WriteGroupIO.idl
[3.280s] -- Up-to-date symlink: /home/hungnb/cocarry_ws/install/motoros2_interfaces/share/motoros2_interfaces/msg/AlarmInfo.msg
[3.280s] -- Up-to-date symlink: /home/hungnb/cocarry_ws/install/motoros2_interfaces/share/motoros2_interfaces/msg/AlarmCauseRemedy.msg
[3.281s] -- Up-to-date symlink: /home/hungnb/cocarry_ws/install/motoros2_interfaces/share/motoros2_interfaces/msg/ErrorInfo.msg
[3.281s] -- Up-to-date symlink: /home/hungnb/cocarry_ws/install/motoros2_interfaces/share/motoros2_interfaces/msg/InformJobCrudResultCodes.msg
[3.281s] -- Up-to-date symlink: /home/hungnb/cocarry_ws/install/motoros2_interfaces/share/motoros2_interfaces/msg/InitTrajEnum.msg
[3.281s] -- Up-to-date symlink: /home/hungnb/cocarry_ws/install/motoros2_interfaces/share/motoros2_interfaces/msg/IoResultCodes.msg
[3.281s] -- Up-to-date symlink: /home/hungnb/cocarry_ws/install/motoros2_interfaces/share/motoros2_interfaces/msg/MotionReadyEnum.msg
[3.281s] -- Up-to-date symlink: /home/hungnb/cocarry_ws/install/motoros2_interfaces/share/motoros2_interfaces/msg/QueueResultEnum.msg
[3.281s] -- Up-to-date symlink: /home/hungnb/cocarry_ws/install/motoros2_interfaces/share/motoros2_interfaces/msg/SelectionResultCodes.msg
[3.281s] -- Up-to-date symlink: /home/hungnb/cocarry_ws/install/motoros2_interfaces/share/motoros2_interfaces/srv/GetActiveAlarmInfo.srv
[3.281s] -- Up-to-date symlink: /home/hungnb/cocarry_ws/install/motoros2_interfaces/share/motoros2_interfaces/srv/GetActiveAlarmInfo_Request.msg
[3.281s] -- Up-to-date symlink: /home/hungnb/cocarry_ws/install/motoros2_interfaces/share/motoros2_interfaces/srv/GetActiveAlarmInfo_Response.msg
[3.281s] -- Up-to-date symlink: /home/hungnb/cocarry_ws/install/motoros2_interfaces/share/motoros2_interfaces/srv/ListInformJobs.srv
[3.281s] -- Up-to-date symlink: /home/hungnb/cocarry_ws/install/motoros2_interfaces/share/motoros2_interfaces/srv/ListInformJobs_Request.msg
[3.281s] -- Up-to-date symlink: /home/hungnb/cocarry_ws/install/motoros2_interfaces/share/motoros2_interfaces/srv/ListInformJobs_Response.msg
[3.281s] -- Up-to-date symlink: /home/hungnb/cocarry_ws/install/motoros2_interfaces/share/motoros2_interfaces/srv/QueueTrajPoint.srv
[3.281s] -- Up-to-date symlink: /home/hungnb/cocarry_ws/install/motoros2_interfaces/share/motoros2_interfaces/srv/QueueTrajPoint_Request.msg
[3.281s] -- Up-to-date symlink: /home/hungnb/cocarry_ws/install/motoros2_interfaces/share/motoros2_interfaces/srv/QueueTrajPoint_Response.msg
[3.281s] -- Up-to-date symlink: /home/hungnb/cocarry_ws/install/motoros2_interfaces/share/motoros2_interfaces/srv/ReadMRegister.srv
[3.281s] -- Up-to-date symlink: /home/hungnb/cocarry_ws/install/motoros2_interfaces/share/motoros2_interfaces/srv/ReadMRegister_Request.msg
[3.281s] -- Up-to-date symlink: /home/hungnb/cocarry_ws/install/motoros2_interfaces/share/motoros2_interfaces/srv/ReadMRegister_Response.msg
[3.281s] -- Up-to-date symlink: /home/hungnb/cocarry_ws/install/motoros2_interfaces/share/motoros2_interfaces/srv/ReadSingleIO.srv
[3.281s] -- Up-to-date symlink: /home/hungnb/cocarry_ws/install/motoros2_interfaces/share/motoros2_interfaces/srv/ReadSingleIO_Request.msg
[3.281s] -- Up-to-date symlink: /home/hungnb/cocarry_ws/install/motoros2_interfaces/share/motoros2_interfaces/srv/ReadSingleIO_Response.msg
[3.281s] -- Up-to-date symlink: /home/hungnb/cocarry_ws/install/motoros2_interfaces/share/motoros2_interfaces/srv/ReadGroupIO.srv
[3.281s] -- Up-to-date symlink: /home/hungnb/cocarry_ws/install/motoros2_interfaces/share/motoros2_interfaces/srv/ReadGroupIO_Request.msg
[3.281s] -- Up-to-date symlink: /home/hungnb/cocarry_ws/install/motoros2_interfaces/share/motoros2_interfaces/srv/ReadGroupIO_Response.msg
[3.281s] -- Up-to-date symlink: /home/hungnb/cocarry_ws/install/motoros2_interfaces/share/motoros2_interfaces/srv/ResetError.srv
[3.281s] -- Up-to-date symlink: /home/hungnb/cocarry_ws/install/motoros2_interfaces/share/motoros2_interfaces/srv/ResetError_Request.msg
[3.281s] -- Up-to-date symlink: /home/hungnb/cocarry_ws/install/motoros2_interfaces/share/motoros2_interfaces/srv/ResetError_Response.msg
[3.282s] -- Up-to-date symlink: /home/hungnb/cocarry_ws/install/motoros2_interfaces/share/motoros2_interfaces/srv/SelectMotionTool.srv
[3.282s] -- Up-to-date symlink: /home/hungnb/cocarry_ws/install/motoros2_interfaces/share/motoros2_interfaces/srv/SelectMotionTool_Request.msg
[3.282s] -- Up-to-date symlink: /home/hungnb/cocarry_ws/install/motoros2_interfaces/share/motoros2_interfaces/srv/SelectMotionTool_Response.msg
[3.282s] -- Up-to-date symlink: /home/hungnb/cocarry_ws/install/motoros2_interfaces/share/motoros2_interfaces/srv/StartTrajMode.srv
[3.282s] -- Up-to-date symlink: /home/hungnb/cocarry_ws/install/motoros2_interfaces/share/motoros2_interfaces/srv/StartTrajMode_Request.msg
[3.282s] -- Up-to-date symlink: /home/hungnb/cocarry_ws/install/motoros2_interfaces/share/motoros2_interfaces/srv/StartTrajMode_Response.msg
[3.282s] -- Up-to-date symlink: /home/hungnb/cocarry_ws/install/motoros2_interfaces/share/motoros2_interfaces/srv/StartPointQueueMode.srv
[3.282s] -- Up-to-date symlink: /home/hungnb/cocarry_ws/install/motoros2_interfaces/share/motoros2_interfaces/srv/StartPointQueueMode_Request.msg
[3.282s] -- Up-to-date symlink: /home/hungnb/cocarry_ws/install/motoros2_interfaces/share/motoros2_interfaces/srv/StartPointQueueMode_Response.msg
[3.282s] -- Up-to-date symlink: /home/hungnb/cocarry_ws/install/motoros2_interfaces/share/motoros2_interfaces/srv/WriteMRegister.srv
[3.282s] -- Up-to-date symlink: /home/hungnb/cocarry_ws/install/motoros2_interfaces/share/motoros2_interfaces/srv/WriteMRegister_Request.msg
[3.282s] -- Up-to-date symlink: /home/hungnb/cocarry_ws/install/motoros2_interfaces/share/motoros2_interfaces/srv/WriteMRegister_Response.msg
[3.282s] -- Up-to-date symlink: /home/hungnb/cocarry_ws/install/motoros2_interfaces/share/motoros2_interfaces/srv/WriteSingleIO.srv
[3.282s] -- Up-to-date symlink: /home/hungnb/cocarry_ws/install/motoros2_interfaces/share/motoros2_interfaces/srv/WriteSingleIO_Request.msg
[3.282s] -- Up-to-date symlink: /home/hungnb/cocarry_ws/install/motoros2_interfaces/share/motoros2_interfaces/srv/WriteSingleIO_Response.msg
[3.282s] -- Up-to-date symlink: /home/hungnb/cocarry_ws/install/motoros2_interfaces/share/motoros2_interfaces/srv/WriteGroupIO.srv
[3.282s] -- Up-to-date symlink: /home/hungnb/cocarry_ws/install/motoros2_interfaces/share/motoros2_interfaces/srv/WriteGroupIO_Request.msg
[3.282s] -- Up-to-date symlink: /home/hungnb/cocarry_ws/install/motoros2_interfaces/share/motoros2_interfaces/srv/WriteGroupIO_Response.msg
[3.282s] -- Up-to-date symlink: /home/hungnb/cocarry_ws/install/motoros2_interfaces/share/ament_index/resource_index/package_run_dependencies/motoros2_interfaces
[3.282s] -- Up-to-date symlink: /home/hungnb/cocarry_ws/install/motoros2_interfaces/share/ament_index/resource_index/parent_prefix_path/motoros2_interfaces
[3.282s] -- Up-to-date symlink: /home/hungnb/cocarry_ws/install/motoros2_interfaces/share/motoros2_interfaces/environment/ament_prefix_path.sh
[3.282s] -- Up-to-date symlink: /home/hungnb/cocarry_ws/install/motoros2_interfaces/share/motoros2_interfaces/environment/ament_prefix_path.dsv
[3.282s] -- Up-to-date symlink: /home/hungnb/cocarry_ws/install/motoros2_interfaces/share/motoros2_interfaces/environment/path.sh
[3.282s] -- Up-to-date symlink: /home/hungnb/cocarry_ws/install/motoros2_interfaces/share/motoros2_interfaces/environment/path.dsv
[3.282s] -- Up-to-date symlink: /home/hungnb/cocarry_ws/install/motoros2_interfaces/share/motoros2_interfaces/local_setup.bash
[3.282s] -- Up-to-date symlink: /home/hungnb/cocarry_ws/install/motoros2_interfaces/share/motoros2_interfaces/local_setup.sh
[3.282s] -- Up-to-date symlink: /home/hungnb/cocarry_ws/install/motoros2_interfaces/share/motoros2_interfaces/local_setup.zsh
[3.282s] -- Up-to-date symlink: /home/hungnb/cocarry_ws/install/motoros2_interfaces/share/motoros2_interfaces/local_setup.dsv
[3.282s] -- Symlinking: /home/hungnb/cocarry_ws/install/motoros2_interfaces/share/motoros2_interfaces/package.dsv
[3.284s] -- Up-to-date symlink: /home/hungnb/cocarry_ws/install/motoros2_interfaces/share/ament_index/resource_index/packages/motoros2_interfaces
[3.284s] -- Up-to-date symlink: /home/hungnb/cocarry_ws/install/motoros2_interfaces/share/motoros2_interfaces/cmake/rosidl_cmake-extras.cmake
[3.284s] -- Up-to-date symlink: /home/hungnb/cocarry_ws/install/motoros2_interfaces/share/motoros2_interfaces/cmake/ament_cmake_export_dependencies-extras.cmake
[3.284s] -- Up-to-date symlink: /home/hungnb/cocarry_ws/install/motoros2_interfaces/share/motoros2_interfaces/cmake/ament_cmake_export_include_directories-extras.cmake
[3.284s] -- Up-to-date symlink: /home/hungnb/cocarry_ws/install/motoros2_interfaces/share/motoros2_interfaces/cmake/ament_cmake_export_libraries-extras.cmake
[3.284s] -- Up-to-date symlink: /home/hungnb/cocarry_ws/install/motoros2_interfaces/share/motoros2_interfaces/cmake/ament_cmake_export_targets-extras.cmake
[3.284s] -- Up-to-date symlink: /home/hungnb/cocarry_ws/install/motoros2_interfaces/share/motoros2_interfaces/cmake/rosidl_cmake_export_typesupport_targets-extras.cmake
[3.284s] -- Up-to-date symlink: /home/hungnb/cocarry_ws/install/motoros2_interfaces/share/motoros2_interfaces/cmake/rosidl_cmake_export_typesupport_libraries-extras.cmake
[3.284s] -- Up-to-date symlink: /home/hungnb/cocarry_ws/install/motoros2_interfaces/share/motoros2_interfaces/cmake/rosidl_cmake_aggregate_target-extras.cmake
[3.284s] -- Up-to-date symlink: /home/hungnb/cocarry_ws/install/motoros2_interfaces/share/motoros2_interfaces/cmake/motoros2_interfacesConfig.cmake
[3.284s] -- Up-to-date symlink: /home/hungnb/cocarry_ws/install/motoros2_interfaces/share/motoros2_interfaces/cmake/motoros2_interfacesConfig-version.cmake
[3.284s] -- Up-to-date symlink: /home/hungnb/cocarry_ws/install/motoros2_interfaces/share/motoros2_interfaces/package.xml
[3.285s] -- Up-to-date: /home/hungnb/cocarry_ws/install/motoros2_interfaces/lib/libmotoros2_interfaces__rosidl_generator_c.so
[3.285s] -- Up-to-date: /home/hungnb/cocarry_ws/install/motoros2_interfaces/lib/libmotoros2_interfaces__rosidl_typesupport_fastrtps_c.so
[3.285s] -- Up-to-date: /home/hungnb/cocarry_ws/install/motoros2_interfaces/lib/libmotoros2_interfaces__rosidl_typesupport_fastrtps_cpp.so
[3.285s] -- Up-to-date: /home/hungnb/cocarry_ws/install/motoros2_interfaces/lib/libmotoros2_interfaces__rosidl_typesupport_introspection_c.so
[3.286s] -- Up-to-date: /home/hungnb/cocarry_ws/install/motoros2_interfaces/lib/libmotoros2_interfaces__rosidl_typesupport_c.so
[3.286s] -- Up-to-date: /home/hungnb/cocarry_ws/install/motoros2_interfaces/lib/libmotoros2_interfaces__rosidl_typesupport_introspection_cpp.so
[3.286s] -- Up-to-date: /home/hungnb/cocarry_ws/install/motoros2_interfaces/lib/libmotoros2_interfaces__rosidl_typesupport_cpp.so
[3.321s] Listing '/home/hungnb/cocarry_ws/install/motoros2_interfaces/local/lib/python3.10/dist-packages/motoros2_interfaces'...
[3.321s] Compiling '/home/hungnb/cocarry_ws/install/motoros2_interfaces/local/lib/python3.10/dist-packages/motoros2_interfaces/__init__.py'...
[3.321s] Listing '/home/hungnb/cocarry_ws/install/motoros2_interfaces/local/lib/python3.10/dist-packages/motoros2_interfaces/msg'...
[3.321s] Listing '/home/hungnb/cocarry_ws/install/motoros2_interfaces/local/lib/python3.10/dist-packages/motoros2_interfaces/srv'...
[3.329s] -- Up-to-date: /home/hungnb/cocarry_ws/install/motoros2_interfaces/lib/libmotoros2_interfaces__rosidl_generator_py.so
[3.329s] -- Up-to-date: /home/hungnb/cocarry_ws/install/motoros2_interfaces/share/motoros2_interfaces/cmake/export_motoros2_interfaces__rosidl_generator_cExport.cmake
[3.329s] -- Up-to-date: /home/hungnb/cocarry_ws/install/motoros2_interfaces/share/motoros2_interfaces/cmake/export_motoros2_interfaces__rosidl_generator_cExport-noconfig.cmake
[3.329s] -- Up-to-date: /home/hungnb/cocarry_ws/install/motoros2_interfaces/share/motoros2_interfaces/cmake/export_motoros2_interfaces__rosidl_typesupport_fastrtps_cExport.cmake
[3.329s] -- Up-to-date: /home/hungnb/cocarry_ws/install/motoros2_interfaces/share/motoros2_interfaces/cmake/export_motoros2_interfaces__rosidl_typesupport_fastrtps_cExport-noconfig.cmake
[3.329s] -- Up-to-date: /home/hungnb/cocarry_ws/install/motoros2_interfaces/share/motoros2_interfaces/cmake/export_motoros2_interfaces__rosidl_generator_cppExport.cmake
[3.329s] -- Up-to-date: /home/hungnb/cocarry_ws/install/motoros2_interfaces/share/motoros2_interfaces/cmake/export_motoros2_interfaces__rosidl_typesupport_fastrtps_cppExport.cmake
[3.329s] -- Up-to-date: /home/hungnb/cocarry_ws/install/motoros2_interfaces/share/motoros2_interfaces/cmake/export_motoros2_interfaces__rosidl_typesupport_fastrtps_cppExport-noconfig.cmake
[3.329s] -- Up-to-date: /home/hungnb/cocarry_ws/install/motoros2_interfaces/share/motoros2_interfaces/cmake/motoros2_interfaces__rosidl_typesupport_introspection_cExport.cmake
[3.329s] -- Up-to-date: /home/hungnb/cocarry_ws/install/motoros2_interfaces/share/motoros2_interfaces/cmake/motoros2_interfaces__rosidl_typesupport_introspection_cExport-noconfig.cmake
[3.329s] -- Up-to-date: /home/hungnb/cocarry_ws/install/motoros2_interfaces/share/motoros2_interfaces/cmake/motoros2_interfaces__rosidl_typesupport_cExport.cmake
[3.329s] -- Up-to-date: /home/hungnb/cocarry_ws/install/motoros2_interfaces/share/motoros2_interfaces/cmake/motoros2_interfaces__rosidl_typesupport_cExport-noconfig.cmake
[3.329s] -- Up-to-date: /home/hungnb/cocarry_ws/install/motoros2_interfaces/share/motoros2_interfaces/cmake/motoros2_interfaces__rosidl_typesupport_introspection_cppExport.cmake
[3.329s] -- Up-to-date: /home/hungnb/cocarry_ws/install/motoros2_interfaces/share/motoros2_interfaces/cmake/motoros2_interfaces__rosidl_typesupport_introspection_cppExport-noconfig.cmake
[3.329s] -- Up-to-date: /home/hungnb/cocarry_ws/install/motoros2_interfaces/share/motoros2_interfaces/cmake/motoros2_interfaces__rosidl_typesupport_cppExport.cmake
[3.329s] -- Up-to-date: /home/hungnb/cocarry_ws/install/motoros2_interfaces/share/motoros2_interfaces/cmake/motoros2_interfaces__rosidl_typesupport_cppExport-noconfig.cmake
[3.329s] -- Up-to-date: /home/hungnb/cocarry_ws/install/motoros2_interfaces/share/motoros2_interfaces/cmake/export_motoros2_interfaces__rosidl_generator_pyExport.cmake
[3.329s] -- Up-to-date: /home/hungnb/cocarry_ws/install/motoros2_interfaces/share/motoros2_interfaces/cmake/export_motoros2_interfaces__rosidl_generator_pyExport-noconfig.cmake
[3.553s] Invoked command in '/home/hungnb/cocarry_ws/build/motoros2_interfaces' returned '0': CMAKE_PREFIX_PATH=/home/hungnb/cocarry_ws/install/hrc_bringup:/home/hungnb/cocarry_ws/install/hc10dtp_simulation:/home/hungnb/cocarry_ws/install/motoros2_interfaces:/home/hungnb/cocarry_ws/install/motoman:/home/hungnb/cocarry_ws/install/motoman_up50n_support:/home/hungnb/cocarry_ws/install/motoman_sia5d_support:/home/hungnb/cocarry_ws/install/motoman_sia50_support:/home/hungnb/cocarry_ws/install/motoman_sia30d_support:/home/hungnb/cocarry_ws/install/motoman_sia20d_support:/home/hungnb/cocarry_ws/install/motoman_sia10f_support:/home/hungnb/cocarry_ws/install/motoman_sia10d_support:/home/hungnb/cocarry_ws/install/motoman_sda10f_support:/home/hungnb/cocarry_ws/install/motoman_ms210_support:/home/hungnb/cocarry_ws/install/motoman_mpx1950_support:/home/hungnb/cocarry_ws/install/motoman_motopos_mh1655_support:/home/hungnb/cocarry_ws/install/motoman_motopos_d500_support:/home/hungnb/cocarry_ws/install/motoman_motomini_support:/home/hungnb/cocarry_ws/install/motoman_mh5_support:/home/hungnb/cocarry_ws/install/motoman_mh50_support:/home/hungnb/cocarry_ws/install/motoman_mh12_support:/home/hungnb/cocarry_ws/install/motoman_mh110_support:/home/hungnb/cocarry_ws/install/motoman_ma2010_support:/home/hungnb/cocarry_ws/install/motoman_hc20_support:/home/hungnb/cocarry_ws/install/hc10dtp_bringup:/home/hungnb/cocarry_ws/install/hc10dtp_moveit_config:/home/hungnb/cocarry_ws/install/motoman_hc10dtp_support:/home/hungnb/cocarry_ws/install/motoman_hc10_support:/home/hungnb/cocarry_ws/install/motoman_gp8l_support:/home/hungnb/cocarry_ws/install/motoman_gp8_support:/home/hungnb/cocarry_ws/install/motoman_gp88_support:/home/hungnb/cocarry_ws/install/motoman_gp7_support:/home/hungnb/cocarry_ws/install/motoman_gp70l_support:/home/hungnb/cocarry_ws/install/motoman_gp50_support:/home/hungnb/cocarry_ws/install/motoman_gp4_support:/home/hungnb/cocarry_ws/install/motoman_gp35l_support:/home/hungnb/cocarry_ws/install/motoman_gp25_support:/home/hungnb/cocarry_ws/install/motoman_gp250_support:/home/hungnb/cocarry_ws/install/motoman_gp225_support:/home/hungnb/cocarry_ws/install/motoman_gp215_support:/home/hungnb/cocarry_ws/install/motoman_gp20hl_support:/home/hungnb/cocarry_ws/install/motoman_gp200r_support:/home/hungnb/cocarry_ws/install/motoman_gp180_support:/home/hungnb/cocarry_ws/install/motoman_gp165r_support:/home/hungnb/cocarry_ws/install/motoman_gp12_support:/home/hungnb/cocarry_ws/install/motoman_gp110_support:/home/hungnb/cocarry_ws/install/motoman_es_support:/home/hungnb/cocarry_ws/install/motoman_ar2010_support:/home/hungnb/cocarry_ws/install/motoman_resources:/home/hungnb/cocarry_ws/install/kinect2_calibration:/home/hungnb/cocarry_ws/install/kinect2_bridge:/home/hungnb/cocarry_ws/install/kinect2_registration:/home/hungnb/cocarry_ws/install/trajectory_predictor:/home/hungnb/cocarry_ws/install/realsense_tracker:/home/hungnb/cocarry_ws/install/predictor_ui:/home/hungnb/cocarry_ws/install/kinect_tracker:/home/hungnb/cocarry_ws/install/experiment_logger:/home/hungnb/cocarry_ws/install/coord_transform:/opt/ros/humble:/home/hungnb/cocarry_ws/install/human_hand_msgs /usr/bin/cmake --install /home/hungnb/cocarry_ws/build/motoros2_interfaces
