[INFO] [1786958607.901516648] [cartesian_streamer]: CartesianStreamer khởi động (chờ Enable Robot từ UI).
  Stream rate:       15 Hz (period=66.7ms)
  Queue dt:          0.067 s
  Prebuffer points:  3
  Retry backoff:     66.0 ms
  Gửi PoseStamped lên: /cartesian_streamer/target_pose
  Gửi XYZ lên:        /cartesian_streamer/target_xyz
  Nhận EE pose tại:   /cartesian_streamer/current_pose
[INFO] [1786958607.903340588] [cartesian_streamer]: Nhận joint_states: ['1.571', '0.124', '-1.003', '0.000', '-0.386', '-1.879']
[INFO] [1786958608.384367741] [cartesian_streamer]: ⚡ Simulation mode: Bỏ qua FK cross-validation, ÉP DÙNG Local IK.
   (MoveIt không có planning library trong môi trường giả lập)
[INFO] [1786958608.385398509] [cartesian_streamer]: Đã nhận joint_states. EE hiện tại: (-0.1620, 0.3090, 0.3882). IK mode: Local DLS. Chờ Enable Robot từ UI...
[INFO] [1786958615.050030604] [cartesian_streamer]: Disable Robot: dừng stream, tắt traj mode...
[INFO] [1786958615.050631103] [cartesian_streamer]: ✗ Robot DISABLED.
[INFO] [1786958632.941845268] [cartesian_streamer]: Enable Robot: bắt đầu chuỗi khởi động...
[INFO] [1786958632.942136306] [cartesian_streamer]: Enable: reset_error...
[INFO] [1786958632.950756186] [cartesian_streamer]: reset_error: code=1, msg="success"
[INFO] [1786958632.951248682] [cartesian_streamer]: Enable: stop_traj_mode (giải phóng mode cũ)...
[INFO] [1786958632.995788220] [cartesian_streamer]: stop_traj_mode: success=True, code=N/A, msg=""
[INFO] [1786958632.996265919] [cartesian_streamer]: Enable: chờ 1.5s để hệ thống ổn định trước khi start queue...
[INFO] [1786958634.497187236] [cartesian_streamer]: Enable: StartPointQueueMode...
[INFO] [1786958636.128638163] [cartesian_streamer]: StartPointQueueMode response: code=1, msg=""
[INFO] [1786958636.128975928] [cartesian_streamer]: ✓ Robot ENABLED — Point Queue Mode active. Servo ON!
[INFO] [1786958636.150569747] [cartesian_streamer]: Runtime rate: state=seeding, tick_hz=0.0, queue_send_hz=0.0, ack_hz=0.0, busy_hz=0.0, retry_count=0, reject_count=0, inter_ack_ms=0.0, max_joint_delta=0.000, cumul_time=0.00s, hold_count=0, ik_mode=Local, ik_avg_ms=0.00, ik_fails=0
[INFO] [1786958636.151228145] [cartesian_streamer]: Bootstrap EE pose via FK: (-0.1620, 0.3090, 0.3882)
[INFO] [1786958636.151550731] [cartesian_streamer]: Đang stream qua service: /queue_traj_point
[INFO] [1786958636.151984157] [cartesian_streamer]: Đã gửi seed point (current joints, t=0), chờ ACK...
[INFO] [1786958636.177837105] [cartesian_streamer]: Seed ACK nhận được, bắt đầu prebuffer.
[INFO] [1786958636.178209004] [cartesian_streamer]: Queue accepted sample#1: svc=/queue_traj_point, t_cumul=0.0000s, code=1, msg="", hold=False
[INFO] [1786958636.233593277] [cartesian_streamer]: Queue accepted sample#2: svc=/queue_traj_point, t_cumul=0.0645s, code=1, msg="", hold=True
[INFO] [1786958636.402319668] [cartesian_streamer]: Queue accepted sample#3: svc=/queue_traj_point, t_cumul=0.1311s, code=1, msg="", hold=True
[INFO] [1786958636.433019802] [cartesian_streamer]: Pre-buffer hoàn tất (3 points), bắt đầu stream ổn định. Đang chờ target...
[INFO] [1786958636.433506276] [cartesian_streamer]: Queue accepted sample#4: svc=/queue_traj_point, t_cumul=0.2645s, code=1, msg="", hold=True
[INFO] [1786958636.501516244] [cartesian_streamer]: Queue accepted sample#5: svc=/queue_traj_point, t_cumul=0.3313s, code=1, msg="", hold=True
[INFO] [1786958637.885746911] [cartesian_streamer]: QueueTrajPoint accepted #20: t=1.665s, hold=True
[INFO] [1786958638.884570722] [cartesian_streamer]: IK OK → Δmax=0.0000 rad, joints: [1.571, 0.124, -1.003, 0.000, -0.386, -1.879]
[WARN] [1786958639.083974786] [cartesian_streamer]: QueueTrajPoint đã được accept nhưng joint_states hầu như không đổi. Kiểm tra: 1) Robot ở mode AUTO? 2) Servo ON? 3) E-stop cleared?
[WARN] [1786958639.163748707] [cartesian_streamer]: Queue BUSY, sẽ resend (backoff 66ms): msg="Busy processing the previous trajectory point. Please resend the next point shortly"
[INFO] [1786958640.418489207] [cartesian_streamer]: IK delta clamped → joints: [1.550, 0.008, -1.038, -0.003, -0.475, -1.856]
[INFO] [1786958640.771495264] [cartesian_streamer]: QueueTrajPoint accepted #40: t=3.998s, hold=False
[INFO] [1786958640.886499579] [cartesian_streamer]: IK OK → Δmax=0.0900 rad, joints: [1.545, -0.112, -1.034, -0.002, -0.544, -1.852]
[INFO] [1786958641.216603377] [cartesian_streamer]: Runtime rate: state=streaming, tick_hz=15.0, queue_send_hz=8.9, ack_hz=8.5, busy_hz=0.2, retry_count=1, reject_count=0, inter_ack_ms=114.1, max_joint_delta=0.090, cumul_time=4.26s, hold_count=0, ik_mode=Local, ik_avg_ms=0.72, ik_fails=0
[INFO] [1786958642.419745684] [cartesian_streamer]: IK delta clamped → joints: [1.565, -0.013, -0.685, -0.000, -0.661, -1.873]
[INFO] [1786958642.506487701] [cartesian_streamer]: QueueTrajPoint accepted #60: t=5.664s, hold=False
[INFO] [1786958642.952559480] [cartesian_streamer]: IK OK → Δmax=0.0900 rad, joints: [1.573, 0.071, -0.591, 0.000, -0.699, -1.881]
[INFO] [1786958644.278087385] [cartesian_streamer]: QueueTrajPoint accepted #80: t=7.329s, hold=False
[INFO] [1786958644.485128658] [cartesian_streamer]: IK delta clamped → joints: [1.573, 0.331, -0.272, 0.000, -0.827, -1.881]
[INFO] [1786958645.018078334] [cartesian_streamer]: IK OK → Δmax=0.0900 rad, joints: [1.595, 0.439, -0.165, 0.002, -0.869, -1.904]
[INFO] [1786958646.218449142] [cartesian_streamer]: Runtime rate: state=streaming, tick_hz=15.0, queue_send_hz=11.0, ack_hz=11.2, busy_hz=0.0, retry_count=0, reject_count=0, inter_ack_ms=92.8, max_joint_delta=0.090, cumul_time=9.06s, hold_count=0, ik_mode=Local, ik_avg_ms=0.89, ik_fails=0
[INFO] [1786958646.346363128] [cartesian_streamer]: QueueTrajPoint accepted #100: t=9.134s, hold=False
[INFO] [1786958646.551167395] [cartesian_streamer]: IK delta clamped → joints: [1.589, 0.706, 0.075, 0.001, -0.965, -1.898]
[WARN] [1786958646.898939710] [cartesian_streamer]: Queue BUSY, sẽ resend (backoff 66ms): msg="Busy processing the previous trajectory point. Please resend the next point shortly"
[INFO] [1786958647.084259535] [cartesian_streamer]: IK OK → Δmax=0.0900 rad, joints: [1.595, 0.734, 0.128, 0.002, -0.987, -1.905]
[INFO] [1786958648.302501630] [cartesian_streamer]: QueueTrajPoint accepted #120: t=10.928s, hold=False
[INFO] [1786958648.617686766] [cartesian_streamer]: IK delta clamped → joints: [1.610, 0.758, 0.462, 0.002, -1.120, -1.919]
[INFO] [1786958649.084876720] [cartesian_streamer]: IK OK → Δmax=0.0900 rad, joints: [1.606, 0.771, 0.555, 0.002, -1.157, -1.914]
[INFO] [1786958649.564507866] [cartesian_streamer]: Local IK không hội tụ (fail #1)
[WARN] [1786958650.171581004] [cartesian_streamer]: Local IK failed 10x liên tiếp! Fallback sang MoveIt! IK...
[INFO] [1786958650.172337656] [cartesian_streamer]: QueueTrajPoint accepted #140: t=12.661s, hold=True
[INFO] [1786958650.636513319] [cartesian_streamer]: IK delta clamped → joints: [1.601, 0.811, 0.730, 0.002, -1.227, -1.909]
[INFO] [1786958651.103190137] [cartesian_streamer]: IK OK → Δmax=0.0900 rad, joints: [1.601, 0.811, 0.823, 0.002, -1.264, -1.909]
[INFO] [1786958651.284584974] [cartesian_streamer]: Runtime rate: state=streaming, tick_hz=15.0, queue_send_hz=11.1, ack_hz=10.9, busy_hz=0.2, retry_count=1, reject_count=0, inter_ack_ms=92.4, max_joint_delta=0.090, cumul_time=13.87s, hold_count=0, ik_mode=Local, ik_avg_ms=3.26, ik_fails=26
[INFO] [1786958651.739682267] [cartesian_streamer]: QueueTrajPoint accepted #160: t=14.340s, hold=False
[WARN] [1786958652.235524106] [cartesian_streamer]: Local IK failed 40x liên tiếp! Fallback sang MoveIt! IK...
[INFO] [1786958652.638461907] [cartesian_streamer]: IK delta clamped → joints: [1.601, 0.811, 1.046, 0.002, -1.382, -1.909]
[INFO] [1786958653.104154038] [cartesian_streamer]: IK OK → Δmax=0.0900 rad, joints: [1.601, 0.811, 1.046, 0.002, -1.424, -1.909]
[WARN] [1786958653.629273972] [cartesian_streamer]: Queue BUSY, sẽ resend (backoff 66ms): msg="Busy processing the previous trajectory point. Please resend the next point shortly"
[INFO] [1786958653.873671788] [cartesian_streamer]: QueueTrajPoint accepted #180: t=16.250s, hold=False
[INFO] [1786958654.684207792] [cartesian_streamer]: IK delta clamped → joints: [1.569, 0.505, 0.741, -0.000, -1.511, -1.877]
[INFO] [1786958655.151801844] [cartesian_streamer]: IK OK → Δmax=0.0700 rad, joints: [1.571, 0.425, 0.660, 0.000, -1.370, -1.879]
[INFO] [1786958655.642171821] [cartesian_streamer]: QueueTrajPoint accepted #200: t=17.984s, hold=False
[INFO] [1786958656.349918520] [cartesian_streamer]: Runtime rate: state=streaming, tick_hz=15.0, queue_send_hz=10.9, ack_hz=10.5, busy_hz=0.2, retry_count=1, reject_count=0, inter_ack_ms=94.0, max_joint_delta=0.090, cumul_time=18.65s, hold_count=0, ik_mode=Local, ik_avg_ms=4.79, ik_fails=56
[INFO] [1786958656.751882027] [cartesian_streamer]: IK delta clamped → joints: [1.526, 0.498, 0.380, -0.003, -1.238, -1.834]
[INFO] [1786958657.220170559] [cartesian_streamer]: IK OK → Δmax=0.0789 rad, joints: [1.505, 0.540, 0.261, -0.004, -1.201, -1.811]
[INFO] [1786958657.575262709] [cartesian_streamer]: QueueTrajPoint accepted #220: t=19.847s, hold=False
[INFO] [1786958659.284341541] [cartesian_streamer]: IK OK → Δmax=0.0587 rad, joints: [1.385, 0.482, 0.080, -0.012, -1.111, -1.689]
[INFO] [1786958659.346184898] [cartesian_streamer]: QueueTrajPoint accepted #240: t=21.514s, hold=False
[INFO] [1786958660.751883202] [cartesian_streamer]: IK delta clamped → joints: [1.388, 0.470, 0.033, -0.012, -1.075, -1.691]
[INFO] [1786958661.076107564] [cartesian_streamer]: QueueTrajPoint accepted #260: t=23.179s, hold=False
[INFO] [1786958661.285043657] [cartesian_streamer]: IK OK → Δmax=0.0900 rad, joints: [1.376, 0.464, -0.060, -0.014, -1.021, -1.676]
[INFO] [1786958661.349703001] [cartesian_streamer]: Runtime rate: state=streaming, tick_hz=15.0, queue_send_hz=11.0, ack_hz=11.2, busy_hz=0.0, retry_count=0, reject_count=0, inter_ack_ms=91.2, max_joint_delta=0.090, cumul_time=23.45s, hold_count=0, ik_mode=Local, ik_avg_ms=3.89, ik_fails=56
[INFO] [1786958662.633502434] [cartesian_streamer]: QueueTrajPoint accepted #280: t=24.846s, hold=False
[INFO] [1786958662.818584306] [cartesian_streamer]: IK delta clamped → joints: [1.549, 0.575, -0.306, -0.002, -0.893, -1.845]
[INFO] [1786958663.286618113] [cartesian_streamer]: IK OK → Δmax=0.0900 rad, joints: [1.603, 0.596, -0.237, 0.003, -0.861, -1.878]
[WARN] [1786958663.472376517] [cartesian_streamer]: Queue BUSY, sẽ resend (backoff 66ms): msg="Busy processing the previous trajectory point. Please resend the next point shortly"
[INFO] [1786958664.823511401] [cartesian_streamer]: QueueTrajPoint accepted #300: t=26.511s, hold=False
[INFO] [1786958664.885852546] [cartesian_streamer]: IK delta clamped → joints: [1.707, 0.734, 0.057, 0.009, -1.003, -1.979]
[WARN] [1786958665.290697088] [cartesian_streamer]: Queue BUSY, sẽ resend (backoff 66ms): msg="Busy processing the previous trajectory point. Please resend the next point shortly"
[INFO] [1786958665.418345366] [cartesian_streamer]: IK OK → Δmax=0.0900 rad, joints: [1.720, 0.790, 0.124, 0.009, -1.030, -2.005]
[INFO] [1786958666.416627820] [cartesian_streamer]: Runtime rate: state=streaming, tick_hz=15.0, queue_send_hz=11.4, ack_hz=10.9, busy_hz=0.6, retry_count=3, reject_count=0, inter_ack_ms=91.4, max_joint_delta=0.090, cumul_time=27.85s, hold_count=0, ik_mode=Local, ik_avg_ms=3.36, ik_fails=56
[INFO] [1786958666.489722259] [cartesian_streamer]: QueueTrajPoint accepted #320: t=27.982s, hold=False
[INFO] [1786958666.951016960] [cartesian_streamer]: IK delta clamped → joints: [1.727, 0.868, 0.444, 0.009, -1.158, -2.036]
[INFO] [1786958667.502830592] [cartesian_streamer]: Local IK không hội tụ (fail #1)
[INFO] [1786958667.918808336] [cartesian_streamer]: QueueTrajPoint accepted #340: t=29.397s, hold=True
[WARN] [1786958668.100185304] [cartesian_streamer]: Local IK failed 10x liên tiếp! Fallback sang MoveIt! IK...
[INFO] [1786958668.102254646] [cartesian_streamer]: IK OK → Δmax=0.0900 rad, joints: [1.713, 0.914, 0.550, 0.008, -1.201, -2.020]
[INFO] [1786958668.971257684] [cartesian_streamer]: IK delta clamped → joints: [1.713, 0.914, 0.698, 0.008, -1.260, -2.020]
[INFO] [1786958669.916990944] [cartesian_streamer]: QueueTrajPoint accepted #360: t=31.397s, hold=False
[WARN] [1786958670.102614100] [cartesian_streamer]: Local IK failed 40x liên tiếp! Fallback sang MoveIt! IK...
[INFO] [1786958670.104917683] [cartesian_streamer]: IK OK → Δmax=0.0900 rad, joints: [1.713, 0.914, 0.937, 0.008, -1.356, -2.020]
[INFO] [1786958671.037528999] [cartesian_streamer]: IK delta clamped → joints: [1.713, 0.914, 1.039, 0.008, -1.425, -2.020]
[INFO] [1786958671.416704897] [cartesian_streamer]: Runtime rate: state=streaming, tick_hz=15.0, queue_send_hz=11.4, ack_hz=11.2, busy_hz=0.0, retry_count=0, reject_count=0, inter_ack_ms=87.3, max_joint_delta=0.090, cumul_time=32.80s, hold_count=0, ik_mode=Local, ik_avg_ms=5.08, ik_fails=115
[INFO] [1786958671.981809777] [cartesian_streamer]: QueueTrajPoint accepted #380: t=33.399s, hold=False
[WARN] [1786958672.168386789] [cartesian_streamer]: Local IK failed 71x liên tiếp! Fallback sang MoveIt! IK...
[INFO] [1786958672.170368937] [cartesian_streamer]: IK OK → Δmax=0.0900 rad, joints: [1.713, 0.914, 1.039, 0.008, -1.515, -2.020]
[INFO] [1786958673.102265066] [cartesian_streamer]: IK delta clamped → joints: [1.713, 0.914, 1.039, 0.008, -1.579, -2.020]
[INFO] [1786958674.071402462] [cartesian_streamer]: QueueTrajPoint accepted #400: t=35.233s, hold=False
[INFO] [1786958674.218301121] [cartesian_streamer]: IK OK → Δmax=0.0900 rad, joints: [1.647, 0.718, 0.805, 0.005, -1.412, -1.956]
[INFO] [1786958675.151742325] [cartesian_streamer]: IK delta clamped → joints: [1.625, 0.663, 0.605, 0.004, -1.332, -1.935]
[INFO] [1786958675.904009310] [cartesian_streamer]: QueueTrajPoint accepted #420: t=37.101s, hold=False
[INFO] [1786958676.284711827] [cartesian_streamer]: IK OK → Δmax=0.0900 rad, joints: [1.599, 0.661, 0.405, 0.002, -1.252, -1.908]
[INFO] [1786958676.418099938] [cartesian_streamer]: Runtime rate: state=streaming, tick_hz=15.0, queue_send_hz=10.2, ack_hz=10.4, busy_hz=0.0, retry_count=0, reject_count=0, inter_ack_ms=98.1, max_joint_delta=0.090, cumul_time=37.57s, hold_count=0, ik_mode=Local, ik_avg_ms=5.44, ik_fails=141
[INFO] [1786958677.217234553] [cartesian_streamer]: IK delta clamped → joints: [1.597, 0.685, 0.218, 0.002, -1.177, -1.907]
[INFO] [1786958677.746184029] [cartesian_streamer]: QueueTrajPoint accepted #440: t=38.767s, hold=False
[INFO] [1786958678.285167698] [cartesian_streamer]: IK OK → Δmax=0.0282 rad, joints: [1.608, 0.737, 0.386, 0.002, -1.162, -1.918]
[INFO] [1786958679.217887804] [cartesian_streamer]: IK delta clamped → joints: [1.619, 0.808, 0.614, 0.003, -1.330, -1.928]
[INFO] [1786958679.336008522] [cartesian_streamer]: QueueTrajPoint accepted #460: t=40.367s, hold=False
[INFO] [1786958680.352600606] [cartesian_streamer]: IK OK → Δmax=0.0900 rad, joints: [1.622, 0.774, 0.814, 0.003, -1.410, -1.930]
[INFO] [1786958681.218096056] [cartesian_streamer]: IK delta clamped → joints: [1.623, 0.542, 0.664, 0.003, -1.490, -1.931]
[INFO] [1786958681.401289271] [cartesian_streamer]: QueueTrajPoint accepted #480: t=42.432s, hold=False
[INFO] [1786958681.482954305] [cartesian_streamer]: Runtime rate: state=streaming, tick_hz=15.0, queue_send_hz=10.9, ack_hz=10.7, busy_hz=0.0, retry_count=0, reject_count=0, inter_ack_ms=93.4, max_joint_delta=0.090, cumul_time=42.56s, hold_count=0, ik_mode=Local, ik_avg_ms=4.89, ik_fails=141
[WARN] [1786958681.634467447] [cartesian_streamer]: Queue BUSY, sẽ resend (backoff 66ms): msg="Busy processing the previous trajectory point. Please resend the next point shortly"
[INFO] [1786958682.357053612] [cartesian_streamer]: Disable Robot: dừng stream, tắt traj mode...
[INFO] [1786958682.358129205] [cartesian_streamer]: IK OK → Δmax=0.0700 rad, joints: [1.614, 0.343, 0.464, 0.003, -1.373, -1.923]
[INFO] [1786958682.359302231] [cartesian_streamer]: ✗ Robot DISABLED.
[INFO] [1786958714.722930996] [cartesian_streamer]: Enable Robot: bắt đầu chuỗi khởi động...
[INFO] [1786958714.723332261] [cartesian_streamer]: Enable: reset_error...
[INFO] [1786958714.740823751] [cartesian_streamer]: reset_error: code=1, msg="success"
[INFO] [1786958714.741088389] [cartesian_streamer]: Enable: stop_traj_mode (giải phóng mode cũ)...
[INFO] [1786958714.786626863] [cartesian_streamer]: stop_traj_mode: success=True, code=N/A, msg=""
[INFO] [1786958714.786913773] [cartesian_streamer]: Enable: chờ 1.5s để hệ thống ổn định trước khi start queue...
[INFO] [1786958716.289248872] [cartesian_streamer]: Enable: StartPointQueueMode...
[INFO] [1786958717.836786563] [cartesian_streamer]: StartPointQueueMode response: code=1, msg=""
[INFO] [1786958717.837073503] [cartesian_streamer]: ✓ Robot ENABLED — Point Queue Mode active. Servo ON!
[INFO] [1786958717.884228529] [cartesian_streamer]: Runtime rate: state=seeding, tick_hz=0.4, queue_send_hz=0.3, ack_hz=0.3, busy_hz=0.0, retry_count=1, reject_count=0, inter_ack_ms=89.5, max_joint_delta=0.070, cumul_time=0.00s, hold_count=0, ik_mode=Local, ik_avg_ms=4.81, ik_fails=141
[WARN] [1786958717.884743076] [cartesian_streamer]: Target stream stale: không có target mới trong 35.5s
[WARN] [1786958717.885081944] [cartesian_streamer]: QueueTrajPoint đã được accept nhưng joint_states hầu như không đổi. Kiểm tra: 1) Robot ở mode AUTO? 2) Servo ON? 3) E-stop cleared?
[INFO] [1786958717.885774406] [cartesian_streamer]: Bootstrap EE pose via FK: (-0.1620, 0.3090, 0.3882)
[INFO] [1786958717.886348235] [cartesian_streamer]: Đã gửi seed point (current joints, t=0), chờ ACK...
[INFO] [1786958717.951340962] [cartesian_streamer]: Bootstrap EE pose via FK: (-0.1620, 0.3090, 0.3882)
[INFO] [1786958718.005591654] [cartesian_streamer]: Seed ACK nhận được, bắt đầu prebuffer.
[INFO] [1786958718.343634552] [cartesian_streamer]: Pre-buffer hoàn tất (3 points), bắt đầu stream ổn định. Đang chờ target...
[INFO] [1786958718.904957185] [cartesian_streamer]: QueueTrajPoint accepted #500: t=0.931s, hold=True
[WARN] [1786958719.705304761] [cartesian_streamer]: Queue BUSY, sẽ resend (backoff 66ms): msg="Busy processing the previous trajectory point. Please resend the next point shortly"
[INFO] [1786958721.269923584] [cartesian_streamer]: QueueTrajPoint accepted #520: t=2.997s, hold=True
[INFO] [1786958722.949878640] [cartesian_streamer]: Runtime rate: state=streaming, tick_hz=15.0, queue_send_hz=8.9, ack_hz=8.7, busy_hz=0.2, retry_count=1, reject_count=0, inter_ack_ms=920.4, max_joint_delta=0.000, cumul_time=4.53s, hold_count=43, ik_mode=Local, ik_avg_ms=4.81, ik_fails=141
[WARN] [1786958722.950498586] [cartesian_streamer]: Target stream stale: không có target mới trong 40.6s
[INFO] [1786958723.441144129] [cartesian_streamer]: QueueTrajPoint accepted #540: t=5.196s, hold=True
[INFO] [1786958725.692371675] [cartesian_streamer]: QueueTrajPoint accepted #560: t=7.330s, hold=True
[INFO] [1786958727.847861941] [cartesian_streamer]: QueueTrajPoint accepted #580: t=9.198s, hold=True
[INFO] [1786958727.949813349] [cartesian_streamer]: Runtime rate: state=streaming, tick_hz=15.0, queue_send_hz=9.2, ack_hz=9.0, busy_hz=0.0, retry_count=0, reject_count=0, inter_ack_ms=110.3, max_joint_delta=0.000, cumul_time=9.40s, hold_count=89, ik_mode=Local, ik_avg_ms=4.81, ik_fails=141
[WARN] [1786958727.950155743] [cartesian_streamer]: Target stream stale: không có target mới trong 45.6s
[WARN] [1786958728.034510452] [cartesian_streamer]: Queue BUSY, sẽ resend (backoff 66ms): msg="Busy processing the previous trajectory point. Please resend the next point shortly"
[INFO] [1786958730.285384506] [cartesian_streamer]: IK OK → Δmax=0.0082 rad, joints: [1.572, 0.125, -1.000, 0.007, -0.388, -1.887]
[WARN] [1786958730.417006234] [cartesian_streamer]: QueueTrajPoint đã được accept nhưng joint_states hầu như không đổi. Kiểm tra: 1) Robot ở mode AUTO? 2) Servo ON? 3) E-stop cleared?
[INFO] [1786958731.029170448] [cartesian_streamer]: QueueTrajPoint accepted #600: t=11.732s, hold=False
[INFO] [1786958731.485041758] [cartesian_streamer]: IK delta clamped → joints: [1.583, -0.026, -1.051, 0.002, -0.494, -1.893]
[INFO] [1786958732.285642492] [cartesian_streamer]: IK OK → Δmax=0.0900 rad, joints: [1.599, -0.063, -0.923, 0.003, -0.583, -1.909]
[INFO] [1786958732.815317057] [cartesian_streamer]: QueueTrajPoint accepted #620: t=13.399s, hold=False
[INFO] [1786958732.950940574] [cartesian_streamer]: Runtime rate: state=streaming, tick_hz=15.0, queue_send_hz=8.4, ack_hz=8.4, busy_hz=0.2, retry_count=1, reject_count=0, inter_ack_ms=120.3, max_joint_delta=0.090, cumul_time=13.60s, hold_count=0, ik_mode=Local, ik_avg_ms=4.58, ik_fails=141
[INFO] [1786958733.486786250] [cartesian_streamer]: IK delta clamped → joints: [1.589, 0.133, -0.631, 0.002, -0.679, -1.899]
[INFO] [1786958734.173113692] [cartesian_streamer]: QueueTrajPoint accepted #640: t=14.866s, hold=False
[INFO] [1786958734.285886328] [cartesian_streamer]: IK OK → Δmax=0.0900 rad, joints: [1.588, 0.256, -0.485, 0.001, -0.738, -1.897]
[INFO] [1786958735.551053845] [cartesian_streamer]: IK delta clamped → joints: [1.545, 0.472, -0.218, -0.002, -0.844, -1.853]
[INFO] [1786958736.019883467] [cartesian_streamer]: QueueTrajPoint accepted #660: t=16.599s, hold=False
[INFO] [1786958736.286032246] [cartesian_streamer]: IK OK → Δmax=0.0900 rad, joints: [1.571, 0.614, -0.072, 0.000, -0.903, -1.879]
[INFO] [1786958737.490273279] [cartesian_streamer]: QueueTrajPoint accepted #680: t=18.200s, hold=False
[INFO] [1786958737.551737334] [cartesian_streamer]: IK delta clamped → joints: [1.514, 0.810, 0.182, -0.003, -1.005, -1.821]
[INFO] [1786958738.016464423] [cartesian_streamer]: Runtime rate: state=streaming, tick_hz=15.0, queue_send_hz=12.6, ack_hz=12.4, busy_hz=0.0, retry_count=0, reject_count=0, inter_ack_ms=78.1, max_joint_delta=0.090, cumul_time=18.60s, hold_count=0, ik_mode=Local, ik_avg_ms=4.23, ik_fails=141
[INFO] [1786958738.351232519] [cartesian_streamer]: IK OK → Δmax=0.0900 rad, joints: [1.508, 0.935, 0.302, -0.004, -1.052, -1.816]
[INFO] [1786958738.837164046] [cartesian_streamer]: Local IK không hội tụ (fail #1)
[WARN] [1786958739.047451972] [cartesian_streamer]: ⚠ Queue mode bị drop! Auto-recovery lần 1/3...
[INFO] [1786958739.549547405] [cartesian_streamer]: Auto-recovery: bắt đầu re-enable queue mode...
[INFO] [1786958739.549848261] [cartesian_streamer]: Enable: reset_error...
[INFO] [1786958739.557848620] [cartesian_streamer]: reset_error: code=1, msg="success"
[INFO] [1786958739.558148244] [cartesian_streamer]: Enable: stop_traj_mode (giải phóng mode cũ)...
[INFO] [1786958739.607452526] [cartesian_streamer]: stop_traj_mode: success=True, code=N/A, msg=""
[INFO] [1786958739.607772468] [cartesian_streamer]: Enable: chờ 1.5s để hệ thống ổn định trước khi start queue...
[INFO] [1786958741.108287798] [cartesian_streamer]: Enable: StartPointQueueMode...
[INFO] [1786958741.123661546] [cartesian_streamer]: StartPointQueueMode response: code=103, msg="The controller is in E-Stop"
[ERROR] [1786958741.124019400] [cartesian_streamer]: StartPointQueueMode FAILED: The controller is in E-Stop
[INFO] [1786958784.034425714] [cartesian_streamer]: Enable Robot: bắt đầu chuỗi khởi động...
[INFO] [1786958784.034904034] [cartesian_streamer]: Enable: reset_error...
[INFO] [1786958784.047253386] [cartesian_streamer]: reset_error: code=1, msg="success"
[INFO] [1786958784.047619705] [cartesian_streamer]: Enable: stop_traj_mode (giải phóng mode cũ)...
[INFO] [1786958784.100626972] [cartesian_streamer]: stop_traj_mode: success=True, code=N/A, msg=""
[INFO] [1786958784.101031533] [cartesian_streamer]: Enable: chờ 1.5s để hệ thống ổn định trước khi start queue...
[INFO] [1786958785.602033828] [cartesian_streamer]: Enable: StartPointQueueMode...
[INFO] [1786958787.016856178] [cartesian_streamer]: StartPointQueueMode response: code=1, msg=""
[INFO] [1786958787.017225783] [cartesian_streamer]: ✓ Robot ENABLED — Point Queue Mode active. Servo ON!
[INFO] [1786958787.083463840] [cartesian_streamer]: Runtime rate: state=seeding, tick_hz=0.3, queue_send_hz=0.2, ack_hz=0.2, busy_hz=0.0, retry_count=0, reject_count=1, inter_ack_ms=134.3, max_joint_delta=0.090, cumul_time=0.00s, hold_count=0, ik_mode=Local, ik_avg_ms=4.25, ik_fails=145
[WARN] [1786958787.083906573] [cartesian_streamer]: QueueTrajPoint đã được accept nhưng joint_states hầu như không đổi. Kiểm tra: 1) Robot ở mode AUTO? 2) Servo ON? 3) E-stop cleared?
[INFO] [1786958787.084659680] [cartesian_streamer]: Bootstrap EE pose via FK: (-0.1620, 0.3090, 0.3882)
[INFO] [1786958787.085126057] [cartesian_streamer]: Đã gửi seed point (current joints, t=0), chờ ACK...
[INFO] [1786958787.150947000] [cartesian_streamer]: Bootstrap EE pose via FK: (-0.1620, 0.3090, 0.3882)
[INFO] [1786958787.216878391] [cartesian_streamer]: Bootstrap EE pose via FK: (-0.1620, 0.3090, 0.3882)
[INFO] [1786958787.284104517] [cartesian_streamer]: Bootstrap EE pose via FK: (-0.1620, 0.3090, 0.3882)
[INFO] [1786958787.320735608] [cartesian_streamer]: Seed ACK nhận được, bắt đầu prebuffer.
[INFO] [1786958787.943353683] [cartesian_streamer]: Pre-buffer hoàn tất (3 points), bắt đầu stream ổn định. Đang chờ target...
[INFO] [1786958787.963471899] [cartesian_streamer]: Local IK không hội tụ (fail #5)
[INFO] [1786958788.028471708] [cartesian_streamer]: IK OK → Δmax=0.0388 rad, joints: [1.593, 0.145, -0.984, 0.016, -0.381, -1.918]
[INFO] [1786958788.272392605] [cartesian_streamer]: QueueTrajPoint accepted #700: t=0.801s, hold=False
[INFO] [1786958790.019312256] [cartesian_streamer]: QueueTrajPoint accepted #720: t=2.535s, hold=False
[INFO] [1786958790.084218208] [cartesian_streamer]: IK OK → Δmax=0.0158 rad, joints: [1.657, 0.297, -0.807, 0.013, -0.409, -1.977]
[WARN] [1786958790.233735694] [cartesian_streamer]: Queue BUSY, sẽ resend (backoff 66ms): msg="Busy processing the previous trajectory point. Please resend the next point shortly"
[INFO] [1786958790.541199290] [cartesian_streamer]: Disable Robot: dừng stream, tắt traj mode...
[INFO] [1786958790.542603211] [cartesian_streamer]: ✗ Robot DISABLED.
[INFO] [1786958797.022438984] [cartesian_streamer]: Disable Robot: dừng stream, tắt traj mode...
[INFO] [1786958797.022833406] [cartesian_streamer]: ✗ Robot DISABLED.
[INFO] [1786958799.096885722] [cartesian_streamer]: Enable Robot: bắt đầu chuỗi khởi động...
[INFO] [1786958799.097172251] [cartesian_streamer]: Enable: reset_error...
[INFO] [1786958799.114226384] [cartesian_streamer]: reset_error: code=1, msg="success"
[INFO] [1786958799.114530796] [cartesian_streamer]: Enable: stop_traj_mode (giải phóng mode cũ)...
[INFO] [1786958799.165066156] [cartesian_streamer]: stop_traj_mode: success=True, code=N/A, msg=""
[INFO] [1786958799.165354409] [cartesian_streamer]: Enable: chờ 1.5s để hệ thống ổn định trước khi start queue...
[INFO] [1786958800.666379658] [cartesian_streamer]: Enable: StartPointQueueMode...
[INFO] [1786958802.096144547] [cartesian_streamer]: StartPointQueueMode response: code=1, msg=""
[INFO] [1786958802.096450222] [cartesian_streamer]: ✓ Robot ENABLED — Point Queue Mode active. Servo ON!
[INFO] [1786958802.150317159] [cartesian_streamer]: Runtime rate: state=seeding, tick_hz=3.5, queue_send_hz=2.1, ack_hz=2.0, busy_hz=0.1, retry_count=1, reject_count=0, inter_ack_ms=1715.5, max_joint_delta=0.068, cumul_time=0.00s, hold_count=0, ik_mode=Local, ik_avg_ms=4.12, ik_fails=146
[WARN] [1786958802.150661477] [cartesian_streamer]: Target stream stale: không có target mới trong 11.6s
[WARN] [1786958802.150942867] [cartesian_streamer]: QueueTrajPoint đã được accept nhưng joint_states hầu như không đổi. Kiểm tra: 1) Robot ở mode AUTO? 2) Servo ON? 3) E-stop cleared?
[INFO] [1786958802.151514913] [cartesian_streamer]: Bootstrap EE pose via FK: (-0.2016, 0.4184, 0.3668)
[INFO] [1786958802.152137945] [cartesian_streamer]: Đã gửi seed point (current joints, t=0), chờ ACK...
[INFO] [1786958802.174620320] [cartesian_streamer]: Seed ACK nhận được, bắt đầu prebuffer.
[INFO] [1786958802.546834934] [cartesian_streamer]: Pre-buffer hoàn tất (3 points), bắt đầu stream ổn định. Đang chờ target...
[INFO] [1786958803.902046076] [cartesian_streamer]: QueueTrajPoint accepted #740: t=1.598s, hold=True
[WARN] [1786958805.096297496] [cartesian_streamer]: Queue BUSY, sẽ resend (backoff 66ms): msg="Busy processing the previous trajectory point. Please resend the next point shortly"
[INFO] [1786958806.672583594] [cartesian_streamer]: QueueTrajPoint accepted #760: t=3.931s, hold=True
[INFO] [1786958807.150427462] [cartesian_streamer]: Runtime rate: state=streaming, tick_hz=15.0, queue_send_hz=8.4, ack_hz=8.2, busy_hz=0.2, retry_count=1, reject_count=0, inter_ack_ms=404.9, max_joint_delta=0.000, cumul_time=4.46s, hold_count=40, ik_mode=Local, ik_avg_ms=4.12, ik_fails=146
[WARN] [1786958807.150984670] [cartesian_streamer]: Target stream stale: không có target mới trong 16.6s
[INFO] [1786958808.987206884] [cartesian_streamer]: QueueTrajPoint accepted #780: t=5.931s, hold=True
[WARN] [1786958809.738272414] [cartesian_streamer]: ⚠ Queue mode bị drop! Auto-recovery lần 1/3...
[INFO] [1786958810.239833215] [cartesian_streamer]: Auto-recovery: bắt đầu re-enable queue mode...
[INFO] [1786958810.240136886] [cartesian_streamer]: Enable: reset_error...
[INFO] [1786958810.245614842] [cartesian_streamer]: reset_error: code=105, msg="Pendant is not in REMOTE mode"
[INFO] [1786958810.245932319] [cartesian_streamer]: Enable: stop_traj_mode (giải phóng mode cũ)...
[INFO] [1786958810.760865960] [cartesian_streamer]: stop_traj_mode: success=True, code=N/A, msg=""
[INFO] [1786958810.761192714] [cartesian_streamer]: Enable: chờ 1.5s để hệ thống ổn định trước khi start queue...
[INFO] [1786958812.262638327] [cartesian_streamer]: Enable: StartPointQueueMode...
[INFO] [1786958812.281731527] [cartesian_streamer]: StartPointQueueMode response: code=104, msg="The teach pendant must not be in TEACH mode"
[ERROR] [1786958812.282520661] [cartesian_streamer]: StartPointQueueMode FAILED: The teach pendant must not be in TEACH mode
[INFO] [1786958813.540634411] [cartesian_streamer]: Disable Robot: dừng stream, tắt traj mode...
[INFO] [1786958813.541637368] [cartesian_streamer]: ✗ Robot DISABLED.
[INFO] [1786958840.555291916] [cartesian_streamer]: Enable Robot: bắt đầu chuỗi khởi động...
[INFO] [1786958840.556711797] [cartesian_streamer]: Enable: reset_error...
[INFO] [1786958840.576845687] [cartesian_streamer]: reset_error: code=1, msg="success"
[INFO] [1786958840.577277880] [cartesian_streamer]: Enable: stop_traj_mode (giải phóng mode cũ)...
[INFO] [1786958840.628057166] [cartesian_streamer]: stop_traj_mode: success=True, code=N/A, msg=""
[INFO] [1786958840.628594437] [cartesian_streamer]: Enable: chờ 1.5s để hệ thống ổn định trước khi start queue...
[INFO] [1786958842.129439131] [cartesian_streamer]: Enable: StartPointQueueMode...
[INFO] [1786958843.562768009] [cartesian_streamer]: StartPointQueueMode response: code=1, msg=""
[INFO] [1786958843.563085005] [cartesian_streamer]: ✓ Robot ENABLED — Point Queue Mode active. Servo ON!
[INFO] [1786958843.616948434] [cartesian_streamer]: Runtime rate: state=seeding, tick_hz=1.1, queue_send_hz=0.6, ack_hz=0.6, busy_hz=0.0, retry_count=0, reject_count=1, inter_ack_ms=112.1, max_joint_delta=0.000, cumul_time=0.00s, hold_count=0, ik_mode=Local, ik_avg_ms=4.12, ik_fails=146
[WARN] [1786958843.617280299] [cartesian_streamer]: Target stream stale: không có target mới trong 53.1s
[WARN] [1786958843.618430913] [cartesian_streamer]: QueueTrajPoint đã được accept nhưng joint_states hầu như không đổi. Kiểm tra: 1) Robot ở mode AUTO? 2) Servo ON? 3) E-stop cleared?
[INFO] [1786958843.618941784] [cartesian_streamer]: Bootstrap EE pose via FK: (-0.1620, 0.3090, 0.3882)
[INFO] [1786958843.619557783] [cartesian_streamer]: Đã gửi seed point (current joints, t=0), chờ ACK...
[INFO] [1786958843.628136473] [cartesian_streamer]: Seed ACK nhận được, bắt đầu prebuffer.
[INFO] [1786958843.833334203] [cartesian_streamer]: Pre-buffer hoàn tất (3 points), bắt đầu stream ổn định. Đang chờ target...
[INFO] [1786958844.672132865] [cartesian_streamer]: QueueTrajPoint accepted #800: t=0.931s, hold=True
[INFO] [1786958846.891999226] [cartesian_streamer]: QueueTrajPoint accepted #820: t=3.130s, hold=True
[INFO] [1786958847.286438851] [cartesian_streamer]: IK OK → Δmax=0.0003 rad, joints: [1.571, 0.124, -1.003, 0.000, -0.386, -1.879]
[INFO] [1786958848.617481019] [cartesian_streamer]: Runtime rate: state=streaming, tick_hz=15.0, queue_send_hz=9.6, ack_hz=9.6, busy_hz=0.0, retry_count=0, reject_count=0, inter_ack_ms=812.4, max_joint_delta=0.036, cumul_time=4.73s, hold_count=0, ik_mode=Local, ik_avg_ms=4.03, ik_fails=146
[WARN] [1786958848.618148184] [cartesian_streamer]: QueueTrajPoint đã được accept nhưng joint_states hầu như không đổi. Kiểm tra: 1) Robot ở mode AUTO? 2) Servo ON? 3) E-stop cleared?
[INFO] [1786958848.964259615] [cartesian_streamer]: QueueTrajPoint accepted #840: t=5.132s, hold=False
[INFO] [1786958849.018128796] [cartesian_streamer]: IK delta clamped → joints: [1.513, -0.082, -1.117, -0.007, -0.488, -1.815]
[INFO] [1786958849.350860214] [cartesian_streamer]: IK OK → Δmax=0.0900 rad, joints: [1.472, -0.148, -1.156, -0.010, -0.560, -1.772]
[INFO] [1786958850.768585519] [cartesian_streamer]: QueueTrajPoint accepted #860: t=6.866s, hold=False
[INFO] [1786958851.085562358] [cartesian_streamer]: IK delta clamped → joints: [1.513, -0.149, -0.855, -0.005, -0.688, -1.818]
[INFO] [1786958851.352621501] [cartesian_streamer]: IK OK → Δmax=0.0900 rad, joints: [1.522, -0.099, -0.789, -0.004, -0.709, -1.827]
[INFO] [1786958852.767754006] [cartesian_streamer]: QueueTrajPoint accepted #880: t=8.798s, hold=False
[INFO] [1786958853.151980824] [cartesian_streamer]: IK delta clamped → joints: [1.537, 0.218, -0.417, -0.002, -0.853, -1.844]
[INFO] [1786958853.418007316] [cartesian_streamer]: IK OK → Δmax=0.0900 rad, joints: [1.526, 0.262, -0.377, -0.003, -0.869, -1.833]
[INFO] [1786958853.683221800] [cartesian_streamer]: Runtime rate: state=streaming, tick_hz=15.0, queue_send_hz=10.9, ack_hz=10.7, busy_hz=0.0, retry_count=0, reject_count=0, inter_ack_ms=92.6, max_joint_delta=0.090, cumul_time=9.66s, hold_count=0, ik_mode=Local, ik_avg_ms=3.78, ik_fails=146
[INFO] [1786958854.497596055] [cartesian_streamer]: QueueTrajPoint accepted #900: t=10.533s, hold=False
[INFO] [1786958855.217475616] [cartesian_streamer]: IK delta clamped → joints: [1.537, 0.631, -0.017, -0.002, -1.013, -1.845]
[INFO] [1786958855.485736854] [cartesian_streamer]: IK OK → Δmax=0.0900 rad, joints: [1.534, 0.690, 0.023, -0.002, -1.029, -1.842]
[INFO] [1786958856.239347440] [cartesian_streamer]: QueueTrajPoint accepted #920: t=12.266s, hold=False
[INFO] [1786958857.217751455] [cartesian_streamer]: IK delta clamped → joints: [1.522, 1.046, 0.396, -0.003, -1.178, -1.829]
[INFO] [1786958857.551022768] [cartesian_streamer]: IK OK → Δmax=0.0828 rad, joints: [1.526, 1.067, 0.449, -0.003, -1.193, -1.834]
[INFO] [1786958858.002006081] [cartesian_streamer]: QueueTrajPoint accepted #940: t=13.932s, hold=False
[INFO] [1786958858.750067904] [cartesian_streamer]: Runtime rate: state=streaming, tick_hz=15.0, queue_send_hz=11.4, ack_hz=11.6, busy_hz=0.0, retry_count=0, reject_count=0, inter_ack_ms=87.1, max_joint_delta=0.090, cumul_time=14.73s, hold_count=0, ik_mode=Local, ik_avg_ms=3.57, ik_fails=146
[INFO] [1786958859.551626009] [cartesian_streamer]: IK OK → Δmax=0.0026 rad, joints: [1.544, 1.082, 0.751, -0.002, -1.182, -1.851]
[INFO] [1786958860.151765395] [cartesian_streamer]: QueueTrajPoint accepted #960: t=15.999s, hold=False
[INFO] [1786958861.617901212] [cartesian_streamer]: IK OK → Δmax=0.0071 rad, joints: [1.547, 1.084, 0.784, -0.001, -1.213, -1.855]
[INFO] [1786958861.821371373] [cartesian_streamer]: QueueTrajPoint accepted #980: t=17.799s, hold=False
[INFO] [1786958863.617910380] [cartesian_streamer]: IK OK → Δmax=0.0030 rad, joints: [1.552, 1.070, 0.774, -0.001, -1.217, -1.860]
[INFO] [1786958863.750485015] [cartesian_streamer]: Runtime rate: state=streaming, tick_hz=15.0, queue_send_hz=9.4, ack_hz=9.2, busy_hz=0.0, retry_count=0, reject_count=0, inter_ack_ms=107.4, max_joint_delta=0.070, cumul_time=19.47s, hold_count=0, ik_mode=Local, ik_avg_ms=3.38, ik_fails=146
[INFO] [1786958864.428716007] [cartesian_streamer]: QueueTrajPoint accepted #1000: t=20.000s, hold=False
[INFO] [1786958865.685029587] [cartesian_streamer]: IK OK → Δmax=0.0085 rad, joints: [1.559, 1.043, 0.746, -0.001, -1.217, -1.867]
[INFO] [1786958866.505250925] [cartesian_streamer]: QueueTrajPoint accepted #1020: t=22.000s, hold=False
[INFO] [1786958867.687241226] [cartesian_streamer]: IK OK → Δmax=0.0031 rad, joints: [1.564, 1.034, 0.740, -0.000, -1.219, -1.872]
[INFO] [1786958868.567382116] [cartesian_streamer]: QueueTrajPoint accepted #1040: t=23.931s, hold=False
[INFO] [1786958868.816382046] [cartesian_streamer]: Runtime rate: state=streaming, tick_hz=15.0, queue_send_hz=9.3, ack_hz=9.3, busy_hz=0.0, retry_count=0, reject_count=0, inter_ack_ms=105.9, max_joint_delta=0.019, cumul_time=24.06s, hold_count=0, ik_mode=Local, ik_avg_ms=3.22, ik_fails=146
[WARN] [1786958869.094028694] [cartesian_streamer]: Queue BUSY, sẽ resend (backoff 66ms): msg="Busy processing the previous trajectory point. Please resend the next point shortly"
[INFO] [1786958869.752169738] [cartesian_streamer]: IK OK → Δmax=0.0041 rad, joints: [1.518, 1.007, 0.767, -0.003, -1.272, -1.825]
[INFO] [1786958871.005419214] [cartesian_streamer]: QueueTrajPoint accepted #1060: t=25.934s, hold=False
[INFO] [1786958871.818197361] [cartesian_streamer]: IK OK → Δmax=0.0441 rad, joints: [1.500, 0.774, 0.512, -0.004, -1.250, -1.807]
[INFO] [1786958872.151661662] [cartesian_streamer]: IK delta clamped → joints: [1.503, 0.696, 0.419, -0.004, -1.219, -1.810]
[INFO] [1786958872.768274017] [cartesian_streamer]: QueueTrajPoint accepted #1080: t=27.800s, hold=False
[INFO] [1786958873.883067349] [cartesian_streamer]: Runtime rate: state=streaming, tick_hz=15.0, queue_send_hz=10.1, ack_hz=10.1, busy_hz=0.2, retry_count=1, reject_count=0, inter_ack_ms=102.1, max_joint_delta=0.070, cumul_time=28.87s, hold_count=0, ik_mode=Local, ik_avg_ms=3.09, ik_fails=146
[INFO] [1786958873.884186295] [cartesian_streamer]: IK OK → Δmax=0.0332 rad, joints: [1.562, 0.420, 0.096, -0.001, -1.189, -1.870]
[INFO] [1786958874.217679964] [cartesian_streamer]: IK delta clamped → joints: [1.548, 0.478, 0.182, -0.001, -1.228, -1.855]
[WARN] [1786958874.885522271] [cartesian_streamer]: Service call timeout (500ms). Resetting inflight flag.
[WARN] [1786958875.417962951] [cartesian_streamer]: Service call timeout (500ms). Resetting inflight flag.
[INFO] [1786958875.884666046] [cartesian_streamer]: IK OK → Δmax=0.0900 rad, joints: [1.477, 0.590, 0.275, -0.006, -1.295, -1.784]
[INFO] [1786958875.947718319] [cartesian_streamer]: QueueTrajPoint accepted #1100: t=29.931s, hold=False
[INFO] [1786958876.283646551] [cartesian_streamer]: IK delta clamped → joints: [1.470, 0.683, 0.368, -0.006, -1.332, -1.778]
[WARN] [1786958877.560941265] [cartesian_streamer]: Queue BUSY, sẽ resend (backoff 66ms): msg="Busy processing the previous trajectory point. Please resend the next point shortly"
[INFO] [1786958877.885269612] [cartesian_streamer]: IK OK → Δmax=0.0700 rad, joints: [1.494, 0.770, 0.595, -0.005, -1.379, -1.802]
[INFO] [1786958877.966994378] [cartesian_streamer]: QueueTrajPoint accepted #1120: t=31.866s, hold=False
[INFO] [1786958878.883648046] [cartesian_streamer]: Runtime rate: state=streaming, tick_hz=15.0, queue_send_hz=8.0, ack_hz=7.8, busy_hz=0.2, retry_count=1, reject_count=0, inter_ack_ms=129.3, max_joint_delta=0.090, cumul_time=32.66s, hold_count=0, ik_mode=Local, ik_avg_ms=2.96, ik_fails=146
[INFO] [1786958879.826095178] [cartesian_streamer]: QueueTrajPoint accepted #1140: t=33.666s, hold=False
[INFO] [1786958879.951721656] [cartesian_streamer]: IK OK → Δmax=0.0029 rad, joints: [1.498, 0.806, 0.724, -0.004, -1.431, -1.806]
[INFO] [1786958881.434012469] [cartesian_streamer]: QueueTrajPoint accepted #1160: t=35.266s, hold=False
[INFO] [1786958882.017773390] [cartesian_streamer]: IK OK → Δmax=0.0174 rad, joints: [1.405, 0.856, 0.809, -0.010, -1.466, -1.712]
[WARN] [1786958882.896710775] [cartesian_streamer]: Queue BUSY, sẽ resend (backoff 66ms): msg="Busy processing the previous trajectory point. Please resend the next point shortly"
[INFO] [1786958883.564873503] [cartesian_streamer]: QueueTrajPoint accepted #1180: t=37.199s, hold=False
[INFO] [1786958883.883206617] [cartesian_streamer]: Runtime rate: state=streaming, tick_hz=15.0, queue_send_hz=10.8, ack_hz=10.6, busy_hz=0.2, retry_count=1, reject_count=0, inter_ack_ms=93.9, max_joint_delta=0.088, cumul_time=37.47s, hold_count=0, ik_mode=Local, ik_avg_ms=2.85, ik_fails=146
[INFO] [1786958884.084557756] [cartesian_streamer]: IK OK → Δmax=0.0370 rad, joints: [1.501, 0.816, 0.641, -0.004, -1.338, -1.808]
[INFO] [1786958885.283877677] [cartesian_streamer]: QueueTrajPoint accepted #1200: t=38.798s, hold=False
[INFO] [1786958885.586280469] [cartesian_streamer]: Disable Robot: dừng stream, tắt traj mode...
[INFO] [1786958885.586805998] [cartesian_streamer]: ✗ Robot DISABLED.
[INFO] [1786958915.960096231] [cartesian_streamer]: Enable Robot: bắt đầu chuỗi khởi động...
[INFO] [1786958915.961506865] [cartesian_streamer]: Enable: reset_error...
[INFO] [1786958915.975839594] [cartesian_streamer]: reset_error: code=1, msg="success"
[INFO] [1786958915.976219098] [cartesian_streamer]: Enable: stop_traj_mode (giải phóng mode cũ)...
[INFO] [1786958916.019014733] [cartesian_streamer]: stop_traj_mode: success=True, code=N/A, msg=""
[INFO] [1786958916.019283128] [cartesian_streamer]: Enable: chờ 1.5s để hệ thống ổn định trước khi start queue...
[INFO] [1786958917.519846042] [cartesian_streamer]: Enable: StartPointQueueMode...
[INFO] [1786958919.161638212] [cartesian_streamer]: StartPointQueueMode response: code=1, msg=""
[INFO] [1786958919.162294357] [cartesian_streamer]: ✓ Robot ENABLED — Point Queue Mode active. Servo ON!
[INFO] [1786958919.217100111] [cartesian_streamer]: Runtime rate: state=seeding, tick_hz=0.7, queue_send_hz=0.5, ack_hz=0.5, busy_hz=0.0, retry_count=0, reject_count=0, inter_ack_ms=92.6, max_joint_delta=0.044, cumul_time=0.00s, hold_count=0, ik_mode=Local, ik_avg_ms=2.82, ik_fails=146
[WARN] [1786958919.217555268] [cartesian_streamer]: Target stream stale: không có target mới trong 33.6s
[WARN] [1786958919.217855042] [cartesian_streamer]: QueueTrajPoint đã được accept nhưng joint_states hầu như không đổi. Kiểm tra: 1) Robot ở mode AUTO? 2) Servo ON? 3) E-stop cleared?
[INFO] [1786958919.218843191] [cartesian_streamer]: Bootstrap EE pose via FK: (-0.1620, 0.3090, 0.3882)
[INFO] [1786958919.219555752] [cartesian_streamer]: Đã gửi seed point (current joints, t=0), chờ ACK...
[INFO] [1786958919.234999331] [cartesian_streamer]: Seed ACK nhận được, bắt đầu prebuffer.
[INFO] [1786958919.621756407] [cartesian_streamer]: Pre-buffer hoàn tất (3 points), bắt đầu stream ổn định. Đang chờ target...
[INFO] [1786958920.969515042] [cartesian_streamer]: QueueTrajPoint accepted #1220: t=1.597s, hold=True
[INFO] [1786958922.767882248] [cartesian_streamer]: QueueTrajPoint accepted #1240: t=3.397s, hold=True
[INFO] [1786958924.283778140] [cartesian_streamer]: Runtime rate: state=streaming, tick_hz=15.0, queue_send_hz=9.3, ack_hz=9.1, busy_hz=0.0, retry_count=0, reject_count=0, inter_ack_ms=838.4, max_joint_delta=0.000, cumul_time=4.66s, hold_count=46, ik_mode=Local, ik_avg_ms=2.82, ik_fails=146
[WARN] [1786958924.284200775] [cartesian_streamer]: Target stream stale: không có target mới trong 38.7s
[INFO] [1786958925.612260332] [cartesian_streamer]: QueueTrajPoint accepted #1260: t=5.798s, hold=True
[WARN] [1786958926.303257951] [cartesian_streamer]: Queue BUSY, sẽ resend (backoff 66ms): msg="Busy processing the previous trajectory point. Please resend the next point shortly"
[INFO] [1786958927.965910043] [cartesian_streamer]: QueueTrajPoint accepted #1280: t=7.931s, hold=True
[INFO] [1786958928.686578938] [cartesian_streamer]: IK OK → Δmax=0.0067 rad, joints: [1.568, 0.123, -1.005, 0.004, -0.379, -1.881]
[WARN] [1786958928.749725368] [cartesian_streamer]: QueueTrajPoint đã được accept nhưng joint_states hầu như không đổi. Kiểm tra: 1) Robot ở mode AUTO? 2) Servo ON? 3) E-stop cleared?
[INFO] [1786958929.217115479] [cartesian_streamer]: IK delta clamped → joints: [1.676, 0.095, -1.066, 0.018, -0.352, -1.993]
[INFO] [1786958929.350320366] [cartesian_streamer]: Runtime rate: state=streaming, tick_hz=15.0, queue_send_hz=8.1, ack_hz=8.1, busy_hz=0.2, retry_count=1, reject_count=0, inter_ack_ms=125.6, max_joint_delta=0.090, cumul_time=9.06s, hold_count=0, ik_mode=Local, ik_avg_ms=2.80, ik_fails=146
[INFO] [1786958930.165260661] [cartesian_streamer]: QueueTrajPoint accepted #1300: t=10.061s, hold=False
[INFO] [1786958930.750961515] [cartesian_streamer]: IK OK → Δmax=0.0900 rad, joints: [1.880, -0.161, -1.009, 0.029, -0.538, -2.115]
[INFO] [1786958931.217359602] [cartesian_streamer]: IK delta clamped → joints: [1.794, -0.254, -0.955, 0.018, -0.570, -2.114]
[INFO] [1786958931.834096708] [cartesian_streamer]: QueueTrajPoint accepted #1320: t=11.654s, hold=False
[INFO] [1786958932.751398710] [cartesian_streamer]: IK OK → Δmax=0.0900 rad, joints: [1.622, -0.045, -0.622, 0.004, -0.698, -1.932]
[INFO] [1786958933.283768276] [cartesian_streamer]: IK delta clamped → joints: [1.592, 0.046, -0.499, 0.002, -0.741, -1.901]
[INFO] [1786958933.438011212] [cartesian_streamer]: QueueTrajPoint accepted #1340: t=13.254s, hold=False
[INFO] [1786958934.417168609] [cartesian_streamer]: Runtime rate: state=streaming, tick_hz=15.0, queue_send_hz=11.8, ack_hz=11.8, busy_hz=0.0, retry_count=0, reject_count=0, inter_ack_ms=84.8, max_joint_delta=0.090, cumul_time=14.05s, hold_count=0, ik_mode=Local, ik_avg_ms=2.70, ik_fails=146
[INFO] [1786958934.752904116] [cartesian_streamer]: IK OK → Δmax=0.0900 rad, joints: [1.508, 0.310, -0.217, -0.004, -0.853, -1.814]
[INFO] [1786958935.172803642] [cartesian_streamer]: QueueTrajPoint accepted #1360: t=14.922s, hold=False
[INFO] [1786958935.284667574] [cartesian_streamer]: IK delta clamped → joints: [1.500, 0.412, -0.110, -0.005, -0.896, -1.807]
[INFO] [1786958936.752202700] [cartesian_streamer]: QueueTrajPoint accepted #1380: t=16.388s, hold=False
[INFO] [1786958936.753415683] [cartesian_streamer]: IK OK → Δmax=0.0847 rad, joints: [1.467, 0.716, 0.157, -0.006, -1.002, -1.773]
[INFO] [1786958937.351325771] [cartesian_streamer]: IK delta clamped → joints: [1.453, 0.829, 0.303, -0.007, -1.061, -1.759]
[INFO] [1786958938.439305009] [cartesian_streamer]: QueueTrajPoint accepted #1400: t=18.188s, hold=False
[INFO] [1786958938.818268270] [cartesian_streamer]: IK OK → Δmax=0.0700 rad, joints: [1.472, 0.971, 0.597, -0.006, -1.149, -1.778]
[INFO] [1786958939.483149301] [cartesian_streamer]: Runtime rate: state=streaming, tick_hz=15.0, queue_send_hz=12.2, ack_hz=12.2, busy_hz=0.0, retry_count=0, reject_count=0, inter_ack_ms=81.3, max_joint_delta=0.090, cumul_time=19.19s, hold_count=0, ik_mode=Local, ik_avg_ms=2.61, ik_fails=146
[INFO] [1786958940.168003857] [cartesian_streamer]: QueueTrajPoint accepted #1420: t=19.922s, hold=False
[INFO] [1786958940.818541601] [cartesian_streamer]: IK OK → Δmax=0.0034 rad, joints: [1.472, 0.940, 0.568, -0.006, -1.141, -1.778]
[INFO] [1786958942.171088916] [cartesian_streamer]: QueueTrajPoint accepted #1440: t=21.854s, hold=False
[INFO] [1786958942.884526191] [cartesian_streamer]: IK OK → Δmax=0.0157 rad, joints: [1.434, 0.882, 0.514, -0.009, -1.145, -1.739]
[INFO] [1786958944.086551416] [cartesian_streamer]: Disable Robot: dừng stream, tắt traj mode...
[INFO] [1786958944.087985915] [cartesian_streamer]: ✗ Robot DISABLED.
[INFO] [1786958979.166647218] [cartesian_streamer]: Enable Robot: bắt đầu chuỗi khởi động...
[INFO] [1786958979.166921755] [cartesian_streamer]: Enable: reset_error...
[INFO] [1786958989.122379241] [cartesian_streamer]: Disable Robot: dừng stream, tắt traj mode...
[INFO] [1786958989.122908698] [cartesian_streamer]: ✗ Robot DISABLED.
[INFO] [1786958991.689592516] [cartesian_streamer]: Enable Robot: bắt đầu chuỗi khởi động...
[INFO] [1786958991.689872213] [cartesian_streamer]: Enable: reset_error...
[INFO] [1786958991.698606389] [cartesian_streamer]: reset_error: code=1, msg="success"
[INFO] [1786958991.699066876] [cartesian_streamer]: Enable: stop_traj_mode (giải phóng mode cũ)...
[INFO] [1786958991.747885704] [cartesian_streamer]: stop_traj_mode: success=True, code=N/A, msg=""
[INFO] [1786958991.748398419] [cartesian_streamer]: Enable: chờ 1.5s để hệ thống ổn định trước khi start queue...
[INFO] [1786958993.249451415] [cartesian_streamer]: Enable: StartPointQueueMode...
[INFO] [1786958994.843731194] [cartesian_streamer]: StartPointQueueMode response: code=1, msg=""
[INFO] [1786958994.844020709] [cartesian_streamer]: ✓ Robot ENABLED — Point Queue Mode active. Servo ON!
[INFO] [1786958994.883496656] [cartesian_streamer]: Runtime rate: state=seeding, tick_hz=1.3, queue_send_hz=0.8, ack_hz=0.8, busy_hz=0.0, retry_count=0, reject_count=0, inter_ack_ms=101.6, max_joint_delta=0.057, cumul_time=0.00s, hold_count=0, ik_mode=Local, ik_avg_ms=2.55, ik_fails=146
[WARN] [1786958994.884239514] [cartesian_streamer]: Target stream stale: không có target mới trong 50.8s
[WARN] [1786958994.884578532] [cartesian_streamer]: QueueTrajPoint đã được accept nhưng joint_states hầu như không đổi. Kiểm tra: 1) Robot ở mode AUTO? 2) Servo ON? 3) E-stop cleared?
[INFO] [1786958994.885582912] [cartesian_streamer]: Bootstrap EE pose via FK: (-0.1620, 0.3090, 0.3882)
[INFO] [1786958994.886098302] [cartesian_streamer]: Đã gửi seed point (current joints, t=0), chờ ACK...
[INFO] [1786958994.950925025] [cartesian_streamer]: Bootstrap EE pose via FK: (-0.1620, 0.3090, 0.3882)
[INFO] [1786958995.008991477] [cartesian_streamer]: Seed ACK nhận được, bắt đầu prebuffer.
[INFO] [1786958995.039994159] [cartesian_streamer]: QueueTrajPoint accepted #1460: t=0.131s, hold=True
[INFO] [1786958995.359368219] [cartesian_streamer]: Pre-buffer hoàn tất (3 points), bắt đầu stream ổn định. Đang chờ target...
[WARN] [1786958995.894061684] [cartesian_streamer]: Queue BUSY, sẽ resend (backoff 66ms): msg="Busy processing the previous trajectory point. Please resend the next point shortly"
[INFO] [1786958997.668732070] [cartesian_streamer]: QueueTrajPoint accepted #1480: t=2.330s, hold=True
[INFO] [1786958999.219778769] [cartesian_streamer]: IK OK → Δmax=0.0168 rad, joints: [1.568, 0.124, -1.009, -0.015, -0.378, -1.862]
[INFO] [1786958999.756469639] [cartesian_streamer]: QueueTrajPoint accepted #1500: t=4.398s, hold=False
[INFO] [1786958999.883764268] [cartesian_streamer]: Runtime rate: state=streaming, tick_hz=15.0, queue_send_hz=8.8, ack_hz=8.6, busy_hz=0.2, retry_count=1, reject_count=0, inter_ack_ms=1295.5, max_joint_delta=0.017, cumul_time=4.46s, hold_count=0, ik_mode=Local, ik_avg_ms=2.53, ik_fails=146
[INFO] [1786959001.150582820] [cartesian_streamer]: IK delta clamped → joints: [1.600, 0.024, -0.981, 0.003, -0.490, -1.911]
[INFO] [1786959001.284388743] [cartesian_streamer]: IK OK → Δmax=0.0900 rad, joints: [1.610, -0.016, -0.966, 0.004, -0.500, -1.922]
[INFO] [1786959001.710075171] [cartesian_streamer]: QueueTrajPoint accepted #1520: t=6.264s, hold=False
[INFO] [1786959003.151636720] [cartesian_streamer]: IK delta clamped → joints: [1.421, -0.004, -0.672, -0.012, -0.655, -1.722]
[INFO] [1786959003.286704117] [cartesian_streamer]: IK OK → Δmax=0.0900 rad, joints: [1.401, 0.011, -0.644, -0.013, -0.660, -1.701]
[INFO] [1786959003.367297252] [cartesian_streamer]: QueueTrajPoint accepted #1540: t=7.932s, hold=False
[INFO] [1786959004.883582866] [cartesian_streamer]: Runtime rate: state=streaming, tick_hz=15.0, queue_send_hz=11.0, ack_hz=10.8, busy_hz=0.0, retry_count=0, reject_count=0, inter_ack_ms=91.7, max_joint_delta=0.090, cumul_time=9.40s, hold_count=0, ik_mode=Local, ik_avg_ms=2.45, ik_fails=146
[INFO] [1786959005.151958021] [cartesian_streamer]: IK delta clamped → joints: [1.336, 0.322, -0.217, -0.016, -0.815, -1.636]
[INFO] [1786959005.170395077] [cartesian_streamer]: QueueTrajPoint accepted #1560: t=9.732s, hold=False
[INFO] [1786959005.294714739] [cartesian_streamer]: IK OK → Δmax=0.0900 rad, joints: [1.340, 0.348, -0.190, -0.015, -0.826, -1.641]
[INFO] [1786959006.914889205] [cartesian_streamer]: QueueTrajPoint accepted #1580: t=11.266s, hold=False
[INFO] [1786959007.153032178] [cartesian_streamer]: IK delta clamped → joints: [1.387, 0.735, 0.143, -0.011, -0.959, -1.692]
[INFO] [1786959007.352994170] [cartesian_streamer]: IK OK → Δmax=0.0900 rad, joints: [1.387, 0.788, 0.196, -0.011, -0.980, -1.692]
[INFO] [1786959008.628517716] [cartesian_streamer]: Disable Robot: dừng stream, tắt traj mode...
[INFO] [1786959008.629144676] [cartesian_streamer]: ✗ Robot DISABLED.
[INFO] [1786959037.855544629] [cartesian_streamer]: Enable Robot: bắt đầu chuỗi khởi động...
[INFO] [1786959037.855829345] [cartesian_streamer]: Enable: reset_error...
[INFO] [1786959037.869497517] [cartesian_streamer]: reset_error: code=1, msg="success"
[INFO] [1786959037.869768177] [cartesian_streamer]: Enable: stop_traj_mode (giải phóng mode cũ)...
[INFO] [1786959037.918144869] [cartesian_streamer]: stop_traj_mode: success=True, code=N/A, msg=""
[INFO] [1786959037.918423222] [cartesian_streamer]: Enable: chờ 1.5s để hệ thống ổn định trước khi start queue...
[INFO] [1786959039.419468908] [cartesian_streamer]: Enable: StartPointQueueMode...
[INFO] [1786959040.954030444] [cartesian_streamer]: StartPointQueueMode response: code=1, msg=""
[INFO] [1786959040.954372848] [cartesian_streamer]: ✓ Robot ENABLED — Point Queue Mode active. Servo ON!
[INFO] [1786959041.016627207] [cartesian_streamer]: Runtime rate: state=seeding, tick_hz=1.6, queue_send_hz=1.2, ack_hz=1.2, busy_hz=0.0, retry_count=0, reject_count=0, inter_ack_ms=92.7, max_joint_delta=0.090, cumul_time=0.00s, hold_count=0, ik_mode=Local, ik_avg_ms=2.41, ik_fails=146
[WARN] [1786959041.016957449] [cartesian_streamer]: Target stream stale: không có target mới trong 32.4s
[WARN] [1786959041.017239299] [cartesian_streamer]: QueueTrajPoint đã được accept nhưng joint_states hầu như không đổi. Kiểm tra: 1) Robot ở mode AUTO? 2) Servo ON? 3) E-stop cleared?
[INFO] [1786959041.018260421] [cartesian_streamer]: Bootstrap EE pose via FK: (-0.1620, 0.3090, 0.3882)
[INFO] [1786959041.019399134] [cartesian_streamer]: Đã gửi seed point (current joints, t=0), chờ ACK...
[INFO] [1786959041.084593867] [cartesian_streamer]: Bootstrap EE pose via FK: (-0.1620, 0.3090, 0.3882)
[INFO] [1786959041.151326314] [cartesian_streamer]: Bootstrap EE pose via FK: (-0.1620, 0.3090, 0.3882)
[INFO] [1786959041.156096651] [cartesian_streamer]: Seed ACK nhận được, bắt đầu prebuffer.
[INFO] [1786959041.348529870] [cartesian_streamer]: QueueTrajPoint accepted #1600: t=0.198s, hold=True
[INFO] [1786959041.538974636] [cartesian_streamer]: Pre-buffer hoàn tất (3 points), bắt đầu stream ổn định. Đang chờ target...
[INFO] [1786959043.225087882] [cartesian_streamer]: QueueTrajPoint accepted #1620: t=2.130s, hold=True
[INFO] [1786959045.423712426] [cartesian_streamer]: IK OK → Δmax=0.0135 rad, joints: [1.573, 0.124, -0.999, 0.012, -0.386, -1.893]
[INFO] [1786959045.804787682] [cartesian_streamer]: QueueTrajPoint accepted #1640: t=4.256s, hold=False
[INFO] [1786959046.083402232] [cartesian_streamer]: Runtime rate: state=streaming, tick_hz=15.0, queue_send_hz=8.7, ack_hz=8.5, busy_hz=0.0, retry_count=0, reject_count=0, inter_ack_ms=862.3, max_joint_delta=0.014, cumul_time=4.46s, hold_count=0, ik_mode=Local, ik_avg_ms=2.40, ik_fails=146
[INFO] [1786959047.483308856] [cartesian_streamer]: IK OK → Δmax=0.0000 rad, joints: [1.573, 0.124, -0.999, 0.012, -0.386, -1.893]
[WARN] [1786959047.494253383] [cartesian_streamer]: Queue BUSY, sẽ resend (backoff 66ms): msg="Busy processing the previous trajectory point. Please resend the next point shortly"
[INFO] [1786959048.551558017] [cartesian_streamer]: IK delta clamped → joints: [1.673, 0.035, -0.958, 0.012, -0.509, -1.991]
[INFO] [1786959048.564173098] [cartesian_streamer]: QueueTrajPoint accepted #1660: t=6.591s, hold=False
[INFO] [1786959049.484510137] [cartesian_streamer]: IK OK → Δmax=0.0900 rad, joints: [1.605, -0.012, -0.760, 0.003, -0.588, -1.915]
[INFO] [1786959050.551566248] [cartesian_streamer]: IK delta clamped → joints: [1.487, 0.134, -0.530, -0.006, -0.663, -1.792]
[INFO] [1786959050.693525520] [cartesian_streamer]: QueueTrajPoint accepted #1680: t=8.656s, hold=False
[INFO] [1786959051.083628971] [cartesian_streamer]: Runtime rate: state=streaming, tick_hz=15.0, queue_send_hz=8.6, ack_hz=8.6, busy_hz=0.2, retry_count=1, reject_count=0, inter_ack_ms=121.1, max_joint_delta=0.090, cumul_time=8.99s, hold_count=0, ik_mode=Local, ik_avg_ms=2.34, ik_fails=146
[INFO] [1786959051.485103573] [cartesian_streamer]: IK OK → Δmax=0.0900 rad, joints: [1.450, 0.285, -0.330, -0.009, -0.743, -1.753]
[INFO] [1786959052.164532206] [cartesian_streamer]: QueueTrajPoint accepted #1700: t=10.123s, hold=False
[INFO] [1786959052.552393279] [cartesian_streamer]: IK delta clamped → joints: [1.492, 0.487, -0.130, -0.005, -0.823, -1.798]
[INFO] [1786959053.486203882] [cartesian_streamer]: IK OK → Δmax=0.0900 rad, joints: [1.495, 0.683, 0.043, -0.005, -0.892, -1.802]
[INFO] [1786959054.005603437] [cartesian_streamer]: QueueTrajPoint accepted #1720: t=11.789s, hold=False
[WARN] [1786959054.142928380] [cartesian_streamer]: Queue BUSY, sẽ resend (backoff 66ms): msg="Busy processing the previous trajectory point. Please resend the next point shortly"
[INFO] [1786959054.619026123] [cartesian_streamer]: IK delta clamped → joints: [1.502, 0.903, 0.243, -0.004, -0.972, -1.809]
[INFO] [1786959055.551380170] [cartesian_streamer]: IK OK → Δmax=0.0900 rad, joints: [1.537, 0.978, 0.403, -0.002, -1.036, -1.844]
[INFO] [1786959055.602958789] [cartesian_streamer]: Disable Robot: dừng stream, tắt traj mode...
[INFO] [1786959055.603413124] [cartesian_streamer]: ✗ Robot DISABLED.
[INFO] [1786959098.293596063] [cartesian_streamer]: Disable Robot: dừng stream, tắt traj mode...
[INFO] [1786959098.294066859] [cartesian_streamer]: ✗ Robot DISABLED.
[INFO] [1786959100.360392884] [cartesian_streamer]: Enable Robot: bắt đầu chuỗi khởi động...
[INFO] [1786959100.360894167] [cartesian_streamer]: Enable: reset_error...
[INFO] [1786959100.378418760] [cartesian_streamer]: reset_error: code=1, msg="success"
[INFO] [1786959100.378685081] [cartesian_streamer]: Enable: stop_traj_mode (giải phóng mode cũ)...
[INFO] [1786959100.435924890] [cartesian_streamer]: stop_traj_mode: success=True, code=N/A, msg=""
[INFO] [1786959100.436245904] [cartesian_streamer]: Enable: chờ 1.5s để hệ thống ổn định trước khi start queue...
[INFO] [1786959101.936809912] [cartesian_streamer]: Enable: StartPointQueueMode...
[INFO] [1786959103.431191168] [cartesian_streamer]: StartPointQueueMode response: code=1, msg=""
[INFO] [1786959103.431779846] [cartesian_streamer]: ✓ Robot ENABLED — Point Queue Mode active. Servo ON!
[INFO] [1786959103.483356758] [cartesian_streamer]: Runtime rate: state=seeding, tick_hz=1.3, queue_send_hz=1.0, ack_hz=1.0, busy_hz=0.0, retry_count=1, reject_count=0, inter_ack_ms=89.4, max_joint_delta=0.090, cumul_time=0.00s, hold_count=0, ik_mode=Local, ik_avg_ms=2.29, ik_fails=146
[WARN] [1786959103.484538742] [cartesian_streamer]: Target stream stale: không có target mới trong 47.9s
[WARN] [1786959103.485313120] [cartesian_streamer]: QueueTrajPoint đã được accept nhưng joint_states hầu như không đổi. Kiểm tra: 1) Robot ở mode AUTO? 2) Servo ON? 3) E-stop cleared?
[INFO] [1786959103.486606995] [cartesian_streamer]: Bootstrap EE pose via FK: (-0.1620, 0.3090, 0.3882)
[INFO] [1786959103.487415296] [cartesian_streamer]: Đã gửi seed point (current joints, t=0), chờ ACK...
[INFO] [1786959103.551116337] [cartesian_streamer]: Bootstrap EE pose via FK: (-0.1620, 0.3090, 0.3882)
[INFO] [1786959103.611223903] [cartesian_streamer]: Seed ACK nhận được, bắt đầu prebuffer.
[INFO] [1786959104.130430370] [cartesian_streamer]: Pre-buffer hoàn tất (3 points), bắt đầu stream ổn định. Đang chờ target...
[INFO] [1786959104.168794384] [cartesian_streamer]: QueueTrajPoint accepted #1740: t=0.594s, hold=True
[INFO] [1786959106.272639627] [cartesian_streamer]: QueueTrajPoint accepted #1760: t=2.527s, hold=True
[INFO] [1786959107.151740897] [cartesian_streamer]: IK OK → Δmax=0.0029 rad, joints: [1.571, 0.125, -1.003, 0.002, -0.383, -1.881]
[INFO] [1786959108.483527982] [cartesian_streamer]: Runtime rate: state=streaming, tick_hz=15.0, queue_send_hz=8.6, ack_hz=8.6, busy_hz=0.0, retry_count=0, reject_count=0, inter_ack_ms=1229.5, max_joint_delta=0.003, cumul_time=4.53s, hold_count=0, ik_mode=Local, ik_avg_ms=2.27, ik_fails=146
[INFO] [1786959108.634305479] [cartesian_streamer]: QueueTrajPoint accepted #1780: t=4.796s, hold=False
[INFO] [1786959109.216982277] [cartesian_streamer]: IK OK → Δmax=0.0169 rad, joints: [1.562, 0.113, -0.994, -0.001, -0.405, -1.870]
[INFO] [1786959109.484667153] [cartesian_streamer]: IK delta clamped → joints: [1.522, 0.069, -0.943, -0.006, -0.489, -1.825]
[INFO] [1786959110.674097686] [cartesian_streamer]: QueueTrajPoint accepted #1800: t=6.597s, hold=False
[INFO] [1786959111.220068312] [cartesian_streamer]: IK OK → Δmax=0.0900 rad, joints: [1.370, 0.132, -0.555, -0.016, -0.633, -1.668]
[INFO] [1786959111.551235780] [cartesian_streamer]: IK delta clamped → joints: [1.351, 0.178, -0.488, -0.017, -0.659, -1.649]
[INFO] [1786959112.303020257] [cartesian_streamer]: QueueTrajPoint accepted #1820: t=8.331s, hold=False
[INFO] [1786959113.284598620] [cartesian_streamer]: IK OK → Δmax=0.0900 rad, joints: [1.327, 0.472, -0.155, -0.016, -0.793, -1.628]
[INFO] [1786959113.483315704] [cartesian_streamer]: Runtime rate: state=streaming, tick_hz=15.0, queue_send_hz=10.8, ack_hz=10.8, busy_hz=0.0, retry_count=0, reject_count=0, inter_ack_ms=92.0, max_joint_delta=0.090, cumul_time=9.40s, hold_count=0, ik_mode=Local, ik_avg_ms=2.22, ik_fails=146
[INFO] [1786959113.618033606] [cartesian_streamer]: IK delta clamped → joints: [1.354, 0.539, -0.075, -0.014, -0.825, -1.657]
[INFO] [1786959114.182081228] [cartesian_streamer]: QueueTrajPoint accepted #1840: t=9.931s, hold=False
[INFO] [1786959115.287613227] [cartesian_streamer]: IK OK → Δmax=0.0900 rad, joints: [1.418, 0.900, 0.245, -0.009, -0.953, -1.724]
[INFO] [1786959115.685666092] [cartesian_streamer]: IK delta clamped → joints: [1.449, 0.953, 0.312, -0.008, -0.979, -1.754]
[INFO] [1786959115.831045069] [cartesian_streamer]: QueueTrajPoint accepted #1860: t=11.730s, hold=False
[INFO] [1786959117.351905022] [cartesian_streamer]: IK OK → Δmax=0.0356 rad, joints: [1.530, 0.941, 0.491, -0.003, -1.063, -1.837]
[INFO] [1786959117.484738177] [cartesian_streamer]: QueueTrajPoint accepted #1880: t=13.264s, hold=False
[INFO] [1786959118.551081807] [cartesian_streamer]: Runtime rate: state=streaming, tick_hz=15.0, queue_send_hz=12.0, ack_hz=11.8, busy_hz=0.0, retry_count=0, reject_count=0, inter_ack_ms=83.4, max_joint_delta=0.090, cumul_time=14.40s, hold_count=0, ik_mode=Local, ik_avg_ms=2.17, ik_fails=146
[INFO] [1786959119.157716708] [cartesian_streamer]: QueueTrajPoint accepted #1900: t=15.064s, hold=False
[INFO] [1786959119.417402394] [cartesian_streamer]: IK OK → Δmax=0.0128 rad, joints: [1.673, 0.992, 0.680, 0.006, -1.201, -1.983]
[INFO] [1786959121.206243326] [cartesian_streamer]: QueueTrajPoint accepted #1920: t=16.931s, hold=False
[INFO] [1786959121.418317774] [cartesian_streamer]: IK delta clamped → joints: [1.787, 0.846, 0.427, 0.014, -1.090, -2.101]
[INFO] [1786959121.418796685] [cartesian_streamer]: IK OK → Δmax=0.0700 rad, joints: [1.787, 0.846, 0.427, 0.014, -1.090, -2.101]
[WARN] [1786959122.102059301] [cartesian_streamer]: Queue BUSY, sẽ resend (backoff 66ms): msg="Busy processing the previous trajectory point. Please resend the next point shortly"
[INFO] [1786959123.418336844] [cartesian_streamer]: IK delta clamped → joints: [1.865, 0.586, 0.053, 0.022, -0.898, -2.188]
[INFO] [1786959123.484778475] [cartesian_streamer]: IK OK → Δmax=0.0900 rad, joints: [1.863, 0.575, 0.053, 0.022, -0.898, -2.186]
[INFO] [1786959123.546148871] [cartesian_streamer]: QueueTrajPoint accepted #1940: t=18.997s, hold=False
[INFO] [1786959123.616745602] [cartesian_streamer]: Runtime rate: state=streaming, tick_hz=15.0, queue_send_hz=9.7, ack_hz=9.5, busy_hz=0.2, retry_count=1, reject_count=0, inter_ack_ms=106.3, max_joint_delta=0.090, cumul_time=19.13s, hold_count=0, ik_mode=Local, ik_avg_ms=2.13, ik_fails=146
[INFO] [1786959125.498127091] [cartesian_streamer]: QueueTrajPoint accepted #1960: t=20.931s, hold=False
[INFO] [1786959125.550868797] [cartesian_streamer]: IK OK → Δmax=0.0718 rad, joints: [1.670, 0.541, -0.132, 0.008, -0.840, -1.984]
[INFO] [1786959125.817803129] [cartesian_streamer]: IK delta clamped → joints: [1.632, 0.548, -0.119, 0.005, -0.846, -1.949]
[INFO] [1786959127.230668101] [cartesian_streamer]: QueueTrajPoint accepted #1980: t=22.664s, hold=False
[INFO] [1786959127.551566310] [cartesian_streamer]: IK OK → Δmax=0.0900 rad, joints: [1.411, 0.570, 0.076, -0.011, -1.020, -1.805]
[INFO] [1786959127.884842727] [cartesian_streamer]: IK delta clamped → joints: [1.367, 0.588, 0.115, -0.014, -1.041, -1.779]
[INFO] [1786959128.683767663] [cartesian_streamer]: Runtime rate: state=streaming, tick_hz=15.0, queue_send_hz=10.9, ack_hz=11.1, busy_hz=0.0, retry_count=0, reject_count=0, inter_ack_ms=90.7, max_joint_delta=0.090, cumul_time=24.00s, hold_count=0, ik_mode=Local, ik_avg_ms=2.09, ik_fails=146
[INFO] [1786959129.085841535] [cartesian_streamer]: QueueTrajPoint accepted #2000: t=24.332s, hold=False
[INFO] [1786959129.618123780] [cartesian_streamer]: IK OK → Δmax=0.0900 rad, joints: [1.221, 0.667, 0.194, -0.023, -1.043, -1.645]
[INFO] [1786959129.885107808] [cartesian_streamer]: IK delta clamped → joints: [1.224, 0.683, 0.158, -0.024, -0.991, -1.640]
[INFO] [1786959130.910056673] [cartesian_streamer]: QueueTrajPoint accepted #2020: t=26.195s, hold=False
[INFO] [1786959131.618717264] [cartesian_streamer]: IK OK → Δmax=0.0864 rad, joints: [1.454, 0.598, 0.064, -0.008, -0.979, -1.758]
[INFO] [1786959131.886278329] [cartesian_streamer]: IK delta clamped → joints: [1.494, 0.594, 0.082, -0.005, -1.000, -1.788]
[INFO] [1786959133.511019616] [cartesian_streamer]: QueueTrajPoint accepted #2040: t=28.328s, hold=False
[INFO] [1786959133.683272549] [cartesian_streamer]: Runtime rate: state=streaming, tick_hz=15.0, queue_send_hz=9.2, ack_hz=9.2, busy_hz=0.0, retry_count=0, reject_count=0, inter_ack_ms=108.7, max_joint_delta=0.090, cumul_time=28.59s, hold_count=0, ik_mode=Local, ik_avg_ms=2.05, ik_fails=146
[INFO] [1786959133.685480144] [cartesian_streamer]: IK OK → Δmax=0.0700 rad, joints: [1.519, 0.839, 0.458, -0.003, -1.176, -1.827]
[INFO] [1786959135.150619754] [cartesian_streamer]: IK delta clamped → joints: [1.522, 0.759, 0.235, -0.003, -0.974, -1.829]
[INFO] [1786959135.434771316] [cartesian_streamer]: QueueTrajPoint accepted #2060: t=30.393s, hold=False
[INFO] [1786959135.750505061] [cartesian_streamer]: IK OK → Δmax=0.0845 rad, joints: [1.529, 0.638, 0.089, -0.003, -0.919, -1.835]
[INFO] [1786959136.746657948] [cartesian_streamer]: Disable Robot: dừng stream, tắt traj mode...
[INFO] [1786959136.747355651] [cartesian_streamer]: ✗ Robot DISABLED.
[INFO] [1786959167.416709464] [cartesian_streamer]: Enable Robot: bắt đầu chuỗi khởi động...
[INFO] [1786959167.416994330] [cartesian_streamer]: Enable: reset_error...
[INFO] [1786959167.422603648] [cartesian_streamer]: reset_error: code=1, msg="success"
[INFO] [1786959167.422858678] [cartesian_streamer]: Enable: stop_traj_mode (giải phóng mode cũ)...
[INFO] [1786959167.471354637] [cartesian_streamer]: stop_traj_mode: success=True, code=N/A, msg=""
[INFO] [1786959167.471870778] [cartesian_streamer]: Enable: chờ 1.5s để hệ thống ổn định trước khi start queue...
[INFO] [1786959168.972807535] [cartesian_streamer]: Enable: StartPointQueueMode...
[INFO] [1786959170.463020422] [cartesian_streamer]: StartPointQueueMode response: code=1, msg=""
[INFO] [1786959170.463591817] [cartesian_streamer]: ✓ Robot ENABLED — Point Queue Mode active. Servo ON!
[INFO] [1786959170.483664118] [cartesian_streamer]: Runtime rate: state=seeding, tick_hz=1.2, queue_send_hz=0.9, ack_hz=0.9, busy_hz=0.0, retry_count=0, reject_count=0, inter_ack_ms=97.7, max_joint_delta=0.090, cumul_time=0.00s, hold_count=0, ik_mode=Local, ik_avg_ms=2.03, ik_fails=146
[WARN] [1786959170.484114976] [cartesian_streamer]: Target stream stale: không có target mới trong 33.8s
[WARN] [1786959170.484490934] [cartesian_streamer]: QueueTrajPoint đã được accept nhưng joint_states hầu như không đổi. Kiểm tra: 1) Robot ở mode AUTO? 2) Servo ON? 3) E-stop cleared?
[INFO] [1786959170.485150966] [cartesian_streamer]: Bootstrap EE pose via FK: (-0.1620, 0.3090, 0.3882)
[INFO] [1786959170.485648893] [cartesian_streamer]: Đã gửi seed point (current joints, t=0), chờ ACK...
[INFO] [1786959170.550838924] [cartesian_streamer]: Bootstrap EE pose via FK: (-0.1620, 0.3090, 0.3882)
[INFO] [1786959170.617640087] [cartesian_streamer]: Bootstrap EE pose via FK: (-0.1620, 0.3090, 0.3882)
[INFO] [1786959170.630397900] [cartesian_streamer]: Seed ACK nhận được, bắt đầu prebuffer.
[INFO] [1786959171.247609105] [cartesian_streamer]: Pre-buffer hoàn tất (3 points), bắt đầu stream ổn định. Đang chờ target...
[INFO] [1786959171.374394991] [cartesian_streamer]: QueueTrajPoint accepted #2080: t=0.732s, hold=True
[INFO] [1786959173.685562419] [cartesian_streamer]: IK OK → Δmax=0.0222 rad, joints: [1.569, 0.102, -1.011, 0.000, -0.400, -1.878]
[WARN] [1786959174.554526228] [cartesian_streamer]: Queue BUSY, sẽ resend (backoff 66ms): msg="Busy processing the previous trajectory point. Please resend the next point shortly"
[INFO] [1786959174.685088413] [cartesian_streamer]: IK delta clamped → joints: [1.571, 0.014, -1.049, 0.000, -0.461, -1.880]
[INFO] [1786959174.898983909] [cartesian_streamer]: QueueTrajPoint accepted #2100: t=3.397s, hold=False
[INFO] [1786959175.485085013] [cartesian_streamer]: Runtime rate: state=streaming, tick_hz=15.0, queue_send_hz=6.6, ack_hz=6.2, busy_hz=0.2, retry_count=1, reject_count=0, inter_ack_ms=1246.9, max_joint_delta=0.090, cumul_time=3.93s, hold_count=0, ik_mode=Local, ik_avg_ms=2.02, ik_fails=146
[INFO] [1786959175.685580507] [cartesian_streamer]: IK OK → Δmax=0.0900 rad, joints: [1.595, -0.176, -0.962, 0.002, -0.577, -1.905]
[INFO] [1786959176.625926907] [cartesian_streamer]: QueueTrajPoint accepted #2120: t=5.131s, hold=False
[INFO] [1786959176.752370150] [cartesian_streamer]: IK delta clamped → joints: [1.467, -0.030, -0.748, -0.008, -0.662, -1.770]
[INFO] [1786959177.752002119] [cartesian_streamer]: IK OK → Δmax=0.0900 rad, joints: [1.398, 0.150, -0.541, -0.014, -0.742, -1.697]
[INFO] [1786959178.030719364] [cartesian_streamer]: QueueTrajPoint accepted #2140: t=6.532s, hold=False
[INFO] [1786959178.817601995] [cartesian_streamer]: IK delta clamped → joints: [1.355, 0.333, -0.283, -0.016, -0.827, -1.654]
[INFO] [1786959179.810926335] [cartesian_streamer]: QueueTrajPoint accepted #2160: t=8.196s, hold=False
[INFO] [1786959179.818125776] [cartesian_streamer]: IK OK → Δmax=0.0900 rad, joints: [1.341, 0.525, -0.096, -0.016, -0.902, -1.641]
[INFO] [1786959180.550095472] [cartesian_streamer]: Runtime rate: state=streaming, tick_hz=15.0, queue_send_hz=12.8, ack_hz=12.8, busy_hz=0.0, retry_count=0, reject_count=0, inter_ack_ms=77.3, max_joint_delta=0.090, cumul_time=9.00s, hold_count=0, ik_mode=Local, ik_avg_ms=1.99, ik_fails=146
[INFO] [1786959180.818029832] [cartesian_streamer]: IK delta clamped → joints: [1.374, 0.743, 0.117, -0.013, -0.987, -1.677]
[INFO] [1786959181.341917473] [cartesian_streamer]: QueueTrajPoint accepted #2180: t=9.730s, hold=False
[INFO] [1786959181.818693059] [cartesian_streamer]: IK OK → Δmax=0.0900 rad, joints: [1.405, 0.945, 0.291, -0.011, -1.057, -1.708]
[INFO] [1786959182.884474535] [cartesian_streamer]: IK delta clamped → joints: [1.485, 0.959, 0.504, -0.006, -1.093, -1.791]
[INFO] [1786959183.167068699] [cartesian_streamer]: QueueTrajPoint accepted #2200: t=11.596s, hold=False
[INFO] [1786959183.884874690] [cartesian_streamer]: IK OK → Δmax=0.0875 rad, joints: [1.623, 0.969, 0.605, 0.003, -1.148, -1.932]
[INFO] [1786959184.885169488] [cartesian_streamer]: IK delta clamped → joints: [1.721, 0.835, 0.395, 0.010, -1.066, -2.015]
[INFO] [1786959185.020271571] [cartesian_streamer]: QueueTrajPoint accepted #2220: t=13.330s, hold=False
[INFO] [1786959185.550463221] [cartesian_streamer]: Runtime rate: state=streaming, tick_hz=15.0, queue_send_hz=10.6, ack_hz=10.6, busy_hz=0.0, retry_count=0, reject_count=0, inter_ack_ms=94.2, max_joint_delta=0.090, cumul_time=13.86s, hold_count=0, ik_mode=Local, ik_avg_ms=1.95, ik_fails=146
[INFO] [1786959185.884869980] [cartesian_streamer]: IK OK → Δmax=0.0800 rad, joints: [1.764, 0.638, 0.208, 0.014, -0.949, -2.080]
[INFO] [1786959186.951586082] [cartesian_streamer]: IK delta clamped → joints: [1.777, 0.424, -0.005, 0.015, -0.892, -2.095]
[INFO] [1786959186.968340488] [cartesian_streamer]: QueueTrajPoint accepted #2240: t=15.330s, hold=False
[INFO] [1786959187.953208395] [cartesian_streamer]: IK OK → Δmax=0.0700 rad, joints: [1.734, 0.267, -0.192, 0.012, -0.927, -2.049]
[INFO] [1786959188.504393552] [cartesian_streamer]: QueueTrajPoint accepted #2260: t=16.864s, hold=False
[INFO] [1786959189.018387307] [cartesian_streamer]: IK delta clamped → joints: [1.512, 0.276, -0.333, -0.004, -0.904, -1.898]
[INFO] [1786959189.962008531] [cartesian_streamer]: QueueTrajPoint accepted #2280: t=18.330s, hold=False
[INFO] [1786959190.018957833] [cartesian_streamer]: IK OK → Δmax=0.0900 rad, joints: [1.361, 0.414, -0.273, -0.016, -0.827, -1.818]
[INFO] [1786959190.616714381] [cartesian_streamer]: Runtime rate: state=streaming, tick_hz=15.0, queue_send_hz=12.2, ack_hz=12.4, busy_hz=0.0, retry_count=0, reject_count=0, inter_ack_ms=81.5, max_joint_delta=0.090, cumul_time=18.93s, hold_count=0, ik_mode=Local, ik_avg_ms=1.92, ik_fails=146
[INFO] [1786959191.084743912] [cartesian_streamer]: IK delta clamped → joints: [1.290, 0.582, -0.056, -0.021, -0.878, -1.738]
[WARN] [1786959191.831162658] [cartesian_streamer]: Queue BUSY, sẽ resend (backoff 66ms): msg="Busy processing the previous trajectory point. Please resend the next point shortly"
[INFO] [1786959192.019145126] [cartesian_streamer]: IK OK → Δmax=0.0900 rad, joints: [1.327, 0.748, 0.093, -0.016, -0.996, -1.685]
[INFO] [1786959192.237040827] [cartesian_streamer]: QueueTrajPoint accepted #2300: t=20.329s, hold=False
[INFO] [1786959193.884870034] [cartesian_streamer]: IK delta clamped → joints: [1.589, 0.728, 0.265, 0.001, -1.050, -1.897]
[INFO] [1786959194.085136193] [cartesian_streamer]: IK OK → Δmax=0.0900 rad, joints: [1.616, 0.709, 0.244, 0.003, -1.048, -1.902]
[INFO] [1786959194.142201023] [cartesian_streamer]: QueueTrajPoint accepted #2320: t=22.129s, hold=False
[INFO] [1786959195.616945478] [cartesian_streamer]: Runtime rate: state=streaming, tick_hz=15.0, queue_send_hz=10.0, ack_hz=9.6, busy_hz=0.2, retry_count=1, reject_count=0, inter_ack_ms=103.9, max_joint_delta=0.090, cumul_time=23.66s, hold_count=0, ik_mode=Local, ik_avg_ms=1.90, ik_fails=146
[INFO] [1786959195.885073911] [cartesian_streamer]: IK delta clamped → joints: [1.700, 0.405, -0.139, 0.010, -0.883, -2.014]
[INFO] [1786959196.085337165] [cartesian_streamer]: IK OK → Δmax=0.0833 rad, joints: [1.683, 0.378, -0.179, 0.009, -0.844, -1.997]
[INFO] [1786959196.225848121] [cartesian_streamer]: QueueTrajPoint accepted #2340: t=24.264s, hold=False
[INFO] [1786959197.950993046] [cartesian_streamer]: IK delta clamped → joints: [1.485, 0.621, -0.252, -0.008, -0.693, -1.787]
[INFO] [1786959198.085513357] [cartesian_streamer]: IK OK → Δmax=0.0900 rad, joints: [1.486, 0.640, -0.209, -0.008, -0.677, -1.788]
[INFO] [1786959198.314838243] [cartesian_streamer]: QueueTrajPoint accepted #2360: t=26.329s, hold=False
[INFO] [1786959199.952548250] [cartesian_streamer]: IK delta clamped → joints: [1.510, 0.927, 0.137, -0.004, -0.921, -1.817]
[INFO] [1786959200.151141151] [cartesian_streamer]: IK OK → Δmax=0.0900 rad, joints: [1.514, 0.958, 0.217, -0.003, -0.953, -1.822]
[INFO] [1786959200.271341198] [cartesian_streamer]: QueueTrajPoint accepted #2380: t=28.128s, hold=False
[INFO] [1786959200.683192866] [cartesian_streamer]: Runtime rate: state=streaming, tick_hz=15.0, queue_send_hz=9.9, ack_hz=9.9, busy_hz=0.0, retry_count=0, reject_count=0, inter_ack_ms=100.6, max_joint_delta=0.090, cumul_time=28.59s, hold_count=0, ik_mode=Local, ik_avg_ms=1.87, ik_fails=146
[INFO] [1786959202.016784732] [cartesian_streamer]: IK delta clamped → joints: [1.546, 0.897, 0.563, -0.001, -1.092, -1.854]
[INFO] [1786959202.020522407] [cartesian_streamer]: QueueTrajPoint accepted #2400: t=29.862s, hold=False
[INFO] [1786959202.151821515] [cartesian_streamer]: IK OK → Δmax=0.0900 rad, joints: [1.544, 0.884, 0.577, -0.002, -1.097, -1.852]
[WARN] [1786959202.954385344] [cartesian_streamer]: Queue BUSY, sẽ resend (backoff 66ms): msg="Busy processing the previous trajectory point. Please resend the next point shortly"
[INFO] [1786959204.017381434] [cartesian_streamer]: IK delta clamped → joints: [1.556, 0.609, 0.650, -0.001, -1.225, -1.864]
[INFO] [1786959204.217615306] [cartesian_streamer]: IK OK → Δmax=0.0900 rad, joints: [1.558, 0.609, 0.650, -0.001, -1.225, -1.866]
[WARN] [1786959204.498604961] [cartesian_streamer]: Queue BUSY, sẽ resend (backoff 66ms): msg="Busy processing the previous trajectory point. Please resend the next point shortly"
[INFO] [1786959204.898516357] [cartesian_streamer]: QueueTrajPoint accepted #2420: t=31.791s, hold=False
[INFO] [1786959205.750297159] [cartesian_streamer]: Runtime rate: state=streaming, tick_hz=15.0, queue_send_hz=9.5, ack_hz=8.9, busy_hz=0.8, retry_count=4, reject_count=0, inter_ack_ms=114.7, max_joint_delta=0.090, cumul_time=32.52s, hold_count=0, ik_mode=Local, ik_avg_ms=1.85, ik_fails=146
[WARN] [1786959205.968452343] [cartesian_streamer]: Queue BUSY, sẽ resend (backoff 66ms): msg="Busy processing the previous trajectory point. Please resend the next point shortly"
[INFO] [1786959206.084545310] [cartesian_streamer]: IK delta clamped → joints: [1.516, 0.303, 0.343, -0.004, -1.072, -1.823]
[INFO] [1786959206.217880412] [cartesian_streamer]: IK OK → Δmax=0.0900 rad, joints: [1.517, 0.276, 0.317, -0.004, -1.061, -1.824]
[INFO] [1786959206.938476221] [cartesian_streamer]: QueueTrajPoint accepted #2440: t=33.523s, hold=False
[INFO] [1786959208.151411653] [cartesian_streamer]: IK delta clamped → joints: [1.545, 0.459, -0.044, -0.003, -0.917, -1.851]
[INFO] [1786959208.284332545] [cartesian_streamer]: IK OK → Δmax=0.0900 rad, joints: [1.545, 0.473, -0.057, -0.003, -0.912, -1.851]
[WARN] [1786959208.357404396] [cartesian_streamer]: Queue BUSY, sẽ resend (backoff 66ms): msg="Busy processing the previous trajectory point. Please resend the next point shortly"
[INFO] [1786959209.314813963] [cartesian_streamer]: QueueTrajPoint accepted #2460: t=35.326s, hold=False
[WARN] [1786959209.636657909] [cartesian_streamer]: Queue BUSY, sẽ resend (backoff 66ms): msg="Busy processing the previous trajectory point. Please resend the next point shortly"
[INFO] [1786959210.217401583] [cartesian_streamer]: IK delta clamped → joints: [1.543, 0.672, -0.170, -0.003, -0.810, -1.849]
[INFO] [1786959210.284974624] [cartesian_streamer]: IK OK → Δmax=0.0900 rad, joints: [1.541, 0.680, -0.162, -0.003, -0.805, -1.847]
[INFO] [1786959210.816581750] [cartesian_streamer]: Runtime rate: state=streaming, tick_hz=15.0, queue_send_hz=9.3, ack_hz=7.9, busy_hz=1.4, retry_count=7, reject_count=0, inter_ack_ms=126.0, max_joint_delta=0.090, cumul_time=36.06s, hold_count=0, ik_mode=Local, ik_avg_ms=1.82, ik_fails=146
[WARN] [1786959210.938689129] [cartesian_streamer]: Queue BUSY, sẽ resend (backoff 66ms): msg="Busy processing the previous trajectory point. Please resend the next point shortly"
[INFO] [1786959212.219078996] [cartesian_streamer]: IK delta clamped → joints: [1.654, 0.867, 0.145, 0.006, -0.992, -1.965]
[INFO] [1786959212.237354616] [cartesian_streamer]: QueueTrajPoint accepted #2480: t=36.862s, hold=False
[INFO] [1786959212.286275398] [cartesian_streamer]: IK OK → Δmax=0.0900 rad, joints: [1.664, 0.868, 0.159, 0.006, -0.997, -1.976]
[WARN] [1786959212.296289307] [cartesian_streamer]: Queue BUSY, sẽ resend (backoff 66ms): msg="Busy processing the previous trajectory point. Please resend the next point shortly"
[INFO] [1786959213.973032532] [cartesian_streamer]: QueueTrajPoint accepted #2500: t=38.396s, hold=False
[INFO] [1786959214.284783853] [cartesian_streamer]: IK delta clamped → joints: [1.865, 0.864, 0.519, 0.018, -1.141, -2.147]
[INFO] [1786959214.353309628] [cartesian_streamer]: IK OK → Δmax=0.0900 rad, joints: [1.857, 0.858, 0.542, 0.018, -1.152, -2.158]
[WARN] [1786959214.429741303] [cartesian_streamer]: Queue BUSY, sẽ resend (backoff 66ms): msg="Busy processing the previous trajectory point. Please resend the next point shortly"
[INFO] [1786959215.817186425] [cartesian_streamer]: Runtime rate: state=streaming, tick_hz=15.0, queue_send_hz=10.8, ack_hz=9.6, busy_hz=1.0, retry_count=5, reject_count=0, inter_ack_ms=102.7, max_joint_delta=0.090, cumul_time=39.93s, hold_count=0, ik_mode=Local, ik_avg_ms=1.80, ik_fails=146
[WARN] [1786959215.971369380] [cartesian_streamer]: Queue BUSY, sẽ resend (backoff 66ms): msg="Busy processing the previous trajectory point. Please resend the next point shortly"
[INFO] [1786959216.102352326] [cartesian_streamer]: QueueTrajPoint accepted #2520: t=40.127s, hold=False
[INFO] [1786959216.418478212] [cartesian_streamer]: IK OK → Δmax=0.0269 rad, joints: [1.735, 0.705, 0.303, 0.011, -1.112, -2.048]
[INFO] [1786959217.843858744] [cartesian_streamer]: QueueTrajPoint accepted #2540: t=41.791s, hold=False
[INFO] [1786959218.485078088] [cartesian_streamer]: IK OK → Δmax=0.0880 rad, joints: [1.503, 0.632, 0.087, -0.005, -0.967, -1.809]
[INFO] [1786959218.551153290] [cartesian_streamer]: IK delta clamped → joints: [1.494, 0.635, 0.088, -0.005, -0.966, -1.802]
[INFO] [1786959219.496146392] [cartesian_streamer]: QueueTrajPoint accepted #2560: t=43.457s, hold=False
[INFO] [1786959220.487142927] [cartesian_streamer]: IK OK → Δmax=0.0900 rad, joints: [1.290, 0.695, 0.153, -0.019, -0.973, -1.641]
[INFO] [1786959220.619706368] [cartesian_streamer]: IK delta clamped → joints: [1.277, 0.699, 0.156, -0.020, -0.972, -1.636]
[INFO] [1786959220.816779917] [cartesian_streamer]: Runtime rate: state=streaming, tick_hz=15.0, queue_send_hz=11.6, ack_hz=11.6, busy_hz=0.2, retry_count=1, reject_count=0, inter_ack_ms=87.4, max_joint_delta=0.090, cumul_time=44.72s, hold_count=0, ik_mode=Local, ik_avg_ms=1.78, ik_fails=146
[INFO] [1786959221.161861197] [cartesian_streamer]: QueueTrajPoint accepted #2580: t=45.124s, hold=False
[INFO] [1786959222.371967653] [cartesian_streamer]: Disable Robot: dừng stream, tắt traj mode...
[INFO] [1786959222.372675635] [cartesian_streamer]: ✗ Robot DISABLED.
[INFO] [1786959287.579735088] [cartesian_streamer]: Enable Robot: bắt đầu chuỗi khởi động...
[INFO] [1786959287.580000848] [cartesian_streamer]: Enable: reset_error...
[INFO] [1786959287.585443904] [cartesian_streamer]: reset_error: code=1, msg="success"
[INFO] [1786959287.585939327] [cartesian_streamer]: Enable: stop_traj_mode (giải phóng mode cũ)...
[INFO] [1786959287.943725818] [cartesian_streamer]: stop_traj_mode: success=True, code=N/A, msg=""
[INFO] [1786959287.944238944] [cartesian_streamer]: Enable: chờ 1.5s để hệ thống ổn định trước khi start queue...
[INFO] [1786959289.444812238] [cartesian_streamer]: Enable: StartPointQueueMode...
[INFO] [1786959289.924904296] [cartesian_streamer]: StartPointQueueMode response: code=1, msg=""
[INFO] [1786959289.925200473] [cartesian_streamer]: ✓ Robot ENABLED — Point Queue Mode active. Servo ON!
[INFO] [1786959289.950503393] [cartesian_streamer]: Runtime rate: state=seeding, tick_hz=0.3, queue_send_hz=0.3, ack_hz=0.3, busy_hz=0.0, retry_count=0, reject_count=0, inter_ack_ms=80.3, max_joint_delta=0.090, cumul_time=0.00s, hold_count=0, ik_mode=Local, ik_avg_ms=1.78, ik_fails=146
[WARN] [1786959289.950911662] [cartesian_streamer]: Target stream stale: không có target mới trong 67.6s
[WARN] [1786959289.951266049] [cartesian_streamer]: QueueTrajPoint đã được accept nhưng joint_states hầu như không đổi. Kiểm tra: 1) Robot ở mode AUTO? 2) Servo ON? 3) E-stop cleared?
[INFO] [1786959289.953622074] [cartesian_streamer]: Bootstrap EE pose via FK: (-0.1620, 0.3090, 0.3882)
[INFO] [1786959289.954849895] [cartesian_streamer]: Đã gửi seed point (current joints, t=0), chờ ACK...
[INFO] [1786959290.017121424] [cartesian_streamer]: Bootstrap EE pose via FK: (-0.1620, 0.3090, 0.3882)
[INFO] [1786959290.085084517] [cartesian_streamer]: Bootstrap EE pose via FK: (-0.1620, 0.3090, 0.3882)
[INFO] [1786959290.085893730] [cartesian_streamer]: Seed ACK nhận được, bắt đầu prebuffer.
[WARN] [1786959290.086099688] [cartesian_streamer]: Bỏ qua seed point vì state hiện tại là prebuffering
[INFO] [1786959290.509434678] [cartesian_streamer]: Pre-buffer hoàn tất (3 points), bắt đầu stream ổn định. Đang chờ target...
[INFO] [1786959290.566161850] [cartesian_streamer]: QueueTrajPoint accepted #2600: t=0.594s, hold=True
[INFO] [1786959292.679463944] [cartesian_streamer]: QueueTrajPoint accepted #2620: t=2.595s, hold=True
[WARN] [1786959294.023829403] [cartesian_streamer]: ⚠ Queue mode bị drop! Auto-recovery lần 1/3...
[INFO] [1786959294.524554374] [cartesian_streamer]: Auto-recovery: bắt đầu re-enable queue mode...
[INFO] [1786959294.525003629] [cartesian_streamer]: Enable: reset_error...
[INFO] [1786959294.544309360] [cartesian_streamer]: reset_error: code=105, msg="Pendant is not in REMOTE mode"
[INFO] [1786959294.544663086] [cartesian_streamer]: Enable: stop_traj_mode (giải phóng mode cũ)...
[INFO] [1786959295.075016519] [cartesian_streamer]: stop_traj_mode: success=True, code=N/A, msg=""
[INFO] [1786959295.075274385] [cartesian_streamer]: Enable: chờ 1.5s để hệ thống ổn định trước khi start queue...
[INFO] [1786959296.576718092] [cartesian_streamer]: Enable: StartPointQueueMode...
[INFO] [1786959298.121189518] [cartesian_streamer]: StartPointQueueMode response: code=1, msg=""
[INFO] [1786959298.121470206] [cartesian_streamer]: ✓ Robot ENABLED — Point Queue Mode active. Servo ON!
[INFO] [1786959298.150804515] [cartesian_streamer]: Runtime rate: state=seeding, tick_hz=7.6, queue_send_hz=4.6, ack_hz=4.5, busy_hz=0.0, retry_count=0, reject_count=1, inter_ack_ms=1935.7, max_joint_delta=0.000, cumul_time=0.00s, hold_count=0, ik_mode=Local, ik_avg_ms=1.78, ik_fails=146
[WARN] [1786959298.151341867] [cartesian_streamer]: Target stream stale: không có target mới trong 75.8s
[WARN] [1786959298.151928851] [cartesian_streamer]: QueueTrajPoint đã được accept nhưng joint_states hầu như không đổi. Kiểm tra: 1) Robot ở mode AUTO? 2) Servo ON? 3) E-stop cleared?
[INFO] [1786959298.153319900] [cartesian_streamer]: Bootstrap EE pose via FK: (-0.1620, 0.3090, 0.3882)
[INFO] [1786959298.154810987] [cartesian_streamer]: Đã gửi seed point (current joints, t=0), chờ ACK...
[INFO] [1786959298.216624043] [cartesian_streamer]: Bootstrap EE pose via FK: (-0.1620, 0.3090, 0.3882)
[INFO] [1786959298.272524541] [cartesian_streamer]: Seed ACK nhận được, bắt đầu prebuffer.
[INFO] [1786959298.485950413] [cartesian_streamer]: Pre-buffer hoàn tất (3 points), bắt đầu stream ổn định. Đang chờ target...
[INFO] [1786959299.003801895] [cartesian_streamer]: QueueTrajPoint accepted #2640: t=0.729s, hold=True
[WARN] [1786959300.827690010] [cartesian_streamer]: ⚠ Queue mode bị drop! Auto-recovery lần 1/3...
[INFO] [1786959301.329214890] [cartesian_streamer]: Auto-recovery: bắt đầu re-enable queue mode...
[INFO] [1786959301.329569397] [cartesian_streamer]: Enable: reset_error...
[INFO] [1786959301.332098007] [cartesian_streamer]: reset_error: code=105, msg="Pendant is not in REMOTE mode"
[INFO] [1786959301.332334763] [cartesian_streamer]: Enable: stop_traj_mode (giải phóng mode cũ)...
[INFO] [1786959301.681340291] [cartesian_streamer]: stop_traj_mode: success=True, code=N/A, msg=""
[INFO] [1786959301.681775871] [cartesian_streamer]: Enable: chờ 1.5s để hệ thống ổn định trước khi start queue...
[INFO] [1786959303.182449122] [cartesian_streamer]: Enable: StartPointQueueMode...
[INFO] [1786959303.291218500] [cartesian_streamer]: Disable Robot: dừng stream, tắt traj mode...
[INFO] [1786959303.291642999] [cartesian_streamer]: ✗ Robot DISABLED.
[INFO] [1786959304.705432332] [cartesian_streamer]: StartPointQueueMode response: code=1, msg=""
[INFO] [1786959304.705807618] [cartesian_streamer]: ✓ Robot ENABLED — Point Queue Mode active. Servo ON!
[INFO] [1786959304.750391112] [cartesian_streamer]: Runtime rate: state=seeding, tick_hz=6.2, queue_send_hz=3.3, ack_hz=3.2, busy_hz=0.0, retry_count=0, reject_count=1, inter_ack_ms=322.5, max_joint_delta=0.000, cumul_time=0.00s, hold_count=0, ik_mode=Local, ik_avg_ms=1.78, ik_fails=146
[WARN] [1786959304.750742193] [cartesian_streamer]: Target stream stale: không có target mới trong 82.4s
[WARN] [1786959304.751192511] [cartesian_streamer]: QueueTrajPoint đã được accept nhưng joint_states hầu như không đổi. Kiểm tra: 1) Robot ở mode AUTO? 2) Servo ON? 3) E-stop cleared?
[INFO] [1786959304.751906525] [cartesian_streamer]: Bootstrap EE pose via FK: (-0.1620, 0.3090, 0.3882)
[INFO] [1786959304.752550006] [cartesian_streamer]: Đã gửi seed point (current joints, t=0), chờ ACK...
[INFO] [1786959304.817768063] [cartesian_streamer]: Bootstrap EE pose via FK: (-0.1620, 0.3090, 0.3882)
[INFO] [1786959304.884119734] [cartesian_streamer]: Bootstrap EE pose via FK: (-0.1620, 0.3090, 0.3882)
[INFO] [1786959304.950837383] [cartesian_streamer]: Bootstrap EE pose via FK: (-0.1620, 0.3090, 0.3882)
[WARN] [1786959304.997797041] [cartesian_streamer]: ⚠ Queue mode bị drop! Auto-recovery lần 2/3...
[INFO] [1786959305.498968058] [cartesian_streamer]: Auto-recovery: bắt đầu re-enable queue mode...
[INFO] [1786959305.499380615] [cartesian_streamer]: Enable: reset_error...
[INFO] [1786959305.627520015] [cartesian_streamer]: reset_error: code=1, msg="success"
[INFO] [1786959305.627852441] [cartesian_streamer]: Enable: stop_traj_mode (giải phóng mode cũ)...
[INFO] [1786959305.672558025] [cartesian_streamer]: stop_traj_mode: success=True, code=N/A, msg=""
[INFO] [1786959305.673038349] [cartesian_streamer]: Enable: chờ 1.5s để hệ thống ổn định trước khi start queue...
[INFO] [1786959307.173879894] [cartesian_streamer]: Enable: StartPointQueueMode...
[INFO] [1786959307.190071684] [cartesian_streamer]: StartPointQueueMode response: code=104, msg="The teach pendant must not be in TEACH mode"
[ERROR] [1786959307.190327706] [cartesian_streamer]: StartPointQueueMode FAILED: The teach pendant must not be in TEACH mode
[INFO] [1786959309.969581662] [cartesian_streamer]: Disable Robot: dừng stream, tắt traj mode...
[INFO] [1786959309.970044423] [cartesian_streamer]: ✗ Robot DISABLED.
[INFO] [1786959312.801113357] [cartesian_streamer]: Enable Robot: bắt đầu chuỗi khởi động...
[INFO] [1786959312.801668361] [cartesian_streamer]: Enable: reset_error...
[INFO] [1786959312.816570944] [cartesian_streamer]: reset_error: code=1, msg="success"
[INFO] [1786959312.816839239] [cartesian_streamer]: Enable: stop_traj_mode (giải phóng mode cũ)...
[INFO] [1786959312.864260356] [cartesian_streamer]: stop_traj_mode: success=True, code=N/A, msg=""
[INFO] [1786959312.864520766] [cartesian_streamer]: Enable: chờ 1.5s để hệ thống ổn định trước khi start queue...
[INFO] [1786959314.365537235] [cartesian_streamer]: Enable: StartPointQueueMode...
[INFO] [1786959315.798476457] [cartesian_streamer]: StartPointQueueMode response: code=1, msg=""
[INFO] [1786959315.798877411] [cartesian_streamer]: ✓ Robot ENABLED — Point Queue Mode active. Servo ON!
[INFO] [1786959315.818213901] [cartesian_streamer]: Runtime rate: state=seeding, tick_hz=0.4, queue_send_hz=0.1, ack_hz=0.0, busy_hz=0.0, retry_count=0, reject_count=1, inter_ack_ms=0.0, max_joint_delta=0.000, cumul_time=0.00s, hold_count=0, ik_mode=Local, ik_avg_ms=1.78, ik_fails=146
[WARN] [1786959315.818839699] [cartesian_streamer]: Target stream stale: không có target mới trong 93.5s
[WARN] [1786959315.819531571] [cartesian_streamer]: QueueTrajPoint đã được accept nhưng joint_states hầu như không đổi. Kiểm tra: 1) Robot ở mode AUTO? 2) Servo ON? 3) E-stop cleared?
[INFO] [1786959315.820715580] [cartesian_streamer]: Bootstrap EE pose via FK: (-0.1620, 0.3090, 0.3882)
[INFO] [1786959315.821856508] [cartesian_streamer]: Đã gửi seed point (current joints, t=0), chờ ACK...
[INFO] [1786959315.861594852] [cartesian_streamer]: Seed ACK nhận được, bắt đầu prebuffer.
[INFO] [1786959316.205261076] [cartesian_streamer]: Pre-buffer hoàn tất (3 points), bắt đầu stream ổn định. Đang chờ target...
[INFO] [1786959316.444549568] [cartesian_streamer]: QueueTrajPoint accepted #2660: t=0.595s, hold=True
[WARN] [1786959319.150528964] [cartesian_streamer]: Service call timeout (500ms). Resetting inflight flag.
[INFO] [1786959319.288947497] [cartesian_streamer]: IK OK → Δmax=0.0217 rad, joints: [1.583, 0.124, -1.004, 0.010, -0.380, -1.901]
[WARN] [1786959319.684311590] [cartesian_streamer]: Service call timeout (500ms). Resetting inflight flag.
[WARN] [1786959320.217304148] [cartesian_streamer]: Service call timeout (500ms). Resetting inflight flag.
[WARN] [1786959320.752481380] [cartesian_streamer]: Service call timeout (500ms). Resetting inflight flag.
[WARN] [1786959320.780674201] [cartesian_streamer]: Queue BUSY, sẽ resend (backoff 66ms): msg="Busy processing the previous trajectory point. Please resend the next point shortly"
[INFO] [1786959320.839814859] [cartesian_streamer]: QueueTrajPoint accepted #2680: t=3.062s, hold=False
[INFO] [1786959320.883946633] [cartesian_streamer]: Runtime rate: state=streaming, tick_hz=15.0, queue_send_hz=5.7, ack_hz=5.3, busy_hz=0.4, retry_count=2, reject_count=0, inter_ack_ms=743.2, max_joint_delta=0.029, cumul_time=3.13s, hold_count=0, ik_mode=Local, ik_avg_ms=1.77, ik_fails=146
[WARN] [1786959320.884556572] [cartesian_streamer]: QueueTrajPoint đã được accept nhưng joint_states hầu như không đổi. Kiểm tra: 1) Robot ở mode AUTO? 2) Servo ON? 3) E-stop cleared?
[INFO] [1786959321.284063374] [cartesian_streamer]: IK delta clamped → joints: [1.661, 0.006, -1.004, 0.011, -0.502, -1.978]
[INFO] [1786959321.351136654] [cartesian_streamer]: IK OK → Δmax=0.0900 rad, joints: [1.674, -0.014, -1.003, 0.012, -0.508, -1.993]
[INFO] [1786959322.355218907] [cartesian_streamer]: QueueTrajPoint accepted #2700: t=4.529s, hold=False
[INFO] [1786959323.350513779] [cartesian_streamer]: IK delta clamped → joints: [1.355, -0.114, -0.798, -0.017, -0.668, -1.790]
[INFO] [1786959323.417608911] [cartesian_streamer]: IK OK → Δmax=0.0900 rad, joints: [1.348, -0.104, -0.783, -0.017, -0.673, -1.784]
[INFO] [1786959323.700747940] [cartesian_streamer]: QueueTrajPoint accepted #2720: t=5.863s, hold=False
[INFO] [1786959325.032586715] [cartesian_streamer]: QueueTrajPoint accepted #2740: t=7.196s, hold=False
[INFO] [1786959325.351690115] [cartesian_streamer]: IK delta clamped → joints: [1.295, 0.219, -0.344, -0.019, -0.828, -1.630]
[INFO] [1786959325.419636861] [cartesian_streamer]: IK OK → Δmax=0.0900 rad, joints: [1.293, 0.231, -0.330, -0.019, -0.833, -1.624]
[INFO] [1786959325.884443337] [cartesian_streamer]: Runtime rate: state=streaming, tick_hz=15.0, queue_send_hz=14.6, ack_hz=14.4, busy_hz=0.2, retry_count=1, reject_count=0, inter_ack_ms=69.3, max_joint_delta=0.090, cumul_time=8.00s, hold_count=0, ik_mode=Local, ik_avg_ms=1.75, ik_fails=146
[WARN] [1786959325.884805459] [cartesian_streamer]: QueueTrajPoint đã được accept nhưng joint_states hầu như không đổi. Kiểm tra: 1) Robot ở mode AUTO? 2) Servo ON? 3) E-stop cleared?
[INFO] [1786959326.360695871] [cartesian_streamer]: QueueTrajPoint accepted #2760: t=8.534s, hold=False
[INFO] [1786959327.418438682] [cartesian_streamer]: IK delta clamped → joints: [1.365, 0.643, 0.070, -0.013, -0.993, -1.669]
[INFO] [1786959327.485068990] [cartesian_streamer]: IK OK → Δmax=0.0900 rad, joints: [1.367, 0.658, 0.083, -0.013, -0.998, -1.671]
[INFO] [1786959327.700182637] [cartesian_streamer]: QueueTrajPoint accepted #2780: t=9.863s, hold=False
[INFO] [1786959329.033570123] [cartesian_streamer]: QueueTrajPoint accepted #2800: t=11.196s, hold=False
[INFO] [1786959329.552531666] [cartesian_streamer]: IK OK → Δmax=0.0078 rad, joints: [1.406, 0.865, 0.406, -0.011, -1.055, -1.709]
[INFO] [1786959330.421560059] [cartesian_streamer]: QueueTrajPoint accepted #2820: t=12.595s, hold=False
[INFO] [1786959330.950063584] [cartesian_streamer]: Runtime rate: state=streaming, tick_hz=15.0, queue_send_hz=14.8, ack_hz=14.8, busy_hz=0.0, retry_count=0, reject_count=0, inter_ack_ms=67.5, max_joint_delta=0.090, cumul_time=13.06s, hold_count=0, ik_mode=Local, ik_avg_ms=1.73, ik_fails=146
[WARN] [1786959330.950582350] [cartesian_streamer]: QueueTrajPoint đã được accept nhưng joint_states hầu như không đổi. Kiểm tra: 1) Robot ở mode AUTO? 2) Servo ON? 3) E-stop cleared?
[INFO] [1786959331.284734452] [cartesian_streamer]: IK delta clamped → joints: [1.622, 0.960, 0.686, 0.003, -1.239, -1.928]
[INFO] [1786959331.620908509] [cartesian_streamer]: IK OK → Δmax=0.0900 rad, joints: [1.665, 0.947, 0.698, 0.006, -1.264, -1.955]
[INFO] [1786959331.753335154] [cartesian_streamer]: QueueTrajPoint accepted #2840: t=13.928s, hold=False
[WARN] [1786959332.421785162] [cartesian_streamer]: Queue BUSY, sẽ resend (backoff 66ms): msg="Busy processing the previous trajectory point. Please resend the next point shortly"
[INFO] [1786959333.285098309] [cartesian_streamer]: IK delta clamped → joints: [1.754, 0.680, 0.389, 0.012, -1.156, -2.066]
[INFO] [1786959333.288744963] [cartesian_streamer]: QueueTrajPoint accepted #2860: t=15.263s, hold=False
[INFO] [1786959333.685100751] [cartesian_streamer]: IK OK → Δmax=0.0837 rad, joints: [1.740, 0.595, 0.309, 0.011, -1.089, -2.053]
[INFO] [1786959334.622212380] [cartesian_streamer]: QueueTrajPoint accepted #2880: t=16.596s, hold=False
[INFO] [1786959335.750918097] [cartesian_streamer]: IK OK → Δmax=0.0255 rad, joints: [1.589, 0.634, 0.368, 0.001, -1.247, -1.898]
[INFO] [1786959335.950580310] [cartesian_streamer]: Runtime rate: state=streaming, tick_hz=15.0, queue_send_hz=14.4, ack_hz=14.2, busy_hz=0.2, retry_count=1, reject_count=0, inter_ack_ms=70.4, max_joint_delta=0.090, cumul_time=17.86s, hold_count=0, ik_mode=Local, ik_avg_ms=1.72, ik_fails=146
[WARN] [1786959335.951009247] [cartesian_streamer]: QueueTrajPoint đã được accept nhưng joint_states hầu như không đổi. Kiểm tra: 1) Robot ở mode AUTO? 2) Servo ON? 3) E-stop cleared?
[INFO] [1786959336.024486855] [cartesian_streamer]: QueueTrajPoint accepted #2900: t=17.996s, hold=False
[INFO] [1786959337.368845087] [cartesian_streamer]: QueueTrajPoint accepted #2920: t=19.328s, hold=False
[INFO] [1786959337.751258631] [cartesian_streamer]: IK OK → Δmax=0.0386 rad, joints: [1.418, 0.756, 0.603, -0.009, -1.361, -1.725]
[INFO] [1786959338.757165359] [cartesian_streamer]: QueueTrajPoint accepted #2940: t=20.729s, hold=False
[INFO] [1786959339.751743983] [cartesian_streamer]: IK OK → Δmax=0.0651 rad, joints: [1.236, 0.755, 0.465, -0.020, -1.226, -1.538]
[INFO] [1786959340.094315587] [cartesian_streamer]: QueueTrajPoint accepted #2960: t=22.061s, hold=False
[INFO] [1786959341.016326558] [cartesian_streamer]: Runtime rate: state=streaming, tick_hz=15.0, queue_send_hz=14.8, ack_hz=14.8, busy_hz=0.0, retry_count=0, reject_count=0, inter_ack_ms=67.6, max_joint_delta=0.080, cumul_time=22.93s, hold_count=0, ik_mode=Local, ik_avg_ms=1.70, ik_fails=146
[WARN] [1786959341.016674162] [cartesian_streamer]: QueueTrajPoint đã được accept nhưng joint_states hầu như không đổi. Kiểm tra: 1) Robot ở mode AUTO? 2) Servo ON? 3) E-stop cleared?
[INFO] [1786959341.431051969] [cartesian_streamer]: QueueTrajPoint accepted #2980: t=23.395s, hold=False
[INFO] [1786959341.818008416] [cartesian_streamer]: IK OK → Δmax=0.0544 rad, joints: [1.259, 0.686, 0.416, -0.019, -1.245, -1.561]
[INFO] [1786959342.764524399] [cartesian_streamer]: QueueTrajPoint accepted #3000: t=24.728s, hold=False
[INFO] [1786959342.884589145] [cartesian_streamer]: IK delta clamped → joints: [1.420, 0.659, 0.406, -0.009, -1.261, -1.721]
[INFO] [1786959343.818073658] [cartesian_streamer]: IK OK → Δmax=0.0900 rad, joints: [1.567, 0.707, 0.452, -0.000, -1.258, -1.796]
[INFO] [1786959344.095173496] [cartesian_streamer]: QueueTrajPoint accepted #3020: t=26.062s, hold=False
[INFO] [1786959344.951112534] [cartesian_streamer]: IK delta clamped → joints: [1.609, 0.757, 0.239, 0.003, -1.082, -1.886]
[INFO] [1786959345.425995420] [cartesian_streamer]: QueueTrajPoint accepted #3040: t=27.395s, hold=False
[INFO] [1786959345.885742936] [cartesian_streamer]: IK OK → Δmax=0.0900 rad, joints: [1.549, 0.775, 0.084, -0.002, -1.008, -1.857]
[INFO] [1786959346.016489831] [cartesian_streamer]: Runtime rate: state=streaming, tick_hz=15.0, queue_send_hz=15.0, ack_hz=14.8, busy_hz=0.0, retry_count=0, reject_count=0, inter_ack_ms=66.8, max_joint_delta=0.090, cumul_time=27.93s, hold_count=0, ik_mode=Local, ik_avg_ms=1.68, ik_fails=146
[WARN] [1786959346.016883212] [cartesian_streamer]: QueueTrajPoint đã được accept nhưng joint_states hầu như không đổi. Kiểm tra: 1) Robot ở mode AUTO? 2) Servo ON? 3) E-stop cleared?
[INFO] [1786959346.826144323] [cartesian_streamer]: QueueTrajPoint accepted #3060: t=28.795s, hold=False
[INFO] [1786959346.951339327] [cartesian_streamer]: IK delta clamped → joints: [1.528, 0.568, -0.165, -0.004, -0.922, -1.834]
[INFO] [1786959347.952521873] [cartesian_streamer]: IK OK → Δmax=0.0445 rad, joints: [1.534, 0.420, -0.095, -0.003, -0.998, -1.841]
[INFO] [1786959348.165499145] [cartesian_streamer]: QueueTrajPoint accepted #3080: t=30.128s, hold=False
[INFO] [1786959349.017583511] [cartesian_streamer]: IK delta clamped → joints: [1.539, 0.414, 0.174, -0.002, -1.129, -1.847]
[INFO] [1786959349.604113521] [cartesian_streamer]: QueueTrajPoint accepted #3100: t=31.463s, hold=False
[INFO] [1786959350.018892928] [cartesian_streamer]: IK OK → Δmax=0.0900 rad, joints: [1.525, 0.553, 0.374, -0.003, -1.209, -1.833]
[INFO] [1786959350.888664562] [cartesian_streamer]: QueueTrajPoint accepted #3120: t=32.863s, hold=False
[INFO] [1786959351.016957949] [cartesian_streamer]: Runtime rate: state=streaming, tick_hz=15.0, queue_send_hz=14.6, ack_hz=14.8, busy_hz=0.0, retry_count=0, reject_count=0, inter_ack_ms=68.4, max_joint_delta=0.090, cumul_time=32.93s, hold_count=0, ik_mode=Local, ik_avg_ms=1.67, ik_fails=146
[WARN] [1786959351.017376517] [cartesian_streamer]: QueueTrajPoint đã được accept nhưng joint_states hầu như không đổi. Kiểm tra: 1) Robot ở mode AUTO? 2) Servo ON? 3) E-stop cleared?
[INFO] [1786959351.018591114] [cartesian_streamer]: IK delta clamped → joints: [1.507, 0.717, 0.574, -0.004, -1.289, -1.816]
[INFO] [1786959352.084982358] [cartesian_streamer]: IK OK → Δmax=0.0900 rad, joints: [1.503, 0.841, 0.787, -0.004, -1.374, -1.812]
[INFO] [1786959352.225541606] [cartesian_streamer]: QueueTrajPoint accepted #3140: t=34.196s, hold=False
[INFO] [1786959353.018745105] [cartesian_streamer]: IK delta clamped → joints: [1.495, 0.812, 0.576, -0.005, -1.219, -1.802]
[INFO] [1786959353.558236149] [cartesian_streamer]: QueueTrajPoint accepted #3160: t=35.529s, hold=False
[INFO] [1786959354.151402656] [cartesian_streamer]: IK OK → Δmax=0.0900 rad, joints: [1.507, 0.810, 0.350, -0.005, -1.127, -1.813]
[INFO] [1786959354.956833855] [cartesian_streamer]: QueueTrajPoint accepted #3180: t=36.929s, hold=False
[INFO] [1786959355.085147412] [cartesian_streamer]: IK delta clamped → joints: [1.508, 0.739, 0.163, -0.006, -1.053, -1.812]
[INFO] [1786959356.017243845] [cartesian_streamer]: Runtime rate: state=streaming, tick_hz=15.0, queue_send_hz=14.8, ack_hz=14.8, busy_hz=0.0, retry_count=0, reject_count=0, inter_ack_ms=67.6, max_joint_delta=0.090, cumul_time=37.93s, hold_count=0, ik_mode=Local, ik_avg_ms=1.66, ik_fails=146
[WARN] [1786959356.017868571] [cartesian_streamer]: QueueTrajPoint đã được accept nhưng joint_states hầu như không đổi. Kiểm tra: 1) Robot ở mode AUTO? 2) Servo ON? 3) E-stop cleared?
[INFO] [1786959356.152508617] [cartesian_streamer]: IK OK → Δmax=0.0900 rad, joints: [1.599, 0.734, 0.124, 0.002, -0.967, -1.908]
[INFO] [1786959356.297579759] [cartesian_streamer]: QueueTrajPoint accepted #3200: t=38.263s, hold=False
[INFO] [1786959357.151131125] [cartesian_streamer]: IK delta clamped → joints: [1.737, 0.647, 0.082, 0.012, -0.949, -2.049]
[INFO] [1786959357.626156046] [cartesian_streamer]: QueueTrajPoint accepted #3220: t=39.595s, hold=False
[INFO] [1786959358.217886924] [cartesian_streamer]: IK OK → Δmax=0.0562 rad, joints: [1.784, 0.540, 0.004, 0.015, -0.979, -2.100]
[INFO] [1786959358.957685805] [cartesian_streamer]: QueueTrajPoint accepted #3240: t=40.928s, hold=False
[INFO] [1786959359.820331053] [cartesian_streamer]: IK delta clamped → joints: [1.574, 0.608, 0.214, 0.000, -1.118, -1.883]
[INFO] [1786959360.220256403] [cartesian_streamer]: IK OK → Δmax=0.0900 rad, joints: [1.535, 0.627, 0.266, -0.002, -1.151, -1.850]
[INFO] [1786959360.355965762] [cartesian_streamer]: QueueTrajPoint accepted #3260: t=42.329s, hold=False
[INFO] [1786959361.084069410] [cartesian_streamer]: Runtime rate: state=streaming, tick_hz=15.0, queue_send_hz=14.6, ack_hz=14.6, busy_hz=0.0, retry_count=0, reject_count=0, inter_ack_ms=68.4, max_joint_delta=0.090, cumul_time=43.00s, hold_count=0, ik_mode=Local, ik_avg_ms=1.64, ik_fails=146
[WARN] [1786959361.084468942] [cartesian_streamer]: QueueTrajPoint đã được accept nhưng joint_states hầu như không đổi. Kiểm tra: 1) Robot ở mode AUTO? 2) Servo ON? 3) E-stop cleared?
[INFO] [1786959361.758831985] [cartesian_streamer]: QueueTrajPoint accepted #3280: t=43.729s, hold=False
[INFO] [1786959362.283809133] [cartesian_streamer]: IK OK → Δmax=0.0823 rad, joints: [1.389, 0.648, 0.318, -0.011, -1.184, -1.693]
[INFO] [1786959363.089146072] [cartesian_streamer]: QueueTrajPoint accepted #3300: t=45.062s, hold=False
[INFO] [1786959364.219068749] [cartesian_streamer]: IK delta clamped → joints: [1.251, 0.510, -0.049, -0.022, -0.958, -1.548]
[INFO] [1786959364.284648271] [cartesian_streamer]: IK OK → Δmax=0.0900 rad, joints: [1.246, 0.506, -0.063, -0.023, -0.953, -1.542]
[INFO] [1786959364.432480512] [cartesian_streamer]: QueueTrajPoint accepted #3320: t=46.395s, hold=False
[INFO] [1786959365.755054293] [cartesian_streamer]: QueueTrajPoint accepted #3340: t=47.729s, hold=False
[INFO] [1786959366.149628061] [cartesian_streamer]: Runtime rate: state=streaming, tick_hz=15.0, queue_send_hz=15.0, ack_hz=15.0, busy_hz=0.0, retry_count=0, reject_count=0, inter_ack_ms=66.7, max_joint_delta=0.090, cumul_time=48.06s, hold_count=0, ik_mode=Local, ik_avg_ms=1.63, ik_fails=146
[WARN] [1786959366.149984001] [cartesian_streamer]: QueueTrajPoint đã được accept nhưng joint_states hầu như không đổi. Kiểm tra: 1) Robot ở mode AUTO? 2) Servo ON? 3) E-stop cleared?
[INFO] [1786959366.350890594] [cartesian_streamer]: IK OK → Δmax=0.0466 rad, joints: [1.288, 0.470, -0.210, -0.022, -0.835, -1.583]
[INFO] [1786959366.684330950] [cartesian_streamer]: IK delta clamped → joints: [1.357, 0.469, -0.206, -0.017, -0.839, -1.653]
[INFO] [1786959367.100819352] [cartesian_streamer]: QueueTrajPoint accepted #3360: t=49.063s, hold=False
[INFO] [1786959368.354939484] [cartesian_streamer]: IK OK → Δmax=0.0900 rad, joints: [1.670, 0.593, 0.050, 0.007, -0.971, -1.786]
[INFO] [1786959368.433659203] [cartesian_streamer]: QueueTrajPoint accepted #3380: t=50.401s, hold=False
[INFO] [1786959368.685529024] [cartesian_streamer]: IK delta clamped → joints: [1.702, 0.652, 0.149, 0.009, -1.023, -1.813]
[INFO] [1786959369.764942585] [cartesian_streamer]: QueueTrajPoint accepted #3400: t=51.730s, hold=False
[INFO] [1786959370.418146734] [cartesian_streamer]: IK OK → Δmax=0.0900 rad, joints: [1.670, 0.876, 0.468, 0.006, -1.105, -1.951]
[INFO] [1786959371.085317034] [cartesian_streamer]: IK delta clamped → joints: [1.618, 0.869, 0.322, 0.003, -0.971, -1.928]
[INFO] [1786959371.099282253] [cartesian_streamer]: QueueTrajPoint accepted #3420: t=53.063s, hold=False
[INFO] [1786959371.150020487] [cartesian_streamer]: Runtime rate: state=streaming, tick_hz=15.0, queue_send_hz=15.0, ack_hz=15.0, busy_hz=0.0, retry_count=0, reject_count=0, inter_ack_ms=66.7, max_joint_delta=0.090, cumul_time=53.06s, hold_count=0, ik_mode=Local, ik_avg_ms=1.62, ik_fails=146
[WARN] [1786959371.150659190] [cartesian_streamer]: QueueTrajPoint đã được accept nhưng joint_states hầu như không đổi. Kiểm tra: 1) Robot ở mode AUTO? 2) Servo ON? 3) E-stop cleared?
[INFO] [1786959372.420060685] [cartesian_streamer]: IK OK → Δmax=0.0900 rad, joints: [1.504, 0.633, 0.055, -0.005, -0.864, -1.809]
[INFO] [1786959372.424736176] [cartesian_streamer]: QueueTrajPoint accepted #3440: t=54.397s, hold=False
[INFO] [1786959373.151089289] [cartesian_streamer]: IK delta clamped → joints: [1.501, 0.476, -0.092, -0.005, -0.867, -1.807]
[INFO] [1786959373.769565755] [cartesian_streamer]: QueueTrajPoint accepted #3460: t=55.734s, hold=False
[INFO] [1786959374.484954238] [cartesian_streamer]: IK OK → Δmax=0.0900 rad, joints: [1.519, 0.345, -0.081, -0.003, -1.068, -1.825]
[INFO] [1786959375.093127060] [cartesian_streamer]: QueueTrajPoint accepted #3480: t=57.062s, hold=False
[INFO] [1786959375.151617968] [cartesian_streamer]: IK delta clamped → joints: [1.511, 0.444, 0.107, -0.004, -1.121, -1.818]
[INFO] [1786959376.150138697] [cartesian_streamer]: Runtime rate: state=streaming, tick_hz=15.0, queue_send_hz=14.8, ack_hz=14.8, busy_hz=0.0, retry_count=0, reject_count=0, inter_ack_ms=67.4, max_joint_delta=0.090, cumul_time=58.06s, hold_count=0, ik_mode=Local, ik_avg_ms=1.61, ik_fails=146
[WARN] [1786959376.216983853] [cartesian_streamer]: QueueTrajPoint đã được accept nhưng joint_states hầu như không đổi. Kiểm tra: 1) Robot ở mode AUTO? 2) Servo ON? 3) E-stop cleared?
[INFO] [1786959376.485536071] [cartesian_streamer]: IK OK → Δmax=0.0900 rad, joints: [1.486, 0.741, 0.374, -0.005, -1.228, -1.794]
[INFO] [1786959376.489733483] [cartesian_streamer]: QueueTrajPoint accepted #3500: t=58.463s, hold=False
[INFO] [1786959377.217535847] [cartesian_streamer]: IK delta clamped → joints: [1.517, 0.830, 0.521, -0.003, -1.286, -1.824]
[INFO] [1786959377.823913370] [cartesian_streamer]: QueueTrajPoint accepted #3520: t=59.796s, hold=False
[WARN] [1786959378.096435683] [cartesian_streamer]: Queue BUSY, sẽ resend (backoff 66ms): msg="Busy processing the previous trajectory point. Please resend the next point shortly"
[INFO] [1786959378.502040522] [cartesian_streamer]: Disable Robot: dừng stream, tắt traj mode...
[INFO] [1786959378.502802727] [cartesian_streamer]: ✗ Robot DISABLED.
