[INFO] [1786095736.793206465] [coord_transform]: CoordTransformNode khởi động.
  Object offset (cam frame): [0.05 0.   0.1 ]
  Translation cam→base:      [0.5 0.  1.2]
  EE orientation (xyzw):     [0.0, 1.0, 0.0, 0.0]
  Prediction step:           5
  Axis remap:                [0, 1, 2]
  Axis sign:                 [-1.0, 1.0, 1.0]
  Workspace X: (-1.0, 1.0), Y: (-0.5, 1.3), Z: (0.05, 1.5)
  Filter outlier_threshold:  0.15m
  Filter median_size_y:      3
  Filter deadband_tol:       15.0mm
  Filter stationary_thresh:  3 frames
  Filter max_rate:           5.0cm/frame
  Filter EMA moving(x,y,z):  (1.0,0.8,1.0)
  Filter EMA hold  (x,y,z):  (0.08,0.02,0.05)
[WARN] [1786095745.809588975] [coord_transform]: Outlier rejected #1 (jumped 176.2mm). Ignoring.
[WARN] [1786095745.870789713] [coord_transform]: Outlier rejected #1 (jumped 153.9mm). Ignoring.
[WARN] [1786095745.920202272] [coord_transform]: Outlier rejected #1 (jumped 160.8mm). Ignoring.
[WARN] [1786095745.953315136] [coord_transform]: Outlier rejected #2 (jumped 204.4mm). Ignoring.
[WARN] [1786095745.985531499] [coord_transform]: Outlier rejected #3 (jumped 226.1mm). Ignoring.
[WARN] [1786095746.218847589] [coord_transform]: Outlier rejected #1 (jumped 194.9mm). Ignoring.
[WARN] [1786095746.652809635] [coord_transform]: Outlier rejected #1 (jumped 150.5mm). Ignoring.
[WARN] [1786095766.234800325] [coord_transform]: Outlier rejected #1 (jumped 183.9mm). Ignoring.
[WARN] [1786095766.568471860] [coord_transform]: Outlier rejected #1 (jumped 150.7mm). Ignoring.
[WARN] [1786095766.599187396] [coord_transform]: Outlier rejected #2 (jumped 192.4mm). Ignoring.
[WARN] [1786095766.799935853] [coord_transform]: Outlier rejected #1 (jumped 2868.4mm). Ignoring.
[WARN] [1786095766.832567843] [coord_transform]: Outlier rejected #2 (jumped 2760.0mm). Ignoring.
[WARN] [1786095766.866521550] [coord_transform]: Outlier rejected #3 (jumped 2928.8mm). Ignoring.
[WARN] [1786095766.899443863] [coord_transform]: Outlier rejected #4 (jumped 2929.2mm). Ignoring.
[INFO] [1786095766.933571967] [coord_transform]: Too many outliers (5). Resetting filter to new position.
[WARN] [1786095774.940430962] [coord_transform]: Outlier rejected #1 (jumped 312.6mm). Ignoring.
[WARN] [1786095774.972876835] [coord_transform]: Outlier rejected #2 (jumped 321.2mm). Ignoring.
[WARN] [1786095775.006900606] [coord_transform]: Outlier rejected #3 (jumped 330.1mm). Ignoring.
[WARN] [1786095775.040215999] [coord_transform]: Outlier rejected #4 (jumped 311.9mm). Ignoring.
[INFO] [1786095775.074417173] [coord_transform]: Too many outliers (5). Resetting filter to new position.
[INFO] [1786095779.771574357] [coord_transform]: Captured Init Pose! P_init=(-0.162, 0.280, 0.379), Cam_init=(0.005, 0.002, 0.004), Noise_Tol=52.8mm
Orientation=(0.998, 0.064, -0.000, 0.000)
[INFO] [1786095785.116568329] [coord_transform]: Đã chuyển mode: ground_truth -> prediction
[INFO] [1786095785.283501058] [coord_transform]: Deadband: HOLD at (0.005, 0.002, 0.004)
[INFO] [1786095786.818716158] [coord_transform]: Deadband: RELEASE — motion detected
[INFO] [1786095787.450404965] [coord_transform]: Deadband: HOLD at (0.005, 0.002, 0.004)
[INFO] [1786095789.450778605] [coord_transform]: Trạng thái tracking: STOPPED
[INFO] [1786095797.346535752] [coord_transform]: Re-sync camera init: [-0.006  0.019  0.019]
[INFO] [1786095797.346798685] [coord_transform]: Trạng thái tracking: RUNNING
[INFO] [1786095798.993056212] [coord_transform]: Deadband: RELEASE — motion detected
[INFO] [1786095802.379798083] [coord_transform]: [PREDICTION/EE] base[-0.032  0.204  0.144]
[WARN] [1786095803.661204338] [coord_transform]: Outlier rejected #1 (jumped 155.9mm). Ignoring.
[INFO] [1786095804.412995776] [coord_transform]: [PREDICTION/EE] base[-0.036  0.28   0.122]
[WARN] [1786095804.729406792] [coord_transform]: Outlier rejected #1 (jumped 160.0mm). Ignoring.
[WARN] [1786095805.501357831] [coord_transform]: Outlier rejected #1 (jumped 152.1mm). Ignoring.
[WARN] [1786095805.527321307] [coord_transform]: Outlier rejected #2 (jumped 199.1mm). Ignoring.
[WARN] [1786095805.860940555] [coord_transform]: Outlier rejected #1 (jumped 163.1mm). Ignoring.
[WARN] [1786095805.894441686] [coord_transform]: Outlier rejected #2 (jumped 153.0mm). Ignoring.
[WARN] [1786095805.928073381] [coord_transform]: Outlier rejected #3 (jumped 173.6mm). Ignoring.
[WARN] [1786095805.960781736] [coord_transform]: Outlier rejected #4 (jumped 194.2mm). Ignoring.
[INFO] [1786095806.414175096] [coord_transform]: [PREDICTION/EE] base[-0.048  0.528  0.052]
[WARN] [1786095806.431184451] [coord_transform]: Outlier rejected #1 (jumped 167.4mm). Ignoring.
[WARN] [1786095806.479830422] [coord_transform]: [EE] Tọa độ bị clamp: [-0.049  0.537  0.05 ] → [-0.049  0.537  0.05 ]
[WARN] [1786095806.630746579] [coord_transform]: Outlier rejected #1 (jumped 283.1mm). Ignoring.
[WARN] [1786095806.661363462] [coord_transform]: Outlier rejected #2 (jumped 371.8mm). Ignoring.
[WARN] [1786095806.695273289] [coord_transform]: Outlier rejected #3 (jumped 426.6mm). Ignoring.
[WARN] [1786095806.727487748] [coord_transform]: Outlier rejected #4 (jumped 436.5mm). Ignoring.
[INFO] [1786095806.761439263] [coord_transform]: Too many outliers (5). Resetting filter to new position.
[WARN] [1786095806.795470999] [coord_transform]: Outlier rejected #1 (jumped 602.3mm). Ignoring.
[WARN] [1786095807.465354986] [coord_transform]: Outlier rejected #2 (jumped 712.2mm). Ignoring.
[WARN] [1786095807.497607676] [coord_transform]: Outlier rejected #3 (jumped 664.5mm). Ignoring.
[WARN] [1786095807.513531657] [coord_transform]: [EE] Tọa độ bị clamp: [-0.055  0.65   0.018] → [-0.055  0.65   0.05 ]
[WARN] [1786095807.530113231] [coord_transform]: Outlier rejected #4 (jumped 757.0mm). Ignoring.
[INFO] [1786095807.566736597] [coord_transform]: Too many outliers (5). Resetting filter to new position.
[INFO] [1786095808.446521456] [coord_transform]: [PREDICTION/EE] base[-0.057  0.703  0.05 ]
[WARN] [1786095808.546717635] [coord_transform]: [EE] Tọa độ bị clamp: [-0.057  0.706  0.002] → [-0.057  0.706  0.05 ]
[WARN] [1786095809.579822300] [coord_transform]: [EE] Tọa độ bị clamp: [-0.058  0.714  0.   ] → [-0.058  0.714  0.05 ]
[INFO] [1786095810.446987410] [coord_transform]: [PREDICTION/EE] base[-0.058  0.714  0.05 ]
[WARN] [1786095810.580833492] [coord_transform]: [EE] Tọa độ bị clamp: [-0.058  0.714  0.   ] → [-0.058  0.714  0.05 ]
[WARN] [1786095811.580912525] [coord_transform]: [EE] Tọa độ bị clamp: [-0.058  0.714  0.   ] → [-0.058  0.714  0.05 ]
[INFO] [1786095812.447266930] [coord_transform]: [PREDICTION/EE] base[-0.058  0.714  0.05 ]
[WARN] [1786095812.612833488] [coord_transform]: [EE] Tọa độ bị clamp: [-0.058  0.714  0.   ] → [-0.058  0.714  0.05 ]
[WARN] [1786095812.898970466] [coord_transform]: Outlier rejected #1 (jumped 537.2mm). Ignoring.
[WARN] [1786095812.932798041] [coord_transform]: Outlier rejected #2 (jumped 545.0mm). Ignoring.
[WARN] [1786095812.965165568] [coord_transform]: Outlier rejected #3 (jumped 548.5mm). Ignoring.
[WARN] [1786095812.999857434] [coord_transform]: Outlier rejected #4 (jumped 549.0mm). Ignoring.
[INFO] [1786095813.032626795] [coord_transform]: Too many outliers (5). Resetting filter to new position.
[WARN] [1786095813.613030270] [coord_transform]: [EE] Tọa độ bị clamp: [-0.058  0.714  0.   ] → [-0.058  0.714  0.05 ]
[INFO] [1786095814.480807098] [coord_transform]: [PREDICTION/EE] base[-0.058  0.714  0.05 ]
[WARN] [1786095814.613052583] [coord_transform]: [EE] Tọa độ bị clamp: [-0.058  0.714  0.   ] → [-0.058  0.714  0.05 ]
[WARN] [1786095815.646660577] [coord_transform]: [EE] Tọa độ bị clamp: [-0.058  0.714  0.   ] → [-0.058  0.714  0.05 ]
[WARN] [1786095815.674269932] [coord_transform]: Outlier rejected #1 (jumped 1777.9mm). Ignoring.
[WARN] [1786095815.701042558] [coord_transform]: Outlier rejected #2 (jumped 305.2mm). Ignoring.
[WARN] [1786095815.735561010] [coord_transform]: Outlier rejected #3 (jumped 323.4mm). Ignoring.
[INFO] [1786095816.513763176] [coord_transform]: [PREDICTION/EE] base[-0.058  0.714  0.05 ]
[WARN] [1786095816.646718816] [coord_transform]: [EE] Tọa độ bị clamp: [-0.058  0.714  0.   ] → [-0.058  0.714  0.05 ]
[WARN] [1786095817.647315673] [coord_transform]: [EE] Tọa độ bị clamp: [-0.058  0.714  0.   ] → [-0.058  0.714  0.05 ]
[INFO] [1786095818.546769376] [coord_transform]: [PREDICTION/EE] base[-0.058  0.714  0.05 ]
[WARN] [1786095818.680455447] [coord_transform]: [EE] Tọa độ bị clamp: [-0.058  0.714  0.   ] → [-0.058  0.714  0.05 ]
[WARN] [1786095818.770688140] [coord_transform]: Outlier rejected #4 (jumped 839.6mm). Ignoring.
[INFO] [1786095818.804301215] [coord_transform]: Too many outliers (5). Resetting filter to new position.
[WARN] [1786095819.713127774] [coord_transform]: [EE] Tọa độ bị clamp: [-0.058  0.714  0.   ] → [-0.058  0.714  0.05 ]
[INFO] [1786095820.580129114] [coord_transform]: [PREDICTION/EE] base[-0.058  0.714  0.05 ]
[WARN] [1786095820.713202970] [coord_transform]: [EE] Tọa độ bị clamp: [-0.058  0.714  0.   ] → [-0.058  0.714  0.05 ]
[WARN] [1786095821.746604422] [coord_transform]: [EE] Tọa độ bị clamp: [-0.058  0.714  0.   ] → [-0.058  0.714  0.05 ]
[WARN] [1786095821.805447712] [coord_transform]: Outlier rejected #1 (jumped 554.4mm). Ignoring.
[WARN] [1786095821.839094701] [coord_transform]: Outlier rejected #2 (jumped 541.7mm). Ignoring.
[WARN] [1786095821.872410099] [coord_transform]: Outlier rejected #3 (jumped 505.5mm). Ignoring.
[WARN] [1786095821.906492194] [coord_transform]: Outlier rejected #4 (jumped 469.1mm). Ignoring.
[INFO] [1786095821.938579268] [coord_transform]: Too many outliers (5). Resetting filter to new position.
[INFO] [1786095822.613075874] [coord_transform]: [PREDICTION/EE] base[-0.058  0.714  0.05 ]
[WARN] [1786095822.779207797] [coord_transform]: [EE] Tọa độ bị clamp: [-0.058  0.714  0.   ] → [-0.058  0.714  0.05 ]
[WARN] [1786095823.407876054] [coord_transform]: Outlier rejected #1 (jumped 162.9mm). Ignoring.
[WARN] [1786095823.486243389] [coord_transform]: Outlier rejected #2 (jumped 632.1mm). Ignoring.
[WARN] [1786095823.512079982] [coord_transform]: Outlier rejected #3 (jumped 654.4mm). Ignoring.
[WARN] [1786095823.539490366] [coord_transform]: Outlier rejected #4 (jumped 644.9mm). Ignoring.
[INFO] [1786095823.575042168] [coord_transform]: Too many outliers (5). Resetting filter to new position.
[WARN] [1786095823.812290109] [coord_transform]: [EE] Tọa độ bị clamp: [-0.058  0.714  0.   ] → [-0.058  0.714  0.05 ]
[WARN] [1786095824.020103571] [coord_transform]: Outlier rejected #1 (jumped 222.4mm). Ignoring.
[WARN] [1786095824.043357700] [coord_transform]: Outlier rejected #2 (jumped 218.2mm). Ignoring.
[WARN] [1786095824.476230209] [coord_transform]: Outlier rejected #3 (jumped 1152.3mm). Ignoring.
[WARN] [1786095824.507139014] [coord_transform]: Outlier rejected #4 (jumped 1142.4mm). Ignoring.
[INFO] [1786095824.541045009] [coord_transform]: Too many outliers (5). Resetting filter to new position.
[INFO] [1786095824.645993114] [coord_transform]: [PREDICTION/EE] base[-0.058  0.714  0.05 ]
[WARN] [1786095824.812712091] [coord_transform]: [EE] Tọa độ bị clamp: [-0.058  0.714  0.   ] → [-0.058  0.714  0.05 ]
[WARN] [1786095825.276042611] [coord_transform]: Outlier rejected #1 (jumped 557.5mm). Ignoring.
[WARN] [1786095825.308692572] [coord_transform]: Outlier rejected #2 (jumped 588.5mm). Ignoring.
[WARN] [1786095825.342579191] [coord_transform]: Outlier rejected #3 (jumped 618.6mm). Ignoring.
[WARN] [1786095825.374274862] [coord_transform]: Outlier rejected #4 (jumped 588.3mm). Ignoring.
[INFO] [1786095825.408509174] [coord_transform]: Too many outliers (5). Resetting filter to new position.
[WARN] [1786095825.809953407] [coord_transform]: Outlier rejected #1 (jumped 367.3mm). Ignoring.
[WARN] [1786095825.842726788] [coord_transform]: Outlier rejected #2 (jumped 392.7mm). Ignoring.
[WARN] [1786095825.846552343] [coord_transform]: [EE] Tọa độ bị clamp: [-0.058  0.714  0.   ] → [-0.058  0.714  0.05 ]
[WARN] [1786095825.875829638] [coord_transform]: Outlier rejected #3 (jumped 278.6mm). Ignoring.
[WARN] [1786095825.909052233] [coord_transform]: Outlier rejected #4 (jumped 457.7mm). Ignoring.
[INFO] [1786095825.942014478] [coord_transform]: Too many outliers (5). Resetting filter to new position.
[WARN] [1786095825.977072244] [coord_transform]: Outlier rejected #1 (jumped 178.7mm). Ignoring.
[WARN] [1786095826.074783028] [coord_transform]: Outlier rejected #2 (jumped 1093.0mm). Ignoring.
[WARN] [1786095826.108273705] [coord_transform]: Outlier rejected #3 (jumped 1105.0mm). Ignoring.
[WARN] [1786095826.141294111] [coord_transform]: Outlier rejected #4 (jumped 1137.3mm). Ignoring.
[INFO] [1786095826.175409099] [coord_transform]: Too many outliers (5). Resetting filter to new position.
[INFO] [1786095826.647456192] [coord_transform]: [PREDICTION/EE] base[-0.058  0.714  0.05 ]
[WARN] [1786095826.879967546] [coord_transform]: [EE] Tọa độ bị clamp: [-0.058  0.714  0.   ] → [-0.058  0.714  0.05 ]
[WARN] [1786095827.314719830] [coord_transform]: Outlier rejected #1 (jumped 622.9mm). Ignoring.
[WARN] [1786095827.343216602] [coord_transform]: Outlier rejected #2 (jumped 629.6mm). Ignoring.
[WARN] [1786095827.376077419] [coord_transform]: Outlier rejected #3 (jumped 630.1mm). Ignoring.
[WARN] [1786095827.880004883] [coord_transform]: [EE] Tọa độ bị clamp: [-0.058  0.714  0.   ] → [-0.058  0.714  0.05 ]
[WARN] [1786095828.009102871] [coord_transform]: Outlier rejected #4 (jumped 1954.0mm). Ignoring.
[INFO] [1786095828.044336497] [coord_transform]: Too many outliers (5). Resetting filter to new position.
[INFO] [1786095828.679493783] [coord_transform]: [PREDICTION/EE] base[-0.058  0.714  0.05 ]
[WARN] [1786095828.912064974] [coord_transform]: [EE] Tọa độ bị clamp: [-0.058  0.714  0.   ] → [-0.058  0.714  0.05 ]
[WARN] [1786095829.347392113] [coord_transform]: Outlier rejected #1 (jumped 241.3mm). Ignoring.
[WARN] [1786095829.377191799] [coord_transform]: Outlier rejected #2 (jumped 1300.2mm). Ignoring.
[WARN] [1786095829.414205925] [coord_transform]: Outlier rejected #3 (jumped 1301.4mm). Ignoring.
[WARN] [1786095829.444869912] [coord_transform]: Outlier rejected #4 (jumped 1283.5mm). Ignoring.
[INFO] [1786095829.477572933] [coord_transform]: Too many outliers (5). Resetting filter to new position.
[WARN] [1786095829.781347521] [coord_transform]: Outlier rejected #1 (jumped 353.9mm). Ignoring.
[WARN] [1786095829.813996401] [coord_transform]: Outlier rejected #2 (jumped 324.0mm). Ignoring.
[WARN] [1786095829.913416603] [coord_transform]: [EE] Tọa độ bị clamp: [-0.058  0.714  0.   ] → [-0.058  0.714  0.05 ]
[WARN] [1786095829.980639642] [coord_transform]: Outlier rejected #1 (jumped 161.6mm). Ignoring.
[INFO] [1786095830.680135519] [coord_transform]: [PREDICTION/EE] base[-0.058  0.714  0.05 ]
[WARN] [1786095830.712374360] [coord_transform]: Outlier rejected #2 (jumped 1392.7mm). Ignoring.
[WARN] [1786095830.745502890] [coord_transform]: Outlier rejected #3 (jumped 1312.9mm). Ignoring.
[WARN] [1786095830.779511940] [coord_transform]: Outlier rejected #4 (jumped 819.8mm). Ignoring.
[INFO] [1786095830.810876362] [coord_transform]: Too many outliers (5). Resetting filter to new position.
[WARN] [1786095830.847254154] [coord_transform]: Outlier rejected #1 (jumped 259.0mm). Ignoring.
[WARN] [1786095830.878675803] [coord_transform]: Outlier rejected #2 (jumped 249.8mm). Ignoring.
[WARN] [1786095830.912292868] [coord_transform]: Outlier rejected #3 (jumped 312.0mm). Ignoring.
[WARN] [1786095830.946082457] [coord_transform]: Outlier rejected #4 (jumped 535.4mm). Ignoring.
[WARN] [1786095830.947185266] [coord_transform]: [EE] Tọa độ bị clamp: [-0.058  0.714  0.   ] → [-0.058  0.714  0.05 ]
[INFO] [1786095830.978523878] [coord_transform]: Too many outliers (5). Resetting filter to new position.
[WARN] [1786095831.012192741] [coord_transform]: Outlier rejected #1 (jumped 754.1mm). Ignoring.
[WARN] [1786095831.048542772] [coord_transform]: Outlier rejected #2 (jumped 673.1mm). Ignoring.
[WARN] [1786095831.079437533] [coord_transform]: Outlier rejected #3 (jumped 638.7mm). Ignoring.
[WARN] [1786095831.112313188] [coord_transform]: Outlier rejected #4 (jumped 585.6mm). Ignoring.
[INFO] [1786095831.147494508] [coord_transform]: Too many outliers (5). Resetting filter to new position.
[WARN] [1786095831.178185336] [coord_transform]: Outlier rejected #1 (jumped 261.8mm). Ignoring.
[WARN] [1786095831.247637737] [coord_transform]: Outlier rejected #1 (jumped 366.8mm). Ignoring.
[WARN] [1786095831.278133169] [coord_transform]: Outlier rejected #2 (jumped 523.0mm). Ignoring.
[WARN] [1786095831.314472400] [coord_transform]: Outlier rejected #3 (jumped 530.7mm). Ignoring.
[WARN] [1786095831.345685467] [coord_transform]: Outlier rejected #4 (jumped 193.4mm). Ignoring.
[INFO] [1786095831.380826090] [coord_transform]: Too many outliers (5). Resetting filter to new position.
[WARN] [1786095831.414655184] [coord_transform]: Outlier rejected #1 (jumped 497.7mm). Ignoring.
[WARN] [1786095831.447353176] [coord_transform]: Outlier rejected #2 (jumped 292.0mm). Ignoring.
[WARN] [1786095831.480712268] [coord_transform]: Outlier rejected #3 (jumped 412.8mm). Ignoring.
[WARN] [1786095831.512619237] [coord_transform]: Outlier rejected #4 (jumped 481.8mm). Ignoring.
[WARN] [1786095831.979531730] [coord_transform]: [EE] Tọa độ bị clamp: [-0.058  0.714  0.   ] → [-0.058  0.714  0.05 ]
[INFO] [1786095832.680277493] [coord_transform]: [PREDICTION/EE] base[-0.058  0.714  0.05 ]
[WARN] [1786095832.979961426] [coord_transform]: [EE] Tọa độ bị clamp: [-0.058  0.714  0.   ] → [-0.058  0.714  0.05 ]
[INFO] [1786095833.248766090] [coord_transform]: Too many outliers (5). Resetting filter to new position.
[WARN] [1786095833.980587029] [coord_transform]: [EE] Tọa độ bị clamp: [-0.058  0.714  0.   ] → [-0.058  0.714  0.05 ]
[INFO] [1786095834.680623653] [coord_transform]: [PREDICTION/EE] base[-0.058  0.714  0.05 ]
[WARN] [1786095835.012798567] [coord_transform]: [EE] Tọa độ bị clamp: [-0.058  0.714  0.   ] → [-0.058  0.714  0.05 ]
[WARN] [1786095836.013306425] [coord_transform]: [EE] Tọa độ bị clamp: [-0.058  0.714  0.   ] → [-0.058  0.714  0.05 ]
[INFO] [1786095836.713455343] [coord_transform]: [PREDICTION/EE] base[-0.058  0.714  0.05 ]
[WARN] [1786095837.046587768] [coord_transform]: [EE] Tọa độ bị clamp: [-0.058  0.714  0.   ] → [-0.058  0.714  0.05 ]
[WARN] [1786095837.751880588] [coord_transform]: Outlier rejected #1 (jumped 179.2mm). Ignoring.
[WARN] [1786095837.782664603] [coord_transform]: Outlier rejected #2 (jumped 178.4mm). Ignoring.
[WARN] [1786095837.816511071] [coord_transform]: Outlier rejected #3 (jumped 187.2mm). Ignoring.
[WARN] [1786095837.848895116] [coord_transform]: Outlier rejected #4 (jumped 196.8mm). Ignoring.
[INFO] [1786095837.884916112] [coord_transform]: Too many outliers (5). Resetting filter to new position.
[WARN] [1786095838.081169929] [coord_transform]: [EE] Tọa độ bị clamp: [-0.058  0.714  0.   ] → [-0.058  0.714  0.05 ]
[INFO] [1786095838.713681586] [coord_transform]: [PREDICTION/EE] base[-0.058  0.714  0.05 ]
[WARN] [1786095839.113164827] [coord_transform]: [EE] Tọa độ bị clamp: [-0.058  0.714  0.   ] → [-0.058  0.714  0.05 ]
[WARN] [1786095840.147287514] [coord_transform]: [EE] Tọa độ bị clamp: [-0.058  0.714  0.   ] → [-0.058  0.714  0.05 ]
[INFO] [1786095840.713976643] [coord_transform]: [PREDICTION/EE] base[-0.058  0.714  0.05 ]
[WARN] [1786095841.180275913] [coord_transform]: [EE] Tọa độ bị clamp: [-0.058  0.714  0.   ] → [-0.058  0.714  0.05 ]
[WARN] [1786095842.212889167] [coord_transform]: [EE] Tọa độ bị clamp: [-0.058  0.714  0.   ] → [-0.058  0.714  0.05 ]
[INFO] [1786095842.747388503] [coord_transform]: [PREDICTION/EE] base[-0.058  0.714  0.05 ]
[WARN] [1786095843.213322677] [coord_transform]: [EE] Tọa độ bị clamp: [-0.058  0.714  0.   ] → [-0.058  0.714  0.05 ]
[WARN] [1786095844.213683308] [coord_transform]: [EE] Tọa độ bị clamp: [-0.058  0.714  0.   ] → [-0.058  0.714  0.05 ]
[INFO] [1786095844.747879835] [coord_transform]: [PREDICTION/EE] base[-0.058  0.714  0.05 ]
[WARN] [1786095845.247062876] [coord_transform]: [EE] Tọa độ bị clamp: [-0.058  0.714  0.   ] → [-0.058  0.714  0.05 ]
[WARN] [1786095846.247178354] [coord_transform]: [EE] Tọa độ bị clamp: [-0.058  0.714  0.   ] → [-0.058  0.714  0.05 ]
[INFO] [1786095846.780454714] [coord_transform]: [PREDICTION/EE] base[-0.058  0.714  0.05 ]
[WARN] [1786095847.279489876] [coord_transform]: [EE] Tọa độ bị clamp: [-0.058  0.714  0.   ] → [-0.058  0.714  0.05 ]
[WARN] [1786095848.280412275] [coord_transform]: [EE] Tọa độ bị clamp: [-0.058  0.714  0.   ] → [-0.058  0.714  0.05 ]
[INFO] [1786095848.780847197] [coord_transform]: [PREDICTION/EE] base[-0.058  0.714  0.05 ]
[WARN] [1786095849.303530832] [coord_transform]: Outlier rejected #1 (jumped 710.7mm). Ignoring.
[WARN] [1786095849.313454033] [coord_transform]: [EE] Tọa độ bị clamp: [-0.058  0.714  0.   ] → [-0.058  0.714  0.05 ]
[WARN] [1786095849.330167841] [coord_transform]: Outlier rejected #2 (jumped 748.9mm). Ignoring.
[WARN] [1786095849.358664378] [coord_transform]: Outlier rejected #3 (jumped 748.9mm). Ignoring.
[WARN] [1786095850.346753654] [coord_transform]: [EE] Tọa độ bị clamp: [-0.058  0.714  0.   ] → [-0.058  0.714  0.05 ]
[WARN] [1786095850.371023885] [coord_transform]: Outlier rejected #4 (jumped 751.9mm). Ignoring.
[INFO] [1786095850.394953767] [coord_transform]: Too many outliers (5). Resetting filter to new position.
[INFO] [1786095850.813194216] [coord_transform]: [PREDICTION/EE] base[-0.058  0.714  0.05 ]
[WARN] [1786095851.380614436] [coord_transform]: [EE] Tọa độ bị clamp: [-0.058  0.714  0.   ] → [-0.058  0.714  0.05 ]
[WARN] [1786095851.561813540] [coord_transform]: Outlier rejected #1 (jumped 454.4mm). Ignoring.
[WARN] [1786095851.593474652] [coord_transform]: Outlier rejected #2 (jumped 449.8mm). Ignoring.
[WARN] [1786095852.413123772] [coord_transform]: [EE] Tọa độ bị clamp: [-0.058  0.714  0.   ] → [-0.058  0.714  0.05 ]
[INFO] [1786095852.813194831] [coord_transform]: [PREDICTION/EE] base[-0.058  0.714  0.05 ]
[WARN] [1786095853.137733833] [coord_transform]: Outlier rejected #3 (jumped 451.2mm). Ignoring.
[WARN] [1786095853.375080099] [coord_transform]: Outlier rejected #4 (jumped 530.7mm). Ignoring.
[INFO] [1786095853.399948582] [coord_transform]: Too many outliers (5). Resetting filter to new position.
[WARN] [1786095853.446201724] [coord_transform]: [EE] Tọa độ bị clamp: [-0.058  0.714  0.   ] → [-0.058  0.714  0.05 ]
[WARN] [1786095854.242656714] [coord_transform]: Outlier rejected #1 (jumped 366.1mm). Ignoring.
[WARN] [1786095854.266038849] [coord_transform]: Outlier rejected #2 (jumped 419.8mm). Ignoring.
[WARN] [1786095854.294890654] [coord_transform]: Outlier rejected #3 (jumped 401.0mm). Ignoring.
[WARN] [1786095854.328549595] [coord_transform]: Outlier rejected #4 (jumped 395.6mm). Ignoring.
[INFO] [1786095854.362836083] [coord_transform]: Too many outliers (5). Resetting filter to new position.
[WARN] [1786095854.446615409] [coord_transform]: [EE] Tọa độ bị clamp: [-0.058  0.714  0.   ] → [-0.058  0.714  0.05 ]
[INFO] [1786095854.813480543] [coord_transform]: [PREDICTION/EE] base[-0.058  0.714  0.05 ]
[WARN] [1786095855.447283690] [coord_transform]: [EE] Tọa độ bị clamp: [-0.058  0.714  0.   ] → [-0.058  0.714  0.05 ]
[WARN] [1786095856.480411711] [coord_transform]: [EE] Tọa độ bị clamp: [-0.058  0.714  0.   ] → [-0.058  0.714  0.05 ]
[INFO] [1786095856.814208066] [coord_transform]: [PREDICTION/EE] base[-0.058  0.714  0.05 ]
[WARN] [1786095857.513519323] [coord_transform]: [EE] Tọa độ bị clamp: [-0.058  0.714  0.   ] → [-0.058  0.714  0.05 ]
[WARN] [1786095858.547380827] [coord_transform]: [EE] Tọa độ bị clamp: [-0.058  0.714  0.   ] → [-0.058  0.714  0.05 ]
[INFO] [1786095858.847081546] [coord_transform]: [PREDICTION/EE] base[-0.058  0.714  0.05 ]
[WARN] [1786095858.865010665] [coord_transform]: Outlier rejected #1 (jumped 314.8mm). Ignoring.
[WARN] [1786095858.898755307] [coord_transform]: Outlier rejected #2 (jumped 303.4mm). Ignoring.
[WARN] [1786095858.932392959] [coord_transform]: Outlier rejected #3 (jumped 298.3mm). Ignoring.
[WARN] [1786095858.965360825] [coord_transform]: Outlier rejected #4 (jumped 298.3mm). Ignoring.
[INFO] [1786095858.998775148] [coord_transform]: Too many outliers (5). Resetting filter to new position.
[WARN] [1786095859.235864774] [coord_transform]: Outlier rejected #1 (jumped 463.9mm). Ignoring.
[WARN] [1786095859.332045996] [coord_transform]: Outlier rejected #2 (jumped 221.2mm). Ignoring.
[WARN] [1786095859.366964510] [coord_transform]: Outlier rejected #3 (jumped 211.6mm). Ignoring.
[WARN] [1786095859.397339393] [coord_transform]: Outlier rejected #4 (jumped 260.9mm). Ignoring.
[INFO] [1786095859.433521528] [coord_transform]: Too many outliers (5). Resetting filter to new position.
[WARN] [1786095859.534661210] [coord_transform]: Outlier rejected #1 (jumped 173.6mm). Ignoring.
[WARN] [1786095859.566072626] [coord_transform]: Outlier rejected #2 (jumped 210.8mm). Ignoring.
[WARN] [1786095859.579758146] [coord_transform]: [EE] Tọa độ bị clamp: [-0.058  0.714  0.   ] → [-0.058  0.714  0.05 ]
[WARN] [1786095859.598105799] [coord_transform]: Outlier rejected #3 (jumped 273.8mm). Ignoring.
[WARN] [1786095859.632207722] [coord_transform]: Outlier rejected #4 (jumped 309.6mm). Ignoring.
[INFO] [1786095859.665012833] [coord_transform]: Too many outliers (5). Resetting filter to new position.
[WARN] [1786095859.732853318] [coord_transform]: Outlier rejected #1 (jumped 252.2mm). Ignoring.
[WARN] [1786095859.764432449] [coord_transform]: Outlier rejected #2 (jumped 386.1mm). Ignoring.
[WARN] [1786095859.801912007] [coord_transform]: Outlier rejected #3 (jumped 718.3mm). Ignoring.
[WARN] [1786095859.933915208] [coord_transform]: Outlier rejected #4 (jumped 1157.1mm). Ignoring.
[INFO] [1786095859.964874166] [coord_transform]: Too many outliers (5). Resetting filter to new position.
[WARN] [1786095860.343476111] [coord_transform]: Outlier rejected #1 (jumped 756.1mm). Ignoring.
[WARN] [1786095860.368301094] [coord_transform]: Outlier rejected #2 (jumped 753.0mm). Ignoring.
[WARN] [1786095860.400492805] [coord_transform]: Outlier rejected #3 (jumped 749.6mm). Ignoring.
[WARN] [1786095860.432792218] [coord_transform]: Outlier rejected #4 (jumped 743.2mm). Ignoring.
[INFO] [1786095860.467458519] [coord_transform]: Too many outliers (5). Resetting filter to new position.
[WARN] [1786095860.612722684] [coord_transform]: [EE] Tọa độ bị clamp: [-0.058  0.714  0.   ] → [-0.058  0.714  0.05 ]
[INFO] [1786095860.847730718] [coord_transform]: [PREDICTION/EE] base[-0.058  0.714  0.05 ]
[WARN] [1786095861.612850381] [coord_transform]: [EE] Tọa độ bị clamp: [-0.058  0.714  0.   ] → [-0.058  0.714  0.05 ]
[WARN] [1786095861.712053953] [coord_transform]: Outlier rejected #1 (jumped 269.1mm). Ignoring.
[WARN] [1786095861.735907855] [coord_transform]: Outlier rejected #2 (jumped 253.4mm). Ignoring.
[WARN] [1786095861.768294431] [coord_transform]: Outlier rejected #3 (jumped 251.9mm). Ignoring.
[WARN] [1786095861.800861416] [coord_transform]: Outlier rejected #4 (jumped 305.6mm). Ignoring.
[INFO] [1786095861.834161045] [coord_transform]: Too many outliers (5). Resetting filter to new position.
[WARN] [1786095862.613461212] [coord_transform]: [EE] Tọa độ bị clamp: [-0.058  0.714  0.   ] → [-0.058  0.714  0.05 ]
[INFO] [1786095862.880272431] [coord_transform]: [PREDICTION/EE] base[-0.058  0.714  0.05 ]
[WARN] [1786095863.646766866] [coord_transform]: [EE] Tọa độ bị clamp: [-0.058  0.714  0.   ] → [-0.058  0.714  0.05 ]
[WARN] [1786095864.680134985] [coord_transform]: [EE] Tọa độ bị clamp: [-0.058  0.714  0.   ] → [-0.058  0.714  0.05 ]
[INFO] [1786095864.880639699] [coord_transform]: [PREDICTION/EE] base[-0.058  0.714  0.05 ]
[WARN] [1786095865.712998868] [coord_transform]: [EE] Tọa độ bị clamp: [-0.058  0.714  0.   ] → [-0.058  0.714  0.05 ]
[WARN] [1786095866.746377925] [coord_transform]: [EE] Tọa độ bị clamp: [-0.058  0.714  0.   ] → [-0.058  0.714  0.05 ]
[INFO] [1786095866.913568193] [coord_transform]: [PREDICTION/EE] base[-0.058  0.714  0.05 ]
[WARN] [1786095867.747010948] [coord_transform]: [EE] Tọa độ bị clamp: [-0.058  0.714  0.   ] → [-0.058  0.714  0.05 ]
[WARN] [1786095868.779384786] [coord_transform]: [EE] Tọa độ bị clamp: [-0.058  0.714  0.   ] → [-0.058  0.714  0.05 ]
[INFO] [1786095868.946338264] [coord_transform]: [PREDICTION/EE] base[-0.058  0.714  0.05 ]
[WARN] [1786095869.779661768] [coord_transform]: [EE] Tọa độ bị clamp: [-0.058  0.714  0.   ] → [-0.058  0.714  0.05 ]
[WARN] [1786095870.780080033] [coord_transform]: [EE] Tọa độ bị clamp: [-0.058  0.714  0.   ] → [-0.058  0.714  0.05 ]
[INFO] [1786095870.948033428] [coord_transform]: [PREDICTION/EE] base[-0.058  0.714  0.05 ]
[WARN] [1786095871.812676444] [coord_transform]: [EE] Tọa độ bị clamp: [-0.058  0.714  0.   ] → [-0.058  0.714  0.05 ]
[WARN] [1786095872.815088905] [coord_transform]: [EE] Tọa độ bị clamp: [-0.058  0.714  0.   ] → [-0.058  0.714  0.05 ]
[INFO] [1786095872.980051643] [coord_transform]: [PREDICTION/EE] base[-0.058  0.714  0.05 ]
[WARN] [1786095873.846929414] [coord_transform]: [EE] Tọa độ bị clamp: [-0.058  0.714  0.   ] → [-0.058  0.714  0.05 ]
[WARN] [1786095874.879870707] [coord_transform]: [EE] Tọa độ bị clamp: [-0.058  0.714  0.   ] → [-0.058  0.714  0.05 ]
[INFO] [1786095875.013830143] [coord_transform]: [PREDICTION/EE] base[-0.058  0.714  0.05 ]
[WARN] [1786095875.880881954] [coord_transform]: [EE] Tọa độ bị clamp: [-0.058  0.714  0.   ] → [-0.058  0.714  0.05 ]
[WARN] [1786095876.913054791] [coord_transform]: [EE] Tọa độ bị clamp: [-0.058  0.714  0.   ] → [-0.058  0.714  0.05 ]
[INFO] [1786095877.046769711] [coord_transform]: [PREDICTION/EE] base[-0.058  0.714  0.05 ]
[WARN] [1786095877.946335235] [coord_transform]: [EE] Tọa độ bị clamp: [-0.058  0.714  0.   ] → [-0.058  0.714  0.05 ]
[WARN] [1786095878.979503445] [coord_transform]: [EE] Tọa độ bị clamp: [-0.058  0.714  0.   ] → [-0.058  0.714  0.05 ]
[INFO] [1786095879.047074135] [coord_transform]: [PREDICTION/EE] base[-0.058  0.714  0.05 ]
[WARN] [1786095879.980773310] [coord_transform]: [EE] Tọa độ bị clamp: [-0.058  0.714  0.   ] → [-0.058  0.714  0.05 ]
[WARN] [1786095880.019378175] [coord_transform]: Outlier rejected #1 (jumped 711.7mm). Ignoring.
[WARN] [1786095880.047203941] [coord_transform]: Outlier rejected #2 (jumped 698.9mm). Ignoring.
[WARN] [1786095880.080649588] [coord_transform]: Outlier rejected #3 (jumped 722.2mm). Ignoring.
[WARN] [1786095880.114445233] [coord_transform]: Outlier rejected #4 (jumped 744.9mm). Ignoring.
[INFO] [1786095880.147436608] [coord_transform]: Too many outliers (5). Resetting filter to new position.
[WARN] [1786095880.891267794] [coord_transform]: Outlier rejected #1 (jumped 623.6mm). Ignoring.
[WARN] [1786095880.915139122] [coord_transform]: Outlier rejected #2 (jumped 543.5mm). Ignoring.
[WARN] [1786095881.013416292] [coord_transform]: [EE] Tọa độ bị clamp: [-0.058  0.714  0.   ] → [-0.058  0.714  0.05 ]
[WARN] [1786095881.014569144] [coord_transform]: Outlier rejected #3 (jumped 687.1mm). Ignoring.
[WARN] [1786095881.047367809] [coord_transform]: Outlier rejected #4 (jumped 707.3mm). Ignoring.
[INFO] [1786095881.080163868] [coord_transform]: [PREDICTION/EE] base[-0.058  0.714  0.05 ]
[INFO] [1786095881.080908354] [coord_transform]: Too many outliers (5). Resetting filter to new position.
[WARN] [1786095882.046764956] [coord_transform]: [EE] Tọa độ bị clamp: [-0.058  0.714  0.   ] → [-0.058  0.714  0.05 ]
[WARN] [1786095883.079764153] [coord_transform]: [EE] Tọa độ bị clamp: [-0.058  0.714  0.   ] → [-0.058  0.714  0.05 ]
[INFO] [1786095883.080245446] [coord_transform]: [PREDICTION/EE] base[-0.058  0.714  0.05 ]
[WARN] [1786095884.080457096] [coord_transform]: [EE] Tọa độ bị clamp: [-0.058  0.714  0.   ] → [-0.058  0.714  0.05 ]
[WARN] [1786095885.113082037] [coord_transform]: [EE] Tọa độ bị clamp: [-0.058  0.714  0.   ] → [-0.058  0.714  0.05 ]
[INFO] [1786095885.113746464] [coord_transform]: [PREDICTION/EE] base[-0.058  0.714  0.05 ]
[WARN] [1786095886.113126370] [coord_transform]: [EE] Tọa độ bị clamp: [-0.058  0.714  0.   ] → [-0.058  0.714  0.05 ]
[WARN] [1786095887.113424176] [coord_transform]: [EE] Tọa độ bị clamp: [-0.058  0.714  0.   ] → [-0.058  0.714  0.05 ]
[INFO] [1786095887.113981221] [coord_transform]: [PREDICTION/EE] base[-0.058  0.714  0.05 ]
[WARN] [1786095888.146701685] [coord_transform]: [EE] Tọa độ bị clamp: [-0.058  0.714  0.   ] → [-0.058  0.714  0.05 ]
[INFO] [1786095889.146983847] [coord_transform]: [PREDICTION/EE] base[-0.058  0.714  0.05 ]
[WARN] [1786095889.179978832] [coord_transform]: [EE] Tọa độ bị clamp: [-0.058  0.714  0.   ] → [-0.058  0.714  0.05 ]
[WARN] [1786095890.180698844] [coord_transform]: [EE] Tọa độ bị clamp: [-0.058  0.714  0.   ] → [-0.058  0.714  0.05 ]
[INFO] [1786095891.147594551] [coord_transform]: [PREDICTION/EE] base[-0.058  0.714  0.05 ]
[WARN] [1786095891.212855614] [coord_transform]: [EE] Tọa độ bị clamp: [-0.058  0.714  0.   ] → [-0.058  0.714  0.05 ]
[WARN] [1786095892.246313504] [coord_transform]: [EE] Tọa độ bị clamp: [-0.058  0.714  0.   ] → [-0.058  0.714  0.05 ]
[INFO] [1786095893.180346991] [coord_transform]: [PREDICTION/EE] base[-0.058  0.714  0.05 ]
[WARN] [1786095893.280136086] [coord_transform]: [EE] Tọa độ bị clamp: [-0.058  0.714  0.   ] → [-0.058  0.714  0.05 ]
[WARN] [1786095894.312983587] [coord_transform]: [EE] Tọa độ bị clamp: [-0.058  0.714  0.   ] → [-0.058  0.714  0.05 ]
[INFO] [1786095895.180607429] [coord_transform]: [PREDICTION/EE] base[-0.058  0.714  0.05 ]
[WARN] [1786095895.313568664] [coord_transform]: [EE] Tọa độ bị clamp: [-0.058  0.714  0.   ] → [-0.058  0.714  0.05 ]
[WARN] [1786095895.425130265] [coord_transform]: Outlier rejected #1 (jumped 2273.3mm). Ignoring.
[WARN] [1786095895.463298446] [coord_transform]: Outlier rejected #2 (jumped 2078.5mm). Ignoring.
[WARN] [1786095895.494523602] [coord_transform]: Outlier rejected #3 (jumped 2175.2mm). Ignoring.
[WARN] [1786095895.531202328] [coord_transform]: Outlier rejected #4 (jumped 2190.7mm). Ignoring.
[INFO] [1786095895.563519613] [coord_transform]: Too many outliers (5). Resetting filter to new position.
[WARN] [1786095896.345967068] [coord_transform]: [EE] Tọa độ bị clamp: [-0.058  0.714  0.   ] → [-0.058  0.714  0.05 ]
[WARN] [1786095896.626760648] [coord_transform]: Outlier rejected #1 (jumped 196.6mm). Ignoring.
[WARN] [1786095896.659582549] [coord_transform]: Outlier rejected #2 (jumped 294.4mm). Ignoring.
[WARN] [1786095896.692947229] [coord_transform]: Outlier rejected #3 (jumped 278.6mm). Ignoring.
[WARN] [1786095896.726907587] [coord_transform]: Outlier rejected #4 (jumped 306.2mm). Ignoring.
[INFO] [1786095896.760218656] [coord_transform]: Too many outliers (5). Resetting filter to new position.
[INFO] [1786095897.213037305] [coord_transform]: [PREDICTION/EE] base[-0.058  0.714  0.05 ]
[WARN] [1786095897.293259086] [coord_transform]: Outlier rejected #1 (jumped 417.8mm). Ignoring.
[WARN] [1786095897.325854583] [coord_transform]: Outlier rejected #2 (jumped 437.2mm). Ignoring.
[WARN] [1786095897.359213743] [coord_transform]: Outlier rejected #3 (jumped 455.5mm). Ignoring.
[WARN] [1786095897.379830779] [coord_transform]: [EE] Tọa độ bị clamp: [-0.058  0.714  0.   ] → [-0.058  0.714  0.05 ]
[WARN] [1786095897.393779656] [coord_transform]: Outlier rejected #4 (jumped 477.2mm). Ignoring.
[INFO] [1786095897.426435286] [coord_transform]: Too many outliers (5). Resetting filter to new position.
[WARN] [1786095897.794442465] [coord_transform]: Outlier rejected #1 (jumped 688.2mm). Ignoring.
[WARN] [1786095897.826871210] [coord_transform]: Outlier rejected #2 (jumped 692.3mm). Ignoring.
[WARN] [1786095897.859478760] [coord_transform]: Outlier rejected #3 (jumped 690.4mm). Ignoring.
[WARN] [1786095897.893200239] [coord_transform]: Outlier rejected #4 (jumped 691.9mm). Ignoring.
[WARN] [1786095898.237725560] [coord_transform]: Outlier rejected #1 (jumped 2081.4mm). Ignoring.
[WARN] [1786095898.412846597] [coord_transform]: [EE] Tọa độ bị clamp: [-0.058  0.714  0.   ] → [-0.058  0.714  0.05 ]
[WARN] [1786095898.673311375] [coord_transform]: Outlier rejected #1 (jumped 370.3mm). Ignoring.
[WARN] [1786095898.696841978] [coord_transform]: Outlier rejected #2 (jumped 356.1mm). Ignoring.
[WARN] [1786095898.727103897] [coord_transform]: Outlier rejected #3 (jumped 393.6mm). Ignoring.
[WARN] [1786095898.760956934] [coord_transform]: Outlier rejected #4 (jumped 406.0mm). Ignoring.
[INFO] [1786095898.796533804] [coord_transform]: Too many outliers (5). Resetting filter to new position.
[INFO] [1786095899.213448646] [coord_transform]: [PREDICTION/EE] base[-0.058  0.714  0.05 ]
[WARN] [1786095899.237417240] [coord_transform]: Outlier rejected #1 (jumped 163.3mm). Ignoring.
[WARN] [1786095899.262629066] [coord_transform]: Outlier rejected #2 (jumped 168.3mm). Ignoring.
[WARN] [1786095899.446834828] [coord_transform]: [EE] Tọa độ bị clamp: [-0.058  0.714  0.   ] → [-0.058  0.714  0.05 ]
[WARN] [1786095900.480876716] [coord_transform]: [EE] Tọa độ bị clamp: [-0.058  0.714  0.   ] → [-0.058  0.714  0.05 ]
[INFO] [1786095901.214419677] [coord_transform]: [PREDICTION/EE] base[-0.058  0.714  0.05 ]
[WARN] [1786095901.498805425] [coord_transform]: Outlier rejected #3 (jumped 2296.5mm). Ignoring.
[WARN] [1786095901.512994283] [coord_transform]: [EE] Tọa độ bị clamp: [-0.058  0.714  0.   ] → [-0.058  0.714  0.05 ]
[WARN] [1786095901.529684123] [coord_transform]: Outlier rejected #4 (jumped 2214.0mm). Ignoring.
[INFO] [1786095901.561818967] [coord_transform]: Too many outliers (5). Resetting filter to new position.
[WARN] [1786095902.513016668] [coord_transform]: [EE] Tọa độ bị clamp: [-0.058  0.714  0.   ] → [-0.058  0.714  0.05 ]
[INFO] [1786095903.247157140] [coord_transform]: [PREDICTION/EE] base[-0.058  0.714  0.05 ]
[WARN] [1786095903.513584905] [coord_transform]: [EE] Tọa độ bị clamp: [-0.058  0.714  0.   ] → [-0.058  0.714  0.05 ]
[WARN] [1786095904.546547781] [coord_transform]: [EE] Tọa độ bị clamp: [-0.058  0.714  0.   ] → [-0.058  0.714  0.05 ]
[WARN] [1786095904.898449405] [coord_transform]: Outlier rejected #1 (jumped 238.1mm). Ignoring.
[WARN] [1786095904.932413692] [coord_transform]: Outlier rejected #2 (jumped 373.7mm). Ignoring.
[WARN] [1786095904.965435150] [coord_transform]: Outlier rejected #3 (jumped 286.8mm). Ignoring.
[WARN] [1786095905.000687613] [coord_transform]: Outlier rejected #4 (jumped 296.2mm). Ignoring.
[INFO] [1786095905.033811724] [coord_transform]: Too many outliers (5). Resetting filter to new position.
[INFO] [1786095905.247259322] [coord_transform]: [PREDICTION/EE] base[-0.058  0.714  0.05 ]
[WARN] [1786095905.431047658] [coord_transform]: Outlier rejected #1 (jumped 153.5mm). Ignoring.
[WARN] [1786095905.464961220] [coord_transform]: Outlier rejected #2 (jumped 297.0mm). Ignoring.
[WARN] [1786095905.498701216] [coord_transform]: Outlier rejected #3 (jumped 267.1mm). Ignoring.
[WARN] [1786095905.534863286] [coord_transform]: Outlier rejected #4 (jumped 266.6mm). Ignoring.
[INFO] [1786095905.566059831] [coord_transform]: Too many outliers (5). Resetting filter to new position.
[WARN] [1786095905.579885408] [coord_transform]: [EE] Tọa độ bị clamp: [-0.058  0.714  0.   ] → [-0.058  0.714  0.05 ]
[WARN] [1786095905.597823079] [coord_transform]: Outlier rejected #1 (jumped 253.8mm). Ignoring.
[WARN] [1786095905.632500944] [coord_transform]: Outlier rejected #2 (jumped 205.8mm). Ignoring.
[WARN] [1786095905.734536663] [coord_transform]: Outlier rejected #1 (jumped 171.1mm). Ignoring.
[WARN] [1786095905.765311196] [coord_transform]: Outlier rejected #2 (jumped 297.2mm). Ignoring.
[WARN] [1786095905.798894929] [coord_transform]: Outlier rejected #3 (jumped 274.8mm). Ignoring.
[WARN] [1786095905.832896506] [coord_transform]: Outlier rejected #4 (jumped 252.4mm). Ignoring.
[INFO] [1786095905.865223902] [coord_transform]: Too many outliers (5). Resetting filter to new position.
[WARN] [1786095905.947029029] [coord_transform]: Outlier rejected #1 (jumped 428.6mm). Ignoring.
[WARN] [1786095906.010231617] [coord_transform]: Outlier rejected #2 (jumped 297.2mm). Ignoring.
[WARN] [1786095906.033847170] [coord_transform]: Outlier rejected #3 (jumped 354.1mm). Ignoring.
[WARN] [1786095906.065542871] [coord_transform]: Outlier rejected #4 (jumped 299.6mm). Ignoring.
[INFO] [1786095906.100145766] [coord_transform]: Too many outliers (5). Resetting filter to new position.
[WARN] [1786095906.579916469] [coord_transform]: [EE] Tọa độ bị clamp: [-0.058  0.714  0.   ] → [-0.058  0.714  0.05 ]
[INFO] [1786095907.280768424] [coord_transform]: [PREDICTION/EE] base[-0.058  0.714  0.05 ]
[WARN] [1786095907.580051764] [coord_transform]: [EE] Tọa độ bị clamp: [-0.058  0.714  0.   ] → [-0.058  0.714  0.05 ]
[WARN] [1786095908.614075781] [coord_transform]: [EE] Tọa độ bị clamp: [-0.058  0.714  0.   ] → [-0.058  0.714  0.05 ]
[WARN] [1786095908.817233429] [coord_transform]: Outlier rejected #1 (jumped 448.3mm). Ignoring.
[WARN] [1786095908.841443488] [coord_transform]: Outlier rejected #2 (jumped 448.3mm). Ignoring.
[WARN] [1786095908.868330559] [coord_transform]: Outlier rejected #3 (jumped 448.4mm). Ignoring.
[WARN] [1786095908.899464557] [coord_transform]: Outlier rejected #4 (jumped 451.2mm). Ignoring.
[INFO] [1786095909.313946977] [coord_transform]: [PREDICTION/EE] base[-0.058  0.714  0.05 ]
[INFO] [1786095909.511900884] [coord_transform]: Too many outliers (5). Resetting filter to new position.
[WARN] [1786095909.646676036] [coord_transform]: [EE] Tọa độ bị clamp: [-0.058  0.714  0.   ] → [-0.058  0.714  0.05 ]
[WARN] [1786095909.806233771] [coord_transform]: Outlier rejected #1 (jumped 428.2mm). Ignoring.
[WARN] [1786095909.834308760] [coord_transform]: Outlier rejected #2 (jumped 417.6mm). Ignoring.
[WARN] [1786095909.868113429] [coord_transform]: Outlier rejected #3 (jumped 432.6mm). Ignoring.
[WARN] [1786095909.901777263] [coord_transform]: Outlier rejected #4 (jumped 418.2mm). Ignoring.
[INFO] [1786095909.935288802] [coord_transform]: Too many outliers (5). Resetting filter to new position.
[WARN] [1786095910.102583823] [coord_transform]: Outlier rejected #1 (jumped 170.5mm). Ignoring.
[WARN] [1786095910.136563630] [coord_transform]: Outlier rejected #2 (jumped 242.5mm). Ignoring.
[WARN] [1786095910.203657070] [coord_transform]: Outlier rejected #1 (jumped 230.5mm). Ignoring.
[WARN] [1786095910.235763062] [coord_transform]: Outlier rejected #2 (jumped 286.6mm). Ignoring.
[WARN] [1786095910.370289348] [coord_transform]: Outlier rejected #1 (jumped 333.9mm). Ignoring.
[WARN] [1786095910.402086831] [coord_transform]: Outlier rejected #2 (jumped 224.4mm). Ignoring.
[WARN] [1786095910.570102945] [coord_transform]: Outlier rejected #1 (jumped 151.7mm). Ignoring.
[WARN] [1786095910.680255736] [coord_transform]: [EE] Tọa độ bị clamp: [-0.058  0.714  0.   ] → [-0.058  0.714  0.05 ]
[WARN] [1786095910.702898685] [coord_transform]: Outlier rejected #1 (jumped 283.9mm). Ignoring.
[INFO] [1786095911.347382472] [coord_transform]: [PREDICTION/EE] base[-0.058  0.714  0.05 ]
[WARN] [1786095911.713391891] [coord_transform]: [EE] Tọa độ bị clamp: [-0.058  0.714  0.   ] → [-0.058  0.714  0.05 ]
[WARN] [1786095912.039928919] [coord_transform]: Outlier rejected #1 (jumped 663.8mm). Ignoring.
[WARN] [1786095912.070201812] [coord_transform]: Outlier rejected #2 (jumped 672.9mm). Ignoring.
[WARN] [1786095912.102057656] [coord_transform]: Outlier rejected #3 (jumped 679.7mm). Ignoring.
[WARN] [1786095912.137213129] [coord_transform]: Outlier rejected #4 (jumped 687.1mm). Ignoring.
[INFO] [1786095912.169991222] [coord_transform]: Too many outliers (5). Resetting filter to new position.
[WARN] [1786095912.671586410] [coord_transform]: Outlier rejected #1 (jumped 154.6mm). Ignoring.
[WARN] [1786095912.705966178] [coord_transform]: Outlier rejected #2 (jumped 248.0mm). Ignoring.
[WARN] [1786095912.745807042] [coord_transform]: [EE] Tọa độ bị clamp: [-0.058  0.714  0.   ] → [-0.058  0.714  0.05 ]
[INFO] [1786095913.347586032] [coord_transform]: [PREDICTION/EE] base[-0.058  0.714  0.05 ]
[WARN] [1786095913.747039219] [coord_transform]: [EE] Tọa độ bị clamp: [-0.058  0.714  0.   ] → [-0.058  0.714  0.05 ]
[WARN] [1786095914.779581544] [coord_transform]: [EE] Tọa độ bị clamp: [-0.058  0.714  0.   ] → [-0.058  0.714  0.05 ]
[INFO] [1786095915.380522260] [coord_transform]: [PREDICTION/EE] base[-0.058  0.714  0.05 ]
[WARN] [1786095915.813022682] [coord_transform]: [EE] Tọa độ bị clamp: [-0.058  0.714  0.   ] → [-0.058  0.714  0.05 ]
[WARN] [1786095916.813712865] [coord_transform]: [EE] Tọa độ bị clamp: [-0.058  0.714  0.   ] → [-0.058  0.714  0.05 ]
[INFO] [1786095917.413687347] [coord_transform]: [PREDICTION/EE] base[-0.058  0.714  0.05 ]
[WARN] [1786095917.814557234] [coord_transform]: [EE] Tọa độ bị clamp: [-0.058  0.714  0.   ] → [-0.058  0.714  0.05 ]
[WARN] [1786095918.847893158] [coord_transform]: [EE] Tọa độ bị clamp: [-0.058  0.714  0.   ] → [-0.058  0.714  0.05 ]
[INFO] [1786095919.447105880] [coord_transform]: [PREDICTION/EE] base[-0.058  0.714  0.05 ]
[WARN] [1786095919.879934771] [coord_transform]: [EE] Tọa độ bị clamp: [-0.058  0.714  0.   ] → [-0.058  0.714  0.05 ]
[WARN] [1786095920.913074191] [coord_transform]: [EE] Tọa độ bị clamp: [-0.058  0.714  0.   ] → [-0.058  0.714  0.05 ]
[INFO] [1786095921.480055162] [coord_transform]: [PREDICTION/EE] base[-0.058  0.714  0.05 ]
[WARN] [1786095921.947474745] [coord_transform]: [EE] Tọa độ bị clamp: [-0.058  0.714  0.   ] → [-0.058  0.714  0.05 ]
[WARN] [1786095922.980395349] [coord_transform]: [EE] Tọa độ bị clamp: [-0.058  0.714  0.   ] → [-0.058  0.714  0.05 ]
[INFO] [1786095923.480178237] [coord_transform]: [PREDICTION/EE] base[-0.058  0.714  0.05 ]
[WARN] [1786095924.012662015] [coord_transform]: [EE] Tọa độ bị clamp: [-0.058  0.714  0.   ] → [-0.058  0.714  0.05 ]
[WARN] [1786095925.013277306] [coord_transform]: [EE] Tọa độ bị clamp: [-0.058  0.714  0.   ] → [-0.058  0.714  0.05 ]
[INFO] [1786095925.480729824] [coord_transform]: [PREDICTION/EE] base[-0.058  0.714  0.05 ]
[WARN] [1786095926.047982802] [coord_transform]: [EE] Tọa độ bị clamp: [-0.058  0.714  0.   ] → [-0.058  0.714  0.05 ]
[WARN] [1786095927.079825195] [coord_transform]: [EE] Tọa độ bị clamp: [-0.058  0.714  0.   ] → [-0.058  0.714  0.05 ]
[INFO] [1786095927.514293667] [coord_transform]: [PREDICTION/EE] base[-0.058  0.714  0.05 ]
[WARN] [1786095928.080188916] [coord_transform]: [EE] Tọa độ bị clamp: [-0.058  0.714  0.   ] → [-0.058  0.714  0.05 ]
[WARN] [1786095929.113082475] [coord_transform]: [EE] Tọa độ bị clamp: [-0.058  0.714  0.   ] → [-0.058  0.714  0.05 ]
[INFO] [1786095929.547298419] [coord_transform]: [PREDICTION/EE] base[-0.058  0.714  0.05 ]
[WARN] [1786095930.145825149] [coord_transform]: [EE] Tọa độ bị clamp: [-0.058  0.714  0.   ] → [-0.058  0.714  0.05 ]
[WARN] [1786095931.146587800] [coord_transform]: [EE] Tọa độ bị clamp: [-0.058  0.714  0.   ] → [-0.058  0.714  0.05 ]
[INFO] [1786095931.579784077] [coord_transform]: [PREDICTION/EE] base[-0.058  0.714  0.05 ]
[WARN] [1786095932.146718442] [coord_transform]: [EE] Tọa độ bị clamp: [-0.058  0.714  0.   ] → [-0.058  0.714  0.05 ]
[WARN] [1786095933.146896720] [coord_transform]: [EE] Tọa độ bị clamp: [-0.058  0.714  0.   ] → [-0.058  0.714  0.05 ]
[INFO] [1786095933.581132914] [coord_transform]: [PREDICTION/EE] base[-0.058  0.714  0.05 ]
[WARN] [1786095934.147854308] [coord_transform]: [EE] Tọa độ bị clamp: [-0.058  0.714  0.   ] → [-0.058  0.714  0.05 ]
[WARN] [1786095935.179919918] [coord_transform]: [EE] Tọa độ bị clamp: [-0.058  0.714  0.   ] → [-0.058  0.714  0.05 ]
[INFO] [1786095935.581728176] [coord_transform]: [PREDICTION/EE] base[-0.058  0.714  0.05 ]
[WARN] [1786095936.213298879] [coord_transform]: [EE] Tọa độ bị clamp: [-0.058  0.714  0.   ] → [-0.058  0.714  0.05 ]
[WARN] [1786095937.214107589] [coord_transform]: [EE] Tọa độ bị clamp: [-0.058  0.714  0.   ] → [-0.058  0.714  0.05 ]
[INFO] [1786095937.613891274] [coord_transform]: [PREDICTION/EE] base[-0.058  0.714  0.05 ]
[WARN] [1786095938.246664833] [coord_transform]: [EE] Tọa độ bị clamp: [-0.058  0.714  0.   ] → [-0.058  0.714  0.05 ]
[WARN] [1786095938.390976065] [coord_transform]: Outlier rejected #1 (jumped 741.6mm). Ignoring.
[WARN] [1786095938.422005313] [coord_transform]: Outlier rejected #2 (jumped 774.0mm). Ignoring.
[WARN] [1786095938.456035391] [coord_transform]: Outlier rejected #3 (jumped 774.0mm). Ignoring.
[WARN] [1786095938.489040056] [coord_transform]: Outlier rejected #4 (jumped 766.0mm). Ignoring.
[INFO] [1786095938.522059538] [coord_transform]: Too many outliers (5). Resetting filter to new position.
[WARN] [1786095939.246941508] [coord_transform]: [EE] Tọa độ bị clamp: [-0.058  0.714  0.   ] → [-0.058  0.714  0.05 ]
[INFO] [1786095939.613957749] [coord_transform]: [PREDICTION/EE] base[-0.058  0.714  0.05 ]
[WARN] [1786095940.279643208] [coord_transform]: [EE] Tọa độ bị clamp: [-0.058  0.714  0.   ] → [-0.058  0.714  0.05 ]
[WARN] [1786095941.279924095] [coord_transform]: [EE] Tọa độ bị clamp: [-0.058  0.714  0.   ] → [-0.058  0.714  0.05 ]
[INFO] [1786095941.614043499] [coord_transform]: [PREDICTION/EE] base[-0.058  0.714  0.05 ]
[WARN] [1786095942.313372420] [coord_transform]: [EE] Tọa độ bị clamp: [-0.058  0.714  0.   ] → [-0.058  0.714  0.05 ]
[WARN] [1786095942.905010248] [coord_transform]: Outlier rejected #1 (jumped 237.8mm). Ignoring.
[WARN] [1786095942.930820384] [coord_transform]: Outlier rejected #2 (jumped 241.9mm). Ignoring.
[WARN] [1786095942.959748341] [coord_transform]: Outlier rejected #3 (jumped 247.6mm). Ignoring.
[WARN] [1786095942.996614812] [coord_transform]: Outlier rejected #4 (jumped 254.6mm). Ignoring.
[INFO] [1786095943.026112538] [coord_transform]: Too many outliers (5). Resetting filter to new position.
[WARN] [1786095943.345974124] [coord_transform]: [EE] Tọa độ bị clamp: [-0.058  0.714  0.   ] → [-0.058  0.714  0.05 ]
[INFO] [1786095943.614305065] [coord_transform]: [PREDICTION/EE] base[-0.058  0.714  0.05 ]
[WARN] [1786095944.379776568] [coord_transform]: [EE] Tọa độ bị clamp: [-0.058  0.714  0.   ] → [-0.058  0.714  0.05 ]
[WARN] [1786095945.413247668] [coord_transform]: [EE] Tọa độ bị clamp: [-0.058  0.714  0.   ] → [-0.058  0.714  0.05 ]
[INFO] [1786095945.647868473] [coord_transform]: [PREDICTION/EE] base[-0.058  0.714  0.05 ]
[WARN] [1786095946.414073072] [coord_transform]: [EE] Tọa độ bị clamp: [-0.058  0.714  0.   ] → [-0.058  0.714  0.05 ]
[WARN] [1786095947.446807203] [coord_transform]: [EE] Tọa độ bị clamp: [-0.058  0.714  0.   ] → [-0.058  0.714  0.05 ]
[INFO] [1786095947.680424769] [coord_transform]: [PREDICTION/EE] base[-0.058  0.714  0.05 ]
[WARN] [1786095948.480198555] [coord_transform]: [EE] Tọa độ bị clamp: [-0.058  0.714  0.   ] → [-0.058  0.714  0.05 ]
[WARN] [1786095949.513230790] [coord_transform]: [EE] Tọa độ bị clamp: [-0.058  0.714  0.   ] → [-0.058  0.714  0.05 ]
[INFO] [1786095949.713849353] [coord_transform]: [PREDICTION/EE] base[-0.058  0.714  0.05 ]
[WARN] [1786095950.514383446] [coord_transform]: [EE] Tọa độ bị clamp: [-0.058  0.714  0.   ] → [-0.058  0.714  0.05 ]
[WARN] [1786095951.547828440] [coord_transform]: [EE] Tọa độ bị clamp: [-0.058  0.714  0.   ] → [-0.058  0.714  0.05 ]
[INFO] [1786095951.748041524] [coord_transform]: [PREDICTION/EE] base[-0.058  0.714  0.05 ]
[WARN] [1786095952.579937584] [coord_transform]: [EE] Tọa độ bị clamp: [-0.058  0.714  0.   ] → [-0.058  0.714  0.05 ]
[WARN] [1786095953.581318750] [coord_transform]: [EE] Tọa độ bị clamp: [-0.058  0.714  0.   ] → [-0.058  0.714  0.05 ]
[INFO] [1786095953.780435009] [coord_transform]: [PREDICTION/EE] base[-0.058  0.714  0.05 ]
[WARN] [1786095954.078349798] [coord_transform]: Outlier rejected #1 (jumped 518.7mm). Ignoring.
[WARN] [1786095954.101765223] [coord_transform]: Outlier rejected #2 (jumped 518.5mm). Ignoring.
[WARN] [1786095954.135738288] [coord_transform]: Outlier rejected #3 (jumped 518.9mm). Ignoring.
[WARN] [1786095954.167017278] [coord_transform]: Outlier rejected #4 (jumped 518.9mm). Ignoring.
[INFO] [1786095954.201766370] [coord_transform]: Too many outliers (5). Resetting filter to new position.
[WARN] [1786095954.613629356] [coord_transform]: [EE] Tọa độ bị clamp: [-0.058  0.714  0.   ] → [-0.058  0.714  0.05 ]
[WARN] [1786095955.614167172] [coord_transform]: [EE] Tọa độ bị clamp: [-0.058  0.714  0.   ] → [-0.058  0.714  0.05 ]
[INFO] [1786095955.813742375] [coord_transform]: [PREDICTION/EE] base[-0.058  0.714  0.05 ]
[WARN] [1786095956.646859018] [coord_transform]: [EE] Tọa độ bị clamp: [-0.058  0.714  0.   ] → [-0.058  0.714  0.05 ]
[WARN] [1786095957.679706243] [coord_transform]: [EE] Tọa độ bị clamp: [-0.058  0.714  0.   ] → [-0.058  0.714  0.05 ]
[INFO] [1786095957.815625356] [coord_transform]: [PREDICTION/EE] base[-0.058  0.714  0.05 ]
[WARN] [1786095958.713088298] [coord_transform]: [EE] Tọa độ bị clamp: [-0.058  0.714  0.   ] → [-0.058  0.714  0.05 ]
[WARN] [1786095959.713722413] [coord_transform]: [EE] Tọa độ bị clamp: [-0.058  0.714  0.   ] → [-0.058  0.714  0.05 ]
[INFO] [1786095959.847192042] [coord_transform]: [PREDICTION/EE] base[-0.058  0.714  0.05 ]
[WARN] [1786095960.746969809] [coord_transform]: [EE] Tọa độ bị clamp: [-0.058  0.714  0.   ] → [-0.058  0.714  0.05 ]
[WARN] [1786095961.747257497] [coord_transform]: [EE] Tọa độ bị clamp: [-0.058  0.714  0.   ] → [-0.058  0.714  0.05 ]
[INFO] [1786095961.847781990] [coord_transform]: [PREDICTION/EE] base[-0.058  0.714  0.05 ]
[WARN] [1786095962.747393447] [coord_transform]: [EE] Tọa độ bị clamp: [-0.058  0.714  0.   ] → [-0.058  0.714  0.05 ]
[WARN] [1786095963.780679266] [coord_transform]: [EE] Tọa độ bị clamp: [-0.058  0.714  0.   ] → [-0.058  0.714  0.05 ]
[INFO] [1786095963.880797558] [coord_transform]: [PREDICTION/EE] base[-0.058  0.714  0.05 ]
[WARN] [1786095964.813593615] [coord_transform]: [EE] Tọa độ bị clamp: [-0.058  0.714  0.   ] → [-0.058  0.714  0.05 ]
[WARN] [1786095965.814203574] [coord_transform]: [EE] Tọa độ bị clamp: [-0.058  0.714  0.   ] → [-0.058  0.714  0.05 ]
[INFO] [1786095965.913448940] [coord_transform]: [PREDICTION/EE] base[-0.058  0.714  0.05 ]
[WARN] [1786095966.846882956] [coord_transform]: [EE] Tọa độ bị clamp: [-0.058  0.714  0.   ] → [-0.058  0.714  0.05 ]
[WARN] [1786095967.880250386] [coord_transform]: [EE] Tọa độ bị clamp: [-0.058  0.714  0.   ] → [-0.058  0.714  0.05 ]
[INFO] [1786095967.914167038] [coord_transform]: [PREDICTION/EE] base[-0.058  0.714  0.05 ]
[WARN] [1786095968.912877213] [coord_transform]: [EE] Tọa độ bị clamp: [-0.058  0.714  0.   ] → [-0.058  0.714  0.05 ]
[WARN] [1786095969.913611944] [coord_transform]: [EE] Tọa độ bị clamp: [-0.058  0.714  0.   ] → [-0.058  0.714  0.05 ]
[INFO] [1786095969.915144599] [coord_transform]: [PREDICTION/EE] base[-0.058  0.714  0.05 ]
[WARN] [1786095970.946011298] [coord_transform]: [EE] Tọa độ bị clamp: [-0.058  0.714  0.   ] → [-0.058  0.714  0.05 ]
[WARN] [1786095971.946989328] [coord_transform]: [EE] Tọa độ bị clamp: [-0.058  0.714  0.   ] → [-0.058  0.714  0.05 ]
[INFO] [1786095971.947535924] [coord_transform]: [PREDICTION/EE] base[-0.058  0.714  0.05 ]
[WARN] [1786095972.980114888] [coord_transform]: [EE] Tọa độ bị clamp: [-0.058  0.714  0.   ] → [-0.058  0.714  0.05 ]
[INFO] [1786095973.979954436] [coord_transform]: [PREDICTION/EE] base[-0.058  0.714  0.05 ]
[WARN] [1786095974.013445901] [coord_transform]: [EE] Tọa độ bị clamp: [-0.058  0.714  0.   ] → [-0.058  0.714  0.05 ]
[WARN] [1786095975.046273607] [coord_transform]: [EE] Tọa độ bị clamp: [-0.058  0.714  0.   ] → [-0.058  0.714  0.05 ]
[INFO] [1786095975.980815417] [coord_transform]: [PREDICTION/EE] base[-0.058  0.714  0.05 ]
[WARN] [1786095976.047053532] [coord_transform]: [EE] Tọa độ bị clamp: [-0.058  0.714  0.   ] → [-0.058  0.714  0.05 ]
[WARN] [1786095977.079956893] [coord_transform]: [EE] Tọa độ bị clamp: [-0.058  0.714  0.   ] → [-0.058  0.714  0.05 ]
[INFO] [1786095978.015812150] [coord_transform]: [PREDICTION/EE] base[-0.058  0.714  0.05 ]
[WARN] [1786095978.112834322] [coord_transform]: [EE] Tọa độ bị clamp: [-0.058  0.714  0.   ] → [-0.058  0.714  0.05 ]
[WARN] [1786095979.113134486] [coord_transform]: [EE] Tọa độ bị clamp: [-0.058  0.714  0.   ] → [-0.058  0.714  0.05 ]
[INFO] [1786095980.047889741] [coord_transform]: [PREDICTION/EE] base[-0.058  0.714  0.05 ]
[WARN] [1786095980.147042743] [coord_transform]: [EE] Tọa độ bị clamp: [-0.058  0.714  0.   ] → [-0.058  0.714  0.05 ]
[WARN] [1786095981.179973162] [coord_transform]: [EE] Tọa độ bị clamp: [-0.058  0.714  0.   ] → [-0.058  0.714  0.05 ]
[INFO] [1786095982.079256475] [coord_transform]: [PREDICTION/EE] base[-0.058  0.714  0.05 ]
[WARN] [1786095982.212836381] [coord_transform]: [EE] Tọa độ bị clamp: [-0.058  0.714  0.   ] → [-0.058  0.714  0.05 ]
[WARN] [1786095983.212859061] [coord_transform]: [EE] Tọa độ bị clamp: [-0.058  0.714  0.   ] → [-0.058  0.714  0.05 ]
[INFO] [1786095984.080413826] [coord_transform]: [PREDICTION/EE] base[-0.058  0.714  0.05 ]
[WARN] [1786095984.213113101] [coord_transform]: [EE] Tọa độ bị clamp: [-0.058  0.714  0.   ] → [-0.058  0.714  0.05 ]
[WARN] [1786095985.246156108] [coord_transform]: [EE] Tọa độ bị clamp: [-0.058  0.714  0.   ] → [-0.058  0.714  0.05 ]
[INFO] [1786095986.080648300] [coord_transform]: [PREDICTION/EE] base[-0.058  0.714  0.05 ]
[WARN] [1786095986.279997890] [coord_transform]: [EE] Tọa độ bị clamp: [-0.058  0.714  0.   ] → [-0.058  0.714  0.05 ]
[WARN] [1786095987.280307261] [coord_transform]: [EE] Tọa độ bị clamp: [-0.058  0.714  0.   ] → [-0.058  0.714  0.05 ]
[INFO] [1786095988.080873869] [coord_transform]: [PREDICTION/EE] base[-0.058  0.714  0.05 ]
[WARN] [1786095988.282564143] [coord_transform]: [EE] Tọa độ bị clamp: [-0.058  0.714  0.   ] → [-0.058  0.714  0.05 ]
[WARN] [1786095989.313928233] [coord_transform]: [EE] Tọa độ bị clamp: [-0.058  0.714  0.   ] → [-0.058  0.714  0.05 ]
[INFO] [1786095990.082418059] [coord_transform]: [PREDICTION/EE] base[-0.058  0.714  0.05 ]
[WARN] [1786095990.314159899] [coord_transform]: [EE] Tọa độ bị clamp: [-0.058  0.714  0.   ] → [-0.058  0.714  0.05 ]
[WARN] [1786095991.346566386] [coord_transform]: [EE] Tọa độ bị clamp: [-0.058  0.714  0.   ] → [-0.058  0.714  0.05 ]
[INFO] [1786095992.114059549] [coord_transform]: [PREDICTION/EE] base[-0.058  0.714  0.05 ]
[WARN] [1786095992.379786599] [coord_transform]: [EE] Tọa độ bị clamp: [-0.058  0.714  0.   ] → [-0.058  0.714  0.05 ]
[WARN] [1786095993.380124661] [coord_transform]: [EE] Tọa độ bị clamp: [-0.058  0.714  0.   ] → [-0.058  0.714  0.05 ]
[INFO] [1786095994.114278530] [coord_transform]: [PREDICTION/EE] base[-0.058  0.714  0.05 ]
[WARN] [1786095994.412818902] [coord_transform]: [EE] Tọa độ bị clamp: [-0.058  0.714  0.   ] → [-0.058  0.714  0.05 ]
[WARN] [1786095995.413288927] [coord_transform]: [EE] Tọa độ bị clamp: [-0.058  0.714  0.   ] → [-0.058  0.714  0.05 ]
[INFO] [1786095996.147218526] [coord_transform]: [PREDICTION/EE] base[-0.058  0.714  0.05 ]
[WARN] [1786095996.446571686] [coord_transform]: [EE] Tọa độ bị clamp: [-0.058  0.714  0.   ] → [-0.058  0.714  0.05 ]
[WARN] [1786095997.479764041] [coord_transform]: [EE] Tọa độ bị clamp: [-0.058  0.714  0.   ] → [-0.058  0.714  0.05 ]
[INFO] [1786095998.179644773] [coord_transform]: [PREDICTION/EE] base[-0.058  0.714  0.05 ]
[WARN] [1786095998.513201865] [coord_transform]: [EE] Tọa độ bị clamp: [-0.058  0.714  0.   ] → [-0.058  0.714  0.05 ]
[WARN] [1786095999.513541331] [coord_transform]: [EE] Tọa độ bị clamp: [-0.058  0.714  0.   ] → [-0.058  0.714  0.05 ]
[INFO] [1786096000.179648690] [coord_transform]: [PREDICTION/EE] base[-0.058  0.714  0.05 ]
[WARN] [1786096000.513563367] [coord_transform]: [EE] Tọa độ bị clamp: [-0.058  0.714  0.   ] → [-0.058  0.714  0.05 ]
[WARN] [1786096001.514447908] [coord_transform]: [EE] Tọa độ bị clamp: [-0.058  0.714  0.   ] → [-0.058  0.714  0.05 ]
[INFO] [1786096002.179844863] [coord_transform]: [PREDICTION/EE] base[-0.058  0.714  0.05 ]
[WARN] [1786096002.547989141] [coord_transform]: [EE] Tọa độ bị clamp: [-0.058  0.714  0.   ] → [-0.058  0.714  0.05 ]
[WARN] [1786096003.579791968] [coord_transform]: [EE] Tọa độ bị clamp: [-0.058  0.714  0.   ] → [-0.058  0.714  0.05 ]
[INFO] [1786096004.179932947] [coord_transform]: [PREDICTION/EE] base[-0.058  0.714  0.05 ]
[WARN] [1786096004.613248554] [coord_transform]: [EE] Tọa độ bị clamp: [-0.058  0.714  0.   ] → [-0.058  0.714  0.05 ]
[WARN] [1786096005.646537713] [coord_transform]: [EE] Tọa độ bị clamp: [-0.058  0.714  0.   ] → [-0.058  0.714  0.05 ]
[INFO] [1786096006.181244031] [coord_transform]: [PREDICTION/EE] base[-0.058  0.714  0.05 ]
[WARN] [1786096006.649910366] [coord_transform]: [EE] Tọa độ bị clamp: [-0.058  0.714  0.   ] → [-0.058  0.714  0.05 ]
[WARN] [1786096007.679368648] [coord_transform]: [EE] Tọa độ bị clamp: [-0.058  0.714  0.   ] → [-0.058  0.714  0.05 ]
[INFO] [1786096008.214665360] [coord_transform]: [PREDICTION/EE] base[-0.058  0.714  0.05 ]
[WARN] [1786096008.680012090] [coord_transform]: [EE] Tọa độ bị clamp: [-0.058  0.714  0.   ] → [-0.058  0.714  0.05 ]
[WARN] [1786096009.713072575] [coord_transform]: [EE] Tọa độ bị clamp: [-0.058  0.714  0.   ] → [-0.058  0.714  0.05 ]
[INFO] [1786096010.215497013] [coord_transform]: [PREDICTION/EE] base[-0.058  0.714  0.05 ]
[WARN] [1786096010.713063675] [coord_transform]: [EE] Tọa độ bị clamp: [-0.058  0.714  0.   ] → [-0.058  0.714  0.05 ]
[WARN] [1786096011.714429061] [coord_transform]: [EE] Tọa độ bị clamp: [-0.058  0.714  0.   ] → [-0.058  0.714  0.05 ]
[INFO] [1786096012.248515415] [coord_transform]: [PREDICTION/EE] base[-0.058  0.714  0.05 ]
[WARN] [1786096012.746172703] [coord_transform]: [EE] Tọa độ bị clamp: [-0.058  0.714  0.   ] → [-0.058  0.714  0.05 ]
[WARN] [1786096013.746213726] [coord_transform]: [EE] Tọa độ bị clamp: [-0.058  0.714  0.   ] → [-0.058  0.714  0.05 ]
[INFO] [1786096014.280022084] [coord_transform]: [PREDICTION/EE] base[-0.058  0.714  0.05 ]
[WARN] [1786096014.746456532] [coord_transform]: [EE] Tọa độ bị clamp: [-0.058  0.714  0.   ] → [-0.058  0.714  0.05 ]
[WARN] [1786096015.746529476] [coord_transform]: [EE] Tọa độ bị clamp: [-0.058  0.714  0.   ] → [-0.058  0.714  0.05 ]
[INFO] [1786096016.280841386] [coord_transform]: [PREDICTION/EE] base[-0.058  0.714  0.05 ]
[WARN] [1786096016.779626032] [coord_transform]: [EE] Tọa độ bị clamp: [-0.058  0.714  0.   ] → [-0.058  0.714  0.05 ]
[WARN] [1786096017.779961822] [coord_transform]: [EE] Tọa độ bị clamp: [-0.058  0.714  0.   ] → [-0.058  0.714  0.05 ]
[INFO] [1786096018.313634088] [coord_transform]: [PREDICTION/EE] base[-0.058  0.714  0.05 ]
[WARN] [1786096018.812405926] [coord_transform]: [EE] Tọa độ bị clamp: [-0.058  0.714  0.   ] → [-0.058  0.714  0.05 ]
[WARN] [1786096019.812520643] [coord_transform]: [EE] Tọa độ bị clamp: [-0.058  0.714  0.   ] → [-0.058  0.714  0.05 ]
[INFO] [1786096020.314459620] [coord_transform]: [PREDICTION/EE] base[-0.058  0.714  0.05 ]
[WARN] [1786096020.813351539] [coord_transform]: [EE] Tọa độ bị clamp: [-0.058  0.714  0.   ] → [-0.058  0.714  0.05 ]
[WARN] [1786096021.848741280] [coord_transform]: [EE] Tọa độ bị clamp: [-0.058  0.714  0.   ] → [-0.058  0.714  0.05 ]
[INFO] [1786096022.346369693] [coord_transform]: [PREDICTION/EE] base[-0.058  0.714  0.05 ]
[WARN] [1786096022.879609321] [coord_transform]: [EE] Tọa độ bị clamp: [-0.058  0.714  0.   ] → [-0.058  0.714  0.05 ]
[WARN] [1786096023.913441412] [coord_transform]: [EE] Tọa độ bị clamp: [-0.058  0.714  0.   ] → [-0.058  0.714  0.05 ]
[INFO] [1786096024.346876084] [coord_transform]: [PREDICTION/EE] base[-0.058  0.714  0.05 ]
[WARN] [1786096024.946119723] [coord_transform]: [EE] Tọa độ bị clamp: [-0.058  0.714  0.   ] → [-0.058  0.714  0.05 ]
[WARN] [1786096025.946606574] [coord_transform]: [EE] Tọa độ bị clamp: [-0.058  0.714  0.   ] → [-0.058  0.714  0.05 ]
[INFO] [1786096026.347313568] [coord_transform]: [PREDICTION/EE] base[-0.058  0.714  0.05 ]
[WARN] [1786096026.979272313] [coord_transform]: [EE] Tọa độ bị clamp: [-0.058  0.714  0.   ] → [-0.058  0.714  0.05 ]
[WARN] [1786096028.013258037] [coord_transform]: [EE] Tọa độ bị clamp: [-0.058  0.714  0.   ] → [-0.058  0.714  0.05 ]
[INFO] [1786096028.380166693] [coord_transform]: [PREDICTION/EE] base[-0.058  0.714  0.05 ]
[WARN] [1786096029.014175484] [coord_transform]: [EE] Tọa độ bị clamp: [-0.058  0.714  0.   ] → [-0.058  0.714  0.05 ]
[WARN] [1786096030.046725235] [coord_transform]: [EE] Tọa độ bị clamp: [-0.058  0.714  0.   ] → [-0.058  0.714  0.05 ]
[INFO] [1786096030.413443046] [coord_transform]: [PREDICTION/EE] base[-0.058  0.714  0.05 ]
[WARN] [1786096031.079824483] [coord_transform]: [EE] Tọa độ bị clamp: [-0.058  0.714  0.   ] → [-0.058  0.714  0.05 ]
[WARN] [1786096032.113357892] [coord_transform]: [EE] Tọa độ bị clamp: [-0.058  0.714  0.   ] → [-0.058  0.714  0.05 ]
[INFO] [1786096032.413761097] [coord_transform]: [PREDICTION/EE] base[-0.058  0.714  0.05 ]
[WARN] [1786096033.146695680] [coord_transform]: [EE] Tọa độ bị clamp: [-0.058  0.714  0.   ] → [-0.058  0.714  0.05 ]
[WARN] [1786096034.179643522] [coord_transform]: [EE] Tọa độ bị clamp: [-0.058  0.714  0.   ] → [-0.058  0.714  0.05 ]
[INFO] [1786096034.447094224] [coord_transform]: [PREDICTION/EE] base[-0.058  0.714  0.05 ]
[WARN] [1786096035.213214831] [coord_transform]: [EE] Tọa độ bị clamp: [-0.058  0.714  0.   ] → [-0.058  0.714  0.05 ]
[WARN] [1786096036.213807670] [coord_transform]: [EE] Tọa độ bị clamp: [-0.058  0.714  0.   ] → [-0.058  0.714  0.05 ]
[INFO] [1786096036.448570976] [coord_transform]: [PREDICTION/EE] base[-0.058  0.714  0.05 ]
[WARN] [1786096037.245945690] [coord_transform]: [EE] Tọa độ bị clamp: [-0.058  0.714  0.   ] → [-0.058  0.714  0.05 ]
[WARN] [1786096038.246546235] [coord_transform]: [EE] Tọa độ bị clamp: [-0.058  0.714  0.   ] → [-0.058  0.714  0.05 ]
[INFO] [1786096038.480826157] [coord_transform]: [PREDICTION/EE] base[-0.058  0.714  0.05 ]
[WARN] [1786096039.247135545] [coord_transform]: [EE] Tọa độ bị clamp: [-0.058  0.714  0.   ] → [-0.058  0.714  0.05 ]
[WARN] [1786096040.248544669] [coord_transform]: [EE] Tọa độ bị clamp: [-0.058  0.714  0.   ] → [-0.058  0.714  0.05 ]
[INFO] [1786096040.513580187] [coord_transform]: [PREDICTION/EE] base[-0.058  0.714  0.05 ]
[WARN] [1786096041.279221571] [coord_transform]: [EE] Tọa độ bị clamp: [-0.058  0.714  0.   ] → [-0.058  0.714  0.05 ]
[WARN] [1786096042.279678009] [coord_transform]: [EE] Tọa độ bị clamp: [-0.058  0.714  0.   ] → [-0.058  0.714  0.05 ]
[INFO] [1786096042.513660677] [coord_transform]: [PREDICTION/EE] base[-0.058  0.714  0.05 ]
[WARN] [1786096043.312895120] [coord_transform]: [EE] Tọa độ bị clamp: [-0.058  0.714  0.   ] → [-0.058  0.714  0.05 ]
[WARN] [1786096044.312984680] [coord_transform]: [EE] Tọa độ bị clamp: [-0.058  0.714  0.   ] → [-0.058  0.714  0.05 ]
[INFO] [1786096044.513808336] [coord_transform]: [PREDICTION/EE] base[-0.058  0.714  0.05 ]
[WARN] [1786096045.314057813] [coord_transform]: [EE] Tọa độ bị clamp: [-0.058  0.714  0.   ] → [-0.058  0.714  0.05 ]
[WARN] [1786096046.347025483] [coord_transform]: [EE] Tọa độ bị clamp: [-0.058  0.714  0.   ] → [-0.058  0.714  0.05 ]
[INFO] [1786096046.549996641] [coord_transform]: [PREDICTION/EE] base[-0.058  0.714  0.05 ]
[WARN] [1786096047.379214889] [coord_transform]: [EE] Tọa độ bị clamp: [-0.058  0.714  0.   ] → [-0.058  0.714  0.05 ]
[WARN] [1786096048.379877037] [coord_transform]: [EE] Tọa độ bị clamp: [-0.058  0.714  0.   ] → [-0.058  0.714  0.05 ]
[INFO] [1786096048.581935424] [coord_transform]: [PREDICTION/EE] base[-0.058  0.714  0.05 ]
[WARN] [1786096049.379977887] [coord_transform]: [EE] Tọa độ bị clamp: [-0.058  0.714  0.   ] → [-0.058  0.714  0.05 ]
[WARN] [1786096050.413155646] [coord_transform]: [EE] Tọa độ bị clamp: [-0.058  0.714  0.   ] → [-0.058  0.714  0.05 ]
[INFO] [1786096050.614436025] [coord_transform]: [PREDICTION/EE] base[-0.058  0.714  0.05 ]
[WARN] [1786096051.414925189] [coord_transform]: [EE] Tọa độ bị clamp: [-0.058  0.714  0.   ] → [-0.058  0.714  0.05 ]
[WARN] [1786096052.447452348] [coord_transform]: [EE] Tọa độ bị clamp: [-0.058  0.714  0.   ] → [-0.058  0.714  0.05 ]
[INFO] [1786096052.647292947] [coord_transform]: [PREDICTION/EE] base[-0.058  0.714  0.05 ]
[WARN] [1786096053.480690137] [coord_transform]: [EE] Tọa độ bị clamp: [-0.058  0.714  0.   ] → [-0.058  0.714  0.05 ]
[WARN] [1786096054.513358723] [coord_transform]: [EE] Tọa độ bị clamp: [-0.058  0.714  0.   ] → [-0.058  0.714  0.05 ]
[INFO] [1786096054.648862046] [coord_transform]: [PREDICTION/EE] base[-0.058  0.714  0.05 ]
[WARN] [1786096055.546589431] [coord_transform]: [EE] Tọa độ bị clamp: [-0.058  0.714  0.   ] → [-0.058  0.714  0.05 ]
[WARN] [1786096056.579811517] [coord_transform]: [EE] Tọa độ bị clamp: [-0.058  0.714  0.   ] → [-0.058  0.714  0.05 ]
[INFO] [1786096056.679665089] [coord_transform]: [PREDICTION/EE] base[-0.058  0.714  0.05 ]
[WARN] [1786096057.613051634] [coord_transform]: [EE] Tọa độ bị clamp: [-0.058  0.714  0.   ] → [-0.058  0.714  0.05 ]
[WARN] [1786096058.647855993] [coord_transform]: [EE] Tọa độ bị clamp: [-0.058  0.714  0.   ] → [-0.058  0.714  0.05 ]
[INFO] [1786096058.680726960] [coord_transform]: [PREDICTION/EE] base[-0.058  0.714  0.05 ]
[WARN] [1786096059.679584553] [coord_transform]: [EE] Tọa độ bị clamp: [-0.058  0.714  0.   ] → [-0.058  0.714  0.05 ]
[WARN] [1786096060.713007050] [coord_transform]: [EE] Tọa độ bị clamp: [-0.058  0.714  0.   ] → [-0.058  0.714  0.05 ]
[INFO] [1786096060.713484546] [coord_transform]: [PREDICTION/EE] base[-0.058  0.714  0.05 ]
[WARN] [1786096061.713059317] [coord_transform]: [EE] Tọa độ bị clamp: [-0.058  0.714  0.   ] → [-0.058  0.714  0.05 ]
[WARN] [1786096062.746862840] [coord_transform]: [EE] Tọa độ bị clamp: [-0.058  0.714  0.   ] → [-0.058  0.714  0.05 ]
[INFO] [1786096062.747460592] [coord_transform]: [PREDICTION/EE] base[-0.058  0.714  0.05 ]
[WARN] [1786096063.779836551] [coord_transform]: [EE] Tọa độ bị clamp: [-0.058  0.714  0.   ] → [-0.058  0.714  0.05 ]
[INFO] [1786096064.779769861] [coord_transform]: [PREDICTION/EE] base[-0.058  0.714  0.05 ]
[WARN] [1786096064.813245385] [coord_transform]: [EE] Tọa độ bị clamp: [-0.058  0.714  0.   ] → [-0.058  0.714  0.05 ]
[WARN] [1786096065.813724505] [coord_transform]: [EE] Tọa độ bị clamp: [-0.058  0.714  0.   ] → [-0.058  0.714  0.05 ]
[INFO] [1786096066.813582584] [coord_transform]: [PREDICTION/EE] base[-0.058  0.714  0.05 ]
[WARN] [1786096066.846400434] [coord_transform]: [EE] Tọa độ bị clamp: [-0.058  0.714  0.   ] → [-0.058  0.714  0.05 ]
[WARN] [1786096067.879204951] [coord_transform]: [EE] Tọa độ bị clamp: [-0.058  0.714  0.   ] → [-0.058  0.714  0.05 ]
[INFO] [1786096068.813583685] [coord_transform]: [PREDICTION/EE] base[-0.058  0.714  0.05 ]
[WARN] [1786096068.879333068] [coord_transform]: [EE] Tọa độ bị clamp: [-0.058  0.714  0.   ] → [-0.058  0.714  0.05 ]
[WARN] [1786096069.879908240] [coord_transform]: [EE] Tọa độ bị clamp: [-0.058  0.714  0.   ] → [-0.058  0.714  0.05 ]
[INFO] [1786096070.813943330] [coord_transform]: [PREDICTION/EE] base[-0.058  0.714  0.05 ]
[WARN] [1786096070.913198766] [coord_transform]: [EE] Tọa độ bị clamp: [-0.058  0.714  0.   ] → [-0.058  0.714  0.05 ]
[WARN] [1786096071.946412463] [coord_transform]: [EE] Tọa độ bị clamp: [-0.058  0.714  0.   ] → [-0.058  0.714  0.05 ]
[INFO] [1786096072.846664821] [coord_transform]: [PREDICTION/EE] base[-0.058  0.714  0.05 ]
[WARN] [1786096072.946584836] [coord_transform]: [EE] Tọa độ bị clamp: [-0.058  0.714  0.   ] → [-0.058  0.714  0.05 ]
[WARN] [1786096073.979573903] [coord_transform]: [EE] Tọa độ bị clamp: [-0.058  0.714  0.   ] → [-0.058  0.714  0.05 ]
[INFO] [1786096074.847138643] [coord_transform]: [PREDICTION/EE] base[-0.058  0.714  0.05 ]
[WARN] [1786096074.980218312] [coord_transform]: [EE] Tọa độ bị clamp: [-0.058  0.714  0.   ] → [-0.058  0.714  0.05 ]
[WARN] [1786096076.013276890] [coord_transform]: [EE] Tọa độ bị clamp: [-0.058  0.714  0.   ] → [-0.058  0.714  0.05 ]
[INFO] [1786096076.847479507] [coord_transform]: [PREDICTION/EE] base[-0.058  0.714  0.05 ]
[WARN] [1786096077.048037308] [coord_transform]: [EE] Tọa độ bị clamp: [-0.058  0.714  0.   ] → [-0.058  0.714  0.05 ]
[WARN] [1786096078.079090514] [coord_transform]: [EE] Tọa độ bị clamp: [-0.058  0.714  0.   ] → [-0.058  0.714  0.05 ]
[INFO] [1786096078.880090956] [coord_transform]: [PREDICTION/EE] base[-0.058  0.714  0.05 ]
[WARN] [1786096079.079649504] [coord_transform]: [EE] Tọa độ bị clamp: [-0.058  0.714  0.   ] → [-0.058  0.714  0.05 ]
[WARN] [1786096080.113047281] [coord_transform]: [EE] Tọa độ bị clamp: [-0.058  0.714  0.   ] → [-0.058  0.714  0.05 ]
[INFO] [1786096080.913361956] [coord_transform]: [PREDICTION/EE] base[-0.058  0.714  0.05 ]
[WARN] [1786096081.113290390] [coord_transform]: [EE] Tọa độ bị clamp: [-0.058  0.714  0.   ] → [-0.058  0.714  0.05 ]
[WARN] [1786096082.147354679] [coord_transform]: [EE] Tọa độ bị clamp: [-0.058  0.714  0.   ] → [-0.058  0.714  0.05 ]
[INFO] [1786096082.913420533] [coord_transform]: [PREDICTION/EE] base[-0.058  0.714  0.05 ]
[WARN] [1786096083.180254288] [coord_transform]: [EE] Tọa độ bị clamp: [-0.058  0.714  0.   ] → [-0.058  0.714  0.05 ]
[WARN] [1786096084.213349429] [coord_transform]: [EE] Tọa độ bị clamp: [-0.058  0.714  0.   ] → [-0.058  0.714  0.05 ]
[INFO] [1786096084.913826233] [coord_transform]: [PREDICTION/EE] base[-0.058  0.714  0.05 ]
[WARN] [1786096085.246173217] [coord_transform]: [EE] Tọa độ bị clamp: [-0.058  0.714  0.   ] → [-0.058  0.714  0.05 ]
[WARN] [1786096086.246342885] [coord_transform]: [EE] Tọa độ bị clamp: [-0.058  0.714  0.   ] → [-0.058  0.714  0.05 ]
[INFO] [1786096086.946975438] [coord_transform]: [PREDICTION/EE] base[-0.058  0.714  0.05 ]
[WARN] [1786096087.279421621] [coord_transform]: [EE] Tọa độ bị clamp: [-0.058  0.714  0.   ] → [-0.058  0.714  0.05 ]
[WARN] [1786096088.279759345] [coord_transform]: [EE] Tọa độ bị clamp: [-0.058  0.714  0.   ] → [-0.058  0.714  0.05 ]
[INFO] [1786096088.947761003] [coord_transform]: [PREDICTION/EE] base[-0.058  0.714  0.05 ]
[WARN] [1786096089.279840381] [coord_transform]: [EE] Tọa độ bị clamp: [-0.058  0.714  0.   ] → [-0.058  0.714  0.05 ]
[WARN] [1786096090.280311676] [coord_transform]: [EE] Tọa độ bị clamp: [-0.058  0.714  0.   ] → [-0.058  0.714  0.05 ]
[INFO] [1786096090.981076542] [coord_transform]: [PREDICTION/EE] base[-0.058  0.714  0.05 ]
[WARN] [1786096091.312769028] [coord_transform]: [EE] Tọa độ bị clamp: [-0.058  0.714  0.   ] → [-0.058  0.714  0.05 ]
[WARN] [1786096092.313183245] [coord_transform]: [EE] Tọa độ bị clamp: [-0.058  0.714  0.   ] → [-0.058  0.714  0.05 ]
[INFO] [1786096093.014894605] [coord_transform]: [PREDICTION/EE] base[-0.058  0.714  0.05 ]
[WARN] [1786096093.346230425] [coord_transform]: [EE] Tọa độ bị clamp: [-0.058  0.714  0.   ] → [-0.058  0.714  0.05 ]
[WARN] [1786096094.346552159] [coord_transform]: [EE] Tọa độ bị clamp: [-0.058  0.714  0.   ] → [-0.058  0.714  0.05 ]
[INFO] [1786096095.047789387] [coord_transform]: [PREDICTION/EE] base[-0.058  0.714  0.05 ]
[WARN] [1786096095.379471971] [coord_transform]: [EE] Tọa độ bị clamp: [-0.058  0.714  0.   ] → [-0.058  0.714  0.05 ]
[WARN] [1786096096.379499734] [coord_transform]: [EE] Tọa độ bị clamp: [-0.058  0.714  0.   ] → [-0.058  0.714  0.05 ]
[INFO] [1786096097.048686344] [coord_transform]: [PREDICTION/EE] base[-0.058  0.714  0.05 ]
[WARN] [1786096097.379774215] [coord_transform]: [EE] Tọa độ bị clamp: [-0.058  0.714  0.   ] → [-0.058  0.714  0.05 ]
[WARN] [1786096098.413172400] [coord_transform]: [EE] Tọa độ bị clamp: [-0.058  0.714  0.   ] → [-0.058  0.714  0.05 ]
[INFO] [1786096099.080372699] [coord_transform]: [PREDICTION/EE] base[-0.058  0.714  0.05 ]
[WARN] [1786096099.413460958] [coord_transform]: [EE] Tọa độ bị clamp: [-0.058  0.714  0.   ] → [-0.058  0.714  0.05 ]
[WARN] [1786096100.446867850] [coord_transform]: [EE] Tọa độ bị clamp: [-0.058  0.714  0.   ] → [-0.058  0.714  0.05 ]
[INFO] [1786096101.081181341] [coord_transform]: [PREDICTION/EE] base[-0.058  0.714  0.05 ]
[WARN] [1786096101.480197373] [coord_transform]: [EE] Tọa độ bị clamp: [-0.058  0.714  0.   ] → [-0.058  0.714  0.05 ]
[WARN] [1786096102.513274497] [coord_transform]: [EE] Tọa độ bị clamp: [-0.058  0.714  0.   ] → [-0.058  0.714  0.05 ]
[INFO] [1786096103.113490045] [coord_transform]: [PREDICTION/EE] base[-0.058  0.714  0.05 ]
[WARN] [1786096103.513288831] [coord_transform]: [EE] Tọa độ bị clamp: [-0.058  0.714  0.   ] → [-0.058  0.714  0.05 ]
[WARN] [1786096104.546326141] [coord_transform]: [EE] Tọa độ bị clamp: [-0.058  0.714  0.   ] → [-0.058  0.714  0.05 ]
[INFO] [1786096105.146634218] [coord_transform]: [PREDICTION/EE] base[-0.058  0.714  0.05 ]
[WARN] [1786096105.546562812] [coord_transform]: [EE] Tọa độ bị clamp: [-0.058  0.714  0.   ] → [-0.058  0.714  0.05 ]
[WARN] [1786096106.579442937] [coord_transform]: [EE] Tọa độ bị clamp: [-0.058  0.714  0.   ] → [-0.058  0.714  0.05 ]
[INFO] [1786096107.146924187] [coord_transform]: [PREDICTION/EE] base[-0.058  0.714  0.05 ]
[WARN] [1786096107.579868082] [coord_transform]: [EE] Tọa độ bị clamp: [-0.058  0.714  0.   ] → [-0.058  0.714  0.05 ]
[WARN] [1786096108.613064261] [coord_transform]: [EE] Tọa độ bị clamp: [-0.058  0.714  0.   ] → [-0.058  0.714  0.05 ]
[INFO] [1786096109.179932948] [coord_transform]: [PREDICTION/EE] base[-0.058  0.714  0.05 ]
[WARN] [1786096109.613363631] [coord_transform]: [EE] Tọa độ bị clamp: [-0.058  0.714  0.   ] → [-0.058  0.714  0.05 ]
[WARN] [1786096110.647394807] [coord_transform]: [EE] Tọa độ bị clamp: [-0.058  0.714  0.   ] → [-0.058  0.714  0.05 ]
[INFO] [1786096111.180113131] [coord_transform]: [PREDICTION/EE] base[-0.058  0.714  0.05 ]
[WARN] [1786096111.679663351] [coord_transform]: [EE] Tọa độ bị clamp: [-0.058  0.714  0.   ] → [-0.058  0.714  0.05 ]
[WARN] [1786096112.713446853] [coord_transform]: [EE] Tọa độ bị clamp: [-0.058  0.714  0.   ] → [-0.058  0.714  0.05 ]
[INFO] [1786096113.181732084] [coord_transform]: [PREDICTION/EE] base[-0.058  0.714  0.05 ]
[WARN] [1786096113.714410970] [coord_transform]: [EE] Tọa độ bị clamp: [-0.058  0.714  0.   ] → [-0.058  0.714  0.05 ]
[WARN] [1786096114.746270912] [coord_transform]: [EE] Tọa độ bị clamp: [-0.058  0.714  0.   ] → [-0.058  0.714  0.05 ]
[INFO] [1786096115.213880069] [coord_transform]: [PREDICTION/EE] base[-0.058  0.714  0.05 ]
[WARN] [1786096115.747105486] [coord_transform]: [EE] Tọa độ bị clamp: [-0.058  0.714  0.   ] → [-0.058  0.714  0.05 ]
[WARN] [1786096116.779451561] [coord_transform]: [EE] Tọa độ bị clamp: [-0.058  0.714  0.   ] → [-0.058  0.714  0.05 ]
[INFO] [1786096117.246377760] [coord_transform]: [PREDICTION/EE] base[-0.058  0.714  0.05 ]
[WARN] [1786096117.781229756] [coord_transform]: [EE] Tọa độ bị clamp: [-0.058  0.714  0.   ] → [-0.058  0.714  0.05 ]
[WARN] [1786096118.813003096] [coord_transform]: [EE] Tọa độ bị clamp: [-0.058  0.714  0.   ] → [-0.058  0.714  0.05 ]
[INFO] [1786096119.246657108] [coord_transform]: [PREDICTION/EE] base[-0.058  0.714  0.05 ]
[WARN] [1786096119.846289261] [coord_transform]: [EE] Tọa độ bị clamp: [-0.058  0.714  0.   ] → [-0.058  0.714  0.05 ]
[WARN] [1786096120.879657896] [coord_transform]: [EE] Tọa độ bị clamp: [-0.058  0.714  0.   ] → [-0.058  0.714  0.05 ]
[INFO] [1786096121.246760035] [coord_transform]: [PREDICTION/EE] base[-0.058  0.714  0.05 ]
[WARN] [1786096121.881078049] [coord_transform]: [EE] Tọa độ bị clamp: [-0.058  0.714  0.   ] → [-0.058  0.714  0.05 ]
[WARN] [1786096122.912524766] [coord_transform]: [EE] Tọa độ bị clamp: [-0.058  0.714  0.   ] → [-0.058  0.714  0.05 ]
[INFO] [1786096123.281533078] [coord_transform]: [PREDICTION/EE] base[-0.058  0.714  0.05 ]
[WARN] [1786096123.913150097] [coord_transform]: [EE] Tọa độ bị clamp: [-0.058  0.714  0.   ] → [-0.058  0.714  0.05 ]
[WARN] [1786096124.945930708] [coord_transform]: [EE] Tọa độ bị clamp: [-0.058  0.714  0.   ] → [-0.058  0.714  0.05 ]
[INFO] [1786096125.313905793] [coord_transform]: [PREDICTION/EE] base[-0.058  0.714  0.05 ]
[WARN] [1786096125.946411988] [coord_transform]: [EE] Tọa độ bị clamp: [-0.058  0.714  0.   ] → [-0.058  0.714  0.05 ]
[WARN] [1786096126.946424804] [coord_transform]: [EE] Tọa độ bị clamp: [-0.058  0.714  0.   ] → [-0.058  0.714  0.05 ]
[INFO] [1786096127.314083870] [coord_transform]: [PREDICTION/EE] base[-0.058  0.714  0.05 ]
[WARN] [1786096127.946599869] [coord_transform]: [EE] Tọa độ bị clamp: [-0.058  0.714  0.   ] → [-0.058  0.714  0.05 ]
[WARN] [1786096128.979859088] [coord_transform]: [EE] Tọa độ bị clamp: [-0.058  0.714  0.   ] → [-0.058  0.714  0.05 ]
[INFO] [1786096129.347229276] [coord_transform]: [PREDICTION/EE] base[-0.058  0.714  0.05 ]
[WARN] [1786096130.013116069] [coord_transform]: [EE] Tọa độ bị clamp: [-0.058  0.714  0.   ] → [-0.058  0.714  0.05 ]
[WARN] [1786096131.046900655] [coord_transform]: [EE] Tọa độ bị clamp: [-0.058  0.714  0.   ] → [-0.058  0.714  0.05 ]
[INFO] [1786096131.347943837] [coord_transform]: [PREDICTION/EE] base[-0.058  0.714  0.05 ]
[WARN] [1786096132.047636502] [coord_transform]: [EE] Tọa độ bị clamp: [-0.058  0.714  0.   ] → [-0.058  0.714  0.05 ]
[WARN] [1786096133.051693990] [coord_transform]: [EE] Tọa độ bị clamp: [-0.058  0.714  0.   ] → [-0.058  0.714  0.05 ]
[INFO] [1786096133.348114336] [coord_transform]: [PREDICTION/EE] base[-0.058  0.714  0.05 ]
[WARN] [1786096134.079139881] [coord_transform]: [EE] Tọa độ bị clamp: [-0.058  0.714  0.   ] → [-0.058  0.714  0.05 ]
[WARN] [1786096135.079237604] [coord_transform]: [EE] Tọa độ bị clamp: [-0.058  0.714  0.   ] → [-0.058  0.714  0.05 ]
[INFO] [1786096135.379820849] [coord_transform]: [PREDICTION/EE] base[-0.058  0.714  0.05 ]
[WARN] [1786096136.079649713] [coord_transform]: [EE] Tọa độ bị clamp: [-0.058  0.714  0.   ] → [-0.058  0.714  0.05 ]
[WARN] [1786096137.080969821] [coord_transform]: [EE] Tọa độ bị clamp: [-0.058  0.714  0.   ] → [-0.058  0.714  0.05 ]
[INFO] [1786096137.413598138] [coord_transform]: [PREDICTION/EE] base[-0.058  0.714  0.05 ]
[WARN] [1786096138.112825951] [coord_transform]: [EE] Tọa độ bị clamp: [-0.058  0.714  0.   ] → [-0.058  0.714  0.05 ]
[WARN] [1786096139.113057495] [coord_transform]: [EE] Tọa độ bị clamp: [-0.058  0.714  0.   ] → [-0.058  0.714  0.05 ]
[INFO] [1786096139.414803968] [coord_transform]: [PREDICTION/EE] base[-0.058  0.714  0.05 ]
[WARN] [1786096140.147089229] [coord_transform]: [EE] Tọa độ bị clamp: [-0.058  0.714  0.   ] → [-0.058  0.714  0.05 ]
[WARN] [1786096141.179762508] [coord_transform]: [EE] Tọa độ bị clamp: [-0.058  0.714  0.   ] → [-0.058  0.714  0.05 ]
[INFO] [1786096141.447610304] [coord_transform]: [PREDICTION/EE] base[-0.058  0.714  0.05 ]
[WARN] [1786096142.180507530] [coord_transform]: [EE] Tọa độ bị clamp: [-0.058  0.714  0.   ] → [-0.058  0.714  0.05 ]
[WARN] [1786096143.213651062] [coord_transform]: [EE] Tọa độ bị clamp: [-0.058  0.714  0.   ] → [-0.058  0.714  0.05 ]
[INFO] [1786096143.451611429] [coord_transform]: [PREDICTION/EE] base[-0.058  0.714  0.05 ]
[WARN] [1786096144.215337982] [coord_transform]: [EE] Tọa độ bị clamp: [-0.058  0.714  0.   ] → [-0.058  0.714  0.05 ]
[WARN] [1786096145.248180568] [coord_transform]: [EE] Tọa độ bị clamp: [-0.058  0.714  0.   ] → [-0.058  0.714  0.05 ]
[INFO] [1786096145.480500448] [coord_transform]: [PREDICTION/EE] base[-0.058  0.714  0.05 ]
[WARN] [1786096146.280500508] [coord_transform]: [EE] Tọa độ bị clamp: [-0.058  0.714  0.   ] → [-0.058  0.714  0.05 ]
[WARN] [1786096147.281341284] [coord_transform]: [EE] Tọa độ bị clamp: [-0.058  0.714  0.   ] → [-0.058  0.714  0.05 ]
[INFO] [1786096147.482275742] [coord_transform]: [PREDICTION/EE] base[-0.058  0.714  0.05 ]
[WARN] [1786096148.283624692] [coord_transform]: [EE] Tọa độ bị clamp: [-0.058  0.714  0.   ] → [-0.058  0.714  0.05 ]
[WARN] [1786096149.313986611] [coord_transform]: [EE] Tọa độ bị clamp: [-0.058  0.714  0.   ] → [-0.058  0.714  0.05 ]
[INFO] [1786096149.514633932] [coord_transform]: [PREDICTION/EE] base[-0.058  0.714  0.05 ]
[WARN] [1786096150.346817409] [coord_transform]: [EE] Tọa độ bị clamp: [-0.058  0.714  0.   ] → [-0.058  0.714  0.05 ]
[WARN] [1786096151.348900525] [coord_transform]: [EE] Tọa độ bị clamp: [-0.058  0.714  0.   ] → [-0.058  0.714  0.05 ]
[INFO] [1786096151.515285363] [coord_transform]: [PREDICTION/EE] base[-0.058  0.714  0.05 ]
[WARN] [1786096152.381250681] [coord_transform]: [EE] Tọa độ bị clamp: [-0.058  0.714  0.   ] → [-0.058  0.714  0.05 ]
[WARN] [1786096153.414041900] [coord_transform]: [EE] Tọa độ bị clamp: [-0.058  0.714  0.   ] → [-0.058  0.714  0.05 ]
[INFO] [1786096153.547442232] [coord_transform]: [PREDICTION/EE] base[-0.058  0.714  0.05 ]
[WARN] [1786096154.415318927] [coord_transform]: [EE] Tọa độ bị clamp: [-0.058  0.714  0.   ] → [-0.058  0.714  0.05 ]
[WARN] [1786096155.415356982] [coord_transform]: [EE] Tọa độ bị clamp: [-0.058  0.714  0.   ] → [-0.058  0.714  0.05 ]
[INFO] [1786096155.550018263] [coord_transform]: [PREDICTION/EE] base[-0.058  0.714  0.05 ]
[WARN] [1786096156.448334405] [coord_transform]: [EE] Tọa độ bị clamp: [-0.058  0.714  0.   ] → [-0.058  0.714  0.05 ]
[WARN] [1786096157.480747753] [coord_transform]: [EE] Tọa độ bị clamp: [-0.058  0.714  0.   ] → [-0.058  0.714  0.05 ]
[INFO] [1786096157.580135260] [coord_transform]: [PREDICTION/EE] base[-0.058  0.714  0.05 ]
[WARN] [1786096158.481413891] [coord_transform]: [EE] Tọa độ bị clamp: [-0.058  0.714  0.   ] → [-0.058  0.714  0.05 ]
[WARN] [1786096159.513936354] [coord_transform]: [EE] Tọa độ bị clamp: [-0.058  0.714  0.   ] → [-0.058  0.714  0.05 ]
[INFO] [1786096159.580745847] [coord_transform]: [PREDICTION/EE] base[-0.058  0.714  0.05 ]
[WARN] [1786096160.546066775] [coord_transform]: [EE] Tọa độ bị clamp: [-0.058  0.714  0.   ] → [-0.058  0.714  0.05 ]
[WARN] [1786096161.546605318] [coord_transform]: [EE] Tọa độ bị clamp: [-0.058  0.714  0.   ] → [-0.058  0.714  0.05 ]
[INFO] [1786096161.614530576] [coord_transform]: [PREDICTION/EE] base[-0.058  0.714  0.05 ]
[WARN] [1786096162.579182236] [coord_transform]: [EE] Tọa độ bị clamp: [-0.058  0.714  0.   ] → [-0.058  0.714  0.05 ]
[WARN] [1786096163.579591385] [coord_transform]: [EE] Tọa độ bị clamp: [-0.058  0.714  0.   ] → [-0.058  0.714  0.05 ]
[INFO] [1786096163.615249072] [coord_transform]: [PREDICTION/EE] base[-0.058  0.714  0.05 ]
[WARN] [1786096164.580505687] [coord_transform]: [EE] Tọa độ bị clamp: [-0.058  0.714  0.   ] → [-0.058  0.714  0.05 ]
[WARN] [1786096165.613201463] [coord_transform]: [EE] Tọa độ bị clamp: [-0.058  0.714  0.   ] → [-0.058  0.714  0.05 ]
[INFO] [1786096165.647335239] [coord_transform]: [PREDICTION/EE] base[-0.058  0.714  0.05 ]
[WARN] [1786096166.648145084] [coord_transform]: [EE] Tọa độ bị clamp: [-0.058  0.714  0.   ] → [-0.058  0.714  0.05 ]
[WARN] [1786096167.679533314] [coord_transform]: [EE] Tọa độ bị clamp: [-0.058  0.714  0.   ] → [-0.058  0.714  0.05 ]
[INFO] [1786096167.680207190] [coord_transform]: [PREDICTION/EE] base[-0.058  0.714  0.05 ]
[WARN] [1786096168.679614590] [coord_transform]: [EE] Tọa độ bị clamp: [-0.058  0.714  0.   ] → [-0.058  0.714  0.05 ]
[WARN] [1786096169.713018805] [coord_transform]: [EE] Tọa độ bị clamp: [-0.058  0.714  0.   ] → [-0.058  0.714  0.05 ]
[INFO] [1786096169.713511831] [coord_transform]: [PREDICTION/EE] base[-0.058  0.714  0.05 ]
[WARN] [1786096170.714318147] [coord_transform]: [EE] Tọa độ bị clamp: [-0.058  0.714  0.   ] → [-0.058  0.714  0.05 ]
[INFO] [1786096171.713814979] [coord_transform]: [PREDICTION/EE] base[-0.058  0.714  0.05 ]
[WARN] [1786096171.746998532] [coord_transform]: [EE] Tọa độ bị clamp: [-0.058  0.714  0.   ] → [-0.058  0.714  0.05 ]
[WARN] [1786096172.779439812] [coord_transform]: [EE] Tọa độ bị clamp: [-0.058  0.714  0.   ] → [-0.058  0.714  0.05 ]
[INFO] [1786096173.746921644] [coord_transform]: [PREDICTION/EE] base[-0.058  0.714  0.05 ]
[WARN] [1786096173.780349867] [coord_transform]: [EE] Tọa độ bị clamp: [-0.058  0.714  0.   ] → [-0.058  0.714  0.05 ]
[WARN] [1786096174.813151193] [coord_transform]: [EE] Tọa độ bị clamp: [-0.058  0.714  0.   ] → [-0.058  0.714  0.05 ]
[INFO] [1786096175.747558985] [coord_transform]: [PREDICTION/EE] base[-0.058  0.714  0.05 ]
[WARN] [1786096175.813205509] [coord_transform]: [EE] Tọa độ bị clamp: [-0.058  0.714  0.   ] → [-0.058  0.714  0.05 ]
[WARN] [1786096176.813219234] [coord_transform]: [EE] Tọa độ bị clamp: [-0.058  0.714  0.   ] → [-0.058  0.714  0.05 ]
[INFO] [1786096177.780764652] [coord_transform]: [PREDICTION/EE] base[-0.058  0.714  0.05 ]
[WARN] [1786096177.814205809] [coord_transform]: [EE] Tọa độ bị clamp: [-0.058  0.714  0.   ] → [-0.058  0.714  0.05 ]
[WARN] [1786096178.846423598] [coord_transform]: [EE] Tọa độ bị clamp: [-0.058  0.714  0.   ] → [-0.058  0.714  0.05 ]
[INFO] [1786096179.814956989] [coord_transform]: [PREDICTION/EE] base[-0.058  0.714  0.05 ]
[WARN] [1786096179.846771904] [coord_transform]: [EE] Tọa độ bị clamp: [-0.058  0.714  0.   ] → [-0.058  0.714  0.05 ]
[WARN] [1786096180.879390194] [coord_transform]: [EE] Tọa độ bị clamp: [-0.058  0.714  0.   ] → [-0.058  0.714  0.05 ]
[INFO] [1786096181.816508499] [coord_transform]: [PREDICTION/EE] base[-0.058  0.714  0.05 ]
[WARN] [1786096181.880404218] [coord_transform]: [EE] Tọa độ bị clamp: [-0.058  0.714  0.   ] → [-0.058  0.714  0.05 ]
[WARN] [1786096182.913683087] [coord_transform]: [EE] Tọa độ bị clamp: [-0.058  0.714  0.   ] → [-0.058  0.714  0.05 ]
[INFO] [1786096183.849878468] [coord_transform]: [PREDICTION/EE] base[-0.058  0.714  0.05 ]
[WARN] [1786096183.914034225] [coord_transform]: [EE] Tọa độ bị clamp: [-0.058  0.714  0.   ] → [-0.058  0.714  0.05 ]
[WARN] [1786096184.948644643] [coord_transform]: [EE] Tọa độ bị clamp: [-0.058  0.714  0.   ] → [-0.058  0.714  0.05 ]
[INFO] [1786096185.851344983] [coord_transform]: [PREDICTION/EE] base[-0.058  0.714  0.05 ]
[WARN] [1786096185.980501976] [coord_transform]: [EE] Tọa độ bị clamp: [-0.058  0.714  0.   ] → [-0.058  0.714  0.05 ]
[WARN] [1786096187.012629491] [coord_transform]: [EE] Tọa độ bị clamp: [-0.058  0.714  0.   ] → [-0.058  0.714  0.05 ]
[INFO] [1786096187.879868216] [coord_transform]: [PREDICTION/EE] base[-0.058  0.714  0.05 ]
[WARN] [1786096188.012689712] [coord_transform]: [EE] Tọa độ bị clamp: [-0.058  0.714  0.   ] → [-0.058  0.714  0.05 ]
[WARN] [1786096189.013981408] [coord_transform]: [EE] Tọa độ bị clamp: [-0.058  0.714  0.   ] → [-0.058  0.714  0.05 ]
[INFO] [1786096189.882896878] [coord_transform]: [PREDICTION/EE] base[-0.058  0.714  0.05 ]
[WARN] [1786096190.015072923] [coord_transform]: [EE] Tọa độ bị clamp: [-0.058  0.714  0.   ] → [-0.058  0.714  0.05 ]
[WARN] [1786096191.048131504] [coord_transform]: [EE] Tọa độ bị clamp: [-0.058  0.714  0.   ] → [-0.058  0.714  0.05 ]
[INFO] [1786096191.915263673] [coord_transform]: [PREDICTION/EE] base[-0.058  0.714  0.05 ]
[WARN] [1786096192.048161845] [coord_transform]: [EE] Tọa độ bị clamp: [-0.058  0.714  0.   ] → [-0.058  0.714  0.05 ]
[WARN] [1786096193.049055822] [coord_transform]: [EE] Tọa độ bị clamp: [-0.058  0.714  0.   ] → [-0.058  0.714  0.05 ]
[INFO] [1786096193.948009257] [coord_transform]: [PREDICTION/EE] base[-0.058  0.714  0.05 ]
[WARN] [1786096194.080082010] [coord_transform]: [EE] Tọa độ bị clamp: [-0.058  0.714  0.   ] → [-0.058  0.714  0.05 ]
[WARN] [1786096195.113706621] [coord_transform]: [EE] Tọa độ bị clamp: [-0.058  0.714  0.   ] → [-0.058  0.714  0.05 ]
[INFO] [1786096195.948541382] [coord_transform]: [PREDICTION/EE] base[-0.058  0.714  0.05 ]
[WARN] [1786096196.114402649] [coord_transform]: [EE] Tọa độ bị clamp: [-0.058  0.714  0.   ] → [-0.058  0.714  0.05 ]
[WARN] [1786096197.146768516] [coord_transform]: [EE] Tọa độ bị clamp: [-0.058  0.714  0.   ] → [-0.058  0.714  0.05 ]
[INFO] [1786096197.979949809] [coord_transform]: [PREDICTION/EE] base[-0.058  0.714  0.05 ]
[WARN] [1786096198.179513138] [coord_transform]: [EE] Tọa độ bị clamp: [-0.058  0.714  0.   ] → [-0.058  0.714  0.05 ]
[WARN] [1786096199.179519374] [coord_transform]: [EE] Tọa độ bị clamp: [-0.058  0.714  0.   ] → [-0.058  0.714  0.05 ]
[INFO] [1786096199.979996036] [coord_transform]: [PREDICTION/EE] base[-0.058  0.714  0.05 ]
[WARN] [1786096200.180843167] [coord_transform]: [EE] Tọa độ bị clamp: [-0.058  0.714  0.   ] → [-0.058  0.714  0.05 ]
[WARN] [1786096201.213148508] [coord_transform]: [EE] Tọa độ bị clamp: [-0.058  0.714  0.   ] → [-0.058  0.714  0.05 ]
[INFO] [1786096201.983954747] [coord_transform]: [PREDICTION/EE] base[-0.058  0.714  0.05 ]
[WARN] [1786096202.246408135] [coord_transform]: [EE] Tọa độ bị clamp: [-0.058  0.714  0.   ] → [-0.058  0.714  0.05 ]
[WARN] [1786096203.279099559] [coord_transform]: [EE] Tọa độ bị clamp: [-0.058  0.714  0.   ] → [-0.058  0.714  0.05 ]
[INFO] [1786096204.014101626] [coord_transform]: [PREDICTION/EE] base[-0.058  0.714  0.05 ]
[WARN] [1786096204.280824693] [coord_transform]: [EE] Tọa độ bị clamp: [-0.058  0.714  0.   ] → [-0.058  0.714  0.05 ]
[WARN] [1786096205.312623369] [coord_transform]: [EE] Tọa độ bị clamp: [-0.058  0.714  0.   ] → [-0.058  0.714  0.05 ]
[INFO] [1786096206.047180497] [coord_transform]: [PREDICTION/EE] base[-0.058  0.714  0.05 ]
[WARN] [1786096206.313143399] [coord_transform]: [EE] Tọa độ bị clamp: [-0.058  0.714  0.   ] → [-0.058  0.714  0.05 ]
[WARN] [1786096207.346194426] [coord_transform]: [EE] Tọa độ bị clamp: [-0.058  0.714  0.   ] → [-0.058  0.714  0.05 ]
[INFO] [1786096208.080090769] [coord_transform]: [PREDICTION/EE] base[-0.058  0.714  0.05 ]
[WARN] [1786096208.380477130] [coord_transform]: [EE] Tọa độ bị clamp: [-0.058  0.714  0.   ] → [-0.058  0.714  0.05 ]
[WARN] [1786096209.413046771] [coord_transform]: [EE] Tọa độ bị clamp: [-0.058  0.714  0.   ] → [-0.058  0.714  0.05 ]
[INFO] [1786096210.081393458] [coord_transform]: [PREDICTION/EE] base[-0.058  0.714  0.05 ]
[WARN] [1786096210.446319307] [coord_transform]: [EE] Tọa độ bị clamp: [-0.058  0.714  0.   ] → [-0.058  0.714  0.05 ]
[WARN] [1786096211.447992623] [coord_transform]: [EE] Tọa độ bị clamp: [-0.058  0.714  0.   ] → [-0.058  0.714  0.05 ]
[INFO] [1786096212.113555258] [coord_transform]: [PREDICTION/EE] base[-0.058  0.714  0.05 ]
[WARN] [1786096212.448214518] [coord_transform]: [EE] Tọa độ bị clamp: [-0.058  0.714  0.   ] → [-0.058  0.714  0.05 ]
[WARN] [1786096213.480301640] [coord_transform]: [EE] Tọa độ bị clamp: [-0.058  0.714  0.   ] → [-0.058  0.714  0.05 ]
[INFO] [1786096214.115272408] [coord_transform]: [PREDICTION/EE] base[-0.058  0.714  0.05 ]
[WARN] [1786096214.512436437] [coord_transform]: [EE] Tọa độ bị clamp: [-0.058  0.714  0.   ] → [-0.058  0.714  0.05 ]
[WARN] [1786096215.513500916] [coord_transform]: [EE] Tọa độ bị clamp: [-0.058  0.714  0.   ] → [-0.058  0.714  0.05 ]
[INFO] [1786096216.147057464] [coord_transform]: [PREDICTION/EE] base[-0.058  0.714  0.05 ]
[WARN] [1786096216.545905257] [coord_transform]: [EE] Tọa độ bị clamp: [-0.058  0.714  0.   ] → [-0.058  0.714  0.05 ]
[WARN] [1786096217.545927117] [coord_transform]: [EE] Tọa độ bị clamp: [-0.058  0.714  0.   ] → [-0.058  0.714  0.05 ]
[INFO] [1786096218.179786489] [coord_transform]: [PREDICTION/EE] base[-0.058  0.714  0.05 ]
[WARN] [1786096218.545953029] [coord_transform]: [EE] Tọa độ bị clamp: [-0.058  0.714  0.   ] → [-0.058  0.714  0.05 ]
[WARN] [1786096219.548288511] [coord_transform]: [EE] Tọa độ bị clamp: [-0.058  0.714  0.   ] → [-0.058  0.714  0.05 ]
[INFO] [1786096220.180083721] [coord_transform]: [PREDICTION/EE] base[-0.058  0.714  0.05 ]
[WARN] [1786096220.548522411] [coord_transform]: [EE] Tọa độ bị clamp: [-0.058  0.714  0.   ] → [-0.058  0.714  0.05 ]
[WARN] [1786096221.579948175] [coord_transform]: [EE] Tọa độ bị clamp: [-0.058  0.714  0.   ] → [-0.058  0.714  0.05 ]
[INFO] [1786096222.180443157] [coord_transform]: [PREDICTION/EE] base[-0.058  0.714  0.05 ]
[WARN] [1786096222.613283419] [coord_transform]: [EE] Tọa độ bị clamp: [-0.058  0.714  0.   ] → [-0.058  0.714  0.05 ]
[WARN] [1786096223.613550373] [coord_transform]: [EE] Tọa độ bị clamp: [-0.058  0.714  0.   ] → [-0.058  0.714  0.05 ]
[INFO] [1786096224.214596756] [coord_transform]: [PREDICTION/EE] base[-0.058  0.714  0.05 ]
[WARN] [1786096224.646558782] [coord_transform]: [EE] Tọa độ bị clamp: [-0.058  0.714  0.   ] → [-0.058  0.714  0.05 ]
[WARN] [1786096225.646778545] [coord_transform]: [EE] Tọa độ bị clamp: [-0.058  0.714  0.   ] → [-0.058  0.714  0.05 ]
[INFO] [1786096226.246579214] [coord_transform]: [PREDICTION/EE] base[-0.058  0.714  0.05 ]
[WARN] [1786096226.647947926] [coord_transform]: [EE] Tọa độ bị clamp: [-0.058  0.714  0.   ] → [-0.058  0.714  0.05 ]
[WARN] [1786096227.679168590] [coord_transform]: [EE] Tọa độ bị clamp: [-0.058  0.714  0.   ] → [-0.058  0.714  0.05 ]
[INFO] [1786096228.248962407] [coord_transform]: [PREDICTION/EE] base[-0.058  0.714  0.05 ]
[WARN] [1786096228.679611154] [coord_transform]: [EE] Tọa độ bị clamp: [-0.058  0.714  0.   ] → [-0.058  0.714  0.05 ]
[WARN] [1786096229.712943291] [coord_transform]: [EE] Tọa độ bị clamp: [-0.058  0.714  0.   ] → [-0.058  0.714  0.05 ]
[INFO] [1786096230.279602216] [coord_transform]: [PREDICTION/EE] base[-0.058  0.714  0.05 ]
[WARN] [1786096230.745949099] [coord_transform]: [EE] Tọa độ bị clamp: [-0.058  0.714  0.   ] → [-0.058  0.714  0.05 ]
[WARN] [1786096231.779256688] [coord_transform]: [EE] Tọa độ bị clamp: [-0.058  0.714  0.   ] → [-0.058  0.714  0.05 ]
[INFO] [1786096232.282767680] [coord_transform]: [PREDICTION/EE] base[-0.058  0.714  0.05 ]
[WARN] [1786096232.779397672] [coord_transform]: [EE] Tọa độ bị clamp: [-0.058  0.714  0.   ] → [-0.058  0.714  0.05 ]
[WARN] [1786096233.779990178] [coord_transform]: [EE] Tọa độ bị clamp: [-0.058  0.714  0.   ] → [-0.058  0.714  0.05 ]
[INFO] [1786096234.313292866] [coord_transform]: [PREDICTION/EE] base[-0.058  0.714  0.05 ]
[WARN] [1786096234.781104146] [coord_transform]: [EE] Tọa độ bị clamp: [-0.058  0.714  0.   ] → [-0.058  0.714  0.05 ]
[WARN] [1786096235.813287240] [coord_transform]: [EE] Tọa độ bị clamp: [-0.058  0.714  0.   ] → [-0.058  0.714  0.05 ]
[INFO] [1786096236.313560210] [coord_transform]: [PREDICTION/EE] base[-0.058  0.714  0.05 ]
[WARN] [1786096236.846157018] [coord_transform]: [EE] Tọa độ bị clamp: [-0.058  0.714  0.   ] → [-0.058  0.714  0.05 ]
[WARN] [1786096237.848626033] [coord_transform]: [EE] Tọa độ bị clamp: [-0.058  0.714  0.   ] → [-0.058  0.714  0.05 ]
[INFO] [1786096238.313718244] [coord_transform]: [PREDICTION/EE] base[-0.058  0.714  0.05 ]
[WARN] [1786096238.879653428] [coord_transform]: [EE] Tọa độ bị clamp: [-0.058  0.714  0.   ] → [-0.058  0.714  0.05 ]
[WARN] [1786096239.879749325] [coord_transform]: [EE] Tọa độ bị clamp: [-0.058  0.714  0.   ] → [-0.058  0.714  0.05 ]
[INFO] [1786096240.314080176] [coord_transform]: [PREDICTION/EE] base[-0.058  0.714  0.05 ]
[WARN] [1786096240.912977692] [coord_transform]: [EE] Tọa độ bị clamp: [-0.058  0.714  0.   ] → [-0.058  0.714  0.05 ]
[WARN] [1786096241.913568686] [coord_transform]: [EE] Tọa độ bị clamp: [-0.058  0.714  0.   ] → [-0.058  0.714  0.05 ]
[INFO] [1786096242.347069982] [coord_transform]: [PREDICTION/EE] base[-0.058  0.714  0.05 ]
[WARN] [1786096242.946465578] [coord_transform]: [EE] Tọa độ bị clamp: [-0.058  0.714  0.   ] → [-0.058  0.714  0.05 ]
[WARN] [1786096243.980830331] [coord_transform]: [EE] Tọa độ bị clamp: [-0.058  0.714  0.   ] → [-0.058  0.714  0.05 ]
[INFO] [1786096244.347571778] [coord_transform]: [PREDICTION/EE] base[-0.058  0.714  0.05 ]
[WARN] [1786096245.013408453] [coord_transform]: [EE] Tọa độ bị clamp: [-0.058  0.714  0.   ] → [-0.058  0.714  0.05 ]
[WARN] [1786096246.013489425] [coord_transform]: [EE] Tọa độ bị clamp: [-0.058  0.714  0.   ] → [-0.058  0.714  0.05 ]
[INFO] [1786096246.379547622] [coord_transform]: [PREDICTION/EE] base[-0.058  0.714  0.05 ]
[WARN] [1786096247.046315531] [coord_transform]: [EE] Tọa độ bị clamp: [-0.058  0.714  0.   ] → [-0.058  0.714  0.05 ]
[WARN] [1786096248.046602207] [coord_transform]: [EE] Tọa độ bị clamp: [-0.058  0.714  0.   ] → [-0.058  0.714  0.05 ]
[INFO] [1786096248.380061741] [coord_transform]: [PREDICTION/EE] base[-0.058  0.714  0.05 ]
[WARN] [1786096249.048261244] [coord_transform]: [EE] Tọa độ bị clamp: [-0.058  0.714  0.   ] → [-0.058  0.714  0.05 ]
[WARN] [1786096250.079891967] [coord_transform]: [EE] Tọa độ bị clamp: [-0.058  0.714  0.   ] → [-0.058  0.714  0.05 ]
[INFO] [1786096250.380233993] [coord_transform]: [PREDICTION/EE] base[-0.058  0.714  0.05 ]
[WARN] [1786096251.081179102] [coord_transform]: [EE] Tọa độ bị clamp: [-0.058  0.714  0.   ] → [-0.058  0.714  0.05 ]
[WARN] [1786096252.112984561] [coord_transform]: [EE] Tọa độ bị clamp: [-0.058  0.714  0.   ] → [-0.058  0.714  0.05 ]
[INFO] [1786096252.381203869] [coord_transform]: [PREDICTION/EE] base[-0.058  0.714  0.05 ]
[WARN] [1786096253.113121906] [coord_transform]: [EE] Tọa độ bị clamp: [-0.058  0.714  0.   ] → [-0.058  0.714  0.05 ]
[WARN] [1786096254.113155830] [coord_transform]: [EE] Tọa độ bị clamp: [-0.058  0.714  0.   ] → [-0.058  0.714  0.05 ]
[INFO] [1786096254.413495837] [coord_transform]: [PREDICTION/EE] base[-0.058  0.714  0.05 ]
[WARN] [1786096255.114967476] [coord_transform]: [EE] Tọa độ bị clamp: [-0.058  0.714  0.   ] → [-0.058  0.714  0.05 ]
[WARN] [1786096256.146419326] [coord_transform]: [EE] Tọa độ bị clamp: [-0.058  0.714  0.   ] → [-0.058  0.714  0.05 ]
[INFO] [1786096256.449103648] [coord_transform]: [PREDICTION/EE] base[-0.058  0.714  0.05 ]
[WARN] [1786096257.179695185] [coord_transform]: [EE] Tọa độ bị clamp: [-0.058  0.714  0.   ] → [-0.058  0.714  0.05 ]
[WARN] [1786096258.213945208] [coord_transform]: [EE] Tọa độ bị clamp: [-0.058  0.714  0.   ] → [-0.058  0.714  0.05 ]
[INFO] [1786096258.480499755] [coord_transform]: [PREDICTION/EE] base[-0.058  0.714  0.05 ]
[WARN] [1786096259.247012434] [coord_transform]: [EE] Tọa độ bị clamp: [-0.058  0.714  0.   ] → [-0.058  0.714  0.05 ]
[WARN] [1786096260.248319752] [coord_transform]: [EE] Tọa độ bị clamp: [-0.058  0.714  0.   ] → [-0.058  0.714  0.05 ]
[INFO] [1786096260.481552727] [coord_transform]: [PREDICTION/EE] base[-0.058  0.714  0.05 ]
[WARN] [1786096261.280022283] [coord_transform]: [EE] Tọa độ bị clamp: [-0.058  0.714  0.   ] → [-0.058  0.714  0.05 ]
[WARN] [1786096262.313017384] [coord_transform]: [EE] Tọa độ bị clamp: [-0.058  0.714  0.   ] → [-0.058  0.714  0.05 ]
[INFO] [1786096262.512917195] [coord_transform]: [PREDICTION/EE] base[-0.058  0.714  0.05 ]
[WARN] [1786096263.313227183] [coord_transform]: [EE] Tọa độ bị clamp: [-0.058  0.714  0.   ] → [-0.058  0.714  0.05 ]
[WARN] [1786096264.346259933] [coord_transform]: [EE] Tọa độ bị clamp: [-0.058  0.714  0.   ] → [-0.058  0.714  0.05 ]
[INFO] [1786096264.513372514] [coord_transform]: [PREDICTION/EE] base[-0.058  0.714  0.05 ]
[WARN] [1786096265.346776365] [coord_transform]: [EE] Tọa độ bị clamp: [-0.058  0.714  0.   ] → [-0.058  0.714  0.05 ]
[WARN] [1786096266.379149544] [coord_transform]: [EE] Tọa độ bị clamp: [-0.058  0.714  0.   ] → [-0.058  0.714  0.05 ]
[INFO] [1786096266.513703985] [coord_transform]: [PREDICTION/EE] base[-0.058  0.714  0.05 ]
[WARN] [1786096267.379263938] [coord_transform]: [EE] Tọa độ bị clamp: [-0.058  0.714  0.   ] → [-0.058  0.714  0.05 ]
[WARN] [1786096268.379788766] [coord_transform]: [EE] Tọa độ bị clamp: [-0.058  0.714  0.   ] → [-0.058  0.714  0.05 ]
[INFO] [1786096268.514792442] [coord_transform]: [PREDICTION/EE] base[-0.058  0.714  0.05 ]
[WARN] [1786096269.413070904] [coord_transform]: [EE] Tọa độ bị clamp: [-0.058  0.714  0.   ] → [-0.058  0.714  0.05 ]
[WARN] [1786096270.413248668] [coord_transform]: [EE] Tọa độ bị clamp: [-0.058  0.714  0.   ] → [-0.058  0.714  0.05 ]
[INFO] [1786096270.546776162] [coord_transform]: [PREDICTION/EE] base[-0.058  0.714  0.05 ]
[WARN] [1786096271.448184208] [coord_transform]: [EE] Tọa độ bị clamp: [-0.058  0.714  0.   ] → [-0.058  0.714  0.05 ]
[WARN] [1786096272.479467874] [coord_transform]: [EE] Tọa độ bị clamp: [-0.058  0.714  0.   ] → [-0.058  0.714  0.05 ]
[INFO] [1786096272.579727304] [coord_transform]: [PREDICTION/EE] base[-0.058  0.714  0.05 ]
[WARN] [1786096273.479612317] [coord_transform]: [EE] Tọa độ bị clamp: [-0.058  0.714  0.   ] → [-0.058  0.714  0.05 ]
[WARN] [1786096274.512994941] [coord_transform]: [EE] Tọa độ bị clamp: [-0.058  0.714  0.   ] → [-0.058  0.714  0.05 ]
[INFO] [1786096274.579809395] [coord_transform]: [PREDICTION/EE] base[-0.058  0.714  0.05 ]
[WARN] [1786096275.514352519] [coord_transform]: [EE] Tọa độ bị clamp: [-0.058  0.714  0.   ] → [-0.058  0.714  0.05 ]
[WARN] [1786096276.546396418] [coord_transform]: [EE] Tọa độ bị clamp: [-0.058  0.714  0.   ] → [-0.058  0.714  0.05 ]
[INFO] [1786096276.613749693] [coord_transform]: [PREDICTION/EE] base[-0.058  0.714  0.05 ]
[WARN] [1786096277.579118865] [coord_transform]: [EE] Tọa độ bị clamp: [-0.058  0.714  0.   ] → [-0.058  0.714  0.05 ]
[WARN] [1786096278.579958471] [coord_transform]: [EE] Tọa độ bị clamp: [-0.058  0.714  0.   ] → [-0.058  0.714  0.05 ]
[INFO] [1786096278.615049932] [coord_transform]: [PREDICTION/EE] base[-0.058  0.714  0.05 ]
[WARN] [1786096279.612697647] [coord_transform]: [EE] Tọa độ bị clamp: [-0.058  0.714  0.   ] → [-0.058  0.714  0.05 ]
[WARN] [1786096280.612995153] [coord_transform]: [EE] Tọa độ bị clamp: [-0.058  0.714  0.   ] → [-0.058  0.714  0.05 ]
[INFO] [1786096280.646701992] [coord_transform]: [PREDICTION/EE] base[-0.058  0.714  0.05 ]
[WARN] [1786096281.613068961] [coord_transform]: [EE] Tọa độ bị clamp: [-0.058  0.714  0.   ] → [-0.058  0.714  0.05 ]
[WARN] [1786096282.613726359] [coord_transform]: [EE] Tọa độ bị clamp: [-0.058  0.714  0.   ] → [-0.058  0.714  0.05 ]
[INFO] [1786096282.650007454] [coord_transform]: [PREDICTION/EE] base[-0.058  0.714  0.05 ]
[WARN] [1786096283.614309942] [coord_transform]: [EE] Tọa độ bị clamp: [-0.058  0.714  0.   ] → [-0.058  0.714  0.05 ]
[WARN] [1786096284.647869107] [coord_transform]: [EE] Tọa độ bị clamp: [-0.058  0.714  0.   ] → [-0.058  0.714  0.05 ]
[INFO] [1786096284.681550600] [coord_transform]: [PREDICTION/EE] base[-0.058  0.714  0.05 ]
[WARN] [1786096285.647911702] [coord_transform]: [EE] Tọa độ bị clamp: [-0.058  0.714  0.   ] → [-0.058  0.714  0.05 ]
[WARN] [1786096286.648910635] [coord_transform]: [EE] Tọa độ bị clamp: [-0.058  0.714  0.   ] → [-0.058  0.714  0.05 ]
[INFO] [1786096286.683592667] [coord_transform]: [PREDICTION/EE] base[-0.058  0.714  0.05 ]
[WARN] [1786096287.680630686] [coord_transform]: [EE] Tọa độ bị clamp: [-0.058  0.714  0.   ] → [-0.058  0.714  0.05 ]
[WARN] [1786096288.713361329] [coord_transform]: [EE] Tọa độ bị clamp: [-0.058  0.714  0.   ] → [-0.058  0.714  0.05 ]
[INFO] [1786096288.713919517] [coord_transform]: [PREDICTION/EE] base[-0.058  0.714  0.05 ]
[WARN] [1786096289.746424770] [coord_transform]: [EE] Tọa độ bị clamp: [-0.058  0.714  0.   ] → [-0.058  0.714  0.05 ]
[INFO] [1786096290.715019834] [coord_transform]: [PREDICTION/EE] base[-0.058  0.714  0.05 ]
[WARN] [1786096290.748115387] [coord_transform]: [EE] Tọa độ bị clamp: [-0.058  0.714  0.   ] → [-0.058  0.714  0.05 ]
[WARN] [1786096291.779511024] [coord_transform]: [EE] Tọa độ bị clamp: [-0.058  0.714  0.   ] → [-0.058  0.714  0.05 ]
[INFO] [1786096292.747423563] [coord_transform]: [PREDICTION/EE] base[-0.058  0.714  0.05 ]
[WARN] [1786096292.813881121] [coord_transform]: [EE] Tọa độ bị clamp: [-0.058  0.714  0.   ] → [-0.058  0.714  0.05 ]
[WARN] [1786096293.847843866] [coord_transform]: [EE] Tọa độ bị clamp: [-0.058  0.714  0.   ] → [-0.058  0.714  0.05 ]
[INFO] [1786096294.747955992] [coord_transform]: [PREDICTION/EE] base[-0.058  0.714  0.05 ]
[WARN] [1786096294.879775520] [coord_transform]: [EE] Tọa độ bị clamp: [-0.058  0.714  0.   ] → [-0.058  0.714  0.05 ]
[WARN] [1786096295.880064623] [coord_transform]: [EE] Tọa độ bị clamp: [-0.058  0.714  0.   ] → [-0.058  0.714  0.05 ]
[INFO] [1786096296.781310565] [coord_transform]: [PREDICTION/EE] base[-0.058  0.714  0.05 ]
[WARN] [1786096296.913736282] [coord_transform]: [EE] Tọa độ bị clamp: [-0.058  0.714  0.   ] → [-0.058  0.714  0.05 ]
[WARN] [1786096297.914000515] [coord_transform]: [EE] Tọa độ bị clamp: [-0.058  0.714  0.   ] → [-0.058  0.714  0.05 ]
[INFO] [1786096298.814731457] [coord_transform]: [PREDICTION/EE] base[-0.058  0.714  0.05 ]
[WARN] [1786096298.947086583] [coord_transform]: [EE] Tọa độ bị clamp: [-0.058  0.714  0.   ] → [-0.058  0.714  0.05 ]
[WARN] [1786096299.947411998] [coord_transform]: [EE] Tọa độ bị clamp: [-0.058  0.714  0.   ] → [-0.058  0.714  0.05 ]
[INFO] [1786096300.847731382] [coord_transform]: [PREDICTION/EE] base[-0.058  0.714  0.05 ]
[WARN] [1786096300.979588012] [coord_transform]: [EE] Tọa độ bị clamp: [-0.058  0.714  0.   ] → [-0.058  0.714  0.05 ]
[WARN] [1786096301.979925156] [coord_transform]: [EE] Tọa độ bị clamp: [-0.058  0.714  0.   ] → [-0.058  0.714  0.05 ]
[INFO] [1786096302.848186000] [coord_transform]: [PREDICTION/EE] base[-0.058  0.714  0.05 ]
[WARN] [1786096303.013087671] [coord_transform]: [EE] Tọa độ bị clamp: [-0.058  0.714  0.   ] → [-0.058  0.714  0.05 ]
[WARN] [1786096304.047310911] [coord_transform]: [EE] Tọa độ bị clamp: [-0.058  0.714  0.   ] → [-0.058  0.714  0.05 ]
[INFO] [1786096304.880313805] [coord_transform]: [PREDICTION/EE] base[-0.058  0.714  0.05 ]
[WARN] [1786096305.047575489] [coord_transform]: [EE] Tọa độ bị clamp: [-0.058  0.714  0.   ] → [-0.058  0.714  0.05 ]
[WARN] [1786096306.080115306] [coord_transform]: [EE] Tọa độ bị clamp: [-0.058  0.714  0.   ] → [-0.058  0.714  0.05 ]
[INFO] [1786096306.880431939] [coord_transform]: [PREDICTION/EE] base[-0.058  0.714  0.05 ]
[WARN] [1786096307.114810683] [coord_transform]: [EE] Tọa độ bị clamp: [-0.058  0.714  0.   ] → [-0.058  0.714  0.05 ]
[WARN] [1786096308.146602742] [coord_transform]: [EE] Tọa độ bị clamp: [-0.058  0.714  0.   ] → [-0.058  0.714  0.05 ]
[INFO] [1786096308.914418202] [coord_transform]: [PREDICTION/EE] base[-0.058  0.714  0.05 ]
[WARN] [1786096309.179138130] [coord_transform]: [EE] Tọa độ bị clamp: [-0.058  0.714  0.   ] → [-0.058  0.714  0.05 ]
[WARN] [1786096310.212479506] [coord_transform]: [EE] Tọa độ bị clamp: [-0.058  0.714  0.   ] → [-0.058  0.714  0.05 ]
[INFO] [1786096310.947163277] [coord_transform]: [PREDICTION/EE] base[-0.058  0.714  0.05 ]
[WARN] [1786096311.213080637] [coord_transform]: [EE] Tọa độ bị clamp: [-0.058  0.714  0.   ] → [-0.058  0.714  0.05 ]
[WARN] [1786096312.214418515] [coord_transform]: [EE] Tọa độ bị clamp: [-0.058  0.714  0.   ] → [-0.058  0.714  0.05 ]
[INFO] [1786096312.982317742] [coord_transform]: [PREDICTION/EE] base[-0.058  0.714  0.05 ]
[WARN] [1786096313.246724697] [coord_transform]: [EE] Tọa độ bị clamp: [-0.058  0.714  0.   ] → [-0.058  0.714  0.05 ]
[WARN] [1786096314.279842096] [coord_transform]: [EE] Tọa độ bị clamp: [-0.058  0.714  0.   ] → [-0.058  0.714  0.05 ]
[INFO] [1786096315.014138359] [coord_transform]: [PREDICTION/EE] base[-0.058  0.714  0.05 ]
[WARN] [1786096315.313289668] [coord_transform]: [EE] Tọa độ bị clamp: [-0.058  0.714  0.   ] → [-0.058  0.714  0.05 ]
[WARN] [1786096316.347023633] [coord_transform]: [EE] Tọa độ bị clamp: [-0.058  0.714  0.   ] → [-0.058  0.714  0.05 ]
[INFO] [1786096317.049808870] [coord_transform]: [PREDICTION/EE] base[-0.058  0.714  0.05 ]
[WARN] [1786096317.347275668] [coord_transform]: [EE] Tọa độ bị clamp: [-0.058  0.714  0.   ] → [-0.058  0.714  0.05 ]
[WARN] [1786096318.379511395] [coord_transform]: [EE] Tọa độ bị clamp: [-0.058  0.714  0.   ] → [-0.058  0.714  0.05 ]
[INFO] [1786096319.079805189] [coord_transform]: [PREDICTION/EE] base[-0.058  0.714  0.05 ]
[WARN] [1786096319.412955225] [coord_transform]: [EE] Tọa độ bị clamp: [-0.058  0.714  0.   ] → [-0.058  0.714  0.05 ]
[WARN] [1786096320.448077520] [coord_transform]: [EE] Tọa độ bị clamp: [-0.058  0.714  0.   ] → [-0.058  0.714  0.05 ]
[INFO] [1786096321.082635129] [coord_transform]: [PREDICTION/EE] base[-0.058  0.714  0.05 ]
[WARN] [1786096321.479191751] [coord_transform]: [EE] Tọa độ bị clamp: [-0.058  0.714  0.   ] → [-0.058  0.714  0.05 ]
[WARN] [1786096322.513005726] [coord_transform]: [EE] Tọa độ bị clamp: [-0.058  0.714  0.   ] → [-0.058  0.714  0.05 ]
[INFO] [1786096323.114594120] [coord_transform]: [PREDICTION/EE] base[-0.058  0.714  0.05 ]
[WARN] [1786096323.513496991] [coord_transform]: [EE] Tọa độ bị clamp: [-0.058  0.714  0.   ] → [-0.058  0.714  0.05 ]
[WARN] [1786096324.546254790] [coord_transform]: [EE] Tọa độ bị clamp: [-0.058  0.714  0.   ] → [-0.058  0.714  0.05 ]
[INFO] [1786096325.146421849] [coord_transform]: [PREDICTION/EE] base[-0.058  0.714  0.05 ]
[WARN] [1786096325.547121988] [coord_transform]: [EE] Tọa độ bị clamp: [-0.058  0.714  0.   ] → [-0.058  0.714  0.05 ]
[WARN] [1786096326.579414770] [coord_transform]: [EE] Tọa độ bị clamp: [-0.058  0.714  0.   ] → [-0.058  0.714  0.05 ]
[INFO] [1786096327.146657858] [coord_transform]: [PREDICTION/EE] base[-0.058  0.714  0.05 ]
[WARN] [1786096327.580930443] [coord_transform]: [EE] Tọa độ bị clamp: [-0.058  0.714  0.   ] → [-0.058  0.714  0.05 ]
[WARN] [1786096328.580981898] [coord_transform]: [EE] Tọa độ bị clamp: [-0.058  0.714  0.   ] → [-0.058  0.714  0.05 ]
[INFO] [1786096329.148183001] [coord_transform]: [PREDICTION/EE] base[-0.058  0.714  0.05 ]
[WARN] [1786096329.613150948] [coord_transform]: [EE] Tọa độ bị clamp: [-0.058  0.714  0.   ] → [-0.058  0.714  0.05 ]
[WARN] [1786096330.649305246] [coord_transform]: [EE] Tọa độ bị clamp: [-0.058  0.714  0.   ] → [-0.058  0.714  0.05 ]
[INFO] [1786096331.181562422] [coord_transform]: [PREDICTION/EE] base[-0.058  0.714  0.05 ]
[WARN] [1786096331.681704635] [coord_transform]: [EE] Tọa độ bị clamp: [-0.058  0.714  0.   ] → [-0.058  0.714  0.05 ]
[WARN] [1786096332.713389736] [coord_transform]: [EE] Tọa độ bị clamp: [-0.058  0.714  0.   ] → [-0.058  0.714  0.05 ]
[INFO] [1786096333.181860627] [coord_transform]: [PREDICTION/EE] base[-0.058  0.714  0.05 ]
[WARN] [1786096333.747308716] [coord_transform]: [EE] Tọa độ bị clamp: [-0.058  0.714  0.   ] → [-0.058  0.714  0.05 ]
[WARN] [1786096334.779338160] [coord_transform]: [EE] Tọa độ bị clamp: [-0.058  0.714  0.   ] → [-0.058  0.714  0.05 ]
[INFO] [1786096335.214200994] [coord_transform]: [PREDICTION/EE] base[-0.058  0.714  0.05 ]
[WARN] [1786096335.780410276] [coord_transform]: [EE] Tọa độ bị clamp: [-0.058  0.714  0.   ] → [-0.058  0.714  0.05 ]
[WARN] [1786096336.813335059] [coord_transform]: [EE] Tọa độ bị clamp: [-0.058  0.714  0.   ] → [-0.058  0.714  0.05 ]
[INFO] [1786096337.247561430] [coord_transform]: [PREDICTION/EE] base[-0.058  0.714  0.05 ]
[WARN] [1786096337.847734144] [coord_transform]: [EE] Tọa độ bị clamp: [-0.058  0.714  0.   ] → [-0.058  0.714  0.05 ]
[WARN] [1786096338.879752280] [coord_transform]: [EE] Tọa độ bị clamp: [-0.058  0.714  0.   ] → [-0.058  0.714  0.05 ]
[INFO] [1786096339.280002362] [coord_transform]: [PREDICTION/EE] base[-0.058  0.714  0.05 ]
[WARN] [1786096339.913286428] [coord_transform]: [EE] Tọa độ bị clamp: [-0.058  0.714  0.   ] → [-0.058  0.714  0.05 ]
[WARN] [1786096340.946577712] [coord_transform]: [EE] Tọa độ bị clamp: [-0.058  0.714  0.   ] → [-0.058  0.714  0.05 ]
[INFO] [1786096341.280263288] [coord_transform]: [PREDICTION/EE] base[-0.058  0.714  0.05 ]
[WARN] [1786096341.979469200] [coord_transform]: [EE] Tọa độ bị clamp: [-0.058  0.714  0.   ] → [-0.058  0.714  0.05 ]
[WARN] [1786096342.979624085] [coord_transform]: [EE] Tọa độ bị clamp: [-0.058  0.714  0.   ] → [-0.058  0.714  0.05 ]
[INFO] [1786096343.313488859] [coord_transform]: [PREDICTION/EE] base[-0.058  0.714  0.05 ]
[WARN] [1786096344.012932882] [coord_transform]: [EE] Tọa độ bị clamp: [-0.058  0.714  0.   ] → [-0.058  0.714  0.05 ]
[WARN] [1786096345.013471736] [coord_transform]: [EE] Tọa độ bị clamp: [-0.058  0.714  0.   ] → [-0.058  0.714  0.05 ]
[INFO] [1786096345.314650893] [coord_transform]: [PREDICTION/EE] base[-0.058  0.714  0.05 ]
[WARN] [1786096346.013692535] [coord_transform]: [EE] Tọa độ bị clamp: [-0.058  0.714  0.   ] → [-0.058  0.714  0.05 ]
[WARN] [1786096347.046407537] [coord_transform]: [EE] Tọa độ bị clamp: [-0.058  0.714  0.   ] → [-0.058  0.714  0.05 ]
[INFO] [1786096347.347602796] [coord_transform]: [PREDICTION/EE] base[-0.058  0.714  0.05 ]
[WARN] [1786096348.046576104] [coord_transform]: [EE] Tọa độ bị clamp: [-0.058  0.714  0.   ] → [-0.058  0.714  0.05 ]
[WARN] [1786096349.047513198] [coord_transform]: [EE] Tọa độ bị clamp: [-0.058  0.714  0.   ] → [-0.058  0.714  0.05 ]
[INFO] [1786096349.380523203] [coord_transform]: [PREDICTION/EE] base[-0.058  0.714  0.05 ]
[WARN] [1786096350.079733140] [coord_transform]: [EE] Tọa độ bị clamp: [-0.058  0.714  0.   ] → [-0.058  0.714  0.05 ]
[WARN] [1786096351.114410911] [coord_transform]: [EE] Tọa độ bị clamp: [-0.058  0.714  0.   ] → [-0.058  0.714  0.05 ]
[INFO] [1786096351.414702748] [coord_transform]: [PREDICTION/EE] base[-0.058  0.714  0.05 ]
[WARN] [1786096352.146397652] [coord_transform]: [EE] Tọa độ bị clamp: [-0.058  0.714  0.   ] → [-0.058  0.714  0.05 ]
[WARN] [1786096353.147273784] [coord_transform]: [EE] Tọa độ bị clamp: [-0.058  0.714  0.   ] → [-0.058  0.714  0.05 ]
[INFO] [1786096353.447153408] [coord_transform]: [PREDICTION/EE] base[-0.058  0.714  0.05 ]
[WARN] [1786096354.179618293] [coord_transform]: [EE] Tọa độ bị clamp: [-0.058  0.714  0.   ] → [-0.058  0.714  0.05 ]
[WARN] [1786096355.212644115] [coord_transform]: [EE] Tọa độ bị clamp: [-0.058  0.714  0.   ] → [-0.058  0.714  0.05 ]
[INFO] [1786096355.449643388] [coord_transform]: [PREDICTION/EE] base[-0.058  0.714  0.05 ]
[WARN] [1786096356.212846030] [coord_transform]: [EE] Tọa độ bị clamp: [-0.058  0.714  0.   ] → [-0.058  0.714  0.05 ]
[WARN] [1786096357.213533821] [coord_transform]: [EE] Tọa độ bị clamp: [-0.058  0.714  0.   ] → [-0.058  0.714  0.05 ]
[INFO] [1786096357.479694697] [coord_transform]: [PREDICTION/EE] base[-0.058  0.714  0.05 ]
[WARN] [1786096358.246700256] [coord_transform]: [EE] Tọa độ bị clamp: [-0.058  0.714  0.   ] → [-0.058  0.714  0.05 ]
[WARN] [1786096359.279394778] [coord_transform]: [EE] Tọa độ bị clamp: [-0.058  0.714  0.   ] → [-0.058  0.714  0.05 ]
[INFO] [1786096359.481451365] [coord_transform]: [PREDICTION/EE] base[-0.058  0.714  0.05 ]
[WARN] [1786096360.280564343] [coord_transform]: [EE] Tọa độ bị clamp: [-0.058  0.714  0.   ] → [-0.058  0.714  0.05 ]
[WARN] [1786096361.313300470] [coord_transform]: [EE] Tọa độ bị clamp: [-0.058  0.714  0.   ] → [-0.058  0.714  0.05 ]
[INFO] [1786096361.513472949] [coord_transform]: [PREDICTION/EE] base[-0.058  0.714  0.05 ]
[WARN] [1786096362.346498598] [coord_transform]: [EE] Tọa độ bị clamp: [-0.058  0.714  0.   ] → [-0.058  0.714  0.05 ]
[WARN] [1786096363.379401625] [coord_transform]: [EE] Tọa độ bị clamp: [-0.058  0.714  0.   ] → [-0.058  0.714  0.05 ]
[INFO] [1786096363.513549315] [coord_transform]: [PREDICTION/EE] base[-0.058  0.714  0.05 ]
[WARN] [1786096364.379553030] [coord_transform]: [EE] Tọa độ bị clamp: [-0.058  0.714  0.   ] → [-0.058  0.714  0.05 ]
[WARN] [1786096365.379745214] [coord_transform]: [EE] Tọa độ bị clamp: [-0.058  0.714  0.   ] → [-0.058  0.714  0.05 ]
[INFO] [1786096365.513765135] [coord_transform]: [PREDICTION/EE] base[-0.058  0.714  0.05 ]
[WARN] [1786096366.413082115] [coord_transform]: [EE] Tọa độ bị clamp: [-0.058  0.714  0.   ] → [-0.058  0.714  0.05 ]
[WARN] [1786096367.413867660] [coord_transform]: [EE] Tọa độ bị clamp: [-0.058  0.714  0.   ] → [-0.058  0.714  0.05 ]
[INFO] [1786096367.546943910] [coord_transform]: [PREDICTION/EE] base[-0.058  0.714  0.05 ]
[WARN] [1786096368.447493150] [coord_transform]: [EE] Tọa độ bị clamp: [-0.058  0.714  0.   ] → [-0.058  0.714  0.05 ]
[WARN] [1786096369.480782321] [coord_transform]: [EE] Tọa độ bị clamp: [-0.058  0.714  0.   ] → [-0.058  0.714  0.05 ]
[INFO] [1786096369.579556753] [coord_transform]: [PREDICTION/EE] base[-0.058  0.714  0.05 ]
[WARN] [1786096370.512868896] [coord_transform]: [EE] Tọa độ bị clamp: [-0.058  0.714  0.   ] → [-0.058  0.714  0.05 ]
[WARN] [1786096371.513690651] [coord_transform]: [EE] Tọa độ bị clamp: [-0.058  0.714  0.   ] → [-0.058  0.714  0.05 ]
[INFO] [1786096371.580236972] [coord_transform]: [PREDICTION/EE] base[-0.058  0.714  0.05 ]
[WARN] [1786096372.545972299] [coord_transform]: [EE] Tọa độ bị clamp: [-0.058  0.714  0.   ] → [-0.058  0.714  0.05 ]
[WARN] [1786096373.546854203] [coord_transform]: [EE] Tọa độ bị clamp: [-0.058  0.714  0.   ] → [-0.058  0.714  0.05 ]
[INFO] [1786096373.613061839] [coord_transform]: [PREDICTION/EE] base[-0.058  0.714  0.05 ]
[WARN] [1786096374.580022513] [coord_transform]: [EE] Tọa độ bị clamp: [-0.058  0.714  0.   ] → [-0.058  0.714  0.05 ]
[WARN] [1786096375.581066398] [coord_transform]: [EE] Tọa độ bị clamp: [-0.058  0.714  0.   ] → [-0.058  0.714  0.05 ]
[INFO] [1786096375.615035200] [coord_transform]: [PREDICTION/EE] base[-0.058  0.714  0.05 ]
[WARN] [1786096376.614485044] [coord_transform]: [EE] Tọa độ bị clamp: [-0.058  0.714  0.   ] → [-0.058  0.714  0.05 ]
[WARN] [1786096377.647465139] [coord_transform]: [EE] Tọa độ bị clamp: [-0.058  0.714  0.   ] → [-0.058  0.714  0.05 ]
[INFO] [1786096377.648588909] [coord_transform]: [PREDICTION/EE] base[-0.058  0.714  0.05 ]
[WARN] [1786096378.649361534] [coord_transform]: [EE] Tọa độ bị clamp: [-0.058  0.714  0.   ] → [-0.058  0.714  0.05 ]
[INFO] [1786096379.649278484] [coord_transform]: [PREDICTION/EE] base[-0.058  0.714  0.05 ]
[WARN] [1786096379.682410916] [coord_transform]: [EE] Tọa độ bị clamp: [-0.058  0.714  0.   ] → [-0.058  0.714  0.05 ]
[WARN] [1786096380.713581812] [coord_transform]: [EE] Tọa độ bị clamp: [-0.058  0.714  0.   ] → [-0.058  0.714  0.05 ]
[INFO] [1786096381.681629969] [coord_transform]: [PREDICTION/EE] base[-0.058  0.714  0.05 ]
[WARN] [1786096381.713896204] [coord_transform]: [EE] Tọa độ bị clamp: [-0.058  0.714  0.   ] → [-0.058  0.714  0.05 ]
[WARN] [1786096382.746415760] [coord_transform]: [EE] Tọa độ bị clamp: [-0.058  0.714  0.   ] → [-0.058  0.714  0.05 ]
[INFO] [1786096383.713931563] [coord_transform]: [PREDICTION/EE] base[-0.058  0.714  0.05 ]
[WARN] [1786096383.747081488] [coord_transform]: [EE] Tọa độ bị clamp: [-0.058  0.714  0.   ] → [-0.058  0.714  0.05 ]
[WARN] [1786096384.747167650] [coord_transform]: [EE] Tọa độ bị clamp: [-0.058  0.714  0.   ] → [-0.058  0.714  0.05 ]
[INFO] [1786096385.714170937] [coord_transform]: [PREDICTION/EE] base[-0.058  0.714  0.05 ]
[WARN] [1786096385.779821608] [coord_transform]: [EE] Tọa độ bị clamp: [-0.058  0.714  0.   ] → [-0.058  0.714  0.05 ]
[WARN] [1786096386.813113657] [coord_transform]: [EE] Tọa độ bị clamp: [-0.058  0.714  0.   ] → [-0.058  0.714  0.05 ]
[INFO] [1786096387.746903774] [coord_transform]: [PREDICTION/EE] base[-0.058  0.714  0.05 ]
[WARN] [1786096387.846904315] [coord_transform]: [EE] Tọa độ bị clamp: [-0.058  0.714  0.   ] → [-0.058  0.714  0.05 ]
[WARN] [1786096388.879530429] [coord_transform]: [EE] Tọa độ bị clamp: [-0.058  0.714  0.   ] → [-0.058  0.714  0.05 ]
[INFO] [1786096389.746972440] [coord_transform]: [PREDICTION/EE] base[-0.058  0.714  0.05 ]
[WARN] [1786096389.880316070] [coord_transform]: [EE] Tọa độ bị clamp: [-0.058  0.714  0.   ] → [-0.058  0.714  0.05 ]
[WARN] [1786096390.913542969] [coord_transform]: [EE] Tọa độ bị clamp: [-0.058  0.714  0.   ] → [-0.058  0.714  0.05 ]
[INFO] [1786096391.779761386] [coord_transform]: [PREDICTION/EE] base[-0.058  0.714  0.05 ]
[WARN] [1786096391.946480056] [coord_transform]: [EE] Tọa độ bị clamp: [-0.058  0.714  0.   ] → [-0.058  0.714  0.05 ]
[WARN] [1786096392.947059709] [coord_transform]: [EE] Tọa độ bị clamp: [-0.058  0.714  0.   ] → [-0.058  0.714  0.05 ]
[INFO] [1786096393.779802764] [coord_transform]: [PREDICTION/EE] base[-0.058  0.714  0.05 ]
[WARN] [1786096393.979679806] [coord_transform]: [EE] Tọa độ bị clamp: [-0.058  0.714  0.   ] → [-0.058  0.714  0.05 ]
[WARN] [1786096395.012801239] [coord_transform]: [EE] Tọa độ bị clamp: [-0.058  0.714  0.   ] → [-0.058  0.714  0.05 ]
[INFO] [1786096395.780260736] [coord_transform]: [PREDICTION/EE] base[-0.058  0.714  0.05 ]
[WARN] [1786096396.012915837] [coord_transform]: [EE] Tọa độ bị clamp: [-0.058  0.714  0.   ] → [-0.058  0.714  0.05 ]
[WARN] [1786096397.013359937] [coord_transform]: [EE] Tọa độ bị clamp: [-0.058  0.714  0.   ] → [-0.058  0.714  0.05 ]
[INFO] [1786096397.814311497] [coord_transform]: [PREDICTION/EE] base[-0.058  0.714  0.05 ]
[WARN] [1786096398.046842597] [coord_transform]: [EE] Tọa độ bị clamp: [-0.058  0.714  0.   ] → [-0.058  0.714  0.05 ]
[WARN] [1786096399.079917765] [coord_transform]: [EE] Tọa độ bị clamp: [-0.058  0.714  0.   ] → [-0.058  0.714  0.05 ]
[INFO] [1786096399.847661333] [coord_transform]: [PREDICTION/EE] base[-0.058  0.714  0.05 ]
[WARN] [1786096400.113473167] [coord_transform]: [EE] Tọa độ bị clamp: [-0.058  0.714  0.   ] → [-0.058  0.714  0.05 ]
[WARN] [1786096401.146393540] [coord_transform]: [EE] Tọa độ bị clamp: [-0.058  0.714  0.   ] → [-0.058  0.714  0.05 ]
[INFO] [1786096401.850072768] [coord_transform]: [PREDICTION/EE] base[-0.058  0.714  0.05 ]
[WARN] [1786096402.179697837] [coord_transform]: [EE] Tọa độ bị clamp: [-0.058  0.714  0.   ] → [-0.058  0.714  0.05 ]
[WARN] [1786096403.212759521] [coord_transform]: [EE] Tọa độ bị clamp: [-0.058  0.714  0.   ] → [-0.058  0.714  0.05 ]
[INFO] [1786096403.880501721] [coord_transform]: [PREDICTION/EE] base[-0.058  0.714  0.05 ]
[WARN] [1786096404.213443652] [coord_transform]: [EE] Tọa độ bị clamp: [-0.058  0.714  0.   ] → [-0.058  0.714  0.05 ]
[WARN] [1786096405.213797525] [coord_transform]: [EE] Tọa độ bị clamp: [-0.058  0.714  0.   ] → [-0.058  0.714  0.05 ]
[INFO] [1786096405.882952263] [coord_transform]: [PREDICTION/EE] base[-0.058  0.714  0.05 ]
[WARN] [1786096406.246814083] [coord_transform]: [EE] Tọa độ bị clamp: [-0.058  0.714  0.   ] → [-0.058  0.714  0.05 ]
[WARN] [1786096407.279428609] [coord_transform]: [EE] Tọa độ bị clamp: [-0.058  0.714  0.   ] → [-0.058  0.714  0.05 ]
[INFO] [1786096407.913837886] [coord_transform]: [PREDICTION/EE] base[-0.058  0.714  0.05 ]
[WARN] [1786096408.280345128] [coord_transform]: [EE] Tọa độ bị clamp: [-0.058  0.714  0.   ] → [-0.058  0.714  0.05 ]
[WARN] [1786096409.312934132] [coord_transform]: [EE] Tọa độ bị clamp: [-0.058  0.714  0.   ] → [-0.058  0.714  0.05 ]
[INFO] [1786096409.913978801] [coord_transform]: [PREDICTION/EE] base[-0.058  0.714  0.05 ]
[WARN] [1786096410.347486336] [coord_transform]: [EE] Tọa độ bị clamp: [-0.058  0.714  0.   ] → [-0.058  0.714  0.05 ]
[WARN] [1786096411.379190143] [coord_transform]: [EE] Tọa độ bị clamp: [-0.058  0.714  0.   ] → [-0.058  0.714  0.05 ]
[INFO] [1786096411.946933504] [coord_transform]: [PREDICTION/EE] base[-0.058  0.714  0.05 ]
[WARN] [1786096412.380860789] [coord_transform]: [EE] Tọa độ bị clamp: [-0.058  0.714  0.   ] → [-0.058  0.714  0.05 ]
[WARN] [1786096413.412868263] [coord_transform]: [EE] Tọa độ bị clamp: [-0.058  0.714  0.   ] → [-0.058  0.714  0.05 ]
[INFO] [1786096413.948532930] [coord_transform]: [PREDICTION/EE] base[-0.058  0.714  0.05 ]
[WARN] [1786096414.446372961] [coord_transform]: [EE] Tọa độ bị clamp: [-0.058  0.714  0.   ] → [-0.058  0.714  0.05 ]
[WARN] [1786096415.448911646] [coord_transform]: [EE] Tọa độ bị clamp: [-0.058  0.714  0.   ] → [-0.058  0.714  0.05 ]
[INFO] [1786096415.979655464] [coord_transform]: [PREDICTION/EE] base[-0.058  0.714  0.05 ]
[WARN] [1786096416.479506715] [coord_transform]: [EE] Tọa độ bị clamp: [-0.058  0.714  0.   ] → [-0.058  0.714  0.05 ]
[WARN] [1786096417.512898811] [coord_transform]: [EE] Tọa độ bị clamp: [-0.058  0.714  0.   ] → [-0.058  0.714  0.05 ]
[INFO] [1786096417.980082080] [coord_transform]: [PREDICTION/EE] base[-0.058  0.714  0.05 ]
[WARN] [1786096418.513175766] [coord_transform]: [EE] Tọa độ bị clamp: [-0.058  0.714  0.   ] → [-0.058  0.714  0.05 ]
[WARN] [1786096419.513720336] [coord_transform]: [EE] Tọa độ bị clamp: [-0.058  0.714  0.   ] → [-0.058  0.714  0.05 ]
[INFO] [1786096419.981382237] [coord_transform]: [PREDICTION/EE] base[-0.058  0.714  0.05 ]
[WARN] [1786096420.546639131] [coord_transform]: [EE] Tọa độ bị clamp: [-0.058  0.714  0.   ] → [-0.058  0.714  0.05 ]
[WARN] [1786096421.579757193] [coord_transform]: [EE] Tọa độ bị clamp: [-0.058  0.714  0.   ] → [-0.058  0.714  0.05 ]
[INFO] [1786096422.014531461] [coord_transform]: [PREDICTION/EE] base[-0.058  0.714  0.05 ]
[WARN] [1786096422.613403911] [coord_transform]: [EE] Tọa độ bị clamp: [-0.058  0.714  0.   ] → [-0.058  0.714  0.05 ]
[WARN] [1786096423.613561095] [coord_transform]: [EE] Tọa độ bị clamp: [-0.058  0.714  0.   ] → [-0.058  0.714  0.05 ]
[INFO] [1786096424.014821072] [coord_transform]: [PREDICTION/EE] base[-0.058  0.714  0.05 ]
[WARN] [1786096424.614506813] [coord_transform]: [EE] Tọa độ bị clamp: [-0.058  0.714  0.   ] → [-0.058  0.714  0.05 ]
[WARN] [1786096425.614740416] [coord_transform]: [EE] Tọa độ bị clamp: [-0.058  0.714  0.   ] → [-0.058  0.714  0.05 ]
[INFO] [1786096426.015848019] [coord_transform]: [PREDICTION/EE] base[-0.058  0.714  0.05 ]
[WARN] [1786096426.648555031] [coord_transform]: [EE] Tọa độ bị clamp: [-0.058  0.714  0.   ] → [-0.058  0.714  0.05 ]
[WARN] [1786096427.680066221] [coord_transform]: [EE] Tọa độ bị clamp: [-0.058  0.714  0.   ] → [-0.058  0.714  0.05 ]
[INFO] [1786096428.047918970] [coord_transform]: [PREDICTION/EE] base[-0.058  0.714  0.05 ]
[WARN] [1786096428.712996410] [coord_transform]: [EE] Tọa độ bị clamp: [-0.058  0.714  0.   ] → [-0.058  0.714  0.05 ]
[WARN] [1786096429.713982848] [coord_transform]: [EE] Tọa độ bị clamp: [-0.058  0.714  0.   ] → [-0.058  0.714  0.05 ]
[INFO] [1786096430.049252003] [coord_transform]: [PREDICTION/EE] base[-0.058  0.714  0.05 ]
[WARN] [1786096430.746436517] [coord_transform]: [EE] Tọa độ bị clamp: [-0.058  0.714  0.   ] → [-0.058  0.714  0.05 ]
[WARN] [1786096431.747236230] [coord_transform]: [EE] Tọa độ bị clamp: [-0.058  0.714  0.   ] → [-0.058  0.714  0.05 ]
[INFO] [1786096432.079583909] [coord_transform]: [PREDICTION/EE] base[-0.058  0.714  0.05 ]
[WARN] [1786096432.779738746] [coord_transform]: [EE] Tọa độ bị clamp: [-0.058  0.714  0.   ] → [-0.058  0.714  0.05 ]
[WARN] [1786096433.813463391] [coord_transform]: [EE] Tọa độ bị clamp: [-0.058  0.714  0.   ] → [-0.058  0.714  0.05 ]
[INFO] [1786096434.081103263] [coord_transform]: [PREDICTION/EE] base[-0.058  0.714  0.05 ]
[WARN] [1786096434.846641532] [coord_transform]: [EE] Tọa độ bị clamp: [-0.058  0.714  0.   ] → [-0.058  0.714  0.05 ]
[WARN] [1786096435.847125673] [coord_transform]: [EE] Tọa độ bị clamp: [-0.058  0.714  0.   ] → [-0.058  0.714  0.05 ]
[INFO] [1786096436.114274605] [coord_transform]: [PREDICTION/EE] base[-0.058  0.714  0.05 ]
[WARN] [1786096436.879907526] [coord_transform]: [EE] Tọa độ bị clamp: [-0.058  0.714  0.   ] → [-0.058  0.714  0.05 ]
[WARN] [1786096437.880335306] [coord_transform]: [EE] Tọa độ bị clamp: [-0.058  0.714  0.   ] → [-0.058  0.714  0.05 ]
[INFO] [1786096438.146926080] [coord_transform]: [PREDICTION/EE] base[-0.058  0.714  0.05 ]
[WARN] [1786096438.913462121] [coord_transform]: [EE] Tọa độ bị clamp: [-0.058  0.714  0.   ] → [-0.058  0.714  0.05 ]
[WARN] [1786096439.946960518] [coord_transform]: [EE] Tọa độ bị clamp: [-0.058  0.714  0.   ] → [-0.058  0.714  0.05 ]
[INFO] [1786096440.147158779] [coord_transform]: [PREDICTION/EE] base[-0.058  0.714  0.05 ]
[WARN] [1786096440.979662672] [coord_transform]: [EE] Tọa độ bị clamp: [-0.058  0.714  0.   ] → [-0.058  0.714  0.05 ]
[WARN] [1786096442.013241786] [coord_transform]: [EE] Tọa độ bị clamp: [-0.058  0.714  0.   ] → [-0.058  0.714  0.05 ]
[INFO] [1786096442.179772866] [coord_transform]: [PREDICTION/EE] base[-0.058  0.714  0.05 ]
[WARN] [1786096443.013340160] [coord_transform]: [EE] Tọa độ bị clamp: [-0.058  0.714  0.   ] → [-0.058  0.714  0.05 ]
[WARN] [1786096444.046836654] [coord_transform]: [EE] Tọa độ bị clamp: [-0.058  0.714  0.   ] → [-0.058  0.714  0.05 ]
[INFO] [1786096444.180489805] [coord_transform]: [PREDICTION/EE] base[-0.058  0.714  0.05 ]
[WARN] [1786096445.047762829] [coord_transform]: [EE] Tọa độ bị clamp: [-0.058  0.714  0.   ] → [-0.058  0.714  0.05 ]
[WARN] [1786096446.081045026] [coord_transform]: [EE] Tọa độ bị clamp: [-0.058  0.714  0.   ] → [-0.058  0.714  0.05 ]
[INFO] [1786096446.213118370] [coord_transform]: [PREDICTION/EE] base[-0.058  0.714  0.05 ]
[WARN] [1786096447.114011523] [coord_transform]: [EE] Tọa độ bị clamp: [-0.058  0.714  0.   ] → [-0.058  0.714  0.05 ]
[WARN] [1786096448.145794228] [coord_transform]: [EE] Tọa độ bị clamp: [-0.058  0.714  0.   ] → [-0.058  0.714  0.05 ]
[INFO] [1786096448.213328559] [coord_transform]: [PREDICTION/EE] base[-0.058  0.714  0.05 ]
[WARN] [1786096449.148263682] [coord_transform]: [EE] Tọa độ bị clamp: [-0.058  0.714  0.   ] → [-0.058  0.714  0.05 ]
[WARN] [1786096450.179339736] [coord_transform]: [EE] Tọa độ bị clamp: [-0.058  0.714  0.   ] → [-0.058  0.714  0.05 ]
[INFO] [1786096450.213348160] [coord_transform]: [PREDICTION/EE] base[-0.058  0.714  0.05 ]
[WARN] [1786096451.213383066] [coord_transform]: [EE] Tọa độ bị clamp: [-0.058  0.714  0.   ] → [-0.058  0.714  0.05 ]
[WARN] [1786096452.214012783] [coord_transform]: [EE] Tọa độ bị clamp: [-0.058  0.714  0.   ] → [-0.058  0.714  0.05 ]
[INFO] [1786096452.214825750] [coord_transform]: [PREDICTION/EE] base[-0.058  0.714  0.05 ]
[WARN] [1786096453.246540290] [coord_transform]: [EE] Tọa độ bị clamp: [-0.058  0.714  0.   ] → [-0.058  0.714  0.05 ]
[INFO] [1786096454.246746186] [coord_transform]: [PREDICTION/EE] base[-0.058  0.714  0.05 ]
[WARN] [1786096454.279512026] [coord_transform]: [EE] Tọa độ bị clamp: [-0.058  0.714  0.   ] → [-0.058  0.714  0.05 ]
[WARN] [1786096455.279566599] [coord_transform]: [EE] Tọa độ bị clamp: [-0.058  0.714  0.   ] → [-0.058  0.714  0.05 ]
[INFO] [1786096456.249203857] [coord_transform]: [PREDICTION/EE] base[-0.058  0.714  0.05 ]
[WARN] [1786096456.280376745] [coord_transform]: [EE] Tọa độ bị clamp: [-0.058  0.714  0.   ] → [-0.058  0.714  0.05 ]
[WARN] [1786096457.313354740] [coord_transform]: [EE] Tọa độ bị clamp: [-0.058  0.714  0.   ] → [-0.058  0.714  0.05 ]
[INFO] [1786096458.281018145] [coord_transform]: [PREDICTION/EE] base[-0.058  0.714  0.05 ]
[WARN] [1786096458.346647499] [coord_transform]: [EE] Tọa độ bị clamp: [-0.058  0.714  0.   ] → [-0.058  0.714  0.05 ]
[WARN] [1786096459.379851844] [coord_transform]: [EE] Tọa độ bị clamp: [-0.058  0.714  0.   ] → [-0.058  0.714  0.05 ]
[INFO] [1786096460.281057082] [coord_transform]: [PREDICTION/EE] base[-0.058  0.714  0.05 ]
[WARN] [1786096460.412593403] [coord_transform]: [EE] Tọa độ bị clamp: [-0.058  0.714  0.   ] → [-0.058  0.714  0.05 ]
[WARN] [1786096461.446213234] [coord_transform]: [EE] Tọa độ bị clamp: [-0.058  0.714  0.   ] → [-0.058  0.714  0.05 ]
[INFO] [1786096462.313241035] [coord_transform]: [PREDICTION/EE] base[-0.058  0.714  0.05 ]
[WARN] [1786096462.446261564] [coord_transform]: [EE] Tọa độ bị clamp: [-0.058  0.714  0.   ] → [-0.058  0.714  0.05 ]
[WARN] [1786096463.448053571] [coord_transform]: [EE] Tọa độ bị clamp: [-0.058  0.714  0.   ] → [-0.058  0.714  0.05 ]
[INFO] [1786096464.314162380] [coord_transform]: [PREDICTION/EE] base[-0.058  0.714  0.05 ]
[WARN] [1786096464.479954311] [coord_transform]: [EE] Tọa độ bị clamp: [-0.058  0.714  0.   ] → [-0.058  0.714  0.05 ]
[WARN] [1786096465.512990116] [coord_transform]: [EE] Tọa độ bị clamp: [-0.058  0.714  0.   ] → [-0.058  0.714  0.05 ]
[INFO] [1786096466.314383300] [coord_transform]: [PREDICTION/EE] base[-0.058  0.714  0.05 ]
[WARN] [1786096466.513266103] [coord_transform]: [EE] Tọa độ bị clamp: [-0.058  0.714  0.   ] → [-0.058  0.714  0.05 ]
[WARN] [1786096467.513447225] [coord_transform]: [EE] Tọa độ bị clamp: [-0.058  0.714  0.   ] → [-0.058  0.714  0.05 ]
[INFO] [1786096468.314581977] [coord_transform]: [PREDICTION/EE] base[-0.058  0.714  0.05 ]
[WARN] [1786096468.513506791] [coord_transform]: [EE] Tọa độ bị clamp: [-0.058  0.714  0.   ] → [-0.058  0.714  0.05 ]
[WARN] [1786096469.546534139] [coord_transform]: [EE] Tọa độ bị clamp: [-0.058  0.714  0.   ] → [-0.058  0.714  0.05 ]
[INFO] [1786096470.314943240] [coord_transform]: [PREDICTION/EE] base[-0.058  0.714  0.05 ]
[WARN] [1786096470.546809936] [coord_transform]: [EE] Tọa độ bị clamp: [-0.058  0.714  0.   ] → [-0.058  0.714  0.05 ]
[WARN] [1786096471.547905907] [coord_transform]: [EE] Tọa độ bị clamp: [-0.058  0.714  0.   ] → [-0.058  0.714  0.05 ]
[INFO] [1786096472.315206018] [coord_transform]: [PREDICTION/EE] base[-0.058  0.714  0.05 ]
[WARN] [1786096472.580886255] [coord_transform]: [EE] Tọa độ bị clamp: [-0.058  0.714  0.   ] → [-0.058  0.714  0.05 ]
[WARN] [1786096473.613879941] [coord_transform]: [EE] Tọa độ bị clamp: [-0.058  0.714  0.   ] → [-0.058  0.714  0.05 ]
[INFO] [1786096474.347816802] [coord_transform]: [PREDICTION/EE] base[-0.058  0.714  0.05 ]
[WARN] [1786096474.648281664] [coord_transform]: [EE] Tọa độ bị clamp: [-0.058  0.714  0.   ] → [-0.058  0.714  0.05 ]
[WARN] [1786096475.680847482] [coord_transform]: [EE] Tọa độ bị clamp: [-0.058  0.714  0.   ] → [-0.058  0.714  0.05 ]
[INFO] [1786096476.380865278] [coord_transform]: [PREDICTION/EE] base[-0.058  0.714  0.05 ]
[WARN] [1786096476.714158140] [coord_transform]: [EE] Tọa độ bị clamp: [-0.058  0.714  0.   ] → [-0.058  0.714  0.05 ]
[WARN] [1786096477.746703374] [coord_transform]: [EE] Tọa độ bị clamp: [-0.058  0.714  0.   ] → [-0.058  0.714  0.05 ]
[INFO] [1786096478.414252932] [coord_transform]: [PREDICTION/EE] base[-0.058  0.714  0.05 ]
[WARN] [1786096478.746716387] [coord_transform]: [EE] Tọa độ bị clamp: [-0.058  0.714  0.   ] → [-0.058  0.714  0.05 ]
[WARN] [1786096479.746929158] [coord_transform]: [EE] Tọa độ bị clamp: [-0.058  0.714  0.   ] → [-0.058  0.714  0.05 ]
[INFO] [1786096480.414408878] [coord_transform]: [PREDICTION/EE] base[-0.058  0.714  0.05 ]
[WARN] [1786096480.779269174] [coord_transform]: [EE] Tọa độ bị clamp: [-0.058  0.714  0.   ] → [-0.058  0.714  0.05 ]
[WARN] [1786096481.779897491] [coord_transform]: [EE] Tọa độ bị clamp: [-0.058  0.714  0.   ] → [-0.058  0.714  0.05 ]
[INFO] [1786096482.447427478] [coord_transform]: [PREDICTION/EE] base[-0.058  0.714  0.05 ]
[WARN] [1786096482.813112595] [coord_transform]: [EE] Tọa độ bị clamp: [-0.058  0.714  0.   ] → [-0.058  0.714  0.05 ]
[WARN] [1786096483.847045100] [coord_transform]: [EE] Tọa độ bị clamp: [-0.058  0.714  0.   ] → [-0.058  0.714  0.05 ]
[INFO] [1786096484.453656281] [coord_transform]: [PREDICTION/EE] base[-0.058  0.714  0.05 ]
[WARN] [1786096484.879733501] [coord_transform]: [EE] Tọa độ bị clamp: [-0.058  0.714  0.   ] → [-0.058  0.714  0.05 ]
[WARN] [1786096485.880732984] [coord_transform]: [EE] Tọa độ bị clamp: [-0.058  0.714  0.   ] → [-0.058  0.714  0.05 ]
[INFO] [1786096486.480492006] [coord_transform]: [PREDICTION/EE] base[-0.058  0.714  0.05 ]
[WARN] [1786096486.912861017] [coord_transform]: [EE] Tọa độ bị clamp: [-0.058  0.714  0.   ] → [-0.058  0.714  0.05 ]
[WARN] [1786096487.913623069] [coord_transform]: [EE] Tọa độ bị clamp: [-0.058  0.714  0.   ] → [-0.058  0.714  0.05 ]
[INFO] [1786096488.481312249] [coord_transform]: [PREDICTION/EE] base[-0.058  0.714  0.05 ]
[WARN] [1786096488.946392682] [coord_transform]: [EE] Tọa độ bị clamp: [-0.058  0.714  0.   ] → [-0.058  0.714  0.05 ]
[WARN] [1786096489.946463170] [coord_transform]: [EE] Tọa độ bị clamp: [-0.058  0.714  0.   ] → [-0.058  0.714  0.05 ]
[INFO] [1786096490.513209691] [coord_transform]: [PREDICTION/EE] base[-0.058  0.714  0.05 ]
[WARN] [1786096490.947427038] [coord_transform]: [EE] Tọa độ bị clamp: [-0.058  0.714  0.   ] → [-0.058  0.714  0.05 ]
[WARN] [1786096491.979271681] [coord_transform]: [EE] Tọa độ bị clamp: [-0.058  0.714  0.   ] → [-0.058  0.714  0.05 ]
[INFO] [1786096492.515070888] [coord_transform]: [PREDICTION/EE] base[-0.058  0.714  0.05 ]
[WARN] [1786096493.014106363] [coord_transform]: [EE] Tọa độ bị clamp: [-0.058  0.714  0.   ] → [-0.058  0.714  0.05 ]
[WARN] [1786096494.046918799] [coord_transform]: [EE] Tọa độ bị clamp: [-0.058  0.714  0.   ] → [-0.058  0.714  0.05 ]
[INFO] [1786096494.547326854] [coord_transform]: [PREDICTION/EE] base[-0.058  0.714  0.05 ]
[WARN] [1786096495.047231203] [coord_transform]: [EE] Tọa độ bị clamp: [-0.058  0.714  0.   ] → [-0.058  0.714  0.05 ]
[WARN] [1786096496.079356543] [coord_transform]: [EE] Tọa độ bị clamp: [-0.058  0.714  0.   ] → [-0.058  0.714  0.05 ]
[INFO] [1786096496.549622596] [coord_transform]: [PREDICTION/EE] base[-0.058  0.714  0.05 ]
[WARN] [1786096497.080856082] [coord_transform]: [EE] Tọa độ bị clamp: [-0.058  0.714  0.   ] → [-0.058  0.714  0.05 ]
[WARN] [1786096498.113745081] [coord_transform]: [EE] Tọa độ bị clamp: [-0.058  0.714  0.   ] → [-0.058  0.714  0.05 ]
[INFO] [1786096498.580562539] [coord_transform]: [PREDICTION/EE] base[-0.058  0.714  0.05 ]
[WARN] [1786096499.114932018] [coord_transform]: [EE] Tọa độ bị clamp: [-0.058  0.714  0.   ] → [-0.058  0.714  0.05 ]
[WARN] [1786096500.146964193] [coord_transform]: [EE] Tọa độ bị clamp: [-0.058  0.714  0.   ] → [-0.058  0.714  0.05 ]
[INFO] [1786096500.581579176] [coord_transform]: [PREDICTION/EE] base[-0.058  0.714  0.05 ]
[WARN] [1786096501.147719523] [coord_transform]: [EE] Tọa độ bị clamp: [-0.058  0.714  0.   ] → [-0.058  0.714  0.05 ]
[WARN] [1786096502.180539141] [coord_transform]: [EE] Tọa độ bị clamp: [-0.058  0.714  0.   ] → [-0.058  0.714  0.05 ]
[INFO] [1786096502.614367911] [coord_transform]: [PREDICTION/EE] base[-0.058  0.714  0.05 ]
[WARN] [1786096503.212748166] [coord_transform]: [EE] Tọa độ bị clamp: [-0.058  0.714  0.   ] → [-0.058  0.714  0.05 ]
[WARN] [1786096504.213397634] [coord_transform]: [EE] Tọa độ bị clamp: [-0.058  0.714  0.   ] → [-0.058  0.714  0.05 ]
[INFO] [1786096504.647709132] [coord_transform]: [PREDICTION/EE] base[-0.058  0.714  0.05 ]
[WARN] [1786096505.214046995] [coord_transform]: [EE] Tọa độ bị clamp: [-0.058  0.714  0.   ] → [-0.058  0.714  0.05 ]
[WARN] [1786096506.246373266] [coord_transform]: [EE] Tọa độ bị clamp: [-0.058  0.714  0.   ] → [-0.058  0.714  0.05 ]
[INFO] [1786096506.649662768] [coord_transform]: [PREDICTION/EE] base[-0.058  0.714  0.05 ]
[WARN] [1786096507.246470074] [coord_transform]: [EE] Tọa độ bị clamp: [-0.058  0.714  0.   ] → [-0.058  0.714  0.05 ]
[WARN] [1786096508.248354171] [coord_transform]: [EE] Tọa độ bị clamp: [-0.058  0.714  0.   ] → [-0.058  0.714  0.05 ]
[INFO] [1786096508.681061279] [coord_transform]: [PREDICTION/EE] base[-0.058  0.714  0.05 ]
[WARN] [1786096509.279454877] [coord_transform]: [EE] Tọa độ bị clamp: [-0.058  0.714  0.   ] → [-0.058  0.714  0.05 ]
[WARN] [1786096510.279844512] [coord_transform]: [EE] Tọa độ bị clamp: [-0.058  0.714  0.   ] → [-0.058  0.714  0.05 ]
[INFO] [1786096510.682392845] [coord_transform]: [PREDICTION/EE] base[-0.058  0.714  0.05 ]
[WARN] [1786096511.312835073] [coord_transform]: [EE] Tọa độ bị clamp: [-0.058  0.714  0.   ] → [-0.058  0.714  0.05 ]
[WARN] [1786096512.313666572] [coord_transform]: [EE] Tọa độ bị clamp: [-0.058  0.714  0.   ] → [-0.058  0.714  0.05 ]
[INFO] [1786096512.714983003] [coord_transform]: [PREDICTION/EE] base[-0.058  0.714  0.05 ]
[WARN] [1786096513.346135979] [coord_transform]: [EE] Tọa độ bị clamp: [-0.058  0.714  0.   ] → [-0.058  0.714  0.05 ]
[WARN] [1786096514.347407710] [coord_transform]: [EE] Tọa độ bị clamp: [-0.058  0.714  0.   ] → [-0.058  0.714  0.05 ]
[INFO] [1786096514.715451916] [coord_transform]: [PREDICTION/EE] base[-0.058  0.714  0.05 ]
[WARN] [1786096515.380119747] [coord_transform]: [EE] Tọa độ bị clamp: [-0.058  0.714  0.   ] → [-0.058  0.714  0.05 ]
[WARN] [1786096516.380952939] [coord_transform]: [EE] Tọa độ bị clamp: [-0.058  0.714  0.   ] → [-0.058  0.714  0.05 ]
[INFO] [1786096516.748372583] [coord_transform]: [PREDICTION/EE] base[-0.058  0.714  0.05 ]
[WARN] [1786096517.414882598] [coord_transform]: [EE] Tọa độ bị clamp: [-0.058  0.714  0.   ] → [-0.058  0.714  0.05 ]
[WARN] [1786096518.446866134] [coord_transform]: [EE] Tọa độ bị clamp: [-0.058  0.714  0.   ] → [-0.058  0.714  0.05 ]
[INFO] [1786096518.748978763] [coord_transform]: [PREDICTION/EE] base[-0.058  0.714  0.05 ]
[WARN] [1786096519.448328274] [coord_transform]: [EE] Tọa độ bị clamp: [-0.058  0.714  0.   ] → [-0.058  0.714  0.05 ]
[WARN] [1786096520.448637621] [coord_transform]: [EE] Tọa độ bị clamp: [-0.058  0.714  0.   ] → [-0.058  0.714  0.05 ]
[INFO] [1786096520.781610686] [coord_transform]: [PREDICTION/EE] base[-0.058  0.714  0.05 ]
[WARN] [1786096521.449840528] [coord_transform]: [EE] Tọa độ bị clamp: [-0.058  0.714  0.   ] → [-0.058  0.714  0.05 ]
[WARN] [1786096522.481366263] [coord_transform]: [EE] Tọa độ bị clamp: [-0.058  0.714  0.   ] → [-0.058  0.714  0.05 ]
[INFO] [1786096522.813640878] [coord_transform]: [PREDICTION/EE] base[-0.058  0.714  0.05 ]
[WARN] [1786096523.513374928] [coord_transform]: [EE] Tọa độ bị clamp: [-0.058  0.714  0.   ] → [-0.058  0.714  0.05 ]
[WARN] [1786096524.515301030] [coord_transform]: [EE] Tọa độ bị clamp: [-0.058  0.714  0.   ] → [-0.058  0.714  0.05 ]
[INFO] [1786096524.848549246] [coord_transform]: [PREDICTION/EE] base[-0.058  0.714  0.05 ]
[WARN] [1786096525.548969638] [coord_transform]: [EE] Tọa độ bị clamp: [-0.058  0.714  0.   ] → [-0.058  0.714  0.05 ]
[WARN] [1786096526.580499811] [coord_transform]: [EE] Tọa độ bị clamp: [-0.058  0.714  0.   ] → [-0.058  0.714  0.05 ]
[INFO] [1786096526.849211005] [coord_transform]: [PREDICTION/EE] base[-0.058  0.714  0.05 ]
[WARN] [1786096527.615021456] [coord_transform]: [EE] Tọa độ bị clamp: [-0.058  0.714  0.   ] → [-0.058  0.714  0.05 ]
[WARN] [1786096528.615153647] [coord_transform]: [EE] Tọa độ bị clamp: [-0.058  0.714  0.   ] → [-0.058  0.714  0.05 ]
[INFO] [1786096528.879937204] [coord_transform]: [PREDICTION/EE] base[-0.058  0.714  0.05 ]
[WARN] [1786096529.615529489] [coord_transform]: [EE] Tọa độ bị clamp: [-0.058  0.714  0.   ] → [-0.058  0.714  0.05 ]
[WARN] [1786096530.648630011] [coord_transform]: [EE] Tọa độ bị clamp: [-0.058  0.714  0.   ] → [-0.058  0.714  0.05 ]
[INFO] [1786096530.882442114] [coord_transform]: [PREDICTION/EE] base[-0.058  0.714  0.05 ]
[WARN] [1786096531.679130230] [coord_transform]: [EE] Tọa độ bị clamp: [-0.058  0.714  0.   ] → [-0.058  0.714  0.05 ]
[WARN] [1786096532.679881083] [coord_transform]: [EE] Tọa độ bị clamp: [-0.058  0.714  0.   ] → [-0.058  0.714  0.05 ]
[INFO] [1786096532.913293025] [coord_transform]: [PREDICTION/EE] base[-0.058  0.714  0.05 ]
[WARN] [1786096533.712564608] [coord_transform]: [EE] Tọa độ bị clamp: [-0.058  0.714  0.   ] → [-0.058  0.714  0.05 ]
[WARN] [1786096534.712684239] [coord_transform]: [EE] Tọa độ bị clamp: [-0.058  0.714  0.   ] → [-0.058  0.714  0.05 ]
[INFO] [1786096534.913532827] [coord_transform]: [PREDICTION/EE] base[-0.058  0.714  0.05 ]
[WARN] [1786096535.712981656] [coord_transform]: [EE] Tọa độ bị clamp: [-0.058  0.714  0.   ] → [-0.058  0.714  0.05 ]
[WARN] [1786096536.746620863] [coord_transform]: [EE] Tọa độ bị clamp: [-0.058  0.714  0.   ] → [-0.058  0.714  0.05 ]
[INFO] [1786096536.914103438] [coord_transform]: [PREDICTION/EE] base[-0.058  0.714  0.05 ]
[WARN] [1786096537.779697026] [coord_transform]: [EE] Tọa độ bị clamp: [-0.058  0.714  0.   ] → [-0.058  0.714  0.05 ]
[WARN] [1786096538.813139818] [coord_transform]: [EE] Tọa độ bị clamp: [-0.058  0.714  0.   ] → [-0.058  0.714  0.05 ]
[INFO] [1786096538.946779935] [coord_transform]: [PREDICTION/EE] base[-0.058  0.714  0.05 ]
[WARN] [1786096539.846476214] [coord_transform]: [EE] Tọa độ bị clamp: [-0.058  0.714  0.   ] → [-0.058  0.714  0.05 ]
[WARN] [1786096540.879484275] [coord_transform]: [EE] Tọa độ bị clamp: [-0.058  0.714  0.   ] → [-0.058  0.714  0.05 ]
[INFO] [1786096540.979899714] [coord_transform]: [PREDICTION/EE] base[-0.058  0.714  0.05 ]
[WARN] [1786096541.881395217] [coord_transform]: [EE] Tọa độ bị clamp: [-0.058  0.714  0.   ] → [-0.058  0.714  0.05 ]
[WARN] [1786096542.912718297] [coord_transform]: [EE] Tọa độ bị clamp: [-0.058  0.714  0.   ] → [-0.058  0.714  0.05 ]
[INFO] [1786096543.013187898] [coord_transform]: [PREDICTION/EE] base[-0.058  0.714  0.05 ]
[WARN] [1786096543.912864357] [coord_transform]: [EE] Tọa độ bị clamp: [-0.058  0.714  0.   ] → [-0.058  0.714  0.05 ]
[WARN] [1786096544.946695553] [coord_transform]: [EE] Tọa độ bị clamp: [-0.058  0.714  0.   ] → [-0.058  0.714  0.05 ]
[INFO] [1786096545.013754386] [coord_transform]: [PREDICTION/EE] base[-0.058  0.714  0.05 ]
[WARN] [1786096545.947128768] [coord_transform]: [EE] Tọa độ bị clamp: [-0.058  0.714  0.   ] → [-0.058  0.714  0.05 ]
[WARN] [1786096546.979370623] [coord_transform]: [EE] Tọa độ bị clamp: [-0.058  0.714  0.   ] → [-0.058  0.714  0.05 ]
[INFO] [1786096547.047436888] [coord_transform]: [PREDICTION/EE] base[-0.058  0.714  0.05 ]
[WARN] [1786096547.979587325] [coord_transform]: [EE] Tọa độ bị clamp: [-0.058  0.714  0.   ] → [-0.058  0.714  0.05 ]
[WARN] [1786096549.013792423] [coord_transform]: [EE] Tọa độ bị clamp: [-0.058  0.714  0.   ] → [-0.058  0.714  0.05 ]
[INFO] [1786096549.048079317] [coord_transform]: [PREDICTION/EE] base[-0.058  0.714  0.05 ]
[WARN] [1786096550.046417925] [coord_transform]: [EE] Tọa độ bị clamp: [-0.058  0.714  0.   ] → [-0.058  0.714  0.05 ]
[WARN] [1786096551.046644431] [coord_transform]: [EE] Tọa độ bị clamp: [-0.058  0.714  0.   ] → [-0.058  0.714  0.05 ]
[INFO] [1786096551.080479047] [coord_transform]: [PREDICTION/EE] base[-0.058  0.714  0.05 ]
[WARN] [1786096552.079598174] [coord_transform]: [EE] Tọa độ bị clamp: [-0.058  0.714  0.   ] → [-0.058  0.714  0.05 ]
[WARN] [1786096553.113043834] [coord_transform]: [EE] Tọa độ bị clamp: [-0.058  0.714  0.   ] → [-0.058  0.714  0.05 ]
[INFO] [1786096553.113531330] [coord_transform]: [PREDICTION/EE] base[-0.058  0.714  0.05 ]
[WARN] [1786096554.146319717] [coord_transform]: [EE] Tọa độ bị clamp: [-0.058  0.714  0.   ] → [-0.058  0.714  0.05 ]
[INFO] [1786096555.113761479] [coord_transform]: [PREDICTION/EE] base[-0.058  0.714  0.05 ]
[WARN] [1786096555.179220548] [coord_transform]: [EE] Tọa độ bị clamp: [-0.058  0.714  0.   ] → [-0.058  0.714  0.05 ]
[WARN] [1786096556.179359100] [coord_transform]: [EE] Tọa độ bị clamp: [-0.058  0.714  0.   ] → [-0.058  0.714  0.05 ]
[INFO] [1786096557.146622842] [coord_transform]: [PREDICTION/EE] base[-0.058  0.714  0.05 ]
[WARN] [1786096557.212864882] [coord_transform]: [EE] Tọa độ bị clamp: [-0.058  0.714  0.   ] → [-0.058  0.714  0.05 ]
[WARN] [1786096558.212913278] [coord_transform]: [EE] Tọa độ bị clamp: [-0.058  0.714  0.   ] → [-0.058  0.714  0.05 ]
[INFO] [1786096559.146726610] [coord_transform]: [PREDICTION/EE] base[-0.058  0.714  0.05 ]
[WARN] [1786096559.246064869] [coord_transform]: [EE] Tọa độ bị clamp: [-0.058  0.714  0.   ] → [-0.058  0.714  0.05 ]
[WARN] [1786096560.247626963] [coord_transform]: [EE] Tọa độ bị clamp: [-0.058  0.714  0.   ] → [-0.058  0.714  0.05 ]
[INFO] [1786096561.146916178] [coord_transform]: [PREDICTION/EE] base[-0.058  0.714  0.05 ]
[WARN] [1786096561.279613750] [coord_transform]: [EE] Tọa độ bị clamp: [-0.058  0.714  0.   ] → [-0.058  0.714  0.05 ]
[WARN] [1786096562.313086340] [coord_transform]: [EE] Tọa độ bị clamp: [-0.058  0.714  0.   ] → [-0.058  0.714  0.05 ]
[INFO] [1786096563.147066891] [coord_transform]: [PREDICTION/EE] base[-0.058  0.714  0.05 ]
[WARN] [1786096563.313253129] [coord_transform]: [EE] Tọa độ bị clamp: [-0.058  0.714  0.   ] → [-0.058  0.714  0.05 ]
[WARN] [1786096564.346369384] [coord_transform]: [EE] Tọa độ bị clamp: [-0.058  0.714  0.   ] → [-0.058  0.714  0.05 ]
[INFO] [1786096565.180264979] [coord_transform]: [PREDICTION/EE] base[-0.058  0.714  0.05 ]
[WARN] [1786096565.379896623] [coord_transform]: [EE] Tọa độ bị clamp: [-0.058  0.714  0.   ] → [-0.058  0.714  0.05 ]
[WARN] [1786096566.414384259] [coord_transform]: [EE] Tọa độ bị clamp: [-0.058  0.714  0.   ] → [-0.058  0.714  0.05 ]
[INFO] [1786096567.213587720] [coord_transform]: [PREDICTION/EE] base[-0.058  0.714  0.05 ]
[WARN] [1786096567.414451380] [coord_transform]: [EE] Tọa độ bị clamp: [-0.058  0.714  0.   ] → [-0.058  0.714  0.05 ]
[WARN] [1786096568.447737653] [coord_transform]: [EE] Tọa độ bị clamp: [-0.058  0.714  0.   ] → [-0.058  0.714  0.05 ]
[INFO] [1786096569.247020516] [coord_transform]: [PREDICTION/EE] base[-0.058  0.714  0.05 ]
[WARN] [1786096569.479119159] [coord_transform]: [EE] Tọa độ bị clamp: [-0.058  0.714  0.   ] → [-0.058  0.714  0.05 ]
[WARN] [1786096570.479427810] [coord_transform]: [EE] Tọa độ bị clamp: [-0.058  0.714  0.   ] → [-0.058  0.714  0.05 ]
[INFO] [1786096571.279526670] [coord_transform]: [PREDICTION/EE] base[-0.058  0.714  0.05 ]
[WARN] [1786096571.480447539] [coord_transform]: [EE] Tọa độ bị clamp: [-0.058  0.714  0.   ] → [-0.058  0.714  0.05 ]
[WARN] [1786096572.480590091] [coord_transform]: [EE] Tọa độ bị clamp: [-0.058  0.714  0.   ] → [-0.058  0.714  0.05 ]
[INFO] [1786096573.280124323] [coord_transform]: [PREDICTION/EE] base[-0.058  0.714  0.05 ]
[WARN] [1786096573.513169326] [coord_transform]: [EE] Tọa độ bị clamp: [-0.058  0.714  0.   ] → [-0.058  0.714  0.05 ]
[WARN] [1786096574.546659686] [coord_transform]: [EE] Tọa độ bị clamp: [-0.058  0.714  0.   ] → [-0.058  0.714  0.05 ]
[INFO] [1786096575.282432900] [coord_transform]: [PREDICTION/EE] base[-0.058  0.714  0.05 ]
[WARN] [1786096575.548366072] [coord_transform]: [EE] Tọa độ bị clamp: [-0.058  0.714  0.   ] → [-0.058  0.714  0.05 ]
[WARN] [1786096576.579998565] [coord_transform]: [EE] Tọa độ bị clamp: [-0.058  0.714  0.   ] → [-0.058  0.714  0.05 ]
[INFO] [1786096577.313397381] [coord_transform]: [PREDICTION/EE] base[-0.058  0.714  0.05 ]
[WARN] [1786096577.581099318] [coord_transform]: [EE] Tọa độ bị clamp: [-0.058  0.714  0.   ] → [-0.058  0.714  0.05 ]
[WARN] [1786096578.613884200] [coord_transform]: [EE] Tọa độ bị clamp: [-0.058  0.714  0.   ] → [-0.058  0.714  0.05 ]
[INFO] [1786096579.313863452] [coord_transform]: [PREDICTION/EE] base[-0.058  0.714  0.05 ]
[WARN] [1786096579.615080507] [coord_transform]: [EE] Tọa độ bị clamp: [-0.058  0.714  0.   ] → [-0.058  0.714  0.05 ]
[WARN] [1786096580.646822192] [coord_transform]: [EE] Tọa độ bị clamp: [-0.058  0.714  0.   ] → [-0.058  0.714  0.05 ]
[INFO] [1786096581.346633973] [coord_transform]: [PREDICTION/EE] base[-0.058  0.714  0.05 ]
[WARN] [1786096581.679201609] [coord_transform]: [EE] Tọa độ bị clamp: [-0.058  0.714  0.   ] → [-0.058  0.714  0.05 ]
[WARN] [1786096582.680452013] [coord_transform]: [EE] Tọa độ bị clamp: [-0.058  0.714  0.   ] → [-0.058  0.714  0.05 ]
[INFO] [1786096583.348184076] [coord_transform]: [PREDICTION/EE] base[-0.058  0.714  0.05 ]
[WARN] [1786096583.712764097] [coord_transform]: [EE] Tọa độ bị clamp: [-0.058  0.714  0.   ] → [-0.058  0.714  0.05 ]
[WARN] [1786096584.713305784] [coord_transform]: [EE] Tọa độ bị clamp: [-0.058  0.714  0.   ] → [-0.058  0.714  0.05 ]
[INFO] [1786096585.349416330] [coord_transform]: [PREDICTION/EE] base[-0.058  0.714  0.05 ]
[WARN] [1786096585.713473650] [coord_transform]: [EE] Tọa độ bị clamp: [-0.058  0.714  0.   ] → [-0.058  0.714  0.05 ]
[WARN] [1786096586.746639414] [coord_transform]: [EE] Tọa độ bị clamp: [-0.058  0.714  0.   ] → [-0.058  0.714  0.05 ]
[INFO] [1786096587.380044299] [coord_transform]: [PREDICTION/EE] base[-0.058  0.714  0.05 ]
[WARN] [1786096587.779310150] [coord_transform]: [EE] Tọa độ bị clamp: [-0.058  0.714  0.   ] → [-0.058  0.714  0.05 ]
[WARN] [1786096588.780184139] [coord_transform]: [EE] Tọa độ bị clamp: [-0.058  0.714  0.   ] → [-0.058  0.714  0.05 ]
[INFO] [1786096589.380052509] [coord_transform]: [PREDICTION/EE] base[-0.058  0.714  0.05 ]
[WARN] [1786096589.813121510] [coord_transform]: [EE] Tọa độ bị clamp: [-0.058  0.714  0.   ] → [-0.058  0.714  0.05 ]
[WARN] [1786096590.813983060] [coord_transform]: [EE] Tọa độ bị clamp: [-0.058  0.714  0.   ] → [-0.058  0.714  0.05 ]
[INFO] [1786096591.414397288] [coord_transform]: [PREDICTION/EE] base[-0.058  0.714  0.05 ]
[WARN] [1786096591.846782165] [coord_transform]: [EE] Tọa độ bị clamp: [-0.058  0.714  0.   ] → [-0.058  0.714  0.05 ]
[WARN] [1786096592.879497984] [coord_transform]: [EE] Tọa độ bị clamp: [-0.058  0.714  0.   ] → [-0.058  0.714  0.05 ]
[INFO] [1786096593.446791096] [coord_transform]: [PREDICTION/EE] base[-0.058  0.714  0.05 ]
[WARN] [1786096593.882383331] [coord_transform]: [EE] Tọa độ bị clamp: [-0.058  0.714  0.   ] → [-0.058  0.714  0.05 ]
[WARN] [1786096594.913320191] [coord_transform]: [EE] Tọa độ bị clamp: [-0.058  0.714  0.   ] → [-0.058  0.714  0.05 ]
[INFO] [1786096595.449534866] [coord_transform]: [PREDICTION/EE] base[-0.058  0.714  0.05 ]
[WARN] [1786096595.916970520] [coord_transform]: [EE] Tọa độ bị clamp: [-0.058  0.714  0.   ] → [-0.058  0.714  0.05 ]
[WARN] [1786096596.946272044] [coord_transform]: [EE] Tọa độ bị clamp: [-0.058  0.714  0.   ] → [-0.058  0.714  0.05 ]
[INFO] [1786096597.481792607] [coord_transform]: [PREDICTION/EE] base[-0.058  0.714  0.05 ]
[WARN] [1786096597.948869739] [coord_transform]: [EE] Tọa độ bị clamp: [-0.058  0.714  0.   ] → [-0.058  0.714  0.05 ]
[WARN] [1786096598.979788936] [coord_transform]: [EE] Tọa độ bị clamp: [-0.058  0.714  0.   ] → [-0.058  0.714  0.05 ]
[INFO] [1786096599.482739509] [coord_transform]: [PREDICTION/EE] base[-0.058  0.714  0.05 ]
[WARN] [1786096600.013453504] [coord_transform]: [EE] Tọa độ bị clamp: [-0.058  0.714  0.   ] → [-0.058  0.714  0.05 ]
[WARN] [1786096601.013530920] [coord_transform]: [EE] Tọa độ bị clamp: [-0.058  0.714  0.   ] → [-0.058  0.714  0.05 ]
[INFO] [1786096601.513576537] [coord_transform]: [PREDICTION/EE] base[-0.058  0.714  0.05 ]
[WARN] [1786096602.013656057] [coord_transform]: [EE] Tọa độ bị clamp: [-0.058  0.714  0.   ] → [-0.058  0.714  0.05 ]
[WARN] [1786096603.046196509] [coord_transform]: [EE] Tọa độ bị clamp: [-0.058  0.714  0.   ] → [-0.058  0.714  0.05 ]
[INFO] [1786096603.547020080] [coord_transform]: [PREDICTION/EE] base[-0.058  0.714  0.05 ]
[WARN] [1786096604.079245428] [coord_transform]: [EE] Tọa độ bị clamp: [-0.058  0.714  0.   ] → [-0.058  0.714  0.05 ]
[WARN] [1786096605.080587938] [coord_transform]: [EE] Tọa độ bị clamp: [-0.058  0.714  0.   ] → [-0.058  0.714  0.05 ]
[INFO] [1786096605.581100476] [coord_transform]: [PREDICTION/EE] base[-0.058  0.714  0.05 ]
[WARN] [1786096606.080930592] [coord_transform]: [EE] Tọa độ bị clamp: [-0.058  0.714  0.   ] → [-0.058  0.714  0.05 ]
[WARN] [1786096607.113316341] [coord_transform]: [EE] Tọa độ bị clamp: [-0.058  0.714  0.   ] → [-0.058  0.714  0.05 ]
[INFO] [1786096607.581442393] [coord_transform]: [PREDICTION/EE] base[-0.058  0.714  0.05 ]
[WARN] [1786096608.114183283] [coord_transform]: [EE] Tọa độ bị clamp: [-0.058  0.714  0.   ] → [-0.058  0.714  0.05 ]
[WARN] [1786096609.146960111] [coord_transform]: [EE] Tọa độ bị clamp: [-0.058  0.714  0.   ] → [-0.058  0.714  0.05 ]
[INFO] [1786096609.582867601] [coord_transform]: [PREDICTION/EE] base[-0.058  0.714  0.05 ]
[WARN] [1786096610.148488029] [coord_transform]: [EE] Tọa độ bị clamp: [-0.058  0.714  0.   ] → [-0.058  0.714  0.05 ]
[WARN] [1786096611.148664791] [coord_transform]: [EE] Tọa độ bị clamp: [-0.058  0.714  0.   ] → [-0.058  0.714  0.05 ]
[INFO] [1786096611.615210862] [coord_transform]: [PREDICTION/EE] base[-0.058  0.714  0.05 ]
[WARN] [1786096612.179663329] [coord_transform]: [EE] Tọa độ bị clamp: [-0.058  0.714  0.   ] → [-0.058  0.714  0.05 ]
[WARN] [1786096613.213140788] [coord_transform]: [EE] Tọa độ bị clamp: [-0.058  0.714  0.   ] → [-0.058  0.714  0.05 ]
[INFO] [1786096613.647711544] [coord_transform]: [PREDICTION/EE] base[-0.058  0.714  0.05 ]
[WARN] [1786096614.246637007] [coord_transform]: [EE] Tọa độ bị clamp: [-0.058  0.714  0.   ] → [-0.058  0.714  0.05 ]
[WARN] [1786096615.246852017] [coord_transform]: [EE] Tọa độ bị clamp: [-0.058  0.714  0.   ] → [-0.058  0.714  0.05 ]
[INFO] [1786096615.648800217] [coord_transform]: [PREDICTION/EE] base[-0.058  0.714  0.05 ]
[WARN] [1786096616.248055548] [coord_transform]: [EE] Tọa độ bị clamp: [-0.058  0.714  0.   ] → [-0.058  0.714  0.05 ]
[WARN] [1786096617.279207634] [coord_transform]: [EE] Tọa độ bị clamp: [-0.058  0.714  0.   ] → [-0.058  0.714  0.05 ]
[INFO] [1786096617.680616933] [coord_transform]: [PREDICTION/EE] base[-0.058  0.714  0.05 ]
[WARN] [1786096618.279597417] [coord_transform]: [EE] Tọa độ bị clamp: [-0.058  0.714  0.   ] → [-0.058  0.714  0.05 ]
[WARN] [1786096619.313346563] [coord_transform]: [EE] Tọa độ bị clamp: [-0.058  0.714  0.   ] → [-0.058  0.714  0.05 ]
[INFO] [1786096619.713891570] [coord_transform]: [PREDICTION/EE] base[-0.058  0.714  0.05 ]
[WARN] [1786096620.313430105] [coord_transform]: [EE] Tọa độ bị clamp: [-0.058  0.714  0.   ] → [-0.058  0.714  0.05 ]
[WARN] [1786096621.346481922] [coord_transform]: [EE] Tọa độ bị clamp: [-0.058  0.714  0.   ] → [-0.058  0.714  0.05 ]
[INFO] [1786096621.746933597] [coord_transform]: [PREDICTION/EE] base[-0.058  0.714  0.05 ]
[WARN] [1786096622.346891378] [coord_transform]: [EE] Tọa độ bị clamp: [-0.058  0.714  0.   ] → [-0.058  0.714  0.05 ]
[WARN] [1786096623.379703319] [coord_transform]: [EE] Tọa độ bị clamp: [-0.058  0.714  0.   ] → [-0.058  0.714  0.05 ]
[INFO] [1786096623.747859026] [coord_transform]: [PREDICTION/EE] base[-0.058  0.714  0.05 ]
[WARN] [1786096624.381306463] [coord_transform]: [EE] Tọa độ bị clamp: [-0.058  0.714  0.   ] → [-0.058  0.714  0.05 ]
[WARN] [1786096625.412940560] [coord_transform]: [EE] Tọa độ bị clamp: [-0.058  0.714  0.   ] → [-0.058  0.714  0.05 ]
[INFO] [1786096625.779880880] [coord_transform]: [PREDICTION/EE] base[-0.058  0.714  0.05 ]
[WARN] [1786096626.413508155] [coord_transform]: [EE] Tọa độ bị clamp: [-0.058  0.714  0.   ] → [-0.058  0.714  0.05 ]
[WARN] [1786096627.413868894] [coord_transform]: [EE] Tọa độ bị clamp: [-0.058  0.714  0.   ] → [-0.058  0.714  0.05 ]
[INFO] [1786096627.813578373] [coord_transform]: [PREDICTION/EE] base[-0.058  0.714  0.05 ]
[WARN] [1786096628.447716817] [coord_transform]: [EE] Tọa độ bị clamp: [-0.058  0.714  0.   ] → [-0.058  0.714  0.05 ]
[WARN] [1786096629.479469814] [coord_transform]: [EE] Tọa độ bị clamp: [-0.058  0.714  0.   ] → [-0.058  0.714  0.05 ]
[INFO] [1786096629.814489091] [coord_transform]: [PREDICTION/EE] base[-0.058  0.714  0.05 ]
[WARN] [1786096630.480412563] [coord_transform]: [EE] Tọa độ bị clamp: [-0.058  0.714  0.   ] → [-0.058  0.714  0.05 ]
[WARN] [1786096631.513054797] [coord_transform]: [EE] Tọa độ bị clamp: [-0.058  0.714  0.   ] → [-0.058  0.714  0.05 ]
[INFO] [1786096631.846567134] [coord_transform]: [PREDICTION/EE] base[-0.058  0.714  0.05 ]
[WARN] [1786096632.513530661] [coord_transform]: [EE] Tọa độ bị clamp: [-0.058  0.714  0.   ] → [-0.058  0.714  0.05 ]
[WARN] [1786096633.545935885] [coord_transform]: [EE] Tọa độ bị clamp: [-0.058  0.714  0.   ] → [-0.058  0.714  0.05 ]
[INFO] [1786096633.849365361] [coord_transform]: [PREDICTION/EE] base[-0.058  0.714  0.05 ]
[WARN] [1786096634.546540149] [coord_transform]: [EE] Tọa độ bị clamp: [-0.058  0.714  0.   ] → [-0.058  0.714  0.05 ]
[WARN] [1786096635.546634570] [coord_transform]: [EE] Tọa độ bị clamp: [-0.058  0.714  0.   ] → [-0.058  0.714  0.05 ]
[INFO] [1786096635.881244092] [coord_transform]: [PREDICTION/EE] base[-0.058  0.714  0.05 ]
[WARN] [1786096636.579857863] [coord_transform]: [EE] Tọa độ bị clamp: [-0.058  0.714  0.   ] → [-0.058  0.714  0.05 ]
[WARN] [1786096637.580080634] [coord_transform]: [EE] Tọa độ bị clamp: [-0.058  0.714  0.   ] → [-0.058  0.714  0.05 ]
[INFO] [1786096637.915616804] [coord_transform]: [PREDICTION/EE] base[-0.058  0.714  0.05 ]
[WARN] [1786096638.613505645] [coord_transform]: [EE] Tọa độ bị clamp: [-0.058  0.714  0.   ] → [-0.058  0.714  0.05 ]
[WARN] [1786096639.646849967] [coord_transform]: [EE] Tọa độ bị clamp: [-0.058  0.714  0.   ] → [-0.058  0.714  0.05 ]
[INFO] [1786096639.948502072] [coord_transform]: [PREDICTION/EE] base[-0.058  0.714  0.05 ]
[WARN] [1786096640.679855421] [coord_transform]: [EE] Tọa độ bị clamp: [-0.058  0.714  0.   ] → [-0.058  0.714  0.05 ]
[WARN] [1786096641.713073045] [coord_transform]: [EE] Tọa độ bị clamp: [-0.058  0.714  0.   ] → [-0.058  0.714  0.05 ]
[INFO] [1786096641.982486744] [coord_transform]: [PREDICTION/EE] base[-0.058  0.714  0.05 ]
[WARN] [1786096642.713128859] [coord_transform]: [EE] Tọa độ bị clamp: [-0.058  0.714  0.   ] → [-0.058  0.714  0.05 ]
[WARN] [1786096643.746306340] [coord_transform]: [EE] Tọa độ bị clamp: [-0.058  0.714  0.   ] → [-0.058  0.714  0.05 ]
[INFO] [1786096644.013467346] [coord_transform]: [PREDICTION/EE] base[-0.058  0.714  0.05 ]
[WARN] [1786096644.779651217] [coord_transform]: [EE] Tọa độ bị clamp: [-0.058  0.714  0.   ] → [-0.058  0.714  0.05 ]
[WARN] [1786096645.779817345] [coord_transform]: [EE] Tọa độ bị clamp: [-0.058  0.714  0.   ] → [-0.058  0.714  0.05 ]
[INFO] [1786096646.046928724] [coord_transform]: [PREDICTION/EE] base[-0.058  0.714  0.05 ]
[WARN] [1786096646.812714824] [coord_transform]: [EE] Tọa độ bị clamp: [-0.058  0.714  0.   ] → [-0.058  0.714  0.05 ]
[WARN] [1786096647.813170971] [coord_transform]: [EE] Tọa độ bị clamp: [-0.058  0.714  0.   ] → [-0.058  0.714  0.05 ]
[INFO] [1786096648.079654280] [coord_transform]: [PREDICTION/EE] base[-0.058  0.714  0.05 ]
[WARN] [1786096648.846411058] [coord_transform]: [EE] Tọa độ bị clamp: [-0.058  0.714  0.   ] → [-0.058  0.714  0.05 ]
[WARN] [1786096649.848238034] [coord_transform]: [EE] Tọa độ bị clamp: [-0.058  0.714  0.   ] → [-0.058  0.714  0.05 ]
[INFO] [1786096650.079720481] [coord_transform]: [PREDICTION/EE] base[-0.058  0.714  0.05 ]
[WARN] [1786096650.879424956] [coord_transform]: [EE] Tọa độ bị clamp: [-0.058  0.714  0.   ] → [-0.058  0.714  0.05 ]
[WARN] [1786096651.879747084] [coord_transform]: [EE] Tọa độ bị clamp: [-0.058  0.714  0.   ] → [-0.058  0.714  0.05 ]
[INFO] [1786096652.080734265] [coord_transform]: [PREDICTION/EE] base[-0.058  0.714  0.05 ]
[WARN] [1786096652.913559161] [coord_transform]: [EE] Tọa độ bị clamp: [-0.058  0.714  0.   ] → [-0.058  0.714  0.05 ]
[WARN] [1786096653.947037690] [coord_transform]: [EE] Tọa độ bị clamp: [-0.058  0.714  0.   ] → [-0.058  0.714  0.05 ]
[INFO] [1786096654.081087781] [coord_transform]: [PREDICTION/EE] base[-0.058  0.714  0.05 ]
[WARN] [1786096654.979556219] [coord_transform]: [EE] Tọa độ bị clamp: [-0.058  0.714  0.   ] → [-0.058  0.714  0.05 ]
[WARN] [1786096655.979877281] [coord_transform]: [EE] Tọa độ bị clamp: [-0.058  0.714  0.   ] → [-0.058  0.714  0.05 ]
[INFO] [1786096656.114069951] [coord_transform]: [PREDICTION/EE] base[-0.058  0.714  0.05 ]
[WARN] [1786096656.979989726] [coord_transform]: [EE] Tọa độ bị clamp: [-0.058  0.714  0.   ] → [-0.058  0.714  0.05 ]
[WARN] [1786096658.013313452] [coord_transform]: [EE] Tọa độ bị clamp: [-0.058  0.714  0.   ] → [-0.058  0.714  0.05 ]
[INFO] [1786096658.146962175] [coord_transform]: [PREDICTION/EE] base[-0.058  0.714  0.05 ]
[WARN] [1786096659.013574209] [coord_transform]: [EE] Tọa độ bị clamp: [-0.058  0.714  0.   ] → [-0.058  0.714  0.05 ]
[WARN] [1786096660.046476989] [coord_transform]: [EE] Tọa độ bị clamp: [-0.058  0.714  0.   ] → [-0.058  0.714  0.05 ]
[INFO] [1786096660.147245464] [coord_transform]: [PREDICTION/EE] base[-0.058  0.714  0.05 ]
[WARN] [1786096661.047620807] [coord_transform]: [EE] Tọa độ bị clamp: [-0.058  0.714  0.   ] → [-0.058  0.714  0.05 ]
[WARN] [1786096662.079799907] [coord_transform]: [EE] Tọa độ bị clamp: [-0.058  0.714  0.   ] → [-0.058  0.714  0.05 ]
[INFO] [1786096662.147352870] [coord_transform]: [PREDICTION/EE] base[-0.058  0.714  0.05 ]
[WARN] [1786096663.113601004] [coord_transform]: [EE] Tọa độ bị clamp: [-0.058  0.714  0.   ] → [-0.058  0.714  0.05 ]
[WARN] [1786096664.146582889] [coord_transform]: [EE] Tọa độ bị clamp: [-0.058  0.714  0.   ] → [-0.058  0.714  0.05 ]
[INFO] [1786096664.179570956] [coord_transform]: [PREDICTION/EE] base[-0.058  0.714  0.05 ]
[WARN] [1786096665.179419315] [coord_transform]: [EE] Tọa độ bị clamp: [-0.058  0.714  0.   ] → [-0.058  0.714  0.05 ]
[INFO] [1786096666.179662436] [coord_transform]: [PREDICTION/EE] base[-0.058  0.714  0.05 ]
[WARN] [1786096666.213152787] [coord_transform]: [EE] Tọa độ bị clamp: [-0.058  0.714  0.   ] → [-0.058  0.714  0.05 ]
[WARN] [1786096667.246494913] [coord_transform]: [EE] Tọa độ bị clamp: [-0.058  0.714  0.   ] → [-0.058  0.714  0.05 ]
[INFO] [1786096668.180177515] [coord_transform]: [PREDICTION/EE] base[-0.058  0.714  0.05 ]
[WARN] [1786096668.247760329] [coord_transform]: [EE] Tọa độ bị clamp: [-0.058  0.714  0.   ] → [-0.058  0.714  0.05 ]
[WARN] [1786096669.279330580] [coord_transform]: [EE] Tọa độ bị clamp: [-0.058  0.714  0.   ] → [-0.058  0.714  0.05 ]
[INFO] [1786096670.213460169] [coord_transform]: [PREDICTION/EE] base[-0.058  0.714  0.05 ]
[WARN] [1786096670.279444475] [coord_transform]: [EE] Tọa độ bị clamp: [-0.058  0.714  0.   ] → [-0.058  0.714  0.05 ]
[WARN] [1786096671.313184776] [coord_transform]: [EE] Tọa độ bị clamp: [-0.058  0.714  0.   ] → [-0.058  0.714  0.05 ]
[INFO] [1786096672.214308189] [coord_transform]: [PREDICTION/EE] base[-0.058  0.714  0.05 ]
[WARN] [1786096672.313855462] [coord_transform]: [EE] Tọa độ bị clamp: [-0.058  0.714  0.   ] → [-0.058  0.714  0.05 ]
[WARN] [1786096673.346311226] [coord_transform]: [EE] Tọa độ bị clamp: [-0.058  0.714  0.   ] → [-0.058  0.714  0.05 ]
[INFO] [1786096674.247286738] [coord_transform]: [PREDICTION/EE] base[-0.058  0.714  0.05 ]
[WARN] [1786096674.346662066] [coord_transform]: [EE] Tọa độ bị clamp: [-0.058  0.714  0.   ] → [-0.058  0.714  0.05 ]
[WARN] [1786096675.379552186] [coord_transform]: [EE] Tọa độ bị clamp: [-0.058  0.714  0.   ] → [-0.058  0.714  0.05 ]
[INFO] [1786096676.247538573] [coord_transform]: [PREDICTION/EE] base[-0.058  0.714  0.05 ]
[WARN] [1786096676.379836681] [coord_transform]: [EE] Tọa độ bị clamp: [-0.058  0.714  0.   ] → [-0.058  0.714  0.05 ]
[WARN] [1786096677.413185363] [coord_transform]: [EE] Tọa độ bị clamp: [-0.058  0.714  0.   ] → [-0.058  0.714  0.05 ]
[INFO] [1786096678.279785263] [coord_transform]: [PREDICTION/EE] base[-0.058  0.714  0.05 ]
[WARN] [1786096678.413272374] [coord_transform]: [EE] Tọa độ bị clamp: [-0.058  0.714  0.   ] → [-0.058  0.714  0.05 ]
[WARN] [1786096679.413406637] [coord_transform]: [EE] Tọa độ bị clamp: [-0.058  0.714  0.   ] → [-0.058  0.714  0.05 ]
[INFO] [1786096680.281044908] [coord_transform]: [PREDICTION/EE] base[-0.058  0.714  0.05 ]
[WARN] [1786096680.446935143] [coord_transform]: [EE] Tọa độ bị clamp: [-0.058  0.714  0.   ] → [-0.058  0.714  0.05 ]
[WARN] [1786096681.479185726] [coord_transform]: [EE] Tọa độ bị clamp: [-0.058  0.714  0.   ] → [-0.058  0.714  0.05 ]
[INFO] [1786096682.313339859] [coord_transform]: [PREDICTION/EE] base[-0.058  0.714  0.05 ]
[WARN] [1786096682.479971743] [coord_transform]: [EE] Tọa độ bị clamp: [-0.058  0.714  0.   ] → [-0.058  0.714  0.05 ]
[WARN] [1786096683.480845009] [coord_transform]: [EE] Tọa độ bị clamp: [-0.058  0.714  0.   ] → [-0.058  0.714  0.05 ]
[INFO] [1786096684.313745884] [coord_transform]: [PREDICTION/EE] base[-0.058  0.714  0.05 ]
[WARN] [1786096684.512956399] [coord_transform]: [EE] Tọa độ bị clamp: [-0.058  0.714  0.   ] → [-0.058  0.714  0.05 ]
[WARN] [1786096685.513495972] [coord_transform]: [EE] Tọa độ bị clamp: [-0.058  0.714  0.   ] → [-0.058  0.714  0.05 ]
[INFO] [1786096686.347104410] [coord_transform]: [PREDICTION/EE] base[-0.058  0.714  0.05 ]
[WARN] [1786096686.547416757] [coord_transform]: [EE] Tọa độ bị clamp: [-0.058  0.714  0.   ] → [-0.058  0.714  0.05 ]
[WARN] [1786096687.579240210] [coord_transform]: [EE] Tọa độ bị clamp: [-0.058  0.714  0.   ] → [-0.058  0.714  0.05 ]
[INFO] [1786096688.347169082] [coord_transform]: [PREDICTION/EE] base[-0.058  0.714  0.05 ]
[WARN] [1786096688.579982755] [coord_transform]: [EE] Tọa độ bị clamp: [-0.058  0.714  0.   ] → [-0.058  0.714  0.05 ]
[WARN] [1786096689.613160707] [coord_transform]: [EE] Tọa độ bị clamp: [-0.058  0.714  0.   ] → [-0.058  0.714  0.05 ]
[INFO] [1786096690.379772985] [coord_transform]: [PREDICTION/EE] base[-0.058  0.714  0.05 ]
[WARN] [1786096690.613389198] [coord_transform]: [EE] Tọa độ bị clamp: [-0.058  0.714  0.   ] → [-0.058  0.714  0.05 ]
[WARN] [1786096691.646249377] [coord_transform]: [EE] Tọa độ bị clamp: [-0.058  0.714  0.   ] → [-0.058  0.714  0.05 ]
[INFO] [1786096692.412956247] [coord_transform]: [PREDICTION/EE] base[-0.058  0.714  0.05 ]
[WARN] [1786096692.646309482] [coord_transform]: [EE] Tọa độ bị clamp: [-0.058  0.714  0.   ] → [-0.058  0.714  0.05 ]
[WARN] [1786096693.646767768] [coord_transform]: [EE] Tọa độ bị clamp: [-0.058  0.714  0.   ] → [-0.058  0.714  0.05 ]
[INFO] [1786096694.446301273] [coord_transform]: [PREDICTION/EE] base[-0.058  0.714  0.05 ]
[WARN] [1786096694.648002893] [coord_transform]: [EE] Tọa độ bị clamp: [-0.058  0.714  0.   ] → [-0.058  0.714  0.05 ]
[WARN] [1786096695.679900627] [coord_transform]: [EE] Tọa độ bị clamp: [-0.058  0.714  0.   ] → [-0.058  0.714  0.05 ]
[INFO] [1786096696.446945776] [coord_transform]: [PREDICTION/EE] base[-0.058  0.714  0.05 ]
[WARN] [1786096696.713781996] [coord_transform]: [EE] Tọa độ bị clamp: [-0.058  0.714  0.   ] → [-0.058  0.714  0.05 ]
[WARN] [1786096697.746289321] [coord_transform]: [EE] Tọa độ bị clamp: [-0.058  0.714  0.   ] → [-0.058  0.714  0.05 ]
[INFO] [1786096698.447496073] [coord_transform]: [PREDICTION/EE] base[-0.058  0.714  0.05 ]
[WARN] [1786096698.747029485] [coord_transform]: [EE] Tọa độ bị clamp: [-0.058  0.714  0.   ] → [-0.058  0.714  0.05 ]
[WARN] [1786096699.779844448] [coord_transform]: [EE] Tọa độ bị clamp: [-0.058  0.714  0.   ] → [-0.058  0.714  0.05 ]
[INFO] [1786096700.480281614] [coord_transform]: [PREDICTION/EE] base[-0.058  0.714  0.05 ]
[WARN] [1786096700.779992241] [coord_transform]: [EE] Tọa độ bị clamp: [-0.058  0.714  0.   ] → [-0.058  0.714  0.05 ]
[WARN] [1786096701.813775830] [coord_transform]: [EE] Tọa độ bị clamp: [-0.058  0.714  0.   ] → [-0.058  0.714  0.05 ]
[INFO] [1786096702.480555379] [coord_transform]: [PREDICTION/EE] base[-0.058  0.714  0.05 ]
[WARN] [1786096702.846408792] [coord_transform]: [EE] Tọa độ bị clamp: [-0.058  0.714  0.   ] → [-0.058  0.714  0.05 ]
[WARN] [1786096703.846681320] [coord_transform]: [EE] Tọa độ bị clamp: [-0.058  0.714  0.   ] → [-0.058  0.714  0.05 ]
[INFO] [1786096704.513436793] [coord_transform]: [PREDICTION/EE] base[-0.058  0.714  0.05 ]
[WARN] [1786096704.846911701] [coord_transform]: [EE] Tọa độ bị clamp: [-0.058  0.714  0.   ] → [-0.058  0.714  0.05 ]
[WARN] [1786096705.847511670] [coord_transform]: [EE] Tọa độ bị clamp: [-0.058  0.714  0.   ] → [-0.058  0.714  0.05 ]
[INFO] [1786096706.546976339] [coord_transform]: [PREDICTION/EE] base[-0.058  0.714  0.05 ]
[WARN] [1786096706.879284023] [coord_transform]: [EE] Tọa độ bị clamp: [-0.058  0.714  0.   ] → [-0.058  0.714  0.05 ]
[WARN] [1786096707.879596591] [coord_transform]: [EE] Tọa độ bị clamp: [-0.058  0.714  0.   ] → [-0.058  0.714  0.05 ]
[INFO] [1786096708.580290218] [coord_transform]: [PREDICTION/EE] base[-0.058  0.714  0.05 ]
[WARN] [1786096708.879712349] [coord_transform]: [EE] Tọa độ bị clamp: [-0.058  0.714  0.   ] → [-0.058  0.714  0.05 ]
[WARN] [1786096709.880965976] [coord_transform]: [EE] Tọa độ bị clamp: [-0.058  0.714  0.   ] → [-0.058  0.714  0.05 ]
[INFO] [1786096710.613887296] [coord_transform]: [PREDICTION/EE] base[-0.058  0.714  0.05 ]
[WARN] [1786096710.913287204] [coord_transform]: [EE] Tọa độ bị clamp: [-0.058  0.714  0.   ] → [-0.058  0.714  0.05 ]
[WARN] [1786096711.946473811] [coord_transform]: [EE] Tọa độ bị clamp: [-0.058  0.714  0.   ] → [-0.058  0.714  0.05 ]
[INFO] [1786096712.646984837] [coord_transform]: [PREDICTION/EE] base[-0.058  0.714  0.05 ]
[WARN] [1786096712.946705313] [coord_transform]: [EE] Tọa độ bị clamp: [-0.058  0.714  0.   ] → [-0.058  0.714  0.05 ]
[WARN] [1786096713.979294917] [coord_transform]: [EE] Tọa độ bị clamp: [-0.058  0.714  0.   ] → [-0.058  0.714  0.05 ]
[INFO] [1786096714.648089025] [coord_transform]: [PREDICTION/EE] base[-0.058  0.714  0.05 ]
[WARN] [1786096715.012770220] [coord_transform]: [EE] Tọa độ bị clamp: [-0.058  0.714  0.   ] → [-0.058  0.714  0.05 ]
[WARN] [1786096716.012901143] [coord_transform]: [EE] Tọa độ bị clamp: [-0.058  0.714  0.   ] → [-0.058  0.714  0.05 ]
[INFO] [1786096716.679908063] [coord_transform]: [PREDICTION/EE] base[-0.058  0.714  0.05 ]
[WARN] [1786096717.013203616] [coord_transform]: [EE] Tọa độ bị clamp: [-0.058  0.714  0.   ] → [-0.058  0.714  0.05 ]
[WARN] [1786096718.013434989] [coord_transform]: [EE] Tọa độ bị clamp: [-0.058  0.714  0.   ] → [-0.058  0.714  0.05 ]
[INFO] [1786096718.681203379] [coord_transform]: [PREDICTION/EE] base[-0.058  0.714  0.05 ]
[WARN] [1786096719.046277198] [coord_transform]: [EE] Tọa độ bị clamp: [-0.058  0.714  0.   ] → [-0.058  0.714  0.05 ]
[WARN] [1786096720.047117217] [coord_transform]: [EE] Tọa độ bị clamp: [-0.058  0.714  0.   ] → [-0.058  0.714  0.05 ]
[INFO] [1786096720.713974858] [coord_transform]: [PREDICTION/EE] base[-0.058  0.714  0.05 ]
[WARN] [1786096721.048335570] [coord_transform]: [EE] Tọa độ bị clamp: [-0.058  0.714  0.   ] → [-0.058  0.714  0.05 ]
[WARN] [1786096722.079358610] [coord_transform]: [EE] Tọa độ bị clamp: [-0.058  0.714  0.   ] → [-0.058  0.714  0.05 ]
[INFO] [1786096722.714214113] [coord_transform]: [PREDICTION/EE] base[-0.058  0.714  0.05 ]
[WARN] [1786096723.113204301] [coord_transform]: [EE] Tọa độ bị clamp: [-0.058  0.714  0.   ] → [-0.058  0.714  0.05 ]
[WARN] [1786096724.113391776] [coord_transform]: [EE] Tọa độ bị clamp: [-0.058  0.714  0.   ] → [-0.058  0.714  0.05 ]
[INFO] [1786096724.746483881] [coord_transform]: [PREDICTION/EE] base[-0.058  0.714  0.05 ]
[WARN] [1786096725.146488429] [coord_transform]: [EE] Tọa độ bị clamp: [-0.058  0.714  0.   ] → [-0.058  0.714  0.05 ]
[WARN] [1786096726.146724416] [coord_transform]: [EE] Tọa độ bị clamp: [-0.058  0.714  0.   ] → [-0.058  0.714  0.05 ]
[INFO] [1786096726.780329202] [coord_transform]: [PREDICTION/EE] base[-0.058  0.714  0.05 ]
[WARN] [1786096727.179497451] [coord_transform]: [EE] Tọa độ bị clamp: [-0.058  0.714  0.   ] → [-0.058  0.714  0.05 ]
[WARN] [1786096728.179525722] [coord_transform]: [EE] Tọa độ bị clamp: [-0.058  0.714  0.   ] → [-0.058  0.714  0.05 ]
[INFO] [1786096728.813750112] [coord_transform]: [PREDICTION/EE] base[-0.058  0.714  0.05 ]
[WARN] [1786096729.180356234] [coord_transform]: [EE] Tọa độ bị clamp: [-0.058  0.714  0.   ] → [-0.058  0.714  0.05 ]
[WARN] [1786096730.213157003] [coord_transform]: [EE] Tọa độ bị clamp: [-0.058  0.714  0.   ] → [-0.058  0.714  0.05 ]
[INFO] [1786096730.847035392] [coord_transform]: [PREDICTION/EE] base[-0.058  0.714  0.05 ]
[WARN] [1786096731.246399987] [coord_transform]: [EE] Tọa độ bị clamp: [-0.058  0.714  0.   ] → [-0.058  0.714  0.05 ]
[WARN] [1786096732.248462224] [coord_transform]: [EE] Tọa độ bị clamp: [-0.058  0.714  0.   ] → [-0.058  0.714  0.05 ]
[INFO] [1786096732.879753561] [coord_transform]: [PREDICTION/EE] base[-0.058  0.714  0.05 ]
[WARN] [1786096733.279053895] [coord_transform]: [EE] Tọa độ bị clamp: [-0.058  0.714  0.   ] → [-0.058  0.714  0.05 ]
[WARN] [1786096734.279633053] [coord_transform]: [EE] Tọa độ bị clamp: [-0.058  0.714  0.   ] → [-0.058  0.714  0.05 ]
[INFO] [1786096734.913251481] [coord_transform]: [PREDICTION/EE] base[-0.058  0.714  0.05 ]
[WARN] [1786096735.313080743] [coord_transform]: [EE] Tọa độ bị clamp: [-0.058  0.714  0.   ] → [-0.058  0.714  0.05 ]
[WARN] [1786096736.314850405] [coord_transform]: [EE] Tọa độ bị clamp: [-0.058  0.714  0.   ] → [-0.058  0.714  0.05 ]
[INFO] [1786096736.913290233] [coord_transform]: [PREDICTION/EE] base[-0.058  0.714  0.05 ]
[WARN] [1786096737.345827215] [coord_transform]: [EE] Tọa độ bị clamp: [-0.058  0.714  0.   ] → [-0.058  0.714  0.05 ]
[WARN] [1786096738.346008408] [coord_transform]: [EE] Tọa độ bị clamp: [-0.058  0.714  0.   ] → [-0.058  0.714  0.05 ]
[INFO] [1786096738.946391651] [coord_transform]: [PREDICTION/EE] base[-0.058  0.714  0.05 ]
[WARN] [1786096739.346270672] [coord_transform]: [EE] Tọa độ bị clamp: [-0.058  0.714  0.   ] → [-0.058  0.714  0.05 ]
[WARN] [1786096740.346681474] [coord_transform]: [EE] Tọa độ bị clamp: [-0.058  0.714  0.   ] → [-0.058  0.714  0.05 ]
[INFO] [1786096740.947215713] [coord_transform]: [PREDICTION/EE] base[-0.058  0.714  0.05 ]
[WARN] [1786096741.379703110] [coord_transform]: [EE] Tọa độ bị clamp: [-0.058  0.714  0.   ] → [-0.058  0.714  0.05 ]
[WARN] [1786096742.379831366] [coord_transform]: [EE] Tọa độ bị clamp: [-0.058  0.714  0.   ] → [-0.058  0.714  0.05 ]
[INFO] [1786096742.980408496] [coord_transform]: [PREDICTION/EE] base[-0.058  0.714  0.05 ]
[WARN] [1786096743.380228750] [coord_transform]: [EE] Tọa độ bị clamp: [-0.058  0.714  0.   ] → [-0.058  0.714  0.05 ]
[WARN] [1786096744.413238599] [coord_transform]: [EE] Tọa độ bị clamp: [-0.058  0.714  0.   ] → [-0.058  0.714  0.05 ]
[INFO] [1786096744.980489153] [coord_transform]: [PREDICTION/EE] base[-0.058  0.714  0.05 ]
[WARN] [1786096745.446729316] [coord_transform]: [EE] Tọa độ bị clamp: [-0.058  0.714  0.   ] → [-0.058  0.714  0.05 ]
[WARN] [1786096746.446863026] [coord_transform]: [EE] Tọa độ bị clamp: [-0.058  0.714  0.   ] → [-0.058  0.714  0.05 ]
[INFO] [1786096747.013699655] [coord_transform]: [PREDICTION/EE] base[-0.058  0.714  0.05 ]
[WARN] [1786096747.447780643] [coord_transform]: [EE] Tọa độ bị clamp: [-0.058  0.714  0.   ] → [-0.058  0.714  0.05 ]
[WARN] [1786096748.479064150] [coord_transform]: [EE] Tọa độ bị clamp: [-0.058  0.714  0.   ] → [-0.058  0.714  0.05 ]
[INFO] [1786096749.014232813] [coord_transform]: [PREDICTION/EE] base[-0.058  0.714  0.05 ]
[WARN] [1786096749.479719621] [coord_transform]: [EE] Tọa độ bị clamp: [-0.058  0.714  0.   ] → [-0.058  0.714  0.05 ]
[WARN] [1786096750.513099804] [coord_transform]: [EE] Tọa độ bị clamp: [-0.058  0.714  0.   ] → [-0.058  0.714  0.05 ]
[INFO] [1786096751.046995460] [coord_transform]: [PREDICTION/EE] base[-0.058  0.714  0.05 ]
[WARN] [1786096751.546600049] [coord_transform]: [EE] Tọa độ bị clamp: [-0.058  0.714  0.   ] → [-0.058  0.714  0.05 ]
[WARN] [1786096752.546650639] [coord_transform]: [EE] Tọa độ bị clamp: [-0.058  0.714  0.   ] → [-0.058  0.714  0.05 ]
[INFO] [1786096753.048020375] [coord_transform]: [PREDICTION/EE] base[-0.058  0.714  0.05 ]
[WARN] [1786096753.579488546] [coord_transform]: [EE] Tọa độ bị clamp: [-0.058  0.714  0.   ] → [-0.058  0.714  0.05 ]
[WARN] [1786096754.579905746] [coord_transform]: [EE] Tọa độ bị clamp: [-0.058  0.714  0.   ] → [-0.058  0.714  0.05 ]
[INFO] [1786096755.079716465] [coord_transform]: [PREDICTION/EE] base[-0.058  0.714  0.05 ]
[WARN] [1786096755.613444246] [coord_transform]: [EE] Tọa độ bị clamp: [-0.058  0.714  0.   ] → [-0.058  0.714  0.05 ]
[WARN] [1786096756.646661751] [coord_transform]: [EE] Tọa độ bị clamp: [-0.058  0.714  0.   ] → [-0.058  0.714  0.05 ]
[INFO] [1786096757.080588094] [coord_transform]: [PREDICTION/EE] base[-0.058  0.714  0.05 ]
[WARN] [1786096757.646917023] [coord_transform]: [EE] Tọa độ bị clamp: [-0.058  0.714  0.   ] → [-0.058  0.714  0.05 ]
[WARN] [1786096758.647586338] [coord_transform]: [EE] Tọa độ bị clamp: [-0.058  0.714  0.   ] → [-0.058  0.714  0.05 ]
[INFO] [1786096759.113374858] [coord_transform]: [PREDICTION/EE] base[-0.058  0.714  0.05 ]
[WARN] [1786096759.679538466] [coord_transform]: [EE] Tọa độ bị clamp: [-0.058  0.714  0.   ] → [-0.058  0.714  0.05 ]
[WARN] [1786096760.713047889] [coord_transform]: [EE] Tọa độ bị clamp: [-0.058  0.714  0.   ] → [-0.058  0.714  0.05 ]
[INFO] [1786096761.113653777] [coord_transform]: [PREDICTION/EE] base[-0.058  0.714  0.05 ]
[WARN] [1786096761.746224584] [coord_transform]: [EE] Tọa độ bị clamp: [-0.058  0.714  0.   ] → [-0.058  0.714  0.05 ]
[WARN] [1786096762.746434614] [coord_transform]: [EE] Tọa độ bị clamp: [-0.058  0.714  0.   ] → [-0.058  0.714  0.05 ]
[INFO] [1786096763.147162517] [coord_transform]: [PREDICTION/EE] base[-0.058  0.714  0.05 ]
[WARN] [1786096763.746869569] [coord_transform]: [EE] Tọa độ bị clamp: [-0.058  0.714  0.   ] → [-0.058  0.714  0.05 ]
[WARN] [1786096764.779209343] [coord_transform]: [EE] Tọa độ bị clamp: [-0.058  0.714  0.   ] → [-0.058  0.714  0.05 ]
[INFO] [1786096765.180352328] [coord_transform]: [PREDICTION/EE] base[-0.058  0.714  0.05 ]
[WARN] [1786096765.779339904] [coord_transform]: [EE] Tọa độ bị clamp: [-0.058  0.714  0.   ] → [-0.058  0.714  0.05 ]
[WARN] [1786096766.779603936] [coord_transform]: [EE] Tọa độ bị clamp: [-0.058  0.714  0.   ] → [-0.058  0.714  0.05 ]
[INFO] [1786096767.214323631] [coord_transform]: [PREDICTION/EE] base[-0.058  0.714  0.05 ]
[WARN] [1786096767.813347697] [coord_transform]: [EE] Tọa độ bị clamp: [-0.058  0.714  0.   ] → [-0.058  0.714  0.05 ]
[WARN] [1786096768.846836631] [coord_transform]: [EE] Tọa độ bị clamp: [-0.058  0.714  0.   ] → [-0.058  0.714  0.05 ]
[INFO] [1786096769.246368000] [coord_transform]: [PREDICTION/EE] base[-0.058  0.714  0.05 ]
[WARN] [1786096769.847827786] [coord_transform]: [EE] Tọa độ bị clamp: [-0.058  0.714  0.   ] → [-0.058  0.714  0.05 ]
[WARN] [1786096770.879243313] [coord_transform]: [EE] Tọa độ bị clamp: [-0.058  0.714  0.   ] → [-0.058  0.714  0.05 ]
[INFO] [1786096771.247430947] [coord_transform]: [PREDICTION/EE] base[-0.058  0.714  0.05 ]
[WARN] [1786096771.879684519] [coord_transform]: [EE] Tọa độ bị clamp: [-0.058  0.714  0.   ] → [-0.058  0.714  0.05 ]
[WARN] [1786096772.912972687] [coord_transform]: [EE] Tọa độ bị clamp: [-0.058  0.714  0.   ] → [-0.058  0.714  0.05 ]
[INFO] [1786096773.279792878] [coord_transform]: [PREDICTION/EE] base[-0.058  0.714  0.05 ]
[WARN] [1786096773.913118206] [coord_transform]: [EE] Tọa độ bị clamp: [-0.058  0.714  0.   ] → [-0.058  0.714  0.05 ]
[WARN] [1786096774.913127405] [coord_transform]: [EE] Tọa độ bị clamp: [-0.058  0.714  0.   ] → [-0.058  0.714  0.05 ]
[INFO] [1786096775.279919209] [coord_transform]: [PREDICTION/EE] base[-0.058  0.714  0.05 ]
[WARN] [1786096775.914088842] [coord_transform]: [EE] Tọa độ bị clamp: [-0.058  0.714  0.   ] → [-0.058  0.714  0.05 ]
[WARN] [1786096776.947118587] [coord_transform]: [EE] Tọa độ bị clamp: [-0.058  0.714  0.   ] → [-0.058  0.714  0.05 ]
[INFO] [1786096777.280297955] [coord_transform]: [PREDICTION/EE] base[-0.058  0.714  0.05 ]
[WARN] [1786096777.979472295] [coord_transform]: [EE] Tọa độ bị clamp: [-0.058  0.714  0.   ] → [-0.058  0.714  0.05 ]
[WARN] [1786096778.979540758] [coord_transform]: [EE] Tọa độ bị clamp: [-0.058  0.714  0.   ] → [-0.058  0.714  0.05 ]
[INFO] [1786096779.280376042] [coord_transform]: [PREDICTION/EE] base[-0.058  0.714  0.05 ]
[WARN] [1786096779.979758234] [coord_transform]: [EE] Tọa độ bị clamp: [-0.058  0.714  0.   ] → [-0.058  0.714  0.05 ]
[WARN] [1786096781.014385973] [coord_transform]: [EE] Tọa độ bị clamp: [-0.058  0.714  0.   ] → [-0.058  0.714  0.05 ]
[INFO] [1786096781.280451721] [coord_transform]: [PREDICTION/EE] base[-0.058  0.714  0.05 ]
[WARN] [1786096782.046831733] [coord_transform]: [EE] Tọa độ bị clamp: [-0.058  0.714  0.   ] → [-0.058  0.714  0.05 ]
[WARN] [1786096783.046886203] [coord_transform]: [EE] Tọa độ bị clamp: [-0.058  0.714  0.   ] → [-0.058  0.714  0.05 ]
[INFO] [1786096783.312898423] [coord_transform]: [PREDICTION/EE] base[-0.058  0.714  0.05 ]
[WARN] [1786096784.079303975] [coord_transform]: [EE] Tọa độ bị clamp: [-0.058  0.714  0.   ] → [-0.058  0.714  0.05 ]
[WARN] [1786096785.080169102] [coord_transform]: [EE] Tọa độ bị clamp: [-0.058  0.714  0.   ] → [-0.058  0.714  0.05 ]
[INFO] [1786096785.312964261] [coord_transform]: [PREDICTION/EE] base[-0.058  0.714  0.05 ]
[WARN] [1786096786.113576629] [coord_transform]: [EE] Tọa độ bị clamp: [-0.058  0.714  0.   ] → [-0.058  0.714  0.05 ]
[WARN] [1786096787.113586398] [coord_transform]: [EE] Tọa độ bị clamp: [-0.058  0.714  0.   ] → [-0.058  0.714  0.05 ]
[INFO] [1786096787.314655002] [coord_transform]: [PREDICTION/EE] base[-0.058  0.714  0.05 ]
[WARN] [1786096788.146578481] [coord_transform]: [EE] Tọa độ bị clamp: [-0.058  0.714  0.   ] → [-0.058  0.714  0.05 ]
[WARN] [1786096789.179835624] [coord_transform]: [EE] Tọa độ bị clamp: [-0.058  0.714  0.   ] → [-0.058  0.714  0.05 ]
[INFO] [1786096789.347085003] [coord_transform]: [PREDICTION/EE] base[-0.058  0.714  0.05 ]
[WARN] [1786096790.181243696] [coord_transform]: [EE] Tọa độ bị clamp: [-0.058  0.714  0.   ] → [-0.058  0.714  0.05 ]
[WARN] [1786096791.213532966] [coord_transform]: [EE] Tọa độ bị clamp: [-0.058  0.714  0.   ] → [-0.058  0.714  0.05 ]
[INFO] [1786096791.347512918] [coord_transform]: [PREDICTION/EE] base[-0.058  0.714  0.05 ]
[WARN] [1786096792.214166563] [coord_transform]: [EE] Tọa độ bị clamp: [-0.058  0.714  0.   ] → [-0.058  0.714  0.05 ]
[WARN] [1786096793.246579854] [coord_transform]: [EE] Tọa độ bị clamp: [-0.058  0.714  0.   ] → [-0.058  0.714  0.05 ]
[INFO] [1786096793.380163565] [coord_transform]: [PREDICTION/EE] base[-0.058  0.714  0.05 ]
[WARN] [1786096794.246628649] [coord_transform]: [EE] Tọa độ bị clamp: [-0.058  0.714  0.   ] → [-0.058  0.714  0.05 ]
[WARN] [1786096795.279308865] [coord_transform]: [EE] Tọa độ bị clamp: [-0.058  0.714  0.   ] → [-0.058  0.714  0.05 ]
[INFO] [1786096795.414168591] [coord_transform]: [PREDICTION/EE] base[-0.058  0.714  0.05 ]
[WARN] [1786096796.280752407] [coord_transform]: [EE] Tọa độ bị clamp: [-0.058  0.714  0.   ] → [-0.058  0.714  0.05 ]
[WARN] [1786096797.280943670] [coord_transform]: [EE] Tọa độ bị clamp: [-0.058  0.714  0.   ] → [-0.058  0.714  0.05 ]
[INFO] [1786096797.447462902] [coord_transform]: [PREDICTION/EE] base[-0.058  0.714  0.05 ]
[WARN] [1786096798.313384106] [coord_transform]: [EE] Tọa độ bị clamp: [-0.058  0.714  0.   ] → [-0.058  0.714  0.05 ]
[WARN] [1786096799.313389154] [coord_transform]: [EE] Tọa độ bị clamp: [-0.058  0.714  0.   ] → [-0.058  0.714  0.05 ]
[INFO] [1786096799.448881356] [coord_transform]: [PREDICTION/EE] base[-0.058  0.714  0.05 ]
[WARN] [1786096800.314332294] [coord_transform]: [EE] Tọa độ bị clamp: [-0.058  0.714  0.   ] → [-0.058  0.714  0.05 ]
[WARN] [1786096801.346963869] [coord_transform]: [EE] Tọa độ bị clamp: [-0.058  0.714  0.   ] → [-0.058  0.714  0.05 ]
[INFO] [1786096801.480853639] [coord_transform]: [PREDICTION/EE] base[-0.058  0.714  0.05 ]
[WARN] [1786096802.380530907] [coord_transform]: [EE] Tọa độ bị clamp: [-0.058  0.714  0.   ] → [-0.058  0.714  0.05 ]
[WARN] [1786096803.413405620] [coord_transform]: [EE] Tọa độ bị clamp: [-0.058  0.714  0.   ] → [-0.058  0.714  0.05 ]
[INFO] [1786096803.513166504] [coord_transform]: [PREDICTION/EE] base[-0.058  0.714  0.05 ]
[WARN] [1786096804.413694294] [coord_transform]: [EE] Tọa độ bị clamp: [-0.058  0.714  0.   ] → [-0.058  0.714  0.05 ]
[WARN] [1786096805.446171088] [coord_transform]: [EE] Tọa độ bị clamp: [-0.058  0.714  0.   ] → [-0.058  0.714  0.05 ]
[INFO] [1786096805.513298391] [coord_transform]: [PREDICTION/EE] base[-0.058  0.714  0.05 ]
[WARN] [1786096806.446634573] [coord_transform]: [EE] Tọa độ bị clamp: [-0.058  0.714  0.   ] → [-0.058  0.714  0.05 ]
[WARN] [1786096807.447307568] [coord_transform]: [EE] Tọa độ bị clamp: [-0.058  0.714  0.   ] → [-0.058  0.714  0.05 ]
[INFO] [1786096807.513315091] [coord_transform]: [PREDICTION/EE] base[-0.058  0.714  0.05 ]
[WARN] [1786096808.479211551] [coord_transform]: [EE] Tọa độ bị clamp: [-0.058  0.714  0.   ] → [-0.058  0.714  0.05 ]
[WARN] [1786096809.479619020] [coord_transform]: [EE] Tọa độ bị clamp: [-0.058  0.714  0.   ] → [-0.058  0.714  0.05 ]
[INFO] [1786096809.513844465] [coord_transform]: [PREDICTION/EE] base[-0.058  0.714  0.05 ]
[WARN] [1786096810.480808646] [coord_transform]: [EE] Tọa độ bị clamp: [-0.058  0.714  0.   ] → [-0.058  0.714  0.05 ]
[WARN] [1786096811.481813902] [coord_transform]: [EE] Tọa độ bị clamp: [-0.058  0.714  0.   ] → [-0.058  0.714  0.05 ]
[INFO] [1786096811.514105632] [coord_transform]: [PREDICTION/EE] base[-0.058  0.714  0.05 ]
[WARN] [1786096812.513803986] [coord_transform]: [EE] Tọa độ bị clamp: [-0.058  0.714  0.   ] → [-0.058  0.714  0.05 ]
[INFO] [1786096813.514267663] [coord_transform]: [PREDICTION/EE] base[-0.058  0.714  0.05 ]
[WARN] [1786096813.546371315] [coord_transform]: [EE] Tọa độ bị clamp: [-0.058  0.714  0.   ] → [-0.058  0.714  0.05 ]
[WARN] [1786096814.546514303] [coord_transform]: [EE] Tọa độ bị clamp: [-0.058  0.714  0.   ] → [-0.058  0.714  0.05 ]
[INFO] [1786096815.514384332] [coord_transform]: [PREDICTION/EE] base[-0.058  0.714  0.05 ]
[WARN] [1786096815.579657224] [coord_transform]: [EE] Tọa độ bị clamp: [-0.058  0.714  0.   ] → [-0.058  0.714  0.05 ]
[WARN] [1786096816.612968473] [coord_transform]: [EE] Tọa độ bị clamp: [-0.058  0.714  0.   ] → [-0.058  0.714  0.05 ]
[INFO] [1786096817.515247239] [coord_transform]: [PREDICTION/EE] base[-0.058  0.714  0.05 ]
[WARN] [1786096817.613055125] [coord_transform]: [EE] Tọa độ bị clamp: [-0.058  0.714  0.   ] → [-0.058  0.714  0.05 ]
[WARN] [1786096818.613591432] [coord_transform]: [EE] Tọa độ bị clamp: [-0.058  0.714  0.   ] → [-0.058  0.714  0.05 ]
[INFO] [1786096819.546848946] [coord_transform]: [PREDICTION/EE] base[-0.058  0.714  0.05 ]
[WARN] [1786096819.646600436] [coord_transform]: [EE] Tọa độ bị clamp: [-0.058  0.714  0.   ] → [-0.058  0.714  0.05 ]
[WARN] [1786096820.646740752] [coord_transform]: [EE] Tọa độ bị clamp: [-0.058  0.714  0.   ] → [-0.058  0.714  0.05 ]
[INFO] [1786096821.547243662] [coord_transform]: [PREDICTION/EE] base[-0.058  0.714  0.05 ]
[WARN] [1786096821.647750009] [coord_transform]: [EE] Tọa độ bị clamp: [-0.058  0.714  0.   ] → [-0.058  0.714  0.05 ]
[WARN] [1786096822.648073035] [coord_transform]: [EE] Tọa độ bị clamp: [-0.058  0.714  0.   ] → [-0.058  0.714  0.05 ]
[INFO] [1786096823.548070463] [coord_transform]: [PREDICTION/EE] base[-0.058  0.714  0.05 ]
[WARN] [1786096823.648606300] [coord_transform]: [EE] Tọa độ bị clamp: [-0.058  0.714  0.   ] → [-0.058  0.714  0.05 ]
[WARN] [1786096824.679869490] [coord_transform]: [EE] Tọa độ bị clamp: [-0.058  0.714  0.   ] → [-0.058  0.714  0.05 ]
[INFO] [1786096825.579680071] [coord_transform]: [PREDICTION/EE] base[-0.058  0.714  0.05 ]
[WARN] [1786096825.713016226] [coord_transform]: [EE] Tọa độ bị clamp: [-0.058  0.714  0.   ] → [-0.058  0.714  0.05 ]
[WARN] [1786096826.713246559] [coord_transform]: [EE] Tọa độ bị clamp: [-0.058  0.714  0.   ] → [-0.058  0.714  0.05 ]
[INFO] [1786096827.581181652] [coord_transform]: [PREDICTION/EE] base[-0.058  0.714  0.05 ]
[WARN] [1786096827.713887683] [coord_transform]: [EE] Tọa độ bị clamp: [-0.058  0.714  0.   ] → [-0.058  0.714  0.05 ]
[WARN] [1786096828.746964757] [coord_transform]: [EE] Tọa độ bị clamp: [-0.058  0.714  0.   ] → [-0.058  0.714  0.05 ]
[INFO] [1786096829.614430048] [coord_transform]: [PREDICTION/EE] base[-0.058  0.714  0.05 ]
[WARN] [1786096829.747423677] [coord_transform]: [EE] Tọa độ bị clamp: [-0.058  0.714  0.   ] → [-0.058  0.714  0.05 ]
[WARN] [1786096830.780230940] [coord_transform]: [EE] Tọa độ bị clamp: [-0.058  0.714  0.   ] → [-0.058  0.714  0.05 ]
[INFO] [1786096831.647056697] [coord_transform]: [PREDICTION/EE] base[-0.058  0.714  0.05 ]
[WARN] [1786096831.813325668] [coord_transform]: [EE] Tọa độ bị clamp: [-0.058  0.714  0.   ] → [-0.058  0.714  0.05 ]
[WARN] [1786096832.814506061] [coord_transform]: [EE] Tọa độ bị clamp: [-0.058  0.714  0.   ] → [-0.058  0.714  0.05 ]
[INFO] [1786096833.649071307] [coord_transform]: [PREDICTION/EE] base[-0.058  0.714  0.05 ]
[WARN] [1786096833.815442723] [coord_transform]: [EE] Tọa độ bị clamp: [-0.058  0.714  0.   ] → [-0.058  0.714  0.05 ]
[WARN] [1786096834.847462613] [coord_transform]: [EE] Tọa độ bị clamp: [-0.058  0.714  0.   ] → [-0.058  0.714  0.05 ]
[INFO] [1786096835.681002695] [coord_transform]: [PREDICTION/EE] base[-0.058  0.714  0.05 ]
[WARN] [1786096835.880759476] [coord_transform]: [EE] Tọa độ bị clamp: [-0.058  0.714  0.   ] → [-0.058  0.714  0.05 ]
[WARN] [1786096836.913242314] [coord_transform]: [EE] Tọa độ bị clamp: [-0.058  0.714  0.   ] → [-0.058  0.714  0.05 ]
[INFO] [1786096837.681226990] [coord_transform]: [PREDICTION/EE] base[-0.058  0.714  0.05 ]
[WARN] [1786096837.914558011] [coord_transform]: [EE] Tọa độ bị clamp: [-0.058  0.714  0.   ] → [-0.058  0.714  0.05 ]
[WARN] [1786096838.947824909] [coord_transform]: [EE] Tọa độ bị clamp: [-0.058  0.714  0.   ] → [-0.058  0.714  0.05 ]
[INFO] [1786096839.713467245] [coord_transform]: [PREDICTION/EE] base[-0.058  0.714  0.05 ]
[WARN] [1786096839.979153478] [coord_transform]: [EE] Tọa độ bị clamp: [-0.058  0.714  0.   ] → [-0.058  0.714  0.05 ]
[WARN] [1786096840.980733080] [coord_transform]: [EE] Tọa độ bị clamp: [-0.058  0.714  0.   ] → [-0.058  0.714  0.05 ]
[INFO] [1786096841.713514690] [coord_transform]: [PREDICTION/EE] base[-0.058  0.714  0.05 ]
[WARN] [1786096842.012652813] [coord_transform]: [EE] Tọa độ bị clamp: [-0.058  0.714  0.   ] → [-0.058  0.714  0.05 ]
[WARN] [1786096843.013769079] [coord_transform]: [EE] Tọa độ bị clamp: [-0.058  0.714  0.   ] → [-0.058  0.714  0.05 ]
[INFO] [1786096843.714265610] [coord_transform]: [PREDICTION/EE] base[-0.058  0.714  0.05 ]
[WARN] [1786096844.046761629] [coord_transform]: [EE] Tọa độ bị clamp: [-0.058  0.714  0.   ] → [-0.058  0.714  0.05 ]
[WARN] [1786096845.047678251] [coord_transform]: [EE] Tọa độ bị clamp: [-0.058  0.714  0.   ] → [-0.058  0.714  0.05 ]
[INFO] [1786096845.746689654] [coord_transform]: [PREDICTION/EE] base[-0.058  0.714  0.05 ]
[WARN] [1786096846.079705621] [coord_transform]: [EE] Tọa độ bị clamp: [-0.058  0.714  0.   ] → [-0.058  0.714  0.05 ]
[WARN] [1786096847.113047978] [coord_transform]: [EE] Tọa độ bị clamp: [-0.058  0.714  0.   ] → [-0.058  0.714  0.05 ]
[INFO] [1786096847.747689574] [coord_transform]: [PREDICTION/EE] base[-0.058  0.714  0.05 ]
[WARN] [1786096848.145873506] [coord_transform]: [EE] Tọa độ bị clamp: [-0.058  0.714  0.   ] → [-0.058  0.714  0.05 ]
[WARN] [1786096849.147055678] [coord_transform]: [EE] Tọa độ bị clamp: [-0.058  0.714  0.   ] → [-0.058  0.714  0.05 ]
[INFO] [1786096849.779937269] [coord_transform]: [PREDICTION/EE] base[-0.058  0.714  0.05 ]
[WARN] [1786096850.147468944] [coord_transform]: [EE] Tọa độ bị clamp: [-0.058  0.714  0.   ] → [-0.058  0.714  0.05 ]
[WARN] [1786096851.179321098] [coord_transform]: [EE] Tọa độ bị clamp: [-0.058  0.714  0.   ] → [-0.058  0.714  0.05 ]
[INFO] [1786096851.779939204] [coord_transform]: [PREDICTION/EE] base[-0.058  0.714  0.05 ]
[WARN] [1786096852.213285211] [coord_transform]: [EE] Tọa độ bị clamp: [-0.058  0.714  0.   ] → [-0.058  0.714  0.05 ]
[WARN] [1786096853.214843787] [coord_transform]: [EE] Tọa độ bị clamp: [-0.058  0.714  0.   ] → [-0.058  0.714  0.05 ]
[INFO] [1786096853.781844924] [coord_transform]: [PREDICTION/EE] base[-0.058  0.714  0.05 ]
[WARN] [1786096854.248041389] [coord_transform]: [EE] Tọa độ bị clamp: [-0.058  0.714  0.   ] → [-0.058  0.714  0.05 ]
[WARN] [1786096855.279325932] [coord_transform]: [EE] Tọa độ bị clamp: [-0.058  0.714  0.   ] → [-0.058  0.714  0.05 ]
[INFO] [1786096855.814969760] [coord_transform]: [PREDICTION/EE] base[-0.058  0.714  0.05 ]
[WARN] [1786096856.280823810] [coord_transform]: [EE] Tọa độ bị clamp: [-0.058  0.714  0.   ] → [-0.058  0.714  0.05 ]
[WARN] [1786096857.280870527] [coord_transform]: [EE] Tọa độ bị clamp: [-0.058  0.714  0.   ] → [-0.058  0.714  0.05 ]
[INFO] [1786096857.848711906] [coord_transform]: [PREDICTION/EE] base[-0.058  0.714  0.05 ]
[WARN] [1786096858.313303855] [coord_transform]: [EE] Tọa độ bị clamp: [-0.058  0.714  0.   ] → [-0.058  0.714  0.05 ]
[WARN] [1786096859.314190231] [coord_transform]: [EE] Tọa độ bị clamp: [-0.058  0.714  0.   ] → [-0.058  0.714  0.05 ]
[INFO] [1786096859.881367710] [coord_transform]: [PREDICTION/EE] base[-0.058  0.714  0.05 ]
[WARN] [1786096860.314402060] [coord_transform]: [EE] Tọa độ bị clamp: [-0.058  0.714  0.   ] → [-0.058  0.714  0.05 ]
[WARN] [1786096861.314478195] [coord_transform]: [EE] Tọa độ bị clamp: [-0.058  0.714  0.   ] → [-0.058  0.714  0.05 ]
[INFO] [1786096861.882519935] [coord_transform]: [PREDICTION/EE] base[-0.058  0.714  0.05 ]
[WARN] [1786096862.346573241] [coord_transform]: [EE] Tọa độ bị clamp: [-0.058  0.714  0.   ] → [-0.058  0.714  0.05 ]
[WARN] [1786096863.379972753] [coord_transform]: [EE] Tọa độ bị clamp: [-0.058  0.714  0.   ] → [-0.058  0.714  0.05 ]
[INFO] [1786096863.913504108] [coord_transform]: [PREDICTION/EE] base[-0.058  0.714  0.05 ]
[WARN] [1786096864.413122563] [coord_transform]: [EE] Tọa độ bị clamp: [-0.058  0.714  0.   ] → [-0.058  0.714  0.05 ]
[WARN] [1786096865.414424605] [coord_transform]: [EE] Tọa độ bị clamp: [-0.058  0.714  0.   ] → [-0.058  0.714  0.05 ]
[INFO] [1786096865.915440325] [coord_transform]: [PREDICTION/EE] base[-0.058  0.714  0.05 ]
[WARN] [1786096866.448267945] [coord_transform]: [EE] Tọa độ bị clamp: [-0.058  0.714  0.   ] → [-0.058  0.714  0.05 ]
[WARN] [1786096867.480255966] [coord_transform]: [EE] Tọa độ bị clamp: [-0.058  0.714  0.   ] → [-0.058  0.714  0.05 ]
[INFO] [1786096867.946679075] [coord_transform]: [PREDICTION/EE] base[-0.058  0.714  0.05 ]
[WARN] [1786096868.480936488] [coord_transform]: [EE] Tọa độ bị clamp: [-0.058  0.714  0.   ] → [-0.058  0.714  0.05 ]
[WARN] [1786096869.512808445] [coord_transform]: [EE] Tọa độ bị clamp: [-0.058  0.714  0.   ] → [-0.058  0.714  0.05 ]
[INFO] [1786096869.947075127] [coord_transform]: [PREDICTION/EE] base[-0.058  0.714  0.05 ]
[WARN] [1786096870.512844791] [coord_transform]: [EE] Tọa độ bị clamp: [-0.058  0.714  0.   ] → [-0.058  0.714  0.05 ]
[WARN] [1786096871.512980891] [coord_transform]: [EE] Tọa độ bị clamp: [-0.058  0.714  0.   ] → [-0.058  0.714  0.05 ]
[INFO] [1786096871.947172578] [coord_transform]: [PREDICTION/EE] base[-0.058  0.714  0.05 ]
[WARN] [1786096872.514068349] [coord_transform]: [EE] Tọa độ bị clamp: [-0.058  0.714  0.   ] → [-0.058  0.714  0.05 ]
[WARN] [1786096873.514320527] [coord_transform]: [EE] Tọa độ bị clamp: [-0.058  0.714  0.   ] → [-0.058  0.714  0.05 ]
[INFO] [1786096873.948700358] [coord_transform]: [PREDICTION/EE] base[-0.058  0.714  0.05 ]
[WARN] [1786096874.514824897] [coord_transform]: [EE] Tọa độ bị clamp: [-0.058  0.714  0.   ] → [-0.058  0.714  0.05 ]
[WARN] [1786096875.514903312] [coord_transform]: [EE] Tọa độ bị clamp: [-0.058  0.714  0.   ] → [-0.058  0.714  0.05 ]
[INFO] [1786096875.980548177] [coord_transform]: [PREDICTION/EE] base[-0.058  0.714  0.05 ]
[WARN] [1786096876.515201930] [coord_transform]: [EE] Tọa độ bị clamp: [-0.058  0.714  0.   ] → [-0.058  0.714  0.05 ]
[WARN] [1786096877.546218798] [coord_transform]: [EE] Tọa độ bị clamp: [-0.058  0.714  0.   ] → [-0.058  0.714  0.05 ]
[INFO] [1786096877.981210115] [coord_transform]: [PREDICTION/EE] base[-0.058  0.714  0.05 ]
[WARN] [1786096878.548037097] [coord_transform]: [EE] Tọa độ bị clamp: [-0.058  0.714  0.   ] → [-0.058  0.714  0.05 ]
[WARN] [1786096879.548326809] [coord_transform]: [EE] Tọa độ bị clamp: [-0.058  0.714  0.   ] → [-0.058  0.714  0.05 ]
[INFO] [1786096879.981958533] [coord_transform]: [PREDICTION/EE] base[-0.058  0.714  0.05 ]
[WARN] [1786096880.581753538] [coord_transform]: [EE] Tọa độ bị clamp: [-0.058  0.714  0.   ] → [-0.058  0.714  0.05 ]
[WARN] [1786096881.612978704] [coord_transform]: [EE] Tọa độ bị clamp: [-0.058  0.714  0.   ] → [-0.058  0.714  0.05 ]
[INFO] [1786096882.013840660] [coord_transform]: [PREDICTION/EE] base[-0.058  0.714  0.05 ]
[WARN] [1786096882.613714834] [coord_transform]: [EE] Tọa độ bị clamp: [-0.058  0.714  0.   ] → [-0.058  0.714  0.05 ]
[WARN] [1786096883.646450872] [coord_transform]: [EE] Tọa độ bị clamp: [-0.058  0.714  0.   ] → [-0.058  0.714  0.05 ]
[INFO] [1786096884.014999510] [coord_transform]: [PREDICTION/EE] base[-0.058  0.714  0.05 ]
[WARN] [1786096884.647509342] [coord_transform]: [EE] Tọa độ bị clamp: [-0.058  0.714  0.   ] → [-0.058  0.714  0.05 ]
[WARN] [1786096885.680890290] [coord_transform]: [EE] Tọa độ bị clamp: [-0.058  0.714  0.   ] → [-0.058  0.714  0.05 ]
[INFO] [1786096886.048070423] [coord_transform]: [PREDICTION/EE] base[-0.058  0.714  0.05 ]
[WARN] [1786096886.713303115] [coord_transform]: [EE] Tọa độ bị clamp: [-0.058  0.714  0.   ] → [-0.058  0.714  0.05 ]
[WARN] [1786096887.746191484] [coord_transform]: [EE] Tọa độ bị clamp: [-0.058  0.714  0.   ] → [-0.058  0.714  0.05 ]
[INFO] [1786096888.079477234] [coord_transform]: [PREDICTION/EE] base[-0.058  0.714  0.05 ]
[WARN] [1786096888.779042846] [coord_transform]: [EE] Tọa độ bị clamp: [-0.058  0.714  0.   ] → [-0.058  0.714  0.05 ]
[WARN] [1786096889.779583824] [coord_transform]: [EE] Tọa độ bị clamp: [-0.058  0.714  0.   ] → [-0.058  0.714  0.05 ]
[INFO] [1786096890.080304958] [coord_transform]: [PREDICTION/EE] base[-0.058  0.714  0.05 ]
[WARN] [1786096890.812732818] [coord_transform]: [EE] Tọa độ bị clamp: [-0.058  0.714  0.   ] → [-0.058  0.714  0.05 ]
[WARN] [1786096891.813226115] [coord_transform]: [EE] Tọa độ bị clamp: [-0.058  0.714  0.   ] → [-0.058  0.714  0.05 ]
[INFO] [1786096892.113598170] [coord_transform]: [PREDICTION/EE] base[-0.058  0.714  0.05 ]
[WARN] [1786096892.846473913] [coord_transform]: [EE] Tọa độ bị clamp: [-0.058  0.714  0.   ] → [-0.058  0.714  0.05 ]
[WARN] [1786096893.848152838] [coord_transform]: [EE] Tọa độ bị clamp: [-0.058  0.714  0.   ] → [-0.058  0.714  0.05 ]
[INFO] [1786096894.114664615] [coord_transform]: [PREDICTION/EE] base[-0.058  0.714  0.05 ]
[WARN] [1786096894.879119397] [coord_transform]: [EE] Tọa độ bị clamp: [-0.058  0.714  0.   ] → [-0.058  0.714  0.05 ]
[WARN] [1786096895.880182282] [coord_transform]: [EE] Tọa độ bị clamp: [-0.058  0.714  0.   ] → [-0.058  0.714  0.05 ]
[INFO] [1786096896.146300117] [coord_transform]: [PREDICTION/EE] base[-0.058  0.714  0.05 ]
[WARN] [1786096896.912912243] [coord_transform]: [EE] Tọa độ bị clamp: [-0.058  0.714  0.   ] → [-0.058  0.714  0.05 ]
[WARN] [1786096897.913441485] [coord_transform]: [EE] Tọa độ bị clamp: [-0.058  0.714  0.   ] → [-0.058  0.714  0.05 ]
[INFO] [1786096898.151647860] [coord_transform]: [PREDICTION/EE] base[-0.058  0.714  0.05 ]
[WARN] [1786096898.914247347] [coord_transform]: [EE] Tọa độ bị clamp: [-0.058  0.714  0.   ] → [-0.058  0.714  0.05 ]
[WARN] [1786096899.946474227] [coord_transform]: [EE] Tọa độ bị clamp: [-0.058  0.714  0.   ] → [-0.058  0.714  0.05 ]
[INFO] [1786096900.180081326] [coord_transform]: [PREDICTION/EE] base[-0.058  0.714  0.05 ]
[WARN] [1786096900.946861264] [coord_transform]: [EE] Tọa độ bị clamp: [-0.058  0.714  0.   ] → [-0.058  0.714  0.05 ]
[WARN] [1786096901.979370037] [coord_transform]: [EE] Tọa độ bị clamp: [-0.058  0.714  0.   ] → [-0.058  0.714  0.05 ]
[INFO] [1786096902.213709893] [coord_transform]: [PREDICTION/EE] base[-0.058  0.714  0.05 ]
[WARN] [1786096903.012896121] [coord_transform]: [EE] Tọa độ bị clamp: [-0.058  0.714  0.   ] → [-0.058  0.714  0.05 ]
[WARN] [1786096904.013309623] [coord_transform]: [EE] Tọa độ bị clamp: [-0.058  0.714  0.   ] → [-0.058  0.714  0.05 ]
[INFO] [1786096904.248551859] [coord_transform]: [PREDICTION/EE] base[-0.058  0.714  0.05 ]
[WARN] [1786096905.014215765] [coord_transform]: [EE] Tọa độ bị clamp: [-0.058  0.714  0.   ] → [-0.058  0.714  0.05 ]
[WARN] [1786096906.046308976] [coord_transform]: [EE] Tọa độ bị clamp: [-0.058  0.714  0.   ] → [-0.058  0.714  0.05 ]
[INFO] [1786096906.280551414] [coord_transform]: [PREDICTION/EE] base[-0.058  0.714  0.05 ]
[WARN] [1786096907.046518747] [coord_transform]: [EE] Tọa độ bị clamp: [-0.058  0.714  0.   ] → [-0.058  0.714  0.05 ]
[WARN] [1786096908.079915749] [coord_transform]: [EE] Tọa độ bị clamp: [-0.058  0.714  0.   ] → [-0.058  0.714  0.05 ]
[INFO] [1786096908.281197962] [coord_transform]: [PREDICTION/EE] base[-0.058  0.714  0.05 ]
[WARN] [1786096909.080248785] [coord_transform]: [EE] Tọa độ bị clamp: [-0.058  0.714  0.   ] → [-0.058  0.714  0.05 ]
[WARN] [1786096910.081120968] [coord_transform]: [EE] Tọa độ bị clamp: [-0.058  0.714  0.   ] → [-0.058  0.714  0.05 ]
[INFO] [1786096910.314906868] [coord_transform]: [PREDICTION/EE] base[-0.058  0.714  0.05 ]
[WARN] [1786096911.114071698] [coord_transform]: [EE] Tọa độ bị clamp: [-0.058  0.714  0.   ] → [-0.058  0.714  0.05 ]
[WARN] [1786096912.146223106] [coord_transform]: [EE] Tọa độ bị clamp: [-0.058  0.714  0.   ] → [-0.058  0.714  0.05 ]
[INFO] [1786096912.348299034] [coord_transform]: [PREDICTION/EE] base[-0.058  0.714  0.05 ]
[WARN] [1786096913.147371569] [coord_transform]: [EE] Tọa độ bị clamp: [-0.058  0.714  0.   ] → [-0.058  0.714  0.05 ]
[WARN] [1786096914.148177259] [coord_transform]: [EE] Tọa độ bị clamp: [-0.058  0.714  0.   ] → [-0.058  0.714  0.05 ]
[INFO] [1786096914.379920553] [coord_transform]: [PREDICTION/EE] base[-0.058  0.714  0.05 ]
[WARN] [1786096915.181173714] [coord_transform]: [EE] Tọa độ bị clamp: [-0.058  0.714  0.   ] → [-0.058  0.714  0.05 ]
[WARN] [1786096916.213982667] [coord_transform]: [EE] Tọa độ bị clamp: [-0.058  0.714  0.   ] → [-0.058  0.714  0.05 ]
[INFO] [1786096916.381493125] [coord_transform]: [PREDICTION/EE] base[-0.058  0.714  0.05 ]
[WARN] [1786096917.246831030] [coord_transform]: [EE] Tọa độ bị clamp: [-0.058  0.714  0.   ] → [-0.058  0.714  0.05 ]
[WARN] [1786096918.279143482] [coord_transform]: [EE] Tọa độ bị clamp: [-0.058  0.714  0.   ] → [-0.058  0.714  0.05 ]
[INFO] [1786096918.413478136] [coord_transform]: [PREDICTION/EE] base[-0.058  0.714  0.05 ]
[WARN] [1786096919.312894827] [coord_transform]: [EE] Tọa độ bị clamp: [-0.058  0.714  0.   ] → [-0.058  0.714  0.05 ]
[WARN] [1786096920.315065185] [coord_transform]: [EE] Tọa độ bị clamp: [-0.058  0.714  0.   ] → [-0.058  0.714  0.05 ]
[INFO] [1786096920.414770073] [coord_transform]: [PREDICTION/EE] base[-0.058  0.714  0.05 ]
[WARN] [1786096921.347552803] [coord_transform]: [EE] Tọa độ bị clamp: [-0.058  0.714  0.   ] → [-0.058  0.714  0.05 ]
[WARN] [1786096922.379735809] [coord_transform]: [EE] Tọa độ bị clamp: [-0.058  0.714  0.   ] → [-0.058  0.714  0.05 ]
[INFO] [1786096922.446968434] [coord_transform]: [PREDICTION/EE] base[-0.058  0.714  0.05 ]
[WARN] [1786096923.379989852] [coord_transform]: [EE] Tọa độ bị clamp: [-0.058  0.714  0.   ] → [-0.058  0.714  0.05 ]
[WARN] [1786096924.413067244] [coord_transform]: [EE] Tọa độ bị clamp: [-0.058  0.714  0.   ] → [-0.058  0.714  0.05 ]
[INFO] [1786096924.447201692] [coord_transform]: [PREDICTION/EE] base[-0.058  0.714  0.05 ]
[WARN] [1786096925.446359096] [coord_transform]: [EE] Tọa độ bị clamp: [-0.058  0.714  0.   ] → [-0.058  0.714  0.05 ]
[WARN] [1786096926.446589273] [coord_transform]: [EE] Tọa độ bị clamp: [-0.058  0.714  0.   ] → [-0.058  0.714  0.05 ]
[INFO] [1786096926.447220310] [coord_transform]: [PREDICTION/EE] base[-0.058  0.714  0.05 ]
[WARN] [1786096927.447973714] [coord_transform]: [EE] Tọa độ bị clamp: [-0.058  0.714  0.   ] → [-0.058  0.714  0.05 ]
[INFO] [1786096928.447372627] [coord_transform]: [PREDICTION/EE] base[-0.058  0.714  0.05 ]
[WARN] [1786096928.479408944] [coord_transform]: [EE] Tọa độ bị clamp: [-0.058  0.714  0.   ] → [-0.058  0.714  0.05 ]
[WARN] [1786096929.479598391] [coord_transform]: [EE] Tọa độ bị clamp: [-0.058  0.714  0.   ] → [-0.058  0.714  0.05 ]
[INFO] [1786096930.448418634] [coord_transform]: [PREDICTION/EE] base[-0.058  0.714  0.05 ]
[WARN] [1786096930.480679155] [coord_transform]: [EE] Tọa độ bị clamp: [-0.058  0.714  0.   ] → [-0.058  0.714  0.05 ]
[WARN] [1786096931.512682649] [coord_transform]: [EE] Tọa độ bị clamp: [-0.058  0.714  0.   ] → [-0.058  0.714  0.05 ]
[INFO] [1786096932.479727070] [coord_transform]: [PREDICTION/EE] base[-0.058  0.714  0.05 ]
[WARN] [1786096932.513355051] [coord_transform]: [EE] Tọa độ bị clamp: [-0.058  0.714  0.   ] → [-0.058  0.714  0.05 ]
[WARN] [1786096933.513535288] [coord_transform]: [EE] Tọa độ bị clamp: [-0.058  0.714  0.   ] → [-0.058  0.714  0.05 ]
[INFO] [1786096934.480241032] [coord_transform]: [PREDICTION/EE] base[-0.058  0.714  0.05 ]
[WARN] [1786096934.546551158] [coord_transform]: [EE] Tọa độ bị clamp: [-0.058  0.714  0.   ] → [-0.058  0.714  0.05 ]
[WARN] [1786096935.579320146] [coord_transform]: [EE] Tọa độ bị clamp: [-0.058  0.714  0.   ] → [-0.058  0.714  0.05 ]
[INFO] [1786096936.480567375] [coord_transform]: [PREDICTION/EE] base[-0.058  0.714  0.05 ]
[WARN] [1786096936.579841128] [coord_transform]: [EE] Tọa độ bị clamp: [-0.058  0.714  0.   ] → [-0.058  0.714  0.05 ]
[WARN] [1786096937.612956594] [coord_transform]: [EE] Tọa độ bị clamp: [-0.058  0.714  0.   ] → [-0.058  0.714  0.05 ]
[INFO] [1786096938.514386467] [coord_transform]: [PREDICTION/EE] base[-0.058  0.714  0.05 ]
[WARN] [1786096938.613837140] [coord_transform]: [EE] Tọa độ bị clamp: [-0.058  0.714  0.   ] → [-0.058  0.714  0.05 ]
[WARN] [1786096939.646708686] [coord_transform]: [EE] Tọa độ bị clamp: [-0.058  0.714  0.   ] → [-0.058  0.714  0.05 ]
[INFO] [1786096940.547861301] [coord_transform]: [PREDICTION/EE] base[-0.058  0.714  0.05 ]
[WARN] [1786096940.646803065] [coord_transform]: [EE] Tọa độ bị clamp: [-0.058  0.714  0.   ] → [-0.058  0.714  0.05 ]
[WARN] [1786096941.647900904] [coord_transform]: [EE] Tọa độ bị clamp: [-0.058  0.714  0.   ] → [-0.058  0.714  0.05 ]
[INFO] [1786096942.580330425] [coord_transform]: [PREDICTION/EE] base[-0.058  0.714  0.05 ]
[WARN] [1786096942.648115746] [coord_transform]: [EE] Tọa độ bị clamp: [-0.058  0.714  0.   ] → [-0.058  0.714  0.05 ]
[WARN] [1786096943.680535220] [coord_transform]: [EE] Tọa độ bị clamp: [-0.058  0.714  0.   ] → [-0.058  0.714  0.05 ]
[INFO] [1786096944.581230385] [coord_transform]: [PREDICTION/EE] base[-0.058  0.714  0.05 ]
[WARN] [1786096944.713817065] [coord_transform]: [EE] Tọa độ bị clamp: [-0.058  0.714  0.   ] → [-0.058  0.714  0.05 ]
[WARN] [1786096945.748409870] [coord_transform]: [EE] Tọa độ bị clamp: [-0.058  0.714  0.   ] → [-0.058  0.714  0.05 ]
[INFO] [1786096946.613568915] [coord_transform]: [PREDICTION/EE] base[-0.058  0.714  0.05 ]
[WARN] [1786096946.779792086] [coord_transform]: [EE] Tọa độ bị clamp: [-0.058  0.714  0.   ] → [-0.058  0.714  0.05 ]
[WARN] [1786096947.779930997] [coord_transform]: [EE] Tọa độ bị clamp: [-0.058  0.714  0.   ] → [-0.058  0.714  0.05 ]
[INFO] [1786096948.646724882] [coord_transform]: [PREDICTION/EE] base[-0.058  0.714  0.05 ]
[WARN] [1786096948.813047222] [coord_transform]: [EE] Tọa độ bị clamp: [-0.058  0.714  0.   ] → [-0.058  0.714  0.05 ]
[WARN] [1786096949.813874233] [coord_transform]: [EE] Tọa độ bị clamp: [-0.058  0.714  0.   ] → [-0.058  0.714  0.05 ]
[INFO] [1786096950.649133928] [coord_transform]: [PREDICTION/EE] base[-0.058  0.714  0.05 ]
[WARN] [1786096950.845819241] [coord_transform]: [EE] Tọa độ bị clamp: [-0.058  0.714  0.   ] → [-0.058  0.714  0.05 ]
[WARN] [1786096951.846486854] [coord_transform]: [EE] Tọa độ bị clamp: [-0.058  0.714  0.   ] → [-0.058  0.714  0.05 ]
[INFO] [1786096952.680001544] [coord_transform]: [PREDICTION/EE] base[-0.058  0.714  0.05 ]
[WARN] [1786096952.846607958] [coord_transform]: [EE] Tọa độ bị clamp: [-0.058  0.714  0.   ] → [-0.058  0.714  0.05 ]
[WARN] [1786096953.848917117] [coord_transform]: [EE] Tọa độ bị clamp: [-0.058  0.714  0.   ] → [-0.058  0.714  0.05 ]
[INFO] [1786096954.681713900] [coord_transform]: [PREDICTION/EE] base[-0.058  0.714  0.05 ]
[WARN] [1786096954.880875518] [coord_transform]: [EE] Tọa độ bị clamp: [-0.058  0.714  0.   ] → [-0.058  0.714  0.05 ]
[WARN] [1786096955.917416921] [coord_transform]: [EE] Tọa độ bị clamp: [-0.058  0.714  0.   ] → [-0.058  0.714  0.05 ]
[INFO] [1786096956.713916843] [coord_transform]: [PREDICTION/EE] base[-0.058  0.714  0.05 ]
[WARN] [1786096956.946464117] [coord_transform]: [EE] Tọa độ bị clamp: [-0.058  0.714  0.   ] → [-0.058  0.714  0.05 ]
[WARN] [1786096957.947065348] [coord_transform]: [EE] Tọa độ bị clamp: [-0.058  0.714  0.   ] → [-0.058  0.714  0.05 ]
[INFO] [1786096958.746646484] [coord_transform]: [PREDICTION/EE] base[-0.058  0.714  0.05 ]
[WARN] [1786096958.979748188] [coord_transform]: [EE] Tọa độ bị clamp: [-0.058  0.714  0.   ] → [-0.058  0.714  0.05 ]
[WARN] [1786096960.013005834] [coord_transform]: [EE] Tọa độ bị clamp: [-0.058  0.714  0.   ] → [-0.058  0.714  0.05 ]
[INFO] [1786096960.746877123] [coord_transform]: [PREDICTION/EE] base[-0.058  0.714  0.05 ]
[WARN] [1786096961.013510123] [coord_transform]: [EE] Tọa độ bị clamp: [-0.058  0.714  0.   ] → [-0.058  0.714  0.05 ]
[WARN] [1786096962.045903875] [coord_transform]: [EE] Tọa độ bị clamp: [-0.058  0.714  0.   ] → [-0.058  0.714  0.05 ]
[INFO] [1786096962.746889892] [coord_transform]: [PREDICTION/EE] base[-0.058  0.714  0.05 ]
[WARN] [1786096963.046081522] [coord_transform]: [EE] Tọa độ bị clamp: [-0.058  0.714  0.   ] → [-0.058  0.714  0.05 ]
[WARN] [1786096964.079149736] [coord_transform]: [EE] Tọa độ bị clamp: [-0.058  0.714  0.   ] → [-0.058  0.714  0.05 ]
[INFO] [1786096964.779580159] [coord_transform]: [PREDICTION/EE] base[-0.058  0.714  0.05 ]
[WARN] [1786096965.080793316] [coord_transform]: [EE] Tọa độ bị clamp: [-0.058  0.714  0.   ] → [-0.058  0.714  0.05 ]
[WARN] [1786096966.112744618] [coord_transform]: [EE] Tọa độ bị clamp: [-0.058  0.714  0.   ] → [-0.058  0.714  0.05 ]
[INFO] [1786096966.780723484] [coord_transform]: [PREDICTION/EE] base[-0.058  0.714  0.05 ]
[WARN] [1786096967.112820724] [coord_transform]: [EE] Tọa độ bị clamp: [-0.058  0.714  0.   ] → [-0.058  0.714  0.05 ]
[WARN] [1786096968.113578179] [coord_transform]: [EE] Tọa độ bị clamp: [-0.058  0.714  0.   ] → [-0.058  0.714  0.05 ]
[INFO] [1786096968.814038978] [coord_transform]: [PREDICTION/EE] base[-0.058  0.714  0.05 ]
[WARN] [1786096969.146708217] [coord_transform]: [EE] Tọa độ bị clamp: [-0.058  0.714  0.   ] → [-0.058  0.714  0.05 ]
[WARN] [1786096970.148156957] [coord_transform]: [EE] Tọa độ bị clamp: [-0.058  0.714  0.   ] → [-0.058  0.714  0.05 ]
[INFO] [1786096970.815062512] [coord_transform]: [PREDICTION/EE] base[-0.058  0.714  0.05 ]
[WARN] [1786096971.179770396] [coord_transform]: [EE] Tọa độ bị clamp: [-0.058  0.714  0.   ] → [-0.058  0.714  0.05 ]
[WARN] [1786096972.213358524] [coord_transform]: [EE] Tọa độ bị clamp: [-0.058  0.714  0.   ] → [-0.058  0.714  0.05 ]
[INFO] [1786096972.817755332] [coord_transform]: [PREDICTION/EE] base[-0.058  0.714  0.05 ]
[WARN] [1786096973.220425484] [coord_transform]: [EE] Tọa độ bị clamp: [-0.058  0.714  0.   ] → [-0.058  0.714  0.05 ]
[WARN] [1786096974.248590691] [coord_transform]: [EE] Tọa độ bị clamp: [-0.058  0.714  0.   ] → [-0.058  0.714  0.05 ]
[INFO] [1786096974.846706671] [coord_transform]: [PREDICTION/EE] base[-0.058  0.714  0.05 ]
[WARN] [1786096975.279197373] [coord_transform]: [EE] Tọa độ bị clamp: [-0.058  0.714  0.   ] → [-0.058  0.714  0.05 ]
[WARN] [1786096976.280184237] [coord_transform]: [EE] Tọa độ bị clamp: [-0.058  0.714  0.   ] → [-0.058  0.714  0.05 ]
[INFO] [1786096976.846800497] [coord_transform]: [PREDICTION/EE] base[-0.058  0.714  0.05 ]
[WARN] [1786096977.313037650] [coord_transform]: [EE] Tọa độ bị clamp: [-0.058  0.714  0.   ] → [-0.058  0.714  0.05 ]
[WARN] [1786096978.346685937] [coord_transform]: [EE] Tọa độ bị clamp: [-0.058  0.714  0.   ] → [-0.058  0.714  0.05 ]
[INFO] [1786096978.846978434] [coord_transform]: [PREDICTION/EE] base[-0.058  0.714  0.05 ]
[WARN] [1786096979.379253322] [coord_transform]: [EE] Tọa độ bị clamp: [-0.058  0.714  0.   ] → [-0.058  0.714  0.05 ]
[WARN] [1786096980.382074485] [coord_transform]: [EE] Tọa độ bị clamp: [-0.058  0.714  0.   ] → [-0.058  0.714  0.05 ]
[INFO] [1786096980.851428461] [coord_transform]: [PREDICTION/EE] base[-0.058  0.714  0.05 ]
[WARN] [1786096981.415270036] [coord_transform]: [EE] Tọa độ bị clamp: [-0.058  0.714  0.   ] → [-0.058  0.714  0.05 ]
[WARN] [1786096982.446355457] [coord_transform]: [EE] Tọa độ bị clamp: [-0.058  0.714  0.   ] → [-0.058  0.714  0.05 ]
[INFO] [1786096982.879520848] [coord_transform]: [PREDICTION/EE] base[-0.058  0.714  0.05 ]
[WARN] [1786096983.447708653] [coord_transform]: [EE] Tọa độ bị clamp: [-0.058  0.714  0.   ] → [-0.058  0.714  0.05 ]
[WARN] [1786096984.480122788] [coord_transform]: [EE] Tọa độ bị clamp: [-0.058  0.714  0.   ] → [-0.058  0.714  0.05 ]
[INFO] [1786096984.879771128] [coord_transform]: [PREDICTION/EE] base[-0.058  0.714  0.05 ]
[WARN] [1786096985.513536614] [coord_transform]: [EE] Tọa độ bị clamp: [-0.058  0.714  0.   ] → [-0.058  0.714  0.05 ]
[WARN] [1786096986.546359338] [coord_transform]: [EE] Tọa độ bị clamp: [-0.058  0.714  0.   ] → [-0.058  0.714  0.05 ]
[INFO] [1786096986.879898771] [coord_transform]: [PREDICTION/EE] base[-0.058  0.714  0.05 ]
[WARN] [1786096987.546425831] [coord_transform]: [EE] Tọa độ bị clamp: [-0.058  0.714  0.   ] → [-0.058  0.714  0.05 ]
[WARN] [1786096988.579339754] [coord_transform]: [EE] Tọa độ bị clamp: [-0.058  0.714  0.   ] → [-0.058  0.714  0.05 ]
[INFO] [1786096988.913704306] [coord_transform]: [PREDICTION/EE] base[-0.058  0.714  0.05 ]
[WARN] [1786096989.612517615] [coord_transform]: [EE] Tọa độ bị clamp: [-0.058  0.714  0.   ] → [-0.058  0.714  0.05 ]
[WARN] [1786096990.613611149] [coord_transform]: [EE] Tọa độ bị clamp: [-0.058  0.714  0.   ] → [-0.058  0.714  0.05 ]
[INFO] [1786096990.913750768] [coord_transform]: [PREDICTION/EE] base[-0.058  0.714  0.05 ]
[WARN] [1786096991.646396373] [coord_transform]: [EE] Tọa độ bị clamp: [-0.058  0.714  0.   ] → [-0.058  0.714  0.05 ]
[WARN] [1786096992.646784069] [coord_transform]: [EE] Tọa độ bị clamp: [-0.058  0.714  0.   ] → [-0.058  0.714  0.05 ]
[INFO] [1786096992.947213314] [coord_transform]: [PREDICTION/EE] base[-0.058  0.714  0.05 ]
[WARN] [1786096993.679990376] [coord_transform]: [EE] Tọa độ bị clamp: [-0.058  0.714  0.   ] → [-0.058  0.714  0.05 ]
[WARN] [1786096994.680224739] [coord_transform]: [EE] Tọa độ bị clamp: [-0.058  0.714  0.   ] → [-0.058  0.714  0.05 ]
[INFO] [1786096994.979720343] [coord_transform]: [PREDICTION/EE] base[-0.058  0.714  0.05 ]
[WARN] [1786096995.712866645] [coord_transform]: [EE] Tọa độ bị clamp: [-0.058  0.714  0.   ] → [-0.058  0.714  0.05 ]
[WARN] [1786096996.746264651] [coord_transform]: [EE] Tọa độ bị clamp: [-0.058  0.714  0.   ] → [-0.058  0.714  0.05 ]
[INFO] [1786096997.014683101] [coord_transform]: [PREDICTION/EE] base[-0.058  0.714  0.05 ]
[WARN] [1786096997.746589373] [coord_transform]: [EE] Tọa độ bị clamp: [-0.058  0.714  0.   ] → [-0.058  0.714  0.05 ]
[WARN] [1786096998.746841736] [coord_transform]: [EE] Tọa độ bị clamp: [-0.058  0.714  0.   ] → [-0.058  0.714  0.05 ]
[INFO] [1786096999.047118836] [coord_transform]: [PREDICTION/EE] base[-0.058  0.714  0.05 ]
[WARN] [1786096999.779538420] [coord_transform]: [EE] Tọa độ bị clamp: [-0.058  0.714  0.   ] → [-0.058  0.714  0.05 ]
[WARN] [1786097000.813118205] [coord_transform]: [EE] Tọa độ bị clamp: [-0.058  0.714  0.   ] → [-0.058  0.714  0.05 ]
[INFO] [1786097001.049118311] [coord_transform]: [PREDICTION/EE] base[-0.058  0.714  0.05 ]
[WARN] [1786097001.813914917] [coord_transform]: [EE] Tọa độ bị clamp: [-0.058  0.714  0.   ] → [-0.058  0.714  0.05 ]
[WARN] [1786097002.846539781] [coord_transform]: [EE] Tọa độ bị clamp: [-0.058  0.714  0.   ] → [-0.058  0.714  0.05 ]
[INFO] [1786097003.080169617] [coord_transform]: [PREDICTION/EE] base[-0.058  0.714  0.05 ]
[WARN] [1786097003.846620095] [coord_transform]: [EE] Tọa độ bị clamp: [-0.058  0.714  0.   ] → [-0.058  0.714  0.05 ]
[WARN] [1786097004.879701160] [coord_transform]: [EE] Tọa độ bị clamp: [-0.058  0.714  0.   ] → [-0.058  0.714  0.05 ]
[INFO] [1786097005.081893056] [coord_transform]: [PREDICTION/EE] base[-0.058  0.714  0.05 ]
[WARN] [1786097005.880468735] [coord_transform]: [EE] Tọa độ bị clamp: [-0.058  0.714  0.   ] → [-0.058  0.714  0.05 ]
[WARN] [1786097006.912788076] [coord_transform]: [EE] Tọa độ bị clamp: [-0.058  0.714  0.   ] → [-0.058  0.714  0.05 ]
[INFO] [1786097007.113737539] [coord_transform]: [PREDICTION/EE] base[-0.058  0.714  0.05 ]
[WARN] [1786097007.913090920] [coord_transform]: [EE] Tọa độ bị clamp: [-0.058  0.714  0.   ] → [-0.058  0.714  0.05 ]
[WARN] [1786097008.946485685] [coord_transform]: [EE] Tọa độ bị clamp: [-0.058  0.714  0.   ] → [-0.058  0.714  0.05 ]
[INFO] [1786097009.146533783] [coord_transform]: [PREDICTION/EE] base[-0.058  0.714  0.05 ]
[WARN] [1786097009.979650784] [coord_transform]: [EE] Tọa độ bị clamp: [-0.058  0.714  0.   ] → [-0.058  0.714  0.05 ]
[WARN] [1786097011.013004168] [coord_transform]: [EE] Tọa độ bị clamp: [-0.058  0.714  0.   ] → [-0.058  0.714  0.05 ]
[INFO] [1786097011.146880391] [coord_transform]: [PREDICTION/EE] base[-0.058  0.714  0.05 ]
[WARN] [1786097012.046470604] [coord_transform]: [EE] Tọa độ bị clamp: [-0.058  0.714  0.   ] → [-0.058  0.714  0.05 ]
[WARN] [1786097013.047123639] [coord_transform]: [EE] Tọa độ bị clamp: [-0.058  0.714  0.   ] → [-0.058  0.714  0.05 ]
[INFO] [1786097013.179843708] [coord_transform]: [PREDICTION/EE] base[-0.058  0.714  0.05 ]
[WARN] [1786097014.078943034] [coord_transform]: [EE] Tọa độ bị clamp: [-0.058  0.714  0.   ] → [-0.058  0.714  0.05 ]
[WARN] [1786097015.079252839] [coord_transform]: [EE] Tọa độ bị clamp: [-0.058  0.714  0.   ] → [-0.058  0.714  0.05 ]
[INFO] [1786097015.213598281] [coord_transform]: [PREDICTION/EE] base[-0.058  0.714  0.05 ]
[WARN] [1786097016.079292202] [coord_transform]: [EE] Tọa độ bị clamp: [-0.058  0.714  0.   ] → [-0.058  0.714  0.05 ]
[WARN] [1786097017.079883631] [coord_transform]: [EE] Tọa độ bị clamp: [-0.058  0.714  0.   ] → [-0.058  0.714  0.05 ]
[INFO] [1786097017.246849519] [coord_transform]: [PREDICTION/EE] base[-0.058  0.714  0.05 ]
[WARN] [1786097018.112975012] [coord_transform]: [EE] Tọa độ bị clamp: [-0.058  0.714  0.   ] → [-0.058  0.714  0.05 ]
[WARN] [1786097019.113601557] [coord_transform]: [EE] Tọa độ bị clamp: [-0.058  0.714  0.   ] → [-0.058  0.714  0.05 ]
[INFO] [1786097019.247302668] [coord_transform]: [PREDICTION/EE] base[-0.058  0.714  0.05 ]
[WARN] [1786097020.146489349] [coord_transform]: [EE] Tọa độ bị clamp: [-0.058  0.714  0.   ] → [-0.058  0.714  0.05 ]
[WARN] [1786097021.179814682] [coord_transform]: [EE] Tọa độ bị clamp: [-0.058  0.714  0.   ] → [-0.058  0.714  0.05 ]
[INFO] [1786097021.280196013] [coord_transform]: [PREDICTION/EE] base[-0.058  0.714  0.05 ]
[WARN] [1786097022.213248039] [coord_transform]: [EE] Tọa độ bị clamp: [-0.058  0.714  0.   ] → [-0.058  0.714  0.05 ]
[WARN] [1786097023.213275321] [coord_transform]: [EE] Tọa độ bị clamp: [-0.058  0.714  0.   ] → [-0.058  0.714  0.05 ]
[INFO] [1786097023.313598819] [coord_transform]: [PREDICTION/EE] base[-0.058  0.714  0.05 ]
[WARN] [1786097024.213749317] [coord_transform]: [EE] Tọa độ bị clamp: [-0.058  0.714  0.   ] → [-0.058  0.714  0.05 ]
[WARN] [1786097025.246677868] [coord_transform]: [EE] Tọa độ bị clamp: [-0.058  0.714  0.   ] → [-0.058  0.714  0.05 ]
[INFO] [1786097025.313721226] [coord_transform]: [PREDICTION/EE] base[-0.058  0.714  0.05 ]
[WARN] [1786097026.246822802] [coord_transform]: [EE] Tọa độ bị clamp: [-0.058  0.714  0.   ] → [-0.058  0.714  0.05 ]
[WARN] [1786097027.246986170] [coord_transform]: [EE] Tọa độ bị clamp: [-0.058  0.714  0.   ] → [-0.058  0.714  0.05 ]
[INFO] [1786097027.347315671] [coord_transform]: [PREDICTION/EE] base[-0.058  0.714  0.05 ]
[WARN] [1786097028.247459454] [coord_transform]: [EE] Tọa độ bị clamp: [-0.058  0.714  0.   ] → [-0.058  0.714  0.05 ]
[WARN] [1786097029.279236604] [coord_transform]: [EE] Tọa độ bị clamp: [-0.058  0.714  0.   ] → [-0.058  0.714  0.05 ]
[INFO] [1786097029.380067982] [coord_transform]: [PREDICTION/EE] base[-0.058  0.714  0.05 ]
[WARN] [1786097030.279237268] [coord_transform]: [EE] Tọa độ bị clamp: [-0.058  0.714  0.   ] → [-0.058  0.714  0.05 ]
[WARN] [1786097031.279909270] [coord_transform]: [EE] Tọa độ bị clamp: [-0.058  0.714  0.   ] → [-0.058  0.714  0.05 ]
[INFO] [1786097031.413810128] [coord_transform]: [PREDICTION/EE] base[-0.058  0.714  0.05 ]
[WARN] [1786097032.313212418] [coord_transform]: [EE] Tọa độ bị clamp: [-0.058  0.714  0.   ] → [-0.058  0.714  0.05 ]
[WARN] [1786097033.313247348] [coord_transform]: [EE] Tọa độ bị clamp: [-0.058  0.714  0.   ] → [-0.058  0.714  0.05 ]
[INFO] [1786097033.446951678] [coord_transform]: [PREDICTION/EE] base[-0.058  0.714  0.05 ]
[WARN] [1786097034.313421021] [coord_transform]: [EE] Tọa độ bị clamp: [-0.058  0.714  0.   ] → [-0.058  0.714  0.05 ]
[WARN] [1786097035.346917537] [coord_transform]: [EE] Tọa độ bị clamp: [-0.058  0.714  0.   ] → [-0.058  0.714  0.05 ]
[INFO] [1786097035.447956977] [coord_transform]: [PREDICTION/EE] base[-0.058  0.714  0.05 ]
[WARN] [1786097036.379498739] [coord_transform]: [EE] Tọa độ bị clamp: [-0.058  0.714  0.   ] → [-0.058  0.714  0.05 ]
[WARN] [1786097037.379729513] [coord_transform]: [EE] Tọa độ bị clamp: [-0.058  0.714  0.   ] → [-0.058  0.714  0.05 ]
[INFO] [1786097037.479875868] [coord_transform]: [PREDICTION/EE] base[-0.058  0.714  0.05 ]
[WARN] [1786097038.413853406] [coord_transform]: [EE] Tọa độ bị clamp: [-0.058  0.714  0.   ] → [-0.058  0.714  0.05 ]
[WARN] [1786097039.448228786] [coord_transform]: [EE] Tọa độ bị clamp: [-0.058  0.714  0.   ] → [-0.058  0.714  0.05 ]
[INFO] [1786097039.480899309] [coord_transform]: [PREDICTION/EE] base[-0.058  0.714  0.05 ]
[WARN] [1786097040.479339895] [coord_transform]: [EE] Tọa độ bị clamp: [-0.058  0.714  0.   ] → [-0.058  0.714  0.05 ]
[WARN] [1786097041.479471674] [coord_transform]: [EE] Tọa độ bị clamp: [-0.058  0.714  0.   ] → [-0.058  0.714  0.05 ]
[INFO] [1786097041.513723891] [coord_transform]: [PREDICTION/EE] base[-0.058  0.714  0.05 ]
[WARN] [1786097042.513073442] [coord_transform]: [EE] Tọa độ bị clamp: [-0.058  0.714  0.   ] → [-0.058  0.714  0.05 ]
[WARN] [1786097043.513280686] [coord_transform]: [EE] Tọa độ bị clamp: [-0.058  0.714  0.   ] → [-0.058  0.714  0.05 ]
[INFO] [1786097043.513764773] [coord_transform]: [PREDICTION/EE] base[-0.058  0.714  0.05 ]
[WARN] [1786097044.546817972] [coord_transform]: [EE] Tọa độ bị clamp: [-0.058  0.714  0.   ] → [-0.058  0.714  0.05 ]
[INFO] [1786097045.514007803] [coord_transform]: [PREDICTION/EE] base[-0.058  0.714  0.05 ]
[WARN] [1786097045.546860107] [coord_transform]: [EE] Tọa độ bị clamp: [-0.058  0.714  0.   ] → [-0.058  0.714  0.05 ]
[WARN] [1786097046.547277794] [coord_transform]: [EE] Tọa độ bị clamp: [-0.058  0.714  0.   ] → [-0.058  0.714  0.05 ]
[INFO] [1786097047.547291446] [coord_transform]: [PREDICTION/EE] base[-0.058  0.714  0.05 ]
[WARN] [1786097047.579468490] [coord_transform]: [EE] Tọa độ bị clamp: [-0.058  0.714  0.   ] → [-0.058  0.714  0.05 ]
[WARN] [1786097048.613037036] [coord_transform]: [EE] Tọa độ bị clamp: [-0.058  0.714  0.   ] → [-0.058  0.714  0.05 ]
[INFO] [1786097049.579851091] [coord_transform]: [PREDICTION/EE] base[-0.058  0.714  0.05 ]
[WARN] [1786097049.613066860] [coord_transform]: [EE] Tọa độ bị clamp: [-0.058  0.714  0.   ] → [-0.058  0.714  0.05 ]
[WARN] [1786097050.613832098] [coord_transform]: [EE] Tọa độ bị clamp: [-0.058  0.714  0.   ] → [-0.058  0.714  0.05 ]
[INFO] [1786097051.579865199] [coord_transform]: [PREDICTION/EE] base[-0.058  0.714  0.05 ]
[WARN] [1786097051.646849081] [coord_transform]: [EE] Tọa độ bị clamp: [-0.058  0.714  0.   ] → [-0.058  0.714  0.05 ]
[WARN] [1786097052.647109918] [coord_transform]: [EE] Tọa độ bị clamp: [-0.058  0.714  0.   ] → [-0.058  0.714  0.05 ]
[INFO] [1786097053.613989915] [coord_transform]: [PREDICTION/EE] base[-0.058  0.714  0.05 ]
[WARN] [1786097053.679181031] [coord_transform]: [EE] Tọa độ bị clamp: [-0.058  0.714  0.   ] → [-0.058  0.714  0.05 ]
[WARN] [1786097054.680202399] [coord_transform]: [EE] Tọa độ bị clamp: [-0.058  0.714  0.   ] → [-0.058  0.714  0.05 ]
[INFO] [1786097055.647576848] [coord_transform]: [PREDICTION/EE] base[-0.058  0.714  0.05 ]
[WARN] [1786097055.713164763] [coord_transform]: [EE] Tọa độ bị clamp: [-0.058  0.714  0.   ] → [-0.058  0.714  0.05 ]
[WARN] [1786097056.713308643] [coord_transform]: [EE] Tọa độ bị clamp: [-0.058  0.714  0.   ] → [-0.058  0.714  0.05 ]
[INFO] [1786097057.680300280] [coord_transform]: [PREDICTION/EE] base[-0.058  0.714  0.05 ]
[WARN] [1786097057.713780686] [coord_transform]: [EE] Tọa độ bị clamp: [-0.058  0.714  0.   ] → [-0.058  0.714  0.05 ]
[WARN] [1786097058.746969150] [coord_transform]: [EE] Tọa độ bị clamp: [-0.058  0.714  0.   ] → [-0.058  0.714  0.05 ]
[INFO] [1786097059.713507745] [coord_transform]: [PREDICTION/EE] base[-0.058  0.714  0.05 ]
[WARN] [1786097059.779936757] [coord_transform]: [EE] Tọa độ bị clamp: [-0.058  0.714  0.   ] → [-0.058  0.714  0.05 ]
[WARN] [1786097060.813499470] [coord_transform]: [EE] Tọa độ bị clamp: [-0.058  0.714  0.   ] → [-0.058  0.714  0.05 ]
[INFO] [1786097061.713925820] [coord_transform]: [PREDICTION/EE] base[-0.058  0.714  0.05 ]
[WARN] [1786097061.848234987] [coord_transform]: [EE] Tọa độ bị clamp: [-0.058  0.714  0.   ] → [-0.058  0.714  0.05 ]
[WARN] [1786097062.879477269] [coord_transform]: [EE] Tọa độ bị clamp: [-0.058  0.714  0.   ] → [-0.058  0.714  0.05 ]
[INFO] [1786097063.747363602] [coord_transform]: [PREDICTION/EE] base[-0.058  0.714  0.05 ]
[WARN] [1786097063.879776644] [coord_transform]: [EE] Tọa độ bị clamp: [-0.058  0.714  0.   ] → [-0.058  0.714  0.05 ]
[WARN] [1786097064.913153952] [coord_transform]: [EE] Tọa độ bị clamp: [-0.058  0.714  0.   ] → [-0.058  0.714  0.05 ]
[INFO] [1786097065.779867534] [coord_transform]: [PREDICTION/EE] base[-0.058  0.714  0.05 ]
[WARN] [1786097065.913622673] [coord_transform]: [EE] Tọa độ bị clamp: [-0.058  0.714  0.   ] → [-0.058  0.714  0.05 ]
[WARN] [1786097066.946983272] [coord_transform]: [EE] Tọa độ bị clamp: [-0.058  0.714  0.   ] → [-0.058  0.714  0.05 ]
[INFO] [1786097067.813976421] [coord_transform]: [PREDICTION/EE] base[-0.058  0.714  0.05 ]
[WARN] [1786097067.947123012] [coord_transform]: [EE] Tọa độ bị clamp: [-0.058  0.714  0.   ] → [-0.058  0.714  0.05 ]
[WARN] [1786097068.947536786] [coord_transform]: [EE] Tọa độ bị clamp: [-0.058  0.714  0.   ] → [-0.058  0.714  0.05 ]
[INFO] [1786097069.814019800] [coord_transform]: [PREDICTION/EE] base[-0.058  0.714  0.05 ]
[WARN] [1786097069.979653745] [coord_transform]: [EE] Tọa độ bị clamp: [-0.058  0.714  0.   ] → [-0.058  0.714  0.05 ]
[WARN] [1786097071.013098717] [coord_transform]: [EE] Tọa độ bị clamp: [-0.058  0.714  0.   ] → [-0.058  0.714  0.05 ]
[INFO] [1786097071.847273830] [coord_transform]: [PREDICTION/EE] base[-0.058  0.714  0.05 ]
[WARN] [1786097072.013534415] [coord_transform]: [EE] Tọa độ bị clamp: [-0.058  0.714  0.   ] → [-0.058  0.714  0.05 ]
[WARN] [1786097073.047639779] [coord_transform]: [EE] Tọa độ bị clamp: [-0.058  0.714  0.   ] → [-0.058  0.714  0.05 ]
[INFO] [1786097073.848452891] [coord_transform]: [PREDICTION/EE] base[-0.058  0.714  0.05 ]
[WARN] [1786097074.079913648] [coord_transform]: [EE] Tọa độ bị clamp: [-0.058  0.714  0.   ] → [-0.058  0.714  0.05 ]
[WARN] [1786097075.113478552] [coord_transform]: [EE] Tọa độ bị clamp: [-0.058  0.714  0.   ] → [-0.058  0.714  0.05 ]
[INFO] [1786097075.879665593] [coord_transform]: [PREDICTION/EE] base[-0.058  0.714  0.05 ]
[WARN] [1786097076.113870066] [coord_transform]: [EE] Tọa độ bị clamp: [-0.058  0.714  0.   ] → [-0.058  0.714  0.05 ]
[WARN] [1786097077.113921527] [coord_transform]: [EE] Tọa độ bị clamp: [-0.058  0.714  0.   ] → [-0.058  0.714  0.05 ]
[INFO] [1786097077.880975621] [coord_transform]: [PREDICTION/EE] base[-0.058  0.714  0.05 ]
[WARN] [1786097078.146702823] [coord_transform]: [EE] Tọa độ bị clamp: [-0.058  0.714  0.   ] → [-0.058  0.714  0.05 ]
[WARN] [1786097079.179609919] [coord_transform]: [EE] Tọa độ bị clamp: [-0.058  0.714  0.   ] → [-0.058  0.714  0.05 ]
[INFO] [1786097079.914129274] [coord_transform]: [PREDICTION/EE] base[-0.058  0.714  0.05 ]
[WARN] [1786097080.179914304] [coord_transform]: [EE] Tọa độ bị clamp: [-0.058  0.714  0.   ] → [-0.058  0.714  0.05 ]
[WARN] [1786097081.213782873] [coord_transform]: [EE] Tọa độ bị clamp: [-0.058  0.714  0.   ] → [-0.058  0.714  0.05 ]
[INFO] [1786097081.915641142] [coord_transform]: [PREDICTION/EE] base[-0.058  0.714  0.05 ]
[WARN] [1786097082.247440414] [coord_transform]: [EE] Tọa độ bị clamp: [-0.058  0.714  0.   ] → [-0.058  0.714  0.05 ]
[WARN] [1786097083.247715089] [coord_transform]: [EE] Tọa độ bị clamp: [-0.058  0.714  0.   ] → [-0.058  0.714  0.05 ]
[INFO] [1786097083.949344810] [coord_transform]: [PREDICTION/EE] base[-0.058  0.714  0.05 ]
[WARN] [1786097084.248091209] [coord_transform]: [EE] Tọa độ bị clamp: [-0.058  0.714  0.   ] → [-0.058  0.714  0.05 ]
[WARN] [1786097085.279525608] [coord_transform]: [EE] Tọa độ bị clamp: [-0.058  0.714  0.   ] → [-0.058  0.714  0.05 ]
[INFO] [1786097085.980418050] [coord_transform]: [PREDICTION/EE] base[-0.058  0.714  0.05 ]
[WARN] [1786097086.280108784] [coord_transform]: [EE] Tọa độ bị clamp: [-0.058  0.714  0.   ] → [-0.058  0.714  0.05 ]
[WARN] [1786097087.313375955] [coord_transform]: [EE] Tọa độ bị clamp: [-0.058  0.714  0.   ] → [-0.058  0.714  0.05 ]
[INFO] [1786097087.980773240] [coord_transform]: [PREDICTION/EE] base[-0.058  0.714  0.05 ]
[WARN] [1786097088.346615739] [coord_transform]: [EE] Tọa độ bị clamp: [-0.058  0.714  0.   ] → [-0.058  0.714  0.05 ]
[WARN] [1786097089.347372712] [coord_transform]: [EE] Tọa độ bị clamp: [-0.058  0.714  0.   ] → [-0.058  0.714  0.05 ]
[INFO] [1786097090.013771523] [coord_transform]: [PREDICTION/EE] base[-0.058  0.714  0.05 ]
[WARN] [1786097090.379491598] [coord_transform]: [EE] Tọa độ bị clamp: [-0.058  0.714  0.   ] → [-0.058  0.714  0.05 ]
[WARN] [1786097091.379678934] [coord_transform]: [EE] Tọa độ bị clamp: [-0.058  0.714  0.   ] → [-0.058  0.714  0.05 ]
[INFO] [1786097092.047358957] [coord_transform]: [PREDICTION/EE] base[-0.058  0.714  0.05 ]
[WARN] [1786097092.380108319] [coord_transform]: [EE] Tọa độ bị clamp: [-0.058  0.714  0.   ] → [-0.058  0.714  0.05 ]
[WARN] [1786097093.413491716] [coord_transform]: [EE] Tọa độ bị clamp: [-0.058  0.714  0.   ] → [-0.058  0.714  0.05 ]
[INFO] [1786097094.047790569] [coord_transform]: [PREDICTION/EE] base[-0.058  0.714  0.05 ]
[WARN] [1786097094.446971695] [coord_transform]: [EE] Tọa độ bị clamp: [-0.058  0.714  0.   ] → [-0.058  0.714  0.05 ]
[WARN] [1786097095.447466743] [coord_transform]: [EE] Tọa độ bị clamp: [-0.058  0.714  0.   ] → [-0.058  0.714  0.05 ]
[INFO] [1786097096.079769067] [coord_transform]: [PREDICTION/EE] base[-0.058  0.714  0.05 ]
[WARN] [1786097096.479770834] [coord_transform]: [EE] Tọa độ bị clamp: [-0.058  0.714  0.   ] → [-0.058  0.714  0.05 ]
[WARN] [1786097097.513279135] [coord_transform]: [EE] Tọa độ bị clamp: [-0.058  0.714  0.   ] → [-0.058  0.714  0.05 ]
[INFO] [1786097098.080680329] [coord_transform]: [PREDICTION/EE] base[-0.058  0.714  0.05 ]
[WARN] [1786097098.513365205] [coord_transform]: [EE] Tọa độ bị clamp: [-0.058  0.714  0.   ] → [-0.058  0.714  0.05 ]
[WARN] [1786097099.547386351] [coord_transform]: [EE] Tọa độ bị clamp: [-0.058  0.714  0.   ] → [-0.058  0.714  0.05 ]
[INFO] [1786097100.113933080] [coord_transform]: [PREDICTION/EE] base[-0.058  0.714  0.05 ]
[WARN] [1786097100.579316152] [coord_transform]: [EE] Tọa độ bị clamp: [-0.058  0.714  0.   ] → [-0.058  0.714  0.05 ]
[WARN] [1786097101.579467634] [coord_transform]: [EE] Tọa độ bị clamp: [-0.058  0.714  0.   ] → [-0.058  0.714  0.05 ]
[INFO] [1786097102.114179427] [coord_transform]: [PREDICTION/EE] base[-0.058  0.714  0.05 ]
[WARN] [1786097102.580099249] [coord_transform]: [EE] Tọa độ bị clamp: [-0.058  0.714  0.   ] → [-0.058  0.714  0.05 ]
[WARN] [1786097103.613763318] [coord_transform]: [EE] Tọa độ bị clamp: [-0.058  0.714  0.   ] → [-0.058  0.714  0.05 ]
[INFO] [1786097104.147234294] [coord_transform]: [PREDICTION/EE] base[-0.058  0.714  0.05 ]
[WARN] [1786097104.648165656] [coord_transform]: [EE] Tọa độ bị clamp: [-0.058  0.714  0.   ] → [-0.058  0.714  0.05 ]
[WARN] [1786097105.680320455] [coord_transform]: [EE] Tọa độ bị clamp: [-0.058  0.714  0.   ] → [-0.058  0.714  0.05 ]
[INFO] [1786097106.147695124] [coord_transform]: [PREDICTION/EE] base[-0.058  0.714  0.05 ]
[WARN] [1786097106.713515754] [coord_transform]: [EE] Tọa độ bị clamp: [-0.058  0.714  0.   ] → [-0.058  0.714  0.05 ]
[WARN] [1786097107.747048443] [coord_transform]: [EE] Tọa độ bị clamp: [-0.058  0.714  0.   ] → [-0.058  0.714  0.05 ]
[INFO] [1786097108.180516151] [coord_transform]: [PREDICTION/EE] base[-0.058  0.714  0.05 ]
[WARN] [1786097108.780061460] [coord_transform]: [EE] Tọa độ bị clamp: [-0.058  0.714  0.   ] → [-0.058  0.714  0.05 ]
[WARN] [1786097109.813732857] [coord_transform]: [EE] Tọa độ bị clamp: [-0.058  0.714  0.   ] → [-0.058  0.714  0.05 ]
[INFO] [1786097110.180697998] [coord_transform]: [PREDICTION/EE] base[-0.058  0.714  0.05 ]
[WARN] [1786097110.846735822] [coord_transform]: [EE] Tọa độ bị clamp: [-0.058  0.714  0.   ] → [-0.058  0.714  0.05 ]
[WARN] [1786097111.846825167] [coord_transform]: [EE] Tọa độ bị clamp: [-0.058  0.714  0.   ] → [-0.058  0.714  0.05 ]
[INFO] [1786097112.214839903] [coord_transform]: [PREDICTION/EE] base[-0.058  0.714  0.05 ]
[WARN] [1786097112.847000021] [coord_transform]: [EE] Tọa độ bị clamp: [-0.058  0.714  0.   ] → [-0.058  0.714  0.05 ]
[WARN] [1786097113.847606813] [coord_transform]: [EE] Tọa độ bị clamp: [-0.058  0.714  0.   ] → [-0.058  0.714  0.05 ]
[INFO] [1786097114.246993601] [coord_transform]: [PREDICTION/EE] base[-0.058  0.714  0.05 ]
[WARN] [1786097114.879059236] [coord_transform]: [EE] Tọa độ bị clamp: [-0.058  0.714  0.   ] → [-0.058  0.714  0.05 ]
[WARN] [1786097115.879504270] [coord_transform]: [EE] Tọa độ bị clamp: [-0.058  0.714  0.   ] → [-0.058  0.714  0.05 ]
[INFO] [1786097116.248393296] [coord_transform]: [PREDICTION/EE] base[-0.058  0.714  0.05 ]
[WARN] [1786097116.879842126] [coord_transform]: [EE] Tọa độ bị clamp: [-0.058  0.714  0.   ] → [-0.058  0.714  0.05 ]
[WARN] [1786097117.880342070] [coord_transform]: [EE] Tọa độ bị clamp: [-0.058  0.714  0.   ] → [-0.058  0.714  0.05 ]
[INFO] [1786097118.279886088] [coord_transform]: [PREDICTION/EE] base[-0.058  0.714  0.05 ]
[WARN] [1786097118.912899449] [coord_transform]: [EE] Tọa độ bị clamp: [-0.058  0.714  0.   ] → [-0.058  0.714  0.05 ]
[WARN] [1786097119.913414880] [coord_transform]: [EE] Tọa độ bị clamp: [-0.058  0.714  0.   ] → [-0.058  0.714  0.05 ]
[INFO] [1786097120.280224857] [coord_transform]: [PREDICTION/EE] base[-0.058  0.714  0.05 ]
[WARN] [1786097120.946785534] [coord_transform]: [EE] Tọa độ bị clamp: [-0.058  0.714  0.   ] → [-0.058  0.714  0.05 ]
[WARN] [1786097121.947439725] [coord_transform]: [EE] Tọa độ bị clamp: [-0.058  0.714  0.   ] → [-0.058  0.714  0.05 ]
[INFO] [1786097122.280249387] [coord_transform]: [PREDICTION/EE] base[-0.058  0.714  0.05 ]
[WARN] [1786097122.979625351] [coord_transform]: [EE] Tọa độ bị clamp: [-0.058  0.714  0.   ] → [-0.058  0.714  0.05 ]
[WARN] [1786097124.013241535] [coord_transform]: [EE] Tọa độ bị clamp: [-0.058  0.714  0.   ] → [-0.058  0.714  0.05 ]
[INFO] [1786097124.280942766] [coord_transform]: [PREDICTION/EE] base[-0.058  0.714  0.05 ]
[WARN] [1786097125.013535006] [coord_transform]: [EE] Tọa độ bị clamp: [-0.058  0.714  0.   ] → [-0.058  0.714  0.05 ]
[WARN] [1786097126.046650090] [coord_transform]: [EE] Tọa độ bị clamp: [-0.058  0.714  0.   ] → [-0.058  0.714  0.05 ]
[INFO] [1786097126.313887494] [coord_transform]: [PREDICTION/EE] base[-0.058  0.714  0.05 ]
[WARN] [1786097127.046799034] [coord_transform]: [EE] Tọa độ bị clamp: [-0.058  0.714  0.   ] → [-0.058  0.714  0.05 ]
[WARN] [1786097128.047146648] [coord_transform]: [EE] Tọa độ bị clamp: [-0.058  0.714  0.   ] → [-0.058  0.714  0.05 ]
[INFO] [1786097128.347849190] [coord_transform]: [PREDICTION/EE] base[-0.058  0.714  0.05 ]
[WARN] [1786097129.079766173] [coord_transform]: [EE] Tọa độ bị clamp: [-0.058  0.714  0.   ] → [-0.058  0.714  0.05 ]
[WARN] [1786097130.079781627] [coord_transform]: [EE] Tọa độ bị clamp: [-0.058  0.714  0.   ] → [-0.058  0.714  0.05 ]
[INFO] [1786097130.380203058] [coord_transform]: [PREDICTION/EE] base[-0.058  0.714  0.05 ]
[WARN] [1786097131.113199611] [coord_transform]: [EE] Tọa độ bị clamp: [-0.058  0.714  0.   ] → [-0.058  0.714  0.05 ]
[WARN] [1786097132.113405382] [coord_transform]: [EE] Tọa độ bị clamp: [-0.058  0.714  0.   ] → [-0.058  0.714  0.05 ]
[INFO] [1786097132.413936493] [coord_transform]: [PREDICTION/EE] base[-0.058  0.714  0.05 ]
[WARN] [1786097133.146832993] [coord_transform]: [EE] Tọa độ bị clamp: [-0.058  0.714  0.   ] → [-0.058  0.714  0.05 ]
[WARN] [1786097134.147713279] [coord_transform]: [EE] Tọa độ bị clamp: [-0.058  0.714  0.   ] → [-0.058  0.714  0.05 ]
[INFO] [1786097134.447737568] [coord_transform]: [PREDICTION/EE] base[-0.058  0.714  0.05 ]
[WARN] [1786097135.179311120] [coord_transform]: [EE] Tọa độ bị clamp: [-0.058  0.714  0.   ] → [-0.058  0.714  0.05 ]
[WARN] [1786097136.213232865] [coord_transform]: [EE] Tọa độ bị clamp: [-0.058  0.714  0.   ] → [-0.058  0.714  0.05 ]
[INFO] [1786097136.479665976] [coord_transform]: [PREDICTION/EE] base[-0.058  0.714  0.05 ]
[WARN] [1786097137.213287179] [coord_transform]: [EE] Tọa độ bị clamp: [-0.058  0.714  0.   ] → [-0.058  0.714  0.05 ]
[WARN] [1786097138.213323294] [coord_transform]: [EE] Tọa độ bị clamp: [-0.058  0.714  0.   ] → [-0.058  0.714  0.05 ]
[INFO] [1786097138.479878247] [coord_transform]: [PREDICTION/EE] base[-0.058  0.714  0.05 ]
[WARN] [1786097139.213597904] [coord_transform]: [EE] Tọa độ bị clamp: [-0.058  0.714  0.   ] → [-0.058  0.714  0.05 ]
[WARN] [1786097140.247731705] [coord_transform]: [EE] Tọa độ bị clamp: [-0.058  0.714  0.   ] → [-0.058  0.714  0.05 ]
[INFO] [1786097140.480280105] [coord_transform]: [PREDICTION/EE] base[-0.058  0.714  0.05 ]
[WARN] [1786097141.279829539] [coord_transform]: [EE] Tọa độ bị clamp: [-0.058  0.714  0.   ] → [-0.058  0.714  0.05 ]
[WARN] [1786097142.313446467] [coord_transform]: [EE] Tọa độ bị clamp: [-0.058  0.714  0.   ] → [-0.058  0.714  0.05 ]
[INFO] [1786097142.514130009] [coord_transform]: [PREDICTION/EE] base[-0.058  0.714  0.05 ]
[WARN] [1786097143.313515598] [coord_transform]: [EE] Tọa độ bị clamp: [-0.058  0.714  0.   ] → [-0.058  0.714  0.05 ]
[WARN] [1786097144.346859377] [coord_transform]: [EE] Tọa độ bị clamp: [-0.058  0.714  0.   ] → [-0.058  0.714  0.05 ]
[INFO] [1786097144.547440439] [coord_transform]: [PREDICTION/EE] base[-0.058  0.714  0.05 ]
[WARN] [1786097145.347194101] [coord_transform]: [EE] Tọa độ bị clamp: [-0.058  0.714  0.   ] → [-0.058  0.714  0.05 ]
[WARN] [1786097146.379572764] [coord_transform]: [EE] Tọa độ bị clamp: [-0.058  0.714  0.   ] → [-0.058  0.714  0.05 ]
[INFO] [1786097146.547659669] [coord_transform]: [PREDICTION/EE] base[-0.058  0.714  0.05 ]
[WARN] [1786097147.379831712] [coord_transform]: [EE] Tọa độ bị clamp: [-0.058  0.714  0.   ] → [-0.058  0.714  0.05 ]
[WARN] [1786097148.413048411] [coord_transform]: [EE] Tọa độ bị clamp: [-0.058  0.714  0.   ] → [-0.058  0.714  0.05 ]
[INFO] [1786097148.580281466] [coord_transform]: [PREDICTION/EE] base[-0.058  0.714  0.05 ]
[WARN] [1786097149.413422405] [coord_transform]: [EE] Tọa độ bị clamp: [-0.058  0.714  0.   ] → [-0.058  0.714  0.05 ]
[WARN] [1786097150.446875227] [coord_transform]: [EE] Tọa độ bị clamp: [-0.058  0.714  0.   ] → [-0.058  0.714  0.05 ]
[INFO] [1786097150.614364352] [coord_transform]: [PREDICTION/EE] base[-0.058  0.714  0.05 ]
[WARN] [1786097151.447556163] [coord_transform]: [EE] Tọa độ bị clamp: [-0.058  0.714  0.   ] → [-0.058  0.714  0.05 ]
[WARN] [1786097152.479985017] [coord_transform]: [EE] Tọa độ bị clamp: [-0.058  0.714  0.   ] → [-0.058  0.714  0.05 ]
[INFO] [1786097152.647575558] [coord_transform]: [PREDICTION/EE] base[-0.058  0.714  0.05 ]
[WARN] [1786097153.513895507] [coord_transform]: [EE] Tọa độ bị clamp: [-0.058  0.714  0.   ] → [-0.058  0.714  0.05 ]
[WARN] [1786097154.546842220] [coord_transform]: [EE] Tọa độ bị clamp: [-0.058  0.714  0.   ] → [-0.058  0.714  0.05 ]
[INFO] [1786097154.648346547] [coord_transform]: [PREDICTION/EE] base[-0.058  0.714  0.05 ]
[WARN] [1786097155.547065205] [coord_transform]: [EE] Tọa độ bị clamp: [-0.058  0.714  0.   ] → [-0.058  0.714  0.05 ]
[WARN] [1786097156.579811064] [coord_transform]: [EE] Tọa độ bị clamp: [-0.058  0.714  0.   ] → [-0.058  0.714  0.05 ]
[INFO] [1786097156.679911652] [coord_transform]: [PREDICTION/EE] base[-0.058  0.714  0.05 ]
[WARN] [1786097157.613623083] [coord_transform]: [EE] Tọa độ bị clamp: [-0.058  0.714  0.   ] → [-0.058  0.714  0.05 ]
[WARN] [1786097158.647969496] [coord_transform]: [EE] Tọa độ bị clamp: [-0.058  0.714  0.   ] → [-0.058  0.714  0.05 ]
[INFO] [1786097158.680859239] [coord_transform]: [PREDICTION/EE] base[-0.058  0.714  0.05 ]
[WARN] [1786097159.679768095] [coord_transform]: [EE] Tọa độ bị clamp: [-0.058  0.714  0.   ] → [-0.058  0.714  0.05 ]
[WARN] [1786097160.712901653] [coord_transform]: [EE] Tọa độ bị clamp: [-0.058  0.714  0.   ] → [-0.058  0.714  0.05 ]
[INFO] [1786097160.713385107] [coord_transform]: [PREDICTION/EE] base[-0.058  0.714  0.05 ]
[WARN] [1786097161.713627896] [coord_transform]: [EE] Tọa độ bị clamp: [-0.058  0.714  0.   ] → [-0.058  0.714  0.05 ]
[INFO] [1786097162.713447490] [coord_transform]: [PREDICTION/EE] base[-0.058  0.714  0.05 ]
[WARN] [1786097162.746998341] [coord_transform]: [EE] Tọa độ bị clamp: [-0.058  0.714  0.   ] → [-0.058  0.714  0.05 ]
[WARN] [1786097163.779309616] [coord_transform]: [EE] Tọa độ bị clamp: [-0.058  0.714  0.   ] → [-0.058  0.714  0.05 ]
[INFO] [1786097164.714194738] [coord_transform]: [PREDICTION/EE] base[-0.058  0.714  0.05 ]
[WARN] [1786097164.779899826] [coord_transform]: [EE] Tọa độ bị clamp: [-0.058  0.714  0.   ] → [-0.058  0.714  0.05 ]
[WARN] [1786097165.779953957] [coord_transform]: [EE] Tọa độ bị clamp: [-0.058  0.714  0.   ] → [-0.058  0.714  0.05 ]
[INFO] [1786097166.746929808] [coord_transform]: [PREDICTION/EE] base[-0.058  0.714  0.05 ]
[WARN] [1786097166.813039319] [coord_transform]: [EE] Tọa độ bị clamp: [-0.058  0.714  0.   ] → [-0.058  0.714  0.05 ]
[WARN] [1786097167.846933166] [coord_transform]: [EE] Tọa độ bị clamp: [-0.058  0.714  0.   ] → [-0.058  0.714  0.05 ]
[INFO] [1786097168.747859912] [coord_transform]: [PREDICTION/EE] base[-0.058  0.714  0.05 ]
[WARN] [1786097168.846995877] [coord_transform]: [EE] Tọa độ bị clamp: [-0.058  0.714  0.   ] → [-0.058  0.714  0.05 ]
[WARN] [1786097169.847597555] [coord_transform]: [EE] Tọa độ bị clamp: [-0.058  0.714  0.   ] → [-0.058  0.714  0.05 ]
[INFO] [1786097170.779592800] [coord_transform]: [PREDICTION/EE] base[-0.058  0.714  0.05 ]
[WARN] [1786097170.879563842] [coord_transform]: [EE] Tọa độ bị clamp: [-0.058  0.714  0.   ] → [-0.058  0.714  0.05 ]
[WARN] [1786097171.913085685] [coord_transform]: [EE] Tọa độ bị clamp: [-0.058  0.714  0.   ] → [-0.058  0.714  0.05 ]
[INFO] [1786097172.780437197] [coord_transform]: [PREDICTION/EE] base[-0.058  0.714  0.05 ]
[WARN] [1786097172.914172867] [coord_transform]: [EE] Tọa độ bị clamp: [-0.058  0.714  0.   ] → [-0.058  0.714  0.05 ]
[WARN] [1786097173.946175596] [coord_transform]: [EE] Tọa độ bị clamp: [-0.058  0.714  0.   ] → [-0.058  0.714  0.05 ]
[INFO] [1786097174.780600067] [coord_transform]: [PREDICTION/EE] base[-0.058  0.714  0.05 ]
[WARN] [1786097174.947182816] [coord_transform]: [EE] Tọa độ bị clamp: [-0.058  0.714  0.   ] → [-0.058  0.714  0.05 ]
[WARN] [1786097175.947496723] [coord_transform]: [EE] Tọa độ bị clamp: [-0.058  0.714  0.   ] → [-0.058  0.714  0.05 ]
[INFO] [1786097176.814022993] [coord_transform]: [PREDICTION/EE] base[-0.058  0.714  0.05 ]
[WARN] [1786097176.979087547] [coord_transform]: [EE] Tọa độ bị clamp: [-0.058  0.714  0.   ] → [-0.058  0.714  0.05 ]
[WARN] [1786097177.979183572] [coord_transform]: [EE] Tọa độ bị clamp: [-0.058  0.714  0.   ] → [-0.058  0.714  0.05 ]
[INFO] [1786097178.847541682] [coord_transform]: [PREDICTION/EE] base[-0.058  0.714  0.05 ]
[WARN] [1786097178.979268330] [coord_transform]: [EE] Tọa độ bị clamp: [-0.058  0.714  0.   ] → [-0.058  0.714  0.05 ]
[WARN] [1786097179.979364186] [coord_transform]: [EE] Tọa độ bị clamp: [-0.058  0.714  0.   ] → [-0.058  0.714  0.05 ]
[INFO] [1786097180.879886150] [coord_transform]: [PREDICTION/EE] base[-0.058  0.714  0.05 ]
[WARN] [1786097180.979978969] [coord_transform]: [EE] Tọa độ bị clamp: [-0.058  0.714  0.   ] → [-0.058  0.714  0.05 ]
[WARN] [1786097182.012783985] [coord_transform]: [EE] Tọa độ bị clamp: [-0.058  0.714  0.   ] → [-0.058  0.714  0.05 ]
[INFO] [1786097182.880428025] [coord_transform]: [PREDICTION/EE] base[-0.058  0.714  0.05 ]
[WARN] [1786097183.012924281] [coord_transform]: [EE] Tọa độ bị clamp: [-0.058  0.714  0.   ] → [-0.058  0.714  0.05 ]
[WARN] [1786097184.046438910] [coord_transform]: [EE] Tọa độ bị clamp: [-0.058  0.714  0.   ] → [-0.058  0.714  0.05 ]
[INFO] [1786097184.883755961] [coord_transform]: [PREDICTION/EE] base[-0.058  0.714  0.05 ]
[WARN] [1786097185.079882739] [coord_transform]: [EE] Tọa độ bị clamp: [-0.058  0.714  0.   ] → [-0.058  0.714  0.05 ]
[WARN] [1786097186.114019003] [coord_transform]: [EE] Tọa độ bị clamp: [-0.058  0.714  0.   ] → [-0.058  0.714  0.05 ]
[INFO] [1786097186.913648308] [coord_transform]: [PREDICTION/EE] base[-0.058  0.714  0.05 ]
[WARN] [1786097187.146503498] [coord_transform]: [EE] Tọa độ bị clamp: [-0.058  0.714  0.   ] → [-0.058  0.714  0.05 ]
[WARN] [1786097188.146595741] [coord_transform]: [EE] Tọa độ bị clamp: [-0.058  0.714  0.   ] → [-0.058  0.714  0.05 ]
[INFO] [1786097188.947089337] [coord_transform]: [PREDICTION/EE] base[-0.058  0.714  0.05 ]
[WARN] [1786097189.179186677] [coord_transform]: [EE] Tọa độ bị clamp: [-0.058  0.714  0.   ] → [-0.058  0.714  0.05 ]
[WARN] [1786097190.179804535] [coord_transform]: [EE] Tọa độ bị clamp: [-0.058  0.714  0.   ] → [-0.058  0.714  0.05 ]
[INFO] [1786097190.947182504] [coord_transform]: [PREDICTION/EE] base[-0.058  0.714  0.05 ]
[WARN] [1786097191.213214030] [coord_transform]: [EE] Tọa độ bị clamp: [-0.058  0.714  0.   ] → [-0.058  0.714  0.05 ]
[WARN] [1786097192.214245412] [coord_transform]: [EE] Tọa độ bị clamp: [-0.058  0.714  0.   ] → [-0.058  0.714  0.05 ]
[INFO] [1786097192.947789608] [coord_transform]: [PREDICTION/EE] base[-0.058  0.714  0.05 ]
[WARN] [1786097193.247043321] [coord_transform]: [EE] Tọa độ bị clamp: [-0.058  0.714  0.   ] → [-0.058  0.714  0.05 ]
[WARN] [1786097194.279691082] [coord_transform]: [EE] Tọa độ bị clamp: [-0.058  0.714  0.   ] → [-0.058  0.714  0.05 ]
[INFO] [1786097194.980538818] [coord_transform]: [PREDICTION/EE] base[-0.058  0.714  0.05 ]
[WARN] [1786097195.313255222] [coord_transform]: [EE] Tọa độ bị clamp: [-0.058  0.714  0.   ] → [-0.058  0.714  0.05 ]
[WARN] [1786097196.313850482] [coord_transform]: [EE] Tọa độ bị clamp: [-0.058  0.714  0.   ] → [-0.058  0.714  0.05 ]
[INFO] [1786097196.981961665] [coord_transform]: [PREDICTION/EE] base[-0.058  0.714  0.05 ]
[WARN] [1786097197.346166092] [coord_transform]: [EE] Tọa độ bị clamp: [-0.058  0.714  0.   ] → [-0.058  0.714  0.05 ]
[WARN] [1786097198.346963487] [coord_transform]: [EE] Tọa độ bị clamp: [-0.058  0.714  0.   ] → [-0.058  0.714  0.05 ]
[INFO] [1786097199.013859561] [coord_transform]: [PREDICTION/EE] base[-0.058  0.714  0.05 ]
[WARN] [1786097199.379124716] [coord_transform]: [EE] Tọa độ bị clamp: [-0.058  0.714  0.   ] → [-0.058  0.714  0.05 ]
[WARN] [1786097200.380092552] [coord_transform]: [EE] Tọa độ bị clamp: [-0.058  0.714  0.   ] → [-0.058  0.714  0.05 ]
[INFO] [1786097201.047485098] [coord_transform]: [PREDICTION/EE] base[-0.058  0.714  0.05 ]
[WARN] [1786097201.413126691] [coord_transform]: [EE] Tọa độ bị clamp: [-0.058  0.714  0.   ] → [-0.058  0.714  0.05 ]
[WARN] [1786097202.413271035] [coord_transform]: [EE] Tọa độ bị clamp: [-0.058  0.714  0.   ] → [-0.058  0.714  0.05 ]
[INFO] [1786097203.048797886] [coord_transform]: [PREDICTION/EE] base[-0.058  0.714  0.05 ]
[WARN] [1786097203.413587699] [coord_transform]: [EE] Tọa độ bị clamp: [-0.058  0.714  0.   ] → [-0.058  0.714  0.05 ]
[WARN] [1786097204.414264679] [coord_transform]: [EE] Tọa độ bị clamp: [-0.058  0.714  0.   ] → [-0.058  0.714  0.05 ]
[INFO] [1786097205.048820763] [coord_transform]: [PREDICTION/EE] base[-0.058  0.714  0.05 ]
[WARN] [1786097205.414423214] [coord_transform]: [EE] Tọa độ bị clamp: [-0.058  0.714  0.   ] → [-0.058  0.714  0.05 ]
[WARN] [1786097206.448264606] [coord_transform]: [EE] Tọa độ bị clamp: [-0.058  0.714  0.   ] → [-0.058  0.714  0.05 ]
[INFO] [1786097207.081850932] [coord_transform]: [PREDICTION/EE] base[-0.058  0.714  0.05 ]
[WARN] [1786097207.480039478] [coord_transform]: [EE] Tọa độ bị clamp: [-0.058  0.714  0.   ] → [-0.058  0.714  0.05 ]
[WARN] [1786097208.513014427] [coord_transform]: [EE] Tọa độ bị clamp: [-0.058  0.714  0.   ] → [-0.058  0.714  0.05 ]
[INFO] [1786097209.114022466] [coord_transform]: [PREDICTION/EE] base[-0.058  0.714  0.05 ]
[WARN] [1786097209.514984517] [coord_transform]: [EE] Tọa độ bị clamp: [-0.058  0.714  0.   ] → [-0.058  0.714  0.05 ]
[WARN] [1786097210.547226094] [coord_transform]: [EE] Tọa độ bị clamp: [-0.058  0.714  0.   ] → [-0.058  0.714  0.05 ]
[INFO] [1786097211.114145341] [coord_transform]: [PREDICTION/EE] base[-0.058  0.714  0.05 ]
[WARN] [1786097211.579170451] [coord_transform]: [EE] Tọa độ bị clamp: [-0.058  0.714  0.   ] → [-0.058  0.714  0.05 ]
