[INFO] [1786960519.416816221] [cartesian_streamer]: CartesianStreamer khởi động (chờ Enable Robot từ UI).
  Stream rate:       15 Hz (period=66.7ms)
  Queue dt:          0.067 s
  Prebuffer points:  3
  Retry backoff:     66.0 ms
  Gửi PoseStamped lên: /cartesian_streamer/target_pose
  Gửi XYZ lên:        /cartesian_streamer/target_xyz
  Nhận EE pose tại:   /cartesian_streamer/current_pose
[INFO] [1786960519.456096937] [cartesian_streamer]: Nhận joint_states: ['1.571', '0.124', '-1.003', '0.000', '-0.386', '-1.879']
[INFO] [1786960519.896780399] [cartesian_streamer]: ⚡ Simulation mode: Bỏ qua FK cross-validation, ÉP DÙNG Local IK.
   (MoveIt không có planning library trong môi trường giả lập)
[INFO] [1786960519.897292163] [cartesian_streamer]: Đã nhận joint_states. EE hiện tại: (-0.1620, 0.3090, 0.3882). IK mode: Local DLS. Chờ Enable Robot từ UI...
[INFO] [1786960553.437204934] [cartesian_streamer]: Enable Robot: bắt đầu chuỗi khởi động...
[INFO] [1786960553.437807850] [cartesian_streamer]: Enable: reset_error...
[INFO] [1786960553.454259923] [cartesian_streamer]: reset_error: code=1, msg="success"
[INFO] [1786960553.454558696] [cartesian_streamer]: Enable: stop_traj_mode (giải phóng mode cũ)...
[INFO] [1786960553.504244998] [cartesian_streamer]: stop_traj_mode: success=True, code=N/A, msg=""
[INFO] [1786960553.504910962] [cartesian_streamer]: Enable: chờ 1.5s để hệ thống ổn định trước khi start queue...
[INFO] [1786960555.005581407] [cartesian_streamer]: Enable: StartPointQueueMode...
[INFO] [1786960556.550014929] [cartesian_streamer]: StartPointQueueMode response: code=1, msg=""
[INFO] [1786960556.550492488] [cartesian_streamer]: ✓ Robot ENABLED — Point Queue Mode active. Servo ON!
[INFO] [1786960556.596336094] [cartesian_streamer]: Runtime rate: state=seeding, tick_hz=0.0, queue_send_hz=0.0, ack_hz=0.0, busy_hz=0.0, retry_count=0, reject_count=0, inter_ack_ms=0.0, max_joint_delta=0.000, cumul_time=0.00s, hold_count=0, ik_mode=Local, ik_avg_ms=0.00, ik_fails=0
[INFO] [1786960556.597435804] [cartesian_streamer]: Bootstrap EE pose via FK: (-0.1620, 0.3090, 0.3882)
[INFO] [1786960556.597850515] [cartesian_streamer]: Đang stream qua service: /queue_traj_point
[INFO] [1786960556.598370315] [cartesian_streamer]: Đã gửi seed point (current joints, t=0), chờ ACK...
[INFO] [1786960556.663238638] [cartesian_streamer]: Bootstrap EE pose via FK: (-0.1620, 0.3090, 0.3882)
[INFO] [1786960556.727151061] [cartesian_streamer]: Seed ACK nhận được, bắt đầu prebuffer.
[INFO] [1786960556.727477496] [cartesian_streamer]: Queue accepted sample#1: svc=/queue_traj_point, t_cumul=0.0000s, code=1, msg="", hold=False
[INFO] [1786960556.754661250] [cartesian_streamer]: Queue accepted sample#2: svc=/queue_traj_point, t_cumul=0.1304s, code=1, msg="", hold=True
[INFO] [1786960556.824329683] [cartesian_streamer]: Queue accepted sample#3: svc=/queue_traj_point, t_cumul=0.1976s, code=1, msg="", hold=True
[INFO] [1786960556.981232311] [cartesian_streamer]: Pre-buffer hoàn tất (3 points), bắt đầu stream ổn định. Đang chờ target...
[INFO] [1786960556.981608369] [cartesian_streamer]: Queue accepted sample#4: svc=/queue_traj_point, t_cumul=0.2641s, code=1, msg="", hold=True
[INFO] [1786960557.116160816] [cartesian_streamer]: Queue accepted sample#5: svc=/queue_traj_point, t_cumul=0.3975s, code=1, msg="", hold=True
[INFO] [1786960558.479985745] [cartesian_streamer]: QueueTrajPoint accepted #20: t=1.864s, hold=True
[INFO] [1786960560.396557046] [cartesian_streamer]: IK OK → Δmax=0.0000 rad, joints: [1.571, 0.124, -1.003, 0.000, -0.386, -1.879]
[WARN] [1786960560.462741899] [cartesian_streamer]: QueueTrajPoint đã được accept nhưng joint_states hầu như không đổi. Kiểm tra: 1) Robot ở mode AUTO? 2) Servo ON? 3) E-stop cleared?
[INFO] [1786960560.721923153] [cartesian_streamer]: QueueTrajPoint accepted #40: t=3.931s, hold=False
[INFO] [1786960561.662582844] [cartesian_streamer]: Runtime rate: state=streaming, tick_hz=15.0, queue_send_hz=9.7, ack_hz=9.5, busy_hz=0.0, retry_count=0, reject_count=0, inter_ack_ms=102.5, max_joint_delta=0.000, cumul_time=4.87s, hold_count=0, ik_mode=Local, ik_avg_ms=0.28, ik_fails=0
[INFO] [1786960562.131604221] [cartesian_streamer]: IK delta clamped → joints: [1.635, 0.042, -1.017, 0.008, -0.465, -1.951]
[INFO] [1786960562.397619635] [cartesian_streamer]: IK OK → Δmax=0.0900 rad, joints: [1.686, -0.045, -1.027, 0.013, -0.523, -2.006]
[INFO] [1786960562.669418942] [cartesian_streamer]: QueueTrajPoint accepted #60: t=5.867s, hold=False
[INFO] [1786960564.197137013] [cartesian_streamer]: IK delta clamped → joints: [1.504, -0.164, -0.805, -0.006, -0.661, -1.858]
[INFO] [1786960564.397929286] [cartesian_streamer]: IK OK → Δmax=0.0900 rad, joints: [1.477, -0.129, -0.770, -0.007, -0.672, -1.848]
[INFO] [1786960564.405414753] [cartesian_streamer]: QueueTrajPoint accepted #80: t=7.535s, hold=False
[INFO] [1786960565.880279517] [cartesian_streamer]: QueueTrajPoint accepted #100: t=9.001s, hold=False
[INFO] [1786960566.197560958] [cartesian_streamer]: IK delta clamped → joints: [1.518, 0.230, -0.380, -0.004, -0.811, -1.824]
[INFO] [1786960566.466152143] [cartesian_streamer]: IK OK → Δmax=0.0900 rad, joints: [1.516, 0.284, -0.313, -0.004, -0.837, -1.822]
[INFO] [1786960566.729987282] [cartesian_streamer]: Runtime rate: state=streaming, tick_hz=15.0, queue_send_hz=11.4, ack_hz=11.4, busy_hz=0.0, retry_count=0, reject_count=0, inter_ack_ms=87.4, max_joint_delta=0.090, cumul_time=9.73s, hold_count=0, ik_mode=Local, ik_avg_ms=0.84, ik_fails=0
[INFO] [1786960568.185575382] [cartesian_streamer]: QueueTrajPoint accepted #120: t=11.073s, hold=False
[INFO] [1786960568.198511214] [cartesian_streamer]: IK delta clamped → joints: [1.520, 0.641, 0.008, -0.003, -0.966, -1.827]
[INFO] [1786960568.532989982] [cartesian_streamer]: IK OK → Δmax=0.0900 rad, joints: [1.523, 0.708, 0.075, -0.003, -0.992, -1.830]
[INFO] [1786960569.948725529] [cartesian_streamer]: QueueTrajPoint accepted #140: t=12.940s, hold=False
[INFO] [1786960570.397525072] [cartesian_streamer]: IK delta clamped → joints: [1.563, 0.823, 0.255, -0.001, -0.944, -1.871]
[INFO] [1786960570.596952715] [cartesian_streamer]: IK OK → Δmax=0.0727 rad, joints: [1.566, 0.782, 0.202, -0.000, -0.915, -1.874]
[INFO] [1786960571.747076438] [cartesian_streamer]: QueueTrajPoint accepted #160: t=14.736s, hold=False
[INFO] [1786960571.795516864] [cartesian_streamer]: Runtime rate: state=streaming, tick_hz=15.0, queue_send_hz=10.5, ack_hz=10.7, busy_hz=0.0, retry_count=0, reject_count=0, inter_ack_ms=95.1, max_joint_delta=0.090, cumul_time=14.74s, hold_count=0, ik_mode=Local, ik_avg_ms=0.91, ik_fails=0
[INFO] [1786960572.597626428] [cartesian_streamer]: IK OK → Δmax=0.0601 rad, joints: [1.659, 0.414, -0.047, 0.006, -1.051, -1.970]
[INFO] [1786960573.130464386] [cartesian_streamer]: IK delta clamped → joints: [1.758, 0.430, -0.009, 0.012, -1.075, -2.062]
[INFO] [1786960573.624689808] [cartesian_streamer]: QueueTrajPoint accepted #180: t=16.537s, hold=False
[INFO] [1786960574.663657656] [cartesian_streamer]: IK OK → Δmax=0.0358 rad, joints: [1.721, 0.480, 0.116, 0.010, -1.149, -2.033]
[INFO] [1786960575.155849527] [cartesian_streamer]: QueueTrajPoint accepted #200: t=18.070s, hold=False
[INFO] [1786960575.596706692] [cartesian_streamer]: IK delta clamped → joints: [1.591, 0.525, 0.235, 0.001, -1.223, -1.904]
[INFO] [1786960576.613323277] [cartesian_streamer]: QueueTrajPoint accepted #220: t=19.538s, hold=False
[INFO] [1786960576.663882352] [cartesian_streamer]: IK OK → Δmax=0.0900 rad, joints: [1.496, 0.530, 0.293, -0.005, -1.275, -1.813]
[INFO] [1786960576.796520072] [cartesian_streamer]: Runtime rate: state=streaming, tick_hz=15.0, queue_send_hz=12.4, ack_hz=12.4, busy_hz=0.0, retry_count=0, reject_count=0, inter_ack_ms=80.6, max_joint_delta=0.090, cumul_time=19.67s, hold_count=0, ik_mode=Local, ik_avg_ms=0.93, ik_fails=0
[INFO] [1786960577.598689649] [cartesian_streamer]: IK delta clamped → joints: [1.425, 0.515, 0.281, -0.009, -1.279, -1.744]
[INFO] [1786960578.730642170] [cartesian_streamer]: IK OK → Δmax=0.0900 rad, joints: [1.325, 0.527, 0.212, -0.015, -1.199, -1.664]
[INFO] [1786960578.880658028] [cartesian_streamer]: QueueTrajPoint accepted #240: t=21.671s, hold=False
[INFO] [1786960579.664459062] [cartesian_streamer]: IK delta clamped → joints: [1.250, 0.564, 0.186, -0.020, -1.138, -1.594]
[INFO] [1786960580.798580167] [cartesian_streamer]: IK OK → Δmax=0.0900 rad, joints: [1.184, 0.540, -0.071, -0.029, -0.997, -1.509]
[INFO] [1786960581.066487864] [cartesian_streamer]: QueueTrajPoint accepted #260: t=23.606s, hold=False
[INFO] [1786960581.730232913] [cartesian_streamer]: IK delta clamped → joints: [1.297, 0.518, -0.271, -0.025, -0.917, -1.586]
[INFO] [1786960581.796249148] [cartesian_streamer]: Runtime rate: state=streaming, tick_hz=15.0, queue_send_hz=9.4, ack_hz=9.4, busy_hz=0.0, retry_count=0, reject_count=0, inter_ack_ms=106.6, max_joint_delta=0.090, cumul_time=24.40s, hold_count=0, ik_mode=Local, ik_avg_ms=0.92, ik_fails=0
[INFO] [1786960582.736879611] [cartesian_streamer]: QueueTrajPoint accepted #280: t=25.405s, hold=False
[INFO] [1786960582.798970303] [cartesian_streamer]: IK OK → Δmax=0.0900 rad, joints: [1.503, 0.467, -0.240, -0.005, -0.832, -1.726]
[INFO] [1786960583.797345684] [cartesian_streamer]: IK delta clamped → joints: [1.700, 0.422, -0.201, 0.010, -0.890, -1.790]
[INFO] [1786960584.788336978] [cartesian_streamer]: QueueTrajPoint accepted #300: t=27.204s, hold=False
[INFO] [1786960584.864117683] [cartesian_streamer]: IK OK → Δmax=0.0900 rad, joints: [1.769, 0.501, 0.049, 0.013, -1.049, -1.881]
[INFO] [1786960585.864099869] [cartesian_streamer]: IK delta clamped → joints: [1.702, 0.678, 0.243, 0.008, -1.124, -1.956]
[INFO] [1786960586.409404083] [cartesian_streamer]: QueueTrajPoint accepted #320: t=28.939s, hold=False
[INFO] [1786960586.862957808] [cartesian_streamer]: Runtime rate: state=streaming, tick_hz=15.0, queue_send_hz=11.2, ack_hz=11.2, busy_hz=0.0, retry_count=0, reject_count=0, inter_ack_ms=88.5, max_joint_delta=0.090, cumul_time=29.34s, hold_count=0, ik_mode=Local, ik_avg_ms=0.91, ik_fails=0
[INFO] [1786960586.865260385] [cartesian_streamer]: IK OK → Δmax=0.0900 rad, joints: [1.660, 0.779, 0.457, 0.005, -1.209, -1.970]
[INFO] [1786960587.930447068] [cartesian_streamer]: IK delta clamped → joints: [1.588, 0.666, 0.319, 0.001, -1.124, -1.897]
[INFO] [1786960588.191605734] [cartesian_streamer]: QueueTrajPoint accepted #340: t=30.605s, hold=False
[INFO] [1786960588.930291274] [cartesian_streamer]: IK OK → Δmax=0.0097 rad, joints: [1.548, 0.610, 0.211, -0.001, -1.115, -1.855]
[INFO] [1786960590.282901486] [cartesian_streamer]: QueueTrajPoint accepted #360: t=32.604s, hold=False
[INFO] [1786960590.930682409] [cartesian_streamer]: IK OK → Δmax=0.0409 rad, joints: [1.453, 0.425, -0.041, -0.008, -1.048, -1.758]
[INFO] [1786960591.929161935] [cartesian_streamer]: Runtime rate: state=streaming, tick_hz=15.0, queue_send_hz=10.5, ack_hz=10.5, busy_hz=0.0, retry_count=0, reject_count=0, inter_ack_ms=95.9, max_joint_delta=0.090, cumul_time=34.21s, hold_count=0, ik_mode=Local, ik_avg_ms=0.92, ik_fails=0
[INFO] [1786960592.156958903] [cartesian_streamer]: QueueTrajPoint accepted #380: t=34.272s, hold=False
[INFO] [1786960592.931222725] [cartesian_streamer]: IK OK → Δmax=0.0522 rad, joints: [1.503, 0.221, -0.382, -0.005, -0.910, -1.809]
[INFO] [1786960593.130906199] [cartesian_streamer]: IK delta clamped → joints: [1.514, 0.214, -0.440, -0.004, -0.862, -1.820]
[INFO] [1786960594.036346969] [cartesian_streamer]: QueueTrajPoint accepted #400: t=36.073s, hold=False
[INFO] [1786960594.998917699] [cartesian_streamer]: IK OK → Δmax=0.0786 rad, joints: [1.545, 0.279, -0.519, -0.002, -0.735, -1.851]
[INFO] [1786960595.131620441] [cartesian_streamer]: IK delta clamped → joints: [1.550, 0.299, -0.506, -0.002, -0.756, -1.857]
[INFO] [1786960596.116724146] [cartesian_streamer]: QueueTrajPoint accepted #420: t=38.138s, hold=False
[INFO] [1786960596.930282018] [cartesian_streamer]: Runtime rate: state=streaming, tick_hz=15.0, queue_send_hz=9.8, ack_hz=9.8, busy_hz=0.0, retry_count=0, reject_count=0, inter_ack_ms=102.7, max_joint_delta=0.090, cumul_time=38.94s, hold_count=0, ik_mode=Local, ik_avg_ms=0.93, ik_fails=0
[INFO] [1786960597.064325315] [cartesian_streamer]: IK OK → Δmax=0.0900 rad, joints: [1.578, 0.600, -0.106, 0.000, -1.006, -1.887]
[INFO] [1786960597.196968435] [cartesian_streamer]: IK delta clamped → joints: [1.565, 0.603, -0.066, -0.000, -1.022, -1.873]
[WARN] [1786960597.542424184] [cartesian_streamer]: Queue BUSY, sẽ resend (backoff 66ms): msg="Busy processing the previous trajectory point. Please resend the next point shortly"
[INFO] [1786960598.143906635] [cartesian_streamer]: QueueTrajPoint accepted #440: t=40.072s, hold=False
[INFO] [1786960599.064926073] [cartesian_streamer]: IK OK → Δmax=0.0900 rad, joints: [1.416, 0.729, 0.280, -0.009, -1.161, -1.722]
[INFO] [1786960599.264170780] [cartesian_streamer]: IK delta clamped → joints: [1.405, 0.722, 0.320, -0.010, -1.176, -1.711]
[INFO] [1786960599.608719020] [cartesian_streamer]: QueueTrajPoint accepted #460: t=41.537s, hold=False
[INFO] [1786960601.131273046] [cartesian_streamer]: IK OK → Δmax=0.0165 rad, joints: [1.333, 0.471, 0.061, -0.015, -1.105, -1.635]
[INFO] [1786960601.215253252] [cartesian_streamer]: QueueTrajPoint accepted #480: t=43.139s, hold=False
[INFO] [1786960601.995986586] [cartesian_streamer]: Runtime rate: state=streaming, tick_hz=15.0, queue_send_hz=11.8, ack_hz=11.6, busy_hz=0.2, retry_count=1, reject_count=0, inter_ack_ms=85.4, max_joint_delta=0.090, cumul_time=43.87s, hold_count=0, ik_mode=Local, ik_avg_ms=0.94, ik_fails=0
[INFO] [1786960602.329337649] [cartesian_streamer]: IK delta clamped → joints: [1.505, 0.443, 0.023, -0.004, -1.093, -1.807]
[INFO] [1786960603.080033104] [cartesian_streamer]: QueueTrajPoint accepted #500: t=45.004s, hold=False
[INFO] [1786960603.197489073] [cartesian_streamer]: IK OK → Δmax=0.0900 rad, joints: [1.674, 0.457, 0.042, 0.007, -1.097, -1.871]
[INFO] [1786960604.330852015] [cartesian_streamer]: IK delta clamped → joints: [1.783, 0.499, 0.084, 0.014, -1.099, -1.956]
[WARN] [1786960604.675677627] [cartesian_streamer]: Queue BUSY, sẽ resend (backoff 66ms): msg="Busy processing the previous trajectory point. Please resend the next point shortly"
[INFO] [1786960605.264687669] [cartesian_streamer]: IK OK → Δmax=0.0900 rad, joints: [1.754, 0.673, 0.279, 0.011, -1.232, -2.020]
[INFO] [1786960605.280081990] [cartesian_streamer]: QueueTrajPoint accepted #520: t=46.874s, hold=False
[INFO] [1786960606.397109679] [cartesian_streamer]: IK delta clamped → joints: [1.697, 0.793, 0.466, 0.008, -1.313, -2.007]
[INFO] [1786960606.997953176] [cartesian_streamer]: Runtime rate: state=streaming, tick_hz=15.0, queue_send_hz=10.2, ack_hz=10.0, busy_hz=0.2, retry_count=1, reject_count=0, inter_ack_ms=100.5, max_joint_delta=0.090, cumul_time=48.41s, hold_count=0, ik_mode=Local, ik_avg_ms=0.94, ik_fails=0
[INFO] [1786960607.154864980] [cartesian_streamer]: QueueTrajPoint accepted #540: t=48.673s, hold=False
[INFO] [1786960607.265029176] [cartesian_streamer]: IK OK → Δmax=0.0900 rad, joints: [1.618, 0.783, 0.409, 0.003, -1.150, -1.928]
[INFO] [1786960608.398367522] [cartesian_streamer]: IK delta clamped → joints: [1.578, 0.735, 0.177, 0.001, -1.060, -1.887]
[INFO] [1786960608.824220408] [cartesian_streamer]: QueueTrajPoint accepted #560: t=50.340s, hold=False
[INFO] [1786960609.331080861] [cartesian_streamer]: IK OK → Δmax=0.0900 rad, joints: [1.543, 0.674, 0.002, -0.002, -0.990, -1.850]
[INFO] [1786960610.398685454] [cartesian_streamer]: IK delta clamped → joints: [1.415, 0.605, -0.063, -0.012, -0.900, -1.715]
[INFO] [1786960610.468875990] [cartesian_streamer]: QueueTrajPoint accepted #580: t=52.006s, hold=False
[INFO] [1786960611.331157759] [cartesian_streamer]: IK OK → Δmax=0.0900 rad, joints: [1.324, 0.563, -0.094, -0.019, -0.858, -1.623]
[INFO] [1786960612.063423205] [cartesian_streamer]: Runtime rate: state=streaming, tick_hz=15.0, queue_send_hz=11.6, ack_hz=11.6, busy_hz=0.0, retry_count=0, reject_count=0, inter_ack_ms=85.1, max_joint_delta=0.090, cumul_time=53.48s, hold_count=0, ik_mode=Local, ik_avg_ms=0.95, ik_fails=0
[INFO] [1786960612.272145731] [cartesian_streamer]: QueueTrajPoint accepted #600: t=53.741s, hold=False
[INFO] [1786960612.464575844] [cartesian_streamer]: IK delta clamped → joints: [1.366, 0.481, 0.100, -0.013, -1.048, -1.669]
[INFO] [1786960613.331875663] [cartesian_streamer]: IK OK → Δmax=0.0900 rad, joints: [1.452, 0.497, 0.324, -0.007, -1.123, -1.759]
[INFO] [1786960614.252478444] [cartesian_streamer]: QueueTrajPoint accepted #620: t=55.606s, hold=False
[WARN] [1786960614.273364187] [cartesian_streamer]: Queue BUSY, sẽ resend (backoff 66ms): msg="Busy processing the previous trajectory point. Please resend the next point shortly"
[INFO] [1786960614.531566285] [cartesian_streamer]: IK delta clamped → joints: [1.651, 0.584, 0.471, 0.005, -1.208, -1.904]
[INFO] [1786960615.332982108] [cartesian_streamer]: IK OK → Δmax=0.0900 rad, joints: [1.746, 0.592, 0.372, 0.011, -1.266, -1.963]
[INFO] [1786960616.076268279] [cartesian_streamer]: QueueTrajPoint accepted #640: t=57.337s, hold=False
[INFO] [1786960616.597075747] [cartesian_streamer]: IK delta clamped → joints: [1.784, 0.602, 0.081, 0.015, -1.060, -2.064]
[INFO] [1786960617.129386659] [cartesian_streamer]: Runtime rate: state=streaming, tick_hz=15.0, queue_send_hz=10.5, ack_hz=10.3, busy_hz=0.2, retry_count=1, reject_count=0, inter_ack_ms=97.5, max_joint_delta=0.090, cumul_time=58.28s, hold_count=0, ik_mode=Local, ik_avg_ms=0.95, ik_fails=0
[INFO] [1786960617.398807134] [cartesian_streamer]: IK OK → Δmax=0.0900 rad, joints: [1.733, 0.590, -0.066, 0.014, -1.001, -2.051]
[INFO] [1786960618.004589190] [cartesian_streamer]: QueueTrajPoint accepted #660: t=59.205s, hold=False
[INFO] [1786960618.664719467] [cartesian_streamer]: IK delta clamped → joints: [1.625, 0.606, -0.164, 0.005, -0.895, -1.936]
[INFO] [1786960619.463903617] [cartesian_streamer]: IK OK → Δmax=0.0700 rad, joints: [1.593, 0.703, 0.040, 0.002, -0.915, -1.902]
[INFO] [1786960619.613460860] [cartesian_streamer]: QueueTrajPoint accepted #680: t=60.805s, hold=False
[INFO] [1786960620.730694855] [cartesian_streamer]: IK delta clamped → joints: [1.537, 0.763, 0.280, -0.002, -1.055, -1.844]
[INFO] [1786960621.390230502] [cartesian_streamer]: QueueTrajPoint accepted #700: t=62.471s, hold=False
[INFO] [1786960621.529810646] [cartesian_streamer]: IK OK → Δmax=0.0100 rad, joints: [1.477, 0.774, 0.328, -0.006, -1.067, -1.782]
[INFO] [1786960622.129290263] [cartesian_streamer]: Runtime rate: state=streaming, tick_hz=15.0, queue_send_hz=12.6, ack_hz=12.4, busy_hz=0.0, retry_count=0, reject_count=0, inter_ack_ms=79.7, max_joint_delta=0.090, cumul_time=63.27s, hold_count=0, ik_mode=Local, ik_avg_ms=0.96, ik_fails=0
[INFO] [1786960623.088698804] [cartesian_streamer]: QueueTrajPoint accepted #720: t=64.071s, hold=False
[INFO] [1786960623.530075544] [cartesian_streamer]: IK OK → Δmax=0.0261 rad, joints: [1.376, 0.670, 0.195, -0.013, -1.039, -1.678]
[INFO] [1786960624.931191087] [cartesian_streamer]: QueueTrajPoint accepted #740: t=65.939s, hold=False
[INFO] [1786960625.531046291] [cartesian_streamer]: IK OK → Δmax=0.0150 rad, joints: [1.359, 0.563, 0.137, -0.014, -1.088, -1.661]
[INFO] [1786960626.530284841] [cartesian_streamer]: IK delta clamped → joints: [1.505, 0.549, 0.157, -0.004, -1.121, -1.808]
[INFO] [1786960627.195520182] [cartesian_streamer]: Runtime rate: state=streaming, tick_hz=15.0, queue_send_hz=9.3, ack_hz=9.3, busy_hz=0.0, retry_count=0, reject_count=0, inter_ack_ms=105.9, max_joint_delta=0.090, cumul_time=67.87s, hold_count=0, ik_mode=Local, ik_avg_ms=0.95, ik_fails=0
[INFO] [1786960627.356515325] [cartesian_streamer]: QueueTrajPoint accepted #760: t=68.138s, hold=False
[INFO] [1786960627.597040272] [cartesian_streamer]: IK OK → Δmax=0.0900 rad, joints: [1.694, 0.563, 0.188, 0.008, -1.138, -1.882]
[INFO] [1786960628.597509539] [cartesian_streamer]: IK delta clamped → joints: [1.806, 0.474, 0.058, 0.015, -1.079, -1.952]
[INFO] [1786960629.294999272] [cartesian_streamer]: QueueTrajPoint accepted #780: t=70.003s, hold=False
[INFO] [1786960629.598366727] [cartesian_streamer]: IK OK → Δmax=0.0900 rad, joints: [1.790, 0.293, -0.142, 0.015, -1.031, -2.032]
[INFO] [1786960630.729581801] [cartesian_streamer]: IK delta clamped → joints: [1.708, 0.406, 0.084, 0.009, -1.194, -2.020]
[INFO] [1786960631.408565893] [cartesian_streamer]: QueueTrajPoint accepted #800: t=72.000s, hold=False
[INFO] [1786960631.664662515] [cartesian_streamer]: IK OK → Δmax=0.0900 rad, joints: [1.625, 0.551, 0.258, 0.003, -1.270, -1.935]
[INFO] [1786960632.195715217] [cartesian_streamer]: Runtime rate: state=streaming, tick_hz=15.0, queue_send_hz=10.2, ack_hz=10.4, busy_hz=0.0, retry_count=0, reject_count=0, inter_ack_ms=99.1, max_joint_delta=0.090, cumul_time=72.73s, hold_count=0, ik_mode=Local, ik_avg_ms=0.95, ik_fails=0
[INFO] [1786960633.080104697] [cartesian_streamer]: QueueTrajPoint accepted #820: t=73.665s, hold=False
[INFO] [1786960633.730663738] [cartesian_streamer]: IK OK → Δmax=0.0817 rad, joints: [1.408, 0.486, 0.056, -0.011, -1.084, -1.712]
[INFO] [1786960633.797481712] [cartesian_streamer]: IK delta clamped → joints: [1.399, 0.483, 0.047, -0.011, -1.078, -1.704]
[INFO] [1786960635.140036259] [cartesian_streamer]: QueueTrajPoint accepted #840: t=75.598s, hold=False
[INFO] [1786960635.797474545] [cartesian_streamer]: IK OK → Δmax=0.0504 rad, joints: [1.429, 0.207, -0.281, -0.010, -1.025, -1.733]
[INFO] [1786960636.064288090] [cartesian_streamer]: IK delta clamped → joints: [1.490, 0.241, -0.235, -0.005, -1.037, -1.788]
[INFO] [1786960636.871496328] [cartesian_streamer]: QueueTrajPoint accepted #860: t=77.332s, hold=False
[INFO] [1786960637.196574690] [cartesian_streamer]: Runtime rate: state=streaming, tick_hz=15.0, queue_send_hz=11.0, ack_hz=10.8, busy_hz=0.0, retry_count=0, reject_count=0, inter_ack_ms=91.7, max_joint_delta=0.090, cumul_time=77.60s, hold_count=0, ik_mode=Local, ik_avg_ms=0.95, ik_fails=0
[INFO] [1786960637.797862100] [cartesian_streamer]: IK OK → Δmax=0.0900 rad, joints: [1.747, 0.533, 0.082, 0.012, -1.062, -1.927]
[INFO] [1786960638.131668979] [cartesian_streamer]: IK delta clamped → joints: [1.728, 0.592, 0.110, 0.011, -1.032, -1.954]
[INFO] [1786960638.714678678] [cartesian_streamer]: QueueTrajPoint accepted #880: t=79.065s, hold=False
[INFO] [1786960639.797910456] [cartesian_streamer]: IK OK → Δmax=0.0316 rad, joints: [1.655, 0.767, 0.130, 0.006, -0.876, -1.967]
[INFO] [1786960640.290559012] [cartesian_streamer]: QueueTrajPoint accepted #900: t=80.731s, hold=False
[INFO] [1786960640.331252929] [cartesian_streamer]: IK delta clamped → joints: [1.628, 0.757, 0.264, 0.004, -1.019, -1.938]
[INFO] [1786960641.864379708] [cartesian_streamer]: IK OK → Δmax=0.0900 rad, joints: [1.586, 0.632, 0.482, 0.001, -1.142, -1.895]
[INFO] [1786960641.951378108] [cartesian_streamer]: QueueTrajPoint accepted #920: t=82.398s, hold=False
[INFO] [1786960642.262999664] [cartesian_streamer]: Runtime rate: state=streaming, tick_hz=15.0, queue_send_hz=11.6, ack_hz=11.8, busy_hz=0.0, retry_count=0, reject_count=0, inter_ack_ms=86.0, max_joint_delta=0.090, cumul_time=82.60s, hold_count=0, ik_mode=Local, ik_avg_ms=0.95, ik_fails=0
[INFO] [1786960642.397195025] [cartesian_streamer]: IK delta clamped → joints: [1.580, 0.592, 0.566, 0.001, -1.184, -1.888]
[INFO] [1786960643.930677240] [cartesian_streamer]: IK OK → Δmax=0.0900 rad, joints: [1.607, 0.587, 0.448, 0.002, -1.286, -1.916]
[INFO] [1786960643.999425319] [cartesian_streamer]: QueueTrajPoint accepted #940: t=84.264s, hold=False
[INFO] [1786960644.400903590] [cartesian_streamer]: IK delta clamped → joints: [1.617, 0.595, 0.328, 0.003, -1.156, -1.926]
[INFO] [1786960645.808022124] [cartesian_streamer]: QueueTrajPoint accepted #960: t=86.133s, hold=False
[INFO] [1786960645.930894332] [cartesian_streamer]: IK OK → Δmax=0.0900 rad, joints: [1.629, 0.676, 0.035, 0.005, -1.004, -1.940]
[INFO] [1786960646.463715723] [cartesian_streamer]: IK delta clamped → joints: [1.632, 0.633, 0.085, 0.004, -0.972, -1.942]
[WARN] [1786960646.544556136] [cartesian_streamer]: Queue BUSY, sẽ resend (backoff 66ms): msg="Busy processing the previous trajectory point. Please resend the next point shortly"
[INFO] [1786960647.329515333] [cartesian_streamer]: Runtime rate: state=streaming, tick_hz=15.0, queue_send_hz=9.5, ack_hz=9.3, busy_hz=0.2, retry_count=1, reject_count=0, inter_ack_ms=107.2, max_joint_delta=0.090, cumul_time=87.33s, hold_count=0, ik_mode=Local, ik_avg_ms=0.95, ik_fails=0
[INFO] [1786960647.932521920] [cartesian_streamer]: IK OK → Δmax=0.0900 rad, joints: [1.611, 0.576, 0.395, 0.002, -1.216, -1.920]
[INFO] [1786960648.148747885] [cartesian_streamer]: QueueTrajPoint accepted #980: t=88.200s, hold=False
[INFO] [1786960648.530048486] [cartesian_streamer]: IK delta clamped → joints: [1.606, 0.576, 0.515, 0.002, -1.264, -1.915]
[INFO] [1786960649.885422142] [cartesian_streamer]: QueueTrajPoint accepted #1000: t=89.867s, hold=False
[INFO] [1786960649.996788451] [cartesian_streamer]: IK OK → Δmax=0.0700 rad, joints: [1.663, 0.573, 0.367, 0.006, -1.251, -1.973]
[INFO] [1786960650.596844942] [cartesian_streamer]: IK delta clamped → joints: [1.677, 0.586, 0.260, 0.007, -1.143, -1.988]
[INFO] [1786960651.671598401] [cartesian_streamer]: QueueTrajPoint accepted #1020: t=91.604s, hold=False
[INFO] [1786960651.770570870] [cartesian_streamer]: Disable Robot: dừng stream, tắt traj mode...
[INFO] [1786960651.771287971] [cartesian_streamer]: ✗ Robot DISABLED.
[INFO] [1786960672.048383623] [cartesian_streamer]: Enable Robot: bắt đầu chuỗi khởi động...
[INFO] [1786960672.048737840] [cartesian_streamer]: Enable: reset_error...
[INFO] [1786960672.071604683] [cartesian_streamer]: reset_error: code=1, msg="success"
[INFO] [1786960672.072016760] [cartesian_streamer]: Enable: stop_traj_mode (giải phóng mode cũ)...
[INFO] [1786960672.119713193] [cartesian_streamer]: stop_traj_mode: success=True, code=N/A, msg=""
[INFO] [1786960672.120050088] [cartesian_streamer]: Enable: chờ 1.5s để hệ thống ổn định trước khi start queue...
[INFO] [1786960673.621030942] [cartesian_streamer]: Enable: StartPointQueueMode...
[INFO] [1786960675.016780460] [cartesian_streamer]: StartPointQueueMode response: code=1, msg=""
[INFO] [1786960675.017353399] [cartesian_streamer]: ✓ Robot ENABLED — Point Queue Mode active. Servo ON!
[INFO] [1786960675.063032964] [cartesian_streamer]: Runtime rate: state=seeding, tick_hz=2.4, queue_send_hz=1.8, ack_hz=1.8, busy_hz=0.0, retry_count=0, reject_count=0, inter_ack_ms=90.7, max_joint_delta=0.090, cumul_time=0.00s, hold_count=0, ik_mode=Local, ik_avg_ms=0.95, ik_fails=0
[WARN] [1786960675.063385578] [cartesian_streamer]: Target stream stale: không có target mới trong 23.3s
[WARN] [1786960675.063844112] [cartesian_streamer]: QueueTrajPoint đã được accept nhưng joint_states hầu như không đổi. Kiểm tra: 1) Robot ở mode AUTO? 2) Servo ON? 3) E-stop cleared?
[INFO] [1786960675.064465712] [cartesian_streamer]: Bootstrap EE pose via FK: (-0.1620, 0.3090, 0.3882)
[INFO] [1786960675.064992775] [cartesian_streamer]: Đã gửi seed point (current joints, t=0), chờ ACK...
[INFO] [1786960675.130300074] [cartesian_streamer]: Bootstrap EE pose via FK: (-0.1620, 0.3090, 0.3882)
[INFO] [1786960675.195660513] [cartesian_streamer]: Bootstrap EE pose via FK: (-0.1620, 0.3090, 0.3882)
[INFO] [1786960675.262740731] [cartesian_streamer]: Bootstrap EE pose via FK: (-0.1620, 0.3090, 0.3882)
[INFO] [1786960675.329250806] [cartesian_streamer]: Bootstrap EE pose via FK: (-0.1620, 0.3090, 0.3882)
[INFO] [1786960675.396808363] [cartesian_streamer]: Bootstrap EE pose via FK: (-0.1620, 0.3090, 0.3882)
[INFO] [1786960675.463511270] [cartesian_streamer]: Bootstrap EE pose via FK: (-0.1620, 0.3090, 0.3882)
[INFO] [1786960675.529200568] [cartesian_streamer]: Bootstrap EE pose via FK: (-0.1620, 0.3090, 0.3882)
[INFO] [1786960675.595988456] [cartesian_streamer]: Bootstrap EE pose via FK: (-0.1620, 0.3090, 0.3882)
[INFO] [1786960675.662530751] [cartesian_streamer]: Bootstrap EE pose via FK: (-0.1620, 0.3090, 0.3882)
[INFO] [1786960675.729869746] [cartesian_streamer]: Bootstrap EE pose via FK: (-0.1620, 0.3090, 0.3882)
[INFO] [1786960675.796006287] [cartesian_streamer]: Bootstrap EE pose via FK: (-0.1620, 0.3090, 0.3882)
[INFO] [1786960675.863636140] [cartesian_streamer]: Bootstrap EE pose via FK: (-0.1620, 0.3090, 0.3882)
[INFO] [1786960675.928965361] [cartesian_streamer]: Bootstrap EE pose via FK: (-0.1620, 0.3090, 0.3882)
[INFO] [1786960675.996856265] [cartesian_streamer]: Bootstrap EE pose via FK: (-0.1620, 0.3090, 0.3882)
[INFO] [1786960676.063095309] [cartesian_streamer]: Bootstrap EE pose via FK: (-0.1620, 0.3090, 0.3882)
[INFO] [1786960676.129492962] [cartesian_streamer]: Bootstrap EE pose via FK: (-0.1620, 0.3090, 0.3882)
[INFO] [1786960676.175795190] [cartesian_streamer]: Seed ACK nhận được, bắt đầu prebuffer.
[INFO] [1786960676.452166482] [cartesian_streamer]: Pre-buffer hoàn tất (3 points), bắt đầu stream ổn định. Đang chờ target...
[INFO] [1786960678.083400323] [cartesian_streamer]: QueueTrajPoint accepted #1040: t=1.934s, hold=True
[WARN] [1786960678.582418512] [cartesian_streamer]: ⚠ Queue mode bị drop! Auto-recovery lần 1/3...
[INFO] [1786960679.083301814] [cartesian_streamer]: Auto-recovery: bắt đầu re-enable queue mode...
[INFO] [1786960679.083839737] [cartesian_streamer]: Enable: reset_error...
[INFO] [1786960679.097890548] [cartesian_streamer]: reset_error: code=105, msg="Pendant is not in REMOTE mode"
[INFO] [1786960679.098223415] [cartesian_streamer]: Enable: stop_traj_mode (giải phóng mode cũ)...
[INFO] [1786960679.485709624] [cartesian_streamer]: stop_traj_mode: success=True, code=N/A, msg=""
[INFO] [1786960679.486223451] [cartesian_streamer]: Enable: chờ 1.5s để hệ thống ổn định trước khi start queue...
[INFO] [1786960680.987213892] [cartesian_streamer]: Enable: StartPointQueueMode...
[INFO] [1786960681.003281641] [cartesian_streamer]: StartPointQueueMode response: code=104, msg="The teach pendant must not be in TEACH mode"
[ERROR] [1786960681.003796461] [cartesian_streamer]: StartPointQueueMode FAILED: The teach pendant must not be in TEACH mode
[INFO] [1786960683.483956218] [cartesian_streamer]: Disable Robot: dừng stream, tắt traj mode...
[INFO] [1786960683.484959187] [cartesian_streamer]: ✗ Robot DISABLED.
[INFO] [1786960688.654202352] [cartesian_streamer]: Enable Robot: bắt đầu chuỗi khởi động...
[INFO] [1786960688.654691333] [cartesian_streamer]: Enable: reset_error...
[INFO] [1786960688.674525105] [cartesian_streamer]: reset_error: code=1, msg="success"
[INFO] [1786960688.674975463] [cartesian_streamer]: Enable: stop_traj_mode (giải phóng mode cũ)...
[INFO] [1786960688.720207926] [cartesian_streamer]: stop_traj_mode: success=True, code=N/A, msg=""
[INFO] [1786960688.720731001] [cartesian_streamer]: Enable: chờ 1.5s để hệ thống ổn định trước khi start queue...
[INFO] [1786960690.221635788] [cartesian_streamer]: Enable: StartPointQueueMode...
[INFO] [1786960691.755662782] [cartesian_streamer]: StartPointQueueMode response: code=1, msg=""
[INFO] [1786960691.755956896] [cartesian_streamer]: ✓ Robot ENABLED — Point Queue Mode active. Servo ON!
[INFO] [1786960691.796149197] [cartesian_streamer]: Runtime rate: state=seeding, tick_hz=3.2, queue_send_hz=1.3, ack_hz=1.3, busy_hz=0.0, retry_count=0, reject_count=1, inter_ack_ms=1261.9, max_joint_delta=0.000, cumul_time=0.00s, hold_count=0, ik_mode=Local, ik_avg_ms=0.95, ik_fails=0
[WARN] [1786960691.796598213] [cartesian_streamer]: Target stream stale: không có target mới trong 40.0s
[WARN] [1786960691.796879332] [cartesian_streamer]: QueueTrajPoint đã được accept nhưng joint_states hầu như không đổi. Kiểm tra: 1) Robot ở mode AUTO? 2) Servo ON? 3) E-stop cleared?
[INFO] [1786960691.797388812] [cartesian_streamer]: Bootstrap EE pose via FK: (-0.1620, 0.3090, 0.3882)
[INFO] [1786960691.797862324] [cartesian_streamer]: Đã gửi seed point (current joints, t=0), chờ ACK...
[INFO] [1786960691.863619500] [cartesian_streamer]: Bootstrap EE pose via FK: (-0.1620, 0.3090, 0.3882)
[INFO] [1786960691.926958482] [cartesian_streamer]: Seed ACK nhận được, bắt đầu prebuffer.
[INFO] [1786960692.090390473] [cartesian_streamer]: Pre-buffer hoàn tất (3 points), bắt đầu stream ổn định. Đang chờ target...
[INFO] [1786960693.545961415] [cartesian_streamer]: QueueTrajPoint accepted #1060: t=1.665s, hold=True
[INFO] [1786960695.131521197] [cartesian_streamer]: IK OK → Δmax=0.0031 rad, joints: [1.571, 0.124, -1.004, -0.003, -0.384, -1.876]
[INFO] [1786960695.932067073] [cartesian_streamer]: QueueTrajPoint accepted #1080: t=3.930s, hold=False
[INFO] [1786960696.730478449] [cartesian_streamer]: IK delta clamped → joints: [1.569, 0.089, -0.855, -0.000, -0.560, -1.877]
[INFO] [1786960696.863899071] [cartesian_streamer]: Runtime rate: state=streaming, tick_hz=15.0, queue_send_hz=9.5, ack_hz=9.5, busy_hz=0.0, retry_count=0, reject_count=0, inter_ack_ms=383.4, max_joint_delta=0.090, cumul_time=4.80s, hold_count=0, ik_mode=Local, ik_avg_ms=0.95, ik_fails=0
[INFO] [1786960697.197133660] [cartesian_streamer]: IK OK → Δmax=0.0900 rad, joints: [1.561, 0.144, -0.736, -0.001, -0.592, -1.869]
[INFO] [1786960697.680354358] [cartesian_streamer]: QueueTrajPoint accepted #1100: t=5.664s, hold=False
[INFO] [1786960698.731069572] [cartesian_streamer]: IK delta clamped → joints: [1.540, 0.377, -0.416, -0.002, -0.720, -1.847]
[INFO] [1786960699.200211626] [cartesian_streamer]: IK OK → Δmax=0.0900 rad, joints: [1.546, 0.453, -0.309, -0.002, -0.763, -1.853]
[INFO] [1786960699.572996047] [cartesian_streamer]: QueueTrajPoint accepted #1120: t=7.397s, hold=False
[INFO] [1786960700.797479546] [cartesian_streamer]: IK delta clamped → joints: [1.542, 0.770, -0.016, -0.002, -0.880, -1.850]
[INFO] [1786960701.263861332] [cartesian_streamer]: IK OK → Δmax=0.0900 rad, joints: [1.544, 0.882, 0.091, -0.002, -0.923, -1.852]
[INFO] [1786960701.585956753] [cartesian_streamer]: QueueTrajPoint accepted #1140: t=9.398s, hold=False
[INFO] [1786960701.929018999] [cartesian_streamer]: Runtime rate: state=streaming, tick_hz=15.0, queue_send_hz=10.9, ack_hz=10.9, busy_hz=0.0, retry_count=0, reject_count=0, inter_ack_ms=91.8, max_joint_delta=0.090, cumul_time=9.80s, hold_count=0, ik_mode=Local, ik_avg_ms=0.95, ik_fails=0
[INFO] [1786960702.283716297] [cartesian_streamer]: Local IK không hội tụ (fail #1)
[WARN] [1786960702.749254765] [cartesian_streamer]: Queue BUSY, sẽ resend (backoff 66ms): msg="Busy processing the previous trajectory point. Please resend the next point shortly"
[WARN] [1786960702.944097630] [cartesian_streamer]: Local IK failed 10x liên tiếp! Fallback sang MoveIt! IK...
[INFO] [1786960702.945235162] [cartesian_streamer]: IK delta clamped → joints: [1.565, 1.094, 0.291, -0.000, -1.003, -1.873]
[INFO] [1786960703.284251630] [cartesian_streamer]: IK OK → Δmax=0.0900 rad, joints: [1.565, 1.134, 0.331, -0.000, -1.019, -1.873]
[INFO] [1786960703.774152227] [cartesian_streamer]: QueueTrajPoint accepted #1160: t=11.351s, hold=False
[WARN] [1786960704.952166574] [cartesian_streamer]: Local IK failed 40x liên tiếp! Fallback sang MoveIt! IK...
[INFO] [1786960704.953616714] [cartesian_streamer]: IK delta clamped → joints: [1.565, 1.156, 0.665, -0.000, -1.152, -1.873]
[INFO] [1786960705.287802144] [cartesian_streamer]: IK OK → Δmax=0.0900 rad, joints: [1.565, 1.156, 0.731, -0.000, -1.179, -1.873]
[INFO] [1786960705.761793650] [cartesian_streamer]: QueueTrajPoint accepted #1180: t=13.281s, hold=False
[INFO] [1786960706.995926892] [cartesian_streamer]: Runtime rate: state=streaming, tick_hz=15.0, queue_send_hz=9.5, ack_hz=9.3, busy_hz=0.2, retry_count=1, reject_count=0, inter_ack_ms=108.7, max_joint_delta=0.090, cumul_time=14.34s, hold_count=0, ik_mode=Local, ik_avg_ms=1.71, ik_fails=70
[WARN] [1786960707.014278652] [cartesian_streamer]: Local IK failed 71x liên tiếp! Fallback sang MoveIt! IK...
[INFO] [1786960707.015105008] [cartesian_streamer]: IK delta clamped → joints: [1.565, 1.156, 1.036, -0.000, -1.306, -1.873]
[INFO] [1786960707.330380656] [cartesian_streamer]: IK OK → Δmax=0.0900 rad, joints: [1.537, 1.049, 0.887, -0.002, -1.326, -1.846]
[INFO] [1786960707.956116914] [cartesian_streamer]: QueueTrajPoint accepted #1200: t=15.189s, hold=False
[INFO] [1786960709.064423213] [cartesian_streamer]: IK delta clamped → joints: [1.544, 0.730, 0.567, -0.002, -1.283, -1.852]
[INFO] [1786960709.331133170] [cartesian_streamer]: IK OK → Δmax=0.0900 rad, joints: [1.548, 0.716, 0.554, -0.001, -1.236, -1.856]
[INFO] [1786960710.166313449] [cartesian_streamer]: QueueTrajPoint accepted #1220: t=17.122s, hold=False
[INFO] [1786960711.197026051] [cartesian_streamer]: IK delta clamped → joints: [1.755, 0.644, 0.230, 0.012, -1.100, -2.066]
[INFO] [1786960711.396757983] [cartesian_streamer]: IK OK → Δmax=0.0822 rad, joints: [1.766, 0.684, 0.311, 0.012, -1.141, -2.079]
[INFO] [1786960712.062368432] [cartesian_streamer]: Runtime rate: state=streaming, tick_hz=15.0, queue_send_hz=9.3, ack_hz=9.3, busy_hz=0.0, retry_count=0, reject_count=0, inter_ack_ms=108.1, max_joint_delta=0.090, cumul_time=18.99s, hold_count=0, ik_mode=Local, ik_avg_ms=1.70, ik_fails=71
[INFO] [1786960712.082111914] [cartesian_streamer]: QueueTrajPoint accepted #1240: t=19.121s, hold=False
[INFO] [1786960713.397034669] [cartesian_streamer]: IK OK → Δmax=0.0353 rad, joints: [1.683, 0.840, 0.657, 0.007, -1.330, -1.993]
[INFO] [1786960713.746352667] [cartesian_streamer]: QueueTrajPoint accepted #1260: t=20.786s, hold=False
[WARN] [1786960714.026959304] [cartesian_streamer]: Queue BUSY, sẽ resend (backoff 66ms): msg="Busy processing the previous trajectory point. Please resend the next point shortly"
[INFO] [1786960714.131176309] [cartesian_streamer]: IK delta clamped → joints: [1.639, 0.916, 0.775, 0.004, -1.402, -1.948]
[INFO] [1786960715.397755462] [cartesian_streamer]: IK OK → Δmax=0.0900 rad, joints: [1.565, 0.948, 0.979, -0.000, -1.532, -1.873]
[INFO] [1786960715.607794765] [cartesian_streamer]: QueueTrajPoint accepted #1280: t=22.450s, hold=False
[WARN] [1786960716.069964167] [cartesian_streamer]: Queue BUSY, sẽ resend (backoff 66ms): msg="Busy processing the previous trajectory point. Please resend the next point shortly"
[INFO] [1786960717.011331871] [cartesian_streamer]: Local IK không hội tụ (fail #1)
[INFO] [1786960717.062396107] [cartesian_streamer]: Runtime rate: state=streaming, tick_hz=15.0, queue_send_hz=11.2, ack_hz=10.8, busy_hz=0.4, retry_count=2, reject_count=0, inter_ack_ms=92.5, max_joint_delta=0.090, cumul_time=23.58s, hold_count=0, ik_mode=Local, ik_avg_ms=1.67, ik_fails=72
[WARN] [1786960717.612811818] [cartesian_streamer]: Local IK failed 10x liên tiếp! Fallback sang MoveIt! IK...
[INFO] [1786960717.613555959] [cartesian_streamer]: IK OK → Δmax=0.0238 rad, joints: [1.455, 0.968, 1.038, -0.007, -1.583, -1.764]
[INFO] [1786960717.696349909] [cartesian_streamer]: QueueTrajPoint accepted #1300: t=24.335s, hold=False
[INFO] [1786960719.065156570] [cartesian_streamer]: IK delta clamped → joints: [1.385, 0.933, 1.028, -0.016, -1.610, -1.674]
[INFO] [1786960719.279002031] [cartesian_streamer]: QueueTrajPoint accepted #1320: t=25.916s, hold=False
[INFO] [1786960719.663944116] [cartesian_streamer]: IK OK → Δmax=0.0900 rad, joints: [1.281, 0.859, 0.865, -0.017, -1.483, -1.632]
[WARN] [1786960720.144167037] [cartesian_streamer]: Queue BUSY, sẽ resend (backoff 66ms): msg="Busy processing the previous trajectory point. Please resend the next point shortly"
[INFO] [1786960721.130742858] [cartesian_streamer]: IK delta clamped → joints: [1.230, 0.806, 0.599, -0.021, -1.372, -1.530]
[INFO] [1786960721.275050863] [cartesian_streamer]: QueueTrajPoint accepted #1340: t=27.644s, hold=False
[INFO] [1786960721.730667415] [cartesian_streamer]: IK OK → Δmax=0.0900 rad, joints: [1.230, 0.835, 0.487, -0.021, -1.319, -1.531]
[INFO] [1786960722.062662909] [cartesian_streamer]: Runtime rate: state=streaming, tick_hz=15.0, queue_send_hz=11.4, ack_hz=11.2, busy_hz=0.2, retry_count=1, reject_count=0, inter_ack_ms=88.6, max_joint_delta=0.090, cumul_time=28.38s, hold_count=0, ik_mode=Local, ik_avg_ms=1.92, ik_fails=102
[WARN] [1786960722.088291244] [cartesian_streamer]: Queue BUSY, sẽ resend (backoff 66ms): msg="Busy processing the previous trajectory point. Please resend the next point shortly"
[INFO] [1786960723.197371268] [cartesian_streamer]: IK delta clamped → joints: [1.288, 0.789, 0.315, -0.019, -1.217, -1.587]
[INFO] [1786960723.253650365] [cartesian_streamer]: QueueTrajPoint accepted #1360: t=29.310s, hold=False
[INFO] [1786960723.798118995] [cartesian_streamer]: IK OK → Δmax=0.0900 rad, joints: [1.360, 0.830, 0.458, -0.013, -1.169, -1.663]
[INFO] [1786960724.816224183] [cartesian_streamer]: QueueTrajPoint accepted #1380: t=30.977s, hold=False
[INFO] [1786960725.197692947] [cartesian_streamer]: IK delta clamped → joints: [1.567, 0.817, 0.472, -0.000, -1.168, -1.829]
[INFO] [1786960725.864858183] [cartesian_streamer]: IK OK → Δmax=0.0900 rad, joints: [1.656, 0.886, 0.657, 0.005, -1.293, -1.882]
[INFO] [1786960726.351953055] [cartesian_streamer]: QueueTrajPoint accepted #1400: t=32.512s, hold=False
[INFO] [1786960727.129577993] [cartesian_streamer]: Runtime rate: state=streaming, tick_hz=15.0, queue_send_hz=11.6, ack_hz=11.2, busy_hz=0.2, retry_count=1, reject_count=0, inter_ack_ms=86.4, max_joint_delta=0.090, cumul_time=33.11s, hold_count=0, ik_mode=Local, ik_avg_ms=1.88, ik_fails=102
[INFO] [1786960727.198251621] [cartesian_streamer]: IK delta clamped → joints: [1.742, 0.696, 0.517, 0.011, -1.169, -1.967]
[INFO] [1786960727.932993820] [cartesian_streamer]: IK OK → Δmax=0.0900 rad, joints: [1.758, 0.539, 0.344, 0.013, -1.100, -2.037]
[INFO] [1786960728.417711967] [cartesian_streamer]: QueueTrajPoint accepted #1420: t=34.448s, hold=False
[INFO] [1786960729.263153588] [cartesian_streamer]: IK delta clamped → joints: [1.768, 0.450, 0.091, 0.013, -1.116, -2.082]
[INFO] [1786960729.997564173] [cartesian_streamer]: IK OK → Δmax=0.0900 rad, joints: [1.760, 0.452, -0.043, 0.013, -0.979, -2.076]
[WARN] [1786960730.139233028] [cartesian_streamer]: Queue BUSY, sẽ resend (backoff 66ms): msg="Busy processing the previous trajectory point. Please resend the next point shortly"
[INFO] [1786960730.480299184] [cartesian_streamer]: QueueTrajPoint accepted #1440: t=36.246s, hold=False
[INFO] [1786960731.264194750] [cartesian_streamer]: IK delta clamped → joints: [1.721, 0.639, -0.238, 0.015, -0.883, -2.041]
[WARN] [1786960731.614722996] [cartesian_streamer]: Queue BUSY, sẽ resend (backoff 66ms): msg="Busy processing the previous trajectory point. Please resend the next point shortly"
[INFO] [1786960731.997749854] [cartesian_streamer]: IK OK → Δmax=0.0900 rad, joints: [1.718, 0.724, -0.167, 0.015, -0.835, -2.038]
[INFO] [1786960732.195825887] [cartesian_streamer]: Runtime rate: state=streaming, tick_hz=15.0, queue_send_hz=10.1, ack_hz=9.9, busy_hz=0.4, retry_count=2, reject_count=0, inter_ack_ms=104.3, max_joint_delta=0.090, cumul_time=37.71s, hold_count=0, ik_mode=Local, ik_avg_ms=1.85, ik_fails=102
[INFO] [1786960732.585546300] [cartesian_streamer]: QueueTrajPoint accepted #1460: t=38.043s, hold=False
[INFO] [1786960733.264768883] [cartesian_streamer]: IK delta clamped → joints: [1.699, 0.787, 0.134, 0.009, -0.978, -2.012]
[INFO] [1786960734.064172844] [cartesian_streamer]: IK OK → Δmax=0.0900 rad, joints: [1.676, 0.868, 0.294, 0.006, -1.042, -1.986]
[INFO] [1786960734.137632195] [cartesian_streamer]: QueueTrajPoint accepted #1480: t=39.711s, hold=False
[INFO] [1786960734.878728741] [cartesian_streamer]: Local IK không hội tụ (fail #1)
[WARN] [1786960735.480764813] [cartesian_streamer]: Local IK failed 10x liên tiếp! Fallback sang MoveIt! IK...
[INFO] [1786960735.481866678] [cartesian_streamer]: IK delta clamped → joints: [1.653, 1.005, 0.441, 0.005, -1.101, -1.961]
[INFO] [1786960736.093897323] [cartesian_streamer]: IK OK → Δmax=0.0900 rad, joints: [1.653, 1.005, 0.564, 0.005, -1.150, -1.961]
[INFO] [1786960736.414810275] [cartesian_streamer]: QueueTrajPoint accepted #1500: t=41.790s, hold=False
[INFO] [1786960737.262853576] [cartesian_streamer]: Runtime rate: state=streaming, tick_hz=15.0, queue_send_hz=11.1, ack_hz=11.1, busy_hz=0.0, retry_count=0, reject_count=0, inter_ack_ms=90.7, max_joint_delta=0.090, cumul_time=42.72s, hold_count=0, ik_mode=Local, ik_avg_ms=2.13, ik_fails=137
[WARN] [1786960737.546011728] [cartesian_streamer]: Local IK failed 40x liên tiếp! Fallback sang MoveIt! IK...
[INFO] [1786960737.546736793] [cartesian_streamer]: IK delta clamped → joints: [1.653, 1.005, 0.828, 0.005, -1.255, -1.961]
[INFO] [1786960738.147662525] [cartesian_streamer]: IK OK → Δmax=0.0900 rad, joints: [1.653, 1.005, 0.946, 0.005, -1.303, -1.961]
[INFO] [1786960738.315642700] [cartesian_streamer]: QueueTrajPoint accepted #1520: t=43.526s, hold=False
[WARN] [1786960738.756684333] [cartesian_streamer]: Queue BUSY, sẽ resend (backoff 66ms): msg="Busy processing the previous trajectory point. Please resend the next point shortly"
[WARN] [1786960739.550015427] [cartesian_streamer]: Local IK failed 69x liên tiếp! Fallback sang MoveIt! IK...
[INFO] [1786960739.552698180] [cartesian_streamer]: IK delta clamped → joints: [1.653, 1.005, 1.019, 0.005, -1.399, -1.961]
[INFO] [1786960740.198589391] [cartesian_streamer]: IK OK → Δmax=0.0900 rad, joints: [1.565, 0.871, 0.899, -0.000, -1.440, -1.874]
[INFO] [1786960740.609801849] [cartesian_streamer]: QueueTrajPoint accepted #1540: t=45.640s, hold=False
[INFO] [1786960741.597594048] [cartesian_streamer]: IK delta clamped → joints: [1.555, 0.565, 0.592, -0.001, -1.434, -1.863]
[INFO] [1786960742.263892641] [cartesian_streamer]: IK OK → Δmax=0.0900 rad, joints: [1.551, 0.567, 0.472, -0.001, -1.314, -1.859]
[INFO] [1786960742.329381231] [cartesian_streamer]: Runtime rate: state=streaming, tick_hz=15.0, queue_send_hz=9.3, ack_hz=9.1, busy_hz=0.2, retry_count=1, reject_count=0, inter_ack_ms=109.7, max_joint_delta=0.090, cumul_time=47.31s, hold_count=0, ik_mode=Local, ik_avg_ms=2.38, ik_fails=172
[INFO] [1786960742.412117743] [cartesian_streamer]: QueueTrajPoint accepted #1560: t=47.441s, hold=False
[INFO] [1786960743.664604863] [cartesian_streamer]: IK delta clamped → joints: [1.520, 0.448, 0.206, -0.003, -1.207, -1.827]
[INFO] [1786960744.330800081] [cartesian_streamer]: IK OK → Δmax=0.0900 rad, joints: [1.503, 0.348, 0.059, -0.005, -1.148, -1.808]
[INFO] [1786960744.350659010] [cartesian_streamer]: QueueTrajPoint accepted #1580: t=49.373s, hold=False
[INFO] [1786960745.730933263] [cartesian_streamer]: IK delta clamped → joints: [1.617, 0.454, -0.159, 0.003, -1.031, -1.927]
[INFO] [1786960745.851966296] [cartesian_streamer]: Disable Robot: dừng stream, tắt traj mode...
[INFO] [1786960745.852717400] [cartesian_streamer]: ✗ Robot DISABLED.
[INFO] [1786960786.573685046] [cartesian_streamer]: Enable Robot: bắt đầu chuỗi khởi động...
[INFO] [1786960786.573951076] [cartesian_streamer]: Enable: reset_error...
[INFO] [1786960786.587240614] [cartesian_streamer]: reset_error: code=1, msg="success"
[INFO] [1786960786.587574753] [cartesian_streamer]: Enable: stop_traj_mode (giải phóng mode cũ)...
[INFO] [1786960786.639316624] [cartesian_streamer]: stop_traj_mode: success=True, code=N/A, msg=""
[INFO] [1786960786.639573608] [cartesian_streamer]: Enable: chờ 1.5s để hệ thống ổn định trước khi start queue...
[INFO] [1786960788.140947973] [cartesian_streamer]: Enable: StartPointQueueMode...
[INFO] [1786960789.572743575] [cartesian_streamer]: StartPointQueueMode response: code=1, msg=""
[INFO] [1786960789.573181109] [cartesian_streamer]: ✓ Robot ENABLED — Point Queue Mode active. Servo ON!
[INFO] [1786960789.595630186] [cartesian_streamer]: Runtime rate: state=seeding, tick_hz=1.1, queue_send_hz=0.8, ack_hz=0.8, busy_hz=0.0, retry_count=0, reject_count=0, inter_ack_ms=93.0, max_joint_delta=0.090, cumul_time=0.00s, hold_count=0, ik_mode=Local, ik_avg_ms=2.34, ik_fails=172
[WARN] [1786960789.595940440] [cartesian_streamer]: Target stream stale: không có target mới trong 43.7s
[WARN] [1786960789.596213815] [cartesian_streamer]: QueueTrajPoint đã được accept nhưng joint_states hầu như không đổi. Kiểm tra: 1) Robot ở mode AUTO? 2) Servo ON? 3) E-stop cleared?
[INFO] [1786960789.596817171] [cartesian_streamer]: Bootstrap EE pose via FK: (-0.1620, 0.3090, 0.3882)
[INFO] [1786960789.597276005] [cartesian_streamer]: Đã gửi seed point (current joints, t=0), chờ ACK...
[INFO] [1786960789.614892732] [cartesian_streamer]: Seed ACK nhận được, bắt đầu prebuffer.
[INFO] [1786960789.778453754] [cartesian_streamer]: QueueTrajPoint accepted #1600: t=0.065s, hold=True
[INFO] [1786960790.059555061] [cartesian_streamer]: Pre-buffer hoàn tất (3 points), bắt đầu stream ổn định. Đang chờ target...
[INFO] [1786960791.752452475] [cartesian_streamer]: QueueTrajPoint accepted #1620: t=2.065s, hold=True
[INFO] [1786960793.916458953] [cartesian_streamer]: QueueTrajPoint accepted #1640: t=4.066s, hold=True
[INFO] [1786960794.596504782] [cartesian_streamer]: Runtime rate: state=streaming, tick_hz=15.0, queue_send_hz=9.6, ack_hz=9.6, busy_hz=0.0, retry_count=0, reject_count=0, inter_ack_ms=1011.5, max_joint_delta=0.000, cumul_time=4.73s, hold_count=47, ik_mode=Local, ik_avg_ms=2.34, ik_fails=172
[WARN] [1786960794.596829453] [cartesian_streamer]: Target stream stale: không có target mới trong 48.7s
[INFO] [1786960795.398212477] [cartesian_streamer]: IK OK → Δmax=0.0197 rad, joints: [1.588, 0.135, -0.983, 0.002, -0.394, -1.898]
[WARN] [1786960795.463028019] [cartesian_streamer]: QueueTrajPoint đã được accept nhưng joint_states hầu như không đổi. Kiểm tra: 1) Robot ở mode AUTO? 2) Servo ON? 3) E-stop cleared?
[INFO] [1786960796.206996308] [cartesian_streamer]: QueueTrajPoint accepted #1660: t=6.069s, hold=False
[INFO] [1786960796.997542473] [cartesian_streamer]: IK delta clamped → joints: [1.548, 0.011, -1.038, -0.003, -0.475, -1.853]
[INFO] [1786960797.398716182] [cartesian_streamer]: IK OK → Δmax=0.0900 rad, joints: [1.529, -0.096, -1.038, -0.004, -0.540, -1.834]
[INFO] [1786960798.004014985] [cartesian_streamer]: QueueTrajPoint accepted #1680: t=8.002s, hold=False
[INFO] [1786960799.063875289] [cartesian_streamer]: IK delta clamped → joints: [1.629, 0.064, -0.663, 0.005, -0.673, -1.941]
[INFO] [1786960799.463691752] [cartesian_streamer]: IK OK → Δmax=0.0900 rad, joints: [1.632, 0.132, -0.583, 0.005, -0.705, -1.944]
[INFO] [1786960799.662414361] [cartesian_streamer]: Runtime rate: state=streaming, tick_hz=15.0, queue_send_hz=10.5, ack_hz=10.5, busy_hz=0.0, retry_count=0, reject_count=0, inter_ack_ms=96.3, max_joint_delta=0.090, cumul_time=9.54s, hold_count=0, ik_mode=Local, ik_avg_ms=2.30, ik_fails=172
[INFO] [1786960799.678219396] [cartesian_streamer]: QueueTrajPoint accepted #1700: t=9.668s, hold=False
[INFO] [1786960801.063887488] [cartesian_streamer]: IK delta clamped → joints: [1.627, 0.416, -0.277, 0.004, -0.828, -1.937]
[INFO] [1786960801.463819419] [cartesian_streamer]: QueueTrajPoint accepted #1720: t=11.336s, hold=False
[INFO] [1786960801.464205376] [cartesian_streamer]: IK OK → Δmax=0.0900 rad, joints: [1.635, 0.492, -0.197, 0.004, -0.860, -1.945]
[INFO] [1786960803.132171538] [cartesian_streamer]: IK delta clamped → joints: [1.640, 0.854, 0.123, 0.004, -0.987, -1.950]
[INFO] [1786960803.135095224] [cartesian_streamer]: QueueTrajPoint accepted #1740: t=13.134s, hold=False
[INFO] [1786960803.530292158] [cartesian_streamer]: IK OK → Δmax=0.0900 rad, joints: [1.643, 0.960, 0.229, 0.004, -1.030, -1.952]
[INFO] [1786960803.744495601] [cartesian_streamer]: Local IK không hội tụ (fail #1)
[WARN] [1786960804.345057222] [cartesian_streamer]: Local IK failed 10x liên tiếp! Fallback sang MoveIt! IK...
[INFO] [1786960804.729041500] [cartesian_streamer]: Runtime rate: state=streaming, tick_hz=15.0, queue_send_hz=11.6, ack_hz=11.4, busy_hz=0.0, retry_count=0, reject_count=0, inter_ack_ms=85.9, max_joint_delta=0.090, cumul_time=14.68s, hold_count=0, ik_mode=Local, ik_avg_ms=2.36, ik_fails=187
[INFO] [1786960805.018225548] [cartesian_streamer]: QueueTrajPoint accepted #1760: t=14.882s, hold=False
[INFO] [1786960805.148201080] [cartesian_streamer]: IK delta clamped → joints: [1.644, 1.035, 0.430, 0.004, -1.110, -1.952]
[INFO] [1786960805.550577865] [cartesian_streamer]: IK OK → Δmax=0.0900 rad, joints: [1.644, 1.035, 0.497, 0.004, -1.137, -1.952]
[WARN] [1786960806.350658355] [cartesian_streamer]: Local IK failed 40x liên tiếp! Fallback sang MoveIt! IK...
[INFO] [1786960806.690511214] [cartesian_streamer]: QueueTrajPoint accepted #1780: t=16.614s, hold=False
[INFO] [1786960807.212443789] [cartesian_streamer]: IK delta clamped → joints: [1.644, 1.035, 0.806, 0.004, -1.260, -1.952]
[INFO] [1786960807.597122745] [cartesian_streamer]: IK OK → Δmax=0.0900 rad, joints: [1.701, 0.921, 0.797, 0.008, -1.285, -2.009]
[INFO] [1786960808.802348373] [cartesian_streamer]: QueueTrajPoint accepted #1800: t=18.599s, hold=False
[INFO] [1786960809.262997658] [cartesian_streamer]: IK delta clamped → joints: [1.714, 0.741, 0.433, 0.009, -1.147, -2.026]
[INFO] [1786960809.663565115] [cartesian_streamer]: IK OK → Δmax=0.0900 rad, joints: [1.702, 0.778, 0.353, 0.009, -1.115, -2.014]
[INFO] [1786960809.795784163] [cartesian_streamer]: Runtime rate: state=streaming, tick_hz=15.0, queue_send_hz=10.9, ack_hz=11.1, busy_hz=0.0, retry_count=0, reject_count=0, inter_ack_ms=91.3, max_joint_delta=0.090, cumul_time=19.53s, hold_count=0, ik_mode=Local, ik_avg_ms=2.60, ik_fails=224
[INFO] [1786960810.418769242] [cartesian_streamer]: QueueTrajPoint accepted #1820: t=20.198s, hold=False
[INFO] [1786960811.263757543] [cartesian_streamer]: IK delta clamped → joints: [1.736, 0.833, 0.233, 0.012, -0.993, -2.051]
[INFO] [1786960811.730818542] [cartesian_streamer]: IK OK → Δmax=0.0818 rad, joints: [1.804, 0.851, 0.320, 0.016, -0.983, -2.120]
[INFO] [1786960812.781832385] [cartesian_streamer]: QueueTrajPoint accepted #1840: t=22.401s, hold=False
[INFO] [1786960813.331335200] [cartesian_streamer]: IK delta clamped → joints: [1.894, 0.851, 0.468, 0.020, -1.141, -2.211]
[INFO] [1786960813.731168525] [cartesian_streamer]: IK OK → Δmax=0.0900 rad, joints: [1.875, 0.860, 0.561, 0.019, -1.195, -2.189]
[INFO] [1786960814.340593778] [cartesian_streamer]: QueueTrajPoint accepted #1860: t=24.066s, hold=False
[INFO] [1786960814.862271683] [cartesian_streamer]: Runtime rate: state=streaming, tick_hz=15.0, queue_send_hz=10.3, ack_hz=10.3, busy_hz=0.0, retry_count=0, reject_count=0, inter_ack_ms=97.2, max_joint_delta=0.090, cumul_time=24.53s, hold_count=0, ik_mode=Local, ik_avg_ms=2.54, ik_fails=224
[INFO] [1786960814.885123849] [cartesian_streamer]: Local IK không hội tụ (fail #1)
[WARN] [1786960815.488084828] [cartesian_streamer]: Local IK failed 10x liên tiếp! Fallback sang MoveIt! IK...
[INFO] [1786960815.489120649] [cartesian_streamer]: IK delta clamped → joints: [1.800, 1.042, 0.788, 0.013, -1.286, -2.109]
[INFO] [1786960815.756190150] [cartesian_streamer]: IK OK → Δmax=0.0900 rad, joints: [1.800, 1.042, 0.817, 0.013, -1.298, -2.109]
[INFO] [1786960816.454244611] [cartesian_streamer]: QueueTrajPoint accepted #1880: t=25.990s, hold=False
[INFO] [1786960816.681642121] [cartesian_streamer]: Local IK không hội tụ (fail #1)
[WARN] [1786960817.499744048] [cartesian_streamer]: Local IK failed 13x liên tiếp! Fallback sang MoveIt! IK...
[INFO] [1786960817.503132579] [cartesian_streamer]: IK delta clamped → joints: [1.717, 1.102, 1.044, 0.009, -1.406, -2.026]
[INFO] [1786960817.815890572] [cartesian_streamer]: IK OK → Δmax=0.0900 rad, joints: [1.717, 1.102, 1.044, 0.009, -1.413, -2.026]
[INFO] [1786960818.647872528] [cartesian_streamer]: QueueTrajPoint accepted #1900: t=28.016s, hold=False
[WARN] [1786960819.547945574] [cartesian_streamer]: Local IK failed 42x liên tiếp! Fallback sang MoveIt! IK...
[INFO] [1786960819.816984284] [cartesian_streamer]: IK OK → Δmax=0.0000 rad, joints: [1.717, 1.102, 1.044, 0.009, -1.455, -2.026]
[INFO] [1786960819.929179352] [cartesian_streamer]: Runtime rate: state=streaming, tick_hz=15.0, queue_send_hz=10.1, ack_hz=10.1, busy_hz=0.0, retry_count=0, reject_count=0, inter_ack_ms=99.8, max_joint_delta=0.090, cumul_time=29.41s, hold_count=0, ik_mode=Local, ik_avg_ms=3.00, ik_fails=288
[INFO] [1786960820.201745875] [cartesian_streamer]: QueueTrajPoint accepted #1920: t=29.725s, hold=False
[INFO] [1786960820.331059972] [cartesian_streamer]: IK delta clamped → joints: [1.661, 1.042, 0.980, 0.005, -1.411, -1.970]
[WARN] [1786960821.272130105] [cartesian_streamer]: Queue BUSY, sẽ resend (backoff 66ms): msg="Busy processing the previous trajectory point. Please resend the next point shortly"
[INFO] [1786960821.865121559] [cartesian_streamer]: IK OK → Δmax=0.0900 rad, joints: [1.672, 0.744, 0.700, 0.007, -1.257, -1.984]
[INFO] [1786960822.298741241] [cartesian_streamer]: QueueTrajPoint accepted #1940: t=31.392s, hold=False
[INFO] [1786960822.332999677] [cartesian_streamer]: IK delta clamped → joints: [1.654, 0.678, 0.633, 0.006, -1.231, -1.965]
[INFO] [1786960823.931459710] [cartesian_streamer]: IK OK → Δmax=0.0900 rad, joints: [1.653, 0.589, 0.314, 0.006, -1.103, -1.964]
[INFO] [1786960824.251989619] [cartesian_streamer]: QueueTrajPoint accepted #1960: t=33.323s, hold=False
[INFO] [1786960824.396973986] [cartesian_streamer]: IK delta clamped → joints: [1.654, 0.604, 0.207, 0.006, -1.060, -1.965]
[INFO] [1786960824.929703073] [cartesian_streamer]: Runtime rate: state=streaming, tick_hz=15.0, queue_send_hz=10.6, ack_hz=10.2, busy_hz=0.2, retry_count=1, reject_count=0, inter_ack_ms=96.4, max_joint_delta=0.090, cumul_time=34.06s, hold_count=0, ik_mode=Local, ik_avg_ms=2.97, ik_fails=292
[INFO] [1786960825.998478102] [cartesian_streamer]: IK OK → Δmax=0.0198 rad, joints: [1.578, 0.663, 0.198, 0.001, -1.047, -1.887]
[INFO] [1786960826.143299693] [cartesian_streamer]: QueueTrajPoint accepted #1980: t=35.186s, hold=False
[INFO] [1786960827.815650278] [cartesian_streamer]: QueueTrajPoint accepted #2000: t=36.853s, hold=False
[INFO] [1786960828.064338933] [cartesian_streamer]: IK OK → Δmax=0.0068 rad, joints: [1.425, 0.781, 0.369, -0.009, -1.101, -1.729]
[INFO] [1786960829.617498595] [cartesian_streamer]: QueueTrajPoint accepted #2020: t=38.588s, hold=False
[INFO] [1786960829.995917561] [cartesian_streamer]: Runtime rate: state=streaming, tick_hz=15.0, queue_send_hz=11.3, ack_hz=11.4, busy_hz=0.0, retry_count=0, reject_count=0, inter_ack_ms=88.5, max_joint_delta=0.090, cumul_time=38.92s, hold_count=0, ik_mode=Local, ik_avg_ms=2.91, ik_fails=292
[INFO] [1786960830.065457029] [cartesian_streamer]: IK OK → Δmax=0.0092 rad, joints: [1.281, 0.900, 0.596, -0.018, -1.211, -1.584]
[INFO] [1786960831.122222782] [cartesian_streamer]: QueueTrajPoint accepted #2040: t=39.988s, hold=False
[INFO] [1786960832.130093514] [cartesian_streamer]: IK OK → Δmax=0.0286 rad, joints: [1.212, 0.911, 0.641, -0.022, -1.247, -1.514]
[INFO] [1786960832.678850214] [cartesian_streamer]: QueueTrajPoint accepted #2060: t=41.653s, hold=False
[INFO] [1786960833.196781192] [cartesian_streamer]: IK delta clamped → joints: [1.356, 0.848, 0.527, -0.013, -1.194, -1.655]
[INFO] [1786960834.130692241] [cartesian_streamer]: IK OK → Δmax=0.0900 rad, joints: [1.489, 0.800, 0.444, -0.005, -1.157, -1.719]
[WARN] [1786960834.204308397] [cartesian_streamer]: Queue BUSY, sẽ resend (backoff 66ms): msg="Busy processing the previous trajectory point. Please resend the next point shortly"
[INFO] [1786960834.743454307] [cartesian_streamer]: QueueTrajPoint accepted #2080: t=43.519s, hold=False
[INFO] [1786960834.996711025] [cartesian_streamer]: Runtime rate: state=streaming, tick_hz=15.0, queue_send_hz=11.6, ack_hz=11.4, busy_hz=0.2, retry_count=1, reject_count=0, inter_ack_ms=88.0, max_joint_delta=0.090, cumul_time=43.72s, hold_count=0, ik_mode=Local, ik_avg_ms=2.86, ik_fails=292
[INFO] [1786960835.196850873] [cartesian_streamer]: IK delta clamped → joints: [1.641, 0.802, 0.401, 0.005, -1.111, -1.804]
[INFO] [1786960836.131269288] [cartesian_streamer]: IK OK → Δmax=0.0900 rad, joints: [1.746, 0.865, 0.330, 0.012, -0.979, -1.879]
[INFO] [1786960836.345418598] [cartesian_streamer]: QueueTrajPoint accepted #2100: t=45.119s, hold=False
[INFO] [1786960837.263470100] [cartesian_streamer]: IK delta clamped → joints: [1.768, 0.878, 0.283, 0.014, -0.919, -1.970]
[INFO] [1786960838.197122182] [cartesian_streamer]: IK OK → Δmax=0.0900 rad, joints: [1.771, 0.803, 0.434, 0.013, -1.088, -2.033]
[INFO] [1786960838.744312622] [cartesian_streamer]: QueueTrajPoint accepted #2120: t=47.384s, hold=False
[INFO] [1786960839.330282762] [cartesian_streamer]: IK delta clamped → joints: [1.746, 0.864, 0.711, 0.010, -1.184, -2.055]
[INFO] [1786960839.676262798] [cartesian_streamer]: Local IK không hội tụ (fail #1)
[INFO] [1786960839.996307403] [cartesian_streamer]: Runtime rate: state=streaming, tick_hz=15.0, queue_send_hz=10.6, ack_hz=10.6, busy_hz=0.0, retry_count=0, reject_count=0, inter_ack_ms=94.4, max_joint_delta=0.090, cumul_time=48.60s, hold_count=3, ik_mode=Local, ik_avg_ms=2.84, ik_fails=297
[WARN] [1786960840.289354594] [cartesian_streamer]: Local IK failed 10x liên tiếp! Fallback sang MoveIt! IK...
[INFO] [1786960840.290844480] [cartesian_streamer]: IK OK → Δmax=0.0900 rad, joints: [1.736, 0.918, 0.778, 0.010, -1.211, -2.043]
[INFO] [1786960840.366098620] [cartesian_streamer]: QueueTrajPoint accepted #2140: t=49.000s, hold=False
[INFO] [1786960841.331050476] [cartesian_streamer]: IK delta clamped → joints: [1.721, 0.733, 0.679, 0.009, -1.289, -2.031]
[INFO] [1786960842.129783135] [cartesian_streamer]: QueueTrajPoint accepted #2160: t=50.584s, hold=False
[INFO] [1786960842.331729684] [cartesian_streamer]: IK OK → Δmax=0.0798 rad, joints: [1.692, 0.520, 0.465, 0.008, -1.109, -2.004]
[INFO] [1786960843.331300665] [cartesian_streamer]: IK delta clamped → joints: [1.708, 0.467, 0.332, 0.009, -1.093, -2.021]
[INFO] [1786960843.999268345] [cartesian_streamer]: QueueTrajPoint accepted #2180: t=52.251s, hold=False
[INFO] [1786960844.397792292] [cartesian_streamer]: IK OK → Δmax=0.0900 rad, joints: [1.653, 0.402, 0.092, 0.006, -0.949, -1.965]
[INFO] [1786960845.062749993] [cartesian_streamer]: Runtime rate: state=streaming, tick_hz=15.0, queue_send_hz=11.3, ack_hz=11.1, busy_hz=0.0, retry_count=0, reject_count=0, inter_ack_ms=87.7, max_joint_delta=0.090, cumul_time=53.32s, hold_count=0, ik_mode=Local, ik_avg_ms=2.83, ik_fails=305
[INFO] [1786960845.396981194] [cartesian_streamer]: IK delta clamped → joints: [1.618, 0.568, -0.028, 0.004, -0.901, -1.929]
[INFO] [1786960846.127827788] [cartesian_streamer]: QueueTrajPoint accepted #2200: t=54.251s, hold=False
[WARN] [1786960846.210653206] [cartesian_streamer]: Queue BUSY, sẽ resend (backoff 66ms): msg="Busy processing the previous trajectory point. Please resend the next point shortly"
[INFO] [1786960846.531161714] [cartesian_streamer]: IK OK → Δmax=0.0900 rad, joints: [1.600, 0.709, -0.052, 0.003, -0.810, -1.910]
[INFO] [1786960847.397622188] [cartesian_streamer]: IK delta clamped → joints: [1.638, 0.782, 0.086, 0.005, -0.980, -1.948]
[WARN] [1786960847.739356148] [cartesian_streamer]: Queue BUSY, sẽ resend (backoff 66ms): msg="Busy processing the previous trajectory point. Please resend the next point shortly"
[INFO] [1786960848.597259547] [cartesian_streamer]: IK OK → Δmax=0.0900 rad, joints: [1.703, 1.016, 0.299, 0.008, -1.065, -2.013]
[INFO] [1786960848.611173090] [cartesian_streamer]: QueueTrajPoint accepted #2220: t=55.982s, hold=False
[INFO] [1786960848.882750479] [cartesian_streamer]: Local IK không hội tụ (fail #1)
[WARN] [1786960849.479112970] [cartesian_streamer]: Local IK failed 10x liên tiếp! Fallback sang MoveIt! IK...
[INFO] [1786960849.479873643] [cartesian_streamer]: IK delta clamped → joints: [1.715, 1.062, 0.339, 0.008, -1.081, -2.024]
[INFO] [1786960850.128944725] [cartesian_streamer]: Runtime rate: state=streaming, tick_hz=15.0, queue_send_hz=10.1, ack_hz=9.5, busy_hz=0.8, retry_count=4, reject_count=0, inter_ack_ms=108.7, max_joint_delta=0.090, cumul_time=57.46s, hold_count=0, ik_mode=Local, ik_avg_ms=2.90, ik_fails=324
[INFO] [1786960850.282880460] [cartesian_streamer]: QueueTrajPoint accepted #2240: t=57.532s, hold=False
[INFO] [1786960850.616308237] [cartesian_streamer]: IK OK → Δmax=0.0900 rad, joints: [1.715, 1.078, 0.553, 0.008, -1.166, -2.024]
[INFO] [1786960851.384135443] [cartesian_streamer]: Disable Robot: dừng stream, tắt traj mode...
[INFO] [1786960851.384849758] [cartesian_streamer]: ✗ Robot DISABLED.
[INFO] [1786960905.094816303] [cartesian_streamer]: Enable Robot: bắt đầu chuỗi khởi động...
[INFO] [1786960905.095100378] [cartesian_streamer]: Enable: reset_error...
[INFO] [1786960905.107751102] [cartesian_streamer]: reset_error: code=1, msg="success"
[INFO] [1786960905.108173117] [cartesian_streamer]: Enable: stop_traj_mode (giải phóng mode cũ)...
[INFO] [1786960905.158961522] [cartesian_streamer]: stop_traj_mode: success=True, code=N/A, msg=""
[INFO] [1786960905.159279311] [cartesian_streamer]: Enable: chờ 1.5s để hệ thống ổn định trước khi start queue...
[INFO] [1786960906.660392667] [cartesian_streamer]: Enable: StartPointQueueMode...
[INFO] [1786960908.138776490] [cartesian_streamer]: StartPointQueueMode response: code=1, msg=""
[INFO] [1786960908.139045526] [cartesian_streamer]: ✓ Robot ENABLED — Point Queue Mode active. Servo ON!
[INFO] [1786960908.197345377] [cartesian_streamer]: Runtime rate: state=seeding, tick_hz=0.3, queue_send_hz=0.3, ack_hz=0.3, busy_hz=0.0, retry_count=0, reject_count=0, inter_ack_ms=94.6, max_joint_delta=0.090, cumul_time=0.00s, hold_count=0, ik_mode=Local, ik_avg_ms=2.99, ik_fails=343
[WARN] [1786960908.198048261] [cartesian_streamer]: Target stream stale: không có target mới trong 56.8s
[WARN] [1786960908.198429218] [cartesian_streamer]: QueueTrajPoint đã được accept nhưng joint_states hầu như không đổi. Kiểm tra: 1) Robot ở mode AUTO? 2) Servo ON? 3) E-stop cleared?
[INFO] [1786960908.198961531] [cartesian_streamer]: Bootstrap EE pose via FK: (-0.1620, 0.3099, 0.3883)
[INFO] [1786960908.199393635] [cartesian_streamer]: Đã gửi seed point (current joints, t=0), chờ ACK...
[INFO] [1786960908.211402059] [cartesian_streamer]: Seed ACK nhận được, bắt đầu prebuffer.
[INFO] [1786960908.512883603] [cartesian_streamer]: Pre-buffer hoàn tất (3 points), bắt đầu stream ổn định. Đang chờ target...
[INFO] [1786960908.712981320] [cartesian_streamer]: QueueTrajPoint accepted #2260: t=0.396s, hold=True
[WARN] [1786960909.871814550] [cartesian_streamer]: Queue BUSY, sẽ resend (backoff 66ms): msg="Busy processing the previous trajectory point. Please resend the next point shortly"
[INFO] [1786960910.878282444] [cartesian_streamer]: QueueTrajPoint accepted #2280: t=2.330s, hold=True
[WARN] [1786960911.349887346] [cartesian_streamer]: Local IK failed 39x liên tiếp! Fallback sang MoveIt! IK...
[INFO] [1786960911.350692452] [cartesian_streamer]: IK delta clamped → joints: [1.641, 0.195, -0.931, 0.008, -0.476, -1.969]
[INFO] [1786960911.351858789] [cartesian_streamer]: IK OK → Δmax=0.0900 rad, joints: [1.641, 0.195, -0.931, 0.008, -0.476, -1.969]
[INFO] [1786960912.655335673] [cartesian_streamer]: QueueTrajPoint accepted #2300: t=3.999s, hold=False
[INFO] [1786960913.196881289] [cartesian_streamer]: Runtime rate: state=streaming, tick_hz=15.0, queue_send_hz=10.8, ack_hz=10.4, busy_hz=0.2, retry_count=1, reject_count=0, inter_ack_ms=1183.9, max_joint_delta=0.090, cumul_time=4.60s, hold_count=0, ik_mode=Local, ik_avg_ms=2.98, ik_fails=345
[INFO] [1786960913.397792257] [cartesian_streamer]: IK delta clamped → joints: [1.590, -0.203, -0.948, 0.002, -0.545, -1.900]
[INFO] [1786960913.398159018] [cartesian_streamer]: IK OK → Δmax=0.0900 rad, joints: [1.590, -0.203, -0.948, 0.002, -0.545, -1.900]
[INFO] [1786960914.350286857] [cartesian_streamer]: QueueTrajPoint accepted #2320: t=5.799s, hold=False
[INFO] [1786960915.463769221] [cartesian_streamer]: IK delta clamped → joints: [1.570, 0.126, -0.482, -0.000, -0.715, -1.879]
[INFO] [1786960915.464065068] [cartesian_streamer]: IK OK → Δmax=0.0900 rad, joints: [1.570, 0.126, -0.482, -0.000, -0.715, -1.879]
[INFO] [1786960915.874156568] [cartesian_streamer]: QueueTrajPoint accepted #2340: t=7.333s, hold=False
[INFO] [1786960917.482156453] [cartesian_streamer]: QueueTrajPoint accepted #2360: t=8.932s, hold=False
[INFO] [1786960917.530582059] [cartesian_streamer]: IK delta clamped → joints: [1.556, 0.515, -0.068, -0.001, -0.881, -1.864]
[INFO] [1786960917.530980680] [cartesian_streamer]: IK OK → Δmax=0.0900 rad, joints: [1.556, 0.515, -0.068, -0.001, -0.881, -1.864]
[INFO] [1786960918.262459830] [cartesian_streamer]: Runtime rate: state=streaming, tick_hz=15.0, queue_send_hz=12.0, ack_hz=12.2, busy_hz=0.0, retry_count=0, reject_count=0, inter_ack_ms=82.7, max_joint_delta=0.090, cumul_time=9.67s, hold_count=0, ik_mode=Local, ik_avg_ms=2.93, ik_fails=345
[INFO] [1786960919.279237308] [cartesian_streamer]: QueueTrajPoint accepted #2380: t=10.732s, hold=False
[INFO] [1786960919.531166244] [cartesian_streamer]: IK delta clamped → joints: [1.546, 0.896, 0.332, -0.002, -1.041, -1.854]
[INFO] [1786960919.531675653] [cartesian_streamer]: IK OK → Δmax=0.0900 rad, joints: [1.546, 0.896, 0.332, -0.002, -1.041, -1.854]
[INFO] [1786960921.006385044] [cartesian_streamer]: QueueTrajPoint accepted #2400: t=12.466s, hold=False
[INFO] [1786960921.597076872] [cartesian_streamer]: IK delta clamped → joints: [1.559, 0.750, 0.712, -0.001, -1.206, -1.868]
[INFO] [1786960921.597581873] [cartesian_streamer]: IK OK → Δmax=0.0900 rad, joints: [1.559, 0.750, 0.712, -0.001, -1.206, -1.868]
[INFO] [1786960922.690337965] [cartesian_streamer]: QueueTrajPoint accepted #2420: t=14.132s, hold=False
[WARN] [1786960922.948519275] [cartesian_streamer]: Queue BUSY, sẽ resend (backoff 66ms): msg="Busy processing the previous trajectory point. Please resend the next point shortly"
[INFO] [1786960923.329204305] [cartesian_streamer]: Runtime rate: state=streaming, tick_hz=15.0, queue_send_hz=11.4, ack_hz=11.1, busy_hz=0.2, retry_count=1, reject_count=0, inter_ack_ms=89.5, max_joint_delta=0.090, cumul_time=14.53s, hold_count=0, ik_mode=Local, ik_avg_ms=2.88, ik_fails=345
[INFO] [1786960923.664089345] [cartesian_streamer]: IK delta clamped → joints: [1.572, 0.643, 0.412, 0.000, -1.179, -1.880]
[INFO] [1786960923.664380874] [cartesian_streamer]: IK OK → Δmax=0.0700 rad, joints: [1.572, 0.643, 0.412, 0.000, -1.179, -1.880]
[WARN] [1786960924.074434672] [cartesian_streamer]: Queue BUSY, sẽ resend (backoff 66ms): msg="Busy processing the previous trajectory point. Please resend the next point shortly"
[INFO] [1786960925.089152792] [cartesian_streamer]: QueueTrajPoint accepted #2440: t=15.933s, hold=False
[INFO] [1786960925.730240345] [cartesian_streamer]: IK OK → Δmax=0.0509 rad, joints: [1.670, 0.711, 0.372, 0.006, -1.174, -1.981]
[INFO] [1786960926.396706472] [cartesian_streamer]: IK delta clamped → joints: [1.764, 0.710, 0.389, 0.012, -1.192, -2.073]
[INFO] [1786960926.551495663] [cartesian_streamer]: QueueTrajPoint accepted #2460: t=17.531s, hold=False
[INFO] [1786960927.796807559] [cartesian_streamer]: IK OK → Δmax=0.0373 rad, joints: [1.693, 0.666, 0.311, 0.008, -1.158, -2.004]
[INFO] [1786960928.250903367] [cartesian_streamer]: QueueTrajPoint accepted #2480: t=19.131s, hold=False
[INFO] [1786960928.331952129] [cartesian_streamer]: Runtime rate: state=streaming, tick_hz=15.0, queue_send_hz=11.4, ack_hz=11.4, busy_hz=0.2, retry_count=1, reject_count=0, inter_ack_ms=88.6, max_joint_delta=0.090, cumul_time=19.26s, hold_count=0, ik_mode=Local, ik_avg_ms=2.84, ik_fails=345
[INFO] [1786960929.130172046] [cartesian_streamer]: IK delta clamped → joints: [1.537, 0.584, 0.173, -0.002, -1.102, -1.845]
[INFO] [1786960929.753147741] [cartesian_streamer]: QueueTrajPoint accepted #2500: t=20.731s, hold=False
[INFO] [1786960929.796995656] [cartesian_streamer]: IK OK → Δmax=0.0900 rad, joints: [1.456, 0.557, 0.135, -0.007, -1.092, -1.792]
[INFO] [1786960931.196491242] [cartesian_streamer]: IK delta clamped → joints: [1.284, 0.532, 0.124, -0.018, -1.106, -1.680]
[INFO] [1786960931.541946097] [cartesian_streamer]: QueueTrajPoint accepted #2520: t=22.531s, hold=False
[INFO] [1786960931.863669710] [cartesian_streamer]: IK OK → Δmax=0.0537 rad, joints: [1.360, 0.551, 0.151, -0.014, -1.114, -1.663]
[INFO] [1786960933.197125870] [cartesian_streamer]: IK delta clamped → joints: [1.591, 0.622, 0.234, 0.001, -1.125, -1.869]
[INFO] [1786960933.395996235] [cartesian_streamer]: Runtime rate: state=streaming, tick_hz=15.0, queue_send_hz=11.6, ack_hz=11.4, busy_hz=0.0, retry_count=0, reject_count=0, inter_ack_ms=86.1, max_joint_delta=0.090, cumul_time=24.33s, hold_count=0, ik_mode=Local, ik_avg_ms=2.79, ik_fails=345
[INFO] [1786960933.464310805] [cartesian_streamer]: QueueTrajPoint accepted #2540: t=24.331s, hold=False
[INFO] [1786960933.864193559] [cartesian_streamer]: IK OK → Δmax=0.0850 rad, joints: [1.613, 0.631, 0.133, 0.003, -1.016, -1.923]
[INFO] [1786960935.081793667] [cartesian_streamer]: QueueTrajPoint accepted #2560: t=26.063s, hold=False
[INFO] [1786960935.263895784] [cartesian_streamer]: IK delta clamped → joints: [1.576, 0.750, 0.045, 0.000, -0.879, -1.885]
[INFO] [1786960935.930298220] [cartesian_streamer]: IK OK → Δmax=0.0505 rad, joints: [1.564, 0.728, 0.200, -0.000, -0.985, -1.872]
[INFO] [1786960936.685797235] [cartesian_streamer]: QueueTrajPoint accepted #2580: t=27.663s, hold=False
[INFO] [1786960937.331174145] [cartesian_streamer]: IK delta clamped → joints: [1.538, 0.654, 0.497, -0.002, -1.142, -1.846]
[INFO] [1786960937.931515014] [cartesian_streamer]: IK OK → Δmax=0.0900 rad, joints: [1.518, 0.621, 0.606, -0.003, -1.185, -1.826]
[INFO] [1786960938.462328408] [cartesian_streamer]: Runtime rate: state=streaming, tick_hz=15.0, queue_send_hz=11.4, ack_hz=11.6, busy_hz=0.0, retry_count=0, reject_count=0, inter_ack_ms=87.1, max_joint_delta=0.090, cumul_time=29.33s, hold_count=0, ik_mode=Local, ik_avg_ms=2.75, ik_fails=345
[INFO] [1786960938.543434027] [cartesian_streamer]: QueueTrajPoint accepted #2600: t=29.464s, hold=False
[INFO] [1786960938.704857821] [cartesian_streamer]: Disable Robot: dừng stream, tắt traj mode...
[INFO] [1786960938.705395715] [cartesian_streamer]: ✗ Robot DISABLED.
[INFO] [1786960967.257606014] [cartesian_streamer]: Disable Robot: dừng stream, tắt traj mode...
[INFO] [1786960967.258142014] [cartesian_streamer]: ✗ Robot DISABLED.
[INFO] [1786960970.107300483] [cartesian_streamer]: Enable Robot: bắt đầu chuỗi khởi động...
[INFO] [1786960970.107582444] [cartesian_streamer]: Enable: reset_error...
[INFO] [1786960970.113387807] [cartesian_streamer]: reset_error: code=1, msg="success"
[INFO] [1786960970.113743176] [cartesian_streamer]: Enable: stop_traj_mode (giải phóng mode cũ)...
[INFO] [1786960970.169269835] [cartesian_streamer]: stop_traj_mode: success=True, code=N/A, msg=""
[INFO] [1786960970.169900973] [cartesian_streamer]: Enable: chờ 1.5s để hệ thống ổn định trước khi start queue...
[INFO] [1786960971.671030413] [cartesian_streamer]: Enable: StartPointQueueMode...
[INFO] [1786960973.226451835] [cartesian_streamer]: StartPointQueueMode response: code=1, msg=""
[INFO] [1786960973.226770856] [cartesian_streamer]: ✓ Robot ENABLED — Point Queue Mode active. Servo ON!
[INFO] [1786960973.263798246] [cartesian_streamer]: Runtime rate: state=seeding, tick_hz=0.1, queue_send_hz=0.1, ack_hz=0.1, busy_hz=0.0, retry_count=0, reject_count=0, inter_ack_ms=68.9, max_joint_delta=0.090, cumul_time=0.00s, hold_count=0, ik_mode=Local, ik_avg_ms=2.75, ik_fails=345
[WARN] [1786960973.264209150] [cartesian_streamer]: Target stream stale: không có target mới trong 34.6s
[WARN] [1786960973.264534673] [cartesian_streamer]: QueueTrajPoint đã được accept nhưng joint_states hầu như không đổi. Kiểm tra: 1) Robot ở mode AUTO? 2) Servo ON? 3) E-stop cleared?
[INFO] [1786960973.265091682] [cartesian_streamer]: Bootstrap EE pose via FK: (-0.1620, 0.3090, 0.3882)
[INFO] [1786960973.265635276] [cartesian_streamer]: Đã gửi seed point (current joints, t=0), chờ ACK...
[INFO] [1786960973.330266991] [cartesian_streamer]: Bootstrap EE pose via FK: (-0.1620, 0.3090, 0.3882)
[INFO] [1786960973.398114291] [cartesian_streamer]: Bootstrap EE pose via FK: (-0.1620, 0.3090, 0.3882)
[INFO] [1786960973.398518462] [cartesian_streamer]: Seed ACK nhận được, bắt đầu prebuffer.
[WARN] [1786960973.398842964] [cartesian_streamer]: Bỏ qua seed point vì state hiện tại là prebuffering
[WARN] [1786960973.598846452] [cartesian_streamer]: Queue BUSY, sẽ resend (backoff 66ms): msg="Busy processing the previous trajectory point. Please resend the next point shortly"
[INFO] [1786960973.925040693] [cartesian_streamer]: Pre-buffer hoàn tất (3 points), bắt đầu stream ổn định. Đang chờ target...
[INFO] [1786960975.810614151] [cartesian_streamer]: QueueTrajPoint accepted #2620: t=2.130s, hold=True
[WARN] [1786960976.866728404] [cartesian_streamer]: Queue BUSY, sẽ resend (backoff 66ms): msg="Busy processing the previous trajectory point. Please resend the next point shortly"
[INFO] [1786960978.088799027] [cartesian_streamer]: QueueTrajPoint accepted #2640: t=3.996s, hold=True
[INFO] [1786960978.331241356] [cartesian_streamer]: Runtime rate: state=streaming, tick_hz=15.0, queue_send_hz=8.3, ack_hz=7.9, busy_hz=0.4, retry_count=2, reject_count=0, inter_ack_ms=990.9, max_joint_delta=0.000, cumul_time=4.26s, hold_count=39, ik_mode=Local, ik_avg_ms=2.75, ik_fails=345
[WARN] [1786960978.331574713] [cartesian_streamer]: Target stream stale: không có target mới trong 39.6s
[INFO] [1786960980.013349655] [cartesian_streamer]: Local IK không hội tụ (fail #1)
[INFO] [1786960980.080941936] [cartesian_streamer]: IK OK → Δmax=0.0186 rad, joints: [1.574, 0.125, -0.995, 0.018, -0.388, -1.898]
[WARN] [1786960980.329478802] [cartesian_streamer]: QueueTrajPoint đã được accept nhưng joint_states hầu như không đổi. Kiểm tra: 1) Robot ở mode AUTO? 2) Servo ON? 3) E-stop cleared?
[INFO] [1786960980.651291262] [cartesian_streamer]: QueueTrajPoint accepted #2660: t=6.281s, hold=False
[WARN] [1786960981.878922927] [cartesian_streamer]: Queue BUSY, sẽ resend (backoff 66ms): msg="Busy processing the previous trajectory point. Please resend the next point shortly"
[INFO] [1786960981.997759441] [cartesian_streamer]: IK delta clamped → joints: [1.616, 0.047, -0.922, 0.005, -0.494, -1.929]
[INFO] [1786960982.130682372] [cartesian_streamer]: IK OK → Δmax=0.0900 rad, joints: [1.623, 0.036, -0.906, 0.005, -0.494, -1.935]
[INFO] [1786960982.745329090] [cartesian_streamer]: QueueTrajPoint accepted #2680: t=8.281s, hold=False
[INFO] [1786960983.395915289] [cartesian_streamer]: Runtime rate: state=streaming, tick_hz=15.0, queue_send_hz=9.3, ack_hz=9.1, busy_hz=0.2, retry_count=1, reject_count=0, inter_ack_ms=109.3, max_joint_delta=0.090, cumul_time=8.88s, hold_count=0, ik_mode=Local, ik_avg_ms=2.73, ik_fails=346
[INFO] [1786960983.998230633] [cartesian_streamer]: IK delta clamped → joints: [1.554, 0.211, -0.494, -0.001, -0.659, -1.861]
[INFO] [1786960984.131874422] [cartesian_streamer]: IK OK → Δmax=0.0900 rad, joints: [1.548, 0.233, -0.494, -0.002, -0.659, -1.855]
[INFO] [1786960984.400696340] [cartesian_streamer]: QueueTrajPoint accepted #2700: t=9.947s, hold=False
[INFO] [1786960986.011607169] [cartesian_streamer]: QueueTrajPoint accepted #2720: t=11.547s, hold=False
[INFO] [1786960986.063705170] [cartesian_streamer]: IK delta clamped → joints: [1.546, 0.587, -0.080, -0.002, -0.824, -1.854]
[INFO] [1786960986.198125031] [cartesian_streamer]: IK OK → Δmax=0.0900 rad, joints: [1.546, 0.616, -0.067, -0.002, -0.830, -1.854]
[INFO] [1786960987.620914358] [cartesian_streamer]: QueueTrajPoint accepted #2740: t=13.149s, hold=False
[INFO] [1786960988.064528916] [cartesian_streamer]: IK delta clamped → joints: [1.548, 1.030, 0.307, -0.001, -0.979, -1.856]
[INFO] [1786960988.264165373] [cartesian_streamer]: IK OK → Δmax=0.0900 rad, joints: [1.546, 1.036, 0.347, -0.001, -0.995, -1.854]
[INFO] [1786960988.396042204] [cartesian_streamer]: Runtime rate: state=streaming, tick_hz=15.0, queue_send_hz=12.0, ack_hz=12.0, busy_hz=0.0, retry_count=0, reject_count=0, inter_ack_ms=83.3, max_joint_delta=0.090, cumul_time=13.88s, hold_count=0, ik_mode=Local, ik_avg_ms=2.69, ik_fails=346
[INFO] [1786960989.521571930] [cartesian_streamer]: QueueTrajPoint accepted #2760: t=14.947s, hold=False
[WARN] [1786960989.814448567] [cartesian_streamer]: Queue BUSY, sẽ resend (backoff 66ms): msg="Busy processing the previous trajectory point. Please resend the next point shortly"
[INFO] [1786960990.130263983] [cartesian_streamer]: IK delta clamped → joints: [1.567, 0.739, 0.446, -0.000, -1.139, -1.875]
[INFO] [1786960990.330888230] [cartesian_streamer]: IK OK → Δmax=0.0900 rad, joints: [1.565, 0.726, 0.481, -0.000, -1.155, -1.873]
[INFO] [1786960991.409055763] [cartesian_streamer]: QueueTrajPoint accepted #2780: t=16.679s, hold=False
[INFO] [1786960992.130330262] [cartesian_streamer]: IK delta clamped → joints: [1.572, 0.432, 0.181, 0.000, -1.162, -1.880]
[INFO] [1786960992.396493863] [cartesian_streamer]: IK OK → Δmax=0.0700 rad, joints: [1.584, 0.409, 0.114, 0.001, -1.113, -1.893]
[INFO] [1786960993.005612109] [cartesian_streamer]: QueueTrajPoint accepted #2800: t=18.279s, hold=False
[INFO] [1786960993.396194566] [cartesian_streamer]: Runtime rate: state=streaming, tick_hz=15.0, queue_send_hz=11.4, ack_hz=11.2, busy_hz=0.2, retry_count=1, reject_count=0, inter_ack_ms=89.2, max_joint_delta=0.090, cumul_time=18.61s, hold_count=0, ik_mode=Local, ik_avg_ms=2.65, ik_fails=346
[INFO] [1786960994.131247503] [cartesian_streamer]: IK delta clamped → joints: [1.543, 0.300, -0.206, -0.002, -0.943, -1.850]
[INFO] [1786960994.397079179] [cartesian_streamer]: IK OK → Δmax=0.0900 rad, joints: [1.539, 0.330, -0.286, -0.003, -0.911, -1.845]
[INFO] [1786960994.737665463] [cartesian_streamer]: QueueTrajPoint accepted #2820: t=20.010s, hold=False
[WARN] [1786960995.413144380] [cartesian_streamer]: Queue BUSY, sẽ resend (backoff 66ms): msg="Busy processing the previous trajectory point. Please resend the next point shortly"
[INFO] [1786960996.197618386] [cartesian_streamer]: IK delta clamped → joints: [1.547, 0.615, -0.159, -0.002, -0.859, -1.854]
[INFO] [1786960996.397543697] [cartesian_streamer]: IK OK → Δmax=0.0700 rad, joints: [1.549, 0.647, -0.119, -0.002, -0.899, -1.856]
[INFO] [1786960996.788834228] [cartesian_streamer]: QueueTrajPoint accepted #2840: t=21.612s, hold=False
[INFO] [1786960998.264639093] [cartesian_streamer]: IK delta clamped → joints: [1.697, 0.920, 0.241, 0.008, -1.117, -2.008]
[INFO] [1786960998.397775507] [cartesian_streamer]: IK OK → Δmax=0.0900 rad, joints: [1.709, 0.909, 0.267, 0.008, -1.128, -2.020]
[INFO] [1786960998.462314126] [cartesian_streamer]: Runtime rate: state=streaming, tick_hz=15.0, queue_send_hz=11.1, ack_hz=10.9, busy_hz=0.2, retry_count=1, reject_count=0, inter_ack_ms=92.3, max_joint_delta=0.090, cumul_time=23.28s, hold_count=0, ik_mode=Local, ik_avg_ms=2.62, ik_fails=346
[INFO] [1786960998.477574404] [cartesian_streamer]: QueueTrajPoint accepted #2860: t=23.344s, hold=False
[WARN] [1786960999.742975416] [cartesian_streamer]: Queue BUSY, sẽ resend (backoff 66ms): msg="Busy processing the previous trajectory point. Please resend the next point shortly"
[INFO] [1786961000.464114980] [cartesian_streamer]: IK OK → Δmax=0.0777 rad, joints: [1.611, 0.836, 0.472, 0.003, -1.149, -1.920]
[INFO] [1786961000.554702495] [cartesian_streamer]: QueueTrajPoint accepted #2880: t=25.010s, hold=False
[INFO] [1786961000.664324105] [cartesian_streamer]: IK delta clamped → joints: [1.587, 0.845, 0.513, 0.001, -1.181, -1.897]
[WARN] [1786961001.078914284] [cartesian_streamer]: Queue BUSY, sẽ resend (backoff 66ms): msg="Busy processing the previous trajectory point. Please resend the next point shortly"
[INFO] [1786961002.145995017] [cartesian_streamer]: QueueTrajPoint accepted #2900: t=26.410s, hold=False
[INFO] [1786961002.465140554] [cartesian_streamer]: IK OK → Δmax=0.0696 rad, joints: [1.472, 0.850, 0.650, -0.006, -1.313, -1.779]
[INFO] [1786961003.462671260] [cartesian_streamer]: Runtime rate: state=streaming, tick_hz=15.0, queue_send_hz=12.2, ack_hz=11.6, busy_hz=0.6, retry_count=3, reject_count=0, inter_ack_ms=86.3, max_joint_delta=0.090, cumul_time=27.68s, hold_count=0, ik_mode=Local, ik_avg_ms=2.58, ik_fails=346
[INFO] [1786961003.673688479] [cartesian_streamer]: QueueTrajPoint accepted #2920: t=27.943s, hold=False
[INFO] [1786961004.530612233] [cartesian_streamer]: IK OK → Δmax=0.0723 rad, joints: [1.311, 0.813, 0.649, -0.015, -1.351, -1.616]
[INFO] [1786961004.863514426] [cartesian_streamer]: IK delta clamped → joints: [1.291, 0.758, 0.539, -0.017, -1.291, -1.596]
[INFO] [1786961005.488578210] [cartesian_streamer]: QueueTrajPoint accepted #2940: t=29.742s, hold=False
[WARN] [1786961006.479027821] [cartesian_streamer]: Queue BUSY, sẽ resend (backoff 66ms): msg="Busy processing the previous trajectory point. Please resend the next point shortly"
[INFO] [1786961006.597809571] [cartesian_streamer]: IK OK → Δmax=0.0900 rad, joints: [1.253, 0.533, 0.220, -0.020, -1.117, -1.552]
[INFO] [1786961006.864651620] [cartesian_streamer]: IK delta clamped → joints: [1.274, 0.544, 0.166, -0.019, -1.111, -1.575]
[INFO] [1786961007.738076509] [cartesian_streamer]: QueueTrajPoint accepted #2960: t=31.740s, hold=False
[INFO] [1786961008.463300835] [cartesian_streamer]: Runtime rate: state=streaming, tick_hz=15.0, queue_send_hz=10.0, ack_hz=9.8, busy_hz=0.2, retry_count=1, reject_count=0, inter_ack_ms=102.0, max_joint_delta=0.090, cumul_time=32.21s, hold_count=0, ik_mode=Local, ik_avg_ms=2.55, ik_fails=346
[INFO] [1786961008.598106402] [cartesian_streamer]: IK OK → Δmax=0.0900 rad, joints: [1.557, 0.620, 0.263, -0.001, -1.156, -1.780]
[INFO] [1786961008.931579871] [cartesian_streamer]: IK delta clamped → joints: [1.613, 0.637, 0.276, 0.003, -1.152, -1.796]
[INFO] [1786961009.470400782] [cartesian_streamer]: QueueTrajPoint accepted #2980: t=33.406s, hold=False
[WARN] [1786961009.886961601] [cartesian_streamer]: Queue BUSY, sẽ resend (backoff 66ms): msg="Busy processing the previous trajectory point. Please resend the next point shortly"
[INFO] [1786961010.664006347] [cartesian_streamer]: IK OK → Δmax=0.0900 rad, joints: [1.686, 0.843, 0.581, 0.007, -1.251, -1.935]
[INFO] [1786961010.996264137] [cartesian_streamer]: IK delta clamped → joints: [1.665, 0.914, 0.658, 0.006, -1.279, -1.962]
[INFO] [1786961011.277028013] [cartesian_streamer]: QueueTrajPoint accepted #3000: t=35.005s, hold=False
[INFO] [1786961012.730225682] [cartesian_streamer]: IK OK → Δmax=0.0900 rad, joints: [1.584, 0.908, 0.551, 0.001, -1.136, -1.893]
[INFO] [1786961012.934792965] [cartesian_streamer]: QueueTrajPoint accepted #3020: t=36.670s, hold=False
[INFO] [1786961012.997508401] [cartesian_streamer]: IK delta clamped → joints: [1.578, 0.852, 0.485, 0.000, -1.110, -1.887]
[INFO] [1786961013.528901433] [cartesian_streamer]: Runtime rate: state=streaming, tick_hz=15.0, queue_send_hz=12.0, ack_hz=11.8, busy_hz=0.2, retry_count=1, reject_count=0, inter_ack_ms=84.5, max_joint_delta=0.090, cumul_time=37.20s, hold_count=0, ik_mode=Local, ik_avg_ms=2.52, ik_fails=346
[INFO] [1786961014.678394655] [cartesian_streamer]: QueueTrajPoint accepted #3040: t=38.404s, hold=False
[INFO] [1786961014.730554943] [cartesian_streamer]: IK OK → Δmax=0.0900 rad, joints: [1.575, 0.490, 0.138, 0.000, -0.971, -1.884]
[INFO] [1786961015.000267447] [cartesian_streamer]: IK delta clamped → joints: [1.577, 0.438, 0.084, 0.000, -0.949, -1.886]
[INFO] [1786961016.353971971] [cartesian_streamer]: QueueTrajPoint accepted #3060: t=40.071s, hold=False
[INFO] [1786961016.796498930] [cartesian_streamer]: IK OK → Δmax=0.0700 rad, joints: [1.597, 0.385, -0.249, 0.002, -0.876, -1.907]
[INFO] [1786961017.130743040] [cartesian_streamer]: IK delta clamped → joints: [1.583, 0.429, -0.297, 0.001, -0.792, -1.892]
[INFO] [1786961018.470489907] [cartesian_streamer]: QueueTrajPoint accepted #3080: t=42.006s, hold=False
[INFO] [1786961018.529026443] [cartesian_streamer]: Runtime rate: state=streaming, tick_hz=15.0, queue_send_hz=10.8, ack_hz=10.8, busy_hz=0.0, retry_count=0, reject_count=0, inter_ack_ms=92.2, max_joint_delta=0.090, cumul_time=42.01s, hold_count=0, ik_mode=Local, ik_avg_ms=2.49, ik_fails=346
[INFO] [1786961018.798964192] [cartesian_streamer]: IK OK → Δmax=0.0900 rad, joints: [1.566, 0.717, 0.037, -0.000, -0.950, -1.874]
[INFO] [1786961019.196353007] [cartesian_streamer]: IK delta clamped → joints: [1.573, 0.786, 0.077, 0.000, -0.966, -1.881]
[WARN] [1786961019.279188884] [cartesian_streamer]: Queue BUSY, sẽ resend (backoff 66ms): msg="Busy processing the previous trajectory point. Please resend the next point shortly"
[INFO] [1786961020.477359164] [cartesian_streamer]: QueueTrajPoint accepted #3100: t=43.805s, hold=False
[INFO] [1786961020.550343929] [cartesian_streamer]: Local IK không hội tụ (fail #1)
[WARN] [1786961021.150267108] [cartesian_streamer]: Local IK failed 10x liên tiếp! Fallback sang MoveIt! IK...
[INFO] [1786961021.152859089] [cartesian_streamer]: IK OK → Δmax=0.0900 rad, joints: [1.562, 1.043, 0.357, -0.001, -1.078, -1.870]
[INFO] [1786961021.217402327] [cartesian_streamer]: IK delta clamped → joints: [1.562, 1.043, 0.357, -0.001, -1.078, -1.870]
[WARN] [1786961021.805868900] [cartesian_streamer]: Queue BUSY, sẽ resend (backoff 66ms): msg="Busy processing the previous trajectory point. Please resend the next point shortly"
[INFO] [1786961022.416847298] [cartesian_streamer]: QueueTrajPoint accepted #3120: t=45.540s, hold=False
[INFO] [1786961023.197513472] [cartesian_streamer]: IK OK → Δmax=0.0900 rad, joints: [1.513, 0.685, 0.365, -0.004, -1.226, -1.821]
[WARN] [1786961023.218578161] [cartesian_streamer]: Queue BUSY, sẽ resend (backoff 66ms): msg="Busy processing the previous trajectory point. Please resend the next point shortly"
[INFO] [1786961023.331014231] [cartesian_streamer]: IK delta clamped → joints: [1.512, 0.685, 0.365, -0.004, -1.226, -1.819]
[INFO] [1786961023.530215107] [cartesian_streamer]: Runtime rate: state=streaming, tick_hz=15.0, queue_send_hz=10.4, ack_hz=9.6, busy_hz=0.8, retry_count=4, reject_count=0, inter_ack_ms=104.2, max_joint_delta=0.090, cumul_time=46.14s, hold_count=0, ik_mode=Local, ik_avg_ms=2.54, ik_fails=361
[INFO] [1786961024.780528964] [cartesian_streamer]: QueueTrajPoint accepted #3140: t=47.072s, hold=False
[INFO] [1786961025.265664945] [cartesian_streamer]: IK OK → Δmax=0.0700 rad, joints: [1.524, 0.405, 0.085, -0.003, -1.198, -1.832]
[INFO] [1786961025.398363053] [cartesian_streamer]: IK delta clamped → joints: [1.537, 0.350, 0.031, -0.002, -1.199, -1.844]
[INFO] [1786961026.816246016] [cartesian_streamer]: QueueTrajPoint accepted #3160: t=49.078s, hold=False
[INFO] [1786961027.329948213] [cartesian_streamer]: IK OK → Δmax=0.0900 rad, joints: [1.573, 0.464, -0.262, 0.000, -0.984, -1.882]
[INFO] [1786961027.399010020] [cartesian_streamer]: IK delta clamped → joints: [1.569, 0.478, -0.255, -0.000, -0.979, -1.878]
[INFO] [1786961028.345467944] [cartesian_streamer]: QueueTrajPoint accepted #3180: t=50.612s, hold=False
[INFO] [1786961028.596130352] [cartesian_streamer]: Runtime rate: state=streaming, tick_hz=15.0, queue_send_hz=11.1, ack_hz=10.9, busy_hz=0.2, retry_count=1, reject_count=0, inter_ack_ms=92.5, max_joint_delta=0.090, cumul_time=50.81s, hold_count=0, ik_mode=Local, ik_avg_ms=2.51, ik_fails=361
[INFO] [1786961029.334574554] [cartesian_streamer]: IK OK → Δmax=0.0822 rad, joints: [1.546, 0.837, 0.168, -0.002, -1.062, -1.854]
[INFO] [1786961029.463801204] [cartesian_streamer]: IK delta clamped → joints: [1.549, 0.864, 0.195, -0.001, -1.081, -1.857]
[INFO] [1786961030.257516261] [cartesian_streamer]: QueueTrajPoint accepted #3200: t=52.347s, hold=False
[WARN] [1786961030.276942235] [cartesian_streamer]: Queue BUSY, sẽ resend (backoff 66ms): msg="Busy processing the previous trajectory point. Please resend the next point shortly"
[INFO] [1786961030.815237425] [cartesian_streamer]: Local IK không hội tụ (fail #1)
[INFO] [1786961031.397753010] [cartesian_streamer]: IK OK → Δmax=0.0900 rad, joints: [1.717, 1.059, 0.455, 0.009, -1.185, -2.027]
[INFO] [1786961031.530258615] [cartesian_streamer]: IK delta clamped → joints: [1.720, 1.030, 0.495, 0.009, -1.201, -2.030]
[INFO] [1786961032.004063006] [cartesian_streamer]: QueueTrajPoint accepted #3220: t=54.013s, hold=False
[WARN] [1786961032.535968072] [cartesian_streamer]: Queue BUSY, sẽ resend (backoff 66ms): msg="Busy processing the previous trajectory point. Please resend the next point shortly"
[INFO] [1786961033.531337265] [cartesian_streamer]: IK delta clamped → joints: [1.642, 0.821, 0.727, 0.004, -1.318, -1.951]
[INFO] [1786961033.531735615] [cartesian_streamer]: IK OK → Δmax=0.0900 rad, joints: [1.642, 0.821, 0.727, 0.004, -1.318, -1.951]
[INFO] [1786961033.597223823] [cartesian_streamer]: Runtime rate: state=streaming, tick_hz=15.0, queue_send_hz=11.0, ack_hz=9.8, busy_hz=1.0, retry_count=5, reject_count=0, inter_ack_ms=97.6, max_joint_delta=0.090, cumul_time=54.74s, hold_count=0, ik_mode=Local, ik_avg_ms=2.51, ik_fails=367
[INFO] [1786961034.320698062] [cartesian_streamer]: QueueTrajPoint accepted #3240: t=55.409s, hold=False
[WARN] [1786961034.517091031] [cartesian_streamer]: Queue BUSY, sẽ resend (backoff 66ms): msg="Busy processing the previous trajectory point. Please resend the next point shortly"
[INFO] [1786961035.536746720] [cartesian_streamer]: IK delta clamped → joints: [1.520, 0.810, 0.736, -0.003, -1.445, -1.828]
[INFO] [1786961035.537350437] [cartesian_streamer]: IK OK → Δmax=0.0887 rad, joints: [1.520, 0.810, 0.736, -0.003, -1.445, -1.828]
[WARN] [1786961036.005082813] [cartesian_streamer]: Queue BUSY, sẽ resend (backoff 66ms): msg="Busy processing the previous trajectory point. Please resend the next point shortly"
[INFO] [1786961036.696054103] [cartesian_streamer]: QueueTrajPoint accepted #3260: t=57.075s, hold=False
[INFO] [1786961037.597076922] [cartesian_streamer]: IK OK → Δmax=0.0223 rad, joints: [1.386, 0.815, 0.789, -0.011, -1.488, -1.693]
[INFO] [1786961038.273103208] [cartesian_streamer]: QueueTrajPoint accepted #3280: t=58.675s, hold=False
[INFO] [1786961038.662916285] [cartesian_streamer]: Runtime rate: state=streaming, tick_hz=15.0, queue_send_hz=10.7, ack_hz=10.3, busy_hz=0.6, retry_count=3, reject_count=0, inter_ack_ms=102.3, max_joint_delta=0.090, cumul_time=58.94s, hold_count=0, ik_mode=Local, ik_avg_ms=2.48, ik_fails=367
[INFO] [1786961039.663381705] [cartesian_streamer]: IK OK → Δmax=0.0193 rad, joints: [1.358, 0.814, 0.726, -0.012, -1.426, -1.665]
[INFO] [1786961039.887938932] [cartesian_streamer]: QueueTrajPoint accepted #3300: t=60.275s, hold=False
[INFO] [1786961040.730996511] [cartesian_streamer]: IK delta clamped → joints: [1.514, 0.882, 0.848, -0.003, -1.479, -1.816]
[INFO] [1786961041.730314651] [cartesian_streamer]: IK OK → Δmax=0.0900 rad, joints: [1.649, 0.986, 1.010, 0.005, -1.537, -1.901]
[INFO] [1786961041.742401433] [cartesian_streamer]: QueueTrajPoint accepted #3320: t=62.142s, hold=False
[INFO] [1786961042.796605384] [cartesian_streamer]: IK delta clamped → joints: [1.730, 0.845, 0.765, 0.009, -1.374, -1.981]
[INFO] [1786961043.405600736] [cartesian_streamer]: QueueTrajPoint accepted #3340: t=63.809s, hold=False
[INFO] [1786961043.729254391] [cartesian_streamer]: Runtime rate: state=streaming, tick_hz=15.0, queue_send_hz=11.8, ack_hz=11.6, busy_hz=0.0, retry_count=0, reject_count=0, inter_ack_ms=84.0, max_joint_delta=0.090, cumul_time=64.08s, hold_count=0, ik_mode=Local, ik_avg_ms=2.45, ik_fails=367
[INFO] [1786961043.730917553] [cartesian_streamer]: IK OK → Δmax=0.0900 rad, joints: [1.712, 0.650, 0.578, 0.009, -1.299, -2.024]
[INFO] [1786961044.797425525] [cartesian_streamer]: IK delta clamped → joints: [1.571, 0.615, 0.352, 0.000, -1.208, -1.880]
[INFO] [1786961045.053664615] [cartesian_streamer]: QueueTrajPoint accepted #3360: t=65.342s, hold=False
[INFO] [1786961045.731696798] [cartesian_streamer]: IK OK → Δmax=0.0900 rad, joints: [1.437, 0.701, 0.165, -0.010, -1.133, -1.775]
[INFO] [1786961046.794512155] [cartesian_streamer]: QueueTrajPoint accepted #3380: t=67.076s, hold=False
[INFO] [1786961046.863624648] [cartesian_streamer]: IK delta clamped → joints: [1.289, 0.652, 0.019, -0.021, -1.043, -1.685]
[WARN] [1786961046.876831990] [cartesian_streamer]: Queue BUSY, sẽ resend (backoff 66ms): msg="Busy processing the previous trajectory point. Please resend the next point shortly"
[INFO] [1786961047.797213415] [cartesian_streamer]: IK OK → Δmax=0.0900 rad, joints: [1.263, 0.576, -0.089, -0.023, -0.979, -1.621]
[INFO] [1786961048.454326703] [cartesian_streamer]: QueueTrajPoint accepted #3400: t=68.542s, hold=False
[INFO] [1786961048.795811939] [cartesian_streamer]: Runtime rate: state=streaming, tick_hz=15.0, queue_send_hz=12.0, ack_hz=12.0, busy_hz=0.2, retry_count=1, reject_count=0, inter_ack_ms=84.7, max_joint_delta=0.090, cumul_time=68.87s, hold_count=0, ik_mode=Local, ik_avg_ms=2.43, ik_fails=367
[INFO] [1786961049.329846475] [cartesian_streamer]: IK delta clamped → joints: [1.462, 0.545, -0.016, -0.008, -0.953, -1.764]
[INFO] [1786961049.798852128] [cartesian_streamer]: IK OK → Δmax=0.0900 rad, joints: [1.550, 0.562, 0.031, -0.001, -0.982, -1.801]
[INFO] [1786961050.477108372] [cartesian_streamer]: QueueTrajPoint accepted #3420: t=70.543s, hold=False
[INFO] [1786961051.330502907] [cartesian_streamer]: IK delta clamped → joints: [1.651, 0.703, 0.341, 0.005, -1.165, -1.929]
[INFO] [1786961051.863805544] [cartesian_streamer]: IK OK → Δmax=0.0900 rad, joints: [1.638, 0.788, 0.447, 0.004, -1.225, -1.947]
[INFO] [1786961052.203237674] [cartesian_streamer]: QueueTrajPoint accepted #3440: t=72.277s, hold=False
[INFO] [1786961053.397472981] [cartesian_streamer]: IK delta clamped → joints: [1.483, 0.931, 0.754, -0.005, -1.348, -1.790]
[INFO] [1786961053.795788029] [cartesian_streamer]: Runtime rate: state=streaming, tick_hz=15.0, queue_send_hz=11.2, ack_hz=11.0, busy_hz=0.0, retry_count=0, reject_count=0, inter_ack_ms=89.2, max_joint_delta=0.090, cumul_time=73.81s, hold_count=0, ik_mode=Local, ik_avg_ms=2.40, ik_fails=367
[INFO] [1786961053.858087993] [cartesian_streamer]: QueueTrajPoint accepted #3460: t=73.809s, hold=False
[INFO] [1786961053.864789754] [cartesian_streamer]: IK OK → Δmax=0.0389 rad, joints: [1.461, 0.934, 0.729, -0.007, -1.308, -1.768]
[INFO] [1786961055.284153463] [cartesian_streamer]: QueueTrajPoint accepted #3480: t=75.344s, hold=False
[INFO] [1786961055.597300923] [cartesian_streamer]: IK delta clamped → joints: [1.302, 0.731, 0.452, -0.016, -1.214, -1.605]
[INFO] [1786961055.931750279] [cartesian_streamer]: IK OK → Δmax=0.0700 rad, joints: [1.279, 0.663, 0.346, -0.018, -1.163, -1.581]
[INFO] [1786961057.124140322] [cartesian_streamer]: QueueTrajPoint accepted #3500: t=77.076s, hold=False
[INFO] [1786961057.663401630] [cartesian_streamer]: IK delta clamped → joints: [1.265, 0.455, -0.001, -0.021, -0.998, -1.563]
[INFO] [1786961057.997037594] [cartesian_streamer]: IK OK → Δmax=0.0585 rad, joints: [1.273, 0.469, -0.017, -0.020, -1.030, -1.572]
[INFO] [1786961058.863031937] [cartesian_streamer]: Runtime rate: state=streaming, tick_hz=15.0, queue_send_hz=11.4, ack_hz=11.4, busy_hz=0.0, retry_count=0, reject_count=0, inter_ack_ms=87.3, max_joint_delta=0.090, cumul_time=78.81s, hold_count=0, ik_mode=Local, ik_avg_ms=2.38, ik_fails=367
[INFO] [1786961059.021953618] [cartesian_streamer]: QueueTrajPoint accepted #3520: t=79.010s, hold=False
[INFO] [1786961059.729566036] [cartesian_streamer]: IK delta clamped → joints: [1.490, 0.500, -0.062, -0.006, -0.950, -1.790]
[INFO] [1786961060.063361651] [cartesian_streamer]: IK OK → Δmax=0.0900 rad, joints: [1.553, 0.530, -0.014, -0.001, -0.969, -1.817]
[INFO] [1786961060.484037949] [cartesian_streamer]: QueueTrajPoint accepted #3540: t=80.479s, hold=False
[INFO] [1786961061.732765556] [cartesian_streamer]: IK delta clamped → joints: [1.663, 0.669, 0.232, 0.006, -1.083, -1.945]
[INFO] [1786961062.064377989] [cartesian_streamer]: IK OK → Δmax=0.0900 rad, joints: [1.646, 0.728, 0.312, 0.005, -1.133, -1.956]
[INFO] [1786961062.145837574] [cartesian_streamer]: QueueTrajPoint accepted #3560: t=82.146s, hold=False
[INFO] [1786961063.884786056] [cartesian_streamer]: QueueTrajPoint accepted #3580: t=83.878s, hold=False
[INFO] [1786961063.929285878] [cartesian_streamer]: Runtime rate: state=streaming, tick_hz=15.0, queue_send_hz=12.2, ack_hz=12.4, busy_hz=0.0, retry_count=0, reject_count=0, inter_ack_ms=81.5, max_joint_delta=0.090, cumul_time=83.88s, hold_count=0, ik_mode=Local, ik_avg_ms=2.35, ik_fails=367
[INFO] [1786961064.129881821] [cartesian_streamer]: IK OK → Δmax=0.0424 rad, joints: [1.509, 0.775, 0.379, -0.004, -1.117, -1.816]
[INFO] [1786961065.405760138] [cartesian_streamer]: QueueTrajPoint accepted #3600: t=85.412s, hold=False
[INFO] [1786961066.130299302] [cartesian_streamer]: IK OK → Δmax=0.0117 rad, joints: [1.387, 0.726, 0.419, -0.011, -1.206, -1.692]
[INFO] [1786961066.740003107] [cartesian_streamer]: Disable Robot: dừng stream, tắt traj mode...
[INFO] [1786961066.740607896] [cartesian_streamer]: ✗ Robot DISABLED.
[INFO] [1786961104.045029608] [cartesian_streamer]: Enable Robot: bắt đầu chuỗi khởi động...
[INFO] [1786961104.045513449] [cartesian_streamer]: Enable: reset_error...
[INFO] [1786961104.061828774] [cartesian_streamer]: reset_error: code=1, msg="success"
[INFO] [1786961104.062265186] [cartesian_streamer]: Enable: stop_traj_mode (giải phóng mode cũ)...
[INFO] [1786961104.108383106] [cartesian_streamer]: stop_traj_mode: success=True, code=N/A, msg=""
[INFO] [1786961104.108884991] [cartesian_streamer]: Enable: chờ 1.5s để hệ thống ổn định trước khi start queue...
[INFO] [1786961105.609468329] [cartesian_streamer]: Enable: StartPointQueueMode...
[INFO] [1786961106.993527639] [cartesian_streamer]: StartPointQueueMode response: code=1, msg=""
[INFO] [1786961106.993876787] [cartesian_streamer]: ✓ Robot ENABLED — Point Queue Mode active. Servo ON!
[INFO] [1786961106.995219025] [cartesian_streamer]: Runtime rate: state=seeding, tick_hz=1.0, queue_send_hz=0.8, ack_hz=0.8, busy_hz=0.0, retry_count=0, reject_count=0, inter_ack_ms=84.0, max_joint_delta=0.072, cumul_time=0.00s, hold_count=0, ik_mode=Local, ik_avg_ms=2.34, ik_fails=367
[WARN] [1786961106.995508440] [cartesian_streamer]: Target stream stale: không có target mới trong 40.3s
[WARN] [1786961106.995799428] [cartesian_streamer]: QueueTrajPoint đã được accept nhưng joint_states hầu như không đổi. Kiểm tra: 1) Robot ở mode AUTO? 2) Servo ON? 3) E-stop cleared?
[INFO] [1786961106.996315700] [cartesian_streamer]: Bootstrap EE pose via FK: (-0.1620, 0.3090, 0.3882)
[INFO] [1786961106.996767300] [cartesian_streamer]: Đã gửi seed point (current joints, t=0), chờ ACK...
[INFO] [1786961107.025224801] [cartesian_streamer]: Seed ACK nhận được, bắt đầu prebuffer.
[INFO] [1786961107.269085450] [cartesian_streamer]: Pre-buffer hoàn tất (3 points), bắt đầu stream ổn định. Đang chờ target...
[INFO] [1786961107.465998446] [cartesian_streamer]: QueueTrajPoint accepted #3620: t=0.466s, hold=True
[INFO] [1786961109.665434053] [cartesian_streamer]: QueueTrajPoint accepted #3640: t=2.599s, hold=True
[INFO] [1786961111.995913340] [cartesian_streamer]: Runtime rate: state=streaming, tick_hz=15.0, queue_send_hz=8.6, ack_hz=8.4, busy_hz=0.0, retry_count=0, reject_count=0, inter_ack_ms=1074.6, max_joint_delta=0.000, cumul_time=4.47s, hold_count=42, ik_mode=Local, ik_avg_ms=2.34, ik_fails=367
[WARN] [1786961111.996323222] [cartesian_streamer]: Target stream stale: không có target mới trong 45.3s
[INFO] [1786961112.277300348] [cartesian_streamer]: QueueTrajPoint accepted #3660: t=4.799s, hold=True
[INFO] [1786961113.463802388] [cartesian_streamer]: IK OK → Δmax=0.0128 rad, joints: [1.563, 0.123, -0.995, 0.013, -0.396, -1.883]
[WARN] [1786961113.529697120] [cartesian_streamer]: QueueTrajPoint đã được accept nhưng joint_states hầu như không đổi. Kiểm tra: 1) Robot ở mode AUTO? 2) Servo ON? 3) E-stop cleared?
[INFO] [1786961115.154536517] [cartesian_streamer]: QueueTrajPoint accepted #3680: t=6.932s, hold=False
[INFO] [1786961115.531138964] [cartesian_streamer]: IK OK → Δmax=0.0664 rad, joints: [1.635, 0.134, -0.888, 0.008, -0.491, -1.950]
[INFO] [1786961115.664608524] [cartesian_streamer]: IK delta clamped → joints: [1.643, 0.140, -0.846, 0.008, -0.526, -1.958]
[INFO] [1786961116.747720660] [cartesian_streamer]: QueueTrajPoint accepted #3700: t=8.666s, hold=False
[INFO] [1786961117.062603207] [cartesian_streamer]: Runtime rate: state=streaming, tick_hz=15.0, queue_send_hz=8.9, ack_hz=9.1, busy_hz=0.0, retry_count=0, reject_count=0, inter_ack_ms=111.8, max_joint_delta=0.090, cumul_time=8.93s, hold_count=0, ik_mode=Local, ik_avg_ms=2.32, ik_fails=367
[INFO] [1786961117.532304107] [cartesian_streamer]: IK OK → Δmax=0.0900 rad, joints: [1.491, 0.272, -0.489, -0.007, -0.664, -1.795]
[INFO] [1786961117.666283377] [cartesian_streamer]: IK delta clamped → joints: [1.484, 0.291, -0.449, -0.007, -0.680, -1.788]
[INFO] [1786961118.793338055] [cartesian_streamer]: QueueTrajPoint accepted #3720: t=10.533s, hold=False
[INFO] [1786961119.598025602] [cartesian_streamer]: IK OK → Δmax=0.0900 rad, joints: [1.505, 0.612, -0.076, -0.004, -0.830, -1.812]
[INFO] [1786961119.734016550] [cartesian_streamer]: IK delta clamped → joints: [1.507, 0.640, -0.035, -0.004, -0.846, -1.814]
[INFO] [1786961120.420286393] [cartesian_streamer]: QueueTrajPoint accepted #3740: t=12.266s, hold=False
[INFO] [1786961121.557875720] [cartesian_streamer]: Local IK không hội tụ (fail #1)
[INFO] [1786961122.063460146] [cartesian_streamer]: Runtime rate: state=streaming, tick_hz=15.0, queue_send_hz=11.6, ack_hz=11.4, busy_hz=0.0, retry_count=0, reject_count=0, inter_ack_ms=86.6, max_joint_delta=0.090, cumul_time=13.88s, hold_count=7, ik_mode=Local, ik_avg_ms=2.33, ik_fails=375
[WARN] [1786961122.157543243] [cartesian_streamer]: Local IK failed 10x liên tiếp! Fallback sang MoveIt! IK...
[INFO] [1786961122.158450512] [cartesian_streamer]: QueueTrajPoint accepted #3760: t=13.883s, hold=True
[INFO] [1786961122.159616537] [cartesian_streamer]: IK delta clamped → joints: [1.513, 1.042, 0.311, -0.003, -0.984, -1.821]
[INFO] [1786961122.159994189] [cartesian_streamer]: IK OK → Δmax=0.0900 rad, joints: [1.513, 1.042, 0.311, -0.003, -0.984, -1.821]
[WARN] [1786961123.700741462] [cartesian_streamer]: Queue BUSY, sẽ resend (backoff 66ms): msg="Busy processing the previous trajectory point. Please resend the next point shortly"
[WARN] [1786961124.220673818] [cartesian_streamer]: Local IK failed 39x liên tiếp! Fallback sang MoveIt! IK...
[INFO] [1786961124.221575296] [cartesian_streamer]: IK delta clamped → joints: [1.513, 1.095, 0.669, -0.003, -1.127, -1.821]
[INFO] [1786961124.222612148] [cartesian_streamer]: IK OK → Δmax=0.0900 rad, joints: [1.513, 1.095, 0.669, -0.003, -1.127, -1.821]
[INFO] [1786961124.489128251] [cartesian_streamer]: QueueTrajPoint accepted #3780: t=15.801s, hold=False
[INFO] [1786961126.105165089] [cartesian_streamer]: QueueTrajPoint accepted #3800: t=17.534s, hold=False
[WARN] [1786961126.278037593] [cartesian_streamer]: Local IK failed 69x liên tiếp! Fallback sang MoveIt! IK...
[INFO] [1786961126.278956864] [cartesian_streamer]: IK delta clamped → joints: [1.513, 1.095, 1.022, -0.003, -1.287, -1.821]
[INFO] [1786961126.280436170] [cartesian_streamer]: IK OK → Δmax=0.0900 rad, joints: [1.513, 1.095, 1.022, -0.003, -1.287, -1.821]
[INFO] [1786961127.129681277] [cartesian_streamer]: Runtime rate: state=streaming, tick_hz=15.0, queue_send_hz=10.5, ack_hz=10.3, busy_hz=0.2, retry_count=1, reject_count=0, inter_ack_ms=97.8, max_joint_delta=0.090, cumul_time=18.54s, hold_count=0, ik_mode=Local, ik_avg_ms=2.59, ik_fails=448
[INFO] [1786961128.188979757] [cartesian_streamer]: QueueTrajPoint accepted #3820: t=19.447s, hold=False
[INFO] [1786961128.330379270] [cartesian_streamer]: IK delta clamped → joints: [1.497, 0.953, 0.940, -0.004, -1.451, -1.805]
[INFO] [1786961128.331602594] [cartesian_streamer]: IK OK → Δmax=0.0900 rad, joints: [1.497, 0.953, 0.940, -0.004, -1.451, -1.805]
[INFO] [1786961130.021238023] [cartesian_streamer]: QueueTrajPoint accepted #3840: t=21.313s, hold=False
[INFO] [1786961130.397989320] [cartesian_streamer]: IK delta clamped → joints: [1.494, 0.566, 0.553, -0.005, -1.202, -1.800]
[INFO] [1786961130.398359427] [cartesian_streamer]: IK OK → Δmax=0.0882 rad, joints: [1.494, 0.566, 0.553, -0.005, -1.202, -1.800]
[INFO] [1786961132.195577505] [cartesian_streamer]: Runtime rate: state=streaming, tick_hz=15.0, queue_send_hz=9.5, ack_hz=9.5, busy_hz=0.0, retry_count=0, reject_count=0, inter_ack_ms=104.6, max_joint_delta=0.090, cumul_time=23.31s, hold_count=0, ik_mode=Local, ik_avg_ms=2.61, ik_fails=461
[INFO] [1786961132.295909290] [cartesian_streamer]: QueueTrajPoint accepted #3860: t=23.313s, hold=False
[INFO] [1786961132.464186249] [cartesian_streamer]: IK OK → Δmax=0.0369 rad, joints: [1.515, 0.547, 0.222, -0.004, -1.188, -1.822]
[INFO] [1786961133.330143829] [cartesian_streamer]: IK delta clamped → joints: [1.533, 0.727, 0.411, -0.002, -1.190, -1.840]
[INFO] [1786961134.355738687] [cartesian_streamer]: QueueTrajPoint accepted #3880: t=25.445s, hold=False
[INFO] [1786961134.464737143] [cartesian_streamer]: IK OK → Δmax=0.0900 rad, joints: [1.602, 0.980, 0.665, 0.002, -1.362, -1.910]
[INFO] [1786961134.610868277] [cartesian_streamer]: Local IK không hội tụ (fail #1)
[WARN] [1786961135.214213746] [cartesian_streamer]: Local IK failed 10x liên tiếp! Fallback sang MoveIt! IK...
[INFO] [1786961135.344484482] [cartesian_streamer]: IK delta clamped → joints: [1.608, 1.035, 0.720, 0.002, -1.385, -1.917]
[INFO] [1786961136.348668910] [cartesian_streamer]: QueueTrajPoint accepted #3900: t=27.123s, hold=False
[WARN] [1786961136.356788360] [cartesian_streamer]: Queue BUSY, sẽ resend (backoff 66ms): msg="Busy processing the previous trajectory point. Please resend the next point shortly"
[INFO] [1786961136.481651432] [cartesian_streamer]: IK OK → Δmax=0.0900 rad, joints: [1.608, 1.044, 0.865, 0.002, -1.442, -1.917]
[INFO] [1786961137.195966118] [cartesian_streamer]: Runtime rate: state=streaming, tick_hz=15.0, queue_send_hz=9.8, ack_hz=9.8, busy_hz=0.2, retry_count=1, reject_count=0, inter_ack_ms=103.1, max_joint_delta=0.090, cumul_time=27.80s, hold_count=0, ik_mode=Local, ik_avg_ms=2.71, ik_fails=498
[WARN] [1786961137.280299846] [cartesian_streamer]: Local IK failed 39x liên tiếp! Fallback sang MoveIt! IK...
[INFO] [1786961138.504633929] [cartesian_streamer]: IK OK → Δmax=0.0000 rad, joints: [1.608, 1.044, 1.026, 0.002, -1.495, -1.917]
[INFO] [1786961138.814514676] [cartesian_streamer]: QueueTrajPoint accepted #3920: t=29.285s, hold=False
[WARN] [1786961139.280716626] [cartesian_streamer]: Local IK failed 67x liên tiếp! Fallback sang MoveIt! IK...
[INFO] [1786961140.544243367] [cartesian_streamer]: IK OK → Δmax=0.0000 rad, joints: [1.608, 1.044, 1.026, 0.002, -1.495, -1.917]
[INFO] [1786961141.228387737] [cartesian_streamer]: QueueTrajPoint accepted #3940: t=31.619s, hold=False
[WARN] [1786961141.349143784] [cartesian_streamer]: Local IK failed 98x liên tiếp! Fallback sang MoveIt! IK...
[INFO] [1786961141.637655459] [cartesian_streamer]: Disable Robot: dừng stream, tắt traj mode...
[INFO] [1786961141.638589197] [cartesian_streamer]: ✗ Robot DISABLED.
[INFO] [1786961171.017145217] [cartesian_streamer]: Disable Robot: dừng stream, tắt traj mode...
[INFO] [1786961171.017815860] [cartesian_streamer]: ✗ Robot DISABLED.
[INFO] [1786961176.967265421] [cartesian_streamer]: Enable Robot: bắt đầu chuỗi khởi động...
[INFO] [1786961176.967537493] [cartesian_streamer]: Enable: reset_error...
[INFO] [1786961176.991499057] [cartesian_streamer]: reset_error: code=1, msg="success"
[INFO] [1786961176.991894272] [cartesian_streamer]: Enable: stop_traj_mode (giải phóng mode cũ)...
[INFO] [1786961177.036434309] [cartesian_streamer]: stop_traj_mode: success=True, code=N/A, msg=""
[INFO] [1786961177.036769951] [cartesian_streamer]: Enable: chờ 1.5s để hệ thống ổn định trước khi start queue...
[INFO] [1786961178.537889173] [cartesian_streamer]: Enable: StartPointQueueMode...
[INFO] [1786961179.953619150] [cartesian_streamer]: StartPointQueueMode response: code=1, msg=""
[INFO] [1786961179.953913785] [cartesian_streamer]: ✓ Robot ENABLED — Point Queue Mode active. Servo ON!
[INFO] [1786961179.995599507] [cartesian_streamer]: Runtime rate: state=seeding, tick_hz=1.6, queue_send_hz=0.8, ack_hz=0.8, busy_hz=0.0, retry_count=0, reject_count=0, inter_ack_ms=132.4, max_joint_delta=0.082, cumul_time=0.00s, hold_count=0, ik_mode=Local, ik_avg_ms=2.93, ik_fails=563
[WARN] [1786961179.996173138] [cartesian_streamer]: Target stream stale: không có target mới trong 38.4s
[WARN] [1786961179.996688177] [cartesian_streamer]: QueueTrajPoint đã được accept nhưng joint_states hầu như không đổi. Kiểm tra: 1) Robot ở mode AUTO? 2) Servo ON? 3) E-stop cleared?
[INFO] [1786961179.997190233] [cartesian_streamer]: Bootstrap EE pose via FK: (-0.1620, 0.3101, 0.3884)
[INFO] [1786961179.997679374] [cartesian_streamer]: Đã gửi seed point (current joints, t=0), chờ ACK...
[INFO] [1786961180.063296394] [cartesian_streamer]: Bootstrap EE pose via FK: (-0.1620, 0.3101, 0.3884)
[INFO] [1786961180.124213432] [cartesian_streamer]: Seed ACK nhận được, bắt đầu prebuffer.
[INFO] [1786961180.332637346] [cartesian_streamer]: Pre-buffer hoàn tất (3 points), bắt đầu stream ổn định. Đang chờ target...
[WARN] [1786961181.310206760] [cartesian_streamer]: Queue BUSY, sẽ resend (backoff 66ms): msg="Busy processing the previous trajectory point. Please resend the next point shortly"
[INFO] [1786961182.343371812] [cartesian_streamer]: QueueTrajPoint accepted #3960: t=1.865s, hold=True
[INFO] [1786961183.733777218] [cartesian_streamer]: IK OK → Δmax=0.0188 rad, joints: [1.574, 0.125, -0.999, 0.015, -0.385, -1.898]
[INFO] [1786961184.530234824] [cartesian_streamer]: IK delta clamped → joints: [1.620, 0.176, -0.929, 0.007, -0.413, -1.935]
[INFO] [1786961184.872599774] [cartesian_streamer]: QueueTrajPoint accepted #3980: t=4.198s, hold=False
[INFO] [1786961184.996315164] [cartesian_streamer]: Runtime rate: state=streaming, tick_hz=15.0, queue_send_hz=7.8, ack_hz=7.6, busy_hz=0.2, retry_count=1, reject_count=0, inter_ack_ms=1137.0, max_joint_delta=0.059, cumul_time=4.27s, hold_count=0, ik_mode=Local, ik_avg_ms=2.92, ik_fails=563
[INFO] [1786961185.798015633] [cartesian_streamer]: IK OK → Δmax=0.0900 rad, joints: [1.634, 0.239, -0.648, 0.006, -0.594, -1.947]
[INFO] [1786961186.208472474] [cartesian_streamer]: QueueTrajPoint accepted #4000: t=5.532s, hold=False
[INFO] [1786961186.598523276] [cartesian_streamer]: IK delta clamped → joints: [1.595, 0.285, -0.468, 0.002, -0.658, -1.905]
[INFO] [1786961187.676647294] [cartesian_streamer]: QueueTrajPoint accepted #4020: t=6.998s, hold=False
[INFO] [1786961187.865002624] [cartesian_streamer]: IK OK → Δmax=0.0900 rad, joints: [1.544, 0.451, -0.225, -0.002, -0.754, -1.851]
[INFO] [1786961188.664870121] [cartesian_streamer]: IK delta clamped → joints: [1.559, 0.593, -0.051, -0.001, -0.824, -1.867]
[INFO] [1786961189.277420704] [cartesian_streamer]: QueueTrajPoint accepted #4040: t=8.603s, hold=False
[INFO] [1786961189.930618543] [cartesian_streamer]: IK OK → Δmax=0.0900 rad, joints: [1.545, 0.886, 0.189, -0.002, -0.920, -1.853]
[INFO] [1786961190.063740016] [cartesian_streamer]: Runtime rate: state=streaming, tick_hz=15.0, queue_send_hz=13.6, ack_hz=13.6, busy_hz=0.0, retry_count=0, reject_count=0, inter_ack_ms=73.4, max_joint_delta=0.090, cumul_time=9.33s, hold_count=0, ik_mode=Local, ik_avg_ms=2.89, ik_fails=563
[INFO] [1786961190.547609718] [cartesian_streamer]: Local IK không hội tụ (fail #1)
[INFO] [1786961190.815072402] [cartesian_streamer]: QueueTrajPoint accepted #4060: t=10.014s, hold=True
[WARN] [1786961191.153745490] [cartesian_streamer]: Local IK failed 10x liên tiếp! Fallback sang MoveIt! IK...
[INFO] [1786961191.154946521] [cartesian_streamer]: IK delta clamped → joints: [1.544, 1.022, 0.322, -0.002, -0.973, -1.852]
[INFO] [1786961191.955237245] [cartesian_streamer]: IK OK → Δmax=0.0900 rad, joints: [1.544, 1.056, 0.483, -0.002, -1.037, -1.852]
[INFO] [1786961192.815683694] [cartesian_streamer]: QueueTrajPoint accepted #4080: t=11.951s, hold=False
[WARN] [1786961193.154006502] [cartesian_streamer]: Local IK failed 40x liên tiếp! Fallback sang MoveIt! IK...
[INFO] [1786961193.156116966] [cartesian_streamer]: IK delta clamped → joints: [1.544, 1.056, 0.709, -0.002, -1.128, -1.852]
[INFO] [1786961193.961834911] [cartesian_streamer]: IK OK → Δmax=0.0900 rad, joints: [1.544, 1.056, 0.869, -0.002, -1.192, -1.852]
[INFO] [1786961194.598442527] [cartesian_streamer]: QueueTrajPoint accepted #4100: t=13.836s, hold=False
[INFO] [1786961195.132109937] [cartesian_streamer]: Runtime rate: state=streaming, tick_hz=15.0, queue_send_hz=10.7, ack_hz=10.5, busy_hz=0.0, retry_count=0, reject_count=0, inter_ack_ms=92.3, max_joint_delta=0.090, cumul_time=14.22s, hold_count=0, ik_mode=Local, ik_avg_ms=3.11, ik_fails=630
[WARN] [1786961195.217359178] [cartesian_streamer]: Local IK failed 69x liên tiếp! Fallback sang MoveIt! IK...
[INFO] [1786961195.218824848] [cartesian_streamer]: IK delta clamped → joints: [1.544, 1.056, 1.040, -0.002, -1.277, -1.852]
[INFO] [1786961196.018488571] [cartesian_streamer]: IK OK → Δmax=0.0900 rad, joints: [1.544, 1.056, 1.040, -0.002, -1.341, -1.852]
[INFO] [1786961196.880453139] [cartesian_streamer]: QueueTrajPoint accepted #4120: t=16.000s, hold=False
[INFO] [1786961197.263698795] [cartesian_streamer]: IK delta clamped → joints: [1.544, 0.888, 0.830, -0.002, -1.446, -1.852]
[WARN] [1786961197.668644557] [cartesian_streamer]: Queue BUSY, sẽ resend (backoff 66ms): msg="Busy processing the previous trajectory point. Please resend the next point shortly"
[INFO] [1786961198.063310600] [cartesian_streamer]: IK OK → Δmax=0.0828 rad, joints: [1.541, 0.816, 0.707, -0.002, -1.268, -1.849]
[INFO] [1786961199.014861777] [cartesian_streamer]: QueueTrajPoint accepted #4140: t=17.866s, hold=False
[INFO] [1786961199.330311270] [cartesian_streamer]: IK delta clamped → joints: [1.550, 0.701, 0.467, -0.001, -1.165, -1.858]
[INFO] [1786961200.063481041] [cartesian_streamer]: IK OK → Δmax=0.0900 rad, joints: [1.556, 0.752, 0.327, -0.001, -1.101, -1.864]
[INFO] [1786961200.195364684] [cartesian_streamer]: Runtime rate: state=streaming, tick_hz=15.0, queue_send_hz=9.9, ack_hz=9.7, busy_hz=0.2, retry_count=1, reject_count=0, inter_ack_ms=104.2, max_joint_delta=0.090, cumul_time=18.93s, hold_count=0, ik_mode=Local, ik_avg_ms=3.15, ik_fails=651
[WARN] [1786961200.469469797] [cartesian_streamer]: Queue BUSY, sẽ resend (backoff 66ms): msg="Busy processing the previous trajectory point. Please resend the next point shortly"
[INFO] [1786961201.015365205] [cartesian_streamer]: QueueTrajPoint accepted #4160: t=19.599s, hold=False
[INFO] [1786961201.348703416] [cartesian_streamer]: Local IK không hội tụ (fail #1)
[WARN] [1786961201.949305987] [cartesian_streamer]: Local IK failed 10x liên tiếp! Fallback sang MoveIt! IK...
[INFO] [1786961201.950077180] [cartesian_streamer]: IK delta clamped → joints: [1.603, 1.023, 0.635, 0.002, -1.324, -1.911]
[INFO] [1786961202.092244408] [cartesian_streamer]: IK OK → Δmax=0.0900 rad, joints: [1.603, 1.035, 0.648, 0.002, -1.329, -1.911]
[INFO] [1786961202.716696874] [cartesian_streamer]: QueueTrajPoint accepted #4180: t=21.199s, hold=False
[INFO] [1786961203.998338505] [cartesian_streamer]: IK delta clamped → joints: [1.601, 0.675, 0.387, 0.002, -1.139, -1.910]
[INFO] [1786961204.131807052] [cartesian_streamer]: IK OK → Δmax=0.0700 rad, joints: [1.600, 0.684, 0.374, 0.002, -1.162, -1.909]
[INFO] [1786961204.284540429] [cartesian_streamer]: QueueTrajPoint accepted #4200: t=22.866s, hold=False
[INFO] [1786961205.195641921] [cartesian_streamer]: Runtime rate: state=streaming, tick_hz=15.0, queue_send_hz=11.8, ack_hz=11.6, busy_hz=0.2, retry_count=1, reject_count=0, inter_ack_ms=86.4, max_joint_delta=0.090, cumul_time=23.67s, hold_count=0, ik_mode=Local, ik_avg_ms=3.17, ik_fails=665
[INFO] [1786961206.006383124] [cartesian_streamer]: QueueTrajPoint accepted #4220: t=24.533s, hold=False
[INFO] [1786961206.198141583] [cartesian_streamer]: IK OK → Δmax=0.0525 rad, joints: [1.410, 0.726, 0.428, -0.010, -1.215, -1.715]
[INFO] [1786961207.263850089] [cartesian_streamer]: IK delta clamped → joints: [1.356, 0.826, 0.645, -0.013, -1.344, -1.662]
[INFO] [1786961207.555839141] [cartesian_streamer]: QueueTrajPoint accepted #4240: t=26.066s, hold=False
[INFO] [1786961208.199510991] [cartesian_streamer]: IK OK → Δmax=0.0067 rad, joints: [1.345, 0.854, 0.712, -0.013, -1.372, -1.651]
[INFO] [1786961209.120926095] [cartesian_streamer]: QueueTrajPoint accepted #4260: t=27.532s, hold=False
[INFO] [1786961209.597518992] [cartesian_streamer]: IK delta clamped → joints: [1.534, 0.992, 0.980, -0.002, -1.500, -1.843]
[INFO] [1786961209.882255376] [cartesian_streamer]: Local IK không hội tụ (fail #1)
[INFO] [1786961210.196390493] [cartesian_streamer]: Runtime rate: state=streaming, tick_hz=15.0, queue_send_hz=12.4, ack_hz=12.4, busy_hz=0.0, retry_count=0, reject_count=0, inter_ack_ms=80.8, max_joint_delta=0.090, cumul_time=28.63s, hold_count=3, ik_mode=Local, ik_avg_ms=3.16, ik_fails=670
[WARN] [1786961210.480808648] [cartesian_streamer]: Local IK failed 10x liên tiếp! Fallback sang MoveIt! IK...
[INFO] [1786961210.483840067] [cartesian_streamer]: IK OK → Δmax=0.0900 rad, joints: [1.562, 1.020, 1.043, -0.001, -1.536, -1.869]
[INFO] [1786961211.027389727] [cartesian_streamer]: QueueTrajPoint accepted #4280: t=29.484s, hold=False
[INFO] [1786961211.664813409] [cartesian_streamer]: IK delta clamped → joints: [1.669, 0.879, 0.870, 0.006, -1.404, -1.964]
[WARN] [1786961212.349225250] [cartesian_streamer]: Queue BUSY, sẽ resend (backoff 66ms): msg="Busy processing the previous trajectory point. Please resend the next point shortly"
[INFO] [1786961212.530953520] [cartesian_streamer]: IK OK → Δmax=0.0900 rad, joints: [1.663, 0.715, 0.736, 0.006, -1.351, -1.974]
[INFO] [1786961213.368099599] [cartesian_streamer]: QueueTrajPoint accepted #4300: t=31.334s, hold=False
[INFO] [1786961213.731573982] [cartesian_streamer]: IK delta clamped → joints: [1.654, 0.651, 0.510, 0.005, -1.261, -1.964]
[INFO] [1786961214.597254546] [cartesian_streamer]: IK OK → Δmax=0.0900 rad, joints: [1.646, 0.627, 0.337, 0.005, -1.191, -1.956]
[INFO] [1786961215.017946571] [cartesian_streamer]: QueueTrajPoint accepted #4320: t=33.130s, hold=False
[INFO] [1786961215.262661196] [cartesian_streamer]: Runtime rate: state=streaming, tick_hz=15.0, queue_send_hz=9.9, ack_hz=9.9, busy_hz=0.2, retry_count=1, reject_count=0, inter_ack_ms=103.7, max_joint_delta=0.090, cumul_time=33.33s, hold_count=0, ik_mode=Local, ik_avg_ms=3.18, ik_fails=684
[WARN] [1786961215.747317658] [cartesian_streamer]: Queue BUSY, sẽ resend (backoff 66ms): msg="Busy processing the previous trajectory point. Please resend the next point shortly"
[INFO] [1786961216.599489935] [cartesian_streamer]: IK OK → Δmax=0.0327 rad, joints: [1.483, 0.716, 0.480, -0.005, -1.276, -1.790]
[INFO] [1786961216.879243816] [cartesian_streamer]: QueueTrajPoint accepted #4340: t=34.729s, hold=False
[INFO] [1786961218.399153731] [cartesian_streamer]: IK delta clamped → joints: [1.355, 0.650, 0.351, -0.013, -1.211, -1.659]
[INFO] [1786961218.663618890] [cartesian_streamer]: IK OK → Δmax=0.0501 rad, joints: [1.336, 0.637, 0.305, -0.015, -1.183, -1.639]
[INFO] [1786961218.749248618] [cartesian_streamer]: QueueTrajPoint accepted #4360: t=36.529s, hold=False
[INFO] [1786961220.329164476] [cartesian_streamer]: Runtime rate: state=streaming, tick_hz=15.0, queue_send_hz=11.3, ack_hz=11.1, busy_hz=0.2, retry_count=1, reject_count=0, inter_ack_ms=90.4, max_joint_delta=0.090, cumul_time=38.06s, hold_count=0, ik_mode=Local, ik_avg_ms=3.15, ik_fails=684
[INFO] [1786961220.464469552] [cartesian_streamer]: IK delta clamped → joints: [1.340, 0.407, -0.063, -0.016, -0.999, -1.640]
[INFO] [1786961220.517832324] [cartesian_streamer]: QueueTrajPoint accepted #4380: t=38.196s, hold=False
[INFO] [1786961220.664188671] [cartesian_streamer]: IK OK → Δmax=0.0837 rad, joints: [1.372, 0.394, -0.116, -0.014, -0.984, -1.673]
[INFO] [1786961221.880821597] [cartesian_streamer]: QueueTrajPoint accepted #4400: t=39.664s, hold=False
[INFO] [1786961222.530038338] [cartesian_streamer]: IK delta clamped → joints: [1.624, 0.685, 0.275, 0.003, -1.204, -1.883]
[INFO] [1786961222.730920118] [cartesian_streamer]: IK OK → Δmax=0.0900 rad, joints: [1.636, 0.731, 0.328, 0.004, -1.233, -1.904]
[INFO] [1786961223.356922141] [cartesian_streamer]: QueueTrajPoint accepted #4420: t=41.129s, hold=False
[INFO] [1786961223.881039376] [cartesian_streamer]: Local IK không hội tụ (fail #1)
[WARN] [1786961224.480915238] [cartesian_streamer]: Local IK failed 10x liên tiếp! Fallback sang MoveIt! IK...
[INFO] [1786961224.550452660] [cartesian_streamer]: IK delta clamped → joints: [1.673, 1.017, 0.567, 0.006, -1.350, -1.982]
[INFO] [1786961224.754779477] [cartesian_streamer]: IK OK → Δmax=0.0900 rad, joints: [1.673, 1.044, 0.594, 0.006, -1.361, -1.982]
[INFO] [1786961225.319399336] [cartesian_streamer]: QueueTrajPoint accepted #4440: t=42.995s, hold=False
[INFO] [1786961225.396264298] [cartesian_streamer]: Runtime rate: state=streaming, tick_hz=15.0, queue_send_hz=12.4, ack_hz=12.4, busy_hz=0.0, retry_count=0, reject_count=0, inter_ack_ms=80.4, max_joint_delta=0.090, cumul_time=43.13s, hold_count=0, ik_mode=Local, ik_avg_ms=3.17, ik_fails=701
[WARN] [1786961226.207991888] [cartesian_streamer]: Queue BUSY, sẽ resend (backoff 66ms): msg="Busy processing the previous trajectory point. Please resend the next point shortly"
[INFO] [1786961226.797395950] [cartesian_streamer]: IK OK → Δmax=0.0548 rad, joints: [1.753, 0.943, 0.781, 0.011, -1.352, -2.063]
[INFO] [1786961226.863189793] [cartesian_streamer]: IK delta clamped → joints: [1.748, 0.932, 0.766, 0.011, -1.342, -2.059]
[INFO] [1786961227.080990373] [cartesian_streamer]: QueueTrajPoint accepted #4460: t=44.596s, hold=False
[WARN] [1786961227.356557900] [cartesian_streamer]: Queue BUSY, sẽ resend (backoff 66ms): msg="Busy processing the previous trajectory point. Please resend the next point shortly"
[INFO] [1786961228.742506670] [cartesian_streamer]: Local IK không hội tụ (fail #1)
[INFO] [1786961228.787840813] [cartesian_streamer]: QueueTrajPoint accepted #4480: t=45.996s, hold=False
[WARN] [1786961229.343764726] [cartesian_streamer]: Local IK failed 10x liên tiếp! Fallback sang MoveIt! IK...
[INFO] [1786961229.344928718] [cartesian_streamer]: IK delta clamped → joints: [1.544, 1.019, 0.915, -0.002, -1.478, -1.852]
[INFO] [1786961229.345742270] [cartesian_streamer]: IK OK → Δmax=0.0900 rad, joints: [1.544, 1.019, 0.915, -0.002, -1.478, -1.852]
[WARN] [1786961229.486566209] [cartesian_streamer]: Service call timeout (500ms). Resetting inflight flag.
[WARN] [1786961229.998170439] [cartesian_streamer]: Service call timeout (500ms). Resetting inflight flag.
[INFO] [1786961230.397250023] [cartesian_streamer]: Runtime rate: state=streaming, tick_hz=15.0, queue_send_hz=9.4, ack_hz=8.4, busy_hz=0.4, retry_count=2, reject_count=0, inter_ack_ms=114.3, max_joint_delta=0.090, cumul_time=46.88s, hold_count=0, ik_mode=Local, ik_avg_ms=3.19, ik_fails=718
[WARN] [1786961230.870597227] [cartesian_streamer]: Queue BUSY, sẽ resend (backoff 66ms): msg="Busy processing the previous trajectory point. Please resend the next point shortly"
[INFO] [1786961231.398202260] [cartesian_streamer]: IK delta clamped → joints: [1.400, 0.854, 0.775, -0.011, -1.298, -1.803]
[INFO] [1786961231.398736516] [cartesian_streamer]: IK OK → Δmax=0.0900 rad, joints: [1.400, 0.854, 0.775, -0.011, -1.298, -1.803]
[WARN] [1786961232.115629965] [cartesian_streamer]: Queue BUSY, sẽ resend (backoff 66ms): msg="Busy processing the previous trajectory point. Please resend the next point shortly"
[INFO] [1786961233.131850505] [cartesian_streamer]: QueueTrajPoint accepted #4500: t=47.949s, hold=False
[WARN] [1786961233.339542459] [cartesian_streamer]: Queue BUSY, sẽ resend (backoff 66ms): msg="Busy processing the previous trajectory point. Please resend the next point shortly"
[INFO] [1786961233.464204121] [cartesian_streamer]: IK delta clamped → joints: [1.373, 0.860, 0.730, -0.012, -1.399, -1.707]
[INFO] [1786961233.464744428] [cartesian_streamer]: IK OK → Δmax=0.0900 rad, joints: [1.373, 0.860, 0.730, -0.012, -1.399, -1.707]
[WARN] [1786961234.583527564] [cartesian_streamer]: Queue BUSY, sẽ resend (backoff 66ms): msg="Busy processing the previous trajectory point. Please resend the next point shortly"
[INFO] [1786961235.463068910] [cartesian_streamer]: Runtime rate: state=streaming, tick_hz=15.0, queue_send_hz=8.9, ack_hz=7.1, busy_hz=2.4, retry_count=12, reject_count=0, inter_ack_ms=146.2, max_joint_delta=0.111, cumul_time=49.22s, hold_count=0, ik_mode=Local, ik_avg_ms=3.17, ik_fails=718
[INFO] [1786961235.464376462] [cartesian_streamer]: IK delta clamped → joints: [1.425, 0.584, 0.411, -0.009, -1.185, -1.730]
[INFO] [1786961235.472195958] [cartesian_streamer]: QueueTrajPoint accepted #4520: t=49.282s, hold=False
[INFO] [1786961235.530954331] [cartesian_streamer]: IK OK → Δmax=0.0900 rad, joints: [1.430, 0.572, 0.397, -0.009, -1.180, -1.734]
[WARN] [1786961236.411055983] [cartesian_streamer]: Queue BUSY, sẽ resend (backoff 66ms): msg="Busy processing the previous trajectory point. Please resend the next point shortly"
[INFO] [1786961237.154029786] [cartesian_streamer]: QueueTrajPoint accepted #4540: t=50.749s, hold=False
[INFO] [1786961237.464581195] [cartesian_streamer]: IK delta clamped → joints: [1.450, 0.356, 0.037, -0.008, -1.080, -1.755]
[INFO] [1786961237.597711725] [cartesian_streamer]: IK OK → Δmax=0.0700 rad, joints: [1.452, 0.347, 0.011, -0.008, -1.075, -1.757]
[INFO] [1786961238.747560082] [cartesian_streamer]: QueueTrajPoint accepted #4560: t=52.347s, hold=False
[INFO] [1786961239.597823192] [cartesian_streamer]: IK delta clamped → joints: [1.467, 0.403, -0.021, -0.007, -1.097, -1.773]
[INFO] [1786961239.598140359] [cartesian_streamer]: IK OK → Δmax=0.0700 rad, joints: [1.467, 0.403, -0.021, -0.007, -1.097, -1.773]
[INFO] [1786961240.530074070] [cartesian_streamer]: Runtime rate: state=streaming, tick_hz=15.0, queue_send_hz=12.0, ack_hz=11.8, busy_hz=0.2, retry_count=1, reject_count=0, inter_ack_ms=84.6, max_joint_delta=0.090, cumul_time=54.08s, hold_count=0, ik_mode=Local, ik_avg_ms=3.14, ik_fails=718
[INFO] [1786961240.539519007] [cartesian_streamer]: QueueTrajPoint accepted #4580: t=54.148s, hold=False
[INFO] [1786961241.664674011] [cartesian_streamer]: IK delta clamped → joints: [1.516, 0.872, 0.419, -0.003, -1.337, -1.824]
[INFO] [1786961241.665019512] [cartesian_streamer]: IK OK → Δmax=0.0900 rad, joints: [1.516, 0.872, 0.419, -0.003, -1.337, -1.824]
[INFO] [1786961242.141189842] [cartesian_streamer]: QueueTrajPoint accepted #4600: t=55.747s, hold=False
[INFO] [1786961242.743469171] [cartesian_streamer]: Local IK không hội tụ (fail #1)
[WARN] [1786961243.343236869] [cartesian_streamer]: Local IK failed 10x liên tiếp! Fallback sang MoveIt! IK...
[INFO] [1786961243.688096807] [cartesian_streamer]: IK delta clamped → joints: [1.562, 1.067, 0.673, -0.000, -1.439, -1.871]
[INFO] [1786961243.689940058] [cartesian_streamer]: IK OK → Δmax=0.0900 rad, joints: [1.562, 1.067, 0.673, -0.000, -1.439, -1.871]
[INFO] [1786961244.160123625] [cartesian_streamer]: QueueTrajPoint accepted #4620: t=57.684s, hold=False
[WARN] [1786961245.348041884] [cartesian_streamer]: Local IK failed 40x liên tiếp! Fallback sang MoveIt! IK...
[INFO] [1786961245.598670817] [cartesian_streamer]: Runtime rate: state=streaming, tick_hz=15.0, queue_send_hz=11.6, ack_hz=11.6, busy_hz=0.0, retry_count=0, reject_count=0, inter_ack_ms=86.3, max_joint_delta=0.090, cumul_time=59.09s, hold_count=0, ik_mode=Local, ik_avg_ms=3.25, ik_fails=761
[INFO] [1786961245.693807297] [cartesian_streamer]: IK OK → Δmax=0.0000 rad, joints: [1.562, 1.067, 1.019, -0.000, -1.465, -1.871]
[INFO] [1786961245.819990595] [cartesian_streamer]: QueueTrajPoint accepted #4640: t=59.227s, hold=False
[WARN] [1786961247.355494725] [cartesian_streamer]: Local IK failed 70x liên tiếp! Fallback sang MoveIt! IK...
[INFO] [1786961247.399148523] [cartesian_streamer]: IK delta clamped → joints: [1.543, 0.997, 1.022, -0.002, -1.555, -1.852]
[INFO] [1786961247.731782848] [cartesian_streamer]: IK OK → Δmax=0.0700 rad, joints: [1.552, 0.930, 0.926, -0.001, -1.500, -1.860]
[INFO] [1786961247.826785847] [cartesian_streamer]: QueueTrajPoint accepted #4660: t=61.279s, hold=False
[INFO] [1786961249.382810402] [cartesian_streamer]: QueueTrajPoint accepted #4680: t=62.745s, hold=False
[INFO] [1786961249.463929304] [cartesian_streamer]: IK delta clamped → joints: [1.564, 0.589, 0.553, -0.000, -1.273, -1.872]
[INFO] [1786961249.797041378] [cartesian_streamer]: IK OK → Δmax=0.0900 rad, joints: [1.557, 0.523, 0.486, -0.001, -1.247, -1.865]
[INFO] [1786961250.596811259] [cartesian_streamer]: Runtime rate: state=streaming, tick_hz=15.0, queue_send_hz=11.2, ack_hz=11.0, busy_hz=0.0, retry_count=0, reject_count=0, inter_ack_ms=86.8, max_joint_delta=0.090, cumul_time=63.88s, hold_count=0, ik_mode=Local, ik_avg_ms=3.31, ik_fails=788
[INFO] [1786961251.007990769] [cartesian_streamer]: QueueTrajPoint accepted #4700: t=64.412s, hold=False
[INFO] [1786961251.797837383] [cartesian_streamer]: IK OK → Δmax=0.0296 rad, joints: [1.473, 0.604, 0.444, -0.006, -1.354, -1.780]
[WARN] [1786961251.945097472] [cartesian_streamer]: Queue BUSY, sẽ resend (backoff 66ms): msg="Busy processing the previous trajectory point. Please resend the next point shortly"
[INFO] [1786961252.944642218] [cartesian_streamer]: QueueTrajPoint accepted #4720: t=65.950s, hold=False
[INFO] [1786961253.130665896] [cartesian_streamer]: IK delta clamped → joints: [1.334, 0.734, 0.511, -0.014, -1.291, -1.640]
[INFO] [1786961253.865362591] [cartesian_streamer]: IK OK → Δmax=0.0263 rad, joints: [1.335, 0.745, 0.511, -0.014, -1.281, -1.639]
[INFO] [1786961254.851189233] [cartesian_streamer]: QueueTrajPoint accepted #4740: t=67.748s, hold=False
[INFO] [1786961255.132007397] [cartesian_streamer]: IK delta clamped → joints: [1.503, 0.873, 0.821, -0.004, -1.465, -1.811]
[INFO] [1786961255.662349384] [cartesian_streamer]: Runtime rate: state=streaming, tick_hz=15.0, queue_send_hz=11.1, ack_hz=10.9, busy_hz=0.4, retry_count=2, reject_count=0, inter_ack_ms=95.7, max_joint_delta=0.090, cumul_time=68.55s, hold_count=0, ik_mode=Local, ik_avg_ms=3.28, ik_fails=788
[INFO] [1786961255.930989835] [cartesian_streamer]: IK OK → Δmax=0.0900 rad, joints: [1.616, 0.917, 0.917, 0.003, -1.512, -1.884]
[INFO] [1786961256.551767289] [cartesian_streamer]: QueueTrajPoint accepted #4760: t=69.483s, hold=False
[INFO] [1786961257.200295302] [cartesian_streamer]: IK delta clamped → joints: [1.638, 0.725, 0.700, 0.004, -1.328, -1.948]
[INFO] [1786961257.931323649] [cartesian_streamer]: IK OK → Δmax=0.0900 rad, joints: [1.662, 0.581, 0.567, 0.006, -1.275, -1.973]
[INFO] [1786961258.220027173] [cartesian_streamer]: QueueTrajPoint accepted #4780: t=71.083s, hold=False
[INFO] [1786961259.263851425] [cartesian_streamer]: IK delta clamped → joints: [1.649, 0.489, 0.313, 0.005, -1.173, -1.959]
[INFO] [1786961259.932240581] [cartesian_streamer]: IK OK → Δmax=0.0700 rad, joints: [1.626, 0.496, 0.180, 0.003, -1.163, -1.936]
[INFO] [1786961260.022568215] [cartesian_streamer]: QueueTrajPoint accepted #4800: t=72.883s, hold=False
[INFO] [1786961260.663557240] [cartesian_streamer]: Runtime rate: state=streaming, tick_hz=15.0, queue_send_hz=12.0, ack_hz=12.0, busy_hz=0.0, retry_count=0, reject_count=0, inter_ack_ms=83.3, max_joint_delta=0.090, cumul_time=73.48s, hold_count=0, ik_mode=Local, ik_avg_ms=3.25, ik_fails=788
[INFO] [1786961261.330795839] [cartesian_streamer]: IK delta clamped → joints: [1.591, 0.639, 0.396, 0.001, -1.282, -1.900]
[INFO] [1786961261.744336826] [cartesian_streamer]: QueueTrajPoint accepted #4820: t=74.616s, hold=False
[INFO] [1786961261.998012907] [cartesian_streamer]: IK OK → Δmax=0.0900 rad, joints: [1.567, 0.642, 0.516, -0.000, -1.344, -1.875]
[INFO] [1786961263.153440910] [cartesian_streamer]: QueueTrajPoint accepted #4840: t=76.016s, hold=False
[INFO] [1786961263.397501173] [cartesian_streamer]: IK delta clamped → joints: [1.647, 0.628, 0.293, 0.005, -1.181, -1.957]
[INFO] [1786961264.063056681] [cartesian_streamer]: IK OK → Δmax=0.0900 rad, joints: [1.665, 0.510, 0.173, 0.006, -1.133, -1.977]
[INFO] [1786961264.943256577] [cartesian_streamer]: QueueTrajPoint accepted #4860: t=77.813s, hold=False
[INFO] [1786961265.729509212] [cartesian_streamer]: Runtime rate: state=streaming, tick_hz=15.0, queue_send_hz=11.8, ack_hz=11.8, busy_hz=0.0, retry_count=0, reject_count=0, inter_ack_ms=84.5, max_joint_delta=0.090, cumul_time=78.55s, hold_count=0, ik_mode=Local, ik_avg_ms=3.22, ik_fails=788
[INFO] [1786961265.796908588] [cartesian_streamer]: IK delta clamped → joints: [1.684, 0.570, 0.139, 0.007, -1.087, -1.995]
[INFO] [1786961266.063848177] [cartesian_streamer]: IK OK → Δmax=0.0700 rad, joints: [1.657, 0.608, 0.166, 0.006, -1.118, -1.967]
[INFO] [1786961266.873186837] [cartesian_streamer]: QueueTrajPoint accepted #4880: t=79.681s, hold=False
[INFO] [1786961267.797114350] [cartesian_streamer]: IK delta clamped → joints: [1.645, 0.861, 0.481, 0.004, -1.274, -1.954]
[INFO] [1786961268.131026050] [cartesian_streamer]: IK OK → Δmax=0.0900 rad, joints: [1.621, 0.887, 0.494, 0.003, -1.279, -1.930]
[INFO] [1786961268.400492747] [cartesian_streamer]: Disable Robot: dừng stream, tắt traj mode...
[INFO] [1786961268.400966940] [cartesian_streamer]: ✗ Robot DISABLED.
[INFO] [1786961309.749473403] [cartesian_streamer]: Disable Robot: dừng stream, tắt traj mode...
[INFO] [1786961309.750310049] [cartesian_streamer]: ✗ Robot DISABLED.
[INFO] [1786961317.976152545] [cartesian_streamer]: Enable Robot: bắt đầu chuỗi khởi động...
[INFO] [1786961317.976483749] [cartesian_streamer]: Enable: reset_error...
[INFO] [1786961317.984194340] [cartesian_streamer]: reset_error: code=1, msg="success"
[INFO] [1786961317.984643816] [cartesian_streamer]: Enable: stop_traj_mode (giải phóng mode cũ)...
[INFO] [1786961318.035623821] [cartesian_streamer]: stop_traj_mode: success=True, code=N/A, msg=""
[INFO] [1786961318.036212109] [cartesian_streamer]: Enable: chờ 1.5s để hệ thống ổn định trước khi start queue...
[INFO] [1786961319.536990540] [cartesian_streamer]: Enable: StartPointQueueMode...
[INFO] [1786961320.985272059] [cartesian_streamer]: StartPointQueueMode response: code=1, msg=""
[INFO] [1786961320.985884653] [cartesian_streamer]: ✓ Robot ENABLED — Point Queue Mode active. Servo ON!
[INFO] [1786961320.995447371] [cartesian_streamer]: Runtime rate: state=seeding, tick_hz=0.7, queue_send_hz=0.5, ack_hz=0.5, busy_hz=0.0, retry_count=0, reject_count=0, inter_ack_ms=97.8, max_joint_delta=0.090, cumul_time=0.00s, hold_count=0, ik_mode=Local, ik_avg_ms=3.21, ik_fails=788
[WARN] [1786961320.995796419] [cartesian_streamer]: Target stream stale: không có target mới trong 52.6s
[WARN] [1786961320.996137731] [cartesian_streamer]: QueueTrajPoint đã được accept nhưng joint_states hầu như không đổi. Kiểm tra: 1) Robot ở mode AUTO? 2) Servo ON? 3) E-stop cleared?
[INFO] [1786961320.996938950] [cartesian_streamer]: Bootstrap EE pose via FK: (-0.1620, 0.3090, 0.3882)
[INFO] [1786961320.997689223] [cartesian_streamer]: Đã gửi seed point (current joints, t=0), chờ ACK...
[INFO] [1786961321.016365464] [cartesian_streamer]: Seed ACK nhận được, bắt đầu prebuffer.
[INFO] [1786961321.276430035] [cartesian_streamer]: Pre-buffer hoàn tất (3 points), bắt đầu stream ổn định. Đang chờ target...
[INFO] [1786961321.276714300] [cartesian_streamer]: QueueTrajPoint accepted #4900: t=0.265s, hold=True
[INFO] [1786961323.343671944] [cartesian_streamer]: QueueTrajPoint accepted #4920: t=2.265s, hold=True
[INFO] [1786961324.200066077] [cartesian_streamer]: IK OK → Δmax=0.0123 rad, joints: [1.560, 0.122, -1.007, -0.002, -0.379, -1.867]
[INFO] [1786961325.597268384] [cartesian_streamer]: IK delta clamped → joints: [1.656, 0.092, -0.991, 0.015, -0.430, -1.985]
[INFO] [1786961325.738535016] [cartesian_streamer]: QueueTrajPoint accepted #4940: t=4.266s, hold=False
[INFO] [1786961325.995878312] [cartesian_streamer]: Runtime rate: state=streaming, tick_hz=15.0, queue_send_hz=9.2, ack_hz=9.0, busy_hz=0.0, retry_count=0, reject_count=0, inter_ack_ms=1275.7, max_joint_delta=0.090, cumul_time=4.53s, hold_count=0, ik_mode=Local, ik_avg_ms=3.20, ik_fails=788
[INFO] [1786961326.266958137] [cartesian_streamer]: IK OK → Δmax=0.0900 rad, joints: [1.763, 0.007, -0.922, 0.022, -0.526, -2.028]
[INFO] [1786961327.542170975] [cartesian_streamer]: QueueTrajPoint accepted #4960: t=6.130s, hold=False
[INFO] [1786961327.597617812] [cartesian_streamer]: IK delta clamped → joints: [1.610, 0.056, -0.700, 0.003, -0.638, -1.921]
[INFO] [1786961328.330735932] [cartesian_streamer]: IK OK → Δmax=0.0900 rad, joints: [1.577, 0.160, -0.512, 0.001, -0.696, -1.886]
[INFO] [1786961329.136589397] [cartesian_streamer]: QueueTrajPoint accepted #4980: t=7.731s, hold=False
[INFO] [1786961329.665330718] [cartesian_streamer]: IK delta clamped → joints: [1.531, 0.382, -0.230, -0.003, -0.803, -1.838]
[INFO] [1786961330.331650685] [cartesian_streamer]: IK OK → Δmax=0.0900 rad, joints: [1.530, 0.511, -0.097, -0.003, -0.856, -1.837]
[INFO] [1786961330.671073472] [cartesian_streamer]: QueueTrajPoint accepted #5000: t=9.264s, hold=False
[INFO] [1786961331.063469568] [cartesian_streamer]: Runtime rate: state=streaming, tick_hz=15.0, queue_send_hz=12.0, ack_hz=12.0, busy_hz=0.0, retry_count=0, reject_count=0, inter_ack_ms=82.8, max_joint_delta=0.090, cumul_time=9.53s, hold_count=0, ik_mode=Local, ik_avg_ms=3.17, ik_fails=788
[INFO] [1786961331.730198515] [cartesian_streamer]: IK delta clamped → joints: [1.474, 0.794, 0.184, -0.006, -0.968, -1.781]
[INFO] [1786961332.332864580] [cartesian_streamer]: IK OK → Δmax=0.0900 rad, joints: [1.431, 0.895, 0.303, -0.008, -1.016, -1.737]
[INFO] [1786961332.339350293] [cartesian_streamer]: QueueTrajPoint accepted #5020: t=10.932s, hold=False
[INFO] [1786961333.730822590] [cartesian_streamer]: IK delta clamped → joints: [1.369, 1.030, 0.583, -0.012, -1.128, -1.674]
[INFO] [1786961333.823739981] [cartesian_streamer]: QueueTrajPoint accepted #5040: t=12.396s, hold=False
[INFO] [1786961334.396990671] [cartesian_streamer]: IK OK → Δmax=0.0900 rad, joints: [1.337, 1.061, 0.703, -0.014, -1.176, -1.640]
[INFO] [1786961334.671911458] [cartesian_streamer]: Disable Robot: dừng stream, tắt traj mode...
[INFO] [1786961334.672461144] [cartesian_streamer]: ✗ Robot DISABLED.
[INFO] [1786961369.598759943] [cartesian_streamer]: Disable Robot: dừng stream, tắt traj mode...
[INFO] [1786961369.599181958] [cartesian_streamer]: ✗ Robot DISABLED.
[INFO] [1786961373.711366816] [cartesian_streamer]: Enable Robot: bắt đầu chuỗi khởi động...
[INFO] [1786961373.711881886] [cartesian_streamer]: Enable: reset_error...
[INFO] [1786961373.715777883] [cartesian_streamer]: reset_error: code=1, msg="success"
[INFO] [1786961373.716302371] [cartesian_streamer]: Enable: stop_traj_mode (giải phóng mode cũ)...
[INFO] [1786961373.767510625] [cartesian_streamer]: stop_traj_mode: success=True, code=N/A, msg=""
[INFO] [1786961373.767766056] [cartesian_streamer]: Enable: chờ 1.5s để hệ thống ổn định trước khi start queue...
[INFO] [1786961375.268328558] [cartesian_streamer]: Enable: StartPointQueueMode...
[INFO] [1786961376.755892220] [cartesian_streamer]: StartPointQueueMode response: code=1, msg=""
[INFO] [1786961376.756165595] [cartesian_streamer]: ✓ Robot ENABLED — Point Queue Mode active. Servo ON!
[INFO] [1786961376.796150404] [cartesian_streamer]: Runtime rate: state=seeding, tick_hz=1.2, queue_send_hz=1.0, ack_hz=1.0, busy_hz=0.0, retry_count=0, reject_count=0, inter_ack_ms=77.8, max_joint_delta=0.090, cumul_time=0.00s, hold_count=0, ik_mode=Local, ik_avg_ms=3.15, ik_fails=788
[WARN] [1786961376.796626941] [cartesian_streamer]: Target stream stale: không có target mới trong 42.1s
[WARN] [1786961376.796946182] [cartesian_streamer]: QueueTrajPoint đã được accept nhưng joint_states hầu như không đổi. Kiểm tra: 1) Robot ở mode AUTO? 2) Servo ON? 3) E-stop cleared?
[INFO] [1786961376.797511347] [cartesian_streamer]: Bootstrap EE pose via FK: (-0.1617, 0.3131, 0.3885)
[INFO] [1786961376.798104574] [cartesian_streamer]: Đã gửi seed point (current joints, t=0), chờ ACK...
[INFO] [1786961376.863923263] [cartesian_streamer]: Bootstrap EE pose via FK: (-0.1617, 0.3131, 0.3885)
[INFO] [1786961376.930592343] [cartesian_streamer]: Bootstrap EE pose via FK: (-0.1617, 0.3131, 0.3885)
[INFO] [1786961376.999818640] [cartesian_streamer]: Bootstrap EE pose via FK: (-0.1617, 0.3131, 0.3885)
[INFO] [1786961377.026907503] [cartesian_streamer]: Seed ACK nhận được, bắt đầu prebuffer.
[INFO] [1786961377.276892131] [cartesian_streamer]: Pre-buffer hoàn tất (3 points), bắt đầu stream ổn định. Đang chờ target...
[INFO] [1786961377.606065626] [cartesian_streamer]: QueueTrajPoint accepted #5060: t=0.733s, hold=True
[INFO] [1786961380.418964714] [cartesian_streamer]: QueueTrajPoint accepted #5080: t=3.199s, hold=True
[INFO] [1786961381.004249025] [cartesian_streamer]: IK OK → Δmax=0.0067 rad, joints: [1.572, 0.125, -1.000, 0.007, -0.384, -1.883]
[INFO] [1786961381.862902190] [cartesian_streamer]: Runtime rate: state=streaming, tick_hz=15.0, queue_send_hz=7.7, ack_hz=7.7, busy_hz=0.0, retry_count=0, reject_count=0, inter_ack_ms=1205.3, max_joint_delta=0.007, cumul_time=4.32s, hold_count=0, ik_mode=Local, ik_avg_ms=3.15, ik_fails=788
[INFO] [1786961382.731191742] [cartesian_streamer]: IK delta clamped → joints: [1.599, 0.025, -0.980, 0.003, -0.497, -1.910]
[INFO] [1786961382.746889424] [cartesian_streamer]: QueueTrajPoint accepted #5100: t=5.259s, hold=False
[INFO] [1786961383.064620782] [cartesian_streamer]: IK OK → Δmax=0.0900 rad, joints: [1.593, -0.066, -0.934, 0.002, -0.529, -1.903]
[INFO] [1786961384.278557553] [cartesian_streamer]: QueueTrajPoint accepted #5120: t=6.792s, hold=False
[INFO] [1786961384.796363779] [cartesian_streamer]: IK delta clamped → joints: [1.370, 0.003, -0.666, -0.015, -0.668, -1.682]
[INFO] [1786961385.130906376] [cartesian_streamer]: IK OK → Δmax=0.0900 rad, joints: [1.348, 0.055, -0.588, -0.017, -0.694, -1.656]
[INFO] [1786961386.018483290] [cartesian_streamer]: QueueTrajPoint accepted #5140: t=8.458s, hold=False
[INFO] [1786961386.797227772] [cartesian_streamer]: IK delta clamped → joints: [1.273, 0.346, -0.250, -0.020, -0.817, -1.571]
[INFO] [1786961386.862502025] [cartesian_streamer]: Runtime rate: state=streaming, tick_hz=15.0, queue_send_hz=12.0, ack_hz=12.0, busy_hz=0.0, retry_count=0, reject_count=0, inter_ack_ms=84.2, max_joint_delta=0.090, cumul_time=9.19s, hold_count=0, ik_mode=Local, ik_avg_ms=3.12, ik_fails=788
[INFO] [1786961387.131164087] [cartesian_streamer]: IK OK → Δmax=0.0900 rad, joints: [1.295, 0.407, -0.183, -0.018, -0.844, -1.594]
[INFO] [1786961387.535225009] [cartesian_streamer]: QueueTrajPoint accepted #5160: t=9.991s, hold=False
[INFO] [1786961388.797505070] [cartesian_streamer]: IK delta clamped → joints: [1.333, 0.767, 0.164, -0.015, -0.982, -1.637]
[INFO] [1786961389.197867908] [cartesian_streamer]: IK OK → Δmax=0.0900 rad, joints: [1.333, 0.853, 0.244, -0.014, -1.014, -1.637]
[INFO] [1786961389.211531609] [cartesian_streamer]: QueueTrajPoint accepted #5180: t=11.659s, hold=False
[INFO] [1786961390.658152808] [cartesian_streamer]: Disable Robot: dừng stream, tắt traj mode...
[INFO] [1786961390.658991868] [cartesian_streamer]: ✗ Robot DISABLED.
[INFO] [1786961436.482706885] [cartesian_streamer]: Enable Robot: bắt đầu chuỗi khởi động...
[INFO] [1786961436.482970231] [cartesian_streamer]: Enable: reset_error...
[INFO] [1786961436.493603736] [cartesian_streamer]: reset_error: code=1, msg="success"
[INFO] [1786961436.493900855] [cartesian_streamer]: Enable: stop_traj_mode (giải phóng mode cũ)...
[INFO] [1786961436.540255620] [cartesian_streamer]: stop_traj_mode: success=True, code=N/A, msg=""
[INFO] [1786961436.540542931] [cartesian_streamer]: Enable: chờ 1.5s để hệ thống ổn định trước khi start queue...
[INFO] [1786961438.041092736] [cartesian_streamer]: Enable: StartPointQueueMode...
[INFO] [1786961439.513869859] [cartesian_streamer]: StartPointQueueMode response: code=1, msg=""
[INFO] [1786961439.514306191] [cartesian_streamer]: ✓ Robot ENABLED — Point Queue Mode active. Servo ON!
[INFO] [1786961439.530438351] [cartesian_streamer]: Runtime rate: state=seeding, tick_hz=1.1, queue_send_hz=0.8, ack_hz=0.8, busy_hz=0.0, retry_count=0, reject_count=0, inter_ack_ms=88.4, max_joint_delta=0.090, cumul_time=0.00s, hold_count=0, ik_mode=Local, ik_avg_ms=3.10, ik_fails=788
[WARN] [1786961439.530889360] [cartesian_streamer]: Target stream stale: không có target mới trong 48.9s
[WARN] [1786961439.531316735] [cartesian_streamer]: QueueTrajPoint đã được accept nhưng joint_states hầu như không đổi. Kiểm tra: 1) Robot ở mode AUTO? 2) Servo ON? 3) E-stop cleared?
[INFO] [1786961439.531995483] [cartesian_streamer]: Bootstrap EE pose via FK: (-0.1620, 0.3090, 0.3882)
[INFO] [1786961439.532596906] [cartesian_streamer]: Đã gửi seed point (current joints, t=0), chờ ACK...
[INFO] [1786961439.570698568] [cartesian_streamer]: Seed ACK nhận được, bắt đầu prebuffer.
[INFO] [1786961439.886793374] [cartesian_streamer]: Pre-buffer hoàn tất (3 points), bắt đầu stream ổn định. Đang chờ target...
[INFO] [1786961440.452257328] [cartesian_streamer]: QueueTrajPoint accepted #5200: t=0.730s, hold=True
[INFO] [1786961442.555855935] [cartesian_streamer]: QueueTrajPoint accepted #5220: t=2.866s, hold=True
[WARN] [1786961443.484110421] [cartesian_streamer]: Queue BUSY, sẽ resend (backoff 66ms): msg="Busy processing the previous trajectory point. Please resend the next point shortly"
[INFO] [1786961444.332975302] [cartesian_streamer]: IK OK → Δmax=0.0169 rad, joints: [1.573, 0.128, -0.994, 0.015, -0.388, -1.896]
[INFO] [1786961444.595857789] [cartesian_streamer]: Runtime rate: state=streaming, tick_hz=15.0, queue_send_hz=8.1, ack_hz=7.9, busy_hz=0.2, retry_count=1, reject_count=0, inter_ack_ms=1347.1, max_joint_delta=0.017, cumul_time=4.53s, hold_count=0, ik_mode=Local, ik_avg_ms=3.10, ik_fails=788
[WARN] [1786961444.596227144] [cartesian_streamer]: QueueTrajPoint đã được accept nhưng joint_states hầu như không đổi. Kiểm tra: 1) Robot ở mode AUTO? 2) Servo ON? 3) E-stop cleared?
[INFO] [1786961445.480816911] [cartesian_streamer]: QueueTrajPoint accepted #5240: t=5.265s, hold=False
[INFO] [1786961446.065588475] [cartesian_streamer]: IK delta clamped → joints: [1.530, 0.234, -0.786, -0.005, -0.505, -1.834]
[INFO] [1786961446.397553928] [cartesian_streamer]: IK OK → Δmax=0.0700 rad, joints: [1.546, 0.280, -0.705, -0.003, -0.554, -1.852]
[INFO] [1786961447.397103235] [cartesian_streamer]: QueueTrajPoint accepted #5260: t=7.065s, hold=False
[INFO] [1786961448.130454031] [cartesian_streamer]: IK delta clamped → joints: [1.527, 0.409, -0.359, -0.003, -0.716, -1.834]
[INFO] [1786961448.397708611] [cartesian_streamer]: IK OK → Δmax=0.0900 rad, joints: [1.524, 0.449, -0.306, -0.003, -0.737, -1.830]
[INFO] [1786961449.008367395] [cartesian_streamer]: QueueTrajPoint accepted #5280: t=8.799s, hold=False
[INFO] [1786961449.662622429] [cartesian_streamer]: Runtime rate: state=streaming, tick_hz=15.0, queue_send_hz=10.9, ack_hz=10.9, busy_hz=0.0, retry_count=0, reject_count=0, inter_ack_ms=92.1, max_joint_delta=0.090, cumul_time=9.40s, hold_count=0, ik_mode=Local, ik_avg_ms=3.08, ik_fails=788
[INFO] [1786961450.197064352] [cartesian_streamer]: IK delta clamped → joints: [1.452, 0.799, 0.054, -0.007, -0.881, -1.758]
[INFO] [1786961450.398134304] [cartesian_streamer]: IK OK → Δmax=0.0900 rad, joints: [1.453, 0.851, 0.094, -0.007, -0.897, -1.760]
[INFO] [1786961450.505478102] [cartesian_streamer]: Disable Robot: dừng stream, tắt traj mode...
[INFO] [1786961450.506197668] [cartesian_streamer]: ✗ Robot DISABLED.
[INFO] [1786961471.010858087] [cartesian_streamer]: Disable Robot: dừng stream, tắt traj mode...
[INFO] [1786961471.011441886] [cartesian_streamer]: ✗ Robot DISABLED.
[INFO] [1786961476.714694236] [cartesian_streamer]: Disable Robot: dừng stream, tắt traj mode...
[INFO] [1786961476.715093659] [cartesian_streamer]: ✗ Robot DISABLED.
[INFO] [1786961480.077937816] [cartesian_streamer]: Enable Robot: bắt đầu chuỗi khởi động...
[INFO] [1786961480.078193207] [cartesian_streamer]: Enable: reset_error...
[INFO] [1786961480.108818591] [cartesian_streamer]: reset_error: code=1, msg="success"
[INFO] [1786961480.109189509] [cartesian_streamer]: Enable: stop_traj_mode (giải phóng mode cũ)...
[INFO] [1786961480.149298472] [cartesian_streamer]: stop_traj_mode: success=True, code=N/A, msg=""
[INFO] [1786961480.149667376] [cartesian_streamer]: Enable: chờ 1.5s để hệ thống ổn định trước khi start queue...
[INFO] [1786961481.651673732] [cartesian_streamer]: Enable: StartPointQueueMode...
[INFO] [1786961483.103082203] [cartesian_streamer]: StartPointQueueMode response: code=1, msg=""
[INFO] [1786961483.103393339] [cartesian_streamer]: ✓ Robot ENABLED — Point Queue Mode active. Servo ON!
[INFO] [1786961483.129819895] [cartesian_streamer]: Runtime rate: state=seeding, tick_hz=0.4, queue_send_hz=0.3, ack_hz=0.3, busy_hz=0.0, retry_count=0, reject_count=0, inter_ack_ms=78.9, max_joint_delta=0.090, cumul_time=0.00s, hold_count=0, ik_mode=Local, ik_avg_ms=3.07, ik_fails=788
[WARN] [1786961483.130373457] [cartesian_streamer]: Target stream stale: không có target mới trong 32.7s
[WARN] [1786961483.130745458] [cartesian_streamer]: QueueTrajPoint đã được accept nhưng joint_states hầu như không đổi. Kiểm tra: 1) Robot ở mode AUTO? 2) Servo ON? 3) E-stop cleared?
[INFO] [1786961483.131806697] [cartesian_streamer]: Bootstrap EE pose via FK: (-0.1620, 0.3090, 0.3882)
[INFO] [1786961483.132766494] [cartesian_streamer]: Đã gửi seed point (current joints, t=0), chờ ACK...
[INFO] [1786961483.197094766] [cartesian_streamer]: Bootstrap EE pose via FK: (-0.1620, 0.3090, 0.3882)
[INFO] [1786961483.254137819] [cartesian_streamer]: Seed ACK nhận được, bắt đầu prebuffer.
[INFO] [1786961483.254594248] [cartesian_streamer]: QueueTrajPoint accepted #5300: t=0.000s, hold=False
[INFO] [1786961483.592567174] [cartesian_streamer]: Pre-buffer hoàn tất (3 points), bắt đầu stream ổn định. Đang chờ target...
[INFO] [1786961485.382862561] [cartesian_streamer]: QueueTrajPoint accepted #5320: t=2.129s, hold=True
[WARN] [1786961486.867284342] [cartesian_streamer]: Queue BUSY, sẽ resend (backoff 66ms): msg="Busy processing the previous trajectory point. Please resend the next point shortly"
[INFO] [1786961487.869814852] [cartesian_streamer]: IK OK → Δmax=0.0260 rad, joints: [1.580, 0.146, -0.977, 0.014, -0.382, -1.900]
[INFO] [1786961487.950934175] [cartesian_streamer]: QueueTrajPoint accepted #5340: t=4.131s, hold=True
[INFO] [1786961488.131262687] [cartesian_streamer]: Runtime rate: state=streaming, tick_hz=15.0, queue_send_hz=8.8, ack_hz=8.4, busy_hz=0.2, retry_count=1, reject_count=0, inter_ack_ms=894.1, max_joint_delta=0.058, cumul_time=4.40s, hold_count=0, ik_mode=Local, ik_avg_ms=3.07, ik_fails=788
[WARN] [1786961488.131961743] [cartesian_streamer]: QueueTrajPoint đã được accept nhưng joint_states hầu như không đổi. Kiểm tra: 1) Robot ở mode AUTO? 2) Servo ON? 3) E-stop cleared?
[INFO] [1786961489.479271536] [cartesian_streamer]: QueueTrajPoint accepted #5360: t=5.800s, hold=False
[INFO] [1786961489.864204927] [cartesian_streamer]: IK delta clamped → joints: [1.645, 0.100, -0.843, 0.008, -0.558, -1.960]
[INFO] [1786961489.930302331] [cartesian_streamer]: IK OK → Δmax=0.0900 rad, joints: [1.639, 0.098, -0.825, 0.007, -0.558, -1.953]
[INFO] [1786961491.019528104] [cartesian_streamer]: QueueTrajPoint accepted #5380: t=7.330s, hold=False
[INFO] [1786961491.930279557] [cartesian_streamer]: IK delta clamped → joints: [1.545, 0.316, -0.386, -0.002, -0.724, -1.853]
[INFO] [1786961491.930976279] [cartesian_streamer]: IK OK → Δmax=0.0900 rad, joints: [1.545, 0.316, -0.386, -0.002, -0.724, -1.853]
[INFO] [1786961492.486489343] [cartesian_streamer]: QueueTrajPoint accepted #5400: t=8.797s, hold=False
[INFO] [1786961493.196199408] [cartesian_streamer]: Runtime rate: state=streaming, tick_hz=15.0, queue_send_hz=13.0, ack_hz=13.2, busy_hz=0.0, retry_count=0, reject_count=0, inter_ack_ms=77.0, max_joint_delta=0.090, cumul_time=9.40s, hold_count=0, ik_mode=Local, ik_avg_ms=3.05, ik_fails=788
[INFO] [1786961493.934193126] [cartesian_streamer]: IK delta clamped → joints: [1.489, 0.694, -0.012, -0.005, -0.873, -1.796]
[INFO] [1786961493.935417803] [cartesian_streamer]: IK OK → Δmax=0.0846 rad, joints: [1.489, 0.694, -0.012, -0.005, -0.873, -1.796]
[INFO] [1786961494.075810859] [cartesian_streamer]: QueueTrajPoint accepted #5420: t=10.397s, hold=False
[INFO] [1786961495.811279386] [cartesian_streamer]: QueueTrajPoint accepted #5440: t=12.130s, hold=False
[INFO] [1786961495.998295212] [cartesian_streamer]: IK delta clamped → joints: [1.468, 0.980, 0.414, -0.006, -1.044, -1.775]
[INFO] [1786961495.998579507] [cartesian_streamer]: IK OK → Δmax=0.0900 rad, joints: [1.468, 0.980, 0.414, -0.006, -1.044, -1.775]
[INFO] [1786961496.611345859] [cartesian_streamer]: Local IK không hội tụ (fail #1)
[WARN] [1786961497.213384128] [cartesian_streamer]: Local IK failed 10x liên tiếp! Fallback sang MoveIt! IK...
[INFO] [1786961497.887352625] [cartesian_streamer]: QueueTrajPoint accepted #5460: t=14.007s, hold=False
[INFO] [1786961498.016868247] [cartesian_streamer]: IK delta clamped → joints: [1.465, 1.137, 0.681, -0.006, -1.150, -1.772]
[INFO] [1786961498.018655874] [cartesian_streamer]: IK OK → Δmax=0.0900 rad, joints: [1.465, 1.137, 0.681, -0.006, -1.150, -1.772]
[INFO] [1786961498.196354483] [cartesian_streamer]: Runtime rate: state=streaming, tick_hz=15.0, queue_send_hz=11.2, ack_hz=11.2, busy_hz=0.0, retry_count=0, reject_count=0, inter_ack_ms=88.9, max_joint_delta=0.090, cumul_time=14.42s, hold_count=0, ik_mode=Local, ik_avg_ms=3.09, ik_fails=812
[WARN] [1786961499.215090210] [cartesian_streamer]: Local IK failed 39x liên tiếp! Fallback sang MoveIt! IK...
[INFO] [1786961499.718558514] [cartesian_streamer]: QueueTrajPoint accepted #5480: t=15.947s, hold=False
[INFO] [1786961500.018316133] [cartesian_streamer]: IK delta clamped → joints: [1.465, 1.137, 1.038, -0.006, -1.315, -1.772]
[INFO] [1786961500.019376951] [cartesian_streamer]: IK OK → Δmax=0.0900 rad, joints: [1.465, 1.137, 1.038, -0.006, -1.315, -1.772]
[INFO] [1786961500.448704904] [cartesian_streamer]: Disable Robot: dừng stream, tắt traj mode...
[INFO] [1786961500.449738561] [cartesian_streamer]: ✗ Robot DISABLED.
