[0.000000] (-) TimerEvent: {}
[0.000539] (human_hand_msgs) JobQueued: {'identifier': 'human_hand_msgs', 'dependencies': OrderedDict()}
[0.000743] (industrial_msgs) JobQueued: {'identifier': 'industrial_msgs', 'dependencies': OrderedDict()}
[0.000782] (kinect2_registration) JobQueued: {'identifier': 'kinect2_registration', 'dependencies': OrderedDict()}
[0.000849] (libfreenect2) JobQueued: {'identifier': 'libfreenect2', 'dependencies': OrderedDict()}
[0.000863] (motoman_resources) JobQueued: {'identifier': 'motoman_resources', 'dependencies': OrderedDict()}
[0.000876] (motoros2_interfaces) JobQueued: {'identifier': 'motoros2_interfaces', 'dependencies': OrderedDict()}
[0.000887] (trac_ik_lib) JobQueued: {'identifier': 'trac_ik_lib', 'dependencies': OrderedDict()}
[0.000899] (coord_transform) JobQueued: {'identifier': 'coord_transform', 'dependencies': OrderedDict([('human_hand_msgs', '/home/duy/cocarry_ws/install/human_hand_msgs')])}
[0.000914] (experiment_logger) JobQueued: {'identifier': 'experiment_logger', 'dependencies': OrderedDict([('human_hand_msgs', '/home/duy/cocarry_ws/install/human_hand_msgs')])}
[0.000926] (kinect2_bridge) JobQueued: {'identifier': 'kinect2_bridge', 'dependencies': OrderedDict([('kinect2_registration', '/home/duy/cocarry_ws/install/kinect2_registration')])}
[0.000939] (motoman_gp4_support) JobQueued: {'identifier': 'motoman_gp4_support', 'dependencies': OrderedDict([('motoman_resources', '/home/duy/cocarry_ws/install/motoman_resources')])}
[0.000951] (motoman_hc10dtp_support) JobQueued: {'identifier': 'motoman_hc10dtp_support', 'dependencies': OrderedDict([('motoman_resources', '/home/duy/cocarry_ws/install/motoman_resources')])}
[0.000966] (motoros2_client_interface_dependencies) JobQueued: {'identifier': 'motoros2_client_interface_dependencies', 'dependencies': OrderedDict([('industrial_msgs', '/home/duy/cocarry_ws/install/industrial_msgs'), ('motoros2_interfaces', '/home/duy/cocarry_ws/install/motoros2_interfaces')])}
[0.000981] (predictor_ui) JobQueued: {'identifier': 'predictor_ui', 'dependencies': OrderedDict([('human_hand_msgs', '/home/duy/cocarry_ws/install/human_hand_msgs')])}
[0.000994] (realsense_tracker) JobQueued: {'identifier': 'realsense_tracker', 'dependencies': OrderedDict([('human_hand_msgs', '/home/duy/cocarry_ws/install/human_hand_msgs')])}
[0.001006] (trac_ik_kinematics) JobQueued: {'identifier': 'trac_ik_kinematics', 'dependencies': OrderedDict([('trac_ik_lib', '/home/duy/cocarry_ws/install/trac_ik_lib')])}
[0.001018] (trajectory_predictor) JobQueued: {'identifier': 'trajectory_predictor', 'dependencies': OrderedDict([('human_hand_msgs', '/home/duy/cocarry_ws/install/human_hand_msgs')])}
[0.001031] (hc10dtp_moveit_config) JobQueued: {'identifier': 'hc10dtp_moveit_config', 'dependencies': OrderedDict([('motoman_resources', '/home/duy/cocarry_ws/install/motoman_resources'), ('motoman_hc10dtp_support', '/home/duy/cocarry_ws/install/motoman_hc10dtp_support')])}
[0.001044] (kinect2_calibration) JobQueued: {'identifier': 'kinect2_calibration', 'dependencies': OrderedDict([('kinect2_registration', '/home/duy/cocarry_ws/install/kinect2_registration'), ('kinect2_bridge', '/home/duy/cocarry_ws/install/kinect2_bridge')])}
[0.001060] (trac_ik) JobQueued: {'identifier': 'trac_ik', 'dependencies': OrderedDict([('trac_ik_lib', '/home/duy/cocarry_ws/install/trac_ik_lib'), ('trac_ik_kinematics', '/home/duy/cocarry_ws/install/trac_ik_kinematics')])}
[0.001074] (hc10dtp_bringup) JobQueued: {'identifier': 'hc10dtp_bringup', 'dependencies': OrderedDict([('motoman_resources', '/home/duy/cocarry_ws/install/motoman_resources'), ('motoman_hc10dtp_support', '/home/duy/cocarry_ws/install/motoman_hc10dtp_support'), ('hc10dtp_moveit_config', '/home/duy/cocarry_ws/install/hc10dtp_moveit_config')])}
[0.001088] (hc10dtp_simulation) JobQueued: {'identifier': 'hc10dtp_simulation', 'dependencies': OrderedDict([('motoman_resources', '/home/duy/cocarry_ws/install/motoman_resources'), ('motoros2_interfaces', '/home/duy/cocarry_ws/install/motoros2_interfaces'), ('motoman_hc10dtp_support', '/home/duy/cocarry_ws/install/motoman_hc10dtp_support'), ('hc10dtp_moveit_config', '/home/duy/cocarry_ws/install/hc10dtp_moveit_config'), ('hc10dtp_bringup', '/home/duy/cocarry_ws/install/hc10dtp_bringup')])}
[0.001119] (hrc_bringup) JobQueued: {'identifier': 'hrc_bringup', 'dependencies': OrderedDict([('human_hand_msgs', '/home/duy/cocarry_ws/install/human_hand_msgs'), ('motoman_resources', '/home/duy/cocarry_ws/install/motoman_resources'), ('motoros2_interfaces', '/home/duy/cocarry_ws/install/motoros2_interfaces'), ('coord_transform', '/home/duy/cocarry_ws/install/coord_transform'), ('experiment_logger', '/home/duy/cocarry_ws/install/experiment_logger'), ('motoman_hc10dtp_support', '/home/duy/cocarry_ws/install/motoman_hc10dtp_support'), ('predictor_ui', '/home/duy/cocarry_ws/install/predictor_ui'), ('realsense_tracker', '/home/duy/cocarry_ws/install/realsense_tracker'), ('trajectory_predictor', '/home/duy/cocarry_ws/install/trajectory_predictor'), ('hc10dtp_moveit_config', '/home/duy/cocarry_ws/install/hc10dtp_moveit_config'), ('hc10dtp_bringup', '/home/duy/cocarry_ws/install/hc10dtp_bringup'), ('hc10dtp_simulation', '/home/duy/cocarry_ws/install/hc10dtp_simulation')])}
[0.001144] (human_hand_msgs) JobStarted: {'identifier': 'human_hand_msgs'}
[0.004314] (motoman_resources) JobStarted: {'identifier': 'motoman_resources'}
[0.006185] (motoros2_interfaces) JobStarted: {'identifier': 'motoros2_interfaces'}
[0.007201] (kinect2_registration) JobStarted: {'identifier': 'kinect2_registration'}
[0.008180] (trac_ik_lib) JobStarted: {'identifier': 'trac_ik_lib'}
[0.009158] (industrial_msgs) JobStarted: {'identifier': 'industrial_msgs'}
[0.010229] (libfreenect2) JobStarted: {'identifier': 'libfreenect2'}
[0.012353] (human_hand_msgs) JobProgress: {'identifier': 'human_hand_msgs', 'progress': 'cmake'}
[0.012733] (human_hand_msgs) JobProgress: {'identifier': 'human_hand_msgs', 'progress': 'build'}
[0.013140] (human_hand_msgs) Command: {'cmd': ['/usr/bin/cmake', '--build', '/home/duy/cocarry_ws/build/human_hand_msgs', '--', '-j16', '-l16'], 'cwd': '/home/duy/cocarry_ws/build/human_hand_msgs', 'env': OrderedDict([('USER', 'duy'), ('SHLVL', '0'), ('HOME', '/home/duy'), ('_', '/usr/bin/colcon'), ('TERM', 'dumb'), ('PATH', '/home/duy/.local/bin:/home/duy/.nvm/versions/node/v20.20.2/bin:/opt/ros/humble/bin:/home/duy/.local/bin:/usr/local/sbin:/usr/local/bin:/usr/sbin:/usr/bin:/sbin:/bin:/usr/games:/usr/local/games:/snap/bin:/snap/bin:/home/duy/libfreenect2/build/bin'), ('LANG', 'en_US.UTF-8'), ('TMP', '/tmp'), ('SHELL', '/bin/bash'), ('PWD', '/home/duy/cocarry_ws/build/human_hand_msgs'), ('COLCON', '1')]), 'shell': False}
[0.014226] (motoman_resources) JobProgress: {'identifier': 'motoman_resources', 'progress': 'cmake'}
[0.014451] (motoman_resources) JobProgress: {'identifier': 'motoman_resources', 'progress': 'build'}
[0.014633] (motoman_resources) Command: {'cmd': ['/usr/bin/cmake', '--build', '/home/duy/cocarry_ws/build/motoman_resources', '--', '-j16', '-l16'], 'cwd': '/home/duy/cocarry_ws/build/motoman_resources', 'env': OrderedDict([('USER', 'duy'), ('SHLVL', '0'), ('HOME', '/home/duy'), ('_', '/usr/bin/colcon'), ('TERM', 'dumb'), ('PATH', '/home/duy/.local/bin:/home/duy/.nvm/versions/node/v20.20.2/bin:/opt/ros/humble/bin:/home/duy/.local/bin:/usr/local/sbin:/usr/local/bin:/usr/sbin:/usr/bin:/sbin:/bin:/usr/games:/usr/local/games:/snap/bin:/snap/bin:/home/duy/libfreenect2/build/bin'), ('LANG', 'en_US.UTF-8'), ('TMP', '/tmp'), ('SHELL', '/bin/bash'), ('PWD', '/home/duy/cocarry_ws/build/motoman_resources'), ('COLCON', '1')]), 'shell': False}
[0.015442] (motoros2_interfaces) JobProgress: {'identifier': 'motoros2_interfaces', 'progress': 'cmake'}
[0.015643] (motoros2_interfaces) JobProgress: {'identifier': 'motoros2_interfaces', 'progress': 'build'}
[0.015867] (motoros2_interfaces) Command: {'cmd': ['/usr/bin/cmake', '--build', '/home/duy/cocarry_ws/build/motoros2_interfaces', '--', '-j16', '-l16'], 'cwd': '/home/duy/cocarry_ws/build/motoros2_interfaces', 'env': OrderedDict([('USER', 'duy'), ('SHLVL', '0'), ('HOME', '/home/duy'), ('_', '/usr/bin/colcon'), ('TERM', 'dumb'), ('PATH', '/home/duy/.local/bin:/home/duy/.nvm/versions/node/v20.20.2/bin:/opt/ros/humble/bin:/home/duy/.local/bin:/usr/local/sbin:/usr/local/bin:/usr/sbin:/usr/bin:/sbin:/bin:/usr/games:/usr/local/games:/snap/bin:/snap/bin:/home/duy/libfreenect2/build/bin'), ('LANG', 'en_US.UTF-8'), ('TMP', '/tmp'), ('SHELL', '/bin/bash'), ('PWD', '/home/duy/cocarry_ws/build/motoros2_interfaces'), ('COLCON', '1')]), 'shell': False}
[0.016721] (kinect2_registration) JobProgress: {'identifier': 'kinect2_registration', 'progress': 'cmake'}
[0.016880] (kinect2_registration) JobProgress: {'identifier': 'kinect2_registration', 'progress': 'build'}
[0.017020] (kinect2_registration) Command: {'cmd': ['/usr/bin/cmake', '--build', '/home/duy/cocarry_ws/build/kinect2_registration', '--', '-j16', '-l16'], 'cwd': '/home/duy/cocarry_ws/build/kinect2_registration', 'env': OrderedDict([('USER', 'duy'), ('SHLVL', '0'), ('HOME', '/home/duy'), ('_', '/usr/bin/colcon'), ('TERM', 'dumb'), ('PATH', '/home/duy/.local/bin:/home/duy/.nvm/versions/node/v20.20.2/bin:/opt/ros/humble/bin:/home/duy/.local/bin:/usr/local/sbin:/usr/local/bin:/usr/sbin:/usr/bin:/sbin:/bin:/usr/games:/usr/local/games:/snap/bin:/snap/bin:/home/duy/libfreenect2/build/bin'), ('LANG', 'en_US.UTF-8'), ('TMP', '/tmp'), ('SHELL', '/bin/bash'), ('PWD', '/home/duy/cocarry_ws/build/kinect2_registration'), ('COLCON', '1')]), 'shell': False}
[0.017978] (trac_ik_lib) JobProgress: {'identifier': 'trac_ik_lib', 'progress': 'cmake'}
[0.018189] (trac_ik_lib) JobProgress: {'identifier': 'trac_ik_lib', 'progress': 'build'}
[0.018336] (trac_ik_lib) Command: {'cmd': ['/usr/bin/cmake', '--build', '/home/duy/cocarry_ws/build/trac_ik_lib', '--', '-j16', '-l16'], 'cwd': '/home/duy/cocarry_ws/build/trac_ik_lib', 'env': OrderedDict([('USER', 'duy'), ('SHLVL', '0'), ('HOME', '/home/duy'), ('_', '/usr/bin/colcon'), ('TERM', 'dumb'), ('PATH', '/home/duy/.local/bin:/home/duy/.nvm/versions/node/v20.20.2/bin:/opt/ros/humble/bin:/home/duy/.local/bin:/usr/local/sbin:/usr/local/bin:/usr/sbin:/usr/bin:/sbin:/bin:/usr/games:/usr/local/games:/snap/bin:/snap/bin:/home/duy/libfreenect2/build/bin'), ('LANG', 'en_US.UTF-8'), ('TMP', '/tmp'), ('SHELL', '/bin/bash'), ('PWD', '/home/duy/cocarry_ws/build/trac_ik_lib'), ('COLCON', '1')]), 'shell': False}
[0.019370] (industrial_msgs) JobProgress: {'identifier': 'industrial_msgs', 'progress': 'cmake'}
[0.019562] (industrial_msgs) JobProgress: {'identifier': 'industrial_msgs', 'progress': 'build'}
[0.019695] (industrial_msgs) Command: {'cmd': ['/usr/bin/cmake', '--build', '/home/duy/cocarry_ws/build/industrial_msgs', '--', '-j16', '-l16'], 'cwd': '/home/duy/cocarry_ws/build/industrial_msgs', 'env': OrderedDict([('USER', 'duy'), ('SHLVL', '0'), ('HOME', '/home/duy'), ('_', '/usr/bin/colcon'), ('TERM', 'dumb'), ('PATH', '/home/duy/.local/bin:/home/duy/.nvm/versions/node/v20.20.2/bin:/opt/ros/humble/bin:/home/duy/.local/bin:/usr/local/sbin:/usr/local/bin:/usr/sbin:/usr/bin:/sbin:/bin:/usr/games:/usr/local/games:/snap/bin:/snap/bin:/home/duy/libfreenect2/build/bin'), ('LANG', 'en_US.UTF-8'), ('TMP', '/tmp'), ('SHELL', '/bin/bash'), ('PWD', '/home/duy/cocarry_ws/build/industrial_msgs'), ('COLCON', '1')]), 'shell': False}
[0.023480] (libfreenect2) JobProgress: {'identifier': 'libfreenect2', 'progress': 'cmake'}
[0.024202] (libfreenect2) JobProgress: {'identifier': 'libfreenect2', 'progress': 'build'}
[0.024479] (libfreenect2) Command: {'cmd': ['/usr/bin/cmake', '--build', '/home/duy/cocarry_ws/build/libfreenect2', '--', '-j16', '-l16'], 'cwd': '/home/duy/cocarry_ws/build/libfreenect2', 'env': OrderedDict([('USER', 'duy'), ('SHLVL', '0'), ('HOME', '/home/duy'), ('_', '/usr/bin/colcon'), ('TERM', 'dumb'), ('PATH', '/home/duy/.local/bin:/home/duy/.nvm/versions/node/v20.20.2/bin:/opt/ros/humble/bin:/home/duy/.local/bin:/usr/local/sbin:/usr/local/bin:/usr/sbin:/usr/bin:/sbin:/bin:/usr/games:/usr/local/games:/snap/bin:/snap/bin:/home/duy/libfreenect2/build/bin'), ('LANG', 'en_US.UTF-8'), ('TMP', '/tmp'), ('SHELL', '/bin/bash'), ('PWD', '/home/duy/cocarry_ws/build/libfreenect2'), ('COLCON', '1')]), 'shell': False}
[0.040645] (motoman_resources) CommandEnded: {'returncode': 0}
[0.045044] (motoman_resources) JobProgress: {'identifier': 'motoman_resources', 'progress': 'install'}
[0.052097] (motoman_resources) Command: {'cmd': ['/usr/bin/cmake', '--install', '/home/duy/cocarry_ws/build/motoman_resources'], 'cwd': '/home/duy/cocarry_ws/build/motoman_resources', 'env': OrderedDict([('USER', 'duy'), ('SHLVL', '0'), ('HOME', '/home/duy'), ('_', '/usr/bin/colcon'), ('TERM', 'dumb'), ('PATH', '/home/duy/.local/bin:/home/duy/.nvm/versions/node/v20.20.2/bin:/opt/ros/humble/bin:/home/duy/.local/bin:/usr/local/sbin:/usr/local/bin:/usr/sbin:/usr/bin:/sbin:/bin:/usr/games:/usr/local/games:/snap/bin:/snap/bin:/home/duy/libfreenect2/build/bin'), ('LANG', 'en_US.UTF-8'), ('TMP', '/tmp'), ('SHELL', '/bin/bash'), ('PWD', '/home/duy/cocarry_ws/build/motoman_resources'), ('COLCON', '1')]), 'shell': False}
[0.063937] (motoman_resources) StdoutLine: {'line': b'-- Install configuration: ""\n'}
[0.064184] (motoman_resources) StdoutLine: {'line': b'-- Execute custom install script\n'}
[0.064270] (motoman_resources) StdoutLine: {'line': b'-- Up-to-date symlink: /home/duy/cocarry_ws/install/motoman_resources/share/ament_index/resource_index/package_run_dependencies/motoman_resources\n'}
[0.064322] (motoman_resources) StdoutLine: {'line': b'-- Up-to-date symlink: /home/duy/cocarry_ws/install/motoman_resources/share/ament_index/resource_index/parent_prefix_path/motoman_resources\n'}
[0.064789] (motoman_resources) StdoutLine: {'line': b'-- Up-to-date symlink: /home/duy/cocarry_ws/install/motoman_resources/share/motoman_resources/environment/ament_prefix_path.sh\n'}
[0.065231] (motoman_resources) StdoutLine: {'line': b'-- Up-to-date symlink: /home/duy/cocarry_ws/install/motoman_resources/share/motoman_resources/environment/ament_prefix_path.dsv\n'}
[0.065420] (motoman_resources) StdoutLine: {'line': b'-- Up-to-date symlink: /home/duy/cocarry_ws/install/motoman_resources/share/motoman_resources/environment/path.sh\n'}
[0.065641] (motoman_resources) StdoutLine: {'line': b'-- Up-to-date symlink: /home/duy/cocarry_ws/install/motoman_resources/share/motoman_resources/environment/path.dsv\n'}
[0.065921] (motoman_resources) StdoutLine: {'line': b'-- Up-to-date symlink: /home/duy/cocarry_ws/install/motoman_resources/share/motoman_resources/local_setup.bash\n'}
[0.066140] (motoman_resources) StdoutLine: {'line': b'-- Up-to-date symlink: /home/duy/cocarry_ws/install/motoman_resources/share/motoman_resources/local_setup.sh\n'}
[0.066288] (motoman_resources) StdoutLine: {'line': b'-- Up-to-date symlink: /home/duy/cocarry_ws/install/motoman_resources/share/motoman_resources/local_setup.zsh\n'}
[0.066431] (motoman_resources) StdoutLine: {'line': b'-- Up-to-date symlink: /home/duy/cocarry_ws/install/motoman_resources/share/motoman_resources/local_setup.dsv\n'}
[0.066591] (motoman_resources) StdoutLine: {'line': b'-- Symlinking: /home/duy/cocarry_ws/install/motoman_resources/share/motoman_resources/package.dsv\n'}
[0.069873] (industrial_msgs) StdoutLine: {'line': b'[  1%] Built target industrial_msgs__cpp\n'}
[0.070199] (human_hand_msgs) StdoutLine: {'line': b'[ 10%] Built target human_hand_msgs__rosidl_generator_c\n'}
[0.070378] (motoros2_interfaces) StdoutLine: {'line': b'[  0%] Built target motoros2_interfaces__cpp\n'}
[0.072114] (industrial_msgs) StdoutLine: {'line': b'[ 12%] Built target industrial_msgs__rosidl_generator_c\n'}
[0.072394] (human_hand_msgs) StdoutLine: {'line': b'[ 12%] Built target human_hand_msgs__cpp\n'}
[0.075824] (industrial_msgs) StdoutLine: {'line': b'[ 13%] Built target industrial_msgs__rs\n'}
[0.076172] (industrial_msgs) StdoutLine: {'line': b'[ 13%] Built target ament_cmake_python_symlink_industrial_msgs\n'}
[0.076399] (human_hand_msgs) StdoutLine: {'line': b'[ 14%] Built target human_hand_msgs__rs\n'}
[0.076736] (motoman_resources) StdoutLine: {'line': b'-- Up-to-date symlink: /home/duy/cocarry_ws/install/motoman_resources/share/ament_index/resource_index/packages/motoman_resources\n'}
[0.076941] (motoman_resources) StdoutLine: {'line': b'-- Up-to-date symlink: /home/duy/cocarry_ws/install/motoman_resources/share/motoman_resources/cmake/motoman_resourcesConfig.cmake\n'}
[0.078954] (motoman_resources) StdoutLine: {'line': b'-- Up-to-date symlink: /home/duy/cocarry_ws/install/motoman_resources/share/motoman_resources/cmake/motoman_resourcesConfig-version.cmake\n'}
[0.079229] (motoman_resources) StdoutLine: {'line': b'-- Up-to-date symlink: /home/duy/cocarry_ws/install/motoman_resources/share/motoman_resources/package.xml\n'}
[0.079346] (motoman_resources) StdoutLine: {'line': b'-- Up-to-date symlink: /home/duy/cocarry_ws/install/motoman_resources/share/motoman_resources/rviz/view_robot.rviz\n'}
[0.079449] (motoman_resources) StdoutLine: {'line': b'-- Up-to-date symlink: /home/duy/cocarry_ws/install/motoman_resources/share/motoman_resources/urdf/common_colors.xacro\n'}
[0.079547] (motoman_resources) StdoutLine: {'line': b'-- Up-to-date symlink: /home/duy/cocarry_ws/install/motoman_resources/share/motoman_resources/urdf/common_materials.xacro\n'}
[0.083380] (motoman_resources) CommandEnded: {'returncode': 0}
[0.084817] (libfreenect2) StdoutLine: {'line': b'[  5%] Built target generate_resources_tool\n'}
[0.096286] (human_hand_msgs) StdoutLine: {'line': b'[ 14%] Built target ament_cmake_python_copy_human_hand_msgs\n'}
[0.098514] (motoros2_interfaces) StdoutLine: {'line': b'[ 12%] Built target motoros2_interfaces__rosidl_generator_c\n'}
[0.098657] (trac_ik_lib) StdoutLine: {'line': b'[100%] Built target trac_ik_lib\n'}
[0.098786] (kinect2_registration) StdoutLine: {'line': b'[100%] Built target kinect2_registration\n'}
[0.098888] (motoros2_interfaces) StdoutLine: {'line': b'[ 13%] Built target motoros2_interfaces__rs\n'}
[0.102585] (-) TimerEvent: {}
[0.103552] (motoros2_interfaces) StdoutLine: {'line': b'[ 13%] Built target ament_cmake_python_symlink_motoros2_interfaces\n'}
[0.118025] (industrial_msgs) StdoutLine: {'line': b'[ 25%] Built target industrial_msgs__rosidl_typesupport_cpp\n'}
[0.118390] (industrial_msgs) StdoutLine: {'line': b'[ 36%] Built target industrial_msgs__rosidl_typesupport_c\n'}
[0.124248] (human_hand_msgs) StdoutLine: {'line': b'[ 25%] Built target human_hand_msgs__rosidl_typesupport_c\n'}
[0.127184] (human_hand_msgs) StdoutLine: {'line': b'[ 35%] Built target human_hand_msgs__rosidl_typesupport_introspection_c\n'}
[0.127524] (human_hand_msgs) StdoutLine: {'line': b'[ 46%] Built target human_hand_msgs__rosidl_typesupport_fastrtps_cpp\n'}
[0.129949] (industrial_msgs) StdoutLine: {'line': b'[ 47%] Built target industrial_msgs__rosidl_typesupport_introspection_c\n'}
[0.130366] (industrial_msgs) StdoutLine: {'line': b'[ 58%] Built target industrial_msgs__rosidl_typesupport_fastrtps_cpp\n'}
[0.130792] (human_hand_msgs) StdoutLine: {'line': b'[ 57%] Built target human_hand_msgs__rosidl_typesupport_fastrtps_c\n'}
[0.131879] (industrial_msgs) StdoutLine: {'line': b'[ 69%] Built target industrial_msgs__rosidl_typesupport_fastrtps_c\n'}
[0.132167] (motoman_resources) JobEnded: {'identifier': 'motoman_resources', 'rc': 0}
[0.135449] (motoman_hc10dtp_support) JobStarted: {'identifier': 'motoman_hc10dtp_support'}
[0.135559] (industrial_msgs) StdoutLine: {'line': b'[ 80%] Built target industrial_msgs__rosidl_typesupport_introspection_cpp\n'}
[0.136728] (human_hand_msgs) StdoutLine: {'line': b'[ 67%] Built target human_hand_msgs__rosidl_typesupport_introspection_cpp\n'}
[0.138204] (motoman_gp4_support) JobStarted: {'identifier': 'motoman_gp4_support'}
[0.142948] (trac_ik_lib) CommandEnded: {'returncode': 0}
[0.143850] (trac_ik_lib) JobProgress: {'identifier': 'trac_ik_lib', 'progress': 'install'}
[0.144008] (trac_ik_lib) Command: {'cmd': ['/usr/bin/cmake', '--install', '/home/duy/cocarry_ws/build/trac_ik_lib'], 'cwd': '/home/duy/cocarry_ws/build/trac_ik_lib', 'env': OrderedDict([('USER', 'duy'), ('SHLVL', '0'), ('HOME', '/home/duy'), ('_', '/usr/bin/colcon'), ('TERM', 'dumb'), ('PATH', '/home/duy/.local/bin:/home/duy/.nvm/versions/node/v20.20.2/bin:/opt/ros/humble/bin:/home/duy/.local/bin:/usr/local/sbin:/usr/local/bin:/usr/sbin:/usr/bin:/sbin:/bin:/usr/games:/usr/local/games:/snap/bin:/snap/bin:/home/duy/libfreenect2/build/bin'), ('LANG', 'en_US.UTF-8'), ('TMP', '/tmp'), ('SHELL', '/bin/bash'), ('PWD', '/home/duy/cocarry_ws/build/trac_ik_lib'), ('COLCON', '1')]), 'shell': False}
[0.144406] (kinect2_registration) CommandEnded: {'returncode': 0}
[0.144680] (motoros2_interfaces) StdoutLine: {'line': b'[ 25%] Built target motoros2_interfaces__rosidl_typesupport_introspection_c\n'}
[0.144897] (libfreenect2) StdoutLine: {'line': b'[ 65%] Built target freenect2\n'}
[0.145479] (human_hand_msgs) StdoutLine: {'line': b'[ 78%] Built target human_hand_msgs__rosidl_typesupport_cpp\n'}
[0.146094] (kinect2_registration) JobProgress: {'identifier': 'kinect2_registration', 'progress': 'install'}
[0.148828] (kinect2_registration) Command: {'cmd': ['/usr/bin/cmake', '--install', '/home/duy/cocarry_ws/build/kinect2_registration'], 'cwd': '/home/duy/cocarry_ws/build/kinect2_registration', 'env': OrderedDict([('USER', 'duy'), ('SHLVL', '0'), ('HOME', '/home/duy'), ('_', '/usr/bin/colcon'), ('TERM', 'dumb'), ('PATH', '/home/duy/.local/bin:/home/duy/.nvm/versions/node/v20.20.2/bin:/opt/ros/humble/bin:/home/duy/.local/bin:/usr/local/sbin:/usr/local/bin:/usr/sbin:/usr/bin:/sbin:/bin:/usr/games:/usr/local/games:/snap/bin:/snap/bin:/home/duy/libfreenect2/build/bin'), ('LANG', 'en_US.UTF-8'), ('TMP', '/tmp'), ('SHELL', '/bin/bash'), ('PWD', '/home/duy/cocarry_ws/build/kinect2_registration'), ('COLCON', '1')]), 'shell': False}
[0.156237] (motoman_hc10dtp_support) JobProgress: {'identifier': 'motoman_hc10dtp_support', 'progress': 'cmake'}
[0.156502] (motoman_hc10dtp_support) JobProgress: {'identifier': 'motoman_hc10dtp_support', 'progress': 'build'}
[0.156557] (motoman_hc10dtp_support) Command: {'cmd': ['/usr/bin/cmake', '--build', '/home/duy/cocarry_ws/build/motoman_hc10dtp_support', '--', '-j16', '-l16'], 'cwd': '/home/duy/cocarry_ws/build/motoman_hc10dtp_support', 'env': OrderedDict([('USER', 'duy'), ('SHLVL', '0'), ('HOME', '/home/duy'), ('_', '/usr/bin/colcon'), ('TERM', 'dumb'), ('PATH', '/home/duy/.local/bin:/home/duy/.nvm/versions/node/v20.20.2/bin:/opt/ros/humble/bin:/home/duy/.local/bin:/usr/local/sbin:/usr/local/bin:/usr/sbin:/usr/bin:/sbin:/bin:/usr/games:/usr/local/games:/snap/bin:/snap/bin:/home/duy/libfreenect2/build/bin'), ('LANG', 'en_US.UTF-8'), ('TMP', '/tmp'), ('AMENT_PREFIX_PATH', '/home/duy/cocarry_ws/install/motoman_resources'), ('SHELL', '/bin/bash'), ('PWD', '/home/duy/cocarry_ws/build/motoman_hc10dtp_support'), ('COLCON', '1'), ('CMAKE_PREFIX_PATH', '/home/duy/cocarry_ws/install/motoman_resources')]), 'shell': False}
[0.157385] (motoros2_interfaces) StdoutLine: {'line': b'[ 37%] Built target motoros2_interfaces__rosidl_typesupport_cpp\n'}
[0.157534] (motoros2_interfaces) StdoutLine: {'line': b'[ 49%] Built target motoros2_interfaces__rosidl_typesupport_introspection_cpp\n'}
[0.157625] (motoros2_interfaces) StdoutLine: {'line': b'[ 61%] Built target motoros2_interfaces__rosidl_typesupport_fastrtps_cpp\n'}
[0.157708] (motoros2_interfaces) StdoutLine: {'line': b'[ 73%] Built target motoros2_interfaces__rosidl_typesupport_fastrtps_c\n'}
[0.159757] (motoman_gp4_support) JobProgress: {'identifier': 'motoman_gp4_support', 'progress': 'cmake'}
[0.160168] (trac_ik_lib) StdoutLine: {'line': b'-- Install configuration: ""\n'}
[0.160814] (trac_ik_lib) StdoutLine: {'line': b'-- Execute custom install script\n'}
[0.160947] (trac_ik_lib) StdoutLine: {'line': b'-- Up-to-date symlink: /home/duy/cocarry_ws/install/trac_ik_lib/share/trac_ik_lib/environment/library_path.sh\n'}
[0.161030] (trac_ik_lib) StdoutLine: {'line': b'-- Up-to-date symlink: /home/duy/cocarry_ws/install/trac_ik_lib/share/trac_ik_lib/environment/library_path.dsv\n'}
[0.161083] (trac_ik_lib) StdoutLine: {'line': b'-- Up-to-date symlink: /home/duy/cocarry_ws/install/trac_ik_lib/include/trac_ik/dual_quaternion.h\n'}
[0.161133] (trac_ik_lib) StdoutLine: {'line': b'-- Up-to-date symlink: /home/duy/cocarry_ws/install/trac_ik_lib/include/trac_ik/kdl_tl.hpp\n'}
[0.161182] (trac_ik_lib) StdoutLine: {'line': b'-- Up-to-date symlink: /home/duy/cocarry_ws/install/trac_ik_lib/include/trac_ik/math3d.h\n'}
[0.161240] (trac_ik_lib) StdoutLine: {'line': b'-- Up-to-date symlink: /home/duy/cocarry_ws/install/trac_ik_lib/include/trac_ik/nlopt_ik.hpp\n'}
[0.161287] (trac_ik_lib) StdoutLine: {'line': b'-- Up-to-date symlink: /home/duy/cocarry_ws/install/trac_ik_lib/include/trac_ik/trac_ik.hpp\n'}
[0.161334] (trac_ik_lib) StdoutLine: {'line': b'-- Up-to-date symlink: /home/duy/cocarry_ws/install/trac_ik_lib/include/trac_ik/visibility_control.hpp\n'}
[0.161382] (trac_ik_lib) StdoutLine: {'line': b'-- Up-to-date symlink: /home/duy/cocarry_ws/install/trac_ik_lib/share/ament_index/resource_index/package_run_dependencies/trac_ik_lib\n'}
[0.161450] (trac_ik_lib) StdoutLine: {'line': b'-- Up-to-date symlink: /home/duy/cocarry_ws/install/trac_ik_lib/share/ament_index/resource_index/parent_prefix_path/trac_ik_lib\n'}
[0.161508] (trac_ik_lib) StdoutLine: {'line': b'-- Up-to-date symlink: /home/duy/cocarry_ws/install/trac_ik_lib/share/trac_ik_lib/environment/ament_prefix_path.sh\n'}
[0.161562] (trac_ik_lib) StdoutLine: {'line': b'-- Up-to-date symlink: /home/duy/cocarry_ws/install/trac_ik_lib/share/trac_ik_lib/environment/ament_prefix_path.dsv\n'}
[0.161982] (kinect2_registration) StdoutLine: {'line': b'-- Install configuration: ""\n'}
[0.162174] (trac_ik_lib) StdoutLine: {'line': b'-- Up-to-date symlink: /home/duy/cocarry_ws/install/trac_ik_lib/share/trac_ik_lib/environment/path.sh\n'}
[0.162330] (kinect2_registration) StdoutLine: {'line': b'-- Execute custom install script\n'}
[0.162473] (kinect2_registration) StdoutLine: {'line': b'-- Up-to-date symlink: /home/duy/cocarry_ws/install/kinect2_registration/include/kinect2_registration/kinect2_console.h\n'}
[0.162728] (kinect2_registration) StdoutLine: {'line': b'-- Up-to-date symlink: /home/duy/cocarry_ws/install/kinect2_registration/include/kinect2_registration/kinect2_registration.h\n'}
[0.162986] (kinect2_registration) StdoutLine: {'line': b'-- Up-to-date symlink: /home/duy/cocarry_ws/install/kinect2_registration/share/kinect2_registration/environment/library_path.sh\n'}
[0.163099] (kinect2_registration) StdoutLine: {'line': b'-- Up-to-date symlink: /home/duy/cocarry_ws/install/kinect2_registration/share/kinect2_registration/environment/library_path.dsv\n'}
[0.163332] (trac_ik_lib) StdoutLine: {'line': b'-- Up-to-date symlink: /home/duy/cocarry_ws/install/trac_ik_lib/share/trac_ik_lib/environment/path.dsv\n'}
[0.163463] (trac_ik_lib) StdoutLine: {'line': b'-- Up-to-date symlink: /home/duy/cocarry_ws/install/trac_ik_lib/share/trac_ik_lib/local_setup.bash\n'}
[0.163545] (trac_ik_lib) StdoutLine: {'line': b'-- Up-to-date symlink: /home/duy/cocarry_ws/install/trac_ik_lib/share/trac_ik_lib/local_setup.sh\n'}
[0.163631] (trac_ik_lib) StdoutLine: {'line': b'-- Up-to-date symlink: /home/duy/cocarry_ws/install/trac_ik_lib/share/trac_ik_lib/local_setup.zsh\n'}
[0.163726] (trac_ik_lib) StdoutLine: {'line': b'-- Up-to-date symlink: /home/duy/cocarry_ws/install/trac_ik_lib/share/trac_ik_lib/local_setup.dsv\n'}
[0.163813] (trac_ik_lib) StdoutLine: {'line': b'-- Symlinking: /home/duy/cocarry_ws/install/trac_ik_lib/share/trac_ik_lib/package.dsv\n'}
[0.164951] (kinect2_registration) StdoutLine: {'line': b'-- Up-to-date symlink: /home/duy/cocarry_ws/install/kinect2_registration/share/ament_index/resource_index/package_run_dependencies/kinect2_registration\n'}
[0.165189] (industrial_msgs) StdoutLine: {'line': b'[ 80%] Built target industrial_msgs\n'}
[0.166113] (motoman_gp4_support) JobProgress: {'identifier': 'motoman_gp4_support', 'progress': 'build'}
[0.166211] (motoman_gp4_support) Command: {'cmd': ['/usr/bin/cmake', '--build', '/home/duy/cocarry_ws/build/motoman_gp4_support', '--', '-j16', '-l16'], 'cwd': '/home/duy/cocarry_ws/build/motoman_gp4_support', 'env': OrderedDict([('USER', 'duy'), ('SHLVL', '0'), ('HOME', '/home/duy'), ('_', '/usr/bin/colcon'), ('TERM', 'dumb'), ('PATH', '/home/duy/.local/bin:/home/duy/.nvm/versions/node/v20.20.2/bin:/opt/ros/humble/bin:/home/duy/.local/bin:/usr/local/sbin:/usr/local/bin:/usr/sbin:/usr/bin:/sbin:/bin:/usr/games:/usr/local/games:/snap/bin:/snap/bin:/home/duy/libfreenect2/build/bin'), ('LANG', 'en_US.UTF-8'), ('TMP', '/tmp'), ('AMENT_PREFIX_PATH', '/home/duy/cocarry_ws/install/motoman_resources'), ('SHELL', '/bin/bash'), ('PWD', '/home/duy/cocarry_ws/build/motoman_gp4_support'), ('COLCON', '1'), ('CMAKE_PREFIX_PATH', '/home/duy/cocarry_ws/install/motoman_resources')]), 'shell': False}
[0.167835] (kinect2_registration) StdoutLine: {'line': b'-- Up-to-date symlink: /home/duy/cocarry_ws/install/kinect2_registration/share/ament_index/resource_index/parent_prefix_path/kinect2_registration\n'}
[0.167979] (kinect2_registration) StdoutLine: {'line': b'-- Up-to-date symlink: /home/duy/cocarry_ws/install/kinect2_registration/share/kinect2_registration/environment/ament_prefix_path.sh\n'}
[0.168072] (kinect2_registration) StdoutLine: {'line': b'-- Up-to-date symlink: /home/duy/cocarry_ws/install/kinect2_registration/share/kinect2_registration/environment/ament_prefix_path.dsv\n'}
[0.168151] (kinect2_registration) StdoutLine: {'line': b'-- Up-to-date symlink: /home/duy/cocarry_ws/install/kinect2_registration/share/kinect2_registration/environment/path.sh\n'}
[0.168232] (kinect2_registration) StdoutLine: {'line': b'-- Up-to-date symlink: /home/duy/cocarry_ws/install/kinect2_registration/share/kinect2_registration/environment/path.dsv\n'}
[0.168309] (kinect2_registration) StdoutLine: {'line': b'-- Up-to-date symlink: /home/duy/cocarry_ws/install/kinect2_registration/share/kinect2_registration/local_setup.bash\n'}
[0.168386] (kinect2_registration) StdoutLine: {'line': b'-- Up-to-date symlink: /home/duy/cocarry_ws/install/kinect2_registration/share/kinect2_registration/local_setup.sh\n'}
[0.168799] (kinect2_registration) StdoutLine: {'line': b'-- Up-to-date symlink: /home/duy/cocarry_ws/install/kinect2_registration/share/kinect2_registration/local_setup.zsh\n'}
[0.168946] (kinect2_registration) StdoutLine: {'line': b'-- Up-to-date symlink: /home/duy/cocarry_ws/install/kinect2_registration/share/kinect2_registration/local_setup.dsv\n'}
[0.170338] (kinect2_registration) StdoutLine: {'line': b'-- Symlinking: /home/duy/cocarry_ws/install/kinect2_registration/share/kinect2_registration/package.dsv\n'}
[0.171918] (motoros2_interfaces) StdoutLine: {'line': b'[ 85%] Built target motoros2_interfaces__rosidl_typesupport_c\n'}
[0.175903] (trac_ik_lib) StdoutLine: {'line': b'-- Up-to-date symlink: /home/duy/cocarry_ws/install/trac_ik_lib/share/ament_index/resource_index/packages/trac_ik_lib\n'}
[0.176158] (trac_ik_lib) StdoutLine: {'line': b'-- Up-to-date symlink: /home/duy/cocarry_ws/install/trac_ik_lib/share/trac_ik_lib/cmake/ament_cmake_export_targets-extras.cmake\n'}
[0.176873] (trac_ik_lib) StdoutLine: {'line': b'-- Up-to-date symlink: /home/duy/cocarry_ws/install/trac_ik_lib/share/trac_ik_lib/cmake/ament_cmake_export_dependencies-extras.cmake\n'}
[0.177070] (trac_ik_lib) StdoutLine: {'line': b'-- Up-to-date symlink: /home/duy/cocarry_ws/install/trac_ik_lib/share/trac_ik_lib/cmake/trac_ik_libConfig.cmake\n'}
[0.177171] (trac_ik_lib) StdoutLine: {'line': b'-- Up-to-date symlink: /home/duy/cocarry_ws/install/trac_ik_lib/share/trac_ik_lib/cmake/trac_ik_libConfig-version.cmake\n'}
[0.177395] (trac_ik_lib) StdoutLine: {'line': b'-- Up-to-date symlink: /home/duy/cocarry_ws/install/trac_ik_lib/share/trac_ik_lib/package.xml\n'}
[0.177521] (trac_ik_lib) StdoutLine: {'line': b'-- Up-to-date: /home/duy/cocarry_ws/install/trac_ik_lib/lib/libtrac_ik_lib.so\n'}
[0.177610] (human_hand_msgs) StdoutLine: {'line': b'[ 78%] Built target human_hand_msgs\n'}
[0.177758] (trac_ik_lib) StdoutLine: {'line': b'-- Up-to-date: /home/duy/cocarry_ws/install/trac_ik_lib/share/trac_ik_lib/cmake/export_trac_ik_libExport.cmake\n'}
[0.177857] (trac_ik_lib) StdoutLine: {'line': b'-- Up-to-date: /home/duy/cocarry_ws/install/trac_ik_lib/share/trac_ik_lib/cmake/export_trac_ik_libExport-noconfig.cmake\n'}
[0.181698] (trac_ik_lib) CommandEnded: {'returncode': 0}
[0.182348] (libfreenect2) StdoutLine: {'line': b'[ 76%] Built target Protonect\n'}
[0.182613] (kinect2_registration) StdoutLine: {'line': b'-- Up-to-date symlink: /home/duy/cocarry_ws/install/kinect2_registration/share/ament_index/resource_index/packages/kinect2_registration\n'}
[0.183259] (kinect2_registration) StdoutLine: {'line': b'-- Up-to-date symlink: /home/duy/cocarry_ws/install/kinect2_registration/share/kinect2_registration/cmake/ament_cmake_export_include_directories-extras.cmake\n'}
[0.183492] (kinect2_registration) StdoutLine: {'line': b'-- Up-to-date symlink: /home/duy/cocarry_ws/install/kinect2_registration/share/kinect2_registration/cmake/ament_cmake_export_libraries-extras.cmake\n'}
[0.184072] (kinect2_registration) StdoutLine: {'line': b'-- Up-to-date symlink: /home/duy/cocarry_ws/install/kinect2_registration/share/kinect2_registration/cmake/kinect2_registrationConfig.cmake\n'}
[0.184283] (kinect2_registration) StdoutLine: {'line': b'-- Up-to-date symlink: /home/duy/cocarry_ws/install/kinect2_registration/share/kinect2_registration/cmake/kinect2_registrationConfig-version.cmake\n'}
[0.184383] (kinect2_registration) StdoutLine: {'line': b'-- Up-to-date symlink: /home/duy/cocarry_ws/install/kinect2_registration/share/kinect2_registration/package.xml\n'}
[0.184471] (libfreenect2) StdoutLine: {'line': b'[100%] Built target freenect2-openni2\n'}
[0.184618] (kinect2_registration) StdoutLine: {'line': b'-- Up-to-date: /home/duy/cocarry_ws/install/kinect2_registration/lib/libkinect2_registration.a\n'}
[0.191373] (industrial_msgs) StdoutLine: {'line': b'[ 81%] Built target industrial_msgs__py\n'}
[0.200006] (motoros2_interfaces) StdoutLine: {'line': b'[ 85%] Built target motoros2_interfaces\n'}
[0.202673] (-) TimerEvent: {}
[0.204114] (human_hand_msgs) StdoutLine: {'line': b'[ 80%] Built target human_hand_msgs__py\n'}
[0.211947] (trac_ik_lib) JobEnded: {'identifier': 'trac_ik_lib', 'rc': 0}
[0.212644] (trac_ik_kinematics) JobStarted: {'identifier': 'trac_ik_kinematics'}
[0.214888] (kinect2_registration) CommandEnded: {'returncode': 0}
[0.224910] (motoros2_interfaces) StdoutLine: {'line': b'[ 86%] Built target motoros2_interfaces__py\n'}
[0.228898] (kinect2_registration) JobEnded: {'identifier': 'kinect2_registration', 'rc': 0}
[0.230996] (libfreenect2) CommandEnded: {'returncode': 0}
[0.232517] (industrial_msgs) StdoutLine: {'line': b'[ 91%] Built target industrial_msgs__rosidl_generator_py\n'}
[0.233835] (libfreenect2) JobProgress: {'identifier': 'libfreenect2', 'progress': 'install'}
[0.233924] (libfreenect2) Command: {'cmd': ['/usr/bin/cmake', '--install', '/home/duy/cocarry_ws/build/libfreenect2'], 'cwd': '/home/duy/cocarry_ws/build/libfreenect2', 'env': OrderedDict([('USER', 'duy'), ('SHLVL', '0'), ('HOME', '/home/duy'), ('_', '/usr/bin/colcon'), ('TERM', 'dumb'), ('PATH', '/home/duy/.local/bin:/home/duy/.nvm/versions/node/v20.20.2/bin:/opt/ros/humble/bin:/home/duy/.local/bin:/usr/local/sbin:/usr/local/bin:/usr/sbin:/usr/bin:/sbin:/bin:/usr/games:/usr/local/games:/snap/bin:/snap/bin:/home/duy/libfreenect2/build/bin'), ('LANG', 'en_US.UTF-8'), ('TMP', '/tmp'), ('SHELL', '/bin/bash'), ('PWD', '/home/duy/cocarry_ws/build/libfreenect2'), ('COLCON', '1')]), 'shell': False}
[0.234617] (motoman_hc10dtp_support) CommandEnded: {'returncode': 0}
[0.237923] (human_hand_msgs) StdoutLine: {'line': b'[ 89%] Built target human_hand_msgs__rosidl_generator_py\n'}
[0.239707] (motoman_hc10dtp_support) JobProgress: {'identifier': 'motoman_hc10dtp_support', 'progress': 'install'}
[0.240107] (motoman_hc10dtp_support) Command: {'cmd': ['/usr/bin/cmake', '--install', '/home/duy/cocarry_ws/build/motoman_hc10dtp_support'], 'cwd': '/home/duy/cocarry_ws/build/motoman_hc10dtp_support', 'env': OrderedDict([('USER', 'duy'), ('SHLVL', '0'), ('HOME', '/home/duy'), ('_', '/usr/bin/colcon'), ('TERM', 'dumb'), ('PATH', '/home/duy/.local/bin:/home/duy/.nvm/versions/node/v20.20.2/bin:/opt/ros/humble/bin:/home/duy/.local/bin:/usr/local/sbin:/usr/local/bin:/usr/sbin:/usr/bin:/sbin:/bin:/usr/games:/usr/local/games:/snap/bin:/snap/bin:/home/duy/libfreenect2/build/bin'), ('LANG', 'en_US.UTF-8'), ('TMP', '/tmp'), ('AMENT_PREFIX_PATH', '/home/duy/cocarry_ws/install/motoman_resources'), ('SHELL', '/bin/bash'), ('PWD', '/home/duy/cocarry_ws/build/motoman_hc10dtp_support'), ('COLCON', '1'), ('CMAKE_PREFIX_PATH', '/home/duy/cocarry_ws/install/motoman_resources')]), 'shell': False}
[0.240617] (kinect2_bridge) JobStarted: {'identifier': 'kinect2_bridge'}
[0.242208] (libfreenect2) StdoutLine: {'line': b'-- Install configuration: "RelWithDebInfo"\n'}
[0.242698] (libfreenect2) StdoutLine: {'line': b'-- Up-to-date: /home/duy/cocarry_ws/install/libfreenect2/lib/libfreenect2.so.0.2.0\n'}
[0.242908] (libfreenect2) StdoutLine: {'line': b'-- Up-to-date: /home/duy/cocarry_ws/install/libfreenect2/lib/libfreenect2.so.0.2\n'}
[0.243026] (libfreenect2) StdoutLine: {'line': b'-- Up-to-date: /home/duy/cocarry_ws/install/libfreenect2/lib/libfreenect2.so\n'}
[0.243118] (libfreenect2) StdoutLine: {'line': b'-- Up-to-date: /home/duy/cocarry_ws/install/libfreenect2/include/libfreenect2\n'}
[0.243216] (libfreenect2) StdoutLine: {'line': b'-- Up-to-date: /home/duy/cocarry_ws/install/libfreenect2/include/libfreenect2/registration.h\n'}
[0.243310] (libfreenect2) StdoutLine: {'line': b'-- Up-to-date: /home/duy/cocarry_ws/install/libfreenect2/include/libfreenect2/packet_pipeline.h\n'}
[0.243404] (libfreenect2) StdoutLine: {'line': b'-- Up-to-date: /home/duy/cocarry_ws/install/libfreenect2/include/libfreenect2/libfreenect2.hpp\n'}
[0.243543] (libfreenect2) StdoutLine: {'line': b'-- Up-to-date: /home/duy/cocarry_ws/install/libfreenect2/include/libfreenect2/frame_listener_impl.h\n'}
[0.243634] (libfreenect2) StdoutLine: {'line': b'-- Up-to-date: /home/duy/cocarry_ws/install/libfreenect2/include/libfreenect2/led_settings.h\n'}
[0.243727] (libfreenect2) StdoutLine: {'line': b'-- Up-to-date: /home/duy/cocarry_ws/install/libfreenect2/include/libfreenect2/frame_listener.hpp\n'}
[0.245261] (libfreenect2) StdoutLine: {'line': b'-- Up-to-date: /home/duy/cocarry_ws/install/libfreenect2/include/libfreenect2/logger.h\n'}
[0.245524] (libfreenect2) StdoutLine: {'line': b'-- Up-to-date: /home/duy/cocarry_ws/install/libfreenect2/include/libfreenect2/color_settings.h\n'}
[0.245696] (libfreenect2) StdoutLine: {'line': b'-- Up-to-date: /home/duy/cocarry_ws/install/libfreenect2/include/libfreenect2\n'}
[0.246056] (libfreenect2) StdoutLine: {'line': b'-- Up-to-date: /home/duy/cocarry_ws/install/libfreenect2/include/libfreenect2/config.h\n'}
[0.246210] (libfreenect2) StdoutLine: {'line': b'-- Up-to-date: /home/duy/cocarry_ws/install/libfreenect2/include/libfreenect2/export.h\n'}
[0.246389] (libfreenect2) StdoutLine: {'line': b'-- Up-to-date: /home/duy/cocarry_ws/install/libfreenect2/lib/cmake/freenect2/freenect2Config.cmake\n'}
[0.246520] (libfreenect2) StdoutLine: {'line': b'-- Up-to-date: /home/duy/cocarry_ws/install/libfreenect2/lib/cmake/freenect2/freenect2ConfigVersion.cmake\n'}
[0.246652] (libfreenect2) StdoutLine: {'line': b'-- Up-to-date: /home/duy/cocarry_ws/install/libfreenect2/lib/pkgconfig/freenect2.pc\n'}
[0.247275] (libfreenect2) StdoutLine: {'line': b'-- Up-to-date: /home/duy/cocarry_ws/install/libfreenect2/lib/OpenNI2/Drivers/libfreenect2-openni2.so.0\n'}
[0.247442] (libfreenect2) StdoutLine: {'line': b'-- Up-to-date: /home/duy/cocarry_ws/install/libfreenect2/lib/OpenNI2/Drivers/libfreenect2-openni2.so\n'}
[0.247536] (motoman_gp4_support) CommandEnded: {'returncode': 0}
[0.248157] (motoman_hc10dtp_support) StdoutLine: {'line': b'-- Install configuration: ""\n'}
[0.248744] (motoman_gp4_support) JobProgress: {'identifier': 'motoman_gp4_support', 'progress': 'install'}
[0.248781] (motoman_hc10dtp_support) StdoutLine: {'line': b'-- Execute custom install script\n'}
[0.248896] (motoman_hc10dtp_support) StdoutLine: {'line': b'-- Up-to-date symlink: /home/duy/cocarry_ws/install/motoman_hc10dtp_support/share/ament_index/resource_index/package_run_dependencies/motoman_hc10dtp_support\n'}
[0.248983] (motoman_hc10dtp_support) StdoutLine: {'line': b'-- Up-to-date symlink: /home/duy/cocarry_ws/install/motoman_hc10dtp_support/share/ament_index/resource_index/parent_prefix_path/motoman_hc10dtp_support\n'}
[0.252031] (motoman_gp4_support) Command: {'cmd': ['/usr/bin/cmake', '--install', '/home/duy/cocarry_ws/build/motoman_gp4_support'], 'cwd': '/home/duy/cocarry_ws/build/motoman_gp4_support', 'env': OrderedDict([('USER', 'duy'), ('SHLVL', '0'), ('HOME', '/home/duy'), ('_', '/usr/bin/colcon'), ('TERM', 'dumb'), ('PATH', '/home/duy/.local/bin:/home/duy/.nvm/versions/node/v20.20.2/bin:/opt/ros/humble/bin:/home/duy/.local/bin:/usr/local/sbin:/usr/local/bin:/usr/sbin:/usr/bin:/sbin:/bin:/usr/games:/usr/local/games:/snap/bin:/snap/bin:/home/duy/libfreenect2/build/bin'), ('LANG', 'en_US.UTF-8'), ('TMP', '/tmp'), ('AMENT_PREFIX_PATH', '/home/duy/cocarry_ws/install/motoman_resources'), ('SHELL', '/bin/bash'), ('PWD', '/home/duy/cocarry_ws/build/motoman_gp4_support'), ('COLCON', '1'), ('CMAKE_PREFIX_PATH', '/home/duy/cocarry_ws/install/motoman_resources')]), 'shell': False}
[0.252478] (motoman_hc10dtp_support) StdoutLine: {'line': b'-- Up-to-date symlink: /home/duy/cocarry_ws/install/motoman_hc10dtp_support/share/motoman_hc10dtp_support/environment/ament_prefix_path.sh\n'}
[0.252635] (motoman_hc10dtp_support) StdoutLine: {'line': b'-- Up-to-date symlink: /home/duy/cocarry_ws/install/motoman_hc10dtp_support/share/motoman_hc10dtp_support/environment/ament_prefix_path.dsv\n'}
[0.252778] (motoman_hc10dtp_support) StdoutLine: {'line': b'-- Up-to-date symlink: /home/duy/cocarry_ws/install/motoman_hc10dtp_support/share/motoman_hc10dtp_support/environment/path.sh\n'}
[0.252916] (motoman_hc10dtp_support) StdoutLine: {'line': b'-- Up-to-date symlink: /home/duy/cocarry_ws/install/motoman_hc10dtp_support/share/motoman_hc10dtp_support/environment/path.dsv\n'}
[0.253041] (motoman_hc10dtp_support) StdoutLine: {'line': b'-- Up-to-date symlink: /home/duy/cocarry_ws/install/motoman_hc10dtp_support/share/motoman_hc10dtp_support/local_setup.bash\n'}
[0.253159] (motoman_hc10dtp_support) StdoutLine: {'line': b'-- Up-to-date symlink: /home/duy/cocarry_ws/install/motoman_hc10dtp_support/share/motoman_hc10dtp_support/local_setup.sh\n'}
[0.253279] (motoman_hc10dtp_support) StdoutLine: {'line': b'-- Up-to-date symlink: /home/duy/cocarry_ws/install/motoman_hc10dtp_support/share/motoman_hc10dtp_support/local_setup.zsh\n'}
[0.253399] (motoman_hc10dtp_support) StdoutLine: {'line': b'-- Up-to-date symlink: /home/duy/cocarry_ws/install/motoman_hc10dtp_support/share/motoman_hc10dtp_support/local_setup.dsv\n'}
[0.253518] (motoman_hc10dtp_support) StdoutLine: {'line': b'-- Symlinking: /home/duy/cocarry_ws/install/motoman_hc10dtp_support/share/motoman_hc10dtp_support/package.dsv\n'}
[0.253643] (trac_ik_kinematics) JobProgress: {'identifier': 'trac_ik_kinematics', 'progress': 'cmake'}
[0.253684] (trac_ik_kinematics) JobProgress: {'identifier': 'trac_ik_kinematics', 'progress': 'build'}
[0.253735] (trac_ik_kinematics) Command: {'cmd': ['/usr/bin/cmake', '--build', '/home/duy/cocarry_ws/build/trac_ik_kinematics', '--', '-j16', '-l16'], 'cwd': '/home/duy/cocarry_ws/build/trac_ik_kinematics', 'env': OrderedDict([('USER', 'duy'), ('SHLVL', '0'), ('LD_LIBRARY_PATH', '/home/duy/cocarry_ws/install/trac_ik_lib/lib'), ('HOME', '/home/duy'), ('_', '/usr/bin/colcon'), ('TERM', 'dumb'), ('PATH', '/home/duy/.local/bin:/home/duy/.nvm/versions/node/v20.20.2/bin:/opt/ros/humble/bin:/home/duy/.local/bin:/usr/local/sbin:/usr/local/bin:/usr/sbin:/usr/bin:/sbin:/bin:/usr/games:/usr/local/games:/snap/bin:/snap/bin:/home/duy/libfreenect2/build/bin'), ('LANG', 'en_US.UTF-8'), ('TMP', '/tmp'), ('AMENT_PREFIX_PATH', '/home/duy/cocarry_ws/install/trac_ik_lib'), ('SHELL', '/bin/bash'), ('PWD', '/home/duy/cocarry_ws/build/trac_ik_kinematics'), ('COLCON', '1'), ('CMAKE_PREFIX_PATH', '/home/duy/cocarry_ws/install/trac_ik_lib')]), 'shell': False}
[0.255859] (motoman_gp4_support) StdoutLine: {'line': b'-- Install configuration: ""\n'}
[0.258043] (motoman_hc10dtp_support) StdoutLine: {'line': b'-- Up-to-date symlink: /home/duy/cocarry_ws/install/motoman_hc10dtp_support/share/ament_index/resource_index/packages/motoman_hc10dtp_support\n'}
[0.258191] (motoman_hc10dtp_support) StdoutLine: {'line': b'-- Up-to-date symlink: /home/duy/cocarry_ws/install/motoman_hc10dtp_support/share/motoman_hc10dtp_support/cmake/motoman_hc10dtp_supportConfig.cmake\n'}
[0.258303] (motoman_hc10dtp_support) StdoutLine: {'line': b'-- Up-to-date symlink: /home/duy/cocarry_ws/install/motoman_hc10dtp_support/share/motoman_hc10dtp_support/cmake/motoman_hc10dtp_supportConfig-version.cmake\n'}
[0.258399] (motoman_hc10dtp_support) StdoutLine: {'line': b'-- Up-to-date symlink: /home/duy/cocarry_ws/install/motoman_hc10dtp_support/share/motoman_hc10dtp_support/package.xml\n'}
[0.258491] (motoman_hc10dtp_support) StdoutLine: {'line': b'-- Up-to-date symlink: /home/duy/cocarry_ws/install/motoman_hc10dtp_support/share/motoman_hc10dtp_support/config/opw_parameters_hc10dtp.yaml\n'}
[0.258582] (kinect2_bridge) JobProgress: {'identifier': 'kinect2_bridge', 'progress': 'cmake'}
[0.258614] (kinect2_bridge) JobProgress: {'identifier': 'kinect2_bridge', 'progress': 'build'}
[0.258873] (motoman_hc10dtp_support) StdoutLine: {'line': b'-- Up-to-date symlink: /home/duy/cocarry_ws/install/motoman_hc10dtp_support/share/motoman_hc10dtp_support/launch/view_hc10dtp.launch.xml\n'}
[0.259477] (motoman_hc10dtp_support) StdoutLine: {'line': b'-- Up-to-date symlink: /home/duy/cocarry_ws/install/motoman_hc10dtp_support/share/motoman_hc10dtp_support/meshes/hc10dtp/collision/base_link.stl\n'}
[0.259588] (motoman_hc10dtp_support) StdoutLine: {'line': b'-- Up-to-date symlink: /home/duy/cocarry_ws/install/motoman_hc10dtp_support/share/motoman_hc10dtp_support/meshes/hc10dtp/collision/link_1_s.stl\n'}
[0.259687] (motoman_hc10dtp_support) StdoutLine: {'line': b'-- Up-to-date symlink: /home/duy/cocarry_ws/install/motoman_hc10dtp_support/share/motoman_hc10dtp_support/meshes/hc10dtp/collision/link_2_l.stl\n'}
[0.259927] (motoman_hc10dtp_support) StdoutLine: {'line': b'-- Up-to-date symlink: /home/duy/cocarry_ws/install/motoman_hc10dtp_support/share/motoman_hc10dtp_support/meshes/hc10dtp/collision/link_3_u.stl\n'}
[0.260027] (motoman_hc10dtp_support) StdoutLine: {'line': b'-- Up-to-date symlink: /home/duy/cocarry_ws/install/motoman_hc10dtp_support/share/motoman_hc10dtp_support/meshes/hc10dtp/collision/link_4_r.stl\n'}
[0.261251] (motoman_hc10dtp_support) StdoutLine: {'line': b'-- Up-to-date symlink: /home/duy/cocarry_ws/install/motoman_hc10dtp_support/share/motoman_hc10dtp_support/meshes/hc10dtp/collision/link_5_b.stl\n'}
[0.262448] (motoman_hc10dtp_support) StdoutLine: {'line': b'-- Up-to-date symlink: /home/duy/cocarry_ws/install/motoman_hc10dtp_support/share/motoman_hc10dtp_support/meshes/hc10dtp/collision/link_6_t.stl\n'}
[0.263860] (motoman_hc10dtp_support) StdoutLine: {'line': b'-- Up-to-date symlink: /home/duy/cocarry_ws/install/motoman_hc10dtp_support/share/motoman_hc10dtp_support/meshes/hc10dtp/visual/base_link.dae\n'}
[0.264396] (motoman_hc10dtp_support) StdoutLine: {'line': b'-- Up-to-date symlink: /home/duy/cocarry_ws/install/motoman_hc10dtp_support/share/motoman_hc10dtp_support/meshes/hc10dtp/visual/link_1_s.dae\n'}
[0.264499] (motoman_hc10dtp_support) StdoutLine: {'line': b'-- Up-to-date symlink: /home/duy/cocarry_ws/install/motoman_hc10dtp_support/share/motoman_hc10dtp_support/meshes/hc10dtp/visual/link_2_l.dae\n'}
[0.264588] (human_hand_msgs) StdoutLine: {'line': b'[ 92%] Built target human_hand_msgs__rosidl_typesupport_c__pyext\n'}
[0.264913] (kinect2_bridge) Command: {'cmd': ['/usr/bin/cmake', '--build', '/home/duy/cocarry_ws/build/kinect2_bridge', '--', '-j16', '-l16'], 'cwd': '/home/duy/cocarry_ws/build/kinect2_bridge', 'env': OrderedDict([('USER', 'duy'), ('SHLVL', '0'), ('LD_LIBRARY_PATH', '/home/duy/cocarry_ws/install/kinect2_registration/lib'), ('HOME', '/home/duy'), ('_', '/usr/bin/colcon'), ('TERM', 'dumb'), ('PATH', '/home/duy/.local/bin:/home/duy/.nvm/versions/node/v20.20.2/bin:/opt/ros/humble/bin:/home/duy/.local/bin:/usr/local/sbin:/usr/local/bin:/usr/sbin:/usr/bin:/sbin:/bin:/usr/games:/usr/local/games:/snap/bin:/snap/bin:/home/duy/libfreenect2/build/bin'), ('LANG', 'en_US.UTF-8'), ('TMP', '/tmp'), ('AMENT_PREFIX_PATH', '/home/duy/cocarry_ws/install/kinect2_registration'), ('SHELL', '/bin/bash'), ('PWD', '/home/duy/cocarry_ws/build/kinect2_bridge'), ('COLCON', '1'), ('CMAKE_PREFIX_PATH', '/home/duy/cocarry_ws/install/kinect2_registration')]), 'shell': False}
[0.266651] (motoman_hc10dtp_support) StdoutLine: {'line': b'-- Up-to-date symlink: /home/duy/cocarry_ws/install/motoman_hc10dtp_support/share/motoman_hc10dtp_support/meshes/hc10dtp/visual/link_3_u.dae\n'}
[0.266978] (motoman_hc10dtp_support) StdoutLine: {'line': b'-- Up-to-date symlink: /home/duy/cocarry_ws/install/motoman_hc10dtp_support/share/motoman_hc10dtp_support/meshes/hc10dtp/visual/link_4_r.dae\n'}
[0.267093] (motoman_hc10dtp_support) StdoutLine: {'line': b'-- Up-to-date symlink: /home/duy/cocarry_ws/install/motoman_hc10dtp_support/share/motoman_hc10dtp_support/meshes/hc10dtp/visual/link_5_b.dae\n'}
[0.267354] (motoman_hc10dtp_support) StdoutLine: {'line': b'-- Up-to-date symlink: /home/duy/cocarry_ws/install/motoman_hc10dtp_support/share/motoman_hc10dtp_support/meshes/hc10dtp/visual/link_6_t.dae\n'}
[0.267434] (motoman_hc10dtp_support) StdoutLine: {'line': b'-- Up-to-date symlink: /home/duy/cocarry_ws/install/motoman_hc10dtp_support/share/motoman_hc10dtp_support/urdf/hc10dtp.urdf\n'}
[0.267503] (motoman_hc10dtp_support) StdoutLine: {'line': b'-- Up-to-date symlink: /home/duy/cocarry_ws/install/motoman_hc10dtp_support/share/motoman_hc10dtp_support/urdf/hc10dtp.xacro\n'}
[0.267570] (industrial_msgs) StdoutLine: {'line': b'[ 94%] Built target industrial_msgs__rosidl_typesupport_c__pyext\n'}
[0.267694] (motoman_gp4_support) StdoutLine: {'line': b'-- Execute custom install script\n'}
[0.267841] (motoman_gp4_support) StdoutLine: {'line': b'-- Up-to-date symlink: /home/duy/cocarry_ws/install/motoman_gp4_support/share/ament_index/resource_index/package_run_dependencies/motoman_gp4_support\n'}
[0.267918] (motoman_gp4_support) StdoutLine: {'line': b'-- Up-to-date symlink: /home/duy/cocarry_ws/install/motoman_gp4_support/share/ament_index/resource_index/parent_prefix_path/motoman_gp4_support\n'}
[0.267984] (motoman_gp4_support) StdoutLine: {'line': b'-- Up-to-date symlink: /home/duy/cocarry_ws/install/motoman_gp4_support/share/motoman_gp4_support/environment/ament_prefix_path.sh\n'}
[0.268048] (motoman_gp4_support) StdoutLine: {'line': b'-- Up-to-date symlink: /home/duy/cocarry_ws/install/motoman_gp4_support/share/motoman_gp4_support/environment/ament_prefix_path.dsv\n'}
[0.268111] (motoman_gp4_support) StdoutLine: {'line': b'-- Up-to-date symlink: /home/duy/cocarry_ws/install/motoman_gp4_support/share/motoman_gp4_support/environment/path.sh\n'}
[0.268350] (motoman_gp4_support) StdoutLine: {'line': b'-- Up-to-date symlink: /home/duy/cocarry_ws/install/motoman_gp4_support/share/motoman_gp4_support/environment/path.dsv\n'}
[0.268430] (motoman_gp4_support) StdoutLine: {'line': b'-- Up-to-date symlink: /home/duy/cocarry_ws/install/motoman_gp4_support/share/motoman_gp4_support/local_setup.bash\n'}
[0.268496] (motoman_gp4_support) StdoutLine: {'line': b'-- Up-to-date symlink: /home/duy/cocarry_ws/install/motoman_gp4_support/share/motoman_gp4_support/local_setup.sh\n'}
[0.268560] (motoman_gp4_support) StdoutLine: {'line': b'-- Up-to-date symlink: /home/duy/cocarry_ws/install/motoman_gp4_support/share/motoman_gp4_support/local_setup.zsh\n'}
[0.268622] (motoman_gp4_support) StdoutLine: {'line': b'-- Up-to-date symlink: /home/duy/cocarry_ws/install/motoman_gp4_support/share/motoman_gp4_support/local_setup.dsv\n'}
[0.268683] (motoman_gp4_support) StdoutLine: {'line': b'-- Symlinking: /home/duy/cocarry_ws/install/motoman_gp4_support/share/motoman_gp4_support/package.dsv\n'}
[0.268845] (human_hand_msgs) StdoutLine: {'line': b'[ 96%] Built target human_hand_msgs__rosidl_typesupport_introspection_c__pyext\n'}
[0.269235] (motoman_hc10dtp_support) StdoutLine: {'line': b'-- Up-to-date symlink: /home/duy/cocarry_ws/install/motoman_hc10dtp_support/share/motoman_hc10dtp_support/urdf/hc10dtp_macro.xacro\n'}
[0.269379] (libfreenect2) CommandEnded: {'returncode': 0}
[0.269790] (human_hand_msgs) StdoutLine: {'line': b'[100%] Built target human_hand_msgs__rosidl_typesupport_fastrtps_c__pyext\n'}
[0.269935] (industrial_msgs) StdoutLine: {'line': b'[ 97%] Built target industrial_msgs__rosidl_typesupport_fastrtps_c__pyext\n'}
[0.270069] (industrial_msgs) StdoutLine: {'line': b'[100%] Built target industrial_msgs__rosidl_typesupport_introspection_c__pyext\n'}
[0.270163] (motoros2_interfaces) StdoutLine: {'line': b'[ 97%] Built target motoros2_interfaces__rosidl_generator_py\n'}
[0.271411] (motoman_gp4_support) StdoutLine: {'line': b'-- Up-to-date symlink: /home/duy/cocarry_ws/install/motoman_gp4_support/share/ament_index/resource_index/packages/motoman_gp4_support\n'}
[0.271823] (motoman_gp4_support) StdoutLine: {'line': b'-- Up-to-date symlink: /home/duy/cocarry_ws/install/motoman_gp4_support/share/motoman_gp4_support/cmake/motoman_gp4_supportConfig.cmake\n'}
[0.272546] (motoman_gp4_support) StdoutLine: {'line': b'-- Up-to-date symlink: /home/duy/cocarry_ws/install/motoman_gp4_support/share/motoman_gp4_support/cmake/motoman_gp4_supportConfig-version.cmake\n'}
[0.272668] (motoman_gp4_support) StdoutLine: {'line': b'-- Up-to-date symlink: /home/duy/cocarry_ws/install/motoman_gp4_support/share/motoman_gp4_support/package.xml\n'}
[0.272817] (motoman_gp4_support) StdoutLine: {'line': b'-- Up-to-date symlink: /home/duy/cocarry_ws/install/motoman_gp4_support/share/motoman_gp4_support/config/opw_parameters_gp4.yaml\n'}
[0.272964] (motoman_gp4_support) StdoutLine: {'line': b'-- Up-to-date symlink: /home/duy/cocarry_ws/install/motoman_gp4_support/share/motoman_gp4_support/launch/view_gp4.launch.xml\n'}
[0.273999] (motoman_gp4_support) StdoutLine: {'line': b'-- Up-to-date symlink: /home/duy/cocarry_ws/install/motoman_gp4_support/share/motoman_gp4_support/meshes/gp4/collision/base_link.stl\n'}
[0.274463] (motoman_gp4_support) StdoutLine: {'line': b'-- Up-to-date symlink: /home/duy/cocarry_ws/install/motoman_gp4_support/share/motoman_gp4_support/meshes/gp4/collision/link_1_s.stl\n'}
[0.274895] (motoman_gp4_support) StdoutLine: {'line': b'-- Up-to-date symlink: /home/duy/cocarry_ws/install/motoman_gp4_support/share/motoman_gp4_support/meshes/gp4/collision/link_2_l.stl\n'}
[0.275273] (motoman_gp4_support) StdoutLine: {'line': b'-- Up-to-date symlink: /home/duy/cocarry_ws/install/motoman_gp4_support/share/motoman_gp4_support/meshes/gp4/collision/link_3_u.stl\n'}
[0.275907] (motoman_gp4_support) StdoutLine: {'line': b'-- Up-to-date symlink: /home/duy/cocarry_ws/install/motoman_gp4_support/share/motoman_gp4_support/meshes/gp4/collision/link_4_r.stl\n'}
[0.278762] (motoman_gp4_support) StdoutLine: {'line': b'-- Up-to-date symlink: /home/duy/cocarry_ws/install/motoman_gp4_support/share/motoman_gp4_support/meshes/gp4/collision/link_5_b.stl\n'}
[0.279049] (motoman_gp4_support) StdoutLine: {'line': b'-- Up-to-date symlink: /home/duy/cocarry_ws/install/motoman_gp4_support/share/motoman_gp4_support/meshes/gp4/collision/link_6_t.stl\n'}
[0.279484] (motoman_gp4_support) StdoutLine: {'line': b'-- Up-to-date symlink: /home/duy/cocarry_ws/install/motoman_gp4_support/share/motoman_gp4_support/meshes/gp4/visual/base_link.dae\n'}
[0.280063] (motoman_gp4_support) StdoutLine: {'line': b'-- Up-to-date symlink: /home/duy/cocarry_ws/install/motoman_gp4_support/share/motoman_gp4_support/meshes/gp4/visual/link_1_s.dae\n'}
[0.280252] (motoman_gp4_support) StdoutLine: {'line': b'-- Up-to-date symlink: /home/duy/cocarry_ws/install/motoman_gp4_support/share/motoman_gp4_support/meshes/gp4/visual/link_2_l.dae\n'}
[0.280725] (motoman_gp4_support) StdoutLine: {'line': b'-- Up-to-date symlink: /home/duy/cocarry_ws/install/motoman_gp4_support/share/motoman_gp4_support/meshes/gp4/visual/link_3_u.dae\n'}
[0.280889] (motoman_gp4_support) StdoutLine: {'line': b'-- Up-to-date symlink: /home/duy/cocarry_ws/install/motoman_gp4_support/share/motoman_gp4_support/meshes/gp4/visual/link_4_r.dae\n'}
[0.280954] (motoman_gp4_support) StdoutLine: {'line': b'-- Up-to-date symlink: /home/duy/cocarry_ws/install/motoman_gp4_support/share/motoman_gp4_support/meshes/gp4/visual/link_5_b.dae\n'}
[0.281009] (motoman_gp4_support) StdoutLine: {'line': b'-- Up-to-date symlink: /home/duy/cocarry_ws/install/motoman_gp4_support/share/motoman_gp4_support/meshes/gp4/visual/link_6_t.dae\n'}
[0.281431] (motoman_gp4_support) StdoutLine: {'line': b'-- Up-to-date symlink: /home/duy/cocarry_ws/install/motoman_gp4_support/share/motoman_gp4_support/urdf/gp4.urdf\n'}
[0.281524] (motoman_gp4_support) StdoutLine: {'line': b'-- Up-to-date symlink: /home/duy/cocarry_ws/install/motoman_gp4_support/share/motoman_gp4_support/urdf/gp4.xacro\n'}
[0.281582] (motoman_gp4_support) StdoutLine: {'line': b'-- Up-to-date symlink: /home/duy/cocarry_ws/install/motoman_gp4_support/share/motoman_gp4_support/urdf/gp4_macro.xacro\n'}
[0.282762] (libfreenect2) JobEnded: {'identifier': 'libfreenect2', 'rc': 0}
[0.284594] (motoman_gp4_support) CommandEnded: {'returncode': 0}
[0.295381] (motoros2_interfaces) StdoutLine: {'line': b'[ 98%] Built target motoros2_interfaces__rosidl_typesupport_fastrtps_c__pyext\n'}
[0.296650] (motoros2_interfaces) StdoutLine: {'line': b'[100%] Built target motoros2_interfaces__rosidl_typesupport_introspection_c__pyext\n'}
[0.296995] (motoros2_interfaces) StdoutLine: {'line': b'[100%] Built target motoros2_interfaces__rosidl_typesupport_c__pyext\n'}
[0.302888] (-) TimerEvent: {}
[0.309061] (motoman_gp4_support) JobEnded: {'identifier': 'motoman_gp4_support', 'rc': 0}
[0.311306] (motoman_hc10dtp_support) CommandEnded: {'returncode': 0}
[0.327113] (kinect2_bridge) StdoutLine: {'line': b'[100%] Built target kinect2_bridge_node\n'}
[0.330863] (motoman_hc10dtp_support) JobEnded: {'identifier': 'motoman_hc10dtp_support', 'rc': 0}
[0.332704] (hc10dtp_moveit_config) JobStarted: {'identifier': 'hc10dtp_moveit_config'}
[0.336220] (trac_ik_kinematics) StdoutLine: {'line': b'[100%] Built target moveit_trac_ik_kinematics_plugin\n'}
[0.337778] (kinect2_bridge) CommandEnded: {'returncode': 0}
[0.338512] (kinect2_bridge) JobProgress: {'identifier': 'kinect2_bridge', 'progress': 'install'}
[0.339040] (kinect2_bridge) Command: {'cmd': ['/usr/bin/cmake', '--install', '/home/duy/cocarry_ws/build/kinect2_bridge'], 'cwd': '/home/duy/cocarry_ws/build/kinect2_bridge', 'env': OrderedDict([('USER', 'duy'), ('SHLVL', '0'), ('LD_LIBRARY_PATH', '/home/duy/cocarry_ws/install/kinect2_registration/lib'), ('HOME', '/home/duy'), ('_', '/usr/bin/colcon'), ('TERM', 'dumb'), ('PATH', '/home/duy/.local/bin:/home/duy/.nvm/versions/node/v20.20.2/bin:/opt/ros/humble/bin:/home/duy/.local/bin:/usr/local/sbin:/usr/local/bin:/usr/sbin:/usr/bin:/sbin:/bin:/usr/games:/usr/local/games:/snap/bin:/snap/bin:/home/duy/libfreenect2/build/bin'), ('LANG', 'en_US.UTF-8'), ('TMP', '/tmp'), ('AMENT_PREFIX_PATH', '/home/duy/cocarry_ws/install/kinect2_registration'), ('SHELL', '/bin/bash'), ('PWD', '/home/duy/cocarry_ws/build/kinect2_bridge'), ('COLCON', '1'), ('CMAKE_PREFIX_PATH', '/home/duy/cocarry_ws/install/kinect2_registration')]), 'shell': False}
[0.340442] (hc10dtp_moveit_config) JobProgress: {'identifier': 'hc10dtp_moveit_config', 'progress': 'cmake'}
[0.341241] (hc10dtp_moveit_config) JobProgress: {'identifier': 'hc10dtp_moveit_config', 'progress': 'build'}
[0.341547] (hc10dtp_moveit_config) Command: {'cmd': ['/usr/bin/cmake', '--build', '/home/duy/cocarry_ws/build/hc10dtp_moveit_config', '--', '-j16', '-l16'], 'cwd': '/home/duy/cocarry_ws/build/hc10dtp_moveit_config', 'env': OrderedDict([('USER', 'duy'), ('SHLVL', '0'), ('HOME', '/home/duy'), ('_', '/usr/bin/colcon'), ('TERM', 'dumb'), ('PATH', '/home/duy/.local/bin:/home/duy/.nvm/versions/node/v20.20.2/bin:/opt/ros/humble/bin:/home/duy/.local/bin:/usr/local/sbin:/usr/local/bin:/usr/sbin:/usr/bin:/sbin:/bin:/usr/games:/usr/local/games:/snap/bin:/snap/bin:/home/duy/libfreenect2/build/bin'), ('LANG', 'en_US.UTF-8'), ('TMP', '/tmp'), ('AMENT_PREFIX_PATH', '/home/duy/cocarry_ws/install/motoman_hc10dtp_support:/home/duy/cocarry_ws/install/motoman_resources'), ('SHELL', '/bin/bash'), ('PWD', '/home/duy/cocarry_ws/build/hc10dtp_moveit_config'), ('COLCON', '1'), ('CMAKE_PREFIX_PATH', '/home/duy/cocarry_ws/install/motoman_hc10dtp_support:/home/duy/cocarry_ws/install/motoman_resources')]), 'shell': False}
[0.347160] (trac_ik_kinematics) CommandEnded: {'returncode': 0}
[0.347965] (trac_ik_kinematics) JobProgress: {'identifier': 'trac_ik_kinematics', 'progress': 'install'}
[0.348415] (trac_ik_kinematics) Command: {'cmd': ['/usr/bin/cmake', '--install', '/home/duy/cocarry_ws/build/trac_ik_kinematics'], 'cwd': '/home/duy/cocarry_ws/build/trac_ik_kinematics', 'env': OrderedDict([('USER', 'duy'), ('SHLVL', '0'), ('LD_LIBRARY_PATH', '/home/duy/cocarry_ws/install/trac_ik_lib/lib'), ('HOME', '/home/duy'), ('_', '/usr/bin/colcon'), ('TERM', 'dumb'), ('PATH', '/home/duy/.local/bin:/home/duy/.nvm/versions/node/v20.20.2/bin:/opt/ros/humble/bin:/home/duy/.local/bin:/usr/local/sbin:/usr/local/bin:/usr/sbin:/usr/bin:/sbin:/bin:/usr/games:/usr/local/games:/snap/bin:/snap/bin:/home/duy/libfreenect2/build/bin'), ('LANG', 'en_US.UTF-8'), ('TMP', '/tmp'), ('AMENT_PREFIX_PATH', '/home/duy/cocarry_ws/install/trac_ik_lib'), ('SHELL', '/bin/bash'), ('PWD', '/home/duy/cocarry_ws/build/trac_ik_kinematics'), ('COLCON', '1'), ('CMAKE_PREFIX_PATH', '/home/duy/cocarry_ws/install/trac_ik_lib')]), 'shell': False}
[0.349755] (kinect2_bridge) StdoutLine: {'line': b'-- Install configuration: ""\n'}
[0.350408] (kinect2_bridge) StdoutLine: {'line': b'-- Execute custom install script\n'}
[0.350614] (kinect2_bridge) StdoutLine: {'line': b'-- Up-to-date symlink: /home/duy/cocarry_ws/install/kinect2_bridge/lib/kinect2_bridge/kinect2_bridge_node\n'}
[0.351036] (kinect2_bridge) StdoutLine: {'line': b'-- Up-to-date symlink: /home/duy/cocarry_ws/install/kinect2_bridge/share/kinect2_bridge//launch/kinect2_bridge_launch.yaml\n'}
[0.351213] (kinect2_bridge) StdoutLine: {'line': b'-- Up-to-date symlink: /home/duy/cocarry_ws/install/kinect2_bridge/share/kinect2_bridge//launch/rtabmap.launch.py\n'}
[0.351623] (kinect2_bridge) StdoutLine: {'line': b'-- Up-to-date symlink: /home/duy/cocarry_ws/install/kinect2_bridge/include/kinect2_bridge/kinect2_definitions.h\n'}
[0.352011] (kinect2_bridge) StdoutLine: {'line': b'-- Up-to-date symlink: /home/duy/cocarry_ws/install/kinect2_bridge/share/ament_index/resource_index/package_run_dependencies/kinect2_bridge\n'}
[0.352254] (kinect2_bridge) StdoutLine: {'line': b'-- Up-to-date symlink: /home/duy/cocarry_ws/install/kinect2_bridge/share/ament_index/resource_index/parent_prefix_path/kinect2_bridge\n'}
[0.352486] (kinect2_bridge) StdoutLine: {'line': b'-- Up-to-date symlink: /home/duy/cocarry_ws/install/kinect2_bridge/share/kinect2_bridge/environment/ament_prefix_path.sh\n'}
[0.352745] (kinect2_bridge) StdoutLine: {'line': b'-- Up-to-date symlink: /home/duy/cocarry_ws/install/kinect2_bridge/share/kinect2_bridge/environment/ament_prefix_path.dsv\n'}
[0.352946] (kinect2_bridge) StdoutLine: {'line': b'-- Up-to-date symlink: /home/duy/cocarry_ws/install/kinect2_bridge/share/kinect2_bridge/environment/path.sh\n'}
[0.353150] (kinect2_bridge) StdoutLine: {'line': b'-- Up-to-date symlink: /home/duy/cocarry_ws/install/kinect2_bridge/share/kinect2_bridge/environment/path.dsv\n'}
[0.353352] (kinect2_bridge) StdoutLine: {'line': b'-- Up-to-date symlink: /home/duy/cocarry_ws/install/kinect2_bridge/share/kinect2_bridge/local_setup.bash\n'}
[0.353551] (kinect2_bridge) StdoutLine: {'line': b'-- Up-to-date symlink: /home/duy/cocarry_ws/install/kinect2_bridge/share/kinect2_bridge/local_setup.sh\n'}
[0.353757] (kinect2_bridge) StdoutLine: {'line': b'-- Up-to-date symlink: /home/duy/cocarry_ws/install/kinect2_bridge/share/kinect2_bridge/local_setup.zsh\n'}
[0.353959] (kinect2_bridge) StdoutLine: {'line': b'-- Up-to-date symlink: /home/duy/cocarry_ws/install/kinect2_bridge/share/kinect2_bridge/local_setup.dsv\n'}
[0.354122] (kinect2_bridge) StdoutLine: {'line': b'-- Symlinking: /home/duy/cocarry_ws/install/kinect2_bridge/share/kinect2_bridge/package.dsv\n'}
[0.357109] (trac_ik_kinematics) StdoutLine: {'line': b'-- Install configuration: "Release"\n'}
[0.357659] (trac_ik_kinematics) StdoutLine: {'line': b'-- Execute custom install script\n'}
[0.357930] (trac_ik_kinematics) StdoutLine: {'line': b'-- Up-to-date symlink: /home/duy/cocarry_ws/install/trac_ik_kinematics/share/trac_ik_kinematics//trac_ik_kinematics_plugin_description.xml\n'}
[0.358334] (trac_ik_kinematics) StdoutLine: {'line': b'-- Up-to-date symlink: /home/duy/cocarry_ws/install/trac_ik_kinematics/include/trac_ik_kinematics_plugin/trac_ik_kinematics_plugin.h\n'}
[0.358541] (trac_ik_kinematics) StdoutLine: {'line': b'-- Up-to-date symlink: /home/duy/cocarry_ws/install/trac_ik_kinematics/share/trac_ik_kinematics/environment/library_path.sh\n'}
[0.358738] (trac_ik_kinematics) StdoutLine: {'line': b'-- Up-to-date symlink: /home/duy/cocarry_ws/install/trac_ik_kinematics/share/trac_ik_kinematics/environment/library_path.dsv\n'}
[0.359109] (trac_ik_kinematics) StdoutLine: {'line': b'-- Up-to-date symlink: /home/duy/cocarry_ws/install/trac_ik_kinematics/share/ament_index/resource_index/package_run_dependencies/trac_ik_kinematics\n'}
[0.359368] (trac_ik_kinematics) StdoutLine: {'line': b'-- Up-to-date symlink: /home/duy/cocarry_ws/install/trac_ik_kinematics/share/ament_index/resource_index/parent_prefix_path/trac_ik_kinematics\n'}
[0.359523] (trac_ik_kinematics) StdoutLine: {'line': b'-- Up-to-date symlink: /home/duy/cocarry_ws/install/trac_ik_kinematics/share/trac_ik_kinematics/environment/ament_prefix_path.sh\n'}
[0.359649] (trac_ik_kinematics) StdoutLine: {'line': b'-- Up-to-date symlink: /home/duy/cocarry_ws/install/trac_ik_kinematics/share/trac_ik_kinematics/environment/ament_prefix_path.dsv\n'}
[0.359831] (trac_ik_kinematics) StdoutLine: {'line': b'-- Up-to-date symlink: /home/duy/cocarry_ws/install/trac_ik_kinematics/share/trac_ik_kinematics/environment/path.sh\n'}
[0.360000] (trac_ik_kinematics) StdoutLine: {'line': b'-- Up-to-date symlink: /home/duy/cocarry_ws/install/trac_ik_kinematics/share/trac_ik_kinematics/environment/path.dsv\n'}
[0.360158] (trac_ik_kinematics) StdoutLine: {'line': b'-- Up-to-date symlink: /home/duy/cocarry_ws/install/trac_ik_kinematics/share/trac_ik_kinematics/local_setup.bash\n'}
[0.360308] (trac_ik_kinematics) StdoutLine: {'line': b'-- Up-to-date symlink: /home/duy/cocarry_ws/install/trac_ik_kinematics/share/trac_ik_kinematics/local_setup.sh\n'}
[0.360464] (trac_ik_kinematics) StdoutLine: {'line': b'-- Up-to-date symlink: /home/duy/cocarry_ws/install/trac_ik_kinematics/share/trac_ik_kinematics/local_setup.zsh\n'}
[0.360618] (trac_ik_kinematics) StdoutLine: {'line': b'-- Up-to-date symlink: /home/duy/cocarry_ws/install/trac_ik_kinematics/share/trac_ik_kinematics/local_setup.dsv\n'}
[0.362769] (trac_ik_kinematics) StdoutLine: {'line': b'-- Symlinking: /home/duy/cocarry_ws/install/trac_ik_kinematics/share/trac_ik_kinematics/package.dsv\n'}
[0.364561] (kinect2_bridge) StdoutLine: {'line': b'-- Up-to-date symlink: /home/duy/cocarry_ws/install/kinect2_bridge/share/ament_index/resource_index/packages/kinect2_bridge\n'}
[0.364805] (kinect2_bridge) StdoutLine: {'line': b'-- Up-to-date symlink: /home/duy/cocarry_ws/install/kinect2_bridge/share/kinect2_bridge/cmake/ament_cmake_export_include_directories-extras.cmake\n'}
[0.365005] (kinect2_bridge) StdoutLine: {'line': b'-- Up-to-date symlink: /home/duy/cocarry_ws/install/kinect2_bridge/share/kinect2_bridge/cmake/kinect2_bridgeConfig.cmake\n'}
[0.365137] (kinect2_bridge) StdoutLine: {'line': b'-- Up-to-date symlink: /home/duy/cocarry_ws/install/kinect2_bridge/share/kinect2_bridge/cmake/kinect2_bridgeConfig-version.cmake\n'}
[0.365346] (kinect2_bridge) StdoutLine: {'line': b'-- Up-to-date symlink: /home/duy/cocarry_ws/install/kinect2_bridge/share/kinect2_bridge/package.xml\n'}
[0.367767] (kinect2_bridge) CommandEnded: {'returncode': 0}
[0.371921] (trac_ik_kinematics) StdoutLine: {'line': b'-- Up-to-date symlink: /home/duy/cocarry_ws/install/trac_ik_kinematics/share/ament_index/resource_index/packages/trac_ik_kinematics\n'}
[0.372749] (trac_ik_kinematics) StdoutLine: {'line': b'-- Up-to-date symlink: /home/duy/cocarry_ws/install/trac_ik_kinematics/share/ament_index/resource_index/moveit_core__pluginlib__plugin/trac_ik_kinematics\n'}
[0.373068] (trac_ik_kinematics) StdoutLine: {'line': b'-- Up-to-date symlink: /home/duy/cocarry_ws/install/trac_ik_kinematics/share/trac_ik_kinematics/cmake/ConfigExtras.cmake\n'}
[0.373703] (trac_ik_kinematics) StdoutLine: {'line': b'-- Up-to-date symlink: /home/duy/cocarry_ws/install/trac_ik_kinematics/share/trac_ik_kinematics/cmake/ament_cmake_export_targets-extras.cmake\n'}
[0.373996] (trac_ik_kinematics) StdoutLine: {'line': b'-- Up-to-date symlink: /home/duy/cocarry_ws/install/trac_ik_kinematics/share/trac_ik_kinematics/cmake/ament_cmake_export_dependencies-extras.cmake\n'}
[0.374255] (trac_ik_kinematics) StdoutLine: {'line': b'-- Up-to-date symlink: /home/duy/cocarry_ws/install/trac_ik_kinematics/share/trac_ik_kinematics/cmake/trac_ik_kinematicsConfig.cmake\n'}
[0.374662] (trac_ik_kinematics) StdoutLine: {'line': b'-- Up-to-date symlink: /home/duy/cocarry_ws/install/trac_ik_kinematics/share/trac_ik_kinematics/cmake/trac_ik_kinematicsConfig-version.cmake\n'}
[0.374942] (trac_ik_kinematics) StdoutLine: {'line': b'-- Up-to-date symlink: /home/duy/cocarry_ws/install/trac_ik_kinematics/share/trac_ik_kinematics/package.xml\n'}
[0.375181] (trac_ik_kinematics) StdoutLine: {'line': b'-- Up-to-date: /home/duy/cocarry_ws/install/trac_ik_kinematics/lib/libmoveit_trac_ik_kinematics_plugin.so\n'}
[0.375631] (trac_ik_kinematics) StdoutLine: {'line': b'-- Up-to-date: /home/duy/cocarry_ws/install/trac_ik_kinematics/share/trac_ik_kinematics/cmake/export_trac_ik_kinematicsExport.cmake\n'}
[0.375906] (trac_ik_kinematics) StdoutLine: {'line': b'-- Up-to-date: /home/duy/cocarry_ws/install/trac_ik_kinematics/share/trac_ik_kinematics/cmake/export_trac_ik_kinematicsExport-release.cmake\n'}
[0.381700] (kinect2_bridge) JobEnded: {'identifier': 'kinect2_bridge', 'rc': 0}
[0.383958] (kinect2_calibration) JobStarted: {'identifier': 'kinect2_calibration'}
[0.384652] (hc10dtp_moveit_config) CommandEnded: {'returncode': 0}
[0.385227] (hc10dtp_moveit_config) JobProgress: {'identifier': 'hc10dtp_moveit_config', 'progress': 'install'}
[0.385525] (hc10dtp_moveit_config) Command: {'cmd': ['/usr/bin/cmake', '--install', '/home/duy/cocarry_ws/build/hc10dtp_moveit_config'], 'cwd': '/home/duy/cocarry_ws/build/hc10dtp_moveit_config', 'env': OrderedDict([('USER', 'duy'), ('SHLVL', '0'), ('HOME', '/home/duy'), ('_', '/usr/bin/colcon'), ('TERM', 'dumb'), ('PATH', '/home/duy/.local/bin:/home/duy/.nvm/versions/node/v20.20.2/bin:/opt/ros/humble/bin:/home/duy/.local/bin:/usr/local/sbin:/usr/local/bin:/usr/sbin:/usr/bin:/sbin:/bin:/usr/games:/usr/local/games:/snap/bin:/snap/bin:/home/duy/libfreenect2/build/bin'), ('LANG', 'en_US.UTF-8'), ('TMP', '/tmp'), ('AMENT_PREFIX_PATH', '/home/duy/cocarry_ws/install/motoman_hc10dtp_support:/home/duy/cocarry_ws/install/motoman_resources'), ('SHELL', '/bin/bash'), ('PWD', '/home/duy/cocarry_ws/build/hc10dtp_moveit_config'), ('COLCON', '1'), ('CMAKE_PREFIX_PATH', '/home/duy/cocarry_ws/install/motoman_hc10dtp_support:/home/duy/cocarry_ws/install/motoman_resources')]), 'shell': False}
[0.386412] (human_hand_msgs) StdoutLine: {'line': b'running egg_info\n'}
[0.387760] (trac_ik_kinematics) CommandEnded: {'returncode': 0}
[0.388285] (human_hand_msgs) StdoutLine: {'line': b'writing human_hand_msgs.egg-info/PKG-INFO\n'}
[0.388511] (human_hand_msgs) StdoutLine: {'line': b'writing dependency_links to human_hand_msgs.egg-info/dependency_links.txt\n'}
[0.388779] (human_hand_msgs) StdoutLine: {'line': b'writing top-level names to human_hand_msgs.egg-info/top_level.txt\n'}
[0.388993] (human_hand_msgs) StdoutLine: {'line': b"reading manifest file 'human_hand_msgs.egg-info/SOURCES.txt'\n"}
[0.389390] (human_hand_msgs) StdoutLine: {'line': b"writing manifest file 'human_hand_msgs.egg-info/SOURCES.txt'\n"}
[0.395682] (hc10dtp_moveit_config) StdoutLine: {'line': b'-- Install configuration: ""\n'}
[0.396333] (hc10dtp_moveit_config) StdoutLine: {'line': b'-- Execute custom install script\n'}
[0.396827] (hc10dtp_moveit_config) StdoutLine: {'line': b'-- Up-to-date symlink: /home/duy/cocarry_ws/install/hc10dtp_moveit_config/share/ament_index/resource_index/package_run_dependencies/hc10dtp_moveit_config\n'}
[0.396981] (hc10dtp_moveit_config) StdoutLine: {'line': b'-- Up-to-date symlink: /home/duy/cocarry_ws/install/hc10dtp_moveit_config/share/ament_index/resource_index/parent_prefix_path/hc10dtp_moveit_config\n'}
[0.397488] (hc10dtp_moveit_config) StdoutLine: {'line': b'-- Up-to-date symlink: /home/duy/cocarry_ws/install/hc10dtp_moveit_config/share/hc10dtp_moveit_config/environment/ament_prefix_path.sh\n'}
[0.397590] (hc10dtp_moveit_config) StdoutLine: {'line': b'-- Up-to-date symlink: /home/duy/cocarry_ws/install/hc10dtp_moveit_config/share/hc10dtp_moveit_config/environment/ament_prefix_path.dsv\n'}
[0.397649] (hc10dtp_moveit_config) StdoutLine: {'line': b'-- Up-to-date symlink: /home/duy/cocarry_ws/install/hc10dtp_moveit_config/share/hc10dtp_moveit_config/environment/path.sh\n'}
[0.397816] (hc10dtp_moveit_config) StdoutLine: {'line': b'-- Up-to-date symlink: /home/duy/cocarry_ws/install/hc10dtp_moveit_config/share/hc10dtp_moveit_config/environment/path.dsv\n'}
[0.398124] (hc10dtp_moveit_config) StdoutLine: {'line': b'-- Up-to-date symlink: /home/duy/cocarry_ws/install/hc10dtp_moveit_config/share/hc10dtp_moveit_config/local_setup.bash\n'}
[0.398250] (hc10dtp_moveit_config) StdoutLine: {'line': b'-- Up-to-date symlink: /home/duy/cocarry_ws/install/hc10dtp_moveit_config/share/hc10dtp_moveit_config/local_setup.sh\n'}
[0.398588] (hc10dtp_moveit_config) StdoutLine: {'line': b'-- Up-to-date symlink: /home/duy/cocarry_ws/install/hc10dtp_moveit_config/share/hc10dtp_moveit_config/local_setup.zsh\n'}
[0.398770] (hc10dtp_moveit_config) StdoutLine: {'line': b'-- Up-to-date symlink: /home/duy/cocarry_ws/install/hc10dtp_moveit_config/share/hc10dtp_moveit_config/local_setup.dsv\n'}
[0.398871] (hc10dtp_moveit_config) StdoutLine: {'line': b'-- Symlinking: /home/duy/cocarry_ws/install/hc10dtp_moveit_config/share/hc10dtp_moveit_config/package.dsv\n'}
[0.403215] (-) TimerEvent: {}
[0.407819] (hc10dtp_moveit_config) StdoutLine: {'line': b'-- Up-to-date symlink: /home/duy/cocarry_ws/install/hc10dtp_moveit_config/share/ament_index/resource_index/packages/hc10dtp_moveit_config\n'}
[0.408461] (hc10dtp_moveit_config) StdoutLine: {'line': b'-- Up-to-date symlink: /home/duy/cocarry_ws/install/hc10dtp_moveit_config/share/hc10dtp_moveit_config/cmake/hc10dtp_moveit_configConfig.cmake\n'}
[0.408519] (hc10dtp_moveit_config) StdoutLine: {'line': b'-- Up-to-date symlink: /home/duy/cocarry_ws/install/hc10dtp_moveit_config/share/hc10dtp_moveit_config/cmake/hc10dtp_moveit_configConfig-version.cmake\n'}
[0.408568] (hc10dtp_moveit_config) StdoutLine: {'line': b'-- Up-to-date symlink: /home/duy/cocarry_ws/install/hc10dtp_moveit_config/share/hc10dtp_moveit_config/package.xml\n'}
[0.408658] (hc10dtp_moveit_config) StdoutLine: {'line': b'-- Up-to-date symlink: /home/duy/cocarry_ws/install/hc10dtp_moveit_config/share/hc10dtp_moveit_config/launch/hc10dtp_start.launch.py\n'}
[0.408915] (hc10dtp_moveit_config) StdoutLine: {'line': b'-- Up-to-date symlink: /home/duy/cocarry_ws/install/hc10dtp_moveit_config/share/hc10dtp_moveit_config/config/initial_positions.yaml\n'}
[0.409146] (hc10dtp_moveit_config) StdoutLine: {'line': b'-- Up-to-date symlink: /home/duy/cocarry_ws/install/hc10dtp_moveit_config/share/hc10dtp_moveit_config/config/joint_limits.yaml\n'}
[0.409333] (hc10dtp_moveit_config) StdoutLine: {'line': b'-- Up-to-date symlink: /home/duy/cocarry_ws/install/hc10dtp_moveit_config/share/hc10dtp_moveit_config/config/kinematics.yaml\n'}
[0.409384] (hc10dtp_moveit_config) StdoutLine: {'line': b'-- Up-to-date symlink: /home/duy/cocarry_ws/install/hc10dtp_moveit_config/share/hc10dtp_moveit_config/config/motoman_hc10dtp.ros2_control.xacro\n'}
[0.409444] (hc10dtp_moveit_config) StdoutLine: {'line': b'-- Up-to-date symlink: /home/duy/cocarry_ws/install/hc10dtp_moveit_config/share/hc10dtp_moveit_config/config/motoman_hc10dtp.srdf\n'}
[0.409558] (hc10dtp_moveit_config) StdoutLine: {'line': b'-- Up-to-date symlink: /home/duy/cocarry_ws/install/hc10dtp_moveit_config/share/hc10dtp_moveit_config/config/motoman_hc10dtp.urdf.xacro\n'}
[0.409921] (hc10dtp_moveit_config) StdoutLine: {'line': b'-- Up-to-date symlink: /home/duy/cocarry_ws/install/hc10dtp_moveit_config/share/hc10dtp_moveit_config/config/moveit.rviz\n'}
[0.410043] (hc10dtp_moveit_config) StdoutLine: {'line': b'-- Up-to-date symlink: /home/duy/cocarry_ws/install/hc10dtp_moveit_config/share/hc10dtp_moveit_config/config/moveit_controllers.yaml\n'}
[0.410108] (hc10dtp_moveit_config) StdoutLine: {'line': b'-- Up-to-date symlink: /home/duy/cocarry_ws/install/hc10dtp_moveit_config/share/hc10dtp_moveit_config/config/pilz_cartesian_limits.yaml\n'}
[0.410190] (hc10dtp_moveit_config) StdoutLine: {'line': b'-- Up-to-date symlink: /home/duy/cocarry_ws/install/hc10dtp_moveit_config/share/hc10dtp_moveit_config/config/ros2_controllers.yaml\n'}
[0.410311] (hc10dtp_moveit_config) StdoutLine: {'line': b'-- Up-to-date symlink: /home/duy/cocarry_ws/install/hc10dtp_moveit_config/share/hc10dtp_moveit_config/.setup_assistant\n'}
[0.412225] (trac_ik_kinematics) JobEnded: {'identifier': 'trac_ik_kinematics', 'rc': 0}
[0.413978] (trac_ik) JobStarted: {'identifier': 'trac_ik'}
[0.415645] (kinect2_calibration) JobProgress: {'identifier': 'kinect2_calibration', 'progress': 'cmake'}
[0.416195] (kinect2_calibration) JobProgress: {'identifier': 'kinect2_calibration', 'progress': 'build'}
[0.416690] (kinect2_calibration) Command: {'cmd': ['/usr/bin/cmake', '--build', '/home/duy/cocarry_ws/build/kinect2_calibration', '--', '-j16', '-l16'], 'cwd': '/home/duy/cocarry_ws/build/kinect2_calibration', 'env': OrderedDict([('USER', 'duy'), ('SHLVL', '0'), ('LD_LIBRARY_PATH', '/home/duy/cocarry_ws/install/kinect2_registration/lib'), ('HOME', '/home/duy'), ('_', '/usr/bin/colcon'), ('TERM', 'dumb'), ('PATH', '/home/duy/.local/bin:/home/duy/.nvm/versions/node/v20.20.2/bin:/opt/ros/humble/bin:/home/duy/.local/bin:/usr/local/sbin:/usr/local/bin:/usr/sbin:/usr/bin:/sbin:/bin:/usr/games:/usr/local/games:/snap/bin:/snap/bin:/home/duy/libfreenect2/build/bin'), ('LANG', 'en_US.UTF-8'), ('TMP', '/tmp'), ('AMENT_PREFIX_PATH', '/home/duy/cocarry_ws/install/kinect2_bridge:/home/duy/cocarry_ws/install/kinect2_registration'), ('SHELL', '/bin/bash'), ('PWD', '/home/duy/cocarry_ws/build/kinect2_calibration'), ('COLCON', '1'), ('CMAKE_PREFIX_PATH', '/home/duy/cocarry_ws/install/kinect2_bridge:/home/duy/cocarry_ws/install/kinect2_registration')]), 'shell': False}
[0.419229] (human_hand_msgs) StdoutLine: {'line': b'[100%] Built target ament_cmake_python_build_human_hand_msgs_egg\n'}
[0.419406] (hc10dtp_moveit_config) CommandEnded: {'returncode': 0}
[0.438145] (hc10dtp_moveit_config) JobEnded: {'identifier': 'hc10dtp_moveit_config', 'rc': 0}
[0.439036] (hc10dtp_bringup) JobStarted: {'identifier': 'hc10dtp_bringup'}
[0.442570] (trac_ik) JobProgress: {'identifier': 'trac_ik', 'progress': 'cmake'}
[0.443253] (trac_ik) JobProgress: {'identifier': 'trac_ik', 'progress': 'build'}
[0.443520] (trac_ik) Command: {'cmd': ['/usr/bin/cmake', '--build', '/home/duy/cocarry_ws/build/trac_ik', '--', '-j16', '-l16'], 'cwd': '/home/duy/cocarry_ws/build/trac_ik', 'env': OrderedDict([('USER', 'duy'), ('SHLVL', '0'), ('LD_LIBRARY_PATH', '/home/duy/cocarry_ws/install/trac_ik_kinematics/lib:/home/duy/cocarry_ws/install/trac_ik_lib/lib'), ('HOME', '/home/duy'), ('_', '/usr/bin/colcon'), ('TERM', 'dumb'), ('PATH', '/home/duy/.local/bin:/home/duy/.nvm/versions/node/v20.20.2/bin:/opt/ros/humble/bin:/home/duy/.local/bin:/usr/local/sbin:/usr/local/bin:/usr/sbin:/usr/bin:/sbin:/bin:/usr/games:/usr/local/games:/snap/bin:/snap/bin:/home/duy/libfreenect2/build/bin'), ('LANG', 'en_US.UTF-8'), ('TMP', '/tmp'), ('AMENT_PREFIX_PATH', '/home/duy/cocarry_ws/install/trac_ik_kinematics:/home/duy/cocarry_ws/install/trac_ik_lib'), ('SHELL', '/bin/bash'), ('PWD', '/home/duy/cocarry_ws/build/trac_ik'), ('COLCON', '1'), ('CMAKE_PREFIX_PATH', '/home/duy/cocarry_ws/install/trac_ik_kinematics:/home/duy/cocarry_ws/install/trac_ik_lib')]), 'shell': False}
[0.445668] (human_hand_msgs) CommandEnded: {'returncode': 0}
[0.446313] (human_hand_msgs) JobProgress: {'identifier': 'human_hand_msgs', 'progress': 'install'}
[0.446626] (human_hand_msgs) Command: {'cmd': ['/usr/bin/cmake', '--install', '/home/duy/cocarry_ws/build/human_hand_msgs'], 'cwd': '/home/duy/cocarry_ws/build/human_hand_msgs', 'env': OrderedDict([('USER', 'duy'), ('SHLVL', '0'), ('HOME', '/home/duy'), ('_', '/usr/bin/colcon'), ('TERM', 'dumb'), ('PATH', '/home/duy/.local/bin:/home/duy/.nvm/versions/node/v20.20.2/bin:/opt/ros/humble/bin:/home/duy/.local/bin:/usr/local/sbin:/usr/local/bin:/usr/sbin:/usr/bin:/sbin:/bin:/usr/games:/usr/local/games:/snap/bin:/snap/bin:/home/duy/libfreenect2/build/bin'), ('LANG', 'en_US.UTF-8'), ('TMP', '/tmp'), ('SHELL', '/bin/bash'), ('PWD', '/home/duy/cocarry_ws/build/human_hand_msgs'), ('COLCON', '1')]), 'shell': False}
[0.448103] (hc10dtp_bringup) JobProgress: {'identifier': 'hc10dtp_bringup', 'progress': 'cmake'}
[0.448514] (hc10dtp_bringup) JobProgress: {'identifier': 'hc10dtp_bringup', 'progress': 'build'}
[0.449174] (hc10dtp_bringup) Command: {'cmd': ['/usr/bin/cmake', '--build', '/home/duy/cocarry_ws/build/hc10dtp_bringup', '--', '-j16', '-l16'], 'cwd': '/home/duy/cocarry_ws/build/hc10dtp_bringup', 'env': OrderedDict([('USER', 'duy'), ('SHLVL', '0'), ('HOME', '/home/duy'), ('_', '/usr/bin/colcon'), ('TERM', 'dumb'), ('PATH', '/home/duy/.local/bin:/home/duy/.nvm/versions/node/v20.20.2/bin:/opt/ros/humble/bin:/home/duy/.local/bin:/usr/local/sbin:/usr/local/bin:/usr/sbin:/usr/bin:/sbin:/bin:/usr/games:/usr/local/games:/snap/bin:/snap/bin:/home/duy/libfreenect2/build/bin'), ('LANG', 'en_US.UTF-8'), ('TMP', '/tmp'), ('AMENT_PREFIX_PATH', '/home/duy/cocarry_ws/install/hc10dtp_moveit_config:/home/duy/cocarry_ws/install/motoman_hc10dtp_support:/home/duy/cocarry_ws/install/motoman_resources'), ('SHELL', '/bin/bash'), ('PWD', '/home/duy/cocarry_ws/build/hc10dtp_bringup'), ('COLCON', '1'), ('CMAKE_PREFIX_PATH', '/home/duy/cocarry_ws/install/hc10dtp_moveit_config:/home/duy/cocarry_ws/install/motoman_hc10dtp_support:/home/duy/cocarry_ws/install/motoman_resources')]), 'shell': False}
[0.454999] (human_hand_msgs) StdoutLine: {'line': b'-- Install configuration: ""\n'}
[0.455330] (human_hand_msgs) StdoutLine: {'line': b'-- Up-to-date: /home/duy/cocarry_ws/install/human_hand_msgs/share/ament_index/resource_index/rosidl_interfaces/human_hand_msgs\n'}
[0.455524] (human_hand_msgs) StdoutLine: {'line': b'-- Up-to-date: /home/duy/cocarry_ws/install/human_hand_msgs/include/human_hand_msgs/human_hand_msgs\n'}
[0.455663] (human_hand_msgs) StdoutLine: {'line': b'-- Up-to-date: /home/duy/cocarry_ws/install/human_hand_msgs/include/human_hand_msgs/human_hand_msgs/srv\n'}
[0.455803] (human_hand_msgs) StdoutLine: {'line': b'-- Up-to-date: /home/duy/cocarry_ws/install/human_hand_msgs/include/human_hand_msgs/human_hand_msgs/srv/detail\n'}
[0.455921] (human_hand_msgs) StdoutLine: {'line': b'-- Up-to-date: /home/duy/cocarry_ws/install/human_hand_msgs/include/human_hand_msgs/human_hand_msgs/srv/detail/select_model__type_support.h\n'}
[0.456074] (human_hand_msgs) StdoutLine: {'line': b'-- Up-to-date: /home/duy/cocarry_ws/install/human_hand_msgs/include/human_hand_msgs/human_hand_msgs/srv/detail/select_model__struct.h\n'}
[0.456218] (human_hand_msgs) StdoutLine: {'line': b'-- Up-to-date: /home/duy/cocarry_ws/install/human_hand_msgs/include/human_hand_msgs/human_hand_msgs/srv/detail/select_model__functions.c\n'}
[0.456312] (human_hand_msgs) StdoutLine: {'line': b'-- Up-to-date: /home/duy/cocarry_ws/install/human_hand_msgs/include/human_hand_msgs/human_hand_msgs/srv/detail/select_model__functions.h\n'}
[0.456421] (human_hand_msgs) StdoutLine: {'line': b'-- Up-to-date: /home/duy/cocarry_ws/install/human_hand_msgs/include/human_hand_msgs/human_hand_msgs/srv/select_model.h\n'}
[0.456565] (human_hand_msgs) StdoutLine: {'line': b'-- Up-to-date: /home/duy/cocarry_ws/install/human_hand_msgs/include/human_hand_msgs/human_hand_msgs/msg\n'}
[0.456745] (human_hand_msgs) StdoutLine: {'line': b'-- Up-to-date: /home/duy/cocarry_ws/install/human_hand_msgs/include/human_hand_msgs/human_hand_msgs/msg/rosidl_generator_c__visibility_control.h\n'}
[0.456865] (human_hand_msgs) StdoutLine: {'line': b'-- Up-to-date: /home/duy/cocarry_ws/install/human_hand_msgs/include/human_hand_msgs/human_hand_msgs/msg/hand_prediction.h\n'}
[0.456980] (human_hand_msgs) StdoutLine: {'line': b'-- Up-to-date: /home/duy/cocarry_ws/install/human_hand_msgs/include/human_hand_msgs/human_hand_msgs/msg/hand_state.h\n'}
[0.457094] (human_hand_msgs) StdoutLine: {'line': b'-- Up-to-date: /home/duy/cocarry_ws/install/human_hand_msgs/include/human_hand_msgs/human_hand_msgs/msg/detail\n'}
[0.457255] (human_hand_msgs) StdoutLine: {'line': b'-- Up-to-date: /home/duy/cocarry_ws/install/human_hand_msgs/include/human_hand_msgs/human_hand_msgs/msg/detail/system_status__type_support.h\n'}
[0.457455] (human_hand_msgs) StdoutLine: {'line': b'-- Up-to-date: /home/duy/cocarry_ws/install/human_hand_msgs/include/human_hand_msgs/human_hand_msgs/msg/detail/system_status__functions.c\n'}
[0.457647] (human_hand_msgs) StdoutLine: {'line': b'-- Up-to-date: /home/duy/cocarry_ws/install/human_hand_msgs/include/human_hand_msgs/human_hand_msgs/msg/detail/hand_prediction__struct.h\n'}
[0.457818] (human_hand_msgs) StdoutLine: {'line': b'-- Up-to-date: /home/duy/cocarry_ws/install/human_hand_msgs/include/human_hand_msgs/human_hand_msgs/msg/detail/system_status__struct.h\n'}
[0.457967] (human_hand_msgs) StdoutLine: {'line': b'-- Up-to-date: /home/duy/cocarry_ws/install/human_hand_msgs/include/human_hand_msgs/human_hand_msgs/msg/detail/hand_state__type_support.h\n'}
[0.458077] (human_hand_msgs) StdoutLine: {'line': b'-- Up-to-date: /home/duy/cocarry_ws/install/human_hand_msgs/include/human_hand_msgs/human_hand_msgs/msg/detail/hand_prediction__functions.h\n'}
[0.458170] (human_hand_msgs) StdoutLine: {'line': b'-- Up-to-date: /home/duy/cocarry_ws/install/human_hand_msgs/include/human_hand_msgs/human_hand_msgs/msg/detail/hand_state__functions.c\n'}
[0.458320] (human_hand_msgs) StdoutLine: {'line': b'-- Up-to-date: /home/duy/cocarry_ws/install/human_hand_msgs/include/human_hand_msgs/human_hand_msgs/msg/detail/hand_prediction__functions.c\n'}
[0.458928] (human_hand_msgs) StdoutLine: {'line': b'-- Up-to-date: /home/duy/cocarry_ws/install/human_hand_msgs/include/human_hand_msgs/human_hand_msgs/msg/detail/hand_state__functions.h\n'}
[0.459075] (human_hand_msgs) StdoutLine: {'line': b'-- Up-to-date: /home/duy/cocarry_ws/install/human_hand_msgs/include/human_hand_msgs/human_hand_msgs/msg/detail/system_status__functions.h\n'}
[0.459189] (human_hand_msgs) StdoutLine: {'line': b'-- Up-to-date: /home/duy/cocarry_ws/install/human_hand_msgs/include/human_hand_msgs/human_hand_msgs/msg/detail/hand_prediction__type_support.h\n'}
[0.459304] (human_hand_msgs) StdoutLine: {'line': b'-- Up-to-date: /home/duy/cocarry_ws/install/human_hand_msgs/include/human_hand_msgs/human_hand_msgs/msg/detail/hand_state__struct.h\n'}
[0.459392] (human_hand_msgs) StdoutLine: {'line': b'-- Up-to-date: /home/duy/cocarry_ws/install/human_hand_msgs/include/human_hand_msgs/human_hand_msgs/msg/system_status.h\n'}
[0.459556] (human_hand_msgs) StdoutLine: {'line': b'-- Up-to-date: /home/duy/cocarry_ws/install/human_hand_msgs/share/human_hand_msgs/environment/library_path.sh\n'}
[0.459750] (human_hand_msgs) StdoutLine: {'line': b'-- Up-to-date: /home/duy/cocarry_ws/install/human_hand_msgs/share/human_hand_msgs/environment/library_path.dsv\n'}
[0.459883] (human_hand_msgs) StdoutLine: {'line': b'-- Up-to-date: /home/duy/cocarry_ws/install/human_hand_msgs/lib/libhuman_hand_msgs__rosidl_generator_c.so\n'}
[0.459971] (human_hand_msgs) StdoutLine: {'line': b'-- Up-to-date: /home/duy/cocarry_ws/install/human_hand_msgs/include/human_hand_msgs/human_hand_msgs\n'}
[0.460056] (human_hand_msgs) StdoutLine: {'line': b'-- Up-to-date: /home/duy/cocarry_ws/install/human_hand_msgs/include/human_hand_msgs/human_hand_msgs/srv\n'}
[0.460143] (human_hand_msgs) StdoutLine: {'line': b'-- Up-to-date: /home/duy/cocarry_ws/install/human_hand_msgs/include/human_hand_msgs/human_hand_msgs/srv/detail\n'}
[0.460232] (human_hand_msgs) StdoutLine: {'line': b'-- Up-to-date: /home/duy/cocarry_ws/install/human_hand_msgs/include/human_hand_msgs/human_hand_msgs/srv/detail/select_model__rosidl_typesupport_fastrtps_c.h\n'}
[0.460321] (human_hand_msgs) StdoutLine: {'line': b'-- Up-to-date: /home/duy/cocarry_ws/install/human_hand_msgs/include/human_hand_msgs/human_hand_msgs/msg\n'}
[0.460416] (human_hand_msgs) StdoutLine: {'line': b'-- Up-to-date: /home/duy/cocarry_ws/install/human_hand_msgs/include/human_hand_msgs/human_hand_msgs/msg/rosidl_typesupport_fastrtps_c__visibility_control.h\n'}
[0.460504] (human_hand_msgs) StdoutLine: {'line': b'-- Up-to-date: /home/duy/cocarry_ws/install/human_hand_msgs/include/human_hand_msgs/human_hand_msgs/msg/detail\n'}
[0.460592] (human_hand_msgs) StdoutLine: {'line': b'-- Up-to-date: /home/duy/cocarry_ws/install/human_hand_msgs/include/human_hand_msgs/human_hand_msgs/msg/detail/hand_prediction__rosidl_typesupport_fastrtps_c.h\n'}
[0.460679] (human_hand_msgs) StdoutLine: {'line': b'-- Up-to-date: /home/duy/cocarry_ws/install/human_hand_msgs/include/human_hand_msgs/human_hand_msgs/msg/detail/system_status__rosidl_typesupport_fastrtps_c.h\n'}
[0.460777] (human_hand_msgs) StdoutLine: {'line': b'-- Up-to-date: /home/duy/cocarry_ws/install/human_hand_msgs/include/human_hand_msgs/human_hand_msgs/msg/detail/hand_state__rosidl_typesupport_fastrtps_c.h\n'}
[0.460868] (human_hand_msgs) StdoutLine: {'line': b'-- Up-to-date: /home/duy/cocarry_ws/install/human_hand_msgs/lib/libhuman_hand_msgs__rosidl_typesupport_fastrtps_c.so\n'}
[0.460955] (human_hand_msgs) StdoutLine: {'line': b'-- Up-to-date: /home/duy/cocarry_ws/install/human_hand_msgs/include/human_hand_msgs/human_hand_msgs\n'}
[0.461042] (human_hand_msgs) StdoutLine: {'line': b'-- Up-to-date: /home/duy/cocarry_ws/install/human_hand_msgs/include/human_hand_msgs/human_hand_msgs/srv\n'}
[0.461128] (human_hand_msgs) StdoutLine: {'line': b'-- Up-to-date: /home/duy/cocarry_ws/install/human_hand_msgs/include/human_hand_msgs/human_hand_msgs/srv/detail\n'}
[0.461213] (human_hand_msgs) StdoutLine: {'line': b'-- Up-to-date: /home/duy/cocarry_ws/install/human_hand_msgs/include/human_hand_msgs/human_hand_msgs/srv/detail/select_model__type_support.c\n'}
[0.461301] (human_hand_msgs) StdoutLine: {'line': b'-- Up-to-date: /home/duy/cocarry_ws/install/human_hand_msgs/include/human_hand_msgs/human_hand_msgs/srv/detail/select_model__rosidl_typesupport_introspection_c.h\n'}
[0.461395] (human_hand_msgs) StdoutLine: {'line': b'-- Up-to-date: /home/duy/cocarry_ws/install/human_hand_msgs/include/human_hand_msgs/human_hand_msgs/msg\n'}
[0.461482] (human_hand_msgs) StdoutLine: {'line': b'-- Up-to-date: /home/duy/cocarry_ws/install/human_hand_msgs/include/human_hand_msgs/human_hand_msgs/msg/detail\n'}
[0.461568] (human_hand_msgs) StdoutLine: {'line': b'-- Up-to-date: /home/duy/cocarry_ws/install/human_hand_msgs/include/human_hand_msgs/human_hand_msgs/msg/detail/hand_state__type_support.c\n'}
[0.461656] (human_hand_msgs) StdoutLine: {'line': b'-- Up-to-date: /home/duy/cocarry_ws/install/human_hand_msgs/include/human_hand_msgs/human_hand_msgs/msg/detail/system_status__type_support.c\n'}
[0.461758] (human_hand_msgs) StdoutLine: {'line': b'-- Up-to-date: /home/duy/cocarry_ws/install/human_hand_msgs/include/human_hand_msgs/human_hand_msgs/msg/detail/hand_prediction__rosidl_typesupport_introspection_c.h\n'}
[0.461855] (human_hand_msgs) StdoutLine: {'line': b'-- Up-to-date: /home/duy/cocarry_ws/install/human_hand_msgs/include/human_hand_msgs/human_hand_msgs/msg/detail/hand_prediction__type_support.c\n'}
[0.461942] (human_hand_msgs) StdoutLine: {'line': b'-- Up-to-date: /home/duy/cocarry_ws/install/human_hand_msgs/include/human_hand_msgs/human_hand_msgs/msg/detail/hand_state__rosidl_typesupport_introspection_c.h\n'}
[0.462030] (human_hand_msgs) StdoutLine: {'line': b'-- Up-to-date: /home/duy/cocarry_ws/install/human_hand_msgs/include/human_hand_msgs/human_hand_msgs/msg/detail/system_status__rosidl_typesupport_introspection_c.h\n'}
[0.462127] (human_hand_msgs) StdoutLine: {'line': b'-- Up-to-date: /home/duy/cocarry_ws/install/human_hand_msgs/include/human_hand_msgs/human_hand_msgs/msg/rosidl_typesupport_introspection_c__visibility_control.h\n'}
[0.462214] (human_hand_msgs) StdoutLine: {'line': b'-- Up-to-date: /home/duy/cocarry_ws/install/human_hand_msgs/lib/libhuman_hand_msgs__rosidl_typesupport_introspection_c.so\n'}
[0.462306] (human_hand_msgs) StdoutLine: {'line': b'-- Up-to-date: /home/duy/cocarry_ws/install/human_hand_msgs/lib/libhuman_hand_msgs__rosidl_typesupport_c.so\n'}
[0.462395] (human_hand_msgs) StdoutLine: {'line': b'-- Up-to-date: /home/duy/cocarry_ws/install/human_hand_msgs/include/human_hand_msgs/human_hand_msgs\n'}
[0.462481] (human_hand_msgs) StdoutLine: {'line': b'-- Up-to-date: /home/duy/cocarry_ws/install/human_hand_msgs/include/human_hand_msgs/human_hand_msgs/srv\n'}
[0.462568] (human_hand_msgs) StdoutLine: {'line': b'-- Up-to-date: /home/duy/cocarry_ws/install/human_hand_msgs/include/human_hand_msgs/human_hand_msgs/srv/select_model.hpp\n'}
[0.462656] (human_hand_msgs) StdoutLine: {'line': b'-- Up-to-date: /home/duy/cocarry_ws/install/human_hand_msgs/include/human_hand_msgs/human_hand_msgs/srv/detail\n'}
[0.462754] (human_hand_msgs) StdoutLine: {'line': b'-- Up-to-date: /home/duy/cocarry_ws/install/human_hand_msgs/include/human_hand_msgs/human_hand_msgs/srv/detail/select_model__builder.hpp\n'}
[0.462848] (human_hand_msgs) StdoutLine: {'line': b'-- Up-to-date: /home/duy/cocarry_ws/install/human_hand_msgs/include/human_hand_msgs/human_hand_msgs/srv/detail/select_model__traits.hpp\n'}
[0.462936] (human_hand_msgs) StdoutLine: {'line': b'-- Up-to-date: /home/duy/cocarry_ws/install/human_hand_msgs/include/human_hand_msgs/human_hand_msgs/srv/detail/select_model__type_support.hpp\n'}
[0.463021] (human_hand_msgs) StdoutLine: {'line': b'-- Up-to-date: /home/duy/cocarry_ws/install/human_hand_msgs/include/human_hand_msgs/human_hand_msgs/srv/detail/select_model__struct.hpp\n'}
[0.463109] (human_hand_msgs) StdoutLine: {'line': b'-- Up-to-date: /home/duy/cocarry_ws/install/human_hand_msgs/include/human_hand_msgs/human_hand_msgs/msg\n'}
[0.463196] (human_hand_msgs) StdoutLine: {'line': b'-- Up-to-date: /home/duy/cocarry_ws/install/human_hand_msgs/include/human_hand_msgs/human_hand_msgs/msg/rosidl_generator_cpp__visibility_control.hpp\n'}
[0.463283] (human_hand_msgs) StdoutLine: {'line': b'-- Up-to-date: /home/duy/cocarry_ws/install/human_hand_msgs/include/human_hand_msgs/human_hand_msgs/msg/hand_prediction.hpp\n'}
[0.463374] (human_hand_msgs) StdoutLine: {'line': b'-- Up-to-date: /home/duy/cocarry_ws/install/human_hand_msgs/include/human_hand_msgs/human_hand_msgs/msg/detail\n'}
[0.463467] (human_hand_msgs) StdoutLine: {'line': b'-- Up-to-date: /home/duy/cocarry_ws/install/human_hand_msgs/include/human_hand_msgs/human_hand_msgs/msg/detail/system_status__traits.hpp\n'}
[0.463555] (human_hand_msgs) StdoutLine: {'line': b'-- Up-to-date: /home/duy/cocarry_ws/install/human_hand_msgs/include/human_hand_msgs/human_hand_msgs/msg/detail/system_status__builder.hpp\n'}
[0.463639] (human_hand_msgs) StdoutLine: {'line': b'-- Up-to-date: /home/duy/cocarry_ws/install/human_hand_msgs/include/human_hand_msgs/human_hand_msgs/msg/detail/hand_state__type_support.hpp\n'}
[0.463738] (human_hand_msgs) StdoutLine: {'line': b'-- Up-to-date: /home/duy/cocarry_ws/install/human_hand_msgs/include/human_hand_msgs/human_hand_msgs/msg/detail/hand_prediction__struct.hpp\n'}
[0.463836] (human_hand_msgs) StdoutLine: {'line': b'-- Up-to-date: /home/duy/cocarry_ws/install/human_hand_msgs/include/human_hand_msgs/human_hand_msgs/msg/detail/hand_state__struct.hpp\n'}
[0.463924] (human_hand_msgs) StdoutLine: {'line': b'-- Up-to-date: /home/duy/cocarry_ws/install/human_hand_msgs/include/human_hand_msgs/human_hand_msgs/msg/detail/hand_state__builder.hpp\n'}
[0.464019] (human_hand_msgs) StdoutLine: {'line': b'-- Up-to-date: /home/duy/cocarry_ws/install/human_hand_msgs/include/human_hand_msgs/human_hand_msgs/msg/detail/hand_prediction__traits.hpp\n'}
[0.464107] (human_hand_msgs) StdoutLine: {'line': b'-- Up-to-date: /home/duy/cocarry_ws/install/human_hand_msgs/include/human_hand_msgs/human_hand_msgs/msg/detail/system_status__type_support.hpp\n'}
[0.464198] (human_hand_msgs) StdoutLine: {'line': b'-- Up-to-date: /home/duy/cocarry_ws/install/human_hand_msgs/include/human_hand_msgs/human_hand_msgs/msg/detail/hand_prediction__type_support.hpp\n'}
[0.464297] (human_hand_msgs) StdoutLine: {'line': b'-- Up-to-date: /home/duy/cocarry_ws/install/human_hand_msgs/include/human_hand_msgs/human_hand_msgs/msg/detail/hand_prediction__builder.hpp\n'}
[0.464390] (human_hand_msgs) StdoutLine: {'line': b'-- Up-to-date: /home/duy/cocarry_ws/install/human_hand_msgs/include/human_hand_msgs/human_hand_msgs/msg/detail/system_status__struct.hpp\n'}
[0.464480] (human_hand_msgs) StdoutLine: {'line': b'-- Up-to-date: /home/duy/cocarry_ws/install/human_hand_msgs/include/human_hand_msgs/human_hand_msgs/msg/detail/hand_state__traits.hpp\n'}
[0.464571] (human_hand_msgs) StdoutLine: {'line': b'-- Up-to-date: /home/duy/cocarry_ws/install/human_hand_msgs/include/human_hand_msgs/human_hand_msgs/msg/system_status.hpp\n'}
[0.464663] (human_hand_msgs) StdoutLine: {'line': b'-- Up-to-date: /home/duy/cocarry_ws/install/human_hand_msgs/include/human_hand_msgs/human_hand_msgs/msg/hand_state.hpp\n'}
[0.464772] (human_hand_msgs) StdoutLine: {'line': b'-- Up-to-date: /home/duy/cocarry_ws/install/human_hand_msgs/include/human_hand_msgs/human_hand_msgs\n'}
[0.464865] (human_hand_msgs) StdoutLine: {'line': b'-- Up-to-date: /home/duy/cocarry_ws/install/human_hand_msgs/include/human_hand_msgs/human_hand_msgs/srv\n'}
[0.464965] (human_hand_msgs) StdoutLine: {'line': b'-- Up-to-date: /home/duy/cocarry_ws/install/human_hand_msgs/include/human_hand_msgs/human_hand_msgs/srv/detail\n'}
[0.465053] (human_hand_msgs) StdoutLine: {'line': b'-- Up-to-date: /home/duy/cocarry_ws/install/human_hand_msgs/include/human_hand_msgs/human_hand_msgs/srv/detail/dds_fastrtps\n'}
[0.465139] (human_hand_msgs) StdoutLine: {'line': b'-- Up-to-date: /home/duy/cocarry_ws/install/human_hand_msgs/include/human_hand_msgs/human_hand_msgs/srv/detail/select_model__rosidl_typesupport_fastrtps_cpp.hpp\n'}
[0.465226] (human_hand_msgs) StdoutLine: {'line': b'-- Up-to-date: /home/duy/cocarry_ws/install/human_hand_msgs/include/human_hand_msgs/human_hand_msgs/msg\n'}
[0.465313] (human_hand_msgs) StdoutLine: {'line': b'-- Up-to-date: /home/duy/cocarry_ws/install/human_hand_msgs/include/human_hand_msgs/human_hand_msgs/msg/detail\n'}
[0.465409] (human_hand_msgs) StdoutLine: {'line': b'-- Up-to-date: /home/duy/cocarry_ws/install/human_hand_msgs/include/human_hand_msgs/human_hand_msgs/msg/detail/hand_prediction__rosidl_typesupport_fastrtps_cpp.hpp\n'}
[0.465497] (human_hand_msgs) StdoutLine: {'line': b'-- Up-to-date: /home/duy/cocarry_ws/install/human_hand_msgs/include/human_hand_msgs/human_hand_msgs/msg/detail/dds_fastrtps\n'}
[0.465586] (human_hand_msgs) StdoutLine: {'line': b'-- Up-to-date: /home/duy/cocarry_ws/install/human_hand_msgs/include/human_hand_msgs/human_hand_msgs/msg/detail/hand_state__rosidl_typesupport_fastrtps_cpp.hpp\n'}
[0.465673] (human_hand_msgs) StdoutLine: {'line': b'-- Up-to-date: /home/duy/cocarry_ws/install/human_hand_msgs/include/human_hand_msgs/human_hand_msgs/msg/detail/system_status__rosidl_typesupport_fastrtps_cpp.hpp\n'}
[0.465776] (human_hand_msgs) StdoutLine: {'line': b'-- Up-to-date: /home/duy/cocarry_ws/install/human_hand_msgs/include/human_hand_msgs/human_hand_msgs/msg/rosidl_typesupport_fastrtps_cpp__visibility_control.h\n'}
[0.465869] (human_hand_msgs) StdoutLine: {'line': b'-- Up-to-date: /home/duy/cocarry_ws/install/human_hand_msgs/lib/libhuman_hand_msgs__rosidl_typesupport_fastrtps_cpp.so\n'}
[0.465958] (human_hand_msgs) StdoutLine: {'line': b'-- Up-to-date: /home/duy/cocarry_ws/install/human_hand_msgs/include/human_hand_msgs/human_hand_msgs\n'}
[0.466059] (human_hand_msgs) StdoutLine: {'line': b'-- Up-to-date: /home/duy/cocarry_ws/install/human_hand_msgs/include/human_hand_msgs/human_hand_msgs/srv\n'}
[0.466152] (human_hand_msgs) StdoutLine: {'line': b'-- Up-to-date: /home/duy/cocarry_ws/install/human_hand_msgs/include/human_hand_msgs/human_hand_msgs/srv/detail\n'}
[0.466249] (human_hand_msgs) StdoutLine: {'line': b'-- Up-to-date: /home/duy/cocarry_ws/install/human_hand_msgs/include/human_hand_msgs/human_hand_msgs/srv/detail/select_model__type_support.cpp\n'}
[0.466346] (human_hand_msgs) StdoutLine: {'line': b'-- Up-to-date: /home/duy/cocarry_ws/install/human_hand_msgs/include/human_hand_msgs/human_hand_msgs/srv/detail/select_model__rosidl_typesupport_introspection_cpp.hpp\n'}
[0.466435] (human_hand_msgs) StdoutLine: {'line': b'-- Up-to-date: /home/duy/cocarry_ws/install/human_hand_msgs/include/human_hand_msgs/human_hand_msgs/msg\n'}
[0.466530] (human_hand_msgs) StdoutLine: {'line': b'-- Up-to-date: /home/duy/cocarry_ws/install/human_hand_msgs/include/human_hand_msgs/human_hand_msgs/msg/detail\n'}
[0.466618] (human_hand_msgs) StdoutLine: {'line': b'-- Up-to-date: /home/duy/cocarry_ws/install/human_hand_msgs/include/human_hand_msgs/human_hand_msgs/msg/detail/system_status__rosidl_typesupport_introspection_cpp.hpp\n'}
[0.466721] (human_hand_msgs) StdoutLine: {'line': b'-- Up-to-date: /home/duy/cocarry_ws/install/human_hand_msgs/include/human_hand_msgs/human_hand_msgs/msg/detail/system_status__type_support.cpp\n'}
[0.466833] (human_hand_msgs) StdoutLine: {'line': b'-- Up-to-date: /home/duy/cocarry_ws/install/human_hand_msgs/include/human_hand_msgs/human_hand_msgs/msg/detail/hand_prediction__rosidl_typesupport_introspection_cpp.hpp\n'}
[0.466928] (human_hand_msgs) StdoutLine: {'line': b'-- Up-to-date: /home/duy/cocarry_ws/install/human_hand_msgs/include/human_hand_msgs/human_hand_msgs/msg/detail/hand_prediction__type_support.cpp\n'}
[0.467026] (human_hand_msgs) StdoutLine: {'line': b'-- Up-to-date: /home/duy/cocarry_ws/install/human_hand_msgs/include/human_hand_msgs/human_hand_msgs/msg/detail/hand_state__type_support.cpp\n'}
[0.467125] (human_hand_msgs) StdoutLine: {'line': b'-- Up-to-date: /home/duy/cocarry_ws/install/human_hand_msgs/include/human_hand_msgs/human_hand_msgs/msg/detail/hand_state__rosidl_typesupport_introspection_cpp.hpp\n'}
[0.467218] (human_hand_msgs) StdoutLine: {'line': b'-- Up-to-date: /home/duy/cocarry_ws/install/human_hand_msgs/lib/libhuman_hand_msgs__rosidl_typesupport_introspection_cpp.so\n'}
[0.467313] (human_hand_msgs) StdoutLine: {'line': b'-- Up-to-date: /home/duy/cocarry_ws/install/human_hand_msgs/lib/libhuman_hand_msgs__rosidl_typesupport_cpp.so\n'}
[0.467405] (human_hand_msgs) StdoutLine: {'line': b'-- Up-to-date: /home/duy/cocarry_ws/install/human_hand_msgs/share/human_hand_msgs/environment/pythonpath.sh\n'}
[0.467498] (human_hand_msgs) StdoutLine: {'line': b'-- Up-to-date: /home/duy/cocarry_ws/install/human_hand_msgs/share/human_hand_msgs/environment/pythonpath.dsv\n'}
[0.467592] (human_hand_msgs) StdoutLine: {'line': b'-- Up-to-date: /home/duy/cocarry_ws/install/human_hand_msgs/local/lib/python3.10/dist-packages/human_hand_msgs-0.1.0-py3.10.egg-info\n'}
[0.467684] (human_hand_msgs) StdoutLine: {'line': b'-- Installing: /home/duy/cocarry_ws/install/human_hand_msgs/local/lib/python3.10/dist-packages/human_hand_msgs-0.1.0-py3.10.egg-info/top_level.txt\n'}
[0.467788] (human_hand_msgs) StdoutLine: {'line': b'-- Installing: /home/duy/cocarry_ws/install/human_hand_msgs/local/lib/python3.10/dist-packages/human_hand_msgs-0.1.0-py3.10.egg-info/PKG-INFO\n'}
[0.467895] (human_hand_msgs) StdoutLine: {'line': b'-- Installing: /home/duy/cocarry_ws/install/human_hand_msgs/local/lib/python3.10/dist-packages/human_hand_msgs-0.1.0-py3.10.egg-info/dependency_links.txt\n'}
[0.467987] (human_hand_msgs) StdoutLine: {'line': b'-- Installing: /home/duy/cocarry_ws/install/human_hand_msgs/local/lib/python3.10/dist-packages/human_hand_msgs-0.1.0-py3.10.egg-info/SOURCES.txt\n'}
[0.468077] (human_hand_msgs) StdoutLine: {'line': b'-- Up-to-date: /home/duy/cocarry_ws/install/human_hand_msgs/local/lib/python3.10/dist-packages/human_hand_msgs\n'}
[0.468167] (human_hand_msgs) StdoutLine: {'line': b'-- Up-to-date: /home/duy/cocarry_ws/install/human_hand_msgs/local/lib/python3.10/dist-packages/human_hand_msgs/human_hand_msgs_s__rosidl_typesupport_fastrtps_c.cpython-310-x86_64-linux-gnu.so\n'}
[0.468312] (human_hand_msgs) StdoutLine: {'line': b'-- Up-to-date: /home/duy/cocarry_ws/install/human_hand_msgs/local/lib/python3.10/dist-packages/human_hand_msgs/srv\n'}
[0.468410] (human_hand_msgs) StdoutLine: {'line': b'-- Up-to-date: /home/duy/cocarry_ws/install/human_hand_msgs/local/lib/python3.10/dist-packages/human_hand_msgs/srv/__init__.py\n'}
[0.468502] (human_hand_msgs) StdoutLine: {'line': b'-- Up-to-date: /home/duy/cocarry_ws/install/human_hand_msgs/local/lib/python3.10/dist-packages/human_hand_msgs/srv/_select_model.py\n'}
[0.468596] (human_hand_msgs) StdoutLine: {'line': b'-- Up-to-date: /home/duy/cocarry_ws/install/human_hand_msgs/local/lib/python3.10/dist-packages/human_hand_msgs/srv/_select_model_s.c\n'}
[0.468691] (human_hand_msgs) StdoutLine: {'line': b'-- Up-to-date: /home/duy/cocarry_ws/install/human_hand_msgs/local/lib/python3.10/dist-packages/human_hand_msgs/_human_hand_msgs_s.ep.rosidl_typesupport_c.c\n'}
[0.468815] (human_hand_msgs) StdoutLine: {'line': b'-- Up-to-date: /home/duy/cocarry_ws/install/human_hand_msgs/local/lib/python3.10/dist-packages/human_hand_msgs/_human_hand_msgs_s.ep.rosidl_typesupport_introspection_c.c\n'}
[0.468914] (human_hand_msgs) StdoutLine: {'line': b'-- Up-to-date: /home/duy/cocarry_ws/install/human_hand_msgs/local/lib/python3.10/dist-packages/human_hand_msgs/msg\n'}
[0.469009] (human_hand_msgs) StdoutLine: {'line': b'-- Up-to-date: /home/duy/cocarry_ws/install/human_hand_msgs/local/lib/python3.10/dist-packages/human_hand_msgs/msg/_hand_state.py\n'}
[0.469114] (human_hand_msgs) StdoutLine: {'line': b'-- Up-to-date: /home/duy/cocarry_ws/install/human_hand_msgs/local/lib/python3.10/dist-packages/human_hand_msgs/msg/_hand_prediction_s.c\n'}
[0.469218] (human_hand_msgs) StdoutLine: {'line': b'-- Up-to-date: /home/duy/cocarry_ws/install/human_hand_msgs/local/lib/python3.10/dist-packages/human_hand_msgs/msg/__init__.py\n'}
[0.469311] (human_hand_msgs) StdoutLine: {'line': b'-- Up-to-date: /home/duy/cocarry_ws/install/human_hand_msgs/local/lib/python3.10/dist-packages/human_hand_msgs/msg/_hand_state_s.c\n'}
[0.469403] (human_hand_msgs) StdoutLine: {'line': b'-- Up-to-date: /home/duy/cocarry_ws/install/human_hand_msgs/local/lib/python3.10/dist-packages/human_hand_msgs/msg/_hand_prediction.py\n'}
[0.469498] (human_hand_msgs) StdoutLine: {'line': b'-- Up-to-date: /home/duy/cocarry_ws/install/human_hand_msgs/local/lib/python3.10/dist-packages/human_hand_msgs/msg/_system_status_s.c\n'}
[0.469586] (human_hand_msgs) StdoutLine: {'line': b'-- Up-to-date: /home/duy/cocarry_ws/install/human_hand_msgs/local/lib/python3.10/dist-packages/human_hand_msgs/msg/_system_status.py\n'}
[0.469675] (human_hand_msgs) StdoutLine: {'line': b'-- Up-to-date: /home/duy/cocarry_ws/install/human_hand_msgs/local/lib/python3.10/dist-packages/human_hand_msgs/libhuman_hand_msgs__rosidl_generator_py.so\n'}
[0.469779] (human_hand_msgs) StdoutLine: {'line': b'-- Up-to-date: /home/duy/cocarry_ws/install/human_hand_msgs/local/lib/python3.10/dist-packages/human_hand_msgs/__init__.py\n'}
[0.469875] (human_hand_msgs) StdoutLine: {'line': b'-- Up-to-date: /home/duy/cocarry_ws/install/human_hand_msgs/local/lib/python3.10/dist-packages/human_hand_msgs/human_hand_msgs_s__rosidl_typesupport_introspection_c.cpython-310-x86_64-linux-gnu.so\n'}
[0.469981] (human_hand_msgs) StdoutLine: {'line': b'-- Up-to-date: /home/duy/cocarry_ws/install/human_hand_msgs/local/lib/python3.10/dist-packages/human_hand_msgs/human_hand_msgs_s__rosidl_typesupport_c.cpython-310-x86_64-linux-gnu.so\n'}
[0.470075] (human_hand_msgs) StdoutLine: {'line': b'-- Up-to-date: /home/duy/cocarry_ws/install/human_hand_msgs/local/lib/python3.10/dist-packages/human_hand_msgs/_human_hand_msgs_s.ep.rosidl_typesupport_fastrtps_c.c\n'}
[0.470163] (kinect2_calibration) StdoutLine: {'line': b'[100%] Built target kinect2_calibration_node\n'}
[0.479050] (kinect2_calibration) CommandEnded: {'returncode': 0}
[0.479919] (kinect2_calibration) JobProgress: {'identifier': 'kinect2_calibration', 'progress': 'install'}
[0.480244] (kinect2_calibration) Command: {'cmd': ['/usr/bin/cmake', '--install', '/home/duy/cocarry_ws/build/kinect2_calibration'], 'cwd': '/home/duy/cocarry_ws/build/kinect2_calibration', 'env': OrderedDict([('USER', 'duy'), ('SHLVL', '0'), ('LD_LIBRARY_PATH', '/home/duy/cocarry_ws/install/kinect2_registration/lib'), ('HOME', '/home/duy'), ('_', '/usr/bin/colcon'), ('TERM', 'dumb'), ('PATH', '/home/duy/.local/bin:/home/duy/.nvm/versions/node/v20.20.2/bin:/opt/ros/humble/bin:/home/duy/.local/bin:/usr/local/sbin:/usr/local/bin:/usr/sbin:/usr/bin:/sbin:/bin:/usr/games:/usr/local/games:/snap/bin:/snap/bin:/home/duy/libfreenect2/build/bin'), ('LANG', 'en_US.UTF-8'), ('TMP', '/tmp'), ('AMENT_PREFIX_PATH', '/home/duy/cocarry_ws/install/kinect2_bridge:/home/duy/cocarry_ws/install/kinect2_registration'), ('SHELL', '/bin/bash'), ('PWD', '/home/duy/cocarry_ws/build/kinect2_calibration'), ('COLCON', '1'), ('CMAKE_PREFIX_PATH', '/home/duy/cocarry_ws/install/kinect2_bridge:/home/duy/cocarry_ws/install/kinect2_registration')]), 'shell': False}
[0.482910] (hc10dtp_bringup) CommandEnded: {'returncode': 0}
[0.483691] (hc10dtp_bringup) JobProgress: {'identifier': 'hc10dtp_bringup', 'progress': 'install'}
[0.484296] (hc10dtp_bringup) Command: {'cmd': ['/usr/bin/cmake', '--install', '/home/duy/cocarry_ws/build/hc10dtp_bringup'], 'cwd': '/home/duy/cocarry_ws/build/hc10dtp_bringup', 'env': OrderedDict([('USER', 'duy'), ('SHLVL', '0'), ('HOME', '/home/duy'), ('_', '/usr/bin/colcon'), ('TERM', 'dumb'), ('PATH', '/home/duy/.local/bin:/home/duy/.nvm/versions/node/v20.20.2/bin:/opt/ros/humble/bin:/home/duy/.local/bin:/usr/local/sbin:/usr/local/bin:/usr/sbin:/usr/bin:/sbin:/bin:/usr/games:/usr/local/games:/snap/bin:/snap/bin:/home/duy/libfreenect2/build/bin'), ('LANG', 'en_US.UTF-8'), ('TMP', '/tmp'), ('AMENT_PREFIX_PATH', '/home/duy/cocarry_ws/install/hc10dtp_moveit_config:/home/duy/cocarry_ws/install/motoman_hc10dtp_support:/home/duy/cocarry_ws/install/motoman_resources'), ('SHELL', '/bin/bash'), ('PWD', '/home/duy/cocarry_ws/build/hc10dtp_bringup'), ('COLCON', '1'), ('CMAKE_PREFIX_PATH', '/home/duy/cocarry_ws/install/hc10dtp_moveit_config:/home/duy/cocarry_ws/install/motoman_hc10dtp_support:/home/duy/cocarry_ws/install/motoman_resources')]), 'shell': False}
[0.486783] (trac_ik) CommandEnded: {'returncode': 0}
[0.487350] (trac_ik) JobProgress: {'identifier': 'trac_ik', 'progress': 'install'}
[0.487663] (trac_ik) Command: {'cmd': ['/usr/bin/cmake', '--install', '/home/duy/cocarry_ws/build/trac_ik'], 'cwd': '/home/duy/cocarry_ws/build/trac_ik', 'env': OrderedDict([('USER', 'duy'), ('SHLVL', '0'), ('LD_LIBRARY_PATH', '/home/duy/cocarry_ws/install/trac_ik_kinematics/lib:/home/duy/cocarry_ws/install/trac_ik_lib/lib'), ('HOME', '/home/duy'), ('_', '/usr/bin/colcon'), ('TERM', 'dumb'), ('PATH', '/home/duy/.local/bin:/home/duy/.nvm/versions/node/v20.20.2/bin:/opt/ros/humble/bin:/home/duy/.local/bin:/usr/local/sbin:/usr/local/bin:/usr/sbin:/usr/bin:/sbin:/bin:/usr/games:/usr/local/games:/snap/bin:/snap/bin:/home/duy/libfreenect2/build/bin'), ('LANG', 'en_US.UTF-8'), ('TMP', '/tmp'), ('AMENT_PREFIX_PATH', '/home/duy/cocarry_ws/install/trac_ik_kinematics:/home/duy/cocarry_ws/install/trac_ik_lib'), ('SHELL', '/bin/bash'), ('PWD', '/home/duy/cocarry_ws/build/trac_ik'), ('COLCON', '1'), ('CMAKE_PREFIX_PATH', '/home/duy/cocarry_ws/install/trac_ik_kinematics:/home/duy/cocarry_ws/install/trac_ik_lib')]), 'shell': False}
[0.488903] (motoros2_interfaces) StdoutLine: {'line': b'running egg_info\n'}
[0.489171] (industrial_msgs) StdoutLine: {'line': b'running egg_info\n'}
[0.489278] (kinect2_calibration) StdoutLine: {'line': b'-- Install configuration: ""\n'}
[0.489484] (motoros2_interfaces) StdoutLine: {'line': b'writing motoros2_interfaces.egg-info/PKG-INFO\n'}
[0.489753] (kinect2_calibration) StdoutLine: {'line': b'-- Execute custom install script\n'}
[0.489874] (motoros2_interfaces) StdoutLine: {'line': b'writing dependency_links to motoros2_interfaces.egg-info/dependency_links.txt\n'}
[0.489988] (industrial_msgs) StdoutLine: {'line': b'writing industrial_msgs.egg-info/PKG-INFO\n'}
[0.490087] (motoros2_interfaces) StdoutLine: {'line': b'writing top-level names to motoros2_interfaces.egg-info/top_level.txt\n'}
[0.490220] (kinect2_calibration) StdoutLine: {'line': b'-- Up-to-date symlink: /home/duy/cocarry_ws/install/kinect2_calibration/lib/kinect2_calibration/kinect2_calibration_node\n'}
[0.490316] (industrial_msgs) StdoutLine: {'line': b'writing dependency_links to industrial_msgs.egg-info/dependency_links.txt\n'}
[0.490431] (kinect2_calibration) StdoutLine: {'line': b'-- Up-to-date symlink: /home/duy/cocarry_ws/install/kinect2_calibration/share/ament_index/resource_index/package_run_dependencies/kinect2_calibration\n'}
[0.490539] (industrial_msgs) StdoutLine: {'line': b'writing top-level names to industrial_msgs.egg-info/top_level.txt\n'}
[0.490649] (kinect2_calibration) StdoutLine: {'line': b'-- Up-to-date symlink: /home/duy/cocarry_ws/install/kinect2_calibration/share/ament_index/resource_index/parent_prefix_path/kinect2_calibration\n'}
[0.490833] (kinect2_calibration) StdoutLine: {'line': b'-- Up-to-date symlink: /home/duy/cocarry_ws/install/kinect2_calibration/share/kinect2_calibration/environment/ament_prefix_path.sh\n'}
[0.490967] (kinect2_calibration) StdoutLine: {'line': b'-- Up-to-date symlink: /home/duy/cocarry_ws/install/kinect2_calibration/share/kinect2_calibration/environment/ament_prefix_path.dsv\n'}
[0.491071] (kinect2_calibration) StdoutLine: {'line': b'-- Up-to-date symlink: /home/duy/cocarry_ws/install/kinect2_calibration/share/kinect2_calibration/environment/path.sh\n'}
[0.491170] (kinect2_calibration) StdoutLine: {'line': b'-- Up-to-date symlink: /home/duy/cocarry_ws/install/kinect2_calibration/share/kinect2_calibration/environment/path.dsv\n'}
[0.491267] (kinect2_calibration) StdoutLine: {'line': b'-- Up-to-date symlink: /home/duy/cocarry_ws/install/kinect2_calibration/share/kinect2_calibration/local_setup.bash\n'}
[0.491358] (kinect2_calibration) StdoutLine: {'line': b'-- Up-to-date symlink: /home/duy/cocarry_ws/install/kinect2_calibration/share/kinect2_calibration/local_setup.sh\n'}
[0.491441] (hc10dtp_bringup) StdoutLine: {'line': b'-- Install configuration: ""\n'}
[0.491521] (kinect2_calibration) StdoutLine: {'line': b'-- Up-to-date symlink: /home/duy/cocarry_ws/install/kinect2_calibration/share/kinect2_calibration/local_setup.zsh\n'}
[0.491597] (kinect2_calibration) StdoutLine: {'line': b'-- Up-to-date symlink: /home/duy/cocarry_ws/install/kinect2_calibration/share/kinect2_calibration/local_setup.dsv\n'}
[0.491668] (kinect2_calibration) StdoutLine: {'line': b'-- Symlinking: /home/duy/cocarry_ws/install/kinect2_calibration/share/kinect2_calibration/package.dsv\n'}
[0.491887] (hc10dtp_bringup) StdoutLine: {'line': b'-- Execute custom install script\n'}
[0.492247] (hc10dtp_bringup) StdoutLine: {'line': b'-- Up-to-date symlink: /home/duy/cocarry_ws/install/hc10dtp_bringup/lib/hc10dtp_bringup/cartesian_streamer_hc10dtp.py\n'}
[0.492455] (hc10dtp_bringup) StdoutLine: {'line': b'-- Up-to-date symlink: /home/duy/cocarry_ws/install/hc10dtp_bringup/lib/hc10dtp_bringup/restamp_joint_states.py\n'}
[0.492605] (hc10dtp_bringup) StdoutLine: {'line': b'-- Up-to-date symlink: /home/duy/cocarry_ws/install/hc10dtp_bringup/lib/hc10dtp_bringup/go_home.py\n'}
[0.492711] (hc10dtp_bringup) StdoutLine: {'line': b'-- Up-to-date symlink: /home/duy/cocarry_ws/install/hc10dtp_bringup/lib/hc10dtp_bringup/capture_home.py\n'}
[0.492883] (hc10dtp_bringup) StdoutLine: {'line': b'-- Up-to-date symlink: /home/duy/cocarry_ws/install/hc10dtp_bringup/lib/hc10dtp_bringup/test_queue_diagnostic.py\n'}
[0.492942] (hc10dtp_bringup) StdoutLine: {'line': b'-- Up-to-date symlink: /home/duy/cocarry_ws/install/hc10dtp_bringup/share/ament_index/resource_index/package_run_dependencies/hc10dtp_bringup\n'}
[0.492990] (hc10dtp_bringup) StdoutLine: {'line': b'-- Up-to-date symlink: /home/duy/cocarry_ws/install/hc10dtp_bringup/share/ament_index/resource_index/parent_prefix_path/hc10dtp_bringup\n'}
[0.493080] (hc10dtp_bringup) StdoutLine: {'line': b'-- Up-to-date symlink: /home/duy/cocarry_ws/install/hc10dtp_bringup/share/hc10dtp_bringup/environment/ament_prefix_path.sh\n'}
[0.493141] (hc10dtp_bringup) StdoutLine: {'line': b'-- Up-to-date symlink: /home/duy/cocarry_ws/install/hc10dtp_bringup/share/hc10dtp_bringup/environment/ament_prefix_path.dsv\n'}
[0.493189] (hc10dtp_bringup) StdoutLine: {'line': b'-- Up-to-date symlink: /home/duy/cocarry_ws/install/hc10dtp_bringup/share/hc10dtp_bringup/environment/path.sh\n'}
[0.493262] (hc10dtp_bringup) StdoutLine: {'line': b'-- Up-to-date symlink: /home/duy/cocarry_ws/install/hc10dtp_bringup/share/hc10dtp_bringup/environment/path.dsv\n'}
[0.493337] (hc10dtp_bringup) StdoutLine: {'line': b'-- Up-to-date symlink: /home/duy/cocarry_ws/install/hc10dtp_bringup/share/hc10dtp_bringup/local_setup.bash\n'}
[0.493447] (hc10dtp_bringup) StdoutLine: {'line': b'-- Up-to-date symlink: /home/duy/cocarry_ws/install/hc10dtp_bringup/share/hc10dtp_bringup/local_setup.sh\n'}
[0.493555] (hc10dtp_bringup) StdoutLine: {'line': b'-- Up-to-date symlink: /home/duy/cocarry_ws/install/hc10dtp_bringup/share/hc10dtp_bringup/local_setup.zsh\n'}
[0.493656] (hc10dtp_bringup) StdoutLine: {'line': b'-- Up-to-date symlink: /home/duy/cocarry_ws/install/hc10dtp_bringup/share/hc10dtp_bringup/local_setup.dsv\n'}
[0.493758] (motoros2_interfaces) StdoutLine: {'line': b"reading manifest file 'motoros2_interfaces.egg-info/SOURCES.txt'\n"}
[0.493881] (hc10dtp_bringup) StdoutLine: {'line': b'-- Symlinking: /home/duy/cocarry_ws/install/hc10dtp_bringup/share/hc10dtp_bringup/package.dsv\n'}
[0.493957] (industrial_msgs) StdoutLine: {'line': b"reading manifest file 'industrial_msgs.egg-info/SOURCES.txt'\n"}
[0.494903] (industrial_msgs) StdoutLine: {'line': b"writing manifest file 'industrial_msgs.egg-info/SOURCES.txt'\n"}
[0.495092] (motoros2_interfaces) StdoutLine: {'line': b"writing manifest file 'motoros2_interfaces.egg-info/SOURCES.txt'\n"}
[0.496491] (human_hand_msgs) StdoutLine: {'line': b"Listing '/home/duy/cocarry_ws/install/human_hand_msgs/local/lib/python3.10/dist-packages/human_hand_msgs'...\n"}
[0.496782] (human_hand_msgs) StdoutLine: {'line': b"Listing '/home/duy/cocarry_ws/install/human_hand_msgs/local/lib/python3.10/dist-packages/human_hand_msgs/msg'...\n"}
[0.496923] (human_hand_msgs) StdoutLine: {'line': b"Listing '/home/duy/cocarry_ws/install/human_hand_msgs/local/lib/python3.10/dist-packages/human_hand_msgs/srv'...\n"}
[0.499666] (trac_ik) StdoutLine: {'line': b'-- Install configuration: ""\n'}
[0.500439] (trac_ik) StdoutLine: {'line': b'-- Execute custom install script\n'}
[0.500841] (trac_ik) StdoutLine: {'line': b'-- Up-to-date symlink: /home/duy/cocarry_ws/install/trac_ik/share/ament_index/resource_index/package_run_dependencies/trac_ik\n'}
[0.501110] (trac_ik) StdoutLine: {'line': b'-- Up-to-date symlink: /home/duy/cocarry_ws/install/trac_ik/share/ament_index/resource_index/parent_prefix_path/trac_ik\n'}
[0.501428] (trac_ik) StdoutLine: {'line': b'-- Up-to-date symlink: /home/duy/cocarry_ws/install/trac_ik/share/trac_ik/environment/ament_prefix_path.sh\n'}
[0.501692] (trac_ik) StdoutLine: {'line': b'-- Up-to-date symlink: /home/duy/cocarry_ws/install/trac_ik/share/trac_ik/environment/ament_prefix_path.dsv\n'}
[0.501937] (trac_ik) StdoutLine: {'line': b'-- Up-to-date symlink: /home/duy/cocarry_ws/install/trac_ik/share/trac_ik/environment/path.sh\n'}
[0.502112] (kinect2_calibration) StdoutLine: {'line': b'-- Up-to-date symlink: /home/duy/cocarry_ws/install/kinect2_calibration/share/ament_index/resource_index/packages/kinect2_calibration\n'}
[0.502330] (kinect2_calibration) StdoutLine: {'line': b'-- Up-to-date symlink: /home/duy/cocarry_ws/install/kinect2_calibration/share/kinect2_calibration/cmake/kinect2_calibrationConfig.cmake\n'}
[0.502625] (trac_ik) StdoutLine: {'line': b'-- Up-to-date symlink: /home/duy/cocarry_ws/install/trac_ik/share/trac_ik/environment/path.dsv\n'}
[0.502818] (kinect2_calibration) StdoutLine: {'line': b'-- Up-to-date symlink: /home/duy/cocarry_ws/install/kinect2_calibration/share/kinect2_calibration/cmake/kinect2_calibrationConfig-version.cmake\n'}
[0.502994] (kinect2_calibration) StdoutLine: {'line': b'-- Up-to-date symlink: /home/duy/cocarry_ws/install/kinect2_calibration/share/kinect2_calibration/package.xml\n'}
[0.503113] (trac_ik) StdoutLine: {'line': b'-- Up-to-date symlink: /home/duy/cocarry_ws/install/trac_ik/share/trac_ik/local_setup.bash\n'}
[0.503253] (-) TimerEvent: {}
[0.503544] (trac_ik) StdoutLine: {'line': b'-- Up-to-date symlink: /home/duy/cocarry_ws/install/trac_ik/share/trac_ik/local_setup.sh\n'}
[0.503702] (trac_ik) StdoutLine: {'line': b'-- Up-to-date symlink: /home/duy/cocarry_ws/install/trac_ik/share/trac_ik/local_setup.zsh\n'}
[0.503841] (trac_ik) StdoutLine: {'line': b'-- Up-to-date symlink: /home/duy/cocarry_ws/install/trac_ik/share/trac_ik/local_setup.dsv\n'}
[0.503955] (trac_ik) StdoutLine: {'line': b'-- Symlinking: /home/duy/cocarry_ws/install/trac_ik/share/trac_ik/package.dsv\n'}
[0.505054] (kinect2_calibration) CommandEnded: {'returncode': 0}
[0.506441] (hc10dtp_bringup) StdoutLine: {'line': b'-- Up-to-date symlink: /home/duy/cocarry_ws/install/hc10dtp_bringup/share/ament_index/resource_index/packages/hc10dtp_bringup\n'}
[0.506559] (hc10dtp_bringup) StdoutLine: {'line': b'-- Up-to-date symlink: /home/duy/cocarry_ws/install/hc10dtp_bringup/share/hc10dtp_bringup/cmake/hc10dtp_bringupConfig.cmake\n'}
[0.506614] (hc10dtp_bringup) StdoutLine: {'line': b'-- Up-to-date symlink: /home/duy/cocarry_ws/install/hc10dtp_bringup/share/hc10dtp_bringup/cmake/hc10dtp_bringupConfig-version.cmake\n'}
[0.506663] (hc10dtp_bringup) StdoutLine: {'line': b'-- Up-to-date symlink: /home/duy/cocarry_ws/install/hc10dtp_bringup/share/hc10dtp_bringup/package.xml\n'}
[0.506778] (human_hand_msgs) StdoutLine: {'line': b'-- Up-to-date: /home/duy/cocarry_ws/install/human_hand_msgs/local/lib/python3.10/dist-packages/human_hand_msgs/human_hand_msgs_s__rosidl_typesupport_fastrtps_c.cpython-310-x86_64-linux-gnu.so\n'}
[0.507217] (human_hand_msgs) StdoutLine: {'line': b'-- Up-to-date: /home/duy/cocarry_ws/install/human_hand_msgs/local/lib/python3.10/dist-packages/human_hand_msgs/human_hand_msgs_s__rosidl_typesupport_introspection_c.cpython-310-x86_64-linux-gnu.so\n'}
[0.507646] (human_hand_msgs) StdoutLine: {'line': b'-- Up-to-date: /home/duy/cocarry_ws/install/human_hand_msgs/local/lib/python3.10/dist-packages/human_hand_msgs/human_hand_msgs_s__rosidl_typesupport_c.cpython-310-x86_64-linux-gnu.so\n'}
[0.508565] (human_hand_msgs) StdoutLine: {'line': b'-- Up-to-date: /home/duy/cocarry_ws/install/human_hand_msgs/lib/libhuman_hand_msgs__rosidl_generator_py.so\n'}
[0.508703] (human_hand_msgs) StdoutLine: {'line': b'-- Up-to-date: /home/duy/cocarry_ws/install/human_hand_msgs/share/ament_index/resource_index/rust_packages/human_hand_msgs\n'}
[0.508802] (human_hand_msgs) StdoutLine: {'line': b'-- Up-to-date: /home/duy/cocarry_ws/install/human_hand_msgs/share/human_hand_msgs/rust\n'}
[0.508869] (human_hand_msgs) StdoutLine: {'line': b'-- Up-to-date: /home/duy/cocarry_ws/install/human_hand_msgs/share/human_hand_msgs/rust/src\n'}
[0.508919] (human_hand_msgs) StdoutLine: {'line': b'-- Up-to-date: /home/duy/cocarry_ws/install/human_hand_msgs/share/human_hand_msgs/rust/src/msg.rs\n'}
[0.508979] (human_hand_msgs) StdoutLine: {'line': b'-- Up-to-date: /home/duy/cocarry_ws/install/human_hand_msgs/share/human_hand_msgs/rust/src/lib.rs\n'}
[0.509034] (human_hand_msgs) StdoutLine: {'line': b'-- Up-to-date: /home/duy/cocarry_ws/install/human_hand_msgs/share/human_hand_msgs/rust/src/srv\n'}
[0.509087] (human_hand_msgs) StdoutLine: {'line': b'-- Up-to-date: /home/duy/cocarry_ws/install/human_hand_msgs/share/human_hand_msgs/rust/src/srv/rmw.rs\n'}
[0.509142] (human_hand_msgs) StdoutLine: {'line': b'-- Up-to-date: /home/duy/cocarry_ws/install/human_hand_msgs/share/human_hand_msgs/rust/src/srv.rs\n'}
[0.509199] (human_hand_msgs) StdoutLine: {'line': b'-- Up-to-date: /home/duy/cocarry_ws/install/human_hand_msgs/share/human_hand_msgs/rust/src/msg\n'}
[0.509489] (human_hand_msgs) StdoutLine: {'line': b'-- Up-to-date: /home/duy/cocarry_ws/install/human_hand_msgs/share/human_hand_msgs/rust/src/msg/rmw.rs\n'}
[0.509584] (human_hand_msgs) StdoutLine: {'line': b'-- Up-to-date: /home/duy/cocarry_ws/install/human_hand_msgs/share/human_hand_msgs/rust/Cargo.toml\n'}
[0.509641] (human_hand_msgs) StdoutLine: {'line': b'-- Up-to-date: /home/duy/cocarry_ws/install/human_hand_msgs/share/human_hand_msgs/rust/build.rs\n'}
[0.509727] (human_hand_msgs) StdoutLine: {'line': b'-- Up-to-date: /home/duy/cocarry_ws/install/human_hand_msgs/share/human_hand_msgs/msg/HandState.idl\n'}
[0.509810] (human_hand_msgs) StdoutLine: {'line': b'-- Up-to-date: /home/duy/cocarry_ws/install/human_hand_msgs/share/human_hand_msgs/msg/HandPrediction.idl\n'}
[0.509867] (human_hand_msgs) StdoutLine: {'line': b'-- Up-to-date: /home/duy/cocarry_ws/install/human_hand_msgs/share/human_hand_msgs/msg/SystemStatus.idl\n'}
[0.509922] (human_hand_msgs) StdoutLine: {'line': b'-- Up-to-date: /home/duy/cocarry_ws/install/human_hand_msgs/share/human_hand_msgs/srv/SelectModel.idl\n'}
[0.509977] (human_hand_msgs) StdoutLine: {'line': b'-- Up-to-date: /home/duy/cocarry_ws/install/human_hand_msgs/share/human_hand_msgs/msg/HandState.msg\n'}
[0.510057] (human_hand_msgs) StdoutLine: {'line': b'-- Up-to-date: /home/duy/cocarry_ws/install/human_hand_msgs/share/human_hand_msgs/msg/HandPrediction.msg\n'}
[0.510117] (human_hand_msgs) StdoutLine: {'line': b'-- Up-to-date: /home/duy/cocarry_ws/install/human_hand_msgs/share/human_hand_msgs/msg/SystemStatus.msg\n'}
[0.510173] (human_hand_msgs) StdoutLine: {'line': b'-- Up-to-date: /home/duy/cocarry_ws/install/human_hand_msgs/share/human_hand_msgs/srv/SelectModel.srv\n'}
[0.510254] (human_hand_msgs) StdoutLine: {'line': b'-- Up-to-date: /home/duy/cocarry_ws/install/human_hand_msgs/share/human_hand_msgs/srv/SelectModel_Request.msg\n'}
[0.510351] (human_hand_msgs) StdoutLine: {'line': b'-- Up-to-date: /home/duy/cocarry_ws/install/human_hand_msgs/share/human_hand_msgs/srv/SelectModel_Response.msg\n'}
[0.510407] (human_hand_msgs) StdoutLine: {'line': b'-- Up-to-date: /home/duy/cocarry_ws/install/human_hand_msgs/share/ament_index/resource_index/package_run_dependencies/human_hand_msgs\n'}
[0.510460] (human_hand_msgs) StdoutLine: {'line': b'-- Up-to-date: /home/duy/cocarry_ws/install/human_hand_msgs/share/ament_index/resource_index/parent_prefix_path/human_hand_msgs\n'}
[0.510509] (human_hand_msgs) StdoutLine: {'line': b'-- Up-to-date: /home/duy/cocarry_ws/install/human_hand_msgs/share/human_hand_msgs/environment/ament_prefix_path.sh\n'}
[0.510567] (human_hand_msgs) StdoutLine: {'line': b'-- Up-to-date: /home/duy/cocarry_ws/install/human_hand_msgs/share/human_hand_msgs/environment/ament_prefix_path.dsv\n'}
[0.510621] (human_hand_msgs) StdoutLine: {'line': b'-- Up-to-date: /home/duy/cocarry_ws/install/human_hand_msgs/share/human_hand_msgs/environment/path.sh\n'}
[0.510676] (human_hand_msgs) StdoutLine: {'line': b'-- Up-to-date: /home/duy/cocarry_ws/install/human_hand_msgs/share/human_hand_msgs/environment/path.dsv\n'}
[0.510772] (human_hand_msgs) StdoutLine: {'line': b'-- Up-to-date: /home/duy/cocarry_ws/install/human_hand_msgs/share/human_hand_msgs/local_setup.bash\n'}
[0.510877] (human_hand_msgs) StdoutLine: {'line': b'-- Up-to-date: /home/duy/cocarry_ws/install/human_hand_msgs/share/human_hand_msgs/local_setup.sh\n'}
[0.510937] (human_hand_msgs) StdoutLine: {'line': b'-- Up-to-date: /home/duy/cocarry_ws/install/human_hand_msgs/share/human_hand_msgs/local_setup.zsh\n'}
[0.510991] (human_hand_msgs) StdoutLine: {'line': b'-- Up-to-date: /home/duy/cocarry_ws/install/human_hand_msgs/share/human_hand_msgs/local_setup.dsv\n'}
[0.511045] (human_hand_msgs) StdoutLine: {'line': b'-- Installing: /home/duy/cocarry_ws/install/human_hand_msgs/share/human_hand_msgs/package.dsv\n'}
[0.511096] (human_hand_msgs) StdoutLine: {'line': b'-- Up-to-date: /home/duy/cocarry_ws/install/human_hand_msgs/share/ament_index/resource_index/packages/human_hand_msgs\n'}
[0.511147] (human_hand_msgs) StdoutLine: {'line': b'-- Up-to-date: /home/duy/cocarry_ws/install/human_hand_msgs/share/human_hand_msgs/cmake/export_human_hand_msgs__rosidl_generator_cExport.cmake\n'}
[0.511198] (human_hand_msgs) StdoutLine: {'line': b'-- Up-to-date: /home/duy/cocarry_ws/install/human_hand_msgs/share/human_hand_msgs/cmake/export_human_hand_msgs__rosidl_generator_cExport-noconfig.cmake\n'}
[0.511361] (human_hand_msgs) StdoutLine: {'line': b'-- Up-to-date: /home/duy/cocarry_ws/install/human_hand_msgs/share/human_hand_msgs/cmake/export_human_hand_msgs__rosidl_typesupport_fastrtps_cExport.cmake\n'}
[0.511450] (human_hand_msgs) StdoutLine: {'line': b'-- Up-to-date: /home/duy/cocarry_ws/install/human_hand_msgs/share/human_hand_msgs/cmake/export_human_hand_msgs__rosidl_typesupport_fastrtps_cExport-noconfig.cmake\n'}
[0.511503] (human_hand_msgs) StdoutLine: {'line': b'-- Up-to-date: /home/duy/cocarry_ws/install/human_hand_msgs/share/human_hand_msgs/cmake/human_hand_msgs__rosidl_typesupport_introspection_cExport.cmake\n'}
[0.511553] (human_hand_msgs) StdoutLine: {'line': b'-- Up-to-date: /home/duy/cocarry_ws/install/human_hand_msgs/share/human_hand_msgs/cmake/human_hand_msgs__rosidl_typesupport_introspection_cExport-noconfig.cmake\n'}
[0.511603] (human_hand_msgs) StdoutLine: {'line': b'-- Up-to-date: /home/duy/cocarry_ws/install/human_hand_msgs/share/human_hand_msgs/cmake/human_hand_msgs__rosidl_typesupport_cExport.cmake\n'}
[0.512156] (human_hand_msgs) StdoutLine: {'line': b'-- Up-to-date: /home/duy/cocarry_ws/install/human_hand_msgs/share/human_hand_msgs/cmake/human_hand_msgs__rosidl_typesupport_cExport-noconfig.cmake\n'}
[0.512246] (human_hand_msgs) StdoutLine: {'line': b'-- Up-to-date: /home/duy/cocarry_ws/install/human_hand_msgs/share/human_hand_msgs/cmake/export_human_hand_msgs__rosidl_generator_cppExport.cmake\n'}
[0.512335] (human_hand_msgs) StdoutLine: {'line': b'-- Up-to-date: /home/duy/cocarry_ws/install/human_hand_msgs/share/human_hand_msgs/cmake/export_human_hand_msgs__rosidl_typesupport_fastrtps_cppExport.cmake\n'}
[0.512391] (human_hand_msgs) StdoutLine: {'line': b'-- Up-to-date: /home/duy/cocarry_ws/install/human_hand_msgs/share/human_hand_msgs/cmake/export_human_hand_msgs__rosidl_typesupport_fastrtps_cppExport-noconfig.cmake\n'}
[0.512444] (human_hand_msgs) StdoutLine: {'line': b'-- Up-to-date: /home/duy/cocarry_ws/install/human_hand_msgs/share/human_hand_msgs/cmake/human_hand_msgs__rosidl_typesupport_introspection_cppExport.cmake\n'}
[0.512495] (human_hand_msgs) StdoutLine: {'line': b'-- Up-to-date: /home/duy/cocarry_ws/install/human_hand_msgs/share/human_hand_msgs/cmake/human_hand_msgs__rosidl_typesupport_introspection_cppExport-noconfig.cmake\n'}
[0.512570] (human_hand_msgs) StdoutLine: {'line': b'-- Up-to-date: /home/duy/cocarry_ws/install/human_hand_msgs/share/human_hand_msgs/cmake/human_hand_msgs__rosidl_typesupport_cppExport.cmake\n'}
[0.512628] (human_hand_msgs) StdoutLine: {'line': b'-- Up-to-date: /home/duy/cocarry_ws/install/human_hand_msgs/share/human_hand_msgs/cmake/human_hand_msgs__rosidl_typesupport_cppExport-noconfig.cmake\n'}
[0.512680] (human_hand_msgs) StdoutLine: {'line': b'-- Up-to-date: /home/duy/cocarry_ws/install/human_hand_msgs/share/human_hand_msgs/cmake/export_human_hand_msgs__rosidl_generator_pyExport.cmake\n'}
[0.512758] (human_hand_msgs) StdoutLine: {'line': b'-- Up-to-date: /home/duy/cocarry_ws/install/human_hand_msgs/share/human_hand_msgs/cmake/export_human_hand_msgs__rosidl_generator_pyExport-noconfig.cmake\n'}
[0.512820] (human_hand_msgs) StdoutLine: {'line': b'-- Up-to-date: /home/duy/cocarry_ws/install/human_hand_msgs/share/human_hand_msgs/cmake/rosidl_cmake-extras.cmake\n'}
[0.512871] (human_hand_msgs) StdoutLine: {'line': b'-- Up-to-date: /home/duy/cocarry_ws/install/human_hand_msgs/share/human_hand_msgs/cmake/ament_cmake_export_dependencies-extras.cmake\n'}
[0.512921] (human_hand_msgs) StdoutLine: {'line': b'-- Up-to-date: /home/duy/cocarry_ws/install/human_hand_msgs/share/human_hand_msgs/cmake/ament_cmake_export_include_directories-extras.cmake\n'}
[0.512971] (human_hand_msgs) StdoutLine: {'line': b'-- Up-to-date: /home/duy/cocarry_ws/install/human_hand_msgs/share/human_hand_msgs/cmake/ament_cmake_export_libraries-extras.cmake\n'}
[0.513020] (human_hand_msgs) StdoutLine: {'line': b'-- Up-to-date: /home/duy/cocarry_ws/install/human_hand_msgs/share/human_hand_msgs/cmake/ament_cmake_export_targets-extras.cmake\n'}
[0.513070] (human_hand_msgs) StdoutLine: {'line': b'-- Up-to-date: /home/duy/cocarry_ws/install/human_hand_msgs/share/human_hand_msgs/cmake/rosidl_cmake_export_typesupport_targets-extras.cmake\n'}
[0.513151] (human_hand_msgs) StdoutLine: {'line': b'-- Up-to-date: /home/duy/cocarry_ws/install/human_hand_msgs/share/human_hand_msgs/cmake/rosidl_cmake_export_typesupport_libraries-extras.cmake\n'}
[0.513204] (human_hand_msgs) StdoutLine: {'line': b'-- Up-to-date: /home/duy/cocarry_ws/install/human_hand_msgs/share/human_hand_msgs/cmake/human_hand_msgsConfig.cmake\n'}
[0.513251] (human_hand_msgs) StdoutLine: {'line': b'-- Up-to-date: /home/duy/cocarry_ws/install/human_hand_msgs/share/human_hand_msgs/cmake/human_hand_msgsConfig-version.cmake\n'}
[0.513300] (human_hand_msgs) StdoutLine: {'line': b'-- Up-to-date: /home/duy/cocarry_ws/install/human_hand_msgs/share/human_hand_msgs/package.xml\n'}
[0.517349] (trac_ik) StdoutLine: {'line': b'-- Up-to-date symlink: /home/duy/cocarry_ws/install/trac_ik/share/ament_index/resource_index/packages/trac_ik\n'}
[0.517455] (trac_ik) StdoutLine: {'line': b'-- Up-to-date symlink: /home/duy/cocarry_ws/install/trac_ik/share/trac_ik/cmake/trac_ikConfig.cmake\n'}
[0.517499] (trac_ik) StdoutLine: {'line': b'-- Up-to-date symlink: /home/duy/cocarry_ws/install/trac_ik/share/trac_ik/cmake/trac_ikConfig-version.cmake\n'}
[0.519406] (trac_ik) StdoutLine: {'line': b'-- Up-to-date symlink: /home/duy/cocarry_ws/install/trac_ik/share/trac_ik/package.xml\n'}
[0.534509] (kinect2_calibration) JobEnded: {'identifier': 'kinect2_calibration', 'rc': 0}
[0.536588] (hc10dtp_bringup) CommandEnded: {'returncode': 0}
[0.537679] (motoros2_interfaces) StdoutLine: {'line': b'[100%] Built target ament_cmake_python_build_motoros2_interfaces_egg\n'}
[0.539702] (industrial_msgs) StdoutLine: {'line': b'[100%] Built target ament_cmake_python_build_industrial_msgs_egg\n'}
[0.556140] (hc10dtp_bringup) JobEnded: {'identifier': 'hc10dtp_bringup', 'rc': 0}
[0.556688] (human_hand_msgs) CommandEnded: {'returncode': 0}
[0.573609] (human_hand_msgs) JobEnded: {'identifier': 'human_hand_msgs', 'rc': 0}
[0.574721] (trac_ik) CommandEnded: {'returncode': 0}
[0.583921] (trac_ik) JobEnded: {'identifier': 'trac_ik', 'rc': 0}
[0.585194] (coord_transform) JobStarted: {'identifier': 'coord_transform'}
[0.586874] (experiment_logger) JobStarted: {'identifier': 'experiment_logger'}
[0.588958] (predictor_ui) JobStarted: {'identifier': 'predictor_ui'}
[0.591101] (realsense_tracker) JobStarted: {'identifier': 'realsense_tracker'}
[0.593287] (trajectory_predictor) JobStarted: {'identifier': 'trajectory_predictor'}
[0.596419] (motoros2_interfaces) CommandEnded: {'returncode': 0}
[0.597025] (motoros2_interfaces) JobProgress: {'identifier': 'motoros2_interfaces', 'progress': 'install'}
[0.597243] (motoros2_interfaces) Command: {'cmd': ['/usr/bin/cmake', '--install', '/home/duy/cocarry_ws/build/motoros2_interfaces'], 'cwd': '/home/duy/cocarry_ws/build/motoros2_interfaces', 'env': OrderedDict([('USER', 'duy'), ('SHLVL', '0'), ('HOME', '/home/duy'), ('_', '/usr/bin/colcon'), ('TERM', 'dumb'), ('PATH', '/home/duy/.local/bin:/home/duy/.nvm/versions/node/v20.20.2/bin:/opt/ros/humble/bin:/home/duy/.local/bin:/usr/local/sbin:/usr/local/bin:/usr/sbin:/usr/bin:/sbin:/bin:/usr/games:/usr/local/games:/snap/bin:/snap/bin:/home/duy/libfreenect2/build/bin'), ('LANG', 'en_US.UTF-8'), ('TMP', '/tmp'), ('SHELL', '/bin/bash'), ('PWD', '/home/duy/cocarry_ws/build/motoros2_interfaces'), ('COLCON', '1')]), 'shell': False}
[0.598766] (industrial_msgs) CommandEnded: {'returncode': 0}
[0.599364] (industrial_msgs) JobProgress: {'identifier': 'industrial_msgs', 'progress': 'install'}
[0.599658] (industrial_msgs) Command: {'cmd': ['/usr/bin/cmake', '--install', '/home/duy/cocarry_ws/build/industrial_msgs'], 'cwd': '/home/duy/cocarry_ws/build/industrial_msgs', 'env': OrderedDict([('USER', 'duy'), ('SHLVL', '0'), ('HOME', '/home/duy'), ('_', '/usr/bin/colcon'), ('TERM', 'dumb'), ('PATH', '/home/duy/.local/bin:/home/duy/.nvm/versions/node/v20.20.2/bin:/opt/ros/humble/bin:/home/duy/.local/bin:/usr/local/sbin:/usr/local/bin:/usr/sbin:/usr/bin:/sbin:/bin:/usr/games:/usr/local/games:/snap/bin:/snap/bin:/home/duy/libfreenect2/build/bin'), ('LANG', 'en_US.UTF-8'), ('TMP', '/tmp'), ('SHELL', '/bin/bash'), ('PWD', '/home/duy/cocarry_ws/build/industrial_msgs'), ('COLCON', '1')]), 'shell': False}
[0.603348] (-) TimerEvent: {}
[0.606795] (industrial_msgs) StdoutLine: {'line': b'-- Install configuration: ""\n'}
[0.607065] (motoros2_interfaces) StdoutLine: {'line': b'-- Install configuration: ""\n'}
[0.607390] (industrial_msgs) StdoutLine: {'line': b'-- Execute custom install script\n'}
[0.607592] (industrial_msgs) StdoutLine: {'line': b'-- Up-to-date symlink: /home/duy/cocarry_ws/install/industrial_msgs/share/ament_index/resource_index/rosidl_interfaces/industrial_msgs\n'}
[0.608072] (industrial_msgs) StdoutLine: {'line': b'-- Up-to-date symlink: /home/duy/cocarry_ws/install/industrial_msgs/include/industrial_msgs/industrial_msgs/msg/debug_level.h\n'}
[0.608121] (industrial_msgs) StdoutLine: {'line': b'-- Up-to-date symlink: /home/duy/cocarry_ws/install/industrial_msgs/include/industrial_msgs/industrial_msgs/msg/detail/debug_level__functions.h\n'}
[0.608196] (industrial_msgs) StdoutLine: {'line': b'-- Up-to-date symlink: /home/duy/cocarry_ws/install/industrial_msgs/include/industrial_msgs/industrial_msgs/msg/detail/debug_level__struct.h\n'}
[0.608240] (industrial_msgs) StdoutLine: {'line': b'-- Up-to-date symlink: /home/duy/cocarry_ws/install/industrial_msgs/include/industrial_msgs/industrial_msgs/msg/detail/debug_level__type_support.h\n'}
[0.608386] (motoros2_interfaces) StdoutLine: {'line': b'-- Execute custom install script\n'}
[0.608453] (industrial_msgs) StdoutLine: {'line': b'-- Up-to-date symlink: /home/duy/cocarry_ws/install/industrial_msgs/include/industrial_msgs/industrial_msgs/msg/detail/device_info__functions.h\n'}
[0.608498] (industrial_msgs) StdoutLine: {'line': b'-- Up-to-date symlink: /home/duy/cocarry_ws/install/industrial_msgs/include/industrial_msgs/industrial_msgs/msg/detail/device_info__struct.h\n'}
[0.608535] (industrial_msgs) StdoutLine: {'line': b'-- Up-to-date symlink: /home/duy/cocarry_ws/install/industrial_msgs/include/industrial_msgs/industrial_msgs/msg/detail/device_info__type_support.h\n'}
[0.608573] (industrial_msgs) StdoutLine: {'line': b'-- Up-to-date symlink: /home/duy/cocarry_ws/install/industrial_msgs/include/industrial_msgs/industrial_msgs/msg/detail/robot_mode__functions.h\n'}
[0.608630] (industrial_msgs) StdoutLine: {'line': b'-- Up-to-date symlink: /home/duy/cocarry_ws/install/industrial_msgs/include/industrial_msgs/industrial_msgs/msg/detail/robot_mode__struct.h\n'}
[0.608679] (industrial_msgs) StdoutLine: {'line': b'-- Up-to-date symlink: /home/duy/cocarry_ws/install/industrial_msgs/include/industrial_msgs/industrial_msgs/msg/detail/robot_mode__type_support.h\n'}
[0.608724] (industrial_msgs) StdoutLine: {'line': b'-- Up-to-date symlink: /home/duy/cocarry_ws/install/industrial_msgs/include/industrial_msgs/industrial_msgs/msg/detail/robot_status__functions.h\n'}
[0.608839] (industrial_msgs) StdoutLine: {'line': b'-- Up-to-date symlink: /home/duy/cocarry_ws/install/industrial_msgs/include/industrial_msgs/industrial_msgs/msg/detail/robot_status__struct.h\n'}
[0.608881] (industrial_msgs) StdoutLine: {'line': b'-- Up-to-date symlink: /home/duy/cocarry_ws/install/industrial_msgs/include/industrial_msgs/industrial_msgs/msg/detail/robot_status__type_support.h\n'}
[0.608937] (motoros2_interfaces) StdoutLine: {'line': b'-- Up-to-date symlink: /home/duy/cocarry_ws/install/motoros2_interfaces/share/ament_index/resource_index/rosidl_interfaces/motoros2_interfaces\n'}
[0.608974] (industrial_msgs) StdoutLine: {'line': b'-- Up-to-date symlink: /home/duy/cocarry_ws/install/industrial_msgs/include/industrial_msgs/industrial_msgs/msg/detail/service_return_code__functions.h\n'}
[0.609012] (industrial_msgs) StdoutLine: {'line': b'-- Up-to-date symlink: /home/duy/cocarry_ws/install/industrial_msgs/include/industrial_msgs/industrial_msgs/msg/detail/service_return_code__struct.h\n'}
[0.609051] (industrial_msgs) StdoutLine: {'line': b'-- Up-to-date symlink: /home/duy/cocarry_ws/install/industrial_msgs/include/industrial_msgs/industrial_msgs/msg/detail/service_return_code__type_support.h\n'}
[0.609104] (industrial_msgs) StdoutLine: {'line': b'-- Up-to-date symlink: /home/duy/cocarry_ws/install/industrial_msgs/include/industrial_msgs/industrial_msgs/msg/detail/tri_state__functions.h\n'}
[0.609142] (industrial_msgs) StdoutLine: {'line': b'-- Up-to-date symlink: /home/duy/cocarry_ws/install/industrial_msgs/include/industrial_msgs/industrial_msgs/msg/detail/tri_state__struct.h\n'}
[0.609195] (industrial_msgs) StdoutLine: {'line': b'-- Up-to-date symlink: /home/duy/cocarry_ws/install/industrial_msgs/include/industrial_msgs/industrial_msgs/msg/detail/tri_state__type_support.h\n'}
[0.609231] (industrial_msgs) StdoutLine: {'line': b'-- Up-to-date symlink: /home/duy/cocarry_ws/install/industrial_msgs/include/industrial_msgs/industrial_msgs/msg/device_info.h\n'}
[0.609286] (industrial_msgs) StdoutLine: {'line': b'-- Up-to-date symlink: /home/duy/cocarry_ws/install/industrial_msgs/include/industrial_msgs/industrial_msgs/msg/robot_mode.h\n'}
[0.609345] (industrial_msgs) StdoutLine: {'line': b'-- Up-to-date symlink: /home/duy/cocarry_ws/install/industrial_msgs/include/industrial_msgs/industrial_msgs/msg/robot_status.h\n'}
[0.609412] (industrial_msgs) StdoutLine: {'line': b'-- Up-to-date symlink: /home/duy/cocarry_ws/install/industrial_msgs/include/industrial_msgs/industrial_msgs/msg/rosidl_generator_c__visibility_control.h\n'}
[0.609469] (industrial_msgs) StdoutLine: {'line': b'-- Up-to-date symlink: /home/duy/cocarry_ws/install/industrial_msgs/include/industrial_msgs/industrial_msgs/msg/service_return_code.h\n'}
[0.609523] (industrial_msgs) StdoutLine: {'line': b'-- Up-to-date symlink: /home/duy/cocarry_ws/install/industrial_msgs/include/industrial_msgs/industrial_msgs/msg/tri_state.h\n'}
[0.609612] (industrial_msgs) StdoutLine: {'line': b'-- Up-to-date symlink: /home/duy/cocarry_ws/install/industrial_msgs/share/industrial_msgs/environment/library_path.sh\n'}
[0.609706] (industrial_msgs) StdoutLine: {'line': b'-- Up-to-date symlink: /home/duy/cocarry_ws/install/industrial_msgs/share/industrial_msgs/environment/library_path.dsv\n'}
[0.609946] (motoros2_interfaces) StdoutLine: {'line': b'-- Up-to-date symlink: /home/duy/cocarry_ws/install/motoros2_interfaces/include/motoros2_interfaces/motoros2_interfaces/msg/alarm_cause_remedy.h\n'}
[0.610079] (motoros2_interfaces) StdoutLine: {'line': b'-- Up-to-date symlink: /home/duy/cocarry_ws/install/motoros2_interfaces/include/motoros2_interfaces/motoros2_interfaces/msg/alarm_info.h\n'}
[0.610137] (industrial_msgs) StdoutLine: {'line': b'-- Up-to-date symlink: /home/duy/cocarry_ws/install/industrial_msgs/include/industrial_msgs/industrial_msgs/msg/detail/debug_level__rosidl_typesupport_fastrtps_c.h\n'}
[0.610186] (industrial_msgs) StdoutLine: {'line': b'-- Up-to-date symlink: /home/duy/cocarry_ws/install/industrial_msgs/include/industrial_msgs/industrial_msgs/msg/detail/device_info__rosidl_typesupport_fastrtps_c.h\n'}
[0.610244] (industrial_msgs) StdoutLine: {'line': b'-- Up-to-date symlink: /home/duy/cocarry_ws/install/industrial_msgs/include/industrial_msgs/industrial_msgs/msg/detail/robot_mode__rosidl_typesupport_fastrtps_c.h\n'}
[0.610320] (motoros2_interfaces) StdoutLine: {'line': b'-- Up-to-date symlink: /home/duy/cocarry_ws/install/motoros2_interfaces/include/motoros2_interfaces/motoros2_interfaces/msg/detail/alarm_cause_remedy__functions.h\n'}
[0.610373] (industrial_msgs) StdoutLine: {'line': b'-- Up-to-date symlink: /home/duy/cocarry_ws/install/industrial_msgs/include/industrial_msgs/industrial_msgs/msg/detail/robot_status__rosidl_typesupport_fastrtps_c.h\n'}
[0.610413] (industrial_msgs) StdoutLine: {'line': b'-- Up-to-date symlink: /home/duy/cocarry_ws/install/industrial_msgs/include/industrial_msgs/industrial_msgs/msg/detail/service_return_code__rosidl_typesupport_fastrtps_c.h\n'}
[0.610490] (motoros2_interfaces) StdoutLine: {'line': b'-- Up-to-date symlink: /home/duy/cocarry_ws/install/motoros2_interfaces/include/motoros2_interfaces/motoros2_interfaces/msg/detail/alarm_cause_remedy__struct.h\n'}
[0.610534] (motoros2_interfaces) StdoutLine: {'line': b'-- Up-to-date symlink: /home/duy/cocarry_ws/install/motoros2_interfaces/include/motoros2_interfaces/motoros2_interfaces/msg/detail/alarm_cause_remedy__type_support.h\n'}
[0.610625] (industrial_msgs) StdoutLine: {'line': b'-- Up-to-date symlink: /home/duy/cocarry_ws/install/industrial_msgs/include/industrial_msgs/industrial_msgs/msg/detail/tri_state__rosidl_typesupport_fastrtps_c.h\n'}
[0.610667] (motoros2_interfaces) StdoutLine: {'line': b'-- Up-to-date symlink: /home/duy/cocarry_ws/install/motoros2_interfaces/include/motoros2_interfaces/motoros2_interfaces/msg/detail/alarm_info__functions.h\n'}
[0.610742] (industrial_msgs) StdoutLine: {'line': b'-- Up-to-date symlink: /home/duy/cocarry_ws/install/industrial_msgs/include/industrial_msgs/industrial_msgs/msg/rosidl_typesupport_fastrtps_c__visibility_control.h\n'}
[0.610883] (motoros2_interfaces) StdoutLine: {'line': b'-- Up-to-date symlink: /home/duy/cocarry_ws/install/motoros2_interfaces/include/motoros2_interfaces/motoros2_interfaces/msg/detail/alarm_info__struct.h\n'}
[0.611053] (industrial_msgs) StdoutLine: {'line': b'-- Up-to-date symlink: /home/duy/cocarry_ws/install/industrial_msgs/include/industrial_msgs/industrial_msgs/msg/detail/debug_level__rosidl_typesupport_introspection_c.h\n'}
[0.611204] (industrial_msgs) StdoutLine: {'line': b'-- Up-to-date symlink: /home/duy/cocarry_ws/install/industrial_msgs/include/industrial_msgs/industrial_msgs/msg/detail/device_info__rosidl_typesupport_introspection_c.h\n'}
[0.611311] (industrial_msgs) StdoutLine: {'line': b'-- Up-to-date symlink: /home/duy/cocarry_ws/install/industrial_msgs/include/industrial_msgs/industrial_msgs/msg/detail/robot_mode__rosidl_typesupport_introspection_c.h\n'}
[0.611470] (motoros2_interfaces) StdoutLine: {'line': b'-- Up-to-date symlink: /home/duy/cocarry_ws/install/motoros2_interfaces/include/motoros2_interfaces/motoros2_interfaces/msg/detail/alarm_info__type_support.h\n'}
[0.611697] (industrial_msgs) StdoutLine: {'line': b'-- Up-to-date symlink: /home/duy/cocarry_ws/install/industrial_msgs/include/industrial_msgs/industrial_msgs/msg/detail/robot_status__rosidl_typesupport_introspection_c.h\n'}
[0.611891] (motoros2_interfaces) StdoutLine: {'line': b'-- Up-to-date symlink: /home/duy/cocarry_ws/install/motoros2_interfaces/include/motoros2_interfaces/motoros2_interfaces/msg/detail/error_info__functions.h\n'}
[0.612043] (motoros2_interfaces) StdoutLine: {'line': b'-- Up-to-date symlink: /home/duy/cocarry_ws/install/motoros2_interfaces/include/motoros2_interfaces/motoros2_interfaces/msg/detail/error_info__struct.h\n'}
[0.612183] (industrial_msgs) StdoutLine: {'line': b'-- Up-to-date symlink: /home/duy/cocarry_ws/install/industrial_msgs/include/industrial_msgs/industrial_msgs/msg/detail/service_return_code__rosidl_typesupport_introspection_c.h\n'}
[0.612336] (motoros2_interfaces) StdoutLine: {'line': b'-- Up-to-date symlink: /home/duy/cocarry_ws/install/motoros2_interfaces/include/motoros2_interfaces/motoros2_interfaces/msg/detail/error_info__type_support.h\n'}
[0.612478] (motoros2_interfaces) StdoutLine: {'line': b'-- Up-to-date symlink: /home/duy/cocarry_ws/install/motoros2_interfaces/include/motoros2_interfaces/motoros2_interfaces/msg/detail/inform_job_crud_result_codes__functions.h\n'}
[0.612601] (industrial_msgs) StdoutLine: {'line': b'-- Up-to-date symlink: /home/duy/cocarry_ws/install/industrial_msgs/include/industrial_msgs/industrial_msgs/msg/detail/tri_state__rosidl_typesupport_introspection_c.h\n'}
[0.612744] (industrial_msgs) StdoutLine: {'line': b'-- Up-to-date symlink: /home/duy/cocarry_ws/install/industrial_msgs/include/industrial_msgs/industrial_msgs/msg/rosidl_typesupport_introspection_c__visibility_control.h\n'}
[0.612920] (motoros2_interfaces) StdoutLine: {'line': b'-- Up-to-date symlink: /home/duy/cocarry_ws/install/motoros2_interfaces/include/motoros2_interfaces/motoros2_interfaces/msg/detail/inform_job_crud_result_codes__struct.h\n'}
[0.613053] (industrial_msgs) StdoutLine: {'line': b'-- Up-to-date symlink: /home/duy/cocarry_ws/install/industrial_msgs/include/industrial_msgs/industrial_msgs/msg/debug_level.hpp\n'}
[0.613167] (industrial_msgs) StdoutLine: {'line': b'-- Up-to-date symlink: /home/duy/cocarry_ws/install/industrial_msgs/include/industrial_msgs/industrial_msgs/msg/detail/debug_level__builder.hpp\n'}
[0.613258] (motoros2_interfaces) StdoutLine: {'line': b'-- Up-to-date symlink: /home/duy/cocarry_ws/install/motoros2_interfaces/include/motoros2_interfaces/motoros2_interfaces/msg/detail/inform_job_crud_result_codes__type_support.h\n'}
[0.613405] (industrial_msgs) StdoutLine: {'line': b'-- Up-to-date symlink: /home/duy/cocarry_ws/install/industrial_msgs/include/industrial_msgs/industrial_msgs/msg/detail/debug_level__struct.hpp\n'}
[0.613508] (industrial_msgs) StdoutLine: {'line': b'-- Up-to-date symlink: /home/duy/cocarry_ws/install/industrial_msgs/include/industrial_msgs/industrial_msgs/msg/detail/debug_level__traits.hpp\n'}
[0.613653] (motoros2_interfaces) StdoutLine: {'line': b'-- Up-to-date symlink: /home/duy/cocarry_ws/install/motoros2_interfaces/include/motoros2_interfaces/motoros2_interfaces/msg/detail/init_traj_enum__functions.h\n'}
[0.613751] (industrial_msgs) StdoutLine: {'line': b'-- Up-to-date symlink: /home/duy/cocarry_ws/install/industrial_msgs/include/industrial_msgs/industrial_msgs/msg/detail/debug_level__type_support.hpp\n'}
[0.613862] (industrial_msgs) StdoutLine: {'line': b'-- Up-to-date symlink: /home/duy/cocarry_ws/install/industrial_msgs/include/industrial_msgs/industrial_msgs/msg/detail/device_info__builder.hpp\n'}
[0.613963] (motoros2_interfaces) StdoutLine: {'line': b'-- Up-to-date symlink: /home/duy/cocarry_ws/install/motoros2_interfaces/include/motoros2_interfaces/motoros2_interfaces/msg/detail/init_traj_enum__struct.h\n'}
[0.614155] (industrial_msgs) StdoutLine: {'line': b'-- Up-to-date symlink: /home/duy/cocarry_ws/install/industrial_msgs/include/industrial_msgs/industrial_msgs/msg/detail/device_info__struct.hpp\n'}
[0.614309] (motoros2_interfaces) StdoutLine: {'line': b'-- Up-to-date symlink: /home/duy/cocarry_ws/install/motoros2_interfaces/include/motoros2_interfaces/motoros2_interfaces/msg/detail/init_traj_enum__type_support.h\n'}
[0.614409] (industrial_msgs) StdoutLine: {'line': b'-- Up-to-date symlink: /home/duy/cocarry_ws/install/industrial_msgs/include/industrial_msgs/industrial_msgs/msg/detail/device_info__traits.hpp\n'}
[0.614576] (industrial_msgs) StdoutLine: {'line': b'-- Up-to-date symlink: /home/duy/cocarry_ws/install/industrial_msgs/include/industrial_msgs/industrial_msgs/msg/detail/device_info__type_support.hpp\n'}
[0.614681] (motoros2_interfaces) StdoutLine: {'line': b'-- Up-to-date symlink: /home/duy/cocarry_ws/install/motoros2_interfaces/include/motoros2_interfaces/motoros2_interfaces/msg/detail/io_result_codes__functions.h\n'}
[0.614799] (industrial_msgs) StdoutLine: {'line': b'-- Up-to-date symlink: /home/duy/cocarry_ws/install/industrial_msgs/include/industrial_msgs/industrial_msgs/msg/detail/robot_mode__builder.hpp\n'}
[0.614950] (industrial_msgs) StdoutLine: {'line': b'-- Up-to-date symlink: /home/duy/cocarry_ws/install/industrial_msgs/include/industrial_msgs/industrial_msgs/msg/detail/robot_mode__struct.hpp\n'}
[0.615059] (industrial_msgs) StdoutLine: {'line': b'-- Up-to-date symlink: /home/duy/cocarry_ws/install/industrial_msgs/include/industrial_msgs/industrial_msgs/msg/detail/robot_mode__traits.hpp\n'}
[0.615212] (motoros2_interfaces) StdoutLine: {'line': b'-- Up-to-date symlink: /home/duy/cocarry_ws/install/motoros2_interfaces/include/motoros2_interfaces/motoros2_interfaces/msg/detail/io_result_codes__struct.h\n'}
[0.615342] (industrial_msgs) StdoutLine: {'line': b'-- Up-to-date symlink: /home/duy/cocarry_ws/install/industrial_msgs/include/industrial_msgs/industrial_msgs/msg/detail/robot_mode__type_support.hpp\n'}
[0.615460] (industrial_msgs) StdoutLine: {'line': b'-- Up-to-date symlink: /home/duy/cocarry_ws/install/industrial_msgs/include/industrial_msgs/industrial_msgs/msg/detail/robot_status__builder.hpp\n'}
[0.615557] (motoros2_interfaces) StdoutLine: {'line': b'-- Up-to-date symlink: /home/duy/cocarry_ws/install/motoros2_interfaces/include/motoros2_interfaces/motoros2_interfaces/msg/detail/io_result_codes__type_support.h\n'}
[0.615752] (industrial_msgs) StdoutLine: {'line': b'-- Up-to-date symlink: /home/duy/cocarry_ws/install/industrial_msgs/include/industrial_msgs/industrial_msgs/msg/detail/robot_status__struct.hpp\n'}
[0.615946] (motoros2_interfaces) StdoutLine: {'line': b'-- Up-to-date symlink: /home/duy/cocarry_ws/install/motoros2_interfaces/include/motoros2_interfaces/motoros2_interfaces/msg/detail/motion_ready_enum__functions.h\n'}
[0.616063] (industrial_msgs) StdoutLine: {'line': b'-- Up-to-date symlink: /home/duy/cocarry_ws/install/industrial_msgs/include/industrial_msgs/industrial_msgs/msg/detail/robot_status__traits.hpp\n'}
[0.616141] (industrial_msgs) StdoutLine: {'line': b'-- Up-to-date symlink: /home/duy/cocarry_ws/install/industrial_msgs/include/industrial_msgs/industrial_msgs/msg/detail/robot_status__type_support.hpp\n'}
[0.616217] (motoros2_interfaces) StdoutLine: {'line': b'-- Up-to-date symlink: /home/duy/cocarry_ws/install/motoros2_interfaces/include/motoros2_interfaces/motoros2_interfaces/msg/detail/motion_ready_enum__struct.h\n'}
[0.616287] (industrial_msgs) StdoutLine: {'line': b'-- Up-to-date symlink: /home/duy/cocarry_ws/install/industrial_msgs/include/industrial_msgs/industrial_msgs/msg/detail/service_return_code__builder.hpp\n'}
[0.616354] (industrial_msgs) StdoutLine: {'line': b'-- Up-to-date symlink: /home/duy/cocarry_ws/install/industrial_msgs/include/industrial_msgs/industrial_msgs/msg/detail/service_return_code__struct.hpp\n'}
[0.616424] (industrial_msgs) StdoutLine: {'line': b'-- Up-to-date symlink: /home/duy/cocarry_ws/install/industrial_msgs/include/industrial_msgs/industrial_msgs/msg/detail/service_return_code__traits.hpp\n'}
[0.616494] (motoros2_interfaces) StdoutLine: {'line': b'-- Up-to-date symlink: /home/duy/cocarry_ws/install/motoros2_interfaces/include/motoros2_interfaces/motoros2_interfaces/msg/detail/motion_ready_enum__type_support.h\n'}
[0.616565] (industrial_msgs) StdoutLine: {'line': b'-- Up-to-date symlink: /home/duy/cocarry_ws/install/industrial_msgs/include/industrial_msgs/industrial_msgs/msg/detail/service_return_code__type_support.hpp\n'}
[0.616632] (industrial_msgs) StdoutLine: {'line': b'-- Up-to-date symlink: /home/duy/cocarry_ws/install/industrial_msgs/include/industrial_msgs/industrial_msgs/msg/detail/tri_state__builder.hpp\n'}
[0.616700] (motoros2_interfaces) StdoutLine: {'line': b'-- Up-to-date symlink: /home/duy/cocarry_ws/install/motoros2_interfaces/include/motoros2_interfaces/motoros2_interfaces/msg/detail/queue_result_enum__functions.h\n'}
[0.616780] (industrial_msgs) StdoutLine: {'line': b'-- Up-to-date symlink: /home/duy/cocarry_ws/install/industrial_msgs/include/industrial_msgs/industrial_msgs/msg/detail/tri_state__struct.hpp\n'}
[0.616921] (motoros2_interfaces) StdoutLine: {'line': b'-- Up-to-date symlink: /home/duy/cocarry_ws/install/motoros2_interfaces/include/motoros2_interfaces/motoros2_interfaces/msg/detail/queue_result_enum__struct.h\n'}
[0.616995] (motoros2_interfaces) StdoutLine: {'line': b'-- Up-to-date symlink: /home/duy/cocarry_ws/install/motoros2_interfaces/include/motoros2_interfaces/motoros2_interfaces/msg/detail/queue_result_enum__type_support.h\n'}
[0.617069] (industrial_msgs) StdoutLine: {'line': b'-- Up-to-date symlink: /home/duy/cocarry_ws/install/industrial_msgs/include/industrial_msgs/industrial_msgs/msg/detail/tri_state__traits.hpp\n'}
[0.617223] (industrial_msgs) StdoutLine: {'line': b'-- Up-to-date symlink: /home/duy/cocarry_ws/install/industrial_msgs/include/industrial_msgs/industrial_msgs/msg/detail/tri_state__type_support.hpp\n'}
[0.617298] (industrial_msgs) StdoutLine: {'line': b'-- Up-to-date symlink: /home/duy/cocarry_ws/install/industrial_msgs/include/industrial_msgs/industrial_msgs/msg/device_info.hpp\n'}
[0.617372] (industrial_msgs) StdoutLine: {'line': b'-- Up-to-date symlink: /home/duy/cocarry_ws/install/industrial_msgs/include/industrial_msgs/industrial_msgs/msg/robot_mode.hpp\n'}
[0.617444] (motoros2_interfaces) StdoutLine: {'line': b'-- Up-to-date symlink: /home/duy/cocarry_ws/install/motoros2_interfaces/include/motoros2_interfaces/motoros2_interfaces/msg/detail/selection_result_codes__functions.h\n'}
[0.617550] (motoros2_interfaces) StdoutLine: {'line': b'-- Up-to-date symlink: /home/duy/cocarry_ws/install/motoros2_interfaces/include/motoros2_interfaces/motoros2_interfaces/msg/detail/selection_result_codes__struct.h\n'}
[0.617624] (industrial_msgs) StdoutLine: {'line': b'-- Up-to-date symlink: /home/duy/cocarry_ws/install/industrial_msgs/include/industrial_msgs/industrial_msgs/msg/robot_status.hpp\n'}
[0.617698] (industrial_msgs) StdoutLine: {'line': b'-- Up-to-date symlink: /home/duy/cocarry_ws/install/industrial_msgs/include/industrial_msgs/industrial_msgs/msg/rosidl_generator_cpp__visibility_control.hpp\n'}
[0.617842] (industrial_msgs) StdoutLine: {'line': b'-- Up-to-date symlink: /home/duy/cocarry_ws/install/industrial_msgs/include/industrial_msgs/industrial_msgs/msg/service_return_code.hpp\n'}
[0.617890] (industrial_msgs) StdoutLine: {'line': b'-- Up-to-date symlink: /home/duy/cocarry_ws/install/industrial_msgs/include/industrial_msgs/industrial_msgs/msg/tri_state.hpp\n'}
[0.617932] (motoros2_interfaces) StdoutLine: {'line': b'-- Up-to-date symlink: /home/duy/cocarry_ws/install/motoros2_interfaces/include/motoros2_interfaces/motoros2_interfaces/msg/detail/selection_result_codes__type_support.h\n'}
[0.617978] (motoros2_interfaces) StdoutLine: {'line': b'-- Up-to-date symlink: /home/duy/cocarry_ws/install/motoros2_interfaces/include/motoros2_interfaces/motoros2_interfaces/msg/error_info.h\n'}
[0.618019] (motoros2_interfaces) StdoutLine: {'line': b'-- Up-to-date symlink: /home/duy/cocarry_ws/install/motoros2_interfaces/include/motoros2_interfaces/motoros2_interfaces/msg/inform_job_crud_result_codes.h\n'}
[0.618059] (industrial_msgs) StdoutLine: {'line': b'-- Up-to-date symlink: /home/duy/cocarry_ws/install/industrial_msgs/include/industrial_msgs/industrial_msgs/msg/detail/debug_level__rosidl_typesupport_fastrtps_cpp.hpp\n'}
[0.618100] (motoros2_interfaces) StdoutLine: {'line': b'-- Up-to-date symlink: /home/duy/cocarry_ws/install/motoros2_interfaces/include/motoros2_interfaces/motoros2_interfaces/msg/init_traj_enum.h\n'}
[0.618140] (industrial_msgs) StdoutLine: {'line': b'-- Up-to-date symlink: /home/duy/cocarry_ws/install/industrial_msgs/include/industrial_msgs/industrial_msgs/msg/detail/device_info__rosidl_typesupport_fastrtps_cpp.hpp\n'}
[0.618219] (industrial_msgs) StdoutLine: {'line': b'-- Up-to-date symlink: /home/duy/cocarry_ws/install/industrial_msgs/include/industrial_msgs/industrial_msgs/msg/detail/robot_mode__rosidl_typesupport_fastrtps_cpp.hpp\n'}
[0.618261] (industrial_msgs) StdoutLine: {'line': b'-- Up-to-date symlink: /home/duy/cocarry_ws/install/industrial_msgs/include/industrial_msgs/industrial_msgs/msg/detail/robot_status__rosidl_typesupport_fastrtps_cpp.hpp\n'}
[0.618303] (motoros2_interfaces) StdoutLine: {'line': b'-- Up-to-date symlink: /home/duy/cocarry_ws/install/motoros2_interfaces/include/motoros2_interfaces/motoros2_interfaces/msg/io_result_codes.h\n'}
[0.618343] (motoros2_interfaces) StdoutLine: {'line': b'-- Up-to-date symlink: /home/duy/cocarry_ws/install/motoros2_interfaces/include/motoros2_interfaces/motoros2_interfaces/msg/motion_ready_enum.h\n'}
[0.618382] (industrial_msgs) StdoutLine: {'line': b'-- Up-to-date symlink: /home/duy/cocarry_ws/install/industrial_msgs/include/industrial_msgs/industrial_msgs/msg/detail/service_return_code__rosidl_typesupport_fastrtps_cpp.hpp\n'}
[0.618423] (industrial_msgs) StdoutLine: {'line': b'-- Up-to-date symlink: /home/duy/cocarry_ws/install/industrial_msgs/include/industrial_msgs/industrial_msgs/msg/detail/tri_state__rosidl_typesupport_fastrtps_cpp.hpp\n'}
[0.618465] (industrial_msgs) StdoutLine: {'line': b'-- Up-to-date symlink: /home/duy/cocarry_ws/install/industrial_msgs/include/industrial_msgs/industrial_msgs/msg/rosidl_typesupport_fastrtps_cpp__visibility_control.h\n'}
[0.618514] (motoros2_interfaces) StdoutLine: {'line': b'-- Up-to-date symlink: /home/duy/cocarry_ws/install/motoros2_interfaces/include/motoros2_interfaces/motoros2_interfaces/msg/queue_result_enum.h\n'}
[0.618616] (motoros2_interfaces) StdoutLine: {'line': b'-- Up-to-date symlink: /home/duy/cocarry_ws/install/motoros2_interfaces/include/motoros2_interfaces/motoros2_interfaces/msg/rosidl_generator_c__visibility_control.h\n'}
[0.618698] (motoros2_interfaces) StdoutLine: {'line': b'-- Up-to-date symlink: /home/duy/cocarry_ws/install/motoros2_interfaces/include/motoros2_interfaces/motoros2_interfaces/msg/selection_result_codes.h\n'}
[0.618811] (industrial_msgs) StdoutLine: {'line': b'-- Up-to-date symlink: /home/duy/cocarry_ws/install/industrial_msgs/include/industrial_msgs/industrial_msgs/msg/detail/debug_level__rosidl_typesupport_introspection_cpp.hpp\n'}
[0.618875] (motoros2_interfaces) StdoutLine: {'line': b'-- Up-to-date symlink: /home/duy/cocarry_ws/install/motoros2_interfaces/include/motoros2_interfaces/motoros2_interfaces/srv/detail/get_active_alarm_info__functions.h\n'}
[0.618930] (industrial_msgs) StdoutLine: {'line': b'-- Up-to-date symlink: /home/duy/cocarry_ws/install/industrial_msgs/include/industrial_msgs/industrial_msgs/msg/detail/device_info__rosidl_typesupport_introspection_cpp.hpp\n'}
[0.618972] (industrial_msgs) StdoutLine: {'line': b'-- Up-to-date symlink: /home/duy/cocarry_ws/install/industrial_msgs/include/industrial_msgs/industrial_msgs/msg/detail/robot_mode__rosidl_typesupport_introspection_cpp.hpp\n'}
[0.619015] (motoros2_interfaces) StdoutLine: {'line': b'-- Up-to-date symlink: /home/duy/cocarry_ws/install/motoros2_interfaces/include/motoros2_interfaces/motoros2_interfaces/srv/detail/get_active_alarm_info__struct.h\n'}
[0.619063] (industrial_msgs) StdoutLine: {'line': b'-- Up-to-date symlink: /home/duy/cocarry_ws/install/industrial_msgs/include/industrial_msgs/industrial_msgs/msg/detail/robot_status__rosidl_typesupport_introspection_cpp.hpp\n'}
[0.619103] (industrial_msgs) StdoutLine: {'line': b'-- Up-to-date symlink: /home/duy/cocarry_ws/install/industrial_msgs/include/industrial_msgs/industrial_msgs/msg/detail/service_return_code__rosidl_typesupport_introspection_cpp.hpp\n'}
[0.619141] (motoros2_interfaces) StdoutLine: {'line': b'-- Up-to-date symlink: /home/duy/cocarry_ws/install/motoros2_interfaces/include/motoros2_interfaces/motoros2_interfaces/srv/detail/get_active_alarm_info__type_support.h\n'}
[0.619179] (industrial_msgs) StdoutLine: {'line': b'-- Up-to-date symlink: /home/duy/cocarry_ws/install/industrial_msgs/include/industrial_msgs/industrial_msgs/msg/detail/tri_state__rosidl_typesupport_introspection_cpp.hpp\n'}
[0.619217] (industrial_msgs) StdoutLine: {'line': b'-- Up-to-date symlink: /home/duy/cocarry_ws/install/industrial_msgs/share/industrial_msgs/environment/pythonpath.sh\n'}
[0.619255] (motoros2_interfaces) StdoutLine: {'line': b'-- Up-to-date symlink: /home/duy/cocarry_ws/install/motoros2_interfaces/include/motoros2_interfaces/motoros2_interfaces/srv/detail/list_inform_jobs__functions.h\n'}
[0.619299] (industrial_msgs) StdoutLine: {'line': b'-- Up-to-date symlink: /home/duy/cocarry_ws/install/industrial_msgs/share/industrial_msgs/environment/pythonpath.dsv\n'}
[0.619337] (motoros2_interfaces) StdoutLine: {'line': b'-- Up-to-date symlink: /home/duy/cocarry_ws/install/motoros2_interfaces/include/motoros2_interfaces/motoros2_interfaces/srv/detail/list_inform_jobs__struct.h\n'}
[0.619412] (motoros2_interfaces) StdoutLine: {'line': b'-- Up-to-date symlink: /home/duy/cocarry_ws/install/motoros2_interfaces/include/motoros2_interfaces/motoros2_interfaces/srv/detail/list_inform_jobs__type_support.h\n'}
[0.619451] (industrial_msgs) StdoutLine: {'line': b'-- Up-to-date symlink: /home/duy/cocarry_ws/install/industrial_msgs/local/lib/python3.10/dist-packages/industrial_msgs-0.7.3-py3.10.egg-info/PKG-INFO\n'}
[0.619489] (industrial_msgs) StdoutLine: {'line': b'-- Up-to-date symlink: /home/duy/cocarry_ws/install/industrial_msgs/local/lib/python3.10/dist-packages/industrial_msgs-0.7.3-py3.10.egg-info/SOURCES.txt\n'}
[0.619526] (motoros2_interfaces) StdoutLine: {'line': b'-- Up-to-date symlink: /home/duy/cocarry_ws/install/motoros2_interfaces/include/motoros2_interfaces/motoros2_interfaces/srv/detail/queue_traj_point__functions.h\n'}
[0.619565] (motoros2_interfaces) StdoutLine: {'line': b'-- Up-to-date symlink: /home/duy/cocarry_ws/install/motoros2_interfaces/include/motoros2_interfaces/motoros2_interfaces/srv/detail/queue_traj_point__struct.h\n'}
[0.619604] (industrial_msgs) StdoutLine: {'line': b'-- Up-to-date symlink: /home/duy/cocarry_ws/install/industrial_msgs/local/lib/python3.10/dist-packages/industrial_msgs-0.7.3-py3.10.egg-info/dependency_links.txt\n'}
[0.619643] (industrial_msgs) StdoutLine: {'line': b'-- Up-to-date symlink: /home/duy/cocarry_ws/install/industrial_msgs/local/lib/python3.10/dist-packages/industrial_msgs-0.7.3-py3.10.egg-info/top_level.txt\n'}
[0.619681] (motoros2_interfaces) StdoutLine: {'line': b'-- Up-to-date symlink: /home/duy/cocarry_ws/install/motoros2_interfaces/include/motoros2_interfaces/motoros2_interfaces/srv/detail/queue_traj_point__type_support.h\n'}
[0.619724] (motoros2_interfaces) StdoutLine: {'line': b'-- Up-to-date symlink: /home/duy/cocarry_ws/install/motoros2_interfaces/include/motoros2_interfaces/motoros2_interfaces/srv/detail/read_group_io__functions.h\n'}
[0.619767] (motoros2_interfaces) StdoutLine: {'line': b'-- Up-to-date symlink: /home/duy/cocarry_ws/install/motoros2_interfaces/include/motoros2_interfaces/motoros2_interfaces/srv/detail/read_group_io__struct.h\n'}
[0.619806] (motoros2_interfaces) StdoutLine: {'line': b'-- Up-to-date symlink: /home/duy/cocarry_ws/install/motoros2_interfaces/include/motoros2_interfaces/motoros2_interfaces/srv/detail/read_group_io__type_support.h\n'}
[0.619844] (motoros2_interfaces) StdoutLine: {'line': b'-- Up-to-date symlink: /home/duy/cocarry_ws/install/motoros2_interfaces/include/motoros2_interfaces/motoros2_interfaces/srv/detail/read_m_register__functions.h\n'}
[0.619882] (motoros2_interfaces) StdoutLine: {'line': b'-- Up-to-date symlink: /home/duy/cocarry_ws/install/motoros2_interfaces/include/motoros2_interfaces/motoros2_interfaces/srv/detail/read_m_register__struct.h\n'}
[0.619921] (motoros2_interfaces) StdoutLine: {'line': b'-- Up-to-date symlink: /home/duy/cocarry_ws/install/motoros2_interfaces/include/motoros2_interfaces/motoros2_interfaces/srv/detail/read_m_register__type_support.h\n'}
[0.619958] (motoros2_interfaces) StdoutLine: {'line': b'-- Up-to-date symlink: /home/duy/cocarry_ws/install/motoros2_interfaces/include/motoros2_interfaces/motoros2_interfaces/srv/detail/read_single_io__functions.h\n'}
[0.620058] (motoros2_interfaces) StdoutLine: {'line': b'-- Up-to-date symlink: /home/duy/cocarry_ws/install/motoros2_interfaces/include/motoros2_interfaces/motoros2_interfaces/srv/detail/read_single_io__struct.h\n'}
[0.620098] (industrial_msgs) StdoutLine: {'line': b'-- Up-to-date symlink: /home/duy/cocarry_ws/install/industrial_msgs/local/lib/python3.10/dist-packages/industrial_msgs/__init__.py\n'}
[0.620164] (industrial_msgs) StdoutLine: {'line': b'-- Up-to-date symlink: /home/duy/cocarry_ws/install/industrial_msgs/local/lib/python3.10/dist-packages/industrial_msgs/_industrial_msgs_s.ep.rosidl_typesupport_c.c\n'}
[0.620204] (industrial_msgs) StdoutLine: {'line': b'-- Up-to-date symlink: /home/duy/cocarry_ws/install/industrial_msgs/local/lib/python3.10/dist-packages/industrial_msgs/_industrial_msgs_s.ep.rosidl_typesupport_fastrtps_c.c\n'}
[0.620242] (motoros2_interfaces) StdoutLine: {'line': b'-- Up-to-date symlink: /home/duy/cocarry_ws/install/motoros2_interfaces/include/motoros2_interfaces/motoros2_interfaces/srv/detail/read_single_io__type_support.h\n'}
[0.620280] (industrial_msgs) StdoutLine: {'line': b'-- Up-to-date symlink: /home/duy/cocarry_ws/install/industrial_msgs/local/lib/python3.10/dist-packages/industrial_msgs/_industrial_msgs_s.ep.rosidl_typesupport_introspection_c.c\n'}
[0.620319] (industrial_msgs) StdoutLine: {'line': b'-- Up-to-date symlink: /home/duy/cocarry_ws/install/industrial_msgs/local/lib/python3.10/dist-packages/industrial_msgs/industrial_msgs_s__rosidl_typesupport_c.cpython-310-x86_64-linux-gnu.so\n'}
[0.620375] (industrial_msgs) StdoutLine: {'line': b'-- Up-to-date symlink: /home/duy/cocarry_ws/install/industrial_msgs/local/lib/python3.10/dist-packages/industrial_msgs/industrial_msgs_s__rosidl_typesupport_fastrtps_c.cpython-310-x86_64-linux-gnu.so\n'}
[0.620414] (motoros2_interfaces) StdoutLine: {'line': b'-- Up-to-date symlink: /home/duy/cocarry_ws/install/motoros2_interfaces/include/motoros2_interfaces/motoros2_interfaces/srv/detail/reset_error__functions.h\n'}
[0.620453] (motoros2_interfaces) StdoutLine: {'line': b'-- Up-to-date symlink: /home/duy/cocarry_ws/install/motoros2_interfaces/include/motoros2_interfaces/motoros2_interfaces/srv/detail/reset_error__struct.h\n'}
[0.620491] (motoros2_interfaces) StdoutLine: {'line': b'-- Up-to-date symlink: /home/duy/cocarry_ws/install/motoros2_interfaces/include/motoros2_interfaces/motoros2_interfaces/srv/detail/reset_error__type_support.h\n'}
[0.620528] (motoros2_interfaces) StdoutLine: {'line': b'-- Up-to-date symlink: /home/duy/cocarry_ws/install/motoros2_interfaces/include/motoros2_interfaces/motoros2_interfaces/srv/detail/select_motion_tool__functions.h\n'}
[0.620564] (motoros2_interfaces) StdoutLine: {'line': b'-- Up-to-date symlink: /home/duy/cocarry_ws/install/motoros2_interfaces/include/motoros2_interfaces/motoros2_interfaces/srv/detail/select_motion_tool__struct.h\n'}
[0.620640] (industrial_msgs) StdoutLine: {'line': b'-- Up-to-date symlink: /home/duy/cocarry_ws/install/industrial_msgs/local/lib/python3.10/dist-packages/industrial_msgs/industrial_msgs_s__rosidl_typesupport_introspection_c.cpython-310-x86_64-linux-gnu.so\n'}
[0.620733] (industrial_msgs) StdoutLine: {'line': b'-- Up-to-date symlink: /home/duy/cocarry_ws/install/industrial_msgs/local/lib/python3.10/dist-packages/industrial_msgs/libindustrial_msgs__rosidl_generator_py.so\n'}
[0.620771] (industrial_msgs) StdoutLine: {'line': b'-- Up-to-date symlink: /home/duy/cocarry_ws/install/industrial_msgs/local/lib/python3.10/dist-packages/industrial_msgs/msg/__init__.py\n'}
[0.620808] (industrial_msgs) StdoutLine: {'line': b'-- Up-to-date symlink: /home/duy/cocarry_ws/install/industrial_msgs/local/lib/python3.10/dist-packages/industrial_msgs/msg/_debug_level.py\n'}
[0.620845] (industrial_msgs) StdoutLine: {'line': b'-- Up-to-date symlink: /home/duy/cocarry_ws/install/industrial_msgs/local/lib/python3.10/dist-packages/industrial_msgs/msg/_debug_level_s.c\n'}
[0.620883] (motoros2_interfaces) StdoutLine: {'line': b'-- Up-to-date symlink: /home/duy/cocarry_ws/install/motoros2_interfaces/include/motoros2_interfaces/motoros2_interfaces/srv/detail/select_motion_tool__type_support.h\n'}
[0.620967] (industrial_msgs) StdoutLine: {'line': b'-- Up-to-date symlink: /home/duy/cocarry_ws/install/industrial_msgs/local/lib/python3.10/dist-packages/industrial_msgs/msg/_device_info.py\n'}
[0.621001] (industrial_msgs) StdoutLine: {'line': b'-- Up-to-date symlink: /home/duy/cocarry_ws/install/industrial_msgs/local/lib/python3.10/dist-packages/industrial_msgs/msg/_device_info_s.c\n'}
[0.621035] (industrial_msgs) StdoutLine: {'line': b'-- Up-to-date symlink: /home/duy/cocarry_ws/install/industrial_msgs/local/lib/python3.10/dist-packages/industrial_msgs/msg/_robot_mode.py\n'}
[0.621071] (motoros2_interfaces) StdoutLine: {'line': b'-- Up-to-date symlink: /home/duy/cocarry_ws/install/motoros2_interfaces/include/motoros2_interfaces/motoros2_interfaces/srv/detail/start_point_queue_mode__functions.h\n'}
[0.621110] (motoros2_interfaces) StdoutLine: {'line': b'-- Up-to-date symlink: /home/duy/cocarry_ws/install/motoros2_interfaces/include/motoros2_interfaces/motoros2_interfaces/srv/detail/start_point_queue_mode__struct.h\n'}
[0.621158] (motoros2_interfaces) StdoutLine: {'line': b'-- Up-to-date symlink: /home/duy/cocarry_ws/install/motoros2_interfaces/include/motoros2_interfaces/motoros2_interfaces/srv/detail/start_point_queue_mode__type_support.h\n'}
[0.621196] (motoros2_interfaces) StdoutLine: {'line': b'-- Up-to-date symlink: /home/duy/cocarry_ws/install/motoros2_interfaces/include/motoros2_interfaces/motoros2_interfaces/srv/detail/start_traj_mode__functions.h\n'}
[0.621242] (motoros2_interfaces) StdoutLine: {'line': b'-- Up-to-date symlink: /home/duy/cocarry_ws/install/motoros2_interfaces/include/motoros2_interfaces/motoros2_interfaces/srv/detail/start_traj_mode__struct.h\n'}
[0.621290] (industrial_msgs) StdoutLine: {'line': b'-- Up-to-date symlink: /home/duy/cocarry_ws/install/industrial_msgs/local/lib/python3.10/dist-packages/industrial_msgs/msg/_robot_mode_s.c\n'}
[0.621327] (motoros2_interfaces) StdoutLine: {'line': b'-- Up-to-date symlink: /home/duy/cocarry_ws/install/motoros2_interfaces/include/motoros2_interfaces/motoros2_interfaces/srv/detail/start_traj_mode__type_support.h\n'}
[0.621386] (motoros2_interfaces) StdoutLine: {'line': b'-- Up-to-date symlink: /home/duy/cocarry_ws/install/motoros2_interfaces/include/motoros2_interfaces/motoros2_interfaces/srv/detail/write_group_io__functions.h\n'}
[0.621434] (motoros2_interfaces) StdoutLine: {'line': b'-- Up-to-date symlink: /home/duy/cocarry_ws/install/motoros2_interfaces/include/motoros2_interfaces/motoros2_interfaces/srv/detail/write_group_io__struct.h\n'}
[0.621470] (motoros2_interfaces) StdoutLine: {'line': b'-- Up-to-date symlink: /home/duy/cocarry_ws/install/motoros2_interfaces/include/motoros2_interfaces/motoros2_interfaces/srv/detail/write_group_io__type_support.h\n'}
[0.621509] (motoros2_interfaces) StdoutLine: {'line': b'-- Up-to-date symlink: /home/duy/cocarry_ws/install/motoros2_interfaces/include/motoros2_interfaces/motoros2_interfaces/srv/detail/write_m_register__functions.h\n'}
[0.621549] (motoros2_interfaces) StdoutLine: {'line': b'-- Up-to-date symlink: /home/duy/cocarry_ws/install/motoros2_interfaces/include/motoros2_interfaces/motoros2_interfaces/srv/detail/write_m_register__struct.h\n'}
[0.621586] (industrial_msgs) StdoutLine: {'line': b'-- Up-to-date symlink: /home/duy/cocarry_ws/install/industrial_msgs/local/lib/python3.10/dist-packages/industrial_msgs/msg/_robot_status.py\n'}
[0.621625] (industrial_msgs) StdoutLine: {'line': b'-- Up-to-date symlink: /home/duy/cocarry_ws/install/industrial_msgs/local/lib/python3.10/dist-packages/industrial_msgs/msg/_robot_status_s.c\n'}
[0.621662] (industrial_msgs) StdoutLine: {'line': b'-- Up-to-date symlink: /home/duy/cocarry_ws/install/industrial_msgs/local/lib/python3.10/dist-packages/industrial_msgs/msg/_service_return_code.py\n'}
[0.621699] (motoros2_interfaces) StdoutLine: {'line': b'-- Up-to-date symlink: /home/duy/cocarry_ws/install/motoros2_interfaces/include/motoros2_interfaces/motoros2_interfaces/srv/detail/write_m_register__type_support.h\n'}
[0.621742] (motoros2_interfaces) StdoutLine: {'line': b'-- Up-to-date symlink: /home/duy/cocarry_ws/install/motoros2_interfaces/include/motoros2_interfaces/motoros2_interfaces/srv/detail/write_single_io__functions.h\n'}
[0.621779] (motoros2_interfaces) StdoutLine: {'line': b'-- Up-to-date symlink: /home/duy/cocarry_ws/install/motoros2_interfaces/include/motoros2_interfaces/motoros2_interfaces/srv/detail/write_single_io__struct.h\n'}
[0.621817] (motoros2_interfaces) StdoutLine: {'line': b'-- Up-to-date symlink: /home/duy/cocarry_ws/install/motoros2_interfaces/include/motoros2_interfaces/motoros2_interfaces/srv/detail/write_single_io__type_support.h\n'}
[0.621854] (motoros2_interfaces) StdoutLine: {'line': b'-- Up-to-date symlink: /home/duy/cocarry_ws/install/motoros2_interfaces/include/motoros2_interfaces/motoros2_interfaces/srv/get_active_alarm_info.h\n'}
[0.621891] (motoros2_interfaces) StdoutLine: {'line': b'-- Up-to-date symlink: /home/duy/cocarry_ws/install/motoros2_interfaces/include/motoros2_interfaces/motoros2_interfaces/srv/list_inform_jobs.h\n'}
[0.621928] (motoros2_interfaces) StdoutLine: {'line': b'-- Up-to-date symlink: /home/duy/cocarry_ws/install/motoros2_interfaces/include/motoros2_interfaces/motoros2_interfaces/srv/queue_traj_point.h\n'}
[0.621964] (motoros2_interfaces) StdoutLine: {'line': b'-- Up-to-date symlink: /home/duy/cocarry_ws/install/motoros2_interfaces/include/motoros2_interfaces/motoros2_interfaces/srv/read_group_io.h\n'}
[0.622026] (motoros2_interfaces) StdoutLine: {'line': b'-- Up-to-date symlink: /home/duy/cocarry_ws/install/motoros2_interfaces/include/motoros2_interfaces/motoros2_interfaces/srv/read_m_register.h\n'}
[0.622063] (motoros2_interfaces) StdoutLine: {'line': b'-- Up-to-date symlink: /home/duy/cocarry_ws/install/motoros2_interfaces/include/motoros2_interfaces/motoros2_interfaces/srv/read_single_io.h\n'}
[0.622102] (industrial_msgs) StdoutLine: {'line': b'-- Up-to-date symlink: /home/duy/cocarry_ws/install/industrial_msgs/local/lib/python3.10/dist-packages/industrial_msgs/msg/_service_return_code_s.c\n'}
[0.622140] (industrial_msgs) StdoutLine: {'line': b'-- Up-to-date symlink: /home/duy/cocarry_ws/install/industrial_msgs/local/lib/python3.10/dist-packages/industrial_msgs/msg/_tri_state.py\n'}
[0.622177] (industrial_msgs) StdoutLine: {'line': b'-- Up-to-date symlink: /home/duy/cocarry_ws/install/industrial_msgs/local/lib/python3.10/dist-packages/industrial_msgs/msg/_tri_state_s.c\n'}
[0.622214] (industrial_msgs) StdoutLine: {'line': b'-- Up-to-date symlink: /home/duy/cocarry_ws/install/industrial_msgs/local/lib/python3.10/dist-packages/industrial_msgs/industrial_msgs_s__rosidl_typesupport_fastrtps_c.cpython-310-x86_64-linux-gnu.so\n'}
[0.622251] (motoros2_interfaces) StdoutLine: {'line': b'-- Up-to-date symlink: /home/duy/cocarry_ws/install/motoros2_interfaces/include/motoros2_interfaces/motoros2_interfaces/srv/reset_error.h\n'}
[0.622288] (industrial_msgs) StdoutLine: {'line': b'-- Up-to-date symlink: /home/duy/cocarry_ws/install/industrial_msgs/local/lib/python3.10/dist-packages/industrial_msgs/industrial_msgs_s__rosidl_typesupport_introspection_c.cpython-310-x86_64-linux-gnu.so\n'}
[0.622329] (industrial_msgs) StdoutLine: {'line': b'-- Up-to-date symlink: /home/duy/cocarry_ws/install/industrial_msgs/local/lib/python3.10/dist-packages/industrial_msgs/industrial_msgs_s__rosidl_typesupport_c.cpython-310-x86_64-linux-gnu.so\n'}
[0.622366] (motoros2_interfaces) StdoutLine: {'line': b'-- Up-to-date symlink: /home/duy/cocarry_ws/install/motoros2_interfaces/include/motoros2_interfaces/motoros2_interfaces/srv/select_motion_tool.h\n'}
[0.622404] (motoros2_interfaces) StdoutLine: {'line': b'-- Up-to-date symlink: /home/duy/cocarry_ws/install/motoros2_interfaces/include/motoros2_interfaces/motoros2_interfaces/srv/start_point_queue_mode.h\n'}
[0.622443] (industrial_msgs) StdoutLine: {'line': b'-- Up-to-date symlink: /home/duy/cocarry_ws/install/industrial_msgs/share/ament_index/resource_index/rust_packages/industrial_msgs\n'}
[0.622480] (motoros2_interfaces) StdoutLine: {'line': b'-- Up-to-date symlink: /home/duy/cocarry_ws/install/motoros2_interfaces/include/motoros2_interfaces/motoros2_interfaces/srv/start_traj_mode.h\n'}
[0.622518] (motoros2_interfaces) StdoutLine: {'line': b'-- Up-to-date symlink: /home/duy/cocarry_ws/install/motoros2_interfaces/include/motoros2_interfaces/motoros2_interfaces/srv/write_group_io.h\n'}
[0.622554] (motoros2_interfaces) StdoutLine: {'line': b'-- Up-to-date symlink: /home/duy/cocarry_ws/install/motoros2_interfaces/include/motoros2_interfaces/motoros2_interfaces/srv/write_m_register.h\n'}
[0.622590] (industrial_msgs) StdoutLine: {'line': b'-- Up-to-date symlink: /home/duy/cocarry_ws/install/industrial_msgs/share/industrial_msgs/rust/Cargo.toml\n'}
[0.622629] (motoros2_interfaces) StdoutLine: {'line': b'-- Up-to-date symlink: /home/duy/cocarry_ws/install/motoros2_interfaces/include/motoros2_interfaces/motoros2_interfaces/srv/write_single_io.h\n'}
[0.622669] (motoros2_interfaces) StdoutLine: {'line': b'-- Up-to-date symlink: /home/duy/cocarry_ws/install/motoros2_interfaces/share/motoros2_interfaces/environment/library_path.sh\n'}
[0.622724] (motoros2_interfaces) StdoutLine: {'line': b'-- Up-to-date symlink: /home/duy/cocarry_ws/install/motoros2_interfaces/share/motoros2_interfaces/environment/library_path.dsv\n'}
[0.622804] (industrial_msgs) StdoutLine: {'line': b'-- Up-to-date symlink: /home/duy/cocarry_ws/install/industrial_msgs/share/industrial_msgs/rust/build.rs\n'}
[0.622902] (industrial_msgs) StdoutLine: {'line': b'-- Up-to-date symlink: /home/duy/cocarry_ws/install/industrial_msgs/share/industrial_msgs/rust/src/lib.rs\n'}
[0.622962] (industrial_msgs) StdoutLine: {'line': b'-- Up-to-date symlink: /home/duy/cocarry_ws/install/industrial_msgs/share/industrial_msgs/rust/src/msg.rs\n'}
[0.623000] (industrial_msgs) StdoutLine: {'line': b'-- Up-to-date symlink: /home/duy/cocarry_ws/install/industrial_msgs/share/industrial_msgs/rust/src/msg/rmw.rs\n'}
[0.623037] (industrial_msgs) StdoutLine: {'line': b'-- Up-to-date symlink: /home/duy/cocarry_ws/install/industrial_msgs/share/industrial_msgs/msg/DebugLevel.idl\n'}
[0.623083] (industrial_msgs) StdoutLine: {'line': b'-- Up-to-date symlink: /home/duy/cocarry_ws/install/industrial_msgs/share/industrial_msgs/msg/DeviceInfo.idl\n'}
[0.623120] (industrial_msgs) StdoutLine: {'line': b'-- Up-to-date symlink: /home/duy/cocarry_ws/install/industrial_msgs/share/industrial_msgs/msg/RobotMode.idl\n'}
[0.623157] (industrial_msgs) StdoutLine: {'line': b'-- Up-to-date symlink: /home/duy/cocarry_ws/install/industrial_msgs/share/industrial_msgs/msg/RobotStatus.idl\n'}
[0.623193] (industrial_msgs) StdoutLine: {'line': b'-- Up-to-date symlink: /home/duy/cocarry_ws/install/industrial_msgs/share/industrial_msgs/msg/ServiceReturnCode.idl\n'}
[0.623255] (motoros2_interfaces) StdoutLine: {'line': b'-- Up-to-date symlink: /home/duy/cocarry_ws/install/motoros2_interfaces/include/motoros2_interfaces/motoros2_interfaces/msg/detail/alarm_cause_remedy__rosidl_typesupport_fastrtps_c.h\n'}
[0.623305] (motoros2_interfaces) StdoutLine: {'line': b'-- Up-to-date symlink: /home/duy/cocarry_ws/install/motoros2_interfaces/include/motoros2_interfaces/motoros2_interfaces/msg/detail/alarm_info__rosidl_typesupport_fastrtps_c.h\n'}
[0.623360] (motoros2_interfaces) StdoutLine: {'line': b'-- Up-to-date symlink: /home/duy/cocarry_ws/install/motoros2_interfaces/include/motoros2_interfaces/motoros2_interfaces/msg/detail/error_info__rosidl_typesupport_fastrtps_c.h\n'}
[0.623427] (industrial_msgs) StdoutLine: {'line': b'-- Up-to-date symlink: /home/duy/cocarry_ws/install/industrial_msgs/share/industrial_msgs/msg/TriState.idl\n'}
[0.623504] (industrial_msgs) StdoutLine: {'line': b'-- Up-to-date symlink: /home/duy/cocarry_ws/install/industrial_msgs/share/industrial_msgs/msg/DebugLevel.msg\n'}
[0.623559] (industrial_msgs) StdoutLine: {'line': b'-- Up-to-date symlink: /home/duy/cocarry_ws/install/industrial_msgs/share/industrial_msgs/msg/DeviceInfo.msg\n'}
[0.623611] (motoros2_interfaces) StdoutLine: {'line': b'-- Up-to-date symlink: /home/duy/cocarry_ws/install/motoros2_interfaces/include/motoros2_interfaces/motoros2_interfaces/msg/detail/inform_job_crud_result_codes__rosidl_typesupport_fastrtps_c.h\n'}
[0.623651] (industrial_msgs) StdoutLine: {'line': b'-- Up-to-date symlink: /home/duy/cocarry_ws/install/industrial_msgs/share/industrial_msgs/msg/RobotMode.msg\n'}
[0.623687] (motoros2_interfaces) StdoutLine: {'line': b'-- Up-to-date symlink: /home/duy/cocarry_ws/install/motoros2_interfaces/include/motoros2_interfaces/motoros2_interfaces/msg/detail/init_traj_enum__rosidl_typesupport_fastrtps_c.h\n'}
[0.623760] (industrial_msgs) StdoutLine: {'line': b'-- Up-to-date symlink: /home/duy/cocarry_ws/install/industrial_msgs/share/industrial_msgs/msg/RobotStatus.msg\n'}
[0.623798] (motoros2_interfaces) StdoutLine: {'line': b'-- Up-to-date symlink: /home/duy/cocarry_ws/install/motoros2_interfaces/include/motoros2_interfaces/motoros2_interfaces/msg/detail/io_result_codes__rosidl_typesupport_fastrtps_c.h\n'}
[0.623846] (motoros2_interfaces) StdoutLine: {'line': b'-- Up-to-date symlink: /home/duy/cocarry_ws/install/motoros2_interfaces/include/motoros2_interfaces/motoros2_interfaces/msg/detail/motion_ready_enum__rosidl_typesupport_fastrtps_c.h\n'}
[0.623936] (industrial_msgs) StdoutLine: {'line': b'-- Up-to-date symlink: /home/duy/cocarry_ws/install/industrial_msgs/share/industrial_msgs/msg/ServiceReturnCode.msg\n'}
[0.623994] (motoros2_interfaces) StdoutLine: {'line': b'-- Up-to-date symlink: /home/duy/cocarry_ws/install/motoros2_interfaces/include/motoros2_interfaces/motoros2_interfaces/msg/detail/queue_result_enum__rosidl_typesupport_fastrtps_c.h\n'}
[0.624100] (motoros2_interfaces) StdoutLine: {'line': b'-- Up-to-date symlink: /home/duy/cocarry_ws/install/motoros2_interfaces/include/motoros2_interfaces/motoros2_interfaces/msg/detail/selection_result_codes__rosidl_typesupport_fastrtps_c.h\n'}
[0.624156] (industrial_msgs) StdoutLine: {'line': b'-- Up-to-date symlink: /home/duy/cocarry_ws/install/industrial_msgs/share/industrial_msgs/msg/TriState.msg\n'}
[0.624221] (motoros2_interfaces) StdoutLine: {'line': b'-- Up-to-date symlink: /home/duy/cocarry_ws/install/motoros2_interfaces/include/motoros2_interfaces/motoros2_interfaces/msg/rosidl_typesupport_fastrtps_c__visibility_control.h\n'}
[0.624396] (industrial_msgs) StdoutLine: {'line': b'-- Up-to-date symlink: /home/duy/cocarry_ws/install/industrial_msgs/share/ament_index/resource_index/package_run_dependencies/industrial_msgs\n'}
[0.624450] (motoros2_interfaces) StdoutLine: {'line': b'-- Up-to-date symlink: /home/duy/cocarry_ws/install/motoros2_interfaces/include/motoros2_interfaces/motoros2_interfaces/srv/detail/get_active_alarm_info__rosidl_typesupport_fastrtps_c.h\n'}
[0.624527] (motoros2_interfaces) StdoutLine: {'line': b'-- Up-to-date symlink: /home/duy/cocarry_ws/install/motoros2_interfaces/include/motoros2_interfaces/motoros2_interfaces/srv/detail/list_inform_jobs__rosidl_typesupport_fastrtps_c.h\n'}
[0.624585] (industrial_msgs) StdoutLine: {'line': b'-- Up-to-date symlink: /home/duy/cocarry_ws/install/industrial_msgs/share/ament_index/resource_index/parent_prefix_path/industrial_msgs\n'}
[0.624649] (motoros2_interfaces) StdoutLine: {'line': b'-- Up-to-date symlink: /home/duy/cocarry_ws/install/motoros2_interfaces/include/motoros2_interfaces/motoros2_interfaces/srv/detail/queue_traj_point__rosidl_typesupport_fastrtps_c.h\n'}
[0.624766] (industrial_msgs) StdoutLine: {'line': b'-- Up-to-date symlink: /home/duy/cocarry_ws/install/industrial_msgs/share/industrial_msgs/environment/ament_prefix_path.sh\n'}
[0.624812] (motoros2_interfaces) StdoutLine: {'line': b'-- Up-to-date symlink: /home/duy/cocarry_ws/install/motoros2_interfaces/include/motoros2_interfaces/motoros2_interfaces/srv/detail/read_group_io__rosidl_typesupport_fastrtps_c.h\n'}
[0.624890] (motoros2_interfaces) StdoutLine: {'line': b'-- Up-to-date symlink: /home/duy/cocarry_ws/install/motoros2_interfaces/include/motoros2_interfaces/motoros2_interfaces/srv/detail/read_m_register__rosidl_typesupport_fastrtps_c.h\n'}
[0.624958] (industrial_msgs) StdoutLine: {'line': b'-- Up-to-date symlink: /home/duy/cocarry_ws/install/industrial_msgs/share/industrial_msgs/environment/ament_prefix_path.dsv\n'}
[0.625016] (motoros2_interfaces) StdoutLine: {'line': b'-- Up-to-date symlink: /home/duy/cocarry_ws/install/motoros2_interfaces/include/motoros2_interfaces/motoros2_interfaces/srv/detail/read_single_io__rosidl_typesupport_fastrtps_c.h\n'}
[0.625108] (industrial_msgs) StdoutLine: {'line': b'-- Up-to-date symlink: /home/duy/cocarry_ws/install/industrial_msgs/share/industrial_msgs/environment/path.sh\n'}
[0.625172] (motoros2_interfaces) StdoutLine: {'line': b'-- Up-to-date symlink: /home/duy/cocarry_ws/install/motoros2_interfaces/include/motoros2_interfaces/motoros2_interfaces/srv/detail/reset_error__rosidl_typesupport_fastrtps_c.h\n'}
[0.625270] (motoros2_interfaces) StdoutLine: {'line': b'-- Up-to-date symlink: /home/duy/cocarry_ws/install/motoros2_interfaces/include/motoros2_interfaces/motoros2_interfaces/srv/detail/select_motion_tool__rosidl_typesupport_fastrtps_c.h\n'}
[0.625340] (industrial_msgs) StdoutLine: {'line': b'-- Up-to-date symlink: /home/duy/cocarry_ws/install/industrial_msgs/share/industrial_msgs/environment/path.dsv\n'}
[0.625402] (motoros2_interfaces) StdoutLine: {'line': b'-- Up-to-date symlink: /home/duy/cocarry_ws/install/motoros2_interfaces/include/motoros2_interfaces/motoros2_interfaces/srv/detail/start_point_queue_mode__rosidl_typesupport_fastrtps_c.h\n'}
[0.625463] (industrial_msgs) StdoutLine: {'line': b'-- Up-to-date symlink: /home/duy/cocarry_ws/install/industrial_msgs/share/industrial_msgs/local_setup.bash\n'}
[0.625527] (motoros2_interfaces) StdoutLine: {'line': b'-- Up-to-date symlink: /home/duy/cocarry_ws/install/motoros2_interfaces/include/motoros2_interfaces/motoros2_interfaces/srv/detail/start_traj_mode__rosidl_typesupport_fastrtps_c.h\n'}
[0.625616] (industrial_msgs) StdoutLine: {'line': b'-- Up-to-date symlink: /home/duy/cocarry_ws/install/industrial_msgs/share/industrial_msgs/local_setup.sh\n'}
[0.625679] (motoros2_interfaces) StdoutLine: {'line': b'-- Up-to-date symlink: /home/duy/cocarry_ws/install/motoros2_interfaces/include/motoros2_interfaces/motoros2_interfaces/srv/detail/write_group_io__rosidl_typesupport_fastrtps_c.h\n'}
[0.625781] (motoros2_interfaces) StdoutLine: {'line': b'-- Up-to-date symlink: /home/duy/cocarry_ws/install/motoros2_interfaces/include/motoros2_interfaces/motoros2_interfaces/srv/detail/write_m_register__rosidl_typesupport_fastrtps_c.h\n'}
[0.625854] (industrial_msgs) StdoutLine: {'line': b'-- Up-to-date symlink: /home/duy/cocarry_ws/install/industrial_msgs/share/industrial_msgs/local_setup.zsh\n'}
[0.625919] (motoros2_interfaces) StdoutLine: {'line': b'-- Up-to-date symlink: /home/duy/cocarry_ws/install/motoros2_interfaces/include/motoros2_interfaces/motoros2_interfaces/srv/detail/write_single_io__rosidl_typesupport_fastrtps_c.h\n'}
[0.625981] (industrial_msgs) StdoutLine: {'line': b'-- Up-to-date symlink: /home/duy/cocarry_ws/install/industrial_msgs/share/industrial_msgs/local_setup.dsv\n'}
[0.626104] (industrial_msgs) StdoutLine: {'line': b'-- Symlinking: /home/duy/cocarry_ws/install/industrial_msgs/share/industrial_msgs/package.dsv\n'}
[0.627510] (motoros2_interfaces) StdoutLine: {'line': b'-- Up-to-date symlink: /home/duy/cocarry_ws/install/motoros2_interfaces/include/motoros2_interfaces/motoros2_interfaces/msg/alarm_cause_remedy.hpp\n'}
[0.627625] (motoros2_interfaces) StdoutLine: {'line': b'-- Up-to-date symlink: /home/duy/cocarry_ws/install/motoros2_interfaces/include/motoros2_interfaces/motoros2_interfaces/msg/alarm_info.hpp\n'}
[0.627722] (motoros2_interfaces) StdoutLine: {'line': b'-- Up-to-date symlink: /home/duy/cocarry_ws/install/motoros2_interfaces/include/motoros2_interfaces/motoros2_interfaces/msg/detail/alarm_cause_remedy__builder.hpp\n'}
[0.627871] (motoros2_interfaces) StdoutLine: {'line': b'-- Up-to-date symlink: /home/duy/cocarry_ws/install/motoros2_interfaces/include/motoros2_interfaces/motoros2_interfaces/msg/detail/alarm_cause_remedy__struct.hpp\n'}
[0.628003] (motoros2_interfaces) StdoutLine: {'line': b'-- Up-to-date symlink: /home/duy/cocarry_ws/install/motoros2_interfaces/include/motoros2_interfaces/motoros2_interfaces/msg/detail/alarm_cause_remedy__traits.hpp\n'}
[0.628133] (motoros2_interfaces) StdoutLine: {'line': b'-- Up-to-date symlink: /home/duy/cocarry_ws/install/motoros2_interfaces/include/motoros2_interfaces/motoros2_interfaces/msg/detail/alarm_cause_remedy__type_support.hpp\n'}
[0.628258] (motoros2_interfaces) StdoutLine: {'line': b'-- Up-to-date symlink: /home/duy/cocarry_ws/install/motoros2_interfaces/include/motoros2_interfaces/motoros2_interfaces/msg/detail/alarm_info__builder.hpp\n'}
[0.628376] (motoros2_interfaces) StdoutLine: {'line': b'-- Up-to-date symlink: /home/duy/cocarry_ws/install/motoros2_interfaces/include/motoros2_interfaces/motoros2_interfaces/msg/detail/alarm_info__struct.hpp\n'}
[0.628502] (motoros2_interfaces) StdoutLine: {'line': b'-- Up-to-date symlink: /home/duy/cocarry_ws/install/motoros2_interfaces/include/motoros2_interfaces/motoros2_interfaces/msg/detail/alarm_info__traits.hpp\n'}
[0.628624] (motoros2_interfaces) StdoutLine: {'line': b'-- Up-to-date symlink: /home/duy/cocarry_ws/install/motoros2_interfaces/include/motoros2_interfaces/motoros2_interfaces/msg/detail/alarm_info__type_support.hpp\n'}
[0.628780] (motoros2_interfaces) StdoutLine: {'line': b'-- Up-to-date symlink: /home/duy/cocarry_ws/install/motoros2_interfaces/include/motoros2_interfaces/motoros2_interfaces/msg/detail/error_info__builder.hpp\n'}
[0.628895] (motoros2_interfaces) StdoutLine: {'line': b'-- Up-to-date symlink: /home/duy/cocarry_ws/install/motoros2_interfaces/include/motoros2_interfaces/motoros2_interfaces/msg/detail/error_info__struct.hpp\n'}
[0.629017] (motoros2_interfaces) StdoutLine: {'line': b'-- Up-to-date symlink: /home/duy/cocarry_ws/install/motoros2_interfaces/include/motoros2_interfaces/motoros2_interfaces/msg/detail/error_info__traits.hpp\n'}
[0.629138] (motoros2_interfaces) StdoutLine: {'line': b'-- Up-to-date symlink: /home/duy/cocarry_ws/install/motoros2_interfaces/include/motoros2_interfaces/motoros2_interfaces/msg/detail/error_info__type_support.hpp\n'}
[0.629266] (motoros2_interfaces) StdoutLine: {'line': b'-- Up-to-date symlink: /home/duy/cocarry_ws/install/motoros2_interfaces/include/motoros2_interfaces/motoros2_interfaces/msg/detail/inform_job_crud_result_codes__builder.hpp\n'}
[0.629397] (motoros2_interfaces) StdoutLine: {'line': b'-- Up-to-date symlink: /home/duy/cocarry_ws/install/motoros2_interfaces/include/motoros2_interfaces/motoros2_interfaces/msg/detail/inform_job_crud_result_codes__struct.hpp\n'}
[0.629533] (motoros2_interfaces) StdoutLine: {'line': b'-- Up-to-date symlink: /home/duy/cocarry_ws/install/motoros2_interfaces/include/motoros2_interfaces/motoros2_interfaces/msg/detail/inform_job_crud_result_codes__traits.hpp\n'}
[0.629668] (motoros2_interfaces) StdoutLine: {'line': b'-- Up-to-date symlink: /home/duy/cocarry_ws/install/motoros2_interfaces/include/motoros2_interfaces/motoros2_interfaces/msg/detail/inform_job_crud_result_codes__type_support.hpp\n'}
[0.629836] (motoros2_interfaces) StdoutLine: {'line': b'-- Up-to-date symlink: /home/duy/cocarry_ws/install/motoros2_interfaces/include/motoros2_interfaces/motoros2_interfaces/msg/detail/init_traj_enum__builder.hpp\n'}
[0.629950] (motoros2_interfaces) StdoutLine: {'line': b'-- Up-to-date symlink: /home/duy/cocarry_ws/install/motoros2_interfaces/include/motoros2_interfaces/motoros2_interfaces/msg/detail/init_traj_enum__struct.hpp\n'}
[0.630083] (motoros2_interfaces) StdoutLine: {'line': b'-- Up-to-date symlink: /home/duy/cocarry_ws/install/motoros2_interfaces/include/motoros2_interfaces/motoros2_interfaces/msg/detail/init_traj_enum__traits.hpp\n'}
[0.630231] (motoros2_interfaces) StdoutLine: {'line': b'-- Up-to-date symlink: /home/duy/cocarry_ws/install/motoros2_interfaces/include/motoros2_interfaces/motoros2_interfaces/msg/detail/init_traj_enum__type_support.hpp\n'}
[0.630370] (motoros2_interfaces) StdoutLine: {'line': b'-- Up-to-date symlink: /home/duy/cocarry_ws/install/motoros2_interfaces/include/motoros2_interfaces/motoros2_interfaces/msg/detail/io_result_codes__builder.hpp\n'}
[0.630516] (motoros2_interfaces) StdoutLine: {'line': b'-- Up-to-date symlink: /home/duy/cocarry_ws/install/motoros2_interfaces/include/motoros2_interfaces/motoros2_interfaces/msg/detail/io_result_codes__struct.hpp\n'}
[0.630658] (motoros2_interfaces) StdoutLine: {'line': b'-- Up-to-date symlink: /home/duy/cocarry_ws/install/motoros2_interfaces/include/motoros2_interfaces/motoros2_interfaces/msg/detail/io_result_codes__traits.hpp\n'}
[0.630850] (motoros2_interfaces) StdoutLine: {'line': b'-- Up-to-date symlink: /home/duy/cocarry_ws/install/motoros2_interfaces/include/motoros2_interfaces/motoros2_interfaces/msg/detail/io_result_codes__type_support.hpp\n'}
[0.630977] (motoros2_interfaces) StdoutLine: {'line': b'-- Up-to-date symlink: /home/duy/cocarry_ws/install/motoros2_interfaces/include/motoros2_interfaces/motoros2_interfaces/msg/detail/motion_ready_enum__builder.hpp\n'}
[0.631264] (motoros2_interfaces) StdoutLine: {'line': b'-- Up-to-date symlink: /home/duy/cocarry_ws/install/motoros2_interfaces/include/motoros2_interfaces/motoros2_interfaces/msg/detail/motion_ready_enum__struct.hpp\n'}
[0.631389] (motoros2_interfaces) StdoutLine: {'line': b'-- Up-to-date symlink: /home/duy/cocarry_ws/install/motoros2_interfaces/include/motoros2_interfaces/motoros2_interfaces/msg/detail/motion_ready_enum__traits.hpp\n'}
[0.634948] (motoros2_interfaces) StdoutLine: {'line': b'-- Up-to-date symlink: /home/duy/cocarry_ws/install/motoros2_interfaces/include/motoros2_interfaces/motoros2_interfaces/msg/detail/motion_ready_enum__type_support.hpp\n'}
[0.635204] (motoros2_interfaces) StdoutLine: {'line': b'-- Up-to-date symlink: /home/duy/cocarry_ws/install/motoros2_interfaces/include/motoros2_interfaces/motoros2_interfaces/msg/detail/queue_result_enum__builder.hpp\n'}
[0.635256] (motoros2_interfaces) StdoutLine: {'line': b'-- Up-to-date symlink: /home/duy/cocarry_ws/install/motoros2_interfaces/include/motoros2_interfaces/motoros2_interfaces/msg/detail/queue_result_enum__struct.hpp\n'}
[0.635324] (motoros2_interfaces) StdoutLine: {'line': b'-- Up-to-date symlink: /home/duy/cocarry_ws/install/motoros2_interfaces/include/motoros2_interfaces/motoros2_interfaces/msg/detail/queue_result_enum__traits.hpp\n'}
[0.635367] (motoros2_interfaces) StdoutLine: {'line': b'-- Up-to-date symlink: /home/duy/cocarry_ws/install/motoros2_interfaces/include/motoros2_interfaces/motoros2_interfaces/msg/detail/queue_result_enum__type_support.hpp\n'}
[0.635406] (motoros2_interfaces) StdoutLine: {'line': b'-- Up-to-date symlink: /home/duy/cocarry_ws/install/motoros2_interfaces/include/motoros2_interfaces/motoros2_interfaces/msg/detail/selection_result_codes__builder.hpp\n'}
[0.635445] (motoros2_interfaces) StdoutLine: {'line': b'-- Up-to-date symlink: /home/duy/cocarry_ws/install/motoros2_interfaces/include/motoros2_interfaces/motoros2_interfaces/msg/detail/selection_result_codes__struct.hpp\n'}
[0.635482] (motoros2_interfaces) StdoutLine: {'line': b'-- Up-to-date symlink: /home/duy/cocarry_ws/install/motoros2_interfaces/include/motoros2_interfaces/motoros2_interfaces/msg/detail/selection_result_codes__traits.hpp\n'}
[0.635519] (motoros2_interfaces) StdoutLine: {'line': b'-- Up-to-date symlink: /home/duy/cocarry_ws/install/motoros2_interfaces/include/motoros2_interfaces/motoros2_interfaces/msg/detail/selection_result_codes__type_support.hpp\n'}
[0.635572] (motoros2_interfaces) StdoutLine: {'line': b'-- Up-to-date symlink: /home/duy/cocarry_ws/install/motoros2_interfaces/include/motoros2_interfaces/motoros2_interfaces/msg/error_info.hpp\n'}
[0.635666] (motoros2_interfaces) StdoutLine: {'line': b'-- Up-to-date symlink: /home/duy/cocarry_ws/install/motoros2_interfaces/include/motoros2_interfaces/motoros2_interfaces/msg/inform_job_crud_result_codes.hpp\n'}
[0.635730] (motoros2_interfaces) StdoutLine: {'line': b'-- Up-to-date symlink: /home/duy/cocarry_ws/install/motoros2_interfaces/include/motoros2_interfaces/motoros2_interfaces/msg/init_traj_enum.hpp\n'}
[0.635843] (motoros2_interfaces) StdoutLine: {'line': b'-- Up-to-date symlink: /home/duy/cocarry_ws/install/motoros2_interfaces/include/motoros2_interfaces/motoros2_interfaces/msg/io_result_codes.hpp\n'}
[0.635914] (motoros2_interfaces) StdoutLine: {'line': b'-- Up-to-date symlink: /home/duy/cocarry_ws/install/motoros2_interfaces/include/motoros2_interfaces/motoros2_interfaces/msg/motion_ready_enum.hpp\n'}
[0.635981] (motoros2_interfaces) StdoutLine: {'line': b'-- Up-to-date symlink: /home/duy/cocarry_ws/install/motoros2_interfaces/include/motoros2_interfaces/motoros2_interfaces/msg/queue_result_enum.hpp\n'}
[0.636049] (motoros2_interfaces) StdoutLine: {'line': b'-- Up-to-date symlink: /home/duy/cocarry_ws/install/motoros2_interfaces/include/motoros2_interfaces/motoros2_interfaces/msg/rosidl_generator_cpp__visibility_control.hpp\n'}
[0.636113] (motoros2_interfaces) StdoutLine: {'line': b'-- Up-to-date symlink: /home/duy/cocarry_ws/install/motoros2_interfaces/include/motoros2_interfaces/motoros2_interfaces/msg/selection_result_codes.hpp\n'}
[0.636182] (motoros2_interfaces) StdoutLine: {'line': b'-- Up-to-date symlink: /home/duy/cocarry_ws/install/motoros2_interfaces/include/motoros2_interfaces/motoros2_interfaces/srv/detail/get_active_alarm_info__builder.hpp\n'}
[0.636249] (motoros2_interfaces) StdoutLine: {'line': b'-- Up-to-date symlink: /home/duy/cocarry_ws/install/motoros2_interfaces/include/motoros2_interfaces/motoros2_interfaces/srv/detail/get_active_alarm_info__struct.hpp\n'}
[0.636317] (motoros2_interfaces) StdoutLine: {'line': b'-- Up-to-date symlink: /home/duy/cocarry_ws/install/motoros2_interfaces/include/motoros2_interfaces/motoros2_interfaces/srv/detail/get_active_alarm_info__traits.hpp\n'}
[0.636520] (motoros2_interfaces) StdoutLine: {'line': b'-- Up-to-date symlink: /home/duy/cocarry_ws/install/motoros2_interfaces/include/motoros2_interfaces/motoros2_interfaces/srv/detail/get_active_alarm_info__type_support.hpp\n'}
[0.636592] (motoros2_interfaces) StdoutLine: {'line': b'-- Up-to-date symlink: /home/duy/cocarry_ws/install/motoros2_interfaces/include/motoros2_interfaces/motoros2_interfaces/srv/detail/list_inform_jobs__builder.hpp\n'}
[0.636660] (motoros2_interfaces) StdoutLine: {'line': b'-- Up-to-date symlink: /home/duy/cocarry_ws/install/motoros2_interfaces/include/motoros2_interfaces/motoros2_interfaces/srv/detail/list_inform_jobs__struct.hpp\n'}
[0.636833] (motoros2_interfaces) StdoutLine: {'line': b'-- Up-to-date symlink: /home/duy/cocarry_ws/install/motoros2_interfaces/include/motoros2_interfaces/motoros2_interfaces/srv/detail/list_inform_jobs__traits.hpp\n'}
[0.636951] (motoros2_interfaces) StdoutLine: {'line': b'-- Up-to-date symlink: /home/duy/cocarry_ws/install/motoros2_interfaces/include/motoros2_interfaces/motoros2_interfaces/srv/detail/list_inform_jobs__type_support.hpp\n'}
[0.637057] (motoros2_interfaces) StdoutLine: {'line': b'-- Up-to-date symlink: /home/duy/cocarry_ws/install/motoros2_interfaces/include/motoros2_interfaces/motoros2_interfaces/srv/detail/queue_traj_point__builder.hpp\n'}
[0.637201] (motoros2_interfaces) StdoutLine: {'line': b'-- Up-to-date symlink: /home/duy/cocarry_ws/install/motoros2_interfaces/include/motoros2_interfaces/motoros2_interfaces/srv/detail/queue_traj_point__struct.hpp\n'}
[0.637274] (motoros2_interfaces) StdoutLine: {'line': b'-- Up-to-date symlink: /home/duy/cocarry_ws/install/motoros2_interfaces/include/motoros2_interfaces/motoros2_interfaces/srv/detail/queue_traj_point__traits.hpp\n'}
[0.637343] (motoros2_interfaces) StdoutLine: {'line': b'-- Up-to-date symlink: /home/duy/cocarry_ws/install/motoros2_interfaces/include/motoros2_interfaces/motoros2_interfaces/srv/detail/queue_traj_point__type_support.hpp\n'}
[0.637413] (motoros2_interfaces) StdoutLine: {'line': b'-- Up-to-date symlink: /home/duy/cocarry_ws/install/motoros2_interfaces/include/motoros2_interfaces/motoros2_interfaces/srv/detail/read_group_io__builder.hpp\n'}
[0.637480] (motoros2_interfaces) StdoutLine: {'line': b'-- Up-to-date symlink: /home/duy/cocarry_ws/install/motoros2_interfaces/include/motoros2_interfaces/motoros2_interfaces/srv/detail/read_group_io__struct.hpp\n'}
[0.637550] (motoros2_interfaces) StdoutLine: {'line': b'-- Up-to-date symlink: /home/duy/cocarry_ws/install/motoros2_interfaces/include/motoros2_interfaces/motoros2_interfaces/srv/detail/read_group_io__traits.hpp\n'}
[0.637616] (motoros2_interfaces) StdoutLine: {'line': b'-- Up-to-date symlink: /home/duy/cocarry_ws/install/motoros2_interfaces/include/motoros2_interfaces/motoros2_interfaces/srv/detail/read_group_io__type_support.hpp\n'}
[0.637683] (motoros2_interfaces) StdoutLine: {'line': b'-- Up-to-date symlink: /home/duy/cocarry_ws/install/motoros2_interfaces/include/motoros2_interfaces/motoros2_interfaces/srv/detail/read_m_register__builder.hpp\n'}
[0.637873] (motoros2_interfaces) StdoutLine: {'line': b'-- Up-to-date symlink: /home/duy/cocarry_ws/install/motoros2_interfaces/include/motoros2_interfaces/motoros2_interfaces/srv/detail/read_m_register__struct.hpp\n'}
[0.637948] (motoros2_interfaces) StdoutLine: {'line': b'-- Up-to-date symlink: /home/duy/cocarry_ws/install/motoros2_interfaces/include/motoros2_interfaces/motoros2_interfaces/srv/detail/read_m_register__traits.hpp\n'}
[0.638011] (motoros2_interfaces) StdoutLine: {'line': b'-- Up-to-date symlink: /home/duy/cocarry_ws/install/motoros2_interfaces/include/motoros2_interfaces/motoros2_interfaces/srv/detail/read_m_register__type_support.hpp\n'}
[0.638135] (motoros2_interfaces) StdoutLine: {'line': b'-- Up-to-date symlink: /home/duy/cocarry_ws/install/motoros2_interfaces/include/motoros2_interfaces/motoros2_interfaces/srv/detail/read_single_io__builder.hpp\n'}
[0.638202] (motoros2_interfaces) StdoutLine: {'line': b'-- Up-to-date symlink: /home/duy/cocarry_ws/install/motoros2_interfaces/include/motoros2_interfaces/motoros2_interfaces/srv/detail/read_single_io__struct.hpp\n'}
[0.638266] (motoros2_interfaces) StdoutLine: {'line': b'-- Up-to-date symlink: /home/duy/cocarry_ws/install/motoros2_interfaces/include/motoros2_interfaces/motoros2_interfaces/srv/detail/read_single_io__traits.hpp\n'}
[0.638325] (motoros2_interfaces) StdoutLine: {'line': b'-- Up-to-date symlink: /home/duy/cocarry_ws/install/motoros2_interfaces/include/motoros2_interfaces/motoros2_interfaces/srv/detail/read_single_io__type_support.hpp\n'}
[0.638385] (motoros2_interfaces) StdoutLine: {'line': b'-- Up-to-date symlink: /home/duy/cocarry_ws/install/motoros2_interfaces/include/motoros2_interfaces/motoros2_interfaces/srv/detail/reset_error__builder.hpp\n'}
[0.638468] (motoros2_interfaces) StdoutLine: {'line': b'-- Up-to-date symlink: /home/duy/cocarry_ws/install/motoros2_interfaces/include/motoros2_interfaces/motoros2_interfaces/srv/detail/reset_error__struct.hpp\n'}
[0.638527] (motoros2_interfaces) StdoutLine: {'line': b'-- Up-to-date symlink: /home/duy/cocarry_ws/install/motoros2_interfaces/include/motoros2_interfaces/motoros2_interfaces/srv/detail/reset_error__traits.hpp\n'}
[0.638589] (motoros2_interfaces) StdoutLine: {'line': b'-- Up-to-date symlink: /home/duy/cocarry_ws/install/motoros2_interfaces/include/motoros2_interfaces/motoros2_interfaces/srv/detail/reset_error__type_support.hpp\n'}
[0.638648] (motoros2_interfaces) StdoutLine: {'line': b'-- Up-to-date symlink: /home/duy/cocarry_ws/install/motoros2_interfaces/include/motoros2_interfaces/motoros2_interfaces/srv/detail/select_motion_tool__builder.hpp\n'}
[0.638709] (motoros2_interfaces) StdoutLine: {'line': b'-- Up-to-date symlink: /home/duy/cocarry_ws/install/motoros2_interfaces/include/motoros2_interfaces/motoros2_interfaces/srv/detail/select_motion_tool__struct.hpp\n'}
[0.638802] (industrial_msgs) StdoutLine: {'line': b'-- Up-to-date symlink: /home/duy/cocarry_ws/install/industrial_msgs/share/ament_index/resource_index/packages/industrial_msgs\n'}
[0.638874] (industrial_msgs) StdoutLine: {'line': b'-- Up-to-date symlink: /home/duy/cocarry_ws/install/industrial_msgs/share/industrial_msgs/cmake/rosidl_cmake-extras.cmake\n'}
[0.638937] (motoros2_interfaces) StdoutLine: {'line': b'-- Up-to-date symlink: /home/duy/cocarry_ws/install/motoros2_interfaces/include/motoros2_interfaces/motoros2_interfaces/srv/detail/select_motion_tool__traits.hpp\n'}
[0.639001] (motoros2_interfaces) StdoutLine: {'line': b'-- Up-to-date symlink: /home/duy/cocarry_ws/install/motoros2_interfaces/include/motoros2_interfaces/motoros2_interfaces/srv/detail/select_motion_tool__type_support.hpp\n'}
[0.639067] (motoros2_interfaces) StdoutLine: {'line': b'-- Up-to-date symlink: /home/duy/cocarry_ws/install/motoros2_interfaces/include/motoros2_interfaces/motoros2_interfaces/srv/detail/start_point_queue_mode__builder.hpp\n'}
[0.639131] (motoros2_interfaces) StdoutLine: {'line': b'-- Up-to-date symlink: /home/duy/cocarry_ws/install/motoros2_interfaces/include/motoros2_interfaces/motoros2_interfaces/srv/detail/start_point_queue_mode__struct.hpp\n'}
[0.639264] (motoros2_interfaces) StdoutLine: {'line': b'-- Up-to-date symlink: /home/duy/cocarry_ws/install/motoros2_interfaces/include/motoros2_interfaces/motoros2_interfaces/srv/detail/start_point_queue_mode__traits.hpp\n'}
[0.639332] (motoros2_interfaces) StdoutLine: {'line': b'-- Up-to-date symlink: /home/duy/cocarry_ws/install/motoros2_interfaces/include/motoros2_interfaces/motoros2_interfaces/srv/detail/start_point_queue_mode__type_support.hpp\n'}
[0.639396] (motoros2_interfaces) StdoutLine: {'line': b'-- Up-to-date symlink: /home/duy/cocarry_ws/install/motoros2_interfaces/include/motoros2_interfaces/motoros2_interfaces/srv/detail/start_traj_mode__builder.hpp\n'}
[0.639463] (motoros2_interfaces) StdoutLine: {'line': b'-- Up-to-date symlink: /home/duy/cocarry_ws/install/motoros2_interfaces/include/motoros2_interfaces/motoros2_interfaces/srv/detail/start_traj_mode__struct.hpp\n'}
[0.639583] (motoros2_interfaces) StdoutLine: {'line': b'-- Up-to-date symlink: /home/duy/cocarry_ws/install/motoros2_interfaces/include/motoros2_interfaces/motoros2_interfaces/srv/detail/start_traj_mode__traits.hpp\n'}
[0.639654] (motoros2_interfaces) StdoutLine: {'line': b'-- Up-to-date symlink: /home/duy/cocarry_ws/install/motoros2_interfaces/include/motoros2_interfaces/motoros2_interfaces/srv/detail/start_traj_mode__type_support.hpp\n'}
[0.639722] (motoros2_interfaces) StdoutLine: {'line': b'-- Up-to-date symlink: /home/duy/cocarry_ws/install/motoros2_interfaces/include/motoros2_interfaces/motoros2_interfaces/srv/detail/write_group_io__builder.hpp\n'}
[0.639791] (motoros2_interfaces) StdoutLine: {'line': b'-- Up-to-date symlink: /home/duy/cocarry_ws/install/motoros2_interfaces/include/motoros2_interfaces/motoros2_interfaces/srv/detail/write_group_io__struct.hpp\n'}
[0.639859] (motoros2_interfaces) StdoutLine: {'line': b'-- Up-to-date symlink: /home/duy/cocarry_ws/install/motoros2_interfaces/include/motoros2_interfaces/motoros2_interfaces/srv/detail/write_group_io__traits.hpp\n'}
[0.639925] (motoros2_interfaces) StdoutLine: {'line': b'-- Up-to-date symlink: /home/duy/cocarry_ws/install/motoros2_interfaces/include/motoros2_interfaces/motoros2_interfaces/srv/detail/write_group_io__type_support.hpp\n'}
[0.640027] (industrial_msgs) StdoutLine: {'line': b'-- Up-to-date symlink: /home/duy/cocarry_ws/install/industrial_msgs/share/industrial_msgs/cmake/ament_cmake_export_dependencies-extras.cmake\n'}
[0.640163] (industrial_msgs) StdoutLine: {'line': b'-- Up-to-date symlink: /home/duy/cocarry_ws/install/industrial_msgs/share/industrial_msgs/cmake/ament_cmake_export_include_directories-extras.cmake\n'}
[0.640228] (industrial_msgs) StdoutLine: {'line': b'-- Up-to-date symlink: /home/duy/cocarry_ws/install/industrial_msgs/share/industrial_msgs/cmake/ament_cmake_export_libraries-extras.cmake\n'}
[0.640286] (motoros2_interfaces) StdoutLine: {'line': b'-- Up-to-date symlink: /home/duy/cocarry_ws/install/motoros2_interfaces/include/motoros2_interfaces/motoros2_interfaces/srv/detail/write_m_register__builder.hpp\n'}
[0.640343] (motoros2_interfaces) StdoutLine: {'line': b'-- Up-to-date symlink: /home/duy/cocarry_ws/install/motoros2_interfaces/include/motoros2_interfaces/motoros2_interfaces/srv/detail/write_m_register__struct.hpp\n'}
[0.640400] (motoros2_interfaces) StdoutLine: {'line': b'-- Up-to-date symlink: /home/duy/cocarry_ws/install/motoros2_interfaces/include/motoros2_interfaces/motoros2_interfaces/srv/detail/write_m_register__traits.hpp\n'}
[0.640455] (motoros2_interfaces) StdoutLine: {'line': b'-- Up-to-date symlink: /home/duy/cocarry_ws/install/motoros2_interfaces/include/motoros2_interfaces/motoros2_interfaces/srv/detail/write_m_register__type_support.hpp\n'}
[0.640504] (motoros2_interfaces) StdoutLine: {'line': b'-- Up-to-date symlink: /home/duy/cocarry_ws/install/motoros2_interfaces/include/motoros2_interfaces/motoros2_interfaces/srv/detail/write_single_io__builder.hpp\n'}
[0.640542] (industrial_msgs) StdoutLine: {'line': b'-- Up-to-date symlink: /home/duy/cocarry_ws/install/industrial_msgs/share/industrial_msgs/cmake/ament_cmake_export_targets-extras.cmake\n'}
[0.640580] (industrial_msgs) StdoutLine: {'line': b'-- Up-to-date symlink: /home/duy/cocarry_ws/install/industrial_msgs/share/industrial_msgs/cmake/rosidl_cmake_export_typesupport_targets-extras.cmake\n'}
[0.640617] (motoros2_interfaces) StdoutLine: {'line': b'-- Up-to-date symlink: /home/duy/cocarry_ws/install/motoros2_interfaces/include/motoros2_interfaces/motoros2_interfaces/srv/detail/write_single_io__struct.hpp\n'}
[0.640655] (motoros2_interfaces) StdoutLine: {'line': b'-- Up-to-date symlink: /home/duy/cocarry_ws/install/motoros2_interfaces/include/motoros2_interfaces/motoros2_interfaces/srv/detail/write_single_io__traits.hpp\n'}
[0.640690] (industrial_msgs) StdoutLine: {'line': b'-- Up-to-date symlink: /home/duy/cocarry_ws/install/industrial_msgs/share/industrial_msgs/cmake/rosidl_cmake_export_typesupport_libraries-extras.cmake\n'}
[0.640758] (industrial_msgs) StdoutLine: {'line': b'-- Up-to-date symlink: /home/duy/cocarry_ws/install/industrial_msgs/share/industrial_msgs/cmake/industrial_msgsConfig.cmake\n'}
[0.640797] (industrial_msgs) StdoutLine: {'line': b'-- Up-to-date symlink: /home/duy/cocarry_ws/install/industrial_msgs/share/industrial_msgs/cmake/industrial_msgsConfig-version.cmake\n'}
[0.640834] (motoros2_interfaces) StdoutLine: {'line': b'-- Up-to-date symlink: /home/duy/cocarry_ws/install/motoros2_interfaces/include/motoros2_interfaces/motoros2_interfaces/srv/detail/write_single_io__type_support.hpp\n'}
[0.640875] (motoros2_interfaces) StdoutLine: {'line': b'-- Up-to-date symlink: /home/duy/cocarry_ws/install/motoros2_interfaces/include/motoros2_interfaces/motoros2_interfaces/srv/get_active_alarm_info.hpp\n'}
[0.640913] (motoros2_interfaces) StdoutLine: {'line': b'-- Up-to-date symlink: /home/duy/cocarry_ws/install/motoros2_interfaces/include/motoros2_interfaces/motoros2_interfaces/srv/list_inform_jobs.hpp\n'}
[0.640949] (motoros2_interfaces) StdoutLine: {'line': b'-- Up-to-date symlink: /home/duy/cocarry_ws/install/motoros2_interfaces/include/motoros2_interfaces/motoros2_interfaces/srv/queue_traj_point.hpp\n'}
[0.640986] (motoros2_interfaces) StdoutLine: {'line': b'-- Up-to-date symlink: /home/duy/cocarry_ws/install/motoros2_interfaces/include/motoros2_interfaces/motoros2_interfaces/srv/read_group_io.hpp\n'}
[0.641024] (motoros2_interfaces) StdoutLine: {'line': b'-- Up-to-date symlink: /home/duy/cocarry_ws/install/motoros2_interfaces/include/motoros2_interfaces/motoros2_interfaces/srv/read_m_register.hpp\n'}
[0.641064] (motoros2_interfaces) StdoutLine: {'line': b'-- Up-to-date symlink: /home/duy/cocarry_ws/install/motoros2_interfaces/include/motoros2_interfaces/motoros2_interfaces/srv/read_single_io.hpp\n'}
[0.641113] (motoros2_interfaces) StdoutLine: {'line': b'-- Up-to-date symlink: /home/duy/cocarry_ws/install/motoros2_interfaces/include/motoros2_interfaces/motoros2_interfaces/srv/reset_error.hpp\n'}
[0.641151] (motoros2_interfaces) StdoutLine: {'line': b'-- Up-to-date symlink: /home/duy/cocarry_ws/install/motoros2_interfaces/include/motoros2_interfaces/motoros2_interfaces/srv/select_motion_tool.hpp\n'}
[0.641224] (industrial_msgs) StdoutLine: {'line': b'-- Up-to-date symlink: /home/duy/cocarry_ws/install/industrial_msgs/share/industrial_msgs/package.xml\n'}
[0.641266] (motoros2_interfaces) StdoutLine: {'line': b'-- Up-to-date symlink: /home/duy/cocarry_ws/install/motoros2_interfaces/include/motoros2_interfaces/motoros2_interfaces/srv/start_point_queue_mode.hpp\n'}
[0.641310] (motoros2_interfaces) StdoutLine: {'line': b'-- Up-to-date symlink: /home/duy/cocarry_ws/install/motoros2_interfaces/include/motoros2_interfaces/motoros2_interfaces/srv/start_traj_mode.hpp\n'}
[0.641348] (motoros2_interfaces) StdoutLine: {'line': b'-- Up-to-date symlink: /home/duy/cocarry_ws/install/motoros2_interfaces/include/motoros2_interfaces/motoros2_interfaces/srv/write_group_io.hpp\n'}
[0.641385] (motoros2_interfaces) StdoutLine: {'line': b'-- Up-to-date symlink: /home/duy/cocarry_ws/install/motoros2_interfaces/include/motoros2_interfaces/motoros2_interfaces/srv/write_m_register.hpp\n'}
[0.641421] (motoros2_interfaces) StdoutLine: {'line': b'-- Up-to-date symlink: /home/duy/cocarry_ws/install/motoros2_interfaces/include/motoros2_interfaces/motoros2_interfaces/srv/write_single_io.hpp\n'}
[0.641458] (industrial_msgs) StdoutLine: {'line': b'-- Up-to-date: /home/duy/cocarry_ws/install/industrial_msgs/lib/libindustrial_msgs__rosidl_generator_c.so\n'}
[0.641496] (industrial_msgs) StdoutLine: {'line': b'-- Up-to-date: /home/duy/cocarry_ws/install/industrial_msgs/lib/libindustrial_msgs__rosidl_typesupport_fastrtps_c.so\n'}
[0.641534] (industrial_msgs) StdoutLine: {'line': b'-- Up-to-date: /home/duy/cocarry_ws/install/industrial_msgs/lib/libindustrial_msgs__rosidl_typesupport_introspection_c.so\n'}
[0.641571] (industrial_msgs) StdoutLine: {'line': b'-- Up-to-date: /home/duy/cocarry_ws/install/industrial_msgs/lib/libindustrial_msgs__rosidl_typesupport_c.so\n'}
[0.641610] (motoros2_interfaces) StdoutLine: {'line': b'-- Up-to-date symlink: /home/duy/cocarry_ws/install/motoros2_interfaces/include/motoros2_interfaces/motoros2_interfaces/msg/detail/alarm_cause_remedy__rosidl_typesupport_fastrtps_cpp.hpp\n'}
[0.641648] (motoros2_interfaces) StdoutLine: {'line': b'-- Up-to-date symlink: /home/duy/cocarry_ws/install/motoros2_interfaces/include/motoros2_interfaces/motoros2_interfaces/msg/detail/alarm_info__rosidl_typesupport_fastrtps_cpp.hpp\n'}
[0.641687] (motoros2_interfaces) StdoutLine: {'line': b'-- Up-to-date symlink: /home/duy/cocarry_ws/install/motoros2_interfaces/include/motoros2_interfaces/motoros2_interfaces/msg/detail/error_info__rosidl_typesupport_fastrtps_cpp.hpp\n'}
[0.641731] (motoros2_interfaces) StdoutLine: {'line': b'-- Up-to-date symlink: /home/duy/cocarry_ws/install/motoros2_interfaces/include/motoros2_interfaces/motoros2_interfaces/msg/detail/inform_job_crud_result_codes__rosidl_typesupport_fastrtps_cpp.hpp\n'}
[0.641775] (motoros2_interfaces) StdoutLine: {'line': b'-- Up-to-date symlink: /home/duy/cocarry_ws/install/motoros2_interfaces/include/motoros2_interfaces/motoros2_interfaces/msg/detail/init_traj_enum__rosidl_typesupport_fastrtps_cpp.hpp\n'}
[0.641812] (motoros2_interfaces) StdoutLine: {'line': b'-- Up-to-date symlink: /home/duy/cocarry_ws/install/motoros2_interfaces/include/motoros2_interfaces/motoros2_interfaces/msg/detail/io_result_codes__rosidl_typesupport_fastrtps_cpp.hpp\n'}
[0.641849] (motoros2_interfaces) StdoutLine: {'line': b'-- Up-to-date symlink: /home/duy/cocarry_ws/install/motoros2_interfaces/include/motoros2_interfaces/motoros2_interfaces/msg/detail/motion_ready_enum__rosidl_typesupport_fastrtps_cpp.hpp\n'}
[0.641885] (motoros2_interfaces) StdoutLine: {'line': b'-- Up-to-date symlink: /home/duy/cocarry_ws/install/motoros2_interfaces/include/motoros2_interfaces/motoros2_interfaces/msg/detail/queue_result_enum__rosidl_typesupport_fastrtps_cpp.hpp\n'}
[0.641921] (motoros2_interfaces) StdoutLine: {'line': b'-- Up-to-date symlink: /home/duy/cocarry_ws/install/motoros2_interfaces/include/motoros2_interfaces/motoros2_interfaces/msg/detail/selection_result_codes__rosidl_typesupport_fastrtps_cpp.hpp\n'}
[0.641956] (motoros2_interfaces) StdoutLine: {'line': b'-- Up-to-date symlink: /home/duy/cocarry_ws/install/motoros2_interfaces/include/motoros2_interfaces/motoros2_interfaces/msg/rosidl_typesupport_fastrtps_cpp__visibility_control.h\n'}
[0.641991] (industrial_msgs) StdoutLine: {'line': b'-- Up-to-date: /home/duy/cocarry_ws/install/industrial_msgs/lib/libindustrial_msgs__rosidl_typesupport_fastrtps_cpp.so\n'}
[0.642030] (industrial_msgs) StdoutLine: {'line': b'-- Up-to-date: /home/duy/cocarry_ws/install/industrial_msgs/lib/libindustrial_msgs__rosidl_typesupport_introspection_cpp.so\n'}
[0.642066] (industrial_msgs) StdoutLine: {'line': b'-- Up-to-date: /home/duy/cocarry_ws/install/industrial_msgs/lib/libindustrial_msgs__rosidl_typesupport_cpp.so\n'}
[0.642103] (motoros2_interfaces) StdoutLine: {'line': b'-- Up-to-date symlink: /home/duy/cocarry_ws/install/motoros2_interfaces/include/motoros2_interfaces/motoros2_interfaces/srv/detail/get_active_alarm_info__rosidl_typesupport_fastrtps_cpp.hpp\n'}
[0.642140] (motoros2_interfaces) StdoutLine: {'line': b'-- Up-to-date symlink: /home/duy/cocarry_ws/install/motoros2_interfaces/include/motoros2_interfaces/motoros2_interfaces/srv/detail/list_inform_jobs__rosidl_typesupport_fastrtps_cpp.hpp\n'}
[0.642178] (motoros2_interfaces) StdoutLine: {'line': b'-- Up-to-date symlink: /home/duy/cocarry_ws/install/motoros2_interfaces/include/motoros2_interfaces/motoros2_interfaces/srv/detail/queue_traj_point__rosidl_typesupport_fastrtps_cpp.hpp\n'}
[0.642215] (motoros2_interfaces) StdoutLine: {'line': b'-- Up-to-date symlink: /home/duy/cocarry_ws/install/motoros2_interfaces/include/motoros2_interfaces/motoros2_interfaces/srv/detail/read_group_io__rosidl_typesupport_fastrtps_cpp.hpp\n'}
[0.642251] (motoros2_interfaces) StdoutLine: {'line': b'-- Up-to-date symlink: /home/duy/cocarry_ws/install/motoros2_interfaces/include/motoros2_interfaces/motoros2_interfaces/srv/detail/read_m_register__rosidl_typesupport_fastrtps_cpp.hpp\n'}
[0.642291] (motoros2_interfaces) StdoutLine: {'line': b'-- Up-to-date symlink: /home/duy/cocarry_ws/install/motoros2_interfaces/include/motoros2_interfaces/motoros2_interfaces/srv/detail/read_single_io__rosidl_typesupport_fastrtps_cpp.hpp\n'}
[0.642327] (motoros2_interfaces) StdoutLine: {'line': b'-- Up-to-date symlink: /home/duy/cocarry_ws/install/motoros2_interfaces/include/motoros2_interfaces/motoros2_interfaces/srv/detail/reset_error__rosidl_typesupport_fastrtps_cpp.hpp\n'}
[0.642364] (motoros2_interfaces) StdoutLine: {'line': b'-- Up-to-date symlink: /home/duy/cocarry_ws/install/motoros2_interfaces/include/motoros2_interfaces/motoros2_interfaces/srv/detail/select_motion_tool__rosidl_typesupport_fastrtps_cpp.hpp\n'}
[0.642399] (motoros2_interfaces) StdoutLine: {'line': b'-- Up-to-date symlink: /home/duy/cocarry_ws/install/motoros2_interfaces/include/motoros2_interfaces/motoros2_interfaces/srv/detail/start_point_queue_mode__rosidl_typesupport_fastrtps_cpp.hpp\n'}
[0.642438] (motoros2_interfaces) StdoutLine: {'line': b'-- Up-to-date symlink: /home/duy/cocarry_ws/install/motoros2_interfaces/include/motoros2_interfaces/motoros2_interfaces/srv/detail/start_traj_mode__rosidl_typesupport_fastrtps_cpp.hpp\n'}
[0.642474] (motoros2_interfaces) StdoutLine: {'line': b'-- Up-to-date symlink: /home/duy/cocarry_ws/install/motoros2_interfaces/include/motoros2_interfaces/motoros2_interfaces/srv/detail/write_group_io__rosidl_typesupport_fastrtps_cpp.hpp\n'}
[0.642511] (motoros2_interfaces) StdoutLine: {'line': b'-- Up-to-date symlink: /home/duy/cocarry_ws/install/motoros2_interfaces/include/motoros2_interfaces/motoros2_interfaces/srv/detail/write_m_register__rosidl_typesupport_fastrtps_cpp.hpp\n'}
[0.642546] (motoros2_interfaces) StdoutLine: {'line': b'-- Up-to-date symlink: /home/duy/cocarry_ws/install/motoros2_interfaces/include/motoros2_interfaces/motoros2_interfaces/srv/detail/write_single_io__rosidl_typesupport_fastrtps_cpp.hpp\n'}
[0.642631] (motoros2_interfaces) StdoutLine: {'line': b'-- Up-to-date symlink: /home/duy/cocarry_ws/install/motoros2_interfaces/include/motoros2_interfaces/motoros2_interfaces/msg/detail/alarm_cause_remedy__rosidl_typesupport_introspection_c.h\n'}
[0.642676] (motoros2_interfaces) StdoutLine: {'line': b'-- Up-to-date symlink: /home/duy/cocarry_ws/install/motoros2_interfaces/include/motoros2_interfaces/motoros2_interfaces/msg/detail/alarm_info__rosidl_typesupport_introspection_c.h\n'}
[0.642723] (motoros2_interfaces) StdoutLine: {'line': b'-- Up-to-date symlink: /home/duy/cocarry_ws/install/motoros2_interfaces/include/motoros2_interfaces/motoros2_interfaces/msg/detail/error_info__rosidl_typesupport_introspection_c.h\n'}
[0.642765] (motoros2_interfaces) StdoutLine: {'line': b'-- Up-to-date symlink: /home/duy/cocarry_ws/install/motoros2_interfaces/include/motoros2_interfaces/motoros2_interfaces/msg/detail/inform_job_crud_result_codes__rosidl_typesupport_introspection_c.h\n'}
[0.642804] (motoros2_interfaces) StdoutLine: {'line': b'-- Up-to-date symlink: /home/duy/cocarry_ws/install/motoros2_interfaces/include/motoros2_interfaces/motoros2_interfaces/msg/detail/init_traj_enum__rosidl_typesupport_introspection_c.h\n'}
[0.642919] (motoros2_interfaces) StdoutLine: {'line': b'-- Up-to-date symlink: /home/duy/cocarry_ws/install/motoros2_interfaces/include/motoros2_interfaces/motoros2_interfaces/msg/detail/io_result_codes__rosidl_typesupport_introspection_c.h\n'}
[0.642960] (motoros2_interfaces) StdoutLine: {'line': b'-- Up-to-date symlink: /home/duy/cocarry_ws/install/motoros2_interfaces/include/motoros2_interfaces/motoros2_interfaces/msg/detail/motion_ready_enum__rosidl_typesupport_introspection_c.h\n'}
[0.642997] (motoros2_interfaces) StdoutLine: {'line': b'-- Up-to-date symlink: /home/duy/cocarry_ws/install/motoros2_interfaces/include/motoros2_interfaces/motoros2_interfaces/msg/detail/queue_result_enum__rosidl_typesupport_introspection_c.h\n'}
[0.643036] (motoros2_interfaces) StdoutLine: {'line': b'-- Up-to-date symlink: /home/duy/cocarry_ws/install/motoros2_interfaces/include/motoros2_interfaces/motoros2_interfaces/msg/detail/selection_result_codes__rosidl_typesupport_introspection_c.h\n'}
[0.643079] (motoros2_interfaces) StdoutLine: {'line': b'-- Up-to-date symlink: /home/duy/cocarry_ws/install/motoros2_interfaces/include/motoros2_interfaces/motoros2_interfaces/msg/rosidl_typesupport_introspection_c__visibility_control.h\n'}
[0.643116] (motoros2_interfaces) StdoutLine: {'line': b'-- Up-to-date symlink: /home/duy/cocarry_ws/install/motoros2_interfaces/include/motoros2_interfaces/motoros2_interfaces/srv/detail/get_active_alarm_info__rosidl_typesupport_introspection_c.h\n'}
[0.643152] (motoros2_interfaces) StdoutLine: {'line': b'-- Up-to-date symlink: /home/duy/cocarry_ws/install/motoros2_interfaces/include/motoros2_interfaces/motoros2_interfaces/srv/detail/list_inform_jobs__rosidl_typesupport_introspection_c.h\n'}
[0.643189] (motoros2_interfaces) StdoutLine: {'line': b'-- Up-to-date symlink: /home/duy/cocarry_ws/install/motoros2_interfaces/include/motoros2_interfaces/motoros2_interfaces/srv/detail/queue_traj_point__rosidl_typesupport_introspection_c.h\n'}
[0.643225] (motoros2_interfaces) StdoutLine: {'line': b'-- Up-to-date symlink: /home/duy/cocarry_ws/install/motoros2_interfaces/include/motoros2_interfaces/motoros2_interfaces/srv/detail/read_group_io__rosidl_typesupport_introspection_c.h\n'}
[0.643261] (motoros2_interfaces) StdoutLine: {'line': b'-- Up-to-date symlink: /home/duy/cocarry_ws/install/motoros2_interfaces/include/motoros2_interfaces/motoros2_interfaces/srv/detail/read_m_register__rosidl_typesupport_introspection_c.h\n'}
[0.643303] (motoros2_interfaces) StdoutLine: {'line': b'-- Up-to-date symlink: /home/duy/cocarry_ws/install/motoros2_interfaces/include/motoros2_interfaces/motoros2_interfaces/srv/detail/read_single_io__rosidl_typesupport_introspection_c.h\n'}
[0.643338] (motoros2_interfaces) StdoutLine: {'line': b'-- Up-to-date symlink: /home/duy/cocarry_ws/install/motoros2_interfaces/include/motoros2_interfaces/motoros2_interfaces/srv/detail/reset_error__rosidl_typesupport_introspection_c.h\n'}
[0.643374] (motoros2_interfaces) StdoutLine: {'line': b'-- Up-to-date symlink: /home/duy/cocarry_ws/install/motoros2_interfaces/include/motoros2_interfaces/motoros2_interfaces/srv/detail/select_motion_tool__rosidl_typesupport_introspection_c.h\n'}
[0.643435] (motoros2_interfaces) StdoutLine: {'line': b'-- Up-to-date symlink: /home/duy/cocarry_ws/install/motoros2_interfaces/include/motoros2_interfaces/motoros2_interfaces/srv/detail/start_point_queue_mode__rosidl_typesupport_introspection_c.h\n'}
[0.643473] (motoros2_interfaces) StdoutLine: {'line': b'-- Up-to-date symlink: /home/duy/cocarry_ws/install/motoros2_interfaces/include/motoros2_interfaces/motoros2_interfaces/srv/detail/start_traj_mode__rosidl_typesupport_introspection_c.h\n'}
[0.643510] (motoros2_interfaces) StdoutLine: {'line': b'-- Up-to-date symlink: /home/duy/cocarry_ws/install/motoros2_interfaces/include/motoros2_interfaces/motoros2_interfaces/srv/detail/write_group_io__rosidl_typesupport_introspection_c.h\n'}
[0.643546] (motoros2_interfaces) StdoutLine: {'line': b'-- Up-to-date symlink: /home/duy/cocarry_ws/install/motoros2_interfaces/include/motoros2_interfaces/motoros2_interfaces/srv/detail/write_m_register__rosidl_typesupport_introspection_c.h\n'}
[0.643582] (motoros2_interfaces) StdoutLine: {'line': b'-- Up-to-date symlink: /home/duy/cocarry_ws/install/motoros2_interfaces/include/motoros2_interfaces/motoros2_interfaces/srv/detail/write_single_io__rosidl_typesupport_introspection_c.h\n'}
[0.643657] (motoros2_interfaces) StdoutLine: {'line': b'-- Up-to-date symlink: /home/duy/cocarry_ws/install/motoros2_interfaces/include/motoros2_interfaces/motoros2_interfaces/msg/detail/alarm_cause_remedy__rosidl_typesupport_introspection_cpp.hpp\n'}
[0.643694] (motoros2_interfaces) StdoutLine: {'line': b'-- Up-to-date symlink: /home/duy/cocarry_ws/install/motoros2_interfaces/include/motoros2_interfaces/motoros2_interfaces/msg/detail/alarm_info__rosidl_typesupport_introspection_cpp.hpp\n'}
[0.643763] (motoros2_interfaces) StdoutLine: {'line': b'-- Up-to-date symlink: /home/duy/cocarry_ws/install/motoros2_interfaces/include/motoros2_interfaces/motoros2_interfaces/msg/detail/error_info__rosidl_typesupport_introspection_cpp.hpp\n'}
[0.643802] (motoros2_interfaces) StdoutLine: {'line': b'-- Up-to-date symlink: /home/duy/cocarry_ws/install/motoros2_interfaces/include/motoros2_interfaces/motoros2_interfaces/msg/detail/inform_job_crud_result_codes__rosidl_typesupport_introspection_cpp.hpp\n'}
[0.643840] (motoros2_interfaces) StdoutLine: {'line': b'-- Up-to-date symlink: /home/duy/cocarry_ws/install/motoros2_interfaces/include/motoros2_interfaces/motoros2_interfaces/msg/detail/init_traj_enum__rosidl_typesupport_introspection_cpp.hpp\n'}
[0.643878] (motoros2_interfaces) StdoutLine: {'line': b'-- Up-to-date symlink: /home/duy/cocarry_ws/install/motoros2_interfaces/include/motoros2_interfaces/motoros2_interfaces/msg/detail/io_result_codes__rosidl_typesupport_introspection_cpp.hpp\n'}
[0.643914] (motoros2_interfaces) StdoutLine: {'line': b'-- Up-to-date symlink: /home/duy/cocarry_ws/install/motoros2_interfaces/include/motoros2_interfaces/motoros2_interfaces/msg/detail/motion_ready_enum__rosidl_typesupport_introspection_cpp.hpp\n'}
[0.643950] (motoros2_interfaces) StdoutLine: {'line': b'-- Up-to-date symlink: /home/duy/cocarry_ws/install/motoros2_interfaces/include/motoros2_interfaces/motoros2_interfaces/msg/detail/queue_result_enum__rosidl_typesupport_introspection_cpp.hpp\n'}
[0.643985] (motoros2_interfaces) StdoutLine: {'line': b'-- Up-to-date symlink: /home/duy/cocarry_ws/install/motoros2_interfaces/include/motoros2_interfaces/motoros2_interfaces/msg/detail/selection_result_codes__rosidl_typesupport_introspection_cpp.hpp\n'}
[0.644021] (motoros2_interfaces) StdoutLine: {'line': b'-- Up-to-date symlink: /home/duy/cocarry_ws/install/motoros2_interfaces/include/motoros2_interfaces/motoros2_interfaces/srv/detail/get_active_alarm_info__rosidl_typesupport_introspection_cpp.hpp\n'}
[0.644057] (motoros2_interfaces) StdoutLine: {'line': b'-- Up-to-date symlink: /home/duy/cocarry_ws/install/motoros2_interfaces/include/motoros2_interfaces/motoros2_interfaces/srv/detail/list_inform_jobs__rosidl_typesupport_introspection_cpp.hpp\n'}
[0.644093] (motoros2_interfaces) StdoutLine: {'line': b'-- Up-to-date symlink: /home/duy/cocarry_ws/install/motoros2_interfaces/include/motoros2_interfaces/motoros2_interfaces/srv/detail/queue_traj_point__rosidl_typesupport_introspection_cpp.hpp\n'}
[0.644128] (motoros2_interfaces) StdoutLine: {'line': b'-- Up-to-date symlink: /home/duy/cocarry_ws/install/motoros2_interfaces/include/motoros2_interfaces/motoros2_interfaces/srv/detail/read_group_io__rosidl_typesupport_introspection_cpp.hpp\n'}
[0.644194] (motoros2_interfaces) StdoutLine: {'line': b'-- Up-to-date symlink: /home/duy/cocarry_ws/install/motoros2_interfaces/include/motoros2_interfaces/motoros2_interfaces/srv/detail/read_m_register__rosidl_typesupport_introspection_cpp.hpp\n'}
[0.644235] (motoros2_interfaces) StdoutLine: {'line': b'-- Up-to-date symlink: /home/duy/cocarry_ws/install/motoros2_interfaces/include/motoros2_interfaces/motoros2_interfaces/srv/detail/read_single_io__rosidl_typesupport_introspection_cpp.hpp\n'}
[0.644324] (motoros2_interfaces) StdoutLine: {'line': b'-- Up-to-date symlink: /home/duy/cocarry_ws/install/motoros2_interfaces/include/motoros2_interfaces/motoros2_interfaces/srv/detail/reset_error__rosidl_typesupport_introspection_cpp.hpp\n'}
[0.644367] (motoros2_interfaces) StdoutLine: {'line': b'-- Up-to-date symlink: /home/duy/cocarry_ws/install/motoros2_interfaces/include/motoros2_interfaces/motoros2_interfaces/srv/detail/select_motion_tool__rosidl_typesupport_introspection_cpp.hpp\n'}
[0.644402] (motoros2_interfaces) StdoutLine: {'line': b'-- Up-to-date symlink: /home/duy/cocarry_ws/install/motoros2_interfaces/include/motoros2_interfaces/motoros2_interfaces/srv/detail/start_point_queue_mode__rosidl_typesupport_introspection_cpp.hpp\n'}
[0.644441] (motoros2_interfaces) StdoutLine: {'line': b'-- Up-to-date symlink: /home/duy/cocarry_ws/install/motoros2_interfaces/include/motoros2_interfaces/motoros2_interfaces/srv/detail/start_traj_mode__rosidl_typesupport_introspection_cpp.hpp\n'}
[0.644494] (motoros2_interfaces) StdoutLine: {'line': b'-- Up-to-date symlink: /home/duy/cocarry_ws/install/motoros2_interfaces/include/motoros2_interfaces/motoros2_interfaces/srv/detail/write_group_io__rosidl_typesupport_introspection_cpp.hpp\n'}
[0.644536] (motoros2_interfaces) StdoutLine: {'line': b'-- Up-to-date symlink: /home/duy/cocarry_ws/install/motoros2_interfaces/include/motoros2_interfaces/motoros2_interfaces/srv/detail/write_m_register__rosidl_typesupport_introspection_cpp.hpp\n'}
[0.644594] (motoros2_interfaces) StdoutLine: {'line': b'-- Up-to-date symlink: /home/duy/cocarry_ws/install/motoros2_interfaces/include/motoros2_interfaces/motoros2_interfaces/srv/detail/write_single_io__rosidl_typesupport_introspection_cpp.hpp\n'}
[0.644628] (motoros2_interfaces) StdoutLine: {'line': b'-- Up-to-date symlink: /home/duy/cocarry_ws/install/motoros2_interfaces/share/motoros2_interfaces/environment/pythonpath.sh\n'}
[0.644665] (motoros2_interfaces) StdoutLine: {'line': b'-- Up-to-date symlink: /home/duy/cocarry_ws/install/motoros2_interfaces/share/motoros2_interfaces/environment/pythonpath.dsv\n'}
[0.644733] (motoros2_interfaces) StdoutLine: {'line': b'-- Up-to-date symlink: /home/duy/cocarry_ws/install/motoros2_interfaces/local/lib/python3.10/dist-packages/motoros2_interfaces-0.2.0-py3.10.egg-info/PKG-INFO\n'}
[0.644803] (motoros2_interfaces) StdoutLine: {'line': b'-- Up-to-date symlink: /home/duy/cocarry_ws/install/motoros2_interfaces/local/lib/python3.10/dist-packages/motoros2_interfaces-0.2.0-py3.10.egg-info/SOURCES.txt\n'}
[0.644867] (motoros2_interfaces) StdoutLine: {'line': b'-- Up-to-date symlink: /home/duy/cocarry_ws/install/motoros2_interfaces/local/lib/python3.10/dist-packages/motoros2_interfaces-0.2.0-py3.10.egg-info/dependency_links.txt\n'}
[0.644931] (motoros2_interfaces) StdoutLine: {'line': b'-- Up-to-date symlink: /home/duy/cocarry_ws/install/motoros2_interfaces/local/lib/python3.10/dist-packages/motoros2_interfaces-0.2.0-py3.10.egg-info/top_level.txt\n'}
[0.645722] (motoros2_interfaces) StdoutLine: {'line': b'-- Up-to-date symlink: /home/duy/cocarry_ws/install/motoros2_interfaces/local/lib/python3.10/dist-packages/motoros2_interfaces/__init__.py\n'}
[0.645780] (motoros2_interfaces) StdoutLine: {'line': b'-- Up-to-date symlink: /home/duy/cocarry_ws/install/motoros2_interfaces/local/lib/python3.10/dist-packages/motoros2_interfaces/_motoros2_interfaces_s.ep.rosidl_typesupport_c.c\n'}
[0.645838] (motoros2_interfaces) StdoutLine: {'line': b'-- Up-to-date symlink: /home/duy/cocarry_ws/install/motoros2_interfaces/local/lib/python3.10/dist-packages/motoros2_interfaces/_motoros2_interfaces_s.ep.rosidl_typesupport_fastrtps_c.c\n'}
[0.645905] (motoros2_interfaces) StdoutLine: {'line': b'-- Up-to-date symlink: /home/duy/cocarry_ws/install/motoros2_interfaces/local/lib/python3.10/dist-packages/motoros2_interfaces/_motoros2_interfaces_s.ep.rosidl_typesupport_introspection_c.c\n'}
[0.645971] (motoros2_interfaces) StdoutLine: {'line': b'-- Up-to-date symlink: /home/duy/cocarry_ws/install/motoros2_interfaces/local/lib/python3.10/dist-packages/motoros2_interfaces/libmotoros2_interfaces__rosidl_generator_py.so\n'}
[0.646039] (motoros2_interfaces) StdoutLine: {'line': b'-- Up-to-date symlink: /home/duy/cocarry_ws/install/motoros2_interfaces/local/lib/python3.10/dist-packages/motoros2_interfaces/motoros2_interfaces_s__rosidl_typesupport_c.cpython-310-x86_64-linux-gnu.so\n'}
[0.646106] (motoros2_interfaces) StdoutLine: {'line': b'-- Up-to-date symlink: /home/duy/cocarry_ws/install/motoros2_interfaces/local/lib/python3.10/dist-packages/motoros2_interfaces/motoros2_interfaces_s__rosidl_typesupport_fastrtps_c.cpython-310-x86_64-linux-gnu.so\n'}
[0.646172] (motoros2_interfaces) StdoutLine: {'line': b'-- Up-to-date symlink: /home/duy/cocarry_ws/install/motoros2_interfaces/local/lib/python3.10/dist-packages/motoros2_interfaces/motoros2_interfaces_s__rosidl_typesupport_introspection_c.cpython-310-x86_64-linux-gnu.so\n'}
[0.646245] (motoros2_interfaces) StdoutLine: {'line': b'-- Up-to-date symlink: /home/duy/cocarry_ws/install/motoros2_interfaces/local/lib/python3.10/dist-packages/motoros2_interfaces/msg/__init__.py\n'}
[0.646313] (motoros2_interfaces) StdoutLine: {'line': b'-- Up-to-date symlink: /home/duy/cocarry_ws/install/motoros2_interfaces/local/lib/python3.10/dist-packages/motoros2_interfaces/msg/_alarm_cause_remedy.py\n'}
[0.646378] (motoros2_interfaces) StdoutLine: {'line': b'-- Up-to-date symlink: /home/duy/cocarry_ws/install/motoros2_interfaces/local/lib/python3.10/dist-packages/motoros2_interfaces/msg/_alarm_cause_remedy_s.c\n'}
[0.646444] (motoros2_interfaces) StdoutLine: {'line': b'-- Up-to-date symlink: /home/duy/cocarry_ws/install/motoros2_interfaces/local/lib/python3.10/dist-packages/motoros2_interfaces/msg/_alarm_info.py\n'}
[0.646513] (motoros2_interfaces) StdoutLine: {'line': b'-- Up-to-date symlink: /home/duy/cocarry_ws/install/motoros2_interfaces/local/lib/python3.10/dist-packages/motoros2_interfaces/msg/_alarm_info_s.c\n'}
[0.646590] (motoros2_interfaces) StdoutLine: {'line': b'-- Up-to-date symlink: /home/duy/cocarry_ws/install/motoros2_interfaces/local/lib/python3.10/dist-packages/motoros2_interfaces/msg/_error_info.py\n'}
[0.646670] (motoros2_interfaces) StdoutLine: {'line': b'-- Up-to-date symlink: /home/duy/cocarry_ws/install/motoros2_interfaces/local/lib/python3.10/dist-packages/motoros2_interfaces/msg/_error_info_s.c\n'}
[0.646752] (motoros2_interfaces) StdoutLine: {'line': b'-- Up-to-date symlink: /home/duy/cocarry_ws/install/motoros2_interfaces/local/lib/python3.10/dist-packages/motoros2_interfaces/msg/_inform_job_crud_result_codes.py\n'}
[0.646849] (motoros2_interfaces) StdoutLine: {'line': b'-- Up-to-date symlink: /home/duy/cocarry_ws/install/motoros2_interfaces/local/lib/python3.10/dist-packages/motoros2_interfaces/msg/_inform_job_crud_result_codes_s.c\n'}
[0.646905] (motoros2_interfaces) StdoutLine: {'line': b'-- Up-to-date symlink: /home/duy/cocarry_ws/install/motoros2_interfaces/local/lib/python3.10/dist-packages/motoros2_interfaces/msg/_init_traj_enum.py\n'}
[0.646980] (motoros2_interfaces) StdoutLine: {'line': b'-- Up-to-date symlink: /home/duy/cocarry_ws/install/motoros2_interfaces/local/lib/python3.10/dist-packages/motoros2_interfaces/msg/_init_traj_enum_s.c\n'}
[0.647061] (motoros2_interfaces) StdoutLine: {'line': b'-- Up-to-date symlink: /home/duy/cocarry_ws/install/motoros2_interfaces/local/lib/python3.10/dist-packages/motoros2_interfaces/msg/_io_result_codes.py\n'}
[0.647150] (motoros2_interfaces) StdoutLine: {'line': b'-- Up-to-date symlink: /home/duy/cocarry_ws/install/motoros2_interfaces/local/lib/python3.10/dist-packages/motoros2_interfaces/msg/_io_result_codes_s.c\n'}
[0.647206] (motoros2_interfaces) StdoutLine: {'line': b'-- Up-to-date symlink: /home/duy/cocarry_ws/install/motoros2_interfaces/local/lib/python3.10/dist-packages/motoros2_interfaces/msg/_motion_ready_enum.py\n'}
[0.647305] (motoros2_interfaces) StdoutLine: {'line': b'-- Up-to-date symlink: /home/duy/cocarry_ws/install/motoros2_interfaces/local/lib/python3.10/dist-packages/motoros2_interfaces/msg/_motion_ready_enum_s.c\n'}
[0.647360] (motoros2_interfaces) StdoutLine: {'line': b'-- Up-to-date symlink: /home/duy/cocarry_ws/install/motoros2_interfaces/local/lib/python3.10/dist-packages/motoros2_interfaces/msg/_queue_result_enum.py\n'}
[0.647458] (motoros2_interfaces) StdoutLine: {'line': b'-- Up-to-date symlink: /home/duy/cocarry_ws/install/motoros2_interfaces/local/lib/python3.10/dist-packages/motoros2_interfaces/msg/_queue_result_enum_s.c\n'}
[0.647510] (motoros2_interfaces) StdoutLine: {'line': b'-- Up-to-date symlink: /home/duy/cocarry_ws/install/motoros2_interfaces/local/lib/python3.10/dist-packages/motoros2_interfaces/msg/_selection_result_codes.py\n'}
[0.647550] (motoros2_interfaces) StdoutLine: {'line': b'-- Up-to-date symlink: /home/duy/cocarry_ws/install/motoros2_interfaces/local/lib/python3.10/dist-packages/motoros2_interfaces/msg/_selection_result_codes_s.c\n'}
[0.647634] (motoros2_interfaces) StdoutLine: {'line': b'-- Up-to-date symlink: /home/duy/cocarry_ws/install/motoros2_interfaces/local/lib/python3.10/dist-packages/motoros2_interfaces/srv/__init__.py\n'}
[0.647700] (motoros2_interfaces) StdoutLine: {'line': b'-- Up-to-date symlink: /home/duy/cocarry_ws/install/motoros2_interfaces/local/lib/python3.10/dist-packages/motoros2_interfaces/srv/_get_active_alarm_info.py\n'}
[0.647781] (motoros2_interfaces) StdoutLine: {'line': b'-- Up-to-date symlink: /home/duy/cocarry_ws/install/motoros2_interfaces/local/lib/python3.10/dist-packages/motoros2_interfaces/srv/_get_active_alarm_info_s.c\n'}
[0.647829] (motoros2_interfaces) StdoutLine: {'line': b'-- Up-to-date symlink: /home/duy/cocarry_ws/install/motoros2_interfaces/local/lib/python3.10/dist-packages/motoros2_interfaces/srv/_list_inform_jobs.py\n'}
[0.647888] (motoros2_interfaces) StdoutLine: {'line': b'-- Up-to-date symlink: /home/duy/cocarry_ws/install/motoros2_interfaces/local/lib/python3.10/dist-packages/motoros2_interfaces/srv/_list_inform_jobs_s.c\n'}
[0.647961] (motoros2_interfaces) StdoutLine: {'line': b'-- Up-to-date symlink: /home/duy/cocarry_ws/install/motoros2_interfaces/local/lib/python3.10/dist-packages/motoros2_interfaces/srv/_queue_traj_point.py\n'}
[0.648048] (motoros2_interfaces) StdoutLine: {'line': b'-- Up-to-date symlink: /home/duy/cocarry_ws/install/motoros2_interfaces/local/lib/python3.10/dist-packages/motoros2_interfaces/srv/_queue_traj_point_s.c\n'}
[0.648146] (motoros2_interfaces) StdoutLine: {'line': b'-- Up-to-date symlink: /home/duy/cocarry_ws/install/motoros2_interfaces/local/lib/python3.10/dist-packages/motoros2_interfaces/srv/_read_group_io.py\n'}
[0.648214] (motoros2_interfaces) StdoutLine: {'line': b'-- Up-to-date symlink: /home/duy/cocarry_ws/install/motoros2_interfaces/local/lib/python3.10/dist-packages/motoros2_interfaces/srv/_read_group_io_s.c\n'}
[0.648281] (motoros2_interfaces) StdoutLine: {'line': b'-- Up-to-date symlink: /home/duy/cocarry_ws/install/motoros2_interfaces/local/lib/python3.10/dist-packages/motoros2_interfaces/srv/_read_m_register.py\n'}
[0.648352] (motoros2_interfaces) StdoutLine: {'line': b'-- Up-to-date symlink: /home/duy/cocarry_ws/install/motoros2_interfaces/local/lib/python3.10/dist-packages/motoros2_interfaces/srv/_read_m_register_s.c\n'}
[0.648410] (motoros2_interfaces) StdoutLine: {'line': b'-- Up-to-date symlink: /home/duy/cocarry_ws/install/motoros2_interfaces/local/lib/python3.10/dist-packages/motoros2_interfaces/srv/_read_single_io.py\n'}
[0.648468] (motoros2_interfaces) StdoutLine: {'line': b'-- Up-to-date symlink: /home/duy/cocarry_ws/install/motoros2_interfaces/local/lib/python3.10/dist-packages/motoros2_interfaces/srv/_read_single_io_s.c\n'}
[0.648509] (motoros2_interfaces) StdoutLine: {'line': b'-- Up-to-date symlink: /home/duy/cocarry_ws/install/motoros2_interfaces/local/lib/python3.10/dist-packages/motoros2_interfaces/srv/_reset_error.py\n'}
[0.648572] (motoros2_interfaces) StdoutLine: {'line': b'-- Up-to-date symlink: /home/duy/cocarry_ws/install/motoros2_interfaces/local/lib/python3.10/dist-packages/motoros2_interfaces/srv/_reset_error_s.c\n'}
[0.648673] (motoros2_interfaces) StdoutLine: {'line': b'-- Up-to-date symlink: /home/duy/cocarry_ws/install/motoros2_interfaces/local/lib/python3.10/dist-packages/motoros2_interfaces/srv/_select_motion_tool.py\n'}
[0.648771] (motoros2_interfaces) StdoutLine: {'line': b'-- Up-to-date symlink: /home/duy/cocarry_ws/install/motoros2_interfaces/local/lib/python3.10/dist-packages/motoros2_interfaces/srv/_select_motion_tool_s.c\n'}
[0.648858] (motoros2_interfaces) StdoutLine: {'line': b'-- Up-to-date symlink: /home/duy/cocarry_ws/install/motoros2_interfaces/local/lib/python3.10/dist-packages/motoros2_interfaces/srv/_start_point_queue_mode.py\n'}
[0.648901] (motoros2_interfaces) StdoutLine: {'line': b'-- Up-to-date symlink: /home/duy/cocarry_ws/install/motoros2_interfaces/local/lib/python3.10/dist-packages/motoros2_interfaces/srv/_start_point_queue_mode_s.c\n'}
[0.648971] (motoros2_interfaces) StdoutLine: {'line': b'-- Up-to-date symlink: /home/duy/cocarry_ws/install/motoros2_interfaces/local/lib/python3.10/dist-packages/motoros2_interfaces/srv/_start_traj_mode.py\n'}
[0.649044] (motoros2_interfaces) StdoutLine: {'line': b'-- Up-to-date symlink: /home/duy/cocarry_ws/install/motoros2_interfaces/local/lib/python3.10/dist-packages/motoros2_interfaces/srv/_start_traj_mode_s.c\n'}
[0.649087] (motoros2_interfaces) StdoutLine: {'line': b'-- Up-to-date symlink: /home/duy/cocarry_ws/install/motoros2_interfaces/local/lib/python3.10/dist-packages/motoros2_interfaces/srv/_write_group_io.py\n'}
[0.649151] (motoros2_interfaces) StdoutLine: {'line': b'-- Up-to-date symlink: /home/duy/cocarry_ws/install/motoros2_interfaces/local/lib/python3.10/dist-packages/motoros2_interfaces/srv/_write_group_io_s.c\n'}
[0.649219] (motoros2_interfaces) StdoutLine: {'line': b'-- Up-to-date symlink: /home/duy/cocarry_ws/install/motoros2_interfaces/local/lib/python3.10/dist-packages/motoros2_interfaces/srv/_write_m_register.py\n'}
[0.649293] (motoros2_interfaces) StdoutLine: {'line': b'-- Up-to-date symlink: /home/duy/cocarry_ws/install/motoros2_interfaces/local/lib/python3.10/dist-packages/motoros2_interfaces/srv/_write_m_register_s.c\n'}
[0.649331] (motoros2_interfaces) StdoutLine: {'line': b'-- Up-to-date symlink: /home/duy/cocarry_ws/install/motoros2_interfaces/local/lib/python3.10/dist-packages/motoros2_interfaces/srv/_write_single_io.py\n'}
[0.649395] (motoros2_interfaces) StdoutLine: {'line': b'-- Up-to-date symlink: /home/duy/cocarry_ws/install/motoros2_interfaces/local/lib/python3.10/dist-packages/motoros2_interfaces/srv/_write_single_io_s.c\n'}
[0.649511] (motoros2_interfaces) StdoutLine: {'line': b'-- Up-to-date symlink: /home/duy/cocarry_ws/install/motoros2_interfaces/local/lib/python3.10/dist-packages/motoros2_interfaces/motoros2_interfaces_s__rosidl_typesupport_fastrtps_c.cpython-310-x86_64-linux-gnu.so\n'}
[0.649690] (motoros2_interfaces) StdoutLine: {'line': b'-- Up-to-date symlink: /home/duy/cocarry_ws/install/motoros2_interfaces/local/lib/python3.10/dist-packages/motoros2_interfaces/motoros2_interfaces_s__rosidl_typesupport_introspection_c.cpython-310-x86_64-linux-gnu.so\n'}
[0.649942] (motoros2_interfaces) StdoutLine: {'line': b'-- Up-to-date symlink: /home/duy/cocarry_ws/install/motoros2_interfaces/local/lib/python3.10/dist-packages/motoros2_interfaces/motoros2_interfaces_s__rosidl_typesupport_c.cpython-310-x86_64-linux-gnu.so\n'}
[0.650064] (motoros2_interfaces) StdoutLine: {'line': b'-- Up-to-date symlink: /home/duy/cocarry_ws/install/motoros2_interfaces/share/ament_index/resource_index/rust_packages/motoros2_interfaces\n'}
[0.650341] (motoros2_interfaces) StdoutLine: {'line': b'-- Up-to-date symlink: /home/duy/cocarry_ws/install/motoros2_interfaces/share/motoros2_interfaces/rust/Cargo.toml\n'}
[0.650426] (motoros2_interfaces) StdoutLine: {'line': b'-- Up-to-date symlink: /home/duy/cocarry_ws/install/motoros2_interfaces/share/motoros2_interfaces/rust/build.rs\n'}
[0.650523] (motoros2_interfaces) StdoutLine: {'line': b'-- Up-to-date symlink: /home/duy/cocarry_ws/install/motoros2_interfaces/share/motoros2_interfaces/rust/src/lib.rs\n'}
[0.650570] (motoros2_interfaces) StdoutLine: {'line': b'-- Up-to-date symlink: /home/duy/cocarry_ws/install/motoros2_interfaces/share/motoros2_interfaces/rust/src/msg.rs\n'}
[0.650637] (motoros2_interfaces) StdoutLine: {'line': b'-- Up-to-date symlink: /home/duy/cocarry_ws/install/motoros2_interfaces/share/motoros2_interfaces/rust/src/msg/rmw.rs\n'}
[0.650713] (motoros2_interfaces) StdoutLine: {'line': b'-- Up-to-date symlink: /home/duy/cocarry_ws/install/motoros2_interfaces/share/motoros2_interfaces/rust/src/srv.rs\n'}
[0.650762] (motoros2_interfaces) StdoutLine: {'line': b'-- Up-to-date symlink: /home/duy/cocarry_ws/install/motoros2_interfaces/share/motoros2_interfaces/rust/src/srv/rmw.rs\n'}
[0.650835] (motoros2_interfaces) StdoutLine: {'line': b'-- Up-to-date symlink: /home/duy/cocarry_ws/install/motoros2_interfaces/share/motoros2_interfaces/msg/AlarmInfo.idl\n'}
[0.650922] (motoros2_interfaces) StdoutLine: {'line': b'-- Up-to-date symlink: /home/duy/cocarry_ws/install/motoros2_interfaces/share/motoros2_interfaces/msg/AlarmCauseRemedy.idl\n'}
[0.651017] (motoros2_interfaces) StdoutLine: {'line': b'-- Up-to-date symlink: /home/duy/cocarry_ws/install/motoros2_interfaces/share/motoros2_interfaces/msg/ErrorInfo.idl\n'}
[0.651116] (motoros2_interfaces) StdoutLine: {'line': b'-- Up-to-date symlink: /home/duy/cocarry_ws/install/motoros2_interfaces/share/motoros2_interfaces/msg/InformJobCrudResultCodes.idl\n'}
[0.651208] (motoros2_interfaces) StdoutLine: {'line': b'-- Up-to-date symlink: /home/duy/cocarry_ws/install/motoros2_interfaces/share/motoros2_interfaces/msg/InitTrajEnum.idl\n'}
[0.651299] (motoros2_interfaces) StdoutLine: {'line': b'-- Up-to-date symlink: /home/duy/cocarry_ws/install/motoros2_interfaces/share/motoros2_interfaces/msg/IoResultCodes.idl\n'}
[0.651389] (motoros2_interfaces) StdoutLine: {'line': b'-- Up-to-date symlink: /home/duy/cocarry_ws/install/motoros2_interfaces/share/motoros2_interfaces/msg/MotionReadyEnum.idl\n'}
[0.651479] (motoros2_interfaces) StdoutLine: {'line': b'-- Up-to-date symlink: /home/duy/cocarry_ws/install/motoros2_interfaces/share/motoros2_interfaces/msg/QueueResultEnum.idl\n'}
[0.651583] (motoros2_interfaces) StdoutLine: {'line': b'-- Up-to-date symlink: /home/duy/cocarry_ws/install/motoros2_interfaces/share/motoros2_interfaces/msg/SelectionResultCodes.idl\n'}
[0.651671] (motoros2_interfaces) StdoutLine: {'line': b'-- Up-to-date symlink: /home/duy/cocarry_ws/install/motoros2_interfaces/share/motoros2_interfaces/srv/GetActiveAlarmInfo.idl\n'}
[0.651778] (motoros2_interfaces) StdoutLine: {'line': b'-- Up-to-date symlink: /home/duy/cocarry_ws/install/motoros2_interfaces/share/motoros2_interfaces/srv/ListInformJobs.idl\n'}
[0.651863] (motoros2_interfaces) StdoutLine: {'line': b'-- Up-to-date symlink: /home/duy/cocarry_ws/install/motoros2_interfaces/share/motoros2_interfaces/srv/QueueTrajPoint.idl\n'}
[0.651970] (motoros2_interfaces) StdoutLine: {'line': b'-- Up-to-date symlink: /home/duy/cocarry_ws/install/motoros2_interfaces/share/motoros2_interfaces/srv/ReadMRegister.idl\n'}
[0.652080] (motoros2_interfaces) StdoutLine: {'line': b'-- Up-to-date symlink: /home/duy/cocarry_ws/install/motoros2_interfaces/share/motoros2_interfaces/srv/ReadSingleIO.idl\n'}
[0.652185] (motoros2_interfaces) StdoutLine: {'line': b'-- Up-to-date symlink: /home/duy/cocarry_ws/install/motoros2_interfaces/share/motoros2_interfaces/srv/ReadGroupIO.idl\n'}
[0.652300] (motoros2_interfaces) StdoutLine: {'line': b'-- Up-to-date symlink: /home/duy/cocarry_ws/install/motoros2_interfaces/share/motoros2_interfaces/srv/ResetError.idl\n'}
[0.652388] (motoros2_interfaces) StdoutLine: {'line': b'-- Up-to-date symlink: /home/duy/cocarry_ws/install/motoros2_interfaces/share/motoros2_interfaces/srv/SelectMotionTool.idl\n'}
[0.652473] (motoros2_interfaces) StdoutLine: {'line': b'-- Up-to-date symlink: /home/duy/cocarry_ws/install/motoros2_interfaces/share/motoros2_interfaces/srv/StartTrajMode.idl\n'}
[0.652540] (motoros2_interfaces) StdoutLine: {'line': b'-- Up-to-date symlink: /home/duy/cocarry_ws/install/motoros2_interfaces/share/motoros2_interfaces/srv/StartPointQueueMode.idl\n'}
[0.652603] (motoros2_interfaces) StdoutLine: {'line': b'-- Up-to-date symlink: /home/duy/cocarry_ws/install/motoros2_interfaces/share/motoros2_interfaces/srv/WriteMRegister.idl\n'}
[0.652693] (motoros2_interfaces) StdoutLine: {'line': b'-- Up-to-date symlink: /home/duy/cocarry_ws/install/motoros2_interfaces/share/motoros2_interfaces/srv/WriteSingleIO.idl\n'}
[0.652793] (motoros2_interfaces) StdoutLine: {'line': b'-- Up-to-date symlink: /home/duy/cocarry_ws/install/motoros2_interfaces/share/motoros2_interfaces/srv/WriteGroupIO.idl\n'}
[0.652882] (motoros2_interfaces) StdoutLine: {'line': b'-- Up-to-date symlink: /home/duy/cocarry_ws/install/motoros2_interfaces/share/motoros2_interfaces/msg/AlarmInfo.msg\n'}
[0.652971] (motoros2_interfaces) StdoutLine: {'line': b'-- Up-to-date symlink: /home/duy/cocarry_ws/install/motoros2_interfaces/share/motoros2_interfaces/msg/AlarmCauseRemedy.msg\n'}
[0.653069] (motoros2_interfaces) StdoutLine: {'line': b'-- Up-to-date symlink: /home/duy/cocarry_ws/install/motoros2_interfaces/share/motoros2_interfaces/msg/ErrorInfo.msg\n'}
[0.653161] (motoros2_interfaces) StdoutLine: {'line': b'-- Up-to-date symlink: /home/duy/cocarry_ws/install/motoros2_interfaces/share/motoros2_interfaces/msg/InformJobCrudResultCodes.msg\n'}
[0.653250] (motoros2_interfaces) StdoutLine: {'line': b'-- Up-to-date symlink: /home/duy/cocarry_ws/install/motoros2_interfaces/share/motoros2_interfaces/msg/InitTrajEnum.msg\n'}
[0.653336] (motoros2_interfaces) StdoutLine: {'line': b'-- Up-to-date symlink: /home/duy/cocarry_ws/install/motoros2_interfaces/share/motoros2_interfaces/msg/IoResultCodes.msg\n'}
[0.653420] (motoros2_interfaces) StdoutLine: {'line': b'-- Up-to-date symlink: /home/duy/cocarry_ws/install/motoros2_interfaces/share/motoros2_interfaces/msg/MotionReadyEnum.msg\n'}
[0.653505] (motoros2_interfaces) StdoutLine: {'line': b'-- Up-to-date symlink: /home/duy/cocarry_ws/install/motoros2_interfaces/share/motoros2_interfaces/msg/QueueResultEnum.msg\n'}
[0.653604] (motoros2_interfaces) StdoutLine: {'line': b'-- Up-to-date symlink: /home/duy/cocarry_ws/install/motoros2_interfaces/share/motoros2_interfaces/msg/SelectionResultCodes.msg\n'}
[0.653701] (motoros2_interfaces) StdoutLine: {'line': b'-- Up-to-date symlink: /home/duy/cocarry_ws/install/motoros2_interfaces/share/motoros2_interfaces/srv/GetActiveAlarmInfo.srv\n'}
[0.653808] (motoros2_interfaces) StdoutLine: {'line': b'-- Up-to-date symlink: /home/duy/cocarry_ws/install/motoros2_interfaces/share/motoros2_interfaces/srv/GetActiveAlarmInfo_Request.msg\n'}
[0.653909] (motoros2_interfaces) StdoutLine: {'line': b'-- Up-to-date symlink: /home/duy/cocarry_ws/install/motoros2_interfaces/share/motoros2_interfaces/srv/GetActiveAlarmInfo_Response.msg\n'}
[0.654003] (motoros2_interfaces) StdoutLine: {'line': b'-- Up-to-date symlink: /home/duy/cocarry_ws/install/motoros2_interfaces/share/motoros2_interfaces/srv/ListInformJobs.srv\n'}
[0.654090] (motoros2_interfaces) StdoutLine: {'line': b'-- Up-to-date symlink: /home/duy/cocarry_ws/install/motoros2_interfaces/share/motoros2_interfaces/srv/ListInformJobs_Request.msg\n'}
[0.654154] (motoros2_interfaces) StdoutLine: {'line': b'-- Up-to-date symlink: /home/duy/cocarry_ws/install/motoros2_interfaces/share/motoros2_interfaces/srv/ListInformJobs_Response.msg\n'}
[0.654278] (motoros2_interfaces) StdoutLine: {'line': b'-- Up-to-date symlink: /home/duy/cocarry_ws/install/motoros2_interfaces/share/motoros2_interfaces/srv/QueueTrajPoint.srv\n'}
[0.654373] (motoros2_interfaces) StdoutLine: {'line': b'-- Up-to-date symlink: /home/duy/cocarry_ws/install/motoros2_interfaces/share/motoros2_interfaces/srv/QueueTrajPoint_Request.msg\n'}
[0.654471] (motoros2_interfaces) StdoutLine: {'line': b'-- Up-to-date symlink: /home/duy/cocarry_ws/install/motoros2_interfaces/share/motoros2_interfaces/srv/QueueTrajPoint_Response.msg\n'}
[0.654581] (motoros2_interfaces) StdoutLine: {'line': b'-- Up-to-date symlink: /home/duy/cocarry_ws/install/motoros2_interfaces/share/motoros2_interfaces/srv/ReadMRegister.srv\n'}
[0.654693] (motoros2_interfaces) StdoutLine: {'line': b'-- Up-to-date symlink: /home/duy/cocarry_ws/install/motoros2_interfaces/share/motoros2_interfaces/srv/ReadMRegister_Request.msg\n'}
[0.654813] (motoros2_interfaces) StdoutLine: {'line': b'-- Up-to-date symlink: /home/duy/cocarry_ws/install/motoros2_interfaces/share/motoros2_interfaces/srv/ReadMRegister_Response.msg\n'}
[0.654887] (motoros2_interfaces) StdoutLine: {'line': b'-- Up-to-date symlink: /home/duy/cocarry_ws/install/motoros2_interfaces/share/motoros2_interfaces/srv/ReadSingleIO.srv\n'}
[0.654981] (motoros2_interfaces) StdoutLine: {'line': b'-- Up-to-date symlink: /home/duy/cocarry_ws/install/motoros2_interfaces/share/motoros2_interfaces/srv/ReadSingleIO_Request.msg\n'}
[0.655068] (motoros2_interfaces) StdoutLine: {'line': b'-- Up-to-date symlink: /home/duy/cocarry_ws/install/motoros2_interfaces/share/motoros2_interfaces/srv/ReadSingleIO_Response.msg\n'}
[0.655155] (motoros2_interfaces) StdoutLine: {'line': b'-- Up-to-date symlink: /home/duy/cocarry_ws/install/motoros2_interfaces/share/motoros2_interfaces/srv/ReadGroupIO.srv\n'}
[0.655246] (motoros2_interfaces) StdoutLine: {'line': b'-- Up-to-date symlink: /home/duy/cocarry_ws/install/motoros2_interfaces/share/motoros2_interfaces/srv/ReadGroupIO_Request.msg\n'}
[0.655346] (motoros2_interfaces) StdoutLine: {'line': b'-- Up-to-date symlink: /home/duy/cocarry_ws/install/motoros2_interfaces/share/motoros2_interfaces/srv/ReadGroupIO_Response.msg\n'}
[0.655439] (motoros2_interfaces) StdoutLine: {'line': b'-- Up-to-date symlink: /home/duy/cocarry_ws/install/motoros2_interfaces/share/motoros2_interfaces/srv/ResetError.srv\n'}
[0.655525] (motoros2_interfaces) StdoutLine: {'line': b'-- Up-to-date symlink: /home/duy/cocarry_ws/install/motoros2_interfaces/share/motoros2_interfaces/srv/ResetError_Request.msg\n'}
[0.655606] (motoros2_interfaces) StdoutLine: {'line': b'-- Up-to-date symlink: /home/duy/cocarry_ws/install/motoros2_interfaces/share/motoros2_interfaces/srv/ResetError_Response.msg\n'}
[0.655697] (motoros2_interfaces) StdoutLine: {'line': b'-- Up-to-date symlink: /home/duy/cocarry_ws/install/motoros2_interfaces/share/motoros2_interfaces/srv/SelectMotionTool.srv\n'}
[0.655803] (motoros2_interfaces) StdoutLine: {'line': b'-- Up-to-date symlink: /home/duy/cocarry_ws/install/motoros2_interfaces/share/motoros2_interfaces/srv/SelectMotionTool_Request.msg\n'}
[0.655877] (motoros2_interfaces) StdoutLine: {'line': b'-- Up-to-date symlink: /home/duy/cocarry_ws/install/motoros2_interfaces/share/motoros2_interfaces/srv/SelectMotionTool_Response.msg\n'}
[0.655970] (motoros2_interfaces) StdoutLine: {'line': b'-- Up-to-date symlink: /home/duy/cocarry_ws/install/motoros2_interfaces/share/motoros2_interfaces/srv/StartTrajMode.srv\n'}
[0.656054] (motoros2_interfaces) StdoutLine: {'line': b'-- Up-to-date symlink: /home/duy/cocarry_ws/install/motoros2_interfaces/share/motoros2_interfaces/srv/StartTrajMode_Request.msg\n'}
[0.656122] (motoros2_interfaces) StdoutLine: {'line': b'-- Up-to-date symlink: /home/duy/cocarry_ws/install/motoros2_interfaces/share/motoros2_interfaces/srv/StartTrajMode_Response.msg\n'}
[0.656213] (motoros2_interfaces) StdoutLine: {'line': b'-- Up-to-date symlink: /home/duy/cocarry_ws/install/motoros2_interfaces/share/motoros2_interfaces/srv/StartPointQueueMode.srv\n'}
[0.656253] (motoros2_interfaces) StdoutLine: {'line': b'-- Up-to-date symlink: /home/duy/cocarry_ws/install/motoros2_interfaces/share/motoros2_interfaces/srv/StartPointQueueMode_Request.msg\n'}
[0.656315] (motoros2_interfaces) StdoutLine: {'line': b'-- Up-to-date symlink: /home/duy/cocarry_ws/install/motoros2_interfaces/share/motoros2_interfaces/srv/StartPointQueueMode_Response.msg\n'}
[0.656376] (motoros2_interfaces) StdoutLine: {'line': b'-- Up-to-date symlink: /home/duy/cocarry_ws/install/motoros2_interfaces/share/motoros2_interfaces/srv/WriteMRegister.srv\n'}
[0.656453] (motoros2_interfaces) StdoutLine: {'line': b'-- Up-to-date symlink: /home/duy/cocarry_ws/install/motoros2_interfaces/share/motoros2_interfaces/srv/WriteMRegister_Request.msg\n'}
[0.656539] (motoros2_interfaces) StdoutLine: {'line': b'-- Up-to-date symlink: /home/duy/cocarry_ws/install/motoros2_interfaces/share/motoros2_interfaces/srv/WriteMRegister_Response.msg\n'}
[0.656639] (motoros2_interfaces) StdoutLine: {'line': b'-- Up-to-date symlink: /home/duy/cocarry_ws/install/motoros2_interfaces/share/motoros2_interfaces/srv/WriteSingleIO.srv\n'}
[0.656728] (motoros2_interfaces) StdoutLine: {'line': b'-- Up-to-date symlink: /home/duy/cocarry_ws/install/motoros2_interfaces/share/motoros2_interfaces/srv/WriteSingleIO_Request.msg\n'}
[0.656826] (motoros2_interfaces) StdoutLine: {'line': b'-- Up-to-date symlink: /home/duy/cocarry_ws/install/motoros2_interfaces/share/motoros2_interfaces/srv/WriteSingleIO_Response.msg\n'}
[0.656912] (motoros2_interfaces) StdoutLine: {'line': b'-- Up-to-date symlink: /home/duy/cocarry_ws/install/motoros2_interfaces/share/motoros2_interfaces/srv/WriteGroupIO.srv\n'}
[0.656999] (motoros2_interfaces) StdoutLine: {'line': b'-- Up-to-date symlink: /home/duy/cocarry_ws/install/motoros2_interfaces/share/motoros2_interfaces/srv/WriteGroupIO_Request.msg\n'}
[0.657085] (motoros2_interfaces) StdoutLine: {'line': b'-- Up-to-date symlink: /home/duy/cocarry_ws/install/motoros2_interfaces/share/motoros2_interfaces/srv/WriteGroupIO_Response.msg\n'}
[0.657185] (motoros2_interfaces) StdoutLine: {'line': b'-- Up-to-date symlink: /home/duy/cocarry_ws/install/motoros2_interfaces/share/ament_index/resource_index/package_run_dependencies/motoros2_interfaces\n'}
[0.657294] (motoros2_interfaces) StdoutLine: {'line': b'-- Up-to-date symlink: /home/duy/cocarry_ws/install/motoros2_interfaces/share/ament_index/resource_index/parent_prefix_path/motoros2_interfaces\n'}
[0.657389] (motoros2_interfaces) StdoutLine: {'line': b'-- Up-to-date symlink: /home/duy/cocarry_ws/install/motoros2_interfaces/share/motoros2_interfaces/environment/ament_prefix_path.sh\n'}
[0.657482] (motoros2_interfaces) StdoutLine: {'line': b'-- Up-to-date symlink: /home/duy/cocarry_ws/install/motoros2_interfaces/share/motoros2_interfaces/environment/ament_prefix_path.dsv\n'}
[0.657573] (motoros2_interfaces) StdoutLine: {'line': b'-- Up-to-date symlink: /home/duy/cocarry_ws/install/motoros2_interfaces/share/motoros2_interfaces/environment/path.sh\n'}
[0.657676] (motoros2_interfaces) StdoutLine: {'line': b'-- Up-to-date symlink: /home/duy/cocarry_ws/install/motoros2_interfaces/share/motoros2_interfaces/environment/path.dsv\n'}
[0.657775] (motoros2_interfaces) StdoutLine: {'line': b'-- Up-to-date symlink: /home/duy/cocarry_ws/install/motoros2_interfaces/share/motoros2_interfaces/local_setup.bash\n'}
[0.657863] (motoros2_interfaces) StdoutLine: {'line': b'-- Up-to-date symlink: /home/duy/cocarry_ws/install/motoros2_interfaces/share/motoros2_interfaces/local_setup.sh\n'}
[0.657945] (motoros2_interfaces) StdoutLine: {'line': b'-- Up-to-date symlink: /home/duy/cocarry_ws/install/motoros2_interfaces/share/motoros2_interfaces/local_setup.zsh\n'}
[0.658026] (motoros2_interfaces) StdoutLine: {'line': b'-- Up-to-date symlink: /home/duy/cocarry_ws/install/motoros2_interfaces/share/motoros2_interfaces/local_setup.dsv\n'}
[0.658094] (motoros2_interfaces) StdoutLine: {'line': b'-- Symlinking: /home/duy/cocarry_ws/install/motoros2_interfaces/share/motoros2_interfaces/package.dsv\n'}
[0.665680] (motoros2_interfaces) StdoutLine: {'line': b'-- Up-to-date symlink: /home/duy/cocarry_ws/install/motoros2_interfaces/share/ament_index/resource_index/packages/motoros2_interfaces\n'}
[0.665852] (motoros2_interfaces) StdoutLine: {'line': b'-- Up-to-date symlink: /home/duy/cocarry_ws/install/motoros2_interfaces/share/motoros2_interfaces/cmake/rosidl_cmake-extras.cmake\n'}
[0.665963] (motoros2_interfaces) StdoutLine: {'line': b'-- Up-to-date symlink: /home/duy/cocarry_ws/install/motoros2_interfaces/share/motoros2_interfaces/cmake/ament_cmake_export_dependencies-extras.cmake\n'}
[0.666101] (motoros2_interfaces) StdoutLine: {'line': b'-- Up-to-date symlink: /home/duy/cocarry_ws/install/motoros2_interfaces/share/motoros2_interfaces/cmake/ament_cmake_export_include_directories-extras.cmake\n'}
[0.666251] (motoros2_interfaces) StdoutLine: {'line': b'-- Up-to-date symlink: /home/duy/cocarry_ws/install/motoros2_interfaces/share/motoros2_interfaces/cmake/ament_cmake_export_libraries-extras.cmake\n'}
[0.666395] (motoros2_interfaces) StdoutLine: {'line': b'-- Up-to-date symlink: /home/duy/cocarry_ws/install/motoros2_interfaces/share/motoros2_interfaces/cmake/ament_cmake_export_targets-extras.cmake\n'}
[0.666541] (motoros2_interfaces) StdoutLine: {'line': b'-- Up-to-date symlink: /home/duy/cocarry_ws/install/motoros2_interfaces/share/motoros2_interfaces/cmake/rosidl_cmake_export_typesupport_targets-extras.cmake\n'}
[0.666724] (motoros2_interfaces) StdoutLine: {'line': b'-- Up-to-date symlink: /home/duy/cocarry_ws/install/motoros2_interfaces/share/motoros2_interfaces/cmake/rosidl_cmake_export_typesupport_libraries-extras.cmake\n'}
[0.666842] (motoros2_interfaces) StdoutLine: {'line': b'-- Up-to-date symlink: /home/duy/cocarry_ws/install/motoros2_interfaces/share/motoros2_interfaces/cmake/motoros2_interfacesConfig.cmake\n'}
[0.666946] (motoros2_interfaces) StdoutLine: {'line': b'-- Up-to-date symlink: /home/duy/cocarry_ws/install/motoros2_interfaces/share/motoros2_interfaces/cmake/motoros2_interfacesConfig-version.cmake\n'}
[0.667097] (motoros2_interfaces) StdoutLine: {'line': b'-- Up-to-date symlink: /home/duy/cocarry_ws/install/motoros2_interfaces/share/motoros2_interfaces/package.xml\n'}
[0.667362] (motoros2_interfaces) StdoutLine: {'line': b'-- Up-to-date: /home/duy/cocarry_ws/install/motoros2_interfaces/lib/libmotoros2_interfaces__rosidl_generator_c.so\n'}
[0.667633] (motoros2_interfaces) StdoutLine: {'line': b'-- Up-to-date: /home/duy/cocarry_ws/install/motoros2_interfaces/lib/libmotoros2_interfaces__rosidl_typesupport_fastrtps_c.so\n'}
[0.667893] (motoros2_interfaces) StdoutLine: {'line': b'-- Up-to-date: /home/duy/cocarry_ws/install/motoros2_interfaces/lib/libmotoros2_interfaces__rosidl_typesupport_fastrtps_cpp.so\n'}
[0.668134] (motoros2_interfaces) StdoutLine: {'line': b'-- Up-to-date: /home/duy/cocarry_ws/install/motoros2_interfaces/lib/libmotoros2_interfaces__rosidl_typesupport_introspection_c.so\n'}
[0.668356] (motoros2_interfaces) StdoutLine: {'line': b'-- Up-to-date: /home/duy/cocarry_ws/install/motoros2_interfaces/lib/libmotoros2_interfaces__rosidl_typesupport_c.so\n'}
[0.668578] (motoros2_interfaces) StdoutLine: {'line': b'-- Up-to-date: /home/duy/cocarry_ws/install/motoros2_interfaces/lib/libmotoros2_interfaces__rosidl_typesupport_introspection_cpp.so\n'}
[0.668814] (motoros2_interfaces) StdoutLine: {'line': b'-- Up-to-date: /home/duy/cocarry_ws/install/motoros2_interfaces/lib/libmotoros2_interfaces__rosidl_typesupport_cpp.so\n'}
[0.670235] (industrial_msgs) StdoutLine: {'line': b"Listing '/home/duy/cocarry_ws/install/industrial_msgs/local/lib/python3.10/dist-packages/industrial_msgs'...\n"}
[0.670345] (industrial_msgs) StdoutLine: {'line': b"Listing '/home/duy/cocarry_ws/install/industrial_msgs/local/lib/python3.10/dist-packages/industrial_msgs/msg'...\n"}
[0.674541] (industrial_msgs) StdoutLine: {'line': b'-- Up-to-date: /home/duy/cocarry_ws/install/industrial_msgs/lib/libindustrial_msgs__rosidl_generator_py.so\n'}
[0.674789] (industrial_msgs) StdoutLine: {'line': b'-- Up-to-date: /home/duy/cocarry_ws/install/industrial_msgs/share/industrial_msgs/cmake/export_industrial_msgs__rosidl_generator_cExport.cmake\n'}
[0.674900] (industrial_msgs) StdoutLine: {'line': b'-- Up-to-date: /home/duy/cocarry_ws/install/industrial_msgs/share/industrial_msgs/cmake/export_industrial_msgs__rosidl_generator_cExport-noconfig.cmake\n'}
[0.674987] (industrial_msgs) StdoutLine: {'line': b'-- Up-to-date: /home/duy/cocarry_ws/install/industrial_msgs/share/industrial_msgs/cmake/export_industrial_msgs__rosidl_typesupport_fastrtps_cExport.cmake\n'}
[0.675058] (industrial_msgs) StdoutLine: {'line': b'-- Up-to-date: /home/duy/cocarry_ws/install/industrial_msgs/share/industrial_msgs/cmake/export_industrial_msgs__rosidl_typesupport_fastrtps_cExport-noconfig.cmake\n'}
[0.675149] (industrial_msgs) StdoutLine: {'line': b'-- Up-to-date: /home/duy/cocarry_ws/install/industrial_msgs/share/industrial_msgs/cmake/industrial_msgs__rosidl_typesupport_introspection_cExport.cmake\n'}
[0.675220] (industrial_msgs) StdoutLine: {'line': b'-- Up-to-date: /home/duy/cocarry_ws/install/industrial_msgs/share/industrial_msgs/cmake/industrial_msgs__rosidl_typesupport_introspection_cExport-noconfig.cmake\n'}
[0.675321] (industrial_msgs) StdoutLine: {'line': b'-- Up-to-date: /home/duy/cocarry_ws/install/industrial_msgs/share/industrial_msgs/cmake/industrial_msgs__rosidl_typesupport_cExport.cmake\n'}
[0.675392] (industrial_msgs) StdoutLine: {'line': b'-- Up-to-date: /home/duy/cocarry_ws/install/industrial_msgs/share/industrial_msgs/cmake/industrial_msgs__rosidl_typesupport_cExport-noconfig.cmake\n'}
[0.675457] (industrial_msgs) StdoutLine: {'line': b'-- Up-to-date: /home/duy/cocarry_ws/install/industrial_msgs/share/industrial_msgs/cmake/export_industrial_msgs__rosidl_generator_cppExport.cmake\n'}
[0.675585] (industrial_msgs) StdoutLine: {'line': b'-- Up-to-date: /home/duy/cocarry_ws/install/industrial_msgs/share/industrial_msgs/cmake/export_industrial_msgs__rosidl_typesupport_fastrtps_cppExport.cmake\n'}
[0.675659] (industrial_msgs) StdoutLine: {'line': b'-- Up-to-date: /home/duy/cocarry_ws/install/industrial_msgs/share/industrial_msgs/cmake/export_industrial_msgs__rosidl_typesupport_fastrtps_cppExport-noconfig.cmake\n'}
[0.675776] (industrial_msgs) StdoutLine: {'line': b'-- Up-to-date: /home/duy/cocarry_ws/install/industrial_msgs/share/industrial_msgs/cmake/industrial_msgs__rosidl_typesupport_introspection_cppExport.cmake\n'}
[0.675892] (industrial_msgs) StdoutLine: {'line': b'-- Up-to-date: /home/duy/cocarry_ws/install/industrial_msgs/share/industrial_msgs/cmake/industrial_msgs__rosidl_typesupport_introspection_cppExport-noconfig.cmake\n'}
[0.675962] (industrial_msgs) StdoutLine: {'line': b'-- Up-to-date: /home/duy/cocarry_ws/install/industrial_msgs/share/industrial_msgs/cmake/industrial_msgs__rosidl_typesupport_cppExport.cmake\n'}
[0.676031] (industrial_msgs) StdoutLine: {'line': b'-- Up-to-date: /home/duy/cocarry_ws/install/industrial_msgs/share/industrial_msgs/cmake/industrial_msgs__rosidl_typesupport_cppExport-noconfig.cmake\n'}
[0.676100] (industrial_msgs) StdoutLine: {'line': b'-- Up-to-date: /home/duy/cocarry_ws/install/industrial_msgs/share/industrial_msgs/cmake/export_industrial_msgs__rosidl_generator_pyExport.cmake\n'}
[0.676201] (industrial_msgs) StdoutLine: {'line': b'-- Up-to-date: /home/duy/cocarry_ws/install/industrial_msgs/share/industrial_msgs/cmake/export_industrial_msgs__rosidl_generator_pyExport-noconfig.cmake\n'}
[0.698503] (motoros2_interfaces) StdoutLine: {'line': b"Listing '/home/duy/cocarry_ws/install/motoros2_interfaces/local/lib/python3.10/dist-packages/motoros2_interfaces'...\n"}
[0.698645] (motoros2_interfaces) StdoutLine: {'line': b"Listing '/home/duy/cocarry_ws/install/motoros2_interfaces/local/lib/python3.10/dist-packages/motoros2_interfaces/msg'...\n"}
[0.698688] (motoros2_interfaces) StdoutLine: {'line': b"Listing '/home/duy/cocarry_ws/install/motoros2_interfaces/local/lib/python3.10/dist-packages/motoros2_interfaces/srv'...\n"}
[0.702949] (motoros2_interfaces) StdoutLine: {'line': b'-- Up-to-date: /home/duy/cocarry_ws/install/motoros2_interfaces/lib/libmotoros2_interfaces__rosidl_generator_py.so\n'}
[0.703142] (motoros2_interfaces) StdoutLine: {'line': b'-- Up-to-date: /home/duy/cocarry_ws/install/motoros2_interfaces/share/motoros2_interfaces/cmake/export_motoros2_interfaces__rosidl_generator_cExport.cmake\n'}
[0.703189] (motoros2_interfaces) StdoutLine: {'line': b'-- Up-to-date: /home/duy/cocarry_ws/install/motoros2_interfaces/share/motoros2_interfaces/cmake/export_motoros2_interfaces__rosidl_generator_cExport-noconfig.cmake\n'}
[0.703269] (motoros2_interfaces) StdoutLine: {'line': b'-- Up-to-date: /home/duy/cocarry_ws/install/motoros2_interfaces/share/motoros2_interfaces/cmake/export_motoros2_interfaces__rosidl_typesupport_fastrtps_cExport.cmake\n'}
[0.703384] (motoros2_interfaces) StdoutLine: {'line': b'-- Up-to-date: /home/duy/cocarry_ws/install/motoros2_interfaces/share/motoros2_interfaces/cmake/export_motoros2_interfaces__rosidl_typesupport_fastrtps_cExport-noconfig.cmake\n'}
[0.703422] (-) TimerEvent: {}
[0.703564] (motoros2_interfaces) StdoutLine: {'line': b'-- Up-to-date: /home/duy/cocarry_ws/install/motoros2_interfaces/share/motoros2_interfaces/cmake/export_motoros2_interfaces__rosidl_generator_cppExport.cmake\n'}
[0.703614] (motoros2_interfaces) StdoutLine: {'line': b'-- Up-to-date: /home/duy/cocarry_ws/install/motoros2_interfaces/share/motoros2_interfaces/cmake/export_motoros2_interfaces__rosidl_typesupport_fastrtps_cppExport.cmake\n'}
[0.703656] (motoros2_interfaces) StdoutLine: {'line': b'-- Up-to-date: /home/duy/cocarry_ws/install/motoros2_interfaces/share/motoros2_interfaces/cmake/export_motoros2_interfaces__rosidl_typesupport_fastrtps_cppExport-noconfig.cmake\n'}
[0.703735] (motoros2_interfaces) StdoutLine: {'line': b'-- Up-to-date: /home/duy/cocarry_ws/install/motoros2_interfaces/share/motoros2_interfaces/cmake/motoros2_interfaces__rosidl_typesupport_introspection_cExport.cmake\n'}
[0.703776] (motoros2_interfaces) StdoutLine: {'line': b'-- Up-to-date: /home/duy/cocarry_ws/install/motoros2_interfaces/share/motoros2_interfaces/cmake/motoros2_interfaces__rosidl_typesupport_introspection_cExport-noconfig.cmake\n'}
[0.703814] (motoros2_interfaces) StdoutLine: {'line': b'-- Up-to-date: /home/duy/cocarry_ws/install/motoros2_interfaces/share/motoros2_interfaces/cmake/motoros2_interfaces__rosidl_typesupport_cExport.cmake\n'}
[0.703850] (motoros2_interfaces) StdoutLine: {'line': b'-- Up-to-date: /home/duy/cocarry_ws/install/motoros2_interfaces/share/motoros2_interfaces/cmake/motoros2_interfaces__rosidl_typesupport_cExport-noconfig.cmake\n'}
[0.703887] (motoros2_interfaces) StdoutLine: {'line': b'-- Up-to-date: /home/duy/cocarry_ws/install/motoros2_interfaces/share/motoros2_interfaces/cmake/motoros2_interfaces__rosidl_typesupport_introspection_cppExport.cmake\n'}
[0.703923] (motoros2_interfaces) StdoutLine: {'line': b'-- Up-to-date: /home/duy/cocarry_ws/install/motoros2_interfaces/share/motoros2_interfaces/cmake/motoros2_interfaces__rosidl_typesupport_introspection_cppExport-noconfig.cmake\n'}
[0.703957] (motoros2_interfaces) StdoutLine: {'line': b'-- Up-to-date: /home/duy/cocarry_ws/install/motoros2_interfaces/share/motoros2_interfaces/cmake/motoros2_interfaces__rosidl_typesupport_cppExport.cmake\n'}
[0.704027] (motoros2_interfaces) StdoutLine: {'line': b'-- Up-to-date: /home/duy/cocarry_ws/install/motoros2_interfaces/share/motoros2_interfaces/cmake/motoros2_interfaces__rosidl_typesupport_cppExport-noconfig.cmake\n'}
[0.704062] (motoros2_interfaces) StdoutLine: {'line': b'-- Up-to-date: /home/duy/cocarry_ws/install/motoros2_interfaces/share/motoros2_interfaces/cmake/export_motoros2_interfaces__rosidl_generator_pyExport.cmake\n'}
[0.704099] (motoros2_interfaces) StdoutLine: {'line': b'-- Up-to-date: /home/duy/cocarry_ws/install/motoros2_interfaces/share/motoros2_interfaces/cmake/export_motoros2_interfaces__rosidl_generator_pyExport-noconfig.cmake\n'}
[0.803561] (-) TimerEvent: {}
[0.903834] (-) TimerEvent: {}
[1.004196] (-) TimerEvent: {}
[1.104494] (-) TimerEvent: {}
[1.204758] (-) TimerEvent: {}
[1.305057] (-) TimerEvent: {}
[1.405342] (-) TimerEvent: {}
[1.446143] (industrial_msgs) CommandEnded: {'returncode': 0}
[1.461551] (industrial_msgs) JobEnded: {'identifier': 'industrial_msgs', 'rc': 0}
[1.461860] (motoros2_interfaces) CommandEnded: {'returncode': 0}
[1.480992] (motoros2_interfaces) JobEnded: {'identifier': 'motoros2_interfaces', 'rc': 0}
[1.481775] (hc10dtp_simulation) JobStarted: {'identifier': 'hc10dtp_simulation'}
[1.483246] (motoros2_client_interface_dependencies) JobStarted: {'identifier': 'motoros2_client_interface_dependencies'}
[1.489780] (hc10dtp_simulation) JobProgress: {'identifier': 'hc10dtp_simulation', 'progress': 'cmake'}
[1.490052] (hc10dtp_simulation) JobProgress: {'identifier': 'hc10dtp_simulation', 'progress': 'build'}
[1.490647] (hc10dtp_simulation) Command: {'cmd': ['/usr/bin/cmake', '--build', '/home/duy/cocarry_ws/build/hc10dtp_simulation', '--', '-j16', '-l16'], 'cwd': '/home/duy/cocarry_ws/build/hc10dtp_simulation', 'env': OrderedDict([('USER', 'duy'), ('SHLVL', '0'), ('LD_LIBRARY_PATH', '/home/duy/cocarry_ws/install/motoros2_interfaces/lib'), ('HOME', '/home/duy'), ('_', '/usr/bin/colcon'), ('TERM', 'dumb'), ('PATH', '/home/duy/.local/bin:/home/duy/.nvm/versions/node/v20.20.2/bin:/opt/ros/humble/bin:/home/duy/.local/bin:/usr/local/sbin:/usr/local/bin:/usr/sbin:/usr/bin:/sbin:/bin:/usr/games:/usr/local/games:/snap/bin:/snap/bin:/home/duy/libfreenect2/build/bin'), ('LANG', 'en_US.UTF-8'), ('TMP', '/tmp'), ('AMENT_PREFIX_PATH', '/home/duy/cocarry_ws/install/hc10dtp_bringup:/home/duy/cocarry_ws/install/hc10dtp_moveit_config:/home/duy/cocarry_ws/install/motoman_hc10dtp_support:/home/duy/cocarry_ws/install/motoros2_interfaces:/home/duy/cocarry_ws/install/motoman_resources'), ('SHELL', '/bin/bash'), ('PWD', '/home/duy/cocarry_ws/build/hc10dtp_simulation'), ('PYTHONPATH', '/home/duy/cocarry_ws/install/motoros2_interfaces/local/lib/python3.10/dist-packages'), ('COLCON', '1'), ('CMAKE_PREFIX_PATH', '/home/duy/cocarry_ws/install/hc10dtp_bringup:/home/duy/cocarry_ws/install/hc10dtp_moveit_config:/home/duy/cocarry_ws/install/motoman_hc10dtp_support:/home/duy/cocarry_ws/install/motoros2_interfaces:/home/duy/cocarry_ws/install/motoman_resources')]), 'shell': False}
[1.491570] (motoros2_client_interface_dependencies) JobProgress: {'identifier': 'motoros2_client_interface_dependencies', 'progress': 'cmake'}
[1.491787] (motoros2_client_interface_dependencies) JobProgress: {'identifier': 'motoros2_client_interface_dependencies', 'progress': 'build'}
[1.492585] (motoros2_client_interface_dependencies) Command: {'cmd': ['/usr/bin/cmake', '--build', '/home/duy/cocarry_ws/build/motoros2_client_interface_dependencies', '--', '-j16', '-l16'], 'cwd': '/home/duy/cocarry_ws/build/motoros2_client_interface_dependencies', 'env': OrderedDict([('USER', 'duy'), ('SHLVL', '0'), ('LD_LIBRARY_PATH', '/home/duy/cocarry_ws/install/motoros2_interfaces/lib:/home/duy/cocarry_ws/install/industrial_msgs/lib'), ('HOME', '/home/duy'), ('_', '/usr/bin/colcon'), ('TERM', 'dumb'), ('PATH', '/home/duy/.local/bin:/home/duy/.nvm/versions/node/v20.20.2/bin:/opt/ros/humble/bin:/home/duy/.local/bin:/usr/local/sbin:/usr/local/bin:/usr/sbin:/usr/bin:/sbin:/bin:/usr/games:/usr/local/games:/snap/bin:/snap/bin:/home/duy/libfreenect2/build/bin'), ('LANG', 'en_US.UTF-8'), ('TMP', '/tmp'), ('AMENT_PREFIX_PATH', '/home/duy/cocarry_ws/install/motoros2_interfaces:/home/duy/cocarry_ws/install/industrial_msgs'), ('SHELL', '/bin/bash'), ('PWD', '/home/duy/cocarry_ws/build/motoros2_client_interface_dependencies'), ('PYTHONPATH', '/home/duy/cocarry_ws/install/motoros2_interfaces/local/lib/python3.10/dist-packages:/home/duy/cocarry_ws/install/industrial_msgs/local/lib/python3.10/dist-packages'), ('COLCON', '1'), ('CMAKE_PREFIX_PATH', '/home/duy/cocarry_ws/install/motoros2_interfaces:/home/duy/cocarry_ws/install/industrial_msgs')]), 'shell': False}
[1.505444] (-) TimerEvent: {}
[1.524702] (hc10dtp_simulation) CommandEnded: {'returncode': 0}
[1.525480] (hc10dtp_simulation) JobProgress: {'identifier': 'hc10dtp_simulation', 'progress': 'install'}
[1.525942] (hc10dtp_simulation) Command: {'cmd': ['/usr/bin/cmake', '--install', '/home/duy/cocarry_ws/build/hc10dtp_simulation'], 'cwd': '/home/duy/cocarry_ws/build/hc10dtp_simulation', 'env': OrderedDict([('USER', 'duy'), ('SHLVL', '0'), ('LD_LIBRARY_PATH', '/home/duy/cocarry_ws/install/motoros2_interfaces/lib'), ('HOME', '/home/duy'), ('_', '/usr/bin/colcon'), ('TERM', 'dumb'), ('PATH', '/home/duy/.local/bin:/home/duy/.nvm/versions/node/v20.20.2/bin:/opt/ros/humble/bin:/home/duy/.local/bin:/usr/local/sbin:/usr/local/bin:/usr/sbin:/usr/bin:/sbin:/bin:/usr/games:/usr/local/games:/snap/bin:/snap/bin:/home/duy/libfreenect2/build/bin'), ('LANG', 'en_US.UTF-8'), ('TMP', '/tmp'), ('AMENT_PREFIX_PATH', '/home/duy/cocarry_ws/install/hc10dtp_bringup:/home/duy/cocarry_ws/install/hc10dtp_moveit_config:/home/duy/cocarry_ws/install/motoman_hc10dtp_support:/home/duy/cocarry_ws/install/motoros2_interfaces:/home/duy/cocarry_ws/install/motoman_resources'), ('SHELL', '/bin/bash'), ('PWD', '/home/duy/cocarry_ws/build/hc10dtp_simulation'), ('PYTHONPATH', '/home/duy/cocarry_ws/install/motoros2_interfaces/local/lib/python3.10/dist-packages'), ('COLCON', '1'), ('CMAKE_PREFIX_PATH', '/home/duy/cocarry_ws/install/hc10dtp_bringup:/home/duy/cocarry_ws/install/hc10dtp_moveit_config:/home/duy/cocarry_ws/install/motoman_hc10dtp_support:/home/duy/cocarry_ws/install/motoros2_interfaces:/home/duy/cocarry_ws/install/motoman_resources')]), 'shell': False}
[1.531913] (hc10dtp_simulation) StdoutLine: {'line': b'-- Install configuration: ""\n'}
[1.532459] (hc10dtp_simulation) StdoutLine: {'line': b'-- Execute custom install script\n'}
[1.532612] (hc10dtp_simulation) StdoutLine: {'line': b'-- Up-to-date symlink: /home/duy/cocarry_ws/install/hc10dtp_simulation/lib/hc10dtp_simulation/motoros2_mock_node.py\n'}
[1.532836] (hc10dtp_simulation) StdoutLine: {'line': b'-- Up-to-date symlink: /home/duy/cocarry_ws/install/hc10dtp_simulation/share/hc10dtp_simulation/launch/sim_start.launch.py\n'}
[1.533059] (hc10dtp_simulation) StdoutLine: {'line': b'-- Up-to-date symlink: /home/duy/cocarry_ws/install/hc10dtp_simulation/share/ament_index/resource_index/package_run_dependencies/hc10dtp_simulation\n'}
[1.533202] (hc10dtp_simulation) StdoutLine: {'line': b'-- Up-to-date symlink: /home/duy/cocarry_ws/install/hc10dtp_simulation/share/ament_index/resource_index/parent_prefix_path/hc10dtp_simulation\n'}
[1.533305] (hc10dtp_simulation) StdoutLine: {'line': b'-- Up-to-date symlink: /home/duy/cocarry_ws/install/hc10dtp_simulation/share/hc10dtp_simulation/environment/ament_prefix_path.sh\n'}
[1.533407] (hc10dtp_simulation) StdoutLine: {'line': b'-- Up-to-date symlink: /home/duy/cocarry_ws/install/hc10dtp_simulation/share/hc10dtp_simulation/environment/ament_prefix_path.dsv\n'}
[1.533510] (hc10dtp_simulation) StdoutLine: {'line': b'-- Up-to-date symlink: /home/duy/cocarry_ws/install/hc10dtp_simulation/share/hc10dtp_simulation/environment/path.sh\n'}
[1.533614] (hc10dtp_simulation) StdoutLine: {'line': b'-- Up-to-date symlink: /home/duy/cocarry_ws/install/hc10dtp_simulation/share/hc10dtp_simulation/environment/path.dsv\n'}
[1.533720] (hc10dtp_simulation) StdoutLine: {'line': b'-- Up-to-date symlink: /home/duy/cocarry_ws/install/hc10dtp_simulation/share/hc10dtp_simulation/local_setup.bash\n'}
[1.533867] (hc10dtp_simulation) StdoutLine: {'line': b'-- Up-to-date symlink: /home/duy/cocarry_ws/install/hc10dtp_simulation/share/hc10dtp_simulation/local_setup.sh\n'}
[1.533989] (hc10dtp_simulation) StdoutLine: {'line': b'-- Up-to-date symlink: /home/duy/cocarry_ws/install/hc10dtp_simulation/share/hc10dtp_simulation/local_setup.zsh\n'}
[1.534108] (hc10dtp_simulation) StdoutLine: {'line': b'-- Up-to-date symlink: /home/duy/cocarry_ws/install/hc10dtp_simulation/share/hc10dtp_simulation/local_setup.dsv\n'}
[1.534213] (hc10dtp_simulation) StdoutLine: {'line': b'-- Symlinking: /home/duy/cocarry_ws/install/hc10dtp_simulation/share/hc10dtp_simulation/package.dsv\n'}
[1.536202] (motoros2_client_interface_dependencies) CommandEnded: {'returncode': 0}
[1.536913] (motoros2_client_interface_dependencies) JobProgress: {'identifier': 'motoros2_client_interface_dependencies', 'progress': 'install'}
[1.537129] (motoros2_client_interface_dependencies) Command: {'cmd': ['/usr/bin/cmake', '--install', '/home/duy/cocarry_ws/build/motoros2_client_interface_dependencies'], 'cwd': '/home/duy/cocarry_ws/build/motoros2_client_interface_dependencies', 'env': OrderedDict([('USER', 'duy'), ('SHLVL', '0'), ('LD_LIBRARY_PATH', '/home/duy/cocarry_ws/install/motoros2_interfaces/lib:/home/duy/cocarry_ws/install/industrial_msgs/lib'), ('HOME', '/home/duy'), ('_', '/usr/bin/colcon'), ('TERM', 'dumb'), ('PATH', '/home/duy/.local/bin:/home/duy/.nvm/versions/node/v20.20.2/bin:/opt/ros/humble/bin:/home/duy/.local/bin:/usr/local/sbin:/usr/local/bin:/usr/sbin:/usr/bin:/sbin:/bin:/usr/games:/usr/local/games:/snap/bin:/snap/bin:/home/duy/libfreenect2/build/bin'), ('LANG', 'en_US.UTF-8'), ('TMP', '/tmp'), ('AMENT_PREFIX_PATH', '/home/duy/cocarry_ws/install/motoros2_interfaces:/home/duy/cocarry_ws/install/industrial_msgs'), ('SHELL', '/bin/bash'), ('PWD', '/home/duy/cocarry_ws/build/motoros2_client_interface_dependencies'), ('PYTHONPATH', '/home/duy/cocarry_ws/install/motoros2_interfaces/local/lib/python3.10/dist-packages:/home/duy/cocarry_ws/install/industrial_msgs/local/lib/python3.10/dist-packages'), ('COLCON', '1'), ('CMAKE_PREFIX_PATH', '/home/duy/cocarry_ws/install/motoros2_interfaces:/home/duy/cocarry_ws/install/industrial_msgs')]), 'shell': False}
[1.542413] (hc10dtp_simulation) StdoutLine: {'line': b'-- Up-to-date symlink: /home/duy/cocarry_ws/install/hc10dtp_simulation/share/ament_index/resource_index/packages/hc10dtp_simulation\n'}
[1.542645] (hc10dtp_simulation) StdoutLine: {'line': b'-- Up-to-date symlink: /home/duy/cocarry_ws/install/hc10dtp_simulation/share/hc10dtp_simulation/cmake/hc10dtp_simulationConfig.cmake\n'}
[1.542751] (hc10dtp_simulation) StdoutLine: {'line': b'-- Up-to-date symlink: /home/duy/cocarry_ws/install/hc10dtp_simulation/share/hc10dtp_simulation/cmake/hc10dtp_simulationConfig-version.cmake\n'}
[1.542801] (hc10dtp_simulation) StdoutLine: {'line': b'-- Up-to-date symlink: /home/duy/cocarry_ws/install/hc10dtp_simulation/share/hc10dtp_simulation/package.xml\n'}
[1.544187] (hc10dtp_simulation) CommandEnded: {'returncode': 0}
[1.546530] (motoros2_client_interface_dependencies) StdoutLine: {'line': b'-- Install configuration: ""\n'}
[1.546985] (motoros2_client_interface_dependencies) StdoutLine: {'line': b'-- Execute custom install script\n'}
[1.548086] (motoros2_client_interface_dependencies) StdoutLine: {'line': b'-- Up-to-date symlink: /home/duy/cocarry_ws/install/motoros2_client_interface_dependencies/share/ament_index/resource_index/package_run_dependencies/motoros2_client_interface_dependencies\n'}
[1.548620] (motoros2_client_interface_dependencies) StdoutLine: {'line': b'-- Up-to-date symlink: /home/duy/cocarry_ws/install/motoros2_client_interface_dependencies/share/ament_index/resource_index/parent_prefix_path/motoros2_client_interface_dependencies\n'}
[1.548944] (motoros2_client_interface_dependencies) StdoutLine: {'line': b'-- Up-to-date symlink: /home/duy/cocarry_ws/install/motoros2_client_interface_dependencies/share/motoros2_client_interface_dependencies/environment/ament_prefix_path.sh\n'}
[1.549028] (motoros2_client_interface_dependencies) StdoutLine: {'line': b'-- Up-to-date symlink: /home/duy/cocarry_ws/install/motoros2_client_interface_dependencies/share/motoros2_client_interface_dependencies/environment/ament_prefix_path.dsv\n'}
[1.549098] (motoros2_client_interface_dependencies) StdoutLine: {'line': b'-- Up-to-date symlink: /home/duy/cocarry_ws/install/motoros2_client_interface_dependencies/share/motoros2_client_interface_dependencies/environment/path.sh\n'}
[1.549168] (motoros2_client_interface_dependencies) StdoutLine: {'line': b'-- Up-to-date symlink: /home/duy/cocarry_ws/install/motoros2_client_interface_dependencies/share/motoros2_client_interface_dependencies/environment/path.dsv\n'}
[1.549239] (motoros2_client_interface_dependencies) StdoutLine: {'line': b'-- Up-to-date symlink: /home/duy/cocarry_ws/install/motoros2_client_interface_dependencies/share/motoros2_client_interface_dependencies/local_setup.bash\n'}
[1.549353] (motoros2_client_interface_dependencies) StdoutLine: {'line': b'-- Up-to-date symlink: /home/duy/cocarry_ws/install/motoros2_client_interface_dependencies/share/motoros2_client_interface_dependencies/local_setup.sh\n'}
[1.549455] (motoros2_client_interface_dependencies) StdoutLine: {'line': b'-- Up-to-date symlink: /home/duy/cocarry_ws/install/motoros2_client_interface_dependencies/share/motoros2_client_interface_dependencies/local_setup.zsh\n'}
[1.549540] (motoros2_client_interface_dependencies) StdoutLine: {'line': b'-- Up-to-date symlink: /home/duy/cocarry_ws/install/motoros2_client_interface_dependencies/share/motoros2_client_interface_dependencies/local_setup.dsv\n'}
[1.549694] (motoros2_client_interface_dependencies) StdoutLine: {'line': b'-- Symlinking: /home/duy/cocarry_ws/install/motoros2_client_interface_dependencies/share/motoros2_client_interface_dependencies/package.dsv\n'}
[1.557130] (hc10dtp_simulation) JobEnded: {'identifier': 'hc10dtp_simulation', 'rc': 0}
[1.560449] (motoros2_client_interface_dependencies) StdoutLine: {'line': b'-- Up-to-date symlink: /home/duy/cocarry_ws/install/motoros2_client_interface_dependencies/share/ament_index/resource_index/packages/motoros2_client_interface_dependencies\n'}
[1.560668] (motoros2_client_interface_dependencies) StdoutLine: {'line': b'-- Up-to-date symlink: /home/duy/cocarry_ws/install/motoros2_client_interface_dependencies/share/motoros2_client_interface_dependencies/cmake/motoros2_client_interface_dependenciesConfig.cmake\n'}
[1.560778] (motoros2_client_interface_dependencies) StdoutLine: {'line': b'-- Up-to-date symlink: /home/duy/cocarry_ws/install/motoros2_client_interface_dependencies/share/motoros2_client_interface_dependencies/cmake/motoros2_client_interface_dependenciesConfig-version.cmake\n'}
[1.560875] (motoros2_client_interface_dependencies) StdoutLine: {'line': b'-- Up-to-date symlink: /home/duy/cocarry_ws/install/motoros2_client_interface_dependencies/share/motoros2_client_interface_dependencies/package.xml\n'}
[1.562445] (motoros2_client_interface_dependencies) CommandEnded: {'returncode': 0}
[1.573120] (motoros2_client_interface_dependencies) JobEnded: {'identifier': 'motoros2_client_interface_dependencies', 'rc': 0}
[1.605569] (-) TimerEvent: {}
[1.705863] (-) TimerEvent: {}
[1.794161] (experiment_logger) Command: {'cmd': ['/usr/bin/python3', '-W', 'ignore:setup.py install is deprecated', '-W', 'ignore:easy_install command is deprecated', 'setup.py', 'egg_info', '--egg-base', '../../build/experiment_logger', 'build', '--build-base', '/home/duy/cocarry_ws/build/experiment_logger/build', 'install', '--record', '/home/duy/cocarry_ws/build/experiment_logger/install.log', '--single-version-externally-managed', 'install_data'], 'cwd': '/home/duy/cocarry_ws/src/experiment_logger', 'env': {'USER': 'duy', 'ROS_PACKAGE_PATH': '/home/duy/cocarry_ws/install/human_hand_msgs/share', 'SHLVL': '0', 'LD_LIBRARY_PATH': '/home/duy/cocarry_ws/install/human_hand_msgs/lib', 'HOME': '/home/duy', '_': '/usr/bin/colcon', 'PKG_CONFIG_PATH': '/home/duy/cocarry_ws/install/human_hand_msgs/lib/x86_64-linux-gnu/pkgconfig:/home/duy/cocarry_ws/install/human_hand_msgs/lib/pkgconfig', 'TERM': 'dumb', 'PATH': '/home/duy/.local/bin:/home/duy/.nvm/versions/node/v20.20.2/bin:/opt/ros/humble/bin:/home/duy/.local/bin:/usr/local/sbin:/usr/local/bin:/usr/sbin:/usr/bin:/sbin:/bin:/usr/games:/usr/local/games:/snap/bin:/snap/bin:/home/duy/libfreenect2/build/bin', 'LANG': 'en_US.UTF-8', 'TMP': '/tmp', 'SHELL': '/bin/bash', 'PWD': '/home/duy/cocarry_ws/build/experiment_logger', 'PYTHONPATH': '/home/duy/cocarry_ws/build/experiment_logger/prefix_override:/usr/lib/python3/dist-packages/colcon_core/task/python/colcon_distutils_commands:/home/duy/cocarry_ws/install/experiment_logger/lib/python3.10/site-packages:/home/duy/cocarry_ws/install/human_hand_msgs/local/lib/python3.10/dist-packages', 'COLCON': '1', 'CMAKE_PREFIX_PATH': '/home/duy/cocarry_ws/install/human_hand_msgs'}, 'shell': False}
[1.806023] (-) TimerEvent: {}
[1.813462] (predictor_ui) Command: {'cmd': ['/usr/bin/python3', '-W', 'ignore:setup.py install is deprecated', '-W', 'ignore:easy_install command is deprecated', 'setup.py', 'egg_info', '--egg-base', '../../build/predictor_ui', 'build', '--build-base', '/home/duy/cocarry_ws/build/predictor_ui/build', 'install', '--record', '/home/duy/cocarry_ws/build/predictor_ui/install.log', '--single-version-externally-managed', 'install_data'], 'cwd': '/home/duy/cocarry_ws/src/predictor_ui', 'env': {'USER': 'duy', 'ROS_PACKAGE_PATH': '/home/duy/cocarry_ws/install/human_hand_msgs/share', 'SHLVL': '0', 'LD_LIBRARY_PATH': '/home/duy/cocarry_ws/install/human_hand_msgs/lib', 'HOME': '/home/duy', '_': '/usr/bin/colcon', 'PKG_CONFIG_PATH': '/home/duy/cocarry_ws/install/human_hand_msgs/lib/x86_64-linux-gnu/pkgconfig:/home/duy/cocarry_ws/install/human_hand_msgs/lib/pkgconfig', 'TERM': 'dumb', 'PATH': '/home/duy/.local/bin:/home/duy/.nvm/versions/node/v20.20.2/bin:/opt/ros/humble/bin:/home/duy/.local/bin:/usr/local/sbin:/usr/local/bin:/usr/sbin:/usr/bin:/sbin:/bin:/usr/games:/usr/local/games:/snap/bin:/snap/bin:/home/duy/libfreenect2/build/bin', 'LANG': 'en_US.UTF-8', 'TMP': '/tmp', 'SHELL': '/bin/bash', 'PWD': '/home/duy/cocarry_ws/build/predictor_ui', 'PYTHONPATH': '/home/duy/cocarry_ws/build/predictor_ui/prefix_override:/usr/lib/python3/dist-packages/colcon_core/task/python/colcon_distutils_commands:/home/duy/cocarry_ws/install/predictor_ui/lib/python3.10/site-packages:/home/duy/cocarry_ws/install/human_hand_msgs/local/lib/python3.10/dist-packages', 'COLCON': '1', 'CMAKE_PREFIX_PATH': '/home/duy/cocarry_ws/install/human_hand_msgs'}, 'shell': False}
[1.861977] (coord_transform) Command: {'cmd': ['/usr/bin/python3', '-W', 'ignore:setup.py install is deprecated', '-W', 'ignore:easy_install command is deprecated', 'setup.py', 'egg_info', '--egg-base', '../../build/coord_transform', 'build', '--build-base', '/home/duy/cocarry_ws/build/coord_transform/build', 'install', '--record', '/home/duy/cocarry_ws/build/coord_transform/install.log', '--single-version-externally-managed', 'install_data'], 'cwd': '/home/duy/cocarry_ws/src/coord_transform', 'env': {'USER': 'duy', 'ROS_PACKAGE_PATH': '/home/duy/cocarry_ws/install/human_hand_msgs/share', 'SHLVL': '0', 'LD_LIBRARY_PATH': '/home/duy/cocarry_ws/install/human_hand_msgs/lib', 'HOME': '/home/duy', '_': '/usr/bin/colcon', 'PKG_CONFIG_PATH': '/home/duy/cocarry_ws/install/human_hand_msgs/lib/x86_64-linux-gnu/pkgconfig:/home/duy/cocarry_ws/install/human_hand_msgs/lib/pkgconfig', 'TERM': 'dumb', 'PATH': '/home/duy/.local/bin:/home/duy/.nvm/versions/node/v20.20.2/bin:/opt/ros/humble/bin:/home/duy/.local/bin:/usr/local/sbin:/usr/local/bin:/usr/sbin:/usr/bin:/sbin:/bin:/usr/games:/usr/local/games:/snap/bin:/snap/bin:/home/duy/libfreenect2/build/bin', 'LANG': 'en_US.UTF-8', 'TMP': '/tmp', 'SHELL': '/bin/bash', 'PWD': '/home/duy/cocarry_ws/build/coord_transform', 'PYTHONPATH': '/home/duy/cocarry_ws/build/coord_transform/prefix_override:/usr/lib/python3/dist-packages/colcon_core/task/python/colcon_distutils_commands:/home/duy/cocarry_ws/install/coord_transform/lib/python3.10/site-packages:/home/duy/cocarry_ws/install/human_hand_msgs/local/lib/python3.10/dist-packages', 'COLCON': '1', 'CMAKE_PREFIX_PATH': '/home/duy/cocarry_ws/install/human_hand_msgs'}, 'shell': False}
[1.892559] (trajectory_predictor) Command: {'cmd': ['/usr/bin/python3', '-W', 'ignore:setup.py install is deprecated', '-W', 'ignore:easy_install command is deprecated', 'setup.py', 'egg_info', '--egg-base', '../../build/trajectory_predictor', 'build', '--build-base', '/home/duy/cocarry_ws/build/trajectory_predictor/build', 'install', '--record', '/home/duy/cocarry_ws/build/trajectory_predictor/install.log', '--single-version-externally-managed', 'install_data'], 'cwd': '/home/duy/cocarry_ws/src/trajectory_predictor', 'env': {'USER': 'duy', 'ROS_PACKAGE_PATH': '/home/duy/cocarry_ws/install/human_hand_msgs/share', 'SHLVL': '0', 'LD_LIBRARY_PATH': '/home/duy/cocarry_ws/install/human_hand_msgs/lib', 'HOME': '/home/duy', '_': '/usr/bin/colcon', 'PKG_CONFIG_PATH': '/home/duy/cocarry_ws/install/human_hand_msgs/lib/x86_64-linux-gnu/pkgconfig:/home/duy/cocarry_ws/install/human_hand_msgs/lib/pkgconfig', 'TERM': 'dumb', 'PATH': '/home/duy/.local/bin:/home/duy/.nvm/versions/node/v20.20.2/bin:/opt/ros/humble/bin:/home/duy/.local/bin:/usr/local/sbin:/usr/local/bin:/usr/sbin:/usr/bin:/sbin:/bin:/usr/games:/usr/local/games:/snap/bin:/snap/bin:/home/duy/libfreenect2/build/bin', 'LANG': 'en_US.UTF-8', 'TMP': '/tmp', 'SHELL': '/bin/bash', 'PWD': '/home/duy/cocarry_ws/build/trajectory_predictor', 'PYTHONPATH': '/home/duy/cocarry_ws/build/trajectory_predictor/prefix_override:/usr/lib/python3/dist-packages/colcon_core/task/python/colcon_distutils_commands:/home/duy/cocarry_ws/install/trajectory_predictor/lib/python3.10/site-packages:/home/duy/cocarry_ws/install/human_hand_msgs/local/lib/python3.10/dist-packages', 'COLCON': '1', 'CMAKE_PREFIX_PATH': '/home/duy/cocarry_ws/install/human_hand_msgs'}, 'shell': False}
[1.906126] (-) TimerEvent: {}
[1.976775] (realsense_tracker) Command: {'cmd': ['/usr/bin/python3', '-W', 'ignore:setup.py install is deprecated', '-W', 'ignore:easy_install command is deprecated', 'setup.py', 'egg_info', '--egg-base', '../../build/realsense_tracker', 'build', '--build-base', '/home/duy/cocarry_ws/build/realsense_tracker/build', 'install', '--record', '/home/duy/cocarry_ws/build/realsense_tracker/install.log', '--single-version-externally-managed', 'install_data'], 'cwd': '/home/duy/cocarry_ws/src/realsense_tracker', 'env': {'USER': 'duy', 'ROS_PACKAGE_PATH': '/home/duy/cocarry_ws/install/human_hand_msgs/share', 'SHLVL': '0', 'LD_LIBRARY_PATH': '/home/duy/cocarry_ws/install/human_hand_msgs/lib', 'HOME': '/home/duy', '_': '/usr/bin/colcon', 'PKG_CONFIG_PATH': '/home/duy/cocarry_ws/install/human_hand_msgs/lib/x86_64-linux-gnu/pkgconfig:/home/duy/cocarry_ws/install/human_hand_msgs/lib/pkgconfig', 'TERM': 'dumb', 'PATH': '/home/duy/.local/bin:/home/duy/.nvm/versions/node/v20.20.2/bin:/opt/ros/humble/bin:/home/duy/.local/bin:/usr/local/sbin:/usr/local/bin:/usr/sbin:/usr/bin:/sbin:/bin:/usr/games:/usr/local/games:/snap/bin:/snap/bin:/home/duy/libfreenect2/build/bin', 'LANG': 'en_US.UTF-8', 'TMP': '/tmp', 'SHELL': '/bin/bash', 'PWD': '/home/duy/cocarry_ws/build/realsense_tracker', 'PYTHONPATH': '/home/duy/cocarry_ws/build/realsense_tracker/prefix_override:/usr/lib/python3/dist-packages/colcon_core/task/python/colcon_distutils_commands:/home/duy/cocarry_ws/install/realsense_tracker/lib/python3.10/site-packages:/home/duy/cocarry_ws/install/human_hand_msgs/local/lib/python3.10/dist-packages', 'COLCON': '1', 'CMAKE_PREFIX_PATH': '/home/duy/cocarry_ws/install/human_hand_msgs'}, 'shell': False}
[2.006109] (experiment_logger) StdoutLine: {'line': b'running egg_info\n'}
[2.006377] (-) TimerEvent: {}
[2.006645] (experiment_logger) StdoutLine: {'line': b'writing ../../build/experiment_logger/experiment_logger.egg-info/PKG-INFO\n'}
[2.006874] (experiment_logger) StdoutLine: {'line': b'writing dependency_links to ../../build/experiment_logger/experiment_logger.egg-info/dependency_links.txt\n'}
[2.007084] (experiment_logger) StdoutLine: {'line': b'writing entry points to ../../build/experiment_logger/experiment_logger.egg-info/entry_points.txt\n'}
[2.007286] (experiment_logger) StdoutLine: {'line': b'writing requirements to ../../build/experiment_logger/experiment_logger.egg-info/requires.txt\n'}
[2.007405] (experiment_logger) StdoutLine: {'line': b'writing top-level names to ../../build/experiment_logger/experiment_logger.egg-info/top_level.txt\n'}
[2.008707] (experiment_logger) StdoutLine: {'line': b"reading manifest file '../../build/experiment_logger/experiment_logger.egg-info/SOURCES.txt'\n"}
[2.009407] (experiment_logger) StdoutLine: {'line': b"writing manifest file '../../build/experiment_logger/experiment_logger.egg-info/SOURCES.txt'\n"}
[2.009584] (experiment_logger) StdoutLine: {'line': b'running build\n'}
[2.009691] (experiment_logger) StdoutLine: {'line': b'running build_py\n'}
[2.009914] (experiment_logger) StdoutLine: {'line': b'running install\n'}
[2.010105] (experiment_logger) StdoutLine: {'line': b'running install_lib\n'}
[2.011205] (experiment_logger) StdoutLine: {'line': b'running install_data\n'}
[2.011364] (experiment_logger) StdoutLine: {'line': b'running install_egg_info\n'}
[2.013406] (experiment_logger) StdoutLine: {'line': b"removing '/home/duy/cocarry_ws/install/experiment_logger/lib/python3.10/site-packages/experiment_logger-0.1.0-py3.10.egg-info' (and everything under it)\n"}
[2.013712] (experiment_logger) StdoutLine: {'line': b'Copying ../../build/experiment_logger/experiment_logger.egg-info to /home/duy/cocarry_ws/install/experiment_logger/lib/python3.10/site-packages/experiment_logger-0.1.0-py3.10.egg-info\n'}
[2.014286] (experiment_logger) StdoutLine: {'line': b'running install_scripts\n'}
[2.020029] (predictor_ui) StdoutLine: {'line': b'running egg_info\n'}
[2.020887] (predictor_ui) StdoutLine: {'line': b'writing ../../build/predictor_ui/predictor_ui.egg-info/PKG-INFO\n'}
[2.021107] (predictor_ui) StdoutLine: {'line': b'writing dependency_links to ../../build/predictor_ui/predictor_ui.egg-info/dependency_links.txt\n'}
[2.021248] (predictor_ui) StdoutLine: {'line': b'writing entry points to ../../build/predictor_ui/predictor_ui.egg-info/entry_points.txt\n'}
[2.021368] (predictor_ui) StdoutLine: {'line': b'writing requirements to ../../build/predictor_ui/predictor_ui.egg-info/requires.txt\n'}
[2.021482] (predictor_ui) StdoutLine: {'line': b'writing top-level names to ../../build/predictor_ui/predictor_ui.egg-info/top_level.txt\n'}
[2.023176] (predictor_ui) StdoutLine: {'line': b"reading manifest file '../../build/predictor_ui/predictor_ui.egg-info/SOURCES.txt'\n"}
[2.023943] (predictor_ui) StdoutLine: {'line': b"writing manifest file '../../build/predictor_ui/predictor_ui.egg-info/SOURCES.txt'\n"}
[2.024118] (predictor_ui) StdoutLine: {'line': b'running build\n'}
[2.024216] (predictor_ui) StdoutLine: {'line': b'running build_py\n'}
[2.024511] (predictor_ui) StdoutLine: {'line': b'running install\n'}
[2.024864] (predictor_ui) StdoutLine: {'line': b'running install_lib\n'}
[2.026043] (predictor_ui) StdoutLine: {'line': b'running install_data\n'}
[2.026223] (predictor_ui) StdoutLine: {'line': b'running install_egg_info\n'}
[2.028386] (predictor_ui) StdoutLine: {'line': b"removing '/home/duy/cocarry_ws/install/predictor_ui/lib/python3.10/site-packages/predictor_ui-0.1.0-py3.10.egg-info' (and everything under it)\n"}
[2.028664] (predictor_ui) StdoutLine: {'line': b'Copying ../../build/predictor_ui/predictor_ui.egg-info to /home/duy/cocarry_ws/install/predictor_ui/lib/python3.10/site-packages/predictor_ui-0.1.0-py3.10.egg-info\n'}
[2.029338] (predictor_ui) StdoutLine: {'line': b'running install_scripts\n'}
[2.040945] (experiment_logger) StdoutLine: {'line': b'Installing analyze_latency script to /home/duy/cocarry_ws/install/experiment_logger/lib/experiment_logger\n'}
[2.041273] (experiment_logger) StdoutLine: {'line': b'Installing logger_node script to /home/duy/cocarry_ws/install/experiment_logger/lib/experiment_logger\n'}
[2.041374] (experiment_logger) StdoutLine: {'line': b"writing list of installed files to '/home/duy/cocarry_ws/build/experiment_logger/install.log'\n"}
[2.065053] (predictor_ui) StdoutLine: {'line': b'Installing ui_node script to /home/duy/cocarry_ws/install/predictor_ui/lib/predictor_ui\n'}
[2.066325] (predictor_ui) StdoutLine: {'line': b"writing list of installed files to '/home/duy/cocarry_ws/build/predictor_ui/install.log'\n"}
[2.106592] (-) TimerEvent: {}
[2.119922] (experiment_logger) CommandEnded: {'returncode': 0}
[2.121255] (coord_transform) StdoutLine: {'line': b'running egg_info\n'}
[2.121737] (coord_transform) StdoutLine: {'line': b'writing ../../build/coord_transform/coord_transform.egg-info/PKG-INFO\n'}
[2.121874] (coord_transform) StdoutLine: {'line': b'writing dependency_links to ../../build/coord_transform/coord_transform.egg-info/dependency_links.txt\n'}
[2.121962] (coord_transform) StdoutLine: {'line': b'writing entry points to ../../build/coord_transform/coord_transform.egg-info/entry_points.txt\n'}
[2.122049] (coord_transform) StdoutLine: {'line': b'writing requirements to ../../build/coord_transform/coord_transform.egg-info/requires.txt\n'}
[2.122135] (coord_transform) StdoutLine: {'line': b'writing top-level names to ../../build/coord_transform/coord_transform.egg-info/top_level.txt\n'}
[2.126278] (coord_transform) StdoutLine: {'line': b"reading manifest file '../../build/coord_transform/coord_transform.egg-info/SOURCES.txt'\n"}
[2.126997] (coord_transform) StdoutLine: {'line': b"writing manifest file '../../build/coord_transform/coord_transform.egg-info/SOURCES.txt'\n"}
[2.127117] (coord_transform) StdoutLine: {'line': b'running build\n'}
[2.127204] (coord_transform) StdoutLine: {'line': b'running build_py\n'}
[2.127286] (coord_transform) StdoutLine: {'line': b'copying coord_transform/transform_node.py -> /home/duy/cocarry_ws/build/coord_transform/build/lib/coord_transform\n'}
[2.130937] (coord_transform) StdoutLine: {'line': b'running install\n'}
[2.131175] (coord_transform) StdoutLine: {'line': b'running install_lib\n'}
[2.132174] (coord_transform) StdoutLine: {'line': b'copying /home/duy/cocarry_ws/build/coord_transform/build/lib/coord_transform/transform_node.py -> /home/duy/cocarry_ws/install/coord_transform/lib/python3.10/site-packages/coord_transform\n'}
[2.132399] (coord_transform) StdoutLine: {'line': b'byte-compiling /home/duy/cocarry_ws/install/coord_transform/lib/python3.10/site-packages/coord_transform/transform_node.py to transform_node.cpython-310.pyc\n'}
[2.138892] (experiment_logger) JobEnded: {'identifier': 'experiment_logger', 'rc': 0}
[2.142409] (predictor_ui) CommandEnded: {'returncode': 0}
[2.143227] (coord_transform) StdoutLine: {'line': b'running install_data\n'}
[2.143636] (coord_transform) StdoutLine: {'line': b'running install_egg_info\n'}
[2.145046] (coord_transform) StdoutLine: {'line': b"removing '/home/duy/cocarry_ws/install/coord_transform/lib/python3.10/site-packages/coord_transform-0.1.0-py3.10.egg-info' (and everything under it)\n"}
[2.147876] (coord_transform) StdoutLine: {'line': b'Copying ../../build/coord_transform/coord_transform.egg-info to /home/duy/cocarry_ws/install/coord_transform/lib/python3.10/site-packages/coord_transform-0.1.0-py3.10.egg-info\n'}
[2.148111] (coord_transform) StdoutLine: {'line': b'running install_scripts\n'}
[2.166845] (predictor_ui) JobEnded: {'identifier': 'predictor_ui', 'rc': 0}
[2.182193] (coord_transform) StdoutLine: {'line': b'Installing transform_node script to /home/duy/cocarry_ws/install/coord_transform/lib/coord_transform\n'}
[2.182764] (coord_transform) StdoutLine: {'line': b"writing list of installed files to '/home/duy/cocarry_ws/build/coord_transform/install.log'\n"}
[2.206687] (-) TimerEvent: {}
[2.217538] (trajectory_predictor) StdoutLine: {'line': b'running egg_info\n'}
[2.218408] (trajectory_predictor) StdoutLine: {'line': b'writing ../../build/trajectory_predictor/trajectory_predictor.egg-info/PKG-INFO\n'}
[2.218709] (trajectory_predictor) StdoutLine: {'line': b'writing dependency_links to ../../build/trajectory_predictor/trajectory_predictor.egg-info/dependency_links.txt\n'}
[2.219041] (trajectory_predictor) StdoutLine: {'line': b'writing entry points to ../../build/trajectory_predictor/trajectory_predictor.egg-info/entry_points.txt\n'}
[2.219195] (trajectory_predictor) StdoutLine: {'line': b'writing requirements to ../../build/trajectory_predictor/trajectory_predictor.egg-info/requires.txt\n'}
[2.219324] (trajectory_predictor) StdoutLine: {'line': b'writing top-level names to ../../build/trajectory_predictor/trajectory_predictor.egg-info/top_level.txt\n'}
[2.221274] (trajectory_predictor) StdoutLine: {'line': b"reading manifest file '../../build/trajectory_predictor/trajectory_predictor.egg-info/SOURCES.txt'\n"}
[2.221978] (trajectory_predictor) StdoutLine: {'line': b"writing manifest file '../../build/trajectory_predictor/trajectory_predictor.egg-info/SOURCES.txt'\n"}
[2.222178] (trajectory_predictor) StdoutLine: {'line': b'running build\n'}
[2.222279] (trajectory_predictor) StdoutLine: {'line': b'running build_py\n'}
[2.222402] (trajectory_predictor) StdoutLine: {'line': b'copying trajectory_predictor/predictor_node.py -> /home/duy/cocarry_ws/build/trajectory_predictor/build/lib/trajectory_predictor\n'}
[2.222590] (trajectory_predictor) StdoutLine: {'line': b'running install\n'}
[2.222914] (trajectory_predictor) StdoutLine: {'line': b'running install_lib\n'}
[2.223660] (trajectory_predictor) StdoutLine: {'line': b'copying /home/duy/cocarry_ws/build/trajectory_predictor/build/lib/trajectory_predictor/predictor_node.py -> /home/duy/cocarry_ws/install/trajectory_predictor/lib/python3.10/site-packages/trajectory_predictor\n'}
[2.224187] (trajectory_predictor) StdoutLine: {'line': b'byte-compiling /home/duy/cocarry_ws/install/trajectory_predictor/lib/python3.10/site-packages/trajectory_predictor/predictor_node.py to predictor_node.cpython-310.pyc\n'}
[2.227750] (coord_transform) CommandEnded: {'returncode': 0}
[2.228154] (trajectory_predictor) StdoutLine: {'line': b'running install_data\n'}
[2.228307] (trajectory_predictor) StdoutLine: {'line': b'running install_egg_info\n'}
[2.230057] (trajectory_predictor) StdoutLine: {'line': b"removing '/home/duy/cocarry_ws/install/trajectory_predictor/lib/python3.10/site-packages/trajectory_predictor-0.1.0-py3.10.egg-info' (and everything under it)\n"}
[2.231177] (trajectory_predictor) StdoutLine: {'line': b'Copying ../../build/trajectory_predictor/trajectory_predictor.egg-info to /home/duy/cocarry_ws/install/trajectory_predictor/lib/python3.10/site-packages/trajectory_predictor-0.1.0-py3.10.egg-info\n'}
[2.231337] (trajectory_predictor) StdoutLine: {'line': b'running install_scripts\n'}
[2.237674] (coord_transform) JobEnded: {'identifier': 'coord_transform', 'rc': 0}
[2.248415] (trajectory_predictor) StdoutLine: {'line': b'Installing predictor_node script to /home/duy/cocarry_ws/install/trajectory_predictor/lib/trajectory_predictor\n'}
[2.248820] (trajectory_predictor) StdoutLine: {'line': b"writing list of installed files to '/home/duy/cocarry_ws/build/trajectory_predictor/install.log'\n"}
[2.272244] (trajectory_predictor) CommandEnded: {'returncode': 0}
[2.277066] (trajectory_predictor) JobEnded: {'identifier': 'trajectory_predictor', 'rc': 0}
[2.302586] (realsense_tracker) StdoutLine: {'line': b'running egg_info\n'}
[2.303069] (realsense_tracker) StdoutLine: {'line': b'writing ../../build/realsense_tracker/realsense_tracker.egg-info/PKG-INFO\n'}
[2.303213] (realsense_tracker) StdoutLine: {'line': b'writing dependency_links to ../../build/realsense_tracker/realsense_tracker.egg-info/dependency_links.txt\n'}
[2.303358] (realsense_tracker) StdoutLine: {'line': b'writing entry points to ../../build/realsense_tracker/realsense_tracker.egg-info/entry_points.txt\n'}
[2.303444] (realsense_tracker) StdoutLine: {'line': b'writing requirements to ../../build/realsense_tracker/realsense_tracker.egg-info/requires.txt\n'}
[2.303503] (realsense_tracker) StdoutLine: {'line': b'writing top-level names to ../../build/realsense_tracker/realsense_tracker.egg-info/top_level.txt\n'}
[2.304842] (realsense_tracker) StdoutLine: {'line': b"reading manifest file '../../build/realsense_tracker/realsense_tracker.egg-info/SOURCES.txt'\n"}
[2.305475] (realsense_tracker) StdoutLine: {'line': b"writing manifest file '../../build/realsense_tracker/realsense_tracker.egg-info/SOURCES.txt'\n"}
[2.305546] (realsense_tracker) StdoutLine: {'line': b'running build\n'}
[2.305598] (realsense_tracker) StdoutLine: {'line': b'running build_py\n'}
[2.305753] (realsense_tracker) StdoutLine: {'line': b'running install\n'}
[2.306028] (realsense_tracker) StdoutLine: {'line': b'running install_lib\n'}
[2.306744] (-) TimerEvent: {}
[2.306926] (realsense_tracker) StdoutLine: {'line': b'running install_data\n'}
[2.307028] (realsense_tracker) StdoutLine: {'line': b'running install_egg_info\n'}
[2.308869] (realsense_tracker) StdoutLine: {'line': b"removing '/home/duy/cocarry_ws/install/realsense_tracker/lib/python3.10/site-packages/realsense_tracker-0.0.0-py3.10.egg-info' (and everything under it)\n"}
[2.309111] (realsense_tracker) StdoutLine: {'line': b'Copying ../../build/realsense_tracker/realsense_tracker.egg-info to /home/duy/cocarry_ws/install/realsense_tracker/lib/python3.10/site-packages/realsense_tracker-0.0.0-py3.10.egg-info\n'}
[2.309663] (realsense_tracker) StdoutLine: {'line': b'running install_scripts\n'}
[2.326611] (realsense_tracker) StdoutLine: {'line': b'Installing realsense_node script to /home/duy/cocarry_ws/install/realsense_tracker/lib/realsense_tracker\n'}
[2.326905] (realsense_tracker) StdoutLine: {'line': b"writing list of installed files to '/home/duy/cocarry_ws/build/realsense_tracker/install.log'\n"}
[2.352576] (realsense_tracker) CommandEnded: {'returncode': 0}
[2.360917] (realsense_tracker) JobEnded: {'identifier': 'realsense_tracker', 'rc': 0}
[2.362199] (hrc_bringup) JobStarted: {'identifier': 'hrc_bringup'}
[2.376881] (hrc_bringup) JobProgress: {'identifier': 'hrc_bringup', 'progress': 'cmake'}
[2.378400] (hrc_bringup) JobProgress: {'identifier': 'hrc_bringup', 'progress': 'build'}
[2.378505] (hrc_bringup) Command: {'cmd': ['/usr/bin/cmake', '--build', '/home/duy/cocarry_ws/build/hrc_bringup', '--', '-j16', '-l16'], 'cwd': '/home/duy/cocarry_ws/build/hrc_bringup', 'env': OrderedDict([('USER', 'duy'), ('ROS_PACKAGE_PATH', '/home/duy/cocarry_ws/install/human_hand_msgs/share'), ('SHLVL', '0'), ('LD_LIBRARY_PATH', '/home/duy/cocarry_ws/install/motoros2_interfaces/lib:/home/duy/cocarry_ws/install/human_hand_msgs/lib'), ('HOME', '/home/duy'), ('_', '/usr/bin/colcon'), ('PKG_CONFIG_PATH', '/home/duy/cocarry_ws/install/human_hand_msgs/lib/x86_64-linux-gnu/pkgconfig:/home/duy/cocarry_ws/install/human_hand_msgs/lib/pkgconfig'), ('TERM', 'dumb'), ('PATH', '/home/duy/.local/bin:/home/duy/.nvm/versions/node/v20.20.2/bin:/opt/ros/humble/bin:/home/duy/.local/bin:/usr/local/sbin:/usr/local/bin:/usr/sbin:/usr/bin:/sbin:/bin:/usr/games:/usr/local/games:/snap/bin:/snap/bin:/home/duy/libfreenect2/build/bin'), ('LANG', 'en_US.UTF-8'), ('TMP', '/tmp'), ('AMENT_PREFIX_PATH', '/home/duy/cocarry_ws/install/hc10dtp_simulation:/home/duy/cocarry_ws/install/hc10dtp_bringup:/home/duy/cocarry_ws/install/hc10dtp_moveit_config:/home/duy/cocarry_ws/install/trajectory_predictor:/home/duy/cocarry_ws/install/realsense_tracker:/home/duy/cocarry_ws/install/predictor_ui:/home/duy/cocarry_ws/install/motoman_hc10dtp_support:/home/duy/cocarry_ws/install/experiment_logger:/home/duy/cocarry_ws/install/coord_transform:/home/duy/cocarry_ws/install/motoros2_interfaces:/home/duy/cocarry_ws/install/motoman_resources'), ('SHELL', '/bin/bash'), ('PWD', '/home/duy/cocarry_ws/build/hrc_bringup'), ('PYTHONPATH', '/home/duy/cocarry_ws/install/trajectory_predictor/lib/python3.10/site-packages:/home/duy/cocarry_ws/install/realsense_tracker/lib/python3.10/site-packages:/home/duy/cocarry_ws/install/predictor_ui/lib/python3.10/site-packages:/home/duy/cocarry_ws/install/experiment_logger/lib/python3.10/site-packages:/home/duy/cocarry_ws/install/coord_transform/lib/python3.10/site-packages:/home/duy/cocarry_ws/install/motoros2_interfaces/local/lib/python3.10/dist-packages:/home/duy/cocarry_ws/install/human_hand_msgs/local/lib/python3.10/dist-packages'), ('COLCON', '1'), ('CMAKE_PREFIX_PATH', '/home/duy/cocarry_ws/install/hc10dtp_simulation:/home/duy/cocarry_ws/install/hc10dtp_bringup:/home/duy/cocarry_ws/install/hc10dtp_moveit_config:/home/duy/cocarry_ws/install/motoman_hc10dtp_support:/home/duy/cocarry_ws/install/motoros2_interfaces:/home/duy/cocarry_ws/install/motoman_resources:/home/duy/cocarry_ws/install/human_hand_msgs')]), 'shell': False}
[2.406841] (-) TimerEvent: {}
[2.412436] (hrc_bringup) CommandEnded: {'returncode': 0}
[2.413056] (hrc_bringup) JobProgress: {'identifier': 'hrc_bringup', 'progress': 'install'}
[2.413395] (hrc_bringup) Command: {'cmd': ['/usr/bin/cmake', '--install', '/home/duy/cocarry_ws/build/hrc_bringup'], 'cwd': '/home/duy/cocarry_ws/build/hrc_bringup', 'env': OrderedDict([('USER', 'duy'), ('ROS_PACKAGE_PATH', '/home/duy/cocarry_ws/install/human_hand_msgs/share'), ('SHLVL', '0'), ('LD_LIBRARY_PATH', '/home/duy/cocarry_ws/install/motoros2_interfaces/lib:/home/duy/cocarry_ws/install/human_hand_msgs/lib'), ('HOME', '/home/duy'), ('_', '/usr/bin/colcon'), ('PKG_CONFIG_PATH', '/home/duy/cocarry_ws/install/human_hand_msgs/lib/x86_64-linux-gnu/pkgconfig:/home/duy/cocarry_ws/install/human_hand_msgs/lib/pkgconfig'), ('TERM', 'dumb'), ('PATH', '/home/duy/.local/bin:/home/duy/.nvm/versions/node/v20.20.2/bin:/opt/ros/humble/bin:/home/duy/.local/bin:/usr/local/sbin:/usr/local/bin:/usr/sbin:/usr/bin:/sbin:/bin:/usr/games:/usr/local/games:/snap/bin:/snap/bin:/home/duy/libfreenect2/build/bin'), ('LANG', 'en_US.UTF-8'), ('TMP', '/tmp'), ('AMENT_PREFIX_PATH', '/home/duy/cocarry_ws/install/hc10dtp_simulation:/home/duy/cocarry_ws/install/hc10dtp_bringup:/home/duy/cocarry_ws/install/hc10dtp_moveit_config:/home/duy/cocarry_ws/install/trajectory_predictor:/home/duy/cocarry_ws/install/realsense_tracker:/home/duy/cocarry_ws/install/predictor_ui:/home/duy/cocarry_ws/install/motoman_hc10dtp_support:/home/duy/cocarry_ws/install/experiment_logger:/home/duy/cocarry_ws/install/coord_transform:/home/duy/cocarry_ws/install/motoros2_interfaces:/home/duy/cocarry_ws/install/motoman_resources'), ('SHELL', '/bin/bash'), ('PWD', '/home/duy/cocarry_ws/build/hrc_bringup'), ('PYTHONPATH', '/home/duy/cocarry_ws/install/trajectory_predictor/lib/python3.10/site-packages:/home/duy/cocarry_ws/install/realsense_tracker/lib/python3.10/site-packages:/home/duy/cocarry_ws/install/predictor_ui/lib/python3.10/site-packages:/home/duy/cocarry_ws/install/experiment_logger/lib/python3.10/site-packages:/home/duy/cocarry_ws/install/coord_transform/lib/python3.10/site-packages:/home/duy/cocarry_ws/install/motoros2_interfaces/local/lib/python3.10/dist-packages:/home/duy/cocarry_ws/install/human_hand_msgs/local/lib/python3.10/dist-packages'), ('COLCON', '1'), ('CMAKE_PREFIX_PATH', '/home/duy/cocarry_ws/install/hc10dtp_simulation:/home/duy/cocarry_ws/install/hc10dtp_bringup:/home/duy/cocarry_ws/install/hc10dtp_moveit_config:/home/duy/cocarry_ws/install/motoman_hc10dtp_support:/home/duy/cocarry_ws/install/motoros2_interfaces:/home/duy/cocarry_ws/install/motoman_resources:/home/duy/cocarry_ws/install/human_hand_msgs')]), 'shell': False}
[2.420063] (hrc_bringup) StdoutLine: {'line': b'-- Install configuration: ""\n'}
[2.420351] (hrc_bringup) StdoutLine: {'line': b'-- Execute custom install script\n'}
[2.420643] (hrc_bringup) StdoutLine: {'line': b'-- Up-to-date symlink: /home/duy/cocarry_ws/install/hrc_bringup/share/hrc_bringup/launch/__pycache__/cocarry_real_gui.launch.cpython-310.pyc\n'}
[2.420745] (hrc_bringup) StdoutLine: {'line': b'-- Up-to-date symlink: /home/duy/cocarry_ws/install/hrc_bringup/share/hrc_bringup/launch/__pycache__/cocarry_sim_gui.launch.cpython-310.pyc\n'}
[2.420853] (hrc_bringup) StdoutLine: {'line': b'-- Up-to-date symlink: /home/duy/cocarry_ws/install/hrc_bringup/share/hrc_bringup/launch/cocarry_full.launch.py\n'}
[2.420931] (hrc_bringup) StdoutLine: {'line': b'-- Up-to-date symlink: /home/duy/cocarry_ws/install/hrc_bringup/share/hrc_bringup/launch/cocarry_real_gui.launch.py\n'}
[2.421069] (hrc_bringup) StdoutLine: {'line': b'-- Up-to-date symlink: /home/duy/cocarry_ws/install/hrc_bringup/share/hrc_bringup/launch/cocarry_sim_gui.launch.py\n'}
[2.421157] (hrc_bringup) StdoutLine: {'line': b'-- Up-to-date symlink: /home/duy/cocarry_ws/install/hrc_bringup/share/hrc_bringup/launch/full_pipeline.launch.py\n'}
[2.421234] (hrc_bringup) StdoutLine: {'line': b'-- Up-to-date symlink: /home/duy/cocarry_ws/install/hrc_bringup/share/hrc_bringup/config/all_params.yaml\n'}
[2.421327] (hrc_bringup) StdoutLine: {'line': b'-- Up-to-date symlink: /home/duy/cocarry_ws/install/hrc_bringup/share/ament_index/resource_index/package_run_dependencies/hrc_bringup\n'}
[2.421405] (hrc_bringup) StdoutLine: {'line': b'-- Up-to-date symlink: /home/duy/cocarry_ws/install/hrc_bringup/share/ament_index/resource_index/parent_prefix_path/hrc_bringup\n'}
[2.421510] (hrc_bringup) StdoutLine: {'line': b'-- Up-to-date symlink: /home/duy/cocarry_ws/install/hrc_bringup/share/hrc_bringup/environment/ament_prefix_path.sh\n'}
[2.421592] (hrc_bringup) StdoutLine: {'line': b'-- Up-to-date symlink: /home/duy/cocarry_ws/install/hrc_bringup/share/hrc_bringup/environment/ament_prefix_path.dsv\n'}
[2.421680] (hrc_bringup) StdoutLine: {'line': b'-- Up-to-date symlink: /home/duy/cocarry_ws/install/hrc_bringup/share/hrc_bringup/environment/path.sh\n'}
[2.421794] (hrc_bringup) StdoutLine: {'line': b'-- Up-to-date symlink: /home/duy/cocarry_ws/install/hrc_bringup/share/hrc_bringup/environment/path.dsv\n'}
[2.421871] (hrc_bringup) StdoutLine: {'line': b'-- Up-to-date symlink: /home/duy/cocarry_ws/install/hrc_bringup/share/hrc_bringup/local_setup.bash\n'}
[2.421964] (hrc_bringup) StdoutLine: {'line': b'-- Up-to-date symlink: /home/duy/cocarry_ws/install/hrc_bringup/share/hrc_bringup/local_setup.sh\n'}
[2.422034] (hrc_bringup) StdoutLine: {'line': b'-- Up-to-date symlink: /home/duy/cocarry_ws/install/hrc_bringup/share/hrc_bringup/local_setup.zsh\n'}
[2.422104] (hrc_bringup) StdoutLine: {'line': b'-- Up-to-date symlink: /home/duy/cocarry_ws/install/hrc_bringup/share/hrc_bringup/local_setup.dsv\n'}
[2.422173] (hrc_bringup) StdoutLine: {'line': b'-- Symlinking: /home/duy/cocarry_ws/install/hrc_bringup/share/hrc_bringup/package.dsv\n'}
[2.428815] (hrc_bringup) StdoutLine: {'line': b'-- Up-to-date symlink: /home/duy/cocarry_ws/install/hrc_bringup/share/ament_index/resource_index/packages/hrc_bringup\n'}
[2.429025] (hrc_bringup) StdoutLine: {'line': b'-- Up-to-date symlink: /home/duy/cocarry_ws/install/hrc_bringup/share/hrc_bringup/cmake/hrc_bringupConfig.cmake\n'}
[2.429118] (hrc_bringup) StdoutLine: {'line': b'-- Up-to-date symlink: /home/duy/cocarry_ws/install/hrc_bringup/share/hrc_bringup/cmake/hrc_bringupConfig-version.cmake\n'}
[2.429196] (hrc_bringup) StdoutLine: {'line': b'-- Up-to-date symlink: /home/duy/cocarry_ws/install/hrc_bringup/share/hrc_bringup/package.xml\n'}
[2.431079] (hrc_bringup) CommandEnded: {'returncode': 0}
[2.439166] (hrc_bringup) JobEnded: {'identifier': 'hrc_bringup', 'rc': 0}
[2.439934] (-) EventReactorShutdown: {}
