[0.134s] [34mcolcon[0m [1;30mDEBUG[0m [32mCommand line arguments: ['/usr/bin/colcon', 'build', '--symlink-install'][0m
[0.134s] [34mcolcon[0m [1;30mDEBUG[0m [32mParsed command line arguments: Namespace(log_base=None, log_level=None, verb_name='build', build_base='build', install_base='install', merge_install=False, symlink_install=True, test_result_base=None, continue_on_error=False, executor='parallel', parallel_workers=16, event_handlers=None, ignore_user_meta=False, metas=['./colcon.meta'], base_paths=['.'], packages_ignore=None, packages_ignore_regex=None, paths=None, packages_up_to=None, packages_up_to_regex=None, packages_above=None, packages_above_and_dependencies=None, packages_above_depth=None, packages_select_by_dep=None, packages_skip_by_dep=None, packages_skip_up_to=None, packages_select_build_failed=False, packages_skip_build_finished=False, packages_select_test_failures=False, packages_skip_test_passed=False, packages_select=None, packages_skip=None, packages_select_regex=None, packages_skip_regex=None, packages_start=None, packages_end=None, allow_overriding=[], cmake_args=None, cmake_target=None, cmake_target_skip_unavailable=False, cmake_clean_cache=False, cmake_clean_first=False, cmake_force_configure=False, ament_cmake_args=None, catkin_cmake_args=None, catkin_skip_building_tests=False, verb_parser=<colcon_defaults.argument_parser.defaults.DefaultArgumentsDecorator object at 0x76fa5f606d40>, verb_extension=<colcon_core.verb.build.BuildVerb object at 0x76fa5f78baf0>, main=<bound method BuildVerb.main of <colcon_core.verb.build.BuildVerb object at 0x76fa5f78baf0>>)[0m
[0.268s] [34mcolcon.colcon_core.package_discovery[0m [1;30mLevel 1[0m discover_packages(colcon_meta) check parameters
[0.268s] [34mcolcon.colcon_core.package_discovery[0m [1;30mLevel 1[0m discover_packages(recursive) check parameters
[0.268s] [34mcolcon.colcon_core.package_discovery[0m [1;30mLevel 1[0m discover_packages(ignore) check parameters
[0.268s] [34mcolcon.colcon_core.package_discovery[0m [1;30mLevel 1[0m discover_packages(path) check parameters
[0.268s] [34mcolcon.colcon_core.package_discovery[0m [1;30mLevel 1[0m discover_packages(colcon_meta) discover
[0.268s] [34mcolcon.colcon_core.package_discovery[0m [1;30mLevel 1[0m discover_packages(recursive) discover
[0.268s] [34mcolcon.colcon_core.package_discovery[0m [1;30mINFO[0m Crawling recursively for packages in '/home/duy/cocarry_ws'
[0.269s] [34mcolcon.colcon_core.package_identification[0m [1;30mLevel 1[0m _identify(.) by extensions ['ignore', 'ignore_ament_install']
[0.269s] [34mcolcon.colcon_core.package_identification[0m [1;30mLevel 1[0m _identify(.) by extension 'ignore'
[0.269s] [34mcolcon.colcon_core.package_identification[0m [1;30mLevel 1[0m _identify(.) by extension 'ignore_ament_install'
[0.269s] [34mcolcon.colcon_core.package_identification[0m [1;30mLevel 1[0m _identify(.) by extensions ['colcon_pkg']
[0.269s] [34mcolcon.colcon_core.package_identification[0m [1;30mLevel 1[0m _identify(.) by extension 'colcon_pkg'
[0.269s] [34mcolcon.colcon_core.package_identification[0m [1;30mLevel 1[0m _identify(.) by extensions ['colcon_meta']
[0.269s] [34mcolcon.colcon_core.package_identification[0m [1;30mLevel 1[0m _identify(.) by extension 'colcon_meta'
[0.269s] [34mcolcon.colcon_core.package_identification[0m [1;30mLevel 1[0m _identify(.) by extensions ['ros']
[0.269s] [34mcolcon.colcon_core.package_identification[0m [1;30mLevel 1[0m _identify(.) by extension 'ros'
[0.296s] [34mcolcon.colcon_core.package_identification[0m [1;30mLevel 1[0m _identify(.) by extensions ['cmake', 'python']
[0.296s] [34mcolcon.colcon_core.package_identification[0m [1;30mLevel 1[0m _identify(.) by extension 'cmake'
[0.296s] [34mcolcon.colcon_core.package_identification[0m [1;30mLevel 1[0m _identify(.) by extension 'python'
[0.296s] [34mcolcon.colcon_core.package_identification[0m [1;30mLevel 1[0m _identify(.) by extensions ['python_setup_py']
[0.296s] [34mcolcon.colcon_core.package_identification[0m [1;30mLevel 1[0m _identify(.) by extension 'python_setup_py'
[0.296s] [34mcolcon.colcon_core.package_identification[0m [1;30mLevel 1[0m _identify(build) by extensions ['ignore', 'ignore_ament_install']
[0.296s] [34mcolcon.colcon_core.package_identification[0m [1;30mLevel 1[0m _identify(build) by extension 'ignore'
[0.296s] [34mcolcon.colcon_core.package_identification[0m [1;30mLevel 1[0m _identify(build) ignored
[0.297s] [34mcolcon.colcon_core.package_identification[0m [1;30mLevel 1[0m _identify(cocarry_logs) by extensions ['ignore', 'ignore_ament_install']
[0.297s] [34mcolcon.colcon_core.package_identification[0m [1;30mLevel 1[0m _identify(cocarry_logs) by extension 'ignore'
[0.297s] [34mcolcon.colcon_core.package_identification[0m [1;30mLevel 1[0m _identify(cocarry_logs) by extension 'ignore_ament_install'
[0.297s] [34mcolcon.colcon_core.package_identification[0m [1;30mLevel 1[0m _identify(cocarry_logs) by extensions ['colcon_pkg']
[0.297s] [34mcolcon.colcon_core.package_identification[0m [1;30mLevel 1[0m _identify(cocarry_logs) by extension 'colcon_pkg'
[0.297s] [34mcolcon.colcon_core.package_identification[0m [1;30mLevel 1[0m _identify(cocarry_logs) by extensions ['colcon_meta']
[0.297s] [34mcolcon.colcon_core.package_identification[0m [1;30mLevel 1[0m _identify(cocarry_logs) by extension 'colcon_meta'
[0.297s] [34mcolcon.colcon_core.package_identification[0m [1;30mLevel 1[0m _identify(cocarry_logs) by extensions ['ros']
[0.297s] [34mcolcon.colcon_core.package_identification[0m [1;30mLevel 1[0m _identify(cocarry_logs) by extension 'ros'
[0.297s] [34mcolcon.colcon_core.package_identification[0m [1;30mLevel 1[0m _identify(cocarry_logs) by extensions ['cmake', 'python']
[0.297s] [34mcolcon.colcon_core.package_identification[0m [1;30mLevel 1[0m _identify(cocarry_logs) by extension 'cmake'
[0.297s] [34mcolcon.colcon_core.package_identification[0m [1;30mLevel 1[0m _identify(cocarry_logs) by extension 'python'
[0.297s] [34mcolcon.colcon_core.package_identification[0m [1;30mLevel 1[0m _identify(cocarry_logs) by extensions ['python_setup_py']
[0.297s] [34mcolcon.colcon_core.package_identification[0m [1;30mLevel 1[0m _identify(cocarry_logs) by extension 'python_setup_py'
[0.297s] [34mcolcon.colcon_core.package_identification[0m [1;30mLevel 1[0m _identify(cocarry_logs/ros_log) by extensions ['ignore', 'ignore_ament_install']
[0.297s] [34mcolcon.colcon_core.package_identification[0m [1;30mLevel 1[0m _identify(cocarry_logs/ros_log) by extension 'ignore'
[0.297s] [34mcolcon.colcon_core.package_identification[0m [1;30mLevel 1[0m _identify(cocarry_logs/ros_log) by extension 'ignore_ament_install'
[0.297s] [34mcolcon.colcon_core.package_identification[0m [1;30mLevel 1[0m _identify(cocarry_logs/ros_log) by extensions ['colcon_pkg']
[0.297s] [34mcolcon.colcon_core.package_identification[0m [1;30mLevel 1[0m _identify(cocarry_logs/ros_log) by extension 'colcon_pkg'
[0.297s] [34mcolcon.colcon_core.package_identification[0m [1;30mLevel 1[0m _identify(cocarry_logs/ros_log) by extensions ['colcon_meta']
[0.297s] [34mcolcon.colcon_core.package_identification[0m [1;30mLevel 1[0m _identify(cocarry_logs/ros_log) by extension 'colcon_meta'
[0.297s] [34mcolcon.colcon_core.package_identification[0m [1;30mLevel 1[0m _identify(cocarry_logs/ros_log) by extensions ['ros']
[0.297s] [34mcolcon.colcon_core.package_identification[0m [1;30mLevel 1[0m _identify(cocarry_logs/ros_log) by extension 'ros'
[0.297s] [34mcolcon.colcon_core.package_identification[0m [1;30mLevel 1[0m _identify(cocarry_logs/ros_log) by extensions ['cmake', 'python']
[0.297s] [34mcolcon.colcon_core.package_identification[0m [1;30mLevel 1[0m _identify(cocarry_logs/ros_log) by extension 'cmake'
[0.297s] [34mcolcon.colcon_core.package_identification[0m [1;30mLevel 1[0m _identify(cocarry_logs/ros_log) by extension 'python'
[0.297s] [34mcolcon.colcon_core.package_identification[0m [1;30mLevel 1[0m _identify(cocarry_logs/ros_log) by extensions ['python_setup_py']
[0.297s] [34mcolcon.colcon_core.package_identification[0m [1;30mLevel 1[0m _identify(cocarry_logs/ros_log) by extension 'python_setup_py'
[0.298s] [34mcolcon.colcon_core.package_identification[0m [1;30mLevel 1[0m _identify(cocarry_logs/ros_log/2026-05-24-15-38-25-447767-sandbox-38) by extensions ['ignore', 'ignore_ament_install']
[0.298s] [34mcolcon.colcon_core.package_identification[0m [1;30mLevel 1[0m _identify(cocarry_logs/ros_log/2026-05-24-15-38-25-447767-sandbox-38) by extension 'ignore'
[0.298s] [34mcolcon.colcon_core.package_identification[0m [1;30mLevel 1[0m _identify(cocarry_logs/ros_log/2026-05-24-15-38-25-447767-sandbox-38) by extension 'ignore_ament_install'
[0.298s] [34mcolcon.colcon_core.package_identification[0m [1;30mLevel 1[0m _identify(cocarry_logs/ros_log/2026-05-24-15-38-25-447767-sandbox-38) by extensions ['colcon_pkg']
[0.298s] [34mcolcon.colcon_core.package_identification[0m [1;30mLevel 1[0m _identify(cocarry_logs/ros_log/2026-05-24-15-38-25-447767-sandbox-38) by extension 'colcon_pkg'
[0.298s] [34mcolcon.colcon_core.package_identification[0m [1;30mLevel 1[0m _identify(cocarry_logs/ros_log/2026-05-24-15-38-25-447767-sandbox-38) by extensions ['colcon_meta']
[0.298s] [34mcolcon.colcon_core.package_identification[0m [1;30mLevel 1[0m _identify(cocarry_logs/ros_log/2026-05-24-15-38-25-447767-sandbox-38) by extension 'colcon_meta'
[0.298s] [34mcolcon.colcon_core.package_identification[0m [1;30mLevel 1[0m _identify(cocarry_logs/ros_log/2026-05-24-15-38-25-447767-sandbox-38) by extensions ['ros']
[0.298s] [34mcolcon.colcon_core.package_identification[0m [1;30mLevel 1[0m _identify(cocarry_logs/ros_log/2026-05-24-15-38-25-447767-sandbox-38) by extension 'ros'
[0.298s] [34mcolcon.colcon_core.package_identification[0m [1;30mLevel 1[0m _identify(cocarry_logs/ros_log/2026-05-24-15-38-25-447767-sandbox-38) by extensions ['cmake', 'python']
[0.298s] [34mcolcon.colcon_core.package_identification[0m [1;30mLevel 1[0m _identify(cocarry_logs/ros_log/2026-05-24-15-38-25-447767-sandbox-38) by extension 'cmake'
[0.298s] [34mcolcon.colcon_core.package_identification[0m [1;30mLevel 1[0m _identify(cocarry_logs/ros_log/2026-05-24-15-38-25-447767-sandbox-38) by extension 'python'
[0.298s] [34mcolcon.colcon_core.package_identification[0m [1;30mLevel 1[0m _identify(cocarry_logs/ros_log/2026-05-24-15-38-25-447767-sandbox-38) by extensions ['python_setup_py']
[0.298s] [34mcolcon.colcon_core.package_identification[0m [1;30mLevel 1[0m _identify(cocarry_logs/ros_log/2026-05-24-15-38-25-447767-sandbox-38) by extension 'python_setup_py'
[0.298s] [34mcolcon.colcon_core.package_identification[0m [1;30mLevel 1[0m _identify(cocarry_logs/ros_log/2026-05-24-15-40-08-180412-sandbox-37) by extensions ['ignore', 'ignore_ament_install']
[0.298s] [34mcolcon.colcon_core.package_identification[0m [1;30mLevel 1[0m _identify(cocarry_logs/ros_log/2026-05-24-15-40-08-180412-sandbox-37) by extension 'ignore'
[0.298s] [34mcolcon.colcon_core.package_identification[0m [1;30mLevel 1[0m _identify(cocarry_logs/ros_log/2026-05-24-15-40-08-180412-sandbox-37) by extension 'ignore_ament_install'
[0.298s] [34mcolcon.colcon_core.package_identification[0m [1;30mLevel 1[0m _identify(cocarry_logs/ros_log/2026-05-24-15-40-08-180412-sandbox-37) by extensions ['colcon_pkg']
[0.298s] [34mcolcon.colcon_core.package_identification[0m [1;30mLevel 1[0m _identify(cocarry_logs/ros_log/2026-05-24-15-40-08-180412-sandbox-37) by extension 'colcon_pkg'
[0.298s] [34mcolcon.colcon_core.package_identification[0m [1;30mLevel 1[0m _identify(cocarry_logs/ros_log/2026-05-24-15-40-08-180412-sandbox-37) by extensions ['colcon_meta']
[0.298s] [34mcolcon.colcon_core.package_identification[0m [1;30mLevel 1[0m _identify(cocarry_logs/ros_log/2026-05-24-15-40-08-180412-sandbox-37) by extension 'colcon_meta'
[0.298s] [34mcolcon.colcon_core.package_identification[0m [1;30mLevel 1[0m _identify(cocarry_logs/ros_log/2026-05-24-15-40-08-180412-sandbox-37) by extensions ['ros']
[0.298s] [34mcolcon.colcon_core.package_identification[0m [1;30mLevel 1[0m _identify(cocarry_logs/ros_log/2026-05-24-15-40-08-180412-sandbox-37) by extension 'ros'
[0.298s] [34mcolcon.colcon_core.package_identification[0m [1;30mLevel 1[0m _identify(cocarry_logs/ros_log/2026-05-24-15-40-08-180412-sandbox-37) by extensions ['cmake', 'python']
[0.298s] [34mcolcon.colcon_core.package_identification[0m [1;30mLevel 1[0m _identify(cocarry_logs/ros_log/2026-05-24-15-40-08-180412-sandbox-37) by extension 'cmake'
[0.298s] [34mcolcon.colcon_core.package_identification[0m [1;30mLevel 1[0m _identify(cocarry_logs/ros_log/2026-05-24-15-40-08-180412-sandbox-37) by extension 'python'
[0.298s] [34mcolcon.colcon_core.package_identification[0m [1;30mLevel 1[0m _identify(cocarry_logs/ros_log/2026-05-24-15-40-08-180412-sandbox-37) by extensions ['python_setup_py']
[0.298s] [34mcolcon.colcon_core.package_identification[0m [1;30mLevel 1[0m _identify(cocarry_logs/ros_log/2026-05-24-15-40-08-180412-sandbox-37) by extension 'python_setup_py'
[0.298s] [34mcolcon.colcon_core.package_identification[0m [1;30mLevel 1[0m _identify(cocarry_logs/ros_log/2026-05-24-15-41-03-533908-sandbox-43) by extensions ['ignore', 'ignore_ament_install']
[0.298s] [34mcolcon.colcon_core.package_identification[0m [1;30mLevel 1[0m _identify(cocarry_logs/ros_log/2026-05-24-15-41-03-533908-sandbox-43) by extension 'ignore'
[0.298s] [34mcolcon.colcon_core.package_identification[0m [1;30mLevel 1[0m _identify(cocarry_logs/ros_log/2026-05-24-15-41-03-533908-sandbox-43) by extension 'ignore_ament_install'
[0.298s] [34mcolcon.colcon_core.package_identification[0m [1;30mLevel 1[0m _identify(cocarry_logs/ros_log/2026-05-24-15-41-03-533908-sandbox-43) by extensions ['colcon_pkg']
[0.298s] [34mcolcon.colcon_core.package_identification[0m [1;30mLevel 1[0m _identify(cocarry_logs/ros_log/2026-05-24-15-41-03-533908-sandbox-43) by extension 'colcon_pkg'
[0.298s] [34mcolcon.colcon_core.package_identification[0m [1;30mLevel 1[0m _identify(cocarry_logs/ros_log/2026-05-24-15-41-03-533908-sandbox-43) by extensions ['colcon_meta']
[0.298s] [34mcolcon.colcon_core.package_identification[0m [1;30mLevel 1[0m _identify(cocarry_logs/ros_log/2026-05-24-15-41-03-533908-sandbox-43) by extension 'colcon_meta'
[0.298s] [34mcolcon.colcon_core.package_identification[0m [1;30mLevel 1[0m _identify(cocarry_logs/ros_log/2026-05-24-15-41-03-533908-sandbox-43) by extensions ['ros']
[0.298s] [34mcolcon.colcon_core.package_identification[0m [1;30mLevel 1[0m _identify(cocarry_logs/ros_log/2026-05-24-15-41-03-533908-sandbox-43) by extension 'ros'
[0.299s] [34mcolcon.colcon_core.package_identification[0m [1;30mLevel 1[0m _identify(cocarry_logs/ros_log/2026-05-24-15-41-03-533908-sandbox-43) by extensions ['cmake', 'python']
[0.299s] [34mcolcon.colcon_core.package_identification[0m [1;30mLevel 1[0m _identify(cocarry_logs/ros_log/2026-05-24-15-41-03-533908-sandbox-43) by extension 'cmake'
[0.299s] [34mcolcon.colcon_core.package_identification[0m [1;30mLevel 1[0m _identify(cocarry_logs/ros_log/2026-05-24-15-41-03-533908-sandbox-43) by extension 'python'
[0.299s] [34mcolcon.colcon_core.package_identification[0m [1;30mLevel 1[0m _identify(cocarry_logs/ros_log/2026-05-24-15-41-03-533908-sandbox-43) by extensions ['python_setup_py']
[0.299s] [34mcolcon.colcon_core.package_identification[0m [1;30mLevel 1[0m _identify(cocarry_logs/ros_log/2026-05-24-15-41-03-533908-sandbox-43) by extension 'python_setup_py'
[0.299s] [34mcolcon.colcon_core.package_identification[0m [1;30mLevel 1[0m _identify(cocarry_logs/ros_log/2026-05-24-15-42-46-773534-sandbox-42) by extensions ['ignore', 'ignore_ament_install']
[0.299s] [34mcolcon.colcon_core.package_identification[0m [1;30mLevel 1[0m _identify(cocarry_logs/ros_log/2026-05-24-15-42-46-773534-sandbox-42) by extension 'ignore'
[0.299s] [34mcolcon.colcon_core.package_identification[0m [1;30mLevel 1[0m _identify(cocarry_logs/ros_log/2026-05-24-15-42-46-773534-sandbox-42) by extension 'ignore_ament_install'
[0.299s] [34mcolcon.colcon_core.package_identification[0m [1;30mLevel 1[0m _identify(cocarry_logs/ros_log/2026-05-24-15-42-46-773534-sandbox-42) by extensions ['colcon_pkg']
[0.299s] [34mcolcon.colcon_core.package_identification[0m [1;30mLevel 1[0m _identify(cocarry_logs/ros_log/2026-05-24-15-42-46-773534-sandbox-42) by extension 'colcon_pkg'
[0.299s] [34mcolcon.colcon_core.package_identification[0m [1;30mLevel 1[0m _identify(cocarry_logs/ros_log/2026-05-24-15-42-46-773534-sandbox-42) by extensions ['colcon_meta']
[0.299s] [34mcolcon.colcon_core.package_identification[0m [1;30mLevel 1[0m _identify(cocarry_logs/ros_log/2026-05-24-15-42-46-773534-sandbox-42) by extension 'colcon_meta'
[0.299s] [34mcolcon.colcon_core.package_identification[0m [1;30mLevel 1[0m _identify(cocarry_logs/ros_log/2026-05-24-15-42-46-773534-sandbox-42) by extensions ['ros']
[0.299s] [34mcolcon.colcon_core.package_identification[0m [1;30mLevel 1[0m _identify(cocarry_logs/ros_log/2026-05-24-15-42-46-773534-sandbox-42) by extension 'ros'
[0.299s] [34mcolcon.colcon_core.package_identification[0m [1;30mLevel 1[0m _identify(cocarry_logs/ros_log/2026-05-24-15-42-46-773534-sandbox-42) by extensions ['cmake', 'python']
[0.299s] [34mcolcon.colcon_core.package_identification[0m [1;30mLevel 1[0m _identify(cocarry_logs/ros_log/2026-05-24-15-42-46-773534-sandbox-42) by extension 'cmake'
[0.299s] [34mcolcon.colcon_core.package_identification[0m [1;30mLevel 1[0m _identify(cocarry_logs/ros_log/2026-05-24-15-42-46-773534-sandbox-42) by extension 'python'
[0.299s] [34mcolcon.colcon_core.package_identification[0m [1;30mLevel 1[0m _identify(cocarry_logs/ros_log/2026-05-24-15-42-46-773534-sandbox-42) by extensions ['python_setup_py']
[0.299s] [34mcolcon.colcon_core.package_identification[0m [1;30mLevel 1[0m _identify(cocarry_logs/ros_log/2026-05-24-15-42-46-773534-sandbox-42) by extension 'python_setup_py'
[0.299s] [34mcolcon.colcon_core.package_identification[0m [1;30mLevel 1[0m _identify(cocarry_logs/ros_log/2026-05-24-15-43-46-710875-sandbox-41) by extensions ['ignore', 'ignore_ament_install']
[0.299s] [34mcolcon.colcon_core.package_identification[0m [1;30mLevel 1[0m _identify(cocarry_logs/ros_log/2026-05-24-15-43-46-710875-sandbox-41) by extension 'ignore'
[0.299s] [34mcolcon.colcon_core.package_identification[0m [1;30mLevel 1[0m _identify(cocarry_logs/ros_log/2026-05-24-15-43-46-710875-sandbox-41) by extension 'ignore_ament_install'
[0.299s] [34mcolcon.colcon_core.package_identification[0m [1;30mLevel 1[0m _identify(cocarry_logs/ros_log/2026-05-24-15-43-46-710875-sandbox-41) by extensions ['colcon_pkg']
[0.299s] [34mcolcon.colcon_core.package_identification[0m [1;30mLevel 1[0m _identify(cocarry_logs/ros_log/2026-05-24-15-43-46-710875-sandbox-41) by extension 'colcon_pkg'
[0.299s] [34mcolcon.colcon_core.package_identification[0m [1;30mLevel 1[0m _identify(cocarry_logs/ros_log/2026-05-24-15-43-46-710875-sandbox-41) by extensions ['colcon_meta']
[0.299s] [34mcolcon.colcon_core.package_identification[0m [1;30mLevel 1[0m _identify(cocarry_logs/ros_log/2026-05-24-15-43-46-710875-sandbox-41) by extension 'colcon_meta'
[0.299s] [34mcolcon.colcon_core.package_identification[0m [1;30mLevel 1[0m _identify(cocarry_logs/ros_log/2026-05-24-15-43-46-710875-sandbox-41) by extensions ['ros']
[0.299s] [34mcolcon.colcon_core.package_identification[0m [1;30mLevel 1[0m _identify(cocarry_logs/ros_log/2026-05-24-15-43-46-710875-sandbox-41) by extension 'ros'
[0.299s] [34mcolcon.colcon_core.package_identification[0m [1;30mLevel 1[0m _identify(cocarry_logs/ros_log/2026-05-24-15-43-46-710875-sandbox-41) by extensions ['cmake', 'python']
[0.299s] [34mcolcon.colcon_core.package_identification[0m [1;30mLevel 1[0m _identify(cocarry_logs/ros_log/2026-05-24-15-43-46-710875-sandbox-41) by extension 'cmake'
[0.299s] [34mcolcon.colcon_core.package_identification[0m [1;30mLevel 1[0m _identify(cocarry_logs/ros_log/2026-05-24-15-43-46-710875-sandbox-41) by extension 'python'
[0.299s] [34mcolcon.colcon_core.package_identification[0m [1;30mLevel 1[0m _identify(cocarry_logs/ros_log/2026-05-24-15-43-46-710875-sandbox-41) by extensions ['python_setup_py']
[0.299s] [34mcolcon.colcon_core.package_identification[0m [1;30mLevel 1[0m _identify(cocarry_logs/ros_log/2026-05-24-15-43-46-710875-sandbox-41) by extension 'python_setup_py'
[0.299s] [34mcolcon.colcon_core.package_identification[0m [1;30mLevel 1[0m _identify(cocarry_logs/ros_log/2026-05-24-15-48-34-345417-sandbox-41) by extensions ['ignore', 'ignore_ament_install']
[0.299s] [34mcolcon.colcon_core.package_identification[0m [1;30mLevel 1[0m _identify(cocarry_logs/ros_log/2026-05-24-15-48-34-345417-sandbox-41) by extension 'ignore'
[0.299s] [34mcolcon.colcon_core.package_identification[0m [1;30mLevel 1[0m _identify(cocarry_logs/ros_log/2026-05-24-15-48-34-345417-sandbox-41) by extension 'ignore_ament_install'
[0.299s] [34mcolcon.colcon_core.package_identification[0m [1;30mLevel 1[0m _identify(cocarry_logs/ros_log/2026-05-24-15-48-34-345417-sandbox-41) by extensions ['colcon_pkg']
[0.299s] [34mcolcon.colcon_core.package_identification[0m [1;30mLevel 1[0m _identify(cocarry_logs/ros_log/2026-05-24-15-48-34-345417-sandbox-41) by extension 'colcon_pkg'
[0.299s] [34mcolcon.colcon_core.package_identification[0m [1;30mLevel 1[0m _identify(cocarry_logs/ros_log/2026-05-24-15-48-34-345417-sandbox-41) by extensions ['colcon_meta']
[0.300s] [34mcolcon.colcon_core.package_identification[0m [1;30mLevel 1[0m _identify(cocarry_logs/ros_log/2026-05-24-15-48-34-345417-sandbox-41) by extension 'colcon_meta'
[0.300s] [34mcolcon.colcon_core.package_identification[0m [1;30mLevel 1[0m _identify(cocarry_logs/ros_log/2026-05-24-15-48-34-345417-sandbox-41) by extensions ['ros']
[0.300s] [34mcolcon.colcon_core.package_identification[0m [1;30mLevel 1[0m _identify(cocarry_logs/ros_log/2026-05-24-15-48-34-345417-sandbox-41) by extension 'ros'
[0.300s] [34mcolcon.colcon_core.package_identification[0m [1;30mLevel 1[0m _identify(cocarry_logs/ros_log/2026-05-24-15-48-34-345417-sandbox-41) by extensions ['cmake', 'python']
[0.300s] [34mcolcon.colcon_core.package_identification[0m [1;30mLevel 1[0m _identify(cocarry_logs/ros_log/2026-05-24-15-48-34-345417-sandbox-41) by extension 'cmake'
[0.300s] [34mcolcon.colcon_core.package_identification[0m [1;30mLevel 1[0m _identify(cocarry_logs/ros_log/2026-05-24-15-48-34-345417-sandbox-41) by extension 'python'
[0.300s] [34mcolcon.colcon_core.package_identification[0m [1;30mLevel 1[0m _identify(cocarry_logs/ros_log/2026-05-24-15-48-34-345417-sandbox-41) by extensions ['python_setup_py']
[0.300s] [34mcolcon.colcon_core.package_identification[0m [1;30mLevel 1[0m _identify(cocarry_logs/ros_log/2026-05-24-15-48-34-345417-sandbox-41) by extension 'python_setup_py'
[0.300s] [34mcolcon.colcon_core.package_identification[0m [1;30mLevel 1[0m _identify(cocarry_logs/ros_log/2026-05-24-15-51-09-960134-sandbox-36) by extensions ['ignore', 'ignore_ament_install']
[0.300s] [34mcolcon.colcon_core.package_identification[0m [1;30mLevel 1[0m _identify(cocarry_logs/ros_log/2026-05-24-15-51-09-960134-sandbox-36) by extension 'ignore'
[0.300s] [34mcolcon.colcon_core.package_identification[0m [1;30mLevel 1[0m _identify(cocarry_logs/ros_log/2026-05-24-15-51-09-960134-sandbox-36) by extension 'ignore_ament_install'
[0.300s] [34mcolcon.colcon_core.package_identification[0m [1;30mLevel 1[0m _identify(cocarry_logs/ros_log/2026-05-24-15-51-09-960134-sandbox-36) by extensions ['colcon_pkg']
[0.300s] [34mcolcon.colcon_core.package_identification[0m [1;30mLevel 1[0m _identify(cocarry_logs/ros_log/2026-05-24-15-51-09-960134-sandbox-36) by extension 'colcon_pkg'
[0.300s] [34mcolcon.colcon_core.package_identification[0m [1;30mLevel 1[0m _identify(cocarry_logs/ros_log/2026-05-24-15-51-09-960134-sandbox-36) by extensions ['colcon_meta']
[0.300s] [34mcolcon.colcon_core.package_identification[0m [1;30mLevel 1[0m _identify(cocarry_logs/ros_log/2026-05-24-15-51-09-960134-sandbox-36) by extension 'colcon_meta'
[0.300s] [34mcolcon.colcon_core.package_identification[0m [1;30mLevel 1[0m _identify(cocarry_logs/ros_log/2026-05-24-15-51-09-960134-sandbox-36) by extensions ['ros']
[0.300s] [34mcolcon.colcon_core.package_identification[0m [1;30mLevel 1[0m _identify(cocarry_logs/ros_log/2026-05-24-15-51-09-960134-sandbox-36) by extension 'ros'
[0.300s] [34mcolcon.colcon_core.package_identification[0m [1;30mLevel 1[0m _identify(cocarry_logs/ros_log/2026-05-24-15-51-09-960134-sandbox-36) by extensions ['cmake', 'python']
[0.300s] [34mcolcon.colcon_core.package_identification[0m [1;30mLevel 1[0m _identify(cocarry_logs/ros_log/2026-05-24-15-51-09-960134-sandbox-36) by extension 'cmake'
[0.300s] [34mcolcon.colcon_core.package_identification[0m [1;30mLevel 1[0m _identify(cocarry_logs/ros_log/2026-05-24-15-51-09-960134-sandbox-36) by extension 'python'
[0.300s] [34mcolcon.colcon_core.package_identification[0m [1;30mLevel 1[0m _identify(cocarry_logs/ros_log/2026-05-24-15-51-09-960134-sandbox-36) by extensions ['python_setup_py']
[0.300s] [34mcolcon.colcon_core.package_identification[0m [1;30mLevel 1[0m _identify(cocarry_logs/ros_log/2026-05-24-15-51-09-960134-sandbox-36) by extension 'python_setup_py'
[0.300s] [34mcolcon.colcon_core.package_identification[0m [1;30mLevel 1[0m _identify(docs) by extensions ['ignore', 'ignore_ament_install']
[0.300s] [34mcolcon.colcon_core.package_identification[0m [1;30mLevel 1[0m _identify(docs) by extension 'ignore'
[0.300s] [34mcolcon.colcon_core.package_identification[0m [1;30mLevel 1[0m _identify(docs) by extension 'ignore_ament_install'
[0.300s] [34mcolcon.colcon_core.package_identification[0m [1;30mLevel 1[0m _identify(docs) by extensions ['colcon_pkg']
[0.300s] [34mcolcon.colcon_core.package_identification[0m [1;30mLevel 1[0m _identify(docs) by extension 'colcon_pkg'
[0.300s] [34mcolcon.colcon_core.package_identification[0m [1;30mLevel 1[0m _identify(docs) by extensions ['colcon_meta']
[0.300s] [34mcolcon.colcon_core.package_identification[0m [1;30mLevel 1[0m _identify(docs) by extension 'colcon_meta'
[0.300s] [34mcolcon.colcon_core.package_identification[0m [1;30mLevel 1[0m _identify(docs) by extensions ['ros']
[0.300s] [34mcolcon.colcon_core.package_identification[0m [1;30mLevel 1[0m _identify(docs) by extension 'ros'
[0.300s] [34mcolcon.colcon_core.package_identification[0m [1;30mLevel 1[0m _identify(docs) by extensions ['cmake', 'python']
[0.300s] [34mcolcon.colcon_core.package_identification[0m [1;30mLevel 1[0m _identify(docs) by extension 'cmake'
[0.300s] [34mcolcon.colcon_core.package_identification[0m [1;30mLevel 1[0m _identify(docs) by extension 'python'
[0.300s] [34mcolcon.colcon_core.package_identification[0m [1;30mLevel 1[0m _identify(docs) by extensions ['python_setup_py']
[0.300s] [34mcolcon.colcon_core.package_identification[0m [1;30mLevel 1[0m _identify(docs) by extension 'python_setup_py'
[0.301s] [34mcolcon.colcon_core.package_identification[0m [1;30mLevel 1[0m _identify(install) by extensions ['ignore', 'ignore_ament_install']
[0.301s] [34mcolcon.colcon_core.package_identification[0m [1;30mLevel 1[0m _identify(install) by extension 'ignore'
[0.301s] [34mcolcon.colcon_core.package_identification[0m [1;30mLevel 1[0m _identify(install) ignored
[0.301s] [34mcolcon.colcon_core.package_identification[0m [1;30mLevel 1[0m _identify(libfreenect2) by extensions ['ignore', 'ignore_ament_install']
[0.301s] [34mcolcon.colcon_core.package_identification[0m [1;30mLevel 1[0m _identify(libfreenect2) by extension 'ignore'
[0.301s] [34mcolcon.colcon_core.package_identification[0m [1;30mLevel 1[0m _identify(libfreenect2) by extension 'ignore_ament_install'
[0.301s] [34mcolcon.colcon_core.package_identification[0m [1;30mLevel 1[0m _identify(libfreenect2) by extensions ['colcon_pkg']
[0.301s] [34mcolcon.colcon_core.package_identification[0m [1;30mLevel 1[0m _identify(libfreenect2) by extension 'colcon_pkg'
[0.301s] [34mcolcon.colcon_core.package_identification[0m [1;30mLevel 1[0m _identify(libfreenect2) by extensions ['colcon_meta']
[0.301s] [34mcolcon.colcon_core.package_identification[0m [1;30mLevel 1[0m _identify(libfreenect2) by extension 'colcon_meta'
[0.301s] [34mcolcon.colcon_core.package_identification[0m [1;30mLevel 1[0m _identify(libfreenect2) by extensions ['ros']
[0.301s] [34mcolcon.colcon_core.package_identification[0m [1;30mLevel 1[0m _identify(libfreenect2) by extension 'ros'
[0.301s] [34mcolcon.colcon_core.package_identification[0m [1;30mLevel 1[0m _identify(libfreenect2) by extensions ['cmake', 'python']
[0.301s] [34mcolcon.colcon_core.package_identification[0m [1;30mLevel 1[0m _identify(libfreenect2) by extension 'cmake'
[0.318s] [34mcolcon.colcon_core.package_identification[0m [1;30mLevel 1[0m _identify(libfreenect2) by extension 'python'
[0.318s] [34mcolcon.colcon_core.package_identification[0m [1;30mDEBUG[0m [32mPackage 'libfreenect2' with type 'cmake' and name 'libfreenect2'[0m
[0.318s] [34mcolcon.colcon_core.package_identification[0m [1;30mLevel 1[0m _identify(log) by extensions ['ignore', 'ignore_ament_install']
[0.318s] [34mcolcon.colcon_core.package_identification[0m [1;30mLevel 1[0m _identify(log) by extension 'ignore'
[0.318s] [34mcolcon.colcon_core.package_identification[0m [1;30mLevel 1[0m _identify(log) ignored
[0.318s] [34mcolcon.colcon_core.package_identification[0m [1;30mLevel 1[0m _identify(log_temp) by extensions ['ignore', 'ignore_ament_install']
[0.318s] [34mcolcon.colcon_core.package_identification[0m [1;30mLevel 1[0m _identify(log_temp) by extension 'ignore'
[0.318s] [34mcolcon.colcon_core.package_identification[0m [1;30mLevel 1[0m _identify(log_temp) by extension 'ignore_ament_install'
[0.318s] [34mcolcon.colcon_core.package_identification[0m [1;30mLevel 1[0m _identify(log_temp) by extensions ['colcon_pkg']
[0.318s] [34mcolcon.colcon_core.package_identification[0m [1;30mLevel 1[0m _identify(log_temp) by extension 'colcon_pkg'
[0.319s] [34mcolcon.colcon_core.package_identification[0m [1;30mLevel 1[0m _identify(log_temp) by extensions ['colcon_meta']
[0.319s] [34mcolcon.colcon_core.package_identification[0m [1;30mLevel 1[0m _identify(log_temp) by extension 'colcon_meta'
[0.319s] [34mcolcon.colcon_core.package_identification[0m [1;30mLevel 1[0m _identify(log_temp) by extensions ['ros']
[0.319s] [34mcolcon.colcon_core.package_identification[0m [1;30mLevel 1[0m _identify(log_temp) by extension 'ros'
[0.319s] [34mcolcon.colcon_core.package_identification[0m [1;30mLevel 1[0m _identify(log_temp) by extensions ['cmake', 'python']
[0.319s] [34mcolcon.colcon_core.package_identification[0m [1;30mLevel 1[0m _identify(log_temp) by extension 'cmake'
[0.319s] [34mcolcon.colcon_core.package_identification[0m [1;30mLevel 1[0m _identify(log_temp) by extension 'python'
[0.319s] [34mcolcon.colcon_core.package_identification[0m [1;30mLevel 1[0m _identify(log_temp) by extensions ['python_setup_py']
[0.319s] [34mcolcon.colcon_core.package_identification[0m [1;30mLevel 1[0m _identify(log_temp) by extension 'python_setup_py'
[0.319s] [34mcolcon.colcon_core.package_identification[0m [1;30mLevel 1[0m _identify(ros_log) by extensions ['ignore', 'ignore_ament_install']
[0.319s] [34mcolcon.colcon_core.package_identification[0m [1;30mLevel 1[0m _identify(ros_log) by extension 'ignore'
[0.319s] [34mcolcon.colcon_core.package_identification[0m [1;30mLevel 1[0m _identify(ros_log) by extension 'ignore_ament_install'
[0.319s] [34mcolcon.colcon_core.package_identification[0m [1;30mLevel 1[0m _identify(ros_log) by extensions ['colcon_pkg']
[0.319s] [34mcolcon.colcon_core.package_identification[0m [1;30mLevel 1[0m _identify(ros_log) by extension 'colcon_pkg'
[0.319s] [34mcolcon.colcon_core.package_identification[0m [1;30mLevel 1[0m _identify(ros_log) by extensions ['colcon_meta']
[0.319s] [34mcolcon.colcon_core.package_identification[0m [1;30mLevel 1[0m _identify(ros_log) by extension 'colcon_meta'
[0.319s] [34mcolcon.colcon_core.package_identification[0m [1;30mLevel 1[0m _identify(ros_log) by extensions ['ros']
[0.319s] [34mcolcon.colcon_core.package_identification[0m [1;30mLevel 1[0m _identify(ros_log) by extension 'ros'
[0.319s] [34mcolcon.colcon_core.package_identification[0m [1;30mLevel 1[0m _identify(ros_log) by extensions ['cmake', 'python']
[0.319s] [34mcolcon.colcon_core.package_identification[0m [1;30mLevel 1[0m _identify(ros_log) by extension 'cmake'
[0.319s] [34mcolcon.colcon_core.package_identification[0m [1;30mLevel 1[0m _identify(ros_log) by extension 'python'
[0.319s] [34mcolcon.colcon_core.package_identification[0m [1;30mLevel 1[0m _identify(ros_log) by extensions ['python_setup_py']
[0.319s] [34mcolcon.colcon_core.package_identification[0m [1;30mLevel 1[0m _identify(ros_log) by extension 'python_setup_py'
[0.320s] [34mcolcon.colcon_core.package_identification[0m [1;30mLevel 1[0m _identify(src) by extensions ['ignore', 'ignore_ament_install']
[0.320s] [34mcolcon.colcon_core.package_identification[0m [1;30mLevel 1[0m _identify(src) by extension 'ignore'
[0.320s] [34mcolcon.colcon_core.package_identification[0m [1;30mLevel 1[0m _identify(src) by extension 'ignore_ament_install'
[0.320s] [34mcolcon.colcon_core.package_identification[0m [1;30mLevel 1[0m _identify(src) by extensions ['colcon_pkg']
[0.320s] [34mcolcon.colcon_core.package_identification[0m [1;30mLevel 1[0m _identify(src) by extension 'colcon_pkg'
[0.320s] [34mcolcon.colcon_core.package_identification[0m [1;30mLevel 1[0m _identify(src) by extensions ['colcon_meta']
[0.320s] [34mcolcon.colcon_core.package_identification[0m [1;30mLevel 1[0m _identify(src) by extension 'colcon_meta'
[0.320s] [34mcolcon.colcon_core.package_identification[0m [1;30mLevel 1[0m _identify(src) by extensions ['ros']
[0.320s] [34mcolcon.colcon_core.package_identification[0m [1;30mLevel 1[0m _identify(src) by extension 'ros'
[0.320s] [34mcolcon.colcon_core.package_identification[0m [1;30mLevel 1[0m _identify(src) by extensions ['cmake', 'python']
[0.320s] [34mcolcon.colcon_core.package_identification[0m [1;30mLevel 1[0m _identify(src) by extension 'cmake'
[0.320s] [34mcolcon.colcon_core.package_identification[0m [1;30mLevel 1[0m _identify(src) by extension 'python'
[0.320s] [34mcolcon.colcon_core.package_identification[0m [1;30mLevel 1[0m _identify(src) by extensions ['python_setup_py']
[0.320s] [34mcolcon.colcon_core.package_identification[0m [1;30mLevel 1[0m _identify(src) by extension 'python_setup_py'
[0.320s] [34mcolcon.colcon_core.package_identification[0m [1;30mLevel 1[0m _identify(src/GRU-Model) by extensions ['ignore', 'ignore_ament_install']
[0.320s] [34mcolcon.colcon_core.package_identification[0m [1;30mLevel 1[0m _identify(src/GRU-Model) by extension 'ignore'
[0.320s] [34mcolcon.colcon_core.package_identification[0m [1;30mLevel 1[0m _identify(src/GRU-Model) by extension 'ignore_ament_install'
[0.320s] [34mcolcon.colcon_core.package_identification[0m [1;30mLevel 1[0m _identify(src/GRU-Model) by extensions ['colcon_pkg']
[0.320s] [34mcolcon.colcon_core.package_identification[0m [1;30mLevel 1[0m _identify(src/GRU-Model) by extension 'colcon_pkg'
[0.320s] [34mcolcon.colcon_core.package_identification[0m [1;30mLevel 1[0m _identify(src/GRU-Model) by extensions ['colcon_meta']
[0.320s] [34mcolcon.colcon_core.package_identification[0m [1;30mLevel 1[0m _identify(src/GRU-Model) by extension 'colcon_meta'
[0.321s] [34mcolcon.colcon_core.package_identification[0m [1;30mLevel 1[0m _identify(src/GRU-Model) by extensions ['ros']
[0.321s] [34mcolcon.colcon_core.package_identification[0m [1;30mLevel 1[0m _identify(src/GRU-Model) by extension 'ros'
[0.321s] [34mcolcon.colcon_core.package_identification[0m [1;30mLevel 1[0m _identify(src/GRU-Model) by extensions ['cmake', 'python']
[0.321s] [34mcolcon.colcon_core.package_identification[0m [1;30mLevel 1[0m _identify(src/GRU-Model) by extension 'cmake'
[0.321s] [34mcolcon.colcon_core.package_identification[0m [1;30mLevel 1[0m _identify(src/GRU-Model) by extension 'python'
[0.321s] [34mcolcon.colcon_core.package_identification[0m [1;30mLevel 1[0m _identify(src/GRU-Model) by extensions ['python_setup_py']
[0.321s] [34mcolcon.colcon_core.package_identification[0m [1;30mLevel 1[0m _identify(src/GRU-Model) by extension 'python_setup_py'
[0.321s] [34mcolcon.colcon_core.package_identification[0m [1;30mLevel 1[0m _identify(src/GRU-Model/Best_Autoregressive) by extensions ['ignore', 'ignore_ament_install']
[0.321s] [34mcolcon.colcon_core.package_identification[0m [1;30mLevel 1[0m _identify(src/GRU-Model/Best_Autoregressive) by extension 'ignore'
[0.321s] [34mcolcon.colcon_core.package_identification[0m [1;30mLevel 1[0m _identify(src/GRU-Model/Best_Autoregressive) by extension 'ignore_ament_install'
[0.321s] [34mcolcon.colcon_core.package_identification[0m [1;30mLevel 1[0m _identify(src/GRU-Model/Best_Autoregressive) by extensions ['colcon_pkg']
[0.321s] [34mcolcon.colcon_core.package_identification[0m [1;30mLevel 1[0m _identify(src/GRU-Model/Best_Autoregressive) by extension 'colcon_pkg'
[0.321s] [34mcolcon.colcon_core.package_identification[0m [1;30mLevel 1[0m _identify(src/GRU-Model/Best_Autoregressive) by extensions ['colcon_meta']
[0.321s] [34mcolcon.colcon_core.package_identification[0m [1;30mLevel 1[0m _identify(src/GRU-Model/Best_Autoregressive) by extension 'colcon_meta'
[0.321s] [34mcolcon.colcon_core.package_identification[0m [1;30mLevel 1[0m _identify(src/GRU-Model/Best_Autoregressive) by extensions ['ros']
[0.321s] [34mcolcon.colcon_core.package_identification[0m [1;30mLevel 1[0m _identify(src/GRU-Model/Best_Autoregressive) by extension 'ros'
[0.321s] [34mcolcon.colcon_core.package_identification[0m [1;30mLevel 1[0m _identify(src/GRU-Model/Best_Autoregressive) by extensions ['cmake', 'python']
[0.321s] [34mcolcon.colcon_core.package_identification[0m [1;30mLevel 1[0m _identify(src/GRU-Model/Best_Autoregressive) by extension 'cmake'
[0.321s] [34mcolcon.colcon_core.package_identification[0m [1;30mLevel 1[0m _identify(src/GRU-Model/Best_Autoregressive) by extension 'python'
[0.321s] [34mcolcon.colcon_core.package_identification[0m [1;30mLevel 1[0m _identify(src/GRU-Model/Best_Autoregressive) by extensions ['python_setup_py']
[0.321s] [34mcolcon.colcon_core.package_identification[0m [1;30mLevel 1[0m _identify(src/GRU-Model/Best_Autoregressive) by extension 'python_setup_py'
[0.321s] [34mcolcon.colcon_core.package_identification[0m [1;30mLevel 1[0m _identify(src/coord_transform) by extensions ['ignore', 'ignore_ament_install']
[0.322s] [34mcolcon.colcon_core.package_identification[0m [1;30mLevel 1[0m _identify(src/coord_transform) by extension 'ignore'
[0.322s] [34mcolcon.colcon_core.package_identification[0m [1;30mLevel 1[0m _identify(src/coord_transform) by extension 'ignore_ament_install'
[0.322s] [34mcolcon.colcon_core.package_identification[0m [1;30mLevel 1[0m _identify(src/coord_transform) by extensions ['colcon_pkg']
[0.322s] [34mcolcon.colcon_core.package_identification[0m [1;30mLevel 1[0m _identify(src/coord_transform) by extension 'colcon_pkg'
[0.322s] [34mcolcon.colcon_core.package_identification[0m [1;30mLevel 1[0m _identify(src/coord_transform) by extensions ['colcon_meta']
[0.322s] [34mcolcon.colcon_core.package_identification[0m [1;30mLevel 1[0m _identify(src/coord_transform) by extension 'colcon_meta'
[0.322s] [34mcolcon.colcon_core.package_identification[0m [1;30mLevel 1[0m _identify(src/coord_transform) by extensions ['ros']
[0.322s] [34mcolcon.colcon_core.package_identification[0m [1;30mLevel 1[0m _identify(src/coord_transform) by extension 'ros'
[0.325s] [34mcolcon.colcon_core.package_identification[0m [1;30mDEBUG[0m [32mPackage 'src/coord_transform' with type 'ros.ament_python' and name 'coord_transform'[0m
[0.325s] [34mcolcon.colcon_core.package_identification[0m [1;30mLevel 1[0m _identify(src/experiment_logger) by extensions ['ignore', 'ignore_ament_install']
[0.325s] [34mcolcon.colcon_core.package_identification[0m [1;30mLevel 1[0m _identify(src/experiment_logger) by extension 'ignore'
[0.325s] [34mcolcon.colcon_core.package_identification[0m [1;30mLevel 1[0m _identify(src/experiment_logger) by extension 'ignore_ament_install'
[0.325s] [34mcolcon.colcon_core.package_identification[0m [1;30mLevel 1[0m _identify(src/experiment_logger) by extensions ['colcon_pkg']
[0.325s] [34mcolcon.colcon_core.package_identification[0m [1;30mLevel 1[0m _identify(src/experiment_logger) by extension 'colcon_pkg'
[0.325s] [34mcolcon.colcon_core.package_identification[0m [1;30mLevel 1[0m _identify(src/experiment_logger) by extensions ['colcon_meta']
[0.325s] [34mcolcon.colcon_core.package_identification[0m [1;30mLevel 1[0m _identify(src/experiment_logger) by extension 'colcon_meta'
[0.325s] [34mcolcon.colcon_core.package_identification[0m [1;30mLevel 1[0m _identify(src/experiment_logger) by extensions ['ros']
[0.325s] [34mcolcon.colcon_core.package_identification[0m [1;30mLevel 1[0m _identify(src/experiment_logger) by extension 'ros'
[0.326s] [34mcolcon.colcon_core.package_identification[0m [1;30mDEBUG[0m [32mPackage 'src/experiment_logger' with type 'ros.ament_python' and name 'experiment_logger'[0m
[0.326s] [34mcolcon.colcon_core.package_identification[0m [1;30mLevel 1[0m _identify(src/hc10dtp_bringup) by extensions ['ignore', 'ignore_ament_install']
[0.327s] [34mcolcon.colcon_core.package_identification[0m [1;30mLevel 1[0m _identify(src/hc10dtp_bringup) by extension 'ignore'
[0.327s] [34mcolcon.colcon_core.package_identification[0m [1;30mLevel 1[0m _identify(src/hc10dtp_bringup) by extension 'ignore_ament_install'
[0.327s] [34mcolcon.colcon_core.package_identification[0m [1;30mLevel 1[0m _identify(src/hc10dtp_bringup) by extensions ['colcon_pkg']
[0.327s] [34mcolcon.colcon_core.package_identification[0m [1;30mLevel 1[0m _identify(src/hc10dtp_bringup) by extension 'colcon_pkg'
[0.327s] [34mcolcon.colcon_core.package_identification[0m [1;30mLevel 1[0m _identify(src/hc10dtp_bringup) by extensions ['colcon_meta']
[0.327s] [34mcolcon.colcon_core.package_identification[0m [1;30mLevel 1[0m _identify(src/hc10dtp_bringup) by extension 'colcon_meta'
[0.327s] [34mcolcon.colcon_core.package_identification[0m [1;30mLevel 1[0m _identify(src/hc10dtp_bringup) by extensions ['ros']
[0.327s] [34mcolcon.colcon_core.package_identification[0m [1;30mLevel 1[0m _identify(src/hc10dtp_bringup) by extension 'ros'
[0.327s] [34mcolcon.colcon_core.package_identification[0m [1;30mDEBUG[0m [32mPackage 'src/hc10dtp_bringup' with type 'ros.ament_cmake' and name 'hc10dtp_bringup'[0m
[0.327s] [34mcolcon.colcon_core.package_identification[0m [1;30mLevel 1[0m _identify(src/hc10dtp_moveit_config) by extensions ['ignore', 'ignore_ament_install']
[0.328s] [34mcolcon.colcon_core.package_identification[0m [1;30mLevel 1[0m _identify(src/hc10dtp_moveit_config) by extension 'ignore'
[0.328s] [34mcolcon.colcon_core.package_identification[0m [1;30mLevel 1[0m _identify(src/hc10dtp_moveit_config) by extension 'ignore_ament_install'
[0.328s] [34mcolcon.colcon_core.package_identification[0m [1;30mLevel 1[0m _identify(src/hc10dtp_moveit_config) by extensions ['colcon_pkg']
[0.328s] [34mcolcon.colcon_core.package_identification[0m [1;30mLevel 1[0m _identify(src/hc10dtp_moveit_config) by extension 'colcon_pkg'
[0.328s] [34mcolcon.colcon_core.package_identification[0m [1;30mLevel 1[0m _identify(src/hc10dtp_moveit_config) by extensions ['colcon_meta']
[0.328s] [34mcolcon.colcon_core.package_identification[0m [1;30mLevel 1[0m _identify(src/hc10dtp_moveit_config) by extension 'colcon_meta'
[0.328s] [34mcolcon.colcon_core.package_identification[0m [1;30mLevel 1[0m _identify(src/hc10dtp_moveit_config) by extensions ['ros']
[0.328s] [34mcolcon.colcon_core.package_identification[0m [1;30mLevel 1[0m _identify(src/hc10dtp_moveit_config) by extension 'ros'
[0.328s] [34mcolcon.colcon_core.package_identification[0m [1;30mDEBUG[0m [32mPackage 'src/hc10dtp_moveit_config' with type 'ros.ament_cmake' and name 'hc10dtp_moveit_config'[0m
[0.329s] [34mcolcon.colcon_core.package_identification[0m [1;30mLevel 1[0m _identify(src/hc10dtp_simulation) by extensions ['ignore', 'ignore_ament_install']
[0.329s] [34mcolcon.colcon_core.package_identification[0m [1;30mLevel 1[0m _identify(src/hc10dtp_simulation) by extension 'ignore'
[0.329s] [34mcolcon.colcon_core.package_identification[0m [1;30mLevel 1[0m _identify(src/hc10dtp_simulation) by extension 'ignore_ament_install'
[0.329s] [34mcolcon.colcon_core.package_identification[0m [1;30mLevel 1[0m _identify(src/hc10dtp_simulation) by extensions ['colcon_pkg']
[0.329s] [34mcolcon.colcon_core.package_identification[0m [1;30mLevel 1[0m _identify(src/hc10dtp_simulation) by extension 'colcon_pkg'
[0.329s] [34mcolcon.colcon_core.package_identification[0m [1;30mLevel 1[0m _identify(src/hc10dtp_simulation) by extensions ['colcon_meta']
[0.329s] [34mcolcon.colcon_core.package_identification[0m [1;30mLevel 1[0m _identify(src/hc10dtp_simulation) by extension 'colcon_meta'
[0.329s] [34mcolcon.colcon_core.package_identification[0m [1;30mLevel 1[0m _identify(src/hc10dtp_simulation) by extensions ['ros']
[0.329s] [34mcolcon.colcon_core.package_identification[0m [1;30mLevel 1[0m _identify(src/hc10dtp_simulation) by extension 'ros'
[0.329s] [34mcolcon.colcon_core.package_identification[0m [1;30mDEBUG[0m [32mPackage 'src/hc10dtp_simulation' with type 'ros.ament_cmake' and name 'hc10dtp_simulation'[0m
[0.330s] [34mcolcon.colcon_core.package_identification[0m [1;30mLevel 1[0m _identify(src/hrc_bringup) by extensions ['ignore', 'ignore_ament_install']
[0.330s] [34mcolcon.colcon_core.package_identification[0m [1;30mLevel 1[0m _identify(src/hrc_bringup) by extension 'ignore'
[0.330s] [34mcolcon.colcon_core.package_identification[0m [1;30mLevel 1[0m _identify(src/hrc_bringup) by extension 'ignore_ament_install'
[0.330s] [34mcolcon.colcon_core.package_identification[0m [1;30mLevel 1[0m _identify(src/hrc_bringup) by extensions ['colcon_pkg']
[0.330s] [34mcolcon.colcon_core.package_identification[0m [1;30mLevel 1[0m _identify(src/hrc_bringup) by extension 'colcon_pkg'
[0.330s] [34mcolcon.colcon_core.package_identification[0m [1;30mLevel 1[0m _identify(src/hrc_bringup) by extensions ['colcon_meta']
[0.330s] [34mcolcon.colcon_core.package_identification[0m [1;30mLevel 1[0m _identify(src/hrc_bringup) by extension 'colcon_meta'
[0.330s] [34mcolcon.colcon_core.package_identification[0m [1;30mLevel 1[0m _identify(src/hrc_bringup) by extensions ['ros']
[0.330s] [34mcolcon.colcon_core.package_identification[0m [1;30mLevel 1[0m _identify(src/hrc_bringup) by extension 'ros'
[0.330s] [34mcolcon.colcon_core.package_identification[0m [1;30mDEBUG[0m [32mPackage 'src/hrc_bringup' with type 'ros.ament_cmake' and name 'hrc_bringup'[0m
[0.330s] [34mcolcon.colcon_core.package_identification[0m [1;30mLevel 1[0m _identify(src/human_hand_msgs) by extensions ['ignore', 'ignore_ament_install']
[0.331s] [34mcolcon.colcon_core.package_identification[0m [1;30mLevel 1[0m _identify(src/human_hand_msgs) by extension 'ignore'
[0.331s] [34mcolcon.colcon_core.package_identification[0m [1;30mLevel 1[0m _identify(src/human_hand_msgs) by extension 'ignore_ament_install'
[0.331s] [34mcolcon.colcon_core.package_identification[0m [1;30mLevel 1[0m _identify(src/human_hand_msgs) by extensions ['colcon_pkg']
[0.331s] [34mcolcon.colcon_core.package_identification[0m [1;30mLevel 1[0m _identify(src/human_hand_msgs) by extension 'colcon_pkg'
[0.331s] [34mcolcon.colcon_core.package_identification[0m [1;30mLevel 1[0m _identify(src/human_hand_msgs) by extensions ['colcon_meta']
[0.331s] [34mcolcon.colcon_core.package_identification[0m [1;30mLevel 1[0m _identify(src/human_hand_msgs) by extension 'colcon_meta'
[0.331s] [34mcolcon.colcon_core.package_identification[0m [1;30mLevel 1[0m _identify(src/human_hand_msgs) by extensions ['ros']
[0.331s] [34mcolcon.colcon_core.package_identification[0m [1;30mLevel 1[0m _identify(src/human_hand_msgs) by extension 'ros'
[0.331s] [34mcolcon.colcon_core.package_identification[0m [1;30mDEBUG[0m [32mPackage 'src/human_hand_msgs' with type 'ros.catkin' and name 'human_hand_msgs'[0m
[0.331s] [34mcolcon.colcon_core.package_identification[0m [1;30mLevel 1[0m _identify(src/kinect2_ros2) by extensions ['ignore', 'ignore_ament_install']
[0.332s] [34mcolcon.colcon_core.package_identification[0m [1;30mLevel 1[0m _identify(src/kinect2_ros2) by extension 'ignore'
[0.332s] [34mcolcon.colcon_core.package_identification[0m [1;30mLevel 1[0m _identify(src/kinect2_ros2) by extension 'ignore_ament_install'
[0.332s] [34mcolcon.colcon_core.package_identification[0m [1;30mLevel 1[0m _identify(src/kinect2_ros2) by extensions ['colcon_pkg']
[0.332s] [34mcolcon.colcon_core.package_identification[0m [1;30mLevel 1[0m _identify(src/kinect2_ros2) by extension 'colcon_pkg'
[0.332s] [34mcolcon.colcon_core.package_identification[0m [1;30mLevel 1[0m _identify(src/kinect2_ros2) by extensions ['colcon_meta']
[0.332s] [34mcolcon.colcon_core.package_identification[0m [1;30mLevel 1[0m _identify(src/kinect2_ros2) by extension 'colcon_meta'
[0.332s] [34mcolcon.colcon_core.package_identification[0m [1;30mLevel 1[0m _identify(src/kinect2_ros2) by extensions ['ros']
[0.332s] [34mcolcon.colcon_core.package_identification[0m [1;30mLevel 1[0m _identify(src/kinect2_ros2) by extension 'ros'
[0.332s] [34mcolcon.colcon_core.package_identification[0m [1;30mLevel 1[0m _identify(src/kinect2_ros2) by extensions ['cmake', 'python']
[0.332s] [34mcolcon.colcon_core.package_identification[0m [1;30mLevel 1[0m _identify(src/kinect2_ros2) by extension 'cmake'
[0.332s] [34mcolcon.colcon_core.package_identification[0m [1;30mLevel 1[0m _identify(src/kinect2_ros2) by extension 'python'
[0.332s] [34mcolcon.colcon_core.package_identification[0m [1;30mLevel 1[0m _identify(src/kinect2_ros2) by extensions ['python_setup_py']
[0.332s] [34mcolcon.colcon_core.package_identification[0m [1;30mLevel 1[0m _identify(src/kinect2_ros2) by extension 'python_setup_py'
[0.332s] [34mcolcon.colcon_core.package_identification[0m [1;30mLevel 1[0m _identify(src/kinect2_ros2/kinect2_bridge) by extensions ['ignore', 'ignore_ament_install']
[0.332s] [34mcolcon.colcon_core.package_identification[0m [1;30mLevel 1[0m _identify(src/kinect2_ros2/kinect2_bridge) by extension 'ignore'
[0.332s] [34mcolcon.colcon_core.package_identification[0m [1;30mLevel 1[0m _identify(src/kinect2_ros2/kinect2_bridge) by extension 'ignore_ament_install'
[0.332s] [34mcolcon.colcon_core.package_identification[0m [1;30mLevel 1[0m _identify(src/kinect2_ros2/kinect2_bridge) by extensions ['colcon_pkg']
[0.332s] [34mcolcon.colcon_core.package_identification[0m [1;30mLevel 1[0m _identify(src/kinect2_ros2/kinect2_bridge) by extension 'colcon_pkg'
[0.332s] [34mcolcon.colcon_core.package_identification[0m [1;30mLevel 1[0m _identify(src/kinect2_ros2/kinect2_bridge) by extensions ['colcon_meta']
[0.332s] [34mcolcon.colcon_core.package_identification[0m [1;30mLevel 1[0m _identify(src/kinect2_ros2/kinect2_bridge) by extension 'colcon_meta'
[0.332s] [34mcolcon.colcon_core.package_identification[0m [1;30mLevel 1[0m _identify(src/kinect2_ros2/kinect2_bridge) by extensions ['ros']
[0.332s] [34mcolcon.colcon_core.package_identification[0m [1;30mLevel 1[0m _identify(src/kinect2_ros2/kinect2_bridge) by extension 'ros'
[0.333s] [34mcolcon.colcon_core.package_identification[0m [1;30mDEBUG[0m [32mPackage 'src/kinect2_ros2/kinect2_bridge' with type 'ros.ament_cmake' and name 'kinect2_bridge'[0m
[0.333s] [34mcolcon.colcon_core.package_identification[0m [1;30mLevel 1[0m _identify(src/kinect2_ros2/kinect2_calibration) by extensions ['ignore', 'ignore_ament_install']
[0.334s] [34mcolcon.colcon_core.package_identification[0m [1;30mLevel 1[0m _identify(src/kinect2_ros2/kinect2_calibration) by extension 'ignore'
[0.334s] [34mcolcon.colcon_core.package_identification[0m [1;30mLevel 1[0m _identify(src/kinect2_ros2/kinect2_calibration) by extension 'ignore_ament_install'
[0.334s] [34mcolcon.colcon_core.package_identification[0m [1;30mLevel 1[0m _identify(src/kinect2_ros2/kinect2_calibration) by extensions ['colcon_pkg']
[0.334s] [34mcolcon.colcon_core.package_identification[0m [1;30mLevel 1[0m _identify(src/kinect2_ros2/kinect2_calibration) by extension 'colcon_pkg'
[0.334s] [34mcolcon.colcon_core.package_identification[0m [1;30mLevel 1[0m _identify(src/kinect2_ros2/kinect2_calibration) by extensions ['colcon_meta']
[0.334s] [34mcolcon.colcon_core.package_identification[0m [1;30mLevel 1[0m _identify(src/kinect2_ros2/kinect2_calibration) by extension 'colcon_meta'
[0.334s] [34mcolcon.colcon_core.package_identification[0m [1;30mLevel 1[0m _identify(src/kinect2_ros2/kinect2_calibration) by extensions ['ros']
[0.334s] [34mcolcon.colcon_core.package_identification[0m [1;30mLevel 1[0m _identify(src/kinect2_ros2/kinect2_calibration) by extension 'ros'
[0.335s] [34mcolcon.colcon_core.package_identification[0m [1;30mDEBUG[0m [32mPackage 'src/kinect2_ros2/kinect2_calibration' with type 'ros.ament_cmake' and name 'kinect2_calibration'[0m
[0.335s] [34mcolcon.colcon_core.package_identification[0m [1;30mLevel 1[0m _identify(src/kinect2_ros2/kinect2_registration) by extensions ['ignore', 'ignore_ament_install']
[0.335s] [34mcolcon.colcon_core.package_identification[0m [1;30mLevel 1[0m _identify(src/kinect2_ros2/kinect2_registration) by extension 'ignore'
[0.335s] [34mcolcon.colcon_core.package_identification[0m [1;30mLevel 1[0m _identify(src/kinect2_ros2/kinect2_registration) by extension 'ignore_ament_install'
[0.335s] [34mcolcon.colcon_core.package_identification[0m [1;30mLevel 1[0m _identify(src/kinect2_ros2/kinect2_registration) by extensions ['colcon_pkg']
[0.335s] [34mcolcon.colcon_core.package_identification[0m [1;30mLevel 1[0m _identify(src/kinect2_ros2/kinect2_registration) by extension 'colcon_pkg'
[0.335s] [34mcolcon.colcon_core.package_identification[0m [1;30mLevel 1[0m _identify(src/kinect2_ros2/kinect2_registration) by extensions ['colcon_meta']
[0.335s] [34mcolcon.colcon_core.package_identification[0m [1;30mLevel 1[0m _identify(src/kinect2_ros2/kinect2_registration) by extension 'colcon_meta'
[0.335s] [34mcolcon.colcon_core.package_identification[0m [1;30mLevel 1[0m _identify(src/kinect2_ros2/kinect2_registration) by extensions ['ros']
[0.335s] [34mcolcon.colcon_core.package_identification[0m [1;30mLevel 1[0m _identify(src/kinect2_ros2/kinect2_registration) by extension 'ros'
[0.336s] [34mcolcon.colcon_core.package_identification[0m [1;30mDEBUG[0m [32mPackage 'src/kinect2_ros2/kinect2_registration' with type 'ros.ament_cmake' and name 'kinect2_registration'[0m
[0.336s] [34mcolcon.colcon_core.package_identification[0m [1;30mLevel 1[0m _identify(src/motoman_ros2_support_packages) by extensions ['ignore', 'ignore_ament_install']
[0.336s] [34mcolcon.colcon_core.package_identification[0m [1;30mLevel 1[0m _identify(src/motoman_ros2_support_packages) by extension 'ignore'
[0.336s] [34mcolcon.colcon_core.package_identification[0m [1;30mLevel 1[0m _identify(src/motoman_ros2_support_packages) by extension 'ignore_ament_install'
[0.336s] [34mcolcon.colcon_core.package_identification[0m [1;30mLevel 1[0m _identify(src/motoman_ros2_support_packages) by extensions ['colcon_pkg']
[0.336s] [34mcolcon.colcon_core.package_identification[0m [1;30mLevel 1[0m _identify(src/motoman_ros2_support_packages) by extension 'colcon_pkg'
[0.336s] [34mcolcon.colcon_core.package_identification[0m [1;30mLevel 1[0m _identify(src/motoman_ros2_support_packages) by extensions ['colcon_meta']
[0.336s] [34mcolcon.colcon_core.package_identification[0m [1;30mLevel 1[0m _identify(src/motoman_ros2_support_packages) by extension 'colcon_meta'
[0.336s] [34mcolcon.colcon_core.package_identification[0m [1;30mLevel 1[0m _identify(src/motoman_ros2_support_packages) by extensions ['ros']
[0.336s] [34mcolcon.colcon_core.package_identification[0m [1;30mLevel 1[0m _identify(src/motoman_ros2_support_packages) by extension 'ros'
[0.336s] [34mcolcon.colcon_core.package_identification[0m [1;30mLevel 1[0m _identify(src/motoman_ros2_support_packages) by extensions ['cmake', 'python']
[0.336s] [34mcolcon.colcon_core.package_identification[0m [1;30mLevel 1[0m _identify(src/motoman_ros2_support_packages) by extension 'cmake'
[0.336s] [34mcolcon.colcon_core.package_identification[0m [1;30mLevel 1[0m _identify(src/motoman_ros2_support_packages) by extension 'python'
[0.336s] [34mcolcon.colcon_core.package_identification[0m [1;30mLevel 1[0m _identify(src/motoman_ros2_support_packages) by extensions ['python_setup_py']
[0.336s] [34mcolcon.colcon_core.package_identification[0m [1;30mLevel 1[0m _identify(src/motoman_ros2_support_packages) by extension 'python_setup_py'
[0.336s] [34mcolcon.colcon_core.package_identification[0m [1;30mLevel 1[0m _identify(src/motoman_ros2_support_packages/motoman_gp4_support) by extensions ['ignore', 'ignore_ament_install']
[0.337s] [34mcolcon.colcon_core.package_identification[0m [1;30mLevel 1[0m _identify(src/motoman_ros2_support_packages/motoman_gp4_support) by extension 'ignore'
[0.337s] [34mcolcon.colcon_core.package_identification[0m [1;30mLevel 1[0m _identify(src/motoman_ros2_support_packages/motoman_gp4_support) by extension 'ignore_ament_install'
[0.337s] [34mcolcon.colcon_core.package_identification[0m [1;30mLevel 1[0m _identify(src/motoman_ros2_support_packages/motoman_gp4_support) by extensions ['colcon_pkg']
[0.337s] [34mcolcon.colcon_core.package_identification[0m [1;30mLevel 1[0m _identify(src/motoman_ros2_support_packages/motoman_gp4_support) by extension 'colcon_pkg'
[0.337s] [34mcolcon.colcon_core.package_identification[0m [1;30mLevel 1[0m _identify(src/motoman_ros2_support_packages/motoman_gp4_support) by extensions ['colcon_meta']
[0.337s] [34mcolcon.colcon_core.package_identification[0m [1;30mLevel 1[0m _identify(src/motoman_ros2_support_packages/motoman_gp4_support) by extension 'colcon_meta'
[0.337s] [34mcolcon.colcon_core.package_identification[0m [1;30mLevel 1[0m _identify(src/motoman_ros2_support_packages/motoman_gp4_support) by extensions ['ros']
[0.337s] [34mcolcon.colcon_core.package_identification[0m [1;30mLevel 1[0m _identify(src/motoman_ros2_support_packages/motoman_gp4_support) by extension 'ros'
[0.337s] [34mcolcon.colcon_core.package_identification[0m [1;30mDEBUG[0m [32mPackage 'src/motoman_ros2_support_packages/motoman_gp4_support' with type 'ros.ament_cmake' and name 'motoman_gp4_support'[0m
[0.338s] [34mcolcon.colcon_core.package_identification[0m [1;30mLevel 1[0m _identify(src/motoman_ros2_support_packages/motoman_hc10dtp_support) by extensions ['ignore', 'ignore_ament_install']
[0.338s] [34mcolcon.colcon_core.package_identification[0m [1;30mLevel 1[0m _identify(src/motoman_ros2_support_packages/motoman_hc10dtp_support) by extension 'ignore'
[0.338s] [34mcolcon.colcon_core.package_identification[0m [1;30mLevel 1[0m _identify(src/motoman_ros2_support_packages/motoman_hc10dtp_support) by extension 'ignore_ament_install'
[0.338s] [34mcolcon.colcon_core.package_identification[0m [1;30mLevel 1[0m _identify(src/motoman_ros2_support_packages/motoman_hc10dtp_support) by extensions ['colcon_pkg']
[0.338s] [34mcolcon.colcon_core.package_identification[0m [1;30mLevel 1[0m _identify(src/motoman_ros2_support_packages/motoman_hc10dtp_support) by extension 'colcon_pkg'
[0.338s] [34mcolcon.colcon_core.package_identification[0m [1;30mLevel 1[0m _identify(src/motoman_ros2_support_packages/motoman_hc10dtp_support) by extensions ['colcon_meta']
[0.338s] [34mcolcon.colcon_core.package_identification[0m [1;30mLevel 1[0m _identify(src/motoman_ros2_support_packages/motoman_hc10dtp_support) by extension 'colcon_meta'
[0.338s] [34mcolcon.colcon_core.package_identification[0m [1;30mLevel 1[0m _identify(src/motoman_ros2_support_packages/motoman_hc10dtp_support) by extensions ['ros']
[0.338s] [34mcolcon.colcon_core.package_identification[0m [1;30mLevel 1[0m _identify(src/motoman_ros2_support_packages/motoman_hc10dtp_support) by extension 'ros'
[0.339s] [34mcolcon.colcon_core.package_identification[0m [1;30mDEBUG[0m [32mPackage 'src/motoman_ros2_support_packages/motoman_hc10dtp_support' with type 'ros.ament_cmake' and name 'motoman_hc10dtp_support'[0m
[0.339s] [34mcolcon.colcon_core.package_identification[0m [1;30mLevel 1[0m _identify(src/motoman_ros2_support_packages/motoman_resources) by extensions ['ignore', 'ignore_ament_install']
[0.339s] [34mcolcon.colcon_core.package_identification[0m [1;30mLevel 1[0m _identify(src/motoman_ros2_support_packages/motoman_resources) by extension 'ignore'
[0.339s] [34mcolcon.colcon_core.package_identification[0m [1;30mLevel 1[0m _identify(src/motoman_ros2_support_packages/motoman_resources) by extension 'ignore_ament_install'
[0.339s] [34mcolcon.colcon_core.package_identification[0m [1;30mLevel 1[0m _identify(src/motoman_ros2_support_packages/motoman_resources) by extensions ['colcon_pkg']
[0.339s] [34mcolcon.colcon_core.package_identification[0m [1;30mLevel 1[0m _identify(src/motoman_ros2_support_packages/motoman_resources) by extension 'colcon_pkg'
[0.339s] [34mcolcon.colcon_core.package_identification[0m [1;30mLevel 1[0m _identify(src/motoman_ros2_support_packages/motoman_resources) by extensions ['colcon_meta']
[0.339s] [34mcolcon.colcon_core.package_identification[0m [1;30mLevel 1[0m _identify(src/motoman_ros2_support_packages/motoman_resources) by extension 'colcon_meta'
[0.339s] [34mcolcon.colcon_core.package_identification[0m [1;30mLevel 1[0m _identify(src/motoman_ros2_support_packages/motoman_resources) by extensions ['ros']
[0.339s] [34mcolcon.colcon_core.package_identification[0m [1;30mLevel 1[0m _identify(src/motoman_ros2_support_packages/motoman_resources) by extension 'ros'
[0.340s] [34mcolcon.colcon_core.package_identification[0m [1;30mDEBUG[0m [32mPackage 'src/motoman_ros2_support_packages/motoman_resources' with type 'ros.ament_cmake' and name 'motoman_resources'[0m
[0.340s] [34mcolcon.colcon_core.package_identification[0m [1;30mLevel 1[0m _identify(src/motoros2_client_interface_dependencies) by extensions ['ignore', 'ignore_ament_install']
[0.340s] [34mcolcon.colcon_core.package_identification[0m [1;30mLevel 1[0m _identify(src/motoros2_client_interface_dependencies) by extension 'ignore'
[0.340s] [34mcolcon.colcon_core.package_identification[0m [1;30mLevel 1[0m _identify(src/motoros2_client_interface_dependencies) by extension 'ignore_ament_install'
[0.340s] [34mcolcon.colcon_core.package_identification[0m [1;30mLevel 1[0m _identify(src/motoros2_client_interface_dependencies) by extensions ['colcon_pkg']
[0.340s] [34mcolcon.colcon_core.package_identification[0m [1;30mLevel 1[0m _identify(src/motoros2_client_interface_dependencies) by extension 'colcon_pkg'
[0.340s] [34mcolcon.colcon_core.package_identification[0m [1;30mLevel 1[0m _identify(src/motoros2_client_interface_dependencies) by extensions ['colcon_meta']
[0.340s] [34mcolcon.colcon_core.package_identification[0m [1;30mLevel 1[0m _identify(src/motoros2_client_interface_dependencies) by extension 'colcon_meta'
[0.340s] [34mcolcon.colcon_core.package_identification[0m [1;30mLevel 1[0m _identify(src/motoros2_client_interface_dependencies) by extensions ['ros']
[0.340s] [34mcolcon.colcon_core.package_identification[0m [1;30mLevel 1[0m _identify(src/motoros2_client_interface_dependencies) by extension 'ros'
[0.340s] [34mcolcon.colcon_core.package_identification[0m [1;30mDEBUG[0m [32mPackage 'src/motoros2_client_interface_dependencies' with type 'ros.ament_cmake' and name 'motoros2_client_interface_dependencies'[0m
[0.341s] [34mcolcon.colcon_core.package_identification[0m [1;30mLevel 1[0m _identify(src/motoros2_client_library) by extensions ['ignore', 'ignore_ament_install']
[0.341s] [34mcolcon.colcon_core.package_identification[0m [1;30mLevel 1[0m _identify(src/motoros2_client_library) by extension 'ignore'
[0.341s] [34mcolcon.colcon_core.package_identification[0m [1;30mLevel 1[0m _identify(src/motoros2_client_library) by extension 'ignore_ament_install'
[0.341s] [34mcolcon.colcon_core.package_identification[0m [1;30mLevel 1[0m _identify(src/motoros2_client_library) by extensions ['colcon_pkg']
[0.341s] [34mcolcon.colcon_core.package_identification[0m [1;30mLevel 1[0m _identify(src/motoros2_client_library) by extension 'colcon_pkg'
[0.341s] [34mcolcon.colcon_core.package_identification[0m [1;30mLevel 1[0m _identify(src/motoros2_client_library) by extensions ['colcon_meta']
[0.341s] [34mcolcon.colcon_core.package_identification[0m [1;30mLevel 1[0m _identify(src/motoros2_client_library) by extension 'colcon_meta'
[0.341s] [34mcolcon.colcon_core.package_identification[0m [1;30mLevel 1[0m _identify(src/motoros2_client_library) by extensions ['ros']
[0.341s] [34mcolcon.colcon_core.package_identification[0m [1;30mLevel 1[0m _identify(src/motoros2_client_library) by extension 'ros'
[0.341s] [34mcolcon.colcon_core.package_identification[0m [1;30mLevel 1[0m _identify(src/motoros2_client_library) by extensions ['cmake', 'python']
[0.341s] [34mcolcon.colcon_core.package_identification[0m [1;30mLevel 1[0m _identify(src/motoros2_client_library) by extension 'cmake'
[0.341s] [34mcolcon.colcon_core.package_identification[0m [1;30mLevel 1[0m _identify(src/motoros2_client_library) by extension 'python'
[0.341s] [34mcolcon.colcon_core.package_identification[0m [1;30mLevel 1[0m _identify(src/motoros2_client_library) by extensions ['python_setup_py']
[0.341s] [34mcolcon.colcon_core.package_identification[0m [1;30mLevel 1[0m _identify(src/motoros2_client_library) by extension 'python_setup_py'
[0.341s] [34mcolcon.colcon_core.package_identification[0m [1;30mLevel 1[0m _identify(src/predictor_ui) by extensions ['ignore', 'ignore_ament_install']
[0.341s] [34mcolcon.colcon_core.package_identification[0m [1;30mLevel 1[0m _identify(src/predictor_ui) by extension 'ignore'
[0.341s] [34mcolcon.colcon_core.package_identification[0m [1;30mLevel 1[0m _identify(src/predictor_ui) by extension 'ignore_ament_install'
[0.341s] [34mcolcon.colcon_core.package_identification[0m [1;30mLevel 1[0m _identify(src/predictor_ui) by extensions ['colcon_pkg']
[0.341s] [34mcolcon.colcon_core.package_identification[0m [1;30mLevel 1[0m _identify(src/predictor_ui) by extension 'colcon_pkg'
[0.341s] [34mcolcon.colcon_core.package_identification[0m [1;30mLevel 1[0m _identify(src/predictor_ui) by extensions ['colcon_meta']
[0.341s] [34mcolcon.colcon_core.package_identification[0m [1;30mLevel 1[0m _identify(src/predictor_ui) by extension 'colcon_meta'
[0.341s] [34mcolcon.colcon_core.package_identification[0m [1;30mLevel 1[0m _identify(src/predictor_ui) by extensions ['ros']
[0.341s] [34mcolcon.colcon_core.package_identification[0m [1;30mLevel 1[0m _identify(src/predictor_ui) by extension 'ros'
[0.342s] [34mcolcon.colcon_core.package_identification[0m [1;30mDEBUG[0m [32mPackage 'src/predictor_ui' with type 'ros.ament_python' and name 'predictor_ui'[0m
[0.343s] [34mcolcon.colcon_core.package_identification[0m [1;30mLevel 1[0m _identify(src/realsense_tracker) by extensions ['ignore', 'ignore_ament_install']
[0.343s] [34mcolcon.colcon_core.package_identification[0m [1;30mLevel 1[0m _identify(src/realsense_tracker) by extension 'ignore'
[0.343s] [34mcolcon.colcon_core.package_identification[0m [1;30mLevel 1[0m _identify(src/realsense_tracker) by extension 'ignore_ament_install'
[0.343s] [34mcolcon.colcon_core.package_identification[0m [1;30mLevel 1[0m _identify(src/realsense_tracker) by extensions ['colcon_pkg']
[0.343s] [34mcolcon.colcon_core.package_identification[0m [1;30mLevel 1[0m _identify(src/realsense_tracker) by extension 'colcon_pkg'
[0.343s] [34mcolcon.colcon_core.package_identification[0m [1;30mLevel 1[0m _identify(src/realsense_tracker) by extensions ['colcon_meta']
[0.343s] [34mcolcon.colcon_core.package_identification[0m [1;30mLevel 1[0m _identify(src/realsense_tracker) by extension 'colcon_meta'
[0.343s] [34mcolcon.colcon_core.package_identification[0m [1;30mLevel 1[0m _identify(src/realsense_tracker) by extensions ['ros']
[0.343s] [34mcolcon.colcon_core.package_identification[0m [1;30mLevel 1[0m _identify(src/realsense_tracker) by extension 'ros'
[0.344s] [34mcolcon.colcon_core.package_identification[0m [1;30mDEBUG[0m [32mPackage 'src/realsense_tracker' with type 'ros.ament_python' and name 'realsense_tracker'[0m
[0.344s] [34mcolcon.colcon_core.package_identification[0m [1;30mLevel 1[0m _identify(src/ros-industrial) by extensions ['ignore', 'ignore_ament_install']
[0.344s] [34mcolcon.colcon_core.package_identification[0m [1;30mLevel 1[0m _identify(src/ros-industrial) by extension 'ignore'
[0.344s] [34mcolcon.colcon_core.package_identification[0m [1;30mLevel 1[0m _identify(src/ros-industrial) by extension 'ignore_ament_install'
[0.344s] [34mcolcon.colcon_core.package_identification[0m [1;30mLevel 1[0m _identify(src/ros-industrial) by extensions ['colcon_pkg']
[0.344s] [34mcolcon.colcon_core.package_identification[0m [1;30mLevel 1[0m _identify(src/ros-industrial) by extension 'colcon_pkg'
[0.344s] [34mcolcon.colcon_core.package_identification[0m [1;30mLevel 1[0m _identify(src/ros-industrial) by extensions ['colcon_meta']
[0.344s] [34mcolcon.colcon_core.package_identification[0m [1;30mLevel 1[0m _identify(src/ros-industrial) by extension 'colcon_meta'
[0.344s] [34mcolcon.colcon_core.package_identification[0m [1;30mLevel 1[0m _identify(src/ros-industrial) by extensions ['ros']
[0.344s] [34mcolcon.colcon_core.package_identification[0m [1;30mLevel 1[0m _identify(src/ros-industrial) by extension 'ros'
[0.344s] [34mcolcon.colcon_core.package_identification[0m [1;30mLevel 1[0m _identify(src/ros-industrial) by extensions ['cmake', 'python']
[0.344s] [34mcolcon.colcon_core.package_identification[0m [1;30mLevel 1[0m _identify(src/ros-industrial) by extension 'cmake'
[0.344s] [34mcolcon.colcon_core.package_identification[0m [1;30mLevel 1[0m _identify(src/ros-industrial) by extension 'python'
[0.344s] [34mcolcon.colcon_core.package_identification[0m [1;30mLevel 1[0m _identify(src/ros-industrial) by extensions ['python_setup_py']
[0.344s] [34mcolcon.colcon_core.package_identification[0m [1;30mLevel 1[0m _identify(src/ros-industrial) by extension 'python_setup_py'
[0.344s] [34mcolcon.colcon_core.package_identification[0m [1;30mLevel 1[0m _identify(src/ros-industrial/industrial_core_ros2_msgs_only) by extensions ['ignore', 'ignore_ament_install']
[0.344s] [34mcolcon.colcon_core.package_identification[0m [1;30mLevel 1[0m _identify(src/ros-industrial/industrial_core_ros2_msgs_only) by extension 'ignore'
[0.344s] [34mcolcon.colcon_core.package_identification[0m [1;30mLevel 1[0m _identify(src/ros-industrial/industrial_core_ros2_msgs_only) by extension 'ignore_ament_install'
[0.344s] [34mcolcon.colcon_core.package_identification[0m [1;30mLevel 1[0m _identify(src/ros-industrial/industrial_core_ros2_msgs_only) by extensions ['colcon_pkg']
[0.344s] [34mcolcon.colcon_core.package_identification[0m [1;30mLevel 1[0m _identify(src/ros-industrial/industrial_core_ros2_msgs_only) by extension 'colcon_pkg'
[0.344s] [34mcolcon.colcon_core.package_identification[0m [1;30mLevel 1[0m _identify(src/ros-industrial/industrial_core_ros2_msgs_only) by extensions ['colcon_meta']
[0.344s] [34mcolcon.colcon_core.package_identification[0m [1;30mLevel 1[0m _identify(src/ros-industrial/industrial_core_ros2_msgs_only) by extension 'colcon_meta'
[0.344s] [34mcolcon.colcon_core.package_identification[0m [1;30mLevel 1[0m _identify(src/ros-industrial/industrial_core_ros2_msgs_only) by extensions ['ros']
[0.344s] [34mcolcon.colcon_core.package_identification[0m [1;30mLevel 1[0m _identify(src/ros-industrial/industrial_core_ros2_msgs_only) by extension 'ros'
[0.345s] [34mcolcon.colcon_core.package_identification[0m [1;30mLevel 1[0m _identify(src/ros-industrial/industrial_core_ros2_msgs_only) by extensions ['cmake', 'python']
[0.345s] [34mcolcon.colcon_core.package_identification[0m [1;30mLevel 1[0m _identify(src/ros-industrial/industrial_core_ros2_msgs_only) by extension 'cmake'
[0.345s] [34mcolcon.colcon_core.package_identification[0m [1;30mLevel 1[0m _identify(src/ros-industrial/industrial_core_ros2_msgs_only) by extension 'python'
[0.345s] [34mcolcon.colcon_core.package_identification[0m [1;30mLevel 1[0m _identify(src/ros-industrial/industrial_core_ros2_msgs_only) by extensions ['python_setup_py']
[0.345s] [34mcolcon.colcon_core.package_identification[0m [1;30mLevel 1[0m _identify(src/ros-industrial/industrial_core_ros2_msgs_only) by extension 'python_setup_py'
[0.345s] [34mcolcon.colcon_core.package_identification[0m [1;30mLevel 1[0m _identify(src/ros-industrial/industrial_core_ros2_msgs_only/industrial_msgs) by extensions ['ignore', 'ignore_ament_install']
[0.345s] [34mcolcon.colcon_core.package_identification[0m [1;30mLevel 1[0m _identify(src/ros-industrial/industrial_core_ros2_msgs_only/industrial_msgs) by extension 'ignore'
[0.345s] [34mcolcon.colcon_core.package_identification[0m [1;30mLevel 1[0m _identify(src/ros-industrial/industrial_core_ros2_msgs_only/industrial_msgs) by extension 'ignore_ament_install'
[0.345s] [34mcolcon.colcon_core.package_identification[0m [1;30mLevel 1[0m _identify(src/ros-industrial/industrial_core_ros2_msgs_only/industrial_msgs) by extensions ['colcon_pkg']
[0.345s] [34mcolcon.colcon_core.package_identification[0m [1;30mLevel 1[0m _identify(src/ros-industrial/industrial_core_ros2_msgs_only/industrial_msgs) by extension 'colcon_pkg'
[0.345s] [34mcolcon.colcon_core.package_identification[0m [1;30mLevel 1[0m _identify(src/ros-industrial/industrial_core_ros2_msgs_only/industrial_msgs) by extensions ['colcon_meta']
[0.345s] [34mcolcon.colcon_core.package_identification[0m [1;30mLevel 1[0m _identify(src/ros-industrial/industrial_core_ros2_msgs_only/industrial_msgs) by extension 'colcon_meta'
[0.345s] [34mcolcon.colcon_core.package_identification[0m [1;30mLevel 1[0m _identify(src/ros-industrial/industrial_core_ros2_msgs_only/industrial_msgs) by extensions ['ros']
[0.345s] [34mcolcon.colcon_core.package_identification[0m [1;30mLevel 1[0m _identify(src/ros-industrial/industrial_core_ros2_msgs_only/industrial_msgs) by extension 'ros'
[0.346s] [34mcolcon.colcon_core.package_identification[0m [1;30mDEBUG[0m [32mPackage 'src/ros-industrial/industrial_core_ros2_msgs_only/industrial_msgs' with type 'ros.ament_cmake' and name 'industrial_msgs'[0m
[0.346s] [34mcolcon.colcon_core.package_identification[0m [1;30mLevel 1[0m _identify(src/trac_ik) by extensions ['ignore', 'ignore_ament_install']
[0.346s] [34mcolcon.colcon_core.package_identification[0m [1;30mLevel 1[0m _identify(src/trac_ik) by extension 'ignore'
[0.346s] [34mcolcon.colcon_core.package_identification[0m [1;30mLevel 1[0m _identify(src/trac_ik) by extension 'ignore_ament_install'
[0.346s] [34mcolcon.colcon_core.package_identification[0m [1;30mLevel 1[0m _identify(src/trac_ik) by extensions ['colcon_pkg']
[0.346s] [34mcolcon.colcon_core.package_identification[0m [1;30mLevel 1[0m _identify(src/trac_ik) by extension 'colcon_pkg'
[0.346s] [34mcolcon.colcon_core.package_identification[0m [1;30mLevel 1[0m _identify(src/trac_ik) by extensions ['colcon_meta']
[0.346s] [34mcolcon.colcon_core.package_identification[0m [1;30mLevel 1[0m _identify(src/trac_ik) by extension 'colcon_meta'
[0.346s] [34mcolcon.colcon_core.package_identification[0m [1;30mLevel 1[0m _identify(src/trac_ik) by extensions ['ros']
[0.346s] [34mcolcon.colcon_core.package_identification[0m [1;30mLevel 1[0m _identify(src/trac_ik) by extension 'ros'
[0.346s] [34mcolcon.colcon_core.package_identification[0m [1;30mLevel 1[0m _identify(src/trac_ik) by extensions ['cmake', 'python']
[0.346s] [34mcolcon.colcon_core.package_identification[0m [1;30mLevel 1[0m _identify(src/trac_ik) by extension 'cmake'
[0.346s] [34mcolcon.colcon_core.package_identification[0m [1;30mLevel 1[0m _identify(src/trac_ik) by extension 'python'
[0.346s] [34mcolcon.colcon_core.package_identification[0m [1;30mLevel 1[0m _identify(src/trac_ik) by extensions ['python_setup_py']
[0.346s] [34mcolcon.colcon_core.package_identification[0m [1;30mLevel 1[0m _identify(src/trac_ik) by extension 'python_setup_py'
[0.346s] [34mcolcon.colcon_core.package_identification[0m [1;30mLevel 1[0m _identify(src/trac_ik/nlopt) by extensions ['ignore', 'ignore_ament_install']
[0.346s] [34mcolcon.colcon_core.package_identification[0m [1;30mLevel 1[0m _identify(src/trac_ik/nlopt) by extension 'ignore'
[0.346s] [34mcolcon.colcon_core.package_identification[0m [1;30mLevel 1[0m _identify(src/trac_ik/nlopt) by extension 'ignore_ament_install'
[0.346s] [34mcolcon.colcon_core.package_identification[0m [1;30mLevel 1[0m _identify(src/trac_ik/nlopt) by extensions ['colcon_pkg']
[0.347s] [34mcolcon.colcon_core.package_identification[0m [1;30mLevel 1[0m _identify(src/trac_ik/nlopt) by extension 'colcon_pkg'
[0.347s] [34mcolcon.colcon_core.package_identification[0m [1;30mLevel 1[0m _identify(src/trac_ik/nlopt) by extensions ['colcon_meta']
[0.347s] [34mcolcon.colcon_core.package_identification[0m [1;30mLevel 1[0m _identify(src/trac_ik/nlopt) by extension 'colcon_meta'
[0.347s] [34mcolcon.colcon_core.package_identification[0m [1;30mLevel 1[0m _identify(src/trac_ik/nlopt) by extensions ['ros']
[0.347s] [34mcolcon.colcon_core.package_identification[0m [1;30mLevel 1[0m _identify(src/trac_ik/nlopt) by extension 'ros'
[0.347s] [34mcolcon.colcon_core.package_identification[0m [1;30mLevel 1[0m _identify(src/trac_ik/nlopt) by extensions ['cmake', 'python']
[0.347s] [34mcolcon.colcon_core.package_identification[0m [1;30mLevel 1[0m _identify(src/trac_ik/nlopt) by extension 'cmake'
[0.347s] [34mcolcon.colcon_core.package_identification[0m [1;30mLevel 1[0m _identify(src/trac_ik/nlopt) by extension 'python'
[0.347s] [34mcolcon.colcon_core.package_identification[0m [1;30mLevel 1[0m _identify(src/trac_ik/nlopt) by extensions ['python_setup_py']
[0.347s] [34mcolcon.colcon_core.package_identification[0m [1;30mLevel 1[0m _identify(src/trac_ik/nlopt) by extension 'python_setup_py'
[0.347s] [34mcolcon.colcon_core.package_identification[0m [1;30mLevel 1[0m _identify(src/trac_ik/trac_ik) by extensions ['ignore', 'ignore_ament_install']
[0.347s] [34mcolcon.colcon_core.package_identification[0m [1;30mLevel 1[0m _identify(src/trac_ik/trac_ik) by extension 'ignore'
[0.347s] [34mcolcon.colcon_core.package_identification[0m [1;30mLevel 1[0m _identify(src/trac_ik/trac_ik) by extension 'ignore_ament_install'
[0.347s] [34mcolcon.colcon_core.package_identification[0m [1;30mLevel 1[0m _identify(src/trac_ik/trac_ik) by extensions ['colcon_pkg']
[0.347s] [34mcolcon.colcon_core.package_identification[0m [1;30mLevel 1[0m _identify(src/trac_ik/trac_ik) by extension 'colcon_pkg'
[0.347s] [34mcolcon.colcon_core.package_identification[0m [1;30mLevel 1[0m _identify(src/trac_ik/trac_ik) by extensions ['colcon_meta']
[0.347s] [34mcolcon.colcon_core.package_identification[0m [1;30mLevel 1[0m _identify(src/trac_ik/trac_ik) by extension 'colcon_meta'
[0.347s] [34mcolcon.colcon_core.package_identification[0m [1;30mLevel 1[0m _identify(src/trac_ik/trac_ik) by extensions ['ros']
[0.347s] [34mcolcon.colcon_core.package_identification[0m [1;30mLevel 1[0m _identify(src/trac_ik/trac_ik) by extension 'ros'
[0.348s] [34mcolcon.colcon_core.package_identification[0m [1;30mDEBUG[0m [32mPackage 'src/trac_ik/trac_ik' with type 'ros.ament_cmake' and name 'trac_ik'[0m
[0.348s] [34mcolcon.colcon_core.package_identification[0m [1;30mLevel 1[0m _identify(src/trac_ik/trac_ik_examples) by extensions ['ignore', 'ignore_ament_install']
[0.348s] [34mcolcon.colcon_core.package_identification[0m [1;30mLevel 1[0m _identify(src/trac_ik/trac_ik_examples) by extension 'ignore'
[0.348s] [34mcolcon.colcon_core.package_identification[0m [1;30mLevel 1[0m _identify(src/trac_ik/trac_ik_examples) ignored
[0.348s] [34mcolcon.colcon_core.package_identification[0m [1;30mLevel 1[0m _identify(src/trac_ik/trac_ik_kinematics) by extensions ['ignore', 'ignore_ament_install']
[0.348s] [34mcolcon.colcon_core.package_identification[0m [1;30mLevel 1[0m _identify(src/trac_ik/trac_ik_kinematics) by extension 'ignore'
[0.348s] [34mcolcon.colcon_core.package_identification[0m [1;30mLevel 1[0m _identify(src/trac_ik/trac_ik_kinematics) by extension 'ignore_ament_install'
[0.348s] [34mcolcon.colcon_core.package_identification[0m [1;30mLevel 1[0m _identify(src/trac_ik/trac_ik_kinematics) by extensions ['colcon_pkg']
[0.348s] [34mcolcon.colcon_core.package_identification[0m [1;30mLevel 1[0m _identify(src/trac_ik/trac_ik_kinematics) by extension 'colcon_pkg'
[0.348s] [34mcolcon.colcon_core.package_identification[0m [1;30mLevel 1[0m _identify(src/trac_ik/trac_ik_kinematics) by extensions ['colcon_meta']
[0.348s] [34mcolcon.colcon_core.package_identification[0m [1;30mLevel 1[0m _identify(src/trac_ik/trac_ik_kinematics) by extension 'colcon_meta'
[0.348s] [34mcolcon.colcon_core.package_identification[0m [1;30mLevel 1[0m _identify(src/trac_ik/trac_ik_kinematics) by extensions ['ros']
[0.348s] [34mcolcon.colcon_core.package_identification[0m [1;30mLevel 1[0m _identify(src/trac_ik/trac_ik_kinematics) by extension 'ros'
[0.349s] [34mcolcon.colcon_core.package_identification[0m [1;30mDEBUG[0m [32mPackage 'src/trac_ik/trac_ik_kinematics' with type 'ros.ament_cmake' and name 'trac_ik_kinematics'[0m
[0.349s] [34mcolcon.colcon_core.package_identification[0m [1;30mLevel 1[0m _identify(src/trac_ik/trac_ik_lib) by extensions ['ignore', 'ignore_ament_install']
[0.349s] [34mcolcon.colcon_core.package_identification[0m [1;30mLevel 1[0m _identify(src/trac_ik/trac_ik_lib) by extension 'ignore'
[0.349s] [34mcolcon.colcon_core.package_identification[0m [1;30mLevel 1[0m _identify(src/trac_ik/trac_ik_lib) by extension 'ignore_ament_install'
[0.349s] [34mcolcon.colcon_core.package_identification[0m [1;30mLevel 1[0m _identify(src/trac_ik/trac_ik_lib) by extensions ['colcon_pkg']
[0.349s] [34mcolcon.colcon_core.package_identification[0m [1;30mLevel 1[0m _identify(src/trac_ik/trac_ik_lib) by extension 'colcon_pkg'
[0.349s] [34mcolcon.colcon_core.package_identification[0m [1;30mLevel 1[0m _identify(src/trac_ik/trac_ik_lib) by extensions ['colcon_meta']
[0.349s] [34mcolcon.colcon_core.package_identification[0m [1;30mLevel 1[0m _identify(src/trac_ik/trac_ik_lib) by extension 'colcon_meta'
[0.349s] [34mcolcon.colcon_core.package_identification[0m [1;30mLevel 1[0m _identify(src/trac_ik/trac_ik_lib) by extensions ['ros']
[0.349s] [34mcolcon.colcon_core.package_identification[0m [1;30mLevel 1[0m _identify(src/trac_ik/trac_ik_lib) by extension 'ros'
[0.350s] [34mcolcon.colcon_core.package_identification[0m [1;30mDEBUG[0m [32mPackage 'src/trac_ik/trac_ik_lib' with type 'ros.ament_cmake' and name 'trac_ik_lib'[0m
[0.350s] [34mcolcon.colcon_core.package_identification[0m [1;30mLevel 1[0m _identify(src/trac_ik/trac_ik_python) by extensions ['ignore', 'ignore_ament_install']
[0.350s] [34mcolcon.colcon_core.package_identification[0m [1;30mLevel 1[0m _identify(src/trac_ik/trac_ik_python) by extension 'ignore'
[0.350s] [34mcolcon.colcon_core.package_identification[0m [1;30mLevel 1[0m _identify(src/trac_ik/trac_ik_python) ignored
[0.350s] [34mcolcon.colcon_core.package_identification[0m [1;30mLevel 1[0m _identify(src/trajectory_predictor) by extensions ['ignore', 'ignore_ament_install']
[0.350s] [34mcolcon.colcon_core.package_identification[0m [1;30mLevel 1[0m _identify(src/trajectory_predictor) by extension 'ignore'
[0.350s] [34mcolcon.colcon_core.package_identification[0m [1;30mLevel 1[0m _identify(src/trajectory_predictor) by extension 'ignore_ament_install'
[0.350s] [34mcolcon.colcon_core.package_identification[0m [1;30mLevel 1[0m _identify(src/trajectory_predictor) by extensions ['colcon_pkg']
[0.350s] [34mcolcon.colcon_core.package_identification[0m [1;30mLevel 1[0m _identify(src/trajectory_predictor) by extension 'colcon_pkg'
[0.350s] [34mcolcon.colcon_core.package_identification[0m [1;30mLevel 1[0m _identify(src/trajectory_predictor) by extensions ['colcon_meta']
[0.350s] [34mcolcon.colcon_core.package_identification[0m [1;30mLevel 1[0m _identify(src/trajectory_predictor) by extension 'colcon_meta'
[0.350s] [34mcolcon.colcon_core.package_identification[0m [1;30mLevel 1[0m _identify(src/trajectory_predictor) by extensions ['ros']
[0.350s] [34mcolcon.colcon_core.package_identification[0m [1;30mLevel 1[0m _identify(src/trajectory_predictor) by extension 'ros'
[0.351s] [34mcolcon.colcon_core.package_identification[0m [1;30mDEBUG[0m [32mPackage 'src/trajectory_predictor' with type 'ros.ament_python' and name 'trajectory_predictor'[0m
[0.351s] [34mcolcon.colcon_core.package_identification[0m [1;30mLevel 1[0m _identify(src/yaskawa-global) by extensions ['ignore', 'ignore_ament_install']
[0.351s] [34mcolcon.colcon_core.package_identification[0m [1;30mLevel 1[0m _identify(src/yaskawa-global) by extension 'ignore'
[0.351s] [34mcolcon.colcon_core.package_identification[0m [1;30mLevel 1[0m _identify(src/yaskawa-global) by extension 'ignore_ament_install'
[0.352s] [34mcolcon.colcon_core.package_identification[0m [1;30mLevel 1[0m _identify(src/yaskawa-global) by extensions ['colcon_pkg']
[0.352s] [34mcolcon.colcon_core.package_identification[0m [1;30mLevel 1[0m _identify(src/yaskawa-global) by extension 'colcon_pkg'
[0.352s] [34mcolcon.colcon_core.package_identification[0m [1;30mLevel 1[0m _identify(src/yaskawa-global) by extensions ['colcon_meta']
[0.352s] [34mcolcon.colcon_core.package_identification[0m [1;30mLevel 1[0m _identify(src/yaskawa-global) by extension 'colcon_meta'
[0.352s] [34mcolcon.colcon_core.package_identification[0m [1;30mLevel 1[0m _identify(src/yaskawa-global) by extensions ['ros']
[0.352s] [34mcolcon.colcon_core.package_identification[0m [1;30mLevel 1[0m _identify(src/yaskawa-global) by extension 'ros'
[0.352s] [34mcolcon.colcon_core.package_identification[0m [1;30mLevel 1[0m _identify(src/yaskawa-global) by extensions ['cmake', 'python']
[0.352s] [34mcolcon.colcon_core.package_identification[0m [1;30mLevel 1[0m _identify(src/yaskawa-global) by extension 'cmake'
[0.352s] [34mcolcon.colcon_core.package_identification[0m [1;30mLevel 1[0m _identify(src/yaskawa-global) by extension 'python'
[0.352s] [34mcolcon.colcon_core.package_identification[0m [1;30mLevel 1[0m _identify(src/yaskawa-global) by extensions ['python_setup_py']
[0.352s] [34mcolcon.colcon_core.package_identification[0m [1;30mLevel 1[0m _identify(src/yaskawa-global) by extension 'python_setup_py'
[0.352s] [34mcolcon.colcon_core.package_identification[0m [1;30mLevel 1[0m _identify(src/yaskawa-global/motoros2_interfaces) by extensions ['ignore', 'ignore_ament_install']
[0.352s] [34mcolcon.colcon_core.package_identification[0m [1;30mLevel 1[0m _identify(src/yaskawa-global/motoros2_interfaces) by extension 'ignore'
[0.352s] [34mcolcon.colcon_core.package_identification[0m [1;30mLevel 1[0m _identify(src/yaskawa-global/motoros2_interfaces) by extension 'ignore_ament_install'
[0.352s] [34mcolcon.colcon_core.package_identification[0m [1;30mLevel 1[0m _identify(src/yaskawa-global/motoros2_interfaces) by extensions ['colcon_pkg']
[0.352s] [34mcolcon.colcon_core.package_identification[0m [1;30mLevel 1[0m _identify(src/yaskawa-global/motoros2_interfaces) by extension 'colcon_pkg'
[0.352s] [34mcolcon.colcon_core.package_identification[0m [1;30mLevel 1[0m _identify(src/yaskawa-global/motoros2_interfaces) by extensions ['colcon_meta']
[0.352s] [34mcolcon.colcon_core.package_identification[0m [1;30mLevel 1[0m _identify(src/yaskawa-global/motoros2_interfaces) by extension 'colcon_meta'
[0.352s] [34mcolcon.colcon_core.package_identification[0m [1;30mLevel 1[0m _identify(src/yaskawa-global/motoros2_interfaces) by extensions ['ros']
[0.352s] [34mcolcon.colcon_core.package_identification[0m [1;30mLevel 1[0m _identify(src/yaskawa-global/motoros2_interfaces) by extension 'ros'
[0.353s] [34mcolcon.colcon_core.package_identification[0m [1;30mDEBUG[0m [32mPackage 'src/yaskawa-global/motoros2_interfaces' with type 'ros.ament_cmake' and name 'motoros2_interfaces'[0m
[0.353s] [34mcolcon.colcon_core.package_discovery[0m [1;30mLevel 1[0m discover_packages(recursive) using defaults
[0.353s] [34mcolcon.colcon_core.package_discovery[0m [1;30mLevel 1[0m discover_packages(ignore) discover
[0.353s] [34mcolcon.colcon_core.package_discovery[0m [1;30mLevel 1[0m discover_packages(ignore) using defaults
[0.353s] [34mcolcon.colcon_core.package_discovery[0m [1;30mLevel 1[0m discover_packages(path) discover
[0.353s] [34mcolcon.colcon_core.package_discovery[0m [1;30mLevel 1[0m discover_packages(path) using defaults
[0.377s] [34mcolcon.colcon_core.package_discovery[0m [1;30mLevel 1[0m discover_packages(prefix_path) check parameters
[0.377s] [34mcolcon.colcon_core.package_discovery[0m [1;30mLevel 1[0m discover_packages(prefix_path) discover
[0.379s] [34mcolcon.colcon_installed_package_information.package_discovery[0m [1;30mDEBUG[0m [32mFound 383 installed packages in /opt/ros/humble[0m
[0.381s] [34mcolcon.colcon_core.package_discovery[0m [1;30mLevel 1[0m discover_packages(prefix_path) using defaults
[0.416s] [34mcolcon.colcon_core.verb[0m [1;30mLevel 5[0m set package 'human_hand_msgs' build argument 'cmake_args' from command line to 'None'
[0.416s] [34mcolcon.colcon_core.verb[0m [1;30mLevel 5[0m set package 'human_hand_msgs' build argument 'cmake_target' from command line to 'None'
[0.416s] [34mcolcon.colcon_core.verb[0m [1;30mLevel 5[0m set package 'human_hand_msgs' build argument 'cmake_target_skip_unavailable' from command line to 'False'
[0.416s] [34mcolcon.colcon_core.verb[0m [1;30mLevel 5[0m set package 'human_hand_msgs' build argument 'cmake_clean_cache' from command line to 'False'
[0.416s] [34mcolcon.colcon_core.verb[0m [1;30mLevel 5[0m set package 'human_hand_msgs' build argument 'cmake_clean_first' from command line to 'False'
[0.416s] [34mcolcon.colcon_core.verb[0m [1;30mLevel 5[0m set package 'human_hand_msgs' build argument 'cmake_force_configure' from command line to 'False'
[0.416s] [34mcolcon.colcon_core.verb[0m [1;30mLevel 5[0m set package 'human_hand_msgs' build argument 'ament_cmake_args' from command line to 'None'
[0.416s] [34mcolcon.colcon_core.verb[0m [1;30mLevel 5[0m set package 'human_hand_msgs' build argument 'catkin_cmake_args' from command line to 'None'
[0.416s] [34mcolcon.colcon_core.verb[0m [1;30mLevel 5[0m set package 'human_hand_msgs' build argument 'catkin_skip_building_tests' from command line to 'False'
[0.417s] [34mcolcon.colcon_core.verb[0m [1;30mDEBUG[0m [32mBuilding package 'human_hand_msgs' with the following arguments: {'ament_cmake_args': None, 'build_base': '/home/duy/cocarry_ws/build/human_hand_msgs', 'catkin_cmake_args': None, 'catkin_skip_building_tests': False, 'cmake_args': None, 'cmake_clean_cache': False, 'cmake_clean_first': False, 'cmake_force_configure': False, 'cmake_target': None, 'cmake_target_skip_unavailable': False, 'install_base': '/home/duy/cocarry_ws/install/human_hand_msgs', 'merge_install': False, 'path': '/home/duy/cocarry_ws/src/human_hand_msgs', 'symlink_install': True, 'test_result_base': None}[0m
[0.417s] [34mcolcon.colcon_core.verb[0m [1;30mLevel 5[0m set package 'industrial_msgs' build argument 'cmake_args' from command line to 'None'
[0.417s] [34mcolcon.colcon_core.verb[0m [1;30mLevel 5[0m set package 'industrial_msgs' build argument 'cmake_target' from command line to 'None'
[0.417s] [34mcolcon.colcon_core.verb[0m [1;30mLevel 5[0m set package 'industrial_msgs' build argument 'cmake_target_skip_unavailable' from command line to 'False'
[0.417s] [34mcolcon.colcon_core.verb[0m [1;30mLevel 5[0m set package 'industrial_msgs' build argument 'cmake_clean_cache' from command line to 'False'
[0.417s] [34mcolcon.colcon_core.verb[0m [1;30mLevel 5[0m set package 'industrial_msgs' build argument 'cmake_clean_first' from command line to 'False'
[0.417s] [34mcolcon.colcon_core.verb[0m [1;30mLevel 5[0m set package 'industrial_msgs' build argument 'cmake_force_configure' from command line to 'False'
[0.417s] [34mcolcon.colcon_core.verb[0m [1;30mLevel 5[0m set package 'industrial_msgs' build argument 'ament_cmake_args' from command line to 'None'
[0.417s] [34mcolcon.colcon_core.verb[0m [1;30mLevel 5[0m set package 'industrial_msgs' build argument 'catkin_cmake_args' from command line to 'None'
[0.417s] [34mcolcon.colcon_core.verb[0m [1;30mLevel 5[0m set package 'industrial_msgs' build argument 'catkin_skip_building_tests' from command line to 'False'
[0.417s] [34mcolcon.colcon_core.verb[0m [1;30mDEBUG[0m [32mBuilding package 'industrial_msgs' with the following arguments: {'ament_cmake_args': None, 'build_base': '/home/duy/cocarry_ws/build/industrial_msgs', 'catkin_cmake_args': None, 'catkin_skip_building_tests': False, 'cmake_args': None, 'cmake_clean_cache': False, 'cmake_clean_first': False, 'cmake_force_configure': False, 'cmake_target': None, 'cmake_target_skip_unavailable': False, 'install_base': '/home/duy/cocarry_ws/install/industrial_msgs', 'merge_install': False, 'path': '/home/duy/cocarry_ws/src/ros-industrial/industrial_core_ros2_msgs_only/industrial_msgs', 'symlink_install': True, 'test_result_base': None}[0m
[0.417s] [34mcolcon.colcon_core.verb[0m [1;30mLevel 5[0m set package 'kinect2_registration' build argument 'cmake_args' from command line to 'None'
[0.417s] [34mcolcon.colcon_core.verb[0m [1;30mLevel 5[0m set package 'kinect2_registration' build argument 'cmake_target' from command line to 'None'
[0.417s] [34mcolcon.colcon_core.verb[0m [1;30mLevel 5[0m set package 'kinect2_registration' build argument 'cmake_target_skip_unavailable' from command line to 'False'
[0.417s] [34mcolcon.colcon_core.verb[0m [1;30mLevel 5[0m set package 'kinect2_registration' build argument 'cmake_clean_cache' from command line to 'False'
[0.417s] [34mcolcon.colcon_core.verb[0m [1;30mLevel 5[0m set package 'kinect2_registration' build argument 'cmake_clean_first' from command line to 'False'
[0.417s] [34mcolcon.colcon_core.verb[0m [1;30mLevel 5[0m set package 'kinect2_registration' build argument 'cmake_force_configure' from command line to 'False'
[0.417s] [34mcolcon.colcon_core.verb[0m [1;30mLevel 5[0m set package 'kinect2_registration' build argument 'ament_cmake_args' from command line to 'None'
[0.417s] [34mcolcon.colcon_core.verb[0m [1;30mLevel 5[0m set package 'kinect2_registration' build argument 'catkin_cmake_args' from command line to 'None'
[0.417s] [34mcolcon.colcon_core.verb[0m [1;30mLevel 5[0m set package 'kinect2_registration' build argument 'catkin_skip_building_tests' from command line to 'False'
[0.417s] [34mcolcon.colcon_core.verb[0m [1;30mDEBUG[0m [32mBuilding package 'kinect2_registration' with the following arguments: {'ament_cmake_args': None, 'build_base': '/home/duy/cocarry_ws/build/kinect2_registration', 'catkin_cmake_args': None, 'catkin_skip_building_tests': False, 'cmake_args': None, 'cmake_clean_cache': False, 'cmake_clean_first': False, 'cmake_force_configure': False, 'cmake_target': None, 'cmake_target_skip_unavailable': False, 'install_base': '/home/duy/cocarry_ws/install/kinect2_registration', 'merge_install': False, 'path': '/home/duy/cocarry_ws/src/kinect2_ros2/kinect2_registration', 'symlink_install': True, 'test_result_base': None}[0m
[0.418s] [34mcolcon.colcon_core.verb[0m [1;30mLevel 5[0m set package 'libfreenect2' build argument 'cmake_args' from command line to 'None'
[0.418s] [34mcolcon.colcon_core.verb[0m [1;30mLevel 5[0m set package 'libfreenect2' build argument 'cmake_target' from command line to 'None'
[0.418s] [34mcolcon.colcon_core.verb[0m [1;30mLevel 5[0m set package 'libfreenect2' build argument 'cmake_target_skip_unavailable' from command line to 'False'
[0.418s] [34mcolcon.colcon_core.verb[0m [1;30mLevel 5[0m set package 'libfreenect2' build argument 'cmake_clean_cache' from command line to 'False'
[0.418s] [34mcolcon.colcon_core.verb[0m [1;30mLevel 5[0m set package 'libfreenect2' build argument 'cmake_clean_first' from command line to 'False'
[0.418s] [34mcolcon.colcon_core.verb[0m [1;30mLevel 5[0m set package 'libfreenect2' build argument 'cmake_force_configure' from command line to 'False'
[0.418s] [34mcolcon.colcon_core.verb[0m [1;30mLevel 5[0m set package 'libfreenect2' build argument 'ament_cmake_args' from command line to 'None'
[0.418s] [34mcolcon.colcon_core.verb[0m [1;30mLevel 5[0m set package 'libfreenect2' build argument 'catkin_cmake_args' from command line to 'None'
[0.418s] [34mcolcon.colcon_core.verb[0m [1;30mLevel 5[0m set package 'libfreenect2' build argument 'catkin_skip_building_tests' from command line to 'False'
[0.418s] [34mcolcon.colcon_core.verb[0m [1;30mDEBUG[0m [32mBuilding package 'libfreenect2' with the following arguments: {'ament_cmake_args': None, 'build_base': '/home/duy/cocarry_ws/build/libfreenect2', 'catkin_cmake_args': None, 'catkin_skip_building_tests': False, 'cmake_args': None, 'cmake_clean_cache': False, 'cmake_clean_first': False, 'cmake_force_configure': False, 'cmake_target': None, 'cmake_target_skip_unavailable': False, 'install_base': '/home/duy/cocarry_ws/install/libfreenect2', 'merge_install': False, 'path': '/home/duy/cocarry_ws/libfreenect2', 'symlink_install': True, 'test_result_base': None}[0m
[0.418s] [34mcolcon.colcon_core.verb[0m [1;30mLevel 5[0m set package 'motoman_resources' build argument 'cmake_args' from command line to 'None'
[0.418s] [34mcolcon.colcon_core.verb[0m [1;30mLevel 5[0m set package 'motoman_resources' build argument 'cmake_target' from command line to 'None'
[0.418s] [34mcolcon.colcon_core.verb[0m [1;30mLevel 5[0m set package 'motoman_resources' build argument 'cmake_target_skip_unavailable' from command line to 'False'
[0.418s] [34mcolcon.colcon_core.verb[0m [1;30mLevel 5[0m set package 'motoman_resources' build argument 'cmake_clean_cache' from command line to 'False'
[0.418s] [34mcolcon.colcon_core.verb[0m [1;30mLevel 5[0m set package 'motoman_resources' build argument 'cmake_clean_first' from command line to 'False'
[0.418s] [34mcolcon.colcon_core.verb[0m [1;30mLevel 5[0m set package 'motoman_resources' build argument 'cmake_force_configure' from command line to 'False'
[0.418s] [34mcolcon.colcon_core.verb[0m [1;30mLevel 5[0m set package 'motoman_resources' build argument 'ament_cmake_args' from command line to 'None'
[0.418s] [34mcolcon.colcon_core.verb[0m [1;30mLevel 5[0m set package 'motoman_resources' build argument 'catkin_cmake_args' from command line to 'None'
[0.418s] [34mcolcon.colcon_core.verb[0m [1;30mLevel 5[0m set package 'motoman_resources' build argument 'catkin_skip_building_tests' from command line to 'False'
[0.418s] [34mcolcon.colcon_core.verb[0m [1;30mDEBUG[0m [32mBuilding package 'motoman_resources' with the following arguments: {'ament_cmake_args': None, 'build_base': '/home/duy/cocarry_ws/build/motoman_resources', 'catkin_cmake_args': None, 'catkin_skip_building_tests': False, 'cmake_args': None, 'cmake_clean_cache': False, 'cmake_clean_first': False, 'cmake_force_configure': False, 'cmake_target': None, 'cmake_target_skip_unavailable': False, 'install_base': '/home/duy/cocarry_ws/install/motoman_resources', 'merge_install': False, 'path': '/home/duy/cocarry_ws/src/motoman_ros2_support_packages/motoman_resources', 'symlink_install': True, 'test_result_base': None}[0m
[0.419s] [34mcolcon.colcon_core.verb[0m [1;30mLevel 5[0m set package 'motoros2_interfaces' build argument 'cmake_args' from command line to 'None'
[0.419s] [34mcolcon.colcon_core.verb[0m [1;30mLevel 5[0m set package 'motoros2_interfaces' build argument 'cmake_target' from command line to 'None'
[0.419s] [34mcolcon.colcon_core.verb[0m [1;30mLevel 5[0m set package 'motoros2_interfaces' build argument 'cmake_target_skip_unavailable' from command line to 'False'
[0.419s] [34mcolcon.colcon_core.verb[0m [1;30mLevel 5[0m set package 'motoros2_interfaces' build argument 'cmake_clean_cache' from command line to 'False'
[0.419s] [34mcolcon.colcon_core.verb[0m [1;30mLevel 5[0m set package 'motoros2_interfaces' build argument 'cmake_clean_first' from command line to 'False'
[0.419s] [34mcolcon.colcon_core.verb[0m [1;30mLevel 5[0m set package 'motoros2_interfaces' build argument 'cmake_force_configure' from command line to 'False'
[0.419s] [34mcolcon.colcon_core.verb[0m [1;30mLevel 5[0m set package 'motoros2_interfaces' build argument 'ament_cmake_args' from command line to 'None'
[0.419s] [34mcolcon.colcon_core.verb[0m [1;30mLevel 5[0m set package 'motoros2_interfaces' build argument 'catkin_cmake_args' from command line to 'None'
[0.419s] [34mcolcon.colcon_core.verb[0m [1;30mLevel 5[0m set package 'motoros2_interfaces' build argument 'catkin_skip_building_tests' from command line to 'False'
[0.419s] [34mcolcon.colcon_core.verb[0m [1;30mDEBUG[0m [32mBuilding package 'motoros2_interfaces' with the following arguments: {'ament_cmake_args': None, 'build_base': '/home/duy/cocarry_ws/build/motoros2_interfaces', 'catkin_cmake_args': None, 'catkin_skip_building_tests': False, 'cmake_args': None, 'cmake_clean_cache': False, 'cmake_clean_first': False, 'cmake_force_configure': False, 'cmake_target': None, 'cmake_target_skip_unavailable': False, 'install_base': '/home/duy/cocarry_ws/install/motoros2_interfaces', 'merge_install': False, 'path': '/home/duy/cocarry_ws/src/yaskawa-global/motoros2_interfaces', 'symlink_install': True, 'test_result_base': None}[0m
[0.419s] [34mcolcon.colcon_core.verb[0m [1;30mLevel 5[0m set package 'trac_ik_lib' build argument 'cmake_args' from command line to 'None'
[0.419s] [34mcolcon.colcon_core.verb[0m [1;30mLevel 5[0m set package 'trac_ik_lib' build argument 'cmake_target' from command line to 'None'
[0.419s] [34mcolcon.colcon_core.verb[0m [1;30mLevel 5[0m set package 'trac_ik_lib' build argument 'cmake_target_skip_unavailable' from command line to 'False'
[0.419s] [34mcolcon.colcon_core.verb[0m [1;30mLevel 5[0m set package 'trac_ik_lib' build argument 'cmake_clean_cache' from command line to 'False'
[0.419s] [34mcolcon.colcon_core.verb[0m [1;30mLevel 5[0m set package 'trac_ik_lib' build argument 'cmake_clean_first' from command line to 'False'
[0.419s] [34mcolcon.colcon_core.verb[0m [1;30mLevel 5[0m set package 'trac_ik_lib' build argument 'cmake_force_configure' from command line to 'False'
[0.419s] [34mcolcon.colcon_core.verb[0m [1;30mLevel 5[0m set package 'trac_ik_lib' build argument 'ament_cmake_args' from command line to 'None'
[0.419s] [34mcolcon.colcon_core.verb[0m [1;30mLevel 5[0m set package 'trac_ik_lib' build argument 'catkin_cmake_args' from command line to 'None'
[0.419s] [34mcolcon.colcon_core.verb[0m [1;30mLevel 5[0m set package 'trac_ik_lib' build argument 'catkin_skip_building_tests' from command line to 'False'
[0.419s] [34mcolcon.colcon_core.verb[0m [1;30mDEBUG[0m [32mBuilding package 'trac_ik_lib' with the following arguments: {'ament_cmake_args': None, 'build_base': '/home/duy/cocarry_ws/build/trac_ik_lib', 'catkin_cmake_args': None, 'catkin_skip_building_tests': False, 'cmake_args': None, 'cmake_clean_cache': False, 'cmake_clean_first': False, 'cmake_force_configure': False, 'cmake_target': None, 'cmake_target_skip_unavailable': False, 'install_base': '/home/duy/cocarry_ws/install/trac_ik_lib', 'merge_install': False, 'path': '/home/duy/cocarry_ws/src/trac_ik/trac_ik_lib', 'symlink_install': True, 'test_result_base': None}[0m
[0.419s] [34mcolcon.colcon_core.verb[0m [1;30mLevel 5[0m set package 'coord_transform' build argument 'cmake_args' from command line to 'None'
[0.419s] [34mcolcon.colcon_core.verb[0m [1;30mLevel 5[0m set package 'coord_transform' build argument 'cmake_target' from command line to 'None'
[0.419s] [34mcolcon.colcon_core.verb[0m [1;30mLevel 5[0m set package 'coord_transform' build argument 'cmake_target_skip_unavailable' from command line to 'False'
[0.419s] [34mcolcon.colcon_core.verb[0m [1;30mLevel 5[0m set package 'coord_transform' build argument 'cmake_clean_cache' from command line to 'False'
[0.420s] [34mcolcon.colcon_core.verb[0m [1;30mLevel 5[0m set package 'coord_transform' build argument 'cmake_clean_first' from command line to 'False'
[0.420s] [34mcolcon.colcon_core.verb[0m [1;30mLevel 5[0m set package 'coord_transform' build argument 'cmake_force_configure' from command line to 'False'
[0.420s] [34mcolcon.colcon_core.verb[0m [1;30mLevel 5[0m set package 'coord_transform' build argument 'ament_cmake_args' from command line to 'None'
[0.420s] [34mcolcon.colcon_core.verb[0m [1;30mLevel 5[0m set package 'coord_transform' build argument 'catkin_cmake_args' from command line to 'None'
[0.420s] [34mcolcon.colcon_core.verb[0m [1;30mLevel 5[0m set package 'coord_transform' build argument 'catkin_skip_building_tests' from command line to 'False'
[0.420s] [34mcolcon.colcon_core.verb[0m [1;30mDEBUG[0m [32mBuilding package 'coord_transform' with the following arguments: {'ament_cmake_args': None, 'build_base': '/home/duy/cocarry_ws/build/coord_transform', 'catkin_cmake_args': None, 'catkin_skip_building_tests': False, 'cmake_args': None, 'cmake_clean_cache': False, 'cmake_clean_first': False, 'cmake_force_configure': False, 'cmake_target': None, 'cmake_target_skip_unavailable': False, 'install_base': '/home/duy/cocarry_ws/install/coord_transform', 'merge_install': False, 'path': '/home/duy/cocarry_ws/src/coord_transform', 'symlink_install': True, 'test_result_base': None}[0m
[0.420s] [34mcolcon.colcon_core.verb[0m [1;30mLevel 5[0m set package 'experiment_logger' build argument 'cmake_args' from command line to 'None'
[0.420s] [34mcolcon.colcon_core.verb[0m [1;30mLevel 5[0m set package 'experiment_logger' build argument 'cmake_target' from command line to 'None'
[0.420s] [34mcolcon.colcon_core.verb[0m [1;30mLevel 5[0m set package 'experiment_logger' build argument 'cmake_target_skip_unavailable' from command line to 'False'
[0.420s] [34mcolcon.colcon_core.verb[0m [1;30mLevel 5[0m set package 'experiment_logger' build argument 'cmake_clean_cache' from command line to 'False'
[0.420s] [34mcolcon.colcon_core.verb[0m [1;30mLevel 5[0m set package 'experiment_logger' build argument 'cmake_clean_first' from command line to 'False'
[0.420s] [34mcolcon.colcon_core.verb[0m [1;30mLevel 5[0m set package 'experiment_logger' build argument 'cmake_force_configure' from command line to 'False'
[0.420s] [34mcolcon.colcon_core.verb[0m [1;30mLevel 5[0m set package 'experiment_logger' build argument 'ament_cmake_args' from command line to 'None'
[0.420s] [34mcolcon.colcon_core.verb[0m [1;30mLevel 5[0m set package 'experiment_logger' build argument 'catkin_cmake_args' from command line to 'None'
[0.420s] [34mcolcon.colcon_core.verb[0m [1;30mLevel 5[0m set package 'experiment_logger' build argument 'catkin_skip_building_tests' from command line to 'False'
[0.420s] [34mcolcon.colcon_core.verb[0m [1;30mDEBUG[0m [32mBuilding package 'experiment_logger' with the following arguments: {'ament_cmake_args': None, 'build_base': '/home/duy/cocarry_ws/build/experiment_logger', 'catkin_cmake_args': None, 'catkin_skip_building_tests': False, 'cmake_args': None, 'cmake_clean_cache': False, 'cmake_clean_first': False, 'cmake_force_configure': False, 'cmake_target': None, 'cmake_target_skip_unavailable': False, 'install_base': '/home/duy/cocarry_ws/install/experiment_logger', 'merge_install': False, 'path': '/home/duy/cocarry_ws/src/experiment_logger', 'symlink_install': True, 'test_result_base': None}[0m
[0.420s] [34mcolcon.colcon_core.verb[0m [1;30mLevel 5[0m set package 'kinect2_bridge' build argument 'cmake_args' from command line to 'None'
[0.420s] [34mcolcon.colcon_core.verb[0m [1;30mLevel 5[0m set package 'kinect2_bridge' build argument 'cmake_target' from command line to 'None'
[0.420s] [34mcolcon.colcon_core.verb[0m [1;30mLevel 5[0m set package 'kinect2_bridge' build argument 'cmake_target_skip_unavailable' from command line to 'False'
[0.420s] [34mcolcon.colcon_core.verb[0m [1;30mLevel 5[0m set package 'kinect2_bridge' build argument 'cmake_clean_cache' from command line to 'False'
[0.420s] [34mcolcon.colcon_core.verb[0m [1;30mLevel 5[0m set package 'kinect2_bridge' build argument 'cmake_clean_first' from command line to 'False'
[0.420s] [34mcolcon.colcon_core.verb[0m [1;30mLevel 5[0m set package 'kinect2_bridge' build argument 'cmake_force_configure' from command line to 'False'
[0.420s] [34mcolcon.colcon_core.verb[0m [1;30mLevel 5[0m set package 'kinect2_bridge' build argument 'ament_cmake_args' from command line to 'None'
[0.420s] [34mcolcon.colcon_core.verb[0m [1;30mLevel 5[0m set package 'kinect2_bridge' build argument 'catkin_cmake_args' from command line to 'None'
[0.420s] [34mcolcon.colcon_core.verb[0m [1;30mLevel 5[0m set package 'kinect2_bridge' build argument 'catkin_skip_building_tests' from command line to 'False'
[0.420s] [34mcolcon.colcon_core.verb[0m [1;30mDEBUG[0m [32mBuilding package 'kinect2_bridge' with the following arguments: {'ament_cmake_args': None, 'build_base': '/home/duy/cocarry_ws/build/kinect2_bridge', 'catkin_cmake_args': None, 'catkin_skip_building_tests': False, 'cmake_args': None, 'cmake_clean_cache': False, 'cmake_clean_first': False, 'cmake_force_configure': False, 'cmake_target': None, 'cmake_target_skip_unavailable': False, 'install_base': '/home/duy/cocarry_ws/install/kinect2_bridge', 'merge_install': False, 'path': '/home/duy/cocarry_ws/src/kinect2_ros2/kinect2_bridge', 'symlink_install': True, 'test_result_base': None}[0m
[0.421s] [34mcolcon.colcon_core.verb[0m [1;30mLevel 5[0m set package 'motoman_gp4_support' build argument 'cmake_args' from command line to 'None'
[0.421s] [34mcolcon.colcon_core.verb[0m [1;30mLevel 5[0m set package 'motoman_gp4_support' build argument 'cmake_target' from command line to 'None'
[0.421s] [34mcolcon.colcon_core.verb[0m [1;30mLevel 5[0m set package 'motoman_gp4_support' build argument 'cmake_target_skip_unavailable' from command line to 'False'
[0.421s] [34mcolcon.colcon_core.verb[0m [1;30mLevel 5[0m set package 'motoman_gp4_support' build argument 'cmake_clean_cache' from command line to 'False'
[0.421s] [34mcolcon.colcon_core.verb[0m [1;30mLevel 5[0m set package 'motoman_gp4_support' build argument 'cmake_clean_first' from command line to 'False'
[0.421s] [34mcolcon.colcon_core.verb[0m [1;30mLevel 5[0m set package 'motoman_gp4_support' build argument 'cmake_force_configure' from command line to 'False'
[0.421s] [34mcolcon.colcon_core.verb[0m [1;30mLevel 5[0m set package 'motoman_gp4_support' build argument 'ament_cmake_args' from command line to 'None'
[0.421s] [34mcolcon.colcon_core.verb[0m [1;30mLevel 5[0m set package 'motoman_gp4_support' build argument 'catkin_cmake_args' from command line to 'None'
[0.421s] [34mcolcon.colcon_core.verb[0m [1;30mLevel 5[0m set package 'motoman_gp4_support' build argument 'catkin_skip_building_tests' from command line to 'False'
[0.421s] [34mcolcon.colcon_core.verb[0m [1;30mDEBUG[0m [32mBuilding package 'motoman_gp4_support' with the following arguments: {'ament_cmake_args': None, 'build_base': '/home/duy/cocarry_ws/build/motoman_gp4_support', 'catkin_cmake_args': None, 'catkin_skip_building_tests': False, 'cmake_args': None, 'cmake_clean_cache': False, 'cmake_clean_first': False, 'cmake_force_configure': False, 'cmake_target': None, 'cmake_target_skip_unavailable': False, 'install_base': '/home/duy/cocarry_ws/install/motoman_gp4_support', 'merge_install': False, 'path': '/home/duy/cocarry_ws/src/motoman_ros2_support_packages/motoman_gp4_support', 'symlink_install': True, 'test_result_base': None}[0m
[0.421s] [34mcolcon.colcon_core.verb[0m [1;30mLevel 5[0m set package 'motoman_hc10dtp_support' build argument 'cmake_args' from command line to 'None'
[0.421s] [34mcolcon.colcon_core.verb[0m [1;30mLevel 5[0m set package 'motoman_hc10dtp_support' build argument 'cmake_target' from command line to 'None'
[0.421s] [34mcolcon.colcon_core.verb[0m [1;30mLevel 5[0m set package 'motoman_hc10dtp_support' build argument 'cmake_target_skip_unavailable' from command line to 'False'
[0.421s] [34mcolcon.colcon_core.verb[0m [1;30mLevel 5[0m set package 'motoman_hc10dtp_support' build argument 'cmake_clean_cache' from command line to 'False'
[0.421s] [34mcolcon.colcon_core.verb[0m [1;30mLevel 5[0m set package 'motoman_hc10dtp_support' build argument 'cmake_clean_first' from command line to 'False'
[0.421s] [34mcolcon.colcon_core.verb[0m [1;30mLevel 5[0m set package 'motoman_hc10dtp_support' build argument 'cmake_force_configure' from command line to 'False'
[0.421s] [34mcolcon.colcon_core.verb[0m [1;30mLevel 5[0m set package 'motoman_hc10dtp_support' build argument 'ament_cmake_args' from command line to 'None'
[0.421s] [34mcolcon.colcon_core.verb[0m [1;30mLevel 5[0m set package 'motoman_hc10dtp_support' build argument 'catkin_cmake_args' from command line to 'None'
[0.421s] [34mcolcon.colcon_core.verb[0m [1;30mLevel 5[0m set package 'motoman_hc10dtp_support' build argument 'catkin_skip_building_tests' from command line to 'False'
[0.421s] [34mcolcon.colcon_core.verb[0m [1;30mDEBUG[0m [32mBuilding package 'motoman_hc10dtp_support' with the following arguments: {'ament_cmake_args': None, 'build_base': '/home/duy/cocarry_ws/build/motoman_hc10dtp_support', 'catkin_cmake_args': None, 'catkin_skip_building_tests': False, 'cmake_args': None, 'cmake_clean_cache': False, 'cmake_clean_first': False, 'cmake_force_configure': False, 'cmake_target': None, 'cmake_target_skip_unavailable': False, 'install_base': '/home/duy/cocarry_ws/install/motoman_hc10dtp_support', 'merge_install': False, 'path': '/home/duy/cocarry_ws/src/motoman_ros2_support_packages/motoman_hc10dtp_support', 'symlink_install': True, 'test_result_base': None}[0m
[0.422s] [34mcolcon.colcon_core.verb[0m [1;30mLevel 5[0m set package 'motoros2_client_interface_dependencies' build argument 'cmake_args' from command line to 'None'
[0.422s] [34mcolcon.colcon_core.verb[0m [1;30mLevel 5[0m set package 'motoros2_client_interface_dependencies' build argument 'cmake_target' from command line to 'None'
[0.422s] [34mcolcon.colcon_core.verb[0m [1;30mLevel 5[0m set package 'motoros2_client_interface_dependencies' build argument 'cmake_target_skip_unavailable' from command line to 'False'
[0.422s] [34mcolcon.colcon_core.verb[0m [1;30mLevel 5[0m set package 'motoros2_client_interface_dependencies' build argument 'cmake_clean_cache' from command line to 'False'
[0.422s] [34mcolcon.colcon_core.verb[0m [1;30mLevel 5[0m set package 'motoros2_client_interface_dependencies' build argument 'cmake_clean_first' from command line to 'False'
[0.422s] [34mcolcon.colcon_core.verb[0m [1;30mLevel 5[0m set package 'motoros2_client_interface_dependencies' build argument 'cmake_force_configure' from command line to 'False'
[0.422s] [34mcolcon.colcon_core.verb[0m [1;30mLevel 5[0m set package 'motoros2_client_interface_dependencies' build argument 'ament_cmake_args' from command line to 'None'
[0.422s] [34mcolcon.colcon_core.verb[0m [1;30mLevel 5[0m set package 'motoros2_client_interface_dependencies' build argument 'catkin_cmake_args' from command line to 'None'
[0.422s] [34mcolcon.colcon_core.verb[0m [1;30mLevel 5[0m set package 'motoros2_client_interface_dependencies' build argument 'catkin_skip_building_tests' from command line to 'False'
[0.422s] [34mcolcon.colcon_core.verb[0m [1;30mDEBUG[0m [32mBuilding package 'motoros2_client_interface_dependencies' with the following arguments: {'ament_cmake_args': None, 'build_base': '/home/duy/cocarry_ws/build/motoros2_client_interface_dependencies', 'catkin_cmake_args': None, 'catkin_skip_building_tests': False, 'cmake_args': None, 'cmake_clean_cache': False, 'cmake_clean_first': False, 'cmake_force_configure': False, 'cmake_target': None, 'cmake_target_skip_unavailable': False, 'install_base': '/home/duy/cocarry_ws/install/motoros2_client_interface_dependencies', 'merge_install': False, 'path': '/home/duy/cocarry_ws/src/motoros2_client_interface_dependencies', 'symlink_install': True, 'test_result_base': None}[0m
[0.422s] [34mcolcon.colcon_core.verb[0m [1;30mLevel 5[0m set package 'predictor_ui' build argument 'cmake_args' from command line to 'None'
[0.422s] [34mcolcon.colcon_core.verb[0m [1;30mLevel 5[0m set package 'predictor_ui' build argument 'cmake_target' from command line to 'None'
[0.422s] [34mcolcon.colcon_core.verb[0m [1;30mLevel 5[0m set package 'predictor_ui' build argument 'cmake_target_skip_unavailable' from command line to 'False'
[0.422s] [34mcolcon.colcon_core.verb[0m [1;30mLevel 5[0m set package 'predictor_ui' build argument 'cmake_clean_cache' from command line to 'False'
[0.422s] [34mcolcon.colcon_core.verb[0m [1;30mLevel 5[0m set package 'predictor_ui' build argument 'cmake_clean_first' from command line to 'False'
[0.422s] [34mcolcon.colcon_core.verb[0m [1;30mLevel 5[0m set package 'predictor_ui' build argument 'cmake_force_configure' from command line to 'False'
[0.422s] [34mcolcon.colcon_core.verb[0m [1;30mLevel 5[0m set package 'predictor_ui' build argument 'ament_cmake_args' from command line to 'None'
[0.422s] [34mcolcon.colcon_core.verb[0m [1;30mLevel 5[0m set package 'predictor_ui' build argument 'catkin_cmake_args' from command line to 'None'
[0.422s] [34mcolcon.colcon_core.verb[0m [1;30mLevel 5[0m set package 'predictor_ui' build argument 'catkin_skip_building_tests' from command line to 'False'
[0.422s] [34mcolcon.colcon_core.verb[0m [1;30mDEBUG[0m [32mBuilding package 'predictor_ui' with the following arguments: {'ament_cmake_args': None, 'build_base': '/home/duy/cocarry_ws/build/predictor_ui', 'catkin_cmake_args': None, 'catkin_skip_building_tests': False, 'cmake_args': None, 'cmake_clean_cache': False, 'cmake_clean_first': False, 'cmake_force_configure': False, 'cmake_target': None, 'cmake_target_skip_unavailable': False, 'install_base': '/home/duy/cocarry_ws/install/predictor_ui', 'merge_install': False, 'path': '/home/duy/cocarry_ws/src/predictor_ui', 'symlink_install': True, 'test_result_base': None}[0m
[0.422s] [34mcolcon.colcon_core.verb[0m [1;30mLevel 5[0m set package 'realsense_tracker' build argument 'cmake_args' from command line to 'None'
[0.422s] [34mcolcon.colcon_core.verb[0m [1;30mLevel 5[0m set package 'realsense_tracker' build argument 'cmake_target' from command line to 'None'
[0.422s] [34mcolcon.colcon_core.verb[0m [1;30mLevel 5[0m set package 'realsense_tracker' build argument 'cmake_target_skip_unavailable' from command line to 'False'
[0.422s] [34mcolcon.colcon_core.verb[0m [1;30mLevel 5[0m set package 'realsense_tracker' build argument 'cmake_clean_cache' from command line to 'False'
[0.422s] [34mcolcon.colcon_core.verb[0m [1;30mLevel 5[0m set package 'realsense_tracker' build argument 'cmake_clean_first' from command line to 'False'
[0.422s] [34mcolcon.colcon_core.verb[0m [1;30mLevel 5[0m set package 'realsense_tracker' build argument 'cmake_force_configure' from command line to 'False'
[0.423s] [34mcolcon.colcon_core.verb[0m [1;30mLevel 5[0m set package 'realsense_tracker' build argument 'ament_cmake_args' from command line to 'None'
[0.423s] [34mcolcon.colcon_core.verb[0m [1;30mLevel 5[0m set package 'realsense_tracker' build argument 'catkin_cmake_args' from command line to 'None'
[0.423s] [34mcolcon.colcon_core.verb[0m [1;30mLevel 5[0m set package 'realsense_tracker' build argument 'catkin_skip_building_tests' from command line to 'False'
[0.423s] [34mcolcon.colcon_core.verb[0m [1;30mDEBUG[0m [32mBuilding package 'realsense_tracker' with the following arguments: {'ament_cmake_args': None, 'build_base': '/home/duy/cocarry_ws/build/realsense_tracker', 'catkin_cmake_args': None, 'catkin_skip_building_tests': False, 'cmake_args': None, 'cmake_clean_cache': False, 'cmake_clean_first': False, 'cmake_force_configure': False, 'cmake_target': None, 'cmake_target_skip_unavailable': False, 'install_base': '/home/duy/cocarry_ws/install/realsense_tracker', 'merge_install': False, 'path': '/home/duy/cocarry_ws/src/realsense_tracker', 'symlink_install': True, 'test_result_base': None}[0m
[0.423s] [34mcolcon.colcon_core.verb[0m [1;30mLevel 5[0m set package 'trac_ik_kinematics' build argument 'cmake_args' from command line to 'None'
[0.423s] [34mcolcon.colcon_core.verb[0m [1;30mLevel 5[0m set package 'trac_ik_kinematics' build argument 'cmake_target' from command line to 'None'
[0.423s] [34mcolcon.colcon_core.verb[0m [1;30mLevel 5[0m set package 'trac_ik_kinematics' build argument 'cmake_target_skip_unavailable' from command line to 'False'
[0.423s] [34mcolcon.colcon_core.verb[0m [1;30mLevel 5[0m set package 'trac_ik_kinematics' build argument 'cmake_clean_cache' from command line to 'False'
[0.423s] [34mcolcon.colcon_core.verb[0m [1;30mLevel 5[0m set package 'trac_ik_kinematics' build argument 'cmake_clean_first' from command line to 'False'
[0.423s] [34mcolcon.colcon_core.verb[0m [1;30mLevel 5[0m set package 'trac_ik_kinematics' build argument 'cmake_force_configure' from command line to 'False'
[0.423s] [34mcolcon.colcon_core.verb[0m [1;30mLevel 5[0m set package 'trac_ik_kinematics' build argument 'ament_cmake_args' from command line to 'None'
[0.423s] [34mcolcon.colcon_core.verb[0m [1;30mLevel 5[0m set package 'trac_ik_kinematics' build argument 'catkin_cmake_args' from command line to 'None'
[0.423s] [34mcolcon.colcon_core.verb[0m [1;30mLevel 5[0m set package 'trac_ik_kinematics' build argument 'catkin_skip_building_tests' from command line to 'False'
[0.423s] [34mcolcon.colcon_core.verb[0m [1;30mDEBUG[0m [32mBuilding package 'trac_ik_kinematics' with the following arguments: {'ament_cmake_args': None, 'build_base': '/home/duy/cocarry_ws/build/trac_ik_kinematics', 'catkin_cmake_args': None, 'catkin_skip_building_tests': False, 'cmake_args': None, 'cmake_clean_cache': False, 'cmake_clean_first': False, 'cmake_force_configure': False, 'cmake_target': None, 'cmake_target_skip_unavailable': False, 'install_base': '/home/duy/cocarry_ws/install/trac_ik_kinematics', 'merge_install': False, 'path': '/home/duy/cocarry_ws/src/trac_ik/trac_ik_kinematics', 'symlink_install': True, 'test_result_base': None}[0m
[0.423s] [34mcolcon.colcon_core.verb[0m [1;30mLevel 5[0m set package 'trajectory_predictor' build argument 'cmake_args' from command line to 'None'
[0.423s] [34mcolcon.colcon_core.verb[0m [1;30mLevel 5[0m set package 'trajectory_predictor' build argument 'cmake_target' from command line to 'None'
[0.423s] [34mcolcon.colcon_core.verb[0m [1;30mLevel 5[0m set package 'trajectory_predictor' build argument 'cmake_target_skip_unavailable' from command line to 'False'
[0.423s] [34mcolcon.colcon_core.verb[0m [1;30mLevel 5[0m set package 'trajectory_predictor' build argument 'cmake_clean_cache' from command line to 'False'
[0.423s] [34mcolcon.colcon_core.verb[0m [1;30mLevel 5[0m set package 'trajectory_predictor' build argument 'cmake_clean_first' from command line to 'False'
[0.423s] [34mcolcon.colcon_core.verb[0m [1;30mLevel 5[0m set package 'trajectory_predictor' build argument 'cmake_force_configure' from command line to 'False'
[0.423s] [34mcolcon.colcon_core.verb[0m [1;30mLevel 5[0m set package 'trajectory_predictor' build argument 'ament_cmake_args' from command line to 'None'
[0.423s] [34mcolcon.colcon_core.verb[0m [1;30mLevel 5[0m set package 'trajectory_predictor' build argument 'catkin_cmake_args' from command line to 'None'
[0.423s] [34mcolcon.colcon_core.verb[0m [1;30mLevel 5[0m set package 'trajectory_predictor' build argument 'catkin_skip_building_tests' from command line to 'False'
[0.423s] [34mcolcon.colcon_core.verb[0m [1;30mDEBUG[0m [32mBuilding package 'trajectory_predictor' with the following arguments: {'ament_cmake_args': None, 'build_base': '/home/duy/cocarry_ws/build/trajectory_predictor', 'catkin_cmake_args': None, 'catkin_skip_building_tests': False, 'cmake_args': None, 'cmake_clean_cache': False, 'cmake_clean_first': False, 'cmake_force_configure': False, 'cmake_target': None, 'cmake_target_skip_unavailable': False, 'install_base': '/home/duy/cocarry_ws/install/trajectory_predictor', 'merge_install': False, 'path': '/home/duy/cocarry_ws/src/trajectory_predictor', 'symlink_install': True, 'test_result_base': None}[0m
[0.424s] [34mcolcon.colcon_core.verb[0m [1;30mLevel 5[0m set package 'hc10dtp_moveit_config' build argument 'cmake_args' from command line to 'None'
[0.424s] [34mcolcon.colcon_core.verb[0m [1;30mLevel 5[0m set package 'hc10dtp_moveit_config' build argument 'cmake_target' from command line to 'None'
[0.424s] [34mcolcon.colcon_core.verb[0m [1;30mLevel 5[0m set package 'hc10dtp_moveit_config' build argument 'cmake_target_skip_unavailable' from command line to 'False'
[0.424s] [34mcolcon.colcon_core.verb[0m [1;30mLevel 5[0m set package 'hc10dtp_moveit_config' build argument 'cmake_clean_cache' from command line to 'False'
[0.424s] [34mcolcon.colcon_core.verb[0m [1;30mLevel 5[0m set package 'hc10dtp_moveit_config' build argument 'cmake_clean_first' from command line to 'False'
[0.424s] [34mcolcon.colcon_core.verb[0m [1;30mLevel 5[0m set package 'hc10dtp_moveit_config' build argument 'cmake_force_configure' from command line to 'False'
[0.424s] [34mcolcon.colcon_core.verb[0m [1;30mLevel 5[0m set package 'hc10dtp_moveit_config' build argument 'ament_cmake_args' from command line to 'None'
[0.424s] [34mcolcon.colcon_core.verb[0m [1;30mLevel 5[0m set package 'hc10dtp_moveit_config' build argument 'catkin_cmake_args' from command line to 'None'
[0.424s] [34mcolcon.colcon_core.verb[0m [1;30mLevel 5[0m set package 'hc10dtp_moveit_config' build argument 'catkin_skip_building_tests' from command line to 'False'
[0.424s] [34mcolcon.colcon_core.verb[0m [1;30mDEBUG[0m [32mBuilding package 'hc10dtp_moveit_config' with the following arguments: {'ament_cmake_args': None, 'build_base': '/home/duy/cocarry_ws/build/hc10dtp_moveit_config', 'catkin_cmake_args': None, 'catkin_skip_building_tests': False, 'cmake_args': None, 'cmake_clean_cache': False, 'cmake_clean_first': False, 'cmake_force_configure': False, 'cmake_target': None, 'cmake_target_skip_unavailable': False, 'install_base': '/home/duy/cocarry_ws/install/hc10dtp_moveit_config', 'merge_install': False, 'path': '/home/duy/cocarry_ws/src/hc10dtp_moveit_config', 'symlink_install': True, 'test_result_base': None}[0m
[0.424s] [34mcolcon.colcon_core.verb[0m [1;30mLevel 5[0m set package 'kinect2_calibration' build argument 'cmake_args' from command line to 'None'
[0.424s] [34mcolcon.colcon_core.verb[0m [1;30mLevel 5[0m set package 'kinect2_calibration' build argument 'cmake_target' from command line to 'None'
[0.424s] [34mcolcon.colcon_core.verb[0m [1;30mLevel 5[0m set package 'kinect2_calibration' build argument 'cmake_target_skip_unavailable' from command line to 'False'
[0.424s] [34mcolcon.colcon_core.verb[0m [1;30mLevel 5[0m set package 'kinect2_calibration' build argument 'cmake_clean_cache' from command line to 'False'
[0.424s] [34mcolcon.colcon_core.verb[0m [1;30mLevel 5[0m set package 'kinect2_calibration' build argument 'cmake_clean_first' from command line to 'False'
[0.424s] [34mcolcon.colcon_core.verb[0m [1;30mLevel 5[0m set package 'kinect2_calibration' build argument 'cmake_force_configure' from command line to 'False'
[0.424s] [34mcolcon.colcon_core.verb[0m [1;30mLevel 5[0m set package 'kinect2_calibration' build argument 'ament_cmake_args' from command line to 'None'
[0.424s] [34mcolcon.colcon_core.verb[0m [1;30mLevel 5[0m set package 'kinect2_calibration' build argument 'catkin_cmake_args' from command line to 'None'
[0.424s] [34mcolcon.colcon_core.verb[0m [1;30mLevel 5[0m set package 'kinect2_calibration' build argument 'catkin_skip_building_tests' from command line to 'False'
[0.424s] [34mcolcon.colcon_core.verb[0m [1;30mDEBUG[0m [32mBuilding package 'kinect2_calibration' with the following arguments: {'ament_cmake_args': None, 'build_base': '/home/duy/cocarry_ws/build/kinect2_calibration', 'catkin_cmake_args': None, 'catkin_skip_building_tests': False, 'cmake_args': None, 'cmake_clean_cache': False, 'cmake_clean_first': False, 'cmake_force_configure': False, 'cmake_target': None, 'cmake_target_skip_unavailable': False, 'install_base': '/home/duy/cocarry_ws/install/kinect2_calibration', 'merge_install': False, 'path': '/home/duy/cocarry_ws/src/kinect2_ros2/kinect2_calibration', 'symlink_install': True, 'test_result_base': None}[0m
[0.425s] [34mcolcon.colcon_core.verb[0m [1;30mLevel 5[0m set package 'trac_ik' build argument 'cmake_args' from command line to 'None'
[0.425s] [34mcolcon.colcon_core.verb[0m [1;30mLevel 5[0m set package 'trac_ik' build argument 'cmake_target' from command line to 'None'
[0.425s] [34mcolcon.colcon_core.verb[0m [1;30mLevel 5[0m set package 'trac_ik' build argument 'cmake_target_skip_unavailable' from command line to 'False'
[0.425s] [34mcolcon.colcon_core.verb[0m [1;30mLevel 5[0m set package 'trac_ik' build argument 'cmake_clean_cache' from command line to 'False'
[0.425s] [34mcolcon.colcon_core.verb[0m [1;30mLevel 5[0m set package 'trac_ik' build argument 'cmake_clean_first' from command line to 'False'
[0.425s] [34mcolcon.colcon_core.verb[0m [1;30mLevel 5[0m set package 'trac_ik' build argument 'cmake_force_configure' from command line to 'False'
[0.425s] [34mcolcon.colcon_core.verb[0m [1;30mLevel 5[0m set package 'trac_ik' build argument 'ament_cmake_args' from command line to 'None'
[0.425s] [34mcolcon.colcon_core.verb[0m [1;30mLevel 5[0m set package 'trac_ik' build argument 'catkin_cmake_args' from command line to 'None'
[0.425s] [34mcolcon.colcon_core.verb[0m [1;30mLevel 5[0m set package 'trac_ik' build argument 'catkin_skip_building_tests' from command line to 'False'
[0.425s] [34mcolcon.colcon_core.verb[0m [1;30mDEBUG[0m [32mBuilding package 'trac_ik' with the following arguments: {'ament_cmake_args': None, 'build_base': '/home/duy/cocarry_ws/build/trac_ik', 'catkin_cmake_args': None, 'catkin_skip_building_tests': False, 'cmake_args': None, 'cmake_clean_cache': False, 'cmake_clean_first': False, 'cmake_force_configure': False, 'cmake_target': None, 'cmake_target_skip_unavailable': False, 'install_base': '/home/duy/cocarry_ws/install/trac_ik', 'merge_install': False, 'path': '/home/duy/cocarry_ws/src/trac_ik/trac_ik', 'symlink_install': True, 'test_result_base': None}[0m
[0.425s] [34mcolcon.colcon_core.verb[0m [1;30mLevel 5[0m set package 'hc10dtp_bringup' build argument 'cmake_args' from command line to 'None'
[0.425s] [34mcolcon.colcon_core.verb[0m [1;30mLevel 5[0m set package 'hc10dtp_bringup' build argument 'cmake_target' from command line to 'None'
[0.425s] [34mcolcon.colcon_core.verb[0m [1;30mLevel 5[0m set package 'hc10dtp_bringup' build argument 'cmake_target_skip_unavailable' from command line to 'False'
[0.425s] [34mcolcon.colcon_core.verb[0m [1;30mLevel 5[0m set package 'hc10dtp_bringup' build argument 'cmake_clean_cache' from command line to 'False'
[0.425s] [34mcolcon.colcon_core.verb[0m [1;30mLevel 5[0m set package 'hc10dtp_bringup' build argument 'cmake_clean_first' from command line to 'False'
[0.425s] [34mcolcon.colcon_core.verb[0m [1;30mLevel 5[0m set package 'hc10dtp_bringup' build argument 'cmake_force_configure' from command line to 'False'
[0.425s] [34mcolcon.colcon_core.verb[0m [1;30mLevel 5[0m set package 'hc10dtp_bringup' build argument 'ament_cmake_args' from command line to 'None'
[0.425s] [34mcolcon.colcon_core.verb[0m [1;30mLevel 5[0m set package 'hc10dtp_bringup' build argument 'catkin_cmake_args' from command line to 'None'
[0.425s] [34mcolcon.colcon_core.verb[0m [1;30mLevel 5[0m set package 'hc10dtp_bringup' build argument 'catkin_skip_building_tests' from command line to 'False'
[0.425s] [34mcolcon.colcon_core.verb[0m [1;30mDEBUG[0m [32mBuilding package 'hc10dtp_bringup' with the following arguments: {'ament_cmake_args': None, 'build_base': '/home/duy/cocarry_ws/build/hc10dtp_bringup', 'catkin_cmake_args': None, 'catkin_skip_building_tests': False, 'cmake_args': None, 'cmake_clean_cache': False, 'cmake_clean_first': False, 'cmake_force_configure': False, 'cmake_target': None, 'cmake_target_skip_unavailable': False, 'install_base': '/home/duy/cocarry_ws/install/hc10dtp_bringup', 'merge_install': False, 'path': '/home/duy/cocarry_ws/src/hc10dtp_bringup', 'symlink_install': True, 'test_result_base': None}[0m
[0.425s] [34mcolcon.colcon_core.verb[0m [1;30mLevel 5[0m set package 'hc10dtp_simulation' build argument 'cmake_args' from command line to 'None'
[0.425s] [34mcolcon.colcon_core.verb[0m [1;30mLevel 5[0m set package 'hc10dtp_simulation' build argument 'cmake_target' from command line to 'None'
[0.425s] [34mcolcon.colcon_core.verb[0m [1;30mLevel 5[0m set package 'hc10dtp_simulation' build argument 'cmake_target_skip_unavailable' from command line to 'False'
[0.425s] [34mcolcon.colcon_core.verb[0m [1;30mLevel 5[0m set package 'hc10dtp_simulation' build argument 'cmake_clean_cache' from command line to 'False'
[0.425s] [34mcolcon.colcon_core.verb[0m [1;30mLevel 5[0m set package 'hc10dtp_simulation' build argument 'cmake_clean_first' from command line to 'False'
[0.425s] [34mcolcon.colcon_core.verb[0m [1;30mLevel 5[0m set package 'hc10dtp_simulation' build argument 'cmake_force_configure' from command line to 'False'
[0.425s] [34mcolcon.colcon_core.verb[0m [1;30mLevel 5[0m set package 'hc10dtp_simulation' build argument 'ament_cmake_args' from command line to 'None'
[0.425s] [34mcolcon.colcon_core.verb[0m [1;30mLevel 5[0m set package 'hc10dtp_simulation' build argument 'catkin_cmake_args' from command line to 'None'
[0.425s] [34mcolcon.colcon_core.verb[0m [1;30mLevel 5[0m set package 'hc10dtp_simulation' build argument 'catkin_skip_building_tests' from command line to 'False'
[0.425s] [34mcolcon.colcon_core.verb[0m [1;30mDEBUG[0m [32mBuilding package 'hc10dtp_simulation' with the following arguments: {'ament_cmake_args': None, 'build_base': '/home/duy/cocarry_ws/build/hc10dtp_simulation', 'catkin_cmake_args': None, 'catkin_skip_building_tests': False, 'cmake_args': None, 'cmake_clean_cache': False, 'cmake_clean_first': False, 'cmake_force_configure': False, 'cmake_target': None, 'cmake_target_skip_unavailable': False, 'install_base': '/home/duy/cocarry_ws/install/hc10dtp_simulation', 'merge_install': False, 'path': '/home/duy/cocarry_ws/src/hc10dtp_simulation', 'symlink_install': True, 'test_result_base': None}[0m
[0.426s] [34mcolcon.colcon_core.verb[0m [1;30mLevel 5[0m set package 'hrc_bringup' build argument 'cmake_args' from command line to 'None'
[0.426s] [34mcolcon.colcon_core.verb[0m [1;30mLevel 5[0m set package 'hrc_bringup' build argument 'cmake_target' from command line to 'None'
[0.426s] [34mcolcon.colcon_core.verb[0m [1;30mLevel 5[0m set package 'hrc_bringup' build argument 'cmake_target_skip_unavailable' from command line to 'False'
[0.426s] [34mcolcon.colcon_core.verb[0m [1;30mLevel 5[0m set package 'hrc_bringup' build argument 'cmake_clean_cache' from command line to 'False'
[0.426s] [34mcolcon.colcon_core.verb[0m [1;30mLevel 5[0m set package 'hrc_bringup' build argument 'cmake_clean_first' from command line to 'False'
[0.426s] [34mcolcon.colcon_core.verb[0m [1;30mLevel 5[0m set package 'hrc_bringup' build argument 'cmake_force_configure' from command line to 'False'
[0.426s] [34mcolcon.colcon_core.verb[0m [1;30mLevel 5[0m set package 'hrc_bringup' build argument 'ament_cmake_args' from command line to 'None'
[0.426s] [34mcolcon.colcon_core.verb[0m [1;30mLevel 5[0m set package 'hrc_bringup' build argument 'catkin_cmake_args' from command line to 'None'
[0.426s] [34mcolcon.colcon_core.verb[0m [1;30mLevel 5[0m set package 'hrc_bringup' build argument 'catkin_skip_building_tests' from command line to 'False'
[0.426s] [34mcolcon.colcon_core.verb[0m [1;30mDEBUG[0m [32mBuilding package 'hrc_bringup' with the following arguments: {'ament_cmake_args': None, 'build_base': '/home/duy/cocarry_ws/build/hrc_bringup', 'catkin_cmake_args': None, 'catkin_skip_building_tests': False, 'cmake_args': None, 'cmake_clean_cache': False, 'cmake_clean_first': False, 'cmake_force_configure': False, 'cmake_target': None, 'cmake_target_skip_unavailable': False, 'install_base': '/home/duy/cocarry_ws/install/hrc_bringup', 'merge_install': False, 'path': '/home/duy/cocarry_ws/src/hrc_bringup', 'symlink_install': True, 'test_result_base': None}[0m
[0.426s] [34mcolcon.colcon_core.executor[0m [1;30mINFO[0m Executing jobs using 'parallel' executor
[0.427s] [34mcolcon.colcon_parallel_executor.executor.parallel[0m [1;30mDEBUG[0m [32mrun_until_complete[0m
[0.427s] [34mcolcon.colcon_ros.task.catkin.build[0m [1;30mINFO[0m Building ROS package in '/home/duy/cocarry_ws/src/human_hand_msgs' with build type 'catkin'
[0.427s] [34mcolcon.colcon_cmake.task.cmake.build[0m [1;30mINFO[0m Building CMake package in '/home/duy/cocarry_ws/src/human_hand_msgs'
[0.430s] [34mcolcon.colcon_core.plugin_system[0m [1;30mINFO[0m Skipping extension 'colcon_core.shell.bat': Not used on non-Windows systems
[0.430s] [34mcolcon.colcon_core.shell[0m [1;30mINFO[0m Skip shell extension 'powershell' for command environment: Not usable outside of PowerShell
[0.430s] [34mcolcon.colcon_core.shell[0m [1;30mDEBUG[0m [32mSkip shell extension 'dsv' for command environment[0m
[0.433s] [34mcolcon.colcon_ros.task.ament_cmake.build[0m [1;30mINFO[0m Building ROS package in '/home/duy/cocarry_ws/src/motoman_ros2_support_packages/motoman_resources' with build type 'ament_cmake'
[0.433s] [34mcolcon.colcon_cmake.task.cmake.build[0m [1;30mINFO[0m Building CMake package in '/home/duy/cocarry_ws/src/motoman_ros2_support_packages/motoman_resources'
[0.433s] [34mcolcon.colcon_core.shell[0m [1;30mINFO[0m Skip shell extension 'powershell' for command environment: Not usable outside of PowerShell
[0.433s] [34mcolcon.colcon_core.shell[0m [1;30mDEBUG[0m [32mSkip shell extension 'dsv' for command environment[0m
[0.435s] [34mcolcon.colcon_ros.task.ament_cmake.build[0m [1;30mINFO[0m Building ROS package in '/home/duy/cocarry_ws/src/yaskawa-global/motoros2_interfaces' with build type 'ament_cmake'
[0.435s] [34mcolcon.colcon_cmake.task.cmake.build[0m [1;30mINFO[0m Building CMake package in '/home/duy/cocarry_ws/src/yaskawa-global/motoros2_interfaces'
[0.435s] [34mcolcon.colcon_core.shell[0m [1;30mINFO[0m Skip shell extension 'powershell' for command environment: Not usable outside of PowerShell
[0.435s] [34mcolcon.colcon_core.shell[0m [1;30mDEBUG[0m [32mSkip shell extension 'dsv' for command environment[0m
[0.437s] [34mcolcon.colcon_ros.task.ament_cmake.build[0m [1;30mINFO[0m Building ROS package in '/home/duy/cocarry_ws/src/kinect2_ros2/kinect2_registration' with build type 'ament_cmake'
[0.437s] [34mcolcon.colcon_cmake.task.cmake.build[0m [1;30mINFO[0m Building CMake package in '/home/duy/cocarry_ws/src/kinect2_ros2/kinect2_registration'
[0.438s] [34mcolcon.colcon_core.shell[0m [1;30mINFO[0m Skip shell extension 'powershell' for command environment: Not usable outside of PowerShell
[0.438s] [34mcolcon.colcon_core.shell[0m [1;30mDEBUG[0m [32mSkip shell extension 'dsv' for command environment[0m
[0.439s] [34mcolcon.colcon_ros.task.ament_cmake.build[0m [1;30mINFO[0m Building ROS package in '/home/duy/cocarry_ws/src/trac_ik/trac_ik_lib' with build type 'ament_cmake'
[0.440s] [34mcolcon.colcon_cmake.task.cmake.build[0m [1;30mINFO[0m Building CMake package in '/home/duy/cocarry_ws/src/trac_ik/trac_ik_lib'
[0.440s] [34mcolcon.colcon_core.shell[0m [1;30mINFO[0m Skip shell extension 'powershell' for command environment: Not usable outside of PowerShell
[0.440s] [34mcolcon.colcon_core.shell[0m [1;30mDEBUG[0m [32mSkip shell extension 'dsv' for command environment[0m
[0.442s] [34mcolcon.colcon_ros.task.ament_cmake.build[0m [1;30mINFO[0m Building ROS package in '/home/duy/cocarry_ws/src/ros-industrial/industrial_core_ros2_msgs_only/industrial_msgs' with build type 'ament_cmake'
[0.442s] [34mcolcon.colcon_cmake.task.cmake.build[0m [1;30mINFO[0m Building CMake package in '/home/duy/cocarry_ws/src/ros-industrial/industrial_core_ros2_msgs_only/industrial_msgs'
[0.442s] [34mcolcon.colcon_core.shell[0m [1;30mINFO[0m Skip shell extension 'powershell' for command environment: Not usable outside of PowerShell
[0.442s] [34mcolcon.colcon_core.shell[0m [1;30mDEBUG[0m [32mSkip shell extension 'dsv' for command environment[0m
[0.444s] [34mcolcon.colcon_cmake.task.cmake.build[0m [1;30mINFO[0m Building CMake package in '/home/duy/cocarry_ws/libfreenect2'
[0.444s] [34mcolcon.colcon_core.shell[0m [1;30mINFO[0m Skip shell extension 'powershell' for command environment: Not usable outside of PowerShell
[0.444s] [34mcolcon.colcon_core.shell[0m [1;30mDEBUG[0m [32mSkip shell extension 'dsv' for command environment[0m
[0.449s] [34mcolcon.colcon_core.event_handler.log_command[0m [1;30mDEBUG[0m [32mInvoking command in '/home/duy/cocarry_ws/build/human_hand_msgs': /usr/bin/cmake /home/duy/cocarry_ws/src/human_hand_msgs -DCATKIN_INSTALL_INTO_PREFIX_ROOT=0 -DCATKIN_SYMLINK_INSTALL=ON -DCMAKE_INSTALL_PREFIX=/home/duy/cocarry_ws/install/human_hand_msgs[0m
[0.450s] [34mcolcon.colcon_core.event_handler.log_command[0m [1;30mDEBUG[0m [32mInvoking command in '/home/duy/cocarry_ws/build/motoman_resources': CMAKE_PREFIX_PATH=/opt/ros/humble /usr/bin/cmake /home/duy/cocarry_ws/src/motoman_ros2_support_packages/motoman_resources -DAMENT_CMAKE_SYMLINK_INSTALL=1 -DCMAKE_INSTALL_PREFIX=/home/duy/cocarry_ws/install/motoman_resources[0m
[0.451s] [34mcolcon.colcon_core.event_handler.log_command[0m [1;30mDEBUG[0m [32mInvoking command in '/home/duy/cocarry_ws/build/motoros2_interfaces': CMAKE_PREFIX_PATH=/opt/ros/humble /usr/bin/cmake /home/duy/cocarry_ws/src/yaskawa-global/motoros2_interfaces -DAMENT_CMAKE_SYMLINK_INSTALL=1 -DCMAKE_INSTALL_PREFIX=/home/duy/cocarry_ws/install/motoros2_interfaces[0m
[0.453s] [34mcolcon.colcon_core.event_handler.log_command[0m [1;30mDEBUG[0m [32mInvoking command in '/home/duy/cocarry_ws/build/kinect2_registration': CMAKE_PREFIX_PATH=/opt/ros/humble /usr/bin/cmake /home/duy/cocarry_ws/src/kinect2_ros2/kinect2_registration -DAMENT_CMAKE_SYMLINK_INSTALL=1 -DCMAKE_INSTALL_PREFIX=/home/duy/cocarry_ws/install/kinect2_registration[0m
[0.455s] [34mcolcon.colcon_core.event_handler.log_command[0m [1;30mDEBUG[0m [32mInvoking command in '/home/duy/cocarry_ws/build/trac_ik_lib': CMAKE_PREFIX_PATH=/opt/ros/humble /usr/bin/cmake /home/duy/cocarry_ws/src/trac_ik/trac_ik_lib -DAMENT_CMAKE_SYMLINK_INSTALL=1 -DCMAKE_INSTALL_PREFIX=/home/duy/cocarry_ws/install/trac_ik_lib[0m
[0.458s] [34mcolcon.colcon_core.event_handler.log_command[0m [1;30mDEBUG[0m [32mInvoking command in '/home/duy/cocarry_ws/build/industrial_msgs': CMAKE_PREFIX_PATH=/opt/ros/humble /usr/bin/cmake /home/duy/cocarry_ws/src/ros-industrial/industrial_core_ros2_msgs_only/industrial_msgs -DAMENT_CMAKE_SYMLINK_INSTALL=1 -DCMAKE_INSTALL_PREFIX=/home/duy/cocarry_ws/install/industrial_msgs[0m
[0.466s] [34mcolcon.colcon_core.event_handler.log_command[0m [1;30mDEBUG[0m [32mInvoking command in '/home/duy/cocarry_ws/build/libfreenect2': /usr/bin/cmake --build /home/duy/cocarry_ws/build/libfreenect2 -- -j16 -l16[0m
[0.799s] [34mcolcon.colcon_core.event_handler.log_command[0m [1;30mDEBUG[0m [32mInvoked command in '/home/duy/cocarry_ws/build/motoman_resources' returned '0': CMAKE_PREFIX_PATH=/opt/ros/humble /usr/bin/cmake /home/duy/cocarry_ws/src/motoman_ros2_support_packages/motoman_resources -DAMENT_CMAKE_SYMLINK_INSTALL=1 -DCMAKE_INSTALL_PREFIX=/home/duy/cocarry_ws/install/motoman_resources[0m
[0.800s] [34mcolcon.colcon_core.event_handler.log_command[0m [1;30mDEBUG[0m [32mInvoking command in '/home/duy/cocarry_ws/build/motoman_resources': CMAKE_PREFIX_PATH=/opt/ros/humble /usr/bin/cmake --build /home/duy/cocarry_ws/build/motoman_resources -- -j16 -l16[0m
[0.850s] [34mcolcon.colcon_core.event_handler.log_command[0m [1;30mDEBUG[0m [32mInvoked command in '/home/duy/cocarry_ws/build/libfreenect2' returned '0': /usr/bin/cmake --build /home/duy/cocarry_ws/build/libfreenect2 -- -j16 -l16[0m
[0.862s] [34mcolcon.colcon_core.event_handler.log_command[0m [1;30mDEBUG[0m [32mInvoking command in '/home/duy/cocarry_ws/build/libfreenect2': /usr/bin/cmake --install /home/duy/cocarry_ws/build/libfreenect2[0m
[0.863s] [34mcolcon.colcon_core.event_handler.log_command[0m [1;30mDEBUG[0m [32mInvoked command in '/home/duy/cocarry_ws/build/motoman_resources' returned '0': CMAKE_PREFIX_PATH=/opt/ros/humble /usr/bin/cmake --build /home/duy/cocarry_ws/build/motoman_resources -- -j16 -l16[0m
[0.865s] [34mcolcon.colcon_core.event_handler.log_command[0m [1;30mDEBUG[0m [32mInvoking command in '/home/duy/cocarry_ws/build/motoman_resources': CMAKE_PREFIX_PATH=/opt/ros/humble /usr/bin/cmake --install /home/duy/cocarry_ws/build/motoman_resources[0m
[0.876s] [34mcolcon.colcon_core.environment[0m [1;30mLevel 1[0m create_environment_scripts_only(libfreenect2)
[0.877s] [34mcolcon.colcon_core.event_handler.log_command[0m [1;30mDEBUG[0m [32mInvoked command in '/home/duy/cocarry_ws/build/libfreenect2' returned '0': /usr/bin/cmake --install /home/duy/cocarry_ws/build/libfreenect2[0m
[0.881s] [34mcolcon.colcon_core.environment[0m [1;30mLevel 1[0m checking '/home/duy/cocarry_ws/install/libfreenect2' for CMake module files
[0.881s] [34mcolcon.colcon_core.environment[0m [1;30mLevel 1[0m checking '/home/duy/cocarry_ws/install/libfreenect2' for CMake config files
[0.882s] [34mcolcon.colcon_core.shell[0m [1;30mLevel 1[0m create_environment_hook('libfreenect2', 'cmake_prefix_path')
[0.882s] [34mcolcon.colcon_core.shell[0m [1;30mINFO[0m Creating environment hook '/home/duy/cocarry_ws/install/libfreenect2/share/libfreenect2/hook/cmake_prefix_path.ps1'
[0.882s] [34mcolcon.colcon_core.shell[0m [1;30mINFO[0m Creating environment descriptor '/home/duy/cocarry_ws/install/libfreenect2/share/libfreenect2/hook/cmake_prefix_path.dsv'
[0.883s] [34mcolcon.colcon_core.shell[0m [1;30mINFO[0m Creating environment hook '/home/duy/cocarry_ws/install/libfreenect2/share/libfreenect2/hook/cmake_prefix_path.sh'
[0.884s] [34mcolcon.colcon_core.environment[0m [1;30mLevel 1[0m checking '/home/duy/cocarry_ws/install/libfreenect2/lib'
[0.884s] [34mcolcon.colcon_core.shell[0m [1;30mLevel 1[0m create_environment_hook('libfreenect2', 'ld_library_path_lib')
[0.884s] [34mcolcon.colcon_core.shell[0m [1;30mINFO[0m Creating environment hook '/home/duy/cocarry_ws/install/libfreenect2/share/libfreenect2/hook/ld_library_path_lib.ps1'
[0.885s] [34mcolcon.colcon_core.shell[0m [1;30mINFO[0m Creating environment descriptor '/home/duy/cocarry_ws/install/libfreenect2/share/libfreenect2/hook/ld_library_path_lib.dsv'
[0.885s] [34mcolcon.colcon_core.shell[0m [1;30mINFO[0m Creating environment hook '/home/duy/cocarry_ws/install/libfreenect2/share/libfreenect2/hook/ld_library_path_lib.sh'
[0.887s] [34mcolcon.colcon_core.environment[0m [1;30mLevel 1[0m checking '/home/duy/cocarry_ws/install/libfreenect2/bin'
[0.887s] [34mcolcon.colcon_core.environment[0m [1;30mLevel 1[0m checking '/home/duy/cocarry_ws/install/libfreenect2/lib/pkgconfig/libfreenect2.pc'
[0.888s] [34mcolcon.colcon_core.environment[0m [1;30mLevel 1[0m checking '/home/duy/cocarry_ws/install/libfreenect2/lib/python3.10/site-packages'
[0.888s] [34mcolcon.colcon_core.environment[0m [1;30mLevel 1[0m checking '/home/duy/cocarry_ws/install/libfreenect2/bin'
[0.889s] [34mcolcon.colcon_core.shell[0m [1;30mINFO[0m Creating package script '/home/duy/cocarry_ws/install/libfreenect2/share/libfreenect2/package.ps1'
[0.891s] [34mcolcon.colcon_core.shell[0m [1;30mINFO[0m Creating package descriptor '/home/duy/cocarry_ws/install/libfreenect2/share/libfreenect2/package.dsv'
[0.892s] [34mcolcon.colcon_core.shell[0m [1;30mINFO[0m Creating package script '/home/duy/cocarry_ws/install/libfreenect2/share/libfreenect2/package.sh'
[0.893s] [34mcolcon.colcon_core.shell[0m [1;30mINFO[0m Creating package script '/home/duy/cocarry_ws/install/libfreenect2/share/libfreenect2/package.bash'
[0.893s] [34mcolcon.colcon_core.shell[0m [1;30mINFO[0m Creating package script '/home/duy/cocarry_ws/install/libfreenect2/share/libfreenect2/package.zsh'
[0.894s] [34mcolcon.colcon_core.environment[0m [1;30mLevel 1[0m create_file_with_runtime_dependencies(/home/duy/cocarry_ws/install/libfreenect2/share/colcon-core/packages/libfreenect2)
[0.896s] [34mcolcon.colcon_core.environment[0m [1;30mLevel 1[0m create_environment_scripts_only(motoman_resources)
[0.896s] [34mcolcon.colcon_core.environment[0m [1;30mLevel 1[0m checking '/home/duy/cocarry_ws/install/motoman_resources' for CMake module files
[0.898s] [34mcolcon.colcon_core.event_handler.log_command[0m [1;30mDEBUG[0m [32mInvoked command in '/home/duy/cocarry_ws/build/motoman_resources' returned '0': CMAKE_PREFIX_PATH=/opt/ros/humble /usr/bin/cmake --install /home/duy/cocarry_ws/build/motoman_resources[0m
[0.898s] [34mcolcon.colcon_core.environment[0m [1;30mLevel 1[0m checking '/home/duy/cocarry_ws/install/motoman_resources' for CMake config files
[0.899s] [34mcolcon.colcon_core.shell[0m [1;30mLevel 1[0m create_environment_hook('motoman_resources', 'cmake_prefix_path')
[0.899s] [34mcolcon.colcon_core.shell[0m [1;30mINFO[0m Creating environment hook '/home/duy/cocarry_ws/install/motoman_resources/share/motoman_resources/hook/cmake_prefix_path.ps1'
[0.900s] [34mcolcon.colcon_core.shell[0m [1;30mINFO[0m Creating environment descriptor '/home/duy/cocarry_ws/install/motoman_resources/share/motoman_resources/hook/cmake_prefix_path.dsv'
[0.901s] [34mcolcon.colcon_core.shell[0m [1;30mINFO[0m Creating environment hook '/home/duy/cocarry_ws/install/motoman_resources/share/motoman_resources/hook/cmake_prefix_path.sh'
[0.902s] [34mcolcon.colcon_core.environment[0m [1;30mLevel 1[0m checking '/home/duy/cocarry_ws/install/motoman_resources/bin'
[0.902s] [34mcolcon.colcon_core.environment[0m [1;30mLevel 1[0m checking '/home/duy/cocarry_ws/install/motoman_resources/lib/pkgconfig/motoman_resources.pc'
[0.902s] [34mcolcon.colcon_core.environment[0m [1;30mLevel 1[0m checking '/home/duy/cocarry_ws/install/motoman_resources/lib/python3.10/site-packages'
[0.903s] [34mcolcon.colcon_core.environment[0m [1;30mLevel 1[0m checking '/home/duy/cocarry_ws/install/motoman_resources/bin'
[0.904s] [34mcolcon.colcon_core.shell[0m [1;30mINFO[0m Creating package script '/home/duy/cocarry_ws/install/motoman_resources/share/motoman_resources/package.ps1'
[0.905s] [34mcolcon.colcon_core.shell[0m [1;30mINFO[0m Creating package descriptor '/home/duy/cocarry_ws/install/motoman_resources/share/motoman_resources/package.dsv'
[0.906s] [34mcolcon.colcon_core.shell[0m [1;30mINFO[0m Creating package script '/home/duy/cocarry_ws/install/motoman_resources/share/motoman_resources/package.sh'
[0.907s] [34mcolcon.colcon_core.shell[0m [1;30mINFO[0m Creating package script '/home/duy/cocarry_ws/install/motoman_resources/share/motoman_resources/package.bash'
[0.907s] [34mcolcon.colcon_core.shell[0m [1;30mINFO[0m Creating package script '/home/duy/cocarry_ws/install/motoman_resources/share/motoman_resources/package.zsh'
[0.908s] [34mcolcon.colcon_core.environment[0m [1;30mLevel 1[0m create_file_with_runtime_dependencies(/home/duy/cocarry_ws/install/motoman_resources/share/colcon-core/packages/motoman_resources)
[0.909s] [34mcolcon.colcon_core.environment[0m [1;30mLevel 1[0m create_environment_scripts_only(motoman_resources)
[0.909s] [34mcolcon.colcon_core.environment[0m [1;30mLevel 1[0m checking '/home/duy/cocarry_ws/install/motoman_resources' for CMake module files
[0.910s] [34mcolcon.colcon_core.environment[0m [1;30mLevel 1[0m checking '/home/duy/cocarry_ws/install/motoman_resources' for CMake config files
[0.910s] [34mcolcon.colcon_core.shell[0m [1;30mLevel 1[0m create_environment_hook('motoman_resources', 'cmake_prefix_path')
[0.911s] [34mcolcon.colcon_core.shell[0m [1;30mINFO[0m Creating environment hook '/home/duy/cocarry_ws/install/motoman_resources/share/motoman_resources/hook/cmake_prefix_path.ps1'
[0.911s] [34mcolcon.colcon_core.shell[0m [1;30mINFO[0m Creating environment descriptor '/home/duy/cocarry_ws/install/motoman_resources/share/motoman_resources/hook/cmake_prefix_path.dsv'
[0.912s] [34mcolcon.colcon_core.shell[0m [1;30mINFO[0m Creating environment hook '/home/duy/cocarry_ws/install/motoman_resources/share/motoman_resources/hook/cmake_prefix_path.sh'
[0.913s] [34mcolcon.colcon_core.environment[0m [1;30mLevel 1[0m checking '/home/duy/cocarry_ws/install/motoman_resources/bin'
[0.913s] [34mcolcon.colcon_core.environment[0m [1;30mLevel 1[0m checking '/home/duy/cocarry_ws/install/motoman_resources/lib/pkgconfig/motoman_resources.pc'
[0.914s] [34mcolcon.colcon_core.environment[0m [1;30mLevel 1[0m checking '/home/duy/cocarry_ws/install/motoman_resources/lib/python3.10/site-packages'
[0.914s] [34mcolcon.colcon_core.environment[0m [1;30mLevel 1[0m checking '/home/duy/cocarry_ws/install/motoman_resources/bin'
[0.915s] [34mcolcon.colcon_core.shell[0m [1;30mINFO[0m Creating package script '/home/duy/cocarry_ws/install/motoman_resources/share/motoman_resources/package.ps1'
[0.916s] [34mcolcon.colcon_core.shell[0m [1;30mINFO[0m Creating package descriptor '/home/duy/cocarry_ws/install/motoman_resources/share/motoman_resources/package.dsv'
[0.917s] [34mcolcon.colcon_core.shell[0m [1;30mINFO[0m Creating package script '/home/duy/cocarry_ws/install/motoman_resources/share/motoman_resources/package.sh'
[0.918s] [34mcolcon.colcon_core.shell[0m [1;30mINFO[0m Creating package script '/home/duy/cocarry_ws/install/motoman_resources/share/motoman_resources/package.bash'
[0.919s] [34mcolcon.colcon_core.shell[0m [1;30mINFO[0m Creating package script '/home/duy/cocarry_ws/install/motoman_resources/share/motoman_resources/package.zsh'
[0.920s] [34mcolcon.colcon_core.environment[0m [1;30mLevel 1[0m create_file_with_runtime_dependencies(/home/duy/cocarry_ws/install/motoman_resources/share/colcon-core/packages/motoman_resources)
[0.920s] [34mcolcon.colcon_ros.task.ament_cmake.build[0m [1;30mINFO[0m Building ROS package in '/home/duy/cocarry_ws/src/motoman_ros2_support_packages/motoman_hc10dtp_support' with build type 'ament_cmake'
[0.921s] [34mcolcon.colcon_cmake.task.cmake.build[0m [1;30mINFO[0m Building CMake package in '/home/duy/cocarry_ws/src/motoman_ros2_support_packages/motoman_hc10dtp_support'
[0.921s] [34mcolcon.colcon_core.shell[0m [1;30mINFO[0m Skip shell extension 'powershell' for command environment: Not usable outside of PowerShell
[0.922s] [34mcolcon.colcon_core.shell[0m [1;30mDEBUG[0m [32mSkip shell extension 'dsv' for command environment[0m
[0.927s] [34mcolcon.colcon_ros.task.ament_cmake.build[0m [1;30mINFO[0m Building ROS package in '/home/duy/cocarry_ws/src/motoman_ros2_support_packages/motoman_gp4_support' with build type 'ament_cmake'
[0.928s] [34mcolcon.colcon_cmake.task.cmake.build[0m [1;30mINFO[0m Building CMake package in '/home/duy/cocarry_ws/src/motoman_ros2_support_packages/motoman_gp4_support'
[0.928s] [34mcolcon.colcon_core.shell[0m [1;30mINFO[0m Skip shell extension 'powershell' for command environment: Not usable outside of PowerShell
[0.928s] [34mcolcon.colcon_core.shell[0m [1;30mDEBUG[0m [32mSkip shell extension 'dsv' for command environment[0m
[0.940s] [34mcolcon.colcon_core.event_handler.log_command[0m [1;30mDEBUG[0m [32mInvoking command in '/home/duy/cocarry_ws/build/motoman_hc10dtp_support': AMENT_PREFIX_PATH=/home/duy/cocarry_ws/install/motoman_resources:${AMENT_PREFIX_PATH} CMAKE_PREFIX_PATH=/home/duy/cocarry_ws/install/motoman_resources:/opt/ros/humble /usr/bin/cmake /home/duy/cocarry_ws/src/motoman_ros2_support_packages/motoman_hc10dtp_support -DAMENT_CMAKE_SYMLINK_INSTALL=1 -DCMAKE_INSTALL_PREFIX=/home/duy/cocarry_ws/install/motoman_hc10dtp_support[0m
[0.943s] [34mcolcon.colcon_core.event_handler.log_command[0m [1;30mDEBUG[0m [32mInvoking command in '/home/duy/cocarry_ws/build/motoman_gp4_support': AMENT_PREFIX_PATH=/home/duy/cocarry_ws/install/motoman_resources:${AMENT_PREFIX_PATH} CMAKE_PREFIX_PATH=/home/duy/cocarry_ws/install/motoman_resources:/opt/ros/humble /usr/bin/cmake /home/duy/cocarry_ws/src/motoman_ros2_support_packages/motoman_gp4_support -DAMENT_CMAKE_SYMLINK_INSTALL=1 -DCMAKE_INSTALL_PREFIX=/home/duy/cocarry_ws/install/motoman_gp4_support[0m
[1.218s] [34mcolcon.colcon_core.event_handler.log_command[0m [1;30mDEBUG[0m [32mInvoked command in '/home/duy/cocarry_ws/build/trac_ik_lib' returned '0': CMAKE_PREFIX_PATH=/opt/ros/humble /usr/bin/cmake /home/duy/cocarry_ws/src/trac_ik/trac_ik_lib -DAMENT_CMAKE_SYMLINK_INSTALL=1 -DCMAKE_INSTALL_PREFIX=/home/duy/cocarry_ws/install/trac_ik_lib[0m
[1.221s] [34mcolcon.colcon_core.event_handler.log_command[0m [1;30mDEBUG[0m [32mInvoking command in '/home/duy/cocarry_ws/build/trac_ik_lib': CMAKE_PREFIX_PATH=/opt/ros/humble /usr/bin/cmake --build /home/duy/cocarry_ws/build/trac_ik_lib -- -j16 -l16[0m
[1.251s] [34mcolcon.colcon_core.event_handler.log_command[0m [1;30mDEBUG[0m [32mInvoked command in '/home/duy/cocarry_ws/build/kinect2_registration' returned '0': CMAKE_PREFIX_PATH=/opt/ros/humble /usr/bin/cmake /home/duy/cocarry_ws/src/kinect2_ros2/kinect2_registration -DAMENT_CMAKE_SYMLINK_INSTALL=1 -DCMAKE_INSTALL_PREFIX=/home/duy/cocarry_ws/install/kinect2_registration[0m
[1.254s] [34mcolcon.colcon_core.event_handler.log_command[0m [1;30mDEBUG[0m [32mInvoking command in '/home/duy/cocarry_ws/build/kinect2_registration': CMAKE_PREFIX_PATH=/opt/ros/humble /usr/bin/cmake --build /home/duy/cocarry_ws/build/kinect2_registration -- -j16 -l16[0m
[1.306s] [34mcolcon.colcon_core.event_handler.log_command[0m [1;30mDEBUG[0m [32mInvoked command in '/home/duy/cocarry_ws/build/motoman_hc10dtp_support' returned '0': AMENT_PREFIX_PATH=/home/duy/cocarry_ws/install/motoman_resources:${AMENT_PREFIX_PATH} CMAKE_PREFIX_PATH=/home/duy/cocarry_ws/install/motoman_resources:/opt/ros/humble /usr/bin/cmake /home/duy/cocarry_ws/src/motoman_ros2_support_packages/motoman_hc10dtp_support -DAMENT_CMAKE_SYMLINK_INSTALL=1 -DCMAKE_INSTALL_PREFIX=/home/duy/cocarry_ws/install/motoman_hc10dtp_support[0m
[1.307s] [34mcolcon.colcon_core.event_handler.log_command[0m [1;30mDEBUG[0m [32mInvoking command in '/home/duy/cocarry_ws/build/motoman_hc10dtp_support': AMENT_PREFIX_PATH=/home/duy/cocarry_ws/install/motoman_resources:${AMENT_PREFIX_PATH} CMAKE_PREFIX_PATH=/home/duy/cocarry_ws/install/motoman_resources:/opt/ros/humble /usr/bin/cmake --build /home/duy/cocarry_ws/build/motoman_hc10dtp_support -- -j16 -l16[0m
[1.339s] [34mcolcon.colcon_core.event_handler.log_command[0m [1;30mDEBUG[0m [32mInvoked command in '/home/duy/cocarry_ws/build/motoman_gp4_support' returned '0': AMENT_PREFIX_PATH=/home/duy/cocarry_ws/install/motoman_resources:${AMENT_PREFIX_PATH} CMAKE_PREFIX_PATH=/home/duy/cocarry_ws/install/motoman_resources:/opt/ros/humble /usr/bin/cmake /home/duy/cocarry_ws/src/motoman_ros2_support_packages/motoman_gp4_support -DAMENT_CMAKE_SYMLINK_INSTALL=1 -DCMAKE_INSTALL_PREFIX=/home/duy/cocarry_ws/install/motoman_gp4_support[0m
[1.341s] [34mcolcon.colcon_core.event_handler.log_command[0m [1;30mDEBUG[0m [32mInvoking command in '/home/duy/cocarry_ws/build/motoman_gp4_support': AMENT_PREFIX_PATH=/home/duy/cocarry_ws/install/motoman_resources:${AMENT_PREFIX_PATH} CMAKE_PREFIX_PATH=/home/duy/cocarry_ws/install/motoman_resources:/opt/ros/humble /usr/bin/cmake --build /home/duy/cocarry_ws/build/motoman_gp4_support -- -j16 -l16[0m
[1.357s] [34mcolcon.colcon_core.event_handler.log_command[0m [1;30mDEBUG[0m [32mInvoked command in '/home/duy/cocarry_ws/build/trac_ik_lib' returned '0': CMAKE_PREFIX_PATH=/opt/ros/humble /usr/bin/cmake --build /home/duy/cocarry_ws/build/trac_ik_lib -- -j16 -l16[0m
[1.358s] [34mcolcon.colcon_core.event_handler.log_command[0m [1;30mDEBUG[0m [32mInvoking command in '/home/duy/cocarry_ws/build/trac_ik_lib': CMAKE_PREFIX_PATH=/opt/ros/humble /usr/bin/cmake --install /home/duy/cocarry_ws/build/trac_ik_lib[0m
[1.360s] [34mcolcon.colcon_core.event_handler.log_command[0m [1;30mDEBUG[0m [32mInvoked command in '/home/duy/cocarry_ws/build/motoman_hc10dtp_support' returned '0': AMENT_PREFIX_PATH=/home/duy/cocarry_ws/install/motoman_resources:${AMENT_PREFIX_PATH} CMAKE_PREFIX_PATH=/home/duy/cocarry_ws/install/motoman_resources:/opt/ros/humble /usr/bin/cmake --build /home/duy/cocarry_ws/build/motoman_hc10dtp_support -- -j16 -l16[0m
[1.363s] [34mcolcon.colcon_core.event_handler.log_command[0m [1;30mDEBUG[0m [32mInvoking command in '/home/duy/cocarry_ws/build/motoman_hc10dtp_support': AMENT_PREFIX_PATH=/home/duy/cocarry_ws/install/motoman_resources:${AMENT_PREFIX_PATH} CMAKE_PREFIX_PATH=/home/duy/cocarry_ws/install/motoman_resources:/opt/ros/humble /usr/bin/cmake --install /home/duy/cocarry_ws/build/motoman_hc10dtp_support[0m
[1.379s] [34mcolcon.colcon_core.event_handler.log_command[0m [1;30mDEBUG[0m [32mInvoked command in '/home/duy/cocarry_ws/build/motoman_gp4_support' returned '0': AMENT_PREFIX_PATH=/home/duy/cocarry_ws/install/motoman_resources:${AMENT_PREFIX_PATH} CMAKE_PREFIX_PATH=/home/duy/cocarry_ws/install/motoman_resources:/opt/ros/humble /usr/bin/cmake --build /home/duy/cocarry_ws/build/motoman_gp4_support -- -j16 -l16[0m
[1.383s] [34mcolcon.colcon_core.event_handler.log_command[0m [1;30mDEBUG[0m [32mInvoking command in '/home/duy/cocarry_ws/build/motoman_gp4_support': AMENT_PREFIX_PATH=/home/duy/cocarry_ws/install/motoman_resources:${AMENT_PREFIX_PATH} CMAKE_PREFIX_PATH=/home/duy/cocarry_ws/install/motoman_resources:/opt/ros/humble /usr/bin/cmake --install /home/duy/cocarry_ws/build/motoman_gp4_support[0m
[1.387s] [34mcolcon.colcon_core.event_handler.log_command[0m [1;30mDEBUG[0m [32mInvoked command in '/home/duy/cocarry_ws/build/kinect2_registration' returned '0': CMAKE_PREFIX_PATH=/opt/ros/humble /usr/bin/cmake --build /home/duy/cocarry_ws/build/kinect2_registration -- -j16 -l16[0m
[1.389s] [34mcolcon.colcon_core.event_handler.log_command[0m [1;30mDEBUG[0m [32mInvoking command in '/home/duy/cocarry_ws/build/kinect2_registration': CMAKE_PREFIX_PATH=/opt/ros/humble /usr/bin/cmake --install /home/duy/cocarry_ws/build/kinect2_registration[0m
[1.391s] [34mcolcon.colcon_core.environment[0m [1;30mLevel 1[0m create_environment_scripts_only(trac_ik_lib)
[1.392s] [34mcolcon.colcon_core.environment[0m [1;30mLevel 1[0m checking '/home/duy/cocarry_ws/install/trac_ik_lib' for CMake module files
[1.392s] [34mcolcon.colcon_core.event_handler.log_command[0m [1;30mDEBUG[0m [32mInvoked command in '/home/duy/cocarry_ws/build/trac_ik_lib' returned '0': CMAKE_PREFIX_PATH=/opt/ros/humble /usr/bin/cmake --install /home/duy/cocarry_ws/build/trac_ik_lib[0m
[1.393s] [34mcolcon.colcon_core.environment[0m [1;30mLevel 1[0m checking '/home/duy/cocarry_ws/install/trac_ik_lib' for CMake config files
[1.394s] [34mcolcon.colcon_core.shell[0m [1;30mLevel 1[0m create_environment_hook('trac_ik_lib', 'cmake_prefix_path')
[1.394s] [34mcolcon.colcon_core.shell[0m [1;30mINFO[0m Creating environment hook '/home/duy/cocarry_ws/install/trac_ik_lib/share/trac_ik_lib/hook/cmake_prefix_path.ps1'
[1.395s] [34mcolcon.colcon_core.shell[0m [1;30mINFO[0m Creating environment descriptor '/home/duy/cocarry_ws/install/trac_ik_lib/share/trac_ik_lib/hook/cmake_prefix_path.dsv'
[1.396s] [34mcolcon.colcon_core.shell[0m [1;30mINFO[0m Creating environment hook '/home/duy/cocarry_ws/install/trac_ik_lib/share/trac_ik_lib/hook/cmake_prefix_path.sh'
[1.397s] [34mcolcon.colcon_core.environment[0m [1;30mLevel 1[0m checking '/home/duy/cocarry_ws/install/trac_ik_lib/lib'
[1.397s] [34mcolcon.colcon_core.shell[0m [1;30mLevel 1[0m create_environment_hook('trac_ik_lib', 'ld_library_path_lib')
[1.398s] [34mcolcon.colcon_core.shell[0m [1;30mINFO[0m Creating environment hook '/home/duy/cocarry_ws/install/trac_ik_lib/share/trac_ik_lib/hook/ld_library_path_lib.ps1'
[1.400s] [34mcolcon.colcon_core.shell[0m [1;30mINFO[0m Creating environment descriptor '/home/duy/cocarry_ws/install/trac_ik_lib/share/trac_ik_lib/hook/ld_library_path_lib.dsv'
[1.401s] [34mcolcon.colcon_core.shell[0m [1;30mINFO[0m Creating environment hook '/home/duy/cocarry_ws/install/trac_ik_lib/share/trac_ik_lib/hook/ld_library_path_lib.sh'
[1.402s] [34mcolcon.colcon_core.environment[0m [1;30mLevel 1[0m checking '/home/duy/cocarry_ws/install/trac_ik_lib/bin'
[1.402s] [34mcolcon.colcon_core.environment[0m [1;30mLevel 1[0m checking '/home/duy/cocarry_ws/install/trac_ik_lib/lib/pkgconfig/trac_ik_lib.pc'
[1.402s] [34mcolcon.colcon_core.environment[0m [1;30mLevel 1[0m checking '/home/duy/cocarry_ws/install/trac_ik_lib/lib/python3.10/site-packages'
[1.403s] [34mcolcon.colcon_core.environment[0m [1;30mLevel 1[0m checking '/home/duy/cocarry_ws/install/trac_ik_lib/bin'
[1.404s] [34mcolcon.colcon_core.shell[0m [1;30mINFO[0m Creating package script '/home/duy/cocarry_ws/install/trac_ik_lib/share/trac_ik_lib/package.ps1'
[1.405s] [34mcolcon.colcon_core.shell[0m [1;30mINFO[0m Creating package descriptor '/home/duy/cocarry_ws/install/trac_ik_lib/share/trac_ik_lib/package.dsv'
[1.406s] [34mcolcon.colcon_core.shell[0m [1;30mINFO[0m Creating package script '/home/duy/cocarry_ws/install/trac_ik_lib/share/trac_ik_lib/package.sh'
[1.407s] [34mcolcon.colcon_core.shell[0m [1;30mINFO[0m Creating package script '/home/duy/cocarry_ws/install/trac_ik_lib/share/trac_ik_lib/package.bash'
[1.407s] [34mcolcon.colcon_core.shell[0m [1;30mINFO[0m Creating package script '/home/duy/cocarry_ws/install/trac_ik_lib/share/trac_ik_lib/package.zsh'
[1.408s] [34mcolcon.colcon_core.environment[0m [1;30mLevel 1[0m create_file_with_runtime_dependencies(/home/duy/cocarry_ws/install/trac_ik_lib/share/colcon-core/packages/trac_ik_lib)
[1.409s] [34mcolcon.colcon_core.environment[0m [1;30mLevel 1[0m create_environment_scripts_only(trac_ik_lib)
[1.409s] [34mcolcon.colcon_core.environment[0m [1;30mLevel 1[0m checking '/home/duy/cocarry_ws/install/trac_ik_lib' for CMake module files
[1.412s] [34mcolcon.colcon_core.environment[0m [1;30mLevel 1[0m checking '/home/duy/cocarry_ws/install/trac_ik_lib' for CMake config files
[1.413s] [34mcolcon.colcon_core.shell[0m [1;30mLevel 1[0m create_environment_hook('trac_ik_lib', 'cmake_prefix_path')
[1.414s] [34mcolcon.colcon_core.shell[0m [1;30mINFO[0m Creating environment hook '/home/duy/cocarry_ws/install/trac_ik_lib/share/trac_ik_lib/hook/cmake_prefix_path.ps1'
[1.415s] [34mcolcon.colcon_core.shell[0m [1;30mINFO[0m Creating environment descriptor '/home/duy/cocarry_ws/install/trac_ik_lib/share/trac_ik_lib/hook/cmake_prefix_path.dsv'
[1.416s] [34mcolcon.colcon_core.shell[0m [1;30mINFO[0m Creating environment hook '/home/duy/cocarry_ws/install/trac_ik_lib/share/trac_ik_lib/hook/cmake_prefix_path.sh'
[1.417s] [34mcolcon.colcon_core.environment[0m [1;30mLevel 1[0m checking '/home/duy/cocarry_ws/install/trac_ik_lib/lib'
[1.417s] [34mcolcon.colcon_core.shell[0m [1;30mLevel 1[0m create_environment_hook('trac_ik_lib', 'ld_library_path_lib')
[1.418s] [34mcolcon.colcon_core.shell[0m [1;30mINFO[0m Creating environment hook '/home/duy/cocarry_ws/install/trac_ik_lib/share/trac_ik_lib/hook/ld_library_path_lib.ps1'
[1.419s] [34mcolcon.colcon_core.shell[0m [1;30mINFO[0m Creating environment descriptor '/home/duy/cocarry_ws/install/trac_ik_lib/share/trac_ik_lib/hook/ld_library_path_lib.dsv'
[1.419s] [34mcolcon.colcon_core.shell[0m [1;30mINFO[0m Creating environment hook '/home/duy/cocarry_ws/install/trac_ik_lib/share/trac_ik_lib/hook/ld_library_path_lib.sh'
[1.420s] [34mcolcon.colcon_core.environment[0m [1;30mLevel 1[0m checking '/home/duy/cocarry_ws/install/trac_ik_lib/bin'
[1.420s] [34mcolcon.colcon_core.environment[0m [1;30mLevel 1[0m checking '/home/duy/cocarry_ws/install/trac_ik_lib/lib/pkgconfig/trac_ik_lib.pc'
[1.420s] [34mcolcon.colcon_core.environment[0m [1;30mLevel 1[0m checking '/home/duy/cocarry_ws/install/trac_ik_lib/lib/python3.10/site-packages'
[1.421s] [34mcolcon.colcon_core.environment[0m [1;30mLevel 1[0m checking '/home/duy/cocarry_ws/install/trac_ik_lib/bin'
[1.422s] [34mcolcon.colcon_core.shell[0m [1;30mINFO[0m Creating package script '/home/duy/cocarry_ws/install/trac_ik_lib/share/trac_ik_lib/package.ps1'
[1.423s] [34mcolcon.colcon_core.shell[0m [1;30mINFO[0m Creating package descriptor '/home/duy/cocarry_ws/install/trac_ik_lib/share/trac_ik_lib/package.dsv'
[1.423s] [34mcolcon.colcon_core.shell[0m [1;30mINFO[0m Creating package script '/home/duy/cocarry_ws/install/trac_ik_lib/share/trac_ik_lib/package.sh'
[1.424s] [34mcolcon.colcon_core.shell[0m [1;30mINFO[0m Creating package script '/home/duy/cocarry_ws/install/trac_ik_lib/share/trac_ik_lib/package.bash'
[1.424s] [34mcolcon.colcon_core.shell[0m [1;30mINFO[0m Creating package script '/home/duy/cocarry_ws/install/trac_ik_lib/share/trac_ik_lib/package.zsh'
[1.424s] [34mcolcon.colcon_core.environment[0m [1;30mLevel 1[0m create_file_with_runtime_dependencies(/home/duy/cocarry_ws/install/trac_ik_lib/share/colcon-core/packages/trac_ik_lib)
[1.425s] [34mcolcon.colcon_ros.task.ament_cmake.build[0m [1;30mINFO[0m Building ROS package in '/home/duy/cocarry_ws/src/trac_ik/trac_ik_kinematics' with build type 'ament_cmake'
[1.425s] [34mcolcon.colcon_cmake.task.cmake.build[0m [1;30mINFO[0m Building CMake package in '/home/duy/cocarry_ws/src/trac_ik/trac_ik_kinematics'
[1.425s] [34mcolcon.colcon_core.shell[0m [1;30mINFO[0m Skip shell extension 'powershell' for command environment: Not usable outside of PowerShell
[1.425s] [34mcolcon.colcon_core.shell[0m [1;30mDEBUG[0m [32mSkip shell extension 'dsv' for command environment[0m
[1.428s] [34mcolcon.colcon_core.environment[0m [1;30mLevel 1[0m create_environment_scripts_only(motoman_hc10dtp_support)
[1.429s] [34mcolcon.colcon_core.environment[0m [1;30mLevel 1[0m checking '/home/duy/cocarry_ws/install/motoman_hc10dtp_support' for CMake module files
[1.429s] [34mcolcon.colcon_core.event_handler.log_command[0m [1;30mDEBUG[0m [32mInvoked command in '/home/duy/cocarry_ws/build/motoman_hc10dtp_support' returned '0': AMENT_PREFIX_PATH=/home/duy/cocarry_ws/install/motoman_resources:${AMENT_PREFIX_PATH} CMAKE_PREFIX_PATH=/home/duy/cocarry_ws/install/motoman_resources:/opt/ros/humble /usr/bin/cmake --install /home/duy/cocarry_ws/build/motoman_hc10dtp_support[0m
[1.430s] [34mcolcon.colcon_core.environment[0m [1;30mLevel 1[0m checking '/home/duy/cocarry_ws/install/motoman_hc10dtp_support' for CMake config files
[1.430s] [34mcolcon.colcon_core.shell[0m [1;30mLevel 1[0m create_environment_hook('motoman_hc10dtp_support', 'cmake_prefix_path')
[1.430s] [34mcolcon.colcon_core.shell[0m [1;30mINFO[0m Creating environment hook '/home/duy/cocarry_ws/install/motoman_hc10dtp_support/share/motoman_hc10dtp_support/hook/cmake_prefix_path.ps1'
[1.431s] [34mcolcon.colcon_core.shell[0m [1;30mINFO[0m Creating environment descriptor '/home/duy/cocarry_ws/install/motoman_hc10dtp_support/share/motoman_hc10dtp_support/hook/cmake_prefix_path.dsv'
[1.431s] [34mcolcon.colcon_core.shell[0m [1;30mINFO[0m Creating environment hook '/home/duy/cocarry_ws/install/motoman_hc10dtp_support/share/motoman_hc10dtp_support/hook/cmake_prefix_path.sh'
[1.432s] [34mcolcon.colcon_core.environment[0m [1;30mLevel 1[0m checking '/home/duy/cocarry_ws/install/motoman_hc10dtp_support/bin'
[1.432s] [34mcolcon.colcon_core.environment[0m [1;30mLevel 1[0m checking '/home/duy/cocarry_ws/install/motoman_hc10dtp_support/lib/pkgconfig/motoman_hc10dtp_support.pc'
[1.432s] [34mcolcon.colcon_core.environment[0m [1;30mLevel 1[0m checking '/home/duy/cocarry_ws/install/motoman_hc10dtp_support/lib/python3.10/site-packages'
[1.432s] [34mcolcon.colcon_core.environment[0m [1;30mLevel 1[0m checking '/home/duy/cocarry_ws/install/motoman_hc10dtp_support/bin'
[1.433s] [34mcolcon.colcon_core.shell[0m [1;30mINFO[0m Creating package script '/home/duy/cocarry_ws/install/motoman_hc10dtp_support/share/motoman_hc10dtp_support/package.ps1'
[1.433s] [34mcolcon.colcon_core.shell[0m [1;30mINFO[0m Creating package descriptor '/home/duy/cocarry_ws/install/motoman_hc10dtp_support/share/motoman_hc10dtp_support/package.dsv'
[1.434s] [34mcolcon.colcon_core.shell[0m [1;30mINFO[0m Creating package script '/home/duy/cocarry_ws/install/motoman_hc10dtp_support/share/motoman_hc10dtp_support/package.sh'
[1.434s] [34mcolcon.colcon_core.shell[0m [1;30mINFO[0m Creating package script '/home/duy/cocarry_ws/install/motoman_hc10dtp_support/share/motoman_hc10dtp_support/package.bash'
[1.434s] [34mcolcon.colcon_core.shell[0m [1;30mINFO[0m Creating package script '/home/duy/cocarry_ws/install/motoman_hc10dtp_support/share/motoman_hc10dtp_support/package.zsh'
[1.435s] [34mcolcon.colcon_core.environment[0m [1;30mLevel 1[0m create_file_with_runtime_dependencies(/home/duy/cocarry_ws/install/motoman_hc10dtp_support/share/colcon-core/packages/motoman_hc10dtp_support)
[1.435s] [34mcolcon.colcon_core.environment[0m [1;30mLevel 1[0m create_environment_scripts_only(motoman_hc10dtp_support)
[1.435s] [34mcolcon.colcon_core.environment[0m [1;30mLevel 1[0m checking '/home/duy/cocarry_ws/install/motoman_hc10dtp_support' for CMake module files
[1.436s] [34mcolcon.colcon_core.environment[0m [1;30mLevel 1[0m checking '/home/duy/cocarry_ws/install/motoman_hc10dtp_support' for CMake config files
[1.436s] [34mcolcon.colcon_core.shell[0m [1;30mLevel 1[0m create_environment_hook('motoman_hc10dtp_support', 'cmake_prefix_path')
[1.436s] [34mcolcon.colcon_core.shell[0m [1;30mINFO[0m Creating environment hook '/home/duy/cocarry_ws/install/motoman_hc10dtp_support/share/motoman_hc10dtp_support/hook/cmake_prefix_path.ps1'
[1.437s] [34mcolcon.colcon_core.shell[0m [1;30mINFO[0m Creating environment descriptor '/home/duy/cocarry_ws/install/motoman_hc10dtp_support/share/motoman_hc10dtp_support/hook/cmake_prefix_path.dsv'
[1.437s] [34mcolcon.colcon_core.shell[0m [1;30mINFO[0m Creating environment hook '/home/duy/cocarry_ws/install/motoman_hc10dtp_support/share/motoman_hc10dtp_support/hook/cmake_prefix_path.sh'
[1.437s] [34mcolcon.colcon_core.environment[0m [1;30mLevel 1[0m checking '/home/duy/cocarry_ws/install/motoman_hc10dtp_support/bin'
[1.437s] [34mcolcon.colcon_core.environment[0m [1;30mLevel 1[0m checking '/home/duy/cocarry_ws/install/motoman_hc10dtp_support/lib/pkgconfig/motoman_hc10dtp_support.pc'
[1.438s] [34mcolcon.colcon_core.environment[0m [1;30mLevel 1[0m checking '/home/duy/cocarry_ws/install/motoman_hc10dtp_support/lib/python3.10/site-packages'
[1.438s] [34mcolcon.colcon_core.environment[0m [1;30mLevel 1[0m checking '/home/duy/cocarry_ws/install/motoman_hc10dtp_support/bin'
[1.438s] [34mcolcon.colcon_core.shell[0m [1;30mINFO[0m Creating package script '/home/duy/cocarry_ws/install/motoman_hc10dtp_support/share/motoman_hc10dtp_support/package.ps1'
[1.439s] [34mcolcon.colcon_core.shell[0m [1;30mINFO[0m Creating package descriptor '/home/duy/cocarry_ws/install/motoman_hc10dtp_support/share/motoman_hc10dtp_support/package.dsv'
[1.439s] [34mcolcon.colcon_core.shell[0m [1;30mINFO[0m Creating package script '/home/duy/cocarry_ws/install/motoman_hc10dtp_support/share/motoman_hc10dtp_support/package.sh'
[1.440s] [34mcolcon.colcon_core.shell[0m [1;30mINFO[0m Creating package script '/home/duy/cocarry_ws/install/motoman_hc10dtp_support/share/motoman_hc10dtp_support/package.bash'
[1.440s] [34mcolcon.colcon_core.shell[0m [1;30mINFO[0m Creating package script '/home/duy/cocarry_ws/install/motoman_hc10dtp_support/share/motoman_hc10dtp_support/package.zsh'
[1.440s] [34mcolcon.colcon_core.environment[0m [1;30mLevel 1[0m create_file_with_runtime_dependencies(/home/duy/cocarry_ws/install/motoman_hc10dtp_support/share/colcon-core/packages/motoman_hc10dtp_support)
[1.442s] [34mcolcon.colcon_ros.task.ament_cmake.build[0m [1;30mINFO[0m Building ROS package in '/home/duy/cocarry_ws/src/hc10dtp_moveit_config' with build type 'ament_cmake'
[1.442s] [34mcolcon.colcon_cmake.task.cmake.build[0m [1;30mINFO[0m Building CMake package in '/home/duy/cocarry_ws/src/hc10dtp_moveit_config'
[1.442s] [34mcolcon.colcon_core.shell[0m [1;30mINFO[0m Skip shell extension 'powershell' for command environment: Not usable outside of PowerShell
[1.442s] [34mcolcon.colcon_core.shell[0m [1;30mDEBUG[0m [32mSkip shell extension 'dsv' for command environment[0m
[1.445s] [34mcolcon.colcon_core.environment[0m [1;30mLevel 1[0m create_environment_scripts_only(kinect2_registration)
[1.446s] [34mcolcon.colcon_core.environment[0m [1;30mLevel 1[0m checking '/home/duy/cocarry_ws/install/kinect2_registration' for CMake module files
[1.446s] [34mcolcon.colcon_core.event_handler.log_command[0m [1;30mDEBUG[0m [32mInvoked command in '/home/duy/cocarry_ws/build/kinect2_registration' returned '0': CMAKE_PREFIX_PATH=/opt/ros/humble /usr/bin/cmake --install /home/duy/cocarry_ws/build/kinect2_registration[0m
[1.447s] [34mcolcon.colcon_core.environment[0m [1;30mLevel 1[0m checking '/home/duy/cocarry_ws/install/kinect2_registration' for CMake config files
[1.447s] [34mcolcon.colcon_core.shell[0m [1;30mLevel 1[0m create_environment_hook('kinect2_registration', 'cmake_prefix_path')
[1.447s] [34mcolcon.colcon_core.shell[0m [1;30mINFO[0m Creating environment hook '/home/duy/cocarry_ws/install/kinect2_registration/share/kinect2_registration/hook/cmake_prefix_path.ps1'
[1.447s] [34mcolcon.colcon_core.shell[0m [1;30mINFO[0m Creating environment descriptor '/home/duy/cocarry_ws/install/kinect2_registration/share/kinect2_registration/hook/cmake_prefix_path.dsv'
[1.448s] [34mcolcon.colcon_core.shell[0m [1;30mINFO[0m Creating environment hook '/home/duy/cocarry_ws/install/kinect2_registration/share/kinect2_registration/hook/cmake_prefix_path.sh'
[1.448s] [34mcolcon.colcon_core.environment[0m [1;30mLevel 1[0m checking '/home/duy/cocarry_ws/install/kinect2_registration/lib'
[1.448s] [34mcolcon.colcon_core.environment[0m [1;30mLevel 1[0m checking '/home/duy/cocarry_ws/install/kinect2_registration/bin'
[1.448s] [34mcolcon.colcon_core.environment[0m [1;30mLevel 1[0m checking '/home/duy/cocarry_ws/install/kinect2_registration/lib/pkgconfig/kinect2_registration.pc'
[1.449s] [34mcolcon.colcon_core.environment[0m [1;30mLevel 1[0m checking '/home/duy/cocarry_ws/install/kinect2_registration/lib/python3.10/site-packages'
[1.449s] [34mcolcon.colcon_core.environment[0m [1;30mLevel 1[0m checking '/home/duy/cocarry_ws/install/kinect2_registration/bin'
[1.449s] [34mcolcon.colcon_core.shell[0m [1;30mINFO[0m Creating package script '/home/duy/cocarry_ws/install/kinect2_registration/share/kinect2_registration/package.ps1'
[1.450s] [34mcolcon.colcon_core.shell[0m [1;30mINFO[0m Creating package descriptor '/home/duy/cocarry_ws/install/kinect2_registration/share/kinect2_registration/package.dsv'
[1.450s] [34mcolcon.colcon_core.shell[0m [1;30mINFO[0m Creating package script '/home/duy/cocarry_ws/install/kinect2_registration/share/kinect2_registration/package.sh'
[1.451s] [34mcolcon.colcon_core.shell[0m [1;30mINFO[0m Creating package script '/home/duy/cocarry_ws/install/kinect2_registration/share/kinect2_registration/package.bash'
[1.451s] [34mcolcon.colcon_core.shell[0m [1;30mINFO[0m Creating package script '/home/duy/cocarry_ws/install/kinect2_registration/share/kinect2_registration/package.zsh'
[1.451s] [34mcolcon.colcon_core.environment[0m [1;30mLevel 1[0m create_file_with_runtime_dependencies(/home/duy/cocarry_ws/install/kinect2_registration/share/colcon-core/packages/kinect2_registration)
[1.452s] [34mcolcon.colcon_core.environment[0m [1;30mLevel 1[0m create_environment_scripts_only(kinect2_registration)
[1.452s] [34mcolcon.colcon_core.environment[0m [1;30mLevel 1[0m checking '/home/duy/cocarry_ws/install/kinect2_registration' for CMake module files
[1.452s] [34mcolcon.colcon_core.environment[0m [1;30mLevel 1[0m checking '/home/duy/cocarry_ws/install/kinect2_registration' for CMake config files
[1.453s] [34mcolcon.colcon_core.shell[0m [1;30mLevel 1[0m create_environment_hook('kinect2_registration', 'cmake_prefix_path')
[1.453s] [34mcolcon.colcon_core.shell[0m [1;30mINFO[0m Creating environment hook '/home/duy/cocarry_ws/install/kinect2_registration/share/kinect2_registration/hook/cmake_prefix_path.ps1'
[1.453s] [34mcolcon.colcon_core.shell[0m [1;30mINFO[0m Creating environment descriptor '/home/duy/cocarry_ws/install/kinect2_registration/share/kinect2_registration/hook/cmake_prefix_path.dsv'
[1.453s] [34mcolcon.colcon_core.shell[0m [1;30mINFO[0m Creating environment hook '/home/duy/cocarry_ws/install/kinect2_registration/share/kinect2_registration/hook/cmake_prefix_path.sh'
[1.454s] [34mcolcon.colcon_core.environment[0m [1;30mLevel 1[0m checking '/home/duy/cocarry_ws/install/kinect2_registration/lib'
[1.454s] [34mcolcon.colcon_core.environment[0m [1;30mLevel 1[0m checking '/home/duy/cocarry_ws/install/kinect2_registration/bin'
[1.454s] [34mcolcon.colcon_core.environment[0m [1;30mLevel 1[0m checking '/home/duy/cocarry_ws/install/kinect2_registration/lib/pkgconfig/kinect2_registration.pc'
[1.454s] [34mcolcon.colcon_core.environment[0m [1;30mLevel 1[0m checking '/home/duy/cocarry_ws/install/kinect2_registration/lib/python3.10/site-packages'
[1.455s] [34mcolcon.colcon_core.environment[0m [1;30mLevel 1[0m checking '/home/duy/cocarry_ws/install/kinect2_registration/bin'
[1.455s] [34mcolcon.colcon_core.shell[0m [1;30mINFO[0m Creating package script '/home/duy/cocarry_ws/install/kinect2_registration/share/kinect2_registration/package.ps1'
[1.456s] [34mcolcon.colcon_core.shell[0m [1;30mINFO[0m Creating package descriptor '/home/duy/cocarry_ws/install/kinect2_registration/share/kinect2_registration/package.dsv'
[1.456s] [34mcolcon.colcon_core.shell[0m [1;30mINFO[0m Creating package script '/home/duy/cocarry_ws/install/kinect2_registration/share/kinect2_registration/package.sh'
[1.456s] [34mcolcon.colcon_core.shell[0m [1;30mINFO[0m Creating package script '/home/duy/cocarry_ws/install/kinect2_registration/share/kinect2_registration/package.bash'
[1.457s] [34mcolcon.colcon_core.shell[0m [1;30mINFO[0m Creating package script '/home/duy/cocarry_ws/install/kinect2_registration/share/kinect2_registration/package.zsh'
[1.457s] [34mcolcon.colcon_core.environment[0m [1;30mLevel 1[0m create_file_with_runtime_dependencies(/home/duy/cocarry_ws/install/kinect2_registration/share/colcon-core/packages/kinect2_registration)
[1.458s] [34mcolcon.colcon_core.environment[0m [1;30mLevel 1[0m create_environment_scripts_only(motoman_gp4_support)
[1.458s] [34mcolcon.colcon_core.environment[0m [1;30mLevel 1[0m checking '/home/duy/cocarry_ws/install/motoman_gp4_support' for CMake module files
[1.459s] [34mcolcon.colcon_core.environment[0m [1;30mLevel 1[0m checking '/home/duy/cocarry_ws/install/motoman_gp4_support' for CMake config files
[1.459s] [34mcolcon.colcon_core.event_handler.log_command[0m [1;30mDEBUG[0m [32mInvoked command in '/home/duy/cocarry_ws/build/motoman_gp4_support' returned '0': AMENT_PREFIX_PATH=/home/duy/cocarry_ws/install/motoman_resources:${AMENT_PREFIX_PATH} CMAKE_PREFIX_PATH=/home/duy/cocarry_ws/install/motoman_resources:/opt/ros/humble /usr/bin/cmake --install /home/duy/cocarry_ws/build/motoman_gp4_support[0m
[1.459s] [34mcolcon.colcon_core.shell[0m [1;30mLevel 1[0m create_environment_hook('motoman_gp4_support', 'cmake_prefix_path')
[1.460s] [34mcolcon.colcon_core.shell[0m [1;30mINFO[0m Creating environment hook '/home/duy/cocarry_ws/install/motoman_gp4_support/share/motoman_gp4_support/hook/cmake_prefix_path.ps1'
[1.460s] [34mcolcon.colcon_core.shell[0m [1;30mINFO[0m Creating environment descriptor '/home/duy/cocarry_ws/install/motoman_gp4_support/share/motoman_gp4_support/hook/cmake_prefix_path.dsv'
[1.460s] [34mcolcon.colcon_core.shell[0m [1;30mINFO[0m Creating environment hook '/home/duy/cocarry_ws/install/motoman_gp4_support/share/motoman_gp4_support/hook/cmake_prefix_path.sh'
[1.461s] [34mcolcon.colcon_core.environment[0m [1;30mLevel 1[0m checking '/home/duy/cocarry_ws/install/motoman_gp4_support/bin'
[1.461s] [34mcolcon.colcon_core.environment[0m [1;30mLevel 1[0m checking '/home/duy/cocarry_ws/install/motoman_gp4_support/lib/pkgconfig/motoman_gp4_support.pc'
[1.461s] [34mcolcon.colcon_core.environment[0m [1;30mLevel 1[0m checking '/home/duy/cocarry_ws/install/motoman_gp4_support/lib/python3.10/site-packages'
[1.461s] [34mcolcon.colcon_core.environment[0m [1;30mLevel 1[0m checking '/home/duy/cocarry_ws/install/motoman_gp4_support/bin'
[1.462s] [34mcolcon.colcon_core.shell[0m [1;30mINFO[0m Creating package script '/home/duy/cocarry_ws/install/motoman_gp4_support/share/motoman_gp4_support/package.ps1'
[1.462s] [34mcolcon.colcon_core.shell[0m [1;30mINFO[0m Creating package descriptor '/home/duy/cocarry_ws/install/motoman_gp4_support/share/motoman_gp4_support/package.dsv'
[1.463s] [34mcolcon.colcon_core.shell[0m [1;30mINFO[0m Creating package script '/home/duy/cocarry_ws/install/motoman_gp4_support/share/motoman_gp4_support/package.sh'
[1.463s] [34mcolcon.colcon_core.shell[0m [1;30mINFO[0m Creating package script '/home/duy/cocarry_ws/install/motoman_gp4_support/share/motoman_gp4_support/package.bash'
[1.463s] [34mcolcon.colcon_core.shell[0m [1;30mINFO[0m Creating package script '/home/duy/cocarry_ws/install/motoman_gp4_support/share/motoman_gp4_support/package.zsh'
[1.463s] [34mcolcon.colcon_core.environment[0m [1;30mLevel 1[0m create_file_with_runtime_dependencies(/home/duy/cocarry_ws/install/motoman_gp4_support/share/colcon-core/packages/motoman_gp4_support)
[1.464s] [34mcolcon.colcon_core.environment[0m [1;30mLevel 1[0m create_environment_scripts_only(motoman_gp4_support)
[1.464s] [34mcolcon.colcon_core.environment[0m [1;30mLevel 1[0m checking '/home/duy/cocarry_ws/install/motoman_gp4_support' for CMake module files
[1.464s] [34mcolcon.colcon_core.environment[0m [1;30mLevel 1[0m checking '/home/duy/cocarry_ws/install/motoman_gp4_support' for CMake config files
[1.465s] [34mcolcon.colcon_core.shell[0m [1;30mLevel 1[0m create_environment_hook('motoman_gp4_support', 'cmake_prefix_path')
[1.465s] [34mcolcon.colcon_core.shell[0m [1;30mINFO[0m Creating environment hook '/home/duy/cocarry_ws/install/motoman_gp4_support/share/motoman_gp4_support/hook/cmake_prefix_path.ps1'
[1.465s] [34mcolcon.colcon_core.shell[0m [1;30mINFO[0m Creating environment descriptor '/home/duy/cocarry_ws/install/motoman_gp4_support/share/motoman_gp4_support/hook/cmake_prefix_path.dsv'
[1.465s] [34mcolcon.colcon_core.shell[0m [1;30mINFO[0m Creating environment hook '/home/duy/cocarry_ws/install/motoman_gp4_support/share/motoman_gp4_support/hook/cmake_prefix_path.sh'
[1.466s] [34mcolcon.colcon_core.environment[0m [1;30mLevel 1[0m checking '/home/duy/cocarry_ws/install/motoman_gp4_support/bin'
[1.466s] [34mcolcon.colcon_core.environment[0m [1;30mLevel 1[0m checking '/home/duy/cocarry_ws/install/motoman_gp4_support/lib/pkgconfig/motoman_gp4_support.pc'
[1.466s] [34mcolcon.colcon_core.environment[0m [1;30mLevel 1[0m checking '/home/duy/cocarry_ws/install/motoman_gp4_support/lib/python3.10/site-packages'
[1.467s] [34mcolcon.colcon_core.environment[0m [1;30mLevel 1[0m checking '/home/duy/cocarry_ws/install/motoman_gp4_support/bin'
[1.467s] [34mcolcon.colcon_core.shell[0m [1;30mINFO[0m Creating package script '/home/duy/cocarry_ws/install/motoman_gp4_support/share/motoman_gp4_support/package.ps1'
[1.467s] [34mcolcon.colcon_core.shell[0m [1;30mINFO[0m Creating package descriptor '/home/duy/cocarry_ws/install/motoman_gp4_support/share/motoman_gp4_support/package.dsv'
[1.468s] [34mcolcon.colcon_core.shell[0m [1;30mINFO[0m Creating package script '/home/duy/cocarry_ws/install/motoman_gp4_support/share/motoman_gp4_support/package.sh'
[1.468s] [34mcolcon.colcon_core.shell[0m [1;30mINFO[0m Creating package script '/home/duy/cocarry_ws/install/motoman_gp4_support/share/motoman_gp4_support/package.bash'
[1.468s] [34mcolcon.colcon_core.shell[0m [1;30mINFO[0m Creating package script '/home/duy/cocarry_ws/install/motoman_gp4_support/share/motoman_gp4_support/package.zsh'
[1.469s] [34mcolcon.colcon_core.environment[0m [1;30mLevel 1[0m create_file_with_runtime_dependencies(/home/duy/cocarry_ws/install/motoman_gp4_support/share/colcon-core/packages/motoman_gp4_support)
[1.469s] [34mcolcon.colcon_ros.task.ament_cmake.build[0m [1;30mINFO[0m Building ROS package in '/home/duy/cocarry_ws/src/kinect2_ros2/kinect2_bridge' with build type 'ament_cmake'
[1.470s] [34mcolcon.colcon_cmake.task.cmake.build[0m [1;30mINFO[0m Building CMake package in '/home/duy/cocarry_ws/src/kinect2_ros2/kinect2_bridge'
[1.470s] [34mcolcon.colcon_core.shell[0m [1;30mINFO[0m Skip shell extension 'powershell' for command environment: Not usable outside of PowerShell
[1.470s] [34mcolcon.colcon_core.shell[0m [1;30mDEBUG[0m [32mSkip shell extension 'dsv' for command environment[0m
[1.477s] [34mcolcon.colcon_core.event_handler.log_command[0m [1;30mDEBUG[0m [32mInvoking command in '/home/duy/cocarry_ws/build/trac_ik_kinematics': AMENT_PREFIX_PATH=/home/duy/cocarry_ws/install/trac_ik_lib:${AMENT_PREFIX_PATH} CMAKE_PREFIX_PATH=/home/duy/cocarry_ws/install/trac_ik_lib:/opt/ros/humble LD_LIBRARY_PATH=/home/duy/cocarry_ws/install/trac_ik_lib/lib:${LD_LIBRARY_PATH} /usr/bin/cmake /home/duy/cocarry_ws/src/trac_ik/trac_ik_kinematics -DAMENT_CMAKE_SYMLINK_INSTALL=1 -DCMAKE_INSTALL_PREFIX=/home/duy/cocarry_ws/install/trac_ik_kinematics[0m
[1.479s] [34mcolcon.colcon_core.event_handler.log_command[0m [1;30mDEBUG[0m [32mInvoking command in '/home/duy/cocarry_ws/build/hc10dtp_moveit_config': AMENT_PREFIX_PATH=/home/duy/cocarry_ws/install/motoman_hc10dtp_support:/home/duy/cocarry_ws/install/motoman_resources:${AMENT_PREFIX_PATH} CMAKE_PREFIX_PATH=/home/duy/cocarry_ws/install/motoman_hc10dtp_support:/home/duy/cocarry_ws/install/motoman_resources:/opt/ros/humble /usr/bin/cmake /home/duy/cocarry_ws/src/hc10dtp_moveit_config -DAMENT_CMAKE_SYMLINK_INSTALL=1 -DCMAKE_INSTALL_PREFIX=/home/duy/cocarry_ws/install/hc10dtp_moveit_config[0m
[1.482s] [34mcolcon.colcon_core.event_handler.log_command[0m [1;30mDEBUG[0m [32mInvoking command in '/home/duy/cocarry_ws/build/kinect2_bridge': AMENT_PREFIX_PATH=/home/duy/cocarry_ws/install/kinect2_registration:${AMENT_PREFIX_PATH} CMAKE_PREFIX_PATH=/home/duy/cocarry_ws/install/kinect2_registration:/opt/ros/humble LD_LIBRARY_PATH=/home/duy/cocarry_ws/install/kinect2_registration/lib:${LD_LIBRARY_PATH} /usr/bin/cmake /home/duy/cocarry_ws/src/kinect2_ros2/kinect2_bridge -DAMENT_CMAKE_SYMLINK_INSTALL=1 -DCMAKE_INSTALL_PREFIX=/home/duy/cocarry_ws/install/kinect2_bridge[0m
[1.828s] [34mcolcon.colcon_core.event_handler.log_command[0m [1;30mDEBUG[0m [32mInvoked command in '/home/duy/cocarry_ws/build/hc10dtp_moveit_config' returned '0': AMENT_PREFIX_PATH=/home/duy/cocarry_ws/install/motoman_hc10dtp_support:/home/duy/cocarry_ws/install/motoman_resources:${AMENT_PREFIX_PATH} CMAKE_PREFIX_PATH=/home/duy/cocarry_ws/install/motoman_hc10dtp_support:/home/duy/cocarry_ws/install/motoman_resources:/opt/ros/humble /usr/bin/cmake /home/duy/cocarry_ws/src/hc10dtp_moveit_config -DAMENT_CMAKE_SYMLINK_INSTALL=1 -DCMAKE_INSTALL_PREFIX=/home/duy/cocarry_ws/install/hc10dtp_moveit_config[0m
[1.829s] [34mcolcon.colcon_core.event_handler.log_command[0m [1;30mDEBUG[0m [32mInvoking command in '/home/duy/cocarry_ws/build/hc10dtp_moveit_config': AMENT_PREFIX_PATH=/home/duy/cocarry_ws/install/motoman_hc10dtp_support:/home/duy/cocarry_ws/install/motoman_resources:${AMENT_PREFIX_PATH} CMAKE_PREFIX_PATH=/home/duy/cocarry_ws/install/motoman_hc10dtp_support:/home/duy/cocarry_ws/install/motoman_resources:/opt/ros/humble /usr/bin/cmake --build /home/duy/cocarry_ws/build/hc10dtp_moveit_config -- -j16 -l16[0m
[1.887s] [34mcolcon.colcon_core.event_handler.log_command[0m [1;30mDEBUG[0m [32mInvoked command in '/home/duy/cocarry_ws/build/hc10dtp_moveit_config' returned '0': AMENT_PREFIX_PATH=/home/duy/cocarry_ws/install/motoman_hc10dtp_support:/home/duy/cocarry_ws/install/motoman_resources:${AMENT_PREFIX_PATH} CMAKE_PREFIX_PATH=/home/duy/cocarry_ws/install/motoman_hc10dtp_support:/home/duy/cocarry_ws/install/motoman_resources:/opt/ros/humble /usr/bin/cmake --build /home/duy/cocarry_ws/build/hc10dtp_moveit_config -- -j16 -l16[0m
[1.889s] [34mcolcon.colcon_core.event_handler.log_command[0m [1;30mDEBUG[0m [32mInvoking command in '/home/duy/cocarry_ws/build/hc10dtp_moveit_config': AMENT_PREFIX_PATH=/home/duy/cocarry_ws/install/motoman_hc10dtp_support:/home/duy/cocarry_ws/install/motoman_resources:${AMENT_PREFIX_PATH} CMAKE_PREFIX_PATH=/home/duy/cocarry_ws/install/motoman_hc10dtp_support:/home/duy/cocarry_ws/install/motoman_resources:/opt/ros/humble /usr/bin/cmake --install /home/duy/cocarry_ws/build/hc10dtp_moveit_config[0m
[1.928s] [34mcolcon.colcon_core.environment[0m [1;30mLevel 1[0m create_environment_scripts_only(hc10dtp_moveit_config)
[1.929s] [34mcolcon.colcon_core.environment[0m [1;30mLevel 1[0m checking '/home/duy/cocarry_ws/install/hc10dtp_moveit_config' for CMake module files
[1.930s] [34mcolcon.colcon_core.event_handler.log_command[0m [1;30mDEBUG[0m [32mInvoked command in '/home/duy/cocarry_ws/build/hc10dtp_moveit_config' returned '0': AMENT_PREFIX_PATH=/home/duy/cocarry_ws/install/motoman_hc10dtp_support:/home/duy/cocarry_ws/install/motoman_resources:${AMENT_PREFIX_PATH} CMAKE_PREFIX_PATH=/home/duy/cocarry_ws/install/motoman_hc10dtp_support:/home/duy/cocarry_ws/install/motoman_resources:/opt/ros/humble /usr/bin/cmake --install /home/duy/cocarry_ws/build/hc10dtp_moveit_config[0m
[1.930s] [34mcolcon.colcon_core.environment[0m [1;30mLevel 1[0m checking '/home/duy/cocarry_ws/install/hc10dtp_moveit_config' for CMake config files
[1.930s] [34mcolcon.colcon_core.shell[0m [1;30mLevel 1[0m create_environment_hook('hc10dtp_moveit_config', 'cmake_prefix_path')
[1.931s] [34mcolcon.colcon_core.shell[0m [1;30mINFO[0m Creating environment hook '/home/duy/cocarry_ws/install/hc10dtp_moveit_config/share/hc10dtp_moveit_config/hook/cmake_prefix_path.ps1'
[1.932s] [34mcolcon.colcon_core.shell[0m [1;30mINFO[0m Creating environment descriptor '/home/duy/cocarry_ws/install/hc10dtp_moveit_config/share/hc10dtp_moveit_config/hook/cmake_prefix_path.dsv'
[1.932s] [34mcolcon.colcon_core.shell[0m [1;30mINFO[0m Creating environment hook '/home/duy/cocarry_ws/install/hc10dtp_moveit_config/share/hc10dtp_moveit_config/hook/cmake_prefix_path.sh'
[1.933s] [34mcolcon.colcon_core.environment[0m [1;30mLevel 1[0m checking '/home/duy/cocarry_ws/install/hc10dtp_moveit_config/bin'
[1.933s] [34mcolcon.colcon_core.environment[0m [1;30mLevel 1[0m checking '/home/duy/cocarry_ws/install/hc10dtp_moveit_config/lib/pkgconfig/hc10dtp_moveit_config.pc'
[1.933s] [34mcolcon.colcon_core.environment[0m [1;30mLevel 1[0m checking '/home/duy/cocarry_ws/install/hc10dtp_moveit_config/lib/python3.10/site-packages'
[1.934s] [34mcolcon.colcon_core.environment[0m [1;30mLevel 1[0m checking '/home/duy/cocarry_ws/install/hc10dtp_moveit_config/bin'
[1.934s] [34mcolcon.colcon_core.shell[0m [1;30mINFO[0m Creating package script '/home/duy/cocarry_ws/install/hc10dtp_moveit_config/share/hc10dtp_moveit_config/package.ps1'
[1.935s] [34mcolcon.colcon_core.shell[0m [1;30mINFO[0m Creating package descriptor '/home/duy/cocarry_ws/install/hc10dtp_moveit_config/share/hc10dtp_moveit_config/package.dsv'
[1.936s] [34mcolcon.colcon_core.shell[0m [1;30mINFO[0m Creating package script '/home/duy/cocarry_ws/install/hc10dtp_moveit_config/share/hc10dtp_moveit_config/package.sh'
[1.937s] [34mcolcon.colcon_core.shell[0m [1;30mINFO[0m Creating package script '/home/duy/cocarry_ws/install/hc10dtp_moveit_config/share/hc10dtp_moveit_config/package.bash'
[1.938s] [34mcolcon.colcon_core.shell[0m [1;30mINFO[0m Creating package script '/home/duy/cocarry_ws/install/hc10dtp_moveit_config/share/hc10dtp_moveit_config/package.zsh'
[1.939s] [34mcolcon.colcon_core.environment[0m [1;30mLevel 1[0m create_file_with_runtime_dependencies(/home/duy/cocarry_ws/install/hc10dtp_moveit_config/share/colcon-core/packages/hc10dtp_moveit_config)
[1.940s] [34mcolcon.colcon_core.environment[0m [1;30mLevel 1[0m create_environment_scripts_only(hc10dtp_moveit_config)
[1.941s] [34mcolcon.colcon_core.environment[0m [1;30mLevel 1[0m checking '/home/duy/cocarry_ws/install/hc10dtp_moveit_config' for CMake module files
[1.942s] [34mcolcon.colcon_core.environment[0m [1;30mLevel 1[0m checking '/home/duy/cocarry_ws/install/hc10dtp_moveit_config' for CMake config files
[1.942s] [34mcolcon.colcon_core.shell[0m [1;30mLevel 1[0m create_environment_hook('hc10dtp_moveit_config', 'cmake_prefix_path')
[1.942s] [34mcolcon.colcon_core.shell[0m [1;30mINFO[0m Creating environment hook '/home/duy/cocarry_ws/install/hc10dtp_moveit_config/share/hc10dtp_moveit_config/hook/cmake_prefix_path.ps1'
[1.943s] [34mcolcon.colcon_core.shell[0m [1;30mINFO[0m Creating environment descriptor '/home/duy/cocarry_ws/install/hc10dtp_moveit_config/share/hc10dtp_moveit_config/hook/cmake_prefix_path.dsv'
[1.943s] [34mcolcon.colcon_core.shell[0m [1;30mINFO[0m Creating environment hook '/home/duy/cocarry_ws/install/hc10dtp_moveit_config/share/hc10dtp_moveit_config/hook/cmake_prefix_path.sh'
[1.944s] [34mcolcon.colcon_core.environment[0m [1;30mLevel 1[0m checking '/home/duy/cocarry_ws/install/hc10dtp_moveit_config/bin'
[1.944s] [34mcolcon.colcon_core.environment[0m [1;30mLevel 1[0m checking '/home/duy/cocarry_ws/install/hc10dtp_moveit_config/lib/pkgconfig/hc10dtp_moveit_config.pc'
[1.944s] [34mcolcon.colcon_core.environment[0m [1;30mLevel 1[0m checking '/home/duy/cocarry_ws/install/hc10dtp_moveit_config/lib/python3.10/site-packages'
[1.945s] [34mcolcon.colcon_core.environment[0m [1;30mLevel 1[0m checking '/home/duy/cocarry_ws/install/hc10dtp_moveit_config/bin'
[1.945s] [34mcolcon.colcon_core.shell[0m [1;30mINFO[0m Creating package script '/home/duy/cocarry_ws/install/hc10dtp_moveit_config/share/hc10dtp_moveit_config/package.ps1'
[1.946s] [34mcolcon.colcon_core.shell[0m [1;30mINFO[0m Creating package descriptor '/home/duy/cocarry_ws/install/hc10dtp_moveit_config/share/hc10dtp_moveit_config/package.dsv'
[1.947s] [34mcolcon.colcon_core.shell[0m [1;30mINFO[0m Creating package script '/home/duy/cocarry_ws/install/hc10dtp_moveit_config/share/hc10dtp_moveit_config/package.sh'
[1.947s] [34mcolcon.colcon_core.shell[0m [1;30mINFO[0m Creating package script '/home/duy/cocarry_ws/install/hc10dtp_moveit_config/share/hc10dtp_moveit_config/package.bash'
[1.948s] [34mcolcon.colcon_core.shell[0m [1;30mINFO[0m Creating package script '/home/duy/cocarry_ws/install/hc10dtp_moveit_config/share/hc10dtp_moveit_config/package.zsh'
[1.948s] [34mcolcon.colcon_core.environment[0m [1;30mLevel 1[0m create_file_with_runtime_dependencies(/home/duy/cocarry_ws/install/hc10dtp_moveit_config/share/colcon-core/packages/hc10dtp_moveit_config)
[1.949s] [34mcolcon.colcon_ros.task.ament_cmake.build[0m [1;30mINFO[0m Building ROS package in '/home/duy/cocarry_ws/src/hc10dtp_bringup' with build type 'ament_cmake'
[1.949s] [34mcolcon.colcon_cmake.task.cmake.build[0m [1;30mINFO[0m Building CMake package in '/home/duy/cocarry_ws/src/hc10dtp_bringup'
[1.949s] [34mcolcon.colcon_core.shell[0m [1;30mINFO[0m Skip shell extension 'powershell' for command environment: Not usable outside of PowerShell
[1.949s] [34mcolcon.colcon_core.shell[0m [1;30mDEBUG[0m [32mSkip shell extension 'dsv' for command environment[0m
[1.962s] [34mcolcon.colcon_core.event_handler.log_command[0m [1;30mDEBUG[0m [32mInvoking command in '/home/duy/cocarry_ws/build/hc10dtp_bringup': AMENT_PREFIX_PATH=/home/duy/cocarry_ws/install/hc10dtp_moveit_config:/home/duy/cocarry_ws/install/motoman_hc10dtp_support:/home/duy/cocarry_ws/install/motoman_resources:${AMENT_PREFIX_PATH} CMAKE_PREFIX_PATH=/home/duy/cocarry_ws/install/hc10dtp_moveit_config:/home/duy/cocarry_ws/install/motoman_hc10dtp_support:/home/duy/cocarry_ws/install/motoman_resources:/opt/ros/humble /usr/bin/cmake /home/duy/cocarry_ws/src/hc10dtp_bringup -DAMENT_CMAKE_SYMLINK_INSTALL=1 -DCMAKE_INSTALL_PREFIX=/home/duy/cocarry_ws/install/hc10dtp_bringup[0m
[2.401s] [34mcolcon.colcon_core.event_handler.log_command[0m [1;30mDEBUG[0m [32mInvoked command in '/home/duy/cocarry_ws/build/hc10dtp_bringup' returned '0': AMENT_PREFIX_PATH=/home/duy/cocarry_ws/install/hc10dtp_moveit_config:/home/duy/cocarry_ws/install/motoman_hc10dtp_support:/home/duy/cocarry_ws/install/motoman_resources:${AMENT_PREFIX_PATH} CMAKE_PREFIX_PATH=/home/duy/cocarry_ws/install/hc10dtp_moveit_config:/home/duy/cocarry_ws/install/motoman_hc10dtp_support:/home/duy/cocarry_ws/install/motoman_resources:/opt/ros/humble /usr/bin/cmake /home/duy/cocarry_ws/src/hc10dtp_bringup -DAMENT_CMAKE_SYMLINK_INSTALL=1 -DCMAKE_INSTALL_PREFIX=/home/duy/cocarry_ws/install/hc10dtp_bringup[0m
[2.403s] [34mcolcon.colcon_core.event_handler.log_command[0m [1;30mDEBUG[0m [32mInvoking command in '/home/duy/cocarry_ws/build/hc10dtp_bringup': AMENT_PREFIX_PATH=/home/duy/cocarry_ws/install/hc10dtp_moveit_config:/home/duy/cocarry_ws/install/motoman_hc10dtp_support:/home/duy/cocarry_ws/install/motoman_resources:${AMENT_PREFIX_PATH} CMAKE_PREFIX_PATH=/home/duy/cocarry_ws/install/hc10dtp_moveit_config:/home/duy/cocarry_ws/install/motoman_hc10dtp_support:/home/duy/cocarry_ws/install/motoman_resources:/opt/ros/humble /usr/bin/cmake --build /home/duy/cocarry_ws/build/hc10dtp_bringup -- -j16 -l16[0m
[2.470s] [34mcolcon.colcon_core.event_handler.log_command[0m [1;30mDEBUG[0m [32mInvoked command in '/home/duy/cocarry_ws/build/hc10dtp_bringup' returned '0': AMENT_PREFIX_PATH=/home/duy/cocarry_ws/install/hc10dtp_moveit_config:/home/duy/cocarry_ws/install/motoman_hc10dtp_support:/home/duy/cocarry_ws/install/motoman_resources:${AMENT_PREFIX_PATH} CMAKE_PREFIX_PATH=/home/duy/cocarry_ws/install/hc10dtp_moveit_config:/home/duy/cocarry_ws/install/motoman_hc10dtp_support:/home/duy/cocarry_ws/install/motoman_resources:/opt/ros/humble /usr/bin/cmake --build /home/duy/cocarry_ws/build/hc10dtp_bringup -- -j16 -l16[0m
[2.472s] [34mcolcon.colcon_core.event_handler.log_command[0m [1;30mDEBUG[0m [32mInvoking command in '/home/duy/cocarry_ws/build/hc10dtp_bringup': AMENT_PREFIX_PATH=/home/duy/cocarry_ws/install/hc10dtp_moveit_config:/home/duy/cocarry_ws/install/motoman_hc10dtp_support:/home/duy/cocarry_ws/install/motoman_resources:${AMENT_PREFIX_PATH} CMAKE_PREFIX_PATH=/home/duy/cocarry_ws/install/hc10dtp_moveit_config:/home/duy/cocarry_ws/install/motoman_hc10dtp_support:/home/duy/cocarry_ws/install/motoman_resources:/opt/ros/humble /usr/bin/cmake --install /home/duy/cocarry_ws/build/hc10dtp_bringup[0m
[2.514s] [34mcolcon.colcon_core.environment[0m [1;30mLevel 1[0m create_environment_scripts_only(hc10dtp_bringup)
[2.515s] [34mcolcon.colcon_core.environment[0m [1;30mLevel 1[0m checking '/home/duy/cocarry_ws/install/hc10dtp_bringup' for CMake module files
[2.515s] [34mcolcon.colcon_core.event_handler.log_command[0m [1;30mDEBUG[0m [32mInvoked command in '/home/duy/cocarry_ws/build/hc10dtp_bringup' returned '0': AMENT_PREFIX_PATH=/home/duy/cocarry_ws/install/hc10dtp_moveit_config:/home/duy/cocarry_ws/install/motoman_hc10dtp_support:/home/duy/cocarry_ws/install/motoman_resources:${AMENT_PREFIX_PATH} CMAKE_PREFIX_PATH=/home/duy/cocarry_ws/install/hc10dtp_moveit_config:/home/duy/cocarry_ws/install/motoman_hc10dtp_support:/home/duy/cocarry_ws/install/motoman_resources:/opt/ros/humble /usr/bin/cmake --install /home/duy/cocarry_ws/build/hc10dtp_bringup[0m
[2.516s] [34mcolcon.colcon_core.environment[0m [1;30mLevel 1[0m checking '/home/duy/cocarry_ws/install/hc10dtp_bringup' for CMake config files
[2.518s] [34mcolcon.colcon_core.shell[0m [1;30mLevel 1[0m create_environment_hook('hc10dtp_bringup', 'cmake_prefix_path')
[2.518s] [34mcolcon.colcon_core.shell[0m [1;30mINFO[0m Creating environment hook '/home/duy/cocarry_ws/install/hc10dtp_bringup/share/hc10dtp_bringup/hook/cmake_prefix_path.ps1'
[2.520s] [34mcolcon.colcon_core.shell[0m [1;30mINFO[0m Creating environment descriptor '/home/duy/cocarry_ws/install/hc10dtp_bringup/share/hc10dtp_bringup/hook/cmake_prefix_path.dsv'
[2.521s] [34mcolcon.colcon_core.shell[0m [1;30mINFO[0m Creating environment hook '/home/duy/cocarry_ws/install/hc10dtp_bringup/share/hc10dtp_bringup/hook/cmake_prefix_path.sh'
[2.522s] [34mcolcon.colcon_core.environment[0m [1;30mLevel 1[0m checking '/home/duy/cocarry_ws/install/hc10dtp_bringup/lib'
[2.522s] [34mcolcon.colcon_core.environment[0m [1;30mLevel 1[0m checking '/home/duy/cocarry_ws/install/hc10dtp_bringup/bin'
[2.522s] [34mcolcon.colcon_core.environment[0m [1;30mLevel 1[0m checking '/home/duy/cocarry_ws/install/hc10dtp_bringup/lib/pkgconfig/hc10dtp_bringup.pc'
[2.523s] [34mcolcon.colcon_core.environment[0m [1;30mLevel 1[0m checking '/home/duy/cocarry_ws/install/hc10dtp_bringup/lib/python3.10/site-packages'
[2.524s] [34mcolcon.colcon_core.environment[0m [1;30mLevel 1[0m checking '/home/duy/cocarry_ws/install/hc10dtp_bringup/bin'
[2.525s] [34mcolcon.colcon_core.shell[0m [1;30mINFO[0m Creating package script '/home/duy/cocarry_ws/install/hc10dtp_bringup/share/hc10dtp_bringup/package.ps1'
[2.526s] [34mcolcon.colcon_core.shell[0m [1;30mINFO[0m Creating package descriptor '/home/duy/cocarry_ws/install/hc10dtp_bringup/share/hc10dtp_bringup/package.dsv'
[2.528s] [34mcolcon.colcon_core.shell[0m [1;30mINFO[0m Creating package script '/home/duy/cocarry_ws/install/hc10dtp_bringup/share/hc10dtp_bringup/package.sh'
[2.529s] [34mcolcon.colcon_core.shell[0m [1;30mINFO[0m Creating package script '/home/duy/cocarry_ws/install/hc10dtp_bringup/share/hc10dtp_bringup/package.bash'
[2.530s] [34mcolcon.colcon_core.shell[0m [1;30mINFO[0m Creating package script '/home/duy/cocarry_ws/install/hc10dtp_bringup/share/hc10dtp_bringup/package.zsh'
[2.531s] [34mcolcon.colcon_core.environment[0m [1;30mLevel 1[0m create_file_with_runtime_dependencies(/home/duy/cocarry_ws/install/hc10dtp_bringup/share/colcon-core/packages/hc10dtp_bringup)
[2.534s] [34mcolcon.colcon_core.environment[0m [1;30mLevel 1[0m create_environment_scripts_only(hc10dtp_bringup)
[2.537s] [34mcolcon.colcon_core.environment[0m [1;30mLevel 1[0m checking '/home/duy/cocarry_ws/install/hc10dtp_bringup' for CMake module files
[2.539s] [34mcolcon.colcon_core.environment[0m [1;30mLevel 1[0m checking '/home/duy/cocarry_ws/install/hc10dtp_bringup' for CMake config files
[2.540s] [34mcolcon.colcon_core.shell[0m [1;30mLevel 1[0m create_environment_hook('hc10dtp_bringup', 'cmake_prefix_path')
[2.540s] [34mcolcon.colcon_core.shell[0m [1;30mINFO[0m Creating environment hook '/home/duy/cocarry_ws/install/hc10dtp_bringup/share/hc10dtp_bringup/hook/cmake_prefix_path.ps1'
[2.542s] [34mcolcon.colcon_core.shell[0m [1;30mINFO[0m Creating environment descriptor '/home/duy/cocarry_ws/install/hc10dtp_bringup/share/hc10dtp_bringup/hook/cmake_prefix_path.dsv'
[2.543s] [34mcolcon.colcon_core.shell[0m [1;30mINFO[0m Creating environment hook '/home/duy/cocarry_ws/install/hc10dtp_bringup/share/hc10dtp_bringup/hook/cmake_prefix_path.sh'
[2.545s] [34mcolcon.colcon_core.environment[0m [1;30mLevel 1[0m checking '/home/duy/cocarry_ws/install/hc10dtp_bringup/lib'
[2.547s] [34mcolcon.colcon_core.environment[0m [1;30mLevel 1[0m checking '/home/duy/cocarry_ws/install/hc10dtp_bringup/bin'
[2.547s] [34mcolcon.colcon_core.environment[0m [1;30mLevel 1[0m checking '/home/duy/cocarry_ws/install/hc10dtp_bringup/lib/pkgconfig/hc10dtp_bringup.pc'
[2.548s] [34mcolcon.colcon_core.environment[0m [1;30mLevel 1[0m checking '/home/duy/cocarry_ws/install/hc10dtp_bringup/lib/python3.10/site-packages'
[2.549s] [34mcolcon.colcon_core.environment[0m [1;30mLevel 1[0m checking '/home/duy/cocarry_ws/install/hc10dtp_bringup/bin'
[2.551s] [34mcolcon.colcon_core.shell[0m [1;30mINFO[0m Creating package script '/home/duy/cocarry_ws/install/hc10dtp_bringup/share/hc10dtp_bringup/package.ps1'
[2.553s] [34mcolcon.colcon_core.shell[0m [1;30mINFO[0m Creating package descriptor '/home/duy/cocarry_ws/install/hc10dtp_bringup/share/hc10dtp_bringup/package.dsv'
[2.554s] [34mcolcon.colcon_core.shell[0m [1;30mINFO[0m Creating package script '/home/duy/cocarry_ws/install/hc10dtp_bringup/share/hc10dtp_bringup/package.sh'
[2.555s] [34mcolcon.colcon_core.shell[0m [1;30mINFO[0m Creating package script '/home/duy/cocarry_ws/install/hc10dtp_bringup/share/hc10dtp_bringup/package.bash'
[2.556s] [34mcolcon.colcon_core.shell[0m [1;30mINFO[0m Creating package script '/home/duy/cocarry_ws/install/hc10dtp_bringup/share/hc10dtp_bringup/package.zsh'
[2.556s] [34mcolcon.colcon_core.environment[0m [1;30mLevel 1[0m create_file_with_runtime_dependencies(/home/duy/cocarry_ws/install/hc10dtp_bringup/share/colcon-core/packages/hc10dtp_bringup)
[2.734s] [34mcolcon.colcon_core.event_handler.log_command[0m [1;30mDEBUG[0m [32mInvoked command in '/home/duy/cocarry_ws/build/industrial_msgs' returned '0': CMAKE_PREFIX_PATH=/opt/ros/humble /usr/bin/cmake /home/duy/cocarry_ws/src/ros-industrial/industrial_core_ros2_msgs_only/industrial_msgs -DAMENT_CMAKE_SYMLINK_INSTALL=1 -DCMAKE_INSTALL_PREFIX=/home/duy/cocarry_ws/install/industrial_msgs[0m
[2.737s] [34mcolcon.colcon_core.event_handler.log_command[0m [1;30mDEBUG[0m [32mInvoking command in '/home/duy/cocarry_ws/build/industrial_msgs': CMAKE_PREFIX_PATH=/opt/ros/humble /usr/bin/cmake --build /home/duy/cocarry_ws/build/industrial_msgs -- -j16 -l16[0m
[2.798s] [34mcolcon.colcon_core.event_handler.log_command[0m [1;30mDEBUG[0m [32mInvoked command in '/home/duy/cocarry_ws/build/kinect2_bridge' returned '0': AMENT_PREFIX_PATH=/home/duy/cocarry_ws/install/kinect2_registration:${AMENT_PREFIX_PATH} CMAKE_PREFIX_PATH=/home/duy/cocarry_ws/install/kinect2_registration:/opt/ros/humble LD_LIBRARY_PATH=/home/duy/cocarry_ws/install/kinect2_registration/lib:${LD_LIBRARY_PATH} /usr/bin/cmake /home/duy/cocarry_ws/src/kinect2_ros2/kinect2_bridge -DAMENT_CMAKE_SYMLINK_INSTALL=1 -DCMAKE_INSTALL_PREFIX=/home/duy/cocarry_ws/install/kinect2_bridge[0m
[2.799s] [34mcolcon.colcon_core.event_handler.log_command[0m [1;30mDEBUG[0m [32mInvoking command in '/home/duy/cocarry_ws/build/kinect2_bridge': AMENT_PREFIX_PATH=/home/duy/cocarry_ws/install/kinect2_registration:${AMENT_PREFIX_PATH} CMAKE_PREFIX_PATH=/home/duy/cocarry_ws/install/kinect2_registration:/opt/ros/humble LD_LIBRARY_PATH=/home/duy/cocarry_ws/install/kinect2_registration/lib:${LD_LIBRARY_PATH} /usr/bin/cmake --build /home/duy/cocarry_ws/build/kinect2_bridge -- -j16 -l16[0m
[2.845s] [34mcolcon.colcon_core.event_handler.log_command[0m [1;30mDEBUG[0m [32mInvoked command in '/home/duy/cocarry_ws/build/human_hand_msgs' returned '0': /usr/bin/cmake /home/duy/cocarry_ws/src/human_hand_msgs -DCATKIN_INSTALL_INTO_PREFIX_ROOT=0 -DCATKIN_SYMLINK_INSTALL=ON -DCMAKE_INSTALL_PREFIX=/home/duy/cocarry_ws/install/human_hand_msgs[0m
[2.849s] [34mcolcon.colcon_core.event_handler.log_command[0m [1;30mDEBUG[0m [32mInvoking command in '/home/duy/cocarry_ws/build/human_hand_msgs': /usr/bin/cmake --build /home/duy/cocarry_ws/build/human_hand_msgs -- -j16 -l16[0m
[3.010s] [34mcolcon.colcon_core.event_handler.log_command[0m [1;30mDEBUG[0m [32mInvoked command in '/home/duy/cocarry_ws/build/kinect2_bridge' returned '0': AMENT_PREFIX_PATH=/home/duy/cocarry_ws/install/kinect2_registration:${AMENT_PREFIX_PATH} CMAKE_PREFIX_PATH=/home/duy/cocarry_ws/install/kinect2_registration:/opt/ros/humble LD_LIBRARY_PATH=/home/duy/cocarry_ws/install/kinect2_registration/lib:${LD_LIBRARY_PATH} /usr/bin/cmake --build /home/duy/cocarry_ws/build/kinect2_bridge -- -j16 -l16[0m
[3.011s] [34mcolcon.colcon_core.event_handler.log_command[0m [1;30mDEBUG[0m [32mInvoking command in '/home/duy/cocarry_ws/build/kinect2_bridge': AMENT_PREFIX_PATH=/home/duy/cocarry_ws/install/kinect2_registration:${AMENT_PREFIX_PATH} CMAKE_PREFIX_PATH=/home/duy/cocarry_ws/install/kinect2_registration:/opt/ros/humble LD_LIBRARY_PATH=/home/duy/cocarry_ws/install/kinect2_registration/lib:${LD_LIBRARY_PATH} /usr/bin/cmake --install /home/duy/cocarry_ws/build/kinect2_bridge[0m
[3.119s] [34mcolcon.colcon_core.environment[0m [1;30mLevel 1[0m create_environment_scripts_only(kinect2_bridge)
[3.121s] [34mcolcon.colcon_core.environment[0m [1;30mLevel 1[0m checking '/home/duy/cocarry_ws/install/kinect2_bridge' for CMake module files
[3.127s] [34mcolcon.colcon_core.event_handler.log_command[0m [1;30mDEBUG[0m [32mInvoked command in '/home/duy/cocarry_ws/build/kinect2_bridge' returned '0': AMENT_PREFIX_PATH=/home/duy/cocarry_ws/install/kinect2_registration:${AMENT_PREFIX_PATH} CMAKE_PREFIX_PATH=/home/duy/cocarry_ws/install/kinect2_registration:/opt/ros/humble LD_LIBRARY_PATH=/home/duy/cocarry_ws/install/kinect2_registration/lib:${LD_LIBRARY_PATH} /usr/bin/cmake --install /home/duy/cocarry_ws/build/kinect2_bridge[0m
[3.130s] [34mcolcon.colcon_core.environment[0m [1;30mLevel 1[0m checking '/home/duy/cocarry_ws/install/kinect2_bridge' for CMake config files
[3.134s] [34mcolcon.colcon_core.shell[0m [1;30mLevel 1[0m create_environment_hook('kinect2_bridge', 'cmake_prefix_path')
[3.135s] [34mcolcon.colcon_core.shell[0m [1;30mINFO[0m Creating environment hook '/home/duy/cocarry_ws/install/kinect2_bridge/share/kinect2_bridge/hook/cmake_prefix_path.ps1'
[3.143s] [34mcolcon.colcon_core.shell[0m [1;30mINFO[0m Creating environment descriptor '/home/duy/cocarry_ws/install/kinect2_bridge/share/kinect2_bridge/hook/cmake_prefix_path.dsv'
[3.147s] [34mcolcon.colcon_core.shell[0m [1;30mINFO[0m Creating environment hook '/home/duy/cocarry_ws/install/kinect2_bridge/share/kinect2_bridge/hook/cmake_prefix_path.sh'
[3.150s] [34mcolcon.colcon_core.environment[0m [1;30mLevel 1[0m checking '/home/duy/cocarry_ws/install/kinect2_bridge/lib'
[3.154s] [34mcolcon.colcon_core.environment[0m [1;30mLevel 1[0m checking '/home/duy/cocarry_ws/install/kinect2_bridge/bin'
[3.154s] [34mcolcon.colcon_core.environment[0m [1;30mLevel 1[0m checking '/home/duy/cocarry_ws/install/kinect2_bridge/lib/pkgconfig/kinect2_bridge.pc'
[3.156s] [34mcolcon.colcon_core.environment[0m [1;30mLevel 1[0m checking '/home/duy/cocarry_ws/install/kinect2_bridge/lib/python3.10/site-packages'
[3.163s] [34mcolcon.colcon_core.environment[0m [1;30mLevel 1[0m checking '/home/duy/cocarry_ws/install/kinect2_bridge/bin'
[3.167s] [34mcolcon.colcon_core.shell[0m [1;30mINFO[0m Creating package script '/home/duy/cocarry_ws/install/kinect2_bridge/share/kinect2_bridge/package.ps1'
[3.174s] [34mcolcon.colcon_core.shell[0m [1;30mINFO[0m Creating package descriptor '/home/duy/cocarry_ws/install/kinect2_bridge/share/kinect2_bridge/package.dsv'
[3.185s] [34mcolcon.colcon_core.shell[0m [1;30mINFO[0m Creating package script '/home/duy/cocarry_ws/install/kinect2_bridge/share/kinect2_bridge/package.sh'
[3.192s] [34mcolcon.colcon_core.shell[0m [1;30mINFO[0m Creating package script '/home/duy/cocarry_ws/install/kinect2_bridge/share/kinect2_bridge/package.bash'
[3.198s] [34mcolcon.colcon_core.shell[0m [1;30mINFO[0m Creating package script '/home/duy/cocarry_ws/install/kinect2_bridge/share/kinect2_bridge/package.zsh'
[3.202s] [34mcolcon.colcon_core.environment[0m [1;30mLevel 1[0m create_file_with_runtime_dependencies(/home/duy/cocarry_ws/install/kinect2_bridge/share/colcon-core/packages/kinect2_bridge)
[3.204s] [34mcolcon.colcon_core.environment[0m [1;30mLevel 1[0m create_environment_scripts_only(kinect2_bridge)
[3.208s] [34mcolcon.colcon_core.environment[0m [1;30mLevel 1[0m checking '/home/duy/cocarry_ws/install/kinect2_bridge' for CMake module files
[3.210s] [34mcolcon.colcon_core.environment[0m [1;30mLevel 1[0m checking '/home/duy/cocarry_ws/install/kinect2_bridge' for CMake config files
[3.210s] [34mcolcon.colcon_core.shell[0m [1;30mLevel 1[0m create_environment_hook('kinect2_bridge', 'cmake_prefix_path')
[3.215s] [34mcolcon.colcon_core.shell[0m [1;30mINFO[0m Creating environment hook '/home/duy/cocarry_ws/install/kinect2_bridge/share/kinect2_bridge/hook/cmake_prefix_path.ps1'
[3.221s] [34mcolcon.colcon_core.shell[0m [1;30mINFO[0m Creating environment descriptor '/home/duy/cocarry_ws/install/kinect2_bridge/share/kinect2_bridge/hook/cmake_prefix_path.dsv'
[3.222s] [34mcolcon.colcon_core.shell[0m [1;30mINFO[0m Creating environment hook '/home/duy/cocarry_ws/install/kinect2_bridge/share/kinect2_bridge/hook/cmake_prefix_path.sh'
[3.227s] [34mcolcon.colcon_core.environment[0m [1;30mLevel 1[0m checking '/home/duy/cocarry_ws/install/kinect2_bridge/lib'
[3.227s] [34mcolcon.colcon_core.environment[0m [1;30mLevel 1[0m checking '/home/duy/cocarry_ws/install/kinect2_bridge/bin'
[3.228s] [34mcolcon.colcon_core.environment[0m [1;30mLevel 1[0m checking '/home/duy/cocarry_ws/install/kinect2_bridge/lib/pkgconfig/kinect2_bridge.pc'
[3.228s] [34mcolcon.colcon_core.environment[0m [1;30mLevel 1[0m checking '/home/duy/cocarry_ws/install/kinect2_bridge/lib/python3.10/site-packages'
[3.229s] [34mcolcon.colcon_core.environment[0m [1;30mLevel 1[0m checking '/home/duy/cocarry_ws/install/kinect2_bridge/bin'
[3.234s] [34mcolcon.colcon_core.shell[0m [1;30mINFO[0m Creating package script '/home/duy/cocarry_ws/install/kinect2_bridge/share/kinect2_bridge/package.ps1'
[3.236s] [34mcolcon.colcon_core.shell[0m [1;30mINFO[0m Creating package descriptor '/home/duy/cocarry_ws/install/kinect2_bridge/share/kinect2_bridge/package.dsv'
[3.239s] [34mcolcon.colcon_core.shell[0m [1;30mINFO[0m Creating package script '/home/duy/cocarry_ws/install/kinect2_bridge/share/kinect2_bridge/package.sh'
[3.240s] [34mcolcon.colcon_core.shell[0m [1;30mINFO[0m Creating package script '/home/duy/cocarry_ws/install/kinect2_bridge/share/kinect2_bridge/package.bash'
[3.242s] [34mcolcon.colcon_core.shell[0m [1;30mINFO[0m Creating package script '/home/duy/cocarry_ws/install/kinect2_bridge/share/kinect2_bridge/package.zsh'
[3.243s] [34mcolcon.colcon_core.environment[0m [1;30mLevel 1[0m create_file_with_runtime_dependencies(/home/duy/cocarry_ws/install/kinect2_bridge/share/colcon-core/packages/kinect2_bridge)
[3.244s] [34mcolcon.colcon_ros.task.ament_cmake.build[0m [1;30mINFO[0m Building ROS package in '/home/duy/cocarry_ws/src/kinect2_ros2/kinect2_calibration' with build type 'ament_cmake'
[3.244s] [34mcolcon.colcon_cmake.task.cmake.build[0m [1;30mINFO[0m Building CMake package in '/home/duy/cocarry_ws/src/kinect2_ros2/kinect2_calibration'
[3.245s] [34mcolcon.colcon_core.shell[0m [1;30mINFO[0m Skip shell extension 'powershell' for command environment: Not usable outside of PowerShell
[3.245s] [34mcolcon.colcon_core.shell[0m [1;30mDEBUG[0m [32mSkip shell extension 'dsv' for command environment[0m
[3.362s] [34mcolcon.colcon_core.event_handler.log_command[0m [1;30mDEBUG[0m [32mInvoking command in '/home/duy/cocarry_ws/build/kinect2_calibration': AMENT_PREFIX_PATH=/home/duy/cocarry_ws/install/kinect2_bridge:/home/duy/cocarry_ws/install/kinect2_registration:${AMENT_PREFIX_PATH} CMAKE_PREFIX_PATH=/home/duy/cocarry_ws/install/kinect2_bridge:/home/duy/cocarry_ws/install/kinect2_registration:/opt/ros/humble LD_LIBRARY_PATH=/home/duy/cocarry_ws/install/kinect2_registration/lib:${LD_LIBRARY_PATH} /usr/bin/cmake /home/duy/cocarry_ws/src/kinect2_ros2/kinect2_calibration -DAMENT_CMAKE_SYMLINK_INSTALL=1 -DCMAKE_INSTALL_PREFIX=/home/duy/cocarry_ws/install/kinect2_calibration[0m
[5.735s] [34mcolcon.colcon_core.event_handler.log_command[0m [1;30mDEBUG[0m [32mInvoked command in '/home/duy/cocarry_ws/build/trac_ik_kinematics' returned '0': AMENT_PREFIX_PATH=/home/duy/cocarry_ws/install/trac_ik_lib:${AMENT_PREFIX_PATH} CMAKE_PREFIX_PATH=/home/duy/cocarry_ws/install/trac_ik_lib:/opt/ros/humble LD_LIBRARY_PATH=/home/duy/cocarry_ws/install/trac_ik_lib/lib:${LD_LIBRARY_PATH} /usr/bin/cmake /home/duy/cocarry_ws/src/trac_ik/trac_ik_kinematics -DAMENT_CMAKE_SYMLINK_INSTALL=1 -DCMAKE_INSTALL_PREFIX=/home/duy/cocarry_ws/install/trac_ik_kinematics[0m
[5.736s] [34mcolcon.colcon_core.event_handler.log_command[0m [1;30mDEBUG[0m [32mInvoking command in '/home/duy/cocarry_ws/build/trac_ik_kinematics': AMENT_PREFIX_PATH=/home/duy/cocarry_ws/install/trac_ik_lib:${AMENT_PREFIX_PATH} CMAKE_PREFIX_PATH=/home/duy/cocarry_ws/install/trac_ik_lib:/opt/ros/humble LD_LIBRARY_PATH=/home/duy/cocarry_ws/install/trac_ik_lib/lib:${LD_LIBRARY_PATH} /usr/bin/cmake --build /home/duy/cocarry_ws/build/trac_ik_kinematics -- -j16 -l16[0m
[6.118s] [34mcolcon.colcon_core.event_handler.log_command[0m [1;30mDEBUG[0m [32mInvoked command in '/home/duy/cocarry_ws/build/motoros2_interfaces' returned '0': CMAKE_PREFIX_PATH=/opt/ros/humble /usr/bin/cmake /home/duy/cocarry_ws/src/yaskawa-global/motoros2_interfaces -DAMENT_CMAKE_SYMLINK_INSTALL=1 -DCMAKE_INSTALL_PREFIX=/home/duy/cocarry_ws/install/motoros2_interfaces[0m
[6.131s] [34mcolcon.colcon_core.event_handler.log_command[0m [1;30mDEBUG[0m [32mInvoking command in '/home/duy/cocarry_ws/build/motoros2_interfaces': CMAKE_PREFIX_PATH=/opt/ros/humble /usr/bin/cmake --build /home/duy/cocarry_ws/build/motoros2_interfaces -- -j16 -l16[0m
[6.292s] [34mcolcon.colcon_core.event_handler.log_command[0m [1;30mDEBUG[0m [32mInvoked command in '/home/duy/cocarry_ws/build/trac_ik_kinematics' returned '0': AMENT_PREFIX_PATH=/home/duy/cocarry_ws/install/trac_ik_lib:${AMENT_PREFIX_PATH} CMAKE_PREFIX_PATH=/home/duy/cocarry_ws/install/trac_ik_lib:/opt/ros/humble LD_LIBRARY_PATH=/home/duy/cocarry_ws/install/trac_ik_lib/lib:${LD_LIBRARY_PATH} /usr/bin/cmake --build /home/duy/cocarry_ws/build/trac_ik_kinematics -- -j16 -l16[0m
[6.300s] [34mcolcon.colcon_core.event_handler.log_command[0m [1;30mDEBUG[0m [32mInvoking command in '/home/duy/cocarry_ws/build/trac_ik_kinematics': AMENT_PREFIX_PATH=/home/duy/cocarry_ws/install/trac_ik_lib:${AMENT_PREFIX_PATH} CMAKE_PREFIX_PATH=/home/duy/cocarry_ws/install/trac_ik_lib:/opt/ros/humble LD_LIBRARY_PATH=/home/duy/cocarry_ws/install/trac_ik_lib/lib:${LD_LIBRARY_PATH} /usr/bin/cmake --install /home/duy/cocarry_ws/build/trac_ik_kinematics[0m
[6.442s] [34mcolcon.colcon_core.environment[0m [1;30mLevel 1[0m create_environment_scripts_only(trac_ik_kinematics)
[6.443s] [34mcolcon.colcon_core.environment[0m [1;30mLevel 1[0m checking '/home/duy/cocarry_ws/install/trac_ik_kinematics' for CMake module files
[6.444s] [34mcolcon.colcon_core.event_handler.log_command[0m [1;30mDEBUG[0m [32mInvoked command in '/home/duy/cocarry_ws/build/trac_ik_kinematics' returned '0': AMENT_PREFIX_PATH=/home/duy/cocarry_ws/install/trac_ik_lib:${AMENT_PREFIX_PATH} CMAKE_PREFIX_PATH=/home/duy/cocarry_ws/install/trac_ik_lib:/opt/ros/humble LD_LIBRARY_PATH=/home/duy/cocarry_ws/install/trac_ik_lib/lib:${LD_LIBRARY_PATH} /usr/bin/cmake --install /home/duy/cocarry_ws/build/trac_ik_kinematics[0m
[6.446s] [34mcolcon.colcon_core.environment[0m [1;30mLevel 1[0m checking '/home/duy/cocarry_ws/install/trac_ik_kinematics' for CMake config files
[6.446s] [34mcolcon.colcon_core.shell[0m [1;30mLevel 1[0m create_environment_hook('trac_ik_kinematics', 'cmake_prefix_path')
[6.447s] [34mcolcon.colcon_core.shell[0m [1;30mINFO[0m Creating environment hook '/home/duy/cocarry_ws/install/trac_ik_kinematics/share/trac_ik_kinematics/hook/cmake_prefix_path.ps1'
[6.449s] [34mcolcon.colcon_core.shell[0m [1;30mINFO[0m Creating environment descriptor '/home/duy/cocarry_ws/install/trac_ik_kinematics/share/trac_ik_kinematics/hook/cmake_prefix_path.dsv'
[6.450s] [34mcolcon.colcon_core.shell[0m [1;30mINFO[0m Creating environment hook '/home/duy/cocarry_ws/install/trac_ik_kinematics/share/trac_ik_kinematics/hook/cmake_prefix_path.sh'
[6.453s] [34mcolcon.colcon_core.environment[0m [1;30mLevel 1[0m checking '/home/duy/cocarry_ws/install/trac_ik_kinematics/lib'
[6.453s] [34mcolcon.colcon_core.shell[0m [1;30mLevel 1[0m create_environment_hook('trac_ik_kinematics', 'ld_library_path_lib')
[6.454s] [34mcolcon.colcon_core.shell[0m [1;30mINFO[0m Creating environment hook '/home/duy/cocarry_ws/install/trac_ik_kinematics/share/trac_ik_kinematics/hook/ld_library_path_lib.ps1'
[6.456s] [34mcolcon.colcon_core.shell[0m [1;30mINFO[0m Creating environment descriptor '/home/duy/cocarry_ws/install/trac_ik_kinematics/share/trac_ik_kinematics/hook/ld_library_path_lib.dsv'
[6.458s] [34mcolcon.colcon_core.shell[0m [1;30mINFO[0m Creating environment hook '/home/duy/cocarry_ws/install/trac_ik_kinematics/share/trac_ik_kinematics/hook/ld_library_path_lib.sh'
[6.460s] [34mcolcon.colcon_core.environment[0m [1;30mLevel 1[0m checking '/home/duy/cocarry_ws/install/trac_ik_kinematics/bin'
[6.460s] [34mcolcon.colcon_core.environment[0m [1;30mLevel 1[0m checking '/home/duy/cocarry_ws/install/trac_ik_kinematics/lib/pkgconfig/trac_ik_kinematics.pc'
[6.461s] [34mcolcon.colcon_core.environment[0m [1;30mLevel 1[0m checking '/home/duy/cocarry_ws/install/trac_ik_kinematics/lib/python3.10/site-packages'
[6.463s] [34mcolcon.colcon_core.environment[0m [1;30mLevel 1[0m checking '/home/duy/cocarry_ws/install/trac_ik_kinematics/bin'
[6.464s] [34mcolcon.colcon_core.shell[0m [1;30mINFO[0m Creating package script '/home/duy/cocarry_ws/install/trac_ik_kinematics/share/trac_ik_kinematics/package.ps1'
[6.467s] [34mcolcon.colcon_core.shell[0m [1;30mINFO[0m Creating package descriptor '/home/duy/cocarry_ws/install/trac_ik_kinematics/share/trac_ik_kinematics/package.dsv'
[6.472s] [34mcolcon.colcon_core.shell[0m [1;30mINFO[0m Creating package script '/home/duy/cocarry_ws/install/trac_ik_kinematics/share/trac_ik_kinematics/package.sh'
[6.474s] [34mcolcon.colcon_core.shell[0m [1;30mINFO[0m Creating package script '/home/duy/cocarry_ws/install/trac_ik_kinematics/share/trac_ik_kinematics/package.bash'
[6.476s] [34mcolcon.colcon_core.shell[0m [1;30mINFO[0m Creating package script '/home/duy/cocarry_ws/install/trac_ik_kinematics/share/trac_ik_kinematics/package.zsh'
[6.478s] [34mcolcon.colcon_core.environment[0m [1;30mLevel 1[0m create_file_with_runtime_dependencies(/home/duy/cocarry_ws/install/trac_ik_kinematics/share/colcon-core/packages/trac_ik_kinematics)
[6.480s] [34mcolcon.colcon_core.environment[0m [1;30mLevel 1[0m create_environment_scripts_only(trac_ik_kinematics)
[6.481s] [34mcolcon.colcon_core.environment[0m [1;30mLevel 1[0m checking '/home/duy/cocarry_ws/install/trac_ik_kinematics' for CMake module files
[6.483s] [34mcolcon.colcon_core.environment[0m [1;30mLevel 1[0m checking '/home/duy/cocarry_ws/install/trac_ik_kinematics' for CMake config files
[6.485s] [34mcolcon.colcon_core.shell[0m [1;30mLevel 1[0m create_environment_hook('trac_ik_kinematics', 'cmake_prefix_path')
[6.486s] [34mcolcon.colcon_core.shell[0m [1;30mINFO[0m Creating environment hook '/home/duy/cocarry_ws/install/trac_ik_kinematics/share/trac_ik_kinematics/hook/cmake_prefix_path.ps1'
[6.490s] [34mcolcon.colcon_core.shell[0m [1;30mINFO[0m Creating environment descriptor '/home/duy/cocarry_ws/install/trac_ik_kinematics/share/trac_ik_kinematics/hook/cmake_prefix_path.dsv'
[6.491s] [34mcolcon.colcon_core.shell[0m [1;30mINFO[0m Creating environment hook '/home/duy/cocarry_ws/install/trac_ik_kinematics/share/trac_ik_kinematics/hook/cmake_prefix_path.sh'
[6.494s] [34mcolcon.colcon_core.environment[0m [1;30mLevel 1[0m checking '/home/duy/cocarry_ws/install/trac_ik_kinematics/lib'
[6.494s] [34mcolcon.colcon_core.shell[0m [1;30mLevel 1[0m create_environment_hook('trac_ik_kinematics', 'ld_library_path_lib')
[6.500s] [34mcolcon.colcon_core.shell[0m [1;30mINFO[0m Creating environment hook '/home/duy/cocarry_ws/install/trac_ik_kinematics/share/trac_ik_kinematics/hook/ld_library_path_lib.ps1'
[6.501s] [34mcolcon.colcon_core.shell[0m [1;30mINFO[0m Creating environment descriptor '/home/duy/cocarry_ws/install/trac_ik_kinematics/share/trac_ik_kinematics/hook/ld_library_path_lib.dsv'
[6.502s] [34mcolcon.colcon_core.shell[0m [1;30mINFO[0m Creating environment hook '/home/duy/cocarry_ws/install/trac_ik_kinematics/share/trac_ik_kinematics/hook/ld_library_path_lib.sh'
[6.505s] [34mcolcon.colcon_core.environment[0m [1;30mLevel 1[0m checking '/home/duy/cocarry_ws/install/trac_ik_kinematics/bin'
[6.505s] [34mcolcon.colcon_core.environment[0m [1;30mLevel 1[0m checking '/home/duy/cocarry_ws/install/trac_ik_kinematics/lib/pkgconfig/trac_ik_kinematics.pc'
[6.506s] [34mcolcon.colcon_core.environment[0m [1;30mLevel 1[0m checking '/home/duy/cocarry_ws/install/trac_ik_kinematics/lib/python3.10/site-packages'
[6.507s] [34mcolcon.colcon_core.environment[0m [1;30mLevel 1[0m checking '/home/duy/cocarry_ws/install/trac_ik_kinematics/bin'
[6.508s] [34mcolcon.colcon_core.shell[0m [1;30mINFO[0m Creating package script '/home/duy/cocarry_ws/install/trac_ik_kinematics/share/trac_ik_kinematics/package.ps1'
[6.510s] [34mcolcon.colcon_core.shell[0m [1;30mINFO[0m Creating package descriptor '/home/duy/cocarry_ws/install/trac_ik_kinematics/share/trac_ik_kinematics/package.dsv'
[6.512s] [34mcolcon.colcon_core.shell[0m [1;30mINFO[0m Creating package script '/home/duy/cocarry_ws/install/trac_ik_kinematics/share/trac_ik_kinematics/package.sh'
[6.513s] [34mcolcon.colcon_core.shell[0m [1;30mINFO[0m Creating package script '/home/duy/cocarry_ws/install/trac_ik_kinematics/share/trac_ik_kinematics/package.bash'
[6.514s] [34mcolcon.colcon_core.shell[0m [1;30mINFO[0m Creating package script '/home/duy/cocarry_ws/install/trac_ik_kinematics/share/trac_ik_kinematics/package.zsh'
[6.515s] [34mcolcon.colcon_core.environment[0m [1;30mLevel 1[0m create_file_with_runtime_dependencies(/home/duy/cocarry_ws/install/trac_ik_kinematics/share/colcon-core/packages/trac_ik_kinematics)
[6.516s] [34mcolcon.colcon_ros.task.ament_cmake.build[0m [1;30mINFO[0m Building ROS package in '/home/duy/cocarry_ws/src/trac_ik/trac_ik' with build type 'ament_cmake'
[6.516s] [34mcolcon.colcon_cmake.task.cmake.build[0m [1;30mINFO[0m Building CMake package in '/home/duy/cocarry_ws/src/trac_ik/trac_ik'
[6.517s] [34mcolcon.colcon_core.shell[0m [1;30mINFO[0m Skip shell extension 'powershell' for command environment: Not usable outside of PowerShell
[6.517s] [34mcolcon.colcon_core.shell[0m [1;30mDEBUG[0m [32mSkip shell extension 'dsv' for command environment[0m
[6.619s] [34mcolcon.colcon_core.event_handler.log_command[0m [1;30mDEBUG[0m [32mInvoking command in '/home/duy/cocarry_ws/build/trac_ik': AMENT_PREFIX_PATH=/home/duy/cocarry_ws/install/trac_ik_kinematics:/home/duy/cocarry_ws/install/trac_ik_lib:${AMENT_PREFIX_PATH} CMAKE_PREFIX_PATH=/home/duy/cocarry_ws/install/trac_ik_kinematics:/home/duy/cocarry_ws/install/trac_ik_lib:/opt/ros/humble LD_LIBRARY_PATH=/home/duy/cocarry_ws/install/trac_ik_kinematics/lib:/home/duy/cocarry_ws/install/trac_ik_lib/lib:${LD_LIBRARY_PATH} /usr/bin/cmake /home/duy/cocarry_ws/src/trac_ik/trac_ik -DAMENT_CMAKE_SYMLINK_INSTALL=1 -DCMAKE_INSTALL_PREFIX=/home/duy/cocarry_ws/install/trac_ik[0m
[8.146s] [34mcolcon.colcon_core.event_handler.log_command[0m [1;30mDEBUG[0m [32mInvoked command in '/home/duy/cocarry_ws/build/trac_ik' returned '0': AMENT_PREFIX_PATH=/home/duy/cocarry_ws/install/trac_ik_kinematics:/home/duy/cocarry_ws/install/trac_ik_lib:${AMENT_PREFIX_PATH} CMAKE_PREFIX_PATH=/home/duy/cocarry_ws/install/trac_ik_kinematics:/home/duy/cocarry_ws/install/trac_ik_lib:/opt/ros/humble LD_LIBRARY_PATH=/home/duy/cocarry_ws/install/trac_ik_kinematics/lib:/home/duy/cocarry_ws/install/trac_ik_lib/lib:${LD_LIBRARY_PATH} /usr/bin/cmake /home/duy/cocarry_ws/src/trac_ik/trac_ik -DAMENT_CMAKE_SYMLINK_INSTALL=1 -DCMAKE_INSTALL_PREFIX=/home/duy/cocarry_ws/install/trac_ik[0m
[8.150s] [34mcolcon.colcon_core.event_handler.log_command[0m [1;30mDEBUG[0m [32mInvoking command in '/home/duy/cocarry_ws/build/trac_ik': AMENT_PREFIX_PATH=/home/duy/cocarry_ws/install/trac_ik_kinematics:/home/duy/cocarry_ws/install/trac_ik_lib:${AMENT_PREFIX_PATH} CMAKE_PREFIX_PATH=/home/duy/cocarry_ws/install/trac_ik_kinematics:/home/duy/cocarry_ws/install/trac_ik_lib:/opt/ros/humble LD_LIBRARY_PATH=/home/duy/cocarry_ws/install/trac_ik_kinematics/lib:/home/duy/cocarry_ws/install/trac_ik_lib/lib:${LD_LIBRARY_PATH} /usr/bin/cmake --build /home/duy/cocarry_ws/build/trac_ik -- -j16 -l16[0m
[8.459s] [34mcolcon.colcon_core.event_handler.log_command[0m [1;30mDEBUG[0m [32mInvoked command in '/home/duy/cocarry_ws/build/trac_ik' returned '0': AMENT_PREFIX_PATH=/home/duy/cocarry_ws/install/trac_ik_kinematics:/home/duy/cocarry_ws/install/trac_ik_lib:${AMENT_PREFIX_PATH} CMAKE_PREFIX_PATH=/home/duy/cocarry_ws/install/trac_ik_kinematics:/home/duy/cocarry_ws/install/trac_ik_lib:/opt/ros/humble LD_LIBRARY_PATH=/home/duy/cocarry_ws/install/trac_ik_kinematics/lib:/home/duy/cocarry_ws/install/trac_ik_lib/lib:${LD_LIBRARY_PATH} /usr/bin/cmake --build /home/duy/cocarry_ws/build/trac_ik -- -j16 -l16[0m
[8.473s] [34mcolcon.colcon_core.event_handler.log_command[0m [1;30mDEBUG[0m [32mInvoking command in '/home/duy/cocarry_ws/build/trac_ik': AMENT_PREFIX_PATH=/home/duy/cocarry_ws/install/trac_ik_kinematics:/home/duy/cocarry_ws/install/trac_ik_lib:${AMENT_PREFIX_PATH} CMAKE_PREFIX_PATH=/home/duy/cocarry_ws/install/trac_ik_kinematics:/home/duy/cocarry_ws/install/trac_ik_lib:/opt/ros/humble LD_LIBRARY_PATH=/home/duy/cocarry_ws/install/trac_ik_kinematics/lib:/home/duy/cocarry_ws/install/trac_ik_lib/lib:${LD_LIBRARY_PATH} /usr/bin/cmake --install /home/duy/cocarry_ws/build/trac_ik[0m
[8.537s] [34mcolcon.colcon_core.event_handler.log_command[0m [1;30mDEBUG[0m [32mInvoked command in '/home/duy/cocarry_ws/build/kinect2_calibration' returned '0': AMENT_PREFIX_PATH=/home/duy/cocarry_ws/install/kinect2_bridge:/home/duy/cocarry_ws/install/kinect2_registration:${AMENT_PREFIX_PATH} CMAKE_PREFIX_PATH=/home/duy/cocarry_ws/install/kinect2_bridge:/home/duy/cocarry_ws/install/kinect2_registration:/opt/ros/humble LD_LIBRARY_PATH=/home/duy/cocarry_ws/install/kinect2_registration/lib:${LD_LIBRARY_PATH} /usr/bin/cmake /home/duy/cocarry_ws/src/kinect2_ros2/kinect2_calibration -DAMENT_CMAKE_SYMLINK_INSTALL=1 -DCMAKE_INSTALL_PREFIX=/home/duy/cocarry_ws/install/kinect2_calibration[0m
[8.538s] [34mcolcon.colcon_core.event_handler.log_command[0m [1;30mDEBUG[0m [32mInvoking command in '/home/duy/cocarry_ws/build/kinect2_calibration': AMENT_PREFIX_PATH=/home/duy/cocarry_ws/install/kinect2_bridge:/home/duy/cocarry_ws/install/kinect2_registration:${AMENT_PREFIX_PATH} CMAKE_PREFIX_PATH=/home/duy/cocarry_ws/install/kinect2_bridge:/home/duy/cocarry_ws/install/kinect2_registration:/opt/ros/humble LD_LIBRARY_PATH=/home/duy/cocarry_ws/install/kinect2_registration/lib:${LD_LIBRARY_PATH} /usr/bin/cmake --build /home/duy/cocarry_ws/build/kinect2_calibration -- -j16 -l16[0m
[8.702s] [34mcolcon.colcon_core.environment[0m [1;30mLevel 1[0m create_environment_scripts_only(trac_ik)
[8.703s] [34mcolcon.colcon_core.environment[0m [1;30mLevel 1[0m checking '/home/duy/cocarry_ws/install/trac_ik' for CMake module files
[8.709s] [34mcolcon.colcon_core.environment[0m [1;30mLevel 1[0m checking '/home/duy/cocarry_ws/install/trac_ik' for CMake config files
[8.711s] [34mcolcon.colcon_core.shell[0m [1;30mLevel 1[0m create_environment_hook('trac_ik', 'cmake_prefix_path')
[8.710s] [34mcolcon.colcon_core.event_handler.log_command[0m [1;30mDEBUG[0m [32mInvoked command in '/home/duy/cocarry_ws/build/trac_ik' returned '0': AMENT_PREFIX_PATH=/home/duy/cocarry_ws/install/trac_ik_kinematics:/home/duy/cocarry_ws/install/trac_ik_lib:${AMENT_PREFIX_PATH} CMAKE_PREFIX_PATH=/home/duy/cocarry_ws/install/trac_ik_kinematics:/home/duy/cocarry_ws/install/trac_ik_lib:/opt/ros/humble LD_LIBRARY_PATH=/home/duy/cocarry_ws/install/trac_ik_kinematics/lib:/home/duy/cocarry_ws/install/trac_ik_lib/lib:${LD_LIBRARY_PATH} /usr/bin/cmake --install /home/duy/cocarry_ws/build/trac_ik[0m
[8.718s] [34mcolcon.colcon_core.shell[0m [1;30mINFO[0m Creating environment hook '/home/duy/cocarry_ws/install/trac_ik/share/trac_ik/hook/cmake_prefix_path.ps1'
[8.728s] [34mcolcon.colcon_core.shell[0m [1;30mINFO[0m Creating environment descriptor '/home/duy/cocarry_ws/install/trac_ik/share/trac_ik/hook/cmake_prefix_path.dsv'
[8.732s] [34mcolcon.colcon_core.shell[0m [1;30mINFO[0m Creating environment hook '/home/duy/cocarry_ws/install/trac_ik/share/trac_ik/hook/cmake_prefix_path.sh'
[8.743s] [34mcolcon.colcon_core.environment[0m [1;30mLevel 1[0m checking '/home/duy/cocarry_ws/install/trac_ik/bin'
[8.746s] [34mcolcon.colcon_core.environment[0m [1;30mLevel 1[0m checking '/home/duy/cocarry_ws/install/trac_ik/lib/pkgconfig/trac_ik.pc'
[8.747s] [34mcolcon.colcon_core.environment[0m [1;30mLevel 1[0m checking '/home/duy/cocarry_ws/install/trac_ik/lib/python3.10/site-packages'
[8.756s] [34mcolcon.colcon_core.environment[0m [1;30mLevel 1[0m checking '/home/duy/cocarry_ws/install/trac_ik/bin'
[8.760s] [34mcolcon.colcon_core.shell[0m [1;30mINFO[0m Creating package script '/home/duy/cocarry_ws/install/trac_ik/share/trac_ik/package.ps1'
[8.774s] [34mcolcon.colcon_core.shell[0m [1;30mINFO[0m Creating package descriptor '/home/duy/cocarry_ws/install/trac_ik/share/trac_ik/package.dsv'
[8.783s] [34mcolcon.colcon_core.shell[0m [1;30mINFO[0m Creating package script '/home/duy/cocarry_ws/install/trac_ik/share/trac_ik/package.sh'
[8.795s] [34mcolcon.colcon_core.shell[0m [1;30mINFO[0m Creating package script '/home/duy/cocarry_ws/install/trac_ik/share/trac_ik/package.bash'
[8.800s] [34mcolcon.colcon_core.shell[0m [1;30mINFO[0m Creating package script '/home/duy/cocarry_ws/install/trac_ik/share/trac_ik/package.zsh'
[8.812s] [34mcolcon.colcon_core.environment[0m [1;30mLevel 1[0m create_file_with_runtime_dependencies(/home/duy/cocarry_ws/install/trac_ik/share/colcon-core/packages/trac_ik)
[8.819s] [34mcolcon.colcon_core.environment[0m [1;30mLevel 1[0m create_environment_scripts_only(trac_ik)
[8.828s] [34mcolcon.colcon_core.environment[0m [1;30mLevel 1[0m checking '/home/duy/cocarry_ws/install/trac_ik' for CMake module files
[8.836s] [34mcolcon.colcon_core.environment[0m [1;30mLevel 1[0m checking '/home/duy/cocarry_ws/install/trac_ik' for CMake config files
[8.837s] [34mcolcon.colcon_core.shell[0m [1;30mLevel 1[0m create_environment_hook('trac_ik', 'cmake_prefix_path')
[8.842s] [34mcolcon.colcon_core.shell[0m [1;30mINFO[0m Creating environment hook '/home/duy/cocarry_ws/install/trac_ik/share/trac_ik/hook/cmake_prefix_path.ps1'
[8.862s] [34mcolcon.colcon_core.shell[0m [1;30mINFO[0m Creating environment descriptor '/home/duy/cocarry_ws/install/trac_ik/share/trac_ik/hook/cmake_prefix_path.dsv'
[8.874s] [34mcolcon.colcon_core.shell[0m [1;30mINFO[0m Creating environment hook '/home/duy/cocarry_ws/install/trac_ik/share/trac_ik/hook/cmake_prefix_path.sh'
[8.887s] [34mcolcon.colcon_core.environment[0m [1;30mLevel 1[0m checking '/home/duy/cocarry_ws/install/trac_ik/bin'
[8.888s] [34mcolcon.colcon_core.environment[0m [1;30mLevel 1[0m checking '/home/duy/cocarry_ws/install/trac_ik/lib/pkgconfig/trac_ik.pc'
[8.890s] [34mcolcon.colcon_core.environment[0m [1;30mLevel 1[0m checking '/home/duy/cocarry_ws/install/trac_ik/lib/python3.10/site-packages'
[8.908s] [34mcolcon.colcon_core.environment[0m [1;30mLevel 1[0m checking '/home/duy/cocarry_ws/install/trac_ik/bin'
[8.919s] [34mcolcon.colcon_core.shell[0m [1;30mINFO[0m Creating package script '/home/duy/cocarry_ws/install/trac_ik/share/trac_ik/package.ps1'
[8.924s] [34mcolcon.colcon_core.shell[0m [1;30mINFO[0m Creating package descriptor '/home/duy/cocarry_ws/install/trac_ik/share/trac_ik/package.dsv'
[8.928s] [34mcolcon.colcon_core.shell[0m [1;30mINFO[0m Creating package script '/home/duy/cocarry_ws/install/trac_ik/share/trac_ik/package.sh'
[8.933s] [34mcolcon.colcon_core.shell[0m [1;30mINFO[0m Creating package script '/home/duy/cocarry_ws/install/trac_ik/share/trac_ik/package.bash'
[8.937s] [34mcolcon.colcon_core.shell[0m [1;30mINFO[0m Creating package script '/home/duy/cocarry_ws/install/trac_ik/share/trac_ik/package.zsh'
[8.941s] [34mcolcon.colcon_core.environment[0m [1;30mLevel 1[0m create_file_with_runtime_dependencies(/home/duy/cocarry_ws/install/trac_ik/share/colcon-core/packages/trac_ik)
[9.270s] [34mcolcon.colcon_core.event_handler.log_command[0m [1;30mDEBUG[0m [32mInvoked command in '/home/duy/cocarry_ws/build/kinect2_calibration' returned '0': AMENT_PREFIX_PATH=/home/duy/cocarry_ws/install/kinect2_bridge:/home/duy/cocarry_ws/install/kinect2_registration:${AMENT_PREFIX_PATH} CMAKE_PREFIX_PATH=/home/duy/cocarry_ws/install/kinect2_bridge:/home/duy/cocarry_ws/install/kinect2_registration:/opt/ros/humble LD_LIBRARY_PATH=/home/duy/cocarry_ws/install/kinect2_registration/lib:${LD_LIBRARY_PATH} /usr/bin/cmake --build /home/duy/cocarry_ws/build/kinect2_calibration -- -j16 -l16[0m
[9.273s] [34mcolcon.colcon_core.event_handler.log_command[0m [1;30mDEBUG[0m [32mInvoking command in '/home/duy/cocarry_ws/build/kinect2_calibration': AMENT_PREFIX_PATH=/home/duy/cocarry_ws/install/kinect2_bridge:/home/duy/cocarry_ws/install/kinect2_registration:${AMENT_PREFIX_PATH} CMAKE_PREFIX_PATH=/home/duy/cocarry_ws/install/kinect2_bridge:/home/duy/cocarry_ws/install/kinect2_registration:/opt/ros/humble LD_LIBRARY_PATH=/home/duy/cocarry_ws/install/kinect2_registration/lib:${LD_LIBRARY_PATH} /usr/bin/cmake --install /home/duy/cocarry_ws/build/kinect2_calibration[0m
[9.446s] [34mcolcon.colcon_core.environment[0m [1;30mLevel 1[0m create_environment_scripts_only(kinect2_calibration)
[9.452s] [34mcolcon.colcon_core.environment[0m [1;30mLevel 1[0m checking '/home/duy/cocarry_ws/install/kinect2_calibration' for CMake module files
[9.455s] [34mcolcon.colcon_core.environment[0m [1;30mLevel 1[0m checking '/home/duy/cocarry_ws/install/kinect2_calibration' for CMake config files
[9.455s] [34mcolcon.colcon_core.event_handler.log_command[0m [1;30mDEBUG[0m [32mInvoked command in '/home/duy/cocarry_ws/build/kinect2_calibration' returned '0': AMENT_PREFIX_PATH=/home/duy/cocarry_ws/install/kinect2_bridge:/home/duy/cocarry_ws/install/kinect2_registration:${AMENT_PREFIX_PATH} CMAKE_PREFIX_PATH=/home/duy/cocarry_ws/install/kinect2_bridge:/home/duy/cocarry_ws/install/kinect2_registration:/opt/ros/humble LD_LIBRARY_PATH=/home/duy/cocarry_ws/install/kinect2_registration/lib:${LD_LIBRARY_PATH} /usr/bin/cmake --install /home/duy/cocarry_ws/build/kinect2_calibration[0m
[9.458s] [34mcolcon.colcon_core.shell[0m [1;30mLevel 1[0m create_environment_hook('kinect2_calibration', 'cmake_prefix_path')
[9.459s] [34mcolcon.colcon_core.shell[0m [1;30mINFO[0m Creating environment hook '/home/duy/cocarry_ws/install/kinect2_calibration/share/kinect2_calibration/hook/cmake_prefix_path.ps1'
[9.461s] [34mcolcon.colcon_core.shell[0m [1;30mINFO[0m Creating environment descriptor '/home/duy/cocarry_ws/install/kinect2_calibration/share/kinect2_calibration/hook/cmake_prefix_path.dsv'
[9.462s] [34mcolcon.colcon_core.shell[0m [1;30mINFO[0m Creating environment hook '/home/duy/cocarry_ws/install/kinect2_calibration/share/kinect2_calibration/hook/cmake_prefix_path.sh'
[9.468s] [34mcolcon.colcon_core.environment[0m [1;30mLevel 1[0m checking '/home/duy/cocarry_ws/install/kinect2_calibration/lib'
[9.469s] [34mcolcon.colcon_core.environment[0m [1;30mLevel 1[0m checking '/home/duy/cocarry_ws/install/kinect2_calibration/bin'
[9.469s] [34mcolcon.colcon_core.environment[0m [1;30mLevel 1[0m checking '/home/duy/cocarry_ws/install/kinect2_calibration/lib/pkgconfig/kinect2_calibration.pc'
[9.470s] [34mcolcon.colcon_core.environment[0m [1;30mLevel 1[0m checking '/home/duy/cocarry_ws/install/kinect2_calibration/lib/python3.10/site-packages'
[9.471s] [34mcolcon.colcon_core.environment[0m [1;30mLevel 1[0m checking '/home/duy/cocarry_ws/install/kinect2_calibration/bin'
[9.473s] [34mcolcon.colcon_core.shell[0m [1;30mINFO[0m Creating package script '/home/duy/cocarry_ws/install/kinect2_calibration/share/kinect2_calibration/package.ps1'
[9.475s] [34mcolcon.colcon_core.shell[0m [1;30mINFO[0m Creating package descriptor '/home/duy/cocarry_ws/install/kinect2_calibration/share/kinect2_calibration/package.dsv'
[9.476s] [34mcolcon.colcon_core.shell[0m [1;30mINFO[0m Creating package script '/home/duy/cocarry_ws/install/kinect2_calibration/share/kinect2_calibration/package.sh'
[9.480s] [34mcolcon.colcon_core.shell[0m [1;30mINFO[0m Creating package script '/home/duy/cocarry_ws/install/kinect2_calibration/share/kinect2_calibration/package.bash'
[9.486s] [34mcolcon.colcon_core.shell[0m [1;30mINFO[0m Creating package script '/home/duy/cocarry_ws/install/kinect2_calibration/share/kinect2_calibration/package.zsh'
[9.488s] [34mcolcon.colcon_core.environment[0m [1;30mLevel 1[0m create_file_with_runtime_dependencies(/home/duy/cocarry_ws/install/kinect2_calibration/share/colcon-core/packages/kinect2_calibration)
[9.491s] [34mcolcon.colcon_core.environment[0m [1;30mLevel 1[0m create_environment_scripts_only(kinect2_calibration)
[9.492s] [34mcolcon.colcon_core.environment[0m [1;30mLevel 1[0m checking '/home/duy/cocarry_ws/install/kinect2_calibration' for CMake module files
[9.496s] [34mcolcon.colcon_core.environment[0m [1;30mLevel 1[0m checking '/home/duy/cocarry_ws/install/kinect2_calibration' for CMake config files
[9.497s] [34mcolcon.colcon_core.shell[0m [1;30mLevel 1[0m create_environment_hook('kinect2_calibration', 'cmake_prefix_path')
[9.502s] [34mcolcon.colcon_core.shell[0m [1;30mINFO[0m Creating environment hook '/home/duy/cocarry_ws/install/kinect2_calibration/share/kinect2_calibration/hook/cmake_prefix_path.ps1'
[9.505s] [34mcolcon.colcon_core.shell[0m [1;30mINFO[0m Creating environment descriptor '/home/duy/cocarry_ws/install/kinect2_calibration/share/kinect2_calibration/hook/cmake_prefix_path.dsv'
[9.507s] [34mcolcon.colcon_core.shell[0m [1;30mINFO[0m Creating environment hook '/home/duy/cocarry_ws/install/kinect2_calibration/share/kinect2_calibration/hook/cmake_prefix_path.sh'
[9.510s] [34mcolcon.colcon_core.environment[0m [1;30mLevel 1[0m checking '/home/duy/cocarry_ws/install/kinect2_calibration/lib'
[9.511s] [34mcolcon.colcon_core.environment[0m [1;30mLevel 1[0m checking '/home/duy/cocarry_ws/install/kinect2_calibration/bin'
[9.512s] [34mcolcon.colcon_core.environment[0m [1;30mLevel 1[0m checking '/home/duy/cocarry_ws/install/kinect2_calibration/lib/pkgconfig/kinect2_calibration.pc'
[9.513s] [34mcolcon.colcon_core.environment[0m [1;30mLevel 1[0m checking '/home/duy/cocarry_ws/install/kinect2_calibration/lib/python3.10/site-packages'
[9.517s] [34mcolcon.colcon_core.environment[0m [1;30mLevel 1[0m checking '/home/duy/cocarry_ws/install/kinect2_calibration/bin'
[9.519s] [34mcolcon.colcon_core.shell[0m [1;30mINFO[0m Creating package script '/home/duy/cocarry_ws/install/kinect2_calibration/share/kinect2_calibration/package.ps1'
[9.525s] [34mcolcon.colcon_core.shell[0m [1;30mINFO[0m Creating package descriptor '/home/duy/cocarry_ws/install/kinect2_calibration/share/kinect2_calibration/package.dsv'
[9.528s] [34mcolcon.colcon_core.shell[0m [1;30mINFO[0m Creating package script '/home/duy/cocarry_ws/install/kinect2_calibration/share/kinect2_calibration/package.sh'
[9.533s] [34mcolcon.colcon_core.shell[0m [1;30mINFO[0m Creating package script '/home/duy/cocarry_ws/install/kinect2_calibration/share/kinect2_calibration/package.bash'
[9.541s] [34mcolcon.colcon_core.shell[0m [1;30mINFO[0m Creating package script '/home/duy/cocarry_ws/install/kinect2_calibration/share/kinect2_calibration/package.zsh'
[9.542s] [34mcolcon.colcon_core.environment[0m [1;30mLevel 1[0m create_file_with_runtime_dependencies(/home/duy/cocarry_ws/install/kinect2_calibration/share/colcon-core/packages/kinect2_calibration)
[11.411s] [34mcolcon.colcon_core.event_handler.log_command[0m [1;30mDEBUG[0m [32mInvoked command in '/home/duy/cocarry_ws/build/industrial_msgs' returned '0': CMAKE_PREFIX_PATH=/opt/ros/humble /usr/bin/cmake --build /home/duy/cocarry_ws/build/industrial_msgs -- -j16 -l16[0m
[11.413s] [34mcolcon.colcon_core.event_handler.log_command[0m [1;30mDEBUG[0m [32mInvoking command in '/home/duy/cocarry_ws/build/industrial_msgs': CMAKE_PREFIX_PATH=/opt/ros/humble /usr/bin/cmake --install /home/duy/cocarry_ws/build/industrial_msgs[0m
[11.462s] [34mcolcon.colcon_core.event_handler.log_command[0m [1;30mDEBUG[0m [32mInvoked command in '/home/duy/cocarry_ws/build/human_hand_msgs' returned '0': /usr/bin/cmake --build /home/duy/cocarry_ws/build/human_hand_msgs -- -j16 -l16[0m
[11.474s] [34mcolcon.colcon_core.event_handler.log_command[0m [1;30mDEBUG[0m [32mInvoking command in '/home/duy/cocarry_ws/build/human_hand_msgs': /usr/bin/cmake --install /home/duy/cocarry_ws/build/human_hand_msgs[0m
[12.043s] [34mcolcon.colcon_core.environment[0m [1;30mLevel 1[0m create_environment_scripts_only(industrial_msgs)
[12.044s] [34mcolcon.colcon_core.environment[0m [1;30mLevel 1[0m checking '/home/duy/cocarry_ws/install/industrial_msgs' for CMake module files
[12.052s] [34mcolcon.colcon_core.environment[0m [1;30mLevel 1[0m checking '/home/duy/cocarry_ws/install/industrial_msgs' for CMake config files
[12.061s] [34mcolcon.colcon_core.shell[0m [1;30mLevel 1[0m create_environment_hook('industrial_msgs', 'cmake_prefix_path')
[12.062s] [34mcolcon.colcon_core.shell[0m [1;30mINFO[0m Creating environment hook '/home/duy/cocarry_ws/install/industrial_msgs/share/industrial_msgs/hook/cmake_prefix_path.ps1'
[12.066s] [34mcolcon.colcon_core.shell[0m [1;30mINFO[0m Creating environment descriptor '/home/duy/cocarry_ws/install/industrial_msgs/share/industrial_msgs/hook/cmake_prefix_path.dsv'
[12.067s] [34mcolcon.colcon_core.shell[0m [1;30mINFO[0m Creating environment hook '/home/duy/cocarry_ws/install/industrial_msgs/share/industrial_msgs/hook/cmake_prefix_path.sh'
[12.074s] [34mcolcon.colcon_core.environment[0m [1;30mLevel 1[0m checking '/home/duy/cocarry_ws/install/industrial_msgs/lib'
[12.074s] [34mcolcon.colcon_core.shell[0m [1;30mLevel 1[0m create_environment_hook('industrial_msgs', 'ld_library_path_lib')
[12.076s] [34mcolcon.colcon_core.shell[0m [1;30mINFO[0m Creating environment hook '/home/duy/cocarry_ws/install/industrial_msgs/share/industrial_msgs/hook/ld_library_path_lib.ps1'
[12.087s] [34mcolcon.colcon_core.shell[0m [1;30mINFO[0m Creating environment descriptor '/home/duy/cocarry_ws/install/industrial_msgs/share/industrial_msgs/hook/ld_library_path_lib.dsv'
[12.088s] [34mcolcon.colcon_core.shell[0m [1;30mINFO[0m Creating environment hook '/home/duy/cocarry_ws/install/industrial_msgs/share/industrial_msgs/hook/ld_library_path_lib.sh'
[12.085s] [34mcolcon.colcon_core.event_handler.log_command[0m [1;30mDEBUG[0m [32mInvoked command in '/home/duy/cocarry_ws/build/industrial_msgs' returned '0': CMAKE_PREFIX_PATH=/opt/ros/humble /usr/bin/cmake --install /home/duy/cocarry_ws/build/industrial_msgs[0m
[12.104s] [34mcolcon.colcon_core.environment[0m [1;30mLevel 1[0m checking '/home/duy/cocarry_ws/install/industrial_msgs/bin'
[12.105s] [34mcolcon.colcon_core.environment[0m [1;30mLevel 1[0m checking '/home/duy/cocarry_ws/install/industrial_msgs/lib/pkgconfig/industrial_msgs.pc'
[12.105s] [34mcolcon.colcon_core.environment[0m [1;30mLevel 1[0m checking '/home/duy/cocarry_ws/install/industrial_msgs/lib/python3.10/site-packages'
[12.109s] [34mcolcon.colcon_core.environment[0m [1;30mLevel 1[0m checking '/home/duy/cocarry_ws/install/industrial_msgs/bin'
[12.114s] [34mcolcon.colcon_core.shell[0m [1;30mINFO[0m Creating package script '/home/duy/cocarry_ws/install/industrial_msgs/share/industrial_msgs/package.ps1'
[12.121s] [34mcolcon.colcon_core.shell[0m [1;30mINFO[0m Creating package descriptor '/home/duy/cocarry_ws/install/industrial_msgs/share/industrial_msgs/package.dsv'
[12.123s] [34mcolcon.colcon_core.shell[0m [1;30mINFO[0m Creating package script '/home/duy/cocarry_ws/install/industrial_msgs/share/industrial_msgs/package.sh'
[12.129s] [34mcolcon.colcon_core.shell[0m [1;30mINFO[0m Creating package script '/home/duy/cocarry_ws/install/industrial_msgs/share/industrial_msgs/package.bash'
[12.135s] [34mcolcon.colcon_core.shell[0m [1;30mINFO[0m Creating package script '/home/duy/cocarry_ws/install/industrial_msgs/share/industrial_msgs/package.zsh'
[12.138s] [34mcolcon.colcon_core.environment[0m [1;30mLevel 1[0m create_file_with_runtime_dependencies(/home/duy/cocarry_ws/install/industrial_msgs/share/colcon-core/packages/industrial_msgs)
[12.143s] [34mcolcon.colcon_core.environment[0m [1;30mLevel 1[0m create_environment_scripts_only(industrial_msgs)
[12.144s] [34mcolcon.colcon_core.environment[0m [1;30mLevel 1[0m checking '/home/duy/cocarry_ws/install/industrial_msgs' for CMake module files
[12.146s] [34mcolcon.colcon_core.environment[0m [1;30mLevel 1[0m checking '/home/duy/cocarry_ws/install/industrial_msgs' for CMake config files
[12.154s] [34mcolcon.colcon_core.shell[0m [1;30mLevel 1[0m create_environment_hook('industrial_msgs', 'cmake_prefix_path')
[12.158s] [34mcolcon.colcon_core.shell[0m [1;30mINFO[0m Creating environment hook '/home/duy/cocarry_ws/install/industrial_msgs/share/industrial_msgs/hook/cmake_prefix_path.ps1'
[12.161s] [34mcolcon.colcon_core.shell[0m [1;30mINFO[0m Creating environment descriptor '/home/duy/cocarry_ws/install/industrial_msgs/share/industrial_msgs/hook/cmake_prefix_path.dsv'
[12.166s] [34mcolcon.colcon_core.shell[0m [1;30mINFO[0m Creating environment hook '/home/duy/cocarry_ws/install/industrial_msgs/share/industrial_msgs/hook/cmake_prefix_path.sh'
[12.168s] [34mcolcon.colcon_core.environment[0m [1;30mLevel 1[0m checking '/home/duy/cocarry_ws/install/industrial_msgs/lib'
[12.168s] [34mcolcon.colcon_core.shell[0m [1;30mLevel 1[0m create_environment_hook('industrial_msgs', 'ld_library_path_lib')
[12.169s] [34mcolcon.colcon_core.shell[0m [1;30mINFO[0m Creating environment hook '/home/duy/cocarry_ws/install/industrial_msgs/share/industrial_msgs/hook/ld_library_path_lib.ps1'
[12.170s] [34mcolcon.colcon_core.shell[0m [1;30mINFO[0m Creating environment descriptor '/home/duy/cocarry_ws/install/industrial_msgs/share/industrial_msgs/hook/ld_library_path_lib.dsv'
[12.172s] [34mcolcon.colcon_core.shell[0m [1;30mINFO[0m Creating environment hook '/home/duy/cocarry_ws/install/industrial_msgs/share/industrial_msgs/hook/ld_library_path_lib.sh'
[12.173s] [34mcolcon.colcon_core.environment[0m [1;30mLevel 1[0m checking '/home/duy/cocarry_ws/install/industrial_msgs/bin'
[12.173s] [34mcolcon.colcon_core.environment[0m [1;30mLevel 1[0m checking '/home/duy/cocarry_ws/install/industrial_msgs/lib/pkgconfig/industrial_msgs.pc'
[12.173s] [34mcolcon.colcon_core.environment[0m [1;30mLevel 1[0m checking '/home/duy/cocarry_ws/install/industrial_msgs/lib/python3.10/site-packages'
[12.175s] [34mcolcon.colcon_core.environment[0m [1;30mLevel 1[0m checking '/home/duy/cocarry_ws/install/industrial_msgs/bin'
[12.177s] [34mcolcon.colcon_core.shell[0m [1;30mINFO[0m Creating package script '/home/duy/cocarry_ws/install/industrial_msgs/share/industrial_msgs/package.ps1'
[12.192s] [34mcolcon.colcon_core.shell[0m [1;30mINFO[0m Creating package descriptor '/home/duy/cocarry_ws/install/industrial_msgs/share/industrial_msgs/package.dsv'
[12.193s] [34mcolcon.colcon_core.shell[0m [1;30mINFO[0m Creating package script '/home/duy/cocarry_ws/install/industrial_msgs/share/industrial_msgs/package.sh'
[12.198s] [34mcolcon.colcon_core.shell[0m [1;30mINFO[0m Creating package script '/home/duy/cocarry_ws/install/industrial_msgs/share/industrial_msgs/package.bash'
[12.201s] [34mcolcon.colcon_core.shell[0m [1;30mINFO[0m Creating package script '/home/duy/cocarry_ws/install/industrial_msgs/share/industrial_msgs/package.zsh'
[12.202s] [34mcolcon.colcon_core.environment[0m [1;30mLevel 1[0m create_file_with_runtime_dependencies(/home/duy/cocarry_ws/install/industrial_msgs/share/colcon-core/packages/industrial_msgs)
[12.206s] [34mcolcon.colcon_core.event_handler.log_command[0m [1;30mDEBUG[0m [32mInvoked command in '/home/duy/cocarry_ws/build/human_hand_msgs' returned '0': /usr/bin/cmake --install /home/duy/cocarry_ws/build/human_hand_msgs[0m
[12.208s] [34mcolcon.colcon_core.shell[0m [1;30mLevel 1[0m create_environment_hook('human_hand_msgs', 'ros_package_path')
[12.209s] [34mcolcon.colcon_core.shell[0m [1;30mINFO[0m Creating environment hook '/home/duy/cocarry_ws/install/human_hand_msgs/share/human_hand_msgs/hook/ros_package_path.ps1'
[12.216s] [34mcolcon.colcon_core.shell[0m [1;30mINFO[0m Creating environment descriptor '/home/duy/cocarry_ws/install/human_hand_msgs/share/human_hand_msgs/hook/ros_package_path.dsv'
[12.217s] [34mcolcon.colcon_core.shell[0m [1;30mINFO[0m Creating environment hook '/home/duy/cocarry_ws/install/human_hand_msgs/share/human_hand_msgs/hook/ros_package_path.sh'
[12.222s] [34mcolcon.colcon_ros.task.catkin[0m [1;30mLevel 1[0m checking '/home/duy/cocarry_ws/install/human_hand_msgs/local/lib/python3.10/dist-packages'
[12.223s] [34mcolcon.colcon_core.shell[0m [1;30mLevel 1[0m create_environment_hook('human_hand_msgs', 'catkin_pythonpath')
[12.223s] [34mcolcon.colcon_core.shell[0m [1;30mINFO[0m Creating environment hook '/home/duy/cocarry_ws/install/human_hand_msgs/share/human_hand_msgs/hook/catkin_pythonpath.ps1'
[12.225s] [34mcolcon.colcon_core.shell[0m [1;30mINFO[0m Creating environment descriptor '/home/duy/cocarry_ws/install/human_hand_msgs/share/human_hand_msgs/hook/catkin_pythonpath.dsv'
[12.226s] [34mcolcon.colcon_core.shell[0m [1;30mINFO[0m Creating environment hook '/home/duy/cocarry_ws/install/human_hand_msgs/share/human_hand_msgs/hook/catkin_pythonpath.sh'
[12.227s] [34mcolcon.colcon_core.shell[0m [1;30mLevel 1[0m create_environment_hook('human_hand_msgs', 'pkg_config_path')
[12.231s] [34mcolcon.colcon_core.shell[0m [1;30mINFO[0m Creating environment hook '/home/duy/cocarry_ws/install/human_hand_msgs/share/human_hand_msgs/hook/pkg_config_path.ps1'
[12.232s] [34mcolcon.colcon_core.shell[0m [1;30mINFO[0m Creating environment descriptor '/home/duy/cocarry_ws/install/human_hand_msgs/share/human_hand_msgs/hook/pkg_config_path.dsv'
[12.233s] [34mcolcon.colcon_core.shell[0m [1;30mINFO[0m Creating environment hook '/home/duy/cocarry_ws/install/human_hand_msgs/share/human_hand_msgs/hook/pkg_config_path.sh'
[12.246s] [34mcolcon.colcon_core.shell[0m [1;30mLevel 1[0m create_environment_hook('human_hand_msgs', 'pkg_config_path_multiarch')
[12.247s] [34mcolcon.colcon_core.shell[0m [1;30mINFO[0m Creating environment hook '/home/duy/cocarry_ws/install/human_hand_msgs/share/human_hand_msgs/hook/pkg_config_path_multiarch.ps1'
[12.254s] [34mcolcon.colcon_core.shell[0m [1;30mINFO[0m Creating environment descriptor '/home/duy/cocarry_ws/install/human_hand_msgs/share/human_hand_msgs/hook/pkg_config_path_multiarch.dsv'
[12.261s] [34mcolcon.colcon_core.shell[0m [1;30mINFO[0m Creating environment hook '/home/duy/cocarry_ws/install/human_hand_msgs/share/human_hand_msgs/hook/pkg_config_path_multiarch.sh'
[12.268s] [34mcolcon.colcon_core.environment[0m [1;30mLevel 1[0m create_environment_scripts_only(human_hand_msgs)
[12.270s] [34mcolcon.colcon_core.environment[0m [1;30mLevel 1[0m checking '/home/duy/cocarry_ws/install/human_hand_msgs' for CMake module files
[12.276s] [34mcolcon.colcon_core.environment[0m [1;30mLevel 1[0m checking '/home/duy/cocarry_ws/install/human_hand_msgs' for CMake config files
[12.278s] [34mcolcon.colcon_core.shell[0m [1;30mLevel 1[0m create_environment_hook('human_hand_msgs', 'cmake_prefix_path')
[12.278s] [34mcolcon.colcon_core.shell[0m [1;30mINFO[0m Creating environment hook '/home/duy/cocarry_ws/install/human_hand_msgs/share/human_hand_msgs/hook/cmake_prefix_path.ps1'
[12.286s] [34mcolcon.colcon_core.shell[0m [1;30mINFO[0m Creating environment descriptor '/home/duy/cocarry_ws/install/human_hand_msgs/share/human_hand_msgs/hook/cmake_prefix_path.dsv'
[12.287s] [34mcolcon.colcon_core.shell[0m [1;30mINFO[0m Creating environment hook '/home/duy/cocarry_ws/install/human_hand_msgs/share/human_hand_msgs/hook/cmake_prefix_path.sh'
[12.291s] [34mcolcon.colcon_core.environment[0m [1;30mLevel 1[0m checking '/home/duy/cocarry_ws/install/human_hand_msgs/lib'
[12.291s] [34mcolcon.colcon_core.shell[0m [1;30mLevel 1[0m create_environment_hook('human_hand_msgs', 'ld_library_path_lib')
[12.292s] [34mcolcon.colcon_core.shell[0m [1;30mINFO[0m Creating environment hook '/home/duy/cocarry_ws/install/human_hand_msgs/share/human_hand_msgs/hook/ld_library_path_lib.ps1'
[12.295s] [34mcolcon.colcon_core.shell[0m [1;30mINFO[0m Creating environment descriptor '/home/duy/cocarry_ws/install/human_hand_msgs/share/human_hand_msgs/hook/ld_library_path_lib.dsv'
[12.297s] [34mcolcon.colcon_core.shell[0m [1;30mINFO[0m Creating environment hook '/home/duy/cocarry_ws/install/human_hand_msgs/share/human_hand_msgs/hook/ld_library_path_lib.sh'
[12.305s] [34mcolcon.colcon_core.environment[0m [1;30mLevel 1[0m checking '/home/duy/cocarry_ws/install/human_hand_msgs/bin'
[12.305s] [34mcolcon.colcon_core.environment[0m [1;30mLevel 1[0m checking '/home/duy/cocarry_ws/install/human_hand_msgs/lib/pkgconfig/human_hand_msgs.pc'
[12.306s] [34mcolcon.colcon_core.environment[0m [1;30mLevel 1[0m checking '/home/duy/cocarry_ws/install/human_hand_msgs/lib/python3.10/site-packages'
[12.307s] [34mcolcon.colcon_core.environment[0m [1;30mLevel 1[0m checking '/home/duy/cocarry_ws/install/human_hand_msgs/bin'
[12.309s] [34mcolcon.colcon_core.shell[0m [1;30mINFO[0m Creating package script '/home/duy/cocarry_ws/install/human_hand_msgs/share/human_hand_msgs/package.ps1'
[12.312s] [34mcolcon.colcon_core.shell[0m [1;30mINFO[0m Creating package descriptor '/home/duy/cocarry_ws/install/human_hand_msgs/share/human_hand_msgs/package.dsv'
[12.314s] [34mcolcon.colcon_core.shell[0m [1;30mINFO[0m Creating package script '/home/duy/cocarry_ws/install/human_hand_msgs/share/human_hand_msgs/package.sh'
[12.318s] [34mcolcon.colcon_core.shell[0m [1;30mINFO[0m Creating package script '/home/duy/cocarry_ws/install/human_hand_msgs/share/human_hand_msgs/package.bash'
[12.320s] [34mcolcon.colcon_core.shell[0m [1;30mINFO[0m Creating package script '/home/duy/cocarry_ws/install/human_hand_msgs/share/human_hand_msgs/package.zsh'
[12.323s] [34mcolcon.colcon_core.environment[0m [1;30mLevel 1[0m create_file_with_runtime_dependencies(/home/duy/cocarry_ws/install/human_hand_msgs/share/colcon-core/packages/human_hand_msgs)
[12.329s] [34mcolcon.colcon_ros.task.ament_python.build[0m [1;30mINFO[0m Building ROS package in '/home/duy/cocarry_ws/src/coord_transform' with build type 'ament_python'
[12.330s] [34mcolcon.colcon_core.shell[0m [1;30mLevel 1[0m create_environment_hook('coord_transform', 'ament_prefix_path')
[12.331s] [34mcolcon.colcon_core.shell[0m [1;30mINFO[0m Creating environment hook '/home/duy/cocarry_ws/install/coord_transform/share/coord_transform/hook/ament_prefix_path.ps1'
[12.332s] [34mcolcon.colcon_core.shell[0m [1;30mINFO[0m Creating environment descriptor '/home/duy/cocarry_ws/install/coord_transform/share/coord_transform/hook/ament_prefix_path.dsv'
[12.335s] [34mcolcon.colcon_core.shell[0m [1;30mINFO[0m Creating environment hook '/home/duy/cocarry_ws/install/coord_transform/share/coord_transform/hook/ament_prefix_path.sh'
[12.342s] [34mcolcon.colcon_core.shell[0m [1;30mINFO[0m Skip shell extension 'powershell' for command environment: Not usable outside of PowerShell
[12.342s] [34mcolcon.colcon_core.shell[0m [1;30mDEBUG[0m [32mSkip shell extension 'dsv' for command environment[0m
[12.369s] [34mcolcon.colcon_ros.task.ament_python.build[0m [1;30mINFO[0m Building ROS package in '/home/duy/cocarry_ws/src/experiment_logger' with build type 'ament_python'
[12.371s] [34mcolcon.colcon_core.shell[0m [1;30mLevel 1[0m create_environment_hook('experiment_logger', 'ament_prefix_path')
[12.373s] [34mcolcon.colcon_core.shell[0m [1;30mINFO[0m Creating environment hook '/home/duy/cocarry_ws/install/experiment_logger/share/experiment_logger/hook/ament_prefix_path.ps1'
[12.380s] [34mcolcon.colcon_core.shell[0m [1;30mINFO[0m Creating environment descriptor '/home/duy/cocarry_ws/install/experiment_logger/share/experiment_logger/hook/ament_prefix_path.dsv'
[12.385s] [34mcolcon.colcon_core.shell[0m [1;30mINFO[0m Creating environment hook '/home/duy/cocarry_ws/install/experiment_logger/share/experiment_logger/hook/ament_prefix_path.sh'
[12.390s] [34mcolcon.colcon_core.shell[0m [1;30mINFO[0m Skip shell extension 'powershell' for command environment: Not usable outside of PowerShell
[12.394s] [34mcolcon.colcon_core.shell[0m [1;30mDEBUG[0m [32mSkip shell extension 'dsv' for command environment[0m
[12.421s] [34mcolcon.colcon_ros.task.ament_python.build[0m [1;30mINFO[0m Building ROS package in '/home/duy/cocarry_ws/src/predictor_ui' with build type 'ament_python'
[12.423s] [34mcolcon.colcon_core.shell[0m [1;30mLevel 1[0m create_environment_hook('predictor_ui', 'ament_prefix_path')
[12.423s] [34mcolcon.colcon_core.shell[0m [1;30mINFO[0m Creating environment hook '/home/duy/cocarry_ws/install/predictor_ui/share/predictor_ui/hook/ament_prefix_path.ps1'
[12.430s] [34mcolcon.colcon_core.shell[0m [1;30mINFO[0m Creating environment descriptor '/home/duy/cocarry_ws/install/predictor_ui/share/predictor_ui/hook/ament_prefix_path.dsv'
[12.436s] [34mcolcon.colcon_core.shell[0m [1;30mINFO[0m Creating environment hook '/home/duy/cocarry_ws/install/predictor_ui/share/predictor_ui/hook/ament_prefix_path.sh'
[12.439s] [34mcolcon.colcon_core.shell[0m [1;30mINFO[0m Skip shell extension 'powershell' for command environment: Not usable outside of PowerShell
[12.442s] [34mcolcon.colcon_core.shell[0m [1;30mDEBUG[0m [32mSkip shell extension 'dsv' for command environment[0m
[12.461s] [34mcolcon.colcon_ros.task.ament_python.build[0m [1;30mINFO[0m Building ROS package in '/home/duy/cocarry_ws/src/realsense_tracker' with build type 'ament_python'
[12.462s] [34mcolcon.colcon_core.shell[0m [1;30mLevel 1[0m create_environment_hook('realsense_tracker', 'ament_prefix_path')
[12.463s] [34mcolcon.colcon_core.shell[0m [1;30mINFO[0m Creating environment hook '/home/duy/cocarry_ws/install/realsense_tracker/share/realsense_tracker/hook/ament_prefix_path.ps1'
[12.464s] [34mcolcon.colcon_core.shell[0m [1;30mINFO[0m Creating environment descriptor '/home/duy/cocarry_ws/install/realsense_tracker/share/realsense_tracker/hook/ament_prefix_path.dsv'
[12.484s] [34mcolcon.colcon_core.shell[0m [1;30mINFO[0m Creating environment hook '/home/duy/cocarry_ws/install/realsense_tracker/share/realsense_tracker/hook/ament_prefix_path.sh'
[12.489s] [34mcolcon.colcon_core.shell[0m [1;30mINFO[0m Skip shell extension 'powershell' for command environment: Not usable outside of PowerShell
[12.491s] [34mcolcon.colcon_core.shell[0m [1;30mDEBUG[0m [32mSkip shell extension 'dsv' for command environment[0m
[12.515s] [34mcolcon.colcon_ros.task.ament_python.build[0m [1;30mINFO[0m Building ROS package in '/home/duy/cocarry_ws/src/trajectory_predictor' with build type 'ament_python'
[12.515s] [34mcolcon.colcon_core.shell[0m [1;30mLevel 1[0m create_environment_hook('trajectory_predictor', 'ament_prefix_path')
[12.516s] [34mcolcon.colcon_core.shell[0m [1;30mINFO[0m Creating environment hook '/home/duy/cocarry_ws/install/trajectory_predictor/share/trajectory_predictor/hook/ament_prefix_path.ps1'
[12.517s] [34mcolcon.colcon_core.shell[0m [1;30mINFO[0m Creating environment descriptor '/home/duy/cocarry_ws/install/trajectory_predictor/share/trajectory_predictor/hook/ament_prefix_path.dsv'
[12.525s] [34mcolcon.colcon_core.shell[0m [1;30mINFO[0m Creating environment hook '/home/duy/cocarry_ws/install/trajectory_predictor/share/trajectory_predictor/hook/ament_prefix_path.sh'
[12.531s] [34mcolcon.colcon_core.shell[0m [1;30mINFO[0m Skip shell extension 'powershell' for command environment: Not usable outside of PowerShell
[12.532s] [34mcolcon.colcon_core.shell[0m [1;30mDEBUG[0m [32mSkip shell extension 'dsv' for command environment[0m
[13.618s] [34mcolcon.colcon_core.task.python.build[0m [1;30mINFO[0m Building Python package in '/home/duy/cocarry_ws/src/coord_transform'
[13.619s] [34mcolcon.colcon_core.shell[0m [1;30mINFO[0m Skip shell extension 'powershell' for command environment: Not usable outside of PowerShell
[13.620s] [34mcolcon.colcon_core.shell[0m [1;30mDEBUG[0m [32mSkip shell extension 'dsv' for command environment[0m
[14.502s] [34mcolcon.colcon_core.task.python.build[0m [1;30mINFO[0m Building Python package in '/home/duy/cocarry_ws/src/experiment_logger'
[14.502s] [34mcolcon.colcon_core.shell[0m [1;30mINFO[0m Skip shell extension 'powershell' for command environment: Not usable outside of PowerShell
[14.502s] [34mcolcon.colcon_core.shell[0m [1;30mDEBUG[0m [32mSkip shell extension 'dsv' for command environment[0m
[15.112s] [34mcolcon.colcon_core.task.python.build[0m [1;30mINFO[0m Building Python package in '/home/duy/cocarry_ws/src/predictor_ui'
[15.112s] [34mcolcon.colcon_core.shell[0m [1;30mINFO[0m Skip shell extension 'powershell' for command environment: Not usable outside of PowerShell
[15.113s] [34mcolcon.colcon_core.shell[0m [1;30mDEBUG[0m [32mSkip shell extension 'dsv' for command environment[0m
[16.203s] [34mcolcon.colcon_core.task.python.build[0m [1;30mINFO[0m Building Python package in '/home/duy/cocarry_ws/src/realsense_tracker'
[16.204s] [34mcolcon.colcon_core.shell[0m [1;30mINFO[0m Skip shell extension 'powershell' for command environment: Not usable outside of PowerShell
[16.204s] [34mcolcon.colcon_core.shell[0m [1;30mDEBUG[0m [32mSkip shell extension 'dsv' for command environment[0m
[16.686s] [34mcolcon.colcon_core.task.python.build[0m [1;30mINFO[0m Building Python package in '/home/duy/cocarry_ws/src/trajectory_predictor'
[16.687s] [34mcolcon.colcon_core.shell[0m [1;30mINFO[0m Skip shell extension 'powershell' for command environment: Not usable outside of PowerShell
[16.687s] [34mcolcon.colcon_core.shell[0m [1;30mDEBUG[0m [32mSkip shell extension 'dsv' for command environment[0m
[16.701s] [34mcolcon.colcon_core.event_handler.log_command[0m [1;30mDEBUG[0m [32mInvoked command in '/home/duy/cocarry_ws/build/motoros2_interfaces' returned '0': CMAKE_PREFIX_PATH=/opt/ros/humble /usr/bin/cmake --build /home/duy/cocarry_ws/build/motoros2_interfaces -- -j16 -l16[0m
[16.705s] [34mcolcon.colcon_core.event_handler.log_command[0m [1;30mDEBUG[0m [32mInvoking command in '/home/duy/cocarry_ws/build/motoros2_interfaces': CMAKE_PREFIX_PATH=/opt/ros/humble /usr/bin/cmake --install /home/duy/cocarry_ws/build/motoros2_interfaces[0m
[17.113s] [34mcolcon.colcon_core.environment[0m [1;30mLevel 1[0m create_environment_scripts_only(motoros2_interfaces)
[17.114s] [34mcolcon.colcon_core.environment[0m [1;30mLevel 1[0m checking '/home/duy/cocarry_ws/install/motoros2_interfaces' for CMake module files
[17.116s] [34mcolcon.colcon_core.event_handler.log_command[0m [1;30mDEBUG[0m [32mInvoked command in '/home/duy/cocarry_ws/build/motoros2_interfaces' returned '0': CMAKE_PREFIX_PATH=/opt/ros/humble /usr/bin/cmake --install /home/duy/cocarry_ws/build/motoros2_interfaces[0m
[17.118s] [34mcolcon.colcon_core.environment[0m [1;30mLevel 1[0m checking '/home/duy/cocarry_ws/install/motoros2_interfaces' for CMake config files
[17.125s] [34mcolcon.colcon_core.shell[0m [1;30mLevel 1[0m create_environment_hook('motoros2_interfaces', 'cmake_prefix_path')
[17.125s] [34mcolcon.colcon_core.shell[0m [1;30mINFO[0m Creating environment hook '/home/duy/cocarry_ws/install/motoros2_interfaces/share/motoros2_interfaces/hook/cmake_prefix_path.ps1'
[17.126s] [34mcolcon.colcon_core.shell[0m [1;30mINFO[0m Creating environment descriptor '/home/duy/cocarry_ws/install/motoros2_interfaces/share/motoros2_interfaces/hook/cmake_prefix_path.dsv'
[17.127s] [34mcolcon.colcon_core.shell[0m [1;30mINFO[0m Creating environment hook '/home/duy/cocarry_ws/install/motoros2_interfaces/share/motoros2_interfaces/hook/cmake_prefix_path.sh'
[17.128s] [34mcolcon.colcon_core.environment[0m [1;30mLevel 1[0m checking '/home/duy/cocarry_ws/install/motoros2_interfaces/lib'
[17.129s] [34mcolcon.colcon_core.shell[0m [1;30mLevel 1[0m create_environment_hook('motoros2_interfaces', 'ld_library_path_lib')
[17.129s] [34mcolcon.colcon_core.shell[0m [1;30mINFO[0m Creating environment hook '/home/duy/cocarry_ws/install/motoros2_interfaces/share/motoros2_interfaces/hook/ld_library_path_lib.ps1'
[17.131s] [34mcolcon.colcon_core.shell[0m [1;30mINFO[0m Creating environment descriptor '/home/duy/cocarry_ws/install/motoros2_interfaces/share/motoros2_interfaces/hook/ld_library_path_lib.dsv'
[17.132s] [34mcolcon.colcon_core.shell[0m [1;30mINFO[0m Creating environment hook '/home/duy/cocarry_ws/install/motoros2_interfaces/share/motoros2_interfaces/hook/ld_library_path_lib.sh'
[17.133s] [34mcolcon.colcon_core.environment[0m [1;30mLevel 1[0m checking '/home/duy/cocarry_ws/install/motoros2_interfaces/bin'
[17.133s] [34mcolcon.colcon_core.environment[0m [1;30mLevel 1[0m checking '/home/duy/cocarry_ws/install/motoros2_interfaces/lib/pkgconfig/motoros2_interfaces.pc'
[17.134s] [34mcolcon.colcon_core.environment[0m [1;30mLevel 1[0m checking '/home/duy/cocarry_ws/install/motoros2_interfaces/lib/python3.10/site-packages'
[17.135s] [34mcolcon.colcon_core.environment[0m [1;30mLevel 1[0m checking '/home/duy/cocarry_ws/install/motoros2_interfaces/bin'
[17.136s] [34mcolcon.colcon_core.shell[0m [1;30mINFO[0m Creating package script '/home/duy/cocarry_ws/install/motoros2_interfaces/share/motoros2_interfaces/package.ps1'
[17.138s] [34mcolcon.colcon_core.shell[0m [1;30mINFO[0m Creating package descriptor '/home/duy/cocarry_ws/install/motoros2_interfaces/share/motoros2_interfaces/package.dsv'
[17.140s] [34mcolcon.colcon_core.shell[0m [1;30mINFO[0m Creating package script '/home/duy/cocarry_ws/install/motoros2_interfaces/share/motoros2_interfaces/package.sh'
[17.141s] [34mcolcon.colcon_core.shell[0m [1;30mINFO[0m Creating package script '/home/duy/cocarry_ws/install/motoros2_interfaces/share/motoros2_interfaces/package.bash'
[17.142s] [34mcolcon.colcon_core.shell[0m [1;30mINFO[0m Creating package script '/home/duy/cocarry_ws/install/motoros2_interfaces/share/motoros2_interfaces/package.zsh'
[17.143s] [34mcolcon.colcon_core.environment[0m [1;30mLevel 1[0m create_file_with_runtime_dependencies(/home/duy/cocarry_ws/install/motoros2_interfaces/share/colcon-core/packages/motoros2_interfaces)
[17.145s] [34mcolcon.colcon_core.environment[0m [1;30mLevel 1[0m create_environment_scripts_only(motoros2_interfaces)
[17.146s] [34mcolcon.colcon_core.environment[0m [1;30mLevel 1[0m checking '/home/duy/cocarry_ws/install/motoros2_interfaces' for CMake module files
[17.148s] [34mcolcon.colcon_core.environment[0m [1;30mLevel 1[0m checking '/home/duy/cocarry_ws/install/motoros2_interfaces' for CMake config files
[17.156s] [34mcolcon.colcon_core.shell[0m [1;30mLevel 1[0m create_environment_hook('motoros2_interfaces', 'cmake_prefix_path')
[17.157s] [34mcolcon.colcon_core.shell[0m [1;30mINFO[0m Creating environment hook '/home/duy/cocarry_ws/install/motoros2_interfaces/share/motoros2_interfaces/hook/cmake_prefix_path.ps1'
[17.158s] [34mcolcon.colcon_core.shell[0m [1;30mINFO[0m Creating environment descriptor '/home/duy/cocarry_ws/install/motoros2_interfaces/share/motoros2_interfaces/hook/cmake_prefix_path.dsv'
[17.160s] [34mcolcon.colcon_core.shell[0m [1;30mINFO[0m Creating environment hook '/home/duy/cocarry_ws/install/motoros2_interfaces/share/motoros2_interfaces/hook/cmake_prefix_path.sh'
[17.162s] [34mcolcon.colcon_core.environment[0m [1;30mLevel 1[0m checking '/home/duy/cocarry_ws/install/motoros2_interfaces/lib'
[17.162s] [34mcolcon.colcon_core.shell[0m [1;30mLevel 1[0m create_environment_hook('motoros2_interfaces', 'ld_library_path_lib')
[17.163s] [34mcolcon.colcon_core.shell[0m [1;30mINFO[0m Creating environment hook '/home/duy/cocarry_ws/install/motoros2_interfaces/share/motoros2_interfaces/hook/ld_library_path_lib.ps1'
[17.164s] [34mcolcon.colcon_core.shell[0m [1;30mINFO[0m Creating environment descriptor '/home/duy/cocarry_ws/install/motoros2_interfaces/share/motoros2_interfaces/hook/ld_library_path_lib.dsv'
[17.165s] [34mcolcon.colcon_core.shell[0m [1;30mINFO[0m Creating environment hook '/home/duy/cocarry_ws/install/motoros2_interfaces/share/motoros2_interfaces/hook/ld_library_path_lib.sh'
[17.166s] [34mcolcon.colcon_core.environment[0m [1;30mLevel 1[0m checking '/home/duy/cocarry_ws/install/motoros2_interfaces/bin'
[17.166s] [34mcolcon.colcon_core.environment[0m [1;30mLevel 1[0m checking '/home/duy/cocarry_ws/install/motoros2_interfaces/lib/pkgconfig/motoros2_interfaces.pc'
[17.167s] [34mcolcon.colcon_core.environment[0m [1;30mLevel 1[0m checking '/home/duy/cocarry_ws/install/motoros2_interfaces/lib/python3.10/site-packages'
[17.168s] [34mcolcon.colcon_core.environment[0m [1;30mLevel 1[0m checking '/home/duy/cocarry_ws/install/motoros2_interfaces/bin'
[17.170s] [34mcolcon.colcon_core.shell[0m [1;30mINFO[0m Creating package script '/home/duy/cocarry_ws/install/motoros2_interfaces/share/motoros2_interfaces/package.ps1'
[17.172s] [34mcolcon.colcon_core.shell[0m [1;30mINFO[0m Creating package descriptor '/home/duy/cocarry_ws/install/motoros2_interfaces/share/motoros2_interfaces/package.dsv'
[17.173s] [34mcolcon.colcon_core.shell[0m [1;30mINFO[0m Creating package script '/home/duy/cocarry_ws/install/motoros2_interfaces/share/motoros2_interfaces/package.sh'
[17.174s] [34mcolcon.colcon_core.shell[0m [1;30mINFO[0m Creating package script '/home/duy/cocarry_ws/install/motoros2_interfaces/share/motoros2_interfaces/package.bash'
[17.175s] [34mcolcon.colcon_core.shell[0m [1;30mINFO[0m Creating package script '/home/duy/cocarry_ws/install/motoros2_interfaces/share/motoros2_interfaces/package.zsh'
[17.177s] [34mcolcon.colcon_core.environment[0m [1;30mLevel 1[0m create_file_with_runtime_dependencies(/home/duy/cocarry_ws/install/motoros2_interfaces/share/colcon-core/packages/motoros2_interfaces)
[17.177s] [34mcolcon.colcon_ros.task.ament_cmake.build[0m [1;30mINFO[0m Building ROS package in '/home/duy/cocarry_ws/src/hc10dtp_simulation' with build type 'ament_cmake'
[17.178s] [34mcolcon.colcon_cmake.task.cmake.build[0m [1;30mINFO[0m Building CMake package in '/home/duy/cocarry_ws/src/hc10dtp_simulation'
[17.179s] [34mcolcon.colcon_core.shell[0m [1;30mINFO[0m Skip shell extension 'powershell' for command environment: Not usable outside of PowerShell
[17.179s] [34mcolcon.colcon_core.shell[0m [1;30mDEBUG[0m [32mSkip shell extension 'dsv' for command environment[0m
[17.188s] [34mcolcon.colcon_ros.task.ament_cmake.build[0m [1;30mINFO[0m Building ROS package in '/home/duy/cocarry_ws/src/motoros2_client_interface_dependencies' with build type 'ament_cmake'
[17.188s] [34mcolcon.colcon_cmake.task.cmake.build[0m [1;30mINFO[0m Building CMake package in '/home/duy/cocarry_ws/src/motoros2_client_interface_dependencies'
[17.189s] [34mcolcon.colcon_core.shell[0m [1;30mINFO[0m Skip shell extension 'powershell' for command environment: Not usable outside of PowerShell
[17.189s] [34mcolcon.colcon_core.shell[0m [1;30mDEBUG[0m [32mSkip shell extension 'dsv' for command environment[0m
[17.207s] [34mcolcon.colcon_core.event_handler.log_command[0m [1;30mDEBUG[0m [32mInvoking command in '/home/duy/cocarry_ws/build/hc10dtp_simulation': AMENT_PREFIX_PATH=/home/duy/cocarry_ws/install/hc10dtp_bringup:/home/duy/cocarry_ws/install/hc10dtp_moveit_config:/home/duy/cocarry_ws/install/motoman_hc10dtp_support:/home/duy/cocarry_ws/install/motoros2_interfaces:/home/duy/cocarry_ws/install/motoman_resources:${AMENT_PREFIX_PATH} CMAKE_PREFIX_PATH=/home/duy/cocarry_ws/install/hc10dtp_bringup:/home/duy/cocarry_ws/install/hc10dtp_moveit_config:/home/duy/cocarry_ws/install/motoman_hc10dtp_support:/home/duy/cocarry_ws/install/motoros2_interfaces:/home/duy/cocarry_ws/install/motoman_resources:/opt/ros/humble LD_LIBRARY_PATH=/home/duy/cocarry_ws/install/motoros2_interfaces/lib:${LD_LIBRARY_PATH} PYTHONPATH=/home/duy/cocarry_ws/install/motoros2_interfaces/local/lib/python3.10/dist-packages:${PYTHONPATH} /usr/bin/cmake /home/duy/cocarry_ws/src/hc10dtp_simulation -DAMENT_CMAKE_SYMLINK_INSTALL=1 -DCMAKE_INSTALL_PREFIX=/home/duy/cocarry_ws/install/hc10dtp_simulation[0m
[17.213s] [34mcolcon.colcon_core.event_handler.log_command[0m [1;30mDEBUG[0m [32mInvoking command in '/home/duy/cocarry_ws/build/motoros2_client_interface_dependencies': AMENT_PREFIX_PATH=/home/duy/cocarry_ws/install/motoros2_interfaces:/home/duy/cocarry_ws/install/industrial_msgs:${AMENT_PREFIX_PATH} CMAKE_PREFIX_PATH=/home/duy/cocarry_ws/install/motoros2_interfaces:/home/duy/cocarry_ws/install/industrial_msgs:/opt/ros/humble LD_LIBRARY_PATH=/home/duy/cocarry_ws/install/motoros2_interfaces/lib:/home/duy/cocarry_ws/install/industrial_msgs/lib:${LD_LIBRARY_PATH} PYTHONPATH=/home/duy/cocarry_ws/install/motoros2_interfaces/local/lib/python3.10/dist-packages:/home/duy/cocarry_ws/install/industrial_msgs/local/lib/python3.10/dist-packages:${PYTHONPATH} /usr/bin/cmake /home/duy/cocarry_ws/src/motoros2_client_interface_dependencies -DAMENT_CMAKE_SYMLINK_INSTALL=1 -DCMAKE_INSTALL_PREFIX=/home/duy/cocarry_ws/install/motoros2_client_interface_dependencies[0m
[17.350s] [34mcolcon.colcon_core.task.python.build[0m [1;30mDEBUG[0m [32mWhile undoing a previous installation files outside the Python library path are being ignored: /home/duy/cocarry_ws/install/coord_transform/share/ament_index/resource_index/packages/coord_transform[0m
[17.350s] [34mcolcon.colcon_core.task.python.build[0m [1;30mDEBUG[0m [32mWhile undoing a previous installation files outside the Python library path are being ignored: /home/duy/cocarry_ws/install/coord_transform/share/coord_transform/package.xml[0m
[17.350s] [34mcolcon.colcon_core.task.python.build[0m [1;30mDEBUG[0m [32mWhile undoing a previous installation files outside the Python library path are being ignored: /home/duy/cocarry_ws/install/coord_transform/share/coord_transform/config/transform_params.yaml[0m
[17.350s] [34mcolcon.colcon_core.task.python.build[0m [1;30mDEBUG[0m [32mWhile undoing a previous installation files outside the Python library path are being ignored: /home/duy/cocarry_ws/install/coord_transform/share/coord_transform/scripts/calibrate_camera_to_robot.py[0m
[17.351s] [34mcolcon.colcon_core.task.python.build[0m [1;30mDEBUG[0m [32mWhile undoing a previous installation files outside the Python library path are being ignored: /home/duy/cocarry_ws/install/coord_transform/lib/coord_transform/transform_node[0m
[17.355s] [34mcolcon.colcon_core.event_handler.log_command[0m [1;30mDEBUG[0m [32mInvoking command in '/home/duy/cocarry_ws/build/coord_transform': CMAKE_PREFIX_PATH=/home/duy/cocarry_ws/install/human_hand_msgs LD_LIBRARY_PATH=/home/duy/cocarry_ws/install/human_hand_msgs/lib:${LD_LIBRARY_PATH} PKG_CONFIG_PATH=/home/duy/cocarry_ws/install/human_hand_msgs/lib/x86_64-linux-gnu/pkgconfig:/home/duy/cocarry_ws/install/human_hand_msgs/lib/pkgconfig PYTHONPATH=/home/duy/cocarry_ws/build/coord_transform/prefix_override:/usr/lib/python3/dist-packages/colcon_core/task/python/colcon_distutils_commands:/home/duy/cocarry_ws/install/coord_transform/lib/python3.10/site-packages:/home/duy/cocarry_ws/install/human_hand_msgs/local/lib/python3.10/dist-packages:${PYTHONPATH} ROS_PACKAGE_PATH=/home/duy/cocarry_ws/install/human_hand_msgs/share /usr/bin/python3 -W ignore:setup.py install is deprecated -W ignore:easy_install command is deprecated setup.py develop --editable --build-directory /home/duy/cocarry_ws/build/coord_transform/build --no-deps symlink_data --force[0m
[17.402s] [34mcolcon.colcon_core.task.python.build[0m [1;30mDEBUG[0m [32mWhile undoing a previous installation files outside the Python library path are being ignored: /home/duy/cocarry_ws/install/predictor_ui/share/ament_index/resource_index/packages/predictor_ui[0m
[17.402s] [34mcolcon.colcon_core.task.python.build[0m [1;30mDEBUG[0m [32mWhile undoing a previous installation files outside the Python library path are being ignored: /home/duy/cocarry_ws/install/predictor_ui/share/predictor_ui/package.xml[0m
[17.403s] [34mcolcon.colcon_core.task.python.build[0m [1;30mDEBUG[0m [32mWhile undoing a previous installation files outside the Python library path are being ignored: /home/duy/cocarry_ws/install/predictor_ui/lib/predictor_ui/ui_node[0m
[17.407s] [34mcolcon.colcon_core.event_handler.log_command[0m [1;30mDEBUG[0m [32mInvoking command in '/home/duy/cocarry_ws/build/predictor_ui': CMAKE_PREFIX_PATH=/home/duy/cocarry_ws/install/human_hand_msgs LD_LIBRARY_PATH=/home/duy/cocarry_ws/install/human_hand_msgs/lib:${LD_LIBRARY_PATH} PKG_CONFIG_PATH=/home/duy/cocarry_ws/install/human_hand_msgs/lib/x86_64-linux-gnu/pkgconfig:/home/duy/cocarry_ws/install/human_hand_msgs/lib/pkgconfig PYTHONPATH=/home/duy/cocarry_ws/build/predictor_ui/prefix_override:/usr/lib/python3/dist-packages/colcon_core/task/python/colcon_distutils_commands:/home/duy/cocarry_ws/install/predictor_ui/lib/python3.10/site-packages:/home/duy/cocarry_ws/install/human_hand_msgs/local/lib/python3.10/dist-packages:${PYTHONPATH} ROS_PACKAGE_PATH=/home/duy/cocarry_ws/install/human_hand_msgs/share /usr/bin/python3 -W ignore:setup.py install is deprecated -W ignore:easy_install command is deprecated setup.py develop --editable --build-directory /home/duy/cocarry_ws/build/predictor_ui/build --no-deps symlink_data --force[0m
[17.680s] [34mcolcon.colcon_core.event_handler.log_command[0m [1;30mDEBUG[0m [32mInvoked command in '/home/duy/cocarry_ws/build/motoros2_client_interface_dependencies' returned '0': AMENT_PREFIX_PATH=/home/duy/cocarry_ws/install/motoros2_interfaces:/home/duy/cocarry_ws/install/industrial_msgs:${AMENT_PREFIX_PATH} CMAKE_PREFIX_PATH=/home/duy/cocarry_ws/install/motoros2_interfaces:/home/duy/cocarry_ws/install/industrial_msgs:/opt/ros/humble LD_LIBRARY_PATH=/home/duy/cocarry_ws/install/motoros2_interfaces/lib:/home/duy/cocarry_ws/install/industrial_msgs/lib:${LD_LIBRARY_PATH} PYTHONPATH=/home/duy/cocarry_ws/install/motoros2_interfaces/local/lib/python3.10/dist-packages:/home/duy/cocarry_ws/install/industrial_msgs/local/lib/python3.10/dist-packages:${PYTHONPATH} /usr/bin/cmake /home/duy/cocarry_ws/src/motoros2_client_interface_dependencies -DAMENT_CMAKE_SYMLINK_INSTALL=1 -DCMAKE_INSTALL_PREFIX=/home/duy/cocarry_ws/install/motoros2_client_interface_dependencies[0m
[17.683s] [34mcolcon.colcon_core.event_handler.log_command[0m [1;30mDEBUG[0m [32mInvoking command in '/home/duy/cocarry_ws/build/motoros2_client_interface_dependencies': AMENT_PREFIX_PATH=/home/duy/cocarry_ws/install/motoros2_interfaces:/home/duy/cocarry_ws/install/industrial_msgs:${AMENT_PREFIX_PATH} CMAKE_PREFIX_PATH=/home/duy/cocarry_ws/install/motoros2_interfaces:/home/duy/cocarry_ws/install/industrial_msgs:/opt/ros/humble LD_LIBRARY_PATH=/home/duy/cocarry_ws/install/motoros2_interfaces/lib:/home/duy/cocarry_ws/install/industrial_msgs/lib:${LD_LIBRARY_PATH} PYTHONPATH=/home/duy/cocarry_ws/install/motoros2_interfaces/local/lib/python3.10/dist-packages:/home/duy/cocarry_ws/install/industrial_msgs/local/lib/python3.10/dist-packages:${PYTHONPATH} /usr/bin/cmake --build /home/duy/cocarry_ws/build/motoros2_client_interface_dependencies -- -j16 -l16[0m
[17.749s] [34mcolcon.colcon_core.event_handler.log_command[0m [1;30mDEBUG[0m [32mInvoked command in '/home/duy/cocarry_ws/build/motoros2_client_interface_dependencies' returned '0': AMENT_PREFIX_PATH=/home/duy/cocarry_ws/install/motoros2_interfaces:/home/duy/cocarry_ws/install/industrial_msgs:${AMENT_PREFIX_PATH} CMAKE_PREFIX_PATH=/home/duy/cocarry_ws/install/motoros2_interfaces:/home/duy/cocarry_ws/install/industrial_msgs:/opt/ros/humble LD_LIBRARY_PATH=/home/duy/cocarry_ws/install/motoros2_interfaces/lib:/home/duy/cocarry_ws/install/industrial_msgs/lib:${LD_LIBRARY_PATH} PYTHONPATH=/home/duy/cocarry_ws/install/motoros2_interfaces/local/lib/python3.10/dist-packages:/home/duy/cocarry_ws/install/industrial_msgs/local/lib/python3.10/dist-packages:${PYTHONPATH} /usr/bin/cmake --build /home/duy/cocarry_ws/build/motoros2_client_interface_dependencies -- -j16 -l16[0m
[17.751s] [34mcolcon.colcon_core.event_handler.log_command[0m [1;30mDEBUG[0m [32mInvoking command in '/home/duy/cocarry_ws/build/motoros2_client_interface_dependencies': AMENT_PREFIX_PATH=/home/duy/cocarry_ws/install/motoros2_interfaces:/home/duy/cocarry_ws/install/industrial_msgs:${AMENT_PREFIX_PATH} CMAKE_PREFIX_PATH=/home/duy/cocarry_ws/install/motoros2_interfaces:/home/duy/cocarry_ws/install/industrial_msgs:/opt/ros/humble LD_LIBRARY_PATH=/home/duy/cocarry_ws/install/motoros2_interfaces/lib:/home/duy/cocarry_ws/install/industrial_msgs/lib:${LD_LIBRARY_PATH} PYTHONPATH=/home/duy/cocarry_ws/install/motoros2_interfaces/local/lib/python3.10/dist-packages:/home/duy/cocarry_ws/install/industrial_msgs/local/lib/python3.10/dist-packages:${PYTHONPATH} /usr/bin/cmake --install /home/duy/cocarry_ws/build/motoros2_client_interface_dependencies[0m
[17.777s] [34mcolcon.colcon_core.event_handler.log_command[0m [1;30mDEBUG[0m [32mInvoked command in '/home/duy/cocarry_ws/build/hc10dtp_simulation' returned '0': AMENT_PREFIX_PATH=/home/duy/cocarry_ws/install/hc10dtp_bringup:/home/duy/cocarry_ws/install/hc10dtp_moveit_config:/home/duy/cocarry_ws/install/motoman_hc10dtp_support:/home/duy/cocarry_ws/install/motoros2_interfaces:/home/duy/cocarry_ws/install/motoman_resources:${AMENT_PREFIX_PATH} CMAKE_PREFIX_PATH=/home/duy/cocarry_ws/install/hc10dtp_bringup:/home/duy/cocarry_ws/install/hc10dtp_moveit_config:/home/duy/cocarry_ws/install/motoman_hc10dtp_support:/home/duy/cocarry_ws/install/motoros2_interfaces:/home/duy/cocarry_ws/install/motoman_resources:/opt/ros/humble LD_LIBRARY_PATH=/home/duy/cocarry_ws/install/motoros2_interfaces/lib:${LD_LIBRARY_PATH} PYTHONPATH=/home/duy/cocarry_ws/install/motoros2_interfaces/local/lib/python3.10/dist-packages:${PYTHONPATH} /usr/bin/cmake /home/duy/cocarry_ws/src/hc10dtp_simulation -DAMENT_CMAKE_SYMLINK_INSTALL=1 -DCMAKE_INSTALL_PREFIX=/home/duy/cocarry_ws/install/hc10dtp_simulation[0m
[17.780s] [34mcolcon.colcon_core.event_handler.log_command[0m [1;30mDEBUG[0m [32mInvoking command in '/home/duy/cocarry_ws/build/hc10dtp_simulation': AMENT_PREFIX_PATH=/home/duy/cocarry_ws/install/hc10dtp_bringup:/home/duy/cocarry_ws/install/hc10dtp_moveit_config:/home/duy/cocarry_ws/install/motoman_hc10dtp_support:/home/duy/cocarry_ws/install/motoros2_interfaces:/home/duy/cocarry_ws/install/motoman_resources:${AMENT_PREFIX_PATH} CMAKE_PREFIX_PATH=/home/duy/cocarry_ws/install/hc10dtp_bringup:/home/duy/cocarry_ws/install/hc10dtp_moveit_config:/home/duy/cocarry_ws/install/motoman_hc10dtp_support:/home/duy/cocarry_ws/install/motoros2_interfaces:/home/duy/cocarry_ws/install/motoman_resources:/opt/ros/humble LD_LIBRARY_PATH=/home/duy/cocarry_ws/install/motoros2_interfaces/lib:${LD_LIBRARY_PATH} PYTHONPATH=/home/duy/cocarry_ws/install/motoros2_interfaces/local/lib/python3.10/dist-packages:${PYTHONPATH} /usr/bin/cmake --build /home/duy/cocarry_ws/build/hc10dtp_simulation -- -j16 -l16[0m
[17.793s] [34mcolcon.colcon_core.environment[0m [1;30mLevel 1[0m create_environment_scripts_only(motoros2_client_interface_dependencies)
[17.794s] [34mcolcon.colcon_core.environment[0m [1;30mLevel 1[0m checking '/home/duy/cocarry_ws/install/motoros2_client_interface_dependencies' for CMake module files
[17.795s] [34mcolcon.colcon_core.event_handler.log_command[0m [1;30mDEBUG[0m [32mInvoked command in '/home/duy/cocarry_ws/build/motoros2_client_interface_dependencies' returned '0': AMENT_PREFIX_PATH=/home/duy/cocarry_ws/install/motoros2_interfaces:/home/duy/cocarry_ws/install/industrial_msgs:${AMENT_PREFIX_PATH} CMAKE_PREFIX_PATH=/home/duy/cocarry_ws/install/motoros2_interfaces:/home/duy/cocarry_ws/install/industrial_msgs:/opt/ros/humble LD_LIBRARY_PATH=/home/duy/cocarry_ws/install/motoros2_interfaces/lib:/home/duy/cocarry_ws/install/industrial_msgs/lib:${LD_LIBRARY_PATH} PYTHONPATH=/home/duy/cocarry_ws/install/motoros2_interfaces/local/lib/python3.10/dist-packages:/home/duy/cocarry_ws/install/industrial_msgs/local/lib/python3.10/dist-packages:${PYTHONPATH} /usr/bin/cmake --install /home/duy/cocarry_ws/build/motoros2_client_interface_dependencies[0m
[17.797s] [34mcolcon.colcon_core.environment[0m [1;30mLevel 1[0m checking '/home/duy/cocarry_ws/install/motoros2_client_interface_dependencies' for CMake config files
[17.798s] [34mcolcon.colcon_core.shell[0m [1;30mLevel 1[0m create_environment_hook('motoros2_client_interface_dependencies', 'cmake_prefix_path')
[17.798s] [34mcolcon.colcon_core.shell[0m [1;30mINFO[0m Creating environment hook '/home/duy/cocarry_ws/install/motoros2_client_interface_dependencies/share/motoros2_client_interface_dependencies/hook/cmake_prefix_path.ps1'
[17.800s] [34mcolcon.colcon_core.shell[0m [1;30mINFO[0m Creating environment descriptor '/home/duy/cocarry_ws/install/motoros2_client_interface_dependencies/share/motoros2_client_interface_dependencies/hook/cmake_prefix_path.dsv'
[17.802s] [34mcolcon.colcon_core.shell[0m [1;30mINFO[0m Creating environment hook '/home/duy/cocarry_ws/install/motoros2_client_interface_dependencies/share/motoros2_client_interface_dependencies/hook/cmake_prefix_path.sh'
[17.804s] [34mcolcon.colcon_core.environment[0m [1;30mLevel 1[0m checking '/home/duy/cocarry_ws/install/motoros2_client_interface_dependencies/bin'
[17.805s] [34mcolcon.colcon_core.environment[0m [1;30mLevel 1[0m checking '/home/duy/cocarry_ws/install/motoros2_client_interface_dependencies/lib/pkgconfig/motoros2_client_interface_dependencies.pc'
[17.806s] [34mcolcon.colcon_core.environment[0m [1;30mLevel 1[0m checking '/home/duy/cocarry_ws/install/motoros2_client_interface_dependencies/lib/python3.10/site-packages'
[17.807s] [34mcolcon.colcon_core.environment[0m [1;30mLevel 1[0m checking '/home/duy/cocarry_ws/install/motoros2_client_interface_dependencies/bin'
[17.809s] [34mcolcon.colcon_core.shell[0m [1;30mINFO[0m Creating package script '/home/duy/cocarry_ws/install/motoros2_client_interface_dependencies/share/motoros2_client_interface_dependencies/package.ps1'
[17.811s] [34mcolcon.colcon_core.shell[0m [1;30mINFO[0m Creating package descriptor '/home/duy/cocarry_ws/install/motoros2_client_interface_dependencies/share/motoros2_client_interface_dependencies/package.dsv'
[17.812s] [34mcolcon.colcon_core.shell[0m [1;30mINFO[0m Creating package script '/home/duy/cocarry_ws/install/motoros2_client_interface_dependencies/share/motoros2_client_interface_dependencies/package.sh'
[17.814s] [34mcolcon.colcon_core.shell[0m [1;30mINFO[0m Creating package script '/home/duy/cocarry_ws/install/motoros2_client_interface_dependencies/share/motoros2_client_interface_dependencies/package.bash'
[17.815s] [34mcolcon.colcon_core.shell[0m [1;30mINFO[0m Creating package script '/home/duy/cocarry_ws/install/motoros2_client_interface_dependencies/share/motoros2_client_interface_dependencies/package.zsh'
[17.817s] [34mcolcon.colcon_core.environment[0m [1;30mLevel 1[0m create_file_with_runtime_dependencies(/home/duy/cocarry_ws/install/motoros2_client_interface_dependencies/share/colcon-core/packages/motoros2_client_interface_dependencies)
[17.819s] [34mcolcon.colcon_core.environment[0m [1;30mLevel 1[0m create_environment_scripts_only(motoros2_client_interface_dependencies)
[17.820s] [34mcolcon.colcon_core.environment[0m [1;30mLevel 1[0m checking '/home/duy/cocarry_ws/install/motoros2_client_interface_dependencies' for CMake module files
[17.822s] [34mcolcon.colcon_core.environment[0m [1;30mLevel 1[0m checking '/home/duy/cocarry_ws/install/motoros2_client_interface_dependencies' for CMake config files
[17.823s] [34mcolcon.colcon_core.shell[0m [1;30mLevel 1[0m create_environment_hook('motoros2_client_interface_dependencies', 'cmake_prefix_path')
[17.824s] [34mcolcon.colcon_core.shell[0m [1;30mINFO[0m Creating environment hook '/home/duy/cocarry_ws/install/motoros2_client_interface_dependencies/share/motoros2_client_interface_dependencies/hook/cmake_prefix_path.ps1'
[17.825s] [34mcolcon.colcon_core.shell[0m [1;30mINFO[0m Creating environment descriptor '/home/duy/cocarry_ws/install/motoros2_client_interface_dependencies/share/motoros2_client_interface_dependencies/hook/cmake_prefix_path.dsv'
[17.827s] [34mcolcon.colcon_core.shell[0m [1;30mINFO[0m Creating environment hook '/home/duy/cocarry_ws/install/motoros2_client_interface_dependencies/share/motoros2_client_interface_dependencies/hook/cmake_prefix_path.sh'
[17.829s] [34mcolcon.colcon_core.environment[0m [1;30mLevel 1[0m checking '/home/duy/cocarry_ws/install/motoros2_client_interface_dependencies/bin'
[17.829s] [34mcolcon.colcon_core.environment[0m [1;30mLevel 1[0m checking '/home/duy/cocarry_ws/install/motoros2_client_interface_dependencies/lib/pkgconfig/motoros2_client_interface_dependencies.pc'
[17.830s] [34mcolcon.colcon_core.environment[0m [1;30mLevel 1[0m checking '/home/duy/cocarry_ws/install/motoros2_client_interface_dependencies/lib/python3.10/site-packages'
[17.832s] [34mcolcon.colcon_core.environment[0m [1;30mLevel 1[0m checking '/home/duy/cocarry_ws/install/motoros2_client_interface_dependencies/bin'
[17.833s] [34mcolcon.colcon_core.shell[0m [1;30mINFO[0m Creating package script '/home/duy/cocarry_ws/install/motoros2_client_interface_dependencies/share/motoros2_client_interface_dependencies/package.ps1'
[17.836s] [34mcolcon.colcon_core.shell[0m [1;30mINFO[0m Creating package descriptor '/home/duy/cocarry_ws/install/motoros2_client_interface_dependencies/share/motoros2_client_interface_dependencies/package.dsv'
[17.838s] [34mcolcon.colcon_core.shell[0m [1;30mINFO[0m Creating package script '/home/duy/cocarry_ws/install/motoros2_client_interface_dependencies/share/motoros2_client_interface_dependencies/package.sh'
[17.840s] [34mcolcon.colcon_core.shell[0m [1;30mINFO[0m Creating package script '/home/duy/cocarry_ws/install/motoros2_client_interface_dependencies/share/motoros2_client_interface_dependencies/package.bash'
[17.841s] [34mcolcon.colcon_core.shell[0m [1;30mINFO[0m Creating package script '/home/duy/cocarry_ws/install/motoros2_client_interface_dependencies/share/motoros2_client_interface_dependencies/package.zsh'
[17.843s] [34mcolcon.colcon_core.environment[0m [1;30mLevel 1[0m create_file_with_runtime_dependencies(/home/duy/cocarry_ws/install/motoros2_client_interface_dependencies/share/colcon-core/packages/motoros2_client_interface_dependencies)
[17.849s] [34mcolcon.colcon_core.task.python.build[0m [1;30mDEBUG[0m [32mWhile undoing a previous installation files outside the Python library path are being ignored: /home/duy/cocarry_ws/install/experiment_logger/share/ament_index/resource_index/packages/experiment_logger[0m
[17.849s] [34mcolcon.colcon_core.task.python.build[0m [1;30mDEBUG[0m [32mWhile undoing a previous installation files outside the Python library path are being ignored: /home/duy/cocarry_ws/install/experiment_logger/share/experiment_logger/package.xml[0m
[17.849s] [34mcolcon.colcon_core.task.python.build[0m [1;30mDEBUG[0m [32mWhile undoing a previous installation files outside the Python library path are being ignored: /home/duy/cocarry_ws/install/experiment_logger/lib/experiment_logger/analyze_latency[0m
[17.849s] [34mcolcon.colcon_core.task.python.build[0m [1;30mDEBUG[0m [32mWhile undoing a previous installation files outside the Python library path are being ignored: /home/duy/cocarry_ws/install/experiment_logger/lib/experiment_logger/logger_node[0m
[17.866s] [34mcolcon.colcon_core.event_handler.log_command[0m [1;30mDEBUG[0m [32mInvoking command in '/home/duy/cocarry_ws/build/experiment_logger': CMAKE_PREFIX_PATH=/home/duy/cocarry_ws/install/human_hand_msgs LD_LIBRARY_PATH=/home/duy/cocarry_ws/install/human_hand_msgs/lib:${LD_LIBRARY_PATH} PKG_CONFIG_PATH=/home/duy/cocarry_ws/install/human_hand_msgs/lib/x86_64-linux-gnu/pkgconfig:/home/duy/cocarry_ws/install/human_hand_msgs/lib/pkgconfig PYTHONPATH=/home/duy/cocarry_ws/build/experiment_logger/prefix_override:/usr/lib/python3/dist-packages/colcon_core/task/python/colcon_distutils_commands:/home/duy/cocarry_ws/install/experiment_logger/lib/python3.10/site-packages:/home/duy/cocarry_ws/install/human_hand_msgs/local/lib/python3.10/dist-packages:${PYTHONPATH} ROS_PACKAGE_PATH=/home/duy/cocarry_ws/install/human_hand_msgs/share /usr/bin/python3 -W ignore:setup.py install is deprecated -W ignore:easy_install command is deprecated setup.py develop --editable --build-directory /home/duy/cocarry_ws/build/experiment_logger/build --no-deps symlink_data --force[0m
[17.870s] [34mcolcon.colcon_core.task.python.build[0m [1;30mDEBUG[0m [32mWhile undoing a previous installation files outside the Python library path are being ignored: /home/duy/cocarry_ws/install/realsense_tracker/share/ament_index/resource_index/packages/realsense_tracker[0m
[17.870s] [34mcolcon.colcon_core.task.python.build[0m [1;30mDEBUG[0m [32mWhile undoing a previous installation files outside the Python library path are being ignored: /home/duy/cocarry_ws/install/realsense_tracker/share/realsense_tracker/package.xml[0m
[17.870s] [34mcolcon.colcon_core.task.python.build[0m [1;30mDEBUG[0m [32mWhile undoing a previous installation files outside the Python library path are being ignored: /home/duy/cocarry_ws/install/realsense_tracker/share/realsense_tracker/models/pose_landmarker_full.task[0m
[17.871s] [34mcolcon.colcon_core.task.python.build[0m [1;30mDEBUG[0m [32mWhile undoing a previous installation files outside the Python library path are being ignored: /home/duy/cocarry_ws/install/realsense_tracker/lib/realsense_tracker/realsense_node[0m
[17.884s] [34mcolcon.colcon_core.event_handler.log_command[0m [1;30mDEBUG[0m [32mInvoking command in '/home/duy/cocarry_ws/build/realsense_tracker': CMAKE_PREFIX_PATH=/home/duy/cocarry_ws/install/human_hand_msgs LD_LIBRARY_PATH=/home/duy/cocarry_ws/install/human_hand_msgs/lib:${LD_LIBRARY_PATH} PKG_CONFIG_PATH=/home/duy/cocarry_ws/install/human_hand_msgs/lib/x86_64-linux-gnu/pkgconfig:/home/duy/cocarry_ws/install/human_hand_msgs/lib/pkgconfig PYTHONPATH=/home/duy/cocarry_ws/build/realsense_tracker/prefix_override:/usr/lib/python3/dist-packages/colcon_core/task/python/colcon_distutils_commands:/home/duy/cocarry_ws/install/realsense_tracker/lib/python3.10/site-packages:/home/duy/cocarry_ws/install/human_hand_msgs/local/lib/python3.10/dist-packages:${PYTHONPATH} ROS_PACKAGE_PATH=/home/duy/cocarry_ws/install/human_hand_msgs/share /usr/bin/python3 -W ignore:setup.py install is deprecated -W ignore:easy_install command is deprecated setup.py develop --editable --build-directory /home/duy/cocarry_ws/build/realsense_tracker/build --no-deps symlink_data --force[0m
[17.885s] [34mcolcon.colcon_core.event_handler.log_command[0m [1;30mDEBUG[0m [32mInvoked command in '/home/duy/cocarry_ws/build/hc10dtp_simulation' returned '0': AMENT_PREFIX_PATH=/home/duy/cocarry_ws/install/hc10dtp_bringup:/home/duy/cocarry_ws/install/hc10dtp_moveit_config:/home/duy/cocarry_ws/install/motoman_hc10dtp_support:/home/duy/cocarry_ws/install/motoros2_interfaces:/home/duy/cocarry_ws/install/motoman_resources:${AMENT_PREFIX_PATH} CMAKE_PREFIX_PATH=/home/duy/cocarry_ws/install/hc10dtp_bringup:/home/duy/cocarry_ws/install/hc10dtp_moveit_config:/home/duy/cocarry_ws/install/motoman_hc10dtp_support:/home/duy/cocarry_ws/install/motoros2_interfaces:/home/duy/cocarry_ws/install/motoman_resources:/opt/ros/humble LD_LIBRARY_PATH=/home/duy/cocarry_ws/install/motoros2_interfaces/lib:${LD_LIBRARY_PATH} PYTHONPATH=/home/duy/cocarry_ws/install/motoros2_interfaces/local/lib/python3.10/dist-packages:${PYTHONPATH} /usr/bin/cmake --build /home/duy/cocarry_ws/build/hc10dtp_simulation -- -j16 -l16[0m
[17.887s] [34mcolcon.colcon_core.event_handler.log_command[0m [1;30mDEBUG[0m [32mInvoking command in '/home/duy/cocarry_ws/build/hc10dtp_simulation': AMENT_PREFIX_PATH=/home/duy/cocarry_ws/install/hc10dtp_bringup:/home/duy/cocarry_ws/install/hc10dtp_moveit_config:/home/duy/cocarry_ws/install/motoman_hc10dtp_support:/home/duy/cocarry_ws/install/motoros2_interfaces:/home/duy/cocarry_ws/install/motoman_resources:${AMENT_PREFIX_PATH} CMAKE_PREFIX_PATH=/home/duy/cocarry_ws/install/hc10dtp_bringup:/home/duy/cocarry_ws/install/hc10dtp_moveit_config:/home/duy/cocarry_ws/install/motoman_hc10dtp_support:/home/duy/cocarry_ws/install/motoros2_interfaces:/home/duy/cocarry_ws/install/motoman_resources:/opt/ros/humble LD_LIBRARY_PATH=/home/duy/cocarry_ws/install/motoros2_interfaces/lib:${LD_LIBRARY_PATH} PYTHONPATH=/home/duy/cocarry_ws/install/motoros2_interfaces/local/lib/python3.10/dist-packages:${PYTHONPATH} /usr/bin/cmake --install /home/duy/cocarry_ws/build/hc10dtp_simulation[0m
[17.905s] [34mcolcon.colcon_core.task.python.build[0m [1;30mDEBUG[0m [32mWhile undoing a previous installation files outside the Python library path are being ignored: /home/duy/cocarry_ws/install/trajectory_predictor/share/ament_index/resource_index/packages/trajectory_predictor[0m
[17.905s] [34mcolcon.colcon_core.task.python.build[0m [1;30mDEBUG[0m [32mWhile undoing a previous installation files outside the Python library path are being ignored: /home/duy/cocarry_ws/install/trajectory_predictor/share/trajectory_predictor/package.xml[0m
[17.905s] [34mcolcon.colcon_core.task.python.build[0m [1;30mDEBUG[0m [32mWhile undoing a previous installation files outside the Python library path are being ignored: /home/duy/cocarry_ws/install/trajectory_predictor/share/trajectory_predictor/config/predictor_params.yaml[0m
[17.906s] [34mcolcon.colcon_core.task.python.build[0m [1;30mDEBUG[0m [32mWhile undoing a previous installation files outside the Python library path are being ignored: /home/duy/cocarry_ws/install/trajectory_predictor/lib/trajectory_predictor/predictor_node[0m
[17.910s] [34mcolcon.colcon_core.event_handler.log_command[0m [1;30mDEBUG[0m [32mInvoking command in '/home/duy/cocarry_ws/build/trajectory_predictor': CMAKE_PREFIX_PATH=/home/duy/cocarry_ws/install/human_hand_msgs LD_LIBRARY_PATH=/home/duy/cocarry_ws/install/human_hand_msgs/lib:${LD_LIBRARY_PATH} PKG_CONFIG_PATH=/home/duy/cocarry_ws/install/human_hand_msgs/lib/x86_64-linux-gnu/pkgconfig:/home/duy/cocarry_ws/install/human_hand_msgs/lib/pkgconfig PYTHONPATH=/home/duy/cocarry_ws/build/trajectory_predictor/prefix_override:/usr/lib/python3/dist-packages/colcon_core/task/python/colcon_distutils_commands:/home/duy/cocarry_ws/install/trajectory_predictor/lib/python3.10/site-packages:/home/duy/cocarry_ws/install/human_hand_msgs/local/lib/python3.10/dist-packages:${PYTHONPATH} ROS_PACKAGE_PATH=/home/duy/cocarry_ws/install/human_hand_msgs/share /usr/bin/python3 -W ignore:setup.py install is deprecated -W ignore:easy_install command is deprecated setup.py develop --editable --build-directory /home/duy/cocarry_ws/build/trajectory_predictor/build --no-deps symlink_data --force[0m
[17.936s] [34mcolcon.colcon_core.environment[0m [1;30mLevel 1[0m create_environment_scripts_only(hc10dtp_simulation)
[17.936s] [34mcolcon.colcon_core.environment[0m [1;30mLevel 1[0m checking '/home/duy/cocarry_ws/install/hc10dtp_simulation' for CMake module files
[17.937s] [34mcolcon.colcon_core.event_handler.log_command[0m [1;30mDEBUG[0m [32mInvoked command in '/home/duy/cocarry_ws/build/hc10dtp_simulation' returned '0': AMENT_PREFIX_PATH=/home/duy/cocarry_ws/install/hc10dtp_bringup:/home/duy/cocarry_ws/install/hc10dtp_moveit_config:/home/duy/cocarry_ws/install/motoman_hc10dtp_support:/home/duy/cocarry_ws/install/motoros2_interfaces:/home/duy/cocarry_ws/install/motoman_resources:${AMENT_PREFIX_PATH} CMAKE_PREFIX_PATH=/home/duy/cocarry_ws/install/hc10dtp_bringup:/home/duy/cocarry_ws/install/hc10dtp_moveit_config:/home/duy/cocarry_ws/install/motoman_hc10dtp_support:/home/duy/cocarry_ws/install/motoros2_interfaces:/home/duy/cocarry_ws/install/motoman_resources:/opt/ros/humble LD_LIBRARY_PATH=/home/duy/cocarry_ws/install/motoros2_interfaces/lib:${LD_LIBRARY_PATH} PYTHONPATH=/home/duy/cocarry_ws/install/motoros2_interfaces/local/lib/python3.10/dist-packages:${PYTHONPATH} /usr/bin/cmake --install /home/duy/cocarry_ws/build/hc10dtp_simulation[0m
[17.938s] [34mcolcon.colcon_core.environment[0m [1;30mLevel 1[0m checking '/home/duy/cocarry_ws/install/hc10dtp_simulation' for CMake config files
[17.939s] [34mcolcon.colcon_core.shell[0m [1;30mLevel 1[0m create_environment_hook('hc10dtp_simulation', 'cmake_prefix_path')
[17.939s] [34mcolcon.colcon_core.shell[0m [1;30mINFO[0m Creating environment hook '/home/duy/cocarry_ws/install/hc10dtp_simulation/share/hc10dtp_simulation/hook/cmake_prefix_path.ps1'
[17.940s] [34mcolcon.colcon_core.shell[0m [1;30mINFO[0m Creating environment descriptor '/home/duy/cocarry_ws/install/hc10dtp_simulation/share/hc10dtp_simulation/hook/cmake_prefix_path.dsv'
[17.941s] [34mcolcon.colcon_core.shell[0m [1;30mINFO[0m Creating environment hook '/home/duy/cocarry_ws/install/hc10dtp_simulation/share/hc10dtp_simulation/hook/cmake_prefix_path.sh'
[17.942s] [34mcolcon.colcon_core.environment[0m [1;30mLevel 1[0m checking '/home/duy/cocarry_ws/install/hc10dtp_simulation/lib'
[17.942s] [34mcolcon.colcon_core.environment[0m [1;30mLevel 1[0m checking '/home/duy/cocarry_ws/install/hc10dtp_simulation/bin'
[17.942s] [34mcolcon.colcon_core.environment[0m [1;30mLevel 1[0m checking '/home/duy/cocarry_ws/install/hc10dtp_simulation/lib/pkgconfig/hc10dtp_simulation.pc'
[17.942s] [34mcolcon.colcon_core.environment[0m [1;30mLevel 1[0m checking '/home/duy/cocarry_ws/install/hc10dtp_simulation/lib/python3.10/site-packages'
[17.943s] [34mcolcon.colcon_core.environment[0m [1;30mLevel 1[0m checking '/home/duy/cocarry_ws/install/hc10dtp_simulation/bin'
[17.943s] [34mcolcon.colcon_core.shell[0m [1;30mINFO[0m Creating package script '/home/duy/cocarry_ws/install/hc10dtp_simulation/share/hc10dtp_simulation/package.ps1'
[17.944s] [34mcolcon.colcon_core.shell[0m [1;30mINFO[0m Creating package descriptor '/home/duy/cocarry_ws/install/hc10dtp_simulation/share/hc10dtp_simulation/package.dsv'
[17.945s] [34mcolcon.colcon_core.shell[0m [1;30mINFO[0m Creating package script '/home/duy/cocarry_ws/install/hc10dtp_simulation/share/hc10dtp_simulation/package.sh'
[17.946s] [34mcolcon.colcon_core.shell[0m [1;30mINFO[0m Creating package script '/home/duy/cocarry_ws/install/hc10dtp_simulation/share/hc10dtp_simulation/package.bash'
[17.946s] [34mcolcon.colcon_core.shell[0m [1;30mINFO[0m Creating package script '/home/duy/cocarry_ws/install/hc10dtp_simulation/share/hc10dtp_simulation/package.zsh'
[17.947s] [34mcolcon.colcon_core.environment[0m [1;30mLevel 1[0m create_file_with_runtime_dependencies(/home/duy/cocarry_ws/install/hc10dtp_simulation/share/colcon-core/packages/hc10dtp_simulation)
[17.948s] [34mcolcon.colcon_core.environment[0m [1;30mLevel 1[0m create_environment_scripts_only(hc10dtp_simulation)
[17.948s] [34mcolcon.colcon_core.environment[0m [1;30mLevel 1[0m checking '/home/duy/cocarry_ws/install/hc10dtp_simulation' for CMake module files
[17.949s] [34mcolcon.colcon_core.environment[0m [1;30mLevel 1[0m checking '/home/duy/cocarry_ws/install/hc10dtp_simulation' for CMake config files
[17.949s] [34mcolcon.colcon_core.shell[0m [1;30mLevel 1[0m create_environment_hook('hc10dtp_simulation', 'cmake_prefix_path')
[17.950s] [34mcolcon.colcon_core.shell[0m [1;30mINFO[0m Creating environment hook '/home/duy/cocarry_ws/install/hc10dtp_simulation/share/hc10dtp_simulation/hook/cmake_prefix_path.ps1'
[17.951s] [34mcolcon.colcon_core.shell[0m [1;30mINFO[0m Creating environment descriptor '/home/duy/cocarry_ws/install/hc10dtp_simulation/share/hc10dtp_simulation/hook/cmake_prefix_path.dsv'
[17.951s] [34mcolcon.colcon_core.shell[0m [1;30mINFO[0m Creating environment hook '/home/duy/cocarry_ws/install/hc10dtp_simulation/share/hc10dtp_simulation/hook/cmake_prefix_path.sh'
[17.953s] [34mcolcon.colcon_core.environment[0m [1;30mLevel 1[0m checking '/home/duy/cocarry_ws/install/hc10dtp_simulation/lib'
[17.953s] [34mcolcon.colcon_core.environment[0m [1;30mLevel 1[0m checking '/home/duy/cocarry_ws/install/hc10dtp_simulation/bin'
[17.954s] [34mcolcon.colcon_core.environment[0m [1;30mLevel 1[0m checking '/home/duy/cocarry_ws/install/hc10dtp_simulation/lib/pkgconfig/hc10dtp_simulation.pc'
[17.954s] [34mcolcon.colcon_core.environment[0m [1;30mLevel 1[0m checking '/home/duy/cocarry_ws/install/hc10dtp_simulation/lib/python3.10/site-packages'
[17.955s] [34mcolcon.colcon_core.environment[0m [1;30mLevel 1[0m checking '/home/duy/cocarry_ws/install/hc10dtp_simulation/bin'
[17.956s] [34mcolcon.colcon_core.shell[0m [1;30mINFO[0m Creating package script '/home/duy/cocarry_ws/install/hc10dtp_simulation/share/hc10dtp_simulation/package.ps1'
[17.957s] [34mcolcon.colcon_core.shell[0m [1;30mINFO[0m Creating package descriptor '/home/duy/cocarry_ws/install/hc10dtp_simulation/share/hc10dtp_simulation/package.dsv'
[17.958s] [34mcolcon.colcon_core.shell[0m [1;30mINFO[0m Creating package script '/home/duy/cocarry_ws/install/hc10dtp_simulation/share/hc10dtp_simulation/package.sh'
[17.959s] [34mcolcon.colcon_core.shell[0m [1;30mINFO[0m Creating package script '/home/duy/cocarry_ws/install/hc10dtp_simulation/share/hc10dtp_simulation/package.bash'
[17.959s] [34mcolcon.colcon_core.shell[0m [1;30mINFO[0m Creating package script '/home/duy/cocarry_ws/install/hc10dtp_simulation/share/hc10dtp_simulation/package.zsh'
[17.960s] [34mcolcon.colcon_core.environment[0m [1;30mLevel 1[0m create_file_with_runtime_dependencies(/home/duy/cocarry_ws/install/hc10dtp_simulation/share/colcon-core/packages/hc10dtp_simulation)
[18.457s] [34mcolcon.colcon_core.shell[0m [1;30mLevel 1[0m create_environment_hook('predictor_ui', 'pythonpath_develop')
[18.458s] [34mcolcon.colcon_core.shell[0m [1;30mINFO[0m Creating environment hook '/home/duy/cocarry_ws/build/predictor_ui/share/predictor_ui/hook/pythonpath_develop.ps1'
[18.459s] [34mcolcon.colcon_core.event_handler.log_command[0m [1;30mDEBUG[0m [32mInvoked command in '/home/duy/cocarry_ws/build/predictor_ui' returned '0': CMAKE_PREFIX_PATH=/home/duy/cocarry_ws/install/human_hand_msgs LD_LIBRARY_PATH=/home/duy/cocarry_ws/install/human_hand_msgs/lib:${LD_LIBRARY_PATH} PKG_CONFIG_PATH=/home/duy/cocarry_ws/install/human_hand_msgs/lib/x86_64-linux-gnu/pkgconfig:/home/duy/cocarry_ws/install/human_hand_msgs/lib/pkgconfig PYTHONPATH=/home/duy/cocarry_ws/build/predictor_ui/prefix_override:/usr/lib/python3/dist-packages/colcon_core/task/python/colcon_distutils_commands:/home/duy/cocarry_ws/install/predictor_ui/lib/python3.10/site-packages:/home/duy/cocarry_ws/install/human_hand_msgs/local/lib/python3.10/dist-packages:${PYTHONPATH} ROS_PACKAGE_PATH=/home/duy/cocarry_ws/install/human_hand_msgs/share /usr/bin/python3 -W ignore:setup.py install is deprecated -W ignore:easy_install command is deprecated setup.py develop --editable --build-directory /home/duy/cocarry_ws/build/predictor_ui/build --no-deps symlink_data --force[0m
[18.460s] [34mcolcon.colcon_core.shell[0m [1;30mINFO[0m Creating environment descriptor '/home/duy/cocarry_ws/build/predictor_ui/share/predictor_ui/hook/pythonpath_develop.dsv'
[18.461s] [34mcolcon.colcon_core.shell[0m [1;30mINFO[0m Creating environment hook '/home/duy/cocarry_ws/build/predictor_ui/share/predictor_ui/hook/pythonpath_develop.sh'
[18.463s] [34mcolcon.colcon_core.environment[0m [1;30mLevel 1[0m checking '/home/duy/cocarry_ws/install/predictor_ui' for CMake module files
[18.464s] [34mcolcon.colcon_core.environment[0m [1;30mLevel 1[0m checking '/home/duy/cocarry_ws/install/predictor_ui' for CMake config files
[18.466s] [34mcolcon.colcon_core.environment[0m [1;30mLevel 1[0m checking '/home/duy/cocarry_ws/install/predictor_ui/lib'
[18.466s] [34mcolcon.colcon_core.environment[0m [1;30mLevel 1[0m checking '/home/duy/cocarry_ws/install/predictor_ui/bin'
[18.466s] [34mcolcon.colcon_core.environment[0m [1;30mLevel 1[0m checking '/home/duy/cocarry_ws/install/predictor_ui/lib/pkgconfig/predictor_ui.pc'
[18.467s] [34mcolcon.colcon_core.environment[0m [1;30mLevel 1[0m checking '/home/duy/cocarry_ws/install/predictor_ui/lib/python3.10/site-packages'
[18.467s] [34mcolcon.colcon_core.shell[0m [1;30mLevel 1[0m create_environment_hook('predictor_ui', 'pythonpath')
[18.468s] [34mcolcon.colcon_core.shell[0m [1;30mINFO[0m Creating environment hook '/home/duy/cocarry_ws/install/predictor_ui/share/predictor_ui/hook/pythonpath.ps1'
[18.469s] [34mcolcon.colcon_core.shell[0m [1;30mINFO[0m Creating environment descriptor '/home/duy/cocarry_ws/install/predictor_ui/share/predictor_ui/hook/pythonpath.dsv'
[18.470s] [34mcolcon.colcon_core.shell[0m [1;30mINFO[0m Creating environment hook '/home/duy/cocarry_ws/install/predictor_ui/share/predictor_ui/hook/pythonpath.sh'
[18.473s] [34mcolcon.colcon_core.environment[0m [1;30mLevel 1[0m checking '/home/duy/cocarry_ws/install/predictor_ui/bin'
[18.473s] [34mcolcon.colcon_core.environment[0m [1;30mLevel 1[0m create_environment_scripts_only(predictor_ui)
[18.474s] [34mcolcon.colcon_core.shell[0m [1;30mINFO[0m Creating package script '/home/duy/cocarry_ws/install/predictor_ui/share/predictor_ui/package.ps1'
[18.476s] [34mcolcon.colcon_core.shell[0m [1;30mINFO[0m Creating package descriptor '/home/duy/cocarry_ws/install/predictor_ui/share/predictor_ui/package.dsv'
[18.477s] [34mcolcon.colcon_core.shell[0m [1;30mINFO[0m Creating package script '/home/duy/cocarry_ws/install/predictor_ui/share/predictor_ui/package.sh'
[18.478s] [34mcolcon.colcon_core.shell[0m [1;30mINFO[0m Creating package script '/home/duy/cocarry_ws/install/predictor_ui/share/predictor_ui/package.bash'
[18.479s] [34mcolcon.colcon_core.shell[0m [1;30mINFO[0m Creating package script '/home/duy/cocarry_ws/install/predictor_ui/share/predictor_ui/package.zsh'
[18.479s] [34mcolcon.colcon_core.environment[0m [1;30mLevel 1[0m create_file_with_runtime_dependencies(/home/duy/cocarry_ws/install/predictor_ui/share/colcon-core/packages/predictor_ui)
[18.709s] [34mcolcon.colcon_core.shell[0m [1;30mLevel 1[0m create_environment_hook('experiment_logger', 'pythonpath_develop')
[18.710s] [34mcolcon.colcon_core.shell[0m [1;30mINFO[0m Creating environment hook '/home/duy/cocarry_ws/build/experiment_logger/share/experiment_logger/hook/pythonpath_develop.ps1'
[18.711s] [34mcolcon.colcon_core.event_handler.log_command[0m [1;30mDEBUG[0m [32mInvoked command in '/home/duy/cocarry_ws/build/experiment_logger' returned '0': CMAKE_PREFIX_PATH=/home/duy/cocarry_ws/install/human_hand_msgs LD_LIBRARY_PATH=/home/duy/cocarry_ws/install/human_hand_msgs/lib:${LD_LIBRARY_PATH} PKG_CONFIG_PATH=/home/duy/cocarry_ws/install/human_hand_msgs/lib/x86_64-linux-gnu/pkgconfig:/home/duy/cocarry_ws/install/human_hand_msgs/lib/pkgconfig PYTHONPATH=/home/duy/cocarry_ws/build/experiment_logger/prefix_override:/usr/lib/python3/dist-packages/colcon_core/task/python/colcon_distutils_commands:/home/duy/cocarry_ws/install/experiment_logger/lib/python3.10/site-packages:/home/duy/cocarry_ws/install/human_hand_msgs/local/lib/python3.10/dist-packages:${PYTHONPATH} ROS_PACKAGE_PATH=/home/duy/cocarry_ws/install/human_hand_msgs/share /usr/bin/python3 -W ignore:setup.py install is deprecated -W ignore:easy_install command is deprecated setup.py develop --editable --build-directory /home/duy/cocarry_ws/build/experiment_logger/build --no-deps symlink_data --force[0m
[18.712s] [34mcolcon.colcon_core.shell[0m [1;30mINFO[0m Creating environment descriptor '/home/duy/cocarry_ws/build/experiment_logger/share/experiment_logger/hook/pythonpath_develop.dsv'
[18.713s] [34mcolcon.colcon_core.shell[0m [1;30mINFO[0m Creating environment hook '/home/duy/cocarry_ws/build/experiment_logger/share/experiment_logger/hook/pythonpath_develop.sh'
[18.713s] [34mcolcon.colcon_core.environment[0m [1;30mLevel 1[0m checking '/home/duy/cocarry_ws/install/experiment_logger' for CMake module files
[18.714s] [34mcolcon.colcon_core.environment[0m [1;30mLevel 1[0m checking '/home/duy/cocarry_ws/install/experiment_logger' for CMake config files
[18.715s] [34mcolcon.colcon_core.environment[0m [1;30mLevel 1[0m checking '/home/duy/cocarry_ws/install/experiment_logger/lib'
[18.715s] [34mcolcon.colcon_core.environment[0m [1;30mLevel 1[0m checking '/home/duy/cocarry_ws/install/experiment_logger/bin'
[18.715s] [34mcolcon.colcon_core.environment[0m [1;30mLevel 1[0m checking '/home/duy/cocarry_ws/install/experiment_logger/lib/pkgconfig/experiment_logger.pc'
[18.715s] [34mcolcon.colcon_core.environment[0m [1;30mLevel 1[0m checking '/home/duy/cocarry_ws/install/experiment_logger/lib/python3.10/site-packages'
[18.715s] [34mcolcon.colcon_core.shell[0m [1;30mLevel 1[0m create_environment_hook('experiment_logger', 'pythonpath')
[18.716s] [34mcolcon.colcon_core.shell[0m [1;30mINFO[0m Creating environment hook '/home/duy/cocarry_ws/install/experiment_logger/share/experiment_logger/hook/pythonpath.ps1'
[18.716s] [34mcolcon.colcon_core.shell[0m [1;30mINFO[0m Creating environment descriptor '/home/duy/cocarry_ws/install/experiment_logger/share/experiment_logger/hook/pythonpath.dsv'
[18.717s] [34mcolcon.colcon_core.shell[0m [1;30mINFO[0m Creating environment hook '/home/duy/cocarry_ws/install/experiment_logger/share/experiment_logger/hook/pythonpath.sh'
[18.718s] [34mcolcon.colcon_core.environment[0m [1;30mLevel 1[0m checking '/home/duy/cocarry_ws/install/experiment_logger/bin'
[18.718s] [34mcolcon.colcon_core.environment[0m [1;30mLevel 1[0m create_environment_scripts_only(experiment_logger)
[18.718s] [34mcolcon.colcon_core.shell[0m [1;30mINFO[0m Creating package script '/home/duy/cocarry_ws/install/experiment_logger/share/experiment_logger/package.ps1'
[18.719s] [34mcolcon.colcon_core.shell[0m [1;30mINFO[0m Creating package descriptor '/home/duy/cocarry_ws/install/experiment_logger/share/experiment_logger/package.dsv'
[18.720s] [34mcolcon.colcon_core.shell[0m [1;30mINFO[0m Creating package script '/home/duy/cocarry_ws/install/experiment_logger/share/experiment_logger/package.sh'
[18.721s] [34mcolcon.colcon_core.shell[0m [1;30mINFO[0m Creating package script '/home/duy/cocarry_ws/install/experiment_logger/share/experiment_logger/package.bash'
[18.721s] [34mcolcon.colcon_core.shell[0m [1;30mINFO[0m Creating package script '/home/duy/cocarry_ws/install/experiment_logger/share/experiment_logger/package.zsh'
[18.722s] [34mcolcon.colcon_core.environment[0m [1;30mLevel 1[0m create_file_with_runtime_dependencies(/home/duy/cocarry_ws/install/experiment_logger/share/colcon-core/packages/experiment_logger)
[18.724s] [34mcolcon.colcon_core.shell[0m [1;30mLevel 1[0m create_environment_hook('realsense_tracker', 'pythonpath_develop')
[18.725s] [34mcolcon.colcon_core.shell[0m [1;30mINFO[0m Creating environment hook '/home/duy/cocarry_ws/build/realsense_tracker/share/realsense_tracker/hook/pythonpath_develop.ps1'
[18.725s] [34mcolcon.colcon_core.event_handler.log_command[0m [1;30mDEBUG[0m [32mInvoked command in '/home/duy/cocarry_ws/build/realsense_tracker' returned '0': CMAKE_PREFIX_PATH=/home/duy/cocarry_ws/install/human_hand_msgs LD_LIBRARY_PATH=/home/duy/cocarry_ws/install/human_hand_msgs/lib:${LD_LIBRARY_PATH} PKG_CONFIG_PATH=/home/duy/cocarry_ws/install/human_hand_msgs/lib/x86_64-linux-gnu/pkgconfig:/home/duy/cocarry_ws/install/human_hand_msgs/lib/pkgconfig PYTHONPATH=/home/duy/cocarry_ws/build/realsense_tracker/prefix_override:/usr/lib/python3/dist-packages/colcon_core/task/python/colcon_distutils_commands:/home/duy/cocarry_ws/install/realsense_tracker/lib/python3.10/site-packages:/home/duy/cocarry_ws/install/human_hand_msgs/local/lib/python3.10/dist-packages:${PYTHONPATH} ROS_PACKAGE_PATH=/home/duy/cocarry_ws/install/human_hand_msgs/share /usr/bin/python3 -W ignore:setup.py install is deprecated -W ignore:easy_install command is deprecated setup.py develop --editable --build-directory /home/duy/cocarry_ws/build/realsense_tracker/build --no-deps symlink_data --force[0m
[18.726s] [34mcolcon.colcon_core.shell[0m [1;30mINFO[0m Creating environment descriptor '/home/duy/cocarry_ws/build/realsense_tracker/share/realsense_tracker/hook/pythonpath_develop.dsv'
[18.727s] [34mcolcon.colcon_core.shell[0m [1;30mINFO[0m Creating environment hook '/home/duy/cocarry_ws/build/realsense_tracker/share/realsense_tracker/hook/pythonpath_develop.sh'
[18.727s] [34mcolcon.colcon_core.environment[0m [1;30mLevel 1[0m checking '/home/duy/cocarry_ws/install/realsense_tracker' for CMake module files
[18.728s] [34mcolcon.colcon_core.environment[0m [1;30mLevel 1[0m checking '/home/duy/cocarry_ws/install/realsense_tracker' for CMake config files
[18.729s] [34mcolcon.colcon_core.environment[0m [1;30mLevel 1[0m checking '/home/duy/cocarry_ws/install/realsense_tracker/lib'
[18.729s] [34mcolcon.colcon_core.environment[0m [1;30mLevel 1[0m checking '/home/duy/cocarry_ws/install/realsense_tracker/bin'
[18.729s] [34mcolcon.colcon_core.environment[0m [1;30mLevel 1[0m checking '/home/duy/cocarry_ws/install/realsense_tracker/lib/pkgconfig/realsense_tracker.pc'
[18.729s] [34mcolcon.colcon_core.environment[0m [1;30mLevel 1[0m checking '/home/duy/cocarry_ws/install/realsense_tracker/lib/python3.10/site-packages'
[18.729s] [34mcolcon.colcon_core.shell[0m [1;30mLevel 1[0m create_environment_hook('realsense_tracker', 'pythonpath')
[18.730s] [34mcolcon.colcon_core.shell[0m [1;30mINFO[0m Creating environment hook '/home/duy/cocarry_ws/install/realsense_tracker/share/realsense_tracker/hook/pythonpath.ps1'
[18.730s] [34mcolcon.colcon_core.shell[0m [1;30mINFO[0m Creating environment descriptor '/home/duy/cocarry_ws/install/realsense_tracker/share/realsense_tracker/hook/pythonpath.dsv'
[18.731s] [34mcolcon.colcon_core.shell[0m [1;30mINFO[0m Creating environment hook '/home/duy/cocarry_ws/install/realsense_tracker/share/realsense_tracker/hook/pythonpath.sh'
[18.732s] [34mcolcon.colcon_core.environment[0m [1;30mLevel 1[0m checking '/home/duy/cocarry_ws/install/realsense_tracker/bin'
[18.732s] [34mcolcon.colcon_core.environment[0m [1;30mLevel 1[0m create_environment_scripts_only(realsense_tracker)
[18.732s] [34mcolcon.colcon_core.shell[0m [1;30mINFO[0m Creating package script '/home/duy/cocarry_ws/install/realsense_tracker/share/realsense_tracker/package.ps1'
[18.733s] [34mcolcon.colcon_core.shell[0m [1;30mINFO[0m Creating package descriptor '/home/duy/cocarry_ws/install/realsense_tracker/share/realsense_tracker/package.dsv'
[18.734s] [34mcolcon.colcon_core.shell[0m [1;30mINFO[0m Creating package script '/home/duy/cocarry_ws/install/realsense_tracker/share/realsense_tracker/package.sh'
[18.735s] [34mcolcon.colcon_core.shell[0m [1;30mINFO[0m Creating package script '/home/duy/cocarry_ws/install/realsense_tracker/share/realsense_tracker/package.bash'
[18.735s] [34mcolcon.colcon_core.shell[0m [1;30mINFO[0m Creating package script '/home/duy/cocarry_ws/install/realsense_tracker/share/realsense_tracker/package.zsh'
[18.736s] [34mcolcon.colcon_core.environment[0m [1;30mLevel 1[0m create_file_with_runtime_dependencies(/home/duy/cocarry_ws/install/realsense_tracker/share/colcon-core/packages/realsense_tracker)
[18.857s] [34mcolcon.colcon_core.shell[0m [1;30mLevel 1[0m create_environment_hook('coord_transform', 'pythonpath_develop')
[18.858s] [34mcolcon.colcon_core.shell[0m [1;30mINFO[0m Creating environment hook '/home/duy/cocarry_ws/build/coord_transform/share/coord_transform/hook/pythonpath_develop.ps1'
[18.859s] [34mcolcon.colcon_core.event_handler.log_command[0m [1;30mDEBUG[0m [32mInvoked command in '/home/duy/cocarry_ws/build/coord_transform' returned '0': CMAKE_PREFIX_PATH=/home/duy/cocarry_ws/install/human_hand_msgs LD_LIBRARY_PATH=/home/duy/cocarry_ws/install/human_hand_msgs/lib:${LD_LIBRARY_PATH} PKG_CONFIG_PATH=/home/duy/cocarry_ws/install/human_hand_msgs/lib/x86_64-linux-gnu/pkgconfig:/home/duy/cocarry_ws/install/human_hand_msgs/lib/pkgconfig PYTHONPATH=/home/duy/cocarry_ws/build/coord_transform/prefix_override:/usr/lib/python3/dist-packages/colcon_core/task/python/colcon_distutils_commands:/home/duy/cocarry_ws/install/coord_transform/lib/python3.10/site-packages:/home/duy/cocarry_ws/install/human_hand_msgs/local/lib/python3.10/dist-packages:${PYTHONPATH} ROS_PACKAGE_PATH=/home/duy/cocarry_ws/install/human_hand_msgs/share /usr/bin/python3 -W ignore:setup.py install is deprecated -W ignore:easy_install command is deprecated setup.py develop --editable --build-directory /home/duy/cocarry_ws/build/coord_transform/build --no-deps symlink_data --force[0m
[18.860s] [34mcolcon.colcon_core.shell[0m [1;30mINFO[0m Creating environment descriptor '/home/duy/cocarry_ws/build/coord_transform/share/coord_transform/hook/pythonpath_develop.dsv'
[18.861s] [34mcolcon.colcon_core.shell[0m [1;30mINFO[0m Creating environment hook '/home/duy/cocarry_ws/build/coord_transform/share/coord_transform/hook/pythonpath_develop.sh'
[18.863s] [34mcolcon.colcon_core.environment[0m [1;30mLevel 1[0m checking '/home/duy/cocarry_ws/install/coord_transform' for CMake module files
[18.864s] [34mcolcon.colcon_core.environment[0m [1;30mLevel 1[0m checking '/home/duy/cocarry_ws/install/coord_transform' for CMake config files
[18.865s] [34mcolcon.colcon_core.environment[0m [1;30mLevel 1[0m checking '/home/duy/cocarry_ws/install/coord_transform/lib'
[18.866s] [34mcolcon.colcon_core.environment[0m [1;30mLevel 1[0m checking '/home/duy/cocarry_ws/install/coord_transform/bin'
[18.866s] [34mcolcon.colcon_core.environment[0m [1;30mLevel 1[0m checking '/home/duy/cocarry_ws/install/coord_transform/lib/pkgconfig/coord_transform.pc'
[18.866s] [34mcolcon.colcon_core.environment[0m [1;30mLevel 1[0m checking '/home/duy/cocarry_ws/install/coord_transform/lib/python3.10/site-packages'
[18.866s] [34mcolcon.colcon_core.shell[0m [1;30mLevel 1[0m create_environment_hook('coord_transform', 'pythonpath')
[18.867s] [34mcolcon.colcon_core.shell[0m [1;30mINFO[0m Creating environment hook '/home/duy/cocarry_ws/install/coord_transform/share/coord_transform/hook/pythonpath.ps1'
[18.868s] [34mcolcon.colcon_core.shell[0m [1;30mINFO[0m Creating environment descriptor '/home/duy/cocarry_ws/install/coord_transform/share/coord_transform/hook/pythonpath.dsv'
[18.868s] [34mcolcon.colcon_core.shell[0m [1;30mINFO[0m Creating environment hook '/home/duy/cocarry_ws/install/coord_transform/share/coord_transform/hook/pythonpath.sh'
[18.871s] [34mcolcon.colcon_core.environment[0m [1;30mLevel 1[0m checking '/home/duy/cocarry_ws/install/coord_transform/bin'
[18.871s] [34mcolcon.colcon_core.environment[0m [1;30mLevel 1[0m create_environment_scripts_only(coord_transform)
[18.873s] [34mcolcon.colcon_core.shell[0m [1;30mINFO[0m Creating package script '/home/duy/cocarry_ws/install/coord_transform/share/coord_transform/package.ps1'
[18.875s] [34mcolcon.colcon_core.shell[0m [1;30mINFO[0m Creating package descriptor '/home/duy/cocarry_ws/install/coord_transform/share/coord_transform/package.dsv'
[18.877s] [34mcolcon.colcon_core.shell[0m [1;30mINFO[0m Creating package script '/home/duy/cocarry_ws/install/coord_transform/share/coord_transform/package.sh'
[18.878s] [34mcolcon.colcon_core.shell[0m [1;30mINFO[0m Creating package script '/home/duy/cocarry_ws/install/coord_transform/share/coord_transform/package.bash'
[18.879s] [34mcolcon.colcon_core.shell[0m [1;30mINFO[0m Creating package script '/home/duy/cocarry_ws/install/coord_transform/share/coord_transform/package.zsh'
[18.880s] [34mcolcon.colcon_core.environment[0m [1;30mLevel 1[0m create_file_with_runtime_dependencies(/home/duy/cocarry_ws/install/coord_transform/share/colcon-core/packages/coord_transform)
[19.210s] [34mcolcon.colcon_core.shell[0m [1;30mLevel 1[0m create_environment_hook('trajectory_predictor', 'pythonpath_develop')
[19.210s] [34mcolcon.colcon_core.shell[0m [1;30mINFO[0m Creating environment hook '/home/duy/cocarry_ws/build/trajectory_predictor/share/trajectory_predictor/hook/pythonpath_develop.ps1'
[19.211s] [34mcolcon.colcon_core.event_handler.log_command[0m [1;30mDEBUG[0m [32mInvoked command in '/home/duy/cocarry_ws/build/trajectory_predictor' returned '0': CMAKE_PREFIX_PATH=/home/duy/cocarry_ws/install/human_hand_msgs LD_LIBRARY_PATH=/home/duy/cocarry_ws/install/human_hand_msgs/lib:${LD_LIBRARY_PATH} PKG_CONFIG_PATH=/home/duy/cocarry_ws/install/human_hand_msgs/lib/x86_64-linux-gnu/pkgconfig:/home/duy/cocarry_ws/install/human_hand_msgs/lib/pkgconfig PYTHONPATH=/home/duy/cocarry_ws/build/trajectory_predictor/prefix_override:/usr/lib/python3/dist-packages/colcon_core/task/python/colcon_distutils_commands:/home/duy/cocarry_ws/install/trajectory_predictor/lib/python3.10/site-packages:/home/duy/cocarry_ws/install/human_hand_msgs/local/lib/python3.10/dist-packages:${PYTHONPATH} ROS_PACKAGE_PATH=/home/duy/cocarry_ws/install/human_hand_msgs/share /usr/bin/python3 -W ignore:setup.py install is deprecated -W ignore:easy_install command is deprecated setup.py develop --editable --build-directory /home/duy/cocarry_ws/build/trajectory_predictor/build --no-deps symlink_data --force[0m
[19.212s] [34mcolcon.colcon_core.shell[0m [1;30mINFO[0m Creating environment descriptor '/home/duy/cocarry_ws/build/trajectory_predictor/share/trajectory_predictor/hook/pythonpath_develop.dsv'
[19.212s] [34mcolcon.colcon_core.shell[0m [1;30mINFO[0m Creating environment hook '/home/duy/cocarry_ws/build/trajectory_predictor/share/trajectory_predictor/hook/pythonpath_develop.sh'
[19.213s] [34mcolcon.colcon_core.environment[0m [1;30mLevel 1[0m checking '/home/duy/cocarry_ws/install/trajectory_predictor' for CMake module files
[19.214s] [34mcolcon.colcon_core.environment[0m [1;30mLevel 1[0m checking '/home/duy/cocarry_ws/install/trajectory_predictor' for CMake config files
[19.214s] [34mcolcon.colcon_core.environment[0m [1;30mLevel 1[0m checking '/home/duy/cocarry_ws/install/trajectory_predictor/lib'
[19.214s] [34mcolcon.colcon_core.environment[0m [1;30mLevel 1[0m checking '/home/duy/cocarry_ws/install/trajectory_predictor/bin'
[19.214s] [34mcolcon.colcon_core.environment[0m [1;30mLevel 1[0m checking '/home/duy/cocarry_ws/install/trajectory_predictor/lib/pkgconfig/trajectory_predictor.pc'
[19.215s] [34mcolcon.colcon_core.environment[0m [1;30mLevel 1[0m checking '/home/duy/cocarry_ws/install/trajectory_predictor/lib/python3.10/site-packages'
[19.215s] [34mcolcon.colcon_core.shell[0m [1;30mLevel 1[0m create_environment_hook('trajectory_predictor', 'pythonpath')
[19.215s] [34mcolcon.colcon_core.shell[0m [1;30mINFO[0m Creating environment hook '/home/duy/cocarry_ws/install/trajectory_predictor/share/trajectory_predictor/hook/pythonpath.ps1'
[19.216s] [34mcolcon.colcon_core.shell[0m [1;30mINFO[0m Creating environment descriptor '/home/duy/cocarry_ws/install/trajectory_predictor/share/trajectory_predictor/hook/pythonpath.dsv'
[19.216s] [34mcolcon.colcon_core.shell[0m [1;30mINFO[0m Creating environment hook '/home/duy/cocarry_ws/install/trajectory_predictor/share/trajectory_predictor/hook/pythonpath.sh'
[19.217s] [34mcolcon.colcon_core.environment[0m [1;30mLevel 1[0m checking '/home/duy/cocarry_ws/install/trajectory_predictor/bin'
[19.217s] [34mcolcon.colcon_core.environment[0m [1;30mLevel 1[0m create_environment_scripts_only(trajectory_predictor)
[19.218s] [34mcolcon.colcon_core.shell[0m [1;30mINFO[0m Creating package script '/home/duy/cocarry_ws/install/trajectory_predictor/share/trajectory_predictor/package.ps1'
[19.219s] [34mcolcon.colcon_core.shell[0m [1;30mINFO[0m Creating package descriptor '/home/duy/cocarry_ws/install/trajectory_predictor/share/trajectory_predictor/package.dsv'
[19.219s] [34mcolcon.colcon_core.shell[0m [1;30mINFO[0m Creating package script '/home/duy/cocarry_ws/install/trajectory_predictor/share/trajectory_predictor/package.sh'
[19.220s] [34mcolcon.colcon_core.shell[0m [1;30mINFO[0m Creating package script '/home/duy/cocarry_ws/install/trajectory_predictor/share/trajectory_predictor/package.bash'
[19.220s] [34mcolcon.colcon_core.shell[0m [1;30mINFO[0m Creating package script '/home/duy/cocarry_ws/install/trajectory_predictor/share/trajectory_predictor/package.zsh'
[19.221s] [34mcolcon.colcon_core.environment[0m [1;30mLevel 1[0m create_file_with_runtime_dependencies(/home/duy/cocarry_ws/install/trajectory_predictor/share/colcon-core/packages/trajectory_predictor)
[19.221s] [34mcolcon.colcon_ros.task.ament_cmake.build[0m [1;30mINFO[0m Building ROS package in '/home/duy/cocarry_ws/src/hrc_bringup' with build type 'ament_cmake'
[19.221s] [34mcolcon.colcon_cmake.task.cmake.build[0m [1;30mINFO[0m Building CMake package in '/home/duy/cocarry_ws/src/hrc_bringup'
[19.222s] [34mcolcon.colcon_core.shell[0m [1;30mINFO[0m Skip shell extension 'powershell' for command environment: Not usable outside of PowerShell
[19.222s] [34mcolcon.colcon_core.shell[0m [1;30mDEBUG[0m [32mSkip shell extension 'dsv' for command environment[0m
[19.256s] [34mcolcon.colcon_core.event_handler.log_command[0m [1;30mDEBUG[0m [32mInvoking command in '/home/duy/cocarry_ws/build/hrc_bringup': AMENT_PREFIX_PATH=/home/duy/cocarry_ws/install/hc10dtp_simulation:/home/duy/cocarry_ws/install/hc10dtp_bringup:/home/duy/cocarry_ws/install/hc10dtp_moveit_config:/home/duy/cocarry_ws/install/trajectory_predictor:/home/duy/cocarry_ws/install/realsense_tracker:/home/duy/cocarry_ws/install/predictor_ui:/home/duy/cocarry_ws/install/motoman_hc10dtp_support:/home/duy/cocarry_ws/install/experiment_logger:/home/duy/cocarry_ws/install/coord_transform:/home/duy/cocarry_ws/install/motoros2_interfaces:/home/duy/cocarry_ws/install/motoman_resources:${AMENT_PREFIX_PATH} CMAKE_PREFIX_PATH=/home/duy/cocarry_ws/install/hc10dtp_simulation:/home/duy/cocarry_ws/install/hc10dtp_bringup:/home/duy/cocarry_ws/install/hc10dtp_moveit_config:/home/duy/cocarry_ws/install/motoman_hc10dtp_support:/home/duy/cocarry_ws/install/motoros2_interfaces:/home/duy/cocarry_ws/install/motoman_resources:/opt/ros/humble:/home/duy/cocarry_ws/install/human_hand_msgs LD_LIBRARY_PATH=/home/duy/cocarry_ws/install/motoros2_interfaces/lib:/home/duy/cocarry_ws/install/human_hand_msgs/lib:${LD_LIBRARY_PATH} PKG_CONFIG_PATH=/home/duy/cocarry_ws/install/human_hand_msgs/lib/x86_64-linux-gnu/pkgconfig:/home/duy/cocarry_ws/install/human_hand_msgs/lib/pkgconfig PYTHONPATH=/home/duy/cocarry_ws/build/trajectory_predictor:/home/duy/cocarry_ws/install/trajectory_predictor/lib/python3.10/site-packages:/home/duy/cocarry_ws/build/realsense_tracker:/home/duy/cocarry_ws/install/realsense_tracker/lib/python3.10/site-packages:/home/duy/cocarry_ws/build/predictor_ui:/home/duy/cocarry_ws/install/predictor_ui/lib/python3.10/site-packages:/home/duy/cocarry_ws/build/experiment_logger:/home/duy/cocarry_ws/install/experiment_logger/lib/python3.10/site-packages:/home/duy/cocarry_ws/build/coord_transform:/home/duy/cocarry_ws/install/coord_transform/lib/python3.10/site-packages:/home/duy/cocarry_ws/install/motoros2_interfaces/local/lib/python3.10/dist-packages:/home/duy/cocarry_ws/install/human_hand_msgs/local/lib/python3.10/dist-packages:${PYTHONPATH} ROS_PACKAGE_PATH=/home/duy/cocarry_ws/install/human_hand_msgs/share /usr/bin/cmake /home/duy/cocarry_ws/src/hrc_bringup -DAMENT_CMAKE_SYMLINK_INSTALL=1 -DCMAKE_INSTALL_PREFIX=/home/duy/cocarry_ws/install/hrc_bringup[0m
[19.618s] [34mcolcon.colcon_core.event_handler.log_command[0m [1;30mDEBUG[0m [32mInvoked command in '/home/duy/cocarry_ws/build/hrc_bringup' returned '0': AMENT_PREFIX_PATH=/home/duy/cocarry_ws/install/hc10dtp_simulation:/home/duy/cocarry_ws/install/hc10dtp_bringup:/home/duy/cocarry_ws/install/hc10dtp_moveit_config:/home/duy/cocarry_ws/install/trajectory_predictor:/home/duy/cocarry_ws/install/realsense_tracker:/home/duy/cocarry_ws/install/predictor_ui:/home/duy/cocarry_ws/install/motoman_hc10dtp_support:/home/duy/cocarry_ws/install/experiment_logger:/home/duy/cocarry_ws/install/coord_transform:/home/duy/cocarry_ws/install/motoros2_interfaces:/home/duy/cocarry_ws/install/motoman_resources:${AMENT_PREFIX_PATH} CMAKE_PREFIX_PATH=/home/duy/cocarry_ws/install/hc10dtp_simulation:/home/duy/cocarry_ws/install/hc10dtp_bringup:/home/duy/cocarry_ws/install/hc10dtp_moveit_config:/home/duy/cocarry_ws/install/motoman_hc10dtp_support:/home/duy/cocarry_ws/install/motoros2_interfaces:/home/duy/cocarry_ws/install/motoman_resources:/opt/ros/humble:/home/duy/cocarry_ws/install/human_hand_msgs LD_LIBRARY_PATH=/home/duy/cocarry_ws/install/motoros2_interfaces/lib:/home/duy/cocarry_ws/install/human_hand_msgs/lib:${LD_LIBRARY_PATH} PKG_CONFIG_PATH=/home/duy/cocarry_ws/install/human_hand_msgs/lib/x86_64-linux-gnu/pkgconfig:/home/duy/cocarry_ws/install/human_hand_msgs/lib/pkgconfig PYTHONPATH=/home/duy/cocarry_ws/build/trajectory_predictor:/home/duy/cocarry_ws/install/trajectory_predictor/lib/python3.10/site-packages:/home/duy/cocarry_ws/build/realsense_tracker:/home/duy/cocarry_ws/install/realsense_tracker/lib/python3.10/site-packages:/home/duy/cocarry_ws/build/predictor_ui:/home/duy/cocarry_ws/install/predictor_ui/lib/python3.10/site-packages:/home/duy/cocarry_ws/build/experiment_logger:/home/duy/cocarry_ws/install/experiment_logger/lib/python3.10/site-packages:/home/duy/cocarry_ws/build/coord_transform:/home/duy/cocarry_ws/install/coord_transform/lib/python3.10/site-packages:/home/duy/cocarry_ws/install/motoros2_interfaces/local/lib/python3.10/dist-packages:/home/duy/cocarry_ws/install/human_hand_msgs/local/lib/python3.10/dist-packages:${PYTHONPATH} ROS_PACKAGE_PATH=/home/duy/cocarry_ws/install/human_hand_msgs/share /usr/bin/cmake /home/duy/cocarry_ws/src/hrc_bringup -DAMENT_CMAKE_SYMLINK_INSTALL=1 -DCMAKE_INSTALL_PREFIX=/home/duy/cocarry_ws/install/hrc_bringup[0m
[19.621s] [34mcolcon.colcon_core.event_handler.log_command[0m [1;30mDEBUG[0m [32mInvoking command in '/home/duy/cocarry_ws/build/hrc_bringup': AMENT_PREFIX_PATH=/home/duy/cocarry_ws/install/hc10dtp_simulation:/home/duy/cocarry_ws/install/hc10dtp_bringup:/home/duy/cocarry_ws/install/hc10dtp_moveit_config:/home/duy/cocarry_ws/install/trajectory_predictor:/home/duy/cocarry_ws/install/realsense_tracker:/home/duy/cocarry_ws/install/predictor_ui:/home/duy/cocarry_ws/install/motoman_hc10dtp_support:/home/duy/cocarry_ws/install/experiment_logger:/home/duy/cocarry_ws/install/coord_transform:/home/duy/cocarry_ws/install/motoros2_interfaces:/home/duy/cocarry_ws/install/motoman_resources:${AMENT_PREFIX_PATH} CMAKE_PREFIX_PATH=/home/duy/cocarry_ws/install/hc10dtp_simulation:/home/duy/cocarry_ws/install/hc10dtp_bringup:/home/duy/cocarry_ws/install/hc10dtp_moveit_config:/home/duy/cocarry_ws/install/motoman_hc10dtp_support:/home/duy/cocarry_ws/install/motoros2_interfaces:/home/duy/cocarry_ws/install/motoman_resources:/opt/ros/humble:/home/duy/cocarry_ws/install/human_hand_msgs LD_LIBRARY_PATH=/home/duy/cocarry_ws/install/motoros2_interfaces/lib:/home/duy/cocarry_ws/install/human_hand_msgs/lib:${LD_LIBRARY_PATH} PKG_CONFIG_PATH=/home/duy/cocarry_ws/install/human_hand_msgs/lib/x86_64-linux-gnu/pkgconfig:/home/duy/cocarry_ws/install/human_hand_msgs/lib/pkgconfig PYTHONPATH=/home/duy/cocarry_ws/build/trajectory_predictor:/home/duy/cocarry_ws/install/trajectory_predictor/lib/python3.10/site-packages:/home/duy/cocarry_ws/build/realsense_tracker:/home/duy/cocarry_ws/install/realsense_tracker/lib/python3.10/site-packages:/home/duy/cocarry_ws/build/predictor_ui:/home/duy/cocarry_ws/install/predictor_ui/lib/python3.10/site-packages:/home/duy/cocarry_ws/build/experiment_logger:/home/duy/cocarry_ws/install/experiment_logger/lib/python3.10/site-packages:/home/duy/cocarry_ws/build/coord_transform:/home/duy/cocarry_ws/install/coord_transform/lib/python3.10/site-packages:/home/duy/cocarry_ws/install/motoros2_interfaces/local/lib/python3.10/dist-packages:/home/duy/cocarry_ws/install/human_hand_msgs/local/lib/python3.10/dist-packages:${PYTHONPATH} ROS_PACKAGE_PATH=/home/duy/cocarry_ws/install/human_hand_msgs/share /usr/bin/cmake --build /home/duy/cocarry_ws/build/hrc_bringup -- -j16 -l16[0m
[19.669s] [34mcolcon.colcon_core.event_handler.log_command[0m [1;30mDEBUG[0m [32mInvoked command in '/home/duy/cocarry_ws/build/hrc_bringup' returned '0': AMENT_PREFIX_PATH=/home/duy/cocarry_ws/install/hc10dtp_simulation:/home/duy/cocarry_ws/install/hc10dtp_bringup:/home/duy/cocarry_ws/install/hc10dtp_moveit_config:/home/duy/cocarry_ws/install/trajectory_predictor:/home/duy/cocarry_ws/install/realsense_tracker:/home/duy/cocarry_ws/install/predictor_ui:/home/duy/cocarry_ws/install/motoman_hc10dtp_support:/home/duy/cocarry_ws/install/experiment_logger:/home/duy/cocarry_ws/install/coord_transform:/home/duy/cocarry_ws/install/motoros2_interfaces:/home/duy/cocarry_ws/install/motoman_resources:${AMENT_PREFIX_PATH} CMAKE_PREFIX_PATH=/home/duy/cocarry_ws/install/hc10dtp_simulation:/home/duy/cocarry_ws/install/hc10dtp_bringup:/home/duy/cocarry_ws/install/hc10dtp_moveit_config:/home/duy/cocarry_ws/install/motoman_hc10dtp_support:/home/duy/cocarry_ws/install/motoros2_interfaces:/home/duy/cocarry_ws/install/motoman_resources:/opt/ros/humble:/home/duy/cocarry_ws/install/human_hand_msgs LD_LIBRARY_PATH=/home/duy/cocarry_ws/install/motoros2_interfaces/lib:/home/duy/cocarry_ws/install/human_hand_msgs/lib:${LD_LIBRARY_PATH} PKG_CONFIG_PATH=/home/duy/cocarry_ws/install/human_hand_msgs/lib/x86_64-linux-gnu/pkgconfig:/home/duy/cocarry_ws/install/human_hand_msgs/lib/pkgconfig PYTHONPATH=/home/duy/cocarry_ws/build/trajectory_predictor:/home/duy/cocarry_ws/install/trajectory_predictor/lib/python3.10/site-packages:/home/duy/cocarry_ws/build/realsense_tracker:/home/duy/cocarry_ws/install/realsense_tracker/lib/python3.10/site-packages:/home/duy/cocarry_ws/build/predictor_ui:/home/duy/cocarry_ws/install/predictor_ui/lib/python3.10/site-packages:/home/duy/cocarry_ws/build/experiment_logger:/home/duy/cocarry_ws/install/experiment_logger/lib/python3.10/site-packages:/home/duy/cocarry_ws/build/coord_transform:/home/duy/cocarry_ws/install/coord_transform/lib/python3.10/site-packages:/home/duy/cocarry_ws/install/motoros2_interfaces/local/lib/python3.10/dist-packages:/home/duy/cocarry_ws/install/human_hand_msgs/local/lib/python3.10/dist-packages:${PYTHONPATH} ROS_PACKAGE_PATH=/home/duy/cocarry_ws/install/human_hand_msgs/share /usr/bin/cmake --build /home/duy/cocarry_ws/build/hrc_bringup -- -j16 -l16[0m
[19.670s] [34mcolcon.colcon_core.event_handler.log_command[0m [1;30mDEBUG[0m [32mInvoking command in '/home/duy/cocarry_ws/build/hrc_bringup': AMENT_PREFIX_PATH=/home/duy/cocarry_ws/install/hc10dtp_simulation:/home/duy/cocarry_ws/install/hc10dtp_bringup:/home/duy/cocarry_ws/install/hc10dtp_moveit_config:/home/duy/cocarry_ws/install/trajectory_predictor:/home/duy/cocarry_ws/install/realsense_tracker:/home/duy/cocarry_ws/install/predictor_ui:/home/duy/cocarry_ws/install/motoman_hc10dtp_support:/home/duy/cocarry_ws/install/experiment_logger:/home/duy/cocarry_ws/install/coord_transform:/home/duy/cocarry_ws/install/motoros2_interfaces:/home/duy/cocarry_ws/install/motoman_resources:${AMENT_PREFIX_PATH} CMAKE_PREFIX_PATH=/home/duy/cocarry_ws/install/hc10dtp_simulation:/home/duy/cocarry_ws/install/hc10dtp_bringup:/home/duy/cocarry_ws/install/hc10dtp_moveit_config:/home/duy/cocarry_ws/install/motoman_hc10dtp_support:/home/duy/cocarry_ws/install/motoros2_interfaces:/home/duy/cocarry_ws/install/motoman_resources:/opt/ros/humble:/home/duy/cocarry_ws/install/human_hand_msgs LD_LIBRARY_PATH=/home/duy/cocarry_ws/install/motoros2_interfaces/lib:/home/duy/cocarry_ws/install/human_hand_msgs/lib:${LD_LIBRARY_PATH} PKG_CONFIG_PATH=/home/duy/cocarry_ws/install/human_hand_msgs/lib/x86_64-linux-gnu/pkgconfig:/home/duy/cocarry_ws/install/human_hand_msgs/lib/pkgconfig PYTHONPATH=/home/duy/cocarry_ws/build/trajectory_predictor:/home/duy/cocarry_ws/install/trajectory_predictor/lib/python3.10/site-packages:/home/duy/cocarry_ws/build/realsense_tracker:/home/duy/cocarry_ws/install/realsense_tracker/lib/python3.10/site-packages:/home/duy/cocarry_ws/build/predictor_ui:/home/duy/cocarry_ws/install/predictor_ui/lib/python3.10/site-packages:/home/duy/cocarry_ws/build/experiment_logger:/home/duy/cocarry_ws/install/experiment_logger/lib/python3.10/site-packages:/home/duy/cocarry_ws/build/coord_transform:/home/duy/cocarry_ws/install/coord_transform/lib/python3.10/site-packages:/home/duy/cocarry_ws/install/motoros2_interfaces/local/lib/python3.10/dist-packages:/home/duy/cocarry_ws/install/human_hand_msgs/local/lib/python3.10/dist-packages:${PYTHONPATH} ROS_PACKAGE_PATH=/home/duy/cocarry_ws/install/human_hand_msgs/share /usr/bin/cmake --install /home/duy/cocarry_ws/build/hrc_bringup[0m
[19.715s] [34mcolcon.colcon_core.environment[0m [1;30mLevel 1[0m create_environment_scripts_only(hrc_bringup)
[19.716s] [34mcolcon.colcon_core.environment[0m [1;30mLevel 1[0m checking '/home/duy/cocarry_ws/install/hrc_bringup' for CMake module files
[19.716s] [34mcolcon.colcon_core.event_handler.log_command[0m [1;30mDEBUG[0m [32mInvoked command in '/home/duy/cocarry_ws/build/hrc_bringup' returned '0': AMENT_PREFIX_PATH=/home/duy/cocarry_ws/install/hc10dtp_simulation:/home/duy/cocarry_ws/install/hc10dtp_bringup:/home/duy/cocarry_ws/install/hc10dtp_moveit_config:/home/duy/cocarry_ws/install/trajectory_predictor:/home/duy/cocarry_ws/install/realsense_tracker:/home/duy/cocarry_ws/install/predictor_ui:/home/duy/cocarry_ws/install/motoman_hc10dtp_support:/home/duy/cocarry_ws/install/experiment_logger:/home/duy/cocarry_ws/install/coord_transform:/home/duy/cocarry_ws/install/motoros2_interfaces:/home/duy/cocarry_ws/install/motoman_resources:${AMENT_PREFIX_PATH} CMAKE_PREFIX_PATH=/home/duy/cocarry_ws/install/hc10dtp_simulation:/home/duy/cocarry_ws/install/hc10dtp_bringup:/home/duy/cocarry_ws/install/hc10dtp_moveit_config:/home/duy/cocarry_ws/install/motoman_hc10dtp_support:/home/duy/cocarry_ws/install/motoros2_interfaces:/home/duy/cocarry_ws/install/motoman_resources:/opt/ros/humble:/home/duy/cocarry_ws/install/human_hand_msgs LD_LIBRARY_PATH=/home/duy/cocarry_ws/install/motoros2_interfaces/lib:/home/duy/cocarry_ws/install/human_hand_msgs/lib:${LD_LIBRARY_PATH} PKG_CONFIG_PATH=/home/duy/cocarry_ws/install/human_hand_msgs/lib/x86_64-linux-gnu/pkgconfig:/home/duy/cocarry_ws/install/human_hand_msgs/lib/pkgconfig PYTHONPATH=/home/duy/cocarry_ws/build/trajectory_predictor:/home/duy/cocarry_ws/install/trajectory_predictor/lib/python3.10/site-packages:/home/duy/cocarry_ws/build/realsense_tracker:/home/duy/cocarry_ws/install/realsense_tracker/lib/python3.10/site-packages:/home/duy/cocarry_ws/build/predictor_ui:/home/duy/cocarry_ws/install/predictor_ui/lib/python3.10/site-packages:/home/duy/cocarry_ws/build/experiment_logger:/home/duy/cocarry_ws/install/experiment_logger/lib/python3.10/site-packages:/home/duy/cocarry_ws/build/coord_transform:/home/duy/cocarry_ws/install/coord_transform/lib/python3.10/site-packages:/home/duy/cocarry_ws/install/motoros2_interfaces/local/lib/python3.10/dist-packages:/home/duy/cocarry_ws/install/human_hand_msgs/local/lib/python3.10/dist-packages:${PYTHONPATH} ROS_PACKAGE_PATH=/home/duy/cocarry_ws/install/human_hand_msgs/share /usr/bin/cmake --install /home/duy/cocarry_ws/build/hrc_bringup[0m
[19.718s] [34mcolcon.colcon_core.environment[0m [1;30mLevel 1[0m checking '/home/duy/cocarry_ws/install/hrc_bringup' for CMake config files
[19.718s] [34mcolcon.colcon_core.shell[0m [1;30mLevel 1[0m create_environment_hook('hrc_bringup', 'cmake_prefix_path')
[19.719s] [34mcolcon.colcon_core.shell[0m [1;30mINFO[0m Creating environment hook '/home/duy/cocarry_ws/install/hrc_bringup/share/hrc_bringup/hook/cmake_prefix_path.ps1'
[19.720s] [34mcolcon.colcon_core.shell[0m [1;30mINFO[0m Creating environment descriptor '/home/duy/cocarry_ws/install/hrc_bringup/share/hrc_bringup/hook/cmake_prefix_path.dsv'
[19.720s] [34mcolcon.colcon_core.shell[0m [1;30mINFO[0m Creating environment hook '/home/duy/cocarry_ws/install/hrc_bringup/share/hrc_bringup/hook/cmake_prefix_path.sh'
[19.721s] [34mcolcon.colcon_core.environment[0m [1;30mLevel 1[0m checking '/home/duy/cocarry_ws/install/hrc_bringup/bin'
[19.721s] [34mcolcon.colcon_core.environment[0m [1;30mLevel 1[0m checking '/home/duy/cocarry_ws/install/hrc_bringup/lib/pkgconfig/hrc_bringup.pc'
[19.721s] [34mcolcon.colcon_core.environment[0m [1;30mLevel 1[0m checking '/home/duy/cocarry_ws/install/hrc_bringup/lib/python3.10/site-packages'
[19.722s] [34mcolcon.colcon_core.environment[0m [1;30mLevel 1[0m checking '/home/duy/cocarry_ws/install/hrc_bringup/bin'
[19.722s] [34mcolcon.colcon_core.shell[0m [1;30mINFO[0m Creating package script '/home/duy/cocarry_ws/install/hrc_bringup/share/hrc_bringup/package.ps1'
[19.723s] [34mcolcon.colcon_core.shell[0m [1;30mINFO[0m Creating package descriptor '/home/duy/cocarry_ws/install/hrc_bringup/share/hrc_bringup/package.dsv'
[19.723s] [34mcolcon.colcon_core.shell[0m [1;30mINFO[0m Creating package script '/home/duy/cocarry_ws/install/hrc_bringup/share/hrc_bringup/package.sh'
[19.724s] [34mcolcon.colcon_core.shell[0m [1;30mINFO[0m Creating package script '/home/duy/cocarry_ws/install/hrc_bringup/share/hrc_bringup/package.bash'
[19.724s] [34mcolcon.colcon_core.shell[0m [1;30mINFO[0m Creating package script '/home/duy/cocarry_ws/install/hrc_bringup/share/hrc_bringup/package.zsh'
[19.724s] [34mcolcon.colcon_core.environment[0m [1;30mLevel 1[0m create_file_with_runtime_dependencies(/home/duy/cocarry_ws/install/hrc_bringup/share/colcon-core/packages/hrc_bringup)
[19.725s] [34mcolcon.colcon_core.environment[0m [1;30mLevel 1[0m create_environment_scripts_only(hrc_bringup)
[19.725s] [34mcolcon.colcon_core.environment[0m [1;30mLevel 1[0m checking '/home/duy/cocarry_ws/install/hrc_bringup' for CMake module files
[19.726s] [34mcolcon.colcon_core.environment[0m [1;30mLevel 1[0m checking '/home/duy/cocarry_ws/install/hrc_bringup' for CMake config files
[19.726s] [34mcolcon.colcon_core.shell[0m [1;30mLevel 1[0m create_environment_hook('hrc_bringup', 'cmake_prefix_path')
[19.726s] [34mcolcon.colcon_core.shell[0m [1;30mINFO[0m Creating environment hook '/home/duy/cocarry_ws/install/hrc_bringup/share/hrc_bringup/hook/cmake_prefix_path.ps1'
[19.726s] [34mcolcon.colcon_core.shell[0m [1;30mINFO[0m Creating environment descriptor '/home/duy/cocarry_ws/install/hrc_bringup/share/hrc_bringup/hook/cmake_prefix_path.dsv'
[19.727s] [34mcolcon.colcon_core.shell[0m [1;30mINFO[0m Creating environment hook '/home/duy/cocarry_ws/install/hrc_bringup/share/hrc_bringup/hook/cmake_prefix_path.sh'
[19.727s] [34mcolcon.colcon_core.environment[0m [1;30mLevel 1[0m checking '/home/duy/cocarry_ws/install/hrc_bringup/bin'
[19.727s] [34mcolcon.colcon_core.environment[0m [1;30mLevel 1[0m checking '/home/duy/cocarry_ws/install/hrc_bringup/lib/pkgconfig/hrc_bringup.pc'
[19.728s] [34mcolcon.colcon_core.environment[0m [1;30mLevel 1[0m checking '/home/duy/cocarry_ws/install/hrc_bringup/lib/python3.10/site-packages'
[19.728s] [34mcolcon.colcon_core.environment[0m [1;30mLevel 1[0m checking '/home/duy/cocarry_ws/install/hrc_bringup/bin'
[19.728s] [34mcolcon.colcon_core.shell[0m [1;30mINFO[0m Creating package script '/home/duy/cocarry_ws/install/hrc_bringup/share/hrc_bringup/package.ps1'
[19.729s] [34mcolcon.colcon_core.shell[0m [1;30mINFO[0m Creating package descriptor '/home/duy/cocarry_ws/install/hrc_bringup/share/hrc_bringup/package.dsv'
[19.729s] [34mcolcon.colcon_core.shell[0m [1;30mINFO[0m Creating package script '/home/duy/cocarry_ws/install/hrc_bringup/share/hrc_bringup/package.sh'
[19.730s] [34mcolcon.colcon_core.shell[0m [1;30mINFO[0m Creating package script '/home/duy/cocarry_ws/install/hrc_bringup/share/hrc_bringup/package.bash'
[19.730s] [34mcolcon.colcon_core.shell[0m [1;30mINFO[0m Creating package script '/home/duy/cocarry_ws/install/hrc_bringup/share/hrc_bringup/package.zsh'
[19.731s] [34mcolcon.colcon_core.environment[0m [1;30mLevel 1[0m create_file_with_runtime_dependencies(/home/duy/cocarry_ws/install/hrc_bringup/share/colcon-core/packages/hrc_bringup)
[19.732s] [34mcolcon.colcon_parallel_executor.executor.parallel[0m [1;30mDEBUG[0m [32mclosing loop[0m
[19.732s] [34mcolcon.colcon_parallel_executor.executor.parallel[0m [1;30mDEBUG[0m [32mloop closed[0m
[19.732s] [34mcolcon.colcon_parallel_executor.executor.parallel[0m [1;30mDEBUG[0m [32mrun_until_complete finished with '0'[0m
[19.732s] [34mcolcon.colcon_core.event_reactor[0m [1;30mDEBUG[0m [32mjoining thread[0m
[19.742s] [34mcolcon.colcon_core.plugin_system[0m [1;30mINFO[0m Skipping extension 'colcon_notification.desktop_notification.terminal_notifier': Not used on non-Darwin systems
[19.743s] [34mcolcon.colcon_core.plugin_system[0m [1;30mINFO[0m Skipping extension 'colcon_notification.desktop_notification.win32': Not used on non-Windows systems
[19.743s] [34mcolcon.colcon_notification.desktop_notification[0m [1;30mINFO[0m Sending desktop notification using 'notify2'
[19.743s] [34mcolcon.colcon_notification.desktop_notification.notify2[0m [1;30mDEBUG[0m [32mFailed to initialize notify2: org.freedesktop.DBus.Error.NotSupported: Unable to autolaunch a dbus-daemon without a $DISPLAY for X11[0m
[19.743s] [34mcolcon.colcon_core.event_reactor[0m [1;30mDEBUG[0m [32mjoined thread[0m
[19.743s] [34mcolcon.colcon_core.shell[0m [1;30mINFO[0m Creating prefix script '/home/duy/cocarry_ws/install/local_setup.ps1'
[19.745s] [34mcolcon.colcon_core.shell[0m [1;30mINFO[0m Creating prefix util module '/home/duy/cocarry_ws/install/_local_setup_util_ps1.py'
[19.746s] [34mcolcon.colcon_core.shell[0m [1;30mINFO[0m Creating prefix chain script '/home/duy/cocarry_ws/install/setup.ps1'
[19.748s] [34mcolcon.colcon_core.shell[0m [1;30mINFO[0m Creating prefix script '/home/duy/cocarry_ws/install/local_setup.sh'
[19.748s] [34mcolcon.colcon_core.shell[0m [1;30mINFO[0m Creating prefix util module '/home/duy/cocarry_ws/install/_local_setup_util_sh.py'
[19.749s] [34mcolcon.colcon_core.shell[0m [1;30mINFO[0m Creating prefix chain script '/home/duy/cocarry_ws/install/setup.sh'
[19.750s] [34mcolcon.colcon_core.shell[0m [1;30mINFO[0m Creating prefix script '/home/duy/cocarry_ws/install/local_setup.bash'
[19.751s] [34mcolcon.colcon_core.shell[0m [1;30mINFO[0m Creating prefix chain script '/home/duy/cocarry_ws/install/setup.bash'
[19.752s] [34mcolcon.colcon_core.shell[0m [1;30mINFO[0m Creating prefix script '/home/duy/cocarry_ws/install/local_setup.zsh'
[19.753s] [34mcolcon.colcon_core.shell[0m [1;30mINFO[0m Creating prefix chain script '/home/duy/cocarry_ws/install/setup.zsh'
