[0.000000] (-) TimerEvent: {}
[0.001683] (human_hand_msgs) JobQueued: {'identifier': 'human_hand_msgs', 'dependencies': OrderedDict()}
[0.001778] (industrial_msgs) JobQueued: {'identifier': 'industrial_msgs', 'dependencies': OrderedDict()}
[0.001812] (kinect2_registration) JobQueued: {'identifier': 'kinect2_registration', 'dependencies': OrderedDict()}
[0.001844] (libfreenect2) JobQueued: {'identifier': 'libfreenect2', 'dependencies': OrderedDict()}
[0.002121] (motoman_resources) JobQueued: {'identifier': 'motoman_resources', 'dependencies': OrderedDict()}
[0.002185] (motoros2_interfaces) JobQueued: {'identifier': 'motoros2_interfaces', 'dependencies': OrderedDict()}
[0.002222] (trac_ik_lib) JobQueued: {'identifier': 'trac_ik_lib', 'dependencies': OrderedDict()}
[0.002253] (coord_transform) JobQueued: {'identifier': 'coord_transform', 'dependencies': OrderedDict([('human_hand_msgs', '/home/duy/cocarry_ws/install/human_hand_msgs')])}
[0.002293] (experiment_logger) JobQueued: {'identifier': 'experiment_logger', 'dependencies': OrderedDict([('human_hand_msgs', '/home/duy/cocarry_ws/install/human_hand_msgs')])}
[0.002327] (kinect2_bridge) JobQueued: {'identifier': 'kinect2_bridge', 'dependencies': OrderedDict([('kinect2_registration', '/home/duy/cocarry_ws/install/kinect2_registration')])}
[0.002360] (motoman_gp4_support) JobQueued: {'identifier': 'motoman_gp4_support', 'dependencies': OrderedDict([('motoman_resources', '/home/duy/cocarry_ws/install/motoman_resources')])}
[0.002396] (motoman_hc10dtp_support) JobQueued: {'identifier': 'motoman_hc10dtp_support', 'dependencies': OrderedDict([('motoman_resources', '/home/duy/cocarry_ws/install/motoman_resources')])}
[0.002761] (motoros2_client_interface_dependencies) JobQueued: {'identifier': 'motoros2_client_interface_dependencies', 'dependencies': OrderedDict([('industrial_msgs', '/home/duy/cocarry_ws/install/industrial_msgs'), ('motoros2_interfaces', '/home/duy/cocarry_ws/install/motoros2_interfaces')])}
[0.002859] (predictor_ui) JobQueued: {'identifier': 'predictor_ui', 'dependencies': OrderedDict([('human_hand_msgs', '/home/duy/cocarry_ws/install/human_hand_msgs')])}
[0.002916] (realsense_tracker) JobQueued: {'identifier': 'realsense_tracker', 'dependencies': OrderedDict([('human_hand_msgs', '/home/duy/cocarry_ws/install/human_hand_msgs')])}
[0.003063] (trac_ik_kinematics) JobQueued: {'identifier': 'trac_ik_kinematics', 'dependencies': OrderedDict([('trac_ik_lib', '/home/duy/cocarry_ws/install/trac_ik_lib')])}
[0.003255] (trajectory_predictor) JobQueued: {'identifier': 'trajectory_predictor', 'dependencies': OrderedDict([('human_hand_msgs', '/home/duy/cocarry_ws/install/human_hand_msgs')])}
[0.003307] (hc10dtp_moveit_config) JobQueued: {'identifier': 'hc10dtp_moveit_config', 'dependencies': OrderedDict([('motoman_resources', '/home/duy/cocarry_ws/install/motoman_resources'), ('motoman_hc10dtp_support', '/home/duy/cocarry_ws/install/motoman_hc10dtp_support')])}
[0.003360] (kinect2_calibration) JobQueued: {'identifier': 'kinect2_calibration', 'dependencies': OrderedDict([('kinect2_registration', '/home/duy/cocarry_ws/install/kinect2_registration'), ('kinect2_bridge', '/home/duy/cocarry_ws/install/kinect2_bridge')])}
[0.003425] (trac_ik) JobQueued: {'identifier': 'trac_ik', 'dependencies': OrderedDict([('trac_ik_lib', '/home/duy/cocarry_ws/install/trac_ik_lib'), ('trac_ik_kinematics', '/home/duy/cocarry_ws/install/trac_ik_kinematics')])}
[0.003471] (hc10dtp_bringup) JobQueued: {'identifier': 'hc10dtp_bringup', 'dependencies': OrderedDict([('motoman_resources', '/home/duy/cocarry_ws/install/motoman_resources'), ('motoman_hc10dtp_support', '/home/duy/cocarry_ws/install/motoman_hc10dtp_support'), ('hc10dtp_moveit_config', '/home/duy/cocarry_ws/install/hc10dtp_moveit_config')])}
[0.003518] (hc10dtp_simulation) JobQueued: {'identifier': 'hc10dtp_simulation', 'dependencies': OrderedDict([('motoman_resources', '/home/duy/cocarry_ws/install/motoman_resources'), ('motoros2_interfaces', '/home/duy/cocarry_ws/install/motoros2_interfaces'), ('motoman_hc10dtp_support', '/home/duy/cocarry_ws/install/motoman_hc10dtp_support'), ('hc10dtp_moveit_config', '/home/duy/cocarry_ws/install/hc10dtp_moveit_config'), ('hc10dtp_bringup', '/home/duy/cocarry_ws/install/hc10dtp_bringup')])}
[0.003594] (hrc_bringup) JobQueued: {'identifier': 'hrc_bringup', 'dependencies': OrderedDict([('human_hand_msgs', '/home/duy/cocarry_ws/install/human_hand_msgs'), ('motoman_resources', '/home/duy/cocarry_ws/install/motoman_resources'), ('motoros2_interfaces', '/home/duy/cocarry_ws/install/motoros2_interfaces'), ('coord_transform', '/home/duy/cocarry_ws/install/coord_transform'), ('experiment_logger', '/home/duy/cocarry_ws/install/experiment_logger'), ('motoman_hc10dtp_support', '/home/duy/cocarry_ws/install/motoman_hc10dtp_support'), ('predictor_ui', '/home/duy/cocarry_ws/install/predictor_ui'), ('realsense_tracker', '/home/duy/cocarry_ws/install/realsense_tracker'), ('trajectory_predictor', '/home/duy/cocarry_ws/install/trajectory_predictor'), ('hc10dtp_moveit_config', '/home/duy/cocarry_ws/install/hc10dtp_moveit_config'), ('hc10dtp_bringup', '/home/duy/cocarry_ws/install/hc10dtp_bringup'), ('hc10dtp_simulation', '/home/duy/cocarry_ws/install/hc10dtp_simulation')])}
[0.003694] (human_hand_msgs) JobStarted: {'identifier': 'human_hand_msgs'}
[0.007807] (motoman_resources) JobStarted: {'identifier': 'motoman_resources'}
[0.010854] (motoros2_interfaces) JobStarted: {'identifier': 'motoros2_interfaces'}
[0.014428] (kinect2_registration) JobStarted: {'identifier': 'kinect2_registration'}
[0.017666] (trac_ik_lib) JobStarted: {'identifier': 'trac_ik_lib'}
[0.024803] (industrial_msgs) JobStarted: {'identifier': 'industrial_msgs'}
[0.030081] (libfreenect2) JobStarted: {'identifier': 'libfreenect2'}
[0.038680] (human_hand_msgs) JobProgress: {'identifier': 'human_hand_msgs', 'progress': 'cmake'}
[0.039487] (human_hand_msgs) JobProgress: {'identifier': 'human_hand_msgs', 'progress': 'build'}
[0.040101] (human_hand_msgs) Command: {'cmd': ['/usr/bin/cmake', '--build', '/home/duy/cocarry_ws/build/human_hand_msgs', '--', '-j16', '-l16'], 'cwd': '/home/duy/cocarry_ws/build/human_hand_msgs', 'env': OrderedDict([('USER', 'duy'), ('SHLVL', '0'), ('LD_LIBRARY_PATH', '/usr/lib/x86_64-linux-gnu/gazebo-11/plugins:/opt/ros/humble/opt/rviz_ogre_vendor/lib:/opt/ros/humble/lib/x86_64-linux-gnu:/opt/ros/humble/lib'), ('HOME', '/home/duy'), ('ROS_PYTHON_VERSION', '3'), ('ROS_DISTRO', 'humble'), ('_', '/usr/bin/colcon'), ('ROS_VERSION', '2'), ('TERM', 'dumb'), ('ROS_LOCALHOST_ONLY', '0'), ('PATH', '/home/duy/.local/bin:/home/duy/.nvm/versions/node/v20.20.2/bin:/opt/ros/humble/bin:/home/duy/.local/bin:/usr/local/sbin:/usr/local/bin:/usr/sbin:/usr/bin:/sbin:/bin:/usr/games:/usr/local/games:/snap/bin:/snap/bin:/home/duy/libfreenect2/build/bin'), ('LANG', 'en_US.UTF-8'), ('TMP', '/tmp'), ('AMENT_PREFIX_PATH', '/opt/ros/humble'), ('SHELL', '/bin/bash'), ('PWD', '/home/duy/cocarry_ws/build/human_hand_msgs'), ('PYTHONPATH', '/opt/ros/humble/lib/python3.10/site-packages:/opt/ros/humble/local/lib/python3.10/dist-packages'), ('COLCON', '1')]), 'shell': False}
[0.042278] (motoman_resources) JobProgress: {'identifier': 'motoman_resources', 'progress': 'cmake'}
[0.042680] (motoman_resources) JobProgress: {'identifier': 'motoman_resources', 'progress': 'build'}
[0.043014] (motoman_resources) Command: {'cmd': ['/usr/bin/cmake', '--build', '/home/duy/cocarry_ws/build/motoman_resources', '--', '-j16', '-l16'], 'cwd': '/home/duy/cocarry_ws/build/motoman_resources', 'env': OrderedDict([('USER', 'duy'), ('SHLVL', '0'), ('LD_LIBRARY_PATH', '/usr/lib/x86_64-linux-gnu/gazebo-11/plugins:/opt/ros/humble/opt/rviz_ogre_vendor/lib:/opt/ros/humble/lib/x86_64-linux-gnu:/opt/ros/humble/lib'), ('HOME', '/home/duy'), ('ROS_PYTHON_VERSION', '3'), ('ROS_DISTRO', 'humble'), ('_', '/usr/bin/colcon'), ('ROS_VERSION', '2'), ('TERM', 'dumb'), ('ROS_LOCALHOST_ONLY', '0'), ('PATH', '/home/duy/.local/bin:/home/duy/.nvm/versions/node/v20.20.2/bin:/opt/ros/humble/bin:/home/duy/.local/bin:/usr/local/sbin:/usr/local/bin:/usr/sbin:/usr/bin:/sbin:/bin:/usr/games:/usr/local/games:/snap/bin:/snap/bin:/home/duy/libfreenect2/build/bin'), ('LANG', 'en_US.UTF-8'), ('TMP', '/tmp'), ('AMENT_PREFIX_PATH', '/opt/ros/humble'), ('SHELL', '/bin/bash'), ('PWD', '/home/duy/cocarry_ws/build/motoman_resources'), ('PYTHONPATH', '/opt/ros/humble/lib/python3.10/site-packages:/opt/ros/humble/local/lib/python3.10/dist-packages'), ('COLCON', '1'), ('CMAKE_PREFIX_PATH', '/opt/ros/humble')]), 'shell': False}
[0.044877] (motoros2_interfaces) JobProgress: {'identifier': 'motoros2_interfaces', 'progress': 'cmake'}
[0.044923] (motoros2_interfaces) JobProgress: {'identifier': 'motoros2_interfaces', 'progress': 'build'}
[0.044956] (motoros2_interfaces) Command: {'cmd': ['/usr/bin/cmake', '--build', '/home/duy/cocarry_ws/build/motoros2_interfaces', '--', '-j16', '-l16'], 'cwd': '/home/duy/cocarry_ws/build/motoros2_interfaces', 'env': OrderedDict([('USER', 'duy'), ('SHLVL', '0'), ('LD_LIBRARY_PATH', '/usr/lib/x86_64-linux-gnu/gazebo-11/plugins:/opt/ros/humble/opt/rviz_ogre_vendor/lib:/opt/ros/humble/lib/x86_64-linux-gnu:/opt/ros/humble/lib'), ('HOME', '/home/duy'), ('ROS_PYTHON_VERSION', '3'), ('ROS_DISTRO', 'humble'), ('_', '/usr/bin/colcon'), ('ROS_VERSION', '2'), ('TERM', 'dumb'), ('ROS_LOCALHOST_ONLY', '0'), ('PATH', '/home/duy/.local/bin:/home/duy/.nvm/versions/node/v20.20.2/bin:/opt/ros/humble/bin:/home/duy/.local/bin:/usr/local/sbin:/usr/local/bin:/usr/sbin:/usr/bin:/sbin:/bin:/usr/games:/usr/local/games:/snap/bin:/snap/bin:/home/duy/libfreenect2/build/bin'), ('LANG', 'en_US.UTF-8'), ('TMP', '/tmp'), ('AMENT_PREFIX_PATH', '/opt/ros/humble'), ('SHELL', '/bin/bash'), ('PWD', '/home/duy/cocarry_ws/build/motoros2_interfaces'), ('PYTHONPATH', '/opt/ros/humble/lib/python3.10/site-packages:/opt/ros/humble/local/lib/python3.10/dist-packages'), ('COLCON', '1'), ('CMAKE_PREFIX_PATH', '/opt/ros/humble')]), 'shell': False}
[0.046297] (kinect2_registration) JobProgress: {'identifier': 'kinect2_registration', 'progress': 'cmake'}
[0.046615] (kinect2_registration) JobProgress: {'identifier': 'kinect2_registration', 'progress': 'build'}
[0.047047] (kinect2_registration) Command: {'cmd': ['/usr/bin/cmake', '--build', '/home/duy/cocarry_ws/build/kinect2_registration', '--', '-j16', '-l16'], 'cwd': '/home/duy/cocarry_ws/build/kinect2_registration', 'env': OrderedDict([('USER', 'duy'), ('SHLVL', '0'), ('LD_LIBRARY_PATH', '/usr/lib/x86_64-linux-gnu/gazebo-11/plugins:/opt/ros/humble/opt/rviz_ogre_vendor/lib:/opt/ros/humble/lib/x86_64-linux-gnu:/opt/ros/humble/lib'), ('HOME', '/home/duy'), ('ROS_PYTHON_VERSION', '3'), ('ROS_DISTRO', 'humble'), ('_', '/usr/bin/colcon'), ('ROS_VERSION', '2'), ('TERM', 'dumb'), ('ROS_LOCALHOST_ONLY', '0'), ('PATH', '/home/duy/.local/bin:/home/duy/.nvm/versions/node/v20.20.2/bin:/opt/ros/humble/bin:/home/duy/.local/bin:/usr/local/sbin:/usr/local/bin:/usr/sbin:/usr/bin:/sbin:/bin:/usr/games:/usr/local/games:/snap/bin:/snap/bin:/home/duy/libfreenect2/build/bin'), ('LANG', 'en_US.UTF-8'), ('TMP', '/tmp'), ('AMENT_PREFIX_PATH', '/opt/ros/humble'), ('SHELL', '/bin/bash'), ('PWD', '/home/duy/cocarry_ws/build/kinect2_registration'), ('PYTHONPATH', '/opt/ros/humble/lib/python3.10/site-packages:/opt/ros/humble/local/lib/python3.10/dist-packages'), ('COLCON', '1'), ('CMAKE_PREFIX_PATH', '/opt/ros/humble')]), 'shell': False}
[0.049334] (trac_ik_lib) JobProgress: {'identifier': 'trac_ik_lib', 'progress': 'cmake'}
[0.050327] (trac_ik_lib) Command: {'cmd': ['/usr/bin/cmake', '/home/duy/cocarry_ws/src/trac_ik/trac_ik_lib', '-DAMENT_CMAKE_SYMLINK_INSTALL=1', '-DCMAKE_INSTALL_PREFIX=/home/duy/cocarry_ws/install/trac_ik_lib'], 'cwd': '/home/duy/cocarry_ws/build/trac_ik_lib', 'env': OrderedDict([('USER', 'duy'), ('SHLVL', '0'), ('LD_LIBRARY_PATH', '/usr/lib/x86_64-linux-gnu/gazebo-11/plugins:/opt/ros/humble/opt/rviz_ogre_vendor/lib:/opt/ros/humble/lib/x86_64-linux-gnu:/opt/ros/humble/lib'), ('HOME', '/home/duy'), ('ROS_PYTHON_VERSION', '3'), ('ROS_DISTRO', 'humble'), ('_', '/usr/bin/colcon'), ('ROS_VERSION', '2'), ('TERM', 'dumb'), ('ROS_LOCALHOST_ONLY', '0'), ('PATH', '/home/duy/.local/bin:/home/duy/.nvm/versions/node/v20.20.2/bin:/opt/ros/humble/bin:/home/duy/.local/bin:/usr/local/sbin:/usr/local/bin:/usr/sbin:/usr/bin:/sbin:/bin:/usr/games:/usr/local/games:/snap/bin:/snap/bin:/home/duy/libfreenect2/build/bin'), ('LANG', 'en_US.UTF-8'), ('TMP', '/tmp'), ('AMENT_PREFIX_PATH', '/opt/ros/humble'), ('SHELL', '/bin/bash'), ('PWD', '/home/duy/cocarry_ws/build/trac_ik_lib'), ('PYTHONPATH', '/opt/ros/humble/lib/python3.10/site-packages:/opt/ros/humble/local/lib/python3.10/dist-packages'), ('COLCON', '1'), ('CMAKE_PREFIX_PATH', '/opt/ros/humble')]), 'shell': False}
[0.052164] (industrial_msgs) JobProgress: {'identifier': 'industrial_msgs', 'progress': 'cmake'}
[0.052415] (industrial_msgs) JobProgress: {'identifier': 'industrial_msgs', 'progress': 'build'}
[0.052934] (industrial_msgs) Command: {'cmd': ['/usr/bin/cmake', '--build', '/home/duy/cocarry_ws/build/industrial_msgs', '--', '-j16', '-l16'], 'cwd': '/home/duy/cocarry_ws/build/industrial_msgs', 'env': OrderedDict([('USER', 'duy'), ('SHLVL', '0'), ('LD_LIBRARY_PATH', '/usr/lib/x86_64-linux-gnu/gazebo-11/plugins:/opt/ros/humble/opt/rviz_ogre_vendor/lib:/opt/ros/humble/lib/x86_64-linux-gnu:/opt/ros/humble/lib'), ('HOME', '/home/duy'), ('ROS_PYTHON_VERSION', '3'), ('ROS_DISTRO', 'humble'), ('_', '/usr/bin/colcon'), ('ROS_VERSION', '2'), ('TERM', 'dumb'), ('ROS_LOCALHOST_ONLY', '0'), ('PATH', '/home/duy/.local/bin:/home/duy/.nvm/versions/node/v20.20.2/bin:/opt/ros/humble/bin:/home/duy/.local/bin:/usr/local/sbin:/usr/local/bin:/usr/sbin:/usr/bin:/sbin:/bin:/usr/games:/usr/local/games:/snap/bin:/snap/bin:/home/duy/libfreenect2/build/bin'), ('LANG', 'en_US.UTF-8'), ('TMP', '/tmp'), ('AMENT_PREFIX_PATH', '/opt/ros/humble'), ('SHELL', '/bin/bash'), ('PWD', '/home/duy/cocarry_ws/build/industrial_msgs'), ('PYTHONPATH', '/opt/ros/humble/lib/python3.10/site-packages:/opt/ros/humble/local/lib/python3.10/dist-packages'), ('COLCON', '1'), ('CMAKE_PREFIX_PATH', '/opt/ros/humble')]), 'shell': False}
[0.055940] (libfreenect2) JobProgress: {'identifier': 'libfreenect2', 'progress': 'cmake'}
[0.056236] (libfreenect2) JobProgress: {'identifier': 'libfreenect2', 'progress': 'build'}
[0.057261] (libfreenect2) Command: {'cmd': ['/usr/bin/cmake', '--build', '/home/duy/cocarry_ws/build/libfreenect2', '--', '-j16', '-l16'], 'cwd': '/home/duy/cocarry_ws/build/libfreenect2', 'env': OrderedDict([('USER', 'duy'), ('SHLVL', '0'), ('LD_LIBRARY_PATH', '/usr/lib/x86_64-linux-gnu/gazebo-11/plugins:/opt/ros/humble/opt/rviz_ogre_vendor/lib:/opt/ros/humble/lib/x86_64-linux-gnu:/opt/ros/humble/lib'), ('HOME', '/home/duy'), ('ROS_PYTHON_VERSION', '3'), ('ROS_DISTRO', 'humble'), ('_', '/usr/bin/colcon'), ('ROS_VERSION', '2'), ('TERM', 'dumb'), ('ROS_LOCALHOST_ONLY', '0'), ('PATH', '/home/duy/.local/bin:/home/duy/.nvm/versions/node/v20.20.2/bin:/opt/ros/humble/bin:/home/duy/.local/bin:/usr/local/sbin:/usr/local/bin:/usr/sbin:/usr/bin:/sbin:/bin:/usr/games:/usr/local/games:/snap/bin:/snap/bin:/home/duy/libfreenect2/build/bin'), ('LANG', 'en_US.UTF-8'), ('TMP', '/tmp'), ('AMENT_PREFIX_PATH', '/opt/ros/humble'), ('SHELL', '/bin/bash'), ('PWD', '/home/duy/cocarry_ws/build/libfreenect2'), ('PYTHONPATH', '/opt/ros/humble/lib/python3.10/site-packages:/opt/ros/humble/local/lib/python3.10/dist-packages'), ('COLCON', '1')]), 'shell': False}
[0.064887] (trac_ik_lib) StdoutLine: {'line': b'-- Found ament_cmake: 1.3.14 (/opt/ros/humble/share/ament_cmake/cmake)\n'}
[0.068491] (motoman_resources) StdoutLine: {'line': b'-- Found ament_cmake: 1.3.14 (/opt/ros/humble/share/ament_cmake/cmake)\n'}
[0.085798] (human_hand_msgs) StdoutLine: {'line': b'-- Found ament_cmake: 1.3.14 (/opt/ros/humble/share/ament_cmake/cmake)\n'}
[0.091960] (kinect2_registration) StdoutLine: {'line': b'-- Found ament_cmake: 1.3.14 (/opt/ros/humble/share/ament_cmake/cmake)\n'}
[0.095924] (motoros2_interfaces) StdoutLine: {'line': b'-- Found ament_cmake: 1.3.14 (/opt/ros/humble/share/ament_cmake/cmake)\n'}
[0.097618] (industrial_msgs) StdoutLine: {'line': b'-- Found ament_cmake: 1.3.14 (/opt/ros/humble/share/ament_cmake/cmake)\n'}
[0.099301] (-) TimerEvent: {}
[0.127611] (libfreenect2) StdoutLine: {'line': b'[  5%] Built target generate_resources_tool\n'}
[0.177998] (libfreenect2) StdoutLine: {'line': b'[ 65%] Built target freenect2\n'}
[0.199536] (-) TimerEvent: {}
[0.211782] (libfreenect2) StdoutLine: {'line': b'[ 76%] Built target Protonect\n'}
[0.212884] (libfreenect2) StdoutLine: {'line': b'[100%] Built target freenect2-openni2\n'}
[0.228393] (libfreenect2) CommandEnded: {'returncode': 0}
[0.229574] (libfreenect2) JobProgress: {'identifier': 'libfreenect2', 'progress': 'install'}
[0.240403] (libfreenect2) Command: {'cmd': ['/usr/bin/cmake', '--install', '/home/duy/cocarry_ws/build/libfreenect2'], 'cwd': '/home/duy/cocarry_ws/build/libfreenect2', 'env': OrderedDict([('USER', 'duy'), ('SHLVL', '0'), ('LD_LIBRARY_PATH', '/usr/lib/x86_64-linux-gnu/gazebo-11/plugins:/opt/ros/humble/opt/rviz_ogre_vendor/lib:/opt/ros/humble/lib/x86_64-linux-gnu:/opt/ros/humble/lib'), ('HOME', '/home/duy'), ('ROS_PYTHON_VERSION', '3'), ('ROS_DISTRO', 'humble'), ('_', '/usr/bin/colcon'), ('ROS_VERSION', '2'), ('TERM', 'dumb'), ('ROS_LOCALHOST_ONLY', '0'), ('PATH', '/home/duy/.local/bin:/home/duy/.nvm/versions/node/v20.20.2/bin:/opt/ros/humble/bin:/home/duy/.local/bin:/usr/local/sbin:/usr/local/bin:/usr/sbin:/usr/bin:/sbin:/bin:/usr/games:/usr/local/games:/snap/bin:/snap/bin:/home/duy/libfreenect2/build/bin'), ('LANG', 'en_US.UTF-8'), ('TMP', '/tmp'), ('AMENT_PREFIX_PATH', '/opt/ros/humble'), ('SHELL', '/bin/bash'), ('PWD', '/home/duy/cocarry_ws/build/libfreenect2'), ('PYTHONPATH', '/opt/ros/humble/lib/python3.10/site-packages:/opt/ros/humble/local/lib/python3.10/dist-packages'), ('COLCON', '1')]), 'shell': False}
[0.256889] (libfreenect2) StdoutLine: {'line': b'-- Install configuration: "RelWithDebInfo"\n'}
[0.257900] (libfreenect2) StdoutLine: {'line': b'-- Installing: /home/duy/cocarry_ws/install/libfreenect2/lib/libfreenect2.so.0.2.0\n'}
[0.263273] (libfreenect2) StdoutLine: {'line': b'-- Up-to-date: /home/duy/cocarry_ws/install/libfreenect2/lib/libfreenect2.so.0.2\n'}
[0.263739] (libfreenect2) StdoutLine: {'line': b'-- Up-to-date: /home/duy/cocarry_ws/install/libfreenect2/lib/libfreenect2.so\n'}
[0.263834] (libfreenect2) StdoutLine: {'line': b'-- Up-to-date: /home/duy/cocarry_ws/install/libfreenect2/include/libfreenect2\n'}
[0.263896] (libfreenect2) StdoutLine: {'line': b'-- Up-to-date: /home/duy/cocarry_ws/install/libfreenect2/include/libfreenect2/registration.h\n'}
[0.263973] (libfreenect2) StdoutLine: {'line': b'-- Up-to-date: /home/duy/cocarry_ws/install/libfreenect2/include/libfreenect2/packet_pipeline.h\n'}
[0.264161] (libfreenect2) StdoutLine: {'line': b'-- Up-to-date: /home/duy/cocarry_ws/install/libfreenect2/include/libfreenect2/libfreenect2.hpp\n'}
[0.264260] (libfreenect2) StdoutLine: {'line': b'-- Up-to-date: /home/duy/cocarry_ws/install/libfreenect2/include/libfreenect2/frame_listener_impl.h\n'}
[0.264347] (libfreenect2) StdoutLine: {'line': b'-- Up-to-date: /home/duy/cocarry_ws/install/libfreenect2/include/libfreenect2/led_settings.h\n'}
[0.264431] (libfreenect2) StdoutLine: {'line': b'-- Up-to-date: /home/duy/cocarry_ws/install/libfreenect2/include/libfreenect2/frame_listener.hpp\n'}
[0.264497] (libfreenect2) StdoutLine: {'line': b'-- Up-to-date: /home/duy/cocarry_ws/install/libfreenect2/include/libfreenect2/logger.h\n'}
[0.264561] (libfreenect2) StdoutLine: {'line': b'-- Up-to-date: /home/duy/cocarry_ws/install/libfreenect2/include/libfreenect2/color_settings.h\n'}
[0.264674] (libfreenect2) StdoutLine: {'line': b'-- Up-to-date: /home/duy/cocarry_ws/install/libfreenect2/include/libfreenect2\n'}
[0.264755] (libfreenect2) StdoutLine: {'line': b'-- Up-to-date: /home/duy/cocarry_ws/install/libfreenect2/include/libfreenect2/config.h\n'}
[0.264930] (libfreenect2) StdoutLine: {'line': b'-- Up-to-date: /home/duy/cocarry_ws/install/libfreenect2/include/libfreenect2/export.h\n'}
[0.265108] (libfreenect2) StdoutLine: {'line': b'-- Up-to-date: /home/duy/cocarry_ws/install/libfreenect2/lib/cmake/freenect2/freenect2Config.cmake\n'}
[0.265207] (libfreenect2) StdoutLine: {'line': b'-- Up-to-date: /home/duy/cocarry_ws/install/libfreenect2/lib/cmake/freenect2/freenect2ConfigVersion.cmake\n'}
[0.265333] (libfreenect2) StdoutLine: {'line': b'-- Up-to-date: /home/duy/cocarry_ws/install/libfreenect2/lib/pkgconfig/freenect2.pc\n'}
[0.265408] (libfreenect2) StdoutLine: {'line': b'-- Installing: /home/duy/cocarry_ws/install/libfreenect2/lib/OpenNI2/Drivers/libfreenect2-openni2.so.0\n'}
[0.265864] (motoros2_interfaces) StdoutLine: {'line': b'-- Override CMake install command with custom implementation using symlinks instead of copying resources\n'}
[0.266035] (motoman_resources) StdoutLine: {'line': b'-- Override CMake install command with custom implementation using symlinks instead of copying resources\n'}
[0.269702] (libfreenect2) StdoutLine: {'line': b'-- Set runtime path of "/home/duy/cocarry_ws/install/libfreenect2/lib/OpenNI2/Drivers/libfreenect2-openni2.so.0" to "/home/duy/cocarry_ws/install/libfreenect2/lib"\n'}
[0.269965] (libfreenect2) StdoutLine: {'line': b'-- Up-to-date: /home/duy/cocarry_ws/install/libfreenect2/lib/OpenNI2/Drivers/libfreenect2-openni2.so\n'}
[0.273233] (trac_ik_lib) StdoutLine: {'line': b'-- Override CMake install command with custom implementation using symlinks instead of copying resources\n'}
[0.273625] (libfreenect2) CommandEnded: {'returncode': 0}
[0.286107] (motoros2_interfaces) StdoutLine: {'line': b'-- Found builtin_interfaces: 1.2.2 (/opt/ros/humble/share/builtin_interfaces/cmake)\n'}
[0.288992] (trac_ik_lib) StdoutLine: {'line': b'-- Found eigen3_cmake_module: 0.1.1 (/opt/ros/humble/share/eigen3_cmake_module/cmake)\n'}
[0.294081] (libfreenect2) JobEnded: {'identifier': 'libfreenect2', 'rc': 0}
[0.295653] (trac_ik_lib) StdoutLine: {'line': b'-- Found kdl_parser: 2.6.4 (/opt/ros/humble/share/kdl_parser/cmake)\n'}
[0.295806] (industrial_msgs) StdoutLine: {'line': b'-- Override CMake install command with custom implementation using symlinks instead of copying resources\n'}
[0.299069] (human_hand_msgs) StdoutLine: {'line': b'-- Found rosidl_default_generators: 1.2.1 (/opt/ros/humble/share/rosidl_default_generators/cmake)\n'}
[0.299632] (-) TimerEvent: {}
[0.301365] (trac_ik_lib) StdoutLine: {'line': b'-- Ensuring Eigen3 include directory is part of orocos-kdl CMake target\n'}
[0.304247] (human_hand_msgs) StdoutLine: {'line': b'-- Using all available rosidl_typesupport_c: rosidl_typesupport_fastrtps_c;rosidl_typesupport_introspection_c\n'}
[0.309597] (industrial_msgs) StdoutLine: {'line': b'-- Found rosidl_default_generators: 1.2.1 (/opt/ros/humble/share/rosidl_default_generators/cmake)\n'}
[0.311198] (human_hand_msgs) StdoutLine: {'line': b'-- Found rosidl_adapter: 3.1.8 (/opt/ros/humble/share/rosidl_adapter/cmake)\n'}
[0.311445] (kinect2_registration) StdoutLine: {'line': b'-- Override CMake install command with custom implementation using symlinks instead of copying resources\n'}
[0.312261] (industrial_msgs) StdoutLine: {'line': b'-- Using all available rosidl_typesupport_c: rosidl_typesupport_fastrtps_c;rosidl_typesupport_introspection_c\n'}
[0.318426] (industrial_msgs) StdoutLine: {'line': b'-- Found rosidl_adapter: 3.1.8 (/opt/ros/humble/share/rosidl_adapter/cmake)\n'}
[0.325157] (trac_ik_lib) StdoutLine: {'line': b'-- Found rclcpp: 16.0.19 (/opt/ros/humble/share/rclcpp/cmake)\n'}
[0.326148] (kinect2_registration) StdoutLine: {'line': b'-- Found rclcpp: 16.0.19 (/opt/ros/humble/share/rclcpp/cmake)\n'}
[0.332305] (motoros2_interfaces) StdoutLine: {'line': b'-- Found rosidl_generator_c: 3.1.8 (/opt/ros/humble/share/rosidl_generator_c/cmake)\n'}
[0.335629] (motoros2_interfaces) StdoutLine: {'line': b'-- Found rosidl_adapter: 3.1.8 (/opt/ros/humble/share/rosidl_adapter/cmake)\n'}
[0.345032] (motoros2_interfaces) StdoutLine: {'line': b'-- Found rosidl_generator_cpp: 3.1.8 (/opt/ros/humble/share/rosidl_generator_cpp/cmake)\n'}
[0.349574] (trac_ik_lib) StdoutLine: {'line': b'-- Found rosidl_generator_c: 3.1.8 (/opt/ros/humble/share/rosidl_generator_c/cmake)\n'}
[0.352956] (trac_ik_lib) StdoutLine: {'line': b'-- Found rosidl_adapter: 3.1.8 (/opt/ros/humble/share/rosidl_adapter/cmake)\n'}
[0.359564] (motoros2_interfaces) StdoutLine: {'line': b'-- Using all available rosidl_typesupport_c: rosidl_typesupport_fastrtps_c;rosidl_typesupport_introspection_c\n'}
[0.360817] (trac_ik_lib) StdoutLine: {'line': b'-- Found rosidl_generator_cpp: 3.1.8 (/opt/ros/humble/share/rosidl_generator_cpp/cmake)\n'}
[0.372406] (motoman_resources) StdoutLine: {'line': b'-- Configuring done\n'}
[0.372684] (trac_ik_lib) StdoutLine: {'line': b'-- Using all available rosidl_typesupport_c: rosidl_typesupport_fastrtps_c;rosidl_typesupport_introspection_c\n'}
[0.374276] (motoman_resources) StdoutLine: {'line': b'-- Generating done\n'}
[0.376495] (motoman_resources) StdoutLine: {'line': b'-- Build files have been written to: /home/duy/cocarry_ws/build/motoman_resources\n'}
[0.377403] (motoros2_interfaces) StdoutLine: {'line': b'-- Using all available rosidl_typesupport_cpp: rosidl_typesupport_fastrtps_cpp;rosidl_typesupport_introspection_cpp\n'}
[0.378644] (human_hand_msgs) StdoutLine: {'line': b'-- Using all available rosidl_typesupport_cpp: rosidl_typesupport_fastrtps_cpp;rosidl_typesupport_introspection_cpp\n'}
[0.378836] (industrial_msgs) StdoutLine: {'line': b'-- Using all available rosidl_typesupport_cpp: rosidl_typesupport_fastrtps_cpp;rosidl_typesupport_introspection_cpp\n'}
[0.381409] (kinect2_registration) StdoutLine: {'line': b'-- Found rosidl_generator_c: 3.1.8 (/opt/ros/humble/share/rosidl_generator_c/cmake)\n'}
[0.386818] (kinect2_registration) StdoutLine: {'line': b'-- Found rosidl_adapter: 3.1.8 (/opt/ros/humble/share/rosidl_adapter/cmake)\n'}
[0.387490] (trac_ik_lib) StdoutLine: {'line': b'-- Using all available rosidl_typesupport_cpp: rosidl_typesupport_fastrtps_cpp;rosidl_typesupport_introspection_cpp\n'}
[0.394716] (motoros2_interfaces) StdoutLine: {'line': b'-- Found rosidl_default_generators: 1.2.1 (/opt/ros/humble/share/rosidl_default_generators/cmake)\n'}
[0.396779] (kinect2_registration) StdoutLine: {'line': b'-- Found rosidl_generator_cpp: 3.1.8 (/opt/ros/humble/share/rosidl_generator_cpp/cmake)\n'}
[0.399748] (-) TimerEvent: {}
[0.403925] (motoman_resources) CommandEnded: {'returncode': 0}
[0.404952] (motoman_resources) JobProgress: {'identifier': 'motoman_resources', 'progress': 'install'}
[0.405469] (motoman_resources) Command: {'cmd': ['/usr/bin/cmake', '--install', '/home/duy/cocarry_ws/build/motoman_resources'], 'cwd': '/home/duy/cocarry_ws/build/motoman_resources', 'env': OrderedDict([('USER', 'duy'), ('SHLVL', '0'), ('LD_LIBRARY_PATH', '/usr/lib/x86_64-linux-gnu/gazebo-11/plugins:/opt/ros/humble/opt/rviz_ogre_vendor/lib:/opt/ros/humble/lib/x86_64-linux-gnu:/opt/ros/humble/lib'), ('HOME', '/home/duy'), ('ROS_PYTHON_VERSION', '3'), ('ROS_DISTRO', 'humble'), ('_', '/usr/bin/colcon'), ('ROS_VERSION', '2'), ('TERM', 'dumb'), ('ROS_LOCALHOST_ONLY', '0'), ('PATH', '/home/duy/.local/bin:/home/duy/.nvm/versions/node/v20.20.2/bin:/opt/ros/humble/bin:/home/duy/.local/bin:/usr/local/sbin:/usr/local/bin:/usr/sbin:/usr/bin:/sbin:/bin:/usr/games:/usr/local/games:/snap/bin:/snap/bin:/home/duy/libfreenect2/build/bin'), ('LANG', 'en_US.UTF-8'), ('TMP', '/tmp'), ('AMENT_PREFIX_PATH', '/opt/ros/humble'), ('SHELL', '/bin/bash'), ('PWD', '/home/duy/cocarry_ws/build/motoman_resources'), ('PYTHONPATH', '/opt/ros/humble/lib/python3.10/site-packages:/opt/ros/humble/local/lib/python3.10/dist-packages'), ('COLCON', '1'), ('CMAKE_PREFIX_PATH', '/opt/ros/humble')]), 'shell': False}
[0.409075] (motoros2_interfaces) StdoutLine: {'line': b'-- Found trajectory_msgs: 4.9.1 (/opt/ros/humble/share/trajectory_msgs/cmake)\n'}
[0.414924] (kinect2_registration) StdoutLine: {'line': b'-- Using all available rosidl_typesupport_c: rosidl_typesupport_fastrtps_c;rosidl_typesupport_introspection_c\n'}
[0.415195] (human_hand_msgs) StdoutLine: {'line': b'-- Found std_msgs: 4.9.1 (/opt/ros/humble/share/std_msgs/cmake)\n'}
[0.416200] (motoman_resources) StdoutLine: {'line': b'-- Install configuration: ""\n'}
[0.417316] (motoman_resources) StdoutLine: {'line': b'-- Execute custom install script\n'}
[0.418038] (motoman_resources) StdoutLine: {'line': b'-- Up-to-date symlink: /home/duy/cocarry_ws/install/motoman_resources/share/ament_index/resource_index/package_run_dependencies/motoman_resources\n'}
[0.418735] (motoman_resources) StdoutLine: {'line': b'-- Up-to-date symlink: /home/duy/cocarry_ws/install/motoman_resources/share/ament_index/resource_index/parent_prefix_path/motoman_resources\n'}
[0.419089] (motoman_resources) StdoutLine: {'line': b'-- Up-to-date symlink: /home/duy/cocarry_ws/install/motoman_resources/share/motoman_resources/environment/ament_prefix_path.sh\n'}
[0.419672] (motoman_resources) StdoutLine: {'line': b'-- Up-to-date symlink: /home/duy/cocarry_ws/install/motoman_resources/share/motoman_resources/environment/ament_prefix_path.dsv\n'}
[0.420017] (motoman_resources) StdoutLine: {'line': b'-- Up-to-date symlink: /home/duy/cocarry_ws/install/motoman_resources/share/motoman_resources/environment/path.sh\n'}
[0.420324] (motoman_resources) StdoutLine: {'line': b'-- Up-to-date symlink: /home/duy/cocarry_ws/install/motoman_resources/share/motoman_resources/environment/path.dsv\n'}
[0.420764] (motoman_resources) StdoutLine: {'line': b'-- Up-to-date symlink: /home/duy/cocarry_ws/install/motoman_resources/share/motoman_resources/local_setup.bash\n'}
[0.421065] (motoman_resources) StdoutLine: {'line': b'-- Up-to-date symlink: /home/duy/cocarry_ws/install/motoman_resources/share/motoman_resources/local_setup.sh\n'}
[0.421315] (motoman_resources) StdoutLine: {'line': b'-- Up-to-date symlink: /home/duy/cocarry_ws/install/motoman_resources/share/motoman_resources/local_setup.zsh\n'}
[0.421504] (motoman_resources) StdoutLine: {'line': b'-- Up-to-date symlink: /home/duy/cocarry_ws/install/motoman_resources/share/motoman_resources/local_setup.dsv\n'}
[0.421750] (motoman_resources) StdoutLine: {'line': b'-- Symlinking: /home/duy/cocarry_ws/install/motoman_resources/share/motoman_resources/package.dsv\n'}
[0.429791] (industrial_msgs) StdoutLine: {'line': b'-- Found std_msgs: 4.9.1 (/opt/ros/humble/share/std_msgs/cmake)\n'}
[0.431743] (motoman_resources) StdoutLine: {'line': b'-- Up-to-date symlink: /home/duy/cocarry_ws/install/motoman_resources/share/ament_index/resource_index/packages/motoman_resources\n'}
[0.432148] (motoman_resources) StdoutLine: {'line': b'-- Up-to-date symlink: /home/duy/cocarry_ws/install/motoman_resources/share/motoman_resources/cmake/motoman_resourcesConfig.cmake\n'}
[0.432346] (motoman_resources) StdoutLine: {'line': b'-- Up-to-date symlink: /home/duy/cocarry_ws/install/motoman_resources/share/motoman_resources/cmake/motoman_resourcesConfig-version.cmake\n'}
[0.432438] (motoman_resources) StdoutLine: {'line': b'-- Up-to-date symlink: /home/duy/cocarry_ws/install/motoman_resources/share/motoman_resources/package.xml\n'}
[0.432700] (motoman_resources) StdoutLine: {'line': b'-- Up-to-date symlink: /home/duy/cocarry_ws/install/motoman_resources/share/motoman_resources/rviz/view_robot.rviz\n'}
[0.432999] (motoman_resources) StdoutLine: {'line': b'-- Up-to-date symlink: /home/duy/cocarry_ws/install/motoman_resources/share/motoman_resources/urdf/common_colors.xacro\n'}
[0.433225] (motoman_resources) StdoutLine: {'line': b'-- Up-to-date symlink: /home/duy/cocarry_ws/install/motoman_resources/share/motoman_resources/urdf/common_materials.xacro\n'}
[0.435742] (motoman_resources) CommandEnded: {'returncode': 0}
[0.437982] (trac_ik_lib) StdoutLine: {'line': b'-- Found rmw_implementation_cmake: 6.1.2 (/opt/ros/humble/share/rmw_implementation_cmake/cmake)\n'}
[0.439608] (kinect2_registration) StdoutLine: {'line': b'-- Using all available rosidl_typesupport_cpp: rosidl_typesupport_fastrtps_cpp;rosidl_typesupport_introspection_cpp\n'}
[0.440618] (trac_ik_lib) StdoutLine: {'line': b'-- Found rmw_fastrtps_cpp: 6.2.10 (/opt/ros/humble/share/rmw_fastrtps_cpp/cmake)\n'}
[0.453374] (motoman_resources) JobEnded: {'identifier': 'motoman_resources', 'rc': 0}
[0.455889] (motoman_hc10dtp_support) JobStarted: {'identifier': 'motoman_hc10dtp_support'}
[0.458300] (motoman_gp4_support) JobStarted: {'identifier': 'motoman_gp4_support'}
[0.466319] (motoman_hc10dtp_support) JobProgress: {'identifier': 'motoman_hc10dtp_support', 'progress': 'cmake'}
[0.468105] (motoman_hc10dtp_support) Command: {'cmd': ['/usr/bin/cmake', '/home/duy/cocarry_ws/src/motoman_ros2_support_packages/motoman_hc10dtp_support', '-DAMENT_CMAKE_SYMLINK_INSTALL=1', '-DCMAKE_INSTALL_PREFIX=/home/duy/cocarry_ws/install/motoman_hc10dtp_support'], 'cwd': '/home/duy/cocarry_ws/build/motoman_hc10dtp_support', 'env': OrderedDict([('USER', 'duy'), ('SHLVL', '0'), ('LD_LIBRARY_PATH', '/usr/lib/x86_64-linux-gnu/gazebo-11/plugins:/opt/ros/humble/opt/rviz_ogre_vendor/lib:/opt/ros/humble/lib/x86_64-linux-gnu:/opt/ros/humble/lib'), ('HOME', '/home/duy'), ('ROS_PYTHON_VERSION', '3'), ('ROS_DISTRO', 'humble'), ('_', '/usr/bin/colcon'), ('ROS_VERSION', '2'), ('TERM', 'dumb'), ('ROS_LOCALHOST_ONLY', '0'), ('PATH', '/home/duy/.local/bin:/home/duy/.nvm/versions/node/v20.20.2/bin:/opt/ros/humble/bin:/home/duy/.local/bin:/usr/local/sbin:/usr/local/bin:/usr/sbin:/usr/bin:/sbin:/bin:/usr/games:/usr/local/games:/snap/bin:/snap/bin:/home/duy/libfreenect2/build/bin'), ('LANG', 'en_US.UTF-8'), ('TMP', '/tmp'), ('AMENT_PREFIX_PATH', '/home/duy/cocarry_ws/install/motoman_resources:/opt/ros/humble'), ('SHELL', '/bin/bash'), ('PWD', '/home/duy/cocarry_ws/build/motoman_hc10dtp_support'), ('PYTHONPATH', '/opt/ros/humble/lib/python3.10/site-packages:/opt/ros/humble/local/lib/python3.10/dist-packages'), ('COLCON', '1'), ('CMAKE_PREFIX_PATH', '/home/duy/cocarry_ws/install/motoman_resources:/opt/ros/humble')]), 'shell': False}
[0.471779] (motoman_gp4_support) JobProgress: {'identifier': 'motoman_gp4_support', 'progress': 'cmake'}
[0.472796] (motoman_gp4_support) Command: {'cmd': ['/usr/bin/cmake', '/home/duy/cocarry_ws/src/motoman_ros2_support_packages/motoman_gp4_support', '-DAMENT_CMAKE_SYMLINK_INSTALL=1', '-DCMAKE_INSTALL_PREFIX=/home/duy/cocarry_ws/install/motoman_gp4_support'], 'cwd': '/home/duy/cocarry_ws/build/motoman_gp4_support', 'env': OrderedDict([('USER', 'duy'), ('SHLVL', '0'), ('LD_LIBRARY_PATH', '/usr/lib/x86_64-linux-gnu/gazebo-11/plugins:/opt/ros/humble/opt/rviz_ogre_vendor/lib:/opt/ros/humble/lib/x86_64-linux-gnu:/opt/ros/humble/lib'), ('HOME', '/home/duy'), ('ROS_PYTHON_VERSION', '3'), ('ROS_DISTRO', 'humble'), ('_', '/usr/bin/colcon'), ('ROS_VERSION', '2'), ('TERM', 'dumb'), ('ROS_LOCALHOST_ONLY', '0'), ('PATH', '/home/duy/.local/bin:/home/duy/.nvm/versions/node/v20.20.2/bin:/opt/ros/humble/bin:/home/duy/.local/bin:/usr/local/sbin:/usr/local/bin:/usr/sbin:/usr/bin:/sbin:/bin:/usr/games:/usr/local/games:/snap/bin:/snap/bin:/home/duy/libfreenect2/build/bin'), ('LANG', 'en_US.UTF-8'), ('TMP', '/tmp'), ('AMENT_PREFIX_PATH', '/home/duy/cocarry_ws/install/motoman_resources:/opt/ros/humble'), ('SHELL', '/bin/bash'), ('PWD', '/home/duy/cocarry_ws/build/motoman_gp4_support'), ('PYTHONPATH', '/opt/ros/humble/lib/python3.10/site-packages:/opt/ros/humble/local/lib/python3.10/dist-packages'), ('COLCON', '1'), ('CMAKE_PREFIX_PATH', '/home/duy/cocarry_ws/install/motoman_resources:/opt/ros/humble')]), 'shell': False}
[0.476796] (motoros2_interfaces) StdoutLine: {'line': b'-- Found ament_lint_auto: 0.12.15 (/opt/ros/humble/share/ament_lint_auto/cmake)\n'}
[0.482842] (motoman_gp4_support) StdoutLine: {'line': b'-- Found ament_cmake: 1.3.14 (/opt/ros/humble/share/ament_cmake/cmake)\n'}
[0.485130] (motoman_hc10dtp_support) StdoutLine: {'line': b'-- Found ament_cmake: 1.3.14 (/opt/ros/humble/share/ament_cmake/cmake)\n'}
[0.499932] (-) TimerEvent: {}
[0.503381] (kinect2_registration) StdoutLine: {'line': b'-- Found rmw_implementation_cmake: 6.1.2 (/opt/ros/humble/share/rmw_implementation_cmake/cmake)\n'}
[0.507800] (kinect2_registration) StdoutLine: {'line': b'-- Found rmw_fastrtps_cpp: 6.2.10 (/opt/ros/humble/share/rmw_fastrtps_cpp/cmake)\n'}
[0.600132] (-) TimerEvent: {}
[0.606709] (trac_ik_lib) StdoutLine: {'line': b"-- Using RMW implementation 'rmw_fastrtps_cpp' as default\n"}
[0.672636] (motoman_gp4_support) StdoutLine: {'line': b'-- Override CMake install command with custom implementation using symlinks instead of copying resources\n'}
[0.687787] (motoman_hc10dtp_support) StdoutLine: {'line': b'-- Override CMake install command with custom implementation using symlinks instead of copying resources\n'}
[0.691832] (trac_ik_lib) StdoutLine: {'line': b'-- Found urdf: 2.6.1 (/opt/ros/humble/share/urdf/cmake)\n'}
[0.700262] (-) TimerEvent: {}
[0.708394] (kinect2_registration) StdoutLine: {'line': b"-- Using RMW implementation 'rmw_fastrtps_cpp' as default\n"}
[0.729924] (trac_ik_lib) StdoutLine: {'line': b'-- Found ament_lint_auto: 0.12.15 (/opt/ros/humble/share/ament_lint_auto/cmake)\n'}
[0.778878] (motoman_gp4_support) StdoutLine: {'line': b'-- Configuring done\n'}
[0.782686] (motoman_gp4_support) StdoutLine: {'line': b'-- Generating done\n'}
[0.786138] (motoman_gp4_support) StdoutLine: {'line': b'-- Build files have been written to: /home/duy/cocarry_ws/build/motoman_gp4_support\n'}
[0.791174] (motoman_gp4_support) CommandEnded: {'returncode': 0}
[0.791917] (motoman_gp4_support) JobProgress: {'identifier': 'motoman_gp4_support', 'progress': 'build'}
[0.792548] (motoman_gp4_support) Command: {'cmd': ['/usr/bin/cmake', '--build', '/home/duy/cocarry_ws/build/motoman_gp4_support', '--', '-j16', '-l16'], 'cwd': '/home/duy/cocarry_ws/build/motoman_gp4_support', 'env': OrderedDict([('USER', 'duy'), ('SHLVL', '0'), ('LD_LIBRARY_PATH', '/usr/lib/x86_64-linux-gnu/gazebo-11/plugins:/opt/ros/humble/opt/rviz_ogre_vendor/lib:/opt/ros/humble/lib/x86_64-linux-gnu:/opt/ros/humble/lib'), ('HOME', '/home/duy'), ('ROS_PYTHON_VERSION', '3'), ('ROS_DISTRO', 'humble'), ('_', '/usr/bin/colcon'), ('ROS_VERSION', '2'), ('TERM', 'dumb'), ('ROS_LOCALHOST_ONLY', '0'), ('PATH', '/home/duy/.local/bin:/home/duy/.nvm/versions/node/v20.20.2/bin:/opt/ros/humble/bin:/home/duy/.local/bin:/usr/local/sbin:/usr/local/bin:/usr/sbin:/usr/bin:/sbin:/bin:/usr/games:/usr/local/games:/snap/bin:/snap/bin:/home/duy/libfreenect2/build/bin'), ('LANG', 'en_US.UTF-8'), ('TMP', '/tmp'), ('AMENT_PREFIX_PATH', '/home/duy/cocarry_ws/install/motoman_resources:/opt/ros/humble'), ('SHELL', '/bin/bash'), ('PWD', '/home/duy/cocarry_ws/build/motoman_gp4_support'), ('PYTHONPATH', '/opt/ros/humble/lib/python3.10/site-packages:/opt/ros/humble/local/lib/python3.10/dist-packages'), ('COLCON', '1'), ('CMAKE_PREFIX_PATH', '/home/duy/cocarry_ws/install/motoman_resources:/opt/ros/humble')]), 'shell': False}
[0.800569] (-) TimerEvent: {}
[0.815843] (motoman_hc10dtp_support) StdoutLine: {'line': b'-- Configuring done\n'}
[0.821854] (motoman_hc10dtp_support) StdoutLine: {'line': b'-- Generating done\n'}
[0.824762] (motoman_hc10dtp_support) StdoutLine: {'line': b'-- Build files have been written to: /home/duy/cocarry_ws/build/motoman_hc10dtp_support\n'}
[0.829104] (motoman_hc10dtp_support) CommandEnded: {'returncode': 0}
[0.830071] (motoman_hc10dtp_support) JobProgress: {'identifier': 'motoman_hc10dtp_support', 'progress': 'build'}
[0.830204] (kinect2_registration) StdoutLine: {'line': b'-- Found eigen3_cmake_module: 0.1.1 (/opt/ros/humble/share/eigen3_cmake_module/cmake)\n'}
[0.831629] (motoman_hc10dtp_support) Command: {'cmd': ['/usr/bin/cmake', '--build', '/home/duy/cocarry_ws/build/motoman_hc10dtp_support', '--', '-j16', '-l16'], 'cwd': '/home/duy/cocarry_ws/build/motoman_hc10dtp_support', 'env': OrderedDict([('USER', 'duy'), ('SHLVL', '0'), ('LD_LIBRARY_PATH', '/usr/lib/x86_64-linux-gnu/gazebo-11/plugins:/opt/ros/humble/opt/rviz_ogre_vendor/lib:/opt/ros/humble/lib/x86_64-linux-gnu:/opt/ros/humble/lib'), ('HOME', '/home/duy'), ('ROS_PYTHON_VERSION', '3'), ('ROS_DISTRO', 'humble'), ('_', '/usr/bin/colcon'), ('ROS_VERSION', '2'), ('TERM', 'dumb'), ('ROS_LOCALHOST_ONLY', '0'), ('PATH', '/home/duy/.local/bin:/home/duy/.nvm/versions/node/v20.20.2/bin:/opt/ros/humble/bin:/home/duy/.local/bin:/usr/local/sbin:/usr/local/bin:/usr/sbin:/usr/bin:/sbin:/bin:/usr/games:/usr/local/games:/snap/bin:/snap/bin:/home/duy/libfreenect2/build/bin'), ('LANG', 'en_US.UTF-8'), ('TMP', '/tmp'), ('AMENT_PREFIX_PATH', '/home/duy/cocarry_ws/install/motoman_resources:/opt/ros/humble'), ('SHELL', '/bin/bash'), ('PWD', '/home/duy/cocarry_ws/build/motoman_hc10dtp_support'), ('PYTHONPATH', '/opt/ros/humble/lib/python3.10/site-packages:/opt/ros/humble/local/lib/python3.10/dist-packages'), ('COLCON', '1'), ('CMAKE_PREFIX_PATH', '/home/duy/cocarry_ws/install/motoman_resources:/opt/ros/humble')]), 'shell': False}
[0.838664] (kinect2_registration) StdoutLine: {'line': b'-- CPU based depth registration enabled\n'}
[0.840945] (kinect2_registration) StdoutLine: {'line': b'-- Found ament_lint_auto: 0.12.15 (/opt/ros/humble/share/ament_lint_auto/cmake)\n'}
[0.844320] (trac_ik_lib) StdoutLine: {'line': b"-- Added test 'copyright' to check source files copyright and LICENSE\n"}
[0.845224] (trac_ik_lib) StdoutLine: {'line': b"-- Added test 'cpplint' to check C / C++ code against the Google style\n"}
[0.845560] (trac_ik_lib) StdoutLine: {'line': b'-- Configured cpplint exclude dirs and/or files: \n'}
[0.845958] (trac_ik_lib) StdoutLine: {'line': b"-- Added test 'lint_cmake' to check CMake code style\n"}
[0.846654] (trac_ik_lib) StdoutLine: {'line': b"-- Added test 'xmllint' to check XML markup files\n"}
[0.848128] (trac_ik_lib) StdoutLine: {'line': b'-- Configuring done\n'}
[0.862481] (trac_ik_lib) StdoutLine: {'line': b'-- Generating done\n'}
[0.867378] (trac_ik_lib) StdoutLine: {'line': b'-- Build files have been written to: /home/duy/cocarry_ws/build/trac_ik_lib\n'}
[0.868025] (motoman_gp4_support) CommandEnded: {'returncode': 0}
[0.869073] (motoman_gp4_support) JobProgress: {'identifier': 'motoman_gp4_support', 'progress': 'install'}
[0.869808] (motoman_gp4_support) Command: {'cmd': ['/usr/bin/cmake', '--install', '/home/duy/cocarry_ws/build/motoman_gp4_support'], 'cwd': '/home/duy/cocarry_ws/build/motoman_gp4_support', 'env': OrderedDict([('USER', 'duy'), ('SHLVL', '0'), ('LD_LIBRARY_PATH', '/usr/lib/x86_64-linux-gnu/gazebo-11/plugins:/opt/ros/humble/opt/rviz_ogre_vendor/lib:/opt/ros/humble/lib/x86_64-linux-gnu:/opt/ros/humble/lib'), ('HOME', '/home/duy'), ('ROS_PYTHON_VERSION', '3'), ('ROS_DISTRO', 'humble'), ('_', '/usr/bin/colcon'), ('ROS_VERSION', '2'), ('TERM', 'dumb'), ('ROS_LOCALHOST_ONLY', '0'), ('PATH', '/home/duy/.local/bin:/home/duy/.nvm/versions/node/v20.20.2/bin:/opt/ros/humble/bin:/home/duy/.local/bin:/usr/local/sbin:/usr/local/bin:/usr/sbin:/usr/bin:/sbin:/bin:/usr/games:/usr/local/games:/snap/bin:/snap/bin:/home/duy/libfreenect2/build/bin'), ('LANG', 'en_US.UTF-8'), ('TMP', '/tmp'), ('AMENT_PREFIX_PATH', '/home/duy/cocarry_ws/install/motoman_resources:/opt/ros/humble'), ('SHELL', '/bin/bash'), ('PWD', '/home/duy/cocarry_ws/build/motoman_gp4_support'), ('PYTHONPATH', '/opt/ros/humble/lib/python3.10/site-packages:/opt/ros/humble/local/lib/python3.10/dist-packages'), ('COLCON', '1'), ('CMAKE_PREFIX_PATH', '/home/duy/cocarry_ws/install/motoman_resources:/opt/ros/humble')]), 'shell': False}
[0.877199] (trac_ik_lib) CommandEnded: {'returncode': 0}
[0.877944] (trac_ik_lib) JobProgress: {'identifier': 'trac_ik_lib', 'progress': 'build'}
[0.878605] (trac_ik_lib) Command: {'cmd': ['/usr/bin/cmake', '--build', '/home/duy/cocarry_ws/build/trac_ik_lib', '--', '-j16', '-l16'], 'cwd': '/home/duy/cocarry_ws/build/trac_ik_lib', 'env': OrderedDict([('USER', 'duy'), ('SHLVL', '0'), ('LD_LIBRARY_PATH', '/usr/lib/x86_64-linux-gnu/gazebo-11/plugins:/opt/ros/humble/opt/rviz_ogre_vendor/lib:/opt/ros/humble/lib/x86_64-linux-gnu:/opt/ros/humble/lib'), ('HOME', '/home/duy'), ('ROS_PYTHON_VERSION', '3'), ('ROS_DISTRO', 'humble'), ('_', '/usr/bin/colcon'), ('ROS_VERSION', '2'), ('TERM', 'dumb'), ('ROS_LOCALHOST_ONLY', '0'), ('PATH', '/home/duy/.local/bin:/home/duy/.nvm/versions/node/v20.20.2/bin:/opt/ros/humble/bin:/home/duy/.local/bin:/usr/local/sbin:/usr/local/bin:/usr/sbin:/usr/bin:/sbin:/bin:/usr/games:/usr/local/games:/snap/bin:/snap/bin:/home/duy/libfreenect2/build/bin'), ('LANG', 'en_US.UTF-8'), ('TMP', '/tmp'), ('AMENT_PREFIX_PATH', '/opt/ros/humble'), ('SHELL', '/bin/bash'), ('PWD', '/home/duy/cocarry_ws/build/trac_ik_lib'), ('PYTHONPATH', '/opt/ros/humble/lib/python3.10/site-packages:/opt/ros/humble/local/lib/python3.10/dist-packages'), ('COLCON', '1'), ('CMAKE_PREFIX_PATH', '/opt/ros/humble')]), 'shell': False}
[0.882917] (motoman_gp4_support) StdoutLine: {'line': b'-- Install configuration: ""\n'}
[0.884279] (motoman_gp4_support) StdoutLine: {'line': b'-- Execute custom install script\n'}
[0.884976] (motoman_gp4_support) StdoutLine: {'line': b'-- Up-to-date symlink: /home/duy/cocarry_ws/install/motoman_gp4_support/share/ament_index/resource_index/package_run_dependencies/motoman_gp4_support\n'}
[0.885631] (motoman_gp4_support) StdoutLine: {'line': b'-- Up-to-date symlink: /home/duy/cocarry_ws/install/motoman_gp4_support/share/ament_index/resource_index/parent_prefix_path/motoman_gp4_support\n'}
[0.886295] (motoman_gp4_support) StdoutLine: {'line': b'-- Up-to-date symlink: /home/duy/cocarry_ws/install/motoman_gp4_support/share/motoman_gp4_support/environment/ament_prefix_path.sh\n'}
[0.886791] (motoman_gp4_support) StdoutLine: {'line': b'-- Up-to-date symlink: /home/duy/cocarry_ws/install/motoman_gp4_support/share/motoman_gp4_support/environment/ament_prefix_path.dsv\n'}
[0.887550] (motoman_gp4_support) StdoutLine: {'line': b'-- Up-to-date symlink: /home/duy/cocarry_ws/install/motoman_gp4_support/share/motoman_gp4_support/environment/path.sh\n'}
[0.887931] (motoman_gp4_support) StdoutLine: {'line': b'-- Up-to-date symlink: /home/duy/cocarry_ws/install/motoman_gp4_support/share/motoman_gp4_support/environment/path.dsv\n'}
[0.888611] (motoman_gp4_support) StdoutLine: {'line': b'-- Up-to-date symlink: /home/duy/cocarry_ws/install/motoman_gp4_support/share/motoman_gp4_support/local_setup.bash\n'}
[0.889111] (motoman_gp4_support) StdoutLine: {'line': b'-- Up-to-date symlink: /home/duy/cocarry_ws/install/motoman_gp4_support/share/motoman_gp4_support/local_setup.sh\n'}
[0.889581] (motoman_gp4_support) StdoutLine: {'line': b'-- Up-to-date symlink: /home/duy/cocarry_ws/install/motoman_gp4_support/share/motoman_gp4_support/local_setup.zsh\n'}
[0.889951] (motoman_gp4_support) StdoutLine: {'line': b'-- Up-to-date symlink: /home/duy/cocarry_ws/install/motoman_gp4_support/share/motoman_gp4_support/local_setup.dsv\n'}
[0.890234] (motoman_gp4_support) StdoutLine: {'line': b'-- Symlinking: /home/duy/cocarry_ws/install/motoman_gp4_support/share/motoman_gp4_support/package.dsv\n'}
[0.895783] (motoman_hc10dtp_support) CommandEnded: {'returncode': 0}
[0.896872] (motoman_hc10dtp_support) JobProgress: {'identifier': 'motoman_hc10dtp_support', 'progress': 'install'}
[0.897259] (motoman_hc10dtp_support) Command: {'cmd': ['/usr/bin/cmake', '--install', '/home/duy/cocarry_ws/build/motoman_hc10dtp_support'], 'cwd': '/home/duy/cocarry_ws/build/motoman_hc10dtp_support', 'env': OrderedDict([('USER', 'duy'), ('SHLVL', '0'), ('LD_LIBRARY_PATH', '/usr/lib/x86_64-linux-gnu/gazebo-11/plugins:/opt/ros/humble/opt/rviz_ogre_vendor/lib:/opt/ros/humble/lib/x86_64-linux-gnu:/opt/ros/humble/lib'), ('HOME', '/home/duy'), ('ROS_PYTHON_VERSION', '3'), ('ROS_DISTRO', 'humble'), ('_', '/usr/bin/colcon'), ('ROS_VERSION', '2'), ('TERM', 'dumb'), ('ROS_LOCALHOST_ONLY', '0'), ('PATH', '/home/duy/.local/bin:/home/duy/.nvm/versions/node/v20.20.2/bin:/opt/ros/humble/bin:/home/duy/.local/bin:/usr/local/sbin:/usr/local/bin:/usr/sbin:/usr/bin:/sbin:/bin:/usr/games:/usr/local/games:/snap/bin:/snap/bin:/home/duy/libfreenect2/build/bin'), ('LANG', 'en_US.UTF-8'), ('TMP', '/tmp'), ('AMENT_PREFIX_PATH', '/home/duy/cocarry_ws/install/motoman_resources:/opt/ros/humble'), ('SHELL', '/bin/bash'), ('PWD', '/home/duy/cocarry_ws/build/motoman_hc10dtp_support'), ('PYTHONPATH', '/opt/ros/humble/lib/python3.10/site-packages:/opt/ros/humble/local/lib/python3.10/dist-packages'), ('COLCON', '1'), ('CMAKE_PREFIX_PATH', '/home/duy/cocarry_ws/install/motoman_resources:/opt/ros/humble')]), 'shell': False}
[0.900609] (-) TimerEvent: {}
[0.902043] (motoman_gp4_support) StdoutLine: {'line': b'-- Up-to-date symlink: /home/duy/cocarry_ws/install/motoman_gp4_support/share/ament_index/resource_index/packages/motoman_gp4_support\n'}
[0.902423] (motoman_gp4_support) StdoutLine: {'line': b'-- Up-to-date symlink: /home/duy/cocarry_ws/install/motoman_gp4_support/share/motoman_gp4_support/cmake/motoman_gp4_supportConfig.cmake\n'}
[0.902855] (motoman_gp4_support) StdoutLine: {'line': b'-- Up-to-date symlink: /home/duy/cocarry_ws/install/motoman_gp4_support/share/motoman_gp4_support/cmake/motoman_gp4_supportConfig-version.cmake\n'}
[0.903398] (motoman_gp4_support) StdoutLine: {'line': b'-- Up-to-date symlink: /home/duy/cocarry_ws/install/motoman_gp4_support/share/motoman_gp4_support/package.xml\n'}
[0.904205] (motoman_gp4_support) StdoutLine: {'line': b'-- Up-to-date symlink: /home/duy/cocarry_ws/install/motoman_gp4_support/share/motoman_gp4_support/config/opw_parameters_gp4.yaml\n'}
[0.904734] (motoman_gp4_support) StdoutLine: {'line': b'-- Up-to-date symlink: /home/duy/cocarry_ws/install/motoman_gp4_support/share/motoman_gp4_support/launch/view_gp4.launch.xml\n'}
[0.905541] (motoman_gp4_support) StdoutLine: {'line': b'-- Up-to-date symlink: /home/duy/cocarry_ws/install/motoman_gp4_support/share/motoman_gp4_support/meshes/gp4/collision/base_link.stl\n'}
[0.905772] (motoman_gp4_support) StdoutLine: {'line': b'-- Up-to-date symlink: /home/duy/cocarry_ws/install/motoman_gp4_support/share/motoman_gp4_support/meshes/gp4/collision/link_1_s.stl\n'}
[0.906064] (motoman_gp4_support) StdoutLine: {'line': b'-- Up-to-date symlink: /home/duy/cocarry_ws/install/motoman_gp4_support/share/motoman_gp4_support/meshes/gp4/collision/link_2_l.stl\n'}
[0.906388] (motoman_gp4_support) StdoutLine: {'line': b'-- Up-to-date symlink: /home/duy/cocarry_ws/install/motoman_gp4_support/share/motoman_gp4_support/meshes/gp4/collision/link_3_u.stl\n'}
[0.906795] (motoman_gp4_support) StdoutLine: {'line': b'-- Up-to-date symlink: /home/duy/cocarry_ws/install/motoman_gp4_support/share/motoman_gp4_support/meshes/gp4/collision/link_4_r.stl\n'}
[0.907252] (motoman_gp4_support) StdoutLine: {'line': b'-- Up-to-date symlink: /home/duy/cocarry_ws/install/motoman_gp4_support/share/motoman_gp4_support/meshes/gp4/collision/link_5_b.stl\n'}
[0.907652] (motoman_gp4_support) StdoutLine: {'line': b'-- Up-to-date symlink: /home/duy/cocarry_ws/install/motoman_gp4_support/share/motoman_gp4_support/meshes/gp4/collision/link_6_t.stl\n'}
[0.908096] (motoman_gp4_support) StdoutLine: {'line': b'-- Up-to-date symlink: /home/duy/cocarry_ws/install/motoman_gp4_support/share/motoman_gp4_support/meshes/gp4/visual/base_link.dae\n'}
[0.908543] (motoman_gp4_support) StdoutLine: {'line': b'-- Up-to-date symlink: /home/duy/cocarry_ws/install/motoman_gp4_support/share/motoman_gp4_support/meshes/gp4/visual/link_1_s.dae\n'}
[0.908969] (motoman_gp4_support) StdoutLine: {'line': b'-- Up-to-date symlink: /home/duy/cocarry_ws/install/motoman_gp4_support/share/motoman_gp4_support/meshes/gp4/visual/link_2_l.dae\n'}
[0.909376] (motoman_gp4_support) StdoutLine: {'line': b'-- Up-to-date symlink: /home/duy/cocarry_ws/install/motoman_gp4_support/share/motoman_gp4_support/meshes/gp4/visual/link_3_u.dae\n'}
[0.909781] (motoman_gp4_support) StdoutLine: {'line': b'-- Up-to-date symlink: /home/duy/cocarry_ws/install/motoman_gp4_support/share/motoman_gp4_support/meshes/gp4/visual/link_4_r.dae\n'}
[0.910135] (motoman_gp4_support) StdoutLine: {'line': b'-- Up-to-date symlink: /home/duy/cocarry_ws/install/motoman_gp4_support/share/motoman_gp4_support/meshes/gp4/visual/link_5_b.dae\n'}
[0.910483] (motoman_gp4_support) StdoutLine: {'line': b'-- Up-to-date symlink: /home/duy/cocarry_ws/install/motoman_gp4_support/share/motoman_gp4_support/meshes/gp4/visual/link_6_t.dae\n'}
[0.911056] (motoman_gp4_support) StdoutLine: {'line': b'-- Up-to-date symlink: /home/duy/cocarry_ws/install/motoman_gp4_support/share/motoman_gp4_support/urdf/gp4.urdf\n'}
[0.911387] (motoman_gp4_support) StdoutLine: {'line': b'-- Up-to-date symlink: /home/duy/cocarry_ws/install/motoman_gp4_support/share/motoman_gp4_support/urdf/gp4.xacro\n'}
[0.911709] (motoman_gp4_support) StdoutLine: {'line': b'-- Up-to-date symlink: /home/duy/cocarry_ws/install/motoman_gp4_support/share/motoman_gp4_support/urdf/gp4_macro.xacro\n'}
[0.911864] (motoman_hc10dtp_support) StdoutLine: {'line': b'-- Install configuration: ""\n'}
[0.912923] (motoman_hc10dtp_support) StdoutLine: {'line': b'-- Execute custom install script\n'}
[0.913696] (motoman_hc10dtp_support) StdoutLine: {'line': b'-- Up-to-date symlink: /home/duy/cocarry_ws/install/motoman_hc10dtp_support/share/ament_index/resource_index/package_run_dependencies/motoman_hc10dtp_support\n'}
[0.914604] (motoman_hc10dtp_support) StdoutLine: {'line': b'-- Up-to-date symlink: /home/duy/cocarry_ws/install/motoman_hc10dtp_support/share/ament_index/resource_index/parent_prefix_path/motoman_hc10dtp_support\n'}
[0.915091] (motoman_gp4_support) CommandEnded: {'returncode': 0}
[0.916821] (motoman_hc10dtp_support) StdoutLine: {'line': b'-- Up-to-date symlink: /home/duy/cocarry_ws/install/motoman_hc10dtp_support/share/motoman_hc10dtp_support/environment/ament_prefix_path.sh\n'}
[0.917026] (motoman_hc10dtp_support) StdoutLine: {'line': b'-- Up-to-date symlink: /home/duy/cocarry_ws/install/motoman_hc10dtp_support/share/motoman_hc10dtp_support/environment/ament_prefix_path.dsv\n'}
[0.917145] (motoman_hc10dtp_support) StdoutLine: {'line': b'-- Up-to-date symlink: /home/duy/cocarry_ws/install/motoman_hc10dtp_support/share/motoman_hc10dtp_support/environment/path.sh\n'}
[0.917249] (motoman_hc10dtp_support) StdoutLine: {'line': b'-- Up-to-date symlink: /home/duy/cocarry_ws/install/motoman_hc10dtp_support/share/motoman_hc10dtp_support/environment/path.dsv\n'}
[0.917441] (motoman_hc10dtp_support) StdoutLine: {'line': b'-- Up-to-date symlink: /home/duy/cocarry_ws/install/motoman_hc10dtp_support/share/motoman_hc10dtp_support/local_setup.bash\n'}
[0.917541] (motoman_hc10dtp_support) StdoutLine: {'line': b'-- Up-to-date symlink: /home/duy/cocarry_ws/install/motoman_hc10dtp_support/share/motoman_hc10dtp_support/local_setup.sh\n'}
[0.918122] (motoman_hc10dtp_support) StdoutLine: {'line': b'-- Up-to-date symlink: /home/duy/cocarry_ws/install/motoman_hc10dtp_support/share/motoman_hc10dtp_support/local_setup.zsh\n'}
[0.918528] (motoman_hc10dtp_support) StdoutLine: {'line': b'-- Up-to-date symlink: /home/duy/cocarry_ws/install/motoman_hc10dtp_support/share/motoman_hc10dtp_support/local_setup.dsv\n'}
[0.918694] (motoman_hc10dtp_support) StdoutLine: {'line': b'-- Symlinking: /home/duy/cocarry_ws/install/motoman_hc10dtp_support/share/motoman_hc10dtp_support/package.dsv\n'}
[0.936209] (motoman_hc10dtp_support) StdoutLine: {'line': b'-- Up-to-date symlink: /home/duy/cocarry_ws/install/motoman_hc10dtp_support/share/ament_index/resource_index/packages/motoman_hc10dtp_support\n'}
[0.937406] (motoman_hc10dtp_support) StdoutLine: {'line': b'-- Up-to-date symlink: /home/duy/cocarry_ws/install/motoman_hc10dtp_support/share/motoman_hc10dtp_support/cmake/motoman_hc10dtp_supportConfig.cmake\n'}
[0.940570] (motoman_hc10dtp_support) StdoutLine: {'line': b'-- Up-to-date symlink: /home/duy/cocarry_ws/install/motoman_hc10dtp_support/share/motoman_hc10dtp_support/cmake/motoman_hc10dtp_supportConfig-version.cmake\n'}
[0.941079] (motoman_hc10dtp_support) StdoutLine: {'line': b'-- Up-to-date symlink: /home/duy/cocarry_ws/install/motoman_hc10dtp_support/share/motoman_hc10dtp_support/package.xml\n'}
[0.942217] (motoman_hc10dtp_support) StdoutLine: {'line': b'-- Up-to-date symlink: /home/duy/cocarry_ws/install/motoman_hc10dtp_support/share/motoman_hc10dtp_support/config/opw_parameters_hc10dtp.yaml\n'}
[0.942465] (motoman_hc10dtp_support) StdoutLine: {'line': b'-- Up-to-date symlink: /home/duy/cocarry_ws/install/motoman_hc10dtp_support/share/motoman_hc10dtp_support/launch/view_hc10dtp.launch.xml\n'}
[0.942748] (motoman_hc10dtp_support) StdoutLine: {'line': b'-- Up-to-date symlink: /home/duy/cocarry_ws/install/motoman_hc10dtp_support/share/motoman_hc10dtp_support/meshes/hc10dtp/collision/base_link.stl\n'}
[0.943025] (motoman_hc10dtp_support) StdoutLine: {'line': b'-- Up-to-date symlink: /home/duy/cocarry_ws/install/motoman_hc10dtp_support/share/motoman_hc10dtp_support/meshes/hc10dtp/collision/link_1_s.stl\n'}
[0.943223] (motoman_hc10dtp_support) StdoutLine: {'line': b'-- Up-to-date symlink: /home/duy/cocarry_ws/install/motoman_hc10dtp_support/share/motoman_hc10dtp_support/meshes/hc10dtp/collision/link_2_l.stl\n'}
[0.943900] (motoman_hc10dtp_support) StdoutLine: {'line': b'-- Up-to-date symlink: /home/duy/cocarry_ws/install/motoman_hc10dtp_support/share/motoman_hc10dtp_support/meshes/hc10dtp/collision/link_3_u.stl\n'}
[0.944070] (motoman_hc10dtp_support) StdoutLine: {'line': b'-- Up-to-date symlink: /home/duy/cocarry_ws/install/motoman_hc10dtp_support/share/motoman_hc10dtp_support/meshes/hc10dtp/collision/link_4_r.stl\n'}
[0.944300] (motoman_hc10dtp_support) StdoutLine: {'line': b'-- Up-to-date symlink: /home/duy/cocarry_ws/install/motoman_hc10dtp_support/share/motoman_hc10dtp_support/meshes/hc10dtp/collision/link_5_b.stl\n'}
[0.944711] (motoman_hc10dtp_support) StdoutLine: {'line': b'-- Up-to-date symlink: /home/duy/cocarry_ws/install/motoman_hc10dtp_support/share/motoman_hc10dtp_support/meshes/hc10dtp/collision/link_6_t.stl\n'}
[0.944846] (motoman_hc10dtp_support) StdoutLine: {'line': b'-- Up-to-date symlink: /home/duy/cocarry_ws/install/motoman_hc10dtp_support/share/motoman_hc10dtp_support/meshes/hc10dtp/visual/base_link.dae\n'}
[0.945498] (motoman_hc10dtp_support) StdoutLine: {'line': b'-- Up-to-date symlink: /home/duy/cocarry_ws/install/motoman_hc10dtp_support/share/motoman_hc10dtp_support/meshes/hc10dtp/visual/link_1_s.dae\n'}
[0.945706] (motoman_hc10dtp_support) StdoutLine: {'line': b'-- Up-to-date symlink: /home/duy/cocarry_ws/install/motoman_hc10dtp_support/share/motoman_hc10dtp_support/meshes/hc10dtp/visual/link_2_l.dae\n'}
[0.945836] (motoman_hc10dtp_support) StdoutLine: {'line': b'-- Up-to-date symlink: /home/duy/cocarry_ws/install/motoman_hc10dtp_support/share/motoman_hc10dtp_support/meshes/hc10dtp/visual/link_3_u.dae\n'}
[0.946126] (motoman_hc10dtp_support) StdoutLine: {'line': b'-- Up-to-date symlink: /home/duy/cocarry_ws/install/motoman_hc10dtp_support/share/motoman_hc10dtp_support/meshes/hc10dtp/visual/link_4_r.dae\n'}
[0.946585] (motoman_hc10dtp_support) StdoutLine: {'line': b'-- Up-to-date symlink: /home/duy/cocarry_ws/install/motoman_hc10dtp_support/share/motoman_hc10dtp_support/meshes/hc10dtp/visual/link_5_b.dae\n'}
[0.946783] (motoman_hc10dtp_support) StdoutLine: {'line': b'-- Up-to-date symlink: /home/duy/cocarry_ws/install/motoman_hc10dtp_support/share/motoman_hc10dtp_support/meshes/hc10dtp/visual/link_6_t.dae\n'}
[0.947426] (trac_ik_lib) StdoutLine: {'line': b'\x1b[35m\x1b[1mConsolidate compiler generated dependencies of target trac_ik_lib\x1b[0m\n'}
[0.947695] (motoman_hc10dtp_support) StdoutLine: {'line': b'-- Up-to-date symlink: /home/duy/cocarry_ws/install/motoman_hc10dtp_support/share/motoman_hc10dtp_support/urdf/hc10dtp.urdf\n'}
[0.948000] (motoman_hc10dtp_support) StdoutLine: {'line': b'-- Up-to-date symlink: /home/duy/cocarry_ws/install/motoman_hc10dtp_support/share/motoman_hc10dtp_support/urdf/hc10dtp.xacro\n'}
[0.948368] (motoman_hc10dtp_support) StdoutLine: {'line': b'-- Up-to-date symlink: /home/duy/cocarry_ws/install/motoman_hc10dtp_support/share/motoman_hc10dtp_support/urdf/hc10dtp_macro.xacro\n'}
[0.950346] (motoman_gp4_support) JobEnded: {'identifier': 'motoman_gp4_support', 'rc': 0}
[0.951891] (motoman_hc10dtp_support) CommandEnded: {'returncode': 0}
[0.979080] (motoman_hc10dtp_support) JobEnded: {'identifier': 'motoman_hc10dtp_support', 'rc': 0}
[0.981464] (hc10dtp_moveit_config) JobStarted: {'identifier': 'hc10dtp_moveit_config'}
[0.990805] (hc10dtp_moveit_config) JobProgress: {'identifier': 'hc10dtp_moveit_config', 'progress': 'cmake'}
[0.991477] (kinect2_registration) StdoutLine: {'line': b"-- Added test 'cppcheck' to perform static code analysis on C / C++ code\n"}
[0.992008] (trac_ik_lib) StdoutLine: {'line': b'[ 25%] \x1b[32mBuilding CXX object CMakeFiles/trac_ik_lib.dir/src/kdl_tl.cpp.o\x1b[0m\n'}
[0.993167] (hc10dtp_moveit_config) Command: {'cmd': ['/usr/bin/cmake', '/home/duy/cocarry_ws/src/hc10dtp_moveit_config', '-DAMENT_CMAKE_SYMLINK_INSTALL=1', '-DCMAKE_INSTALL_PREFIX=/home/duy/cocarry_ws/install/hc10dtp_moveit_config'], 'cwd': '/home/duy/cocarry_ws/build/hc10dtp_moveit_config', 'env': OrderedDict([('USER', 'duy'), ('SHLVL', '0'), ('LD_LIBRARY_PATH', '/usr/lib/x86_64-linux-gnu/gazebo-11/plugins:/opt/ros/humble/opt/rviz_ogre_vendor/lib:/opt/ros/humble/lib/x86_64-linux-gnu:/opt/ros/humble/lib'), ('HOME', '/home/duy'), ('ROS_PYTHON_VERSION', '3'), ('ROS_DISTRO', 'humble'), ('_', '/usr/bin/colcon'), ('ROS_VERSION', '2'), ('TERM', 'dumb'), ('ROS_LOCALHOST_ONLY', '0'), ('PATH', '/home/duy/.local/bin:/home/duy/.nvm/versions/node/v20.20.2/bin:/opt/ros/humble/bin:/home/duy/.local/bin:/usr/local/sbin:/usr/local/bin:/usr/sbin:/usr/bin:/sbin:/bin:/usr/games:/usr/local/games:/snap/bin:/snap/bin:/home/duy/libfreenect2/build/bin'), ('LANG', 'en_US.UTF-8'), ('TMP', '/tmp'), ('AMENT_PREFIX_PATH', '/home/duy/cocarry_ws/install/motoman_hc10dtp_support:/home/duy/cocarry_ws/install/motoman_resources:/opt/ros/humble'), ('SHELL', '/bin/bash'), ('PWD', '/home/duy/cocarry_ws/build/hc10dtp_moveit_config'), ('PYTHONPATH', '/opt/ros/humble/lib/python3.10/site-packages:/opt/ros/humble/local/lib/python3.10/dist-packages'), ('COLCON', '1'), ('CMAKE_PREFIX_PATH', '/home/duy/cocarry_ws/install/motoman_hc10dtp_support:/home/duy/cocarry_ws/install/motoman_resources:/opt/ros/humble')]), 'shell': False}
[0.994525] (kinect2_registration) StdoutLine: {'line': b'-- Configured cppcheck include dirs: /home/duy/cocarry_ws/src/kinect2_ros2/kinect2_registration/src/;/home/duy/cocarry_ws/src/kinect2_ros2/kinect2_registration/include/internal;/home/duy/cocarry_ws/src/kinect2_ros2/kinect2_registration/include/\n'}
[0.994716] (kinect2_registration) StdoutLine: {'line': b'-- Configured cppcheck exclude dirs and/or files: \n'}
[0.994859] (kinect2_registration) StdoutLine: {'line': b"-- Added test 'lint_cmake' to check CMake code style\n"}
[0.996620] (kinect2_registration) StdoutLine: {'line': b"-- Added test 'uncrustify' to check C / C++ code style\n"}
[0.996819] (kinect2_registration) StdoutLine: {'line': b'-- Configured uncrustify additional arguments: \n'}
[0.997273] (kinect2_registration) StdoutLine: {'line': b"-- Added test 'xmllint' to check XML markup files\n"}
[0.999231] (industrial_msgs) StdoutLine: {'line': b'-- Found ament_cmake_cppcheck: 0.12.15 (/opt/ros/humble/share/ament_cmake_cppcheck/cmake)\n'}
[0.999562] (human_hand_msgs) StdoutLine: {'line': b'-- Found ament_cmake_ros: 0.10.0 (/opt/ros/humble/share/ament_cmake_ros/cmake)\n'}
[1.000778] (-) TimerEvent: {}
[1.001188] (industrial_msgs) StdoutLine: {'line': b'-- Found ament_cmake_cpplint: 0.12.15 (/opt/ros/humble/share/ament_cmake_cpplint/cmake)\n'}
[1.002272] (industrial_msgs) StdoutLine: {'line': b'-- Found ament_cmake_uncrustify: 0.12.15 (/opt/ros/humble/share/ament_cmake_uncrustify/cmake)\n'}
[1.002892] (kinect2_registration) StdoutLine: {'line': b'-- Configuring done\n'}
[1.003669] (trac_ik_lib) StdoutLine: {'line': b'[ 50%] \x1b[32mBuilding CXX object CMakeFiles/trac_ik_lib.dir/src/nlopt_ik.cpp.o\x1b[0m\n'}
[1.004929] (industrial_msgs) StdoutLine: {'line': b'-- Found ament_cmake_ros: 0.10.0 (/opt/ros/humble/share/ament_cmake_ros/cmake)\n'}
[1.009079] (trac_ik_lib) StdoutLine: {'line': b'[ 75%] \x1b[32mBuilding CXX object CMakeFiles/trac_ik_lib.dir/src/trac_ik.cpp.o\x1b[0m\n'}
[1.014464] (hc10dtp_moveit_config) StdoutLine: {'line': b'-- Found ament_cmake: 1.3.14 (/opt/ros/humble/share/ament_cmake/cmake)\n'}
[1.023183] (kinect2_registration) StdoutLine: {'line': b'-- Generating done\n'}
[1.029048] (kinect2_registration) StdoutLine: {'line': b'-- Build files have been written to: /home/duy/cocarry_ws/build/kinect2_registration\n'}
[1.072148] (kinect2_registration) StdoutLine: {'line': b'\x1b[35m\x1b[1mConsolidate compiler generated dependencies of target kinect2_registration\x1b[0m\n'}
[1.100904] (-) TimerEvent: {}
[1.105872] (kinect2_registration) StdoutLine: {'line': b'[ 33%] \x1b[32mBuilding CXX object CMakeFiles/kinect2_registration.dir/src/kinect2_registration.cpp.o\x1b[0m\n'}
[1.106231] (kinect2_registration) StdoutLine: {'line': b'[ 66%] \x1b[32mBuilding CXX object CMakeFiles/kinect2_registration.dir/src/depth_registration_cpu.cpp.o\x1b[0m\n'}
[1.143945] (motoros2_interfaces) StdoutLine: {'line': b'-- Found ament_cmake_ros: 0.10.0 (/opt/ros/humble/share/ament_cmake_ros/cmake)\n'}
[1.201038] (-) TimerEvent: {}
[1.215032] (hc10dtp_moveit_config) StdoutLine: {'line': b'-- Override CMake install command with custom implementation using symlinks instead of copying resources\n'}
[1.301162] (-) TimerEvent: {}
[1.366622] (hc10dtp_moveit_config) StdoutLine: {'line': b'-- Configuring done\n'}
[1.372035] (hc10dtp_moveit_config) StdoutLine: {'line': b'-- Generating done\n'}
[1.374930] (hc10dtp_moveit_config) StdoutLine: {'line': b'-- Build files have been written to: /home/duy/cocarry_ws/build/hc10dtp_moveit_config\n'}
[1.378195] (hc10dtp_moveit_config) CommandEnded: {'returncode': 0}
[1.379368] (hc10dtp_moveit_config) JobProgress: {'identifier': 'hc10dtp_moveit_config', 'progress': 'build'}
[1.379931] (hc10dtp_moveit_config) Command: {'cmd': ['/usr/bin/cmake', '--build', '/home/duy/cocarry_ws/build/hc10dtp_moveit_config', '--', '-j16', '-l16'], 'cwd': '/home/duy/cocarry_ws/build/hc10dtp_moveit_config', 'env': OrderedDict([('USER', 'duy'), ('SHLVL', '0'), ('LD_LIBRARY_PATH', '/usr/lib/x86_64-linux-gnu/gazebo-11/plugins:/opt/ros/humble/opt/rviz_ogre_vendor/lib:/opt/ros/humble/lib/x86_64-linux-gnu:/opt/ros/humble/lib'), ('HOME', '/home/duy'), ('ROS_PYTHON_VERSION', '3'), ('ROS_DISTRO', 'humble'), ('_', '/usr/bin/colcon'), ('ROS_VERSION', '2'), ('TERM', 'dumb'), ('ROS_LOCALHOST_ONLY', '0'), ('PATH', '/home/duy/.local/bin:/home/duy/.nvm/versions/node/v20.20.2/bin:/opt/ros/humble/bin:/home/duy/.local/bin:/usr/local/sbin:/usr/local/bin:/usr/sbin:/usr/bin:/sbin:/bin:/usr/games:/usr/local/games:/snap/bin:/snap/bin:/home/duy/libfreenect2/build/bin'), ('LANG', 'en_US.UTF-8'), ('TMP', '/tmp'), ('AMENT_PREFIX_PATH', '/home/duy/cocarry_ws/install/motoman_hc10dtp_support:/home/duy/cocarry_ws/install/motoman_resources:/opt/ros/humble'), ('SHELL', '/bin/bash'), ('PWD', '/home/duy/cocarry_ws/build/hc10dtp_moveit_config'), ('PYTHONPATH', '/opt/ros/humble/lib/python3.10/site-packages:/opt/ros/humble/local/lib/python3.10/dist-packages'), ('COLCON', '1'), ('CMAKE_PREFIX_PATH', '/home/duy/cocarry_ws/install/motoman_hc10dtp_support:/home/duy/cocarry_ws/install/motoman_resources:/opt/ros/humble')]), 'shell': False}
[1.401281] (-) TimerEvent: {}
[1.422401] (human_hand_msgs) StdoutLine: {'line': b'-- Using all available rosidl_typesupport_c: rosidl_typesupport_fastrtps_c;rosidl_typesupport_introspection_c\n'}
[1.435882] (industrial_msgs) StdoutLine: {'line': b'-- Using all available rosidl_typesupport_c: rosidl_typesupport_fastrtps_c;rosidl_typesupport_introspection_c\n'}
[1.443513] (hc10dtp_moveit_config) CommandEnded: {'returncode': 0}
[1.444370] (hc10dtp_moveit_config) JobProgress: {'identifier': 'hc10dtp_moveit_config', 'progress': 'install'}
[1.444762] (hc10dtp_moveit_config) Command: {'cmd': ['/usr/bin/cmake', '--install', '/home/duy/cocarry_ws/build/hc10dtp_moveit_config'], 'cwd': '/home/duy/cocarry_ws/build/hc10dtp_moveit_config', 'env': OrderedDict([('USER', 'duy'), ('SHLVL', '0'), ('LD_LIBRARY_PATH', '/usr/lib/x86_64-linux-gnu/gazebo-11/plugins:/opt/ros/humble/opt/rviz_ogre_vendor/lib:/opt/ros/humble/lib/x86_64-linux-gnu:/opt/ros/humble/lib'), ('HOME', '/home/duy'), ('ROS_PYTHON_VERSION', '3'), ('ROS_DISTRO', 'humble'), ('_', '/usr/bin/colcon'), ('ROS_VERSION', '2'), ('TERM', 'dumb'), ('ROS_LOCALHOST_ONLY', '0'), ('PATH', '/home/duy/.local/bin:/home/duy/.nvm/versions/node/v20.20.2/bin:/opt/ros/humble/bin:/home/duy/.local/bin:/usr/local/sbin:/usr/local/bin:/usr/sbin:/usr/bin:/sbin:/bin:/usr/games:/usr/local/games:/snap/bin:/snap/bin:/home/duy/libfreenect2/build/bin'), ('LANG', 'en_US.UTF-8'), ('TMP', '/tmp'), ('AMENT_PREFIX_PATH', '/home/duy/cocarry_ws/install/motoman_hc10dtp_support:/home/duy/cocarry_ws/install/motoman_resources:/opt/ros/humble'), ('SHELL', '/bin/bash'), ('PWD', '/home/duy/cocarry_ws/build/hc10dtp_moveit_config'), ('PYTHONPATH', '/opt/ros/humble/lib/python3.10/site-packages:/opt/ros/humble/local/lib/python3.10/dist-packages'), ('COLCON', '1'), ('CMAKE_PREFIX_PATH', '/home/duy/cocarry_ws/install/motoman_hc10dtp_support:/home/duy/cocarry_ws/install/motoman_resources:/opt/ros/humble')]), 'shell': False}
[1.459453] (hc10dtp_moveit_config) StdoutLine: {'line': b'-- Install configuration: ""\n'}
[1.460338] (hc10dtp_moveit_config) StdoutLine: {'line': b'-- Execute custom install script\n'}
[1.460849] (hc10dtp_moveit_config) StdoutLine: {'line': b'-- Up-to-date symlink: /home/duy/cocarry_ws/install/hc10dtp_moveit_config/share/ament_index/resource_index/package_run_dependencies/hc10dtp_moveit_config\n'}
[1.461255] (hc10dtp_moveit_config) StdoutLine: {'line': b'-- Up-to-date symlink: /home/duy/cocarry_ws/install/hc10dtp_moveit_config/share/ament_index/resource_index/parent_prefix_path/hc10dtp_moveit_config\n'}
[1.461518] (hc10dtp_moveit_config) StdoutLine: {'line': b'-- Up-to-date symlink: /home/duy/cocarry_ws/install/hc10dtp_moveit_config/share/hc10dtp_moveit_config/environment/ament_prefix_path.sh\n'}
[1.461742] (hc10dtp_moveit_config) StdoutLine: {'line': b'-- Up-to-date symlink: /home/duy/cocarry_ws/install/hc10dtp_moveit_config/share/hc10dtp_moveit_config/environment/ament_prefix_path.dsv\n'}
[1.461953] (hc10dtp_moveit_config) StdoutLine: {'line': b'-- Up-to-date symlink: /home/duy/cocarry_ws/install/hc10dtp_moveit_config/share/hc10dtp_moveit_config/environment/path.sh\n'}
[1.462144] (hc10dtp_moveit_config) StdoutLine: {'line': b'-- Up-to-date symlink: /home/duy/cocarry_ws/install/hc10dtp_moveit_config/share/hc10dtp_moveit_config/environment/path.dsv\n'}
[1.462431] (hc10dtp_moveit_config) StdoutLine: {'line': b'-- Up-to-date symlink: /home/duy/cocarry_ws/install/hc10dtp_moveit_config/share/hc10dtp_moveit_config/local_setup.bash\n'}
[1.462607] (hc10dtp_moveit_config) StdoutLine: {'line': b'-- Up-to-date symlink: /home/duy/cocarry_ws/install/hc10dtp_moveit_config/share/hc10dtp_moveit_config/local_setup.sh\n'}
[1.462922] (hc10dtp_moveit_config) StdoutLine: {'line': b'-- Up-to-date symlink: /home/duy/cocarry_ws/install/hc10dtp_moveit_config/share/hc10dtp_moveit_config/local_setup.zsh\n'}
[1.463102] (hc10dtp_moveit_config) StdoutLine: {'line': b'-- Up-to-date symlink: /home/duy/cocarry_ws/install/hc10dtp_moveit_config/share/hc10dtp_moveit_config/local_setup.dsv\n'}
[1.463248] (hc10dtp_moveit_config) StdoutLine: {'line': b'-- Symlinking: /home/duy/cocarry_ws/install/hc10dtp_moveit_config/share/hc10dtp_moveit_config/package.dsv\n'}
[1.477775] (hc10dtp_moveit_config) StdoutLine: {'line': b'-- Up-to-date symlink: /home/duy/cocarry_ws/install/hc10dtp_moveit_config/share/ament_index/resource_index/packages/hc10dtp_moveit_config\n'}
[1.478089] (hc10dtp_moveit_config) StdoutLine: {'line': b'-- Up-to-date symlink: /home/duy/cocarry_ws/install/hc10dtp_moveit_config/share/hc10dtp_moveit_config/cmake/hc10dtp_moveit_configConfig.cmake\n'}
[1.478443] (hc10dtp_moveit_config) StdoutLine: {'line': b'-- Up-to-date symlink: /home/duy/cocarry_ws/install/hc10dtp_moveit_config/share/hc10dtp_moveit_config/cmake/hc10dtp_moveit_configConfig-version.cmake\n'}
[1.478928] (hc10dtp_moveit_config) StdoutLine: {'line': b'-- Up-to-date symlink: /home/duy/cocarry_ws/install/hc10dtp_moveit_config/share/hc10dtp_moveit_config/package.xml\n'}
[1.479796] (hc10dtp_moveit_config) StdoutLine: {'line': b'-- Up-to-date symlink: /home/duy/cocarry_ws/install/hc10dtp_moveit_config/share/hc10dtp_moveit_config/launch/hc10dtp_start.launch.py\n'}
[1.480782] (hc10dtp_moveit_config) StdoutLine: {'line': b'-- Up-to-date symlink: /home/duy/cocarry_ws/install/hc10dtp_moveit_config/share/hc10dtp_moveit_config/config/initial_positions.yaml\n'}
[1.481236] (hc10dtp_moveit_config) StdoutLine: {'line': b'-- Up-to-date symlink: /home/duy/cocarry_ws/install/hc10dtp_moveit_config/share/hc10dtp_moveit_config/config/joint_limits.yaml\n'}
[1.481658] (hc10dtp_moveit_config) StdoutLine: {'line': b'-- Up-to-date symlink: /home/duy/cocarry_ws/install/hc10dtp_moveit_config/share/hc10dtp_moveit_config/config/kinematics.yaml\n'}
[1.482107] (hc10dtp_moveit_config) StdoutLine: {'line': b'-- Up-to-date symlink: /home/duy/cocarry_ws/install/hc10dtp_moveit_config/share/hc10dtp_moveit_config/config/motoman_hc10dtp.ros2_control.xacro\n'}
[1.482486] (hc10dtp_moveit_config) StdoutLine: {'line': b'-- Up-to-date symlink: /home/duy/cocarry_ws/install/hc10dtp_moveit_config/share/hc10dtp_moveit_config/config/motoman_hc10dtp.srdf\n'}
[1.482890] (hc10dtp_moveit_config) StdoutLine: {'line': b'-- Up-to-date symlink: /home/duy/cocarry_ws/install/hc10dtp_moveit_config/share/hc10dtp_moveit_config/config/motoman_hc10dtp.urdf.xacro\n'}
[1.483306] (hc10dtp_moveit_config) StdoutLine: {'line': b'-- Up-to-date symlink: /home/duy/cocarry_ws/install/hc10dtp_moveit_config/share/hc10dtp_moveit_config/config/moveit.rviz\n'}
[1.483577] (hc10dtp_moveit_config) StdoutLine: {'line': b'-- Up-to-date symlink: /home/duy/cocarry_ws/install/hc10dtp_moveit_config/share/hc10dtp_moveit_config/config/moveit_controllers.yaml\n'}
[1.483835] (hc10dtp_moveit_config) StdoutLine: {'line': b'-- Up-to-date symlink: /home/duy/cocarry_ws/install/hc10dtp_moveit_config/share/hc10dtp_moveit_config/config/pilz_cartesian_limits.yaml\n'}
[1.484136] (hc10dtp_moveit_config) StdoutLine: {'line': b'-- Up-to-date symlink: /home/duy/cocarry_ws/install/hc10dtp_moveit_config/share/hc10dtp_moveit_config/config/ros2_controllers.yaml\n'}
[1.484586] (hc10dtp_moveit_config) StdoutLine: {'line': b'-- Up-to-date symlink: /home/duy/cocarry_ws/install/hc10dtp_moveit_config/share/hc10dtp_moveit_config/.setup_assistant\n'}
[1.487788] (hc10dtp_moveit_config) CommandEnded: {'returncode': 0}
[1.501383] (-) TimerEvent: {}
[1.511298] (hc10dtp_moveit_config) JobEnded: {'identifier': 'hc10dtp_moveit_config', 'rc': 0}
[1.512932] (hc10dtp_bringup) JobStarted: {'identifier': 'hc10dtp_bringup'}
[1.524211] (hc10dtp_bringup) JobProgress: {'identifier': 'hc10dtp_bringup', 'progress': 'cmake'}
[1.525154] (hc10dtp_bringup) JobProgress: {'identifier': 'hc10dtp_bringup', 'progress': 'build'}
[1.525404] (hc10dtp_bringup) Command: {'cmd': ['/usr/bin/cmake', '--build', '/home/duy/cocarry_ws/build/hc10dtp_bringup', '--', '-j16', '-l16'], 'cwd': '/home/duy/cocarry_ws/build/hc10dtp_bringup', 'env': OrderedDict([('USER', 'duy'), ('SHLVL', '0'), ('LD_LIBRARY_PATH', '/usr/lib/x86_64-linux-gnu/gazebo-11/plugins:/opt/ros/humble/opt/rviz_ogre_vendor/lib:/opt/ros/humble/lib/x86_64-linux-gnu:/opt/ros/humble/lib'), ('HOME', '/home/duy'), ('ROS_PYTHON_VERSION', '3'), ('ROS_DISTRO', 'humble'), ('_', '/usr/bin/colcon'), ('ROS_VERSION', '2'), ('TERM', 'dumb'), ('ROS_LOCALHOST_ONLY', '0'), ('PATH', '/home/duy/.local/bin:/home/duy/.nvm/versions/node/v20.20.2/bin:/opt/ros/humble/bin:/home/duy/.local/bin:/usr/local/sbin:/usr/local/bin:/usr/sbin:/usr/bin:/sbin:/bin:/usr/games:/usr/local/games:/snap/bin:/snap/bin:/home/duy/libfreenect2/build/bin'), ('LANG', 'en_US.UTF-8'), ('TMP', '/tmp'), ('AMENT_PREFIX_PATH', '/home/duy/cocarry_ws/install/hc10dtp_moveit_config:/home/duy/cocarry_ws/install/motoman_hc10dtp_support:/home/duy/cocarry_ws/install/motoman_resources:/opt/ros/humble'), ('SHELL', '/bin/bash'), ('PWD', '/home/duy/cocarry_ws/build/hc10dtp_bringup'), ('PYTHONPATH', '/opt/ros/humble/lib/python3.10/site-packages:/opt/ros/humble/local/lib/python3.10/dist-packages'), ('COLCON', '1'), ('CMAKE_PREFIX_PATH', '/home/duy/cocarry_ws/install/hc10dtp_moveit_config:/home/duy/cocarry_ws/install/motoman_hc10dtp_support:/home/duy/cocarry_ws/install/motoman_resources:/opt/ros/humble')]), 'shell': False}
[1.595055] (hc10dtp_bringup) CommandEnded: {'returncode': 0}
[1.596155] (hc10dtp_bringup) JobProgress: {'identifier': 'hc10dtp_bringup', 'progress': 'install'}
[1.596867] (hc10dtp_bringup) Command: {'cmd': ['/usr/bin/cmake', '--install', '/home/duy/cocarry_ws/build/hc10dtp_bringup'], 'cwd': '/home/duy/cocarry_ws/build/hc10dtp_bringup', 'env': OrderedDict([('USER', 'duy'), ('SHLVL', '0'), ('LD_LIBRARY_PATH', '/usr/lib/x86_64-linux-gnu/gazebo-11/plugins:/opt/ros/humble/opt/rviz_ogre_vendor/lib:/opt/ros/humble/lib/x86_64-linux-gnu:/opt/ros/humble/lib'), ('HOME', '/home/duy'), ('ROS_PYTHON_VERSION', '3'), ('ROS_DISTRO', 'humble'), ('_', '/usr/bin/colcon'), ('ROS_VERSION', '2'), ('TERM', 'dumb'), ('ROS_LOCALHOST_ONLY', '0'), ('PATH', '/home/duy/.local/bin:/home/duy/.nvm/versions/node/v20.20.2/bin:/opt/ros/humble/bin:/home/duy/.local/bin:/usr/local/sbin:/usr/local/bin:/usr/sbin:/usr/bin:/sbin:/bin:/usr/games:/usr/local/games:/snap/bin:/snap/bin:/home/duy/libfreenect2/build/bin'), ('LANG', 'en_US.UTF-8'), ('TMP', '/tmp'), ('AMENT_PREFIX_PATH', '/home/duy/cocarry_ws/install/hc10dtp_moveit_config:/home/duy/cocarry_ws/install/motoman_hc10dtp_support:/home/duy/cocarry_ws/install/motoman_resources:/opt/ros/humble'), ('SHELL', '/bin/bash'), ('PWD', '/home/duy/cocarry_ws/build/hc10dtp_bringup'), ('PYTHONPATH', '/opt/ros/humble/lib/python3.10/site-packages:/opt/ros/humble/local/lib/python3.10/dist-packages'), ('COLCON', '1'), ('CMAKE_PREFIX_PATH', '/home/duy/cocarry_ws/install/hc10dtp_moveit_config:/home/duy/cocarry_ws/install/motoman_hc10dtp_support:/home/duy/cocarry_ws/install/motoman_resources:/opt/ros/humble')]), 'shell': False}
[1.601537] (-) TimerEvent: {}
[1.608499] (hc10dtp_bringup) StdoutLine: {'line': b'-- Install configuration: ""\n'}
[1.609223] (hc10dtp_bringup) StdoutLine: {'line': b'-- Execute custom install script\n'}
[1.609676] (hc10dtp_bringup) StdoutLine: {'line': b'-- Up-to-date symlink: /home/duy/cocarry_ws/install/hc10dtp_bringup/lib/hc10dtp_bringup/cartesian_streamer_hc10dtp.py\n'}
[1.609999] (hc10dtp_bringup) StdoutLine: {'line': b'-- Up-to-date symlink: /home/duy/cocarry_ws/install/hc10dtp_bringup/lib/hc10dtp_bringup/restamp_joint_states.py\n'}
[1.610194] (hc10dtp_bringup) StdoutLine: {'line': b'-- Up-to-date symlink: /home/duy/cocarry_ws/install/hc10dtp_bringup/lib/hc10dtp_bringup/go_home.py\n'}
[1.610361] (hc10dtp_bringup) StdoutLine: {'line': b'-- Up-to-date symlink: /home/duy/cocarry_ws/install/hc10dtp_bringup/lib/hc10dtp_bringup/capture_home.py\n'}
[1.610527] (hc10dtp_bringup) StdoutLine: {'line': b'-- Up-to-date symlink: /home/duy/cocarry_ws/install/hc10dtp_bringup/lib/hc10dtp_bringup/test_queue_diagnostic.py\n'}
[1.610815] (hc10dtp_bringup) StdoutLine: {'line': b'-- Up-to-date symlink: /home/duy/cocarry_ws/install/hc10dtp_bringup/share/ament_index/resource_index/package_run_dependencies/hc10dtp_bringup\n'}
[1.611397] (hc10dtp_bringup) StdoutLine: {'line': b'-- Up-to-date symlink: /home/duy/cocarry_ws/install/hc10dtp_bringup/share/ament_index/resource_index/parent_prefix_path/hc10dtp_bringup\n'}
[1.611609] (hc10dtp_bringup) StdoutLine: {'line': b'-- Up-to-date symlink: /home/duy/cocarry_ws/install/hc10dtp_bringup/share/hc10dtp_bringup/environment/ament_prefix_path.sh\n'}
[1.611770] (hc10dtp_bringup) StdoutLine: {'line': b'-- Up-to-date symlink: /home/duy/cocarry_ws/install/hc10dtp_bringup/share/hc10dtp_bringup/environment/ament_prefix_path.dsv\n'}
[1.611939] (hc10dtp_bringup) StdoutLine: {'line': b'-- Up-to-date symlink: /home/duy/cocarry_ws/install/hc10dtp_bringup/share/hc10dtp_bringup/environment/path.sh\n'}
[1.612116] (hc10dtp_bringup) StdoutLine: {'line': b'-- Up-to-date symlink: /home/duy/cocarry_ws/install/hc10dtp_bringup/share/hc10dtp_bringup/environment/path.dsv\n'}
[1.612541] (hc10dtp_bringup) StdoutLine: {'line': b'-- Up-to-date symlink: /home/duy/cocarry_ws/install/hc10dtp_bringup/share/hc10dtp_bringup/local_setup.bash\n'}
[1.612910] (hc10dtp_bringup) StdoutLine: {'line': b'-- Up-to-date symlink: /home/duy/cocarry_ws/install/hc10dtp_bringup/share/hc10dtp_bringup/local_setup.sh\n'}
[1.613484] (hc10dtp_bringup) StdoutLine: {'line': b'-- Up-to-date symlink: /home/duy/cocarry_ws/install/hc10dtp_bringup/share/hc10dtp_bringup/local_setup.zsh\n'}
[1.613790] (hc10dtp_bringup) StdoutLine: {'line': b'-- Up-to-date symlink: /home/duy/cocarry_ws/install/hc10dtp_bringup/share/hc10dtp_bringup/local_setup.dsv\n'}
[1.614020] (hc10dtp_bringup) StdoutLine: {'line': b'-- Symlinking: /home/duy/cocarry_ws/install/hc10dtp_bringup/share/hc10dtp_bringup/package.dsv\n'}
[1.630070] (hc10dtp_bringup) StdoutLine: {'line': b'-- Up-to-date symlink: /home/duy/cocarry_ws/install/hc10dtp_bringup/share/ament_index/resource_index/packages/hc10dtp_bringup\n'}
[1.630390] (hc10dtp_bringup) StdoutLine: {'line': b'-- Up-to-date symlink: /home/duy/cocarry_ws/install/hc10dtp_bringup/share/hc10dtp_bringup/cmake/hc10dtp_bringupConfig.cmake\n'}
[1.630704] (hc10dtp_bringup) StdoutLine: {'line': b'-- Up-to-date symlink: /home/duy/cocarry_ws/install/hc10dtp_bringup/share/hc10dtp_bringup/cmake/hc10dtp_bringupConfig-version.cmake\n'}
[1.630904] (hc10dtp_bringup) StdoutLine: {'line': b'-- Up-to-date symlink: /home/duy/cocarry_ws/install/hc10dtp_bringup/share/hc10dtp_bringup/package.xml\n'}
[1.635260] (hc10dtp_bringup) CommandEnded: {'returncode': 0}
[1.665454] (hc10dtp_bringup) JobEnded: {'identifier': 'hc10dtp_bringup', 'rc': 0}
[1.701637] (-) TimerEvent: {}
[1.708691] (kinect2_registration) StderrLine: {'line': b'/home/duy/cocarry_ws/src/kinect2_ros2/kinect2_registration/src/depth_registration_cpu.cpp:119: warning: ignoring \xe2\x80\x98#pragma omp parallel\xe2\x80\x99 [-Wunknown-pragmas]\n'}
[1.709024] (kinect2_registration) StderrLine: {'line': b'  119 | #pragma omp parallel for\n'}
[1.709147] (kinect2_registration) StderrLine: {'line': b'      | \n'}
[1.709236] (kinect2_registration) StderrLine: {'line': b'/home/duy/cocarry_ws/src/kinect2_ros2/kinect2_registration/src/depth_registration_cpu.cpp:136: warning: ignoring \xe2\x80\x98#pragma omp parallel\xe2\x80\x99 [-Wunknown-pragmas]\n'}
[1.709317] (kinect2_registration) StderrLine: {'line': b'  136 | #pragma omp parallel for\n'}
[1.709393] (kinect2_registration) StderrLine: {'line': b'      | \n'}
[1.804147] (-) TimerEvent: {}
[1.904649] (-) TimerEvent: {}
[1.946672] (motoros2_interfaces) StdoutLine: {'line': b'-- Using all available rosidl_typesupport_c: rosidl_typesupport_fastrtps_c;rosidl_typesupport_introspection_c\n'}
[1.946983] (industrial_msgs) StdoutLine: {'line': b'-- Using all available rosidl_typesupport_cpp: rosidl_typesupport_fastrtps_cpp;rosidl_typesupport_introspection_cpp\n'}
[1.961458] (human_hand_msgs) StdoutLine: {'line': b'-- Using all available rosidl_typesupport_cpp: rosidl_typesupport_fastrtps_cpp;rosidl_typesupport_introspection_cpp\n'}
[1.987029] (industrial_msgs) StdoutLine: {'line': b'-- Found python_cmake_module: 0.10.0 (/opt/ros/humble/share/python_cmake_module/cmake)\n'}
[2.004888] (-) TimerEvent: {}
[2.010915] (human_hand_msgs) StdoutLine: {'line': b'-- Found python_cmake_module: 0.10.0 (/opt/ros/humble/share/python_cmake_module/cmake)\n'}
[2.023472] (industrial_msgs) StdoutLine: {'line': b'-- Using PYTHON_EXECUTABLE: /usr/bin/python3\n'}
[2.023688] (industrial_msgs) StdoutLine: {'line': b'-- Using PYTHON_INCLUDE_DIRS: /usr/include/python3.10\n'}
[2.023749] (industrial_msgs) StdoutLine: {'line': b'-- Using PYTHON_LIBRARIES: /usr/lib/x86_64-linux-gnu/libpython3.10.so\n'}
[2.060793] (human_hand_msgs) StdoutLine: {'line': b'-- Using PYTHON_EXECUTABLE: /usr/bin/python3\n'}
[2.060991] (human_hand_msgs) StdoutLine: {'line': b'-- Using PYTHON_INCLUDE_DIRS: /usr/include/python3.10\n'}
[2.061057] (human_hand_msgs) StdoutLine: {'line': b'-- Using PYTHON_LIBRARIES: /usr/lib/x86_64-linux-gnu/libpython3.10.so\n'}
[2.087525] (industrial_msgs) StdoutLine: {'line': b'-- Found ament_cmake_flake8: 0.12.15 (/opt/ros/humble/share/ament_cmake_flake8/cmake)\n'}
[2.089017] (industrial_msgs) StdoutLine: {'line': b'-- Found ament_cmake_pep257: 0.12.15 (/opt/ros/humble/share/ament_cmake_pep257/cmake)\n'}
[2.104994] (-) TimerEvent: {}
[2.205866] (-) TimerEvent: {}
[2.220941] (human_hand_msgs) StdoutLine: {'line': b'-- Configuring done\n'}
[2.246197] (industrial_msgs) StdoutLine: {'line': b'-- Found ament_lint_auto: 0.12.15 (/opt/ros/humble/share/ament_lint_auto/cmake)\n'}
[2.250143] (motoros2_interfaces) StdoutLine: {'line': b'-- Using all available rosidl_typesupport_cpp: rosidl_typesupport_fastrtps_cpp;rosidl_typesupport_introspection_cpp\n'}
[2.274209] (industrial_msgs) StdoutLine: {'line': b"-- Added test 'copyright' to check source files copyright and LICENSE\n"}
[2.275073] (industrial_msgs) StdoutLine: {'line': b"-- Added test 'lint_cmake' to check CMake code style\n"}
[2.275837] (industrial_msgs) StdoutLine: {'line': b"-- Added test 'xmllint' to check XML markup files\n"}
[2.284469] (industrial_msgs) StdoutLine: {'line': b'-- Configuring done\n'}
[2.285656] (human_hand_msgs) StdoutLine: {'line': b'-- Generating done\n'}
[2.297774] (motoros2_interfaces) StdoutLine: {'line': b'-- Found python_cmake_module: 0.10.0 (/opt/ros/humble/share/python_cmake_module/cmake)\n'}
[2.303251] (human_hand_msgs) StdoutLine: {'line': b'-- Build files have been written to: /home/duy/cocarry_ws/build/human_hand_msgs\n'}
[2.305952] (-) TimerEvent: {}
[2.340990] (motoros2_interfaces) StdoutLine: {'line': b'-- Using PYTHON_EXECUTABLE: /usr/bin/python3\n'}
[2.341375] (motoros2_interfaces) StdoutLine: {'line': b'-- Using PYTHON_INCLUDE_DIRS: /usr/include/python3.10\n'}
[2.341538] (motoros2_interfaces) StdoutLine: {'line': b'-- Using PYTHON_LIBRARIES: /usr/lib/x86_64-linux-gnu/libpython3.10.so\n'}
[2.347799] (human_hand_msgs) StdoutLine: {'line': b'\x1b[35m\x1b[1mConsolidate compiler generated dependencies of target human_hand_msgs__rosidl_generator_c\x1b[0m\n'}
[2.354066] (human_hand_msgs) StdoutLine: {'line': b'[  1%] Built target human_hand_msgs__cpp\n'}
[2.354349] (human_hand_msgs) StdoutLine: {'line': b'[  3%] Built target human_hand_msgs__rs\n'}
[2.374966] (human_hand_msgs) StdoutLine: {'line': b'[ 14%] Built target human_hand_msgs__rosidl_generator_c\n'}
[2.377423] (industrial_msgs) StdoutLine: {'line': b'-- Generating done\n'}
[2.378674] (human_hand_msgs) StdoutLine: {'line': b'\x1b[35m\x1b[1mConsolidate compiler generated dependencies of target human_hand_msgs__rosidl_typesupport_introspection_cpp\x1b[0m\n'}
[2.380752] (human_hand_msgs) StdoutLine: {'line': b'\x1b[35m\x1b[1mConsolidate compiler generated dependencies of target human_hand_msgs__rosidl_typesupport_fastrtps_cpp\x1b[0m\n'}
[2.382218] (human_hand_msgs) StdoutLine: {'line': b'[ 14%] Built target ament_cmake_python_copy_human_hand_msgs\n'}
[2.389420] (human_hand_msgs) StdoutLine: {'line': b'\x1b[35m\x1b[1mConsolidate compiler generated dependencies of target human_hand_msgs__rosidl_typesupport_cpp\x1b[0m\n'}
[2.392158] (human_hand_msgs) StdoutLine: {'line': b'\x1b[35m\x1b[1mConsolidate compiler generated dependencies of target human_hand_msgs__rosidl_typesupport_introspection_c\x1b[0m\n'}
[2.392596] (human_hand_msgs) StdoutLine: {'line': b'\x1b[35m\x1b[1mConsolidate compiler generated dependencies of target human_hand_msgs__rosidl_typesupport_c\x1b[0m\n'}
[2.394443] (human_hand_msgs) StdoutLine: {'line': b'\x1b[35m\x1b[1mConsolidate compiler generated dependencies of target human_hand_msgs__rosidl_typesupport_fastrtps_c\x1b[0m\n'}
[2.404700] (industrial_msgs) StdoutLine: {'line': b'-- Build files have been written to: /home/duy/cocarry_ws/build/industrial_msgs\n'}
[2.407190] (-) TimerEvent: {}
[2.421151] (human_hand_msgs) StdoutLine: {'line': b'[ 16%] \x1b[32mBuilding CXX object CMakeFiles/human_hand_msgs__rosidl_typesupport_introspection_cpp.dir/rosidl_typesupport_introspection_cpp/human_hand_msgs/msg/detail/hand_state__type_support.cpp.o\x1b[0m\n'}
[2.428332] (human_hand_msgs) StdoutLine: {'line': b'[ 17%] \x1b[32mBuilding CXX object CMakeFiles/human_hand_msgs__rosidl_typesupport_introspection_cpp.dir/rosidl_typesupport_introspection_cpp/human_hand_msgs/msg/detail/hand_prediction__type_support.cpp.o\x1b[0m\n'}
[2.430702] (human_hand_msgs) StdoutLine: {'line': b'[ 19%] \x1b[32mBuilding CXX object CMakeFiles/human_hand_msgs__rosidl_typesupport_fastrtps_cpp.dir/rosidl_typesupport_fastrtps_cpp/human_hand_msgs/msg/detail/dds_fastrtps/hand_state__type_support.cpp.o\x1b[0m\n'}
[2.437551] (human_hand_msgs) StdoutLine: {'line': b'[ 30%] Built target human_hand_msgs__rosidl_typesupport_introspection_c\n'}
[2.438621] (human_hand_msgs) StdoutLine: {'line': b'[ 32%] \x1b[32mBuilding CXX object CMakeFiles/human_hand_msgs__rosidl_typesupport_fastrtps_cpp.dir/rosidl_typesupport_fastrtps_cpp/human_hand_msgs/msg/detail/dds_fastrtps/hand_prediction__type_support.cpp.o\x1b[0m\n'}
[2.439636] (human_hand_msgs) StdoutLine: {'line': b'[ 33%] \x1b[32mBuilding CXX object CMakeFiles/human_hand_msgs__rosidl_typesupport_introspection_cpp.dir/rosidl_typesupport_introspection_cpp/human_hand_msgs/srv/detail/select_model__type_support.cpp.o\x1b[0m\n'}
[2.443505] (human_hand_msgs) StdoutLine: {'line': b'[ 35%] \x1b[32mBuilding CXX object CMakeFiles/human_hand_msgs__rosidl_typesupport_introspection_cpp.dir/rosidl_typesupport_introspection_cpp/human_hand_msgs/msg/detail/system_status__type_support.cpp.o\x1b[0m\n'}
[2.443966] (human_hand_msgs) StdoutLine: {'line': b'[ 46%] Built target human_hand_msgs__rosidl_typesupport_c\n'}
[2.446624] (human_hand_msgs) StdoutLine: {'line': b'[ 48%] \x1b[32mBuilding CXX object CMakeFiles/human_hand_msgs__rosidl_typesupport_fastrtps_cpp.dir/rosidl_typesupport_fastrtps_cpp/human_hand_msgs/srv/detail/dds_fastrtps/select_model__type_support.cpp.o\x1b[0m\n'}
[2.446892] (human_hand_msgs) StdoutLine: {'line': b'[ 50%] \x1b[32mBuilding CXX object CMakeFiles/human_hand_msgs__rosidl_typesupport_fastrtps_cpp.dir/rosidl_typesupport_fastrtps_cpp/human_hand_msgs/msg/detail/dds_fastrtps/system_status__type_support.cpp.o\x1b[0m\n'}
[2.449614] (human_hand_msgs) StdoutLine: {'line': b'[ 51%] \x1b[32mBuilding CXX object CMakeFiles/human_hand_msgs__rosidl_typesupport_cpp.dir/rosidl_typesupport_cpp/human_hand_msgs/msg/system_status__type_support.cpp.o\x1b[0m\n'}
[2.453227] (human_hand_msgs) StdoutLine: {'line': b'[ 55%] \x1b[32mBuilding CXX object CMakeFiles/human_hand_msgs__rosidl_typesupport_cpp.dir/rosidl_typesupport_cpp/human_hand_msgs/srv/select_model__type_support.cpp.o\x1b[0m\n'}
[2.453600] (human_hand_msgs) StdoutLine: {'line': b'[ 55%] \x1b[32mBuilding CXX object CMakeFiles/human_hand_msgs__rosidl_typesupport_cpp.dir/rosidl_typesupport_cpp/human_hand_msgs/msg/hand_prediction__type_support.cpp.o\x1b[0m\n'}
[2.463338] (human_hand_msgs) StdoutLine: {'line': b'[ 57%] \x1b[32mBuilding CXX object CMakeFiles/human_hand_msgs__rosidl_typesupport_cpp.dir/rosidl_typesupport_cpp/human_hand_msgs/msg/hand_state__type_support.cpp.o\x1b[0m\n'}
[2.467291] (human_hand_msgs) StdoutLine: {'line': b'[ 58%] \x1b[32mBuilding CXX object CMakeFiles/human_hand_msgs__rosidl_typesupport_fastrtps_c.dir/rosidl_typesupport_fastrtps_c/human_hand_msgs/msg/detail/hand_state__type_support_c.cpp.o\x1b[0m\n'}
[2.475294] (human_hand_msgs) StdoutLine: {'line': b'[ 60%] \x1b[32mBuilding CXX object CMakeFiles/human_hand_msgs__rosidl_typesupport_fastrtps_c.dir/rosidl_typesupport_fastrtps_c/human_hand_msgs/msg/detail/system_status__type_support_c.cpp.o\x1b[0m\n'}
[2.487157] (human_hand_msgs) StdoutLine: {'line': b'[ 62%] \x1b[32mBuilding CXX object CMakeFiles/human_hand_msgs__rosidl_typesupport_fastrtps_c.dir/rosidl_typesupport_fastrtps_c/human_hand_msgs/msg/detail/hand_prediction__type_support_c.cpp.o\x1b[0m\n'}
[2.507574] (-) TimerEvent: {}
[2.574100] (industrial_msgs) StdoutLine: {'line': b'\x1b[35m\x1b[1mConsolidate compiler generated dependencies of target industrial_msgs__rosidl_generator_c\x1b[0m\n'}
[2.594374] (industrial_msgs) StdoutLine: {'line': b'[  0%] Built target ament_cmake_python_symlink_industrial_msgs\n'}
[2.597482] (industrial_msgs) StdoutLine: {'line': b'[  1%] Built target industrial_msgs__rs\n'}
[2.611922] (-) TimerEvent: {}
[2.612681] (industrial_msgs) StdoutLine: {'line': b'[ 12%] Built target industrial_msgs__rosidl_generator_c\n'}
[2.652250] (industrial_msgs) StdoutLine: {'line': b'[ 13%] Built target industrial_msgs__cpp\n'}
[2.672116] (industrial_msgs) StdoutLine: {'line': b'\x1b[35m\x1b[1mConsolidate compiler generated dependencies of target industrial_msgs__rosidl_typesupport_fastrtps_c\x1b[0m\n'}
[2.672365] (industrial_msgs) StdoutLine: {'line': b'\x1b[35m\x1b[1mConsolidate compiler generated dependencies of target industrial_msgs__rosidl_typesupport_introspection_c\x1b[0m\n'}
[2.672462] (industrial_msgs) StdoutLine: {'line': b'\x1b[35m\x1b[1mConsolidate compiler generated dependencies of target industrial_msgs__rosidl_typesupport_c\x1b[0m\n'}
[2.719141] (industrial_msgs) StdoutLine: {'line': b'[ 25%] Built target industrial_msgs__rosidl_typesupport_c\n'}
[2.719510] (-) TimerEvent: {}
[2.720603] (industrial_msgs) StdoutLine: {'line': b'\x1b[35m\x1b[1mConsolidate compiler generated dependencies of target industrial_msgs__rosidl_typesupport_cpp\x1b[0m\n'}
[2.720956] (industrial_msgs) StdoutLine: {'line': b'\x1b[35m\x1b[1mConsolidate compiler generated dependencies of target industrial_msgs__rosidl_typesupport_fastrtps_cpp\x1b[0m\n'}
[2.749350] (industrial_msgs) StdoutLine: {'line': b'[ 26%] \x1b[32mBuilding CXX object CMakeFiles/industrial_msgs__rosidl_typesupport_fastrtps_c.dir/rosidl_typesupport_fastrtps_c/industrial_msgs/msg/detail/device_info__type_support_c.cpp.o\x1b[0m\n'}
[2.760758] (industrial_msgs) StdoutLine: {'line': b'\x1b[35m\x1b[1mConsolidate compiler generated dependencies of target industrial_msgs__rosidl_typesupport_introspection_cpp\x1b[0m\n'}
[2.773173] (industrial_msgs) StdoutLine: {'line': b'[ 37%] Built target industrial_msgs__rosidl_typesupport_introspection_c\n'}
[2.782285] (industrial_msgs) StdoutLine: {'line': b'[ 38%] \x1b[32mBuilding CXX object CMakeFiles/industrial_msgs__rosidl_typesupport_fastrtps_c.dir/rosidl_typesupport_fastrtps_c/industrial_msgs/msg/detail/service_return_code__type_support_c.cpp.o\x1b[0m\n'}
[2.785677] (industrial_msgs) StdoutLine: {'line': b'[ 40%] \x1b[32mBuilding CXX object CMakeFiles/industrial_msgs__rosidl_typesupport_fastrtps_c.dir/rosidl_typesupport_fastrtps_c/industrial_msgs/msg/detail/robot_status__type_support_c.cpp.o\x1b[0m\n'}
[2.802517] (industrial_msgs) StdoutLine: {'line': b'[ 43%] \x1b[32mBuilding CXX object CMakeFiles/industrial_msgs__rosidl_typesupport_fastrtps_c.dir/rosidl_typesupport_fastrtps_c/industrial_msgs/msg/detail/tri_state__type_support_c.cpp.o\x1b[0m\n'}
[2.803214] (industrial_msgs) StdoutLine: {'line': b'[ 44%] \x1b[32mBuilding CXX object CMakeFiles/industrial_msgs__rosidl_typesupport_cpp.dir/rosidl_typesupport_cpp/industrial_msgs/msg/debug_level__type_support.cpp.o\x1b[0m\n'}
[2.803550] (industrial_msgs) StdoutLine: {'line': b'[ 44%] \x1b[32mBuilding CXX object CMakeFiles/industrial_msgs__rosidl_typesupport_fastrtps_c.dir/rosidl_typesupport_fastrtps_c/industrial_msgs/msg/detail/robot_mode__type_support_c.cpp.o\x1b[0m\n'}
[2.811652] (industrial_msgs) StdoutLine: {'line': b'[ 47%] \x1b[32mBuilding CXX object CMakeFiles/industrial_msgs__rosidl_typesupport_cpp.dir/rosidl_typesupport_cpp/industrial_msgs/msg/tri_state__type_support.cpp.o\x1b[0m\n'}
[2.813091] (industrial_msgs) StdoutLine: {'line': b'[ 48%] \x1b[32mBuilding CXX object CMakeFiles/industrial_msgs__rosidl_typesupport_cpp.dir/rosidl_typesupport_cpp/industrial_msgs/msg/robot_mode__type_support.cpp.o\x1b[0m\n'}
[2.816686] (industrial_msgs) StdoutLine: {'line': b'[ 50%] \x1b[32mBuilding CXX object CMakeFiles/industrial_msgs__rosidl_typesupport_cpp.dir/rosidl_typesupport_cpp/industrial_msgs/msg/device_info__type_support.cpp.o\x1b[0m\n'}
[2.818824] (industrial_msgs) StdoutLine: {'line': b'[ 51%] \x1b[32mBuilding CXX object CMakeFiles/industrial_msgs__rosidl_typesupport_fastrtps_cpp.dir/rosidl_typesupport_fastrtps_cpp/industrial_msgs/msg/detail/dds_fastrtps/device_info__type_support.cpp.o\x1b[0m\n'}
[2.821901] (-) TimerEvent: {}
[2.827645] (industrial_msgs) StdoutLine: {'line': b'[ 51%] \x1b[32mBuilding CXX object CMakeFiles/industrial_msgs__rosidl_typesupport_fastrtps_c.dir/rosidl_typesupport_fastrtps_c/industrial_msgs/msg/detail/debug_level__type_support_c.cpp.o\x1b[0m\n'}
[2.858150] (industrial_msgs) StdoutLine: {'line': b'[ 52%] \x1b[32mBuilding CXX object CMakeFiles/industrial_msgs__rosidl_typesupport_cpp.dir/rosidl_typesupport_cpp/industrial_msgs/msg/service_return_code__type_support.cpp.o\x1b[0m\n'}
[2.866859] (industrial_msgs) StdoutLine: {'line': b'[ 54%] \x1b[32mBuilding CXX object CMakeFiles/industrial_msgs__rosidl_typesupport_fastrtps_cpp.dir/rosidl_typesupport_fastrtps_cpp/industrial_msgs/msg/detail/dds_fastrtps/debug_level__type_support.cpp.o\x1b[0m\n'}
[2.867333] (industrial_msgs) StdoutLine: {'line': b'[ 55%] \x1b[32mBuilding CXX object CMakeFiles/industrial_msgs__rosidl_typesupport_cpp.dir/rosidl_typesupport_cpp/industrial_msgs/msg/robot_status__type_support.cpp.o\x1b[0m\n'}
[2.885817] (motoros2_interfaces) StdoutLine: {'line': b"-- Added test 'copyright' to check source files copyright and LICENSE\n"}
[2.921492] (industrial_msgs) StdoutLine: {'line': b'[ 56%] \x1b[32mBuilding CXX object CMakeFiles/industrial_msgs__rosidl_typesupport_introspection_cpp.dir/rosidl_typesupport_introspection_cpp/industrial_msgs/msg/detail/debug_level__type_support.cpp.o\x1b[0m\n'}
[2.923244] (-) TimerEvent: {}
[2.949312] (motoros2_interfaces) StdoutLine: {'line': b"-- Added test 'lint_cmake' to check CMake code style\n"}
[3.003935] (motoros2_interfaces) StdoutLine: {'line': b"-- Added test 'xmllint' to check XML markup files\n"}
[3.026262] (-) TimerEvent: {}
[3.099593] (motoros2_interfaces) StdoutLine: {'line': b'-- Configuring done\n'}
[3.127862] (-) TimerEvent: {}
[3.230730] (-) TimerEvent: {}
[3.339098] (-) TimerEvent: {}
[3.441279] (-) TimerEvent: {}
[3.541900] (-) TimerEvent: {}
[3.588303] (human_hand_msgs) StdoutLine: {'line': b'[ 64%] \x1b[32mBuilding CXX object CMakeFiles/human_hand_msgs__rosidl_typesupport_fastrtps_c.dir/rosidl_typesupport_fastrtps_c/human_hand_msgs/srv/detail/select_model__type_support_c.cpp.o\x1b[0m\n'}
[3.642114] (-) TimerEvent: {}
[3.750195] (-) TimerEvent: {}
[3.851303] (-) TimerEvent: {}
[3.895278] (industrial_msgs) StdoutLine: {'line': b'[ 58%] \x1b[32mBuilding CXX object CMakeFiles/industrial_msgs__rosidl_typesupport_introspection_cpp.dir/rosidl_typesupport_introspection_cpp/industrial_msgs/msg/detail/device_info__type_support.cpp.o\x1b[0m\n'}
[3.952256] (-) TimerEvent: {}
[3.995144] (industrial_msgs) StdoutLine: {'line': b'[ 59%] \x1b[32mBuilding CXX object CMakeFiles/industrial_msgs__rosidl_typesupport_introspection_cpp.dir/rosidl_typesupport_introspection_cpp/industrial_msgs/msg/detail/robot_mode__type_support.cpp.o\x1b[0m\n'}
[4.052396] (-) TimerEvent: {}
[4.153151] (-) TimerEvent: {}
[4.174067] (motoros2_interfaces) StdoutLine: {'line': b'-- Generating done\n'}
[4.253288] (-) TimerEvent: {}
[4.354262] (-) TimerEvent: {}
[4.409259] (industrial_msgs) StdoutLine: {'line': b'[ 61%] \x1b[32mBuilding CXX object CMakeFiles/industrial_msgs__rosidl_typesupport_introspection_cpp.dir/rosidl_typesupport_introspection_cpp/industrial_msgs/msg/detail/robot_status__type_support.cpp.o\x1b[0m\n'}
[4.431472] (industrial_msgs) StdoutLine: {'line': b'[ 62%] \x1b[32mBuilding CXX object CMakeFiles/industrial_msgs__rosidl_typesupport_introspection_cpp.dir/rosidl_typesupport_introspection_cpp/industrial_msgs/msg/detail/service_return_code__type_support.cpp.o\x1b[0m\n'}
[4.441178] (motoros2_interfaces) StdoutLine: {'line': b'-- Build files have been written to: /home/duy/cocarry_ws/build/motoros2_interfaces\n'}
[4.450893] (industrial_msgs) StdoutLine: {'line': b'[ 63%] \x1b[32mBuilding CXX object CMakeFiles/industrial_msgs__rosidl_typesupport_fastrtps_cpp.dir/rosidl_typesupport_fastrtps_cpp/industrial_msgs/msg/detail/dds_fastrtps/robot_mode__type_support.cpp.o\x1b[0m\n'}
[4.456161] (-) TimerEvent: {}
[4.516058] (industrial_msgs) StdoutLine: {'line': b'[ 65%] \x1b[32mBuilding CXX object CMakeFiles/industrial_msgs__rosidl_typesupport_introspection_cpp.dir/rosidl_typesupport_introspection_cpp/industrial_msgs/msg/detail/tri_state__type_support.cpp.o\x1b[0m\n'}
[4.548862] (human_hand_msgs) StdoutLine: {'line': b'running egg_info\n'}
[4.551769] (human_hand_msgs) StdoutLine: {'line': b'writing human_hand_msgs.egg-info/PKG-INFO\n'}
[4.559133] (human_hand_msgs) StdoutLine: {'line': b'writing dependency_links to human_hand_msgs.egg-info/dependency_links.txt\n'}
[4.559415] (-) TimerEvent: {}
[4.560312] (human_hand_msgs) StdoutLine: {'line': b'writing top-level names to human_hand_msgs.egg-info/top_level.txt\n'}
[4.562150] (human_hand_msgs) StdoutLine: {'line': b"reading manifest file 'human_hand_msgs.egg-info/SOURCES.txt'\n"}
[4.563862] (human_hand_msgs) StdoutLine: {'line': b"writing manifest file 'human_hand_msgs.egg-info/SOURCES.txt'\n"}
[4.660626] (-) TimerEvent: {}
[4.688872] (human_hand_msgs) StdoutLine: {'line': b'[ 64%] Built target ament_cmake_python_build_human_hand_msgs_egg\n'}
[4.708982] (industrial_msgs) StdoutLine: {'line': b'[ 66%] \x1b[32mBuilding CXX object CMakeFiles/industrial_msgs__rosidl_typesupport_fastrtps_cpp.dir/rosidl_typesupport_fastrtps_cpp/industrial_msgs/msg/detail/dds_fastrtps/robot_status__type_support.cpp.o\x1b[0m\n'}
[4.718902] (motoros2_interfaces) StdoutLine: {'line': b'\x1b[35m\x1b[1mConsolidate compiler generated dependencies of target motoros2_interfaces__rosidl_generator_c\x1b[0m\n'}
[4.746278] (motoros2_interfaces) StdoutLine: {'line': b'[  1%] Built target motoros2_interfaces__rs\n'}
[4.763174] (industrial_msgs) StdoutLine: {'line': b'[ 68%] \x1b[32mBuilding CXX object CMakeFiles/industrial_msgs__rosidl_typesupport_fastrtps_cpp.dir/rosidl_typesupport_fastrtps_cpp/industrial_msgs/msg/detail/dds_fastrtps/service_return_code__type_support.cpp.o\x1b[0m\n'}
[4.764265] (-) TimerEvent: {}
[4.776863] (motoros2_interfaces) StdoutLine: {'line': b'[  1%] Built target motoros2_interfaces__cpp\n'}
[4.854411] (industrial_msgs) StdoutLine: {'line': b'[ 69%] \x1b[32mBuilding CXX object CMakeFiles/industrial_msgs__rosidl_typesupport_fastrtps_cpp.dir/rosidl_typesupport_fastrtps_cpp/industrial_msgs/msg/detail/dds_fastrtps/tri_state__type_support.cpp.o\x1b[0m\n'}
[4.864442] (-) TimerEvent: {}
[4.881299] (industrial_msgs) StdoutLine: {'line': b'running egg_info\n'}
[4.892733] (industrial_msgs) StdoutLine: {'line': b'writing industrial_msgs.egg-info/PKG-INFO\n'}
[4.894196] (industrial_msgs) StdoutLine: {'line': b'writing dependency_links to industrial_msgs.egg-info/dependency_links.txt\n'}
[4.900953] (industrial_msgs) StdoutLine: {'line': b'writing top-level names to industrial_msgs.egg-info/top_level.txt\n'}
[4.901841] (motoros2_interfaces) StdoutLine: {'line': b'\x1b[35m\x1b[1mConsolidate compiler generated dependencies of target motoros2_interfaces__rosidl_typesupport_cpp\x1b[0m\n'}
[4.902088] (human_hand_msgs) StdoutLine: {'line': b'[ 66%] \x1b[32m\x1b[1mLinking CXX shared library libhuman_hand_msgs__rosidl_typesupport_introspection_cpp.so\x1b[0m\n'}
[4.915791] (motoros2_interfaces) StdoutLine: {'line': b'\x1b[35m\x1b[1mConsolidate compiler generated dependencies of target motoros2_interfaces__rosidl_typesupport_fastrtps_cpp\x1b[0m\n'}
[4.929155] (motoros2_interfaces) StdoutLine: {'line': b'[  1%] Built target ament_cmake_python_symlink_motoros2_interfaces\n'}
[4.941654] (industrial_msgs) StdoutLine: {'line': b"reading manifest file 'industrial_msgs.egg-info/SOURCES.txt'\n"}
[4.948769] (motoros2_interfaces) StdoutLine: {'line': b'\x1b[35m\x1b[1mConsolidate compiler generated dependencies of target motoros2_interfaces__rosidl_typesupport_introspection_cpp\x1b[0m\n'}
[4.954316] (industrial_msgs) StdoutLine: {'line': b"writing manifest file 'industrial_msgs.egg-info/SOURCES.txt'\n"}
[4.965207] (-) TimerEvent: {}
[5.008006] (motoros2_interfaces) StdoutLine: {'line': b'[ 13%] Built target motoros2_interfaces__rosidl_generator_c\n'}
[5.044047] (motoros2_interfaces) StdoutLine: {'line': b'[ 13%] \x1b[32mBuilding CXX object CMakeFiles/motoros2_interfaces__rosidl_typesupport_cpp.dir/rosidl_typesupport_cpp/motoros2_interfaces/msg/error_info__type_support.cpp.o\x1b[0m\n'}
[5.050568] (motoros2_interfaces) StdoutLine: {'line': b'[ 13%] \x1b[32mBuilding CXX object CMakeFiles/motoros2_interfaces__rosidl_typesupport_cpp.dir/rosidl_typesupport_cpp/motoros2_interfaces/msg/alarm_info__type_support.cpp.o\x1b[0m\n'}
[5.063301] (motoros2_interfaces) StdoutLine: {'line': b'[ 13%] \x1b[32mBuilding CXX object CMakeFiles/motoros2_interfaces__rosidl_typesupport_cpp.dir/rosidl_typesupport_cpp/motoros2_interfaces/msg/init_traj_enum__type_support.cpp.o\x1b[0m\n'}
[5.063769] (motoros2_interfaces) StdoutLine: {'line': b'[ 14%] \x1b[32mBuilding CXX object CMakeFiles/motoros2_interfaces__rosidl_typesupport_cpp.dir/rosidl_typesupport_cpp/motoros2_interfaces/msg/alarm_cause_remedy__type_support.cpp.o\x1b[0m\n'}
[5.065408] (-) TimerEvent: {}
[5.130966] (motoros2_interfaces) StdoutLine: {'line': b'[ 14%] \x1b[32mBuilding CXX object CMakeFiles/motoros2_interfaces__rosidl_typesupport_cpp.dir/rosidl_typesupport_cpp/motoros2_interfaces/msg/motion_ready_enum__type_support.cpp.o\x1b[0m\n'}
[5.134158] (motoros2_interfaces) StdoutLine: {'line': b'[ 15%] \x1b[32mBuilding CXX object CMakeFiles/motoros2_interfaces__rosidl_typesupport_cpp.dir/rosidl_typesupport_cpp/motoros2_interfaces/msg/io_result_codes__type_support.cpp.o\x1b[0m\n'}
[5.137838] (motoros2_interfaces) StdoutLine: {'line': b'[ 16%] \x1b[32mBuilding CXX object CMakeFiles/motoros2_interfaces__rosidl_typesupport_cpp.dir/rosidl_typesupport_cpp/motoros2_interfaces/msg/inform_job_crud_result_codes__type_support.cpp.o\x1b[0m\n'}
[5.165716] (motoros2_interfaces) StdoutLine: {'line': b'[ 16%] \x1b[32mBuilding CXX object CMakeFiles/motoros2_interfaces__rosidl_typesupport_cpp.dir/rosidl_typesupport_cpp/motoros2_interfaces/msg/selection_result_codes__type_support.cpp.o\x1b[0m\n'}
[5.168611] (-) TimerEvent: {}
[5.179060] (motoros2_interfaces) StdoutLine: {'line': b'[ 17%] \x1b[32mBuilding CXX object CMakeFiles/motoros2_interfaces__rosidl_typesupport_cpp.dir/rosidl_typesupport_cpp/motoros2_interfaces/srv/get_active_alarm_info__type_support.cpp.o\x1b[0m\n'}
[5.179683] (motoros2_interfaces) StdoutLine: {'line': b'[ 18%] \x1b[32mBuilding CXX object CMakeFiles/motoros2_interfaces__rosidl_typesupport_cpp.dir/rosidl_typesupport_cpp/motoros2_interfaces/msg/queue_result_enum__type_support.cpp.o\x1b[0m\n'}
[5.179919] (motoros2_interfaces) StdoutLine: {'line': b'\x1b[35m\x1b[1mConsolidate compiler generated dependencies of target motoros2_interfaces__rosidl_typesupport_c\x1b[0m\n'}
[5.211520] (motoros2_interfaces) StdoutLine: {'line': b'\x1b[35m\x1b[1mConsolidate compiler generated dependencies of target motoros2_interfaces__rosidl_typesupport_introspection_c\x1b[0m\n'}
[5.225528] (motoros2_interfaces) StdoutLine: {'line': b'\x1b[35m\x1b[1mConsolidate compiler generated dependencies of target motoros2_interfaces__rosidl_typesupport_fastrtps_c\x1b[0m\n'}
[5.256320] (motoros2_interfaces) StdoutLine: {'line': b'[ 19%] \x1b[32mBuilding CXX object CMakeFiles/motoros2_interfaces__rosidl_typesupport_fastrtps_cpp.dir/rosidl_typesupport_fastrtps_cpp/motoros2_interfaces/msg/detail/dds_fastrtps/alarm_info__type_support.cpp.o\x1b[0m\n'}
[5.259159] (motoros2_interfaces) StdoutLine: {'line': b'[ 30%] Built target motoros2_interfaces__rosidl_typesupport_c\n'}
[5.273087] (-) TimerEvent: {}
[5.295927] (motoros2_interfaces) StdoutLine: {'line': b'[ 30%] \x1b[32mBuilding CXX object CMakeFiles/motoros2_interfaces__rosidl_typesupport_introspection_cpp.dir/rosidl_typesupport_introspection_cpp/motoros2_interfaces/msg/detail/alarm_info__type_support.cpp.o\x1b[0m\n'}
[5.296315] (industrial_msgs) StdoutLine: {'line': b'[ 69%] Built target ament_cmake_python_build_industrial_msgs_egg\n'}
[5.319041] (motoros2_interfaces) StdoutLine: {'line': b'[ 30%] \x1b[32mBuilding CXX object CMakeFiles/motoros2_interfaces__rosidl_typesupport_cpp.dir/rosidl_typesupport_cpp/motoros2_interfaces/srv/list_inform_jobs__type_support.cpp.o\x1b[0m\n'}
[5.373168] (-) TimerEvent: {}
[5.386256] (human_hand_msgs) StdoutLine: {'line': b'[ 67%] \x1b[32m\x1b[1mLinking CXX shared library libhuman_hand_msgs__rosidl_typesupport_cpp.so\x1b[0m\n'}
[5.419078] (motoros2_interfaces) StdoutLine: {'line': b'[ 42%] Built target motoros2_interfaces__rosidl_typesupport_introspection_c\n'}
[5.474193] (-) TimerEvent: {}
[5.489839] (human_hand_msgs) StdoutLine: {'line': b'[ 69%] Built target human_hand_msgs__rosidl_typesupport_introspection_cpp\n'}
[5.498714] (motoros2_interfaces) StdoutLine: {'line': b'[ 42%] \x1b[32mBuilding CXX object CMakeFiles/motoros2_interfaces__rosidl_typesupport_fastrtps_c.dir/rosidl_typesupport_fastrtps_c/motoros2_interfaces/msg/detail/alarm_info__type_support_c.cpp.o\x1b[0m\n'}
[5.502176] (motoros2_interfaces) StdoutLine: {'line': b'[ 43%] \x1b[32mBuilding CXX object CMakeFiles/motoros2_interfaces__rosidl_typesupport_fastrtps_cpp.dir/rosidl_typesupport_fastrtps_cpp/motoros2_interfaces/msg/detail/dds_fastrtps/alarm_cause_remedy__type_support.cpp.o\x1b[0m\n'}
[5.577195] (-) TimerEvent: {}
[5.678029] (-) TimerEvent: {}
[5.778230] (motoros2_interfaces) StdoutLine: {'line': b'[ 44%] \x1b[32mBuilding CXX object CMakeFiles/motoros2_interfaces__rosidl_typesupport_fastrtps_c.dir/rosidl_typesupport_fastrtps_c/motoros2_interfaces/msg/detail/alarm_cause_remedy__type_support_c.cpp.o\x1b[0m\n'}
[5.778613] (-) TimerEvent: {}
[5.787177] (human_hand_msgs) StdoutLine: {'line': b'[ 71%] \x1b[32m\x1b[1mLinking CXX shared library libhuman_hand_msgs__rosidl_typesupport_fastrtps_cpp.so\x1b[0m\n'}
[5.828652] (human_hand_msgs) StdoutLine: {'line': b'[ 73%] Built target human_hand_msgs__rosidl_typesupport_cpp\n'}
[5.878778] (-) TimerEvent: {}
[5.947464] (industrial_msgs) StdoutLine: {'line': b'[ 70%] \x1b[32m\x1b[1mLinking CXX shared library libindustrial_msgs__rosidl_typesupport_cpp.so\x1b[0m\n'}
[5.978937] (-) TimerEvent: {}
[6.079890] (-) TimerEvent: {}
[6.106739] (human_hand_msgs) StdoutLine: {'line': b'[ 75%] Built target human_hand_msgs__rosidl_typesupport_fastrtps_cpp\n'}
[6.112311] (motoros2_interfaces) StdoutLine: {'line': b'[ 45%] \x1b[32mBuilding CXX object CMakeFiles/motoros2_interfaces__rosidl_typesupport_introspection_cpp.dir/rosidl_typesupport_introspection_cpp/motoros2_interfaces/msg/detail/alarm_cause_remedy__type_support.cpp.o\x1b[0m\n'}
[6.117820] (industrial_msgs) StdoutLine: {'line': b'[ 72%] \x1b[32m\x1b[1mLinking CXX shared library libindustrial_msgs__rosidl_typesupport_fastrtps_c.so\x1b[0m\n'}
[6.125894] (industrial_msgs) StdoutLine: {'line': b'[ 73%] Built target industrial_msgs__rosidl_typesupport_cpp\n'}
[6.160301] (motoros2_interfaces) StdoutLine: {'line': b'[ 45%] \x1b[32mBuilding CXX object CMakeFiles/motoros2_interfaces__rosidl_typesupport_fastrtps_cpp.dir/rosidl_typesupport_fastrtps_cpp/motoros2_interfaces/msg/detail/dds_fastrtps/error_info__type_support.cpp.o\x1b[0m\n'}
[6.180034] (-) TimerEvent: {}
[6.280680] (-) TimerEvent: {}
[6.354858] (industrial_msgs) StdoutLine: {'line': b'[ 75%] \x1b[32m\x1b[1mLinking CXX shared library libindustrial_msgs__rosidl_typesupport_fastrtps_cpp.so\x1b[0m\n'}
[6.369028] (human_hand_msgs) StdoutLine: {'line': b'[ 76%] \x1b[32m\x1b[1mLinking CXX shared library libhuman_hand_msgs__rosidl_typesupport_fastrtps_c.so\x1b[0m\n'}
[6.383176] (-) TimerEvent: {}
[6.483910] (-) TimerEvent: {}
[6.557012] (motoros2_interfaces) StdoutLine: {'line': b'[ 46%] \x1b[32mBuilding CXX object CMakeFiles/motoros2_interfaces__rosidl_typesupport_fastrtps_cpp.dir/rosidl_typesupport_fastrtps_cpp/motoros2_interfaces/msg/detail/dds_fastrtps/inform_job_crud_result_codes__type_support.cpp.o\x1b[0m\n'}
[6.585302] (-) TimerEvent: {}
[6.622799] (industrial_msgs) StdoutLine: {'line': b'[ 76%] \x1b[32m\x1b[1mLinking CXX shared library libindustrial_msgs__rosidl_typesupport_introspection_cpp.so\x1b[0m\n'}
[6.660300] (industrial_msgs) StdoutLine: {'line': b'[ 77%] Built target industrial_msgs__rosidl_typesupport_fastrtps_cpp\n'}
[6.667149] (motoros2_interfaces) StdoutLine: {'line': b'[ 47%] \x1b[32mBuilding CXX object CMakeFiles/motoros2_interfaces__rosidl_typesupport_cpp.dir/rosidl_typesupport_cpp/motoros2_interfaces/srv/queue_traj_point__type_support.cpp.o\x1b[0m\n'}
[6.685442] (-) TimerEvent: {}
[6.690870] (motoros2_interfaces) StdoutLine: {'line': b'[ 47%] \x1b[32mBuilding CXX object CMakeFiles/motoros2_interfaces__rosidl_typesupport_fastrtps_c.dir/rosidl_typesupport_fastrtps_c/motoros2_interfaces/msg/detail/error_info__type_support_c.cpp.o\x1b[0m\n'}
[6.707455] (motoros2_interfaces) StdoutLine: {'line': b'[ 47%] \x1b[32mBuilding CXX object CMakeFiles/motoros2_interfaces__rosidl_typesupport_cpp.dir/rosidl_typesupport_cpp/motoros2_interfaces/srv/read_m_register__type_support.cpp.o\x1b[0m\n'}
[6.746688] (motoros2_interfaces) StdoutLine: {'line': b'[ 47%] \x1b[32mBuilding CXX object CMakeFiles/motoros2_interfaces__rosidl_typesupport_fastrtps_cpp.dir/rosidl_typesupport_fastrtps_cpp/motoros2_interfaces/msg/detail/dds_fastrtps/init_traj_enum__type_support.cpp.o\x1b[0m\n'}
[6.785753] (-) TimerEvent: {}
[6.802448] (industrial_msgs) StdoutLine: {'line': b'[ 79%] Built target industrial_msgs__rosidl_typesupport_fastrtps_c\n'}
[6.833334] (human_hand_msgs) StdoutLine: {'line': b'[ 78%] Built target human_hand_msgs__rosidl_typesupport_fastrtps_c\n'}
[6.868197] (motoros2_interfaces) StdoutLine: {'line': b'[ 47%] \x1b[32mBuilding CXX object CMakeFiles/motoros2_interfaces__rosidl_typesupport_introspection_cpp.dir/rosidl_typesupport_introspection_cpp/motoros2_interfaces/msg/detail/error_info__type_support.cpp.o\x1b[0m\n'}
[6.885897] (-) TimerEvent: {}
[6.919490] (industrial_msgs) StdoutLine: {'line': b'[ 80%] Built target industrial_msgs__rosidl_typesupport_introspection_cpp\n'}
[6.940022] (human_hand_msgs) StdoutLine: {'line': b'[ 78%] Built target human_hand_msgs\n'}
[6.984911] (motoros2_interfaces) StdoutLine: {'line': b'[ 49%] \x1b[32mBuilding CXX object CMakeFiles/motoros2_interfaces__rosidl_typesupport_fastrtps_cpp.dir/rosidl_typesupport_fastrtps_cpp/motoros2_interfaces/msg/detail/dds_fastrtps/io_result_codes__type_support.cpp.o\x1b[0m\n'}
[6.986103] (-) TimerEvent: {}
[6.988502] (motoros2_interfaces) StdoutLine: {'line': b'[ 49%] \x1b[32mBuilding CXX object CMakeFiles/motoros2_interfaces__rosidl_typesupport_introspection_cpp.dir/rosidl_typesupport_introspection_cpp/motoros2_interfaces/msg/detail/inform_job_crud_result_codes__type_support.cpp.o\x1b[0m\n'}
[7.013150] (industrial_msgs) StdoutLine: {'line': b'[ 80%] Built target industrial_msgs\n'}
[7.034986] (human_hand_msgs) StdoutLine: {'line': b'[ 80%] Built target human_hand_msgs__py\n'}
[7.069428] (motoros2_interfaces) StdoutLine: {'line': b'running egg_info\n'}
[7.070575] (motoros2_interfaces) StdoutLine: {'line': b'writing motoros2_interfaces.egg-info/PKG-INFO\n'}
[7.079744] (motoros2_interfaces) StdoutLine: {'line': b'writing dependency_links to motoros2_interfaces.egg-info/dependency_links.txt\n'}
[7.082147] (industrial_msgs) StdoutLine: {'line': b'[ 81%] Built target industrial_msgs__py\n'}
[7.086171] (motoros2_interfaces) StdoutLine: {'line': b'writing top-level names to motoros2_interfaces.egg-info/top_level.txt\n'}
[7.086650] (-) TimerEvent: {}
[7.089748] (human_hand_msgs) StdoutLine: {'line': b'\x1b[35m\x1b[1mConsolidate compiler generated dependencies of target human_hand_msgs__rosidl_generator_py\x1b[0m\n'}
[7.113114] (motoros2_interfaces) StdoutLine: {'line': b"reading manifest file 'motoros2_interfaces.egg-info/SOURCES.txt'\n"}
[7.113364] (motoros2_interfaces) StdoutLine: {'line': b'[ 49%] \x1b[32mBuilding CXX object CMakeFiles/motoros2_interfaces__rosidl_typesupport_introspection_cpp.dir/rosidl_typesupport_introspection_cpp/motoros2_interfaces/msg/detail/init_traj_enum__type_support.cpp.o\x1b[0m\n'}
[7.113498] (motoros2_interfaces) StdoutLine: {'line': b"writing manifest file 'motoros2_interfaces.egg-info/SOURCES.txt'\n"}
[7.113591] (industrial_msgs) StdoutLine: {'line': b'\x1b[35m\x1b[1mConsolidate compiler generated dependencies of target industrial_msgs__rosidl_generator_py\x1b[0m\n'}
[7.161344] (motoros2_interfaces) StdoutLine: {'line': b'[ 50%] \x1b[32mBuilding CXX object CMakeFiles/motoros2_interfaces__rosidl_typesupport_cpp.dir/rosidl_typesupport_cpp/motoros2_interfaces/srv/read_single_io__type_support.cpp.o\x1b[0m\n'}
[7.174142] (motoros2_interfaces) StdoutLine: {'line': b'[ 50%] \x1b[32mBuilding CXX object CMakeFiles/motoros2_interfaces__rosidl_typesupport_cpp.dir/rosidl_typesupport_cpp/motoros2_interfaces/srv/read_group_io__type_support.cpp.o\x1b[0m\n'}
[7.183576] (human_hand_msgs) StdoutLine: {'line': b'[ 82%] \x1b[32mBuilding C object CMakeFiles/human_hand_msgs__rosidl_generator_py.dir/rosidl_generator_py/human_hand_msgs/msg/_hand_state_s.c.o\x1b[0m\n'}
[7.184071] (human_hand_msgs) StdoutLine: {'line': b'[ 83%] \x1b[32mBuilding C object CMakeFiles/human_hand_msgs__rosidl_generator_py.dir/rosidl_generator_py/human_hand_msgs/msg/_hand_prediction_s.c.o\x1b[0m\n'}
[7.185676] (industrial_msgs) StdoutLine: {'line': b'[ 83%] \x1b[32mBuilding C object CMakeFiles/industrial_msgs__rosidl_generator_py.dir/rosidl_generator_py/industrial_msgs/msg/_debug_level_s.c.o\x1b[0m\n'}
[7.186802] (-) TimerEvent: {}
[7.192269] (motoros2_interfaces) StdoutLine: {'line': b'[ 51%] \x1b[32mBuilding CXX object CMakeFiles/motoros2_interfaces__rosidl_typesupport_fastrtps_c.dir/rosidl_typesupport_fastrtps_c/motoros2_interfaces/msg/detail/inform_job_crud_result_codes__type_support_c.cpp.o\x1b[0m\n'}
[7.192815] (human_hand_msgs) StdoutLine: {'line': b'[ 85%] \x1b[32mBuilding C object CMakeFiles/human_hand_msgs__rosidl_generator_py.dir/rosidl_generator_py/human_hand_msgs/msg/_system_status_s.c.o\x1b[0m\n'}
[7.196655] (human_hand_msgs) StdoutLine: {'line': b'[ 87%] \x1b[32mBuilding C object CMakeFiles/human_hand_msgs__rosidl_generator_py.dir/rosidl_generator_py/human_hand_msgs/srv/_select_model_s.c.o\x1b[0m\n'}
[7.208874] (industrial_msgs) StdoutLine: {'line': b'[ 84%] \x1b[32mBuilding C object CMakeFiles/industrial_msgs__rosidl_generator_py.dir/rosidl_generator_py/industrial_msgs/msg/_robot_status_s.c.o\x1b[0m\n'}
[7.218103] (motoros2_interfaces) StdoutLine: {'line': b'[ 52%] \x1b[32mBuilding CXX object CMakeFiles/motoros2_interfaces__rosidl_typesupport_introspection_cpp.dir/rosidl_typesupport_introspection_cpp/motoros2_interfaces/msg/detail/io_result_codes__type_support.cpp.o\x1b[0m\n'}
[7.219732] (industrial_msgs) StdoutLine: {'line': b'[ 86%] \x1b[32mBuilding C object CMakeFiles/industrial_msgs__rosidl_generator_py.dir/rosidl_generator_py/industrial_msgs/msg/_tri_state_s.c.o\x1b[0m\n'}
[7.226293] (industrial_msgs) StdoutLine: {'line': b'[ 87%] \x1b[32mBuilding C object CMakeFiles/industrial_msgs__rosidl_generator_py.dir/rosidl_generator_py/industrial_msgs/msg/_device_info_s.c.o\x1b[0m\n'}
[7.226780] (industrial_msgs) StdoutLine: {'line': b'[ 88%] \x1b[32mBuilding C object CMakeFiles/industrial_msgs__rosidl_generator_py.dir/rosidl_generator_py/industrial_msgs/msg/_robot_mode_s.c.o\x1b[0m\n'}
[7.244261] (industrial_msgs) StdoutLine: {'line': b'[ 90%] \x1b[32mBuilding C object CMakeFiles/industrial_msgs__rosidl_generator_py.dir/rosidl_generator_py/industrial_msgs/msg/_service_return_code_s.c.o\x1b[0m\n'}
[7.287919] (-) TimerEvent: {}
[7.392190] (-) TimerEvent: {}
[7.392884] (motoros2_interfaces) StdoutLine: {'line': b'[ 52%] Built target ament_cmake_python_build_motoros2_interfaces_egg\n'}
[7.440846] (motoros2_interfaces) StdoutLine: {'line': b'[ 52%] \x1b[32mBuilding CXX object CMakeFiles/motoros2_interfaces__rosidl_typesupport_introspection_cpp.dir/rosidl_typesupport_introspection_cpp/motoros2_interfaces/msg/detail/motion_ready_enum__type_support.cpp.o\x1b[0m\n'}
[7.494181] (-) TimerEvent: {}
[7.560252] (motoros2_interfaces) StdoutLine: {'line': b'[ 53%] \x1b[32mBuilding CXX object CMakeFiles/motoros2_interfaces__rosidl_typesupport_cpp.dir/rosidl_typesupport_cpp/motoros2_interfaces/srv/reset_error__type_support.cpp.o\x1b[0m\n'}
[7.594333] (-) TimerEvent: {}
[7.695552] (-) TimerEvent: {}
[7.796488] (-) TimerEvent: {}
[7.864103] (motoros2_interfaces) StdoutLine: {'line': b'[ 54%] \x1b[32mBuilding CXX object CMakeFiles/motoros2_interfaces__rosidl_typesupport_introspection_cpp.dir/rosidl_typesupport_introspection_cpp/motoros2_interfaces/msg/detail/queue_result_enum__type_support.cpp.o\x1b[0m\n'}
[7.896731] (-) TimerEvent: {}
[7.898714] (industrial_msgs) StdoutLine: {'line': b'[ 91%] \x1b[32m\x1b[1mLinking C shared library rosidl_generator_py/industrial_msgs/libindustrial_msgs__rosidl_generator_py.so\x1b[0m\n'}
[7.931834] (motoros2_interfaces) StdoutLine: {'line': b'[ 54%] \x1b[32mBuilding CXX object CMakeFiles/motoros2_interfaces__rosidl_typesupport_fastrtps_c.dir/rosidl_typesupport_fastrtps_c/motoros2_interfaces/msg/detail/init_traj_enum__type_support_c.cpp.o\x1b[0m\n'}
[7.941463] (motoros2_interfaces) StdoutLine: {'line': b'[ 54%] \x1b[32mBuilding CXX object CMakeFiles/motoros2_interfaces__rosidl_typesupport_introspection_cpp.dir/rosidl_typesupport_introspection_cpp/motoros2_interfaces/msg/detail/selection_result_codes__type_support.cpp.o\x1b[0m\n'}
[7.948291] (motoros2_interfaces) StdoutLine: {'line': b'[ 54%] \x1b[32mBuilding CXX object CMakeFiles/motoros2_interfaces__rosidl_typesupport_fastrtps_cpp.dir/rosidl_typesupport_fastrtps_cpp/motoros2_interfaces/msg/detail/dds_fastrtps/motion_ready_enum__type_support.cpp.o\x1b[0m\n'}
[7.996915] (-) TimerEvent: {}
[8.024065] (human_hand_msgs) StdoutLine: {'line': b'[ 89%] \x1b[32m\x1b[1mLinking C shared library rosidl_generator_py/human_hand_msgs/libhuman_hand_msgs__rosidl_generator_py.so\x1b[0m\n'}
[8.036232] (motoros2_interfaces) StdoutLine: {'line': b'[ 55%] \x1b[32mBuilding CXX object CMakeFiles/motoros2_interfaces__rosidl_typesupport_introspection_cpp.dir/rosidl_typesupport_introspection_cpp/motoros2_interfaces/srv/detail/get_active_alarm_info__type_support.cpp.o\x1b[0m\n'}
[8.045153] (motoros2_interfaces) StdoutLine: {'line': b'[ 56%] \x1b[32mBuilding CXX object CMakeFiles/motoros2_interfaces__rosidl_typesupport_fastrtps_c.dir/rosidl_typesupport_fastrtps_c/motoros2_interfaces/msg/detail/io_result_codes__type_support_c.cpp.o\x1b[0m\n'}
[8.102179] (-) TimerEvent: {}
[8.108320] (industrial_msgs) StdoutLine: {'line': b'[ 91%] Built target industrial_msgs__rosidl_generator_py\n'}
[8.148351] (motoros2_interfaces) StdoutLine: {'line': b'[ 56%] \x1b[32mBuilding CXX object CMakeFiles/motoros2_interfaces__rosidl_typesupport_cpp.dir/rosidl_typesupport_cpp/motoros2_interfaces/srv/select_motion_tool__type_support.cpp.o\x1b[0m\n'}
[8.152680] (industrial_msgs) StdoutLine: {'line': b'\x1b[35m\x1b[1mConsolidate compiler generated dependencies of target industrial_msgs__rosidl_typesupport_c__pyext\x1b[0m\n'}
[8.160774] (industrial_msgs) StdoutLine: {'line': b'\x1b[35m\x1b[1mConsolidate compiler generated dependencies of target industrial_msgs__rosidl_typesupport_introspection_c__pyext\x1b[0m\n'}
[8.164061] (industrial_msgs) StdoutLine: {'line': b'\x1b[35m\x1b[1mConsolidate compiler generated dependencies of target industrial_msgs__rosidl_typesupport_fastrtps_c__pyext\x1b[0m\n'}
[8.169261] (motoros2_interfaces) StdoutLine: {'line': b'[ 56%] \x1b[32mBuilding CXX object CMakeFiles/motoros2_interfaces__rosidl_typesupport_introspection_cpp.dir/rosidl_typesupport_introspection_cpp/motoros2_interfaces/srv/detail/list_inform_jobs__type_support.cpp.o\x1b[0m\n'}
[8.202416] (-) TimerEvent: {}
[8.209156] (industrial_msgs) StdoutLine: {'line': b'[ 93%] \x1b[32mBuilding C object CMakeFiles/industrial_msgs__rosidl_typesupport_c__pyext.dir/rosidl_generator_py/industrial_msgs/_industrial_msgs_s.ep.rosidl_typesupport_c.c.o\x1b[0m\n'}
[8.209554] (human_hand_msgs) StdoutLine: {'line': b'[ 89%] Built target human_hand_msgs__rosidl_generator_py\n'}
[8.214674] (industrial_msgs) StdoutLine: {'line': b'[ 94%] \x1b[32mBuilding C object CMakeFiles/industrial_msgs__rosidl_typesupport_fastrtps_c__pyext.dir/rosidl_generator_py/industrial_msgs/_industrial_msgs_s.ep.rosidl_typesupport_fastrtps_c.c.o\x1b[0m\n'}
[8.221220] (industrial_msgs) StdoutLine: {'line': b'[ 95%] \x1b[32mBuilding C object CMakeFiles/industrial_msgs__rosidl_typesupport_introspection_c__pyext.dir/rosidl_generator_py/industrial_msgs/_industrial_msgs_s.ep.rosidl_typesupport_introspection_c.c.o\x1b[0m\n'}
[8.254832] (motoros2_interfaces) StdoutLine: {'line': b'[ 57%] \x1b[32mBuilding CXX object CMakeFiles/motoros2_interfaces__rosidl_typesupport_fastrtps_cpp.dir/rosidl_typesupport_fastrtps_cpp/motoros2_interfaces/msg/detail/dds_fastrtps/queue_result_enum__type_support.cpp.o\x1b[0m\n'}
[8.273499] (human_hand_msgs) StdoutLine: {'line': b'\x1b[35m\x1b[1mConsolidate compiler generated dependencies of target human_hand_msgs__rosidl_typesupport_fastrtps_c__pyext\x1b[0m\n'}
[8.273772] (human_hand_msgs) StdoutLine: {'line': b'\x1b[35m\x1b[1mConsolidate compiler generated dependencies of target human_hand_msgs__rosidl_typesupport_c__pyext\x1b[0m\n'}
[8.277089] (human_hand_msgs) StdoutLine: {'line': b'\x1b[35m\x1b[1mConsolidate compiler generated dependencies of target human_hand_msgs__rosidl_typesupport_introspection_c__pyext\x1b[0m\n'}
[8.302566] (-) TimerEvent: {}
[8.332850] (human_hand_msgs) StdoutLine: {'line': b'[ 91%] \x1b[32mBuilding C object CMakeFiles/human_hand_msgs__rosidl_typesupport_introspection_c__pyext.dir/rosidl_generator_py/human_hand_msgs/_human_hand_msgs_s.ep.rosidl_typesupport_introspection_c.c.o\x1b[0m\n'}
[8.352412] (human_hand_msgs) StdoutLine: {'line': b'[ 92%] \x1b[32mBuilding C object CMakeFiles/human_hand_msgs__rosidl_typesupport_c__pyext.dir/rosidl_generator_py/human_hand_msgs/_human_hand_msgs_s.ep.rosidl_typesupport_c.c.o\x1b[0m\n'}
[8.355248] (human_hand_msgs) StdoutLine: {'line': b'[ 94%] \x1b[32mBuilding C object CMakeFiles/human_hand_msgs__rosidl_typesupport_fastrtps_c__pyext.dir/rosidl_generator_py/human_hand_msgs/_human_hand_msgs_s.ep.rosidl_typesupport_fastrtps_c.c.o\x1b[0m\n'}
[8.402692] (-) TimerEvent: {}
[8.411148] (motoros2_interfaces) StdoutLine: {'line': b'[ 57%] \x1b[32mBuilding CXX object CMakeFiles/motoros2_interfaces__rosidl_typesupport_fastrtps_c.dir/rosidl_typesupport_fastrtps_c/motoros2_interfaces/msg/detail/motion_ready_enum__type_support_c.cpp.o\x1b[0m\n'}
[8.429985] (motoros2_interfaces) StdoutLine: {'line': b'[ 57%] \x1b[32mBuilding CXX object CMakeFiles/motoros2_interfaces__rosidl_typesupport_introspection_cpp.dir/rosidl_typesupport_introspection_cpp/motoros2_interfaces/srv/detail/read_m_register__type_support.cpp.o\x1b[0m\n'}
[8.441196] (motoros2_interfaces) StdoutLine: {'line': b'[ 58%] \x1b[32mBuilding CXX object CMakeFiles/motoros2_interfaces__rosidl_typesupport_introspection_cpp.dir/rosidl_typesupport_introspection_cpp/motoros2_interfaces/srv/detail/queue_traj_point__type_support.cpp.o\x1b[0m\n'}
[8.506165] (-) TimerEvent: {}
[8.608878] (-) TimerEvent: {}
[8.704300] (motoros2_interfaces) StdoutLine: {'line': b'[ 59%] \x1b[32mBuilding CXX object CMakeFiles/motoros2_interfaces__rosidl_typesupport_cpp.dir/rosidl_typesupport_cpp/motoros2_interfaces/srv/start_traj_mode__type_support.cpp.o\x1b[0m\n'}
[8.709030] (-) TimerEvent: {}
[8.753304] (human_hand_msgs) StdoutLine: {'line': b'[ 96%] \x1b[32m\x1b[1mLinking C shared library rosidl_generator_py/human_hand_msgs/human_hand_msgs_s__rosidl_typesupport_c.cpython-310-x86_64-linux-gnu.so\x1b[0m\n'}
[8.793196] (motoros2_interfaces) StdoutLine: {'line': b'[ 60%] \x1b[32mBuilding CXX object CMakeFiles/motoros2_interfaces__rosidl_typesupport_fastrtps_c.dir/rosidl_typesupport_fastrtps_c/motoros2_interfaces/msg/detail/queue_result_enum__type_support_c.cpp.o\x1b[0m\n'}
[8.809213] (-) TimerEvent: {}
[8.812262] (industrial_msgs) StdoutLine: {'line': b'[ 97%] \x1b[32m\x1b[1mLinking C shared library rosidl_generator_py/industrial_msgs/industrial_msgs_s__rosidl_typesupport_introspection_c.cpython-310-x86_64-linux-gnu.so\x1b[0m\n'}
[8.829037] (motoros2_interfaces) StdoutLine: {'line': b'[ 60%] \x1b[32mBuilding CXX object CMakeFiles/motoros2_interfaces__rosidl_typesupport_fastrtps_c.dir/rosidl_typesupport_fastrtps_c/motoros2_interfaces/msg/detail/selection_result_codes__type_support_c.cpp.o\x1b[0m\n'}
[8.910158] (-) TimerEvent: {}
[8.912862] (industrial_msgs) StdoutLine: {'line': b'[ 98%] \x1b[32m\x1b[1mLinking C shared library rosidl_generator_py/industrial_msgs/industrial_msgs_s__rosidl_typesupport_c.cpython-310-x86_64-linux-gnu.so\x1b[0m\n'}
[8.940080] (motoros2_interfaces) StdoutLine: {'line': b'[ 61%] \x1b[32mBuilding CXX object CMakeFiles/motoros2_interfaces__rosidl_typesupport_introspection_cpp.dir/rosidl_typesupport_introspection_cpp/motoros2_interfaces/srv/detail/read_single_io__type_support.cpp.o\x1b[0m\n'}
[8.983172] (human_hand_msgs) StdoutLine: {'line': b'[ 96%] Built target human_hand_msgs__rosidl_typesupport_c__pyext\n'}
[8.997965] (human_hand_msgs) StdoutLine: {'line': b'[ 98%] \x1b[32m\x1b[1mLinking C shared library rosidl_generator_py/human_hand_msgs/human_hand_msgs_s__rosidl_typesupport_fastrtps_c.cpython-310-x86_64-linux-gnu.so\x1b[0m\n'}
[9.000472] (industrial_msgs) StdoutLine: {'line': b'[100%] \x1b[32m\x1b[1mLinking C shared library rosidl_generator_py/industrial_msgs/industrial_msgs_s__rosidl_typesupport_fastrtps_c.cpython-310-x86_64-linux-gnu.so\x1b[0m\n'}
[9.000947] (industrial_msgs) StdoutLine: {'line': b'[100%] Built target industrial_msgs__rosidl_typesupport_introspection_c__pyext\n'}
[9.012170] (-) TimerEvent: {}
[9.028085] (motoros2_interfaces) StdoutLine: {'line': b'[ 61%] \x1b[32mBuilding CXX object CMakeFiles/motoros2_interfaces__rosidl_typesupport_introspection_cpp.dir/rosidl_typesupport_introspection_cpp/motoros2_interfaces/srv/detail/read_group_io__type_support.cpp.o\x1b[0m\n'}
[9.094189] (motoros2_interfaces) StdoutLine: {'line': b'[ 62%] \x1b[32mBuilding CXX object CMakeFiles/motoros2_interfaces__rosidl_typesupport_fastrtps_c.dir/rosidl_typesupport_fastrtps_c/motoros2_interfaces/srv/detail/get_active_alarm_info__type_support_c.cpp.o\x1b[0m\n'}
[9.112337] (-) TimerEvent: {}
[9.119083] (human_hand_msgs) StdoutLine: {'line': b'[100%] \x1b[32m\x1b[1mLinking C shared library rosidl_generator_py/human_hand_msgs/human_hand_msgs_s__rosidl_typesupport_introspection_c.cpython-310-x86_64-linux-gnu.so\x1b[0m\n'}
[9.123990] (industrial_msgs) StdoutLine: {'line': b'[100%] Built target industrial_msgs__rosidl_typesupport_c__pyext\n'}
[9.133151] (motoros2_interfaces) StdoutLine: {'line': b'[ 62%] \x1b[32mBuilding CXX object CMakeFiles/motoros2_interfaces__rosidl_typesupport_fastrtps_cpp.dir/rosidl_typesupport_fastrtps_cpp/motoros2_interfaces/msg/detail/dds_fastrtps/selection_result_codes__type_support.cpp.o\x1b[0m\n'}
[9.137636] (motoros2_interfaces) StdoutLine: {'line': b'[ 62%] \x1b[32mBuilding CXX object CMakeFiles/motoros2_interfaces__rosidl_typesupport_fastrtps_c.dir/rosidl_typesupport_fastrtps_c/motoros2_interfaces/srv/detail/list_inform_jobs__type_support_c.cpp.o\x1b[0m\n'}
[9.201736] (human_hand_msgs) StdoutLine: {'line': b'[100%] Built target human_hand_msgs__rosidl_typesupport_fastrtps_c__pyext\n'}
[9.212666] (-) TimerEvent: {}
[9.227159] (industrial_msgs) StdoutLine: {'line': b'[100%] Built target industrial_msgs__rosidl_typesupport_fastrtps_c__pyext\n'}
[9.297504] (motoros2_interfaces) StdoutLine: {'line': b'[ 62%] \x1b[32mBuilding CXX object CMakeFiles/motoros2_interfaces__rosidl_typesupport_cpp.dir/rosidl_typesupport_cpp/motoros2_interfaces/srv/start_point_queue_mode__type_support.cpp.o\x1b[0m\n'}
[9.307435] (industrial_msgs) CommandEnded: {'returncode': 0}
[9.317392] (industrial_msgs) JobProgress: {'identifier': 'industrial_msgs', 'progress': 'install'}
[9.317774] (-) TimerEvent: {}
[9.319479] (industrial_msgs) Command: {'cmd': ['/usr/bin/cmake', '--install', '/home/duy/cocarry_ws/build/industrial_msgs'], 'cwd': '/home/duy/cocarry_ws/build/industrial_msgs', 'env': OrderedDict([('USER', 'duy'), ('SHLVL', '0'), ('LD_LIBRARY_PATH', '/usr/lib/x86_64-linux-gnu/gazebo-11/plugins:/opt/ros/humble/opt/rviz_ogre_vendor/lib:/opt/ros/humble/lib/x86_64-linux-gnu:/opt/ros/humble/lib'), ('HOME', '/home/duy'), ('ROS_PYTHON_VERSION', '3'), ('ROS_DISTRO', 'humble'), ('_', '/usr/bin/colcon'), ('ROS_VERSION', '2'), ('TERM', 'dumb'), ('ROS_LOCALHOST_ONLY', '0'), ('PATH', '/home/duy/.local/bin:/home/duy/.nvm/versions/node/v20.20.2/bin:/opt/ros/humble/bin:/home/duy/.local/bin:/usr/local/sbin:/usr/local/bin:/usr/sbin:/usr/bin:/sbin:/bin:/usr/games:/usr/local/games:/snap/bin:/snap/bin:/home/duy/libfreenect2/build/bin'), ('LANG', 'en_US.UTF-8'), ('TMP', '/tmp'), ('AMENT_PREFIX_PATH', '/opt/ros/humble'), ('SHELL', '/bin/bash'), ('PWD', '/home/duy/cocarry_ws/build/industrial_msgs'), ('PYTHONPATH', '/opt/ros/humble/lib/python3.10/site-packages:/opt/ros/humble/local/lib/python3.10/dist-packages'), ('COLCON', '1'), ('CMAKE_PREFIX_PATH', '/opt/ros/humble')]), 'shell': False}
[9.348564] (industrial_msgs) StdoutLine: {'line': b'-- Install configuration: ""\n'}
[9.351620] (motoros2_interfaces) StdoutLine: {'line': b'[ 63%] \x1b[32mBuilding CXX object CMakeFiles/motoros2_interfaces__rosidl_typesupport_introspection_cpp.dir/rosidl_typesupport_introspection_cpp/motoros2_interfaces/srv/detail/reset_error__type_support.cpp.o\x1b[0m\n'}
[9.355715] (industrial_msgs) StdoutLine: {'line': b'-- Execute custom install script\n'}
[9.402339] (industrial_msgs) StdoutLine: {'line': b'-- Up-to-date symlink: /home/duy/cocarry_ws/install/industrial_msgs/share/ament_index/resource_index/rosidl_interfaces/industrial_msgs\n'}
[9.403862] (industrial_msgs) StdoutLine: {'line': b'-- Up-to-date symlink: /home/duy/cocarry_ws/install/industrial_msgs/include/industrial_msgs/industrial_msgs/msg/debug_level.h\n'}
[9.405179] (industrial_msgs) StdoutLine: {'line': b'-- Up-to-date symlink: /home/duy/cocarry_ws/install/industrial_msgs/include/industrial_msgs/industrial_msgs/msg/detail/debug_level__functions.h\n'}
[9.405369] (industrial_msgs) StdoutLine: {'line': b'-- Up-to-date symlink: /home/duy/cocarry_ws/install/industrial_msgs/include/industrial_msgs/industrial_msgs/msg/detail/debug_level__struct.h\n'}
[9.405516] (industrial_msgs) StdoutLine: {'line': b'-- Up-to-date symlink: /home/duy/cocarry_ws/install/industrial_msgs/include/industrial_msgs/industrial_msgs/msg/detail/debug_level__type_support.h\n'}
[9.406097] (industrial_msgs) StdoutLine: {'line': b'-- Up-to-date symlink: /home/duy/cocarry_ws/install/industrial_msgs/include/industrial_msgs/industrial_msgs/msg/detail/device_info__functions.h\n'}
[9.406415] (industrial_msgs) StdoutLine: {'line': b'-- Up-to-date symlink: /home/duy/cocarry_ws/install/industrial_msgs/include/industrial_msgs/industrial_msgs/msg/detail/device_info__struct.h\n'}
[9.406986] (industrial_msgs) StdoutLine: {'line': b'-- Up-to-date symlink: /home/duy/cocarry_ws/install/industrial_msgs/include/industrial_msgs/industrial_msgs/msg/detail/device_info__type_support.h\n'}
[9.408249] (industrial_msgs) StdoutLine: {'line': b'-- Up-to-date symlink: /home/duy/cocarry_ws/install/industrial_msgs/include/industrial_msgs/industrial_msgs/msg/detail/robot_mode__functions.h\n'}
[9.409028] (industrial_msgs) StdoutLine: {'line': b'-- Up-to-date symlink: /home/duy/cocarry_ws/install/industrial_msgs/include/industrial_msgs/industrial_msgs/msg/detail/robot_mode__struct.h\n'}
[9.414461] (industrial_msgs) StdoutLine: {'line': b'-- Up-to-date symlink: /home/duy/cocarry_ws/install/industrial_msgs/include/industrial_msgs/industrial_msgs/msg/detail/robot_mode__type_support.h\n'}
[9.416480] (industrial_msgs) StdoutLine: {'line': b'-- Up-to-date symlink: /home/duy/cocarry_ws/install/industrial_msgs/include/industrial_msgs/industrial_msgs/msg/detail/robot_status__functions.h\n'}
[9.419123] (-) TimerEvent: {}
[9.421107] (industrial_msgs) StdoutLine: {'line': b'-- Up-to-date symlink: /home/duy/cocarry_ws/install/industrial_msgs/include/industrial_msgs/industrial_msgs/msg/detail/robot_status__struct.h\n'}
[9.421526] (industrial_msgs) StdoutLine: {'line': b'-- Up-to-date symlink: /home/duy/cocarry_ws/install/industrial_msgs/include/industrial_msgs/industrial_msgs/msg/detail/robot_status__type_support.h\n'}
[9.421657] (industrial_msgs) StdoutLine: {'line': b'-- Up-to-date symlink: /home/duy/cocarry_ws/install/industrial_msgs/include/industrial_msgs/industrial_msgs/msg/detail/service_return_code__functions.h\n'}
[9.422494] (human_hand_msgs) StdoutLine: {'line': b'[100%] Built target human_hand_msgs__rosidl_typesupport_introspection_c__pyext\n'}
[9.422617] (industrial_msgs) StdoutLine: {'line': b'-- Up-to-date symlink: /home/duy/cocarry_ws/install/industrial_msgs/include/industrial_msgs/industrial_msgs/msg/detail/service_return_code__struct.h\n'}
[9.423447] (industrial_msgs) StdoutLine: {'line': b'-- Up-to-date symlink: /home/duy/cocarry_ws/install/industrial_msgs/include/industrial_msgs/industrial_msgs/msg/detail/service_return_code__type_support.h\n'}
[9.423791] (industrial_msgs) StdoutLine: {'line': b'-- Up-to-date symlink: /home/duy/cocarry_ws/install/industrial_msgs/include/industrial_msgs/industrial_msgs/msg/detail/tri_state__functions.h\n'}
[9.424107] (industrial_msgs) StdoutLine: {'line': b'-- Up-to-date symlink: /home/duy/cocarry_ws/install/industrial_msgs/include/industrial_msgs/industrial_msgs/msg/detail/tri_state__struct.h\n'}
[9.424428] (industrial_msgs) StdoutLine: {'line': b'-- Up-to-date symlink: /home/duy/cocarry_ws/install/industrial_msgs/include/industrial_msgs/industrial_msgs/msg/detail/tri_state__type_support.h\n'}
[9.424687] (industrial_msgs) StdoutLine: {'line': b'-- Up-to-date symlink: /home/duy/cocarry_ws/install/industrial_msgs/include/industrial_msgs/industrial_msgs/msg/device_info.h\n'}
[9.424941] (industrial_msgs) StdoutLine: {'line': b'-- Up-to-date symlink: /home/duy/cocarry_ws/install/industrial_msgs/include/industrial_msgs/industrial_msgs/msg/robot_mode.h\n'}
[9.425504] (industrial_msgs) StdoutLine: {'line': b'-- Up-to-date symlink: /home/duy/cocarry_ws/install/industrial_msgs/include/industrial_msgs/industrial_msgs/msg/robot_status.h\n'}
[9.425755] (industrial_msgs) StdoutLine: {'line': b'-- Up-to-date symlink: /home/duy/cocarry_ws/install/industrial_msgs/include/industrial_msgs/industrial_msgs/msg/rosidl_generator_c__visibility_control.h\n'}
[9.426369] (industrial_msgs) StdoutLine: {'line': b'-- Up-to-date symlink: /home/duy/cocarry_ws/install/industrial_msgs/include/industrial_msgs/industrial_msgs/msg/service_return_code.h\n'}
[9.426550] (industrial_msgs) StdoutLine: {'line': b'-- Up-to-date symlink: /home/duy/cocarry_ws/install/industrial_msgs/include/industrial_msgs/industrial_msgs/msg/tri_state.h\n'}
[9.426743] (industrial_msgs) StdoutLine: {'line': b'-- Up-to-date symlink: /home/duy/cocarry_ws/install/industrial_msgs/share/industrial_msgs/environment/library_path.sh\n'}
[9.427085] (industrial_msgs) StdoutLine: {'line': b'-- Up-to-date symlink: /home/duy/cocarry_ws/install/industrial_msgs/share/industrial_msgs/environment/library_path.dsv\n'}
[9.429076] (industrial_msgs) StdoutLine: {'line': b'-- Up-to-date symlink: /home/duy/cocarry_ws/install/industrial_msgs/include/industrial_msgs/industrial_msgs/msg/detail/debug_level__rosidl_typesupport_fastrtps_c.h\n'}
[9.430475] (industrial_msgs) StdoutLine: {'line': b'-- Up-to-date symlink: /home/duy/cocarry_ws/install/industrial_msgs/include/industrial_msgs/industrial_msgs/msg/detail/device_info__rosidl_typesupport_fastrtps_c.h\n'}
[9.430713] (industrial_msgs) StdoutLine: {'line': b'-- Up-to-date symlink: /home/duy/cocarry_ws/install/industrial_msgs/include/industrial_msgs/industrial_msgs/msg/detail/robot_mode__rosidl_typesupport_fastrtps_c.h\n'}
[9.430872] (industrial_msgs) StdoutLine: {'line': b'-- Up-to-date symlink: /home/duy/cocarry_ws/install/industrial_msgs/include/industrial_msgs/industrial_msgs/msg/detail/robot_status__rosidl_typesupport_fastrtps_c.h\n'}
[9.434085] (industrial_msgs) StdoutLine: {'line': b'-- Up-to-date symlink: /home/duy/cocarry_ws/install/industrial_msgs/include/industrial_msgs/industrial_msgs/msg/detail/service_return_code__rosidl_typesupport_fastrtps_c.h\n'}
[9.434394] (industrial_msgs) StdoutLine: {'line': b'-- Up-to-date symlink: /home/duy/cocarry_ws/install/industrial_msgs/include/industrial_msgs/industrial_msgs/msg/detail/tri_state__rosidl_typesupport_fastrtps_c.h\n'}
[9.434625] (industrial_msgs) StdoutLine: {'line': b'-- Up-to-date symlink: /home/duy/cocarry_ws/install/industrial_msgs/include/industrial_msgs/industrial_msgs/msg/rosidl_typesupport_fastrtps_c__visibility_control.h\n'}
[9.435108] (industrial_msgs) StdoutLine: {'line': b'-- Up-to-date symlink: /home/duy/cocarry_ws/install/industrial_msgs/include/industrial_msgs/industrial_msgs/msg/detail/debug_level__rosidl_typesupport_introspection_c.h\n'}
[9.436449] (industrial_msgs) StdoutLine: {'line': b'-- Up-to-date symlink: /home/duy/cocarry_ws/install/industrial_msgs/include/industrial_msgs/industrial_msgs/msg/detail/device_info__rosidl_typesupport_introspection_c.h\n'}
[9.440309] (industrial_msgs) StdoutLine: {'line': b'-- Up-to-date symlink: /home/duy/cocarry_ws/install/industrial_msgs/include/industrial_msgs/industrial_msgs/msg/detail/robot_mode__rosidl_typesupport_introspection_c.h\n'}
[9.440608] (industrial_msgs) StdoutLine: {'line': b'-- Up-to-date symlink: /home/duy/cocarry_ws/install/industrial_msgs/include/industrial_msgs/industrial_msgs/msg/detail/robot_status__rosidl_typesupport_introspection_c.h\n'}
[9.440757] (industrial_msgs) StdoutLine: {'line': b'-- Up-to-date symlink: /home/duy/cocarry_ws/install/industrial_msgs/include/industrial_msgs/industrial_msgs/msg/detail/service_return_code__rosidl_typesupport_introspection_c.h\n'}
[9.440883] (industrial_msgs) StdoutLine: {'line': b'-- Up-to-date symlink: /home/duy/cocarry_ws/install/industrial_msgs/include/industrial_msgs/industrial_msgs/msg/detail/tri_state__rosidl_typesupport_introspection_c.h\n'}
[9.441011] (industrial_msgs) StdoutLine: {'line': b'-- Up-to-date symlink: /home/duy/cocarry_ws/install/industrial_msgs/include/industrial_msgs/industrial_msgs/msg/rosidl_typesupport_introspection_c__visibility_control.h\n'}
[9.441149] (industrial_msgs) StdoutLine: {'line': b'-- Up-to-date symlink: /home/duy/cocarry_ws/install/industrial_msgs/include/industrial_msgs/industrial_msgs/msg/debug_level.hpp\n'}
[9.441275] (industrial_msgs) StdoutLine: {'line': b'-- Up-to-date symlink: /home/duy/cocarry_ws/install/industrial_msgs/include/industrial_msgs/industrial_msgs/msg/detail/debug_level__builder.hpp\n'}
[9.441414] (industrial_msgs) StdoutLine: {'line': b'-- Up-to-date symlink: /home/duy/cocarry_ws/install/industrial_msgs/include/industrial_msgs/industrial_msgs/msg/detail/debug_level__struct.hpp\n'}
[9.441535] (industrial_msgs) StdoutLine: {'line': b'-- Up-to-date symlink: /home/duy/cocarry_ws/install/industrial_msgs/include/industrial_msgs/industrial_msgs/msg/detail/debug_level__traits.hpp\n'}
[9.441658] (industrial_msgs) StdoutLine: {'line': b'-- Up-to-date symlink: /home/duy/cocarry_ws/install/industrial_msgs/include/industrial_msgs/industrial_msgs/msg/detail/debug_level__type_support.hpp\n'}
[9.441791] (industrial_msgs) StdoutLine: {'line': b'-- Up-to-date symlink: /home/duy/cocarry_ws/install/industrial_msgs/include/industrial_msgs/industrial_msgs/msg/detail/device_info__builder.hpp\n'}
[9.441906] (industrial_msgs) StdoutLine: {'line': b'-- Up-to-date symlink: /home/duy/cocarry_ws/install/industrial_msgs/include/industrial_msgs/industrial_msgs/msg/detail/device_info__struct.hpp\n'}
[9.445119] (industrial_msgs) StdoutLine: {'line': b'-- Up-to-date symlink: /home/duy/cocarry_ws/install/industrial_msgs/include/industrial_msgs/industrial_msgs/msg/detail/device_info__traits.hpp\n'}
[9.445406] (industrial_msgs) StdoutLine: {'line': b'-- Up-to-date symlink: /home/duy/cocarry_ws/install/industrial_msgs/include/industrial_msgs/industrial_msgs/msg/detail/device_info__type_support.hpp\n'}
[9.445562] (industrial_msgs) StdoutLine: {'line': b'-- Up-to-date symlink: /home/duy/cocarry_ws/install/industrial_msgs/include/industrial_msgs/industrial_msgs/msg/detail/robot_mode__builder.hpp\n'}
[9.445698] (industrial_msgs) StdoutLine: {'line': b'-- Up-to-date symlink: /home/duy/cocarry_ws/install/industrial_msgs/include/industrial_msgs/industrial_msgs/msg/detail/robot_mode__struct.hpp\n'}
[9.448440] (industrial_msgs) StdoutLine: {'line': b'-- Up-to-date symlink: /home/duy/cocarry_ws/install/industrial_msgs/include/industrial_msgs/industrial_msgs/msg/detail/robot_mode__traits.hpp\n'}
[9.448677] (industrial_msgs) StdoutLine: {'line': b'-- Up-to-date symlink: /home/duy/cocarry_ws/install/industrial_msgs/include/industrial_msgs/industrial_msgs/msg/detail/robot_mode__type_support.hpp\n'}
[9.448813] (industrial_msgs) StdoutLine: {'line': b'-- Up-to-date symlink: /home/duy/cocarry_ws/install/industrial_msgs/include/industrial_msgs/industrial_msgs/msg/detail/robot_status__builder.hpp\n'}
[9.448934] (industrial_msgs) StdoutLine: {'line': b'-- Up-to-date symlink: /home/duy/cocarry_ws/install/industrial_msgs/include/industrial_msgs/industrial_msgs/msg/detail/robot_status__struct.hpp\n'}
[9.449070] (industrial_msgs) StdoutLine: {'line': b'-- Up-to-date symlink: /home/duy/cocarry_ws/install/industrial_msgs/include/industrial_msgs/industrial_msgs/msg/detail/robot_status__traits.hpp\n'}
[9.449216] (industrial_msgs) StdoutLine: {'line': b'-- Up-to-date symlink: /home/duy/cocarry_ws/install/industrial_msgs/include/industrial_msgs/industrial_msgs/msg/detail/robot_status__type_support.hpp\n'}
[9.449336] (industrial_msgs) StdoutLine: {'line': b'-- Up-to-date symlink: /home/duy/cocarry_ws/install/industrial_msgs/include/industrial_msgs/industrial_msgs/msg/detail/service_return_code__builder.hpp\n'}
[9.449495] (industrial_msgs) StdoutLine: {'line': b'-- Up-to-date symlink: /home/duy/cocarry_ws/install/industrial_msgs/include/industrial_msgs/industrial_msgs/msg/detail/service_return_code__struct.hpp\n'}
[9.449620] (industrial_msgs) StdoutLine: {'line': b'-- Up-to-date symlink: /home/duy/cocarry_ws/install/industrial_msgs/include/industrial_msgs/industrial_msgs/msg/detail/service_return_code__traits.hpp\n'}
[9.453659] (industrial_msgs) StdoutLine: {'line': b'-- Up-to-date symlink: /home/duy/cocarry_ws/install/industrial_msgs/include/industrial_msgs/industrial_msgs/msg/detail/service_return_code__type_support.hpp\n'}
[9.453925] (industrial_msgs) StdoutLine: {'line': b'-- Up-to-date symlink: /home/duy/cocarry_ws/install/industrial_msgs/include/industrial_msgs/industrial_msgs/msg/detail/tri_state__builder.hpp\n'}
[9.455347] (industrial_msgs) StdoutLine: {'line': b'-- Up-to-date symlink: /home/duy/cocarry_ws/install/industrial_msgs/include/industrial_msgs/industrial_msgs/msg/detail/tri_state__struct.hpp\n'}
[9.455558] (industrial_msgs) StdoutLine: {'line': b'-- Up-to-date symlink: /home/duy/cocarry_ws/install/industrial_msgs/include/industrial_msgs/industrial_msgs/msg/detail/tri_state__traits.hpp\n'}
[9.455715] (industrial_msgs) StdoutLine: {'line': b'-- Up-to-date symlink: /home/duy/cocarry_ws/install/industrial_msgs/include/industrial_msgs/industrial_msgs/msg/detail/tri_state__type_support.hpp\n'}
[9.455833] (industrial_msgs) StdoutLine: {'line': b'-- Up-to-date symlink: /home/duy/cocarry_ws/install/industrial_msgs/include/industrial_msgs/industrial_msgs/msg/device_info.hpp\n'}
[9.455952] (industrial_msgs) StdoutLine: {'line': b'-- Up-to-date symlink: /home/duy/cocarry_ws/install/industrial_msgs/include/industrial_msgs/industrial_msgs/msg/robot_mode.hpp\n'}
[9.456077] (industrial_msgs) StdoutLine: {'line': b'-- Up-to-date symlink: /home/duy/cocarry_ws/install/industrial_msgs/include/industrial_msgs/industrial_msgs/msg/robot_status.hpp\n'}
[9.456200] (industrial_msgs) StdoutLine: {'line': b'-- Up-to-date symlink: /home/duy/cocarry_ws/install/industrial_msgs/include/industrial_msgs/industrial_msgs/msg/rosidl_generator_cpp__visibility_control.hpp\n'}
[9.456318] (industrial_msgs) StdoutLine: {'line': b'-- Up-to-date symlink: /home/duy/cocarry_ws/install/industrial_msgs/include/industrial_msgs/industrial_msgs/msg/service_return_code.hpp\n'}
[9.456432] (industrial_msgs) StdoutLine: {'line': b'-- Up-to-date symlink: /home/duy/cocarry_ws/install/industrial_msgs/include/industrial_msgs/industrial_msgs/msg/tri_state.hpp\n'}
[9.456551] (industrial_msgs) StdoutLine: {'line': b'-- Up-to-date symlink: /home/duy/cocarry_ws/install/industrial_msgs/include/industrial_msgs/industrial_msgs/msg/detail/debug_level__rosidl_typesupport_fastrtps_cpp.hpp\n'}
[9.456685] (industrial_msgs) StdoutLine: {'line': b'-- Up-to-date symlink: /home/duy/cocarry_ws/install/industrial_msgs/include/industrial_msgs/industrial_msgs/msg/detail/device_info__rosidl_typesupport_fastrtps_cpp.hpp\n'}
[9.456801] (industrial_msgs) StdoutLine: {'line': b'-- Up-to-date symlink: /home/duy/cocarry_ws/install/industrial_msgs/include/industrial_msgs/industrial_msgs/msg/detail/robot_mode__rosidl_typesupport_fastrtps_cpp.hpp\n'}
[9.456919] (industrial_msgs) StdoutLine: {'line': b'-- Up-to-date symlink: /home/duy/cocarry_ws/install/industrial_msgs/include/industrial_msgs/industrial_msgs/msg/detail/robot_status__rosidl_typesupport_fastrtps_cpp.hpp\n'}
[9.457040] (industrial_msgs) StdoutLine: {'line': b'-- Up-to-date symlink: /home/duy/cocarry_ws/install/industrial_msgs/include/industrial_msgs/industrial_msgs/msg/detail/service_return_code__rosidl_typesupport_fastrtps_cpp.hpp\n'}
[9.457192] (industrial_msgs) StdoutLine: {'line': b'-- Up-to-date symlink: /home/duy/cocarry_ws/install/industrial_msgs/include/industrial_msgs/industrial_msgs/msg/detail/tri_state__rosidl_typesupport_fastrtps_cpp.hpp\n'}
[9.465534] (industrial_msgs) StdoutLine: {'line': b'-- Up-to-date symlink: /home/duy/cocarry_ws/install/industrial_msgs/include/industrial_msgs/industrial_msgs/msg/rosidl_typesupport_fastrtps_cpp__visibility_control.h\n'}
[9.467566] (industrial_msgs) StdoutLine: {'line': b'-- Up-to-date symlink: /home/duy/cocarry_ws/install/industrial_msgs/include/industrial_msgs/industrial_msgs/msg/detail/debug_level__rosidl_typesupport_introspection_cpp.hpp\n'}
[9.467842] (industrial_msgs) StdoutLine: {'line': b'-- Up-to-date symlink: /home/duy/cocarry_ws/install/industrial_msgs/include/industrial_msgs/industrial_msgs/msg/detail/device_info__rosidl_typesupport_introspection_cpp.hpp\n'}
[9.467981] (industrial_msgs) StdoutLine: {'line': b'-- Up-to-date symlink: /home/duy/cocarry_ws/install/industrial_msgs/include/industrial_msgs/industrial_msgs/msg/detail/robot_mode__rosidl_typesupport_introspection_cpp.hpp\n'}
[9.468147] (industrial_msgs) StdoutLine: {'line': b'-- Up-to-date symlink: /home/duy/cocarry_ws/install/industrial_msgs/include/industrial_msgs/industrial_msgs/msg/detail/robot_status__rosidl_typesupport_introspection_cpp.hpp\n'}
[9.468274] (industrial_msgs) StdoutLine: {'line': b'-- Up-to-date symlink: /home/duy/cocarry_ws/install/industrial_msgs/include/industrial_msgs/industrial_msgs/msg/detail/service_return_code__rosidl_typesupport_introspection_cpp.hpp\n'}
[9.468393] (industrial_msgs) StdoutLine: {'line': b'-- Up-to-date symlink: /home/duy/cocarry_ws/install/industrial_msgs/include/industrial_msgs/industrial_msgs/msg/detail/tri_state__rosidl_typesupport_introspection_cpp.hpp\n'}
[9.468538] (industrial_msgs) StdoutLine: {'line': b'-- Up-to-date symlink: /home/duy/cocarry_ws/install/industrial_msgs/share/industrial_msgs/environment/pythonpath.sh\n'}
[9.468652] (industrial_msgs) StdoutLine: {'line': b'-- Up-to-date symlink: /home/duy/cocarry_ws/install/industrial_msgs/share/industrial_msgs/environment/pythonpath.dsv\n'}
[9.470701] (industrial_msgs) StdoutLine: {'line': b'-- Up-to-date symlink: /home/duy/cocarry_ws/install/industrial_msgs/local/lib/python3.10/dist-packages/industrial_msgs-0.7.3-py3.10.egg-info/PKG-INFO\n'}
[9.471123] (industrial_msgs) StdoutLine: {'line': b'-- Up-to-date symlink: /home/duy/cocarry_ws/install/industrial_msgs/local/lib/python3.10/dist-packages/industrial_msgs-0.7.3-py3.10.egg-info/SOURCES.txt\n'}
[9.471457] (industrial_msgs) StdoutLine: {'line': b'-- Up-to-date symlink: /home/duy/cocarry_ws/install/industrial_msgs/local/lib/python3.10/dist-packages/industrial_msgs-0.7.3-py3.10.egg-info/dependency_links.txt\n'}
[9.471825] (industrial_msgs) StdoutLine: {'line': b'-- Up-to-date symlink: /home/duy/cocarry_ws/install/industrial_msgs/local/lib/python3.10/dist-packages/industrial_msgs-0.7.3-py3.10.egg-info/top_level.txt\n'}
[9.475674] (industrial_msgs) StdoutLine: {'line': b'-- Up-to-date symlink: /home/duy/cocarry_ws/install/industrial_msgs/local/lib/python3.10/dist-packages/industrial_msgs/__init__.py\n'}
[9.479814] (industrial_msgs) StdoutLine: {'line': b'-- Up-to-date symlink: /home/duy/cocarry_ws/install/industrial_msgs/local/lib/python3.10/dist-packages/industrial_msgs/_industrial_msgs_s.ep.rosidl_typesupport_c.c\n'}
[9.482400] (industrial_msgs) StdoutLine: {'line': b'-- Up-to-date symlink: /home/duy/cocarry_ws/install/industrial_msgs/local/lib/python3.10/dist-packages/industrial_msgs/_industrial_msgs_s.ep.rosidl_typesupport_fastrtps_c.c\n'}
[9.482632] (industrial_msgs) StdoutLine: {'line': b'-- Up-to-date symlink: /home/duy/cocarry_ws/install/industrial_msgs/local/lib/python3.10/dist-packages/industrial_msgs/_industrial_msgs_s.ep.rosidl_typesupport_introspection_c.c\n'}
[9.482787] (industrial_msgs) StdoutLine: {'line': b'-- Up-to-date symlink: /home/duy/cocarry_ws/install/industrial_msgs/local/lib/python3.10/dist-packages/industrial_msgs/industrial_msgs_s__rosidl_typesupport_c.cpython-310-x86_64-linux-gnu.so\n'}
[9.482925] (industrial_msgs) StdoutLine: {'line': b'-- Up-to-date symlink: /home/duy/cocarry_ws/install/industrial_msgs/local/lib/python3.10/dist-packages/industrial_msgs/industrial_msgs_s__rosidl_typesupport_fastrtps_c.cpython-310-x86_64-linux-gnu.so\n'}
[9.483500] (industrial_msgs) StdoutLine: {'line': b'-- Up-to-date symlink: /home/duy/cocarry_ws/install/industrial_msgs/local/lib/python3.10/dist-packages/industrial_msgs/industrial_msgs_s__rosidl_typesupport_introspection_c.cpython-310-x86_64-linux-gnu.so\n'}
[9.485091] (industrial_msgs) StdoutLine: {'line': b'-- Up-to-date symlink: /home/duy/cocarry_ws/install/industrial_msgs/local/lib/python3.10/dist-packages/industrial_msgs/libindustrial_msgs__rosidl_generator_py.so\n'}
[9.485617] (industrial_msgs) StdoutLine: {'line': b'-- Up-to-date symlink: /home/duy/cocarry_ws/install/industrial_msgs/local/lib/python3.10/dist-packages/industrial_msgs/msg/__init__.py\n'}
[9.490937] (industrial_msgs) StdoutLine: {'line': b'-- Up-to-date symlink: /home/duy/cocarry_ws/install/industrial_msgs/local/lib/python3.10/dist-packages/industrial_msgs/msg/_debug_level.py\n'}
[9.491370] (industrial_msgs) StdoutLine: {'line': b'-- Up-to-date symlink: /home/duy/cocarry_ws/install/industrial_msgs/local/lib/python3.10/dist-packages/industrial_msgs/msg/_debug_level_s.c\n'}
[9.491515] (industrial_msgs) StdoutLine: {'line': b'-- Up-to-date symlink: /home/duy/cocarry_ws/install/industrial_msgs/local/lib/python3.10/dist-packages/industrial_msgs/msg/_device_info.py\n'}
[9.491642] (industrial_msgs) StdoutLine: {'line': b'-- Up-to-date symlink: /home/duy/cocarry_ws/install/industrial_msgs/local/lib/python3.10/dist-packages/industrial_msgs/msg/_device_info_s.c\n'}
[9.491760] (industrial_msgs) StdoutLine: {'line': b'-- Up-to-date symlink: /home/duy/cocarry_ws/install/industrial_msgs/local/lib/python3.10/dist-packages/industrial_msgs/msg/_robot_mode.py\n'}
[9.491876] (industrial_msgs) StdoutLine: {'line': b'-- Up-to-date symlink: /home/duy/cocarry_ws/install/industrial_msgs/local/lib/python3.10/dist-packages/industrial_msgs/msg/_robot_mode_s.c\n'}
[9.491992] (industrial_msgs) StdoutLine: {'line': b'-- Up-to-date symlink: /home/duy/cocarry_ws/install/industrial_msgs/local/lib/python3.10/dist-packages/industrial_msgs/msg/_robot_status.py\n'}
[9.492166] (industrial_msgs) StdoutLine: {'line': b'-- Up-to-date symlink: /home/duy/cocarry_ws/install/industrial_msgs/local/lib/python3.10/dist-packages/industrial_msgs/msg/_robot_status_s.c\n'}
[9.492293] (industrial_msgs) StdoutLine: {'line': b'-- Up-to-date symlink: /home/duy/cocarry_ws/install/industrial_msgs/local/lib/python3.10/dist-packages/industrial_msgs/msg/_service_return_code.py\n'}
[9.492407] (industrial_msgs) StdoutLine: {'line': b'-- Up-to-date symlink: /home/duy/cocarry_ws/install/industrial_msgs/local/lib/python3.10/dist-packages/industrial_msgs/msg/_service_return_code_s.c\n'}
[9.492519] (industrial_msgs) StdoutLine: {'line': b'-- Up-to-date symlink: /home/duy/cocarry_ws/install/industrial_msgs/local/lib/python3.10/dist-packages/industrial_msgs/msg/_tri_state.py\n'}
[9.499562] (human_hand_msgs) CommandEnded: {'returncode': 0}
[9.503618] (human_hand_msgs) JobProgress: {'identifier': 'human_hand_msgs', 'progress': 'install'}
[9.503731] (human_hand_msgs) Command: {'cmd': ['/usr/bin/cmake', '--install', '/home/duy/cocarry_ws/build/human_hand_msgs'], 'cwd': '/home/duy/cocarry_ws/build/human_hand_msgs', 'env': OrderedDict([('USER', 'duy'), ('SHLVL', '0'), ('LD_LIBRARY_PATH', '/usr/lib/x86_64-linux-gnu/gazebo-11/plugins:/opt/ros/humble/opt/rviz_ogre_vendor/lib:/opt/ros/humble/lib/x86_64-linux-gnu:/opt/ros/humble/lib'), ('HOME', '/home/duy'), ('ROS_PYTHON_VERSION', '3'), ('ROS_DISTRO', 'humble'), ('_', '/usr/bin/colcon'), ('ROS_VERSION', '2'), ('TERM', 'dumb'), ('ROS_LOCALHOST_ONLY', '0'), ('PATH', '/home/duy/.local/bin:/home/duy/.nvm/versions/node/v20.20.2/bin:/opt/ros/humble/bin:/home/duy/.local/bin:/usr/local/sbin:/usr/local/bin:/usr/sbin:/usr/bin:/sbin:/bin:/usr/games:/usr/local/games:/snap/bin:/snap/bin:/home/duy/libfreenect2/build/bin'), ('LANG', 'en_US.UTF-8'), ('TMP', '/tmp'), ('AMENT_PREFIX_PATH', '/opt/ros/humble'), ('SHELL', '/bin/bash'), ('PWD', '/home/duy/cocarry_ws/build/human_hand_msgs'), ('PYTHONPATH', '/opt/ros/humble/lib/python3.10/site-packages:/opt/ros/humble/local/lib/python3.10/dist-packages'), ('COLCON', '1')]), 'shell': False}
[9.507602] (industrial_msgs) StdoutLine: {'line': b'-- Up-to-date symlink: /home/duy/cocarry_ws/install/industrial_msgs/local/lib/python3.10/dist-packages/industrial_msgs/msg/_tri_state_s.c\n'}
[9.507979] (industrial_msgs) StdoutLine: {'line': b'-- Up-to-date symlink: /home/duy/cocarry_ws/install/industrial_msgs/local/lib/python3.10/dist-packages/industrial_msgs/industrial_msgs_s__rosidl_typesupport_fastrtps_c.cpython-310-x86_64-linux-gnu.so\n'}
[9.508189] (industrial_msgs) StdoutLine: {'line': b'-- Up-to-date symlink: /home/duy/cocarry_ws/install/industrial_msgs/local/lib/python3.10/dist-packages/industrial_msgs/industrial_msgs_s__rosidl_typesupport_introspection_c.cpython-310-x86_64-linux-gnu.so\n'}
[9.508348] (industrial_msgs) StdoutLine: {'line': b'-- Up-to-date symlink: /home/duy/cocarry_ws/install/industrial_msgs/local/lib/python3.10/dist-packages/industrial_msgs/industrial_msgs_s__rosidl_typesupport_c.cpython-310-x86_64-linux-gnu.so\n'}
[9.508500] (industrial_msgs) StdoutLine: {'line': b'-- Up-to-date symlink: /home/duy/cocarry_ws/install/industrial_msgs/share/ament_index/resource_index/rust_packages/industrial_msgs\n'}
[9.508697] (industrial_msgs) StdoutLine: {'line': b'-- Up-to-date symlink: /home/duy/cocarry_ws/install/industrial_msgs/share/industrial_msgs/rust/Cargo.toml\n'}
[9.508846] (industrial_msgs) StdoutLine: {'line': b'-- Up-to-date symlink: /home/duy/cocarry_ws/install/industrial_msgs/share/industrial_msgs/rust/build.rs\n'}
[9.508993] (industrial_msgs) StdoutLine: {'line': b'-- Up-to-date symlink: /home/duy/cocarry_ws/install/industrial_msgs/share/industrial_msgs/rust/src/lib.rs\n'}
[9.509766] (industrial_msgs) StdoutLine: {'line': b'-- Up-to-date symlink: /home/duy/cocarry_ws/install/industrial_msgs/share/industrial_msgs/rust/src/msg.rs\n'}
[9.509921] (industrial_msgs) StdoutLine: {'line': b'-- Up-to-date symlink: /home/duy/cocarry_ws/install/industrial_msgs/share/industrial_msgs/rust/src/msg/rmw.rs\n'}
[9.510955] (industrial_msgs) StdoutLine: {'line': b'-- Up-to-date symlink: /home/duy/cocarry_ws/install/industrial_msgs/share/industrial_msgs/msg/DebugLevel.idl\n'}
[9.511155] (industrial_msgs) StdoutLine: {'line': b'-- Up-to-date symlink: /home/duy/cocarry_ws/install/industrial_msgs/share/industrial_msgs/msg/DeviceInfo.idl\n'}
[9.512772] (industrial_msgs) StdoutLine: {'line': b'-- Up-to-date symlink: /home/duy/cocarry_ws/install/industrial_msgs/share/industrial_msgs/msg/RobotMode.idl\n'}
[9.513115] (industrial_msgs) StdoutLine: {'line': b'-- Up-to-date symlink: /home/duy/cocarry_ws/install/industrial_msgs/share/industrial_msgs/msg/RobotStatus.idl\n'}
[9.513319] (industrial_msgs) StdoutLine: {'line': b'-- Up-to-date symlink: /home/duy/cocarry_ws/install/industrial_msgs/share/industrial_msgs/msg/ServiceReturnCode.idl\n'}
[9.515435] (industrial_msgs) StdoutLine: {'line': b'-- Up-to-date symlink: /home/duy/cocarry_ws/install/industrial_msgs/share/industrial_msgs/msg/TriState.idl\n'}
[9.515742] (industrial_msgs) StdoutLine: {'line': b'-- Up-to-date symlink: /home/duy/cocarry_ws/install/industrial_msgs/share/industrial_msgs/msg/DebugLevel.msg\n'}
[9.515891] (industrial_msgs) StdoutLine: {'line': b'-- Up-to-date symlink: /home/duy/cocarry_ws/install/industrial_msgs/share/industrial_msgs/msg/DeviceInfo.msg\n'}
[9.516038] (industrial_msgs) StdoutLine: {'line': b'-- Up-to-date symlink: /home/duy/cocarry_ws/install/industrial_msgs/share/industrial_msgs/msg/RobotMode.msg\n'}
[9.517322] (industrial_msgs) StdoutLine: {'line': b'-- Up-to-date symlink: /home/duy/cocarry_ws/install/industrial_msgs/share/industrial_msgs/msg/RobotStatus.msg\n'}
[9.517472] (industrial_msgs) StdoutLine: {'line': b'-- Up-to-date symlink: /home/duy/cocarry_ws/install/industrial_msgs/share/industrial_msgs/msg/ServiceReturnCode.msg\n'}
[9.517619] (industrial_msgs) StdoutLine: {'line': b'-- Up-to-date symlink: /home/duy/cocarry_ws/install/industrial_msgs/share/industrial_msgs/msg/TriState.msg\n'}
[9.517760] (industrial_msgs) StdoutLine: {'line': b'-- Up-to-date symlink: /home/duy/cocarry_ws/install/industrial_msgs/share/ament_index/resource_index/package_run_dependencies/industrial_msgs\n'}
[9.522193] (industrial_msgs) StdoutLine: {'line': b'-- Up-to-date symlink: /home/duy/cocarry_ws/install/industrial_msgs/share/ament_index/resource_index/parent_prefix_path/industrial_msgs\n'}
[9.522793] (-) TimerEvent: {}
[9.523098] (human_hand_msgs) StdoutLine: {'line': b'-- Install configuration: ""\n'}
[9.524566] (human_hand_msgs) StdoutLine: {'line': b'-- Up-to-date: /home/duy/cocarry_ws/install/human_hand_msgs/share/ament_index/resource_index/rosidl_interfaces/human_hand_msgs\n'}
[9.524965] (human_hand_msgs) StdoutLine: {'line': b'-- Up-to-date: /home/duy/cocarry_ws/install/human_hand_msgs/include/human_hand_msgs/human_hand_msgs\n'}
[9.525102] (human_hand_msgs) StdoutLine: {'line': b'-- Up-to-date: /home/duy/cocarry_ws/install/human_hand_msgs/include/human_hand_msgs/human_hand_msgs/srv\n'}
[9.525247] (human_hand_msgs) StdoutLine: {'line': b'-- Up-to-date: /home/duy/cocarry_ws/install/human_hand_msgs/include/human_hand_msgs/human_hand_msgs/srv/detail\n'}
[9.525379] (human_hand_msgs) StdoutLine: {'line': b'-- Up-to-date: /home/duy/cocarry_ws/install/human_hand_msgs/include/human_hand_msgs/human_hand_msgs/srv/detail/select_model__type_support.h\n'}
[9.525478] (human_hand_msgs) StdoutLine: {'line': b'-- Up-to-date: /home/duy/cocarry_ws/install/human_hand_msgs/include/human_hand_msgs/human_hand_msgs/srv/detail/select_model__struct.h\n'}
[9.525587] (human_hand_msgs) StdoutLine: {'line': b'-- Up-to-date: /home/duy/cocarry_ws/install/human_hand_msgs/include/human_hand_msgs/human_hand_msgs/srv/detail/select_model__functions.c\n'}
[9.525697] (human_hand_msgs) StdoutLine: {'line': b'-- Up-to-date: /home/duy/cocarry_ws/install/human_hand_msgs/include/human_hand_msgs/human_hand_msgs/srv/detail/select_model__functions.h\n'}
[9.525802] (human_hand_msgs) StdoutLine: {'line': b'-- Up-to-date: /home/duy/cocarry_ws/install/human_hand_msgs/include/human_hand_msgs/human_hand_msgs/srv/select_model.h\n'}
[9.525903] (human_hand_msgs) StdoutLine: {'line': b'-- Up-to-date: /home/duy/cocarry_ws/install/human_hand_msgs/include/human_hand_msgs/human_hand_msgs/msg\n'}
[9.526032] (human_hand_msgs) StdoutLine: {'line': b'-- Up-to-date: /home/duy/cocarry_ws/install/human_hand_msgs/include/human_hand_msgs/human_hand_msgs/msg/rosidl_generator_c__visibility_control.h\n'}
[9.526161] (human_hand_msgs) StdoutLine: {'line': b'-- Up-to-date: /home/duy/cocarry_ws/install/human_hand_msgs/include/human_hand_msgs/human_hand_msgs/msg/hand_prediction.h\n'}
[9.526259] (human_hand_msgs) StdoutLine: {'line': b'-- Up-to-date: /home/duy/cocarry_ws/install/human_hand_msgs/include/human_hand_msgs/human_hand_msgs/msg/hand_state.h\n'}
[9.526364] (human_hand_msgs) StdoutLine: {'line': b'-- Up-to-date: /home/duy/cocarry_ws/install/human_hand_msgs/include/human_hand_msgs/human_hand_msgs/msg/detail\n'}
[9.526461] (human_hand_msgs) StdoutLine: {'line': b'-- Up-to-date: /home/duy/cocarry_ws/install/human_hand_msgs/include/human_hand_msgs/human_hand_msgs/msg/detail/system_status__type_support.h\n'}
[9.526561] (human_hand_msgs) StdoutLine: {'line': b'-- Up-to-date: /home/duy/cocarry_ws/install/human_hand_msgs/include/human_hand_msgs/human_hand_msgs/msg/detail/system_status__functions.c\n'}
[9.526672] (human_hand_msgs) StdoutLine: {'line': b'-- Up-to-date: /home/duy/cocarry_ws/install/human_hand_msgs/include/human_hand_msgs/human_hand_msgs/msg/detail/hand_prediction__struct.h\n'}
[9.526764] (human_hand_msgs) StdoutLine: {'line': b'-- Up-to-date: /home/duy/cocarry_ws/install/human_hand_msgs/include/human_hand_msgs/human_hand_msgs/msg/detail/system_status__struct.h\n'}
[9.526857] (human_hand_msgs) StdoutLine: {'line': b'-- Up-to-date: /home/duy/cocarry_ws/install/human_hand_msgs/include/human_hand_msgs/human_hand_msgs/msg/detail/hand_state__type_support.h\n'}
[9.526949] (human_hand_msgs) StdoutLine: {'line': b'-- Up-to-date: /home/duy/cocarry_ws/install/human_hand_msgs/include/human_hand_msgs/human_hand_msgs/msg/detail/hand_prediction__functions.h\n'}
[9.527065] (human_hand_msgs) StdoutLine: {'line': b'-- Up-to-date: /home/duy/cocarry_ws/install/human_hand_msgs/include/human_hand_msgs/human_hand_msgs/msg/detail/hand_state__functions.c\n'}
[9.527166] (human_hand_msgs) StdoutLine: {'line': b'-- Up-to-date: /home/duy/cocarry_ws/install/human_hand_msgs/include/human_hand_msgs/human_hand_msgs/msg/detail/hand_prediction__functions.c\n'}
[9.527245] (human_hand_msgs) StdoutLine: {'line': b'-- Up-to-date: /home/duy/cocarry_ws/install/human_hand_msgs/include/human_hand_msgs/human_hand_msgs/msg/detail/hand_state__functions.h\n'}
[9.527322] (human_hand_msgs) StdoutLine: {'line': b'-- Up-to-date: /home/duy/cocarry_ws/install/human_hand_msgs/include/human_hand_msgs/human_hand_msgs/msg/detail/system_status__functions.h\n'}
[9.527399] (human_hand_msgs) StdoutLine: {'line': b'-- Up-to-date: /home/duy/cocarry_ws/install/human_hand_msgs/include/human_hand_msgs/human_hand_msgs/msg/detail/hand_prediction__type_support.h\n'}
[9.527494] (human_hand_msgs) StdoutLine: {'line': b'-- Up-to-date: /home/duy/cocarry_ws/install/human_hand_msgs/include/human_hand_msgs/human_hand_msgs/msg/detail/hand_state__struct.h\n'}
[9.527572] (human_hand_msgs) StdoutLine: {'line': b'-- Up-to-date: /home/duy/cocarry_ws/install/human_hand_msgs/include/human_hand_msgs/human_hand_msgs/msg/system_status.h\n'}
[9.527655] (human_hand_msgs) StdoutLine: {'line': b'-- Up-to-date: /home/duy/cocarry_ws/install/human_hand_msgs/share/human_hand_msgs/environment/library_path.sh\n'}
[9.527729] (human_hand_msgs) StdoutLine: {'line': b'-- Installing: /home/duy/cocarry_ws/install/human_hand_msgs/share/human_hand_msgs/environment/library_path.dsv\n'}
[9.527814] (industrial_msgs) StdoutLine: {'line': b'-- Up-to-date symlink: /home/duy/cocarry_ws/install/industrial_msgs/share/industrial_msgs/environment/ament_prefix_path.sh\n'}
[9.527907] (industrial_msgs) StdoutLine: {'line': b'-- Up-to-date symlink: /home/duy/cocarry_ws/install/industrial_msgs/share/industrial_msgs/environment/ament_prefix_path.dsv\n'}
[9.527983] (industrial_msgs) StdoutLine: {'line': b'-- Up-to-date symlink: /home/duy/cocarry_ws/install/industrial_msgs/share/industrial_msgs/environment/path.sh\n'}
[9.536470] (industrial_msgs) StdoutLine: {'line': b'-- Up-to-date symlink: /home/duy/cocarry_ws/install/industrial_msgs/share/industrial_msgs/environment/path.dsv\n'}
[9.536847] (human_hand_msgs) StdoutLine: {'line': b'-- Up-to-date: /home/duy/cocarry_ws/install/human_hand_msgs/lib/libhuman_hand_msgs__rosidl_generator_c.so\n'}
[9.537012] (human_hand_msgs) StdoutLine: {'line': b'-- Up-to-date: /home/duy/cocarry_ws/install/human_hand_msgs/include/human_hand_msgs/human_hand_msgs\n'}
[9.537188] (human_hand_msgs) StdoutLine: {'line': b'-- Up-to-date: /home/duy/cocarry_ws/install/human_hand_msgs/include/human_hand_msgs/human_hand_msgs/srv\n'}
[9.537328] (human_hand_msgs) StdoutLine: {'line': b'-- Up-to-date: /home/duy/cocarry_ws/install/human_hand_msgs/include/human_hand_msgs/human_hand_msgs/srv/detail\n'}
[9.537437] (human_hand_msgs) StdoutLine: {'line': b'-- Up-to-date: /home/duy/cocarry_ws/install/human_hand_msgs/include/human_hand_msgs/human_hand_msgs/srv/detail/select_model__rosidl_typesupport_fastrtps_c.h\n'}
[9.537582] (human_hand_msgs) StdoutLine: {'line': b'-- Up-to-date: /home/duy/cocarry_ws/install/human_hand_msgs/include/human_hand_msgs/human_hand_msgs/msg\n'}
[9.537725] (human_hand_msgs) StdoutLine: {'line': b'-- Up-to-date: /home/duy/cocarry_ws/install/human_hand_msgs/include/human_hand_msgs/human_hand_msgs/msg/rosidl_typesupport_fastrtps_c__visibility_control.h\n'}
[9.537862] (human_hand_msgs) StdoutLine: {'line': b'-- Up-to-date: /home/duy/cocarry_ws/install/human_hand_msgs/include/human_hand_msgs/human_hand_msgs/msg/detail\n'}
[9.537981] (human_hand_msgs) StdoutLine: {'line': b'-- Up-to-date: /home/duy/cocarry_ws/install/human_hand_msgs/include/human_hand_msgs/human_hand_msgs/msg/detail/hand_prediction__rosidl_typesupport_fastrtps_c.h\n'}
[9.543278] (human_hand_msgs) StdoutLine: {'line': b'-- Up-to-date: /home/duy/cocarry_ws/install/human_hand_msgs/include/human_hand_msgs/human_hand_msgs/msg/detail/system_status__rosidl_typesupport_fastrtps_c.h\n'}
[9.543454] (human_hand_msgs) StdoutLine: {'line': b'-- Up-to-date: /home/duy/cocarry_ws/install/human_hand_msgs/include/human_hand_msgs/human_hand_msgs/msg/detail/hand_state__rosidl_typesupport_fastrtps_c.h\n'}
[9.543551] (industrial_msgs) StdoutLine: {'line': b'-- Up-to-date symlink: /home/duy/cocarry_ws/install/industrial_msgs/share/industrial_msgs/local_setup.bash\n'}
[9.543648] (human_hand_msgs) StdoutLine: {'line': b'-- Installing: /home/duy/cocarry_ws/install/human_hand_msgs/lib/libhuman_hand_msgs__rosidl_typesupport_fastrtps_c.so\n'}
[9.545415] (industrial_msgs) StdoutLine: {'line': b'-- Up-to-date symlink: /home/duy/cocarry_ws/install/industrial_msgs/share/industrial_msgs/local_setup.sh\n'}
[9.545650] (human_hand_msgs) StdoutLine: {'line': b'-- Set runtime path of "/home/duy/cocarry_ws/install/human_hand_msgs/lib/libhuman_hand_msgs__rosidl_typesupport_fastrtps_c.so" to ""\n'}
[9.545780] (human_hand_msgs) StdoutLine: {'line': b'-- Up-to-date: /home/duy/cocarry_ws/install/human_hand_msgs/include/human_hand_msgs/human_hand_msgs\n'}
[9.545966] (human_hand_msgs) StdoutLine: {'line': b'-- Up-to-date: /home/duy/cocarry_ws/install/human_hand_msgs/include/human_hand_msgs/human_hand_msgs/srv\n'}
[9.549838] (human_hand_msgs) StdoutLine: {'line': b'-- Up-to-date: /home/duy/cocarry_ws/install/human_hand_msgs/include/human_hand_msgs/human_hand_msgs/srv/detail\n'}
[9.550065] (human_hand_msgs) StdoutLine: {'line': b'-- Up-to-date: /home/duy/cocarry_ws/install/human_hand_msgs/include/human_hand_msgs/human_hand_msgs/srv/detail/select_model__type_support.c\n'}
[9.550188] (human_hand_msgs) StdoutLine: {'line': b'-- Up-to-date: /home/duy/cocarry_ws/install/human_hand_msgs/include/human_hand_msgs/human_hand_msgs/srv/detail/select_model__rosidl_typesupport_introspection_c.h\n'}
[9.550337] (human_hand_msgs) StdoutLine: {'line': b'-- Up-to-date: /home/duy/cocarry_ws/install/human_hand_msgs/include/human_hand_msgs/human_hand_msgs/msg\n'}
[9.550630] (human_hand_msgs) StdoutLine: {'line': b'-- Up-to-date: /home/duy/cocarry_ws/install/human_hand_msgs/include/human_hand_msgs/human_hand_msgs/msg/detail\n'}
[9.550798] (human_hand_msgs) StdoutLine: {'line': b'-- Up-to-date: /home/duy/cocarry_ws/install/human_hand_msgs/include/human_hand_msgs/human_hand_msgs/msg/detail/hand_state__type_support.c\n'}
[9.550901] (human_hand_msgs) StdoutLine: {'line': b'-- Up-to-date: /home/duy/cocarry_ws/install/human_hand_msgs/include/human_hand_msgs/human_hand_msgs/msg/detail/system_status__type_support.c\n'}
[9.551057] (human_hand_msgs) StdoutLine: {'line': b'-- Up-to-date: /home/duy/cocarry_ws/install/human_hand_msgs/include/human_hand_msgs/human_hand_msgs/msg/detail/hand_prediction__rosidl_typesupport_introspection_c.h\n'}
[9.551209] (human_hand_msgs) StdoutLine: {'line': b'-- Up-to-date: /home/duy/cocarry_ws/install/human_hand_msgs/include/human_hand_msgs/human_hand_msgs/msg/detail/hand_prediction__type_support.c\n'}
[9.551344] (human_hand_msgs) StdoutLine: {'line': b'-- Up-to-date: /home/duy/cocarry_ws/install/human_hand_msgs/include/human_hand_msgs/human_hand_msgs/msg/detail/hand_state__rosidl_typesupport_introspection_c.h\n'}
[9.551433] (human_hand_msgs) StdoutLine: {'line': b'-- Up-to-date: /home/duy/cocarry_ws/install/human_hand_msgs/include/human_hand_msgs/human_hand_msgs/msg/detail/system_status__rosidl_typesupport_introspection_c.h\n'}
[9.551647] (human_hand_msgs) StdoutLine: {'line': b'-- Up-to-date: /home/duy/cocarry_ws/install/human_hand_msgs/include/human_hand_msgs/human_hand_msgs/msg/rosidl_typesupport_introspection_c__visibility_control.h\n'}
[9.551746] (human_hand_msgs) StdoutLine: {'line': b'-- Up-to-date: /home/duy/cocarry_ws/install/human_hand_msgs/lib/libhuman_hand_msgs__rosidl_typesupport_introspection_c.so\n'}
[9.551864] (human_hand_msgs) StdoutLine: {'line': b'-- Up-to-date: /home/duy/cocarry_ws/install/human_hand_msgs/lib/libhuman_hand_msgs__rosidl_typesupport_c.so\n'}
[9.551950] (human_hand_msgs) StdoutLine: {'line': b'-- Up-to-date: /home/duy/cocarry_ws/install/human_hand_msgs/include/human_hand_msgs/human_hand_msgs\n'}
[9.552034] (human_hand_msgs) StdoutLine: {'line': b'-- Up-to-date: /home/duy/cocarry_ws/install/human_hand_msgs/include/human_hand_msgs/human_hand_msgs/srv\n'}
[9.555357] (human_hand_msgs) StdoutLine: {'line': b'-- Up-to-date: /home/duy/cocarry_ws/install/human_hand_msgs/include/human_hand_msgs/human_hand_msgs/srv/select_model.hpp\n'}
[9.555527] (human_hand_msgs) StdoutLine: {'line': b'-- Up-to-date: /home/duy/cocarry_ws/install/human_hand_msgs/include/human_hand_msgs/human_hand_msgs/srv/detail\n'}
[9.555621] (human_hand_msgs) StdoutLine: {'line': b'-- Up-to-date: /home/duy/cocarry_ws/install/human_hand_msgs/include/human_hand_msgs/human_hand_msgs/srv/detail/select_model__builder.hpp\n'}
[9.555707] (human_hand_msgs) StdoutLine: {'line': b'-- Up-to-date: /home/duy/cocarry_ws/install/human_hand_msgs/include/human_hand_msgs/human_hand_msgs/srv/detail/select_model__traits.hpp\n'}
[9.555811] (human_hand_msgs) StdoutLine: {'line': b'-- Up-to-date: /home/duy/cocarry_ws/install/human_hand_msgs/include/human_hand_msgs/human_hand_msgs/srv/detail/select_model__type_support.hpp\n'}
[9.555896] (human_hand_msgs) StdoutLine: {'line': b'-- Up-to-date: /home/duy/cocarry_ws/install/human_hand_msgs/include/human_hand_msgs/human_hand_msgs/srv/detail/select_model__struct.hpp\n'}
[9.555970] (human_hand_msgs) StdoutLine: {'line': b'-- Up-to-date: /home/duy/cocarry_ws/install/human_hand_msgs/include/human_hand_msgs/human_hand_msgs/msg\n'}
[9.556060] (human_hand_msgs) StdoutLine: {'line': b'-- Up-to-date: /home/duy/cocarry_ws/install/human_hand_msgs/include/human_hand_msgs/human_hand_msgs/msg/rosidl_generator_cpp__visibility_control.hpp\n'}
[9.561208] (human_hand_msgs) StdoutLine: {'line': b'-- Up-to-date: /home/duy/cocarry_ws/install/human_hand_msgs/include/human_hand_msgs/human_hand_msgs/msg/hand_prediction.hpp\n'}
[9.561666] (human_hand_msgs) StdoutLine: {'line': b'-- Up-to-date: /home/duy/cocarry_ws/install/human_hand_msgs/include/human_hand_msgs/human_hand_msgs/msg/detail\n'}
[9.561874] (human_hand_msgs) StdoutLine: {'line': b'-- Up-to-date: /home/duy/cocarry_ws/install/human_hand_msgs/include/human_hand_msgs/human_hand_msgs/msg/detail/system_status__traits.hpp\n'}
[9.562024] (human_hand_msgs) StdoutLine: {'line': b'-- Up-to-date: /home/duy/cocarry_ws/install/human_hand_msgs/include/human_hand_msgs/human_hand_msgs/msg/detail/system_status__builder.hpp\n'}
[9.562153] (human_hand_msgs) StdoutLine: {'line': b'-- Up-to-date: /home/duy/cocarry_ws/install/human_hand_msgs/include/human_hand_msgs/human_hand_msgs/msg/detail/hand_state__type_support.hpp\n'}
[9.562299] (human_hand_msgs) StdoutLine: {'line': b'-- Up-to-date: /home/duy/cocarry_ws/install/human_hand_msgs/include/human_hand_msgs/human_hand_msgs/msg/detail/hand_prediction__struct.hpp\n'}
[9.562426] (human_hand_msgs) StdoutLine: {'line': b'-- Up-to-date: /home/duy/cocarry_ws/install/human_hand_msgs/include/human_hand_msgs/human_hand_msgs/msg/detail/hand_state__struct.hpp\n'}
[9.562599] (human_hand_msgs) StdoutLine: {'line': b'-- Up-to-date: /home/duy/cocarry_ws/install/human_hand_msgs/include/human_hand_msgs/human_hand_msgs/msg/detail/hand_state__builder.hpp\n'}
[9.562709] (human_hand_msgs) StdoutLine: {'line': b'-- Up-to-date: /home/duy/cocarry_ws/install/human_hand_msgs/include/human_hand_msgs/human_hand_msgs/msg/detail/hand_prediction__traits.hpp\n'}
[9.562824] (human_hand_msgs) StdoutLine: {'line': b'-- Up-to-date: /home/duy/cocarry_ws/install/human_hand_msgs/include/human_hand_msgs/human_hand_msgs/msg/detail/system_status__type_support.hpp\n'}
[9.562943] (human_hand_msgs) StdoutLine: {'line': b'-- Up-to-date: /home/duy/cocarry_ws/install/human_hand_msgs/include/human_hand_msgs/human_hand_msgs/msg/detail/hand_prediction__type_support.hpp\n'}
[9.566166] (human_hand_msgs) StdoutLine: {'line': b'-- Up-to-date: /home/duy/cocarry_ws/install/human_hand_msgs/include/human_hand_msgs/human_hand_msgs/msg/detail/hand_prediction__builder.hpp\n'}
[9.566516] (human_hand_msgs) StdoutLine: {'line': b'-- Up-to-date: /home/duy/cocarry_ws/install/human_hand_msgs/include/human_hand_msgs/human_hand_msgs/msg/detail/system_status__struct.hpp\n'}
[9.566637] (human_hand_msgs) StdoutLine: {'line': b'-- Up-to-date: /home/duy/cocarry_ws/install/human_hand_msgs/include/human_hand_msgs/human_hand_msgs/msg/detail/hand_state__traits.hpp\n'}
[9.566730] (human_hand_msgs) StdoutLine: {'line': b'-- Up-to-date: /home/duy/cocarry_ws/install/human_hand_msgs/include/human_hand_msgs/human_hand_msgs/msg/system_status.hpp\n'}
[9.566819] (human_hand_msgs) StdoutLine: {'line': b'-- Up-to-date: /home/duy/cocarry_ws/install/human_hand_msgs/include/human_hand_msgs/human_hand_msgs/msg/hand_state.hpp\n'}
[9.566907] (human_hand_msgs) StdoutLine: {'line': b'-- Up-to-date: /home/duy/cocarry_ws/install/human_hand_msgs/include/human_hand_msgs/human_hand_msgs\n'}
[9.566993] (human_hand_msgs) StdoutLine: {'line': b'-- Up-to-date: /home/duy/cocarry_ws/install/human_hand_msgs/include/human_hand_msgs/human_hand_msgs/srv\n'}
[9.567118] (human_hand_msgs) StdoutLine: {'line': b'-- Up-to-date: /home/duy/cocarry_ws/install/human_hand_msgs/include/human_hand_msgs/human_hand_msgs/srv/detail\n'}
[9.567209] (human_hand_msgs) StdoutLine: {'line': b'-- Up-to-date: /home/duy/cocarry_ws/install/human_hand_msgs/include/human_hand_msgs/human_hand_msgs/srv/detail/dds_fastrtps\n'}
[9.567296] (human_hand_msgs) StdoutLine: {'line': b'-- Up-to-date: /home/duy/cocarry_ws/install/human_hand_msgs/include/human_hand_msgs/human_hand_msgs/srv/detail/select_model__rosidl_typesupport_fastrtps_cpp.hpp\n'}
[9.567396] (human_hand_msgs) StdoutLine: {'line': b'-- Up-to-date: /home/duy/cocarry_ws/install/human_hand_msgs/include/human_hand_msgs/human_hand_msgs/msg\n'}
[9.567480] (human_hand_msgs) StdoutLine: {'line': b'-- Up-to-date: /home/duy/cocarry_ws/install/human_hand_msgs/include/human_hand_msgs/human_hand_msgs/msg/detail\n'}
[9.567564] (human_hand_msgs) StdoutLine: {'line': b'-- Up-to-date: /home/duy/cocarry_ws/install/human_hand_msgs/include/human_hand_msgs/human_hand_msgs/msg/detail/hand_prediction__rosidl_typesupport_fastrtps_cpp.hpp\n'}
[9.567653] (human_hand_msgs) StdoutLine: {'line': b'-- Up-to-date: /home/duy/cocarry_ws/install/human_hand_msgs/include/human_hand_msgs/human_hand_msgs/msg/detail/dds_fastrtps\n'}
[9.567733] (human_hand_msgs) StdoutLine: {'line': b'-- Up-to-date: /home/duy/cocarry_ws/install/human_hand_msgs/include/human_hand_msgs/human_hand_msgs/msg/detail/hand_state__rosidl_typesupport_fastrtps_cpp.hpp\n'}
[9.567820] (human_hand_msgs) StdoutLine: {'line': b'-- Up-to-date: /home/duy/cocarry_ws/install/human_hand_msgs/include/human_hand_msgs/human_hand_msgs/msg/detail/system_status__rosidl_typesupport_fastrtps_cpp.hpp\n'}
[9.567901] (industrial_msgs) StdoutLine: {'line': b'-- Up-to-date symlink: /home/duy/cocarry_ws/install/industrial_msgs/share/industrial_msgs/local_setup.zsh\n'}
[9.567990] (industrial_msgs) StdoutLine: {'line': b'-- Up-to-date symlink: /home/duy/cocarry_ws/install/industrial_msgs/share/industrial_msgs/local_setup.dsv\n'}
[9.568079] (industrial_msgs) StdoutLine: {'line': b'-- Symlinking: /home/duy/cocarry_ws/install/industrial_msgs/share/industrial_msgs/package.dsv\n'}
[9.568155] (human_hand_msgs) StdoutLine: {'line': b'-- Up-to-date: /home/duy/cocarry_ws/install/human_hand_msgs/include/human_hand_msgs/human_hand_msgs/msg/rosidl_typesupport_fastrtps_cpp__visibility_control.h\n'}
[9.568232] (human_hand_msgs) StdoutLine: {'line': b'-- Installing: /home/duy/cocarry_ws/install/human_hand_msgs/lib/libhuman_hand_msgs__rosidl_typesupport_fastrtps_cpp.so\n'}
[9.568300] (human_hand_msgs) StdoutLine: {'line': b'-- Set runtime path of "/home/duy/cocarry_ws/install/human_hand_msgs/lib/libhuman_hand_msgs__rosidl_typesupport_fastrtps_cpp.so" to ""\n'}
[9.568372] (human_hand_msgs) StdoutLine: {'line': b'-- Up-to-date: /home/duy/cocarry_ws/install/human_hand_msgs/include/human_hand_msgs/human_hand_msgs\n'}
[9.568453] (human_hand_msgs) StdoutLine: {'line': b'-- Up-to-date: /home/duy/cocarry_ws/install/human_hand_msgs/include/human_hand_msgs/human_hand_msgs/srv\n'}
[9.568539] (human_hand_msgs) StdoutLine: {'line': b'-- Up-to-date: /home/duy/cocarry_ws/install/human_hand_msgs/include/human_hand_msgs/human_hand_msgs/srv/detail\n'}
[9.568624] (human_hand_msgs) StdoutLine: {'line': b'-- Up-to-date: /home/duy/cocarry_ws/install/human_hand_msgs/include/human_hand_msgs/human_hand_msgs/srv/detail/select_model__type_support.cpp\n'}
[9.568709] (human_hand_msgs) StdoutLine: {'line': b'-- Up-to-date: /home/duy/cocarry_ws/install/human_hand_msgs/include/human_hand_msgs/human_hand_msgs/srv/detail/select_model__rosidl_typesupport_introspection_cpp.hpp\n'}
[9.572360] (human_hand_msgs) StdoutLine: {'line': b'-- Up-to-date: /home/duy/cocarry_ws/install/human_hand_msgs/include/human_hand_msgs/human_hand_msgs/msg\n'}
[9.572567] (human_hand_msgs) StdoutLine: {'line': b'-- Up-to-date: /home/duy/cocarry_ws/install/human_hand_msgs/include/human_hand_msgs/human_hand_msgs/msg/detail\n'}
[9.572703] (human_hand_msgs) StdoutLine: {'line': b'-- Up-to-date: /home/duy/cocarry_ws/install/human_hand_msgs/include/human_hand_msgs/human_hand_msgs/msg/detail/system_status__rosidl_typesupport_introspection_cpp.hpp\n'}
[9.572790] (human_hand_msgs) StdoutLine: {'line': b'-- Up-to-date: /home/duy/cocarry_ws/install/human_hand_msgs/include/human_hand_msgs/human_hand_msgs/msg/detail/system_status__type_support.cpp\n'}
[9.572873] (human_hand_msgs) StdoutLine: {'line': b'-- Up-to-date: /home/duy/cocarry_ws/install/human_hand_msgs/include/human_hand_msgs/human_hand_msgs/msg/detail/hand_prediction__rosidl_typesupport_introspection_cpp.hpp\n'}
[9.572957] (human_hand_msgs) StdoutLine: {'line': b'-- Up-to-date: /home/duy/cocarry_ws/install/human_hand_msgs/include/human_hand_msgs/human_hand_msgs/msg/detail/hand_prediction__type_support.cpp\n'}
[9.573040] (human_hand_msgs) StdoutLine: {'line': b'-- Up-to-date: /home/duy/cocarry_ws/install/human_hand_msgs/include/human_hand_msgs/human_hand_msgs/msg/detail/hand_state__type_support.cpp\n'}
[9.579413] (human_hand_msgs) StdoutLine: {'line': b'-- Up-to-date: /home/duy/cocarry_ws/install/human_hand_msgs/include/human_hand_msgs/human_hand_msgs/msg/detail/hand_state__rosidl_typesupport_introspection_cpp.hpp\n'}
[9.579576] (human_hand_msgs) StdoutLine: {'line': b'-- Installing: /home/duy/cocarry_ws/install/human_hand_msgs/lib/libhuman_hand_msgs__rosidl_typesupport_introspection_cpp.so\n'}
[9.579675] (human_hand_msgs) StdoutLine: {'line': b'-- Set runtime path of "/home/duy/cocarry_ws/install/human_hand_msgs/lib/libhuman_hand_msgs__rosidl_typesupport_introspection_cpp.so" to ""\n'}
[9.579778] (human_hand_msgs) StdoutLine: {'line': b'-- Installing: /home/duy/cocarry_ws/install/human_hand_msgs/lib/libhuman_hand_msgs__rosidl_typesupport_cpp.so\n'}
[9.579893] (human_hand_msgs) StdoutLine: {'line': b'-- Set runtime path of "/home/duy/cocarry_ws/install/human_hand_msgs/lib/libhuman_hand_msgs__rosidl_typesupport_cpp.so" to ""\n'}
[9.580016] (human_hand_msgs) StdoutLine: {'line': b'-- Up-to-date: /home/duy/cocarry_ws/install/human_hand_msgs/share/human_hand_msgs/environment/pythonpath.sh\n'}
[9.580156] (human_hand_msgs) StdoutLine: {'line': b'-- Installing: /home/duy/cocarry_ws/install/human_hand_msgs/share/human_hand_msgs/environment/pythonpath.dsv\n'}
[9.580272] (human_hand_msgs) StdoutLine: {'line': b'-- Up-to-date: /home/duy/cocarry_ws/install/human_hand_msgs/local/lib/python3.10/dist-packages/human_hand_msgs-0.1.0-py3.10.egg-info\n'}
[9.580380] (human_hand_msgs) StdoutLine: {'line': b'-- Installing: /home/duy/cocarry_ws/install/human_hand_msgs/local/lib/python3.10/dist-packages/human_hand_msgs-0.1.0-py3.10.egg-info/top_level.txt\n'}
[9.580494] (human_hand_msgs) StdoutLine: {'line': b'-- Installing: /home/duy/cocarry_ws/install/human_hand_msgs/local/lib/python3.10/dist-packages/human_hand_msgs-0.1.0-py3.10.egg-info/PKG-INFO\n'}
[9.580622] (human_hand_msgs) StdoutLine: {'line': b'-- Installing: /home/duy/cocarry_ws/install/human_hand_msgs/local/lib/python3.10/dist-packages/human_hand_msgs-0.1.0-py3.10.egg-info/dependency_links.txt\n'}
[9.580728] (human_hand_msgs) StdoutLine: {'line': b'-- Installing: /home/duy/cocarry_ws/install/human_hand_msgs/local/lib/python3.10/dist-packages/human_hand_msgs-0.1.0-py3.10.egg-info/SOURCES.txt\n'}
[9.580824] (human_hand_msgs) StdoutLine: {'line': b'-- Up-to-date: /home/duy/cocarry_ws/install/human_hand_msgs/local/lib/python3.10/dist-packages/human_hand_msgs\n'}
[9.580903] (human_hand_msgs) StdoutLine: {'line': b'-- Installing: /home/duy/cocarry_ws/install/human_hand_msgs/local/lib/python3.10/dist-packages/human_hand_msgs/human_hand_msgs_s__rosidl_typesupport_fastrtps_c.cpython-310-x86_64-linux-gnu.so\n'}
[9.580985] (human_hand_msgs) StdoutLine: {'line': b'-- Up-to-date: /home/duy/cocarry_ws/install/human_hand_msgs/local/lib/python3.10/dist-packages/human_hand_msgs/srv\n'}
[9.581078] (human_hand_msgs) StdoutLine: {'line': b'-- Up-to-date: /home/duy/cocarry_ws/install/human_hand_msgs/local/lib/python3.10/dist-packages/human_hand_msgs/srv/__init__.py\n'}
[9.581189] (human_hand_msgs) StdoutLine: {'line': b'-- Up-to-date: /home/duy/cocarry_ws/install/human_hand_msgs/local/lib/python3.10/dist-packages/human_hand_msgs/srv/_select_model.py\n'}
[9.581273] (human_hand_msgs) StdoutLine: {'line': b'-- Up-to-date: /home/duy/cocarry_ws/install/human_hand_msgs/local/lib/python3.10/dist-packages/human_hand_msgs/srv/_select_model_s.c\n'}
[9.581359] (human_hand_msgs) StdoutLine: {'line': b'-- Up-to-date: /home/duy/cocarry_ws/install/human_hand_msgs/local/lib/python3.10/dist-packages/human_hand_msgs/_human_hand_msgs_s.ep.rosidl_typesupport_c.c\n'}
[9.581443] (human_hand_msgs) StdoutLine: {'line': b'-- Up-to-date: /home/duy/cocarry_ws/install/human_hand_msgs/local/lib/python3.10/dist-packages/human_hand_msgs/_human_hand_msgs_s.ep.rosidl_typesupport_introspection_c.c\n'}
[9.581529] (human_hand_msgs) StdoutLine: {'line': b'-- Up-to-date: /home/duy/cocarry_ws/install/human_hand_msgs/local/lib/python3.10/dist-packages/human_hand_msgs/msg\n'}
[9.581617] (human_hand_msgs) StdoutLine: {'line': b'-- Up-to-date: /home/duy/cocarry_ws/install/human_hand_msgs/local/lib/python3.10/dist-packages/human_hand_msgs/msg/_hand_state.py\n'}
[9.581701] (human_hand_msgs) StdoutLine: {'line': b'-- Up-to-date: /home/duy/cocarry_ws/install/human_hand_msgs/local/lib/python3.10/dist-packages/human_hand_msgs/msg/_hand_prediction_s.c\n'}
[9.581780] (human_hand_msgs) StdoutLine: {'line': b'-- Up-to-date: /home/duy/cocarry_ws/install/human_hand_msgs/local/lib/python3.10/dist-packages/human_hand_msgs/msg/__init__.py\n'}
[9.581866] (human_hand_msgs) StdoutLine: {'line': b'-- Up-to-date: /home/duy/cocarry_ws/install/human_hand_msgs/local/lib/python3.10/dist-packages/human_hand_msgs/msg/_hand_state_s.c\n'}
[9.581962] (human_hand_msgs) StdoutLine: {'line': b'-- Up-to-date: /home/duy/cocarry_ws/install/human_hand_msgs/local/lib/python3.10/dist-packages/human_hand_msgs/msg/_hand_prediction.py\n'}
[9.585139] (human_hand_msgs) StdoutLine: {'line': b'-- Up-to-date: /home/duy/cocarry_ws/install/human_hand_msgs/local/lib/python3.10/dist-packages/human_hand_msgs/msg/_system_status_s.c\n'}
[9.585739] (human_hand_msgs) StdoutLine: {'line': b'-- Up-to-date: /home/duy/cocarry_ws/install/human_hand_msgs/local/lib/python3.10/dist-packages/human_hand_msgs/msg/_system_status.py\n'}
[9.585926] (human_hand_msgs) StdoutLine: {'line': b'-- Installing: /home/duy/cocarry_ws/install/human_hand_msgs/local/lib/python3.10/dist-packages/human_hand_msgs/libhuman_hand_msgs__rosidl_generator_py.so\n'}
[9.586129] (human_hand_msgs) StdoutLine: {'line': b'-- Installing: /home/duy/cocarry_ws/install/human_hand_msgs/local/lib/python3.10/dist-packages/human_hand_msgs/__init__.py\n'}
[9.586288] (human_hand_msgs) StdoutLine: {'line': b'-- Installing: /home/duy/cocarry_ws/install/human_hand_msgs/local/lib/python3.10/dist-packages/human_hand_msgs/human_hand_msgs_s__rosidl_typesupport_introspection_c.cpython-310-x86_64-linux-gnu.so\n'}
[9.586433] (human_hand_msgs) StdoutLine: {'line': b'-- Installing: /home/duy/cocarry_ws/install/human_hand_msgs/local/lib/python3.10/dist-packages/human_hand_msgs/human_hand_msgs_s__rosidl_typesupport_c.cpython-310-x86_64-linux-gnu.so\n'}
[9.586575] (human_hand_msgs) StdoutLine: {'line': b'-- Up-to-date: /home/duy/cocarry_ws/install/human_hand_msgs/local/lib/python3.10/dist-packages/human_hand_msgs/_human_hand_msgs_s.ep.rosidl_typesupport_fastrtps_c.c\n'}
[9.619216] (industrial_msgs) StdoutLine: {'line': b'-- Up-to-date symlink: /home/duy/cocarry_ws/install/industrial_msgs/share/ament_index/resource_index/packages/industrial_msgs\n'}
[9.619551] (industrial_msgs) StdoutLine: {'line': b'-- Up-to-date symlink: /home/duy/cocarry_ws/install/industrial_msgs/share/industrial_msgs/cmake/rosidl_cmake-extras.cmake\n'}
[9.620564] (industrial_msgs) StdoutLine: {'line': b'-- Up-to-date symlink: /home/duy/cocarry_ws/install/industrial_msgs/share/industrial_msgs/cmake/ament_cmake_export_dependencies-extras.cmake\n'}
[9.621392] (industrial_msgs) StdoutLine: {'line': b'-- Up-to-date symlink: /home/duy/cocarry_ws/install/industrial_msgs/share/industrial_msgs/cmake/ament_cmake_export_include_directories-extras.cmake\n'}
[9.621853] (industrial_msgs) StdoutLine: {'line': b'-- Up-to-date symlink: /home/duy/cocarry_ws/install/industrial_msgs/share/industrial_msgs/cmake/ament_cmake_export_libraries-extras.cmake\n'}
[9.622915] (-) TimerEvent: {}
[9.623612] (industrial_msgs) StdoutLine: {'line': b'-- Up-to-date symlink: /home/duy/cocarry_ws/install/industrial_msgs/share/industrial_msgs/cmake/ament_cmake_export_targets-extras.cmake\n'}
[9.632146] (industrial_msgs) StdoutLine: {'line': b'-- Up-to-date symlink: /home/duy/cocarry_ws/install/industrial_msgs/share/industrial_msgs/cmake/rosidl_cmake_export_typesupport_targets-extras.cmake\n'}
[9.632468] (industrial_msgs) StdoutLine: {'line': b'-- Up-to-date symlink: /home/duy/cocarry_ws/install/industrial_msgs/share/industrial_msgs/cmake/rosidl_cmake_export_typesupport_libraries-extras.cmake\n'}
[9.632996] (industrial_msgs) StdoutLine: {'line': b'-- Up-to-date symlink: /home/duy/cocarry_ws/install/industrial_msgs/share/industrial_msgs/cmake/industrial_msgsConfig.cmake\n'}
[9.633193] (industrial_msgs) StdoutLine: {'line': b'-- Up-to-date symlink: /home/duy/cocarry_ws/install/industrial_msgs/share/industrial_msgs/cmake/industrial_msgsConfig-version.cmake\n'}
[9.633717] (industrial_msgs) StdoutLine: {'line': b'-- Up-to-date symlink: /home/duy/cocarry_ws/install/industrial_msgs/share/industrial_msgs/package.xml\n'}
[9.637309] (industrial_msgs) StdoutLine: {'line': b'-- Up-to-date: /home/duy/cocarry_ws/install/industrial_msgs/lib/libindustrial_msgs__rosidl_generator_c.so\n'}
[9.638566] (industrial_msgs) StdoutLine: {'line': b'-- Installing: /home/duy/cocarry_ws/install/industrial_msgs/lib/libindustrial_msgs__rosidl_typesupport_fastrtps_c.so\n'}
[9.641596] (industrial_msgs) StdoutLine: {'line': b'-- Set runtime path of "/home/duy/cocarry_ws/install/industrial_msgs/lib/libindustrial_msgs__rosidl_typesupport_fastrtps_c.so" to ""\n'}
[9.649125] (industrial_msgs) StdoutLine: {'line': b'-- Up-to-date: /home/duy/cocarry_ws/install/industrial_msgs/lib/libindustrial_msgs__rosidl_typesupport_introspection_c.so\n'}
[9.650841] (industrial_msgs) StdoutLine: {'line': b'-- Up-to-date: /home/duy/cocarry_ws/install/industrial_msgs/lib/libindustrial_msgs__rosidl_typesupport_c.so\n'}
[9.651122] (industrial_msgs) StdoutLine: {'line': b'-- Installing: /home/duy/cocarry_ws/install/industrial_msgs/lib/libindustrial_msgs__rosidl_typesupport_fastrtps_cpp.so\n'}
[9.651566] (industrial_msgs) StdoutLine: {'line': b'-- Set runtime path of "/home/duy/cocarry_ws/install/industrial_msgs/lib/libindustrial_msgs__rosidl_typesupport_fastrtps_cpp.so" to ""\n'}
[9.653922] (industrial_msgs) StdoutLine: {'line': b'-- Installing: /home/duy/cocarry_ws/install/industrial_msgs/lib/libindustrial_msgs__rosidl_typesupport_introspection_cpp.so\n'}
[9.655895] (industrial_msgs) StdoutLine: {'line': b'-- Set runtime path of "/home/duy/cocarry_ws/install/industrial_msgs/lib/libindustrial_msgs__rosidl_typesupport_introspection_cpp.so" to ""\n'}
[9.658613] (industrial_msgs) StdoutLine: {'line': b'-- Installing: /home/duy/cocarry_ws/install/industrial_msgs/lib/libindustrial_msgs__rosidl_typesupport_cpp.so\n'}
[9.659188] (industrial_msgs) StdoutLine: {'line': b'-- Set runtime path of "/home/duy/cocarry_ws/install/industrial_msgs/lib/libindustrial_msgs__rosidl_typesupport_cpp.so" to ""\n'}
[9.723147] (-) TimerEvent: {}
[9.744316] (human_hand_msgs) StdoutLine: {'line': b"Listing '/home/duy/cocarry_ws/install/human_hand_msgs/local/lib/python3.10/dist-packages/human_hand_msgs'...\n"}
[9.744630] (human_hand_msgs) StdoutLine: {'line': b"Compiling '/home/duy/cocarry_ws/install/human_hand_msgs/local/lib/python3.10/dist-packages/human_hand_msgs/__init__.py'...\n"}
[9.744746] (human_hand_msgs) StdoutLine: {'line': b"Listing '/home/duy/cocarry_ws/install/human_hand_msgs/local/lib/python3.10/dist-packages/human_hand_msgs/msg'...\n"}
[9.744833] (human_hand_msgs) StdoutLine: {'line': b"Listing '/home/duy/cocarry_ws/install/human_hand_msgs/local/lib/python3.10/dist-packages/human_hand_msgs/srv'...\n"}
[9.778127] (human_hand_msgs) StdoutLine: {'line': b'-- Installing: /home/duy/cocarry_ws/install/human_hand_msgs/local/lib/python3.10/dist-packages/human_hand_msgs/human_hand_msgs_s__rosidl_typesupport_fastrtps_c.cpython-310-x86_64-linux-gnu.so\n'}
[9.778661] (human_hand_msgs) StdoutLine: {'line': b'-- Set runtime path of "/home/duy/cocarry_ws/install/human_hand_msgs/local/lib/python3.10/dist-packages/human_hand_msgs/human_hand_msgs_s__rosidl_typesupport_fastrtps_c.cpython-310-x86_64-linux-gnu.so" to ""\n'}
[9.779551] (human_hand_msgs) StdoutLine: {'line': b'-- Installing: /home/duy/cocarry_ws/install/human_hand_msgs/local/lib/python3.10/dist-packages/human_hand_msgs/human_hand_msgs_s__rosidl_typesupport_introspection_c.cpython-310-x86_64-linux-gnu.so\n'}
[9.780528] (human_hand_msgs) StdoutLine: {'line': b'-- Set runtime path of "/home/duy/cocarry_ws/install/human_hand_msgs/local/lib/python3.10/dist-packages/human_hand_msgs/human_hand_msgs_s__rosidl_typesupport_introspection_c.cpython-310-x86_64-linux-gnu.so" to ""\n'}
[9.782218] (human_hand_msgs) StdoutLine: {'line': b'-- Installing: /home/duy/cocarry_ws/install/human_hand_msgs/local/lib/python3.10/dist-packages/human_hand_msgs/human_hand_msgs_s__rosidl_typesupport_c.cpython-310-x86_64-linux-gnu.so\n'}
[9.783094] (human_hand_msgs) StdoutLine: {'line': b'-- Set runtime path of "/home/duy/cocarry_ws/install/human_hand_msgs/local/lib/python3.10/dist-packages/human_hand_msgs/human_hand_msgs_s__rosidl_typesupport_c.cpython-310-x86_64-linux-gnu.so" to ""\n'}
[9.786427] (human_hand_msgs) StdoutLine: {'line': b'-- Installing: /home/duy/cocarry_ws/install/human_hand_msgs/lib/libhuman_hand_msgs__rosidl_generator_py.so\n'}
[9.790442] (human_hand_msgs) StdoutLine: {'line': b'-- Set runtime path of "/home/duy/cocarry_ws/install/human_hand_msgs/lib/libhuman_hand_msgs__rosidl_generator_py.so" to ""\n'}
[9.790741] (human_hand_msgs) StdoutLine: {'line': b'-- Up-to-date: /home/duy/cocarry_ws/install/human_hand_msgs/share/ament_index/resource_index/rust_packages/human_hand_msgs\n'}
[9.790855] (human_hand_msgs) StdoutLine: {'line': b'-- Up-to-date: /home/duy/cocarry_ws/install/human_hand_msgs/share/human_hand_msgs/rust\n'}
[9.790945] (human_hand_msgs) StdoutLine: {'line': b'-- Up-to-date: /home/duy/cocarry_ws/install/human_hand_msgs/share/human_hand_msgs/rust/src\n'}
[9.791048] (human_hand_msgs) StdoutLine: {'line': b'-- Up-to-date: /home/duy/cocarry_ws/install/human_hand_msgs/share/human_hand_msgs/rust/src/msg.rs\n'}
[9.791152] (human_hand_msgs) StdoutLine: {'line': b'-- Up-to-date: /home/duy/cocarry_ws/install/human_hand_msgs/share/human_hand_msgs/rust/src/lib.rs\n'}
[9.791232] (human_hand_msgs) StdoutLine: {'line': b'-- Up-to-date: /home/duy/cocarry_ws/install/human_hand_msgs/share/human_hand_msgs/rust/src/srv\n'}
[9.791312] (human_hand_msgs) StdoutLine: {'line': b'-- Up-to-date: /home/duy/cocarry_ws/install/human_hand_msgs/share/human_hand_msgs/rust/src/srv/rmw.rs\n'}
[9.791389] (human_hand_msgs) StdoutLine: {'line': b'-- Up-to-date: /home/duy/cocarry_ws/install/human_hand_msgs/share/human_hand_msgs/rust/src/srv.rs\n'}
[9.792161] (human_hand_msgs) StdoutLine: {'line': b'-- Up-to-date: /home/duy/cocarry_ws/install/human_hand_msgs/share/human_hand_msgs/rust/src/msg\n'}
[9.792348] (human_hand_msgs) StdoutLine: {'line': b'-- Up-to-date: /home/duy/cocarry_ws/install/human_hand_msgs/share/human_hand_msgs/rust/src/msg/rmw.rs\n'}
[9.792440] (human_hand_msgs) StdoutLine: {'line': b'-- Up-to-date: /home/duy/cocarry_ws/install/human_hand_msgs/share/human_hand_msgs/rust/Cargo.toml\n'}
[9.792520] (human_hand_msgs) StdoutLine: {'line': b'-- Up-to-date: /home/duy/cocarry_ws/install/human_hand_msgs/share/human_hand_msgs/rust/build.rs\n'}
[9.792603] (human_hand_msgs) StdoutLine: {'line': b'-- Up-to-date: /home/duy/cocarry_ws/install/human_hand_msgs/share/human_hand_msgs/msg/HandState.idl\n'}
[9.792680] (human_hand_msgs) StdoutLine: {'line': b'-- Up-to-date: /home/duy/cocarry_ws/install/human_hand_msgs/share/human_hand_msgs/msg/HandPrediction.idl\n'}
[9.793043] (human_hand_msgs) StdoutLine: {'line': b'-- Up-to-date: /home/duy/cocarry_ws/install/human_hand_msgs/share/human_hand_msgs/msg/SystemStatus.idl\n'}
[9.793212] (human_hand_msgs) StdoutLine: {'line': b'-- Up-to-date: /home/duy/cocarry_ws/install/human_hand_msgs/share/human_hand_msgs/srv/SelectModel.idl\n'}
[9.796075] (human_hand_msgs) StdoutLine: {'line': b'-- Up-to-date: /home/duy/cocarry_ws/install/human_hand_msgs/share/human_hand_msgs/msg/HandState.msg\n'}
[9.796368] (human_hand_msgs) StdoutLine: {'line': b'-- Up-to-date: /home/duy/cocarry_ws/install/human_hand_msgs/share/human_hand_msgs/msg/HandPrediction.msg\n'}
[9.796511] (human_hand_msgs) StdoutLine: {'line': b'-- Up-to-date: /home/duy/cocarry_ws/install/human_hand_msgs/share/human_hand_msgs/msg/SystemStatus.msg\n'}
[9.796604] (human_hand_msgs) StdoutLine: {'line': b'-- Up-to-date: /home/duy/cocarry_ws/install/human_hand_msgs/share/human_hand_msgs/srv/SelectModel.srv\n'}
[9.796688] (human_hand_msgs) StdoutLine: {'line': b'-- Up-to-date: /home/duy/cocarry_ws/install/human_hand_msgs/share/human_hand_msgs/srv/SelectModel_Request.msg\n'}
[9.796779] (human_hand_msgs) StdoutLine: {'line': b'-- Up-to-date: /home/duy/cocarry_ws/install/human_hand_msgs/share/human_hand_msgs/srv/SelectModel_Response.msg\n'}
[9.796861] (human_hand_msgs) StdoutLine: {'line': b'-- Up-to-date: /home/duy/cocarry_ws/install/human_hand_msgs/share/ament_index/resource_index/package_run_dependencies/human_hand_msgs\n'}
[9.796952] (human_hand_msgs) StdoutLine: {'line': b'-- Installing: /home/duy/cocarry_ws/install/human_hand_msgs/share/ament_index/resource_index/parent_prefix_path/human_hand_msgs\n'}
[9.797631] (human_hand_msgs) StdoutLine: {'line': b'-- Up-to-date: /home/duy/cocarry_ws/install/human_hand_msgs/share/human_hand_msgs/environment/ament_prefix_path.sh\n'}
[9.797901] (human_hand_msgs) StdoutLine: {'line': b'-- Installing: /home/duy/cocarry_ws/install/human_hand_msgs/share/human_hand_msgs/environment/ament_prefix_path.dsv\n'}
[9.798828] (human_hand_msgs) StdoutLine: {'line': b'-- Up-to-date: /home/duy/cocarry_ws/install/human_hand_msgs/share/human_hand_msgs/environment/path.sh\n'}
[9.799127] (human_hand_msgs) StdoutLine: {'line': b'-- Installing: /home/duy/cocarry_ws/install/human_hand_msgs/share/human_hand_msgs/environment/path.dsv\n'}
[9.799950] (human_hand_msgs) StdoutLine: {'line': b'-- Up-to-date: /home/duy/cocarry_ws/install/human_hand_msgs/share/human_hand_msgs/local_setup.bash\n'}
[9.800148] (human_hand_msgs) StdoutLine: {'line': b'-- Up-to-date: /home/duy/cocarry_ws/install/human_hand_msgs/share/human_hand_msgs/local_setup.sh\n'}
[9.800338] (human_hand_msgs) StdoutLine: {'line': b'-- Up-to-date: /home/duy/cocarry_ws/install/human_hand_msgs/share/human_hand_msgs/local_setup.zsh\n'}
[9.800430] (human_hand_msgs) StdoutLine: {'line': b'-- Installing: /home/duy/cocarry_ws/install/human_hand_msgs/share/human_hand_msgs/local_setup.dsv\n'}
[9.800515] (human_hand_msgs) StdoutLine: {'line': b'-- Installing: /home/duy/cocarry_ws/install/human_hand_msgs/share/human_hand_msgs/package.dsv\n'}
[9.800596] (human_hand_msgs) StdoutLine: {'line': b'-- Up-to-date: /home/duy/cocarry_ws/install/human_hand_msgs/share/ament_index/resource_index/packages/human_hand_msgs\n'}
[9.801561] (human_hand_msgs) StdoutLine: {'line': b'-- Up-to-date: /home/duy/cocarry_ws/install/human_hand_msgs/share/human_hand_msgs/cmake/export_human_hand_msgs__rosidl_generator_cExport.cmake\n'}
[9.801701] (human_hand_msgs) StdoutLine: {'line': b'-- Up-to-date: /home/duy/cocarry_ws/install/human_hand_msgs/share/human_hand_msgs/cmake/export_human_hand_msgs__rosidl_generator_cExport-noconfig.cmake\n'}
[9.802041] (human_hand_msgs) StdoutLine: {'line': b'-- Up-to-date: /home/duy/cocarry_ws/install/human_hand_msgs/share/human_hand_msgs/cmake/export_human_hand_msgs__rosidl_typesupport_fastrtps_cExport.cmake\n'}
[9.802177] (human_hand_msgs) StdoutLine: {'line': b'-- Up-to-date: /home/duy/cocarry_ws/install/human_hand_msgs/share/human_hand_msgs/cmake/export_human_hand_msgs__rosidl_typesupport_fastrtps_cExport-noconfig.cmake\n'}
[9.802296] (human_hand_msgs) StdoutLine: {'line': b'-- Up-to-date: /home/duy/cocarry_ws/install/human_hand_msgs/share/human_hand_msgs/cmake/human_hand_msgs__rosidl_typesupport_introspection_cExport.cmake\n'}
[9.803604] (human_hand_msgs) StdoutLine: {'line': b'-- Up-to-date: /home/duy/cocarry_ws/install/human_hand_msgs/share/human_hand_msgs/cmake/human_hand_msgs__rosidl_typesupport_introspection_cExport-noconfig.cmake\n'}
[9.803746] (human_hand_msgs) StdoutLine: {'line': b'-- Up-to-date: /home/duy/cocarry_ws/install/human_hand_msgs/share/human_hand_msgs/cmake/human_hand_msgs__rosidl_typesupport_cExport.cmake\n'}
[9.803858] (human_hand_msgs) StdoutLine: {'line': b'-- Up-to-date: /home/duy/cocarry_ws/install/human_hand_msgs/share/human_hand_msgs/cmake/human_hand_msgs__rosidl_typesupport_cExport-noconfig.cmake\n'}
[9.804741] (human_hand_msgs) StdoutLine: {'line': b'-- Up-to-date: /home/duy/cocarry_ws/install/human_hand_msgs/share/human_hand_msgs/cmake/export_human_hand_msgs__rosidl_generator_cppExport.cmake\n'}
[9.805048] (human_hand_msgs) StdoutLine: {'line': b'-- Up-to-date: /home/duy/cocarry_ws/install/human_hand_msgs/share/human_hand_msgs/cmake/export_human_hand_msgs__rosidl_typesupport_fastrtps_cppExport.cmake\n'}
[9.805142] (human_hand_msgs) StdoutLine: {'line': b'-- Up-to-date: /home/duy/cocarry_ws/install/human_hand_msgs/share/human_hand_msgs/cmake/export_human_hand_msgs__rosidl_typesupport_fastrtps_cppExport-noconfig.cmake\n'}
[9.805324] (human_hand_msgs) StdoutLine: {'line': b'-- Up-to-date: /home/duy/cocarry_ws/install/human_hand_msgs/share/human_hand_msgs/cmake/human_hand_msgs__rosidl_typesupport_introspection_cppExport.cmake\n'}
[9.805837] (human_hand_msgs) StdoutLine: {'line': b'-- Up-to-date: /home/duy/cocarry_ws/install/human_hand_msgs/share/human_hand_msgs/cmake/human_hand_msgs__rosidl_typesupport_introspection_cppExport-noconfig.cmake\n'}
[9.806012] (motoros2_interfaces) StdoutLine: {'line': b'[ 64%] \x1b[32mBuilding CXX object CMakeFiles/motoros2_interfaces__rosidl_typesupport_fastrtps_cpp.dir/rosidl_typesupport_fastrtps_cpp/motoros2_interfaces/srv/detail/dds_fastrtps/get_active_alarm_info__type_support.cpp.o\x1b[0m\n'}
[9.806283] (human_hand_msgs) StdoutLine: {'line': b'-- Up-to-date: /home/duy/cocarry_ws/install/human_hand_msgs/share/human_hand_msgs/cmake/human_hand_msgs__rosidl_typesupport_cppExport.cmake\n'}
[9.809485] (human_hand_msgs) StdoutLine: {'line': b'-- Up-to-date: /home/duy/cocarry_ws/install/human_hand_msgs/share/human_hand_msgs/cmake/human_hand_msgs__rosidl_typesupport_cppExport-noconfig.cmake\n'}
[9.809688] (human_hand_msgs) StdoutLine: {'line': b'-- Up-to-date: /home/duy/cocarry_ws/install/human_hand_msgs/share/human_hand_msgs/cmake/export_human_hand_msgs__rosidl_generator_pyExport.cmake\n'}
[9.809782] (human_hand_msgs) StdoutLine: {'line': b'-- Up-to-date: /home/duy/cocarry_ws/install/human_hand_msgs/share/human_hand_msgs/cmake/export_human_hand_msgs__rosidl_generator_pyExport-noconfig.cmake\n'}
[9.809863] (human_hand_msgs) StdoutLine: {'line': b'-- Up-to-date: /home/duy/cocarry_ws/install/human_hand_msgs/share/human_hand_msgs/cmake/rosidl_cmake-extras.cmake\n'}
[9.809942] (human_hand_msgs) StdoutLine: {'line': b'-- Up-to-date: /home/duy/cocarry_ws/install/human_hand_msgs/share/human_hand_msgs/cmake/ament_cmake_export_dependencies-extras.cmake\n'}
[9.810016] (human_hand_msgs) StdoutLine: {'line': b'-- Up-to-date: /home/duy/cocarry_ws/install/human_hand_msgs/share/human_hand_msgs/cmake/ament_cmake_export_include_directories-extras.cmake\n'}
[9.810111] (human_hand_msgs) StdoutLine: {'line': b'-- Up-to-date: /home/duy/cocarry_ws/install/human_hand_msgs/share/human_hand_msgs/cmake/ament_cmake_export_libraries-extras.cmake\n'}
[9.810191] (human_hand_msgs) StdoutLine: {'line': b'-- Up-to-date: /home/duy/cocarry_ws/install/human_hand_msgs/share/human_hand_msgs/cmake/ament_cmake_export_targets-extras.cmake\n'}
[9.810268] (human_hand_msgs) StdoutLine: {'line': b'-- Up-to-date: /home/duy/cocarry_ws/install/human_hand_msgs/share/human_hand_msgs/cmake/rosidl_cmake_export_typesupport_targets-extras.cmake\n'}
[9.810348] (human_hand_msgs) StdoutLine: {'line': b'-- Up-to-date: /home/duy/cocarry_ws/install/human_hand_msgs/share/human_hand_msgs/cmake/rosidl_cmake_export_typesupport_libraries-extras.cmake\n'}
[9.810451] (human_hand_msgs) StdoutLine: {'line': b'-- Up-to-date: /home/duy/cocarry_ws/install/human_hand_msgs/share/human_hand_msgs/cmake/human_hand_msgsConfig.cmake\n'}
[9.810631] (human_hand_msgs) StdoutLine: {'line': b'-- Up-to-date: /home/duy/cocarry_ws/install/human_hand_msgs/share/human_hand_msgs/cmake/human_hand_msgsConfig-version.cmake\n'}
[9.810741] (human_hand_msgs) StdoutLine: {'line': b'-- Up-to-date: /home/duy/cocarry_ws/install/human_hand_msgs/share/human_hand_msgs/package.xml\n'}
[9.815538] (human_hand_msgs) CommandEnded: {'returncode': 0}
[9.818564] (motoros2_interfaces) StdoutLine: {'line': b'[ 65%] \x1b[32mBuilding CXX object CMakeFiles/motoros2_interfaces__rosidl_typesupport_fastrtps_c.dir/rosidl_typesupport_fastrtps_c/motoros2_interfaces/srv/detail/queue_traj_point__type_support_c.cpp.o\x1b[0m\n'}
[9.826672] (-) TimerEvent: {}
[9.832352] (industrial_msgs) StdoutLine: {'line': b"Listing '/home/duy/cocarry_ws/install/industrial_msgs/local/lib/python3.10/dist-packages/industrial_msgs'...\n"}
[9.832671] (industrial_msgs) StdoutLine: {'line': b"Compiling '/home/duy/cocarry_ws/install/industrial_msgs/local/lib/python3.10/dist-packages/industrial_msgs/__init__.py'...\n"}
[9.832789] (industrial_msgs) StdoutLine: {'line': b"Listing '/home/duy/cocarry_ws/install/industrial_msgs/local/lib/python3.10/dist-packages/industrial_msgs/msg'...\n"}
[9.845819] (industrial_msgs) StdoutLine: {'line': b'-- Installing: /home/duy/cocarry_ws/install/industrial_msgs/lib/libindustrial_msgs__rosidl_generator_py.so\n'}
[9.852338] (industrial_msgs) StdoutLine: {'line': b'-- Set runtime path of "/home/duy/cocarry_ws/install/industrial_msgs/lib/libindustrial_msgs__rosidl_generator_py.so" to ""\n'}
[9.852592] (industrial_msgs) StdoutLine: {'line': b'-- Up-to-date: /home/duy/cocarry_ws/install/industrial_msgs/share/industrial_msgs/cmake/export_industrial_msgs__rosidl_generator_cExport.cmake\n'}
[9.852753] (industrial_msgs) StdoutLine: {'line': b'-- Up-to-date: /home/duy/cocarry_ws/install/industrial_msgs/share/industrial_msgs/cmake/export_industrial_msgs__rosidl_generator_cExport-noconfig.cmake\n'}
[9.852913] (industrial_msgs) StdoutLine: {'line': b'-- Up-to-date: /home/duy/cocarry_ws/install/industrial_msgs/share/industrial_msgs/cmake/export_industrial_msgs__rosidl_typesupport_fastrtps_cExport.cmake\n'}
[9.853047] (industrial_msgs) StdoutLine: {'line': b'-- Up-to-date: /home/duy/cocarry_ws/install/industrial_msgs/share/industrial_msgs/cmake/export_industrial_msgs__rosidl_typesupport_fastrtps_cExport-noconfig.cmake\n'}
[9.853686] (industrial_msgs) StdoutLine: {'line': b'-- Up-to-date: /home/duy/cocarry_ws/install/industrial_msgs/share/industrial_msgs/cmake/industrial_msgs__rosidl_typesupport_introspection_cExport.cmake\n'}
[9.853840] (industrial_msgs) StdoutLine: {'line': b'-- Up-to-date: /home/duy/cocarry_ws/install/industrial_msgs/share/industrial_msgs/cmake/industrial_msgs__rosidl_typesupport_introspection_cExport-noconfig.cmake\n'}
[9.853978] (industrial_msgs) StdoutLine: {'line': b'-- Up-to-date: /home/duy/cocarry_ws/install/industrial_msgs/share/industrial_msgs/cmake/industrial_msgs__rosidl_typesupport_cExport.cmake\n'}
[9.858451] (industrial_msgs) StdoutLine: {'line': b'-- Up-to-date: /home/duy/cocarry_ws/install/industrial_msgs/share/industrial_msgs/cmake/industrial_msgs__rosidl_typesupport_cExport-noconfig.cmake\n'}
[9.858596] (industrial_msgs) StdoutLine: {'line': b'-- Up-to-date: /home/duy/cocarry_ws/install/industrial_msgs/share/industrial_msgs/cmake/export_industrial_msgs__rosidl_generator_cppExport.cmake\n'}
[9.858688] (industrial_msgs) StdoutLine: {'line': b'-- Up-to-date: /home/duy/cocarry_ws/install/industrial_msgs/share/industrial_msgs/cmake/export_industrial_msgs__rosidl_typesupport_fastrtps_cppExport.cmake\n'}
[9.858774] (industrial_msgs) StdoutLine: {'line': b'-- Up-to-date: /home/duy/cocarry_ws/install/industrial_msgs/share/industrial_msgs/cmake/export_industrial_msgs__rosidl_typesupport_fastrtps_cppExport-noconfig.cmake\n'}
[9.858863] (industrial_msgs) StdoutLine: {'line': b'-- Up-to-date: /home/duy/cocarry_ws/install/industrial_msgs/share/industrial_msgs/cmake/industrial_msgs__rosidl_typesupport_introspection_cppExport.cmake\n'}
[9.858990] (industrial_msgs) StdoutLine: {'line': b'-- Up-to-date: /home/duy/cocarry_ws/install/industrial_msgs/share/industrial_msgs/cmake/industrial_msgs__rosidl_typesupport_introspection_cppExport-noconfig.cmake\n'}
[9.862142] (industrial_msgs) StdoutLine: {'line': b'-- Up-to-date: /home/duy/cocarry_ws/install/industrial_msgs/share/industrial_msgs/cmake/industrial_msgs__rosidl_typesupport_cppExport.cmake\n'}
[9.862372] (industrial_msgs) StdoutLine: {'line': b'-- Up-to-date: /home/duy/cocarry_ws/install/industrial_msgs/share/industrial_msgs/cmake/industrial_msgs__rosidl_typesupport_cppExport-noconfig.cmake\n'}
[9.862571] (industrial_msgs) StdoutLine: {'line': b'-- Up-to-date: /home/duy/cocarry_ws/install/industrial_msgs/share/industrial_msgs/cmake/export_industrial_msgs__rosidl_generator_pyExport.cmake\n'}
[9.862706] (industrial_msgs) StdoutLine: {'line': b'-- Up-to-date: /home/duy/cocarry_ws/install/industrial_msgs/share/industrial_msgs/cmake/export_industrial_msgs__rosidl_generator_pyExport-noconfig.cmake\n'}
[9.864632] (motoros2_interfaces) StdoutLine: {'line': b'[ 65%] \x1b[32mBuilding CXX object CMakeFiles/motoros2_interfaces__rosidl_typesupport_introspection_cpp.dir/rosidl_typesupport_introspection_cpp/motoros2_interfaces/srv/detail/select_motion_tool__type_support.cpp.o\x1b[0m\n'}
[9.907325] (motoros2_interfaces) StdoutLine: {'line': b'[ 65%] \x1b[32mBuilding CXX object CMakeFiles/motoros2_interfaces__rosidl_typesupport_fastrtps_cpp.dir/rosidl_typesupport_fastrtps_cpp/motoros2_interfaces/srv/detail/dds_fastrtps/list_inform_jobs__type_support.cpp.o\x1b[0m\n'}
[9.934308] (human_hand_msgs) JobEnded: {'identifier': 'human_hand_msgs', 'rc': 0}
[9.934875] (-) TimerEvent: {}
[9.935141] (coord_transform) JobStarted: {'identifier': 'coord_transform'}
[9.944273] (motoros2_interfaces) StdoutLine: {'line': b'[ 66%] \x1b[32mBuilding CXX object CMakeFiles/motoros2_interfaces__rosidl_typesupport_cpp.dir/rosidl_typesupport_cpp/motoros2_interfaces/srv/write_m_register__type_support.cpp.o\x1b[0m\n'}
[9.993164] (experiment_logger) JobStarted: {'identifier': 'experiment_logger'}
[10.038839] (predictor_ui) JobStarted: {'identifier': 'predictor_ui'}
[10.039063] (-) TimerEvent: {}
[10.071117] (realsense_tracker) JobStarted: {'identifier': 'realsense_tracker'}
[10.105498] (trajectory_predictor) JobStarted: {'identifier': 'trajectory_predictor'}
[10.119195] (motoros2_interfaces) StdoutLine: {'line': b'[ 67%] \x1b[32mBuilding CXX object CMakeFiles/motoros2_interfaces__rosidl_typesupport_introspection_cpp.dir/rosidl_typesupport_introspection_cpp/motoros2_interfaces/srv/detail/start_traj_mode__type_support.cpp.o\x1b[0m\n'}
[10.140524] (-) TimerEvent: {}
[10.165898] (motoros2_interfaces) StdoutLine: {'line': b'[ 67%] \x1b[32mBuilding CXX object CMakeFiles/motoros2_interfaces__rosidl_typesupport_fastrtps_c.dir/rosidl_typesupport_fastrtps_c/motoros2_interfaces/srv/detail/read_m_register__type_support_c.cpp.o\x1b[0m\n'}
[10.213210] (motoros2_interfaces) StdoutLine: {'line': b'[ 68%] \x1b[32mBuilding CXX object CMakeFiles/motoros2_interfaces__rosidl_typesupport_fastrtps_cpp.dir/rosidl_typesupport_fastrtps_cpp/motoros2_interfaces/srv/detail/dds_fastrtps/queue_traj_point__type_support.cpp.o\x1b[0m\n'}
[10.224262] (motoros2_interfaces) StdoutLine: {'line': b'[ 68%] \x1b[32mBuilding CXX object CMakeFiles/motoros2_interfaces__rosidl_typesupport_introspection_cpp.dir/rosidl_typesupport_introspection_cpp/motoros2_interfaces/srv/detail/start_point_queue_mode__type_support.cpp.o\x1b[0m\n'}
[10.224659] (motoros2_interfaces) StdoutLine: {'line': b'[ 68%] \x1b[32mBuilding CXX object CMakeFiles/motoros2_interfaces__rosidl_typesupport_cpp.dir/rosidl_typesupport_cpp/motoros2_interfaces/srv/write_single_io__type_support.cpp.o\x1b[0m\n'}
[10.242154] (-) TimerEvent: {}
[10.322997] (motoros2_interfaces) StdoutLine: {'line': b'[ 69%] \x1b[32mBuilding CXX object CMakeFiles/motoros2_interfaces__rosidl_typesupport_cpp.dir/rosidl_typesupport_cpp/motoros2_interfaces/srv/write_group_io__type_support.cpp.o\x1b[0m\n'}
[10.342286] (-) TimerEvent: {}
[10.355444] (motoros2_interfaces) StdoutLine: {'line': b'[ 69%] \x1b[32mBuilding CXX object CMakeFiles/motoros2_interfaces__rosidl_typesupport_fastrtps_cpp.dir/rosidl_typesupport_fastrtps_cpp/motoros2_interfaces/srv/detail/dds_fastrtps/read_m_register__type_support.cpp.o\x1b[0m\n'}
[10.376945] (motoros2_interfaces) StdoutLine: {'line': b'[ 70%] \x1b[32mBuilding CXX object CMakeFiles/motoros2_interfaces__rosidl_typesupport_fastrtps_c.dir/rosidl_typesupport_fastrtps_c/motoros2_interfaces/srv/detail/read_single_io__type_support_c.cpp.o\x1b[0m\n'}
[10.442406] (-) TimerEvent: {}
[10.479409] (motoros2_interfaces) StdoutLine: {'line': b'[ 70%] \x1b[32mBuilding CXX object CMakeFiles/motoros2_interfaces__rosidl_typesupport_fastrtps_c.dir/rosidl_typesupport_fastrtps_c/motoros2_interfaces/srv/detail/read_group_io__type_support_c.cpp.o\x1b[0m\n'}
[10.507287] (motoros2_interfaces) StdoutLine: {'line': b'[ 71%] \x1b[32mBuilding CXX object CMakeFiles/motoros2_interfaces__rosidl_typesupport_fastrtps_c.dir/rosidl_typesupport_fastrtps_c/motoros2_interfaces/srv/detail/reset_error__type_support_c.cpp.o\x1b[0m\n'}
[10.546275] (-) TimerEvent: {}
[10.646705] (-) TimerEvent: {}
[10.747229] (-) TimerEvent: {}
[10.845258] (motoros2_interfaces) StdoutLine: {'line': b'[ 72%] \x1b[32mBuilding CXX object CMakeFiles/motoros2_interfaces__rosidl_typesupport_introspection_cpp.dir/rosidl_typesupport_introspection_cpp/motoros2_interfaces/srv/detail/write_m_register__type_support.cpp.o\x1b[0m\n'}
[10.847360] (-) TimerEvent: {}
[10.849285] (motoros2_interfaces) StdoutLine: {'line': b'[ 72%] \x1b[32mBuilding CXX object CMakeFiles/motoros2_interfaces__rosidl_typesupport_introspection_cpp.dir/rosidl_typesupport_introspection_cpp/motoros2_interfaces/srv/detail/write_single_io__type_support.cpp.o\x1b[0m\n'}
[10.947498] (-) TimerEvent: {}
[11.032836] (motoros2_interfaces) StdoutLine: {'line': b'[ 73%] \x1b[32mBuilding CXX object CMakeFiles/motoros2_interfaces__rosidl_typesupport_introspection_cpp.dir/rosidl_typesupport_introspection_cpp/motoros2_interfaces/srv/detail/write_group_io__type_support.cpp.o\x1b[0m\n'}
[11.048270] (-) TimerEvent: {}
[11.060122] (motoros2_interfaces) StdoutLine: {'line': b'[ 74%] \x1b[32mBuilding CXX object CMakeFiles/motoros2_interfaces__rosidl_typesupport_fastrtps_cpp.dir/rosidl_typesupport_fastrtps_cpp/motoros2_interfaces/srv/detail/dds_fastrtps/read_single_io__type_support.cpp.o\x1b[0m\n'}
[11.061311] (motoros2_interfaces) StdoutLine: {'line': b'[ 74%] \x1b[32mBuilding CXX object CMakeFiles/motoros2_interfaces__rosidl_typesupport_fastrtps_cpp.dir/rosidl_typesupport_fastrtps_cpp/motoros2_interfaces/srv/detail/dds_fastrtps/read_group_io__type_support.cpp.o\x1b[0m\n'}
[11.142811] (motoros2_interfaces) StdoutLine: {'line': b'[ 74%] \x1b[32mBuilding CXX object CMakeFiles/motoros2_interfaces__rosidl_typesupport_fastrtps_c.dir/rosidl_typesupport_fastrtps_c/motoros2_interfaces/srv/detail/select_motion_tool__type_support_c.cpp.o\x1b[0m\n'}
[11.149653] (-) TimerEvent: {}
[11.169280] (motoros2_interfaces) StdoutLine: {'line': b'[ 75%] \x1b[32mBuilding CXX object CMakeFiles/motoros2_interfaces__rosidl_typesupport_fastrtps_cpp.dir/rosidl_typesupport_fastrtps_cpp/motoros2_interfaces/srv/detail/dds_fastrtps/reset_error__type_support.cpp.o\x1b[0m\n'}
[11.249784] (-) TimerEvent: {}
[11.258813] (motoros2_interfaces) StdoutLine: {'line': b'[ 76%] \x1b[32mBuilding CXX object CMakeFiles/motoros2_interfaces__rosidl_typesupport_fastrtps_c.dir/rosidl_typesupport_fastrtps_c/motoros2_interfaces/srv/detail/start_traj_mode__type_support_c.cpp.o\x1b[0m\n'}
[11.332642] (motoros2_interfaces) StdoutLine: {'line': b'[ 76%] \x1b[32mBuilding CXX object CMakeFiles/motoros2_interfaces__rosidl_typesupport_fastrtps_cpp.dir/rosidl_typesupport_fastrtps_cpp/motoros2_interfaces/srv/detail/dds_fastrtps/select_motion_tool__type_support.cpp.o\x1b[0m\n'}
[11.350314] (-) TimerEvent: {}
[11.368773] (motoros2_interfaces) StdoutLine: {'line': b'[ 76%] \x1b[32m\x1b[1mLinking CXX shared library libmotoros2_interfaces__rosidl_typesupport_cpp.so\x1b[0m\n'}
[11.455167] (-) TimerEvent: {}
[11.463042] (motoros2_interfaces) StdoutLine: {'line': b'[ 76%] \x1b[32mBuilding CXX object CMakeFiles/motoros2_interfaces__rosidl_typesupport_fastrtps_c.dir/rosidl_typesupport_fastrtps_c/motoros2_interfaces/srv/detail/start_point_queue_mode__type_support_c.cpp.o\x1b[0m\n'}
[11.464377] (motoros2_interfaces) StdoutLine: {'line': b'[ 77%] \x1b[32mBuilding CXX object CMakeFiles/motoros2_interfaces__rosidl_typesupport_fastrtps_cpp.dir/rosidl_typesupport_fastrtps_cpp/motoros2_interfaces/srv/detail/dds_fastrtps/start_traj_mode__type_support.cpp.o\x1b[0m\n'}
[11.547101] (motoros2_interfaces) StdoutLine: {'line': b'[ 78%] Built target motoros2_interfaces__rosidl_typesupport_cpp\n'}
[11.555319] (-) TimerEvent: {}
[11.587284] (motoros2_interfaces) StdoutLine: {'line': b'[ 79%] \x1b[32mBuilding CXX object CMakeFiles/motoros2_interfaces__rosidl_typesupport_fastrtps_c.dir/rosidl_typesupport_fastrtps_c/motoros2_interfaces/srv/detail/write_m_register__type_support_c.cpp.o\x1b[0m\n'}
[11.638179] (motoros2_interfaces) StdoutLine: {'line': b'[ 79%] \x1b[32mBuilding CXX object CMakeFiles/motoros2_interfaces__rosidl_typesupport_fastrtps_c.dir/rosidl_typesupport_fastrtps_c/motoros2_interfaces/srv/detail/write_single_io__type_support_c.cpp.o\x1b[0m\n'}
[11.638654] (motoros2_interfaces) StdoutLine: {'line': b'[ 79%] \x1b[32mBuilding CXX object CMakeFiles/motoros2_interfaces__rosidl_typesupport_fastrtps_cpp.dir/rosidl_typesupport_fastrtps_cpp/motoros2_interfaces/srv/detail/dds_fastrtps/start_point_queue_mode__type_support.cpp.o\x1b[0m\n'}
[11.655427] (-) TimerEvent: {}
[11.756031] (-) TimerEvent: {}
[11.841176] (motoros2_interfaces) StdoutLine: {'line': b'[ 80%] \x1b[32mBuilding CXX object CMakeFiles/motoros2_interfaces__rosidl_typesupport_fastrtps_cpp.dir/rosidl_typesupport_fastrtps_cpp/motoros2_interfaces/srv/detail/dds_fastrtps/write_m_register__type_support.cpp.o\x1b[0m\n'}
[11.856167] (-) TimerEvent: {}
[11.892304] (motoros2_interfaces) StdoutLine: {'line': b'[ 80%] \x1b[32mBuilding CXX object CMakeFiles/motoros2_interfaces__rosidl_typesupport_fastrtps_cpp.dir/rosidl_typesupport_fastrtps_cpp/motoros2_interfaces/srv/detail/dds_fastrtps/write_single_io__type_support.cpp.o\x1b[0m\n'}
[11.956283] (-) TimerEvent: {}
[12.057807] (-) TimerEvent: {}
[12.082102] (motoros2_interfaces) StdoutLine: {'line': b'[ 81%] \x1b[32mBuilding CXX object CMakeFiles/motoros2_interfaces__rosidl_typesupport_fastrtps_c.dir/rosidl_typesupport_fastrtps_c/motoros2_interfaces/srv/detail/write_group_io__type_support_c.cpp.o\x1b[0m\n'}
[12.159156] (-) TimerEvent: {}
[12.244125] (motoros2_interfaces) StdoutLine: {'line': b'[ 82%] \x1b[32mBuilding CXX object CMakeFiles/motoros2_interfaces__rosidl_typesupport_fastrtps_cpp.dir/rosidl_typesupport_fastrtps_cpp/motoros2_interfaces/srv/detail/dds_fastrtps/write_group_io__type_support.cpp.o\x1b[0m\n'}
[12.262290] (-) TimerEvent: {}
[12.362802] (-) TimerEvent: {}
[12.464868] (-) TimerEvent: {}
[12.565365] (-) TimerEvent: {}
[12.666037] (-) TimerEvent: {}
[12.694684] (kinect2_registration) StderrLine: {'line': b'/home/duy/cocarry_ws/src/kinect2_ros2/kinect2_registration/src/depth_registration_cpu.cpp: In member function \xe2\x80\x98virtual bool DepthRegistrationCPU::init(int)\xe2\x80\x99:\n'}
[12.695030] (kinect2_registration) StderrLine: {'line': b'/home/duy/cocarry_ws/src/kinect2_ros2/kinect2_registration/src/depth_registration_cpu.cpp:29:43: warning: unused parameter \xe2\x80\x98deviceId\xe2\x80\x99 [-Wunused-parameter]\n'}
[12.695166] (kinect2_registration) StderrLine: {'line': b'   29 | bool DepthRegistrationCPU::init(const int deviceId)\n'}
[12.695257] (kinect2_registration) StderrLine: {'line': b'      |                                 ~~~~~~~~~~^~~~~~~~\n'}
[12.766382] (-) TimerEvent: {}
[12.860881] (motoros2_interfaces) StdoutLine: {'line': b'[ 82%] \x1b[32m\x1b[1mLinking CXX shared library libmotoros2_interfaces__rosidl_typesupport_introspection_cpp.so\x1b[0m\n'}
[12.867483] (-) TimerEvent: {}
[12.968182] (-) TimerEvent: {}
[12.972569] (motoros2_interfaces) StdoutLine: {'line': b'[ 82%] \x1b[32m\x1b[1mLinking CXX shared library libmotoros2_interfaces__rosidl_typesupport_fastrtps_c.so\x1b[0m\n'}
[13.056660] (motoros2_interfaces) StdoutLine: {'line': b'[ 83%] Built target motoros2_interfaces__rosidl_typesupport_introspection_cpp\n'}
[13.068274] (-) TimerEvent: {}
[13.102519] (motoros2_interfaces) StdoutLine: {'line': b'[ 84%] Built target motoros2_interfaces__rosidl_typesupport_fastrtps_c\n'}
[13.168397] (-) TimerEvent: {}
[13.229528] (industrial_msgs) CommandEnded: {'returncode': 0}
[13.256247] (industrial_msgs) JobEnded: {'identifier': 'industrial_msgs', 'rc': 0}
[13.268539] (-) TimerEvent: {}
[13.315836] (motoros2_interfaces) StdoutLine: {'line': b'[ 84%] \x1b[32m\x1b[1mLinking CXX shared library libmotoros2_interfaces__rosidl_typesupport_fastrtps_cpp.so\x1b[0m\n'}
[13.368711] (-) TimerEvent: {}
[13.424443] (motoros2_interfaces) StdoutLine: {'line': b'[ 85%] Built target motoros2_interfaces__rosidl_typesupport_fastrtps_cpp\n'}
[13.458874] (motoros2_interfaces) StdoutLine: {'line': b'[ 85%] Built target motoros2_interfaces\n'}
[13.468843] (-) TimerEvent: {}
[13.491045] (motoros2_interfaces) StdoutLine: {'line': b'[ 86%] Built target motoros2_interfaces__py\n'}
[13.515626] (motoros2_interfaces) StdoutLine: {'line': b'\x1b[35m\x1b[1mConsolidate compiler generated dependencies of target motoros2_interfaces__rosidl_generator_py\x1b[0m\n'}
[13.559464] (motoros2_interfaces) StdoutLine: {'line': b'[ 86%] \x1b[32mBuilding C object CMakeFiles/motoros2_interfaces__rosidl_generator_py.dir/rosidl_generator_py/motoros2_interfaces/msg/_init_traj_enum_s.c.o\x1b[0m\n'}
[13.559892] (motoros2_interfaces) StdoutLine: {'line': b'[ 87%] \x1b[32mBuilding C object CMakeFiles/motoros2_interfaces__rosidl_generator_py.dir/rosidl_generator_py/motoros2_interfaces/msg/_io_result_codes_s.c.o\x1b[0m\n'}
[13.560022] (motoros2_interfaces) StdoutLine: {'line': b'[ 87%] \x1b[32mBuilding C object CMakeFiles/motoros2_interfaces__rosidl_generator_py.dir/rosidl_generator_py/motoros2_interfaces/msg/_motion_ready_enum_s.c.o\x1b[0m\n'}
[13.560115] (motoros2_interfaces) StdoutLine: {'line': b'[ 87%] \x1b[32mBuilding C object CMakeFiles/motoros2_interfaces__rosidl_generator_py.dir/rosidl_generator_py/motoros2_interfaces/msg/_alarm_info_s.c.o\x1b[0m\n'}
[13.560195] (motoros2_interfaces) StdoutLine: {'line': b'[ 88%] \x1b[32mBuilding C object CMakeFiles/motoros2_interfaces__rosidl_generator_py.dir/rosidl_generator_py/motoros2_interfaces/msg/_alarm_cause_remedy_s.c.o\x1b[0m\n'}
[13.560904] (motoros2_interfaces) StdoutLine: {'line': b'[ 89%] \x1b[32mBuilding C object CMakeFiles/motoros2_interfaces__rosidl_generator_py.dir/rosidl_generator_py/motoros2_interfaces/msg/_queue_result_enum_s.c.o\x1b[0m\n'}
[13.561449] (motoros2_interfaces) StdoutLine: {'line': b'[ 89%] \x1b[32mBuilding C object CMakeFiles/motoros2_interfaces__rosidl_generator_py.dir/rosidl_generator_py/motoros2_interfaces/msg/_error_info_s.c.o\x1b[0m\n'}
[13.562389] (motoros2_interfaces) StdoutLine: {'line': b'[ 90%] \x1b[32mBuilding C object CMakeFiles/motoros2_interfaces__rosidl_generator_py.dir/rosidl_generator_py/motoros2_interfaces/msg/_inform_job_crud_result_codes_s.c.o\x1b[0m\n'}
[13.565410] (motoros2_interfaces) StdoutLine: {'line': b'[ 90%] \x1b[32mBuilding C object CMakeFiles/motoros2_interfaces__rosidl_generator_py.dir/rosidl_generator_py/motoros2_interfaces/msg/_selection_result_codes_s.c.o\x1b[0m\n'}
[13.565646] (motoros2_interfaces) StdoutLine: {'line': b'[ 91%] \x1b[32mBuilding C object CMakeFiles/motoros2_interfaces__rosidl_generator_py.dir/rosidl_generator_py/motoros2_interfaces/srv/_get_active_alarm_info_s.c.o\x1b[0m\n'}
[13.567449] (motoros2_interfaces) StdoutLine: {'line': b'[ 91%] \x1b[32mBuilding C object CMakeFiles/motoros2_interfaces__rosidl_generator_py.dir/rosidl_generator_py/motoros2_interfaces/srv/_list_inform_jobs_s.c.o\x1b[0m\n'}
[13.568974] (-) TimerEvent: {}
[13.573220] (motoros2_interfaces) StdoutLine: {'line': b'[ 91%] \x1b[32mBuilding C object CMakeFiles/motoros2_interfaces__rosidl_generator_py.dir/rosidl_generator_py/motoros2_interfaces/srv/_read_m_register_s.c.o\x1b[0m\n'}
[13.576843] (motoros2_interfaces) StdoutLine: {'line': b'[ 92%] \x1b[32mBuilding C object CMakeFiles/motoros2_interfaces__rosidl_generator_py.dir/rosidl_generator_py/motoros2_interfaces/srv/_queue_traj_point_s.c.o\x1b[0m\n'}
[13.582195] (motoros2_interfaces) StdoutLine: {'line': b'[ 93%] \x1b[32mBuilding C object CMakeFiles/motoros2_interfaces__rosidl_generator_py.dir/rosidl_generator_py/motoros2_interfaces/srv/_read_single_io_s.c.o\x1b[0m\n'}
[13.601733] (motoros2_interfaces) StdoutLine: {'line': b'[ 94%] \x1b[32mBuilding C object CMakeFiles/motoros2_interfaces__rosidl_generator_py.dir/rosidl_generator_py/motoros2_interfaces/srv/_reset_error_s.c.o\x1b[0m\n'}
[13.612364] (motoros2_interfaces) StdoutLine: {'line': b'[ 94%] \x1b[32mBuilding C object CMakeFiles/motoros2_interfaces__rosidl_generator_py.dir/rosidl_generator_py/motoros2_interfaces/srv/_read_group_io_s.c.o\x1b[0m\n'}
[13.669107] (-) TimerEvent: {}
[13.773129] (-) TimerEvent: {}
[13.801271] (motoros2_interfaces) StdoutLine: {'line': b'[ 94%] \x1b[32mBuilding C object CMakeFiles/motoros2_interfaces__rosidl_generator_py.dir/rosidl_generator_py/motoros2_interfaces/srv/_select_motion_tool_s.c.o\x1b[0m\n'}
[13.806404] (motoros2_interfaces) StdoutLine: {'line': b'[ 94%] \x1b[32mBuilding C object CMakeFiles/motoros2_interfaces__rosidl_generator_py.dir/rosidl_generator_py/motoros2_interfaces/srv/_start_point_queue_mode_s.c.o\x1b[0m\n'}
[13.806725] (motoros2_interfaces) StdoutLine: {'line': b'[ 95%] \x1b[32mBuilding C object CMakeFiles/motoros2_interfaces__rosidl_generator_py.dir/rosidl_generator_py/motoros2_interfaces/srv/_write_m_register_s.c.o\x1b[0m\n'}
[13.812167] (motoros2_interfaces) StdoutLine: {'line': b'[ 96%] \x1b[32mBuilding C object CMakeFiles/motoros2_interfaces__rosidl_generator_py.dir/rosidl_generator_py/motoros2_interfaces/srv/_start_traj_mode_s.c.o\x1b[0m\n'}
[13.827132] (motoros2_interfaces) StdoutLine: {'line': b'[ 97%] \x1b[32mBuilding C object CMakeFiles/motoros2_interfaces__rosidl_generator_py.dir/rosidl_generator_py/motoros2_interfaces/srv/_write_group_io_s.c.o\x1b[0m\n'}
[13.828786] (motoros2_interfaces) StdoutLine: {'line': b'[ 97%] \x1b[32mBuilding C object CMakeFiles/motoros2_interfaces__rosidl_generator_py.dir/rosidl_generator_py/motoros2_interfaces/srv/_write_single_io_s.c.o\x1b[0m\n'}
[13.873343] (-) TimerEvent: {}
[13.977529] (-) TimerEvent: {}
[14.078262] (-) TimerEvent: {}
[14.178962] (-) TimerEvent: {}
[14.185621] (motoros2_interfaces) StdoutLine: {'line': b'[ 97%] \x1b[32m\x1b[1mLinking C shared library rosidl_generator_py/motoros2_interfaces/libmotoros2_interfaces__rosidl_generator_py.so\x1b[0m\n'}
[14.279101] (-) TimerEvent: {}
[14.280016] (motoros2_interfaces) StdoutLine: {'line': b'[ 97%] Built target motoros2_interfaces__rosidl_generator_py\n'}
[14.301967] (motoros2_interfaces) StdoutLine: {'line': b'\x1b[35m\x1b[1mConsolidate compiler generated dependencies of target motoros2_interfaces__rosidl_typesupport_fastrtps_c__pyext\x1b[0m\n'}
[14.313250] (motoros2_interfaces) StdoutLine: {'line': b'\x1b[35m\x1b[1mConsolidate compiler generated dependencies of target motoros2_interfaces__rosidl_typesupport_introspection_c__pyext\x1b[0m\n'}
[14.314156] (motoros2_interfaces) StdoutLine: {'line': b'\x1b[35m\x1b[1mConsolidate compiler generated dependencies of target motoros2_interfaces__rosidl_typesupport_c__pyext\x1b[0m\n'}
[14.333041] (motoros2_interfaces) StdoutLine: {'line': b'[ 98%] \x1b[32mBuilding C object CMakeFiles/motoros2_interfaces__rosidl_typesupport_fastrtps_c__pyext.dir/rosidl_generator_py/motoros2_interfaces/_motoros2_interfaces_s.ep.rosidl_typesupport_fastrtps_c.c.o\x1b[0m\n'}
[14.341381] (motoros2_interfaces) StdoutLine: {'line': b'[ 99%] \x1b[32mBuilding C object CMakeFiles/motoros2_interfaces__rosidl_typesupport_introspection_c__pyext.dir/rosidl_generator_py/motoros2_interfaces/_motoros2_interfaces_s.ep.rosidl_typesupport_introspection_c.c.o\x1b[0m\n'}
[14.357293] (motoros2_interfaces) StdoutLine: {'line': b'[100%] \x1b[32mBuilding C object CMakeFiles/motoros2_interfaces__rosidl_typesupport_c__pyext.dir/rosidl_generator_py/motoros2_interfaces/_motoros2_interfaces_s.ep.rosidl_typesupport_c.c.o\x1b[0m\n'}
[14.379247] (-) TimerEvent: {}
[14.479844] (-) TimerEvent: {}
[14.580473] (-) TimerEvent: {}
[14.681217] (-) TimerEvent: {}
[14.781803] (-) TimerEvent: {}
[14.795220] (motoros2_interfaces) StdoutLine: {'line': b'[100%] \x1b[32m\x1b[1mLinking C shared library rosidl_generator_py/motoros2_interfaces/motoros2_interfaces_s__rosidl_typesupport_fastrtps_c.cpython-310-x86_64-linux-gnu.so\x1b[0m\n'}
[14.861609] (motoros2_interfaces) StdoutLine: {'line': b'[100%] \x1b[32m\x1b[1mLinking C shared library rosidl_generator_py/motoros2_interfaces/motoros2_interfaces_s__rosidl_typesupport_c.cpython-310-x86_64-linux-gnu.so\x1b[0m\n'}
[14.881938] (-) TimerEvent: {}
[14.908454] (motoros2_interfaces) StdoutLine: {'line': b'[100%] Built target motoros2_interfaces__rosidl_typesupport_fastrtps_c__pyext\n'}
[14.975217] (motoros2_interfaces) StdoutLine: {'line': b'[100%] Built target motoros2_interfaces__rosidl_typesupport_c__pyext\n'}
[14.982114] (-) TimerEvent: {}
[14.984029] (motoros2_interfaces) StdoutLine: {'line': b'[100%] \x1b[32m\x1b[1mLinking C shared library rosidl_generator_py/motoros2_interfaces/motoros2_interfaces_s__rosidl_typesupport_introspection_c.cpython-310-x86_64-linux-gnu.so\x1b[0m\n'}
[15.082235] (-) TimerEvent: {}
[15.129308] (motoros2_interfaces) StdoutLine: {'line': b'[100%] Built target motoros2_interfaces__rosidl_typesupport_introspection_c__pyext\n'}
[15.157484] (motoros2_interfaces) CommandEnded: {'returncode': 0}
[15.159494] (motoros2_interfaces) JobProgress: {'identifier': 'motoros2_interfaces', 'progress': 'install'}
[15.160182] (motoros2_interfaces) Command: {'cmd': ['/usr/bin/cmake', '--install', '/home/duy/cocarry_ws/build/motoros2_interfaces'], 'cwd': '/home/duy/cocarry_ws/build/motoros2_interfaces', 'env': OrderedDict([('USER', 'duy'), ('SHLVL', '0'), ('LD_LIBRARY_PATH', '/usr/lib/x86_64-linux-gnu/gazebo-11/plugins:/opt/ros/humble/opt/rviz_ogre_vendor/lib:/opt/ros/humble/lib/x86_64-linux-gnu:/opt/ros/humble/lib'), ('HOME', '/home/duy'), ('ROS_PYTHON_VERSION', '3'), ('ROS_DISTRO', 'humble'), ('_', '/usr/bin/colcon'), ('ROS_VERSION', '2'), ('TERM', 'dumb'), ('ROS_LOCALHOST_ONLY', '0'), ('PATH', '/home/duy/.local/bin:/home/duy/.nvm/versions/node/v20.20.2/bin:/opt/ros/humble/bin:/home/duy/.local/bin:/usr/local/sbin:/usr/local/bin:/usr/sbin:/usr/bin:/sbin:/bin:/usr/games:/usr/local/games:/snap/bin:/snap/bin:/home/duy/libfreenect2/build/bin'), ('LANG', 'en_US.UTF-8'), ('TMP', '/tmp'), ('AMENT_PREFIX_PATH', '/opt/ros/humble'), ('SHELL', '/bin/bash'), ('PWD', '/home/duy/cocarry_ws/build/motoros2_interfaces'), ('PYTHONPATH', '/opt/ros/humble/lib/python3.10/site-packages:/opt/ros/humble/local/lib/python3.10/dist-packages'), ('COLCON', '1'), ('CMAKE_PREFIX_PATH', '/opt/ros/humble')]), 'shell': False}
[15.179090] (motoros2_interfaces) StdoutLine: {'line': b'-- Install configuration: ""\n'}
[15.181412] (motoros2_interfaces) StdoutLine: {'line': b'-- Execute custom install script\n'}
[15.182020] (motoros2_interfaces) StdoutLine: {'line': b'-- Up-to-date symlink: /home/duy/cocarry_ws/install/motoros2_interfaces/share/ament_index/resource_index/rosidl_interfaces/motoros2_interfaces\n'}
[15.182264] (-) TimerEvent: {}
[15.185640] (motoros2_interfaces) StdoutLine: {'line': b'-- Up-to-date symlink: /home/duy/cocarry_ws/install/motoros2_interfaces/include/motoros2_interfaces/motoros2_interfaces/msg/alarm_cause_remedy.h\n'}
[15.186696] (motoros2_interfaces) StdoutLine: {'line': b'-- Up-to-date symlink: /home/duy/cocarry_ws/install/motoros2_interfaces/include/motoros2_interfaces/motoros2_interfaces/msg/alarm_info.h\n'}
[15.187303] (motoros2_interfaces) StdoutLine: {'line': b'-- Up-to-date symlink: /home/duy/cocarry_ws/install/motoros2_interfaces/include/motoros2_interfaces/motoros2_interfaces/msg/detail/alarm_cause_remedy__functions.h\n'}
[15.187869] (motoros2_interfaces) StdoutLine: {'line': b'-- Up-to-date symlink: /home/duy/cocarry_ws/install/motoros2_interfaces/include/motoros2_interfaces/motoros2_interfaces/msg/detail/alarm_cause_remedy__struct.h\n'}
[15.188318] (motoros2_interfaces) StdoutLine: {'line': b'-- Up-to-date symlink: /home/duy/cocarry_ws/install/motoros2_interfaces/include/motoros2_interfaces/motoros2_interfaces/msg/detail/alarm_cause_remedy__type_support.h\n'}
[15.188695] (motoros2_interfaces) StdoutLine: {'line': b'-- Up-to-date symlink: /home/duy/cocarry_ws/install/motoros2_interfaces/include/motoros2_interfaces/motoros2_interfaces/msg/detail/alarm_info__functions.h\n'}
[15.189380] (motoros2_interfaces) StdoutLine: {'line': b'-- Up-to-date symlink: /home/duy/cocarry_ws/install/motoros2_interfaces/include/motoros2_interfaces/motoros2_interfaces/msg/detail/alarm_info__struct.h\n'}
[15.189801] (motoros2_interfaces) StdoutLine: {'line': b'-- Up-to-date symlink: /home/duy/cocarry_ws/install/motoros2_interfaces/include/motoros2_interfaces/motoros2_interfaces/msg/detail/alarm_info__type_support.h\n'}
[15.190154] (motoros2_interfaces) StdoutLine: {'line': b'-- Up-to-date symlink: /home/duy/cocarry_ws/install/motoros2_interfaces/include/motoros2_interfaces/motoros2_interfaces/msg/detail/error_info__functions.h\n'}
[15.190571] (motoros2_interfaces) StdoutLine: {'line': b'-- Up-to-date symlink: /home/duy/cocarry_ws/install/motoros2_interfaces/include/motoros2_interfaces/motoros2_interfaces/msg/detail/error_info__struct.h\n'}
[15.191026] (motoros2_interfaces) StdoutLine: {'line': b'-- Up-to-date symlink: /home/duy/cocarry_ws/install/motoros2_interfaces/include/motoros2_interfaces/motoros2_interfaces/msg/detail/error_info__type_support.h\n'}
[15.191538] (motoros2_interfaces) StdoutLine: {'line': b'-- Up-to-date symlink: /home/duy/cocarry_ws/install/motoros2_interfaces/include/motoros2_interfaces/motoros2_interfaces/msg/detail/inform_job_crud_result_codes__functions.h\n'}
[15.192100] (motoros2_interfaces) StdoutLine: {'line': b'-- Up-to-date symlink: /home/duy/cocarry_ws/install/motoros2_interfaces/include/motoros2_interfaces/motoros2_interfaces/msg/detail/inform_job_crud_result_codes__struct.h\n'}
[15.192584] (motoros2_interfaces) StdoutLine: {'line': b'-- Up-to-date symlink: /home/duy/cocarry_ws/install/motoros2_interfaces/include/motoros2_interfaces/motoros2_interfaces/msg/detail/inform_job_crud_result_codes__type_support.h\n'}
[15.193135] (motoros2_interfaces) StdoutLine: {'line': b'-- Up-to-date symlink: /home/duy/cocarry_ws/install/motoros2_interfaces/include/motoros2_interfaces/motoros2_interfaces/msg/detail/init_traj_enum__functions.h\n'}
[15.193462] (motoros2_interfaces) StdoutLine: {'line': b'-- Up-to-date symlink: /home/duy/cocarry_ws/install/motoros2_interfaces/include/motoros2_interfaces/motoros2_interfaces/msg/detail/init_traj_enum__struct.h\n'}
[15.193781] (motoros2_interfaces) StdoutLine: {'line': b'-- Up-to-date symlink: /home/duy/cocarry_ws/install/motoros2_interfaces/include/motoros2_interfaces/motoros2_interfaces/msg/detail/init_traj_enum__type_support.h\n'}
[15.194231] (motoros2_interfaces) StdoutLine: {'line': b'-- Up-to-date symlink: /home/duy/cocarry_ws/install/motoros2_interfaces/include/motoros2_interfaces/motoros2_interfaces/msg/detail/io_result_codes__functions.h\n'}
[15.194790] (motoros2_interfaces) StdoutLine: {'line': b'-- Up-to-date symlink: /home/duy/cocarry_ws/install/motoros2_interfaces/include/motoros2_interfaces/motoros2_interfaces/msg/detail/io_result_codes__struct.h\n'}
[15.195231] (motoros2_interfaces) StdoutLine: {'line': b'-- Up-to-date symlink: /home/duy/cocarry_ws/install/motoros2_interfaces/include/motoros2_interfaces/motoros2_interfaces/msg/detail/io_result_codes__type_support.h\n'}
[15.196672] (motoros2_interfaces) StdoutLine: {'line': b'-- Up-to-date symlink: /home/duy/cocarry_ws/install/motoros2_interfaces/include/motoros2_interfaces/motoros2_interfaces/msg/detail/motion_ready_enum__functions.h\n'}
[15.197315] (motoros2_interfaces) StdoutLine: {'line': b'-- Up-to-date symlink: /home/duy/cocarry_ws/install/motoros2_interfaces/include/motoros2_interfaces/motoros2_interfaces/msg/detail/motion_ready_enum__struct.h\n'}
[15.198241] (motoros2_interfaces) StdoutLine: {'line': b'-- Up-to-date symlink: /home/duy/cocarry_ws/install/motoros2_interfaces/include/motoros2_interfaces/motoros2_interfaces/msg/detail/motion_ready_enum__type_support.h\n'}
[15.198757] (motoros2_interfaces) StdoutLine: {'line': b'-- Up-to-date symlink: /home/duy/cocarry_ws/install/motoros2_interfaces/include/motoros2_interfaces/motoros2_interfaces/msg/detail/queue_result_enum__functions.h\n'}
[15.199253] (motoros2_interfaces) StdoutLine: {'line': b'-- Up-to-date symlink: /home/duy/cocarry_ws/install/motoros2_interfaces/include/motoros2_interfaces/motoros2_interfaces/msg/detail/queue_result_enum__struct.h\n'}
[15.199787] (motoros2_interfaces) StdoutLine: {'line': b'-- Up-to-date symlink: /home/duy/cocarry_ws/install/motoros2_interfaces/include/motoros2_interfaces/motoros2_interfaces/msg/detail/queue_result_enum__type_support.h\n'}
[15.200040] (motoros2_interfaces) StdoutLine: {'line': b'-- Up-to-date symlink: /home/duy/cocarry_ws/install/motoros2_interfaces/include/motoros2_interfaces/motoros2_interfaces/msg/detail/selection_result_codes__functions.h\n'}
[15.200315] (motoros2_interfaces) StdoutLine: {'line': b'-- Up-to-date symlink: /home/duy/cocarry_ws/install/motoros2_interfaces/include/motoros2_interfaces/motoros2_interfaces/msg/detail/selection_result_codes__struct.h\n'}
[15.200710] (motoros2_interfaces) StdoutLine: {'line': b'-- Up-to-date symlink: /home/duy/cocarry_ws/install/motoros2_interfaces/include/motoros2_interfaces/motoros2_interfaces/msg/detail/selection_result_codes__type_support.h\n'}
[15.203621] (motoros2_interfaces) StdoutLine: {'line': b'-- Up-to-date symlink: /home/duy/cocarry_ws/install/motoros2_interfaces/include/motoros2_interfaces/motoros2_interfaces/msg/error_info.h\n'}
[15.204230] (motoros2_interfaces) StdoutLine: {'line': b'-- Up-to-date symlink: /home/duy/cocarry_ws/install/motoros2_interfaces/include/motoros2_interfaces/motoros2_interfaces/msg/inform_job_crud_result_codes.h\n'}
[15.204836] (motoros2_interfaces) StdoutLine: {'line': b'-- Up-to-date symlink: /home/duy/cocarry_ws/install/motoros2_interfaces/include/motoros2_interfaces/motoros2_interfaces/msg/init_traj_enum.h\n'}
[15.205332] (motoros2_interfaces) StdoutLine: {'line': b'-- Up-to-date symlink: /home/duy/cocarry_ws/install/motoros2_interfaces/include/motoros2_interfaces/motoros2_interfaces/msg/io_result_codes.h\n'}
[15.206047] (motoros2_interfaces) StdoutLine: {'line': b'-- Up-to-date symlink: /home/duy/cocarry_ws/install/motoros2_interfaces/include/motoros2_interfaces/motoros2_interfaces/msg/motion_ready_enum.h\n'}
[15.206556] (motoros2_interfaces) StdoutLine: {'line': b'-- Up-to-date symlink: /home/duy/cocarry_ws/install/motoros2_interfaces/include/motoros2_interfaces/motoros2_interfaces/msg/queue_result_enum.h\n'}
[15.208508] (motoros2_interfaces) StdoutLine: {'line': b'-- Up-to-date symlink: /home/duy/cocarry_ws/install/motoros2_interfaces/include/motoros2_interfaces/motoros2_interfaces/msg/rosidl_generator_c__visibility_control.h\n'}
[15.208970] (motoros2_interfaces) StdoutLine: {'line': b'-- Up-to-date symlink: /home/duy/cocarry_ws/install/motoros2_interfaces/include/motoros2_interfaces/motoros2_interfaces/msg/selection_result_codes.h\n'}
[15.209530] (motoros2_interfaces) StdoutLine: {'line': b'-- Up-to-date symlink: /home/duy/cocarry_ws/install/motoros2_interfaces/include/motoros2_interfaces/motoros2_interfaces/srv/detail/get_active_alarm_info__functions.h\n'}
[15.210014] (motoros2_interfaces) StdoutLine: {'line': b'-- Up-to-date symlink: /home/duy/cocarry_ws/install/motoros2_interfaces/include/motoros2_interfaces/motoros2_interfaces/srv/detail/get_active_alarm_info__struct.h\n'}
[15.210446] (motoros2_interfaces) StdoutLine: {'line': b'-- Up-to-date symlink: /home/duy/cocarry_ws/install/motoros2_interfaces/include/motoros2_interfaces/motoros2_interfaces/srv/detail/get_active_alarm_info__type_support.h\n'}
[15.210861] (motoros2_interfaces) StdoutLine: {'line': b'-- Up-to-date symlink: /home/duy/cocarry_ws/install/motoros2_interfaces/include/motoros2_interfaces/motoros2_interfaces/srv/detail/list_inform_jobs__functions.h\n'}
[15.211382] (motoros2_interfaces) StdoutLine: {'line': b'-- Up-to-date symlink: /home/duy/cocarry_ws/install/motoros2_interfaces/include/motoros2_interfaces/motoros2_interfaces/srv/detail/list_inform_jobs__struct.h\n'}
[15.211802] (motoros2_interfaces) StdoutLine: {'line': b'-- Up-to-date symlink: /home/duy/cocarry_ws/install/motoros2_interfaces/include/motoros2_interfaces/motoros2_interfaces/srv/detail/list_inform_jobs__type_support.h\n'}
[15.212206] (motoros2_interfaces) StdoutLine: {'line': b'-- Up-to-date symlink: /home/duy/cocarry_ws/install/motoros2_interfaces/include/motoros2_interfaces/motoros2_interfaces/srv/detail/queue_traj_point__functions.h\n'}
[15.212562] (motoros2_interfaces) StdoutLine: {'line': b'-- Up-to-date symlink: /home/duy/cocarry_ws/install/motoros2_interfaces/include/motoros2_interfaces/motoros2_interfaces/srv/detail/queue_traj_point__struct.h\n'}
[15.212946] (motoros2_interfaces) StdoutLine: {'line': b'-- Up-to-date symlink: /home/duy/cocarry_ws/install/motoros2_interfaces/include/motoros2_interfaces/motoros2_interfaces/srv/detail/queue_traj_point__type_support.h\n'}
[15.213259] (motoros2_interfaces) StdoutLine: {'line': b'-- Up-to-date symlink: /home/duy/cocarry_ws/install/motoros2_interfaces/include/motoros2_interfaces/motoros2_interfaces/srv/detail/read_group_io__functions.h\n'}
[15.213510] (motoros2_interfaces) StdoutLine: {'line': b'-- Up-to-date symlink: /home/duy/cocarry_ws/install/motoros2_interfaces/include/motoros2_interfaces/motoros2_interfaces/srv/detail/read_group_io__struct.h\n'}
[15.213768] (motoros2_interfaces) StdoutLine: {'line': b'-- Up-to-date symlink: /home/duy/cocarry_ws/install/motoros2_interfaces/include/motoros2_interfaces/motoros2_interfaces/srv/detail/read_group_io__type_support.h\n'}
[15.214095] (motoros2_interfaces) StdoutLine: {'line': b'-- Up-to-date symlink: /home/duy/cocarry_ws/install/motoros2_interfaces/include/motoros2_interfaces/motoros2_interfaces/srv/detail/read_m_register__functions.h\n'}
[15.214453] (motoros2_interfaces) StdoutLine: {'line': b'-- Up-to-date symlink: /home/duy/cocarry_ws/install/motoros2_interfaces/include/motoros2_interfaces/motoros2_interfaces/srv/detail/read_m_register__struct.h\n'}
[15.214824] (motoros2_interfaces) StdoutLine: {'line': b'-- Up-to-date symlink: /home/duy/cocarry_ws/install/motoros2_interfaces/include/motoros2_interfaces/motoros2_interfaces/srv/detail/read_m_register__type_support.h\n'}
[15.215184] (motoros2_interfaces) StdoutLine: {'line': b'-- Up-to-date symlink: /home/duy/cocarry_ws/install/motoros2_interfaces/include/motoros2_interfaces/motoros2_interfaces/srv/detail/read_single_io__functions.h\n'}
[15.215502] (motoros2_interfaces) StdoutLine: {'line': b'-- Up-to-date symlink: /home/duy/cocarry_ws/install/motoros2_interfaces/include/motoros2_interfaces/motoros2_interfaces/srv/detail/read_single_io__struct.h\n'}
[15.216228] (motoros2_interfaces) StdoutLine: {'line': b'-- Up-to-date symlink: /home/duy/cocarry_ws/install/motoros2_interfaces/include/motoros2_interfaces/motoros2_interfaces/srv/detail/read_single_io__type_support.h\n'}
[15.218863] (motoros2_interfaces) StdoutLine: {'line': b'-- Up-to-date symlink: /home/duy/cocarry_ws/install/motoros2_interfaces/include/motoros2_interfaces/motoros2_interfaces/srv/detail/reset_error__functions.h\n'}
[15.220948] (motoros2_interfaces) StdoutLine: {'line': b'-- Up-to-date symlink: /home/duy/cocarry_ws/install/motoros2_interfaces/include/motoros2_interfaces/motoros2_interfaces/srv/detail/reset_error__struct.h\n'}
[15.221395] (motoros2_interfaces) StdoutLine: {'line': b'-- Up-to-date symlink: /home/duy/cocarry_ws/install/motoros2_interfaces/include/motoros2_interfaces/motoros2_interfaces/srv/detail/reset_error__type_support.h\n'}
[15.221706] (motoros2_interfaces) StdoutLine: {'line': b'-- Up-to-date symlink: /home/duy/cocarry_ws/install/motoros2_interfaces/include/motoros2_interfaces/motoros2_interfaces/srv/detail/select_motion_tool__functions.h\n'}
[15.225033] (motoros2_interfaces) StdoutLine: {'line': b'-- Up-to-date symlink: /home/duy/cocarry_ws/install/motoros2_interfaces/include/motoros2_interfaces/motoros2_interfaces/srv/detail/select_motion_tool__struct.h\n'}
[15.226646] (motoros2_interfaces) StdoutLine: {'line': b'-- Up-to-date symlink: /home/duy/cocarry_ws/install/motoros2_interfaces/include/motoros2_interfaces/motoros2_interfaces/srv/detail/select_motion_tool__type_support.h\n'}
[15.227230] (motoros2_interfaces) StdoutLine: {'line': b'-- Up-to-date symlink: /home/duy/cocarry_ws/install/motoros2_interfaces/include/motoros2_interfaces/motoros2_interfaces/srv/detail/start_point_queue_mode__functions.h\n'}
[15.227990] (motoros2_interfaces) StdoutLine: {'line': b'-- Up-to-date symlink: /home/duy/cocarry_ws/install/motoros2_interfaces/include/motoros2_interfaces/motoros2_interfaces/srv/detail/start_point_queue_mode__struct.h\n'}
[15.228373] (motoros2_interfaces) StdoutLine: {'line': b'-- Up-to-date symlink: /home/duy/cocarry_ws/install/motoros2_interfaces/include/motoros2_interfaces/motoros2_interfaces/srv/detail/start_point_queue_mode__type_support.h\n'}
[15.228605] (motoros2_interfaces) StdoutLine: {'line': b'-- Up-to-date symlink: /home/duy/cocarry_ws/install/motoros2_interfaces/include/motoros2_interfaces/motoros2_interfaces/srv/detail/start_traj_mode__functions.h\n'}
[15.228936] (motoros2_interfaces) StdoutLine: {'line': b'-- Up-to-date symlink: /home/duy/cocarry_ws/install/motoros2_interfaces/include/motoros2_interfaces/motoros2_interfaces/srv/detail/start_traj_mode__struct.h\n'}
[15.229483] (motoros2_interfaces) StdoutLine: {'line': b'-- Up-to-date symlink: /home/duy/cocarry_ws/install/motoros2_interfaces/include/motoros2_interfaces/motoros2_interfaces/srv/detail/start_traj_mode__type_support.h\n'}
[15.230007] (motoros2_interfaces) StdoutLine: {'line': b'-- Up-to-date symlink: /home/duy/cocarry_ws/install/motoros2_interfaces/include/motoros2_interfaces/motoros2_interfaces/srv/detail/write_group_io__functions.h\n'}
[15.230544] (motoros2_interfaces) StdoutLine: {'line': b'-- Up-to-date symlink: /home/duy/cocarry_ws/install/motoros2_interfaces/include/motoros2_interfaces/motoros2_interfaces/srv/detail/write_group_io__struct.h\n'}
[15.231014] (motoros2_interfaces) StdoutLine: {'line': b'-- Up-to-date symlink: /home/duy/cocarry_ws/install/motoros2_interfaces/include/motoros2_interfaces/motoros2_interfaces/srv/detail/write_group_io__type_support.h\n'}
[15.231531] (motoros2_interfaces) StdoutLine: {'line': b'-- Up-to-date symlink: /home/duy/cocarry_ws/install/motoros2_interfaces/include/motoros2_interfaces/motoros2_interfaces/srv/detail/write_m_register__functions.h\n'}
[15.232078] (motoros2_interfaces) StdoutLine: {'line': b'-- Up-to-date symlink: /home/duy/cocarry_ws/install/motoros2_interfaces/include/motoros2_interfaces/motoros2_interfaces/srv/detail/write_m_register__struct.h\n'}
[15.232602] (motoros2_interfaces) StdoutLine: {'line': b'-- Up-to-date symlink: /home/duy/cocarry_ws/install/motoros2_interfaces/include/motoros2_interfaces/motoros2_interfaces/srv/detail/write_m_register__type_support.h\n'}
[15.233066] (motoros2_interfaces) StdoutLine: {'line': b'-- Up-to-date symlink: /home/duy/cocarry_ws/install/motoros2_interfaces/include/motoros2_interfaces/motoros2_interfaces/srv/detail/write_single_io__functions.h\n'}
[15.233641] (motoros2_interfaces) StdoutLine: {'line': b'-- Up-to-date symlink: /home/duy/cocarry_ws/install/motoros2_interfaces/include/motoros2_interfaces/motoros2_interfaces/srv/detail/write_single_io__struct.h\n'}
[15.234417] (motoros2_interfaces) StdoutLine: {'line': b'-- Up-to-date symlink: /home/duy/cocarry_ws/install/motoros2_interfaces/include/motoros2_interfaces/motoros2_interfaces/srv/detail/write_single_io__type_support.h\n'}
[15.234842] (motoros2_interfaces) StdoutLine: {'line': b'-- Up-to-date symlink: /home/duy/cocarry_ws/install/motoros2_interfaces/include/motoros2_interfaces/motoros2_interfaces/srv/get_active_alarm_info.h\n'}
[15.235607] (motoros2_interfaces) StdoutLine: {'line': b'-- Up-to-date symlink: /home/duy/cocarry_ws/install/motoros2_interfaces/include/motoros2_interfaces/motoros2_interfaces/srv/list_inform_jobs.h\n'}
[15.237303] (motoros2_interfaces) StdoutLine: {'line': b'-- Up-to-date symlink: /home/duy/cocarry_ws/install/motoros2_interfaces/include/motoros2_interfaces/motoros2_interfaces/srv/queue_traj_point.h\n'}
[15.237681] (motoros2_interfaces) StdoutLine: {'line': b'-- Up-to-date symlink: /home/duy/cocarry_ws/install/motoros2_interfaces/include/motoros2_interfaces/motoros2_interfaces/srv/read_group_io.h\n'}
[15.237876] (motoros2_interfaces) StdoutLine: {'line': b'-- Up-to-date symlink: /home/duy/cocarry_ws/install/motoros2_interfaces/include/motoros2_interfaces/motoros2_interfaces/srv/read_m_register.h\n'}
[15.238040] (motoros2_interfaces) StdoutLine: {'line': b'-- Up-to-date symlink: /home/duy/cocarry_ws/install/motoros2_interfaces/include/motoros2_interfaces/motoros2_interfaces/srv/read_single_io.h\n'}
[15.238301] (motoros2_interfaces) StdoutLine: {'line': b'-- Up-to-date symlink: /home/duy/cocarry_ws/install/motoros2_interfaces/include/motoros2_interfaces/motoros2_interfaces/srv/reset_error.h\n'}
[15.238476] (motoros2_interfaces) StdoutLine: {'line': b'-- Up-to-date symlink: /home/duy/cocarry_ws/install/motoros2_interfaces/include/motoros2_interfaces/motoros2_interfaces/srv/select_motion_tool.h\n'}
[15.238757] (motoros2_interfaces) StdoutLine: {'line': b'-- Up-to-date symlink: /home/duy/cocarry_ws/install/motoros2_interfaces/include/motoros2_interfaces/motoros2_interfaces/srv/start_point_queue_mode.h\n'}
[15.238924] (motoros2_interfaces) StdoutLine: {'line': b'-- Up-to-date symlink: /home/duy/cocarry_ws/install/motoros2_interfaces/include/motoros2_interfaces/motoros2_interfaces/srv/start_traj_mode.h\n'}
[15.239109] (motoros2_interfaces) StdoutLine: {'line': b'-- Up-to-date symlink: /home/duy/cocarry_ws/install/motoros2_interfaces/include/motoros2_interfaces/motoros2_interfaces/srv/write_group_io.h\n'}
[15.239408] (motoros2_interfaces) StdoutLine: {'line': b'-- Up-to-date symlink: /home/duy/cocarry_ws/install/motoros2_interfaces/include/motoros2_interfaces/motoros2_interfaces/srv/write_m_register.h\n'}
[15.239587] (motoros2_interfaces) StdoutLine: {'line': b'-- Up-to-date symlink: /home/duy/cocarry_ws/install/motoros2_interfaces/include/motoros2_interfaces/motoros2_interfaces/srv/write_single_io.h\n'}
[15.239937] (motoros2_interfaces) StdoutLine: {'line': b'-- Up-to-date symlink: /home/duy/cocarry_ws/install/motoros2_interfaces/share/motoros2_interfaces/environment/library_path.sh\n'}
[15.240409] (motoros2_interfaces) StdoutLine: {'line': b'-- Up-to-date symlink: /home/duy/cocarry_ws/install/motoros2_interfaces/share/motoros2_interfaces/environment/library_path.dsv\n'}
[15.243748] (motoros2_interfaces) StdoutLine: {'line': b'-- Up-to-date symlink: /home/duy/cocarry_ws/install/motoros2_interfaces/include/motoros2_interfaces/motoros2_interfaces/msg/detail/alarm_cause_remedy__rosidl_typesupport_fastrtps_c.h\n'}
[15.244225] (motoros2_interfaces) StdoutLine: {'line': b'-- Up-to-date symlink: /home/duy/cocarry_ws/install/motoros2_interfaces/include/motoros2_interfaces/motoros2_interfaces/msg/detail/alarm_info__rosidl_typesupport_fastrtps_c.h\n'}
[15.244639] (motoros2_interfaces) StdoutLine: {'line': b'-- Up-to-date symlink: /home/duy/cocarry_ws/install/motoros2_interfaces/include/motoros2_interfaces/motoros2_interfaces/msg/detail/error_info__rosidl_typesupport_fastrtps_c.h\n'}
[15.245139] (motoros2_interfaces) StdoutLine: {'line': b'-- Up-to-date symlink: /home/duy/cocarry_ws/install/motoros2_interfaces/include/motoros2_interfaces/motoros2_interfaces/msg/detail/inform_job_crud_result_codes__rosidl_typesupport_fastrtps_c.h\n'}
[15.245525] (motoros2_interfaces) StdoutLine: {'line': b'-- Up-to-date symlink: /home/duy/cocarry_ws/install/motoros2_interfaces/include/motoros2_interfaces/motoros2_interfaces/msg/detail/init_traj_enum__rosidl_typesupport_fastrtps_c.h\n'}
[15.246342] (motoros2_interfaces) StdoutLine: {'line': b'-- Up-to-date symlink: /home/duy/cocarry_ws/install/motoros2_interfaces/include/motoros2_interfaces/motoros2_interfaces/msg/detail/io_result_codes__rosidl_typesupport_fastrtps_c.h\n'}
[15.246686] (motoros2_interfaces) StdoutLine: {'line': b'-- Up-to-date symlink: /home/duy/cocarry_ws/install/motoros2_interfaces/include/motoros2_interfaces/motoros2_interfaces/msg/detail/motion_ready_enum__rosidl_typesupport_fastrtps_c.h\n'}
[15.247001] (motoros2_interfaces) StdoutLine: {'line': b'-- Up-to-date symlink: /home/duy/cocarry_ws/install/motoros2_interfaces/include/motoros2_interfaces/motoros2_interfaces/msg/detail/queue_result_enum__rosidl_typesupport_fastrtps_c.h\n'}
[15.247340] (motoros2_interfaces) StdoutLine: {'line': b'-- Up-to-date symlink: /home/duy/cocarry_ws/install/motoros2_interfaces/include/motoros2_interfaces/motoros2_interfaces/msg/detail/selection_result_codes__rosidl_typesupport_fastrtps_c.h\n'}
[15.247592] (motoros2_interfaces) StdoutLine: {'line': b'-- Up-to-date symlink: /home/duy/cocarry_ws/install/motoros2_interfaces/include/motoros2_interfaces/motoros2_interfaces/msg/rosidl_typesupport_fastrtps_c__visibility_control.h\n'}
[15.247840] (motoros2_interfaces) StdoutLine: {'line': b'-- Up-to-date symlink: /home/duy/cocarry_ws/install/motoros2_interfaces/include/motoros2_interfaces/motoros2_interfaces/srv/detail/get_active_alarm_info__rosidl_typesupport_fastrtps_c.h\n'}
[15.248144] (motoros2_interfaces) StdoutLine: {'line': b'-- Up-to-date symlink: /home/duy/cocarry_ws/install/motoros2_interfaces/include/motoros2_interfaces/motoros2_interfaces/srv/detail/list_inform_jobs__rosidl_typesupport_fastrtps_c.h\n'}
[15.248514] (motoros2_interfaces) StdoutLine: {'line': b'-- Up-to-date symlink: /home/duy/cocarry_ws/install/motoros2_interfaces/include/motoros2_interfaces/motoros2_interfaces/srv/detail/queue_traj_point__rosidl_typesupport_fastrtps_c.h\n'}
[15.248768] (motoros2_interfaces) StdoutLine: {'line': b'-- Up-to-date symlink: /home/duy/cocarry_ws/install/motoros2_interfaces/include/motoros2_interfaces/motoros2_interfaces/srv/detail/read_group_io__rosidl_typesupport_fastrtps_c.h\n'}
[15.249089] (motoros2_interfaces) StdoutLine: {'line': b'-- Up-to-date symlink: /home/duy/cocarry_ws/install/motoros2_interfaces/include/motoros2_interfaces/motoros2_interfaces/srv/detail/read_m_register__rosidl_typesupport_fastrtps_c.h\n'}
[15.249581] (motoros2_interfaces) StdoutLine: {'line': b'-- Up-to-date symlink: /home/duy/cocarry_ws/install/motoros2_interfaces/include/motoros2_interfaces/motoros2_interfaces/srv/detail/read_single_io__rosidl_typesupport_fastrtps_c.h\n'}
[15.249947] (motoros2_interfaces) StdoutLine: {'line': b'-- Up-to-date symlink: /home/duy/cocarry_ws/install/motoros2_interfaces/include/motoros2_interfaces/motoros2_interfaces/srv/detail/reset_error__rosidl_typesupport_fastrtps_c.h\n'}
[15.250496] (motoros2_interfaces) StdoutLine: {'line': b'-- Up-to-date symlink: /home/duy/cocarry_ws/install/motoros2_interfaces/include/motoros2_interfaces/motoros2_interfaces/srv/detail/select_motion_tool__rosidl_typesupport_fastrtps_c.h\n'}
[15.251020] (motoros2_interfaces) StdoutLine: {'line': b'-- Up-to-date symlink: /home/duy/cocarry_ws/install/motoros2_interfaces/include/motoros2_interfaces/motoros2_interfaces/srv/detail/start_point_queue_mode__rosidl_typesupport_fastrtps_c.h\n'}
[15.251710] (motoros2_interfaces) StdoutLine: {'line': b'-- Up-to-date symlink: /home/duy/cocarry_ws/install/motoros2_interfaces/include/motoros2_interfaces/motoros2_interfaces/srv/detail/start_traj_mode__rosidl_typesupport_fastrtps_c.h\n'}
[15.253042] (motoros2_interfaces) StdoutLine: {'line': b'-- Up-to-date symlink: /home/duy/cocarry_ws/install/motoros2_interfaces/include/motoros2_interfaces/motoros2_interfaces/srv/detail/write_group_io__rosidl_typesupport_fastrtps_c.h\n'}
[15.253336] (motoros2_interfaces) StdoutLine: {'line': b'-- Up-to-date symlink: /home/duy/cocarry_ws/install/motoros2_interfaces/include/motoros2_interfaces/motoros2_interfaces/srv/detail/write_m_register__rosidl_typesupport_fastrtps_c.h\n'}
[15.253498] (motoros2_interfaces) StdoutLine: {'line': b'-- Up-to-date symlink: /home/duy/cocarry_ws/install/motoros2_interfaces/include/motoros2_interfaces/motoros2_interfaces/srv/detail/write_single_io__rosidl_typesupport_fastrtps_c.h\n'}
[15.257884] (motoros2_interfaces) StdoutLine: {'line': b'-- Up-to-date symlink: /home/duy/cocarry_ws/install/motoros2_interfaces/include/motoros2_interfaces/motoros2_interfaces/msg/alarm_cause_remedy.hpp\n'}
[15.258406] (motoros2_interfaces) StdoutLine: {'line': b'-- Up-to-date symlink: /home/duy/cocarry_ws/install/motoros2_interfaces/include/motoros2_interfaces/motoros2_interfaces/msg/alarm_info.hpp\n'}
[15.258802] (motoros2_interfaces) StdoutLine: {'line': b'-- Up-to-date symlink: /home/duy/cocarry_ws/install/motoros2_interfaces/include/motoros2_interfaces/motoros2_interfaces/msg/detail/alarm_cause_remedy__builder.hpp\n'}
[15.259283] (motoros2_interfaces) StdoutLine: {'line': b'-- Up-to-date symlink: /home/duy/cocarry_ws/install/motoros2_interfaces/include/motoros2_interfaces/motoros2_interfaces/msg/detail/alarm_cause_remedy__struct.hpp\n'}
[15.260343] (motoros2_interfaces) StdoutLine: {'line': b'-- Up-to-date symlink: /home/duy/cocarry_ws/install/motoros2_interfaces/include/motoros2_interfaces/motoros2_interfaces/msg/detail/alarm_cause_remedy__traits.hpp\n'}
[15.261068] (motoros2_interfaces) StdoutLine: {'line': b'-- Up-to-date symlink: /home/duy/cocarry_ws/install/motoros2_interfaces/include/motoros2_interfaces/motoros2_interfaces/msg/detail/alarm_cause_remedy__type_support.hpp\n'}
[15.261647] (motoros2_interfaces) StdoutLine: {'line': b'-- Up-to-date symlink: /home/duy/cocarry_ws/install/motoros2_interfaces/include/motoros2_interfaces/motoros2_interfaces/msg/detail/alarm_info__builder.hpp\n'}
[15.261994] (motoros2_interfaces) StdoutLine: {'line': b'-- Up-to-date symlink: /home/duy/cocarry_ws/install/motoros2_interfaces/include/motoros2_interfaces/motoros2_interfaces/msg/detail/alarm_info__struct.hpp\n'}
[15.262376] (motoros2_interfaces) StdoutLine: {'line': b'-- Up-to-date symlink: /home/duy/cocarry_ws/install/motoros2_interfaces/include/motoros2_interfaces/motoros2_interfaces/msg/detail/alarm_info__traits.hpp\n'}
[15.262721] (motoros2_interfaces) StdoutLine: {'line': b'-- Up-to-date symlink: /home/duy/cocarry_ws/install/motoros2_interfaces/include/motoros2_interfaces/motoros2_interfaces/msg/detail/alarm_info__type_support.hpp\n'}
[15.263020] (motoros2_interfaces) StdoutLine: {'line': b'-- Up-to-date symlink: /home/duy/cocarry_ws/install/motoros2_interfaces/include/motoros2_interfaces/motoros2_interfaces/msg/detail/error_info__builder.hpp\n'}
[15.263374] (motoros2_interfaces) StdoutLine: {'line': b'-- Up-to-date symlink: /home/duy/cocarry_ws/install/motoros2_interfaces/include/motoros2_interfaces/motoros2_interfaces/msg/detail/error_info__struct.hpp\n'}
[15.263678] (motoros2_interfaces) StdoutLine: {'line': b'-- Up-to-date symlink: /home/duy/cocarry_ws/install/motoros2_interfaces/include/motoros2_interfaces/motoros2_interfaces/msg/detail/error_info__traits.hpp\n'}
[15.264022] (motoros2_interfaces) StdoutLine: {'line': b'-- Up-to-date symlink: /home/duy/cocarry_ws/install/motoros2_interfaces/include/motoros2_interfaces/motoros2_interfaces/msg/detail/error_info__type_support.hpp\n'}
[15.264425] (motoros2_interfaces) StdoutLine: {'line': b'-- Up-to-date symlink: /home/duy/cocarry_ws/install/motoros2_interfaces/include/motoros2_interfaces/motoros2_interfaces/msg/detail/inform_job_crud_result_codes__builder.hpp\n'}
[15.264763] (motoros2_interfaces) StdoutLine: {'line': b'-- Up-to-date symlink: /home/duy/cocarry_ws/install/motoros2_interfaces/include/motoros2_interfaces/motoros2_interfaces/msg/detail/inform_job_crud_result_codes__struct.hpp\n'}
[15.265246] (motoros2_interfaces) StdoutLine: {'line': b'-- Up-to-date symlink: /home/duy/cocarry_ws/install/motoros2_interfaces/include/motoros2_interfaces/motoros2_interfaces/msg/detail/inform_job_crud_result_codes__traits.hpp\n'}
[15.266543] (motoros2_interfaces) StdoutLine: {'line': b'-- Up-to-date symlink: /home/duy/cocarry_ws/install/motoros2_interfaces/include/motoros2_interfaces/motoros2_interfaces/msg/detail/inform_job_crud_result_codes__type_support.hpp\n'}
[15.267095] (motoros2_interfaces) StdoutLine: {'line': b'-- Up-to-date symlink: /home/duy/cocarry_ws/install/motoros2_interfaces/include/motoros2_interfaces/motoros2_interfaces/msg/detail/init_traj_enum__builder.hpp\n'}
[15.267578] (motoros2_interfaces) StdoutLine: {'line': b'-- Up-to-date symlink: /home/duy/cocarry_ws/install/motoros2_interfaces/include/motoros2_interfaces/motoros2_interfaces/msg/detail/init_traj_enum__struct.hpp\n'}
[15.268047] (motoros2_interfaces) StdoutLine: {'line': b'-- Up-to-date symlink: /home/duy/cocarry_ws/install/motoros2_interfaces/include/motoros2_interfaces/motoros2_interfaces/msg/detail/init_traj_enum__traits.hpp\n'}
[15.268413] (motoros2_interfaces) StdoutLine: {'line': b'-- Up-to-date symlink: /home/duy/cocarry_ws/install/motoros2_interfaces/include/motoros2_interfaces/motoros2_interfaces/msg/detail/init_traj_enum__type_support.hpp\n'}
[15.268742] (motoros2_interfaces) StdoutLine: {'line': b'-- Up-to-date symlink: /home/duy/cocarry_ws/install/motoros2_interfaces/include/motoros2_interfaces/motoros2_interfaces/msg/detail/io_result_codes__builder.hpp\n'}
[15.269174] (motoros2_interfaces) StdoutLine: {'line': b'-- Up-to-date symlink: /home/duy/cocarry_ws/install/motoros2_interfaces/include/motoros2_interfaces/motoros2_interfaces/msg/detail/io_result_codes__struct.hpp\n'}
[15.269662] (motoros2_interfaces) StdoutLine: {'line': b'-- Up-to-date symlink: /home/duy/cocarry_ws/install/motoros2_interfaces/include/motoros2_interfaces/motoros2_interfaces/msg/detail/io_result_codes__traits.hpp\n'}
[15.271488] (motoros2_interfaces) StdoutLine: {'line': b'-- Up-to-date symlink: /home/duy/cocarry_ws/install/motoros2_interfaces/include/motoros2_interfaces/motoros2_interfaces/msg/detail/io_result_codes__type_support.hpp\n'}
[15.271929] (motoros2_interfaces) StdoutLine: {'line': b'-- Up-to-date symlink: /home/duy/cocarry_ws/install/motoros2_interfaces/include/motoros2_interfaces/motoros2_interfaces/msg/detail/motion_ready_enum__builder.hpp\n'}
[15.272237] (motoros2_interfaces) StdoutLine: {'line': b'-- Up-to-date symlink: /home/duy/cocarry_ws/install/motoros2_interfaces/include/motoros2_interfaces/motoros2_interfaces/msg/detail/motion_ready_enum__struct.hpp\n'}
[15.272688] (motoros2_interfaces) StdoutLine: {'line': b'-- Up-to-date symlink: /home/duy/cocarry_ws/install/motoros2_interfaces/include/motoros2_interfaces/motoros2_interfaces/msg/detail/motion_ready_enum__traits.hpp\n'}
[15.273215] (motoros2_interfaces) StdoutLine: {'line': b'-- Up-to-date symlink: /home/duy/cocarry_ws/install/motoros2_interfaces/include/motoros2_interfaces/motoros2_interfaces/msg/detail/motion_ready_enum__type_support.hpp\n'}
[15.273584] (motoros2_interfaces) StdoutLine: {'line': b'-- Up-to-date symlink: /home/duy/cocarry_ws/install/motoros2_interfaces/include/motoros2_interfaces/motoros2_interfaces/msg/detail/queue_result_enum__builder.hpp\n'}
[15.273928] (motoros2_interfaces) StdoutLine: {'line': b'-- Up-to-date symlink: /home/duy/cocarry_ws/install/motoros2_interfaces/include/motoros2_interfaces/motoros2_interfaces/msg/detail/queue_result_enum__struct.hpp\n'}
[15.274571] (motoros2_interfaces) StdoutLine: {'line': b'-- Up-to-date symlink: /home/duy/cocarry_ws/install/motoros2_interfaces/include/motoros2_interfaces/motoros2_interfaces/msg/detail/queue_result_enum__traits.hpp\n'}
[15.274986] (motoros2_interfaces) StdoutLine: {'line': b'-- Up-to-date symlink: /home/duy/cocarry_ws/install/motoros2_interfaces/include/motoros2_interfaces/motoros2_interfaces/msg/detail/queue_result_enum__type_support.hpp\n'}
[15.275361] (motoros2_interfaces) StdoutLine: {'line': b'-- Up-to-date symlink: /home/duy/cocarry_ws/install/motoros2_interfaces/include/motoros2_interfaces/motoros2_interfaces/msg/detail/selection_result_codes__builder.hpp\n'}
[15.275713] (motoros2_interfaces) StdoutLine: {'line': b'-- Up-to-date symlink: /home/duy/cocarry_ws/install/motoros2_interfaces/include/motoros2_interfaces/motoros2_interfaces/msg/detail/selection_result_codes__struct.hpp\n'}
[15.276062] (motoros2_interfaces) StdoutLine: {'line': b'-- Up-to-date symlink: /home/duy/cocarry_ws/install/motoros2_interfaces/include/motoros2_interfaces/motoros2_interfaces/msg/detail/selection_result_codes__traits.hpp\n'}
[15.276445] (motoros2_interfaces) StdoutLine: {'line': b'-- Up-to-date symlink: /home/duy/cocarry_ws/install/motoros2_interfaces/include/motoros2_interfaces/motoros2_interfaces/msg/detail/selection_result_codes__type_support.hpp\n'}
[15.276770] (motoros2_interfaces) StdoutLine: {'line': b'-- Up-to-date symlink: /home/duy/cocarry_ws/install/motoros2_interfaces/include/motoros2_interfaces/motoros2_interfaces/msg/error_info.hpp\n'}
[15.277265] (motoros2_interfaces) StdoutLine: {'line': b'-- Up-to-date symlink: /home/duy/cocarry_ws/install/motoros2_interfaces/include/motoros2_interfaces/motoros2_interfaces/msg/inform_job_crud_result_codes.hpp\n'}
[15.277642] (motoros2_interfaces) StdoutLine: {'line': b'-- Up-to-date symlink: /home/duy/cocarry_ws/install/motoros2_interfaces/include/motoros2_interfaces/motoros2_interfaces/msg/init_traj_enum.hpp\n'}
[15.277973] (motoros2_interfaces) StdoutLine: {'line': b'-- Up-to-date symlink: /home/duy/cocarry_ws/install/motoros2_interfaces/include/motoros2_interfaces/motoros2_interfaces/msg/io_result_codes.hpp\n'}
[15.278571] (motoros2_interfaces) StdoutLine: {'line': b'-- Up-to-date symlink: /home/duy/cocarry_ws/install/motoros2_interfaces/include/motoros2_interfaces/motoros2_interfaces/msg/motion_ready_enum.hpp\n'}
[15.278917] (motoros2_interfaces) StdoutLine: {'line': b'-- Up-to-date symlink: /home/duy/cocarry_ws/install/motoros2_interfaces/include/motoros2_interfaces/motoros2_interfaces/msg/queue_result_enum.hpp\n'}
[15.279179] (motoros2_interfaces) StdoutLine: {'line': b'-- Up-to-date symlink: /home/duy/cocarry_ws/install/motoros2_interfaces/include/motoros2_interfaces/motoros2_interfaces/msg/rosidl_generator_cpp__visibility_control.hpp\n'}
[15.279432] (motoros2_interfaces) StdoutLine: {'line': b'-- Up-to-date symlink: /home/duy/cocarry_ws/install/motoros2_interfaces/include/motoros2_interfaces/motoros2_interfaces/msg/selection_result_codes.hpp\n'}
[15.279672] (motoros2_interfaces) StdoutLine: {'line': b'-- Up-to-date symlink: /home/duy/cocarry_ws/install/motoros2_interfaces/include/motoros2_interfaces/motoros2_interfaces/srv/detail/get_active_alarm_info__builder.hpp\n'}
[15.279939] (motoros2_interfaces) StdoutLine: {'line': b'-- Up-to-date symlink: /home/duy/cocarry_ws/install/motoros2_interfaces/include/motoros2_interfaces/motoros2_interfaces/srv/detail/get_active_alarm_info__struct.hpp\n'}
[15.280220] (motoros2_interfaces) StdoutLine: {'line': b'-- Up-to-date symlink: /home/duy/cocarry_ws/install/motoros2_interfaces/include/motoros2_interfaces/motoros2_interfaces/srv/detail/get_active_alarm_info__traits.hpp\n'}
[15.280434] (motoros2_interfaces) StdoutLine: {'line': b'-- Up-to-date symlink: /home/duy/cocarry_ws/install/motoros2_interfaces/include/motoros2_interfaces/motoros2_interfaces/srv/detail/get_active_alarm_info__type_support.hpp\n'}
[15.280714] (motoros2_interfaces) StdoutLine: {'line': b'-- Up-to-date symlink: /home/duy/cocarry_ws/install/motoros2_interfaces/include/motoros2_interfaces/motoros2_interfaces/srv/detail/list_inform_jobs__builder.hpp\n'}
[15.280946] (motoros2_interfaces) StdoutLine: {'line': b'-- Up-to-date symlink: /home/duy/cocarry_ws/install/motoros2_interfaces/include/motoros2_interfaces/motoros2_interfaces/srv/detail/list_inform_jobs__struct.hpp\n'}
[15.281525] (motoros2_interfaces) StdoutLine: {'line': b'-- Up-to-date symlink: /home/duy/cocarry_ws/install/motoros2_interfaces/include/motoros2_interfaces/motoros2_interfaces/srv/detail/list_inform_jobs__traits.hpp\n'}
[15.281885] (motoros2_interfaces) StdoutLine: {'line': b'-- Up-to-date symlink: /home/duy/cocarry_ws/install/motoros2_interfaces/include/motoros2_interfaces/motoros2_interfaces/srv/detail/list_inform_jobs__type_support.hpp\n'}
[15.282077] (motoros2_interfaces) StdoutLine: {'line': b'-- Up-to-date symlink: /home/duy/cocarry_ws/install/motoros2_interfaces/include/motoros2_interfaces/motoros2_interfaces/srv/detail/queue_traj_point__builder.hpp\n'}
[15.282309] (-) TimerEvent: {}
[15.282824] (motoros2_interfaces) StdoutLine: {'line': b'-- Up-to-date symlink: /home/duy/cocarry_ws/install/motoros2_interfaces/include/motoros2_interfaces/motoros2_interfaces/srv/detail/queue_traj_point__struct.hpp\n'}
[15.283334] (motoros2_interfaces) StdoutLine: {'line': b'-- Up-to-date symlink: /home/duy/cocarry_ws/install/motoros2_interfaces/include/motoros2_interfaces/motoros2_interfaces/srv/detail/queue_traj_point__traits.hpp\n'}
[15.283639] (motoros2_interfaces) StdoutLine: {'line': b'-- Up-to-date symlink: /home/duy/cocarry_ws/install/motoros2_interfaces/include/motoros2_interfaces/motoros2_interfaces/srv/detail/queue_traj_point__type_support.hpp\n'}
[15.284155] (motoros2_interfaces) StdoutLine: {'line': b'-- Up-to-date symlink: /home/duy/cocarry_ws/install/motoros2_interfaces/include/motoros2_interfaces/motoros2_interfaces/srv/detail/read_group_io__builder.hpp\n'}
[15.284488] (motoros2_interfaces) StdoutLine: {'line': b'-- Up-to-date symlink: /home/duy/cocarry_ws/install/motoros2_interfaces/include/motoros2_interfaces/motoros2_interfaces/srv/detail/read_group_io__struct.hpp\n'}
[15.284831] (motoros2_interfaces) StdoutLine: {'line': b'-- Up-to-date symlink: /home/duy/cocarry_ws/install/motoros2_interfaces/include/motoros2_interfaces/motoros2_interfaces/srv/detail/read_group_io__traits.hpp\n'}
[15.285331] (motoros2_interfaces) StdoutLine: {'line': b'-- Up-to-date symlink: /home/duy/cocarry_ws/install/motoros2_interfaces/include/motoros2_interfaces/motoros2_interfaces/srv/detail/read_group_io__type_support.hpp\n'}
[15.285613] (motoros2_interfaces) StdoutLine: {'line': b'-- Up-to-date symlink: /home/duy/cocarry_ws/install/motoros2_interfaces/include/motoros2_interfaces/motoros2_interfaces/srv/detail/read_m_register__builder.hpp\n'}
[15.286436] (motoros2_interfaces) StdoutLine: {'line': b'-- Up-to-date symlink: /home/duy/cocarry_ws/install/motoros2_interfaces/include/motoros2_interfaces/motoros2_interfaces/srv/detail/read_m_register__struct.hpp\n'}
[15.286788] (motoros2_interfaces) StdoutLine: {'line': b'-- Up-to-date symlink: /home/duy/cocarry_ws/install/motoros2_interfaces/include/motoros2_interfaces/motoros2_interfaces/srv/detail/read_m_register__traits.hpp\n'}
[15.287152] (motoros2_interfaces) StdoutLine: {'line': b'-- Up-to-date symlink: /home/duy/cocarry_ws/install/motoros2_interfaces/include/motoros2_interfaces/motoros2_interfaces/srv/detail/read_m_register__type_support.hpp\n'}
[15.287564] (motoros2_interfaces) StdoutLine: {'line': b'-- Up-to-date symlink: /home/duy/cocarry_ws/install/motoros2_interfaces/include/motoros2_interfaces/motoros2_interfaces/srv/detail/read_single_io__builder.hpp\n'}
[15.287977] (motoros2_interfaces) StdoutLine: {'line': b'-- Up-to-date symlink: /home/duy/cocarry_ws/install/motoros2_interfaces/include/motoros2_interfaces/motoros2_interfaces/srv/detail/read_single_io__struct.hpp\n'}
[15.288313] (motoros2_interfaces) StdoutLine: {'line': b'-- Up-to-date symlink: /home/duy/cocarry_ws/install/motoros2_interfaces/include/motoros2_interfaces/motoros2_interfaces/srv/detail/read_single_io__traits.hpp\n'}
[15.288632] (motoros2_interfaces) StdoutLine: {'line': b'-- Up-to-date symlink: /home/duy/cocarry_ws/install/motoros2_interfaces/include/motoros2_interfaces/motoros2_interfaces/srv/detail/read_single_io__type_support.hpp\n'}
[15.288987] (motoros2_interfaces) StdoutLine: {'line': b'-- Up-to-date symlink: /home/duy/cocarry_ws/install/motoros2_interfaces/include/motoros2_interfaces/motoros2_interfaces/srv/detail/reset_error__builder.hpp\n'}
[15.289268] (motoros2_interfaces) StdoutLine: {'line': b'-- Up-to-date symlink: /home/duy/cocarry_ws/install/motoros2_interfaces/include/motoros2_interfaces/motoros2_interfaces/srv/detail/reset_error__struct.hpp\n'}
[15.289998] (motoros2_interfaces) StdoutLine: {'line': b'-- Up-to-date symlink: /home/duy/cocarry_ws/install/motoros2_interfaces/include/motoros2_interfaces/motoros2_interfaces/srv/detail/reset_error__traits.hpp\n'}
[15.290282] (motoros2_interfaces) StdoutLine: {'line': b'-- Up-to-date symlink: /home/duy/cocarry_ws/install/motoros2_interfaces/include/motoros2_interfaces/motoros2_interfaces/srv/detail/reset_error__type_support.hpp\n'}
[15.290502] (motoros2_interfaces) StdoutLine: {'line': b'-- Up-to-date symlink: /home/duy/cocarry_ws/install/motoros2_interfaces/include/motoros2_interfaces/motoros2_interfaces/srv/detail/select_motion_tool__builder.hpp\n'}
[15.290802] (motoros2_interfaces) StdoutLine: {'line': b'-- Up-to-date symlink: /home/duy/cocarry_ws/install/motoros2_interfaces/include/motoros2_interfaces/motoros2_interfaces/srv/detail/select_motion_tool__struct.hpp\n'}
[15.290996] (motoros2_interfaces) StdoutLine: {'line': b'-- Up-to-date symlink: /home/duy/cocarry_ws/install/motoros2_interfaces/include/motoros2_interfaces/motoros2_interfaces/srv/detail/select_motion_tool__traits.hpp\n'}
[15.291239] (motoros2_interfaces) StdoutLine: {'line': b'-- Up-to-date symlink: /home/duy/cocarry_ws/install/motoros2_interfaces/include/motoros2_interfaces/motoros2_interfaces/srv/detail/select_motion_tool__type_support.hpp\n'}
[15.291596] (motoros2_interfaces) StdoutLine: {'line': b'-- Up-to-date symlink: /home/duy/cocarry_ws/install/motoros2_interfaces/include/motoros2_interfaces/motoros2_interfaces/srv/detail/start_point_queue_mode__builder.hpp\n'}
[15.291875] (motoros2_interfaces) StdoutLine: {'line': b'-- Up-to-date symlink: /home/duy/cocarry_ws/install/motoros2_interfaces/include/motoros2_interfaces/motoros2_interfaces/srv/detail/start_point_queue_mode__struct.hpp\n'}
[15.292334] (motoros2_interfaces) StdoutLine: {'line': b'-- Up-to-date symlink: /home/duy/cocarry_ws/install/motoros2_interfaces/include/motoros2_interfaces/motoros2_interfaces/srv/detail/start_point_queue_mode__traits.hpp\n'}
[15.292876] (motoros2_interfaces) StdoutLine: {'line': b'-- Up-to-date symlink: /home/duy/cocarry_ws/install/motoros2_interfaces/include/motoros2_interfaces/motoros2_interfaces/srv/detail/start_point_queue_mode__type_support.hpp\n'}
[15.293498] (motoros2_interfaces) StdoutLine: {'line': b'-- Up-to-date symlink: /home/duy/cocarry_ws/install/motoros2_interfaces/include/motoros2_interfaces/motoros2_interfaces/srv/detail/start_traj_mode__builder.hpp\n'}
[15.295835] (motoros2_interfaces) StdoutLine: {'line': b'-- Up-to-date symlink: /home/duy/cocarry_ws/install/motoros2_interfaces/include/motoros2_interfaces/motoros2_interfaces/srv/detail/start_traj_mode__struct.hpp\n'}
[15.296397] (motoros2_interfaces) StdoutLine: {'line': b'-- Up-to-date symlink: /home/duy/cocarry_ws/install/motoros2_interfaces/include/motoros2_interfaces/motoros2_interfaces/srv/detail/start_traj_mode__traits.hpp\n'}
[15.296711] (motoros2_interfaces) StdoutLine: {'line': b'-- Up-to-date symlink: /home/duy/cocarry_ws/install/motoros2_interfaces/include/motoros2_interfaces/motoros2_interfaces/srv/detail/start_traj_mode__type_support.hpp\n'}
[15.296978] (motoros2_interfaces) StdoutLine: {'line': b'-- Up-to-date symlink: /home/duy/cocarry_ws/install/motoros2_interfaces/include/motoros2_interfaces/motoros2_interfaces/srv/detail/write_group_io__builder.hpp\n'}
[15.297345] (motoros2_interfaces) StdoutLine: {'line': b'-- Up-to-date symlink: /home/duy/cocarry_ws/install/motoros2_interfaces/include/motoros2_interfaces/motoros2_interfaces/srv/detail/write_group_io__struct.hpp\n'}
[15.297762] (motoros2_interfaces) StdoutLine: {'line': b'-- Up-to-date symlink: /home/duy/cocarry_ws/install/motoros2_interfaces/include/motoros2_interfaces/motoros2_interfaces/srv/detail/write_group_io__traits.hpp\n'}
[15.298084] (motoros2_interfaces) StdoutLine: {'line': b'-- Up-to-date symlink: /home/duy/cocarry_ws/install/motoros2_interfaces/include/motoros2_interfaces/motoros2_interfaces/srv/detail/write_group_io__type_support.hpp\n'}
[15.298418] (motoros2_interfaces) StdoutLine: {'line': b'-- Up-to-date symlink: /home/duy/cocarry_ws/install/motoros2_interfaces/include/motoros2_interfaces/motoros2_interfaces/srv/detail/write_m_register__builder.hpp\n'}
[15.298812] (motoros2_interfaces) StdoutLine: {'line': b'-- Up-to-date symlink: /home/duy/cocarry_ws/install/motoros2_interfaces/include/motoros2_interfaces/motoros2_interfaces/srv/detail/write_m_register__struct.hpp\n'}
[15.299421] (motoros2_interfaces) StdoutLine: {'line': b'-- Up-to-date symlink: /home/duy/cocarry_ws/install/motoros2_interfaces/include/motoros2_interfaces/motoros2_interfaces/srv/detail/write_m_register__traits.hpp\n'}
[15.300017] (motoros2_interfaces) StdoutLine: {'line': b'-- Up-to-date symlink: /home/duy/cocarry_ws/install/motoros2_interfaces/include/motoros2_interfaces/motoros2_interfaces/srv/detail/write_m_register__type_support.hpp\n'}
[15.300647] (motoros2_interfaces) StdoutLine: {'line': b'-- Up-to-date symlink: /home/duy/cocarry_ws/install/motoros2_interfaces/include/motoros2_interfaces/motoros2_interfaces/srv/detail/write_single_io__builder.hpp\n'}
[15.303747] (motoros2_interfaces) StdoutLine: {'line': b'-- Up-to-date symlink: /home/duy/cocarry_ws/install/motoros2_interfaces/include/motoros2_interfaces/motoros2_interfaces/srv/detail/write_single_io__struct.hpp\n'}
[15.304331] (motoros2_interfaces) StdoutLine: {'line': b'-- Up-to-date symlink: /home/duy/cocarry_ws/install/motoros2_interfaces/include/motoros2_interfaces/motoros2_interfaces/srv/detail/write_single_io__traits.hpp\n'}
[15.304792] (motoros2_interfaces) StdoutLine: {'line': b'-- Up-to-date symlink: /home/duy/cocarry_ws/install/motoros2_interfaces/include/motoros2_interfaces/motoros2_interfaces/srv/detail/write_single_io__type_support.hpp\n'}
[15.305123] (motoros2_interfaces) StdoutLine: {'line': b'-- Up-to-date symlink: /home/duy/cocarry_ws/install/motoros2_interfaces/include/motoros2_interfaces/motoros2_interfaces/srv/get_active_alarm_info.hpp\n'}
[15.305518] (motoros2_interfaces) StdoutLine: {'line': b'-- Up-to-date symlink: /home/duy/cocarry_ws/install/motoros2_interfaces/include/motoros2_interfaces/motoros2_interfaces/srv/list_inform_jobs.hpp\n'}
[15.305797] (motoros2_interfaces) StdoutLine: {'line': b'-- Up-to-date symlink: /home/duy/cocarry_ws/install/motoros2_interfaces/include/motoros2_interfaces/motoros2_interfaces/srv/queue_traj_point.hpp\n'}
[15.306102] (motoros2_interfaces) StdoutLine: {'line': b'-- Up-to-date symlink: /home/duy/cocarry_ws/install/motoros2_interfaces/include/motoros2_interfaces/motoros2_interfaces/srv/read_group_io.hpp\n'}
[15.306660] (motoros2_interfaces) StdoutLine: {'line': b'-- Up-to-date symlink: /home/duy/cocarry_ws/install/motoros2_interfaces/include/motoros2_interfaces/motoros2_interfaces/srv/read_m_register.hpp\n'}
[15.307448] (motoros2_interfaces) StdoutLine: {'line': b'-- Up-to-date symlink: /home/duy/cocarry_ws/install/motoros2_interfaces/include/motoros2_interfaces/motoros2_interfaces/srv/read_single_io.hpp\n'}
[15.307850] (motoros2_interfaces) StdoutLine: {'line': b'-- Up-to-date symlink: /home/duy/cocarry_ws/install/motoros2_interfaces/include/motoros2_interfaces/motoros2_interfaces/srv/reset_error.hpp\n'}
[15.308256] (motoros2_interfaces) StdoutLine: {'line': b'-- Up-to-date symlink: /home/duy/cocarry_ws/install/motoros2_interfaces/include/motoros2_interfaces/motoros2_interfaces/srv/select_motion_tool.hpp\n'}
[15.308896] (motoros2_interfaces) StdoutLine: {'line': b'-- Up-to-date symlink: /home/duy/cocarry_ws/install/motoros2_interfaces/include/motoros2_interfaces/motoros2_interfaces/srv/start_point_queue_mode.hpp\n'}
[15.309235] (motoros2_interfaces) StdoutLine: {'line': b'-- Up-to-date symlink: /home/duy/cocarry_ws/install/motoros2_interfaces/include/motoros2_interfaces/motoros2_interfaces/srv/start_traj_mode.hpp\n'}
[15.309839] (motoros2_interfaces) StdoutLine: {'line': b'-- Up-to-date symlink: /home/duy/cocarry_ws/install/motoros2_interfaces/include/motoros2_interfaces/motoros2_interfaces/srv/write_group_io.hpp\n'}
[15.310265] (motoros2_interfaces) StdoutLine: {'line': b'-- Up-to-date symlink: /home/duy/cocarry_ws/install/motoros2_interfaces/include/motoros2_interfaces/motoros2_interfaces/srv/write_m_register.hpp\n'}
[15.313121] (motoros2_interfaces) StdoutLine: {'line': b'-- Up-to-date symlink: /home/duy/cocarry_ws/install/motoros2_interfaces/include/motoros2_interfaces/motoros2_interfaces/srv/write_single_io.hpp\n'}
[15.315024] (predictor_ui) Command: {'cmd': ['/usr/bin/python3', '-W', 'ignore:setup.py install is deprecated', '-W', 'ignore:easy_install command is deprecated', 'setup.py', 'develop', '--editable', '--build-directory', '/home/duy/cocarry_ws/build/predictor_ui/build', '--no-deps', 'symlink_data', '--force'], 'cwd': '/home/duy/cocarry_ws/build/predictor_ui', 'env': {'USER': 'duy', 'ROS_PACKAGE_PATH': '/home/duy/cocarry_ws/install/human_hand_msgs/share', 'SHLVL': '0', 'LD_LIBRARY_PATH': '/home/duy/cocarry_ws/install/human_hand_msgs/lib:/usr/lib/x86_64-linux-gnu/gazebo-11/plugins:/opt/ros/humble/opt/rviz_ogre_vendor/lib:/opt/ros/humble/lib/x86_64-linux-gnu:/opt/ros/humble/lib', 'HOME': '/home/duy', 'ROS_PYTHON_VERSION': '3', 'ROS_DISTRO': 'humble', '_': '/usr/bin/colcon', 'ROS_VERSION': '2', 'PKG_CONFIG_PATH': '/home/duy/cocarry_ws/install/human_hand_msgs/lib/x86_64-linux-gnu/pkgconfig:/home/duy/cocarry_ws/install/human_hand_msgs/lib/pkgconfig', 'TERM': 'dumb', 'ROS_LOCALHOST_ONLY': '0', 'PATH': '/home/duy/.local/bin:/home/duy/.nvm/versions/node/v20.20.2/bin:/opt/ros/humble/bin:/home/duy/.local/bin:/usr/local/sbin:/usr/local/bin:/usr/sbin:/usr/bin:/sbin:/bin:/usr/games:/usr/local/games:/snap/bin:/snap/bin:/home/duy/libfreenect2/build/bin', 'LANG': 'en_US.UTF-8', 'TMP': '/tmp', 'AMENT_PREFIX_PATH': '/opt/ros/humble', 'SHELL': '/bin/bash', 'PWD': '/home/duy/cocarry_ws/build/predictor_ui', 'PYTHONPATH': '/home/duy/cocarry_ws/build/predictor_ui/prefix_override:/usr/lib/python3/dist-packages/colcon_core/task/python/colcon_distutils_commands:/home/duy/cocarry_ws/install/predictor_ui/lib/python3.10/site-packages:/home/duy/cocarry_ws/install/human_hand_msgs/local/lib/python3.10/dist-packages:/opt/ros/humble/lib/python3.10/site-packages:/opt/ros/humble/local/lib/python3.10/dist-packages', 'COLCON': '1', 'CMAKE_PREFIX_PATH': '/home/duy/cocarry_ws/install/human_hand_msgs'}, 'shell': False}
[15.317676] (motoros2_interfaces) StdoutLine: {'line': b'-- Up-to-date symlink: /home/duy/cocarry_ws/install/motoros2_interfaces/include/motoros2_interfaces/motoros2_interfaces/msg/detail/alarm_cause_remedy__rosidl_typesupport_fastrtps_cpp.hpp\n'}
[15.318201] (motoros2_interfaces) StdoutLine: {'line': b'-- Up-to-date symlink: /home/duy/cocarry_ws/install/motoros2_interfaces/include/motoros2_interfaces/motoros2_interfaces/msg/detail/alarm_info__rosidl_typesupport_fastrtps_cpp.hpp\n'}
[15.318661] (motoros2_interfaces) StdoutLine: {'line': b'-- Up-to-date symlink: /home/duy/cocarry_ws/install/motoros2_interfaces/include/motoros2_interfaces/motoros2_interfaces/msg/detail/error_info__rosidl_typesupport_fastrtps_cpp.hpp\n'}
[15.319073] (motoros2_interfaces) StdoutLine: {'line': b'-- Up-to-date symlink: /home/duy/cocarry_ws/install/motoros2_interfaces/include/motoros2_interfaces/motoros2_interfaces/msg/detail/inform_job_crud_result_codes__rosidl_typesupport_fastrtps_cpp.hpp\n'}
[15.319447] (motoros2_interfaces) StdoutLine: {'line': b'-- Up-to-date symlink: /home/duy/cocarry_ws/install/motoros2_interfaces/include/motoros2_interfaces/motoros2_interfaces/msg/detail/init_traj_enum__rosidl_typesupport_fastrtps_cpp.hpp\n'}
[15.319739] (motoros2_interfaces) StdoutLine: {'line': b'-- Up-to-date symlink: /home/duy/cocarry_ws/install/motoros2_interfaces/include/motoros2_interfaces/motoros2_interfaces/msg/detail/io_result_codes__rosidl_typesupport_fastrtps_cpp.hpp\n'}
[15.320201] (motoros2_interfaces) StdoutLine: {'line': b'-- Up-to-date symlink: /home/duy/cocarry_ws/install/motoros2_interfaces/include/motoros2_interfaces/motoros2_interfaces/msg/detail/motion_ready_enum__rosidl_typesupport_fastrtps_cpp.hpp\n'}
[15.320547] (motoros2_interfaces) StdoutLine: {'line': b'-- Up-to-date symlink: /home/duy/cocarry_ws/install/motoros2_interfaces/include/motoros2_interfaces/motoros2_interfaces/msg/detail/queue_result_enum__rosidl_typesupport_fastrtps_cpp.hpp\n'}
[15.321202] (motoros2_interfaces) StdoutLine: {'line': b'-- Up-to-date symlink: /home/duy/cocarry_ws/install/motoros2_interfaces/include/motoros2_interfaces/motoros2_interfaces/msg/detail/selection_result_codes__rosidl_typesupport_fastrtps_cpp.hpp\n'}
[15.321562] (motoros2_interfaces) StdoutLine: {'line': b'-- Up-to-date symlink: /home/duy/cocarry_ws/install/motoros2_interfaces/include/motoros2_interfaces/motoros2_interfaces/msg/rosidl_typesupport_fastrtps_cpp__visibility_control.h\n'}
[15.321864] (motoros2_interfaces) StdoutLine: {'line': b'-- Up-to-date symlink: /home/duy/cocarry_ws/install/motoros2_interfaces/include/motoros2_interfaces/motoros2_interfaces/srv/detail/get_active_alarm_info__rosidl_typesupport_fastrtps_cpp.hpp\n'}
[15.322145] (motoros2_interfaces) StdoutLine: {'line': b'-- Up-to-date symlink: /home/duy/cocarry_ws/install/motoros2_interfaces/include/motoros2_interfaces/motoros2_interfaces/srv/detail/list_inform_jobs__rosidl_typesupport_fastrtps_cpp.hpp\n'}
[15.322449] (motoros2_interfaces) StdoutLine: {'line': b'-- Up-to-date symlink: /home/duy/cocarry_ws/install/motoros2_interfaces/include/motoros2_interfaces/motoros2_interfaces/srv/detail/queue_traj_point__rosidl_typesupport_fastrtps_cpp.hpp\n'}
[15.322691] (motoros2_interfaces) StdoutLine: {'line': b'-- Up-to-date symlink: /home/duy/cocarry_ws/install/motoros2_interfaces/include/motoros2_interfaces/motoros2_interfaces/srv/detail/read_group_io__rosidl_typesupport_fastrtps_cpp.hpp\n'}
[15.322929] (motoros2_interfaces) StdoutLine: {'line': b'-- Up-to-date symlink: /home/duy/cocarry_ws/install/motoros2_interfaces/include/motoros2_interfaces/motoros2_interfaces/srv/detail/read_m_register__rosidl_typesupport_fastrtps_cpp.hpp\n'}
[15.323201] (motoros2_interfaces) StdoutLine: {'line': b'-- Up-to-date symlink: /home/duy/cocarry_ws/install/motoros2_interfaces/include/motoros2_interfaces/motoros2_interfaces/srv/detail/read_single_io__rosidl_typesupport_fastrtps_cpp.hpp\n'}
[15.323451] (motoros2_interfaces) StdoutLine: {'line': b'-- Up-to-date symlink: /home/duy/cocarry_ws/install/motoros2_interfaces/include/motoros2_interfaces/motoros2_interfaces/srv/detail/reset_error__rosidl_typesupport_fastrtps_cpp.hpp\n'}
[15.323692] (motoros2_interfaces) StdoutLine: {'line': b'-- Up-to-date symlink: /home/duy/cocarry_ws/install/motoros2_interfaces/include/motoros2_interfaces/motoros2_interfaces/srv/detail/select_motion_tool__rosidl_typesupport_fastrtps_cpp.hpp\n'}
[15.323940] (motoros2_interfaces) StdoutLine: {'line': b'-- Up-to-date symlink: /home/duy/cocarry_ws/install/motoros2_interfaces/include/motoros2_interfaces/motoros2_interfaces/srv/detail/start_point_queue_mode__rosidl_typesupport_fastrtps_cpp.hpp\n'}
[15.324461] (motoros2_interfaces) StdoutLine: {'line': b'-- Up-to-date symlink: /home/duy/cocarry_ws/install/motoros2_interfaces/include/motoros2_interfaces/motoros2_interfaces/srv/detail/start_traj_mode__rosidl_typesupport_fastrtps_cpp.hpp\n'}
[15.324706] (motoros2_interfaces) StdoutLine: {'line': b'-- Up-to-date symlink: /home/duy/cocarry_ws/install/motoros2_interfaces/include/motoros2_interfaces/motoros2_interfaces/srv/detail/write_group_io__rosidl_typesupport_fastrtps_cpp.hpp\n'}
[15.324882] (motoros2_interfaces) StdoutLine: {'line': b'-- Up-to-date symlink: /home/duy/cocarry_ws/install/motoros2_interfaces/include/motoros2_interfaces/motoros2_interfaces/srv/detail/write_m_register__rosidl_typesupport_fastrtps_cpp.hpp\n'}
[15.325076] (motoros2_interfaces) StdoutLine: {'line': b'-- Up-to-date symlink: /home/duy/cocarry_ws/install/motoros2_interfaces/include/motoros2_interfaces/motoros2_interfaces/srv/detail/write_single_io__rosidl_typesupport_fastrtps_cpp.hpp\n'}
[15.325307] (motoros2_interfaces) StdoutLine: {'line': b'-- Up-to-date symlink: /home/duy/cocarry_ws/install/motoros2_interfaces/include/motoros2_interfaces/motoros2_interfaces/msg/detail/alarm_cause_remedy__rosidl_typesupport_introspection_c.h\n'}
[15.325478] (motoros2_interfaces) StdoutLine: {'line': b'-- Up-to-date symlink: /home/duy/cocarry_ws/install/motoros2_interfaces/include/motoros2_interfaces/motoros2_interfaces/msg/detail/alarm_info__rosidl_typesupport_introspection_c.h\n'}
[15.325860] (motoros2_interfaces) StdoutLine: {'line': b'-- Up-to-date symlink: /home/duy/cocarry_ws/install/motoros2_interfaces/include/motoros2_interfaces/motoros2_interfaces/msg/detail/error_info__rosidl_typesupport_introspection_c.h\n'}
[15.326270] (motoros2_interfaces) StdoutLine: {'line': b'-- Up-to-date symlink: /home/duy/cocarry_ws/install/motoros2_interfaces/include/motoros2_interfaces/motoros2_interfaces/msg/detail/inform_job_crud_result_codes__rosidl_typesupport_introspection_c.h\n'}
[15.327478] (motoros2_interfaces) StdoutLine: {'line': b'-- Up-to-date symlink: /home/duy/cocarry_ws/install/motoros2_interfaces/include/motoros2_interfaces/motoros2_interfaces/msg/detail/init_traj_enum__rosidl_typesupport_introspection_c.h\n'}
[15.328187] (motoros2_interfaces) StdoutLine: {'line': b'-- Up-to-date symlink: /home/duy/cocarry_ws/install/motoros2_interfaces/include/motoros2_interfaces/motoros2_interfaces/msg/detail/io_result_codes__rosidl_typesupport_introspection_c.h\n'}
[15.328601] (motoros2_interfaces) StdoutLine: {'line': b'-- Up-to-date symlink: /home/duy/cocarry_ws/install/motoros2_interfaces/include/motoros2_interfaces/motoros2_interfaces/msg/detail/motion_ready_enum__rosidl_typesupport_introspection_c.h\n'}
[15.328952] (motoros2_interfaces) StdoutLine: {'line': b'-- Up-to-date symlink: /home/duy/cocarry_ws/install/motoros2_interfaces/include/motoros2_interfaces/motoros2_interfaces/msg/detail/queue_result_enum__rosidl_typesupport_introspection_c.h\n'}
[15.329314] (motoros2_interfaces) StdoutLine: {'line': b'-- Up-to-date symlink: /home/duy/cocarry_ws/install/motoros2_interfaces/include/motoros2_interfaces/motoros2_interfaces/msg/detail/selection_result_codes__rosidl_typesupport_introspection_c.h\n'}
[15.329761] (motoros2_interfaces) StdoutLine: {'line': b'-- Up-to-date symlink: /home/duy/cocarry_ws/install/motoros2_interfaces/include/motoros2_interfaces/motoros2_interfaces/msg/rosidl_typesupport_introspection_c__visibility_control.h\n'}
[15.330322] (motoros2_interfaces) StdoutLine: {'line': b'-- Up-to-date symlink: /home/duy/cocarry_ws/install/motoros2_interfaces/include/motoros2_interfaces/motoros2_interfaces/srv/detail/get_active_alarm_info__rosidl_typesupport_introspection_c.h\n'}
[15.330851] (motoros2_interfaces) StdoutLine: {'line': b'-- Up-to-date symlink: /home/duy/cocarry_ws/install/motoros2_interfaces/include/motoros2_interfaces/motoros2_interfaces/srv/detail/list_inform_jobs__rosidl_typesupport_introspection_c.h\n'}
[15.331349] (motoros2_interfaces) StdoutLine: {'line': b'-- Up-to-date symlink: /home/duy/cocarry_ws/install/motoros2_interfaces/include/motoros2_interfaces/motoros2_interfaces/srv/detail/queue_traj_point__rosidl_typesupport_introspection_c.h\n'}
[15.332117] (motoros2_interfaces) StdoutLine: {'line': b'-- Up-to-date symlink: /home/duy/cocarry_ws/install/motoros2_interfaces/include/motoros2_interfaces/motoros2_interfaces/srv/detail/read_group_io__rosidl_typesupport_introspection_c.h\n'}
[15.332638] (motoros2_interfaces) StdoutLine: {'line': b'-- Up-to-date symlink: /home/duy/cocarry_ws/install/motoros2_interfaces/include/motoros2_interfaces/motoros2_interfaces/srv/detail/read_m_register__rosidl_typesupport_introspection_c.h\n'}
[15.333033] (motoros2_interfaces) StdoutLine: {'line': b'-- Up-to-date symlink: /home/duy/cocarry_ws/install/motoros2_interfaces/include/motoros2_interfaces/motoros2_interfaces/srv/detail/read_single_io__rosidl_typesupport_introspection_c.h\n'}
[15.333453] (motoros2_interfaces) StdoutLine: {'line': b'-- Up-to-date symlink: /home/duy/cocarry_ws/install/motoros2_interfaces/include/motoros2_interfaces/motoros2_interfaces/srv/detail/reset_error__rosidl_typesupport_introspection_c.h\n'}
[15.333845] (motoros2_interfaces) StdoutLine: {'line': b'-- Up-to-date symlink: /home/duy/cocarry_ws/install/motoros2_interfaces/include/motoros2_interfaces/motoros2_interfaces/srv/detail/select_motion_tool__rosidl_typesupport_introspection_c.h\n'}
[15.334312] (motoros2_interfaces) StdoutLine: {'line': b'-- Up-to-date symlink: /home/duy/cocarry_ws/install/motoros2_interfaces/include/motoros2_interfaces/motoros2_interfaces/srv/detail/start_point_queue_mode__rosidl_typesupport_introspection_c.h\n'}
[15.334839] (motoros2_interfaces) StdoutLine: {'line': b'-- Up-to-date symlink: /home/duy/cocarry_ws/install/motoros2_interfaces/include/motoros2_interfaces/motoros2_interfaces/srv/detail/start_traj_mode__rosidl_typesupport_introspection_c.h\n'}
[15.335328] (motoros2_interfaces) StdoutLine: {'line': b'-- Up-to-date symlink: /home/duy/cocarry_ws/install/motoros2_interfaces/include/motoros2_interfaces/motoros2_interfaces/srv/detail/write_group_io__rosidl_typesupport_introspection_c.h\n'}
[15.335741] (motoros2_interfaces) StdoutLine: {'line': b'-- Up-to-date symlink: /home/duy/cocarry_ws/install/motoros2_interfaces/include/motoros2_interfaces/motoros2_interfaces/srv/detail/write_m_register__rosidl_typesupport_introspection_c.h\n'}
[15.336210] (motoros2_interfaces) StdoutLine: {'line': b'-- Up-to-date symlink: /home/duy/cocarry_ws/install/motoros2_interfaces/include/motoros2_interfaces/motoros2_interfaces/srv/detail/write_single_io__rosidl_typesupport_introspection_c.h\n'}
[15.338518] (motoros2_interfaces) StdoutLine: {'line': b'-- Up-to-date symlink: /home/duy/cocarry_ws/install/motoros2_interfaces/include/motoros2_interfaces/motoros2_interfaces/msg/detail/alarm_cause_remedy__rosidl_typesupport_introspection_cpp.hpp\n'}
[15.339035] (motoros2_interfaces) StdoutLine: {'line': b'-- Up-to-date symlink: /home/duy/cocarry_ws/install/motoros2_interfaces/include/motoros2_interfaces/motoros2_interfaces/msg/detail/alarm_info__rosidl_typesupport_introspection_cpp.hpp\n'}
[15.339457] (motoros2_interfaces) StdoutLine: {'line': b'-- Up-to-date symlink: /home/duy/cocarry_ws/install/motoros2_interfaces/include/motoros2_interfaces/motoros2_interfaces/msg/detail/error_info__rosidl_typesupport_introspection_cpp.hpp\n'}
[15.339885] (motoros2_interfaces) StdoutLine: {'line': b'-- Up-to-date symlink: /home/duy/cocarry_ws/install/motoros2_interfaces/include/motoros2_interfaces/motoros2_interfaces/msg/detail/inform_job_crud_result_codes__rosidl_typesupport_introspection_cpp.hpp\n'}
[15.340339] (motoros2_interfaces) StdoutLine: {'line': b'-- Up-to-date symlink: /home/duy/cocarry_ws/install/motoros2_interfaces/include/motoros2_interfaces/motoros2_interfaces/msg/detail/init_traj_enum__rosidl_typesupport_introspection_cpp.hpp\n'}
[15.340774] (motoros2_interfaces) StdoutLine: {'line': b'-- Up-to-date symlink: /home/duy/cocarry_ws/install/motoros2_interfaces/include/motoros2_interfaces/motoros2_interfaces/msg/detail/io_result_codes__rosidl_typesupport_introspection_cpp.hpp\n'}
[15.341229] (motoros2_interfaces) StdoutLine: {'line': b'-- Up-to-date symlink: /home/duy/cocarry_ws/install/motoros2_interfaces/include/motoros2_interfaces/motoros2_interfaces/msg/detail/motion_ready_enum__rosidl_typesupport_introspection_cpp.hpp\n'}
[15.341894] (motoros2_interfaces) StdoutLine: {'line': b'-- Up-to-date symlink: /home/duy/cocarry_ws/install/motoros2_interfaces/include/motoros2_interfaces/motoros2_interfaces/msg/detail/queue_result_enum__rosidl_typesupport_introspection_cpp.hpp\n'}
[15.342312] (motoros2_interfaces) StdoutLine: {'line': b'-- Up-to-date symlink: /home/duy/cocarry_ws/install/motoros2_interfaces/include/motoros2_interfaces/motoros2_interfaces/msg/detail/selection_result_codes__rosidl_typesupport_introspection_cpp.hpp\n'}
[15.342672] (motoros2_interfaces) StdoutLine: {'line': b'-- Up-to-date symlink: /home/duy/cocarry_ws/install/motoros2_interfaces/include/motoros2_interfaces/motoros2_interfaces/srv/detail/get_active_alarm_info__rosidl_typesupport_introspection_cpp.hpp\n'}
[15.343100] (motoros2_interfaces) StdoutLine: {'line': b'-- Up-to-date symlink: /home/duy/cocarry_ws/install/motoros2_interfaces/include/motoros2_interfaces/motoros2_interfaces/srv/detail/list_inform_jobs__rosidl_typesupport_introspection_cpp.hpp\n'}
[15.343584] (motoros2_interfaces) StdoutLine: {'line': b'-- Up-to-date symlink: /home/duy/cocarry_ws/install/motoros2_interfaces/include/motoros2_interfaces/motoros2_interfaces/srv/detail/queue_traj_point__rosidl_typesupport_introspection_cpp.hpp\n'}
[15.344021] (motoros2_interfaces) StdoutLine: {'line': b'-- Up-to-date symlink: /home/duy/cocarry_ws/install/motoros2_interfaces/include/motoros2_interfaces/motoros2_interfaces/srv/detail/read_group_io__rosidl_typesupport_introspection_cpp.hpp\n'}
[15.344837] (motoros2_interfaces) StdoutLine: {'line': b'-- Up-to-date symlink: /home/duy/cocarry_ws/install/motoros2_interfaces/include/motoros2_interfaces/motoros2_interfaces/srv/detail/read_m_register__rosidl_typesupport_introspection_cpp.hpp\n'}
[15.345458] (motoros2_interfaces) StdoutLine: {'line': b'-- Up-to-date symlink: /home/duy/cocarry_ws/install/motoros2_interfaces/include/motoros2_interfaces/motoros2_interfaces/srv/detail/read_single_io__rosidl_typesupport_introspection_cpp.hpp\n'}
[15.345947] (motoros2_interfaces) StdoutLine: {'line': b'-- Up-to-date symlink: /home/duy/cocarry_ws/install/motoros2_interfaces/include/motoros2_interfaces/motoros2_interfaces/srv/detail/reset_error__rosidl_typesupport_introspection_cpp.hpp\n'}
[15.346533] (motoros2_interfaces) StdoutLine: {'line': b'-- Up-to-date symlink: /home/duy/cocarry_ws/install/motoros2_interfaces/include/motoros2_interfaces/motoros2_interfaces/srv/detail/select_motion_tool__rosidl_typesupport_introspection_cpp.hpp\n'}
[15.347604] (motoros2_interfaces) StdoutLine: {'line': b'-- Up-to-date symlink: /home/duy/cocarry_ws/install/motoros2_interfaces/include/motoros2_interfaces/motoros2_interfaces/srv/detail/start_point_queue_mode__rosidl_typesupport_introspection_cpp.hpp\n'}
[15.348951] (motoros2_interfaces) StdoutLine: {'line': b'-- Up-to-date symlink: /home/duy/cocarry_ws/install/motoros2_interfaces/include/motoros2_interfaces/motoros2_interfaces/srv/detail/start_traj_mode__rosidl_typesupport_introspection_cpp.hpp\n'}
[15.349499] (motoros2_interfaces) StdoutLine: {'line': b'-- Up-to-date symlink: /home/duy/cocarry_ws/install/motoros2_interfaces/include/motoros2_interfaces/motoros2_interfaces/srv/detail/write_group_io__rosidl_typesupport_introspection_cpp.hpp\n'}
[15.350115] (motoros2_interfaces) StdoutLine: {'line': b'-- Up-to-date symlink: /home/duy/cocarry_ws/install/motoros2_interfaces/include/motoros2_interfaces/motoros2_interfaces/srv/detail/write_m_register__rosidl_typesupport_introspection_cpp.hpp\n'}
[15.350545] (motoros2_interfaces) StdoutLine: {'line': b'-- Up-to-date symlink: /home/duy/cocarry_ws/install/motoros2_interfaces/include/motoros2_interfaces/motoros2_interfaces/srv/detail/write_single_io__rosidl_typesupport_introspection_cpp.hpp\n'}
[15.350991] (motoros2_interfaces) StdoutLine: {'line': b'-- Up-to-date symlink: /home/duy/cocarry_ws/install/motoros2_interfaces/share/motoros2_interfaces/environment/pythonpath.sh\n'}
[15.351340] (motoros2_interfaces) StdoutLine: {'line': b'-- Up-to-date symlink: /home/duy/cocarry_ws/install/motoros2_interfaces/share/motoros2_interfaces/environment/pythonpath.dsv\n'}
[15.351865] (motoros2_interfaces) StdoutLine: {'line': b'-- Up-to-date symlink: /home/duy/cocarry_ws/install/motoros2_interfaces/local/lib/python3.10/dist-packages/motoros2_interfaces-0.2.0-py3.10.egg-info/PKG-INFO\n'}
[15.353445] (motoros2_interfaces) StdoutLine: {'line': b'-- Up-to-date symlink: /home/duy/cocarry_ws/install/motoros2_interfaces/local/lib/python3.10/dist-packages/motoros2_interfaces-0.2.0-py3.10.egg-info/SOURCES.txt\n'}
[15.353937] (motoros2_interfaces) StdoutLine: {'line': b'-- Up-to-date symlink: /home/duy/cocarry_ws/install/motoros2_interfaces/local/lib/python3.10/dist-packages/motoros2_interfaces-0.2.0-py3.10.egg-info/dependency_links.txt\n'}
[15.354354] (motoros2_interfaces) StdoutLine: {'line': b'-- Up-to-date symlink: /home/duy/cocarry_ws/install/motoros2_interfaces/local/lib/python3.10/dist-packages/motoros2_interfaces-0.2.0-py3.10.egg-info/top_level.txt\n'}
[15.356998] (motoros2_interfaces) StdoutLine: {'line': b'-- Up-to-date symlink: /home/duy/cocarry_ws/install/motoros2_interfaces/local/lib/python3.10/dist-packages/motoros2_interfaces/__init__.py\n'}
[15.357716] (motoros2_interfaces) StdoutLine: {'line': b'-- Up-to-date symlink: /home/duy/cocarry_ws/install/motoros2_interfaces/local/lib/python3.10/dist-packages/motoros2_interfaces/_motoros2_interfaces_s.ep.rosidl_typesupport_c.c\n'}
[15.360360] (motoros2_interfaces) StdoutLine: {'line': b'-- Up-to-date symlink: /home/duy/cocarry_ws/install/motoros2_interfaces/local/lib/python3.10/dist-packages/motoros2_interfaces/_motoros2_interfaces_s.ep.rosidl_typesupport_fastrtps_c.c\n'}
[15.361188] (motoros2_interfaces) StdoutLine: {'line': b'-- Up-to-date symlink: /home/duy/cocarry_ws/install/motoros2_interfaces/local/lib/python3.10/dist-packages/motoros2_interfaces/_motoros2_interfaces_s.ep.rosidl_typesupport_introspection_c.c\n'}
[15.361530] (experiment_logger) Command: {'cmd': ['/usr/bin/python3', '-W', 'ignore:setup.py install is deprecated', '-W', 'ignore:easy_install command is deprecated', 'setup.py', 'develop', '--editable', '--build-directory', '/home/duy/cocarry_ws/build/experiment_logger/build', '--no-deps', 'symlink_data'], 'cwd': '/home/duy/cocarry_ws/build/experiment_logger', 'env': {'USER': 'duy', 'ROS_PACKAGE_PATH': '/home/duy/cocarry_ws/install/human_hand_msgs/share', 'SHLVL': '0', 'LD_LIBRARY_PATH': '/home/duy/cocarry_ws/install/human_hand_msgs/lib:/usr/lib/x86_64-linux-gnu/gazebo-11/plugins:/opt/ros/humble/opt/rviz_ogre_vendor/lib:/opt/ros/humble/lib/x86_64-linux-gnu:/opt/ros/humble/lib', 'HOME': '/home/duy', 'ROS_PYTHON_VERSION': '3', 'ROS_DISTRO': 'humble', '_': '/usr/bin/colcon', 'ROS_VERSION': '2', 'PKG_CONFIG_PATH': '/home/duy/cocarry_ws/install/human_hand_msgs/lib/x86_64-linux-gnu/pkgconfig:/home/duy/cocarry_ws/install/human_hand_msgs/lib/pkgconfig', 'TERM': 'dumb', 'ROS_LOCALHOST_ONLY': '0', 'PATH': '/home/duy/.local/bin:/home/duy/.nvm/versions/node/v20.20.2/bin:/opt/ros/humble/bin:/home/duy/.local/bin:/usr/local/sbin:/usr/local/bin:/usr/sbin:/usr/bin:/sbin:/bin:/usr/games:/usr/local/games:/snap/bin:/snap/bin:/home/duy/libfreenect2/build/bin', 'LANG': 'en_US.UTF-8', 'TMP': '/tmp', 'AMENT_PREFIX_PATH': '/opt/ros/humble', 'SHELL': '/bin/bash', 'PWD': '/home/duy/cocarry_ws/build/experiment_logger', 'PYTHONPATH': '/home/duy/cocarry_ws/build/experiment_logger/prefix_override:/usr/lib/python3/dist-packages/colcon_core/task/python/colcon_distutils_commands:/home/duy/cocarry_ws/install/experiment_logger/lib/python3.10/site-packages:/home/duy/cocarry_ws/install/human_hand_msgs/local/lib/python3.10/dist-packages:/opt/ros/humble/lib/python3.10/site-packages:/opt/ros/humble/local/lib/python3.10/dist-packages', 'COLCON': '1', 'CMAKE_PREFIX_PATH': '/home/duy/cocarry_ws/install/human_hand_msgs'}, 'shell': False}
[15.365081] (motoros2_interfaces) StdoutLine: {'line': b'-- Up-to-date symlink: /home/duy/cocarry_ws/install/motoros2_interfaces/local/lib/python3.10/dist-packages/motoros2_interfaces/libmotoros2_interfaces__rosidl_generator_py.so\n'}
[15.365463] (motoros2_interfaces) StdoutLine: {'line': b'-- Up-to-date symlink: /home/duy/cocarry_ws/install/motoros2_interfaces/local/lib/python3.10/dist-packages/motoros2_interfaces/motoros2_interfaces_s__rosidl_typesupport_c.cpython-310-x86_64-linux-gnu.so\n'}
[15.365743] (motoros2_interfaces) StdoutLine: {'line': b'-- Up-to-date symlink: /home/duy/cocarry_ws/install/motoros2_interfaces/local/lib/python3.10/dist-packages/motoros2_interfaces/motoros2_interfaces_s__rosidl_typesupport_fastrtps_c.cpython-310-x86_64-linux-gnu.so\n'}
[15.366018] (motoros2_interfaces) StdoutLine: {'line': b'-- Up-to-date symlink: /home/duy/cocarry_ws/install/motoros2_interfaces/local/lib/python3.10/dist-packages/motoros2_interfaces/motoros2_interfaces_s__rosidl_typesupport_introspection_c.cpython-310-x86_64-linux-gnu.so\n'}
[15.366321] (motoros2_interfaces) StdoutLine: {'line': b'-- Up-to-date symlink: /home/duy/cocarry_ws/install/motoros2_interfaces/local/lib/python3.10/dist-packages/motoros2_interfaces/msg/__init__.py\n'}
[15.366613] (motoros2_interfaces) StdoutLine: {'line': b'-- Up-to-date symlink: /home/duy/cocarry_ws/install/motoros2_interfaces/local/lib/python3.10/dist-packages/motoros2_interfaces/msg/_alarm_cause_remedy.py\n'}
[15.366890] (motoros2_interfaces) StdoutLine: {'line': b'-- Up-to-date symlink: /home/duy/cocarry_ws/install/motoros2_interfaces/local/lib/python3.10/dist-packages/motoros2_interfaces/msg/_alarm_cause_remedy_s.c\n'}
[15.367507] (motoros2_interfaces) StdoutLine: {'line': b'-- Up-to-date symlink: /home/duy/cocarry_ws/install/motoros2_interfaces/local/lib/python3.10/dist-packages/motoros2_interfaces/msg/_alarm_info.py\n'}
[15.367782] (motoros2_interfaces) StdoutLine: {'line': b'-- Up-to-date symlink: /home/duy/cocarry_ws/install/motoros2_interfaces/local/lib/python3.10/dist-packages/motoros2_interfaces/msg/_alarm_info_s.c\n'}
[15.368116] (motoros2_interfaces) StdoutLine: {'line': b'-- Up-to-date symlink: /home/duy/cocarry_ws/install/motoros2_interfaces/local/lib/python3.10/dist-packages/motoros2_interfaces/msg/_error_info.py\n'}
[15.368463] (motoros2_interfaces) StdoutLine: {'line': b'-- Up-to-date symlink: /home/duy/cocarry_ws/install/motoros2_interfaces/local/lib/python3.10/dist-packages/motoros2_interfaces/msg/_error_info_s.c\n'}
[15.368717] (motoros2_interfaces) StdoutLine: {'line': b'-- Up-to-date symlink: /home/duy/cocarry_ws/install/motoros2_interfaces/local/lib/python3.10/dist-packages/motoros2_interfaces/msg/_inform_job_crud_result_codes.py\n'}
[15.369025] (motoros2_interfaces) StdoutLine: {'line': b'-- Up-to-date symlink: /home/duy/cocarry_ws/install/motoros2_interfaces/local/lib/python3.10/dist-packages/motoros2_interfaces/msg/_inform_job_crud_result_codes_s.c\n'}
[15.369304] (motoros2_interfaces) StdoutLine: {'line': b'-- Up-to-date symlink: /home/duy/cocarry_ws/install/motoros2_interfaces/local/lib/python3.10/dist-packages/motoros2_interfaces/msg/_init_traj_enum.py\n'}
[15.369689] (motoros2_interfaces) StdoutLine: {'line': b'-- Up-to-date symlink: /home/duy/cocarry_ws/install/motoros2_interfaces/local/lib/python3.10/dist-packages/motoros2_interfaces/msg/_init_traj_enum_s.c\n'}
[15.369907] (motoros2_interfaces) StdoutLine: {'line': b'-- Up-to-date symlink: /home/duy/cocarry_ws/install/motoros2_interfaces/local/lib/python3.10/dist-packages/motoros2_interfaces/msg/_io_result_codes.py\n'}
[15.370198] (motoros2_interfaces) StdoutLine: {'line': b'-- Up-to-date symlink: /home/duy/cocarry_ws/install/motoros2_interfaces/local/lib/python3.10/dist-packages/motoros2_interfaces/msg/_io_result_codes_s.c\n'}
[15.370712] (motoros2_interfaces) StdoutLine: {'line': b'-- Up-to-date symlink: /home/duy/cocarry_ws/install/motoros2_interfaces/local/lib/python3.10/dist-packages/motoros2_interfaces/msg/_motion_ready_enum.py\n'}
[15.371106] (motoros2_interfaces) StdoutLine: {'line': b'-- Up-to-date symlink: /home/duy/cocarry_ws/install/motoros2_interfaces/local/lib/python3.10/dist-packages/motoros2_interfaces/msg/_motion_ready_enum_s.c\n'}
[15.371391] (motoros2_interfaces) StdoutLine: {'line': b'-- Up-to-date symlink: /home/duy/cocarry_ws/install/motoros2_interfaces/local/lib/python3.10/dist-packages/motoros2_interfaces/msg/_queue_result_enum.py\n'}
[15.371721] (motoros2_interfaces) StdoutLine: {'line': b'-- Up-to-date symlink: /home/duy/cocarry_ws/install/motoros2_interfaces/local/lib/python3.10/dist-packages/motoros2_interfaces/msg/_queue_result_enum_s.c\n'}
[15.372044] (motoros2_interfaces) StdoutLine: {'line': b'-- Up-to-date symlink: /home/duy/cocarry_ws/install/motoros2_interfaces/local/lib/python3.10/dist-packages/motoros2_interfaces/msg/_selection_result_codes.py\n'}
[15.372352] (motoros2_interfaces) StdoutLine: {'line': b'-- Up-to-date symlink: /home/duy/cocarry_ws/install/motoros2_interfaces/local/lib/python3.10/dist-packages/motoros2_interfaces/msg/_selection_result_codes_s.c\n'}
[15.372671] (motoros2_interfaces) StdoutLine: {'line': b'-- Up-to-date symlink: /home/duy/cocarry_ws/install/motoros2_interfaces/local/lib/python3.10/dist-packages/motoros2_interfaces/srv/__init__.py\n'}
[15.372965] (motoros2_interfaces) StdoutLine: {'line': b'-- Up-to-date symlink: /home/duy/cocarry_ws/install/motoros2_interfaces/local/lib/python3.10/dist-packages/motoros2_interfaces/srv/_get_active_alarm_info.py\n'}
[15.373334] (motoros2_interfaces) StdoutLine: {'line': b'-- Up-to-date symlink: /home/duy/cocarry_ws/install/motoros2_interfaces/local/lib/python3.10/dist-packages/motoros2_interfaces/srv/_get_active_alarm_info_s.c\n'}
[15.373663] (motoros2_interfaces) StdoutLine: {'line': b'-- Up-to-date symlink: /home/duy/cocarry_ws/install/motoros2_interfaces/local/lib/python3.10/dist-packages/motoros2_interfaces/srv/_list_inform_jobs.py\n'}
[15.373933] (motoros2_interfaces) StdoutLine: {'line': b'-- Up-to-date symlink: /home/duy/cocarry_ws/install/motoros2_interfaces/local/lib/python3.10/dist-packages/motoros2_interfaces/srv/_list_inform_jobs_s.c\n'}
[15.374287] (motoros2_interfaces) StdoutLine: {'line': b'-- Up-to-date symlink: /home/duy/cocarry_ws/install/motoros2_interfaces/local/lib/python3.10/dist-packages/motoros2_interfaces/srv/_queue_traj_point.py\n'}
[15.374572] (motoros2_interfaces) StdoutLine: {'line': b'-- Up-to-date symlink: /home/duy/cocarry_ws/install/motoros2_interfaces/local/lib/python3.10/dist-packages/motoros2_interfaces/srv/_queue_traj_point_s.c\n'}
[15.374931] (motoros2_interfaces) StdoutLine: {'line': b'-- Up-to-date symlink: /home/duy/cocarry_ws/install/motoros2_interfaces/local/lib/python3.10/dist-packages/motoros2_interfaces/srv/_read_group_io.py\n'}
[15.375271] (motoros2_interfaces) StdoutLine: {'line': b'-- Up-to-date symlink: /home/duy/cocarry_ws/install/motoros2_interfaces/local/lib/python3.10/dist-packages/motoros2_interfaces/srv/_read_group_io_s.c\n'}
[15.375528] (motoros2_interfaces) StdoutLine: {'line': b'-- Up-to-date symlink: /home/duy/cocarry_ws/install/motoros2_interfaces/local/lib/python3.10/dist-packages/motoros2_interfaces/srv/_read_m_register.py\n'}
[15.375862] (motoros2_interfaces) StdoutLine: {'line': b'-- Up-to-date symlink: /home/duy/cocarry_ws/install/motoros2_interfaces/local/lib/python3.10/dist-packages/motoros2_interfaces/srv/_read_m_register_s.c\n'}
[15.376181] (motoros2_interfaces) StdoutLine: {'line': b'-- Up-to-date symlink: /home/duy/cocarry_ws/install/motoros2_interfaces/local/lib/python3.10/dist-packages/motoros2_interfaces/srv/_read_single_io.py\n'}
[15.376642] (motoros2_interfaces) StdoutLine: {'line': b'-- Up-to-date symlink: /home/duy/cocarry_ws/install/motoros2_interfaces/local/lib/python3.10/dist-packages/motoros2_interfaces/srv/_read_single_io_s.c\n'}
[15.377075] (motoros2_interfaces) StdoutLine: {'line': b'-- Up-to-date symlink: /home/duy/cocarry_ws/install/motoros2_interfaces/local/lib/python3.10/dist-packages/motoros2_interfaces/srv/_reset_error.py\n'}
[15.377563] (motoros2_interfaces) StdoutLine: {'line': b'-- Up-to-date symlink: /home/duy/cocarry_ws/install/motoros2_interfaces/local/lib/python3.10/dist-packages/motoros2_interfaces/srv/_reset_error_s.c\n'}
[15.377945] (motoros2_interfaces) StdoutLine: {'line': b'-- Up-to-date symlink: /home/duy/cocarry_ws/install/motoros2_interfaces/local/lib/python3.10/dist-packages/motoros2_interfaces/srv/_select_motion_tool.py\n'}
[15.378438] (motoros2_interfaces) StdoutLine: {'line': b'-- Up-to-date symlink: /home/duy/cocarry_ws/install/motoros2_interfaces/local/lib/python3.10/dist-packages/motoros2_interfaces/srv/_select_motion_tool_s.c\n'}
[15.378859] (motoros2_interfaces) StdoutLine: {'line': b'-- Up-to-date symlink: /home/duy/cocarry_ws/install/motoros2_interfaces/local/lib/python3.10/dist-packages/motoros2_interfaces/srv/_start_point_queue_mode.py\n'}
[15.379351] (motoros2_interfaces) StdoutLine: {'line': b'-- Up-to-date symlink: /home/duy/cocarry_ws/install/motoros2_interfaces/local/lib/python3.10/dist-packages/motoros2_interfaces/srv/_start_point_queue_mode_s.c\n'}
[15.379785] (motoros2_interfaces) StdoutLine: {'line': b'-- Up-to-date symlink: /home/duy/cocarry_ws/install/motoros2_interfaces/local/lib/python3.10/dist-packages/motoros2_interfaces/srv/_start_traj_mode.py\n'}
[15.380316] (motoros2_interfaces) StdoutLine: {'line': b'-- Up-to-date symlink: /home/duy/cocarry_ws/install/motoros2_interfaces/local/lib/python3.10/dist-packages/motoros2_interfaces/srv/_start_traj_mode_s.c\n'}
[15.380775] (motoros2_interfaces) StdoutLine: {'line': b'-- Up-to-date symlink: /home/duy/cocarry_ws/install/motoros2_interfaces/local/lib/python3.10/dist-packages/motoros2_interfaces/srv/_write_group_io.py\n'}
[15.381327] (motoros2_interfaces) StdoutLine: {'line': b'-- Up-to-date symlink: /home/duy/cocarry_ws/install/motoros2_interfaces/local/lib/python3.10/dist-packages/motoros2_interfaces/srv/_write_group_io_s.c\n'}
[15.381741] (motoros2_interfaces) StdoutLine: {'line': b'-- Up-to-date symlink: /home/duy/cocarry_ws/install/motoros2_interfaces/local/lib/python3.10/dist-packages/motoros2_interfaces/srv/_write_m_register.py\n'}
[15.382256] (motoros2_interfaces) StdoutLine: {'line': b'-- Up-to-date symlink: /home/duy/cocarry_ws/install/motoros2_interfaces/local/lib/python3.10/dist-packages/motoros2_interfaces/srv/_write_m_register_s.c\n'}
[15.382536] (-) TimerEvent: {}
[15.383109] (motoros2_interfaces) StdoutLine: {'line': b'-- Up-to-date symlink: /home/duy/cocarry_ws/install/motoros2_interfaces/local/lib/python3.10/dist-packages/motoros2_interfaces/srv/_write_single_io.py\n'}
[15.383473] (motoros2_interfaces) StdoutLine: {'line': b'-- Up-to-date symlink: /home/duy/cocarry_ws/install/motoros2_interfaces/local/lib/python3.10/dist-packages/motoros2_interfaces/srv/_write_single_io_s.c\n'}
[15.384319] (motoros2_interfaces) StdoutLine: {'line': b'-- Up-to-date symlink: /home/duy/cocarry_ws/install/motoros2_interfaces/local/lib/python3.10/dist-packages/motoros2_interfaces/motoros2_interfaces_s__rosidl_typesupport_fastrtps_c.cpython-310-x86_64-linux-gnu.so\n'}
[15.385371] (motoros2_interfaces) StdoutLine: {'line': b'-- Up-to-date symlink: /home/duy/cocarry_ws/install/motoros2_interfaces/local/lib/python3.10/dist-packages/motoros2_interfaces/motoros2_interfaces_s__rosidl_typesupport_introspection_c.cpython-310-x86_64-linux-gnu.so\n'}
[15.386315] (motoros2_interfaces) StdoutLine: {'line': b'-- Up-to-date symlink: /home/duy/cocarry_ws/install/motoros2_interfaces/local/lib/python3.10/dist-packages/motoros2_interfaces/motoros2_interfaces_s__rosidl_typesupport_c.cpython-310-x86_64-linux-gnu.so\n'}
[15.387069] (motoros2_interfaces) StdoutLine: {'line': b'-- Up-to-date symlink: /home/duy/cocarry_ws/install/motoros2_interfaces/share/ament_index/resource_index/rust_packages/motoros2_interfaces\n'}
[15.388556] (motoros2_interfaces) StdoutLine: {'line': b'-- Up-to-date symlink: /home/duy/cocarry_ws/install/motoros2_interfaces/share/motoros2_interfaces/rust/Cargo.toml\n'}
[15.388998] (motoros2_interfaces) StdoutLine: {'line': b'-- Up-to-date symlink: /home/duy/cocarry_ws/install/motoros2_interfaces/share/motoros2_interfaces/rust/build.rs\n'}
[15.389501] (motoros2_interfaces) StdoutLine: {'line': b'-- Up-to-date symlink: /home/duy/cocarry_ws/install/motoros2_interfaces/share/motoros2_interfaces/rust/src/lib.rs\n'}
[15.390007] (motoros2_interfaces) StdoutLine: {'line': b'-- Up-to-date symlink: /home/duy/cocarry_ws/install/motoros2_interfaces/share/motoros2_interfaces/rust/src/msg.rs\n'}
[15.390487] (motoros2_interfaces) StdoutLine: {'line': b'-- Up-to-date symlink: /home/duy/cocarry_ws/install/motoros2_interfaces/share/motoros2_interfaces/rust/src/msg/rmw.rs\n'}
[15.390978] (motoros2_interfaces) StdoutLine: {'line': b'-- Up-to-date symlink: /home/duy/cocarry_ws/install/motoros2_interfaces/share/motoros2_interfaces/rust/src/srv.rs\n'}
[15.392426] (motoros2_interfaces) StdoutLine: {'line': b'-- Up-to-date symlink: /home/duy/cocarry_ws/install/motoros2_interfaces/share/motoros2_interfaces/rust/src/srv/rmw.rs\n'}
[15.393080] (motoros2_interfaces) StdoutLine: {'line': b'-- Up-to-date symlink: /home/duy/cocarry_ws/install/motoros2_interfaces/share/motoros2_interfaces/msg/AlarmInfo.idl\n'}
[15.393495] (motoros2_interfaces) StdoutLine: {'line': b'-- Up-to-date symlink: /home/duy/cocarry_ws/install/motoros2_interfaces/share/motoros2_interfaces/msg/AlarmCauseRemedy.idl\n'}
[15.393908] (motoros2_interfaces) StdoutLine: {'line': b'-- Up-to-date symlink: /home/duy/cocarry_ws/install/motoros2_interfaces/share/motoros2_interfaces/msg/ErrorInfo.idl\n'}
[15.394353] (motoros2_interfaces) StdoutLine: {'line': b'-- Up-to-date symlink: /home/duy/cocarry_ws/install/motoros2_interfaces/share/motoros2_interfaces/msg/InformJobCrudResultCodes.idl\n'}
[15.395011] (motoros2_interfaces) StdoutLine: {'line': b'-- Up-to-date symlink: /home/duy/cocarry_ws/install/motoros2_interfaces/share/motoros2_interfaces/msg/InitTrajEnum.idl\n'}
[15.395926] (motoros2_interfaces) StdoutLine: {'line': b'-- Up-to-date symlink: /home/duy/cocarry_ws/install/motoros2_interfaces/share/motoros2_interfaces/msg/IoResultCodes.idl\n'}
[15.396443] (motoros2_interfaces) StdoutLine: {'line': b'-- Up-to-date symlink: /home/duy/cocarry_ws/install/motoros2_interfaces/share/motoros2_interfaces/msg/MotionReadyEnum.idl\n'}
[15.397672] (motoros2_interfaces) StdoutLine: {'line': b'-- Up-to-date symlink: /home/duy/cocarry_ws/install/motoros2_interfaces/share/motoros2_interfaces/msg/QueueResultEnum.idl\n'}
[15.398013] (motoros2_interfaces) StdoutLine: {'line': b'-- Up-to-date symlink: /home/duy/cocarry_ws/install/motoros2_interfaces/share/motoros2_interfaces/msg/SelectionResultCodes.idl\n'}
[15.398457] (motoros2_interfaces) StdoutLine: {'line': b'-- Up-to-date symlink: /home/duy/cocarry_ws/install/motoros2_interfaces/share/motoros2_interfaces/srv/GetActiveAlarmInfo.idl\n'}
[15.399214] (motoros2_interfaces) StdoutLine: {'line': b'-- Up-to-date symlink: /home/duy/cocarry_ws/install/motoros2_interfaces/share/motoros2_interfaces/srv/ListInformJobs.idl\n'}
[15.400040] (motoros2_interfaces) StdoutLine: {'line': b'-- Up-to-date symlink: /home/duy/cocarry_ws/install/motoros2_interfaces/share/motoros2_interfaces/srv/QueueTrajPoint.idl\n'}
[15.400815] (motoros2_interfaces) StdoutLine: {'line': b'-- Up-to-date symlink: /home/duy/cocarry_ws/install/motoros2_interfaces/share/motoros2_interfaces/srv/ReadMRegister.idl\n'}
[15.401422] (motoros2_interfaces) StdoutLine: {'line': b'-- Up-to-date symlink: /home/duy/cocarry_ws/install/motoros2_interfaces/share/motoros2_interfaces/srv/ReadSingleIO.idl\n'}
[15.402294] (motoros2_interfaces) StdoutLine: {'line': b'-- Up-to-date symlink: /home/duy/cocarry_ws/install/motoros2_interfaces/share/motoros2_interfaces/srv/ReadGroupIO.idl\n'}
[15.403036] (motoros2_interfaces) StdoutLine: {'line': b'-- Up-to-date symlink: /home/duy/cocarry_ws/install/motoros2_interfaces/share/motoros2_interfaces/srv/ResetError.idl\n'}
[15.403957] (motoros2_interfaces) StdoutLine: {'line': b'-- Up-to-date symlink: /home/duy/cocarry_ws/install/motoros2_interfaces/share/motoros2_interfaces/srv/SelectMotionTool.idl\n'}
[15.404722] (motoros2_interfaces) StdoutLine: {'line': b'-- Up-to-date symlink: /home/duy/cocarry_ws/install/motoros2_interfaces/share/motoros2_interfaces/srv/StartTrajMode.idl\n'}
[15.405261] (motoros2_interfaces) StdoutLine: {'line': b'-- Up-to-date symlink: /home/duy/cocarry_ws/install/motoros2_interfaces/share/motoros2_interfaces/srv/StartPointQueueMode.idl\n'}
[15.405870] (motoros2_interfaces) StdoutLine: {'line': b'-- Up-to-date symlink: /home/duy/cocarry_ws/install/motoros2_interfaces/share/motoros2_interfaces/srv/WriteMRegister.idl\n'}
[15.406642] (motoros2_interfaces) StdoutLine: {'line': b'-- Up-to-date symlink: /home/duy/cocarry_ws/install/motoros2_interfaces/share/motoros2_interfaces/srv/WriteSingleIO.idl\n'}
[15.406952] (motoros2_interfaces) StdoutLine: {'line': b'-- Up-to-date symlink: /home/duy/cocarry_ws/install/motoros2_interfaces/share/motoros2_interfaces/srv/WriteGroupIO.idl\n'}
[15.407239] (motoros2_interfaces) StdoutLine: {'line': b'-- Up-to-date symlink: /home/duy/cocarry_ws/install/motoros2_interfaces/share/motoros2_interfaces/msg/AlarmInfo.msg\n'}
[15.407444] (motoros2_interfaces) StdoutLine: {'line': b'-- Up-to-date symlink: /home/duy/cocarry_ws/install/motoros2_interfaces/share/motoros2_interfaces/msg/AlarmCauseRemedy.msg\n'}
[15.407863] (coord_transform) Command: {'cmd': ['/usr/bin/python3', '-W', 'ignore:setup.py install is deprecated', '-W', 'ignore:easy_install command is deprecated', 'setup.py', 'develop', '--editable', '--build-directory', '/home/duy/cocarry_ws/build/coord_transform/build', '--no-deps', 'symlink_data', '--force'], 'cwd': '/home/duy/cocarry_ws/build/coord_transform', 'env': {'USER': 'duy', 'ROS_PACKAGE_PATH': '/home/duy/cocarry_ws/install/human_hand_msgs/share', 'SHLVL': '0', 'LD_LIBRARY_PATH': '/home/duy/cocarry_ws/install/human_hand_msgs/lib:/usr/lib/x86_64-linux-gnu/gazebo-11/plugins:/opt/ros/humble/opt/rviz_ogre_vendor/lib:/opt/ros/humble/lib/x86_64-linux-gnu:/opt/ros/humble/lib', 'HOME': '/home/duy', 'ROS_PYTHON_VERSION': '3', 'ROS_DISTRO': 'humble', '_': '/usr/bin/colcon', 'ROS_VERSION': '2', 'PKG_CONFIG_PATH': '/home/duy/cocarry_ws/install/human_hand_msgs/lib/x86_64-linux-gnu/pkgconfig:/home/duy/cocarry_ws/install/human_hand_msgs/lib/pkgconfig', 'TERM': 'dumb', 'ROS_LOCALHOST_ONLY': '0', 'PATH': '/home/duy/.local/bin:/home/duy/.nvm/versions/node/v20.20.2/bin:/opt/ros/humble/bin:/home/duy/.local/bin:/usr/local/sbin:/usr/local/bin:/usr/sbin:/usr/bin:/sbin:/bin:/usr/games:/usr/local/games:/snap/bin:/snap/bin:/home/duy/libfreenect2/build/bin', 'LANG': 'en_US.UTF-8', 'TMP': '/tmp', 'AMENT_PREFIX_PATH': '/opt/ros/humble', 'SHELL': '/bin/bash', 'PWD': '/home/duy/cocarry_ws/build/coord_transform', 'PYTHONPATH': '/home/duy/cocarry_ws/build/coord_transform/prefix_override:/usr/lib/python3/dist-packages/colcon_core/task/python/colcon_distutils_commands:/home/duy/cocarry_ws/install/coord_transform/lib/python3.10/site-packages:/home/duy/cocarry_ws/install/human_hand_msgs/local/lib/python3.10/dist-packages:/opt/ros/humble/lib/python3.10/site-packages:/opt/ros/humble/local/lib/python3.10/dist-packages', 'COLCON': '1', 'CMAKE_PREFIX_PATH': '/home/duy/cocarry_ws/install/human_hand_msgs'}, 'shell': False}
[15.412639] (motoros2_interfaces) StdoutLine: {'line': b'-- Up-to-date symlink: /home/duy/cocarry_ws/install/motoros2_interfaces/share/motoros2_interfaces/msg/ErrorInfo.msg\n'}
[15.413037] (motoros2_interfaces) StdoutLine: {'line': b'-- Up-to-date symlink: /home/duy/cocarry_ws/install/motoros2_interfaces/share/motoros2_interfaces/msg/InformJobCrudResultCodes.msg\n'}
[15.413259] (motoros2_interfaces) StdoutLine: {'line': b'-- Up-to-date symlink: /home/duy/cocarry_ws/install/motoros2_interfaces/share/motoros2_interfaces/msg/InitTrajEnum.msg\n'}
[15.413421] (motoros2_interfaces) StdoutLine: {'line': b'-- Up-to-date symlink: /home/duy/cocarry_ws/install/motoros2_interfaces/share/motoros2_interfaces/msg/IoResultCodes.msg\n'}
[15.413581] (motoros2_interfaces) StdoutLine: {'line': b'-- Up-to-date symlink: /home/duy/cocarry_ws/install/motoros2_interfaces/share/motoros2_interfaces/msg/MotionReadyEnum.msg\n'}
[15.413735] (motoros2_interfaces) StdoutLine: {'line': b'-- Up-to-date symlink: /home/duy/cocarry_ws/install/motoros2_interfaces/share/motoros2_interfaces/msg/QueueResultEnum.msg\n'}
[15.413898] (motoros2_interfaces) StdoutLine: {'line': b'-- Up-to-date symlink: /home/duy/cocarry_ws/install/motoros2_interfaces/share/motoros2_interfaces/msg/SelectionResultCodes.msg\n'}
[15.414045] (motoros2_interfaces) StdoutLine: {'line': b'-- Up-to-date symlink: /home/duy/cocarry_ws/install/motoros2_interfaces/share/motoros2_interfaces/srv/GetActiveAlarmInfo.srv\n'}
[15.414322] (motoros2_interfaces) StdoutLine: {'line': b'-- Up-to-date symlink: /home/duy/cocarry_ws/install/motoros2_interfaces/share/motoros2_interfaces/srv/GetActiveAlarmInfo_Request.msg\n'}
[15.414475] (motoros2_interfaces) StdoutLine: {'line': b'-- Up-to-date symlink: /home/duy/cocarry_ws/install/motoros2_interfaces/share/motoros2_interfaces/srv/GetActiveAlarmInfo_Response.msg\n'}
[15.415184] (motoros2_interfaces) StdoutLine: {'line': b'-- Up-to-date symlink: /home/duy/cocarry_ws/install/motoros2_interfaces/share/motoros2_interfaces/srv/ListInformJobs.srv\n'}
[15.415913] (motoros2_interfaces) StdoutLine: {'line': b'-- Up-to-date symlink: /home/duy/cocarry_ws/install/motoros2_interfaces/share/motoros2_interfaces/srv/ListInformJobs_Request.msg\n'}
[15.417155] (motoros2_interfaces) StdoutLine: {'line': b'-- Up-to-date symlink: /home/duy/cocarry_ws/install/motoros2_interfaces/share/motoros2_interfaces/srv/ListInformJobs_Response.msg\n'}
[15.417526] (motoros2_interfaces) StdoutLine: {'line': b'-- Up-to-date symlink: /home/duy/cocarry_ws/install/motoros2_interfaces/share/motoros2_interfaces/srv/QueueTrajPoint.srv\n'}
[15.418225] (motoros2_interfaces) StdoutLine: {'line': b'-- Up-to-date symlink: /home/duy/cocarry_ws/install/motoros2_interfaces/share/motoros2_interfaces/srv/QueueTrajPoint_Request.msg\n'}
[15.420523] (motoros2_interfaces) StdoutLine: {'line': b'-- Up-to-date symlink: /home/duy/cocarry_ws/install/motoros2_interfaces/share/motoros2_interfaces/srv/QueueTrajPoint_Response.msg\n'}
[15.421077] (motoros2_interfaces) StdoutLine: {'line': b'-- Up-to-date symlink: /home/duy/cocarry_ws/install/motoros2_interfaces/share/motoros2_interfaces/srv/ReadMRegister.srv\n'}
[15.421638] (motoros2_interfaces) StdoutLine: {'line': b'-- Up-to-date symlink: /home/duy/cocarry_ws/install/motoros2_interfaces/share/motoros2_interfaces/srv/ReadMRegister_Request.msg\n'}
[15.422107] (motoros2_interfaces) StdoutLine: {'line': b'-- Up-to-date symlink: /home/duy/cocarry_ws/install/motoros2_interfaces/share/motoros2_interfaces/srv/ReadMRegister_Response.msg\n'}
[15.422599] (motoros2_interfaces) StdoutLine: {'line': b'-- Up-to-date symlink: /home/duy/cocarry_ws/install/motoros2_interfaces/share/motoros2_interfaces/srv/ReadSingleIO.srv\n'}
[15.423280] (motoros2_interfaces) StdoutLine: {'line': b'-- Up-to-date symlink: /home/duy/cocarry_ws/install/motoros2_interfaces/share/motoros2_interfaces/srv/ReadSingleIO_Request.msg\n'}
[15.423805] (motoros2_interfaces) StdoutLine: {'line': b'-- Up-to-date symlink: /home/duy/cocarry_ws/install/motoros2_interfaces/share/motoros2_interfaces/srv/ReadSingleIO_Response.msg\n'}
[15.424310] (motoros2_interfaces) StdoutLine: {'line': b'-- Up-to-date symlink: /home/duy/cocarry_ws/install/motoros2_interfaces/share/motoros2_interfaces/srv/ReadGroupIO.srv\n'}
[15.424892] (motoros2_interfaces) StdoutLine: {'line': b'-- Up-to-date symlink: /home/duy/cocarry_ws/install/motoros2_interfaces/share/motoros2_interfaces/srv/ReadGroupIO_Request.msg\n'}
[15.425375] (motoros2_interfaces) StdoutLine: {'line': b'-- Up-to-date symlink: /home/duy/cocarry_ws/install/motoros2_interfaces/share/motoros2_interfaces/srv/ReadGroupIO_Response.msg\n'}
[15.425726] (motoros2_interfaces) StdoutLine: {'line': b'-- Up-to-date symlink: /home/duy/cocarry_ws/install/motoros2_interfaces/share/motoros2_interfaces/srv/ResetError.srv\n'}
[15.426209] (motoros2_interfaces) StdoutLine: {'line': b'-- Up-to-date symlink: /home/duy/cocarry_ws/install/motoros2_interfaces/share/motoros2_interfaces/srv/ResetError_Request.msg\n'}
[15.426489] (motoros2_interfaces) StdoutLine: {'line': b'-- Up-to-date symlink: /home/duy/cocarry_ws/install/motoros2_interfaces/share/motoros2_interfaces/srv/ResetError_Response.msg\n'}
[15.426728] (motoros2_interfaces) StdoutLine: {'line': b'-- Up-to-date symlink: /home/duy/cocarry_ws/install/motoros2_interfaces/share/motoros2_interfaces/srv/SelectMotionTool.srv\n'}
[15.426972] (motoros2_interfaces) StdoutLine: {'line': b'-- Up-to-date symlink: /home/duy/cocarry_ws/install/motoros2_interfaces/share/motoros2_interfaces/srv/SelectMotionTool_Request.msg\n'}
[15.427212] (motoros2_interfaces) StdoutLine: {'line': b'-- Up-to-date symlink: /home/duy/cocarry_ws/install/motoros2_interfaces/share/motoros2_interfaces/srv/SelectMotionTool_Response.msg\n'}
[15.427437] (motoros2_interfaces) StdoutLine: {'line': b'-- Up-to-date symlink: /home/duy/cocarry_ws/install/motoros2_interfaces/share/motoros2_interfaces/srv/StartTrajMode.srv\n'}
[15.427653] (motoros2_interfaces) StdoutLine: {'line': b'-- Up-to-date symlink: /home/duy/cocarry_ws/install/motoros2_interfaces/share/motoros2_interfaces/srv/StartTrajMode_Request.msg\n'}
[15.427915] (motoros2_interfaces) StdoutLine: {'line': b'-- Up-to-date symlink: /home/duy/cocarry_ws/install/motoros2_interfaces/share/motoros2_interfaces/srv/StartTrajMode_Response.msg\n'}
[15.428265] (motoros2_interfaces) StdoutLine: {'line': b'-- Up-to-date symlink: /home/duy/cocarry_ws/install/motoros2_interfaces/share/motoros2_interfaces/srv/StartPointQueueMode.srv\n'}
[15.428517] (motoros2_interfaces) StdoutLine: {'line': b'-- Up-to-date symlink: /home/duy/cocarry_ws/install/motoros2_interfaces/share/motoros2_interfaces/srv/StartPointQueueMode_Request.msg\n'}
[15.428752] (motoros2_interfaces) StdoutLine: {'line': b'-- Up-to-date symlink: /home/duy/cocarry_ws/install/motoros2_interfaces/share/motoros2_interfaces/srv/StartPointQueueMode_Response.msg\n'}
[15.428968] (motoros2_interfaces) StdoutLine: {'line': b'-- Up-to-date symlink: /home/duy/cocarry_ws/install/motoros2_interfaces/share/motoros2_interfaces/srv/WriteMRegister.srv\n'}
[15.429353] (motoros2_interfaces) StdoutLine: {'line': b'-- Up-to-date symlink: /home/duy/cocarry_ws/install/motoros2_interfaces/share/motoros2_interfaces/srv/WriteMRegister_Request.msg\n'}
[15.429754] (motoros2_interfaces) StdoutLine: {'line': b'-- Up-to-date symlink: /home/duy/cocarry_ws/install/motoros2_interfaces/share/motoros2_interfaces/srv/WriteMRegister_Response.msg\n'}
[15.429941] (motoros2_interfaces) StdoutLine: {'line': b'-- Up-to-date symlink: /home/duy/cocarry_ws/install/motoros2_interfaces/share/motoros2_interfaces/srv/WriteSingleIO.srv\n'}
[15.430141] (motoros2_interfaces) StdoutLine: {'line': b'-- Up-to-date symlink: /home/duy/cocarry_ws/install/motoros2_interfaces/share/motoros2_interfaces/srv/WriteSingleIO_Request.msg\n'}
[15.430358] (motoros2_interfaces) StdoutLine: {'line': b'-- Up-to-date symlink: /home/duy/cocarry_ws/install/motoros2_interfaces/share/motoros2_interfaces/srv/WriteSingleIO_Response.msg\n'}
[15.430636] (motoros2_interfaces) StdoutLine: {'line': b'-- Up-to-date symlink: /home/duy/cocarry_ws/install/motoros2_interfaces/share/motoros2_interfaces/srv/WriteGroupIO.srv\n'}
[15.430855] (motoros2_interfaces) StdoutLine: {'line': b'-- Up-to-date symlink: /home/duy/cocarry_ws/install/motoros2_interfaces/share/motoros2_interfaces/srv/WriteGroupIO_Request.msg\n'}
[15.431090] (motoros2_interfaces) StdoutLine: {'line': b'-- Up-to-date symlink: /home/duy/cocarry_ws/install/motoros2_interfaces/share/motoros2_interfaces/srv/WriteGroupIO_Response.msg\n'}
[15.431359] (motoros2_interfaces) StdoutLine: {'line': b'-- Up-to-date symlink: /home/duy/cocarry_ws/install/motoros2_interfaces/share/ament_index/resource_index/package_run_dependencies/motoros2_interfaces\n'}
[15.431637] (motoros2_interfaces) StdoutLine: {'line': b'-- Up-to-date symlink: /home/duy/cocarry_ws/install/motoros2_interfaces/share/ament_index/resource_index/parent_prefix_path/motoros2_interfaces\n'}
[15.431872] (motoros2_interfaces) StdoutLine: {'line': b'-- Up-to-date symlink: /home/duy/cocarry_ws/install/motoros2_interfaces/share/motoros2_interfaces/environment/ament_prefix_path.sh\n'}
[15.432136] (motoros2_interfaces) StdoutLine: {'line': b'-- Up-to-date symlink: /home/duy/cocarry_ws/install/motoros2_interfaces/share/motoros2_interfaces/environment/ament_prefix_path.dsv\n'}
[15.432379] (motoros2_interfaces) StdoutLine: {'line': b'-- Up-to-date symlink: /home/duy/cocarry_ws/install/motoros2_interfaces/share/motoros2_interfaces/environment/path.sh\n'}
[15.432600] (motoros2_interfaces) StdoutLine: {'line': b'-- Up-to-date symlink: /home/duy/cocarry_ws/install/motoros2_interfaces/share/motoros2_interfaces/environment/path.dsv\n'}
[15.432832] (motoros2_interfaces) StdoutLine: {'line': b'-- Up-to-date symlink: /home/duy/cocarry_ws/install/motoros2_interfaces/share/motoros2_interfaces/local_setup.bash\n'}
[15.433041] (motoros2_interfaces) StdoutLine: {'line': b'-- Up-to-date symlink: /home/duy/cocarry_ws/install/motoros2_interfaces/share/motoros2_interfaces/local_setup.sh\n'}
[15.433283] (motoros2_interfaces) StdoutLine: {'line': b'-- Up-to-date symlink: /home/duy/cocarry_ws/install/motoros2_interfaces/share/motoros2_interfaces/local_setup.zsh\n'}
[15.433518] (motoros2_interfaces) StdoutLine: {'line': b'-- Up-to-date symlink: /home/duy/cocarry_ws/install/motoros2_interfaces/share/motoros2_interfaces/local_setup.dsv\n'}
[15.433730] (motoros2_interfaces) StdoutLine: {'line': b'-- Symlinking: /home/duy/cocarry_ws/install/motoros2_interfaces/share/motoros2_interfaces/package.dsv\n'}
[15.455308] (motoros2_interfaces) StdoutLine: {'line': b'-- Up-to-date symlink: /home/duy/cocarry_ws/install/motoros2_interfaces/share/ament_index/resource_index/packages/motoros2_interfaces\n'}
[15.455958] (motoros2_interfaces) StdoutLine: {'line': b'-- Up-to-date symlink: /home/duy/cocarry_ws/install/motoros2_interfaces/share/motoros2_interfaces/cmake/rosidl_cmake-extras.cmake\n'}
[15.456759] (motoros2_interfaces) StdoutLine: {'line': b'-- Up-to-date symlink: /home/duy/cocarry_ws/install/motoros2_interfaces/share/motoros2_interfaces/cmake/ament_cmake_export_dependencies-extras.cmake\n'}
[15.457301] (motoros2_interfaces) StdoutLine: {'line': b'-- Up-to-date symlink: /home/duy/cocarry_ws/install/motoros2_interfaces/share/motoros2_interfaces/cmake/ament_cmake_export_include_directories-extras.cmake\n'}
[15.458104] (motoros2_interfaces) StdoutLine: {'line': b'-- Up-to-date symlink: /home/duy/cocarry_ws/install/motoros2_interfaces/share/motoros2_interfaces/cmake/ament_cmake_export_libraries-extras.cmake\n'}
[15.458389] (motoros2_interfaces) StdoutLine: {'line': b'-- Up-to-date symlink: /home/duy/cocarry_ws/install/motoros2_interfaces/share/motoros2_interfaces/cmake/ament_cmake_export_targets-extras.cmake\n'}
[15.458633] (motoros2_interfaces) StdoutLine: {'line': b'-- Up-to-date symlink: /home/duy/cocarry_ws/install/motoros2_interfaces/share/motoros2_interfaces/cmake/rosidl_cmake_export_typesupport_targets-extras.cmake\n'}
[15.459251] (motoros2_interfaces) StdoutLine: {'line': b'-- Up-to-date symlink: /home/duy/cocarry_ws/install/motoros2_interfaces/share/motoros2_interfaces/cmake/rosidl_cmake_export_typesupport_libraries-extras.cmake\n'}
[15.459712] (motoros2_interfaces) StdoutLine: {'line': b'-- Up-to-date symlink: /home/duy/cocarry_ws/install/motoros2_interfaces/share/motoros2_interfaces/cmake/motoros2_interfacesConfig.cmake\n'}
[15.459878] (motoros2_interfaces) StdoutLine: {'line': b'-- Up-to-date symlink: /home/duy/cocarry_ws/install/motoros2_interfaces/share/motoros2_interfaces/cmake/motoros2_interfacesConfig-version.cmake\n'}
[15.460028] (motoros2_interfaces) StdoutLine: {'line': b'-- Up-to-date symlink: /home/duy/cocarry_ws/install/motoros2_interfaces/share/motoros2_interfaces/package.xml\n'}
[15.460353] (motoros2_interfaces) StdoutLine: {'line': b'-- Up-to-date: /home/duy/cocarry_ws/install/motoros2_interfaces/lib/libmotoros2_interfaces__rosidl_generator_c.so\n'}
[15.461547] (motoros2_interfaces) StdoutLine: {'line': b'-- Installing: /home/duy/cocarry_ws/install/motoros2_interfaces/lib/libmotoros2_interfaces__rosidl_typesupport_fastrtps_c.so\n'}
[15.462294] (motoros2_interfaces) StdoutLine: {'line': b'-- Set runtime path of "/home/duy/cocarry_ws/install/motoros2_interfaces/lib/libmotoros2_interfaces__rosidl_typesupport_fastrtps_c.so" to ""\n'}
[15.463218] (motoros2_interfaces) StdoutLine: {'line': b'-- Installing: /home/duy/cocarry_ws/install/motoros2_interfaces/lib/libmotoros2_interfaces__rosidl_typesupport_fastrtps_cpp.so\n'}
[15.464503] (motoros2_interfaces) StdoutLine: {'line': b'-- Set runtime path of "/home/duy/cocarry_ws/install/motoros2_interfaces/lib/libmotoros2_interfaces__rosidl_typesupport_fastrtps_cpp.so" to ""\n'}
[15.466127] (motoros2_interfaces) StdoutLine: {'line': b'-- Up-to-date: /home/duy/cocarry_ws/install/motoros2_interfaces/lib/libmotoros2_interfaces__rosidl_typesupport_introspection_c.so\n'}
[15.468179] (trajectory_predictor) Command: {'cmd': ['/usr/bin/python3', '-W', 'ignore:setup.py install is deprecated', '-W', 'ignore:easy_install command is deprecated', 'setup.py', 'develop', '--editable', '--build-directory', '/home/duy/cocarry_ws/build/trajectory_predictor/build', '--no-deps', 'symlink_data', '--force'], 'cwd': '/home/duy/cocarry_ws/build/trajectory_predictor', 'env': {'USER': 'duy', 'ROS_PACKAGE_PATH': '/home/duy/cocarry_ws/install/human_hand_msgs/share', 'SHLVL': '0', 'LD_LIBRARY_PATH': '/home/duy/cocarry_ws/install/human_hand_msgs/lib:/usr/lib/x86_64-linux-gnu/gazebo-11/plugins:/opt/ros/humble/opt/rviz_ogre_vendor/lib:/opt/ros/humble/lib/x86_64-linux-gnu:/opt/ros/humble/lib', 'HOME': '/home/duy', 'ROS_PYTHON_VERSION': '3', 'ROS_DISTRO': 'humble', '_': '/usr/bin/colcon', 'ROS_VERSION': '2', 'PKG_CONFIG_PATH': '/home/duy/cocarry_ws/install/human_hand_msgs/lib/x86_64-linux-gnu/pkgconfig:/home/duy/cocarry_ws/install/human_hand_msgs/lib/pkgconfig', 'TERM': 'dumb', 'ROS_LOCALHOST_ONLY': '0', 'PATH': '/home/duy/.local/bin:/home/duy/.nvm/versions/node/v20.20.2/bin:/opt/ros/humble/bin:/home/duy/.local/bin:/usr/local/sbin:/usr/local/bin:/usr/sbin:/usr/bin:/sbin:/bin:/usr/games:/usr/local/games:/snap/bin:/snap/bin:/home/duy/libfreenect2/build/bin', 'LANG': 'en_US.UTF-8', 'TMP': '/tmp', 'AMENT_PREFIX_PATH': '/opt/ros/humble', 'SHELL': '/bin/bash', 'PWD': '/home/duy/cocarry_ws/build/trajectory_predictor', 'PYTHONPATH': '/home/duy/cocarry_ws/build/trajectory_predictor/prefix_override:/usr/lib/python3/dist-packages/colcon_core/task/python/colcon_distutils_commands:/home/duy/cocarry_ws/install/trajectory_predictor/lib/python3.10/site-packages:/home/duy/cocarry_ws/install/human_hand_msgs/local/lib/python3.10/dist-packages:/opt/ros/humble/lib/python3.10/site-packages:/opt/ros/humble/local/lib/python3.10/dist-packages', 'COLCON': '1', 'CMAKE_PREFIX_PATH': '/home/duy/cocarry_ws/install/human_hand_msgs'}, 'shell': False}
[15.470933] (motoros2_interfaces) StdoutLine: {'line': b'-- Up-to-date: /home/duy/cocarry_ws/install/motoros2_interfaces/lib/libmotoros2_interfaces__rosidl_typesupport_c.so\n'}
[15.471293] (motoros2_interfaces) StdoutLine: {'line': b'-- Installing: /home/duy/cocarry_ws/install/motoros2_interfaces/lib/libmotoros2_interfaces__rosidl_typesupport_introspection_cpp.so\n'}
[15.471466] (motoros2_interfaces) StdoutLine: {'line': b'-- Set runtime path of "/home/duy/cocarry_ws/install/motoros2_interfaces/lib/libmotoros2_interfaces__rosidl_typesupport_introspection_cpp.so" to ""\n'}
[15.471816] (motoros2_interfaces) StdoutLine: {'line': b'-- Installing: /home/duy/cocarry_ws/install/motoros2_interfaces/lib/libmotoros2_interfaces__rosidl_typesupport_cpp.so\n'}
[15.472688] (motoros2_interfaces) StdoutLine: {'line': b'-- Set runtime path of "/home/duy/cocarry_ws/install/motoros2_interfaces/lib/libmotoros2_interfaces__rosidl_typesupport_cpp.so" to ""\n'}
[15.482799] (-) TimerEvent: {}
[15.580736] (motoros2_interfaces) StdoutLine: {'line': b"Listing '/home/duy/cocarry_ws/install/motoros2_interfaces/local/lib/python3.10/dist-packages/motoros2_interfaces'...\n"}
[15.581251] (motoros2_interfaces) StdoutLine: {'line': b"Compiling '/home/duy/cocarry_ws/install/motoros2_interfaces/local/lib/python3.10/dist-packages/motoros2_interfaces/__init__.py'...\n"}
[15.581557] (motoros2_interfaces) StdoutLine: {'line': b"Listing '/home/duy/cocarry_ws/install/motoros2_interfaces/local/lib/python3.10/dist-packages/motoros2_interfaces/msg'...\n"}
[15.581850] (motoros2_interfaces) StdoutLine: {'line': b"Listing '/home/duy/cocarry_ws/install/motoros2_interfaces/local/lib/python3.10/dist-packages/motoros2_interfaces/srv'...\n"}
[15.582947] (-) TimerEvent: {}
[15.597884] (motoros2_interfaces) StdoutLine: {'line': b'-- Installing: /home/duy/cocarry_ws/install/motoros2_interfaces/lib/libmotoros2_interfaces__rosidl_generator_py.so\n'}
[15.600075] (motoros2_interfaces) StdoutLine: {'line': b'-- Set runtime path of "/home/duy/cocarry_ws/install/motoros2_interfaces/lib/libmotoros2_interfaces__rosidl_generator_py.so" to ""\n'}
[15.600618] (motoros2_interfaces) StdoutLine: {'line': b'-- Up-to-date: /home/duy/cocarry_ws/install/motoros2_interfaces/share/motoros2_interfaces/cmake/export_motoros2_interfaces__rosidl_generator_cExport.cmake\n'}
[15.601261] (motoros2_interfaces) StdoutLine: {'line': b'-- Up-to-date: /home/duy/cocarry_ws/install/motoros2_interfaces/share/motoros2_interfaces/cmake/export_motoros2_interfaces__rosidl_generator_cExport-noconfig.cmake\n'}
[15.602091] (motoros2_interfaces) StdoutLine: {'line': b'-- Up-to-date: /home/duy/cocarry_ws/install/motoros2_interfaces/share/motoros2_interfaces/cmake/export_motoros2_interfaces__rosidl_typesupport_fastrtps_cExport.cmake\n'}
[15.602702] (motoros2_interfaces) StdoutLine: {'line': b'-- Up-to-date: /home/duy/cocarry_ws/install/motoros2_interfaces/share/motoros2_interfaces/cmake/export_motoros2_interfaces__rosidl_typesupport_fastrtps_cExport-noconfig.cmake\n'}
[15.603287] (motoros2_interfaces) StdoutLine: {'line': b'-- Up-to-date: /home/duy/cocarry_ws/install/motoros2_interfaces/share/motoros2_interfaces/cmake/export_motoros2_interfaces__rosidl_generator_cppExport.cmake\n'}
[15.603762] (motoros2_interfaces) StdoutLine: {'line': b'-- Up-to-date: /home/duy/cocarry_ws/install/motoros2_interfaces/share/motoros2_interfaces/cmake/export_motoros2_interfaces__rosidl_typesupport_fastrtps_cppExport.cmake\n'}
[15.604094] (motoros2_interfaces) StdoutLine: {'line': b'-- Up-to-date: /home/duy/cocarry_ws/install/motoros2_interfaces/share/motoros2_interfaces/cmake/export_motoros2_interfaces__rosidl_typesupport_fastrtps_cppExport-noconfig.cmake\n'}
[15.604649] (motoros2_interfaces) StdoutLine: {'line': b'-- Up-to-date: /home/duy/cocarry_ws/install/motoros2_interfaces/share/motoros2_interfaces/cmake/motoros2_interfaces__rosidl_typesupport_introspection_cExport.cmake\n'}
[15.604998] (motoros2_interfaces) StdoutLine: {'line': b'-- Up-to-date: /home/duy/cocarry_ws/install/motoros2_interfaces/share/motoros2_interfaces/cmake/motoros2_interfaces__rosidl_typesupport_introspection_cExport-noconfig.cmake\n'}
[15.605525] (motoros2_interfaces) StdoutLine: {'line': b'-- Up-to-date: /home/duy/cocarry_ws/install/motoros2_interfaces/share/motoros2_interfaces/cmake/motoros2_interfaces__rosidl_typesupport_cExport.cmake\n'}
[15.605836] (motoros2_interfaces) StdoutLine: {'line': b'-- Up-to-date: /home/duy/cocarry_ws/install/motoros2_interfaces/share/motoros2_interfaces/cmake/motoros2_interfaces__rosidl_typesupport_cExport-noconfig.cmake\n'}
[15.606311] (motoros2_interfaces) StdoutLine: {'line': b'-- Up-to-date: /home/duy/cocarry_ws/install/motoros2_interfaces/share/motoros2_interfaces/cmake/motoros2_interfaces__rosidl_typesupport_introspection_cppExport.cmake\n'}
[15.606621] (motoros2_interfaces) StdoutLine: {'line': b'-- Up-to-date: /home/duy/cocarry_ws/install/motoros2_interfaces/share/motoros2_interfaces/cmake/motoros2_interfaces__rosidl_typesupport_introspection_cppExport-noconfig.cmake\n'}
[15.607547] (motoros2_interfaces) StdoutLine: {'line': b'-- Up-to-date: /home/duy/cocarry_ws/install/motoros2_interfaces/share/motoros2_interfaces/cmake/motoros2_interfaces__rosidl_typesupport_cppExport.cmake\n'}
[15.607949] (motoros2_interfaces) StdoutLine: {'line': b'-- Up-to-date: /home/duy/cocarry_ws/install/motoros2_interfaces/share/motoros2_interfaces/cmake/motoros2_interfaces__rosidl_typesupport_cppExport-noconfig.cmake\n'}
[15.608345] (motoros2_interfaces) StdoutLine: {'line': b'-- Up-to-date: /home/duy/cocarry_ws/install/motoros2_interfaces/share/motoros2_interfaces/cmake/export_motoros2_interfaces__rosidl_generator_pyExport.cmake\n'}
[15.608742] (motoros2_interfaces) StdoutLine: {'line': b'-- Up-to-date: /home/duy/cocarry_ws/install/motoros2_interfaces/share/motoros2_interfaces/cmake/export_motoros2_interfaces__rosidl_generator_pyExport-noconfig.cmake\n'}
[15.614922] (motoros2_interfaces) CommandEnded: {'returncode': 0}
[15.683341] (-) TimerEvent: {}
[15.692986] (motoros2_interfaces) JobEnded: {'identifier': 'motoros2_interfaces', 'rc': 0}
[15.696778] (hc10dtp_simulation) JobStarted: {'identifier': 'hc10dtp_simulation'}
[15.709389] (motoros2_client_interface_dependencies) JobStarted: {'identifier': 'motoros2_client_interface_dependencies'}
[15.720454] (realsense_tracker) Command: {'cmd': ['/usr/bin/python3', '-W', 'ignore:setup.py install is deprecated', '-W', 'ignore:easy_install command is deprecated', 'setup.py', 'develop', '--editable', '--build-directory', '/home/duy/cocarry_ws/build/realsense_tracker/build', '--no-deps', 'symlink_data', '--force'], 'cwd': '/home/duy/cocarry_ws/build/realsense_tracker', 'env': {'USER': 'duy', 'ROS_PACKAGE_PATH': '/home/duy/cocarry_ws/install/human_hand_msgs/share', 'SHLVL': '0', 'LD_LIBRARY_PATH': '/home/duy/cocarry_ws/install/human_hand_msgs/lib:/usr/lib/x86_64-linux-gnu/gazebo-11/plugins:/opt/ros/humble/opt/rviz_ogre_vendor/lib:/opt/ros/humble/lib/x86_64-linux-gnu:/opt/ros/humble/lib', 'HOME': '/home/duy', 'ROS_PYTHON_VERSION': '3', 'ROS_DISTRO': 'humble', '_': '/usr/bin/colcon', 'ROS_VERSION': '2', 'PKG_CONFIG_PATH': '/home/duy/cocarry_ws/install/human_hand_msgs/lib/x86_64-linux-gnu/pkgconfig:/home/duy/cocarry_ws/install/human_hand_msgs/lib/pkgconfig', 'TERM': 'dumb', 'ROS_LOCALHOST_ONLY': '0', 'PATH': '/home/duy/.local/bin:/home/duy/.nvm/versions/node/v20.20.2/bin:/opt/ros/humble/bin:/home/duy/.local/bin:/usr/local/sbin:/usr/local/bin:/usr/sbin:/usr/bin:/sbin:/bin:/usr/games:/usr/local/games:/snap/bin:/snap/bin:/home/duy/libfreenect2/build/bin', 'LANG': 'en_US.UTF-8', 'TMP': '/tmp', 'AMENT_PREFIX_PATH': '/opt/ros/humble', 'SHELL': '/bin/bash', 'PWD': '/home/duy/cocarry_ws/build/realsense_tracker', 'PYTHONPATH': '/home/duy/cocarry_ws/build/realsense_tracker/prefix_override:/usr/lib/python3/dist-packages/colcon_core/task/python/colcon_distutils_commands:/home/duy/cocarry_ws/install/realsense_tracker/lib/python3.10/site-packages:/home/duy/cocarry_ws/install/human_hand_msgs/local/lib/python3.10/dist-packages:/opt/ros/humble/lib/python3.10/site-packages:/opt/ros/humble/local/lib/python3.10/dist-packages', 'COLCON': '1', 'CMAKE_PREFIX_PATH': '/home/duy/cocarry_ws/install/human_hand_msgs'}, 'shell': False}
[15.727241] (hc10dtp_simulation) JobProgress: {'identifier': 'hc10dtp_simulation', 'progress': 'cmake'}
[15.729977] (hc10dtp_simulation) Command: {'cmd': ['/usr/bin/cmake', '/home/duy/cocarry_ws/src/hc10dtp_simulation', '-DAMENT_CMAKE_SYMLINK_INSTALL=1', '-DCMAKE_INSTALL_PREFIX=/home/duy/cocarry_ws/install/hc10dtp_simulation'], 'cwd': '/home/duy/cocarry_ws/build/hc10dtp_simulation', 'env': OrderedDict([('USER', 'duy'), ('SHLVL', '0'), ('LD_LIBRARY_PATH', '/home/duy/cocarry_ws/install/motoros2_interfaces/lib:/usr/lib/x86_64-linux-gnu/gazebo-11/plugins:/opt/ros/humble/opt/rviz_ogre_vendor/lib:/opt/ros/humble/lib/x86_64-linux-gnu:/opt/ros/humble/lib'), ('HOME', '/home/duy'), ('ROS_PYTHON_VERSION', '3'), ('ROS_DISTRO', 'humble'), ('_', '/usr/bin/colcon'), ('ROS_VERSION', '2'), ('TERM', 'dumb'), ('ROS_LOCALHOST_ONLY', '0'), ('PATH', '/home/duy/.local/bin:/home/duy/.nvm/versions/node/v20.20.2/bin:/opt/ros/humble/bin:/home/duy/.local/bin:/usr/local/sbin:/usr/local/bin:/usr/sbin:/usr/bin:/sbin:/bin:/usr/games:/usr/local/games:/snap/bin:/snap/bin:/home/duy/libfreenect2/build/bin'), ('LANG', 'en_US.UTF-8'), ('TMP', '/tmp'), ('AMENT_PREFIX_PATH', '/home/duy/cocarry_ws/install/hc10dtp_bringup:/home/duy/cocarry_ws/install/hc10dtp_moveit_config:/home/duy/cocarry_ws/install/motoman_hc10dtp_support:/home/duy/cocarry_ws/install/motoros2_interfaces:/home/duy/cocarry_ws/install/motoman_resources:/opt/ros/humble'), ('SHELL', '/bin/bash'), ('PWD', '/home/duy/cocarry_ws/build/hc10dtp_simulation'), ('PYTHONPATH', '/home/duy/cocarry_ws/install/motoros2_interfaces/local/lib/python3.10/dist-packages:/opt/ros/humble/lib/python3.10/site-packages:/opt/ros/humble/local/lib/python3.10/dist-packages'), ('COLCON', '1'), ('CMAKE_PREFIX_PATH', '/home/duy/cocarry_ws/install/hc10dtp_bringup:/home/duy/cocarry_ws/install/hc10dtp_moveit_config:/home/duy/cocarry_ws/install/motoman_hc10dtp_support:/home/duy/cocarry_ws/install/motoros2_interfaces:/home/duy/cocarry_ws/install/motoman_resources:/opt/ros/humble')]), 'shell': False}
[15.736775] (motoros2_client_interface_dependencies) JobProgress: {'identifier': 'motoros2_client_interface_dependencies', 'progress': 'cmake'}
[15.738449] (motoros2_client_interface_dependencies) Command: {'cmd': ['/usr/bin/cmake', '/home/duy/cocarry_ws/src/motoros2_client_interface_dependencies', '-DAMENT_CMAKE_SYMLINK_INSTALL=1', '-DCMAKE_INSTALL_PREFIX=/home/duy/cocarry_ws/install/motoros2_client_interface_dependencies'], 'cwd': '/home/duy/cocarry_ws/build/motoros2_client_interface_dependencies', 'env': OrderedDict([('USER', 'duy'), ('SHLVL', '0'), ('LD_LIBRARY_PATH', '/home/duy/cocarry_ws/install/motoros2_interfaces/lib:/home/duy/cocarry_ws/install/industrial_msgs/lib:/usr/lib/x86_64-linux-gnu/gazebo-11/plugins:/opt/ros/humble/opt/rviz_ogre_vendor/lib:/opt/ros/humble/lib/x86_64-linux-gnu:/opt/ros/humble/lib'), ('HOME', '/home/duy'), ('ROS_PYTHON_VERSION', '3'), ('ROS_DISTRO', 'humble'), ('_', '/usr/bin/colcon'), ('ROS_VERSION', '2'), ('TERM', 'dumb'), ('ROS_LOCALHOST_ONLY', '0'), ('PATH', '/home/duy/.local/bin:/home/duy/.nvm/versions/node/v20.20.2/bin:/opt/ros/humble/bin:/home/duy/.local/bin:/usr/local/sbin:/usr/local/bin:/usr/sbin:/usr/bin:/sbin:/bin:/usr/games:/usr/local/games:/snap/bin:/snap/bin:/home/duy/libfreenect2/build/bin'), ('LANG', 'en_US.UTF-8'), ('TMP', '/tmp'), ('AMENT_PREFIX_PATH', '/home/duy/cocarry_ws/install/motoros2_interfaces:/home/duy/cocarry_ws/install/industrial_msgs:/opt/ros/humble'), ('SHELL', '/bin/bash'), ('PWD', '/home/duy/cocarry_ws/build/motoros2_client_interface_dependencies'), ('PYTHONPATH', '/home/duy/cocarry_ws/install/motoros2_interfaces/local/lib/python3.10/dist-packages:/home/duy/cocarry_ws/install/industrial_msgs/local/lib/python3.10/dist-packages:/opt/ros/humble/lib/python3.10/site-packages:/opt/ros/humble/local/lib/python3.10/dist-packages'), ('COLCON', '1'), ('CMAKE_PREFIX_PATH', '/home/duy/cocarry_ws/install/motoros2_interfaces:/home/duy/cocarry_ws/install/industrial_msgs:/opt/ros/humble')]), 'shell': False}
[15.761281] (hc10dtp_simulation) StdoutLine: {'line': b'-- Found ament_cmake: 1.3.14 (/opt/ros/humble/share/ament_cmake/cmake)\n'}
[15.764065] (motoros2_client_interface_dependencies) StdoutLine: {'line': b'-- Found ament_cmake: 1.3.14 (/opt/ros/humble/share/ament_cmake/cmake)\n'}
[15.783531] (-) TimerEvent: {}
[15.883547] (predictor_ui) StdoutLine: {'line': b'running develop\n'}
[15.883938] (-) TimerEvent: {}
[15.984412] (-) TimerEvent: {}
[16.017370] (hc10dtp_simulation) StdoutLine: {'line': b'-- Override CMake install command with custom implementation using symlinks instead of copying resources\n'}
[16.021653] (motoros2_client_interface_dependencies) StdoutLine: {'line': b'-- Override CMake install command with custom implementation using symlinks instead of copying resources\n'}
[16.025774] (trajectory_predictor) StdoutLine: {'line': b'running develop\n'}
[16.084556] (-) TimerEvent: {}
[16.176006] (motoros2_client_interface_dependencies) StdoutLine: {'line': b'-- Configuring done\n'}
[16.177974] (hc10dtp_simulation) StdoutLine: {'line': b'-- Configuring done\n'}
[16.180403] (motoros2_client_interface_dependencies) StdoutLine: {'line': b'-- Generating done\n'}
[16.180939] (predictor_ui) StdoutLine: {'line': b'running egg_info\n'}
[16.181308] (predictor_ui) StdoutLine: {'line': b'writing predictor_ui.egg-info/PKG-INFO\n'}
[16.181575] (predictor_ui) StdoutLine: {'line': b'writing dependency_links to predictor_ui.egg-info/dependency_links.txt\n'}
[16.181873] (predictor_ui) StdoutLine: {'line': b'writing entry points to predictor_ui.egg-info/entry_points.txt\n'}
[16.182249] (predictor_ui) StdoutLine: {'line': b'writing requirements to predictor_ui.egg-info/requires.txt\n'}
[16.182431] (predictor_ui) StdoutLine: {'line': b'writing top-level names to predictor_ui.egg-info/top_level.txt\n'}
[16.182934] (motoros2_client_interface_dependencies) StdoutLine: {'line': b'-- Build files have been written to: /home/duy/cocarry_ws/build/motoros2_client_interface_dependencies\n'}
[16.184670] (-) TimerEvent: {}
[16.186997] (predictor_ui) StdoutLine: {'line': b"reading manifest file 'predictor_ui.egg-info/SOURCES.txt'\n"}
[16.188231] (hc10dtp_simulation) StdoutLine: {'line': b'-- Generating done\n'}
[16.189419] (motoros2_client_interface_dependencies) CommandEnded: {'returncode': 0}
[16.190191] (predictor_ui) StdoutLine: {'line': b"writing manifest file 'predictor_ui.egg-info/SOURCES.txt'\n"}
[16.190743] (motoros2_client_interface_dependencies) JobProgress: {'identifier': 'motoros2_client_interface_dependencies', 'progress': 'build'}
[16.191525] (motoros2_client_interface_dependencies) Command: {'cmd': ['/usr/bin/cmake', '--build', '/home/duy/cocarry_ws/build/motoros2_client_interface_dependencies', '--', '-j16', '-l16'], 'cwd': '/home/duy/cocarry_ws/build/motoros2_client_interface_dependencies', 'env': OrderedDict([('USER', 'duy'), ('SHLVL', '0'), ('LD_LIBRARY_PATH', '/home/duy/cocarry_ws/install/motoros2_interfaces/lib:/home/duy/cocarry_ws/install/industrial_msgs/lib:/usr/lib/x86_64-linux-gnu/gazebo-11/plugins:/opt/ros/humble/opt/rviz_ogre_vendor/lib:/opt/ros/humble/lib/x86_64-linux-gnu:/opt/ros/humble/lib'), ('HOME', '/home/duy'), ('ROS_PYTHON_VERSION', '3'), ('ROS_DISTRO', 'humble'), ('_', '/usr/bin/colcon'), ('ROS_VERSION', '2'), ('TERM', 'dumb'), ('ROS_LOCALHOST_ONLY', '0'), ('PATH', '/home/duy/.local/bin:/home/duy/.nvm/versions/node/v20.20.2/bin:/opt/ros/humble/bin:/home/duy/.local/bin:/usr/local/sbin:/usr/local/bin:/usr/sbin:/usr/bin:/sbin:/bin:/usr/games:/usr/local/games:/snap/bin:/snap/bin:/home/duy/libfreenect2/build/bin'), ('LANG', 'en_US.UTF-8'), ('TMP', '/tmp'), ('AMENT_PREFIX_PATH', '/home/duy/cocarry_ws/install/motoros2_interfaces:/home/duy/cocarry_ws/install/industrial_msgs:/opt/ros/humble'), ('SHELL', '/bin/bash'), ('PWD', '/home/duy/cocarry_ws/build/motoros2_client_interface_dependencies'), ('PYTHONPATH', '/home/duy/cocarry_ws/install/motoros2_interfaces/local/lib/python3.10/dist-packages:/home/duy/cocarry_ws/install/industrial_msgs/local/lib/python3.10/dist-packages:/opt/ros/humble/lib/python3.10/site-packages:/opt/ros/humble/local/lib/python3.10/dist-packages'), ('COLCON', '1'), ('CMAKE_PREFIX_PATH', '/home/duy/cocarry_ws/install/motoros2_interfaces:/home/duy/cocarry_ws/install/industrial_msgs:/opt/ros/humble')]), 'shell': False}
[16.193283] (hc10dtp_simulation) StdoutLine: {'line': b'-- Build files have been written to: /home/duy/cocarry_ws/build/hc10dtp_simulation\n'}
[16.193875] (predictor_ui) StdoutLine: {'line': b'running build_ext\n'}
[16.194061] (predictor_ui) StdoutLine: {'line': b'Creating /home/duy/cocarry_ws/install/predictor_ui/lib/python3.10/site-packages/predictor-ui.egg-link (link to .)\n'}
[16.194248] (predictor_ui) StdoutLine: {'line': b'Installing ui_node script to /home/duy/cocarry_ws/install/predictor_ui/lib/predictor_ui\n'}
[16.194595] (predictor_ui) StdoutLine: {'line': b'\n'}
[16.194735] (predictor_ui) StdoutLine: {'line': b'Installed /home/duy/cocarry_ws/build/predictor_ui\n'}
[16.194851] (predictor_ui) StdoutLine: {'line': b'running symlink_data\n'}
[16.195430] (predictor_ui) StdoutLine: {'line': b'symbolically linking /home/duy/cocarry_ws/build/predictor_ui/resource/predictor_ui -> /home/duy/cocarry_ws/install/predictor_ui/share/ament_index/resource_index/packages\n'}
[16.196154] (predictor_ui) StdoutLine: {'line': b'symbolically linking /home/duy/cocarry_ws/build/predictor_ui/package.xml -> /home/duy/cocarry_ws/install/predictor_ui/share/predictor_ui\n'}
[16.197230] (hc10dtp_simulation) CommandEnded: {'returncode': 0}
[16.198170] (hc10dtp_simulation) JobProgress: {'identifier': 'hc10dtp_simulation', 'progress': 'build'}
[16.198694] (hc10dtp_simulation) Command: {'cmd': ['/usr/bin/cmake', '--build', '/home/duy/cocarry_ws/build/hc10dtp_simulation', '--', '-j16', '-l16'], 'cwd': '/home/duy/cocarry_ws/build/hc10dtp_simulation', 'env': OrderedDict([('USER', 'duy'), ('SHLVL', '0'), ('LD_LIBRARY_PATH', '/home/duy/cocarry_ws/install/motoros2_interfaces/lib:/usr/lib/x86_64-linux-gnu/gazebo-11/plugins:/opt/ros/humble/opt/rviz_ogre_vendor/lib:/opt/ros/humble/lib/x86_64-linux-gnu:/opt/ros/humble/lib'), ('HOME', '/home/duy'), ('ROS_PYTHON_VERSION', '3'), ('ROS_DISTRO', 'humble'), ('_', '/usr/bin/colcon'), ('ROS_VERSION', '2'), ('TERM', 'dumb'), ('ROS_LOCALHOST_ONLY', '0'), ('PATH', '/home/duy/.local/bin:/home/duy/.nvm/versions/node/v20.20.2/bin:/opt/ros/humble/bin:/home/duy/.local/bin:/usr/local/sbin:/usr/local/bin:/usr/sbin:/usr/bin:/sbin:/bin:/usr/games:/usr/local/games:/snap/bin:/snap/bin:/home/duy/libfreenect2/build/bin'), ('LANG', 'en_US.UTF-8'), ('TMP', '/tmp'), ('AMENT_PREFIX_PATH', '/home/duy/cocarry_ws/install/hc10dtp_bringup:/home/duy/cocarry_ws/install/hc10dtp_moveit_config:/home/duy/cocarry_ws/install/motoman_hc10dtp_support:/home/duy/cocarry_ws/install/motoros2_interfaces:/home/duy/cocarry_ws/install/motoman_resources:/opt/ros/humble'), ('SHELL', '/bin/bash'), ('PWD', '/home/duy/cocarry_ws/build/hc10dtp_simulation'), ('PYTHONPATH', '/home/duy/cocarry_ws/install/motoros2_interfaces/local/lib/python3.10/dist-packages:/opt/ros/humble/lib/python3.10/site-packages:/opt/ros/humble/local/lib/python3.10/dist-packages'), ('COLCON', '1'), ('CMAKE_PREFIX_PATH', '/home/duy/cocarry_ws/install/hc10dtp_bringup:/home/duy/cocarry_ws/install/hc10dtp_moveit_config:/home/duy/cocarry_ws/install/motoman_hc10dtp_support:/home/duy/cocarry_ws/install/motoros2_interfaces:/home/duy/cocarry_ws/install/motoman_resources:/opt/ros/humble')]), 'shell': False}
[16.266678] (predictor_ui) CommandEnded: {'returncode': 0}
[16.284375] (predictor_ui) JobEnded: {'identifier': 'predictor_ui', 'rc': 0}
[16.287044] (-) TimerEvent: {}
[16.287394] (motoros2_client_interface_dependencies) CommandEnded: {'returncode': 0}
[16.288447] (motoros2_client_interface_dependencies) JobProgress: {'identifier': 'motoros2_client_interface_dependencies', 'progress': 'install'}
[16.288785] (motoros2_client_interface_dependencies) Command: {'cmd': ['/usr/bin/cmake', '--install', '/home/duy/cocarry_ws/build/motoros2_client_interface_dependencies'], 'cwd': '/home/duy/cocarry_ws/build/motoros2_client_interface_dependencies', 'env': OrderedDict([('USER', 'duy'), ('SHLVL', '0'), ('LD_LIBRARY_PATH', '/home/duy/cocarry_ws/install/motoros2_interfaces/lib:/home/duy/cocarry_ws/install/industrial_msgs/lib:/usr/lib/x86_64-linux-gnu/gazebo-11/plugins:/opt/ros/humble/opt/rviz_ogre_vendor/lib:/opt/ros/humble/lib/x86_64-linux-gnu:/opt/ros/humble/lib'), ('HOME', '/home/duy'), ('ROS_PYTHON_VERSION', '3'), ('ROS_DISTRO', 'humble'), ('_', '/usr/bin/colcon'), ('ROS_VERSION', '2'), ('TERM', 'dumb'), ('ROS_LOCALHOST_ONLY', '0'), ('PATH', '/home/duy/.local/bin:/home/duy/.nvm/versions/node/v20.20.2/bin:/opt/ros/humble/bin:/home/duy/.local/bin:/usr/local/sbin:/usr/local/bin:/usr/sbin:/usr/bin:/sbin:/bin:/usr/games:/usr/local/games:/snap/bin:/snap/bin:/home/duy/libfreenect2/build/bin'), ('LANG', 'en_US.UTF-8'), ('TMP', '/tmp'), ('AMENT_PREFIX_PATH', '/home/duy/cocarry_ws/install/motoros2_interfaces:/home/duy/cocarry_ws/install/industrial_msgs:/opt/ros/humble'), ('SHELL', '/bin/bash'), ('PWD', '/home/duy/cocarry_ws/build/motoros2_client_interface_dependencies'), ('PYTHONPATH', '/home/duy/cocarry_ws/install/motoros2_interfaces/local/lib/python3.10/dist-packages:/home/duy/cocarry_ws/install/industrial_msgs/local/lib/python3.10/dist-packages:/opt/ros/humble/lib/python3.10/site-packages:/opt/ros/humble/local/lib/python3.10/dist-packages'), ('COLCON', '1'), ('CMAKE_PREFIX_PATH', '/home/duy/cocarry_ws/install/motoros2_interfaces:/home/duy/cocarry_ws/install/industrial_msgs:/opt/ros/humble')]), 'shell': False}
[16.291519] (hc10dtp_simulation) CommandEnded: {'returncode': 0}
[16.292835] (hc10dtp_simulation) JobProgress: {'identifier': 'hc10dtp_simulation', 'progress': 'install'}
[16.293274] (hc10dtp_simulation) Command: {'cmd': ['/usr/bin/cmake', '--install', '/home/duy/cocarry_ws/build/hc10dtp_simulation'], 'cwd': '/home/duy/cocarry_ws/build/hc10dtp_simulation', 'env': OrderedDict([('USER', 'duy'), ('SHLVL', '0'), ('LD_LIBRARY_PATH', '/home/duy/cocarry_ws/install/motoros2_interfaces/lib:/usr/lib/x86_64-linux-gnu/gazebo-11/plugins:/opt/ros/humble/opt/rviz_ogre_vendor/lib:/opt/ros/humble/lib/x86_64-linux-gnu:/opt/ros/humble/lib'), ('HOME', '/home/duy'), ('ROS_PYTHON_VERSION', '3'), ('ROS_DISTRO', 'humble'), ('_', '/usr/bin/colcon'), ('ROS_VERSION', '2'), ('TERM', 'dumb'), ('ROS_LOCALHOST_ONLY', '0'), ('PATH', '/home/duy/.local/bin:/home/duy/.nvm/versions/node/v20.20.2/bin:/opt/ros/humble/bin:/home/duy/.local/bin:/usr/local/sbin:/usr/local/bin:/usr/sbin:/usr/bin:/sbin:/bin:/usr/games:/usr/local/games:/snap/bin:/snap/bin:/home/duy/libfreenect2/build/bin'), ('LANG', 'en_US.UTF-8'), ('TMP', '/tmp'), ('AMENT_PREFIX_PATH', '/home/duy/cocarry_ws/install/hc10dtp_bringup:/home/duy/cocarry_ws/install/hc10dtp_moveit_config:/home/duy/cocarry_ws/install/motoman_hc10dtp_support:/home/duy/cocarry_ws/install/motoros2_interfaces:/home/duy/cocarry_ws/install/motoman_resources:/opt/ros/humble'), ('SHELL', '/bin/bash'), ('PWD', '/home/duy/cocarry_ws/build/hc10dtp_simulation'), ('PYTHONPATH', '/home/duy/cocarry_ws/install/motoros2_interfaces/local/lib/python3.10/dist-packages:/opt/ros/humble/lib/python3.10/site-packages:/opt/ros/humble/local/lib/python3.10/dist-packages'), ('COLCON', '1'), ('CMAKE_PREFIX_PATH', '/home/duy/cocarry_ws/install/hc10dtp_bringup:/home/duy/cocarry_ws/install/hc10dtp_moveit_config:/home/duy/cocarry_ws/install/motoman_hc10dtp_support:/home/duy/cocarry_ws/install/motoros2_interfaces:/home/duy/cocarry_ws/install/motoman_resources:/opt/ros/humble')]), 'shell': False}
[16.305397] (coord_transform) StdoutLine: {'line': b'running develop\n'}
[16.308034] (hc10dtp_simulation) StdoutLine: {'line': b'-- Install configuration: ""\n'}
[16.308749] (motoros2_client_interface_dependencies) StdoutLine: {'line': b'-- Install configuration: ""\n'}
[16.309123] (hc10dtp_simulation) StdoutLine: {'line': b'-- Execute custom install script\n'}
[16.310118] (hc10dtp_simulation) StdoutLine: {'line': b'-- Up-to-date symlink: /home/duy/cocarry_ws/install/hc10dtp_simulation/lib/hc10dtp_simulation/motoros2_mock_node.py\n'}
[16.310476] (motoros2_client_interface_dependencies) StdoutLine: {'line': b'-- Execute custom install script\n'}
[16.311358] (hc10dtp_simulation) StdoutLine: {'line': b'-- Up-to-date symlink: /home/duy/cocarry_ws/install/hc10dtp_simulation/share/hc10dtp_simulation/launch/sim_start.launch.py\n'}
[16.311674] (motoros2_client_interface_dependencies) StdoutLine: {'line': b'-- Up-to-date symlink: /home/duy/cocarry_ws/install/motoros2_client_interface_dependencies/share/ament_index/resource_index/package_run_dependencies/motoros2_client_interface_dependencies\n'}
[16.312335] (hc10dtp_simulation) StdoutLine: {'line': b'-- Up-to-date symlink: /home/duy/cocarry_ws/install/hc10dtp_simulation/share/ament_index/resource_index/package_run_dependencies/hc10dtp_simulation\n'}
[16.312827] (motoros2_client_interface_dependencies) StdoutLine: {'line': b'-- Up-to-date symlink: /home/duy/cocarry_ws/install/motoros2_client_interface_dependencies/share/ament_index/resource_index/parent_prefix_path/motoros2_client_interface_dependencies\n'}
[16.313272] (hc10dtp_simulation) StdoutLine: {'line': b'-- Up-to-date symlink: /home/duy/cocarry_ws/install/hc10dtp_simulation/share/ament_index/resource_index/parent_prefix_path/hc10dtp_simulation\n'}
[16.313529] (motoros2_client_interface_dependencies) StdoutLine: {'line': b'-- Up-to-date symlink: /home/duy/cocarry_ws/install/motoros2_client_interface_dependencies/share/motoros2_client_interface_dependencies/environment/ament_prefix_path.sh\n'}
[16.313923] (hc10dtp_simulation) StdoutLine: {'line': b'-- Up-to-date symlink: /home/duy/cocarry_ws/install/hc10dtp_simulation/share/hc10dtp_simulation/environment/ament_prefix_path.sh\n'}
[16.314099] (motoros2_client_interface_dependencies) StdoutLine: {'line': b'-- Up-to-date symlink: /home/duy/cocarry_ws/install/motoros2_client_interface_dependencies/share/motoros2_client_interface_dependencies/environment/ament_prefix_path.dsv\n'}
[16.314406] (motoros2_client_interface_dependencies) StdoutLine: {'line': b'-- Up-to-date symlink: /home/duy/cocarry_ws/install/motoros2_client_interface_dependencies/share/motoros2_client_interface_dependencies/environment/path.sh\n'}
[16.314640] (hc10dtp_simulation) StdoutLine: {'line': b'-- Up-to-date symlink: /home/duy/cocarry_ws/install/hc10dtp_simulation/share/hc10dtp_simulation/environment/ament_prefix_path.dsv\n'}
[16.314870] (motoros2_client_interface_dependencies) StdoutLine: {'line': b'-- Up-to-date symlink: /home/duy/cocarry_ws/install/motoros2_client_interface_dependencies/share/motoros2_client_interface_dependencies/environment/path.dsv\n'}
[16.315098] (hc10dtp_simulation) StdoutLine: {'line': b'-- Up-to-date symlink: /home/duy/cocarry_ws/install/hc10dtp_simulation/share/hc10dtp_simulation/environment/path.sh\n'}
[16.315315] (motoros2_client_interface_dependencies) StdoutLine: {'line': b'-- Up-to-date symlink: /home/duy/cocarry_ws/install/motoros2_client_interface_dependencies/share/motoros2_client_interface_dependencies/local_setup.bash\n'}
[16.315674] (hc10dtp_simulation) StdoutLine: {'line': b'-- Up-to-date symlink: /home/duy/cocarry_ws/install/hc10dtp_simulation/share/hc10dtp_simulation/environment/path.dsv\n'}
[16.315905] (motoros2_client_interface_dependencies) StdoutLine: {'line': b'-- Up-to-date symlink: /home/duy/cocarry_ws/install/motoros2_client_interface_dependencies/share/motoros2_client_interface_dependencies/local_setup.sh\n'}
[16.316388] (motoros2_client_interface_dependencies) StdoutLine: {'line': b'-- Up-to-date symlink: /home/duy/cocarry_ws/install/motoros2_client_interface_dependencies/share/motoros2_client_interface_dependencies/local_setup.zsh\n'}
[16.316895] (hc10dtp_simulation) StdoutLine: {'line': b'-- Up-to-date symlink: /home/duy/cocarry_ws/install/hc10dtp_simulation/share/hc10dtp_simulation/local_setup.bash\n'}
[16.317219] (motoros2_client_interface_dependencies) StdoutLine: {'line': b'-- Up-to-date symlink: /home/duy/cocarry_ws/install/motoros2_client_interface_dependencies/share/motoros2_client_interface_dependencies/local_setup.dsv\n'}
[16.317473] (hc10dtp_simulation) StdoutLine: {'line': b'-- Up-to-date symlink: /home/duy/cocarry_ws/install/hc10dtp_simulation/share/hc10dtp_simulation/local_setup.sh\n'}
[16.317695] (motoros2_client_interface_dependencies) StdoutLine: {'line': b'-- Symlinking: /home/duy/cocarry_ws/install/motoros2_client_interface_dependencies/share/motoros2_client_interface_dependencies/package.dsv\n'}
[16.318099] (hc10dtp_simulation) StdoutLine: {'line': b'-- Up-to-date symlink: /home/duy/cocarry_ws/install/hc10dtp_simulation/share/hc10dtp_simulation/local_setup.zsh\n'}
[16.318566] (hc10dtp_simulation) StdoutLine: {'line': b'-- Up-to-date symlink: /home/duy/cocarry_ws/install/hc10dtp_simulation/share/hc10dtp_simulation/local_setup.dsv\n'}
[16.318884] (hc10dtp_simulation) StdoutLine: {'line': b'-- Symlinking: /home/duy/cocarry_ws/install/hc10dtp_simulation/share/hc10dtp_simulation/package.dsv\n'}
[16.332297] (motoros2_client_interface_dependencies) StdoutLine: {'line': b'-- Up-to-date symlink: /home/duy/cocarry_ws/install/motoros2_client_interface_dependencies/share/ament_index/resource_index/packages/motoros2_client_interface_dependencies\n'}
[16.333117] (motoros2_client_interface_dependencies) StdoutLine: {'line': b'-- Up-to-date symlink: /home/duy/cocarry_ws/install/motoros2_client_interface_dependencies/share/motoros2_client_interface_dependencies/cmake/motoros2_client_interface_dependenciesConfig.cmake\n'}
[16.333819] (motoros2_client_interface_dependencies) StdoutLine: {'line': b'-- Up-to-date symlink: /home/duy/cocarry_ws/install/motoros2_client_interface_dependencies/share/motoros2_client_interface_dependencies/cmake/motoros2_client_interface_dependenciesConfig-version.cmake\n'}
[16.334519] (trajectory_predictor) StdoutLine: {'line': b'running egg_info\n'}
[16.334889] (motoros2_client_interface_dependencies) StdoutLine: {'line': b'-- Up-to-date symlink: /home/duy/cocarry_ws/install/motoros2_client_interface_dependencies/share/motoros2_client_interface_dependencies/package.xml\n'}
[16.335086] (trajectory_predictor) StdoutLine: {'line': b'writing trajectory_predictor.egg-info/PKG-INFO\n'}
[16.335398] (trajectory_predictor) StdoutLine: {'line': b'writing dependency_links to trajectory_predictor.egg-info/dependency_links.txt\n'}
[16.335769] (trajectory_predictor) StdoutLine: {'line': b'writing entry points to trajectory_predictor.egg-info/entry_points.txt\n'}
[16.336061] (trajectory_predictor) StdoutLine: {'line': b'writing requirements to trajectory_predictor.egg-info/requires.txt\n'}
[16.336270] (trajectory_predictor) StdoutLine: {'line': b'writing top-level names to trajectory_predictor.egg-info/top_level.txt\n'}
[16.339288] (motoros2_client_interface_dependencies) CommandEnded: {'returncode': 0}
[16.341109] (trajectory_predictor) StdoutLine: {'line': b"reading manifest file 'trajectory_predictor.egg-info/SOURCES.txt'\n"}
[16.341560] (trajectory_predictor) StdoutLine: {'line': b"writing manifest file 'trajectory_predictor.egg-info/SOURCES.txt'\n"}
[16.344146] (trajectory_predictor) StdoutLine: {'line': b'running build_ext\n'}
[16.344869] (trajectory_predictor) StdoutLine: {'line': b'Creating /home/duy/cocarry_ws/install/trajectory_predictor/lib/python3.10/site-packages/trajectory-predictor.egg-link (link to .)\n'}
[16.345850] (trajectory_predictor) StdoutLine: {'line': b'Installing predictor_node script to /home/duy/cocarry_ws/install/trajectory_predictor/lib/trajectory_predictor\n'}
[16.346432] (hc10dtp_simulation) StdoutLine: {'line': b'-- Up-to-date symlink: /home/duy/cocarry_ws/install/hc10dtp_simulation/share/ament_index/resource_index/packages/hc10dtp_simulation\n'}
[16.347300] (trajectory_predictor) StdoutLine: {'line': b'\n'}
[16.347449] (trajectory_predictor) StdoutLine: {'line': b'Installed /home/duy/cocarry_ws/build/trajectory_predictor\n'}
[16.347543] (trajectory_predictor) StdoutLine: {'line': b'running symlink_data\n'}
[16.347629] (trajectory_predictor) StdoutLine: {'line': b'symbolically linking /home/duy/cocarry_ws/build/trajectory_predictor/resource/trajectory_predictor -> /home/duy/cocarry_ws/install/trajectory_predictor/share/ament_index/resource_index/packages\n'}
[16.347714] (hc10dtp_simulation) StdoutLine: {'line': b'-- Up-to-date symlink: /home/duy/cocarry_ws/install/hc10dtp_simulation/share/hc10dtp_simulation/cmake/hc10dtp_simulationConfig.cmake\n'}
[16.347830] (trajectory_predictor) StdoutLine: {'line': b'symbolically linking /home/duy/cocarry_ws/build/trajectory_predictor/package.xml -> /home/duy/cocarry_ws/install/trajectory_predictor/share/trajectory_predictor\n'}
[16.347952] (trajectory_predictor) StdoutLine: {'line': b'symbolically linking /home/duy/cocarry_ws/build/trajectory_predictor/config/predictor_params.yaml -> /home/duy/cocarry_ws/install/trajectory_predictor/share/trajectory_predictor/config\n'}
[16.348083] (hc10dtp_simulation) StdoutLine: {'line': b'-- Up-to-date symlink: /home/duy/cocarry_ws/install/hc10dtp_simulation/share/hc10dtp_simulation/cmake/hc10dtp_simulationConfig-version.cmake\n'}
[16.350977] (hc10dtp_simulation) StdoutLine: {'line': b'-- Up-to-date symlink: /home/duy/cocarry_ws/install/hc10dtp_simulation/share/hc10dtp_simulation/package.xml\n'}
[16.369285] (motoros2_client_interface_dependencies) JobEnded: {'identifier': 'motoros2_client_interface_dependencies', 'rc': 0}
[16.372008] (hc10dtp_simulation) CommandEnded: {'returncode': 0}
[16.387169] (-) TimerEvent: {}
[16.393477] (hc10dtp_simulation) JobEnded: {'identifier': 'hc10dtp_simulation', 'rc': 0}
[16.410914] (trajectory_predictor) CommandEnded: {'returncode': 0}
[16.429038] (trajectory_predictor) JobEnded: {'identifier': 'trajectory_predictor', 'rc': 0}
[16.436065] (experiment_logger) StdoutLine: {'line': b'running develop\n'}
[16.487368] (-) TimerEvent: {}
[16.587932] (-) TimerEvent: {}
[16.627346] (coord_transform) StdoutLine: {'line': b'running egg_info\n'}
[16.627650] (coord_transform) StdoutLine: {'line': b'writing coord_transform.egg-info/PKG-INFO\n'}
[16.627808] (coord_transform) StdoutLine: {'line': b'writing dependency_links to coord_transform.egg-info/dependency_links.txt\n'}
[16.627928] (coord_transform) StdoutLine: {'line': b'writing entry points to coord_transform.egg-info/entry_points.txt\n'}
[16.628040] (coord_transform) StdoutLine: {'line': b'writing requirements to coord_transform.egg-info/requires.txt\n'}
[16.628174] (coord_transform) StdoutLine: {'line': b'writing top-level names to coord_transform.egg-info/top_level.txt\n'}
[16.630462] (coord_transform) StdoutLine: {'line': b"reading manifest file 'coord_transform.egg-info/SOURCES.txt'\n"}
[16.632858] (coord_transform) StdoutLine: {'line': b"writing manifest file 'coord_transform.egg-info/SOURCES.txt'\n"}
[16.636795] (coord_transform) StdoutLine: {'line': b'running build_ext\n'}
[16.637424] (coord_transform) StdoutLine: {'line': b'Creating /home/duy/cocarry_ws/install/coord_transform/lib/python3.10/site-packages/coord-transform.egg-link (link to .)\n'}
[16.639347] (coord_transform) StdoutLine: {'line': b'Installing transform_node script to /home/duy/cocarry_ws/install/coord_transform/lib/coord_transform\n'}
[16.639918] (coord_transform) StdoutLine: {'line': b'\n'}
[16.640126] (coord_transform) StdoutLine: {'line': b'Installed /home/duy/cocarry_ws/build/coord_transform\n'}
[16.640209] (coord_transform) StdoutLine: {'line': b'running symlink_data\n'}
[16.640498] (coord_transform) StdoutLine: {'line': b'symbolically linking /home/duy/cocarry_ws/build/coord_transform/resource/coord_transform -> /home/duy/cocarry_ws/install/coord_transform/share/ament_index/resource_index/packages\n'}
[16.640760] (coord_transform) StdoutLine: {'line': b'symbolically linking /home/duy/cocarry_ws/build/coord_transform/package.xml -> /home/duy/cocarry_ws/install/coord_transform/share/coord_transform\n'}
[16.641044] (coord_transform) StdoutLine: {'line': b'symbolically linking /home/duy/cocarry_ws/build/coord_transform/config/transform_params.yaml -> /home/duy/cocarry_ws/install/coord_transform/share/coord_transform/config\n'}
[16.641387] (coord_transform) StdoutLine: {'line': b'symbolically linking /home/duy/cocarry_ws/build/coord_transform/scripts/calibrate_camera_to_robot.py -> /home/duy/cocarry_ws/install/coord_transform/share/coord_transform/scripts\n'}
[16.688098] (-) TimerEvent: {}
[16.701357] (coord_transform) CommandEnded: {'returncode': 0}
[16.703194] (realsense_tracker) StdoutLine: {'line': b'running develop\n'}
[16.712978] (coord_transform) JobEnded: {'identifier': 'coord_transform', 'rc': 0}
[16.788186] (-) TimerEvent: {}
[16.864451] (experiment_logger) StdoutLine: {'line': b'running egg_info\n'}
[16.865027] (experiment_logger) StdoutLine: {'line': b'writing experiment_logger.egg-info/PKG-INFO\n'}
[16.865406] (experiment_logger) StdoutLine: {'line': b'writing dependency_links to experiment_logger.egg-info/dependency_links.txt\n'}
[16.865598] (experiment_logger) StdoutLine: {'line': b'writing entry points to experiment_logger.egg-info/entry_points.txt\n'}
[16.865764] (experiment_logger) StdoutLine: {'line': b'writing requirements to experiment_logger.egg-info/requires.txt\n'}
[16.865921] (experiment_logger) StdoutLine: {'line': b'writing top-level names to experiment_logger.egg-info/top_level.txt\n'}
[16.868306] (experiment_logger) StdoutLine: {'line': b"reading manifest file 'experiment_logger.egg-info/SOURCES.txt'\n"}
[16.869698] (experiment_logger) StdoutLine: {'line': b"writing manifest file 'experiment_logger.egg-info/SOURCES.txt'\n"}
[16.871762] (experiment_logger) StdoutLine: {'line': b'running build_ext\n'}
[16.872041] (experiment_logger) StdoutLine: {'line': b'Creating /home/duy/cocarry_ws/install/experiment_logger/lib/python3.10/site-packages/experiment-logger.egg-link (link to .)\n'}
[16.873101] (experiment_logger) StdoutLine: {'line': b'Installing analyze_latency script to /home/duy/cocarry_ws/install/experiment_logger/lib/experiment_logger\n'}
[16.873358] (experiment_logger) StdoutLine: {'line': b'Installing logger_node script to /home/duy/cocarry_ws/install/experiment_logger/lib/experiment_logger\n'}
[16.873601] (experiment_logger) StdoutLine: {'line': b'\n'}
[16.873798] (experiment_logger) StdoutLine: {'line': b'Installed /home/duy/cocarry_ws/build/experiment_logger\n'}
[16.873958] (experiment_logger) StdoutLine: {'line': b'running symlink_data\n'}
[16.888321] (-) TimerEvent: {}
[16.932859] (experiment_logger) CommandEnded: {'returncode': 0}
[16.937115] (realsense_tracker) StdoutLine: {'line': b'running egg_info\n'}
[16.937808] (realsense_tracker) StdoutLine: {'line': b'writing realsense_tracker.egg-info/PKG-INFO\n'}
[16.938008] (realsense_tracker) StdoutLine: {'line': b'writing dependency_links to realsense_tracker.egg-info/dependency_links.txt\n'}
[16.939137] (realsense_tracker) StdoutLine: {'line': b'writing entry points to realsense_tracker.egg-info/entry_points.txt\n'}
[16.939479] (realsense_tracker) StdoutLine: {'line': b'writing requirements to realsense_tracker.egg-info/requires.txt\n'}
[16.939648] (realsense_tracker) StdoutLine: {'line': b'writing top-level names to realsense_tracker.egg-info/top_level.txt\n'}
[16.941114] (realsense_tracker) StdoutLine: {'line': b"reading manifest file 'realsense_tracker.egg-info/SOURCES.txt'\n"}
[16.941807] (realsense_tracker) StdoutLine: {'line': b"writing manifest file 'realsense_tracker.egg-info/SOURCES.txt'\n"}
[16.943737] (realsense_tracker) StdoutLine: {'line': b'running build_ext\n'}
[16.944106] (realsense_tracker) StdoutLine: {'line': b'Creating /home/duy/cocarry_ws/install/realsense_tracker/lib/python3.10/site-packages/realsense-tracker.egg-link (link to .)\n'}
[16.945284] (realsense_tracker) StdoutLine: {'line': b'Installing realsense_node script to /home/duy/cocarry_ws/install/realsense_tracker/lib/realsense_tracker\n'}
[16.946597] (realsense_tracker) StdoutLine: {'line': b'\n'}
[16.946873] (realsense_tracker) StdoutLine: {'line': b'Installed /home/duy/cocarry_ws/build/realsense_tracker\n'}
[16.947063] (realsense_tracker) StdoutLine: {'line': b'running symlink_data\n'}
[16.947924] (realsense_tracker) StdoutLine: {'line': b'symbolically linking /home/duy/cocarry_ws/build/realsense_tracker/resource/realsense_tracker -> /home/duy/cocarry_ws/install/realsense_tracker/share/ament_index/resource_index/packages\n'}
[16.948185] (realsense_tracker) StdoutLine: {'line': b'symbolically linking /home/duy/cocarry_ws/build/realsense_tracker/package.xml -> /home/duy/cocarry_ws/install/realsense_tracker/share/realsense_tracker\n'}
[16.948464] (realsense_tracker) StdoutLine: {'line': b'symbolically linking /home/duy/cocarry_ws/build/realsense_tracker/models/pose_landmarker_full.task -> /home/duy/cocarry_ws/install/realsense_tracker/share/realsense_tracker/models\n'}
[16.960712] (experiment_logger) JobEnded: {'identifier': 'experiment_logger', 'rc': 0}
[16.988461] (-) TimerEvent: {}
[16.996101] (realsense_tracker) CommandEnded: {'returncode': 0}
[17.007353] (realsense_tracker) JobEnded: {'identifier': 'realsense_tracker', 'rc': 0}
[17.009761] (hrc_bringup) JobStarted: {'identifier': 'hrc_bringup'}
[17.041848] (hrc_bringup) JobProgress: {'identifier': 'hrc_bringup', 'progress': 'cmake'}
[17.043666] (hrc_bringup) Command: {'cmd': ['/usr/bin/cmake', '/home/duy/cocarry_ws/src/hrc_bringup', '-DAMENT_CMAKE_SYMLINK_INSTALL=1', '-DCMAKE_INSTALL_PREFIX=/home/duy/cocarry_ws/install/hrc_bringup'], 'cwd': '/home/duy/cocarry_ws/build/hrc_bringup', 'env': OrderedDict([('USER', 'duy'), ('ROS_PACKAGE_PATH', '/home/duy/cocarry_ws/install/human_hand_msgs/share'), ('SHLVL', '0'), ('LD_LIBRARY_PATH', '/home/duy/cocarry_ws/install/motoros2_interfaces/lib:/home/duy/cocarry_ws/install/human_hand_msgs/lib:/usr/lib/x86_64-linux-gnu/gazebo-11/plugins:/opt/ros/humble/opt/rviz_ogre_vendor/lib:/opt/ros/humble/lib/x86_64-linux-gnu:/opt/ros/humble/lib'), ('HOME', '/home/duy'), ('ROS_PYTHON_VERSION', '3'), ('ROS_DISTRO', 'humble'), ('_', '/usr/bin/colcon'), ('ROS_VERSION', '2'), ('PKG_CONFIG_PATH', '/home/duy/cocarry_ws/install/human_hand_msgs/lib/x86_64-linux-gnu/pkgconfig:/home/duy/cocarry_ws/install/human_hand_msgs/lib/pkgconfig'), ('TERM', 'dumb'), ('ROS_LOCALHOST_ONLY', '0'), ('PATH', '/home/duy/.local/bin:/home/duy/.nvm/versions/node/v20.20.2/bin:/opt/ros/humble/bin:/home/duy/.local/bin:/usr/local/sbin:/usr/local/bin:/usr/sbin:/usr/bin:/sbin:/bin:/usr/games:/usr/local/games:/snap/bin:/snap/bin:/home/duy/libfreenect2/build/bin'), ('LANG', 'en_US.UTF-8'), ('TMP', '/tmp'), ('AMENT_PREFIX_PATH', '/home/duy/cocarry_ws/install/hc10dtp_simulation:/home/duy/cocarry_ws/install/hc10dtp_bringup:/home/duy/cocarry_ws/install/hc10dtp_moveit_config:/home/duy/cocarry_ws/install/trajectory_predictor:/home/duy/cocarry_ws/install/realsense_tracker:/home/duy/cocarry_ws/install/predictor_ui:/home/duy/cocarry_ws/install/motoman_hc10dtp_support:/home/duy/cocarry_ws/install/experiment_logger:/home/duy/cocarry_ws/install/coord_transform:/home/duy/cocarry_ws/install/motoros2_interfaces:/home/duy/cocarry_ws/install/motoman_resources:/opt/ros/humble'), ('SHELL', '/bin/bash'), ('PWD', '/home/duy/cocarry_ws/build/hrc_bringup'), ('PYTHONPATH', '/home/duy/cocarry_ws/build/trajectory_predictor:/home/duy/cocarry_ws/install/trajectory_predictor/lib/python3.10/site-packages:/home/duy/cocarry_ws/build/realsense_tracker:/home/duy/cocarry_ws/install/realsense_tracker/lib/python3.10/site-packages:/home/duy/cocarry_ws/build/predictor_ui:/home/duy/cocarry_ws/install/predictor_ui/lib/python3.10/site-packages:/home/duy/cocarry_ws/build/experiment_logger:/home/duy/cocarry_ws/install/experiment_logger/lib/python3.10/site-packages:/home/duy/cocarry_ws/build/coord_transform:/home/duy/cocarry_ws/install/coord_transform/lib/python3.10/site-packages:/home/duy/cocarry_ws/install/motoros2_interfaces/local/lib/python3.10/dist-packages:/home/duy/cocarry_ws/install/human_hand_msgs/local/lib/python3.10/dist-packages:/opt/ros/humble/lib/python3.10/site-packages:/opt/ros/humble/local/lib/python3.10/dist-packages'), ('COLCON', '1'), ('CMAKE_PREFIX_PATH', '/home/duy/cocarry_ws/install/hc10dtp_simulation:/home/duy/cocarry_ws/install/hc10dtp_bringup:/home/duy/cocarry_ws/install/hc10dtp_moveit_config:/home/duy/cocarry_ws/install/motoman_hc10dtp_support:/home/duy/cocarry_ws/install/motoros2_interfaces:/home/duy/cocarry_ws/install/motoman_resources:/opt/ros/humble:/home/duy/cocarry_ws/install/human_hand_msgs')]), 'shell': False}
[17.066545] (hrc_bringup) StdoutLine: {'line': b'-- Found ament_cmake: 1.3.14 (/opt/ros/humble/share/ament_cmake/cmake)\n'}
[17.088621] (-) TimerEvent: {}
[17.189105] (-) TimerEvent: {}
[17.281227] (hrc_bringup) StdoutLine: {'line': b'-- Override CMake install command with custom implementation using symlinks instead of copying resources\n'}
[17.289215] (-) TimerEvent: {}
[17.389599] (-) TimerEvent: {}
[17.411744] (hrc_bringup) StdoutLine: {'line': b'-- Configuring done\n'}
[17.415408] (hrc_bringup) StdoutLine: {'line': b'-- Generating done\n'}
[17.418819] (hrc_bringup) StdoutLine: {'line': b'-- Build files have been written to: /home/duy/cocarry_ws/build/hrc_bringup\n'}
[17.423465] (hrc_bringup) CommandEnded: {'returncode': 0}
[17.424388] (hrc_bringup) JobProgress: {'identifier': 'hrc_bringup', 'progress': 'build'}
[17.425604] (hrc_bringup) Command: {'cmd': ['/usr/bin/cmake', '--build', '/home/duy/cocarry_ws/build/hrc_bringup', '--', '-j16', '-l16'], 'cwd': '/home/duy/cocarry_ws/build/hrc_bringup', 'env': OrderedDict([('USER', 'duy'), ('ROS_PACKAGE_PATH', '/home/duy/cocarry_ws/install/human_hand_msgs/share'), ('SHLVL', '0'), ('LD_LIBRARY_PATH', '/home/duy/cocarry_ws/install/motoros2_interfaces/lib:/home/duy/cocarry_ws/install/human_hand_msgs/lib:/usr/lib/x86_64-linux-gnu/gazebo-11/plugins:/opt/ros/humble/opt/rviz_ogre_vendor/lib:/opt/ros/humble/lib/x86_64-linux-gnu:/opt/ros/humble/lib'), ('HOME', '/home/duy'), ('ROS_PYTHON_VERSION', '3'), ('ROS_DISTRO', 'humble'), ('_', '/usr/bin/colcon'), ('ROS_VERSION', '2'), ('PKG_CONFIG_PATH', '/home/duy/cocarry_ws/install/human_hand_msgs/lib/x86_64-linux-gnu/pkgconfig:/home/duy/cocarry_ws/install/human_hand_msgs/lib/pkgconfig'), ('TERM', 'dumb'), ('ROS_LOCALHOST_ONLY', '0'), ('PATH', '/home/duy/.local/bin:/home/duy/.nvm/versions/node/v20.20.2/bin:/opt/ros/humble/bin:/home/duy/.local/bin:/usr/local/sbin:/usr/local/bin:/usr/sbin:/usr/bin:/sbin:/bin:/usr/games:/usr/local/games:/snap/bin:/snap/bin:/home/duy/libfreenect2/build/bin'), ('LANG', 'en_US.UTF-8'), ('TMP', '/tmp'), ('AMENT_PREFIX_PATH', '/home/duy/cocarry_ws/install/hc10dtp_simulation:/home/duy/cocarry_ws/install/hc10dtp_bringup:/home/duy/cocarry_ws/install/hc10dtp_moveit_config:/home/duy/cocarry_ws/install/trajectory_predictor:/home/duy/cocarry_ws/install/realsense_tracker:/home/duy/cocarry_ws/install/predictor_ui:/home/duy/cocarry_ws/install/motoman_hc10dtp_support:/home/duy/cocarry_ws/install/experiment_logger:/home/duy/cocarry_ws/install/coord_transform:/home/duy/cocarry_ws/install/motoros2_interfaces:/home/duy/cocarry_ws/install/motoman_resources:/opt/ros/humble'), ('SHELL', '/bin/bash'), ('PWD', '/home/duy/cocarry_ws/build/hrc_bringup'), ('PYTHONPATH', '/home/duy/cocarry_ws/build/trajectory_predictor:/home/duy/cocarry_ws/install/trajectory_predictor/lib/python3.10/site-packages:/home/duy/cocarry_ws/build/realsense_tracker:/home/duy/cocarry_ws/install/realsense_tracker/lib/python3.10/site-packages:/home/duy/cocarry_ws/build/predictor_ui:/home/duy/cocarry_ws/install/predictor_ui/lib/python3.10/site-packages:/home/duy/cocarry_ws/build/experiment_logger:/home/duy/cocarry_ws/install/experiment_logger/lib/python3.10/site-packages:/home/duy/cocarry_ws/build/coord_transform:/home/duy/cocarry_ws/install/coord_transform/lib/python3.10/site-packages:/home/duy/cocarry_ws/install/motoros2_interfaces/local/lib/python3.10/dist-packages:/home/duy/cocarry_ws/install/human_hand_msgs/local/lib/python3.10/dist-packages:/opt/ros/humble/lib/python3.10/site-packages:/opt/ros/humble/local/lib/python3.10/dist-packages'), ('COLCON', '1'), ('CMAKE_PREFIX_PATH', '/home/duy/cocarry_ws/install/hc10dtp_simulation:/home/duy/cocarry_ws/install/hc10dtp_bringup:/home/duy/cocarry_ws/install/hc10dtp_moveit_config:/home/duy/cocarry_ws/install/motoman_hc10dtp_support:/home/duy/cocarry_ws/install/motoros2_interfaces:/home/duy/cocarry_ws/install/motoman_resources:/opt/ros/humble:/home/duy/cocarry_ws/install/human_hand_msgs')]), 'shell': False}
[17.483429] (hrc_bringup) CommandEnded: {'returncode': 0}
[17.484935] (hrc_bringup) JobProgress: {'identifier': 'hrc_bringup', 'progress': 'install'}
[17.485634] (hrc_bringup) Command: {'cmd': ['/usr/bin/cmake', '--install', '/home/duy/cocarry_ws/build/hrc_bringup'], 'cwd': '/home/duy/cocarry_ws/build/hrc_bringup', 'env': OrderedDict([('USER', 'duy'), ('ROS_PACKAGE_PATH', '/home/duy/cocarry_ws/install/human_hand_msgs/share'), ('SHLVL', '0'), ('LD_LIBRARY_PATH', '/home/duy/cocarry_ws/install/motoros2_interfaces/lib:/home/duy/cocarry_ws/install/human_hand_msgs/lib:/usr/lib/x86_64-linux-gnu/gazebo-11/plugins:/opt/ros/humble/opt/rviz_ogre_vendor/lib:/opt/ros/humble/lib/x86_64-linux-gnu:/opt/ros/humble/lib'), ('HOME', '/home/duy'), ('ROS_PYTHON_VERSION', '3'), ('ROS_DISTRO', 'humble'), ('_', '/usr/bin/colcon'), ('ROS_VERSION', '2'), ('PKG_CONFIG_PATH', '/home/duy/cocarry_ws/install/human_hand_msgs/lib/x86_64-linux-gnu/pkgconfig:/home/duy/cocarry_ws/install/human_hand_msgs/lib/pkgconfig'), ('TERM', 'dumb'), ('ROS_LOCALHOST_ONLY', '0'), ('PATH', '/home/duy/.local/bin:/home/duy/.nvm/versions/node/v20.20.2/bin:/opt/ros/humble/bin:/home/duy/.local/bin:/usr/local/sbin:/usr/local/bin:/usr/sbin:/usr/bin:/sbin:/bin:/usr/games:/usr/local/games:/snap/bin:/snap/bin:/home/duy/libfreenect2/build/bin'), ('LANG', 'en_US.UTF-8'), ('TMP', '/tmp'), ('AMENT_PREFIX_PATH', '/home/duy/cocarry_ws/install/hc10dtp_simulation:/home/duy/cocarry_ws/install/hc10dtp_bringup:/home/duy/cocarry_ws/install/hc10dtp_moveit_config:/home/duy/cocarry_ws/install/trajectory_predictor:/home/duy/cocarry_ws/install/realsense_tracker:/home/duy/cocarry_ws/install/predictor_ui:/home/duy/cocarry_ws/install/motoman_hc10dtp_support:/home/duy/cocarry_ws/install/experiment_logger:/home/duy/cocarry_ws/install/coord_transform:/home/duy/cocarry_ws/install/motoros2_interfaces:/home/duy/cocarry_ws/install/motoman_resources:/opt/ros/humble'), ('SHELL', '/bin/bash'), ('PWD', '/home/duy/cocarry_ws/build/hrc_bringup'), ('PYTHONPATH', '/home/duy/cocarry_ws/build/trajectory_predictor:/home/duy/cocarry_ws/install/trajectory_predictor/lib/python3.10/site-packages:/home/duy/cocarry_ws/build/realsense_tracker:/home/duy/cocarry_ws/install/realsense_tracker/lib/python3.10/site-packages:/home/duy/cocarry_ws/build/predictor_ui:/home/duy/cocarry_ws/install/predictor_ui/lib/python3.10/site-packages:/home/duy/cocarry_ws/build/experiment_logger:/home/duy/cocarry_ws/install/experiment_logger/lib/python3.10/site-packages:/home/duy/cocarry_ws/build/coord_transform:/home/duy/cocarry_ws/install/coord_transform/lib/python3.10/site-packages:/home/duy/cocarry_ws/install/motoros2_interfaces/local/lib/python3.10/dist-packages:/home/duy/cocarry_ws/install/human_hand_msgs/local/lib/python3.10/dist-packages:/opt/ros/humble/lib/python3.10/site-packages:/opt/ros/humble/local/lib/python3.10/dist-packages'), ('COLCON', '1'), ('CMAKE_PREFIX_PATH', '/home/duy/cocarry_ws/install/hc10dtp_simulation:/home/duy/cocarry_ws/install/hc10dtp_bringup:/home/duy/cocarry_ws/install/hc10dtp_moveit_config:/home/duy/cocarry_ws/install/motoman_hc10dtp_support:/home/duy/cocarry_ws/install/motoros2_interfaces:/home/duy/cocarry_ws/install/motoman_resources:/opt/ros/humble:/home/duy/cocarry_ws/install/human_hand_msgs')]), 'shell': False}
[17.489685] (-) TimerEvent: {}
[17.502101] (hrc_bringup) StdoutLine: {'line': b'-- Install configuration: ""\n'}
[17.502941] (hrc_bringup) StdoutLine: {'line': b'-- Execute custom install script\n'}
[17.503616] (hrc_bringup) StdoutLine: {'line': b'-- Up-to-date symlink: /home/duy/cocarry_ws/install/hrc_bringup/share/hrc_bringup/launch/__pycache__/cocarry_real_gui.launch.cpython-310.pyc\n'}
[17.503921] (hrc_bringup) StdoutLine: {'line': b'-- Up-to-date symlink: /home/duy/cocarry_ws/install/hrc_bringup/share/hrc_bringup/launch/__pycache__/cocarry_sim_gui.launch.cpython-310.pyc\n'}
[17.504197] (hrc_bringup) StdoutLine: {'line': b'-- Up-to-date symlink: /home/duy/cocarry_ws/install/hrc_bringup/share/hrc_bringup/launch/cocarry_full.launch.py\n'}
[17.504422] (hrc_bringup) StdoutLine: {'line': b'-- Up-to-date symlink: /home/duy/cocarry_ws/install/hrc_bringup/share/hrc_bringup/launch/cocarry_real_gui.launch.py\n'}
[17.504689] (hrc_bringup) StdoutLine: {'line': b'-- Up-to-date symlink: /home/duy/cocarry_ws/install/hrc_bringup/share/hrc_bringup/launch/cocarry_sim_gui.launch.py\n'}
[17.504934] (hrc_bringup) StdoutLine: {'line': b'-- Up-to-date symlink: /home/duy/cocarry_ws/install/hrc_bringup/share/hrc_bringup/launch/full_pipeline.launch.py\n'}
[17.505533] (hrc_bringup) StdoutLine: {'line': b'-- Up-to-date symlink: /home/duy/cocarry_ws/install/hrc_bringup/share/hrc_bringup/config/all_params.yaml\n'}
[17.505903] (hrc_bringup) StdoutLine: {'line': b'-- Up-to-date symlink: /home/duy/cocarry_ws/install/hrc_bringup/share/ament_index/resource_index/package_run_dependencies/hrc_bringup\n'}
[17.506221] (hrc_bringup) StdoutLine: {'line': b'-- Up-to-date symlink: /home/duy/cocarry_ws/install/hrc_bringup/share/ament_index/resource_index/parent_prefix_path/hrc_bringup\n'}
[17.506576] (hrc_bringup) StdoutLine: {'line': b'-- Up-to-date symlink: /home/duy/cocarry_ws/install/hrc_bringup/share/hrc_bringup/environment/ament_prefix_path.sh\n'}
[17.506846] (hrc_bringup) StdoutLine: {'line': b'-- Up-to-date symlink: /home/duy/cocarry_ws/install/hrc_bringup/share/hrc_bringup/environment/ament_prefix_path.dsv\n'}
[17.507098] (hrc_bringup) StdoutLine: {'line': b'-- Up-to-date symlink: /home/duy/cocarry_ws/install/hrc_bringup/share/hrc_bringup/environment/path.sh\n'}
[17.507441] (hrc_bringup) StdoutLine: {'line': b'-- Up-to-date symlink: /home/duy/cocarry_ws/install/hrc_bringup/share/hrc_bringup/environment/path.dsv\n'}
[17.507731] (hrc_bringup) StdoutLine: {'line': b'-- Up-to-date symlink: /home/duy/cocarry_ws/install/hrc_bringup/share/hrc_bringup/local_setup.bash\n'}
[17.508027] (hrc_bringup) StdoutLine: {'line': b'-- Up-to-date symlink: /home/duy/cocarry_ws/install/hrc_bringup/share/hrc_bringup/local_setup.sh\n'}
[17.508250] (hrc_bringup) StdoutLine: {'line': b'-- Up-to-date symlink: /home/duy/cocarry_ws/install/hrc_bringup/share/hrc_bringup/local_setup.zsh\n'}
[17.508579] (hrc_bringup) StdoutLine: {'line': b'-- Up-to-date symlink: /home/duy/cocarry_ws/install/hrc_bringup/share/hrc_bringup/local_setup.dsv\n'}
[17.508769] (hrc_bringup) StdoutLine: {'line': b'-- Symlinking: /home/duy/cocarry_ws/install/hrc_bringup/share/hrc_bringup/package.dsv\n'}
[17.525359] (hrc_bringup) StdoutLine: {'line': b'-- Up-to-date symlink: /home/duy/cocarry_ws/install/hrc_bringup/share/ament_index/resource_index/packages/hrc_bringup\n'}
[17.526146] (hrc_bringup) StdoutLine: {'line': b'-- Up-to-date symlink: /home/duy/cocarry_ws/install/hrc_bringup/share/hrc_bringup/cmake/hrc_bringupConfig.cmake\n'}
[17.526403] (hrc_bringup) StdoutLine: {'line': b'-- Up-to-date symlink: /home/duy/cocarry_ws/install/hrc_bringup/share/hrc_bringup/cmake/hrc_bringupConfig-version.cmake\n'}
[17.526546] (hrc_bringup) StdoutLine: {'line': b'-- Up-to-date symlink: /home/duy/cocarry_ws/install/hrc_bringup/share/hrc_bringup/package.xml\n'}
[17.528598] (hrc_bringup) CommandEnded: {'returncode': 0}
[17.547983] (hrc_bringup) JobEnded: {'identifier': 'hrc_bringup', 'rc': 0}
[17.589820] (-) TimerEvent: {}
[17.690245] (-) TimerEvent: {}
[17.771161] (kinect2_registration) StdoutLine: {'line': b'[100%] \x1b[32m\x1b[1mLinking CXX static library libkinect2_registration.a\x1b[0m\n'}
[17.790363] (-) TimerEvent: {}
[17.890778] (-) TimerEvent: {}
[17.991206] (-) TimerEvent: {}
[18.015736] (kinect2_registration) StdoutLine: {'line': b'[100%] Built target kinect2_registration\n'}
[18.034431] (kinect2_registration) CommandEnded: {'returncode': 0}
[18.035647] (kinect2_registration) JobProgress: {'identifier': 'kinect2_registration', 'progress': 'install'}
[18.036510] (kinect2_registration) Command: {'cmd': ['/usr/bin/cmake', '--install', '/home/duy/cocarry_ws/build/kinect2_registration'], 'cwd': '/home/duy/cocarry_ws/build/kinect2_registration', 'env': OrderedDict([('USER', 'duy'), ('SHLVL', '0'), ('LD_LIBRARY_PATH', '/usr/lib/x86_64-linux-gnu/gazebo-11/plugins:/opt/ros/humble/opt/rviz_ogre_vendor/lib:/opt/ros/humble/lib/x86_64-linux-gnu:/opt/ros/humble/lib'), ('HOME', '/home/duy'), ('ROS_PYTHON_VERSION', '3'), ('ROS_DISTRO', 'humble'), ('_', '/usr/bin/colcon'), ('ROS_VERSION', '2'), ('TERM', 'dumb'), ('ROS_LOCALHOST_ONLY', '0'), ('PATH', '/home/duy/.local/bin:/home/duy/.nvm/versions/node/v20.20.2/bin:/opt/ros/humble/bin:/home/duy/.local/bin:/usr/local/sbin:/usr/local/bin:/usr/sbin:/usr/bin:/sbin:/bin:/usr/games:/usr/local/games:/snap/bin:/snap/bin:/home/duy/libfreenect2/build/bin'), ('LANG', 'en_US.UTF-8'), ('TMP', '/tmp'), ('AMENT_PREFIX_PATH', '/opt/ros/humble'), ('SHELL', '/bin/bash'), ('PWD', '/home/duy/cocarry_ws/build/kinect2_registration'), ('PYTHONPATH', '/opt/ros/humble/lib/python3.10/site-packages:/opt/ros/humble/local/lib/python3.10/dist-packages'), ('COLCON', '1'), ('CMAKE_PREFIX_PATH', '/opt/ros/humble')]), 'shell': False}
[18.050542] (kinect2_registration) StdoutLine: {'line': b'-- Install configuration: ""\n'}
[18.051165] (kinect2_registration) StdoutLine: {'line': b'-- Execute custom install script\n'}
[18.051775] (kinect2_registration) StdoutLine: {'line': b'-- Up-to-date symlink: /home/duy/cocarry_ws/install/kinect2_registration/include/kinect2_registration/kinect2_console.h\n'}
[18.052024] (kinect2_registration) StdoutLine: {'line': b'-- Up-to-date symlink: /home/duy/cocarry_ws/install/kinect2_registration/include/kinect2_registration/kinect2_registration.h\n'}
[18.052261] (kinect2_registration) StdoutLine: {'line': b'-- Up-to-date symlink: /home/duy/cocarry_ws/install/kinect2_registration/share/kinect2_registration/environment/library_path.sh\n'}
[18.052514] (kinect2_registration) StdoutLine: {'line': b'-- Up-to-date symlink: /home/duy/cocarry_ws/install/kinect2_registration/share/kinect2_registration/environment/library_path.dsv\n'}
[18.052880] (kinect2_registration) StdoutLine: {'line': b'-- Up-to-date symlink: /home/duy/cocarry_ws/install/kinect2_registration/share/ament_index/resource_index/package_run_dependencies/kinect2_registration\n'}
[18.053159] (kinect2_registration) StdoutLine: {'line': b'-- Up-to-date symlink: /home/duy/cocarry_ws/install/kinect2_registration/share/ament_index/resource_index/parent_prefix_path/kinect2_registration\n'}
[18.053385] (kinect2_registration) StdoutLine: {'line': b'-- Up-to-date symlink: /home/duy/cocarry_ws/install/kinect2_registration/share/kinect2_registration/environment/ament_prefix_path.sh\n'}
[18.053571] (kinect2_registration) StdoutLine: {'line': b'-- Up-to-date symlink: /home/duy/cocarry_ws/install/kinect2_registration/share/kinect2_registration/environment/ament_prefix_path.dsv\n'}
[18.053785] (kinect2_registration) StdoutLine: {'line': b'-- Up-to-date symlink: /home/duy/cocarry_ws/install/kinect2_registration/share/kinect2_registration/environment/path.sh\n'}
[18.054021] (kinect2_registration) StdoutLine: {'line': b'-- Up-to-date symlink: /home/duy/cocarry_ws/install/kinect2_registration/share/kinect2_registration/environment/path.dsv\n'}
[18.054259] (kinect2_registration) StdoutLine: {'line': b'-- Up-to-date symlink: /home/duy/cocarry_ws/install/kinect2_registration/share/kinect2_registration/local_setup.bash\n'}
[18.054464] (kinect2_registration) StdoutLine: {'line': b'-- Up-to-date symlink: /home/duy/cocarry_ws/install/kinect2_registration/share/kinect2_registration/local_setup.sh\n'}
[18.054664] (kinect2_registration) StdoutLine: {'line': b'-- Up-to-date symlink: /home/duy/cocarry_ws/install/kinect2_registration/share/kinect2_registration/local_setup.zsh\n'}
[18.054847] (kinect2_registration) StdoutLine: {'line': b'-- Up-to-date symlink: /home/duy/cocarry_ws/install/kinect2_registration/share/kinect2_registration/local_setup.dsv\n'}
[18.055007] (kinect2_registration) StdoutLine: {'line': b'-- Symlinking: /home/duy/cocarry_ws/install/kinect2_registration/share/kinect2_registration/package.dsv\n'}
[18.069856] (kinect2_registration) StdoutLine: {'line': b'-- Up-to-date symlink: /home/duy/cocarry_ws/install/kinect2_registration/share/ament_index/resource_index/packages/kinect2_registration\n'}
[18.070450] (kinect2_registration) StdoutLine: {'line': b'-- Up-to-date symlink: /home/duy/cocarry_ws/install/kinect2_registration/share/kinect2_registration/cmake/ament_cmake_export_include_directories-extras.cmake\n'}
[18.070779] (kinect2_registration) StdoutLine: {'line': b'-- Up-to-date symlink: /home/duy/cocarry_ws/install/kinect2_registration/share/kinect2_registration/cmake/ament_cmake_export_libraries-extras.cmake\n'}
[18.070947] (kinect2_registration) StdoutLine: {'line': b'-- Up-to-date symlink: /home/duy/cocarry_ws/install/kinect2_registration/share/kinect2_registration/cmake/kinect2_registrationConfig.cmake\n'}
[18.071169] (kinect2_registration) StdoutLine: {'line': b'-- Up-to-date symlink: /home/duy/cocarry_ws/install/kinect2_registration/share/kinect2_registration/cmake/kinect2_registrationConfig-version.cmake\n'}
[18.071319] (kinect2_registration) StdoutLine: {'line': b'-- Up-to-date symlink: /home/duy/cocarry_ws/install/kinect2_registration/share/kinect2_registration/package.xml\n'}
[18.071450] (kinect2_registration) StdoutLine: {'line': b'-- Installing: /home/duy/cocarry_ws/install/kinect2_registration/lib/libkinect2_registration.a\n'}
[18.074685] (kinect2_registration) CommandEnded: {'returncode': 0}
[18.091294] (-) TimerEvent: {}
[18.099576] (kinect2_registration) JobEnded: {'identifier': 'kinect2_registration', 'rc': 0}
[18.101912] (kinect2_bridge) JobStarted: {'identifier': 'kinect2_bridge'}
[18.111684] (kinect2_bridge) JobProgress: {'identifier': 'kinect2_bridge', 'progress': 'cmake'}
[18.112904] (kinect2_bridge) Command: {'cmd': ['/usr/bin/cmake', '/home/duy/cocarry_ws/src/kinect2_ros2/kinect2_bridge', '-DAMENT_CMAKE_SYMLINK_INSTALL=1', '-DCMAKE_INSTALL_PREFIX=/home/duy/cocarry_ws/install/kinect2_bridge'], 'cwd': '/home/duy/cocarry_ws/build/kinect2_bridge', 'env': OrderedDict([('USER', 'duy'), ('SHLVL', '0'), ('LD_LIBRARY_PATH', '/home/duy/cocarry_ws/install/kinect2_registration/lib:/usr/lib/x86_64-linux-gnu/gazebo-11/plugins:/opt/ros/humble/opt/rviz_ogre_vendor/lib:/opt/ros/humble/lib/x86_64-linux-gnu:/opt/ros/humble/lib'), ('HOME', '/home/duy'), ('ROS_PYTHON_VERSION', '3'), ('ROS_DISTRO', 'humble'), ('_', '/usr/bin/colcon'), ('ROS_VERSION', '2'), ('TERM', 'dumb'), ('ROS_LOCALHOST_ONLY', '0'), ('PATH', '/home/duy/.local/bin:/home/duy/.nvm/versions/node/v20.20.2/bin:/opt/ros/humble/bin:/home/duy/.local/bin:/usr/local/sbin:/usr/local/bin:/usr/sbin:/usr/bin:/sbin:/bin:/usr/games:/usr/local/games:/snap/bin:/snap/bin:/home/duy/libfreenect2/build/bin'), ('LANG', 'en_US.UTF-8'), ('TMP', '/tmp'), ('AMENT_PREFIX_PATH', '/home/duy/cocarry_ws/install/kinect2_registration:/opt/ros/humble'), ('SHELL', '/bin/bash'), ('PWD', '/home/duy/cocarry_ws/build/kinect2_bridge'), ('PYTHONPATH', '/opt/ros/humble/lib/python3.10/site-packages:/opt/ros/humble/local/lib/python3.10/dist-packages'), ('COLCON', '1'), ('CMAKE_PREFIX_PATH', '/home/duy/cocarry_ws/install/kinect2_registration:/opt/ros/humble')]), 'shell': False}
[18.135433] (kinect2_bridge) StdoutLine: {'line': b'-- Found ament_cmake: 1.3.14 (/opt/ros/humble/share/ament_cmake/cmake)\n'}
[18.191427] (-) TimerEvent: {}
[18.291844] (-) TimerEvent: {}
[18.306445] (kinect2_bridge) StdoutLine: {'line': b'-- Override CMake install command with custom implementation using symlinks instead of copying resources\n'}
[18.314978] (kinect2_bridge) StdoutLine: {'line': b'-- Found rclcpp: 16.0.19 (/opt/ros/humble/share/rclcpp/cmake)\n'}
[18.366855] (kinect2_bridge) StdoutLine: {'line': b'-- Found rosidl_generator_c: 3.1.8 (/opt/ros/humble/share/rosidl_generator_c/cmake)\n'}
[18.370768] (kinect2_bridge) StdoutLine: {'line': b'-- Found rosidl_adapter: 3.1.8 (/opt/ros/humble/share/rosidl_adapter/cmake)\n'}
[18.380100] (kinect2_bridge) StdoutLine: {'line': b'-- Found rosidl_generator_cpp: 3.1.8 (/opt/ros/humble/share/rosidl_generator_cpp/cmake)\n'}
[18.391979] (-) TimerEvent: {}
[18.393858] (kinect2_bridge) StdoutLine: {'line': b'-- Using all available rosidl_typesupport_c: rosidl_typesupport_fastrtps_c;rosidl_typesupport_introspection_c\n'}
[18.418087] (kinect2_bridge) StdoutLine: {'line': b'-- Using all available rosidl_typesupport_cpp: rosidl_typesupport_fastrtps_cpp;rosidl_typesupport_introspection_cpp\n'}
[18.479989] (kinect2_bridge) StdoutLine: {'line': b'-- Found rmw_implementation_cmake: 6.1.2 (/opt/ros/humble/share/rmw_implementation_cmake/cmake)\n'}
[18.483158] (kinect2_bridge) StdoutLine: {'line': b'-- Found rmw_fastrtps_cpp: 6.2.10 (/opt/ros/humble/share/rmw_fastrtps_cpp/cmake)\n'}
[18.492219] (-) TimerEvent: {}
[18.592724] (-) TimerEvent: {}
[18.633377] (kinect2_bridge) StdoutLine: {'line': b"-- Using RMW implementation 'rmw_fastrtps_cpp' as default\n"}
[18.692870] (-) TimerEvent: {}
[18.739156] (kinect2_bridge) StdoutLine: {'line': b'-- Found sensor_msgs: 4.9.1 (/opt/ros/humble/share/sensor_msgs/cmake)\n'}
[18.791505] (kinect2_bridge) StdoutLine: {'line': b'-- Found kinect2_registration: 0.0.0 (/home/duy/cocarry_ws/install/kinect2_registration/share/kinect2_registration/cmake)\n'}
[18.792922] (-) TimerEvent: {}
[18.793523] (kinect2_bridge) StdoutLine: {'line': b'-- Found tf2: 0.25.20 (/opt/ros/humble/share/tf2/cmake)\n'}
[18.802253] (kinect2_bridge) StdoutLine: {'line': b'-- Found tf2_ros: 0.25.20 (/opt/ros/humble/share/tf2_ros/cmake)\n'}
[18.893208] (-) TimerEvent: {}
[18.923775] (kinect2_bridge) StdoutLine: {'line': b'-- Found tf2_geometry_msgs: 0.25.20 (/opt/ros/humble/share/tf2_geometry_msgs/cmake)\n'}
[18.929479] (kinect2_bridge) StdoutLine: {'line': b'-- Found eigen3_cmake_module: 0.1.1 (/opt/ros/humble/share/eigen3_cmake_module/cmake)\n'}
[18.931285] (kinect2_bridge) StdoutLine: {'line': b'-- Ensuring Eigen3 include directory is part of orocos-kdl CMake target\n'}
[18.939034] (kinect2_bridge) StdoutLine: {'line': b'-- Found ament_lint_auto: 0.12.15 (/opt/ros/humble/share/ament_lint_auto/cmake)\n'}
[18.993434] (-) TimerEvent: {}
[19.038713] (kinect2_bridge) StdoutLine: {'line': b"-- Added test 'cppcheck' to perform static code analysis on C / C++ code\n"}
[19.039015] (kinect2_bridge) StdoutLine: {'line': b'-- Configured cppcheck include dirs: /home/duy/cocarry_ws/src/kinect2_ros2/kinect2_bridge/include/kinect2_bridge\n'}
[19.039177] (kinect2_bridge) StdoutLine: {'line': b'-- Configured cppcheck exclude dirs and/or files: \n'}
[19.039442] (kinect2_bridge) StdoutLine: {'line': b"-- Added test 'flake8' to check Python code syntax and style conventions\n"}
[19.039884] (kinect2_bridge) StdoutLine: {'line': b"-- Added test 'lint_cmake' to check CMake code style\n"}
[19.040278] (kinect2_bridge) StdoutLine: {'line': b"-- Added test 'pep257' to check Python code against some of the docstring style conventions in PEP 257\n"}
[19.041358] (kinect2_bridge) StdoutLine: {'line': b"-- Added test 'uncrustify' to check C / C++ code style\n"}
[19.041540] (kinect2_bridge) StdoutLine: {'line': b'-- Configured uncrustify additional arguments: \n'}
[19.041732] (kinect2_bridge) StdoutLine: {'line': b"-- Added test 'xmllint' to check XML markup files\n"}
[19.044242] (kinect2_bridge) StdoutLine: {'line': b'-- Configuring done\n'}
[19.065999] (kinect2_bridge) StdoutLine: {'line': b'-- Generating done\n'}
[19.072447] (kinect2_bridge) StdoutLine: {'line': b'-- Build files have been written to: /home/duy/cocarry_ws/build/kinect2_bridge\n'}
[19.083294] (kinect2_bridge) CommandEnded: {'returncode': 0}
[19.086203] (kinect2_bridge) JobProgress: {'identifier': 'kinect2_bridge', 'progress': 'build'}
[19.086302] (kinect2_bridge) Command: {'cmd': ['/usr/bin/cmake', '--build', '/home/duy/cocarry_ws/build/kinect2_bridge', '--', '-j16', '-l16'], 'cwd': '/home/duy/cocarry_ws/build/kinect2_bridge', 'env': OrderedDict([('USER', 'duy'), ('SHLVL', '0'), ('LD_LIBRARY_PATH', '/home/duy/cocarry_ws/install/kinect2_registration/lib:/usr/lib/x86_64-linux-gnu/gazebo-11/plugins:/opt/ros/humble/opt/rviz_ogre_vendor/lib:/opt/ros/humble/lib/x86_64-linux-gnu:/opt/ros/humble/lib'), ('HOME', '/home/duy'), ('ROS_PYTHON_VERSION', '3'), ('ROS_DISTRO', 'humble'), ('_', '/usr/bin/colcon'), ('ROS_VERSION', '2'), ('TERM', 'dumb'), ('ROS_LOCALHOST_ONLY', '0'), ('PATH', '/home/duy/.local/bin:/home/duy/.nvm/versions/node/v20.20.2/bin:/opt/ros/humble/bin:/home/duy/.local/bin:/usr/local/sbin:/usr/local/bin:/usr/sbin:/usr/bin:/sbin:/bin:/usr/games:/usr/local/games:/snap/bin:/snap/bin:/home/duy/libfreenect2/build/bin'), ('LANG', 'en_US.UTF-8'), ('TMP', '/tmp'), ('AMENT_PREFIX_PATH', '/home/duy/cocarry_ws/install/kinect2_registration:/opt/ros/humble'), ('SHELL', '/bin/bash'), ('PWD', '/home/duy/cocarry_ws/build/kinect2_bridge'), ('PYTHONPATH', '/opt/ros/humble/lib/python3.10/site-packages:/opt/ros/humble/local/lib/python3.10/dist-packages'), ('COLCON', '1'), ('CMAKE_PREFIX_PATH', '/home/duy/cocarry_ws/install/kinect2_registration:/opt/ros/humble')]), 'shell': False}
[19.093592] (-) TimerEvent: {}
[19.142090] (kinect2_bridge) StdoutLine: {'line': b'\x1b[35m\x1b[1mConsolidate compiler generated dependencies of target kinect2_bridge_node\x1b[0m\n'}
[19.179524] (kinect2_bridge) StdoutLine: {'line': b'[ 50%] \x1b[32mBuilding CXX object CMakeFiles/kinect2_bridge_node.dir/src/kinect2_bridge.cpp.o\x1b[0m\n'}
[19.193711] (-) TimerEvent: {}
[19.294136] (-) TimerEvent: {}
[19.394580] (-) TimerEvent: {}
[19.494994] (-) TimerEvent: {}
[19.595413] (-) TimerEvent: {}
[19.695821] (-) TimerEvent: {}
[19.796250] (-) TimerEvent: {}
[19.896633] (-) TimerEvent: {}
[19.997137] (-) TimerEvent: {}
[20.097516] (-) TimerEvent: {}
[20.197974] (-) TimerEvent: {}
[20.298355] (-) TimerEvent: {}
[20.398727] (-) TimerEvent: {}
[20.499149] (-) TimerEvent: {}
[20.599538] (-) TimerEvent: {}
[20.699943] (-) TimerEvent: {}
[20.800407] (-) TimerEvent: {}
[20.900876] (-) TimerEvent: {}
[21.001452] (-) TimerEvent: {}
[21.102085] (-) TimerEvent: {}
[21.202505] (-) TimerEvent: {}
[21.303198] (-) TimerEvent: {}
[21.403866] (-) TimerEvent: {}
[21.504321] (-) TimerEvent: {}
[21.604806] (-) TimerEvent: {}
[21.705247] (-) TimerEvent: {}
[21.805741] (-) TimerEvent: {}
[21.906140] (-) TimerEvent: {}
[22.006572] (-) TimerEvent: {}
[22.106974] (-) TimerEvent: {}
[22.207535] (-) TimerEvent: {}
[22.308010] (-) TimerEvent: {}
[22.408465] (-) TimerEvent: {}
[22.444648] (trac_ik_lib) StdoutLine: {'line': b'[100%] \x1b[32m\x1b[1mLinking CXX shared library libtrac_ik_lib.so\x1b[0m\n'}
[22.508614] (-) TimerEvent: {}
[22.609085] (-) TimerEvent: {}
[22.709513] (-) TimerEvent: {}
[22.810069] (-) TimerEvent: {}
[22.898479] (trac_ik_lib) StdoutLine: {'line': b'[100%] Built target trac_ik_lib\n'}
[22.910192] (-) TimerEvent: {}
[22.916423] (trac_ik_lib) CommandEnded: {'returncode': 0}
[22.917982] (trac_ik_lib) JobProgress: {'identifier': 'trac_ik_lib', 'progress': 'install'}
[22.918662] (trac_ik_lib) Command: {'cmd': ['/usr/bin/cmake', '--install', '/home/duy/cocarry_ws/build/trac_ik_lib'], 'cwd': '/home/duy/cocarry_ws/build/trac_ik_lib', 'env': OrderedDict([('USER', 'duy'), ('SHLVL', '0'), ('LD_LIBRARY_PATH', '/usr/lib/x86_64-linux-gnu/gazebo-11/plugins:/opt/ros/humble/opt/rviz_ogre_vendor/lib:/opt/ros/humble/lib/x86_64-linux-gnu:/opt/ros/humble/lib'), ('HOME', '/home/duy'), ('ROS_PYTHON_VERSION', '3'), ('ROS_DISTRO', 'humble'), ('_', '/usr/bin/colcon'), ('ROS_VERSION', '2'), ('TERM', 'dumb'), ('ROS_LOCALHOST_ONLY', '0'), ('PATH', '/home/duy/.local/bin:/home/duy/.nvm/versions/node/v20.20.2/bin:/opt/ros/humble/bin:/home/duy/.local/bin:/usr/local/sbin:/usr/local/bin:/usr/sbin:/usr/bin:/sbin:/bin:/usr/games:/usr/local/games:/snap/bin:/snap/bin:/home/duy/libfreenect2/build/bin'), ('LANG', 'en_US.UTF-8'), ('TMP', '/tmp'), ('AMENT_PREFIX_PATH', '/opt/ros/humble'), ('SHELL', '/bin/bash'), ('PWD', '/home/duy/cocarry_ws/build/trac_ik_lib'), ('PYTHONPATH', '/opt/ros/humble/lib/python3.10/site-packages:/opt/ros/humble/local/lib/python3.10/dist-packages'), ('COLCON', '1'), ('CMAKE_PREFIX_PATH', '/opt/ros/humble')]), 'shell': False}
[22.930069] (trac_ik_lib) StdoutLine: {'line': b'-- Install configuration: ""\n'}
[22.930625] (trac_ik_lib) StdoutLine: {'line': b'-- Execute custom install script\n'}
[22.930936] (trac_ik_lib) StdoutLine: {'line': b'-- Up-to-date symlink: /home/duy/cocarry_ws/install/trac_ik_lib/share/trac_ik_lib/environment/library_path.sh\n'}
[22.931309] (trac_ik_lib) StdoutLine: {'line': b'-- Up-to-date symlink: /home/duy/cocarry_ws/install/trac_ik_lib/share/trac_ik_lib/environment/library_path.dsv\n'}
[22.931668] (trac_ik_lib) StdoutLine: {'line': b'-- Up-to-date symlink: /home/duy/cocarry_ws/install/trac_ik_lib/include/trac_ik/dual_quaternion.h\n'}
[22.931938] (trac_ik_lib) StdoutLine: {'line': b'-- Up-to-date symlink: /home/duy/cocarry_ws/install/trac_ik_lib/include/trac_ik/kdl_tl.hpp\n'}
[22.932155] (trac_ik_lib) StdoutLine: {'line': b'-- Up-to-date symlink: /home/duy/cocarry_ws/install/trac_ik_lib/include/trac_ik/math3d.h\n'}
[22.932357] (trac_ik_lib) StdoutLine: {'line': b'-- Up-to-date symlink: /home/duy/cocarry_ws/install/trac_ik_lib/include/trac_ik/nlopt_ik.hpp\n'}
[22.932551] (trac_ik_lib) StdoutLine: {'line': b'-- Up-to-date symlink: /home/duy/cocarry_ws/install/trac_ik_lib/include/trac_ik/trac_ik.hpp\n'}
[22.932723] (trac_ik_lib) StdoutLine: {'line': b'-- Up-to-date symlink: /home/duy/cocarry_ws/install/trac_ik_lib/include/trac_ik/visibility_control.hpp\n'}
[22.932988] (trac_ik_lib) StdoutLine: {'line': b'-- Up-to-date symlink: /home/duy/cocarry_ws/install/trac_ik_lib/share/ament_index/resource_index/package_run_dependencies/trac_ik_lib\n'}
[22.933272] (trac_ik_lib) StdoutLine: {'line': b'-- Up-to-date symlink: /home/duy/cocarry_ws/install/trac_ik_lib/share/ament_index/resource_index/parent_prefix_path/trac_ik_lib\n'}
[22.933431] (trac_ik_lib) StdoutLine: {'line': b'-- Up-to-date symlink: /home/duy/cocarry_ws/install/trac_ik_lib/share/trac_ik_lib/environment/ament_prefix_path.sh\n'}
[22.933613] (trac_ik_lib) StdoutLine: {'line': b'-- Up-to-date symlink: /home/duy/cocarry_ws/install/trac_ik_lib/share/trac_ik_lib/environment/ament_prefix_path.dsv\n'}
[22.933801] (trac_ik_lib) StdoutLine: {'line': b'-- Up-to-date symlink: /home/duy/cocarry_ws/install/trac_ik_lib/share/trac_ik_lib/environment/path.sh\n'}
[22.934096] (trac_ik_lib) StdoutLine: {'line': b'-- Up-to-date symlink: /home/duy/cocarry_ws/install/trac_ik_lib/share/trac_ik_lib/environment/path.dsv\n'}
[22.934310] (trac_ik_lib) StdoutLine: {'line': b'-- Up-to-date symlink: /home/duy/cocarry_ws/install/trac_ik_lib/share/trac_ik_lib/local_setup.bash\n'}
[22.934494] (trac_ik_lib) StdoutLine: {'line': b'-- Up-to-date symlink: /home/duy/cocarry_ws/install/trac_ik_lib/share/trac_ik_lib/local_setup.sh\n'}
[22.934661] (trac_ik_lib) StdoutLine: {'line': b'-- Up-to-date symlink: /home/duy/cocarry_ws/install/trac_ik_lib/share/trac_ik_lib/local_setup.zsh\n'}
[22.934893] (trac_ik_lib) StdoutLine: {'line': b'-- Up-to-date symlink: /home/duy/cocarry_ws/install/trac_ik_lib/share/trac_ik_lib/local_setup.dsv\n'}
[22.935041] (trac_ik_lib) StdoutLine: {'line': b'-- Symlinking: /home/duy/cocarry_ws/install/trac_ik_lib/share/trac_ik_lib/package.dsv\n'}
[22.946721] (trac_ik_lib) StdoutLine: {'line': b'-- Up-to-date symlink: /home/duy/cocarry_ws/install/trac_ik_lib/share/ament_index/resource_index/packages/trac_ik_lib\n'}
[22.947065] (trac_ik_lib) StdoutLine: {'line': b'-- Up-to-date symlink: /home/duy/cocarry_ws/install/trac_ik_lib/share/trac_ik_lib/cmake/ament_cmake_export_targets-extras.cmake\n'}
[22.947507] (trac_ik_lib) StdoutLine: {'line': b'-- Up-to-date symlink: /home/duy/cocarry_ws/install/trac_ik_lib/share/trac_ik_lib/cmake/ament_cmake_export_dependencies-extras.cmake\n'}
[22.947788] (trac_ik_lib) StdoutLine: {'line': b'-- Up-to-date symlink: /home/duy/cocarry_ws/install/trac_ik_lib/share/trac_ik_lib/cmake/trac_ik_libConfig.cmake\n'}
[22.947980] (trac_ik_lib) StdoutLine: {'line': b'-- Up-to-date symlink: /home/duy/cocarry_ws/install/trac_ik_lib/share/trac_ik_lib/cmake/trac_ik_libConfig-version.cmake\n'}
[22.948310] (trac_ik_lib) StdoutLine: {'line': b'-- Up-to-date symlink: /home/duy/cocarry_ws/install/trac_ik_lib/share/trac_ik_lib/package.xml\n'}
[22.949166] (trac_ik_lib) StdoutLine: {'line': b'-- Installing: /home/duy/cocarry_ws/install/trac_ik_lib/lib/libtrac_ik_lib.so\n'}
[22.957809] (trac_ik_lib) StdoutLine: {'line': b'-- Set runtime path of "/home/duy/cocarry_ws/install/trac_ik_lib/lib/libtrac_ik_lib.so" to ""\n'}
[22.958256] (trac_ik_lib) StdoutLine: {'line': b'-- Up-to-date: /home/duy/cocarry_ws/install/trac_ik_lib/share/trac_ik_lib/cmake/export_trac_ik_libExport.cmake\n'}
[22.958480] (trac_ik_lib) StdoutLine: {'line': b'-- Up-to-date: /home/duy/cocarry_ws/install/trac_ik_lib/share/trac_ik_lib/cmake/export_trac_ik_libExport-noconfig.cmake\n'}
[22.962565] (trac_ik_lib) CommandEnded: {'returncode': 0}
[22.984856] (trac_ik_lib) JobEnded: {'identifier': 'trac_ik_lib', 'rc': 0}
[22.986581] (trac_ik_kinematics) JobStarted: {'identifier': 'trac_ik_kinematics'}
[22.997137] (trac_ik_kinematics) JobProgress: {'identifier': 'trac_ik_kinematics', 'progress': 'cmake'}
[22.999457] (trac_ik_kinematics) Command: {'cmd': ['/usr/bin/cmake', '/home/duy/cocarry_ws/src/trac_ik/trac_ik_kinematics', '-DAMENT_CMAKE_SYMLINK_INSTALL=1', '-DCMAKE_INSTALL_PREFIX=/home/duy/cocarry_ws/install/trac_ik_kinematics'], 'cwd': '/home/duy/cocarry_ws/build/trac_ik_kinematics', 'env': OrderedDict([('USER', 'duy'), ('SHLVL', '0'), ('LD_LIBRARY_PATH', '/home/duy/cocarry_ws/install/trac_ik_lib/lib:/usr/lib/x86_64-linux-gnu/gazebo-11/plugins:/opt/ros/humble/opt/rviz_ogre_vendor/lib:/opt/ros/humble/lib/x86_64-linux-gnu:/opt/ros/humble/lib'), ('HOME', '/home/duy'), ('ROS_PYTHON_VERSION', '3'), ('ROS_DISTRO', 'humble'), ('_', '/usr/bin/colcon'), ('ROS_VERSION', '2'), ('TERM', 'dumb'), ('ROS_LOCALHOST_ONLY', '0'), ('PATH', '/home/duy/.local/bin:/home/duy/.nvm/versions/node/v20.20.2/bin:/opt/ros/humble/bin:/home/duy/.local/bin:/usr/local/sbin:/usr/local/bin:/usr/sbin:/usr/bin:/sbin:/bin:/usr/games:/usr/local/games:/snap/bin:/snap/bin:/home/duy/libfreenect2/build/bin'), ('LANG', 'en_US.UTF-8'), ('TMP', '/tmp'), ('AMENT_PREFIX_PATH', '/home/duy/cocarry_ws/install/trac_ik_lib:/opt/ros/humble'), ('SHELL', '/bin/bash'), ('PWD', '/home/duy/cocarry_ws/build/trac_ik_kinematics'), ('PYTHONPATH', '/opt/ros/humble/lib/python3.10/site-packages:/opt/ros/humble/local/lib/python3.10/dist-packages'), ('COLCON', '1'), ('CMAKE_PREFIX_PATH', '/home/duy/cocarry_ws/install/trac_ik_lib:/opt/ros/humble')]), 'shell': False}
[23.010398] (-) TimerEvent: {}
[23.020379] (trac_ik_kinematics) StdoutLine: {'line': b'-- Found moveit_common: 2.5.9 (/opt/ros/humble/share/moveit_common/cmake)\n'}
[23.021277] (trac_ik_kinematics) StdoutLine: {'line': b'-- Found ament_cmake: 1.3.14 (/opt/ros/humble/share/ament_cmake/cmake)\n'}
[23.110510] (-) TimerEvent: {}
[23.210937] (-) TimerEvent: {}
[23.217349] (trac_ik_kinematics) StdoutLine: {'line': b'-- Override CMake install command with custom implementation using symlinks instead of copying resources\n'}
[23.311094] (-) TimerEvent: {}
[23.331071] (trac_ik_kinematics) StderrLine: {'line': b"trac_ik_kinematics: You did not request a specific build type: Choosing 'Release' for maximum performance\n"}
[23.334903] (trac_ik_kinematics) StdoutLine: {'line': b'-- Found tf2_kdl: 0.25.20 (/opt/ros/humble/share/tf2_kdl/cmake)\n'}
[23.379215] (trac_ik_kinematics) StdoutLine: {'line': b'-- Found rosidl_generator_c: 3.1.8 (/opt/ros/humble/share/rosidl_generator_c/cmake)\n'}
[23.382116] (trac_ik_kinematics) StdoutLine: {'line': b'-- Found rosidl_adapter: 3.1.8 (/opt/ros/humble/share/rosidl_adapter/cmake)\n'}
[23.390192] (trac_ik_kinematics) StdoutLine: {'line': b'-- Found rosidl_generator_cpp: 3.1.8 (/opt/ros/humble/share/rosidl_generator_cpp/cmake)\n'}
[23.401889] (trac_ik_kinematics) StdoutLine: {'line': b'-- Using all available rosidl_typesupport_c: rosidl_typesupport_fastrtps_c;rosidl_typesupport_introspection_c\n'}
[23.411234] (-) TimerEvent: {}
[23.420959] (trac_ik_kinematics) StdoutLine: {'line': b'-- Using all available rosidl_typesupport_cpp: rosidl_typesupport_fastrtps_cpp;rosidl_typesupport_introspection_cpp\n'}
[23.473842] (trac_ik_kinematics) StdoutLine: {'line': b'-- Found eigen3_cmake_module: 0.1.1 (/opt/ros/humble/share/eigen3_cmake_module/cmake)\n'}
[23.475595] (trac_ik_kinematics) StdoutLine: {'line': b'-- Ensuring Eigen3 include directory is part of orocos-kdl CMake target\n'}
[23.502400] (kinect2_bridge) StderrLine: {'line': b'/home/duy/cocarry_ws/src/kinect2_ros2/kinect2_bridge/src/kinect2_bridge.cpp: In member function \xe2\x80\x98bool Kinect2BridgeNode::initPipeline(const string&, int32_t)\xe2\x80\x99:\n'}
[23.502772] (kinect2_bridge) StderrLine: {'line': b'/home/duy/cocarry_ws/src/kinect2_ros2/kinect2_bridge/src/kinect2_bridge.cpp:401:62: warning: unused parameter \xe2\x80\x98device\xe2\x80\x99 [-Wunused-parameter]\n'}
[23.502938] (kinect2_bridge) StderrLine: {'line': b'  401 |   bool initPipeline(const std::string &method, const int32_t device)\n'}
[23.503126] (kinect2_bridge) StderrLine: {'line': b'      |                                                ~~~~~~~~~~~~~~^~~~~~\n'}
[23.511362] (-) TimerEvent: {}
[23.547771] (trac_ik_kinematics) StdoutLine: {'line': b'-- Found rmw_implementation_cmake: 6.1.2 (/opt/ros/humble/share/rmw_implementation_cmake/cmake)\n'}
[23.549678] (trac_ik_kinematics) StdoutLine: {'line': b'-- Found rmw_fastrtps_cpp: 6.2.10 (/opt/ros/humble/share/rmw_fastrtps_cpp/cmake)\n'}
[23.611581] (-) TimerEvent: {}
[23.690436] (trac_ik_kinematics) StdoutLine: {'line': b"-- Using RMW implementation 'rmw_fastrtps_cpp' as default\n"}
[23.711686] (-) TimerEvent: {}
[23.812118] (-) TimerEvent: {}
[23.820201] (trac_ik_kinematics) StdoutLine: {'line': b'-- Found kdl_parser: 2.6.4 (/opt/ros/humble/share/kdl_parser/cmake)\n'}
[23.825111] (trac_ik_kinematics) StdoutLine: {'line': b'-- Found random_numbers: 2.0.1 (/opt/ros/humble/share/random_numbers/cmake)\n'}
[23.838716] (trac_ik_kinematics) StdoutLine: {'line': b'-- Found pluginlib: 5.1.3 (/opt/ros/humble/share/pluginlib/cmake)\n'}
[23.862011] (trac_ik_kinematics) StdoutLine: {'line': b'-- Found moveit_core: 2.5.9 (/opt/ros/humble/share/moveit_core/cmake)\n'}
[23.893719] (trac_ik_kinematics) StdoutLine: {'line': b'-- Found Boost: /usr/lib/x86_64-linux-gnu/cmake/Boost-1.74.0/BoostConfig.cmake (found version "1.74.0") found components: chrono date_time filesystem iostreams program_options regex serialization system thread \n'}
[23.912238] (-) TimerEvent: {}
[23.934257] (trac_ik_kinematics) StdoutLine: {'line': b'-- Found parameter_traits: 0.7.1 (/opt/ros/humble/share/parameter_traits/cmake)\n'}
[23.950927] (trac_ik_kinematics) StdoutLine: {'line': b'-- Found rclcpp_lifecycle: 16.0.19 (/opt/ros/humble/share/rclcpp_lifecycle/cmake)\n'}
[23.989882] (trac_ik_kinematics) StdoutLine: {'line': b'-- Found Boost: /usr/lib/x86_64-linux-gnu/cmake/Boost-1.74.0/BoostConfig.cmake (found version "1.74.0") found components: filesystem \n'}
[24.012367] (-) TimerEvent: {}
[24.047927] (trac_ik_kinematics) StdoutLine: {'line': b'-- library: /usr/lib/x86_64-linux-gnu/libcurl.so\n'}
[24.112520] (-) TimerEvent: {}
[24.212951] (-) TimerEvent: {}
[24.313394] (-) TimerEvent: {}
[24.368382] (trac_ik_kinematics) StdoutLine: {'line': b'-- Found moveit_ros_planning: 2.5.9 (/opt/ros/humble/share/moveit_ros_planning/cmake)\n'}
[24.377702] (trac_ik_kinematics) StdoutLine: {'line': b'-- Found Boost: /usr/lib/x86_64-linux-gnu/cmake/Boost-1.74.0/BoostConfig.cmake (found version "1.74.0") found components: system filesystem date_time program_options thread chrono \n'}
[24.408065] (trac_ik_kinematics) StdoutLine: {'line': b'-- Found trac_ik_lib: 0.1.0 (/home/duy/cocarry_ws/install/trac_ik_lib/share/trac_ik_lib/cmake)\n'}
[24.413494] (-) TimerEvent: {}
[24.418626] (trac_ik_kinematics) StdoutLine: {'line': b'-- Found Boost: /usr/lib/x86_64-linux-gnu/cmake/Boost-1.74.0/BoostConfig.cmake (found version "1.74.0") found components: program_options system \n'}
[24.428554] (trac_ik_kinematics) StdoutLine: {'line': b'-- Found ament_lint_auto: 0.12.15 (/opt/ros/humble/share/ament_lint_auto/cmake)\n'}
[24.437034] (trac_ik_kinematics) StdoutLine: {'line': b'-- Configuring done\n'}
[24.480579] (trac_ik_kinematics) StdoutLine: {'line': b'-- Generating done\n'}
[24.489804] (trac_ik_kinematics) StdoutLine: {'line': b'-- Build files have been written to: /home/duy/cocarry_ws/build/trac_ik_kinematics\n'}
[24.503585] (trac_ik_kinematics) CommandEnded: {'returncode': 0}
[24.504456] (trac_ik_kinematics) JobProgress: {'identifier': 'trac_ik_kinematics', 'progress': 'build'}
[24.505105] (trac_ik_kinematics) Command: {'cmd': ['/usr/bin/cmake', '--build', '/home/duy/cocarry_ws/build/trac_ik_kinematics', '--', '-j16', '-l16'], 'cwd': '/home/duy/cocarry_ws/build/trac_ik_kinematics', 'env': OrderedDict([('USER', 'duy'), ('SHLVL', '0'), ('LD_LIBRARY_PATH', '/home/duy/cocarry_ws/install/trac_ik_lib/lib:/usr/lib/x86_64-linux-gnu/gazebo-11/plugins:/opt/ros/humble/opt/rviz_ogre_vendor/lib:/opt/ros/humble/lib/x86_64-linux-gnu:/opt/ros/humble/lib'), ('HOME', '/home/duy'), ('ROS_PYTHON_VERSION', '3'), ('ROS_DISTRO', 'humble'), ('_', '/usr/bin/colcon'), ('ROS_VERSION', '2'), ('TERM', 'dumb'), ('ROS_LOCALHOST_ONLY', '0'), ('PATH', '/home/duy/.local/bin:/home/duy/.nvm/versions/node/v20.20.2/bin:/opt/ros/humble/bin:/home/duy/.local/bin:/usr/local/sbin:/usr/local/bin:/usr/sbin:/usr/bin:/sbin:/bin:/usr/games:/usr/local/games:/snap/bin:/snap/bin:/home/duy/libfreenect2/build/bin'), ('LANG', 'en_US.UTF-8'), ('TMP', '/tmp'), ('AMENT_PREFIX_PATH', '/home/duy/cocarry_ws/install/trac_ik_lib:/opt/ros/humble'), ('SHELL', '/bin/bash'), ('PWD', '/home/duy/cocarry_ws/build/trac_ik_kinematics'), ('PYTHONPATH', '/opt/ros/humble/lib/python3.10/site-packages:/opt/ros/humble/local/lib/python3.10/dist-packages'), ('COLCON', '1'), ('CMAKE_PREFIX_PATH', '/home/duy/cocarry_ws/install/trac_ik_lib:/opt/ros/humble')]), 'shell': False}
[24.513625] (-) TimerEvent: {}
[24.579431] (trac_ik_kinematics) StdoutLine: {'line': b'\x1b[35m\x1b[1mConsolidate compiler generated dependencies of target moveit_trac_ik_kinematics_plugin\x1b[0m\n'}
[24.613753] (-) TimerEvent: {}
[24.646528] (trac_ik_kinematics) StdoutLine: {'line': b'[ 50%] \x1b[32mBuilding CXX object trac_ik_kinematics_plugin/CMakeFiles/moveit_trac_ik_kinematics_plugin.dir/src/trac_ik_kinematics_plugin.cpp.o\x1b[0m\n'}
[24.713879] (-) TimerEvent: {}
[24.814301] (-) TimerEvent: {}
[24.914732] (-) TimerEvent: {}
[25.015247] (-) TimerEvent: {}
[25.115882] (-) TimerEvent: {}
[25.216989] (-) TimerEvent: {}
[25.318141] (-) TimerEvent: {}
[25.418878] (-) TimerEvent: {}
[25.519453] (-) TimerEvent: {}
[25.619975] (-) TimerEvent: {}
[25.720557] (-) TimerEvent: {}
[25.821128] (-) TimerEvent: {}
[25.921797] (-) TimerEvent: {}
[26.022364] (-) TimerEvent: {}
[26.122781] (-) TimerEvent: {}
[26.223182] (-) TimerEvent: {}
[26.323591] (-) TimerEvent: {}
[26.424020] (-) TimerEvent: {}
[26.524590] (-) TimerEvent: {}
[26.625002] (-) TimerEvent: {}
[26.725415] (-) TimerEvent: {}
[26.825821] (-) TimerEvent: {}
[26.926295] (-) TimerEvent: {}
[27.026705] (-) TimerEvent: {}
[27.127157] (-) TimerEvent: {}
[27.227581] (-) TimerEvent: {}
[27.328308] (-) TimerEvent: {}
[27.428748] (-) TimerEvent: {}
[27.529172] (-) TimerEvent: {}
[27.629660] (-) TimerEvent: {}
[27.730038] (-) TimerEvent: {}
[27.830438] (-) TimerEvent: {}
[27.930835] (-) TimerEvent: {}
[28.031245] (-) TimerEvent: {}
[28.131626] (-) TimerEvent: {}
[28.232083] (-) TimerEvent: {}
[28.332511] (-) TimerEvent: {}
[28.432852] (-) TimerEvent: {}
[28.533264] (-) TimerEvent: {}
[28.633648] (-) TimerEvent: {}
[28.734127] (-) TimerEvent: {}
[28.834765] (-) TimerEvent: {}
[28.912532] (kinect2_bridge) StdoutLine: {'line': b'[100%] \x1b[32m\x1b[1mLinking CXX executable kinect2_bridge_node\x1b[0m\n'}
[28.934848] (-) TimerEvent: {}
[29.035360] (-) TimerEvent: {}
[29.135978] (-) TimerEvent: {}
[29.236423] (-) TimerEvent: {}
[29.337004] (-) TimerEvent: {}
[29.437729] (-) TimerEvent: {}
[29.538270] (-) TimerEvent: {}
[29.638736] (-) TimerEvent: {}
[29.739171] (-) TimerEvent: {}
[29.786684] (kinect2_bridge) StdoutLine: {'line': b'[100%] Built target kinect2_bridge_node\n'}
[29.805296] (kinect2_bridge) CommandEnded: {'returncode': 0}
[29.806482] (kinect2_bridge) JobProgress: {'identifier': 'kinect2_bridge', 'progress': 'install'}
[29.806834] (kinect2_bridge) Command: {'cmd': ['/usr/bin/cmake', '--install', '/home/duy/cocarry_ws/build/kinect2_bridge'], 'cwd': '/home/duy/cocarry_ws/build/kinect2_bridge', 'env': OrderedDict([('USER', 'duy'), ('SHLVL', '0'), ('LD_LIBRARY_PATH', '/home/duy/cocarry_ws/install/kinect2_registration/lib:/usr/lib/x86_64-linux-gnu/gazebo-11/plugins:/opt/ros/humble/opt/rviz_ogre_vendor/lib:/opt/ros/humble/lib/x86_64-linux-gnu:/opt/ros/humble/lib'), ('HOME', '/home/duy'), ('ROS_PYTHON_VERSION', '3'), ('ROS_DISTRO', 'humble'), ('_', '/usr/bin/colcon'), ('ROS_VERSION', '2'), ('TERM', 'dumb'), ('ROS_LOCALHOST_ONLY', '0'), ('PATH', '/home/duy/.local/bin:/home/duy/.nvm/versions/node/v20.20.2/bin:/opt/ros/humble/bin:/home/duy/.local/bin:/usr/local/sbin:/usr/local/bin:/usr/sbin:/usr/bin:/sbin:/bin:/usr/games:/usr/local/games:/snap/bin:/snap/bin:/home/duy/libfreenect2/build/bin'), ('LANG', 'en_US.UTF-8'), ('TMP', '/tmp'), ('AMENT_PREFIX_PATH', '/home/duy/cocarry_ws/install/kinect2_registration:/opt/ros/humble'), ('SHELL', '/bin/bash'), ('PWD', '/home/duy/cocarry_ws/build/kinect2_bridge'), ('PYTHONPATH', '/opt/ros/humble/lib/python3.10/site-packages:/opt/ros/humble/local/lib/python3.10/dist-packages'), ('COLCON', '1'), ('CMAKE_PREFIX_PATH', '/home/duy/cocarry_ws/install/kinect2_registration:/opt/ros/humble')]), 'shell': False}
[29.823950] (kinect2_bridge) StdoutLine: {'line': b'-- Install configuration: ""\n'}
[29.825005] (kinect2_bridge) StdoutLine: {'line': b'-- Execute custom install script\n'}
[29.825828] (kinect2_bridge) StdoutLine: {'line': b'-- Up-to-date symlink: /home/duy/cocarry_ws/install/kinect2_bridge/lib/kinect2_bridge/kinect2_bridge_node\n'}
[29.826563] (kinect2_bridge) StdoutLine: {'line': b'-- Up-to-date symlink: /home/duy/cocarry_ws/install/kinect2_bridge/share/kinect2_bridge//launch/kinect2_bridge_launch.yaml\n'}
[29.826927] (kinect2_bridge) StdoutLine: {'line': b'-- Up-to-date symlink: /home/duy/cocarry_ws/install/kinect2_bridge/share/kinect2_bridge//launch/rtabmap.launch.py\n'}
[29.827477] (kinect2_bridge) StdoutLine: {'line': b'-- Up-to-date symlink: /home/duy/cocarry_ws/install/kinect2_bridge/include/kinect2_bridge/kinect2_definitions.h\n'}
[29.827873] (kinect2_bridge) StdoutLine: {'line': b'-- Up-to-date symlink: /home/duy/cocarry_ws/install/kinect2_bridge/share/ament_index/resource_index/package_run_dependencies/kinect2_bridge\n'}
[29.828181] (kinect2_bridge) StdoutLine: {'line': b'-- Up-to-date symlink: /home/duy/cocarry_ws/install/kinect2_bridge/share/ament_index/resource_index/parent_prefix_path/kinect2_bridge\n'}
[29.828480] (kinect2_bridge) StdoutLine: {'line': b'-- Up-to-date symlink: /home/duy/cocarry_ws/install/kinect2_bridge/share/kinect2_bridge/environment/ament_prefix_path.sh\n'}
[29.828752] (kinect2_bridge) StdoutLine: {'line': b'-- Up-to-date symlink: /home/duy/cocarry_ws/install/kinect2_bridge/share/kinect2_bridge/environment/ament_prefix_path.dsv\n'}
[29.829036] (kinect2_bridge) StdoutLine: {'line': b'-- Up-to-date symlink: /home/duy/cocarry_ws/install/kinect2_bridge/share/kinect2_bridge/environment/path.sh\n'}
[29.829304] (kinect2_bridge) StdoutLine: {'line': b'-- Up-to-date symlink: /home/duy/cocarry_ws/install/kinect2_bridge/share/kinect2_bridge/environment/path.dsv\n'}
[29.829724] (kinect2_bridge) StdoutLine: {'line': b'-- Up-to-date symlink: /home/duy/cocarry_ws/install/kinect2_bridge/share/kinect2_bridge/local_setup.bash\n'}
[29.829968] (kinect2_bridge) StdoutLine: {'line': b'-- Up-to-date symlink: /home/duy/cocarry_ws/install/kinect2_bridge/share/kinect2_bridge/local_setup.sh\n'}
[29.830270] (kinect2_bridge) StdoutLine: {'line': b'-- Up-to-date symlink: /home/duy/cocarry_ws/install/kinect2_bridge/share/kinect2_bridge/local_setup.zsh\n'}
[29.830496] (kinect2_bridge) StdoutLine: {'line': b'-- Up-to-date symlink: /home/duy/cocarry_ws/install/kinect2_bridge/share/kinect2_bridge/local_setup.dsv\n'}
[29.830701] (kinect2_bridge) StdoutLine: {'line': b'-- Symlinking: /home/duy/cocarry_ws/install/kinect2_bridge/share/kinect2_bridge/package.dsv\n'}
[29.839300] (-) TimerEvent: {}
[29.850681] (kinect2_bridge) StdoutLine: {'line': b'-- Up-to-date symlink: /home/duy/cocarry_ws/install/kinect2_bridge/share/ament_index/resource_index/packages/kinect2_bridge\n'}
[29.851512] (kinect2_bridge) StdoutLine: {'line': b'-- Up-to-date symlink: /home/duy/cocarry_ws/install/kinect2_bridge/share/kinect2_bridge/cmake/ament_cmake_export_include_directories-extras.cmake\n'}
[29.851675] (kinect2_bridge) StdoutLine: {'line': b'-- Up-to-date symlink: /home/duy/cocarry_ws/install/kinect2_bridge/share/kinect2_bridge/cmake/kinect2_bridgeConfig.cmake\n'}
[29.851859] (kinect2_bridge) StdoutLine: {'line': b'-- Up-to-date symlink: /home/duy/cocarry_ws/install/kinect2_bridge/share/kinect2_bridge/cmake/kinect2_bridgeConfig-version.cmake\n'}
[29.852008] (kinect2_bridge) StdoutLine: {'line': b'-- Up-to-date symlink: /home/duy/cocarry_ws/install/kinect2_bridge/share/kinect2_bridge/package.xml\n'}
[29.855815] (kinect2_bridge) CommandEnded: {'returncode': 0}
[29.885439] (kinect2_bridge) JobEnded: {'identifier': 'kinect2_bridge', 'rc': 0}
[29.888644] (kinect2_calibration) JobStarted: {'identifier': 'kinect2_calibration'}
[29.902915] (kinect2_calibration) JobProgress: {'identifier': 'kinect2_calibration', 'progress': 'cmake'}
[29.905364] (kinect2_calibration) Command: {'cmd': ['/usr/bin/cmake', '/home/duy/cocarry_ws/src/kinect2_ros2/kinect2_calibration', '-DAMENT_CMAKE_SYMLINK_INSTALL=1', '-DCMAKE_INSTALL_PREFIX=/home/duy/cocarry_ws/install/kinect2_calibration'], 'cwd': '/home/duy/cocarry_ws/build/kinect2_calibration', 'env': OrderedDict([('USER', 'duy'), ('SHLVL', '0'), ('LD_LIBRARY_PATH', '/home/duy/cocarry_ws/install/kinect2_registration/lib:/usr/lib/x86_64-linux-gnu/gazebo-11/plugins:/opt/ros/humble/opt/rviz_ogre_vendor/lib:/opt/ros/humble/lib/x86_64-linux-gnu:/opt/ros/humble/lib'), ('HOME', '/home/duy'), ('ROS_PYTHON_VERSION', '3'), ('ROS_DISTRO', 'humble'), ('_', '/usr/bin/colcon'), ('ROS_VERSION', '2'), ('TERM', 'dumb'), ('ROS_LOCALHOST_ONLY', '0'), ('PATH', '/home/duy/.local/bin:/home/duy/.nvm/versions/node/v20.20.2/bin:/opt/ros/humble/bin:/home/duy/.local/bin:/usr/local/sbin:/usr/local/bin:/usr/sbin:/usr/bin:/sbin:/bin:/usr/games:/usr/local/games:/snap/bin:/snap/bin:/home/duy/libfreenect2/build/bin'), ('LANG', 'en_US.UTF-8'), ('TMP', '/tmp'), ('AMENT_PREFIX_PATH', '/home/duy/cocarry_ws/install/kinect2_bridge:/home/duy/cocarry_ws/install/kinect2_registration:/opt/ros/humble'), ('SHELL', '/bin/bash'), ('PWD', '/home/duy/cocarry_ws/build/kinect2_calibration'), ('PYTHONPATH', '/opt/ros/humble/lib/python3.10/site-packages:/opt/ros/humble/local/lib/python3.10/dist-packages'), ('COLCON', '1'), ('CMAKE_PREFIX_PATH', '/home/duy/cocarry_ws/install/kinect2_bridge:/home/duy/cocarry_ws/install/kinect2_registration:/opt/ros/humble')]), 'shell': False}
[29.923112] (kinect2_calibration) StdoutLine: {'line': b'-- Found ament_cmake: 1.3.14 (/opt/ros/humble/share/ament_cmake/cmake)\n'}
[29.939390] (-) TimerEvent: {}
[30.039768] (-) TimerEvent: {}
[30.116676] (kinect2_calibration) StdoutLine: {'line': b'-- Override CMake install command with custom implementation using symlinks instead of copying resources\n'}
[30.123492] (trac_ik_kinematics) StderrLine: {'line': b'In file included from /opt/ros/humble/include/rclcpp/rclcpp/logging.hpp:24,\n'}
[30.123835] (trac_ik_kinematics) StderrLine: {'line': b'                 from /opt/ros/humble/include/rclcpp/rclcpp/client.hpp:40,\n'}
[30.123970] (trac_ik_kinematics) StderrLine: {'line': b'                 from /opt/ros/humble/include/rclcpp/rclcpp/callback_group.hpp:24,\n'}
[30.124104] (trac_ik_kinematics) StderrLine: {'line': b'                 from /opt/ros/humble/include/rclcpp/rclcpp/any_executable.hpp:20,\n'}
[30.124225] (trac_ik_kinematics) StderrLine: {'line': b'                 from /opt/ros/humble/include/rclcpp/rclcpp/memory_strategy.hpp:25,\n'}
[30.124340] (trac_ik_kinematics) StderrLine: {'line': b'                 from /opt/ros/humble/include/rclcpp/rclcpp/memory_strategies.hpp:18,\n'}
[30.124468] (trac_ik_kinematics) StderrLine: {'line': b'                 from /opt/ros/humble/include/rclcpp/rclcpp/executor_options.hpp:20,\n'}
[30.124579] (trac_ik_kinematics) StderrLine: {'line': b'                 from /opt/ros/humble/include/rclcpp/rclcpp/executor.hpp:37,\n'}
[30.124691] (trac_ik_kinematics) StderrLine: {'line': b'                 from /opt/ros/humble/include/rclcpp/rclcpp/executors/multi_threaded_executor.hpp:25,\n'}
[30.124802] (trac_ik_kinematics) StderrLine: {'line': b'                 from /opt/ros/humble/include/rclcpp/rclcpp/executors.hpp:21,\n'}
[30.124912] (trac_ik_kinematics) StderrLine: {'line': b'                 from /opt/ros/humble/include/rclcpp/rclcpp/rclcpp.hpp:155,\n'}
[30.125021] (trac_ik_kinematics) StderrLine: {'line': b'                 from /home/duy/cocarry_ws/src/trac_ik/trac_ik_kinematics/trac_ik_kinematics_plugin/src/trac_ik_kinematics_plugin.cpp:32:\n'}
[30.125159] (trac_ik_kinematics) StderrLine: {'line': b'/home/duy/cocarry_ws/src/trac_ik/trac_ik_kinematics/trac_ik_kinematics_plugin/src/trac_ik_kinematics_plugin.cpp: In member function \xe2\x80\x98bool trac_ik_kinematics_plugin::TRAC_IKKinematicsPlugin::searchPositionIK(const Pose&, const std::vector<double, std::allocator<double> >&, double, std::vector<double, std::allocator<double> >&, const IKCallbackFn&, moveit_msgs::msg::MoveItErrorCodes&, const std::vector<double, std::allocator<double> >&, const kinematics::KinematicsQueryOptions&) const\xe2\x80\x99:\n'}
[30.125291] (trac_ik_kinematics) StderrLine: {'line': b'/home/duy/cocarry_ws/src/trac_ik/trac_ik_kinematics/trac_ik_kinematics_plugin/src/trac_ik_kinematics_plugin.cpp:397:32: warning: format \xe2\x80\x98%i\xe2\x80\x99 expects argument of type \xe2\x80\x98int\xe2\x80\x99, but argument 5 has type \xe2\x80\x98moveit_msgs::msg::MoveItErrorCodes\xe2\x80\x99 {aka \xe2\x80\x98moveit_msgs::msg::MoveItErrorCodes_<std::allocator<void> >\xe2\x80\x99} [-Wformat=]\n'}
[30.125409] (trac_ik_kinematics) StderrLine: {'line': b'  397 |           RCLCPP_DEBUG(LOGGER, "Solution has error code %i", error_code);\n'}
[30.125523] (trac_ik_kinematics) StderrLine: {'line': b'      |                                ^~~~~~~~~~~~~~~~~~~~~~~~~~~~  ~~~~~~~~~~\n'}
[30.125634] (trac_ik_kinematics) StderrLine: {'line': b'      |                                                              |\n'}
[30.125748] (trac_ik_kinematics) StderrLine: {'line': b'      |                                                              moveit_msgs::msg::MoveItErrorCodes {aka moveit_msgs::msg::MoveItErrorCodes_<std::allocator<void> >}\n'}
[30.125862] (trac_ik_kinematics) StderrLine: {'line': b'/home/duy/cocarry_ws/src/trac_ik/trac_ik_kinematics/trac_ik_kinematics_plugin/src/trac_ik_kinematics_plugin.cpp:397:58: note: format string is defined here\n'}
[30.125976] (trac_ik_kinematics) StderrLine: {'line': b'  397 |           RCLCPP_DEBUG(LOGGER, "Solution has error code %i", error_code);\n'}
[30.126097] (trac_ik_kinematics) StderrLine: {'line': b'      |                                                         ~^\n'}
[30.126217] (trac_ik_kinematics) StderrLine: {'line': b'      |                                                          |\n'}
[30.126329] (trac_ik_kinematics) StderrLine: {'line': b'      |                                                          int\n'}
[30.126459] (trac_ik_kinematics) StderrLine: {'line': b'/home/duy/cocarry_ws/src/trac_ik/trac_ik_kinematics/trac_ik_kinematics_plugin/src/trac_ik_kinematics_plugin.cpp:320:77: warning: unused parameter \xe2\x80\x98consistency_limits\xe2\x80\x99 [-Wunused-parameter]\n'}
[30.126575] (trac_ik_kinematics) StderrLine: {'line': b'  320 |                                  const std::vector<double> &consistency_limits,\n'}
[30.126687] (trac_ik_kinematics) StderrLine: {'line': b'      |                                  ~~~~~~~~~~~~~~~~~~~~~~~~~~~^~~~~~~~~~~~~~~~~~\n'}
[30.126799] (trac_ik_kinematics) StderrLine: {'line': b'\n'}
[30.126909] (trac_ik_kinematics) StderrLine: {'line': b'/home/duy/cocarry_ws/src/trac_ik/trac_ik_kinematics/trac_ik_kinematics_plugin/src/trac_ik_kinematics_plugin.cpp:321:92: warning: unused parameter \xe2\x80\x98options\xe2\x80\x99 [-Wunused-parameter]\n'}
[30.127038] (trac_ik_kinematics) StderrLine: {'line': b'  321 |                   const kinematics::KinematicsQueryOptions &options) const\n'}
[30.127176] (trac_ik_kinematics) StderrLine: {'line': b'      |                   ~~~~~~~~~~~~~~~~~~~~~~~~~~~~~~~~~~~~~~~~~~^~~~~~~\n'}
[30.127401] (trac_ik_kinematics) StderrLine: {'line': b'\n'}
[30.127570] (kinect2_calibration) StdoutLine: {'line': b'-- Found rclcpp: 16.0.19 (/opt/ros/humble/share/rclcpp/cmake)\n'}
[30.139895] (-) TimerEvent: {}
[30.167807] (kinect2_calibration) StdoutLine: {'line': b'-- Found rosidl_generator_c: 3.1.8 (/opt/ros/humble/share/rosidl_generator_c/cmake)\n'}
[30.171089] (kinect2_calibration) StdoutLine: {'line': b'-- Found rosidl_adapter: 3.1.8 (/opt/ros/humble/share/rosidl_adapter/cmake)\n'}
[30.178624] (kinect2_calibration) StdoutLine: {'line': b'-- Found rosidl_generator_cpp: 3.1.8 (/opt/ros/humble/share/rosidl_generator_cpp/cmake)\n'}
[30.191326] (kinect2_calibration) StdoutLine: {'line': b'-- Using all available rosidl_typesupport_c: rosidl_typesupport_fastrtps_c;rosidl_typesupport_introspection_c\n'}
[30.206970] (kinect2_calibration) StdoutLine: {'line': b'-- Using all available rosidl_typesupport_cpp: rosidl_typesupport_fastrtps_cpp;rosidl_typesupport_introspection_cpp\n'}
[30.240040] (-) TimerEvent: {}
[30.247023] (kinect2_calibration) StdoutLine: {'line': b'-- Found rmw_implementation_cmake: 6.1.2 (/opt/ros/humble/share/rmw_implementation_cmake/cmake)\n'}
[30.248805] (kinect2_calibration) StdoutLine: {'line': b'-- Found rmw_fastrtps_cpp: 6.2.10 (/opt/ros/humble/share/rmw_fastrtps_cpp/cmake)\n'}
[30.340158] (-) TimerEvent: {}
[30.389490] (kinect2_calibration) StdoutLine: {'line': b"-- Using RMW implementation 'rmw_fastrtps_cpp' as default\n"}
[30.440330] (-) TimerEvent: {}
[30.461131] (kinect2_calibration) StdoutLine: {'line': b'-- Found cv_bridge: 3.2.1 (/opt/ros/humble/share/cv_bridge/cmake)\n'}
[30.500497] (kinect2_calibration) StdoutLine: {'line': b'-- Found message_filters: 4.3.15 (/opt/ros/humble/share/message_filters/cmake)\n'}
[30.506868] (kinect2_calibration) StdoutLine: {'line': b'-- Found image_transport: 3.1.12 (/opt/ros/humble/share/image_transport/cmake)\n'}
[30.531232] (kinect2_calibration) StdoutLine: {'line': b'-- Found compressed_image_transport: 2.5.4 (/opt/ros/humble/share/compressed_image_transport/cmake)\n'}
[30.532119] (kinect2_calibration) StdoutLine: {'line': b'-- Found compressed_depth_image_transport: 2.5.4 (/opt/ros/humble/share/compressed_depth_image_transport/cmake)\n'}
[30.532681] (kinect2_calibration) StdoutLine: {'line': b'-- Found kinect2_bridge: 0.0.0 (/home/duy/cocarry_ws/install/kinect2_bridge/share/kinect2_bridge/cmake)\n'}
[30.534171] (kinect2_calibration) StdoutLine: {'line': b'-- Found kinect2_registration: 0.0.0 (/home/duy/cocarry_ws/install/kinect2_registration/share/kinect2_registration/cmake)\n'}
[30.540472] (-) TimerEvent: {}
[30.542324] (kinect2_calibration) StdoutLine: {'line': b'-- Found ament_lint_auto: 0.12.15 (/opt/ros/humble/share/ament_lint_auto/cmake)\n'}
[30.635396] (kinect2_calibration) StdoutLine: {'line': b"-- Added test 'cppcheck' to perform static code analysis on C / C++ code\n"}
[30.636004] (kinect2_calibration) StdoutLine: {'line': b'-- Configured cppcheck include dirs: /home/duy/cocarry_ws/src/kinect2_ros2/kinect2_calibration/include\n'}
[30.636252] (kinect2_calibration) StdoutLine: {'line': b'-- Configured cppcheck exclude dirs and/or files: \n'}
[30.636633] (kinect2_calibration) StdoutLine: {'line': b"-- Added test 'flake8' to check Python code syntax and style conventions\n"}
[30.636885] (kinect2_calibration) StdoutLine: {'line': b"-- Added test 'lint_cmake' to check CMake code style\n"}
[30.637394] (kinect2_calibration) StdoutLine: {'line': b"-- Added test 'pep257' to check Python code against some of the docstring style conventions in PEP 257\n"}
[30.638482] (kinect2_calibration) StdoutLine: {'line': b"-- Added test 'uncrustify' to check C / C++ code style\n"}
[30.638666] (kinect2_calibration) StdoutLine: {'line': b'-- Configured uncrustify additional arguments: \n'}
[30.638854] (kinect2_calibration) StdoutLine: {'line': b"-- Added test 'xmllint' to check XML markup files\n"}
[30.640560] (-) TimerEvent: {}
[30.640834] (kinect2_calibration) StdoutLine: {'line': b'-- Configuring done\n'}
[30.658678] (kinect2_calibration) StdoutLine: {'line': b'-- Generating done\n'}
[30.666049] (kinect2_calibration) StdoutLine: {'line': b'-- Build files have been written to: /home/duy/cocarry_ws/build/kinect2_calibration\n'}
[30.678501] (kinect2_calibration) CommandEnded: {'returncode': 0}
[30.679348] (kinect2_calibration) JobProgress: {'identifier': 'kinect2_calibration', 'progress': 'build'}
[30.679854] (kinect2_calibration) Command: {'cmd': ['/usr/bin/cmake', '--build', '/home/duy/cocarry_ws/build/kinect2_calibration', '--', '-j16', '-l16'], 'cwd': '/home/duy/cocarry_ws/build/kinect2_calibration', 'env': OrderedDict([('USER', 'duy'), ('SHLVL', '0'), ('LD_LIBRARY_PATH', '/home/duy/cocarry_ws/install/kinect2_registration/lib:/usr/lib/x86_64-linux-gnu/gazebo-11/plugins:/opt/ros/humble/opt/rviz_ogre_vendor/lib:/opt/ros/humble/lib/x86_64-linux-gnu:/opt/ros/humble/lib'), ('HOME', '/home/duy'), ('ROS_PYTHON_VERSION', '3'), ('ROS_DISTRO', 'humble'), ('_', '/usr/bin/colcon'), ('ROS_VERSION', '2'), ('TERM', 'dumb'), ('ROS_LOCALHOST_ONLY', '0'), ('PATH', '/home/duy/.local/bin:/home/duy/.nvm/versions/node/v20.20.2/bin:/opt/ros/humble/bin:/home/duy/.local/bin:/usr/local/sbin:/usr/local/bin:/usr/sbin:/usr/bin:/sbin:/bin:/usr/games:/usr/local/games:/snap/bin:/snap/bin:/home/duy/libfreenect2/build/bin'), ('LANG', 'en_US.UTF-8'), ('TMP', '/tmp'), ('AMENT_PREFIX_PATH', '/home/duy/cocarry_ws/install/kinect2_bridge:/home/duy/cocarry_ws/install/kinect2_registration:/opt/ros/humble'), ('SHELL', '/bin/bash'), ('PWD', '/home/duy/cocarry_ws/build/kinect2_calibration'), ('PYTHONPATH', '/opt/ros/humble/lib/python3.10/site-packages:/opt/ros/humble/local/lib/python3.10/dist-packages'), ('COLCON', '1'), ('CMAKE_PREFIX_PATH', '/home/duy/cocarry_ws/install/kinect2_bridge:/home/duy/cocarry_ws/install/kinect2_registration:/opt/ros/humble')]), 'shell': False}
[30.740696] (-) TimerEvent: {}
[30.743880] (kinect2_calibration) StdoutLine: {'line': b'\x1b[35m\x1b[1mConsolidate compiler generated dependencies of target kinect2_calibration_node\x1b[0m\n'}
[30.773191] (kinect2_calibration) StdoutLine: {'line': b'[ 50%] \x1b[32mBuilding CXX object CMakeFiles/kinect2_calibration_node.dir/src/kinect2_calibration.cpp.o\x1b[0m\n'}
[30.840842] (-) TimerEvent: {}
[30.941197] (-) TimerEvent: {}
[31.041597] (-) TimerEvent: {}
[31.132191] (kinect2_calibration) StderrLine: {'line': b'/home/duy/cocarry_ws/src/kinect2_ros2/kinect2_calibration/src/kinect2_calibration.cpp:195: warning: ignoring \xe2\x80\x98#pragma omp parallel\xe2\x80\x99 [-Wunknown-pragmas]\n'}
[31.132473] (kinect2_calibration) StderrLine: {'line': b'  195 | #pragma omp parallel for\n'}
[31.132593] (kinect2_calibration) StderrLine: {'line': b'      | \n'}
[31.132913] (kinect2_calibration) StderrLine: {'line': b'/home/duy/cocarry_ws/src/kinect2_ros2/kinect2_calibration/src/kinect2_calibration.cpp:658: warning: ignoring \xe2\x80\x98#pragma omp parallel\xe2\x80\x99 [-Wunknown-pragmas]\n'}
[31.133048] (kinect2_calibration) StderrLine: {'line': b'  658 | #pragma omp parallel for\n'}
[31.133187] (kinect2_calibration) StderrLine: {'line': b'      | \n'}
[31.133496] (kinect2_calibration) StderrLine: {'line': b'/home/duy/cocarry_ws/src/kinect2_ros2/kinect2_calibration/src/kinect2_calibration.cpp:663: warning: ignoring \xe2\x80\x98#pragma omp critical\xe2\x80\x99 [-Wunknown-pragmas]\n'}
[31.133618] (kinect2_calibration) StderrLine: {'line': b'  663 | #pragma omp critical\n'}
[31.133727] (kinect2_calibration) StderrLine: {'line': b'      | \n'}
[31.133832] (kinect2_calibration) StderrLine: {'line': b'/home/duy/cocarry_ws/src/kinect2_ros2/kinect2_calibration/src/kinect2_calibration.cpp:669: warning: ignoring \xe2\x80\x98#pragma omp critical\xe2\x80\x99 [-Wunknown-pragmas]\n'}
[31.133957] (kinect2_calibration) StderrLine: {'line': b'  669 | #pragma omp critical\n'}
[31.134076] (kinect2_calibration) StderrLine: {'line': b'      | \n'}
[31.134873] (kinect2_calibration) StderrLine: {'line': b'/home/duy/cocarry_ws/src/kinect2_ros2/kinect2_calibration/src/kinect2_calibration.cpp:1162: warning: ignoring \xe2\x80\x98#pragma omp parallel\xe2\x80\x99 [-Wunknown-pragmas]\n'}
[31.135100] (kinect2_calibration) StderrLine: {'line': b' 1162 | #pragma omp parallel for\n'}
[31.135261] (kinect2_calibration) StderrLine: {'line': b'      | \n'}
[31.135388] (kinect2_calibration) StderrLine: {'line': b'/home/duy/cocarry_ws/src/kinect2_ros2/kinect2_calibration/src/kinect2_calibration.cpp:1167: warning: ignoring \xe2\x80\x98#pragma omp critical\xe2\x80\x99 [-Wunknown-pragmas]\n'}
[31.135501] (kinect2_calibration) StderrLine: {'line': b' 1167 | #pragma omp critical\n'}
[31.135609] (kinect2_calibration) StderrLine: {'line': b'      | \n'}
[31.135714] (kinect2_calibration) StderrLine: {'line': b'/home/duy/cocarry_ws/src/kinect2_ros2/kinect2_calibration/src/kinect2_calibration.cpp:1173: warning: ignoring \xe2\x80\x98#pragma omp critical\xe2\x80\x99 [-Wunknown-pragmas]\n'}
[31.135820] (kinect2_calibration) StderrLine: {'line': b' 1173 | #pragma omp critical\n'}
[31.135923] (kinect2_calibration) StderrLine: {'line': b'      | \n'}
[31.141729] (-) TimerEvent: {}
[31.242169] (-) TimerEvent: {}
[31.342641] (-) TimerEvent: {}
[31.443136] (-) TimerEvent: {}
[31.543587] (-) TimerEvent: {}
[31.644224] (-) TimerEvent: {}
[31.744638] (-) TimerEvent: {}
[31.845044] (-) TimerEvent: {}
[31.945457] (-) TimerEvent: {}
[32.045947] (-) TimerEvent: {}
[32.146683] (-) TimerEvent: {}
[32.247087] (-) TimerEvent: {}
[32.347508] (-) TimerEvent: {}
[32.447878] (-) TimerEvent: {}
[32.548255] (-) TimerEvent: {}
[32.648695] (-) TimerEvent: {}
[32.749162] (-) TimerEvent: {}
[32.849795] (-) TimerEvent: {}
[32.950250] (-) TimerEvent: {}
[33.050900] (-) TimerEvent: {}
[33.151394] (-) TimerEvent: {}
[33.251789] (-) TimerEvent: {}
[33.352274] (-) TimerEvent: {}
[33.452664] (-) TimerEvent: {}
[33.553152] (-) TimerEvent: {}
[33.653654] (-) TimerEvent: {}
[33.717602] (trac_ik_kinematics) StdoutLine: {'line': b'[100%] \x1b[32m\x1b[1mLinking CXX shared library libmoveit_trac_ik_kinematics_plugin.so\x1b[0m\n'}
[33.753829] (-) TimerEvent: {}
[33.854407] (-) TimerEvent: {}
[33.954959] (-) TimerEvent: {}
[34.055475] (-) TimerEvent: {}
[34.097432] (trac_ik_kinematics) StdoutLine: {'line': b'[100%] Built target moveit_trac_ik_kinematics_plugin\n'}
[34.115062] (trac_ik_kinematics) CommandEnded: {'returncode': 0}
[34.116382] (trac_ik_kinematics) JobProgress: {'identifier': 'trac_ik_kinematics', 'progress': 'install'}
[34.117029] (trac_ik_kinematics) Command: {'cmd': ['/usr/bin/cmake', '--install', '/home/duy/cocarry_ws/build/trac_ik_kinematics'], 'cwd': '/home/duy/cocarry_ws/build/trac_ik_kinematics', 'env': OrderedDict([('USER', 'duy'), ('SHLVL', '0'), ('LD_LIBRARY_PATH', '/home/duy/cocarry_ws/install/trac_ik_lib/lib:/usr/lib/x86_64-linux-gnu/gazebo-11/plugins:/opt/ros/humble/opt/rviz_ogre_vendor/lib:/opt/ros/humble/lib/x86_64-linux-gnu:/opt/ros/humble/lib'), ('HOME', '/home/duy'), ('ROS_PYTHON_VERSION', '3'), ('ROS_DISTRO', 'humble'), ('_', '/usr/bin/colcon'), ('ROS_VERSION', '2'), ('TERM', 'dumb'), ('ROS_LOCALHOST_ONLY', '0'), ('PATH', '/home/duy/.local/bin:/home/duy/.nvm/versions/node/v20.20.2/bin:/opt/ros/humble/bin:/home/duy/.local/bin:/usr/local/sbin:/usr/local/bin:/usr/sbin:/usr/bin:/sbin:/bin:/usr/games:/usr/local/games:/snap/bin:/snap/bin:/home/duy/libfreenect2/build/bin'), ('LANG', 'en_US.UTF-8'), ('TMP', '/tmp'), ('AMENT_PREFIX_PATH', '/home/duy/cocarry_ws/install/trac_ik_lib:/opt/ros/humble'), ('SHELL', '/bin/bash'), ('PWD', '/home/duy/cocarry_ws/build/trac_ik_kinematics'), ('PYTHONPATH', '/opt/ros/humble/lib/python3.10/site-packages:/opt/ros/humble/local/lib/python3.10/dist-packages'), ('COLCON', '1'), ('CMAKE_PREFIX_PATH', '/home/duy/cocarry_ws/install/trac_ik_lib:/opt/ros/humble')]), 'shell': False}
[34.129996] (trac_ik_kinematics) StdoutLine: {'line': b'-- Install configuration: "Release"\n'}
[34.130758] (trac_ik_kinematics) StdoutLine: {'line': b'-- Execute custom install script\n'}
[34.131464] (trac_ik_kinematics) StdoutLine: {'line': b'-- Up-to-date symlink: /home/duy/cocarry_ws/install/trac_ik_kinematics/share/trac_ik_kinematics//trac_ik_kinematics_plugin_description.xml\n'}
[34.132344] (trac_ik_kinematics) StdoutLine: {'line': b'-- Up-to-date symlink: /home/duy/cocarry_ws/install/trac_ik_kinematics/include/trac_ik_kinematics_plugin/trac_ik_kinematics_plugin.h\n'}
[34.132773] (trac_ik_kinematics) StdoutLine: {'line': b'-- Up-to-date symlink: /home/duy/cocarry_ws/install/trac_ik_kinematics/share/trac_ik_kinematics/environment/library_path.sh\n'}
[34.133292] (trac_ik_kinematics) StdoutLine: {'line': b'-- Up-to-date symlink: /home/duy/cocarry_ws/install/trac_ik_kinematics/share/trac_ik_kinematics/environment/library_path.dsv\n'}
[34.133772] (trac_ik_kinematics) StdoutLine: {'line': b'-- Up-to-date symlink: /home/duy/cocarry_ws/install/trac_ik_kinematics/share/ament_index/resource_index/package_run_dependencies/trac_ik_kinematics\n'}
[34.134320] (trac_ik_kinematics) StdoutLine: {'line': b'-- Up-to-date symlink: /home/duy/cocarry_ws/install/trac_ik_kinematics/share/ament_index/resource_index/parent_prefix_path/trac_ik_kinematics\n'}
[34.134694] (trac_ik_kinematics) StdoutLine: {'line': b'-- Up-to-date symlink: /home/duy/cocarry_ws/install/trac_ik_kinematics/share/trac_ik_kinematics/environment/ament_prefix_path.sh\n'}
[34.135040] (trac_ik_kinematics) StdoutLine: {'line': b'-- Up-to-date symlink: /home/duy/cocarry_ws/install/trac_ik_kinematics/share/trac_ik_kinematics/environment/ament_prefix_path.dsv\n'}
[34.135730] (trac_ik_kinematics) StdoutLine: {'line': b'-- Up-to-date symlink: /home/duy/cocarry_ws/install/trac_ik_kinematics/share/trac_ik_kinematics/environment/path.sh\n'}
[34.136048] (trac_ik_kinematics) StdoutLine: {'line': b'-- Up-to-date symlink: /home/duy/cocarry_ws/install/trac_ik_kinematics/share/trac_ik_kinematics/environment/path.dsv\n'}
[34.136568] (trac_ik_kinematics) StdoutLine: {'line': b'-- Up-to-date symlink: /home/duy/cocarry_ws/install/trac_ik_kinematics/share/trac_ik_kinematics/local_setup.bash\n'}
[34.136857] (trac_ik_kinematics) StdoutLine: {'line': b'-- Up-to-date symlink: /home/duy/cocarry_ws/install/trac_ik_kinematics/share/trac_ik_kinematics/local_setup.sh\n'}
[34.137130] (trac_ik_kinematics) StdoutLine: {'line': b'-- Up-to-date symlink: /home/duy/cocarry_ws/install/trac_ik_kinematics/share/trac_ik_kinematics/local_setup.zsh\n'}
[34.137422] (trac_ik_kinematics) StdoutLine: {'line': b'-- Up-to-date symlink: /home/duy/cocarry_ws/install/trac_ik_kinematics/share/trac_ik_kinematics/local_setup.dsv\n'}
[34.137660] (trac_ik_kinematics) StdoutLine: {'line': b'-- Symlinking: /home/duy/cocarry_ws/install/trac_ik_kinematics/share/trac_ik_kinematics/package.dsv\n'}
[34.146737] (trac_ik_kinematics) StdoutLine: {'line': b'-- Up-to-date symlink: /home/duy/cocarry_ws/install/trac_ik_kinematics/share/ament_index/resource_index/packages/trac_ik_kinematics\n'}
[34.147062] (trac_ik_kinematics) StdoutLine: {'line': b'-- Up-to-date symlink: /home/duy/cocarry_ws/install/trac_ik_kinematics/share/ament_index/resource_index/moveit_core__pluginlib__plugin/trac_ik_kinematics\n'}
[34.147247] (trac_ik_kinematics) StdoutLine: {'line': b'-- Up-to-date symlink: /home/duy/cocarry_ws/install/trac_ik_kinematics/share/trac_ik_kinematics/cmake/ConfigExtras.cmake\n'}
[34.147382] (trac_ik_kinematics) StdoutLine: {'line': b'-- Up-to-date symlink: /home/duy/cocarry_ws/install/trac_ik_kinematics/share/trac_ik_kinematics/cmake/ament_cmake_export_targets-extras.cmake\n'}
[34.147513] (trac_ik_kinematics) StdoutLine: {'line': b'-- Up-to-date symlink: /home/duy/cocarry_ws/install/trac_ik_kinematics/share/trac_ik_kinematics/cmake/ament_cmake_export_dependencies-extras.cmake\n'}
[34.147724] (trac_ik_kinematics) StdoutLine: {'line': b'-- Up-to-date symlink: /home/duy/cocarry_ws/install/trac_ik_kinematics/share/trac_ik_kinematics/cmake/trac_ik_kinematicsConfig.cmake\n'}
[34.147931] (trac_ik_kinematics) StdoutLine: {'line': b'-- Up-to-date symlink: /home/duy/cocarry_ws/install/trac_ik_kinematics/share/trac_ik_kinematics/cmake/trac_ik_kinematicsConfig-version.cmake\n'}
[34.148130] (trac_ik_kinematics) StdoutLine: {'line': b'-- Up-to-date symlink: /home/duy/cocarry_ws/install/trac_ik_kinematics/share/trac_ik_kinematics/package.xml\n'}
[34.148659] (trac_ik_kinematics) StdoutLine: {'line': b'-- Installing: /home/duy/cocarry_ws/install/trac_ik_kinematics/lib/libmoveit_trac_ik_kinematics_plugin.so\n'}
[34.149091] (trac_ik_kinematics) StdoutLine: {'line': b'-- Set runtime path of "/home/duy/cocarry_ws/install/trac_ik_kinematics/lib/libmoveit_trac_ik_kinematics_plugin.so" to ""\n'}
[34.149353] (trac_ik_kinematics) StdoutLine: {'line': b'-- Up-to-date: /home/duy/cocarry_ws/install/trac_ik_kinematics/share/trac_ik_kinematics/cmake/export_trac_ik_kinematicsExport.cmake\n'}
[34.149530] (trac_ik_kinematics) StdoutLine: {'line': b'-- Up-to-date: /home/duy/cocarry_ws/install/trac_ik_kinematics/share/trac_ik_kinematics/cmake/export_trac_ik_kinematicsExport-release.cmake\n'}
[34.152132] (trac_ik_kinematics) CommandEnded: {'returncode': 0}
[34.155674] (-) TimerEvent: {}
[34.175180] (trac_ik_kinematics) JobEnded: {'identifier': 'trac_ik_kinematics', 'rc': 0}
[34.177556] (trac_ik) JobStarted: {'identifier': 'trac_ik'}
[34.190483] (trac_ik) JobProgress: {'identifier': 'trac_ik', 'progress': 'cmake'}
[34.191608] (trac_ik) Command: {'cmd': ['/usr/bin/cmake', '/home/duy/cocarry_ws/src/trac_ik/trac_ik', '-DAMENT_CMAKE_SYMLINK_INSTALL=1', '-DCMAKE_INSTALL_PREFIX=/home/duy/cocarry_ws/install/trac_ik'], 'cwd': '/home/duy/cocarry_ws/build/trac_ik', 'env': OrderedDict([('USER', 'duy'), ('SHLVL', '0'), ('LD_LIBRARY_PATH', '/home/duy/cocarry_ws/install/trac_ik_kinematics/lib:/home/duy/cocarry_ws/install/trac_ik_lib/lib:/usr/lib/x86_64-linux-gnu/gazebo-11/plugins:/opt/ros/humble/opt/rviz_ogre_vendor/lib:/opt/ros/humble/lib/x86_64-linux-gnu:/opt/ros/humble/lib'), ('HOME', '/home/duy'), ('ROS_PYTHON_VERSION', '3'), ('ROS_DISTRO', 'humble'), ('_', '/usr/bin/colcon'), ('ROS_VERSION', '2'), ('TERM', 'dumb'), ('ROS_LOCALHOST_ONLY', '0'), ('PATH', '/home/duy/.local/bin:/home/duy/.nvm/versions/node/v20.20.2/bin:/opt/ros/humble/bin:/home/duy/.local/bin:/usr/local/sbin:/usr/local/bin:/usr/sbin:/usr/bin:/sbin:/bin:/usr/games:/usr/local/games:/snap/bin:/snap/bin:/home/duy/libfreenect2/build/bin'), ('LANG', 'en_US.UTF-8'), ('TMP', '/tmp'), ('AMENT_PREFIX_PATH', '/home/duy/cocarry_ws/install/trac_ik_kinematics:/home/duy/cocarry_ws/install/trac_ik_lib:/opt/ros/humble'), ('SHELL', '/bin/bash'), ('PWD', '/home/duy/cocarry_ws/build/trac_ik'), ('PYTHONPATH', '/opt/ros/humble/lib/python3.10/site-packages:/opt/ros/humble/local/lib/python3.10/dist-packages'), ('COLCON', '1'), ('CMAKE_PREFIX_PATH', '/home/duy/cocarry_ws/install/trac_ik_kinematics:/home/duy/cocarry_ws/install/trac_ik_lib:/opt/ros/humble')]), 'shell': False}
[34.207328] (trac_ik) StdoutLine: {'line': b'-- Found ament_cmake: 1.3.14 (/opt/ros/humble/share/ament_cmake/cmake)\n'}
[34.255804] (-) TimerEvent: {}
[34.356174] (-) TimerEvent: {}
[34.371927] (trac_ik) StdoutLine: {'line': b'-- Override CMake install command with custom implementation using symlinks instead of copying resources\n'}
[34.456336] (-) TimerEvent: {}
[34.472171] (trac_ik) StdoutLine: {'line': b'-- Configuring done\n'}
[34.474707] (trac_ik) StdoutLine: {'line': b'-- Generating done\n'}
[34.476144] (trac_ik) StdoutLine: {'line': b'-- Build files have been written to: /home/duy/cocarry_ws/build/trac_ik\n'}
[34.478867] (trac_ik) CommandEnded: {'returncode': 0}
[34.479570] (trac_ik) JobProgress: {'identifier': 'trac_ik', 'progress': 'build'}
[34.480063] (trac_ik) Command: {'cmd': ['/usr/bin/cmake', '--build', '/home/duy/cocarry_ws/build/trac_ik', '--', '-j16', '-l16'], 'cwd': '/home/duy/cocarry_ws/build/trac_ik', 'env': OrderedDict([('USER', 'duy'), ('SHLVL', '0'), ('LD_LIBRARY_PATH', '/home/duy/cocarry_ws/install/trac_ik_kinematics/lib:/home/duy/cocarry_ws/install/trac_ik_lib/lib:/usr/lib/x86_64-linux-gnu/gazebo-11/plugins:/opt/ros/humble/opt/rviz_ogre_vendor/lib:/opt/ros/humble/lib/x86_64-linux-gnu:/opt/ros/humble/lib'), ('HOME', '/home/duy'), ('ROS_PYTHON_VERSION', '3'), ('ROS_DISTRO', 'humble'), ('_', '/usr/bin/colcon'), ('ROS_VERSION', '2'), ('TERM', 'dumb'), ('ROS_LOCALHOST_ONLY', '0'), ('PATH', '/home/duy/.local/bin:/home/duy/.nvm/versions/node/v20.20.2/bin:/opt/ros/humble/bin:/home/duy/.local/bin:/usr/local/sbin:/usr/local/bin:/usr/sbin:/usr/bin:/sbin:/bin:/usr/games:/usr/local/games:/snap/bin:/snap/bin:/home/duy/libfreenect2/build/bin'), ('LANG', 'en_US.UTF-8'), ('TMP', '/tmp'), ('AMENT_PREFIX_PATH', '/home/duy/cocarry_ws/install/trac_ik_kinematics:/home/duy/cocarry_ws/install/trac_ik_lib:/opt/ros/humble'), ('SHELL', '/bin/bash'), ('PWD', '/home/duy/cocarry_ws/build/trac_ik'), ('PYTHONPATH', '/opt/ros/humble/lib/python3.10/site-packages:/opt/ros/humble/local/lib/python3.10/dist-packages'), ('COLCON', '1'), ('CMAKE_PREFIX_PATH', '/home/duy/cocarry_ws/install/trac_ik_kinematics:/home/duy/cocarry_ws/install/trac_ik_lib:/opt/ros/humble')]), 'shell': False}
[34.542105] (trac_ik) CommandEnded: {'returncode': 0}
[34.543086] (trac_ik) JobProgress: {'identifier': 'trac_ik', 'progress': 'install'}
[34.543349] (trac_ik) Command: {'cmd': ['/usr/bin/cmake', '--install', '/home/duy/cocarry_ws/build/trac_ik'], 'cwd': '/home/duy/cocarry_ws/build/trac_ik', 'env': OrderedDict([('USER', 'duy'), ('SHLVL', '0'), ('LD_LIBRARY_PATH', '/home/duy/cocarry_ws/install/trac_ik_kinematics/lib:/home/duy/cocarry_ws/install/trac_ik_lib/lib:/usr/lib/x86_64-linux-gnu/gazebo-11/plugins:/opt/ros/humble/opt/rviz_ogre_vendor/lib:/opt/ros/humble/lib/x86_64-linux-gnu:/opt/ros/humble/lib'), ('HOME', '/home/duy'), ('ROS_PYTHON_VERSION', '3'), ('ROS_DISTRO', 'humble'), ('_', '/usr/bin/colcon'), ('ROS_VERSION', '2'), ('TERM', 'dumb'), ('ROS_LOCALHOST_ONLY', '0'), ('PATH', '/home/duy/.local/bin:/home/duy/.nvm/versions/node/v20.20.2/bin:/opt/ros/humble/bin:/home/duy/.local/bin:/usr/local/sbin:/usr/local/bin:/usr/sbin:/usr/bin:/sbin:/bin:/usr/games:/usr/local/games:/snap/bin:/snap/bin:/home/duy/libfreenect2/build/bin'), ('LANG', 'en_US.UTF-8'), ('TMP', '/tmp'), ('AMENT_PREFIX_PATH', '/home/duy/cocarry_ws/install/trac_ik_kinematics:/home/duy/cocarry_ws/install/trac_ik_lib:/opt/ros/humble'), ('SHELL', '/bin/bash'), ('PWD', '/home/duy/cocarry_ws/build/trac_ik'), ('PYTHONPATH', '/opt/ros/humble/lib/python3.10/site-packages:/opt/ros/humble/local/lib/python3.10/dist-packages'), ('COLCON', '1'), ('CMAKE_PREFIX_PATH', '/home/duy/cocarry_ws/install/trac_ik_kinematics:/home/duy/cocarry_ws/install/trac_ik_lib:/opt/ros/humble')]), 'shell': False}
[34.556462] (-) TimerEvent: {}
[34.556692] (trac_ik) StdoutLine: {'line': b'-- Install configuration: ""\n'}
[34.557427] (trac_ik) StdoutLine: {'line': b'-- Execute custom install script\n'}
[34.557984] (trac_ik) StdoutLine: {'line': b'-- Up-to-date symlink: /home/duy/cocarry_ws/install/trac_ik/share/ament_index/resource_index/package_run_dependencies/trac_ik\n'}
[34.558542] (trac_ik) StdoutLine: {'line': b'-- Up-to-date symlink: /home/duy/cocarry_ws/install/trac_ik/share/ament_index/resource_index/parent_prefix_path/trac_ik\n'}
[34.558856] (trac_ik) StdoutLine: {'line': b'-- Up-to-date symlink: /home/duy/cocarry_ws/install/trac_ik/share/trac_ik/environment/ament_prefix_path.sh\n'}
[34.559301] (trac_ik) StdoutLine: {'line': b'-- Up-to-date symlink: /home/duy/cocarry_ws/install/trac_ik/share/trac_ik/environment/ament_prefix_path.dsv\n'}
[34.559613] (trac_ik) StdoutLine: {'line': b'-- Up-to-date symlink: /home/duy/cocarry_ws/install/trac_ik/share/trac_ik/environment/path.sh\n'}
[34.559791] (trac_ik) StdoutLine: {'line': b'-- Up-to-date symlink: /home/duy/cocarry_ws/install/trac_ik/share/trac_ik/environment/path.dsv\n'}
[34.560056] (trac_ik) StdoutLine: {'line': b'-- Up-to-date symlink: /home/duy/cocarry_ws/install/trac_ik/share/trac_ik/local_setup.bash\n'}
[34.560353] (trac_ik) StdoutLine: {'line': b'-- Up-to-date symlink: /home/duy/cocarry_ws/install/trac_ik/share/trac_ik/local_setup.sh\n'}
[34.560701] (trac_ik) StdoutLine: {'line': b'-- Up-to-date symlink: /home/duy/cocarry_ws/install/trac_ik/share/trac_ik/local_setup.zsh\n'}
[34.560973] (trac_ik) StdoutLine: {'line': b'-- Up-to-date symlink: /home/duy/cocarry_ws/install/trac_ik/share/trac_ik/local_setup.dsv\n'}
[34.561145] (trac_ik) StdoutLine: {'line': b'-- Symlinking: /home/duy/cocarry_ws/install/trac_ik/share/trac_ik/package.dsv\n'}
[34.573916] (trac_ik) StdoutLine: {'line': b'-- Up-to-date symlink: /home/duy/cocarry_ws/install/trac_ik/share/ament_index/resource_index/packages/trac_ik\n'}
[34.574243] (trac_ik) StdoutLine: {'line': b'-- Up-to-date symlink: /home/duy/cocarry_ws/install/trac_ik/share/trac_ik/cmake/trac_ikConfig.cmake\n'}
[34.574578] (trac_ik) StdoutLine: {'line': b'-- Up-to-date symlink: /home/duy/cocarry_ws/install/trac_ik/share/trac_ik/cmake/trac_ikConfig-version.cmake\n'}
[34.574804] (trac_ik) StdoutLine: {'line': b'-- Up-to-date symlink: /home/duy/cocarry_ws/install/trac_ik/share/trac_ik/package.xml\n'}
[34.577271] (trac_ik) CommandEnded: {'returncode': 0}
[34.591689] (trac_ik) JobEnded: {'identifier': 'trac_ik', 'rc': 0}
[34.656699] (-) TimerEvent: {}
[34.757178] (-) TimerEvent: {}
[34.857529] (-) TimerEvent: {}
[34.957908] (-) TimerEvent: {}
[35.058249] (-) TimerEvent: {}
[35.158615] (-) TimerEvent: {}
[35.259148] (-) TimerEvent: {}
[35.359632] (-) TimerEvent: {}
[35.460049] (-) TimerEvent: {}
[35.560480] (-) TimerEvent: {}
[35.660821] (-) TimerEvent: {}
[35.761240] (-) TimerEvent: {}
[35.861794] (-) TimerEvent: {}
[35.962211] (-) TimerEvent: {}
[36.062659] (-) TimerEvent: {}
[36.162960] (-) TimerEvent: {}
[36.263282] (-) TimerEvent: {}
[36.363608] (-) TimerEvent: {}
[36.464006] (-) TimerEvent: {}
[36.564340] (-) TimerEvent: {}
[36.664691] (-) TimerEvent: {}
[36.765027] (-) TimerEvent: {}
[36.865332] (-) TimerEvent: {}
[36.965735] (-) TimerEvent: {}
[37.066090] (-) TimerEvent: {}
[37.166476] (-) TimerEvent: {}
[37.266862] (-) TimerEvent: {}
[37.367218] (-) TimerEvent: {}
[37.458556] (kinect2_calibration) StdoutLine: {'line': b'[100%] \x1b[32m\x1b[1mLinking CXX executable kinect2_calibration_node\x1b[0m\n'}
[37.467412] (-) TimerEvent: {}
[37.567807] (-) TimerEvent: {}
[37.668195] (-) TimerEvent: {}
[37.768502] (-) TimerEvent: {}
[37.868802] (-) TimerEvent: {}
[37.958520] (kinect2_calibration) StdoutLine: {'line': b'[100%] Built target kinect2_calibration_node\n'}
[37.968989] (-) TimerEvent: {}
[37.972407] (kinect2_calibration) CommandEnded: {'returncode': 0}
[37.973168] (kinect2_calibration) JobProgress: {'identifier': 'kinect2_calibration', 'progress': 'install'}
[37.973867] (kinect2_calibration) Command: {'cmd': ['/usr/bin/cmake', '--install', '/home/duy/cocarry_ws/build/kinect2_calibration'], 'cwd': '/home/duy/cocarry_ws/build/kinect2_calibration', 'env': OrderedDict([('USER', 'duy'), ('SHLVL', '0'), ('LD_LIBRARY_PATH', '/home/duy/cocarry_ws/install/kinect2_registration/lib:/usr/lib/x86_64-linux-gnu/gazebo-11/plugins:/opt/ros/humble/opt/rviz_ogre_vendor/lib:/opt/ros/humble/lib/x86_64-linux-gnu:/opt/ros/humble/lib'), ('HOME', '/home/duy'), ('ROS_PYTHON_VERSION', '3'), ('ROS_DISTRO', 'humble'), ('_', '/usr/bin/colcon'), ('ROS_VERSION', '2'), ('TERM', 'dumb'), ('ROS_LOCALHOST_ONLY', '0'), ('PATH', '/home/duy/.local/bin:/home/duy/.nvm/versions/node/v20.20.2/bin:/opt/ros/humble/bin:/home/duy/.local/bin:/usr/local/sbin:/usr/local/bin:/usr/sbin:/usr/bin:/sbin:/bin:/usr/games:/usr/local/games:/snap/bin:/snap/bin:/home/duy/libfreenect2/build/bin'), ('LANG', 'en_US.UTF-8'), ('TMP', '/tmp'), ('AMENT_PREFIX_PATH', '/home/duy/cocarry_ws/install/kinect2_bridge:/home/duy/cocarry_ws/install/kinect2_registration:/opt/ros/humble'), ('SHELL', '/bin/bash'), ('PWD', '/home/duy/cocarry_ws/build/kinect2_calibration'), ('PYTHONPATH', '/opt/ros/humble/lib/python3.10/site-packages:/opt/ros/humble/local/lib/python3.10/dist-packages'), ('COLCON', '1'), ('CMAKE_PREFIX_PATH', '/home/duy/cocarry_ws/install/kinect2_bridge:/home/duy/cocarry_ws/install/kinect2_registration:/opt/ros/humble')]), 'shell': False}
[37.983068] (kinect2_calibration) StdoutLine: {'line': b'-- Install configuration: ""\n'}
[37.983510] (kinect2_calibration) StdoutLine: {'line': b'-- Execute custom install script\n'}
[37.983788] (kinect2_calibration) StdoutLine: {'line': b'-- Up-to-date symlink: /home/duy/cocarry_ws/install/kinect2_calibration/lib/kinect2_calibration/kinect2_calibration_node\n'}
[37.984215] (kinect2_calibration) StdoutLine: {'line': b'-- Up-to-date symlink: /home/duy/cocarry_ws/install/kinect2_calibration/share/ament_index/resource_index/package_run_dependencies/kinect2_calibration\n'}
[37.984474] (kinect2_calibration) StdoutLine: {'line': b'-- Up-to-date symlink: /home/duy/cocarry_ws/install/kinect2_calibration/share/ament_index/resource_index/parent_prefix_path/kinect2_calibration\n'}
[37.984905] (kinect2_calibration) StdoutLine: {'line': b'-- Up-to-date symlink: /home/duy/cocarry_ws/install/kinect2_calibration/share/kinect2_calibration/environment/ament_prefix_path.sh\n'}
[37.985261] (kinect2_calibration) StdoutLine: {'line': b'-- Up-to-date symlink: /home/duy/cocarry_ws/install/kinect2_calibration/share/kinect2_calibration/environment/ament_prefix_path.dsv\n'}
[37.985426] (kinect2_calibration) StdoutLine: {'line': b'-- Up-to-date symlink: /home/duy/cocarry_ws/install/kinect2_calibration/share/kinect2_calibration/environment/path.sh\n'}
[37.985536] (kinect2_calibration) StdoutLine: {'line': b'-- Up-to-date symlink: /home/duy/cocarry_ws/install/kinect2_calibration/share/kinect2_calibration/environment/path.dsv\n'}
[37.985664] (kinect2_calibration) StdoutLine: {'line': b'-- Up-to-date symlink: /home/duy/cocarry_ws/install/kinect2_calibration/share/kinect2_calibration/local_setup.bash\n'}
[37.985819] (kinect2_calibration) StdoutLine: {'line': b'-- Up-to-date symlink: /home/duy/cocarry_ws/install/kinect2_calibration/share/kinect2_calibration/local_setup.sh\n'}
[37.985948] (kinect2_calibration) StdoutLine: {'line': b'-- Up-to-date symlink: /home/duy/cocarry_ws/install/kinect2_calibration/share/kinect2_calibration/local_setup.zsh\n'}
[37.986217] (kinect2_calibration) StdoutLine: {'line': b'-- Up-to-date symlink: /home/duy/cocarry_ws/install/kinect2_calibration/share/kinect2_calibration/local_setup.dsv\n'}
[37.986340] (kinect2_calibration) StdoutLine: {'line': b'-- Symlinking: /home/duy/cocarry_ws/install/kinect2_calibration/share/kinect2_calibration/package.dsv\n'}
[37.995322] (kinect2_calibration) StdoutLine: {'line': b'-- Up-to-date symlink: /home/duy/cocarry_ws/install/kinect2_calibration/share/ament_index/resource_index/packages/kinect2_calibration\n'}
[37.995560] (kinect2_calibration) StdoutLine: {'line': b'-- Up-to-date symlink: /home/duy/cocarry_ws/install/kinect2_calibration/share/kinect2_calibration/cmake/kinect2_calibrationConfig.cmake\n'}
[37.995671] (kinect2_calibration) StdoutLine: {'line': b'-- Up-to-date symlink: /home/duy/cocarry_ws/install/kinect2_calibration/share/kinect2_calibration/cmake/kinect2_calibrationConfig-version.cmake\n'}
[37.995847] (kinect2_calibration) StdoutLine: {'line': b'-- Up-to-date symlink: /home/duy/cocarry_ws/install/kinect2_calibration/share/kinect2_calibration/package.xml\n'}
[37.998061] (kinect2_calibration) CommandEnded: {'returncode': 0}
[38.012314] (kinect2_calibration) JobEnded: {'identifier': 'kinect2_calibration', 'rc': 0}
[38.013228] (-) EventReactorShutdown: {}
