ros_timestamp_ns,wall_time,trajectory_mode,meas_x,meas_y,meas_z,filt_x,filt_y,filt_z,is_tracked,pred_x,pred_y,pred_z,mae_x,mae_y,mae_z,inference_ms,buffer_size,robot_ee_x,robot_ee_y,robot_ee_z,j1_vel,j2_vel,j3_vel,j4_vel,j5_vel,j6_vel,j1_eff,j2_eff,j3_eff,j4_eff,j5_eff,j6_eff,role
1786354977575911006,2026-08-10T16:42:57.575928,prediction,0.065921,0.009000,0.008379,0.064892,-0.000000,0.007649,True,0.104050,-0.010790,0.005170,0.039158,0.010790,0.002479,18.87,10,-0.161991,0.280057,0.378522,0.000000,0.000000,0.000000,0.000000,0.000000,0.000000,0.004900,-0.158900,0.073289,-0.016480,0.018496,-0.006976,READY
1786354977633281100,2026-08-10T16:42:57.633334,prediction,0.062834,-0.018000,0.006188,0.064892,-0.000000,0.007649,True,0.103967,-0.010809,0.005330,0.039075,0.010809,0.002319,33.90,10,-0.161991,0.280059,0.378524,0.000000,0.000000,0.000000,0.000000,0.000000,0.000000,0.004340,-0.158620,0.073289,-0.016928,0.019040,-0.007520,READY
1786354977666216125,2026-08-10T16:42:57.666245,prediction,0.063863,-0.009000,0.006919,0.064892,-0.000000,0.007649,True,0.103867,-0.010975,0.005406,0.038974,0.010975,0.002243,27.48,10,-0.161991,0.280059,0.378524,0.000000,0.000000,0.000000,0.000000,0.000000,0.000000,0.004900,-0.158340,0.072957,-0.016640,0.018656,-0.007360,READY
1786354977700934200,2026-08-10T16:42:57.700948,prediction,0.061805,-0.027000,0.005458,0.064892,-0.000000,0.007649,True,0.103782,-0.011239,0.005388,0.038890,0.011239,0.002261,24.47,10,-0.161991,0.280059,0.378524,0.000000,0.000000,0.000000,0.000000,0.000000,0.000000,0.004340,-0.157780,0.070716,-0.017088,0.018944,-0.007520,READY
1786354977727837886,2026-08-10T16:42:57.727862,prediction,0.061805,-0.027000,0.005458,0.064892,-0.000000,0.007649,True,0.103709,-0.011539,0.005289,0.038816,0.011539,0.002360,23.25,10,-0.161991,0.280059,0.378524,0.000000,0.000000,0.000000,0.000000,0.000000,0.000000,0.002380,-0.152740,0.064823,-0.016928,0.018816,-0.006240,READY
1786354977756498000,2026-08-10T16:42:57.756516,prediction,0.062834,-0.018000,0.006188,0.064892,-0.000000,0.007649,True,0.103626,-0.011814,0.005142,0.038734,0.011814,0.002507,23.62,10,-0.161991,0.280059,0.378524,0.000000,0.000000,0.000000,0.000000,0.000000,0.000000,-0.003920,-0.143500,0.048887,-0.017088,0.023040,-0.004512,READY
1786354977778538474,2026-08-10T16:42:57.778559,prediction,0.063863,-0.009000,0.003079,0.064892,-0.000000,0.007649,True,0.103550,-0.012050,0.004965,0.038658,0.012050,0.002684,18.76,10,-0.161991,0.280059,0.378524,0.001307,0.000000,0.000000,0.002609,0.000000,0.000000,-0.026600,-0.116760,0.003984,-0.019328,0.037856,0.002784,READY
1786354977805886717,2026-08-10T16:42:57.805902,prediction,0.063863,-0.009000,0.003079,0.064892,-0.000000,0.007649,True,0.103494,-0.012247,0.004779,0.038602,0.012247,0.002870,17.27,10,-0.161991,0.280059,0.378524,0.001744,0.000000,0.001740,0.000000,0.002609,0.002609,-0.069440,-0.075880,-0.046148,-0.024160,0.061120,0.017824,READY
1786354977855780447,2026-08-10T16:42:57.855814,prediction,0.063863,-0.009000,0.003079,0.064892,-0.000000,0.007649,True,0.103431,-0.012410,0.004604,0.038539,0.012410,0.003045,30.38,10,-0.161991,0.280059,0.378524,0.003051,0.001744,0.005666,0.000000,0.008289,0.003051,-0.062860,-0.024780,-0.005893,-0.031520,0.040128,0.027776,READY
1786354977897511733,2026-08-10T16:42:57.897528,prediction,0.061805,-0.027000,0.005458,0.064892,-0.000000,0.007649,True,0.103390,-0.012559,0.004453,0.038498,0.012559,0.003196,31.15,10,-0.161991,0.280059,0.378524,0.003051,0.003051,0.003926,0.000000,0.005228,0.002609,-0.066920,-0.041160,-0.003652,-0.041632,0.038912,0.028288,READY
1786354977922393935,2026-08-10T16:42:57.922417,prediction,0.061805,-0.027000,0.005458,0.064892,-0.000000,0.007649,True,0.103370,-0.012633,0.004377,0.038477,0.012633,0.003272,22.35,10,-0.161991,0.280059,0.378524,0.003489,0.003051,0.003926,0.000000,0.005228,0.002609,-0.068180,-0.041160,-0.003652,-0.047200,0.038848,0.028224,READY
1786354977943462896,2026-08-10T16:42:57.943484,prediction,0.062834,-0.018000,0.006188,0.064892,-0.000000,0.007649,True,0.103359,-0.012671,0.004339,0.038467,0.012671,0.003310,16.92,10,-0.161991,0.280059,0.378524,0.001307,0.003489,0.003487,0.002609,0.005670,0.002609,-0.068740,-0.038080,-0.007304,-0.050944,0.038752,0.029504,READY
1786354977971558144,2026-08-10T16:42:57.971578,prediction,0.062834,-0.018000,0.006188,0.064892,-0.000000,0.007649,True,0.103354,-0.012689,0.004320,0.038462,0.012689,0.003329,15.97,10,-0.161991,0.280059,0.378524,0.003051,0.001744,0.003487,0.000000,0.005670,0.002609,-0.065380,-0.030660,-0.002656,-0.061280,0.036960,0.028608,READY
1786354978006931918,2026-08-10T16:42:58.006946,prediction,0.063863,-0.009000,0.006919,0.064892,-0.000000,0.007649,True,0.103352,-0.012699,0.004310,0.038460,0.012699,0.003339,15.70,10,-0.161991,0.280059,0.378524,0.001307,0.001744,0.003487,0.000000,0.002609,0.002609,-0.069440,-0.033460,-0.006225,-0.064672,0.037344,0.028512,READY
1786354978039208737,2026-08-10T16:42:58.039222,prediction,0.063863,-0.009000,0.006919,0.064892,-0.000000,0.007649,True,0.103351,-0.012703,0.004306,0.038458,0.012703,0.003343,16.33,10,-0.161991,0.280059,0.378524,0.000000,0.000000,0.000000,0.003051,0.000000,0.000000,-0.068460,-0.032760,-0.004482,-0.070016,0.037248,0.028384,READY
1786354978074962806,2026-08-10T16:42:58.074983,prediction,0.063863,-0.009000,0.010758,0.064892,-0.000000,0.007649,True,0.103350,-0.012705,0.004303,0.038458,0.012705,0.003346,18.00,10,-0.161991,0.280059,0.378524,0.000000,0.000000,0.000000,0.000000,0.000000,0.000000,-0.063420,-0.032760,-0.002988,-0.071584,0.034784,0.026784,READY
1786354978108796493,2026-08-10T16:42:58.108822,prediction,0.065921,0.009000,0.012189,0.064892,-0.000000,0.007649,True,0.103350,-0.012707,0.004302,0.038457,0.012707,0.003347,18.86,10,-0.161991,0.280059,0.378524,0.000000,0.000000,0.000000,0.000000,0.000000,0.000000,-0.060340,-0.037100,0.002075,-0.073088,0.032672,0.025440,READY
1786354978145268982,2026-08-10T16:42:58.145285,prediction,0.063863,-0.009000,0.014598,0.064892,-0.000000,0.007649,True,0.103349,-0.012707,0.004302,0.038457,0.012707,0.003348,21.23,10,-0.161991,0.280059,0.378524,0.000000,0.000000,0.000000,0.000000,0.000000,0.000000,-0.059780,-0.038640,0.003652,-0.073536,0.032352,0.024672,READY
1786354978180620833,2026-08-10T16:42:58.180643,prediction,0.063863,-0.009000,0.018437,0.064892,-0.000000,0.007649,True,0.103349,-0.012708,0.004301,0.038457,0.012708,0.003348,18.58,10,-0.161991,0.280059,0.378524,0.000000,0.000000,0.001740,0.000000,0.000000,0.000000,-0.058800,-0.042980,0.008134,-0.073248,0.030848,0.023840,READY
1786354978206460990,2026-08-10T16:42:58.206486,prediction,0.063863,-0.009000,0.018437,0.064892,-0.000000,0.007649,True,0.103349,-0.012708,0.004301,0.038457,0.012708,0.003348,18.02,10,-0.161991,0.280059,0.378524,0.000000,0.000000,0.000000,0.000000,0.000000,0.000000,-0.057540,-0.044520,0.010043,-0.072640,0.030016,0.023328,READY
1786354978264111056,2026-08-10T16:42:58.264138,prediction,0.060031,-0.009000,0.022276,0.064892,-0.000000,0.007649,True,0.103349,-0.012708,0.004301,0.038457,0.012708,0.003348,32.08,10,-0.161991,0.280059,0.378524,0.000000,0.000000,0.000000,0.000000,0.000000,0.000000,-0.057540,-0.048580,0.011869,-0.070464,0.027776,0.021984,READY
1786354978290604889,2026-08-10T16:42:58.290620,prediction,0.062119,0.009000,0.031238,0.064892,-0.000000,0.007649,True,0.103349,-0.012708,0.004301,0.038457,0.012708,0.003348,28.24,10,-0.161991,0.280059,0.378524,0.000000,0.000000,0.000000,0.000000,0.000000,0.000000,-0.057260,-0.051380,0.016683,-0.067680,0.026272,0.021376,READY
1786354978324539749,2026-08-10T16:42:58.324563,prediction,0.062119,0.009000,0.031238,0.064892,-0.000000,0.007649,True,0.103349,-0.012708,0.004301,0.038457,0.012708,0.003348,33.07,10,-0.161991,0.280059,0.378524,0.000000,0.000000,0.000000,0.002609,0.000000,0.000000,-0.056700,-0.052920,0.017264,-0.066304,0.025824,0.020832,FOLLOWER
1786354978346576084,2026-08-10T16:42:58.346599,prediction,0.062119,0.009000,0.031238,0.064892,-0.000000,0.007649,True,0.103349,-0.012708,0.004301,0.038457,0.012708,0.003348,21.08,10,-0.161991,0.280059,0.378524,0.000000,0.000000,0.000000,0.000000,0.000000,0.000000,-0.054180,-0.054740,0.020833,-0.063904,0.024160,0.019776,FOLLOWER
1786354978374155427,2026-08-10T16:42:58.374172,prediction,0.060031,-0.009000,0.033795,0.064892,-0.000000,0.007649,True,0.103349,-0.012708,0.004301,0.038457,0.012708,0.003348,18.69,10,-0.161991,0.280059,0.378524,0.000000,0.000000,0.000000,0.000000,0.000000,0.000000,-0.052360,-0.054740,0.020833,-0.062720,0.023392,0.018592,FOLLOWER
1786354978409140279,2026-08-10T16:42:58.409155,prediction,0.060316,0.026000,0.040012,0.064892,-0.000000,0.007649,True,0.103349,-0.012708,0.004301,0.038457,0.012708,0.003348,18.47,10,-0.161991,0.280059,0.378524,0.000000,0.000000,0.000000,0.000000,0.000000,0.000000,-0.051100,-0.058800,0.024983,-0.060736,0.022208,0.018592,FOLLOWER
1786354978442322634,2026-08-10T16:42:58.442340,prediction,0.057496,0.034000,0.040555,0.064892,-0.000000,0.007649,True,0.103349,-0.012708,0.004301,0.038457,0.012708,0.003348,18.93,10,-0.161991,0.280059,0.378524,0.000000,0.000000,0.000000,0.000000,0.000000,0.000000,-0.048860,-0.060760,0.027224,-0.058336,0.020224,0.016768,FOLLOWER
1786354978476474007,2026-08-10T16:42:58.476489,prediction,0.053441,-0.000000,0.042070,0.064892,-0.000000,0.007649,True,0.103349,-0.012708,0.004301,0.038457,0.012708,0.003348,19.62,10,-0.161991,0.280059,0.378524,0.000000,0.000000,0.000000,0.000000,0.000000,0.000000,-0.047740,-0.061880,0.028884,-0.057952,0.020224,0.017088,FOLLOWER
1786354978506417147,2026-08-10T16:42:58.506429,prediction,0.049623,-0.000000,0.042070,0.064892,-0.000000,0.007649,True,0.103349,-0.012708,0.004301,0.038457,0.012708,0.003348,19.12,10,-0.161991,0.280059,0.378524,0.000000,0.000000,0.000000,0.000000,0.000000,0.000000,-0.045780,-0.065660,0.031706,-0.055264,0.018432,0.015104,FOLLOWER
1786354978543778820,2026-08-10T16:42:58.543793,prediction,0.052768,0.026000,0.043793,0.064892,-0.000000,0.007649,True,0.103349,-0.012708,0.004301,0.038457,0.012708,0.003348,19.13,10,-0.161991,0.280059,0.378524,0.000000,0.000000,0.000000,0.000000,0.000000,0.000000,-0.045500,-0.066920,0.032038,-0.054048,0.017664,0.014656,FOLLOWER
1786354978576079224,2026-08-10T16:42:58.576118,prediction,0.051679,0.017000,0.046993,0.064892,-0.000000,0.007649,True,0.103349,-0.012708,0.004301,0.038457,0.012708,0.003348,18.51,10,-0.161991,0.280059,0.378524,0.000000,0.000000,0.000000,0.000000,0.000000,0.000000,-0.042700,-0.070980,0.038512,-0.051328,0.016544,0.013760,FOLLOWER
1786354978609634410,2026-08-10T16:42:58.609647,prediction,0.046910,0.009000,0.046476,0.064892,-0.000000,0.007649,True,0.103349,-0.012708,0.004301,0.038457,0.012708,0.003348,20.27,10,-0.161991,0.280059,0.378524,0.000000,0.000000,0.000000,0.000000,0.000000,0.000000,-0.041160,-0.073080,0.038761,-0.049216,0.016320,0.012928,FOLLOWER
1786354978643616972,2026-08-10T16:42:58.643633,prediction,0.049974,0.034000,0.048092,0.064892,-0.000000,0.007649,True,0.103349,-0.012708,0.004301,0.038457,0.012708,0.003348,21.14,10,-0.161991,0.280059,0.378524,0.000000,0.000000,0.000000,0.000000,0.000000,0.000000,-0.039900,-0.078120,0.043575,-0.046368,0.015712,0.013472,FOLLOWER
1786354978677114388,2026-08-10T16:42:58.677163,prediction,0.047890,0.017000,0.050790,0.064892,-0.000000,0.007649,True,0.103349,-0.012708,0.004301,0.038457,0.012708,0.003348,18.76,10,-0.161991,0.280059,0.378524,0.000000,0.000000,0.000000,0.000000,0.000000,0.000000,-0.038360,-0.079660,0.042994,-0.045472,0.014880,0.012192,FOLLOWER
1786354978710111140,2026-08-10T16:42:58.710130,prediction,0.047890,0.017000,0.054586,0.064892,-0.000000,0.007649,True,0.103349,-0.012708,0.004301,0.038457,0.012708,0.003348,18.60,10,-0.161991,0.280059,0.378524,0.000000,0.000000,0.000000,0.000000,0.000000,0.000000,-0.037100,-0.081200,0.045567,-0.042752,0.013920,0.011264,FOLLOWER
1786354978742225348,2026-08-10T16:42:58.742261,prediction,0.046213,0.034000,0.055629,0.064892,-0.000000,0.007649,True,0.103349,-0.012708,0.004301,0.038457,0.012708,0.003348,18.95,10,-0.161991,0.280059,0.378524,0.000000,0.000000,0.000000,0.000000,0.000000,0.000000,-0.036260,-0.082460,0.047144,-0.041536,0.013600,0.010912,FOLLOWER
1786354978781822985,2026-08-10T16:42:58.781838,prediction,0.045219,0.026000,0.055138,0.064892,-0.000000,0.007649,True,0.103349,-0.012708,0.004301,0.038457,0.012708,0.003348,26.80,10,-0.161991,0.280059,0.378524,0.000000,0.000000,0.000000,0.000000,0.000000,0.000000,-0.034020,-0.085820,0.049717,-0.038688,0.013152,0.010240,FOLLOWER
1786354978814031644,2026-08-10T16:42:58.814056,prediction,0.051431,0.076000,0.061904,0.064892,-0.000000,0.007649,True,0.103349,-0.012708,0.004301,0.038457,0.012708,0.003348,21.24,10,-0.161991,0.280059,0.378524,0.000000,0.000000,0.000000,0.000000,0.000000,0.000000,-0.032760,-0.086380,0.051128,-0.037024,0.013312,0.010912,FOLLOWER
1786354978848221340,2026-08-10T16:42:58.848240,prediction,0.049319,0.059000,0.064616,0.064892,-0.000000,0.007649,True,0.103349,-0.012708,0.004301,0.038457,0.012708,0.003348,25.67,10,-0.161991,0.280059,0.378524,0.000000,0.000000,0.000000,0.000000,0.000000,0.000000,-0.030380,-0.090720,0.054531,-0.034624,0.013024,0.010368,FOLLOWER
1786354978880130609,2026-08-10T16:42:58.880149,prediction,0.048325,0.051000,0.071632,0.050566,0.018187,0.050957,True,0.099774,-0.004103,0.014301,0.049207,0.022290,0.036656,21.33,10,-0.161991,0.280059,0.378524,0.000000,0.000000,0.000000,0.000000,0.000000,0.000000,-0.030660,-0.091980,0.054863,-0.033856,0.012864,0.009984,FOLLOWER
1786354978914674340,2026-08-10T16:42:58.914688,prediction,0.048325,0.051000,0.075373,0.049767,0.024064,0.053315,True,0.096566,0.003849,0.024301,0.046799,0.020215,0.029014,24.30,10,-0.161991,0.280059,0.378524,0.000000,0.000000,0.000000,0.000000,0.000000,0.002609,-0.028140,-0.096040,0.058017,-0.030848,0.012096,0.009408,FOLLOWER
1786354978949499237,2026-08-10T16:42:58.949529,prediction,0.049319,0.059000,0.079524,0.049222,0.026573,0.055912,True,0.094165,0.009305,0.034301,0.044943,0.017267,0.021612,21.39,10,-0.161991,0.280059,0.378524,0.000000,0.000000,0.000000,0.000000,0.000000,0.000000,-0.026880,-0.099820,0.058681,-0.029056,0.011648,0.008256,FOLLOWER
1786354978994393362,2026-08-10T16:42:58.994449,prediction,0.051767,0.108000,0.089336,0.049088,0.028835,0.058961,True,0.092211,0.013451,0.044301,0.043123,0.015384,0.014660,30.34,10,-0.161991,0.280059,0.378524,0.001744,0.000000,0.000000,0.000000,0.000000,0.002609,-0.023520,-0.101640,0.062582,-0.026784,0.011264,0.007360,FOLLOWER
1786354979019792627,2026-08-10T16:42:59.019811,prediction,0.051767,0.108000,0.089336,0.049230,0.033340,0.062112,True,0.090104,0.018302,0.053879,0.040874,0.015038,0.008233,21.99,10,-0.161991,0.280059,0.378524,0.000000,0.000000,0.000000,0.000000,0.000000,0.000000,-0.023520,-0.103180,0.062582,-0.026048,0.011520,0.007968,FOLLOWER
1786354979044778284,2026-08-10T16:42:59.044798,prediction,0.050760,0.100000,0.096270,0.049097,0.039575,0.065610,True,0.087567,0.024541,0.060255,0.038470,0.015034,0.005356,20.14,10,-0.161991,0.280059,0.378524,0.001744,0.000000,0.000000,0.000000,0.000000,0.000000,-0.024360,-0.105980,0.062831,-0.025280,0.011648,0.008192,FOLLOWER
1786354979078271671,2026-08-10T16:42:59.078293,prediction,0.051767,0.108000,0.100274,0.049102,0.045675,0.069162,True,0.085020,0.031268,0.065011,0.035918,0.014407,0.004152,21.88,10,-0.161991,0.280059,0.378524,0.000000,0.000000,0.000000,0.000000,0.000000,0.000000,-0.021280,-0.106540,0.064159,-0.024000,0.011648,0.007904,FOLLOWER
1786354979109429786,2026-08-10T16:42:59.109451,prediction,0.050760,0.100000,0.103588,0.049359,0.051322,0.072970,True,0.082702,0.037894,0.069092,0.033343,0.013428,0.003878,21.19,10,-0.161991,0.280059,0.378524,0.000000,0.000000,0.000000,0.000000,0.000000,0.000000,-0.019740,-0.109340,0.064823,-0.023040,0.011264,0.006464,FOLLOWER
1786354979147325316,2026-08-10T16:42:59.147347,prediction,0.055406,0.108000,0.107567,0.049721,0.057304,0.076935,True,0.080449,0.044606,0.072966,0.030728,0.012698,0.003969,25.20,10,-0.161991,0.280059,0.378524,0.000000,0.000000,0.000000,0.002609,0.000000,0.000000,-0.019460,-0.110040,0.067977,-0.022112,0.011520,0.007744,FOLLOWER
1786354979176522251,2026-08-10T16:42:59.176545,prediction,0.056400,0.116000,0.111518,0.050289,0.063354,0.080983,True,0.078369,0.051337,0.076842,0.028080,0.012017,0.004141,21.52,10,-0.161991,0.280059,0.378524,0.000000,0.000000,0.000000,0.000000,0.000000,0.000000,-0.017640,-0.111160,0.067396,-0.021216,0.011200,0.006752,FOLLOWER
1786354979208498746,2026-08-10T16:42:59.208517,prediction,0.057393,0.124000,0.115444,0.050922,0.069844,0.085041,True,0.076307,0.058512,0.081011,0.025385,0.011332,0.004029,21.11,10,-0.161991,0.280059,0.378524,0.000000,0.000000,0.000000,0.000000,0.000000,0.000000,-0.016100,-0.113680,0.068309,-0.020160,0.011136,0.006528,FOLLOWER
1786354979243414275,2026-08-10T16:42:59.243433,prediction,0.058387,0.132000,0.119342,0.051734,0.076849,0.089288,True,0.074298,0.066206,0.085425,0.022564,0.010643,0.003863,20.94,10,-0.161991,0.280059,0.378524,0.000000,0.000000,0.000000,0.000000,0.000000,0.000000,-0.015120,-0.115500,0.069637,-0.019424,0.011200,0.006304,FOLLOWER
1786354979289670555,2026-08-10T16:42:59.289693,prediction,0.061006,0.124000,0.133542,0.053425,0.089602,0.098808,True,0.072513,0.073897,0.090217,0.019088,0.015705,0.008591,34.13,10,-0.161991,0.280059,0.378524,0.000000,0.000000,0.000000,0.000000,0.000000,0.000000,-0.014560,-0.117460,0.070218,-0.018944,0.011808,0.006528,FOLLOWER
1786354979314992463,2026-08-10T16:42:59.315013,prediction,0.061006,0.124000,0.133542,0.053425,0.089602,0.098808,True,0.070904,0.081188,0.095183,0.017479,0.008413,0.003626,24.23,10,-0.161991,0.280059,0.378524,0.000000,0.000000,0.000000,0.000000,0.000000,0.000000,-0.013580,-0.119280,0.071214,-0.018368,0.011648,0.006400,FOLLOWER
1786354979348965384,2026-08-10T16:42:59.348988,prediction,0.061987,0.132000,0.137375,0.054269,0.094294,0.103659,True,0.069678,0.087386,0.100243,0.015409,0.006908,0.003416,27.55,10,-0.163266,0.281334,0.379799,0.000000,0.000000,0.000000,0.000000,0.000000,0.000000,-0.013860,-0.119840,0.071546,-0.018208,0.011520,0.006400,FOLLOWER
1786354979380757076,2026-08-10T16:42:59.380773,prediction,0.061987,0.132000,0.144588,0.055180,0.099125,0.108523,True,0.068716,0.093108,0.105346,0.013536,0.006017,0.003176,22.24,10,-0.163266,0.281334,0.379799,0.000000,0.000000,0.000000,0.000000,0.000000,0.000000,-0.011340,-0.121800,0.072791,-0.017760,0.011968,0.006080,FOLLOWER
1786354979412657687,2026-08-10T16:42:59.412678,prediction,0.066433,0.139000,0.148346,0.056387,0.104412,0.113388,True,0.068003,0.098880,0.110467,0.011616,0.005532,0.002920,22.72,10,-0.164860,0.284089,0.382770,0.000000,0.000000,0.000000,0.000000,0.000000,0.000000,-0.007420,-0.124180,0.072625,-0.017312,0.011264,0.005408,FOLLOWER
1786354979445007694,2026-08-10T16:42:59.445033,prediction,0.065586,0.132000,0.151801,0.057472,0.109789,0.118206,True,0.067443,0.104713,0.115551,0.009971,0.005076,0.002655,22.71,10,-0.164860,0.284089,0.382770,0.000000,0.000000,0.000000,0.000000,0.000000,0.000000,0.002660,-0.132020,0.089972,-0.017152,0.010592,0.004352,FOLLOWER
1786354979477274893,2026-08-10T16:42:59.477301,prediction,0.066433,0.139000,0.151941,0.058472,0.115131,0.122482,True,0.067003,0.110540,0.120297,0.008531,0.004591,0.002185,21.31,10,-0.166270,0.287974,0.387605,0.000000,0.001744,0.000000,0.000000,0.000000,0.000000,0.038080,-0.152180,0.130227,-0.017760,0.003968,-0.002080,FOLLOWER
1786354979514220051,2026-08-10T16:42:59.514236,prediction,0.065586,0.132000,0.151801,0.059393,0.119186,0.126647,True,0.066756,0.115573,0.124772,0.007363,0.003613,0.001875,22.20,10,-0.166270,0.287974,0.387605,0.016138,0.005233,0.018759,0.000000,0.016137,0.016137,0.120820,-0.224420,0.189489,-0.018496,-0.044928,-0.033728,FOLLOWER
1786354979547173278,2026-08-10T16:42:59.547190,prediction,0.070182,0.170000,0.156105,0.060688,0.122077,0.130636,True,0.066879,0.119520,0.128995,0.006191,0.002557,0.001641,23.61,10,-0.167193,0.293069,0.394261,0.022685,0.006540,0.027919,0.000000,0.024426,0.024426,0.117460,-0.242060,0.196378,-0.018368,-0.039680,-0.039200,FOLLOWER
1786354979577776815,2026-08-10T16:42:59.577793,prediction,0.067400,0.147000,0.155683,0.061730,0.124735,0.134329,True,0.067138,0.122785,0.132916,0.005408,0.001951,0.001413,20.94,10,-0.167193,0.293069,0.394261,0.029231,0.013087,0.042759,0.000000,0.029665,0.029665,0.120820,-0.250740,0.202603,-0.017920,-0.040800,-0.041248,FOLLOWER
1786354979626775745,2026-08-10T16:42:59.626790,prediction,0.062845,0.139000,0.159131,0.062961,0.128574,0.137821,True,0.067497,0.126431,0.136590,0.004536,0.002142,0.001231,32.93,10,-0.167363,0.299386,0.401920,0.049303,0.031414,0.082024,0.000000,0.051482,0.048432,0.126420,-0.282380,0.233728,-0.014144,-0.050592,-0.040256,FOLLOWER
1786354979656483835,2026-08-10T16:42:59.656499,prediction,0.062845,0.139000,0.159131,0.063456,0.131421,0.141258,True,0.067685,0.129686,0.140094,0.004228,0.001735,0.001164,26.41,10,-0.167363,0.299386,0.401920,0.058901,0.045814,0.109519,0.000000,0.064568,0.058898,0.139160,-0.297780,0.250162,-0.011200,-0.042592,-0.040960,FOLLOWER
1786354979718522906,2026-08-10T16:42:59.718543,prediction,0.065664,0.162000,0.159515,0.064074,0.134871,0.144458,True,0.067819,0.133110,0.143400,0.003745,0.001761,0.001058,35.25,10,-0.167418,0.305910,0.409526,0.066754,0.068936,0.144858,0.000000,0.075477,0.067188,0.120820,-0.321720,0.247921,-0.005856,-0.043520,-0.039904,FOLLOWER
1786354979749593644,2026-08-10T16:42:59.749611,prediction,0.064806,0.155000,0.159398,0.064568,0.137641,0.147389,True,0.067928,0.136224,0.146461,0.003360,0.001416,0.000928,25.48,10,-0.167313,0.312612,0.416879,0.063703,0.091190,0.168859,0.000000,0.078096,0.064568,0.125860,-0.327880,0.253980,-0.000448,-0.046144,-0.037408,FOLLOWER
1786354979780510368,2026-08-10T16:42:59.780527,prediction,0.067503,0.177000,0.163298,0.065176,0.140221,0.150319,True,0.068099,0.139079,0.149408,0.002923,0.001142,0.000911,25.42,10,-0.167313,0.312612,0.416879,0.060207,0.102970,0.176710,0.000000,0.080716,0.059340,0.104720,-0.330400,0.255225,0.001856,-0.043744,-0.039136,FOLLOWER
1786354979808752013,2026-08-10T16:42:59.808767,prediction,0.068484,0.185000,0.166938,0.065675,0.143564,0.152793,True,0.068226,0.142259,0.152069,0.002552,0.001305,0.000725,25.07,10,-0.167128,0.319540,0.424179,0.044069,0.119114,0.191543,0.000000,0.080716,0.048432,0.109340,-0.339080,0.256719,0.005408,-0.042240,-0.032288,FOLLOWER
1786354979831701537,2026-08-10T16:42:59.831750,prediction,0.068484,0.185000,0.166938,0.066173,0.147486,0.155020,True,0.068318,0.145945,0.154459,0.002145,0.001541,0.000560,19.87,10,-0.167128,0.319540,0.424179,0.041012,0.124354,0.193291,0.000000,0.080716,0.040573,0.114940,-0.326340,0.257217,0.006688,-0.040032,-0.031616,FOLLOWER
1786354979876705099,2026-08-10T16:42:59.876723,prediction,0.063978,0.177000,0.170362,0.066438,0.154731,0.158702,True,0.068238,0.149939,0.156576,0.001800,0.004792,0.002126,39.06,10,-0.166908,0.327004,0.431845,0.021378,0.135697,0.200711,0.000000,0.081158,0.018756,0.085120,-0.312760,0.258628,0.009536,-0.040960,-0.032960,FOLLOWER
1786354979906179744,2026-08-10T16:42:59.906207,prediction,0.061459,0.185000,0.170457,0.066107,0.157773,0.160176,True,0.068124,0.153586,0.158420,0.002017,0.004187,0.001755,28.26,10,-0.166908,0.327004,0.431845,0.016576,0.137441,0.200711,0.000000,0.081158,0.013086,0.076440,-0.309260,0.256885,0.010240,-0.039744,-0.033184,FOLLOWER
1786354979925503546,2026-08-10T16:42:59.925524,prediction,0.058840,0.192000,0.174046,0.066107,0.157773,0.160176,True,0.067793,0.156942,0.159999,0.001686,0.000831,0.000177,19.08,10,-0.166726,0.333539,0.438427,0.008285,0.133952,0.200711,0.000000,0.080716,0.010898,0.073780,-0.305340,0.258296,0.010528,-0.041696,-0.031392,FOLLOWER
1786354979953770358,2026-08-10T16:42:59.953806,prediction,0.058840,0.192000,0.174046,0.065657,0.161208,0.161659,True,0.067293,0.160374,0.161460,0.001636,0.000834,0.000198,25.87,10,-0.166726,0.333539,0.438427,0.004796,0.132208,0.200711,0.000000,0.080716,0.002609,0.079660,-0.293440,0.270331,0.010144,-0.039808,-0.032448,FOLLOWER
1786354979990614223,2026-08-10T16:42:59.990628,prediction,0.050923,0.185000,0.181013,0.063880,0.167803,0.165310,True,0.066560,0.163666,0.162997,0.002680,0.004137,0.002313,23.86,10,-0.166545,0.340682,0.445467,0.001744,0.123917,0.200711,0.000000,0.080716,0.000000,-0.016660,-0.281120,0.261367,0.009920,-0.041984,-0.010688,FOLLOWER
1786354980015874533,2026-08-10T16:43:00.015889,prediction,0.050923,0.185000,0.181013,0.063880,0.167803,0.165310,True,0.065617,0.167067,0.164726,0.001738,0.000736,0.000583,21.58,10,-0.166545,0.340682,0.445467,0.001744,0.119114,0.200711,0.000000,0.080716,0.002609,-0.075600,-0.262500,0.268920,0.009632,-0.040704,0.007200,FOLLOWER
1786354980084983901,2026-08-10T16:43:00.085000,prediction,0.044837,0.192000,0.181061,0.062190,0.170947,0.166974,True,0.064243,0.170345,0.166409,0.002053,0.000602,0.000565,31.30,10,-0.166370,0.347916,0.452437,0.013087,0.098174,0.200711,0.000000,0.080716,0.013517,-0.097020,-0.270620,0.269252,0.007360,-0.045984,0.028672,FOLLOWER
1786354980162174766,2026-08-10T16:43:00.162195,prediction,0.041337,0.192000,0.184568,0.060452,0.173976,0.168899,True,0.062638,0.173491,0.168217,0.002185,0.000485,0.000683,39.34,10,-0.166172,0.355649,0.459802,0.014831,0.078534,0.200711,0.000000,0.080716,0.013517,-0.077140,-0.256900,0.272738,0.003744,-0.040704,0.032576,FOLLOWER
1786354980192361437,2026-08-10T16:43:00.192392,prediction,0.040860,0.214000,0.188153,0.058562,0.176182,0.171046,True,0.060883,0.176092,0.170211,0.002321,0.000090,0.000835,26.46,10,-0.165980,0.362366,0.466113,0.013087,0.068498,0.200711,0.000000,0.080716,0.013086,-0.072520,-0.245700,0.275145,0.001952,-0.046208,0.034016,FOLLOWER
1786354980227246987,2026-08-10T16:43:00.227265,prediction,0.034916,0.221000,0.198556,0.056700,0.180196,0.173674,True,0.059006,0.179470,0.172583,0.002306,0.000726,0.001091,27.47,10,-0.165980,0.362366,0.466113,0.013087,0.060645,0.202889,0.000000,0.081158,0.013086,-0.084000,-0.253260,0.260537,0.000288,-0.039904,0.034912,FOLLOWER
1786354980258625621,2026-08-10T16:43:00.258642,prediction,0.029470,0.207000,0.202058,0.054287,0.183773,0.176510,True,0.056828,0.182989,0.175258,0.002541,0.000784,0.001252,28.13,10,-0.165678,0.369849,0.472941,0.013087,0.053667,0.198525,0.000000,0.080716,0.016137,-0.088620,-0.246120,0.274066,-0.001024,-0.038688,0.030848,FOLLOWER
1786354980291033948,2026-08-10T16:43:00.291052,prediction,0.019737,0.235000,0.212281,0.051604,0.188008,0.179813,True,0.054355,0.186947,0.178339,0.002751,0.001061,0.001474,29.04,10,-0.165678,0.369849,0.472941,0.011342,0.051923,0.200711,0.000000,0.078538,0.013517,-0.092260,-0.240240,0.272904,-0.001632,-0.042816,0.031680,FOLLOWER
1786354980318094990,2026-08-10T16:43:00.318147,prediction,0.019737,0.235000,0.212281,0.048420,0.192002,0.183078,True,0.051512,0.190975,0.181592,0.003092,0.001026,0.001486,21.06,10,-0.165678,0.369849,0.472941,0.011342,0.045814,0.200711,0.000000,0.080716,0.010898,-0.096040,-0.242620,0.283860,-0.003136,-0.042688,0.033632,FOLLOWER
1786354980349702390,2026-08-10T16:43:00.349718,prediction,0.010746,0.221000,0.219312,0.044570,0.195147,0.186804,True,0.048214,0.194534,0.185150,0.003643,0.000613,0.001654,21.00,10,-0.165141,0.377248,0.479414,0.011342,0.042756,0.198964,0.000000,0.081158,0.013086,-0.091140,-0.233660,0.290915,-0.004064,-0.039360,0.030944,FOLLOWER
1786354980383285046,2026-08-10T16:43:00.383303,prediction,0.004790,0.249000,0.225820,0.040324,0.198443,0.190730,True,0.044507,0.197937,0.188954,0.004183,0.000505,0.001776,23.97,10,-0.165141,0.377248,0.479414,0.011342,0.034465,0.200711,0.000000,0.080716,0.013517,-0.092680,-0.222460,0.279627,-0.005344,-0.037920,0.028736,FOLLOWER
1786354980411614246,2026-08-10T16:43:00.411629,prediction,-0.003147,0.242000,0.232773,0.035849,0.202142,0.195126,True,0.040484,0.201499,0.193116,0.004634,0.000643,0.002009,20.00,10,-0.164333,0.384858,0.485907,0.011342,0.030976,0.200711,0.000000,0.078096,0.010898,-0.087920,-0.225680,0.286682,-0.006240,-0.041920,0.031232,FOLLOWER
1786354980446530925,2026-08-10T16:43:00.446552,prediction,-0.013401,0.242000,0.236197,0.030691,0.206348,0.199515,True,0.035965,0.205444,0.197430,0.005275,0.000904,0.002085,21.03,10,-0.164333,0.384858,0.485907,0.011342,0.024429,0.200711,0.000000,0.078096,0.013086,-0.104160,-0.217560,0.282366,-0.008480,-0.040352,0.030944,FOLLOWER
1786354980498823962,2026-08-10T16:43:00.498838,prediction,-0.029276,0.249000,0.249713,0.019606,0.214931,0.209367,True,0.031185,0.209641,0.202015,0.011579,0.005290,0.007352,33.70,10,-0.163178,0.392467,0.492308,0.016138,0.016576,0.200711,0.000000,0.078096,0.013086,-0.090160,-0.210140,0.281619,-0.010912,-0.039200,0.033344,FOLLOWER
1786354980528074488,2026-08-10T16:43:00.528091,prediction,-0.029276,0.249000,0.249713,0.019606,0.214931,0.209367,True,0.025987,0.213948,0.206822,0.006381,0.000983,0.002545,27.67,10,-0.161788,0.400176,0.498781,0.017889,0.011780,0.200711,0.000000,0.080716,0.019198,-0.076860,-0.205520,0.283030,-0.012096,-0.039296,0.032960,FOLLOWER
1786354980565569113,2026-08-10T16:43:00.565606,prediction,-0.031456,0.256000,0.256332,0.013880,0.219573,0.214622,True,0.020652,0.218521,0.211829,0.006772,0.001051,0.002794,27.65,10,-0.161788,0.400176,0.498781,0.019634,0.008285,0.200711,0.000000,0.080716,0.021375,-0.072800,-0.194600,0.283694,-0.013312,-0.038240,0.033184,FOLLOWER
1786354980593740893,2026-08-10T16:43:00.593763,prediction,-0.037329,0.242000,0.267020,0.007997,0.223915,0.220356,True,0.015219,0.223063,0.217146,0.007223,0.000851,0.003211,22.09,10,-0.159950,0.407569,0.505028,0.022685,0.003489,0.200711,0.000000,0.081158,0.021375,-0.099120,-0.196140,0.285105,-0.014368,-0.036640,0.035584,FOLLOWER
1786354980622516243,2026-08-10T16:43:00.622537,prediction,-0.032373,0.270000,0.272811,0.002849,0.228570,0.226473,True,0.010082,0.227771,0.222809,0.007232,0.000799,0.003664,25.22,10,-0.159950,0.407569,0.505028,0.024429,0.001307,0.198525,0.000000,0.078538,0.024426,-0.110600,-0.183120,0.287014,-0.014976,-0.042592,0.035904,FOLLOWER
1786354980650176237,2026-08-10T16:43:00.650190,prediction,-0.030072,0.283000,0.279034,-0.001911,0.233661,0.232771,True,0.005266,0.232816,0.228721,0.007177,0.000845,0.004049,24.29,10,-0.159950,0.407569,0.505028,0.029669,0.000000,0.198964,0.000000,0.081158,0.029665,-0.110040,-0.092260,0.295729,-0.016480,-0.037856,0.034784,FOLLOWER
1786354980683832162,2026-08-10T16:43:00.683860,prediction,-0.036995,0.263000,0.286636,-0.007102,0.238839,0.239336,True,0.000428,0.238105,0.234843,0.007529,0.000733,0.004493,21.69,10,-0.157328,0.414803,0.511331,0.030976,0.004796,0.200711,0.000000,0.080716,0.032284,-0.119840,-0.060340,0.291828,-0.016928,-0.037568,0.036960,FOLLOWER
1786354980755451155,2026-08-10T16:43:00.755467,prediction,-0.029561,0.323000,0.297135,-0.011472,0.243554,0.245268,True,-0.004002,0.243251,0.240715,0.007470,0.000304,0.004554,33.07,10,-0.154435,0.422010,0.517707,0.042756,0.013087,0.200711,0.000000,0.078096,0.043193,-0.102900,-0.036260,0.290251,-0.019328,-0.042528,0.036064,FOLLOWER
1786354980783872651,2026-08-10T16:43:00.783888,prediction,-0.029561,0.323000,0.297135,-0.015408,0.249991,0.251607,True,-0.008110,0.249289,0.246660,0.007298,0.000702,0.004947,25.40,10,-0.154435,0.422010,0.517707,0.045814,0.014831,0.200711,0.000000,0.081158,0.045370,-0.125440,-0.039340,0.296144,-0.019776,-0.035584,0.033120,FOLLOWER
1786354980830750414,2026-08-10T16:43:00.830777,prediction,-0.033167,0.303000,0.304804,-0.019256,0.256398,0.257998,True,-0.011996,0.255771,0.252632,0.007260,0.000627,0.005366,21.36,10,-0.151126,0.428939,0.524035,0.060207,0.016138,0.200711,0.000000,0.078096,0.058898,-0.130480,-0.035000,0.299879,-0.022048,-0.043360,0.037696,FOLLOWER
1786354980861153087,2026-08-10T16:43:00.861173,prediction,-0.024874,0.349000,0.315297,-0.022230,0.263120,0.264866,True,-0.015366,0.262631,0.258859,0.006864,0.000488,0.006007,17.84,10,-0.147590,0.435828,0.530427,0.063703,0.016138,0.198964,0.000000,0.078096,0.059340,-0.123060,-0.032480,0.306270,-0.022656,-0.043136,0.037696,FOLLOWER
1786354980894892682,2026-08-10T16:43:00.894911,prediction,-0.024874,0.349000,0.321793,-0.024605,0.271291,0.271698,True,-0.018266,0.270458,0.265221,0.006338,0.000832,0.006477,21.39,10,-0.147590,0.435828,0.530427,0.073738,0.014831,0.200711,0.000000,0.080716,0.064568,-0.139160,-0.039060,0.289089,-0.023264,-0.039520,0.040800,FOLLOWER
1786354980926176155,2026-08-10T16:43:00.926194,prediction,-0.026277,0.323000,0.336626,-0.026676,0.279005,0.278646,True,-0.020741,0.278507,0.271680,0.005935,0.000498,0.006966,26.57,10,-0.147590,0.435828,0.530427,0.075045,0.014394,0.198964,0.000000,0.080716,0.069807,-0.147560,-0.038080,0.314321,-0.024000,-0.038912,0.038752,FOLLOWER
1786354980958694201,2026-08-10T16:43:00.958711,prediction,-0.026277,0.323000,0.336626,-0.028218,0.284868,0.285570,True,-0.022650,0.285634,0.278127,0.005567,0.000767,0.007443,29.11,10,-0.143727,0.442560,0.536859,0.088139,0.013087,0.200711,0.000000,0.078096,0.072857,-0.153440,-0.033740,0.297140,-0.024768,-0.041856,0.039136,FOLLOWER
1786354980998025286,2026-08-10T16:43:00.998039,prediction,-0.026136,0.342000,0.341800,-0.029468,0.296792,0.298916,True,-0.023824,0.292064,0.284477,0.005644,0.004728,0.014439,30.22,10,-0.139755,0.449061,0.543192,0.096423,0.013087,0.200711,0.000000,0.081158,0.078096,-0.125160,-0.041160,0.302618,-0.024768,-0.036640,0.039744,FOLLOWER
1786354981023563123,2026-08-10T16:43:01.023590,prediction,-0.021628,0.367000,0.346383,-0.029468,0.296792,0.298916,True,-0.024670,0.298674,0.290712,0.004798,0.001882,0.008205,24.34,10,-0.139755,0.449061,0.543192,0.101225,0.011780,0.198964,0.000000,0.081158,0.078538,-0.149660,-0.028140,0.294567,-0.024896,-0.039424,0.038848,FOLLOWER
1786354981047690822,2026-08-10T16:43:01.047709,prediction,-0.021628,0.367000,0.346383,-0.028958,0.304052,0.305361,True,-0.024855,0.305792,0.296859,0.004103,0.001740,0.008502,21.66,10,-0.139755,0.449061,0.543192,0.102970,0.010029,0.198964,0.000000,0.080716,0.078096,-0.157360,-0.024780,0.307764,-0.024896,-0.037248,0.038304,FOLLOWER
1786354981083256707,2026-08-10T16:43:01.083274,prediction,-0.016039,0.398000,0.350316,-0.027930,0.311424,0.311627,True,-0.024459,0.313211,0.302883,0.003471,0.001788,0.008744,22.66,10,-0.135663,0.455679,0.549720,0.107772,0.009598,0.200711,0.000000,0.080716,0.080716,-0.140980,-0.031220,0.298302,-0.024896,-0.041632,0.040480,FOLLOWER
1786354981115796944,2026-08-10T16:43:01.115812,prediction,-0.016039,0.398000,0.359817,-0.026511,0.320845,0.317813,True,-0.023648,0.321866,0.308860,0.002863,0.001021,0.008953,21.51,10,-0.135663,0.455679,0.549720,0.109517,0.010029,0.201142,0.000000,0.078096,0.080716,-0.160160,-0.041160,0.312744,-0.024896,-0.039296,0.042592,FOLLOWER
1786354981151399359,2026-08-10T16:43:01.151417,prediction,-0.016039,0.398000,0.362984,-0.025422,0.330302,0.323825,True,-0.022772,0.331172,0.314699,0.002651,0.000870,0.009126,24.25,10,-0.131744,0.462263,0.556215,0.113006,0.010029,0.200711,0.000000,0.078096,0.080716,-0.142520,-0.040600,0.296310,-0.024832,-0.039680,0.039072,FOLLOWER
1786354981191782418,2026-08-10T16:43:01.191814,prediction,-0.017121,0.392000,0.373039,-0.024559,0.339020,0.330092,True,-0.021929,0.340421,0.320543,0.002630,0.001400,0.009549,24.60,10,-0.127997,0.468769,0.562610,0.117370,0.009598,0.198964,0.000000,0.080716,0.078096,-0.164500,-0.044520,0.311748,-0.023776,-0.039744,0.040800,FOLLOWER
1786354981218957667,2026-08-10T16:43:01.218978,prediction,-0.009729,0.433000,0.375472,-0.022741,0.347591,0.336014,True,-0.020636,0.349492,0.326272,0.002105,0.001901,0.009742,20.91,10,-0.127997,0.468769,0.562610,0.120859,0.009598,0.198964,0.000000,0.078096,0.078096,-0.156240,-0.041160,0.312993,-0.023488,-0.039072,0.042464,FOLLOWER
1786354981254098111,2026-08-10T16:43:01.254123,prediction,-0.010735,0.410000,0.387113,-0.021414,0.356078,0.342652,True,-0.019334,0.358480,0.332221,0.002080,0.002401,0.010431,22.48,10,-0.127997,0.468769,0.562610,0.123917,0.010029,0.200711,0.000000,0.080716,0.078538,-0.123340,-0.045500,0.312412,-0.022880,-0.039968,0.042304,FOLLOWER
1786354981303001664,2026-08-10T16:43:01.303019,prediction,-0.005554,0.439000,0.387296,-0.019813,0.363962,0.348663,True,-0.017898,0.367077,0.337990,0.001915,0.003114,0.010673,33.02,10,-0.124392,0.475626,0.569244,0.122603,0.011780,0.200711,0.000000,0.078096,0.080716,-0.145040,-0.040600,0.308345,-0.020160,-0.043744,0.039136,FOLLOWER
1786354981357334659,2026-08-10T16:43:01.357353,prediction,0.000548,0.456000,0.400914,-0.016001,0.380169,0.360447,True,-0.016149,0.375563,0.343703,0.000149,0.004606,0.016745,35.14,10,-0.121189,0.482504,0.575746,0.122603,0.013087,0.200711,0.000000,0.080716,0.078096,-0.148120,-0.038080,0.312080,-0.018368,-0.036864,0.042688,FOLLOWER
1786354981384492985,2026-08-10T16:43:01.384511,prediction,0.000548,0.456000,0.400914,-0.016001,0.380169,0.360447,True,-0.014462,0.384033,0.349176,0.001538,0.003864,0.011272,25.23,10,-0.121189,0.482504,0.575746,0.122172,0.014831,0.200711,0.000000,0.080716,0.081158,-0.124600,-0.032200,0.311748,-0.017440,-0.036416,0.037632,FOLLOWER
1786354981410212208,2026-08-10T16:43:01.410244,prediction,-0.002461,0.439000,0.412090,-0.014506,0.386914,0.366467,True,-0.012871,0.391802,0.354580,0.001636,0.004889,0.011888,21.92,10,-0.118428,0.489368,0.582063,0.119552,0.017889,0.200711,0.000000,0.080716,0.080716,-0.131320,-0.032200,0.306270,-0.015040,-0.041024,0.037856,FOLLOWER
1786354981434975328,2026-08-10T16:43:01.434996,prediction,-0.001399,0.445000,0.420665,-0.012848,0.393383,0.372508,True,-0.011244,0.399074,0.359925,0.001604,0.005692,0.012583,18.38,10,-0.118428,0.489368,0.582063,0.115626,0.017889,0.200711,0.000000,0.080716,0.078096,-0.140420,-0.024360,0.310752,-0.014656,-0.039296,0.039296,FOLLOWER
1786354981481330362,2026-08-10T16:43:01.481358,prediction,0.007547,0.461000,0.434054,-0.010593,0.401183,0.379004,True,-0.009323,0.406794,0.365462,0.001270,0.005610,0.013542,25.74,10,-0.115961,0.496609,0.588547,0.106028,0.022685,0.200711,0.000000,0.078096,0.081158,-0.135380,-0.019740,0.309507,-0.012192,-0.038016,0.038080,FOLLOWER
1786354981504518079,2026-08-10T16:43:01.504533,prediction,0.013661,0.461000,0.446305,-0.008168,0.410103,0.386280,True,-0.007176,0.415354,0.371407,0.000992,0.005250,0.014872,17.61,10,-0.115961,0.496609,0.588547,0.104714,0.025742,0.200711,0.000000,0.078096,0.081158,-0.104720,-0.026320,0.323617,-0.011744,-0.039808,0.037920,FOLLOWER
1786354981535682904,2026-08-10T16:43:01.535698,prediction,0.019587,0.478000,0.453110,-0.005120,0.418234,0.393701,True,-0.004609,0.423898,0.377569,0.000511,0.005664,0.016132,18.54,10,-0.113871,0.503989,0.594996,0.097736,0.029231,0.200711,0.000000,0.080716,0.081158,-0.138180,-0.029680,0.312412,-0.010240,-0.039424,0.040192,FOLLOWER
1786354981564132442,2026-08-10T16:43:01.564147,prediction,0.028292,0.494000,0.456884,-0.001792,0.426100,0.401067,True,-0.001702,0.432259,0.383738,0.000090,0.006159,0.017329,21.47,10,-0.113871,0.503989,0.594996,0.095116,0.034034,0.198964,0.000000,0.081158,0.078096,-0.132580,-0.023520,0.328099,-0.009472,-0.035904,0.041408,FOLLOWER
1786354981600216716,2026-08-10T16:43:01.600233,prediction,0.028292,0.494000,0.459892,0.001164,0.434447,0.408372,True,0.001173,0.440760,0.389780,0.000010,0.006314,0.018592,29.89,10,-0.112151,0.511496,0.601404,0.086825,0.039267,0.200711,0.000000,0.080716,0.080716,-0.137200,-0.026320,0.303697,-0.009088,-0.039744,0.039520,FOLLOWER
1786354981663057430,2026-08-10T16:43:01.663071,prediction,0.038263,0.500000,0.471015,0.007912,0.447714,0.422855,True,0.004120,0.448496,0.395605,0.003792,0.000783,0.027250,57.98,10,-0.110554,0.519351,0.608031,0.076790,0.047120,0.200711,0.000000,0.080716,0.080716,-0.115920,-0.017920,0.311914,-0.007968,-0.037696,0.040576,FOLLOWER
1786354981693090056,2026-08-10T16:43:01.693157,prediction,0.042050,0.505000,0.473246,0.011857,0.454449,0.429536,True,0.007316,0.455629,0.401187,0.004541,0.001179,0.028349,26.57,10,-0.110554,0.519351,0.608031,0.073738,0.050609,0.198964,0.000000,0.080716,0.080716,-0.106820,-0.017360,0.326024,-0.008128,-0.037184,0.040256,FOLLOWER
1786354981733773428,2026-08-10T16:43:01.733845,prediction,0.043003,0.511000,0.475306,0.015373,0.461503,0.436191,True,0.010752,0.462526,0.406359,0.004621,0.001023,0.029833,40.68,10,-0.109424,0.526669,0.614071,0.063703,0.057156,0.200711,0.000000,0.081158,0.080716,-0.106260,-0.008260,0.318803,-0.008576,-0.041632,0.040192,FOLLOWER
1786354981763454033,2026-08-10T16:43:01.763466,prediction,0.043003,0.511000,0.481267,0.018955,0.468301,0.442468,True,0.014070,0.469453,0.411185,0.004885,0.001152,0.031283,30.77,10,-0.109424,0.526669,0.614071,0.058463,0.060207,0.198964,0.000000,0.081158,0.078096,-0.065940,-0.020440,0.336482,-0.009024,-0.037568,0.041984,FOLLOWER
1786354981790817620,2026-08-10T16:43:01.790834,prediction,0.043003,0.511000,0.481267,0.018955,0.468301,0.442468,True,0.017327,0.476213,0.415598,0.001628,0.007912,0.026870,26.00,10,-0.109424,0.526669,0.614071,0.052354,0.063703,0.198964,0.000000,0.080716,0.081158,-0.098560,-0.026600,0.325028,-0.009472,-0.038144,0.042752,FOLLOWER
1786354981828037639,2026-08-10T16:43:01.828051,prediction,0.043798,0.516000,0.483447,0.022245,0.473820,0.448878,True,0.020406,0.482234,0.419700,0.001839,0.008414,0.029178,27.32,10,-0.108547,0.534636,0.620535,0.045376,0.068498,0.198964,0.000000,0.080716,0.080716,-0.090440,-0.006440,0.339387,-0.010368,-0.037120,0.039136,FOLLOWER
1786354981861547365,2026-08-10T16:43:01.861562,prediction,0.045386,0.526000,0.490713,0.028301,0.484126,0.460842,True,0.023267,0.487692,0.423408,0.005034,0.003566,0.037434,26.94,10,-0.108019,0.542217,0.626598,0.037523,0.071556,0.198525,0.002609,0.080716,0.078096,-0.083020,-0.007700,0.317724,-0.010816,-0.040352,0.042528,FOLLOWER
1786354981889689366,2026-08-10T16:43:01.889709,prediction,0.045386,0.526000,0.490713,0.028301,0.484126,0.460842,True,0.025962,0.492777,0.426826,0.002338,0.008651,0.034016,26.02,10,-0.108019,0.542217,0.626598,0.036209,0.075045,0.202889,0.000000,0.080716,0.078096,-0.058800,-0.008960,0.314653,-0.010816,-0.036416,0.041696,FOLLOWER
1786354981923968238,2026-08-10T16:43:01.924000,prediction,0.051105,0.562000,0.490565,0.031872,0.489465,0.466074,True,0.028808,0.497711,0.429811,0.003064,0.008245,0.036263,25.60,10,-0.107761,0.550025,0.632766,0.026174,0.078534,0.200711,0.000000,0.080716,0.080716,-0.088620,-0.006160,0.321708,-0.011744,-0.037696,0.037920,FOLLOWER
1786354981969138975,2026-08-10T16:43:01.969157,prediction,0.051105,0.562000,0.493461,0.035372,0.496773,0.470927,True,0.031653,0.503459,0.432425,0.003719,0.006686,0.038502,31.92,10,-0.107761,0.550025,0.632766,0.023122,0.081592,0.198964,0.000000,0.080716,0.081158,-0.081480,-0.005880,0.335818,-0.012640,-0.040576,0.036416,FOLLOWER
1786354981997095723,2026-08-10T16:43:01.997113,prediction,0.057301,0.601000,0.492496,0.038689,0.504475,0.474823,True,0.034392,0.509750,0.434534,0.004297,0.005276,0.040289,23.30,10,-0.107767,0.557921,0.638938,0.017889,0.084643,0.200711,0.000000,0.080716,0.078096,-0.080780,-0.009520,0.325360,-0.012928,-0.035296,0.041024,FOLLOWER
1786354982024623773,2026-08-10T16:43:02.024639,prediction,0.057301,0.601000,0.492496,0.041598,0.513482,0.477902,True,0.036876,0.516877,0.436138,0.004722,0.003396,0.041764,23.15,10,-0.107767,0.557921,0.638938,0.014394,0.086388,0.198525,0.000000,0.081158,0.075477,-0.083300,-0.011760,0.331668,-0.013248,-0.037184,0.039968,FOLLOWER
1786354982050930636,2026-08-10T16:43:02.050947,prediction,0.059341,0.596000,0.493362,0.044248,0.522750,0.480586,True,0.039114,0.524488,0.437350,0.005134,0.001739,0.043236,19.97,10,-0.107767,0.557921,0.638938,0.010029,0.088139,0.198525,0.000000,0.081158,0.067188,-0.073080,-0.006160,0.345612,-0.014752,-0.033280,0.032800,FOLLOWER
1786354982085010396,2026-08-10T16:43:02.085027,prediction,0.060913,0.606000,0.494453,0.046423,0.531163,0.483090,True,0.041029,0.531904,0.438293,0.005394,0.000741,0.044798,22.07,10,-0.108131,0.565845,0.644998,0.004796,0.092934,0.200711,0.000000,0.081158,0.053659,-0.070980,-0.031220,0.331336,-0.015360,-0.038688,0.032288,FOLLOWER
1786354982128820086,2026-08-10T16:43:02.128840,prediction,0.060913,0.606000,0.494453,0.048598,0.538819,0.485394,True,0.042789,0.538809,0.439031,0.005808,0.000010,0.046363,29.86,10,-0.108627,0.574233,0.651347,0.000000,0.096423,0.198964,0.000000,0.080716,0.040573,-0.062860,-0.031220,0.328099,-0.016320,-0.036416,0.032224,FOLLOWER
1786354982173440862,2026-08-10T16:43:02.173486,prediction,0.062485,0.616000,0.492704,0.050704,0.546324,0.486973,True,0.044443,0.545351,0.439490,0.006261,0.000972,0.047483,27.74,10,-0.108627,0.574233,0.651347,0.004796,0.098174,0.198964,0.000000,0.078096,0.021375,0.054180,-0.012600,0.343039,-0.017536,-0.038848,0.033120,FOLLOWER
1786354982214330285,2026-08-10T16:43:02.214353,prediction,0.063900,0.625000,0.491129,0.052413,0.554331,0.488314,True,0.045867,0.551928,0.439767,0.006546,0.002404,0.048547,26.15,10,-0.109259,0.581853,0.656969,0.013087,0.102970,0.198964,0.000000,0.080716,0.002609,0.079240,-0.015400,0.320712,-0.019648,-0.036192,0.030176,FOLLOWER
1786354982251987406,2026-08-10T16:43:02.252004,prediction,0.058712,0.592000,0.496902,0.053524,0.562120,0.489891,True,0.046918,0.558422,0.440035,0.006606,0.003698,0.049856,25.20,10,-0.109259,0.581853,0.656969,0.017889,0.106028,0.198964,0.000000,0.078096,0.002609,0.080220,-0.015120,0.325526,-0.020832,-0.038688,-0.015872,FOLLOWER
1786354982322295763,2026-08-10T16:43:02.322311,prediction,0.059269,0.648000,0.487106,0.055780,0.578495,0.491172,True,0.047817,0.564930,0.440144,0.007963,0.013565,0.051027,42.50,10,-0.110031,0.590136,0.662986,0.026174,0.112568,0.200711,0.000000,0.080716,0.027045,0.107240,-0.032480,0.320878,-0.024608,-0.035232,-0.030336,FOLLOWER
1786354982374195146,2026-08-10T16:43:02.374212,prediction,0.057995,0.657000,0.485532,0.056726,0.587486,0.491311,True,0.048607,0.571645,0.440062,0.008119,0.015840,0.051249,56.83,10,-0.110898,0.598594,0.669025,0.029231,0.114319,0.198964,0.000000,0.078538,0.029665,0.117460,-0.032200,0.338225,-0.025952,-0.037344,-0.032064,FOLLOWER
1786354982407876587,2026-08-10T16:43:02.407890,prediction,0.047059,0.657000,0.485532,0.056726,0.587486,0.491311,True,0.049289,0.578710,0.439827,0.007437,0.008776,0.051483,30.53,10,-0.111881,0.606944,0.674753,0.032720,0.116063,0.198964,0.000000,0.078096,0.032715,0.097580,-0.027580,0.343869,-0.027904,-0.041024,-0.030240,FOLLOWER
1786354982449484629,2026-08-10T16:43:02.449502,prediction,0.047059,0.657000,0.485532,0.056891,0.596804,0.491306,True,0.049587,0.586129,0.439511,0.007304,0.010675,0.051795,37.12,10,-0.111881,0.606944,0.674753,0.034465,0.117808,0.198525,0.000000,0.080716,0.034903,0.091700,-0.026320,0.339055,-0.028960,-0.035584,-0.033792,FOLLOWER
1786354982517263164,2026-08-10T16:43:02.517296,prediction,0.040018,0.679000,0.478981,0.055945,0.614944,0.490141,True,0.049546,0.593656,0.439081,0.006398,0.021288,0.051060,47.99,10,-0.112820,0.614535,0.679844,0.036209,0.120859,0.198964,0.000000,0.078096,0.035335,0.115220,-0.039620,0.332166,-0.032288,-0.042816,-0.034016,FOLLOWER
1786354982545943722,2026-08-10T16:43:02.546006,prediction,0.040357,0.696000,0.473361,0.055228,0.622989,0.488801,True,0.049121,0.601230,0.438529,0.006107,0.021758,0.050272,28.73,10,-0.114084,0.624356,0.686269,0.037523,0.124354,0.200711,0.000000,0.078096,0.034903,0.114660,-0.040600,0.343537,-0.033952,-0.036352,-0.032576,FOLLOWER
1786354982572648412,2026-08-10T16:43:02.572662,prediction,0.040357,0.696000,0.473361,0.055228,0.622989,0.488801,True,0.048534,0.608418,0.437794,0.006694,0.014571,0.051007,26.35,10,-0.114084,0.624356,0.686269,0.037523,0.125661,0.200711,0.000000,0.078096,0.037954,0.110320,-0.049280,0.330672,-0.035296,-0.036864,-0.031840,FOLLOWER
1786354982617936150,2026-08-10T16:43:02.617980,prediction,0.038839,0.717000,0.464477,0.052798,0.639042,0.485377,True,0.047661,0.615751,0.436924,0.005137,0.023291,0.048453,36.13,10,-0.115036,0.631370,0.690469,0.038829,0.127406,0.200711,0.000000,0.078096,0.040142,0.100100,-0.033740,0.333245,-0.037568,-0.040480,-0.035680,FOLLOWER
1786354982653987499,2026-08-10T16:43:02.654003,prediction,0.038839,0.717000,0.464477,0.052798,0.639042,0.485377,True,0.046653,0.622555,0.435935,0.006145,0.016487,0.049442,33.48,10,-0.115036,0.631370,0.690469,0.039267,0.130457,0.202458,0.000000,0.080716,0.037954,0.120820,-0.034300,0.327767,-0.039680,-0.035232,-0.033408,FOLLOWER
1786354982698085288,2026-08-10T16:43:02.698099,prediction,0.038590,0.730000,0.459670,0.051415,0.646688,0.483131,True,0.045515,0.629275,0.434798,0.005899,0.017413,0.048333,37.35,10,-0.116205,0.640088,0.695352,0.040574,0.132639,0.198964,0.000000,0.078096,0.040573,0.117460,-0.038360,0.347189,-0.041184,-0.036864,-0.034848,FOLLOWER
1786354982733006934,2026-08-10T16:43:02.733032,prediction,0.035606,0.742000,0.457670,0.049728,0.655098,0.480679,True,0.044181,0.636319,0.433528,0.005546,0.018778,0.047151,25.53,10,-0.117336,0.648687,0.700000,0.042318,0.137004,0.200711,0.000000,0.080716,0.040573,0.103460,-0.039620,0.331502,-0.042528,-0.040576,-0.035968,FOLLOWER
1786354982783061269,2026-08-10T16:43:02.783076,prediction,0.026290,0.734000,0.451168,0.045130,0.671879,0.475242,True,0.042542,0.643533,0.432146,0.002587,0.028345,0.043096,35.05,10,-0.117336,0.648687,0.700000,0.042318,0.143988,0.198964,0.000000,0.081158,0.043193,0.127400,-0.050820,0.338059,-0.045536,-0.038624,-0.033280,FOLLOWER
1786354982810135464,2026-08-10T16:43:02.810164,prediction,0.026290,0.734000,0.451168,0.045130,0.671879,0.475242,True,0.040655,0.650936,0.430670,0.004474,0.020942,0.044572,25.85,10,-0.118448,0.657649,0.704500,0.042318,0.143550,0.198964,0.000000,0.080716,0.042751,0.121800,-0.054740,0.333079,-0.045984,-0.035360,-0.033632,FOLLOWER
1786354982871491114,2026-08-10T16:43:02.871512,prediction,0.029875,0.766000,0.440875,0.040681,0.688400,0.468541,True,0.038603,0.658248,0.429094,0.002077,0.030153,0.039446,34.75,10,-0.119511,0.666601,0.708824,0.044069,0.148352,0.198964,0.000000,0.080716,0.043193,0.095760,-0.033040,0.346110,-0.048864,-0.035744,-0.035360,FOLLOWER
1786354982904062188,2026-08-10T16:43:02.904077,prediction,0.029875,0.766000,0.440875,0.040681,0.688400,0.468541,True,0.036729,0.665758,0.427217,0.003952,0.022643,0.041324,33.60,10,-0.119511,0.666601,0.708824,0.042756,0.155330,0.200711,0.000000,0.080716,0.043193,0.123620,-0.055160,0.334241,-0.050656,-0.035840,-0.038080,FOLLOWER
1786354982939727411,2026-08-10T16:43:02.939742,prediction,0.025231,0.742000,0.431683,0.038325,0.696560,0.464741,True,0.034757,0.673252,0.425157,0.003567,0.023308,0.039584,27.15,10,-0.120470,0.675659,0.712855,0.044500,0.156637,0.200711,0.000000,0.078096,0.043193,0.113400,-0.061320,0.328929,-0.052480,-0.038976,-0.035008,FOLLOWER
1786354983032517417,2026-08-10T16:43:03.032544,prediction,0.030248,0.781000,0.408088,0.034464,0.712470,0.455170,True,0.032887,0.680779,0.422797,0.001577,0.031692,0.032373,72.02,10,-0.121371,0.684810,0.716750,0.040574,0.161877,0.201142,0.000000,0.080716,0.043193,0.109620,-0.041720,0.335818,-0.054880,-0.036800,-0.034464,FOLLOWER
1786354983085177437,2026-08-10T16:43:03.085192,prediction,0.028505,0.785000,0.399951,0.033227,0.720627,0.449464,True,0.031141,0.688183,0.420041,0.002086,0.032444,0.029423,52.75,10,-0.122220,0.694215,0.720571,0.040574,0.166673,0.198525,0.000000,0.080716,0.040573,0.099820,-0.052640,0.344782,-0.056544,-0.038912,-0.035680,FOLLOWER
1786354983110282647,2026-08-10T16:43:03.110299,prediction,0.030080,0.793000,0.391339,0.032413,0.729085,0.443232,True,0.029725,0.695727,0.416853,0.002687,0.033359,0.026378,25.14,10,-0.122220,0.694215,0.720571,0.040574,0.166673,0.198964,0.000000,0.080716,0.040573,0.088900,-0.065940,0.341296,-0.057120,-0.035968,-0.034016,FOLLOWER
1786354983136403624,2026-08-10T16:43:03.136423,prediction,0.033175,0.796000,0.388443,0.031957,0.737817,0.437196,True,0.028665,0.703499,0.413214,0.003291,0.034318,0.023981,23.53,10,-0.122893,0.703457,0.723959,0.037523,0.168424,0.200711,0.000000,0.078096,0.037523,0.097020,-0.062300,0.345778,-0.057344,-0.037344,-0.035584,FOLLOWER
1786354983163493207,2026-08-10T16:43:03.163507,prediction,0.033955,0.800000,0.382929,0.031530,0.745803,0.431167,True,0.027948,0.711481,0.409334,0.003582,0.034323,0.021833,27.70,10,-0.122893,0.703457,0.723959,0.037523,0.169730,0.198964,0.000000,0.080716,0.035335,0.112140,-0.059500,0.346857,-0.058496,-0.042464,-0.032512,FOLLOWER
1786354983188124794,2026-08-10T16:43:03.188141,prediction,0.033955,0.800000,0.382929,0.031530,0.745803,0.431167,True,0.027425,0.719264,0.405311,0.004105,0.026540,0.025856,26.13,10,-0.122893,0.703457,0.723959,0.036209,0.171475,0.200711,0.000000,0.080716,0.037523,0.117180,-0.047320,0.327767,-0.058784,-0.041920,-0.031232,FOLLOWER
1786354983238616912,2026-08-10T16:43:03.238635,prediction,0.036102,0.811000,0.376599,0.031042,0.759656,0.419360,True,0.027064,0.726588,0.401228,0.003978,0.033068,0.018133,35.21,10,-0.123441,0.713290,0.727172,0.036209,0.172782,0.200711,0.000000,0.080716,0.035335,0.109060,-0.060340,0.343371,-0.059232,-0.037248,-0.031168,FOLLOWER
1786354983296360894,2026-08-10T16:43:03.296511,prediction,0.036102,0.811000,0.374114,0.030876,0.766011,0.413657,True,0.026844,0.733492,0.397117,0.004033,0.032519,0.016540,53.08,10,-0.123817,0.722659,0.729853,0.032720,0.179766,0.198964,0.000000,0.080716,0.032284,0.099400,-0.072100,0.349098,-0.061344,-0.040416,-0.035008,FOLLOWER
1786354983330967738,2026-08-10T16:43:03.330983,prediction,0.040129,0.819000,0.368221,0.031178,0.771602,0.407693,True,0.026702,0.740031,0.393016,0.004476,0.031571,0.014677,35.73,10,-0.124148,0.732627,0.732503,0.030976,0.182817,0.200711,0.000000,0.081158,0.032284,0.103740,-0.069720,0.339968,-0.061792,-0.037568,-0.032448,FOLLOWER
1786354983379267616,2026-08-10T16:43:03.379323,prediction,0.046021,0.811000,0.364176,0.032421,0.777254,0.401812,True,0.026816,0.746073,0.388809,0.005604,0.031181,0.013002,42.66,10,-0.124148,0.732627,0.732503,0.029231,0.186313,0.200711,0.000000,0.080716,0.029665,0.106820,-0.059080,0.337727,-0.062240,-0.036736,-0.034848,FOLLOWER
1786354983433798302,2026-08-10T16:43:03.433814,prediction,0.048849,0.826000,0.360033,0.035259,0.788114,0.390239,True,0.027493,0.751842,0.384510,0.007766,0.036272,0.005729,60.00,10,-0.124397,0.742046,0.734808,0.027925,0.191108,0.200711,0.000000,0.081158,0.027045,0.085540,-0.088620,0.346110,-0.063008,-0.034624,-0.033280,FOLLOWER
1786354983464690344,2026-08-10T16:43:03.464705,prediction,0.058235,0.837000,0.356376,0.037150,0.793463,0.384605,True,0.028488,0.757387,0.380144,0.008661,0.036076,0.004462,30.25,10,-0.124547,0.751719,0.736769,0.022685,0.189364,0.198525,0.000000,0.078096,0.024426,0.080500,-0.076860,0.351837,-0.063616,-0.037632,-0.030624,FOLLOWER
1786354983494682551,2026-08-10T16:43:03.494697,prediction,0.061616,0.815000,0.356293,0.039575,0.798799,0.379579,True,0.029743,0.762794,0.375694,0.009832,0.036005,0.003885,27.58,10,-0.124547,0.751719,0.736769,0.024429,0.191108,0.198964,0.000000,0.081158,0.024426,0.082740,-0.074620,0.340964,-0.063616,-0.037248,-0.030464,FOLLOWER
1786354983528274330,2026-08-10T16:43:03.528290,prediction,0.061616,0.815000,0.356293,0.039575,0.798799,0.379579,True,0.031308,0.768074,0.371194,0.008267,0.030725,0.008385,28.95,10,-0.124633,0.761587,0.738359,0.019634,0.192853,0.200711,0.000000,0.081158,0.018756,0.106540,-0.080780,0.334573,-0.063616,-0.039424,-0.032512,FOLLOWER
1786354983561736061,2026-08-10T16:43:03.561753,prediction,0.067264,0.819000,0.350921,0.042119,0.802906,0.374908,True,0.033290,0.773208,0.366848,0.008829,0.029698,0.008061,38.36,10,-0.124633,0.761587,0.738359,0.019634,0.194166,0.198964,0.000000,0.078096,0.019198,0.111580,-0.091140,0.347853,-0.063744,-0.038912,-0.033408,FOLLOWER
1786354983593617569,2026-08-10T16:43:03.593643,prediction,0.071467,0.829000,0.347427,0.044867,0.806768,0.370864,True,0.033290,0.773208,0.366848,0.011577,0.033560,0.004017,0.00,10,-0.124696,0.771653,0.739569,0.019634,0.192853,0.198964,0.000000,0.080716,0.018756,0.094500,-0.102200,0.339055,-0.063456,-0.035904,-0.033344,LEADER
1786354983627245877,2026-08-10T16:43:03.627261,prediction,0.078242,0.840000,0.341429,0.048183,0.810100,0.366963,True,0.033290,0.773208,0.366846,0.014894,0.036892,0.000117,0.00,10,-0.124696,0.771653,0.739569,0.016138,0.194604,0.198525,0.000000,0.080716,0.018756,0.074620,-0.089460,0.344284,-0.063616,-0.036416,-0.032352,LEADER
1786354983659822171,2026-08-10T16:43:03.659835,prediction,0.087479,0.837000,0.341726,0.052010,0.813540,0.363655,True,0.033287,0.773206,0.366836,0.018723,0.040334,0.003180,0.00,10,-0.124896,0.781554,0.739504,0.016576,0.195911,0.198964,0.000000,0.078096,0.016137,0.084000,-0.091980,0.347687,-0.063904,-0.035360,-0.033024,LEADER
1786354983694799771,2026-08-10T16:43:03.694825,prediction,0.087479,0.837000,0.341726,0.052010,0.813540,0.363655,True,0.033280,0.773202,0.366808,0.018730,0.040338,0.003153,0.00,10,-0.124896,0.781554,0.739504,0.014831,0.195911,0.200711,0.000000,0.078096,0.016137,0.081480,-0.116200,0.341462,-0.063168,-0.035744,-0.032128,LEADER
1786354983726649259,2026-08-10T16:43:03.726664,prediction,0.085678,0.826000,0.335434,0.055510,0.816575,0.360122,True,0.033267,0.773193,0.366755,0.022243,0.043382,0.006633,0.00,10,-0.125103,0.791829,0.739435,0.014394,0.195911,0.198964,0.000000,0.078096,0.016137,0.072800,-0.097020,0.343205,-0.063456,-0.040800,-0.032128,LEADER
1786354983761390960,2026-08-10T16:43:03.761424,prediction,0.098420,0.829000,0.330242,0.059808,0.818942,0.356609,True,0.033245,0.773179,0.366668,0.026562,0.045763,0.010059,0.00,10,-0.125103,0.791829,0.739435,0.014831,0.196348,0.198964,0.000000,0.080716,0.013517,0.064680,-0.089180,0.343703,-0.063008,-0.036864,-0.035008,LEADER
1786354983798109609,2026-08-10T16:43:03.798136,prediction,0.101486,0.833000,0.324983,0.064258,0.820962,0.352945,True,0.033214,0.773158,0.366540,0.031044,0.047803,0.013595,0.00,10,-0.125296,0.801472,0.739366,0.011342,0.199400,0.201142,0.000000,0.081158,0.013517,0.078960,-0.098560,0.344284,-0.062560,-0.038464,-0.034304,LEADER
1786354983830976647,2026-08-10T16:43:03.831003,prediction,0.102608,0.808000,0.324677,0.068692,0.822699,0.349484,True,0.033170,0.773130,0.366365,0.035521,0.049569,0.016881,0.00,10,-0.125296,0.801472,0.739366,0.011342,0.200706,0.198964,0.000000,0.078096,0.013517,0.102900,-0.130200,0.346110,-0.062720,-0.041408,-0.033568,LEADER
1786354983860057055,2026-08-10T16:43:03.860071,prediction,0.107179,0.822000,0.321011,0.073430,0.823633,0.345944,True,0.033113,0.773093,0.366135,0.040317,0.050540,0.020192,0.00,10,-0.125495,0.811511,0.739281,0.011342,0.198962,0.198964,0.000000,0.080716,0.010898,0.100380,-0.109340,0.355240,-0.062400,-0.036960,-0.035008,LEADER
1786354983893560816,2026-08-10T16:43:03.893589,prediction,0.107179,0.822000,0.311145,0.077900,0.824407,0.342139,True,0.033041,0.773046,0.365845,0.044859,0.051361,0.023707,0.00,10,-0.125495,0.811511,0.739281,0.013087,0.199400,0.200711,0.000000,0.080716,0.010898,0.085120,-0.107240,0.333411,-0.062240,-0.035840,-0.032352,LEADER
1786354983927125714,2026-08-10T16:43:03.927145,prediction,0.109640,0.822000,0.308678,0.082091,0.824935,0.338303,True,0.032953,0.772988,0.365489,0.049138,0.051947,0.027185,0.00,10,-0.125687,0.821526,0.739175,0.013087,0.201144,0.200711,0.000000,0.080716,0.013517,0.085820,-0.104720,0.334573,-0.062400,-0.035680,-0.032448,LEADER
1786354983960282653,2026-08-10T16:43:03.960296,prediction,0.114287,0.837000,0.300216,0.086642,0.825414,0.334039,True,0.032846,0.772919,0.365060,0.053796,0.052495,0.031021,0.00,10,-0.125687,0.821526,0.739175,0.013087,0.202457,0.198525,0.000000,0.080716,0.010467,0.098560,-0.148120,0.345114,-0.062112,-0.041696,-0.034016,LEADER
1786354983993854083,2026-08-10T16:43:03.993882,prediction,0.115572,0.829000,0.293418,0.091090,0.826256,0.329598,True,0.032721,0.772837,0.364554,0.058370,0.053419,0.034956,0.00,10,-0.125870,0.831474,0.739035,0.013087,0.199400,0.198964,0.000000,0.078538,0.013517,0.096600,-0.120820,0.339221,-0.062112,-0.038304,-0.032000,LEADER
1786354984027003117,2026-08-10T16:43:04.027019,prediction,0.116724,0.837000,0.278240,0.094913,0.826585,0.325074,True,0.032575,0.772742,0.363967,0.062338,0.053843,0.038893,0.00,10,-0.125870,0.831474,0.739035,0.013087,0.197655,0.200711,0.000000,0.080716,0.013517,0.084000,-0.119840,0.335486,-0.062112,-0.038240,-0.030848,LEADER
1786354984060446762,2026-08-10T16:43:04.060483,prediction,0.119161,0.837000,0.270915,0.098587,0.826810,0.319870,True,0.032407,0.772632,0.363292,0.066179,0.054178,0.043422,0.00,10,-0.126042,0.841464,0.738846,0.011780,0.200706,0.200711,0.000000,0.080716,0.013517,0.079660,-0.132580,0.344284,-0.062240,-0.042080,-0.029888,LEADER
1786354984093842446,2026-08-10T16:43:04.093859,prediction,0.119161,0.837000,0.270915,0.102046,0.827815,0.314537,True,0.032217,0.772508,0.362527,0.069829,0.055307,0.047991,0.00,10,-0.126042,0.841464,0.738846,0.013087,0.200706,0.198964,0.000000,0.080716,0.010467,0.075600,-0.136920,0.339387,-0.062400,-0.039424,-0.030624,LEADER
1786354984132154822,2026-08-10T16:43:04.132183,prediction,0.119588,0.840000,0.265888,0.105254,0.828976,0.309101,True,0.032004,0.772369,0.361668,0.073251,0.056607,0.052567,0.00,10,-0.126196,0.851400,0.738590,0.013087,0.199400,0.200711,0.000000,0.081158,0.013517,0.083580,-0.147140,0.340466,-0.063008,-0.037568,-0.031520,LEADER
1786354984161904535,2026-08-10T16:43:04.161924,prediction,0.121154,0.851000,0.258107,0.108115,0.829795,0.303546,True,0.031766,0.772214,0.360710,0.076349,0.057581,0.057164,0.00,10,-0.126196,0.851400,0.738590,0.011342,0.197655,0.198964,0.000000,0.080716,0.010898,0.074340,-0.131040,0.344450,-0.062848,-0.037856,-0.031680,LEADER
1786354984195318964,2026-08-10T16:43:04.195383,prediction,0.119588,0.840000,0.253704,0.110256,0.830119,0.297678,True,0.031503,0.772043,0.359651,0.078753,0.058076,0.061974,0.00,10,-0.126331,0.861530,0.738237,0.011342,0.201144,0.200711,0.000000,0.080716,0.010898,0.073360,-0.136360,0.336980,-0.063296,-0.037632,-0.033120,LEADER
1786354984228662318,2026-08-10T16:43:04.228678,prediction,0.121582,0.854000,0.245911,0.112649,0.830930,0.291710,True,0.031214,0.771854,0.358488,0.081435,0.059076,0.066779,0.00,10,-0.126331,0.861530,0.738237,0.011342,0.202457,0.200711,0.000000,0.081158,0.013517,0.094780,-0.169260,0.342873,-0.063456,-0.037792,-0.033856,LEADER
1786354984261377765,2026-08-10T16:43:04.261415,prediction,0.121582,0.854000,0.236256,0.114194,0.832426,0.285444,True,0.030899,0.771649,0.357218,0.083295,0.060777,0.071775,0.00,10,-0.126438,0.871788,0.737759,0.013087,0.199400,0.198964,0.000000,0.080716,0.013517,0.092960,-0.139160,0.350426,-0.063616,-0.039744,-0.033184,LEADER
1786354984294739724,2026-08-10T16:43:04.294754,prediction,0.123148,0.865000,0.228763,0.115638,0.834059,0.279029,True,0.030557,0.771425,0.355839,0.085081,0.062633,0.076810,0.00,10,-0.126438,0.871788,0.737759,0.011342,0.197655,0.202458,0.000000,0.080716,0.010898,0.088620,-0.138180,0.327601,-0.063616,-0.041248,-0.034304,LEADER
1786354984328223335,2026-08-10T16:43:04.328246,prediction,0.124002,0.871000,0.219083,0.117064,0.836305,0.271989,True,0.030186,0.771184,0.354349,0.086877,0.065121,0.082359,0.00,10,-0.126503,0.881402,0.737168,0.011342,0.201144,0.200711,0.000000,0.080716,0.010898,0.097580,-0.172620,0.342375,-0.063616,-0.038304,-0.034624,LEADER
1786354984362065129,2026-08-10T16:43:04.362129,prediction,0.123148,0.865000,0.216785,0.118128,0.839048,0.265041,True,0.029788,0.770924,0.352746,0.088340,0.068123,0.087704,0.00,10,-0.126503,0.881402,0.737168,0.011780,0.202457,0.198964,0.000000,0.078096,0.010898,0.098140,-0.176260,0.332747,-0.063616,-0.037792,-0.035232,LEADER
1786354984394922627,2026-08-10T16:43:04.394969,prediction,0.124571,0.875000,0.209502,0.119288,0.842210,0.258265,True,0.029362,0.770646,0.351028,0.089926,0.071563,0.092763,0.00,10,-0.126525,0.891398,0.736369,0.011780,0.197655,0.200711,0.000000,0.078096,0.010467,0.095760,-0.140000,0.343869,-0.063616,-0.041248,-0.035072,LEADER
1786354984429008576,2026-08-10T16:43:04.429029,prediction,0.124002,0.871000,0.204769,0.120245,0.845455,0.251338,True,0.028907,0.770349,0.349194,0.091339,0.075106,0.097857,0.00,10,-0.126525,0.891398,0.736369,0.010029,0.197655,0.200711,0.000000,0.080716,0.010898,0.084560,-0.152460,0.339221,-0.063616,-0.038144,-0.034176,LEADER
1786354984460748844,2026-08-10T16:43:04.460763,prediction,0.124002,0.871000,0.197613,0.120893,0.848718,0.244497,True,0.028422,0.770033,0.347244,0.092471,0.078684,0.102747,0.00,10,-0.126493,0.901335,0.735351,0.010029,0.202457,0.198964,0.000000,0.081158,0.008289,0.087080,-0.189000,0.340632,-0.063616,-0.036640,-0.033856,LEADER
1786354984494954612,2026-08-10T16:43:04.494979,prediction,0.122578,0.861000,0.195225,0.121360,0.851610,0.237951,True,0.027909,0.769699,0.345177,0.093451,0.081911,0.107226,0.00,10,-0.126493,0.901335,0.735351,0.009598,0.202457,0.200711,0.000000,0.081158,0.010898,0.088620,-0.200480,0.337229,-0.063616,-0.041312,-0.034560,LEADER
1786354984528673361,2026-08-10T16:43:04.528748,prediction,0.120181,0.861000,0.190421,0.121667,0.853895,0.231412,True,0.027367,0.769345,0.342992,0.094301,0.084550,0.111580,0.00,10,-0.126394,0.911219,0.734065,0.009598,0.197655,0.200711,0.000000,0.080716,0.008289,0.087080,-0.159320,0.335984,-0.063616,-0.038016,-0.034400,LEADER
1786354984562090726,2026-08-10T16:43:04.562105,prediction,0.120181,0.861000,0.190421,0.121667,0.853895,0.231412,True,0.026795,0.768972,0.340689,0.094873,0.084923,0.109277,0.00,10,-0.126394,0.911219,0.734065,0.007853,0.199400,0.198964,0.000000,0.078096,0.010898,0.076160,-0.174440,0.341130,-0.063456,-0.037920,-0.035840,LEADER
1786354984594083736,2026-08-10T16:43:04.594117,prediction,0.121621,0.871000,0.188070,0.121994,0.856059,0.225401,True,0.026194,0.768580,0.338268,0.095800,0.087479,0.112868,0.00,10,-0.126215,0.921097,0.732453,0.009598,0.202457,0.200711,0.000000,0.080716,0.007847,0.077700,-0.208880,0.342873,-0.063296,-0.044256,-0.035584,LEADER
1786354984627578999,2026-08-10T16:43:04.627629,prediction,0.120757,0.865000,0.178457,0.122207,0.860216,0.213570,True,0.025563,0.768169,0.335730,0.096643,0.092047,0.122160,0.00,10,-0.126215,0.921097,0.732453,0.008285,0.201144,0.198964,0.000000,0.083335,0.007847,0.079240,-0.210140,0.343869,-0.063296,-0.036736,-0.035296,LEADER
1786354984660319264,2026-08-10T16:43:04.660350,prediction,0.120181,0.861000,0.176008,0.122142,0.861963,0.208097,True,0.024904,0.767739,0.333075,0.097238,0.094224,0.124978,0.00,10,-0.125941,0.930916,0.730456,0.007853,0.197655,0.200711,0.000000,0.078096,0.007847,0.070560,-0.169540,0.337893,-0.063168,-0.041696,-0.037184,LEADER
1786354984694114919,2026-08-10T16:43:04.694140,prediction,0.119172,0.854000,0.168673,0.122114,0.863433,0.202428,True,0.024216,0.767290,0.330303,0.097898,0.096143,0.127875,0.00,10,-0.125941,0.930916,0.730456,0.008285,0.199400,0.202458,0.000000,0.078096,0.008289,0.070000,-0.180040,0.334656,-0.062848,-0.040800,-0.035744,LEADER
1786354984726880722,2026-08-10T16:43:04.726925,prediction,0.120757,0.865000,0.164084,0.122059,0.864260,0.196973,True,0.023499,0.766822,0.327415,0.098560,0.097438,0.130442,0.00,10,-0.125556,0.940596,0.728022,0.006540,0.202457,0.198964,0.000000,0.080716,0.005670,0.082740,-0.220360,0.339968,-0.062848,-0.041472,-0.036864,LEADER
1786354984760857433,2026-08-10T16:43:04.760876,prediction,0.120757,0.865000,0.164084,0.122059,0.864260,0.196973,True,0.022753,0.766336,0.324414,0.099306,0.097924,0.127441,0.00,10,-0.125556,0.940596,0.728022,0.004796,0.201144,0.198964,0.000000,0.080716,0.005228,0.086380,-0.232680,0.342873,-0.062848,-0.041248,-0.035968,LEADER
1786354984794145562,2026-08-10T16:43:04.794166,prediction,0.123148,0.865000,0.159293,0.122192,0.865012,0.191847,True,0.021980,0.765832,0.321299,0.100212,0.099180,0.129452,0.00,10,-0.125042,0.950128,0.725073,0.004796,0.197655,0.198964,0.000000,0.078538,0.005670,0.076860,-0.196140,0.328763,-0.062560,-0.037856,-0.034400,LEADER
1786354984827327999,2026-08-10T16:43:04.827347,prediction,0.123148,0.865000,0.156898,0.122135,0.865896,0.183070,True,0.021179,0.765309,0.318073,0.100956,0.100587,0.135003,0.00,10,-0.125042,0.950128,0.725073,0.003489,0.197655,0.200711,0.000000,0.078096,0.005670,0.081200,-0.195300,0.337395,-0.062240,-0.041184,-0.033856,LEADER
1786354984860151652,2026-08-10T16:43:04.860190,prediction,0.124002,0.871000,0.152286,0.122192,0.865926,0.178770,True,0.020351,0.764769,0.314737,0.101841,0.101157,0.135967,0.00,10,-0.124383,0.959415,0.721550,0.003051,0.202457,0.198525,0.000000,0.080716,0.005670,0.104720,-0.231560,0.332000,-0.062240,-0.038624,-0.033792,LEADER
1786354984893561512,2026-08-10T16:43:04.893594,prediction,0.122151,0.858000,0.149490,0.122031,0.865612,0.174769,True,0.019496,0.764212,0.311294,0.102535,0.101400,0.136524,0.00,10,-0.124383,0.959415,0.721550,0.003051,0.201144,0.200711,0.000000,0.078096,0.002609,0.111860,-0.236460,0.337561,-0.062240,-0.039744,-0.033184,LEADER
1786354984928190016,2026-08-10T16:43:04.928231,prediction,0.128347,0.868000,0.147416,0.122031,0.865612,0.174769,True,0.018614,0.763637,0.307745,0.103416,0.101975,0.132975,0.00,10,-0.123545,0.968540,0.717316,0.003489,0.197655,0.201142,0.000000,0.078096,0.002609,0.100660,-0.199920,0.330340,-0.061952,-0.043744,-0.033344,LEADER
1786354984959859970,2026-08-10T16:43:04.959872,prediction,0.130320,0.865000,0.144920,0.122742,0.865024,0.167433,True,0.017707,0.763045,0.304092,0.105034,0.101979,0.136659,0.00,10,-0.123545,0.968540,0.717316,0.001744,0.199400,0.200711,0.000000,0.080716,0.002609,0.101640,-0.214760,0.341794,-0.061664,-0.039424,-0.034080,LEADER
1786354984993171293,2026-08-10T16:43:04.993184,prediction,0.130320,0.865000,0.140129,0.123258,0.864632,0.163760,True,0.016775,0.762437,0.300338,0.106482,0.102194,0.136578,0.00,10,-0.122536,0.977149,0.712426,0.000000,0.200706,0.200711,0.000000,0.080716,0.000000,0.106820,-0.249480,0.339968,-0.061664,-0.038912,-0.032576,LEADER
1786354985026672707,2026-08-10T16:43:05.026687,prediction,0.133526,0.871000,0.140358,0.124147,0.864766,0.160422,True,0.015819,0.761814,0.296486,0.108328,0.102953,0.136064,0.00,10,-0.122536,0.977149,0.712426,0.000000,0.202457,0.198525,0.000000,0.078096,0.000000,0.103460,-0.264320,0.349596,-0.061888,-0.039904,-0.030944,LEADER
1786354985059886402,2026-08-10T16:43:05.059924,prediction,0.134566,0.861000,0.137574,0.125010,0.865007,0.157056,True,0.014839,0.761174,0.292539,0.110172,0.103832,0.135483,0.00,10,-0.121323,0.985316,0.706740,0.000000,0.197655,0.200711,0.000000,0.080716,0.000000,0.070000,-0.211960,0.339055,-0.061568,-0.041632,-0.023168,LEADER
1786354985093133942,2026-08-10T16:43:05.093151,prediction,0.135907,0.871000,0.137973,0.125992,0.865215,0.154195,True,0.013835,0.760520,0.288498,0.112156,0.104695,0.134303,0.00,10,-0.121323,0.985316,0.706740,0.000000,0.197655,0.202458,0.000000,0.080716,0.000000,0.010780,-0.211400,0.329842,-0.061344,-0.037632,-0.009408,LEADER
1786354985127029597,2026-08-10T16:43:05.127059,prediction,0.136963,0.861000,0.135172,0.127072,0.864883,0.151310,True,0.012810,0.759851,0.284368,0.114262,0.105032,0.133058,0.00,10,-0.119908,0.992839,0.700292,0.003489,0.202889,0.198964,0.000000,0.078096,0.002609,-0.057540,-0.264320,0.336150,-0.061280,-0.038464,0.019936,LEADER
1786354985160093236,2026-08-10T16:43:05.160111,prediction,0.137890,0.868000,0.135463,0.128253,0.864977,0.148607,True,0.011763,0.759168,0.280151,0.116490,0.105808,0.131544,0.00,10,-0.119908,0.992839,0.700292,0.005233,0.200706,0.198964,0.000000,0.080716,0.008289,-0.068180,-0.252280,0.347521,-0.061280,-0.042528,0.019648,LEADER
1786354985193675413,2026-08-10T16:43:05.193695,prediction,0.137890,0.868000,0.133072,0.128253,0.864977,0.148607,True,0.010695,0.758472,0.275851,0.117558,0.106505,0.127244,0.00,10,-0.118303,0.999581,0.693132,0.006540,0.197655,0.200711,0.000000,0.081158,0.007847,-0.098840,-0.235900,0.341628,-0.060960,-0.038144,0.027168,LEADER
1786354985226480880,2026-08-10T16:43:05.226494,prediction,0.138818,0.875000,0.133374,0.130705,0.865820,0.144186,True,0.009607,0.757763,0.271471,0.121097,0.108058,0.127285,0.00,10,-0.118303,0.999581,0.693132,0.009598,0.197655,0.200711,0.000000,0.081158,0.008289,-0.101920,-0.234360,0.330008,-0.060960,-0.037024,0.026624,LEADER
1786354985259977445,2026-08-10T16:43:05.259989,prediction,0.140142,0.885000,0.131443,0.131809,0.866444,0.142324,True,0.008501,0.757041,0.267014,0.123308,0.109403,0.124690,0.00,10,-0.116505,1.005509,0.685260,0.011780,0.202457,0.201142,0.000000,0.078538,0.010467,-0.086800,-0.270900,0.346110,-0.060672,-0.043360,0.027680,LEADER
1786354985293642481,2026-08-10T16:43:05.293656,prediction,0.140142,0.885000,0.131443,0.132942,0.867635,0.140468,True,0.007376,0.756307,0.262485,0.125566,0.111328,0.122017,0.00,10,-0.116505,1.005509,0.685260,0.011342,0.199400,0.198964,0.000000,0.080716,0.010467,-0.090440,-0.240800,0.338723,-0.060512,-0.039296,0.027104,LEADER
1786354985326524002,2026-08-10T16:43:05.326536,prediction,0.141070,0.892000,0.131757,0.134137,0.868940,0.138792,True,0.006234,0.755563,0.257887,0.127902,0.113378,0.119095,0.00,10,-0.114538,1.010554,0.676773,0.011342,0.198962,0.200711,0.000000,0.081158,0.013517,-0.109620,-0.237020,0.339802,-0.060224,-0.038912,0.025728,LEADER
1786354985359964119,2026-08-10T16:43:05.360001,prediction,0.141467,0.895000,0.131892,0.135301,0.870641,0.137432,True,0.005077,0.754808,0.253223,0.130225,0.115834,0.115791,0.00,10,-0.114538,1.010554,0.676773,0.014831,0.199400,0.200711,0.000000,0.078096,0.013517,-0.098140,-0.240800,0.340632,-0.060064,-0.041632,0.027552,LEADER
1786354985393686544,2026-08-10T16:43:05.393721,prediction,0.140540,0.888000,0.131578,0.136527,0.872422,0.136238,True,0.003903,0.754042,0.248499,0.132624,0.118379,0.112261,0.00,10,-0.112466,1.014631,0.667942,0.014831,0.201144,0.197216,0.000000,0.080716,0.013517,-0.093520,-0.285180,0.348351,-0.059616,-0.040960,0.028896,LEADER
1786354985428284648,2026-08-10T16:43:05.428307,prediction,0.140540,0.888000,0.131578,0.136527,0.872422,0.136238,True,0.002716,0.753268,0.243717,0.133811,0.119154,0.107479,0.00,10,-0.112466,1.014631,0.667942,0.017889,0.200706,0.200711,0.000000,0.080716,0.018756,-0.094780,-0.280140,0.347023,-0.059456,-0.039808,0.030464,LEADER
1786354985460431180,2026-08-10T16:43:05.460456,prediction,0.141467,0.895000,0.131892,0.137402,0.874218,0.135203,True,0.001515,0.752485,0.238882,0.135886,0.121733,0.103679,0.00,10,-0.110292,1.017843,0.658776,0.019634,0.197655,0.202889,0.000000,0.078096,0.018756,-0.095480,-0.234360,0.330672,-0.058720,-0.040128,0.029952,LEADER
1786354985493151524,2026-08-10T16:43:05.493167,prediction,0.141070,0.892000,0.131757,0.138685,0.877561,0.133716,True,0.000303,0.751694,0.233998,0.138382,0.125867,0.100282,0.00,10,-0.110292,1.017843,0.658776,0.019634,0.201144,0.201142,0.000000,0.078096,0.019198,-0.076860,-0.267400,0.333577,-0.058112,-0.041760,0.028608,LEADER
1786354985526901632,2026-08-10T16:43:05.526916,prediction,0.140540,0.888000,0.131578,0.139153,0.879139,0.133131,True,-0.000921,0.750896,0.229069,0.140074,0.128243,0.095938,0.00,10,-0.108045,1.020268,0.649378,0.021378,0.202457,0.198964,0.000000,0.078096,0.021375,-0.082460,-0.297220,0.343205,-0.057664,-0.040960,0.029664,LEADER
1786354985560683991,2026-08-10T16:43:05.560704,prediction,0.141865,0.898000,0.132026,0.139153,0.879139,0.133131,True,-0.002155,0.750091,0.224100,0.141307,0.129048,0.090969,0.00,10,-0.108045,1.020268,0.649378,0.020940,0.200706,0.200711,0.000000,0.081158,0.024426,-0.094780,-0.296240,0.341130,-0.057056,-0.040416,0.031616,LEADER
1786354985594043905,2026-08-10T16:43:05.594059,prediction,0.141865,0.898000,0.132026,0.139639,0.880894,0.132761,True,-0.003398,0.749281,0.219095,0.143037,0.131614,0.086334,0.00,10,-0.105734,1.022012,0.639780,0.024429,0.199400,0.200711,0.000000,0.078096,0.024426,-0.117740,-0.269640,0.340964,-0.056000,-0.044544,0.033856,LEADER
1786354985626663207,2026-08-10T16:43:05.626675,prediction,0.141865,0.898000,0.132026,0.140310,0.884633,0.132137,True,-0.004648,0.748465,0.214058,0.144959,0.136168,0.081922,0.00,10,-0.105734,1.022012,0.639780,0.025742,0.199400,0.200711,0.000000,0.081158,0.024426,-0.114940,-0.263060,0.336814,-0.055552,-0.040256,0.034080,LEADER
1786354985659860541,2026-08-10T16:43:05.659872,prediction,0.141467,0.895000,0.131892,0.140549,0.886527,0.131899,True,-0.005906,0.747645,0.208994,0.146454,0.138882,0.077096,0.00,10,-0.103382,1.023165,0.630070,0.027925,0.202457,0.200711,0.000000,0.078096,0.027045,-0.101920,-0.296240,0.343039,-0.054208,-0.039136,0.033728,LEADER
1786354985693821741,2026-08-10T16:43:05.693836,prediction,0.141467,0.895000,0.131892,0.140787,0.888345,0.131820,True,-0.007169,0.746821,0.203908,0.147956,0.141524,0.072088,0.00,10,-0.103382,1.023165,0.630070,0.029231,0.200706,0.200711,0.000000,0.078096,0.029665,-0.082460,-0.288260,0.332913,-0.053600,-0.041920,0.032672,LEADER
1786354985726946777,2026-08-10T16:43:05.726963,prediction,0.139528,0.898000,0.132026,0.140834,0.890149,0.131730,True,-0.008436,0.745995,0.198803,0.149271,0.144155,0.067073,0.00,10,-0.101029,1.023815,0.620401,0.027487,0.197655,0.200711,0.000000,0.080716,0.027045,-0.099120,-0.275240,0.336814,-0.052992,-0.040864,0.032448,LEADER
1786354985760275432,2026-08-10T16:43:05.760290,prediction,0.140467,0.905000,0.132340,0.140834,0.890149,0.131730,True,-0.009707,0.745166,0.193684,0.150542,0.144983,0.061954,0.00,10,-0.101029,1.023815,0.620401,0.029669,0.201144,0.200711,0.000000,0.078538,0.029665,-0.116200,-0.274960,0.337063,-0.052096,-0.041312,0.031840,LEADER
1786354985794383321,2026-08-10T16:43:05.794425,prediction,0.138187,0.888000,0.131578,0.140856,0.891736,0.131790,True,-0.010981,0.744335,0.188556,0.151837,0.147401,0.056766,0.00,10,-0.098652,1.024060,0.610667,0.030976,0.202457,0.198525,0.000000,0.081158,0.029665,-0.110320,-0.311220,0.347687,-0.051328,-0.037248,0.033856,LEADER
1786354985827104358,2026-08-10T16:43:05.827126,prediction,0.138187,0.888000,0.131578,0.140726,0.892747,0.131799,True,-0.012255,0.743504,0.183424,0.152981,0.149243,0.051625,0.00,10,-0.098652,1.024060,0.610667,0.031414,0.200706,0.200711,0.000000,0.078096,0.029665,-0.115500,-0.306880,0.348185,-0.050592,-0.045312,0.035840,LEADER
1786354985861749612,2026-08-10T16:43:05.861788,prediction,0.137192,0.898000,0.132026,0.140440,0.893483,0.131808,True,-0.013529,0.742673,0.178292,0.153969,0.150810,0.046484,0.00,10,-0.096262,1.023974,0.600910,0.032720,0.197655,0.201142,0.000000,0.080716,0.029665,-0.128940,-0.270200,0.326688,-0.049088,-0.039200,0.034624,LEADER
1786354985893723624,2026-08-10T16:43:05.893738,prediction,0.136784,0.895000,0.131892,0.140155,0.893790,0.131817,True,-0.014803,0.741842,0.173164,0.154958,0.151947,0.041347,0.00,10,-0.096262,1.023974,0.600910,0.032283,0.199400,0.200711,0.000000,0.080716,0.032284,-0.102200,-0.280840,0.335818,-0.048480,-0.037568,0.035456,LEADER
1786354985926509704,2026-08-10T16:43:05.926523,prediction,0.134443,0.895000,0.131892,0.139436,0.894056,0.131838,True,-0.016074,0.741014,0.168045,0.155510,0.153042,0.036207,0.00,10,-0.093892,1.023623,0.591259,0.032720,0.202889,0.196785,0.000000,0.080716,0.032284,-0.115500,-0.332920,0.356070,-0.047264,-0.041088,0.035840,LEADER
1786354985960808247,2026-08-10T16:43:05.960824,prediction,0.138428,0.924000,0.133191,0.139410,0.894438,0.131984,True,-0.017341,0.740187,0.162940,0.156752,0.154251,0.030956,0.00,10,-0.093892,1.023623,0.591259,0.032720,0.197655,0.198964,0.000000,0.080716,0.032284,-0.125860,-0.315560,0.338225,-0.046528,-0.038240,0.035136,LEADER
1786354985993446866,2026-08-10T16:43:05.993460,prediction,0.135161,0.917000,0.132877,0.139016,0.895848,0.132059,True,-0.018604,0.739363,0.157853,0.157621,0.156484,0.025795,0.00,10,-0.091510,1.023054,0.581576,0.032720,0.191108,0.202889,0.000000,0.081158,0.032284,-0.142240,-0.332220,0.339636,-0.046592,-0.038848,0.034560,LEADER
1786354986026814343,2026-08-10T16:43:06.026828,prediction,0.135717,0.921000,0.133056,0.139016,0.895848,0.132059,True,-0.019862,0.738543,0.152789,0.158878,0.157305,0.020731,0.00,10,-0.091510,1.023054,0.581576,0.034465,0.179766,0.200711,0.000000,0.078096,0.035335,-0.118020,-0.359240,0.351422,-0.050048,-0.041984,0.033024,LEADER
1786354986059866309,2026-08-10T16:43:06.059896,prediction,0.134263,0.927000,0.135618,0.138188,0.899845,0.132397,True,-0.021112,0.737727,0.147753,0.159301,0.162117,0.015356,0.00,10,-0.089120,1.022308,0.571881,0.034465,0.163621,0.198964,0.000000,0.080716,0.034903,-0.098140,-0.420000,0.353331,-0.051552,-0.042528,0.032800,LEADER
1786354986093212876,2026-08-10T16:43:06.093226,prediction,0.131589,0.908000,0.134798,0.137556,0.901782,0.132600,True,-0.022355,0.736917,0.142748,0.159911,0.164865,0.010148,0.00,10,-0.089120,1.022308,0.571881,0.034465,0.142243,0.200711,0.000000,0.081158,0.034903,-0.102200,-0.434840,0.353497,-0.052480,-0.038400,0.034912,LEADER
1786354986126460704,2026-08-10T16:43:06.126474,prediction,0.133419,0.921000,0.135359,0.136993,0.903396,0.132822,True,-0.023589,0.736112,0.137778,0.160582,0.167284,0.004957,0.00,10,-0.086736,1.021424,0.562218,0.034465,0.101225,0.200711,0.000000,0.078096,0.032284,-0.129780,-0.435820,0.348849,-0.053216,-0.042976,0.036640,LEADER
1786354986159832991,2026-08-10T16:43:06.159866,prediction,0.132829,0.933000,0.135877,0.136417,0.905106,0.133088,True,-0.024813,0.735314,0.132850,0.161230,0.169792,0.000238,0.00,10,-0.086736,1.021424,0.562218,0.036209,0.079847,0.200711,0.000000,0.083766,0.034903,-0.131740,-0.476140,0.357979,-0.053984,-0.042752,0.035072,LEADER
1786354986193520047,2026-08-10T16:43:06.193535,prediction,0.131547,0.924000,0.135489,0.135756,0.906995,0.133327,True,-0.026025,0.734523,0.127966,0.161781,0.172471,0.005361,0.00,10,-0.084350,1.020425,0.552560,0.035778,0.063703,0.200711,0.000000,0.080716,0.035335,-0.101640,-0.475720,0.359722,-0.053984,-0.039744,0.034912,LEADER
1786354986226599204,2026-08-10T16:43:06.226626,prediction,0.131547,0.924000,0.135489,0.135224,0.908919,0.133558,True,-0.027226,0.733740,0.123131,0.162450,0.175179,0.010427,0.00,10,-0.084350,1.020425,0.552560,0.035778,0.032720,0.198964,0.000000,0.078096,0.035335,-0.092960,-0.504980,0.357979,-0.054272,-0.040864,0.035296,LEADER
1786354986259861130,2026-08-10T16:43:06.259873,prediction,0.133256,0.936000,0.136007,0.134743,0.910690,0.133803,True,-0.028413,0.732966,0.118349,0.163156,0.177725,0.015454,0.00,10,-0.081964,1.019333,0.542910,0.034034,0.017889,0.198964,0.000000,0.078096,0.035335,-0.119280,-0.467460,0.343205,-0.053216,-0.043136,0.035360,LEADER
1786354986293690347,2026-08-10T16:43:06.293701,prediction,0.131547,0.924000,0.135489,0.134300,0.912431,0.134064,True,-0.029587,0.732201,0.113624,0.163887,0.180231,0.020439,0.00,10,-0.081964,1.019333,0.542910,0.035778,0.003489,0.198964,0.000000,0.081158,0.037954,-0.109620,-0.469280,0.345944,-0.048320,-0.041088,0.034176,LEADER
1786354986326739096,2026-08-10T16:43:06.326754,prediction,0.133683,0.939000,0.136136,0.134300,0.912431,0.134064,True,-0.030744,0.731445,0.108961,0.165045,0.180986,0.025102,0.00,10,-0.079578,1.018165,0.533265,0.036209,0.000000,0.200711,0.000000,0.080716,0.034903,-0.106540,-0.580300,0.349098,-0.044704,-0.040864,0.035232,LEADER
1786354986359792795,2026-08-10T16:43:06.359803,prediction,0.133256,0.936000,0.136007,0.133831,0.917660,0.134612,True,-0.031886,0.730701,0.104363,0.165717,0.186959,0.030249,0.00,10,-0.079578,1.018165,0.533265,0.035778,0.003051,0.198964,0.000000,0.078096,0.037954,-0.094220,-0.667940,0.353663,-0.042592,-0.042592,0.036064,LEADER
1786354986394055528,2026-08-10T16:43:06.394072,prediction,0.135106,0.949000,0.136568,0.133719,0.920545,0.134924,True,-0.033011,0.729967,0.099834,0.166730,0.190578,0.035090,0.00,10,-0.077192,1.016935,0.523627,0.035778,0.003051,0.198964,0.000000,0.081158,0.037523,-0.110320,-0.704900,0.348849,-0.040416,-0.037408,0.035360,LEADER
1786354986427202365,2026-08-10T16:43:06.427222,prediction,0.135106,0.949000,0.136568,0.133719,0.920545,0.134924,True,-0.034117,0.729246,0.095377,0.167837,0.191300,0.039546,0.00,10,-0.077192,1.016935,0.523627,0.037523,0.003489,0.200711,0.000000,0.081158,0.034903,-0.106820,-0.712600,0.351671,-0.039904,-0.038016,0.037248,LEADER
1786354986460328121,2026-08-10T16:43:06.460344,prediction,0.135533,0.952000,0.138949,0.133792,0.924002,0.135394,True,-0.035205,0.728536,0.090997,0.168997,0.195466,0.044397,0.00,10,-0.074802,1.015652,0.513978,0.035778,0.003051,0.200711,0.000000,0.080716,0.035335,-0.125440,-0.708260,0.345612,-0.037920,-0.040800,0.036128,LEADER
1786354986493555561,2026-08-10T16:43:06.493567,prediction,0.136388,0.958000,0.139198,0.133571,0.927574,0.135770,True,-0.036273,0.727840,0.086697,0.169843,0.199734,0.049073,0.00,10,-0.074802,1.015652,0.513978,0.036209,0.001744,0.200711,0.000000,0.080716,0.035335,-0.105700,-0.709520,0.345280,-0.036736,-0.042240,0.035008,LEADER
1786354986526513126,2026-08-10T16:43:06.526525,prediction,0.135533,0.952000,0.141201,0.133640,0.932324,0.136734,True,-0.037320,0.727157,0.082480,0.170960,0.205167,0.054254,0.00,10,-0.072426,1.014334,0.504390,0.035778,0.000000,0.198964,0.000000,0.078096,0.034903,-0.107520,-0.680680,0.344201,-0.035232,-0.039904,0.034688,LEADER
1786354986560719222,2026-08-10T16:43:06.560741,prediction,0.135106,0.949000,0.141081,0.133696,0.934412,0.137098,True,-0.038345,0.726488,0.078350,0.172042,0.207923,0.058749,0.00,10,-0.072426,1.014334,0.504390,0.035778,0.000000,0.200711,0.000000,0.080716,0.037523,-0.112840,-0.655340,0.349430,-0.034784,-0.040032,0.034688,LEADER
1786354986593733485,2026-08-10T16:43:06.593754,prediction,0.135106,0.949000,0.141081,0.133696,0.934412,0.137098,True,-0.039349,0.725834,0.074309,0.173045,0.208578,0.062789,0.00,10,-0.070047,1.012979,0.494791,0.035778,0.000000,0.200711,0.000000,0.078096,0.037954,-0.126980,-0.536200,0.348683,-0.033856,-0.041632,0.033792,LEADER
1786354986627042882,2026-08-10T16:43:06.627058,prediction,0.134679,0.946000,0.140962,0.133959,0.936482,0.137525,True,-0.040329,0.725194,0.070361,0.174288,0.211288,0.067164,0.00,10,-0.070047,1.012979,0.494791,0.035778,0.003051,0.200711,0.000000,0.080716,0.035335,-0.140420,-0.477680,0.367939,-0.033408,-0.041696,0.035072,LEADER
1786354986660211539,2026-08-10T16:43:06.660225,prediction,0.134679,0.946000,0.140962,0.134043,0.938390,0.137899,True,-0.041285,0.724571,0.066509,0.175329,0.213819,0.071389,0.00,10,-0.067657,1.011588,0.485149,0.037523,0.006540,0.200711,0.000000,0.078096,0.037954,-0.097580,-0.433580,0.344035,-0.031616,-0.038464,0.038016,LEADER
1786354986696722589,2026-08-10T16:43:06.696740,prediction,0.134679,0.946000,0.143223,0.134167,0.940105,0.138388,True,-0.042217,0.723963,0.062756,0.176384,0.216142,0.075632,0.00,10,-0.067657,1.011588,0.485149,0.035778,0.009598,0.200711,0.000000,0.080716,0.034903,-0.126140,-0.445340,0.348351,-0.030848,-0.040128,0.036864,LEADER
1786354986727722753,2026-08-10T16:43:06.727758,prediction,0.135106,0.949000,0.143338,0.134404,0.941621,0.138912,True,-0.043124,0.723371,0.059103,0.177528,0.218250,0.079808,0.00,10,-0.065287,1.010185,0.475591,0.037523,0.011342,0.200711,0.000000,0.080716,0.037954,-0.116480,-0.429940,0.350592,-0.030112,-0.039072,0.033632,LEADER
1786354986760187679,2026-08-10T16:43:06.760203,prediction,0.134110,0.942000,0.147607,0.134641,0.943258,0.139585,True,-0.044006,0.722797,0.055554,0.178647,0.220461,0.084031,0.00,10,-0.065287,1.010185,0.475591,0.036209,0.013087,0.200711,0.000000,0.080716,0.037954,-0.136360,-0.435820,0.359556,-0.029504,-0.038528,0.032448,LEADER
1786354986793492196,2026-08-10T16:43:06.793507,prediction,0.134110,0.942000,0.147607,0.134698,0.944918,0.140359,True,-0.044861,0.722239,0.052111,0.179559,0.222679,0.088248,0.00,10,-0.062856,1.008724,0.465791,0.037523,0.014831,0.198964,0.000000,0.078096,0.037954,-0.109620,-0.434000,0.360552,-0.028000,-0.039680,0.034240,LEADER
1786354986827661522,2026-08-10T16:43:06.827698,prediction,0.135961,0.955000,0.148061,0.134992,0.946584,0.141197,True,-0.045689,0.721699,0.048775,0.180681,0.224885,0.092422,0.00,10,-0.062856,1.008724,0.465791,0.037523,0.014831,0.200711,0.000000,0.080716,0.037954,-0.106820,-0.436380,0.355738,-0.027840,-0.043136,0.032512,LEADER
1786354986860344123,2026-08-10T16:43:06.860366,prediction,0.135533,0.952000,0.150208,0.135116,0.947770,0.142135,True,-0.046490,0.721176,0.045549,0.181606,0.226594,0.096586,0.00,10,-0.060517,1.007300,0.456362,0.037523,0.016576,0.200711,0.000000,0.078096,0.037523,-0.112840,-0.436100,0.359556,-0.027232,-0.038912,0.035680,LEADER
1786354986893748541,2026-08-10T16:43:06.893766,prediction,0.133286,0.952000,0.152460,0.135118,0.948861,0.143232,True,-0.047263,0.720672,0.042434,0.182381,0.228189,0.100798,0.00,10,-0.060517,1.007300,0.456362,0.035778,0.019634,0.198964,0.000000,0.080716,0.037523,-0.124600,-0.428680,0.349098,-0.026560,-0.035968,0.036512,LEADER
1786354986926889275,2026-08-10T16:43:06.926908,prediction,0.134582,0.961000,0.154981,0.134997,0.949772,0.144291,True,-0.048009,0.720186,0.039433,0.183005,0.229586,0.104859,0.00,10,-0.058127,1.005830,0.446727,0.037523,0.021378,0.198525,0.000000,0.078096,0.037523,-0.096320,-0.421260,0.343869,-0.026048,-0.041408,0.036192,LEADER
1786354986960108429,2026-08-10T16:43:06.960123,prediction,0.134582,0.961000,0.154981,0.134933,0.950114,0.145360,True,-0.048726,0.719718,0.036545,0.183659,0.230396,0.108815,0.00,10,-0.058127,1.005830,0.446727,0.035778,0.022685,0.200711,0.000000,0.078096,0.037954,-0.112140,-0.421820,0.365366,-0.025888,-0.038304,0.033792,LEADER
1786354986993587369,2026-08-10T16:43:06.993605,prediction,0.134150,0.958000,0.154891,0.134869,0.950663,0.146431,True,-0.049414,0.719269,0.033773,0.184283,0.231394,0.112658,0.00,10,-0.055759,1.004361,0.437185,0.037523,0.024429,0.200711,0.000000,0.081158,0.037523,-0.105980,-0.409500,0.352833,-0.025952,-0.038752,0.030784,LEADER
1786354987027331052,2026-08-10T16:43:07.027350,prediction,0.131913,0.958000,0.159375,0.134691,0.951093,0.147621,True,-0.050073,0.718839,0.031118,0.184765,0.232253,0.116503,0.00,10,-0.055759,1.004361,0.437185,0.037523,0.026174,0.200711,0.000000,0.080716,0.037523,-0.105700,-0.405160,0.349015,-0.025600,-0.040256,0.032736,LEADER
1786354987060623825,2026-08-10T16:43:07.060641,prediction,0.132350,0.961000,0.159455,0.134450,0.951499,0.148833,True,-0.050704,0.718428,0.028579,0.185154,0.233070,0.120253,0.00,10,-0.053359,1.002860,0.427514,0.037960,0.029231,0.200711,0.000000,0.080716,0.037523,-0.098140,-0.407960,0.351671,-0.024992,-0.037344,0.033280,LEADER
1786354987093736264,2026-08-10T16:43:07.093754,prediction,0.132350,0.961000,0.159455,0.134266,0.951900,0.150058,True,-0.051305,0.718036,0.026159,0.185571,0.233864,0.123899,0.00,10,-0.053359,1.002860,0.427514,0.037523,0.032720,0.200711,0.000000,0.080716,0.037523,-0.100940,-0.429240,0.362959,-0.024832,-0.041760,0.034912,LEADER
1786354987126824588,2026-08-10T16:43:07.126842,prediction,0.132350,0.961000,0.159455,0.134054,0.952460,0.151275,True,-0.051877,0.717663,0.023856,0.185930,0.234797,0.127419,0.00,10,-0.050965,1.001352,0.417867,0.039267,0.032720,0.198964,0.000000,0.078096,0.037954,-0.108500,-0.430220,0.370014,-0.024832,-0.043264,0.036576,LEADER
1786354987160275873,2026-08-10T16:43:07.160290,prediction,0.132350,0.961000,0.161692,0.133899,0.953212,0.152657,True,-0.052419,0.717309,0.021671,0.186318,0.235903,0.130986,0.00,10,-0.050965,1.001352,0.417867,0.037523,0.032720,0.198964,0.000000,0.081158,0.037954,-0.105280,-0.403200,0.361963,-0.024672,-0.043584,0.037184,LEADER
1786354987193720385,2026-08-10T16:43:07.193737,prediction,0.132787,0.964000,0.161767,0.133743,0.954162,0.153888,True,-0.052932,0.716975,0.019603,0.186676,0.237188,0.134284,0.00,10,-0.048603,0.999855,0.408353,0.037523,0.037523,0.195477,0.000000,0.080716,0.037523,-0.116760,-0.383040,0.345446,-0.021152,-0.039072,0.034464,LEADER
1786354987227530094,2026-08-10T16:43:07.227546,prediction,0.132787,0.964000,0.161767,0.133589,0.955152,0.155116,True,-0.053417,0.716659,0.017653,0.187005,0.238494,0.137463,0.00,10,-0.048603,0.999855,0.408353,0.037523,0.041012,0.187618,0.000000,0.078096,0.037523,-0.097580,-0.391440,0.345778,-0.018048,-0.040640,0.034784,LEADER
1786354987260274261,2026-08-10T16:43:07.260294,prediction,0.131476,0.955000,0.163789,0.133376,0.955990,0.156184,True,-0.053872,0.716362,0.015820,0.187248,0.239629,0.140364,0.00,10,-0.046319,0.998399,0.399151,0.037960,0.041012,0.109519,0.000000,0.080716,0.037523,-0.108780,-0.409500,0.291496,-0.010464,-0.042688,0.032960,LEADER
1786354987296731316,2026-08-10T16:43:07.296762,prediction,0.131476,0.955000,0.163789,0.133200,0.956638,0.157263,True,-0.054298,0.716084,0.014102,0.187498,0.240554,0.143161,0.00,10,-0.046319,0.998399,0.399151,0.037523,0.040574,0.094679,0.000000,0.080716,0.037954,-0.109060,-0.401660,0.279959,-0.010368,-0.039136,0.032224,LEADER
1786354987327311879,2026-08-10T16:43:07.327327,prediction,0.132350,0.961000,0.163929,0.132959,0.957248,0.158321,True,-0.054696,0.715824,0.012499,0.187656,0.241423,0.145822,0.00,10,-0.044390,0.997162,0.391379,0.037523,0.044069,0.020506,0.000000,0.078096,0.037523,-0.118720,-0.395500,0.237297,-0.009184,-0.039072,0.034784,LEADER
1786354987361723004,2026-08-10T16:43:07.361743,prediction,0.130602,0.949000,0.163649,0.132631,0.957529,0.159217,True,-0.055066,0.715583,0.011009,0.187697,0.241947,0.148208,0.00,10,-0.044390,0.997162,0.391379,0.037523,0.044069,0.001740,0.000000,0.075477,0.037954,-0.095480,-0.388080,0.131887,-0.008704,-0.041920,0.034624,LEADER
1786354987394942717,2026-08-10T16:43:07.394975,prediction,0.130602,0.949000,0.163649,0.132452,0.957426,0.159963,True,-0.055409,0.715359,0.009630,0.187861,0.242066,0.150333,0.00,10,-0.042774,0.996120,0.384871,0.036209,0.045814,0.070247,0.000000,0.078096,0.037523,-0.120260,-0.406000,0.029133,-0.008416,-0.038848,0.035904,LEADER
1786354987430050540,2026-08-10T16:43:07.430080,prediction,0.130602,0.949000,0.163649,0.132273,0.957245,0.160709,True,-0.055724,0.715154,0.008360,0.187997,0.242091,0.152349,0.00,10,-0.042774,0.996120,0.384871,0.036209,0.044069,0.124791,0.000000,0.075477,0.034903,-0.116200,-0.395220,0.012450,-0.010080,-0.042688,0.036288,LEADER
1786354987463449015,2026-08-10T16:43:07.463466,prediction,0.130602,0.949000,0.163649,0.132273,0.957245,0.160709,True,-0.056013,0.714965,0.007196,0.188286,0.242280,0.153512,0.00,10,-0.041536,0.995317,0.379883,0.035778,0.044069,0.167112,0.000000,0.075477,0.037954,-0.115220,-0.405160,0.020169,-0.016928,-0.041088,0.032000,LEADER
1786354987494500065,2026-08-10T16:43:07.494515,prediction,0.131039,0.952000,0.163719,0.132036,0.957049,0.161291,True,-0.056276,0.714794,0.006138,0.188312,0.242255,0.155154,0.00,10,-0.041536,0.995317,0.379883,0.037523,0.047120,0.184131,0.000000,0.075477,0.037523,-0.100100,-0.425320,0.028386,-0.021664,-0.042912,0.035136,LEADER
1786354987529170384,2026-08-10T16:43:07.529190,prediction,0.130602,0.949000,0.163649,0.131800,0.956530,0.161875,True,-0.056514,0.714639,0.005180,0.188314,0.241891,0.156695,0.00,10,-0.040695,0.994770,0.376499,0.034034,0.047558,0.184131,0.000000,0.078096,0.034903,-0.101920,-0.436660,0.039757,-0.026272,-0.038400,0.034624,LEADER
1786354987560992323,2026-08-10T16:43:07.561015,prediction,0.131039,0.952000,0.163719,0.131621,0.956106,0.162320,True,-0.056727,0.714500,0.004320,0.188348,0.241606,0.158000,0.00,10,-0.040695,0.994770,0.376499,0.034034,0.047558,0.178458,0.000000,0.078096,0.032284,-0.098560,-0.436380,0.049385,-0.029120,-0.037696,0.034400,LEADER
1786354987595442322,2026-08-10T16:43:07.595465,prediction,0.131039,0.952000,0.163719,0.131563,0.955701,0.162610,True,-0.056917,0.714376,0.003555,0.188480,0.241325,0.159054,0.00,10,-0.040111,0.994389,0.374145,0.032720,0.045376,0.172785,0.000000,0.078538,0.035335,-0.106260,-0.425320,0.045816,-0.031392,-0.040128,0.034080,LEADER
1786354987628241004,2026-08-10T16:43:07.628262,prediction,0.129582,0.942000,0.163485,0.131378,0.955300,0.162878,True,-0.057085,0.714267,0.002881,0.188463,0.241034,0.159997,0.00,10,-0.040111,0.994389,0.374145,0.031414,0.047120,0.157951,0.000000,0.080716,0.032284,-0.099820,-0.444500,0.060175,-0.036192,-0.038304,0.035136,LEADER
1786354987663151991,2026-08-10T16:43:07.663167,prediction,0.131476,0.955000,0.163789,0.131320,0.954740,0.163167,True,-0.057231,0.714171,0.002293,0.188551,0.240569,0.160874,0.00,10,-0.039791,0.994180,0.372857,0.029669,0.042318,0.143111,0.000000,0.080716,0.029665,-0.091700,-0.407540,0.057768,-0.039808,-0.041408,0.036864,LEADER
1786354987695129758,2026-08-10T16:43:07.695154,prediction,0.130602,0.949000,0.165905,0.131204,0.953988,0.163448,True,-0.057356,0.714089,0.001788,0.188560,0.239899,0.161660,0.00,10,-0.039791,0.994180,0.372857,0.026174,0.042318,0.130025,0.000000,0.078096,0.027045,-0.080780,-0.441000,0.068973,-0.042688,-0.040640,0.033280,LEADER
1786354987728822373,2026-08-10T16:43:07.728844,prediction,0.130165,0.946000,0.165840,0.131058,0.953198,0.163725,True,-0.057463,0.714020,0.001359,0.188521,0.239178,0.162366,0.00,10,-0.039567,0.994033,0.371954,0.024429,0.037523,0.115185,0.000000,0.080716,0.024426,-0.086380,-0.442960,0.073787,-0.045376,-0.042464,0.032224,LEADER
1786354987761685016,2026-08-10T16:43:07.761713,prediction,0.131913,0.958000,0.166100,0.131000,0.952400,0.164014,True,-0.057551,0.713962,0.001003,0.188551,0.238437,0.163011,0.00,10,-0.039567,0.994033,0.371954,0.021378,0.034465,0.106025,0.000000,0.078096,0.021807,-0.090720,-0.434560,0.085490,-0.046752,-0.041088,0.031168,LEADER
1786354987793850130,2026-08-10T16:43:07.793868,prediction,0.131476,0.955000,0.166035,0.130971,0.951920,0.164308,True,-0.057623,0.713915,0.000712,0.188594,0.238005,0.163596,0.00,10,-0.039548,0.994022,0.371878,0.019634,0.029231,0.089444,0.000000,0.081158,0.018756,-0.092960,-0.434560,0.077937,-0.049152,-0.039680,0.032064,LEADER
1786354987827897852,2026-08-10T16:43:07.827932,prediction,0.129582,0.942000,0.165754,0.130844,0.951664,0.164439,True,-0.057680,0.713878,0.000483,0.188524,0.237786,0.163956,0.00,10,-0.039548,0.994022,0.371878,0.014394,0.026174,0.074173,0.000000,0.080716,0.016137,-0.088620,-0.427140,0.086486,-0.052000,-0.043424,0.031744,LEADER
1786354987860886886,2026-08-10T16:43:07.860926,prediction,0.133286,0.952000,0.168222,0.130699,0.950973,0.164567,True,-0.057724,0.713850,0.000308,0.188422,0.237123,0.164259,0.00,10,-0.039178,0.993780,0.370387,0.013087,0.020940,0.061518,0.000000,0.080716,0.013517,-0.103180,-0.440160,0.089308,-0.053216,-0.038688,0.031392,LEADER
1786354987895175848,2026-08-10T16:43:07.895212,prediction,0.133286,0.952000,0.168222,0.130878,0.950355,0.164871,True,-0.057755,0.713829,0.000180,0.188633,0.236525,0.164691,0.00,10,-0.039178,0.993780,0.370387,0.009598,0.017889,0.051919,0.000000,0.080716,0.010467,-0.093800,-0.450940,0.100762,-0.054272,-0.041024,0.030624,LEADER
1786354987927492270,2026-08-10T16:43:07.927511,prediction,0.131846,0.942000,0.168022,0.130961,0.950071,0.165163,True,-0.057777,0.713815,0.000093,0.188737,0.236256,0.165070,0.00,10,-0.039338,0.993885,0.371032,0.010029,0.014831,0.039265,0.000000,0.080716,0.008289,-0.079660,-0.450100,0.101094,-0.055776,-0.043200,0.030848,LEADER
1786354987961116224,2026-08-10T16:43:07.961145,prediction,0.131414,0.939000,0.167962,0.131015,0.949641,0.165451,True,-0.057790,0.713806,0.000040,0.188805,0.235834,0.165411,0.00,10,-0.039338,0.993885,0.371032,0.006540,0.011342,0.033592,0.000000,0.080716,0.007847,-0.081200,-0.458080,0.098355,-0.056224,-0.039520,0.030176,LEADER
1786354987994477408,2026-08-10T16:43:07.994494,prediction,0.131846,0.942000,0.168022,0.131069,0.949182,0.165737,True,-0.057797,0.713802,0.000012,0.188866,0.235380,0.165726,0.00,10,-0.039163,0.993771,0.370328,0.004796,0.010029,0.025740,0.000000,0.081158,0.005228,-0.073780,-0.453180,0.099102,-0.056672,-0.041920,0.032736,LEADER
1786354988028177566,2026-08-10T16:43:08.028199,prediction,0.130982,0.936000,0.167902,0.131094,0.948556,0.166021,True,-0.057800,0.713800,0.000002,0.188894,0.234756,0.166020,0.00,10,-0.039163,0.993771,0.370328,0.004796,0.008285,0.020506,0.000000,0.078538,0.005670,-0.064120,-0.450660,0.103750,-0.056384,-0.043424,0.031392,LEADER
1786354988061335010,2026-08-10T16:43:08.061354,prediction,0.131414,0.939000,0.167962,0.131119,0.947738,0.166304,True,-0.057800,0.713800,0.000000,0.188919,0.233938,0.166304,0.00,10,-0.039517,0.994001,0.371753,0.003051,0.006540,0.017012,0.000000,0.081158,0.002609,-0.059500,-0.455280,0.104082,-0.056224,-0.039360,0.030176,LEADER
1786354988093588260,2026-08-10T16:43:08.093608,prediction,0.130550,0.933000,0.167842,0.131086,0.946721,0.166579,True,-0.057800,0.713800,0.000000,0.188886,0.232921,0.166579,0.00,10,-0.039517,0.994001,0.371753,0.003051,0.004796,0.014833,0.000000,0.078096,0.005228,-0.066920,-0.458780,0.107651,-0.057280,-0.039744,0.031456,LEADER
1786354988127133653,2026-08-10T16:43:08.127173,prediction,0.130550,0.933000,0.167842,0.131151,0.945504,0.166869,True,-0.057800,0.713800,0.000000,0.188951,0.231704,0.166869,0.00,10,-0.039332,0.993881,0.371007,0.001307,0.004796,0.011339,0.000000,0.080716,0.002609,-0.076440,-0.436660,0.106323,-0.058048,-0.042528,0.032000,LEADER
1786354988160837248,2026-08-10T16:43:08.160863,prediction,0.131414,0.939000,0.167962,0.131147,0.944248,0.167147,True,-0.057800,0.713800,0.000000,0.188947,0.230448,0.167147,0.00,10,-0.039332,0.993881,0.371007,0.001744,0.003489,0.009599,0.000000,0.078096,0.002609,-0.077140,-0.434560,0.106987,-0.057888,-0.044480,0.031232,LEADER
1786354988194126383,2026-08-10T16:43:08.194141,prediction,0.131414,0.939000,0.167962,0.131201,0.943463,0.167285,True,-0.057800,0.713800,0.000000,0.189001,0.229663,0.167285,0.00,10,-0.039144,0.993758,0.370250,0.001744,0.001744,0.007413,0.000000,0.081158,0.002609,-0.071820,-0.447580,0.105991,-0.057600,-0.040864,0.032896,LEADER
1786354988227732512,2026-08-10T16:43:08.227757,prediction,0.133256,0.936000,0.167902,0.131407,0.942773,0.167422,True,-0.057800,0.713800,0.000000,0.189207,0.228973,0.167422,0.00,10,-0.039144,0.993758,0.370250,0.001744,0.001744,0.005666,0.000000,0.081158,0.000000,-0.071540,-0.447860,0.107983,-0.058624,-0.039904,0.033024,LEADER
1786354988260127322,2026-08-10T16:43:08.260143,prediction,0.133683,0.939000,0.167962,0.131525,0.942101,0.167546,True,-0.057800,0.713800,0.000000,0.189325,0.228301,0.167546,0.00,10,-0.039488,0.993982,0.371634,0.000000,0.000000,0.001740,0.000000,0.081158,0.003051,-0.077420,-0.436380,0.100596,-0.059680,-0.045248,0.031840,LEADER
1786354988297977070,2026-08-10T16:43:08.298047,prediction,0.132829,0.933000,0.167842,0.131615,0.940954,0.167666,True,-0.057800,0.713800,0.000000,0.189415,0.227154,0.167666,0.00,10,-0.039488,0.993982,0.371634,0.000000,0.000000,0.000000,0.000000,0.078096,0.000000,-0.074340,-0.435820,0.110805,-0.059392,-0.038752,0.029056,LEADER
1786354988331061334,2026-08-10T16:43:08.331078,prediction,0.133256,0.936000,0.167902,0.131860,0.939711,0.167810,True,-0.057800,0.713800,0.000000,0.189660,0.225911,0.167810,0.00,10,-0.039318,0.993871,0.370950,0.000000,0.000000,0.000000,0.000000,0.072857,0.000000,-0.070560,-0.436380,0.157700,-0.058784,-0.039680,0.024768,LEADER
1786354988362862042,2026-08-10T16:43:08.362879,prediction,0.133256,0.936000,0.167902,0.131860,0.939711,0.167810,True,-0.057800,0.713800,0.000000,0.189660,0.225911,0.167810,0.00,10,-0.039318,0.993871,0.370950,0.000000,0.000000,0.000000,0.000000,0.064568,0.000000,-0.068740,-0.443520,0.173553,-0.058112,-0.041472,0.020832,LEADER
1786354988396122071,2026-08-10T16:43:08.396169,prediction,0.131974,0.927000,0.167721,0.131981,0.938769,0.167935,True,-0.057800,0.713800,0.000000,0.189781,0.224969,0.167935,0.00,10,-0.039299,0.993859,0.370875,0.000000,0.000000,0.000000,0.000000,0.056279,0.000000,-0.065940,-0.454720,0.175213,-0.058176,-0.038912,0.020320,LEADER
1786354988426912733,2026-08-10T16:43:08.426927,prediction,0.131547,0.924000,0.167661,0.131865,0.937567,0.167898,True,-0.057800,0.713800,0.000000,0.189665,0.223767,0.167898,0.00,10,-0.039299,0.993859,0.370875,0.000000,0.000000,0.000000,0.000000,0.043193,0.000000,-0.053620,-0.495040,0.205342,-0.059680,-0.034464,0.020320,LEADER
1786354988460377913,2026-08-10T16:43:08.460393,prediction,0.131547,0.924000,0.167661,0.131845,0.936153,0.167874,True,-0.057800,0.713800,0.000000,0.189645,0.222353,0.167874,0.00,10,-0.039299,0.993859,0.370875,0.000000,0.000000,0.000000,0.000000,0.034903,0.000000,-0.054180,-0.492240,0.233313,-0.059552,-0.035904,0.016096,LEADER
1786354988493913939,2026-08-10T16:43:08.493929,prediction,0.133256,0.936000,0.167902,0.131968,0.934911,0.167870,True,-0.057800,0.713800,0.000000,0.189768,0.221111,0.167870,0.00,10,-0.039299,0.993859,0.370875,0.000000,0.000000,0.001740,0.000000,0.027045,0.000000,-0.052360,-0.489720,0.267924,-0.058400,-0.032352,0.010368,LEADER
1786354988527348621,2026-08-10T16:43:08.527380,prediction,0.133256,0.936000,0.167902,0.132062,0.934342,0.167862,True,-0.057800,0.713800,0.000000,0.189862,0.220542,0.167862,0.00,10,-0.039299,0.993859,0.370875,0.000000,0.000000,0.000000,0.000000,0.018756,0.000000,-0.044940,-0.514500,0.269667,-0.058112,-0.031520,0.009024,LEADER
1786354988560742515,2026-08-10T16:43:08.560758,prediction,0.133256,0.936000,0.167902,0.132213,0.934068,0.167862,True,-0.057800,0.713800,0.000000,0.190013,0.220268,0.167862,0.00,10,-0.039299,0.993859,0.370875,0.000000,0.000000,0.000000,0.000000,0.008289,0.000000,-0.039900,-0.523880,0.260205,-0.057888,-0.029280,0.009536,LEADER
1786354988594120129,2026-08-10T16:43:08.594152,prediction,0.132829,0.933000,0.167842,0.132308,0.933854,0.167854,True,-0.057800,0.713800,0.000000,0.190108,0.220054,0.167854,0.00,10,-0.039299,0.993859,0.370875,0.000000,0.000000,0.000000,0.000000,0.002609,0.000000,-0.038640,-0.531020,0.266845,-0.058048,-0.030176,0.009984,LEADER
1786354988627549731,2026-08-10T16:43:08.627570,prediction,0.132829,0.933000,0.167842,0.132459,0.933651,0.167854,True,-0.057800,0.713800,0.000000,0.190259,0.219851,0.167854,0.00,10,-0.039299,0.993859,0.370875,0.000000,0.000000,0.001740,0.000000,0.000000,0.000000,-0.031220,-0.548660,0.279627,-0.058048,-0.030624,0.008032,LEADER
1786354988660500912,2026-08-10T16:43:08.660521,prediction,0.133683,0.939000,0.167962,0.132668,0.933610,0.167862,True,-0.057800,0.713800,0.000000,0.190468,0.219810,0.167862,0.00,10,-0.039299,0.993859,0.370875,0.000000,0.000000,0.002178,0.000000,0.002609,0.000000,-0.025620,-0.556640,0.280789,-0.057728,-0.030336,0.003904,LEADER
1786354988694111750,2026-08-10T16:43:08.694126,prediction,0.131547,0.924000,0.167661,0.132677,0.933602,0.167842,True,-0.057800,0.713800,0.000000,0.190477,0.219802,0.167842,0.00,10,-0.039299,0.993859,0.370875,0.000000,0.000000,0.001740,0.000000,0.002609,0.000000,-0.025620,-0.557340,0.280125,-0.057664,-0.031008,0.001856,LEADER
1786354988728167125,2026-08-10T16:43:08.728197,prediction,0.134685,0.930000,0.167782,0.132895,0.933120,0.167830,True,-0.057800,0.713800,0.000000,0.190695,0.219320,0.167830,0.00,10,-0.039299,0.993859,0.370875,0.000000,0.001744,0.000000,0.000000,0.000000,0.000000,-0.016940,-0.578340,0.251905,-0.057216,-0.014592,0.002176,LEADER
1786354988760663890,2026-08-10T16:43:08.760680,prediction,0.135529,0.936000,0.170180,0.133047,0.932544,0.167981,True,-0.057800,0.713800,0.000000,0.190847,0.218744,0.167981,0.00,10,-0.039299,0.993859,0.370875,0.000000,0.000000,0.000000,0.000000,0.002609,0.000000,-0.015680,-0.580860,0.232981,-0.057280,-0.004512,0.002304,LEADER
1786354988794426727,2026-08-10T16:43:08.794459,prediction,0.133419,0.921000,0.169904,0.133029,0.931949,0.168111,True,-0.057800,0.713800,0.000000,0.190829,0.218149,0.168111,0.00,10,-0.039299,0.993859,0.370875,0.000000,0.000000,0.000000,0.000000,0.000000,0.000000,-0.015400,-0.573720,0.212397,-0.056992,0.006304,0.002688,LEADER
1786354988827633104,2026-08-10T16:43:08.827656,prediction,0.131589,0.908000,0.169665,0.132947,0.931030,0.168233,True,-0.057800,0.713800,0.000000,0.190747,0.217230,0.168233,0.00,10,-0.039299,0.993859,0.370875,0.000000,0.000000,0.000000,0.000000,0.000000,0.000000,-0.015400,-0.569100,0.191398,-0.056992,0.015712,0.003296,LEADER
1786354988860952416,2026-08-10T16:43:08.861035,prediction,0.132011,0.911000,0.169721,0.132864,0.929513,0.168354,True,-0.057800,0.713800,0.000000,0.190664,0.215713,0.168354,0.00,10,-0.039299,0.993859,0.370875,0.000000,0.000000,0.000000,0.000000,0.000000,0.000000,-0.012040,-0.569100,0.173304,-0.056896,0.021824,0.003744,LEADER
1786354988894992462,2026-08-10T16:43:08.895009,prediction,0.133841,0.924000,0.169959,0.132988,0.928036,0.168503,True,-0.057800,0.713800,0.000000,0.190788,0.214236,0.168503,0.00,10,-0.039299,0.993859,0.370875,0.000000,0.000000,0.000000,0.000000,0.000000,0.000000,-0.010780,-0.571900,0.155625,-0.056608,0.026336,0.003840,LEADER
1786354988927589909,2026-08-10T16:43:08.927617,prediction,0.133841,0.924000,0.172257,0.133141,0.927580,0.168809,True,-0.057800,0.713800,0.000000,0.190941,0.213780,0.168809,0.00,10,-0.039299,0.993859,0.370875,0.000000,0.000000,0.000000,0.000000,0.000000,0.000000,-0.010220,-0.570360,0.142760,-0.056608,0.028672,0.003968,LEADER
1786354988960856270,2026-08-10T16:43:08.960870,prediction,0.133419,0.921000,0.172207,0.133266,0.927489,0.169112,True,-0.057800,0.713800,0.000000,0.191066,0.213689,0.169112,0.00,10,-0.039299,0.993859,0.370875,0.000000,0.000000,0.001740,0.000000,0.000000,0.000000,-0.008260,-0.570920,0.129812,-0.056608,0.030400,0.003904,LEADER
1786354988993642165,2026-08-10T16:43:08.993659,prediction,0.133419,0.921000,0.172207,0.133277,0.927311,0.169400,True,-0.057800,0.713800,0.000000,0.191077,0.213511,0.169400,0.00,10,-0.039299,0.993859,0.370875,0.000000,0.000000,0.000000,0.000000,0.000000,0.000000,-0.006160,-0.571620,0.121761,-0.056608,0.031072,0.003744,LEADER
1786354989027199781,2026-08-10T16:43:09.027231,prediction,0.133419,0.921000,0.172207,0.133288,0.926476,0.169687,True,-0.057800,0.713800,0.000000,0.191088,0.212676,0.169687,0.00,10,-0.039299,0.993859,0.370875,0.001307,0.000000,0.000000,0.000000,0.000000,0.000000,-0.006440,-0.571900,0.116449,-0.056448,0.031744,0.004416,LEADER
1786354989061006010,2026-08-10T16:43:09.061059,prediction,0.132856,0.917000,0.172140,0.133261,0.925508,0.169969,True,-0.057800,0.713800,0.000000,0.191061,0.211708,0.169969,0.00,10,-0.039299,0.993859,0.370875,0.000000,0.000000,0.000000,0.000000,0.000000,0.000000,-0.003640,-0.572460,0.108730,-0.055840,0.032064,0.004064,LEADER
1786354989093853281,2026-08-10T16:43:09.093871,prediction,0.133419,0.921000,0.172207,0.133300,0.924515,0.170260,True,-0.057800,0.713800,0.000000,0.191100,0.210715,0.170260,0.00,10,-0.039299,0.993859,0.370875,0.000000,0.000000,0.000000,0.000000,0.000000,0.000000,-0.003360,-0.573160,0.104912,-0.055840,0.031616,0.004512,LEADER
1786354989127549270,2026-08-10T16:43:09.127567,prediction,0.136552,0.927000,0.172308,0.133549,0.923676,0.170558,True,-0.057800,0.713800,0.000000,0.191349,0.209876,0.170558,0.00,10,-0.039299,0.993859,0.370875,0.000000,0.000000,0.000000,0.000000,0.000000,0.000000,-0.003360,-0.573720,0.106323,-0.055392,0.031456,0.005184,LEADER
1786354989162568140,2026-08-10T16:43:09.162608,prediction,0.135161,0.917000,0.172140,0.133647,0.922869,0.170836,True,-0.057800,0.713800,0.000000,0.191447,0.209069,0.170836,0.00,10,-0.039299,0.993859,0.370875,0.000000,0.000000,0.000000,0.000000,0.000000,0.000000,-0.000840,-0.575960,0.106821,-0.055104,0.030720,0.005024,LEADER
1786354989194876985,2026-08-10T16:43:09.194894,prediction,0.135717,0.921000,0.172207,0.133925,0.922067,0.171140,True,-0.057800,0.713800,0.000000,0.191725,0.208267,0.171140,0.00,10,-0.039299,0.993859,0.370875,0.000000,0.000000,0.000000,0.000000,0.000000,0.000000,-0.000280,-0.575960,0.108730,-0.054944,0.029792,0.005472,LEADER
1786354989228043845,2026-08-10T16:43:09.228062,prediction,0.134327,0.911000,0.174360,0.133901,0.921213,0.171578,True,-0.057800,0.713800,0.000000,0.191701,0.207413,0.171578,0.00,10,-0.039299,0.993859,0.370875,0.000000,0.000000,0.000000,0.000000,0.000000,0.000000,-0.000840,-0.576520,0.111137,-0.054656,0.028736,0.005632,LEADER
1786354989263900342,2026-08-10T16:43:09.263916,prediction,0.134327,0.911000,0.174360,0.133821,0.920029,0.171857,True,-0.057800,0.713800,0.000000,0.191621,0.206229,0.171857,0.00,10,-0.039299,0.993859,0.370875,0.000000,0.000000,0.000000,0.000000,0.000000,0.000000,-0.000280,-0.574980,0.113129,-0.054336,0.028384,0.005792,LEADER
1786354989294724757,2026-08-10T16:43:09.294746,prediction,0.136134,0.924000,0.174555,0.134002,0.918779,0.172167,True,-0.057800,0.713800,0.000000,0.191802,0.204979,0.172167,0.00,10,-0.039299,0.993859,0.370875,0.000000,0.000000,0.000000,0.000000,0.000000,0.000000,0.000280,-0.575540,0.115370,-0.054336,0.027104,0.005920,LEADER
1786354989327894774,2026-08-10T16:43:09.327928,prediction,0.135161,0.917000,0.174450,0.134240,0.918316,0.172486,True,-0.057800,0.713800,0.000000,0.192040,0.204516,0.172486,0.00,10,-0.039299,0.993859,0.370875,0.000000,0.000000,0.000000,0.000000,0.000000,0.000000,0.002660,-0.575960,0.117611,-0.053888,0.025888,0.005568,LEADER
1786354989361166444,2026-08-10T16:43:09.361195,prediction,0.135717,0.921000,0.174510,0.134487,0.918757,0.172805,True,-0.057800,0.713800,0.000000,0.192287,0.204957,0.172805,0.00,10,-0.039299,0.993859,0.370875,0.000000,0.000000,0.000000,0.000000,0.000000,0.000000,0.003920,-0.575260,0.118524,-0.054208,0.025504,0.005568,LEADER
1786354989395342988,2026-08-10T16:43:09.395371,prediction,0.135817,0.905000,0.176599,0.134729,0.919165,0.173258,True,-0.057800,0.713800,0.000000,0.192529,0.205365,0.173258,0.00,10,-0.039299,0.993859,0.370875,0.000000,0.000000,0.000000,0.000000,0.000000,0.000000,0.003920,-0.576520,0.121097,-0.053760,0.024448,0.006240,LEADER


============================================================
EXPERIMENT METRICS
  File: experiment_SVGP+MJM_20260810_164257.csv
  Total samples: 342
  Task completion time: 11.85 s
  --- Prediction Accuracy (over 342 samples) ---
  Avg Inference Time: 13.07 ms
  Mean Squared Error (MSE): 0.037304 m²
  Mean Absolute Error (MAE - 3D): 0.1433 m
      MAE X: 0.0834 m
      MAE Y: 0.0902 m
      MAE Z: 0.0627 m
  --- Trajectory Smoothness (Robot EE) ---
  Mean Jerk (3D): 22.9686 m/s³
      Jerk X: 2.9439 m/s³
      Jerk Y: 17.5382 m/s³
      Jerk Z: 13.0186 m/s³
  Max Jerk (3D): 178.4730 m/s³
  RMS Jerk (3D): 42.7801 m/s³
============================================================
