ros_timestamp_ns,wall_time,trajectory_mode,meas_x,meas_y,meas_z,filt_x,filt_y,filt_z,is_tracked,pred_x,pred_y,pred_z,mae_x,mae_y,mae_z,inference_ms,buffer_size,target_x,target_y,target_z,robot_ee_x,robot_ee_y,robot_ee_z,j1_vel,j2_vel,j3_vel,j4_vel,j5_vel,j6_vel,j1_eff,j2_eff,j3_eff,j4_eff,j5_eff,j6_eff,role
1787023989462599843,2026-08-18T10:33:09.462623,ground_truth,0.120860,-0.125000,0.023376,0.107027,-0.132000,0.046696,True,,,,,,,,,-0.381858,1.154412,0.529534,-0.161988,0.308964,0.388243,0.000000,0.000000,0.000000,0.000000,0.000000,0.000000,0.015120,-0.165480,0.070052,-0.029568,0.020992,0.016480,READY
1787023989500301105,2026-08-18T10:33:09.500329,ground_truth,0.120395,-0.112000,0.023744,0.121360,-0.139000,0.022980,True,,,,,,,,,-0.161986,0.308968,0.388248,-0.161986,0.308968,0.388248,0.000000,0.000000,0.000000,0.000000,0.000000,0.000000,0.015120,-0.165480,0.070052,-0.029568,0.020992,0.016480,READY
1787023989532839471,2026-08-18T10:33:09.532868,ground_truth,0.122288,-0.165000,0.022245,0.121360,-0.139000,0.022980,True,,,,,,,,,-0.161986,0.308968,0.388248,-0.161986,0.308968,0.388248,0.000000,0.000000,0.000000,0.000000,0.000000,0.000000,0.015120,-0.165480,0.070052,-0.029568,0.020992,0.016480,READY
1787023989563519686,2026-08-18T10:33:09.563563,ground_truth,0.122288,-0.165000,0.022245,0.121360,-0.139000,0.022980,True,,,,,,,,,-0.161986,0.308968,0.388248,-0.161986,0.308968,0.388248,0.000000,0.000000,0.000000,0.000000,0.000000,0.000000,0.015120,-0.165480,0.070052,-0.029568,0.020992,0.016480,READY
1787023989600536519,2026-08-18T10:33:09.600561,ground_truth,0.122788,-0.179000,0.021849,0.121360,-0.139000,0.022980,True,,,,,,,,,-0.161986,0.308968,0.388248,-0.161986,0.308968,0.388248,0.000000,0.000000,0.000000,0.000000,0.000000,0.000000,0.015120,-0.165480,0.070052,-0.029568,0.020992,0.016480,READY
1787023989633135571,2026-08-18T10:33:09.633179,ground_truth,0.119931,-0.099000,0.024112,0.121360,-0.139000,0.022980,True,,,,,,,,,-0.161986,0.308968,0.388248,-0.161986,0.308968,0.388248,0.000000,0.000000,0.000000,0.000000,0.000000,0.000000,0.015120,-0.165480,0.070052,-0.029568,0.020992,0.016480,READY
1787023989664522230,2026-08-18T10:33:09.664563,ground_truth,0.119038,-0.074000,0.024819,0.121360,-0.139000,0.022980,True,,,,,,,,,-0.161986,0.308968,0.388248,-0.161986,0.308968,0.388248,0.000000,0.000000,0.000000,0.000000,0.000000,0.000000,0.015120,-0.165480,0.070052,-0.029568,0.020992,0.016480,READY
1787023989696883418,2026-08-18T10:33:09.696905,ground_truth,0.119931,-0.099000,0.024112,0.121360,-0.139000,0.022980,True,,,,,,,,,-0.161986,0.308968,0.388248,-0.161986,0.308968,0.388248,0.000000,0.000000,0.000000,0.000000,0.000000,0.000000,0.015120,-0.165480,0.070052,-0.029568,0.020992,0.016480,READY
1787023989730387802,2026-08-18T10:33:09.730406,ground_truth,0.127037,-0.165000,0.027003,0.121360,-0.139000,0.022980,True,,,,,,,,,-0.161986,0.308968,0.388248,-0.161986,0.308968,0.388248,0.000000,0.000000,0.000000,0.000000,0.000000,0.000000,0.014140,-0.165480,0.070052,-0.029568,0.020992,0.015872,READY
1787023989763843730,2026-08-18T10:33:09.763880,ground_truth,0.125543,-0.125000,0.028068,0.121360,-0.139000,0.022980,True,,,,,,,,,-0.161986,0.308968,0.388248,-0.161986,0.308968,0.388248,0.000000,0.000000,0.000000,0.000000,0.000000,0.000000,0.012040,-0.163940,0.070052,-0.029568,0.020320,0.014752,READY
1787023989797524319,2026-08-18T10:33:09.797550,ground_truth,0.124571,-0.099000,0.028761,0.121360,-0.139000,0.022980,True,,,,,,,,,-0.161986,0.308968,0.388248,-0.161986,0.308968,0.388248,0.000000,0.000000,0.000000,0.000000,0.000000,0.000000,0.012040,-0.163940,0.070052,-0.029568,0.020320,0.014752,READY
1787023989829974332,2026-08-18T10:33:09.830008,ground_truth,0.125057,-0.112000,0.028415,0.121360,-0.139000,0.022980,True,,,,,,,,,-0.161986,0.308968,0.388248,-0.161986,0.308968,0.388248,0.000000,0.000000,0.000000,0.000000,0.000000,0.000000,0.012040,-0.163940,0.070052,-0.029568,0.020320,0.014752,READY
1787023989866662282,2026-08-18T10:33:09.866696,ground_truth,0.125057,-0.112000,0.033085,0.121360,-0.139000,0.022980,True,,,,,,,,,-0.161986,0.308968,0.388248,-0.161986,0.308968,0.388248,0.000000,0.000000,0.000000,0.000000,0.000000,0.000000,0.012040,-0.163940,0.070052,-0.029568,0.020320,0.014752,READY
1787023989899429629,2026-08-18T10:33:09.899451,ground_truth,0.125543,-0.125000,0.037452,0.121360,-0.139000,0.022980,True,,,,,,,,,-0.161986,0.308968,0.388248,-0.161986,0.308968,0.388248,0.000000,0.000000,0.000000,0.000000,0.000000,0.000000,0.012040,-0.163940,0.070052,-0.029568,0.020320,0.014752,READY
1787023989930670988,2026-08-18T10:33:09.930692,ground_truth,0.126066,-0.139000,0.041840,0.121360,-0.139000,0.022980,True,,,,,,,,,-0.161986,0.308968,0.388248,-0.161986,0.308968,0.388248,0.000000,0.000000,0.000000,0.000000,0.000000,0.000000,0.012040,-0.163940,0.070052,-0.029568,0.020320,0.014752,READY
1787023989964751952,2026-08-18T10:33:09.964790,ground_truth,0.125543,-0.125000,0.046836,0.121360,-0.139000,0.022980,True,,,,,,,,,-0.161986,0.308968,0.388248,-0.161986,0.308968,0.388248,0.000000,0.000000,0.000000,0.000000,0.000000,0.000000,0.012040,-0.163940,0.070052,-0.029568,0.020320,0.014752,READY
1787023989996285255,2026-08-18T10:33:09.996306,ground_truth,0.124571,-0.099000,0.052005,0.121360,-0.139000,0.022980,True,,,,,,,,,-0.161986,0.308968,0.388248,-0.161986,0.308968,0.388248,0.000000,0.000000,0.000000,0.000000,0.000000,0.000000,0.012040,-0.163940,0.070052,-0.029568,0.020320,0.014752,READY
1787023990032862298,2026-08-18T10:33:10.032883,ground_truth,0.127560,-0.179000,0.055317,0.121360,-0.139000,0.022980,True,,,,,,,,,-0.161986,0.308968,0.388248,-0.161986,0.308968,0.388248,0.000000,0.000000,0.000000,0.000000,0.000000,0.000000,0.012040,-0.163940,0.070052,-0.029568,0.020320,0.014752,READY
1787023990063987161,2026-08-18T10:33:10.064009,ground_truth,0.127037,-0.165000,0.060309,0.121360,-0.139000,0.022980,True,,,,,,,,,-0.161986,0.308968,0.388248,-0.161986,0.308968,0.388248,0.000000,0.000000,0.000000,0.000000,0.000000,0.000000,0.012040,-0.163940,0.070052,-0.029568,0.020320,0.014752,READY
1787023990096048317,2026-08-18T10:33:10.096082,ground_truth,0.127560,-0.179000,0.069660,0.121360,-0.139000,0.022980,True,,,,,,,,,-0.161986,0.308968,0.388248,-0.161986,0.308968,0.388248,0.000000,0.000000,0.000000,0.000000,0.000000,0.000000,0.012040,-0.163940,0.070052,-0.029568,0.020320,0.014752,READY
1787023990132922055,2026-08-18T10:33:10.132946,ground_truth,0.127037,-0.165000,0.074583,0.121360,-0.139000,0.022980,True,,,,,,,,,-0.161986,0.308968,0.388248,-0.161986,0.308968,0.388248,0.000000,0.000000,0.000000,0.000000,0.000000,0.000000,0.012040,-0.163940,0.070052,-0.029568,0.020320,0.014752,READY
1787023990164145364,2026-08-18T10:33:10.164178,ground_truth,0.129372,-0.227500,0.078812,0.121360,-0.139000,0.022980,True,,,,,,,,,-0.161986,0.308968,0.388248,-0.161986,0.308968,0.388248,0.009598,0.000000,0.020506,0.061949,0.005228,0.061949,0.081760,-0.181300,0.186750,0.020000,-0.041472,-0.039584,READY
1787023990199050184,2026-08-18T10:33:10.199070,ground_truth,0.128083,-0.193000,0.083908,0.121360,-0.139000,0.022980,True,,,,,,,,,-0.161986,0.308968,0.388248,-0.161986,0.308968,0.388248,0.009598,0.000000,0.018759,0.059340,0.005228,0.061949,0.070560,-0.189000,0.184675,0.017984,-0.041856,-0.038304,READY
1787023990230632347,2026-08-18T10:33:10.230681,ground_truth,0.123288,-0.193000,0.088712,0.121360,-0.139000,0.022980,True,,,,,,,,,-0.161986,0.308968,0.388248,-0.161986,0.308968,0.388248,0.009598,0.000000,0.017012,0.054101,0.005228,0.056279,0.072520,-0.192500,0.182600,0.016320,-0.042688,-0.037024,READY
1787023990264297102,2026-08-18T10:33:10.264314,ground_truth,0.124788,-0.235000,0.088495,0.121360,-0.139000,0.022980,True,,,,,,,,,-0.161986,0.308968,0.388248,-0.161986,0.308968,0.388248,0.006540,0.000000,0.013086,0.040573,0.002609,0.043193,0.066220,-0.203000,0.185422,0.018208,-0.040192,-0.035840,READY
1787023990295942708,2026-08-18T10:33:10.295970,ground_truth,0.123788,-0.207000,0.093467,0.121360,-0.139000,0.022980,True,,,,,,,,,-0.161986,0.308968,0.388248,-0.161986,0.308968,0.388248,0.005233,0.000000,0.009160,0.032715,0.000000,0.034903,0.065660,-0.208880,0.185007,0.010240,-0.041312,-0.035072,READY
1787023990333632630,2026-08-18T10:33:10.333664,ground_truth,0.120860,-0.125000,0.098446,0.121360,-0.139000,0.022980,True,,,,,,,,,-0.161986,0.308968,0.388248,-0.161986,0.308968,0.388248,0.003489,0.000000,0.005666,0.018756,0.002609,0.018756,0.063840,-0.213780,0.186086,0.010528,-0.040352,-0.035232,READY
1787023990363823956,2026-08-18T10:33:10.363866,ground_truth,0.122788,-0.179000,0.103128,0.121360,-0.139000,0.022980,True,,,,,,,,,-0.161986,0.308968,0.388248,-0.161986,0.308968,0.388248,0.000000,0.000000,0.001740,0.005228,0.000000,0.005228,0.065100,-0.221620,0.187082,0.010688,-0.039072,-0.033344,READY
1787023990400645719,2026-08-18T10:33:10.400662,ground_truth,0.122288,-0.165000,0.103130,0.125592,-0.159640,0.071531,True,,,,,,,,,-0.166219,0.288328,0.436799,-0.161986,0.308968,0.388248,0.000000,0.000000,0.000000,0.000000,0.000000,0.002609,0.063420,-0.227780,0.187829,0.010976,-0.037856,-0.033184,READY
1787023990431735758,2026-08-18T10:33:10.431776,ground_truth,0.125288,-0.249000,0.108010,0.125375,-0.166595,0.075910,True,,,,,,,,,-0.166002,0.281374,0.441177,-0.162338,0.307414,0.389802,0.000000,0.000000,0.000000,0.000000,0.003051,0.002609,0.061600,-0.230020,0.186750,0.009920,-0.037120,-0.033184,READY
1787023990465695894,2026-08-18T10:33:10.465729,ground_truth,0.116177,-0.125000,0.112522,0.125324,-0.170866,0.080321,True,,,,,,,,,-0.165950,0.277103,0.445588,-0.162338,0.307414,0.389802,0.000000,0.000000,0.000000,0.000000,0.000000,0.000000,0.057960,-0.234640,0.181604,0.008128,-0.035584,-0.033632,READY
1787023990502372507,2026-08-18T10:33:10.502399,ground_truth,0.114848,-0.086000,0.112401,0.124699,-0.173853,0.084700,True,,,,,,,,,-0.165325,0.274115,0.449967,-0.162755,0.304317,0.393720,0.000000,0.000000,0.000000,0.000000,0.000000,0.000000,0.053900,-0.238980,0.172972,0.001568,-0.034784,-0.032000,READY
1787023990543165246,2026-08-18T10:33:10.543200,ground_truth,0.116177,-0.125000,0.117214,0.124051,-0.174451,0.088727,True,,,,,,,,,-0.164677,0.273518,0.453994,-0.162755,0.304317,0.393720,0.000000,0.000000,0.000000,0.000000,0.000000,0.000000,0.051380,-0.240240,0.166996,-0.002912,-0.034080,-0.030944,READY
1787023990571449032,2026-08-18T10:33:10.571496,ground_truth,0.113997,-0.061000,0.121496,0.123292,-0.174570,0.092853,True,,,,,,,,,-0.163918,0.273398,0.458120,-0.163014,0.301100,0.398753,0.000000,0.000000,0.000000,0.000000,0.000000,0.000000,0.042700,-0.242340,0.156123,-0.013760,-0.032000,-0.027008,READY
1787023990599901423,2026-08-18T10:33:10.599941,ground_truth,0.109841,-0.074000,0.121579,0.122423,-0.170381,0.096932,True,,,,,,,,,-0.163049,0.277588,0.462199,-0.163014,0.301100,0.398753,0.000000,0.000000,0.000000,0.002609,0.000000,0.000000,0.042140,-0.241780,0.153882,-0.016320,-0.031904,-0.025728,READY
1787023990631986497,2026-08-18T10:33:10.632022,ground_truth,0.115734,-0.112000,0.126493,0.121241,-0.163943,0.100394,True,,,,,,,,,-0.161868,0.284026,0.465661,-0.163066,0.298111,0.406432,0.000000,0.001744,0.000000,0.000000,0.000000,0.000000,0.034020,-0.243880,0.141681,-0.024832,-0.029792,-0.016992,READY
1787023990668734811,2026-08-18T10:33:10.668770,ground_truth,0.113925,-0.200000,0.132018,0.120488,-0.157802,0.103854,True,,,,,,,,,-0.161114,0.290167,0.469121,-0.163066,0.298111,0.406432,0.000000,0.000000,0.000000,0.000000,0.000000,0.000000,0.030940,-0.243320,0.136369,-0.029664,-0.028000,-0.010368,READY
1787023990701030913,2026-08-18T10:33:10.701046,ground_truth,0.118493,-0.193000,0.136754,0.119458,-0.153000,0.107401,True,,,,,,,,,-0.160084,0.294968,0.472669,-0.162794,0.296744,0.415609,0.000000,0.000000,0.000000,0.000000,0.000000,0.002609,0.029680,-0.277340,0.112963,-0.037344,-0.027456,-0.000672,READY
1787023990734748465,2026-08-18T10:33:10.734789,ground_truth,0.119413,-0.220000,0.137061,0.118819,-0.152040,0.110924,True,,,,,,,,,-0.159445,0.295928,0.476192,-0.162794,0.296744,0.415609,0.000000,0.004796,0.000000,0.000000,0.002609,0.000000,0.029400,-0.267120,0.083415,-0.045920,-0.035840,0.011200,READY
1787023990766954911,2026-08-18T10:33:10.766995,ground_truth,0.118016,-0.179000,0.141376,0.118560,-0.152221,0.114148,True,,,,,,,,,-0.159187,0.295747,0.479415,-0.162230,0.296588,0.425581,0.000000,0.004796,0.000000,0.000000,0.002609,0.000000,0.029400,-0.267120,0.083415,-0.045920,-0.035840,0.011200,READY
1787023990798408986,2026-08-18T10:33:10.798445,ground_truth,0.118493,-0.193000,0.141558,0.118109,-0.152258,0.117673,True,,,,,,,,,-0.158735,0.295711,0.482940,-0.162230,0.296588,0.425581,0.000000,0.004796,0.000000,0.000000,0.002609,0.000000,0.029400,-0.267120,0.083415,-0.045920,-0.035840,0.011200,READY
1787023990835513599,2026-08-18T10:33:10.835545,ground_truth,0.114440,-0.074000,0.144617,0.117756,-0.151518,0.120879,True,,,,,,,,,-0.158382,0.296450,0.486146,-0.161600,0.296565,0.435504,0.000000,0.004796,0.000000,0.000000,0.002609,0.000000,0.029400,-0.267120,0.083415,-0.045920,-0.035840,0.011200,READY
1787023990868345019,2026-08-18T10:33:10.868379,ground_truth,0.115291,-0.099000,0.149633,0.117328,-0.149877,0.123957,True,,,,,,,,,-0.157954,0.298091,0.489224,-0.161600,0.296565,0.435504,0.000000,0.004796,0.000000,0.000000,0.002609,0.000000,0.029400,-0.267120,0.083415,-0.045920,-0.035840,0.011200,READY
1787023990899171864,2026-08-18T10:33:10.899204,ground_truth,0.115734,-0.112000,0.149845,0.116828,-0.145282,0.127058,True,,,,,,,,,-0.157454,0.302686,0.492325,-0.160864,0.297651,0.445584,0.000000,0.004796,0.000000,0.000000,0.002609,0.000000,0.029400,-0.267120,0.083415,-0.045920,-0.035840,0.011200,READY
1787023990934624151,2026-08-18T10:33:10.934659,ground_truth,0.115734,-0.112000,0.154515,0.116391,-0.140843,0.130172,True,,,,,,,,,-0.157018,0.307125,0.495439,-0.160864,0.297651,0.445584,0.000000,0.004796,0.000000,0.000000,0.002609,0.000000,0.029400,-0.267120,0.083415,-0.045920,-0.035840,0.011200,READY
1787023990966673760,2026-08-18T10:33:10.966712,ground_truth,0.113997,-0.061000,0.153599,0.115754,-0.136382,0.133272,True,,,,,,,,,-0.156381,0.311586,0.498539,-0.160057,0.300161,0.455120,0.000000,0.008285,0.001740,0.003051,0.002609,0.005670,0.029960,-0.267820,0.048223,-0.058336,-0.046144,0.022560,READY
1787023990998922637,2026-08-18T10:33:10.998938,ground_truth,0.112736,-0.024000,0.157459,0.115609,-0.132663,0.136011,True,,,,,,,,,-0.156235,0.315305,0.501278,-0.160057,0.300161,0.455120,0.004796,0.174964,0.023993,0.048432,0.078096,0.037954,0.077140,-0.358260,0.221112,-0.079264,-0.045472,0.033184,READY
1787023991033465456,2026-08-18T10:33:11.033502,ground_truth,0.112328,-0.012000,0.157223,0.115468,-0.128506,0.139015,True,,,,,,,,,-0.156094,0.319462,0.504282,-0.159315,0.303776,0.464329,0.003489,0.181511,0.035339,0.045812,0.078538,0.034903,0.074900,-0.326620,0.229246,-0.077536,-0.050816,0.032736,READY
1787023991066030224,2026-08-18T10:33:11.066072,ground_truth,0.111919,-0.000000,0.156988,0.115211,-0.122288,0.141682,True,,,,,,,,,-0.155838,0.325681,0.506949,-0.159315,0.303776,0.464329,0.003489,0.181511,0.035339,0.045812,0.078538,0.034903,0.074900,-0.326620,0.229246,-0.077536,-0.050816,0.032736,READY
1787023991101041338,2026-08-18T10:33:11.101073,ground_truth,0.111919,-0.000000,0.156988,0.115073,-0.117098,0.144048,True,,,,,,,,,-0.155699,0.330871,0.509315,-0.158625,0.308946,0.472912,0.003489,0.181511,0.035339,0.045812,0.078538,0.034903,0.074900,-0.326620,0.229246,-0.077536,-0.050816,0.032736,READY
1787023991134698180,2026-08-18T10:33:11.134729,ground_truth,0.113588,-0.049000,0.162516,0.115211,-0.112113,0.146409,True,,,,,,,,,-0.155838,0.335856,0.511676,-0.158625,0.308946,0.472912,0.003489,0.181511,0.035339,0.045812,0.078538,0.034903,0.074900,-0.326620,0.229246,-0.077536,-0.050816,0.032736,READY
1787023991168536597,2026-08-18T10:33:11.168553,ground_truth,0.113145,-0.036000,0.162239,0.115068,-0.107169,0.148810,True,,,,,,,,,-0.155695,0.340799,0.514077,-0.158063,0.315060,0.480813,0.003489,0.181511,0.035339,0.045812,0.078538,0.034903,0.074900,-0.326620,0.229246,-0.077536,-0.050816,0.032736,READY
1787023991202698281,2026-08-18T10:33:11.202739,ground_truth,0.112736,-0.024000,0.166509,0.115016,-0.102127,0.150825,True,,,,,,,,,-0.155643,0.345841,0.516092,-0.158063,0.315060,0.480813,0.001307,0.184568,0.052358,0.037954,0.078096,0.029665,0.084280,-0.317940,0.240534,-0.075360,-0.048928,0.030400,READY
1787023991231357998,2026-08-18T10:33:11.231390,ground_truth,0.112736,-0.024000,0.166509,0.114633,-0.092745,0.152809,True,,,,,,,,,-0.155259,0.355223,0.518076,-0.157555,0.322334,0.487562,0.024429,0.171475,0.154018,0.002609,0.067188,0.029665,-0.119280,-0.292320,0.271991,-0.075744,-0.040960,0.031520,READY
1787023991266929108,2026-08-18T10:33:11.266975,ground_truth,0.111510,0.012000,0.170149,0.114187,-0.081482,0.154772,True,,,,,,,,,-0.154814,0.366486,0.520039,-0.157555,0.322334,0.487562,0.032720,0.171475,0.167112,0.007847,0.067188,0.034903,-0.127400,-0.318920,0.270331,-0.077984,-0.046432,0.031616,READY
1787023991301530428,2026-08-18T10:33:11.301574,ground_truth,0.111510,0.012000,0.174615,0.113754,-0.070216,0.156690,True,,,,,,,,,-0.154380,0.377752,0.521957,-0.157068,0.330828,0.492834,0.034034,0.176708,0.173223,0.005228,0.069807,0.037523,-0.120260,-0.312060,0.275643,-0.075424,-0.045984,0.032896,READY
1787023991335790118,2026-08-18T10:33:11.335820,ground_truth,0.109909,0.059000,0.173382,0.113288,-0.057030,0.158894,True,,,,,,,,,-0.153915,0.390938,0.524161,-0.157068,0.330828,0.492834,0.039267,0.184568,0.184131,0.005228,0.075477,0.045812,-0.115220,-0.327600,0.292492,-0.077536,-0.041632,0.033952,READY
1787023991367490589,2026-08-18T10:33:11.367507,ground_truth,0.105529,0.059000,0.177770,0.112986,-0.044206,0.160811,True,,,,,,,,,-0.153612,0.403762,0.526079,-0.156637,0.339926,0.496981,0.045814,0.196348,0.196785,0.005670,0.078096,0.048432,-0.124180,-0.323820,0.281868,-0.078592,-0.043808,0.037184,READY
1787023991401765395,2026-08-18T10:33:11.401805,ground_truth,0.106275,0.036000,0.178411,0.112335,-0.033215,0.162687,True,,,,,,,,,-0.152962,0.414754,0.527954,-0.156637,0.339926,0.496981,0.045814,0.201144,0.196785,0.005228,0.078538,0.048432,-0.133840,-0.309960,0.291247,-0.080544,-0.048864,0.036640,READY
1787023991433054649,2026-08-18T10:33:11.433106,ground_truth,0.105886,0.048000,0.182482,0.111705,-0.022590,0.164591,True,,,,,,,,,-0.152331,0.425379,0.529859,-0.156167,0.349252,0.500569,0.045814,0.199400,0.198964,0.002609,0.080716,0.048432,-0.109620,-0.327040,0.288176,-0.079648,-0.043808,0.035680,READY
1787023991465424920,2026-08-18T10:33:11.465464,ground_truth,0.105141,0.071000,0.181803,0.111048,-0.011931,0.166456,True,,,,,,,,,-0.151675,0.436037,0.531723,-0.156167,0.349252,0.500569,0.042318,0.201144,0.198964,0.002609,0.080716,0.045812,-0.115920,-0.318360,0.280623,-0.081152,-0.043968,0.033952,READY
1787023991503326027,2026-08-18T10:33:11.503357,ground_truth,0.103714,0.115000,0.184799,0.110458,-0.001266,0.168336,True,,,,,,,,,-0.151084,0.446702,0.533603,-0.155670,0.358780,0.503799,0.041012,0.199400,0.200711,0.005670,0.080716,0.042751,-0.118020,-0.313040,0.289421,-0.079360,-0.047808,0.033856,READY
1787023991531033476,2026-08-18T10:33:11.531062,ground_truth,0.105141,0.071000,0.190539,0.109856,0.007907,0.170159,True,,,,,,,,,-0.150483,0.455875,0.535426,-0.155670,0.358780,0.503799,0.039267,0.200706,0.200711,0.003051,0.078096,0.040573,-0.107520,-0.295400,0.298468,-0.083264,-0.046304,0.033024,READY
1787023991571150948,2026-08-18T10:33:11.571193,ground_truth,0.100781,0.071000,0.190539,0.109377,0.014808,0.172380,True,,,,,,,,,-0.150004,0.462776,0.537647,-0.155153,0.368269,0.506888,0.032720,0.201144,0.200711,0.002609,0.081158,0.032284,-0.074340,-0.297500,0.291662,-0.082944,-0.047200,0.034080,READY
1787023991602162364,2026-08-18T10:33:11.602177,ground_truth,0.099427,0.115000,0.193390,0.108635,0.020615,0.174617,True,,,,,,,,,-0.149261,0.468583,0.539884,-0.155153,0.368269,0.506888,0.024429,0.197655,0.200711,0.002609,0.078096,0.026614,-0.096040,-0.295960,0.288342,-0.084000,-0.050496,0.033792,READY
1787023991634831833,2026-08-18T10:33:11.634845,ground_truth,0.099766,0.104000,0.193769,0.107802,0.025563,0.177044,True,,,,,,,,,-0.148428,0.473531,0.542311,-0.154546,0.377771,0.510085,0.021378,0.187619,0.198964,0.000000,0.080716,0.023995,-0.104440,-0.240240,0.303116,-0.088064,-0.042816,0.032896,READY
1787023991669132531,2026-08-18T10:33:11.669155,ground_truth,0.098412,0.148000,0.196492,0.106880,0.032099,0.179127,True,,,,,,,,,-0.147507,0.480068,0.544394,-0.154546,0.377771,0.510085,0.021378,0.179766,0.200711,0.002609,0.081158,0.018756,-0.095060,-0.247380,0.295895,-0.088832,-0.043808,0.033568,READY
1787023991700506649,2026-08-18T10:33:11.700546,ground_truth,0.103001,0.137000,0.196890,0.105898,0.041460,0.181411,True,,,,,,,,,-0.146525,0.489428,0.546678,-0.153868,0.387205,0.513177,0.017889,0.150097,0.198964,0.002609,0.081158,0.018756,-0.091700,-0.209160,0.308677,-0.087552,-0.039808,0.033344,READY
1787023991733413599,2026-08-18T10:33:11.733451,ground_truth,0.101283,0.190000,0.194974,0.105249,0.052559,0.183436,True,,,,,,,,,-0.145875,0.500527,0.548703,-0.153868,0.387205,0.513177,0.016138,0.106028,0.198964,0.002609,0.080716,0.018756,-0.099120,-0.151480,0.303116,-0.088000,-0.047104,0.032736,READY
1787023991766066067,2026-08-18T10:33:11.766081,ground_truth,0.101445,0.185000,0.199335,0.104486,0.063952,0.185334,True,,,,,,,,,-0.145112,0.511920,0.550601,-0.153198,0.396751,0.516041,0.014831,0.068936,0.201142,0.000000,0.080716,0.016137,-0.102900,-0.114380,0.313989,-0.089280,-0.044192,0.032672,READY
1787023991804730137,2026-08-18T10:33:11.804754,ground_truth,0.101283,0.190000,0.199146,0.103815,0.077377,0.187279,True,,,,,,,,,-0.144441,0.525345,0.552547,-0.153198,0.396751,0.516041,0.016138,0.008285,0.200711,0.002609,0.081158,0.016137,-0.074620,-0.083580,0.300875,-0.087264,-0.041472,0.029568,READY
1787023991837112236,2026-08-18T10:33:11.837151,ground_truth,0.101607,0.180000,0.203712,0.103133,0.089555,0.188915,True,,,,,,,,,-0.143759,0.537524,0.554182,-0.152551,0.406397,0.518655,0.014831,0.001307,0.198964,0.000000,0.078096,0.013517,-0.074340,0.031220,0.311084,-0.088992,-0.046144,0.030560,READY
1787023991870793937,2026-08-18T10:33:11.870820,ground_truth,0.100602,0.211000,0.202489,0.102579,0.101218,0.190937,True,,,,,,,,,-0.143206,0.549186,0.556204,-0.152551,0.406397,0.518655,0.014831,0.001307,0.198964,0.000000,0.078096,0.013517,-0.074340,0.031220,0.311084,-0.088992,-0.046144,0.030560,READY
1787023991902745863,2026-08-18T10:33:11.902782,ground_truth,0.099954,0.231000,0.201700,0.102251,0.110537,0.192585,True,,,,,,,,,-0.142877,0.558505,0.557852,-0.151936,0.416071,0.521148,0.014831,0.001307,0.198964,0.000000,0.078096,0.013517,-0.074340,0.031220,0.311084,-0.088992,-0.046144,0.030560,READY
1787023991937987030,2026-08-18T10:33:11.938017,ground_truth,0.100278,0.221000,0.206215,0.101829,0.120507,0.194137,True,,,,,,,,,-0.142456,0.568476,0.559405,-0.151936,0.416071,0.521148,0.014831,0.001307,0.198964,0.000000,0.078096,0.013517,-0.074340,0.031220,0.311084,-0.088992,-0.046144,0.030560,READY
1787023991972115454,2026-08-18T10:33:11.972145,ground_truth,0.101283,0.190000,0.207489,0.101456,0.131728,0.195719,True,,,,,,,,,-0.142082,0.579697,0.560987,-0.151353,0.425748,0.523504,0.014831,0.001307,0.198964,0.000000,0.078096,0.013517,-0.074340,0.031220,0.311084,-0.088992,-0.046144,0.030560,READY
1787023992000532067,2026-08-18T10:33:12.000554,ground_truth,0.099954,0.231000,0.205804,0.101198,0.143199,0.197432,True,,,,,,,,,-0.141825,0.591167,0.562699,-0.151353,0.425748,0.523504,0.014394,0.035778,0.198964,0.000000,0.078096,0.013517,-0.065660,0.097580,0.303531,-0.090048,-0.045600,0.031392,READY
1787023992034997315,2026-08-18T10:33:12.035024,ground_truth,0.099630,0.241000,0.205393,0.100948,0.153493,0.198832,True,,,,,,,,,-0.141574,0.601462,0.564099,-0.150813,0.435449,0.525745,0.014394,0.035778,0.198964,0.000000,0.078096,0.013517,-0.065660,0.097580,0.303531,-0.090048,-0.045600,0.031392,READY
1787023992071809048,2026-08-18T10:33:12.071834,ground_truth,0.099630,0.241000,0.209480,0.100580,0.164085,0.199822,True,,,,,,,,,-0.141207,0.612054,0.565090,-0.150813,0.435449,0.525745,0.014394,0.035778,0.198964,0.000000,0.078096,0.013517,-0.065660,0.097580,0.303531,-0.090048,-0.045600,0.031392,READY
1787023992108520420,2026-08-18T10:33:12.108556,ground_truth,0.098366,0.280000,0.207813,0.100504,0.175270,0.201085,True,,,,,,,,,-0.141130,0.623239,0.566352,-0.150301,0.445377,0.527892,0.014394,0.035778,0.198964,0.000000,0.078096,0.013517,-0.065660,0.097580,0.303531,-0.090048,-0.045600,0.031392,READY
1787023992136640751,2026-08-18T10:33:12.136679,ground_truth,0.098657,0.271000,0.208197,0.100433,0.186574,0.202047,True,,,,,,,,,-0.141059,0.634542,0.567314,-0.150301,0.445377,0.527892,0.016576,0.142243,0.200711,0.000000,0.080716,0.016137,-0.101640,0.073080,0.303531,-0.091552,-0.039680,0.034016,READY
1787023992168056806,2026-08-18T10:33:12.168094,ground_truth,0.098041,0.290000,0.207385,0.100359,0.197741,0.203008,True,,,,,,,,,-0.140985,0.645710,0.568276,-0.149849,0.455099,0.529852,0.017889,0.140492,0.197216,0.002609,0.078096,0.016137,-0.087920,0.068460,0.291081,-0.090784,-0.042080,0.037472,READY
1787023992200706298,2026-08-18T10:33:12.200801,ground_truth,0.098657,0.271000,0.208197,0.100334,0.208775,0.203735,True,,,,,,,,,-0.140961,0.656743,0.569002,-0.149849,0.455099,0.529852,0.017889,0.140492,0.197216,0.002609,0.078096,0.016137,-0.087920,0.068460,0.291081,-0.090784,-0.042080,0.037472,READY
1787023992234699903,2026-08-18T10:33:12.234737,ground_truth,0.098657,0.271000,0.208197,0.100045,0.218128,0.204488,True,,,,,,,,,-0.140671,0.666097,0.569756,-0.149423,0.464889,0.531703,0.017889,0.140492,0.197216,0.002609,0.078096,0.016137,-0.087920,0.068460,0.291081,-0.090784,-0.042080,0.037472,READY
1787023992268215412,2026-08-18T10:33:12.268239,ground_truth,0.098366,0.280000,0.207813,0.099870,0.226559,0.205370,True,,,,,,,,,-0.140496,0.674527,0.570637,-0.149423,0.464889,0.531703,0.016138,0.135697,0.189365,0.000000,0.078096,0.018756,-0.078960,0.060060,0.309341,-0.090944,-0.043520,0.036576,READY
1787023992299747304,2026-08-18T10:33:12.299778,ground_truth,0.098657,0.271000,0.208197,0.099664,0.232832,0.205935,True,,,,,,,,,-0.140291,0.680800,0.571202,-0.149008,0.474702,0.533499,0.008285,0.096423,0.126531,0.000000,0.054101,0.013517,-0.096600,0.003360,0.272738,-0.091776,-0.042368,0.032896,READY
1787023992338285607,2026-08-18T10:33:12.338331,ground_truth,0.098041,0.290000,0.207385,0.099489,0.238406,0.206539,True,,,,,,,,,-0.140116,0.686375,0.571806,-0.149008,0.474702,0.533499,0.008285,0.096423,0.126531,0.000000,0.054101,0.013517,-0.096600,0.003360,0.272738,-0.091776,-0.042368,0.032896,READY
1787023992370374886,2026-08-18T10:33:12.370417,ground_truth,0.098366,0.280000,0.207813,0.099252,0.244588,0.206783,True,,,,,,,,,-0.139878,0.692556,0.572051,-0.148597,0.484510,0.535234,0.008285,0.096423,0.126531,0.000000,0.054101,0.013517,-0.096600,0.003360,0.272738,-0.091776,-0.042368,0.032896,READY
1787023992399472771,2026-08-18T10:33:12.399507,ground_truth,0.096810,0.328000,0.205760,0.099103,0.250624,0.207138,True,,,,,,,,,-0.139729,0.698593,0.572406,-0.148597,0.484510,0.535234,0.008285,0.096423,0.126531,0.000000,0.054101,0.013517,-0.096600,0.003360,0.272738,-0.091776,-0.042368,0.032896,READY
1787023992433800497,2026-08-18T10:33:12.433836,ground_truth,0.094043,0.290000,0.203379,0.098893,0.256045,0.207409,True,,,,,,,,,-0.139519,0.704013,0.572676,-0.148189,0.494374,0.536917,0.008285,0.080279,0.098604,0.002609,0.037523,0.005228,-0.100940,0.063140,0.283860,-0.098016,-0.038144,0.032512,READY
1787023992467302103,2026-08-18T10:33:12.467343,ground_truth,0.089229,0.318000,0.202228,0.098477,0.260809,0.207220,True,,,,,,,,,-0.139104,0.708777,0.572487,-0.148189,0.494374,0.536917,0.006540,0.101225,0.115185,0.000000,0.048863,0.007847,-0.102200,0.074620,0.308345,-0.096448,-0.039296,0.034464,READY
1787023992499684354,2026-08-18T10:33:12.499720,ground_truth,0.085002,0.328000,0.201817,0.097674,0.266935,0.206869,True,,,,,,,,,-0.138300,0.714904,0.572137,-0.147751,0.504152,0.538478,0.008285,0.116063,0.126531,0.000000,0.051040,0.010898,-0.102900,0.072520,0.311582,-0.095392,-0.040960,0.031840,READY
1787023992533374472,2026-08-18T10:33:12.533411,ground_truth,0.080369,0.355000,0.200707,0.096677,0.273334,0.206604,True,,,,,,,,,-0.137303,0.721302,0.571871,-0.147751,0.504152,0.538478,0.009598,0.137441,0.141371,0.000000,0.053659,0.010467,-0.104440,0.078680,0.305025,-0.096896,-0.043520,0.032672,READY
1787023992569570619,2026-08-18T10:33:12.569592,ground_truth,0.080601,0.346000,0.197163,0.095393,0.279787,0.206291,True,,,,,,,,,-0.136019,0.727755,0.571558,-0.147229,0.514106,0.539951,0.011342,0.155330,0.156204,0.000000,0.061949,0.010898,-0.109060,0.086800,0.319467,-0.100128,-0.041184,0.033632,READY
1787023992601850575,2026-08-18T10:33:12.601872,ground_truth,0.080601,0.346000,0.197163,0.094124,0.286677,0.205470,True,,,,,,,,,-0.134751,0.734646,0.570737,-0.147229,0.514106,0.539951,0.010029,0.181511,0.181945,0.002609,0.075477,0.010898,-0.107520,0.078960,0.316396,-0.097280,-0.040640,0.034016,READY
1787023992635960670,2026-08-18T10:33:12.635981,ground_truth,0.076477,0.355000,0.192909,0.092940,0.293656,0.204760,True,,,,,,,,,-0.133566,0.741624,0.570027,-0.146635,0.524000,0.541259,0.010029,0.184568,0.185870,0.000000,0.072857,0.010898,-0.101920,0.103460,0.324447,-0.096576,-0.043648,0.032960,READY
1787023992669324615,2026-08-18T10:33:12.669358,ground_truth,0.076695,0.346000,0.193250,0.091461,0.299051,0.203741,True,,,,,,,,,-0.132088,0.747020,0.569008,-0.146635,0.524000,0.541259,0.009598,0.191108,0.193291,0.000000,0.078096,0.010467,-0.102200,0.087360,0.324613,-0.095904,-0.046080,0.033280,READY
1787023992704056069,2026-08-18T10:33:12.704091,ground_truth,0.076042,0.373000,0.188360,0.090038,0.303650,0.202799,True,,,,,,,,,-0.130664,0.751619,0.568066,-0.145940,0.533899,0.542425,0.009598,0.191108,0.193291,0.000000,0.078096,0.010467,-0.102200,0.087360,0.324613,-0.095904,-0.046080,0.033280,READY
1787023992736527775,2026-08-18T10:33:12.736560,ground_truth,0.076695,0.346000,0.185422,0.088530,0.309050,0.201476,True,,,,,,,,,-0.129157,0.757018,0.566743,-0.145940,0.533899,0.542425,0.009598,0.191108,0.193291,0.000000,0.078096,0.010467,-0.102200,0.087360,0.324613,-0.095904,-0.046080,0.033280,READY
1787023992767510189,2026-08-18T10:33:12.767544,ground_truth,0.076260,0.364000,0.184801,0.087066,0.314130,0.199958,True,,,,,,,,,-0.127693,0.762098,0.565225,-0.145149,0.543785,0.543412,0.006540,0.189364,0.201142,0.000000,0.080716,0.005670,-0.081480,0.034720,0.315317,-0.095072,-0.044864,0.031840,READY
1787023992803081157,2026-08-18T10:33:12.803113,ground_truth,0.072181,0.373000,0.180622,0.085593,0.320106,0.198424,True,,,,,,,,,-0.126219,0.768074,0.563691,-0.145149,0.543785,0.543412,0.006540,0.187619,0.198525,0.000000,0.080716,0.008289,-0.084560,0.050820,0.311084,-0.094944,-0.040704,0.032128,READY
1787023992836116875,2026-08-18T10:33:12.836136,ground_truth,0.072383,0.364000,0.180917,0.083827,0.326261,0.196585,True,,,,,,,,,-0.124454,0.774230,0.561852,-0.144257,0.553726,0.544208,0.004796,0.183255,0.200711,0.000000,0.078096,0.005228,-0.088900,0.031500,0.310918,-0.094464,-0.043744,0.031520,READY
1787023992874192930,2026-08-18T10:33:12.874218,ground_truth,0.071775,0.391000,0.176191,0.082117,0.331972,0.194821,True,,,,,,,,,-0.122743,0.779941,0.560088,-0.144257,0.553726,0.544208,0.004796,0.183255,0.200711,0.000000,0.078096,0.005228,-0.088900,0.031500,0.310918,-0.094464,-0.043744,0.031520,READY
1787023992903290856,2026-08-18T10:33:12.903318,ground_truth,0.071978,0.382000,0.176472,0.080344,0.338074,0.192713,True,,,,,,,,,-0.120971,0.786043,0.557980,-0.143247,0.563800,0.544805,0.004796,0.183255,0.200711,0.000000,0.078096,0.005228,-0.088900,0.031500,0.310918,-0.094464,-0.043744,0.031520,READY
1787023992937398524,2026-08-18T10:33:12.937420,ground_truth,0.071978,0.382000,0.176472,0.078689,0.344202,0.190760,True,,,,,,,,,-0.119315,0.792170,0.556027,-0.143247,0.563800,0.544805,0.005233,0.181511,0.198964,0.000000,0.081158,0.005228,-0.086100,0.017640,0.324613,-0.093888,-0.040032,0.031008,READY
1787023992971277926,2026-08-18T10:33:12.971295,ground_truth,0.071775,0.391000,0.176191,0.077218,0.350334,0.188966,True,,,,,,,,,-0.117844,0.798302,0.554234,-0.142185,0.573603,0.545199,0.006540,0.171475,0.198964,0.000000,0.081158,0.005228,-0.105280,0.013860,0.323451,-0.092224,-0.045536,0.033344,READY
1787023993007341247,2026-08-18T10:33:13.007367,ground_truth,0.071978,0.382000,0.172618,0.076054,0.354973,0.187230,True,,,,,,,,,-0.116681,0.802942,0.552498,-0.142185,0.573603,0.545199,0.006540,0.169730,0.198964,0.000000,0.081158,0.007847,-0.113960,0.002380,0.315400,-0.092512,-0.041856,0.033280,READY
1787023993037607195,2026-08-18T10:33:13.037653,ground_truth,0.071573,0.400000,0.172086,0.075186,0.359315,0.185284,True,,,,,,,,,-0.115812,0.807283,0.550551,-0.141056,0.583604,0.545428,0.006540,0.170168,0.198964,0.000000,0.080716,0.005670,-0.106540,0.016100,0.325360,-0.093120,-0.042304,0.033344,READY
1787023993069520848,2026-08-18T10:33:13.069555,ground_truth,0.071978,0.382000,0.172618,0.074600,0.363543,0.183376,True,,,,,,,,,-0.115226,0.811511,0.548643,-0.141056,0.583604,0.545428,0.007853,0.167986,0.200711,0.002609,0.078096,0.005228,-0.108780,0.024080,0.301456,-0.093728,-0.040032,0.034304,READY
1787023993100986397,2026-08-18T10:33:13.101023,ground_truth,0.068131,0.382000,0.168763,0.074025,0.366309,0.181739,True,,,,,,,,,-0.114651,0.814277,0.547007,-0.139929,0.593453,0.545496,0.007853,0.171475,0.198964,0.000000,0.078096,0.007847,-0.105280,0.002660,0.323949,-0.095680,-0.044704,0.034784,READY
1787023993133850695,2026-08-18T10:33:13.133875,ground_truth,0.067755,0.400000,0.168261,0.073193,0.368782,0.179846,True,,,,,,,,,-0.113820,0.816750,0.545113,-0.139929,0.593453,0.545496,0.008285,0.173219,0.200711,0.000000,0.083335,0.007847,-0.107520,0.005180,0.305025,-0.096512,-0.041088,0.034080,READY
1787023993168939528,2026-08-18T10:33:13.168977,ground_truth,0.067943,0.391000,0.168512,0.072612,0.371196,0.178203,True,,,,,,,,,-0.113238,0.819165,0.543470,-0.138752,0.603404,0.545406,0.011342,0.174964,0.201142,0.000000,0.081158,0.010467,-0.102900,-0.010220,0.319965,-0.098624,-0.040960,0.034080,READY
1787023993201819453,2026-08-18T10:33:13.201833,ground_truth,0.067755,0.400000,0.164437,0.072028,0.374079,0.176554,True,,,,,,,,,-0.112655,0.822048,0.541821,-0.138752,0.603404,0.545406,0.011342,0.171475,0.200711,0.003051,0.081158,0.013517,-0.109340,0.018900,0.303116,-0.098176,-0.045472,0.033856,READY
1787023993234265721,2026-08-18T10:33:13.234299,ground_truth,0.064111,0.391000,0.160833,0.071476,0.377056,0.174959,True,,,,,,,,,-0.112102,0.825024,0.540226,-0.137557,0.613342,0.545174,0.011342,0.171475,0.198964,0.000000,0.080716,0.010467,-0.115920,0.025060,0.318637,-0.098688,-0.042240,0.035072,READY
1787023993269797594,2026-08-18T10:33:13.269824,ground_truth,0.064111,0.391000,0.160833,0.070637,0.380051,0.173320,True,,,,,,,,,-0.111263,0.828020,0.538587,-0.137557,0.613342,0.545174,0.013087,0.174533,0.198525,0.000000,0.080716,0.013517,-0.120260,-0.003080,0.312993,-0.098304,-0.042528,0.035968,READY
1787023993302301139,2026-08-18T10:33:13.302325,ground_truth,0.060279,0.391000,0.160833,0.069827,0.382090,0.171722,True,,,,,,,,,-0.110453,0.830059,0.536989,-0.136322,0.623219,0.544801,0.014831,0.176708,0.200711,0.000000,0.080716,0.013517,-0.105280,-0.008260,0.311416,-0.097728,-0.043648,0.035456,READY
1787023993337690812,2026-08-18T10:33:13.337729,ground_truth,0.060121,0.400000,0.156788,0.069034,0.383938,0.170403,True,,,,,,,,,-0.109660,0.831906,0.535670,-0.136322,0.623219,0.544801,0.016576,0.176277,0.200711,0.002609,0.081158,0.016137,-0.090440,-0.017360,0.299547,-0.097184,-0.045600,0.031904,READY
1787023993369548921,2026-08-18T10:33:13.369589,ground_truth,0.060121,0.400000,0.156788,0.068216,0.385748,0.168794,True,,,,,,,,,-0.108842,0.833716,0.534061,-0.135036,0.633070,0.544298,0.017889,0.178022,0.196785,0.000000,0.080716,0.018756,-0.091700,-0.006720,0.318969,-0.099680,-0.042080,0.032288,READY
1787023993403775691,2026-08-18T10:33:13.403801,ground_truth,0.056447,0.391000,0.153155,0.067439,0.387550,0.167500,True,,,,,,,,,-0.108066,0.835518,0.532768,-0.135036,0.633070,0.544298,0.016138,0.178022,0.200711,0.000000,0.081158,0.018756,-0.100940,-0.018200,0.306768,-0.098304,-0.041920,0.030464,READY
1787023993434080572,2026-08-18T10:33:13.434124,ground_truth,0.056590,0.382000,0.153346,0.066404,0.388870,0.165946,True,,,,,,,,,-0.107030,0.836838,0.531213,-0.133671,0.642999,0.543661,0.017889,0.181073,0.198964,0.002609,0.080716,0.018756,-0.095480,-0.018200,0.323119,-0.100128,-0.045024,0.030720,READY
1787023993468145363,2026-08-18T10:33:13.468182,ground_truth,0.056160,0.409000,0.148962,0.065378,0.389614,0.164404,True,,,,,,,,,-0.106004,0.837582,0.529671,-0.133671,0.642999,0.543661,0.017889,0.181511,0.200711,0.002609,0.081158,0.021375,-0.104440,-0.030380,0.313159,-0.098688,-0.041984,0.033632,READY
1787023993503585227,2026-08-18T10:33:13.503611,ground_truth,0.056304,0.400000,0.149139,0.064337,0.390243,0.162589,True,,,,,,,,,-0.104963,0.838211,0.527856,-0.132225,0.652834,0.542865,0.019634,0.181511,0.198964,0.000000,0.080716,0.018756,-0.111860,-0.021980,0.319467,-0.101792,-0.039584,0.033952,READY
1787023993535447095,2026-08-18T10:33:13.535463,ground_truth,0.056160,0.409000,0.148962,0.063292,0.391329,0.161024,True,,,,,,,,,-0.103918,0.839297,0.526291,-0.132225,0.652834,0.542865,0.019634,0.182817,0.200711,0.003051,0.080716,0.018756,-0.111860,-0.033040,0.310171,-0.098304,-0.045536,0.030944,READY
1787023993570185730,2026-08-18T10:33:13.570215,ground_truth,0.056160,0.409000,0.148962,0.062265,0.392506,0.159482,True,,,,,,,,,-0.102891,0.840474,0.524749,-0.130679,0.662721,0.541910,0.019634,0.184568,0.198964,0.000000,0.081158,0.021375,-0.108500,-0.032480,0.319135,-0.100352,-0.041984,0.031840,READY
1787023993604588130,2026-08-18T10:33:13.604620,ground_truth,0.055762,0.434000,0.148471,0.061210,0.394181,0.157905,True,,,,,,,,,-0.101836,0.842150,0.523172,-0.130679,0.662721,0.541910,0.021378,0.186313,0.200711,0.000000,0.080716,0.021807,-0.093800,-0.051660,0.311084,-0.098560,-0.040480,0.034624,READY
1787023993639954527,2026-08-18T10:33:13.639999,ground_truth,0.059523,0.434000,0.148471,0.060385,0.395956,0.156552,True,,,,,,,,,-0.101012,0.843925,0.521819,-0.129076,0.672511,0.540825,0.020940,0.184568,0.200711,0.002609,0.080716,0.021375,-0.077420,-0.047740,0.318803,-0.101472,-0.042592,0.033856,READY
1787023993671769563,2026-08-18T10:33:13.671783,ground_truth,0.059084,0.459000,0.147981,0.059837,0.399085,0.155233,True,,,,,,,,,-0.100463,0.847053,0.520500,-0.129076,0.672511,0.540825,0.019634,0.182817,0.200711,0.000000,0.080716,0.021375,-0.073080,-0.029960,0.309341,-0.097792,-0.043040,0.034784,READY
1787023993705556530,2026-08-18T10:33:13.705589,ground_truth,0.059523,0.434000,0.148471,0.059246,0.402004,0.153864,True,,,,,,,,,-0.099872,0.849972,0.519131,-0.127465,0.682300,0.539628,0.019634,0.186313,0.198964,0.002609,0.081158,0.021375,-0.087920,-0.038080,0.315732,-0.101184,-0.041312,0.035136,READY
1787023993740009861,2026-08-18T10:33:13.740115,ground_truth,0.059365,0.443000,0.148295,0.058697,0.404401,0.152800,True,,,,,,,,,-0.099324,0.852369,0.518067,-0.127465,0.682300,0.539628,0.019634,0.186313,0.202458,0.002609,0.078096,0.021375,-0.096040,-0.047320,0.299713,-0.096000,-0.041760,0.035136,READY
1787023993769264629,2026-08-18T10:33:13.769350,ground_truth,0.062804,0.459000,0.147981,0.058381,0.407654,0.151964,True,,,,,,,,,-0.099007,0.855622,0.517231,-0.125804,0.692416,0.538321,0.019196,0.188057,0.198964,0.000000,0.081158,0.021375,-0.099120,-0.056420,0.319135,-0.100416,-0.042752,0.033792,READY
1787023993803483480,2026-08-18T10:33:13.803519,ground_truth,0.066524,0.459000,0.151708,0.058294,0.411077,0.151107,True,,,,,,,,,-0.098920,0.859046,0.516374,-0.125804,0.692416,0.538321,0.019196,0.188057,0.198964,0.000000,0.081158,0.021375,-0.099120,-0.056420,0.319135,-0.100416,-0.042752,0.033792,READY
1787023993839452259,2026-08-18T10:33:13.839473,ground_truth,0.070424,0.451000,0.155618,0.058710,0.415389,0.150499,True,,,,,,,,,-0.099336,0.863357,0.515766,-0.124331,0.701933,0.537065,0.019196,0.188057,0.198964,0.000000,0.081158,0.021375,-0.099120,-0.056420,0.319135,-0.100416,-0.042752,0.033792,READY
1787023993871055959,2026-08-18T10:33:13.871100,ground_truth,0.070424,0.451000,0.155618,0.059397,0.419878,0.150421,True,,,,,,,,,-0.100023,0.867846,0.515688,-0.124331,0.701933,0.537065,0.019196,0.188057,0.198964,0.000000,0.081158,0.021375,-0.099120,-0.056420,0.319135,-0.100416,-0.042752,0.033792,READY
1787023993902275440,2026-08-18T10:33:13.902356,ground_truth,0.077451,0.468000,0.162653,0.060084,0.423496,0.150343,True,,,,,,,,,-0.100710,0.871464,0.515610,-0.122963,0.711749,0.535823,0.019196,0.188057,0.198964,0.000000,0.081158,0.021375,-0.099120,-0.056420,0.319135,-0.100416,-0.042752,0.033792,READY
1787023993934360804,2026-08-18T10:33:13.934424,ground_truth,0.082090,0.434000,0.167313,0.061484,0.426939,0.150976,True,,,,,,,,,-0.102110,0.874908,0.516243,-0.122963,0.711749,0.535823,0.021378,0.186313,0.200711,0.002609,0.080716,0.021375,-0.103180,-0.048020,0.305025,-0.097632,-0.042816,0.034304,READY
1787023993966482825,2026-08-18T10:33:13.966521,ground_truth,0.084628,0.476000,0.166142,0.063184,0.430828,0.151907,True,,,,,,,,,-0.103810,0.878796,0.517174,-0.121835,0.721586,0.534725,0.023122,0.189364,0.198964,0.002609,0.078096,0.023995,-0.111160,-0.065380,0.304527,-0.099744,-0.048704,0.031232,READY
1787023994001488837,2026-08-18T10:33:14.001503,ground_truth,0.088074,0.484000,0.169605,0.065082,0.435712,0.153052,True,,,,,,,,,-0.105708,0.883681,0.518320,-0.121835,0.721586,0.534725,0.023122,0.189364,0.198964,0.000000,0.078096,0.024426,-0.099400,-0.075600,0.315566,-0.100512,-0.043360,0.033184,READY
1787023994035767486,2026-08-18T10:33:14.035792,ground_truth,0.087828,0.492000,0.173041,0.067200,0.440743,0.154417,True,,,,,,,,,-0.107826,0.888711,0.519684,-0.120991,0.731663,0.533818,0.024867,0.191108,0.198964,0.000000,0.078096,0.024426,-0.100100,-0.086380,0.325360,-0.101696,-0.043584,0.033952,READY
1787023994075997005,2026-08-18T10:33:14.076037,ground_truth,0.091234,0.500000,0.176451,0.069311,0.445749,0.156022,True,,,,,,,,,-0.109937,0.893717,0.521289,-0.120991,0.731663,0.533818,0.024429,0.188057,0.200711,0.000000,0.078096,0.027045,-0.116760,-0.071540,0.321044,-0.100352,-0.046976,0.034240,READY
1787023994104099617,2026-08-18T10:33:14.104123,ground_truth,0.094614,0.508000,0.179834,0.071649,0.451176,0.157855,True,,,,,,,,,-0.112276,0.899145,0.523122,-0.120479,0.741502,0.533189,0.026174,0.189802,0.200711,0.002609,0.081158,0.027045,-0.102480,-0.070560,0.314985,-0.099520,-0.043648,0.036128,READY
1787023994138756541,2026-08-18T10:33:14.138804,ground_truth,0.094069,0.524000,0.182902,0.074239,0.457115,0.159946,True,,,,,,,,,-0.114866,0.905084,0.525213,-0.120479,0.741502,0.533189,0.026174,0.189802,0.200711,0.002609,0.081158,0.027045,-0.102480,-0.070560,0.314985,-0.099520,-0.043648,0.036128,READY
1787023994170947752,2026-08-18T10:33:14.171050,ground_truth,0.097682,0.524000,0.186522,0.076542,0.462250,0.162241,True,,,,,,,,,-0.117169,0.910218,0.527508,-0.120282,0.751508,0.532852,0.026174,0.189802,0.200711,0.002609,0.081158,0.027045,-0.102480,-0.070560,0.314985,-0.099520,-0.043648,0.036128,READY
1787023994203307135,2026-08-18T10:33:14.203345,ground_truth,0.101294,0.524000,0.190142,0.079116,0.468077,0.164810,True,,,,,,,,,-0.119742,0.916045,0.530078,-0.120282,0.751508,0.532852,0.026174,0.189802,0.200711,0.002609,0.081158,0.027045,-0.102480,-0.070560,0.314985,-0.099520,-0.043648,0.036128,READY
1787023994239690163,2026-08-18T10:33:14.239715,ground_truth,0.104907,0.524000,0.193761,0.081900,0.474042,0.167588,True,,,,,,,,,-0.122527,0.922010,0.532856,-0.120414,0.761542,0.532853,0.026174,0.189802,0.200711,0.002609,0.081158,0.027045,-0.102480,-0.070560,0.314985,-0.099520,-0.043648,0.036128,READY
1787023994270602479,2026-08-18T10:33:14.270618,ground_truth,0.107585,0.547000,0.196398,0.084936,0.479555,0.170619,True,,,,,,,,,-0.125563,0.927524,0.535887,-0.120414,0.761542,0.532853,0.024429,0.191108,0.200711,0.002609,0.080716,0.026614,-0.091980,-0.070560,0.302452,-0.096512,-0.044544,0.034016,READY
1787023994305373856,2026-08-18T10:33:14.305403,ground_truth,0.115086,0.539000,0.200335,0.087922,0.484978,0.173847,True,,,,,,,,,-0.128548,0.932946,0.539114,-0.120885,0.771462,0.533215,0.022685,0.194166,0.198964,0.000000,0.081158,0.021375,-0.113120,-0.113120,0.313159,-0.098464,-0.045696,0.032800,READY
1787023994336876953,2026-08-18T10:33:14.336889,ground_truth,0.121884,0.547000,0.203561,0.091159,0.490329,0.177089,True,,,,,,,,,-0.131786,0.938297,0.542356,-0.120885,0.771462,0.533215,0.019634,0.192853,0.198964,0.000000,0.081158,0.018756,-0.089880,-0.087640,0.324779,-0.098016,-0.043264,0.035008,READY
1787023994371284571,2026-08-18T10:33:14.371309,ground_truth,0.133026,0.539000,0.207524,0.094590,0.496092,0.180285,True,,,,,,,,,-0.135216,0.944061,0.545552,-0.121712,0.781425,0.533927,0.019634,0.192853,0.200711,0.000000,0.078096,0.018756,-0.098140,-0.087920,0.304195,-0.097568,-0.043200,0.034304,READY
1787023994403775639,2026-08-18T10:33:14.403788,ground_truth,0.139314,0.555000,0.210329,0.098763,0.501938,0.183746,True,,,,,,,,,-0.139390,0.949907,0.549013,-0.121712,0.781425,0.533927,0.016576,0.195911,0.198964,0.000000,0.078096,0.016137,-0.101360,-0.121800,0.326356,-0.097344,-0.045696,0.032800,READY
1787023994436541133,2026-08-18T10:33:14.436562,ground_truth,0.150966,0.539000,0.218309,0.102888,0.508228,0.186924,True,,,,,,,,,-0.143514,0.956196,0.552191,-0.122941,0.791277,0.534957,0.014831,0.194604,0.198525,0.000000,0.080716,0.016137,-0.102480,-0.133560,0.317226,-0.098176,-0.042912,0.032128,READY
1787023994471794772,2026-08-18T10:33:14.471816,ground_truth,0.150482,0.547000,0.217888,0.107479,0.514179,0.190324,True,,,,,,,,,-0.148106,0.962147,0.555591,-0.122941,0.791277,0.534957,0.011780,0.194604,0.198525,0.000000,0.080716,0.013517,-0.100380,-0.123900,0.309839,-0.098016,-0.042080,0.033120,READY
1787023994504797933,2026-08-18T10:33:14.504833,ground_truth,0.157122,0.555000,0.221035,0.111870,0.519582,0.193773,True,,,,,,,,,-0.152496,0.967551,0.559041,-0.124583,0.801065,0.536294,0.006540,0.192853,0.200711,0.002609,0.080716,0.008289,-0.116200,-0.105980,0.306270,-0.096672,-0.045536,0.032288,READY
1787023994537613176,2026-08-18T10:33:14.537645,ground_truth,0.159245,0.577000,0.223372,0.116473,0.524450,0.197202,True,,,,,,,,,-0.157099,0.972418,0.562469,-0.124583,0.801065,0.536294,0.004796,0.195911,0.200711,0.000000,0.081158,0.005228,-0.109060,-0.125860,0.311582,-0.094848,-0.044544,0.032000,READY
1787023994569061322,2026-08-18T10:33:14.569097,ground_truth,0.166296,0.577000,0.226904,0.121234,0.529210,0.200557,True,,,,,,,,,-0.161860,0.977178,0.565825,-0.126629,0.810734,0.537915,0.003489,0.194166,0.200711,0.000000,0.081158,0.002609,-0.099400,-0.141960,0.309839,-0.093504,-0.041856,0.032448,READY
1787023994604772545,2026-08-18T10:33:14.604807,ground_truth,0.173850,0.570000,0.227307,0.126238,0.534695,0.203921,True,,,,,,,,,-0.166864,0.982664,0.569188,-0.126629,0.810734,0.537915,0.001744,0.192422,0.198964,0.000000,0.080716,0.000000,-0.096040,-0.138880,0.318471,-0.092672,-0.043872,0.031456,READY
1787023994641712945,2026-08-18T10:33:14.641726,ground_truth,0.178741,0.599000,0.229132,0.131520,0.539899,0.207086,True,,,,,,,,,-0.172147,0.987867,0.572353,-0.129067,0.820220,0.539760,0.000000,0.189364,0.198964,0.000000,0.081158,0.002609,0.006720,-0.114940,0.319301,-0.088672,-0.048704,0.005120,READY
1787023994673847681,2026-08-18T10:33:14.673873,ground_truth,0.186269,0.592000,0.229547,0.137165,0.544620,0.210168,True,,,,,,,,,-0.177792,0.992588,0.575435,-0.129067,0.820220,0.539760,0.004796,0.191108,0.198525,0.000000,0.080716,0.005228,0.060060,-0.138880,0.326356,-0.083264,-0.040640,-0.022336,READY
1787023994705241477,2026-08-18T10:33:14.705267,ground_truth,0.193843,0.585000,0.229962,0.143071,0.549191,0.213036,True,,,,,,,,,-0.183697,0.997159,0.578304,-0.131960,0.829590,0.541801,0.009598,0.192853,0.198964,0.000000,0.078096,0.010898,0.088900,-0.150640,0.311582,-0.077248,-0.043648,-0.025120,READY
1787023994736568774,2026-08-18T10:33:14.736604,ground_truth,0.200868,0.585000,0.229962,0.149241,0.553731,0.215691,True,,,,,,,,,-0.189867,1.001700,0.580958,-0.131960,0.829590,0.541801,0.014394,0.189364,0.200711,0.000000,0.081158,0.016137,0.107240,-0.142240,0.308511,-0.061504,-0.046816,-0.027232,READY
1787023994768679844,2026-08-18T10:33:14.768708,ground_truth,0.204380,0.585000,0.233481,0.155638,0.557893,0.218104,True,,,,,,,,,-0.196265,1.005861,0.583372,-0.135299,0.838743,0.543959,0.019634,0.187619,0.200711,0.000000,0.078096,0.019198,0.108080,-0.133280,0.302452,-0.048640,-0.048640,-0.030464,READY
1787023994804174610,2026-08-18T10:33:14.804212,ground_truth,0.211254,0.547000,0.235796,0.162091,0.561979,0.220577,True,,,,,,,,,-0.202718,1.009947,0.585844,-0.135299,0.838743,0.543959,0.021378,0.189802,0.200711,0.000000,0.081158,0.021375,0.109340,-0.162680,0.314487,-0.035584,-0.045984,-0.032000,READY
1787023994839088768,2026-08-18T10:33:14.839128,ground_truth,0.217027,0.562000,0.238439,0.168503,0.565249,0.222941,True,,,,,,,,,-0.209129,1.013217,0.588208,-0.139100,0.847726,0.546238,0.024429,0.186313,0.200711,0.002609,0.078096,0.023995,0.127680,-0.174160,0.317973,-0.018272,-0.048928,-0.034624,READY
1787023994871420225,2026-08-18T10:33:14.871455,ground_truth,0.226314,0.539000,0.239878,0.174845,0.566703,0.225266,True,,,,,,,,,-0.215472,1.014672,0.590533,-0.139100,0.847726,0.546238,0.026174,0.184568,0.200711,0.002609,0.081158,0.027045,0.115500,-0.172620,0.323783,-0.010816,-0.049664,-0.035360,READY
1787023994905438612,2026-08-18T10:33:14.905458,ground_truth,0.230579,0.532000,0.243923,0.181065,0.567421,0.227423,True,,,,,,,,,-0.221691,1.015389,0.592690,-0.143375,0.856405,0.548642,0.030976,0.181511,0.200711,0.005228,0.078096,0.029665,0.091140,-0.128520,0.310337,-0.008960,-0.046208,-0.035968,READY
1787023994938781476,2026-08-18T10:33:14.938847,ground_truth,0.242191,0.524000,0.244437,0.187149,0.567137,0.229662,True,,,,,,,,,-0.227775,1.015106,0.594930,-0.143375,0.856405,0.548642,0.030976,0.181511,0.200711,0.005228,0.078096,0.029665,0.091140,-0.128520,0.310337,-0.008960,-0.046208,-0.035968,READY
1787023994972660701,2026-08-18T10:33:14.972696,ground_truth,0.251430,0.539000,0.243473,0.193231,0.566708,0.231404,True,,,,,,,,,-0.233857,1.014676,0.596672,-0.148189,0.864826,0.551197,0.030976,0.181511,0.200711,0.005228,0.078096,0.029665,0.091140,-0.128520,0.310337,-0.008960,-0.046208,-0.035968,READY
1787023995003494999,2026-08-18T10:33:15.003527,ground_truth,0.265782,0.539000,0.243473,0.199960,0.565822,0.233110,True,,,,,,,,,-0.240587,1.013790,0.598377,-0.148189,0.864826,0.551197,0.030976,0.181511,0.200711,0.005228,0.078096,0.029665,0.091140,-0.128520,0.310337,-0.008960,-0.046208,-0.035968,READY
1787023995037659514,2026-08-18T10:33:15.037704,ground_truth,0.268451,0.547000,0.246541,0.207204,0.565218,0.234606,True,,,,,,,,,-0.247831,1.013186,0.599873,-0.153573,0.872842,0.553828,0.030976,0.181511,0.200711,0.005228,0.078096,0.029665,0.091140,-0.128520,0.310337,-0.008960,-0.046208,-0.035968,READY
1787023995076482710,2026-08-18T10:33:15.076523,ground_truth,0.279957,0.570000,0.248570,0.214485,0.564244,0.236151,True,,,,,,,,,-0.255111,1.012212,0.601418,-0.153573,0.872842,0.553828,0.034465,0.182817,0.198964,0.005228,0.080716,0.032284,0.085120,-0.154560,0.313159,-0.010304,-0.044416,-0.035904,READY
1787023995103762593,2026-08-18T10:33:15.103778,ground_truth,0.286325,0.547000,0.250123,0.222062,0.562449,0.237595,True,,,,,,,,,-0.262689,1.010417,0.602862,-0.159547,0.880374,0.556512,0.050609,0.179328,0.198525,0.005228,0.080716,0.053659,0.136360,-0.183400,0.322953,-0.010688,-0.043360,-0.039680,READY
1787023995138966186,2026-08-18T10:33:15.139031,ground_truth,0.290898,0.539000,0.250663,0.229561,0.560490,0.239116,True,,,,,,,,,-0.270187,1.008458,0.604383,-0.159547,0.880374,0.556512,0.054105,0.178022,0.200711,0.002609,0.081158,0.059340,0.141260,-0.201180,0.315732,-0.012032,-0.041696,-0.038976,READY
1787023995171995502,2026-08-18T10:33:15.172034,ground_truth,0.309329,0.562000,0.252667,0.237038,0.558498,0.240551,True,,,,,,,,,-0.277664,1.006466,0.605819,-0.166182,0.887457,0.559282,0.058901,0.176708,0.200711,0.005228,0.080716,0.059340,0.124600,-0.184660,0.312578,-0.009760,-0.047648,-0.037792,READY
1787023995207229868,2026-08-18T10:33:15.207272,ground_truth,0.316014,0.539000,0.254258,0.245242,0.555700,0.242093,True,,,,,,,,,-0.285868,1.003668,0.607360,-0.166182,0.887457,0.559282,0.060207,0.174964,0.200711,0.005670,0.080716,0.061949,0.148120,-0.157780,0.321874,-0.010528,-0.043264,-0.038848,READY
1787023995241749169,2026-08-18T10:33:15.241780,ground_truth,0.318862,0.570000,0.252113,0.253386,0.552313,0.243712,True,,,,,,,,,-0.294013,1.000282,0.608980,-0.173315,0.893753,0.562055,0.060207,0.174964,0.200711,0.005670,0.080716,0.061949,0.148120,-0.157780,0.321874,-0.010528,-0.043264,-0.038848,READY
1787023995271619129,2026-08-18T10:33:15.271653,ground_truth,0.331986,0.577000,0.251629,0.261253,0.550409,0.245189,True,,,,,,,,,-0.301879,0.998378,0.610456,-0.173315,0.893753,0.562055,0.060207,0.174964,0.200711,0.005670,0.080716,0.061949,0.148120,-0.157780,0.321874,-0.010528,-0.043264,-0.038848,READY
1787023995303409520,2026-08-18T10:33:15.303437,ground_truth,0.335512,0.577000,0.248097,0.269760,0.549229,0.246399,True,,,,,,,,,-0.310386,0.997197,0.611666,-0.180977,0.899535,0.564828,0.060207,0.174964,0.200711,0.005670,0.080716,0.061949,0.148120,-0.157780,0.321874,-0.010528,-0.043264,-0.038848,READY
1787023995339620677,2026-08-18T10:33:15.339696,ground_truth,0.341279,0.562000,0.241996,0.278044,0.548566,0.247219,True,,,,,,,,,-0.318670,0.996534,0.612486,-0.180977,0.899535,0.564828,0.063703,0.176277,0.198964,0.005228,0.081158,0.064568,0.126980,-0.202300,0.316064,-0.010368,-0.042464,-0.039200,READY
1787023995369933183,2026-08-18T10:33:15.369971,ground_truth,0.344830,0.562000,0.234882,0.286327,0.549233,0.247456,True,,,,,,,,,-0.326954,0.997202,0.612723,-0.188990,0.904896,0.567457,0.076790,0.173219,0.198964,0.005670,0.078096,0.078096,0.133280,-0.223440,0.314653,-0.008864,-0.044320,-0.041248,READY
1787023995406468913,2026-08-18T10:33:15.406508,ground_truth,0.350671,0.547000,0.232214,0.294228,0.550167,0.247123,True,,,,,,,,,-0.334855,0.998135,0.612390,-0.188990,0.904896,0.567457,0.079847,0.171475,0.198964,0.008289,0.078096,0.078096,0.133560,-0.233940,0.324945,-0.011136,-0.050720,-0.041632,READY
1787023995438850956,2026-08-18T10:33:15.438870,ground_truth,0.355408,0.516000,0.226786,0.302234,0.551580,0.246343,True,,,,,,,,,-0.342861,0.999548,0.611610,-0.197277,0.909994,0.569835,0.081592,0.167986,0.200711,0.005228,0.081158,0.078096,0.154280,-0.235900,0.320878,-0.008864,-0.043424,-0.039360,READY
1787023995471970477,2026-08-18T10:33:15.472010,ground_truth,0.360269,0.508000,0.223588,0.309782,0.552663,0.245166,True,,,,,,,,,-0.350409,1.000631,0.610433,-0.197277,0.909994,0.569835,0.089445,0.166241,0.198964,0.005670,0.080716,0.080716,0.134120,-0.223160,0.320131,-0.007808,-0.044032,-0.041088,READY
1787023995508910532,2026-08-18T10:33:15.508959,ground_truth,0.365157,0.500000,0.220363,0.317038,0.552026,0.243840,True,,,,,,,,,-0.357664,0.999994,0.609107,-0.205779,0.914765,0.571917,0.091190,0.164928,0.200711,0.005228,0.078096,0.080716,0.147840,-0.214200,0.317724,-0.007904,-0.046752,-0.043584,READY
1787023995538569179,2026-08-18T10:33:15.538590,ground_truth,0.367654,0.484000,0.221206,0.323663,0.550245,0.242299,True,,,,,,,,,-0.364289,0.998214,0.607567,-0.205779,0.914765,0.571917,0.094679,0.164928,0.200711,0.005670,0.081158,0.080716,0.168560,-0.225960,0.313989,-0.005632,-0.045696,-0.038304,READY
1787023995572394263,2026-08-18T10:33:15.572447,ground_truth,0.371333,0.484000,0.217520,0.330277,0.547809,0.240610,True,,,,,,,,,-0.370903,0.995777,0.605878,-0.214629,0.919107,0.573737,0.098174,0.164928,0.200711,0.005228,0.080716,0.078096,0.158340,-0.246400,0.326522,-0.006400,-0.045152,-0.040480,READY
1787023995606951925,2026-08-18T10:33:15.606967,ground_truth,0.377800,0.443000,0.215858,0.336368,0.543962,0.238540,True,,,,,,,,,-0.376995,0.991930,0.603808,-0.214629,0.919107,0.573737,0.104714,0.158388,0.200711,0.007847,0.078096,0.078096,0.159600,-0.234360,0.318803,-0.009184,-0.047712,-0.041024,READY
1787023995639075922,2026-08-18T10:33:15.639113,ground_truth,0.377800,0.443000,0.212104,0.342467,0.539832,0.236256,True,,,,,,,,,-0.383093,0.987801,0.601523,-0.223823,0.922856,0.575253,0.109517,0.158388,0.200711,0.008289,0.081158,0.078096,0.138180,-0.252280,0.321044,-0.006528,-0.050720,-0.041408,READY
1787023995673667034,2026-08-18T10:33:15.673688,ground_truth,0.377800,0.443000,0.208351,0.348260,0.533460,0.233685,True,,,,,,,,,-0.388887,0.981428,0.598953,-0.223823,0.922856,0.575253,0.112568,0.155330,0.200711,0.008289,0.080716,0.078096,0.145040,-0.246960,0.317807,-0.007424,-0.045152,-0.041920,READY
1787023995704644887,2026-08-18T10:33:15.704660,ground_truth,0.381901,0.417000,0.209548,0.352825,0.526639,0.230731,True,,,,,,,,,-0.393451,0.974607,0.595998,-0.233269,0.925738,0.576409,0.116063,0.150097,0.201142,0.008289,0.080716,0.078096,0.157780,-0.261520,0.315732,-0.010368,-0.042592,-0.042464,READY
1787023995738775370,2026-08-18T10:33:15.738792,ground_truth,0.385292,0.443000,0.200844,0.357217,0.520154,0.227750,True,,,,,,,,,-0.397844,0.968123,0.593018,-0.233269,0.925738,0.576409,0.119114,0.148352,0.198964,0.005670,0.080716,0.080716,0.167300,-0.278040,0.320712,-0.006144,-0.047808,-0.040480,READY
1787023995773766547,2026-08-18T10:33:15.773782,ground_truth,0.389039,0.443000,0.200844,0.361646,0.512511,0.224332,True,,,,,,,,,-0.402273,0.960479,0.589600,-0.243065,0.927751,0.577173,0.122603,0.143550,0.198964,0.008289,0.081158,0.078538,0.172620,-0.277060,0.329759,-0.007680,-0.045824,-0.038976,READY
1787023995808856298,2026-08-18T10:33:15.808900,ground_truth,0.391470,0.451000,0.196762,0.365450,0.504209,0.220947,True,,,,,,,,,-0.406076,0.952177,0.586214,-0.243065,0.927751,0.577173,0.126099,0.142243,0.198964,0.007847,0.078096,0.078096,0.152460,-0.274260,0.312578,-0.007296,-0.045088,-0.041472,READY
1787023995837993621,2026-08-18T10:33:15.838016,ground_truth,0.396531,0.443000,0.193337,0.369180,0.495402,0.217524,True,,,,,,,,,-0.409807,0.943370,0.582792,-0.252973,0.928679,0.577507,0.129150,0.140492,0.200711,0.005228,0.078538,0.080716,0.172900,-0.263060,0.317724,-0.005632,-0.047360,-0.041536,READY
1787023995872568364,2026-08-18T10:33:15.872604,ground_truth,0.396531,0.443000,0.189583,0.372864,0.486494,0.214280,True,,,,,,,,,-0.413490,0.934462,0.579548,-0.252973,0.928679,0.577507,0.128712,0.140492,0.200711,0.007847,0.080716,0.078096,0.179760,-0.287560,0.310337,-0.006304,-0.045152,-0.038400,READY
1787023995904824045,2026-08-18T10:33:15.904852,ground_truth,0.403668,0.400000,0.183559,0.376310,0.478365,0.211261,True,,,,,,,,,-0.416937,0.926334,0.576528,-0.262990,0.928536,0.577447,0.132208,0.138748,0.200711,0.008289,0.080716,0.080716,0.155260,-0.280840,0.315317,-0.008704,-0.044192,-0.041472,READY
1787023995937366089,2026-08-18T10:33:15.937389,ground_truth,0.408150,0.373000,0.180622,0.379844,0.470393,0.208017,True,,,,,,,,,-0.420470,0.918362,0.573284,-0.262990,0.928536,0.577447,0.135697,0.137004,0.198964,0.007847,0.081158,0.080716,0.139440,-0.278600,0.329427,-0.010528,-0.043808,-0.042304,READY
1787023995973121608,2026-08-18T10:33:15.973136,ground_truth,0.399353,0.426000,0.178881,0.383360,0.460959,0.204939,True,,,,,,,,,-0.423986,0.908927,0.570206,-0.272905,0.927328,0.577001,0.135697,0.135697,0.198964,0.008289,0.081158,0.080716,0.147560,-0.283640,0.320878,-0.006752,-0.046208,-0.040352,READY
1787023996004088582,2026-08-18T10:33:16.004128,ground_truth,0.398025,0.434000,0.178618,0.385965,0.452885,0.201959,True,,,,,,,,,-0.426592,0.900854,0.567226,-0.272905,0.927328,0.577001,0.135697,0.133952,0.200711,0.010467,0.080716,0.078096,0.158900,-0.273000,0.319633,-0.010528,-0.042752,-0.041472,READY
1787023996041538428,2026-08-18T10:33:16.041580,ground_truth,0.396531,0.443000,0.178323,0.388157,0.446897,0.199176,True,,,,,,,,,-0.428783,0.894865,0.564443,-0.282696,0.925289,0.576213,0.137004,0.133952,0.200711,0.008289,0.080716,0.081158,0.171080,-0.282380,0.323285,-0.006080,-0.043424,-0.040960,READY
1787023996073187622,2026-08-18T10:33:16.073227,ground_truth,0.402175,0.409000,0.179439,0.390082,0.442179,0.196317,True,,,,,,,,,-0.430708,0.890148,0.561584,-0.282696,0.925289,0.576213,0.140492,0.130895,0.200711,0.005228,0.080716,0.078096,0.158620,-0.304920,0.313159,-0.003968,-0.048704,-0.041760,READY
1787023996105836726,2026-08-18T10:33:16.105872,ground_truth,0.408994,0.391000,0.180030,0.392138,0.438569,0.193778,True,,,,,,,,,-0.432764,0.886538,0.559045,-0.292334,0.922800,0.575110,0.142243,0.129150,0.198964,0.007847,0.083335,0.081158,0.141960,-0.305340,0.320380,-0.005696,-0.043360,-0.038400,READY
1787023996139588026,2026-08-18T10:33:16.139629,ground_truth,0.415029,0.355000,0.181213,0.394217,0.433847,0.191390,True,,,,,,,,,-0.434844,0.881816,0.556657,-0.292334,0.922800,0.575110,0.142243,0.129150,0.198964,0.007847,0.083335,0.081158,0.141960,-0.305340,0.320380,-0.005696,-0.043360,-0.038400,READY
1787023996171257046,2026-08-18T10:33:16.171284,ground_truth,0.414350,0.382000,0.180326,0.396699,0.430130,0.189330,True,,,,,,,,,-0.437326,0.878098,0.554598,-0.301803,0.919881,0.573770,0.142243,0.129150,0.198964,0.007847,0.083335,0.081158,0.141960,-0.305340,0.320380,-0.005696,-0.043360,-0.038400,READY
1787023996205747195,2026-08-18T10:33:16.205790,ground_truth,0.415873,0.373000,0.180622,0.399136,0.426133,0.187462,True,,,,,,,,,-0.439762,0.874101,0.552729,-0.301803,0.919881,0.573770,0.142243,0.129150,0.198964,0.007847,0.083335,0.081158,0.141960,-0.305340,0.320380,-0.005696,-0.043360,-0.038400,READY
1787023996238345899,2026-08-18T10:33:16.238373,ground_truth,0.414350,0.382000,0.184180,0.401401,0.421600,0.185534,True,,,,,,,,,-0.442027,0.869568,0.550801,-0.311048,0.916564,0.572256,0.150097,0.106459,0.198525,0.010467,0.080716,0.080716,0.156240,-0.313320,0.335486,-0.006528,-0.045696,-0.039808,READY
1787023996271837570,2026-08-18T10:33:16.271853,ground_truth,0.411303,0.400000,0.183559,0.403338,0.417440,0.184423,True,,,,,,,,,-0.443964,0.865408,0.549690,-0.311048,0.916564,0.572256,0.153586,0.099481,0.200711,0.007847,0.078096,0.080716,0.158620,-0.341180,0.320214,-0.006464,-0.048640,-0.041184,READY
1787023996305696154,2026-08-18T10:33:16.305722,ground_truth,0.413582,0.409000,0.183249,0.404822,0.413355,0.183270,True,,,,,,,,,-0.445449,0.861323,0.548538,-0.320172,0.912814,0.570646,0.153586,0.091190,0.198964,0.010898,0.078096,0.080716,0.164220,-0.342440,0.334407,-0.007136,-0.049312,-0.042464,READY
1787023996340208537,2026-08-18T10:33:16.340228,ground_truth,0.415120,0.400000,0.179735,0.406296,0.410244,0.182370,True,,,,,,,,,-0.446923,0.858213,0.547637,-0.320172,0.912814,0.570646,0.156637,0.079847,0.198525,0.007847,0.078096,0.080716,0.154000,-0.354620,0.321542,-0.007584,-0.047584,-0.039360,READY
1787023996371413362,2026-08-18T10:33:16.371453,ground_truth,0.417397,0.364000,0.180917,0.407536,0.407329,0.181463,True,,,,,,,,,-0.448162,0.855297,0.546730,-0.329210,0.908752,0.568957,0.156637,0.070243,0.200711,0.010467,0.081158,0.081158,0.161420,-0.360220,0.330838,-0.010144,-0.045696,-0.040640,READY
1787023996409864201,2026-08-18T10:33:16.409898,ground_truth,0.411303,0.400000,0.179735,0.408927,0.404453,0.180885,True,,,,,,,,,-0.449553,0.852421,0.546152,-0.329210,0.908752,0.568957,0.156637,0.060207,0.200711,0.007847,0.081158,0.080716,0.137900,-0.374080,0.323783,-0.007584,-0.048384,-0.040352,READY
1787023996438422114,2026-08-18T10:33:16.438437,ground_truth,0.417397,0.364000,0.180917,0.409435,0.401584,0.180630,True,,,,,,,,,-0.450062,0.849552,0.545897,-0.338020,0.904437,0.567276,0.154893,0.050609,0.200711,0.010467,0.078096,0.080716,0.152180,-0.357700,0.329759,-0.009760,-0.045248,-0.040576,READY
1787023996473510607,2026-08-18T10:33:16.473541,ground_truth,0.412826,0.391000,0.180030,0.410052,0.399090,0.180650,True,,,,,,,,,-0.450678,0.847059,0.545917,-0.338020,0.904437,0.567276,0.157075,0.044069,0.200711,0.007847,0.080716,0.080716,0.151900,-0.372260,0.320712,-0.004576,-0.044864,-0.038528,READY
1787023996507731083,2026-08-18T10:33:16.507748,ground_truth,0.412826,0.391000,0.180030,0.410950,0.398111,0.180726,True,,,,,,,,,-0.451577,0.846080,0.545994,-0.346795,0.899927,0.565631,0.155330,0.037523,0.200711,0.008289,0.078096,0.078096,0.168280,-0.371560,0.322372,-0.005632,-0.048864,-0.041920,READY
1787023996539109743,2026-08-18T10:33:16.539136,ground_truth,0.412826,0.391000,0.180030,0.411937,0.396049,0.180820,True,,,,,,,,,-0.452563,0.844017,0.546088,-0.346795,0.899927,0.565631,0.156637,0.029669,0.198964,0.010898,0.080716,0.078538,0.155260,-0.379400,0.339802,-0.007680,-0.044704,-0.038464,READY
1787023996572315713,2026-08-18T10:33:16.572354,ground_truth,0.412826,0.391000,0.180030,0.413023,0.393343,0.180934,True,,,,,,,,,-0.453650,0.841312,0.546202,-0.355438,0.895186,0.564060,0.156637,0.022685,0.198964,0.008289,0.078096,0.080716,0.169820,-0.373800,0.338723,-0.007808,-0.046432,-0.039808,READY
1787023996606326661,2026-08-18T10:33:16.606350,ground_truth,0.411303,0.400000,0.179735,0.413733,0.390509,0.180974,True,,,,,,,,,-0.454360,0.838477,0.546241,-0.355438,0.895186,0.564060,0.154893,0.019634,0.198964,0.010898,0.078096,0.078538,0.175420,-0.367920,0.335818,-0.007680,-0.046656,-0.042752,READY
1787023996638525262,2026-08-18T10:33:16.638552,ground_truth,0.414350,0.382000,0.180326,0.413887,0.388982,0.180954,True,,,,,,,,,-0.454514,0.836950,0.546221,-0.363975,0.890168,0.562523,0.158388,0.014831,0.200711,0.010467,0.081158,0.083766,0.166740,-0.375060,0.330506,-0.007360,-0.047040,-0.036640,READY
1787023996675473003,2026-08-18T10:33:16.675508,ground_truth,0.414350,0.382000,0.180326,0.413842,0.388676,0.180895,True,,,,,,,,,-0.454468,0.836645,0.546162,-0.363975,0.890168,0.562523,0.158388,0.009598,0.200711,0.008289,0.080716,0.080716,0.148120,-0.392420,0.325194,-0.004416,-0.045600,-0.039200,READY
1787023996704944190,2026-08-18T10:33:16.704964,ground_truth,0.417397,0.364000,0.180917,0.413842,0.388615,0.180895,True,,,,,,,,,-0.454468,0.836584,0.546162,-0.372496,0.885123,0.560982,0.158388,0.009598,0.200711,0.008289,0.080716,0.080716,0.148120,-0.392420,0.325194,-0.004416,-0.045600,-0.039200,READY
1787023996742796204,2026-08-18T10:33:16.742816,ground_truth,0.410503,0.382000,0.180326,0.413944,0.389083,0.180915,True,,,,,,,,,-0.454570,0.837052,0.546182,-0.372496,0.885123,0.560982,0.158388,0.009598,0.200711,0.008289,0.080716,0.080716,0.148120,-0.392420,0.325194,-0.004416,-0.045600,-0.039200,READY
1787023996777940129,2026-08-18T10:33:16.777975,ground_truth,0.407486,0.400000,0.179735,0.413687,0.389177,0.180658,True,,,,,,,,,-0.454313,0.837145,0.545925,-0.380998,0.880137,0.559417,0.158388,0.009598,0.200711,0.008289,0.080716,0.080716,0.148120,-0.392420,0.325194,-0.004416,-0.045600,-0.039200,READY
1787023996806357256,2026-08-18T10:33:16.806378,ground_truth,0.410503,0.382000,0.180326,0.413433,0.389195,0.180403,True,,,,,,,,,-0.454059,0.837164,0.545670,-0.380998,0.880137,0.559417,0.158388,0.009598,0.200711,0.008289,0.078096,0.078096,0.135100,-0.393960,0.324447,-0.006144,-0.044320,-0.042976,READY
1787023996837970755,2026-08-18T10:33:16.837996,ground_truth,0.407486,0.400000,0.179735,0.413227,0.388239,0.180208,True,,,,,,,,,-0.453854,0.836208,0.545475,-0.389435,0.875050,0.557803,0.151841,0.003489,0.200711,0.008289,0.078096,0.078096,0.154980,-0.628040,0.342873,-0.009088,-0.046656,-0.043040,READY
1787023996872002371,2026-08-18T10:33:16.872040,ground_truth,0.418920,0.355000,0.181213,0.412718,0.388048,0.180208,True,,,,,,,,,-0.453345,0.836016,0.545475,-0.389435,0.875050,0.557803,0.150097,0.009598,0.198964,0.008289,0.083766,0.081158,0.170380,-0.680680,0.339387,-0.008352,-0.042528,-0.039360,READY
1787023996907295832,2026-08-18T10:33:16.907316,ground_truth,0.413520,0.364000,0.180917,0.412820,0.387050,0.180228,True,,,,,,,,,-0.453446,0.835018,0.545495,-0.397827,0.869802,0.556189,0.150097,0.013087,0.200711,0.008289,0.078096,0.080716,0.164920,-0.686840,0.343371,-0.010688,-0.044032,-0.040416,READY
1787023996942258797,2026-08-18T10:33:16.942275,ground_truth,0.417397,0.364000,0.180917,0.412968,0.384930,0.180306,True,,,,,,,,,-0.453594,0.832898,0.545574,-0.397827,0.869802,0.556189,0.150528,0.017889,0.200711,0.010898,0.081158,0.078096,0.174160,-0.646660,0.341628,-0.009312,-0.047040,-0.043744,READY
1787023996975674697,2026-08-18T10:33:16.975692,ground_truth,0.413520,0.364000,0.180917,0.412968,0.384506,0.180306,True,,,,,,,,,-0.453594,0.832474,0.545574,-0.406042,0.864303,0.554625,0.150528,0.017889,0.198964,0.005670,0.083766,0.081158,0.165480,-0.660800,0.340632,-0.010688,-0.043040,-0.037408,READY
1787023997008140235,2026-08-18T10:33:17.008156,ground_truth,0.407486,0.400000,0.179735,0.413014,0.382981,0.180365,True,,,,,,,,,-0.453640,0.830950,0.545633,-0.406042,0.864303,0.554625,0.150097,0.019634,0.200711,0.010898,0.081158,0.078538,0.161140,-0.669200,0.345446,-0.009536,-0.045024,-0.040960,READY
1787023997039334517,2026-08-18T10:33:17.039369,ground_truth,0.410503,0.382000,0.180326,0.412658,0.381236,0.180346,True,,,,,,,,,-0.453284,0.829205,0.545613,-0.413966,0.858416,0.553114,0.150097,0.017889,0.198964,0.010898,0.078538,0.078538,0.138460,-0.685020,0.352003,-0.013920,-0.043520,-0.039520,READY
1787023997071758152,2026-08-18T10:33:17.071807,ground_truth,0.408994,0.391000,0.180030,0.412503,0.380407,0.180365,True,,,,,,,,,-0.453129,0.828376,0.545633,-0.413966,0.858416,0.553114,0.150528,0.021378,0.200711,0.010898,0.080716,0.080716,0.141260,-0.668640,0.342707,-0.010592,-0.046816,-0.038752,READY
1787023997105214090,2026-08-18T10:33:17.105256,ground_truth,0.412011,0.373000,0.180622,0.412248,0.380241,0.180365,True,,,,,,,,,-0.452874,0.828210,0.545633,-0.421759,0.852365,0.551615,0.150097,0.020940,0.200711,0.010898,0.080716,0.078096,0.159880,-0.669480,0.339055,-0.014144,-0.044096,-0.039424,READY
1787023997140001343,2026-08-18T10:33:17.140046,ground_truth,0.412011,0.373000,0.180622,0.412295,0.379728,0.180425,True,,,,,,,,,-0.452921,0.827697,0.545692,-0.421759,0.852365,0.551615,0.150097,0.020940,0.200711,0.010898,0.080716,0.078096,0.159880,-0.669480,0.339055,-0.014144,-0.044096,-0.039424,READY
1787023997175337010,2026-08-18T10:33:17.175375,ground_truth,0.412011,0.373000,0.180622,0.412139,0.378666,0.180444,True,,,,,,,,,-0.452765,0.826634,0.545712,-0.429401,0.846023,0.550160,0.150097,0.020940,0.200711,0.010898,0.080716,0.078096,0.159880,-0.669480,0.339055,-0.014144,-0.044096,-0.039424,READY
1787023997211096985,2026-08-18T10:33:17.211128,ground_truth,0.408994,0.391000,0.180030,0.411983,0.377973,0.180464,True,,,,,,,,,-0.452609,0.825942,0.545731,-0.429401,0.846023,0.550160,0.150097,0.023122,0.198525,0.008289,0.078096,0.078096,0.144340,-0.673260,0.341794,-0.011200,-0.046208,-0.039904,READY
1787023997239073849,2026-08-18T10:33:17.239109,ground_truth,0.412011,0.373000,0.180622,0.411423,0.377355,0.180405,True,,,,,,,,,-0.452049,0.825323,0.545672,-0.436681,0.839370,0.548718,0.147039,0.022685,0.200711,0.010898,0.078096,0.081158,0.174720,-0.665140,0.353829,-0.013152,-0.044544,-0.037408,READY
1787023997275171969,2026-08-18T10:33:17.275208,ground_truth,0.415873,0.373000,0.180622,0.411524,0.376751,0.180425,True,,,,,,,,,-0.452150,0.824719,0.545692,-0.436681,0.839370,0.548718,0.147039,0.022685,0.200711,0.010898,0.078096,0.081158,0.174720,-0.665140,0.353829,-0.013152,-0.044544,-0.037408,READY
1787023997308074642,2026-08-18T10:33:17.308096,ground_truth,0.412011,0.373000,0.180622,0.412083,0.376150,0.180484,True,,,,,,,,,-0.452709,0.824119,0.545751,-0.443843,0.832555,0.547392,0.147039,0.022685,0.200711,0.010898,0.078096,0.081158,0.174720,-0.665140,0.353829,-0.013152,-0.044544,-0.037408,READY
1787023997344323560,2026-08-18T10:33:17.344338,ground_truth,0.413520,0.364000,0.180917,0.412183,0.375550,0.180503,True,,,,,,,,,-0.452810,0.823519,0.545771,-0.443843,0.832555,0.547392,0.153148,0.020940,0.200711,0.010898,0.081158,0.081158,0.124600,-0.694400,0.356319,-0.015040,-0.042912,-0.038464,READY
1787023997373892558,2026-08-18T10:33:17.373952,ground_truth,0.408994,0.391000,0.176191,0.412586,0.373990,0.180582,True,,,,,,,,,-0.453212,0.821959,0.545849,-0.449075,0.826638,0.546531,0.150528,0.023122,0.198964,0.007847,0.078096,0.078096,0.154560,-0.700840,0.351837,-0.010144,-0.042144,-0.040704,READY
1787023997405896214,2026-08-18T10:33:17.405917,ground_truth,0.410503,0.382000,0.176472,0.411924,0.373198,0.180247,True,,,,,,,,,-0.452550,0.821167,0.545515,-0.449075,0.826638,0.546531,0.150097,0.023122,0.200711,0.010898,0.080716,0.080716,0.150640,-0.713300,0.349762,-0.012928,-0.044864,-0.038240,READY
1787023997442487015,2026-08-18T10:33:17.442526,ground_truth,0.410503,0.382000,0.172618,0.411723,0.374000,0.179951,True,,,,,,,,,-0.452349,0.821968,0.545218,-0.449075,0.826638,0.546531,0.148352,0.026174,0.202889,0.007847,0.080716,0.078096,0.167580,-0.707700,0.344035,-0.011136,-0.042976,-0.038752,READY
1787023997471429254,2026-08-18T10:33:17.471442,ground_truth,0.413520,0.364000,0.177033,0.411263,0.375120,0.179398,True,,,,,,,,,-0.451889,0.823088,0.544665,-0.449075,0.826638,0.546531,0.148352,0.027925,0.200711,0.010467,0.080716,0.081158,0.168280,-0.707000,0.354908,-0.010080,-0.041088,-0.039136,READY
1787023997506880405,2026-08-18T10:33:17.506921,ground_truth,0.413520,0.364000,0.177033,0.411263,0.376304,0.179139,True,,,,,,,,,-0.451889,0.824272,0.544406,-0.454264,0.821716,0.543754,0.150097,0.029669,0.200711,0.007847,0.080716,0.080716,0.148680,-0.733740,0.351422,-0.010080,-0.046208,-0.038016,READY
1787023997546285214,2026-08-18T10:33:17.546325,ground_truth,0.418046,0.337000,0.177875,0.411665,0.376541,0.178959,True,,,,,,,,,-0.452292,0.824509,0.544226,-0.454264,0.821716,0.543754,0.150097,0.030976,0.198525,0.010467,0.080716,0.081158,0.140700,-0.738360,0.357481,-0.011584,-0.044096,-0.035904,READY
1787023997572696497,2026-08-18T10:33:17.572742,ground_truth,0.415873,0.373000,0.180622,0.412168,0.375628,0.178795,True,,,,,,,,,-0.452795,0.823597,0.544063,-0.452795,0.823597,0.544063,0.150097,0.030976,0.198525,0.010467,0.080716,0.081158,0.140700,-0.738360,0.357481,-0.011584,-0.044096,-0.035904,READY
1787023997608613395,2026-08-18T10:33:17.608676,ground_truth,0.415873,0.373000,0.180622,0.412627,0.374006,0.178835,True,,,,,,,,,-0.453253,0.821974,0.544102,-0.452795,0.823597,0.544063,0.150097,0.030976,0.198525,0.010467,0.080716,0.081158,0.140700,-0.738360,0.357481,-0.011584,-0.044096,-0.035904,READY
1787023997640337677,2026-08-18T10:33:17.640367,ground_truth,0.417397,0.364000,0.184801,0.412884,0.373201,0.178835,True,,,,,,,,,-0.453511,0.821170,0.544102,-0.453422,0.821470,0.544097,0.150097,0.030976,0.198525,0.010467,0.080716,0.081158,0.140700,-0.738360,0.357481,-0.011584,-0.044096,-0.035904,READY
1787023997677277938,2026-08-18T10:33:17.677310,ground_truth,0.417397,0.364000,0.184801,0.413243,0.373040,0.179113,True,,,,,,,,,-0.453870,0.821009,0.544381,-0.453422,0.821470,0.544097,0.148784,0.032283,0.200711,0.007847,0.083335,0.081158,0.140420,-0.730240,0.356236,-0.008576,-0.040416,-0.036512,READY
1787023997707296426,2026-08-18T10:33:17.707334,ground_truth,0.415873,0.373000,0.184491,0.413602,0.372528,0.179392,True,,,,,,,,,-0.454229,0.820497,0.544659,-0.454870,0.819723,0.545106,0.143550,0.044069,0.200711,0.008289,0.080716,0.080716,0.145320,-0.716380,0.367939,-0.011200,-0.041536,-0.041088,READY
1787023997739535060,2026-08-18T10:33:17.739572,ground_truth,0.415873,0.373000,0.184491,0.414061,0.371946,0.179689,True,,,,,,,,,-0.454687,0.819914,0.544957,-0.454870,0.819723,0.545106,0.137004,0.045814,0.198964,0.010467,0.080716,0.080716,0.132020,-0.697760,0.363291,-0.011360,-0.046528,-0.041760,READY
1787023997773793937,2026-08-18T10:33:17.773814,ground_truth,0.415873,0.373000,0.184491,0.414318,0.371829,0.179947,True,,,,,,,,,-0.454945,0.819798,0.545215,-0.455362,0.819948,0.545728,0.128712,0.044500,0.193291,0.010898,0.078096,0.078096,0.148680,-0.701820,0.356070,-0.009984,-0.041248,-0.037696,READY
1787023997805908628,2026-08-18T10:33:17.805946,ground_truth,0.418920,0.355000,0.185112,0.414318,0.371806,0.180205,True,,,,,,,,,-0.454945,0.819774,0.545472,-0.455362,0.819948,0.545728,0.125661,0.045814,0.188056,0.008289,0.072426,0.075477,0.110040,-0.672980,0.356319,-0.011424,-0.043584,-0.037344,READY
1787023997842677902,2026-08-18T10:33:17.842702,ground_truth,0.417397,0.364000,0.184801,0.414779,0.371801,0.180505,True,,,,,,,,,-0.455405,0.819770,0.545772,-0.455572,0.819084,0.545940,0.116063,0.041012,0.185870,0.005228,0.075477,0.072857,0.102900,-0.681660,0.358477,-0.012416,-0.043968,-0.040032,READY
1787023997875812988,2026-08-18T10:33:17.875850,ground_truth,0.417397,0.364000,0.184801,0.415037,0.371320,0.180764,True,,,,,,,,,-0.455664,0.819289,0.546031,-0.455572,0.819084,0.545940,0.101225,0.036209,0.188056,0.007847,0.075477,0.075477,0.085820,-0.654920,0.361050,-0.016768,-0.040640,-0.037568,READY
1787023997908056194,2026-08-18T10:33:17.908081,ground_truth,0.418920,0.355000,0.189011,0.415598,0.370744,0.181338,True,,,,,,,,,-0.456224,0.818713,0.546605,-0.456943,0.818303,0.547338,0.086388,0.029669,0.185870,0.005228,0.075477,0.072857,0.092260,-0.678160,0.360884,-0.015040,-0.045312,-0.039296,READY
1787023997943210118,2026-08-18T10:33:17.943225,ground_truth,0.415873,0.373000,0.192229,0.416159,0.369669,0.182173,True,,,,,,,,,-0.456785,0.817637,0.547441,-0.456943,0.818303,0.547338,0.070243,0.027925,0.187618,0.002609,0.072426,0.072426,0.096600,-0.684460,0.358726,-0.015488,-0.043808,-0.041184,READY
1787023997974940575,2026-08-18T10:33:17.974954,ground_truth,0.414350,0.382000,0.203452,0.416517,0.368494,0.183481,True,,,,,,,,,-0.457143,0.816462,0.548748,-0.457220,0.815751,0.549293,0.063703,0.026174,0.187618,0.002609,0.075477,0.075477,0.091700,-0.676340,0.359888,-0.013472,-0.045984,-0.038144,READY
1787023998006429605,2026-08-18T10:33:18.006458,ground_truth,0.405977,0.409000,0.209917,0.416572,0.367779,0.185242,True,,,,,,,,,-0.457198,0.815747,0.550509,-0.457220,0.815751,0.549293,0.052354,0.023122,0.191543,0.003051,0.075477,0.072857,0.100100,-0.683760,0.356983,-0.015360,-0.040416,-0.038848,READY
1787023998040748696,2026-08-18T10:33:18.040785,ground_truth,0.403668,0.400000,0.214156,0.416069,0.368596,0.187434,True,,,,,,,,,-0.456695,0.816564,0.552702,-0.457021,0.815113,0.552264,0.037523,0.017889,0.197216,0.000000,0.080716,0.078096,0.065380,-0.678860,0.365034,-0.011872,-0.043360,-0.038976,READY
1787023998074848716,2026-08-18T10:33:18.074868,ground_truth,0.395579,0.426000,0.220479,0.415111,0.370679,0.189853,True,,,,,,,,,-0.455737,0.818648,0.555120,-0.457021,0.815113,0.552264,0.029669,0.017889,0.200711,0.002609,0.080716,0.081158,0.067760,-0.671720,0.363872,-0.013312,-0.046304,-0.040576,READY
1787023998106949533,2026-08-18T10:33:18.106984,ground_truth,0.391804,0.426000,0.231823,0.413758,0.373496,0.192510,True,,,,,,,,,-0.454384,0.821464,0.557777,-0.456139,0.816568,0.555634,0.024429,0.016138,0.198525,0.000000,0.080716,0.080716,0.069720,-0.663040,0.357813,-0.012256,-0.041920,-0.035744,READY
1787023998141820503,2026-08-18T10:33:18.141857,ground_truth,0.396034,0.400000,0.244752,0.412153,0.376886,0.195924,True,,,,,,,,,-0.452779,0.824854,0.561191,-0.456139,0.816568,0.555634,0.016576,0.014394,0.182383,0.000000,0.081158,0.080716,0.094780,-0.657440,0.357315,-0.011360,-0.042752,-0.038752,READY
1787023998176227101,2026-08-18T10:33:18.176261,ground_truth,0.384972,0.468000,0.248034,0.410729,0.380391,0.199920,True,,,,,,,,,-0.451355,0.828359,0.565188,-0.454576,0.820003,0.559690,0.014831,0.014831,0.159691,0.002609,0.078096,0.080716,0.098140,-0.669200,0.333909,-0.010528,-0.048640,-0.040352,READY
1787023998209082749,2026-08-18T10:33:18.209107,ground_truth,0.379979,0.476000,0.251219,0.408567,0.384398,0.204136,True,,,,,,,,,-0.449194,0.832367,0.569403,-0.454576,0.820003,0.559690,0.014831,0.014831,0.144858,0.000000,0.081158,0.081158,0.103460,-0.680120,0.328431,-0.010304,-0.044416,-0.036064,READY
1787023998241303650,2026-08-18T10:33:18.241342,ground_truth,0.371556,0.459000,0.259793,0.406174,0.390746,0.208584,True,,,,,,,,,-0.446801,0.838715,0.573852,-0.452273,0.825373,0.564527,0.013087,0.016138,0.128278,0.000000,0.080716,0.080716,0.115220,-0.691880,0.318803,-0.010368,-0.042752,-0.037568,READY
1787023998275715761,2026-08-18T10:33:18.275763,ground_truth,0.364116,0.459000,0.263520,0.403220,0.397083,0.213605,True,,,,,,,,,-0.443846,0.845051,0.578872,-0.452273,0.825373,0.564527,0.013087,0.016138,0.128278,0.000000,0.080716,0.080716,0.115220,-0.691880,0.318803,-0.010368,-0.042752,-0.037568,READY
1787023998307195995,2026-08-18T10:33:18.307241,ground_truth,0.360397,0.459000,0.267247,0.399769,0.402937,0.218873,True,,,,,,,,,-0.440396,0.850905,0.584140,-0.448947,0.832572,0.570141,0.013087,0.016138,0.128278,0.000000,0.080716,0.080716,0.115220,-0.691880,0.318803,-0.010368,-0.042752,-0.037568,READY
1787023998344432329,2026-08-18T10:33:18.344480,ground_truth,0.355331,0.468000,0.270307,0.395868,0.408694,0.224349,True,,,,,,,,,-0.436494,0.856662,0.589616,-0.448947,0.832572,0.570141,0.013087,0.016138,0.128278,0.000000,0.080716,0.080716,0.115220,-0.691880,0.318803,-0.010368,-0.042752,-0.037568,READY
1787023998376764364,2026-08-18T10:33:18.376803,ground_truth,0.346752,0.476000,0.269714,0.391730,0.414912,0.230049,True,,,,,,,,,-0.432356,0.862881,0.595316,-0.445058,0.839676,0.576042,0.013087,0.016138,0.128278,0.000000,0.080716,0.080716,0.115220,-0.691880,0.318803,-0.010368,-0.042752,-0.037568,READY
1787023998411142956,2026-08-18T10:33:18.411174,ground_truth,0.341797,0.459000,0.274701,0.387020,0.421702,0.235710,True,,,,,,,,,-0.427647,0.869671,0.600977,-0.445058,0.839676,0.576042,0.014831,0.019634,0.107772,0.000000,0.080716,0.080716,0.104160,-0.691880,0.312080,-0.010304,-0.040800,-0.039584,READY
1787023998441288472,2026-08-18T10:33:18.441302,ground_truth,0.329396,0.468000,0.270307,0.381879,0.428607,0.241423,True,,,,,,,,,-0.422505,0.876576,0.606690,-0.440800,0.846644,0.581829,0.006540,0.016576,0.055845,0.000000,0.080716,0.078096,-0.112420,-0.672700,0.341296,-0.025600,-0.040800,-0.040480,READY
1787023998474990498,2026-08-18T10:33:18.475019,ground_truth,0.326917,0.459000,0.278428,0.376114,0.435535,0.246628,True,,,,,,,,,-0.416740,0.883503,0.611895,-0.440800,0.846644,0.581829,0.013087,0.013087,0.068938,0.000000,0.080716,0.081158,-0.144340,-0.657720,0.347023,-0.030848,-0.043808,-0.039360,READY
1787023998508870106,2026-08-18T10:33:18.508907,ground_truth,0.315089,0.492000,0.275873,0.370285,0.441507,0.251626,True,,,,,,,,,-0.410911,0.889475,0.616894,-0.436059,0.853438,0.587391,0.027925,0.001744,0.107772,0.002609,0.081158,0.081158,-0.148400,-0.586180,0.348019,-0.048992,-0.044320,-0.042304,READY
1787023998541301426,2026-08-18T10:33:18.541315,ground_truth,0.310870,0.468000,0.277731,0.364226,0.447288,0.256023,True,,,,,,,,,-0.404852,0.895257,0.621291,-0.436059,0.853438,0.587391,0.042318,0.017889,0.143111,0.000000,0.080716,0.078096,-0.142520,-0.395780,0.365366,-0.075264,-0.040864,-0.040576,READY
1787023998575504913,2026-08-18T10:33:18.575530,ground_truth,0.304092,0.492000,0.279545,0.358039,0.452071,0.260262,True,,,,,,,,,-0.398666,0.900039,0.625529,-0.430778,0.860019,0.592777,0.045814,0.027925,0.154018,0.002609,0.080716,0.080716,-0.168840,-0.378420,0.363457,-0.088320,-0.044416,-0.041536,READY
1787023998608407512,2026-08-18T10:33:18.608423,ground_truth,0.283848,0.508000,0.278280,0.351940,0.457454,0.264200,True,,,,,,,,,-0.392566,0.905423,0.629467,-0.430778,0.860019,0.592777,0.060207,0.045814,0.180636,0.007847,0.078096,0.080716,-0.180600,-0.327880,0.372421,-0.100352,-0.045920,-0.038688,READY
1787023998643256038,2026-08-18T10:33:18.643291,ground_truth,0.281931,0.524000,0.277014,0.344743,0.462051,0.267297,True,,,,,,,,,-0.385369,0.910019,0.632564,-0.424983,0.866400,0.597854,0.066754,0.050609,0.185870,0.008289,0.078096,0.081158,-0.146300,-0.347200,0.372089,-0.099584,-0.046976,-0.041408,READY
1787023998677611395,2026-08-18T10:33:18.677627,ground_truth,0.281230,0.468000,0.285156,0.337136,0.467344,0.269447,True,,,,,,,,,-0.377762,0.915312,0.634715,-0.424983,0.866400,0.597854,0.079847,0.063703,0.196785,0.007847,0.078096,0.080716,-0.169820,-0.377580,0.364038,-0.101472,-0.045760,-0.039808,READY
1787023998709903455,2026-08-18T10:33:18.709926,ground_truth,0.265652,0.508000,0.285572,0.330220,0.472775,0.271922,True,,,,,,,,,-0.370846,0.920744,0.637189,-0.418707,0.872700,0.602414,0.083336,0.063703,0.198525,0.008289,0.081158,0.081158,-0.153440,-0.349020,0.375160,-0.100064,-0.043520,-0.038624,READY
1787023998742086988,2026-08-18T10:33:18.742102,ground_truth,0.263772,0.492000,0.283218,0.322598,0.475995,0.274212,True,,,,,,,,,-0.363225,0.923964,0.639480,-0.418707,0.872700,0.602414,0.091628,0.068498,0.200711,0.008289,0.080716,0.078096,-0.159320,-0.334740,0.363872,-0.095232,-0.045600,-0.039808,READY
1787023998772252211,2026-08-18T10:33:18.772266,ground_truth,0.254735,0.508000,0.281926,0.315413,0.477919,0.275774,True,,,,,,,,,-0.356039,0.925887,0.641041,-0.411799,0.878563,0.606672,0.094679,0.067192,0.200711,0.005228,0.080716,0.080716,-0.145320,-0.335720,0.364370,-0.097408,-0.042240,-0.039072,READY
1787023998809808193,2026-08-18T10:33:18.809878,ground_truth,0.242191,0.524000,0.280634,0.308121,0.480917,0.277001,True,,,,,,,,,-0.348747,0.928886,0.642268,-0.411799,0.878563,0.606672,0.097736,0.070243,0.198964,0.005228,0.078096,0.078096,-0.149660,-0.355880,0.376903,-0.098624,-0.043872,-0.039808,READY
1787023998840480038,2026-08-18T10:33:18.840514,ground_truth,0.231916,0.555000,0.278130,0.300240,0.484130,0.277894,True,,,,,,,,,-0.340866,0.932099,0.643161,-0.404392,0.884154,0.610483,0.099481,0.066754,0.201142,0.005228,0.078096,0.080716,-0.170380,-0.365400,0.366943,-0.098464,-0.047200,-0.041472,READY
1787023998875198837,2026-08-18T10:33:18.875232,ground_truth,0.225553,0.547000,0.275195,0.292012,0.488239,0.278415,True,,,,,,,,,-0.332639,0.936208,0.643682,-0.404392,0.884154,0.610483,0.104283,0.065447,0.202889,0.005228,0.078096,0.080716,-0.148400,-0.357000,0.368271,-0.098912,-0.044704,-0.037344,READY
1787023998908599548,2026-08-18T10:33:18.908614,ground_truth,0.223380,0.532000,0.276381,0.283933,0.493275,0.278781,True,,,,,,,,,-0.324559,0.941243,0.644048,-0.396751,0.889618,0.613695,0.107772,0.061958,0.198964,0.005228,0.078538,0.078096,-0.162680,-0.349580,0.381385,-0.099520,-0.043744,-0.042464,READY
1787023998940561014,2026-08-18T10:33:18.940591,ground_truth,0.224127,0.524000,0.280634,0.276038,0.498495,0.278893,True,,,,,,,,,-0.316664,0.946463,0.644160,-0.396751,0.889618,0.613695,0.111261,0.061958,0.198964,0.008289,0.078096,0.080716,-0.154560,-0.358540,0.374496,-0.097120,-0.045472,-0.039904,READY
1787023998975764163,2026-08-18T10:33:18.975813,ground_truth,0.218404,0.547000,0.278776,0.269020,0.502952,0.279581,True,,,,,,,,,-0.309647,0.950921,0.644848,-0.388838,0.895186,0.616525,0.114319,0.061958,0.198964,0.007847,0.078538,0.080716,-0.150920,-0.395500,0.380306,-0.097568,-0.047104,-0.040416,READY
1787023999006572379,2026-08-18T10:33:19.006619,ground_truth,0.217669,0.555000,0.278130,0.261786,0.507737,0.279604,True,,,,,,,,,-0.302412,0.955706,0.644871,-0.388838,0.895186,0.616525,0.116063,0.058463,0.198964,0.007847,0.080716,0.080716,-0.177520,-0.405720,0.382215,-0.102304,-0.040192,-0.041184,READY
1787023999045720019,2026-08-18T10:33:19.045763,ground_truth,0.208982,0.532000,0.283594,0.255291,0.512907,0.279755,True,,,,,,,,,-0.295918,0.960876,0.645022,-0.380949,0.900764,0.618945,0.117808,0.055412,0.198964,0.007847,0.078096,0.078096,-0.186620,-0.399840,0.385369,-0.101248,-0.041312,-0.040704,READY
1787023999076707619,2026-08-18T10:33:19.076727,ground_truth,0.192738,0.555000,0.285267,0.248499,0.518155,0.280146,True,,,,,,,,,-0.289125,0.966123,0.645413,-0.380949,0.900764,0.618945,0.122603,0.050609,0.200711,0.007847,0.080716,0.064568,-0.182840,-0.386820,0.381219,-0.099584,-0.043872,-0.034560,READY
1787023999110589064,2026-08-18T10:33:19.110622,ground_truth,0.189208,0.599000,0.281569,0.241075,0.522564,0.280527,True,,,,,,,,,-0.281701,0.970533,0.645794,-0.372950,0.906387,0.621109,0.127406,0.048865,0.200711,0.008289,0.080716,0.054101,-0.146300,-0.390880,0.381883,-0.103072,-0.041184,-0.031296,READY
1787023999143754442,2026-08-18T10:33:19.143790,ground_truth,0.183307,0.585000,0.286265,0.234766,0.526806,0.280746,True,,,,,,,,,-0.275392,0.974775,0.646014,-0.372950,0.906387,0.621109,0.128712,0.047120,0.200711,0.007847,0.080716,0.027045,-0.175420,-0.384300,0.372753,-0.101408,-0.039424,-0.030560,READY
1787023999178155128,2026-08-18T10:33:19.178170,ground_truth,0.181614,0.607000,0.284379,0.228191,0.531761,0.281363,True,,,,,,,,,-0.268817,0.979730,0.646630,-0.364956,0.912017,0.623068,0.129150,0.045814,0.198964,0.008289,0.080716,0.018756,-0.158060,-0.377580,0.382049,-0.101856,-0.039808,-0.029504,READY
1787023999213182948,2026-08-18T10:33:19.213204,ground_truth,0.181614,0.607000,0.284379,0.221550,0.537606,0.281311,True,,,,,,,,,-0.262176,0.985574,0.646579,-0.364956,0.912017,0.623068,0.133952,0.041012,0.198964,0.007847,0.080716,0.005228,-0.166740,-0.392140,0.383958,-0.105760,-0.041312,0.023616,READY
1787023999242785747,2026-08-18T10:33:19.242823,ground_truth,0.181076,0.614000,0.283779,0.215947,0.544054,0.281232,True,,,,,,,,,-0.256574,0.992023,0.646499,-0.356978,0.917906,0.624793,0.135697,0.041012,0.198964,0.007847,0.081158,0.035335,-0.168560,-0.382760,0.395329,-0.104960,-0.042816,0.033408,READY
1787023999277597887,2026-08-18T10:33:19.277638,ground_truth,0.177611,0.614000,0.283779,0.210434,0.551478,0.281269,True,,,,,,,,,-0.251061,0.999446,0.646536,-0.356978,0.917906,0.624793,0.138748,0.039267,0.198964,0.007847,0.078538,0.053659,-0.154280,-0.367640,0.378978,-0.103968,-0.045472,0.035840,READY
1787023999308855256,2026-08-18T10:33:19.308892,ground_truth,0.179268,0.592000,0.285665,0.205293,0.558616,0.281393,True,,,,,,,,,-0.245919,1.006584,0.646660,-0.349290,0.924045,0.626307,0.138748,0.039267,0.200711,0.008289,0.080716,0.075477,-0.153440,-0.374780,0.369350,-0.106528,-0.044032,0.036512,READY
1787023999341167453,2026-08-18T10:33:19.341187,ground_truth,0.168273,0.599000,0.281569,0.201098,0.565696,0.281728,True,,,,,,,,,-0.241724,1.013665,0.646995,-0.349290,0.924045,0.626307,0.138748,0.042756,0.198964,0.007847,0.078096,0.080716,-0.145880,-0.371980,0.380555,-0.107200,-0.044704,0.037856,READY
1787023999376850406,2026-08-18T10:33:19.376881,ground_truth,0.168273,0.599000,0.281569,0.196855,0.571113,0.281957,True,,,,,,,,,-0.237481,1.019081,0.647225,-0.341744,0.930459,0.627718,0.138748,0.041012,0.198964,0.008289,0.078096,0.080716,-0.178500,-0.378140,0.377401,-0.107200,-0.043584,0.038240,READY
1787023999417555917,2026-08-18T10:33:19.417589,ground_truth,0.164784,0.599000,0.278073,0.193036,0.574969,0.282382,True,,,,,,,,,-0.233663,1.022938,0.647650,-0.334255,0.936867,0.629099,0.141806,0.044500,0.198964,0.008289,0.078096,0.078096,-0.142800,-0.363300,0.375907,-0.107968,-0.044256,0.037696,READY
1787023999447188677,2026-08-18T10:33:19.447217,ground_truth,0.168273,0.599000,0.274577,0.189130,0.578514,0.282495,True,,,,,,,,,-0.229756,1.026482,0.647762,-0.334255,0.936867,0.629099,0.140492,0.045814,0.198964,0.008289,0.078096,0.081158,-0.163240,-0.366660,0.378978,-0.108544,-0.042464,0.037024,READY
1787023999477346772,2026-08-18T10:33:19.477370,ground_truth,0.168273,0.599000,0.274577,0.185406,0.582796,0.282091,True,,,,,,,,,-0.226033,1.030765,0.647359,-0.334255,0.936867,0.629099,0.142243,0.045814,0.200711,0.008289,0.078096,0.080716,-0.158620,-0.375060,0.381883,-0.111200,-0.041984,0.036512,READY
1787023999512210965,2026-08-18T10:33:19.512247,ground_truth,0.161295,0.599000,0.274577,0.182064,0.587226,0.281812,True,,,,,,,,,-0.222691,1.035194,0.647079,-0.326788,0.943448,0.630303,0.142243,0.045814,0.200711,0.008289,0.078096,0.080716,-0.158620,-0.375060,0.381883,-0.111200,-0.041984,0.036512,READY
1787023999545237564,2026-08-18T10:33:19.545275,ground_truth,0.156368,0.621000,0.272801,0.178306,0.590885,0.281575,True,,,,,,,,,-0.218932,1.038854,0.646842,-0.326788,0.943448,0.630303,0.142243,0.045814,0.200711,0.008289,0.078096,0.080716,-0.158620,-0.375060,0.381883,-0.111200,-0.041984,0.036512,READY
1787023999577213856,2026-08-18T10:33:19.577277,ground_truth,0.152915,0.621000,0.269341,0.174798,0.594390,0.280855,True,,,,,,,,,-0.215425,1.042359,0.646122,-0.319368,0.950039,0.631357,0.142243,0.045814,0.200711,0.008289,0.078096,0.080716,-0.158620,-0.375060,0.381883,-0.111200,-0.041984,0.036512,READY
1787023999612273773,2026-08-18T10:33:19.612325,ground_truth,0.153807,0.607000,0.270449,0.172144,0.598611,0.279793,True,,,,,,,,,-0.212770,1.046580,0.645061,-0.319368,0.950039,0.631357,0.142243,0.048865,0.200711,0.010467,0.080716,0.080716,-0.169540,-0.384300,0.363291,-0.106464,-0.044320,0.038688,READY
1787023999643248843,2026-08-18T10:33:19.643313,ground_truth,0.155210,0.585000,0.272189,0.169784,0.602976,0.279052,True,,,,,,,,,-0.210410,1.050944,0.644319,-0.312036,0.956828,0.632229,0.137004,0.068498,0.200711,0.005228,0.083335,0.083335,-0.143780,-0.370440,0.377567,-0.108480,-0.040576,0.035680,READY
1787023999676415946,2026-08-18T10:33:19.676450,ground_truth,0.151697,0.585000,0.268670,0.167910,0.605022,0.278114,True,,,,,,,,,-0.208537,1.052990,0.643381,-0.312036,0.956828,0.632229,0.137004,0.073301,0.200711,0.007847,0.080716,0.080716,-0.149660,-0.356720,0.377401,-0.106144,-0.042528,0.037120,READY
1787023999710644363,2026-08-18T10:33:19.710659,ground_truth,0.149897,0.614000,0.266424,0.165916,0.604684,0.277066,True,,,,,,,,,-0.206542,1.052653,0.642334,-0.304655,0.963533,0.632936,0.133952,0.078534,0.198964,0.008289,0.078096,0.081158,-0.165200,-0.352380,0.378314,-0.108096,-0.043360,0.039584,READY
1787023999744995791,2026-08-18T10:33:19.745029,ground_truth,0.147339,0.599000,0.264090,0.163801,0.603444,0.275869,True,,,,,,,,,-0.204428,1.051412,0.641137,-0.304655,0.963533,0.632936,0.135259,0.081592,0.200711,0.007847,0.078096,0.080716,-0.143220,-0.350840,0.378480,-0.108800,-0.046368,0.038464,READY
1787023999779481016,2026-08-18T10:33:19.779535,ground_truth,0.144262,0.592000,0.264621,0.161552,0.602769,0.274557,True,,,,,,,,,-0.202179,1.050737,0.639824,-0.297061,0.969995,0.633446,0.135697,0.089883,0.200711,0.007847,0.081158,0.078096,-0.158060,-0.358960,0.377982,-0.109088,-0.040800,0.040480,READY
1787023999818142556,2026-08-18T10:33:19.818157,ground_truth,0.145144,0.577000,0.265758,0.159329,0.601834,0.273280,True,,,,,,,,,-0.199955,1.049802,0.638547,-0.289315,0.976361,0.633853,0.133952,0.094679,0.200711,0.008289,0.081158,0.078096,-0.145880,-0.359520,0.382962,-0.110976,-0.039904,0.038080,READY
1787023999848037226,2026-08-18T10:33:19.848058,ground_truth,0.141161,0.585000,0.265151,0.157054,0.600473,0.271952,True,,,,,,,,,-0.197680,1.048442,0.637220,-0.289315,0.976361,0.633853,0.133952,0.096423,0.200711,0.008289,0.078096,0.078096,-0.155540,-0.363300,0.378978,-0.110368,-0.044032,0.040192,READY
1787023999879275108,2026-08-18T10:33:19.879336,ground_truth,0.141618,0.577000,0.265758,0.155247,0.599455,0.270858,True,,,,,,,,,-0.195873,1.047423,0.636125,-0.289315,0.976361,0.633853,0.133952,0.096423,0.200711,0.008289,0.078096,0.078096,-0.155540,-0.363300,0.378978,-0.110368,-0.044032,0.040192,READY
1787023999912416881,2026-08-18T10:33:19.912449,ground_truth,0.135375,0.562000,0.266894,0.153470,0.598078,0.269804,True,,,,,,,,,-0.194096,1.046046,0.635071,-0.281259,0.982257,0.633956,0.133952,0.096423,0.200711,0.008289,0.078096,0.078096,-0.155540,-0.363300,0.378978,-0.110368,-0.044032,0.040192,READY
1787023999947526886,2026-08-18T10:33:19.947567,ground_truth,0.132191,0.555000,0.267425,0.151509,0.596629,0.269059,True,,,,,,,,,-0.192135,1.044597,0.634326,-0.281259,0.982257,0.633956,0.133952,0.096423,0.200711,0.008289,0.078096,0.078096,-0.155540,-0.363300,0.378978,-0.110368,-0.044032,0.040192,READY
1787023999981870576,2026-08-18T10:33:19.981895,ground_truth,0.131408,0.570000,0.266288,0.149103,0.594366,0.268582,True,,,,,,,,,-0.189730,1.042334,0.633849,-0.272934,0.987721,0.633947,0.133952,0.096423,0.200711,0.008289,0.078096,0.078096,-0.155540,-0.363300,0.378978,-0.110368,-0.044032,0.040192,READY
1787024000011415907,2026-08-18T10:33:20.011471,ground_truth,0.128275,0.562000,0.263338,0.146646,0.591940,0.268029,True,,,,,,,,,-0.187272,1.039908,0.633296,-0.272934,0.987721,0.633947,0.132208,0.097736,0.200711,0.005670,0.081158,0.080716,-0.151480,-0.351540,0.375575,-0.113920,-0.045600,0.036288,READY
1787024000043048398,2026-08-18T10:33:20.043083,ground_truth,0.121175,0.562000,0.263338,0.144444,0.589481,0.267280,True,,,,,,,,,-0.185071,1.037450,0.632547,-0.264207,0.992660,0.633808,0.129150,0.112568,0.200711,0.005228,0.080716,0.078538,-0.132860,-0.338520,0.377069,-0.104480,-0.042144,0.040800,READY
1787024000075241534,2026-08-18T10:33:20.075264,ground_truth,0.117260,0.570000,0.259201,0.142098,0.587016,0.266649,True,,,,,,,,,-0.182725,1.034985,0.631916,-0.264207,0.992660,0.633808,0.125661,0.114750,0.200711,0.007847,0.080716,0.078096,-0.156240,-0.345520,0.378812,-0.101024,-0.045760,0.040032,READY
1787024000111352155,2026-08-18T10:33:20.111398,ground_truth,0.113723,0.570000,0.259201,0.139721,0.583377,0.265973,True,,,,,,,,,-0.180348,1.031345,0.631240,-0.255118,0.996853,0.633529,0.127406,0.117370,0.198964,0.007847,0.081158,0.078096,-0.141960,-0.387100,0.381883,-0.102912,-0.041408,0.036864,READY
1787024000146161178,2026-08-18T10:33:20.146184,ground_truth,0.110525,0.562000,0.259781,0.137049,0.579929,0.265223,True,,,,,,,,,-0.177675,1.027897,0.630490,-0.255118,0.996853,0.633529,0.129150,0.115626,0.200711,0.007847,0.078538,0.078096,-0.122360,-0.395500,0.380555,-0.105472,-0.042752,0.039424,READY
1787024000179489369,2026-08-18T10:33:20.179515,ground_truth,0.110821,0.555000,0.260288,0.134070,0.577266,0.264396,True,,,,,,,,,-0.174696,1.025234,0.629663,-0.245728,1.000167,0.633078,0.127406,0.116063,0.198964,0.005228,0.078096,0.080716,-0.170800,-0.397040,0.391179,-0.109152,-0.048768,0.038912,READY
1787024000210980686,2026-08-18T10:33:20.211004,ground_truth,0.099576,0.570000,0.259201,0.131345,0.575507,0.263837,True,,,,,,,,,-0.171971,1.023475,0.629104,-0.245728,1.000167,0.633078,0.129150,0.111261,0.200711,0.007847,0.081158,0.080716,-0.162120,-0.378420,0.381883,-0.107584,-0.042304,0.037184,READY
1787024000244766027,2026-08-18T10:33:20.244786,ground_truth,0.100136,0.555000,0.256720,0.127990,0.573928,0.263355,True,,,,,,,,,-0.168616,1.021896,0.628623,-0.236110,1.002877,0.632522,0.130457,0.109517,0.200711,0.005228,0.078096,0.078096,-0.171080,-0.404180,0.383792,-0.111040,-0.041248,0.040864,READY
1787024000275694623,2026-08-18T10:33:20.275734,ground_truth,0.096575,0.555000,0.253151,0.124843,0.571266,0.262864,True,,,,,,,,,-0.165470,1.019234,0.628131,-0.236110,1.002877,0.632522,0.130895,0.104283,0.198525,0.005228,0.078096,0.080716,-0.172340,-0.398020,0.378646,-0.109376,-0.047200,0.038688,READY
1787024000310865091,2026-08-18T10:33:20.310908,ground_truth,0.096575,0.555000,0.253151,0.121664,0.568386,0.262099,True,,,,,,,,,-0.162290,1.016355,0.627367,-0.226296,1.004669,0.631837,0.132208,0.102970,0.200711,0.005228,0.080716,0.080716,-0.165760,-0.406000,0.380555,-0.109984,-0.047424,0.038688,READY
1787024000342600064,2026-08-18T10:33:20.342645,ground_truth,0.093558,0.539000,0.254258,0.118426,0.565837,0.261259,True,,,,,,,,,-0.159053,1.013806,0.626526,-0.226296,1.004669,0.631837,0.135697,0.093372,0.200711,0.007847,0.080716,0.080716,-0.134820,-0.429240,0.381717,-0.112544,-0.042368,0.037184,READY
1787024000379184225,2026-08-18T10:33:20.379198,ground_truth,0.089970,0.539000,0.250663,0.115253,0.563728,0.260533,True,,,,,,,,,-0.155879,1.011696,0.625800,-0.216369,1.005660,0.630986,0.135697,0.088139,0.200711,0.007847,0.078096,0.080716,-0.165200,-0.464380,0.392175,-0.115040,-0.046144,0.039424,READY
1787024000409354798,2026-08-18T10:33:20.409397,ground_truth,0.086382,0.539000,0.250663,0.111809,0.561279,0.259526,True,,,,,,,,,-0.152436,1.009247,0.624794,-0.216369,1.005660,0.630986,0.135697,0.079847,0.200711,0.008289,0.080716,0.078096,-0.166740,-0.452200,0.397155,-0.112096,-0.046304,0.039968,READY
1787024000445359449,2026-08-18T10:33:20.445398,ground_truth,0.082794,0.539000,0.250663,0.108543,0.558762,0.258444,True,,,,,,,,,-0.149170,1.006731,0.623712,-0.206446,1.005818,0.629912,0.138748,0.067192,0.200711,0.008289,0.080716,0.081158,-0.155260,-0.451640,0.392341,-0.111488,-0.042144,0.039744,READY
1787024000478344959,2026-08-18T10:33:20.478373,ground_truth,0.075411,0.547000,0.246541,0.105250,0.557033,0.257327,True,,,,,,,,,-0.145876,1.005001,0.622594,-0.206446,1.005818,0.629912,0.140492,0.055849,0.200711,0.008289,0.078096,0.078538,-0.163240,-0.451920,0.376073,-0.109312,-0.042240,0.041088,READY
1787024000510450047,2026-08-18T10:33:20.510478,ground_truth,0.075411,0.547000,0.246541,0.101517,0.555460,0.256010,True,,,,,,,,,-0.142143,1.003428,0.621278,-0.196537,1.005450,0.628581,0.140492,0.050609,0.200711,0.007847,0.078096,0.078538,-0.149660,-0.451360,0.383460,-0.108544,-0.047488,0.040960,READY
1787024000544315619,2026-08-18T10:33:20.544349,ground_truth,0.072393,0.524000,0.248057,0.097993,0.554345,0.254891,True,,,,,,,,,-0.138619,1.002314,0.620158,-0.196537,1.005450,0.628581,0.142243,0.035778,0.197216,0.008289,0.080716,0.078096,-0.174440,-0.476420,0.389270,-0.108032,-0.040192,0.039968,READY
1787024000579443185,2026-08-18T10:33:20.579481,ground_truth,0.068600,0.532000,0.247529,0.094741,0.553322,0.253872,True,,,,,,,,,-0.135367,1.001291,0.619139,-0.186670,1.004779,0.627058,0.145295,0.027925,0.187618,0.007847,0.080716,0.080716,-0.148400,-0.471380,0.377567,-0.109920,-0.040128,0.039360,READY
1787024000612469542,2026-08-18T10:33:20.612516,ground_truth,0.068780,0.524000,0.248057,0.091497,0.551518,0.253094,True,,,,,,,,,-0.132123,0.999486,0.618361,-0.186670,1.004779,0.627058,0.147039,0.014831,0.167112,0.008289,0.078096,0.078096,-0.143500,-0.476420,0.351837,-0.108864,-0.049088,0.038848,READY
1787024000645561053,2026-08-18T10:33:20.645580,ground_truth,0.065167,0.524000,0.248057,0.088500,0.548704,0.252351,True,,,,,,,,,-0.129127,0.996672,0.617618,-0.176895,1.003402,0.625454,0.145295,0.003489,0.137438,0.007847,0.081158,0.080716,-0.172900,-0.486080,0.336980,-0.106528,-0.042240,0.037024,READY
1787024000680299269,2026-08-18T10:33:20.680325,ground_truth,0.065000,0.532000,0.247529,0.085476,0.545687,0.251569,True,,,,,,,,,-0.126103,0.993656,0.616837,-0.176895,1.003402,0.625454,0.147039,0.007853,0.083771,0.008289,0.078096,0.078538,-0.154000,-0.705460,0.299215,-0.105088,-0.043264,0.041312,READY
1787024000709708942,2026-08-18T10:33:20.709732,ground_truth,0.065501,0.508000,0.252757,0.082422,0.543057,0.250719,True,,,,,,,,,-0.123048,0.991026,0.615986,-0.167291,1.001195,0.623766,0.145295,0.019634,0.042759,0.008289,0.078096,0.080716,-0.164220,-0.759780,0.287014,-0.107360,-0.045824,0.040480,READY
1787024000743335579,2026-08-18T10:33:20.743366,ground_truth,0.058223,0.508000,0.252757,0.080150,0.540505,0.250289,True,,,,,,,,,-0.120776,0.988473,0.615556,-0.167291,1.001195,0.623766,0.145295,0.029669,0.007413,0.008289,0.078096,0.078096,-0.174720,-0.787640,0.273236,-0.107872,-0.045696,0.038976,READY
1787024000777087171,2026-08-18T10:33:20.777118,ground_truth,0.050716,0.524000,0.255296,0.077356,0.537488,0.250025,True,,,,,,,,,-0.117982,0.985456,0.615292,-0.157894,0.998195,0.622151,0.145295,0.029669,0.007413,0.008289,0.078096,0.078096,-0.174720,-0.787640,0.273236,-0.107872,-0.045696,0.038976,READY
1787024000812062256,2026-08-18T10:33:20.812110,ground_truth,0.043403,0.532000,0.254742,0.074299,0.534378,0.250168,True,,,,,,,,,-0.114925,0.982346,0.615435,-0.157894,0.998195,0.622151,0.145295,0.029669,0.007413,0.008289,0.078096,0.078096,-0.174720,-0.787640,0.273236,-0.107872,-0.045696,0.038976,READY
1787024000845018097,2026-08-18T10:33:20.845053,ground_truth,0.036327,0.516000,0.259482,0.070754,0.532102,0.250274,True,,,,,,,,,-0.111380,0.980071,0.615541,-0.148649,0.994593,0.620837,0.145295,0.029669,0.007413,0.008289,0.078096,0.078096,-0.174720,-0.787640,0.273236,-0.107872,-0.045696,0.038976,READY
1787024000878924806,2026-08-18T10:33:20.878957,ground_truth,0.032701,0.516000,0.259482,0.066938,0.529994,0.250622,True,,,,,,,,,-0.107565,0.977962,0.615890,-0.148649,0.994593,0.620837,0.147039,0.032720,0.003926,0.007847,0.081158,0.080716,-0.171640,-0.807520,0.165253,-0.111104,-0.042304,0.035968,READY
1787024000916297010,2026-08-18T10:33:20.916312,ground_truth,0.032749,0.508000,0.256403,0.063121,0.528345,0.251210,True,,,,,,,,,-0.103747,0.976314,0.616477,-0.139402,0.990828,0.619939,0.145732,0.075483,0.189365,0.008289,0.081158,0.078096,-0.170800,-0.844340,0.048140,-0.108480,-0.042688,0.040256,READY
1787024000945870682,2026-08-18T10:33:20.945923,ground_truth,0.029040,0.524000,0.255296,0.059545,0.526789,0.251593,True,,,,,,,,,-0.100171,0.974757,0.616860,-0.139402,0.990828,0.619939,0.147039,0.083336,0.195038,0.010898,0.080716,0.080716,-0.165480,-0.832300,0.050796,-0.110208,-0.048864,0.036576,READY
1787024000982374954,2026-08-18T10:33:20.982395,ground_truth,0.025515,0.492000,0.257510,0.055961,0.525251,0.251902,True,,,,,,,,,-0.096588,0.973220,0.617169,-0.130183,0.987037,0.619343,0.148352,0.089883,0.197216,0.008289,0.081158,0.078096,-0.134820,-0.826980,0.048887,-0.106144,-0.042912,0.037408,READY
1787024001010968216,2026-08-18T10:33:21.010982,ground_truth,0.021814,0.524000,0.251676,0.052635,0.523290,0.252633,True,,,,,,,,,-0.093261,0.971259,0.617900,-0.130183,0.987037,0.619343,0.147039,0.098174,0.197216,0.010898,0.081158,0.080716,-0.123060,-0.805000,0.043575,-0.105984,-0.042144,0.038304,READY
1787024001042563423,2026-08-18T10:33:21.042589,ground_truth,0.018193,0.508000,0.249111,0.049062,0.521671,0.252975,True,,,,,,,,,-0.089688,0.969640,0.618243,-0.120919,0.983057,0.619091,0.145295,0.098174,0.201142,0.007847,0.080716,0.080716,-0.153440,-0.830760,0.050962,-0.107200,-0.041536,0.038976,READY
1787024001077506103,2026-08-18T10:33:21.077600,ground_truth,0.014518,0.492000,0.246492,0.045448,0.519268,0.253046,True,,,,,,,,,-0.086075,0.967236,0.618313,-0.120919,0.983057,0.619091,0.141806,0.109517,0.198964,0.008289,0.080716,0.080716,-0.166040,-0.824180,0.051460,-0.106816,-0.042816,0.039136,READY
1787024001111349678,2026-08-18T10:33:21.111377,ground_truth,0.010883,0.500000,0.242319,0.041843,0.517507,0.252976,True,,,,,,,,,-0.082469,0.965475,0.618244,-0.111903,0.978934,0.618892,0.143550,0.112568,0.200711,0.007847,0.080716,0.078096,-0.164220,-0.833560,0.049219,-0.108416,-0.042912,0.037696,READY
1787024001146612363,2026-08-18T10:33:21.146681,ground_truth,0.007275,0.508000,0.238172,0.037983,0.515875,0.252594,True,,,,,,,,,-0.078610,0.963843,0.617861,-0.111903,0.978934,0.618892,0.143550,0.120859,0.200711,0.008289,0.081158,0.080716,-0.166740,-0.854980,0.065902,-0.110816,-0.041472,0.040192,READY
1787024001176552503,2026-08-18T10:33:21.176565,ground_truth,0.007275,0.508000,0.234526,0.034124,0.514268,0.251935,True,,,,,,,,,-0.074750,0.962237,0.617202,-0.102806,0.974846,0.618479,0.143550,0.128712,0.200711,0.005228,0.081158,0.081158,-0.143220,-0.856800,0.058183,-0.110976,-0.046080,0.039200,READY
1787024001215875384,2026-08-18T10:33:21.215926,ground_truth,0.003579,0.500000,0.227682,0.030275,0.513094,0.251068,True,,,,,,,,,-0.070902,0.961062,0.616335,-0.102806,0.974846,0.618479,0.145295,0.133952,0.198964,0.008289,0.080716,0.080716,-0.112420,-0.830060,0.054033,-0.108928,-0.041920,0.037920,READY
1787024001246778196,2026-08-18T10:33:21.246817,ground_truth,-0.000073,0.500000,0.224022,0.026147,0.512005,0.249396,True,,,,,,,,,-0.066774,0.959974,0.614664,-0.093626,0.970880,0.617862,0.145295,0.133952,0.198964,0.008289,0.080716,0.080716,-0.112420,-0.830060,0.054033,-0.108928,-0.041920,0.037920,READY
1787024001280094346,2026-08-18T10:33:21.280133,ground_truth,-0.007572,0.484000,0.221206,0.022261,0.511361,0.247481,True,,,,,,,,,-0.062887,0.959330,0.612748,-0.093626,0.970880,0.617862,0.145295,0.133952,0.198964,0.008289,0.080716,0.080716,-0.112420,-0.830060,0.054033,-0.108928,-0.041920,0.037920,READY
1787024001310263004,2026-08-18T10:33:21.310302,ground_truth,-0.011250,0.484000,0.213834,0.018375,0.510806,0.245208,True,,,,,,,,,-0.059001,0.958774,0.610475,-0.084397,0.967653,0.615893,0.145295,0.133952,0.198964,0.008289,0.080716,0.080716,-0.112420,-0.830060,0.054033,-0.108928,-0.041920,0.037920,READY
1787024001345844062,2026-08-18T10:33:21.345877,ground_truth,-0.015437,0.451000,0.211723,0.014732,0.508561,0.242481,True,,,,,,,,,-0.055358,0.956530,0.607748,-0.084397,0.967653,0.615893,0.142243,0.137004,0.200711,0.007847,0.080716,0.078096,-0.154980,-0.832860,0.060258,-0.108480,-0.044416,0.038976,READY
1787024001380026597,2026-08-18T10:33:21.380063,ground_truth,-0.018881,0.468000,0.207199,0.011281,0.505979,0.239297,True,,,,,,,,,-0.051907,0.953947,0.604564,-0.075602,0.963943,0.612826,0.143988,0.140492,0.200711,0.008289,0.078096,0.078538,-0.153720,-0.825440,0.049551,-0.113376,-0.044096,0.040704,READY
1787024001413055177,2026-08-18T10:33:21.413114,ground_truth,-0.022754,0.459000,0.203887,0.007842,0.502902,0.235811,True,,,,,,,,,-0.048468,0.950871,0.601079,-0.075602,0.963943,0.612826,0.141806,0.139186,0.200711,0.007847,0.080716,0.080716,-0.144060,-0.814660,0.056938,-0.113600,-0.044480,0.036864,READY
1787024001444852642,2026-08-18T10:33:21.444896,ground_truth,-0.026474,0.459000,0.200160,0.004142,0.499247,0.232310,True,,,,,,,,,-0.044768,0.947216,0.597578,-0.067565,0.959583,0.608852,0.140492,0.140492,0.200711,0.008289,0.080716,0.080716,-0.166740,-0.789180,0.058847,-0.112864,-0.042144,0.038016,READY
1787024001483067297,2026-08-18T10:33:21.483082,ground_truth,-0.027145,0.426000,0.197789,0.000441,0.495476,0.228635,True,,,,,,,,,-0.041067,0.943445,0.593902,-0.067565,0.959583,0.608852,0.143550,0.135697,0.200711,0.008289,0.078096,0.078096,-0.162120,-0.774340,0.046812,-0.115488,-0.045088,0.039424,READY
1787024001512958240,2026-08-18T10:33:21.513011,ground_truth,-0.030920,0.426000,0.194007,-0.003070,0.492109,0.224653,True,,,,,,,,,-0.037556,0.940077,0.589920,-0.059865,0.954893,0.604508,0.147039,0.133952,0.200711,0.008289,0.080716,0.078096,-0.135660,-0.785120,0.052456,-0.114144,-0.046752,0.038144,READY
1787024001546903816,2026-08-18T10:33:21.546970,ground_truth,-0.034907,0.417000,0.194362,-0.006586,0.486208,0.220809,True,,,,,,,,,-0.034041,0.934177,0.586076,-0.059865,0.954893,0.604508,0.147039,0.128712,0.200711,0.010467,0.080716,0.078096,-0.121520,-0.805560,0.053701,-0.115552,-0.043744,0.035136,READY
1787024001580809427,2026-08-18T10:33:21.580846,ground_truth,-0.039126,0.400000,0.191209,-0.010126,0.480655,0.217159,True,,,,,,,,,-0.030501,0.928623,0.582426,-0.052881,0.949291,0.599523,0.145295,0.129150,0.200711,0.005670,0.080716,0.081158,-0.119280,-0.803740,0.051958,-0.115712,-0.043264,0.037792,READY
1787024001614791579,2026-08-18T10:33:21.614818,ground_truth,-0.042701,0.409000,0.190868,-0.013702,0.474691,0.213473,True,,,,,,,,,-0.026925,0.922659,0.578740,-0.052881,0.949291,0.599523,0.143550,0.125661,0.198964,0.010898,0.078096,0.080716,-0.158060,-0.787360,0.049053,-0.110592,-0.047488,0.040800,READY
1787024001647547276,2026-08-18T10:33:21.647643,ground_truth,-0.046760,0.400000,0.187384,-0.017274,0.468645,0.210043,True,,,,,,,,,-0.023352,0.916613,0.575310,-0.047155,0.942954,0.594828,0.143988,0.120859,0.200711,0.007847,0.080716,0.078096,-0.172340,-0.745780,0.056606,-0.112096,-0.043744,0.037344,READY
1787024001678719814,2026-08-18T10:33:21.678755,ground_truth,-0.051394,0.373000,0.188360,-0.020876,0.462102,0.206657,True,,,,,,,,,-0.019750,0.910071,0.571924,-0.047155,0.942954,0.594828,0.145295,0.114319,0.200711,0.007847,0.078096,0.080716,-0.169540,-0.728700,0.053701,-0.113088,-0.044928,0.039680,READY
1787024001710860218,2026-08-18T10:33:21.710906,ground_truth,-0.052075,0.350500,0.185267,-0.024788,0.455034,0.203579,True,,,,,,,,,-0.015839,0.903002,0.568847,-0.041663,0.935948,0.590271,0.145295,0.111261,0.200711,0.007847,0.078096,0.078096,-0.152180,-0.754740,0.051626,-0.110752,-0.048480,0.040352,READY
1787024001745532690,2026-08-18T10:33:21.745572,ground_truth,-0.050850,0.391000,0.183870,-0.028498,0.446420,0.200752,True,,,,,,,,,-0.012128,0.894389,0.566019,-0.041663,0.935948,0.590271,0.143550,0.107772,0.200711,0.010898,0.083766,0.078538,-0.143780,-0.787080,0.056606,-0.112544,-0.043744,0.036416,READY
1787024001781092457,2026-08-18T10:33:21.781152,ground_truth,-0.054682,0.391000,0.180030,-0.031883,0.437924,0.198075,True,,,,,,,,,-0.008743,0.885893,0.563342,-0.036649,0.928323,0.586169,0.138748,0.107772,0.200711,0.007847,0.078538,0.080716,-0.156240,-0.764400,0.059345,-0.113760,-0.046208,0.036288,READY
1787024001811586614,2026-08-18T10:33:21.811602,ground_truth,-0.055256,0.373000,0.180622,-0.035024,0.430412,0.195330,True,,,,,,,,,-0.005603,0.878380,0.560597,-0.036649,0.928323,0.586169,0.137441,0.109079,0.198964,0.007847,0.078096,0.080716,-0.157360,-0.775180,0.055195,-0.115424,-0.043744,0.038240,READY
1787024001848668786,2026-08-18T10:33:21.848703,ground_truth,-0.059721,0.355000,0.177314,-0.037957,0.423949,0.193116,True,,,,,,,,,-0.002669,0.871917,0.558383,-0.031889,0.920423,0.582278,0.133952,0.111261,0.198964,0.007847,0.080716,0.080716,-0.131320,-0.786380,0.055610,-0.116608,-0.048384,0.037184,READY
1787024001881035353,2026-08-18T10:33:21.881075,ground_truth,-0.058514,0.391000,0.172352,-0.040910,0.416737,0.190822,True,,,,,,,,,0.000283,0.864705,0.556089,-0.031889,0.920423,0.582278,0.129150,0.114319,0.200711,0.008289,0.080716,0.081158,-0.117180,-0.791420,0.062416,-0.119104,-0.045696,0.037632,READY
1787024001913158436,2026-08-18T10:33:21.913224,ground_truth,-0.062979,0.373000,0.172883,-0.043552,0.410227,0.188499,True,,,,,,,,,0.002926,0.858196,0.553766,-0.027364,0.912334,0.578572,0.124354,0.117370,0.198964,0.007847,0.080716,0.078096,-0.132300,-0.773360,0.054863,-0.119488,-0.043808,0.038912,READY
1787024001945298138,2026-08-18T10:33:21.945319,ground_truth,-0.068821,0.207000,0.173643,-0.046234,0.404339,0.186432,True,,,,,,,,,0.005607,0.852307,0.551699,-0.027364,0.912334,0.578572,0.119552,0.122603,0.200711,0.008289,0.078096,0.081158,-0.140420,-0.766500,0.058515,-0.120608,-0.048480,0.037024,READY
1787024001983154257,2026-08-18T10:33:21.983194,ground_truth,-0.067173,0.364000,0.161497,-0.046234,0.404339,0.186432,True,,,,,,,,,0.005607,0.852307,0.551699,-0.022883,0.904177,0.574920,0.114319,0.127406,0.200711,0.007847,0.080716,0.080716,-0.132020,-0.800660,0.062084,-0.121728,-0.042080,0.038400,READY
1787024002011794895,2026-08-18T10:33:22.011817,ground_truth,-0.076168,0.231000,0.160662,-0.048947,0.398575,0.183854,True,,,,,,,,,0.008321,0.846543,0.549122,-0.022883,0.904177,0.574920,0.112568,0.135259,0.198964,0.008289,0.075477,0.078096,-0.111160,-0.820540,0.058017,-0.121728,-0.041408,0.038624,READY
1787024002045991889,2026-08-18T10:33:22.046030,ground_truth,-0.077630,0.193000,0.157367,-0.052215,0.392355,0.181379,True,,,,,,,,,0.011589,0.840323,0.546646,-0.018446,0.895958,0.571281,0.109517,0.137004,0.198525,0.010898,0.070249,0.078096,-0.143500,-0.817040,0.056440,-0.118784,-0.043136,0.038528,READY
1787024002080594680,2026-08-18T10:33:22.080649,ground_truth,-0.075013,0.261000,0.151866,-0.055329,0.380711,0.178937,True,,,,,,,,,0.014703,0.828679,0.544204,-0.018446,0.895958,0.571281,0.109517,0.137004,0.198525,0.010898,0.070249,0.078096,-0.143500,-0.817040,0.056440,-0.118784,-0.043136,0.038528,READY
1787024002115953904,2026-08-18T10:33:22.115992,ground_truth,-0.083057,0.052000,0.151568,-0.058003,0.367982,0.176103,True,,,,,,,,,0.017376,0.815951,0.541371,-0.014589,0.887343,0.568060,0.109517,0.137004,0.198525,0.010898,0.070249,0.078096,-0.143500,-0.817040,0.056440,-0.118784,-0.043136,0.038528,READY
1787024002149691295,2026-08-18T10:33:22.149749,ground_truth,-0.078939,0.159000,0.149645,-0.058003,0.367982,0.176103,True,,,,,,,,,0.017376,0.815951,0.541371,-0.014589,0.887343,0.568060,0.109517,0.137004,0.198525,0.010898,0.070249,0.078096,-0.143500,-0.817040,0.056440,-0.118784,-0.043136,0.038528,READY
1787024002182567828,2026-08-18T10:33:22.182625,ground_truth,-0.076553,0.221000,0.144411,-0.060657,0.353490,0.173333,True,,,,,,,,,0.020031,0.801458,0.538600,-0.010658,0.878563,0.564778,0.109517,0.137004,0.198525,0.010898,0.070249,0.078096,-0.143500,-0.817040,0.056440,-0.118784,-0.043136,0.038528,READY
1787024002217586910,2026-08-18T10:33:22.217620,ground_truth,-0.076772,0.318000,0.142828,-0.062914,0.340565,0.170235,True,,,,,,,,,0.022287,0.788533,0.535503,-0.007426,0.869732,0.561906,0.107772,0.142243,0.198964,0.005228,0.061949,0.080716,-0.128520,-0.798560,0.058349,-0.119840,-0.044320,0.037408,READY
1787024002252534213,2026-08-18T10:33:22.252556,ground_truth,-0.076792,0.317500,0.142836,-0.064915,0.328433,0.167265,True,,,,,,,,,0.024288,0.776401,0.532532,-0.007426,0.869732,0.561906,0.098174,0.161439,0.201142,0.005228,0.059340,0.078096,-0.123900,-0.757820,0.048389,-0.111264,0.055552,0.040800,READY
1787024002286357927,2026-08-18T10:33:22.286377,ground_truth,-0.091546,0.059000,0.142667,-0.066608,0.321607,0.164230,True,,,,,,,,,0.025981,0.769575,0.529497,-0.004361,0.860543,0.558933,0.094679,0.163184,0.200711,0.005228,0.070249,0.080716,-0.127960,-0.707700,0.057768,-0.108864,0.057600,0.037792,READY
1787024002319866589,2026-08-18T10:33:22.319932,ground_truth,-0.092538,0.137000,0.141522,-0.066608,0.321607,0.164230,True,,,,,,,,,0.025981,0.769575,0.529497,-0.004361,0.860543,0.558933,0.096423,0.160133,0.200711,0.005228,0.075477,0.078096,-0.131740,-0.740180,0.052954,-0.113088,0.062944,0.037408,READY
1787024002352217502,2026-08-18T10:33:22.352234,ground_truth,-0.095405,0.071000,0.133754,-0.066608,0.321607,0.164230,True,,,,,,,,,0.025981,0.769575,0.529497,-0.001358,0.851539,0.556019,0.094679,0.160133,0.198964,0.005670,0.083766,0.078096,-0.125440,-0.766220,0.062831,-0.114432,0.059680,0.040416,READY
1787024002380418634,2026-08-18T10:33:22.380470,ground_truth,-0.091583,0.159000,0.128532,-0.066608,0.321607,0.164230,True,,,,,,,,,0.025981,0.769575,0.529497,-0.001358,0.851539,0.556019,0.094679,0.161877,0.200711,0.005228,0.083335,0.080716,-0.130200,-0.767760,0.053037,-0.113152,0.054208,0.040352,READY
1787024002418843524,2026-08-18T10:33:22.418870,ground_truth,-0.093971,0.104000,0.129066,-0.066608,0.321607,0.164230,True,,,,,,,,,0.025981,0.769575,0.529497,0.001689,0.842404,0.553063,0.094679,0.163621,0.198964,0.007847,0.080716,0.080716,-0.131320,-0.718200,0.055942,-0.112768,0.057664,0.038144,READY
1787024002453406351,2026-08-18T10:33:22.453448,ground_truth,-0.101138,-0.061000,0.126082,-0.069401,0.317281,0.160483,True,,,,,,,,,0.028775,0.765250,0.525750,0.001689,0.842404,0.553063,0.094679,0.163621,0.198964,0.007847,0.080716,0.080716,-0.131320,-0.718200,0.055942,-0.112768,0.057664,0.038144,READY
1787024002486552899,2026-08-18T10:33:22.486567,ground_truth,-0.097446,0.024000,0.125397,-0.069401,0.317281,0.160483,True,,,,,,,,,0.028775,0.765250,0.525750,0.004822,0.833479,0.549904,0.094679,0.163621,0.198964,0.007847,0.080716,0.080716,-0.131320,-0.718200,0.055942,-0.112768,0.057664,0.038144,READY
1787024002514156533,2026-08-18T10:33:22.514200,ground_truth,-0.094449,0.093000,0.124841,-0.072507,0.302070,0.156585,True,,,,,,,,,0.031881,0.750038,0.521852,0.004822,0.833479,0.549904,0.094679,0.163621,0.198964,0.007847,0.080716,0.080716,-0.131320,-0.718200,0.055942,-0.112768,0.057664,0.038144,READY
1787024002552606893,2026-08-18T10:33:22.552618,ground_truth,-0.095926,0.059000,0.125115,-0.075158,0.283134,0.152906,True,,,,,,,,,0.034532,0.731102,0.518173,0.007491,0.824282,0.547053,0.092934,0.163184,0.200711,0.005670,0.081158,0.080716,-0.127960,-0.714840,0.052124,-0.111264,0.055040,0.036864,READY
1787024002579832215,2026-08-18T10:33:22.579858,ground_truth,-0.093971,0.104000,0.124752,-0.077870,0.261640,0.149205,True,,,,,,,,,0.037243,0.709609,0.514473,0.007491,0.824282,0.547053,0.086825,0.166673,0.198964,0.008289,0.083335,0.078096,-0.135380,-0.717920,0.052622,-0.115328,0.050656,0.038912,READY
1787024002613119024,2026-08-18T10:33:22.613161,ground_truth,-0.093971,0.104000,0.124752,-0.080153,0.242408,0.145701,True,,,,,,,,,0.039527,0.690376,0.510968,0.007491,0.824282,0.547053,0.086825,0.164928,0.200711,0.008289,0.080716,0.081158,-0.143220,-0.708960,0.056938,-0.115104,0.050368,0.037568,READY
1787024002646292325,2026-08-18T10:33:22.646335,ground_truth,-0.092060,0.148000,0.124398,-0.082517,0.224215,0.142528,True,,,,,,,,,0.041891,0.672183,0.507795,0.009615,0.814890,0.544629,0.085081,0.161877,0.198964,0.005228,0.081158,0.080716,-0.137900,-0.725620,0.053369,-0.117888,0.053600,0.036576,READY
1787024002681475935,2026-08-18T10:33:22.681500,ground_truth,-0.097446,0.024000,0.125397,-0.084456,0.206230,0.139296,True,,,,,,,,,0.043829,0.654198,0.504563,0.009615,0.814890,0.544629,0.086388,0.161877,0.198964,0.005228,0.078096,0.078096,-0.114380,-0.741720,0.071878,-0.116832,0.052608,0.040800,READY
1787024002714910453,2026-08-18T10:33:22.714954,ground_truth,-0.095797,0.159000,0.120086,-0.086474,0.188286,0.136889,True,,,,,,,,,0.045848,0.636254,0.502156,0.011636,0.805399,0.542263,0.083336,0.163621,0.195477,0.008289,0.080716,0.078096,-0.137900,-0.692440,0.058681,-0.114208,0.048640,0.037472,READY
1787024002746983050,2026-08-18T10:33:22.747025,ground_truth,-0.106087,0.029000,0.120919,-0.087783,0.173177,0.134184,True,,,,,,,,,0.047156,0.621146,0.499451,0.011636,0.805399,0.542263,0.085081,0.164928,0.196785,0.005670,0.078096,0.078096,-0.112140,-0.677040,0.062084,-0.113824,0.056320,0.039200,READY
1787024002780208184,2026-08-18T10:33:22.780243,ground_truth,-0.103610,0.082000,0.116230,-0.089680,0.159382,0.131754,True,,,,,,,,,0.049053,0.607351,0.497021,0.013449,0.795806,0.540071,0.081592,0.163621,0.195038,0.005670,0.078538,0.078096,-0.152740,-0.676340,0.044903,-0.114656,0.053376,0.039520,READY
1787024002812686717,2026-08-18T10:33:22.812703,ground_truth,-0.106624,0.017500,0.112080,-0.091586,0.148676,0.129378,True,,,,,,,,,0.050960,0.596645,0.494645,0.013449,0.795806,0.540071,0.084643,0.158388,0.196785,0.005228,0.078096,0.078096,-0.124880,-0.707980,0.055942,-0.115040,0.053376,0.038624,READY
1787024002848970801,2026-08-18T10:33:22.849006,ground_truth,-0.103353,0.087500,0.111863,-0.093432,0.137789,0.126874,True,,,,,,,,,0.052805,0.585757,0.492141,0.015247,0.786208,0.537881,0.084643,0.160133,0.197216,0.005670,0.078096,0.081158,-0.116200,-0.700280,0.060175,-0.117280,0.053664,0.036640,READY
1787024002883974327,2026-08-18T10:33:22.884011,ground_truth,-0.103610,0.082000,0.107530,-0.095218,0.128198,0.124704,True,,,,,,,,,0.054592,0.576166,0.489971,0.015247,0.786208,0.537881,0.085081,0.160133,0.197216,0.007847,0.078096,0.078096,-0.114380,-0.707000,0.051460,-0.114208,0.054432,0.037024,READY
1787024002916312660,2026-08-18T10:33:22.916344,ground_truth,-0.101040,0.137000,0.107450,-0.097008,0.118866,0.122351,True,,,,,,,,,0.056381,0.566835,0.487618,0.017056,0.776553,0.535679,0.081592,0.160133,0.197216,0.005228,0.078096,0.078538,-0.126980,-0.689640,0.052290,-0.119712,0.055776,0.039360,READY
1787024002949369607,2026-08-18T10:33:22.949388,ground_truth,-0.103610,0.082000,0.098830,-0.098624,0.104733,0.119992,True,,,,,,,,,0.057998,0.552702,0.485259,0.017056,0.776553,0.535679,0.083336,0.158388,0.198964,0.007847,0.080716,0.080716,-0.108780,-0.691600,0.052124,-0.112864,0.048096,0.038624,READY
1787024002982473385,2026-08-18T10:33:22.982488,ground_truth,-0.100012,0.159000,0.094750,-0.099267,0.089347,0.117976,True,,,,,,,,,0.058640,0.537315,0.483243,0.018807,0.766978,0.533522,0.082030,0.158388,0.200711,0.005228,0.078096,0.078096,-0.139160,-0.693140,0.052124,-0.116480,0.054048,0.037920,READY
1787024003014145266,2026-08-18T10:33:23.014190,ground_truth,-0.101040,0.137000,0.090414,-0.099438,0.088029,0.115933,True,,,,,,,,,0.058812,0.535998,0.481200,0.018807,0.766978,0.533522,0.083336,0.160133,0.200711,0.005670,0.081158,0.078096,-0.099820,-0.710080,0.060009,-0.118208,0.054784,0.039360,READY
1787024003050262014,2026-08-18T10:33:23.050286,ground_truth,-0.099030,0.180000,0.082260,-0.099877,0.090113,0.113638,True,,,,,,,,,0.059251,0.538081,0.478905,0.020489,0.757455,0.531250,0.079847,0.160133,0.198525,0.005228,0.081158,0.078096,-0.125440,-0.711060,0.063329,-0.115872,0.053888,0.040576,READY
1787024003082223344,2026-08-18T10:33:23.082240,ground_truth,-0.097582,0.211000,0.078385,-0.100084,0.095863,0.110781,True,,,,,,,,,0.059458,0.543831,0.476048,0.020489,0.757455,0.531250,0.076790,0.163184,0.200711,0.005228,0.080716,0.080716,-0.141540,-0.676340,0.064159,-0.117504,0.053888,0.036736,READY
1787024003117734768,2026-08-18T10:33:23.117781,ground_truth,-0.098372,0.280000,0.075060,-0.100325,0.101653,0.107690,True,,,,,,,,,0.059699,0.549621,0.472957,0.022231,0.747908,0.528783,0.076790,0.163184,0.200711,0.005228,0.080716,0.080716,-0.141540,-0.676340,0.064159,-0.117504,0.053888,0.036736,READY
1787024003147206619,2026-08-18T10:33:23.147235,ground_truth,-0.100259,0.241000,0.070514,-0.100618,0.108517,0.104377,True,,,,,,,,,0.059992,0.556486,0.469644,0.022231,0.747908,0.528783,0.076790,0.163184,0.200711,0.005228,0.080716,0.080716,-0.141540,-0.676340,0.064159,-0.117504,0.053888,0.036736,READY
1787024003185878861,2026-08-18T10:33:23.185933,ground_truth,-0.098372,0.280000,0.071038,-0.101165,0.117197,0.100785,True,,,,,,,,,0.060539,0.565165,0.466052,0.024177,0.738623,0.525595,0.076790,0.163184,0.200711,0.005228,0.080716,0.080716,-0.141540,-0.676340,0.064159,-0.117504,0.053888,0.036736,READY
1787024003217309532,2026-08-18T10:33:23.217358,ground_truth,-0.100259,0.241000,0.070514,-0.101227,0.128319,0.097161,True,,,,,,,,,0.060600,0.576288,0.462428,0.024177,0.738623,0.525595,0.076790,0.163184,0.200711,0.005228,0.080716,0.080716,-0.141540,-0.676340,0.064159,-0.117504,0.053888,0.036736,READY
1787024003247154572,2026-08-18T10:33:23.247248,ground_truth,-0.102194,0.201000,0.069978,-0.101524,0.135504,0.093856,True,,,,,,,,,0.060898,0.583472,0.459123,0.026250,0.729385,0.522001,0.076790,0.163184,0.200711,0.005228,0.080716,0.080716,-0.141540,-0.676340,0.064159,-0.117504,0.053888,0.036736,READY
1787024003283977802,2026-08-18T10:33:23.284008,ground_truth,-0.101711,0.211000,0.065975,-0.101265,0.148247,0.090460,True,,,,,,,,,0.060638,0.596216,0.455727,0.026250,0.729385,0.522001,0.078534,0.159695,0.200711,0.007847,0.080716,0.080716,-0.117460,-0.677320,0.051958,-0.118656,0.047936,0.036192,READY
1787024003313525582,2026-08-18T10:33:23.313540,ground_truth,-0.101711,0.211000,0.065975,-0.101138,0.157676,0.087109,True,,,,,,,,,0.060512,0.605645,0.452377,0.028475,0.720770,0.517713,0.078534,0.160133,0.198964,0.010898,0.081158,0.078096,-0.134120,-0.687260,0.049717,-0.117504,0.051200,0.038080,READY
1787024003346218484,2026-08-18T10:33:23.346255,ground_truth,-0.101227,0.221000,0.062005,-0.100810,0.169269,0.084036,True,,,,,,,,,0.060184,0.617237,0.449303,0.028475,0.720770,0.517713,0.078103,0.160133,0.200711,0.007847,0.081158,0.078096,-0.123340,-0.677040,0.053535,-0.119168,0.053440,0.040864,READY
1787024003379466130,2026-08-18T10:33:23.379516,ground_truth,-0.100259,0.241000,0.058253,-0.100669,0.178467,0.080712,True,,,,,,,,,0.060042,0.626435,0.445979,0.031052,0.713069,0.511858,0.079847,0.163621,0.200711,0.005670,0.081158,0.080716,-0.128520,-0.637980,0.051460,-0.119712,0.048640,0.038688,READY
1787024003414803143,2026-08-18T10:33:23.414846,ground_truth,-0.103210,0.180000,0.052944,-0.100445,0.187720,0.077427,True,,,,,,,,,0.059819,0.635688,0.442694,0.031052,0.713069,0.511858,0.081592,0.160133,0.198964,0.008289,0.078096,0.078096,-0.143220,-0.611940,0.048721,-0.115264,0.053440,0.037632,READY
1787024003452153113,2026-08-18T10:33:23.452196,ground_truth,-0.103743,0.169000,0.052724,-0.100590,0.196691,0.073793,True,,,,,,,,,0.059964,0.644659,0.439060,0.033821,0.706517,0.504885,0.081592,0.160133,0.198964,0.008289,0.078096,0.078096,-0.143220,-0.611940,0.048721,-0.115264,0.053440,0.037632,READY
1787024003482320271,2026-08-18T10:33:23.482359,ground_truth,-0.101711,0.211000,0.049428,-0.100599,0.203711,0.070719,True,,,,,,,,,0.059972,0.651680,0.435986,0.033821,0.706517,0.504885,0.081592,0.160133,0.198964,0.008289,0.078096,0.078096,-0.143220,-0.611940,0.048721,-0.115264,0.053440,0.037632,READY
1787024003517950835,2026-08-18T10:33:23.517993,ground_truth,-0.100259,0.241000,0.050078,-0.100712,0.207409,0.067698,True,,,,,,,,,0.060086,0.655377,0.432965,0.036702,0.700475,0.497294,0.081592,0.160133,0.198964,0.008289,0.078096,0.078096,-0.143220,-0.611940,0.048721,-0.115264,0.053440,0.037632,READY
1787024003548768794,2026-08-18T10:33:23.548834,ground_truth,-0.100743,0.231000,0.049861,-0.100660,0.212095,0.065009,True,,,,,,,,,0.060034,0.660064,0.430276,0.036702,0.700475,0.497294,0.083336,0.158388,0.200711,0.008289,0.080716,0.080716,-0.121520,-0.632380,0.059179,-0.117504,0.049984,0.038912,READY
1787024003587692868,2026-08-18T10:33:23.587734,ground_truth,-0.099775,0.251000,0.050295,-0.100774,0.216872,0.062849,True,,,,,,,,,0.060148,0.664841,0.428116,0.039553,0.695536,0.489104,0.088139,0.133952,0.200711,0.008289,0.081158,0.081158,-0.149660,-0.568120,0.041832,-0.109536,0.050656,0.040704,READY
1787024003617785020,2026-08-18T10:33:23.617800,ground_truth,-0.093890,0.290000,0.051140,-0.100920,0.221081,0.060976,True,,,,,,,,,0.060294,0.669050,0.426243,0.042439,0.691852,0.480359,0.089445,0.124354,0.200711,0.007847,0.078096,0.081158,-0.144760,-0.584220,0.046646,-0.114144,0.053216,0.035680,READY
1787024003649025914,2026-08-18T10:33:23.649067,ground_truth,-0.093423,0.300000,0.051357,-0.100622,0.224056,0.059381,True,,,,,,,,,0.059995,0.672025,0.424649,0.042439,0.691852,0.480359,0.091190,0.120859,0.202458,0.010898,0.080716,0.078096,-0.134540,-0.574420,0.052622,-0.112768,0.054048,0.037632,READY
1787024003682484497,2026-08-18T10:33:23.682526,ground_truth,-0.093890,0.290000,0.051140,-0.100166,0.227265,0.058104,True,,,,,,,,,0.059539,0.675233,0.423372,0.042439,0.691852,0.480359,0.094679,0.107772,0.200711,0.008289,0.078096,0.081158,-0.128520,-0.558880,0.047144,-0.113920,0.052704,0.038016,READY
1787024003716858013,2026-08-18T10:33:23.716925,ground_truth,-0.093890,0.290000,0.055147,-0.099867,0.228440,0.056778,True,,,,,,,,,0.059241,0.676408,0.422045,0.045214,0.689155,0.471111,0.094679,0.101225,0.198525,0.008289,0.081158,0.081158,-0.122640,-0.571200,0.053037,-0.116544,0.049088,0.039360,READY
1787024003750630775,2026-08-18T10:33:23.750664,ground_truth,-0.089035,0.309000,0.055527,-0.099442,0.231288,0.055753,True,,,,,,,,,0.058816,0.679256,0.421021,0.045214,0.689155,0.471111,0.094679,0.094679,0.197216,0.010467,0.078096,0.081158,-0.122360,-0.549500,0.040255,-0.111648,0.046752,0.036512,READY
1787024003784901118,2026-08-18T10:33:23.784978,ground_truth,-0.090342,0.280000,0.054946,-0.098565,0.234471,0.054790,True,,,,,,,,,0.057939,0.682439,0.420057,0.047815,0.687262,0.461534,0.094679,0.094679,0.197216,0.010467,0.078096,0.081158,-0.122360,-0.549500,0.040255,-0.111648,0.046752,0.036512,READY
1787024003815037022,2026-08-18T10:33:23.815083,ground_truth,-0.090748,0.271000,0.054766,-0.097807,0.239321,0.054055,True,,,,,,,,,0.057181,0.687289,0.419322,0.047815,0.687262,0.461534,0.094679,0.094679,0.197216,0.010467,0.078096,0.081158,-0.122360,-0.549500,0.040255,-0.111648,0.046752,0.036512,READY
1787024003851854078,2026-08-18T10:33:23.851891,ground_truth,-0.091650,0.251000,0.054366,-0.097076,0.243971,0.053307,True,,,,,,,,,0.056450,0.691939,0.418575,0.049935,0.687555,0.451855,0.094679,0.094679,0.197216,0.010467,0.078096,0.081158,-0.122360,-0.549500,0.040255,-0.111648,0.046752,0.036512,READY
1787024003881903148,2026-08-18T10:33:23.881945,ground_truth,-0.093453,0.211000,0.053565,-0.096438,0.248101,0.052798,True,,,,,,,,,0.055812,0.696069,0.418065,0.049935,0.687555,0.451855,0.092934,0.082899,0.193291,0.007847,0.075477,0.078096,-0.138460,-0.528220,0.047974,-0.115648,0.054336,0.036960,READY
1787024003923034667,2026-08-18T10:33:23.923078,ground_truth,-0.091650,0.251000,0.050295,-0.095984,0.250527,0.052486,True,,,,,,,,,0.055358,0.698495,0.417753,0.051552,0.689963,0.442471,0.088139,0.000000,0.184131,0.013517,0.075046,0.075477,-0.153440,-0.456540,0.047974,-0.109824,0.049600,0.037856,READY
1787024003951837875,2026-08-18T10:33:23.951862,ground_truth,-0.091199,0.261000,0.046458,-0.095213,0.252612,0.052309,True,,,,,,,,,0.054587,0.700580,0.417576,0.052667,0.693862,0.433328,0.088139,0.007853,0.187618,0.010898,0.075477,0.075477,-0.155260,-0.305900,0.046314,-0.113760,0.044544,0.039200,READY
1787024003984947026,2026-08-18T10:33:23.984977,ground_truth,-0.092100,0.241000,0.041904,-0.094377,0.256816,0.051891,True,,,,,,,,,0.053751,0.704784,0.417159,0.052667,0.693862,0.433328,0.088570,0.021378,0.191543,0.013517,0.075477,0.078538,-0.134120,-0.221620,0.035773,-0.108864,0.051712,0.035296,READY
1787024004014651150,2026-08-18T10:33:24.014672,ground_truth,-0.094400,0.190000,0.040630,-0.093736,0.261443,0.051390,True,,,,,,,,,0.053110,0.709412,0.416657,0.052667,0.693862,0.433328,0.086388,0.037523,0.196785,0.013517,0.078096,0.078096,-0.119560,-0.182280,0.032370,-0.108864,0.050144,0.038752,READY
1787024004048934601,2026-08-18T10:33:24.048965,ground_truth,-0.093926,0.200500,0.032584,-0.093346,0.263969,0.050760,True,,,,,,,,,0.052719,0.711937,0.416027,0.053196,0.699506,0.425413,0.084643,0.047558,0.196785,0.007847,0.078096,0.078096,-0.123060,-0.197680,0.037350,-0.115712,0.052160,0.039904,READY
1787024004084405732,2026-08-18T10:33:24.084461,ground_truth,-0.091650,0.251000,0.029941,-0.092891,0.262847,0.049608,True,,,,,,,,,0.052265,0.710815,0.414875,0.053196,0.699506,0.425413,0.079847,0.061958,0.198964,0.010898,0.081158,0.080716,-0.100660,-0.193340,0.044571,-0.114816,0.047200,0.037248,READY
1787024004114161346,2026-08-18T10:33:24.114207,ground_truth,-0.090342,0.280000,0.026787,-0.092350,0.260463,0.048251,True,,,,,,,,,0.051723,0.708431,0.413518,0.052818,0.705584,0.419421,0.076790,0.068498,0.196785,0.010467,0.080716,0.078096,-0.099820,-0.201460,0.055942,-0.120160,0.048256,0.038304,READY
1787024004148888549,2026-08-18T10:33:24.148974,ground_truth,-0.090342,0.280000,0.026787,-0.092113,0.259986,0.046627,True,,,,,,,,,0.051487,0.707954,0.411895,0.052818,0.705584,0.419421,0.076790,0.068498,0.196785,0.010467,0.080716,0.078096,-0.099820,-0.201460,0.055942,-0.120160,0.048256,0.038304,READY
1787024004184430557,2026-08-18T10:33:24.184472,ground_truth,-0.089441,0.300000,0.023429,-0.091908,0.259357,0.044989,True,,,,,,,,,0.051281,0.707326,0.410257,0.052128,0.709398,0.413675,0.076790,0.068498,0.196785,0.010467,0.080716,0.078096,-0.099820,-0.201460,0.055942,-0.120160,0.048256,0.038304,READY
1787024004218977667,2026-08-18T10:33:24.219125,ground_truth,-0.089891,0.290000,0.023097,-0.091611,0.258698,0.043142,True,,,,,,,,,0.050985,0.706666,0.408409,0.051334,0.711047,0.408350,0.076790,0.068498,0.196785,0.010467,0.080716,0.078096,-0.099820,-0.201460,0.055942,-0.120160,0.048256,0.038304,READY
1787024004252094136,2026-08-18T10:33:24.252123,ground_truth,-0.090748,0.271000,0.022465,-0.091345,0.258566,0.041005,True,,,,,,,,,0.050718,0.706535,0.406273,0.051334,0.711047,0.408350,0.076790,0.068498,0.196785,0.010467,0.080716,0.078096,-0.099820,-0.201460,0.055942,-0.120160,0.048256,0.038304,READY
1787024004286287225,2026-08-18T10:33:24.286302,ground_truth,-0.089891,0.290000,0.023097,-0.091459,0.258540,0.038801,True,,,,,,,,,0.050832,0.706508,0.404068,0.050684,0.710582,0.403695,0.027487,0.095116,0.130025,0.008289,0.054101,0.054101,-0.075880,-0.207900,0.080676,-0.113536,0.043520,0.036064,READY
1787024004316967531,2026-08-18T10:33:24.317004,ground_truth,-0.088178,0.328000,0.024360,-0.091429,0.258535,0.036678,True,,,,,,,,,0.050802,0.706503,0.401945,0.050684,0.710582,0.403695,0.022685,0.096423,0.120858,0.005228,0.048863,0.048432,-0.084280,-0.232120,0.088893,-0.113312,0.041632,0.037856,READY
1787024004351533384,2026-08-18T10:33:24.351549,ground_truth,-0.088178,0.328000,0.028303,-0.091257,0.259067,0.034651,True,,,,,,,,,0.050631,0.707035,0.399918,0.050463,0.708107,0.399870,0.019634,0.095116,0.113445,0.003051,0.045812,0.045812,-0.082460,-0.231140,0.084494,-0.112544,0.041984,0.034688,READY
1787024004385326062,2026-08-18T10:33:24.385345,ground_truth,-0.088629,0.318000,0.027987,-0.091026,0.262213,0.032913,True,,,,,,,,,0.050400,0.710182,0.398180,0.050463,0.708107,0.399870,0.019634,0.095116,0.113445,0.003051,0.045812,0.045812,-0.082460,-0.231140,0.084494,-0.112544,0.041984,0.034688,READY
1787024004418823506,2026-08-18T10:33:24.418847,ground_truth,-0.093423,0.300000,0.031408,-0.090704,0.266949,0.031208,True,,,,,,,,,0.050078,0.714918,0.396475,0.050221,0.707828,0.396385,0.019634,0.095116,0.113445,0.003051,0.045812,0.045812,-0.082460,-0.231140,0.084494,-0.112544,0.041984,0.034688,READY
1787024004449068710,2026-08-18T10:33:24.449100,ground_truth,-0.093002,0.309000,0.031678,-0.090823,0.271470,0.029949,True,,,,,,,,,0.050196,0.719438,0.395216,0.050221,0.707828,0.396385,0.019634,0.095116,0.113445,0.003051,0.045812,0.045812,-0.082460,-0.231140,0.084494,-0.112544,0.041984,0.034688,READY
1787024004483604474,2026-08-18T10:33:24.483636,ground_truth,-0.091694,0.337000,0.036445,-0.090943,0.275467,0.028964,True,,,,,,,,,0.050316,0.723436,0.394231,0.050221,0.707828,0.396385,0.016576,0.094679,0.107772,0.005228,0.040573,0.043193,-0.080220,-0.212940,0.085988,-0.112768,0.041472,0.030720,READY
1787024004519489156,2026-08-18T10:33:24.519539,ground_truth,-0.096534,0.318000,0.035907,-0.090916,0.279360,0.028600,True,,,,,,,,,0.050289,0.727329,0.393867,0.050052,0.709685,0.393496,0.000000,0.098174,0.100352,0.002609,0.040142,0.040142,-0.050120,-0.224420,0.071546,-0.111936,0.043040,0.036192,READY
1787024004549665188,2026-08-18T10:33:24.549704,ground_truth,-0.096969,0.309000,0.035653,-0.091058,0.284245,0.028285,True,,,,,,,,,0.050432,0.732214,0.393552,0.050052,0.709685,0.393496,0.000000,0.098174,0.100352,0.002609,0.040142,0.040142,-0.050120,-0.224420,0.071546,-0.111936,0.043040,0.036192,READY
1787024004580839384,2026-08-18T10:33:24.580885,ground_truth,-0.096050,0.328000,0.040134,-0.091261,0.291489,0.028490,True,,,,,,,,,0.050635,0.739457,0.393757,0.050010,0.713479,0.391701,0.000000,0.098174,0.100352,0.002609,0.040142,0.040142,-0.050120,-0.224420,0.071546,-0.111936,0.043040,0.036192,READY
1787024004617560772,2026-08-18T10:33:24.617598,ground_truth,-0.099536,0.337000,0.040373,-0.091554,0.299204,0.029169,True,,,,,,,,,0.050928,0.747173,0.394436,0.050010,0.713479,0.391701,0.000000,0.098174,0.100352,0.002609,0.040142,0.040142,-0.050120,-0.224420,0.071546,-0.111936,0.043040,0.036192,READY
1787024004651066566,2026-08-18T10:33:24.651100,ground_truth,-0.099536,0.337000,0.040373,-0.092167,0.304854,0.030075,True,,,,,,,,,0.051541,0.752823,0.395342,0.050094,0.719197,0.390954,0.000000,0.098174,0.100352,0.002609,0.040142,0.040142,-0.050120,-0.224420,0.071546,-0.111936,0.043040,0.036192,READY
1787024004683946309,2026-08-18T10:33:24.683988,ground_truth,-0.095615,0.337000,0.048231,-0.092780,0.309024,0.030981,True,,,,,,,,,0.052154,0.756993,0.396248,0.050094,0.719197,0.390954,0.017889,0.101225,0.100790,0.000000,0.040142,0.037523,0.096320,-0.233100,0.068309,-0.112480,0.045248,0.035520,READY
1787024004718946875,2026-08-18T10:33:24.718994,ground_truth,-0.096969,0.309000,0.059502,-0.093192,0.312898,0.032634,True,,,,,,,,,0.052565,0.760867,0.397901,0.050393,0.726906,0.391216,0.019634,0.099919,0.100352,0.000000,0.040573,0.037523,0.101360,-0.230020,0.074700,-0.109824,0.041984,0.035904,READY
1787024004752053050,2026-08-18T10:33:24.752074,ground_truth,-0.093423,0.300000,0.067316,-0.093663,0.316180,0.035061,True,,,,,,,,,0.053037,0.764148,0.400328,0.050994,0.736190,0.393105,0.020940,0.099919,0.100352,0.000000,0.037523,0.037954,0.113960,-0.259980,0.061420,-0.107872,0.041248,0.037120,READY
1787024004785781106,2026-08-18T10:33:24.785818,ground_truth,-0.092582,0.318000,0.075507,-0.093842,0.317849,0.038051,True,,,,,,,,,0.053215,0.765818,0.403318,0.050994,0.736190,0.393105,0.021378,0.098174,0.100352,0.000000,0.037523,0.040142,0.119280,-0.237020,0.073621,-0.105984,0.042688,0.034912,READY
1787024004817571079,2026-08-18T10:33:24.817595,ground_truth,-0.088178,0.328000,0.087456,-0.094021,0.319197,0.041545,True,,,,,,,,,0.053395,0.767165,0.406812,0.050994,0.736190,0.393105,0.022685,0.095992,0.100352,0.000000,0.040142,0.040142,0.116480,-0.235480,0.066732,-0.105536,0.042976,0.034784,READY
1787024004851199330,2026-08-18T10:33:24.851239,ground_truth,-0.086961,0.355000,0.099336,-0.094021,0.320959,0.045752,True,,,,,,,,,0.053395,0.768928,0.411019,0.051695,0.745240,0.397109,0.022685,0.095992,0.100352,0.000000,0.040142,0.040142,0.116480,-0.235480,0.066732,-0.105536,0.042976,0.034784,READY
1787024004884797311,2026-08-18T10:33:24.884812,ground_truth,-0.083461,0.346000,0.107147,-0.093940,0.321312,0.050487,True,,,,,,,,,0.053314,0.769280,0.415754,0.052241,0.753235,0.403056,0.022685,0.095992,0.100352,0.000000,0.040142,0.040142,0.116480,-0.235480,0.066732,-0.105536,0.042976,0.034784,READY
1787024004918406016,2026-08-18T10:33:24.918443,ground_truth,-0.083461,0.346000,0.114974,-0.093595,0.322342,0.055764,True,,,,,,,,,0.052969,0.770311,0.421032,0.052241,0.753235,0.403056,0.022685,0.095992,0.100352,0.000000,0.040142,0.040142,0.116480,-0.235480,0.066732,-0.105536,0.042976,0.034784,READY
1787024004950346904,2026-08-18T10:33:24.950362,ground_truth,-0.077674,0.391000,0.118600,-0.092931,0.324042,0.061336,True,,,,,,,,,0.052305,0.772010,0.426603,0.052241,0.753235,0.403056,0.021378,0.088139,0.137438,0.000000,0.054101,0.054101,0.107800,-0.233940,0.055610,-0.082368,0.042464,0.038624,READY
1787024004981835098,2026-08-18T10:33:24.981850,ground_truth,-0.077298,0.400000,0.126191,-0.091909,0.326355,0.067130,True,,,,,,,,,0.051283,0.774324,0.432398,0.052344,0.759727,0.410567,0.017889,0.083336,0.150531,0.000000,0.059340,0.061949,0.098140,-0.285180,0.050796,-0.082592,0.045536,0.033952,READY
1787024005015717961,2026-08-18T10:33:25.015737,ground_truth,-0.076922,0.409000,0.133723,-0.090950,0.331191,0.073113,True,,,,,,,,,0.050323,0.779159,0.438381,0.052344,0.759727,0.410567,0.016576,0.078103,0.157951,0.000000,0.064568,0.062391,0.097020,-0.272720,0.042496,-0.088160,0.047488,0.038400,READY
1787024005049436966,2026-08-18T10:33:25.049461,ground_truth,-0.072798,0.417000,0.137416,-0.089642,0.336532,0.079634,True,,,,,,,,,0.049016,0.784500,0.444902,0.051746,0.765477,0.418796,0.011780,0.071556,0.174532,0.000000,0.067629,0.070249,0.089180,-0.291900,0.043326,-0.101792,0.047040,0.038144,READY
1787024005083007091,2026-08-18T10:33:25.083040,ground_truth,-0.068663,0.426000,0.141065,-0.088031,0.342453,0.086419,True,,,,,,,,,0.047405,0.790421,0.451686,0.051746,0.765477,0.418796,0.007853,0.061958,0.185870,0.003051,0.075477,0.072857,0.093240,-0.276500,0.035939,-0.116928,0.044704,0.041984,READY
1787024005117004238,2026-08-18T10:33:25.117042,ground_truth,-0.061431,0.417000,0.145009,-0.086205,0.348917,0.093147,True,,,,,,,,,0.045579,0.796886,0.458415,0.050703,0.771467,0.426695,0.007853,0.057156,0.193291,0.005228,0.075477,0.078096,0.091700,-0.281680,0.032038,-0.110208,0.047808,0.034016,READY
1787024005153614164,2026-08-18T10:33:25.153627,ground_truth,-0.052768,0.451000,0.148138,-0.083665,0.354957,0.100123,True,,,,,,,,,0.043038,0.802925,0.465390,0.049168,0.777770,0.434447,0.004796,0.053667,0.198964,0.005228,0.081158,0.078096,0.092680,-0.272160,0.026311,-0.106240,0.046144,0.036416,READY
1787024005185468505,2026-08-18T10:33:25.185496,ground_truth,-0.048793,0.459000,0.151708,-0.080547,0.360911,0.107307,True,,,,,,,,,0.039921,0.808880,0.472575,0.049168,0.777770,0.434447,0.004796,0.053667,0.200711,0.002609,0.083335,0.080716,0.094500,-0.251300,0.027556,-0.111104,0.042304,0.037920,READY
1787024005216018197,2026-08-18T10:33:25.216040,ground_truth,-0.049035,0.451000,0.155618,-0.077425,0.368182,0.114206,True,,,,,,,,,0.036799,0.816151,0.479473,0.049168,0.777770,0.434447,0.006540,0.057156,0.201142,0.002609,0.080716,0.078096,0.094220,-0.256900,0.020335,-0.108256,0.042464,0.038400,READY
1787024005251771843,2026-08-18T10:33:25.251810,ground_truth,-0.045302,0.451000,0.159359,-0.074230,0.375716,0.120614,True,,,,,,,,,0.033604,0.823685,0.485881,0.047142,0.784056,0.441822,0.011780,0.063703,0.200711,0.000000,0.080716,0.078096,0.105000,-0.249480,0.023240,-0.109920,0.042688,0.039744,READY
1787024005285654823,2026-08-18T10:33:25.285722,ground_truth,-0.041785,0.443000,0.167062,-0.071022,0.384797,0.126750,True,,,,,,,,,0.030396,0.832765,0.492017,0.044801,0.790865,0.448839,0.013087,0.068498,0.200711,0.002609,0.078096,0.081158,0.097860,-0.224420,0.022908,-0.108096,0.045984,0.037920,READY
1787024005315057845,2026-08-18T10:33:25.315090,ground_truth,-0.037204,0.476000,0.169841,-0.067635,0.394186,0.132853,True,,,,,,,,,0.027009,0.842154,0.498121,0.044801,0.790865,0.448839,0.017889,0.076790,0.198964,0.000000,0.080716,0.080716,0.096040,-0.233100,0.033947,-0.104416,0.041536,0.038912,READY
1787024005349798957,2026-08-18T10:33:25.349843,ground_truth,-0.033701,0.468000,0.177502,-0.064237,0.403157,0.138346,True,,,,,,,,,0.023611,0.851126,0.503613,0.044801,0.790865,0.448839,0.017889,0.076790,0.198964,0.000000,0.080716,0.080716,0.096040,-0.233100,0.033947,-0.104416,0.041536,0.038912,READY
1787024005383380459,2026-08-18T10:33:25.383418,ground_truth,-0.026128,0.476000,0.180938,-0.060686,0.412418,0.143557,True,,,,,,,,,0.020060,0.860387,0.508824,0.042279,0.798036,0.455357,0.017889,0.076790,0.198964,0.000000,0.080716,0.080716,0.096040,-0.233100,0.033947,-0.104416,0.041536,0.038912,READY
1787024005419253606,2026-08-18T10:33:25.419304,ground_truth,-0.018881,0.468000,0.184926,-0.056864,0.421204,0.148476,True,,,,,,,,,0.016238,0.869172,0.513744,0.039552,0.805486,0.461472,0.017889,0.076790,0.198964,0.000000,0.080716,0.080716,0.096040,-0.233100,0.033947,-0.104416,0.041536,0.038912,READY
1787024005449930095,2026-08-18T10:33:25.449966,ground_truth,-0.015176,0.468000,0.192351,-0.052559,0.429467,0.153140,True,,,,,,,,,0.011933,0.877436,0.518407,0.039552,0.805486,0.461472,0.017889,0.076790,0.198964,0.000000,0.080716,0.080716,0.096040,-0.233100,0.033947,-0.104416,0.041536,0.038912,READY
1787024005484343589,2026-08-18T10:33:25.484359,ground_truth,-0.011470,0.468000,0.192351,-0.048392,0.437627,0.158056,True,,,,,,,,,0.007766,0.885595,0.523324,0.036594,0.812941,0.467228,0.039267,0.106028,0.197216,0.013517,0.080716,0.078096,0.109340,-0.246120,0.019505,-0.010080,0.045024,0.037920,READY
1787024005517203729,2026-08-18T10:33:25.517266,ground_truth,-0.007572,0.484000,0.191719,-0.044004,0.443365,0.162467,True,,,,,,,,,0.003377,0.891334,0.527734,0.036594,0.812941,0.467228,0.041012,0.104714,0.198964,0.013517,0.081158,0.078096,0.126420,-0.238280,0.021912,-0.012480,0.047104,0.039968,READY
1787024005550128531,2026-08-18T10:33:25.550155,ground_truth,-0.000144,0.492000,0.195076,-0.039380,0.448140,0.166333,True,,,,,,,,,-0.001246,0.896108,0.531601,0.036594,0.812941,0.467228,0.041012,0.096423,0.200711,0.008289,0.078096,0.080716,0.136080,-0.269920,0.022576,-0.007904,0.045312,0.038624,READY
1787024005584068745,2026-08-18T10:33:25.584079,ground_truth,0.003464,0.484000,0.199091,-0.034537,0.453095,0.170178,True,,,,,,,,,-0.006090,0.901063,0.535445,0.033177,0.820451,0.473040,0.042318,0.085081,0.200711,0.010898,0.080716,0.081158,0.122640,-0.292880,0.015853,-0.013248,0.047040,0.036736,READY
1787024005618292152,2026-08-18T10:33:25.618318,ground_truth,0.007231,0.500000,0.202066,-0.029728,0.457659,0.174046,True,,,,,,,,,-0.010898,0.905627,0.539313,0.029414,0.827723,0.478699,0.041012,0.071994,0.200711,0.010898,0.081158,0.078096,0.110040,-0.292600,0.009130,-0.010592,0.046880,0.039424,READY
1787024005653963847,2026-08-18T10:33:25.654003,ground_truth,0.014536,0.500000,0.205726,-0.025151,0.462572,0.177850,True,,,,,,,,,-0.015475,0.910540,0.543117,0.029414,0.827723,0.478699,0.037523,0.055412,0.198525,0.010467,0.078096,0.080716,0.123900,-0.327880,0.014442,-0.014368,0.044096,0.038016,READY
1787024005685245064,2026-08-18T10:33:25.685261,ground_truth,0.018179,0.484000,0.210148,-0.020664,0.467501,0.181689,True,,,,,,,,,-0.019962,0.915469,0.546956,0.025372,0.834906,0.484286,0.038829,0.041012,0.200711,0.008289,0.080716,0.080716,0.118020,-0.350560,0.018592,-0.010976,0.045152,0.037792,READY
1787024005716138572,2026-08-18T10:33:25.716174,ground_truth,0.025515,0.492000,0.213439,-0.016199,0.471100,0.185585,True,,,,,,,,,-0.024427,0.919069,0.550852,0.025372,0.834906,0.484286,0.041012,0.024429,0.200711,0.010467,0.080716,0.081158,0.118720,-0.337540,0.019505,-0.013024,0.047808,0.038304,READY
1787024005751828209,2026-08-18T10:33:25.751844,ground_truth,0.029250,0.476000,0.214229,-0.011229,0.474007,0.189440,True,,,,,,,,,-0.029397,0.921975,0.554707,0.020965,0.841912,0.489952,0.040574,0.009598,0.200711,0.010898,0.083766,0.080716,0.115500,-0.335300,0.020169,-0.009632,0.038976,0.037248,READY
1787024005787696154,2026-08-18T10:33:25.787713,ground_truth,0.036388,0.508000,0.216296,-0.006259,0.476348,0.193098,True,,,,,,,,,-0.034367,0.924316,0.558365,0.020965,0.841912,0.489952,0.042318,0.001744,0.200711,0.010898,0.080716,0.081158,0.123620,-0.334460,0.031125,-0.009088,0.047360,0.037632,READY
1787024005818905041,2026-08-18T10:33:25.818928,ground_truth,0.043754,0.500000,0.216704,-0.001047,0.479003,0.196380,True,,,,,,,,,-0.039579,0.926971,0.561647,0.016154,0.848671,0.495649,0.042318,0.001744,0.200711,0.010898,0.080716,0.081158,0.123620,-0.334460,0.031125,-0.009088,0.047360,0.037632,READY
1787024005849356553,2026-08-18T10:33:25.849391,ground_truth,0.050830,0.516000,0.215887,0.004350,0.482147,0.199504,True,,,,,,,,,-0.044976,0.930116,0.564771,0.016154,0.848671,0.495649,0.042318,0.001744,0.200711,0.010898,0.080716,0.081158,0.123620,-0.334460,0.031125,-0.009088,0.047360,0.037632,READY
1787024005883685979,2026-08-18T10:33:25.883720,ground_truth,0.054711,0.500000,0.220363,0.009985,0.484909,0.202063,True,,,,,,,,,-0.050611,0.932878,0.567330,0.016154,0.848671,0.495649,0.042318,0.001744,0.200711,0.010898,0.080716,0.081158,0.123620,-0.334460,0.031125,-0.009088,0.047360,0.037632,READY
1787024005919288912,2026-08-18T10:33:25.919321,ground_truth,0.062016,0.500000,0.220363,0.015374,0.486742,0.204691,True,,,,,,,,,-0.056001,0.934710,0.569959,0.010988,0.855187,0.501196,0.042318,0.001744,0.200711,0.010898,0.080716,0.081158,0.123620,-0.334460,0.031125,-0.009088,0.047360,0.037632,READY
1787024005949648578,2026-08-18T10:33:25.949699,ground_truth,0.061554,0.524000,0.222719,0.020768,0.488815,0.207054,True,,,,,,,,,-0.061394,0.936783,0.572321,0.010988,0.855187,0.501196,0.057156,0.003051,0.061079,0.010467,0.072857,0.075477,0.133280,-0.533820,0.089640,-0.007072,0.044640,0.038016,READY
1787024005985364256,2026-08-18T10:33:25.985403,ground_truth,0.068960,0.516000,0.226786,0.025883,0.490936,0.209078,True,,,,,,,,,-0.066509,0.938905,0.574346,0.005409,0.861476,0.506678,0.057156,0.003051,0.061079,0.010467,0.072857,0.075477,0.133280,-0.533820,0.089640,-0.007072,0.044640,0.038016,READY
1787024006021327506,2026-08-18T10:33:26.021350,ground_truth,0.075618,0.539000,0.229094,0.031245,0.493921,0.211374,True,,,,,,,,,-0.071871,0.941889,0.576641,-0.000459,0.867582,0.511990,0.057156,0.003051,0.061079,0.010467,0.072857,0.075477,0.133280,-0.533820,0.089640,-0.007072,0.044640,0.038016,READY
1787024006053071187,2026-08-18T10:33:26.053114,ground_truth,0.079206,0.539000,0.232689,0.036791,0.497504,0.213866,True,,,,,,,,,-0.077417,0.945473,0.579133,-0.000459,0.867582,0.511990,0.057156,0.003051,0.061079,0.010467,0.072857,0.075477,0.133280,-0.533820,0.089640,-0.007072,0.044640,0.038016,READY
1787024006082837377,2026-08-18T10:33:26.082872,ground_truth,0.086843,0.524000,0.237197,0.042081,0.501154,0.216373,True,,,,,,,,,-0.082707,0.949123,0.581640,-0.000459,0.867582,0.511990,0.058901,0.000000,0.038826,0.010898,0.075477,0.072426,0.115220,-0.530600,0.110390,-0.009248,0.041984,0.040256,READY
1787024006118951511,2026-08-18T10:33:26.118987,ground_truth,0.089451,0.555000,0.238877,0.047639,0.504818,0.218914,True,,,,,,,,,-0.088266,0.952786,0.584181,-0.006505,0.873576,0.517111,0.073301,0.032720,0.174532,0.010898,0.072857,0.069807,0.139160,-0.278600,0.364038,-0.008480,0.042976,0.035584,READY
1787024006150535688,2026-08-18T10:33:26.150556,ground_truth,0.096860,0.547000,0.239378,0.053121,0.508057,0.221368,True,,,,,,,,,-0.093747,0.956025,0.586635,-0.006505,0.873576,0.517111,0.078534,0.037523,0.195038,0.013517,0.075477,0.064568,0.145880,-0.266560,0.360386,-0.008576,0.042080,0.035456,READY
1787024006187330686,2026-08-18T10:33:26.187357,ground_truth,0.107259,0.555000,0.238877,0.058609,0.511211,0.223611,True,,,,,,,,,-0.099235,0.959180,0.588878,-0.012771,0.879497,0.522104,0.078534,0.037523,0.195038,0.013517,0.075477,0.064568,0.145880,-0.266560,0.360386,-0.008576,0.042080,0.035456,READY
1787024006219613539,2026-08-18T10:33:26.219665,ground_truth,0.114075,0.562000,0.241996,0.064548,0.514776,0.225527,True,,,,,,,,,-0.105174,0.962744,0.590794,-0.019354,0.885428,0.526997,0.078534,0.037523,0.195038,0.013517,0.075477,0.064568,0.145880,-0.266560,0.360386,-0.008576,0.042080,0.035456,READY
1787024006254168442,2026-08-18T10:33:26.254202,ground_truth,0.125067,0.555000,0.246014,0.070452,0.518848,0.227430,True,,,,,,,,,-0.111078,0.966817,0.592698,-0.019354,0.885428,0.526997,0.078534,0.037523,0.195038,0.013517,0.075477,0.064568,0.145880,-0.266560,0.360386,-0.008576,0.042080,0.035456,READY
1787024006284171717,2026-08-18T10:33:26.284211,ground_truth,0.127871,0.570000,0.245026,0.076840,0.523450,0.229549,True,,,,,,,,,-0.117466,0.971418,0.594817,-0.019354,0.885428,0.526997,0.081592,0.040574,0.200711,0.010467,0.078096,0.061949,0.138460,-0.257180,0.341462,-0.007072,0.043584,0.034016,READY
1787024006318420043,2026-08-18T10:33:26.318453,ground_truth,0.131408,0.570000,0.248570,0.082938,0.528103,0.231465,True,,,,,,,,,-0.123565,0.976072,0.596732,-0.025947,0.891207,0.531555,0.081592,0.040574,0.200711,0.010467,0.078096,0.061949,0.138460,-0.257180,0.341462,-0.007072,0.043584,0.034016,READY
1787024006351550891,2026-08-18T10:33:26.351579,ground_truth,0.130625,0.585000,0.254594,0.088782,0.532767,0.233589,True,,,,,,,,,-0.129408,0.980736,0.598856,-0.032764,0.897106,0.535989,0.081592,0.040574,0.200711,0.010467,0.078096,0.061949,0.138460,-0.257180,0.341462,-0.007072,0.043584,0.034016,READY
1787024006383872014,2026-08-18T10:33:26.383906,ground_truth,0.142018,0.570000,0.252113,0.094102,0.537007,0.236170,True,,,,,,,,,-0.134728,0.984975,0.601437,-0.032764,0.897106,0.535989,0.081592,0.040574,0.200711,0.010467,0.078096,0.061949,0.138460,-0.257180,0.341462,-0.007072,0.043584,0.034016,READY
1787024006416011481,2026-08-18T10:33:26.416046,ground_truth,0.150828,0.599000,0.250107,0.099922,0.541588,0.238286,True,,,,,,,,,-0.140548,0.989556,0.603553,-0.032764,0.897106,0.535989,0.081592,0.040574,0.200711,0.010467,0.078096,0.061949,0.138460,-0.257180,0.341462,-0.007072,0.043584,0.034016,READY
1787024006451117313,2026-08-18T10:33:26.451155,ground_truth,0.156368,0.621000,0.248585,0.105843,0.547038,0.240269,True,,,,,,,,,-0.146469,0.995006,0.605536,-0.039593,0.902963,0.540270,0.081592,0.040574,0.200711,0.010467,0.078096,0.061949,0.138460,-0.257180,0.341462,-0.007072,0.043584,0.034016,READY
1787024006486002339,2026-08-18T10:33:26.486023,ground_truth,0.166296,0.577000,0.244565,0.112164,0.553408,0.241994,True,,,,,,,,,-0.152790,1.001376,0.607261,-0.046544,0.909006,0.544384,0.081592,0.040574,0.200711,0.010467,0.078096,0.061949,0.138460,-0.257180,0.341462,-0.007072,0.043584,0.034016,READY
1787024006518946370,2026-08-18T10:33:26.519000,ground_truth,0.176872,0.577000,0.241033,0.118653,0.559108,0.243179,True,,,,,,,,,-0.159279,1.007077,0.608446,-0.046544,0.909006,0.544384,0.081592,0.040574,0.200711,0.010467,0.078096,0.061949,0.138460,-0.257180,0.341462,-0.007072,0.043584,0.034016,READY
1787024006550299246,2026-08-18T10:33:26.550343,ground_truth,0.185076,0.562000,0.234882,0.125403,0.563075,0.243975,True,,,,,,,,,-0.166029,1.011043,0.609242,-0.046544,0.909006,0.544384,0.081592,0.040574,0.200711,0.010467,0.078096,0.061949,0.138460,-0.257180,0.341462,-0.007072,0.043584,0.034016,READY
1787024006584184561,2026-08-18T10:33:26.584221,ground_truth,0.192738,0.555000,0.231740,0.132461,0.565895,0.244121,True,,,,,,,,,-0.173087,1.013863,0.609388,-0.053562,0.915000,0.548193,0.081592,0.040574,0.200711,0.010467,0.078096,0.061949,0.138460,-0.257180,0.341462,-0.007072,0.043584,0.034016,READY
1787024006619276892,2026-08-18T10:33:26.619294,ground_truth,0.196955,0.547000,0.232214,0.139521,0.567686,0.243757,True,,,,,,,,,-0.180147,1.015654,0.609024,-0.060830,0.920778,0.551686,0.091190,0.061958,0.198964,0.013517,0.072857,0.005228,0.142520,-0.251720,0.341462,-0.009312,0.045536,0.026880,READY
1787024006651817118,2026-08-18T10:33:26.651856,ground_truth,0.199861,0.555000,0.228172,0.146688,0.568897,0.243313,True,,,,,,,,,-0.187314,1.016866,0.608580,-0.060830,0.920778,0.551686,0.111261,0.070243,0.200711,0.008289,0.080716,0.081158,0.151200,-0.283920,0.335154,-0.007584,-0.053504,-0.039296,READY
1787024006686971194,2026-08-18T10:33:26.686988,ground_truth,0.206985,0.555000,0.228172,0.153554,0.569566,0.242566,True,,,,,,,,,-0.194181,1.017535,0.607833,-0.068512,0.926353,0.554920,0.111261,0.070243,0.200711,0.008289,0.080716,0.081158,0.151200,-0.283920,0.335154,-0.007584,-0.053504,-0.039296,READY
1787024006718875170,2026-08-18T10:33:26.718910,ground_truth,0.215550,0.539000,0.225499,0.160203,0.569700,0.241852,True,,,,,,,,,-0.200829,1.017668,0.607119,-0.068512,0.926353,0.554920,0.111261,0.070243,0.200711,0.008289,0.080716,0.081158,0.151200,-0.283920,0.335154,-0.007584,-0.053504,-0.039296,READY
1787024006752173601,2026-08-18T10:33:26.752188,ground_truth,0.221249,0.516000,0.223153,0.166968,0.569727,0.240752,True,,,,,,,,,-0.207594,1.017695,0.606020,-0.076518,0.931611,0.557862,0.111261,0.070243,0.200711,0.008289,0.080716,0.081158,0.151200,-0.283920,0.335154,-0.007584,-0.053504,-0.039296,READY
1787024006784995747,2026-08-18T10:33:26.785028,ground_truth,0.222726,0.539000,0.218309,0.173380,0.568879,0.239228,True,,,,,,,,,-0.214006,1.016847,0.604496,-0.076518,0.931611,0.557862,0.111261,0.070243,0.200711,0.008289,0.080716,0.081158,0.151200,-0.283920,0.335154,-0.007584,-0.053504,-0.039296,READY
1787024006818391155,2026-08-18T10:33:26.818404,ground_truth,0.229902,0.539000,0.214714,0.179703,0.567482,0.237447,True,,,,,,,,,-0.220330,1.015451,0.602714,-0.084854,0.936471,0.560462,0.114319,0.070243,0.198964,0.010898,0.080716,0.078538,0.147560,-0.285180,0.343371,-0.009856,-0.050496,-0.042752,READY
1787024006852057407,2026-08-18T10:33:26.852103,ground_truth,0.231353,0.524000,0.211860,0.186270,0.565550,0.235190,True,,,,,,,,,-0.226896,1.013518,0.600457,-0.084854,0.936471,0.560462,0.123917,0.073301,0.200711,0.010898,0.080716,0.080716,0.143220,-0.301840,0.341628,-0.010144,-0.051104,-0.040352,READY
1787024006887566855,2026-08-18T10:33:26.887587,ground_truth,0.234965,0.524000,0.208240,0.192985,0.563510,0.232341,True,,,,,,,,,-0.233611,1.011478,0.597608,-0.093555,0.940857,0.562634,0.125661,0.075483,0.198964,0.010467,0.080716,0.078096,0.149380,-0.314020,0.345280,-0.013920,-0.048480,-0.040704,READY
1787024006917353323,2026-08-18T10:33:26.917383,ground_truth,0.235477,0.555000,0.199624,0.199181,0.560649,0.229416,True,,,,,,,,,-0.239808,1.008617,0.594684,-0.093555,0.940857,0.562634,0.126099,0.073301,0.198964,0.010898,0.080716,0.078096,0.157780,-0.285460,0.349098,-0.010304,-0.047872,-0.040960,READY
1787024006953302110,2026-08-18T10:33:26.953316,ground_truth,0.242601,0.555000,0.188919,0.204825,0.556823,0.226051,True,,,,,,,,,-0.245451,1.004792,0.591318,-0.102637,0.944680,0.564350,0.127406,0.076790,0.198964,0.010467,0.081158,0.080716,0.155820,-0.295400,0.356485,-0.012704,-0.047360,-0.037408,READY
1787024006988918509,2026-08-18T10:33:26.988941,ground_truth,0.245428,0.562000,0.185086,0.210574,0.553711,0.222073,True,,,,,,,,,-0.251200,1.001680,0.587340,-0.102637,0.944680,0.564350,0.127406,0.078534,0.200711,0.008289,0.078538,0.080716,0.144340,-0.284760,0.352999,-0.010816,-0.054208,-0.040416,READY
1787024007017044747,2026-08-18T10:33:27.017075,ground_truth,0.247378,0.577000,0.177454,0.215849,0.550742,0.218108,True,,,,,,,,,-0.256475,0.998711,0.583375,-0.102637,0.944680,0.564350,0.130895,0.086825,0.200711,0.008289,0.080716,0.080716,0.157080,-0.288260,0.330672,-0.011808,-0.046656,-0.041408,READY
1787024007051506492,2026-08-18T10:33:27.051552,ground_truth,0.244588,0.570000,0.177696,0.220550,0.549348,0.213869,True,,,,,,,,,-0.261176,0.997317,0.579136,-0.112015,0.947974,0.565509,0.137004,0.093372,0.200711,0.008289,0.081158,0.080716,0.173880,-0.243600,0.332166,-0.008960,-0.047488,-0.036800,READY
1787024007085118760,2026-08-18T10:33:27.085134,ground_truth,0.248125,0.570000,0.170608,0.224517,0.548696,0.210057,True,,,,,,,,,-0.265143,0.996665,0.575324,-0.121536,0.951002,0.566120,0.140492,0.106028,0.198964,0.010467,0.078096,0.078096,0.178780,-0.251020,0.337063,-0.009696,-0.051776,-0.041184,READY
1787024007122005764,2026-08-18T10:33:27.122078,ground_truth,0.248978,0.562000,0.167301,0.228209,0.548993,0.205981,True,,,,,,,,,-0.268836,0.996961,0.571249,-0.121536,0.951002,0.566120,0.146601,0.114319,0.198964,0.010898,0.080716,0.080716,0.148400,-0.250740,0.339968,-0.007744,-0.051776,-0.040704,READY
1787024007154074664,2026-08-18T10:33:27.154099,ground_truth,0.252176,0.532000,0.168187,0.231678,0.549852,0.201654,True,,,,,,,,,-0.272304,0.997820,0.566921,-0.131091,0.953969,0.566170,0.153586,0.130895,0.191112,0.013517,0.078096,0.078096,0.177940,-0.255080,0.332249,-0.009024,-0.047040,-0.037248,READY
1787024007184521653,2026-08-18T10:33:27.184537,ground_truth,0.252176,0.532000,0.164581,0.235165,0.550397,0.197655,True,,,,,,,,,-0.275792,0.998365,0.562922,-0.131091,0.953969,0.566170,0.158388,0.143988,0.183692,0.013517,0.070249,0.072857,0.190540,-0.246680,0.338225,-0.010976,-0.048320,-0.036416,READY
1787024007219812545,2026-08-18T10:33:27.219829,ground_truth,0.254735,0.508000,0.165250,0.238178,0.549279,0.193415,True,,,,,,,,,-0.278804,0.997248,0.558683,-0.140665,0.956774,0.565685,0.164928,0.151841,0.178019,0.013517,0.070249,0.070249,0.173880,-0.250740,0.335320,-0.012928,-0.049376,-0.038016,READY
1787024007256554891,2026-08-18T10:33:27.256585,ground_truth,0.253029,0.524000,0.161184,0.240790,0.547829,0.189399,True,,,,,,,,,-0.281417,0.995798,0.554666,-0.140665,0.956774,0.565685,0.170168,0.163184,0.178458,0.016579,0.070249,0.070249,0.187180,-0.231560,0.328099,-0.011744,-0.046816,-0.038400,READY
1787024007286449599,2026-08-18T10:33:27.286464,ground_truth,0.257294,0.484000,0.162233,0.242909,0.546739,0.185267,True,,,,,,,,,-0.283535,0.994708,0.550535,-0.150359,0.959348,0.564657,0.176277,0.169730,0.176710,0.016137,0.070249,0.070249,0.175140,-0.258720,0.337727,-0.018048,-0.044032,-0.040032,READY
1787024007320576349,2026-08-18T10:33:27.320610,ground_truth,0.258147,0.476000,0.162443,0.245214,0.544868,0.181529,True,,,,,,,,,-0.285840,0.992836,0.546796,-0.150359,0.959348,0.564657,0.178022,0.166673,0.174963,0.016137,0.070249,0.067188,0.197120,-0.274540,0.337063,-0.016544,-0.047360,-0.037856,READY
1787024007352389231,2026-08-18T10:33:27.352402,ground_truth,0.259000,0.468000,0.158941,0.247097,0.541560,0.178044,True,,,,,,,,,-0.287723,0.989529,0.543312,-0.159953,0.961455,0.563166,0.184568,0.158388,0.174963,0.013517,0.069807,0.069807,0.177940,-0.307440,0.356983,-0.018144,-0.047488,-0.037024,READY
1787024007385413876,2026-08-18T10:33:27.385455,ground_truth,0.260812,0.451000,0.159359,0.248940,0.537539,0.174516,True,,,,,,,,,-0.289566,0.985507,0.539784,-0.159953,0.961455,0.563166,0.187619,0.146601,0.180205,0.013517,0.072857,0.072426,0.163240,-0.302540,0.354244,-0.020160,-0.046080,-0.042144,READY
1787024007420754495,2026-08-18T10:33:27.420769,ground_truth,0.262624,0.434000,0.152240,0.250663,0.533748,0.171258,True,,,,,,,,,-0.291289,0.981716,0.536525,-0.169645,0.962951,0.561200,0.189364,0.142243,0.184131,0.010898,0.072426,0.072857,0.166460,-0.313600,0.356651,-0.016640,-0.046304,-0.039904,READY
1787024007455799763,2026-08-18T10:33:27.455840,ground_truth,0.265411,0.443000,0.140788,0.252473,0.529096,0.168099,True,,,,,,,,,-0.293099,0.977065,0.533366,-0.169645,0.962951,0.561200,0.189802,0.130457,0.195477,0.010467,0.078096,0.078096,0.184660,-0.332500,0.342541,-0.015584,-0.053664,-0.039520,READY
1787024007485614143,2026-08-18T10:33:27.485629,ground_truth,0.263679,0.459000,0.136800,0.253993,0.522193,0.164890,True,,,,,,,,,-0.294620,0.970161,0.530157,-0.179337,0.963510,0.558793,0.191108,0.126099,0.197216,0.010898,0.078096,0.081158,0.168280,-0.359520,0.355904,-0.016256,-0.049312,-0.038752,READY
1787024007519743410,2026-08-18T10:33:27.519780,ground_truth,0.266386,0.434000,0.140935,0.255210,0.514839,0.161671,True,,,,,,,,,-0.295836,0.962807,0.526938,-0.179337,0.963510,0.558793,0.188057,0.114319,0.196785,0.008289,0.080716,0.081158,0.181580,-0.349580,0.350260,-0.014144,-0.048320,-0.039968,READY
1787024007555980985,2026-08-18T10:33:27.555999,ground_truth,0.266386,0.434000,0.140935,0.256477,0.507021,0.159236,True,,,,,,,,,-0.297104,0.954989,0.524504,-0.189006,0.962810,0.555978,0.184568,0.102532,0.198964,0.008289,0.078096,0.081158,0.146580,-0.332500,0.361465,-0.017312,-0.051328,-0.039200,READY
1787024007586305818,2026-08-18T10:33:27.586330,ground_truth,0.265411,0.443000,0.137034,0.257930,0.498204,0.156786,True,,,,,,,,,-0.298557,0.946173,0.522053,-0.189006,0.962810,0.555978,0.179766,0.101663,0.200711,0.007847,0.080716,0.080716,0.164500,-0.338520,0.345446,-0.014528,-0.051104,-0.039968,READY
1787024007620318653,2026-08-18T10:33:27.620334,ground_truth,0.266386,0.434000,0.137166,0.259083,0.489188,0.154547,True,,,,,,,,,-0.299709,0.937156,0.519815,-0.198295,0.960658,0.552943,0.173219,0.096423,0.198525,0.010898,0.080716,0.081158,0.160160,-0.306180,0.356236,-0.015584,-0.046976,-0.042144,READY
1787024007653779457,2026-08-18T10:33:27.653855,ground_truth,0.266386,0.434000,0.137166,0.260243,0.480131,0.152538,True,,,,,,,,,-0.300870,0.928099,0.517806,-0.198295,0.960658,0.552943,0.170168,0.096423,0.198525,0.010898,0.078096,0.080716,0.164220,-0.318360,0.352169,-0.017152,-0.049984,-0.040032,READY
1787024007686411554,2026-08-18T10:33:27.686427,ground_truth,0.264545,0.451000,0.136917,0.261191,0.471493,0.150470,True,,,,,,,,,-0.301817,0.919461,0.515737,-0.206992,0.957197,0.549817,0.163621,0.098174,0.200711,0.010898,0.081158,0.078538,0.130480,-0.319200,0.357979,-0.015040,-0.050880,-0.040416,READY
1787024007722760480,2026-08-18T10:33:27.722788,ground_truth,0.266386,0.434000,0.137166,0.262015,0.464539,0.148626,True,,,,,,,,,-0.302642,0.912507,0.513893,-0.206992,0.957197,0.549817,0.160133,0.098174,0.198525,0.008289,0.083335,0.078096,0.147840,-0.342860,0.358726,-0.013824,-0.046080,-0.039904,READY
1787024007755882162,2026-08-18T10:33:27.755897,ground_truth,0.263679,0.459000,0.136800,0.262792,0.457921,0.146754,True,,,,,,,,,-0.303418,0.905889,0.512021,-0.215502,0.952669,0.546482,0.160133,0.098174,0.198525,0.008289,0.083335,0.078096,0.147840,-0.342860,0.358726,-0.013824,-0.046080,-0.039904,READY
1787024007788899409,2026-08-18T10:33:27.788944,ground_truth,0.265411,0.443000,0.144541,0.263502,0.452704,0.145128,True,,,,,,,,,-0.304128,0.900673,0.510395,-0.215502,0.952669,0.546482,0.160133,0.098174,0.198525,0.008289,0.083335,0.078096,0.147840,-0.342860,0.358726,-0.013824,-0.046080,-0.039904,READY
1787024007820941898,2026-08-18T10:33:27.820959,ground_truth,0.264545,0.451000,0.144398,0.264043,0.448194,0.143949,True,,,,,,,,,-0.304669,0.896163,0.509216,-0.223423,0.947649,0.543171,0.160133,0.098174,0.198525,0.008289,0.083335,0.078096,0.147840,-0.342860,0.358726,-0.013824,-0.046080,-0.039904,READY
1787024007856211200,2026-08-18T10:33:27.856244,ground_truth,0.265411,0.443000,0.144541,0.264470,0.445532,0.142746,True,,,,,,,,,-0.305096,0.893501,0.508013,-0.223423,0.947649,0.543171,0.160133,0.098174,0.198525,0.008289,0.083335,0.078096,0.147840,-0.342860,0.358726,-0.013824,-0.046080,-0.039904,READY
1787024007887986975,2026-08-18T10:33:27.888025,ground_truth,0.266386,0.434000,0.144703,0.264897,0.443240,0.141786,True,,,,,,,,,-0.305523,0.891208,0.507053,-0.231041,0.942412,0.539820,0.153586,0.099481,0.198964,0.008289,0.081158,0.081158,0.157080,-0.332920,0.355738,-0.018144,-0.052160,-0.041536,READY
1787024007922071878,2026-08-18T10:33:27.922106,ground_truth,0.267252,0.426000,0.144847,0.265269,0.441448,0.140809,True,,,,,,,,,-0.305895,0.889416,0.506076,-0.231041,0.942412,0.539820,0.153586,0.099481,0.198964,0.008289,0.078096,0.080716,0.170100,-0.340620,0.347521,-0.011648,-0.050720,-0.037856,READY
1787024007954197531,2026-08-18T10:33:27.954211,ground_truth,0.272015,0.417000,0.137416,0.265577,0.440183,0.140316,True,,,,,,,,,-0.306204,0.888151,0.505583,-0.238813,0.936801,0.536279,0.153586,0.099481,0.198964,0.008289,0.078096,0.080716,0.170100,-0.340620,0.347521,-0.011648,-0.050720,-0.037856,READY
1787024007986197901,2026-08-18T10:33:27.986233,ground_truth,0.272895,0.409000,0.137533,0.266017,0.439023,0.140091,True,,,,,,,,,-0.306644,0.886992,0.505358,-0.238813,0.936801,0.536279,0.153586,0.099481,0.198964,0.008289,0.078096,0.080716,0.170100,-0.340620,0.347521,-0.011648,-0.050720,-0.037856,READY
1787024008021110884,2026-08-18T10:33:28.021126,ground_truth,0.277701,0.400000,0.133840,0.266632,0.437405,0.140140,True,,,,,,,,,-0.307258,0.885373,0.505407,-0.246297,0.931178,0.532904,0.153586,0.099481,0.198964,0.008289,0.078096,0.080716,0.170100,-0.340620,0.347521,-0.011648,-0.050720,-0.037856,READY
1787024008057550093,2026-08-18T10:33:28.057582,ground_truth,0.277701,0.400000,0.133840,0.267386,0.435268,0.139667,True,,,,,,,,,-0.308013,0.883236,0.504934,-0.246297,0.931178,0.532904,0.153586,0.099481,0.198964,0.008289,0.078096,0.080716,0.170100,-0.340620,0.347521,-0.011648,-0.050720,-0.037856,READY
1787024008086836469,2026-08-18T10:33:28.086853,ground_truth,0.278705,0.391000,0.130118,0.268141,0.433027,0.139194,True,,,,,,,,,-0.308767,0.880995,0.504461,-0.253530,0.925368,0.529611,0.153586,0.098174,0.200711,0.010467,0.080716,0.078096,0.151480,-0.332920,0.353829,-0.015872,-0.046656,-0.041408,READY
1787024008119511172,2026-08-18T10:33:28.119546,ground_truth,0.279709,0.382000,0.126366,0.269027,0.430765,0.138733,True,,,,,,,,,-0.309653,0.878734,0.504000,-0.253530,0.925368,0.529611,0.150528,0.068498,0.200711,0.007847,0.078538,0.080716,0.158900,-0.377160,0.354078,-0.014816,-0.053152,-0.040704,READY
1787024008152456577,2026-08-18T10:33:28.152472,ground_truth,0.280713,0.373000,0.130323,0.269915,0.428020,0.138013,True,,,,,,,,,-0.310541,0.875988,0.503280,-0.260680,0.919175,0.526309,0.150097,0.055849,0.201142,0.010467,0.080716,0.078096,0.147140,-0.389900,0.367275,-0.016096,-0.046880,-0.042368,READY
1787024008190145143,2026-08-18T10:33:28.190156,ground_truth,0.278705,0.391000,0.130118,0.270870,0.424697,0.137557,True,,,,,,,,,-0.311497,0.872666,0.502824,-0.260680,0.919175,0.526309,0.147039,0.042756,0.202458,0.010467,0.081158,0.081158,0.158060,-0.421260,0.359390,-0.017760,-0.045920,-0.038464,READY
1787024008224069223,2026-08-18T10:33:28.224107,ground_truth,0.278705,0.391000,0.130118,0.271814,0.421260,0.137103,True,,,,,,,,,-0.312441,0.869228,0.502371,-0.267571,0.912526,0.523122,0.147039,0.042756,0.202458,0.010467,0.081158,0.081158,0.158060,-0.421260,0.359390,-0.017760,-0.045920,-0.038464,READY
1787024008254649919,2026-08-18T10:33:28.254685,ground_truth,0.281518,0.400000,0.130016,0.272636,0.418279,0.136633,True,,,,,,,,,-0.313262,0.866247,0.501901,-0.267571,0.912526,0.523122,0.147039,0.042756,0.202458,0.010467,0.081158,0.081158,0.158060,-0.421260,0.359390,-0.017760,-0.045920,-0.038464,READY
1787024008286327956,2026-08-18T10:33:28.286339,ground_truth,0.281518,0.400000,0.133840,0.273825,0.414482,0.136181,True,,,,,,,,,-0.314451,0.862451,0.501448,-0.274041,0.905614,0.520131,0.147039,0.042756,0.202458,0.010467,0.081158,0.081158,0.158060,-0.421260,0.359390,-0.017760,-0.045920,-0.038464,READY
1787024008321000653,2026-08-18T10:33:28.321034,ground_truth,0.283556,0.382000,0.134075,0.274899,0.411430,0.135468,True,,,,,,,,,-0.315525,0.859398,0.500735,-0.274041,0.905614,0.520131,0.147039,0.042756,0.202458,0.010467,0.081158,0.081158,0.158060,-0.421260,0.359390,-0.017760,-0.045920,-0.038464,READY
1787024008354416707,2026-08-18T10:33:28.354458,ground_truth,0.283556,0.382000,0.134075,0.276166,0.408099,0.134780,True,,,,,,,,,-0.316792,0.856068,0.500047,-0.280255,0.898412,0.517211,0.138748,0.017889,0.200711,0.008289,0.083766,0.081158,0.131040,-0.760340,0.369848,-0.018048,-0.048704,-0.038240,READY
1787024008390756394,2026-08-18T10:33:28.390782,ground_truth,0.284575,0.373000,0.134192,0.277376,0.404180,0.134082,True,,,,,,,,,-0.318002,0.852148,0.499349,-0.280255,0.898412,0.517211,0.138748,0.017889,0.200711,0.008289,0.083766,0.081158,0.131040,-0.760340,0.369848,-0.018048,-0.048704,-0.038240,READY
1787024008423390443,2026-08-18T10:33:28.423405,ground_truth,0.283556,0.382000,0.134075,0.278588,0.400143,0.133381,True,,,,,,,,,-0.319215,0.848111,0.498648,-0.286218,0.890713,0.514370,0.138748,0.017889,0.200711,0.008289,0.083766,0.081158,0.131040,-0.760340,0.369848,-0.018048,-0.048704,-0.038240,READY
1787024008456240626,2026-08-18T10:33:28.456304,ground_truth,0.285335,0.400000,0.133840,0.279675,0.396562,0.132663,True,,,,,,,,,-0.320302,0.844530,0.497930,-0.286218,0.890713,0.514370,0.138748,0.017889,0.200711,0.008289,0.083766,0.081158,0.131040,-0.760340,0.369848,-0.018048,-0.048704,-0.038240,READY
1787024008493493946,2026-08-18T10:33:28.493531,ground_truth,0.285335,0.400000,0.133840,0.280563,0.393499,0.132425,True,,,,,,,,,-0.321190,0.841467,0.497692,-0.291957,0.882632,0.511633,0.138748,0.017889,0.200711,0.008289,0.083766,0.081158,0.131040,-0.760340,0.369848,-0.018048,-0.048704,-0.038240,READY
1787024008522121263,2026-08-18T10:33:28.522163,ground_truth,0.286369,0.391000,0.133958,0.281393,0.391980,0.132178,True,,,,,,,,,-0.322019,0.839948,0.497446,-0.291957,0.882632,0.511633,0.138748,0.017889,0.200711,0.008289,0.083766,0.081158,0.131040,-0.760340,0.369848,-0.018048,-0.048704,-0.038240,READY
1787024008554804787,2026-08-18T10:33:28.554820,ground_truth,0.287403,0.382000,0.134075,0.281970,0.391196,0.132186,True,,,,,,,,,-0.322597,0.839164,0.497454,-0.297341,0.874994,0.509141,0.137004,0.026174,0.198964,0.008289,0.080716,0.081158,0.150640,-0.759780,0.377069,-0.018496,-0.048032,-0.038400,READY
1787024008588696691,2026-08-18T10:33:28.588793,ground_truth,0.283556,0.382000,0.134075,0.282617,0.390559,0.132202,True,,,,,,,,,-0.323244,0.838528,0.497469,-0.297341,0.874994,0.509141,0.127406,0.060645,0.200711,0.008289,0.081158,0.081158,0.154000,-0.743260,0.359722,-0.013472,-0.048864,-0.040192,READY
1787024008623183384,2026-08-18T10:33:28.623218,ground_truth,0.283556,0.382000,0.134075,0.282941,0.389472,0.132466,True,,,,,,,,,-0.323567,0.837440,0.497733,-0.302885,0.867056,0.506730,0.127406,0.060645,0.196785,0.010898,0.081158,0.080716,0.160860,-0.744800,0.365366,-0.017088,-0.047360,-0.040480,READY
1787024008654571434,2026-08-18T10:33:28.654599,ground_truth,0.286369,0.391000,0.133958,0.283197,0.388774,0.132980,True,,,,,,,,,-0.323823,0.836743,0.498247,-0.302885,0.867056,0.506730,0.127406,0.058463,0.193291,0.008289,0.083335,0.081158,0.139440,-0.742700,0.334075,-0.012640,-0.046080,-0.037856,READY
1787024008693400813,2026-08-18T10:33:28.693426,ground_truth,0.286369,0.391000,0.133958,0.283574,0.388635,0.133222,True,,,,,,,,,-0.324201,0.836603,0.498489,-0.308477,0.859067,0.504568,0.127406,0.058463,0.193291,0.008289,0.083335,0.081158,0.139440,-0.742700,0.334075,-0.012640,-0.046080,-0.037856,READY
1787024008723728168,2026-08-18T10:33:28.723789,ground_truth,0.286369,0.391000,0.133958,0.284085,0.389087,0.133478,True,,,,,,,,,-0.324711,0.837055,0.498745,-0.308477,0.859067,0.504568,0.127406,0.058463,0.193291,0.008289,0.083335,0.081158,0.139440,-0.742700,0.334075,-0.012640,-0.046080,-0.037856,READY
1787024008761082203,2026-08-18T10:33:28.761126,ground_truth,0.287403,0.382000,0.134075,0.284596,0.389177,0.133734,True,,,,,,,,,-0.325222,0.837146,0.499001,-0.314405,0.851306,0.502597,0.127406,0.058463,0.193291,0.008289,0.083335,0.081158,0.139440,-0.742700,0.334075,-0.012640,-0.046080,-0.037856,READY
1787024008789147398,2026-08-18T10:33:28.789177,ground_truth,0.282537,0.391000,0.133958,0.284988,0.389195,0.134004,True,,,,,,,,,-0.325615,0.837164,0.499272,-0.314405,0.851306,0.502597,0.127406,0.058463,0.193291,0.008289,0.083335,0.081158,0.139440,-0.742700,0.334075,-0.012640,-0.046080,-0.037856,READY
1787024008821491479,2026-08-18T10:33:28.821535,ground_truth,0.283556,0.382000,0.134075,0.285056,0.388719,0.134012,True,,,,,,,,,-0.325683,0.836688,0.499279,-0.319977,0.844083,0.500958,0.124354,0.070243,0.035339,0.005228,0.075477,0.080716,0.121520,-0.719180,0.063329,-0.012480,-0.045920,-0.039808,READY
1787024008858918074,2026-08-18T10:33:28.858963,ground_truth,0.283556,0.382000,0.137929,0.285056,0.387664,0.134012,True,,,,,,,,,-0.325683,0.835632,0.499279,-0.319977,0.844083,0.500958,0.120859,0.075045,0.106025,0.007847,0.067188,0.081158,0.117740,-0.728420,0.029299,-0.012928,-0.041024,-0.036736,READY
1787024008888611830,2026-08-18T10:33:28.888629,ground_truth,0.280499,0.409000,0.137533,0.285056,0.387453,0.134269,True,,,,,,,,,-0.325683,0.835421,0.499536,-0.323791,0.838404,0.499986,0.119114,0.079847,0.130025,0.005228,0.061949,0.078538,0.136640,-0.717640,0.023240,-0.010464,-0.044800,-0.037184,READY
1787024008922002655,2026-08-18T10:33:28.922040,ground_truth,0.276650,0.443000,0.140788,0.284785,0.387411,0.134492,True,,,,,,,,,-0.325411,0.835379,0.499759,-0.323791,0.838404,0.499986,0.119114,0.079847,0.130025,0.005228,0.061949,0.078538,0.136640,-0.717640,0.023240,-0.010464,-0.044800,-0.037184,READY
1787024008953511487,2026-08-18T10:33:28.953538,ground_truth,0.277669,0.434000,0.140935,0.284324,0.388842,0.134939,True,,,,,,,,,-0.324951,0.836811,0.500207,-0.326563,0.834382,0.499696,0.119114,0.079847,0.130025,0.005228,0.061949,0.078538,0.136640,-0.717640,0.023240,-0.010464,-0.044800,-0.037184,READY
1787024008989746380,2026-08-18T10:33:28.989822,ground_truth,0.272914,0.476000,0.143948,0.283813,0.391902,0.135412,True,,,,,,,,,-0.324439,0.839870,0.500680,-0.326563,0.834382,0.499696,0.119114,0.079847,0.130025,0.005228,0.061949,0.078538,0.136640,-0.717640,0.023240,-0.010464,-0.044800,-0.037184,READY
1787024009022265541,2026-08-18T10:33:29.022284,ground_truth,0.272008,0.484000,0.143804,0.282985,0.394807,0.136086,True,,,,,,,,,-0.323611,0.842775,0.501353,-0.323611,0.842775,0.501353,0.119114,0.079847,0.130025,0.005228,0.061949,0.078538,0.136640,-0.717640,0.023240,-0.010464,-0.044800,-0.037184,READY
1787024009057289276,2026-08-18T10:33:29.057326,ground_truth,0.264760,0.516000,0.150495,0.282028,0.399441,0.136743,True,,,,,,,,,-0.322654,0.847410,0.502010,-0.323611,0.842775,0.501353,0.119114,0.079847,0.130025,0.005228,0.061949,0.078538,0.136640,-0.717640,0.023240,-0.010464,-0.044800,-0.037184,READY
1787024009091188260,2026-08-18T10:33:29.091227,ground_truth,0.266545,0.500000,0.150836,0.280518,0.405328,0.137837,True,,,,,,,,,-0.321144,0.853297,0.503105,-0.323112,0.844904,0.501708,0.119114,0.079847,0.130025,0.005228,0.061949,0.078538,0.136640,-0.717640,0.023240,-0.010464,-0.044800,-0.037184,READY
1787024009120675053,2026-08-18T10:33:29.120713,ground_truth,0.263772,0.492000,0.154678,0.279384,0.412799,0.138955,True,,,,,,,,,-0.320010,0.860767,0.504222,-0.323112,0.844904,0.501708,0.119114,0.081592,0.146606,0.008289,0.056721,0.078096,0.123060,-0.722260,0.021746,-0.011264,-0.046304,-0.037408,READY
1787024009158575401,2026-08-18T10:33:29.158600,ground_truth,0.260972,0.484000,0.158548,0.278065,0.420586,0.140328,True,,,,,,,,,-0.318691,0.868555,0.505596,-0.322075,0.849112,0.502570,0.110823,0.098174,0.198964,0.007847,0.053659,0.080716,0.146860,-0.726600,0.032204,-0.013824,0.056320,-0.041472,READY
1787024009188975954,2026-08-18T10:33:29.189007,ground_truth,0.253882,0.516000,0.161394,0.276372,0.428011,0.141968,True,,,,,,,,,-0.316998,0.875979,0.507235,-0.322075,0.849112,0.502570,0.112568,0.098174,0.198964,0.007847,0.065010,0.080716,0.129500,-0.733460,0.031540,-0.012544,0.052544,-0.039360,READY
1787024009224418986,2026-08-18T10:33:29.224460,ground_truth,0.249416,0.524000,0.164804,0.274206,0.434882,0.143797,True,,,,,,,,,-0.314832,0.882851,0.509064,-0.320595,0.855517,0.503857,0.113006,0.099481,0.198964,0.007847,0.075477,0.080716,0.139440,-0.757260,0.033781,-0.013088,0.055936,-0.039296,READY
1787024009259067867,2026-08-18T10:33:29.259099,ground_truth,0.246258,0.484000,0.173291,0.271743,0.442923,0.145853,True,,,,,,,,,-0.312369,0.890892,0.511120,-0.320595,0.855517,0.503857,0.111261,0.099919,0.198964,0.007847,0.083335,0.081158,0.152180,-0.742700,0.040587,-0.014368,0.058496,-0.041184,READY
1787024009287751669,2026-08-18T10:33:29.287788,ground_truth,0.243004,0.516000,0.175925,0.269000,0.451198,0.148468,True,,,,,,,,,-0.309626,0.899166,0.513735,-0.318546,0.863846,0.505687,0.114319,0.099481,0.198964,0.005670,0.091624,0.080716,0.121520,-0.744520,0.031291,-0.011200,0.054208,-0.038848,READY
1787024009323726771,2026-08-18T10:33:29.323775,ground_truth,0.240178,0.508000,0.179834,0.266364,0.459520,0.151265,True,,,,,,,,,-0.306990,0.907488,0.516533,-0.318546,0.863846,0.505687,0.112568,0.099919,0.198964,0.007847,0.089005,0.081158,0.149100,-0.721000,0.042496,-0.012256,0.052928,-0.036352,READY
1787024009356654613,2026-08-18T10:33:29.356681,ground_truth,0.239687,0.476000,0.184637,0.263472,0.467904,0.154316,True,,,,,,,,,-0.304099,0.915872,0.519583,-0.315959,0.873161,0.508176,0.114319,0.096423,0.198964,0.008289,0.089005,0.080716,0.133280,-0.713860,0.040089,-0.014144,0.055264,-0.039200,READY
1787024009387214376,2026-08-18T10:33:29.387286,ground_truth,0.230782,0.492000,0.187731,0.260548,0.476301,0.157430,True,,,,,,,,,-0.301174,0.924269,0.522697,-0.315959,0.873161,0.508176,0.114319,0.094679,0.200711,0.007847,0.086386,0.080716,0.115500,-0.704620,0.036686,-0.014752,0.057280,-0.040192,READY
1787024009420302460,2026-08-18T10:33:29.420330,ground_truth,0.227864,0.484000,0.188034,0.257233,0.483847,0.160777,True,,,,,,,,,-0.297860,0.931815,0.526044,-0.313112,0.882388,0.510986,0.109517,0.089445,0.200711,0.007847,0.081158,0.078096,0.118300,-0.673540,0.045069,-0.014208,0.053216,-0.037632,READY
1787024009452992958,2026-08-18T10:33:29.453007,ground_truth,0.224920,0.476000,0.188336,0.253981,0.489356,0.163926,True,,,,,,,,,-0.294607,0.937325,0.529193,-0.313112,0.882388,0.510986,0.101225,0.081592,0.196785,0.007847,0.081158,0.078538,0.128940,-0.681940,0.054697,-0.017760,0.053600,-0.041536,READY
1787024009490839261,2026-08-18T10:33:29.490874,ground_truth,0.219786,0.492000,0.187731,0.250464,0.493125,0.167086,True,,,,,,,,,-0.291091,0.941093,0.532354,-0.309781,0.891269,0.514219,0.101225,0.081592,0.196785,0.007847,0.081158,0.078538,0.128940,-0.681940,0.054697,-0.017760,0.053600,-0.041536,READY
1787024009525233189,2026-08-18T10:33:29.525276,ground_truth,0.221252,0.434000,0.189923,0.246922,0.496065,0.170005,True,,,,,,,,,-0.287549,0.944033,0.535272,-0.309781,0.891269,0.514219,0.101225,0.081592,0.196785,0.007847,0.081158,0.078538,0.128940,-0.681940,0.054697,-0.017760,0.053600,-0.041536,READY
1787024009555065547,2026-08-18T10:33:29.555091,ground_truth,0.211760,0.500000,0.187429,0.243539,0.496653,0.173080,True,,,,,,,,,-0.284165,0.944621,0.538347,-0.305741,0.899683,0.518024,0.101225,0.081592,0.196785,0.007847,0.081158,0.078538,0.128940,-0.681940,0.054697,-0.017760,0.053600,-0.041536,READY
1787024009593646401,2026-08-18T10:33:29.593687,ground_truth,0.214539,0.468000,0.188638,0.240005,0.497197,0.175542,True,,,,,,,,,-0.280632,0.945166,0.540809,-0.305741,0.899683,0.518024,0.094679,0.073301,0.191543,0.005228,0.080716,0.080716,0.088340,-0.672280,0.050962,-0.014144,0.054112,-0.037696,READY
1787024009623145252,2026-08-18T10:33:29.623191,ground_truth,0.207426,0.508000,0.187127,0.236538,0.495599,0.178062,True,,,,,,,,,-0.277164,0.943568,0.543329,-0.300845,0.907201,0.522359,0.017889,0.004796,0.096865,0.002609,0.080716,0.081158,0.039060,-0.395500,0.087067,-0.016160,0.046656,-0.037792,READY
1787024009655601684,2026-08-18T10:33:29.655674,ground_truth,0.203423,0.468000,0.188638,0.232782,0.495280,0.180225,True,,,,,,,,,-0.273408,0.943248,0.545493,-0.300845,0.907201,0.522359,0.006540,0.021378,0.078098,0.000000,0.075477,0.080716,0.023240,-0.354900,0.093956,-0.019264,0.048704,-0.038016,READY
1787024009688349767,2026-08-18T10:33:29.688366,ground_truth,0.201458,0.492000,0.187731,0.228945,0.493936,0.182232,True,,,,,,,,,-0.269572,0.941904,0.547499,-0.294958,0.913734,0.527091,0.006540,0.021378,0.078098,0.000000,0.075477,0.080716,0.023240,-0.354900,0.093956,-0.019264,0.048704,-0.038016,READY
1787024009721433281,2026-08-18T10:33:29.721456,ground_truth,0.199077,0.476000,0.188336,0.225450,0.493667,0.183987,True,,,,,,,,,-0.266077,0.941636,0.549255,-0.294958,0.913734,0.527091,0.006540,0.021378,0.078098,0.000000,0.075477,0.080716,0.023240,-0.354900,0.093956,-0.019264,0.048704,-0.038016,READY
1787024009755811793,2026-08-18T10:33:29.755862,ground_truth,0.193616,0.451000,0.189281,0.222094,0.491480,0.185556,True,,,,,,,,,-0.262721,0.939449,0.550823,-0.288206,0.919120,0.532062,0.006540,0.021378,0.078098,0.000000,0.075477,0.080716,0.023240,-0.354900,0.093956,-0.019264,0.048704,-0.038016,READY
1787024009792753046,2026-08-18T10:33:29.792784,ground_truth,0.189883,0.451000,0.189281,0.218585,0.488909,0.186622,True,,,,,,,,,-0.259211,0.936878,0.551889,-0.288206,0.919120,0.532062,0.006540,0.021378,0.078098,0.000000,0.075477,0.080716,0.023240,-0.354900,0.093956,-0.019264,0.048704,-0.038016,READY
1787024009823041267,2026-08-18T10:33:29.823072,ground_truth,0.184898,0.468000,0.188638,0.215043,0.484929,0.187513,True,,,,,,,,,-0.255670,0.932897,0.552780,-0.280374,0.922588,0.537090,0.053667,0.110823,0.135698,0.010898,0.026614,0.080716,-0.145880,-0.289800,0.370512,-0.096352,-0.049152,-0.040480,READY
1787024009858772491,2026-08-18T10:33:29.858808,ground_truth,0.174674,0.508000,0.187127,0.211358,0.481092,0.188100,True,,,,,,,,,-0.251984,0.929061,0.553367,-0.280374,0.922588,0.537090,0.057156,0.122172,0.172785,0.005228,0.061949,0.078096,-0.135380,-0.279300,0.374496,-0.102240,-0.048480,-0.036192,READY
1787024009889633165,2026-08-18T10:33:29.889680,ground_truth,0.177488,0.468000,0.188638,0.207024,0.478192,0.188266,True,,,,,,,,,-0.247650,0.926160,0.553533,-0.271674,0.924062,0.541680,0.058901,0.125661,0.180636,0.005670,0.070249,0.078538,-0.140420,-0.292600,0.382049,-0.100736,-0.049536,-0.038464,READY
1787024009922369510,2026-08-18T10:33:29.922396,ground_truth,0.174951,0.451000,0.189281,0.203471,0.476332,0.188326,True,,,,,,,,,-0.244097,0.924300,0.553593,-0.271674,0.924062,0.541680,0.063703,0.135697,0.200711,0.005670,0.080716,0.080716,-0.135100,-0.311500,0.380555,-0.102400,-0.057056,-0.040640,READY
1787024009955260595,2026-08-18T10:33:29.955305,ground_truth,0.170078,0.468000,0.188638,0.199943,0.475106,0.188409,True,,,,,,,,,-0.240570,0.923075,0.553676,-0.262338,0.923765,0.545281,0.067192,0.135697,0.202889,0.005670,0.083766,0.080716,-0.145600,-0.313600,0.367109,-0.102240,-0.054112,-0.038240,READY
1787024009990215761,2026-08-18T10:33:29.990231,ground_truth,0.170681,0.459000,0.185252,0.196287,0.474008,0.188429,True,,,,,,,,,-0.236914,0.921976,0.553697,-0.262338,0.923765,0.545281,0.075045,0.137004,0.202889,0.005670,0.083335,0.081158,-0.124600,-0.326340,0.361465,-0.103584,-0.048480,-0.040032,READY
1787024010019296289,2026-08-18T10:33:30.019312,ground_truth,0.158963,0.468000,0.184926,0.193014,0.472455,0.188264,True,,,,,,,,,-0.233640,0.920423,0.553531,-0.252768,0.922651,0.548032,0.073301,0.135697,0.202889,0.005228,0.078096,0.080716,-0.129780,-0.316120,0.365698,-0.103520,-0.053504,-0.038144,READY
1787024010057351898,2026-08-18T10:33:30.057390,ground_truth,0.152082,0.459000,0.185252,0.188861,0.471718,0.187931,True,,,,,,,,,-0.229487,0.919686,0.553198,-0.252768,0.922651,0.548032,0.076790,0.132639,0.200711,0.007847,0.080716,0.080716,-0.147840,-0.319900,0.343371,-0.101920,-0.052768,-0.042528,READY
1787024010087225752,2026-08-18T10:33:30.087280,ground_truth,0.148819,0.451000,0.181800,0.184882,0.469810,0.187786,True,,,,,,,,,-0.225509,0.917779,0.553053,-0.243138,0.920930,0.549806,0.081592,0.124354,0.198964,0.005228,0.080716,0.080716,-0.142520,-0.359520,0.369350,-0.102688,-0.050720,-0.038464,READY
1787024010120548400,2026-08-18T10:33:30.120574,ground_truth,0.143698,0.476000,0.180938,0.180501,0.468949,0.187330,True,,,,,,,,,-0.221128,0.916917,0.552597,-0.243138,0.920930,0.549806,0.085081,0.120859,0.200711,0.008289,0.080716,0.080716,-0.136360,-0.358960,0.362295,-0.100736,-0.049088,-0.037632,READY
1787024010153960706,2026-08-18T10:33:30.154006,ground_truth,0.140922,0.459000,0.177797,0.176253,0.466590,0.186917,True,,,,,,,,,-0.216879,0.914558,0.552184,-0.233438,0.918576,0.550684,0.086825,0.107772,0.198964,0.005228,0.080716,0.080716,-0.163940,-0.366100,0.376737,-0.103584,-0.053216,-0.042368,READY
1787024010188542423,2026-08-18T10:33:30.188567,ground_truth,0.141784,0.443000,0.178323,0.172086,0.465638,0.186194,True,,,,,,,,,-0.212712,0.913606,0.551462,-0.233438,0.918576,0.550684,0.091190,0.096423,0.198964,0.005228,0.078096,0.080716,-0.175700,-0.370020,0.376239,-0.100352,-0.051264,-0.036640,READY
1787024010223679402,2026-08-18T10:33:30.223707,ground_truth,0.137620,0.451000,0.174320,0.168108,0.463688,0.185567,True,,,,,,,,,-0.208734,0.911656,0.550834,-0.223828,0.915884,0.550743,0.099919,0.083336,0.200711,0.008289,0.078096,0.080716,-0.159320,-0.356440,0.373998,-0.102304,-0.046976,-0.039072,READY
1787024010254707913,2026-08-18T10:33:30.254744,ground_truth,0.133482,0.459000,0.174070,0.164010,0.461964,0.184633,True,,,,,,,,,-0.204637,0.909933,0.549900,-0.223828,0.915884,0.550743,0.101225,0.076790,0.198525,0.007847,0.080716,0.080716,-0.164220,-0.385000,0.363291,-0.099360,-0.049920,-0.037568,READY
1787024010287420731,2026-08-18T10:33:30.287437,ground_truth,0.130545,0.443000,0.174569,0.160002,0.460286,0.183619,True,,,,,,,,,-0.200628,0.908255,0.548886,-0.214355,0.912769,0.549985,0.111261,0.052354,0.200711,0.007847,0.080716,0.083335,-0.162680,-0.410060,0.359224,-0.098560,-0.048320,-0.034688,READY
1787024010323068449,2026-08-18T10:33:30.323096,ground_truth,0.122322,0.459000,0.174070,0.156046,0.459951,0.182638,True,,,,,,,,,-0.196672,0.907919,0.547905,-0.214355,0.912769,0.549985,0.113006,0.036209,0.196785,0.005228,0.080716,0.080716,-0.161140,-0.425600,0.368271,-0.102304,-0.046144,-0.037792,READY
1787024010355990735,2026-08-18T10:33:30.356007,ground_truth,0.118603,0.459000,0.170343,0.151874,0.460310,0.181667,True,,,,,,,,,-0.192500,0.908279,0.546934,-0.204551,0.910755,0.548616,0.116063,0.014831,0.191543,0.005670,0.078096,0.075477,-0.150640,-0.427420,0.364536,-0.103360,-0.049984,-0.041248,READY
1787024010390748271,2026-08-18T10:33:30.390837,ground_truth,0.111813,0.443000,0.170816,0.148136,0.459902,0.180548,True,,,,,,,,,-0.188762,0.907870,0.545815,-0.204551,0.910755,0.548616,0.116063,0.010029,0.188056,0.007847,0.075477,0.075477,-0.160160,-0.439460,0.356070,-0.102848,-0.048928,-0.039424,READY
1787024010421292926,2026-08-18T10:33:30.421309,ground_truth,0.107755,0.451000,0.170580,0.143757,0.459340,0.179360,True,,,,,,,,,-0.184384,0.907309,0.544627,-0.195322,0.909178,0.546791,0.113006,0.001744,0.176272,0.005228,0.069807,0.069807,-0.154560,-0.612780,0.355904,-0.105536,-0.047872,-0.036864,READY
1787024010454815368,2026-08-18T10:33:30.454853,ground_truth,0.104321,0.443000,0.170816,0.139278,0.458321,0.178113,True,,,,,,,,,-0.179904,0.906290,0.543380,-0.195322,0.909178,0.546791,0.109517,0.014831,0.167112,0.005228,0.067629,0.067629,-0.144060,-0.711060,0.341628,-0.099584,-0.046880,-0.036352,READY
1787024010492011578,2026-08-18T10:33:30.492025,ground_truth,0.100574,0.443000,0.170816,0.134894,0.456784,0.176925,True,,,,,,,,,-0.175520,0.904753,0.542192,-0.186103,0.907118,0.544650,0.102532,0.030976,0.148784,0.008289,0.059340,0.059340,-0.116760,-0.767480,0.341877,-0.105184,-0.047808,-0.038016,READY
1787024010526392708,2026-08-18T10:33:30.526408,ground_truth,0.096283,0.459000,0.170343,0.130220,0.455624,0.175962,True,,,,,,,,,-0.170846,0.903592,0.541230,-0.186103,0.907118,0.544650,0.094679,0.042318,0.133951,0.005670,0.054101,0.054101,-0.111580,-0.722820,0.331834,-0.107264,-0.043360,-0.035680,READY
1787024010555319599,2026-08-18T10:33:30.555340,ground_truth,0.092823,0.451000,0.170580,0.126042,0.454058,0.174990,True,,,,,,,,,-0.166668,0.902027,0.540257,-0.177143,0.904770,0.542625,0.089883,0.044069,0.126531,0.005670,0.048432,0.051040,-0.123900,-0.716660,0.331170,-0.103136,-0.044320,-0.034080,READY
1787024010590101833,2026-08-18T10:33:30.590139,ground_truth,0.089089,0.451000,0.170580,0.122091,0.453318,0.174012,True,,,,,,,,,-0.162717,0.901287,0.539279,-0.177143,0.904770,0.542625,0.088139,0.047558,0.116932,0.003051,0.048432,0.045812,-0.118020,-0.714420,0.339968,-0.105536,-0.045312,-0.033408,READY
1787024010622213413,2026-08-18T10:33:30.622248,ground_truth,0.081403,0.459000,0.166616,0.118109,0.452744,0.173264,True,,,,,,,,,-0.158735,0.900712,0.538531,-0.168313,0.902824,0.540661,0.079847,0.048865,0.107772,0.005228,0.042751,0.040142,-0.108500,-0.730660,0.334407,-0.107744,-0.044320,-0.038464,READY
1787024010657174061,2026-08-18T10:33:30.657212,ground_truth,0.074157,0.451000,0.166839,0.113956,0.452202,0.172309,True,,,,,,,,,-0.154582,0.900171,0.537576,-0.168313,0.902824,0.540661,0.081592,0.052354,0.100352,0.005228,0.040142,0.040573,-0.137620,-0.721280,0.340632,-0.109024,-0.048160,-0.037792,READY
1787024010691636652,2026-08-18T10:33:30.691652,ground_truth,0.070424,0.451000,0.163099,0.109505,0.451667,0.171579,True,,,,,,,,,-0.150131,0.899636,0.536846,-0.159383,0.901258,0.538787,0.081592,0.057156,0.094679,0.005228,0.043193,0.043193,-0.163660,-0.723800,0.321210,-0.107744,-0.046528,-0.037568,READY
1787024010722501300,2026-08-18T10:33:30.722544,ground_truth,0.062323,0.484000,0.162233,0.104748,0.451133,0.170564,True,,,,,,,,,-0.145374,0.899102,0.535831,-0.159383,0.901258,0.538787,0.089883,0.060207,0.079846,0.003051,0.048432,0.045812,-0.145880,-0.731220,0.312412,-0.105920,-0.042080,-0.034016,READY
1787024010757406359,2026-08-18T10:33:30.757421,ground_truth,0.059523,0.434000,0.159777,0.099728,0.451027,0.169758,True,,,,,,,,,-0.140354,0.898995,0.535025,-0.150309,0.900179,0.536993,0.102532,0.070243,0.042759,0.005228,0.054101,0.035335,-0.161420,-0.766920,0.290583,-0.105920,-0.044096,-0.030720,READY
1787024010791520949,2026-08-18T10:33:30.791583,ground_truth,0.051758,0.451000,0.155618,0.094797,0.451005,0.168805,True,,,,,,,,,-0.135424,0.898974,0.534072,-0.150309,0.900179,0.536993,0.109517,0.075045,0.026179,0.005670,0.056279,0.026614,-0.150220,-0.757820,0.271161,-0.104576,-0.045472,-0.031232,READY
1787024010824121196,2026-08-18T10:33:30.824158,ground_truth,0.048240,0.434000,0.156008,0.089545,0.451001,0.167542,True,,,,,,,,,-0.130171,0.898970,0.532809,-0.140961,0.899617,0.535051,0.117808,0.086825,0.007413,0.005228,0.061949,0.010898,-0.183120,-0.767480,0.101343,-0.106304,-0.049088,-0.030240,READY
1787024010856439999,2026-08-18T10:33:30.856486,ground_truth,0.044292,0.451000,0.151878,0.084606,0.449667,0.166338,True,,,,,,,,,-0.125232,0.897635,0.531605,-0.140961,0.899617,0.535051,0.129150,0.096423,0.067191,0.007847,0.070249,0.002609,-0.194600,-0.783300,0.061586,-0.100864,-0.051328,0.004576,READY
1787024010892237865,2026-08-18T10:33:30.892255,ground_truth,0.036826,0.451000,0.148138,0.079652,0.448973,0.165107,True,,,,,,,,,-0.120278,0.896942,0.530374,-0.131550,0.898400,0.532923,0.140492,0.106028,0.119118,0.010898,0.072857,0.032284,-0.182560,-0.744520,0.031291,-0.101184,-0.050880,0.034016,READY
1787024010923034706,2026-08-18T10:33:30.923072,ground_truth,0.033141,0.443000,0.148295,0.074653,0.448408,0.163595,True,,,,,,,,,-0.115279,0.896376,0.528862,-0.131550,0.898400,0.532923,0.145732,0.107772,0.139624,0.007847,0.075477,0.043193,-0.164220,-0.739620,0.030627,-0.102144,-0.047936,0.034304,READY
1787024010958950086,2026-08-18T10:33:30.958991,ground_truth,0.029434,0.434000,0.144703,0.069679,0.448295,0.162109,True,,,,,,,,,-0.110305,0.896263,0.527376,-0.121994,0.897439,0.530428,0.147039,0.107772,0.157951,0.010898,0.078096,0.051040,-0.174160,-0.737800,0.025813,-0.102144,-0.051200,0.038400,READY
1787024010989574607,2026-08-18T10:33:30.989612,ground_truth,0.029434,0.434000,0.140935,0.064686,0.448272,0.160368,True,,,,,,,,,-0.105313,0.896241,0.525635,-0.121994,0.897439,0.530428,0.152279,0.106028,0.197216,0.010898,0.078096,0.078096,-0.175420,-0.722540,0.028552,-0.105472,-0.047584,0.038304,READY
1787024011024104598,2026-08-18T10:33:31.024146,ground_truth,0.025695,0.426000,0.141065,0.059944,0.447788,0.158376,True,,,,,,,,,-0.100570,0.895756,0.523643,-0.112471,0.896691,0.527412,0.153586,0.101225,0.204198,0.010898,0.072857,0.081158,-0.160860,-0.716100,0.040255,-0.103584,-0.045248,0.039360,READY
1787024011058975340,2026-08-18T10:33:31.058996,ground_truth,0.021939,0.409000,0.137533,0.055238,0.447211,0.156424,True,,,,,,,,,-0.095864,0.895179,0.521691,-0.112471,0.896691,0.527412,0.156637,0.096423,0.202889,0.010898,0.061949,0.083335,-0.126700,-0.727860,0.039591,-0.107648,-0.044320,0.040352,READY
1787024011090727797,2026-08-18T10:33:31.090766,ground_truth,0.018132,0.400000,0.137665,0.050512,0.445762,0.154221,True,,,,,,,,,-0.091138,0.893731,0.519488,-0.103251,0.895411,0.523987,0.155330,0.089445,0.200711,0.005228,0.048432,0.078096,-0.130480,-0.734020,0.046646,-0.110432,-0.043968,0.038400,READY
1787024011124971783,2026-08-18T10:33:31.125014,ground_truth,0.014295,0.391000,0.137797,0.045782,0.443232,0.152027,True,,,,,,,,,-0.086408,0.891201,0.517294,-0.103251,0.895411,0.523987,0.153586,0.085081,0.200711,0.010898,0.029665,0.081158,-0.143500,-0.717640,0.033698,-0.105248,-0.039424,0.036736,READY
1787024011155344255,2026-08-18T10:33:31.155381,ground_truth,0.010497,0.400000,0.133840,0.041308,0.440007,0.150106,True,,,,,,,,,-0.081934,0.887975,0.515373,-0.094451,0.892341,0.520431,0.151841,0.079847,0.198964,0.010898,0.007847,0.081158,-0.153020,-0.714140,0.040421,-0.104256,-0.036640,0.040192,READY
1787024011189767427,2026-08-18T10:33:31.189801,ground_truth,0.006532,0.373000,0.134192,0.037064,0.436641,0.147906,True,,,,,,,,,-0.077690,0.884610,0.513173,-0.094451,0.892341,0.520431,0.150097,0.079847,0.200711,0.010898,0.002609,0.080716,-0.168280,-0.683480,0.045733,-0.105088,-0.018432,0.037024,READY
1787024011222486219,2026-08-18T10:33:31.222525,ground_truth,0.002799,0.391000,0.130118,0.032804,0.432768,0.145978,True,,,,,,,,,-0.073431,0.880737,0.511246,-0.086229,0.887803,0.516838,0.150097,0.073738,0.200711,0.010898,0.021375,0.080716,-0.175700,-0.701820,0.047310,-0.104352,0.059232,0.039296,READY
1787024011257805512,2026-08-18T10:33:31.257818,ground_truth,0.002670,0.373000,0.126454,0.028836,0.428794,0.143837,True,,,,,,,,,-0.069462,0.876762,0.509105,-0.086229,0.887803,0.516838,0.151841,0.068498,0.198525,0.010467,0.064568,0.080716,-0.138180,-0.709240,0.041832,-0.102912,0.052544,0.039808,READY
1787024011291977661,2026-08-18T10:33:31.292014,ground_truth,-0.005629,0.318000,0.126988,0.025046,0.423839,0.141616,True,,,,,,,,,-0.065672,0.871807,0.506883,-0.078919,0.882115,0.513298,0.150528,0.070243,0.198964,0.010467,0.070249,0.080716,-0.151900,-0.670740,0.036520,-0.102848,0.058176,0.037408,READY
1787024011325794484,2026-08-18T10:33:31.325822,ground_truth,-0.005336,0.346000,0.122802,0.021220,0.418688,0.139707,True,,,,,,,,,-0.061846,0.866656,0.504974,-0.078919,0.882115,0.513298,0.150528,0.070243,0.198964,0.010467,0.070249,0.080716,-0.151900,-0.670740,0.036520,-0.102848,0.058176,0.037408,READY
1787024011354994022,2026-08-18T10:33:31.355018,ground_truth,-0.009351,0.337000,0.122875,0.017648,0.412964,0.137493,True,,,,,,,,,-0.058274,0.860933,0.502761,-0.072303,0.875326,0.509921,0.150528,0.070243,0.198964,0.010467,0.070249,0.080716,-0.151900,-0.670740,0.036520,-0.102848,0.058176,0.037408,READY
1787024011388576661,2026-08-18T10:33:31.388610,ground_truth,-0.013272,0.337000,0.118946,0.014072,0.405740,0.135560,True,,,,,,,,,-0.054698,0.853708,0.500827,-0.072303,0.875326,0.509921,0.150528,0.070243,0.198964,0.010467,0.070249,0.080716,-0.151900,-0.670740,0.036520,-0.102848,0.058176,0.037408,READY
1787024011423575720,2026-08-18T10:33:31.423602,ground_truth,-0.017624,0.309000,0.115150,0.010732,0.398215,0.133614,True,,,,,,,,,-0.051358,0.846183,0.498881,-0.066733,0.867576,0.506985,0.150097,0.054105,0.184131,0.008289,0.083766,0.078096,-0.171080,-0.698740,0.059345,-0.102848,0.051936,0.038080,READY
1787024011458087377,2026-08-18T10:33:31.458130,ground_truth,-0.020807,0.355000,0.111033,0.007348,0.390630,0.131404,True,,,,,,,,,-0.047974,0.838598,0.496671,-0.066733,0.867576,0.506985,0.151841,0.048865,0.172785,0.007847,0.080716,0.078096,-0.162680,-0.684040,0.055776,-0.103520,0.052384,0.039200,READY
1787024011491377958,2026-08-18T10:33:31.491419,ground_truth,-0.026644,0.251000,0.107285,0.003998,0.383459,0.129159,True,,,,,,,,,-0.044625,0.831428,0.494427,-0.061745,0.859420,0.504152,0.153586,0.044069,0.165364,0.007847,0.080716,0.078096,-0.163940,-0.699020,0.059511,-0.105472,0.050496,0.042912,READY
1787024011523663093,2026-08-18T10:33:31.523693,ground_truth,-0.025204,0.328000,0.103230,0.000260,0.375359,0.126916,True,,,,,,,,,-0.040886,0.823327,0.492183,-0.061745,0.859420,0.504152,0.151841,0.042318,0.161877,0.008289,0.078096,0.080716,-0.168840,-0.703640,0.050962,-0.104576,0.051424,0.039968,READY
1787024011562488190,2026-08-18T10:33:31.562519,ground_truth,-0.026457,0.261000,0.103216,-0.003134,0.368085,0.124394,True,,,,,,,,,-0.037493,0.816054,0.489661,-0.057040,0.851006,0.501340,0.151841,0.042318,0.161877,0.008289,0.078096,0.080716,-0.168840,-0.703640,0.050962,-0.104576,0.051424,0.039968,READY
1787024011594523164,2026-08-18T10:33:31.594545,ground_truth,-0.026644,0.251000,0.099143,-0.006360,0.357830,0.122106,True,,,,,,,,,-0.034266,0.805799,0.487373,-0.057040,0.851006,0.501340,0.151841,0.042318,0.161877,0.008289,0.078096,0.080716,-0.168840,-0.703640,0.050962,-0.104576,0.051424,0.039968,READY
1787024011625743486,2026-08-18T10:33:31.625800,ground_truth,-0.029913,0.290000,0.095209,-0.009345,0.347886,0.119538,True,,,,,,,,,-0.031281,0.795855,0.484805,-0.052953,0.842257,0.498717,0.151841,0.042318,0.161877,0.008289,0.078096,0.080716,-0.168840,-0.703640,0.050962,-0.104576,0.051424,0.039968,READY
1787024011657306353,2026-08-18T10:33:31.657349,ground_truth,-0.031520,0.211000,0.094932,-0.012292,0.338484,0.116699,True,,,,,,,,,-0.028334,0.786452,0.481966,-0.052953,0.842257,0.498717,0.151841,0.042318,0.161877,0.008289,0.078096,0.080716,-0.168840,-0.703640,0.050962,-0.104576,0.051424,0.039968,READY
1787024011691350174,2026-08-18T10:33:31.691364,ground_truth,-0.031113,0.231000,0.090899,-0.015093,0.328657,0.114105,True,,,,,,,,,-0.025533,0.776625,0.479372,-0.049242,0.833375,0.496099,0.161877,0.027925,0.137438,0.010898,0.080716,0.080716,-0.132860,-0.654360,0.050962,-0.110592,0.047808,0.037856,READY
1787024011723190485,2026-08-18T10:33:31.723238,ground_truth,-0.035869,0.201000,0.086591,-0.017603,0.318158,0.111219,True,,,,,,,,,-0.023023,0.766126,0.476486,-0.049242,0.833375,0.496099,0.161877,0.027925,0.141371,0.010467,0.078096,0.078096,-0.142520,-0.667100,0.053867,-0.111808,0.050656,0.041248,READY
1787024011758193484,2026-08-18T10:33:31.758230,ground_truth,-0.038596,0.261000,0.082945,-0.020181,0.306458,0.108317,True,,,,,,,,,-0.020445,0.754427,0.473584,-0.045885,0.824170,0.493474,0.160133,0.029231,0.146606,0.010467,0.083335,0.080716,-0.153020,-0.660800,0.044239,-0.109536,0.048992,0.037184,READY
1787024011794335789,2026-08-18T10:33:31.794382,ground_truth,-0.040015,0.201000,0.082437,-0.022932,0.296545,0.105416,True,,,,,,,,,-0.017694,0.744513,0.470683,-0.045885,0.824170,0.493474,0.160133,0.030976,0.152279,0.010898,0.080716,0.080716,-0.158060,-0.662060,0.042662,-0.109536,0.051328,0.036064,READY
1787024011825583855,2026-08-18T10:33:31.825615,ground_truth,-0.038832,0.251000,0.078790,-0.025224,0.285389,0.102446,True,,,,,,,,,-0.015402,0.733357,0.467713,-0.042802,0.814986,0.490869,0.160133,0.030976,0.152279,0.010898,0.080716,0.080716,-0.158060,-0.662060,0.042662,-0.109536,0.051328,0.036064,READY
1787024011862062371,2026-08-18T10:33:31.862085,ground_truth,-0.042769,0.256000,0.074778,-0.027457,0.278091,0.099512,True,,,,,,,,,-0.013169,0.726060,0.464779,-0.042802,0.814986,0.490869,0.160133,0.030976,0.152279,0.010898,0.080716,0.080716,-0.158060,-0.662060,0.042662,-0.109536,0.051328,0.036064,READY
1787024011894683687,2026-08-18T10:33:31.894713,ground_truth,-0.042642,0.261000,0.074837,-0.029685,0.272045,0.096306,True,,,,,,,,,-0.010941,0.720013,0.461573,-0.039762,0.805923,0.488073,0.160133,0.030976,0.152279,0.010898,0.080716,0.080716,-0.158060,-0.662060,0.042662,-0.109536,0.051328,0.036064,READY
1787024011928154677,2026-08-18T10:33:31.928187,ground_truth,-0.048036,0.211000,0.070112,-0.031643,0.266516,0.093365,True,,,,,,,,,-0.008983,0.714484,0.458632,-0.039762,0.805923,0.488073,0.160133,0.030976,0.152279,0.010898,0.080716,0.080716,-0.158060,-0.662060,0.042662,-0.109536,0.051328,0.036064,READY
1787024011958067501,2026-08-18T10:33:31.958079,ground_truth,-0.047497,0.231000,0.066276,-0.033671,0.261090,0.090362,True,,,,,,,,,-0.006956,0.709058,0.455630,-0.036732,0.796978,0.485077,0.147039,0.073738,0.193291,0.010467,0.080716,0.078096,-0.141540,-0.709240,0.036852,-0.109984,0.053280,0.038464,READY
1787024011991278116,2026-08-18T10:33:31.991308,ground_truth,-0.052165,0.211000,0.065975,-0.035450,0.254351,0.087379,True,,,,,,,,,-0.005176,0.702320,0.452646,-0.036732,0.796978,0.485077,0.142243,0.081592,0.196785,0.010467,0.083766,0.078538,-0.137900,-0.719740,0.034611,-0.112768,0.048640,0.037856,READY
1787024012026251413,2026-08-18T10:33:32.026286,ground_truth,-0.053602,0.300000,0.063326,-0.037151,0.247777,0.084625,True,,,,,,,,,-0.003475,0.695745,0.449892,-0.033784,0.788005,0.481958,0.135697,0.094679,0.200711,0.007847,0.080716,0.081158,-0.152180,-0.735840,0.044737,-0.114880,0.045312,0.037856,READY
1787024012057710866,2026-08-18T10:33:32.057724,ground_truth,-0.059147,0.251000,0.062507,-0.039045,0.241289,0.081965,True,,,,,,,,,-0.001582,0.689257,0.447232,-0.033784,0.788005,0.481958,0.133952,0.101663,0.198964,0.007847,0.081158,0.081158,-0.119840,-0.732760,0.047974,-0.113600,0.045984,0.040032,READY
1787024012090834197,2026-08-18T10:33:32.090862,ground_truth,-0.059147,0.251000,0.066578,-0.041224,0.239458,0.079251,True,,,,,,,,,0.000598,0.687426,0.444518,-0.030736,0.779087,0.478639,0.127406,0.114319,0.200711,0.008289,0.081158,0.078096,-0.132300,-0.733040,0.051958,-0.117152,0.050144,0.038528,READY
1787024012125885269,2026-08-18T10:33:32.125942,ground_truth,-0.063880,0.231000,0.066276,-0.043391,0.238558,0.077080,True,,,,,,,,,0.002764,0.686527,0.442347,-0.030736,0.779087,0.478639,0.120859,0.123917,0.198964,0.008289,0.081158,0.080716,-0.120820,-0.718480,0.035607,-0.116384,0.046880,0.039744,READY
1787024012159007317,2026-08-18T10:33:32.159021,ground_truth,-0.063209,0.251000,0.066578,-0.045655,0.237845,0.075151,True,,,,,,,,,0.005029,0.685813,0.440418,-0.027337,0.770222,0.475006,0.116063,0.130895,0.198964,0.007847,0.080716,0.078096,-0.127680,-0.711760,0.027390,-0.116608,0.045984,0.040352,READY
1787024012192074348,2026-08-18T10:33:32.192116,ground_truth,-0.066252,0.280000,0.067015,-0.047768,0.237702,0.073260,True,,,,,,,,,0.007142,0.685671,0.438528,-0.027337,0.770222,0.475006,0.111261,0.135697,0.200711,0.008289,0.080716,0.078096,-0.143500,-0.712320,0.036105,-0.113536,0.048768,0.038976,READY
1787024012225816214,2026-08-18T10:33:32.225867,ground_truth,-0.069899,0.290000,0.071172,-0.050110,0.238740,0.071668,True,,,,,,,,,0.009484,0.686709,0.436935,-0.023640,0.761837,0.471184,0.108210,0.137004,0.200711,0.008289,0.080716,0.078096,-0.135380,-0.738640,0.040919,-0.110816,0.049312,0.039584,READY
1787024012257054875,2026-08-18T10:33:32.257084,ground_truth,-0.073512,0.300000,0.071306,-0.052379,0.242628,0.070640,True,,,,,,,,,0.011753,0.690596,0.435907,-0.023640,0.761837,0.471184,0.106028,0.140492,0.200711,0.010898,0.081158,0.078096,-0.121800,-0.732760,0.027888,-0.107872,0.043872,0.041856,READY
1787024012292208765,2026-08-18T10:33:32.292252,ground_truth,-0.076168,0.231000,0.074484,-0.054707,0.246552,0.069864,True,,,,,,,,,0.014080,0.694521,0.435131,-0.019221,0.753951,0.466960,0.102970,0.143988,0.201142,0.008289,0.078096,0.080716,-0.125160,-0.715120,0.033366,-0.108544,0.047872,0.040032,READY
1787024012324383056,2026-08-18T10:33:32.324412,ground_truth,-0.076553,0.221000,0.074366,-0.057117,0.252084,0.069334,True,,,,,,,,,0.016491,0.700052,0.434601,-0.019221,0.753951,0.466960,0.098174,0.145295,0.200711,0.007847,0.078096,0.080716,-0.110320,-0.703920,0.035939,-0.104192,0.050368,0.036352,READY
1787024012359288079,2026-08-18T10:33:32.359320,ground_truth,-0.080264,0.231000,0.074484,-0.059632,0.252123,0.069039,True,,,,,,,,,0.019005,0.700092,0.434306,-0.014032,0.746640,0.462528,0.092934,0.145295,0.200711,0.005670,0.081158,0.080716,-0.145880,-0.692720,0.039757,-0.106592,0.045152,0.038240,READY
1787024012390675915,2026-08-18T10:33:32.390712,ground_truth,-0.081468,0.201000,0.074131,-0.062131,0.251065,0.069019,True,,,,,,,,,0.021505,0.699033,0.434287,-0.014032,0.746640,0.462528,0.092934,0.145732,0.198525,0.008289,0.080716,0.078096,-0.128240,-0.712880,0.027556,-0.103904,0.046528,0.041088,READY
1787024012426201408,2026-08-18T10:33:32.426228,ground_truth,-0.084360,0.231000,0.074484,-0.064720,0.248986,0.068972,True,,,,,,,,,0.024093,0.696955,0.434240,-0.008521,0.739459,0.458439,0.091628,0.147039,0.200711,0.005670,0.080716,0.081158,-0.131740,-0.708260,0.048140,-0.109312,0.046880,0.036960,READY
1787024012461419397,2026-08-18T10:33:32.461455,ground_truth,-0.091583,0.159000,0.073637,-0.067141,0.247237,0.069264,True,,,,,,,,,0.026515,0.695206,0.434531,-0.008521,0.739459,0.458439,0.088570,0.148784,0.198964,0.005228,0.080716,0.078538,-0.134820,-0.696780,0.044239,-0.105920,0.045984,0.039808,READY
1787024012491453394,2026-08-18T10:33:32.491468,ground_truth,-0.093016,0.126000,0.073248,-0.070080,0.245287,0.069755,True,,,,,,,,,0.029454,0.693256,0.435022,-0.002551,0.732195,0.454757,0.086825,0.148784,0.198964,0.007847,0.080716,0.083766,-0.123060,-0.677320,0.038014,-0.105536,0.048480,0.037184,READY
1787024012528180503,2026-08-18T10:33:32.528212,ground_truth,-0.094449,0.093000,0.072860,-0.072804,0.242124,0.070239,True,,,,,,,,,0.032178,0.690093,0.435507,-0.002551,0.732195,0.454757,0.085081,0.148352,0.200711,0.005228,0.078096,0.080716,-0.131320,-0.656460,0.035441,-0.104864,0.049376,0.036800,READY
1787024012555673646,2026-08-18T10:33:32.555689,ground_truth,-0.093016,0.126000,0.073248,-0.075527,0.235891,0.070875,True,,,,,,,,,0.034901,0.683860,0.436142,0.003272,0.724680,0.451863,0.084643,0.145295,0.200711,0.008289,0.080716,0.078096,-0.110320,-0.681380,0.028967,-0.109920,0.049440,0.039200,READY
1787024012592678039,2026-08-18T10:33:32.592748,ground_truth,-0.090342,0.280000,0.075060,-0.077785,0.227978,0.071591,True,,,,,,,,,0.037159,0.675947,0.436858,0.003272,0.724680,0.451863,0.085081,0.145295,0.198964,0.007847,0.080716,0.080716,-0.117460,-0.662760,0.026892,-0.107648,0.046144,0.041312,READY
1787024012627655611,2026-08-18T10:33:32.627674,ground_truth,-0.091199,0.261000,0.074837,-0.077785,0.227978,0.071591,True,,,,,,,,,0.037159,0.675947,0.436858,0.008797,0.716734,0.449417,0.081592,0.141806,0.200711,0.007847,0.080716,0.080716,-0.124600,-0.664300,0.028718,-0.107968,0.048544,0.036192,READY
1787024012662129905,2026-08-18T10:33:32.662207,ground_truth,-0.093002,0.221000,0.074366,-0.079922,0.219729,0.072142,True,,,,,,,,,0.039295,0.667697,0.437409,0.008797,0.716734,0.449417,0.083336,0.140061,0.200711,0.008289,0.080716,0.080716,-0.135380,-0.670740,0.032536,-0.108320,0.051712,0.036352,READY
1787024012695504890,2026-08-18T10:33:32.695542,ground_truth,-0.095346,0.169000,0.073754,-0.081863,0.216479,0.072681,True,,,,,,,,,0.041237,0.664447,0.437948,0.013950,0.708428,0.447595,0.085081,0.138748,0.200711,0.007847,0.080716,0.078538,-0.114380,-0.651560,0.029465,-0.112480,0.044864,0.039744,READY
1787024012722861698,2026-08-18T10:33:32.722877,ground_truth,-0.092100,0.241000,0.078689,-0.084006,0.214229,0.073159,True,,,,,,,,,0.043379,0.662198,0.438427,0.013950,0.708428,0.447595,0.085081,0.133515,0.200711,0.007847,0.078096,0.080716,-0.142520,-0.653660,0.039591,-0.109152,0.051552,0.038976,READY
1787024012760580046,2026-08-18T10:33:32.760603,ground_truth,-0.095245,0.261000,0.078891,-0.085729,0.212179,0.073938,True,,,,,,,,,0.045103,0.660148,0.439205,0.019340,0.700075,0.446143,0.086388,0.130895,0.198964,0.007847,0.080716,0.080716,-0.145600,-0.647500,0.033698,-0.108800,0.049440,0.036800,READY
1787024012793816811,2026-08-18T10:33:32.793854,ground_truth,-0.097114,0.221000,0.082607,-0.087419,0.209689,0.074452,True,,,,,,,,,0.046792,0.657658,0.439720,0.019340,0.700075,0.446143,0.089883,0.127406,0.200711,0.008289,0.080716,0.080716,-0.112840,-0.647220,0.039093,-0.106912,0.045696,0.038400,READY
1787024012826708134,2026-08-18T10:33:32.826744,ground_truth,-0.096180,0.241000,0.082776,-0.088992,0.206578,0.075206,True,,,,,,,,,0.048366,0.654546,0.440473,0.024678,0.691701,0.445100,0.089883,0.122172,0.201142,0.010898,0.078096,0.080716,-0.136920,-0.654640,0.037018,-0.108096,0.049440,0.037568,READY
1787024012860310105,2026-08-18T10:33:32.860348,ground_truth,-0.096180,0.241000,0.082776,-0.090326,0.203342,0.075759,True,,,,,,,,,0.049700,0.651311,0.441026,0.024678,0.691701,0.445100,0.093372,0.122172,0.198525,0.010898,0.080716,0.080716,-0.141540,-0.639800,0.038595,-0.107200,0.048384,0.035968,READY
1787024012892059460,2026-08-18T10:33:32.892096,ground_truth,-0.096647,0.231000,0.082691,-0.091635,0.203228,0.076319,True,,,,,,,,,0.051008,0.651197,0.441586,0.030119,0.683332,0.444374,0.097736,0.115626,0.198964,0.007847,0.078096,0.078538,-0.146580,-0.617400,0.033698,-0.108640,0.047648,0.040640,READY
1787024012927411851,2026-08-18T10:33:32.927451,ground_truth,-0.096180,0.241000,0.082776,-0.092727,0.203739,0.076866,True,,,,,,,,,0.052101,0.651707,0.442134,0.030119,0.683332,0.444374,0.101225,0.111261,0.200711,0.007847,0.078096,0.080716,-0.148400,-0.611940,0.035773,-0.110080,0.044800,0.039296,READY
1787024012958721025,2026-08-18T10:33:32.958763,ground_truth,-0.094778,0.271000,0.091105,-0.093708,0.204908,0.077443,True,,,,,,,,,0.053081,0.652876,0.442710,0.036182,0.675290,0.443935,0.107772,0.102970,0.200711,0.013517,0.080716,0.081158,-0.152460,-0.606620,0.024983,-0.107264,0.045536,0.036960,READY
1787024012994331555,2026-08-18T10:33:32.994387,ground_truth,-0.090342,0.280000,0.095174,-0.094402,0.205675,0.078551,True,,,,,,,,,0.053776,0.653643,0.443818,0.036182,0.675290,0.443935,0.114319,0.094679,0.200711,0.010467,0.078096,0.078096,-0.163660,-0.618940,0.031872,-0.110976,0.048864,0.036512,READY
1787024013027590999,2026-08-18T10:33:33.027605,ground_truth,-0.092551,0.231000,0.099106,-0.094320,0.209562,0.079987,True,,,,,,,,,0.053693,0.657530,0.445254,0.043159,0.668214,0.444460,0.120859,0.089883,0.200711,0.010467,0.080716,0.078096,-0.169820,-0.624260,0.026560,-0.106688,0.044704,0.041088,READY
1787024013061833081,2026-08-18T10:33:33.061882,ground_truth,-0.088629,0.318000,0.103228,-0.094289,0.216312,0.081710,True,,,,,,,,,0.053662,0.664281,0.446978,0.043159,0.668214,0.444460,0.127406,0.086388,0.200711,0.013517,0.081158,0.080716,-0.164500,-0.586740,0.027556,-0.109760,0.045152,0.034848,READY
1787024013092843961,2026-08-18T10:33:33.092868,ground_truth,-0.085893,0.290000,0.107228,-0.093901,0.225876,0.083735,True,,,,,,,,,0.053274,0.673844,0.449002,0.049998,0.663258,0.445447,0.132208,0.083336,0.198964,0.013086,0.080716,0.078096,-0.147560,-0.605640,0.028220,-0.105760,0.047808,0.039424,READY
1787024013126092352,2026-08-18T10:33:33.126134,ground_truth,-0.088890,0.221000,0.111449,-0.093426,0.236535,0.086000,True,,,,,,,,,0.052799,0.684504,0.451268,0.049998,0.663258,0.445447,0.135697,0.079847,0.200272,0.010898,0.080716,0.081158,-0.160860,-0.578340,0.026311,-0.112256,0.043200,0.038080,READY
1787024013168104216,2026-08-18T10:33:33.168143,ground_truth,-0.085195,0.211000,0.111480,-0.093272,0.247414,0.088441,True,,,,,,,,,0.052646,0.695382,0.453708,0.055653,0.660166,0.446959,0.143988,0.078103,0.198964,0.013517,0.081158,0.080716,-0.154560,-0.583660,0.028552,-0.109536,0.046080,0.036576,READY
1787024013195980236,2026-08-18T10:33:33.196015,ground_truth,-0.087619,0.153000,0.111660,-0.092751,0.249589,0.090915,True,,,,,,,,,0.052125,0.697558,0.456183,0.055653,0.660166,0.446959,0.143988,0.078103,0.198964,0.013517,0.081158,0.080716,-0.154560,-0.583660,0.028552,-0.109536,0.046080,0.036576,READY
1787024013227427015,2026-08-18T10:33:33.227459,ground_truth,-0.091546,0.059000,0.111951,-0.092236,0.249491,0.093442,True,,,,,,,,,0.051610,0.697460,0.458710,0.059950,0.658704,0.448992,0.143988,0.078103,0.198964,0.013517,0.081158,0.080716,-0.154560,-0.583660,0.028552,-0.109536,0.046080,0.036576,READY
1787024013270443466,2026-08-18T10:33:33.270481,ground_truth,-0.085802,0.093000,0.111846,-0.092199,0.245845,0.095660,True,,,,,,,,,0.051573,0.693813,0.460927,0.059950,0.658704,0.448992,0.143988,0.078103,0.198964,0.013517,0.081158,0.080716,-0.154560,-0.583660,0.028552,-0.109536,0.046080,0.036576,READY
1787024013297545774,2026-08-18T10:33:33.297581,ground_truth,-0.084919,0.115000,0.111777,-0.091570,0.237222,0.097857,True,,,,,,,,,0.050943,0.685191,0.463124,0.062797,0.658739,0.451811,0.143988,0.078103,0.198964,0.013517,0.081158,0.080716,-0.154560,-0.583660,0.028552,-0.109536,0.046080,0.036576,READY
1787024013327507775,2026-08-18T10:33:33.327595,ground_truth,-0.081468,0.201000,0.111511,-0.090757,0.227604,0.099802,True,,,,,,,,,0.050130,0.675573,0.465069,0.062797,0.658739,0.451811,0.143988,0.078103,0.198964,0.013517,0.081158,0.080716,-0.154560,-0.583660,0.028552,-0.109536,0.046080,0.036576,READY
1787024013359434065,2026-08-18T10:33:33.359518,ground_truth,-0.076938,0.211000,0.111480,-0.089776,0.218961,0.101717,True,,,,,,,,,0.049150,0.666929,0.466984,0.064239,0.659955,0.455844,0.158388,0.101663,0.198525,0.016137,0.080716,0.078096,-0.140700,-0.623700,0.020667,-0.105472,0.044640,0.039968,READY
1787024013391682661,2026-08-18T10:33:33.391721,ground_truth,-0.075398,0.251000,0.111355,-0.088493,0.215099,0.103631,True,,,,,,,,,0.047867,0.663067,0.468898,0.064239,0.659955,0.455844,0.158388,0.107772,0.202889,0.016137,0.078096,0.080716,-0.137200,-0.609700,0.038512,-0.108640,0.051488,0.037856,READY
1787024013429254333,2026-08-18T10:33:33.429293,ground_truth,-0.074628,0.271000,0.111293,-0.087077,0.212726,0.105542,True,,,,,,,,,0.046450,0.660695,0.470809,0.063748,0.660786,0.460970,0.156637,0.114319,0.200711,0.013517,0.078096,0.081158,-0.168840,-0.601020,0.025315,-0.111104,0.049088,0.036576,READY
1787024013464685468,2026-08-18T10:33:33.464710,ground_truth,-0.075398,0.251000,0.111355,-0.085640,0.212785,0.107443,True,,,,,,,,,0.045013,0.660754,0.472710,0.063748,0.660786,0.460970,0.160133,0.116063,0.198964,0.016137,0.080716,0.078096,-0.160160,-0.603820,0.023572,-0.115328,0.044928,0.039360,READY
1787024013494548630,2026-08-18T10:33:33.494582,ground_truth,-0.074282,0.280000,0.115288,-0.084348,0.213330,0.108793,True,,,,,,,,,0.043722,0.661299,0.474060,0.061045,0.661339,0.466250,0.160133,0.117808,0.198964,0.018756,0.078096,0.080716,-0.156240,-0.602280,0.016849,-0.104416,0.050432,0.036960,READY
1787024013524061762,2026-08-18T10:33:33.524085,ground_truth,-0.073951,0.180000,0.115764,-0.083277,0.213439,0.110134,True,,,,,,,,,0.042651,0.661408,0.475401,0.061045,0.661339,0.466250,0.161439,0.119114,0.198964,0.013517,0.078096,0.080716,-0.150920,-0.604380,0.031125,-0.109696,0.047648,0.036736,READY
1787024013559698473,2026-08-18T10:33:33.559721,ground_truth,-0.072072,0.231000,0.115521,-0.082037,0.212395,0.111244,True,,,,,,,,,0.041411,0.660363,0.476512,0.056214,0.661475,0.471213,0.164928,0.122172,0.201142,0.016137,0.083766,0.078096,-0.162400,-0.601580,0.026560,-0.104640,0.045472,0.039520,READY
1787024013594928212,2026-08-18T10:33:33.594968,ground_truth,-0.071704,0.241000,0.115474,-0.080933,0.209572,0.112064,True,,,,,,,,,0.040307,0.657541,0.477331,0.056214,0.661475,0.471213,0.171475,0.124354,0.200711,0.018756,0.078538,0.080716,-0.176960,-0.583380,0.035109,-0.109600,0.049920,0.037248,READY
1787024013625670931,2026-08-18T10:33:33.625708,ground_truth,-0.070967,0.261000,0.115379,-0.079987,0.205861,0.112614,True,,,,,,,,,0.039361,0.653830,0.477881,0.050064,0.660029,0.475409,0.171475,0.125661,0.198964,0.016137,0.078538,0.078096,-0.186900,-0.585200,0.029963,-0.108256,0.048160,0.037024,READY
1787024013659659125,2026-08-18T10:33:33.659697,ground_truth,-0.070267,0.280000,0.115288,-0.078792,0.202506,0.112876,True,,,,,,,,,0.038166,0.650474,0.478143,0.050064,0.660029,0.475409,0.179766,0.122603,0.200711,0.018756,0.081158,0.080716,-0.184940,-0.586460,0.035773,-0.113216,0.049536,0.037632,READY
1787024013696045613,2026-08-18T10:33:33.696084,ground_truth,-0.068680,0.211000,0.119753,-0.077797,0.203968,0.113130,True,,,,,,,,,0.037171,0.651936,0.478397,0.043451,0.656941,0.478161,0.182817,0.120859,0.200711,0.016137,0.083335,0.081158,-0.179060,-0.574980,0.023904,-0.110208,0.041024,0.039968,READY
1787024013728629375,2026-08-18T10:33:33.728660,ground_truth,-0.067114,0.255500,0.123531,-0.076535,0.206927,0.113669,True,,,,,,,,,0.035908,0.654895,0.478936,0.043451,0.656941,0.478161,0.186313,0.117808,0.198964,0.016137,0.080716,0.080716,-0.171640,-0.560980,0.029631,-0.113088,0.047936,0.037632,READY
1787024013762157704,2026-08-18T10:33:33.762225,ground_truth,-0.064551,0.211000,0.128027,-0.074906,0.212985,0.114441,True,,,,,,,,,0.034280,0.660954,0.479708,0.037053,0.655986,0.480268,0.186313,0.117808,0.198964,0.016137,0.080716,0.080716,-0.171640,-0.560980,0.029631,-0.113088,0.047936,0.037632,READY
1787024013794898289,2026-08-18T10:33:33.794931,ground_truth,-0.061901,0.290000,0.127260,-0.073489,0.220490,0.115520,True,,,,,,,,,0.032863,0.668459,0.480787,0.037053,0.655986,0.480268,0.186313,0.117808,0.198964,0.016137,0.080716,0.080716,-0.171640,-0.560980,0.029631,-0.113088,0.047936,0.037632,READY
1787024013828195604,2026-08-18T10:33:33.828216,ground_truth,-0.059147,0.251000,0.131709,-0.071955,0.230658,0.116552,True,,,,,,,,,0.031328,0.678626,0.481819,0.031716,0.656925,0.481893,0.186313,0.117808,0.198964,0.016137,0.080716,0.080716,-0.171640,-0.560980,0.029631,-0.113088,0.047936,0.037632,READY
1787024013863502461,2026-08-18T10:33:33.863533,ground_truth,-0.057010,0.318000,0.134908,-0.070466,0.239945,0.117899,True,,,,,,,,,0.029840,0.687913,0.483166,0.031716,0.656925,0.481893,0.188057,0.115626,0.200711,0.019198,0.080716,0.081158,-0.140700,-0.562940,0.014857,-0.105696,0.044800,0.037472,READY
1787024013892462281,2026-08-18T10:33:33.892496,ground_truth,-0.056404,0.337000,0.138589,-0.069138,0.246549,0.119460,True,,,,,,,,,0.028512,0.694517,0.484728,0.027964,0.659437,0.483163,0.145295,0.073738,0.200711,0.010898,0.080716,0.080716,-0.110040,-0.520380,0.018094,-0.099680,0.043360,0.037472,READY
1787024013928062258,2026-08-18T10:33:33.928093,ground_truth,-0.057010,0.318000,0.142828,-0.067872,0.253576,0.121276,True,,,,,,,,,0.027245,0.701545,0.486543,0.027964,0.659437,0.483163,0.129150,0.065447,0.200711,0.010467,0.080716,0.080716,-0.107240,-0.506800,0.015521,-0.104032,0.044544,0.040128,READY
1787024013963642789,2026-08-18T10:33:33.963705,ground_truth,-0.053602,0.300000,0.147111,-0.066697,0.258555,0.123378,True,,,,,,,,,0.026071,0.706524,0.488645,0.025472,0.663752,0.484398,0.109517,0.057156,0.198964,0.005670,0.081158,0.081158,-0.102480,-0.501200,0.016849,-0.099360,0.044704,0.035840,READY
1787024013995281723,2026-08-18T10:33:33.995318,ground_truth,-0.052483,0.337000,0.150375,-0.065244,0.263124,0.125762,True,,,,,,,,,0.024618,0.711093,0.491029,0.025472,0.663752,0.484398,0.083336,0.051923,0.198525,0.005228,0.080716,0.078096,-0.081480,-0.485380,0.028386,-0.104128,0.045312,0.039136,READY
1787024014027770549,2026-08-18T10:33:34.027784,ground_truth,-0.053042,0.318500,0.154697,-0.063791,0.266545,0.128101,True,,,,,,,,,0.023164,0.714513,0.493368,0.023832,0.670192,0.485863,0.065447,0.047558,0.198964,0.002609,0.080716,0.078096,-0.073780,-0.518840,0.027058,-0.104480,0.043040,0.040192,READY
1787024014061401374,2026-08-18T10:33:34.061437,ground_truth,-0.048562,0.337000,0.158232,-0.062397,0.270829,0.130697,True,,,,,,,,,0.021771,0.718797,0.495964,0.023832,0.670192,0.485863,0.042318,0.048865,0.198964,0.000000,0.080716,0.080716,-0.069720,-0.513240,0.024817,-0.105184,0.046592,0.035296,READY
1787024014098644241,2026-08-18T10:33:34.098680,ground_truth,-0.049906,0.290000,0.159310,-0.060830,0.277339,0.133544,True,,,,,,,,,0.020203,0.725308,0.498811,0.022819,0.678654,0.487833,0.042318,0.048865,0.198964,0.000000,0.080716,0.080716,-0.069720,-0.513240,0.024817,-0.105184,0.046592,0.035296,READY
1787024014128353711,2026-08-18T10:33:34.128391,ground_truth,-0.044156,0.355000,0.157819,-0.059376,0.283308,0.136466,True,,,,,,,,,0.018750,0.731276,0.501734,0.022819,0.678654,0.487833,0.042318,0.048865,0.198964,0.000000,0.080716,0.080716,-0.069720,-0.513240,0.024817,-0.105184,0.046592,0.035296,READY
1787024014163919360,2026-08-18T10:33:34.163956,ground_truth,-0.045638,0.300000,0.159080,-0.057589,0.289622,0.139296,True,,,,,,,,,0.016963,0.737590,0.504563,0.021872,0.688181,0.490538,0.042318,0.048865,0.198964,0.000000,0.080716,0.080716,-0.069720,-0.513240,0.024817,-0.105184,0.046592,0.035296,READY
1787024014194906223,2026-08-18T10:33:34.194976,ground_truth,-0.048305,0.201000,0.161350,-0.055947,0.292964,0.142215,True,,,,,,,,,0.015321,0.740933,0.507482,0.021872,0.688181,0.490538,0.042318,0.048865,0.198964,0.000000,0.080716,0.080716,-0.069720,-0.513240,0.024817,-0.105184,0.046592,0.035296,READY
1787024014228494921,2026-08-18T10:33:34.228509,ground_truth,-0.048871,0.180000,0.157644,-0.054589,0.295713,0.144988,True,,,,,,,,,0.013962,0.743681,0.510256,0.020542,0.697518,0.493855,0.063703,0.071994,0.200711,0.013517,0.081158,0.078096,0.163240,-0.559440,0.013280,-0.009312,0.044096,0.039360,READY
1787024014262878758,2026-08-18T10:33:34.262909,ground_truth,-0.050326,0.126000,0.154515,-0.053372,0.293356,0.147263,True,,,,,,,,,0.012746,0.741324,0.512530,0.020542,0.697518,0.493855,0.071994,0.075045,0.198964,0.010467,0.080716,0.081158,0.159320,-0.550480,0.021746,-0.009920,0.045248,0.039296,READY
1787024014296383001,2026-08-18T10:33:34.296416,ground_truth,-0.050622,0.115000,0.150436,-0.052424,0.291231,0.149028,True,,,,,,,,,0.011798,0.739200,0.514296,0.018688,0.706354,0.498188,0.071994,0.075045,0.198964,0.010467,0.080716,0.081158,0.159320,-0.550480,0.021746,-0.009920,0.045248,0.039296,READY
1787024014329208645,2026-08-18T10:33:34.329242,ground_truth,-0.046803,0.096500,0.146442,-0.051672,0.283900,0.150574,True,,,,,,,,,0.011046,0.731868,0.515841,0.018688,0.706354,0.498188,0.071994,0.075045,0.198964,0.010467,0.080716,0.081158,0.159320,-0.550480,0.021746,-0.009920,0.045248,0.039296,READY
1787024014364208085,2026-08-18T10:33:34.364240,ground_truth,-0.042895,0.251000,0.139850,-0.050849,0.275180,0.151556,True,,,,,,,,,0.010223,0.723148,0.516823,0.016063,0.713786,0.504075,0.071994,0.075045,0.198964,0.010467,0.080716,0.081158,0.159320,-0.550480,0.021746,-0.009920,0.045248,0.039296,READY
1787024014397680775,2026-08-18T10:33:34.397721,ground_truth,-0.044969,0.169000,0.136847,-0.050849,0.275180,0.151556,True,,,,,,,,,0.010223,0.723148,0.516823,0.016063,0.713786,0.504075,0.071994,0.075045,0.198964,0.010467,0.080716,0.081158,0.159320,-0.550480,0.021746,-0.009920,0.045248,0.039296,READY
1787024014429368368,2026-08-18T10:33:34.429391,ground_truth,-0.046892,0.093000,0.137836,-0.050047,0.264103,0.151685,True,,,,,,,,,0.009420,0.712071,0.516952,0.013196,0.718992,0.510218,0.125661,0.076790,0.198964,0.010467,0.080716,0.078096,0.157080,-0.494340,0.015355,-0.005024,0.047040,0.039200,READY
1787024014463211826,2026-08-18T10:33:34.463236,ground_truth,-0.042828,0.082000,0.133629,-0.049412,0.250074,0.151635,True,,,,,,,,,0.008786,0.698042,0.516902,0.013196,0.718992,0.510218,0.127406,0.066754,0.200711,0.010898,0.080716,0.078096,0.134120,-0.477400,0.020169,-0.009536,0.043424,0.039584,READY
1787024014498532398,2026-08-18T10:33:34.498565,ground_truth,-0.044791,-0.001000,0.134573,-0.048467,0.235268,0.151022,True,,,,,,,,,0.007841,0.683237,0.516289,0.010826,0.722327,0.515444,0.127406,0.066754,0.200711,0.010898,0.080716,0.078096,0.134120,-0.477400,0.020169,-0.009536,0.043424,0.039584,READY
1787024014530528073,2026-08-18T10:33:34.530569,ground_truth,-0.040511,0.180000,0.128328,-0.047880,0.219720,0.150186,True,,,,,,,,,0.007253,0.667689,0.515453,0.010826,0.722327,0.515444,0.127406,0.066754,0.200711,0.010898,0.080716,0.078096,0.134120,-0.477400,0.020169,-0.009536,0.043424,0.039584,READY
1787024014563710753,2026-08-18T10:33:34.563730,ground_truth,-0.043372,0.059000,0.125115,-0.047880,0.219720,0.150186,True,,,,,,,,,0.007253,0.667689,0.515453,0.009043,0.723976,0.519301,0.127406,0.066754,0.200711,0.010898,0.080716,0.078096,0.134120,-0.477400,0.020169,-0.009536,0.043424,0.039584,READY
1787024014599422360,2026-08-18T10:33:34.599444,ground_truth,-0.041658,0.131500,0.115994,-0.047272,0.202797,0.148502,True,,,,,,,,,0.006646,0.650766,0.513769,0.009043,0.723976,0.519301,0.127406,0.066754,0.200711,0.010898,0.080716,0.078096,0.134120,-0.477400,0.020169,-0.009536,0.043424,0.039584,READY
1787024014628536022,2026-08-18T10:33:34.628570,ground_truth,-0.046614,0.104000,0.107498,-0.046513,0.185573,0.145922,True,,,,,,,,,0.005887,0.633541,0.511189,0.007769,0.724047,0.521660,0.106028,0.014831,0.172785,0.008289,0.083766,0.080716,0.125160,-0.214200,0.038180,-0.006304,0.043200,0.036576,READY
1787024014660797010,2026-08-18T10:33:34.660839,ground_truth,-0.045501,0.148000,0.094712,-0.046383,0.169701,0.142539,True,,,,,,,,,0.005757,0.617670,0.507807,0.007769,0.724047,0.521660,0.098174,0.042318,0.123044,0.008289,0.080716,0.078096,0.144060,-0.153440,0.060922,-0.007680,0.042304,0.038688,READY
1787024014694401004,2026-08-18T10:33:34.694431,ground_truth,-0.047309,0.076500,0.085743,-0.046090,0.156554,0.138233,True,,,,,,,,,0.005463,0.604522,0.503500,0.007769,0.724047,0.521660,0.093372,0.060207,0.070686,0.010898,0.080716,0.080716,0.123060,-0.141960,0.100596,-0.009024,0.043360,0.038016,READY
1787024014727345723,2026-08-18T10:33:34.727365,ground_truth,-0.046057,0.126000,0.077526,-0.046300,0.141497,0.133428,True,,,,,,,,,0.005674,0.589466,0.498695,0.007769,0.724047,0.521660,0.088139,0.078103,0.013086,0.010898,0.080716,0.078096,0.118720,-0.137900,0.124832,-0.009088,0.043584,0.037184,READY
1787024014762352300,2026-08-18T10:33:34.762390,ground_truth,-0.048602,0.190000,0.061487,-0.046328,0.129206,0.127991,True,,,,,,,,,0.005702,0.577175,0.493258,0.006411,0.719665,0.523106,0.086825,0.086388,0.003487,0.008289,0.080716,0.080716,0.119280,-0.126700,0.242111,-0.004064,0.045696,0.037632,READY
1787024014795942101,2026-08-18T10:33:34.796051,ground_truth,-0.048602,0.190000,0.053144,-0.046348,0.117468,0.121333,True,,,,,,,,,0.005721,0.565436,0.486600,0.006411,0.719665,0.523106,0.083336,0.099481,0.066752,0.010467,0.080716,0.080716,0.120540,-0.124180,0.359058,-0.014880,0.043872,0.040704,READY
1787024014827453516,2026-08-18T10:33:34.827495,ground_truth,-0.047766,0.221000,0.041404,-0.046330,0.114534,0.114366,True,,,,,,,,,0.005703,0.562502,0.479634,0.005815,0.714978,0.522770,0.081592,0.114319,0.130025,0.010898,0.080716,0.080716,0.127680,-0.135100,0.349264,-0.003904,0.045472,0.037568,READY
1787024014861065388,2026-08-18T10:33:34.861165,ground_truth,-0.046419,0.271000,0.034578,-0.046159,0.114480,0.106826,True,,,,,,,,,0.005533,0.562448,0.472093,0.005815,0.714978,0.522770,0.081592,0.114319,0.130025,0.010898,0.080716,0.080716,0.127680,-0.135100,0.349264,-0.003904,0.045472,0.037568,READY
1787024014893847402,2026-08-18T10:33:34.893887,ground_truth,-0.045907,0.290000,0.023097,-0.045879,0.119536,0.099102,True,,,,,,,,,0.005253,0.567504,0.464369,0.005437,0.708485,0.521130,0.081592,0.114319,0.130025,0.010898,0.080716,0.080716,0.127680,-0.135100,0.349264,-0.003904,0.045472,0.037568,READY
1787024014927872428,2026-08-18T10:33:34.927938,ground_truth,-0.046689,0.261000,0.018078,-0.045819,0.128867,0.090879,True,,,,,,,,,0.005193,0.576836,0.456146,0.005437,0.708485,0.521130,0.081592,0.114319,0.130025,0.010898,0.080716,0.080716,0.127680,-0.135100,0.349264,-0.003904,0.045472,0.037568,READY
1787024014964037514,2026-08-18T10:33:34.964095,ground_truth,-0.049906,0.290000,0.015084,-0.045934,0.139053,0.082961,True,,,,,,,,,0.005307,0.587022,0.448228,0.005259,0.700879,0.517598,0.081592,0.114319,0.130025,0.010898,0.080716,0.080716,0.127680,-0.135100,0.349264,-0.003904,0.045472,0.037568,READY
1787024014997446015,2026-08-18T10:33:34.997471,ground_truth,-0.051593,0.231000,0.012928,-0.046135,0.151411,0.074777,True,,,,,,,,,0.005508,0.599379,0.440045,0.005259,0.700879,0.517598,0.081592,0.114319,0.130025,0.010898,0.080716,0.080716,0.127680,-0.135100,0.349264,-0.003904,0.045472,0.037568,READY
1787024015031087137,2026-08-18T10:33:35.031124,ground_truth,-0.052165,0.211000,0.008060,-0.046719,0.162842,0.066731,True,,,,,,,,,0.006093,0.610811,0.431998,0.005242,0.693493,0.511845,0.086825,0.091628,0.200711,0.010898,0.037523,0.067188,0.138180,-0.212240,0.331336,-0.006240,0.034784,0.038528,READY
1787024015065753564,2026-08-18T10:33:35.065815,ground_truth,-0.050192,0.280000,0.006673,-0.047211,0.173075,0.058296,True,,,,,,,,,0.006584,0.621044,0.423564,0.005242,0.693493,0.511845,0.086825,0.076790,0.198964,0.007847,0.010467,0.059340,0.122080,-0.222180,0.342541,-0.006144,0.032896,0.033280,READY
1787024015095845189,2026-08-18T10:33:35.095881,ground_truth,-0.050449,0.271000,0.006314,-0.047665,0.184295,0.050400,True,,,,,,,,,0.007039,0.632263,0.415668,0.005341,0.687427,0.504287,0.085081,0.058901,0.200711,0.010467,0.008289,0.051040,0.130200,-0.235900,0.343039,-0.007360,-0.023712,0.032960,READY
1787024015129437618,2026-08-18T10:33:35.129463,ground_truth,-0.049620,0.300000,0.007470,-0.048251,0.197846,0.043088,True,,,,,,,,,0.007625,0.645814,0.408356,0.005341,0.687427,0.504287,0.084643,0.048865,0.198964,0.010898,0.034903,0.045812,0.115220,-0.237720,0.345280,-0.007968,-0.044800,0.033504,READY
1787024015163640925,2026-08-18T10:33:35.163679,ground_truth,-0.053904,0.290000,0.007071,-0.048452,0.209942,0.036420,True,,,,,,,,,0.007825,0.657911,0.401687,0.005515,0.683272,0.495618,0.078103,0.030976,0.200711,0.007847,0.069807,0.032284,0.126700,-0.251020,0.327601,-0.003072,-0.047488,0.030944,READY
1787024015195453975,2026-08-18T10:33:35.195493,ground_truth,-0.053330,0.309000,0.007829,-0.049012,0.220815,0.030577,True,,,,,,,,,0.008386,0.668784,0.395844,0.005515,0.683272,0.495618,0.073738,0.014831,0.198964,0.005670,0.089005,0.016137,0.105700,-0.269360,0.344450,-0.006976,-0.048480,0.030016,READY
1787024015230194302,2026-08-18T10:33:35.230252,ground_truth,-0.053330,0.309000,0.007829,-0.049413,0.233443,0.025383,True,,,,,,,,,0.008787,0.681411,0.390650,0.005764,0.681210,0.486184,0.068936,0.008285,0.198964,0.008289,0.091624,0.008289,0.125440,-0.279860,0.331502,-0.007072,-0.050432,0.029888,READY
1787024015262028009,2026-08-18T10:33:35.262041,ground_truth,-0.053602,0.300000,0.007470,-0.049898,0.245729,0.020736,True,,,,,,,,,0.009272,0.693697,0.386004,0.005764,0.681210,0.486184,0.057156,0.011780,0.197216,0.007847,0.096863,0.002609,0.100940,-0.498680,0.345612,-0.008032,-0.049920,0.001120,READY
1787024015295707297,2026-08-18T10:33:35.295740,ground_truth,-0.053330,0.309000,0.007829,-0.050231,0.257946,0.017135,True,,,,,,,,,0.009605,0.705914,0.382402,0.006066,0.681356,0.476697,0.054105,0.017889,0.195038,0.005228,0.096863,0.003051,0.084280,-0.529060,0.340964,-0.006976,-0.048096,-0.012928,READY
1787024015328059441,2026-08-18T10:33:35.328102,ground_truth,-0.053330,0.309000,0.007829,-0.050547,0.266736,0.014114,True,,,,,,,,,0.009920,0.714704,0.379381,0.006066,0.681356,0.476697,0.039267,0.044069,0.185870,0.005228,0.089005,0.013517,0.106260,-0.579600,0.333577,-0.006688,-0.050144,-0.024896,READY
1787024015360508860,2026-08-18T10:33:35.360521,ground_truth,-0.052755,0.328000,0.008586,-0.050918,0.274841,0.011876,True,,,,,,,,,0.010291,0.722809,0.377143,0.006422,0.683712,0.467345,0.023122,0.068498,0.145297,0.002609,0.075477,0.013517,0.092680,-0.540540,0.283030,0.000064,-0.046528,-0.029888,READY
1787024015397150195,2026-08-18T10:33:35.397178,ground_truth,-0.052483,0.337000,0.008944,-0.051340,0.281155,0.010143,True,,,,,,,,,0.010714,0.729123,0.375410,0.006422,0.683712,0.467345,0.013087,0.082899,0.103846,0.000000,0.062391,0.013517,0.073360,-0.547400,0.273900,-0.003744,-0.046880,-0.029568,READY
1787024015429116048,2026-08-18T10:33:35.429150,ground_truth,-0.051939,0.355000,0.009662,-0.051778,0.285458,0.009200,True,,,,,,,,,0.011152,0.733426,0.374467,0.006865,0.688262,0.458454,0.006540,0.086388,0.078098,0.000000,0.056721,0.010467,0.067760,-0.573160,0.246427,-0.003296,-0.043584,-0.026720,READY
1787024015464725621,2026-08-18T10:33:35.464761,ground_truth,-0.052483,0.337000,0.008944,-0.052128,0.289838,0.008638,True,,,,,,,,,0.011502,0.737807,0.373906,0.006865,0.688262,0.458454,0.003489,0.102970,0.003487,0.000000,0.027045,0.003051,-0.097300,-0.553560,0.089640,-0.016032,-0.040256,-0.003360,READY
1787024015497267424,2026-08-18T10:33:35.497296,ground_truth,-0.052211,0.346000,0.009303,-0.052300,0.293221,0.008229,True,,,,,,,,,0.011674,0.741189,0.373496,0.007345,0.693540,0.449981,0.011342,0.104714,0.033161,0.000000,0.013517,0.002609,-0.126420,-0.541520,0.030793,-0.025600,-0.041760,0.019872,READY
1787024015531156977,2026-08-18T10:33:35.531190,ground_truth,-0.052483,0.337000,0.008944,-0.052341,0.298431,0.007987,True,,,,,,,,,0.011715,0.746399,0.373255,0.007345,0.693540,0.449981,0.011342,0.104714,0.033161,0.000000,0.013517,0.002609,-0.126420,-0.541520,0.030793,-0.025600,-0.041760,0.019872,READY
1787024015565003190,2026-08-18T10:33:35.565033,ground_truth,-0.052211,0.346000,0.009303,-0.052363,0.305126,0.008046,True,,,,,,,,,0.011736,0.753095,0.373314,0.007796,0.699661,0.442101,0.011342,0.104714,0.033161,0.000000,0.013517,0.002609,-0.126420,-0.541520,0.030793,-0.025600,-0.041760,0.019872,READY
1787024015594076725,2026-08-18T10:33:35.594121,ground_truth,-0.053904,0.290000,0.007071,-0.052497,0.312599,0.008222,True,,,,,,,,,0.011871,0.760567,0.373489,0.007796,0.699661,0.442101,0.011342,0.104714,0.033161,0.000000,0.013517,0.002609,-0.126420,-0.541520,0.030793,-0.025600,-0.041760,0.019872,READY
1787024015626905900,2026-08-18T10:33:35.627015,ground_truth,-0.052755,0.328000,0.008586,-0.052727,0.317613,0.008272,True,,,,,,,,,0.012101,0.765581,0.373539,0.008249,0.706601,0.434883,0.011342,0.104714,0.033161,0.000000,0.013517,0.002609,-0.126420,-0.541520,0.030793,-0.025600,-0.041760,0.019872,READY
1787024015670572493,2026-08-18T10:33:35.670602,ground_truth,-0.053057,0.318000,0.008187,-0.052937,0.321176,0.008347,True,,,,,,,,,0.012310,0.769144,0.373614,0.008249,0.706601,0.434883,0.011342,0.104714,0.033161,0.000000,0.013517,0.002609,-0.126420,-0.541520,0.030793,-0.025600,-0.041760,0.019872,READY
1787024015696671613,2026-08-18T10:33:35.696718,ground_truth,-0.053330,0.309000,0.007829,-0.052880,0.323382,0.008421,True,,,,,,,,,0.012254,0.771350,0.373688,0.008696,0.713817,0.428063,0.020940,0.102970,0.074173,0.000000,0.000000,0.021807,-0.119840,-0.521920,0.012118,-0.038400,-0.035584,0.030176,READY
1787024015729477635,2026-08-18T10:33:35.729518,ground_truth,-0.052483,0.337000,0.008944,-0.052880,0.324783,0.008421,True,,,,,,,,,0.012254,0.772752,0.373688,0.008696,0.713817,0.428063,0.032720,0.001744,0.198964,0.005228,0.086386,0.037523,-0.078680,-0.361340,0.003154,-0.092288,0.051936,0.033184,READY
1787024015766084070,2026-08-18T10:33:35.766102,ground_truth,-0.051666,0.364000,0.013904,-0.052824,0.325543,0.008495,True,,,,,,,,,0.012197,0.773512,0.373763,0.009132,0.721259,0.421294,0.026174,0.026174,0.200711,0.005228,0.083766,0.034903,-0.092260,-0.153440,0.009462,-0.089952,0.048320,0.033408,READY
1787024015794213486,2026-08-18T10:33:35.794254,ground_truth,-0.048819,0.328000,0.016473,-0.052695,0.327189,0.008924,True,,,,,,,,,0.012068,0.775157,0.374192,0.009132,0.721259,0.421294,0.020940,0.053667,0.198964,0.008289,0.081158,0.029665,-0.091980,-0.123900,0.015023,-0.092608,0.050592,0.032896,READY
1787024015828980264,2026-08-18T10:33:35.828999,ground_truth,-0.048819,0.328000,0.020416,-0.052394,0.329011,0.009501,True,,,,,,,,,0.011768,0.776980,0.374768,0.009496,0.728956,0.414866,0.016138,0.083336,0.197216,0.008289,0.078096,0.023995,-0.093520,-0.120540,0.012284,-0.093568,0.051488,0.033568,READY
1787024015869810670,2026-08-18T10:33:35.869844,ground_truth,-0.048819,0.328000,0.028303,-0.052093,0.330389,0.010340,True,,,,,,,,,0.011467,0.778357,0.375607,0.009496,0.728956,0.414866,0.014394,0.097736,0.193291,0.005670,0.078096,0.021375,-0.094500,-0.133280,0.020501,-0.094176,0.053216,0.031520,READY
1787024015900009473,2026-08-18T10:33:35.900045,ground_truth,-0.044883,0.328000,0.032247,-0.051831,0.331678,0.011654,True,,,,,,,,,0.011204,0.779646,0.376922,0.009765,0.736925,0.408901,0.011780,0.107772,0.189804,0.005228,0.078096,0.016137,-0.076440,-0.119280,0.015687,-0.096352,0.046304,0.030176,READY
1787024015931250712,2026-08-18T10:33:35.931276,ground_truth,-0.045638,0.300000,0.043378,-0.051324,0.331936,0.013208,True,,,,,,,,,0.010698,0.779904,0.378475,0.009765,0.736925,0.408901,0.011780,0.107772,0.189804,0.005228,0.078096,0.016137,-0.076440,-0.119280,0.015687,-0.096352,0.046304,0.030176,READY
1787024015967382141,2026-08-18T10:33:35.967415,ground_truth,-0.041428,0.309000,0.051552,-0.050904,0.331507,0.015456,True,,,,,,,,,0.010278,0.779476,0.380723,0.009865,0.745236,0.403397,0.011780,0.107772,0.189804,0.005228,0.078096,0.016137,-0.076440,-0.119280,0.015687,-0.096352,0.046304,0.030176,READY
1787024015997605170,2026-08-18T10:33:35.997645,ground_truth,-0.035209,0.231000,0.062173,-0.050167,0.329928,0.018296,True,,,,,,,,,0.009541,0.777897,0.383563,0.009865,0.745236,0.403397,0.011780,0.107772,0.189804,0.005228,0.078096,0.016137,-0.076440,-0.119280,0.015687,-0.096352,0.046304,0.030176,READY
1787024016029240659,2026-08-18T10:33:36.029255,ground_truth,-0.034329,0.271000,0.070917,-0.049034,0.327159,0.021821,True,,,,,,,,,0.008407,0.775127,0.387088,0.009436,0.754025,0.398602,0.001744,0.133952,0.131765,0.002609,0.059340,0.000000,0.077140,-0.130480,0.046978,-0.099904,0.042912,0.019936,READY
1787024016065702923,2026-08-18T10:33:36.065720,ground_truth,-0.029526,0.309000,0.079376,-0.047823,0.323085,0.025952,True,,,,,,,,,0.007197,0.771054,0.391219,0.009436,0.754025,0.398602,0.008285,0.140492,0.109519,0.002609,0.059340,0.002609,0.104720,-0.145320,0.057104,-0.102400,0.048768,-0.000128,READY
1787024016097102396,2026-08-18T10:33:36.097147,ground_truth,-0.030299,0.271000,0.087067,-0.046311,0.318270,0.030624,True,,,,,,,,,0.005685,0.766239,0.395891,0.008021,0.761918,0.395586,0.008285,0.140492,0.109519,0.002609,0.059340,0.002609,0.104720,-0.145320,0.057104,-0.102400,0.048768,-0.000128,READY
1787024016132611242,2026-08-18T10:33:36.132631,ground_truth,-0.029526,0.309000,0.095276,-0.044737,0.313787,0.035957,True,,,,,,,,,0.004111,0.761756,0.401224,0.008021,0.761918,0.395586,0.008285,0.140492,0.109519,0.002609,0.059340,0.002609,0.104720,-0.145320,0.057104,-0.102400,0.048768,-0.000128,READY
1787024016168719249,2026-08-18T10:33:36.168751,ground_truth,-0.024699,0.355000,0.103235,-0.043189,0.311878,0.041736,True,,,,,,,,,0.002563,0.759846,0.407003,0.002563,0.759846,0.407003,0.008285,0.140492,0.109519,0.002609,0.059340,0.002609,0.104720,-0.145320,0.057104,-0.102400,0.048768,-0.000128,READY
1787024016198009050,2026-08-18T10:33:36.198045,ground_truth,-0.020654,0.364000,0.111005,-0.041298,0.311016,0.048073,True,,,,,,,,,0.000672,0.758984,0.413340,0.002563,0.759846,0.407003,0.008285,0.140492,0.109519,0.002609,0.059340,0.002609,0.104720,-0.145320,0.057104,-0.102400,0.048768,-0.000128,READY
1787024016232508469,2026-08-18T10:33:36.232554,ground_truth,-0.013148,0.346000,0.118888,-0.039120,0.312817,0.054951,True,,,,,,,,,-0.001506,0.760785,0.420218,0.001916,0.759995,0.409104,0.020940,0.184568,0.055845,0.000000,0.072857,0.018756,0.115500,-0.126980,0.316064,-0.104352,0.047488,-0.029952,READY
1787024016261964994,2026-08-18T10:33:36.262015,ground_truth,-0.008915,0.373000,0.126454,-0.036498,0.315150,0.062281,True,,,,,,,,,-0.004129,0.763118,0.427548,0.001916,0.759995,0.409104,0.024867,0.194604,0.083333,0.000000,0.075477,0.021375,0.133840,-0.134540,0.311748,-0.101184,0.047648,-0.028896,READY
1787024016295063194,2026-08-18T10:33:36.295103,ground_truth,-0.000954,0.400000,0.133840,-0.033648,0.317057,0.069784,True,,,,,,,,,-0.006979,0.765025,0.435051,0.000309,0.760768,0.413139,0.026174,0.199400,0.102099,0.000000,0.080716,0.021375,0.130760,-0.151200,0.322538,-0.099744,0.044096,-0.031232,READY
1787024016327215613,2026-08-18T10:33:36.327251,ground_truth,0.002863,0.400000,0.141490,-0.030457,0.319358,0.077609,True,,,,,,,,,-0.010170,0.767326,0.442876,0.000309,0.760768,0.413139,0.027925,0.197655,0.122605,0.000000,0.081158,0.027045,0.114380,-0.124600,0.310171,-0.097184,0.047712,-0.033568,READY
1787024016362283482,2026-08-18T10:33:36.362345,ground_truth,0.006730,0.409000,0.145152,-0.027011,0.323658,0.085680,True,,,,,,,,,-0.013615,0.771627,0.450947,-0.001997,0.762281,0.419140,0.029231,0.199400,0.133951,0.000000,0.080716,0.027045,0.106820,-0.145600,0.314985,-0.094944,0.046976,-0.033408,READY
1787024016395257435,2026-08-18T10:33:36.395285,ground_truth,0.014352,0.417000,0.152601,-0.023308,0.328358,0.093470,True,,,,,,,,,-0.017319,0.776327,0.458737,-0.001997,0.762281,0.419140,0.029669,0.197655,0.139185,0.000000,0.081158,0.027045,0.104440,-0.130480,0.305772,-0.093120,0.043360,-0.034240,READY
1787024016431278782,2026-08-18T10:33:36.431310,ground_truth,0.021921,0.426000,0.156192,-0.019359,0.333618,0.101494,True,,,,,,,,,-0.021268,0.781587,0.466761,-0.005085,0.765077,0.426885,0.029231,0.200706,0.148784,0.000000,0.078096,0.029665,0.115220,-0.164220,0.315400,-0.086432,0.046528,-0.033728,READY
1787024016462593741,2026-08-18T10:33:36.462632,ground_truth,0.025649,0.443000,0.163309,-0.014855,0.339417,0.109015,True,,,,,,,,,-0.025771,0.787385,0.474282,-0.005085,0.765077,0.426885,0.030976,0.195911,0.157951,0.000000,0.080716,0.029665,0.135100,-0.129500,0.323783,-0.074368,0.047648,-0.035296,READY
1787024016497937466,2026-08-18T10:33:36.497977,ground_truth,0.033195,0.434000,0.171082,-0.010383,0.346817,0.116465,True,,,,,,,,,-0.030243,0.794785,0.481732,-0.008809,0.769474,0.435003,0.034465,0.199400,0.167112,0.000000,0.080716,0.032284,0.117740,-0.156520,0.321542,-0.060160,0.043424,-0.035680,READY
1787024016535445640,2026-08-18T10:33:36.535470,ground_truth,0.040326,0.476000,0.173540,-0.005823,0.355443,0.123726,True,,,,,,,,,-0.034804,0.803412,0.488993,-0.008809,0.769474,0.435003,0.035778,0.200706,0.172785,0.002609,0.078096,0.034903,0.121100,-0.170380,0.323783,-0.044640,0.048096,-0.034400,READY
1787024016561593780,2026-08-18T10:33:36.561647,ground_truth,0.044018,0.476000,0.177239,-0.000846,0.366342,0.130567,True,,,,,,,,,-0.039781,0.814311,0.495834,-0.012592,0.774951,0.442433,0.036209,0.201144,0.180205,0.000000,0.080716,0.037954,0.110600,-0.185920,0.312412,-0.029344,0.045984,-0.031616,READY
1787024016598130274,2026-08-18T10:33:36.598163,ground_truth,0.051401,0.476000,0.180938,0.004057,0.379455,0.137091,True,,,,,,,,,-0.044683,0.827424,0.502359,-0.012592,0.774951,0.442433,0.037523,0.198962,0.184131,0.002609,0.078096,0.040142,0.128240,-0.168280,0.326356,-0.013024,0.049312,-0.032672,READY
1787024016631158231,2026-08-18T10:33:36.631169,ground_truth,0.059084,0.459000,0.185252,0.009504,0.393011,0.143349,True,,,,,,,,,-0.050130,0.840980,0.508617,-0.016313,0.781497,0.448994,0.042756,0.199400,0.193291,0.010898,0.078538,0.045812,0.131320,-0.166740,0.312412,-0.004864,0.046432,-0.036416,READY
1787024016662356421,2026-08-18T10:33:36.662400,ground_truth,0.069681,0.484000,0.188034,0.015411,0.404629,0.149348,True,,,,,,,,,-0.056038,0.852597,0.514615,-0.016313,0.781497,0.448994,0.044069,0.199400,0.193291,0.005670,0.078096,0.045812,0.129500,-0.186620,0.317724,-0.008960,0.050432,-0.036128,READY
1787024016698729690,2026-08-18T10:33:36.698753,ground_truth,0.073166,0.492000,0.191404,0.021703,0.415859,0.155001,True,,,,,,,,,-0.062330,0.863828,0.520268,-0.020292,0.788614,0.455156,0.050609,0.191108,0.195477,0.005228,0.078096,0.051040,0.121520,-0.234360,0.311748,-0.005184,0.049824,-0.038464,READY
1787024016734383990,2026-08-18T10:33:36.734419,ground_truth,0.080717,0.484000,0.191719,0.027958,0.424985,0.160361,True,,,,,,,,,-0.068584,0.872954,0.525628,-0.020292,0.788614,0.455156,0.051923,0.161439,0.182383,0.005670,0.080716,0.056721,0.136080,-0.246960,0.308843,-0.004064,0.044320,-0.037248,READY
1787024016764728332,2026-08-18T10:33:36.764763,ground_truth,0.087828,0.492000,0.195076,0.034216,0.433690,0.165216,True,,,,,,,,,-0.074842,0.881659,0.530484,-0.024354,0.795544,0.460766,0.055412,0.143550,0.172785,0.008289,0.080716,0.059340,0.122080,-0.269640,0.305191,-0.003456,0.046656,-0.033952,READY
1787024016797028793,2026-08-18T10:33:36.797044,ground_truth,0.094614,0.508000,0.198065,0.040665,0.442258,0.169791,True,,,,,,,,,-0.081291,0.890227,0.535058,-0.024354,0.795544,0.460766,0.055849,0.101225,0.148353,0.005228,0.080716,0.061949,0.112140,-0.326340,0.295563,-0.004576,0.048320,-0.038528,READY
1787024016829870230,2026-08-18T10:33:36.829906,ground_truth,0.097682,0.524000,0.197381,0.047036,0.450318,0.174073,True,,,,,,,,,-0.087663,0.898287,0.539340,-0.028736,0.802655,0.466205,0.053667,0.057156,0.126099,0.005228,0.078096,0.061949,0.133560,-0.344680,0.282366,-0.003072,0.045248,-0.039296,READY
1787024016866693215,2026-08-18T10:33:36.866716,ground_truth,0.101892,0.508000,0.201711,0.053358,0.457690,0.177799,True,,,,,,,,,-0.093984,0.905659,0.543066,-0.028736,0.802655,0.466205,0.054105,0.021378,0.109950,0.005228,0.080716,0.058898,0.120820,-0.365120,0.284441,-0.005632,0.050368,-0.037024,READY
1787024016897605656,2026-08-18T10:33:36.897642,ground_truth,0.108845,0.516000,0.201356,0.059702,0.464925,0.181570,True,,,,,,,,,-0.100328,0.912893,0.546837,-0.033386,0.809816,0.471442,0.054105,0.021378,0.109950,0.005228,0.080716,0.058898,0.120820,-0.365120,0.284441,-0.005632,0.050368,-0.037024,READY
1787024016933951300,2026-08-18T10:33:36.933992,ground_truth,0.111159,0.547000,0.203561,0.066001,0.472078,0.184820,True,,,,,,,,,-0.106628,0.920047,0.550087,-0.033386,0.809816,0.471442,0.054105,0.021378,0.109950,0.005228,0.080716,0.058898,0.120820,-0.365120,0.284441,-0.005632,0.050368,-0.037024,READY
1787024016964473272,2026-08-18T10:33:36.964537,ground_truth,0.119358,0.524000,0.204620,0.071950,0.478789,0.187978,True,,,,,,,,,-0.112577,0.926757,0.553245,-0.038240,0.816983,0.476456,0.054105,0.021378,0.109950,0.005228,0.080716,0.058898,0.120820,-0.365120,0.284441,-0.005632,0.050368,-0.037024,READY
1787024016998554236,2026-08-18T10:33:36.998579,ground_truth,0.129033,0.547000,0.203561,0.078198,0.485358,0.190732,True,,,,,,,,,-0.118824,0.933326,0.555999,-0.038240,0.816983,0.476456,0.054105,0.021378,0.109950,0.005228,0.080716,0.058898,0.120820,-0.365120,0.284441,-0.005632,0.050368,-0.037024,READY
1787024017032318089,2026-08-18T10:33:37.032333,ground_truth,0.140202,0.539000,0.203929,0.084587,0.492698,0.192897,True,,,,,,,,,-0.125213,0.940667,0.558164,-0.043307,0.824189,0.481216,0.058901,0.058901,0.128278,0.010898,0.051040,0.064568,0.137200,-0.586740,0.317060,-0.004960,0.040864,-0.034304,READY
1787024017063349446,2026-08-18T10:33:37.063381,ground_truth,0.156479,0.508000,0.205357,0.091245,0.499286,0.194923,True,,,,,,,,,-0.131872,0.947255,0.560190,-0.043307,0.824189,0.481216,0.061958,0.055412,0.137877,0.008289,0.043193,0.064568,0.127960,-0.575260,0.317973,-0.005184,0.040576,-0.036512,READY
1787024017098070113,2026-08-18T10:33:37.098124,ground_truth,0.162711,0.524000,0.208240,0.098743,0.503964,0.196798,True,,,,,,,,,-0.139369,0.951932,0.562065,-0.048670,0.831321,0.485730,0.068498,0.049303,0.160130,0.010467,0.013517,0.070249,0.142800,-0.588000,0.326190,-0.004640,0.031456,-0.038144,READY
1787024017131055166,2026-08-18T10:33:37.131088,ground_truth,0.168906,0.539000,0.207524,0.106163,0.507459,0.198618,True,,,,,,,,,-0.146790,0.955428,0.563885,-0.048670,0.831321,0.485730,0.075045,0.044069,0.171037,0.008289,0.002609,0.075477,0.149100,-0.556360,0.340134,-0.003456,0.024000,-0.039584,READY
1787024017163672302,2026-08-18T10:33:37.163699,ground_truth,0.170876,0.562000,0.206427,0.113485,0.510719,0.200103,True,,,,,,,,,-0.154111,0.958687,0.565370,-0.054450,0.838302,0.490095,0.083336,0.032283,0.188056,0.010898,0.027045,0.078096,0.132580,-0.529060,0.316728,-0.003296,-0.044928,-0.035904,READY
1787024017199239607,2026-08-18T10:33:37.199292,ground_truth,0.174426,0.562000,0.206427,0.120231,0.514730,0.201329,True,,,,,,,,,-0.160858,0.962699,0.566596,-0.054450,0.838302,0.490095,0.085081,0.026174,0.191112,0.010898,0.043193,0.078096,0.156520,-0.516460,0.326688,-0.005696,-0.045248,-0.038240,READY
1787024017231611950,2026-08-18T10:33:37.231647,ground_truth,0.177976,0.562000,0.206427,0.126982,0.519693,0.202330,True,,,,,,,,,-0.167608,0.967661,0.567598,-0.060424,0.845132,0.494187,0.089445,0.014394,0.196785,0.010898,0.056279,0.078096,0.144340,-0.515480,0.323783,-0.009248,-0.045024,-0.043200,READY
1787024017262892560,2026-08-18T10:33:37.262927,ground_truth,0.180924,0.570000,0.206045,0.133466,0.524845,0.203311,True,,,,,,,,,-0.174092,0.972814,0.568578,-0.060424,0.845132,0.494187,0.089445,0.014394,0.196785,0.010898,0.056279,0.078096,0.144340,-0.515480,0.323783,-0.009248,-0.045024,-0.043200,READY
1787024017295935957,2026-08-18T10:33:37.295975,ground_truth,0.187998,0.570000,0.206045,0.139672,0.529609,0.204042,True,,,,,,,,,-0.180299,0.977577,0.569309,-0.066601,0.851957,0.498058,0.089445,0.014394,0.196785,0.010898,0.056279,0.078096,0.144340,-0.515480,0.323783,-0.009248,-0.045024,-0.043200,READY
1787024017330810679,2026-08-18T10:33:37.330837,ground_truth,0.195071,0.570000,0.206045,0.145898,0.534722,0.204574,True,,,,,,,,,-0.186524,0.982690,0.569841,-0.066601,0.851957,0.498058,0.089445,0.014394,0.196785,0.010898,0.056279,0.078096,0.144340,-0.515480,0.323783,-0.009248,-0.045024,-0.043200,READY
1787024017364191953,2026-08-18T10:33:37.364207,ground_truth,0.200271,0.592000,0.204996,0.152390,0.539051,0.205152,True,,,,,,,,,-0.193017,0.987019,0.570419,-0.072938,0.858727,0.501685,0.101225,0.044069,0.198964,0.010898,0.080716,0.080716,0.143780,-0.250740,0.328763,-0.003360,-0.047104,-0.039136,READY
1787024017401813556,2026-08-18T10:33:37.401851,ground_truth,0.211254,0.547000,0.207143,0.158949,0.543224,0.205371,True,,,,,,,,,-0.199575,0.991192,0.570638,-0.072938,0.858727,0.501685,0.102970,0.047558,0.201142,0.010898,0.081158,0.081158,0.136920,-0.260960,0.322953,-0.003520,-0.050944,-0.035744,READY
1787024017435859300,2026-08-18T10:33:37.435882,ground_truth,0.218404,0.547000,0.203561,0.165776,0.546938,0.205757,True,,,,,,,,,-0.206403,0.994906,0.571024,-0.079552,0.865476,0.505122,0.102970,0.047558,0.201142,0.010898,0.081158,0.081158,0.136920,-0.260960,0.322953,-0.003520,-0.050944,-0.035744,READY
1787024017463903091,2026-08-18T10:33:37.463955,ground_truth,0.219830,0.570000,0.202502,0.172926,0.549334,0.205757,True,,,,,,,,,-0.213552,0.997303,0.571024,-0.079552,0.865476,0.505122,0.102970,0.047558,0.201142,0.010898,0.081158,0.081158,0.136920,-0.260960,0.322953,-0.003520,-0.050944,-0.035744,READY
1787024017499918808,2026-08-18T10:33:37.500130,ground_truth,0.226903,0.570000,0.202502,0.179624,0.551040,0.205615,True,,,,,,,,,-0.220250,0.999009,0.570883,-0.086403,0.871978,0.508324,0.102970,0.047558,0.201142,0.010898,0.081158,0.081158,0.136920,-0.260960,0.322953,-0.003520,-0.050944,-0.035744,READY
1787024017531077638,2026-08-18T10:33:37.531115,ground_truth,0.224775,0.592000,0.201488,0.186149,0.552608,0.205545,True,,,,,,,,,-0.226775,1.000576,0.570812,-0.086403,0.871978,0.508324,0.101225,0.049303,0.201142,0.008289,0.078096,0.081158,0.162680,-0.260680,0.323451,-0.004576,-0.052320,-0.038080,READY
1787024017564862902,2026-08-18T10:33:37.564898,ground_truth,0.233977,0.570000,0.198958,0.191787,0.554575,0.205382,True,,,,,,,,,-0.232413,1.002543,0.570649,-0.093475,0.878301,0.511342,0.107772,0.070243,0.198525,0.010898,0.081158,0.080716,0.160580,-0.261240,0.337229,-0.009920,-0.043264,-0.038848,READY
1787024017595751861,2026-08-18T10:33:37.595800,ground_truth,0.241377,0.532000,0.200645,0.196953,0.556622,0.204955,True,,,,,,,,,-0.237580,1.004590,0.570223,-0.093475,0.878301,0.511342,0.111261,0.073301,0.200711,0.010898,0.080716,0.078096,0.154000,-0.237020,0.331336,-0.009856,-0.044480,-0.040800,READY
1787024017631501717,2026-08-18T10:33:37.631527,ground_truth,0.243818,0.508000,0.201711,0.202198,0.559484,0.204449,True,,,,,,,,,-0.242824,1.007453,0.569716,-0.100754,0.884596,0.514187,0.114319,0.078534,0.201142,0.010898,0.080716,0.078096,0.125860,-0.262220,0.321210,-0.008640,-0.048928,-0.040576,READY
1787024017666550218,2026-08-18T10:33:37.666585,ground_truth,0.245804,0.524000,0.201001,0.207192,0.560484,0.204062,True,,,,,,,,,-0.247818,1.008452,0.569329,-0.100754,0.884596,0.514187,0.114319,0.079847,0.201142,0.010467,0.078538,0.080716,0.149380,-0.252280,0.334656,-0.008640,-0.046304,-0.041408,READY
1787024017698700630,2026-08-18T10:33:37.698742,ground_truth,0.245804,0.524000,0.197381,0.212187,0.559883,0.203700,True,,,,,,,,,-0.252814,1.007852,0.568967,-0.108244,0.890667,0.516886,0.114319,0.081592,0.200711,0.007847,0.081158,0.080716,0.136360,-0.251020,0.330838,-0.010240,-0.045536,-0.043808,READY
1787024017730443304,2026-08-18T10:33:37.730462,ground_truth,0.248577,0.532000,0.197039,0.216946,0.557737,0.203097,True,,,,,,,,,-0.257572,1.005705,0.568364,-0.108244,0.890667,0.516886,0.115626,0.086388,0.200711,0.010898,0.080716,0.080716,0.163660,-0.241080,0.343537,-0.009760,-0.049920,-0.039904,READY
1787024017767687328,2026-08-18T10:33:37.767725,ground_truth,0.250577,0.547000,0.189234,0.221652,0.555281,0.202471,True,,,,,,,,,-0.262279,1.003249,0.567738,-0.116047,0.896371,0.519462,0.116063,0.088139,0.200711,0.010898,0.080716,0.080716,0.156800,-0.257180,0.331834,-0.008576,-0.046816,-0.039680,READY
1787024017799234783,2026-08-18T10:33:37.799291,ground_truth,0.254152,0.547000,0.178489,0.226296,0.553189,0.201350,True,,,,,,,,,-0.266922,1.001158,0.566617,-0.116047,0.896371,0.519462,0.117370,0.089883,0.200711,0.008289,0.080716,0.081158,0.152740,-0.275520,0.336648,-0.008352,-0.047488,-0.041184,READY
1787024017831679201,2026-08-18T10:33:37.831716,ground_truth,0.258606,0.539000,0.178765,0.230706,0.551545,0.199513,True,,,,,,,,,-0.271333,0.999513,0.564780,-0.124149,0.901752,0.521826,0.117370,0.089883,0.200711,0.008289,0.080716,0.081158,0.152740,-0.275520,0.336648,-0.008352,-0.047488,-0.041184,READY
1787024017867224877,2026-08-18T10:33:37.867263,ground_truth,0.262194,0.539000,0.171575,0.234942,0.549989,0.197694,True,,,,,,,,,-0.275568,0.997957,0.562962,-0.124149,0.901752,0.521826,0.117370,0.089883,0.200711,0.008289,0.080716,0.081158,0.152740,-0.275520,0.336648,-0.008352,-0.047488,-0.041184,READY
1787024017898069574,2026-08-18T10:33:37.898093,ground_truth,0.263970,0.555000,0.163939,0.239070,0.548024,0.195466,True,,,,,,,,,-0.279696,0.995993,0.560733,-0.132547,0.906840,0.523927,0.117370,0.089883,0.200711,0.008289,0.080716,0.081158,0.152740,-0.275520,0.336648,-0.008352,-0.047488,-0.041184,READY
1787024017936387510,2026-08-18T10:33:37.936410,ground_truth,0.264876,0.547000,0.164162,0.242584,0.545978,0.192586,True,,,,,,,,,-0.283211,0.993947,0.557853,-0.132547,0.906840,0.523927,0.119552,0.089883,0.200711,0.010898,0.083766,0.078096,0.164500,-0.253260,0.334656,-0.008256,-0.045760,-0.041856,READY
1787024017967409164,2026-08-18T10:33:37.967449,ground_truth,0.269291,0.508000,0.165250,0.245683,0.545569,0.189959,True,,,,,,,,,-0.286309,0.993537,0.555227,-0.141045,0.911632,0.525657,0.125661,0.099481,0.198964,0.008289,0.081158,0.078096,0.132580,-0.244860,0.337229,-0.007904,-0.052096,-0.040480,READY
1787024018001287682,2026-08-18T10:33:38.001302,ground_truth,0.273820,0.468000,0.166365,0.248980,0.545487,0.187476,True,,,,,,,,,-0.289606,0.993456,0.552743,-0.141045,0.911632,0.525657,0.126099,0.104283,0.198964,0.010898,0.078096,0.081158,0.158340,-0.245700,0.347355,-0.015424,-0.048160,-0.041632,READY
1787024018033623577,2026-08-18T10:33:38.033668,ground_truth,0.274839,0.459000,0.166616,0.252108,0.542164,0.185067,True,,,,,,,,,-0.292734,0.990132,0.550334,-0.149917,0.916223,0.527100,0.126099,0.104283,0.198964,0.010898,0.078096,0.081158,0.158340,-0.245700,0.347355,-0.015424,-0.048160,-0.041632,READY
1787024018067923798,2026-08-18T10:33:38.067964,ground_truth,0.279366,0.484000,0.154862,0.255445,0.536059,0.182742,True,,,,,,,,,-0.296072,0.984028,0.548009,-0.149917,0.916223,0.527100,0.126099,0.104283,0.198964,0.010898,0.078096,0.081158,0.158340,-0.245700,0.347355,-0.015424,-0.048160,-0.041632,READY
1787024018102919275,2026-08-18T10:33:38.102960,ground_truth,0.283990,0.476000,0.151346,0.258471,0.529399,0.179802,True,,,,,,,,,-0.299098,0.977367,0.545070,-0.159111,0.919991,0.528207,0.126099,0.104283,0.198964,0.010898,0.078096,0.081158,0.158340,-0.245700,0.347355,-0.015424,-0.048160,-0.041632,READY
1787024018132639741,2026-08-18T10:33:38.132656,ground_truth,0.286723,0.484000,0.143804,0.261312,0.523053,0.176516,True,,,,,,,,,-0.301938,0.971021,0.541783,-0.159111,0.919991,0.528207,0.126099,0.104283,0.198964,0.010898,0.078096,0.081158,0.158340,-0.245700,0.347355,-0.015424,-0.048160,-0.041632,READY
1787024018170659549,2026-08-18T10:33:38.170695,ground_truth,0.289718,0.459000,0.147981,0.264172,0.519224,0.172655,True,,,,,,,,,-0.304799,0.967192,0.537923,-0.168503,0.923034,0.528834,0.130895,0.111261,0.200711,0.007847,0.078096,0.080716,0.140000,-0.259140,0.334656,-0.013984,-0.050144,-0.036736,READY
1787024018201451697,2026-08-18T10:33:38.201488,ground_truth,0.291635,0.443000,0.144541,0.267100,0.515898,0.169121,True,,,,,,,,,-0.307726,0.963867,0.534388,-0.168503,0.923034,0.528834,0.132208,0.112568,0.201142,0.007847,0.080716,0.080716,0.143780,-0.258720,0.347687,-0.013152,-0.046080,-0.041856,READY
1787024018230626239,2026-08-18T10:33:38.230673,ground_truth,0.297446,0.426000,0.137284,0.270156,0.511766,0.165598,True,,,,,,,,,-0.310782,0.959735,0.530865,-0.178219,0.925540,0.528972,0.133952,0.116063,0.200711,0.010898,0.081158,0.080716,0.152740,-0.275800,0.335984,-0.012416,-0.045248,-0.039424,READY
1787024018267411459,2026-08-18T10:33:38.267437,ground_truth,0.297446,0.426000,0.133502,0.273414,0.506620,0.161614,True,,,,,,,,,-0.314040,0.954588,0.526882,-0.178219,0.925540,0.528972,0.132639,0.115626,0.198964,0.010898,0.078096,0.078096,0.164920,-0.260400,0.339470,-0.015424,-0.045536,-0.041472,READY
1787024018302394017,2026-08-18T10:33:38.302419,ground_truth,0.300604,0.400000,0.126191,0.276538,0.499937,0.157899,True,,,,,,,,,-0.317164,0.947906,0.523166,-0.188170,0.927142,0.528557,0.133515,0.116063,0.200711,0.008289,0.081158,0.081158,0.163660,-0.283920,0.336980,-0.012096,-0.049376,-0.039360,READY
1787024018333985703,2026-08-18T10:33:38.334043,ground_truth,0.300604,0.400000,0.122367,0.279635,0.492147,0.154412,True,,,,,,,,,-0.320261,0.940116,0.519680,-0.188170,0.927142,0.528557,0.133952,0.117808,0.200711,0.010467,0.080716,0.080716,0.136920,-0.293860,0.356319,-0.014432,-0.045696,-0.041696,READY
1787024018369618796,2026-08-18T10:33:38.369658,ground_truth,0.299511,0.409000,0.118485,0.282435,0.482750,0.150652,True,,,,,,,,,-0.323061,0.930718,0.515920,-0.198112,0.927406,0.527625,0.133952,0.117808,0.200711,0.010467,0.080716,0.080716,0.136920,-0.293860,0.356319,-0.014432,-0.045696,-0.041696,READY
1787024018397255273,2026-08-18T10:33:38.397290,ground_truth,0.300236,0.434000,0.114556,0.284923,0.473457,0.147113,True,,,,,,,,,-0.325549,0.921425,0.512380,-0.198112,0.927406,0.527625,0.133952,0.117808,0.200711,0.010467,0.080716,0.080716,0.136920,-0.293860,0.356319,-0.014432,-0.045696,-0.041696,READY
1787024018433482983,2026-08-18T10:33:38.433498,ground_truth,0.301221,0.426000,0.107031,0.287340,0.464665,0.143821,True,,,,,,,,,-0.327967,0.912633,0.509088,-0.207890,0.926293,0.526229,0.133952,0.117808,0.200711,0.010467,0.080716,0.080716,0.136920,-0.293860,0.356319,-0.014432,-0.045696,-0.041696,READY
1787024018470212866,2026-08-18T10:33:38.470244,ground_truth,0.302329,0.417000,0.107044,0.289763,0.456453,0.140012,True,,,,,,,,,-0.330390,0.904421,0.505279,-0.207890,0.926293,0.526229,0.133952,0.117808,0.200711,0.010467,0.080716,0.080716,0.136920,-0.293860,0.356319,-0.014432,-0.045696,-0.041696,READY
1787024018501192285,2026-08-18T10:33:38.501230,ground_truth,0.304421,0.400000,0.095595,0.291966,0.448357,0.136132,True,,,,,,,,,-0.332592,0.896326,0.501399,-0.217428,0.924001,0.524330,0.133952,0.117808,0.200711,0.010467,0.080716,0.080716,0.136920,-0.293860,0.356319,-0.014432,-0.045696,-0.041696,READY
1787024018532880623,2026-08-18T10:33:38.532920,ground_truth,0.302329,0.417000,0.091858,0.294006,0.441885,0.131414,True,,,,,,,,,-0.334632,0.889853,0.496681,-0.217428,0.924001,0.524330,0.133952,0.117808,0.200711,0.010467,0.080716,0.080716,0.136920,-0.293860,0.356319,-0.014432,-0.045696,-0.041696,READY
1787024018566561731,2026-08-18T10:33:38.566613,ground_truth,0.303313,0.409000,0.084198,0.295839,0.437870,0.126430,True,,,,,,,,,-0.336465,0.885839,0.491697,-0.226658,0.921042,0.521800,0.135697,0.116063,0.200711,0.008289,0.078096,0.081158,0.161420,-0.303380,0.347023,-0.013312,-0.045696,-0.038400,READY
1787024018597346402,2026-08-18T10:33:38.597365,ground_truth,0.303313,0.409000,0.080388,0.297435,0.433921,0.121719,True,,,,,,,,,-0.338061,0.881889,0.486986,-0.226658,0.921042,0.521800,0.145295,0.116063,0.198964,0.010898,0.081158,0.080716,0.143220,-0.312480,0.360220,-0.017440,-0.046592,-0.040576,READY
1787024018633071396,2026-08-18T10:33:38.633116,ground_truth,0.304421,0.400000,0.080297,0.298723,0.429558,0.116988,True,,,,,,,,,-0.339350,0.877526,0.482256,-0.235506,0.917625,0.518695,0.143550,0.114319,0.200711,0.010898,0.080716,0.078096,0.171640,-0.314580,0.352501,-0.014080,-0.047200,-0.037344,READY
1787024018665098864,2026-08-18T10:33:38.665134,ground_truth,0.304421,0.400000,0.076472,0.299903,0.424685,0.112754,True,,,,,,,,,-0.340530,0.872653,0.478022,-0.235506,0.917625,0.518695,0.147039,0.114319,0.200711,0.010898,0.080716,0.080716,0.161700,-0.318360,0.350924,-0.014368,-0.046368,-0.038080,READY
1787024018699367010,2026-08-18T10:33:38.699400,ground_truth,0.303313,0.409000,0.080388,0.300883,0.419657,0.107987,True,,,,,,,,,-0.341510,0.867625,0.473254,-0.243972,0.913632,0.515066,0.145295,0.112568,0.200711,0.008289,0.080716,0.080716,0.168000,-0.305620,0.349430,-0.012640,-0.047936,-0.041760,READY
1787024018732485865,2026-08-18T10:33:38.732516,ground_truth,0.303313,0.409000,0.080388,0.301662,0.415505,0.103710,True,,,,,,,,,-0.342288,0.863473,0.468978,-0.243972,0.913632,0.515066,0.145295,0.112568,0.200711,0.008289,0.080716,0.080716,0.168000,-0.305620,0.349430,-0.012640,-0.047936,-0.041760,READY
1787024018765999428,2026-08-18T10:33:38.766036,ground_truth,0.304421,0.400000,0.084121,0.302053,0.412861,0.099917,True,,,,,,,,,-0.342679,0.860829,0.465184,-0.252017,0.909329,0.511001,0.145295,0.112568,0.200711,0.008289,0.080716,0.080716,0.168000,-0.305620,0.349430,-0.012640,-0.047936,-0.041760,READY
1787024018799560750,2026-08-18T10:33:38.799594,ground_truth,0.304421,0.400000,0.087946,0.302518,0.411426,0.096625,True,,,,,,,,,-0.343144,0.859394,0.461892,-0.252017,0.909329,0.511001,0.145295,0.112568,0.200711,0.008289,0.080716,0.080716,0.168000,-0.305620,0.349430,-0.012640,-0.047936,-0.041760,READY
1787024018832379756,2026-08-18T10:33:38.832422,ground_truth,0.304421,0.400000,0.099420,0.302773,0.409752,0.094076,True,,,,,,,,,-0.343399,0.857720,0.459343,-0.259832,0.904915,0.506582,0.153586,0.099919,0.200711,0.007847,0.080716,0.081158,0.170380,-0.339080,0.343537,-0.012800,-0.050592,-0.034912,READY
1787024018864546684,2026-08-18T10:33:38.864590,ground_truth,0.304421,0.400000,0.110893,0.303027,0.409417,0.092546,True,,,,,,,,,-0.343653,0.857386,0.457813,-0.259832,0.904915,0.506582,0.156637,0.098174,0.200711,0.008289,0.080716,0.078096,0.147560,-0.336280,0.354410,-0.012096,-0.049536,-0.037472,READY
1787024018899974746,2026-08-18T10:33:38.900021,ground_truth,0.303313,0.409000,0.126104,0.303354,0.409350,0.092040,True,,,,,,,,,-0.343981,0.857319,0.457307,-0.267635,0.900502,0.502014,0.156637,0.091628,0.200711,0.010898,0.078096,0.078096,0.166460,-0.343420,0.341296,-0.012480,-0.049088,-0.040128,READY
1787024018934042883,2026-08-18T10:33:38.934055,ground_truth,0.300604,0.400000,0.130016,0.303560,0.408857,0.092809,True,,,,,,,,,-0.344186,0.856825,0.458077,-0.267635,0.900502,0.502014,0.160133,0.083336,0.200711,0.010467,0.078096,0.080716,0.160860,-0.339080,0.349098,-0.012480,-0.050368,-0.035904,READY
1787024018965477788,2026-08-18T10:33:38.965518,ground_truth,0.302790,0.382000,0.130220,0.303518,0.407371,0.094342,True,,,,,,,,,-0.344145,0.855340,0.459609,-0.275329,0.895960,0.497749,0.161877,0.076790,0.200711,0.010898,0.080716,0.081158,0.179060,-0.356160,0.358892,-0.013824,-0.049536,-0.037920,READY
1787024018997358739,2026-08-18T10:33:38.997371,ground_truth,0.303883,0.373000,0.134192,0.303549,0.405688,0.095887,True,,,,,,,,,-0.344176,0.853656,0.461154,-0.275329,0.895960,0.497749,0.166673,0.067192,0.200711,0.010898,0.081158,0.078096,0.181020,-0.376320,0.352335,-0.016768,-0.046368,-0.038912,READY
1787024019031021982,2026-08-18T10:33:39.031051,ground_truth,0.302790,0.382000,0.130220,0.303513,0.403484,0.098460,True,,,,,,,,,-0.344140,0.851453,0.463727,-0.283084,0.890944,0.493915,0.169730,0.057156,0.200711,0.010467,0.078096,0.081158,0.170800,-0.388640,0.352169,-0.015424,-0.047872,-0.038400,READY
1787024019065208522,2026-08-18T10:33:39.065260,ground_truth,0.304977,0.364000,0.130425,0.303544,0.401177,0.101018,True,,,,,,,,,-0.344171,0.849145,0.466285,-0.283084,0.890944,0.493915,0.174964,0.048865,0.197216,0.007847,0.078096,0.081158,0.156520,-0.416220,0.354244,-0.014304,-0.048544,-0.037408,READY
1787024019098370843,2026-08-18T10:33:39.098403,ground_truth,0.306637,0.382000,0.118658,0.303655,0.398795,0.104099,True,,,,,,,,,-0.344281,0.846764,0.469367,-0.290795,0.885377,0.490822,0.176277,0.037523,0.195477,0.010898,0.078096,0.078096,0.163660,-0.385000,0.353497,-0.013920,-0.044544,-0.036128,READY
1787024019134374153,2026-08-18T10:33:39.134408,ground_truth,0.308853,0.364000,0.118773,0.303877,0.396879,0.106651,True,,,,,,,,,-0.344503,0.844848,0.471918,-0.290795,0.885377,0.490822,0.179766,0.026174,0.189365,0.008289,0.075477,0.075477,0.153020,-0.407960,0.341130,-0.011136,-0.043360,-0.036288,READY
1787024019180403727,2026-08-18T10:33:39.180443,ground_truth,0.308853,0.364000,0.114889,0.304172,0.394096,0.109216,True,,,,,,,,,-0.344798,0.842064,0.474483,-0.298372,0.879300,0.488529,0.176277,0.016576,0.187618,0.010898,0.075477,0.075477,0.195580,-0.411040,0.358477,-0.015104,-0.048704,-0.035744,READY
1787024019207803666,2026-08-18T10:33:39.207828,ground_truth,0.305529,0.391000,0.114761,0.304468,0.391619,0.111777,True,,,,,,,,,-0.345094,0.839588,0.477044,-0.298372,0.879300,0.488529,0.178022,0.010029,0.185870,0.010898,0.075477,0.072857,0.173880,-0.412300,0.360386,-0.014528,-0.046208,-0.040960,READY
1787024019234653653,2026-08-18T10:33:39.234697,ground_truth,0.307745,0.373000,0.118715,0.304615,0.389204,0.114068,True,,,,,,,,,-0.345242,0.837172,0.479336,-0.305771,0.872650,0.487078,0.178022,0.010029,0.185870,0.010898,0.075477,0.072857,0.173880,-0.412300,0.360386,-0.014528,-0.046208,-0.040960,READY
1787024019266083358,2026-08-18T10:33:39.266122,ground_truth,0.305529,0.391000,0.118600,0.304911,0.386801,0.116623,True,,,,,,,,,-0.345537,0.834769,0.481891,-0.305771,0.872650,0.487078,0.168424,0.000000,0.187618,0.010898,0.072857,0.075477,0.147560,-0.426160,0.344201,-0.016256,-0.044864,-0.039136,READY
1787024019298885051,2026-08-18T10:33:39.298932,ground_truth,0.307745,0.373000,0.118715,0.304985,0.385360,0.118922,True,,,,,,,,,-0.345611,0.833329,0.484189,-0.312867,0.865646,0.486563,0.163621,0.000000,0.187618,0.010898,0.075477,0.072426,0.169260,-0.548660,0.349098,-0.012864,-0.049664,-0.037568,READY
1787024019333615200,2026-08-18T10:33:39.333652,ground_truth,0.307745,0.373000,0.118715,0.305206,0.383632,0.120973,True,,,,,,,,,-0.345833,0.831601,0.486241,-0.312867,0.865646,0.486563,0.157075,0.003489,0.191543,0.007847,0.075477,0.075477,0.171360,-0.649320,0.348517,-0.014752,-0.047040,-0.038752,READY
1787024019366930581,2026-08-18T10:33:39.366983,ground_truth,0.306637,0.382000,0.118658,0.305428,0.381846,0.122260,True,,,,,,,,,-0.346054,0.829815,0.487527,-0.319697,0.858272,0.486762,0.150528,0.008285,0.195038,0.010898,0.078096,0.075477,0.153720,-0.683760,0.361963,-0.018496,-0.046432,-0.041696,READY
1787024019400390134,2026-08-18T10:33:39.400436,ground_truth,0.306637,0.382000,0.118658,0.305576,0.380049,0.122777,True,,,,,,,,,-0.346202,0.828018,0.488045,-0.319697,0.858272,0.486762,0.150097,0.010029,0.195038,0.010467,0.078538,0.080716,0.128240,-0.692720,0.370346,-0.018816,-0.047936,-0.038752,READY
1787024019434950773,2026-08-18T10:33:39.434983,ground_truth,0.308853,0.364000,0.114889,0.305797,0.378730,0.122281,True,,,,,,,,,-0.346423,0.826698,0.487548,-0.326164,0.850632,0.486952,0.140492,0.011780,0.198964,0.008289,0.080716,0.078096,0.134120,-0.685300,0.364370,-0.015648,-0.044480,-0.039360,READY
1787024019467192010,2026-08-18T10:33:39.467217,ground_truth,0.307745,0.373000,0.118715,0.306347,0.377506,0.121272,True,,,,,,,,,-0.346973,0.825474,0.486540,-0.326164,0.850632,0.486952,0.135697,0.011780,0.198964,0.005228,0.080716,0.078096,0.135100,-0.678860,0.354410,-0.011808,-0.048704,-0.039072,READY
1787024019501084727,2026-08-18T10:33:39.501123,ground_truth,0.306637,0.382000,0.118658,0.306677,0.375821,0.120505,True,,,,,,,,,-0.347304,0.823790,0.485773,-0.332292,0.842851,0.486610,0.135697,0.009598,0.193291,0.007847,0.080716,0.080716,0.156520,-0.668640,0.337727,-0.009760,-0.047264,-0.038848,READY
1787024019534786155,2026-08-18T10:33:39.534825,ground_truth,0.307745,0.373000,0.122584,0.306861,0.375004,0.119470,True,,,,,,,,,-0.347487,0.822973,0.484737,-0.332292,0.842851,0.486610,0.133952,0.010029,0.156204,0.008289,0.080716,0.078096,0.127680,-0.667380,0.315400,-0.010240,-0.048544,-0.038240,READY
1787024019570095722,2026-08-18T10:33:39.570137,ground_truth,0.307745,0.373000,0.122584,0.307191,0.374361,0.118961,True,,,,,,,,,-0.347818,0.822329,0.484228,-0.338365,0.834823,0.485678,0.128712,0.013087,0.102538,0.010898,0.075477,0.075477,0.137620,-0.666400,0.302618,-0.010816,-0.046304,-0.039808,READY
1787024019599890175,2026-08-18T10:33:39.599945,ground_truth,0.306637,0.382000,0.126366,0.307376,0.374232,0.118438,True,,,,,,,,,-0.348002,0.822201,0.483705,-0.338365,0.834823,0.485678,0.127406,0.013087,0.081593,0.008289,0.075477,0.072426,0.122640,-0.665140,0.282034,-0.012096,-0.047808,-0.042368,READY
1787024019634538866,2026-08-18T10:33:39.634574,ground_truth,0.307745,0.373000,0.126454,0.307376,0.373727,0.118952,True,,,,,,,,,-0.348002,0.821695,0.484219,-0.343412,0.827949,0.484914,0.127406,0.017889,0.023993,0.010467,0.072857,0.075477,0.144760,-0.666120,0.242443,-0.011808,-0.053216,-0.037344,READY
1787024019669868971,2026-08-18T10:33:39.669901,ground_truth,0.307745,0.373000,0.126454,0.307302,0.374105,0.119464,True,,,,,,,,,-0.347928,0.822074,0.484731,-0.343412,0.827949,0.484914,0.127406,0.017889,0.023993,0.010467,0.072857,0.075477,0.144760,-0.666120,0.242443,-0.011808,-0.053216,-0.037344,READY
1787024019702174135,2026-08-18T10:33:39.702208,ground_truth,0.308853,0.364000,0.126541,0.307228,0.374661,0.120235,True,,,,,,,,,-0.347854,0.822630,0.485502,-0.347398,0.822916,0.484994,0.127406,0.017889,0.023993,0.010467,0.072857,0.075477,0.144760,-0.666120,0.242443,-0.011808,-0.053216,-0.037344,READY
1787024019737766020,2026-08-18T10:33:39.737803,ground_truth,0.308853,0.364000,0.126541,0.307450,0.375252,0.121020,True,,,,,,,,,-0.348076,0.823221,0.486288,-0.347398,0.822916,0.484994,0.127406,0.017889,0.023993,0.010467,0.072857,0.075477,0.144760,-0.666120,0.242443,-0.011808,-0.053216,-0.037344,READY
1787024019768250225,2026-08-18T10:33:39.768319,ground_truth,0.307745,0.373000,0.122584,0.307524,0.374891,0.121542,True,,,,,,,,,-0.348150,0.822859,0.486809,-0.350400,0.819594,0.485999,0.127406,0.017889,0.023993,0.010467,0.072857,0.075477,0.144760,-0.666120,0.242443,-0.011808,-0.053216,-0.037344,READY
1787024019803791875,2026-08-18T10:33:39.803823,ground_truth,0.307745,0.373000,0.122584,0.307671,0.373378,0.121808,True,,,,,,,,,-0.348298,0.821347,0.487075,-0.350400,0.819594,0.485999,0.127406,0.017889,0.001740,0.007847,0.075477,0.072857,0.169540,-0.690340,0.184509,-0.009472,-0.048704,-0.038144,READY
1787024019834734152,2026-08-18T10:33:39.834746,ground_truth,0.309961,0.355000,0.122729,0.307671,0.373076,0.122066,True,,,,,,,,,-0.348298,0.821044,0.487333,-0.348298,0.821044,0.487333,0.135697,0.058901,0.174532,0.010898,0.078096,0.080716,0.158620,-0.751940,0.043907,-0.013920,-0.049312,-0.038144,READY
1787024019868757348,2026-08-18T10:33:39.868772,ground_truth,0.306637,0.382000,0.122512,0.307819,0.373015,0.122333,True,,,,,,,,,-0.348445,0.820984,0.487600,-0.348298,0.821044,0.487333,0.137004,0.067192,0.174532,0.008289,0.080716,0.078096,0.141260,-0.742980,0.041334,-0.016256,-0.048640,-0.038912,READY
1787024019902403418,2026-08-18T10:33:39.902438,ground_truth,0.307745,0.373000,0.122584,0.307819,0.373003,0.122590,True,,,,,,,,,-0.348445,0.820972,0.487857,-0.348721,0.820836,0.488836,0.135697,0.070243,0.174532,0.010898,0.080716,0.080716,0.145320,-0.768460,0.033034,-0.013088,-0.047488,-0.039584,READY
1787024019934093691,2026-08-18T10:33:39.934105,ground_truth,0.304421,0.400000,0.126191,0.307893,0.372521,0.122852,True,,,,,,,,,-0.348519,0.820489,0.488119,-0.348721,0.820836,0.488836,0.135259,0.079847,0.176710,0.010898,0.080716,0.080716,0.137200,-0.729120,0.044405,-0.017600,-0.045312,-0.039520,READY
1787024019968410521,2026-08-18T10:33:39.968441,ground_truth,0.303313,0.409000,0.129914,0.307597,0.372424,0.123605,True,,,,,,,,,-0.348224,0.820393,0.488873,-0.347572,0.819767,0.489036,0.133952,0.084643,0.178458,0.010467,0.081158,0.081158,0.157080,-0.728700,0.032868,-0.015936,-0.050368,-0.037120,READY
1787024019999624732,2026-08-18T10:33:39.999667,ground_truth,0.304421,0.400000,0.130016,0.307302,0.373845,0.124352,True,,,,,,,,,-0.347928,0.821813,0.489619,-0.347572,0.819767,0.489036,0.133952,0.088139,0.178458,0.010467,0.083766,0.078096,0.131740,-0.748580,0.022244,-0.014528,-0.048032,-0.037120,READY
1787024020033972679,2026-08-18T10:33:40.034013,ground_truth,0.303313,0.409000,0.133723,0.307154,0.375569,0.125109,True,,,,,,,,,-0.347781,0.823538,0.490376,-0.346987,0.820776,0.489735,0.132208,0.089883,0.184131,0.010467,0.080716,0.081158,0.154980,-0.732200,0.043160,-0.015584,-0.047360,-0.038304,READY
1787024020069008599,2026-08-18T10:33:40.069050,ground_truth,0.301221,0.426000,0.133502,0.306859,0.377834,0.125852,True,,,,,,,,,-0.347485,0.825802,0.491119,-0.346987,0.820776,0.489735,0.132208,0.089883,0.184131,0.010467,0.080716,0.081158,0.154980,-0.732200,0.043160,-0.015584,-0.047360,-0.038304,READY
1787024020103423676,2026-08-18T10:33:40.103454,ground_truth,0.305529,0.391000,0.137797,0.306424,0.380207,0.126580,True,,,,,,,,,-0.347050,0.828175,0.491847,-0.346698,0.823938,0.490857,0.132208,0.089883,0.184131,0.010467,0.080716,0.081158,0.154980,-0.732200,0.043160,-0.015584,-0.047360,-0.038304,READY
1787024020136243990,2026-08-18T10:33:40.136257,ground_truth,0.306637,0.382000,0.134075,0.306350,0.382601,0.127342,True,,,,,,,,,-0.346976,0.830570,0.492609,-0.346698,0.823938,0.490857,0.132639,0.089883,0.184131,0.008289,0.080716,0.080716,0.149940,-0.750400,0.030295,-0.016640,-0.049088,-0.040032,READY
1787024020167019929,2026-08-18T10:33:40.167043,ground_truth,0.309961,0.355000,0.134426,0.306276,0.384040,0.127850,True,,,,,,,,,-0.346902,0.832009,0.493117,-0.346759,0.829303,0.492407,0.125661,0.096423,0.195038,0.007847,0.080716,0.081158,0.116480,-0.707700,0.039757,-0.013824,-0.048096,-0.040192,READY
1787024020205098700,2026-08-18T10:33:40.205110,ground_truth,0.305529,0.391000,0.133958,0.306424,0.384808,0.128381,True,,,,,,,,,-0.347050,0.832777,0.493649,-0.346759,0.829303,0.492407,0.115626,0.089445,0.189365,0.007847,0.075477,0.080716,0.131320,-0.686560,0.047642,-0.012800,-0.048320,-0.039808,READY
1787024020235233571,2026-08-18T10:33:40.235255,ground_truth,0.308853,0.364000,0.130425,0.306202,0.385442,0.128876,True,,,,,,,,,-0.346829,0.833410,0.494143,-0.346828,0.833384,0.494132,0.115626,0.089445,0.189365,0.007847,0.075477,0.080716,0.131320,-0.686560,0.047642,-0.012800,-0.048320,-0.039808,READY
1787024020268605057,2026-08-18T10:33:40.268639,ground_truth,0.307745,0.373000,0.130323,0.306202,0.385568,0.129135,True,,,,,,,,,-0.346829,0.833537,0.494402,-0.346828,0.833384,0.494132,0.115626,0.089445,0.189365,0.007847,0.075477,0.080716,0.131320,-0.686560,0.047642,-0.012800,-0.048320,-0.039808,READY
1787024020301885485,2026-08-18T10:33:40.301943,ground_truth,0.309961,0.355000,0.130527,0.306202,0.386074,0.129651,True,,,,,,,,,-0.346829,0.834042,0.494918,-0.346842,0.835263,0.495789,0.115626,0.089445,0.189365,0.007847,0.075477,0.080716,0.131320,-0.686560,0.047642,-0.012800,-0.048320,-0.039808,READY
1787024020337085731,2026-08-18T10:33:40.337122,ground_truth,0.306637,0.382000,0.130220,0.306350,0.385695,0.130180,True,,,,,,,,,-0.346976,0.833663,0.495447,-0.346842,0.835263,0.495789,0.112568,0.085081,0.181945,0.008289,0.072857,0.080716,0.120820,-0.698040,0.044405,-0.012192,-0.045696,-0.039680,READY
1787024020367324029,2026-08-18T10:33:40.367353,ground_truth,0.304421,0.400000,0.130016,0.306128,0.385619,0.130680,True,,,,,,,,,-0.346755,0.833587,0.495947,-0.346784,0.835025,0.496795,0.063703,0.054105,0.095117,0.002609,0.043193,0.078096,0.070000,-0.678580,0.092545,-0.013696,-0.042752,-0.040256,READY
1787024020400643847,2026-08-18T10:33:40.400663,ground_truth,0.305529,0.391000,0.133958,0.305981,0.386084,0.131180,True,,,,,,,,,-0.346607,0.834052,0.496447,-0.346784,0.835025,0.496795,0.051923,0.047558,0.074173,0.005670,0.034903,0.080716,0.050120,-0.672280,0.094952,-0.010912,-0.039584,-0.040256,READY
1787024020433706726,2026-08-18T10:33:40.433756,ground_truth,0.304421,0.400000,0.133840,0.305833,0.387137,0.131938,True,,,,,,,,,-0.346459,0.835105,0.497205,-0.345842,0.835258,0.497984,0.032720,0.034465,0.037086,0.002609,0.027045,0.078096,0.071540,-0.660520,0.109228,-0.013312,-0.041024,-0.040800,READY
1787024020466563653,2026-08-18T10:33:40.466579,ground_truth,0.304421,0.400000,0.133840,0.305833,0.388307,0.132448,True,,,,,,,,,-0.346459,0.836276,0.497715,-0.345842,0.835258,0.497984,0.016576,0.026174,0.016580,0.000000,0.021807,0.081158,0.077140,-0.674240,0.108149,-0.010368,-0.038848,-0.039200,READY
1787024020502501499,2026-08-18T10:33:40.502516,ground_truth,0.305529,0.391000,0.133958,0.305907,0.388542,0.132710,True,,,,,,,,,-0.346533,0.836510,0.497977,-0.346437,0.836906,0.498324,0.006540,0.020940,0.007413,0.000000,0.013517,0.080716,0.069020,-0.662340,0.113378,-0.013312,-0.039360,-0.037344,READY
1787024020534868664,2026-08-18T10:33:40.534933,ground_truth,0.306637,0.382000,0.134075,0.305981,0.388588,0.132973,True,,,,,,,,,-0.346607,0.836557,0.498240,-0.346437,0.836906,0.498324,0.003051,0.019634,0.005666,0.000000,0.013517,0.080716,0.061600,-0.664020,0.111635,-0.014144,-0.037184,-0.037344,READY
1787024020567220294,2026-08-18T10:33:40.567259,ground_truth,0.306637,0.382000,0.134075,0.306202,0.387638,0.132996,True,,,,,,,,,-0.346829,0.835606,0.498263,-0.347090,0.836339,0.498414,0.003051,0.019634,0.005666,0.000000,0.013517,0.080716,0.061600,-0.664020,0.111635,-0.014144,-0.037184,-0.037344,READY
1787024020606014665,2026-08-18T10:33:40.606040,ground_truth,0.308853,0.364000,0.134309,0.306563,0.386008,0.133034,True,,,,,,,,,-0.347190,0.833976,0.498301,-0.347090,0.836339,0.498414,0.003051,0.019634,0.005666,0.000000,0.013517,0.080716,0.061600,-0.664020,0.111635,-0.014144,-0.037184,-0.037344,READY
1787024020635527591,2026-08-18T10:33:40.635560,ground_truth,0.307745,0.373000,0.134192,0.306785,0.384242,0.132802,True,,,,,,,,,-0.347411,0.832210,0.498069,-0.347554,0.833568,0.498238,0.003051,0.019634,0.005666,0.000000,0.013517,0.080716,0.061600,-0.664020,0.111635,-0.014144,-0.037184,-0.037344,READY
1787024020669474435,2026-08-18T10:33:40.669498,ground_truth,0.308853,0.364000,0.134309,0.306859,0.382928,0.132809,True,,,,,,,,,-0.347485,0.830897,0.498077,-0.347554,0.833568,0.498238,0.000000,0.016138,0.000000,0.000000,0.010898,0.080716,0.037380,-0.652820,0.118856,-0.016384,-0.037632,-0.039904,READY
1787024020700370059,2026-08-18T10:33:40.700412,ground_truth,0.305529,0.391000,0.133958,0.306785,0.381706,0.132802,True,,,,,,,,,-0.347411,0.829674,0.498069,-0.347402,0.829431,0.498058,0.014394,0.018320,0.068938,0.000000,0.037523,0.080716,-0.076160,-0.363860,0.331834,-0.050208,-0.045984,-0.038688,READY
1787024020736884937,2026-08-18T10:33:40.736925,ground_truth,0.305529,0.391000,0.133958,0.306785,0.380981,0.132802,True,,,,,,,,,-0.347411,0.828950,0.498069,-0.347402,0.829431,0.498058,0.016138,0.039267,0.111698,0.000000,0.054101,0.080716,-0.081760,-0.313600,0.349430,-0.073024,-0.048096,-0.034848,READY
1787024020767426259,2026-08-18T10:33:40.767456,ground_truth,0.299511,0.409000,0.133723,0.306563,0.382276,0.133037,True,,,,,,,,,-0.347190,0.830245,0.498304,-0.347190,0.830245,0.498304,0.016576,0.047558,0.124791,0.000000,0.058898,0.078096,-0.087080,-0.340900,0.368354,-0.080256,-0.047040,-0.039072,READY
1787024020801657615,2026-08-18T10:33:40.801743,ground_truth,0.299511,0.409000,0.137533,0.306014,0.383495,0.133264,True,,,,,,,,,-0.346641,0.831464,0.498531,-0.347190,0.830245,0.498304,0.014831,0.054105,0.148353,0.002609,0.072857,0.078096,-0.099400,-0.351120,0.355904,-0.094560,-0.047584,-0.039968,READY
1787024020832785120,2026-08-18T10:33:40.832819,ground_truth,0.297446,0.426000,0.137284,0.305318,0.386139,0.133731,True,,,,,,,,,-0.345944,0.834108,0.498998,-0.346525,0.832308,0.498675,0.014831,0.053667,0.152710,0.002609,0.075477,0.078096,-0.110600,-0.359800,0.351671,-0.099232,-0.052096,-0.039744,READY
1787024020870209662,2026-08-18T10:33:40.870224,ground_truth,0.293438,0.459000,0.136800,0.304705,0.388588,0.134202,True,,,,,,,,,-0.345331,0.836556,0.499469,-0.346525,0.832308,0.498675,0.011342,0.044069,0.137438,0.002609,0.083335,0.080716,-0.102900,-0.344960,0.338557,-0.097568,-0.048864,-0.039360,READY
1787024020902945011,2026-08-18T10:33:40.903003,ground_truth,0.287682,0.476000,0.140249,0.303973,0.391424,0.134654,True,,,,,,,,,-0.344599,0.839393,0.499921,-0.345336,0.836538,0.499422,0.011342,0.044069,0.137438,0.002609,0.083335,0.080716,-0.102900,-0.344960,0.338557,-0.097568,-0.048864,-0.039360,READY
1787024020936821033,2026-08-18T10:33:40.936853,ground_truth,0.284935,0.468000,0.151516,0.302783,0.395618,0.135073,True,,,,,,,,,-0.343409,0.843587,0.500341,-0.345336,0.836538,0.499422,0.011342,0.044069,0.137438,0.002609,0.083335,0.080716,-0.102900,-0.344960,0.338557,-0.097568,-0.048864,-0.039360,READY
1787024020968159482,2026-08-18T10:33:40.968178,ground_truth,0.283044,0.484000,0.151176,0.301484,0.400084,0.136252,True,,,,,,,,,-0.342110,0.848052,0.501519,-0.343578,0.842809,0.500558,0.011342,0.044069,0.137438,0.002609,0.083335,0.080716,-0.102900,-0.344960,0.338557,-0.097568,-0.048864,-0.039360,READY
1787024020999717854,2026-08-18T10:33:40.999729,ground_truth,0.276570,0.508000,0.147019,0.300059,0.405030,0.137408,True,,,,,,,,,-0.340685,0.852999,0.502675,-0.343578,0.842809,0.500558,0.011342,0.040574,0.126531,0.003051,0.083335,0.081158,-0.092680,-0.352660,0.327601,-0.097120,-0.047584,-0.037568,READY
1787024021033919280,2026-08-18T10:33:41.033952,ground_truth,0.272930,0.508000,0.150665,0.298128,0.410499,0.138278,True,,,,,,,,,-0.338754,0.858468,0.503546,-0.341093,0.850876,0.502097,0.006540,0.004796,0.046685,0.000000,0.061949,0.080716,-0.091700,-0.387380,0.299879,-0.097728,-0.042464,-0.040192,READY
1787024021069615090,2026-08-18T10:33:41.069662,ground_truth,0.269291,0.508000,0.157958,0.295881,0.417833,0.139384,True,,,,,,,,,-0.336507,0.865802,0.504652,-0.341093,0.850876,0.502097,0.006540,0.004796,0.046685,0.000000,0.061949,0.080716,-0.091700,-0.387380,0.299879,-0.097728,-0.042464,-0.040192,READY
1787024021104841666,2026-08-18T10:33:41.104869,ground_truth,0.267437,0.492000,0.162023,0.293391,0.426020,0.140977,True,,,,,,,,,-0.334018,0.873988,0.506244,-0.338196,0.860338,0.503795,0.006540,0.004796,0.046685,0.000000,0.061949,0.080716,-0.091700,-0.387380,0.299879,-0.097728,-0.042464,-0.040192,READY
1787024021138051790,2026-08-18T10:33:41.138078,ground_truth,0.264651,0.484000,0.162233,0.290630,0.434377,0.142824,True,,,,,,,,,-0.331257,0.882346,0.508091,-0.338196,0.860338,0.503795,0.006540,0.004796,0.046685,0.000000,0.061949,0.080716,-0.091700,-0.387380,0.299879,-0.097728,-0.042464,-0.040192,READY
1787024021171412949,2026-08-18T10:33:41.171448,ground_truth,0.259240,0.500000,0.165473,0.287757,0.442396,0.144694,True,,,,,,,,,-0.328384,0.890364,0.509961,-0.335147,0.869669,0.505711,0.006540,0.004796,0.046685,0.000000,0.061949,0.080716,-0.091700,-0.387380,0.299879,-0.097728,-0.042464,-0.040192,READY
1787024021205332155,2026-08-18T10:33:41.205354,ground_truth,0.257294,0.484000,0.165919,0.284450,0.450826,0.146771,True,,,,,,,,,-0.325076,0.898794,0.512038,-0.335147,0.869669,0.505711,0.004796,0.004796,0.041012,0.000000,0.056721,0.080716,-0.093800,-0.384580,0.300377,-0.097504,-0.044864,-0.039136,READY
1787024021234188238,2026-08-18T10:33:41.234217,ground_truth,0.255294,0.468000,0.170077,0.281234,0.458432,0.148902,True,,,,,,,,,-0.321860,0.906400,0.514169,-0.331835,0.878824,0.507819,0.006540,0.017889,0.027919,0.000000,0.002609,0.078096,0.091140,-0.687540,0.081838,-0.089280,0.001728,-0.040864,READY
1787024021267638370,2026-08-18T10:33:41.267660,ground_truth,0.251589,0.468000,0.170077,0.277885,0.464913,0.151310,True,,,,,,,,,-0.318511,0.912882,0.516577,-0.331835,0.878824,0.507819,0.006540,0.017889,0.027919,0.000000,0.002609,0.078096,0.091140,-0.687540,0.081838,-0.089280,0.001728,-0.040864,READY
1787024021306613793,2026-08-18T10:33:41.306637,ground_truth,0.251589,0.468000,0.170077,0.274690,0.470316,0.153734,True,,,,,,,,,-0.315317,0.918284,0.519001,-0.328058,0.887847,0.510376,0.006540,0.017889,0.027919,0.000000,0.002609,0.078096,0.091140,-0.687540,0.081838,-0.089280,0.001728,-0.040864,READY
1787024021339110695,2026-08-18T10:33:41.339137,ground_truth,0.249613,0.451000,0.174320,0.271495,0.474543,0.155903,True,,,,,,,,,-0.312122,0.922512,0.521170,-0.328058,0.887847,0.510376,0.008285,0.022685,0.041012,0.000000,0.010898,0.081158,0.093800,-0.697060,0.082419,-0.086432,0.036960,-0.038464,READY
1787024021371703386,2026-08-18T10:33:41.371797,ground_truth,0.249280,0.417000,0.175380,0.268307,0.478535,0.158372,True,,,,,,,,,-0.308933,0.926504,0.523640,-0.323851,0.896350,0.513294,0.008285,0.022685,0.041012,0.000000,0.010898,0.081158,0.093800,-0.697060,0.082419,-0.086432,0.036960,-0.038464,READY
1787024021406497874,2026-08-18T10:33:41.406516,ground_truth,0.237640,0.459000,0.170343,0.265363,0.480667,0.160944,True,,,,,,,,,-0.305989,0.928636,0.526212,-0.323851,0.896350,0.513294,0.008285,0.022685,0.041012,0.000000,0.010898,0.081158,0.093800,-0.697060,0.082419,-0.086432,0.036960,-0.038464,READY
1787024021441120118,2026-08-18T10:33:41.441148,ground_truth,0.236297,0.434000,0.174850,0.262027,0.480667,0.162951,True,,,,,,,,,-0.302653,0.928635,0.528218,-0.318673,0.904237,0.516939,0.008285,0.022685,0.041012,0.000000,0.010898,0.081158,0.093800,-0.697060,0.082419,-0.086432,0.036960,-0.038464,READY
1787024021469740502,2026-08-18T10:33:41.469776,ground_truth,0.229359,0.468000,0.173790,0.258784,0.478853,0.164506,True,,,,,,,,,-0.299410,0.926822,0.529773,-0.318673,0.904237,0.516939,0.003051,0.024429,0.050172,0.000000,0.023995,0.078538,0.071540,-0.659960,0.091715,-0.057440,0.042592,-0.038848,READY
1787024021504109276,2026-08-18T10:33:41.504152,ground_truth,0.219786,0.492000,0.173041,0.255205,0.477584,0.166014,True,,,,,,,,,-0.295831,0.925552,0.531281,-0.312192,0.910405,0.521024,0.003051,0.024429,0.050172,0.000000,0.023995,0.078538,0.071540,-0.659960,0.091715,-0.057440,0.042592,-0.038848,READY
1787024021535660845,2026-08-18T10:33:41.535687,ground_truth,0.216120,0.492000,0.173041,0.251419,0.476477,0.167749,True,,,,,,,,,-0.292046,0.924445,0.533016,-0.312192,0.910405,0.521024,0.003051,0.024429,0.050172,0.000000,0.023995,0.078538,0.071540,-0.659960,0.091715,-0.057440,0.042592,-0.038848,READY
1787024021570225788,2026-08-18T10:33:41.570259,ground_truth,0.215320,0.459000,0.174070,0.247632,0.475402,0.169240,True,,,,,,,,,-0.288258,0.923370,0.534507,-0.304364,0.914831,0.525464,0.003051,0.024429,0.050172,0.000000,0.023995,0.078538,0.071540,-0.659960,0.091715,-0.057440,0.042592,-0.038848,READY
1787024021604647514,2026-08-18T10:33:41.604667,ground_truth,0.207880,0.459000,0.170343,0.244034,0.474334,0.170314,True,,,,,,,,,-0.284660,0.922302,0.535582,-0.304364,0.914831,0.525464,0.024429,0.039267,0.083771,0.000000,0.051040,0.080716,-0.131740,-0.324800,0.352335,-0.050720,-0.053664,-0.039680,READY
1787024021635576439,2026-08-18T10:33:41.635604,ground_truth,0.205792,0.484000,0.169605,0.240064,0.471507,0.170869,True,,,,,,,,,-0.280690,0.919475,0.536136,-0.295735,0.917223,0.529575,0.057156,0.106028,0.184131,0.008289,0.083766,0.081158,-0.166460,-0.281400,0.376737,-0.102080,-0.052768,-0.037472,READY
1787024021673476582,2026-08-18T10:33:41.673493,ground_truth,0.199718,0.468000,0.170077,0.236140,0.469181,0.171361,True,,,,,,,,,-0.276766,0.917150,0.536628,-0.295735,0.917223,0.529575,0.067192,0.120859,0.196785,0.005228,0.083335,0.078096,-0.154980,-0.291060,0.371259,-0.101120,-0.052160,-0.040416,READY
1787024021703761794,2026-08-18T10:33:41.703804,ground_truth,0.196013,0.468000,0.170077,0.232171,0.467436,0.171667,True,,,,,,,,,-0.272798,0.915405,0.536935,-0.286502,0.917584,0.533014,0.068498,0.125661,0.198964,0.005228,0.080716,0.080716,-0.166040,-0.290080,0.370014,-0.099232,-0.053760,-0.042688,READY
1787024021736221531,2026-08-18T10:33:41.736265,ground_truth,0.189281,0.459000,0.166616,0.228086,0.466234,0.171945,True,,,,,,,,,-0.268712,0.914202,0.537212,-0.286502,0.917584,0.533014,0.073301,0.133952,0.202458,0.005228,0.083766,0.078096,-0.135100,-0.302120,0.362295,-0.101568,-0.052768,-0.038752,READY
1787024021768258711,2026-08-18T10:33:41.768295,ground_truth,0.183131,0.492000,0.165696,0.223685,0.465140,0.171714,True,,,,,,,,,-0.264312,0.913109,0.536981,-0.276943,0.916175,0.535140,0.075045,0.135697,0.202458,0.005670,0.078096,0.078096,-0.163660,-0.305340,0.362627,-0.101920,-0.052320,-0.039296,READY
1787024021801280995,2026-08-18T10:33:41.801314,ground_truth,0.184898,0.468000,0.166365,0.219121,0.464921,0.171422,True,,,,,,,,,-0.259748,0.912890,0.536689,-0.276943,0.916175,0.535140,0.081592,0.138748,0.202458,0.005670,0.078096,0.080716,-0.107240,-0.303800,0.369848,-0.099968,-0.052544,-0.041920,READY
1787024021837158410,2026-08-18T10:33:41.837174,ground_truth,0.184309,0.476000,0.166142,0.214675,0.464878,0.171174,True,,,,,,,,,-0.255302,0.912846,0.536442,-0.267191,0.914675,0.535727,0.081592,0.140492,0.200711,0.005228,0.078096,0.078096,-0.152180,-0.322280,0.348351,-0.098848,-0.056384,-0.038144,READY
1787024021871568309,2026-08-18T10:33:41.871600,ground_truth,0.183720,0.484000,0.165919,0.210322,0.465296,0.170629,True,,,,,,,,,-0.250948,0.913264,0.535896,-0.267191,0.914675,0.535727,0.083336,0.139186,0.200711,0.005228,0.080716,0.080716,-0.128240,-0.298200,0.365034,-0.100640,-0.051776,-0.039904,READY
1787024021903703283,2026-08-18T10:33:41.903741,ground_truth,0.178889,0.500000,0.165473,0.205951,0.466712,0.169998,True,,,,,,,,,-0.246577,0.914681,0.535266,-0.257649,0.914678,0.535513,0.084643,0.137004,0.198964,0.005670,0.078096,0.078096,-0.155260,-0.335020,0.360386,-0.101792,-0.051872,-0.040352,READY
1787024021935887118,2026-08-18T10:33:41.935934,ground_truth,0.181193,0.468000,0.166365,0.202034,0.468756,0.169674,True,,,,,,,,,-0.242661,0.916724,0.534941,-0.257649,0.914678,0.535513,0.089883,0.130895,0.200711,0.005228,0.078096,0.072857,-0.132860,-0.353920,0.369682,-0.104480,-0.056384,-0.039520,READY
1787024021971823930,2026-08-18T10:33:41.971865,ground_truth,0.178684,0.451000,0.166839,0.198361,0.471831,0.169108,True,,,,,,,,,-0.238987,0.919800,0.534375,-0.248631,0.916814,0.535011,0.091628,0.120859,0.197216,0.005228,0.080716,0.061949,-0.177940,-0.349300,0.379642,-0.107040,-0.051040,-0.033504,READY
1787024022004639077,2026-08-18T10:33:42.004687,ground_truth,0.173783,0.468000,0.166365,0.194982,0.472926,0.168645,True,,,,,,,,,-0.235609,0.920895,0.533912,-0.248631,0.916814,0.535011,0.094679,0.111261,0.198964,0.005228,0.080716,0.043193,-0.171080,-0.355180,0.372089,-0.106080,-0.050816,-0.033952,READY
1787024022038078522,2026-08-18T10:33:42.038117,ground_truth,0.173233,0.476000,0.169841,0.191916,0.473145,0.168200,True,,,,,,,,,-0.232542,0.921114,0.533467,-0.240307,0.919038,0.534212,0.097736,0.102970,0.198964,0.007847,0.078538,0.032284,-0.168560,-0.369460,0.379476,-0.106976,-0.053984,-0.032288,READY
1787024022073452597,2026-08-18T10:33:42.073473,ground_truth,0.166961,0.459000,0.170343,0.189056,0.471909,0.167986,True,,,,,,,,,-0.229683,0.919877,0.533254,-0.240307,0.919038,0.534212,0.107772,0.084643,0.200711,0.005228,0.080716,0.007847,-0.165480,-0.379400,0.378812,-0.112032,-0.050368,-0.028896,READY
1787024022102443972,2026-08-18T10:33:42.102482,ground_truth,0.162158,0.476000,0.173540,0.185832,0.470382,0.167738,True,,,,,,,,,-0.226459,0.918350,0.533005,-0.232424,0.919075,0.533513,0.110823,0.070243,0.201142,0.010467,0.078538,0.002609,-0.159880,-0.405440,0.367109,-0.106304,-0.051264,0.006912,READY
1787024022140225366,2026-08-18T10:33:42.140260,ground_truth,0.155802,0.459000,0.174070,0.182784,0.470983,0.167951,True,,,,,,,,,-0.223411,0.918951,0.533218,-0.232424,0.919075,0.533513,0.117370,0.052354,0.198964,0.007847,0.078538,0.032284,-0.151900,-0.452900,0.381551,-0.107744,-0.048640,0.032672,READY
1787024022170252156,2026-08-18T10:33:42.170282,ground_truth,0.151082,0.476000,0.177239,0.179452,0.471103,0.168249,True,,,,,,,,,-0.220078,0.919072,0.533516,-0.225018,0.919073,0.533515,0.119552,0.032720,0.198964,0.008289,0.080716,0.054101,-0.157080,-0.443520,0.374164,-0.106912,-0.054656,0.036288,READY
1787024022205338543,2026-08-18T10:33:42.205391,ground_truth,0.151082,0.476000,0.180938,0.176209,0.471554,0.168726,True,,,,,,,,,-0.216836,0.919522,0.533993,-0.225018,0.919073,0.533515,0.120859,0.016138,0.195038,0.008289,0.078096,0.064568,-0.161420,-0.476420,0.370761,-0.102144,-0.048384,0.037856,READY
1787024022234431660,2026-08-18T10:33:42.234465,ground_truth,0.148362,0.459000,0.185252,0.173214,0.472071,0.169450,True,,,,,,,,,-0.213840,0.920039,0.534717,-0.218001,0.919680,0.534270,0.122603,0.000000,0.185870,0.008289,0.072426,0.067188,-0.131320,-0.517300,0.353829,-0.103296,-0.047712,0.037568,READY
1787024022271651230,2026-08-18T10:33:42.271689,ground_truth,0.141353,0.451000,0.189281,0.170486,0.472601,0.170693,True,,,,,,,,,-0.211112,0.920569,0.535960,-0.218001,0.919680,0.534270,0.120859,0.001744,0.180205,0.007847,0.072857,0.067188,-0.143220,-0.640640,0.354078,-0.102400,-0.046368,0.035904,READY
1787024022307862417,2026-08-18T10:33:42.307903,ground_truth,0.137202,0.459000,0.192706,0.167701,0.472227,0.172265,True,,,,,,,,,-0.208327,0.920195,0.537532,-0.211619,0.920020,0.536422,0.120859,0.001744,0.180205,0.007847,0.072857,0.067188,-0.143220,-0.640640,0.354078,-0.102400,-0.046368,0.035904,READY
1787024022336374647,2026-08-18T10:33:42.336411,ground_truth,0.131409,0.500000,0.194748,0.164521,0.471672,0.174021,True,,,,,,,,,-0.205147,0.919640,0.539288,-0.211619,0.920020,0.536422,0.120859,0.001744,0.180205,0.007847,0.072857,0.067188,-0.143220,-0.640640,0.354078,-0.102400,-0.046368,0.035904,READY
1787024022368562233,2026-08-18T10:33:42.368600,ground_truth,0.126042,0.459000,0.200160,0.160994,0.470654,0.175928,True,,,,,,,,,-0.201621,0.918623,0.541195,-0.205312,0.919139,0.539433,0.120859,0.001744,0.180205,0.007847,0.072857,0.067188,-0.143220,-0.640640,0.354078,-0.102400,-0.046368,0.035904,READY
1787024022403619895,2026-08-18T10:33:42.403647,ground_truth,0.121912,0.468000,0.203487,0.157149,0.469544,0.178211,True,,,,,,,,,-0.197775,0.917513,0.543478,-0.205312,0.919139,0.539433,0.120859,0.007853,0.176710,0.008289,0.067629,0.067629,-0.136360,-0.699020,0.358145,-0.101120,-0.050048,0.035296,READY
1787024022439112550,2026-08-18T10:33:42.439145,ground_truth,0.113825,0.484000,0.202777,0.153351,0.468469,0.180745,True,,,,,,,,,-0.193977,0.916437,0.546012,-0.198746,0.917574,0.543244,0.089883,0.053667,0.111698,0.002609,0.045812,0.045812,-0.144060,-0.719460,0.319135,-0.099456,-0.047360,0.034560,READY
1787024022472953192,2026-08-18T10:33:42.472992,ground_truth,0.110797,0.468000,0.207199,0.148859,0.467400,0.183172,True,,,,,,,,,-0.189486,0.915369,0.548440,-0.198746,0.917574,0.543244,0.089883,0.053667,0.111698,0.002609,0.045812,0.045812,-0.144060,-0.719460,0.319135,-0.099456,-0.047360,0.034560,READY
1787024022505106931,2026-08-18T10:33:42.505153,ground_truth,0.107443,0.459000,0.211341,0.144334,0.467187,0.185863,True,,,,,,,,,-0.184960,0.915155,0.551130,-0.191541,0.916310,0.547365,0.089883,0.053667,0.111698,0.002609,0.045812,0.045812,-0.144060,-0.719460,0.319135,-0.099456,-0.047360,0.034560,READY
1787024022537317900,2026-08-18T10:33:42.537349,ground_truth,0.103723,0.459000,0.211341,0.139911,0.467144,0.188861,True,,,,,,,,,-0.180537,0.915112,0.554129,-0.191541,0.916310,0.547365,0.089883,0.053667,0.111698,0.002609,0.045812,0.045812,-0.144060,-0.719460,0.319135,-0.099456,-0.047360,0.034560,READY
1787024022571802954,2026-08-18T10:33:42.571865,ground_truth,0.100289,0.451000,0.215463,0.135277,0.466656,0.191628,True,,,,,,,,,-0.175903,0.914624,0.556895,-0.183868,0.915483,0.552042,0.089883,0.053667,0.111698,0.002609,0.045812,0.045812,-0.144060,-0.719460,0.319135,-0.099456,-0.047360,0.034560,READY
1787024022605672582,2026-08-18T10:33:42.605717,ground_truth,0.092012,0.476000,0.214229,0.130832,0.466078,0.194636,True,,,,,,,,,-0.171458,0.914046,0.559903,-0.183868,0.915483,0.552042,0.089883,0.054105,0.098604,0.002609,0.045812,0.045812,-0.124880,-0.722820,0.325028,-0.101696,-0.047808,0.032512,READY
1787024022640763510,2026-08-18T10:33:42.640812,ground_truth,0.088320,0.476000,0.217928,0.126156,0.465056,0.197349,True,,,,,,,,,-0.166782,0.913024,0.562616,-0.175860,0.914330,0.556998,0.089883,0.054105,0.098604,0.002609,0.045812,0.045812,-0.124880,-0.722820,0.325028,-0.101696,-0.047808,0.032512,READY
1787024022670729471,2026-08-18T10:33:42.670753,ground_truth,0.085123,0.459000,0.222522,0.121657,0.465758,0.200273,True,,,,,,,,,-0.162283,0.913726,0.565540,-0.175860,0.914330,0.556998,0.089883,0.054105,0.098604,0.002609,0.045812,0.045812,-0.124880,-0.722820,0.325028,-0.101696,-0.047808,0.032512,READY
1787024022705103551,2026-08-18T10:33:42.705131,ground_truth,0.081403,0.459000,0.222522,0.117260,0.465898,0.203291,True,,,,,,,,,-0.157886,0.913867,0.568559,-0.167615,0.914118,0.562301,0.089883,0.054105,0.098604,0.002609,0.045812,0.045812,-0.124880,-0.722820,0.325028,-0.101696,-0.047808,0.032512,READY
1787024022739015024,2026-08-18T10:33:42.739027,ground_truth,0.077684,0.459000,0.222522,0.112614,0.465020,0.206064,True,,,,,,,,,-0.153241,0.912988,0.571331,-0.167615,0.914118,0.562301,0.141806,0.027487,0.063265,0.007847,0.080716,0.078096,-0.141960,-0.689640,0.084992,-0.104128,-0.050208,0.037792,READY
1787024022770166694,2026-08-18T10:33:42.770191,ground_truth,0.077684,0.459000,0.222522,0.107903,0.463937,0.208548,True,,,,,,,,,-0.148529,0.911906,0.573816,-0.159116,0.913133,0.567428,0.140492,0.024429,0.062827,0.010467,0.080716,0.080716,-0.136640,-0.696500,0.084826,-0.103680,-0.050208,0.037792,READY
1787024022808127046,2026-08-18T10:33:42.808161,ground_truth,0.074157,0.451000,0.222944,0.103658,0.463721,0.210764,True,,,,,,,,,-0.144284,0.911689,0.576032,-0.159116,0.913133,0.567428,0.137004,0.021378,0.061518,0.007847,0.081158,0.080716,-0.146860,-0.701400,0.086320,-0.103744,-0.048256,0.039200,READY
1787024022839197159,2026-08-18T10:33:42.839281,ground_truth,0.070604,0.443000,0.223365,0.099455,0.463678,0.212780,True,,,,,,,,,-0.140081,0.911646,0.578048,-0.150552,0.912464,0.572206,0.137004,0.021378,0.061518,0.007847,0.081158,0.080716,-0.146860,-0.701400,0.086320,-0.103744,-0.048256,0.039200,READY
1787024022870838227,2026-08-18T10:33:42.870875,ground_truth,0.063112,0.443000,0.223365,0.095401,0.463242,0.214688,True,,,,,,,,,-0.136028,0.911211,0.579955,-0.150552,0.912464,0.572206,0.137004,0.021378,0.061518,0.007847,0.081158,0.080716,-0.146860,-0.701400,0.086320,-0.103744,-0.048256,0.039200,READY
1787024022903354884,2026-08-18T10:33:42.903400,ground_truth,0.063765,0.409000,0.225155,0.091206,0.462302,0.216235,True,,,,,,,,,-0.131832,0.910270,0.581502,-0.141934,0.911454,0.576486,0.137004,0.021378,0.061518,0.007847,0.081158,0.080716,-0.146860,-0.701400,0.086320,-0.103744,-0.048256,0.039200,READY
1787024022936564174,2026-08-18T10:33:42.936583,ground_truth,0.056160,0.409000,0.225155,0.087329,0.460780,0.217680,True,,,,,,,,,-0.127956,0.908749,0.582947,-0.141934,0.911454,0.576486,0.133952,0.021378,0.057592,0.008289,0.078096,0.080716,-0.158060,-0.712040,0.090304,-0.104800,-0.049760,0.036352,READY
1787024022970280612,2026-08-18T10:33:42.970304,ground_truth,0.055890,0.426000,0.224260,0.083485,0.457329,0.219172,True,,,,,,,,,-0.124111,0.905298,0.584439,-0.133593,0.908573,0.580208,0.119114,0.035778,0.057592,0.005670,0.067629,0.081158,-0.149940,-0.704900,0.091466,-0.104960,-0.051648,0.040480,READY
1787024023006123841,2026-08-18T10:33:43.006151,ground_truth,0.048126,0.443000,0.223365,0.079825,0.453493,0.220309,True,,,,,,,,,-0.120451,0.901461,0.585576,-0.133593,0.908573,0.580208,0.114319,0.042756,0.046685,0.008289,0.053659,0.081158,-0.120820,-0.743260,0.106157,-0.109312,-0.045024,0.040192,READY
1787024023039373271,2026-08-18T10:33:43.039420,ground_truth,0.040792,0.426000,0.224260,0.075870,0.450485,0.221111,True,,,,,,,,,-0.116496,0.898454,0.586378,-0.125704,0.903903,0.583055,0.111261,0.045376,0.042759,0.005228,0.051482,0.080716,-0.135660,-0.726600,0.102671,-0.109920,-0.044096,0.037920,READY
1787024023068646923,2026-08-18T10:33:43.068669,ground_truth,0.037018,0.426000,0.224260,0.071675,0.448124,0.221972,True,,,,,,,,,-0.112301,0.896092,0.587239,-0.125704,0.903903,0.583055,0.109517,0.052354,0.038826,0.008289,0.043193,0.080716,-0.125160,-0.737380,0.091134,-0.107424,-0.042592,0.038912,READY
1787024023104551669,2026-08-18T10:33:43.104579,ground_truth,0.033244,0.426000,0.224260,0.067457,0.445892,0.222558,True,,,,,,,,,-0.108083,0.893860,0.587826,-0.117552,0.899257,0.585262,0.106459,0.058901,0.037086,0.005228,0.035335,0.078096,-0.150920,-0.750120,0.095450,-0.109472,-0.043200,0.038976,READY
1787024023136601744,2026-08-18T10:33:43.136635,ground_truth,0.025695,0.426000,0.224260,0.063539,0.443685,0.223227,True,,,,,,,,,-0.104165,0.891653,0.588494,-0.117552,0.899257,0.585262,0.107772,0.068498,0.041012,0.008289,0.034903,0.080716,-0.162680,-0.747320,0.099600,-0.107872,-0.045376,0.034304,READY
1787024023336830143,2026-08-18T10:33:43.336865,ground_truth,0.021921,0.426000,0.224260,0.059364,0.440577,0.223649,True,,,,,,,,,-0.099990,0.888546,0.588916,-0.098905,0.887884,0.589142,0.114319,0.081592,0.041012,0.007847,0.037523,0.078096,-0.158060,-0.744240,0.090968,-0.106816,-0.041088,0.038400,READY
1787024023364720389,2026-08-18T10:33:43.364751,ground_truth,-0.000875,0.409000,0.213726,0.055150,0.437289,0.223765,True,,,,,,,,,-0.095777,0.885257,0.589032,-0.095623,0.885128,0.589027,0.157075,0.106459,0.018759,0.010467,0.069807,0.080716,-0.196840,-0.752640,0.109892,-0.104864,-0.049312,0.039072,READY
1787024023390930352,2026-08-18T10:33:43.390943,ground_truth,-0.008383,0.417000,0.209548,0.049665,0.434871,0.223179,True,,,,,,,,,-0.090291,0.882840,0.588446,-0.095623,0.885128,0.589027,0.168424,0.108210,0.013086,0.008289,0.075477,0.078096,-0.151200,-0.715120,0.109394,-0.104416,-0.048928,0.037344,READY
1787024023417614758,2026-08-18T10:33:43.417664,ground_truth,-0.012406,0.400000,0.206507,0.043927,0.432148,0.222314,True,,,,,,,,,-0.084554,0.880116,0.587581,-0.090275,0.882242,0.588443,0.167986,0.106028,0.009599,0.010467,0.078096,0.078096,-0.175700,-0.713580,0.109892,-0.103296,-0.049312,0.039360,READY
1787024023442870034,2026-08-18T10:33:43.442906,ground_truth,-0.019597,0.426000,0.197789,0.037921,0.428936,0.221246,True,,,,,,,,,-0.078548,0.876905,0.586513,-0.090275,0.882242,0.588443,0.168424,0.104714,0.005666,0.008289,0.078096,0.080716,-0.176680,-0.693700,0.104580,-0.102528,-0.053440,0.038752,READY
1787024023472095966,2026-08-18T10:33:43.472122,ground_truth,-0.023539,0.417000,0.198159,0.031671,0.426054,0.219569,True,,,,,,,,,-0.072297,0.874022,0.584836,-0.090275,0.882242,0.588443,0.166673,0.101663,0.007413,0.010898,0.083335,0.080716,-0.167300,-0.721980,0.099766,-0.102976,-0.052224,0.038016,READY
1787024023506650152,2026-08-18T10:33:43.506693,ground_truth,-0.023689,0.409000,0.194678,0.025395,0.423664,0.217889,True,,,,,,,,,-0.066021,0.871633,0.583156,-0.082843,0.878748,0.587081,0.161877,0.098174,0.013086,0.008289,0.080716,0.081158,-0.148120,-0.741720,0.094952,-0.105696,-0.050656,0.037024,READY
1787024023542015228,2026-08-18T10:33:43.542052,ground_truth,-0.027491,0.409000,0.190868,0.019608,0.421800,0.215976,True,,,,,,,,,-0.060235,0.869768,0.581244,-0.082843,0.878748,0.587081,0.154893,0.097736,0.023993,0.008289,0.078096,0.078096,-0.140420,-0.715400,0.092379,-0.104256,-0.051776,0.039200,READY
1787024023572990561,2026-08-18T10:33:43.573009,ground_truth,-0.031294,0.409000,0.187059,0.013524,0.419613,0.213690,True,,,,,,,,,-0.054151,0.867582,0.578958,-0.073838,0.875244,0.584532,0.148784,0.098174,0.037086,0.008289,0.072857,0.080716,-0.146580,-0.726320,0.085158,-0.102752,-0.050048,0.038304,READY
1787024023605226740,2026-08-18T10:33:43.605273,ground_truth,-0.038696,0.417000,0.182973,0.007694,0.419176,0.211151,True,,,,,,,,,-0.048321,0.867145,0.576418,-0.073838,0.875244,0.584532,0.145295,0.101225,0.047994,0.008289,0.064568,0.081158,-0.145320,-0.723520,0.081506,-0.103360,-0.044480,0.037472,READY
1787024023640939178,2026-08-18T10:33:43.640970,ground_truth,-0.038696,0.417000,0.182973,0.001388,0.419089,0.208398,True,,,,,,,,,-0.042015,0.867057,0.573665,-0.064661,0.872883,0.581398,0.140492,0.108210,0.085519,0.010898,0.040573,0.080716,-0.174440,-0.737800,0.062084,-0.105248,-0.042464,0.039136,READY
1787024023671467762,2026-08-18T10:33:43.671507,ground_truth,-0.042701,0.409000,0.179439,-0.004400,0.418591,0.205705,True,,,,,,,,,-0.036227,0.866560,0.570973,-0.064661,0.872883,0.581398,0.141806,0.112568,0.096426,0.008289,0.032284,0.080716,-0.159600,-0.728700,0.053535,-0.106816,-0.039808,0.039136,READY
1787024023707172622,2026-08-18T10:33:43.707189,ground_truth,-0.043186,0.391000,0.180030,-0.009966,0.418012,0.202717,True,,,,,,,,,-0.030660,0.865980,0.567985,-0.055499,0.871023,0.577784,0.140492,0.122603,0.133951,0.007847,0.005228,0.080716,-0.140980,-0.741720,0.043160,-0.109536,-0.037792,0.037472,READY
1787024023739726827,2026-08-18T10:33:43.739817,ground_truth,-0.046503,0.409000,0.175630,-0.015313,0.416989,0.199769,True,,,,,,,,,-0.025314,0.864958,0.565036,-0.055499,0.871023,0.577784,0.138748,0.129150,0.157951,0.008289,0.005228,0.080716,-0.135380,-0.744520,0.045982,-0.111360,0.016864,0.037792,READY
1787024023770490366,2026-08-18T10:33:43.770534,ground_truth,-0.045788,0.434000,0.174850,-0.020629,0.415878,0.196527,True,,,,,,,,,-0.019997,0.863846,0.561794,-0.046538,0.869211,0.573748,0.137441,0.130457,0.169290,0.010467,0.029665,0.081158,-0.154980,-0.756700,0.040587,-0.111872,0.052320,0.040192,READY
1787024023806387045,2026-08-18T10:33:43.806419,ground_truth,-0.050064,0.417000,0.175380,-0.025395,0.414749,0.193233,True,,,,,,,,,-0.015232,0.862717,0.558500,-0.046538,0.869211,0.573748,0.135697,0.133952,0.176710,0.007847,0.043193,0.081158,-0.162120,-0.758800,0.041500,-0.113152,0.052544,0.039296,READY
1787024023837669268,2026-08-18T10:33:43.837712,ground_truth,-0.050064,0.417000,0.175380,-0.030194,0.414043,0.189974,True,,,,,,,,,-0.010433,0.862012,0.555241,-0.037763,0.867462,0.569250,0.132208,0.133952,0.185870,0.010898,0.054101,0.078096,-0.141260,-0.712040,0.045401,-0.109984,0.052992,0.038400,READY
1787024023869524247,2026-08-18T10:33:43.869562,ground_truth,-0.049791,0.426000,0.171318,-0.033473,0.413422,0.187418,True,,,,,,,,,-0.007153,0.861390,0.552685,-0.037763,0.867462,0.569250,0.124354,0.125661,0.181945,0.007847,0.059340,0.078096,-0.140420,-0.695940,0.042994,-0.111040,0.051200,0.041856,READY
1787024023903790476,2026-08-18T10:33:43.903838,ground_truth,-0.054108,0.409000,0.171820,-0.036234,0.413298,0.184869,True,,,,,,,,,-0.004393,0.861266,0.550136,-0.029237,0.865879,0.564367,0.119114,0.117808,0.174963,0.008289,0.059340,0.080716,-0.098560,-0.638540,0.062997,-0.111200,0.049664,0.038144,READY
1787024023940964608,2026-08-18T10:33:43.940991,ground_truth,-0.058212,0.400000,0.172086,-0.039014,0.413700,0.182556,True,,,,,,,,,-0.001613,0.861668,0.547824,-0.029237,0.865879,0.564367,0.111261,0.109517,0.169290,0.005670,0.056721,0.078096,-0.132860,-0.676340,0.061918,-0.111808,0.053056,0.037792,READY
1787024023970902946,2026-08-18T10:33:43.970961,ground_truth,-0.057910,0.409000,0.171820,-0.041588,0.413353,0.180843,True,,,,,,,,,0.000962,0.861322,0.546110,-0.020620,0.864578,0.559157,0.101225,0.094679,0.156204,0.005228,0.056721,0.081158,-0.119000,-0.681940,0.072957,-0.112992,0.050720,0.040352,READY
1787024024004497030,2026-08-18T10:33:44.004533,ground_truth,-0.060833,0.434000,0.167313,-0.043879,0.412857,0.179087,True,,,,,,,,,0.003253,0.860826,0.544354,-0.020620,0.864578,0.559157,0.096423,0.089883,0.148353,0.005670,0.056721,0.080716,-0.129780,-0.675360,0.063661,-0.111264,0.051488,0.041088,READY
1787024024036093785,2026-08-18T10:33:44.036117,ground_truth,-0.062346,0.391000,0.168512,-0.046356,0.412332,0.177263,True,,,,,,,,,0.005729,0.860300,0.542530,-0.012343,0.863234,0.553934,0.091190,0.079847,0.137438,0.005228,0.056721,0.080716,-0.123900,-0.685300,0.059345,-0.109920,0.048640,0.034784,READY
1787024024072022036,2026-08-18T10:33:44.072057,ground_truth,-0.066178,0.391000,0.164673,-0.048679,0.412226,0.175772,True,,,,,,,,,0.008053,0.860195,0.541040,-0.012343,0.863234,0.553934,0.089883,0.075045,0.137438,0.005228,0.056721,0.080716,-0.123900,-0.677880,0.053535,-0.107968,0.048384,0.036960,READY
1787024024107065422,2026-08-18T10:33:44.107079,ground_truth,-0.071049,0.364000,0.161497,-0.051005,0.411245,0.174280,True,,,,,,,,,0.010379,0.859214,0.539547,-0.003994,0.861757,0.548648,0.094679,0.073301,0.145297,0.005670,0.061949,0.078096,-0.167300,-0.666120,0.061752,-0.110816,0.053280,0.041248,READY
1787024024136209441,2026-08-18T10:33:44.136246,ground_truth,-0.077746,0.190000,0.165774,-0.053162,0.410089,0.172848,True,,,,,,,,,0.012536,0.858058,0.538115,-0.003994,0.861757,0.548648,0.101225,0.070243,0.150531,0.005228,0.064568,0.078096,-0.155820,-0.675780,0.055361,-0.108864,0.051872,0.038912,READY
1787024024173787720,2026-08-18T10:33:44.173832,ground_truth,-0.076371,0.328000,0.158438,-0.053162,0.410089,0.172848,True,,,,,,,,,0.012536,0.858058,0.538115,0.003797,0.860013,0.543684,0.116063,0.070243,0.163624,0.007847,0.069807,0.080716,-0.150920,-0.651560,0.051626,-0.108800,0.051776,0.037408,READY
1787024024207856285,2026-08-18T10:33:44.207878,ground_truth,-0.078050,0.382000,0.153346,-0.055673,0.407031,0.171213,True,,,,,,,,,0.015047,0.855000,0.536480,0.003797,0.860013,0.543684,0.116063,0.070243,0.163624,0.007847,0.069807,0.080716,-0.150920,-0.651560,0.051626,-0.108800,0.051776,0.037408,READY
1787024024241484587,2026-08-18T10:33:44.241509,ground_truth,-0.082960,0.264500,0.155846,-0.058030,0.403593,0.169473,True,,,,,,,,,0.017404,0.851561,0.534740,0.010715,0.856273,0.539165,0.116063,0.070243,0.163624,0.007847,0.069807,0.080716,-0.150920,-0.651560,0.051626,-0.108800,0.051776,0.037408,READY
1787024024273778801,2026-08-18T10:33:44.273813,ground_truth,-0.087587,0.251000,0.147992,-0.060682,0.398585,0.167861,True,,,,,,,,,0.020055,0.846554,0.533128,0.010715,0.856273,0.539165,0.116063,0.070243,0.163624,0.007847,0.069807,0.080716,-0.150920,-0.651560,0.051626,-0.108800,0.051776,0.037408,READY
1787024024307810884,2026-08-18T10:33:44.307841,ground_truth,-0.087587,0.251000,0.147992,-0.063421,0.389877,0.166018,True,,,,,,,,,0.022794,0.837846,0.531285,0.016772,0.850567,0.535210,0.116063,0.070243,0.163624,0.007847,0.069807,0.080716,-0.150920,-0.651560,0.051626,-0.108800,0.051776,0.037408,READY
1787024024338011028,2026-08-18T10:33:44.338123,ground_truth,-0.085893,0.290000,0.143285,-0.066207,0.379709,0.164228,True,,,,,,,,,0.025581,0.827677,0.529495,0.016772,0.850567,0.535210,0.120859,0.068498,0.167112,0.007847,0.072857,0.078096,-0.178500,-0.645680,0.051128,-0.113664,0.049440,0.039136,READY
1787024024376734936,2026-08-18T10:33:44.376771,ground_truth,-0.088629,0.318000,0.138868,-0.068596,0.368822,0.162088,True,,,,,,,,,0.027969,0.816790,0.527355,0.021504,0.843268,0.532055,0.163184,0.037523,0.184131,0.010898,0.081158,0.080716,-0.163660,-0.628320,0.055942,-0.115936,0.053280,0.036960,READY
1787024024403669844,2026-08-18T10:33:44.403683,ground_truth,-0.091199,0.261000,0.135650,-0.071167,0.359871,0.159654,True,,,,,,,,,0.030541,0.807840,0.524921,0.021504,0.843268,0.532055,0.163184,0.034465,0.181945,0.010898,0.080716,0.078096,-0.159320,-0.622440,0.048389,-0.113600,0.051200,0.038144,READY
1787024024439581006,2026-08-18T10:33:44.439611,ground_truth,-0.093453,0.211000,0.132164,-0.073927,0.351308,0.157276,True,,,,,,,,,0.033301,0.799276,0.522543,0.024746,0.834493,0.529652,0.161439,0.027487,0.176710,0.010898,0.080716,0.081158,-0.169820,-0.613060,0.061918,-0.109920,0.055168,0.040128,READY
1787024024474303490,2026-08-18T10:33:44.474321,ground_truth,-0.095245,0.261000,0.127541,-0.076550,0.341275,0.154632,True,,,,,,,,,0.035924,0.789243,0.519899,0.024746,0.834493,0.529652,0.160133,0.020940,0.172785,0.010898,0.080716,0.080716,-0.168000,-0.603540,0.049219,-0.105184,0.052320,0.037632,READY
1787024024506917893,2026-08-18T10:33:44.506953,ground_truth,-0.097114,0.221000,0.123809,-0.079019,0.331375,0.151662,True,,,,,,,,,0.038393,0.779343,0.516930,0.027087,0.825030,0.527469,0.161877,0.016138,0.168859,0.007847,0.081158,0.078096,-0.129780,-0.601580,0.049551,-0.109472,0.053376,0.038848,READY
1787024024539894973,2026-08-18T10:33:44.539952,ground_truth,-0.097582,0.211000,0.119753,-0.081633,0.319368,0.148462,True,,,,,,,,,0.041007,0.767337,0.513729,0.027087,0.825030,0.527469,0.160133,0.013087,0.169290,0.010898,0.080716,0.080716,-0.161140,-0.607600,0.054199,-0.106304,0.047584,0.039200,READY
1787024024574625485,2026-08-18T10:33:44.574663,ground_truth,-0.097582,0.211000,0.115616,-0.084083,0.306940,0.145291,True,,,,,,,,,0.043456,0.754909,0.510558,0.029303,0.815540,0.525180,0.158388,0.006540,0.167550,0.010467,0.080716,0.080716,-0.134540,-0.617400,0.061752,-0.108480,0.052544,0.038688,READY
1787024024606434154,2026-08-18T10:33:44.606535,ground_truth,-0.104405,0.065000,0.111933,-0.086432,0.293895,0.141765,True,,,,,,,,,0.045806,0.741863,0.507032,0.029303,0.815540,0.525180,0.156637,0.006540,0.163624,0.010898,0.080716,0.081158,-0.168000,-0.622440,0.058017,-0.105024,0.050048,0.036736,READY
1787024024638410584,2026-08-18T10:33:44.638446,ground_truth,-0.100012,0.159000,0.107418,-0.088980,0.281686,0.138249,True,,,,,,,,,0.048354,0.729654,0.503516,0.031403,0.806070,0.522792,0.156637,0.006540,0.163624,0.010898,0.080716,0.081158,-0.168000,-0.622440,0.058017,-0.105024,0.050048,0.036736,READY
1787024024676740675,2026-08-18T10:33:44.676762,ground_truth,-0.106320,0.024000,0.103168,-0.090911,0.266870,0.134643,True,,,,,,,,,0.050285,0.714839,0.499911,0.031403,0.806070,0.522792,0.156637,0.006540,0.163624,0.010898,0.080716,0.081158,-0.168000,-0.622440,0.058017,-0.105024,0.050048,0.036736,READY
1787024024704593994,2026-08-18T10:33:44.704649,ground_truth,-0.103743,0.169000,0.098991,-0.092908,0.247961,0.130959,True,,,,,,,,,0.052281,0.695929,0.496226,0.033212,0.796531,0.520491,0.156637,0.006540,0.163624,0.010898,0.080716,0.081158,-0.168000,-0.622440,0.058017,-0.105024,0.050048,0.036736,READY
1787024024738675319,2026-08-18T10:33:44.738725,ground_truth,-0.103210,0.180000,0.094824,-0.094621,0.233245,0.127335,True,,,,,,,,,0.053994,0.681214,0.492602,0.033212,0.796531,0.520491,0.153586,0.001307,0.163624,0.010898,0.081158,0.078096,-0.154980,-0.622720,0.060922,-0.109984,0.051488,0.038080,READY
1787024024771347533,2026-08-18T10:33:44.771382,ground_truth,-0.100259,0.241000,0.090950,-0.095971,0.221822,0.123267,True,,,,,,,,,0.055344,0.669791,0.488534,0.034892,0.786910,0.518065,0.147039,0.006540,0.157951,0.010898,0.078096,0.080716,-0.170100,-0.366100,0.048887,-0.110880,0.053280,0.038016,READY
1787024024807391869,2026-08-18T10:33:44.807406,ground_truth,-0.105291,0.137000,0.086155,-0.096815,0.215031,0.119464,True,,,,,,,,,0.056189,0.663000,0.484731,0.034892,0.786910,0.518065,0.145295,0.000000,0.163624,0.010898,0.078096,0.081158,-0.161700,-0.401380,0.042662,-0.108704,0.049760,0.036064,READY
1787024024840459123,2026-08-18T10:33:44.840503,ground_truth,-0.106890,0.190000,0.082344,-0.097996,0.209886,0.115342,True,,,,,,,,,0.057369,0.657855,0.480609,0.036540,0.777445,0.515318,0.145732,0.000000,0.163624,0.010898,0.081158,0.078096,-0.152740,-0.471380,0.041832,-0.109696,0.052832,0.037408,READY
1787024024874479990,2026-08-18T10:33:44.874515,ground_truth,-0.109542,0.137000,0.077637,-0.099396,0.205604,0.111279,True,,,,,,,,,0.058769,0.653572,0.476546,0.036540,0.777445,0.515318,0.140492,0.013087,0.171037,0.010898,0.080716,0.078096,-0.156800,-0.628600,0.034113,-0.110368,0.048096,0.039584,READY
1787024024905750773,2026-08-18T10:33:44.905788,ground_truth,-0.100259,0.241000,0.074602,-0.100790,0.196587,0.107197,True,,,,,,,,,0.060163,0.644556,0.472464,0.038199,0.768116,0.512309,0.135697,0.029231,0.180205,0.007847,0.081158,0.078096,-0.156520,-0.719740,0.045982,-0.113824,0.050656,0.038400,READY
1787024024939319670,2026-08-18T10:33:44.939357,ground_truth,-0.098808,0.271000,0.070917,-0.101394,0.189451,0.103127,True,,,,,,,,,0.060767,0.637419,0.468394,0.038199,0.768116,0.512309,0.132208,0.045376,0.185870,0.007847,0.078096,0.078096,-0.153440,-0.707980,0.046148,-0.114272,0.050720,0.036736,READY
1787024024972109453,2026-08-18T10:33:44.972143,ground_truth,-0.101227,0.221000,0.066126,-0.101751,0.186957,0.099044,True,,,,,,,,,0.061124,0.634925,0.464311,0.039804,0.758789,0.508948,0.123917,0.066754,0.189365,0.010898,0.078096,0.078096,-0.141540,-0.667380,0.035939,-0.112160,0.047648,0.039968,READY
1787024025002892539,2026-08-18T10:33:45.002942,ground_truth,-0.101227,0.221000,0.062005,-0.102150,0.185391,0.094950,True,,,,,,,,,0.061523,0.633360,0.460217,0.039804,0.758789,0.508948,0.120859,0.085081,0.197216,0.008289,0.080716,0.080716,-0.108080,-0.691180,0.040753,-0.112256,0.050432,0.035680,READY
1787024025039225592,2026-08-18T10:33:45.039241,ground_truth,-0.101387,0.300000,0.059337,-0.102424,0.185078,0.090829,True,,,,,,,,,0.061797,0.633047,0.456097,0.041422,0.749540,0.505061,0.114319,0.104714,0.198964,0.007847,0.078096,0.078096,-0.104720,-0.712880,0.045235,-0.111200,0.051424,0.036736,READY
1787024025073351054,2026-08-18T10:33:45.073391,ground_truth,-0.105339,0.221000,0.053765,-0.102677,0.185016,0.086802,True,,,,,,,,,0.062051,0.632984,0.452069,0.041422,0.749540,0.505061,0.107772,0.114319,0.200711,0.007847,0.080716,0.080716,-0.132860,-0.709520,0.050547,-0.114720,0.045472,0.038144,READY
1787024025111154992,2026-08-18T10:33:45.111197,ground_truth,-0.103838,0.251000,0.054366,-0.103195,0.185536,0.082678,True,,,,,,,,,0.062568,0.633505,0.447945,0.043011,0.740819,0.500768,0.107772,0.114319,0.200711,0.007847,0.080716,0.080716,-0.132860,-0.709520,0.050547,-0.114720,0.045472,0.038144,READY
1787024025140153845,2026-08-18T10:33:45.140185,ground_truth,-0.107390,0.180000,0.052944,-0.103157,0.187774,0.078840,True,,,,,,,,,0.062530,0.635742,0.444108,0.043011,0.740819,0.500768,0.107772,0.114319,0.200711,0.007847,0.080716,0.080716,-0.132860,-0.709520,0.050547,-0.114720,0.045472,0.038144,READY
1787024025172633374,2026-08-18T10:33:45.172656,ground_truth,-0.104339,0.241000,0.050078,-0.103649,0.191528,0.075209,True,,,,,,,,,0.063022,0.639497,0.440476,0.044697,0.732281,0.495687,0.107772,0.114319,0.200711,0.007847,0.080716,0.080716,-0.132860,-0.709520,0.050547,-0.114720,0.045472,0.038144,READY
1787024025209655745,2026-08-18T10:33:45.209751,ground_truth,-0.103838,0.251000,0.046224,-0.103517,0.201666,0.071669,True,,,,,,,,,0.062890,0.649634,0.436937,0.044697,0.732281,0.495687,0.106028,0.123917,0.200711,0.008289,0.080716,0.080716,-0.131740,-0.690340,0.046480,-0.115264,0.049088,0.039520,READY
1787024025239672423,2026-08-18T10:33:45.239714,ground_truth,-0.103838,0.251000,0.046224,-0.103523,0.208066,0.068152,True,,,,,,,,,0.062897,0.656035,0.433419,0.046494,0.724752,0.489539,0.106028,0.123917,0.200711,0.008289,0.080716,0.080716,-0.131740,-0.690340,0.046480,-0.115264,0.049088,0.039520,READY
1787024025275565636,2026-08-18T10:33:45.275615,ground_truth,-0.101887,0.290000,0.043128,-0.103565,0.213720,0.064912,True,,,,,,,,,0.062938,0.661688,0.430179,0.046494,0.724752,0.489539,0.106028,0.123917,0.200711,0.008289,0.080716,0.080716,-0.131740,-0.690340,0.046480,-0.115264,0.049088,0.039520,READY
1787024025305702837,2026-08-18T10:33:45.305762,ground_truth,-0.105339,0.221000,0.041404,-0.103673,0.218637,0.061723,True,,,,,,,,,0.063047,0.666606,0.426991,0.048406,0.718038,0.482316,0.106028,0.123917,0.200711,0.008289,0.080716,0.080716,-0.131740,-0.690340,0.046480,-0.115264,0.049088,0.039520,READY
1787024025340881705,2026-08-18T10:33:45.340926,ground_truth,-0.104339,0.241000,0.037817,-0.103677,0.223407,0.058740,True,,,,,,,,,0.063050,0.671376,0.424007,0.048406,0.718038,0.482316,0.106028,0.123917,0.200711,0.008289,0.080716,0.080716,-0.131740,-0.690340,0.046480,-0.115264,0.049088,0.039520,READY
1787024025375345096,2026-08-18T10:33:45.375389,ground_truth,-0.105339,0.221000,0.037284,-0.103506,0.227081,0.055771,True,,,,,,,,,0.062880,0.675050,0.421039,0.050293,0.712434,0.474329,0.106028,0.123917,0.200711,0.008289,0.080716,0.080716,-0.131740,-0.690340,0.046480,-0.115264,0.049088,0.039520,READY
1787024025411735360,2026-08-18T10:33:45.411766,ground_truth,-0.106890,0.190000,0.036458,-0.103226,0.232296,0.053081,True,,,,,,,,,0.062600,0.680265,0.418349,0.050293,0.712434,0.474329,0.106028,0.123917,0.200711,0.008289,0.080716,0.080716,-0.131740,-0.690340,0.046480,-0.115264,0.049088,0.039520,READY
1787024025443463359,2026-08-18T10:33:45.443484,ground_truth,-0.103338,0.261000,0.034295,-0.103668,0.234993,0.050538,True,,,,,,,,,0.063042,0.682961,0.415806,0.052211,0.707998,0.465521,0.086388,0.158388,0.202458,0.008289,0.080716,0.080716,-0.143220,-0.676340,0.032204,-0.112640,0.050368,0.037920,READY
1787024025478637036,2026-08-18T10:33:45.478662,ground_truth,-0.106340,0.201000,0.032598,-0.103970,0.234465,0.048097,True,,,,,,,,,0.063344,0.682434,0.413364,0.052211,0.707998,0.465521,0.079847,0.151841,0.200711,0.005228,0.078096,0.080716,-0.087360,-0.648760,0.046480,-0.115200,0.049664,0.035520,READY
1787024025513312910,2026-08-18T10:33:45.513346,ground_truth,-0.107390,0.180000,0.032004,-0.104311,0.232226,0.045862,True,,,,,,,,,0.063685,0.680195,0.411129,0.054052,0.703538,0.456796,0.078103,0.150097,0.198525,0.010898,0.080716,0.078096,-0.123620,-0.634200,0.030129,-0.106080,0.044928,0.039360,READY
1787024025541058833,2026-08-18T10:33:45.541092,ground_truth,-0.105339,0.221000,0.029043,-0.104722,0.230712,0.043862,True,,,,,,,,,0.064096,0.678680,0.409129,0.054052,0.703538,0.456796,0.080279,0.150097,0.200711,0.005670,0.078096,0.078096,-0.106540,-0.599480,0.035773,-0.109696,0.049152,0.040128,READY
1787024025575279251,2026-08-18T10:33:45.575317,ground_truth,-0.109451,0.221000,0.029043,-0.104986,0.229342,0.041842,True,,,,,,,,,0.064359,0.677311,0.407109,0.055856,0.698947,0.448097,0.078534,0.145732,0.198525,0.010898,0.080716,0.083766,-0.137200,-0.624260,0.031291,-0.104960,0.046144,0.037632,READY
1787024025605571426,2026-08-18T10:33:45.605611,ground_truth,-0.108935,0.231000,0.029343,-0.105260,0.229068,0.040194,True,,,,,,,,,0.064633,0.677037,0.405461,0.055856,0.698947,0.448097,0.079847,0.140492,0.200711,0.005228,0.078096,0.081158,-0.110880,-0.616280,0.034611,-0.108800,0.050816,0.038016,READY
1787024025641292968,2026-08-18T10:33:45.641345,ground_truth,-0.111570,0.180000,0.027816,-0.105600,0.227414,0.038526,True,,,,,,,,,0.064973,0.675382,0.403793,0.057642,0.694330,0.439417,0.081592,0.135697,0.200711,0.010898,0.081158,0.081158,-0.119000,-0.620900,0.020667,-0.105024,0.044928,0.039968,READY
1787024025676409875,2026-08-18T10:33:45.676451,ground_truth,-0.102387,0.280000,0.026787,-0.105878,0.227083,0.036851,True,,,,,,,,,0.065252,0.675051,0.402118,0.057642,0.694330,0.439417,0.083336,0.130895,0.200711,0.008289,0.080716,0.080716,-0.104160,-0.619640,0.030627,-0.110752,0.048992,0.038528,READY
1787024025705527338,2026-08-18T10:33:45.705557,ground_truth,-0.104339,0.241000,0.025555,-0.105748,0.226483,0.035298,True,,,,,,,,,0.065122,0.674452,0.400565,0.059336,0.689830,0.430622,0.084643,0.124354,0.200711,0.008289,0.080716,0.080716,-0.130200,-0.599200,0.030129,-0.108192,0.049088,0.036416,READY
1787024025740736054,2026-08-18T10:33:45.740769,ground_truth,-0.105339,0.221000,0.024923,-0.105781,0.226363,0.033920,True,,,,,,,,,0.065155,0.674332,0.399187,0.059336,0.689830,0.430622,0.086388,0.120859,0.201142,0.008289,0.080716,0.081158,-0.139160,-0.572460,0.034943,-0.109088,0.047808,0.037856,READY
1787024025770769159,2026-08-18T10:33:45.770784,ground_truth,-0.107941,0.169000,0.023280,-0.105882,0.225806,0.032500,True,,,,,,,,,0.065255,0.673774,0.397767,0.060934,0.685496,0.421753,0.094679,0.102532,0.200711,0.010898,0.078096,0.078096,-0.157080,-0.558180,0.031540,-0.110304,0.051424,0.040192,READY
1787024025807955613,2026-08-18T10:33:45.807973,ground_truth,-0.107390,0.180000,0.023628,-0.106285,0.224094,0.031177,True,,,,,,,,,0.065659,0.672063,0.396444,0.060934,0.685496,0.421753,0.107772,0.085081,0.200711,0.013517,0.080716,0.081158,-0.167300,-0.533120,0.044903,-0.113600,0.049600,0.038080,READY
1787024025839311216,2026-08-18T10:33:45.839348,ground_truth,-0.107941,0.169000,0.019074,-0.106422,0.219966,0.029992,True,,,,,,,,,0.065795,0.667934,0.395259,0.062443,0.680044,0.413528,0.114319,0.075483,0.198964,0.016137,0.080716,0.081158,-0.171640,-0.536900,0.030627,-0.111584,0.046080,0.038976,READY
1787024025875578660,2026-08-18T10:33:45.875616,ground_truth,-0.103743,0.169000,0.019074,-0.106662,0.215300,0.028742,True,,,,,,,,,0.066036,0.663268,0.394009,0.062443,0.680044,0.413528,0.125661,0.057156,0.200711,0.016137,0.078096,0.078096,-0.175700,-0.517300,0.039425,-0.109984,0.047424,0.041184,READY
1787024025906269080,2026-08-18T10:33:45.906289,ground_truth,-0.103743,0.169000,0.019074,-0.106556,0.211593,0.027528,True,,,,,,,,,0.065929,0.659562,0.392795,0.063630,0.673071,0.406470,0.132208,0.041012,0.200711,0.019198,0.078096,0.078538,-0.171920,-0.508620,0.031706,-0.103200,0.046752,0.035744,READY
1787024025940299055,2026-08-18T10:33:45.940330,ground_truth,-0.100743,0.231000,0.021135,-0.106346,0.208079,0.026369,True,,,,,,,,,0.065719,0.656047,0.391636,0.063630,0.673071,0.406470,0.137004,0.027925,0.198525,0.016137,0.080716,0.080716,-0.128240,-0.494340,0.030627,-0.108416,0.049440,0.036576,READY
1787024025976612022,2026-08-18T10:33:45.976645,ground_truth,-0.100259,0.241000,0.025555,-0.106173,0.204602,0.025492,True,,,,,,,,,0.065546,0.652571,0.390759,0.064371,0.665144,0.400395,0.132208,0.004796,0.198964,0.018756,0.080716,0.078096,-0.121100,-0.483560,0.017430,-0.109024,0.046304,0.041472,READY
1787024026010665048,2026-08-18T10:33:46.010692,ground_truth,-0.099775,0.251000,0.029941,-0.105767,0.205507,0.025022,True,,,,,,,,,0.065141,0.653476,0.390289,0.064371,0.665144,0.400395,0.132208,0.004796,0.198964,0.018756,0.080716,0.078096,-0.121100,-0.483560,0.017430,-0.109024,0.046304,0.041472,READY
1787024026041918326,2026-08-18T10:33:46.041933,ground_truth,-0.101711,0.211000,0.032881,-0.105260,0.207821,0.024885,True,,,,,,,,,0.064633,0.655790,0.390152,0.064624,0.659389,0.394555,0.132208,0.004796,0.198964,0.018756,0.080716,0.078096,-0.121100,-0.483560,0.017430,-0.109024,0.046304,0.041472,READY
1787024026077199101,2026-08-18T10:33:46.077238,ground_truth,-0.098372,0.280000,0.038855,-0.105018,0.210418,0.025141,True,,,,,,,,,0.064391,0.658386,0.390408,0.064624,0.659389,0.394555,0.132208,0.004796,0.198964,0.018756,0.080716,0.078096,-0.121100,-0.483560,0.017430,-0.109024,0.046304,0.041472,READY
1787024026110170420,2026-08-18T10:33:46.110225,ground_truth,-0.095713,0.251000,0.042154,-0.104279,0.212537,0.025795,True,,,,,,,,,0.063653,0.660505,0.391062,0.064479,0.655709,0.389281,0.132208,0.004796,0.198964,0.018756,0.080716,0.078096,-0.121100,-0.483560,0.017430,-0.109024,0.046304,0.041472,READY
1787024026140141275,2026-08-18T10:33:46.140171,ground_truth,-0.095245,0.261000,0.042403,-0.103398,0.214561,0.026649,True,,,,,,,,,0.062771,0.662529,0.391916,0.064479,0.655709,0.389281,0.127406,0.001307,0.200711,0.018756,0.078096,0.080716,-0.120820,-0.379960,0.033532,-0.111264,0.050496,0.040480,READY
1787024026176571831,2026-08-18T10:33:46.176611,ground_truth,-0.094778,0.271000,0.046691,-0.102309,0.217099,0.027621,True,,,,,,,,,0.061683,0.665067,0.392889,0.061683,0.665067,0.392889,0.075045,0.057156,0.197216,0.013517,0.080716,0.080716,-0.085540,-0.211680,0.022576,-0.100800,0.041312,0.040128,READY
1787024026208613249,2026-08-18T10:33:46.208638,ground_truth,-0.097582,0.211000,0.045291,-0.101802,0.219206,0.028948,True,,,,,,,,,0.061176,0.667175,0.394215,0.061683,0.665067,0.392889,0.068936,0.058901,0.200711,0.013517,0.080716,0.078096,-0.118020,-0.221900,0.035607,-0.102848,0.047040,0.040640,READY
1787024026241315087,2026-08-18T10:33:46.241337,ground_truth,-0.094778,0.271000,0.046691,-0.101352,0.220695,0.030264,True,,,,,,,,,0.060725,0.668663,0.395531,0.061225,0.666786,0.394151,0.068936,0.058901,0.200711,0.013517,0.080716,0.078096,-0.118020,-0.221900,0.035607,-0.102848,0.047040,0.040640,READY
1787024026275034034,2026-08-18T10:33:46.275058,ground_truth,-0.099775,0.251000,0.046224,-0.100647,0.222592,0.031715,True,,,,,,,,,0.060021,0.670561,0.396982,0.061225,0.666786,0.394151,0.068936,0.058901,0.200711,0.013517,0.080716,0.078096,-0.118020,-0.221900,0.035607,-0.102848,0.047040,0.040640,READY
1787024026307154371,2026-08-18T10:33:46.307177,ground_truth,-0.100743,0.231000,0.045758,-0.100103,0.224572,0.033245,True,,,,,,,,,0.059477,0.672540,0.398512,0.060209,0.670210,0.396732,0.068936,0.058901,0.200711,0.013517,0.080716,0.078096,-0.118020,-0.221900,0.035607,-0.102848,0.047040,0.040640,READY
1787024026343116583,2026-08-18T10:33:46.343143,ground_truth,-0.098372,0.280000,0.046901,-0.099660,0.228754,0.034720,True,,,,,,,,,0.059034,0.676723,0.399987,0.060209,0.670210,0.396732,0.068936,0.057156,0.198964,0.016137,0.080716,0.080716,-0.126140,-0.239820,0.032038,-0.102976,0.045824,0.037248,READY
1787024026375549420,2026-08-18T10:33:46.375594,ground_truth,-0.100743,0.231000,0.045758,-0.099022,0.233964,0.036575,True,,,,,,,,,0.058396,0.681933,0.401842,0.059162,0.675844,0.399580,0.071994,0.029231,0.198964,0.018756,0.078096,0.078096,-0.132580,-0.280140,0.011205,-0.102752,0.045696,0.037184,READY
1787024026411129625,2026-08-18T10:33:46.411179,ground_truth,-0.102194,0.201000,0.045058,-0.098822,0.238313,0.038354,True,,,,,,,,,0.058196,0.686281,0.403621,0.059162,0.675844,0.399580,0.070243,0.014831,0.200711,0.016137,0.080716,0.078096,-0.107800,-0.278320,0.016849,-0.106752,0.043040,0.040576,READY
1787024026442904287,2026-08-18T10:33:46.442984,ground_truth,-0.101711,0.211000,0.045291,-0.098719,0.242489,0.040086,True,,,,,,,,,0.058093,0.690458,0.405354,0.058595,0.683599,0.402644,0.065447,0.011780,0.200711,0.016137,0.078096,0.078096,-0.113400,-0.271460,0.014525,-0.105920,0.049216,0.041184,READY
1787024026472256146,2026-08-18T10:33:46.472314,ground_truth,-0.102727,0.190000,0.044801,-0.098783,0.245564,0.041697,True,,,,,,,,,0.058157,0.693533,0.406964,0.058595,0.683599,0.402644,0.054105,0.009598,0.200711,0.016137,0.081158,0.080716,-0.081480,-0.254800,0.008300,-0.102144,0.047360,0.037344,READY
1787024026507653887,2026-08-18T10:33:46.507688,ground_truth,-0.096647,0.231000,0.045758,-0.098948,0.244580,0.042980,True,,,,,,,,,0.058322,0.692548,0.408247,0.058416,0.689453,0.406309,0.042756,0.013087,0.200711,0.013517,0.080716,0.078096,-0.061320,-0.248500,0.019256,-0.100512,0.043520,0.037632,READY
1787024026544141963,2026-08-18T10:33:46.544170,ground_truth,-0.095245,0.261000,0.046458,-0.098739,0.242783,0.044034,True,,,,,,,,,0.058113,0.690751,0.409301,0.058416,0.689453,0.406309,0.032720,0.014831,0.200711,0.008289,0.080716,0.078538,-0.067480,-0.245700,0.024153,-0.103680,0.043136,0.038912,READY
1787024026572919428,2026-08-18T10:33:46.572953,ground_truth,-0.094778,0.271000,0.046691,-0.098308,0.241890,0.044939,True,,,,,,,,,0.057682,0.689858,0.410207,0.057988,0.693072,0.410179,0.032720,0.014831,0.200711,0.008289,0.080716,0.078538,-0.067480,-0.245700,0.024153,-0.103680,0.043136,0.038912,READY
1787024026608777694,2026-08-18T10:33:46.608814,ground_truth,-0.095713,0.251000,0.046224,-0.098069,0.242245,0.045462,True,,,,,,,,,0.057442,0.690213,0.410729,0.057988,0.693072,0.410179,0.032720,0.014831,0.200711,0.008289,0.080716,0.078538,-0.067480,-0.245700,0.024153,-0.103680,0.043136,0.038912,READY
1787024026643398791,2026-08-18T10:33:46.643446,ground_truth,-0.096180,0.241000,0.045991,-0.098069,0.242849,0.045733,True,,,,,,,,,0.057442,0.690817,0.411000,0.057442,0.690817,0.411000,0.032720,0.014831,0.200711,0.008289,0.080716,0.078538,-0.067480,-0.245700,0.024153,-0.103680,0.043136,0.038912,READY
1787024026674112713,2026-08-18T10:33:46.674143,ground_truth,-0.095245,0.261000,0.050512,-0.098131,0.242436,0.045972,True,,,,,,,,,0.057505,0.690405,0.411240,0.057442,0.690817,0.411000,0.021378,0.020940,0.200711,0.007847,0.078096,0.078096,-0.061040,-0.238980,0.021331,-0.100736,0.049536,0.039904,READY
1787024026710502116,2026-08-18T10:33:46.710534,ground_truth,-0.096647,0.231000,0.049861,-0.098162,0.241821,0.046227,True,,,,,,,,,0.057536,0.689789,0.411494,0.057625,0.688813,0.411963,0.021378,0.020940,0.200711,0.007847,0.078096,0.078096,-0.061040,-0.238980,0.021331,-0.100736,0.049536,0.039904,READY
1787024026745852047,2026-08-18T10:33:46.745886,ground_truth,-0.094357,0.280000,0.050924,-0.098100,0.240631,0.046532,True,,,,,,,,,0.057474,0.688599,0.411799,0.057625,0.688813,0.411963,0.021378,0.020940,0.200711,0.007847,0.078096,0.078096,-0.061040,-0.238980,0.021331,-0.100736,0.049536,0.039904,READY
1787024026777653841,2026-08-18T10:33:46.777683,ground_truth,-0.096647,0.231000,0.049861,-0.098072,0.239859,0.046814,True,,,,,,,,,0.057446,0.687828,0.412081,0.057249,0.686743,0.412211,0.021378,0.020940,0.200711,0.007847,0.078096,0.078096,-0.061040,-0.238980,0.021331,-0.100736,0.049536,0.039904,READY
1787024026806798059,2026-08-18T10:33:46.806830,ground_truth,-0.096647,0.231000,0.049861,-0.097863,0.238639,0.047056,True,,,,,,,,,0.057237,0.686607,0.412324,0.057249,0.686743,0.412211,0.041012,0.035778,0.200711,0.000000,0.080716,0.081158,0.143220,-0.259980,0.010707,-0.067680,0.045312,0.037792,READY
1787024026840551044,2026-08-18T10:33:46.840588,ground_truth,-0.097582,0.211000,0.049428,-0.097590,0.237328,0.047330,True,,,,,,,,,0.056964,0.685296,0.412597,0.056766,0.684288,0.412866,0.055412,0.030976,0.202458,0.010898,0.081158,0.078096,0.106540,-0.246960,0.024817,-0.003360,0.046752,0.038304,READY
1787024026878464858,2026-08-18T10:33:46.878481,ground_truth,-0.097582,0.211000,0.049428,-0.097538,0.235999,0.047498,True,,,,,,,,,0.056911,0.683967,0.412766,0.056766,0.684288,0.412866,0.057156,0.036209,0.198964,0.013517,0.080716,0.081158,0.122640,-0.244860,-0.003818,-0.002304,0.042368,0.037856,READY
1787024026908175583,2026-08-18T10:33:46.908213,ground_truth,-0.095713,0.251000,0.050295,-0.097327,0.234666,0.047743,True,,,,,,,,,0.056700,0.682635,0.413010,0.056659,0.681581,0.413102,0.057156,0.036209,0.198964,0.013517,0.080716,0.081158,0.122640,-0.244860,-0.003818,-0.002304,0.042368,0.037856,READY
1787024026944499967,2026-08-18T10:33:46.944527,ground_truth,-0.095245,0.261000,0.050512,-0.096895,0.233333,0.048092,True,,,,,,,,,0.056268,0.681302,0.413359,0.056659,0.681581,0.413102,0.057156,0.036209,0.198964,0.013517,0.080716,0.081158,0.122640,-0.244860,-0.003818,-0.002304,0.042368,0.037856,READY
1787024026975883230,2026-08-18T10:33:46.975935,ground_truth,-0.096180,0.241000,0.050078,-0.096464,0.235200,0.048440,True,,,,,,,,,0.055837,0.683168,0.413708,0.055837,0.683168,0.413708,0.057156,0.036209,0.198964,0.013517,0.080716,0.081158,0.122640,-0.244860,-0.003818,-0.002304,0.042368,0.037856,READY
1787024027009056997,2026-08-18T10:33:47.009073,ground_truth,-0.095713,0.251000,0.050295,-0.096027,0.238240,0.048792,True,,,,,,,,,0.055401,0.686208,0.414059,0.055837,0.683168,0.413708,0.057156,0.036209,0.198964,0.013517,0.080716,0.081158,0.122640,-0.244860,-0.003818,-0.002304,0.042368,0.037856,READY
1787024027044136741,2026-08-18T10:33:47.044164,ground_truth,-0.090342,0.280000,0.050924,-0.095965,0.240981,0.049095,True,,,,,,,,,0.055339,0.688950,0.414362,0.055647,0.685372,0.413957,0.057156,0.036209,0.198964,0.013517,0.080716,0.081158,0.122640,-0.244860,-0.003818,-0.002304,0.042368,0.037856,READY
1787024027076176211,2026-08-18T10:33:47.076211,ground_truth,-0.089441,0.300000,0.051357,-0.095638,0.242596,0.049392,True,,,,,,,,,0.055012,0.690565,0.414660,0.055647,0.685372,0.413957,0.057156,0.034465,0.198964,0.013517,0.081158,0.080716,0.109340,-0.235900,0.014525,-0.004064,0.043648,0.037248,READY
1787024027111476705,2026-08-18T10:33:47.111510,ground_truth,-0.090748,0.271000,0.054766,-0.095282,0.243933,0.049703,True,,,,,,,,,0.054656,0.691901,0.414971,0.055034,0.689710,0.414601,0.014831,0.016576,0.198964,0.005670,0.080716,0.081158,0.078960,-0.531580,-0.003486,-0.003456,0.044032,0.036640,READY
1787024027142486870,2026-08-18T10:33:47.142498,ground_truth,-0.090748,0.271000,0.058804,-0.094951,0.245213,0.050273,True,,,,,,,,,0.054325,0.693182,0.415540,0.055034,0.689710,0.414601,0.003051,0.034465,0.200711,0.000000,0.080716,0.080716,0.087080,-0.580580,-0.004316,0.001024,0.044864,0.037632,READY
1787024027173720983,2026-08-18T10:33:47.173751,ground_truth,-0.091650,0.251000,0.066578,-0.094589,0.246536,0.051127,True,,,,,,,,,0.053963,0.694504,0.416394,0.054044,0.694140,0.416258,0.000000,0.039267,0.200711,0.000000,0.080716,0.080716,0.081480,-0.559160,0.004814,0.000064,0.040192,0.038240,READY
1787024027209881839,2026-08-18T10:33:47.209896,ground_truth,-0.085893,0.290000,0.071172,-0.094349,0.247867,0.052198,True,,,,,,,,,0.053723,0.695836,0.417465,0.054044,0.694140,0.416258,0.003489,0.045814,0.200711,0.000000,0.078096,0.080716,-0.081480,-0.531580,-0.001079,-0.005024,0.044864,0.038752,READY
1787024027241093953,2026-08-18T10:33:47.241135,ground_truth,-0.088021,0.241000,0.078689,-0.093632,0.249733,0.053619,True,,,,,,,,,0.053006,0.697702,0.418886,0.053016,0.697667,0.418860,0.008285,0.047558,0.200711,0.000000,0.081158,0.078096,-0.097300,-0.540820,0.004648,-0.011808,0.046144,0.037920,READY
1787024027276542704,2026-08-18T10:33:47.276580,ground_truth,-0.082688,0.271000,0.083030,-0.093210,0.249573,0.055470,True,,,,,,,,,0.052584,0.697542,0.420737,0.053016,0.697667,0.418860,0.011342,0.047558,0.200711,0.000000,0.083335,0.080716,-0.093520,-0.551460,-0.014857,-0.022432,0.040032,0.036736,READY
1787024027309102703,2026-08-18T10:33:47.309138,ground_truth,-0.081100,0.309000,0.091301,-0.092279,0.251675,0.057681,True,,,,,,,,,0.051653,0.699643,0.422948,0.051703,0.699571,0.422800,0.011780,0.049303,0.200711,0.000000,0.078096,0.080716,-0.089180,-0.527800,-0.000581,-0.031520,0.041696,0.038240,READY
1787024027341500946,2026-08-18T10:33:47.341536,ground_truth,-0.081476,0.300000,0.095244,-0.091243,0.254228,0.060444,True,,,,,,,,,0.050617,0.702197,0.425711,0.051703,0.699571,0.422800,0.007853,0.041012,0.197216,0.000000,0.080716,0.080716,-0.083300,-0.499940,-0.007802,-0.050592,0.045472,0.038688,READY
1787024027376116077,2026-08-18T10:33:47.376140,ground_truth,-0.077896,0.290000,0.103222,-0.090169,0.258419,0.063498,True,,,,,,,,,0.049543,0.706387,0.428765,0.050244,0.703710,0.426895,0.001744,0.027925,0.184131,0.000000,0.080716,0.078538,-0.071260,-0.508620,0.009462,-0.065792,0.046144,0.040192,READY
1787024027409717940,2026-08-18T10:33:47.409761,ground_truth,-0.073512,0.300000,0.107214,-0.088857,0.264004,0.067084,True,,,,,,,,,0.048231,0.711972,0.432352,0.050244,0.703710,0.426895,0.000000,0.020940,0.165364,0.002609,0.080716,0.080716,0.009240,-0.490000,0.033698,-0.075136,0.043360,0.039360,READY
1787024027445093104,2026-08-18T10:33:47.445127,ground_truth,-0.070783,0.266000,0.115355,-0.087377,0.269867,0.070879,True,,,,,,,,,0.046751,0.717836,0.436146,0.048560,0.710015,0.431420,0.000000,0.020940,0.165364,0.002609,0.080716,0.080716,0.009240,-0.490000,0.033698,-0.075136,0.043360,0.039360,READY
1787024027476704011,2026-08-18T10:33:47.476726,ground_truth,-0.068867,0.318000,0.119068,-0.085746,0.273120,0.075202,True,,,,,,,,,0.045120,0.721089,0.440469,0.048560,0.710015,0.431420,0.000000,0.020940,0.165364,0.002609,0.080716,0.080716,0.009240,-0.490000,0.033698,-0.075136,0.043360,0.039360,READY
1787024027511883161,2026-08-18T10:33:47.511932,ground_truth,-0.064563,0.328000,0.122947,-0.083925,0.276384,0.079801,True,,,,,,,,,0.043299,0.724352,0.445068,0.046107,0.716700,0.437784,0.000000,0.020940,0.165364,0.002609,0.080716,0.080716,0.009240,-0.490000,0.033698,-0.075136,0.043360,0.039360,READY
1787024027541628427,2026-08-18T10:33:47.541678,ground_truth,-0.064915,0.318000,0.130948,-0.081849,0.280610,0.084645,True,,,,,,,,,0.041222,0.728579,0.449912,0.046107,0.716700,0.437784,0.003051,0.014831,0.147037,0.000000,0.078096,0.078096,0.064680,-0.478940,0.038761,-0.077984,0.046080,0.039904,READY
1787024027574761176,2026-08-18T10:33:47.574775,ground_truth,-0.063613,0.355000,0.134426,-0.080153,0.285029,0.089980,True,,,,,,,,,0.039527,0.732997,0.455247,0.043458,0.723261,0.444814,0.038829,0.038829,0.063265,0.003051,0.078096,0.078096,0.110880,-0.237720,0.317973,-0.010528,0.046208,0.039744,READY
1787024027607427096,2026-08-18T10:33:47.607471,ground_truth,-0.060325,0.337000,0.134660,-0.078431,0.288472,0.095518,True,,,,,,,,,0.037805,0.736441,0.460785,0.043458,0.723261,0.444814,0.040574,0.039267,0.107772,0.010467,0.080716,0.078096,0.111580,-0.252840,0.313491,0.002688,0.039584,0.038304,READY
1787024027644248009,2026-08-18T10:33:47.644278,ground_truth,-0.060023,0.346000,0.138457,-0.076403,0.292201,0.100844,True,,,,,,,,,0.035777,0.740170,0.466111,0.040743,0.729236,0.452340,0.042318,0.035778,0.141371,0.010467,0.078096,0.078096,0.116760,-0.248220,0.328929,-0.003296,0.045472,0.039584,READY
1787024027675788016,2026-08-18T10:33:47.675829,ground_truth,-0.056117,0.346000,0.142371,-0.074355,0.296947,0.106154,True,,,,,,,,,0.033729,0.744915,0.471421,0.040743,0.729236,0.452340,0.042318,0.030976,0.154018,0.008289,0.080716,0.081158,0.122360,-0.249760,0.307930,0.003296,0.042368,0.035360,READY
1787024027709999331,2026-08-18T10:33:47.710057,ground_truth,-0.055543,0.364000,0.145961,-0.071986,0.301896,0.111207,True,,,,,,,,,0.031360,0.749864,0.476474,0.037856,0.735583,0.459765,0.044069,0.021378,0.157951,0.008289,0.078096,0.080716,0.109620,-0.276080,0.320712,-0.000064,0.040192,0.037248,READY
1787024027747295331,2026-08-18T10:33:47.747312,ground_truth,-0.051122,0.382000,0.145638,-0.069963,0.306886,0.116193,True,,,,,,,,,0.029336,0.754854,0.481460,0.037856,0.735583,0.459765,0.045814,0.011342,0.154457,0.008289,0.078096,0.078096,0.109620,-0.274540,0.299879,0.005696,0.044480,0.039584,READY
1787024027776879412,2026-08-18T10:33:47.776928,ground_truth,-0.051394,0.373000,0.149668,-0.067503,0.313911,0.120656,True,,,,,,,,,0.026877,0.761879,0.485923,0.035068,0.742260,0.466407,0.045814,0.007853,0.152279,0.010898,0.081158,0.080716,0.128240,-0.270620,0.307266,0.000128,0.043808,0.035968,READY
1787024027809678514,2026-08-18T10:33:47.809704,ground_truth,-0.047018,0.391000,0.153155,-0.065417,0.320755,0.125099,True,,,,,,,,,0.024790,0.768724,0.490366,0.035068,0.742260,0.466407,0.052354,0.004796,0.154018,0.010467,0.080716,0.081158,0.125160,-0.269360,0.302784,0.003232,0.043648,0.037568,READY
1787024027844981414,2026-08-18T10:33:47.845002,ground_truth,-0.042701,0.409000,0.156581,-0.063144,0.328044,0.129222,True,,,,,,,,,0.022518,0.776013,0.494489,0.032314,0.749668,0.472571,0.058901,0.004796,0.157951,0.010467,0.080716,0.078096,0.118300,-0.276080,0.310005,-0.001120,0.041536,0.038240,READY
1787024027878201671,2026-08-18T10:33:47.878223,ground_truth,-0.042943,0.400000,0.160612,-0.060559,0.334356,0.133311,True,,,,,,,,,0.019933,0.782324,0.498579,0.032314,0.749668,0.472571,0.062390,0.004796,0.169290,0.010898,0.081158,0.080716,0.141540,-0.254100,0.304527,0.001344,0.042976,0.036352,READY
1787024027908751623,2026-08-18T10:33:47.908798,ground_truth,-0.035096,0.409000,0.164201,-0.058229,0.340951,0.137137,True,,,,,,,,,0.017603,0.788920,0.502405,0.029459,0.757285,0.478360,0.067192,0.008285,0.172785,0.010898,0.080716,0.078538,0.145880,-0.242060,0.318471,-0.000960,0.043360,0.035360,READY
1787024027949039608,2026-08-18T10:33:47.949056,ground_truth,-0.034505,0.434000,0.167313,-0.055668,0.348084,0.140936,True,,,,,,,,,0.015042,0.796052,0.506204,0.029459,0.757285,0.478360,0.079847,0.014394,0.191543,0.016137,0.081158,0.078096,0.159600,-0.245420,0.334241,-0.005568,0.042688,0.039136,READY
1787024027981921719,2026-08-18T10:33:47.981951,ground_truth,-0.030920,0.426000,0.171318,-0.053250,0.355857,0.144400,True,,,,,,,,,0.012623,0.803825,0.509668,0.026568,0.765059,0.483944,0.079847,0.014394,0.191543,0.016137,0.081158,0.078096,0.159600,-0.245420,0.334241,-0.005568,0.042688,0.039136,READY
1787024028009354413,2026-08-18T10:33:48.009374,ground_truth,-0.022754,0.459000,0.174070,-0.050720,0.364131,0.147884,True,,,,,,,,,0.010093,0.812100,0.513151,0.026568,0.765059,0.483944,0.079847,0.014394,0.191543,0.016137,0.081158,0.078096,0.159600,-0.245420,0.334241,-0.005568,0.042688,0.039136,READY
1787024028042266034,2026-08-18T10:33:48.042323,ground_truth,-0.018881,0.468000,0.173790,-0.047933,0.371973,0.151292,True,,,,,,,,,0.007306,0.819941,0.516559,0.023673,0.773307,0.488845,0.079847,0.014394,0.191543,0.016137,0.081158,0.078096,0.159600,-0.245420,0.334241,-0.005568,0.042688,0.039136,READY
1787024028077263820,2026-08-18T10:33:48.077302,ground_truth,-0.014929,0.484000,0.176976,-0.044864,0.381061,0.154148,True,,,,,,,,,0.004237,0.829030,0.519415,0.023673,0.773307,0.488845,0.079847,0.014394,0.191543,0.016137,0.081158,0.078096,0.159600,-0.245420,0.334241,-0.005568,0.042688,0.039136,READY
1787024028114325630,2026-08-18T10:33:48.114350,ground_truth,-0.011360,0.476000,0.177239,-0.041618,0.390346,0.156985,True,,,,,,,,,0.000992,0.838314,0.522252,0.020710,0.781799,0.493209,0.079847,0.014394,0.191543,0.016137,0.081158,0.078096,0.159600,-0.245420,0.334241,-0.005568,0.042688,0.039136,READY
1787024028144317770,2026-08-18T10:33:48.144346,ground_truth,-0.007765,0.468000,0.177502,-0.038354,0.399616,0.159823,True,,,,,,,,,-0.002273,0.847584,0.525091,0.020710,0.781799,0.493209,0.083336,0.013087,0.197216,0.010898,0.078096,0.075477,0.146580,-0.237720,0.312744,-0.004736,0.047104,0.040704,READY
1787024028175666582,2026-08-18T10:33:48.175684,ground_truth,-0.003893,0.484000,0.180662,-0.034870,0.408403,0.162426,True,,,,,,,,,-0.005756,0.856372,0.527694,0.017647,0.790431,0.497201,0.096423,0.011342,0.200711,0.013517,0.078096,0.037523,0.124600,-0.253540,0.319633,-0.002464,0.043360,-0.031744,READY
1787024028211289383,2026-08-18T10:33:48.211304,ground_truth,-0.000214,0.484000,0.180662,-0.031388,0.417094,0.164979,True,,,,,,,,,-0.009238,0.865062,0.530246,0.017647,0.790431,0.497201,0.094679,0.018320,0.200711,0.013517,0.078096,0.061949,0.136360,-0.229320,0.315566,-0.002400,0.045024,-0.037344,READY
1787024028244073556,2026-08-18T10:33:48.244113,ground_truth,-0.000214,0.484000,0.184348,-0.027700,0.426192,0.167292,True,,,,,,,,,-0.012927,0.874161,0.532560,0.014459,0.799161,0.500887,0.095116,0.020940,0.198964,0.013517,0.078096,0.067188,0.128940,-0.221900,0.326024,-0.003904,0.047104,-0.041248,READY
1787024028276662156,2026-08-18T10:33:48.276694,ground_truth,0.007143,0.484000,0.184348,-0.024306,0.434412,0.169873,True,,,,,,,,,-0.016320,0.882380,0.535140,0.014459,0.799161,0.500887,0.094679,0.024429,0.200711,0.010467,0.070249,0.072426,0.144060,-0.215740,0.312412,-0.003072,0.046208,-0.040192,READY
1787024028311084598,2026-08-18T10:33:48.311115,ground_truth,0.007187,0.492000,0.184059,-0.020403,0.441976,0.172185,True,,,,,,,,,-0.020223,0.889944,0.537452,0.011128,0.807881,0.504400,0.096423,0.037523,0.198964,0.010898,0.040573,0.080716,0.143780,-0.205520,0.328929,-0.004288,0.035744,-0.039584,READY
1787024028343331334,2026-08-18T10:33:48.343351,ground_truth,0.014536,0.500000,0.187429,-0.016790,0.448929,0.174245,True,,,,,,,,,-0.023837,0.896897,0.539513,0.011128,0.807881,0.504400,0.096423,0.050609,0.200711,0.010898,0.008289,0.080716,0.126420,-0.201460,0.328597,-0.005024,0.034912,-0.041184,READY
1787024028378082612,2026-08-18T10:33:48.378123,ground_truth,0.014571,0.516000,0.186824,-0.012974,0.455706,0.176302,True,,,,,,,,,-0.027652,0.903674,0.541569,0.007587,0.816628,0.507794,0.096423,0.053667,0.200711,0.010898,0.000000,0.080716,0.141540,-0.200480,0.325526,-0.005120,0.025664,-0.038624,READY
1787024028411662787,2026-08-18T10:33:48.411704,ground_truth,0.018193,0.508000,0.190773,-0.009140,0.462395,0.178049,True,,,,,,,,,-0.031487,0.910363,0.543317,0.007587,0.816628,0.507794,0.096423,0.058463,0.200711,0.010898,0.002609,0.080716,0.132860,-0.212240,0.320380,-0.004352,-0.009632,-0.037344,READY
1787024028443389204,2026-08-18T10:33:48.443411,ground_truth,0.025449,0.516000,0.190457,-0.005587,0.469012,0.179821,True,,,,,,,,,-0.035039,0.916981,0.545088,0.003892,0.825326,0.511026,0.096423,0.058463,0.200711,0.010898,0.002609,0.080716,0.132860,-0.212240,0.320380,-0.004352,-0.009632,-0.037344,READY
1787024028477418326,2026-08-18T10:33:48.477442,ground_truth,0.029075,0.516000,0.190457,-0.001590,0.476042,0.181364,True,,,,,,,,,-0.039036,0.924011,0.546631,0.003892,0.825326,0.511026,0.096423,0.058463,0.200711,0.010898,0.002609,0.080716,0.132860,-0.212240,0.320380,-0.004352,-0.009632,-0.037344,READY
1787024028513618595,2026-08-18T10:33:48.513671,ground_truth,0.036265,0.524000,0.193761,0.002409,0.482249,0.182640,True,,,,,,,,,-0.043036,0.930217,0.547907,0.000002,0.834022,0.514084,0.096423,0.058463,0.200711,0.010898,0.002609,0.080716,0.132860,-0.212240,0.320380,-0.004352,-0.009632,-0.037344,READY
1787024028543935340,2026-08-18T10:33:48.543970,ground_truth,0.043491,0.524000,0.193761,0.006344,0.487863,0.183952,True,,,,,,,,,-0.046970,0.935831,0.549220,0.000002,0.834022,0.514084,0.096423,0.061958,0.200711,0.010467,0.013086,0.080716,0.127400,-0.216300,0.322206,-0.005024,-0.050944,-0.038848,READY
1787024028576436071,2026-08-18T10:33:48.576466,ground_truth,0.047103,0.524000,0.193761,0.010502,0.492453,0.185284,True,,,,,,,,,-0.051128,0.940421,0.550551,-0.004136,0.842633,0.517035,0.096423,0.098174,0.200711,0.008289,0.083766,0.080716,0.156800,-0.211680,0.319799,-0.001856,-0.048384,-0.040640,READY
1787024028613767201,2026-08-18T10:33:48.613782,ground_truth,0.054329,0.524000,0.197381,0.014638,0.496357,0.186403,True,,,,,,,,,-0.055264,0.944326,0.551670,-0.004136,0.842633,0.517035,0.099481,0.104283,0.198964,0.008289,0.081158,0.078096,0.126420,-0.211960,0.326024,-0.005248,-0.046976,-0.036736,READY
1787024028644262359,2026-08-18T10:33:48.644322,ground_truth,0.061554,0.524000,0.197381,0.019017,0.499698,0.187746,True,,,,,,,,,-0.059643,0.947667,0.553013,-0.008608,0.851094,0.519933,0.097736,0.111261,0.200711,0.007847,0.078538,0.080716,0.139440,-0.201740,0.320131,-0.003968,-0.051552,-0.039904,READY
1787024028677544079,2026-08-18T10:33:48.677580,ground_truth,0.068600,0.532000,0.197039,0.023638,0.502926,0.189071,True,,,,,,,,,-0.064265,0.950895,0.554338,-0.008608,0.851094,0.519933,0.097736,0.113006,0.200711,0.010898,0.080716,0.080716,0.116760,-0.196420,0.332747,-0.006528,-0.052224,-0.039968,READY
1787024028710673092,2026-08-18T10:33:48.710685,ground_truth,0.075799,0.532000,0.200645,0.028471,0.506132,0.190163,True,,,,,,,,,-0.069097,0.954100,0.555430,-0.013465,0.859364,0.522783,0.099919,0.119114,0.200711,0.010898,0.081158,0.080716,0.123900,-0.203560,0.327020,-0.009920,-0.047200,-0.036736,READY
1787024028746281721,2026-08-18T10:33:48.746294,ground_truth,0.079398,0.532000,0.200645,0.033539,0.509333,0.191495,True,,,,,,,,,-0.074165,0.957301,0.556762,-0.013465,0.859364,0.522783,0.098174,0.123917,0.200711,0.007847,0.078096,0.081158,0.143500,-0.221340,0.332415,-0.010592,-0.047808,-0.040960,READY
1787024028780310623,2026-08-18T10:33:48.780333,ground_truth,0.082328,0.555000,0.203193,0.038846,0.512533,0.192581,True,,,,,,,,,-0.079472,0.960502,0.557849,-0.018731,0.867433,0.525581,0.099481,0.126099,0.200711,0.010898,0.078538,0.078096,0.127680,-0.233100,0.320214,-0.008480,-0.053280,-0.039808,READY
1787024028819008819,2026-08-18T10:33:48.819030,ground_truth,0.086597,0.532000,0.204252,0.043858,0.515733,0.193838,True,,,,,,,,,-0.084485,0.963702,0.559105,-0.018731,0.867433,0.525581,0.099481,0.125661,0.198964,0.010467,0.080716,0.080716,0.140000,-0.229040,0.341296,-0.012544,-0.048160,-0.038240,READY
1787024028858595987,2026-08-18T10:33:48.858621,ground_truth,0.090456,0.524000,0.204620,0.049152,0.518933,0.195184,True,,,,,,,,,-0.089779,0.966902,0.560451,-0.024231,0.875485,0.528385,0.101225,0.129150,0.198964,0.007847,0.078096,0.080716,0.147840,-0.216300,0.331834,-0.005696,-0.048992,-0.038912,READY
1787024028886472707,2026-08-18T10:33:48.886485,ground_truth,0.096325,0.562000,0.206427,0.054214,0.521707,0.196330,True,,,,,,,,,-0.094840,0.969675,0.561597,-0.029928,0.883085,0.531065,0.102970,0.132208,0.200711,0.008289,0.080716,0.078096,0.120820,-0.216580,0.330838,-0.010304,-0.050272,-0.041248,READY
1787024028915827974,2026-08-18T10:33:48.915852,ground_truth,0.104010,0.547000,0.207143,0.059664,0.523968,0.197637,True,,,,,,,,,-0.100290,0.971936,0.562904,-0.029928,0.883085,0.531065,0.102532,0.130895,0.201142,0.010467,0.081158,0.080716,0.136080,-0.188720,0.334822,-0.007424,-0.046144,-0.038400,READY
1787024028942210510,2026-08-18T10:33:48.942263,ground_truth,0.110821,0.555000,0.206761,0.065385,0.526500,0.198728,True,,,,,,,,,-0.106012,0.974469,0.563995,-0.029928,0.883085,0.531065,0.102970,0.135259,0.200711,0.008289,0.078096,0.080716,0.114380,-0.229600,0.338391,-0.006976,-0.051328,-0.037568,READY
1787024028979244898,2026-08-18T10:33:48.979274,ground_truth,0.117260,0.570000,0.209589,0.071077,0.529087,0.199815,True,,,,,,,,,-0.111703,0.977055,0.565082,-0.036319,0.890429,0.533723,0.102970,0.137441,0.202458,0.007847,0.081158,0.080716,0.132020,-0.237440,0.323451,-0.006848,-0.049440,-0.038240,READY
1787024029014762466,2026-08-18T10:33:49.014788,ground_truth,0.120088,0.585000,0.208849,0.076956,0.531684,0.201091,True,,,,,,,,,-0.117582,0.979652,0.566358,-0.036319,0.890429,0.533723,0.101225,0.137004,0.200711,0.010898,0.080716,0.081158,0.150640,-0.238280,0.336150,-0.010528,-0.051424,-0.038912,READY
1787024029042898172,2026-08-18T10:33:49.042918,ground_truth,0.128275,0.562000,0.209984,0.082544,0.535083,0.202096,True,,,,,,,,,-0.123170,0.983052,0.567364,-0.042897,0.897444,0.536271,0.106028,0.137004,0.200711,0.007847,0.078096,0.078096,0.142800,-0.229040,0.333411,-0.005920,-0.049824,-0.035968,READY
1787024029079334790,2026-08-18T10:33:49.079381,ground_truth,0.131042,0.577000,0.209244,0.088196,0.538217,0.203178,True,,,,,,,,,-0.128823,0.986185,0.568445,-0.042897,0.897444,0.536271,0.106028,0.137004,0.200711,0.007847,0.078096,0.078096,0.142800,-0.229040,0.333411,-0.005920,-0.049824,-0.035968,READY
1787024029110288378,2026-08-18T10:33:49.110374,ground_truth,0.137260,0.592000,0.208503,0.093792,0.541670,0.204210,True,,,,,,,,,-0.134418,0.989638,0.569477,-0.049662,0.904259,0.538726,0.106028,0.137004,0.200711,0.007847,0.078096,0.078096,0.142800,-0.229040,0.333411,-0.005920,-0.049824,-0.035968,READY
1787024029145123464,2026-08-18T10:33:49.145206,ground_truth,0.146026,0.562000,0.209984,0.099321,0.545187,0.204952,True,,,,,,,,,-0.139947,0.993156,0.570219,-0.049662,0.904259,0.538726,0.106028,0.137004,0.200711,0.007847,0.078096,0.078096,0.142800,-0.229040,0.333411,-0.005920,-0.049824,-0.035968,READY
1787024029181141736,2026-08-18T10:33:49.181176,ground_truth,0.152194,0.577000,0.209244,0.104952,0.548718,0.205792,True,,,,,,,,,-0.145579,0.996686,0.571059,-0.056676,0.911018,0.541090,0.106028,0.137004,0.200711,0.007847,0.078096,0.078096,0.142800,-0.229040,0.333411,-0.005920,-0.049824,-0.035968,READY
1787024029213869576,2026-08-18T10:33:49.213891,ground_truth,0.154317,0.599000,0.208158,0.110525,0.552250,0.206605,True,,,,,,,,,-0.151152,1.000219,0.571873,-0.056676,0.911018,0.541090,0.110823,0.138748,0.198964,0.008289,0.078096,0.081158,0.154560,-0.259420,0.345612,-0.012192,-0.052832,-0.040256,READY
1787024029248848618,2026-08-18T10:33:49.248884,ground_truth,0.158264,0.592000,0.208503,0.115760,0.555357,0.207106,True,,,,,,,,,-0.156386,1.003325,0.572373,-0.063793,0.917607,0.543323,0.114319,0.138748,0.198964,0.005228,0.080716,0.081158,0.122360,-0.251020,0.337727,-0.009760,-0.050496,-0.039904,READY
1787024029279370249,2026-08-18T10:33:49.279418,ground_truth,0.165265,0.592000,0.208503,0.121018,0.559178,0.207630,True,,,,,,,,,-0.161644,1.007146,0.572897,-0.063793,0.917607,0.543323,0.114319,0.138748,0.198964,0.005228,0.080716,0.081158,0.122360,-0.251020,0.337727,-0.009760,-0.050496,-0.039904,READY
1787024029310711083,2026-08-18T10:33:49.310750,ground_truth,0.171931,0.547000,0.207143,0.126547,0.563142,0.207984,True,,,,,,,,,-0.167173,1.011111,0.573251,-0.071063,0.924183,0.545428,0.114319,0.138748,0.198964,0.005228,0.080716,0.081158,0.122360,-0.251020,0.337727,-0.009760,-0.050496,-0.039904,READY
1787024029346663336,2026-08-18T10:33:49.346700,ground_truth,0.177387,0.570000,0.206045,0.132236,0.567135,0.208177,True,,,,,,,,,-0.172862,1.015104,0.573444,-0.071063,0.924183,0.545428,0.114319,0.138748,0.198964,0.005228,0.080716,0.081158,0.122360,-0.251020,0.337727,-0.009760,-0.050496,-0.039904,READY
1787024029381492779,2026-08-18T10:33:49.381527,ground_truth,0.182656,0.547000,0.203561,0.138031,0.569960,0.208272,True,,,,,,,,,-0.178657,1.017929,0.573539,-0.078442,0.930611,0.547356,0.114319,0.138748,0.198964,0.005228,0.080716,0.081158,0.122360,-0.251020,0.337727,-0.009760,-0.050496,-0.039904,READY
1787024029412720547,2026-08-18T10:33:49.412737,ground_truth,0.186269,0.592000,0.197981,0.143786,0.571325,0.208081,True,,,,,,,,,-0.184413,1.019294,0.573348,-0.078442,0.930611,0.547356,0.123917,0.135697,0.196785,0.008289,0.080716,0.080716,0.122360,-0.253820,0.348019,-0.010688,-0.048032,-0.039904,READY
1787024029445713928,2026-08-18T10:33:49.445750,ground_truth,0.188566,0.607000,0.197315,0.149270,0.572825,0.207470,True,,,,,,,,,-0.189897,1.020794,0.572737,-0.086120,0.936824,0.549104,0.123917,0.135259,0.198964,0.008289,0.080716,0.078096,0.152740,-0.267400,0.339055,-0.009408,-0.050720,-0.040352,READY
1787024029478741407,2026-08-18T10:33:49.478776,ground_truth,0.194498,0.577000,0.195115,0.154453,0.575098,0.206840,True,,,,,,,,,-0.195080,1.023067,0.572108,-0.086120,0.936824,0.549104,0.123917,0.135259,0.198964,0.008289,0.080716,0.078096,0.152740,-0.267400,0.339055,-0.009408,-0.050720,-0.040352,READY
1787024029514687054,2026-08-18T10:33:49.514704,ground_truth,0.196186,0.599000,0.194174,0.159603,0.577526,0.205875,True,,,,,,,,,-0.200229,1.025495,0.571143,-0.093915,0.942881,0.550610,0.123917,0.135259,0.198964,0.008289,0.080716,0.078096,0.152740,-0.267400,0.339055,-0.009408,-0.050720,-0.040352,READY
1787024029546017034,2026-08-18T10:33:49.546041,ground_truth,0.196186,0.599000,0.194174,0.164676,0.579559,0.204897,True,,,,,,,,,-0.205302,1.027527,0.570164,-0.093915,0.942881,0.550610,0.123917,0.135259,0.198964,0.008289,0.080716,0.078096,0.152740,-0.267400,0.339055,-0.009408,-0.050720,-0.040352,READY
1787024029578769801,2026-08-18T10:33:49.578812,ground_truth,0.203423,0.555000,0.196056,0.169203,0.581512,0.203843,True,,,,,,,,,-0.209829,1.029480,0.569110,-0.101887,0.948837,0.551882,0.123917,0.135259,0.198964,0.008289,0.080716,0.078096,0.152740,-0.267400,0.339055,-0.009408,-0.050720,-0.040352,READY
1787024029611996088,2026-08-18T10:33:49.612024,ground_truth,0.209927,0.562000,0.192199,0.174029,0.583076,0.202964,True,,,,,,,,,-0.214655,1.031044,0.568231,-0.101887,0.948837,0.551882,0.125661,0.135697,0.198964,0.008289,0.080716,0.078096,0.123900,-0.248220,0.342043,-0.007904,-0.050944,-0.040704,READY
1787024029645623123,2026-08-18T10:33:49.645637,ground_truth,0.215550,0.539000,0.193145,0.178873,0.582588,0.201877,True,,,,,,,,,-0.219499,1.030557,0.567144,-0.110033,0.954497,0.552939,0.120859,0.123917,0.184131,0.008289,0.075477,0.072426,0.135660,-0.271740,0.338225,-0.011584,-0.047584,-0.038400,READY
1787024029685956101,2026-08-18T10:33:49.685975,ground_truth,0.220514,0.524000,0.193761,0.183508,0.581318,0.200754,True,,,,,,,,,-0.224134,1.029286,0.566022,-0.118442,0.960009,0.553903,0.120859,0.125661,0.183692,0.010467,0.075046,0.075477,0.153020,-0.269640,0.333577,-0.015488,-0.048480,-0.040576,READY
1787024029711687039,2026-08-18T10:33:49.711703,ground_truth,0.221983,0.508000,0.190773,0.188063,0.579037,0.199722,True,,,,,,,,,-0.228689,1.027005,0.564989,-0.118442,0.960009,0.553903,0.122603,0.129150,0.183692,0.008289,0.072857,0.072426,0.161700,-0.268100,0.337395,-0.012032,-0.046592,-0.035520,READY
1787024029744626138,2026-08-18T10:33:49.744657,ground_truth,0.221983,0.508000,0.187127,0.192574,0.575754,0.198563,True,,,,,,,,,-0.233200,1.023722,0.563830,-0.118442,0.960009,0.553903,0.127406,0.128712,0.185870,0.007847,0.072857,0.075477,0.145880,-0.283640,0.337561,-0.015648,-0.050272,-0.038464,READY
1787024029778932157,2026-08-18T10:33:49.778961,ground_truth,0.222717,0.500000,0.180110,0.196822,0.570617,0.197138,True,,,,,,,,,-0.237448,1.018586,0.562405,-0.127378,0.964407,0.554542,0.127406,0.128712,0.185870,0.007847,0.072857,0.075477,0.145880,-0.283640,0.337561,-0.015648,-0.050272,-0.038464,READY
1787024029811761648,2026-08-18T10:33:49.811776,ground_truth,0.226369,0.500000,0.180110,0.200652,0.565110,0.195245,True,,,,,,,,,-0.241278,1.013079,0.560513,-0.127378,0.964407,0.554542,0.127406,0.128712,0.185870,0.007847,0.072857,0.075477,0.145880,-0.283640,0.337561,-0.015648,-0.050272,-0.038464,READY
1787024029846410432,2026-08-18T10:33:49.846430,ground_truth,0.230782,0.492000,0.176714,0.204281,0.559102,0.193443,True,,,,,,,,,-0.244907,1.007070,0.558710,-0.136702,0.967792,0.554872,0.127406,0.128712,0.185870,0.007847,0.072857,0.075477,0.145880,-0.283640,0.337561,-0.015648,-0.050272,-0.038464,READY
1787024029879662879,2026-08-18T10:33:49.879705,ground_truth,0.232303,0.476000,0.173540,0.207841,0.554167,0.191488,True,,,,,,,,,-0.248467,1.002136,0.556755,-0.136702,0.967792,0.554872,0.124354,0.130457,0.187618,0.007847,0.075477,0.075477,0.161700,-0.282660,0.339470,-0.014368,-0.049536,-0.038752,READY
1787024029911738014,2026-08-18T10:33:49.911774,ground_truth,0.238900,0.484000,0.165919,0.211150,0.550247,0.189486,True,,,,,,,,,-0.251777,0.998215,0.554754,-0.146360,0.970345,0.554862,0.124354,0.130457,0.187618,0.007847,0.075477,0.075477,0.161700,-0.282660,0.339470,-0.014368,-0.049536,-0.038752,READY
1787024029949494316,2026-08-18T10:33:49.949534,ground_truth,0.240979,0.500000,0.158154,0.214659,0.544876,0.187349,True,,,,,,,,,-0.255286,0.992844,0.552616,-0.146360,0.970345,0.554862,0.124354,0.130457,0.187618,0.007847,0.075477,0.075477,0.161700,-0.282660,0.339470,-0.014368,-0.049536,-0.038752,READY
1787024029978667247,2026-08-18T10:33:49.978700,ground_truth,0.244631,0.500000,0.150836,0.218153,0.538042,0.184738,True,,,,,,,,,-0.258780,0.986010,0.550005,-0.156221,0.972382,0.554659,0.124354,0.130457,0.187618,0.007847,0.075477,0.075477,0.161700,-0.282660,0.339470,-0.014368,-0.049536,-0.038752,READY
1787024030017448204,2026-08-18T10:33:50.017486,ground_truth,0.243004,0.516000,0.143229,0.221496,0.531768,0.181786,True,,,,,,,,,-0.262122,0.979737,0.547053,-0.156221,0.972382,0.554659,0.132208,0.138748,0.200711,0.010898,0.075477,0.081158,0.138180,-0.275800,0.333743,-0.013824,-0.052608,-0.036864,READY
1787024030043344805,2026-08-18T10:33:50.043378,ground_truth,0.247884,0.468000,0.147804,0.224617,0.525234,0.178390,True,,,,,,,,,-0.265243,0.973202,0.543657,-0.166121,0.973070,0.553948,0.133952,0.143988,0.198964,0.005228,0.080716,0.080716,0.163660,-0.285180,0.341296,-0.012320,-0.051552,-0.041408,READY
1787024030078513624,2026-08-18T10:33:50.078554,ground_truth,0.253346,0.451000,0.144398,0.228063,0.518647,0.175298,True,,,,,,,,,-0.268690,0.966615,0.540566,-0.166121,0.973070,0.553948,0.133952,0.145732,0.198525,0.008289,0.080716,0.080716,0.142800,-0.282380,0.348185,-0.011424,-0.046528,-0.036416,READY
1787024030114514361,2026-08-18T10:33:50.114535,ground_truth,0.252519,0.459000,0.140527,0.231392,0.510343,0.171855,True,,,,,,,,,-0.272018,0.958311,0.537122,-0.175887,0.971716,0.552399,0.133952,0.146601,0.200711,0.008289,0.078096,0.080716,0.154980,-0.323540,0.334241,-0.011040,-0.052544,-0.041184,READY
1787024030147046015,2026-08-18T10:33:50.147069,ground_truth,0.259000,0.468000,0.129243,0.234231,0.503189,0.168410,True,,,,,,,,,-0.274857,0.951157,0.533677,-0.175887,0.971716,0.552399,0.135697,0.145295,0.198964,0.007847,0.080716,0.080716,0.171640,-0.317940,0.344450,-0.013376,-0.046592,-0.039808,READY
1787024030177244380,2026-08-18T10:33:50.177280,ground_truth,0.260972,0.484000,0.125376,0.237128,0.496638,0.164150,True,,,,,,,,,-0.277754,0.944606,0.529417,-0.185325,0.969204,0.550270,0.139186,0.141806,0.200711,0.008289,0.078096,0.080716,0.148680,-0.328160,0.338059,-0.011808,-0.048640,-0.037568,READY
1787024030216011174,2026-08-18T10:33:50.216042,ground_truth,0.262705,0.468000,0.118107,0.239825,0.491541,0.159591,True,,,,,,,,,-0.280451,0.939509,0.524858,-0.185325,0.969204,0.550270,0.142243,0.139186,0.200711,0.008289,0.080716,0.080716,0.142240,-0.310800,0.346276,-0.013312,-0.047264,-0.041696,READY
1787024030244648544,2026-08-18T10:33:50.244665,ground_truth,0.260972,0.484000,0.114318,0.242540,0.487535,0.154746,True,,,,,,,,,-0.283166,0.935503,0.520013,-0.194614,0.966305,0.547789,0.143550,0.133952,0.200711,0.008289,0.080716,0.080716,0.135100,-0.301840,0.342707,-0.013312,-0.049984,-0.041984,READY
1787024030277030119,2026-08-18T10:33:50.277054,ground_truth,0.264545,0.451000,0.110735,0.245139,0.485454,0.149892,True,,,,,,,,,-0.285765,0.933422,0.515160,-0.194614,0.966305,0.547789,0.143550,0.130457,0.198964,0.007847,0.080716,0.083335,0.147140,-0.347760,0.349264,-0.015200,-0.047264,-0.035296,READY
1787024030311695210,2026-08-18T10:33:50.311727,ground_truth,0.265530,0.476000,0.103259,0.247927,0.482904,0.145267,True,,,,,,,,,-0.288554,0.930872,0.510535,-0.203375,0.963000,0.544314,0.143550,0.130457,0.198964,0.007847,0.080716,0.083335,0.147140,-0.347760,0.349264,-0.015200,-0.047264,-0.035296,READY
1787024030343503621,2026-08-18T10:33:50.343535,ground_truth,0.265530,0.476000,0.099560,0.250538,0.481114,0.140144,True,,,,,,,,,-0.291165,0.929083,0.505411,-0.203375,0.963000,0.544314,0.143550,0.130457,0.198964,0.007847,0.080716,0.083335,0.147140,-0.347760,0.349264,-0.015200,-0.047264,-0.035296,READY
1787024030382414160,2026-08-18T10:33:50.382451,ground_truth,0.268330,0.484000,0.092204,0.252855,0.479476,0.135000,True,,,,,,,,,-0.293481,0.927445,0.500268,-0.211831,0.959663,0.540181,0.143550,0.130457,0.198964,0.007847,0.080716,0.083335,0.147140,-0.347760,0.349264,-0.015200,-0.047264,-0.035296,READY
1787024030416834609,2026-08-18T10:33:50.416879,ground_truth,0.267437,0.492000,0.084900,0.255256,0.478295,0.129578,True,,,,,,,,,-0.295883,0.926264,0.494845,-0.211831,0.959663,0.540181,0.150528,0.096423,0.198964,0.008289,0.078096,0.080716,0.162680,-0.367220,0.350426,-0.012864,-0.048544,-0.038688,READY
1787024030447384207,2026-08-18T10:33:50.447399,ground_truth,0.268330,0.484000,0.081146,0.257159,0.478059,0.124177,True,,,,,,,,,-0.297785,0.926027,0.489444,-0.220183,0.956344,0.535676,0.151841,0.084643,0.200711,0.008289,0.080716,0.080716,0.146860,-0.369180,0.358311,-0.014368,-0.051648,-0.040480,READY
1787024030483052113,2026-08-18T10:33:50.483103,ground_truth,0.270197,0.500000,0.066671,0.258982,0.478012,0.119043,True,,,,,,,,,-0.299609,0.925980,0.484310,-0.220183,0.956344,0.535676,0.151841,0.076790,0.200711,0.008289,0.080716,0.081158,0.159600,-0.376320,0.349762,-0.012640,-0.047424,-0.039136,READY
1787024030512086900,2026-08-18T10:33:50.512123,ground_truth,0.272914,0.476000,0.058872,0.260687,0.477576,0.113432,True,,,,,,,,,-0.301313,0.925544,0.478699,-0.228222,0.953271,0.530477,0.148784,0.067192,0.202458,0.008289,0.081158,0.078096,0.167020,-0.400120,0.349596,-0.015104,-0.050144,-0.039296,READY
1787024030548625553,2026-08-18T10:33:50.548654,ground_truth,0.276606,0.476000,0.055173,0.262681,0.476635,0.107808,True,,,,,,,,,-0.303307,0.924604,0.473075,-0.228222,0.953271,0.530477,0.151841,0.057156,0.200711,0.007847,0.080716,0.078096,0.143780,-0.420560,0.353663,-0.015264,-0.050048,-0.041856,READY
1787024030580114983,2026-08-18T10:33:50.580154,ground_truth,0.278559,0.459000,0.051077,0.264596,0.475167,0.101632,True,,,,,,,,,-0.305222,0.923135,0.466900,-0.235542,0.950406,0.524433,0.151841,0.057156,0.200711,0.007847,0.080716,0.078096,0.143780,-0.420560,0.353663,-0.015264,-0.050048,-0.041856,READY
1787024030612266328,2026-08-18T10:33:50.612297,ground_truth,0.276606,0.476000,0.044076,0.266276,0.475300,0.095411,True,,,,,,,,,-0.306903,0.923269,0.460678,-0.235542,0.950406,0.524433,0.151841,0.057156,0.200711,0.007847,0.080716,0.078096,0.143780,-0.420560,0.353663,-0.015264,-0.050048,-0.041856,READY
1787024030645202646,2026-08-18T10:33:50.645238,ground_truth,0.275687,0.484000,0.040603,0.267882,0.476233,0.088981,True,,,,,,,,,-0.308509,0.924202,0.454248,-0.242553,0.947888,0.517689,0.151841,0.057156,0.200711,0.007847,0.080716,0.078096,0.143780,-0.420560,0.353663,-0.015264,-0.050048,-0.041856,READY
1787024030679481726,2026-08-18T10:33:50.679505,ground_truth,0.276606,0.476000,0.032979,0.268995,0.477327,0.083072,True,,,,,,,,,-0.309621,0.925295,0.448339,-0.242553,0.947888,0.517689,0.150528,0.052354,0.200711,0.010898,0.081158,0.081158,0.162680,-0.415940,0.348849,-0.015712,-0.051776,-0.038912,READY
1787024030716623200,2026-08-18T10:33:50.716700,ground_truth,0.283211,0.451000,0.028449,0.270037,0.477972,0.076912,True,,,,,,,,,-0.310663,0.925940,0.442179,-0.249054,0.945793,0.510482,0.147039,0.000000,0.198964,0.007847,0.080716,0.081158,0.144340,-0.463680,0.344035,-0.014080,-0.049536,-0.038624,READY
1787024030745507998,2026-08-18T10:33:50.745551,ground_truth,0.284143,0.443000,0.024429,0.271404,0.478528,0.070935,True,,,,,,,,,-0.312030,0.926496,0.436202,-0.249054,0.945793,0.510482,0.145295,0.001307,0.200711,0.007847,0.081158,0.080716,0.153440,-0.647500,0.347023,-0.018208,-0.046208,-0.039680,READY
1787024030781376207,2026-08-18T10:33:50.781431,ground_truth,0.285191,0.434000,0.020347,0.272949,0.476879,0.064942,True,,,,,,,,,-0.313575,0.924847,0.430209,-0.255193,0.943801,0.502844,0.145295,0.001307,0.200711,0.007847,0.081158,0.080716,0.153440,-0.647500,0.347023,-0.018208,-0.046208,-0.039680,READY
1787024030810048235,2026-08-18T10:33:50.810074,ground_truth,0.289898,0.426000,0.020054,0.274325,0.475216,0.058916,True,,,,,,,,,-0.314951,0.923184,0.424183,-0.255193,0.943801,0.502844,0.145295,0.001307,0.200711,0.007847,0.081158,0.080716,0.153440,-0.647500,0.347023,-0.018208,-0.046208,-0.039680,READY
1787024030844474728,2026-08-18T10:33:50.844497,ground_truth,0.291906,0.409000,0.015623,0.275950,0.472643,0.053369,True,,,,,,,,,-0.316576,0.920612,0.418636,-0.260942,0.941629,0.494958,0.145295,0.001307,0.200711,0.007847,0.081158,0.080716,0.153440,-0.647500,0.347023,-0.018208,-0.046208,-0.039680,READY
1787024030881591225,2026-08-18T10:33:50.881616,ground_truth,0.294033,0.391000,0.014936,0.277708,0.469462,0.047773,True,,,,,,,,,-0.318334,0.917430,0.413041,-0.260942,0.941629,0.494958,0.145295,0.005233,0.200711,0.008289,0.078096,0.078096,0.136360,-0.671720,0.339802,-0.015808,-0.047200,-0.039808,READY
1787024030913516660,2026-08-18T10:33:50.913530,ground_truth,0.294033,0.391000,0.014936,0.279422,0.465252,0.042622,True,,,,,,,,,-0.320048,0.913221,0.407889,-0.266361,0.939024,0.486975,0.132208,0.007853,0.198964,0.010898,0.080716,0.080716,0.144340,-0.674520,0.360552,-0.014592,-0.049664,-0.040256,READY
1787024030948571341,2026-08-18T10:33:50.948605,ground_truth,0.294033,0.391000,0.014936,0.281195,0.459451,0.037958,True,,,,,,,,,-0.321821,0.907419,0.403225,-0.266361,0.939024,0.486975,0.132639,0.003489,0.198964,0.008289,0.078096,0.080716,0.127400,-0.682920,0.346110,-0.014208,-0.049376,-0.038080,READY
1787024030979256515,2026-08-18T10:33:50.979300,ground_truth,0.292970,0.400000,0.015280,0.282908,0.453330,0.033544,True,,,,,,,,,-0.323535,0.901299,0.398811,-0.271491,0.935639,0.479064,0.130457,0.001307,0.200711,0.005228,0.078538,0.078096,0.136080,-0.674240,0.348849,-0.012096,-0.047712,-0.039136,READY
1787024031013900058,2026-08-18T10:33:51.013937,ground_truth,0.294033,0.391000,0.014936,0.284426,0.446719,0.030118,True,,,,,,,,,-0.325053,0.894688,0.395385,-0.271491,0.935639,0.479064,0.123917,0.000000,0.200711,0.007847,0.078096,0.081158,0.139720,-0.568540,0.353829,-0.012704,-0.050944,-0.040032,READY
1787024031046480680,2026-08-18T10:33:51.046494,ground_truth,0.295097,0.382000,0.014592,0.285834,0.440437,0.027189,True,,,,,,,,,-0.326461,0.888406,0.392456,-0.276347,0.931466,0.471413,0.120859,0.008285,0.200711,0.005228,0.080716,0.083766,0.159880,-0.455000,0.349098,-0.013984,-0.047040,-0.033856,READY
1787024031078716464,2026-08-18T10:33:51.078735,ground_truth,0.294033,0.391000,0.014936,0.287067,0.434647,0.024483,True,,,,,,,,,-0.327693,0.882616,0.389751,-0.276347,0.931466,0.471413,0.119114,0.011342,0.201142,0.007847,0.080716,0.078096,0.143220,-0.407960,0.352999,-0.013600,-0.048768,-0.037792,READY
1787024031114869181,2026-08-18T10:33:51.114882,ground_truth,0.292970,0.400000,0.019104,0.288099,0.428956,0.022074,True,,,,,,,,,-0.328725,0.876925,0.387341,-0.280977,0.926646,0.463982,0.117808,0.020940,0.200711,0.005670,0.078096,0.078096,0.133560,-0.396060,0.350758,-0.012256,-0.051424,-0.038912,READY
1787024031146083342,2026-08-18T10:33:51.146121,ground_truth,0.289898,0.426000,0.027618,0.289190,0.423285,0.020409,True,,,,,,,,,-0.329816,0.871253,0.385676,-0.280977,0.926646,0.463982,0.114319,0.026174,0.200711,0.007847,0.081158,0.081158,0.136920,-0.395220,0.349430,-0.015200,-0.050272,-0.039072,READY
1787024031182856428,2026-08-18T10:33:51.182895,ground_truth,0.290961,0.417000,0.034911,0.290137,0.418097,0.019544,True,,,,,,,,,-0.330763,0.866065,0.384811,-0.285441,0.921214,0.456883,0.110823,0.031414,0.198964,0.008289,0.078096,0.078096,0.114660,-0.392700,0.365864,-0.016320,-0.050272,-0.035968,READY
1787024031214279159,2026-08-18T10:33:51.214303,ground_truth,0.289898,0.426000,0.042744,0.291094,0.413913,0.019672,True,,,,,,,,,-0.331720,0.861881,0.384940,-0.285441,0.921214,0.456883,0.107772,0.034465,0.200711,0.005228,0.080716,0.078096,0.093240,-0.377860,0.353331,-0.014368,-0.050656,-0.038080,READY
1787024031248549581,2026-08-18T10:33:51.248574,ground_truth,0.289898,0.426000,0.050307,0.291540,0.410409,0.020625,True,,,,,,,,,-0.332166,0.858378,0.385893,-0.289858,0.915273,0.450172,0.101225,0.037523,0.200711,0.005670,0.080716,0.080716,0.130200,-0.351120,0.356319,-0.013376,-0.048704,-0.040704,READY
1787024031279488672,2026-08-18T10:33:51.279544,ground_truth,0.290961,0.417000,0.057690,0.291923,0.408375,0.022351,True,,,,,,,,,-0.332550,0.856344,0.387618,-0.289858,0.915273,0.450172,0.098174,0.042318,0.200711,0.008289,0.078538,0.078096,0.136080,-0.390880,0.366943,-0.017536,-0.049600,-0.039424,READY
1787024031314416246,2026-08-18T10:33:51.314441,ground_truth,0.291906,0.409000,0.065149,0.292308,0.407062,0.024840,True,,,,,,,,,-0.332934,0.855030,0.390107,-0.294386,0.908941,0.443858,0.097736,0.042318,0.198964,0.008289,0.078096,0.080716,0.132300,-0.382760,0.365366,-0.013696,-0.047936,-0.039072,READY
1787024031347354746,2026-08-18T10:33:51.347380,ground_truth,0.288104,0.409000,0.072768,0.292442,0.405892,0.027846,True,,,,,,,,,-0.333068,0.853861,0.393114,-0.294386,0.908941,0.443858,0.096423,0.040574,0.189365,0.005228,0.080716,0.080716,0.125440,-0.400120,0.338059,-0.010368,-0.054048,-0.039744,READY
1787024031380235524,2026-08-18T10:33:51.380261,ground_truth,0.288104,0.409000,0.076578,0.292188,0.404752,0.031656,True,,,,,,,,,-0.332815,0.852720,0.396923,-0.299031,0.902145,0.438185,0.093372,0.039267,0.178458,0.005228,0.080716,0.080716,0.114660,-0.374360,0.338059,-0.014880,-0.047264,-0.037856,READY
1787024031414103920,2026-08-18T10:33:51.414123,ground_truth,0.289153,0.400000,0.076472,0.291793,0.404524,0.035766,True,,,,,,,,,-0.332420,0.852492,0.401033,-0.299031,0.902145,0.438185,0.088139,0.037523,0.146606,0.005228,0.078096,0.078096,0.125440,-0.395220,0.315400,-0.009536,-0.049152,-0.038080,READY
1787024031447205948,2026-08-18T10:33:51.447384,ground_truth,0.290201,0.391000,0.080206,0.291468,0.405438,0.039868,True,,,,,,,,,-0.332094,0.853407,0.405135,-0.303926,0.894929,0.433292,0.085081,0.027925,0.091192,0.002609,0.075477,0.075477,0.096320,-0.399280,0.292160,-0.010144,-0.054432,-0.039200,READY
1787024031480224808,2026-08-18T10:33:51.480267,ground_truth,0.291250,0.382000,0.080115,0.291212,0.406101,0.044219,True,,,,,,,,,-0.331839,0.854069,0.409487,-0.303926,0.894929,0.433292,0.081592,0.022685,0.044499,0.005228,0.070249,0.072857,0.116480,-0.397040,0.267011,-0.010368,-0.045824,-0.039136,READY
1787024031513624237,2026-08-18T10:33:51.513661,ground_truth,0.291250,0.382000,0.080115,0.291098,0.406234,0.048542,True,,,,,,,,,-0.331724,0.854202,0.413809,-0.309163,0.887257,0.429622,0.079847,0.019634,0.020506,0.005228,0.064568,0.075477,0.109060,-0.404180,0.255142,-0.011584,-0.043424,-0.034784,READY
1787024031548694824,2026-08-18T10:33:51.548728,ground_truth,0.290201,0.391000,0.080206,0.290912,0.405780,0.052887,True,,,,,,,,,-0.331538,0.853749,0.418154,-0.309163,0.887257,0.429622,0.079847,0.019634,0.020506,0.005228,0.064568,0.075477,0.109060,-0.404180,0.255142,-0.011584,-0.043424,-0.034784,READY
1787024031580713509,2026-08-18T10:33:51.580728,ground_truth,0.288104,0.409000,0.080388,0.290586,0.405209,0.057261,True,,,,,,,,,-0.331212,0.853178,0.422528,-0.314519,0.879236,0.426877,0.079847,0.019634,0.020506,0.005228,0.064568,0.075477,0.109060,-0.404180,0.255142,-0.011584,-0.043424,-0.034784,READY
1787024031616377444,2026-08-18T10:33:51.616405,ground_truth,0.292970,0.400000,0.076472,0.290190,0.405095,0.061625,True,,,,,,,,,-0.330817,0.853064,0.426892,-0.314519,0.879236,0.426877,0.079847,0.016138,0.003487,0.007847,0.051040,0.072857,0.108080,-0.414400,0.132800,-0.011136,-0.042912,-0.037568,READY
1787024031652125468,2026-08-18T10:33:51.652160,ground_truth,0.294033,0.391000,0.076366,0.290190,0.405552,0.065449,True,,,,,,,,,-0.330817,0.853521,0.430716,-0.319836,0.870814,0.426333,0.078534,0.009598,0.184131,0.003051,0.037954,0.075046,0.113120,-0.718480,0.031125,-0.010976,0.052832,-0.037568,READY
1787024031680411295,2026-08-18T10:33:51.680459,ground_truth,0.294033,0.391000,0.072527,0.290466,0.405644,0.068699,True,,,,,,,,,-0.331093,0.853612,0.433966,-0.319836,0.870814,0.426333,0.078534,0.016576,0.196785,0.005670,0.056721,0.075477,0.142800,-0.774900,0.037848,-0.016160,0.057440,-0.039808,READY
1787024031715277361,2026-08-18T10:33:51.715321,ground_truth,0.294033,0.391000,0.072527,0.290671,0.404276,0.071207,True,,,,,,,,,-0.331297,0.852244,0.436474,-0.324856,0.862784,0.427952,0.079847,0.022685,0.198964,0.008289,0.067188,0.075477,0.117740,-0.764120,0.036686,-0.015360,0.059328,-0.041920,READY
1787024031749099313,2026-08-18T10:33:51.749123,ground_truth,0.295097,0.382000,0.068552,0.290947,0.402135,0.073192,True,,,,,,,,,-0.331573,0.850104,0.438460,-0.324856,0.862784,0.427952,0.081592,0.029231,0.198964,0.002609,0.083335,0.081158,0.127680,-0.711340,0.029631,-0.009920,0.051776,-0.038240,READY
1787024031779701323,2026-08-18T10:33:51.779717,ground_truth,0.296160,0.373000,0.068416,0.291293,0.399840,0.074409,True,,,,,,,,,-0.331920,0.847809,0.439676,-0.329061,0.855560,0.431452,0.083336,0.032720,0.198964,0.007847,0.080716,0.081158,0.118720,-0.718480,0.033781,-0.014656,0.059008,-0.038528,READY
1787024031811171721,2026-08-18T10:33:51.811186,ground_truth,0.295097,0.382000,0.068552,0.291640,0.397035,0.075124,True,,,,,,,,,-0.332266,0.845003,0.440391,-0.329061,0.855560,0.431452,0.083336,0.032720,0.198964,0.005670,0.081158,0.080716,0.147140,-0.742700,0.036188,-0.011968,0.055168,-0.039520,READY
1787024031845850916,2026-08-18T10:33:51.845888,ground_truth,0.296160,0.373000,0.068416,0.291853,0.394607,0.075351,True,,,,,,,,,-0.332479,0.842575,0.440618,-0.331316,0.848706,0.435977,0.086388,0.039267,0.200711,0.008289,0.080716,0.080716,0.133280,-0.765380,0.037184,-0.017536,0.052928,-0.035840,READY
1787024031879369673,2026-08-18T10:33:51.879406,ground_truth,0.295097,0.382000,0.068552,0.292390,0.392201,0.075061,True,,,,,,,,,-0.333016,0.840170,0.440328,-0.331316,0.848706,0.435977,0.088139,0.045814,0.198964,0.008289,0.080716,0.078538,0.147140,-0.748580,0.029963,-0.013824,0.053760,-0.040960,READY
1787024031915888867,2026-08-18T10:33:51.915902,ground_truth,0.296160,0.373000,0.072285,0.292856,0.390280,0.074525,True,,,,,,,,,-0.333482,0.838249,0.439793,-0.332721,0.842145,0.438483,0.091190,0.048865,0.198964,0.008289,0.080716,0.081158,0.114940,-0.754740,0.025481,-0.010528,0.053824,-0.039968,READY
1787024031947315607,2026-08-18T10:33:51.947368,ground_truth,0.295097,0.382000,0.076260,0.293323,0.387976,0.074246,True,,,,,,,,,-0.333949,0.835945,0.439514,-0.332721,0.842145,0.438483,0.092934,0.055412,0.198525,0.007847,0.078096,0.080716,0.141540,-0.757540,0.031374,-0.013472,0.056320,-0.038848,READY
1787024031983119788,2026-08-18T10:33:51.983146,ground_truth,0.295097,0.382000,0.080115,0.293649,0.386555,0.073983,True,,,,,,,,,-0.334276,0.834524,0.439251,-0.333891,0.836408,0.439061,0.096423,0.060645,0.201142,0.008289,0.080716,0.080716,0.154980,-0.796880,0.038512,-0.016256,0.050144,-0.037696,READY
1787024032015959106,2026-08-18T10:33:52.015993,ground_truth,0.294033,0.391000,0.087885,0.293906,0.385791,0.073983,True,,,,,,,,,-0.334532,0.833759,0.439251,-0.333891,0.836408,0.439061,0.099481,0.067192,0.198525,0.005228,0.080716,0.080716,0.123620,-0.810600,0.033200,-0.014080,0.053984,-0.040704,READY
1787024032048555221,2026-08-18T10:33:52.048591,ground_truth,0.292970,0.400000,0.091770,0.294091,0.385638,0.074501,True,,,,,,,,,-0.334718,0.833607,0.439769,-0.334740,0.832830,0.439330,0.099481,0.067192,0.198525,0.005228,0.080716,0.080716,0.123620,-0.810600,0.033200,-0.014080,0.053984,-0.040704,READY
1787024032084573303,2026-08-18T10:33:52.084596,ground_truth,0.289153,0.400000,0.099420,0.294276,0.386088,0.075272,True,,,,,,,,,-0.334902,0.834056,0.440540,-0.334740,0.832830,0.439330,0.099481,0.067192,0.198525,0.005228,0.080716,0.080716,0.123620,-0.810600,0.033200,-0.014080,0.053984,-0.040704,READY
1787024032114599852,2026-08-18T10:33:52.114643,ground_truth,0.289153,0.400000,0.099420,0.294346,0.386658,0.076541,True,,,,,,,,,-0.334972,0.834626,0.441808,-0.334902,0.834056,0.440540,0.099481,0.067192,0.198525,0.005228,0.080716,0.080716,0.123620,-0.810600,0.033200,-0.014080,0.053984,-0.040704,READY
1787024032149746891,2026-08-18T10:33:52.149767,ground_truth,0.289153,0.400000,0.099420,0.294091,0.386772,0.078071,True,,,,,,,,,-0.334718,0.834740,0.443338,-0.334902,0.834056,0.440540,0.101225,0.073738,0.200711,0.007847,0.078096,0.081158,0.118300,-0.772100,0.044571,-0.013152,0.052704,-0.038848,READY
1787024032184652517,2026-08-18T10:33:52.184693,ground_truth,0.287172,0.417000,0.103248,0.293766,0.386794,0.079608,True,,,,,,,,,-0.334392,0.834763,0.444875,-0.334761,0.834581,0.442688,0.102970,0.110823,0.198964,0.010898,0.080716,0.078538,0.149100,-0.785540,0.037682,-0.018048,0.050144,-0.038752,READY
1787024032213303117,2026-08-18T10:33:52.213318,ground_truth,0.288104,0.409000,0.103246,0.293309,0.387279,0.081656,True,,,,,,,,,-0.333935,0.835247,0.446923,-0.334761,0.834581,0.442688,0.101225,0.119114,0.198525,0.008289,0.078538,0.080716,0.109340,-0.796040,0.040587,-0.016032,0.054720,-0.040960,READY
1787024032254906797,2026-08-18T10:33:52.254959,ground_truth,0.287172,0.417000,0.099451,0.292913,0.388336,0.083704,True,,,,,,,,,-0.333540,0.836304,0.448971,-0.334037,0.835705,0.446860,0.097736,0.124354,0.200711,0.007847,0.080716,0.080716,0.124880,-0.787080,0.035275,-0.015584,0.052544,-0.040576,READY
1787024032281682615,2026-08-18T10:33:52.281709,ground_truth,0.292970,0.400000,0.095595,0.292385,0.389934,0.085764,True,,,,,,,,,-0.333011,0.837902,0.451031,-0.334037,0.835705,0.446860,0.091628,0.133952,0.200711,0.005228,0.080716,0.081158,0.097020,-0.774340,0.029963,-0.013312,0.049376,-0.039136,READY
1787024032317383583,2026-08-18T10:33:52.317416,ground_truth,0.294033,0.391000,0.091724,0.292172,0.391693,0.087576,True,,,,,,,,,-0.332799,0.839662,0.452843,-0.333070,0.838794,0.451531,0.083336,0.137004,0.200711,0.007847,0.078096,0.080716,0.102480,-0.776860,0.033698,-0.016544,0.051648,-0.039744,READY
1787024032347320950,2026-08-18T10:33:52.347342,ground_truth,0.295097,0.382000,0.087823,0.292101,0.393005,0.089120,True,,,,,,,,,-0.332728,0.840974,0.454388,-0.333070,0.838794,0.451531,0.078534,0.138748,0.202458,0.005228,0.080716,0.078096,0.078680,-0.770280,0.027888,-0.013088,0.053152,-0.042080,READY
1787024032383280320,2026-08-18T10:33:52.383375,ground_truth,0.294033,0.391000,0.080206,0.292031,0.394228,0.090414,True,,,,,,,,,-0.332657,0.842196,0.455681,-0.332695,0.841885,0.455301,0.078534,0.138748,0.202458,0.005228,0.080716,0.078096,0.078680,-0.770280,0.027888,-0.013088,0.053152,-0.042080,READY
1787024032415314229,2026-08-18T10:33:52.415353,ground_truth,0.297865,0.391000,0.080206,0.291960,0.394952,0.091191,True,,,,,,,,,-0.332586,0.842921,0.456458,-0.332695,0.841885,0.455301,0.078534,0.138748,0.202458,0.005228,0.080716,0.078096,0.078680,-0.770280,0.027888,-0.013088,0.053152,-0.042080,READY
1787024032448666858,2026-08-18T10:33:52.448701,ground_truth,0.298943,0.382000,0.080115,0.292073,0.396057,0.091719,True,,,,,,,,,-0.332700,0.844026,0.456986,-0.332507,0.843665,0.457293,0.078534,0.138748,0.202458,0.005228,0.080716,0.078096,0.078680,-0.770280,0.027888,-0.013088,0.053152,-0.042080,READY
1787024032480897360,2026-08-18T10:33:52.480988,ground_truth,0.298943,0.382000,0.076260,0.292330,0.396758,0.091976,True,,,,,,,,,-0.332956,0.844727,0.457243,-0.332507,0.843665,0.457293,0.073738,0.138748,0.200711,0.005228,0.080716,0.078096,0.086380,-0.755720,0.030129,-0.012864,0.050816,-0.041312,READY
1787024032513906405,2026-08-18T10:33:52.513949,ground_truth,0.298943,0.382000,0.076260,0.292586,0.396898,0.091719,True,,,,,,,,,-0.333213,0.844867,0.456986,-0.333396,0.845683,0.457364,0.034034,0.094679,0.200711,0.005670,0.078096,0.080716,0.082740,-0.653660,0.034279,-0.011872,0.048384,-0.038464,READY
1787024032548558410,2026-08-18T10:33:52.548595,ground_truth,0.298943,0.382000,0.076260,0.292914,0.396926,0.090944,True,,,,,,,,,-0.333540,0.844895,0.456211,-0.333396,0.845683,0.457364,0.029231,0.075045,0.198964,0.003051,0.078096,0.078538,0.074620,-0.638260,0.026726,-0.005248,0.051328,-0.039744,READY
1787024032580339600,2026-08-18T10:33:52.580364,ground_truth,0.297865,0.391000,0.076366,0.293312,0.396452,0.089910,True,,,,,,,,,-0.333938,0.844420,0.455177,-0.334209,0.845972,0.456038,0.022685,0.060645,0.198525,0.002609,0.080716,0.078096,0.073780,-0.649320,0.036354,-0.009248,0.048864,-0.039072,READY
1787024032617471159,2026-08-18T10:33:52.617501,ground_truth,0.298943,0.382000,0.076260,0.293893,0.395397,0.088373,True,,,,,,,,,-0.334519,0.843366,0.453641,-0.334209,0.845972,0.456038,0.016576,0.050609,0.193291,0.000000,0.078096,0.081158,0.068460,-0.652120,0.041168,-0.009312,0.050816,-0.038624,READY
1787024032648704335,2026-08-18T10:33:52.648726,ground_truth,0.298943,0.382000,0.076260,0.294545,0.394226,0.086829,True,,,,,,,,,-0.335172,0.842195,0.452097,-0.334727,0.844203,0.453833,0.016576,0.050609,0.193291,0.000000,0.078096,0.081158,0.068460,-0.652120,0.041168,-0.009312,0.050816,-0.038624,READY
1787024032683313734,2026-08-18T10:33:52.683387,ground_truth,0.300022,0.373000,0.080024,0.295198,0.393032,0.085285,True,,,,,,,,,-0.335824,0.841000,0.450553,-0.334727,0.844203,0.453833,0.016576,0.050609,0.193291,0.000000,0.078096,0.081158,0.068460,-0.652120,0.041168,-0.009312,0.050816,-0.038624,READY
1787024032715659265,2026-08-18T10:33:52.715674,ground_truth,0.292970,0.400000,0.091770,0.296055,0.391833,0.083737,True,,,,,,,,,-0.336681,0.839801,0.449004,-0.335793,0.841093,0.450647,0.016576,0.050609,0.193291,0.000000,0.078096,0.081158,0.068460,-0.652120,0.041168,-0.009312,0.050816,-0.038624,READY
1787024032749347048,2026-08-18T10:33:52.749435,ground_truth,0.288104,0.409000,0.099436,0.296379,0.390153,0.082972,True,,,,,,,,,-0.337005,0.838122,0.448239,-0.335793,0.841093,0.450647,0.011342,0.042318,0.183692,0.000000,0.081158,0.080716,0.078400,-0.660520,0.041998,-0.012192,0.047712,-0.035008,READY
1787024032780254942,2026-08-18T10:33:52.780269,ground_truth,0.286123,0.426000,0.107031,0.296441,0.388911,0.082971,True,,,,,,,,,-0.337068,0.836879,0.448238,-0.337062,0.837983,0.448127,0.013087,0.005233,0.007413,0.000000,0.080716,0.080716,-0.125860,-0.666120,0.329759,-0.059904,0.047808,-0.039744,READY
1787024032813498435,2026-08-18T10:33:52.813525,ground_truth,0.281518,0.400000,0.118542,0.295985,0.388662,0.083734,True,,,,,,,,,-0.336611,0.836631,0.449001,-0.337062,0.837983,0.448127,0.017889,0.001744,0.052358,0.002609,0.078096,0.078096,-0.120540,-0.662060,0.359556,-0.072256,0.050592,-0.041024,READY
1787024032845750505,2026-08-18T10:33:52.845767,ground_truth,0.278575,0.426000,0.118376,0.295151,0.389092,0.085521,True,,,,,,,,,-0.335777,0.837061,0.450789,-0.337408,0.835543,0.447483,0.017889,0.000000,0.100352,0.002609,0.072857,0.080716,-0.102900,-0.570920,0.343039,-0.086784,0.044096,-0.038528,READY
1787024032883771146,2026-08-18T10:33:52.883807,ground_truth,0.280499,0.409000,0.122294,0.294049,0.391045,0.087558,True,,,,,,,,,-0.334675,0.839014,0.452826,-0.337408,0.835543,0.447483,0.016576,0.003489,0.119118,0.003051,0.059340,0.078538,-0.089880,-0.445340,0.361797,-0.093952,0.044864,-0.040704,READY
1787024032915141872,2026-08-18T10:33:52.915165,ground_truth,0.276650,0.443000,0.122020,0.293147,0.392396,0.090364,True,,,,,,,,,-0.333773,0.840364,0.455631,-0.337012,0.834612,0.448280,0.013087,0.011342,0.131765,0.002609,0.040573,0.081158,-0.113120,-0.379400,0.331004,-0.093728,0.043584,-0.040032,READY
1787024032951040615,2026-08-18T10:33:52.951094,ground_truth,0.272011,0.451000,0.121956,0.291732,0.394533,0.093152,True,,,,,,,,,-0.332359,0.842501,0.458419,-0.337012,0.834612,0.448280,0.007853,0.017889,0.120858,0.002609,0.026614,0.081158,-0.112140,-0.360500,0.319467,-0.095072,0.040704,-0.035232,READY
1787024032985309357,2026-08-18T10:33:52.985362,ground_truth,0.273908,0.434000,0.125861,0.289937,0.397733,0.095941,True,,,,,,,,,-0.330563,0.845702,0.461208,-0.335947,0.835274,0.450554,0.006540,0.022685,0.104277,0.003051,0.013517,0.080716,-0.079940,-0.343980,0.306436,-0.095680,0.040352,-0.038752,READY
1787024033017987394,2026-08-18T10:33:53.018028,ground_truth,0.268278,0.451000,0.129436,0.288268,0.401627,0.099248,True,,,,,,,,,-0.328894,0.849595,0.464515,-0.335947,0.835274,0.450554,0.003051,0.024429,0.085519,0.002609,0.010467,0.081158,-0.069720,-0.350280,0.285935,-0.094624,0.039424,-0.039360,READY
1787024033048236651,2026-08-18T10:33:53.048273,ground_truth,0.267399,0.459000,0.133073,0.286224,0.406085,0.102793,True,,,,,,,,,-0.326850,0.854054,0.468060,-0.334164,0.837442,0.454190,0.001744,0.022685,0.055845,0.000000,0.005228,0.081158,-0.004900,-0.373520,0.281702,-0.092960,0.042752,-0.039808,READY
1787024033082311209,2026-08-18T10:33:53.082362,ground_truth,0.267399,0.459000,0.136800,0.284121,0.410657,0.106580,True,,,,,,,,,-0.324747,0.858626,0.471848,-0.334164,0.837442,0.454190,0.001744,0.022685,0.055845,0.000000,0.005228,0.081158,-0.004900,-0.373520,0.281702,-0.092960,0.042752,-0.039808,READY
1787024033115245855,2026-08-18T10:33:53.115288,ground_truth,0.260972,0.484000,0.136433,0.282090,0.415678,0.110609,True,,,,,,,,,-0.322716,0.863647,0.475877,-0.331774,0.841490,0.458843,0.001744,0.022685,0.055845,0.000000,0.005228,0.081158,-0.004900,-0.373520,0.281702,-0.092960,0.042752,-0.039808,READY
1787024033150413964,2026-08-18T10:33:53.150463,ground_truth,0.260812,0.451000,0.140657,0.279558,0.420789,0.114621,True,,,,,,,,,-0.320184,0.868757,0.479888,-0.331774,0.841490,0.458843,0.001744,0.022685,0.055845,0.000000,0.005228,0.081158,-0.004900,-0.373520,0.281702,-0.092960,0.042752,-0.039808,READY
1787024033183302936,2026-08-18T10:33:53.183342,ground_truth,0.252775,0.492000,0.143661,0.277016,0.425918,0.118914,True,,,,,,,,,-0.317642,0.873886,0.484181,-0.328892,0.847639,0.464202,0.001744,0.022685,0.055845,0.000000,0.005228,0.081158,-0.004900,-0.373520,0.281702,-0.092960,0.042752,-0.039808,READY
1787024033216571704,2026-08-18T10:33:53.216611,ground_truth,0.254455,0.476000,0.147647,0.273866,0.432384,0.123156,True,,,,,,,,,-0.314493,0.880352,0.488424,-0.328892,0.847639,0.464202,0.000000,0.021378,0.044499,0.000000,0.005228,0.080716,0.016100,-0.370440,0.278548,-0.092288,0.043424,-0.038688,READY
1787024033246837447,2026-08-18T10:33:53.246852,ground_truth,0.246258,0.484000,0.151176,0.271299,0.438690,0.126882,True,,,,,,,,,-0.311925,0.886659,0.492149,-0.325563,0.855201,0.469801,0.021378,0.013087,0.107772,0.000000,0.075477,0.078096,0.091420,-0.694960,0.057436,-0.034560,0.050816,-0.040800,READY
1787024033284437896,2026-08-18T10:33:53.284467,ground_truth,0.243379,0.476000,0.158744,0.268509,0.444431,0.130331,True,,,,,,,,,-0.309135,0.892400,0.495598,-0.325563,0.855201,0.469801,0.020940,0.017889,0.111698,0.002609,0.078096,0.080716,0.113960,-0.712040,0.049053,-0.026176,0.052224,-0.038976,READY
1787024033316009316,2026-08-18T10:33:53.316048,ground_truth,0.240474,0.468000,0.162653,0.265659,0.449153,0.133778,True,,,,,,,,,-0.306286,0.897121,0.499046,-0.322163,0.862901,0.475141,0.019634,0.024867,0.111698,0.002609,0.080716,0.078096,0.113960,-0.690900,0.063827,-0.014656,0.047040,-0.039968,READY
1787024033351021684,2026-08-18T10:33:53.351061,ground_truth,0.236769,0.468000,0.166365,0.262923,0.453671,0.136719,True,,,,,,,,,-0.303549,0.901639,0.501986,-0.322163,0.862901,0.475141,0.019634,0.024867,0.111698,0.002609,0.080716,0.078096,0.113960,-0.690900,0.063827,-0.014656,0.047040,-0.039968,READY
1787024033381984325,2026-08-18T10:33:53.382023,ground_truth,0.238413,0.451000,0.166839,0.260136,0.456814,0.139918,True,,,,,,,,,-0.300762,0.904783,0.505186,-0.318494,0.870537,0.480432,0.019634,0.024867,0.111698,0.002609,0.080716,0.078096,0.113960,-0.690900,0.063827,-0.014656,0.047040,-0.039968,READY
1787024033419704001,2026-08-18T10:33:53.419716,ground_truth,0.233064,0.468000,0.166365,0.257330,0.460590,0.142888,True,,,,,,,,,-0.297957,0.908558,0.508155,-0.314473,0.877981,0.485860,0.019634,0.024867,0.111698,0.002609,0.080716,0.078096,0.113960,-0.690900,0.063827,-0.014656,0.047040,-0.039968,READY
1787024033453203858,2026-08-18T10:33:53.453242,ground_truth,0.227117,0.492000,0.165696,0.254424,0.463585,0.145844,True,,,,,,,,,-0.295051,0.911553,0.511112,-0.314473,0.877981,0.485860,0.019634,0.024867,0.111698,0.002609,0.080716,0.078096,0.113960,-0.690900,0.063827,-0.014656,0.047040,-0.039968,READY


============================================================
EXPERIMENT METRICS
  File: experiment_GROUND_TRUTH_20260818_103309.csv
  Total samples: 1315
  Task completion time: 44.02 s
  Mode: GROUND TRUTH (no prediction metrics)
  --- Trajectory Smoothness (Robot EE) ---
  Mean Jerk (3D): 10.6350 m/s³
      Jerk X: 4.6482 m/s³
      Jerk Y: 6.8570 m/s³
      Jerk Z: 4.5542 m/s³
  Max Jerk (3D): 146.3785 m/s³
  RMS Jerk (3D): 23.3279 m/s³
============================================================
