ros_timestamp_ns,wall_time,trajectory_mode,meas_x,meas_y,meas_z,filt_x,filt_y,filt_z,is_tracked,pred_x,pred_y,pred_z,mae_x,mae_y,mae_z,inference_ms,buffer_size,robot_ee_x,robot_ee_y,robot_ee_z,j1_vel,j2_vel,j3_vel,j4_vel,j5_vel,j6_vel,j1_eff,j2_eff,j3_eff,j4_eff,j5_eff,j6_eff,role
1786693609720235416,2026-08-14T14:46:49.720308,prediction,0.135983,-0.196000,-0.001606,0.142923,-0.240000,-0.005467,True,0.160839,-0.239314,-0.007598,0.017916,0.000686,0.002131,20.78,10,-0.161989,0.308962,0.388256,0.000000,0.000000,0.000000,0.000000,0.000000,0.000000,-0.003360,-0.156800,0.084494,-0.029280,0.012096,-0.009088,READY
1786693609759062009,2026-08-14T14:46:49.759081,prediction,0.132671,-0.175000,0.000237,0.132671,-0.188000,0.000237,True,0.148794,-0.219314,-0.001705,0.016123,0.031314,0.001943,23.49,10,-0.161990,0.304368,0.386282,0.000000,0.000000,0.000000,0.000000,0.000000,0.000000,-0.003360,-0.156800,0.084494,-0.029280,0.012096,-0.009088,READY
1786693609791873713,2026-08-14T14:46:49.791891,prediction,0.138604,-0.186000,-0.000728,0.138604,-0.186400,-0.000728,True,0.150887,-0.199314,-0.002152,0.012283,0.012914,0.001424,22.14,10,-0.161990,0.304368,0.386282,0.000000,0.000000,0.000000,0.000000,0.000000,0.000000,-0.003360,-0.156800,0.084494,-0.029280,0.012096,-0.009088,READY
1786693609821453210,2026-08-14T14:46:49.821484,prediction,0.135257,-0.165000,0.001115,0.135257,-0.177280,0.001115,True,0.147945,-0.179314,-0.000238,0.012688,0.002034,0.001353,19.04,10,-0.161991,0.299100,0.384219,0.000000,0.000000,0.000000,0.000000,0.000000,0.000000,-0.003360,-0.156800,0.084494,-0.029280,0.012096,-0.009088,READY
1786693609857619792,2026-08-14T14:46:49.857641,prediction,0.143704,-0.218000,-0.003536,0.142923,-0.240000,-0.005467,True,0.160606,-0.199314,-0.007466,0.017683,0.040686,0.001999,18.75,10,-0.161991,0.299100,0.384219,0.000000,0.000000,0.000000,0.000000,0.000000,0.000000,-0.003360,-0.156800,0.084494,-0.029280,0.012096,-0.009088,READY
1786693609887197194,2026-08-14T14:46:49.887215,prediction,0.136851,-0.175000,0.000237,0.137178,-0.193733,-0.000713,True,0.151330,-0.190993,-0.002398,0.014152,0.002741,0.001684,19.53,10,-0.161992,0.291813,0.381835,0.000000,0.000000,0.000000,0.000000,0.000000,0.000000,-0.003360,-0.156800,0.084494,-0.029280,0.012096,-0.009088,READY
1786693609921153550,2026-08-14T14:46:49.921178,prediction,0.140198,-0.196000,-0.001606,0.142923,-0.240000,-0.005467,True,0.160656,-0.210993,-0.007474,0.017732,0.029007,0.002007,17.27,10,-0.161992,0.291813,0.381835,0.000000,0.000000,0.000000,0.000000,0.000000,0.000000,-0.003360,-0.156800,0.084494,-0.029280,0.012096,-0.009088,READY
1786693609954553259,2026-08-14T14:46:49.954571,prediction,0.138604,-0.186000,-0.000728,0.137734,-0.195500,-0.000827,True,0.151733,-0.191489,-0.002425,0.014000,0.004011,0.001598,18.99,10,-0.161994,0.284719,0.379839,0.000000,0.000000,0.000000,0.000000,0.000000,0.000000,-0.003360,-0.156800,0.084494,-0.029280,0.012096,-0.009088,READY
1786693609992043670,2026-08-14T14:46:49.992066,prediction,0.143704,-0.218000,-0.003536,0.142923,-0.240000,-0.005467,True,0.160603,-0.211489,-0.007371,0.017679,0.028511,0.001904,24.03,10,-0.161994,0.284719,0.379839,0.000000,0.000000,0.000000,0.002609,0.000000,0.000000,-0.003360,-0.156240,0.085490,-0.029728,0.011744,-0.008704,FOLLOWER
1786693610020775533,2026-08-14T14:46:50.020790,prediction,0.140198,-0.196000,-0.001606,0.138577,-0.197360,-0.001176,True,0.152350,-0.192273,-0.002672,0.013773,0.005087,0.001496,17.76,10,-0.161994,0.279795,0.378453,0.000000,0.000000,0.000000,0.000000,0.000000,0.000000,-0.002380,-0.156240,0.085490,-0.029728,0.011584,-0.007136,FOLLOWER
1786693610055456782,2026-08-14T14:46:50.055473,prediction,0.133504,-0.154000,0.002080,0.142923,-0.240000,-0.005467,True,0.160574,-0.212273,-0.007360,0.017650,0.027727,0.001893,21.08,10,-0.161994,0.279795,0.378453,0.000000,0.000000,0.000000,0.002609,0.000000,0.000000,-0.003360,-0.156240,0.085490,-0.029728,0.011808,-0.008416,FOLLOWER
1786693610091960077,2026-08-14T14:46:50.091979,prediction,0.135257,-0.165000,0.001115,0.137878,-0.196533,-0.000713,True,0.151925,-0.192273,-0.002200,0.014047,0.004261,0.001487,19.86,10,-0.161994,0.280055,0.378526,0.000000,0.000000,0.000000,0.002609,0.000000,0.000000,-0.003360,-0.156240,0.085490,-0.029728,0.011808,-0.008416,FOLLOWER
1786693610117673274,2026-08-14T14:46:50.117695,prediction,0.138604,-0.186000,-0.000728,0.142923,-0.240000,-0.005467,True,0.160600,-0.212273,-0.007282,0.017677,0.027727,0.001815,16.70,10,-0.161994,0.280055,0.378526,0.000000,0.000000,0.000000,0.002609,0.000000,0.000000,-0.003360,-0.156240,0.085490,-0.029728,0.011808,-0.008416,FOLLOWER
1786693610161682151,2026-08-14T14:46:50.161717,prediction,0.140198,-0.196000,-0.001606,0.138095,-0.195371,-0.000778,True,0.151839,-0.192273,-0.002156,0.013743,0.003099,0.001378,21.81,10,-0.161994,0.280055,0.378526,0.000000,0.000000,0.000000,0.002609,0.000000,0.000000,-0.003360,-0.156240,0.085490,-0.029728,0.011808,-0.008416,FOLLOWER
1786693610187786633,2026-08-14T14:46:50.187805,prediction,0.136851,-0.175000,0.000237,0.142923,-0.240000,-0.005467,True,0.160599,-0.212273,-0.007267,0.017676,0.027727,0.001800,19.15,10,-0.161994,0.280055,0.378526,0.000000,0.000000,0.000000,0.000000,0.000000,0.000000,-0.002100,-0.155540,0.085490,-0.029888,0.011584,-0.006976,FOLLOWER
1786693610222627222,2026-08-14T14:46:50.222649,prediction,0.135257,-0.165000,0.001115,0.137964,-0.194347,-0.000529,True,0.151635,-0.192273,-0.001890,0.013671,0.002074,0.001361,18.97,10,-0.161994,0.280055,0.378526,0.067192,0.067192,0.065013,0.000000,0.032284,0.032715,-0.156520,0.036260,0.229246,-0.036064,-0.046144,0.034624,FOLLOWER
1786693610258951750,2026-08-14T14:46:50.258973,prediction,0.128722,-0.124000,0.004713,0.142923,-0.240000,-0.005467,True,0.160599,-0.212273,-0.007260,0.017676,0.027727,0.001793,22.25,10,-0.161994,0.280055,0.378526,0.067192,0.067192,0.065013,0.000000,0.032284,0.032715,-0.156520,0.036260,0.229246,-0.036064,-0.046144,0.034624,FOLLOWER
1786693610291659779,2026-08-14T14:46:50.291701,prediction,0.136851,-0.175000,0.004425,0.137584,-0.192693,0.000113,True,0.151238,-0.192273,-0.001223,0.013654,0.000421,0.001336,17.51,10,-0.161994,0.280055,0.378526,0.067192,0.067192,0.065013,0.000000,0.032284,0.032715,-0.156520,0.036260,0.229246,-0.036064,-0.046144,0.034624,FOLLOWER
1786693610321328463,2026-08-14T14:46:50.321355,prediction,0.131910,-0.144000,0.007095,0.137361,-0.181579,0.000512,True,0.149432,-0.175413,-0.000454,0.012071,0.006166,0.000965,18.08,10,-0.161994,0.280055,0.378526,0.067192,0.067192,0.065013,0.000000,0.032284,0.032715,-0.156520,0.036260,0.229246,-0.036064,-0.046144,0.034624,FOLLOWER
1786693610354006606,2026-08-14T14:46:50.354027,prediction,0.133504,-0.154000,0.006234,0.136681,-0.177649,0.001163,True,0.148538,-0.171825,0.000256,0.011857,0.005824,0.000907,17.43,10,-0.161994,0.280055,0.378526,0.067192,0.067192,0.065013,0.000000,0.032284,0.032715,-0.156520,0.036260,0.229246,-0.036064,-0.046144,0.034624,FOLLOWER
1786693610385196220,2026-08-14T14:46:50.385216,prediction,0.137649,-0.154000,0.006234,0.136734,-0.175743,0.001563,True,0.148346,-0.170575,0.000686,0.011612,0.005168,0.000876,17.21,10,-0.161994,0.280055,0.378526,0.075483,0.075045,0.068938,0.000000,0.032715,0.040142,-0.143220,0.024780,0.223519,-0.032960,-0.047104,0.032672,FOLLOWER
1786693610420920199,2026-08-14T14:46:50.420937,prediction,0.137649,-0.154000,0.010387,0.136564,-0.173122,0.002362,True,0.147962,-0.168601,0.001523,0.011398,0.004521,0.000839,18.43,10,-0.161994,0.280055,0.378526,0.001744,0.004796,0.075920,0.010467,0.007847,0.067629,0.056000,-0.270200,-0.076028,-0.067296,-0.046656,0.040192,FOLLOWER
1786693610456348984,2026-08-14T14:46:50.456365,prediction,0.139420,-0.165000,0.009458,0.136618,-0.170891,0.003041,True,0.147745,-0.167047,0.002226,0.011126,0.003844,0.000815,18.84,10,-0.161994,0.280055,0.378526,0.053667,0.061958,0.150531,0.016137,0.002609,0.064568,0.169820,-0.347760,-0.115204,-0.066560,0.009760,0.038144,FOLLOWER
1786693610486777667,2026-08-14T14:46:50.486796,prediction,0.141031,-0.175000,0.012801,0.136440,-0.168792,0.004130,True,0.147362,-0.165359,0.003373,0.010922,0.003432,0.000757,17.91,10,-0.161994,0.280055,0.378526,0.066754,0.073738,0.174963,0.010898,0.007847,0.065010,0.159880,-0.328860,-0.089806,-0.071360,0.045248,0.034240,FOLLOWER
1786693610521273056,2026-08-14T14:46:50.521291,prediction,0.141794,-0.154000,0.018694,0.136547,-0.166718,0.005484,True,0.147210,-0.163718,0.004766,0.010663,0.003000,0.000717,19.02,10,-0.161994,0.280055,0.378526,0.066754,0.073738,0.174963,0.010898,0.007847,0.065010,0.159880,-0.328860,-0.089806,-0.071360,0.045248,0.034240,FOLLOWER
1786693610553880416,2026-08-14T14:46:50.553903,prediction,0.143584,-0.165000,0.017801,0.137219,-0.164650,0.006532,True,0.147266,-0.161770,0.005922,0.010048,0.002880,0.000610,16.75,10,-0.161994,0.280055,0.378526,0.066754,0.073738,0.174963,0.010898,0.007847,0.065010,0.159880,-0.328860,-0.089806,-0.071360,0.045248,0.034240,FOLLOWER
1786693610589094657,2026-08-14T14:46:50.589113,prediction,0.145211,-0.175000,0.021177,0.137882,-0.164237,0.007869,True,0.147605,-0.161715,0.007276,0.009723,0.002521,0.000593,18.93,10,-0.161994,0.280055,0.378526,0.066754,0.073738,0.174963,0.010898,0.007847,0.065010,0.159880,-0.328860,-0.089806,-0.071360,0.045248,0.034240,FOLLOWER
1786693610619695915,2026-08-14T14:46:50.619710,prediction,0.147000,-0.186000,0.024509,0.138442,-0.164687,0.009552,True,0.148019,-0.162391,0.009023,0.009577,0.002296,0.000529,16.41,10,-0.161994,0.280055,0.378526,0.066754,0.073738,0.174963,0.010898,0.007847,0.065010,0.159880,-0.328860,-0.089806,-0.071360,0.045248,0.034240,FOLLOWER
1786693610651596495,2026-08-14T14:46:50.651625,prediction,0.140168,-0.144000,0.031915,0.138440,-0.164191,0.011786,True,0.148022,-0.162041,0.011345,0.009582,0.002150,0.000442,18.31,10,-0.161994,0.280055,0.378526,0.066754,0.073738,0.174963,0.010898,0.007847,0.065010,0.159880,-0.328860,-0.089806,-0.071360,0.045248,0.034240,FOLLOWER
1786693610688678889,2026-08-14T14:46:50.688695,prediction,0.141794,-0.154000,0.031153,0.138769,-0.162385,0.013847,True,0.148015,-0.160186,0.013540,0.009245,0.002198,0.000308,20.22,10,-0.162773,0.282017,0.379324,0.014394,0.011342,0.126099,0.002609,0.024426,0.078096,0.074340,-0.205520,-0.022410,-0.025952,-0.049440,0.039584,FOLLOWER
1786693610724032502,2026-08-14T14:46:50.724054,prediction,0.147000,-0.186000,0.032921,0.139552,-0.160904,0.015968,True,0.148312,-0.158603,0.015789,0.008760,0.002301,0.000178,22.04,10,-0.162773,0.282017,0.379324,0.004796,0.000000,0.089444,0.016137,0.023995,0.080716,0.078120,-0.198380,-0.015853,0.000448,-0.043584,0.036864,FOLLOWER
1786693610758869774,2026-08-14T14:46:50.758923,prediction,0.144296,-0.144000,0.040189,0.140591,-0.160021,0.018333,True,0.148859,-0.157632,0.018276,0.008268,0.002388,0.000057,18.37,10,-0.163560,0.286133,0.380379,0.001744,0.000000,0.072425,0.010898,0.021807,0.080716,0.084840,-0.154980,0.000415,0.004128,-0.042816,0.037344,FOLLOWER
1786693610788262640,2026-08-14T14:46:50.788280,prediction,0.144296,-0.144000,0.044326,0.141087,-0.158724,0.020993,True,0.149066,-0.156274,0.021049,0.007979,0.002450,0.000056,18.76,10,-0.163560,0.286133,0.380379,0.001744,0.000000,0.072425,0.010898,0.021807,0.080716,0.084840,-0.154980,0.000415,0.004128,-0.042816,0.037344,FOLLOWER
1786693610821011646,2026-08-14T14:46:50.821038,prediction,0.149390,-0.175000,0.050493,0.142252,-0.158465,0.023886,True,0.149821,-0.155971,0.024064,0.007569,0.002494,0.000177,18.59,10,-0.164243,0.292487,0.381697,0.001744,0.000000,0.072425,0.010898,0.021807,0.080716,0.084840,-0.154980,0.000415,0.004128,-0.042816,0.037344,FOLLOWER
1786693610853278495,2026-08-14T14:46:50.853296,prediction,0.151198,-0.186000,0.053952,0.143432,-0.159533,0.027067,True,0.150770,-0.157077,0.027343,0.007338,0.002456,0.000276,17.86,10,-0.164243,0.292487,0.381697,0.001744,0.000000,0.072425,0.010898,0.021807,0.080716,0.084840,-0.154980,0.000415,0.004128,-0.042816,0.037344,FOLLOWER
1786693610891050746,2026-08-14T14:46:50.891066,prediction,0.154649,-0.207000,0.056801,0.144565,-0.161453,0.030439,True,0.151803,-0.159053,0.030790,0.007238,0.002400,0.000351,19.50,10,-0.164794,0.301022,0.383472,0.001744,0.000000,0.072425,0.010898,0.021807,0.080716,0.084840,-0.154980,0.000415,0.004128,-0.042816,0.037344,FOLLOWER
1786693610921882577,2026-08-14T14:46:50.921899,prediction,0.151198,-0.186000,0.062365,0.145469,-0.163544,0.033904,True,0.152710,-0.161161,0.034306,0.007241,0.002383,0.000403,18.62,10,-0.164794,0.301022,0.383472,0.001307,0.000000,0.057592,0.010467,0.019198,0.080716,0.089880,-0.110040,0.002988,0.003136,-0.042304,0.036352,FOLLOWER
1786693610954131713,2026-08-14T14:46:50.954146,prediction,0.151911,-0.165000,0.067859,0.146301,-0.165669,0.037797,True,0.153581,-0.163218,0.038246,0.007280,0.002451,0.000449,19.59,10,-0.165316,0.310680,0.386117,0.001744,0.001744,0.000000,0.000000,0.005228,0.078096,0.094220,-0.041440,0.047310,0.012256,-0.043648,0.037568,FOLLOWER
1786693610986783997,2026-08-14T14:46:50.986801,prediction,0.165272,-0.245500,0.067226,0.147917,-0.167214,0.041425,True,0.154873,-0.164505,0.041942,0.006955,0.002709,0.000516,19.31,10,-0.165316,0.310680,0.386117,0.001744,0.001744,0.000000,0.003051,0.005228,0.080716,0.093800,-0.035840,0.064325,0.010976,-0.043136,0.037792,FOLLOWER
1786693611017361179,2026-08-14T14:46:51.017381,prediction,0.159594,-0.186000,0.070777,0.149104,-0.168643,0.044898,True,0.155869,-0.165627,0.045430,0.006765,0.003016,0.000532,17.24,10,-0.165978,0.319971,0.389561,0.001744,0.001744,0.000000,0.003051,0.005228,0.080716,0.093800,-0.035840,0.064325,0.010976,-0.043136,0.037792,FOLLOWER
1786693611049360876,2026-08-14T14:46:51.049378,prediction,0.161271,-0.196000,0.074403,0.150283,-0.170582,0.048671,True,0.156927,-0.167236,0.049178,0.006644,0.003346,0.000507,15.80,10,-0.165978,0.319971,0.389561,0.001744,0.001744,0.000000,0.003051,0.005228,0.080716,0.093800,-0.035840,0.064325,0.010976,-0.043136,0.037792,FOLLOWER
1786693611086935125,2026-08-14T14:46:51.086952,prediction,0.161930,-0.175000,0.079809,0.151398,-0.172090,0.052580,True,0.157906,-0.168362,0.053059,0.006509,0.003727,0.000479,19.98,10,-0.166883,0.328841,0.394099,0.001744,0.001744,0.000000,0.003051,0.005228,0.080716,0.093800,-0.035840,0.064325,0.010976,-0.043136,0.037792,FOLLOWER
1786693611119693748,2026-08-14T14:46:51.119710,prediction,0.153297,-0.124000,0.086788,0.151818,-0.172391,0.056732,True,0.158304,-0.168243,0.057193,0.006486,0.004148,0.000461,17.28,10,-0.166883,0.328841,0.394099,0.001744,0.001744,0.000000,0.003051,0.005228,0.080716,0.093800,-0.035840,0.064325,0.010976,-0.043136,0.037792,FOLLOWER
1786693611152596994,2026-08-14T14:46:51.152620,prediction,0.153975,-0.104000,0.087882,0.152738,-0.169732,0.060463,True,0.158731,-0.165007,0.060989,0.005993,0.004725,0.000526,17.90,10,-0.168092,0.336888,0.399993,0.001744,0.001744,0.000000,0.003051,0.005228,0.080716,0.093800,-0.035840,0.064325,0.010976,-0.043136,0.037792,FOLLOWER
1786693611188424158,2026-08-14T14:46:51.188440,prediction,0.162521,-0.154000,0.089300,0.154120,-0.167600,0.064339,True,0.159561,-0.162321,0.064901,0.005441,0.005279,0.000562,18.61,10,-0.168092,0.336888,0.399993,0.001744,0.001744,0.000000,0.003051,0.005228,0.080716,0.093800,-0.035840,0.064325,0.010976,-0.043136,0.037792,FOLLOWER
1786693611222141945,2026-08-14T14:46:51.222160,prediction,0.157393,-0.124000,0.090892,0.154813,-0.165573,0.068204,True,0.159946,-0.159866,0.068770,0.005133,0.005707,0.000566,17.93,10,-0.169604,0.343629,0.407208,0.001744,0.001744,0.000000,0.003051,0.005228,0.080716,0.093800,-0.035840,0.064325,0.010976,-0.043136,0.037792,FOLLOWER
1786693611252650098,2026-08-14T14:46:51.252664,prediction,0.154586,-0.084000,0.097052,0.155499,-0.163568,0.071995,True,0.160344,-0.157514,0.072550,0.004845,0.006054,0.000555,17.89,10,-0.169604,0.343629,0.407208,0.027925,0.027925,0.102099,0.002609,0.059340,0.081158,0.109620,0.011340,0.241945,0.012192,-0.047584,0.043424,FOLLOWER
1786693611289626462,2026-08-14T14:46:51.289646,prediction,0.166666,-0.154000,0.097606,0.156990,-0.162100,0.075547,True,0.161384,-0.155733,0.076072,0.004394,0.006367,0.000525,19.94,10,-0.171357,0.348848,0.415498,0.029669,0.034034,0.116932,0.002609,0.067629,0.080716,0.109620,0.008260,0.253648,0.010304,-0.047360,0.036864,FOLLOWER
1786693611321850080,2026-08-14T14:46:51.321864,prediction,0.163215,-0.134000,0.102722,0.157912,-0.161273,0.079029,True,0.162078,-0.154684,0.079472,0.004166,0.006589,0.000443,19.84,10,-0.171357,0.348848,0.415498,0.030976,0.037523,0.132204,0.002609,0.070249,0.081158,0.109620,0.021280,0.248170,0.012096,-0.047104,0.040192,FOLLOWER
1786693611358162786,2026-08-14T14:46:51.358177,prediction,0.156312,-0.094000,0.108701,0.158253,-0.158921,0.082679,True,0.162223,-0.152098,0.083073,0.003970,0.006823,0.000395,19.65,10,-0.173318,0.352658,0.424614,0.030976,0.037523,0.132204,0.002609,0.070249,0.081158,0.109620,0.021280,0.248170,0.012096,-0.047104,0.040192,FOLLOWER
1786693611390379121,2026-08-14T14:46:51.390457,prediction,0.157048,-0.075000,0.113606,0.158413,-0.153544,0.086466,True,0.161994,-0.146382,0.086913,0.003582,0.007162,0.000447,18.17,10,-0.173318,0.352658,0.424614,0.030976,0.037523,0.132204,0.002609,0.070249,0.081158,0.109620,0.021280,0.248170,0.012096,-0.047104,0.040192,FOLLOWER
1786693611419235177,2026-08-14T14:46:51.419250,prediction,0.158616,-0.084000,0.113203,0.158907,-0.147029,0.089855,True,0.161942,-0.139492,0.090390,0.003035,0.007537,0.000535,17.87,10,-0.175240,0.355274,0.433892,0.030976,0.037523,0.132204,0.002609,0.070249,0.081158,0.109620,0.021280,0.248170,0.012096,-0.047104,0.040192,FOLLOWER
1786693611452767225,2026-08-14T14:46:51.452786,prediction,0.151996,-0.046000,0.118880,0.158913,-0.139806,0.093256,True,0.161492,-0.131951,0.093881,0.002579,0.007855,0.000625,18.22,10,-0.175240,0.355274,0.433892,0.030976,0.037523,0.132204,0.002609,0.070249,0.081158,0.109620,0.021280,0.248170,0.012096,-0.047104,0.040192,FOLLOWER
1786693611489602053,2026-08-14T14:46:51.489625,prediction,0.150428,-0.037000,0.119269,0.157923,-0.130895,0.096726,True,0.160158,-0.122754,0.097476,0.002235,0.008141,0.000750,17.95,10,-0.176858,0.357704,0.442618,0.030976,0.037523,0.132204,0.002609,0.070249,0.081158,0.109620,0.021280,0.248170,0.012096,-0.047104,0.040192,FOLLOWER
1786693611518488236,2026-08-14T14:46:51.518506,prediction,0.150428,-0.037000,0.123229,0.157312,-0.121166,0.100223,True,0.159093,-0.112748,0.101121,0.001781,0.008417,0.000898,16.72,10,-0.176858,0.357704,0.442618,0.030976,0.037523,0.132204,0.002609,0.070249,0.081158,0.109620,0.021280,0.248170,0.012096,-0.047104,0.040192,FOLLOWER
1786693611555480640,2026-08-14T14:46:51.555510,prediction,0.147118,-0.018000,0.127946,0.156369,-0.110740,0.103792,True,0.157738,-0.102084,0.104854,0.001369,0.008656,0.001062,16.03,10,-0.178011,0.361244,0.450973,0.030976,0.037523,0.132204,0.002609,0.070249,0.081158,0.109620,0.021280,0.248170,0.012096,-0.047104,0.040192,FOLLOWER
1786693611585031503,2026-08-14T14:46:51.585045,prediction,0.150428,-0.037000,0.131149,0.155602,-0.100708,0.107215,True,0.156581,-0.091916,0.108421,0.000980,0.008792,0.001206,17.86,10,-0.178011,0.361244,0.450973,0.032720,0.047558,0.148784,0.002609,0.072857,0.080716,0.104160,0.027160,0.264272,0.011584,-0.049088,0.038688,FOLLOWER
1786693611621189940,2026-08-14T14:46:51.621206,prediction,0.145550,-0.009000,0.132218,0.155085,-0.090328,0.110244,True,0.155641,-0.081456,0.111572,0.000556,0.008872,0.001328,18.64,10,-0.178557,0.366485,0.458525,0.050609,0.024429,0.198964,0.000000,0.078096,0.080716,0.153440,-0.322000,0.253482,0.006144,-0.047104,0.037344,FOLLOWER
1786693611659199015,2026-08-14T14:46:51.659214,prediction,0.151039,-0.018000,0.135803,0.154889,-0.082599,0.113438,True,0.155180,-0.073931,0.114805,0.000290,0.008668,0.001367,20.10,10,-0.178557,0.366485,0.458525,0.063703,0.066754,0.191543,0.000000,0.075477,0.078096,0.119840,-0.337820,0.255225,0.004640,-0.051552,0.038688,FOLLOWER
1786693611687277019,2026-08-14T14:46:51.687294,prediction,0.151039,-0.018000,0.139732,0.154124,-0.075400,0.116800,True,0.154273,-0.067032,0.118198,0.000149,0.008367,0.001398,18.95,10,-0.178647,0.373739,0.465479,0.063703,0.081592,0.185870,0.000000,0.075477,0.072857,0.139440,-0.364560,0.252071,0.003136,-0.051200,0.040576,FOLLOWER
1786693611719244425,2026-08-14T14:46:51.719272,prediction,0.150167,0.009000,0.144558,0.153642,-0.068307,0.120378,True,0.153628,-0.060216,0.121823,0.000015,0.008091,0.001445,16.56,10,-0.178647,0.373739,0.465479,0.066754,0.101663,0.185870,0.000000,0.072426,0.072426,0.132300,-0.366940,0.246593,0.002176,-0.048480,0.039520,FOLLOWER
1786693611752740065,2026-08-14T14:46:51.752754,prediction,0.152431,0.018000,0.144857,0.153499,-0.059795,0.123565,True,0.153209,-0.051796,0.125078,0.000290,0.007998,0.001513,18.14,10,-0.178399,0.381806,0.471458,0.070243,0.112568,0.184131,0.000000,0.072857,0.072857,0.133280,-0.380240,0.254810,0.001280,-0.048032,0.038688,FOLLOWER
1786693611791383203,2026-08-14T14:46:51.791435,prediction,0.152431,0.018000,0.148726,0.152549,-0.050519,0.126973,True,0.152040,-0.042482,0.128563,0.000510,0.008037,0.001590,22.16,10,-0.178399,0.381806,0.471458,0.071994,0.132639,0.183692,0.000000,0.075477,0.075046,0.120260,-0.373240,0.255225,-0.001280,-0.049824,0.037856,FOLLOWER
1786693611831724033,2026-08-14T14:46:51.831752,prediction,0.152431,0.018000,0.148726,0.151831,-0.040557,0.130040,True,0.151054,-0.032384,0.131705,0.000776,0.008173,0.001665,26.11,10,-0.177927,0.390214,0.476745,0.070243,0.147039,0.184131,0.000000,0.072426,0.075477,0.100940,-0.370020,0.260039,-0.004288,-0.046144,0.037024,FOLLOWER
1786693611855081471,2026-08-14T14:46:51.855100,prediction,0.149206,0.036000,0.149295,0.151357,-0.030458,0.132746,True,0.150311,-0.022140,0.134453,0.001046,0.008318,0.001706,18.28,10,-0.177927,0.390214,0.476745,0.065447,0.151841,0.184131,0.000000,0.072426,0.072426,0.129780,-0.352100,0.269667,-0.005472,-0.048864,0.037344,FOLLOWER
1786693611893545933,2026-08-14T14:46:51.893561,prediction,0.147593,0.045000,0.149579,0.150726,-0.021505,0.135145,True,0.149500,-0.013194,0.136837,0.001226,0.008310,0.001693,21.41,10,-0.177260,0.399026,0.481559,0.065447,0.163184,0.187618,0.000000,0.072857,0.075477,0.124180,-0.379400,0.279627,-0.009856,-0.047936,0.038144,FOLLOWER
1786693611920613677,2026-08-14T14:46:51.920645,prediction,0.144547,0.062000,0.153913,0.149789,-0.012834,0.137859,True,0.148438,-0.004595,0.139536,0.001351,0.008239,0.001677,19.73,10,-0.177260,0.399026,0.481559,0.065447,0.167986,0.189804,0.000000,0.075046,0.078538,0.110600,-0.362880,0.275643,-0.010464,-0.051200,0.038912,FOLLOWER
1786693611958181553,2026-08-14T14:46:51.958221,prediction,0.141501,0.079000,0.154422,0.149089,-0.003793,0.140228,True,0.147598,0.004403,0.141888,0.001491,0.008196,0.001659,17.69,10,-0.176496,0.407956,0.485834,0.065447,0.167986,0.189804,0.000000,0.075046,0.078538,0.110600,-0.362880,0.275643,-0.010464,-0.051200,0.038912,FOLLOWER
1786693611988472658,2026-08-14T14:46:51.988491,prediction,0.138456,0.096000,0.154931,0.148291,0.004681,0.142606,True,0.146703,0.012762,0.144236,0.001588,0.008081,0.001631,18.87,10,-0.176496,0.407956,0.485834,0.065447,0.167986,0.189804,0.000000,0.075046,0.078538,0.110600,-0.362880,0.275643,-0.010464,-0.051200,0.038912,FOLLOWER
1786693612023790934,2026-08-14T14:46:52.023839,prediction,0.142189,0.096000,0.154931,0.147742,0.013470,0.144719,True,0.146048,0.021471,0.146321,0.001693,0.008001,0.001602,16.61,10,-0.175663,0.417108,0.489805,0.065447,0.167986,0.189804,0.000000,0.075046,0.078538,0.110600,-0.362880,0.275643,-0.010464,-0.051200,0.038912,FOLLOWER
1786693612051439310,2026-08-14T14:46:52.051454,prediction,0.148336,0.062000,0.157709,0.147823,0.022321,0.146703,True,0.146027,0.030248,0.148268,0.001796,0.007927,0.001564,15.88,10,-0.175663,0.417108,0.489805,0.065447,0.167986,0.189804,0.000000,0.075046,0.078538,0.110600,-0.362880,0.275643,-0.010464,-0.051200,0.038912,FOLLOWER
1786693612084334851,2026-08-14T14:46:52.084355,prediction,0.142189,0.096000,0.158671,0.147274,0.031184,0.148538,True,0.145404,0.039054,0.150067,0.001870,0.007870,0.001529,15.94,10,-0.174814,0.426410,0.493547,0.017889,0.080279,0.200711,0.000000,0.078096,0.080716,0.084560,-0.237720,0.288342,-0.018720,-0.049312,0.040416,FOLLOWER
1786693612120167374,2026-08-14T14:46:52.120186,prediction,0.135410,0.113000,0.159152,0.146598,0.039037,0.150334,True,0.144696,0.046730,0.151823,0.001902,0.007694,0.001489,16.17,10,-0.174814,0.426410,0.493547,0.003051,0.044069,0.200711,0.000000,0.078096,0.078096,0.067480,-0.188720,0.289089,-0.020544,-0.048256,0.041408,FOLLOWER
1786693612154302076,2026-08-14T14:46:52.154330,prediction,0.141501,0.079000,0.158190,0.145962,0.046687,0.151826,True,0.144039,0.054188,0.153264,0.001923,0.007500,0.001437,18.35,10,-0.173986,0.435685,0.497060,0.003051,0.044069,0.200711,0.000000,0.078096,0.078096,0.067480,-0.188720,0.289089,-0.020544,-0.048256,0.041408,FOLLOWER
1786693612185171157,2026-08-14T14:46:52.185200,prediction,0.139889,0.088000,0.158445,0.145218,0.053871,0.153074,True,0.143288,0.061149,0.154440,0.001930,0.007278,0.001367,15.84,10,-0.173986,0.435685,0.497060,0.003051,0.044069,0.200711,0.000000,0.078096,0.078096,0.067480,-0.188720,0.289089,-0.020544,-0.048256,0.041408,FOLLOWER
1786693612224293266,2026-08-14T14:46:52.224320,prediction,0.133976,0.121000,0.159378,0.144139,0.060961,0.154062,True,0.142200,0.068042,0.155345,0.001939,0.007081,0.001283,18.58,10,-0.173151,0.445115,0.500445,0.003051,0.044069,0.200711,0.000000,0.078096,0.078096,0.067480,-0.188720,0.289089,-0.020544,-0.048256,0.041408,FOLLOWER
1786693612253725475,2026-08-14T14:46:52.253742,prediction,0.130285,0.121000,0.159378,0.142663,0.068352,0.155030,True,0.140693,0.075323,0.156242,0.001970,0.006971,0.001212,18.15,10,-0.173151,0.445115,0.500445,0.000000,0.026174,0.200711,0.000000,0.078096,0.078096,-0.013860,-0.171920,0.289919,-0.021280,-0.047936,0.042304,FOLLOWER
1786693612289050304,2026-08-14T14:46:52.289067,prediction,0.128864,0.129000,0.159604,0.141092,0.075324,0.155755,True,0.139094,0.082169,0.156890,0.001998,0.006845,0.001135,19.49,10,-0.172312,0.454476,0.503603,0.032720,0.050609,0.191543,0.000000,0.078096,0.078096,-0.105280,0.007980,0.292824,-0.023168,-0.042144,0.036288,FOLLOWER
1786693612326941178,2026-08-14T14:46:52.326961,prediction,0.132543,0.129000,0.159604,0.139766,0.082638,0.156480,True,0.137734,0.089418,0.157549,0.002032,0.006780,0.001069,23.71,10,-0.172312,0.454476,0.503603,0.029669,0.050609,0.167112,0.000000,0.065010,0.067188,-0.096320,0.017920,0.261035,-0.020928,-0.043872,0.035904,FOLLOWER
1786693612356135540,2026-08-14T14:46:52.356152,prediction,0.131110,0.137000,0.159831,0.138559,0.090021,0.157183,True,0.136500,0.096762,0.158198,0.002059,0.006741,0.001016,19.91,10,-0.172312,0.454476,0.503603,0.029231,0.048865,0.139185,0.000000,0.053659,0.056721,-0.088340,0.000280,0.269418,-0.022656,-0.043584,0.034080,FOLLOWER
1786693612388918861,2026-08-14T14:46:52.388937,prediction,0.124604,0.153000,0.160283,0.137027,0.096884,0.157896,True,0.134952,0.103531,0.158876,0.002074,0.006647,0.000980,18.07,10,-0.172312,0.454476,0.503603,0.027925,0.049303,0.133951,0.000000,0.053659,0.051040,-0.075600,0.002660,0.264272,-0.023840,-0.045152,0.035680,FOLLOWER
1786693612419992546,2026-08-14T14:46:52.420011,prediction,0.127444,0.137000,0.163503,0.135887,0.103164,0.158535,True,0.133826,0.109636,0.159483,0.002061,0.006472,0.000947,17.35,10,-0.170938,0.468798,0.507842,0.026174,0.050609,0.130025,0.000000,0.051482,0.051040,-0.088900,-0.009520,0.267924,-0.024608,-0.042240,0.037248,FOLLOWER
1786693612451920038,2026-08-14T14:46:52.451935,prediction,0.126024,0.145000,0.163716,0.134855,0.108846,0.159155,True,0.132829,0.115072,0.160076,0.002026,0.006226,0.000921,16.86,10,-0.170938,0.468798,0.507842,0.026174,0.050609,0.130025,0.000000,0.051482,0.051040,-0.088900,-0.009520,0.267924,-0.024608,-0.042240,0.037248,FOLLOWER
1786693612489081890,2026-08-14T14:46:52.489111,prediction,0.124604,0.153000,0.163929,0.133931,0.113503,0.159755,True,0.131970,0.119370,0.160651,0.001962,0.005868,0.000896,18.14,10,-0.169977,0.478380,0.510499,0.026174,0.050609,0.130025,0.000000,0.051482,0.051040,-0.088900,-0.009520,0.267924,-0.024608,-0.042240,0.037248,FOLLOWER
1786693612520381992,2026-08-14T14:46:52.520417,prediction,0.123184,0.161000,0.164142,0.132664,0.117474,0.160369,True,0.130761,0.122944,0.161249,0.001903,0.005470,0.000880,18.78,10,-0.169977,0.478380,0.510499,0.024867,0.050609,0.126531,0.000000,0.051040,0.051040,-0.096600,-0.005880,0.275809,-0.025344,-0.038688,0.036640,FOLLOWER
1786693612563243041,2026-08-14T14:46:52.563258,prediction,0.123184,0.161000,0.164142,0.130987,0.121735,0.160798,True,0.129104,0.126932,0.161659,0.001884,0.005197,0.000861,24.85,10,-0.168960,0.488068,0.513018,0.029231,0.073301,0.150531,0.000000,0.061949,0.059340,-0.105000,0.009800,0.292990,-0.031456,-0.045984,0.036736,FOLLOWER
1786693612588086352,2026-08-14T14:46:52.588101,prediction,0.124604,0.153000,0.163929,0.129815,0.126054,0.161149,True,0.127957,0.131048,0.161978,0.001858,0.004995,0.000829,19.92,10,-0.168960,0.488068,0.513018,0.029669,0.075483,0.152710,0.000000,0.061949,0.061949,-0.093520,0.009240,0.285935,-0.031008,-0.042752,0.035520,FOLLOWER
1786693612623323997,2026-08-14T14:46:52.623354,prediction,0.121764,0.169000,0.164356,0.128905,0.130384,0.161496,True,0.127077,0.135231,0.162290,0.001829,0.004847,0.000795,19.67,10,-0.167879,0.497672,0.515370,0.030976,0.078103,0.154018,0.000000,0.061949,0.061949,-0.113960,-0.013580,0.277386,-0.029504,-0.042528,0.033568,FOLLOWER
1786693612652183981,2026-08-14T14:46:52.652198,prediction,0.123184,0.161000,0.167775,0.127684,0.134717,0.162135,True,0.125865,0.139465,0.162928,0.001819,0.004748,0.000793,17.55,10,-0.167879,0.497672,0.515370,0.029669,0.078534,0.152279,0.000000,0.061949,0.059340,-0.121800,-0.006160,0.281619,-0.029504,-0.040960,0.035360,FOLLOWER
1786693612689129607,2026-08-14T14:46:52.689149,prediction,0.126024,0.145000,0.167376,0.126760,0.139477,0.162730,True,0.124951,0.144211,0.163535,0.001809,0.004734,0.000805,19.12,10,-0.166709,0.507341,0.517606,0.027925,0.078103,0.148784,0.000000,0.059340,0.059340,-0.114940,0.002100,0.281453,-0.029504,-0.044928,0.035744,FOLLOWER
1786693612720227409,2026-08-14T14:46:52.720248,prediction,0.124604,0.153000,0.167576,0.126135,0.143895,0.163276,True,0.124358,0.148577,0.164090,0.001777,0.004682,0.000814,17.44,10,-0.166709,0.507341,0.517606,0.027925,0.079847,0.150531,0.000000,0.059340,0.056279,-0.110880,0.009520,0.269086,-0.029504,-0.044928,0.038912,FOLLOWER
1786693612755047448,2026-08-14T14:46:52.755064,prediction,0.125376,0.169000,0.167975,0.125808,0.146486,0.163850,True,0.124120,0.150855,0.164663,0.001687,0.004369,0.000813,21.32,10,-0.165451,0.517056,0.519739,0.030976,0.091628,0.152710,0.000000,0.059340,0.061949,-0.105280,0.023800,0.288010,-0.029568,-0.044704,0.035232,FOLLOWER
1786693612792205454,2026-08-14T14:46:52.792225,prediction,0.125376,0.169000,0.167975,0.125575,0.149564,0.164408,True,0.123967,0.153706,0.165223,0.001608,0.004142,0.000816,21.64,10,-0.165451,0.517056,0.519739,0.034034,0.104283,0.160130,0.000000,0.061949,0.065010,-0.133840,0.047740,0.307432,-0.031392,-0.041632,0.036736,FOLLOWER
1786693612828039361,2026-08-14T14:46:52.828057,prediction,0.122689,0.184000,0.171945,0.124918,0.152313,0.165230,True,0.123365,0.156232,0.166076,0.001554,0.003919,0.000845,22.29,10,-0.164139,0.526732,0.521769,0.039267,0.126099,0.174963,0.000000,0.070249,0.069807,-0.139160,0.065100,0.317226,-0.033952,-0.048032,0.039296,FOLLOWER
1786693612855471760,2026-08-14T14:46:52.855486,prediction,0.121256,0.192000,0.172132,0.124261,0.155796,0.166050,True,0.122733,0.159640,0.166939,0.001528,0.003844,0.000889,19.34,10,-0.164139,0.526732,0.521769,0.045814,0.150097,0.193291,0.000000,0.080716,0.078096,-0.141540,0.063140,0.317558,-0.033568,-0.045760,0.039744,FOLLOWER
1786693612891912757,2026-08-14T14:46:52.891931,prediction,0.125376,0.169000,0.171595,0.124313,0.158999,0.166804,True,0.122845,0.162748,0.167720,0.001468,0.003749,0.000916,21.01,10,-0.162772,0.536450,0.523743,0.050609,0.168424,0.206384,0.000000,0.083335,0.080716,-0.111860,0.057260,0.312578,-0.030848,-0.047936,0.038240,FOLLOWER
1786693612922131666,2026-08-14T14:46:52.922151,prediction,0.118568,0.207000,0.176038,0.123721,0.162573,0.167640,True,0.122262,0.166322,0.168591,0.001459,0.003749,0.000951,19.07,10,-0.162772,0.536450,0.523743,0.052354,0.176277,0.209871,0.000000,0.086386,0.083766,-0.124180,0.054180,0.300211,-0.029728,-0.045984,0.038848,FOLLOWER
1786693612958476082,2026-08-14T14:46:52.958496,prediction,0.121256,0.192000,0.175713,0.123403,0.165795,0.168440,True,0.121969,0.169502,0.169416,0.001435,0.003707,0.000976,18.65,10,-0.161365,0.546220,0.525689,0.052354,0.176277,0.209871,0.000000,0.086386,0.083766,-0.124180,0.054180,0.300211,-0.029728,-0.045984,0.038848,FOLLOWER
1786693613000984928,2026-08-14T14:46:53.001057,prediction,0.121256,0.192000,0.175713,0.123180,0.168946,0.169226,True,0.121768,0.172604,0.170219,0.001412,0.003658,0.000994,25.06,10,-0.161365,0.546220,0.525689,0.052354,0.176277,0.209871,0.000000,0.086386,0.083766,-0.124180,0.054180,0.300211,-0.029728,-0.045984,0.038848,FOLLOWER
1786693613032355914,2026-08-14T14:46:53.032377,prediction,0.118568,0.207000,0.179595,0.122872,0.171656,0.170256,True,0.121481,0.175211,0.171285,0.001391,0.003556,0.001029,25.95,10,-0.159950,0.555866,0.527591,0.052354,0.176277,0.209871,0.000000,0.086386,0.083766,-0.124180,0.054180,0.300211,-0.029728,-0.045984,0.038848,FOLLOWER
1786693613059065393,2026-08-14T14:46:53.059087,prediction,0.117135,0.215000,0.179756,0.122469,0.174651,0.171297,True,0.121086,0.178157,0.172370,0.001383,0.003506,0.001073,22.96,10,-0.159950,0.555866,0.527591,0.050609,0.179766,0.212057,0.000000,0.083335,0.083335,-0.127960,0.056000,0.303697,-0.029504,-0.049312,0.038688,FOLLOWER
1786693613100975655,2026-08-14T14:46:53.101001,prediction,0.118568,0.207000,0.179595,0.122067,0.177704,0.172341,True,0.120686,0.181179,0.173455,0.001381,0.003476,0.001114,27.06,10,-0.158509,0.565614,0.529512,0.044069,0.164928,0.198525,0.000000,0.078096,0.078538,-0.106260,0.003640,0.301954,-0.024064,-0.045760,0.037120,FOLLOWER
1786693613154194849,2026-08-14T14:46:53.154214,prediction,0.118568,0.207000,0.179595,0.121854,0.180767,0.173357,True,0.120487,0.184215,0.174502,0.001367,0.003448,0.001145,36.26,10,-0.157078,0.575317,0.531433,0.039267,0.154893,0.198964,0.000000,0.078096,0.078096,-0.102200,-0.017920,0.302950,-0.023168,-0.046528,0.038464,FOLLOWER
1786693613196546500,2026-08-14T14:46:53.196560,prediction,0.113193,0.237000,0.180196,0.121546,0.183833,0.174145,True,0.120182,0.187271,0.175297,0.001364,0.003438,0.001152,31.08,10,-0.157078,0.575317,0.531433,0.037523,0.147039,0.200711,0.000000,0.081158,0.081158,-0.114660,-0.036540,0.298551,-0.021056,-0.045376,0.037568,FOLLOWER
1786693613218858933,2026-08-14T14:46:53.218880,prediction,0.113193,0.237000,0.180196,0.120690,0.186900,0.175000,True,0.119291,0.190350,0.176159,0.001400,0.003450,0.001159,20.63,10,-0.155664,0.585000,0.533379,0.037523,0.143988,0.198964,0.000000,0.080716,0.080716,-0.123060,-0.019180,0.305772,-0.020160,-0.044704,0.037568,FOLLOWER
1786693613244635008,2026-08-14T14:46:53.244666,prediction,0.113193,0.237000,0.180196,0.119930,0.191993,0.175841,True,0.118471,0.195734,0.177009,0.001459,0.003741,0.001168,21.07,10,-0.155664,0.585000,0.533379,0.039267,0.142243,0.200711,0.000000,0.078096,0.078096,-0.107240,-0.003920,0.296476,-0.019712,-0.046080,0.038912,FOLLOWER
1786693613270500191,2026-08-14T14:46:53.270535,prediction,0.113193,0.237000,0.180196,0.119118,0.197492,0.176656,True,0.117599,0.201565,0.177828,0.001518,0.004073,0.001172,18.16,10,-0.155664,0.585000,0.533379,0.041012,0.142243,0.200711,0.000000,0.080716,0.078096,-0.090440,0.000000,0.307930,-0.018656,-0.048320,0.039968,FOLLOWER
1786693613297244326,2026-08-14T14:46:53.297278,prediction,0.113193,0.237000,0.183703,0.118305,0.202218,0.177704,True,0.116756,0.206453,0.178896,0.001549,0.004234,0.001192,18.20,10,-0.154249,0.594789,0.535387,0.039267,0.145295,0.200711,0.000000,0.081158,0.080716,-0.109060,-0.019180,0.289587,-0.017312,-0.043264,0.036864,FOLLOWER
1786693613322752738,2026-08-14T14:46:53.322772,prediction,0.115881,0.222000,0.183428,0.117851,0.206790,0.178470,True,0.116311,0.211096,0.179658,0.001540,0.004306,0.001188,18.51,10,-0.154249,0.594789,0.535387,0.037523,0.145295,0.200711,0.000000,0.080716,0.078096,-0.113680,-0.028420,0.303116,-0.016864,-0.044032,0.036288,FOLLOWER
1786693613357425761,2026-08-14T14:46:53.357446,prediction,0.109692,0.237000,0.183703,0.117081,0.210531,0.179241,True,0.115548,0.214760,0.180420,0.001533,0.004229,0.001179,17.39,10,-0.152864,0.604404,0.537420,0.037523,0.145295,0.198964,0.000000,0.080716,0.080716,-0.116480,-0.038360,0.304195,-0.015488,-0.044928,0.036352,FOLLOWER
1786693613382205373,2026-08-14T14:46:53.382254,prediction,0.109692,0.237000,0.183703,0.116035,0.214106,0.180049,True,0.114494,0.218223,0.181226,0.001541,0.004117,0.001177,13.73,10,-0.152864,0.604404,0.537420,0.037523,0.145295,0.198964,0.000000,0.080716,0.080716,-0.116480,-0.038360,0.304195,-0.015488,-0.044928,0.036352,FOLLOWER
1786693613425067273,2026-08-14T14:46:53.425106,prediction,0.107423,0.230000,0.183575,0.115292,0.217221,0.180551,True,0.113773,0.221162,0.181696,0.001519,0.003941,0.001145,17.20,10,-0.151467,0.614110,0.539497,0.037523,0.145295,0.198964,0.000000,0.080716,0.080716,-0.116480,-0.038360,0.304195,-0.015488,-0.044928,0.036352,FOLLOWER
1786693613453416235,2026-08-14T14:46:53.453435,prediction,0.100078,0.252000,0.183979,0.113880,0.220244,0.181102,True,0.112336,0.224039,0.182217,0.001544,0.003795,0.001115,15.75,10,-0.151467,0.614110,0.539497,0.037523,0.145295,0.198964,0.000000,0.080716,0.080716,-0.116480,-0.038360,0.304195,-0.015488,-0.044928,0.036352,FOLLOWER
1786693613483536990,2026-08-14T14:46:53.483550,prediction,0.100078,0.252000,0.183979,0.112468,0.224049,0.181653,True,0.110885,0.227838,0.182741,0.001583,0.003790,0.001088,14.83,10,-0.150065,0.623750,0.541576,0.037523,0.145295,0.198964,0.000000,0.080716,0.080716,-0.116480,-0.038360,0.304195,-0.015488,-0.044928,0.036352,FOLLOWER
1786693613521635123,2026-08-14T14:46:53.521655,prediction,0.095394,0.259000,0.184108,0.110923,0.228010,0.181954,True,0.109287,0.231851,0.182997,0.001637,0.003841,0.001043,17.85,10,-0.150065,0.623750,0.541576,0.037523,0.145295,0.200711,0.000000,0.078096,0.078096,-0.119840,-0.033040,0.295729,-0.014752,-0.050208,0.039680,FOLLOWER
1786693613555795823,2026-08-14T14:46:53.555832,prediction,0.096602,0.252000,0.183979,0.109554,0.231202,0.182235,True,0.107890,0.234991,0.183223,0.001665,0.003789,0.000987,17.57,10,-0.148609,0.633431,0.543666,0.037523,0.150097,0.200711,0.000000,0.081158,0.080716,-0.092260,-0.057260,0.304527,-0.010240,-0.045920,0.035744,FOLLOWER
1786693613589018780,2026-08-14T14:46:53.589050,prediction,0.094494,0.244000,0.183832,0.107949,0.234240,0.182518,True,0.106247,0.237966,0.183456,0.001703,0.003725,0.000938,18.63,10,-0.148609,0.633431,0.543666,0.034034,0.147039,0.200711,0.000000,0.078096,0.078096,-0.109340,-0.033460,0.317226,-0.009632,-0.048928,0.039904,FOLLOWER
1786693613623077238,2026-08-14T14:46:53.623101,prediction,0.089537,0.273000,0.184365,0.106014,0.237248,0.182836,True,0.104248,0.240929,0.183742,0.001766,0.003681,0.000907,17.95,10,-0.147080,0.643119,0.545734,0.035778,0.148784,0.200711,0.000000,0.078096,0.078096,-0.107520,-0.038640,0.304361,-0.009184,-0.050432,0.040704,FOLLOWER
1786693613655689557,2026-08-14T14:46:53.655707,prediction,0.086096,0.273000,0.184365,0.103849,0.241370,0.183154,True,0.101992,0.245182,0.184043,0.001857,0.003812,0.000889,17.80,10,-0.147080,0.643119,0.545734,0.035778,0.148784,0.200711,0.000000,0.078096,0.078096,-0.107520,-0.038640,0.304361,-0.009184,-0.050432,0.040704,FOLLOWER
1786693613690357641,2026-08-14T14:46:53.690376,prediction,0.081356,0.301000,0.184879,0.101727,0.245714,0.183466,True,0.099789,0.249687,0.184345,0.001938,0.003973,0.000879,17.88,10,-0.145446,0.652740,0.547744,0.035778,0.148784,0.200711,0.000000,0.078096,0.078096,-0.107520,-0.038640,0.304361,-0.009184,-0.050432,0.040704,FOLLOWER
1786693613720876975,2026-08-14T14:46:53.720898,prediction,0.082654,0.273000,0.184365,0.099691,0.248503,0.183744,True,0.097717,0.252389,0.184608,0.001974,0.003886,0.000864,17.15,10,-0.145446,0.652740,0.547744,0.035778,0.148784,0.200711,0.000000,0.078096,0.078096,-0.107520,-0.038640,0.304361,-0.009184,-0.050432,0.040704,FOLLOWER
1786693613760328813,2026-08-14T14:46:53.760352,prediction,0.077961,0.301000,0.184879,0.097342,0.252474,0.184056,True,0.095294,0.256434,0.184916,0.002048,0.003960,0.000860,20.16,10,-0.143663,0.662386,0.549699,0.035778,0.148784,0.200711,0.000000,0.078096,0.078096,-0.107520,-0.038640,0.304361,-0.009184,-0.050432,0.040704,FOLLOWER
1786693613796754873,2026-08-14T14:46:53.796776,prediction,0.079134,0.294000,0.184751,0.095071,0.256308,0.184126,True,0.092962,0.260325,0.184959,0.002110,0.004017,0.000833,23.42,10,-0.143663,0.662386,0.549699,0.034034,0.150097,0.201142,0.000000,0.083766,0.081158,-0.115500,-0.045500,0.307930,-0.009312,-0.044320,0.038464,FOLLOWER
1786693613833786100,2026-08-14T14:46:53.833803,prediction,0.075728,0.294000,0.184751,0.092395,0.260115,0.184214,True,0.090195,0.264187,0.185017,0.002199,0.004072,0.000802,24.08,10,-0.141675,0.672130,0.551602,0.031414,0.150097,0.200711,0.000000,0.078096,0.081158,-0.110600,-0.066220,0.302120,-0.009920,-0.048928,0.041536,FOLLOWER
1786693613866104016,2026-08-14T14:46:53.866119,prediction,0.072242,0.315000,0.185137,0.089898,0.263916,0.184310,True,0.087635,0.268024,0.185079,0.002263,0.004107,0.000769,20.61,10,-0.141675,0.672130,0.551602,0.031414,0.150097,0.198964,0.000000,0.080716,0.078096,-0.086800,-0.071820,0.317807,-0.010528,-0.043872,0.038752,FOLLOWER
1786693613891946746,2026-08-14T14:46:53.891962,prediction,0.071080,0.322000,0.185265,0.087324,0.268837,0.184414,True,0.084988,0.273126,0.185153,0.002336,0.004289,0.000739,18.60,10,-0.139507,0.681604,0.553372,0.029231,0.150097,0.200711,0.000000,0.078096,0.081158,-0.110880,-0.074900,0.301954,-0.011136,-0.046080,0.038976,FOLLOWER
1786693613918541380,2026-08-14T14:46:53.918572,prediction,0.067720,0.322000,0.185265,0.084677,0.274354,0.184527,True,0.082265,0.278894,0.185240,0.002412,0.004540,0.000713,16.42,10,-0.139507,0.681604,0.553372,0.029669,0.150097,0.200711,0.000000,0.081158,0.081158,-0.116760,-0.067200,0.305191,-0.011424,-0.042912,0.038144,FOLLOWER
1786693613954567478,2026-08-14T14:46:53.954581,prediction,0.063447,0.348000,0.185743,0.082235,0.279991,0.184644,True,0.079780,0.284747,0.185334,0.002455,0.004756,0.000689,18.26,10,-0.137051,0.691123,0.555054,0.029231,0.150097,0.200711,0.000000,0.078096,0.081158,-0.113960,-0.079660,0.307266,-0.011744,-0.048640,0.038528,FOLLOWER
1786693613989295094,2026-08-14T14:46:53.989318,prediction,0.065583,0.335000,0.185504,0.079935,0.285545,0.184746,True,0.077465,0.290452,0.185412,0.002470,0.004907,0.000666,19.25,10,-0.137051,0.691123,0.555054,0.029231,0.150097,0.200711,0.000000,0.078096,0.081158,-0.113960,-0.079660,0.307266,-0.011744,-0.048640,0.038528,FOLLOWER
1786693614024494918,2026-08-14T14:46:54.024532,prediction,0.060130,0.348000,0.185743,0.077584,0.291776,0.184855,True,0.075099,0.296885,0.185501,0.002485,0.005109,0.000646,19.34,10,-0.134296,0.700714,0.556632,0.029231,0.150097,0.200711,0.000000,0.078096,0.081158,-0.113960,-0.079660,0.307266,-0.011744,-0.048640,0.038528,FOLLOWER
1786693614063257190,2026-08-14T14:46:54.063284,prediction,0.058991,0.355000,0.185872,0.075077,0.298142,0.184981,True,0.072574,0.303426,0.185609,0.002503,0.005284,0.000628,24.94,10,-0.134296,0.700714,0.556632,0.030976,0.148352,0.200711,0.000000,0.078096,0.080716,-0.110040,-0.065100,0.296808,-0.011872,-0.047808,0.039136,FOLLOWER
1786693614087790919,2026-08-14T14:46:54.087805,prediction,0.056876,0.368000,0.186110,0.072569,0.304908,0.185133,True,0.070052,0.310378,0.185747,0.002517,0.005470,0.000614,18.53,10,-0.131358,0.710055,0.558045,0.032720,0.150528,0.198964,0.000000,0.081158,0.083766,-0.126420,-0.082740,0.307432,-0.013376,-0.043872,0.034912,FOLLOWER
1786693614121199144,2026-08-14T14:46:54.121224,prediction,0.055737,0.375000,0.186239,0.070316,0.312448,0.185258,True,0.067810,0.318158,0.185854,0.002505,0.005710,0.000596,17.36,10,-0.131358,0.710055,0.558045,0.032720,0.150528,0.198964,0.000000,0.081158,0.083766,-0.126420,-0.082740,0.307432,-0.013376,-0.043872,0.034912,FOLLOWER
1786693614157852722,2026-08-14T14:46:54.157871,prediction,0.055737,0.375000,0.186239,0.068292,0.319396,0.185383,True,0.065838,0.325203,0.185955,0.002454,0.005806,0.000573,19.13,10,-0.128144,0.719548,0.559351,0.032720,0.150528,0.198964,0.000000,0.081158,0.083766,-0.126420,-0.082740,0.307432,-0.013376,-0.043872,0.034912,FOLLOWER
1786693614192223577,2026-08-14T14:46:54.192246,prediction,0.054761,0.381000,0.189619,0.066519,0.326226,0.185699,True,0.064149,0.332046,0.186266,0.002370,0.005820,0.000567,20.66,10,-0.128144,0.719548,0.559351,0.032720,0.150528,0.198964,0.000000,0.081158,0.083766,-0.126420,-0.082740,0.307432,-0.013376,-0.043872,0.034912,FOLLOWER
1786693614219287834,2026-08-14T14:46:54.219303,prediction,0.052646,0.394000,0.189836,0.064518,0.333352,0.186064,True,0.062202,0.339209,0.186637,0.002316,0.005857,0.000574,16.42,10,-0.124861,0.728813,0.560492,0.032720,0.150528,0.198964,0.000000,0.081158,0.083766,-0.126420,-0.082740,0.307432,-0.013376,-0.043872,0.034912,FOLLOWER
1786693614254355219,2026-08-14T14:46:54.254374,prediction,0.053785,0.387000,0.189719,0.062907,0.339364,0.186386,True,0.060697,0.345067,0.186961,0.002209,0.005703,0.000575,18.14,10,-0.124861,0.728813,0.560492,0.032720,0.150097,0.200711,0.000000,0.081158,0.081158,-0.114380,-0.076440,0.311748,-0.013536,-0.044192,0.038752,FOLLOWER
1786693614290311315,2026-08-14T14:46:54.290337,prediction,0.052930,0.412000,0.190137,0.061160,0.345899,0.186745,True,0.059030,0.351523,0.187322,0.002130,0.005623,0.000577,20.03,10,-0.121467,0.738166,0.561520,0.040574,0.153148,0.200711,0.000000,0.080716,0.080716,-0.130480,-0.088340,0.311582,-0.014304,-0.045536,0.037344,FOLLOWER
1786693614320108250,2026-08-14T14:46:54.320146,prediction,0.057138,0.406000,0.193265,0.059920,0.353180,0.187313,True,0.057909,0.358818,0.187913,0.002011,0.005638,0.000600,18.10,10,-0.121467,0.738166,0.561520,0.044069,0.153586,0.198964,0.000000,0.080716,0.080716,-0.114380,-0.090720,0.315317,-0.014880,-0.046368,0.035904,FOLLOWER
1786693614358452486,2026-08-14T14:46:54.358502,prediction,0.059354,0.412000,0.193355,0.059061,0.360929,0.187861,True,0.057196,0.366643,0.188484,0.001865,0.005713,0.000623,17.52,10,-0.118029,0.747612,0.562453,0.044069,0.154893,0.200711,0.000000,0.078538,0.081158,-0.130200,-0.110600,0.309009,-0.015040,-0.048768,0.038400,FOLLOWER
1786693614385675441,2026-08-14T14:46:54.385693,prediction,0.058349,0.418000,0.193446,0.058212,0.367653,0.188406,True,0.056495,0.373293,0.189046,0.001718,0.005640,0.000640,15.21,10,-0.118029,0.747612,0.562453,0.045376,0.154893,0.200711,0.000000,0.080716,0.078538,-0.126700,-0.113400,0.309341,-0.015040,-0.049376,0.040704,FOLLOWER
1786693614420707951,2026-08-14T14:46:54.420723,prediction,0.058349,0.418000,0.196654,0.057588,0.374117,0.189165,True,0.056033,0.379623,0.189837,0.001555,0.005506,0.000672,18.79,10,-0.114672,0.757043,0.563302,0.048865,0.153586,0.198964,0.000000,0.081158,0.081158,-0.141260,-0.119280,0.310171,-0.015200,-0.046304,0.039424,FOLLOWER
1786693614451465412,2026-08-14T14:46:54.451484,prediction,0.056170,0.431000,0.196829,0.057102,0.380530,0.189904,True,0.055709,0.385900,0.190607,0.001393,0.005370,0.000703,16.44,10,-0.114672,0.757043,0.563302,0.052354,0.153586,0.200711,0.000000,0.080716,0.080716,-0.110320,-0.107240,0.313989,-0.015040,-0.045248,0.038688,FOLLOWER
1786693614488917030,2026-08-14T14:46:54.488931,prediction,0.055164,0.437000,0.196909,0.056408,0.386933,0.190665,True,0.055137,0.392193,0.191394,0.001271,0.005260,0.000729,17.44,10,-0.111475,0.766421,0.564092,0.052354,0.153586,0.200711,0.000000,0.081158,0.081158,-0.132300,-0.109340,0.296974,-0.014592,-0.049984,0.037856,FOLLOWER
1786693614521167208,2026-08-14T14:46:54.521185,prediction,0.053152,0.449000,0.197070,0.055943,0.392960,0.191420,True,0.054805,0.398072,0.192168,0.001138,0.005112,0.000748,17.13,10,-0.111475,0.766421,0.564092,0.055849,0.156637,0.200711,0.000000,0.080716,0.080716,-0.129220,-0.122360,0.307266,-0.014592,-0.046144,0.041408,FOLLOWER
1786693614553155012,2026-08-14T14:46:54.553178,prediction,0.055288,0.455000,0.197151,0.055696,0.399552,0.192172,True,0.054681,0.404614,0.192931,0.001015,0.005062,0.000759,17.12,10,-0.108422,0.775881,0.564860,0.057156,0.156637,0.200711,0.000000,0.078096,0.078096,-0.104440,-0.114660,0.306270,-0.014880,-0.047360,0.038848,FOLLOWER
1786693614592571054,2026-08-14T14:46:54.592587,prediction,0.058429,0.455000,0.197151,0.055799,0.406204,0.192908,True,0.054921,0.411233,0.193670,0.000879,0.005029,0.000762,21.29,10,-0.108422,0.775881,0.564860,0.057156,0.158388,0.198964,0.000000,0.078096,0.080716,-0.128240,-0.110040,0.315151,-0.014304,-0.048864,0.040192,FOLLOWER
1786693614621126975,2026-08-14T14:46:54.621145,prediction,0.058429,0.455000,0.200298,0.055979,0.412174,0.193845,True,0.055235,0.417082,0.194623,0.000744,0.004908,0.000778,18.09,10,-0.105556,0.785386,0.565624,0.058463,0.156637,0.200711,0.000000,0.080716,0.078096,-0.133840,-0.131740,0.306768,-0.014144,-0.046976,0.040800,FOLLOWER
1786693614655317111,2026-08-14T14:46:54.655336,prediction,0.062605,0.449000,0.200227,0.056437,0.417635,0.194778,True,0.055846,0.422353,0.195576,0.000591,0.004719,0.000798,17.03,10,-0.105556,0.785386,0.565624,0.060207,0.156637,0.200711,0.002609,0.080716,0.080716,-0.108780,-0.115920,0.317392,-0.013984,-0.045696,0.038016,FOLLOWER
1786693614690990075,2026-08-14T14:46:54.691009,prediction,0.059672,0.466000,0.200427,0.056764,0.422994,0.195498,True,0.056295,0.427546,0.196292,0.000469,0.004552,0.000794,17.47,10,-0.102875,0.795050,0.566415,0.060207,0.156637,0.200711,0.002609,0.080716,0.080716,-0.108780,-0.115920,0.317392,-0.013984,-0.045696,0.038016,FOLLOWER
1786693614729337627,2026-08-14T14:46:54.729359,prediction,0.059672,0.466000,0.200427,0.057232,0.428599,0.196204,True,0.056878,0.433043,0.196981,0.000354,0.004445,0.000776,20.85,10,-0.102875,0.795050,0.566415,0.060207,0.156637,0.200711,0.002609,0.080716,0.080716,-0.108780,-0.115920,0.317392,-0.013984,-0.045696,0.038016,FOLLOWER
1786693614760395293,2026-08-14T14:46:54.760425,prediction,0.059672,0.466000,0.200427,0.057625,0.433933,0.196918,True,0.057367,0.438267,0.197675,0.000258,0.004334,0.000757,19.73,10,-0.100451,0.804647,0.567227,0.058901,0.161877,0.198525,0.000000,0.078096,0.081158,-0.120540,-0.135100,0.312080,-0.013600,-0.046816,0.034688,FOLLOWER
1786693614788585376,2026-08-14T14:46:54.788600,prediction,0.060704,0.478000,0.200568,0.058143,0.438840,0.197614,True,0.057982,0.443029,0.198348,0.000161,0.004189,0.000734,18.79,10,-0.100451,0.804647,0.567227,0.057156,0.161877,0.200711,0.000000,0.078096,0.081158,-0.139720,-0.126980,0.312910,-0.012928,-0.044256,0.039296,FOLLOWER
1786693614828476692,2026-08-14T14:46:54.828497,prediction,0.059659,0.484000,0.200639,0.058311,0.443661,0.198105,True,0.058187,0.447744,0.198797,0.000124,0.004083,0.000691,20.01,10,-0.098232,0.814432,0.568090,0.057156,0.163184,0.200711,0.000000,0.078096,0.078096,-0.111160,-0.119560,0.308345,-0.012800,-0.049536,0.041184,FOLLOWER
1786693614855907858,2026-08-14T14:46:54.855925,prediction,0.061749,0.472000,0.200498,0.058471,0.448146,0.198581,True,0.058368,0.452109,0.199223,0.000103,0.003964,0.000642,18.82,10,-0.098232,0.814432,0.568090,0.054105,0.166673,0.200711,0.000000,0.078096,0.080716,-0.118020,-0.145040,0.297804,-0.013088,-0.045760,0.037248,FOLLOWER
1786693614897802360,2026-08-14T14:46:54.897833,prediction,0.058613,0.490000,0.200710,0.058488,0.452882,0.199066,True,0.058375,0.456798,0.199663,0.000113,0.003915,0.000597,23.34,10,-0.096272,0.824150,0.568979,0.052354,0.167986,0.198964,0.000000,0.078096,0.078096,-0.122640,-0.153020,0.318305,-0.012800,-0.043264,0.037920,FOLLOWER
1786693614918796574,2026-08-14T14:46:54.918816,prediction,0.058613,0.490000,0.200710,0.058506,0.457670,0.199336,True,0.058370,0.461579,0.199873,0.000136,0.003909,0.000537,16.25,10,-0.096272,0.824150,0.568979,0.052354,0.168424,0.200711,0.002609,0.078096,0.080716,-0.105700,-0.144340,0.314155,-0.012800,-0.049600,0.039968,FOLLOWER
1786693614955211422,2026-08-14T14:46:54.955228,prediction,0.055826,0.506000,0.200898,0.058483,0.462467,0.199607,True,0.058318,0.466389,0.200085,0.000165,0.003922,0.000478,18.32,10,-0.094517,0.833932,0.569902,0.049303,0.169730,0.198964,0.000000,0.080716,0.080716,-0.118720,-0.136360,0.310918,-0.012640,-0.045600,0.038624,FOLLOWER
1786693614987465948,2026-08-14T14:46:54.987483,prediction,0.056697,0.501000,0.200839,0.058585,0.467160,0.199869,True,0.058407,0.471083,0.200296,0.000179,0.003923,0.000426,17.69,10,-0.094517,0.833932,0.569902,0.045814,0.171475,0.201142,0.000000,0.080716,0.080716,-0.114660,-0.135660,0.315566,-0.012480,-0.048032,0.037408,FOLLOWER
1786693615030902159,2026-08-14T14:46:55.030922,prediction,0.055826,0.506000,0.200898,0.058764,0.471779,0.200124,True,0.058584,0.475691,0.200507,0.000180,0.003912,0.000382,24.24,10,-0.092940,0.843837,0.570854,0.044069,0.173219,0.201142,0.000000,0.080716,0.080716,-0.086800,-0.129500,0.324281,-0.012320,-0.050368,0.040704,FOLLOWER
1786693615053566463,2026-08-14T14:46:55.053597,prediction,0.050077,0.539000,0.201286,0.058416,0.475742,0.200400,True,0.058200,0.479587,0.200749,0.000217,0.003845,0.000349,16.73,10,-0.092940,0.843837,0.570854,0.044069,0.173219,0.201142,0.000000,0.080716,0.080716,-0.086800,-0.129500,0.324281,-0.012320,-0.050368,0.040704,FOLLOWER
1786693615089962235,2026-08-14T14:46:55.089992,prediction,0.050948,0.534000,0.198211,0.057917,0.480749,0.200471,True,0.057632,0.484678,0.200778,0.000285,0.003929,0.000308,19.40,10,-0.091560,0.853636,0.571801,0.044069,0.173219,0.201142,0.000000,0.080716,0.080716,-0.086800,-0.129500,0.324281,-0.012320,-0.050368,0.040704,FOLLOWER
1786693615122293125,2026-08-14T14:46:55.122323,prediction,0.053735,0.518000,0.197996,0.057604,0.485963,0.200317,True,0.057271,0.490003,0.200559,0.000334,0.004040,0.000242,16.89,10,-0.091560,0.853636,0.571801,0.044069,0.173219,0.201142,0.000000,0.080716,0.080716,-0.086800,-0.129500,0.324281,-0.012320,-0.050368,0.040704,FOLLOWER
1786693615154884194,2026-08-14T14:46:55.154901,prediction,0.051819,0.529000,0.198143,0.056885,0.490953,0.200178,True,0.056475,0.495087,0.200352,0.000411,0.004134,0.000173,17.65,10,-0.090317,0.863496,0.572747,0.044069,0.173219,0.201142,0.000000,0.080716,0.080716,-0.086800,-0.129500,0.324281,-0.012320,-0.050368,0.040704,FOLLOWER
1786693615187808369,2026-08-14T14:46:55.187824,prediction,0.050948,0.534000,0.195194,0.056304,0.495897,0.199830,True,0.055833,0.500100,0.199917,0.000471,0.004203,0.000087,18.47,10,-0.090317,0.863496,0.572747,0.042318,0.176708,0.202889,0.000000,0.080716,0.078096,-0.101360,-0.160580,0.312246,-0.012320,-0.051200,0.040416,FOLLOWER
1786693615224571963,2026-08-14T14:46:55.224600,prediction,0.049031,0.545000,0.192361,0.055594,0.500513,0.199292,True,0.055059,0.504735,0.199272,0.000535,0.004223,0.000020,17.92,10,-0.089176,0.873373,0.573663,0.027925,0.182817,0.198964,0.000000,0.078096,0.080716,-0.107520,-0.162680,0.320546,-0.012928,-0.045984,0.037696,FOLLOWER
1786693615254192196,2026-08-14T14:46:55.254211,prediction,0.048160,0.550000,0.189455,0.054827,0.505649,0.198560,True,0.054216,0.509952,0.198415,0.000611,0.004303,0.000145,17.44,10,-0.089176,0.873373,0.573663,0.026174,0.184568,0.200711,0.000000,0.080716,0.080716,-0.112420,-0.150640,0.314653,-0.013376,-0.050944,0.039808,FOLLOWER
1786693615290672518,2026-08-14T14:46:55.290698,prediction,0.043277,0.561000,0.186685,0.053665,0.511157,0.197635,True,0.052945,0.515601,0.197349,0.000721,0.004445,0.000286,17.82,10,-0.088099,0.883273,0.574522,0.024429,0.186313,0.200711,0.000000,0.081158,0.081158,-0.112140,-0.154980,0.312744,-0.013984,-0.045376,0.038848,FOLLOWER
1786693615322065524,2026-08-14T14:46:55.322094,prediction,0.040311,0.561000,0.183712,0.052375,0.516685,0.196506,True,0.051544,0.521265,0.196064,0.000831,0.004581,0.000443,18.08,10,-0.088099,0.883273,0.574522,0.021378,0.188057,0.198964,0.000000,0.080716,0.080716,-0.114940,-0.174720,0.315898,-0.014528,-0.046976,0.038688,FOLLOWER
1786693615359536148,2026-08-14T14:46:55.359560,prediction,0.036498,0.566000,0.183821,0.050692,0.522217,0.195394,True,0.049733,0.526925,0.194806,0.000959,0.004708,0.000589,17.64,10,-0.087045,0.893172,0.575289,0.019634,0.186313,0.198525,0.000000,0.078096,0.081158,-0.098560,-0.168000,0.322787,-0.014816,-0.049760,0.039680,FOLLOWER
1786693615387155418,2026-08-14T14:46:55.387172,prediction,0.032702,0.571000,0.180974,0.048965,0.527697,0.194079,True,0.047883,0.532503,0.193343,0.001082,0.004806,0.000736,16.48,10,-0.087045,0.893172,0.575289,0.017889,0.186313,0.200711,0.000000,0.081158,0.081158,-0.089180,-0.152180,0.318969,-0.014880,-0.046528,0.038752,FOLLOWER
1786693615421625490,2026-08-14T14:46:55.421646,prediction,0.024995,0.582000,0.181230,0.046723,0.533113,0.192780,True,0.045485,0.538012,0.191914,0.001238,0.004899,0.000866,17.48,10,-0.085962,0.903154,0.575935,0.016138,0.189364,0.198964,0.000000,0.081158,0.080716,-0.089180,-0.142800,0.319633,-0.015200,-0.043648,0.035360,FOLLOWER
1786693615457305978,2026-08-14T14:46:55.457337,prediction,0.022876,0.577000,0.178168,0.044527,0.538836,0.191265,True,0.043141,0.543848,0.190267,0.001386,0.005012,0.000998,20.25,10,-0.085962,0.903154,0.575935,0.016138,0.189364,0.198964,0.000000,0.081158,0.080716,-0.089180,-0.142800,0.319633,-0.015200,-0.043648,0.035360,FOLLOWER
1786693615490267533,2026-08-14T14:46:55.490297,prediction,0.019131,0.582000,0.178293,0.042022,0.544301,0.189762,True,0.040482,0.549390,0.188646,0.001541,0.005089,0.001115,18.03,10,-0.084818,0.913099,0.576422,0.016138,0.189364,0.198964,0.000000,0.081158,0.080716,-0.089180,-0.142800,0.319633,-0.015200,-0.043648,0.035360,FOLLOWER
1786693615523464181,2026-08-14T14:46:55.523502,prediction,0.014606,0.592000,0.178543,0.039274,0.549447,0.188271,True,0.037581,0.554566,0.187059,0.001694,0.005119,0.001213,18.22,10,-0.084818,0.913099,0.576422,0.014831,0.191108,0.200711,0.000000,0.080716,0.080716,-0.093240,-0.162400,0.316396,-0.015200,-0.044640,0.035456,FOLLOWER
1786693615555831579,2026-08-14T14:46:55.555862,prediction,0.013268,0.582000,0.175356,0.036820,0.554529,0.186543,True,0.035023,0.559636,0.185225,0.001798,0.005106,0.001318,18.16,10,-0.083562,0.922974,0.576721,0.014831,0.191108,0.200711,0.000000,0.080716,0.080716,-0.093240,-0.162400,0.316396,-0.015200,-0.044640,0.035456,FOLLOWER
1786693615590010804,2026-08-14T14:46:55.590030,prediction,0.008775,0.592000,0.175622,0.034009,0.558639,0.185037,True,0.032117,0.563622,0.183641,0.001892,0.004983,0.001396,19.16,10,-0.083562,0.922974,0.576721,0.014831,0.191108,0.200711,0.000000,0.080716,0.080716,-0.093240,-0.162400,0.316396,-0.015200,-0.044640,0.035456,FOLLOWER
1786693615623850731,2026-08-14T14:46:55.623873,prediction,0.002945,0.592000,0.172701,0.030623,0.562555,0.183351,True,0.028598,0.567422,0.181879,0.002025,0.004868,0.001471,18.49,10,-0.082141,0.932895,0.576810,0.014831,0.191108,0.200711,0.000000,0.080716,0.080716,-0.093240,-0.162400,0.316396,-0.015200,-0.044640,0.035456,FOLLOWER
1786693615653665149,2026-08-14T14:46:55.653680,prediction,-0.001482,0.602000,0.172984,0.027069,0.566698,0.181673,True,0.024908,0.571502,0.180136,0.002161,0.004804,0.001537,16.94,10,-0.082141,0.932895,0.576810,0.009598,0.195911,0.198525,0.000000,0.080716,0.078096,-0.110320,-0.162960,0.313491,-0.016704,-0.045600,0.037120,FOLLOWER
1786693615689177190,2026-08-14T14:46:55.689199,prediction,-0.004505,0.622000,0.170678,0.023373,0.571420,0.180039,True,0.021069,0.576255,0.178457,0.002304,0.004836,0.001582,18.03,10,-0.080527,0.942696,0.576676,0.005233,0.198962,0.200711,0.000000,0.081158,0.081158,-0.106820,-0.172340,0.306934,-0.018144,-0.045024,0.037024,FOLLOWER
1786693615896196054,2026-08-14T14:46:55.896215,prediction,-0.008758,0.612000,0.167491,0.019520,0.576524,0.178381,True,0.021069,0.576255,0.178457,0.001549,0.000269,0.000076,0.00,10,-0.075269,0.972294,0.575914,0.004796,0.186313,0.185870,0.000000,0.072857,0.072857,-0.120260,-0.220640,0.300875,-0.021280,-0.046528,0.040960,LEADER
1786693615929524078,2026-08-14T14:46:55.929543,prediction,-0.020263,0.632000,0.153849,0.014958,0.581651,0.176007,True,0.021068,0.576256,0.178456,0.006110,0.005395,0.002449,0.00,10,-0.075269,0.972294,0.575914,0.004796,0.186313,0.185870,0.000000,0.072857,0.072857,-0.120260,-0.220640,0.300875,-0.021280,-0.046528,0.040960,LEADER
1786693615963056256,2026-08-14T14:46:55.963073,prediction,-0.020977,0.637000,0.151202,0.010675,0.587050,0.173642,True,0.021063,0.576264,0.178452,0.010388,0.010786,0.004811,0.00,10,-0.072560,0.981858,0.574876,0.004796,0.186313,0.185870,0.000000,0.072857,0.072857,-0.120260,-0.220640,0.300875,-0.021280,-0.046528,0.040960,LEADER
1786693615996206577,2026-08-14T14:46:55.996226,prediction,-0.020977,0.637000,0.148355,0.006589,0.592183,0.171284,True,0.021049,0.576285,0.178441,0.014460,0.015898,0.007157,0.00,10,-0.072560,0.981858,0.574876,0.004796,0.184568,0.184131,0.000000,0.075477,0.075477,-0.113400,-0.215040,0.308096,-0.021760,-0.045472,0.036736,LEADER
1786693616029360594,2026-08-14T14:46:56.029382,prediction,-0.020977,0.637000,0.142662,0.002757,0.597263,0.168541,True,0.021021,0.576325,0.178420,0.018264,0.020938,0.009879,0.00,10,-0.069856,0.991401,0.573838,0.008285,0.195911,0.197216,0.000000,0.078096,0.078096,-0.077140,-0.231560,0.316562,-0.025216,-0.047584,0.039200,LEADER
1786693616062851465,2026-08-14T14:46:56.062868,prediction,-0.022977,0.651000,0.140489,-0.000955,0.602066,0.165842,True,0.020977,0.576390,0.178386,0.021932,0.025676,0.012544,0.00,10,-0.069856,0.991401,0.573838,0.010029,0.195911,0.196785,0.000000,0.080716,0.078538,-0.078680,-0.222880,0.312246,-0.025504,-0.050048,0.039424,LEADER
1786693616096276171,2026-08-14T14:46:56.096297,prediction,-0.023692,0.656000,0.137915,-0.004200,0.607293,0.162954,True,0.020912,0.576486,0.178335,0.025113,0.030807,0.015381,0.00,10,-0.067144,1.000958,0.572796,0.010029,0.195911,0.196785,0.000000,0.080716,0.078538,-0.078680,-0.222880,0.312246,-0.025504,-0.050048,0.039424,LEADER
1786693616129735332,2026-08-14T14:46:56.129765,prediction,-0.024406,0.661000,0.135357,-0.007353,0.612552,0.160100,True,0.020823,0.576618,0.178266,0.028176,0.035934,0.018166,0.00,10,-0.067144,1.000958,0.572796,0.010029,0.195911,0.196785,0.000000,0.080716,0.078538,-0.078680,-0.222880,0.312246,-0.025504,-0.050048,0.039424,LEADER
1786693616163745268,2026-08-14T14:46:56.163778,prediction,-0.025692,0.670000,0.135819,-0.010341,0.617817,0.157268,True,0.020706,0.576790,0.178175,0.031047,0.041027,0.020907,0.00,10,-0.064413,1.010550,0.571740,0.010029,0.195911,0.196785,0.000000,0.080716,0.078538,-0.078680,-0.222880,0.312246,-0.025504,-0.050048,0.039424,LEADER
1786693616197605093,2026-08-14T14:46:56.197638,prediction,-0.025692,0.670000,0.133027,-0.013027,0.623563,0.154234,True,0.020559,0.577008,0.178060,0.033586,0.046556,0.023827,0.00,10,-0.064413,1.010550,0.571740,0.013087,0.197655,0.200711,0.000000,0.081158,0.081158,-0.100940,-0.234920,0.307930,-0.028160,-0.046528,0.036960,LEADER
1786693616229578350,2026-08-14T14:46:56.229600,prediction,-0.026407,0.675000,0.130509,-0.015672,0.629406,0.151244,True,0.020378,0.577275,0.177920,0.036050,0.052131,0.026675,0.00,10,-0.061676,1.020105,0.570670,0.013087,0.197655,0.198525,0.000000,0.078538,0.080716,-0.112140,-0.224700,0.309009,-0.028384,-0.046304,0.035584,LEADER
1786693616262805354,2026-08-14T14:46:56.262824,prediction,-0.024207,0.679000,0.127951,-0.017871,0.635001,0.148066,True,0.020160,0.577597,0.177750,0.038031,0.057404,0.029684,0.00,10,-0.061676,1.020105,0.570670,0.016138,0.200706,0.200711,0.000000,0.078096,0.078096,-0.114940,-0.231840,0.305938,-0.028960,-0.050432,0.038624,LEADER
1786693616295904839,2026-08-14T14:46:56.295921,prediction,-0.024207,0.679000,0.122397,-0.019681,0.640760,0.144712,True,0.019903,0.577976,0.177551,0.039584,0.062784,0.032838,0.00,10,-0.058906,1.029673,0.569569,0.016576,0.202889,0.198964,0.000000,0.081158,0.081158,-0.102480,-0.264740,0.318969,-0.029568,-0.044256,0.038080,LEADER
1786693616329549218,2026-08-14T14:46:56.329570,prediction,-0.024207,0.679000,0.116842,-0.021196,0.646552,0.140970,True,0.019605,0.578417,0.177318,0.040801,0.068135,0.036349,0.00,10,-0.058906,1.029673,0.569569,0.016576,0.202889,0.198964,0.000000,0.081158,0.081158,-0.102480,-0.264740,0.318969,-0.029568,-0.044256,0.038080,LEADER
1786693616362900246,2026-08-14T14:46:56.362918,prediction,-0.022166,0.684000,0.117157,-0.022374,0.651817,0.137402,True,0.019262,0.578922,0.177052,0.041636,0.072895,0.039651,0.00,10,-0.056113,1.039173,0.568429,0.016576,0.202889,0.198964,0.000000,0.081158,0.081158,-0.102480,-0.264740,0.318969,-0.029568,-0.044256,0.038080,LEADER
1786693616396350841,2026-08-14T14:46:56.396370,prediction,-0.022751,0.688000,0.114647,-0.023306,0.656710,0.133879,True,0.018874,0.579496,0.176750,0.042181,0.077215,0.042872,0.00,10,-0.056113,1.039173,0.568429,0.016576,0.202889,0.198964,0.000000,0.081158,0.081158,-0.102480,-0.264740,0.318969,-0.029568,-0.044256,0.038080,LEADER
1786693616430288001,2026-08-14T14:46:56.430321,prediction,-0.021435,0.679000,0.114065,-0.023385,0.660995,0.131226,True,0.018438,0.580139,0.176411,0.041823,0.080856,0.045185,0.00,10,-0.053251,1.048685,0.567218,0.016576,0.202889,0.198964,0.000000,0.081158,0.081158,-0.102480,-0.264740,0.318969,-0.029568,-0.044256,0.038080,LEADER
1786693616463720943,2026-08-14T14:46:56.463759,prediction,-0.020733,0.693000,0.112216,-0.023368,0.664839,0.128627,True,0.017953,0.580857,0.176034,0.041321,0.083982,0.047406,0.00,10,-0.053251,1.048685,0.567218,0.017889,0.200706,0.198964,0.000000,0.078096,0.080716,-0.103460,-0.250460,0.324779,-0.029440,-0.044800,0.034688,LEADER
1786693616496797785,2026-08-14T14:46:56.496836,prediction,-0.021324,0.697000,0.112481,-0.023392,0.668595,0.126236,True,0.017416,0.581649,0.175616,0.040807,0.086945,0.049381,0.00,10,-0.050305,1.058167,0.565912,0.017889,0.200706,0.198964,0.000000,0.078096,0.080716,-0.103460,-0.250460,0.324779,-0.029440,-0.044800,0.034688,LEADER
1786693616530177206,2026-08-14T14:46:56.530205,prediction,-0.022655,0.706000,0.110345,-0.023503,0.672546,0.124081,True,0.016826,0.582520,0.175158,0.040329,0.090026,0.051077,0.00,10,-0.050305,1.058167,0.565912,0.017889,0.200706,0.198964,0.000000,0.078096,0.080716,-0.103460,-0.250460,0.324779,-0.029440,-0.044800,0.034688,LEADER
1786693616563488389,2026-08-14T14:46:56.563521,prediction,-0.022063,0.702000,0.110073,-0.023442,0.676802,0.122053,True,0.016182,0.583470,0.174657,0.039625,0.093332,0.052604,0.00,10,-0.047256,1.067563,0.564482,0.017889,0.200706,0.198964,0.000000,0.078096,0.080716,-0.103460,-0.250460,0.324779,-0.029440,-0.044800,0.034688,LEADER
1786693616596439415,2026-08-14T14:46:56.596475,prediction,-0.023985,0.715000,0.108239,-0.023462,0.680587,0.120075,True,0.015484,0.584502,0.174114,0.038946,0.096085,0.054039,0.00,10,-0.047256,1.067563,0.564482,0.027925,0.197655,0.200711,0.000000,0.078096,0.080716,-0.102480,-0.262780,0.311914,-0.030016,-0.051552,0.038240,LEADER
1786693616629469158,2026-08-14T14:46:56.629487,prediction,-0.021324,0.697000,0.101492,-0.023256,0.683797,0.117817,True,0.014729,0.585616,0.173527,0.037986,0.098181,0.055710,0.00,10,-0.044040,1.076930,0.562868,0.027487,0.199400,0.200711,0.000000,0.080716,0.080716,-0.089180,-0.260960,0.320214,-0.030016,-0.048768,0.038976,LEADER
1786693616662810898,2026-08-14T14:46:56.662829,prediction,-0.023985,0.715000,0.100086,-0.023143,0.687320,0.115435,True,0.013917,0.586815,0.172896,0.037060,0.100505,0.057461,0.00,10,-0.044040,1.076930,0.562868,0.026174,0.199400,0.200711,0.000000,0.081158,0.081158,-0.102480,-0.280840,0.305357,-0.029728,-0.048992,0.037632,LEADER
1786693616696149112,2026-08-14T14:46:56.696171,prediction,-0.027429,0.720000,0.097749,-0.023258,0.690424,0.113083,True,0.013048,0.588099,0.172220,0.036307,0.102325,0.059137,0.00,10,-0.040644,1.086130,0.561031,0.024867,0.191108,0.191543,0.000000,0.078096,0.078096,-0.104440,-0.312760,0.312578,-0.030016,-0.049088,0.038912,LEADER
1786693616730205806,2026-08-14T14:46:56.730244,prediction,-0.028109,0.706000,0.093950,-0.023372,0.693445,0.110646,True,0.012121,0.589468,0.171499,0.035493,0.103977,0.060853,0.00,10,-0.040644,1.086130,0.561031,0.025742,0.187619,0.185870,0.000000,0.072857,0.072857,-0.102900,-0.314020,0.308345,-0.029728,-0.052224,0.038080,LEADER
1786693616762609423,2026-08-14T14:46:56.762628,prediction,-0.029410,0.715000,0.091933,-0.023719,0.696182,0.108245,True,0.011134,0.590924,0.170732,0.034853,0.105258,0.062487,0.00,10,-0.036972,1.095218,0.558879,0.024429,0.176277,0.178458,0.000000,0.069807,0.072426,-0.114380,-0.290360,0.302286,-0.029728,-0.045472,0.035680,LEADER
1786693616796265253,2026-08-14T14:46:56.796288,prediction,-0.032590,0.737000,0.088319,-0.024278,0.698650,0.105973,True,0.010089,0.592468,0.169919,0.034367,0.106182,0.063946,0.00,10,-0.036972,1.095218,0.558879,0.026174,0.178022,0.174963,0.000000,0.067188,0.070249,-0.115500,-0.314020,0.303863,-0.029952,-0.046816,0.039424,LEADER
1786693616829319132,2026-08-14T14:46:56.829335,prediction,-0.030711,0.724000,0.081837,-0.024711,0.701543,0.103639,True,0.008985,0.594098,0.169061,0.033696,0.107445,0.065422,0.00,10,-0.033261,1.103438,0.556520,0.027925,0.173219,0.174963,0.000000,0.069807,0.070249,-0.092260,-0.308140,0.306602,-0.029664,-0.050272,0.037792,LEADER
1786693616862776270,2026-08-14T14:46:56.862793,prediction,-0.029410,0.715000,0.075627,-0.025194,0.704522,0.100871,True,0.007822,0.595816,0.168156,0.033016,0.108706,0.067286,0.00,10,-0.033261,1.103438,0.556520,0.027925,0.173219,0.174532,0.000000,0.070249,0.067629,-0.097300,-0.304080,0.314321,-0.029952,-0.048928,0.039904,LEADER
1786693616896636866,2026-08-14T14:46:56.896656,prediction,-0.032123,0.715000,0.072909,-0.025819,0.706771,0.098088,True,0.006599,0.597621,0.167206,0.032418,0.109150,0.069117,0.00,10,-0.029763,1.110268,0.554119,0.029669,0.171475,0.172785,0.000000,0.072857,0.072857,-0.121100,-0.288820,0.312993,-0.029664,-0.044640,0.034016,LEADER
1786693616930484026,2026-08-14T14:46:56.930523,prediction,-0.032837,0.720000,0.067946,-0.026579,0.708874,0.095014,True,0.005318,0.599513,0.166209,0.031897,0.109361,0.071196,0.00,10,-0.029763,1.110268,0.554119,0.029669,0.171475,0.172785,0.000000,0.072857,0.072857,-0.121100,-0.288820,0.312993,-0.029664,-0.044640,0.034016,LEADER
1786693616964134958,2026-08-14T14:46:56.964162,prediction,-0.031551,0.711000,0.058924,-0.027300,0.710735,0.091461,True,0.003978,0.601492,0.165167,0.031278,0.109243,0.073706,0.00,10,-0.026387,1.116110,0.551659,0.029669,0.171475,0.172785,0.000000,0.072857,0.072857,-0.121100,-0.288820,0.312993,-0.029664,-0.044640,0.034016,LEADER
1786693616997012796,2026-08-14T14:46:56.997056,prediction,-0.036106,0.724000,0.057512,-0.028286,0.712547,0.087796,True,0.002579,0.603557,0.164080,0.030865,0.108990,0.076284,0.00,10,-0.026387,1.116110,0.551659,0.029669,0.171475,0.172785,0.000000,0.072857,0.072857,-0.121100,-0.288820,0.312993,-0.029664,-0.044640,0.034016,LEADER
1786693617030440257,2026-08-14T14:46:57.030501,prediction,-0.040060,0.733000,0.053045,-0.029446,0.714349,0.083976,True,0.001124,0.605707,0.162948,0.030570,0.108643,0.078972,0.00,10,-0.023185,1.121182,0.549235,0.029669,0.171475,0.172785,0.000000,0.072857,0.072857,-0.121100,-0.288820,0.312993,-0.029664,-0.044640,0.034016,LEADER
1786693617063229609,2026-08-14T14:46:57.063255,prediction,-0.038804,0.724000,0.052107,-0.030562,0.715883,0.080112,True,-0.000389,0.607940,0.161772,0.030173,0.107943,0.081660,0.00,10,-0.023185,1.121182,0.549235,0.030976,0.176708,0.174532,0.000000,0.069807,0.069807,-0.133280,-0.291060,0.303863,-0.029952,-0.044704,0.035744,LEADER
1786693617096841617,2026-08-14T14:46:57.096872,prediction,-0.037547,0.715000,0.051168,-0.031466,0.717150,0.076307,True,-0.001958,0.610258,0.160551,0.029508,0.106892,0.084244,0.00,10,-0.019986,1.126022,0.546770,0.030976,0.184568,0.188056,0.000000,0.075477,0.075477,-0.106260,-0.367220,0.296808,-0.029056,-0.049760,0.036352,LEADER
1786693617130076507,2026-08-14T14:46:57.130107,prediction,-0.040950,0.720000,0.048980,-0.032775,0.718363,0.072806,True,-0.003583,0.612656,0.159288,0.029192,0.105707,0.086482,0.00,10,-0.019986,1.126022,0.546770,0.029231,0.170168,0.167112,0.000000,0.067188,0.067629,-0.104160,-0.400820,0.299049,-0.029056,-0.043808,0.035968,LEADER
1786693617163786379,2026-08-14T14:46:57.163807,prediction,-0.040260,0.715000,0.043015,-0.033860,0.718606,0.069002,True,-0.005262,0.615136,0.157983,0.028598,0.103470,0.088981,0.00,10,-0.016780,1.130790,0.544284,0.029231,0.170168,0.167112,0.000000,0.067188,0.067629,-0.104160,-0.400820,0.299049,-0.029056,-0.043808,0.035968,LEADER
1786693617196200234,2026-08-14T14:46:57.196223,prediction,-0.040260,0.715000,0.040298,-0.034715,0.718655,0.065171,True,-0.006995,0.617694,0.156635,0.027720,0.100960,0.091464,0.00,10,-0.016780,1.130790,0.544284,0.029231,0.170168,0.167112,0.000000,0.067188,0.067629,-0.104160,-0.400820,0.299049,-0.029056,-0.043808,0.035968,LEADER
1786693617229521897,2026-08-14T14:46:57.229543,prediction,-0.044744,0.728000,0.033651,-0.035824,0.718664,0.061151,True,-0.008780,0.620330,0.155247,0.027044,0.098334,0.094096,0.00,10,-0.013510,1.135628,0.541743,0.029231,0.170168,0.167112,0.000000,0.067188,0.067629,-0.104160,-0.400820,0.299049,-0.029056,-0.043808,0.035968,LEADER
1786693617263717112,2026-08-14T14:46:57.263778,prediction,-0.043654,0.720000,0.030014,-0.036774,0.718933,0.057024,True,-0.010616,0.623041,0.153820,0.026158,0.095892,0.096796,0.00,10,-0.013510,1.135628,0.541743,0.029231,0.170168,0.167112,0.000000,0.067188,0.067629,-0.104160,-0.400820,0.299049,-0.029056,-0.043808,0.035968,LEADER
1786693617296984713,2026-08-14T14:46:57.297013,prediction,-0.045146,0.711000,0.026233,-0.037611,0.719253,0.052884,True,-0.012502,0.625826,0.152353,0.025109,0.093427,0.099469,0.00,10,-0.010117,1.140641,0.539105,0.004796,0.024429,0.026179,0.000000,0.008289,0.010898,-0.098140,-0.468020,0.228914,-0.026944,-0.039744,0.030944,LEADER
1786693617329553089,2026-08-14T14:46:57.329580,prediction,-0.046897,0.724000,0.025079,-0.038690,0.719104,0.049101,True,-0.014436,0.628683,0.150849,0.024253,0.090421,0.101748,0.00,10,-0.010117,1.140641,0.539105,0.003051,0.008285,0.003487,0.000000,0.002609,0.000000,-0.111160,-0.477680,0.226839,-0.025600,-0.043136,0.030944,LEADER
1786693617362646352,2026-08-14T14:46:57.362664,prediction,-0.047435,0.728000,0.022866,-0.039892,0.719074,0.045583,True,-0.016418,0.631609,0.149308,0.023473,0.087465,0.103725,0.00,10,-0.006578,1.145868,0.536353,0.000000,0.000000,0.000000,0.000000,0.000000,0.000000,-0.097020,-0.513660,0.150313,-0.024224,-0.035520,0.023392,LEADER
1786693617395965991,2026-08-14T14:46:57.395983,prediction,-0.045685,0.715000,0.021274,-0.040796,0.719548,0.042141,True,-0.018445,0.634602,0.147732,0.022350,0.084946,0.105591,0.00,10,-0.006578,1.145868,0.536353,0.000000,0.000000,0.001740,0.000000,0.000000,0.000000,-0.086800,-0.568120,0.125579,-0.023328,-0.031744,0.019040,LEADER
1786693617430280861,2026-08-14T14:46:57.430315,prediction,-0.045146,0.711000,0.018060,-0.041616,0.719643,0.038815,True,-0.020516,0.637661,0.146121,0.021100,0.081982,0.107306,0.00,10,-0.002901,1.151298,0.533494,0.000000,0.000000,0.000000,0.000000,0.000000,0.000000,-0.083580,-0.598220,0.106987,-0.022880,-0.029504,0.016320,LEADER
1786693617463660562,2026-08-14T14:46:57.463697,prediction,-0.046897,0.724000,0.019673,-0.042639,0.719662,0.036198,True,-0.022630,0.640781,0.144478,0.020010,0.078881,0.108280,0.00,10,-0.002901,1.151298,0.533494,0.000000,0.000000,0.001740,0.000000,0.000000,0.000000,-0.082740,-0.640360,0.082087,-0.022560,-0.026176,0.011360,LEADER
1786693617496235100,2026-08-14T14:46:57.496263,prediction,-0.048397,0.715000,0.015839,-0.043459,0.719399,0.033420,True,-0.024784,0.643962,0.142803,0.018675,0.075437,0.109383,0.00,10,0.000946,1.156979,0.530503,0.000000,0.000000,0.001740,0.000000,0.000000,0.000000,-0.082740,-0.640360,0.082087,-0.022560,-0.026176,0.011360,LEADER
1786693617529523960,2026-08-14T14:46:57.529542,prediction,-0.048397,0.715000,0.015839,-0.044015,0.718867,0.030940,True,-0.026977,0.647200,0.141098,0.017038,0.071667,0.110158,0.00,10,0.000946,1.156979,0.530503,0.000000,0.000000,0.001740,0.000000,0.000000,0.000000,-0.082740,-0.640360,0.082087,-0.022560,-0.026176,0.011360,LEADER
1786693617562896549,2026-08-14T14:46:57.562923,prediction,-0.049062,0.720000,0.016467,-0.044698,0.718280,0.028564,True,-0.029206,0.650493,0.139364,0.015492,0.067787,0.110800,0.00,10,0.004942,1.162880,0.527395,0.000000,0.000000,0.001740,0.000000,0.000000,0.000000,-0.082740,-0.640360,0.082087,-0.022560,-0.026176,0.011360,LEADER
1786693617596013206,2026-08-14T14:46:57.596030,prediction,-0.048397,0.715000,0.013121,-0.045422,0.717683,0.026027,True,-0.031471,0.653837,0.137603,0.013950,0.063846,0.111576,0.00,10,0.004942,1.162880,0.527395,0.000000,0.000000,0.000000,0.000000,0.000000,0.000000,-0.080780,-0.665840,0.074866,-0.022112,-0.025120,0.010592,LEADER
1786693617629737956,2026-08-14T14:46:57.629777,prediction,-0.049594,0.724000,0.016970,-0.045998,0.717563,0.023893,True,-0.033769,0.657230,0.135816,0.012229,0.060333,0.111923,0.00,10,0.009060,1.168960,0.524194,0.000000,0.000000,0.000000,0.000000,0.000000,0.000000,-0.080780,-0.665840,0.074866,-0.022112,-0.025120,0.010592,LEADER
1786693617662935365,2026-08-14T14:46:57.662955,prediction,-0.049594,0.724000,0.016970,-0.046620,0.718019,0.022157,True,-0.036099,0.660670,0.134005,0.010522,0.057350,0.111848,0.00,10,0.009060,1.168960,0.524194,0.000000,0.000000,0.000000,0.000000,0.000000,0.000000,-0.080780,-0.665840,0.074866,-0.022112,-0.025120,0.010592,LEADER
1786693617696276294,2026-08-14T14:46:57.696301,prediction,-0.046668,0.702000,0.014204,-0.047048,0.718591,0.020417,True,-0.038457,0.664152,0.132171,0.008591,0.054439,0.111754,0.00,10,0.013332,1.175268,0.520872,0.000000,0.000000,0.000000,0.000000,0.000000,0.000000,-0.080780,-0.665840,0.074866,-0.022112,-0.025120,0.010592,LEADER
1786693617729462582,2026-08-14T14:46:57.729479,prediction,-0.050126,0.728000,0.017473,-0.047406,0.719185,0.019339,True,-0.040842,0.667674,0.130316,0.006564,0.051511,0.110977,0.00,10,0.013332,1.175268,0.520872,0.000000,0.000000,0.000000,0.000000,0.000000,0.000000,-0.080780,-0.665840,0.074866,-0.022112,-0.025120,0.010592,LEADER
1786693617763188364,2026-08-14T14:46:57.763242,prediction,-0.049594,0.724000,0.016970,-0.047802,0.719517,0.018469,True,-0.043252,0.671233,0.128442,0.004550,0.048284,0.109973,0.00,10,0.017726,1.181756,0.517455,0.000000,0.062390,0.063265,0.000000,0.026614,0.027045,-0.069720,-0.314860,0.293322,-0.016704,-0.042368,0.035584,LEADER
1786693617796601308,2026-08-14T14:46:57.796627,prediction,-0.049594,0.724000,0.016970,-0.048099,0.719797,0.017852,True,-0.045685,0.674826,0.126550,0.002413,0.044971,0.108699,0.00,10,0.017726,1.181756,0.517455,0.000000,0.078534,0.082024,0.000000,0.034903,0.034903,-0.061880,-0.331380,0.301124,-0.016544,-0.042240,0.035232,LEADER
1786693617829466963,2026-08-14T14:46:57.829495,prediction,-0.049062,0.720000,0.019177,-0.048243,0.720066,0.017458,True,-0.048139,0.678449,0.124643,0.000104,0.041617,0.107184,0.00,10,0.022225,1.188400,0.513956,0.000000,0.099919,0.100352,0.000000,0.040573,0.040573,-0.054180,-0.322980,0.296974,-0.016704,-0.044320,0.034400,LEADER
1786693617863706722,2026-08-14T14:46:57.863724,prediction,-0.050126,0.728000,0.020170,-0.048423,0.720120,0.017279,True,-0.050611,0.682099,0.122720,0.002188,0.038021,0.105442,0.00,10,0.022225,1.188400,0.513956,0.000000,0.109517,0.107772,0.000000,0.040573,0.040142,-0.058240,-0.316120,0.308677,-0.016096,-0.044800,0.035904,LEADER
1786693617896233129,2026-08-14T14:46:57.896254,prediction,-0.047200,0.706000,0.020172,-0.048524,0.719917,0.017205,True,-0.053099,0.685773,0.120786,0.004575,0.034145,0.103581,0.00,10,0.026841,1.195215,0.510367,0.000000,0.109517,0.107772,0.000000,0.040573,0.040142,-0.058240,-0.316120,0.308677,-0.016096,-0.044800,0.035904,LEADER
1786693617929512662,2026-08-14T14:46:57.929531,prediction,-0.048397,0.715000,0.021274,-0.048740,0.719877,0.017419,True,-0.055601,0.689467,0.118840,0.006860,0.030410,0.101421,0.00,10,0.026841,1.195215,0.510367,0.000000,0.109517,0.107772,0.000000,0.040573,0.040142,-0.058240,-0.316120,0.308677,-0.016096,-0.044800,0.035904,LEADER
1786693617964153826,2026-08-14T14:46:57.964174,prediction,-0.049062,0.720000,0.024596,-0.048885,0.719869,0.017748,True,-0.058114,0.693179,0.116886,0.009230,0.026690,0.099138,0.00,10,0.031547,1.202164,0.506708,0.000000,0.109517,0.107772,0.000000,0.040573,0.040142,-0.058240,-0.316120,0.308677,-0.016096,-0.044800,0.035904,LEADER
1786693617996165565,2026-08-14T14:46:57.996184,prediction,-0.050584,0.711000,0.023508,-0.049031,0.719867,0.018259,True,-0.060637,0.696904,0.114924,0.011607,0.022963,0.096665,0.00,10,0.031547,1.202164,0.506708,0.000000,0.109517,0.107772,0.000000,0.040573,0.040142,-0.058240,-0.316120,0.308677,-0.016096,-0.044800,0.035904,LEADER
1786693618030086244,2026-08-14T14:46:58.030118,prediction,-0.056022,0.711000,0.023508,-0.049539,0.719653,0.018770,True,-0.063167,0.700639,0.112957,0.013628,0.019014,0.094187,0.00,10,0.036330,1.209227,0.502989,0.000000,0.171475,0.168859,0.000000,0.067629,0.032715,-0.034720,-0.342160,0.317724,-0.016384,-0.047808,0.031744,LEADER
1786693618064633822,2026-08-14T14:46:58.064680,prediction,-0.058741,0.711000,0.023508,-0.050184,0.719397,0.019240,True,-0.065701,0.704382,0.110986,0.015517,0.015016,0.091747,0.00,10,0.036330,1.209227,0.502989,0.000000,0.178022,0.171037,0.000000,0.070249,0.027045,-0.037800,-0.325780,0.319135,-0.015936,-0.050880,0.031520,LEADER
1786693618096717617,2026-08-14T14:46:58.096772,prediction,-0.064179,0.711000,0.026233,-0.051236,0.719133,0.020114,True,-0.068238,0.708128,0.109014,0.017002,0.011005,0.088900,0.00,10,0.041175,1.216382,0.499221,0.000000,0.178022,0.171037,0.000000,0.070249,0.027045,-0.037800,-0.325780,0.319135,-0.015936,-0.050880,0.031520,LEADER
1786693618129463016,2026-08-14T14:46:58.129482,prediction,-0.070097,0.715000,0.026709,-0.052603,0.718600,0.020763,True,-0.070775,0.711873,0.107041,0.018172,0.006727,0.086279,0.00,10,0.041175,1.216382,0.499221,0.000000,0.178022,0.171037,0.000000,0.070249,0.027045,-0.037800,-0.325780,0.319135,-0.015936,-0.050880,0.031520,LEADER
1786693618163944108,2026-08-14T14:46:58.164001,prediction,-0.072809,0.715000,0.026709,-0.054151,0.718013,0.021412,True,-0.073309,0.715616,0.105071,0.019158,0.002398,0.083659,0.00,10,0.046070,1.223610,0.495415,0.000000,0.178022,0.171037,0.000000,0.070249,0.027045,-0.037800,-0.325780,0.319135,-0.015936,-0.050880,0.031520,LEADER
1786693618196749900,2026-08-14T14:46:58.196772,prediction,-0.072336,0.711000,0.028957,-0.055862,0.717416,0.022396,True,-0.075839,0.719351,0.103104,0.019977,0.001935,0.080708,0.00,10,0.046070,1.223610,0.495415,0.000000,0.178022,0.171037,0.000000,0.070249,0.027045,-0.037800,-0.325780,0.319135,-0.015936,-0.050880,0.031520,LEADER
1786693618229591029,2026-08-14T14:46:58.229611,prediction,-0.077774,0.711000,0.028957,-0.057705,0.716603,0.023161,True,-0.078362,0.723076,0.101142,0.020656,0.006473,0.077981,0.00,10,0.051036,1.230942,0.491554,0.000000,0.197655,0.198964,0.000000,0.080716,0.002609,-0.010220,-0.331380,0.324281,-0.016704,-0.050368,0.030560,LEADER
1786693618264340757,2026-08-14T14:46:58.264438,prediction,-0.077774,0.711000,0.031681,-0.059584,0.715747,0.024142,True,-0.080875,0.726788,0.099188,0.021291,0.011040,0.075046,0.00,10,0.051036,1.230942,0.491554,0.000000,0.197655,0.198964,0.000000,0.080716,0.002609,-0.010220,-0.331380,0.324281,-0.016704,-0.050368,0.030560,LEADER
1786693618297395247,2026-08-14T14:46:58.297500,prediction,-0.079475,0.702000,0.030639,-0.061576,0.714883,0.025053,True,-0.083377,0.730482,0.097242,0.021801,0.015599,0.072189,0.00,10,0.056009,1.238285,0.487687,0.000000,0.197655,0.198964,0.000000,0.080716,0.002609,-0.010220,-0.331380,0.324281,-0.016704,-0.050368,0.030560,LEADER
1786693618331867323,2026-08-14T14:46:58.331890,prediction,-0.084217,0.720000,0.032724,-0.063920,0.714017,0.025956,True,-0.085865,0.734156,0.095307,0.021946,0.020140,0.069351,0.00,10,0.056009,1.238285,0.487687,0.000000,0.197655,0.198964,0.000000,0.080716,0.002609,-0.010220,-0.331380,0.324281,-0.016704,-0.050368,0.030560,LEADER
1786693618363227367,2026-08-14T14:46:58.363247,prediction,-0.082655,0.706000,0.031102,-0.066088,0.712883,0.026685,True,-0.088337,0.737806,0.093385,0.022249,0.024923,0.066700,0.00,10,0.060951,1.245583,0.483844,0.000000,0.197655,0.198964,0.000000,0.080716,0.002609,-0.010220,-0.331380,0.324281,-0.016704,-0.050368,0.030560,LEADER
1786693618396550783,2026-08-14T14:46:58.396568,prediction,-0.083659,0.715000,0.032145,-0.068519,0.712390,0.027483,True,-0.090791,0.741429,0.091478,0.022272,0.029039,0.063994,0.00,10,0.060951,1.245583,0.483844,0.000000,0.197655,0.198964,0.000000,0.080716,0.002609,-0.010220,-0.331380,0.324281,-0.016704,-0.050368,0.030560,LEADER
1786693618429219648,2026-08-14T14:46:58.429238,prediction,-0.082655,0.706000,0.031102,-0.070803,0.711811,0.028139,True,-0.093224,0.745022,0.089586,0.022421,0.033210,0.061447,0.00,10,0.065918,1.252917,0.479982,0.000000,0.068936,0.198964,0.000000,0.080716,0.000000,0.011340,-0.519120,0.333245,-0.033024,-0.047360,-0.016096,LEADER
1786693618464144184,2026-08-14T14:46:58.464195,prediction,-0.085932,0.711000,0.031681,-0.073261,0.711482,0.028611,True,-0.095634,0.748581,0.087712,0.022373,0.037099,0.059101,0.00,10,0.065918,1.252917,0.479982,0.000000,0.047120,0.200711,0.000000,0.080716,0.000000,0.019740,-0.536900,0.321376,-0.033792,-0.046208,-0.017376,LEADER
1786693618496055875,2026-08-14T14:46:58.496074,prediction,-0.085932,0.711000,0.031681,-0.075617,0.711203,0.029156,True,-0.098019,0.752103,0.085857,0.022402,0.040900,0.056701,0.00,10,0.070857,1.260211,0.476142,0.000000,0.047120,0.200711,0.000000,0.080716,0.000000,0.019740,-0.536900,0.321376,-0.033792,-0.046208,-0.017376,LEADER
1786693618529832032,2026-08-14T14:46:58.529865,prediction,-0.084942,0.702000,0.030639,-0.077545,0.711147,0.029631,True,-0.100378,0.755585,0.084023,0.022833,0.044438,0.054392,0.00,10,0.070857,1.260211,0.476142,0.000000,0.047120,0.200711,0.000000,0.080716,0.000000,0.019740,-0.536900,0.321376,-0.033792,-0.046208,-0.017376,LEADER
1786693618563622637,2026-08-14T14:46:58.563658,prediction,-0.085382,0.706000,0.031102,-0.079321,0.710870,0.030137,True,-0.102707,0.759025,0.082212,0.023386,0.048155,0.052075,0.00,10,0.075728,1.267403,0.472354,0.000000,0.047120,0.200711,0.000000,0.080716,0.000000,0.019740,-0.536900,0.321376,-0.033792,-0.046208,-0.017376,LEADER
1786693618596174161,2026-08-14T14:46:58.596233,prediction,-0.085382,0.706000,0.031102,-0.080735,0.710547,0.030462,True,-0.105005,0.762418,0.080425,0.024270,0.051871,0.049963,0.00,10,0.075728,1.267403,0.472354,0.000000,0.047120,0.200711,0.000000,0.080716,0.000000,0.019740,-0.536900,0.321376,-0.033792,-0.046208,-0.017376,LEADER
1786693618629628022,2026-08-14T14:46:58.629649,prediction,-0.083953,0.693000,0.029596,-0.081658,0.710216,0.030654,True,-0.107270,0.765762,0.078664,0.025611,0.055546,0.048009,0.00,10,0.080571,1.274554,0.468588,0.000000,0.029669,0.200711,0.000000,0.080716,0.000000,0.015680,-0.521360,0.329593,-0.034560,-0.047104,-0.016384,LEADER
1786693618662771750,2026-08-14T14:46:58.662789,prediction,-0.085932,0.711000,0.028957,-0.082533,0.709670,0.030804,True,-0.109500,0.769055,0.076930,0.026966,0.059385,0.046126,0.00,10,0.080571,1.274554,0.468588,0.000000,0.003489,0.200711,0.000000,0.080716,0.000000,0.021280,-0.773360,0.328597,-0.028736,-0.048032,-0.013984,LEADER
1786693618696034912,2026-08-14T14:46:58.696052,prediction,-0.084942,0.702000,0.027899,-0.083374,0.708867,0.030734,True,-0.111692,0.772293,0.075225,0.028319,0.063426,0.044491,0.00,10,0.085307,1.281547,0.464906,0.000000,0.003489,0.200711,0.000000,0.080716,0.000000,0.026040,-0.749840,0.316562,-0.028736,-0.048864,-0.013472,LEADER
1786693618729450722,2026-08-14T14:46:58.729467,prediction,-0.084393,0.697000,0.027312,-0.083815,0.708227,0.030624,True,-0.113846,0.775474,0.073550,0.030032,0.067247,0.042926,0.00,10,0.085307,1.281547,0.464906,0.000000,0.001307,0.202889,0.000000,0.078096,0.000000,0.026600,-0.752640,0.313491,-0.028736,-0.051264,-0.014208,LEADER
1786693618762935912,2026-08-14T14:46:58.762962,prediction,-0.086921,0.720000,0.030014,-0.084425,0.707619,0.030513,True,-0.115960,0.778594,0.071907,0.031535,0.070976,0.041394,0.00,10,0.089952,1.288407,0.461294,0.000000,0.000000,0.200711,0.000000,0.078538,0.002609,0.025060,-0.777700,0.321210,-0.029056,-0.050496,-0.013536,LEADER
1786693618796615898,2026-08-14T14:46:58.796644,prediction,-0.084393,0.697000,0.027312,-0.084752,0.706750,0.030291,True,-0.118031,0.781653,0.070296,0.033278,0.074902,0.040005,0.00,10,0.089952,1.288407,0.461294,0.000000,0.000000,0.198964,0.000000,0.078096,0.000000,0.026320,-0.773360,0.337229,-0.029056,-0.047872,-0.012928,LEADER
1786693618829149118,2026-08-14T14:46:58.829165,prediction,-0.087135,0.697000,0.027312,-0.084947,0.705830,0.029930,True,-0.120058,0.784646,0.068720,0.035111,0.078816,0.038790,0.00,10,0.094662,1.294468,0.457631,0.000000,0.000000,0.198964,0.000000,0.078096,0.000000,0.029680,-0.770000,0.334822,-0.029056,-0.053664,-0.012640,LEADER
1786693618862805730,2026-08-14T14:46:58.862823,prediction,-0.087676,0.702000,0.025160,-0.085282,0.705166,0.029534,True,-0.122040,0.787572,0.067179,0.036758,0.082406,0.037645,0.00,10,0.094662,1.294468,0.457631,0.000000,0.000000,0.201142,0.000000,0.080716,0.000000,0.028140,-0.771260,0.321376,-0.029056,-0.050208,-0.011264,LEADER
1786693618896140467,2026-08-14T14:46:58.896158,prediction,-0.088651,0.711000,0.026233,-0.085615,0.704340,0.029140,True,-0.123974,0.790429,0.065675,0.038360,0.086089,0.036535,0.00,10,0.099664,1.298336,0.453742,0.000000,0.000000,0.198964,0.000000,0.081158,0.000000,0.029400,-0.774060,0.331834,-0.029056,-0.047712,-0.010080,LEADER
1786693618929377661,2026-08-14T14:46:58.929395,prediction,-0.088651,0.711000,0.026233,-0.086014,0.704441,0.028816,True,-0.125860,0.793214,0.064208,0.039846,0.088772,0.035393,0.00,10,0.099664,1.298336,0.453742,0.000000,0.000000,0.201142,0.000000,0.078538,0.002609,0.028700,-0.772520,0.331834,-0.029056,-0.051648,-0.009536,LEADER
1786693618963133379,2026-08-14T14:46:58.963149,prediction,-0.088109,0.706000,0.025637,-0.086160,0.704462,0.028413,True,-0.127696,0.795925,0.062781,0.041537,0.091463,0.034368,0.00,10,0.104619,1.299992,0.449889,0.000000,0.000000,0.200711,0.000000,0.078096,0.002609,0.029400,-0.771820,0.325360,-0.029344,-0.052000,-0.010816,LEADER
1786693618996503693,2026-08-14T14:46:58.996521,prediction,-0.088917,0.688000,0.023492,-0.086359,0.704199,0.027867,True,-0.129481,0.798561,0.061393,0.043123,0.094362,0.033526,0.00,10,0.104619,1.299992,0.449889,0.000000,0.000000,0.200711,0.000000,0.078096,0.002609,0.029400,-0.771820,0.325360,-0.029344,-0.052000,-0.010816,LEADER
1786693619029516736,2026-08-14T14:46:59.029545,prediction,-0.090410,0.702000,0.025160,-0.086723,0.703667,0.027501,True,-0.131214,0.801119,0.060045,0.044491,0.097453,0.032544,0.00,10,0.109206,1.299998,0.446323,0.000000,0.000000,0.200711,0.000000,0.078096,0.002609,0.029400,-0.771820,0.325360,-0.029344,-0.052000,-0.010816,LEADER
1786693619063598006,2026-08-14T14:46:59.063635,prediction,-0.088491,0.684000,0.023016,-0.086930,0.702600,0.026962,True,-0.132893,0.803599,0.058740,0.045963,0.100999,0.031777,0.00,10,0.109206,1.299998,0.446323,0.000000,0.000000,0.200711,0.000000,0.078096,0.002609,0.029400,-0.771820,0.325360,-0.029344,-0.052000,-0.010816,LEADER
1786693619098250551,2026-08-14T14:46:59.098305,prediction,-0.089877,0.697000,0.024565,-0.087230,0.701907,0.026527,True,-0.134518,0.805998,0.057476,0.047288,0.104091,0.030950,0.00,10,0.113160,1.300000,0.443248,0.000000,0.000000,0.200711,0.000000,0.080716,0.000000,0.031920,-0.767760,0.342541,-0.029344,-0.046592,-0.006976,LEADER
1786693619129423073,2026-08-14T14:46:59.129442,prediction,-0.088917,0.688000,0.023492,-0.087561,0.700808,0.026120,True,-0.136087,0.808315,0.056256,0.048526,0.107507,0.030137,0.00,10,0.113160,1.300000,0.443248,0.000000,0.000000,0.198964,0.000000,0.080716,0.000000,0.031220,-0.767200,0.336980,-0.029344,-0.047360,-0.006528,LEADER
1786693619164637865,2026-08-14T14:46:59.164688,prediction,-0.088491,0.684000,0.023016,-0.087732,0.699628,0.025724,True,-0.137600,0.810549,0.055080,0.049868,0.110920,0.029356,0.00,10,0.116847,1.300000,0.440381,0.000000,0.000000,0.198964,0.000000,0.080716,0.000000,0.031220,-0.767200,0.336980,-0.029344,-0.047360,-0.006528,LEADER
1786693619197158401,2026-08-14T14:46:59.197224,prediction,-0.089877,0.697000,0.024565,-0.088061,0.698646,0.025501,True,-0.139056,0.812698,0.053948,0.050995,0.114053,0.028447,0.00,10,0.116847,1.300000,0.440381,0.000000,0.000000,0.198964,0.000000,0.080716,0.000000,0.031220,-0.767200,0.336980,-0.029344,-0.047360,-0.006528,LEADER
1786693619230628322,2026-08-14T14:46:59.230687,prediction,-0.089877,0.697000,0.027312,-0.088426,0.698183,0.025501,True,-0.140454,0.814763,0.052861,0.052028,0.116580,0.027359,0.00,10,0.120178,1.300000,0.437790,0.000000,0.000000,0.198964,0.000000,0.080716,0.000000,0.031220,-0.767200,0.336980,-0.029344,-0.047360,-0.006528,LEADER
1786693619262893338,2026-08-14T14:46:59.262913,prediction,-0.089877,0.697000,0.027312,-0.088623,0.697823,0.025321,True,-0.141794,0.816742,0.051819,0.053171,0.118918,0.026498,0.00,10,0.120178,1.300000,0.437790,0.000000,0.000000,0.198964,0.000000,0.080716,0.000000,0.031220,-0.767200,0.336980,-0.029344,-0.047360,-0.006528,LEADER
1786693619296260025,2026-08-14T14:46:59.296281,prediction,-0.090410,0.702000,0.030639,-0.089024,0.697751,0.025543,True,-0.143075,0.818634,0.050822,0.054051,0.120882,0.025279,0.00,10,0.123158,1.300000,0.435473,0.000000,0.000000,0.198964,0.000000,0.078096,0.000000,0.031920,-0.761040,0.346857,-0.029664,-0.051712,-0.005184,LEADER
1786693619329467312,2026-08-14T14:46:59.329486,prediction,-0.089877,0.697000,0.032807,-0.089207,0.697737,0.025909,True,-0.144298,0.820439,0.049872,0.055091,0.122702,0.023963,0.00,10,0.123158,1.300000,0.435473,0.000000,0.000000,0.200711,0.000000,0.081158,0.000000,0.033040,-0.762860,0.347687,-0.029952,-0.047808,-0.005024,LEADER
1786693619363464054,2026-08-14T14:46:59.363513,prediction,-0.091370,0.711000,0.037130,-0.089453,0.698001,0.026707,True,-0.145461,0.822157,0.048967,0.056008,0.124156,0.022260,0.00,10,0.125844,1.300000,0.433385,0.000000,0.000000,0.198964,0.000000,0.078538,0.000000,0.034020,-0.761040,0.351505,-0.029952,-0.047648,-0.006144,LEADER
1786693619396260739,2026-08-14T14:46:59.396279,prediction,-0.091370,0.711000,0.039854,-0.089635,0.698534,0.027615,True,-0.146566,0.823787,0.048108,0.056931,0.125254,0.020493,0.00,10,0.125844,1.300000,0.433385,0.000000,0.000000,0.200711,0.000000,0.080716,0.000000,0.033040,-0.759080,0.347023,-0.029952,-0.052320,-0.005856,LEADER
1786693619429568205,2026-08-14T14:46:59.429592,prediction,-0.092329,0.720000,0.043561,-0.089880,0.698640,0.028770,True,-0.147611,0.825331,0.047296,0.057731,0.126691,0.018525,0.00,10,0.128258,1.300000,0.431508,0.000000,0.000000,0.200711,0.000000,0.080716,0.000000,0.034020,-0.761040,0.341877,-0.029952,-0.048096,-0.006144,LEADER
1786693619462906078,2026-08-14T14:46:59.462926,prediction,-0.092329,0.720000,0.046271,-0.090161,0.699141,0.030146,True,-0.148597,0.826787,0.046529,0.058436,0.127646,0.016383,0.00,10,0.128258,1.300000,0.431508,0.000000,0.000000,0.200711,0.000000,0.080716,0.000000,0.034020,-0.761040,0.341877,-0.029952,-0.048096,-0.006144,LEADER
1786693619496312260,2026-08-14T14:46:59.496334,prediction,-0.091796,0.715000,0.051168,-0.090353,0.699988,0.031991,True,-0.149524,0.828157,0.045808,0.059171,0.128168,0.013817,0.00,10,0.130369,1.300000,0.429866,0.000000,0.000000,0.200711,0.000000,0.080716,0.000000,0.034020,-0.761040,0.341877,-0.029952,-0.048096,-0.006144,LEADER
1786693619529226837,2026-08-14T14:46:59.529241,prediction,-0.092756,0.724000,0.057512,-0.090510,0.701118,0.034148,True,-0.150394,0.829440,0.045132,0.059884,0.128322,0.010984,0.00,10,0.130369,1.300000,0.429866,0.000000,0.000000,0.200711,0.000000,0.080716,0.000000,0.033040,-0.759080,0.349264,-0.029952,-0.045824,-0.004864,LEADER
1786693619562994447,2026-08-14T14:46:59.563014,prediction,-0.089625,0.720000,0.062527,-0.090585,0.703050,0.036782,True,-0.151205,0.830639,0.044501,0.060620,0.127588,0.007719,0.00,10,0.132195,1.300000,0.428447,0.000000,0.000000,0.198964,0.000000,0.080716,0.000000,0.032480,-0.755160,0.352003,-0.030240,-0.047872,-0.003680,LEADER
1786693619596129910,2026-08-14T14:46:59.596148,prediction,-0.090058,0.724000,0.068323,-0.090597,0.704877,0.039699,True,-0.151960,0.831753,0.043914,0.061363,0.126876,0.004215,0.00,10,0.132195,1.300000,0.428447,0.000000,0.000000,0.198964,0.000000,0.078096,0.000000,0.031920,-0.753480,0.343039,-0.030240,-0.049824,-0.003840,LEADER
1786693619629423309,2026-08-14T14:46:59.629449,prediction,-0.090491,0.728000,0.074093,-0.090702,0.707162,0.043073,True,-0.152659,0.832785,0.043370,0.061957,0.125623,0.000298,0.00,10,0.133755,1.300000,0.427233,0.000000,0.000000,0.201142,0.000000,0.080716,0.000000,0.032760,-0.751100,0.348019,-0.030560,-0.048768,-0.004800,LEADER
1786693619662845561,2026-08-14T14:46:59.662863,prediction,-0.090058,0.724000,0.079135,-0.090807,0.709539,0.046814,True,-0.153302,0.833735,0.042870,0.062496,0.124196,0.003944,0.00,10,0.133755,1.300000,0.427233,0.000000,0.000000,0.200711,0.000000,0.080716,0.000000,0.031920,-0.750120,0.347521,-0.030560,-0.046880,-0.004640,LEADER
1786693619696660000,2026-08-14T14:46:59.696689,prediction,-0.087360,0.724000,0.081837,-0.090639,0.711935,0.050632,True,-0.153892,0.834606,0.042412,0.063253,0.122671,0.008220,0.00,10,0.135050,1.300000,0.426227,0.000000,0.000000,0.200711,0.000000,0.078096,0.000000,0.031220,-0.751380,0.341462,-0.030560,-0.048320,-0.003232,LEADER
1786693619729531025,2026-08-14T14:46:59.729548,prediction,-0.084663,0.724000,0.084540,-0.090291,0.713854,0.054447,True,-0.154429,0.835398,0.041994,0.064137,0.121545,0.012453,0.00,10,0.135050,1.300000,0.426227,0.000000,0.000000,0.200711,0.000000,0.078096,0.000000,0.031220,-0.751380,0.341462,-0.030560,-0.048320,-0.003232,LEADER
1786693619763010113,2026-08-14T14:46:59.763031,prediction,-0.084663,0.724000,0.087243,-0.089944,0.715677,0.058443,True,-0.154914,0.836116,0.041617,0.064971,0.120438,0.016826,0.00,10,0.136088,1.300000,0.425419,0.000000,0.000000,0.200711,0.000000,0.078096,0.000000,0.031220,-0.751380,0.341462,-0.030560,-0.048320,-0.003232,LEADER
1786693619796240454,2026-08-14T14:46:59.796258,prediction,-0.084663,0.724000,0.089946,-0.089560,0.717482,0.062396,True,-0.155350,0.836759,0.041277,0.065790,0.119277,0.021119,0.00,10,0.136088,1.300000,0.425419,0.000000,0.000000,0.200711,0.000000,0.078096,0.000000,0.031220,-0.751380,0.341462,-0.030560,-0.048320,-0.003232,LEADER
1786693619829239279,2026-08-14T14:46:59.829255,prediction,-0.086113,0.737000,0.091001,-0.089310,0.719283,0.066276,True,-0.155739,0.837333,0.040976,0.066429,0.118050,0.025301,0.00,10,0.136910,1.300000,0.424781,0.000000,0.000000,0.198964,0.000000,0.078538,0.000000,0.029960,-0.746480,0.342043,-0.030944,-0.053216,-0.003680,LEADER
1786693619862749727,2026-08-14T14:46:59.862768,prediction,-0.085667,0.733000,0.093364,-0.088929,0.721297,0.070025,True,-0.156081,0.837838,0.040709,0.067152,0.116541,0.029316,0.00,10,0.136910,1.300000,0.424781,0.000000,0.000000,0.201142,0.000000,0.080716,0.000000,0.029960,-0.743680,0.356236,-0.030848,-0.046592,-0.003232,LEADER
1786693619896252921,2026-08-14T14:46:59.896280,prediction,-0.086113,0.737000,0.093682,-0.088579,0.723086,0.073614,True,-0.156379,0.838279,0.040477,0.067800,0.115193,0.033136,0.00,10,0.137501,1.300000,0.424321,0.000000,0.000000,0.200711,0.000000,0.080716,0.000000,0.029400,-0.744240,0.355904,-0.031232,-0.046880,-0.003072,LEADER
1786693619929221740,2026-08-14T14:46:59.929237,prediction,-0.082984,0.733000,0.096052,-0.087956,0.724617,0.077113,True,-0.156636,0.838658,0.040278,0.068680,0.114041,0.036835,0.00,10,0.137501,1.300000,0.424321,0.000000,0.000000,0.198964,0.000000,0.080716,0.000000,0.030380,-0.743260,0.355074,-0.031232,-0.051264,-0.004352,LEADER
1786693619963441701,2026-08-14T14:46:59.963459,prediction,-0.080761,0.737000,0.101726,-0.087185,0.725830,0.080810,True,-0.156854,0.838980,0.040108,0.069669,0.113149,0.040702,0.00,10,0.137565,1.300000,0.424271,0.000000,0.000000,0.200711,0.000000,0.078096,0.000000,0.029680,-0.742700,0.353663,-0.031232,-0.050496,-0.004352,LEADER
1786693619998858142,2026-08-14T14:46:59.998873,prediction,-0.080761,0.737000,0.101726,-0.086449,0.726979,0.084180,True,-0.157035,0.839247,0.039967,0.070586,0.112268,0.044213,0.00,10,0.137565,1.300000,0.424271,0.000000,0.000000,0.198964,0.000000,0.078096,0.000000,0.029680,-0.740180,0.367939,-0.031520,-0.046816,-0.004064,LEADER
1786693620029300881,2026-08-14T14:47:00.029321,prediction,-0.078085,0.737000,0.101726,-0.085471,0.728116,0.087128,True,-0.157183,0.839465,0.039853,0.071712,0.111349,0.047275,0.00,10,0.138748,1.300000,0.423351,0.000000,0.000000,0.200711,0.000000,0.078096,0.000000,0.028140,-0.739340,0.354078,-0.031520,-0.047936,-0.003232,LEADER
1786693620062890788,2026-08-14T14:47:00.062910,prediction,-0.078551,0.741000,0.104699,-0.084733,0.729250,0.089940,True,-0.157299,0.839637,0.039762,0.072567,0.110387,0.050178,0.00,10,0.138748,1.300000,0.423351,0.000000,0.000000,0.200711,0.000000,0.078096,0.000000,0.028140,-0.739340,0.354078,-0.031520,-0.047936,-0.003232,LEADER
1786693620097179970,2026-08-14T14:47:00.097238,prediction,-0.078085,0.737000,0.107089,-0.083934,0.730170,0.092524,True,-0.157388,0.839769,0.039693,0.073454,0.109599,0.052831,0.00,10,0.138163,1.300000,0.423806,0.000000,0.000000,0.200711,0.000000,0.078096,0.000000,0.028140,-0.739340,0.354078,-0.031520,-0.047936,-0.003232,LEADER
1786693620130018894,2026-08-14T14:47:00.130055,prediction,-0.075409,0.737000,0.109770,-0.082929,0.731047,0.094902,True,-0.157453,0.839865,0.039642,0.074524,0.108817,0.055260,0.00,10,0.138163,1.300000,0.423806,0.000000,0.000000,0.200711,0.000000,0.078096,0.000000,0.028140,-0.739340,0.354078,-0.031520,-0.047936,-0.003232,LEADER
1786693620163111847,2026-08-14T14:47:00.163140,prediction,-0.075881,0.741000,0.112723,-0.081984,0.731916,0.097142,True,-0.157498,0.839930,0.039608,0.075514,0.108014,0.057534,0.00,10,0.139034,1.300000,0.423129,0.000000,0.000000,0.200711,0.000000,0.078096,0.000000,0.028140,-0.739340,0.354078,-0.031520,-0.047936,-0.003232,LEADER
1786693620196304266,2026-08-14T14:47:00.196327,prediction,-0.075881,0.741000,0.112723,-0.081219,0.732997,0.099201,True,-0.157525,0.839970,0.039587,0.076306,0.106973,0.059614,0.00,10,0.139034,1.300000,0.423129,0.000000,0.000000,0.198964,0.000000,0.078538,0.000000,0.028700,-0.739340,0.372421,-0.031840,-0.050368,-0.004064,LEADER
1786693620230099740,2026-08-14T14:47:00.230129,prediction,-0.075409,0.737000,0.115132,-0.080602,0.734119,0.101240,True,-0.157539,0.839991,0.039576,0.076937,0.105872,0.061664,0.00,10,0.138148,1.300000,0.423818,0.000000,0.000000,0.200711,0.000000,0.080716,0.000000,0.026320,-0.733040,0.360552,-0.032448,-0.047648,-0.003744,LEADER
1786693620263528854,2026-08-14T14:47:00.263565,prediction,-0.073212,0.741000,0.118072,-0.079838,0.735251,0.103295,True,-0.157544,0.839999,0.039572,0.077706,0.104748,0.063724,0.00,10,0.138148,1.300000,0.423818,0.000000,0.000000,0.200711,0.000000,0.080716,0.000000,0.026320,-0.733040,0.360552,-0.032448,-0.047648,-0.003744,LEADER
1786693620296687500,2026-08-14T14:47:00.296718,prediction,-0.073212,0.741000,0.118072,-0.079075,0.736384,0.105170,True,-0.157545,0.840000,0.039571,0.078470,0.103616,0.065599,0.00,10,0.139024,1.300000,0.423136,0.000000,0.000000,0.200711,0.000000,0.080716,0.000000,0.026320,-0.733040,0.360552,-0.032448,-0.047648,-0.003744,LEADER
1786693620329758391,2026-08-14T14:47:00.329801,prediction,-0.073212,0.741000,0.120747,-0.078215,0.737517,0.107154,True,-0.157545,0.840000,0.039571,0.079330,0.102483,0.067583,0.00,10,0.139024,1.300000,0.423136,0.000000,0.000000,0.200711,0.000000,0.080716,0.000000,0.026320,-0.733040,0.360552,-0.032448,-0.047648,-0.003744,LEADER
1786693620362972692,2026-08-14T14:47:00.363010,prediction,-0.073691,0.745000,0.120999,-0.077416,0.738170,0.108996,True,-0.157545,0.840000,0.039571,0.080129,0.101830,0.069425,0.00,10,0.138155,1.300000,0.423812,0.000000,0.000000,0.200711,0.000000,0.080716,0.000000,0.025060,-0.733040,0.361963,-0.032576,-0.045472,-0.002784,LEADER
1786693620396318510,2026-08-14T14:47:00.396373,prediction,-0.073212,0.741000,0.123422,-0.076556,0.738514,0.110979,True,-0.157545,0.840000,0.039571,0.080989,0.101486,0.071408,0.00,10,0.138155,1.300000,0.423812,0.000000,0.000000,0.200711,0.000000,0.080716,0.000000,0.024360,-0.729120,0.367607,-0.033632,-0.051200,-0.003520,LEADER
1786693620429859975,2026-08-14T14:47:00.429887,prediction,-0.074290,0.750000,0.123974,-0.075977,0.739223,0.112840,True,-0.157545,0.840000,0.039571,0.081568,0.100777,0.073269,0.00,10,0.139039,1.300000,0.423125,0.000000,0.000000,0.198525,0.000000,0.080716,0.000000,0.025620,-0.706720,0.367607,-0.033632,-0.046752,-0.003904,LEADER
1786693620462732593,2026-08-14T14:47:00.462752,prediction,-0.071635,0.750000,0.129293,-0.075368,0.740058,0.114678,True,-0.157545,0.840000,0.039571,0.082177,0.099942,0.075107,0.00,10,0.139039,1.300000,0.423125,0.000000,0.000000,0.198964,0.000000,0.078096,0.000000,0.026320,-0.699580,0.360552,-0.033632,-0.046752,-0.003904,LEADER
1786693620498462414,2026-08-14T14:47:00.498519,prediction,-0.070542,0.741000,0.131446,-0.074687,0.740918,0.116659,True,-0.157545,0.840000,0.039571,0.082858,0.099082,0.077088,0.00,10,0.138167,1.300000,0.423803,0.001744,0.000000,0.193291,0.000000,0.075477,0.000000,0.024080,-0.710780,0.366943,-0.033952,-0.049824,-0.003296,LEADER
1786693620529499491,2026-08-14T14:47:00.529517,prediction,-0.071028,0.745000,0.134339,-0.074216,0.741517,0.118833,True,-0.157545,0.840000,0.039571,0.083329,0.098483,0.079262,0.00,10,0.138167,1.300000,0.423803,0.001744,0.000000,0.191543,0.000000,0.078096,0.000000,0.023240,-0.711060,0.367607,-0.034080,-0.044192,-0.002304,LEADER
1786693620562858153,2026-08-14T14:47:00.562878,prediction,-0.072121,0.754000,0.137485,-0.073788,0.742063,0.121019,True,-0.157545,0.840000,0.039571,0.083757,0.097937,0.081448,0.00,10,0.139056,1.300000,0.423112,0.000000,0.000000,0.189365,0.000000,0.075477,0.000000,0.023520,-0.712880,0.368271,-0.034240,-0.044864,-0.003008,LEADER
1786693620596035463,2026-08-14T14:47:00.596054,prediction,-0.067872,0.741000,0.139470,-0.073107,0.742599,0.123178,True,-0.157545,0.840000,0.039571,0.084438,0.097401,0.083607,0.00,10,0.139056,1.300000,0.423112,0.001744,0.000000,0.189365,0.000000,0.072426,0.000000,0.021980,-0.711060,0.375907,-0.034560,-0.048928,-0.002624,LEADER
1786693620629118287,2026-08-14T14:47:00.629132,prediction,-0.065203,0.741000,0.142145,-0.072427,0.742920,0.125336,True,-0.157545,0.840000,0.039571,0.085118,0.097080,0.085765,0.00,10,0.138194,1.300000,0.423782,0.000000,0.000000,0.189365,0.000000,0.078096,0.000000,0.022820,-0.710500,0.370014,-0.034848,-0.043872,-0.002912,LEADER
1786693620662812299,2026-08-14T14:47:00.662833,prediction,-0.065203,0.741000,0.144819,-0.071715,0.743197,0.127476,True,-0.157545,0.840000,0.039571,0.085830,0.096803,0.087905,0.00,10,0.138194,1.300000,0.423782,0.001744,0.000000,0.189365,0.000000,0.075477,0.000000,0.022820,-0.712320,0.367441,-0.035008,-0.044096,-0.003232,LEADER
1786693620695846602,2026-08-14T14:47:00.695860,prediction,-0.063039,0.745000,0.147680,-0.070859,0.743253,0.129806,True,-0.157545,0.840000,0.039571,0.086686,0.096747,0.090235,0.00,10,0.139082,1.300000,0.423092,0.000000,0.000000,0.193729,0.000000,0.075477,0.000000,0.021000,-0.736540,0.378148,-0.036640,-0.045024,-0.003296,LEADER
1786693620729589947,2026-08-14T14:47:00.729613,prediction,-0.063039,0.745000,0.147680,-0.070034,0.743477,0.131976,True,-0.157545,0.840000,0.039571,0.087511,0.096523,0.092405,0.00,10,0.139082,1.300000,0.423092,0.000000,0.000000,0.195038,0.000000,0.078096,0.000000,0.019460,-0.731780,0.370014,-0.036640,-0.047584,-0.002784,LEADER
1786693620763330757,2026-08-14T14:47:00.763363,prediction,-0.062533,0.741000,0.150169,-0.069322,0.743735,0.134116,True,-0.157545,0.840000,0.039571,0.088223,0.096265,0.094545,0.00,10,0.138213,1.300000,0.423767,0.000000,0.000000,0.198964,0.000000,0.080716,0.000000,0.019460,-0.720440,0.368520,-0.036640,-0.043744,-0.002912,LEADER
1786693620796049777,2026-08-14T14:47:00.796063,prediction,-0.059864,0.741000,0.152843,-0.068432,0.743787,0.136434,True,-0.157545,0.840000,0.039571,0.089113,0.096213,0.096863,0.00,10,0.138213,1.300000,0.423767,0.000000,0.000000,0.200711,0.000000,0.080716,0.000000,0.019460,-0.722260,0.373666,-0.036640,-0.043200,-0.003520,LEADER
1786693620830143220,2026-08-14T14:47:00.830186,prediction,-0.061016,0.750000,0.155892,-0.067619,0.743797,0.138777,True,-0.157545,0.840000,0.039571,0.089926,0.096203,0.099206,0.00,10,0.139086,1.300000,0.423088,0.000000,0.000000,0.198964,0.000000,0.078096,0.000000,0.018900,-0.722260,0.380306,-0.036640,-0.048096,-0.003456,LEADER
1786693620862429015,2026-08-14T14:47:00.862442,prediction,-0.056157,0.733000,0.157874,-0.066450,0.743800,0.141235,True,-0.157545,0.840000,0.039571,0.091095,0.096200,0.101664,0.00,10,0.139086,1.300000,0.423088,0.000000,0.000000,0.200711,0.000000,0.080716,0.000000,0.018200,-0.719740,0.377982,-0.037120,-0.043136,-0.002624,LEADER
1786693620896461304,2026-08-14T14:47:00.896494,prediction,-0.057194,0.741000,0.160868,-0.065382,0.743800,0.143732,True,-0.157545,0.840000,0.039571,0.092163,0.096200,0.104161,0.00,10,0.138189,1.300000,0.423786,0.000000,0.000000,0.198964,0.000000,0.081158,0.000000,0.018200,-0.721560,0.376571,-0.037248,-0.048032,-0.003456,LEADER
1786693620929729215,2026-08-14T14:47:00.929747,prediction,-0.058362,0.750000,0.163871,-0.064321,0.743587,0.146392,True,-0.157545,0.840000,0.039571,0.093224,0.096413,0.106821,0.00,10,0.138189,1.300000,0.423786,0.000000,0.000000,0.198964,0.000000,0.078096,0.000000,0.017640,-0.718760,0.370927,-0.037568,-0.049152,-0.002784,LEADER
1786693620963036260,2026-08-14T14:47:00.963052,prediction,-0.057713,0.745000,0.163688,-0.063392,0.743277,0.148685,True,-0.157545,0.840000,0.039571,0.094153,0.096723,0.109114,0.00,10,0.139042,1.300000,0.423123,0.000000,0.000000,0.198964,0.000000,0.081158,0.000000,0.016940,-0.720720,0.376571,-0.037856,-0.047648,-0.002912,LEADER
1786693620996218390,2026-08-14T14:47:00.996234,prediction,-0.057194,0.741000,0.166217,-0.062503,0.742949,0.151003,True,-0.157545,0.840000,0.039571,0.095042,0.097051,0.111432,0.00,10,0.139042,1.300000,0.423123,0.000000,0.000000,0.198964,0.000000,0.081158,0.000000,0.017920,-0.720020,0.378314,-0.038016,-0.044544,-0.003456,LEADER
1786693621030082953,2026-08-14T14:47:01.030112,prediction,-0.055050,0.745000,0.169025,-0.061437,0.742883,0.153315,True,-0.157545,0.840000,0.039571,0.096108,0.097117,0.113744,0.00,10,0.138146,1.300000,0.423819,0.000000,0.000000,0.200711,0.000000,0.078096,0.000000,0.016380,-0.718760,0.370180,-0.038144,-0.046592,-0.002176,LEADER
1786693621062835245,2026-08-14T14:47:01.062851,prediction,-0.053052,0.750000,0.171851,-0.060166,0.742870,0.155606,True,-0.157545,0.840000,0.039571,0.097379,0.097130,0.116035,0.00,10,0.138146,1.300000,0.423819,0.000000,0.000000,0.201142,0.000000,0.080716,0.000000,0.017360,-0.716660,0.378978,-0.038464,-0.050656,-0.003520,LEADER
1786693621096110690,2026-08-14T14:47:01.096135,prediction,-0.052387,0.745000,0.174361,-0.059134,0.742867,0.157932,True,-0.157545,0.840000,0.039571,0.098411,0.097133,0.118361,0.00,10,0.139020,1.300000,0.423140,0.000000,0.000000,0.198525,0.000000,0.081158,0.000000,0.015680,-0.716380,0.376903,-0.038752,-0.045312,-0.002176,LEADER
1786693621130071364,2026-08-14T14:47:01.130122,prediction,-0.051855,0.741000,0.174241,-0.058244,0.743080,0.160072,True,-0.157545,0.840000,0.039571,0.099301,0.096920,0.120501,0.00,10,0.139020,1.300000,0.423140,0.000000,0.000000,0.200711,0.000000,0.078096,0.000000,0.015680,-0.715400,0.377982,-0.038912,-0.045824,-0.002176,LEADER
1786693621162695355,2026-08-14T14:47:01.162714,prediction,-0.051855,0.741000,0.174241,-0.057354,0.743123,0.162033,True,-0.157545,0.840000,0.039571,0.100191,0.096877,0.122462,0.00,10,0.138143,1.300000,0.423821,0.000000,0.000000,0.200711,0.000000,0.078096,0.000000,0.015120,-0.715680,0.371093,-0.039200,-0.050432,-0.002464,LEADER
1786693621196208758,2026-08-14T14:47:01.196228,prediction,-0.051323,0.737000,0.176803,-0.056573,0.743131,0.163975,True,-0.157545,0.840000,0.039571,0.100972,0.096869,0.124404,0.00,10,0.138143,1.300000,0.423821,0.000000,0.000000,0.198964,0.000000,0.083335,0.000000,0.014560,-0.715400,0.384622,-0.039680,-0.044192,-0.002464,LEADER
1786693621229586756,2026-08-14T14:47:01.229607,prediction,-0.049186,0.741000,0.176916,-0.055649,0.742920,0.165924,True,-0.157545,0.840000,0.039571,0.101896,0.097080,0.126353,0.00,10,0.139015,1.300000,0.423144,0.000000,0.000000,0.198964,0.000000,0.083335,0.000000,0.014560,-0.715400,0.384622,-0.039680,-0.044192,-0.002464,LEADER
1786693621262808922,2026-08-14T14:47:01.262828,prediction,-0.049186,0.741000,0.176916,-0.054760,0.742664,0.167707,True,-0.157545,0.840000,0.039571,0.102785,0.097336,0.128136,0.00,10,0.139015,1.300000,0.423144,0.000000,0.000000,0.198964,0.000000,0.083335,0.000000,0.014560,-0.715400,0.384622,-0.039680,-0.044192,-0.002464,LEADER
1786693621296011901,2026-08-14T14:47:01.296026,prediction,-0.048108,0.733000,0.176689,-0.053976,0.742613,0.169297,True,-0.157545,0.840000,0.039571,0.103569,0.097387,0.129726,0.00,10,0.138128,1.300000,0.423834,0.000000,0.000000,0.198964,0.000000,0.083335,0.000000,0.014560,-0.715400,0.384622,-0.039680,-0.044192,-0.002464,LEADER
1786693621329404557,2026-08-14T14:47:01.329455,prediction,-0.049724,0.745000,0.177029,-0.053223,0.742603,0.170706,True,-0.157545,0.840000,0.039571,0.104322,0.097397,0.131135,0.00,10,0.138128,1.300000,0.423834,0.000000,0.000000,0.200711,0.000000,0.080716,0.000000,0.015400,-0.715400,0.385701,-0.039680,-0.045088,-0.002784,LEADER
1786693621362730117,2026-08-14T14:47:01.362750,prediction,-0.048647,0.737000,0.176803,-0.052722,0.742387,0.171968,True,-0.157545,0.840000,0.039571,0.104823,0.097613,0.132397,0.00,10,0.138991,1.300000,0.423162,0.000000,0.000000,0.200711,0.000000,0.081158,0.000000,0.012320,-0.712880,0.372587,-0.040704,-0.044192,-0.002304,LEADER
1786693621396258097,2026-08-14T14:47:01.396275,prediction,-0.047435,0.728000,0.176548,-0.052072,0.742131,0.173013,True,-0.157545,0.840000,0.039571,0.105473,0.097869,0.133442,0.00,10,0.138991,1.300000,0.423162,0.000000,0.000000,0.201142,0.000000,0.081158,0.000000,0.012600,-0.711340,0.367939,-0.041024,-0.047712,-0.002304,LEADER
1786693621429690447,2026-08-14T14:47:01.429718,prediction,-0.049724,0.745000,0.177029,-0.051496,0.741866,0.173890,True,-0.157545,0.840000,0.039571,0.106049,0.098134,0.134319,0.00,10,0.138096,1.300000,0.423858,0.000000,0.000000,0.198964,0.000000,0.080716,0.000000,0.012040,-0.712320,0.383626,-0.041184,-0.043520,-0.002304,LEADER
1786693621462851618,2026-08-14T14:47:01.462867,prediction,-0.050791,0.733000,0.176689,-0.051035,0.741173,0.174757,True,-0.157545,0.840000,0.039571,0.106510,0.098827,0.135186,0.00,10,0.138096,1.300000,0.423858,0.000000,0.000000,0.200711,0.000000,0.078096,0.000000,0.014140,-0.712040,0.380140,-0.041472,-0.043744,-0.003296,LEADER
1786693621496324225,2026-08-14T14:47:01.496350,prediction,-0.051323,0.737000,0.174121,-0.050643,0.740608,0.175284,True,-0.157545,0.840000,0.039571,0.106902,0.099392,0.135713,0.00,10,0.138953,1.300000,0.423192,0.000000,0.000000,0.200711,0.000000,0.078096,0.000000,0.012040,-0.710080,0.376073,-0.041632,-0.047040,-0.002624,LEADER
1786693621530107204,2026-08-14T14:47:01.530140,prediction,-0.051323,0.737000,0.174121,-0.050395,0.740068,0.175624,True,-0.157545,0.840000,0.039571,0.107150,0.099932,0.136053,0.00,10,0.138953,1.300000,0.423192,0.000000,0.000000,0.198964,0.000000,0.080716,0.000000,0.012600,-0.709520,0.390349,-0.041920,-0.042464,-0.002464,LEADER
1786693621562549403,2026-08-14T14:47:01.562566,prediction,-0.053474,0.733000,0.174002,-0.050423,0.739534,0.175767,True,-0.157545,0.840000,0.039571,0.107122,0.100466,0.136196,0.00,10,0.138049,1.300000,0.423895,0.000000,0.000000,0.198964,0.000000,0.078096,0.000000,0.012040,-0.710780,0.382215,-0.042528,-0.043968,-0.002784,LEADER
1786693621596150892,2026-08-14T14:47:01.596168,prediction,-0.053999,0.737000,0.171440,-0.050530,0.739000,0.175573,True,-0.157545,0.840000,0.039571,0.107015,0.101000,0.136002,0.00,10,0.138049,1.300000,0.423895,0.000000,0.000000,0.198964,0.000000,0.080716,0.000000,0.012320,-0.709520,0.386697,-0.042528,-0.042528,-0.002784,LEADER
1786693621629558375,2026-08-14T14:47:01.629582,prediction,-0.054525,0.741000,0.171566,-0.050708,0.738467,0.175394,True,-0.157545,0.840000,0.039571,0.106837,0.101533,0.135823,0.00,10,0.138894,1.300000,0.423237,0.000000,0.000000,0.198964,0.000000,0.080716,0.000000,0.012320,-0.709520,0.386697,-0.042528,-0.042528,-0.002784,LEADER
1786693621662915945,2026-08-14T14:47:01.662935,prediction,-0.053999,0.737000,0.171440,-0.050851,0.738147,0.175207,True,-0.157545,0.840000,0.039571,0.106694,0.101853,0.135636,0.00,10,0.138894,1.300000,0.423237,0.000000,0.000000,0.198964,0.000000,0.080716,0.000000,0.012320,-0.709520,0.386697,-0.042528,-0.042528,-0.002784,LEADER
1786693621696625397,2026-08-14T14:47:01.696645,prediction,-0.056675,0.737000,0.171440,-0.051208,0.737869,0.174850,True,-0.157545,0.840000,0.039571,0.106337,0.102131,0.135279,0.00,10,0.137983,1.300000,0.423946,0.000000,0.000000,0.198964,0.000000,0.080716,0.000000,0.012320,-0.709520,0.386697,-0.042528,-0.042528,-0.002784,LEADER
1786693621729645612,2026-08-14T14:47:01.729670,prediction,-0.056675,0.737000,0.171440,-0.051707,0.737601,0.174485,True,-0.157545,0.840000,0.039571,0.105838,0.102399,0.134914,0.00,10,0.137983,1.300000,0.423946,0.000000,0.000000,0.198964,0.000000,0.080716,0.000000,0.012320,-0.709520,0.386697,-0.042528,-0.042528,-0.002784,LEADER
1786693621763082542,2026-08-14T14:47:01.763105,prediction,-0.057194,0.741000,0.171566,-0.052241,0.737334,0.174128,True,-0.157545,0.840000,0.039571,0.105304,0.102666,0.134557,0.00,10,0.138835,1.300000,0.423284,0.000000,0.000000,0.200711,0.000000,0.081158,0.000000,0.008960,-0.708260,0.371093,-0.043424,-0.043744,-0.002304,LEADER
1786693621796591977,2026-08-14T14:47:01.796644,prediction,-0.056675,0.737000,0.171440,-0.052812,0.737067,0.173778,True,-0.157545,0.840000,0.039571,0.104733,0.102933,0.134207,0.00,10,0.138835,1.300000,0.423284,0.000000,0.000000,0.198964,0.000000,0.080716,0.000000,0.008960,-0.708260,0.389436,-0.043744,-0.043520,-0.002304,LEADER
1786693621830391628,2026-08-14T14:47:01.830457,prediction,-0.056675,0.737000,0.171440,-0.053276,0.736800,0.173406,True,-0.157545,0.840000,0.039571,0.104269,0.103200,0.133835,0.00,10,0.137946,1.300000,0.423975,0.000000,0.000000,0.200711,0.000000,0.081158,0.000000,0.013300,-0.708260,0.379808,-0.043872,-0.047808,-0.003136,LEADER
1786693621862833777,2026-08-14T14:47:01.862852,prediction,-0.057194,0.741000,0.171566,-0.053846,0.736747,0.173057,True,-0.157545,0.840000,0.039571,0.103699,0.103253,0.133486,0.00,10,0.137946,1.300000,0.423975,0.000000,0.000000,0.201142,0.000000,0.081158,0.000000,0.009520,-0.709240,0.387942,-0.044320,-0.043520,-0.002624,LEADER
1786693621896973377,2026-08-14T14:47:01.897023,prediction,-0.056675,0.737000,0.171440,-0.054462,0.736736,0.172716,True,-0.157545,0.840000,0.039571,0.103083,0.103264,0.133145,0.00,10,0.138808,1.300000,0.423305,0.000000,0.000000,0.198964,0.000000,0.078096,0.000000,0.010500,-0.709240,0.391843,-0.044320,-0.045472,-0.002688,LEADER
1786693621930804257,2026-08-14T14:47:01.930822,prediction,-0.057194,0.741000,0.171566,-0.054960,0.736947,0.172352,True,-0.157545,0.840000,0.039571,0.102585,0.103053,0.132781,0.00,10,0.138808,1.300000,0.423305,0.000000,0.000000,0.200711,0.000000,0.080716,0.000000,0.010500,-0.709240,0.381219,-0.044320,-0.043584,-0.002784,LEADER
1786693621963561538,2026-08-14T14:47:01.963599,prediction,-0.056157,0.733000,0.171314,-0.055317,0.737203,0.171994,True,-0.157545,0.840000,0.039571,0.102228,0.102797,0.132423,0.00,10,0.137922,1.300000,0.423993,0.000000,0.000000,0.200711,0.000000,0.080716,0.000000,0.010500,-0.709240,0.381219,-0.044320,-0.043584,-0.002784,LEADER
1786693621996234701,2026-08-14T14:47:01.996284,prediction,-0.057194,0.741000,0.171566,-0.055709,0.737467,0.171823,True,-0.157545,0.840000,0.039571,0.101836,0.102533,0.132252,0.00,10,0.137922,1.300000,0.423993,0.000000,0.000000,0.200711,0.000000,0.080716,0.000000,0.010500,-0.709240,0.381219,-0.044320,-0.043584,-0.002784,LEADER
1786693622031171751,2026-08-14T14:47:02.031222,prediction,-0.056675,0.737000,0.171440,-0.056066,0.737520,0.171644,True,-0.157545,0.840000,0.039571,0.101479,0.102480,0.132073,0.00,10,0.138802,1.300000,0.423309,0.000000,0.000000,0.200711,0.000000,0.080716,0.000000,0.010500,-0.709240,0.381219,-0.044320,-0.043584,-0.002784,LEADER
1786693622063348320,2026-08-14T14:47:02.063380,prediction,-0.056157,0.733000,0.171314,-0.056244,0.737531,0.171465,True,-0.157545,0.840000,0.039571,0.101301,0.102469,0.131894,0.00,10,0.138802,1.300000,0.423309,0.000000,0.000000,0.200711,0.000000,0.080716,0.000000,0.010500,-0.709240,0.381219,-0.044320,-0.043584,-0.002784,LEADER
1786693622096320706,2026-08-14T14:47:02.096351,prediction,-0.052817,0.728000,0.171156,-0.056166,0.737320,0.171446,True,-0.157545,0.840000,0.039571,0.101379,0.102680,0.131875,0.00,10,0.137933,1.300000,0.423985,0.000000,0.000000,0.200711,0.000000,0.078538,0.000000,0.010780,-0.708260,0.385203,-0.044480,-0.049664,-0.002848,LEADER
1786693622129441301,2026-08-14T14:47:02.129457,prediction,-0.054525,0.741000,0.171566,-0.056166,0.737064,0.171446,True,-0.157545,0.840000,0.039571,0.101379,0.102936,0.131875,0.00,10,0.137933,1.300000,0.423985,0.000000,0.000000,0.200711,0.000000,0.080716,0.000000,0.006720,-0.706720,0.381219,-0.045536,-0.040032,-0.002304,LEADER
1786693622162733668,2026-08-14T14:47:02.162749,prediction,-0.054525,0.741000,0.174241,-0.056201,0.737226,0.171633,True,-0.157545,0.840000,0.039571,0.101344,0.102774,0.132062,0.00,10,0.138821,1.300000,0.423294,0.000000,0.000000,0.198964,0.000000,0.080716,0.000000,0.009800,-0.706720,0.390515,-0.045984,-0.048320,-0.003008,LEADER
1786693622196096688,2026-08-14T14:47:02.196113,prediction,-0.054525,0.741000,0.174241,-0.056057,0.737472,0.171820,True,-0.157545,0.840000,0.039571,0.101488,0.102528,0.132249,0.00,10,0.138821,1.300000,0.423294,0.000000,0.000000,0.198525,0.000000,0.078096,0.000000,0.010500,-0.706720,0.392424,-0.045984,-0.044544,-0.003296,LEADER
1786693622229520452,2026-08-14T14:47:02.229539,prediction,-0.054525,0.741000,0.174241,-0.055914,0.737734,0.172007,True,-0.157545,0.840000,0.039571,0.101631,0.102266,0.132436,0.00,10,0.137955,1.300000,0.423968,0.000000,0.000000,0.201142,0.000000,0.081158,0.000000,0.009800,-0.706720,0.369682,-0.046432,-0.043968,-0.003008,LEADER
1786693622262571736,2026-08-14T14:47:02.262585,prediction,-0.054525,0.741000,0.174241,-0.055736,0.738000,0.172185,True,-0.157545,0.840000,0.039571,0.101809,0.102000,0.132614,0.00,10,0.137955,1.300000,0.423968,0.000000,0.000000,0.198964,0.000000,0.080716,0.000000,0.006440,-0.705740,0.382381,-0.046144,-0.044928,-0.002176,LEADER
1786693622297001312,2026-08-14T14:47:02.297037,prediction,-0.054525,0.741000,0.174241,-0.055592,0.738267,0.172372,True,-0.157545,0.840000,0.039571,0.101953,0.101733,0.132801,0.00,10,0.138849,1.300000,0.423273,0.000000,0.000000,0.200711,0.000000,0.081158,0.000000,0.009240,-0.707000,0.376073,-0.046432,-0.043808,-0.003136,LEADER
1786693622329551884,2026-08-14T14:47:02.329574,prediction,-0.057713,0.745000,0.177029,-0.055662,0.738533,0.172744,True,-0.157545,0.840000,0.039571,0.101883,0.101467,0.133173,0.00,10,0.138849,1.300000,0.423273,0.000000,0.000000,0.200711,0.000000,0.081158,0.000000,0.009240,-0.707000,0.376073,-0.046432,-0.043808,-0.003136,LEADER
1786693622363299648,2026-08-14T14:47:02.363329,prediction,-0.055050,0.745000,0.177029,-0.055519,0.739013,0.173108,True,-0.157545,0.840000,0.039571,0.102026,0.100987,0.133537,0.00,10,0.137985,1.300000,0.423944,0.000000,0.000000,0.200711,0.000000,0.081158,0.000000,0.009240,-0.707000,0.376073,-0.046432,-0.043808,-0.003136,LEADER
1786693622396117473,2026-08-14T14:47:02.396135,prediction,-0.054525,0.741000,0.176916,-0.055375,0.739536,0.173473,True,-0.157545,0.840000,0.039571,0.102170,0.100464,0.133902,0.00,10,0.137985,1.300000,0.423944,0.000000,0.000000,0.200711,0.000000,0.081158,0.000000,0.009240,-0.707000,0.376073,-0.046432,-0.043808,-0.003136,LEADER
1786693622429427033,2026-08-14T14:47:02.429448,prediction,-0.054525,0.741000,0.179590,-0.055197,0.739641,0.174008,True,-0.157545,0.840000,0.039571,0.102348,0.100359,0.134437,0.00,10,0.138870,1.300000,0.423256,0.000000,0.000000,0.200711,0.000000,0.080716,0.000000,0.010780,-0.705180,0.386697,-0.046432,-0.044032,-0.003136,LEADER
1786693622462855887,2026-08-14T14:47:02.462873,prediction,-0.054525,0.741000,0.179590,-0.055089,0.739875,0.174560,True,-0.157545,0.840000,0.039571,0.102456,0.100125,0.134989,0.00,10,0.138870,1.300000,0.423256,0.000000,0.000000,0.198525,0.000000,0.080716,0.000000,0.006440,-0.666400,0.379144,-0.046976,-0.044032,-0.002016,LEADER
1786693622496459119,2026-08-14T14:47:02.496484,prediction,-0.054525,0.741000,0.182265,-0.054911,0.739922,0.175273,True,-0.157545,0.840000,0.039571,0.102634,0.100078,0.135702,0.00,10,0.137999,1.300000,0.423934,0.000000,0.000000,0.189365,0.000000,0.080716,0.000000,0.006440,-0.576520,0.369350,-0.044192,-0.046752,-0.002464,LEADER
1786693622529998470,2026-08-14T14:47:02.530028,prediction,-0.055050,0.745000,0.182365,-0.054802,0.740144,0.176002,True,-0.157545,0.840000,0.039571,0.102743,0.099856,0.136431,0.00,10,0.137999,1.300000,0.423934,0.000000,0.000000,0.167112,0.000000,0.080716,0.000000,0.007420,-0.544880,0.359390,-0.041248,-0.045024,-0.002912,LEADER
1786693622563073278,2026-08-14T14:47:02.563097,prediction,-0.054525,0.741000,0.184940,-0.054693,0.740402,0.176910,True,-0.157545,0.840000,0.039571,0.102852,0.099598,0.137339,0.00,10,0.138877,1.300000,0.423251,0.000000,0.000000,0.135698,0.000000,0.080716,0.000000,0.009800,-0.537740,0.345944,-0.039744,-0.048032,-0.002784,LEADER
1786693622596569269,2026-08-14T14:47:02.596586,prediction,-0.054525,0.741000,0.184940,-0.054807,0.740880,0.177829,True,-0.157545,0.840000,0.039571,0.102738,0.099120,0.138258,0.00,10,0.138877,1.300000,0.423251,0.000000,0.000000,0.107772,0.000000,0.078096,0.000000,0.009800,-0.541800,0.330838,-0.038400,-0.049312,-0.002848,LEADER
1786693622629664716,2026-08-14T14:47:02.629686,prediction,-0.054525,0.741000,0.184940,-0.054807,0.741403,0.178721,True,-0.157545,0.840000,0.039571,0.102738,0.098597,0.139150,0.00,10,0.138000,1.300000,0.423933,0.000000,0.001744,0.085519,0.000000,0.081158,0.000000,0.007000,-0.540820,0.323451,-0.037632,-0.046432,-0.002624,LEADER
1786693622662894355,2026-08-14T14:47:02.662911,prediction,-0.051323,0.737000,0.184847,-0.054594,0.741507,0.179428,True,-0.157545,0.840000,0.039571,0.102951,0.098493,0.139857,0.00,10,0.138000,1.300000,0.423933,0.000000,0.001744,0.057592,0.000000,0.078096,0.000000,0.009800,-0.537740,0.315732,-0.036736,-0.046144,-0.002848,LEADER
1786693622696630737,2026-08-14T14:47:02.696659,prediction,-0.051323,0.737000,0.187528,-0.054380,0.741315,0.180313,True,-0.157545,0.840000,0.039571,0.103165,0.098685,0.140742,0.00,10,0.138882,1.300000,0.423247,0.000000,0.001744,0.057592,0.000000,0.078096,0.000000,0.009800,-0.537740,0.315732,-0.036736,-0.046144,-0.002848,LEADER
1786693622729770568,2026-08-14T14:47:02.729813,prediction,-0.050791,0.733000,0.190129,-0.054131,0.741063,0.181373,True,-0.157545,0.840000,0.039571,0.103414,0.098937,0.141802,0.00,10,0.138882,1.300000,0.423247,0.000000,0.001744,0.057592,0.000000,0.078096,0.000000,0.009800,-0.537740,0.315732,-0.036736,-0.046144,-0.002848,LEADER
1786693622763249626,2026-08-14T14:47:02.763284,prediction,-0.051323,0.737000,0.192890,-0.053918,0.740799,0.182616,True,-0.157545,0.840000,0.039571,0.103627,0.099201,0.143045,0.00,10,0.138021,1.300000,0.423916,0.000000,0.001744,0.057592,0.000000,0.078096,0.000000,0.009800,-0.537740,0.315732,-0.036736,-0.046144,-0.002848,LEADER
1786693622797191975,2026-08-14T14:47:02.797237,prediction,-0.051855,0.741000,0.195639,-0.053740,0.740533,0.184042,True,-0.157545,0.840000,0.039571,0.103805,0.099467,0.144471,0.00,10,0.138021,1.300000,0.423916,0.000000,0.001744,0.040573,0.000000,0.080716,0.000000,0.009520,-0.537180,0.299381,-0.036128,-0.044032,-0.002784,LEADER
1786693622830606382,2026-08-14T14:47:02.830640,prediction,-0.052387,0.745000,0.198374,-0.053385,0.740480,0.185465,True,-0.157545,0.840000,0.039571,0.104160,0.099520,0.145894,0.00,10,0.138920,1.300000,0.423217,0.000000,0.000000,0.000000,0.000000,0.078096,0.000000,0.008680,-0.754180,0.287346,-0.039968,-0.047712,-0.002688,LEADER
1786693622862877079,2026-08-14T14:47:02.862895,prediction,-0.053052,0.750000,0.201109,-0.053252,0.740469,0.187071,True,-0.157545,0.840000,0.039571,0.104293,0.099531,0.147500,0.00,10,0.138920,1.300000,0.423217,0.000000,0.000000,0.000000,0.000000,0.081158,0.000000,0.006440,-0.774340,0.276473,-0.040576,-0.042752,-0.002016,LEADER
1786693622896515968,2026-08-14T14:47:02.896575,prediction,-0.051855,0.741000,0.203663,-0.053074,0.740467,0.188854,True,-0.157545,0.840000,0.039571,0.104471,0.099533,0.149283,0.00,10,0.138066,1.300000,0.423882,0.000000,0.000000,0.000000,0.000000,0.081158,0.000000,0.006440,-0.774340,0.276473,-0.040576,-0.042752,-0.002016,LEADER
1786693622932112547,2026-08-14T14:47:02.932166,prediction,-0.051855,0.741000,0.206337,-0.052896,0.740467,0.190637,True,-0.157545,0.840000,0.039571,0.104649,0.099533,0.151066,0.00,10,0.138066,1.300000,0.423882,0.000000,0.000000,0.000000,0.000000,0.081158,0.000000,0.006440,-0.774340,0.276473,-0.040576,-0.042752,-0.002016,LEADER
1786693622963973573,2026-08-14T14:47:02.963990,prediction,-0.053052,0.750000,0.206429,-0.052798,0.740467,0.192426,True,-0.157545,0.840000,0.039571,0.104747,0.099533,0.152855,0.00,10,0.138956,1.300000,0.423189,0.000000,0.000000,0.000000,0.000000,0.081158,0.000000,0.006440,-0.774340,0.276473,-0.040576,-0.042752,-0.002016,LEADER
1786693622996297320,2026-08-14T14:47:02.996351,prediction,-0.051855,0.741000,0.209012,-0.052620,0.740467,0.194209,True,-0.157545,0.840000,0.039571,0.104925,0.099533,0.154638,0.00,10,0.138956,1.300000,0.423189,0.000000,0.000000,0.000000,0.000000,0.081158,0.000000,0.006440,-0.774340,0.276473,-0.040576,-0.042752,-0.002016,LEADER
1786693623029964111,2026-08-14T14:47:03.030015,prediction,-0.051323,0.737000,0.208978,-0.052371,0.740467,0.195984,True,-0.157545,0.840000,0.039571,0.105174,0.099533,0.156413,0.00,10,0.138084,1.300000,0.423867,0.000000,0.000000,0.000000,0.000000,0.078538,0.000000,0.007700,-0.815500,0.234392,-0.041312,-0.044416,-0.002624,LEADER
1786693623064118439,2026-08-14T14:47:03.064137,prediction,-0.048108,0.733000,0.208945,-0.051944,0.740253,0.197584,True,-0.157545,0.840000,0.039571,0.105601,0.099747,0.158013,0.00,10,0.138084,1.300000,0.423867,0.000000,0.000000,0.000000,0.000000,0.080716,0.000000,0.008680,-0.821380,0.226258,-0.041760,-0.046368,-0.002624,LEADER
1786693623096988111,2026-08-14T14:47:03.097041,prediction,-0.048108,0.733000,0.208945,-0.051516,0.739784,0.199184,True,-0.157545,0.840000,0.039571,0.106029,0.100216,0.159613,0.00,10,0.138958,1.300000,0.423188,0.000000,0.000000,0.001740,0.000000,0.081158,0.000000,0.006440,-0.820820,0.220614,-0.041920,-0.043872,-0.002304,LEADER
1786693623129994922,2026-08-14T14:47:03.130045,prediction,-0.049724,0.745000,0.209046,-0.051196,0.739264,0.200791,True,-0.157545,0.840000,0.039571,0.106349,0.100736,0.161220,0.00,10,0.138958,1.300000,0.423188,0.000000,0.000000,0.000000,0.000000,0.078538,0.000000,0.008260,-0.821100,0.218207,-0.042080,-0.044032,-0.002784,LEADER
1786693623163026769,2026-08-14T14:47:03.163055,prediction,-0.048647,0.737000,0.208978,-0.051017,0.738946,0.202400,True,-0.157545,0.840000,0.039571,0.106528,0.101054,0.162829,0.00,10,0.138072,1.300000,0.423877,0.000000,0.000000,0.000000,0.000000,0.078538,0.000000,0.008260,-0.821100,0.218207,-0.042080,-0.044032,-0.002784,LEADER
1786693623196160108,2026-08-14T14:47:03.196178,prediction,-0.048108,0.733000,0.208945,-0.050803,0.738883,0.203828,True,-0.157545,0.840000,0.039571,0.106742,0.101117,0.164257,0.00,10,0.138072,1.300000,0.423877,0.000000,0.000000,0.000000,0.000000,0.078538,0.000000,0.008260,-0.821100,0.218207,-0.042080,-0.044032,-0.002784,LEADER
1786693623229488162,2026-08-14T14:47:03.229506,prediction,-0.048647,0.737000,0.208978,-0.050660,0.738870,0.205084,True,-0.157545,0.840000,0.039571,0.106885,0.101130,0.165513,0.00,10,0.138945,1.300000,0.423198,0.000000,0.000000,0.000000,0.000000,0.078538,0.000000,0.008260,-0.821100,0.218207,-0.042080,-0.044032,-0.002784,LEADER
1786693623262933346,2026-08-14T14:47:03.262964,prediction,-0.048108,0.733000,0.208945,-0.050446,0.738654,0.206155,True,-0.157545,0.840000,0.039571,0.107099,0.101346,0.166584,0.00,10,0.138945,1.300000,0.423198,0.000000,0.000000,0.000000,0.000000,0.078538,0.000000,0.008260,-0.821100,0.218207,-0.042080,-0.044032,-0.002784,LEADER


============================================================
EXPERIMENT METRICS
  File: experiment_SVGP+MJM_20260814_144649.csv
  Total samples: 402
  Task completion time: 13.60 s
  --- Prediction Accuracy (over 402 samples) ---
  Avg Inference Time: 8.54 ms
  Mean Squared Error (MSE): 0.012539 m²
  Mean Absolute Error (MAE - 3D): 0.0824 m
      MAE X: 0.0358 m
      MAE Y: 0.0507 m
      MAE Z: 0.0468 m
  --- Trajectory Smoothness (Robot EE) ---
  Mean Jerk (3D): 6.7098 m/s³
      Jerk X: 3.5004 m/s³
      Jerk Y: 2.6032 m/s³
      Jerk Z: 3.1065 m/s³
  Max Jerk (3D): 20.8483 m/s³
  RMS Jerk (3D): 9.0035 m/s³
============================================================
