ros_timestamp_ns,wall_time,trajectory_mode,meas_x,meas_y,meas_z,is_tracked,pred_x,pred_y,pred_z,mae_x,mae_y,mae_z,inference_ms,buffer_size,robot_ee_x,robot_ee_y,robot_ee_z,j1_vel,j2_vel,j3_vel,j4_vel,j5_vel,j6_vel,j1_eff,j2_eff,j3_eff,j4_eff,j5_eff,j6_eff,role
1786348254897975354,2026-08-10T14:50:54.898002,ground_truth,-0.573909,-2.691000,0.110601,True,,,,,,,,,-0.162001,0.280055,0.378533,0.000000,0.000000,0.000000,0.000000,0.000000,0.000000,nan,nan,nan,nan,nan,nan,OFF
1786348254959994575,2026-08-10T14:50:54.960031,ground_truth,-0.584146,-2.739000,0.148774,True,,,,,,,,,-0.162001,0.280055,0.378533,0.000000,0.000000,0.000000,0.000000,0.000000,0.000000,nan,nan,nan,nan,nan,nan,OFF
1786348255165145319,2026-08-10T14:50:55.165162,ground_truth,-0.620899,-2.867000,0.146254,True,,,,,,,,,-0.162001,0.280055,0.378533,0.000000,0.000000,0.000000,0.000000,0.000000,0.000000,nan,nan,nan,nan,nan,nan,OFF
1786348255265316745,2026-08-10T14:50:55.265344,ground_truth,-0.658331,-2.950000,0.101752,True,,,,,,,,,-0.162001,0.280055,0.378533,0.000000,0.000000,0.000000,0.000000,0.000000,0.000000,nan,nan,nan,nan,nan,nan,OFF
1786348255331405258,2026-08-10T14:50:55.331421,ground_truth,-0.651681,-2.964000,0.160996,True,,,,,,,,,-0.162001,0.280055,0.378533,0.000000,0.000000,0.000000,0.000000,0.000000,0.000000,nan,nan,nan,nan,nan,nan,OFF
1786348255527352676,2026-08-10T14:50:55.527377,ground_truth,-0.563516,-2.622000,-0.017855,True,,,,,,,,,-0.162001,0.280055,0.378533,0.000000,0.000000,0.000000,0.000000,0.000000,0.000000,nan,nan,nan,nan,nan,nan,OFF
1786348255701539401,2026-08-10T14:50:55.701560,ground_truth,-0.562562,-2.578000,-0.077182,True,,,,,,,,,-0.162001,0.280055,0.378533,0.000000,0.000000,0.000000,0.000000,0.000000,0.000000,nan,nan,nan,nan,nan,nan,OFF
1786348255771207155,2026-08-10T14:50:55.771256,ground_truth,-0.661455,-2.964000,0.033680,True,,,,,,,,,-0.162001,0.280055,0.378533,0.000000,0.000000,0.000000,0.000000,0.000000,0.000000,nan,nan,nan,nan,nan,nan,OFF
1786348256216436544,2026-08-10T14:50:56.216507,ground_truth,-0.566444,-2.656000,-0.136560,True,,,,,,,,,-0.162001,0.280055,0.378533,0.000000,0.000000,0.000000,0.000000,0.000000,0.000000,nan,nan,nan,nan,nan,nan,OFF
1786348256343313850,2026-08-10T14:50:56.343336,ground_truth,-0.664579,-2.978000,0.107637,True,,,,,,,,,-0.162001,0.280055,0.378533,0.000000,0.000000,0.000000,0.000000,0.000000,0.000000,nan,nan,nan,nan,nan,nan,OFF
1786348256381170183,2026-08-10T14:50:56.381197,ground_truth,-0.630354,-2.867000,0.004159,True,,,,,,,,,-0.162001,0.280055,0.378533,0.000000,0.000000,0.000000,0.000000,0.000000,0.000000,nan,nan,nan,nan,nan,nan,OFF
1786348256513187951,2026-08-10T14:50:56.513205,ground_truth,-0.648958,-2.908000,0.148345,True,,,,,,,,,-0.162001,0.280055,0.378533,0.000000,0.000000,0.000000,0.000000,0.000000,0.000000,nan,nan,nan,nan,nan,nan,OFF
1786348256684680542,2026-08-10T14:50:56.684711,ground_truth,-0.648958,-2.908000,0.143541,True,,,,,,,,,-0.162001,0.280055,0.378533,0.000000,0.000000,0.000000,0.000000,0.000000,0.000000,nan,nan,nan,nan,nan,nan,OFF
1786348256753420078,2026-08-10T14:50:56.753437,ground_truth,-0.652082,-2.922000,0.124923,True,,,,,,,,,-0.162001,0.280055,0.378533,0.000000,0.000000,0.000000,0.000000,0.000000,0.000000,nan,nan,nan,nan,nan,nan,OFF
1786348256895732617,2026-08-10T14:50:56.895755,ground_truth,-0.562562,-2.578000,-0.060146,True,,,,,,,,,-0.162001,0.280055,0.378533,0.000000,0.000000,0.000000,0.000000,0.000000,0.000000,nan,nan,nan,nan,nan,nan,OFF
1786348257202107701,2026-08-10T14:50:57.202125,ground_truth,-0.624317,-2.861000,0.122315,True,,,,,,,,,-0.162001,0.280055,0.378533,0.000000,0.000000,0.000000,0.000000,0.000000,0.000000,nan,nan,nan,nan,nan,nan,OFF
1786348257373052874,2026-08-10T14:50:57.373066,ground_truth,-0.621371,-2.847500,0.126442,True,,,,,,,,,-0.162001,0.280055,0.378533,0.000000,0.000000,0.000000,0.000000,0.000000,0.000000,nan,nan,nan,nan,nan,nan,OFF
1786348257425089501,2026-08-10T14:50:57.425106,ground_truth,-0.509400,-2.546000,-0.105667,True,,,,,,,,,-0.162001,0.280055,0.378533,0.000000,0.000000,0.000000,0.000000,0.000000,0.000000,nan,nan,nan,nan,nan,nan,OFF
1786348257602816821,2026-08-10T14:50:57.602830,ground_truth,-0.667927,-2.993000,0.034010,True,,,,,,,,,-0.162001,0.280055,0.378533,0.000000,0.000000,0.000000,0.000000,0.000000,0.000000,nan,nan,nan,nan,nan,nan,OFF
1786348257667396658,2026-08-10T14:50:57.667428,ground_truth,-0.607708,-2.764000,-0.023388,True,,,,,,,,,-0.162001,0.280055,0.378533,0.000000,0.000000,0.000000,0.000000,0.000000,0.000000,nan,nan,nan,nan,nan,nan,OFF
1786348257942952528,2026-08-10T14:50:57.942967,ground_truth,-0.652082,-2.922000,0.071822,True,,,,,,,,,-0.162001,0.280055,0.378533,0.000000,0.000000,0.000000,0.000000,0.000000,0.000000,nan,nan,nan,nan,nan,nan,OFF
1786348258187377568,2026-08-10T14:50:58.187421,ground_truth,-0.669490,-2.978000,0.102718,True,,,,,,,,,-0.162001,0.280055,0.378533,0.000000,0.000000,0.000000,0.000000,0.000000,0.000000,nan,nan,nan,nan,nan,nan,OFF
1786348258409371631,2026-08-10T14:50:58.409394,ground_truth,-0.648958,-2.908000,0.081086,True,,,,,,,,,-0.162001,0.280055,0.378533,0.000000,0.000000,0.000000,0.000000,0.000000,0.000000,nan,nan,nan,nan,nan,nan,OFF
1786348258534063268,2026-08-10T14:50:58.534117,ground_truth,-0.658331,-2.950000,0.028648,True,,,,,,,,,-0.162001,0.280055,0.378533,0.000000,0.000000,0.000000,0.000000,0.000000,0.000000,nan,nan,nan,nan,nan,nan,OFF
1786348259917707734,2026-08-10T14:50:59.917734,ground_truth,-0.684021,-2.935000,-0.053928,True,,,,,,,,,-0.162001,0.280055,0.378533,0.000000,0.000000,0.000000,0.000000,0.000000,0.000000,nan,nan,nan,nan,nan,nan,OFF
1786348259951359382,2026-08-10T14:50:59.951377,ground_truth,-0.658967,-2.827500,-0.051953,True,,,,,,,,,-0.162001,0.280055,0.378533,0.000000,0.000000,0.000000,0.000000,0.000000,0.000000,nan,nan,nan,nan,nan,nan,OFF
1786348259987304323,2026-08-10T14:50:59.987336,ground_truth,-0.637810,-2.776000,-0.069351,True,,,,,,,,,-0.162001,0.280055,0.378533,0.000000,0.000000,0.000000,0.000000,0.000000,0.000000,nan,nan,nan,nan,nan,nan,OFF
1786348260021308260,2026-08-10T14:51:00.021333,ground_truth,-0.652685,-2.820500,-0.070463,True,,,,,,,,,-0.162001,0.280055,0.378533,0.000000,0.000000,0.000000,0.000000,0.000000,0.000000,nan,nan,nan,nan,nan,nan,OFF
1786348260052139660,2026-08-10T14:51:00.052156,ground_truth,-0.674465,-2.894000,-0.057956,True,,,,,,,,,-0.162001,0.280055,0.378533,0.000000,0.000000,0.000000,0.000000,0.000000,0.000000,nan,nan,nan,nan,nan,nan,OFF
1786348260087138630,2026-08-10T14:51:00.087171,ground_truth,-0.643554,-2.801000,-0.060721,True,,,,,,,,,-0.162001,0.280055,0.378533,0.000000,0.000000,0.000000,0.000000,0.000000,0.000000,nan,nan,nan,nan,nan,nan,OFF
1786348260121362024,2026-08-10T14:51:00.121425,ground_truth,-0.589457,-2.622000,-0.108821,True,,,,,,,,,-0.162001,0.280055,0.378533,0.000000,0.000000,0.000000,0.000000,0.000000,0.000000,nan,nan,nan,nan,nan,nan,OFF
1786348260154083420,2026-08-10T14:51:00.154098,ground_truth,-0.597695,-2.739000,-0.149877,True,,,,,,,,,-0.162001,0.280055,0.378533,0.000000,0.000000,0.000000,0.000000,0.000000,0.000000,nan,nan,nan,nan,nan,nan,OFF
1786348260187468820,2026-08-10T14:51:00.187512,ground_truth,-0.587220,-2.691000,-0.147251,True,,,,,,,,,-0.162001,0.280055,0.378533,0.000000,0.000000,0.000000,0.000000,0.000000,0.000000,nan,nan,nan,nan,nan,nan,OFF
1786348260219808269,2026-08-10T14:51:00.219832,ground_truth,-0.604849,-2.751000,-0.155079,True,,,,,,,,,-0.162001,0.280055,0.378533,0.000000,0.000000,0.000000,0.000000,0.000000,0.000000,nan,nan,nan,nan,nan,nan,OFF
1786348260252819457,2026-08-10T14:51:00.252832,ground_truth,-0.613204,-2.789000,-0.161828,True,,,,,,,,,-0.162001,0.280055,0.378533,0.000000,0.000000,0.000000,0.000000,0.000000,0.000000,nan,nan,nan,nan,nan,nan,OFF
1786348260288162401,2026-08-10T14:51:00.288202,ground_truth,-0.621559,-2.827000,-0.164033,True,,,,,,,,,-0.162001,0.280055,0.378533,0.000000,0.000000,0.000000,0.000000,0.000000,0.000000,nan,nan,nan,nan,nan,nan,OFF
1786348260322777842,2026-08-10T14:51:00.322794,ground_truth,-0.596934,-2.715000,-0.148564,True,,,,,,,,,-0.162001,0.280055,0.378533,0.000000,0.000000,0.000000,0.000000,0.000000,0.000000,nan,nan,nan,nan,nan,nan,OFF
1786348260356953274,2026-08-10T14:51:00.356988,ground_truth,-0.602211,-2.739000,-0.149877,True,,,,,,,,,-0.162001,0.280055,0.378533,0.000000,0.000000,0.000000,0.000000,0.000000,0.000000,nan,nan,nan,nan,nan,nan,OFF
1786348260389724866,2026-08-10T14:51:00.389761,ground_truth,-0.596934,-2.715000,-0.148564,True,,,,,,,,,-0.162001,0.280055,0.378533,0.000000,0.000000,0.000000,0.000000,0.000000,0.000000,nan,nan,nan,nan,nan,nan,OFF
1786348260422907650,2026-08-10T14:51:00.422921,ground_truth,-0.611224,-2.801000,-0.157897,True,,,,,,,,,-0.162001,0.280055,0.378533,0.000000,0.000000,0.000000,0.000000,0.000000,0.000000,nan,nan,nan,nan,nan,nan,OFF
1786348260457996581,2026-08-10T14:51:00.458038,ground_truth,-0.621559,-2.827000,-0.164033,True,,,,,,,,,-0.162001,0.280055,0.378533,0.000000,0.000000,0.000000,0.000000,0.000000,0.000000,nan,nan,nan,nan,nan,nan,OFF
1786348260486879633,2026-08-10T14:51:00.486915,ground_truth,-0.613204,-2.789000,-0.157221,True,,,,,,,,,-0.162001,0.280055,0.378533,0.000000,0.000000,0.000000,0.000000,0.000000,0.000000,nan,nan,nan,nan,nan,nan,OFF
1786348260521140609,2026-08-10T14:51:00.521168,ground_truth,-0.615843,-2.801000,-0.157897,True,,,,,,,,,-0.162001,0.280055,0.378533,0.000000,0.000000,0.000000,0.000000,0.000000,0.000000,nan,nan,nan,nan,nan,nan,OFF
1786348260555861700,2026-08-10T14:51:00.555900,ground_truth,-0.618701,-2.814000,-0.158630,True,,,,,,,,,-0.162001,0.280055,0.378533,0.000000,0.000000,0.000000,0.000000,0.000000,0.000000,nan,nan,nan,nan,nan,nan,OFF
1786348260588578137,2026-08-10T14:51:00.588634,ground_truth,-0.618701,-2.814000,-0.158630,True,,,,,,,,,-0.162001,0.280055,0.378533,0.000000,0.000000,0.000000,0.000000,0.000000,0.000000,nan,nan,nan,nan,nan,nan,OFF
1786348260621903632,2026-08-10T14:51:00.621925,ground_truth,-0.621559,-2.827000,-0.159363,True,,,,,,,,,-0.162001,0.280055,0.378533,0.000000,0.000000,0.000000,0.000000,0.000000,0.000000,nan,nan,nan,nan,nan,nan,OFF
1786348260655613930,2026-08-10T14:51:00.655652,ground_truth,-0.627495,-2.854000,-0.160885,True,,,,,,,,,-0.162001,0.280055,0.378533,0.000000,0.000000,0.000000,0.000000,0.000000,0.000000,nan,nan,nan,nan,nan,nan,OFF
1786348260688637612,2026-08-10T14:51:00.688676,ground_truth,-0.622789,-2.854000,-0.160885,True,,,,,,,,,-0.162001,0.280055,0.378533,0.000000,0.000000,0.000000,0.000000,0.000000,0.000000,nan,nan,nan,nan,nan,nan,OFF
1786348260720574635,2026-08-10T14:51:00.720623,ground_truth,-0.622789,-2.854000,-0.160885,True,,,,,,,,,-0.162001,0.280055,0.378533,0.000000,0.000000,0.000000,0.000000,0.000000,0.000000,nan,nan,nan,nan,nan,nan,OFF
1786348260751798241,2026-08-10T14:51:00.751811,ground_truth,-0.616898,-2.827000,-0.159363,True,,,,,,,,,-0.162001,0.280055,0.378533,0.000000,0.000000,0.000000,0.000000,0.000000,0.000000,nan,nan,nan,nan,nan,nan,OFF
1786348260786948599,2026-08-10T14:51:00.786990,ground_truth,-0.625626,-2.867000,-0.161618,True,,,,,,,,,-0.162001,0.280055,0.378533,0.000000,0.000000,0.000000,0.000000,0.000000,0.000000,nan,nan,nan,nan,nan,nan,OFF
1786348260819563583,2026-08-10T14:51:00.819602,ground_truth,-0.622789,-2.854000,-0.160885,True,,,,,,,,,-0.162001,0.280055,0.378533,0.000000,0.000000,0.000000,0.000000,0.000000,0.000000,nan,nan,nan,nan,nan,nan,OFF
1786348260853341820,2026-08-10T14:51:00.853368,ground_truth,-0.622789,-2.854000,-0.160885,True,,,,,,,,,-0.162001,0.280055,0.378533,0.000000,0.000000,0.000000,0.000000,0.000000,0.000000,nan,nan,nan,nan,nan,nan,OFF
1786348260886345112,2026-08-10T14:51:00.886380,ground_truth,-0.625626,-2.867000,-0.161618,True,,,,,,,,,-0.162001,0.280055,0.378533,0.000000,0.000000,0.000000,0.000000,0.000000,0.000000,nan,nan,nan,nan,nan,nan,OFF
1786348260919738918,2026-08-10T14:51:00.919776,ground_truth,-0.622789,-2.854000,-0.160885,True,,,,,,,,,-0.162001,0.280055,0.378533,0.000000,0.000000,0.000000,0.000000,0.000000,0.000000,nan,nan,nan,nan,nan,nan,OFF
1786348260951559209,2026-08-10T14:51:00.951606,ground_truth,-0.625626,-2.867000,-0.161618,True,,,,,,,,,-0.162001,0.280055,0.378533,0.000000,0.000000,0.000000,0.000000,0.000000,0.000000,nan,nan,nan,nan,nan,nan,OFF
1786348260987366077,2026-08-10T14:51:00.987390,ground_truth,-0.619734,-2.840000,-0.160096,True,,,,,,,,,-0.162001,0.280055,0.378533,0.000000,0.000000,0.000000,0.000000,0.000000,0.000000,nan,nan,nan,nan,nan,nan,OFF
1786348261022759938,2026-08-10T14:51:01.022773,ground_truth,-0.636290,-2.894000,-0.163140,True,,,,,,,,,-0.162001,0.280055,0.378533,0.000000,0.000000,0.000000,0.000000,0.000000,0.000000,nan,nan,nan,nan,nan,nan,OFF
1786348261053056829,2026-08-10T14:51:01.053071,ground_truth,-0.627495,-2.854000,-0.160885,True,,,,,,,,,-0.162001,0.280055,0.378533,0.000000,0.000000,0.000000,0.000000,0.000000,0.000000,nan,nan,nan,nan,nan,nan,OFF
1786348261089140802,2026-08-10T14:51:01.089173,ground_truth,-0.613204,-2.789000,-0.152613,True,,,,,,,,,-0.162001,0.280055,0.378533,0.000000,0.000000,0.000000,0.000000,0.000000,0.000000,nan,nan,nan,nan,nan,nan,OFF
1786348261120179355,2026-08-10T14:51:01.120209,ground_truth,-0.610346,-2.776000,-0.151902,True,,,,,,,,,-0.162001,0.280055,0.378533,0.000000,0.000000,0.000000,0.000000,0.000000,0.000000,nan,nan,nan,nan,nan,nan,OFF
1786348261154550208,2026-08-10T14:51:01.154579,ground_truth,-0.615843,-2.801000,-0.153270,True,,,,,,,,,-0.162001,0.280055,0.378533,0.000000,0.000000,0.000000,0.000000,0.000000,0.000000,nan,nan,nan,nan,nan,nan,OFF
1786348261192830361,2026-08-10T14:51:01.192872,ground_truth,-0.613204,-2.789000,-0.152613,True,,,,,,,,,-0.162001,0.280055,0.378533,0.000000,0.000000,0.000000,0.000000,0.000000,0.000000,nan,nan,nan,nan,nan,nan,OFF
1786348261222096200,2026-08-10T14:51:01.222110,ground_truth,-0.615843,-2.801000,-0.153270,True,,,,,,,,,-0.162001,0.280055,0.378533,0.000000,0.000000,0.000000,0.000000,0.000000,0.000000,nan,nan,nan,nan,nan,nan,OFF
1786348261254044263,2026-08-10T14:51:01.254063,ground_truth,-0.618701,-2.814000,-0.153981,True,,,,,,,,,-0.162001,0.280055,0.378533,0.000000,0.000000,0.000000,0.000000,0.000000,0.000000,nan,nan,nan,nan,nan,nan,OFF
1786348261288347699,2026-08-10T14:51:01.288366,ground_truth,-0.615843,-2.801000,-0.153270,True,,,,,,,,,-0.162001,0.280055,0.378533,0.000000,0.000000,0.000000,0.000000,0.000000,0.000000,nan,nan,nan,nan,nan,nan,OFF
1786348261326754733,2026-08-10T14:51:01.326772,ground_truth,-0.618701,-2.814000,-0.153981,True,,,,,,,,,-0.162001,0.280055,0.378533,0.000000,0.000000,0.000000,0.000000,0.000000,0.000000,nan,nan,nan,nan,nan,nan,OFF
1786348261356442705,2026-08-10T14:51:01.356462,ground_truth,-0.618701,-2.814000,-0.153981,True,,,,,,,,,-0.162001,0.280055,0.378533,0.000000,0.000000,0.000000,0.000000,0.000000,0.000000,nan,nan,nan,nan,nan,nan,OFF
1786348261388865953,2026-08-10T14:51:01.388892,ground_truth,-0.621559,-2.827000,-0.154693,True,,,,,,,,,-0.162001,0.280055,0.378533,0.000000,0.000000,0.000000,0.000000,0.000000,0.000000,nan,nan,nan,nan,nan,nan,OFF
1786348261425244767,2026-08-10T14:51:01.425263,ground_truth,-0.624417,-2.840000,-0.155404,True,,,,,,,,,-0.162001,0.280055,0.378533,0.000000,0.000000,0.000000,0.000000,0.000000,0.000000,nan,nan,nan,nan,nan,nan,OFF
1786348261465777987,2026-08-10T14:51:01.465843,ground_truth,-0.624417,-2.840000,-0.155404,True,,,,,,,,,-0.162001,0.280055,0.378533,0.000000,0.000000,0.000000,0.000000,0.000000,0.000000,nan,nan,nan,nan,nan,nan,OFF
1786348261496456274,2026-08-10T14:51:01.496480,ground_truth,-0.627495,-2.854000,-0.156170,True,,,,,,,,,-0.162001,0.280055,0.378533,0.000000,0.000000,0.000000,0.000000,0.000000,0.000000,nan,nan,nan,nan,nan,nan,OFF
1786348261531838392,2026-08-10T14:51:01.531886,ground_truth,-0.627495,-2.854000,-0.156170,True,,,,,,,,,-0.162001,0.280055,0.378533,0.000000,0.000000,0.000000,0.000000,0.000000,0.000000,nan,nan,nan,nan,nan,nan,OFF
1786348261582120974,2026-08-10T14:51:01.582146,ground_truth,-0.610346,-2.776000,-0.147316,True,,,,,,,,,-0.162001,0.280055,0.378533,0.000000,0.000000,0.000000,0.000000,0.000000,0.000000,nan,nan,nan,nan,nan,nan,OFF
1786348261629473490,2026-08-10T14:51:01.629506,ground_truth,-0.614061,-2.814000,-0.149332,True,,,,,,,,,-0.162001,0.280055,0.378533,0.000000,0.000000,0.000000,0.000000,0.000000,0.000000,nan,nan,nan,nan,nan,nan,OFF
1786348261688024725,2026-08-10T14:51:01.688044,ground_truth,-0.608605,-2.789000,-0.148006,True,,,,,,,,,-0.162001,0.280055,0.378533,0.000000,0.000000,0.000000,0.000000,0.000000,0.000000,nan,nan,nan,nan,nan,nan,OFF
1786348261743966496,2026-08-10T14:51:01.743988,ground_truth,-0.622789,-2.854000,-0.156170,True,,,,,,,,,-0.162001,0.280055,0.378533,0.000000,0.000000,0.000000,0.000000,0.000000,0.000000,nan,nan,nan,nan,nan,nan,OFF
1786348261777619534,2026-08-10T14:51:01.777659,ground_truth,-0.622789,-2.854000,-0.156170,True,,,,,,,,,-0.162001,0.280055,0.378533,0.000000,0.000000,0.000000,0.000000,0.000000,0.000000,nan,nan,nan,nan,nan,nan,OFF
1786348261822633259,2026-08-10T14:51:01.822649,ground_truth,-0.618083,-2.854000,-0.156170,True,,,,,,,,,-0.162001,0.280055,0.378533,0.000000,0.000000,0.000000,0.000000,0.000000,0.000000,nan,nan,nan,nan,nan,nan,OFF
1786348261861884941,2026-08-10T14:51:01.861908,ground_truth,-0.615052,-2.840000,-0.155404,True,,,,,,,,,-0.162001,0.280055,0.378533,0.000000,0.000000,0.000000,0.000000,0.000000,0.000000,nan,nan,nan,nan,nan,nan,OFF
1786348261891432175,2026-08-10T14:51:01.891446,ground_truth,-0.620899,-2.867000,-0.156881,True,,,,,,,,,-0.162001,0.280055,0.378533,0.000000,0.000000,0.000000,0.000000,0.000000,0.000000,nan,nan,nan,nan,nan,nan,OFF
1786348261922886339,2026-08-10T14:51:01.922902,ground_truth,-0.618083,-2.854000,-0.156170,True,,,,,,,,,-0.162001,0.280055,0.378533,0.000000,0.000000,0.000000,0.000000,0.000000,0.000000,nan,nan,nan,nan,nan,nan,OFF
1786348261957072160,2026-08-10T14:51:01.957110,ground_truth,-0.620899,-2.867000,-0.156881,True,,,,,,,,,-0.162001,0.280055,0.378533,0.000000,0.000000,0.000000,0.000000,0.000000,0.000000,nan,nan,nan,nan,nan,nan,OFF
1786348261988042693,2026-08-10T14:51:01.988076,ground_truth,-0.600313,-2.751000,-0.141444,True,,,,,,,,,-0.162001,0.280055,0.378533,0.000000,0.000000,0.000000,0.000000,0.000000,0.000000,nan,nan,nan,nan,nan,nan,OFF
1786348262022599109,2026-08-10T14:51:02.022614,ground_truth,-0.593436,-2.679000,-0.128890,True,,,,,,,,,-0.162001,0.280055,0.378533,0.000000,0.000000,0.000000,0.000000,0.000000,0.000000,nan,nan,nan,nan,nan,nan,OFF
1786348262054699982,2026-08-10T14:51:02.054716,ground_truth,-0.596094,-2.691000,-0.129468,True,,,,,,,,,-0.162001,0.280055,0.378533,0.000000,0.000000,0.000000,0.000000,0.000000,0.000000,nan,nan,nan,nan,nan,nan,OFF
1786348262089077968,2026-08-10T14:51:02.089116,ground_truth,-0.637810,-2.776000,-0.110626,True,,,,,,,,,-0.162001,0.280055,0.378533,0.000000,0.000000,0.000000,0.000000,0.000000,0.000000,nan,nan,nan,nan,nan,nan,OFF
1786348262123213493,2026-08-10T14:51:02.123226,ground_truth,-0.609406,-2.691000,-0.116131,True,,,,,,,,,-0.162001,0.280055,0.378533,0.000000,0.000000,0.000000,0.000000,0.000000,0.000000,nan,nan,nan,nan,nan,nan,OFF
1786348262156022052,2026-08-10T14:51:02.156057,ground_truth,-0.607667,-2.703000,-0.121114,True,,,,,,,,,-0.162001,0.280055,0.378533,0.000000,0.000000,0.000000,0.000000,0.000000,0.000000,nan,nan,nan,nan,nan,nan,OFF
1786348262188474343,2026-08-10T14:51:02.188495,ground_truth,-0.602211,-2.739000,-0.140827,True,,,,,,,,,-0.162001,0.280055,0.378533,0.000000,0.000000,0.000000,0.000000,0.000000,0.000000,nan,nan,nan,nan,nan,nan,OFF
1786348262223081315,2026-08-10T14:51:02.223097,ground_truth,-0.602211,-2.739000,-0.140827,True,,,,,,,,,-0.162001,0.280055,0.378533,0.000000,0.000000,0.000000,0.000000,0.000000,0.000000,nan,nan,nan,nan,nan,nan,OFF
1786348262255617787,2026-08-10T14:51:02.255660,ground_truth,-0.593178,-2.739000,-0.145352,True,,,,,,,,,-0.162001,0.280055,0.378533,0.000000,0.000000,0.000000,0.000000,0.000000,0.000000,nan,nan,nan,nan,nan,nan,OFF
1786348262287947185,2026-08-10T14:51:02.287959,ground_truth,-0.618083,-2.854000,-0.156170,True,,,,,,,,,-0.162001,0.280055,0.378533,0.000000,0.000000,0.000000,0.000000,0.000000,0.000000,nan,nan,nan,nan,nan,nan,OFF
1786348262322497639,2026-08-10T14:51:02.322513,ground_truth,-0.623714,-2.880000,-0.162351,True,,,,,,,,,-0.162001,0.280055,0.378533,0.000000,0.000000,0.000000,0.000000,0.000000,0.000000,nan,nan,nan,nan,nan,nan,OFF
1786348262355128991,2026-08-10T14:51:02.355150,ground_truth,-0.616171,-2.867000,-0.161618,True,,,,,,,,,-0.162001,0.280055,0.378533,0.000000,0.000000,0.000000,0.000000,0.000000,0.000000,nan,nan,nan,nan,nan,nan,OFF
1786348262387860534,2026-08-10T14:51:02.387879,ground_truth,-0.607575,-2.827000,-0.159363,True,,,,,,,,,-0.162001,0.280055,0.378533,0.000000,0.000000,0.000000,0.000000,0.000000,0.000000,nan,nan,nan,nan,nan,nan,OFF
1786348262420380915,2026-08-10T14:51:02.420430,ground_truth,-0.619491,-2.860500,-0.161251,True,,,,,,,,,-0.162001,0.280055,0.378533,0.000000,0.000000,0.000000,0.000000,0.000000,0.000000,nan,nan,nan,nan,nan,nan,OFF
1786348262453315194,2026-08-10T14:51:02.453330,ground_truth,-0.619491,-2.860500,-0.161251,True,,,,,,,,,-0.162001,0.280055,0.378533,0.000000,0.000000,0.000000,0.000000,0.000000,0.000000,nan,nan,nan,nan,nan,nan,OFF
1786348262487617195,2026-08-10T14:51:02.487654,ground_truth,-0.619491,-2.860500,-0.161251,True,,,,,,,,,-0.162001,0.280055,0.378533,0.000000,0.000000,0.000000,0.000000,0.000000,0.000000,nan,nan,nan,nan,nan,nan,OFF
1786348262520030232,2026-08-10T14:51:02.520104,ground_truth,-0.620899,-2.867000,-0.161618,True,,,,,,,,,-0.162001,0.280055,0.378533,0.000000,0.000000,0.000000,0.000000,0.000000,0.000000,nan,nan,nan,nan,nan,nan,OFF
1786348262554798611,2026-08-10T14:51:02.554830,ground_truth,-0.609421,-2.814000,-0.153981,True,,,,,,,,,-0.162001,0.280055,0.378533,0.000000,0.000000,0.000000,0.000000,0.000000,0.000000,nan,nan,nan,nan,nan,nan,OFF
1786348262590322948,2026-08-10T14:51:02.590349,ground_truth,-0.612236,-2.827000,-0.154693,True,,,,,,,,,-0.162001,0.280055,0.378533,0.000000,0.000000,0.000000,0.000000,0.000000,0.000000,nan,nan,nan,nan,nan,nan,OFF
1786348262622657836,2026-08-10T14:51:02.622671,ground_truth,-0.609421,-2.814000,-0.153981,True,,,,,,,,,-0.162001,0.280055,0.378533,0.000000,0.000000,0.000000,0.000000,0.000000,0.000000,nan,nan,nan,nan,nan,nan,OFF
1786348262654779478,2026-08-10T14:51:02.654812,ground_truth,-0.615052,-2.840000,-0.155404,True,,,,,,,,,-0.162001,0.280055,0.378533,0.000000,0.000000,0.000000,0.000000,0.000000,0.000000,nan,nan,nan,nan,nan,nan,OFF
1786348262690448802,2026-08-10T14:51:02.690479,ground_truth,-0.612236,-2.827000,-0.154693,True,,,,,,,,,-0.162001,0.280055,0.378533,0.000000,0.000000,0.000000,0.000000,0.000000,0.000000,nan,nan,nan,nan,nan,nan,OFF
1786348262723350298,2026-08-10T14:51:02.723366,ground_truth,-0.612236,-2.827000,-0.154693,True,,,,,,,,,-0.162001,0.280055,0.378533,0.000000,0.000000,0.000000,0.000000,0.000000,0.000000,nan,nan,nan,nan,nan,nan,OFF
1786348262756823382,2026-08-10T14:51:02.756858,ground_truth,-0.604007,-2.789000,-0.152613,True,,,,,,,,,-0.162001,0.280055,0.378533,0.000000,0.000000,0.000000,0.000000,0.000000,0.000000,nan,nan,nan,nan,nan,nan,OFF
1786348262789162448,2026-08-10T14:51:02.789195,ground_truth,-0.612236,-2.827000,-0.154693,True,,,,,,,,,-0.162001,0.280055,0.378533,0.000000,0.000000,0.000000,0.000000,0.000000,0.000000,nan,nan,nan,nan,nan,nan,OFF
1786348262823061012,2026-08-10T14:51:02.823086,ground_truth,-0.612236,-2.827000,-0.154693,True,,,,,,,,,-0.162001,0.280055,0.378533,0.000000,0.000000,0.000000,0.000000,0.000000,0.000000,nan,nan,nan,nan,nan,nan,OFF
1786348262859063278,2026-08-10T14:51:02.859090,ground_truth,-0.615052,-2.840000,-0.155404,True,,,,,,,,,-0.162001,0.280055,0.378533,0.000000,0.000000,0.000000,0.000000,0.000000,0.000000,nan,nan,nan,nan,nan,nan,OFF
1786348262890814135,2026-08-10T14:51:02.890843,ground_truth,-0.612236,-2.827000,-0.154693,True,,,,,,,,,-0.162001,0.280055,0.378533,0.000000,0.000000,0.000000,0.000000,0.000000,0.000000,nan,nan,nan,nan,nan,nan,OFF
1786348262925158066,2026-08-10T14:51:02.925176,ground_truth,-0.618083,-2.854000,-0.156170,True,,,,,,,,,-0.162001,0.280055,0.378533,0.000000,0.000000,0.000000,0.000000,0.000000,0.000000,nan,nan,nan,nan,nan,nan,OFF
1786348262958891125,2026-08-10T14:51:02.958926,ground_truth,-0.603384,-2.807500,-0.153625,True,,,,,,,,,-0.162001,0.280055,0.378533,0.000000,0.000000,0.000000,0.000000,0.000000,0.000000,nan,nan,nan,nan,nan,nan,OFF
1786348262992240474,2026-08-10T14:51:02.992254,ground_truth,-0.604781,-2.814000,-0.153981,True,,,,,,,,,-0.162001,0.280055,0.378533,0.000000,0.000000,0.000000,0.000000,0.000000,0.000000,nan,nan,nan,nan,nan,nan,OFF
1786348263023245740,2026-08-10T14:51:03.023260,ground_truth,-0.612236,-2.827000,-0.154693,True,,,,,,,,,-0.162001,0.280055,0.378533,0.000000,0.000000,0.000000,0.000000,0.000000,0.000000,nan,nan,nan,nan,nan,nan,OFF
1786348263056078465,2026-08-10T14:51:03.056105,ground_truth,-0.621974,-2.894000,-0.163140,True,,,,,,,,,-0.162001,0.280055,0.378533,0.000000,0.000000,0.000000,0.000000,0.000000,0.000000,nan,nan,nan,nan,nan,nan,OFF
1786348263088273555,2026-08-10T14:51:03.088312,ground_truth,-0.626746,-2.894000,-0.163140,True,,,,,,,,,-0.162001,0.280055,0.378533,0.000000,0.000000,0.000000,0.000000,0.000000,0.000000,nan,nan,nan,nan,nan,nan,OFF
1786348263124023240,2026-08-10T14:51:03.124039,ground_truth,-0.629778,-2.908000,-0.163929,True,,,,,,,,,-0.162001,0.280055,0.378533,0.000000,0.000000,0.000000,0.000000,0.000000,0.000000,nan,nan,nan,nan,nan,nan,OFF
1786348263156972216,2026-08-10T14:51:03.156998,ground_truth,-0.620899,-2.867000,-0.161618,True,,,,,,,,,-0.162001,0.280055,0.378533,0.000000,0.000000,0.000000,0.000000,0.000000,0.000000,nan,nan,nan,nan,nan,nan,OFF
1786348263188111698,2026-08-10T14:51:03.188148,ground_truth,-0.620899,-2.867000,-0.161618,True,,,,,,,,,-0.162001,0.280055,0.378533,0.000000,0.000000,0.000000,0.000000,0.000000,0.000000,nan,nan,nan,nan,nan,nan,OFF
1786348263221249382,2026-08-10T14:51:03.221285,ground_truth,-0.620899,-2.867000,-0.161618,True,,,,,,,,,-0.162001,0.280055,0.378533,0.000000,0.000000,0.000000,0.000000,0.000000,0.000000,nan,nan,nan,nan,nan,nan,OFF
1786348263255368184,2026-08-10T14:51:03.255415,ground_truth,-0.620899,-2.867000,-0.161618,True,,,,,,,,,-0.162001,0.280055,0.378533,0.000000,0.000000,0.000000,0.000000,0.000000,0.000000,nan,nan,nan,nan,nan,nan,OFF
1786348263290138044,2026-08-10T14:51:03.290187,ground_truth,-0.620899,-2.867000,-0.161618,True,,,,,,,,,-0.162001,0.280055,0.378533,0.000000,0.000000,0.000000,0.000000,0.000000,0.000000,nan,nan,nan,nan,nan,nan,OFF
1786348263322466128,2026-08-10T14:51:03.322507,ground_truth,-0.628463,-2.880000,-0.162351,True,,,,,,,,,-0.162001,0.280055,0.378533,0.000000,0.000000,0.000000,0.000000,0.000000,0.000000,nan,nan,nan,nan,nan,nan,OFF
1786348263358548195,2026-08-10T14:51:03.358600,ground_truth,-0.622789,-2.854000,-0.156170,True,,,,,,,,,-0.162001,0.280055,0.378533,0.000000,0.000000,0.000000,0.000000,0.000000,0.000000,nan,nan,nan,nan,nan,nan,OFF
1786348263390447804,2026-08-10T14:51:03.390490,ground_truth,-0.630354,-2.867000,-0.156881,True,,,,,,,,,-0.162001,0.280055,0.378533,0.000000,0.000000,0.000000,0.000000,0.000000,0.000000,nan,nan,nan,nan,nan,nan,OFF
1786348263423961274,2026-08-10T14:51:03.423975,ground_truth,-0.630354,-2.867000,-0.156881,True,,,,,,,,,-0.162001,0.280055,0.378533,0.000000,0.000000,0.000000,0.000000,0.000000,0.000000,nan,nan,nan,nan,nan,nan,OFF
1786348263457385834,2026-08-10T14:51:03.457423,ground_truth,-0.627530,-2.751000,-0.095996,True,,,,,,,,,-0.162001,0.280055,0.378533,0.000000,0.000000,0.000000,0.000000,0.000000,0.000000,nan,nan,nan,nan,nan,nan,OFF
1786348263491596871,2026-08-10T14:51:03.491619,ground_truth,-0.702109,-2.950000,-0.083445,True,,,,,,,,,-0.162001,0.280055,0.378533,0.000000,0.000000,0.000000,0.000000,0.000000,0.000000,nan,nan,nan,nan,nan,nan,OFF
1786348263523785219,2026-08-10T14:51:03.523800,ground_truth,-0.679237,-2.894000,-0.096205,True,,,,,,,,,-0.162001,0.280055,0.378533,0.000000,0.000000,0.000000,0.000000,0.000000,0.000000,nan,nan,nan,nan,nan,nan,OFF
1786348263558343537,2026-08-10T14:51:03.558370,ground_truth,-0.449699,-2.589000,-0.034739,True,,,,,,,,,-0.162001,0.280055,0.378533,0.000000,0.000000,0.000000,0.000000,0.000000,0.000000,nan,nan,nan,nan,nan,nan,OFF
1786348263590298902,2026-08-10T14:51:03.590331,ground_truth,-0.479740,-2.567000,-0.042925,True,,,,,,,,,-0.162001,0.280055,0.378533,0.000000,0.000000,0.000000,0.000000,0.000000,0.000000,nan,nan,nan,nan,nan,nan,OFF
1786348263622963677,2026-08-10T14:51:03.622979,ground_truth,-0.402577,-2.644000,-0.009268,True,,,,,,,,,-0.162001,0.280055,0.378533,0.000000,0.000000,0.000000,0.000000,0.000000,0.000000,nan,nan,nan,nan,nan,nan,OFF
1786348263660124847,2026-08-10T14:51:03.660146,ground_truth,-0.334496,-2.525000,-0.008851,True,,,,,,,,,-0.162001,0.280055,0.378533,0.000000,0.000000,0.000000,0.000000,0.000000,0.000000,nan,nan,nan,nan,nan,nan,OFF
1786348263693663855,2026-08-10T14:51:03.693680,ground_truth,-0.366665,-2.546000,-0.021543,True,,,,,,,,,-0.162001,0.280055,0.378533,0.000000,0.000000,0.000000,0.000000,0.000000,0.000000,nan,nan,nan,nan,nan,nan,OFF
1786348263723825267,2026-08-10T14:51:03.723850,ground_truth,-0.393857,-2.644000,-0.004900,True,,,,,,,,,-0.162001,0.280055,0.378533,0.000000,0.000000,0.000000,0.000000,0.000000,0.000000,nan,nan,nan,nan,nan,nan,OFF
1786348263758447897,2026-08-10T14:51:03.758484,ground_truth,-0.555166,-2.644000,-0.009268,True,,,,,,,,,-0.162001,0.280055,0.378533,0.000000,0.000000,0.000000,0.000000,0.000000,0.000000,nan,nan,nan,nan,nan,nan,OFF
1786348263792154324,2026-08-10T14:51:03.792169,ground_truth,-0.644536,-2.867000,0.008896,True,,,,,,,,,-0.162001,0.280055,0.378533,0.000000,0.000000,0.000000,0.000000,0.000000,0.000000,nan,nan,nan,nan,nan,nan,OFF
1786348263955962589,2026-08-10T14:51:03.955987,ground_truth,-0.636907,-2.854000,0.018285,True,,,,,,,,,-0.162001,0.280055,0.378533,0.000000,0.000000,0.000000,0.000000,0.000000,0.000000,nan,nan,nan,nan,nan,nan,OFF
1786348263989423077,2026-08-10T14:51:03.989463,ground_truth,-0.633232,-2.776000,-0.060179,True,,,,,,,,,-0.162001,0.280055,0.378533,0.000000,0.000000,0.000000,0.000000,0.000000,0.000000,nan,nan,nan,nan,nan,nan,OFF
1786348264023295089,2026-08-10T14:51:04.023310,ground_truth,-0.338660,-2.525000,-0.021366,True,,,,,,,,,-0.162001,0.280055,0.378533,0.000000,0.000000,0.000000,0.000000,0.000000,0.000000,nan,nan,nan,nan,nan,nan,OFF
1786348265332786686,2026-08-10T14:51:05.332807,ground_truth,-0.852541,-2.867000,-0.024260,True,,,,,,,,,-0.162001,0.280055,0.378533,0.000000,0.000000,0.000000,0.000000,0.000000,0.000000,nan,nan,nan,nan,nan,nan,OFF
1786348265574876879,2026-08-10T14:51:05.574911,ground_truth,-0.343683,-2.333000,0.138284,True,,,,,,,,,-0.162001,0.280055,0.378533,0.000000,0.000000,0.000000,0.000000,0.000000,0.000000,nan,nan,nan,nan,nan,nan,OFF
1786348265601194143,2026-08-10T14:51:05.601206,ground_truth,-0.352732,-2.342000,0.162033,True,,,,,,,,,-0.162001,0.280055,0.378533,0.000000,0.000000,0.000000,0.000000,0.000000,0.000000,nan,nan,nan,nan,nan,nan,OFF
1786348265658210781,2026-08-10T14:51:05.658258,ground_truth,-0.406254,-2.887000,0.099579,True,,,,,,,,,-0.162001,0.280055,0.378533,0.000000,0.000000,0.000000,0.000000,0.000000,0.000000,nan,nan,nan,nan,nan,nan,OFF
1786348265690238421,2026-08-10T14:51:05.690284,ground_truth,-0.350194,-2.611000,0.103000,True,,,,,,,,,-0.162001,0.280055,0.378533,0.000000,0.000000,0.000000,0.000000,0.000000,0.000000,nan,nan,nan,nan,nan,nan,OFF
1786348265725765269,2026-08-10T14:51:05.725783,ground_truth,-0.293674,-2.333000,0.165264,True,,,,,,,,,-0.162001,0.280055,0.378533,0.000000,0.000000,0.000000,0.000000,0.000000,0.000000,nan,nan,nan,nan,nan,nan,OFF
1786348265760159703,2026-08-10T14:51:05.760194,ground_truth,-0.289827,-2.333000,0.180681,True,,,,,,,,,-0.162001,0.280055,0.378533,0.000000,0.000000,0.000000,0.000000,0.000000,0.000000,nan,nan,nan,nan,nan,nan,OFF
1786348265792883427,2026-08-10T14:51:05.792898,ground_truth,-0.261885,-2.324000,0.191503,True,,,,,,,,,-0.162001,0.280055,0.378533,0.000000,0.000000,0.000000,0.000000,0.000000,0.000000,nan,nan,nan,nan,nan,nan,OFF
1786348265826561628,2026-08-10T14:51:05.826610,ground_truth,-0.193777,-2.289000,0.173492,True,,,,,,,,,-0.162001,0.280055,0.378533,0.000000,0.000000,0.000000,0.000000,0.000000,0.000000,nan,nan,nan,nan,nan,nan,OFF
1786348265858655584,2026-08-10T14:51:05.858687,ground_truth,-0.219428,-2.281000,0.187959,True,,,,,,,,,-0.162001,0.280055,0.378533,0.000000,0.000000,0.000000,0.000000,0.000000,0.000000,nan,nan,nan,nan,nan,nan,OFF
1786348265892139976,2026-08-10T14:51:05.892152,ground_truth,-0.240844,-2.306000,0.186210,True,,,,,,,,,-0.162001,0.280055,0.378533,0.000000,0.000000,0.000000,0.000000,0.000000,0.000000,nan,nan,nan,nan,nan,nan,OFF
1786348265924804658,2026-08-10T14:51:05.924817,ground_truth,-0.248449,-2.306000,0.186210,True,,,,,,,,,-0.162001,0.280055,0.378533,0.000000,0.000000,0.000000,0.000000,0.000000,0.000000,nan,nan,nan,nan,nan,nan,OFF
1786348265962083990,2026-08-10T14:51:05.962100,ground_truth,-0.251376,-2.298000,0.181767,True,,,,,,,,,-0.162001,0.280055,0.378533,0.000000,0.000000,0.000000,0.000000,0.000000,0.000000,nan,nan,nan,nan,nan,nan,OFF
1786348265992669647,2026-08-10T14:51:05.992685,ground_truth,-0.129918,-2.514000,0.140706,True,,,,,,,,,-0.162001,0.280055,0.378533,0.000000,0.000000,0.000000,0.000000,0.000000,0.000000,nan,nan,nan,nan,nan,nan,OFF
1786348266026526246,2026-08-10T14:51:06.026571,ground_truth,-0.172995,-2.264000,0.156636,True,,,,,,,,,-0.162001,0.280055,0.378533,0.000000,0.000000,0.000000,0.000000,0.000000,0.000000,nan,nan,nan,nan,nan,nan,OFF
1786348266062344858,2026-08-10T14:51:06.062361,ground_truth,-0.191661,-2.264000,0.171597,True,,,,,,,,,-0.162001,0.280055,0.378533,0.000000,0.000000,0.000000,0.000000,0.000000,0.000000,nan,nan,nan,nan,nan,nan,OFF
1786348266092026523,2026-08-10T14:51:06.092039,ground_truth,-0.214816,-2.272000,0.172204,True,,,,,,,,,-0.162001,0.280055,0.378533,0.000000,0.000000,0.000000,0.000000,0.000000,0.000000,nan,nan,nan,nan,nan,nan,OFF
1786348266127005307,2026-08-10T14:51:06.127052,ground_truth,-0.213303,-2.256000,0.170991,True,,,,,,,,,-0.162001,0.280055,0.378533,0.000000,0.000000,0.000000,0.000000,0.000000,0.000000,nan,nan,nan,nan,nan,nan,OFF
1786348266161107603,2026-08-10T14:51:06.161154,ground_truth,-0.137702,-2.298000,0.121024,True,,,,,,,,,-0.162001,0.280055,0.378533,0.000000,0.000000,0.000000,0.000000,0.000000,0.000000,nan,nan,nan,nan,nan,nan,OFF
1786348266192743016,2026-08-10T14:51:06.192759,ground_truth,-0.170275,-2.922000,0.028376,True,,,,,,,,,-0.162001,0.280055,0.378533,0.000000,0.000000,0.000000,0.000000,0.000000,0.000000,nan,nan,nan,nan,nan,nan,OFF
1786348266224905151,2026-08-10T14:51:06.224965,ground_truth,-0.167042,-2.950000,-0.005468,True,,,,,,,,,-0.162001,0.280055,0.378533,0.000000,0.000000,0.000000,0.000000,0.000000,0.000000,nan,nan,nan,nan,nan,nan,OFF
1786348266660082210,2026-08-10T14:51:06.660111,ground_truth,0.139405,-2.950000,-0.098066,True,,,,,,,,,-0.162001,0.280055,0.378533,0.000000,0.000000,0.000000,0.000000,0.000000,0.000000,nan,nan,nan,nan,nan,nan,OFF
1786348266697063234,2026-08-10T14:51:06.697102,ground_truth,0.172572,-2.935000,-0.092719,True,,,,,,,,,-0.162001,0.280055,0.378533,0.000000,0.000000,0.000000,0.000000,0.000000,0.000000,nan,nan,nan,nan,nan,nan,OFF
1786348266731068465,2026-08-10T14:51:06.731098,ground_truth,0.197831,-2.880000,-0.071949,True,,,,,,,,,-0.162001,0.280055,0.378533,0.000000,0.000000,0.000000,0.000000,0.000000,0.000000,nan,nan,nan,nan,nan,nan,OFF
1786348266759823547,2026-08-10T14:51:06.759836,ground_truth,0.209132,-2.840000,-0.033415,True,,,,,,,,,-0.162001,0.280055,0.378533,0.000000,0.000000,0.000000,0.000000,0.000000,0.000000,nan,nan,nan,nan,nan,nan,OFF
1786348266792060835,2026-08-10T14:51:06.792092,ground_truth,0.216498,-2.814000,-0.019162,True,,,,,,,,,-0.162001,0.280055,0.378533,0.000000,0.000000,0.000000,0.000000,0.000000,0.000000,nan,nan,nan,nan,nan,nan,OFF
1786348266826870988,2026-08-10T14:51:06.826915,ground_truth,0.225778,-2.814000,-0.009864,True,,,,,,,,,-0.162001,0.280055,0.378533,0.000000,0.000000,0.000000,0.000000,0.000000,0.000000,nan,nan,nan,nan,nan,nan,OFF
1786348266861137317,2026-08-10T14:51:06.861175,ground_truth,0.224735,-2.801000,-0.005191,True,,,,,,,,,-0.162001,0.280055,0.378533,0.000000,0.000000,0.000000,0.000000,0.000000,0.000000,nan,nan,nan,nan,nan,nan,OFF
1786348266892553582,2026-08-10T14:51:06.892569,ground_truth,0.232969,-2.789000,-0.005169,True,,,,,,,,,-0.162001,0.280055,0.378533,0.000000,0.000000,0.000000,0.000000,0.000000,0.000000,nan,nan,nan,nan,nan,nan,OFF
1786348266928245693,2026-08-10T14:51:06.928265,ground_truth,0.229353,-2.801000,-0.009819,True,,,,,,,,,-0.162001,0.280055,0.378533,0.000000,0.000000,0.000000,0.000000,0.000000,0.000000,nan,nan,nan,nan,nan,nan,OFF
1786348266961368967,2026-08-10T14:51:06.961406,ground_truth,0.225778,-2.814000,-0.009864,True,,,,,,,,,-0.162001,0.280055,0.378533,0.000000,0.000000,0.000000,0.000000,0.000000,0.000000,nan,nan,nan,nan,nan,nan,OFF
1786348266992870715,2026-08-10T14:51:06.992886,ground_truth,0.223772,-2.789000,-0.018992,True,,,,,,,,,-0.162001,0.280055,0.378533,0.000000,0.000000,0.000000,0.000000,0.000000,0.000000,nan,nan,nan,nan,nan,nan,OFF
1786348267024153827,2026-08-10T14:51:07.024178,ground_truth,0.228371,-2.789000,-0.032815,True,,,,,,,,,-0.162001,0.280055,0.378533,0.000000,0.000000,0.000000,0.000000,0.000000,0.000000,nan,nan,nan,nan,nan,nan,OFF
1786348267058030422,2026-08-10T14:51:07.058049,ground_truth,0.226324,-2.764000,-0.041653,True,,,,,,,,,-0.162001,0.280055,0.378533,0.000000,0.000000,0.000000,0.000000,0.000000,0.000000,nan,nan,nan,nan,nan,nan,OFF
1786348267091339729,2026-08-10T14:51:07.091355,ground_truth,0.224277,-2.739000,-0.054852,True,,,,,,,,,-0.162001,0.280055,0.378533,0.000000,0.000000,0.000000,0.000000,0.000000,0.000000,nan,nan,nan,nan,nan,nan,OFF
1786348267124012383,2026-08-10T14:51:07.124055,ground_truth,0.226324,-2.764000,-0.064485,True,,,,,,,,,-0.162001,0.280055,0.378533,0.000000,0.000000,0.000000,0.000000,0.000000,0.000000,nan,nan,nan,nan,nan,nan,OFF
1786348267159727848,2026-08-10T14:51:07.159749,ground_truth,0.231884,-2.776000,-0.073937,True,,,,,,,,,-0.162001,0.280055,0.378533,0.000000,0.000000,0.000000,0.000000,0.000000,0.000000,nan,nan,nan,nan,nan,nan,OFF
1786348267191484230,2026-08-10T14:51:07.191523,ground_truth,0.242167,-2.789000,-0.078891,True,,,,,,,,,-0.162001,0.280055,0.378533,0.000000,0.000000,0.000000,0.000000,0.000000,0.000000,nan,nan,nan,nan,nan,nan,OFF
1786348267227307549,2026-08-10T14:51:07.227335,ground_truth,0.252446,-2.801000,-0.083858,True,,,,,,,,,-0.162001,0.280055,0.378533,0.000000,0.000000,0.000000,0.000000,0.000000,0.000000,nan,nan,nan,nan,nan,nan,OFF
1786348267259512534,2026-08-10T14:51:07.259537,ground_truth,0.265161,-2.789000,-0.083499,True,,,,,,,,,-0.162001,0.280055,0.378533,0.000000,0.000000,0.000000,0.000000,0.000000,0.000000,nan,nan,nan,nan,nan,nan,OFF
1786348267291345341,2026-08-10T14:51:07.291361,ground_truth,0.286098,-2.814000,-0.079598,True,,,,,,,,,-0.162001,0.280055,0.378533,0.000000,0.000000,0.000000,0.000000,0.000000,0.000000,nan,nan,nan,nan,nan,nan,OFF
1786348267326094837,2026-08-10T14:51:07.326139,ground_truth,0.300544,-2.776000,-0.078523,True,,,,,,,,,-0.162001,0.280055,0.378533,0.000000,0.000000,0.000000,0.000000,0.000000,0.000000,nan,nan,nan,nan,nan,nan,OFF
1786348267359560071,2026-08-10T14:51:07.359598,ground_truth,0.318853,-2.776000,-0.073937,True,,,,,,,,,-0.162001,0.280055,0.378533,0.000000,0.000000,0.000000,0.000000,0.000000,0.000000,nan,nan,nan,nan,nan,nan,OFF
1786348267395760959,2026-08-10T14:51:07.395807,ground_truth,0.328008,-2.776000,-0.064765,True,,,,,,,,,-0.162001,0.280055,0.378533,0.000000,0.000000,0.000000,0.000000,0.000000,0.000000,nan,nan,nan,nan,nan,nan,OFF
1786348267427777936,2026-08-10T14:51:07.427826,ground_truth,0.331211,-2.727000,-0.050106,True,,,,,,,,,-0.162001,0.280055,0.378533,0.000000,0.000000,0.000000,0.000000,0.000000,0.000000,nan,nan,nan,nan,nan,nan,OFF
1786348267458872508,2026-08-10T14:51:07.458900,ground_truth,0.329753,-2.715000,-0.036430,True,,,,,,,,,-0.162001,0.280055,0.378533,0.000000,0.000000,0.000000,0.000000,0.000000,0.000000,nan,nan,nan,nan,nan,nan,OFF
1786348267492632622,2026-08-10T14:51:07.492647,ground_truth,0.331211,-2.727000,-0.032085,True,,,,,,,,,-0.162001,0.280055,0.378533,0.000000,0.000000,0.000000,0.000000,0.000000,0.000000,nan,nan,nan,nan,nan,nan,OFF
1786348267525138800,2026-08-10T14:51:07.525167,ground_truth,0.337185,-2.739000,-0.027702,True,,,,,,,,,-0.162001,0.280055,0.378533,0.000000,0.000000,0.000000,0.000000,0.000000,0.000000,nan,nan,nan,nan,nan,nan,OFF
1786348267562010435,2026-08-10T14:51:07.562024,ground_truth,0.332668,-2.739000,-0.027702,True,,,,,,,,,-0.162001,0.280055,0.378533,0.000000,0.000000,0.000000,0.000000,0.000000,0.000000,nan,nan,nan,nan,nan,nan,OFF
1786348267593115727,2026-08-10T14:51:07.593131,ground_truth,0.326838,-2.691000,-0.027216,True,,,,,,,,,-0.162001,0.280055,0.378533,0.000000,0.000000,0.000000,0.000000,0.000000,0.000000,nan,nan,nan,nan,nan,nan,OFF
1786348267628672850,2026-08-10T14:51:07.628697,ground_truth,0.328296,-2.703000,-0.027338,True,,,,,,,,,-0.162001,0.280055,0.378533,0.000000,0.000000,0.000000,0.000000,0.000000,0.000000,nan,nan,nan,nan,nan,nan,OFF
1786348267659812629,2026-08-10T14:51:07.659853,ground_truth,0.329753,-2.715000,-0.027459,True,,,,,,,,,-0.162001,0.280055,0.378533,0.000000,0.000000,0.000000,0.000000,0.000000,0.000000,nan,nan,nan,nan,nan,nan,OFF
1786348267692082157,2026-08-10T14:51:07.692103,ground_truth,0.325381,-2.679000,-0.035947,True,,,,,,,,,-0.162001,0.280055,0.378533,0.000000,0.000000,0.000000,0.000000,0.000000,0.000000,nan,nan,nan,nan,nan,nan,OFF
1786348267729342691,2026-08-10T14:51:07.729382,ground_truth,0.322401,-2.691000,-0.053890,True,,,,,,,,,-0.162001,0.280055,0.378533,0.000000,0.000000,0.000000,0.000000,0.000000,0.000000,nan,nan,nan,nan,nan,nan,OFF
1786348267762875242,2026-08-10T14:51:07.762896,ground_truth,0.319526,-2.667000,-0.075440,True,,,,,,,,,-0.162001,0.280055,0.378533,0.000000,0.000000,0.000000,0.000000,0.000000,0.000000,nan,nan,nan,nan,nan,nan,OFF
1786348267794327174,2026-08-10T14:51:07.794357,ground_truth,0.312411,-2.644000,-0.087894,True,,,,,,,,,-0.162001,0.280055,0.378533,0.000000,0.000000,0.000000,0.000000,0.000000,0.000000,nan,nan,nan,nan,nan,nan,OFF
1786348267825209623,2026-08-10T14:51:07.825242,ground_truth,0.308051,-2.644000,-0.105366,True,,,,,,,,,-0.162001,0.280055,0.378533,0.000000,0.000000,0.000000,0.000000,0.000000,0.000000,nan,nan,nan,nan,nan,nan,OFF
1786348267857137671,2026-08-10T14:51:07.857165,ground_truth,0.299901,-2.611000,-0.116992,True,,,,,,,,,-0.162001,0.280055,0.378533,0.000000,0.000000,0.000000,0.000000,0.000000,0.000000,nan,nan,nan,nan,nan,nan,OFF
1786348267891510020,2026-08-10T14:51:07.891523,ground_truth,0.293105,-2.589000,-0.120283,True,,,,,,,,,-0.162001,0.280055,0.378533,0.000000,0.000000,0.000000,0.000000,0.000000,0.000000,nan,nan,nan,nan,nan,nan,OFF
1786348267923488324,2026-08-10T14:51:07.923504,ground_truth,0.285154,-2.556000,-0.127195,True,,,,,,,,,-0.162001,0.280055,0.378533,0.000000,0.000000,0.000000,0.000000,0.000000,0.000000,nan,nan,nan,nan,nan,nan,OFF
1786348267956422787,2026-08-10T14:51:07.956440,ground_truth,0.278632,-2.535000,-0.126150,True,,,,,,,,,-0.162001,0.280055,0.378533,0.000000,0.000000,0.000000,0.000000,0.000000,0.000000,nan,nan,nan,nan,nan,nan,OFF
1786348267991901040,2026-08-10T14:51:07.991922,ground_truth,0.271927,-2.474000,-0.119028,True,,,,,,,,,-0.162001,0.280055,0.378533,0.000000,0.000000,0.000000,0.000000,0.000000,0.000000,nan,nan,nan,nan,nan,nan,OFF
1786348268024909573,2026-08-10T14:51:08.024951,ground_truth,0.270013,-2.494000,-0.119990,True,,,,,,,,,-0.162001,0.280055,0.378533,0.000000,0.000000,0.000000,0.000000,0.000000,0.000000,nan,nan,nan,nan,nan,nan,OFF
1786348268058984805,2026-08-10T14:51:08.059005,ground_truth,0.256540,-2.444000,-0.113547,True,,,,,,,,,-0.162001,0.280055,0.378533,0.000000,0.000000,0.000000,0.000000,0.000000,0.000000,nan,nan,nan,nan,nan,nan,OFF
1786348268094050843,2026-08-10T14:51:08.094068,ground_truth,0.247565,-2.435000,-0.109106,True,,,,,,,,,-0.162001,0.280055,0.378533,0.000000,0.000000,0.000000,0.000000,0.000000,0.000000,nan,nan,nan,nan,nan,nan,OFF
1786348268129971496,2026-08-10T14:51:08.129997,ground_truth,0.241550,-2.415000,-0.096240,True,,,,,,,,,-0.162001,0.280055,0.378533,0.000000,0.000000,0.000000,0.000000,0.000000,0.000000,nan,nan,nan,nan,nan,nan,OFF
1786348268160547231,2026-08-10T14:51:08.160604,ground_truth,0.238551,-2.425000,-0.084620,True,,,,,,,,,-0.162001,0.280055,0.378533,0.000000,0.000000,0.000000,0.000000,0.000000,0.000000,nan,nan,nan,nan,nan,nan,OFF
1786348268194268349,2026-08-10T14:51:08.194287,ground_truth,0.230007,-2.378000,-0.071194,True,,,,,,,,,-0.162001,0.280055,0.378533,0.000000,0.000000,0.000000,0.000000,0.000000,0.000000,nan,nan,nan,nan,nan,nan,OFF
1786348268228857529,2026-08-10T14:51:08.228891,ground_truth,0.226086,-2.378000,-0.063337,True,,,,,,,,,-0.162001,0.280055,0.378533,0.000000,0.000000,0.000000,0.000000,0.000000,0.000000,nan,nan,nan,nan,nan,nan,OFF
1786348268259936791,2026-08-10T14:51:08.259976,ground_truth,0.219642,-2.351000,-0.054850,True,,,,,,,,,-0.162001,0.280055,0.378533,0.000000,0.000000,0.000000,0.000000,0.000000,0.000000,nan,nan,nan,nan,nan,nan,OFF
1786348268293345075,2026-08-10T14:51:08.293375,ground_truth,0.214113,-2.333000,-0.042867,True,,,,,,,,,-0.162001,0.280055,0.378533,0.000000,0.000000,0.000000,0.000000,0.000000,0.000000,nan,nan,nan,nan,nan,nan,OFF
1786348268326857686,2026-08-10T14:51:08.326909,ground_truth,0.212461,-2.315000,-0.034887,True,,,,,,,,,-0.162001,0.280055,0.378533,0.000000,0.000000,0.000000,0.000000,0.000000,0.000000,nan,nan,nan,nan,nan,nan,OFF
1786348268361732720,2026-08-10T14:51:08.361752,ground_truth,0.207112,-2.298000,-0.027038,True,,,,,,,,,-0.162001,0.280055,0.378533,0.000000,0.000000,0.000000,0.000000,0.000000,0.000000,nan,nan,nan,nan,nan,nan,OFF
1786348268396233743,2026-08-10T14:51:08.396284,ground_truth,0.207112,-2.298000,-0.015649,True,,,,,,,,,-0.162001,0.280055,0.378533,0.000000,0.000000,0.000000,0.000000,0.000000,0.000000,nan,nan,nan,nan,nan,nan,OFF
1786348268429166782,2026-08-10T14:51:08.429205,ground_truth,0.201819,-2.281000,-0.011764,True,,,,,,,,,-0.162001,0.280055,0.378533,0.000000,0.000000,0.000000,0.000000,0.000000,0.000000,nan,nan,nan,nan,nan,nan,OFF
1786348268463117427,2026-08-10T14:51:08.463132,ground_truth,0.199607,-2.256000,-0.011635,True,,,,,,,,,-0.162001,0.280055,0.378533,0.000000,0.000000,0.000000,0.000000,0.000000,0.000000,nan,nan,nan,nan,nan,nan,OFF
1786348268494886642,2026-08-10T14:51:08.494915,ground_truth,0.200315,-2.264000,-0.011677,True,,,,,,,,,-0.162001,0.280055,0.378533,0.000000,0.000000,0.000000,0.000000,0.000000,0.000000,nan,nan,nan,nan,nan,nan,OFF
1786348268526856669,2026-08-10T14:51:08.526902,ground_truth,0.197395,-2.231000,-0.007821,True,,,,,,,,,-0.162001,0.280055,0.378533,0.000000,0.000000,0.000000,0.000000,0.000000,0.000000,nan,nan,nan,nan,nan,nan,OFF
1786348268560489199,2026-08-10T14:51:08.560512,ground_truth,0.196687,-2.223000,-0.007793,True,,,,,,,,,-0.162001,0.280055,0.378533,0.000000,0.000000,0.000000,0.000000,0.000000,0.000000,nan,nan,nan,nan,nan,nan,OFF
1786348268591440358,2026-08-10T14:51:08.591457,ground_truth,0.201074,-2.231000,-0.004135,True,,,,,,,,,-0.162001,0.280055,0.378533,0.000000,0.000000,0.000000,0.000000,0.000000,0.000000,nan,nan,nan,nan,nan,nan,OFF
1786348268625178749,2026-08-10T14:51:08.625215,ground_truth,0.206189,-2.207000,-0.004090,True,,,,,,,,,-0.162001,0.280055,0.378533,0.000000,0.000000,0.000000,0.000000,0.000000,0.000000,nan,nan,nan,nan,nan,nan,OFF
1786348268658766404,2026-08-10T14:51:08.658803,ground_truth,0.211146,-2.183000,-0.000440,True,,,,,,,,,-0.162001,0.280055,0.378533,0.000000,0.000000,0.000000,0.000000,0.000000,0.000000,nan,nan,nan,nan,nan,nan,OFF
1786348268692720405,2026-08-10T14:51:08.692735,ground_truth,0.222758,-2.191000,-0.000441,True,,,,,,,,,-0.162001,0.280055,0.378533,0.000000,0.000000,0.000000,0.000000,0.000000,0.000000,nan,nan,nan,nan,nan,nan,OFF
1786348268726528610,2026-08-10T14:51:08.726560,ground_truth,0.226729,-2.160000,-0.000435,True,,,,,,,,,-0.162001,0.280055,0.378533,0.000000,0.000000,0.000000,0.000000,0.000000,0.000000,nan,nan,nan,nan,nan,nan,OFF
1786348268758960626,2026-08-10T14:51:08.759000,ground_truth,0.231997,-2.176000,-0.000438,True,,,,,,,,,-0.162001,0.280055,0.378533,0.000000,0.000000,0.000000,0.000000,0.000000,0.000000,nan,nan,nan,nan,nan,nan,OFF
1786348268792626729,2026-08-10T14:51:08.792670,ground_truth,0.233852,-2.160000,-0.004003,True,,,,,,,,,-0.162001,0.280055,0.378533,0.000000,0.000000,0.000000,0.000000,0.000000,0.000000,nan,nan,nan,nan,nan,nan,OFF
1786348268826700268,2026-08-10T14:51:08.826744,ground_truth,0.235585,-2.176000,-0.004033,True,,,,,,,,,-0.162001,0.280055,0.378533,0.000000,0.000000,0.000000,0.000000,0.000000,0.000000,nan,nan,nan,nan,nan,nan,OFF
1786348268859283342,2026-08-10T14:51:08.859317,ground_truth,0.234718,-2.168000,-0.007600,True,,,,,,,,,-0.162001,0.280055,0.378533,0.000000,0.000000,0.000000,0.000000,0.000000,0.000000,nan,nan,nan,nan,nan,nan,OFF
1786348268897928910,2026-08-10T14:51:08.897944,ground_truth,0.229544,-2.153000,-0.011104,True,,,,,,,,,-0.162001,0.280055,0.378533,0.000000,0.000000,0.000000,0.000000,0.000000,0.000000,nan,nan,nan,nan,nan,nan,OFF
1786348268928087721,2026-08-10T14:51:08.928132,ground_truth,0.227092,-2.130000,-0.014504,True,,,,,,,,,-0.162001,0.280055,0.378533,0.000000,0.000000,0.000000,0.000000,0.000000,0.000000,nan,nan,nan,nan,nan,nan,OFF
1786348268960843603,2026-08-10T14:51:08.960873,ground_truth,0.215132,-2.116000,-0.014409,True,,,,,,,,,-0.162001,0.280055,0.378533,0.000000,0.000000,0.000000,0.000000,0.000000,0.000000,nan,nan,nan,nan,nan,nan,OFF
1786348268996945751,2026-08-10T14:51:08.996974,ground_truth,0.199750,-2.101000,-0.014307,True,,,,,,,,,-0.162001,0.280055,0.378533,0.000000,0.000000,0.000000,0.000000,0.000000,0.000000,nan,nan,nan,nan,nan,nan,OFF
1786348269029241227,2026-08-10T14:51:09.029284,ground_truth,0.178590,-2.138000,-0.018091,True,,,,,,,,,-0.162001,0.280055,0.378533,0.000000,0.000000,0.000000,0.000000,0.000000,0.000000,nan,nan,nan,nan,nan,nan,OFF
1786348269062405444,2026-08-10T14:51:09.062419,ground_truth,0.156849,-2.130000,-0.018023,True,,,,,,,,,-0.162001,0.280055,0.378533,0.000000,0.000000,0.000000,0.000000,0.000000,0.000000,nan,nan,nan,nan,nan,nan,OFF
1786348269094480480,2026-08-10T14:51:09.094503,ground_truth,0.135776,-2.130000,-0.018023,True,,,,,,,,,-0.162001,0.280055,0.378533,0.000000,0.000000,0.000000,0.000000,0.000000,0.000000,nan,nan,nan,nan,nan,nan,OFF
1786348269126727292,2026-08-10T14:51:09.126771,ground_truth,0.109678,-2.101000,-0.021249,True,,,,,,,,,-0.162001,0.280055,0.378533,0.000000,0.000000,0.000000,0.000000,0.000000,0.000000,nan,nan,nan,nan,nan,nan,OFF
1786348269162425501,2026-08-10T14:51:09.162462,ground_truth,0.085427,-2.101000,-0.021249,True,,,,,,,,,-0.162001,0.280055,0.378533,0.000000,0.000000,0.000000,0.000000,0.000000,0.000000,nan,nan,nan,nan,nan,nan,OFF
1786348269194757476,2026-08-10T14:51:09.194841,ground_truth,0.065103,-2.116000,-0.017905,True,,,,,,,,,-0.162001,0.280055,0.378533,0.000000,0.000000,0.000000,0.000000,0.000000,0.000000,nan,nan,nan,nan,nan,nan,OFF
1786348269230832862,2026-08-10T14:51:09.230870,ground_truth,0.037050,-2.108000,-0.017837,True,,,,,,,,,-0.162001,0.280055,0.378533,0.000000,0.000000,0.000000,0.000000,0.000000,0.000000,nan,nan,nan,nan,nan,nan,OFF
1786348269262790254,2026-08-10T14:51:09.262825,ground_truth,0.020016,-2.145000,-0.018150,True,,,,,,,,,-0.162001,0.280055,0.378533,0.000000,0.000000,0.000000,0.000000,0.000000,0.000000,nan,nan,nan,nan,nan,nan,OFF
1786348269295943471,2026-08-10T14:51:09.296003,ground_truth,-0.001219,-2.168000,-0.018345,True,,,,,,,,,-0.162001,0.280055,0.378533,0.000000,0.000000,0.000000,0.000000,0.000000,0.000000,nan,nan,nan,nan,nan,nan,OFF
1786348269327659874,2026-08-10T14:51:09.327675,ground_truth,-0.011899,-2.160000,-0.018277,True,,,,,,,,,-0.162001,0.280055,0.378533,0.000000,0.000000,0.000000,0.000000,0.000000,0.000000,nan,nan,nan,nan,nan,nan,OFF
1786348269361373246,2026-08-10T14:51:09.361400,ground_truth,-0.019022,-2.160000,-0.014709,True,,,,,,,,,-0.162001,0.280055,0.378533,0.000000,0.000000,0.000000,0.000000,0.000000,0.000000,nan,nan,nan,nan,nan,nan,OFF
1786348269393709970,2026-08-10T14:51:09.393724,ground_truth,-0.015625,-2.183000,-0.007652,True,,,,,,,,,-0.162001,0.280055,0.378533,0.000000,0.000000,0.000000,0.000000,0.000000,0.000000,nan,nan,nan,nan,nan,nan,OFF
1786348269425989825,2026-08-10T14:51:09.426003,ground_truth,-0.022751,-2.176000,-0.007628,True,,,,,,,,,-0.162001,0.280055,0.378533,0.000000,0.000000,0.000000,0.000000,0.000000,0.000000,nan,nan,nan,nan,nan,nan,OFF
1786348269460235290,2026-08-10T14:51:09.460267,ground_truth,-0.026242,-2.168000,-0.007600,True,,,,,,,,,-0.162001,0.280055,0.378533,0.000000,0.000000,0.000000,0.000000,0.000000,0.000000,nan,nan,nan,nan,nan,nan,OFF
1786348269493737110,2026-08-10T14:51:09.493754,ground_truth,-0.022824,-2.183000,-0.004046,True,,,,,,,,,-0.162001,0.280055,0.378533,0.000000,0.000000,0.000000,0.000000,0.000000,0.000000,nan,nan,nan,nan,nan,nan,OFF
1786348269527322369,2026-08-10T14:51:09.527373,ground_truth,-0.026242,-2.168000,-0.004018,True,,,,,,,,,-0.162001,0.280055,0.378533,0.000000,0.000000,0.000000,0.000000,0.000000,0.000000,nan,nan,nan,nan,nan,nan,OFF
1786348269562482194,2026-08-10T14:51:09.562518,ground_truth,-0.022751,-2.176000,-0.004033,True,,,,,,,,,-0.162001,0.280055,0.378533,0.000000,0.000000,0.000000,0.000000,0.000000,0.000000,nan,nan,nan,nan,nan,nan,OFF
1786348269594094489,2026-08-10T14:51:09.594158,ground_truth,-0.022992,-2.199000,-0.004076,True,,,,,,,,,-0.162001,0.280055,0.378533,0.000000,0.000000,0.000000,0.000000,0.000000,0.000000,nan,nan,nan,nan,nan,nan,OFF
1786348269626783242,2026-08-10T14:51:09.626833,ground_truth,-0.019295,-2.191000,-0.004061,True,,,,,,,,,-0.162001,0.280055,0.378533,0.000000,0.000000,0.000000,0.000000,0.000000,0.000000,nan,nan,nan,nan,nan,nan,OFF
1786348269663205709,2026-08-10T14:51:09.663220,ground_truth,-0.019366,-2.199000,-0.004076,True,,,,,,,,,-0.162001,0.280055,0.378533,0.000000,0.000000,0.000000,0.000000,0.000000,0.000000,nan,nan,nan,nan,nan,nan,OFF
1786348269695370295,2026-08-10T14:51:09.695416,ground_truth,-0.019507,-2.215000,-0.004105,True,,,,,,,,,-0.162001,0.280055,0.378533,0.000000,0.000000,0.000000,0.000000,0.000000,0.000000,nan,nan,nan,nan,nan,nan,OFF
1786348269727627357,2026-08-10T14:51:09.727655,ground_truth,-0.019366,-2.199000,-0.004076,True,,,,,,,,,-0.162001,0.280055,0.378533,0.000000,0.000000,0.000000,0.000000,0.000000,0.000000,nan,nan,nan,nan,nan,nan,OFF
1786348269762563997,2026-08-10T14:51:09.762578,ground_truth,-0.019295,-2.191000,-0.004061,True,,,,,,,,,-0.162001,0.280055,0.378533,0.000000,0.000000,0.000000,0.000000,0.000000,0.000000,nan,nan,nan,nan,nan,nan,OFF
1786348269795896314,2026-08-10T14:51:09.795947,ground_truth,-0.019436,-2.207000,-0.000444,True,,,,,,,,,-0.162001,0.280055,0.378533,0.000000,0.000000,0.000000,0.000000,0.000000,0.000000,nan,nan,nan,nan,nan,nan,OFF
1786348269827364445,2026-08-10T14:51:09.827403,ground_truth,-0.019577,-2.223000,-0.000448,True,,,,,,,,,-0.162001,0.280055,0.378533,0.000000,0.000000,0.000000,0.000000,0.000000,0.000000,nan,nan,nan,nan,nan,nan,OFF
1786348269862557593,2026-08-10T14:51:09.862574,ground_truth,-0.015912,-2.223000,-0.000448,True,,,,,,,,,-0.162001,0.280055,0.378533,0.000000,0.000000,0.000000,0.000000,0.000000,0.000000,nan,nan,nan,nan,nan,nan,OFF
1786348269897162252,2026-08-10T14:51:09.897187,ground_truth,-0.015969,-2.231000,-0.000449,True,,,,,,,,,-0.162001,0.280055,0.378533,0.000000,0.000000,0.000000,0.000000,0.000000,0.000000,nan,nan,nan,nan,nan,nan,OFF
1786348269930467428,2026-08-10T14:51:09.930501,ground_truth,-0.015854,-2.215000,-0.000446,True,,,,,,,,,-0.162001,0.280055,0.378533,0.000000,0.000000,0.000000,0.000000,0.000000,0.000000,nan,nan,nan,nan,nan,nan,OFF
1786348269963607018,2026-08-10T14:51:09.963650,ground_truth,-0.012246,-2.223000,-0.000448,True,,,,,,,,,-0.162001,0.280055,0.378533,0.000000,0.000000,0.000000,0.000000,0.000000,0.000000,nan,nan,nan,nan,nan,nan,OFF
1786348269997626423,2026-08-10T14:51:09.997665,ground_truth,-0.012290,-2.231000,-0.000449,True,,,,,,,,,-0.162001,0.280055,0.378533,0.000000,0.000000,0.000000,0.000000,0.000000,0.000000,nan,nan,nan,nan,nan,nan,OFF
1786348270030984950,2026-08-10T14:51:10.031007,ground_truth,-0.012334,-2.239000,-0.004150,True,,,,,,,,,-0.162001,0.280055,0.378533,0.000000,0.000000,0.000000,0.000000,0.000000,0.000000,nan,nan,nan,nan,nan,nan,OFF
1786348270064044898,2026-08-10T14:51:10.064081,ground_truth,-0.012202,-2.215000,-0.004105,True,,,,,,,,,-0.162001,0.280055,0.378533,0.000000,0.000000,0.000000,0.000000,0.000000,0.000000,nan,nan,nan,nan,nan,nan,OFF
1786348270094131399,2026-08-10T14:51:10.094172,ground_truth,-0.012202,-2.215000,-0.004105,True,,,,,,,,,-0.162001,0.280055,0.378533,0.000000,0.000000,0.000000,0.000000,0.000000,0.000000,nan,nan,nan,nan,nan,nan,OFF
1786348270127467753,2026-08-10T14:51:10.127508,ground_truth,-0.012428,-2.256000,-0.004181,True,,,,,,,,,-0.162001,0.280055,0.378533,0.000000,0.000000,0.000000,0.000000,0.000000,0.000000,nan,nan,nan,nan,nan,nan,OFF
1786348270161703739,2026-08-10T14:51:10.161723,ground_truth,-0.012202,-2.215000,-0.004105,True,,,,,,,,,-0.162001,0.280055,0.378533,0.000000,0.000000,0.000000,0.000000,0.000000,0.000000,nan,nan,nan,nan,nan,nan,OFF
1786348270192966808,2026-08-10T14:51:10.192979,ground_truth,-0.008550,-2.215000,-0.004105,True,,,,,,,,,-0.162001,0.280055,0.378533,0.000000,0.000000,0.000000,0.000000,0.000000,0.000000,nan,nan,nan,nan,nan,nan,OFF
1786348270227932052,2026-08-10T14:51:10.227957,ground_truth,-0.008642,-2.239000,-0.015247,True,,,,,,,,,-0.162001,0.280055,0.378533,0.000000,0.000000,0.000000,0.000000,0.000000,0.000000,nan,nan,nan,nan,nan,nan,OFF
1786348270261661213,2026-08-10T14:51:10.261678,ground_truth,-0.008642,-2.239000,-0.018946,True,,,,,,,,,-0.162001,0.280055,0.378533,0.000000,0.000000,0.000000,0.000000,0.000000,0.000000,nan,nan,nan,nan,nan,nan,OFF
1786348270292638980,2026-08-10T14:51:10.292653,ground_truth,-0.008770,-2.272000,-0.019225,True,,,,,,,,,-0.162001,0.280055,0.378533,0.000000,0.000000,0.000000,0.000000,0.000000,0.000000,nan,nan,nan,nan,nan,nan,OFF
1786348270325500190,2026-08-10T14:51:10.325545,ground_truth,-0.008835,-2.289000,-0.023150,True,,,,,,,,,-0.162001,0.280055,0.378533,0.000000,0.000000,0.000000,0.000000,0.000000,0.000000,nan,nan,nan,nan,nan,nan,OFF
1786348270363474147,2026-08-10T14:51:10.363496,ground_truth,-0.001273,-2.264000,-0.022898,True,,,,,,,,,-0.162001,0.280055,0.378533,0.000000,0.000000,0.000000,0.000000,0.000000,0.000000,nan,nan,nan,nan,nan,nan,OFF
1786348270394011065,2026-08-10T14:51:10.394057,ground_truth,0.002452,-2.256000,-0.022817,True,,,,,,,,,-0.162001,0.280055,0.378533,0.000000,0.000000,0.000000,0.000000,0.000000,0.000000,nan,nan,nan,nan,nan,nan,OFF
1786348270429637396,2026-08-10T14:51:10.429675,ground_truth,0.009747,-2.223000,-0.022483,True,,,,,,,,,-0.162001,0.280055,0.378533,0.000000,0.000000,0.000000,0.000000,0.000000,0.000000,nan,nan,nan,nan,nan,nan,OFF
1786348270463277769,2026-08-10T14:51:10.463291,ground_truth,0.013412,-2.223000,-0.022483,True,,,,,,,,,-0.162001,0.280055,0.378533,0.000000,0.000000,0.000000,0.000000,0.000000,0.000000,nan,nan,nan,nan,nan,nan,OFF
1786348270494772219,2026-08-10T14:51:10.494810,ground_truth,0.017139,-2.231000,-0.022564,True,,,,,,,,,-0.162001,0.280055,0.378533,0.000000,0.000000,0.000000,0.000000,0.000000,0.000000,nan,nan,nan,nan,nan,nan,OFF
1786348270530320411,2026-08-10T14:51:10.530347,ground_truth,0.017262,-2.247000,-0.022726,True,,,,,,,,,-0.162001,0.280055,0.378533,0.000000,0.000000,0.000000,0.000000,0.000000,0.000000,nan,nan,nan,nan,nan,nan,OFF
1786348270562621085,2026-08-10T14:51:10.562634,ground_truth,0.017523,-2.281000,-0.023069,True,,,,,,,,,-0.162001,0.280055,0.378533,0.000000,0.000000,0.000000,0.000000,0.000000,0.000000,nan,nan,nan,nan,nan,nan,OFF
1786348270594305496,2026-08-10T14:51:10.594342,ground_truth,0.017393,-2.264000,-0.022898,True,,,,,,,,,-0.162001,0.280055,0.378533,0.000000,0.000000,0.000000,0.000000,0.000000,0.000000,nan,nan,nan,nan,nan,nan,OFF
1786348270628662131,2026-08-10T14:51:10.628692,ground_truth,0.017331,-2.256000,-0.022817,True,,,,,,,,,-0.162001,0.280055,0.378533,0.000000,0.000000,0.000000,0.000000,0.000000,0.000000,nan,nan,nan,nan,nan,nan,OFF
1786348270663039836,2026-08-10T14:51:10.663053,ground_truth,0.013708,-2.272000,-0.022978,True,,,,,,,,,-0.162001,0.280055,0.378533,0.000000,0.000000,0.000000,0.000000,0.000000,0.000000,nan,nan,nan,nan,nan,nan,OFF
1786348270695108108,2026-08-10T14:51:10.695154,ground_truth,0.009962,-2.272000,-0.022978,True,,,,,,,,,-0.162001,0.280055,0.378533,0.000000,0.000000,0.000000,0.000000,0.000000,0.000000,nan,nan,nan,nan,nan,nan,OFF
1786348270728161644,2026-08-10T14:51:10.728184,ground_truth,0.006172,-2.256000,-0.022817,True,,,,,,,,,-0.162001,0.280055,0.378533,0.000000,0.000000,0.000000,0.000000,0.000000,0.000000,nan,nan,nan,nan,nan,nan,OFF
1786348270763609605,2026-08-10T14:51:10.763624,ground_truth,-0.001259,-2.239000,-0.022645,True,,,,,,,,,-0.162001,0.280055,0.378533,0.000000,0.000000,0.000000,0.000000,0.000000,0.000000,nan,nan,nan,nan,nan,nan,OFF
1786348270795921250,2026-08-10T14:51:10.795964,ground_truth,-0.004933,-2.231000,-0.026250,True,,,,,,,,,-0.162001,0.280055,0.378533,0.000000,0.000000,0.000000,0.000000,0.000000,0.000000,nan,nan,nan,nan,nan,nan,OFF
1786348270829417458,2026-08-10T14:51:10.829454,ground_truth,-0.008550,-2.215000,-0.026061,True,,,,,,,,,-0.162001,0.280055,0.378533,0.000000,0.000000,0.000000,0.000000,0.000000,0.000000,nan,nan,nan,nan,nan,nan,OFF
1786348270863461389,2026-08-10T14:51:10.863476,ground_truth,-0.015797,-2.207000,-0.025967,True,,,,,,,,,-0.162001,0.280055,0.378533,0.000000,0.000000,0.000000,0.000000,0.000000,0.000000,nan,nan,nan,nan,nan,nan,OFF
1786348270896347957,2026-08-10T14:51:10.896385,ground_truth,-0.019366,-2.199000,-0.025873,True,,,,,,,,,-0.162001,0.280055,0.378533,0.000000,0.000000,0.000000,0.000000,0.000000,0.000000,nan,nan,nan,nan,nan,nan,OFF
1786348270929014887,2026-08-10T14:51:10.929037,ground_truth,-0.019225,-2.183000,-0.025685,True,,,,,,,,,-0.162001,0.280055,0.378533,0.000000,0.000000,0.000000,0.000000,0.000000,0.000000,nan,nan,nan,nan,nan,nan,OFF
1786348270961382578,2026-08-10T14:51:10.961420,ground_truth,-0.023075,-2.207000,-0.022321,True,,,,,,,,,-0.162001,0.280055,0.378533,0.000000,0.000000,0.000000,0.000000,0.000000,0.000000,nan,nan,nan,nan,nan,nan,OFF
1786348270993191987,2026-08-10T14:51:10.993205,ground_truth,-0.023075,-2.207000,-0.022321,True,,,,,,,,,-0.162001,0.280055,0.378533,0.000000,0.000000,0.000000,0.000000,0.000000,0.000000,nan,nan,nan,nan,nan,nan,OFF
1786348271028510852,2026-08-10T14:51:11.028532,ground_truth,-0.023159,-2.215000,-0.018743,True,,,,,,,,,-0.162001,0.280055,0.378533,0.000000,0.000000,0.000000,0.000000,0.000000,0.000000,nan,nan,nan,nan,nan,nan,OFF
1786348271061084704,2026-08-10T14:51:11.061126,ground_truth,-0.022908,-2.191000,-0.018540,True,,,,,,,,,-0.162001,0.280055,0.378533,0.000000,0.000000,0.000000,0.000000,0.000000,0.000000,nan,nan,nan,nan,nan,nan,OFF
1786348271094060572,2026-08-10T14:51:11.094076,ground_truth,-0.023075,-2.207000,-0.018675,True,,,,,,,,,-0.162001,0.280055,0.378533,0.000000,0.000000,0.000000,0.000000,0.000000,0.000000,nan,nan,nan,nan,nan,nan,OFF
1786348271126717732,2026-08-10T14:51:11.126737,ground_truth,-0.022824,-2.183000,-0.014865,True,,,,,,,,,-0.162001,0.280055,0.378533,0.000000,0.000000,0.000000,0.000000,0.000000,0.000000,nan,nan,nan,nan,nan,nan,OFF
1786348271160825403,2026-08-10T14:51:11.160905,ground_truth,-0.023159,-2.215000,-0.015083,True,,,,,,,,,-0.162001,0.280055,0.378533,0.000000,0.000000,0.000000,0.000000,0.000000,0.000000,nan,nan,nan,nan,nan,nan,OFF
1786348271194208014,2026-08-10T14:51:11.194252,ground_truth,-0.023075,-2.207000,-0.015029,True,,,,,,,,,-0.162001,0.280055,0.378533,0.000000,0.000000,0.000000,0.000000,0.000000,0.000000,nan,nan,nan,nan,nan,nan,OFF
1786348271227577049,2026-08-10T14:51:11.227643,ground_truth,-0.026714,-2.207000,-0.015029,True,,,,,,,,,-0.162001,0.280055,0.378533,0.000000,0.000000,0.000000,0.000000,0.000000,0.000000,nan,nan,nan,nan,nan,nan,OFF
1786348271262473961,2026-08-10T14:51:11.262491,ground_truth,-0.026521,-2.191000,-0.014920,True,,,,,,,,,-0.162001,0.280055,0.378533,0.000000,0.000000,0.000000,0.000000,0.000000,0.000000,nan,nan,nan,nan,nan,nan,OFF
1786348271298219767,2026-08-10T14:51:11.298244,ground_truth,-0.026618,-2.199000,-0.014974,True,,,,,,,,,-0.162001,0.280055,0.378533,0.000000,0.000000,0.000000,0.000000,0.000000,0.000000,nan,nan,nan,nan,nan,nan,OFF
1786348271329895571,2026-08-10T14:51:11.329920,ground_truth,-0.026521,-2.191000,-0.014920,True,,,,,,,,,-0.162001,0.280055,0.378533,0.000000,0.000000,0.000000,0.000000,0.000000,0.000000,nan,nan,nan,nan,nan,nan,OFF
1786348271362998550,2026-08-10T14:51:11.363011,ground_truth,-0.030023,-2.183000,-0.014865,True,,,,,,,,,-0.162001,0.280055,0.378533,0.000000,0.000000,0.000000,0.000000,0.000000,0.000000,nan,nan,nan,nan,nan,nan,OFF
1786348271395986650,2026-08-10T14:51:11.396022,ground_truth,-0.030023,-2.183000,-0.014865,True,,,,,,,,,-0.162001,0.280055,0.378533,0.000000,0.000000,0.000000,0.000000,0.000000,0.000000,nan,nan,nan,nan,nan,nan,OFF
1786348271429367338,2026-08-10T14:51:11.429416,ground_truth,-0.029927,-2.176000,-0.018413,True,,,,,,,,,-0.162001,0.280055,0.378533,0.000000,0.000000,0.000000,0.000000,0.000000,0.000000,nan,nan,nan,nan,nan,nan,OFF
1786348271464512823,2026-08-10T14:51:11.464557,ground_truth,-0.030243,-2.199000,-0.018607,True,,,,,,,,,-0.162001,0.280055,0.378533,0.000000,0.000000,0.000000,0.000000,0.000000,0.000000,nan,nan,nan,nan,nan,nan,OFF
1786348271504321920,2026-08-10T14:51:11.504348,ground_truth,-0.030354,-2.207000,-0.018675,True,,,,,,,,,-0.162001,0.280055,0.378533,0.000000,0.000000,0.000000,0.000000,0.000000,0.000000,nan,nan,nan,nan,nan,nan,OFF
1786348271536381333,2026-08-10T14:51:11.536428,ground_truth,-0.030243,-2.199000,-0.018607,True,,,,,,,,,-0.162001,0.280055,0.378533,0.000000,0.000000,0.000000,0.000000,0.000000,0.000000,nan,nan,nan,nan,nan,nan,OFF
1786348271568234785,2026-08-10T14:51:11.568273,ground_truth,-0.030133,-2.191000,-0.018540,True,,,,,,,,,-0.162001,0.280055,0.378533,0.000000,0.000000,0.000000,0.000000,0.000000,0.000000,nan,nan,nan,nan,nan,nan,OFF
1786348271598923531,2026-08-10T14:51:11.598972,ground_truth,-0.030133,-2.191000,-0.018540,True,,,,,,,,,-0.162001,0.280055,0.378533,0.000000,0.000000,0.000000,0.000000,0.000000,0.000000,nan,nan,nan,nan,nan,nan,OFF
1786348271630662705,2026-08-10T14:51:11.630711,ground_truth,-0.030023,-2.183000,-0.018472,True,,,,,,,,,-0.162001,0.280055,0.378533,0.000000,0.000000,0.000000,0.000000,0.000000,0.000000,nan,nan,nan,nan,nan,nan,OFF
1786348271663452989,2026-08-10T14:51:11.663467,ground_truth,-0.030133,-2.191000,-0.018540,True,,,,,,,,,-0.162001,0.280055,0.378533,0.000000,0.000000,0.000000,0.000000,0.000000,0.000000,nan,nan,nan,nan,nan,nan,OFF
1786348271695063078,2026-08-10T14:51:11.695082,ground_truth,-0.029817,-2.168000,-0.018345,True,,,,,,,,,-0.162001,0.280055,0.378533,0.000000,0.000000,0.000000,0.000000,0.000000,0.000000,nan,nan,nan,nan,nan,nan,OFF
1786348271730105566,2026-08-10T14:51:11.730147,ground_truth,-0.026618,-2.199000,-0.018607,True,,,,,,,,,-0.162001,0.280055,0.378533,0.000000,0.000000,0.000000,0.000000,0.000000,0.000000,nan,nan,nan,nan,nan,nan,OFF
1786348271765486640,2026-08-10T14:51:11.765518,ground_truth,-0.026521,-2.191000,-0.018540,True,,,,,,,,,-0.162001,0.280055,0.378533,0.000000,0.000000,0.000000,0.000000,0.000000,0.000000,nan,nan,nan,nan,nan,nan,OFF
1786348271797492772,2026-08-10T14:51:11.797527,ground_truth,-0.026521,-2.191000,-0.018540,True,,,,,,,,,-0.162001,0.280055,0.378533,0.000000,0.000000,0.000000,0.000000,0.000000,0.000000,nan,nan,nan,nan,nan,nan,OFF
1786348271830220186,2026-08-10T14:51:11.830242,ground_truth,-0.026521,-2.191000,-0.018540,True,,,,,,,,,-0.162001,0.280055,0.378533,0.000000,0.000000,0.000000,0.000000,0.000000,0.000000,nan,nan,nan,nan,nan,nan,OFF
1786348271872002197,2026-08-10T14:51:11.872040,ground_truth,-0.026339,-2.176000,-0.018413,True,,,,,,,,,-0.162001,0.280055,0.378533,0.000000,0.000000,0.000000,0.000000,0.000000,0.000000,nan,nan,nan,nan,nan,nan,OFF
1786348271914282676,2026-08-10T14:51:11.914301,ground_truth,-0.026339,-2.176000,-0.018413,True,,,,,,,,,-0.162001,0.280055,0.378533,0.000000,0.000000,0.000000,0.000000,0.000000,0.000000,nan,nan,nan,nan,nan,nan,OFF
1786348272009865283,2026-08-10T14:51:12.009885,ground_truth,-0.026339,-2.176000,-0.014818,True,,,,,,,,,-0.162001,0.280055,0.378533,0.000000,0.000000,0.000000,0.000000,0.000000,0.000000,nan,nan,nan,nan,nan,nan,OFF
1786348272057956495,2026-08-10T14:51:12.058018,ground_truth,-0.026618,-2.199000,-0.014974,True,,,,,,,,,-0.162001,0.280055,0.378533,0.000000,0.000000,0.000000,0.000000,0.000000,0.000000,nan,nan,nan,nan,nan,nan,OFF
1786348272100284263,2026-08-10T14:51:12.100320,ground_truth,-0.026714,-2.207000,-0.015029,True,,,,,,,,,-0.162001,0.280055,0.378533,0.000000,0.000000,0.000000,0.000000,0.000000,0.000000,nan,nan,nan,nan,nan,nan,OFF
1786348272130938021,2026-08-10T14:51:12.130964,ground_truth,-0.026521,-2.191000,-0.014920,True,,,,,,,,,-0.162001,0.280055,0.378533,0.000000,0.000000,0.000000,0.000000,0.000000,0.000000,nan,nan,nan,nan,nan,nan,OFF
1786348272159766467,2026-08-10T14:51:12.159788,ground_truth,-0.026339,-2.176000,-0.014818,True,,,,,,,,,-0.162001,0.280055,0.378533,0.000000,0.000000,0.000000,0.000000,0.000000,0.000000,nan,nan,nan,nan,nan,nan,OFF
1786348272188907177,2026-08-10T14:51:12.188929,ground_truth,-0.026339,-2.176000,-0.014818,True,,,,,,,,,-0.162001,0.280055,0.378533,0.000000,0.000000,0.000000,0.000000,0.000000,0.000000,nan,nan,nan,nan,nan,nan,OFF
1786348272214016817,2026-08-10T14:51:12.214031,ground_truth,-0.026424,-2.183000,-0.014865,True,,,,,,,,,-0.162001,0.280055,0.378533,0.000000,0.000000,0.000000,0.000000,0.000000,0.000000,nan,nan,nan,nan,nan,nan,OFF
1786348272241431132,2026-08-10T14:51:12.241449,ground_truth,-0.022908,-2.191000,-0.014920,True,,,,,,,,,-0.162001,0.280055,0.378533,0.000000,0.000000,0.000000,0.000000,0.000000,0.000000,nan,nan,nan,nan,nan,nan,OFF
1786348272271353819,2026-08-10T14:51:12.271367,ground_truth,-0.026811,-2.215000,-0.015083,True,,,,,,,,,-0.162001,0.280055,0.378533,0.000000,0.000000,0.000000,0.000000,0.000000,0.000000,nan,nan,nan,nan,nan,nan,OFF
1786348272299984869,2026-08-10T14:51:12.300000,ground_truth,-0.026714,-2.207000,-0.015029,True,,,,,,,,,-0.162001,0.280055,0.378533,0.000000,0.000000,0.000000,0.000000,0.000000,0.000000,nan,nan,nan,nan,nan,nan,OFF
1786348272332310408,2026-08-10T14:51:12.332327,ground_truth,-0.023159,-2.215000,-0.015083,True,,,,,,,,,-0.162001,0.280055,0.378533,0.000000,0.000000,0.000000,0.000000,0.000000,0.000000,nan,nan,nan,nan,nan,nan,OFF
1786348272364564380,2026-08-10T14:51:12.364586,ground_truth,-0.022751,-2.176000,-0.014818,True,,,,,,,,,-0.162001,0.280055,0.378533,0.000000,0.000000,0.000000,0.000000,0.000000,0.000000,nan,nan,nan,nan,nan,nan,OFF
1786348272398614430,2026-08-10T14:51:12.398653,ground_truth,-0.022992,-2.199000,-0.014974,True,,,,,,,,,-0.162001,0.280055,0.378533,0.000000,0.000000,0.000000,0.000000,0.000000,0.000000,nan,nan,nan,nan,nan,nan,OFF
1786348272431673284,2026-08-10T14:51:12.431692,ground_truth,-0.022824,-2.183000,-0.018472,True,,,,,,,,,-0.162001,0.280055,0.378533,0.000000,0.000000,0.000000,0.000000,0.000000,0.000000,nan,nan,nan,nan,nan,nan,OFF
1786348272463336793,2026-08-10T14:51:12.463350,ground_truth,-0.026424,-2.183000,-0.018472,True,,,,,,,,,-0.162001,0.280055,0.378533,0.000000,0.000000,0.000000,0.000000,0.000000,0.000000,nan,nan,nan,nan,nan,nan,OFF
1786348272497211549,2026-08-10T14:51:12.497234,ground_truth,-0.026424,-2.183000,-0.018472,True,,,,,,,,,-0.162001,0.280055,0.378533,0.000000,0.000000,0.000000,0.000000,0.000000,0.000000,nan,nan,nan,nan,nan,nan,OFF
1786348272531489552,2026-08-10T14:51:12.531520,ground_truth,-0.026521,-2.191000,-0.018540,True,,,,,,,,,-0.162001,0.280055,0.378533,0.000000,0.000000,0.000000,0.000000,0.000000,0.000000,nan,nan,nan,nan,nan,nan,OFF
1786348272565716408,2026-08-10T14:51:12.565739,ground_truth,0.003529,-0.008000,-0.000068,True,,,,,,,,,-0.162001,0.280055,0.378533,0.000000,0.000000,0.000000,0.000000,0.000000,0.000000,nan,nan,nan,nan,nan,nan,OFF
1786348272596965579,2026-08-10T14:51:12.596995,ground_truth,0.003445,-0.016000,-0.000135,True,,,,,,,,,-0.162001,0.280055,0.378533,0.000000,0.000000,0.000000,0.000000,0.000000,0.000000,nan,nan,nan,nan,nan,nan,OFF
1786348272628986358,2026-08-10T14:51:12.629012,ground_truth,0.003529,-0.008000,-0.000068,True,,,,,,,,,-0.162001,0.280055,0.378533,0.000000,0.000000,0.000000,0.000000,0.000000,0.000000,nan,nan,nan,nan,nan,nan,OFF
1786348272663079169,2026-08-10T14:51:12.663093,ground_truth,0.003696,0.008000,0.000068,True,,,,,,,,,-0.162001,0.280055,0.378533,0.000000,0.000000,0.000000,0.000000,0.000000,0.000000,nan,nan,nan,nan,nan,nan,OFF
1786348272696747672,2026-08-10T14:51:12.696805,ground_truth,0.003696,0.008000,0.000068,True,,,,,,,,,-0.162001,0.280055,0.378533,0.000000,0.000000,0.000000,0.000000,0.000000,0.000000,nan,nan,nan,nan,nan,nan,OFF
1786348272730485538,2026-08-10T14:51:12.730539,ground_truth,0.003853,0.023000,0.000195,True,,,,,,,,,-0.162001,0.280055,0.378533,0.000000,0.000000,0.000000,0.000000,0.000000,0.000000,nan,nan,nan,nan,nan,nan,OFF
1786348272765712687,2026-08-10T14:51:12.765729,ground_truth,0.003696,0.008000,0.000068,True,,,,,,,,,-0.162001,0.280055,0.378533,0.000000,0.000000,0.000000,0.000000,0.000000,0.000000,nan,nan,nan,nan,nan,nan,OFF
1786348272799896801,2026-08-10T14:51:12.799924,ground_truth,0.003613,-0.000000,-0.000000,True,,,,,,,,,-0.162001,0.280055,0.378533,0.000000,0.000000,0.000000,0.000000,0.000000,0.000000,nan,nan,nan,nan,nan,nan,OFF
1786348272832049651,2026-08-10T14:51:12.832066,ground_truth,0.003613,-0.000000,-0.000000,True,,,,,,,,,-0.162001,0.280055,0.378533,0.000000,0.000000,0.000000,0.000000,0.000000,0.000000,nan,nan,nan,nan,nan,nan,OFF
1786348272866662611,2026-08-10T14:51:12.866716,ground_truth,0.003696,0.008000,0.000068,True,,,,,,,,,-0.162001,0.280055,0.378533,0.000000,0.000000,0.000000,0.000000,0.000000,0.000000,nan,nan,nan,nan,nan,nan,OFF
1786348272900537478,2026-08-10T14:51:12.900562,ground_truth,0.003770,0.015000,0.000127,True,,,,,,,,,-0.162001,0.280055,0.378533,0.000000,0.000000,0.000000,0.000000,0.000000,0.000000,nan,nan,nan,nan,nan,nan,OFF
1786348272931212086,2026-08-10T14:51:12.931227,ground_truth,0.003529,-0.008000,-0.000068,True,,,,,,,,,-0.162001,0.280055,0.378533,0.000000,0.000000,0.000000,0.000000,0.000000,0.000000,nan,nan,nan,nan,nan,nan,OFF
1786348272964965410,2026-08-10T14:51:12.965019,ground_truth,0.003696,0.008000,0.000068,True,,,,,,,,,-0.162001,0.280055,0.378533,0.000000,0.000000,0.000000,0.000000,0.000000,0.000000,nan,nan,nan,nan,nan,nan,OFF
1786348272998040706,2026-08-10T14:51:12.998065,ground_truth,0.003770,0.015000,0.000127,True,,,,,,,,,-0.162001,0.280055,0.378533,0.000000,0.000000,0.000000,0.000000,0.000000,0.000000,nan,nan,nan,nan,nan,nan,OFF
1786348273032198288,2026-08-10T14:51:13.032218,ground_truth,0.003696,0.008000,0.000068,True,,,,,,,,,-0.162001,0.280055,0.378533,0.000000,0.000000,0.000000,0.000000,0.000000,0.000000,nan,nan,nan,nan,nan,nan,OFF
1786348273064623195,2026-08-10T14:51:13.064637,ground_truth,0.003853,0.023000,0.000195,True,,,,,,,,,-0.162001,0.280055,0.378533,0.000000,0.000000,0.000000,0.000000,0.000000,0.000000,nan,nan,nan,nan,nan,nan,OFF
1786348273099023350,2026-08-10T14:51:13.099049,ground_truth,0.003696,0.008000,0.000068,True,,,,,,,,,-0.162001,0.280055,0.378533,0.000000,0.000000,0.000000,0.000000,0.000000,0.000000,nan,nan,nan,nan,nan,nan,OFF
1786348273133194518,2026-08-10T14:51:13.133218,ground_truth,0.003696,0.008000,0.000068,True,,,,,,,,,-0.162001,0.280055,0.378533,0.000000,0.000000,0.000000,0.000000,0.000000,0.000000,nan,nan,nan,nan,nan,nan,OFF
1786348273168272091,2026-08-10T14:51:13.168298,ground_truth,0.003853,0.023000,0.000195,True,,,,,,,,,-0.162001,0.280055,0.378533,0.000000,0.000000,0.000000,0.000000,0.000000,0.000000,nan,nan,nan,nan,nan,nan,OFF
1786348273199231299,2026-08-10T14:51:13.199258,ground_truth,0.003445,-0.016000,-0.000135,True,,,,,,,,,-0.162001,0.280055,0.378533,0.000000,0.000000,0.000000,0.000000,0.000000,0.000000,nan,nan,nan,nan,nan,nan,OFF
1786348273231552328,2026-08-10T14:51:13.231573,ground_truth,0.003529,-0.008000,-0.000068,True,,,,,,,,,-0.162001,0.280055,0.378533,0.000000,0.000000,0.000000,0.000000,0.000000,0.000000,nan,nan,nan,nan,nan,nan,OFF
1786348273263141234,2026-08-10T14:51:13.263197,ground_truth,0.003770,0.015000,0.000127,True,,,,,,,,,-0.162001,0.280055,0.378533,0.000000,0.000000,0.000000,0.000000,0.000000,0.000000,nan,nan,nan,nan,nan,nan,OFF
1786348273294949838,2026-08-10T14:51:13.294996,ground_truth,0.003696,0.008000,0.000068,True,,,,,,,,,-0.162001,0.280055,0.378533,0.000000,0.000000,0.000000,0.000000,0.000000,0.000000,nan,nan,nan,nan,nan,nan,OFF
1786348273329707763,2026-08-10T14:51:13.329733,ground_truth,0.003696,0.008000,0.000068,True,,,,,,,,,-0.162001,0.280055,0.378533,0.000000,0.000000,0.000000,0.000000,0.000000,0.000000,nan,nan,nan,nan,nan,nan,OFF
1786348273363267198,2026-08-10T14:51:13.363284,ground_truth,0.003696,0.008000,0.000068,True,,,,,,,,,-0.162001,0.280055,0.378533,0.000000,0.000000,0.000000,0.000000,0.000000,0.000000,nan,nan,nan,nan,nan,nan,OFF
1786348273396211042,2026-08-10T14:51:13.396245,ground_truth,0.003696,0.008000,0.000068,True,,,,,,,,,-0.162001,0.280055,0.378533,0.000000,0.000000,0.000000,0.000000,0.000000,0.000000,nan,nan,nan,nan,nan,nan,OFF
1786348273430020152,2026-08-10T14:51:13.430042,ground_truth,0.003696,0.008000,0.000068,True,,,,,,,,,-0.162001,0.280055,0.378533,0.000000,0.000000,0.000000,0.000000,0.000000,0.000000,nan,nan,nan,nan,nan,nan,OFF
1786348273462625512,2026-08-10T14:51:13.462638,ground_truth,0.003613,-0.000000,-0.000000,True,,,,,,,,,-0.162001,0.280055,0.378533,0.000000,0.000000,0.000000,0.000000,0.000000,0.000000,nan,nan,nan,nan,nan,nan,OFF
1786348273498918186,2026-08-10T14:51:13.498965,ground_truth,0.003613,-0.000000,-0.000000,True,,,,,,,,,-0.162001,0.280055,0.378533,0.000000,0.000000,0.000000,0.000000,0.000000,0.000000,nan,nan,nan,nan,nan,nan,OFF
1786348273531716142,2026-08-10T14:51:13.531775,ground_truth,0.003696,0.008000,0.000068,True,,,,,,,,,-0.162001,0.280055,0.378533,0.000000,0.000000,0.000000,0.000000,0.000000,0.000000,nan,nan,nan,nan,nan,nan,OFF
1786348273565010463,2026-08-10T14:51:13.565027,ground_truth,0.003770,0.015000,0.000127,True,,,,,,,,,-0.162001,0.280055,0.378533,0.000000,0.000000,0.000000,0.000000,0.000000,0.000000,nan,nan,nan,nan,nan,nan,OFF
1786348273600286364,2026-08-10T14:51:13.600313,ground_truth,0.003613,-0.000000,-0.000000,True,,,,,,,,,-0.162001,0.280055,0.378533,0.000000,0.000000,0.000000,0.000000,0.000000,0.000000,nan,nan,nan,nan,nan,nan,OFF
1786348273632996142,2026-08-10T14:51:13.633013,ground_truth,0.003770,0.015000,0.000127,True,,,,,,,,,-0.162001,0.280055,0.378533,0.000000,0.000000,0.000000,0.000000,0.000000,0.000000,nan,nan,nan,nan,nan,nan,OFF
1786348273664902713,2026-08-10T14:51:13.664923,ground_truth,0.003696,0.008000,0.000068,True,,,,,,,,,-0.162001,0.280055,0.378533,0.000000,0.000000,0.000000,0.000000,0.000000,0.000000,nan,nan,nan,nan,nan,nan,OFF
1786348273698662859,2026-08-10T14:51:13.698685,ground_truth,0.003770,0.015000,0.000127,True,,,,,,,,,-0.162001,0.280055,0.378533,0.000000,0.000000,0.000000,0.000000,0.000000,0.000000,nan,nan,nan,nan,nan,nan,OFF
1786348273732210031,2026-08-10T14:51:13.732223,ground_truth,0.003613,-0.000000,-0.000000,True,,,,,,,,,-0.162001,0.280055,0.378533,0.000000,0.000000,0.000000,0.000000,0.000000,0.000000,nan,nan,nan,nan,nan,nan,OFF
1786348273763443100,2026-08-10T14:51:13.763462,ground_truth,0.007296,0.008000,0.000068,True,,,,,,,,,-0.162001,0.280055,0.378533,0.000000,0.000000,0.000000,0.000000,0.000000,0.000000,nan,nan,nan,nan,nan,nan,OFF
1786348273796693337,2026-08-10T14:51:13.796729,ground_truth,0.003770,0.015000,0.000127,True,,,,,,,,,-0.162001,0.280055,0.378533,0.000000,0.000000,0.000000,0.000000,0.000000,0.000000,nan,nan,nan,nan,nan,nan,OFF
1786348273830171898,2026-08-10T14:51:13.830196,ground_truth,0.003529,-0.008000,-0.000068,True,,,,,,,,,-0.162001,0.280055,0.378533,0.000000,0.000000,0.000000,0.000000,0.000000,0.000000,nan,nan,nan,nan,nan,nan,OFF
1786348273866351587,2026-08-10T14:51:13.866398,ground_truth,0.007296,0.008000,0.000068,True,,,,,,,,,-0.162001,0.280055,0.378533,0.000000,0.000000,0.000000,0.000000,0.000000,0.000000,nan,nan,nan,nan,nan,nan,OFF
1786348273900174133,2026-08-10T14:51:13.900210,ground_truth,0.007155,-0.008000,-0.000068,True,,,,,,,,,-0.162001,0.280055,0.378533,0.000000,0.000000,0.000000,0.000000,0.000000,0.000000,nan,nan,nan,nan,nan,nan,OFF
1786348273933427004,2026-08-10T14:51:13.933440,ground_truth,0.007225,-0.000000,-0.000000,True,,,,,,,,,-0.162001,0.280055,0.378533,0.000000,0.000000,0.000000,0.000000,0.000000,0.000000,nan,nan,nan,nan,nan,nan,OFF
1786348273965195833,2026-08-10T14:51:13.965214,ground_truth,0.007296,0.008000,0.000068,True,,,,,,,,,-0.162001,0.280055,0.378533,0.000000,0.000000,0.000000,0.000000,0.000000,0.000000,nan,nan,nan,nan,nan,nan,OFF
1786348273999713781,2026-08-10T14:51:13.999738,ground_truth,0.007296,0.008000,0.000068,True,,,,,,,,,-0.162001,0.280055,0.378533,0.000000,0.000000,0.000000,0.000000,0.000000,0.000000,nan,nan,nan,nan,nan,nan,OFF
1786348274032104692,2026-08-10T14:51:14.032118,ground_truth,0.007225,-0.000000,-0.000000,True,,,,,,,,,-0.162001,0.280055,0.378533,0.000000,0.000000,0.000000,0.000000,0.000000,0.000000,nan,nan,nan,nan,nan,nan,OFF
1786348274063100909,2026-08-10T14:51:14.063114,ground_truth,0.007358,0.015000,0.000127,True,,,,,,,,,-0.162001,0.280055,0.378533,0.000000,0.000000,0.000000,0.000000,0.000000,0.000000,nan,nan,nan,nan,nan,nan,OFF
1786348274098703580,2026-08-10T14:51:14.098737,ground_truth,0.007358,0.015000,0.000127,True,,,,,,,,,-0.162001,0.280055,0.378533,0.000000,0.000000,0.000000,0.000000,0.000000,0.000000,nan,nan,nan,nan,nan,nan,OFF
1786348274131573893,2026-08-10T14:51:14.131615,ground_truth,0.007225,-0.000000,-0.000000,True,,,,,,,,,-0.162001,0.280055,0.378533,0.000000,0.000000,0.000000,0.000000,0.000000,0.000000,nan,nan,nan,nan,nan,nan,OFF
1786348274163785423,2026-08-10T14:51:14.163797,ground_truth,0.007296,0.008000,-0.003539,True,,,,,,,,,-0.162001,0.280055,0.378533,0.000000,0.000000,0.000000,0.000000,0.000000,0.000000,nan,nan,nan,nan,nan,nan,OFF
1786348274196794860,2026-08-10T14:51:14.196824,ground_truth,0.003853,0.023000,-0.003387,True,,,,,,,,,-0.162001,0.280055,0.378533,0.000000,0.000000,0.000000,0.000000,0.000000,0.000000,nan,nan,nan,nan,nan,nan,OFF
1786348274230343342,2026-08-10T14:51:14.230379,ground_truth,0.003696,0.008000,-0.003539,True,,,,,,,,,-0.162001,0.280055,0.378533,0.000000,0.000000,0.000000,0.000000,0.000000,0.000000,nan,nan,nan,nan,nan,nan,OFF
1786348274263215038,2026-08-10T14:51:14.263231,ground_truth,0.003937,0.031000,-0.003306,True,,,,,,,,,-0.162001,0.280055,0.378533,0.000000,0.000000,0.000000,0.000000,0.000000,0.000000,nan,nan,nan,nan,nan,nan,OFF
1786348274298365809,2026-08-10T14:51:14.298392,ground_truth,0.003770,0.015000,-0.003468,True,,,,,,,,,-0.162001,0.280055,0.378533,0.000000,0.000000,0.000000,0.000000,0.000000,0.000000,nan,nan,nan,nan,nan,nan,OFF
1786348274331263384,2026-08-10T14:51:14.331284,ground_truth,0.003696,0.008000,-0.003539,True,,,,,,,,,-0.162001,0.280055,0.378533,0.000000,0.000000,0.000000,0.000000,0.000000,0.000000,nan,nan,nan,nan,nan,nan,OFF
1786348274367139735,2026-08-10T14:51:14.367156,ground_truth,0.003696,0.008000,-0.003539,True,,,,,,,,,-0.162001,0.280055,0.378533,0.000000,0.000000,0.000000,0.000000,0.000000,0.000000,nan,nan,nan,nan,nan,nan,OFF
1786348274399051815,2026-08-10T14:51:14.399093,ground_truth,0.003853,0.023000,-0.003387,True,,,,,,,,,-0.162001,0.280055,0.378533,0.000000,0.000000,0.000000,0.000000,0.000000,0.000000,nan,nan,nan,nan,nan,nan,OFF
1786348274432379117,2026-08-10T14:51:14.432396,ground_truth,0.003696,0.008000,-0.003539,True,,,,,,,,,-0.162001,0.280055,0.378533,0.000000,0.000000,0.000000,0.000000,0.000000,0.000000,nan,nan,nan,nan,nan,nan,OFF
1786348274465032937,2026-08-10T14:51:14.465074,ground_truth,0.003853,0.023000,-0.003387,True,,,,,,,,,-0.162001,0.280055,0.378533,0.000000,0.000000,0.000000,0.000000,0.000000,0.000000,nan,nan,nan,nan,nan,nan,OFF
1786348274500046337,2026-08-10T14:51:14.500071,ground_truth,0.003937,0.031000,-0.003306,True,,,,,,,,,-0.162001,0.280055,0.378533,0.000000,0.000000,0.000000,0.000000,0.000000,0.000000,nan,nan,nan,nan,nan,nan,OFF
1786348274532511750,2026-08-10T14:51:14.532527,ground_truth,0.003445,-0.016000,-0.003782,True,,,,,,,,,-0.162001,0.280055,0.378533,0.000000,0.000000,0.000000,0.000000,0.000000,0.000000,nan,nan,nan,nan,nan,nan,OFF
1786348274566898948,2026-08-10T14:51:14.566935,ground_truth,0.003613,-0.000000,-0.003620,True,,,,,,,,,-0.162001,0.280055,0.378533,0.000000,0.000000,0.000000,0.000000,0.000000,0.000000,nan,nan,nan,nan,nan,nan,OFF
1786348274601467401,2026-08-10T14:51:14.601498,ground_truth,0.003696,0.008000,-0.003539,True,,,,,,,,,-0.162001,0.280055,0.378533,0.000000,0.000000,0.000000,0.000000,0.000000,0.000000,nan,nan,nan,nan,nan,nan,OFF
1786348274632550735,2026-08-10T14:51:14.632564,ground_truth,0.003696,0.008000,-0.003539,True,,,,,,,,,-0.162001,0.280055,0.378533,0.000000,0.000000,0.000000,0.000000,0.000000,0.000000,nan,nan,nan,nan,nan,nan,OFF
1786348274665704406,2026-08-10T14:51:14.665745,ground_truth,0.003853,0.023000,-0.003387,True,,,,,,,,,-0.162001,0.280055,0.378533,0.000000,0.000000,0.000000,0.000000,0.000000,0.000000,nan,nan,nan,nan,nan,nan,OFF
1786348274700496485,2026-08-10T14:51:14.700532,ground_truth,0.003696,0.008000,-0.003539,True,,,,,,,,,-0.162001,0.280055,0.378533,0.000000,0.000000,0.000000,0.000000,0.000000,0.000000,nan,nan,nan,nan,nan,nan,OFF
1786348274733728847,2026-08-10T14:51:14.733742,ground_truth,0.003770,0.015000,-0.003468,True,,,,,,,,,-0.162001,0.280055,0.378533,0.000000,0.000000,0.000000,0.000000,0.000000,0.000000,nan,nan,nan,nan,nan,nan,OFF
1786348274767635380,2026-08-10T14:51:14.767672,ground_truth,0.003853,0.023000,-0.003387,True,,,,,,,,,-0.162001,0.280055,0.378533,0.000000,0.000000,0.000000,0.000000,0.000000,0.000000,nan,nan,nan,nan,nan,nan,OFF
1786348274800133986,2026-08-10T14:51:14.800159,ground_truth,0.003613,-0.000000,-0.003620,True,,,,,,,,,-0.162001,0.280055,0.378533,0.000000,0.000000,0.000000,0.000000,0.000000,0.000000,nan,nan,nan,nan,nan,nan,OFF
1786348274831363678,2026-08-10T14:51:14.831384,ground_truth,0.003853,0.023000,-0.003387,True,,,,,,,,,-0.162001,0.280055,0.378533,0.000000,0.000000,0.000000,0.000000,0.000000,0.000000,nan,nan,nan,nan,nan,nan,OFF
1786348274866745699,2026-08-10T14:51:14.866772,ground_truth,0.003770,0.015000,-0.003468,True,,,,,,,,,-0.162001,0.280055,0.378533,0.000000,0.000000,0.000000,0.000000,0.000000,0.000000,nan,nan,nan,nan,nan,nan,OFF
1786348274897668717,2026-08-10T14:51:14.897694,ground_truth,0.003613,-0.000000,-0.003620,True,,,,,,,,,-0.162001,0.280055,0.378533,0.000000,0.000000,0.000000,0.000000,0.000000,0.000000,nan,nan,nan,nan,nan,nan,OFF
1786348274931112671,2026-08-10T14:51:14.931136,ground_truth,0.004010,0.038000,-0.003235,True,,,,,,,,,-0.162001,0.280055,0.378533,0.000000,0.000000,0.000000,0.000000,0.000000,0.000000,nan,nan,nan,nan,nan,nan,OFF
1786348274964253338,2026-08-10T14:51:14.964270,ground_truth,0.003770,0.015000,-0.003468,True,,,,,,,,,-0.162001,0.280055,0.378533,0.000000,0.000000,0.000000,0.000000,0.000000,0.000000,nan,nan,nan,nan,nan,nan,OFF
1786348274996592129,2026-08-10T14:51:14.996629,ground_truth,0.003770,0.015000,-0.003468,True,,,,,,,,,-0.162001,0.280055,0.378533,0.000000,0.000000,0.000000,0.000000,0.000000,0.000000,nan,nan,nan,nan,nan,nan,OFF
1786348275030939030,2026-08-10T14:51:15.030965,ground_truth,0.003853,0.023000,-0.003387,True,,,,,,,,,-0.162001,0.280055,0.378533,0.000000,0.000000,0.000000,0.000000,0.000000,0.000000,nan,nan,nan,nan,nan,nan,OFF
1786348275065500048,2026-08-10T14:51:15.065539,ground_truth,0.003696,0.008000,-0.003539,True,,,,,,,,,-0.162001,0.280055,0.378533,0.000000,0.000000,0.000000,0.000000,0.000000,0.000000,nan,nan,nan,nan,nan,nan,OFF
1786348275097821655,2026-08-10T14:51:15.097877,ground_truth,0.003696,0.008000,-0.003539,True,,,,,,,,,-0.162001,0.280055,0.378533,0.000000,0.000000,0.000000,0.000000,0.000000,0.000000,nan,nan,nan,nan,nan,nan,OFF
1786348275134484020,2026-08-10T14:51:15.134497,ground_truth,0.003770,0.015000,-0.003468,True,,,,,,,,,-0.162001,0.280055,0.378533,0.000000,0.000000,0.000000,0.000000,0.000000,0.000000,nan,nan,nan,nan,nan,nan,OFF
1786348275166611699,2026-08-10T14:51:15.166649,ground_truth,0.003770,0.015000,-0.003468,True,,,,,,,,,-0.162001,0.280055,0.378533,0.000000,0.000000,0.000000,0.000000,0.000000,0.000000,nan,nan,nan,nan,nan,nan,OFF
1786348275201133132,2026-08-10T14:51:15.201166,ground_truth,0.003770,0.015000,-0.003468,True,,,,,,,,,-0.162001,0.280055,0.378533,0.000000,0.000000,0.000000,0.000000,0.000000,0.000000,nan,nan,nan,nan,nan,nan,OFF
1786348275234344312,2026-08-10T14:51:15.234363,ground_truth,0.003696,0.008000,-0.003539,True,,,,,,,,,-0.162001,0.280055,0.378533,0.000000,0.000000,0.000000,0.000000,0.000000,0.000000,nan,nan,nan,nan,nan,nan,OFF
1786348275265644928,2026-08-10T14:51:15.265688,ground_truth,0.003770,0.015000,-0.003468,True,,,,,,,,,-0.162001,0.280055,0.378533,0.000000,0.000000,0.000000,0.000000,0.000000,0.000000,nan,nan,nan,nan,nan,nan,OFF
1786348275300523179,2026-08-10T14:51:15.300547,ground_truth,0.003770,0.015000,-0.003468,True,,,,,,,,,-0.162001,0.280055,0.378533,0.000000,0.000000,0.000000,0.000000,0.000000,0.000000,nan,nan,nan,nan,nan,nan,OFF
1786348275332504419,2026-08-10T14:51:15.332520,ground_truth,0.003853,0.023000,-0.003387,True,,,,,,,,,-0.162001,0.280055,0.378533,0.000000,0.000000,0.000000,0.000000,0.000000,0.000000,nan,nan,nan,nan,nan,nan,OFF
1786348275367822788,2026-08-10T14:51:15.367846,ground_truth,0.003853,0.023000,-0.003387,True,,,,,,,,,-0.162001,0.280055,0.378533,0.000000,0.000000,0.000000,0.000000,0.000000,0.000000,nan,nan,nan,nan,nan,nan,OFF
1786348275399934256,2026-08-10T14:51:15.399958,ground_truth,0.003613,-0.000000,-0.003620,True,,,,,,,,,-0.162001,0.280055,0.378533,0.000000,0.000000,0.000000,0.000000,0.000000,0.000000,nan,nan,nan,nan,nan,nan,OFF
1786348275433736800,2026-08-10T14:51:15.433758,ground_truth,0.003770,0.015000,-0.003468,True,,,,,,,,,-0.162001,0.280055,0.378533,0.000000,0.000000,0.000000,0.000000,0.000000,0.000000,nan,nan,nan,nan,nan,nan,OFF
1786348275466015677,2026-08-10T14:51:15.466041,ground_truth,0.003696,0.008000,-0.003539,True,,,,,,,,,-0.162001,0.280055,0.378533,0.000000,0.000000,0.000000,0.000000,0.000000,0.000000,nan,nan,nan,nan,nan,nan,OFF
1786348275500149262,2026-08-10T14:51:15.500169,ground_truth,0.003937,0.031000,-0.003306,True,,,,,,,,,-0.162001,0.280055,0.378533,0.000000,0.000000,0.000000,0.000000,0.000000,0.000000,nan,nan,nan,nan,nan,nan,OFF
1786348275534394649,2026-08-10T14:51:15.534407,ground_truth,0.003853,0.023000,-0.003387,True,,,,,,,,,-0.162001,0.280055,0.378533,0.000000,0.000000,0.000000,0.000000,0.000000,0.000000,nan,nan,nan,nan,nan,nan,OFF
1786348275568016891,2026-08-10T14:51:15.568058,ground_truth,0.003770,0.015000,-0.003468,True,,,,,,,,,-0.162001,0.280055,0.378533,0.000000,0.000000,0.000000,0.000000,0.000000,0.000000,nan,nan,nan,nan,nan,nan,OFF
1786348275600542156,2026-08-10T14:51:15.600590,ground_truth,0.003770,0.015000,-0.003468,True,,,,,,,,,-0.162001,0.280055,0.378533,0.000000,0.000000,0.000000,0.000000,0.000000,0.000000,nan,nan,nan,nan,nan,nan,OFF
1786348275632011262,2026-08-10T14:51:15.632024,ground_truth,0.003770,0.015000,-0.003468,True,,,,,,,,,-0.162001,0.280055,0.378533,0.000000,0.000000,0.000000,0.000000,0.000000,0.000000,nan,nan,nan,nan,nan,nan,OFF
1786348275665395381,2026-08-10T14:51:15.665433,ground_truth,0.003853,0.023000,-0.003387,True,,,,,,,,,-0.162001,0.280055,0.378533,0.000000,0.000000,0.000000,0.000000,0.000000,0.000000,nan,nan,nan,nan,nan,nan,OFF
1786348275698153660,2026-08-10T14:51:15.698190,ground_truth,0.003696,0.008000,-0.003539,True,,,,,,,,,-0.162001,0.280055,0.378533,0.000000,0.000000,0.000000,0.000000,0.000000,0.000000,nan,nan,nan,nan,nan,nan,OFF
1786348275731092721,2026-08-10T14:51:15.731131,ground_truth,0.003696,0.008000,-0.003539,True,,,,,,,,,-0.162001,0.280055,0.378533,0.000000,0.000000,0.000000,0.000000,0.000000,0.000000,nan,nan,nan,nan,nan,nan,OFF
1786348275764279114,2026-08-10T14:51:15.764292,ground_truth,0.007358,0.015000,-0.003468,True,,,,,,,,,-0.162001,0.280055,0.378533,0.000000,0.000000,0.000000,0.000000,0.000000,0.000000,nan,nan,nan,nan,nan,nan,OFF
1786348275798754700,2026-08-10T14:51:15.798780,ground_truth,0.007358,0.015000,-0.003468,True,,,,,,,,,-0.162001,0.280055,0.378533,0.000000,0.000000,0.000000,0.000000,0.000000,0.000000,nan,nan,nan,nan,nan,nan,OFF
1786348275832099594,2026-08-10T14:51:15.832119,ground_truth,0.007358,0.015000,-0.003468,True,,,,,,,,,-0.162001,0.280055,0.378533,0.000000,0.000000,0.000000,0.000000,0.000000,0.000000,nan,nan,nan,nan,nan,nan,OFF
1786348275864292868,2026-08-10T14:51:15.864326,ground_truth,0.007296,0.008000,-0.003539,True,,,,,,,,,-0.162001,0.280055,0.378533,0.000000,0.000000,0.000000,0.000000,0.000000,0.000000,nan,nan,nan,nan,nan,nan,OFF
1786348275900481812,2026-08-10T14:51:15.900539,ground_truth,0.007358,0.015000,0.000127,True,,,,,,,,,-0.162001,0.280055,0.378533,0.000000,0.000000,0.000000,0.000000,0.000000,0.000000,nan,nan,nan,nan,nan,nan,OFF
1786348275932812017,2026-08-10T14:51:15.932828,ground_truth,0.003696,0.008000,-0.003539,True,,,,,,,,,-0.162001,0.280055,0.378533,0.000000,0.000000,0.000000,0.000000,0.000000,0.000000,nan,nan,nan,nan,nan,nan,OFF
1786348275966758335,2026-08-10T14:51:15.966815,ground_truth,0.003696,0.008000,0.000068,True,,,,,,,,,-0.162001,0.280055,0.378533,0.000000,0.000000,0.000000,0.000000,0.000000,0.000000,nan,nan,nan,nan,nan,nan,OFF
1786348276000277541,2026-08-10T14:51:16.000305,ground_truth,0.003696,0.008000,0.000068,True,,,,,,,,,-0.162001,0.280055,0.378533,0.000000,0.000000,0.000000,0.000000,0.000000,0.000000,nan,nan,nan,nan,nan,nan,OFF
1786348276035206438,2026-08-10T14:51:16.035255,ground_truth,0.003770,0.015000,-0.003468,True,,,,,,,,,-0.162001,0.280055,0.378533,0.000000,0.000000,0.000000,0.000000,0.000000,0.000000,nan,nan,nan,nan,nan,nan,OFF
1786348276067395121,2026-08-10T14:51:16.067436,ground_truth,0.003853,0.023000,0.000195,True,,,,,,,,,-0.162001,0.280055,0.378533,0.000000,0.000000,0.000000,0.000000,0.000000,0.000000,nan,nan,nan,nan,nan,nan,OFF
1786348276100574900,2026-08-10T14:51:16.100622,ground_truth,0.003770,0.015000,0.000127,True,,,,,,,,,-0.162001,0.280055,0.378533,0.000000,0.000000,0.000000,0.000000,0.000000,0.000000,nan,nan,nan,nan,nan,nan,OFF
1786348276133497230,2026-08-10T14:51:16.133512,ground_truth,0.003770,0.015000,-0.003468,True,,,,,,,,,-0.162001,0.280055,0.378533,0.000000,0.000000,0.000000,0.000000,0.000000,0.000000,nan,nan,nan,nan,nan,nan,OFF
1786348276166308427,2026-08-10T14:51:16.166328,ground_truth,0.003770,0.015000,-0.003468,True,,,,,,,,,-0.162001,0.280055,0.378533,0.000000,0.000000,0.000000,0.000000,0.000000,0.000000,nan,nan,nan,nan,nan,nan,OFF
1786348276199360624,2026-08-10T14:51:16.199387,ground_truth,0.003770,0.015000,-0.003468,True,,,,,,,,,-0.162001,0.280055,0.378533,0.000000,0.000000,0.000000,0.000000,0.000000,0.000000,nan,nan,nan,nan,nan,nan,OFF
1786348276233893156,2026-08-10T14:51:16.233906,ground_truth,0.003770,0.015000,-0.003468,True,,,,,,,,,-0.162001,0.280055,0.378533,0.000000,0.000000,0.000000,0.000000,0.000000,0.000000,nan,nan,nan,nan,nan,nan,OFF
1786348276266019161,2026-08-10T14:51:16.266059,ground_truth,0.003853,0.023000,-0.003387,True,,,,,,,,,-0.162001,0.280055,0.378533,0.000000,0.000000,0.000000,0.000000,0.000000,0.000000,nan,nan,nan,nan,nan,nan,OFF
1786348276298863842,2026-08-10T14:51:16.298893,ground_truth,0.003770,0.015000,-0.003468,True,,,,,,,,,-0.162001,0.280055,0.378533,0.000000,0.000000,0.000000,0.000000,0.000000,0.000000,nan,nan,nan,nan,nan,nan,OFF
1786348276332343913,2026-08-10T14:51:16.332356,ground_truth,0.003696,0.008000,-0.003539,True,,,,,,,,,-0.162001,0.280055,0.378533,0.000000,0.000000,0.000000,0.000000,0.000000,0.000000,nan,nan,nan,nan,nan,nan,OFF
1786348276367614529,2026-08-10T14:51:16.367669,ground_truth,0.003613,-0.000000,-0.003620,True,,,,,,,,,-0.162001,0.280055,0.378533,0.000000,0.000000,0.000000,0.000000,0.000000,0.000000,nan,nan,nan,nan,nan,nan,OFF
1786348276399853058,2026-08-10T14:51:16.399880,ground_truth,0.003770,0.015000,-0.003468,True,,,,,,,,,-0.162001,0.280055,0.378533,0.000000,0.000000,0.000000,0.000000,0.000000,0.000000,nan,nan,nan,nan,nan,nan,OFF
1786348276431025218,2026-08-10T14:51:16.431063,ground_truth,0.003696,0.008000,-0.003539,True,,,,,,,,,-0.162001,0.280055,0.378533,0.000000,0.000000,0.000000,0.000000,0.000000,0.000000,nan,nan,nan,nan,nan,nan,OFF
1786348276465071595,2026-08-10T14:51:16.465118,ground_truth,0.003613,-0.000000,-0.003620,True,,,,,,,,,-0.162001,0.280055,0.378533,0.000000,0.000000,0.000000,0.000000,0.000000,0.000000,nan,nan,nan,nan,nan,nan,OFF
1786348276498489016,2026-08-10T14:51:16.498502,ground_truth,0.003529,-0.008000,-0.003701,True,,,,,,,,,-0.162001,0.280055,0.378533,0.000000,0.000000,0.000000,0.000000,0.000000,0.000000,nan,nan,nan,nan,nan,nan,OFF
1786348276531051942,2026-08-10T14:51:16.531091,ground_truth,0.003696,0.008000,-0.003539,True,,,,,,,,,-0.162001,0.280055,0.378533,0.000000,0.000000,0.000000,0.000000,0.000000,0.000000,nan,nan,nan,nan,nan,nan,OFF
1786348276565411135,2026-08-10T14:51:16.565442,ground_truth,0.003696,0.008000,-0.003539,True,,,,,,,,,-0.162001,0.280055,0.378533,0.000000,0.000000,0.000000,0.000000,0.000000,0.000000,nan,nan,nan,nan,nan,nan,OFF
1786348276598957391,2026-08-10T14:51:16.599001,ground_truth,0.003696,0.008000,-0.003539,True,,,,,,,,,-0.162001,0.280055,0.378533,0.000000,0.000000,0.000000,0.000000,0.000000,0.000000,nan,nan,nan,nan,nan,nan,OFF
1786348276632175332,2026-08-10T14:51:16.632190,ground_truth,0.003613,-0.000000,-0.003620,True,,,,,,,,,-0.162001,0.280055,0.378533,0.000000,0.000000,0.000000,0.000000,0.000000,0.000000,nan,nan,nan,nan,nan,nan,OFF
1786348276671639827,2026-08-10T14:51:16.671662,ground_truth,0.003613,-0.000000,-0.003620,True,,,,,,,,,-0.162001,0.280055,0.378533,0.000000,0.000000,0.000000,0.000000,0.000000,0.000000,nan,nan,nan,nan,nan,nan,OFF
1786348276699556514,2026-08-10T14:51:16.699580,ground_truth,0.003613,-0.000000,-0.003620,True,,,,,,,,,-0.162001,0.280055,0.378533,0.000000,0.000000,0.000000,0.000000,0.000000,0.000000,nan,nan,nan,nan,nan,nan,OFF
1786348276734380701,2026-08-10T14:51:16.734396,ground_truth,0.007155,-0.008000,-0.003701,True,,,,,,,,,-0.162001,0.280055,0.378533,0.000000,0.000000,0.000000,0.000000,0.000000,0.000000,nan,nan,nan,nan,nan,nan,OFF
1786348276772888276,2026-08-10T14:51:16.772908,ground_truth,0.007155,-0.008000,-0.003701,True,,,,,,,,,-0.162001,0.280055,0.378533,0.000000,0.000000,0.000000,0.000000,0.000000,0.000000,nan,nan,nan,nan,nan,nan,OFF
1786348276801271480,2026-08-10T14:51:16.801299,ground_truth,0.003696,0.008000,-0.003539,True,,,,,,,,,-0.162001,0.280055,0.378533,0.000000,0.000000,0.000000,0.000000,0.000000,0.000000,nan,nan,nan,nan,nan,nan,OFF
1786348276833747100,2026-08-10T14:51:16.833762,ground_truth,0.003529,-0.008000,-0.003701,True,,,,,,,,,-0.162001,0.280055,0.378533,0.000000,0.000000,0.000000,0.000000,0.000000,0.000000,nan,nan,nan,nan,nan,nan,OFF
1786348276869164746,2026-08-10T14:51:16.869216,ground_truth,0.007358,0.015000,-0.003468,True,,,,,,,,,-0.162001,0.280055,0.378533,0.000000,0.000000,0.000000,0.000000,0.000000,0.000000,nan,nan,nan,nan,nan,nan,OFF
1786348276902078549,2026-08-10T14:51:16.902095,ground_truth,0.007225,-0.000000,-0.003620,True,,,,,,,,,-0.162001,0.280055,0.378533,0.000000,0.000000,0.000000,0.000000,0.000000,0.000000,nan,nan,nan,nan,nan,nan,OFF
1786348276934211627,2026-08-10T14:51:16.934246,ground_truth,0.007225,-0.000000,-0.003620,True,,,,,,,,,-0.162001,0.280055,0.378533,0.000000,0.000000,0.000000,0.000000,0.000000,0.000000,nan,nan,nan,nan,nan,nan,OFF
1786348276970041948,2026-08-10T14:51:16.970082,ground_truth,0.007358,0.015000,-0.003468,True,,,,,,,,,-0.162001,0.280055,0.378533,0.000000,0.000000,0.000000,0.000000,0.000000,0.000000,nan,nan,nan,nan,nan,nan,OFF
1786348277003351444,2026-08-10T14:51:17.003368,ground_truth,0.007296,0.008000,-0.003539,True,,,,,,,,,-0.162001,0.280055,0.378533,0.000000,0.000000,0.000000,0.000000,0.000000,0.000000,nan,nan,nan,nan,nan,nan,OFF
1786348277040243423,2026-08-10T14:51:17.040259,ground_truth,0.007296,0.008000,-0.003539,True,,,,,,,,,-0.162001,0.280055,0.378533,0.000000,0.000000,0.000000,0.000000,0.000000,0.000000,nan,nan,nan,nan,nan,nan,OFF
1786348277065853552,2026-08-10T14:51:17.065880,ground_truth,0.007225,-0.000000,-0.003620,True,,,,,,,,,-0.162001,0.280055,0.378533,0.000000,0.000000,0.000000,0.000000,0.000000,0.000000,nan,nan,nan,nan,nan,nan,OFF
1786348277100640927,2026-08-10T14:51:17.100686,ground_truth,0.007155,-0.008000,-0.003701,True,,,,,,,,,-0.162001,0.280055,0.378533,0.000000,0.000000,0.000000,0.000000,0.000000,0.000000,nan,nan,nan,nan,nan,nan,OFF
1786348277134665583,2026-08-10T14:51:17.134723,ground_truth,0.007085,-0.016000,-0.003782,True,,,,,,,,,-0.162001,0.280055,0.378533,0.000000,0.000000,0.000000,0.000000,0.000000,0.000000,nan,nan,nan,nan,nan,nan,OFF
1786348277166979964,2026-08-10T14:51:17.167004,ground_truth,0.007085,-0.016000,-0.003782,True,,,,,,,,,-0.162001,0.280055,0.378533,0.000000,0.000000,0.000000,0.000000,0.000000,0.000000,nan,nan,nan,nan,nan,nan,OFF
1786348277199278937,2026-08-10T14:51:17.199306,ground_truth,0.007225,-0.000000,-0.003620,True,,,,,,,,,-0.162001,0.280055,0.378533,0.000000,0.000000,0.000000,0.000000,0.000000,0.000000,nan,nan,nan,nan,nan,nan,OFF
1786348277232754176,2026-08-10T14:51:17.232813,ground_truth,0.007155,-0.008000,-0.003701,True,,,,,,,,,-0.162001,0.280055,0.378533,0.000000,0.000000,0.000000,0.000000,0.000000,0.000000,nan,nan,nan,nan,nan,nan,OFF
1786348277265958221,2026-08-10T14:51:17.266000,ground_truth,0.007358,0.015000,-0.003468,True,,,,,,,,,-0.162001,0.280055,0.378533,0.000000,0.000000,0.000000,0.000000,0.000000,0.000000,nan,nan,nan,nan,nan,nan,OFF
1786348277298409082,2026-08-10T14:51:17.298452,ground_truth,0.007296,0.008000,-0.003539,True,,,,,,,,,-0.162001,0.280055,0.378533,0.000000,0.000000,0.000000,0.000000,0.000000,0.000000,nan,nan,nan,nan,nan,nan,OFF
1786348277330773689,2026-08-10T14:51:17.330812,ground_truth,0.007358,0.015000,-0.003468,True,,,,,,,,,-0.162001,0.280055,0.378533,0.000000,0.000000,0.000000,0.000000,0.000000,0.000000,nan,nan,nan,nan,nan,nan,OFF
1786348277365615068,2026-08-10T14:51:17.365651,ground_truth,0.007358,0.015000,-0.003468,True,,,,,,,,,-0.162001,0.280055,0.378533,0.000000,0.000000,0.000000,0.000000,0.000000,0.000000,nan,nan,nan,nan,nan,nan,OFF
1786348277399682574,2026-08-10T14:51:17.399723,ground_truth,0.007225,-0.000000,-0.003620,True,,,,,,,,,-0.162001,0.280055,0.378533,0.000000,0.000000,0.000000,0.000000,0.000000,0.000000,nan,nan,nan,nan,nan,nan,OFF
1786348277431724969,2026-08-10T14:51:17.431766,ground_truth,0.007225,-0.000000,-0.003620,True,,,,,,,,,-0.162001,0.280055,0.378533,0.000000,0.000000,0.000000,0.000000,0.000000,0.000000,nan,nan,nan,nan,nan,nan,OFF
1786348277467092949,2026-08-10T14:51:17.467117,ground_truth,0.007358,0.015000,-0.003468,True,,,,,,,,,-0.162001,0.280055,0.378533,0.000000,0.000000,0.000000,0.000000,0.000000,0.000000,nan,nan,nan,nan,nan,nan,OFF
1786348277501105561,2026-08-10T14:51:17.501138,ground_truth,0.007296,0.008000,-0.003539,True,,,,,,,,,-0.162001,0.280055,0.378533,0.000000,0.000000,0.000000,0.000000,0.000000,0.000000,nan,nan,nan,nan,nan,nan,OFF
1786348277533853408,2026-08-10T14:51:17.533873,ground_truth,0.007225,-0.000000,-0.003620,True,,,,,,,,,-0.162001,0.280055,0.378533,0.000000,0.000000,0.000000,0.000000,0.000000,0.000000,nan,nan,nan,nan,nan,nan,OFF
1786348277567645280,2026-08-10T14:51:17.567681,ground_truth,0.007296,0.008000,-0.003539,True,,,,,,,,,-0.162001,0.280055,0.378533,0.000000,0.000000,0.000000,0.000000,0.000000,0.000000,nan,nan,nan,nan,nan,nan,OFF
1786348277599820447,2026-08-10T14:51:17.599858,ground_truth,0.003696,0.008000,-0.003539,True,,,,,,,,,-0.162001,0.280055,0.378533,0.000000,0.000000,0.000000,0.000000,0.000000,0.000000,nan,nan,nan,nan,nan,nan,OFF
1786348277635975484,2026-08-10T14:51:17.636003,ground_truth,0.007296,0.008000,-0.003539,True,,,,,,,,,-0.162001,0.280055,0.378533,0.000000,0.000000,0.000000,0.000000,0.000000,0.000000,nan,nan,nan,nan,nan,nan,OFF
1786348277666605171,2026-08-10T14:51:17.666626,ground_truth,0.003613,-0.000000,-0.003620,True,,,,,,,,,-0.162001,0.280055,0.378533,0.000000,0.000000,0.000000,0.000000,0.000000,0.000000,nan,nan,nan,nan,nan,nan,OFF
1786348277702534860,2026-08-10T14:51:17.702550,ground_truth,0.003696,0.008000,-0.003539,True,,,,,,,,,-0.162001,0.280055,0.378533,0.000000,0.000000,0.000000,0.000000,0.000000,0.000000,nan,nan,nan,nan,nan,nan,OFF
1786348277733363986,2026-08-10T14:51:17.733381,ground_truth,0.007225,-0.000000,-0.003620,True,,,,,,,,,-0.162001,0.280055,0.378533,0.000000,0.000000,0.000000,0.000000,0.000000,0.000000,nan,nan,nan,nan,nan,nan,OFF
1786348277765625437,2026-08-10T14:51:17.765651,ground_truth,0.007296,0.008000,-0.003539,True,,,,,,,,,-0.162001,0.280055,0.378533,0.000000,0.000000,0.000000,0.000000,0.000000,0.000000,nan,nan,nan,nan,nan,nan,OFF
1786348277799908734,2026-08-10T14:51:17.799934,ground_truth,0.003696,0.008000,-0.003539,True,,,,,,,,,-0.162001,0.280055,0.378533,0.000000,0.000000,0.000000,0.000000,0.000000,0.000000,nan,nan,nan,nan,nan,nan,OFF
1786348277835474872,2026-08-10T14:51:17.835517,ground_truth,0.003853,0.023000,-0.003387,True,,,,,,,,,-0.162001,0.280055,0.378533,0.000000,0.000000,0.000000,0.000000,0.000000,0.000000,nan,nan,nan,nan,nan,nan,OFF
1786348277869180490,2026-08-10T14:51:17.869224,ground_truth,0.003696,0.008000,-0.003539,True,,,,,,,,,-0.162001,0.280055,0.378533,0.000000,0.000000,0.000000,0.000000,0.000000,0.000000,nan,nan,nan,nan,nan,nan,OFF
1786348277901102535,2026-08-10T14:51:17.901122,ground_truth,0.003853,0.023000,-0.003387,True,,,,,,,,,-0.162001,0.280055,0.378533,0.000000,0.000000,0.000000,0.000000,0.000000,0.000000,nan,nan,nan,nan,nan,nan,OFF
1786348277932381447,2026-08-10T14:51:17.932398,ground_truth,0.003770,0.015000,-0.003468,True,,,,,,,,,-0.162001,0.280055,0.378533,0.000000,0.000000,0.000000,0.000000,0.000000,0.000000,nan,nan,nan,nan,nan,nan,OFF
1786348277966243904,2026-08-10T14:51:17.966298,ground_truth,0.003770,0.015000,-0.003468,True,,,,,,,,,-0.162001,0.280055,0.378533,0.000000,0.000000,0.000000,0.000000,0.000000,0.000000,nan,nan,nan,nan,nan,nan,OFF
1786348277999856886,2026-08-10T14:51:17.999903,ground_truth,0.003613,-0.000000,-0.003620,True,,,,,,,,,-0.162001,0.280055,0.378533,0.000000,0.000000,0.000000,0.000000,0.000000,0.000000,nan,nan,nan,nan,nan,nan,OFF
1786348278031702334,2026-08-10T14:51:18.031724,ground_truth,0.003853,0.023000,-0.003387,True,,,,,,,,,-0.162001,0.280055,0.378533,0.000000,0.000000,0.000000,0.000000,0.000000,0.000000,nan,nan,nan,nan,nan,nan,OFF
1786348278066852539,2026-08-10T14:51:18.066901,ground_truth,0.003853,0.023000,-0.003387,True,,,,,,,,,-0.162001,0.280055,0.378533,0.000000,0.000000,0.000000,0.000000,0.000000,0.000000,nan,nan,nan,nan,nan,nan,OFF
1786348278100415845,2026-08-10T14:51:18.100439,ground_truth,0.003770,0.015000,-0.003468,True,,,,,,,,,-0.162001,0.280055,0.378533,0.000000,0.000000,0.000000,0.000000,0.000000,0.000000,nan,nan,nan,nan,nan,nan,OFF
1786348278133543753,2026-08-10T14:51:18.133561,ground_truth,0.003696,0.008000,-0.003539,True,,,,,,,,,-0.162001,0.280055,0.378533,0.000000,0.000000,0.000000,0.000000,0.000000,0.000000,nan,nan,nan,nan,nan,nan,OFF
1786348278165159465,2026-08-10T14:51:18.165204,ground_truth,0.004010,0.038000,-0.003235,True,,,,,,,,,-0.162001,0.280055,0.378533,0.000000,0.000000,0.000000,0.000000,0.000000,0.000000,nan,nan,nan,nan,nan,nan,OFF
1786348278198724124,2026-08-10T14:51:18.198766,ground_truth,0.003770,0.015000,-0.003468,True,,,,,,,,,-0.162001,0.280055,0.378533,0.000000,0.000000,0.000000,0.000000,0.000000,0.000000,nan,nan,nan,nan,nan,nan,OFF
1786348278231509951,2026-08-10T14:51:18.231530,ground_truth,0.003696,0.008000,-0.003539,True,,,,,,,,,-0.162001,0.280055,0.378533,0.000000,0.000000,0.000000,0.000000,0.000000,0.000000,nan,nan,nan,nan,nan,nan,OFF
1786348278268652095,2026-08-10T14:51:18.268672,ground_truth,0.003770,0.015000,-0.003468,True,,,,,,,,,-0.162001,0.280055,0.378533,0.000000,0.000000,0.000000,0.000000,0.000000,0.000000,nan,nan,nan,nan,nan,nan,OFF
1786348278302129117,2026-08-10T14:51:18.302142,ground_truth,0.003770,0.015000,-0.003468,True,,,,,,,,,-0.162001,0.280055,0.378533,0.000000,0.000000,0.000000,0.000000,0.000000,0.000000,nan,nan,nan,nan,nan,nan,OFF
1786348278335196771,2026-08-10T14:51:18.335210,ground_truth,0.003696,0.008000,-0.003539,True,,,,,,,,,-0.162001,0.280055,0.378533,0.000000,0.000000,0.000000,0.000000,0.000000,0.000000,nan,nan,nan,nan,nan,nan,OFF
1786348278367424637,2026-08-10T14:51:18.367452,ground_truth,0.003613,-0.000000,-0.003620,True,,,,,,,,,-0.162001,0.280055,0.378533,0.000000,0.000000,0.000000,0.000000,0.000000,0.000000,nan,nan,nan,nan,nan,nan,OFF
1786348278403280293,2026-08-10T14:51:18.403292,ground_truth,0.003770,0.015000,-0.003468,True,,,,,,,,,-0.162001,0.280055,0.378533,0.000000,0.000000,0.000000,0.000000,0.000000,0.000000,nan,nan,nan,nan,nan,nan,OFF
1786348278436186570,2026-08-10T14:51:18.436222,ground_truth,0.003696,0.008000,-0.003539,True,,,,,,,,,-0.162001,0.280055,0.378533,0.000000,0.000000,0.000000,0.000000,0.000000,0.000000,nan,nan,nan,nan,nan,nan,OFF
1786348278467253337,2026-08-10T14:51:18.467300,ground_truth,0.003853,0.023000,-0.003387,True,,,,,,,,,-0.162001,0.280055,0.378533,0.000000,0.000000,0.000000,0.000000,0.000000,0.000000,nan,nan,nan,nan,nan,nan,OFF
1786348278500291484,2026-08-10T14:51:18.500331,ground_truth,0.003613,-0.000000,-0.003620,True,,,,,,,,,-0.162001,0.280055,0.378533,0.000000,0.000000,0.000000,0.000000,0.000000,0.000000,nan,nan,nan,nan,nan,nan,OFF
1786348278532987791,2026-08-10T14:51:18.533001,ground_truth,0.003770,0.015000,-0.003468,True,,,,,,,,,-0.162001,0.280055,0.378533,0.000000,0.000000,0.000000,0.000000,0.000000,0.000000,nan,nan,nan,nan,nan,nan,OFF
1786348278568531495,2026-08-10T14:51:18.568569,ground_truth,0.003853,0.023000,-0.003387,True,,,,,,,,,-0.162001,0.280055,0.378533,0.000000,0.000000,0.000000,0.000000,0.000000,0.000000,nan,nan,nan,nan,nan,nan,OFF
1786348278601900742,2026-08-10T14:51:18.601917,ground_truth,0.003937,0.031000,-0.003306,True,,,,,,,,,-0.162001,0.280055,0.378533,0.000000,0.000000,0.000000,0.000000,0.000000,0.000000,nan,nan,nan,nan,nan,nan,OFF
1786348278633676017,2026-08-10T14:51:18.633699,ground_truth,0.003696,0.008000,-0.003539,True,,,,,,,,,-0.162001,0.280055,0.378533,0.000000,0.000000,0.000000,0.000000,0.000000,0.000000,nan,nan,nan,nan,nan,nan,OFF
1786348278667751818,2026-08-10T14:51:18.667776,ground_truth,0.003853,0.023000,-0.003387,True,,,,,,,,,-0.162001,0.280055,0.378533,0.000000,0.000000,0.000000,0.000000,0.000000,0.000000,nan,nan,nan,nan,nan,nan,OFF
1786348278702923744,2026-08-10T14:51:18.702939,ground_truth,0.003696,0.008000,-0.003539,True,,,,,,,,,-0.162001,0.280055,0.378533,0.000000,0.000000,0.000000,0.000000,0.000000,0.000000,nan,nan,nan,nan,nan,nan,OFF
1786348278736879878,2026-08-10T14:51:18.736928,ground_truth,0.003613,-0.000000,-0.003620,True,,,,,,,,,-0.162001,0.280055,0.378533,0.000000,0.000000,0.000000,0.000000,0.000000,0.000000,nan,nan,nan,nan,nan,nan,OFF
1786348278771386138,2026-08-10T14:51:18.771416,ground_truth,0.003853,0.023000,-0.003387,True,,,,,,,,,-0.162001,0.280055,0.378533,0.000000,0.000000,0.000000,0.000000,0.000000,0.000000,nan,nan,nan,nan,nan,nan,OFF
1786348278801450779,2026-08-10T14:51:18.801486,ground_truth,0.003613,-0.000000,-0.003620,True,,,,,,,,,-0.162001,0.280055,0.378533,0.000000,0.000000,0.000000,0.000000,0.000000,0.000000,nan,nan,nan,nan,nan,nan,OFF
1786348278831962590,2026-08-10T14:51:18.831975,ground_truth,0.003696,0.008000,-0.003539,True,,,,,,,,,-0.162001,0.280055,0.378533,0.000000,0.000000,0.000000,0.000000,0.000000,0.000000,nan,nan,nan,nan,nan,nan,OFF
1786348278866973681,2026-08-10T14:51:18.867015,ground_truth,0.003696,0.008000,-0.003539,True,,,,,,,,,-0.162001,0.280055,0.378533,0.000000,0.000000,0.000000,0.000000,0.000000,0.000000,nan,nan,nan,nan,nan,nan,OFF
1786348278899027055,2026-08-10T14:51:18.899064,ground_truth,0.003696,0.008000,-0.003539,True,,,,,,,,,-0.162001,0.280055,0.378533,0.000000,0.000000,0.000000,0.000000,0.000000,0.000000,nan,nan,nan,nan,nan,nan,OFF
1786348278932930858,2026-08-10T14:51:18.932947,ground_truth,0.003770,0.015000,-0.003468,True,,,,,,,,,-0.162001,0.280055,0.378533,0.000000,0.000000,0.000000,0.000000,0.000000,0.000000,nan,nan,nan,nan,nan,nan,OFF
1786348278966427478,2026-08-10T14:51:18.966475,ground_truth,0.003770,0.015000,-0.003468,True,,,,,,,,,-0.162001,0.280055,0.378533,0.000000,0.000000,0.000000,0.000000,0.000000,0.000000,nan,nan,nan,nan,nan,nan,OFF
1786348278999447290,2026-08-10T14:51:18.999534,ground_truth,0.003529,-0.008000,-0.003701,True,,,,,,,,,-0.162001,0.280055,0.378533,0.000000,0.000000,0.000000,0.000000,0.000000,0.000000,nan,nan,nan,nan,nan,nan,OFF
1786348279031680586,2026-08-10T14:51:19.031697,ground_truth,0.003613,-0.000000,-0.003620,True,,,,,,,,,-0.162001,0.280055,0.378533,0.000000,0.000000,0.000000,0.000000,0.000000,0.000000,nan,nan,nan,nan,nan,nan,OFF
1786348279067539928,2026-08-10T14:51:19.067562,ground_truth,0.003696,0.008000,-0.003539,True,,,,,,,,,-0.162001,0.280055,0.378533,0.000000,0.000000,0.000000,0.000000,0.000000,0.000000,nan,nan,nan,nan,nan,nan,OFF
1786348279104347515,2026-08-10T14:51:19.104375,ground_truth,0.003770,0.015000,-0.003468,True,,,,,,,,,-0.162001,0.280055,0.378533,0.000000,0.000000,0.000000,0.000000,0.000000,0.000000,nan,nan,nan,nan,nan,nan,OFF
1786348279134004740,2026-08-10T14:51:19.134025,ground_truth,0.003696,0.008000,-0.003539,True,,,,,,,,,-0.162001,0.280055,0.378533,0.000000,0.000000,0.000000,0.000000,0.000000,0.000000,nan,nan,nan,nan,nan,nan,OFF
1786348279171865029,2026-08-10T14:51:19.171886,ground_truth,0.003853,0.023000,-0.003387,True,,,,,,,,,-0.162001,0.280055,0.378533,0.000000,0.000000,0.000000,0.000000,0.000000,0.000000,nan,nan,nan,nan,nan,nan,OFF
1786348279203535984,2026-08-10T14:51:19.203589,ground_truth,0.003529,-0.008000,-0.003701,True,,,,,,,,,-0.162001,0.280055,0.378533,0.000000,0.000000,0.000000,0.000000,0.000000,0.000000,nan,nan,nan,nan,nan,nan,OFF
1786348279235228971,2026-08-10T14:51:19.235246,ground_truth,0.003696,0.008000,-0.003539,True,,,,,,,,,-0.162001,0.280055,0.378533,0.000000,0.000000,0.000000,0.000000,0.000000,0.000000,nan,nan,nan,nan,nan,nan,OFF
1786348279267663609,2026-08-10T14:51:19.267707,ground_truth,0.003770,0.015000,-0.003468,True,,,,,,,,,-0.162001,0.280055,0.378533,0.000000,0.000000,0.000000,0.000000,0.000000,0.000000,nan,nan,nan,nan,nan,nan,OFF
1786348279301645260,2026-08-10T14:51:19.301659,ground_truth,0.003696,0.008000,-0.003539,True,,,,,,,,,-0.162001,0.280055,0.378533,0.000000,0.000000,0.000000,0.000000,0.000000,0.000000,nan,nan,nan,nan,nan,nan,OFF
1786348279333280127,2026-08-10T14:51:19.333293,ground_truth,0.003770,0.015000,-0.003468,True,,,,,,,,,-0.162001,0.280055,0.378533,0.000000,0.000000,0.000000,0.000000,0.000000,0.000000,nan,nan,nan,nan,nan,nan,OFF
1786348279369891871,2026-08-10T14:51:19.369938,ground_truth,0.003696,0.008000,-0.003539,True,,,,,,,,,-0.162001,0.280055,0.378533,0.000000,0.000000,0.000000,0.000000,0.000000,0.000000,nan,nan,nan,nan,nan,nan,OFF
1786348279402101862,2026-08-10T14:51:19.402116,ground_truth,0.003696,0.008000,-0.003539,True,,,,,,,,,-0.162001,0.280055,0.378533,0.000000,0.000000,0.000000,0.000000,0.000000,0.000000,nan,nan,nan,nan,nan,nan,OFF
1786348279434104969,2026-08-10T14:51:19.434123,ground_truth,0.003696,0.008000,-0.003539,True,,,,,,,,,-0.162001,0.280055,0.378533,0.000000,0.000000,0.000000,0.000000,0.000000,0.000000,nan,nan,nan,nan,nan,nan,OFF
1786348279469472696,2026-08-10T14:51:19.469524,ground_truth,0.003937,0.031000,-0.003306,True,,,,,,,,,-0.162001,0.280055,0.378533,0.000000,0.000000,0.000000,0.000000,0.000000,0.000000,nan,nan,nan,nan,nan,nan,OFF
1786348279503425903,2026-08-10T14:51:19.503442,ground_truth,0.003853,0.023000,-0.003387,True,,,,,,,,,-0.162001,0.280055,0.378533,0.000000,0.000000,0.000000,0.000000,0.000000,0.000000,nan,nan,nan,nan,nan,nan,OFF
1786348279533906634,2026-08-10T14:51:19.533921,ground_truth,0.003770,0.015000,-0.003468,True,,,,,,,,,-0.162001,0.280055,0.378533,0.000000,0.000000,0.000000,0.000000,0.000000,0.000000,nan,nan,nan,nan,nan,nan,OFF
1786348279567933982,2026-08-10T14:51:19.567975,ground_truth,0.003853,0.023000,-0.003387,True,,,,,,,,,-0.162001,0.280055,0.378533,0.000000,0.000000,0.000000,0.000000,0.000000,0.000000,nan,nan,nan,nan,nan,nan,OFF
1786348279599406280,2026-08-10T14:51:19.599440,ground_truth,0.003853,0.023000,-0.003387,True,,,,,,,,,-0.162001,0.280055,0.378533,0.000000,0.000000,0.000000,0.000000,0.000000,0.000000,nan,nan,nan,nan,nan,nan,OFF
1786348279635681714,2026-08-10T14:51:19.635706,ground_truth,0.003696,0.008000,-0.003539,True,,,,,,,,,-0.162001,0.280055,0.378533,0.000000,0.000000,0.000000,0.000000,0.000000,0.000000,nan,nan,nan,nan,nan,nan,OFF
1786348279666239582,2026-08-10T14:51:19.666275,ground_truth,0.003770,0.015000,-0.003468,True,,,,,,,,,-0.162001,0.280055,0.378533,0.000000,0.000000,0.000000,0.000000,0.000000,0.000000,nan,nan,nan,nan,nan,nan,OFF
1786348279700943456,2026-08-10T14:51:19.700987,ground_truth,0.003853,0.023000,-0.003387,True,,,,,,,,,-0.162001,0.280055,0.378533,0.000000,0.000000,0.000000,0.000000,0.000000,0.000000,nan,nan,nan,nan,nan,nan,OFF
1786348279733219272,2026-08-10T14:51:19.733241,ground_truth,0.003770,0.015000,-0.003468,True,,,,,,,,,-0.162001,0.280055,0.378533,0.000000,0.000000,0.000000,0.000000,0.000000,0.000000,nan,nan,nan,nan,nan,nan,OFF
1786348279767068010,2026-08-10T14:51:19.767117,ground_truth,0.003696,0.008000,-0.003539,True,,,,,,,,,-0.162001,0.280055,0.378533,0.000000,0.000000,0.000000,0.000000,0.000000,0.000000,nan,nan,nan,nan,nan,nan,OFF
1786348279800791811,2026-08-10T14:51:19.800813,ground_truth,0.003770,0.015000,-0.003468,True,,,,,,,,,-0.162001,0.280055,0.378533,0.000000,0.000000,0.000000,0.000000,0.000000,0.000000,nan,nan,nan,nan,nan,nan,OFF
1786348279836179438,2026-08-10T14:51:19.836226,ground_truth,0.003770,0.015000,-0.003468,True,,,,,,,,,-0.162001,0.280055,0.378533,0.000000,0.000000,0.000000,0.000000,0.000000,0.000000,nan,nan,nan,nan,nan,nan,OFF
1786348279870727886,2026-08-10T14:51:19.870756,ground_truth,0.003696,0.008000,-0.003539,True,,,,,,,,,-0.162001,0.280055,0.378533,0.000000,0.000000,0.000000,0.000000,0.000000,0.000000,nan,nan,nan,nan,nan,nan,OFF
1786348279902196627,2026-08-10T14:51:19.902209,ground_truth,0.007428,0.023000,-0.003387,True,,,,,,,,,-0.162001,0.280055,0.378533,0.000000,0.000000,0.000000,0.000000,0.000000,0.000000,nan,nan,nan,nan,nan,nan,OFF
1786348279934699225,2026-08-10T14:51:19.934711,ground_truth,0.003853,0.023000,-0.003387,True,,,,,,,,,-0.162001,0.280055,0.378533,0.000000,0.000000,0.000000,0.000000,0.000000,0.000000,nan,nan,nan,nan,nan,nan,OFF
1786348279970697962,2026-08-10T14:51:19.970739,ground_truth,0.003696,0.008000,-0.003539,True,,,,,,,,,-0.162001,0.280055,0.378533,0.000000,0.000000,0.000000,0.000000,0.000000,0.000000,nan,nan,nan,nan,nan,nan,OFF
1786348280002344691,2026-08-10T14:51:20.002367,ground_truth,0.007225,-0.000000,-0.003620,True,,,,,,,,,-0.162001,0.280055,0.378533,0.000000,0.000000,0.000000,0.000000,0.000000,0.000000,nan,nan,nan,nan,nan,nan,OFF
1786348280036043604,2026-08-10T14:51:20.036068,ground_truth,0.007296,0.008000,-0.003539,True,,,,,,,,,-0.162001,0.280055,0.378533,0.000000,0.000000,0.000000,0.000000,0.000000,0.000000,nan,nan,nan,nan,nan,nan,OFF
1786348280069849048,2026-08-10T14:51:20.069883,ground_truth,0.007225,-0.000000,-0.003620,True,,,,,,,,,-0.162001,0.280055,0.378533,0.000000,0.000000,0.000000,0.000000,0.000000,0.000000,nan,nan,nan,nan,nan,nan,OFF
1786348280103826399,2026-08-10T14:51:20.103843,ground_truth,0.007225,-0.000000,-0.003620,True,,,,,,,,,-0.162001,0.280055,0.378533,0.000000,0.000000,0.000000,0.000000,0.000000,0.000000,nan,nan,nan,nan,nan,nan,OFF
1786348280134130053,2026-08-10T14:51:20.134150,ground_truth,0.007358,0.015000,-0.003468,True,,,,,,,,,-0.162001,0.280055,0.378533,0.000000,0.000000,0.000000,0.000000,0.000000,0.000000,nan,nan,nan,nan,nan,nan,OFF
1786348280170231675,2026-08-10T14:51:20.170258,ground_truth,0.007358,0.015000,-0.003468,True,,,,,,,,,-0.162001,0.280055,0.378533,0.000000,0.000000,0.000000,0.000000,0.000000,0.000000,nan,nan,nan,nan,nan,nan,OFF
1786348280202647957,2026-08-10T14:51:20.202662,ground_truth,0.007358,0.015000,-0.003468,True,,,,,,,,,-0.162001,0.280055,0.378533,0.000000,0.000000,0.000000,0.000000,0.000000,0.000000,nan,nan,nan,nan,nan,nan,OFF
1786348280236635678,2026-08-10T14:51:20.236677,ground_truth,0.007498,0.031000,-0.003306,True,,,,,,,,,-0.162001,0.280055,0.378533,0.000000,0.000000,0.000000,0.000000,0.000000,0.000000,nan,nan,nan,nan,nan,nan,OFF
1786348280268688608,2026-08-10T14:51:20.268718,ground_truth,0.007296,0.008000,-0.003539,True,,,,,,,,,-0.162001,0.280055,0.378533,0.000000,0.000000,0.000000,0.000000,0.000000,0.000000,nan,nan,nan,nan,nan,nan,OFF
1786348280304062967,2026-08-10T14:51:20.304083,ground_truth,0.007358,0.015000,-0.003468,True,,,,,,,,,-0.162001,0.280055,0.378533,0.000000,0.000000,0.000000,0.000000,0.000000,0.000000,nan,nan,nan,nan,nan,nan,OFF
1786348280337966569,2026-08-10T14:51:20.338007,ground_truth,0.007296,0.008000,-0.003539,True,,,,,,,,,-0.162001,0.280055,0.378533,0.000000,0.000000,0.000000,0.000000,0.000000,0.000000,nan,nan,nan,nan,nan,nan,OFF
1786348280369020650,2026-08-10T14:51:20.369044,ground_truth,0.007296,0.008000,-0.003539,True,,,,,,,,,-0.162001,0.280055,0.378533,0.000000,0.000000,0.000000,0.000000,0.000000,0.000000,nan,nan,nan,nan,nan,nan,OFF
1786348280400963240,2026-08-10T14:51:20.401007,ground_truth,0.007225,-0.000000,-0.003620,True,,,,,,,,,-0.162001,0.280055,0.378533,0.000000,0.000000,0.000000,0.000000,0.000000,0.000000,nan,nan,nan,nan,nan,nan,OFF
1786348280432798427,2026-08-10T14:51:20.432813,ground_truth,0.007296,0.008000,-0.003539,True,,,,,,,,,-0.162001,0.280055,0.378533,0.000000,0.000000,0.000000,0.000000,0.000000,0.000000,nan,nan,nan,nan,nan,nan,OFF
1786348280468108944,2026-08-10T14:51:20.468137,ground_truth,0.007358,0.015000,-0.003468,True,,,,,,,,,-0.162001,0.280055,0.378533,0.000000,0.000000,0.000000,0.000000,0.000000,0.000000,nan,nan,nan,nan,nan,nan,OFF
1786348280501388108,2026-08-10T14:51:20.501404,ground_truth,0.007358,0.015000,-0.003468,True,,,,,,,,,-0.162001,0.280055,0.378533,0.000000,0.000000,0.000000,0.000000,0.000000,0.000000,nan,nan,nan,nan,nan,nan,OFF
1786348280533249975,2026-08-10T14:51:20.533265,ground_truth,0.007296,0.008000,-0.003539,True,,,,,,,,,-0.162001,0.280055,0.378533,0.000000,0.000000,0.000000,0.000000,0.000000,0.000000,nan,nan,nan,nan,nan,nan,OFF
1786348280567753538,2026-08-10T14:51:20.567794,ground_truth,0.007296,0.008000,-0.003539,True,,,,,,,,,-0.162001,0.280055,0.378533,0.000000,0.000000,0.000000,0.000000,0.000000,0.000000,nan,nan,nan,nan,nan,nan,OFF
1786348280603363405,2026-08-10T14:51:20.603417,ground_truth,0.007225,-0.000000,-0.003620,True,,,,,,,,,-0.162001,0.280055,0.378533,0.000000,0.000000,0.000000,0.000000,0.000000,0.000000,nan,nan,nan,nan,nan,nan,OFF
1786348280636494687,2026-08-10T14:51:20.636514,ground_truth,0.007225,-0.000000,-0.003620,True,,,,,,,,,-0.162001,0.280055,0.378533,0.000000,0.000000,0.000000,0.000000,0.000000,0.000000,nan,nan,nan,nan,nan,nan,OFF
1786348280668640264,2026-08-10T14:51:20.668679,ground_truth,0.007358,0.015000,-0.003468,True,,,,,,,,,-0.162001,0.280055,0.378533,0.000000,0.000000,0.000000,0.000000,0.000000,0.000000,nan,nan,nan,nan,nan,nan,OFF
1786348280703338457,2026-08-10T14:51:20.703351,ground_truth,0.007428,0.023000,-0.003387,True,,,,,,,,,-0.162001,0.280055,0.378533,0.000000,0.000000,0.000000,0.000000,0.000000,0.000000,nan,nan,nan,nan,nan,nan,OFF
1786348280736545723,2026-08-10T14:51:20.736560,ground_truth,0.007358,0.015000,-0.003468,True,,,,,,,,,-0.162001,0.280055,0.378533,0.000000,0.000000,0.000000,0.000000,0.000000,0.000000,nan,nan,nan,nan,nan,nan,OFF
1786348280769944544,2026-08-10T14:51:20.769975,ground_truth,0.007225,-0.000000,-0.003620,True,,,,,,,,,-0.162001,0.280055,0.378533,0.000000,0.000000,0.000000,0.000000,0.000000,0.000000,nan,nan,nan,nan,nan,nan,OFF
1786348280804970981,2026-08-10T14:51:20.804988,ground_truth,0.007296,0.008000,-0.003539,True,,,,,,,,,-0.162001,0.280055,0.378533,0.000000,0.000000,0.000000,0.000000,0.000000,0.000000,nan,nan,nan,nan,nan,nan,OFF
1786348280835904483,2026-08-10T14:51:20.835918,ground_truth,0.007296,0.008000,-0.007145,True,,,,,,,,,-0.162001,0.280055,0.378533,0.000000,0.000000,0.000000,0.000000,0.000000,0.000000,nan,nan,nan,nan,nan,nan,OFF
1786348280868842357,2026-08-10T14:51:20.868878,ground_truth,0.007296,0.008000,-0.003539,True,,,,,,,,,-0.162001,0.280055,0.378533,0.000000,0.000000,0.000000,0.000000,0.000000,0.000000,nan,nan,nan,nan,nan,nan,OFF
1786348280903507858,2026-08-10T14:51:20.903524,ground_truth,0.007428,0.023000,-0.003387,True,,,,,,,,,-0.162001,0.280055,0.378533,0.000000,0.000000,0.000000,0.000000,0.000000,0.000000,nan,nan,nan,nan,nan,nan,OFF
1786348280937617370,2026-08-10T14:51:20.937644,ground_truth,0.007296,0.008000,-0.003539,True,,,,,,,,,-0.162001,0.280055,0.378533,0.000000,0.000000,0.000000,0.000000,0.000000,0.000000,nan,nan,nan,nan,nan,nan,OFF
1786348280968920815,2026-08-10T14:51:20.968951,ground_truth,0.007358,0.015000,-0.003468,True,,,,,,,,,-0.162001,0.280055,0.378533,0.000000,0.000000,0.000000,0.000000,0.000000,0.000000,nan,nan,nan,nan,nan,nan,OFF
1786348281027165467,2026-08-10T14:51:21.027187,prediction,0.007296,0.008000,-0.003539,True,0.087271,-0.038380,-0.014044,0.079975,0.046380,0.010505,21.16,10,-0.162001,0.280055,0.378533,0.000000,0.000000,0.000000,0.000000,0.000000,0.000000,nan,nan,nan,nan,nan,nan,OFF
1786348281056876101,2026-08-10T14:51:21.056894,prediction,0.003696,0.008000,-0.003539,True,0.085484,-0.037457,-0.014200,0.081787,0.045457,0.010661,18.87,10,-0.162001,0.280055,0.378533,0.000000,0.000000,0.000000,0.000000,0.000000,0.000000,nan,nan,nan,nan,nan,nan,OFF
1786348281091395713,2026-08-10T14:51:21.091410,prediction,0.003696,0.008000,-0.003539,True,0.084590,-0.037029,-0.014281,0.080894,0.045030,0.010742,17.74,10,-0.162001,0.280055,0.378533,0.000000,0.000000,0.000000,0.000000,0.000000,0.000000,nan,nan,nan,nan,nan,nan,OFF
1786348281121759951,2026-08-10T14:51:21.121772,prediction,0.003613,-0.000000,-0.003620,True,0.084101,-0.036884,-0.014372,0.080489,0.036884,0.010752,16.85,10,-0.162001,0.280055,0.378533,0.000000,0.000000,0.000000,0.000000,0.000000,0.000000,nan,nan,nan,nan,nan,nan,OFF
1786348281155899520,2026-08-10T14:51:21.155913,prediction,0.003696,0.008000,-0.003539,True,0.084740,-0.038386,-0.014302,0.081043,0.046386,0.010763,17.64,10,-0.162001,0.280055,0.378533,0.000000,0.000000,0.000000,0.000000,0.000000,0.000000,nan,nan,nan,nan,nan,nan,OFF
1786348281187503025,2026-08-10T14:51:21.187519,prediction,0.003770,0.015000,-0.003468,True,0.085059,-0.039159,-0.014263,0.081290,0.054159,0.010795,16.54,10,-0.162001,0.280055,0.378533,0.000000,0.000000,0.000000,0.000000,0.000000,0.000000,nan,nan,nan,nan,nan,nan,OFF
1786348281219382003,2026-08-10T14:51:21.219396,prediction,0.003937,0.031000,-0.003306,True,0.085219,-0.039525,-0.014239,0.081282,0.070525,0.010933,15.89,10,-0.162001,0.280055,0.378533,0.000000,0.000000,0.000000,0.000000,0.000000,0.000000,nan,nan,nan,nan,nan,nan,OFF
1786348281253934377,2026-08-10T14:51:21.253948,prediction,0.003696,0.008000,-0.003539,True,0.085299,-0.039689,-0.014226,0.081602,0.047689,0.010687,17.29,10,-0.162001,0.280055,0.378533,0.000000,0.000000,0.000000,0.000000,0.000000,0.000000,nan,nan,nan,nan,nan,nan,OFF
1786348281286671749,2026-08-10T14:51:21.286688,prediction,0.003613,-0.000000,-0.003620,True,0.085338,-0.039746,-0.014217,0.081726,0.039746,0.010597,16.72,10,-0.162001,0.280055,0.378533,0.000000,0.000000,0.000000,0.000000,0.000000,0.000000,nan,nan,nan,nan,nan,nan,OFF
1786348281321357957,2026-08-10T14:51:21.321379,prediction,0.003696,0.008000,-0.003539,True,0.085358,-0.039765,-0.014213,0.081662,0.047765,0.010674,17.58,10,-0.162001,0.280055,0.378533,0.000000,0.000000,0.000000,0.000000,0.000000,0.000000,nan,nan,nan,nan,nan,nan,OFF
1786348281351842574,2026-08-10T14:51:21.351911,prediction,0.003529,-0.008000,-0.003701,True,0.085368,-0.039759,-0.014212,0.081839,0.031759,0.010512,16.05,10,-0.162001,0.280055,0.378533,0.000000,0.000000,0.000000,0.000000,0.000000,0.000000,nan,nan,nan,nan,nan,nan,OFF
1786348281387361817,2026-08-10T14:51:21.387383,prediction,0.003853,0.023000,-0.003387,True,0.085373,-0.039740,-0.014215,0.081520,0.062740,0.010828,15.49,10,-0.162001,0.280055,0.378533,0.000000,0.000000,0.000000,0.000000,0.000000,0.000000,nan,nan,nan,nan,nan,nan,OFF
1786348281420812155,2026-08-10T14:51:21.420826,prediction,0.003696,0.008000,-0.003539,True,0.085376,-0.039715,-0.014217,0.081679,0.047715,0.010678,15.10,10,-0.162001,0.280055,0.378533,0.000000,0.000000,0.000000,0.000000,0.000000,0.000000,nan,nan,nan,nan,nan,nan,OFF
1786348281454122136,2026-08-10T14:51:21.454136,prediction,0.003613,-0.000000,-0.003620,True,0.085377,-0.039693,-0.014220,0.081764,0.039693,0.010600,16.05,10,-0.162001,0.280055,0.378533,0.000000,0.000000,0.000000,0.000000,0.000000,0.000000,nan,nan,nan,nan,nan,nan,OFF
1786348281489498538,2026-08-10T14:51:21.489516,prediction,0.003770,0.015000,-0.003468,True,0.085378,-0.039682,-0.014221,0.081608,0.054682,0.010753,16.54,10,-0.162001,0.280055,0.378533,0.000000,0.000000,0.000000,0.000000,0.000000,0.000000,nan,nan,nan,nan,nan,nan,OFF
1786348281522879373,2026-08-10T14:51:21.522897,prediction,0.003770,0.015000,-0.003468,True,0.085378,-0.039676,-0.014222,0.081608,0.054676,0.010754,15.98,10,-0.162001,0.280055,0.378533,0.000000,0.000000,0.000000,0.000000,0.000000,0.000000,nan,nan,nan,nan,nan,nan,OFF
1786348281558056706,2026-08-10T14:51:21.558077,prediction,0.003770,0.015000,-0.003468,True,0.085378,-0.039674,-0.014222,0.081609,0.054674,0.010754,17.28,10,-0.162001,0.280055,0.378533,0.000000,0.000000,0.000000,0.000000,0.000000,0.000000,nan,nan,nan,nan,nan,nan,OFF
1786348281590377485,2026-08-10T14:51:21.590395,prediction,0.003770,0.015000,-0.003468,True,0.085378,-0.039672,-0.014222,0.081609,0.054672,0.010754,16.33,10,-0.162001,0.280055,0.378533,0.000000,0.000000,0.000000,0.000000,0.000000,0.000000,nan,nan,nan,nan,nan,nan,OFF
1786348281621632717,2026-08-10T14:51:21.621648,prediction,0.003445,-0.016000,-0.003782,True,0.085378,-0.039671,-0.014222,0.081933,0.023672,0.010441,16.01,10,-0.162001,0.280055,0.378533,0.000000,0.000000,0.000000,0.000000,0.000000,0.000000,nan,nan,nan,nan,nan,nan,OFF
1786348281655166434,2026-08-10T14:51:21.655182,prediction,0.003696,0.008000,-0.003539,True,0.085378,-0.039671,-0.014222,0.081682,0.047671,0.010684,16.39,10,-0.162001,0.280055,0.378533,0.000000,0.000000,0.000000,0.000000,0.000000,0.000000,nan,nan,nan,nan,nan,nan,OFF
1786348281691422919,2026-08-10T14:51:21.691447,prediction,0.003696,0.008000,-0.003539,True,0.085378,-0.039671,-0.014222,0.081682,0.047671,0.010684,17.26,10,-0.162001,0.280055,0.378533,0.000000,0.000000,0.000000,0.000000,0.000000,0.000000,nan,nan,nan,nan,nan,nan,OFF
1786348281729957248,2026-08-10T14:51:21.729977,prediction,0.003853,0.023000,-0.003387,True,0.085378,-0.039671,-0.014222,0.081525,0.062671,0.010835,21.69,10,-0.162001,0.280055,0.378533,0.000000,0.000000,0.000000,0.000000,0.000000,0.000000,nan,nan,nan,nan,nan,nan,OFF
1786348281758164232,2026-08-10T14:51:21.758185,prediction,0.003853,0.023000,-0.003387,True,0.085378,-0.039671,-0.014222,0.081525,0.062671,0.010835,17.85,10,-0.162001,0.280055,0.378533,0.000000,0.000000,0.000000,0.000000,0.000000,0.000000,nan,nan,nan,nan,nan,nan,OFF
1786348281804509328,2026-08-10T14:51:21.804526,prediction,0.003613,-0.000000,-0.003620,True,0.085378,-0.039671,-0.014222,0.081766,0.039671,0.010603,31.72,10,-0.162001,0.280055,0.378533,0.000000,0.000000,0.000000,0.000000,0.000000,0.000000,nan,nan,nan,nan,nan,nan,OFF
1786348281833179483,2026-08-10T14:51:21.833198,prediction,0.003770,0.015000,-0.003468,True,0.085378,-0.039671,-0.014222,0.081609,0.054671,0.010755,23.69,10,-0.162001,0.280055,0.378533,0.000000,0.000000,0.000000,0.000000,0.000000,0.000000,nan,nan,nan,nan,nan,nan,OFF
1786348281860091193,2026-08-10T14:51:21.860111,prediction,0.003853,0.023000,-0.003387,True,0.085378,-0.039671,-0.014222,0.081525,0.062671,0.010835,20.57,10,-0.162001,0.280055,0.378533,0.000000,0.000000,0.000000,0.000000,0.000000,0.000000,nan,nan,nan,nan,nan,nan,OFF
1786348281890439731,2026-08-10T14:51:21.890460,prediction,0.003770,0.015000,-0.003468,True,0.085378,-0.039671,-0.014222,0.081609,0.054671,0.010755,18.50,10,-0.162001,0.280055,0.378533,0.000000,0.000000,0.000000,0.000000,0.000000,0.000000,nan,nan,nan,nan,nan,nan,OFF
1786348281931086998,2026-08-10T14:51:21.931105,prediction,0.003770,0.015000,-0.003468,True,0.085378,-0.039671,-0.014222,0.081609,0.054671,0.010755,24.73,10,-0.162001,0.280055,0.378533,0.000000,0.000000,0.000000,0.000000,0.000000,0.000000,nan,nan,nan,nan,nan,nan,OFF
1786348281959791188,2026-08-10T14:51:21.959810,prediction,0.003770,0.015000,-0.003468,True,0.085378,-0.039671,-0.014222,0.081609,0.054671,0.010755,19.67,10,-0.162001,0.280055,0.378533,0.000000,0.000000,0.000000,0.000000,0.000000,0.000000,nan,nan,nan,nan,nan,nan,OFF
1786348281992424101,2026-08-10T14:51:21.992449,prediction,0.003696,0.008000,-0.003539,True,0.085378,-0.039671,-0.014222,0.081682,0.047671,0.010684,19.44,10,-0.162001,0.280055,0.378533,0.000000,0.000000,0.000000,0.000000,0.000000,0.000000,nan,nan,nan,nan,nan,nan,OFF
1786348282031601091,2026-08-10T14:51:22.031617,prediction,0.003613,-0.000000,-0.003620,True,0.085378,-0.039671,-0.014222,0.081766,0.039671,0.010603,26.58,10,-0.162001,0.280055,0.378533,0.000000,0.000000,0.000000,0.000000,0.000000,0.000000,nan,nan,nan,nan,nan,nan,OFF
1786348282067455651,2026-08-10T14:51:22.067482,prediction,0.003770,0.015000,-0.003468,True,0.085378,-0.039671,-0.014222,0.081609,0.054671,0.010755,28.06,10,-0.162001,0.280055,0.378533,0.000000,0.000000,0.000000,0.000000,0.000000,0.000000,nan,nan,nan,nan,nan,nan,OFF
1786348282100519592,2026-08-10T14:51:22.100539,prediction,0.003696,0.008000,-0.003539,True,0.085378,-0.039671,-0.014222,0.081682,0.047671,0.010684,27.31,10,-0.162001,0.280055,0.378533,0.000000,0.000000,0.000000,0.000000,0.000000,0.000000,nan,nan,nan,nan,nan,nan,OFF
1786348282141732585,2026-08-10T14:51:22.141751,prediction,0.003770,0.015000,-0.003468,True,0.085378,-0.039671,-0.014222,0.081609,0.054671,0.010755,31.85,10,-0.162001,0.280055,0.378533,0.000000,0.000000,0.000000,0.000000,0.000000,0.000000,nan,nan,nan,nan,nan,nan,OFF
1786348282183951099,2026-08-10T14:51:22.184031,prediction,0.003529,-0.008000,-0.003701,True,0.085378,-0.039671,-0.014222,0.081849,0.031671,0.010522,39.01,10,-0.162001,0.280055,0.378533,0.000000,0.000000,0.000000,0.000000,0.000000,0.000000,nan,nan,nan,nan,nan,nan,OFF
1786348282240315020,2026-08-10T14:51:22.240333,prediction,0.003696,0.008000,-0.003539,True,0.085378,-0.039671,-0.014222,0.081682,0.047671,0.010684,52.25,10,-0.162001,0.280055,0.378533,0.000000,0.000000,0.000000,0.000000,0.000000,0.000000,nan,nan,nan,nan,nan,nan,OFF
1786348282286501703,2026-08-10T14:51:22.286520,prediction,0.003696,0.008000,-0.003539,True,0.085378,-0.039671,-0.014222,0.081682,0.047671,0.010684,47.82,10,-0.162001,0.280055,0.378533,0.000000,0.000000,0.000000,0.000000,0.000000,0.000000,nan,nan,nan,nan,nan,nan,OFF
1786348282356274549,2026-08-10T14:51:22.356291,prediction,0.003613,-0.000000,-0.003620,True,0.085378,-0.039671,-0.014222,0.081766,0.039671,0.010603,49.88,10,-0.162001,0.280055,0.378533,0.000000,0.000000,0.000000,0.000000,0.000000,0.000000,nan,nan,nan,nan,nan,nan,OFF
1786348282405183120,2026-08-10T14:51:22.405203,prediction,0.003529,-0.008000,-0.003701,True,0.085378,-0.039671,-0.014222,0.081849,0.031671,0.010522,48.14,10,-0.162001,0.280055,0.378533,0.000000,0.000000,0.000000,0.000000,0.000000,0.000000,nan,nan,nan,nan,nan,nan,OFF
1786348282430754349,2026-08-10T14:51:22.430777,prediction,0.003696,0.008000,-0.003539,True,0.085378,-0.039671,-0.014222,0.081682,0.047671,0.010684,25.22,10,-0.162001,0.280055,0.378533,0.000000,0.000000,0.000000,0.000000,0.000000,0.000000,nan,nan,nan,nan,nan,nan,OFF
1786348282453496157,2026-08-10T14:51:22.453515,prediction,0.003770,0.015000,-0.003468,True,0.085378,-0.039671,-0.014222,0.081609,0.054671,0.010755,22.57,10,-0.162001,0.280055,0.378533,0.000000,0.000000,0.000000,0.000000,0.000000,0.000000,nan,nan,nan,nan,nan,nan,OFF
1786348282477056001,2026-08-10T14:51:22.477072,prediction,0.003613,-0.000000,-0.007239,True,0.085378,-0.039671,-0.014222,0.081766,0.039671,0.006983,23.17,10,-0.162001,0.280055,0.378533,0.000000,0.000000,0.000000,0.000000,0.000000,0.000000,nan,nan,nan,nan,nan,nan,OFF
1786348282494237813,2026-08-10T14:51:22.494255,prediction,0.003613,-0.000000,-0.007239,True,0.085378,-0.039671,-0.014222,0.081766,0.039671,0.006983,16.71,10,-0.162001,0.280055,0.378533,0.000000,0.000000,0.000000,0.000000,0.000000,0.000000,nan,nan,nan,nan,nan,nan,OFF
1786348282522469803,2026-08-10T14:51:22.522509,prediction,0.003613,-0.000000,-0.003620,True,0.085378,-0.039671,-0.014222,0.081766,0.039671,0.010603,15.88,10,-0.162001,0.280055,0.378533,0.000000,0.000000,0.000000,0.000000,0.000000,0.000000,nan,nan,nan,nan,nan,nan,OFF
1786348282561352052,2026-08-10T14:51:22.561368,prediction,0.003770,0.015000,-0.003468,True,0.085378,-0.039671,-0.014222,0.081609,0.054671,0.010755,18.98,10,-0.162001,0.280055,0.378533,0.000000,0.000000,0.000000,0.000000,0.000000,0.000000,nan,nan,nan,nan,nan,nan,OFF
1786348282593453994,2026-08-10T14:51:22.593472,prediction,0.003613,-0.000000,-0.003620,True,0.085378,-0.039671,-0.014222,0.081766,0.039671,0.010603,19.27,10,-0.162001,0.280055,0.378533,0.000000,0.000000,0.000000,0.000000,0.000000,0.000000,nan,nan,nan,nan,nan,nan,OFF
1786348282627728418,2026-08-10T14:51:22.627748,prediction,0.003770,0.015000,-0.007063,True,0.085378,-0.039671,-0.014222,0.081609,0.054671,0.007160,19.56,10,-0.162001,0.280055,0.378533,0.000000,0.000000,0.000000,0.000000,0.000000,0.000000,nan,nan,nan,nan,nan,nan,OFF
1786348282659514659,2026-08-10T14:51:22.659534,prediction,0.003696,0.008000,-0.003539,True,0.085378,-0.039671,-0.014222,0.081682,0.047671,0.010684,18.14,10,-0.162001,0.280055,0.378533,0.000000,0.000000,0.000000,0.000000,0.000000,0.000000,nan,nan,nan,nan,nan,nan,OFF
1786348282693520082,2026-08-10T14:51:22.693536,prediction,0.007358,0.015000,-0.003468,True,0.085378,-0.039671,-0.014222,0.078021,0.054671,0.010755,19.59,10,-0.162001,0.280055,0.378533,0.000000,0.000000,0.000000,0.000000,0.000000,0.000000,nan,nan,nan,nan,nan,nan,OFF
1786348282726894725,2026-08-10T14:51:22.726912,prediction,0.003853,0.023000,-0.003387,True,0.085378,-0.039671,-0.014222,0.081525,0.062671,0.010835,20.69,10,-0.162001,0.280055,0.378533,0.000000,0.000000,0.000000,0.000000,0.000000,0.000000,nan,nan,nan,nan,nan,nan,OFF
1786348282760179376,2026-08-10T14:51:22.760200,prediction,0.007296,0.008000,-0.003539,True,0.085378,-0.039671,-0.014222,0.078082,0.047671,0.010684,19.48,10,-0.162001,0.280055,0.378533,0.000000,0.000000,0.000000,0.000000,0.000000,0.000000,nan,nan,nan,nan,nan,nan,OFF
1786348282795139655,2026-08-10T14:51:22.795159,prediction,0.007358,0.015000,-0.003468,True,0.085378,-0.039671,-0.014222,0.078021,0.054671,0.010755,20.03,10,-0.162001,0.280055,0.378533,0.000000,0.000000,0.000000,0.000000,0.000000,0.000000,nan,nan,nan,nan,nan,nan,OFF
1786348282827839013,2026-08-10T14:51:22.827859,prediction,0.007358,0.015000,-0.003468,True,0.085378,-0.039671,-0.014222,0.078021,0.054671,0.010755,19.79,10,-0.162001,0.280055,0.378533,0.000000,0.000000,0.000000,0.000000,0.000000,0.000000,nan,nan,nan,nan,nan,nan,OFF
1786348282859936366,2026-08-10T14:51:22.859955,prediction,0.007225,-0.000000,-0.003620,True,0.085378,-0.039671,-0.014222,0.078153,0.039671,0.010603,19.46,10,-0.162001,0.280055,0.378533,0.000000,0.000000,0.000000,0.000000,0.000000,0.000000,nan,nan,nan,nan,nan,nan,OFF
1786348282891457874,2026-08-10T14:51:22.891477,prediction,0.007428,0.023000,-0.006969,True,0.085378,-0.039671,-0.014222,0.077950,0.062671,0.007254,17.85,10,-0.162001,0.280055,0.378533,0.000000,0.000000,0.000000,0.000000,0.000000,0.000000,nan,nan,nan,nan,nan,nan,OFF
1786348282925231034,2026-08-10T14:51:22.925250,prediction,0.007358,0.015000,-0.007063,True,0.085378,-0.039671,-0.014222,0.078021,0.054671,0.007160,16.99,10,-0.162001,0.280055,0.378533,0.000000,0.000000,0.000000,0.000000,0.000000,0.000000,nan,nan,nan,nan,nan,nan,OFF
1786348282957293391,2026-08-10T14:51:22.957311,prediction,0.007358,0.015000,-0.007063,True,0.085378,-0.039671,-0.014222,0.078021,0.054671,0.007160,16.84,10,-0.162001,0.280055,0.378533,0.000000,0.000000,0.000000,0.000000,0.000000,0.000000,nan,nan,nan,nan,nan,nan,OFF
1786348282994047852,2026-08-10T14:51:22.994063,prediction,0.007296,0.008000,-0.007145,True,0.085378,-0.039671,-0.014222,0.078082,0.047671,0.007077,19.00,10,-0.162001,0.280055,0.378533,0.000000,0.000000,0.000000,0.000000,0.000000,0.000000,nan,nan,nan,nan,nan,nan,OFF
1786348283027615842,2026-08-10T14:51:23.027637,prediction,0.003853,0.023000,-0.006969,True,0.085378,-0.039671,-0.014222,0.081525,0.062671,0.007254,17.75,10,-0.162001,0.280055,0.378533,0.000000,0.000000,0.000000,0.000000,0.000000,0.000000,nan,nan,nan,nan,nan,nan,OFF
1786348283058811489,2026-08-10T14:51:23.058832,prediction,0.007428,0.023000,-0.006969,True,0.085378,-0.039671,-0.014222,0.077950,0.062671,0.007254,17.44,10,-0.162001,0.280055,0.378533,0.000000,0.000000,0.000000,0.000000,0.000000,0.000000,nan,nan,nan,nan,nan,nan,OFF
1786348283091205244,2026-08-10T14:51:23.091219,prediction,0.007428,0.023000,-0.006969,True,0.085378,-0.039671,-0.014222,0.077950,0.062671,0.007254,16.48,10,-0.162001,0.280055,0.378533,0.000000,0.000000,0.000000,0.000000,0.000000,0.000000,nan,nan,nan,nan,nan,nan,OFF
1786348283126099336,2026-08-10T14:51:23.126120,prediction,0.007358,0.015000,-0.007063,True,0.085378,-0.039671,-0.014222,0.078021,0.054671,0.007160,16.94,10,-0.162001,0.280055,0.378533,0.000000,0.000000,0.000000,0.000000,0.000000,0.000000,nan,nan,nan,nan,nan,nan,OFF
1786348283159783677,2026-08-10T14:51:23.159802,prediction,0.007428,0.023000,-0.006969,True,0.085378,-0.039671,-0.014222,0.077950,0.062671,0.007254,18.15,10,-0.162001,0.280055,0.378533,0.000000,0.000000,0.000000,0.000000,0.000000,0.000000,nan,nan,nan,nan,nan,nan,OFF
1786348283191952194,2026-08-10T14:51:23.191970,prediction,0.007358,0.015000,-0.007063,True,0.085378,-0.039671,-0.014222,0.078021,0.054671,0.007160,16.80,10,-0.162001,0.280055,0.378533,0.000000,0.000000,0.000000,0.000000,0.000000,0.000000,nan,nan,nan,nan,nan,nan,OFF
1786348283222737340,2026-08-10T14:51:23.222753,prediction,0.007498,0.031000,-0.006875,True,0.085378,-0.039671,-0.014222,0.077880,0.070671,0.007348,15.66,10,-0.162001,0.280055,0.378533,0.000000,0.000000,0.000000,0.000000,0.000000,0.000000,nan,nan,nan,nan,nan,nan,OFF
1786348283260151495,2026-08-10T14:51:23.260173,prediction,0.007358,0.015000,-0.007063,True,0.085378,-0.039671,-0.014222,0.078021,0.054671,0.007160,18.84,10,-0.162001,0.280055,0.378533,0.000000,0.000000,0.000000,0.000000,0.000000,0.000000,nan,nan,nan,nan,nan,nan,OFF
1786348283293649371,2026-08-10T14:51:23.293662,prediction,0.007358,0.015000,-0.007063,True,0.085378,-0.039671,-0.014222,0.078021,0.054671,0.007160,18.94,10,-0.162001,0.280055,0.378533,0.000000,0.000000,0.000000,0.000000,0.000000,0.000000,nan,nan,nan,nan,nan,nan,OFF
1786348283328304388,2026-08-10T14:51:23.328321,prediction,0.007498,0.031000,-0.006875,True,0.085378,-0.039671,-0.014222,0.077880,0.070671,0.007348,19.16,10,-0.162001,0.280055,0.378533,0.000000,0.000000,0.000000,0.000000,0.000000,0.000000,nan,nan,nan,nan,nan,nan,OFF
1786348283364060108,2026-08-10T14:51:23.364077,prediction,0.007428,0.023000,-0.006969,True,0.085378,-0.039671,-0.014222,0.077950,0.062671,0.007254,19.79,10,-0.162001,0.280055,0.378533,0.000000,0.000000,0.000000,0.000000,0.000000,0.000000,nan,nan,nan,nan,nan,nan,OFF
1786348283395115037,2026-08-10T14:51:23.395134,prediction,0.007428,0.023000,-0.006969,True,0.085378,-0.039671,-0.014222,0.077950,0.062671,0.007254,19.09,10,-0.162001,0.280055,0.378533,0.000000,0.000000,0.000000,0.000000,0.000000,0.000000,nan,nan,nan,nan,nan,nan,OFF
1786348283427969910,2026-08-10T14:51:23.427990,prediction,0.007358,0.015000,-0.007063,True,0.085378,-0.039671,-0.014222,0.078021,0.054671,0.007160,19.57,10,-0.162001,0.280055,0.378533,0.000000,0.000000,0.000000,0.000000,0.000000,0.000000,nan,nan,nan,nan,nan,nan,OFF
1786348283459806416,2026-08-10T14:51:23.459824,prediction,0.007498,0.031000,-0.006875,True,0.085378,-0.039671,-0.014222,0.077880,0.070671,0.007348,18.43,10,-0.162001,0.280055,0.378533,0.000000,0.000000,0.000000,0.000000,0.000000,0.000000,nan,nan,nan,nan,nan,nan,OFF
1786348283494734783,2026-08-10T14:51:23.494749,prediction,0.007296,0.008000,-0.007145,True,0.085378,-0.039671,-0.014222,0.078082,0.047671,0.007077,18.34,10,-0.162001,0.280055,0.378533,0.000000,0.000000,0.000000,0.000000,0.000000,0.000000,nan,nan,nan,nan,nan,nan,OFF
1786348283525897316,2026-08-10T14:51:23.525918,prediction,0.007428,0.023000,-0.006969,True,0.085378,-0.039671,-0.014222,0.077950,0.062671,0.007254,17.82,10,-0.162001,0.280055,0.378533,0.000000,0.000000,0.000000,0.000000,0.000000,0.000000,nan,nan,nan,nan,nan,nan,OFF
1786348283559861259,2026-08-10T14:51:23.559881,prediction,0.007296,0.008000,-0.007145,True,0.085378,-0.039671,-0.014222,0.078082,0.047671,0.007077,19.22,10,-0.162001,0.280055,0.378533,0.000000,0.000000,0.000000,0.000000,0.000000,0.000000,nan,nan,nan,nan,nan,nan,OFF
1786348283591949443,2026-08-10T14:51:23.591978,prediction,0.007358,0.015000,-0.007063,True,0.085378,-0.039671,-0.014222,0.078021,0.054671,0.007160,18.22,10,-0.162001,0.280055,0.378533,0.000000,0.000000,0.000000,0.000000,0.000000,0.000000,nan,nan,nan,nan,nan,nan,OFF
1786348283626261999,2026-08-10T14:51:23.626281,prediction,0.007428,0.023000,-0.006969,True,0.085378,-0.039671,-0.014222,0.077950,0.062671,0.007254,18.89,10,-0.162001,0.280055,0.378533,0.000000,0.000000,0.000000,0.000000,0.000000,0.000000,nan,nan,nan,nan,nan,nan,OFF
1786348283659375634,2026-08-10T14:51:23.659392,prediction,0.007498,0.031000,-0.006875,True,0.085378,-0.039671,-0.014222,0.077880,0.070671,0.007348,18.93,10,-0.162001,0.280055,0.378533,0.000000,0.000000,0.000000,0.000000,0.000000,0.000000,nan,nan,nan,nan,nan,nan,OFF
1786348283691192392,2026-08-10T14:51:23.691205,prediction,0.007428,0.023000,-0.006969,True,0.085378,-0.039671,-0.014222,0.077950,0.062671,0.007254,17.26,10,-0.162001,0.280055,0.378533,0.000000,0.000000,0.000000,0.000000,0.000000,0.000000,nan,nan,nan,nan,nan,nan,OFF
1786348283723781620,2026-08-10T14:51:23.723799,prediction,0.007225,-0.000000,-0.007239,True,0.085378,-0.039671,-0.014222,0.078153,0.039671,0.006983,16.86,10,-0.162001,0.280055,0.378533,0.000000,0.000000,0.000000,0.000000,0.000000,0.000000,nan,nan,nan,nan,nan,nan,OFF
1786348283758049881,2026-08-10T14:51:23.758071,prediction,0.007358,0.015000,-0.007063,True,0.085378,-0.039671,-0.014222,0.078021,0.054671,0.007160,16.94,10,-0.162001,0.280055,0.378533,0.000000,0.000000,0.000000,0.000000,0.000000,0.000000,nan,nan,nan,nan,nan,nan,OFF
1786348283795210564,2026-08-10T14:51:23.795230,prediction,0.007358,0.015000,-0.007063,True,0.085378,-0.039671,-0.014222,0.078021,0.054671,0.007160,18.88,10,-0.162001,0.280055,0.378533,0.000000,0.000000,0.000000,0.000000,0.000000,0.000000,nan,nan,nan,nan,nan,nan,OFF
1786348283845129905,2026-08-10T14:51:23.845167,prediction,0.007358,0.015000,-0.007063,True,0.085378,-0.039671,-0.014222,0.078021,0.054671,0.007160,24.64,10,-0.162001,0.280055,0.378533,0.000000,0.000000,0.000000,0.000000,0.000000,0.000000,nan,nan,nan,nan,nan,nan,OFF
1786348283866885486,2026-08-10T14:51:23.866932,prediction,0.007358,0.015000,-0.007063,True,0.085378,-0.039671,-0.014222,0.078021,0.054671,0.007160,19.47,10,-0.162001,0.280055,0.378533,0.000000,0.000000,0.000000,0.000000,0.000000,0.000000,nan,nan,nan,nan,nan,nan,OFF
1786348283891527156,2026-08-10T14:51:23.891545,prediction,0.007296,0.008000,-0.007145,True,0.085378,-0.039671,-0.014222,0.078082,0.047671,0.007077,16.41,10,-0.162001,0.280055,0.378533,0.000000,0.000000,0.000000,0.000000,0.000000,0.000000,nan,nan,nan,nan,nan,nan,OFF
1786348283927528895,2026-08-10T14:51:23.927547,prediction,0.007225,-0.000000,-0.007239,True,0.085378,-0.039671,-0.014222,0.078153,0.039671,0.006983,17.92,10,-0.162001,0.280055,0.378533,0.000000,0.000000,0.000000,0.000000,0.000000,0.000000,nan,nan,nan,nan,nan,nan,OFF
1786348283960489158,2026-08-10T14:51:23.960535,prediction,0.007498,0.031000,-0.006875,True,0.085378,-0.039671,-0.014222,0.077880,0.070671,0.007348,17.94,10,-0.162001,0.280055,0.378533,0.000000,0.000000,0.000000,0.000000,0.000000,0.000000,nan,nan,nan,nan,nan,nan,OFF
1786348283995880666,2026-08-10T14:51:23.995903,prediction,0.007498,0.031000,-0.006875,True,0.085378,-0.039671,-0.014222,0.077880,0.070671,0.007348,18.11,10,-0.162001,0.280055,0.378533,0.000000,0.000000,0.000000,0.000000,0.000000,0.000000,nan,nan,nan,nan,nan,nan,OFF
1786348284028809348,2026-08-10T14:51:24.028831,prediction,0.007358,0.015000,-0.007063,True,0.085378,-0.039671,-0.014222,0.078021,0.054671,0.007160,20.54,10,-0.162001,0.280055,0.378533,0.000000,0.000000,0.000000,0.000000,0.000000,0.000000,nan,nan,nan,nan,nan,nan,OFF
1786348284060624582,2026-08-10T14:51:24.060649,prediction,0.007296,0.008000,-0.007145,True,0.085378,-0.039671,-0.014222,0.078082,0.047671,0.007077,19.61,10,-0.162001,0.280055,0.378533,0.000000,0.000000,0.000000,0.000000,0.000000,0.000000,nan,nan,nan,nan,nan,nan,OFF
1786348284094717559,2026-08-10T14:51:24.094738,prediction,0.007358,0.015000,-0.007063,True,0.085378,-0.039671,-0.014222,0.078021,0.054671,0.007160,19.54,10,-0.162001,0.280055,0.378533,0.000000,0.000000,0.000000,0.000000,0.000000,0.000000,nan,nan,nan,nan,nan,nan,OFF
1786348284130972958,2026-08-10T14:51:24.131001,prediction,0.007358,0.015000,-0.007063,True,0.085378,-0.039671,-0.014222,0.078021,0.054671,0.007160,19.42,10,-0.162001,0.280055,0.378533,0.000000,0.000000,0.000000,0.000000,0.000000,0.000000,nan,nan,nan,nan,nan,nan,OFF
1786348284162043536,2026-08-10T14:51:24.162062,prediction,0.007358,0.015000,-0.007063,True,0.085378,-0.039671,-0.014222,0.078021,0.054671,0.007160,20.38,10,-0.162001,0.280055,0.378533,0.000000,0.000000,0.000000,0.000000,0.000000,0.000000,nan,nan,nan,nan,nan,nan,OFF
1786348284193924486,2026-08-10T14:51:24.193942,prediction,0.007358,0.015000,-0.007063,True,0.085378,-0.039671,-0.014222,0.078021,0.054671,0.007160,19.57,10,-0.162001,0.280055,0.378533,0.000000,0.000000,0.000000,0.000000,0.000000,0.000000,nan,nan,nan,nan,nan,nan,OFF
1786348284227989629,2026-08-10T14:51:24.228008,prediction,0.007296,0.008000,-0.007145,True,0.085378,-0.039671,-0.014222,0.078082,0.047671,0.007077,18.42,10,-0.162001,0.280055,0.378533,0.000000,0.000000,0.000000,0.000000,0.000000,0.000000,nan,nan,nan,nan,nan,nan,OFF
1786348284260193403,2026-08-10T14:51:24.260211,prediction,0.007358,0.015000,-0.007063,True,0.085378,-0.039671,-0.014222,0.078021,0.054671,0.007160,19.84,10,-0.162001,0.280055,0.378533,0.000000,0.000000,0.000000,0.000000,0.000000,0.000000,nan,nan,nan,nan,nan,nan,OFF
1786348284292464013,2026-08-10T14:51:24.292476,prediction,0.007498,0.031000,-0.006875,True,0.085378,-0.039671,-0.014222,0.077880,0.070671,0.007348,17.66,10,-0.162001,0.280055,0.378533,0.000000,0.000000,0.000000,0.000000,0.000000,0.000000,nan,nan,nan,nan,nan,nan,OFF
1786348284323095125,2026-08-10T14:51:24.323109,prediction,0.007498,0.031000,-0.006875,True,0.085378,-0.039671,-0.014222,0.077880,0.070671,0.007348,17.15,10,-0.162001,0.280055,0.378533,0.000000,0.000000,0.000000,0.000000,0.000000,0.000000,nan,nan,nan,nan,nan,nan,OFF
1786348284359726780,2026-08-10T14:51:24.359757,prediction,0.007296,0.008000,-0.007145,True,0.085378,-0.039671,-0.014222,0.078082,0.047671,0.007077,18.87,10,-0.162001,0.280055,0.378533,0.000000,0.000000,0.000000,0.000000,0.000000,0.000000,nan,nan,nan,nan,nan,nan,OFF
1786348284394169943,2026-08-10T14:51:24.394193,prediction,0.007358,0.015000,-0.007063,True,0.085378,-0.039671,-0.014222,0.078021,0.054671,0.007160,18.88,10,-0.162001,0.280055,0.378533,0.000000,0.000000,0.000000,0.000000,0.000000,0.000000,nan,nan,nan,nan,nan,nan,OFF
1786348284427460453,2026-08-10T14:51:24.427474,prediction,0.007498,0.031000,-0.006875,True,0.085378,-0.039671,-0.014222,0.077880,0.070671,0.007348,20.77,10,-0.162001,0.280055,0.378533,0.000000,0.000000,0.000000,0.000000,0.000000,0.000000,nan,nan,nan,nan,nan,nan,OFF
1786348284462142029,2026-08-10T14:51:24.462156,prediction,0.007498,0.031000,-0.006875,True,0.085378,-0.039671,-0.014222,0.077880,0.070671,0.007348,21.54,10,-0.162001,0.280055,0.378533,0.000000,0.000000,0.000000,0.000000,0.000000,0.000000,nan,nan,nan,nan,nan,nan,OFF
1786348284494025754,2026-08-10T14:51:24.494044,prediction,0.007358,0.015000,-0.007063,True,0.085378,-0.039671,-0.014222,0.078021,0.054671,0.007160,17.19,10,-0.162001,0.280055,0.378533,0.000000,0.000000,0.000000,0.000000,0.000000,0.000000,nan,nan,nan,nan,nan,nan,FOLLOWER
1786348284530915650,2026-08-10T14:51:24.530936,prediction,0.007358,0.015000,-0.007063,True,0.085378,-0.039671,-0.014222,0.078021,0.054671,0.007160,19.75,10,-0.162001,0.280055,0.378533,0.000000,0.000000,0.000000,0.000000,0.000000,0.000000,nan,nan,nan,nan,nan,nan,FOLLOWER
1786348284560020910,2026-08-10T14:51:24.560039,prediction,0.007358,0.015000,-0.007063,True,0.085378,-0.039671,-0.014222,0.078021,0.054671,0.007160,18.67,10,-0.162001,0.280055,0.378533,0.000000,0.000000,0.000000,0.000000,0.000000,0.000000,nan,nan,nan,nan,nan,nan,FOLLOWER
1786348284594762440,2026-08-10T14:51:24.594779,prediction,0.007428,0.023000,-0.006969,True,0.085378,-0.039671,-0.014222,0.077950,0.062671,0.007254,18.57,10,-0.162001,0.280055,0.378533,0.000000,0.000000,0.000000,0.000000,0.000000,0.000000,nan,nan,nan,nan,nan,nan,FOLLOWER
1786348284629806566,2026-08-10T14:51:24.629845,prediction,0.007560,0.038000,-0.006792,True,0.085378,-0.039671,-0.014222,0.077818,0.077671,0.007430,18.74,10,-0.162001,0.280055,0.378533,0.000000,0.000000,0.000000,0.000000,0.000000,0.000000,nan,nan,nan,nan,nan,nan,FOLLOWER
1786348284660093984,2026-08-10T14:51:24.660113,prediction,0.007428,0.023000,-0.006969,True,0.085378,-0.039671,-0.014222,0.077950,0.062671,0.007254,17.95,10,-0.162001,0.280055,0.378533,0.000000,0.000000,0.000000,0.000000,0.000000,0.000000,nan,nan,nan,nan,nan,nan,FOLLOWER
1786348284698174966,2026-08-10T14:51:24.698221,prediction,0.007428,0.023000,-0.006969,True,0.085378,-0.039671,-0.014222,0.077950,0.062671,0.007254,20.22,10,-0.162001,0.280055,0.378533,0.000000,0.000000,0.000000,0.000000,0.000000,0.000000,nan,nan,nan,nan,nan,nan,FOLLOWER
1786348284728140662,2026-08-10T14:51:24.728160,prediction,0.007428,0.023000,-0.006969,True,0.085378,-0.039671,-0.014222,0.077950,0.062671,0.007254,17.24,10,-0.162001,0.280055,0.378533,0.000000,0.000000,0.000000,0.000000,0.000000,0.000000,nan,nan,nan,nan,nan,nan,FOLLOWER
1786348284763151395,2026-08-10T14:51:24.763165,prediction,0.007296,0.008000,-0.007145,True,0.085378,-0.039671,-0.014222,0.078082,0.047671,0.007077,19.28,10,-0.162001,0.280055,0.378533,0.000000,0.000000,0.000000,0.000000,0.000000,0.000000,nan,nan,nan,nan,nan,nan,FOLLOWER
1786348284795309531,2026-08-10T14:51:24.795330,prediction,0.007428,0.023000,-0.006969,True,0.085378,-0.039671,-0.014222,0.077950,0.062671,0.007254,17.97,10,-0.162001,0.280055,0.378533,0.000000,0.000000,0.000000,0.000000,0.000000,0.000000,nan,nan,nan,nan,nan,nan,FOLLOWER
1786348284835909805,2026-08-10T14:51:24.835925,prediction,0.007428,0.023000,-0.006969,True,0.085378,-0.039671,-0.014222,0.077950,0.062671,0.007254,24.07,10,-0.162001,0.280055,0.378533,0.000000,0.000000,0.000000,0.000000,0.000000,0.000000,nan,nan,nan,nan,nan,nan,FOLLOWER
1786348284871632471,2026-08-10T14:51:24.871653,prediction,0.007498,0.031000,-0.006875,True,0.085378,-0.039671,-0.014222,0.077880,0.070671,0.007348,21.60,10,-0.162001,0.280055,0.378533,0.000000,0.000000,0.000000,0.000000,0.000000,0.000000,nan,nan,nan,nan,nan,nan,FOLLOWER
1786348284898189214,2026-08-10T14:51:24.898210,prediction,0.007428,0.023000,-0.006969,True,0.085378,-0.039671,-0.014222,0.077950,0.062671,0.007254,19.80,10,-0.162001,0.280055,0.378533,0.000000,0.000000,0.000000,0.000000,0.000000,0.000000,nan,nan,nan,nan,nan,nan,FOLLOWER
1786348284930253211,2026-08-10T14:51:24.930271,prediction,0.007358,0.015000,-0.007063,True,0.085378,-0.039671,-0.014222,0.078021,0.054671,0.007160,19.96,10,-0.162001,0.280055,0.378533,0.000000,0.000000,0.000000,0.000000,0.000000,0.000000,nan,nan,nan,nan,nan,nan,FOLLOWER
1786348284965597167,2026-08-10T14:51:24.965611,prediction,0.007428,0.023000,-0.006969,True,0.085378,-0.039671,-0.014222,0.077950,0.062671,0.007254,21.72,10,-0.162001,0.280055,0.378533,0.000000,0.000000,0.000000,0.000000,0.000000,0.000000,nan,nan,nan,nan,nan,nan,FOLLOWER
1786348284997187263,2026-08-10T14:51:24.997202,prediction,0.007498,0.031000,-0.006875,True,0.085378,-0.039671,-0.014222,0.077880,0.070671,0.007348,20.35,10,-0.162001,0.280055,0.378533,0.000000,0.000000,0.000000,0.000000,0.000000,0.000000,nan,nan,nan,nan,nan,nan,FOLLOWER
1786348285030221916,2026-08-10T14:51:25.030239,prediction,0.007428,0.023000,-0.006969,True,0.085378,-0.039671,-0.014222,0.077950,0.062671,0.007254,18.17,10,-0.162001,0.280055,0.378533,0.000000,0.000000,0.000000,0.000000,0.000000,0.000000,nan,nan,nan,nan,nan,nan,FOLLOWER
1786348285064139427,2026-08-10T14:51:25.064162,prediction,0.007428,0.023000,-0.006969,True,0.085378,-0.039671,-0.014222,0.077950,0.062671,0.007254,21.27,10,-0.162001,0.280055,0.378533,0.000000,0.000000,0.000000,0.000000,0.000000,0.000000,nan,nan,nan,nan,nan,nan,FOLLOWER
1786348285098216693,2026-08-10T14:51:25.098243,prediction,0.007358,0.015000,-0.007063,True,0.085378,-0.039671,-0.014222,0.078021,0.054671,0.007160,22.10,10,-0.162001,0.280055,0.378533,0.000000,0.000000,0.000000,0.000000,0.000000,0.000000,nan,nan,nan,nan,nan,nan,FOLLOWER
1786348285133595724,2026-08-10T14:51:25.133612,prediction,0.007498,0.031000,-0.006875,True,0.085378,-0.039671,-0.014222,0.077880,0.070671,0.007348,23.81,10,-0.162001,0.280055,0.378533,0.000000,0.000000,0.000000,0.000000,0.000000,0.000000,nan,nan,nan,nan,nan,nan,FOLLOWER
1786348285161496652,2026-08-10T14:51:25.161512,prediction,0.007498,0.031000,-0.006875,True,0.085378,-0.039671,-0.014222,0.077880,0.070671,0.007348,20.88,10,-0.162001,0.280055,0.378533,0.000000,0.000000,0.000000,0.000000,0.000000,0.000000,nan,nan,nan,nan,nan,nan,FOLLOWER
1786348285195102020,2026-08-10T14:51:25.195120,prediction,0.007358,0.015000,-0.007063,True,0.085378,-0.039671,-0.014222,0.078021,0.054671,0.007160,19.61,10,-0.162001,0.280055,0.378533,0.000000,0.000000,0.000000,0.000000,0.000000,0.000000,nan,nan,nan,nan,nan,nan,FOLLOWER
1786348285225678547,2026-08-10T14:51:25.225699,prediction,0.007428,0.023000,-0.006969,True,0.085378,-0.039671,-0.014222,0.077950,0.062671,0.007254,19.45,10,-0.162001,0.280055,0.378533,0.000000,0.000000,0.000000,0.000000,0.000000,0.000000,nan,nan,nan,nan,nan,nan,FOLLOWER
1786348285260146727,2026-08-10T14:51:25.260168,prediction,0.007358,0.015000,-0.007063,True,0.085378,-0.039671,-0.014222,0.078021,0.054671,0.007160,19.31,10,-0.162001,0.280055,0.378533,0.000000,0.000000,0.000000,0.000000,0.000000,0.000000,nan,nan,nan,nan,nan,nan,FOLLOWER
1786348285291176716,2026-08-10T14:51:25.291190,prediction,0.007358,0.015000,-0.007063,True,0.085378,-0.039671,-0.014222,0.078021,0.054671,0.007160,17.51,10,-0.162001,0.280055,0.378533,0.000000,0.000000,0.000000,0.000000,0.000000,0.000000,nan,nan,nan,nan,nan,nan,FOLLOWER
1786348285326871628,2026-08-10T14:51:25.326893,prediction,0.007358,0.015000,-0.007063,True,0.085378,-0.039671,-0.014222,0.078021,0.054671,0.007160,16.96,10,-0.162001,0.280055,0.378533,0.000000,0.000000,0.000000,0.000000,0.000000,0.000000,nan,nan,nan,nan,nan,nan,FOLLOWER
1786348285360962490,2026-08-10T14:51:25.360977,prediction,0.007358,0.015000,-0.007063,True,0.085378,-0.039671,-0.014222,0.078021,0.054671,0.007160,17.69,10,-0.162001,0.280055,0.378533,0.000000,0.000000,0.000000,0.000000,0.000000,0.000000,nan,nan,nan,nan,nan,nan,FOLLOWER
1786348285393300597,2026-08-10T14:51:25.393319,prediction,0.007428,0.023000,-0.006969,True,0.085378,-0.039671,-0.014222,0.077950,0.062671,0.007254,17.51,10,-0.162001,0.280055,0.378533,0.000000,0.000000,0.000000,0.000000,0.000000,0.000000,nan,nan,nan,nan,nan,nan,FOLLOWER
1786348285426678292,2026-08-10T14:51:25.426698,prediction,0.007358,0.015000,-0.007063,True,0.085378,-0.039671,-0.014222,0.078021,0.054671,0.007160,16.50,10,-0.162001,0.280055,0.378533,0.000000,0.000000,0.000000,0.000000,0.000000,0.000000,nan,nan,nan,nan,nan,nan,FOLLOWER
1786348285461817397,2026-08-10T14:51:25.461861,prediction,0.007428,0.023000,-0.006969,True,0.085378,-0.039671,-0.014222,0.077950,0.062671,0.007254,17.99,10,-0.162001,0.280055,0.378533,0.000000,0.000000,0.000000,0.000000,0.000000,0.000000,nan,nan,nan,nan,nan,nan,FOLLOWER
1786348285492554720,2026-08-10T14:51:25.492567,prediction,0.007428,0.023000,-0.006969,True,0.085378,-0.039671,-0.014222,0.077950,0.062671,0.007254,16.53,10,-0.162001,0.280055,0.378533,0.000000,0.000000,0.000000,0.000000,0.000000,0.000000,nan,nan,nan,nan,nan,nan,FOLLOWER
1786348285524726752,2026-08-10T14:51:25.524744,prediction,0.007428,0.023000,-0.006969,True,0.085378,-0.039671,-0.014222,0.077950,0.062671,0.007254,16.45,10,-0.162001,0.280055,0.378533,0.000000,0.000000,0.000000,0.000000,0.000000,0.000000,nan,nan,nan,nan,nan,nan,FOLLOWER
1786348285559231110,2026-08-10T14:51:25.559251,prediction,0.007631,0.046000,-0.006698,True,0.085378,-0.039671,-0.014222,0.077748,0.085671,0.007524,17.32,10,-0.162001,0.280055,0.378533,0.000000,0.000000,0.000000,0.000000,0.000000,0.000000,nan,nan,nan,nan,nan,nan,FOLLOWER
1786348285592795550,2026-08-10T14:51:25.592841,prediction,0.007498,0.031000,-0.006875,True,0.085378,-0.039671,-0.014222,0.077880,0.070671,0.007348,16.59,10,-0.162001,0.280055,0.378533,0.000000,0.000000,0.000000,0.000000,0.000000,0.000000,nan,nan,nan,nan,nan,nan,FOLLOWER
1786348285625707860,2026-08-10T14:51:25.625770,prediction,0.007428,0.023000,-0.006969,True,0.085378,-0.039671,-0.014222,0.077950,0.062671,0.007254,15.78,10,-0.162001,0.280055,0.378533,0.000000,0.000000,0.000000,0.000000,0.000000,0.000000,nan,nan,nan,nan,nan,nan,FOLLOWER
1786348285665422037,2026-08-10T14:51:25.665445,prediction,0.007498,0.031000,-0.006875,True,0.085378,-0.039671,-0.014222,0.077880,0.070671,0.007348,21.17,10,-0.162001,0.280055,0.378533,0.000000,0.000000,0.000000,0.000000,0.000000,0.000000,nan,nan,nan,nan,nan,nan,FOLLOWER
1786348285692747470,2026-08-10T14:51:25.692766,prediction,0.007428,0.023000,-0.006969,True,0.085378,-0.039671,-0.014222,0.077950,0.062671,0.007254,18.10,10,-0.162001,0.280055,0.378533,0.000000,0.000000,0.000000,0.000000,0.000000,0.000000,nan,nan,nan,nan,nan,nan,FOLLOWER
1786348285727165344,2026-08-10T14:51:25.727192,prediction,0.007498,0.031000,-0.006875,True,0.085378,-0.039671,-0.014222,0.077880,0.070671,0.007348,18.16,10,-0.162001,0.280055,0.378533,0.000000,0.000000,0.000000,0.000000,0.000000,0.000000,nan,nan,nan,nan,nan,nan,FOLLOWER
1786348285762069893,2026-08-10T14:51:25.762117,prediction,0.007428,0.023000,-0.006969,True,0.085378,-0.039671,-0.014222,0.077950,0.062671,0.007254,17.93,10,-0.162001,0.280055,0.378533,0.000000,0.000000,0.000000,0.000000,0.000000,0.000000,nan,nan,nan,nan,nan,nan,FOLLOWER
1786348285793186637,2026-08-10T14:51:25.793200,prediction,0.007358,0.015000,-0.007063,True,0.085378,-0.039671,-0.014222,0.078021,0.054671,0.007160,17.73,10,-0.162001,0.280055,0.378533,0.000000,0.000000,0.000000,0.000000,0.000000,0.000000,nan,nan,nan,nan,nan,nan,FOLLOWER
1786348285826242079,2026-08-10T14:51:25.826257,prediction,0.007498,0.031000,-0.006875,True,0.085378,-0.039671,-0.014222,0.077880,0.070671,0.007348,17.36,10,-0.162001,0.280055,0.378533,0.000000,0.000000,0.000000,0.000000,0.000000,0.000000,nan,nan,nan,nan,nan,nan,FOLLOWER
1786348285857594021,2026-08-10T14:51:25.857628,prediction,0.007498,0.031000,-0.006875,True,0.085378,-0.039671,-0.014222,0.077880,0.070671,0.007348,16.68,10,-0.162001,0.280055,0.378533,0.000000,0.000000,0.000000,0.000000,0.000000,0.000000,nan,nan,nan,nan,nan,nan,FOLLOWER
1786348285890501321,2026-08-10T14:51:25.890517,prediction,0.007428,0.023000,-0.006969,True,0.085378,-0.039671,-0.014222,0.077950,0.062671,0.007254,16.63,10,-0.162001,0.280055,0.378533,0.000000,0.000000,0.000000,0.000000,0.000000,0.000000,nan,nan,nan,nan,nan,nan,FOLLOWER
1786348285924467105,2026-08-10T14:51:25.924483,prediction,0.007560,0.038000,-0.006792,True,0.085378,-0.039671,-0.014222,0.077818,0.077671,0.007430,16.78,10,-0.162001,0.280055,0.378533,0.000000,0.000000,0.000000,0.000000,0.000000,0.000000,nan,nan,nan,nan,nan,nan,FOLLOWER
1786348285957834260,2026-08-10T14:51:25.957853,prediction,0.007560,0.038000,-0.006792,True,0.085378,-0.039671,-0.014222,0.077818,0.077671,0.007430,17.33,10,-0.162001,0.280055,0.378533,0.000000,0.000000,0.000000,0.000000,0.000000,0.000000,nan,nan,nan,nan,nan,nan,FOLLOWER
1786348285989671355,2026-08-10T14:51:25.989685,prediction,0.007428,0.023000,-0.006969,True,0.085378,-0.039671,-0.014222,0.077950,0.062671,0.007254,15.94,10,-0.162001,0.280055,0.378533,0.000000,0.000000,0.000000,0.000000,0.000000,0.000000,nan,nan,nan,nan,nan,nan,FOLLOWER
1786348286017050469,2026-08-10T14:51:26.017075,prediction,0.007358,0.015000,-0.007063,True,0.085378,-0.039671,-0.014222,0.078021,0.054671,0.007160,0.00,10,-0.162001,0.280055,0.378533,0.000000,0.000000,0.000000,0.000000,0.000000,0.000000,nan,nan,nan,nan,nan,nan,LEADER
1786348286050278218,2026-08-10T14:51:26.050297,prediction,0.007560,0.038000,-0.006792,True,0.085378,-0.039670,-0.014222,0.077818,0.077670,0.007430,0.00,10,-0.162001,0.280055,0.378533,0.000000,0.000000,0.000000,0.000000,0.000000,0.000000,nan,nan,nan,nan,nan,nan,LEADER
1786348286083320023,2026-08-10T14:51:26.083336,prediction,0.007358,0.015000,-0.007063,True,0.085377,-0.039666,-0.014222,0.078020,0.054666,0.007160,0.00,10,-0.162001,0.280055,0.378533,0.000000,0.000000,0.000000,0.000000,0.000000,0.000000,nan,nan,nan,nan,nan,nan,LEADER
1786348286116828916,2026-08-10T14:51:26.116848,prediction,0.007428,0.023000,-0.006969,True,0.085375,-0.039655,-0.014222,0.077947,0.062655,0.007253,0.00,10,-0.162001,0.280055,0.378533,0.000000,0.000000,0.000000,0.000000,0.000000,0.000000,nan,nan,nan,nan,nan,nan,LEADER
1786348286150454522,2026-08-10T14:51:26.150473,prediction,0.007428,0.023000,-0.006969,True,0.085371,-0.039634,-0.014222,0.077943,0.062634,0.007253,0.00,10,-0.162001,0.280055,0.378533,0.000000,0.000000,0.000000,0.000000,0.000000,0.000000,nan,nan,nan,nan,nan,nan,LEADER
1786348286183280987,2026-08-10T14:51:26.183297,prediction,0.007358,0.015000,-0.007063,True,0.085365,-0.039600,-0.014221,0.078007,0.054600,0.007158,0.00,10,-0.162001,0.280055,0.378533,0.000000,0.000000,0.000000,0.000000,0.000000,0.000000,nan,nan,nan,nan,nan,nan,LEADER
1786348286216816771,2026-08-10T14:51:26.216834,prediction,0.007428,0.023000,-0.006969,True,0.085355,-0.039549,-0.014220,0.077927,0.062549,0.007251,0.00,10,-0.162001,0.280055,0.378533,0.000000,0.000000,0.000000,0.000000,0.000000,0.000000,nan,nan,nan,nan,nan,nan,LEADER
1786348286250377343,2026-08-10T14:51:26.250397,prediction,0.007428,0.023000,-0.006969,True,0.085342,-0.039478,-0.014219,0.077914,0.062478,0.007250,0.00,10,-0.162001,0.280055,0.378533,0.000000,0.000000,0.000000,0.000000,0.000000,0.000000,nan,nan,nan,nan,nan,nan,LEADER
1786348286283255547,2026-08-10T14:51:26.283267,prediction,0.007498,0.031000,-0.006875,True,0.085324,-0.039385,-0.014217,0.077826,0.070385,0.007342,0.00,10,-0.162001,0.280055,0.378533,0.000000,0.000000,0.000000,0.000000,0.000000,0.000000,nan,nan,nan,nan,nan,nan,LEADER
1786348286316890039,2026-08-10T14:51:26.316908,prediction,0.007225,-0.000000,-0.007239,True,0.085301,-0.039266,-0.014215,0.078076,0.039266,0.006975,0.00,10,-0.162001,0.280055,0.378533,0.000000,0.000000,0.000000,0.000000,0.000000,0.000000,nan,nan,nan,nan,nan,nan,LEADER
1786348286350419071,2026-08-10T14:51:26.350450,prediction,0.007428,0.023000,-0.006969,True,0.085274,-0.039120,-0.014212,0.077846,0.062120,0.007243,0.00,10,-0.162001,0.280055,0.378533,0.000000,0.000000,0.000000,0.000000,0.000000,0.000000,nan,nan,nan,nan,nan,nan,LEADER
1786348286383508486,2026-08-10T14:51:26.383532,prediction,0.007498,0.031000,-0.006875,True,0.085240,-0.038942,-0.014209,0.077741,0.069942,0.007334,0.00,10,-0.162001,0.280055,0.378533,0.000000,0.000000,0.000000,0.000000,0.000000,0.000000,nan,nan,nan,nan,nan,nan,LEADER
1786348286416889696,2026-08-10T14:51:26.416910,prediction,0.007358,0.015000,-0.007063,True,0.085200,-0.038731,-0.014205,0.077842,0.053731,0.007142,0.00,10,-0.162001,0.280055,0.378533,0.000000,0.000000,0.000000,0.000000,0.000000,0.000000,nan,nan,nan,nan,nan,nan,LEADER
1786348286450122595,2026-08-10T14:51:26.450144,prediction,0.007428,0.023000,-0.006969,True,0.085153,-0.038484,-0.014200,0.077725,0.061484,0.007231,0.00,10,-0.162001,0.280055,0.378533,0.000000,0.000000,0.000000,0.000000,0.000000,0.000000,nan,nan,nan,nan,nan,nan,LEADER
1786348286483348299,2026-08-10T14:51:26.483360,prediction,0.007428,0.023000,-0.006969,True,0.085099,-0.038198,-0.014195,0.077671,0.061198,0.007226,0.00,10,-0.162001,0.280055,0.378533,0.000000,0.000000,0.000000,0.000000,0.000000,0.000000,nan,nan,nan,nan,nan,nan,LEADER
1786348286516798040,2026-08-10T14:51:26.516815,prediction,0.007428,0.023000,-0.006969,True,0.085036,-0.037872,-0.014189,0.077608,0.060872,0.007220,0.00,10,-0.162001,0.280055,0.378533,0.000000,0.000000,0.000000,0.000000,0.000000,0.000000,nan,nan,nan,nan,nan,nan,LEADER
1786348286549995181,2026-08-10T14:51:26.550013,prediction,0.007498,0.031000,-0.006875,True,0.084966,-0.037502,-0.014182,0.077468,0.068503,0.007307,0.00,10,-0.162001,0.280055,0.378533,0.000000,0.000000,0.000000,0.000000,0.000000,0.000000,nan,nan,nan,nan,nan,nan,LEADER
1786348286583167013,2026-08-10T14:51:26.583180,prediction,0.007358,0.015000,-0.007063,True,0.084887,-0.037087,-0.014174,0.077530,0.052087,0.007111,0.00,10,-0.162001,0.280055,0.378533,0.000000,0.000000,0.000000,0.000000,0.000000,0.000000,nan,nan,nan,nan,nan,nan,LEADER
1786348286617242524,2026-08-10T14:51:26.617286,prediction,0.007358,0.015000,-0.007063,True,0.084799,-0.036625,-0.014165,0.077442,0.051625,0.007102,0.00,10,-0.162001,0.280055,0.378533,0.000000,0.000000,0.000000,0.000000,0.000000,0.000000,nan,nan,nan,nan,nan,nan,LEADER
1786348286650530858,2026-08-10T14:51:26.650545,prediction,0.007428,0.023000,-0.006969,True,0.084702,-0.036113,-0.014155,0.077274,0.059113,0.007187,0.00,10,-0.162001,0.280055,0.378533,0.000000,0.000000,0.000000,0.000000,0.000000,0.000000,nan,nan,nan,nan,nan,nan,LEADER
1786348286683802920,2026-08-10T14:51:26.683822,prediction,0.007428,0.023000,-0.006969,True,0.084595,-0.035549,-0.014145,0.077167,0.058549,0.007176,0.00,10,-0.162001,0.280055,0.378533,0.000000,0.000000,0.000000,0.000000,0.000000,0.000000,nan,nan,nan,nan,nan,nan,LEADER
1786348286717034316,2026-08-10T14:51:26.717054,prediction,0.007428,0.023000,-0.006969,True,0.084478,-0.034932,-0.014133,0.077050,0.057932,0.007164,0.00,10,-0.162001,0.280055,0.378533,0.000000,0.000000,0.000000,0.000000,0.000000,0.000000,nan,nan,nan,nan,nan,nan,LEADER
1786348286750247707,2026-08-10T14:51:26.750266,prediction,0.007631,0.046000,-0.006698,True,0.084350,-0.034259,-0.014120,0.076719,0.080259,0.007422,0.00,10,-0.162001,0.280055,0.378533,0.000000,0.000000,0.000000,0.000000,0.000000,0.000000,nan,nan,nan,nan,nan,nan,LEADER
1786348286783167099,2026-08-10T14:51:26.783180,prediction,0.007498,0.031000,-0.006875,True,0.084211,-0.033529,-0.014107,0.076713,0.064529,0.007232,0.00,10,-0.162001,0.280055,0.378533,0.000000,0.000000,0.000000,0.000000,0.000000,0.000000,nan,nan,nan,nan,nan,nan,LEADER
1786348286816687244,2026-08-10T14:51:26.816706,prediction,0.007560,0.038000,-0.006792,True,0.084061,-0.032741,-0.014092,0.076501,0.070741,0.007299,0.00,10,-0.162001,0.280055,0.378533,0.000000,0.000000,0.000000,0.000000,0.000000,0.000000,nan,nan,nan,nan,nan,nan,LEADER


============================================================
EXPERIMENT METRICS
  File: experiment_GROUND_TRUTH_20260810_145044.csv
  Total samples: 763
  Task completion time: 42.34 s
  --- Prediction Accuracy (over 173 samples) ---
  Avg Inference Time: 17.06 ms
  Mean Squared Error (MSE): 0.009660 m²
  Mean Absolute Error (MAE - 3D): 0.0981 m
      MAE X: 0.0790 m
      MAE Y: 0.0569 m
      MAE Z: 0.0082 m
  Jerk: insufficient EE data for calculation
============================================================
