ros_timestamp_ns,wall_time,trajectory_mode,meas_x,meas_y,meas_z,filt_x,filt_y,filt_z,is_tracked,pred_x,pred_y,pred_z,mae_x,mae_y,mae_z,inference_ms,buffer_size,robot_ee_x,robot_ee_y,robot_ee_z,j1_vel,j2_vel,j3_vel,j4_vel,j5_vel,j6_vel,j1_eff,j2_eff,j3_eff,j4_eff,j5_eff,j6_eff,role
1786355211439236749,2026-08-10T16:46:51.439255,prediction,0.070528,-0.018000,0.010043,0.069529,-0.027000,0.009327,True,0.109087,-0.043736,0.005043,0.039558,0.016736,0.004284,34.89,10,-0.161605,0.288148,0.379183,0.000000,0.000000,0.000000,0.000000,0.000000,0.000000,-0.003920,-0.166460,0.076526,-0.014976,0.019552,-0.005248,READY
1786355211489904080,2026-08-10T16:46:51.489918,prediction,0.070528,-0.018000,0.010043,0.069529,-0.027000,0.009327,True,0.109211,-0.043670,0.004919,0.039683,0.016671,0.004408,46.56,10,-0.161843,0.283170,0.378778,0.000000,0.000000,0.000000,0.000000,0.000000,0.000000,-0.001820,-0.164500,0.076526,-0.014816,0.019552,-0.004128,READY
1786355211532177404,2026-08-10T16:46:51.532203,prediction,0.070528,-0.018000,0.010043,0.069529,-0.027000,0.009327,True,0.109362,-0.043282,0.004861,0.039833,0.016282,0.004466,34.77,10,-0.162021,0.279434,0.378474,0.000000,0.000000,0.000000,0.000000,0.000000,0.000000,-0.003080,-0.164220,0.076194,-0.014976,0.019552,-0.003968,READY
1786355211558519244,2026-08-10T16:46:51.558533,prediction,0.070528,-0.018000,0.010043,0.069529,-0.027000,0.009327,True,0.109472,-0.042640,0.004879,0.039943,0.015640,0.004448,25.19,10,-0.162021,0.279434,0.378474,0.000000,0.000000,0.000000,0.000000,0.000000,0.000000,-0.001540,-0.164220,0.076194,-0.015104,0.019552,-0.004128,READY
1786355211608397786,2026-08-10T16:46:51.608415,prediction,0.066681,-0.018000,0.010043,0.069529,-0.027000,0.009327,True,0.109570,-0.041943,0.004959,0.040041,0.014943,0.004369,29.05,10,-0.161991,0.280059,0.378524,0.000000,0.000000,0.002178,0.000000,0.000000,0.000000,0.010220,-0.218540,0.014110,-0.015104,0.021984,-0.004864,READY
1786355211632381689,2026-08-10T16:46:51.632399,prediction,0.066681,-0.018000,0.010043,0.069529,-0.027000,0.009327,True,0.109676,-0.041296,0.005071,0.040147,0.014296,0.004256,24.19,10,-0.161991,0.280059,0.378524,0.000000,0.003489,0.013086,0.000000,0.002609,0.000000,0.038640,-0.307720,-0.008300,-0.016032,0.040704,-0.003520,READY
1786355211662247599,2026-08-10T16:46:51.662266,prediction,0.070528,-0.018000,0.013897,0.069529,-0.027000,0.009327,True,0.109826,-0.040782,0.005209,0.040298,0.013782,0.004118,23.65,10,-0.161991,0.280059,0.378524,0.000000,0.009598,0.016580,0.000000,0.003051,0.000000,0.068740,-0.278320,-0.023406,-0.020704,0.062944,-0.003072,READY
1786355211681821369,2026-08-10T16:46:51.681839,prediction,0.070528,-0.018000,0.013897,0.069529,-0.027000,0.009327,True,0.109998,-0.040398,0.005358,0.040470,0.013398,0.003969,16.50,10,-0.161991,0.280059,0.378524,0.000000,0.013087,0.026179,0.000000,0.021807,0.000000,0.105980,-0.282100,-0.028054,-0.028288,0.043136,-0.002784,READY
1786355211728532950,2026-08-10T16:46:51.728602,prediction,0.071527,-0.009000,0.014598,0.069529,-0.027000,0.009327,True,0.110200,-0.040133,0.005493,0.040671,0.013133,0.003834,28.70,10,-0.161991,0.280059,0.378524,0.004796,0.024867,0.047994,0.000000,0.024426,0.000000,0.105000,-0.260680,-0.027888,-0.051040,0.043872,-0.012928,READY
1786355211757920311,2026-08-10T16:46:51.757938,prediction,0.070528,-0.018000,0.013897,0.069529,-0.027000,0.009327,True,0.110372,-0.039922,0.005610,0.040843,0.012922,0.003718,22.73,10,-0.161991,0.280059,0.378524,0.004796,0.026174,0.051919,0.000000,0.027045,0.000000,0.105000,-0.270620,-0.023904,-0.059840,0.043136,-0.024896,READY
1786355211784752591,2026-08-10T16:46:51.784777,prediction,0.070528,-0.018000,0.013897,0.069529,-0.027000,0.009327,True,0.110458,-0.039817,0.005668,0.040929,0.012817,0.003659,18.68,10,-0.161991,0.280059,0.378524,0.006540,0.029669,0.058031,0.000000,0.029665,0.002609,0.106820,-0.260400,-0.024319,-0.072864,0.038976,-0.044416,READY
1786355211815512197,2026-08-10T16:46:51.815530,prediction,0.068709,-0.000000,0.015298,0.069529,-0.027000,0.009327,True,0.110501,-0.039764,0.005697,0.040972,0.012764,0.003630,16.50,10,-0.161991,0.280059,0.378524,0.006540,0.027487,0.057592,0.003051,0.027045,0.005670,0.098140,-0.238000,-0.014525,-0.078880,0.037248,-0.033280,READY
1786355211847960880,2026-08-10T16:46:51.847991,prediction,0.070528,-0.018000,0.013897,0.069529,-0.027000,0.009327,True,0.110522,-0.039738,0.005711,0.040994,0.012738,0.003616,17.56,10,-0.161991,0.280059,0.378524,0.004796,0.026174,0.050172,0.003051,0.027045,0.005228,0.102200,-0.236740,-0.009130,-0.072256,0.037248,-0.033728,READY
1786355211881571860,2026-08-10T16:46:51.881600,prediction,0.069529,-0.027000,0.013196,0.069529,-0.027000,0.009327,True,0.110533,-0.039725,0.005719,0.041004,0.012725,0.003609,16.30,10,-0.161991,0.280059,0.378524,0.005233,0.024429,0.048432,0.003051,0.024426,0.002609,0.095060,-0.243880,-0.001577,-0.067968,0.037696,-0.035136,READY
1786355211912825073,2026-08-10T16:46:51.912840,prediction,0.071527,-0.009000,0.014598,0.069529,-0.027000,0.009327,True,0.110538,-0.039718,0.005722,0.041010,0.012718,0.003605,16.59,10,-0.161991,0.280059,0.378524,0.003489,0.016576,0.035339,0.002609,0.016579,0.005670,0.097580,-0.232120,-0.000581,-0.061664,0.038464,-0.034400,READY
1786355211945814102,2026-08-10T16:46:51.945833,prediction,0.069529,-0.027000,0.013196,0.069529,-0.027000,0.009327,True,0.110541,-0.039715,0.005724,0.041012,0.012715,0.003603,15.81,10,-0.161991,0.280059,0.378524,0.003051,0.011342,0.022246,0.000000,0.010898,0.002609,0.096320,-0.207620,0.007636,-0.053760,0.037792,-0.033280,READY
1786355211979377521,2026-08-10T16:46:51.979391,prediction,0.071527,-0.009000,0.018437,0.069529,-0.027000,0.009327,True,0.110542,-0.039713,0.005725,0.041014,0.012714,0.003602,15.65,10,-0.161991,0.280059,0.378524,0.001744,0.001744,0.002178,0.000000,0.000000,0.000000,0.100660,-0.211400,0.006889,-0.034624,0.036416,-0.031744,READY
1786355212015744983,2026-08-10T16:46:52.015764,prediction,0.072527,-0.000000,0.019123,0.069529,-0.027000,0.009327,True,0.110543,-0.039713,0.005725,0.041014,0.012713,0.003602,17.19,10,-0.161991,0.280059,0.378524,0.000000,0.000000,0.001740,0.000000,0.002609,0.000000,0.100100,-0.212660,0.013114,-0.028160,0.032448,-0.031616,READY
1786355212057847582,2026-08-10T16:46:52.057865,prediction,0.072527,-0.000000,0.019123,0.069529,-0.027000,0.009327,True,0.110543,-0.039712,0.005726,0.041015,0.012712,0.003602,21.35,10,-0.161991,0.280059,0.378524,0.000000,0.000000,0.000000,0.002609,0.000000,0.000000,0.086800,-0.152460,0.080344,-0.011968,0.018880,-0.028224,READY
1786355212084905741,2026-08-10T16:46:52.085010,prediction,0.070528,-0.018000,0.017751,0.069529,-0.027000,0.009327,True,0.110544,-0.039712,0.005726,0.041015,0.012712,0.003601,18.35,10,-0.161991,0.280059,0.378524,0.000000,0.000000,0.000000,0.000000,0.000000,0.000000,0.085820,-0.142240,0.088395,-0.008960,0.017664,-0.027776,READY
1786355212132840372,2026-08-10T16:46:52.132852,prediction,0.070528,-0.018000,0.017751,0.069529,-0.027000,0.009327,True,0.110544,-0.039712,0.005726,0.041015,0.012712,0.003601,29.60,10,-0.161991,0.280059,0.378524,0.000000,0.000000,0.000000,0.000000,0.000000,0.000000,0.082040,-0.109340,0.119520,0.000352,0.011360,-0.026112,READY
1786355212150577314,2026-08-10T16:46:52.150607,prediction,0.070528,-0.018000,0.017751,0.069529,-0.027000,0.009327,True,0.110544,-0.039712,0.005726,0.041015,0.012712,0.003601,16.98,10,-0.161991,0.280059,0.378524,0.000000,0.000000,0.000000,0.002609,0.000000,0.000000,0.080780,-0.098140,0.130061,0.003136,0.009920,-0.025664,READY
1786355212181048963,2026-08-10T16:46:52.181062,prediction,0.071527,-0.009000,0.018437,0.069529,-0.027000,0.009327,True,0.110544,-0.039712,0.005726,0.041015,0.012712,0.003601,16.13,10,-0.161991,0.280059,0.378524,0.000000,0.000000,0.000000,0.002609,0.000000,0.000000,0.079240,-0.088340,0.138776,0.005344,0.008032,-0.024992,READY
1786355212214279029,2026-08-10T16:46:52.214295,prediction,0.070528,-0.018000,0.017751,0.069529,-0.027000,0.009327,True,0.110544,-0.039712,0.005726,0.041015,0.012712,0.003601,16.17,10,-0.161991,0.280059,0.378524,0.000000,0.000000,0.000000,0.000000,0.000000,0.000000,0.076860,-0.076160,0.149234,0.008416,0.007296,-0.024672,READY
1786355212249410915,2026-08-10T16:46:52.249431,prediction,0.072527,-0.000000,0.019123,0.069529,-0.027000,0.009327,True,0.110544,-0.039712,0.005726,0.041015,0.012712,0.003601,17.08,10,-0.161991,0.280059,0.378524,0.000000,0.001744,0.000000,0.000000,0.002609,0.000000,0.071820,-0.063420,0.154629,0.011136,0.003840,-0.022720,READY
1786355212279877834,2026-08-10T16:46:52.279890,prediction,0.068529,-0.036000,0.016380,0.069529,-0.027000,0.009327,True,0.110544,-0.039712,0.005726,0.041015,0.012712,0.003601,15.75,10,-0.161991,0.280059,0.378524,0.000000,0.001307,0.000000,0.000000,0.000000,0.000000,0.070560,-0.062580,0.154795,0.011808,0.003072,-0.022112,READY
1786355212313306517,2026-08-10T16:46:52.313331,prediction,0.069529,-0.027000,0.020935,0.069529,-0.027000,0.009327,True,0.110544,-0.039712,0.005726,0.041015,0.012712,0.003601,16.04,10,-0.161991,0.280059,0.378524,0.000000,0.001744,0.000000,0.000000,0.000000,0.000000,0.066920,-0.058240,0.155293,0.011872,0.001568,-0.020480,FOLLOWER
1786355212348620028,2026-08-10T16:46:52.348638,prediction,0.069529,-0.027000,0.024804,0.069529,-0.027000,0.009327,True,0.110544,-0.039712,0.005726,0.041015,0.012712,0.003601,16.31,10,-0.161991,0.280059,0.378524,0.000000,0.001307,0.000000,0.000000,0.000000,0.000000,0.065100,-0.056000,0.152720,0.011648,0.000960,-0.020160,FOLLOWER
1786355212379753713,2026-08-10T16:46:52.379771,prediction,0.071527,-0.009000,0.029955,0.069529,-0.027000,0.009327,True,0.110544,-0.039712,0.005726,0.041015,0.012712,0.003601,15.21,10,-0.161991,0.280059,0.378524,0.000000,0.000000,0.000000,0.000000,0.000000,0.000000,0.062860,-0.055440,0.151641,0.010528,-0.000224,-0.019104,FOLLOWER
1786355212414890488,2026-08-10T16:46:52.414902,prediction,0.073526,0.009000,0.038857,0.069529,-0.027000,0.009327,True,0.110544,-0.039712,0.005726,0.041015,0.012712,0.003601,16.18,10,-0.161991,0.280059,0.378524,0.000000,0.000000,0.000000,0.000000,0.000000,0.000000,0.057540,-0.056420,0.147740,0.009184,-0.000960,-0.018144,FOLLOWER
1786355212447488494,2026-08-10T16:46:52.447503,prediction,0.075414,0.026000,0.043793,0.069529,-0.027000,0.009327,True,0.110544,-0.039712,0.005726,0.041015,0.012712,0.003601,16.60,10,-0.161991,0.280059,0.378524,0.000000,0.000000,0.000000,0.000000,0.000000,0.000000,0.055720,-0.056980,0.145001,0.007680,-0.001568,-0.016992,FOLLOWER
1786355212485889987,2026-08-10T16:46:52.485925,prediction,0.070528,-0.018000,0.044731,0.069529,-0.027000,0.009327,True,0.110544,-0.039712,0.005726,0.041015,0.012712,0.003601,17.99,10,-0.161991,0.280059,0.378524,0.000000,0.000000,0.001740,0.000000,0.000000,0.000000,0.054460,-0.057260,0.143092,0.006912,-0.001728,-0.016256,FOLLOWER
1786355212515149985,2026-08-10T16:46:52.515167,prediction,0.073526,0.009000,0.050286,0.069529,-0.027000,0.009327,True,0.110544,-0.039712,0.005726,0.041015,0.012712,0.003601,15.93,10,-0.161991,0.280059,0.378524,0.000000,0.000000,0.000000,0.000000,0.000000,0.000000,0.051380,-0.058800,0.139606,0.005248,-0.002624,-0.016096,FOLLOWER
1786355212548196312,2026-08-10T16:46:52.548214,prediction,0.073526,0.009000,0.050286,0.069529,-0.027000,0.009327,True,0.110544,-0.039712,0.005726,0.041015,0.012712,0.003601,16.17,10,-0.161991,0.280059,0.378524,0.000000,0.000000,0.000000,0.000000,0.000000,0.000000,0.050120,-0.059780,0.138610,0.004800,-0.002784,-0.015648,FOLLOWER
1786355212581872194,2026-08-10T16:46:52.581888,prediction,0.071527,-0.009000,0.056831,0.069529,-0.027000,0.009327,True,0.110544,-0.039712,0.005726,0.041015,0.012712,0.003601,15.92,10,-0.161991,0.280059,0.378524,0.000000,0.000000,0.000000,0.000000,0.003051,0.000000,0.045220,-0.061600,0.135373,0.003456,-0.003232,-0.015200,FOLLOWER
1786355212614827417,2026-08-10T16:46:52.614842,prediction,0.071527,-0.009000,0.060670,0.069529,-0.027000,0.009327,True,0.110544,-0.039712,0.005726,0.041015,0.012712,0.003601,15.58,10,-0.161991,0.280059,0.378524,0.000000,0.000000,0.000000,0.000000,0.000000,0.000000,0.041440,-0.061600,0.132219,0.002240,-0.003232,-0.014304,FOLLOWER
1786355212647620283,2026-08-10T16:46:52.647639,prediction,0.074414,0.017000,0.069772,0.069529,-0.027000,0.009327,True,0.110544,-0.039712,0.005726,0.041015,0.012712,0.003601,15.77,10,-0.161991,0.280059,0.378524,0.000000,0.000000,0.000000,0.000000,0.000000,0.002609,0.040180,-0.062580,0.132053,0.001856,-0.003232,-0.013984,FOLLOWER
1786355212681728796,2026-08-10T16:46:52.681746,prediction,0.074414,0.017000,0.077365,0.069529,-0.027000,0.009327,True,0.110544,-0.039712,0.005726,0.041015,0.012712,0.003601,16.31,10,-0.161991,0.280059,0.378524,0.000000,0.000000,0.000000,0.000000,0.000000,0.000000,0.037800,-0.066640,0.128816,0.000800,-0.003520,-0.013376,FOLLOWER
1786355212715793826,2026-08-10T16:46:52.715815,prediction,0.075414,0.026000,0.077828,0.069529,-0.027000,0.009327,True,0.110544,-0.039712,0.005726,0.041015,0.012712,0.003601,16.35,10,-0.161991,0.280059,0.378524,0.000000,0.000000,0.000000,0.000000,0.000000,0.000000,0.034720,-0.067760,0.126907,-0.000800,-0.003232,-0.012800,FOLLOWER
1786355212767381753,2026-08-10T16:46:52.767401,prediction,0.075358,0.059000,0.086979,0.069529,-0.027000,0.009327,True,0.110544,-0.039712,0.005726,0.041015,0.012712,0.003601,32.63,10,-0.161991,0.280059,0.378524,0.000000,0.000000,0.000000,0.000000,0.000000,0.000000,0.026600,-0.070000,0.123172,-0.003232,-0.002912,-0.011744,FOLLOWER
1786355212805201502,2026-08-10T16:46:52.805216,prediction,0.073555,0.043000,0.097469,0.073216,0.006152,0.059997,True,0.106263,-0.029712,0.015726,0.033047,0.035864,0.044272,33.83,10,-0.161991,0.280059,0.378524,0.000000,0.000000,0.000000,0.000000,0.000000,0.000000,0.024780,-0.071540,0.121429,-0.003360,-0.002624,-0.011264,FOLLOWER
1786355212844869810,2026-08-10T16:46:52.844884,prediction,0.076372,0.068000,0.105973,0.073672,0.012110,0.065409,True,0.102712,-0.019712,0.025726,0.029040,0.031822,0.039683,38.18,10,-0.161991,0.280059,0.378524,0.000000,0.000000,0.000000,0.000000,0.000000,0.000000,0.021700,-0.074900,0.116615,-0.006080,-0.002688,-0.011872,FOLLOWER
1786355212874149636,2026-08-10T16:46:52.874174,prediction,0.076372,0.068000,0.105973,0.073672,0.012110,0.065409,True,0.099946,-0.009712,0.035726,0.026273,0.021822,0.029683,28.56,10,-0.161991,0.280059,0.378524,0.000000,0.000000,0.000000,0.000000,0.000000,0.000000,0.017920,-0.073080,0.114706,-0.006688,-0.002176,-0.010752,FOLLOWER
1786355212905698680,2026-08-10T16:46:52.905717,prediction,0.080966,0.076000,0.113689,0.074302,0.018369,0.070991,True,0.097656,0.000288,0.045726,0.023355,0.018081,0.025265,26.82,10,-0.161991,0.280059,0.378524,0.001744,0.000000,0.000000,0.000000,0.000000,0.000000,0.016100,-0.074900,0.110805,-0.007904,-0.002016,-0.010304,FOLLOWER
1786355212937444889,2026-08-10T16:46:52.937496,prediction,0.082742,0.092000,0.125292,0.075464,0.029737,0.081959,True,0.095736,0.010288,0.055726,0.020272,0.019449,0.026233,26.60,10,-0.161991,0.280059,0.378524,0.000000,0.000000,0.000000,0.000000,0.000000,0.000000,0.013860,-0.076860,0.111469,-0.008640,-0.002176,-0.010368,FOLLOWER
1786355212963952562,2026-08-10T16:46:52.963968,prediction,0.083630,0.100000,0.129204,0.075464,0.029737,0.081959,True,0.093999,0.019731,0.065726,0.018536,0.010006,0.016233,25.57,10,-0.161991,0.280059,0.378524,0.000000,0.000000,0.000000,0.000000,0.000000,0.000000,0.012600,-0.077420,0.107983,-0.009312,-0.002176,-0.010304,FOLLOWER
1786355212995470868,2026-08-10T16:46:52.995488,prediction,0.083630,0.100000,0.129204,0.076337,0.035707,0.087591,True,0.092526,0.027761,0.075726,0.016189,0.007947,0.011865,24.78,10,-0.161991,0.280059,0.378524,0.000000,0.000000,0.000000,0.000000,0.000000,0.000000,0.014560,-0.079660,0.105991,-0.011200,-0.002240,-0.011136,FOLLOWER
1786355213014274956,2026-08-10T16:46:53.014293,prediction,0.082742,0.092000,0.132637,0.076952,0.041328,0.093081,True,0.091308,0.034771,0.085726,0.014356,0.006557,0.007355,15.65,10,-0.161991,0.280059,0.378524,0.000000,0.000000,0.000000,0.000000,0.000000,0.000000,0.012320,-0.078960,0.104746,-0.011808,-0.002240,-0.010752,FOLLOWER
1786355213046627013,2026-08-10T16:46:53.046639,prediction,0.084519,0.108000,0.136736,0.077685,0.047306,0.098844,True,0.090204,0.041448,0.093929,0.012519,0.005857,0.004915,15.43,10,-0.161991,0.280059,0.378524,0.000000,0.000000,0.000000,0.000000,0.000000,0.000000,0.008960,-0.083300,0.101177,-0.013760,-0.001632,-0.010240,FOLLOWER
1786355213080355213,2026-08-10T16:46:53.080373,prediction,0.081854,0.084000,0.143468,0.078373,0.052928,0.104620,True,0.089330,0.047644,0.100731,0.010957,0.005284,0.003889,15.98,10,-0.161991,0.280059,0.378524,0.000000,0.000000,0.000000,0.000000,0.000000,0.000000,0.009520,-0.084280,0.100596,-0.014368,-0.001632,-0.010240,FOLLOWER
1786355213117618204,2026-08-10T16:46:53.117639,prediction,0.083630,0.100000,0.147500,0.079180,0.059865,0.110409,True,0.088554,0.054559,0.107129,0.009374,0.005307,0.003279,17.80,10,-0.161991,0.280059,0.378524,0.000000,0.000000,0.000000,0.000000,0.000000,0.000000,0.006160,-0.085120,0.097027,-0.016032,-0.001632,-0.010688,FOLLOWER
1786355213150867315,2026-08-10T16:46:53.150888,prediction,0.082742,0.092000,0.154672,0.079735,0.066640,0.116069,True,0.087822,0.061706,0.113238,0.008087,0.004934,0.002831,17.92,10,-0.163272,0.281340,0.379805,0.000000,0.000000,0.000000,0.000000,0.000000,0.000000,0.004340,-0.087360,0.094786,-0.017088,-0.001504,-0.009760,FOLLOWER
1786355213185678842,2026-08-10T16:46:53.185696,prediction,0.087961,0.139000,0.155536,0.080638,0.072421,0.121280,True,0.087366,0.068366,0.118940,0.006728,0.004056,0.002340,19.24,10,-0.163272,0.281340,0.379805,0.000000,0.000000,0.000000,0.000000,0.000000,0.000000,0.003080,-0.088340,0.092877,-0.017824,-0.001344,-0.010368,FOLLOWER
1786355213268288088,2026-08-10T16:46:53.268309,prediction,0.081781,0.116000,0.166012,0.081673,0.084433,0.131935,True,0.086978,0.074873,0.124515,0.005305,0.009560,0.007420,54.37,10,-0.168329,0.287367,0.387361,0.000000,0.000000,0.000000,0.000000,0.002609,0.000000,0.051380,-0.119000,0.142096,-0.021152,-0.007136,-0.016096,FOLLOWER
1786355213305883781,2026-08-10T16:46:53.305900,prediction,0.081781,0.116000,0.166012,0.081673,0.084433,0.131935,True,0.086599,0.081275,0.129956,0.004925,0.003157,0.001978,38.26,10,-0.168329,0.287367,0.387361,0.004796,0.000000,0.007413,0.000000,0.003051,0.002609,0.116480,-0.182280,0.170731,-0.022496,-0.036576,-0.045472,FOLLOWER
1786355213350229788,2026-08-10T16:46:53.350252,prediction,0.084373,0.139000,0.177105,0.082334,0.089100,0.137240,True,0.086431,0.086829,0.135336,0.004096,0.002270,0.001904,37.45,10,-0.171040,0.292394,0.394750,0.029231,0.009598,0.033592,0.002609,0.029665,0.027045,0.121800,-0.255080,0.195216,-0.023552,-0.041024,-0.039136,FOLLOWER
1786355213397007521,2026-08-10T16:46:53.397027,prediction,0.084373,0.139000,0.180700,0.083589,0.100545,0.147531,True,0.086376,0.092513,0.140698,0.002787,0.008032,0.006833,36.43,10,-0.172694,0.297840,0.402503,0.045814,0.018320,0.053667,0.000000,0.037523,0.037523,0.119000,-0.263760,0.225262,-0.023552,-0.047040,-0.038848,FOLLOWER
1786355213447201400,2026-08-10T16:46:53.447219,prediction,0.087866,0.170000,0.184455,0.084049,0.105496,0.152249,True,0.086319,0.098370,0.145874,0.002270,0.007125,0.006374,52.81,10,-0.172694,0.297840,0.402503,0.075045,0.035778,0.096865,0.000000,0.059340,0.056721,0.157080,-0.269640,0.233313,-0.021056,-0.045536,-0.039360,FOLLOWER
1786355213475603289,2026-08-10T16:46:53.475619,prediction,0.087866,0.170000,0.184455,0.084049,0.105496,0.152249,True,0.086292,0.103804,0.150803,0.002243,0.001692,0.001446,28.31,10,-0.174123,0.304100,0.410943,0.091628,0.047558,0.122605,0.000000,0.067629,0.065010,0.150220,-0.288540,0.243688,-0.017440,-0.050944,-0.037408,FOLLOWER
1786355213537879926,2026-08-10T16:46:53.537903,prediction,0.086965,0.162000,0.191527,0.084271,0.111072,0.156891,True,0.086165,0.109380,0.155568,0.001894,0.001693,0.001323,28.89,10,-0.174123,0.304100,0.410943,0.107772,0.068498,0.156204,0.000000,0.078538,0.078096,0.152180,-0.318360,0.254146,-0.009984,-0.049376,-0.039136,FOLLOWER
1786355213595893650,2026-08-10T16:46:53.595938,prediction,0.092180,0.177000,0.209216,0.085070,0.120198,0.167354,True,0.086046,0.114599,0.160514,0.000975,0.005599,0.006840,45.15,10,-0.175606,0.316099,0.425697,0.114319,0.091628,0.180636,0.000000,0.080716,0.081158,0.141960,-0.327040,0.250577,-0.002688,-0.046816,-0.040256,FOLLOWER
1786355213633662671,2026-08-10T16:46:53.633681,prediction,0.090515,0.162000,0.212869,0.085588,0.124786,0.172703,True,0.086126,0.119307,0.165672,0.000537,0.005479,0.007031,36.23,10,-0.175606,0.316099,0.425697,0.107772,0.114319,0.195477,0.000000,0.078096,0.080716,0.119560,-0.332920,0.256387,0.004640,-0.045248,-0.040352,FOLLOWER
1786355213656958176,2026-08-10T16:46:53.656970,prediction,0.094940,0.170000,0.216348,0.086283,0.129437,0.178010,True,0.086283,0.123943,0.170955,0.000000,0.005494,0.007055,25.70,10,-0.176062,0.322708,0.433311,0.101225,0.126099,0.196785,0.000000,0.078096,0.078096,0.124600,-0.302120,0.258628,0.007520,-0.047200,-0.041472,FOLLOWER
1786355213686066526,2026-08-10T16:46:53.686092,prediction,0.094940,0.170000,0.216348,0.086283,0.129437,0.178010,True,0.086573,0.128592,0.176284,0.000290,0.000845,0.001727,28.47,10,-0.176062,0.322708,0.433311,0.091190,0.130895,0.198964,0.000000,0.080716,0.080716,0.094220,-0.321440,0.264106,0.009248,-0.043424,-0.038304,FOLLOWER
1786355213746956821,2026-08-10T16:46:53.746974,prediction,0.097347,0.192000,0.219642,0.087316,0.134527,0.183089,True,0.087090,0.133506,0.181514,0.000226,0.001022,0.001574,25.67,10,-0.176384,0.329367,0.440708,0.071994,0.137004,0.198964,0.000000,0.078096,0.078096,0.098840,-0.308140,0.262446,0.010592,-0.043872,-0.038624,FOLLOWER
1786355213801264990,2026-08-10T16:46:53.801308,prediction,0.097347,0.192000,0.244193,0.089179,0.146746,0.194337,True,0.087650,0.138919,0.186800,0.001528,0.007828,0.007537,27.82,10,-0.176662,0.336014,0.447981,0.048865,0.133952,0.198964,0.000000,0.078096,0.080716,0.101920,-0.300020,0.274066,0.008256,-0.042368,-0.040480,FOLLOWER
1786355213831811430,2026-08-10T16:46:53.831833,prediction,0.097347,0.192000,0.244193,0.089179,0.146746,0.194337,True,0.088280,0.144989,0.192487,0.000898,0.001758,0.001851,29.84,10,-0.176662,0.336014,0.447981,0.042318,0.129150,0.200711,0.000000,0.080716,0.072426,0.088340,-0.300580,0.269833,0.006912,-0.043968,-0.037120,FOLLOWER
1786355213860885956,2026-08-10T16:46:53.860903,prediction,0.099753,0.214000,0.250631,0.089965,0.152949,0.200677,True,0.088879,0.151209,0.198571,0.001085,0.001740,0.002106,23.10,10,-0.176662,0.336014,0.447981,0.035778,0.125661,0.200711,0.000000,0.078096,0.067188,0.088340,-0.256060,0.265517,0.005568,-0.045536,-0.037568,FOLLOWER
1786355213919287777,2026-08-10T16:46:53.919304,prediction,0.103217,0.214000,0.264515,0.092640,0.166449,0.214072,True,0.089697,0.157866,0.205115,0.002944,0.008582,0.008957,28.83,10,-0.176905,0.343009,0.455454,0.017889,0.104283,0.198964,0.000000,0.078096,0.048432,0.095480,-0.265020,0.275311,0.002848,-0.043360,-0.035296,FOLLOWER
1786355213945984658,2026-08-10T16:46:53.946001,prediction,0.103217,0.214000,0.264515,0.092640,0.166449,0.214072,True,0.090734,0.164560,0.211738,0.001906,0.001888,0.002334,24.35,10,-0.177130,0.349736,0.462535,0.016138,0.101225,0.198525,0.000000,0.080716,0.043193,0.096600,-0.271740,0.278880,0.001952,-0.042752,-0.034688,FOLLOWER
1786355213977020587,2026-08-10T16:46:53.977038,prediction,0.102463,0.207000,0.271710,0.093846,0.172996,0.220859,True,0.091776,0.171228,0.218491,0.002070,0.001768,0.002368,22.70,10,-0.177130,0.349736,0.462535,0.011342,0.093372,0.200711,0.000000,0.080716,0.029665,0.087360,-0.269080,0.267260,0.000448,-0.049376,-0.032736,FOLLOWER
1786355214014055405,2026-08-10T16:46:54.014073,prediction,0.104726,0.228000,0.295086,0.095153,0.178306,0.227824,True,0.092896,0.177180,0.225369,0.002257,0.001126,0.002455,25.46,10,-0.177383,0.356641,0.469747,0.006540,0.085081,0.200711,0.000000,0.080716,0.018756,0.086380,-0.262220,0.268920,-0.001024,-0.041920,-0.031296,FOLLOWER
1786355214042116405,2026-08-10T16:46:54.042136,prediction,0.104726,0.228000,0.295086,0.096510,0.183741,0.235450,True,0.094078,0.182849,0.232626,0.002432,0.000892,0.002824,23.40,10,-0.177383,0.356641,0.469747,0.004796,0.075483,0.198525,0.000000,0.080716,0.010898,0.080780,-0.257600,0.273900,-0.002400,-0.042752,-0.029568,FOLLOWER
1786355214083056426,2026-08-10T16:46:54.083073,prediction,0.106988,0.249000,0.300910,0.097785,0.189575,0.243213,True,0.095239,0.188625,0.240122,0.002546,0.000950,0.003091,23.78,10,-0.177688,0.363739,0.477132,0.001744,0.068498,0.198964,0.000000,0.078096,0.002609,0.085820,-0.233660,0.287180,-0.004192,-0.046080,-0.030336,FOLLOWER
1786355214125220459,2026-08-10T16:46:54.125240,prediction,0.106988,0.249000,0.307737,0.099120,0.195382,0.250961,True,0.096416,0.194466,0.247690,0.002704,0.000915,0.003271,29.30,10,-0.177688,0.363739,0.477132,0.000000,0.057156,0.200711,0.000000,0.080716,0.000000,0.073080,-0.244860,0.280789,-0.005632,-0.041632,-0.026784,FOLLOWER
1786355214156289571,2026-08-10T16:46:54.156315,prediction,0.110395,0.249000,0.317976,0.100734,0.201183,0.258678,True,0.097738,0.200362,0.255228,0.002996,0.000821,0.003450,26.61,10,-0.178014,0.370625,0.484306,0.000000,0.050609,0.198525,0.000000,0.080716,0.000000,0.031500,-0.230580,0.267592,-0.006240,-0.041024,-0.015488,FOLLOWER
1786355214206831359,2026-08-10T16:46:54.206863,prediction,0.111608,0.228000,0.329565,0.102029,0.206983,0.266701,True,0.098961,0.206319,0.262864,0.003069,0.000664,0.003837,23.49,10,-0.178407,0.377427,0.491443,0.001744,0.042318,0.198525,0.000000,0.080716,0.000000,-0.028700,-0.231140,0.289587,-0.008800,-0.045024,0.004800,FOLLOWER
1786355214236968310,2026-08-10T16:46:54.236983,prediction,0.123447,0.277000,0.349986,0.105901,0.219650,0.284078,True,0.100469,0.212334,0.270711,0.005432,0.007316,0.013366,24.44,10,-0.178407,0.377427,0.491443,0.001744,0.037523,0.200711,0.000000,0.080716,0.000000,-0.059780,-0.225680,0.283694,-0.009696,-0.041088,0.014432,FOLLOWER
1786355214269470863,2026-08-10T16:46:54.269495,prediction,0.123447,0.277000,0.349986,0.105901,0.219650,0.284078,True,0.102063,0.218998,0.278843,0.003838,0.000652,0.005235,31.27,10,-0.178936,0.384957,0.499431,0.003051,0.034034,0.200711,0.000000,0.080716,0.002609,-0.066640,-0.225260,0.285603,-0.011200,-0.038976,0.021600,FOLLOWER
1786355214302039080,2026-08-10T16:46:54.302054,prediction,0.126807,0.277000,0.360087,0.107865,0.226730,0.293441,True,0.103716,0.226141,0.287275,0.004149,0.000589,0.006166,25.32,10,-0.178936,0.384957,0.499431,0.001744,0.029231,0.200711,0.000000,0.078096,0.002609,-0.073360,-0.224000,0.284773,-0.012416,-0.043200,0.021824,FOLLOWER
1786355214369468517,2026-08-10T16:46:54.369488,prediction,0.128101,0.290000,0.379109,0.110079,0.232866,0.303006,True,0.105511,0.233046,0.295851,0.004568,0.000180,0.007156,25.57,10,-0.179459,0.391216,0.506156,0.000000,0.021378,0.200711,0.000000,0.078096,0.000000,-0.072800,-0.208880,0.285603,-0.014208,-0.043200,0.022112,FOLLOWER
1786355214411731709,2026-08-10T16:46:54.411799,prediction,0.130091,0.310000,0.380609,0.114152,0.245005,0.320666,True,0.107271,0.239651,0.304138,0.006881,0.005354,0.016528,33.93,10,-0.180056,0.397800,0.513275,0.000000,0.016138,0.198964,0.000000,0.075477,0.000000,-0.060340,-0.220080,0.282200,-0.015584,-0.043648,0.019200,FOLLOWER
1786355214430895269,2026-08-10T16:46:54.430921,prediction,0.130091,0.310000,0.380609,0.114152,0.245005,0.320666,True,0.108972,0.246463,0.312039,0.005179,0.001458,0.008626,20.73,10,-0.180056,0.397800,0.513275,0.000000,0.014831,0.198964,0.000000,0.078096,0.000000,-0.021700,-0.214760,0.285603,-0.016480,-0.042080,0.008864,FOLLOWER
1786355214477906895,2026-08-10T16:46:54.477923,prediction,0.131440,0.290000,0.392491,0.116033,0.250334,0.329429,True,0.110549,0.252863,0.319675,0.005485,0.002529,0.009754,20.12,10,-0.180765,0.404559,0.520678,0.000000,0.011342,0.200711,0.000000,0.078096,0.003051,0.064680,-0.207900,0.291247,-0.017536,-0.039584,-0.016768,FOLLOWER
1786355214510903245,2026-08-10T16:46:54.510919,prediction,0.138627,0.330000,0.395159,0.118394,0.256520,0.338139,True,0.112264,0.259541,0.327046,0.006130,0.003021,0.011092,23.28,10,-0.180765,0.404559,0.520678,0.005233,0.008285,0.200711,0.000000,0.081158,0.005670,0.075880,-0.207060,0.293737,-0.018272,-0.038304,-0.024672,FOLLOWER
1786355214553567368,2026-08-10T16:46:54.553613,prediction,0.138627,0.330000,0.404997,0.120805,0.263944,0.347024,True,0.114034,0.267043,0.334277,0.006771,0.003099,0.012747,21.03,10,-0.181564,0.411288,0.528139,0.006540,0.005233,0.198964,0.000000,0.080716,0.005670,0.089880,-0.208320,0.297804,-0.019488,-0.042368,-0.031840,FOLLOWER
1786355214584891133,2026-08-10T16:46:54.584913,prediction,0.143696,0.349000,0.412736,0.123453,0.271615,0.355768,True,0.115912,0.275096,0.341262,0.007542,0.003480,0.014505,21.80,10,-0.181564,0.411288,0.528139,0.007853,0.001744,0.200711,0.000000,0.081158,0.008289,0.094500,-0.214200,0.301124,-0.020832,-0.038304,-0.032512,FOLLOWER
1786355214630904234,2026-08-10T16:46:54.630924,prediction,0.143696,0.349000,0.432224,0.125887,0.278963,0.364242,True,0.117712,0.283244,0.347910,0.008175,0.004281,0.016332,25.15,10,-0.182497,0.418361,0.536064,0.009598,0.000000,0.200711,0.000000,0.080716,0.008289,0.092960,-0.194040,0.293654,-0.021760,-0.039424,-0.032224,FOLLOWER
1786355214649427287,2026-08-10T16:46:54.649443,prediction,0.143696,0.349000,0.432224,0.128334,0.286886,0.372996,True,0.119437,0.291737,0.354399,0.008897,0.004851,0.018597,17.04,10,-0.182497,0.418361,0.536064,0.011780,0.000000,0.198964,0.000000,0.081158,0.010467,0.090160,-0.147840,0.305523,-0.022496,-0.044544,-0.032800,FOLLOWER
1786355214694509051,2026-08-10T16:46:54.694524,prediction,0.144831,0.361000,0.437235,0.130857,0.293804,0.381629,True,0.121127,0.299875,0.360615,0.009730,0.006071,0.021014,24.09,10,-0.183378,0.424477,0.542945,0.013087,0.006540,0.200711,0.000000,0.080716,0.010898,0.086100,-0.055160,0.297638,-0.023712,-0.041248,-0.034848,FOLLOWER
1786355214734095401,2026-08-10T16:46:54.734112,prediction,0.141609,0.361000,0.453376,0.132957,0.300521,0.390273,True,0.122562,0.307723,0.366607,0.010395,0.007202,0.023665,27.84,10,-0.184379,0.431177,0.550475,0.013087,0.008285,0.198964,0.000000,0.081158,0.013517,0.079940,-0.050400,0.318305,-0.024320,-0.039360,-0.035232,FOLLOWER
1786355214767267745,2026-08-10T16:46:54.767281,prediction,0.141609,0.361000,0.453376,0.134958,0.307837,0.398527,True,0.123794,0.315696,0.372249,0.011164,0.007859,0.026278,29.65,10,-0.184379,0.431177,0.550475,0.014394,0.011342,0.200711,0.000000,0.081158,0.013517,0.084000,-0.050120,0.293488,-0.025344,-0.044192,-0.032800,FOLLOWER
1786355214803816148,2026-08-10T16:46:54.803835,prediction,0.137800,0.355000,0.460644,0.136138,0.314954,0.406577,True,0.124526,0.323613,0.377603,0.011612,0.008659,0.028975,32.77,10,-0.185426,0.437773,0.557830,0.016138,0.013087,0.200711,0.000000,0.078096,0.016137,0.094500,-0.038640,0.297140,-0.026400,-0.039360,-0.033408,FOLLOWER
1786355214835289927,2026-08-10T16:46:54.835308,prediction,0.135165,0.361000,0.466289,0.136920,0.320857,0.414331,True,0.124814,0.330875,0.382614,0.012106,0.010017,0.031716,24.61,10,-0.185426,0.437773,0.557830,0.016138,0.014831,0.200711,0.000000,0.081158,0.016137,0.103180,-0.039340,0.297804,-0.027168,-0.039200,-0.034400,FOLLOWER
1786355214867806647,2026-08-10T16:46:54.867832,prediction,0.131291,0.386000,0.475572,0.137431,0.326518,0.421605,True,0.124758,0.337651,0.387223,0.012673,0.011133,0.034382,25.60,10,-0.186568,0.444712,0.565450,0.018320,0.017889,0.198964,0.000000,0.081158,0.016137,0.105280,-0.037380,0.303116,-0.028064,-0.045248,-0.036064,FOLLOWER
1786355214894697907,2026-08-10T16:46:54.894716,prediction,0.131291,0.386000,0.475572,0.137505,0.333464,0.428631,True,0.124334,0.344780,0.391548,0.013171,0.011317,0.037083,22.40,10,-0.186568,0.444712,0.565450,0.017889,0.019634,0.201142,0.000000,0.078096,0.018756,0.101360,-0.030380,0.299879,-0.028384,-0.041760,-0.033344,FOLLOWER
1786355214913857138,2026-08-10T16:46:54.913874,prediction,0.130617,0.410000,0.478382,0.137673,0.340666,0.435249,True,0.123776,0.352165,0.395526,0.013897,0.011499,0.039722,14.79,10,-0.186568,0.444712,0.565450,0.019634,0.021378,0.198964,0.000000,0.078538,0.021375,0.110880,-0.029960,0.320380,-0.029440,-0.039296,-0.035136,FOLLOWER
1786355214951199689,2026-08-10T16:46:54.951215,prediction,0.124930,0.386000,0.485132,0.137329,0.347226,0.442217,True,0.122920,0.359360,0.399408,0.014409,0.012134,0.042809,17.90,10,-0.187651,0.451270,0.572421,0.021378,0.022685,0.200711,0.000000,0.080716,0.019198,0.095480,-0.032480,0.290749,-0.030464,-0.040704,-0.034304,FOLLOWER
1786355214995000710,2026-08-10T16:46:54.995022,prediction,0.124930,0.386000,0.491506,0.136895,0.353659,0.448818,True,0.121891,0.366347,0.403080,0.015004,0.012688,0.045738,23.08,10,-0.188768,0.458121,0.579608,0.023122,0.026174,0.198964,0.000000,0.080716,0.024426,0.085120,-0.028420,0.320546,-0.031392,-0.040256,-0.031904,FOLLOWER
1786355215020759781,2026-08-10T16:46:55.020792,prediction,0.122395,0.392000,0.493762,0.135813,0.358998,0.455391,True,0.120515,0.372692,0.406626,0.015298,0.013694,0.048765,17.42,10,-0.188768,0.458121,0.579608,0.022685,0.027487,0.198964,0.000000,0.080716,0.021807,0.080500,-0.020720,0.296310,-0.031520,-0.041536,-0.032736,FOLLOWER
1786355215071134169,2026-08-10T16:46:55.071148,prediction,0.119224,0.392000,0.500116,0.134520,0.363373,0.461733,True,0.118898,0.378235,0.409990,0.015622,0.014862,0.051743,31.45,10,-0.189869,0.465181,0.586797,0.023122,0.032720,0.198964,0.000000,0.078096,0.021375,0.085820,-0.021000,0.305772,-0.032896,-0.041472,-0.033024,FOLLOWER
1786355215095940701,2026-08-10T16:46:55.095958,prediction,0.118568,0.386000,0.507440,0.132844,0.367555,0.468046,True,0.117013,0.383280,0.413238,0.015831,0.015726,0.054808,21.81,10,-0.189869,0.465181,0.586797,0.022685,0.034465,0.200711,0.000000,0.078096,0.023995,0.097020,-0.010220,0.309009,-0.033184,-0.042816,-0.034176,FOLLOWER
1786355215118012542,2026-08-10T16:46:55.118029,prediction,0.119274,0.421000,0.504910,0.131380,0.371698,0.473561,True,0.115122,0.388008,0.416148,0.016258,0.016311,0.057413,17.17,10,-0.189869,0.465181,0.586797,0.022685,0.037523,0.198964,0.000000,0.081158,0.024426,0.110880,-0.012600,0.326854,-0.033792,-0.037920,-0.034912,FOLLOWER
1786355215151432765,2026-08-10T16:46:55.151445,prediction,0.118718,0.416000,0.508864,0.129715,0.376099,0.478670,True,0.113170,0.392673,0.418775,0.016545,0.016573,0.059895,16.69,10,-0.190828,0.472149,0.593567,0.024429,0.039267,0.200711,0.000000,0.080716,0.021375,0.100660,-0.000840,0.311084,-0.034848,-0.038976,-0.036800,FOLLOWER
1786355215185156495,2026-08-10T16:46:55.185176,prediction,0.119274,0.421000,0.511168,0.128011,0.380820,0.483599,True,0.111192,0.397429,0.421191,0.016819,0.016609,0.062408,17.78,10,-0.190828,0.472149,0.593567,0.026174,0.040574,0.200711,0.000000,0.080716,0.024426,0.093800,0.001120,0.323119,-0.035136,-0.038400,-0.034176,FOLLOWER
1786355215230121044,2026-08-10T16:46:55.230137,prediction,0.116151,0.421000,0.514297,0.126294,0.385604,0.488044,True,0.109227,0.402223,0.423364,0.017067,0.016619,0.064680,24.37,10,-0.191710,0.479416,0.600424,0.024429,0.047558,0.200711,0.000000,0.081158,0.024426,0.080220,-0.008960,0.328431,-0.037248,-0.038240,-0.033280,FOLLOWER
1786355215248688001,2026-08-10T16:46:55.248705,prediction,0.114235,0.404000,0.523472,0.124470,0.389761,0.492717,True,0.107238,0.406746,0.425433,0.017232,0.016985,0.067283,15.16,10,-0.191710,0.479416,0.600424,0.024429,0.047558,0.200711,0.000000,0.081158,0.024426,0.080220,-0.008960,0.328431,-0.037248,-0.038240,-0.033280,FOLLOWER
1786355215302649730,2026-08-10T16:46:55.302664,prediction,0.115587,0.416000,0.530825,0.121766,0.397916,0.501360,True,0.105433,0.411165,0.427313,0.016333,0.013249,0.074048,32.89,10,-0.192463,0.486760,0.607166,0.021378,0.052354,0.201142,0.000000,0.080716,0.021375,0.091140,-0.002660,0.309341,-0.038976,-0.041408,-0.035072,FOLLOWER
1786355215336497455,2026-08-10T16:46:55.336511,prediction,0.114911,0.410000,0.535031,0.121766,0.397916,0.501360,True,0.103776,0.415263,0.429044,0.017990,0.017347,0.072316,29.94,10,-0.193160,0.494304,0.613999,0.020940,0.057156,0.200711,0.000000,0.081158,0.021807,0.103180,-0.002660,0.314487,-0.040256,-0.037920,-0.032736,FOLLOWER
1786355215374267737,2026-08-10T16:46:55.374282,prediction,0.116827,0.427000,0.535121,0.120462,0.401610,0.505749,True,0.102200,0.419135,0.430698,0.018262,0.017525,0.075052,33.78,10,-0.193160,0.494304,0.613999,0.021378,0.061958,0.200711,0.000000,0.080716,0.018756,0.103740,0.002100,0.321708,-0.041632,-0.038240,-0.031008,FOLLOWER
1786355215406838457,2026-08-10T16:46:55.406855,prediction,0.118855,0.445000,0.534972,0.118714,0.406603,0.513492,True,0.100828,0.422259,0.432138,0.017886,0.015656,0.081354,26.93,10,-0.193687,0.501669,0.620497,0.019634,0.065447,0.200711,0.000000,0.078096,0.018756,0.092260,-0.005180,0.301124,-0.042368,-0.044256,-0.029888,FOLLOWER
1786355215427605180,2026-08-10T16:46:55.427634,prediction,0.118855,0.445000,0.534972,0.118714,0.406603,0.513492,True,0.099637,0.425117,0.433404,0.019076,0.018514,0.080088,19.02,10,-0.193687,0.501669,0.620497,0.019634,0.065447,0.200711,0.000000,0.081158,0.016137,0.086800,-0.003640,0.316396,-0.042688,-0.043360,-0.030784,FOLLOWER
1786355215467110055,2026-08-10T16:46:55.467145,prediction,0.119419,0.450000,0.543308,0.118391,0.410281,0.517091,True,0.098722,0.428244,0.435247,0.019670,0.017964,0.081843,27.51,10,-0.194081,0.509315,0.627078,0.016576,0.068498,0.198964,0.000000,0.078096,0.013517,0.081480,-0.004340,0.320380,-0.043584,-0.038240,-0.030112,FOLLOWER
1786355215495274751,2026-08-10T16:46:55.495326,prediction,0.119419,0.450000,0.543308,0.118024,0.414429,0.520544,True,0.097930,0.431695,0.437896,0.020094,0.017266,0.082648,21.18,10,-0.194081,0.509315,0.627078,0.014394,0.070243,0.197216,0.000000,0.078096,0.013517,0.070560,-0.022260,0.314653,-0.044192,-0.039520,-0.030848,FOLLOWER
1786355215545056094,2026-08-10T16:46:55.545074,prediction,0.121334,0.467000,0.546244,0.118222,0.423905,0.526702,True,0.097374,0.435434,0.440761,0.020847,0.011529,0.085940,39.71,10,-0.194330,0.516934,0.633499,0.011780,0.073301,0.196785,0.002609,0.078096,0.013086,0.071820,-0.000560,0.330340,-0.045248,-0.045600,-0.032448,FOLLOWER
1786355215582019775,2026-08-10T16:46:55.582044,prediction,0.121334,0.467000,0.546244,0.118222,0.423905,0.526702,True,0.096968,0.439435,0.443731,0.021253,0.015530,0.082970,31.94,10,-0.194330,0.516934,0.633499,0.008285,0.076790,0.196785,0.000000,0.078096,0.008289,0.079940,-0.002100,0.331170,-0.046304,-0.038976,-0.031744,FOLLOWER
1786355215621945318,2026-08-10T16:46:55.621961,prediction,0.121334,0.467000,0.549297,0.118406,0.428888,0.529492,True,0.096663,0.443559,0.446612,0.021743,0.014671,0.082880,26.84,10,-0.194463,0.525182,0.640335,0.006540,0.079847,0.197216,0.000000,0.081158,0.008289,0.073360,-0.009520,0.316728,-0.046880,-0.037184,-0.029728,FOLLOWER
1786355215678214387,2026-08-10T16:46:55.678235,prediction,0.126292,0.511000,0.546834,0.119296,0.439363,0.534761,True,0.096486,0.447708,0.450686,0.022810,0.008345,0.084075,45.54,10,-0.194525,0.532288,0.646181,0.003489,0.083336,0.197216,0.000000,0.080716,0.002609,0.081760,-0.007980,0.326854,-0.047936,-0.038464,-0.030720,FOLLOWER
1786355215706946301,2026-08-10T16:46:55.706995,prediction,0.132242,0.511000,0.552795,0.120161,0.445259,0.537536,True,0.096421,0.452029,0.452724,0.023739,0.006770,0.084813,24.16,10,-0.194525,0.532288,0.646181,0.001744,0.086388,0.197216,0.000000,0.078096,0.002609,0.091700,-0.010500,0.337229,-0.048704,-0.037344,-0.029120,FOLLOWER
1786355215727664862,2026-08-10T16:46:55.727679,prediction,0.132242,0.511000,0.552795,0.120161,0.445259,0.537536,True,0.096533,0.456560,0.455130,0.023628,0.011301,0.082406,20.71,10,-0.194496,0.540028,0.652467,0.001744,0.088139,0.198964,0.000000,0.080716,0.000000,0.092260,-0.014140,0.331004,-0.048864,-0.037408,-0.029568,FOLLOWER
1786355215751695641,2026-08-10T16:46:55.751711,prediction,0.132789,0.516000,0.554777,0.121270,0.451239,0.540235,True,0.096820,0.461182,0.457683,0.024450,0.009944,0.082552,19.12,10,-0.194496,0.540028,0.652467,0.000000,0.088139,0.200711,0.000000,0.080716,0.000000,0.081200,-0.014560,0.320214,-0.048704,-0.043520,-0.026624,FOLLOWER
1786355215827220675,2026-08-10T16:46:55.827236,prediction,0.136832,0.526000,0.558691,0.124074,0.464087,0.544648,True,0.097339,0.465903,0.461165,0.026736,0.001816,0.083483,45.18,10,-0.194396,0.547842,0.658739,0.001744,0.093372,0.200711,0.000000,0.078538,0.003051,-0.042980,-0.034300,0.316562,-0.048992,-0.038688,0.006912,FOLLOWER
1786355215857121568,2026-08-10T16:46:55.857169,prediction,0.146813,0.537000,0.556458,0.126156,0.471271,0.546357,True,0.097916,0.470778,0.463761,0.028240,0.000492,0.082596,30.26,10,-0.194270,0.555732,0.665039,0.006540,0.093372,0.198525,0.000000,0.078096,0.008289,-0.086100,-0.018200,0.325194,-0.048768,-0.040576,0.021280,FOLLOWER
1786355215882148578,2026-08-10T16:46:55.882162,prediction,0.146299,0.532000,0.560418,0.128248,0.478894,0.548050,True,0.098804,0.475889,0.465905,0.029445,0.003005,0.082144,24.82,10,-0.194270,0.555732,0.665039,0.008285,0.095116,0.201142,0.000000,0.081158,0.010898,-0.088620,-0.014560,0.321874,-0.048992,-0.040416,0.025280,FOLLOWER
1786355215907478183,2026-08-10T16:46:55.907508,prediction,0.146299,0.532000,0.560418,0.128248,0.478894,0.548050,True,0.099843,0.481257,0.466977,0.028406,0.002363,0.081072,23.43,10,-0.194270,0.555732,0.665039,0.011342,0.098174,0.198964,0.000000,0.080716,0.010467,-0.084000,-0.011760,0.341794,-0.049152,-0.039296,0.027456,FOLLOWER
1786355215930142047,2026-08-10T16:46:55.930162,prediction,0.152676,0.537000,0.559395,0.130638,0.486872,0.549668,True,0.101057,0.486836,0.468323,0.029582,0.000036,0.081345,18.21,10,-0.194114,0.563502,0.671156,0.010029,0.097736,0.198964,0.000000,0.080716,0.010467,-0.091420,-0.012320,0.324945,-0.048864,-0.038016,0.029280,FOLLOWER
1786355215958052812,2026-08-10T16:46:55.958073,prediction,0.152179,0.532000,0.563364,0.132860,0.494068,0.551561,True,0.102283,0.492181,0.469942,0.030577,0.001886,0.081619,18.05,10,-0.194114,0.563502,0.671156,0.011342,0.099919,0.198964,0.000000,0.080716,0.013517,-0.089880,-0.020020,0.324779,-0.048384,-0.037472,0.028672,FOLLOWER
1786355215986732316,2026-08-10T16:46:55.986751,prediction,0.156097,0.542000,0.561301,0.135260,0.500414,0.553040,True,0.103591,0.497030,0.471491,0.031669,0.003383,0.081549,22.28,10,-0.194114,0.563502,0.671156,0.011342,0.099481,0.200711,0.000000,0.080716,0.010898,-0.100380,-0.021980,0.325194,-0.048704,-0.040800,0.027392,FOLLOWER
1786355216023664836,2026-08-10T16:46:56.023691,prediction,0.159021,0.542000,0.561301,0.137900,0.506589,0.554239,True,0.105027,0.501521,0.472865,0.032873,0.005069,0.081374,21.69,10,-0.193969,0.571436,0.677330,0.013087,0.101225,0.201142,0.000000,0.080716,0.010467,-0.105000,-0.029680,0.329842,-0.048096,-0.038016,0.028512,FOLLOWER
1786355216058400586,2026-08-10T16:46:56.058418,prediction,0.159021,0.542000,0.561301,0.140285,0.512411,0.555660,True,0.106421,0.505688,0.474262,0.033864,0.006724,0.081397,22.06,10,-0.193863,0.579416,0.683449,0.013087,0.102970,0.200711,0.000000,0.080716,0.010898,-0.103180,-0.036820,0.322787,-0.048032,-0.036736,0.031296,FOLLOWER
1786355216088883073,2026-08-10T16:46:56.088909,prediction,0.160464,0.557000,0.558206,0.142894,0.517576,0.556457,True,0.107894,0.509419,0.475360,0.035000,0.008156,0.081097,22.19,10,-0.193863,0.579416,0.683449,0.014831,0.104714,0.200711,0.000000,0.078096,0.016137,-0.098840,-0.044940,0.324779,-0.048032,-0.042144,0.031680,FOLLOWER
1786355216121336991,2026-08-10T16:46:56.121360,prediction,0.163362,0.557000,0.558206,0.145696,0.523408,0.557051,True,0.109468,0.513166,0.476205,0.036228,0.010242,0.080846,20.64,10,-0.193863,0.579416,0.683449,0.016138,0.104714,0.198525,0.000000,0.080716,0.016137,-0.077700,-0.035840,0.328431,-0.048032,-0.036736,0.031744,FOLLOWER
1786355216154413691,2026-08-10T16:46:56.154442,prediction,0.166726,0.562000,0.557175,0.148474,0.529375,0.557798,True,0.111067,0.516959,0.477001,0.037406,0.012416,0.080796,20.87,10,-0.193815,0.587390,0.689451,0.016576,0.106028,0.200711,0.000000,0.078096,0.016137,-0.078400,-0.026600,0.328431,-0.047712,-0.036576,0.032352,FOLLOWER
1786355216188478197,2026-08-10T16:46:56.188501,prediction,0.171441,0.582000,0.553049,0.151484,0.533875,0.558212,True,0.112780,0.520199,0.477607,0.038704,0.013676,0.080605,20.53,10,-0.193815,0.587390,0.689451,0.014831,0.111261,0.200711,0.000000,0.081158,0.016137,-0.075600,-0.033460,0.332913,-0.047584,-0.042464,0.029888,FOLLOWER
1786355216222379734,2026-08-10T16:46:56.222419,prediction,0.171441,0.582000,0.550186,0.154097,0.538562,0.558038,True,0.114438,0.523273,0.477822,0.039659,0.015288,0.080216,21.60,10,-0.193842,0.595430,0.695371,0.014831,0.110823,0.200711,0.000000,0.081158,0.016137,-0.085540,-0.025620,0.325194,-0.047424,-0.041472,0.030016,FOLLOWER
1786355216256382853,2026-08-10T16:46:56.256399,prediction,0.172955,0.567000,0.553255,0.156775,0.543286,0.557937,True,0.116084,0.526269,0.477879,0.040690,0.017017,0.080057,23.53,10,-0.193960,0.603512,0.701177,0.014831,0.114319,0.200711,0.000000,0.078096,0.013517,-0.100660,-0.045500,0.331170,-0.046528,-0.039744,0.029792,FOLLOWER
1786355216288282659,2026-08-10T16:46:56.288306,prediction,0.174299,0.582000,0.547323,0.159308,0.547750,0.557309,True,0.117707,0.529158,0.477594,0.041601,0.018593,0.079715,20.58,10,-0.193960,0.603512,0.701177,0.014394,0.116063,0.200711,0.000000,0.078096,0.013517,-0.103460,-0.048300,0.334573,-0.046368,-0.040704,0.031296,FOLLOWER
1786355216321735624,2026-08-10T16:46:56.321749,prediction,0.177156,0.582000,0.547323,0.161997,0.551897,0.556551,True,0.119380,0.531866,0.477072,0.042617,0.020031,0.079478,22.57,10,-0.193960,0.603512,0.701177,0.016576,0.116063,0.200711,0.000000,0.080716,0.013517,-0.094220,-0.058520,0.323451,-0.045920,-0.039424,0.030944,FOLLOWER
1786355216353369315,2026-08-10T16:46:56.353388,prediction,0.178036,0.592000,0.545293,0.164078,0.555713,0.555806,True,0.120883,0.534415,0.476439,0.043195,0.021297,0.079367,21.06,10,-0.194182,0.611688,0.706893,0.014831,0.117808,0.200711,0.000000,0.078096,0.013086,-0.095760,-0.059080,0.333577,-0.045760,-0.040192,0.031616,FOLLOWER
1786355216389324280,2026-08-10T16:46:56.389353,prediction,0.184057,0.596000,0.541641,0.166595,0.559676,0.554554,True,0.122472,0.536924,0.475497,0.044123,0.022752,0.079058,19.91,10,-0.194517,0.619987,0.712519,0.013087,0.119552,0.198964,0.000000,0.081158,0.013086,-0.096600,-0.039060,0.335818,-0.045472,-0.038752,0.031168,FOLLOWER
1786355216420745448,2026-08-10T16:46:56.420763,prediction,0.186891,0.596000,0.541641,0.168876,0.563615,0.553371,True,0.124029,0.539426,0.474434,0.044847,0.024189,0.078937,20.54,10,-0.194517,0.619987,0.712519,0.011342,0.122603,0.200711,0.000000,0.078538,0.013517,-0.095480,-0.036820,0.332166,-0.044864,-0.042240,0.031904,FOLLOWER
1786355216453082084,2026-08-10T16:46:56.453105,prediction,0.187306,0.601000,0.540634,0.171218,0.567816,0.551856,True,0.125610,0.542036,0.473145,0.045608,0.025781,0.078711,21.96,10,-0.194517,0.619987,0.712519,0.011780,0.122172,0.198964,0.000000,0.080716,0.010898,-0.096600,-0.035280,0.335486,-0.044864,-0.037248,0.032576,FOLLOWER
1786355216488061547,2026-08-10T16:46:56.488075,prediction,0.187721,0.606000,0.539627,0.173326,0.572070,0.550411,True,0.127131,0.544741,0.471778,0.046196,0.027329,0.078633,20.10,10,-0.194966,0.628320,0.717992,0.011342,0.127406,0.198964,0.000000,0.081158,0.010898,-0.081480,-0.049280,0.347355,-0.044544,-0.037120,0.031392,FOLLOWER
1786355216521662101,2026-08-10T16:46:56.521703,prediction,0.188136,0.611000,0.538620,0.175267,0.576334,0.548899,True,0.128575,0.547519,0.470338,0.046692,0.028815,0.078560,21.13,10,-0.194966,0.628320,0.717992,0.009598,0.127406,0.200711,0.000000,0.080716,0.010467,-0.070280,-0.042700,0.328597,-0.044256,-0.041632,0.032352,FOLLOWER
1786355216555035385,2026-08-10T16:46:56.555053,prediction,0.197268,0.620000,0.536808,0.177817,0.580867,0.547266,True,0.130187,0.550378,0.468802,0.047630,0.030489,0.078464,20.63,10,-0.195541,0.636809,0.723385,0.008285,0.130895,0.198964,0.000000,0.080716,0.007847,-0.061880,-0.049560,0.350094,-0.043648,-0.038080,0.029504,FOLLOWER
1786355216586166172,2026-08-10T16:46:56.586182,prediction,0.198048,0.630000,0.534795,0.180323,0.585933,0.545705,True,0.131862,0.553472,0.467253,0.048461,0.032461,0.078452,20.96,10,-0.195541,0.636809,0.723385,0.004796,0.132208,0.200711,0.000000,0.080716,0.005670,-0.068460,-0.052080,0.331668,-0.043360,-0.038240,0.032064,FOLLOWER
1786355216621114325,2026-08-10T16:46:56.621139,prediction,0.198361,0.634000,0.533989,0.182656,0.590840,0.544090,True,0.133519,0.556644,0.465672,0.049137,0.034195,0.078419,21.26,10,-0.196227,0.645230,0.728540,0.004796,0.133952,0.198964,0.000000,0.078096,0.005670,-0.070000,-0.043400,0.344782,-0.042912,-0.040576,0.031168,FOLLOWER
1786355216654226513,2026-08-10T16:46:56.654244,prediction,0.201515,0.639000,0.530214,0.184975,0.595928,0.542293,True,0.135175,0.559929,0.463982,0.049800,0.035999,0.078311,21.69,10,-0.196227,0.645230,0.728540,0.003489,0.138748,0.200711,0.000000,0.080716,0.005670,-0.077420,-0.052360,0.332249,-0.042592,-0.037184,0.030784,FOLLOWER
1786355216690232534,2026-08-10T16:46:56.690260,prediction,0.207334,0.643000,0.526653,0.187368,0.601052,0.540533,True,0.136852,0.563268,0.462258,0.050516,0.037784,0.078275,21.71,10,-0.197051,0.653862,0.733609,0.001307,0.143550,0.200711,0.000000,0.078538,0.002609,-0.083300,-0.059080,0.336482,-0.042144,-0.039968,0.031392,FOLLOWER
1786355216759314285,2026-08-10T16:46:56.759329,prediction,0.212848,0.643000,0.526653,0.192604,0.609439,0.537191,True,0.138596,0.566290,0.459724,0.054009,0.043149,0.077467,39.09,10,-0.197998,0.662531,0.738461,0.000000,0.146601,0.200711,0.000000,0.080716,0.002609,-0.081760,-0.057540,0.335652,-0.041856,-0.040960,0.028000,FOLLOWER
1786355216800648260,2026-08-10T16:46:56.800669,prediction,0.216832,0.661000,0.520355,0.195440,0.613515,0.535393,True,0.140412,0.569088,0.457559,0.055028,0.044426,0.077834,40.27,10,-0.199020,0.671316,0.743245,0.000000,0.151841,0.198525,0.000000,0.080716,0.002609,-0.021980,-0.045500,0.334988,-0.040960,-0.038624,0.013920,FOLLOWER
1786355216833072172,2026-08-10T16:46:56.833090,prediction,0.219559,0.661000,0.520355,0.198267,0.618543,0.533595,True,0.142317,0.571742,0.455577,0.055949,0.046801,0.078018,31.67,10,-0.199020,0.671316,0.743245,0.001744,0.151841,0.198964,0.000000,0.080716,0.000000,0.003640,-0.039620,0.346276,-0.040960,-0.036192,0.007136,FOLLOWER
1786355216860524195,2026-08-10T16:46:56.860545,prediction,0.219559,0.661000,0.520355,0.198267,0.618543,0.533595,True,0.144248,0.574667,0.454586,0.054019,0.043876,0.079009,26.50,10,-0.199020,0.671316,0.743245,0.001744,0.154893,0.198964,0.000000,0.078096,0.000000,0.061320,-0.052640,0.344782,-0.040800,-0.044544,-0.009920,FOLLOWER
1786355216900511594,2026-08-10T16:46:56.900526,prediction,0.222286,0.661000,0.517623,0.201217,0.623762,0.531751,True,0.146223,0.577785,0.453168,0.054994,0.045976,0.078582,28.79,10,-0.200287,0.681037,0.748224,0.006540,0.161439,0.200711,0.000000,0.078538,0.008289,0.088620,-0.077140,0.328431,-0.040352,-0.037344,-0.022336,FOLLOWER
1786355216934821136,2026-08-10T16:46:56.934841,prediction,0.225014,0.661000,0.517623,0.203947,0.628486,0.530149,True,0.148140,0.580825,0.451659,0.055808,0.047661,0.078491,22.21,10,-0.201448,0.689050,0.752062,0.007853,0.161439,0.200711,0.000000,0.080716,0.007847,0.093240,-0.067200,0.345446,-0.040480,-0.038144,-0.025824,FOLLOWER
1786355216962050947,2026-08-10T16:46:56.962071,prediction,0.228849,0.679000,0.514117,0.206745,0.632897,0.528315,True,0.150063,0.583713,0.449987,0.056682,0.049184,0.078328,20.87,10,-0.201448,0.689050,0.752062,0.008285,0.161439,0.200711,0.000000,0.078096,0.008289,0.089880,-0.056000,0.337561,-0.039904,-0.044544,-0.026784,FOLLOWER
1786355216988490528,2026-08-10T16:46:56.988504,prediction,0.231787,0.683000,0.513338,0.209710,0.638206,0.526495,True,0.152019,0.586817,0.448241,0.057690,0.051389,0.078254,21.07,10,-0.202891,0.698091,0.756085,0.010029,0.161877,0.200711,0.000000,0.081158,0.007847,0.089880,-0.049560,0.331668,-0.040192,-0.041920,-0.026880,FOLLOWER
1786355217021091474,2026-08-10T16:46:57.021106,prediction,0.234478,0.683000,0.513338,0.212827,0.643641,0.524742,True,0.154023,0.590042,0.446491,0.058804,0.053599,0.078251,21.75,10,-0.202891,0.698091,0.756085,0.010029,0.163621,0.200711,0.000000,0.083766,0.010898,0.094780,-0.064680,0.336150,-0.040192,-0.037920,-0.028064,FOLLOWER
1786355217056863721,2026-08-10T16:46:57.056893,prediction,0.240134,0.688000,0.512365,0.216294,0.648835,0.522992,True,0.156149,0.593187,0.444742,0.060145,0.055648,0.078250,22.28,10,-0.204506,0.707338,0.759883,0.011342,0.164928,0.200711,0.000000,0.078096,0.010898,0.084560,-0.079660,0.331004,-0.039744,-0.041696,-0.027008,FOLLOWER
1786355217092047621,2026-08-10T16:46:57.092063,prediction,0.243031,0.692000,0.511586,0.219344,0.653980,0.521310,True,0.158198,0.596307,0.443026,0.061147,0.057673,0.078284,25.88,10,-0.204506,0.707338,0.759883,0.013087,0.166673,0.198525,0.000000,0.081158,0.010467,0.084840,-0.074340,0.345944,-0.039136,-0.040704,-0.026784,FOLLOWER
1786355217128427080,2026-08-10T16:46:57.128448,prediction,0.248583,0.696000,0.508132,0.222713,0.658849,0.519533,True,0.160304,0.599271,0.441279,0.062410,0.059578,0.078253,25.15,10,-0.206236,0.716436,0.763305,0.013087,0.170168,0.200711,0.000000,0.078096,0.013517,0.087360,-0.068460,0.328929,-0.038688,-0.040352,-0.028384,FOLLOWER
1786355217153070251,2026-08-10T16:46:57.153084,prediction,0.253922,0.696000,0.508132,0.226417,0.663343,0.517809,True,0.162526,0.601962,0.439544,0.063891,0.061381,0.078265,19.98,10,-0.206236,0.716436,0.763305,0.013087,0.170168,0.198964,0.000000,0.080716,0.013517,0.090160,-0.051100,0.343205,-0.038688,-0.040128,-0.029280,FOLLOWER
1786355217187787214,2026-08-10T16:46:57.187805,prediction,0.256772,0.700000,0.507360,0.230101,0.667549,0.516285,True,0.164776,0.604387,0.437915,0.065325,0.063162,0.078371,21.52,10,-0.206236,0.716436,0.763305,0.014831,0.178022,0.200711,0.000000,0.081158,0.016137,0.081480,-0.072100,0.329759,-0.038240,-0.043744,-0.029184,FOLLOWER
1786355217219252876,2026-08-10T16:46:57.219267,prediction,0.256592,0.696000,0.508132,0.233385,0.671430,0.515051,True,0.166894,0.606584,0.436483,0.066491,0.064846,0.078568,20.72,10,-0.208148,0.725718,0.766476,0.016138,0.181073,0.200711,0.000000,0.080716,0.016137,0.082040,-0.069440,0.342375,-0.037920,-0.041920,-0.029888,FOLLOWER
1786355217256298059,2026-08-10T16:46:57.256311,prediction,0.259652,0.705000,0.506394,0.236689,0.675246,0.513700,True,0.168946,0.608641,0.435091,0.067744,0.066604,0.078609,20.91,10,-0.210232,0.735077,0.769361,0.017889,0.187619,0.200711,0.000000,0.080716,0.018756,0.087080,-0.082740,0.337063,-0.037472,-0.039424,-0.032064,FOLLOWER
1786355217290837485,2026-08-10T16:46:57.290851,prediction,0.259435,0.700000,0.507360,0.239795,0.679049,0.512414,True,0.170890,0.610638,0.433753,0.068905,0.068411,0.078661,23.32,10,-0.210232,0.735077,0.769361,0.016138,0.191108,0.200711,0.000000,0.080716,0.018756,0.098840,-0.071820,0.346691,-0.037344,-0.040128,-0.030560,FOLLOWER
1786355217348153007,2026-08-10T16:46:57.348179,prediction,0.267270,0.696000,0.505457,0.243004,0.683116,0.511306,True,0.172773,0.612654,0.432529,0.070231,0.070463,0.078777,25.20,10,-0.212493,0.744502,0.771973,0.020940,0.197655,0.200711,0.000000,0.081158,0.021375,0.109340,-0.069440,0.332581,-0.037184,-0.038848,-0.029952,FOLLOWER
1786355217372156964,2026-08-10T16:46:57.372171,prediction,0.267270,0.696000,0.505457,0.246184,0.686010,0.510313,True,0.174616,0.614264,0.431421,0.071569,0.071746,0.078892,21.46,10,-0.212493,0.744502,0.771973,0.024429,0.201144,0.198964,0.000000,0.080716,0.021375,0.105000,-0.088620,0.333577,-0.037184,-0.035904,-0.027456,FOLLOWER
1786355217393666386,2026-08-10T16:46:57.393686,prediction,0.272750,0.700000,0.502023,0.249549,0.688669,0.509273,True,0.174616,0.614264,0.431421,0.074933,0.074404,0.077852,0.00,10,-0.214899,0.753853,0.774290,0.024429,0.201144,0.200711,0.000000,0.078096,0.021375,0.097020,-0.107800,0.328099,-0.037184,-0.041408,-0.031840,LEADER
1786355217434033395,2026-08-10T16:46:57.434139,prediction,0.275413,0.700000,0.502023,0.252909,0.691280,0.508233,True,0.174615,0.614265,0.431420,0.078294,0.077016,0.076813,0.00,10,-0.214899,0.753853,0.774290,0.024429,0.199400,0.198525,0.000000,0.081158,0.021807,0.089460,-0.094220,0.342209,-0.037472,-0.040640,-0.031456,LEADER
1786355217461450090,2026-08-10T16:46:57.461502,prediction,0.278363,0.709000,0.497662,0.256209,0.693883,0.507136,True,0.174609,0.614267,0.431409,0.081600,0.079616,0.075727,0.00,10,-0.217836,0.763279,0.775772,0.026174,0.198962,0.200711,0.000000,0.081158,0.026614,0.080780,-0.081760,0.336648,-0.037472,-0.038144,-0.032576,LEADER
1786355217493798077,2026-08-10T16:46:57.493815,prediction,0.281253,0.717000,0.493517,0.259507,0.696003,0.505814,True,0.174594,0.614273,0.431382,0.084913,0.081730,0.074433,0.00,10,-0.217836,0.763279,0.775772,0.026174,0.199400,0.200711,0.000000,0.078096,0.026614,0.097860,-0.098140,0.334988,-0.037344,-0.035840,-0.032512,LEADER
1786355217528444156,2026-08-10T16:46:57.528524,prediction,0.286630,0.721000,0.490138,0.262984,0.698241,0.504268,True,0.174566,0.614286,0.431329,0.088418,0.083955,0.072939,0.00,10,-0.220792,0.772772,0.777262,0.027925,0.199400,0.200711,0.000000,0.081158,0.027045,0.117740,-0.099820,0.341628,-0.037344,-0.040576,-0.032352,LEADER
1786355217560137148,2026-08-10T16:46:57.560178,prediction,0.286630,0.721000,0.490138,0.266084,0.700715,0.502786,True,0.174520,0.614306,0.431242,0.091564,0.086409,0.071543,0.00,10,-0.220792,0.772772,0.777262,0.029669,0.197655,0.198964,0.000000,0.080716,0.029665,0.106820,-0.101640,0.339968,-0.037024,-0.037920,-0.033856,LEADER
1786355217593671677,2026-08-10T16:46:57.593703,prediction,0.286765,0.726000,0.486588,0.268999,0.702970,0.501119,True,0.174451,0.614335,0.431116,0.094548,0.088635,0.070004,0.00,10,-0.223723,0.782201,0.778733,0.032720,0.199400,0.198964,0.000000,0.081158,0.029665,0.097300,-0.093800,0.342707,-0.037024,-0.038688,-0.034400,LEADER
1786355217626557996,2026-08-10T16:46:57.626571,prediction,0.289588,0.734000,0.482511,0.271733,0.705234,0.499411,True,0.174357,0.614375,0.430942,0.097376,0.090859,0.068470,0.00,10,-0.223723,0.782201,0.778733,0.032720,0.201144,0.198964,0.000000,0.080716,0.035335,0.111160,-0.129220,0.332581,-0.037344,-0.042688,-0.032960,LEADER
1786355217660150224,2026-08-10T16:46:57.660166,prediction,0.297327,0.730000,0.480619,0.274627,0.707500,0.497577,True,0.174234,0.614428,0.430713,0.100392,0.093072,0.066864,0.00,10,-0.226657,0.791680,0.780190,0.034465,0.199400,0.198964,0.000000,0.080716,0.032284,0.111580,-0.123340,0.352169,-0.037344,-0.039424,-0.034848,LEADER
1786355217693422445,2026-08-10T16:46:57.693461,prediction,0.302622,0.734000,0.477287,0.277683,0.709980,0.495572,True,0.174079,0.614494,0.430424,0.103605,0.095486,0.065148,0.00,10,-0.226657,0.791680,0.780190,0.037523,0.197655,0.200711,0.000000,0.078096,0.037523,0.115500,-0.106820,0.331336,-0.037120,-0.038752,-0.034400,LEADER
1786355217726711688,2026-08-10T16:46:57.726724,prediction,0.305167,0.730000,0.475382,0.280922,0.712289,0.493389,True,0.173887,0.614576,0.430069,0.107034,0.097713,0.063320,0.00,10,-0.229554,0.801112,0.781601,0.039267,0.200706,0.198964,0.000000,0.078096,0.037523,0.115500,-0.124600,0.342209,-0.037408,-0.045152,-0.033408,LEADER
1786355217760314236,2026-08-10T16:46:57.760332,prediction,0.307891,0.738000,0.468758,0.284138,0.714564,0.490880,True,0.173657,0.614675,0.429641,0.110481,0.099890,0.061239,0.00,10,-0.229554,0.801112,0.781601,0.039267,0.200706,0.198964,0.000000,0.080716,0.040573,0.125860,-0.143220,0.339470,-0.037568,-0.043264,-0.035136,LEADER
1786355217793712907,2026-08-10T16:46:57.793731,prediction,0.318235,0.730000,0.464907,0.288058,0.716620,0.488050,True,0.173385,0.614791,0.429136,0.114673,0.101828,0.058913,0.00,10,-0.232425,0.810585,0.782955,0.041012,0.199400,0.198964,0.000000,0.078096,0.043193,0.119280,-0.145040,0.338225,-0.038144,-0.040704,-0.034080,LEADER
1786355217827156974,2026-08-10T16:46:57.827176,prediction,0.323427,0.721000,0.463804,0.291955,0.718364,0.485388,True,0.173068,0.614927,0.428549,0.118887,0.103437,0.056839,0.00,10,-0.232425,0.810585,0.782955,0.042756,0.199400,0.200711,0.000000,0.078096,0.040573,0.118300,-0.135100,0.335486,-0.038464,-0.039968,-0.036192,LEADER
1786355217860686684,2026-08-10T16:46:57.860716,prediction,0.331321,0.713000,0.459857,0.296225,0.719833,0.482348,True,0.172705,0.615083,0.427874,0.123521,0.104750,0.054474,0.00,10,-0.235294,0.820238,0.784237,0.042318,0.199400,0.200711,0.000000,0.081158,0.043193,0.113960,-0.127400,0.343371,-0.039200,-0.042592,-0.036576,LEADER
1786355217893679274,2026-08-10T16:46:57.893701,prediction,0.331294,0.738000,0.455732,0.300128,0.721247,0.479262,True,0.172292,0.615260,0.427107,0.127836,0.105987,0.052154,0.00,10,-0.235294,0.820238,0.784237,0.042756,0.201144,0.200711,0.000000,0.080716,0.043193,0.114380,-0.129500,0.336648,-0.039808,-0.038304,-0.034176,LEADER
1786355217926785720,2026-08-10T16:46:57.926802,prediction,0.331294,0.738000,0.450521,0.303854,0.723556,0.475828,True,0.171828,0.615458,0.426245,0.132026,0.108098,0.049583,0.00,10,-0.238010,0.829650,0.785349,0.041012,0.198962,0.200711,0.000000,0.080716,0.040573,0.106540,-0.141260,0.342541,-0.040256,-0.038080,-0.033952,LEADER
1786355217960362880,2026-08-10T16:46:57.960377,prediction,0.333806,0.770000,0.445347,0.307550,0.726045,0.472340,True,0.171310,0.615680,0.425284,0.136240,0.110364,0.047056,0.00,10,-0.238010,0.829650,0.785349,0.041012,0.197655,0.201142,0.000000,0.080716,0.040142,0.107800,-0.116480,0.340466,-0.040864,-0.043040,-0.034240,LEADER
1786355217994453594,2026-08-10T16:46:57.994475,prediction,0.336372,0.766000,0.445994,0.311225,0.729582,0.469172,True,0.170736,0.615926,0.424220,0.140488,0.113656,0.044952,0.00,10,-0.240793,0.839704,0.786336,0.041012,0.201144,0.200711,0.000000,0.081158,0.040573,0.108780,-0.137200,0.338059,-0.041184,-0.038752,-0.035008,LEADER
1786355218026890329,2026-08-10T16:46:58.026909,prediction,0.341449,0.770000,0.437689,0.314879,0.733116,0.465676,True,0.170106,0.616196,0.423050,0.144773,0.116921,0.042626,0.00,10,-0.240793,0.839704,0.786336,0.039267,0.202457,0.198964,0.000000,0.081158,0.040573,0.107800,-0.178220,0.343869,-0.042368,-0.039968,-0.036288,LEADER
1786355218060683438,2026-08-10T16:46:58.060704,prediction,0.343997,0.770000,0.432584,0.318704,0.736437,0.461839,True,0.169417,0.616491,0.421770,0.149287,0.119946,0.040068,0.00,10,-0.240793,0.839704,0.786336,0.037960,0.200706,0.200711,0.000000,0.080716,0.037523,0.097300,-0.163660,0.345944,-0.043136,-0.042816,-0.036192,LEADER
1786355218093667941,2026-08-10T16:46:58.093686,prediction,0.346511,0.773000,0.429577,0.322687,0.739714,0.458038,True,0.168667,0.616812,0.420379,0.154019,0.122902,0.037658,0.00,10,-0.243426,0.849808,0.787051,0.037523,0.198962,0.200711,0.000000,0.078096,0.037523,0.110600,-0.154560,0.342541,-0.043744,-0.044800,-0.035232,LEADER
1786355218126975779,2026-08-10T16:46:58.126990,prediction,0.351754,0.762000,0.423549,0.326831,0.742716,0.454107,True,0.167857,0.617159,0.418875,0.158974,0.125557,0.035232,0.00,10,-0.245582,0.858828,0.787358,0.035778,0.200706,0.198964,0.000000,0.081158,0.037954,0.103460,-0.174440,0.340798,-0.045376,-0.040704,-0.031072,LEADER
1786355218160354010,2026-08-10T16:46:58.160371,prediction,0.353948,0.785000,0.420172,0.330606,0.745610,0.450077,True,0.166984,0.617533,0.417254,0.163622,0.128077,0.032823,0.00,10,-0.245582,0.858828,0.787358,0.035778,0.200706,0.200711,0.000000,0.080716,0.034903,0.100660,-0.168840,0.332747,-0.045984,-0.039136,-0.030944,LEADER
1786355218193876776,2026-08-10T16:46:58.193905,prediction,0.353821,0.793000,0.421512,0.334019,0.748909,0.446359,True,0.166047,0.617934,0.415516,0.167972,0.130975,0.030843,0.00,10,-0.247598,0.868390,0.787226,0.035778,0.202457,0.198964,0.000000,0.078096,0.034903,0.099820,-0.185920,0.343205,-0.046592,-0.044032,-0.033408,LEADER
1786355218226940149,2026-08-10T16:46:58.226958,prediction,0.358840,0.793000,0.413969,0.337597,0.752928,0.442265,True,0.165046,0.618363,0.413658,0.172551,0.134566,0.028607,0.00,10,-0.247598,0.868390,0.787226,0.035778,0.199400,0.200711,0.000000,0.078096,0.032715,0.085120,-0.161140,0.327601,-0.047808,-0.041248,-0.033408,LEADER
1786355218262198690,2026-08-10T16:46:58.262228,prediction,0.361203,0.800000,0.410461,0.341151,0.756879,0.438378,True,0.163980,0.618819,0.411679,0.177171,0.138060,0.026699,0.00,10,-0.249307,0.878220,0.786473,0.032720,0.198962,0.198525,0.000000,0.080716,0.032284,0.105280,-0.155820,0.348849,-0.049088,-0.038912,-0.032000,LEADER
1786355218294403113,2026-08-10T16:46:58.294419,prediction,0.363521,0.808000,0.406836,0.344170,0.761402,0.434507,True,0.162849,0.619304,0.409579,0.181321,0.142099,0.024928,0.00,10,-0.249307,0.878220,0.786473,0.030976,0.200706,0.200711,0.000000,0.080716,0.032284,0.110600,-0.195580,0.343205,-0.050496,-0.044192,-0.035360,LEADER
1786355218326897195,2026-08-10T16:46:58.326911,prediction,0.365934,0.811000,0.398962,0.347004,0.766467,0.430184,True,0.161652,0.619816,0.407357,0.185353,0.146651,0.022828,0.00,10,-0.250526,0.888000,0.784909,0.029669,0.199400,0.200711,0.000000,0.080716,0.029665,0.101360,-0.191240,0.339802,-0.050816,-0.039680,-0.035136,LEADER
1786355218363897913,2026-08-10T16:46:58.363931,prediction,0.365934,0.811000,0.398962,0.347004,0.766467,0.430184,True,0.160388,0.620358,0.405011,0.186616,0.146110,0.025173,0.00,10,-0.250526,0.888000,0.784909,0.029669,0.198962,0.198964,0.000000,0.080716,0.029665,0.083300,-0.183120,0.342043,-0.051264,-0.040128,-0.033856,LEADER
1786355218396541790,2026-08-10T16:46:58.396567,prediction,0.365934,0.811000,0.398962,0.349312,0.772280,0.426124,True,0.159058,0.620927,0.402542,0.190254,0.151353,0.023583,0.00,10,-0.251098,0.897687,0.782280,0.026174,0.200706,0.200711,0.000000,0.078096,0.024426,0.085820,-0.199640,0.333245,-0.052480,-0.046656,-0.031392,LEADER
1786355218427496832,2026-08-10T16:46:58.427514,prediction,0.368129,0.822000,0.387607,0.351767,0.778243,0.421583,True,0.157661,0.621525,0.399949,0.194106,0.156717,0.021634,0.00,10,-0.251098,0.897687,0.782280,0.022685,0.201144,0.198964,0.000000,0.080716,0.024426,0.111160,-0.211680,0.334075,-0.053056,-0.039072,-0.033280,LEADER
1786355218462630635,2026-08-10T16:46:58.462652,prediction,0.373053,0.822000,0.385141,0.354551,0.783915,0.417224,True,0.156198,0.622152,0.397233,0.198353,0.161763,0.019991,0.00,10,-0.250805,0.906972,0.778333,0.019634,0.199400,0.198964,0.000000,0.080716,0.018756,0.101920,-0.194600,0.348683,-0.053824,-0.040864,-0.032288,LEADER
1786355218493745100,2026-08-10T16:46:58.493764,prediction,0.375515,0.822000,0.382674,0.357332,0.789530,0.413046,True,0.154669,0.622807,0.394394,0.202663,0.166723,0.018652,0.00,10,-0.250805,0.906972,0.778333,0.021378,0.197655,0.200711,0.000000,0.081158,0.019198,0.079940,-0.191240,0.335652,-0.053984,-0.038464,-0.032224,LEADER
1786355218530240418,2026-08-10T16:46:58.530262,prediction,0.377977,0.822000,0.382674,0.360106,0.793639,0.408825,True,0.153073,0.623490,0.391433,0.207032,0.170149,0.017392,0.00,10,-0.249457,0.915376,0.772922,0.014831,0.200706,0.198964,0.000000,0.078096,0.013517,0.087920,-0.204820,0.344284,-0.054880,-0.042144,-0.031520,LEADER
1786355218560570022,2026-08-10T16:46:58.560598,prediction,0.380438,0.822000,0.380208,0.362705,0.797235,0.404993,True,0.151412,0.624202,0.388349,0.211293,0.173033,0.016643,0.00,10,-0.249457,0.915376,0.772922,0.011342,0.201144,0.198964,0.000000,0.078538,0.010467,0.086380,-0.222180,0.344616,-0.055616,-0.041760,-0.031168,LEADER
1786355218596942998,2026-08-10T16:46:58.596971,prediction,0.387824,0.822000,0.377741,0.365627,0.800727,0.401336,True,0.149686,0.624941,0.385145,0.215941,0.175786,0.016191,0.00,10,-0.247058,0.922282,0.766285,0.010029,0.199400,0.200711,0.000000,0.081158,0.010898,0.080220,-0.197680,0.334075,-0.055936,-0.040800,-0.031392,LEADER
1786355218627248556,2026-08-10T16:46:58.627267,prediction,0.387941,0.819000,0.375636,0.368389,0.804199,0.397740,True,0.147895,0.625708,0.381821,0.220494,0.178491,0.015919,0.00,10,-0.247058,0.922282,0.766285,0.004796,0.198962,0.200711,0.000000,0.078096,0.003051,0.061040,-0.193060,0.341296,-0.056544,-0.045760,-0.031456,LEADER
1786355218660360863,2026-08-10T16:46:58.660378,prediction,0.392874,0.819000,0.375636,0.371130,0.807506,0.394546,True,0.146041,0.626502,0.378379,0.225089,0.181004,0.016168,0.00,10,-0.243905,0.927230,0.759095,0.000000,0.200706,0.200711,0.000000,0.078538,0.000000,0.045780,-0.203560,0.339387,-0.057120,-0.041184,-0.027104,LEADER
1786355218693703437,2026-08-10T16:46:58.693725,prediction,0.395825,0.808000,0.374471,0.373922,0.810621,0.391499,True,0.144123,0.627323,0.374819,0.229799,0.183298,0.016680,0.00,10,-0.243905,0.927230,0.759095,0.000000,0.202457,0.198525,0.000000,0.081158,0.000000,-0.024780,-0.238700,0.349928,-0.057280,-0.041632,-0.015104,LEADER
1786355218727843544,2026-08-10T16:46:58.727862,prediction,0.398173,0.811000,0.371630,0.376879,0.812631,0.388174,True,0.142143,0.628171,0.371145,0.234735,0.184460,0.017029,0.00,10,-0.240261,0.930791,0.751588,0.010029,0.198962,0.200711,0.000000,0.080716,0.013517,-0.107800,-0.222180,0.339055,-0.057888,-0.044640,0.019648,LEADER
1786355218760615244,2026-08-10T16:46:58.760633,prediction,0.398994,0.793000,0.373737,0.379556,0.813833,0.385492,True,0.140103,0.629045,0.367356,0.239453,0.184788,0.018135,0.00,10,-0.240261,0.930791,0.751588,0.016138,0.199400,0.200711,0.000000,0.083335,0.016137,-0.144060,-0.210980,0.340300,-0.057888,-0.042592,0.026944,LEADER
1786355218794949961,2026-08-10T16:46:58.794969,prediction,0.399541,0.781000,0.375143,0.382111,0.814073,0.383137,True,0.138002,0.629945,0.363457,0.244109,0.184129,0.019680,0.00,10,-0.236404,0.933454,0.744053,0.026174,0.200706,0.200711,0.000000,0.080716,0.024426,-0.117460,-0.222460,0.339221,-0.057888,-0.042464,0.031232,LEADER
1786355218830324081,2026-08-10T16:46:58.830342,prediction,0.401362,0.796000,0.368367,0.384634,0.813748,0.380573,True,0.135843,0.630870,0.359448,0.248792,0.182878,0.021124,0.00,10,-0.236404,0.933454,0.744053,0.032283,0.201144,0.198964,0.000000,0.078096,0.032284,-0.095480,-0.254800,0.343039,-0.058048,-0.043744,0.032672,LEADER
1786355218862445596,2026-08-10T16:46:58.862475,prediction,0.402070,0.781000,0.370074,0.387043,0.812243,0.378647,True,0.133625,0.631819,0.355333,0.253418,0.180424,0.023314,0.00,10,-0.232370,0.935683,0.736378,0.035778,0.199400,0.200711,0.000000,0.078096,0.034903,-0.124180,-0.234920,0.346857,-0.058176,-0.044032,0.033792,LEADER
1786355218894562864,2026-08-10T16:46:58.894617,prediction,0.402070,0.781000,0.370074,0.387043,0.812243,0.378647,True,0.131352,0.632793,0.351113,0.255691,0.179450,0.027534,0.00,10,-0.232370,0.935683,0.736378,0.044500,0.199400,0.200711,0.000000,0.080716,0.045812,-0.141260,-0.227780,0.339802,-0.057888,-0.040704,0.031456,LEADER
1786355218927334914,2026-08-10T16:46:58.927352,prediction,0.405725,0.758000,0.372691,0.389696,0.810342,0.376895,True,0.129024,0.633790,0.346791,0.260672,0.176552,0.030104,0.00,10,-0.228205,0.937713,0.728555,0.047558,0.199400,0.200711,0.000000,0.080716,0.048432,-0.147560,-0.239540,0.332000,-0.057888,-0.039520,0.032576,LEADER
1786355218961399568,2026-08-10T16:46:58.961421,prediction,0.407685,0.770000,0.366221,0.392333,0.807775,0.375470,True,0.126643,0.634810,0.342371,0.265691,0.172965,0.033099,0.00,10,-0.228205,0.937713,0.728555,0.054105,0.200706,0.198964,0.000000,0.080716,0.053659,-0.101640,-0.246120,0.352667,-0.057888,-0.044928,0.034784,LEADER
1786355218993547214,2026-08-10T16:46:58.993561,prediction,0.409303,0.738000,0.372362,0.394750,0.803848,0.374618,True,0.124209,0.635852,0.337854,0.270540,0.167997,0.036763,0.00,10,-0.223769,0.939739,0.720275,0.057156,0.195911,0.200711,0.000000,0.080716,0.059340,-0.152180,-0.212660,0.332000,-0.056992,-0.041984,0.038848,LEADER
1786355219028460038,2026-08-10T16:46:59.028490,prediction,0.412780,0.770000,0.358563,0.397234,0.800290,0.373010,True,0.121726,0.636915,0.333244,0.275508,0.163374,0.039766,0.00,10,-0.223769,0.939739,0.720275,0.057156,0.197655,0.198964,0.000000,0.080716,0.059340,-0.135660,-0.238980,0.334988,-0.056992,-0.039200,0.037632,LEADER
1786355219060560983,2026-08-10T16:46:59.060605,prediction,0.415550,0.766000,0.353867,0.399739,0.796591,0.371090,True,0.119194,0.637999,0.328545,0.280545,0.158592,0.042545,0.00,10,-0.219287,0.941721,0.711931,0.062390,0.201144,0.198525,0.000000,0.078096,0.061949,-0.133560,-0.252560,0.346276,-0.056672,-0.044704,0.036640,LEADER
1786355219096347595,2026-08-10T16:46:59.096369,prediction,0.422306,0.781000,0.349800,0.402530,0.793078,0.369063,True,0.116616,0.639104,0.323759,0.285914,0.153975,0.045304,0.00,10,-0.219287,0.941721,0.711931,0.063703,0.201144,0.198964,0.000000,0.080716,0.064568,-0.135100,-0.267400,0.340466,-0.056608,-0.039904,0.034688,LEADER
1786355219134323493,2026-08-10T16:46:59.134347,prediction,0.422306,0.781000,0.349800,0.402530,0.793078,0.369063,True,0.113992,0.640227,0.318889,0.288538,0.152851,0.050173,0.00,10,-0.214899,0.943630,0.703775,0.063703,0.196348,0.201142,0.000000,0.078096,0.064568,-0.149100,-0.229320,0.335154,-0.056320,-0.041088,0.035840,LEADER
1786355219160568823,2026-08-10T16:46:59.160591,prediction,0.426760,0.750000,0.350332,0.405126,0.789389,0.367235,True,0.111326,0.641369,0.313940,0.293800,0.148020,0.053295,0.00,10,-0.214899,0.943630,0.703775,0.065010,0.197655,0.200711,0.000000,0.078538,0.064568,-0.156520,-0.253820,0.333411,-0.056320,-0.045696,0.038848,LEADER
1786355219196942720,2026-08-10T16:46:59.196956,prediction,0.430613,0.770000,0.338144,0.407971,0.785878,0.364736,True,0.108619,0.642528,0.308915,0.299352,0.143349,0.055821,0.00,10,-0.210229,0.945647,0.695100,0.065010,0.197655,0.200711,0.000000,0.078096,0.067188,-0.157360,-0.274960,0.337063,-0.056320,-0.046208,0.039744,LEADER
1786355219226912310,2026-08-10T16:46:59.226939,prediction,0.430613,0.770000,0.338144,0.407971,0.785878,0.364736,True,0.105873,0.643705,0.303817,0.302098,0.142173,0.060919,0.00,10,-0.210229,0.945647,0.695100,0.067192,0.178022,0.200711,0.000000,0.078096,0.067188,-0.141540,-0.341600,0.358726,-0.059232,-0.042368,0.036064,LEADER
1786355219260429344,2026-08-10T16:46:59.260447,prediction,0.432960,0.773000,0.332772,0.410643,0.782562,0.361878,True,0.103089,0.644897,0.298651,0.307554,0.137666,0.063228,0.00,10,-0.205637,0.947622,0.686574,0.066754,0.155330,0.200711,0.000000,0.078096,0.067188,-0.164920,-0.327320,0.345446,-0.060160,-0.045376,0.037472,LEADER
1786355219293274552,2026-08-10T16:46:59.293288,prediction,0.442246,0.785000,0.321593,0.416429,0.776604,0.355804,True,0.100271,0.646103,0.293419,0.316157,0.130500,0.062385,0.00,10,-0.205637,0.947622,0.686574,0.070243,0.135697,0.200711,0.000000,0.078096,0.067188,-0.138180,-0.327880,0.351422,-0.059840,-0.043648,0.039360,LEADER
1786355219327047321,2026-08-10T16:46:59.327065,prediction,0.445070,0.781000,0.321923,0.419501,0.774627,0.352350,True,0.097420,0.647324,0.288128,0.322080,0.127303,0.064222,0.00,10,-0.200973,0.949625,0.677914,0.071556,0.112568,0.198964,0.000000,0.078096,0.070249,-0.123340,-0.391720,0.354576,-0.059840,-0.044096,0.037920,LEADER
1786355219360302218,2026-08-10T16:46:59.360316,prediction,0.448446,0.770000,0.322829,0.422761,0.773592,0.348862,True,0.094539,0.648558,0.282779,0.328222,0.125034,0.066083,0.00,10,-0.200973,0.949625,0.677914,0.071994,0.083336,0.198964,0.000000,0.078096,0.072857,-0.104720,-0.416640,0.356983,-0.059552,-0.041536,0.036128,LEADER
1786355219395772960,2026-08-10T16:46:59.395795,prediction,0.451308,0.766000,0.323159,0.426091,0.772158,0.345848,True,0.091629,0.649805,0.277377,0.334461,0.122354,0.068471,0.00,10,-0.196079,0.951724,0.668829,0.070243,0.070243,0.198964,0.000000,0.078096,0.072857,-0.147560,-0.430220,0.364204,-0.059552,-0.043808,0.035840,LEADER
1786355219426894777,2026-08-10T16:46:59.426908,prediction,0.451937,0.758000,0.321246,0.429415,0.771072,0.342593,True,0.088693,0.651062,0.271927,0.340722,0.120010,0.070666,0.00,10,-0.196079,0.951724,0.668829,0.075045,0.036209,0.200711,0.000000,0.080716,0.072857,-0.119560,-0.409780,0.343205,-0.058560,-0.041312,0.039968,LEADER
1786355219466520867,2026-08-10T16:46:59.466535,prediction,0.451622,0.762000,0.318357,0.432475,0.769841,0.338971,True,0.085733,0.652330,0.266433,0.346742,0.117511,0.072538,0.00,10,-0.191304,0.953771,0.659964,0.073738,0.029669,0.198964,0.000000,0.080716,0.072857,-0.123900,-0.407540,0.348185,-0.056448,-0.042528,0.037792,LEADER
1786355219493667439,2026-08-10T16:46:59.493682,prediction,0.451622,0.762000,0.318357,0.432475,0.769841,0.338971,True,0.082752,0.653606,0.260899,0.349723,0.116235,0.078072,0.00,10,-0.191304,0.953771,0.659964,0.075045,0.018320,0.198964,0.000000,0.078538,0.072857,-0.132860,-0.386260,0.345114,-0.050208,-0.043584,0.038464,LEADER
1786355219527505652,2026-08-10T16:46:59.527522,prediction,0.454183,0.762000,0.318357,0.435575,0.769168,0.335780,True,0.079751,0.654892,0.255329,0.355824,0.114277,0.080451,0.00,10,-0.186983,0.955623,0.651943,0.071994,0.016138,0.200711,0.000000,0.078096,0.075477,-0.145880,-0.375060,0.330340,-0.047584,-0.044480,0.038240,LEADER
1786355219563373328,2026-08-10T16:46:59.563420,prediction,0.455467,0.746000,0.319623,0.438652,0.769247,0.332264,True,0.076734,0.656184,0.249728,0.361919,0.113063,0.082536,0.00,10,-0.186983,0.955623,0.651943,0.073301,0.017889,0.200711,0.000000,0.080716,0.075477,-0.134820,-0.354620,0.350592,-0.045024,-0.041696,0.037792,LEADER
1786355219593527097,2026-08-10T16:46:59.593545,prediction,0.454183,0.762000,0.315791,0.441412,0.768836,0.329413,True,0.073702,0.657482,0.244099,0.367711,0.111354,0.085313,0.00,10,-0.182357,0.957605,0.643354,0.073301,0.021378,0.201142,0.000000,0.078096,0.072857,-0.150640,-0.357980,0.347189,-0.042752,-0.043968,0.037344,LEADER
1786355219629498831,2026-08-10T16:46:59.629518,prediction,0.454825,0.754000,0.313832,0.444031,0.768114,0.326743,True,0.070657,0.658786,0.238449,0.373373,0.109328,0.088295,0.00,10,-0.182357,0.957605,0.643354,0.075045,0.023122,0.198525,0.000000,0.083335,0.075477,-0.145880,-0.354900,0.343205,-0.041088,-0.043040,0.035744,LEADER
1786355219662554669,2026-08-10T16:46:59.662573,prediction,0.453541,0.770000,0.310067,0.446113,0.767543,0.324095,True,0.067604,0.660094,0.232780,0.378510,0.107449,0.091315,0.00,10,-0.177684,0.959607,0.634680,0.075045,0.025742,0.198964,0.002609,0.078096,0.072857,-0.117740,-0.362320,0.341628,-0.038624,-0.041248,0.038752,LEADER
1786355219694155836,2026-08-10T16:46:59.694178,prediction,0.453541,0.770000,0.310067,0.446113,0.767543,0.324095,True,0.064542,0.661405,0.227098,0.381571,0.106138,0.096997,0.00,10,-0.177684,0.959607,0.634680,0.073738,0.027487,0.200711,0.000000,0.080716,0.075477,-0.127400,-0.354900,0.353663,-0.036864,-0.040256,0.037120,LEADER
1786355219727783139,2026-08-10T16:46:59.727800,prediction,0.454504,0.758000,0.313529,0.447963,0.767002,0.321641,True,0.061476,0.662718,0.221406,0.386486,0.104284,0.100235,0.00,10,-0.173044,0.961594,0.626067,0.075045,0.030976,0.200711,0.000000,0.078096,0.072426,-0.110880,-0.373800,0.347521,-0.034464,-0.044032,0.039744,LEADER
1786355219761576267,2026-08-10T16:46:59.761616,prediction,0.454504,0.758000,0.313529,0.449555,0.766254,0.320000,True,0.058408,0.664032,0.215710,0.391148,0.102222,0.104290,0.00,10,-0.173044,0.961594,0.626067,0.071994,0.032720,0.198964,0.000000,0.080716,0.072857,-0.142800,-0.367640,0.356236,-0.033408,-0.043584,0.037408,LEADER
1786355219794398302,2026-08-10T16:46:59.794416,prediction,0.454183,0.762000,0.313226,0.450970,0.765464,0.318697,True,0.055339,0.665346,0.210015,0.395631,0.100118,0.108682,0.00,10,-0.168402,0.963582,0.617451,0.075045,0.034034,0.198964,0.000000,0.080716,0.075477,-0.122080,-0.349300,0.361050,-0.030400,-0.040128,0.037920,LEADER
1786355219827024955,2026-08-10T16:46:59.827043,prediction,0.454504,0.758000,0.313529,0.452035,0.764666,0.317373,True,0.052273,0.666659,0.204323,0.399761,0.098007,0.113049,0.00,10,-0.168402,0.963582,0.617451,0.075045,0.037523,0.198964,0.002609,0.080716,0.072426,-0.140980,-0.359800,0.354078,-0.028000,-0.044864,0.035360,LEADER
1786355219860956305,2026-08-10T16:46:59.860972,prediction,0.453862,0.766000,0.312923,0.452809,0.763920,0.316795,True,0.049212,0.667970,0.198641,0.403597,0.095950,0.118153,0.00,10,-0.163770,0.965566,0.608853,0.075045,0.039267,0.200711,0.000000,0.078096,0.072857,-0.120260,-0.350840,0.352999,-0.026112,-0.042144,0.039360,LEADER
1786355219893862340,2026-08-10T16:46:59.893878,prediction,0.454183,0.762000,0.313226,0.453417,0.762757,0.316215,True,0.046158,0.669278,0.192972,0.407258,0.093479,0.123242,0.00,10,-0.163770,0.965566,0.608853,0.073738,0.042318,0.200711,0.000000,0.081158,0.072426,-0.140700,-0.376320,0.355738,-0.025888,-0.040256,0.040192,LEADER
1786355219927543294,2026-08-10T16:46:59.927560,prediction,0.453862,0.766000,0.312923,0.453778,0.761725,0.315554,True,0.043114,0.670582,0.187322,0.410664,0.091143,0.128233,0.00,10,-0.159148,0.967546,0.600273,0.071994,0.040574,0.201142,0.000000,0.078096,0.072857,-0.156520,-0.357980,0.345446,-0.024224,-0.042688,0.039520,LEADER
1786355219960371070,2026-08-10T16:46:59.960388,prediction,0.454183,0.762000,0.313226,0.453969,0.761092,0.314892,True,0.040082,0.671880,0.181693,0.413887,0.089211,0.133199,0.00,10,-0.159148,0.967546,0.600273,0.075045,0.044069,0.200711,0.002609,0.078538,0.072426,-0.117180,-0.364140,0.358145,-0.023328,-0.046976,0.036736,LEADER
1786355219994366251,2026-08-10T16:46:59.994383,prediction,0.454183,0.762000,0.313226,0.454119,0.760752,0.314357,True,0.037065,0.673173,0.176092,0.417055,0.087579,0.138265,0.00,10,-0.154489,0.969541,0.591624,0.073738,0.047120,0.200711,0.000000,0.078096,0.072857,-0.135380,-0.385000,0.352169,-0.021376,-0.043744,0.040416,LEADER
1786355220027371673,2026-08-10T16:47:00.027392,prediction,0.454504,0.758000,0.313529,0.454311,0.760684,0.314036,True,0.034064,0.674458,0.170522,0.420247,0.086226,0.143513,0.00,10,-0.154489,0.969541,0.591624,0.075045,0.047558,0.198964,0.000000,0.078096,0.072857,-0.117740,-0.392980,0.367109,-0.020992,-0.040032,0.041536,LEADER
1786355220060971974,2026-08-10T16:47:00.060994,prediction,0.453862,0.766000,0.312923,0.454290,0.760670,0.313673,True,0.031082,0.675735,0.164988,0.423207,0.084935,0.148685,0.00,10,-0.149832,0.971536,0.582980,0.071994,0.049303,0.200711,0.000000,0.080716,0.072426,-0.142240,-0.371560,0.347687,-0.020160,-0.043040,0.034560,LEADER
1786355220094560333,2026-08-10T16:47:00.094593,prediction,0.454183,0.762000,0.313226,0.454204,0.760667,0.313247,True,0.028123,0.677002,0.159494,0.426082,0.083665,0.153753,0.00,10,-0.149832,0.971536,0.582980,0.075483,0.050609,0.201142,0.000000,0.080716,0.072857,-0.101360,-0.368200,0.350924,-0.019712,-0.041024,0.037856,LEADER
1786355220127688247,2026-08-10T16:47:00.127710,prediction,0.453862,0.766000,0.312923,0.454183,0.760880,0.313056,True,0.025187,0.678260,0.154044,0.428996,0.082620,0.159012,0.00,10,-0.145218,0.973512,0.574415,0.073738,0.054105,0.198525,0.000000,0.080716,0.072857,-0.126420,-0.376880,0.355074,-0.019424,-0.041984,0.039072,LEADER
1786355220162207873,2026-08-10T16:47:00.162221,prediction,0.454183,0.762000,0.313226,0.454140,0.761349,0.313015,True,0.022277,0.679506,0.148642,0.431863,0.081843,0.164373,0.00,10,-0.145218,0.973512,0.574415,0.073301,0.054105,0.200711,0.000000,0.078096,0.072857,-0.105280,-0.358960,0.354244,-0.019712,-0.044640,0.036576,LEADER
1786355220193909900,2026-08-10T16:47:00.193930,prediction,0.454183,0.762000,0.315791,0.454183,0.761443,0.313397,True,0.019395,0.680740,0.143293,0.434788,0.080703,0.170103,0.00,10,-0.140542,0.975515,0.565735,0.069812,0.055412,0.200711,0.000000,0.080716,0.070249,-0.136920,-0.366100,0.345612,-0.019264,-0.039072,0.037696,LEADER
1786355220227968682,2026-08-10T16:47:00.227987,prediction,0.454825,0.754000,0.316411,0.454204,0.761675,0.313589,True,0.016544,0.681961,0.138002,0.437660,0.079714,0.175587,0.00,10,-0.140542,0.975515,0.565735,0.071556,0.058901,0.198964,0.000000,0.080716,0.070249,-0.124600,-0.364560,0.356485,-0.019424,-0.039136,0.035840,LEADER
1786355220261598789,2026-08-10T16:47:00.261619,prediction,0.454504,0.758000,0.316101,0.454204,0.761722,0.313760,True,0.013726,0.683168,0.132770,0.440478,0.078554,0.180990,0.00,10,-0.135893,0.977506,0.557106,0.071994,0.058901,0.200711,0.000000,0.080716,0.072857,-0.117740,-0.360220,0.348683,-0.019424,-0.040416,0.038688,LEADER
1786355220293841623,2026-08-10T16:47:00.293854,prediction,0.455467,0.746000,0.319623,0.454290,0.761518,0.314187,True,0.010943,0.684360,0.127604,0.443347,0.077158,0.186583,0.00,10,-0.135893,0.977506,0.557106,0.070243,0.060207,0.202889,0.000000,0.078096,0.072426,-0.138880,-0.355880,0.353497,-0.019264,-0.043648,0.037696,LEADER
1786355220329105241,2026-08-10T16:47:00.329156,prediction,0.455146,0.750000,0.319306,0.454333,0.761050,0.314572,True,0.008197,0.685536,0.122506,0.446136,0.075514,0.192066,0.00,10,-0.135893,0.977506,0.557106,0.071994,0.061958,0.198964,0.000000,0.078096,0.069807,-0.129500,-0.354900,0.366943,-0.019552,-0.041024,0.038912,LEADER
1786355220360339772,2026-08-10T16:47:00.360381,prediction,0.455146,0.750000,0.319306,0.454418,0.760317,0.314998,True,0.005490,0.686695,0.117481,0.448929,0.073621,0.197517,0.00,10,-0.129998,0.980030,0.546164,0.071994,0.061958,0.201142,0.000000,0.080716,0.070249,-0.142240,-0.340060,0.361963,-0.019872,-0.040256,0.037184,LEADER
1786355220394360922,2026-08-10T16:47:00.394389,prediction,0.455146,0.750000,0.319306,0.454482,0.759530,0.315403,True,0.002823,0.687837,0.112532,0.451659,0.071693,0.202871,0.00,10,-0.126591,0.981490,0.539838,0.071994,0.065447,0.198964,0.000000,0.078096,0.069807,-0.108500,-0.380660,0.361797,-0.019872,-0.046656,0.039360,LEADER
1786355220427404886,2026-08-10T16:47:00.427439,prediction,0.455146,0.750000,0.319306,0.454568,0.758519,0.315829,True,0.000200,0.688961,0.107662,0.454368,0.069559,0.208166,0.00,10,-0.126591,0.981490,0.539838,0.071994,0.068498,0.200711,0.002609,0.080716,0.072857,-0.125440,-0.366660,0.356485,-0.020160,-0.040864,0.037792,LEADER
1786355220461199597,2026-08-10T16:47:00.461238,prediction,0.454825,0.754000,0.318990,0.454611,0.757677,0.316213,True,-0.002378,0.690065,0.102876,0.456989,0.067612,0.213337,0.00,10,-0.121952,0.983476,0.531227,0.073301,0.068498,0.200711,0.000000,0.080716,0.070249,-0.097860,-0.375620,0.355240,-0.020320,-0.039904,0.037856,LEADER
1786355220495617109,2026-08-10T16:47:00.495661,prediction,0.455146,0.750000,0.319306,0.454675,0.756869,0.316618,True,-0.004910,0.691149,0.098177,0.459585,0.065720,0.218442,0.00,10,-0.121952,0.983476,0.531227,0.071994,0.070243,0.200711,0.000000,0.078538,0.072426,-0.136920,-0.374780,0.357315,-0.020928,-0.043424,0.039968,LEADER
1786355220529252927,2026-08-10T16:47:00.529278,prediction,0.455146,0.750000,0.319306,0.454718,0.756067,0.317003,True,-0.007394,0.692213,0.093567,0.462111,0.063854,0.223437,0.00,10,-0.117300,0.985469,0.522592,0.071994,0.071994,0.200711,0.000000,0.080716,0.069807,-0.120260,-0.368480,0.353663,-0.021376,-0.038464,0.038400,LEADER
1786355220561243062,2026-08-10T16:47:00.561286,prediction,0.455146,0.750000,0.319306,0.454803,0.755267,0.317429,True,-0.009827,0.693255,0.089050,0.464630,0.062012,0.228379,0.00,10,-0.117300,0.985469,0.522592,0.070243,0.073738,0.200711,0.000000,0.080716,0.069807,-0.145880,-0.360780,0.359058,-0.021376,-0.040128,0.038400,LEADER
1786355220594695241,2026-08-10T16:47:00.594737,prediction,0.455146,0.750000,0.319306,0.454868,0.754467,0.317834,True,-0.012208,0.694275,0.084630,0.467076,0.060192,0.233205,0.00,10,-0.112658,0.987456,0.513976,0.070243,0.075045,0.198964,0.000000,0.078096,0.070249,-0.134540,-0.382200,0.356983,-0.021504,-0.041024,0.037920,LEADER
1786355220628020200,2026-08-10T16:47:00.628060,prediction,0.455146,0.750000,0.319306,0.454953,0.753453,0.318260,True,-0.014536,0.695272,0.080308,0.469490,0.058182,0.237952,0.00,10,-0.112658,0.987456,0.513976,0.071556,0.076790,0.200711,0.000000,0.080716,0.070249,-0.142800,-0.376600,0.374662,-0.021824,-0.041696,0.038848,LEADER
1786355220661083611,2026-08-10T16:47:00.661135,prediction,0.454504,0.758000,0.316101,0.454975,0.752611,0.318452,True,-0.016810,0.696245,0.076088,0.471784,0.056365,0.242364,0.00,10,-0.107985,0.989458,0.505301,0.070243,0.078534,0.200711,0.000000,0.081158,0.072857,-0.135380,-0.364840,0.357647,-0.022112,-0.039584,0.038624,LEADER
1786355220694419951,2026-08-10T16:47:00.694480,prediction,0.455146,0.750000,0.319306,0.455039,0.751802,0.318686,True,-0.019027,0.697195,0.071973,0.474066,0.054607,0.246713,0.00,10,-0.107985,0.989458,0.505301,0.071994,0.078534,0.200711,0.000000,0.078096,0.069807,-0.123060,-0.358260,0.356817,-0.022560,-0.043584,0.037184,LEADER
1786355220727604924,2026-08-10T16:47:00.727689,prediction,0.455788,0.742000,0.319939,0.455103,0.751000,0.318921,True,-0.021186,0.698120,0.067964,0.476289,0.052881,0.250957,0.00,10,-0.103382,0.991429,0.496757,0.068498,0.081592,0.200711,0.000000,0.080716,0.070249,-0.141540,-0.372820,0.356651,-0.022720,-0.043200,0.038240,LEADER
1786355220760421617,2026-08-10T16:47:00.760439,prediction,0.455146,0.750000,0.316721,0.455146,0.750413,0.318962,True,-0.023287,0.699019,0.064065,0.478433,0.051394,0.254898,0.00,10,-0.103382,0.991429,0.496757,0.071994,0.083336,0.200711,0.000000,0.080716,0.069807,-0.105000,-0.389340,0.368105,-0.022880,-0.040256,0.039296,LEADER
1786355220794575630,2026-08-10T16:47:00.794651,prediction,0.453508,0.738000,0.320255,0.455015,0.749656,0.319005,True,-0.025328,0.699893,0.060276,0.480343,0.049763,0.258728,0.00,10,-0.098722,0.993425,0.488108,0.070243,0.086825,0.200711,0.000000,0.080716,0.072426,-0.130200,-0.390180,0.361299,-0.022880,-0.038400,0.035136,LEADER
1786355220827844772,2026-08-10T16:47:00.827902,prediction,0.453508,0.738000,0.320255,0.454906,0.748865,0.319068,True,-0.027307,0.700741,0.056602,0.482213,0.048123,0.262466,0.00,10,-0.098722,0.993425,0.488108,0.070243,0.085081,0.198964,0.000000,0.080716,0.067188,-0.118020,-0.383040,0.377899,-0.023328,-0.043968,0.038848,LEADER
1786355220860052599,2026-08-10T16:47:00.860066,prediction,0.453823,0.734000,0.320572,0.454818,0.748066,0.319152,True,-0.029225,0.701562,0.053042,0.484043,0.046504,0.266110,0.00,10,-0.094071,0.995417,0.479474,0.068936,0.086825,0.200711,0.000000,0.080716,0.069807,-0.121800,-0.380940,0.356651,-0.023488,-0.040704,0.037696,LEADER
1786355220893424497,2026-08-10T16:47:00.893442,prediction,0.453508,0.738000,0.320255,0.454709,0.747267,0.319215,True,-0.031079,0.702356,0.049600,0.485788,0.044910,0.269615,0.00,10,-0.094071,0.995417,0.479474,0.068498,0.088139,0.200711,0.000000,0.078096,0.069807,-0.131320,-0.369740,0.358643,-0.023488,-0.042976,0.038400,LEADER
1786355220927800550,2026-08-10T16:47:00.927817,prediction,0.452880,0.746000,0.317031,0.454558,0.746467,0.319064,True,-0.032870,0.703123,0.046276,0.487428,0.043343,0.272788,0.00,10,-0.089404,0.997415,0.470811,0.071994,0.088139,0.200711,0.000000,0.080716,0.070249,-0.098840,-0.376880,0.363291,-0.023488,-0.041312,0.036192,LEADER
1786355220960426422,2026-08-10T16:47:00.960445,prediction,0.452565,0.750000,0.316721,0.454407,0.746093,0.318913,True,-0.034596,0.703863,0.043072,0.489003,0.042231,0.275841,0.00,10,-0.089404,0.997415,0.470811,0.068498,0.089883,0.198964,0.000000,0.081158,0.070249,-0.133280,-0.354620,0.366777,-0.023712,-0.041536,0.036192,LEADER
1786355220993595424,2026-08-10T16:47:00.993615,prediction,0.452565,0.750000,0.316721,0.454235,0.746019,0.318740,True,-0.036257,0.704574,0.039988,0.490492,0.041445,0.278752,0.00,10,-0.084774,0.999398,0.462216,0.070243,0.091190,0.200711,0.000000,0.080716,0.070249,-0.114380,-0.378140,0.357979,-0.023616,-0.039808,0.036192,LEADER
1786355221027055458,2026-08-10T16:47:01.027075,prediction,0.452565,0.750000,0.316721,0.454063,0.746004,0.318568,True,-0.037853,0.705257,0.037027,0.491916,0.040746,0.281541,0.00,10,-0.084774,0.999398,0.462216,0.068498,0.091628,0.198525,0.000000,0.078096,0.067188,-0.135660,-0.358960,0.375492,-0.023776,-0.040864,0.040256,LEADER
1786355221060410552,2026-08-10T16:47:01.060428,prediction,0.452565,0.750000,0.316721,0.453891,0.746001,0.318395,True,-0.039382,0.705912,0.034188,0.493273,0.040088,0.284208,0.00,10,-0.080114,1.001394,0.453566,0.068936,0.093372,0.200711,0.000000,0.080716,0.069807,-0.144760,-0.373800,0.354244,-0.023616,-0.045984,0.036576,LEADER
1786355221093787919,2026-08-10T16:47:01.093804,prediction,0.453194,0.742000,0.317340,0.453761,0.746000,0.318264,True,-0.040846,0.706539,0.031472,0.494606,0.039461,0.286793,0.00,10,-0.080114,1.001394,0.453566,0.070243,0.094679,0.198964,0.000000,0.081158,0.067629,-0.119560,-0.381920,0.360884,-0.023328,-0.040256,0.037792,LEADER
1786355221127955316,2026-08-10T16:47:01.127970,prediction,0.451216,0.734000,0.320572,0.453499,0.745573,0.318349,True,-0.042242,0.707137,0.028879,0.495741,0.038436,0.289470,0.00,10,-0.075482,1.003378,0.444967,0.068498,0.097736,0.193291,0.000000,0.080716,0.070249,-0.126420,-0.361060,0.358145,-0.019936,-0.040864,0.040128,LEADER
1786355221160295734,2026-08-10T16:47:01.160312,prediction,0.451523,0.730000,0.320888,0.453300,0.744635,0.318668,True,-0.043572,0.707707,0.026410,0.496872,0.036928,0.292258,0.00,10,-0.075482,1.003378,0.444967,0.068498,0.099919,0.189804,0.002609,0.078538,0.069807,-0.116480,-0.384020,0.344782,-0.018656,-0.043648,0.037792,LEADER
1786355221193597447,2026-08-10T16:47:01.193614,prediction,0.451523,0.730000,0.320888,0.453058,0.743380,0.318773,True,-0.044836,0.708248,0.024064,0.497894,0.035132,0.294709,0.00,10,-0.070815,1.005377,0.436304,0.066754,0.096423,0.146606,0.003051,0.081158,0.067188,-0.129500,-0.359240,0.320546,-0.013696,-0.040256,0.036352,LEADER
1786355221227212846,2026-08-10T16:47:01.227232,prediction,0.452216,0.721000,0.321600,0.452820,0.742063,0.318884,True,-0.046033,0.708761,0.021842,0.498854,0.033302,0.297042,0.00,10,-0.070815,1.005377,0.436304,0.068936,0.098174,0.126531,0.000000,0.078096,0.067188,-0.117460,-0.356440,0.317973,-0.013376,-0.041760,0.037568,LEADER
1786355221260406815,2026-08-10T16:47:01.260432,prediction,0.453823,0.734000,0.317960,0.452732,0.740733,0.318967,True,-0.047165,0.709245,0.019742,0.499897,0.031487,0.299225,0.00,10,-0.066172,1.007365,0.427686,0.066754,0.099919,0.076351,0.002609,0.078096,0.067629,-0.119560,-0.363860,0.291496,-0.013248,-0.045600,0.039200,LEADER
1786355221294478610,2026-08-10T16:47:01.294500,prediction,0.453508,0.738000,0.317650,0.452732,0.740040,0.318793,True,-0.048231,0.709702,0.017763,0.500963,0.030338,0.301030,0.00,10,-0.066172,1.007365,0.427686,0.068498,0.101225,0.061079,0.000000,0.078096,0.067188,-0.122360,-0.369740,0.278050,-0.013088,-0.044704,0.039360,LEADER
1786355221327014870,2026-08-10T16:47:01.327039,prediction,0.454137,0.730000,0.318270,0.452774,0.739688,0.318661,True,-0.049231,0.710130,0.015905,0.502005,0.029558,0.302755,0.00,10,-0.061510,1.009362,0.419032,0.066754,0.101225,0.020506,0.000000,0.078096,0.067188,-0.119280,-0.379960,0.273734,-0.013376,-0.040640,0.035072,LEADER
1786355221360412015,2026-08-10T16:47:01.360428,prediction,0.452216,0.721000,0.321600,0.452667,0.739191,0.318729,True,-0.050168,0.710531,0.014167,0.502835,0.028659,0.304562,0.00,10,-0.061510,1.009362,0.419032,0.067192,0.102970,0.003926,0.000000,0.080716,0.067188,-0.136080,-0.392420,0.154629,-0.013824,-0.039744,0.037792,LEADER
1786355221393759816,2026-08-10T16:47:01.393778,prediction,0.452216,0.721000,0.321600,0.452581,0.738185,0.318819,True,-0.051041,0.710905,0.012546,0.503622,0.027279,0.306273,0.00,10,-0.056860,1.011353,0.410401,0.067192,0.099481,0.034900,0.000000,0.078096,0.065010,-0.121520,-0.382480,0.084660,-0.016768,-0.045696,0.040128,LEADER
1786355221427477999,2026-08-10T16:47:01.427496,prediction,0.452524,0.717000,0.321916,0.452557,0.737077,0.319145,True,-0.051852,0.711253,0.011042,0.504409,0.025824,0.308103,0.00,10,-0.056860,1.011353,0.410401,0.067192,0.104714,0.050172,0.000000,0.078538,0.067629,-0.138880,-0.382200,0.082253,-0.022048,-0.044096,0.034304,LEADER
1786355221460247202,2026-08-10T16:47:01.460265,prediction,0.453447,0.705000,0.328185,0.452616,0.735309,0.319909,True,-0.052601,0.711573,0.009651,0.505217,0.023735,0.310258,0.00,10,-0.052242,1.013331,0.401828,0.068498,0.107772,0.050172,0.000000,0.080716,0.064568,-0.104720,-0.381220,0.091881,-0.023488,-0.037792,0.037120,LEADER
1786355221493471287,2026-08-10T16:47:01.493495,prediction,0.450491,0.709000,0.327856,0.452478,0.732768,0.320651,True,-0.053290,0.711869,0.008371,0.505768,0.020900,0.312280,0.00,10,-0.052242,1.013331,0.401828,0.065447,0.108210,0.046685,0.000000,0.081158,0.067629,-0.135660,-0.368200,0.100430,-0.024768,-0.045088,0.036352,LEADER
1786355221526889823,2026-08-10T16:47:01.526908,prediction,0.450792,0.705000,0.328185,0.452359,0.729860,0.321415,True,-0.053921,0.712139,0.007201,0.506280,0.017722,0.314214,0.00,10,-0.047608,1.015315,0.393226,0.065447,0.110823,0.042759,0.000000,0.083766,0.067629,-0.128520,-0.389340,0.098936,-0.025664,-0.040256,0.037472,LEADER
1786355221560741129,2026-08-10T16:47:01.560764,prediction,0.450491,0.709000,0.327856,0.452221,0.727092,0.322158,True,-0.054494,0.712384,0.006137,0.506715,0.014708,0.316021,0.00,10,-0.047608,1.015315,0.393226,0.067192,0.111261,0.041012,0.000000,0.080716,0.067188,-0.113120,-0.397040,0.099434,-0.026720,-0.042464,0.036128,LEADER
1786355221593632083,2026-08-10T16:47:01.593648,prediction,0.450491,0.709000,0.327856,0.452041,0.724352,0.322859,True,-0.055012,0.712606,0.005176,0.507053,0.011746,0.317683,0.00,10,-0.043137,1.017230,0.384928,0.066754,0.112568,0.037086,0.000000,0.078096,0.064568,-0.113680,-0.401940,0.094952,-0.027456,-0.045152,0.036192,LEADER
1786355221627194321,2026-08-10T16:47:01.627225,prediction,0.450491,0.709000,0.327856,0.451993,0.722044,0.323344,True,-0.055476,0.712805,0.004314,0.507469,0.009239,0.319031,0.00,10,-0.043137,1.017230,0.384928,0.066754,0.112568,0.035339,0.000000,0.080716,0.067188,-0.091140,-0.401940,0.098770,-0.028672,-0.040256,0.034688,LEADER
1786355221660392527,2026-08-10T16:47:01.660410,prediction,0.450792,0.705000,0.328185,0.451944,0.720249,0.323831,True,-0.055889,0.712982,0.003547,0.507833,0.007267,0.320284,0.00,10,-0.039546,1.018768,0.378261,0.067192,0.116063,0.031413,0.000000,0.078096,0.064568,-0.118300,-0.405720,0.107651,-0.029280,-0.043424,0.039808,LEADER
1786355221693706794,2026-08-10T16:47:01.693726,prediction,0.449095,0.692000,0.331938,0.451782,0.718556,0.324568,True,-0.056253,0.713137,0.002872,0.508034,0.005419,0.321695,0.00,10,-0.039546,1.018768,0.378261,0.068498,0.116063,0.029666,0.000000,0.080716,0.067188,-0.107800,-0.374360,0.101675,-0.029888,-0.044320,0.034624,LEADER
1786355221727777698,2026-08-10T16:47:01.727801,prediction,0.449389,0.688000,0.332274,0.451593,0.716191,0.325279,True,-0.056569,0.713273,0.002285,0.508163,0.002918,0.322994,0.00,10,-0.036948,1.019881,0.373439,0.065010,0.116063,0.027919,0.000000,0.078096,0.065010,-0.127680,-0.395220,0.097359,-0.030176,-0.045376,0.036960,LEADER
1786355221760884711,2026-08-10T16:47:01.760909,prediction,0.446418,0.692000,0.331938,0.451100,0.713692,0.326211,True,-0.056841,0.713389,0.001780,0.507941,0.000302,0.324431,0.00,10,-0.036948,1.019881,0.373439,0.066754,0.116063,0.026179,0.000000,0.080716,0.065010,-0.127680,-0.379400,0.101841,-0.031392,-0.041856,0.036192,LEADER
1786355221793514309,2026-08-10T16:47:01.793530,prediction,0.447066,0.683000,0.332694,0.450670,0.710738,0.327214,True,-0.057072,0.713488,0.001352,0.507742,0.002750,0.325862,0.00,10,-0.035286,1.020592,0.370355,0.066754,0.117808,0.022246,0.000000,0.081158,0.067629,-0.097300,-0.386820,0.104082,-0.032128,-0.040640,0.035232,LEADER
1786355221826956639,2026-08-10T16:47:01.826971,prediction,0.446706,0.688000,0.332274,0.450175,0.707694,0.328148,True,-0.057263,0.713570,0.000997,0.507438,0.005876,0.327151,0.00,10,-0.035286,1.020592,0.370355,0.063703,0.115626,0.018759,0.000000,0.080716,0.065010,-0.119560,-0.411320,0.107651,-0.033792,-0.045088,0.035232,LEADER
1786355221860196846,2026-08-10T16:47:01.860210,prediction,0.447642,0.675000,0.333367,0.449870,0.704579,0.328932,True,-0.057419,0.713637,0.000708,0.507289,0.009058,0.328224,0.00,10,-0.034663,1.020859,0.369198,0.061958,0.112568,0.016580,0.000000,0.080716,0.061949,-0.102900,-0.426160,0.113876,-0.034688,-0.041856,0.035744,LEADER
1786355221893443674,2026-08-10T16:47:01.893458,prediction,0.447642,0.675000,0.333367,0.449565,0.701502,0.329716,True,-0.057542,0.713689,0.000479,0.507107,0.012187,0.329237,0.00,10,-0.034663,1.020859,0.369198,0.057156,0.107772,0.012647,0.000000,0.078096,0.056721,-0.108780,-0.434840,0.123006,-0.036352,-0.040352,0.034464,LEADER
1786355221926761959,2026-08-10T16:47:01.926779,prediction,0.447354,0.679000,0.333031,0.449221,0.698434,0.330457,True,-0.057636,0.713730,0.000305,0.506856,0.015296,0.330152,0.00,10,-0.035092,1.020675,0.369995,0.053667,0.101225,0.009599,0.000000,0.078096,0.053659,-0.097860,-0.414120,0.121429,-0.037568,-0.046880,0.035360,LEADER
1786355221960342882,2026-08-10T16:47:01.960358,prediction,0.447066,0.683000,0.329998,0.448795,0.695793,0.330578,True,-0.057704,0.713759,0.000179,0.506499,0.017965,0.330400,0.00,10,-0.035092,1.020675,0.369995,0.050609,0.091628,0.007413,0.000000,0.080716,0.048432,-0.076160,-0.430500,0.114706,-0.039520,-0.041536,0.034464,LEADER
1786355221993697586,2026-08-10T16:47:01.993721,prediction,0.447354,0.679000,0.330328,0.448586,0.693665,0.330743,True,-0.057750,0.713779,0.000092,0.506336,0.020113,0.330651,0.00,10,-0.034505,1.020927,0.368904,0.044069,0.084643,0.005666,0.000000,0.078096,0.045812,-0.097300,-0.453180,0.115536,-0.040576,-0.042752,0.031744,LEADER
1786355222029258918,2026-08-10T16:47:02.029274,prediction,0.447642,0.675000,0.330657,0.448376,0.691853,0.330908,True,-0.057779,0.713791,0.000039,0.506155,0.021938,0.330868,0.00,10,-0.034505,1.020927,0.368904,0.036209,0.070243,0.003926,0.000000,0.078096,0.034903,-0.087360,-0.450660,0.112465,-0.042368,-0.043744,0.032000,LEADER
1786355222060563079,2026-08-10T16:47:02.060589,prediction,0.448290,0.666000,0.328675,0.448229,0.689677,0.330962,True,-0.057794,0.713797,0.000012,0.506023,0.024120,0.330951,0.00,10,-0.034987,1.020721,0.369799,0.030976,0.061958,0.003487,0.000000,0.081158,0.032284,-0.094780,-0.489440,0.113710,-0.043136,-0.044256,0.032448,LEADER
1786355222094954951,2026-08-10T16:47:02.094978,prediction,0.448290,0.666000,0.328675,0.448083,0.686949,0.331017,True,-0.057799,0.713800,0.000001,0.505882,0.026851,0.331016,0.00,10,-0.034987,1.020721,0.369799,0.025742,0.047558,0.001740,0.000000,0.080716,0.027045,-0.073080,-0.469000,0.110058,-0.044192,-0.041984,0.031520,LEADER
1786355222127144662,2026-08-10T16:47:02.127162,prediction,0.447354,0.679000,0.322219,0.447874,0.684110,0.330641,True,-0.057800,0.713800,0.000000,0.505674,0.029690,0.330641,0.00,10,-0.034462,1.020945,0.368825,0.019634,0.036209,0.001740,0.000000,0.080716,0.016579,-0.063140,-0.504980,0.107817,-0.044640,-0.041760,0.031296,LEADER
1786355222161553987,2026-08-10T16:47:02.161616,prediction,0.447642,0.675000,0.319820,0.447664,0.681729,0.330084,True,-0.057800,0.713800,0.000000,0.505464,0.032071,0.330084,0.00,10,-0.034462,1.020945,0.368825,0.013087,0.024867,0.002178,0.000000,0.080716,0.013517,-0.071540,-0.489440,0.109228,-0.044256,-0.045312,0.029888,LEADER
1786355222195940969,2026-08-10T16:47:02.195958,prediction,0.448650,0.661000,0.315416,0.447634,0.679652,0.328982,True,-0.057800,0.713800,0.000000,0.505434,0.034148,0.328982,0.00,10,-0.034954,1.020735,0.369738,0.008285,0.016138,0.001740,0.000000,0.080716,0.007847,-0.076860,-0.478240,0.109228,-0.043968,-0.041984,0.031392,LEADER
1786355222228138255,2026-08-10T16:47:02.228152,prediction,0.450234,0.639000,0.311473,0.447690,0.677584,0.327595,True,-0.057800,0.713800,0.000000,0.505490,0.036216,0.327595,0.00,10,-0.034954,1.020735,0.369738,0.003489,0.010029,0.000000,0.000000,0.081158,0.005228,-0.086100,-0.503720,0.110058,-0.044032,-0.042976,0.030560,LEADER
1786355222260229580,2026-08-10T16:47:02.260246,prediction,0.452250,0.611000,0.307780,0.448079,0.674343,0.325985,True,-0.057800,0.713800,0.000000,0.505879,0.039457,0.325985,0.00,10,-0.034414,1.020966,0.368736,0.003489,0.004796,0.002178,0.000000,0.078096,0.003051,-0.094780,-0.506520,0.102505,-0.043968,-0.049440,0.029888,LEADER
1786355222293781047,2026-08-10T16:47:02.293799,prediction,0.452040,0.652000,0.277605,0.448411,0.671082,0.322312,True,-0.057800,0.713800,0.000000,0.506211,0.042718,0.322312,0.00,10,-0.034414,1.020966,0.368736,0.001744,0.003051,0.000000,0.000000,0.083335,0.000000,-0.097300,-0.500640,0.104082,-0.042592,-0.041696,0.029440,LEADER
1786355222327170015,2026-08-10T16:47:02.327194,prediction,0.450715,0.670000,0.257693,0.448678,0.668510,0.317340,True,-0.057800,0.713800,0.000000,0.506478,0.045290,0.317340,0.00,10,-0.034906,1.020755,0.369648,0.001744,0.000000,0.001740,0.000000,0.078096,0.002609,-0.099820,-0.490000,0.105244,-0.041088,-0.047488,0.028512,LEADER
1786355222360248964,2026-08-10T16:47:02.360269,prediction,0.454406,0.657000,0.239010,0.449129,0.666609,0.311050,True,-0.057800,0.713800,0.000000,0.506929,0.047191,0.311050,0.00,10,-0.034906,1.020755,0.369648,0.000000,0.000000,0.000000,0.000000,0.080716,0.000000,-0.092260,-0.475720,0.112797,-0.040352,-0.046752,0.030112,LEADER
1786355222393474081,2026-08-10T16:47:02.393489,prediction,0.456140,0.670000,0.216928,0.449695,0.665962,0.303287,True,-0.057800,0.713800,0.000000,0.507495,0.047838,0.303287,0.00,10,-0.034367,1.020986,0.368648,0.001744,0.000000,0.000000,0.000000,0.080716,0.000000,-0.095480,-0.475720,0.119354,-0.040640,-0.042912,0.030336,LEADER
1786355222427763178,2026-08-10T16:47:02.427810,prediction,0.459559,0.661000,0.197917,0.450509,0.665086,0.294280,True,-0.057800,0.713800,0.000000,0.508309,0.048714,0.294280,0.00,10,-0.034367,1.020986,0.368648,0.000000,0.000000,0.000000,0.000000,0.078096,0.000000,-0.106260,-0.472360,0.118856,-0.040352,-0.043744,0.029504,LEADER
1786355222460257968,2026-08-10T16:47:02.460279,prediction,0.464052,0.639000,0.189643,0.451641,0.663950,0.284923,True,-0.057800,0.713800,0.000000,0.509441,0.049850,0.284923,0.00,10,-0.034860,1.020775,0.369563,0.001744,0.000000,0.000000,0.000000,0.078096,0.000000,-0.106260,-0.467040,0.115370,-0.039744,-0.044320,0.028288,LEADER
1786355222493710747,2026-08-10T16:47:02.493736,prediction,0.465576,0.620000,0.175575,0.452856,0.661590,0.274606,True,-0.057800,0.713800,0.000000,0.510656,0.052210,0.274606,0.00,10,-0.034860,1.020775,0.369563,0.000000,0.000000,0.000000,0.000000,0.078096,0.000000,-0.096320,-0.463400,0.119354,-0.039424,-0.047264,0.029120,LEADER
1786355222527000317,2026-08-10T16:47:02.527021,prediction,0.467823,0.592000,0.166706,0.454201,0.657971,0.263676,True,-0.057800,0.713800,0.000000,0.512001,0.055829,0.263676,0.00,10,-0.034314,1.021008,0.368551,0.000000,0.000000,0.000000,0.000000,0.081158,0.000000,-0.090160,-0.464940,0.127986,-0.039424,-0.043584,0.030400,LEADER
1786355222560254829,2026-08-10T16:47:02.560276,prediction,0.472335,0.606000,0.135883,0.455804,0.653568,0.250823,True,-0.057800,0.713800,0.000000,0.513604,0.060232,0.250823,0.00,10,-0.034314,1.021008,0.368551,0.000000,0.000000,0.000000,0.000000,0.080716,0.000000,-0.104720,-0.459060,0.128484,-0.039296,-0.041184,0.029056,LEADER
1786355222593530252,2026-08-10T16:47:02.593548,prediction,0.479187,0.592000,0.104082,0.457864,0.648740,0.235850,True,-0.057800,0.713800,0.000000,0.515664,0.065060,0.235850,0.00,10,-0.034802,1.020800,0.369456,0.000000,0.000000,0.000000,0.000000,0.075477,0.000000,-0.108080,-0.456260,0.125247,-0.038688,-0.047808,0.029184,LEADER
1786355222627010002,2026-08-10T16:47:02.627029,prediction,0.482660,0.552000,0.078659,0.460218,0.643828,0.219613,True,-0.057800,0.713800,0.000000,0.518018,0.069972,0.219613,0.00,10,-0.034802,1.020800,0.369456,0.000000,0.001307,0.000000,0.000000,0.078096,0.000000,-0.094500,-0.461580,0.130227,-0.038080,-0.043200,0.030464,LEADER
1786355222660465977,2026-08-10T16:47:02.660483,prediction,0.484397,0.532000,0.053768,0.462668,0.636286,0.201876,True,-0.057800,0.713800,0.000000,0.520468,0.077514,0.201876,0.00,10,-0.034261,1.021031,0.368452,0.000000,0.001744,0.000000,0.000000,0.075477,0.002609,-0.094780,-0.459620,0.138278,-0.038080,-0.044640,0.031616,LEADER
1786355222694383769,2026-08-10T16:47:02.694416,prediction,0.487696,0.494000,0.023671,0.465271,0.627150,0.182426,True,-0.057800,0.713800,0.000000,0.523071,0.086650,0.182426,0.00,10,-0.034261,1.021031,0.368452,0.000000,0.000000,0.000000,0.000000,0.072857,0.000000,-0.101640,-0.456820,0.139274,-0.038080,-0.040640,0.030720,LEADER
1786355222726800131,2026-08-10T16:47:02.726817,prediction,0.483946,0.467000,0.002805,0.467519,0.616417,0.161848,True,-0.057800,0.713800,0.000000,0.525319,0.097383,0.161848,0.00,10,-0.034742,1.020825,0.369345,0.001307,0.000000,0.000000,0.000000,0.054101,0.000000,-0.106260,-0.453180,0.136203,-0.037024,-0.041248,0.029792,LEADER
1786355222760066366,2026-08-10T16:47:02.760079,prediction,0.481800,0.456000,-0.013698,0.469489,0.605097,0.140416,True,-0.057800,0.713800,0.000000,0.527289,0.108703,0.140416,0.00,10,-0.034742,1.020825,0.369345,0.000000,0.000000,0.000000,0.000000,0.045812,0.000000,-0.097300,-0.460320,0.144088,-0.037024,-0.036960,0.032064,LEADER
1786355222793898676,2026-08-10T16:47:02.793925,prediction,0.477477,0.433000,-0.028723,0.471184,0.593073,0.119995,True,-0.057800,0.713800,0.000000,0.528984,0.120727,0.119995,0.00,10,-0.034335,1.021000,0.368589,0.001744,0.001744,0.000000,0.000000,0.035335,0.002609,-0.097300,-0.460880,0.148902,-0.037024,-0.036864,0.032128,LEADER
1786355222827126538,2026-08-10T16:47:02.827146,prediction,0.468167,0.433000,-0.038051,0.472348,0.578988,0.100278,True,-0.057800,0.713800,0.000000,0.530148,0.134812,0.100278,0.00,10,-0.034335,1.021000,0.368589,0.000000,0.000000,0.000000,0.000000,0.029665,0.000000,-0.105000,-0.453740,0.148736,-0.037024,-0.034464,0.030848,LEADER
1786355222860256414,2026-08-10T16:47:02.860272,prediction,0.462383,0.427000,-0.035676,0.472880,0.564224,0.081966,True,-0.057800,0.713800,0.000000,0.530680,0.149576,0.081966,0.00,10,-0.034957,1.020734,0.369743,0.000000,0.001744,0.000000,0.000000,0.018756,0.000000,-0.105280,-0.453180,0.143590,-0.036128,-0.032576,0.029952,LEADER
1786355222893907800,2026-08-10T16:47:02.893928,prediction,0.454547,0.404000,-0.035336,0.472774,0.548311,0.065148,True,-0.057800,0.713800,0.000000,0.530574,0.165489,0.065148,0.00,10,-0.034957,1.020734,0.369743,0.000000,0.000000,0.000000,0.000000,0.005228,0.000000,-0.100380,-0.461580,0.145665,-0.035968,-0.032736,0.030944,LEADER
1786355222926758456,2026-08-10T16:47:02.926771,prediction,0.438792,0.404000,-0.029022,0.471389,0.531422,0.050019,True,-0.057800,0.713800,0.000000,0.529189,0.182378,0.050019,0.00,10,-0.034544,1.020910,0.368977,0.000000,0.000000,0.000000,0.000000,0.000000,0.000000,-0.097300,-0.460600,0.155293,-0.035968,-0.032128,0.032128,LEADER
1786355222960501185,2026-08-10T16:47:02.960525,prediction,0.427098,0.386000,-0.027950,0.468926,0.514338,0.035513,True,-0.057800,0.713800,0.000000,0.526726,0.199462,0.035513,0.00,10,-0.034544,1.020910,0.368977,0.000000,0.001744,0.000000,0.000000,0.000000,0.000000,-0.101360,-0.460040,0.153882,-0.035968,-0.030336,0.031296,LEADER
1786355222993642433,2026-08-10T16:47:02.993662,prediction,0.424211,0.380000,-0.025448,0.466168,0.497428,0.022111,True,-0.057800,0.713800,0.000000,0.523968,0.216372,0.022111,0.00,10,-0.035039,1.020698,0.369895,0.000000,0.000000,0.000000,0.000000,0.000000,0.000000,-0.102200,-0.457520,0.149068,-0.034912,-0.029344,0.029344,LEADER
1786355223027323455,2026-08-10T16:47:03.027354,prediction,0.414639,0.380000,-0.022251,0.462622,0.481245,0.009514,True,-0.057800,0.713800,0.000000,0.520422,0.232555,0.009514,0.00,10,-0.035039,1.020698,0.369895,0.000000,0.000000,0.000000,0.000000,0.000000,0.000000,-0.098840,-0.466760,0.149234,-0.034912,-0.028448,0.028608,LEADER
1786355223060309107,2026-08-10T16:47:03.060326,prediction,0.411998,0.367000,-0.020496,0.458600,0.465956,-0.000911,True,-0.057800,0.713800,0.000000,0.516400,0.247844,0.000911,0.00,10,-0.034486,1.020935,0.368869,0.000000,0.000000,0.000000,0.000000,0.000000,0.000000,-0.074060,-0.513240,0.160605,-0.034912,-0.026400,0.026880,LEADER
1786355223093839592,2026-08-10T16:47:03.093858,prediction,0.409030,0.361000,-0.021161,0.453923,0.450898,-0.009261,True,-0.057800,0.713800,0.000000,0.511723,0.262902,0.009261,0.00,10,-0.034486,1.020935,0.368869,0.000000,0.000000,0.000000,0.000000,0.000000,0.000000,-0.065940,-0.548380,0.159443,-0.034912,-0.031232,0.023552,LEADER
1786355223127279987,2026-08-10T16:47:03.127308,prediction,0.409274,0.355000,-0.021827,0.449030,0.435566,-0.015960,True,-0.057800,0.713800,0.000000,0.506830,0.278234,0.015960,0.00,10,-0.034955,1.020734,0.369739,0.000000,0.000000,0.000000,0.000000,0.002609,0.000000,-0.030660,-0.648200,0.155791,-0.034016,-0.035072,0.010592,LEADER
1786355223160615873,2026-08-10T16:47:03.160641,prediction,0.409518,0.349000,-0.022492,0.444038,0.421993,-0.021044,True,-0.057800,0.713800,0.000000,0.501838,0.291807,0.021044,0.00,10,-0.034955,1.020734,0.369739,0.000000,0.001307,0.000000,0.000000,0.002609,0.000000,-0.016380,-0.675080,0.155957,-0.034016,-0.034560,0.006976,LEADER
1786355223193594141,2026-08-10T16:47:03.193610,prediction,0.411388,0.303000,-0.027593,0.438951,0.409519,-0.024461,True,-0.057800,0.713800,0.000000,0.496751,0.304281,0.024461,0.00,10,-0.034362,1.020988,0.368639,0.001744,0.003051,0.000000,0.000000,0.002609,0.000000,0.030940,-0.754180,0.165917,-0.034016,-0.035680,-0.003744,LEADER


============================================================
EXPERIMENT METRICS
  File: experiment_SVGP+MJM_20260810_164651.csv
  Total samples: 343
  Task completion time: 11.83 s
  --- Prediction Accuracy (over 343 samples) ---
  Avg Inference Time: 11.86 ms
  Mean Squared Error (MSE): 0.111757 m²
  Mean Absolute Error (MAE - 3D): 0.2494 m
      MAE X: 0.2067 m
      MAE Y: 0.0568 m
      MAE Z: 0.0977 m
  --- Trajectory Smoothness (Robot EE) ---
  Mean Jerk (3D): 20.6616 m/s³
      Jerk X: 2.7895 m/s³
      Jerk Y: 14.5435 m/s³
      Jerk Z: 12.4652 m/s³
  Max Jerk (3D): 141.7157 m/s³
  RMS Jerk (3D): 34.9834 m/s³
============================================================
