ros_timestamp_ns,wall_time,trajectory_mode,meas_x,meas_y,meas_z,is_tracked,pred_x,pred_y,pred_z,mae_x,mae_y,mae_z,inference_ms,buffer_size,robot_ee_x,robot_ee_y,robot_ee_z,j1_vel,j2_vel,j3_vel,j4_vel,j5_vel,j6_vel,j1_eff,j2_eff,j3_eff,j4_eff,j5_eff,j6_eff,role
1786341263072475839,2026-08-10T12:54:23.072498,ground_truth,-0.806413,-2.727000,0.026482,True,,,,,,,,,-0.162001,0.280055,0.378533,0.000000,0.000000,0.000000,0.000000,0.000000,0.000000,nan,nan,nan,nan,nan,nan,OFF
1786341263097182547,2026-08-10T12:54:23.097199,ground_truth,-0.802865,-2.715000,0.021880,True,,,,,,,,,-0.162001,0.280055,0.378533,0.000000,0.000000,0.000000,0.000000,0.000000,0.000000,nan,nan,nan,nan,nan,nan,OFF
1786341271216274310,2026-08-10T12:54:31.216334,ground_truth,-1.013119,-2.827000,0.363722,True,,,,,,,,,-0.162001,0.280055,0.378533,0.000000,0.000000,0.000000,0.000000,0.000000,0.000000,nan,nan,nan,nan,nan,nan,OFF
1786341271240365512,2026-08-10T12:54:31.240389,ground_truth,-1.022442,-2.827000,0.368393,True,,,,,,,,,-0.162001,0.280055,0.378533,0.000000,0.000000,0.000000,0.000000,0.000000,0.000000,nan,nan,nan,nan,nan,nan,OFF
1786341271271026545,2026-08-10T12:54:31.271051,ground_truth,-1.041610,-2.880000,0.384815,True,,,,,,,,,-0.162001,0.280055,0.378533,0.000000,0.000000,0.000000,0.000000,0.000000,0.000000,nan,nan,nan,nan,nan,nan,OFF
1786341271305549650,2026-08-10T12:54:31.305572,ground_truth,-1.041610,-2.880000,0.399089,True,,,,,,,,,-0.162001,0.280055,0.378533,0.000000,0.000000,0.000000,0.000000,0.000000,0.000000,nan,nan,nan,nan,nan,nan,OFF
1786341271338396462,2026-08-10T12:54:31.338435,ground_truth,-1.041636,-2.867000,0.397288,True,,,,,,,,,-0.162001,0.280055,0.378533,0.000000,0.000000,0.000000,0.000000,0.000000,0.000000,nan,nan,nan,nan,nan,nan,OFF
1786341271404151494,2026-08-10T12:54:31.404164,ground_truth,-0.692941,-2.814000,0.329507,True,,,,,,,,,-0.162001,0.280055,0.378533,0.000000,0.000000,0.000000,0.000000,0.000000,0.000000,nan,nan,nan,nan,nan,nan,OFF
1786341272213075524,2026-08-10T12:54:32.213094,ground_truth,-0.062376,-2.315000,0.102797,True,,,,,,,,,-0.162001,0.280055,0.378533,0.000000,0.000000,0.000000,0.000000,0.000000,0.000000,nan,nan,nan,nan,nan,nan,OFF
1786341272239523896,2026-08-10T12:54:32.239549,ground_truth,-0.090136,-2.342000,0.111734,True,,,,,,,,,-0.162001,0.280055,0.378533,0.000000,0.000000,0.000000,0.000000,0.000000,0.000000,nan,nan,nan,nan,nan,nan,OFF
1786341272470846279,2026-08-10T12:54:32.470870,ground_truth,0.045232,-2.840000,0.074498,True,,,,,,,,,-0.162001,0.280055,0.378533,0.000000,0.000000,0.000000,0.000000,0.000000,0.000000,nan,nan,nan,nan,nan,nan,OFF
1786341273607467201,2026-08-10T12:54:33.607496,ground_truth,0.358296,-2.950000,-0.039583,True,,,,,,,,,-0.162001,0.280055,0.378533,0.000000,0.000000,0.000000,0.000000,0.000000,0.000000,nan,nan,nan,nan,nan,nan,OFF
1786341273639856924,2026-08-10T12:54:33.639880,ground_truth,0.366607,-2.978000,-0.035039,True,,,,,,,,,-0.162001,0.280055,0.378533,0.000000,0.000000,0.000000,0.000000,0.000000,0.000000,nan,nan,nan,nan,nan,nan,OFF
1786341273673413792,2026-08-10T12:54:33.673428,ground_truth,0.370992,-2.935000,-0.034533,True,,,,,,,,,-0.162001,0.280055,0.378533,0.000000,0.000000,0.000000,0.000000,0.000000,0.000000,nan,nan,nan,nan,nan,nan,OFF
1786341273706395008,2026-08-10T12:54:33.706420,ground_truth,0.375354,-2.894000,-0.034050,True,,,,,,,,,-0.162001,0.280055,0.378533,0.000000,0.000000,0.000000,0.000000,0.000000,0.000000,nan,nan,nan,nan,nan,nan,OFF
1786341273738891153,2026-08-10T12:54:33.738928,ground_truth,0.387481,-2.950000,-0.029836,True,,,,,,,,,-0.162001,0.280055,0.378533,0.000000,0.000000,0.000000,0.000000,0.000000,0.000000,nan,nan,nan,nan,nan,nan,OFF
1786341273772928944,2026-08-10T12:54:33.772952,ground_truth,0.386034,-2.867000,-0.028996,True,,,,,,,,,-0.162001,0.280055,0.378533,0.000000,0.000000,0.000000,0.000000,0.000000,0.000000,nan,nan,nan,nan,nan,nan,OFF
1786341273807453228,2026-08-10T12:54:33.807479,ground_truth,0.393695,-2.854000,-0.028865,True,,,,,,,,,-0.162001,0.280055,0.378533,0.000000,0.000000,0.000000,0.000000,0.000000,0.000000,nan,nan,nan,nan,nan,nan,OFF
1786341273841237247,2026-08-10T12:54:33.841264,ground_truth,0.403107,-2.854000,-0.028865,True,,,,,,,,,-0.162001,0.280055,0.378533,0.000000,0.000000,0.000000,0.000000,0.000000,0.000000,nan,nan,nan,nan,nan,nan,OFF
1786341273873343934,2026-08-10T12:54:33.873359,ground_truth,0.403124,-2.789000,-0.028207,True,,,,,,,,,-0.162001,0.280055,0.378533,0.000000,0.000000,0.000000,0.000000,0.000000,0.000000,nan,nan,nan,nan,nan,nan,OFF
1786341273906337883,2026-08-10T12:54:33.906374,ground_truth,0.405822,-2.776000,-0.028076,True,,,,,,,,,-0.162001,0.280055,0.378533,0.000000,0.000000,0.000000,0.000000,0.000000,0.000000,nan,nan,nan,nan,nan,nan,OFF
1786341273939946279,2026-08-10T12:54:33.939973,ground_truth,0.410400,-2.776000,-0.023490,True,,,,,,,,,-0.162001,0.280055,0.378533,0.000000,0.000000,0.000000,0.000000,0.000000,0.000000,nan,nan,nan,nan,nan,nan,OFF
1786341273972944487,2026-08-10T12:54:33.972964,ground_truth,0.407652,-2.727000,-0.009559,True,,,,,,,,,-0.162001,0.280055,0.378533,0.000000,0.000000,0.000000,0.000000,0.000000,0.000000,nan,nan,nan,nan,nan,nan,OFF
1786341274005081179,2026-08-10T12:54:34.005097,ground_truth,0.410335,-2.715000,-0.009517,True,,,,,,,,,-0.162001,0.280055,0.378533,0.000000,0.000000,0.000000,0.000000,0.000000,0.000000,nan,nan,nan,nan,nan,nan,OFF
1786341274039206720,2026-08-10T12:54:34.039236,ground_truth,0.095523,-0.612000,0.003921,True,,,,,,,,,-0.162001,0.280055,0.378533,0.000000,0.000000,0.000000,0.000000,0.000000,0.000000,nan,nan,nan,nan,nan,nan,OFF
1786341274071984304,2026-08-10T12:54:34.072024,ground_truth,0.107221,-0.646000,0.003072,True,,,,,,,,,-0.162001,0.280055,0.378533,0.000000,0.000000,0.000000,0.000000,0.000000,0.000000,nan,nan,nan,nan,nan,nan,OFF
1786341274104959101,2026-08-10T12:54:34.104981,ground_truth,0.464900,-2.801000,0.008691,True,,,,,,,,,-0.162001,0.280055,0.378533,0.000000,0.000000,0.000000,0.000000,0.000000,0.000000,nan,nan,nan,nan,nan,nan,OFF
1786341274138223839,2026-08-10T12:54:34.138249,ground_truth,0.454201,-2.764000,0.008576,True,,,,,,,,,-0.162001,0.280055,0.378533,0.000000,0.000000,0.000000,0.000000,0.000000,0.000000,nan,nan,nan,nan,nan,nan,OFF
1786341274172173476,2026-08-10T12:54:34.172199,ground_truth,0.435816,-2.679000,0.003887,True,,,,,,,,,-0.162001,0.280055,0.378533,0.000000,0.000000,0.000000,0.000000,0.000000,0.000000,nan,nan,nan,nan,nan,nan,OFF
1786341274207099186,2026-08-10T12:54:34.207114,ground_truth,0.429059,-2.611000,-0.009153,True,,,,,,,,,-0.162001,0.280055,0.378533,0.000000,0.000000,0.000000,0.000000,0.000000,0.000000,nan,nan,nan,nan,nan,nan,OFF
1786341274241764792,2026-08-10T12:54:34.241786,ground_truth,0.424930,-2.535000,-0.029826,True,,,,,,,,,-0.162001,0.280055,0.378533,0.000000,0.000000,0.000000,0.000000,0.000000,0.000000,nan,nan,nan,nan,nan,nan,OFF
1786341274273766714,2026-08-10T12:54:34.273783,ground_truth,0.424573,-2.484000,-0.041538,True,,,,,,,,,-0.162001,0.280055,0.378533,0.000000,0.000000,0.000000,0.000000,0.000000,0.000000,nan,nan,nan,nan,nan,nan,OFF
1786341274307411953,2026-08-10T12:54:34.307458,ground_truth,0.425217,-2.464000,-0.053415,True,,,,,,,,,-0.162001,0.280055,0.378533,0.000000,0.000000,0.000000,0.000000,0.000000,0.000000,nan,nan,nan,nan,nan,nan,OFF
1786341274341016717,2026-08-10T12:54:34.341055,ground_truth,0.429825,-2.444000,-0.069132,True,,,,,,,,,-0.162001,0.280055,0.378533,0.000000,0.000000,0.000000,0.000000,0.000000,0.000000,nan,nan,nan,nan,nan,nan,OFF
1786341274374422041,2026-08-10T12:54:34.374437,ground_truth,0.432258,-2.435000,-0.068878,True,,,,,,,,,-0.162001,0.280055,0.378533,0.000000,0.000000,0.000000,0.000000,0.000000,0.000000,nan,nan,nan,nan,nan,nan,OFF
1786341274408072551,2026-08-10T12:54:34.408097,ground_truth,0.437369,-2.397000,-0.063843,True,,,,,,,,,-0.162001,0.280055,0.378533,0.000000,0.000000,0.000000,0.000000,0.000000,0.000000,nan,nan,nan,nan,nan,nan,OFF
1786341274440061548,2026-08-10T12:54:34.440080,ground_truth,0.440073,-2.369000,-0.063097,True,,,,,,,,,-0.162001,0.280055,0.378533,0.000000,0.000000,0.000000,0.000000,0.000000,0.000000,nan,nan,nan,nan,nan,nan,OFF
1786341274472418302,2026-08-10T12:54:34.472449,ground_truth,0.438401,-2.360000,-0.062857,True,,,,,,,,,-0.162001,0.280055,0.378533,0.000000,0.000000,0.000000,0.000000,0.000000,0.000000,nan,nan,nan,nan,nan,nan,OFF
1786341274506767879,2026-08-10T12:54:34.506816,ground_truth,0.433385,-2.333000,-0.058284,True,,,,,,,,,-0.162001,0.280055,0.378533,0.000000,0.000000,0.000000,0.000000,0.000000,0.000000,nan,nan,nan,nan,nan,nan,OFF
1786341274543350403,2026-08-10T12:54:34.543375,ground_truth,0.435545,-2.324000,-0.050380,True,,,,,,,,,-0.162001,0.280055,0.378533,0.000000,0.000000,0.000000,0.000000,0.000000,0.000000,nan,nan,nan,nan,nan,nan,OFF
1786341274575107910,2026-08-10T12:54:34.575123,ground_truth,0.427487,-2.281000,-0.049448,True,,,,,,,,,-0.162001,0.280055,0.378533,0.000000,0.000000,0.000000,0.000000,0.000000,0.000000,nan,nan,nan,nan,nan,nan,OFF
1786341274607604831,2026-08-10T12:54:34.607642,ground_truth,0.435545,-2.324000,-0.038862,True,,,,,,,,,-0.162001,0.280055,0.378533,0.000000,0.000000,0.000000,0.000000,0.000000,0.000000,nan,nan,nan,nan,nan,nan,OFF
1786341274641704824,2026-08-10T12:54:34.641728,ground_truth,0.428986,-2.289000,-0.026932,True,,,,,,,,,-0.162001,0.280055,0.378533,0.000000,0.000000,0.000000,0.000000,0.000000,0.000000,nan,nan,nan,nan,nan,nan,OFF
1786341274675714014,2026-08-10T12:54:34.675730,ground_truth,0.431248,-2.281000,-0.023069,True,,,,,,,,,-0.162001,0.280055,0.378533,0.000000,0.000000,0.000000,0.000000,0.000000,0.000000,nan,nan,nan,nan,nan,nan,OFF
1786341274706931878,2026-08-10T12:54:34.706963,ground_truth,0.429546,-2.272000,-0.019225,True,,,,,,,,,-0.162001,0.280055,0.378533,0.000000,0.000000,0.000000,0.000000,0.000000,0.000000,nan,nan,nan,nan,nan,nan,OFF
1786341274741058090,2026-08-10T12:54:34.741084,ground_truth,0.421795,-2.231000,-0.033621,True,,,,,,,,,-0.162001,0.280055,0.378533,0.000000,0.000000,0.000000,0.000000,0.000000,0.000000,nan,nan,nan,nan,nan,nan,OFF
1786341274772323704,2026-08-10T12:54:34.772368,ground_truth,0.420282,-2.223000,-0.059208,True,,,,,,,,,-0.162001,0.280055,0.378533,0.000000,0.000000,0.000000,0.000000,0.000000,0.000000,nan,nan,nan,nan,nan,nan,OFF
1786341274804283456,2026-08-10T12:54:34.804296,ground_truth,0.425473,-2.231000,-0.070479,True,,,,,,,,,-0.162001,0.280055,0.378533,0.000000,0.000000,0.000000,0.000000,0.000000,0.000000,nan,nan,nan,nan,nan,nan,OFF
1786341274839607712,2026-08-10T12:54:34.839632,ground_truth,0.417845,-2.191000,-0.072835,True,,,,,,,,,-0.162001,0.280055,0.378533,0.000000,0.000000,0.000000,0.000000,0.000000,0.000000,nan,nan,nan,nan,nan,nan,OFF
1786341274872892467,2026-08-10T12:54:34.872917,ground_truth,0.422422,-2.215000,-0.069973,True,,,,,,,,,-0.162001,0.280055,0.378533,0.000000,0.000000,0.000000,0.000000,0.000000,0.000000,nan,nan,nan,nan,nan,nan,OFF
1786341274907714791,2026-08-10T12:54:34.907744,ground_truth,0.417845,-2.191000,-0.072835,True,,,,,,,,,-0.162001,0.280055,0.378533,0.000000,0.000000,0.000000,0.000000,0.000000,0.000000,nan,nan,nan,nan,nan,nan,OFF
1786341274939242092,2026-08-10T12:54:34.939267,ground_truth,0.414984,-2.176000,-0.079526,True,,,,,,,,,-0.162001,0.280055,0.378533,0.000000,0.000000,0.000000,0.000000,0.000000,0.000000,nan,nan,nan,nan,nan,nan,OFF
1786341274974483170,2026-08-10T12:54:34.974538,ground_truth,0.409884,-2.168000,-0.089979,True,,,,,,,,,-0.162001,0.280055,0.378533,0.000000,0.000000,0.000000,0.000000,0.000000,0.000000,nan,nan,nan,nan,nan,nan,OFF
1786341275009993908,2026-08-10T12:54:35.010014,ground_truth,0.409120,-2.183000,-0.090601,True,,,,,,,,,-0.162001,0.280055,0.378533,0.000000,0.000000,0.000000,0.000000,0.000000,0.000000,nan,nan,nan,nan,nan,nan,OFF
1786341275042790181,2026-08-10T12:54:35.042825,ground_truth,0.402734,-2.168000,-0.089979,True,,,,,,,,,-0.162001,0.280055,0.378533,0.000000,0.000000,0.000000,0.000000,0.000000,0.000000,nan,nan,nan,nan,nan,nan,OFF
1786341275074291276,2026-08-10T12:54:35.074305,ground_truth,0.409979,-2.207000,-0.087951,True,,,,,,,,,-0.162001,0.280055,0.378533,0.000000,0.000000,0.000000,0.000000,0.000000,0.000000,nan,nan,nan,nan,nan,nan,OFF
1786341275109100198,2026-08-10T12:54:35.109142,ground_truth,0.409286,-2.223000,-0.088589,True,,,,,,,,,-0.162001,0.280055,0.378533,0.000000,0.000000,0.000000,0.000000,0.000000,0.000000,nan,nan,nan,nan,nan,nan,OFF
1786341275141784338,2026-08-10T12:54:35.141819,ground_truth,0.407813,-2.215000,-0.084611,True,,,,,,,,,-0.162001,0.280055,0.378533,0.000000,0.000000,0.000000,0.000000,0.000000,0.000000,nan,nan,nan,nan,nan,nan,OFF
1786341275173456448,2026-08-10T12:54:35.173472,ground_truth,0.413705,-2.247000,-0.096970,True,,,,,,,,,-0.162001,0.280055,0.378533,0.000000,0.000000,0.000000,0.000000,0.000000,0.000000,nan,nan,nan,nan,nan,nan,OFF
1786341275208886298,2026-08-10T12:54:35.208927,ground_truth,0.407080,-2.231000,-0.096279,True,,,,,,,,,-0.162001,0.280055,0.378533,0.000000,0.000000,0.000000,0.000000,0.000000,0.000000,nan,nan,nan,nan,nan,nan,OFF
1786341275239815809,2026-08-10T12:54:35.239845,ground_truth,0.408540,-2.239000,-0.096624,True,,,,,,,,,-0.162001,0.280055,0.378533,0.000000,0.000000,0.000000,0.000000,0.000000,0.000000,nan,nan,nan,nan,nan,nan,OFF
1786341275275275946,2026-08-10T12:54:35.275325,ground_truth,0.404161,-2.215000,-0.091929,True,,,,,,,,,-0.162001,0.280055,0.378533,0.000000,0.000000,0.000000,0.000000,0.000000,0.000000,nan,nan,nan,nan,nan,nan,OFF
1786341275310911226,2026-08-10T12:54:35.310930,ground_truth,0.402701,-2.207000,-0.091597,True,,,,,,,,,-0.162001,0.280055,0.378533,0.000000,0.000000,0.000000,0.000000,0.000000,0.000000,nan,nan,nan,nan,nan,nan,OFF
1786341275342972444,2026-08-10T12:54:35.342990,ground_truth,0.412119,-2.199000,-0.087632,True,,,,,,,,,-0.162001,0.280055,0.378533,0.000000,0.000000,0.000000,0.000000,0.000000,0.000000,nan,nan,nan,nan,nan,nan,OFF
1786341275378330949,2026-08-10T12:54:35.378488,ground_truth,0.417257,-2.207000,-0.087951,True,,,,,,,,,-0.162001,0.280055,0.378533,0.000000,0.000000,0.000000,0.000000,0.000000,0.000000,nan,nan,nan,nan,nan,nan,OFF
1786341275410654755,2026-08-10T12:54:35.410696,ground_truth,0.412119,-2.199000,-0.080367,True,,,,,,,,,-0.162001,0.280055,0.378533,0.000000,0.000000,0.000000,0.000000,0.000000,0.000000,nan,nan,nan,nan,nan,nan,OFF
1786341275441806778,2026-08-10T12:54:35.441850,ground_truth,0.411642,-2.256000,-0.067542,True,,,,,,,,,-0.162001,0.280055,0.378533,0.000000,0.000000,0.000000,0.000000,0.000000,0.000000,nan,nan,nan,nan,nan,nan,OFF
1786341275475084204,2026-08-10T12:54:35.475097,ground_truth,0.404149,-2.298000,-0.027038,True,,,,,,,,,-0.162001,0.280055,0.378533,0.000000,0.000000,0.000000,0.000000,0.000000,0.000000,nan,nan,nan,nan,nan,nan,OFF
1786341275508608448,2026-08-10T12:54:35.508646,ground_truth,0.397225,-2.324000,-0.011986,True,,,,,,,,,-0.162001,0.280055,0.378533,0.000000,0.000000,0.000000,0.000000,0.000000,0.000000,nan,nan,nan,nan,nan,nan,OFF
1786341275540418159,2026-08-10T12:54:35.540462,ground_truth,0.391070,-2.333000,0.003385,True,,,,,,,,,-0.162001,0.280055,0.378533,0.000000,0.000000,0.000000,0.000000,0.000000,0.000000,nan,nan,nan,nan,nan,nan,OFF
1786341275575660533,2026-08-10T12:54:35.575684,ground_truth,0.392578,-2.342000,0.026613,True,,,,,,,,,-0.162001,0.280055,0.378533,0.000000,0.000000,0.000000,0.000000,0.000000,0.000000,nan,nan,nan,nan,nan,nan,OFF
1786341275607285874,2026-08-10T12:54:35.607330,ground_truth,0.385203,-2.298000,0.041298,True,,,,,,,,,-0.162001,0.280055,0.378533,0.000000,0.000000,0.000000,0.000000,0.000000,0.000000,nan,nan,nan,nan,nan,nan,OFF
1786341275641465912,2026-08-10T12:54:35.641504,ground_truth,0.381882,-2.256000,0.051725,True,,,,,,,,,-0.162001,0.280055,0.378533,0.000000,0.000000,0.000000,0.000000,0.000000,0.000000,nan,nan,nan,nan,nan,nan,OFF
1786341275673789118,2026-08-10T12:54:35.673802,ground_truth,0.386280,-2.176000,0.060675,True,,,,,,,,,-0.162001,0.280055,0.378533,0.000000,0.000000,0.000000,0.000000,0.000000,0.000000,nan,nan,nan,nan,nan,nan,OFF
1786341275707636235,2026-08-10T12:54:35.707706,ground_truth,0.408371,-2.160000,0.049524,True,,,,,,,,,-0.162001,0.280055,0.378533,0.000000,0.000000,0.000000,0.000000,0.000000,0.000000,nan,nan,nan,nan,nan,nan,OFF
1786341275742150046,2026-08-10T12:54:35.742201,ground_truth,0.416748,-2.130000,0.069949,True,,,,,,,,,-0.162001,0.280055,0.378533,0.000000,0.000000,0.000000,0.000000,0.000000,0.000000,nan,nan,nan,nan,nan,nan,OFF
1786341275773932105,2026-08-10T12:54:35.774000,ground_truth,0.441922,-2.116000,0.065994,True,,,,,,,,,-0.162001,0.280055,0.378533,0.000000,0.000000,0.000000,0.000000,0.000000,0.000000,nan,nan,nan,nan,nan,nan,OFF
1786341275810685717,2026-08-10T12:54:35.810713,ground_truth,0.471855,-2.094000,0.058389,True,,,,,,,,,-0.162001,0.280055,0.378533,0.000000,0.000000,0.000000,0.000000,0.000000,0.000000,nan,nan,nan,nan,nan,nan,OFF
1786341275842470761,2026-08-10T12:54:35.842492,ground_truth,0.497807,-2.087000,0.047850,True,,,,,,,,,-0.162001,0.280055,0.378533,0.000000,0.000000,0.000000,0.000000,0.000000,0.000000,nan,nan,nan,nan,nan,nan,OFF
1786341275878276714,2026-08-10T12:54:35.878294,ground_truth,0.525079,-2.059000,0.019995,True,,,,,,,,,-0.162001,0.280055,0.378533,0.000000,0.000000,0.000000,0.000000,0.000000,0.000000,nan,nan,nan,nan,nan,nan,OFF
1786341275911834613,2026-08-10T12:54:35.911869,ground_truth,0.539634,-2.012000,-0.000405,True,,,,,,,,,-0.162001,0.280055,0.378533,0.000000,0.000000,0.000000,0.000000,0.000000,0.000000,nan,nan,nan,nan,nan,nan,OFF
1786341275943025739,2026-08-10T12:54:35.943039,ground_truth,0.572089,-2.045000,-0.024061,True,,,,,,,,,-0.162001,0.280055,0.378533,0.000000,0.000000,0.000000,0.000000,0.000000,0.000000,nan,nan,nan,nan,nan,nan,OFF
1786341275974934588,2026-08-10T12:54:35.974981,ground_truth,0.577846,-2.018000,-0.040413,True,,,,,,,,,-0.162001,0.280055,0.378533,0.000000,0.000000,0.000000,0.000000,0.000000,0.000000,nan,nan,nan,nan,nan,nan,OFF
1786341276009151475,2026-08-10T12:54:36.009174,ground_truth,0.595180,-1.998000,-0.066419,True,,,,,,,,,-0.162001,0.280055,0.378533,0.000000,0.000000,0.000000,0.000000,0.000000,0.000000,nan,nan,nan,nan,nan,nan,OFF
1786341276044079987,2026-08-10T12:54:36.044093,ground_truth,0.607253,-1.973000,-0.088405,True,,,,,,,,,-0.162001,0.280055,0.378533,0.000000,0.000000,0.000000,0.000000,0.000000,0.000000,nan,nan,nan,nan,nan,nan,OFF
1786341276077573538,2026-08-10T12:54:36.077616,ground_truth,0.640403,-1.985000,-0.108619,True,,,,,,,,,-0.162001,0.280055,0.378533,0.000000,0.000000,0.000000,0.000000,0.000000,0.000000,nan,nan,nan,nan,nan,nan,OFF
1786341276110807515,2026-08-10T12:54:36.110842,ground_truth,0.642164,-2.032000,-0.114547,True,,,,,,,,,-0.162001,0.280055,0.378533,0.000000,0.000000,0.000000,0.000000,0.000000,0.000000,nan,nan,nan,nan,nan,nan,OFF
1786341276143260460,2026-08-10T12:54:36.143287,ground_truth,0.639529,-2.045000,-0.115280,True,,,,,,,,,-0.162001,0.280055,0.378533,0.000000,0.000000,0.000000,0.000000,0.000000,0.000000,nan,nan,nan,nan,nan,nan,OFF
1786341276175760685,2026-08-10T12:54:36.175782,ground_truth,0.639529,-2.045000,-0.122037,True,,,,,,,,,-0.162001,0.280055,0.378533,0.000000,0.000000,0.000000,0.000000,0.000000,0.000000,nan,nan,nan,nan,nan,nan,OFF
1786341276210202084,2026-08-10T12:54:36.210233,ground_truth,0.639283,-2.066000,-0.123290,True,,,,,,,,,-0.162001,0.280055,0.378533,0.000000,0.000000,0.000000,0.000000,0.000000,0.000000,nan,nan,nan,nan,nan,nan,OFF
1786341276243175457,2026-08-10T12:54:36.243200,ground_truth,0.629063,-2.066000,-0.123290,True,,,,,,,,,-0.162001,0.280055,0.378533,0.000000,0.000000,0.000000,0.000000,0.000000,0.000000,nan,nan,nan,nan,nan,nan,OFF
1786341276275424916,2026-08-10T12:54:36.275439,ground_truth,0.612748,-2.080000,-0.137871,True,,,,,,,,,-0.162001,0.280055,0.378533,0.000000,0.000000,0.000000,0.000000,0.000000,0.000000,nan,nan,nan,nan,nan,nan,OFF
1786341276307186059,2026-08-10T12:54:36.307238,ground_truth,0.580397,-2.087000,-0.148679,True,,,,,,,,,-0.162001,0.280055,0.378533,0.000000,0.000000,0.000000,0.000000,0.000000,0.000000,nan,nan,nan,nan,nan,nan,OFF
1786341276340277305,2026-08-10T12:54:36.340315,ground_truth,0.553722,-2.130000,-0.151742,True,,,,,,,,,-0.162001,0.280055,0.378533,0.000000,0.000000,0.000000,0.000000,0.000000,0.000000,nan,nan,nan,nan,nan,nan,OFF
1786341276374916709,2026-08-10T12:54:36.374984,ground_truth,0.522253,-2.145000,-0.152811,True,,,,,,,,,-0.162001,0.280055,0.378533,0.000000,0.000000,0.000000,0.000000,0.000000,0.000000,nan,nan,nan,nan,nan,nan,OFF
1786341276407779843,2026-08-10T12:54:36.407840,ground_truth,0.493920,-2.176000,-0.147829,True,,,,,,,,,-0.162001,0.280055,0.378533,0.000000,0.000000,0.000000,0.000000,0.000000,0.000000,nan,nan,nan,nan,nan,nan,OFF
1786341276442274563,2026-08-10T12:54:36.442309,ground_truth,0.472480,-2.160000,-0.143174,True,,,,,,,,,-0.162001,0.280055,0.378533,0.000000,0.000000,0.000000,0.000000,0.000000,0.000000,nan,nan,nan,nan,nan,nan,OFF
1786341276476034728,2026-08-10T12:54:36.476052,ground_truth,0.458040,-2.176000,-0.129855,True,,,,,,,,,-0.162001,0.280055,0.378533,0.000000,0.000000,0.000000,0.000000,0.000000,0.000000,nan,nan,nan,nan,nan,nan,OFF
1786341276510939676,2026-08-10T12:54:36.510963,ground_truth,0.449150,-2.239000,-0.111420,True,,,,,,,,,-0.162001,0.280055,0.378533,0.000000,0.000000,0.000000,0.000000,0.000000,0.000000,nan,nan,nan,nan,nan,nan,OFF
1786341276542612291,2026-08-10T12:54:36.542673,ground_truth,0.454706,-2.324000,-0.092614,True,,,,,,,,,-0.162001,0.280055,0.378533,0.000000,0.000000,0.000000,0.000000,0.000000,0.000000,nan,nan,nan,nan,nan,nan,OFF
1786341276576683487,2026-08-10T12:54:36.576735,ground_truth,0.440785,-2.272000,-0.079281,True,,,,,,,,,-0.162001,0.280055,0.378533,0.000000,0.000000,0.000000,0.000000,0.000000,0.000000,nan,nan,nan,nan,nan,nan,OFF
1786341276611080220,2026-08-10T12:54:36.611105,ground_truth,0.437039,-2.272000,-0.068021,True,,,,,,,,,-0.162001,0.280055,0.378533,0.000000,0.000000,0.000000,0.000000,0.000000,0.000000,nan,nan,nan,nan,nan,nan,OFF
1786341276643129680,2026-08-10T12:54:36.643145,ground_truth,0.438770,-2.281000,-0.068290,True,,,,,,,,,-0.162001,0.280055,0.378533,0.000000,0.000000,0.000000,0.000000,0.000000,0.000000,nan,nan,nan,nan,nan,nan,OFF
1786341276677642504,2026-08-10T12:54:36.677672,ground_truth,0.445310,-2.315000,-0.065483,True,,,,,,,,,-0.162001,0.280055,0.378533,0.000000,0.000000,0.000000,0.000000,0.000000,0.000000,nan,nan,nan,nan,nan,nan,OFF
1786341276712792617,2026-08-10T12:54:36.712816,ground_truth,0.442040,-2.298000,-0.065002,True,,,,,,,,,-0.162001,0.280055,0.378533,0.000000,0.000000,0.000000,0.000000,0.000000,0.000000,nan,nan,nan,nan,nan,nan,OFF
1786341276743454164,2026-08-10T12:54:36.743470,ground_truth,0.442531,-2.281000,-0.064522,True,,,,,,,,,-0.162001,0.280055,0.378533,0.000000,0.000000,0.000000,0.000000,0.000000,0.000000,nan,nan,nan,nan,nan,nan,OFF
1786341276776871329,2026-08-10T12:54:36.776912,ground_truth,0.459988,-2.351000,-0.066502,True,,,,,,,,,-0.162001,0.280055,0.378533,0.000000,0.000000,0.000000,0.000000,0.000000,0.000000,nan,nan,nan,nan,nan,nan,OFF
1786341276810644730,2026-08-10T12:54:36.810678,ground_truth,0.458227,-2.342000,-0.066247,True,,,,,,,,,-0.162001,0.280055,0.378533,0.000000,0.000000,0.000000,0.000000,0.000000,0.000000,nan,nan,nan,nan,nan,nan,OFF
1786341276842680393,2026-08-10T12:54:36.842726,ground_truth,0.456466,-2.333000,-0.065992,True,,,,,,,,,-0.162001,0.280055,0.378533,0.000000,0.000000,0.000000,0.000000,0.000000,0.000000,nan,nan,nan,nan,nan,nan,OFF
1786341276879575507,2026-08-10T12:54:36.879603,ground_truth,0.456762,-2.315000,-0.065483,True,,,,,,,,,-0.162001,0.280055,0.378533,0.000000,0.000000,0.000000,0.000000,0.000000,0.000000,nan,nan,nan,nan,nan,nan,OFF
1786341276912790899,2026-08-10T12:54:36.912821,ground_truth,0.460313,-2.333000,-0.073701,True,,,,,,,,,-0.162001,0.280055,0.378533,0.000000,0.000000,0.000000,0.000000,0.000000,0.000000,nan,nan,nan,nan,nan,nan,OFF
1786341276946219015,2026-08-10T12:54:36.946239,ground_truth,0.456762,-2.315000,-0.069308,True,,,,,,,,,-0.162001,0.280055,0.378533,0.000000,0.000000,0.000000,0.000000,0.000000,0.000000,nan,nan,nan,nan,nan,nan,OFF
1786341276978878653,2026-08-10T12:54:36.978908,ground_truth,0.456762,-2.315000,-0.069308,True,,,,,,,,,-0.162001,0.280055,0.378533,0.000000,0.000000,0.000000,0.000000,0.000000,0.000000,nan,nan,nan,nan,nan,nan,OFF
1786341277010084540,2026-08-10T12:54:37.010111,ground_truth,0.458538,-2.324000,-0.069577,True,,,,,,,,,-0.162001,0.280055,0.378533,0.000000,0.000000,0.000000,0.000000,0.000000,0.000000,nan,nan,nan,nan,nan,nan,OFF
1786341277044924188,2026-08-10T12:54:37.044940,ground_truth,0.454706,-2.324000,-0.069577,True,,,,,,,,,-0.162001,0.280055,0.378533,0.000000,0.000000,0.000000,0.000000,0.000000,0.000000,nan,nan,nan,nan,nan,nan,OFF
1786341277075626146,2026-08-10T12:54:37.075654,ground_truth,0.465271,-2.378000,-0.071194,True,,,,,,,,,-0.162001,0.280055,0.378533,0.000000,0.000000,0.000000,0.000000,0.000000,0.000000,nan,nan,nan,nan,nan,nan,OFF
1786341277109634637,2026-08-10T12:54:37.109660,ground_truth,0.461350,-2.378000,-0.071194,True,,,,,,,,,-0.162001,0.280055,0.378533,0.000000,0.000000,0.000000,0.000000,0.000000,0.000000,nan,nan,nan,nan,nan,nan,OFF
1786341277142269932,2026-08-10T12:54:37.142291,ground_truth,0.467032,-2.387000,-0.071463,True,,,,,,,,,-0.162001,0.280055,0.378533,0.000000,0.000000,0.000000,0.000000,0.000000,0.000000,nan,nan,nan,nan,nan,nan,OFF
1786341277175886149,2026-08-10T12:54:37.175911,ground_truth,0.461749,-2.360000,-0.078453,True,,,,,,,,,-0.162001,0.280055,0.378533,0.000000,0.000000,0.000000,0.000000,0.000000,0.000000,nan,nan,nan,nan,nan,nan,OFF
1786341277209098499,2026-08-10T12:54:37.209137,ground_truth,0.463510,-2.369000,-0.078752,True,,,,,,,,,-0.162001,0.280055,0.378533,0.000000,0.000000,0.000000,0.000000,0.000000,0.000000,nan,nan,nan,nan,nan,nan,OFF
1786341277242789117,2026-08-10T12:54:37.242810,ground_truth,0.490106,-2.484000,-0.086679,True,,,,,,,,,-0.162001,0.280055,0.378533,0.000000,0.000000,0.000000,0.000000,0.000000,0.000000,nan,nan,nan,nan,nan,nan,OFF
1786341277275316087,2026-08-10T12:54:37.275330,ground_truth,0.492213,-2.474000,-0.090417,True,,,,,,,,,-0.162001,0.280055,0.378533,0.000000,0.000000,0.000000,0.000000,0.000000,0.000000,nan,nan,nan,nan,nan,nan,OFF
1786341277308188623,2026-08-10T12:54:37.308226,ground_truth,0.473423,-2.360000,-0.121341,True,,,,,,,,,-0.162001,0.280055,0.378533,0.000000,0.000000,0.000000,0.000000,0.000000,0.000000,nan,nan,nan,nan,nan,nan,OFF
1786341277343253317,2026-08-10T12:54:37.343307,ground_truth,0.477315,-2.360000,-0.125240,True,,,,,,,,,-0.162001,0.280055,0.378533,0.000000,0.000000,0.000000,0.000000,0.000000,0.000000,nan,nan,nan,nan,nan,nan,OFF
1786341277380007648,2026-08-10T12:54:37.380061,ground_truth,0.475494,-2.351000,-0.124762,True,,,,,,,,,-0.162001,0.280055,0.378533,0.000000,0.000000,0.000000,0.000000,0.000000,0.000000,nan,nan,nan,nan,nan,nan,OFF
1786341277410896901,2026-08-10T12:54:37.410943,ground_truth,0.473674,-2.342000,-0.132023,True,,,,,,,,,-0.162001,0.280055,0.378533,0.000000,0.000000,0.000000,0.000000,0.000000,0.000000,nan,nan,nan,nan,nan,nan,OFF
1786341277443391349,2026-08-10T12:54:37.443406,ground_truth,0.475701,-2.333000,-0.131515,True,,,,,,,,,-0.162001,0.280055,0.378533,0.000000,0.000000,0.000000,0.000000,0.000000,0.000000,nan,nan,nan,nan,nan,nan,OFF
1786341277478345985,2026-08-10T12:54:37.478363,ground_truth,0.475701,-2.333000,-0.127661,True,,,,,,,,,-0.162001,0.280055,0.378533,0.000000,0.000000,0.000000,0.000000,0.000000,0.000000,nan,nan,nan,nan,nan,nan,OFF
1786341277511281219,2026-08-10T12:54:37.511328,ground_truth,0.475701,-2.333000,-0.127661,True,,,,,,,,,-0.162001,0.280055,0.378533,0.000000,0.000000,0.000000,0.000000,0.000000,0.000000,nan,nan,nan,nan,nan,nan,OFF
1786341277543345942,2026-08-10T12:54:37.543362,ground_truth,0.472031,-2.315000,-0.134325,True,,,,,,,,,-0.162001,0.280055,0.378533,0.000000,0.000000,0.000000,0.000000,0.000000,0.000000,nan,nan,nan,nan,nan,nan,OFF
1786341277577776013,2026-08-10T12:54:37.577794,ground_truth,0.473866,-2.324000,-0.142526,True,,,,,,,,,-0.162001,0.280055,0.378533,0.000000,0.000000,0.000000,0.000000,0.000000,0.000000,nan,nan,nan,nan,nan,nan,OFF
1786341277611724119,2026-08-10T12:54:37.611747,ground_truth,0.475848,-2.315000,-0.153448,True,,,,,,,,,-0.162001,0.280055,0.378533,0.000000,0.000000,0.000000,0.000000,0.000000,0.000000,nan,nan,nan,nan,nan,nan,OFF
1786341277642369319,2026-08-10T12:54:37.642388,ground_truth,0.476143,-2.298000,-0.156117,True,,,,,,,,,-0.162001,0.280055,0.378533,0.000000,0.000000,0.000000,0.000000,0.000000,0.000000,nan,nan,nan,nan,nan,nan,OFF
1786341277680033626,2026-08-10T12:54:37.680057,ground_truth,0.474278,-2.289000,-0.174414,True,,,,,,,,,-0.162001,0.280055,0.378533,0.000000,0.000000,0.000000,0.000000,0.000000,0.000000,nan,nan,nan,nan,nan,nan,OFF
1786341277713019076,2026-08-10T12:54:37.713035,ground_truth,0.472353,-2.298000,-0.171303,True,,,,,,,,,-0.162001,0.280055,0.378533,0.000000,0.000000,0.000000,0.000000,0.000000,0.000000,nan,nan,nan,nan,nan,nan,OFF
1786341277745828452,2026-08-10T12:54:37.745853,ground_truth,0.469098,-2.264000,-0.161288,True,,,,,,,,,-0.162001,0.280055,0.378533,0.000000,0.000000,0.000000,0.000000,0.000000,0.000000,nan,nan,nan,nan,nan,nan,OFF
1786341277777415819,2026-08-10T12:54:37.777438,ground_truth,0.465098,-2.281000,-0.158731,True,,,,,,,,,-0.162001,0.280055,0.378533,0.000000,0.000000,0.000000,0.000000,0.000000,0.000000,nan,nan,nan,nan,nan,nan,OFF
1786341277809077718,2026-08-10T12:54:37.809092,ground_truth,0.465098,-2.281000,-0.154963,True,,,,,,,,,-0.162001,0.280055,0.378533,0.000000,0.000000,0.000000,0.000000,0.000000,0.000000,nan,nan,nan,nan,nan,nan,OFF
1786341277842917659,2026-08-10T12:54:37.842945,ground_truth,0.463263,-2.272000,-0.154351,True,,,,,,,,,-0.162001,0.280055,0.378533,0.000000,0.000000,0.000000,0.000000,0.000000,0.000000,nan,nan,nan,nan,nan,nan,OFF
1786341277874938078,2026-08-10T12:54:37.874955,ground_truth,0.461337,-2.281000,-0.147426,True,,,,,,,,,-0.162001,0.280055,0.378533,0.000000,0.000000,0.000000,0.000000,0.000000,0.000000,nan,nan,nan,nan,nan,nan,OFF
1786341277908899109,2026-08-10T12:54:37.908921,ground_truth,0.455406,-2.289000,-0.147943,True,,,,,,,,,-0.162001,0.280055,0.378533,0.000000,0.000000,0.000000,0.000000,0.000000,0.000000,nan,nan,nan,nan,nan,nan,OFF
1786341277941374832,2026-08-10T12:54:37.941394,ground_truth,0.454986,-2.306000,-0.141422,True,,,,,,,,,-0.162001,0.280055,0.378533,0.000000,0.000000,0.000000,0.000000,0.000000,0.000000,nan,nan,nan,nan,nan,nan,OFF
1786341277974543620,2026-08-10T12:54:37.974557,ground_truth,0.451632,-2.289000,-0.147943,True,,,,,,,,,-0.162001,0.280055,0.378533,0.000000,0.000000,0.000000,0.000000,0.000000,0.000000,nan,nan,nan,nan,nan,nan,OFF
1786341278008832782,2026-08-10T12:54:38.008865,ground_truth,0.453408,-2.298000,-0.148525,True,,,,,,,,,-0.162001,0.280055,0.378533,0.000000,0.000000,0.000000,0.000000,0.000000,0.000000,nan,nan,nan,nan,nan,nan,OFF
1786341278041303910,2026-08-10T12:54:38.041323,ground_truth,0.452945,-2.315000,-0.149623,True,,,,,,,,,-0.162001,0.280055,0.378533,0.000000,0.000000,0.000000,0.000000,0.000000,0.000000,nan,nan,nan,nan,nan,nan,OFF
1786341278075056569,2026-08-10T12:54:38.075070,ground_truth,0.448773,-2.333000,-0.150787,True,,,,,,,,,-0.162001,0.280055,0.378533,0.000000,0.000000,0.000000,0.000000,0.000000,0.000000,nan,nan,nan,nan,nan,nan,OFF
1786341278108620881,2026-08-10T12:54:38.108641,ground_truth,0.448773,-2.333000,-0.150787,True,,,,,,,,,-0.162001,0.280055,0.378533,0.000000,0.000000,0.000000,0.000000,0.000000,0.000000,nan,nan,nan,nan,nan,nan,OFF
1786341278143771763,2026-08-10T12:54:38.143811,ground_truth,0.445310,-2.315000,-0.149623,True,,,,,,,,,-0.162001,0.280055,0.378533,0.000000,0.000000,0.000000,0.000000,0.000000,0.000000,nan,nan,nan,nan,nan,nan,OFF
1786341278177450733,2026-08-10T12:54:38.177468,ground_truth,0.439377,-2.324000,-0.150205,True,,,,,,,,,-0.162001,0.280055,0.378533,0.000000,0.000000,0.000000,0.000000,0.000000,0.000000,nan,nan,nan,nan,nan,nan,OFF
1786341278211539720,2026-08-10T12:54:38.211562,ground_truth,0.441079,-2.333000,-0.150787,True,,,,,,,,,-0.162001,0.280055,0.378533,0.000000,0.000000,0.000000,0.000000,0.000000,0.000000,nan,nan,nan,nan,nan,nan,OFF
1786341278243683387,2026-08-10T12:54:38.243700,ground_truth,0.439377,-2.324000,-0.154044,True,,,,,,,,,-0.162001,0.280055,0.378533,0.000000,0.000000,0.000000,0.000000,0.000000,0.000000,nan,nan,nan,nan,nan,nan,OFF
1786341278277451466,2026-08-10T12:54:38.277471,ground_truth,0.433859,-2.315000,-0.161097,True,,,,,,,,,-0.162001,0.280055,0.378533,0.000000,0.000000,0.000000,0.000000,0.000000,0.000000,nan,nan,nan,nan,nan,nan,OFF
1786341278945077744,2026-08-10T12:54:38.945099,ground_truth,0.425691,-2.333000,-0.166204,True,,,,,,,,,-0.162001,0.280055,0.378533,0.000000,0.000000,0.000000,0.000000,0.000000,0.000000,nan,nan,nan,nan,nan,nan,OFF
1786341281012994911,2026-08-10T12:54:41.013013,ground_truth,0.431713,-2.324000,-0.154044,True,,,,,,,,,-0.162001,0.280055,0.378533,0.000000,0.000000,0.000000,0.000000,0.000000,0.000000,nan,nan,nan,nan,nan,nan,OFF
1786341281044845885,2026-08-10T12:54:41.044870,ground_truth,0.429538,-2.333000,-0.139224,True,,,,,,,,,-0.162001,0.280055,0.378533,0.000000,0.000000,0.000000,0.000000,0.000000,0.000000,nan,nan,nan,nan,nan,nan,OFF
1786341281078791954,2026-08-10T12:54:41.078817,ground_truth,0.430618,-2.360000,-0.144734,True,,,,,,,,,-0.162001,0.280055,0.378533,0.000000,0.000000,0.000000,0.000000,0.000000,0.000000,nan,nan,nan,nan,nan,nan,OFF
1786341281111178735,2026-08-10T12:54:41.111200,ground_truth,0.425691,-2.333000,-0.143078,True,,,,,,,,,-0.162001,0.280055,0.378533,0.000000,0.000000,0.000000,0.000000,0.000000,0.000000,nan,nan,nan,nan,nan,nan,OFF
1786341281143364936,2026-08-10T12:54:41.143380,ground_truth,0.420217,-2.324000,-0.142526,True,,,,,,,,,-0.162001,0.280055,0.378533,0.000000,0.000000,0.000000,0.000000,0.000000,0.000000,nan,nan,nan,nan,nan,nan,OFF
1786341281178194249,2026-08-10T12:54:41.178213,ground_truth,0.416385,-2.324000,-0.142526,True,,,,,,,,,-0.162001,0.280055,0.378533,0.000000,0.000000,0.000000,0.000000,0.000000,0.000000,nan,nan,nan,nan,nan,nan,OFF
1786341281210397752,2026-08-10T12:54:41.210419,ground_truth,0.414773,-2.315000,-0.141974,True,,,,,,,,,-0.162001,0.280055,0.378533,0.000000,0.000000,0.000000,0.000000,0.000000,0.000000,nan,nan,nan,nan,nan,nan,OFF
1786341281246338153,2026-08-10T12:54:41.246388,ground_truth,0.414151,-2.333000,-0.143078,True,,,,,,,,,-0.162001,0.280055,0.378533,0.000000,0.000000,0.000000,0.000000,0.000000,0.000000,nan,nan,nan,nan,nan,nan,OFF
1786341281282490926,2026-08-10T12:54:41.282516,ground_truth,0.412553,-2.324000,-0.146366,True,,,,,,,,,-0.162001,0.280055,0.378533,0.000000,0.000000,0.000000,0.000000,0.000000,0.000000,nan,nan,nan,nan,nan,nan,OFF
1786341281313672271,2026-08-10T12:54:41.313689,ground_truth,0.410956,-2.315000,-0.145799,True,,,,,,,,,-0.162001,0.280055,0.378533,0.000000,0.000000,0.000000,0.000000,0.000000,0.000000,nan,nan,nan,nan,nan,nan,OFF
1786341281348220872,2026-08-10T12:54:41.348248,ground_truth,0.410304,-2.333000,-0.146932,True,,,,,,,,,-0.162001,0.280055,0.378533,0.000000,0.000000,0.000000,0.000000,0.000000,0.000000,nan,nan,nan,nan,nan,nan,OFF
1786341281380900148,2026-08-10T12:54:41.380928,ground_truth,0.405555,-2.306000,-0.145232,True,,,,,,,,,-0.162001,0.280055,0.378533,0.000000,0.000000,0.000000,0.000000,0.000000,0.000000,nan,nan,nan,nan,nan,nan,OFF
1786341281415061755,2026-08-10T12:54:41.415076,ground_truth,0.407138,-2.315000,-0.145799,True,,,,,,,,,-0.162001,0.280055,0.378533,0.000000,0.000000,0.000000,0.000000,0.000000,0.000000,nan,nan,nan,nan,nan,nan,OFF
1786341281447283773,2026-08-10T12:54:41.447305,ground_truth,0.406457,-2.333000,-0.143078,True,,,,,,,,,-0.162001,0.280055,0.378533,0.000000,0.000000,0.000000,0.000000,0.000000,0.000000,nan,nan,nan,nan,nan,nan,OFF
1786341281479129208,2026-08-10T12:54:41.479153,ground_truth,0.404917,-2.369000,-0.145286,True,,,,,,,,,-0.162001,0.280055,0.378533,0.000000,0.000000,0.000000,0.000000,0.000000,0.000000,nan,nan,nan,nan,nan,nan,OFF
1786341281516577498,2026-08-10T12:54:41.516630,ground_truth,0.400302,-2.342000,-0.143630,True,,,,,,,,,-0.162001,0.280055,0.378533,0.000000,0.000000,0.000000,0.000000,0.000000,0.000000,nan,nan,nan,nan,nan,nan,OFF
1786341281545244825,2026-08-10T12:54:41.545287,ground_truth,0.401840,-2.351000,-0.144182,True,,,,,,,,,-0.162001,0.280055,0.378533,0.000000,0.000000,0.000000,0.000000,0.000000,0.000000,nan,nan,nan,nan,nan,nan,OFF
1786341281581190766,2026-08-10T12:54:41.581207,ground_truth,0.401840,-2.351000,-0.140298,True,,,,,,,,,-0.162001,0.280055,0.378533,0.000000,0.000000,0.000000,0.000000,0.000000,0.000000,nan,nan,nan,nan,nan,nan,OFF
1786341281616926819,2026-08-10T12:54:41.616947,ground_truth,0.398763,-2.333000,-0.139224,True,,,,,,,,,-0.162001,0.280055,0.378533,0.000000,0.000000,0.000000,0.000000,0.000000,0.000000,nan,nan,nan,nan,nan,nan,OFF
1786341281647760004,2026-08-10T12:54:41.647773,ground_truth,0.406455,-2.378000,-0.141909,True,,,,,,,,,-0.162001,0.280055,0.378533,0.000000,0.000000,0.000000,0.000000,0.000000,0.000000,nan,nan,nan,nan,nan,nan,OFF
1786341281679816969,2026-08-10T12:54:41.679835,ground_truth,0.401840,-2.351000,-0.140298,True,,,,,,,,,-0.162001,0.280055,0.378533,0.000000,0.000000,0.000000,0.000000,0.000000,0.000000,nan,nan,nan,nan,nan,nan,OFF
1786341281713849602,2026-08-10T12:54:41.713866,ground_truth,0.401840,-2.351000,-0.140298,True,,,,,,,,,-0.162001,0.280055,0.378533,0.000000,0.000000,0.000000,0.000000,0.000000,0.000000,nan,nan,nan,nan,nan,nan,OFF
1786341281747373890,2026-08-10T12:54:41.747390,ground_truth,0.398763,-2.333000,-0.127661,True,,,,,,,,,-0.162001,0.280055,0.378533,0.000000,0.000000,0.000000,0.000000,0.000000,0.000000,nan,nan,nan,nan,nan,nan,OFF
1786341281780267893,2026-08-10T12:54:41.780316,ground_truth,0.401840,-2.351000,-0.109226,True,,,,,,,,,-0.162001,0.280055,0.378533,0.000000,0.000000,0.000000,0.000000,0.000000,0.000000,nan,nan,nan,nan,nan,nan,OFF
1786341281812922843,2026-08-10T12:54:41.812939,ground_truth,0.401010,-2.369000,-0.090493,True,,,,,,,,,-0.162001,0.280055,0.378533,0.000000,0.000000,0.000000,0.000000,0.000000,0.000000,nan,nan,nan,nan,nan,nan,OFF
1786341281854030643,2026-08-10T12:54:41.854072,ground_truth,0.401010,-2.369000,-0.063097,True,,,,,,,,,-0.162001,0.280055,0.378533,0.000000,0.000000,0.000000,0.000000,0.000000,0.000000,nan,nan,nan,nan,nan,nan,OFF
1786341281887142549,2026-08-10T12:54:41.887169,ground_truth,0.394692,-2.378000,-0.039765,True,,,,,,,,,-0.162001,0.280055,0.378533,0.000000,0.000000,0.000000,0.000000,0.000000,0.000000,nan,nan,nan,nan,nan,nan,OFF
1786341281914880694,2026-08-10T12:54:41.914902,ground_truth,0.385385,-2.369000,-0.008304,True,,,,,,,,,-0.162001,0.280055,0.378533,0.000000,0.000000,0.000000,0.000000,0.000000,0.000000,nan,nan,nan,nan,nan,nan,OFF
1786341281945692508,2026-08-10T12:54:41.945713,ground_truth,0.382457,-2.351000,0.022831,True,,,,,,,,,-0.162001,0.280055,0.378533,0.000000,0.000000,0.000000,0.000000,0.000000,0.000000,nan,nan,nan,nan,nan,nan,OFF
1786341281979889212,2026-08-10T12:54:41.979912,ground_truth,0.385988,-2.397000,0.039118,True,,,,,,,,,-0.162001,0.280055,0.378533,0.000000,0.000000,0.000000,0.000000,0.000000,0.000000,nan,nan,nan,nan,nan,nan,OFF
1786341282012976279,2026-08-10T12:54:42.013033,ground_truth,0.384378,-2.387000,0.050785,True,,,,,,,,,-0.162001,0.280055,0.378533,0.000000,0.000000,0.000000,0.000000,0.000000,0.000000,nan,nan,nan,nan,nan,nan,OFF
1786341282044545935,2026-08-10T12:54:42.044603,ground_truth,0.389940,-2.397000,0.058918,True,,,,,,,,,-0.162001,0.280055,0.378533,0.000000,0.000000,0.000000,0.000000,0.000000,0.000000,nan,nan,nan,nan,nan,nan,OFF
1786341282082853478,2026-08-10T12:54:42.082869,ground_truth,0.385385,-2.369000,0.069971,True,,,,,,,,,-0.162001,0.280055,0.378533,0.000000,0.000000,0.000000,0.000000,0.000000,0.000000,nan,nan,nan,nan,nan,nan,OFF
1786341282126554569,2026-08-10T12:54:42.126575,ground_truth,0.391704,-2.360000,0.069705,True,,,,,,,,,-0.162001,0.280055,0.378533,0.000000,0.000000,0.000000,0.000000,0.000000,0.000000,nan,nan,nan,nan,nan,nan,OFF
1786341282182185513,2026-08-10T12:54:42.182202,ground_truth,0.391704,-2.360000,0.065806,True,,,,,,,,,-0.162001,0.280055,0.378533,0.000000,0.000000,0.000000,0.000000,0.000000,0.000000,nan,nan,nan,nan,nan,nan,OFF
1786341282221868314,2026-08-10T12:54:42.221896,ground_truth,0.392578,-2.342000,0.061435,True,,,,,,,,,-0.162001,0.280055,0.378533,0.000000,0.000000,0.000000,0.000000,0.000000,0.000000,nan,nan,nan,nan,nan,nan,OFF
1786341282250450865,2026-08-10T12:54:42.250471,ground_truth,0.387223,-2.333000,0.061199,True,,,,,,,,,-0.162001,0.280055,0.378533,0.000000,0.000000,0.000000,0.000000,0.000000,0.000000,nan,nan,nan,nan,nan,nan,OFF
1786341282280469730,2026-08-10T12:54:42.280485,ground_truth,0.387223,-2.333000,0.065053,True,,,,,,,,,-0.162001,0.280055,0.378533,0.000000,0.000000,0.000000,0.000000,0.000000,0.000000,nan,nan,nan,nan,nan,nan,OFF
1786341282312464602,2026-08-10T12:54:42.312506,ground_truth,0.385729,-2.324000,0.064802,True,,,,,,,,,-0.162001,0.280055,0.378533,0.000000,0.000000,0.000000,0.000000,0.000000,0.000000,nan,nan,nan,nan,nan,nan,OFF
1786341282347357280,2026-08-10T12:54:42.347375,ground_truth,0.388716,-2.342000,0.065304,True,,,,,,,,,-0.162001,0.280055,0.378533,0.000000,0.000000,0.000000,0.000000,0.000000,0.000000,nan,nan,nan,nan,nan,nan,OFF
1786341282379202277,2026-08-10T12:54:42.379222,ground_truth,0.384235,-2.315000,0.068376,True,,,,,,,,,-0.162001,0.280055,0.378533,0.000000,0.000000,0.000000,0.000000,0.000000,0.000000,nan,nan,nan,nan,nan,nan,OFF
1786341282413830513,2026-08-10T12:54:42.413845,ground_truth,0.384235,-2.315000,0.068376,True,,,,,,,,,-0.162001,0.280055,0.378533,0.000000,0.000000,0.000000,0.000000,0.000000,0.000000,nan,nan,nan,nan,nan,nan,OFF
1786341282447843613,2026-08-10T12:54:42.447868,ground_truth,0.389561,-2.324000,0.064802,True,,,,,,,,,-0.162001,0.280055,0.378533,0.000000,0.000000,0.000000,0.000000,0.000000,0.000000,nan,nan,nan,nan,nan,nan,OFF
1786341282482084995,2026-08-10T12:54:42.482111,ground_truth,0.388052,-2.315000,0.064551,True,,,,,,,,,-0.162001,0.280055,0.378533,0.000000,0.000000,0.000000,0.000000,0.000000,0.000000,nan,nan,nan,nan,nan,nan,OFF
1786341282513686972,2026-08-10T12:54:42.513705,ground_truth,0.386544,-2.306000,0.060490,True,,,,,,,,,-0.162001,0.280055,0.378533,0.000000,0.000000,0.000000,0.000000,0.000000,0.000000,nan,nan,nan,nan,nan,nan,OFF
1786341282548272467,2026-08-10T12:54:42.548301,ground_truth,0.384855,-2.342000,0.057566,True,,,,,,,,,-0.162001,0.280055,0.378533,0.000000,0.000000,0.000000,0.000000,0.000000,0.000000,nan,nan,nan,nan,nan,nan,OFF
1786341282581644120,2026-08-10T12:54:42.581691,ground_truth,0.383376,-2.333000,0.053490,True,,,,,,,,,-0.162001,0.280055,0.378533,0.000000,0.000000,0.000000,0.000000,0.000000,0.000000,nan,nan,nan,nan,nan,nan,OFF
1786341282612157473,2026-08-10T12:54:42.612183,ground_truth,0.381897,-2.324000,0.045605,True,,,,,,,,,-0.162001,0.280055,0.378533,0.000000,0.000000,0.000000,0.000000,0.000000,0.000000,nan,nan,nan,nan,nan,nan,OFF
1786341282646101110,2026-08-10T12:54:42.646123,ground_truth,0.377624,-2.298000,0.037502,True,,,,,,,,,-0.162001,0.280055,0.378533,0.000000,0.000000,0.000000,0.000000,0.000000,0.000000,nan,nan,nan,nan,nan,nan,OFF
1786341282679594714,2026-08-10T12:54:42.679616,ground_truth,0.373352,-2.272000,0.037078,True,,,,,,,,,-0.162001,0.280055,0.378533,0.000000,0.000000,0.000000,0.000000,0.000000,0.000000,nan,nan,nan,nan,nan,nan,OFF
1786341282712165910,2026-08-10T12:54:42.712194,ground_truth,0.376145,-2.289000,0.033573,True,,,,,,,,,-0.162001,0.280055,0.378533,0.000000,0.000000,0.000000,0.000000,0.000000,0.000000,nan,nan,nan,nan,nan,nan,OFF
1786341282746830835,2026-08-10T12:54:42.746850,ground_truth,0.376145,-2.289000,0.033573,True,,,,,,,,,-0.162001,0.280055,0.378533,0.000000,0.000000,0.000000,0.000000,0.000000,0.000000,nan,nan,nan,nan,nan,nan,OFF
1786341282779282914,2026-08-10T12:54:42.779324,ground_truth,0.376145,-2.289000,0.033573,True,,,,,,,,,-0.162001,0.280055,0.378533,0.000000,0.000000,0.000000,0.000000,0.000000,0.000000,nan,nan,nan,nan,nan,nan,OFF
1786341282811741786,2026-08-10T12:54:42.811769,ground_truth,0.380418,-2.315000,0.033955,True,,,,,,,,,-0.162001,0.280055,0.378533,0.000000,0.000000,0.000000,0.000000,0.000000,0.000000,nan,nan,nan,nan,nan,nan,OFF
1786341282847161283,2026-08-10T12:54:42.847216,ground_truth,0.377624,-2.298000,0.037502,True,,,,,,,,,-0.162001,0.280055,0.378533,0.000000,0.000000,0.000000,0.000000,0.000000,0.000000,nan,nan,nan,nan,nan,nan,OFF
1786341282880950147,2026-08-10T12:54:42.880984,ground_truth,0.376145,-2.289000,0.041137,True,,,,,,,,,-0.162001,0.280055,0.378533,0.000000,0.000000,0.000000,0.000000,0.000000,0.000000,nan,nan,nan,nan,nan,nan,OFF
1786341282916153994,2026-08-10T12:54:42.916175,ground_truth,0.370723,-2.256000,0.044271,True,,,,,,,,,-0.162001,0.280055,0.378533,0.000000,0.000000,0.000000,0.000000,0.000000,0.000000,nan,nan,nan,nan,nan,nan,OFF
1786341282948173573,2026-08-10T12:54:42.948221,ground_truth,0.370723,-2.256000,0.044271,True,,,,,,,,,-0.162001,0.280055,0.378533,0.000000,0.000000,0.000000,0.000000,0.000000,0.000000,nan,nan,nan,nan,nan,nan,OFF
1786341282983927384,2026-08-10T12:54:42.983942,ground_truth,0.366614,-2.231000,0.051152,True,,,,,,,,,-0.162001,0.280055,0.378533,0.000000,0.000000,0.000000,0.000000,0.000000,0.000000,nan,nan,nan,nan,nan,nan,OFF
1786341283016425608,2026-08-10T12:54:43.016461,ground_truth,0.366614,-2.231000,0.054837,True,,,,,,,,,-0.162001,0.280055,0.378533,0.000000,0.000000,0.000000,0.000000,0.000000,0.000000,nan,nan,nan,nan,nan,nan,OFF
1786341283050405639,2026-08-10T12:54:43.050418,ground_truth,0.359257,-2.231000,0.065895,True,,,,,,,,,-0.162001,0.280055,0.378533,0.000000,0.000000,0.000000,0.000000,0.000000,0.000000,nan,nan,nan,nan,nan,nan,OFF
1786341283081110149,2026-08-10T12:54:43.081142,ground_truth,0.350478,-2.199000,0.068582,True,,,,,,,,,-0.162001,0.280055,0.378533,0.000000,0.000000,0.000000,0.000000,0.000000,0.000000,nan,nan,nan,nan,nan,nan,OFF
1786341283114305752,2026-08-10T12:54:43.114320,ground_truth,0.338365,-2.191000,0.082812,True,,,,,,,,,-0.162001,0.280055,0.378533,0.000000,0.000000,0.000000,0.000000,0.000000,0.000000,nan,nan,nan,nan,nan,nan,OFF
1786341283150162631,2026-08-10T12:54:43.150191,ground_truth,0.331140,-2.191000,0.090051,True,,,,,,,,,-0.162001,0.280055,0.378533,0.000000,0.000000,0.000000,0.000000,0.000000,0.000000,nan,nan,nan,nan,nan,nan,OFF
1786341283182809153,2026-08-10T12:54:43.182826,ground_truth,0.313577,-2.145000,0.091704,True,,,,,,,,,-0.162001,0.280055,0.378533,0.000000,0.000000,0.000000,0.000000,0.000000,0.000000,nan,nan,nan,nan,nan,nan,OFF
1786341283214902677,2026-08-10T12:54:43.214918,ground_truth,0.301977,-2.138000,0.105533,True,,,,,,,,,-0.162001,0.280055,0.378533,0.000000,0.000000,0.000000,0.000000,0.000000,0.000000,nan,nan,nan,nan,nan,nan,OFF
1786341283248353454,2026-08-10T12:54:43.248390,ground_truth,0.290838,-2.160000,0.106619,True,,,,,,,,,-0.162001,0.280055,0.378533,0.000000,0.000000,0.000000,0.000000,0.000000,0.000000,nan,nan,nan,nan,nan,nan,OFF
1786341283283678666,2026-08-10T12:54:43.283694,ground_truth,0.272750,-2.130000,0.108657,True,,,,,,,,,-0.162001,0.280055,0.378533,0.000000,0.000000,0.000000,0.000000,0.000000,0.000000,nan,nan,nan,nan,nan,nan,OFF
1786341283317469828,2026-08-10T12:54:43.317518,ground_truth,0.256030,-2.108000,0.104053,True,,,,,,,,,-0.162001,0.280055,0.378533,0.000000,0.000000,0.000000,0.000000,0.000000,0.000000,nan,nan,nan,nan,nan,nan,OFF
1786341283348211258,2026-08-10T12:54:43.348256,ground_truth,0.237629,-2.130000,0.105138,True,,,,,,,,,-0.162001,0.280055,0.378533,0.000000,0.000000,0.000000,0.000000,0.000000,0.000000,nan,nan,nan,nan,nan,nan,OFF
1786341283380885403,2026-08-10T12:54:43.380912,ground_truth,0.216556,-2.130000,0.098101,True,,,,,,,,,-0.162001,0.280055,0.378533,0.000000,0.000000,0.000000,0.000000,0.000000,0.000000,nan,nan,nan,nan,nan,nan,OFF
1786341283412676543,2026-08-10T12:54:43.412689,ground_truth,0.187839,-2.123000,0.083749,True,,,,,,,,,-0.162001,0.280055,0.378533,0.000000,0.000000,0.000000,0.000000,0.000000,0.000000,nan,nan,nan,nan,nan,nan,OFF
1786341283445391455,2026-08-10T12:54:43.445406,ground_truth,0.159307,-2.116000,0.072985,True,,,,,,,,,-0.162001,0.280055,0.378533,0.000000,0.000000,0.000000,0.000000,0.000000,0.000000,nan,nan,nan,nan,nan,nan,OFF
1786341283480707920,2026-08-10T12:54:43.480723,ground_truth,0.133928,-2.101000,0.058584,True,,,,,,,,,-0.162001,0.280055,0.378533,0.000000,0.000000,0.000000,0.000000,0.000000,0.000000,nan,nan,nan,nan,nan,nan,OFF
1786341283513025328,2026-08-10T12:54:43.513037,ground_truth,0.123123,-2.094000,0.058389,True,,,,,,,,,-0.162001,0.280055,0.378533,0.000000,0.000000,0.000000,0.000000,0.000000,0.000000,nan,nan,nan,nan,nan,nan,OFF
1786341283548571178,2026-08-10T12:54:43.548641,ground_truth,0.120928,-2.116000,0.055506,True,,,,,,,,,-0.162001,0.280055,0.378533,0.000000,0.000000,0.000000,0.000000,0.000000,0.000000,nan,nan,nan,nan,nan,nan,OFF
1786341283579877388,2026-08-10T12:54:43.579899,ground_truth,0.121328,-2.123000,0.055690,True,,,,,,,,,-0.162001,0.280055,0.378533,0.000000,0.000000,0.000000,0.000000,0.000000,0.000000,nan,nan,nan,nan,nan,nan,OFF
1786341283613811051,2026-08-10T12:54:43.613859,ground_truth,0.120471,-2.108000,0.051814,True,,,,,,,,,-0.162001,0.280055,0.378533,0.000000,0.000000,0.000000,0.000000,0.000000,0.000000,nan,nan,nan,nan,nan,nan,OFF
1786341283647548732,2026-08-10T12:54:43.647578,ground_truth,0.123123,-2.094000,0.041092,True,,,,,,,,,-0.162001,0.280055,0.378533,0.000000,0.000000,0.000000,0.000000,0.000000,0.000000,nan,nan,nan,nan,nan,nan,OFF
1786341283682633397,2026-08-10T12:54:43.682652,ground_truth,0.130463,-2.101000,0.037758,True,,,,,,,,,-0.162001,0.280055,0.378533,0.000000,0.000000,0.000000,0.000000,0.000000,0.000000,nan,nan,nan,nan,nan,nan,OFF
1786341283716688250,2026-08-10T12:54:43.716723,ground_truth,0.134374,-2.108000,0.037884,True,,,,,,,,,-0.162001,0.280055,0.378533,0.000000,0.000000,0.000000,0.000000,0.000000,0.000000,nan,nan,nan,nan,nan,nan,OFF
1786341283749388895,2026-08-10T12:54:43.749410,ground_truth,0.133035,-2.087000,0.034059,True,,,,,,,,,-0.162001,0.280055,0.378533,0.000000,0.000000,0.000000,0.000000,0.000000,0.000000,nan,nan,nan,nan,nan,nan,OFF
1786341283783261993,2026-08-10T12:54:43.783289,ground_truth,0.134646,-2.059000,0.030200,True,,,,,,,,,-0.162001,0.280055,0.378533,0.000000,0.000000,0.000000,0.000000,0.000000,0.000000,nan,nan,nan,nan,nan,nan,OFF
1786341283815428244,2026-08-10T12:54:43.815476,ground_truth,0.138510,-2.066000,0.020063,True,,,,,,,,,-0.162001,0.280055,0.378533,0.000000,0.000000,0.000000,0.000000,0.000000,0.000000,nan,nan,nan,nan,nan,nan,OFF
1786341283848647943,2026-08-10T12:54:43.848671,ground_truth,0.147785,-2.101000,0.016932,True,,,,,,,,,-0.162001,0.280055,0.378533,0.000000,0.000000,0.000000,0.000000,0.000000,0.000000,nan,nan,nan,nan,nan,nan,OFF
1786341283880818373,2026-08-10T12:54:43.880863,ground_truth,0.153683,-2.087000,0.013371,True,,,,,,,,,-0.162001,0.280055,0.378533,0.000000,0.000000,0.000000,0.000000,0.000000,0.000000,nan,nan,nan,nan,nan,nan,OFF
1786341283913272129,2026-08-10T12:54:43.913287,ground_truth,0.160565,-2.087000,0.013371,True,,,,,,,,,-0.162001,0.280055,0.378533,0.000000,0.000000,0.000000,0.000000,0.000000,0.000000,nan,nan,nan,nan,nan,nan,OFF
1786341283948444862,2026-08-10T12:54:43.948468,ground_truth,0.164007,-2.087000,0.009923,True,,,,,,,,,-0.162001,0.280055,0.378533,0.000000,0.000000,0.000000,0.000000,0.000000,0.000000,nan,nan,nan,nan,nan,nan,OFF
1786341283979903351,2026-08-10T12:54:43.979930,ground_truth,0.164007,-2.087000,0.006476,True,,,,,,,,,-0.162001,0.280055,0.378533,0.000000,0.000000,0.000000,0.000000,0.000000,0.000000,nan,nan,nan,nan,nan,nan,OFF
1786341284014819354,2026-08-10T12:54:44.014833,ground_truth,0.164007,-2.087000,0.006476,True,,,,,,,,,-0.162001,0.280055,0.378533,0.000000,0.000000,0.000000,0.000000,0.000000,0.000000,nan,nan,nan,nan,nan,nan,OFF
1786341284048647401,2026-08-10T12:54:44.048674,ground_truth,0.161806,-2.059000,0.006389,True,,,,,,,,,-0.162001,0.280055,0.378533,0.000000,0.000000,0.000000,0.000000,0.000000,0.000000,nan,nan,nan,nan,nan,nan,OFF
1786341284081482645,2026-08-10T12:54:44.081504,ground_truth,0.162906,-2.073000,0.003007,True,,,,,,,,,-0.162001,0.280055,0.378533,0.000000,0.000000,0.000000,0.000000,0.000000,0.000000,nan,nan,nan,nan,nan,nan,OFF
1786341284114750740,2026-08-10T12:54:44.114783,ground_truth,0.164007,-2.087000,0.003028,True,,,,,,,,,-0.162001,0.280055,0.378533,0.000000,0.000000,0.000000,0.000000,0.000000,0.000000,nan,nan,nan,nan,nan,nan,OFF
1786341284148681611,2026-08-10T12:54:44.148704,ground_truth,0.160565,-2.087000,0.003028,True,,,,,,,,,-0.162001,0.280055,0.378533,0.000000,0.000000,0.000000,0.000000,0.000000,0.000000,nan,nan,nan,nan,nan,nan,OFF
1786341284181345010,2026-08-10T12:54:44.181366,ground_truth,0.158705,-2.108000,0.003058,True,,,,,,,,,-0.162001,0.280055,0.378533,0.000000,0.000000,0.000000,0.000000,0.000000,0.000000,nan,nan,nan,nan,nan,nan,OFF
1786341284212889297,2026-08-10T12:54:44.212905,ground_truth,0.153337,-2.130000,0.006609,True,,,,,,,,,-0.162001,0.280055,0.378533,0.000000,0.000000,0.000000,0.000000,0.000000,0.000000,nan,nan,nan,nan,nan,nan,OFF
1786341284246122506,2026-08-10T12:54:44.246167,ground_truth,0.147427,-2.199000,0.010456,True,,,,,,,,,-0.162001,0.280055,0.378533,0.000000,0.000000,0.000000,0.000000,0.000000,0.000000,nan,nan,nan,nan,nan,nan,OFF
1786341284283006757,2026-08-10T12:54:44.283028,ground_truth,0.139155,-2.183000,0.013986,True,,,,,,,,,-0.162001,0.280055,0.378533,0.000000,0.000000,0.000000,0.000000,0.000000,0.000000,nan,nan,nan,nan,nan,nan,OFF
1786341284314730484,2026-08-10T12:54:44.314745,ground_truth,0.134624,-2.168000,0.017472,True,,,,,,,,,-0.162001,0.280055,0.378533,0.000000,0.000000,0.000000,0.000000,0.000000,0.000000,nan,nan,nan,nan,nan,nan,OFF
1786341284346651955,2026-08-10T12:54:44.346673,ground_truth,0.130566,-2.160000,0.017407,True,,,,,,,,,-0.162001,0.280055,0.378533,0.000000,0.000000,0.000000,0.000000,0.000000,0.000000,nan,nan,nan,nan,nan,nan,OFF
1786341284378818061,2026-08-10T12:54:44.378861,ground_truth,0.127945,-2.176000,0.017536,True,,,,,,,,,-0.162001,0.280055,0.378533,0.000000,0.000000,0.000000,0.000000,0.000000,0.000000,nan,nan,nan,nan,nan,nan,OFF
1786341284413410787,2026-08-10T12:54:44.413444,ground_truth,0.128827,-2.191000,0.017657,True,,,,,,,,,-0.162001,0.280055,0.378533,0.000000,0.000000,0.000000,0.000000,0.000000,0.000000,nan,nan,nan,nan,nan,nan,OFF
1786341284449314269,2026-08-10T12:54:44.449328,ground_truth,0.131533,-2.176000,0.013942,True,,,,,,,,,-0.162001,0.280055,0.378533,0.000000,0.000000,0.000000,0.000000,0.000000,0.000000,nan,nan,nan,nan,nan,nan,OFF
1786341284482901629,2026-08-10T12:54:44.482941,ground_truth,0.133407,-2.207000,0.014140,True,,,,,,,,,-0.162001,0.280055,0.378533,0.000000,0.000000,0.000000,0.000000,0.000000,0.000000,nan,nan,nan,nan,nan,nan,OFF
1786341284516289371,2026-08-10T12:54:44.516309,ground_truth,0.133890,-2.215000,0.014191,True,,,,,,,,,-0.162001,0.280055,0.378533,0.000000,0.000000,0.000000,0.000000,0.000000,0.000000,nan,nan,nan,nan,nan,nan,OFF
1786341284549993693,2026-08-10T12:54:44.550012,ground_truth,0.131533,-2.176000,0.013942,True,,,,,,,,,-0.162001,0.280055,0.378533,0.000000,0.000000,0.000000,0.000000,0.000000,0.000000,nan,nan,nan,nan,nan,nan,OFF
1786341284582669044,2026-08-10T12:54:44.582693,ground_truth,0.131049,-2.168000,0.010309,True,,,,,,,,,-0.162001,0.280055,0.378533,0.000000,0.000000,0.000000,0.000000,0.000000,0.000000,nan,nan,nan,nan,nan,nan,OFF
1786341284615310381,2026-08-10T12:54:44.615326,ground_truth,0.129659,-2.145000,0.006656,True,,,,,,,,,-0.162001,0.280055,0.378533,0.000000,0.000000,0.000000,0.000000,0.000000,0.000000,nan,nan,nan,nan,nan,nan,OFF
1786341284647678259,2026-08-10T12:54:44.647693,ground_truth,0.131956,-2.183000,0.006773,True,,,,,,,,,-0.162001,0.280055,0.378533,0.000000,0.000000,0.000000,0.000000,0.000000,0.000000,nan,nan,nan,nan,nan,nan,OFF
1786341284680300980,2026-08-10T12:54:44.680329,ground_truth,0.134127,-2.160000,0.006702,True,,,,,,,,,-0.162001,0.280055,0.378533,0.000000,0.000000,0.000000,0.000000,0.000000,0.000000,nan,nan,nan,nan,nan,nan,OFF
1786341284713493342,2026-08-10T12:54:44.713512,ground_truth,0.134127,-2.160000,0.006702,True,,,,,,,,,-0.162001,0.280055,0.378533,0.000000,0.000000,0.000000,0.000000,0.000000,0.000000,nan,nan,nan,nan,nan,nan,OFF
1786341284750426786,2026-08-10T12:54:44.750446,ground_truth,0.132761,-2.138000,0.006634,True,,,,,,,,,-0.162001,0.280055,0.378533,0.000000,0.000000,0.000000,0.000000,0.000000,0.000000,nan,nan,nan,nan,nan,nan,OFF
1786341284782865889,2026-08-10T12:54:44.782901,ground_truth,0.134127,-2.160000,0.003134,True,,,,,,,,,-0.162001,0.280055,0.378533,0.000000,0.000000,0.000000,0.000000,0.000000,0.000000,nan,nan,nan,nan,nan,nan,OFF
1786341284814950681,2026-08-10T12:54:44.814963,ground_truth,0.137689,-2.160000,0.003134,True,,,,,,,,,-0.162001,0.280055,0.378533,0.000000,0.000000,0.000000,0.000000,0.000000,0.000000,nan,nan,nan,nan,nan,nan,OFF
1786341284847932493,2026-08-10T12:54:44.847972,ground_truth,0.141250,-2.160000,0.003134,True,,,,,,,,,-0.162001,0.280055,0.378533,0.000000,0.000000,0.000000,0.000000,0.000000,0.000000,nan,nan,nan,nan,nan,nan,OFF
1786341284882632553,2026-08-10T12:54:44.882647,ground_truth,0.141250,-2.160000,0.003134,True,,,,,,,,,-0.162001,0.280055,0.378533,0.000000,0.000000,0.000000,0.000000,0.000000,0.000000,nan,nan,nan,nan,nan,nan,OFF
1786341284917429306,2026-08-10T12:54:44.917458,ground_truth,0.141774,-2.168000,0.003145,True,,,,,,,,,-0.162001,0.280055,0.378533,0.000000,0.000000,0.000000,0.000000,0.000000,0.000000,nan,nan,nan,nan,nan,nan,OFF
1786341284947855533,2026-08-10T12:54:44.947876,ground_truth,0.139812,-2.138000,-0.000430,True,,,,,,,,,-0.162001,0.280055,0.378533,0.000000,0.000000,0.000000,0.000000,0.000000,0.000000,nan,nan,nan,nan,nan,nan,OFF
1786341284982113425,2026-08-10T12:54:44.982150,ground_truth,0.141250,-2.160000,-0.000435,True,,,,,,,,,-0.162001,0.280055,0.378533,0.000000,0.000000,0.000000,0.000000,0.000000,0.000000,nan,nan,nan,nan,nan,nan,OFF
1786341285014404305,2026-08-10T12:54:45.014417,ground_truth,0.144343,-2.153000,-0.000433,True,,,,,,,,,-0.162001,0.280055,0.378533,0.000000,0.000000,0.000000,0.000000,0.000000,0.000000,nan,nan,nan,nan,nan,nan,OFF
1786341285047742246,2026-08-10T12:54:45.047760,ground_truth,0.143806,-2.145000,-0.003976,True,,,,,,,,,-0.162001,0.280055,0.378533,0.000000,0.000000,0.000000,0.000000,0.000000,0.000000,nan,nan,nan,nan,nan,nan,OFF
1786341285081011007,2026-08-10T12:54:45.081033,ground_truth,0.143806,-2.145000,-0.003976,True,,,,,,,,,-0.162001,0.280055,0.378533,0.000000,0.000000,0.000000,0.000000,0.000000,0.000000,nan,nan,nan,nan,nan,nan,OFF
1786341285113066467,2026-08-10T12:54:45.113098,ground_truth,0.143806,-2.145000,-0.003976,True,,,,,,,,,-0.162001,0.280055,0.378533,0.000000,0.000000,0.000000,0.000000,0.000000,0.000000,nan,nan,nan,nan,nan,nan,OFF
1786341285147902509,2026-08-10T12:54:45.147929,ground_truth,0.144812,-2.160000,-0.004003,True,,,,,,,,,-0.162001,0.280055,0.378533,0.000000,0.000000,0.000000,0.000000,0.000000,0.000000,nan,nan,nan,nan,nan,nan,OFF
1786341285180987261,2026-08-10T12:54:45.181037,ground_truth,0.148923,-2.168000,-0.004018,True,,,,,,,,,-0.162001,0.280055,0.378533,0.000000,0.000000,0.000000,0.000000,0.000000,0.000000,nan,nan,nan,nan,nan,nan,OFF
1786341285214407308,2026-08-10T12:54:45.214447,ground_truth,0.150880,-2.145000,-0.000432,True,,,,,,,,,-0.162001,0.280055,0.378533,0.000000,0.000000,0.000000,0.000000,0.000000,0.000000,nan,nan,nan,nan,nan,nan,OFF
1786341285250017567,2026-08-10T12:54:45.250053,ground_truth,0.150880,-2.145000,-0.000432,True,,,,,,,,,-0.162001,0.280055,0.378533,0.000000,0.000000,0.000000,0.000000,0.000000,0.000000,nan,nan,nan,nan,nan,nan,OFF
1786341285282879747,2026-08-10T12:54:45.282906,ground_truth,0.151443,-2.153000,0.003123,True,,,,,,,,,-0.162001,0.280055,0.378533,0.000000,0.000000,0.000000,0.000000,0.000000,0.000000,nan,nan,nan,nan,nan,nan,OFF
1786341285316282942,2026-08-10T12:54:45.316311,ground_truth,0.150388,-2.138000,-0.000430,True,,,,,,,,,-0.162001,0.280055,0.378533,0.000000,0.000000,0.000000,0.000000,0.000000,0.000000,nan,nan,nan,nan,nan,nan,OFF
1786341285350179062,2026-08-10T12:54:45.350200,ground_truth,0.150880,-2.145000,0.003112,True,,,,,,,,,-0.162001,0.280055,0.378533,0.000000,0.000000,0.000000,0.000000,0.000000,0.000000,nan,nan,nan,nan,nan,nan,OFF
1786341285383615430,2026-08-10T12:54:45.383630,ground_truth,0.150880,-2.145000,0.003112,True,,,,,,,,,-0.162001,0.280055,0.378533,0.000000,0.000000,0.000000,0.000000,0.000000,0.000000,nan,nan,nan,nan,nan,nan,OFF
1786341285415055293,2026-08-10T12:54:45.415070,ground_truth,0.153337,-2.130000,0.003090,True,,,,,,,,,-0.162001,0.280055,0.378533,0.000000,0.000000,0.000000,0.000000,0.000000,0.000000,nan,nan,nan,nan,nan,nan,OFF
1786341285449439568,2026-08-10T12:54:45.449460,ground_truth,0.153337,-2.130000,0.010128,True,,,,,,,,,-0.162001,0.280055,0.378533,0.000000,0.000000,0.000000,0.000000,0.000000,0.000000,nan,nan,nan,nan,nan,nan,OFF
1786341285481180513,2026-08-10T12:54:45.481201,ground_truth,0.151935,-2.160000,0.006702,True,,,,,,,,,-0.162001,0.280055,0.378533,0.000000,0.000000,0.000000,0.000000,0.000000,0.000000,nan,nan,nan,nan,nan,nan,OFF
1786341285513736311,2026-08-10T12:54:45.513753,ground_truth,0.150880,-2.145000,0.006656,True,,,,,,,,,-0.162001,0.280055,0.378533,0.000000,0.000000,0.000000,0.000000,0.000000,0.000000,nan,nan,nan,nan,nan,nan,OFF
1786341285550872053,2026-08-10T12:54:45.550891,ground_truth,0.145832,-2.123000,0.006587,True,,,,,,,,,-0.162001,0.280055,0.378533,0.000000,0.000000,0.000000,0.000000,0.000000,0.000000,nan,nan,nan,nan,nan,nan,OFF
1786341285581882552,2026-08-10T12:54:45.581904,ground_truth,0.144343,-2.153000,0.003123,True,,,,,,,,,-0.162001,0.280055,0.378533,0.000000,0.000000,0.000000,0.000000,0.000000,0.000000,nan,nan,nan,nan,nan,nan,OFF
1786341285616827981,2026-08-10T12:54:45.616890,ground_truth,0.143337,-2.138000,0.003102,True,,,,,,,,,-0.162001,0.280055,0.378533,0.000000,0.000000,0.000000,0.000000,0.000000,0.000000,nan,nan,nan,nan,nan,nan,OFF
1786341285649982295,2026-08-10T12:54:45.650002,ground_truth,0.143806,-2.145000,0.003112,True,,,,,,,,,-0.162001,0.280055,0.378533,0.000000,0.000000,0.000000,0.000000,0.000000,0.000000,nan,nan,nan,nan,nan,nan,OFF
1786341285684450058,2026-08-10T12:54:45.684464,ground_truth,0.143806,-2.145000,0.003112,True,,,,,,,,,-0.162001,0.280055,0.378533,0.000000,0.000000,0.000000,0.000000,0.000000,0.000000,nan,nan,nan,nan,nan,nan,OFF
1786341285715041733,2026-08-10T12:54:45.715074,ground_truth,0.143806,-2.145000,0.003112,True,,,,,,,,,-0.162001,0.280055,0.378533,0.000000,0.000000,0.000000,0.000000,0.000000,0.000000,nan,nan,nan,nan,nan,nan,OFF
1786341285750602018,2026-08-10T12:54:45.750622,ground_truth,0.144343,-2.153000,-0.000433,True,,,,,,,,,-0.162001,0.280055,0.378533,0.000000,0.000000,0.000000,0.000000,0.000000,0.000000,nan,nan,nan,nan,nan,nan,OFF
1786341285781517016,2026-08-10T12:54:45.781537,ground_truth,0.143806,-2.145000,-0.003976,True,,,,,,,,,-0.162001,0.280055,0.378533,0.000000,0.000000,0.000000,0.000000,0.000000,0.000000,nan,nan,nan,nan,nan,nan,OFF
1786341285818993584,2026-08-10T12:54:45.819013,ground_truth,0.144343,-2.153000,-0.003990,True,,,,,,,,,-0.162001,0.280055,0.378533,0.000000,0.000000,0.000000,0.000000,0.000000,0.000000,nan,nan,nan,nan,nan,nan,OFF
1786341285849387344,2026-08-10T12:54:45.849402,ground_truth,0.146313,-2.130000,-0.003948,True,,,,,,,,,-0.162001,0.280055,0.378533,0.000000,0.000000,0.000000,0.000000,0.000000,0.000000,nan,nan,nan,nan,nan,nan,OFF
1786341285880910024,2026-08-10T12:54:45.880928,ground_truth,0.145832,-2.123000,-0.000427,True,,,,,,,,,-0.162001,0.280055,0.378533,0.000000,0.000000,0.000000,0.000000,0.000000,0.000000,nan,nan,nan,nan,nan,nan,OFF
1786341285913262968,2026-08-10T12:54:45.913280,ground_truth,0.146313,-2.130000,-0.000429,True,,,,,,,,,-0.162001,0.280055,0.378533,0.000000,0.000000,0.000000,0.000000,0.000000,0.000000,nan,nan,nan,nan,nan,nan,OFF
1786341285948828102,2026-08-10T12:54:45.948859,ground_truth,0.147343,-2.145000,-0.003976,True,,,,,,,,,-0.162001,0.280055,0.378533,0.000000,0.000000,0.000000,0.000000,0.000000,0.000000,nan,nan,nan,nan,nan,nan,OFF
1786341285981665034,2026-08-10T12:54:45.981722,ground_truth,0.146862,-2.138000,-0.003963,True,,,,,,,,,-0.162001,0.280055,0.378533,0.000000,0.000000,0.000000,0.000000,0.000000,0.000000,nan,nan,nan,nan,nan,nan,OFF
1786341286014470513,2026-08-10T12:54:46.014511,ground_truth,0.151443,-2.153000,-0.003990,True,,,,,,,,,-0.162001,0.280055,0.378533,0.000000,0.000000,0.000000,0.000000,0.000000,0.000000,nan,nan,nan,nan,nan,nan,OFF
1786341286047856320,2026-08-10T12:54:46.047893,ground_truth,0.150388,-2.138000,-0.003963,True,,,,,,,,,-0.162001,0.280055,0.378533,0.000000,0.000000,0.000000,0.000000,0.000000,0.000000,nan,nan,nan,nan,nan,nan,OFF
1786341286083009226,2026-08-10T12:54:46.083032,ground_truth,0.151443,-2.153000,-0.003990,True,,,,,,,,,-0.162001,0.280055,0.378533,0.000000,0.000000,0.000000,0.000000,0.000000,0.000000,nan,nan,nan,nan,nan,nan,OFF
1786341286116165788,2026-08-10T12:54:46.116179,ground_truth,0.150880,-2.145000,-0.000432,True,,,,,,,,,-0.162001,0.280055,0.378533,0.000000,0.000000,0.000000,0.000000,0.000000,0.000000,nan,nan,nan,nan,nan,nan,OFF
1786341286151403676,2026-08-10T12:54:46.151425,ground_truth,0.150388,-2.138000,-0.000430,True,,,,,,,,,-0.162001,0.280055,0.378533,0.000000,0.000000,0.000000,0.000000,0.000000,0.000000,nan,nan,nan,nan,nan,nan,OFF
1786341286184214162,2026-08-10T12:54:46.184227,ground_truth,0.150880,-2.145000,-0.000432,True,,,,,,,,,-0.162001,0.280055,0.378533,0.000000,0.000000,0.000000,0.000000,0.000000,0.000000,nan,nan,nan,nan,nan,nan,OFF
1786341286215643209,2026-08-10T12:54:46.215692,ground_truth,0.150880,-2.145000,-0.000432,True,,,,,,,,,-0.162001,0.280055,0.378533,0.000000,0.000000,0.000000,0.000000,0.000000,0.000000,nan,nan,nan,nan,nan,nan,OFF
1786341286250357313,2026-08-10T12:54:46.250388,ground_truth,0.150880,-2.145000,-0.000432,True,,,,,,,,,-0.162001,0.280055,0.378533,0.000000,0.000000,0.000000,0.000000,0.000000,0.000000,nan,nan,nan,nan,nan,nan,OFF
1786341286283006013,2026-08-10T12:54:46.283040,ground_truth,0.151443,-2.153000,-0.000433,True,,,,,,,,,-0.162001,0.280055,0.378533,0.000000,0.000000,0.000000,0.000000,0.000000,0.000000,nan,nan,nan,nan,nan,nan,OFF
1786341286314000717,2026-08-10T12:54:46.314034,ground_truth,0.150880,-2.145000,-0.000432,True,,,,,,,,,-0.162001,0.280055,0.378533,0.000000,0.000000,0.000000,0.000000,0.000000,0.000000,nan,nan,nan,nan,nan,nan,OFF
1786341286351805811,2026-08-10T12:54:46.351852,ground_truth,0.151935,-2.160000,-0.000435,True,,,,,,,,,-0.162001,0.280055,0.378533,0.000000,0.000000,0.000000,0.000000,0.000000,0.000000,nan,nan,nan,nan,nan,nan,OFF
1786341286383467849,2026-08-10T12:54:46.383484,ground_truth,0.150388,-2.138000,-0.000430,True,,,,,,,,,-0.162001,0.280055,0.378533,0.000000,0.000000,0.000000,0.000000,0.000000,0.000000,nan,nan,nan,nan,nan,nan,OFF
1786341286417286076,2026-08-10T12:54:46.417304,ground_truth,0.150388,-2.138000,-0.000430,True,,,,,,,,,-0.162001,0.280055,0.378533,0.000000,0.000000,0.000000,0.000000,0.000000,0.000000,nan,nan,nan,nan,nan,nan,OFF
1786341286450669167,2026-08-10T12:54:46.450689,ground_truth,0.149825,-2.130000,-0.000429,True,,,,,,,,,-0.162001,0.280055,0.378533,0.000000,0.000000,0.000000,0.000000,0.000000,0.000000,nan,nan,nan,nan,nan,nan,OFF
1786341286483477319,2026-08-10T12:54:46.483509,ground_truth,0.150388,-2.138000,-0.000430,True,,,,,,,,,-0.162001,0.280055,0.378533,0.000000,0.000000,0.000000,0.000000,0.000000,0.000000,nan,nan,nan,nan,nan,nan,OFF
1786341286515360106,2026-08-10T12:54:46.515390,ground_truth,0.150880,-2.145000,-0.003976,True,,,,,,,,,-0.162001,0.280055,0.378533,0.000000,0.000000,0.000000,0.000000,0.000000,0.000000,nan,nan,nan,nan,nan,nan,OFF
1786341286548546004,2026-08-10T12:54:46.548598,ground_truth,0.150388,-2.138000,-0.000430,True,,,,,,,,,-0.162001,0.280055,0.378533,0.000000,0.000000,0.000000,0.000000,0.000000,0.000000,nan,nan,nan,nan,nan,nan,OFF
1786341286582106852,2026-08-10T12:54:46.582158,ground_truth,0.149825,-2.130000,-0.000429,True,,,,,,,,,-0.162001,0.280055,0.378533,0.000000,0.000000,0.000000,0.000000,0.000000,0.000000,nan,nan,nan,nan,nan,nan,OFF
1786341286614455753,2026-08-10T12:54:46.614472,ground_truth,0.151443,-2.153000,-0.000433,True,,,,,,,,,-0.162001,0.280055,0.378533,0.000000,0.000000,0.000000,0.000000,0.000000,0.000000,nan,nan,nan,nan,nan,nan,OFF
1786341286648006532,2026-08-10T12:54:46.648042,ground_truth,0.149825,-2.130000,-0.000429,True,,,,,,,,,-0.162001,0.280055,0.378533,0.000000,0.000000,0.000000,0.000000,0.000000,0.000000,nan,nan,nan,nan,nan,nan,OFF
1786341286681460609,2026-08-10T12:54:46.681476,ground_truth,0.151935,-2.160000,-0.000435,True,,,,,,,,,-0.162001,0.280055,0.378533,0.000000,0.000000,0.000000,0.000000,0.000000,0.000000,nan,nan,nan,nan,nan,nan,OFF
1786341286714769770,2026-08-10T12:54:46.714784,ground_truth,0.150880,-2.145000,-0.003976,True,,,,,,,,,-0.162001,0.280055,0.378533,0.000000,0.000000,0.000000,0.000000,0.000000,0.000000,nan,nan,nan,nan,nan,nan,OFF
1786341286750669672,2026-08-10T12:54:46.750687,ground_truth,0.149825,-2.130000,-0.000429,True,,,,,,,,,-0.162001,0.280055,0.378533,0.000000,0.000000,0.000000,0.000000,0.000000,0.000000,nan,nan,nan,nan,nan,nan,OFF
1786341286783164499,2026-08-10T12:54:46.783216,ground_truth,0.150880,-2.145000,-0.000432,True,,,,,,,,,-0.162001,0.280055,0.378533,0.000000,0.000000,0.000000,0.000000,0.000000,0.000000,nan,nan,nan,nan,nan,nan,OFF
1786341286824245073,2026-08-10T12:54:46.824313,ground_truth,0.150880,-2.145000,-0.003976,True,,,,,,,,,-0.162001,0.280055,0.378533,0.000000,0.000000,0.000000,0.000000,0.000000,0.000000,nan,nan,nan,nan,nan,nan,OFF
1786341286856991697,2026-08-10T12:54:46.857009,ground_truth,0.151935,-2.160000,-0.004003,True,,,,,,,,,-0.162001,0.280055,0.378533,0.000000,0.000000,0.000000,0.000000,0.000000,0.000000,nan,nan,nan,nan,nan,nan,OFF
1786341286888110056,2026-08-10T12:54:46.888159,ground_truth,0.151935,-2.160000,-0.004003,True,,,,,,,,,-0.162001,0.280055,0.378533,0.000000,0.000000,0.000000,0.000000,0.000000,0.000000,nan,nan,nan,nan,nan,nan,OFF
1786341286919340757,2026-08-10T12:54:46.919374,ground_truth,0.149825,-2.130000,-0.000429,True,,,,,,,,,-0.162001,0.280055,0.378533,0.000000,0.000000,0.000000,0.000000,0.000000,0.000000,nan,nan,nan,nan,nan,nan,OFF
1786341286951399989,2026-08-10T12:54:46.951418,ground_truth,0.150388,-2.138000,-0.000430,True,,,,,,,,,-0.162001,0.280055,0.378533,0.000000,0.000000,0.000000,0.000000,0.000000,0.000000,nan,nan,nan,nan,nan,nan,OFF
1786341286986419823,2026-08-10T12:54:46.986456,ground_truth,0.151443,-2.153000,-0.000433,True,,,,,,,,,-0.162001,0.280055,0.378533,0.000000,0.000000,0.000000,0.000000,0.000000,0.000000,nan,nan,nan,nan,nan,nan,OFF
1786341287018990491,2026-08-10T12:54:47.019006,ground_truth,0.150388,-2.138000,-0.000430,True,,,,,,,,,-0.162001,0.280055,0.378533,0.000000,0.000000,0.000000,0.000000,0.000000,0.000000,nan,nan,nan,nan,nan,nan,OFF
1786341287050400186,2026-08-10T12:54:47.050417,ground_truth,0.150880,-2.145000,-0.000432,True,,,,,,,,,-0.162001,0.280055,0.378533,0.000000,0.000000,0.000000,0.000000,0.000000,0.000000,nan,nan,nan,nan,nan,nan,OFF
1786341287083143119,2026-08-10T12:54:47.083158,ground_truth,0.150880,-2.145000,-0.003976,True,,,,,,,,,-0.162001,0.280055,0.378533,0.000000,0.000000,0.000000,0.000000,0.000000,0.000000,nan,nan,nan,nan,nan,nan,OFF
1786341287117091666,2026-08-10T12:54:47.117107,ground_truth,0.151443,-2.153000,-0.000433,True,,,,,,,,,-0.162001,0.280055,0.378533,0.000000,0.000000,0.000000,0.000000,0.000000,0.000000,nan,nan,nan,nan,nan,nan,OFF
1786341287150808124,2026-08-10T12:54:47.150856,ground_truth,0.150880,-2.145000,-0.003976,True,,,,,,,,,-0.162001,0.280055,0.378533,0.000000,0.000000,0.000000,0.000000,0.000000,0.000000,nan,nan,nan,nan,nan,nan,OFF
1786341287183167960,2026-08-10T12:54:47.183182,ground_truth,0.149825,-2.130000,-0.003948,True,,,,,,,,,-0.162001,0.280055,0.378533,0.000000,0.000000,0.000000,0.000000,0.000000,0.000000,nan,nan,nan,nan,nan,nan,OFF
1786341287217538667,2026-08-10T12:54:47.217553,ground_truth,0.150880,-2.145000,-0.000432,True,,,,,,,,,-0.162001,0.280055,0.378533,0.000000,0.000000,0.000000,0.000000,0.000000,0.000000,nan,nan,nan,nan,nan,nan,OFF
1786341287251571845,2026-08-10T12:54:47.251631,ground_truth,0.150880,-2.145000,-0.000432,True,,,,,,,,,-0.162001,0.280055,0.378533,0.000000,0.000000,0.000000,0.000000,0.000000,0.000000,nan,nan,nan,nan,nan,nan,OFF
1786341287282675150,2026-08-10T12:54:47.282691,ground_truth,0.150388,-2.138000,-0.000430,True,,,,,,,,,-0.162001,0.280055,0.378533,0.000000,0.000000,0.000000,0.000000,0.000000,0.000000,nan,nan,nan,nan,nan,nan,OFF
1786341287316478031,2026-08-10T12:54:47.316505,ground_truth,0.150388,-2.138000,-0.000430,True,,,,,,,,,-0.162001,0.280055,0.378533,0.000000,0.000000,0.000000,0.000000,0.000000,0.000000,nan,nan,nan,nan,nan,nan,OFF
1786341287348188987,2026-08-10T12:54:47.348209,ground_truth,0.151443,-2.153000,-0.000433,True,,,,,,,,,-0.162001,0.280055,0.378533,0.000000,0.000000,0.000000,0.000000,0.000000,0.000000,nan,nan,nan,nan,nan,nan,OFF
1786341287383636867,2026-08-10T12:54:47.383653,ground_truth,0.150388,-2.138000,-0.003963,True,,,,,,,,,-0.162001,0.280055,0.378533,0.000000,0.000000,0.000000,0.000000,0.000000,0.000000,nan,nan,nan,nan,nan,nan,OFF
1786341287416000530,2026-08-10T12:54:47.416026,ground_truth,0.150388,-2.138000,-0.000430,True,,,,,,,,,-0.162001,0.280055,0.378533,0.000000,0.000000,0.000000,0.000000,0.000000,0.000000,nan,nan,nan,nan,nan,nan,OFF
1786341287448642681,2026-08-10T12:54:47.448664,ground_truth,0.150880,-2.145000,-0.000432,True,,,,,,,,,-0.162001,0.280055,0.378533,0.000000,0.000000,0.000000,0.000000,0.000000,0.000000,nan,nan,nan,nan,nan,nan,OFF
1786341287482785286,2026-08-10T12:54:47.482816,ground_truth,0.150388,-2.138000,-0.000430,True,,,,,,,,,-0.162001,0.280055,0.378533,0.000000,0.000000,0.000000,0.000000,0.000000,0.000000,nan,nan,nan,nan,nan,nan,OFF
1786341287518577108,2026-08-10T12:54:47.518644,ground_truth,0.151443,-2.153000,-0.000433,True,,,,,,,,,-0.162001,0.280055,0.378533,0.000000,0.000000,0.000000,0.000000,0.000000,0.000000,nan,nan,nan,nan,nan,nan,OFF
1786341287551608567,2026-08-10T12:54:47.551639,ground_truth,0.150880,-2.145000,-0.003976,True,,,,,,,,,-0.162001,0.280055,0.378533,0.000000,0.000000,0.000000,0.000000,0.000000,0.000000,nan,nan,nan,nan,nan,nan,OFF
1786341287586354095,2026-08-10T12:54:47.586392,ground_truth,0.150388,-2.138000,-0.000430,True,,,,,,,,,-0.162001,0.280055,0.378533,0.000000,0.000000,0.000000,0.000000,0.000000,0.000000,nan,nan,nan,nan,nan,nan,OFF
1786341287616503000,2026-08-10T12:54:47.616535,ground_truth,0.149333,-2.123000,-0.000427,True,,,,,,,,,-0.162001,0.280055,0.378533,0.000000,0.000000,0.000000,0.000000,0.000000,0.000000,nan,nan,nan,nan,nan,nan,OFF
1786341287651539480,2026-08-10T12:54:47.651566,ground_truth,0.150880,-2.145000,-0.003976,True,,,,,,,,,-0.162001,0.280055,0.378533,0.000000,0.000000,0.000000,0.000000,0.000000,0.000000,nan,nan,nan,nan,nan,nan,OFF
1786341287684618078,2026-08-10T12:54:47.684630,ground_truth,0.150388,-2.138000,-0.003963,True,,,,,,,,,-0.162001,0.280055,0.378533,0.000000,0.000000,0.000000,0.000000,0.000000,0.000000,nan,nan,nan,nan,nan,nan,OFF
1786341287718635496,2026-08-10T12:54:47.718657,ground_truth,0.150388,-2.138000,-0.007495,True,,,,,,,,,-0.162001,0.280055,0.378533,0.000000,0.000000,0.000000,0.000000,0.000000,0.000000,nan,nan,nan,nan,nan,nan,OFF
1786341287753001655,2026-08-10T12:54:47.753036,ground_truth,0.147343,-2.145000,-0.007519,True,,,,,,,,,-0.162001,0.280055,0.378533,0.000000,0.000000,0.000000,0.000000,0.000000,0.000000,nan,nan,nan,nan,nan,nan,OFF
1786341287784460093,2026-08-10T12:54:47.784483,ground_truth,0.150388,-2.138000,-0.007495,True,,,,,,,,,-0.162001,0.280055,0.378533,0.000000,0.000000,0.000000,0.000000,0.000000,0.000000,nan,nan,nan,nan,nan,nan,OFF
1786341287818170118,2026-08-10T12:54:47.818188,ground_truth,0.149825,-2.130000,-0.007467,True,,,,,,,,,-0.162001,0.280055,0.378533,0.000000,0.000000,0.000000,0.000000,0.000000,0.000000,nan,nan,nan,nan,nan,nan,OFF
1786341287850924322,2026-08-10T12:54:47.850947,ground_truth,0.150388,-2.138000,-0.007495,True,,,,,,,,,-0.162001,0.280055,0.378533,0.000000,0.000000,0.000000,0.000000,0.000000,0.000000,nan,nan,nan,nan,nan,nan,OFF
1786341287883742387,2026-08-10T12:54:47.883758,ground_truth,0.150388,-2.138000,-0.003963,True,,,,,,,,,-0.162001,0.280055,0.378533,0.000000,0.000000,0.000000,0.000000,0.000000,0.000000,nan,nan,nan,nan,nan,nan,OFF
1786341287918934331,2026-08-10T12:54:47.918957,ground_truth,0.150388,-2.138000,-0.003963,True,,,,,,,,,-0.162001,0.280055,0.378533,0.000000,0.000000,0.000000,0.000000,0.000000,0.000000,nan,nan,nan,nan,nan,nan,OFF
1786341287951335575,2026-08-10T12:54:47.951355,ground_truth,0.150388,-2.138000,-0.003963,True,,,,,,,,,-0.162001,0.280055,0.378533,0.000000,0.000000,0.000000,0.000000,0.000000,0.000000,nan,nan,nan,nan,nan,nan,OFF
1786341287984116590,2026-08-10T12:54:47.984130,ground_truth,0.150880,-2.145000,-0.003976,True,,,,,,,,,-0.162001,0.280055,0.378533,0.000000,0.000000,0.000000,0.000000,0.000000,0.000000,nan,nan,nan,nan,nan,nan,OFF
1786341288017729549,2026-08-10T12:54:48.017750,ground_truth,0.150880,-2.145000,-0.003976,True,,,,,,,,,-0.162001,0.280055,0.378533,0.000000,0.000000,0.000000,0.000000,0.000000,0.000000,nan,nan,nan,nan,nan,nan,OFF
1786341288052325267,2026-08-10T12:54:48.052346,ground_truth,0.150388,-2.138000,-0.003963,True,,,,,,,,,-0.162001,0.280055,0.378533,0.000000,0.000000,0.000000,0.000000,0.000000,0.000000,nan,nan,nan,nan,nan,nan,OFF
1786341288084270582,2026-08-10T12:54:48.084283,ground_truth,0.149825,-2.130000,-0.003948,True,,,,,,,,,-0.162001,0.280055,0.378533,0.000000,0.000000,0.000000,0.000000,0.000000,0.000000,nan,nan,nan,nan,nan,nan,OFF
1786341288118019345,2026-08-10T12:54:48.118056,ground_truth,0.150388,-2.138000,-0.003963,True,,,,,,,,,-0.162001,0.280055,0.378533,0.000000,0.000000,0.000000,0.000000,0.000000,0.000000,nan,nan,nan,nan,nan,nan,OFF
1786341288151980730,2026-08-10T12:54:48.152004,ground_truth,0.150388,-2.138000,-0.003963,True,,,,,,,,,-0.162001,0.280055,0.378533,0.000000,0.000000,0.000000,0.000000,0.000000,0.000000,nan,nan,nan,nan,nan,nan,OFF
1786341288182851729,2026-08-10T12:54:48.182865,ground_truth,0.149825,-2.130000,-0.003948,True,,,,,,,,,-0.162001,0.280055,0.378533,0.000000,0.000000,0.000000,0.000000,0.000000,0.000000,nan,nan,nan,nan,nan,nan,OFF
1786341288216610641,2026-08-10T12:54:48.216635,ground_truth,0.157729,-2.191000,-0.004061,True,,,,,,,,,-0.162001,0.280055,0.378533,0.000000,0.000000,0.000000,0.000000,0.000000,0.000000,nan,nan,nan,nan,nan,nan,OFF
1786341288252991062,2026-08-10T12:54:48.253035,ground_truth,0.153337,-2.130000,-0.003948,True,,,,,,,,,-0.162001,0.280055,0.378533,0.000000,0.000000,0.000000,0.000000,0.000000,0.000000,nan,nan,nan,nan,nan,nan,OFF
1786341288285041977,2026-08-10T12:54:48.285088,ground_truth,0.153913,-2.138000,-0.003963,True,,,,,,,,,-0.162001,0.280055,0.378533,0.000000,0.000000,0.000000,0.000000,0.000000,0.000000,nan,nan,nan,nan,nan,nan,OFF
1786341288319093484,2026-08-10T12:54:48.319115,ground_truth,0.153913,-2.138000,-0.003963,True,,,,,,,,,-0.162001,0.280055,0.378533,0.000000,0.000000,0.000000,0.000000,0.000000,0.000000,nan,nan,nan,nan,nan,nan,OFF
1786341288352798825,2026-08-10T12:54:48.352828,ground_truth,0.154993,-2.153000,-0.003990,True,,,,,,,,,-0.162001,0.280055,0.378533,0.000000,0.000000,0.000000,0.000000,0.000000,0.000000,nan,nan,nan,nan,nan,nan,OFF
1786341288386596781,2026-08-10T12:54:48.386635,ground_truth,0.153337,-2.130000,-0.003948,True,,,,,,,,,-0.162001,0.280055,0.378533,0.000000,0.000000,0.000000,0.000000,0.000000,0.000000,nan,nan,nan,nan,nan,nan,OFF
1786341288419615370,2026-08-10T12:54:48.419638,ground_truth,0.153913,-2.138000,-0.003963,True,,,,,,,,,-0.162001,0.280055,0.378533,0.000000,0.000000,0.000000,0.000000,0.000000,0.000000,nan,nan,nan,nan,nan,nan,OFF
1786341288453899588,2026-08-10T12:54:48.453912,ground_truth,0.154417,-2.145000,-0.003976,True,,,,,,,,,-0.162001,0.280055,0.378533,0.000000,0.000000,0.000000,0.000000,0.000000,0.000000,nan,nan,nan,nan,nan,nan,OFF
1786341288486511897,2026-08-10T12:54:48.486530,ground_truth,0.154417,-2.145000,-0.003976,True,,,,,,,,,-0.162001,0.280055,0.378533,0.000000,0.000000,0.000000,0.000000,0.000000,0.000000,nan,nan,nan,nan,nan,nan,OFF
1786341288519069402,2026-08-10T12:54:48.519093,ground_truth,0.155497,-2.160000,-0.004003,True,,,,,,,,,-0.162001,0.280055,0.378533,0.000000,0.000000,0.000000,0.000000,0.000000,0.000000,nan,nan,nan,nan,nan,nan,OFF
1786341288551294357,2026-08-10T12:54:48.551314,ground_truth,0.154993,-2.153000,-0.003990,True,,,,,,,,,-0.162001,0.280055,0.378533,0.000000,0.000000,0.000000,0.000000,0.000000,0.000000,nan,nan,nan,nan,nan,nan,OFF
1786341288583503872,2026-08-10T12:54:48.583520,ground_truth,0.154417,-2.145000,-0.003976,True,,,,,,,,,-0.162001,0.280055,0.378533,0.000000,0.000000,0.000000,0.000000,0.000000,0.000000,nan,nan,nan,nan,nan,nan,OFF
1786341288618317554,2026-08-10T12:54:48.618342,ground_truth,0.155497,-2.160000,-0.004003,True,,,,,,,,,-0.162001,0.280055,0.378533,0.000000,0.000000,0.000000,0.000000,0.000000,0.000000,nan,nan,nan,nan,nan,nan,OFF
1786341288651341853,2026-08-10T12:54:48.651363,ground_truth,0.153913,-2.138000,-0.003963,True,,,,,,,,,-0.162001,0.280055,0.378533,0.000000,0.000000,0.000000,0.000000,0.000000,0.000000,nan,nan,nan,nan,nan,nan,OFF
1786341288687284465,2026-08-10T12:54:48.687312,ground_truth,0.153913,-2.138000,-0.003963,True,,,,,,,,,-0.162001,0.280055,0.378533,0.000000,0.000000,0.000000,0.000000,0.000000,0.000000,nan,nan,nan,nan,nan,nan,OFF
1786341288719698989,2026-08-10T12:54:48.719719,ground_truth,0.154417,-2.145000,-0.003976,True,,,,,,,,,-0.162001,0.280055,0.378533,0.000000,0.000000,0.000000,0.000000,0.000000,0.000000,nan,nan,nan,nan,nan,nan,OFF
1786341288752133982,2026-08-10T12:54:48.752158,ground_truth,0.154993,-2.153000,-0.003990,True,,,,,,,,,-0.162001,0.280055,0.378533,0.000000,0.000000,0.000000,0.000000,0.000000,0.000000,nan,nan,nan,nan,nan,nan,OFF
1786341288785056779,2026-08-10T12:54:48.785093,ground_truth,0.153913,-2.138000,-0.003963,True,,,,,,,,,-0.162001,0.280055,0.378533,0.000000,0.000000,0.000000,0.000000,0.000000,0.000000,nan,nan,nan,nan,nan,nan,OFF
1786341288817902811,2026-08-10T12:54:48.817928,ground_truth,0.154417,-2.145000,-0.003976,True,,,,,,,,,-0.162001,0.280055,0.378533,0.000000,0.000000,0.000000,0.000000,0.000000,0.000000,nan,nan,nan,nan,nan,nan,OFF
1786341288850933283,2026-08-10T12:54:48.850953,ground_truth,0.153913,-2.138000,-0.003963,True,,,,,,,,,-0.162001,0.280055,0.378533,0.000000,0.000000,0.000000,0.000000,0.000000,0.000000,nan,nan,nan,nan,nan,nan,OFF
1786341288883304956,2026-08-10T12:54:48.883342,ground_truth,0.154993,-2.153000,-0.003990,True,,,,,,,,,-0.162001,0.280055,0.378533,0.000000,0.000000,0.000000,0.000000,0.000000,0.000000,nan,nan,nan,nan,nan,nan,OFF
1786341288917433368,2026-08-10T12:54:48.917458,ground_truth,0.157438,-2.138000,-0.003963,True,,,,,,,,,-0.162001,0.280055,0.378533,0.000000,0.000000,0.000000,0.000000,0.000000,0.000000,nan,nan,nan,nan,nan,nan,OFF
1786341288952966373,2026-08-10T12:54:48.952995,ground_truth,0.154417,-2.145000,-0.003976,True,,,,,,,,,-0.162001,0.280055,0.378533,0.000000,0.000000,0.000000,0.000000,0.000000,0.000000,nan,nan,nan,nan,nan,nan,OFF
1786341288984472115,2026-08-10T12:54:48.984487,ground_truth,0.154993,-2.153000,-0.003990,True,,,,,,,,,-0.162001,0.280055,0.378533,0.000000,0.000000,0.000000,0.000000,0.000000,0.000000,nan,nan,nan,nan,nan,nan,OFF
1786341289015497403,2026-08-10T12:54:49.015544,ground_truth,0.153913,-2.138000,-0.003963,True,,,,,,,,,-0.162001,0.280055,0.378533,0.000000,0.000000,0.000000,0.000000,0.000000,0.000000,nan,nan,nan,nan,nan,nan,OFF
1786341289050343339,2026-08-10T12:54:49.050363,ground_truth,0.153913,-2.138000,-0.003963,True,,,,,,,,,-0.162001,0.280055,0.378533,0.000000,0.000000,0.000000,0.000000,0.000000,0.000000,nan,nan,nan,nan,nan,nan,OFF
1786341289084101474,2026-08-10T12:54:49.084115,ground_truth,0.154417,-2.145000,-0.003976,True,,,,,,,,,-0.162001,0.280055,0.378533,0.000000,0.000000,0.000000,0.000000,0.000000,0.000000,nan,nan,nan,nan,nan,nan,OFF
1786341289115825715,2026-08-10T12:54:49.115857,ground_truth,0.153913,-2.138000,-0.007495,True,,,,,,,,,-0.162001,0.280055,0.378533,0.000000,0.000000,0.000000,0.000000,0.000000,0.000000,nan,nan,nan,nan,nan,nan,OFF
1786341289153237584,2026-08-10T12:54:49.153256,ground_truth,0.154993,-2.153000,-0.007547,True,,,,,,,,,-0.162001,0.280055,0.378533,0.000000,0.000000,0.000000,0.000000,0.000000,0.000000,nan,nan,nan,nan,nan,nan,OFF
1786341289184109590,2026-08-10T12:54:49.184133,ground_truth,0.153337,-2.130000,-0.003948,True,,,,,,,,,-0.162001,0.280055,0.378533,0.000000,0.000000,0.000000,0.000000,0.000000,0.000000,nan,nan,nan,nan,nan,nan,OFF
1786341289221191283,2026-08-10T12:54:49.221266,ground_truth,0.153913,-2.138000,-0.003963,True,,,,,,,,,-0.162001,0.280055,0.378533,0.000000,0.000000,0.000000,0.000000,0.000000,0.000000,nan,nan,nan,nan,nan,nan,OFF
1786341289259001176,2026-08-10T12:54:49.259021,ground_truth,0.154993,-2.153000,-0.003990,True,,,,,,,,,-0.162001,0.280055,0.378533,0.000000,0.000000,0.000000,0.000000,0.000000,0.000000,nan,nan,nan,nan,nan,nan,OFF
1786341289289184667,2026-08-10T12:54:49.289206,ground_truth,0.154417,-2.145000,-0.007519,True,,,,,,,,,-0.162001,0.280055,0.378533,0.000000,0.000000,0.000000,0.000000,0.000000,0.000000,nan,nan,nan,nan,nan,nan,OFF
1786341289321552377,2026-08-10T12:54:49.321576,ground_truth,0.153913,-2.138000,-0.003963,True,,,,,,,,,-0.162001,0.280055,0.378533,0.000000,0.000000,0.000000,0.000000,0.000000,0.000000,nan,nan,nan,nan,nan,nan,OFF
1786341289353707594,2026-08-10T12:54:49.353719,ground_truth,0.154417,-2.145000,-0.003976,True,,,,,,,,,-0.162001,0.280055,0.378533,0.000000,0.000000,0.000000,0.000000,0.000000,0.000000,nan,nan,nan,nan,nan,nan,OFF
1786341289385288453,2026-08-10T12:54:49.385306,ground_truth,0.154993,-2.153000,-0.003990,True,,,,,,,,,-0.162001,0.280055,0.378533,0.000000,0.000000,0.000000,0.000000,0.000000,0.000000,nan,nan,nan,nan,nan,nan,OFF
1786341289419022853,2026-08-10T12:54:49.419042,ground_truth,0.154417,-2.145000,-0.007519,True,,,,,,,,,-0.162001,0.280055,0.378533,0.000000,0.000000,0.000000,0.000000,0.000000,0.000000,nan,nan,nan,nan,nan,nan,OFF
1786341289456176683,2026-08-10T12:54:49.456226,ground_truth,0.153913,-2.138000,-0.007495,True,,,,,,,,,-0.162001,0.280055,0.378533,0.000000,0.000000,0.000000,0.000000,0.000000,0.000000,nan,nan,nan,nan,nan,nan,OFF
1786341289488480933,2026-08-10T12:54:49.488502,ground_truth,0.153913,-2.138000,-0.003963,True,,,,,,,,,-0.162001,0.280055,0.378533,0.000000,0.000000,0.000000,0.000000,0.000000,0.000000,nan,nan,nan,nan,nan,nan,OFF
1786341289520679692,2026-08-10T12:54:49.520721,ground_truth,0.154417,-2.145000,-0.003976,True,,,,,,,,,-0.162001,0.280055,0.378533,0.000000,0.000000,0.000000,0.000000,0.000000,0.000000,nan,nan,nan,nan,nan,nan,OFF
1786341289553250297,2026-08-10T12:54:49.553277,ground_truth,0.154417,-2.145000,-0.003976,True,,,,,,,,,-0.162001,0.280055,0.378533,0.000000,0.000000,0.000000,0.000000,0.000000,0.000000,nan,nan,nan,nan,nan,nan,OFF
1786341289585587750,2026-08-10T12:54:49.585602,ground_truth,0.151443,-2.153000,-0.003990,True,,,,,,,,,-0.162001,0.280055,0.378533,0.000000,0.000000,0.000000,0.000000,0.000000,0.000000,nan,nan,nan,nan,nan,nan,OFF
1786341289618053295,2026-08-10T12:54:49.618078,ground_truth,0.153913,-2.138000,-0.003963,True,,,,,,,,,-0.162001,0.280055,0.378533,0.000000,0.000000,0.000000,0.000000,0.000000,0.000000,nan,nan,nan,nan,nan,nan,OFF
1786341289652844758,2026-08-10T12:54:49.652881,ground_truth,0.154993,-2.153000,-0.003990,True,,,,,,,,,-0.162001,0.280055,0.378533,0.000000,0.000000,0.000000,0.000000,0.000000,0.000000,nan,nan,nan,nan,nan,nan,OFF
1786341289686004729,2026-08-10T12:54:49.686038,ground_truth,0.154993,-2.153000,-0.003990,True,,,,,,,,,-0.162001,0.280055,0.378533,0.000000,0.000000,0.000000,0.000000,0.000000,0.000000,nan,nan,nan,nan,nan,nan,OFF
1786341289719675900,2026-08-10T12:54:49.719720,ground_truth,0.153337,-2.130000,-0.007467,True,,,,,,,,,-0.162001,0.280055,0.378533,0.000000,0.000000,0.000000,0.000000,0.000000,0.000000,nan,nan,nan,nan,nan,nan,OFF
1786341289754505625,2026-08-10T12:54:49.754518,ground_truth,0.154993,-2.153000,-0.007547,True,,,,,,,,,-0.162001,0.280055,0.378533,0.000000,0.000000,0.000000,0.000000,0.000000,0.000000,nan,nan,nan,nan,nan,nan,OFF
1786341289787089004,2026-08-10T12:54:49.787128,ground_truth,0.153913,-2.138000,-0.007495,True,,,,,,,,,-0.162001,0.280055,0.378533,0.000000,0.000000,0.000000,0.000000,0.000000,0.000000,nan,nan,nan,nan,nan,nan,OFF
1786341289822500121,2026-08-10T12:54:49.822554,ground_truth,0.157954,-2.145000,-0.007519,True,,,,,,,,,-0.162001,0.280055,0.378533,0.000000,0.000000,0.000000,0.000000,0.000000,0.000000,nan,nan,nan,nan,nan,nan,OFF
1786341289853481374,2026-08-10T12:54:49.853520,ground_truth,0.157438,-2.138000,-0.007495,True,,,,,,,,,-0.162001,0.280055,0.378533,0.000000,0.000000,0.000000,0.000000,0.000000,0.000000,nan,nan,nan,nan,nan,nan,OFF
1786341289888771351,2026-08-10T12:54:49.888816,ground_truth,0.157954,-2.145000,-0.007519,True,,,,,,,,,-0.162001,0.280055,0.378533,0.000000,0.000000,0.000000,0.000000,0.000000,0.000000,nan,nan,nan,nan,nan,nan,OFF
1786341289919832044,2026-08-10T12:54:49.919859,ground_truth,0.153913,-2.138000,-0.007495,True,,,,,,,,,-0.162001,0.280055,0.378533,0.000000,0.000000,0.000000,0.000000,0.000000,0.000000,nan,nan,nan,nan,nan,nan,OFF
1786341289954106688,2026-08-10T12:54:49.954125,ground_truth,0.154417,-2.145000,-0.007519,True,,,,,,,,,-0.162001,0.280055,0.378533,0.000000,0.000000,0.000000,0.000000,0.000000,0.000000,nan,nan,nan,nan,nan,nan,OFF
1786341289989083833,2026-08-10T12:54:49.989109,ground_truth,0.154993,-2.153000,-0.007547,True,,,,,,,,,-0.162001,0.280055,0.378533,0.000000,0.000000,0.000000,0.000000,0.000000,0.000000,nan,nan,nan,nan,nan,nan,OFF
1786341290023055369,2026-08-10T12:54:50.023071,ground_truth,0.159058,-2.160000,-0.004003,True,,,,,,,,,-0.162001,0.280055,0.378533,0.000000,0.000000,0.000000,0.000000,0.000000,0.000000,nan,nan,nan,nan,nan,nan,OFF
1786341290056423019,2026-08-10T12:54:50.056460,ground_truth,0.154993,-2.153000,-0.011104,True,,,,,,,,,-0.162001,0.280055,0.378533,0.000000,0.000000,0.000000,0.000000,0.000000,0.000000,nan,nan,nan,nan,nan,nan,OFF
1786341290089490128,2026-08-10T12:54:50.089514,ground_truth,0.157438,-2.138000,-0.007495,True,,,,,,,,,-0.162001,0.280055,0.378533,0.000000,0.000000,0.000000,0.000000,0.000000,0.000000,nan,nan,nan,nan,nan,nan,OFF
1786341290120485342,2026-08-10T12:54:50.120501,ground_truth,0.153913,-2.138000,-0.007495,True,,,,,,,,,-0.162001,0.280055,0.378533,0.000000,0.000000,0.000000,0.000000,0.000000,0.000000,nan,nan,nan,nan,nan,nan,OFF
1786341290155159196,2026-08-10T12:54:50.155172,ground_truth,0.154993,-2.153000,-0.007547,True,,,,,,,,,-0.162001,0.280055,0.378533,0.000000,0.000000,0.000000,0.000000,0.000000,0.000000,nan,nan,nan,nan,nan,nan,OFF
1786341290186818328,2026-08-10T12:54:50.186856,ground_truth,0.157954,-2.145000,-0.003976,True,,,,,,,,,-0.162001,0.280055,0.378533,0.000000,0.000000,0.000000,0.000000,0.000000,0.000000,nan,nan,nan,nan,nan,nan,OFF
1786341290219760801,2026-08-10T12:54:50.219780,ground_truth,0.157954,-2.145000,-0.003976,True,,,,,,,,,-0.162001,0.280055,0.378533,0.000000,0.000000,0.000000,0.000000,0.000000,0.000000,nan,nan,nan,nan,nan,nan,OFF
1786341290256921017,2026-08-10T12:54:50.256947,ground_truth,0.157438,-2.138000,-0.000430,True,,,,,,,,,-0.162001,0.280055,0.378533,0.000000,0.000000,0.000000,0.000000,0.000000,0.000000,nan,nan,nan,nan,nan,nan,OFF
1786341290287954684,2026-08-10T12:54:50.287976,ground_truth,0.157438,-2.138000,-0.003963,True,,,,,,,,,-0.162001,0.280055,0.378533,0.000000,0.000000,0.000000,0.000000,0.000000,0.000000,nan,nan,nan,nan,nan,nan,OFF
1786341290322462373,2026-08-10T12:54:50.322482,ground_truth,0.159058,-2.160000,-0.004003,True,,,,,,,,,-0.162001,0.280055,0.378533,0.000000,0.000000,0.000000,0.000000,0.000000,0.000000,nan,nan,nan,nan,nan,nan,OFF
1786341290355729262,2026-08-10T12:54:50.355744,ground_truth,0.159058,-2.160000,-0.004003,True,,,,,,,,,-0.162001,0.280055,0.378533,0.000000,0.000000,0.000000,0.000000,0.000000,0.000000,nan,nan,nan,nan,nan,nan,OFF
1786341290386136080,2026-08-10T12:54:50.386163,ground_truth,0.157438,-2.138000,-0.003963,True,,,,,,,,,-0.162001,0.280055,0.378533,0.000000,0.000000,0.000000,0.000000,0.000000,0.000000,nan,nan,nan,nan,nan,nan,OFF
1786341290418321289,2026-08-10T12:54:50.418346,ground_truth,0.158543,-2.153000,-0.003990,True,,,,,,,,,-0.162001,0.280055,0.378533,0.000000,0.000000,0.000000,0.000000,0.000000,0.000000,nan,nan,nan,nan,nan,nan,OFF
1786341290451435898,2026-08-10T12:54:50.451459,ground_truth,0.157954,-2.145000,-0.003976,True,,,,,,,,,-0.162001,0.280055,0.378533,0.000000,0.000000,0.000000,0.000000,0.000000,0.000000,nan,nan,nan,nan,nan,nan,OFF
1786341290484008952,2026-08-10T12:54:50.484022,ground_truth,0.158543,-2.153000,-0.003990,True,,,,,,,,,-0.162001,0.280055,0.378533,0.000000,0.000000,0.000000,0.000000,0.000000,0.000000,nan,nan,nan,nan,nan,nan,OFF
1786341290517225295,2026-08-10T12:54:50.517247,ground_truth,0.158543,-2.153000,-0.007547,True,,,,,,,,,-0.162001,0.280055,0.378533,0.000000,0.000000,0.000000,0.000000,0.000000,0.000000,nan,nan,nan,nan,nan,nan,OFF
1786341290552148111,2026-08-10T12:54:50.552174,ground_truth,0.157954,-2.145000,-0.007519,True,,,,,,,,,-0.162001,0.280055,0.378533,0.000000,0.000000,0.000000,0.000000,0.000000,0.000000,nan,nan,nan,nan,nan,nan,OFF
1786341290585031693,2026-08-10T12:54:50.585044,ground_truth,0.157954,-2.145000,-0.007519,True,,,,,,,,,-0.162001,0.280055,0.378533,0.000000,0.000000,0.000000,0.000000,0.000000,0.000000,nan,nan,nan,nan,nan,nan,OFF
1786341290617832047,2026-08-10T12:54:50.617849,ground_truth,0.158543,-2.153000,-0.003990,True,,,,,,,,,-0.162001,0.280055,0.378533,0.000000,0.000000,0.000000,0.000000,0.000000,0.000000,nan,nan,nan,nan,nan,nan,OFF
1786341290654485693,2026-08-10T12:54:50.654502,ground_truth,0.157954,-2.145000,-0.003976,True,,,,,,,,,-0.162001,0.280055,0.378533,0.000000,0.000000,0.000000,0.000000,0.000000,0.000000,nan,nan,nan,nan,nan,nan,OFF
1786341290685461620,2026-08-10T12:54:50.685505,ground_truth,0.157438,-2.138000,-0.003963,True,,,,,,,,,-0.162001,0.280055,0.378533,0.000000,0.000000,0.000000,0.000000,0.000000,0.000000,nan,nan,nan,nan,nan,nan,OFF
1786341290719887454,2026-08-10T12:54:50.719908,ground_truth,0.161491,-2.145000,-0.003976,True,,,,,,,,,-0.162001,0.280055,0.378533,0.000000,0.000000,0.000000,0.000000,0.000000,0.000000,nan,nan,nan,nan,nan,nan,OFF
1786341290754703268,2026-08-10T12:54:50.754716,ground_truth,0.160964,-2.138000,-0.007495,True,,,,,,,,,-0.162001,0.280055,0.378533,0.000000,0.000000,0.000000,0.000000,0.000000,0.000000,nan,nan,nan,nan,nan,nan,OFF
1786341290788404709,2026-08-10T12:54:50.788425,ground_truth,0.162093,-2.153000,-0.007547,True,,,,,,,,,-0.162001,0.280055,0.378533,0.000000,0.000000,0.000000,0.000000,0.000000,0.000000,nan,nan,nan,nan,nan,nan,OFF
1786341290823155069,2026-08-10T12:54:50.823199,ground_truth,0.157954,-2.145000,-0.007519,True,,,,,,,,,-0.162001,0.280055,0.378533,0.000000,0.000000,0.000000,0.000000,0.000000,0.000000,nan,nan,nan,nan,nan,nan,OFF
1786341290853933512,2026-08-10T12:54:50.853949,ground_truth,0.162093,-2.153000,-0.003990,True,,,,,,,,,-0.162001,0.280055,0.378533,0.000000,0.000000,0.000000,0.000000,0.000000,0.000000,nan,nan,nan,nan,nan,nan,OFF
1786341290886435931,2026-08-10T12:54:50.886458,ground_truth,0.157954,-2.145000,-0.007519,True,,,,,,,,,-0.162001,0.280055,0.378533,0.000000,0.000000,0.000000,0.000000,0.000000,0.000000,nan,nan,nan,nan,nan,nan,OFF
1786341290920022996,2026-08-10T12:54:50.920056,ground_truth,0.158543,-2.153000,-0.007547,True,,,,,,,,,-0.162001,0.280055,0.378533,0.000000,0.000000,0.000000,0.000000,0.000000,0.000000,nan,nan,nan,nan,nan,nan,OFF
1786341290953604300,2026-08-10T12:54:50.953621,ground_truth,0.157954,-2.145000,-0.007519,True,,,,,,,,,-0.162001,0.280055,0.378533,0.000000,0.000000,0.000000,0.000000,0.000000,0.000000,nan,nan,nan,nan,nan,nan,OFF
1786341290987468972,2026-08-10T12:54:50.987503,ground_truth,0.159058,-2.160000,-0.007572,True,,,,,,,,,-0.162001,0.280055,0.378533,0.000000,0.000000,0.000000,0.000000,0.000000,0.000000,nan,nan,nan,nan,nan,nan,OFF
1786341291022904476,2026-08-10T12:54:51.022932,ground_truth,0.157954,-2.145000,-0.007519,True,,,,,,,,,-0.162001,0.280055,0.378533,0.000000,0.000000,0.000000,0.000000,0.000000,0.000000,nan,nan,nan,nan,nan,nan,OFF
1786341291056037825,2026-08-10T12:54:51.056073,ground_truth,0.157954,-2.145000,-0.007519,True,,,,,,,,,-0.162001,0.280055,0.378533,0.000000,0.000000,0.000000,0.000000,0.000000,0.000000,nan,nan,nan,nan,nan,nan,OFF
1786341291087911378,2026-08-10T12:54:51.087936,ground_truth,0.159058,-2.160000,-0.007572,True,,,,,,,,,-0.162001,0.280055,0.378533,0.000000,0.000000,0.000000,0.000000,0.000000,0.000000,nan,nan,nan,nan,nan,nan,OFF
1786341291121195924,2026-08-10T12:54:51.121216,ground_truth,0.159058,-2.160000,-0.007572,True,,,,,,,,,-0.162001,0.280055,0.378533,0.000000,0.000000,0.000000,0.000000,0.000000,0.000000,nan,nan,nan,nan,nan,nan,OFF
1786341291153777548,2026-08-10T12:54:51.153790,ground_truth,0.158543,-2.153000,-0.007547,True,,,,,,,,,-0.162001,0.280055,0.378533,0.000000,0.000000,0.000000,0.000000,0.000000,0.000000,nan,nan,nan,nan,nan,nan,OFF
1786341291187668353,2026-08-10T12:54:51.187694,ground_truth,0.157954,-2.145000,-0.007519,True,,,,,,,,,-0.162001,0.280055,0.378533,0.000000,0.000000,0.000000,0.000000,0.000000,0.000000,nan,nan,nan,nan,nan,nan,OFF
1786341291220168703,2026-08-10T12:54:51.220189,ground_truth,0.159058,-2.160000,-0.011140,True,,,,,,,,,-0.162001,0.280055,0.378533,0.000000,0.000000,0.000000,0.000000,0.000000,0.000000,nan,nan,nan,nan,nan,nan,OFF
1786341291252346442,2026-08-10T12:54:51.252369,ground_truth,0.157954,-2.145000,-0.011063,True,,,,,,,,,-0.162001,0.280055,0.378533,0.000000,0.000000,0.000000,0.000000,0.000000,0.000000,nan,nan,nan,nan,nan,nan,OFF
1786341291285904396,2026-08-10T12:54:51.285949,ground_truth,0.157438,-2.138000,-0.011027,True,,,,,,,,,-0.162001,0.280055,0.378533,0.000000,0.000000,0.000000,0.000000,0.000000,0.000000,nan,nan,nan,nan,nan,nan,OFF
1786341291318180161,2026-08-10T12:54:51.318202,ground_truth,0.156849,-2.130000,-0.010986,True,,,,,,,,,-0.162001,0.280055,0.378533,0.000000,0.000000,0.000000,0.000000,0.000000,0.000000,nan,nan,nan,nan,nan,nan,OFF
1786341291352174422,2026-08-10T12:54:51.352198,ground_truth,0.157954,-2.145000,-0.007519,True,,,,,,,,,-0.162001,0.280055,0.378533,0.000000,0.000000,0.000000,0.000000,0.000000,0.000000,nan,nan,nan,nan,nan,nan,OFF
1786341291385334592,2026-08-10T12:54:51.385363,ground_truth,0.159058,-2.160000,-0.007572,True,,,,,,,,,-0.162001,0.280055,0.378533,0.000000,0.000000,0.000000,0.000000,0.000000,0.000000,nan,nan,nan,nan,nan,nan,OFF
1786341291418967168,2026-08-10T12:54:51.418986,ground_truth,0.157438,-2.138000,-0.007495,True,,,,,,,,,-0.162001,0.280055,0.378533,0.000000,0.000000,0.000000,0.000000,0.000000,0.000000,nan,nan,nan,nan,nan,nan,OFF
1786341291452269748,2026-08-10T12:54:51.452290,ground_truth,0.158543,-2.153000,-0.007547,True,,,,,,,,,-0.162001,0.280055,0.378533,0.000000,0.000000,0.000000,0.000000,0.000000,0.000000,nan,nan,nan,nan,nan,nan,OFF
1786341291486268648,2026-08-10T12:54:51.486311,ground_truth,0.157954,-2.145000,-0.007519,True,,,,,,,,,-0.162001,0.280055,0.378533,0.000000,0.000000,0.000000,0.000000,0.000000,0.000000,nan,nan,nan,nan,nan,nan,OFF
1786341291523254076,2026-08-10T12:54:51.523278,ground_truth,0.159058,-2.160000,-0.004003,True,,,,,,,,,-0.162001,0.280055,0.378533,0.000000,0.000000,0.000000,0.000000,0.000000,0.000000,nan,nan,nan,nan,nan,nan,OFF
1786341291554471445,2026-08-10T12:54:51.554486,ground_truth,0.158543,-2.153000,-0.003990,True,,,,,,,,,-0.162001,0.280055,0.378533,0.000000,0.000000,0.000000,0.000000,0.000000,0.000000,nan,nan,nan,nan,nan,nan,OFF
1786341291587186292,2026-08-10T12:54:51.587228,ground_truth,0.157954,-2.145000,-0.007519,True,,,,,,,,,-0.162001,0.280055,0.378533,0.000000,0.000000,0.000000,0.000000,0.000000,0.000000,nan,nan,nan,nan,nan,nan,OFF
1786341291620992897,2026-08-10T12:54:51.621015,ground_truth,0.159648,-2.168000,-0.007600,True,,,,,,,,,-0.162001,0.280055,0.378533,0.000000,0.000000,0.000000,0.000000,0.000000,0.000000,nan,nan,nan,nan,nan,nan,OFF
1786341291653072931,2026-08-10T12:54:51.653087,ground_truth,0.159058,-2.160000,-0.004003,True,,,,,,,,,-0.162001,0.280055,0.378533,0.000000,0.000000,0.000000,0.000000,0.000000,0.000000,nan,nan,nan,nan,nan,nan,OFF
1786341291688329504,2026-08-10T12:54:51.688349,ground_truth,0.158543,-2.153000,-0.003990,True,,,,,,,,,-0.162001,0.280055,0.378533,0.000000,0.000000,0.000000,0.000000,0.000000,0.000000,nan,nan,nan,nan,nan,nan,OFF
1786341291720211242,2026-08-10T12:54:51.720230,ground_truth,0.158543,-2.153000,-0.007547,True,,,,,,,,,-0.162001,0.280055,0.378533,0.000000,0.000000,0.000000,0.000000,0.000000,0.000000,nan,nan,nan,nan,nan,nan,OFF
1786341291753940982,2026-08-10T12:54:51.753954,ground_truth,0.158543,-2.153000,-0.007547,True,,,,,,,,,-0.162001,0.280055,0.378533,0.000000,0.000000,0.000000,0.000000,0.000000,0.000000,nan,nan,nan,nan,nan,nan,OFF
1786341291790614359,2026-08-10T12:54:51.790628,ground_truth,-0.000589,0.008000,0.000028,True,,,,,,,,,-0.162001,0.280055,0.378533,0.000000,0.000000,0.000000,0.000000,0.000000,0.000000,nan,nan,nan,nan,nan,nan,OFF
1786341291821661095,2026-08-10T12:54:51.821681,ground_truth,-0.000589,0.008000,0.000028,True,,,,,,,,,-0.162001,0.280055,0.378533,0.000000,0.000000,0.000000,0.000000,0.000000,0.000000,nan,nan,nan,nan,nan,nan,OFF
1786341291854139774,2026-08-10T12:54:51.854152,ground_truth,0.000000,-0.000000,-0.000000,True,,,,,,,,,-0.162001,0.280055,0.378533,0.000000,0.000000,0.000000,0.000000,0.000000,0.000000,nan,nan,nan,nan,nan,nan,OFF
1786341291890132561,2026-08-10T12:54:51.890152,ground_truth,0.000000,-0.000000,-0.000000,True,,,,,,,,,-0.162001,0.280055,0.378533,0.000000,0.000000,0.000000,0.000000,0.000000,0.000000,nan,nan,nan,nan,nan,nan,OFF
1786341291921392101,2026-08-10T12:54:51.921412,ground_truth,-0.004630,0.015000,0.000053,True,,,,,,,,,-0.162001,0.280055,0.378533,0.000000,0.000000,0.000000,0.000000,0.000000,0.000000,nan,nan,nan,nan,nan,nan,OFF
1786341291954014642,2026-08-10T12:54:51.954030,ground_truth,0.000515,-0.007000,-0.000025,True,,,,,,,,,-0.162001,0.280055,0.378533,0.000000,0.000000,0.000000,0.000000,0.000000,0.000000,nan,nan,nan,nan,nan,nan,OFF
1786341291988121867,2026-08-10T12:54:51.988146,ground_truth,-0.005206,0.023000,0.000081,True,,,,,,,,,-0.162001,0.280055,0.378533,0.000000,0.000000,0.000000,0.000000,0.000000,0.000000,nan,nan,nan,nan,nan,nan,OFF
1786341292018459867,2026-08-10T12:54:52.018481,ground_truth,-0.004630,0.015000,0.000053,True,,,,,,,,,-0.162001,0.280055,0.378533,0.000000,0.000000,0.000000,0.000000,0.000000,0.000000,nan,nan,nan,nan,nan,nan,OFF
1786341292051716314,2026-08-10T12:54:52.051735,ground_truth,0.000000,-0.000000,-0.000000,True,,,,,,,,,-0.162001,0.280055,0.378533,0.000000,0.000000,0.000000,0.000000,0.000000,0.000000,nan,nan,nan,nan,nan,nan,OFF
1786341292085316883,2026-08-10T12:54:52.085356,ground_truth,0.000000,-0.000000,-0.000000,True,,,,,,,,,-0.162001,0.280055,0.378533,0.000000,0.000000,0.000000,0.000000,0.000000,0.000000,nan,nan,nan,nan,nan,nan,OFF
1786341292118040030,2026-08-10T12:54:52.118062,ground_truth,-0.001694,0.023000,0.000081,True,,,,,,,,,-0.162001,0.280055,0.378533,0.000000,0.000000,0.000000,0.000000,0.000000,0.000000,nan,nan,nan,nan,nan,nan,OFF
1786341292151332145,2026-08-10T12:54:52.151351,ground_truth,0.000000,-0.000000,-0.000000,True,,,,,,,,,-0.162001,0.280055,0.378533,0.000000,0.000000,0.000000,0.000000,0.000000,0.000000,nan,nan,nan,nan,nan,nan,OFF
1786341292183923192,2026-08-10T12:54:52.183958,ground_truth,-0.001105,0.015000,-0.003480,True,,,,,,,,,-0.162001,0.280055,0.378533,0.000000,0.000000,0.000000,0.000000,0.000000,0.000000,nan,nan,nan,nan,nan,nan,OFF
1786341292217488053,2026-08-10T12:54:52.217514,ground_truth,-0.001105,0.015000,-0.003480,True,,,,,,,,,-0.162001,0.280055,0.378533,0.000000,0.000000,0.000000,0.000000,0.000000,0.000000,nan,nan,nan,nan,nan,nan,OFF
1786341292252385329,2026-08-10T12:54:52.252408,ground_truth,-0.004126,0.008000,0.000028,True,,,,,,,,,-0.162001,0.280055,0.378533,0.000000,0.000000,0.000000,0.000000,0.000000,0.000000,nan,nan,nan,nan,nan,nan,OFF
1786341292285242360,2026-08-10T12:54:52.285279,ground_truth,-0.004126,0.008000,0.000028,True,,,,,,,,,-0.162001,0.280055,0.378533,0.000000,0.000000,0.000000,0.000000,0.000000,0.000000,nan,nan,nan,nan,nan,nan,OFF
1786341292321269416,2026-08-10T12:54:52.321295,ground_truth,-0.004126,0.008000,0.000028,True,,,,,,,,,-0.162001,0.280055,0.378533,0.000000,0.000000,0.000000,0.000000,0.000000,0.000000,nan,nan,nan,nan,nan,nan,OFF
1786341292354283935,2026-08-10T12:54:52.354300,ground_truth,-0.003550,-0.000000,-0.003557,True,,,,,,,,,-0.162001,0.280055,0.378533,0.000000,0.000000,0.000000,0.000000,0.000000,0.000000,nan,nan,nan,nan,nan,nan,OFF
1786341292388326621,2026-08-10T12:54:52.388350,ground_truth,-0.003550,-0.000000,-0.003557,True,,,,,,,,,-0.162001,0.280055,0.378533,0.000000,0.000000,0.000000,0.000000,0.000000,0.000000,nan,nan,nan,nan,nan,nan,OFF
1786341292420551254,2026-08-10T12:54:52.420573,ground_truth,-0.004126,0.008000,-0.007059,True,,,,,,,,,-0.162001,0.280055,0.378533,0.000000,0.000000,0.000000,0.000000,0.000000,0.000000,nan,nan,nan,nan,nan,nan,OFF
1786341292453034927,2026-08-10T12:54:52.453047,ground_truth,-0.004126,0.008000,-0.007059,True,,,,,,,,,-0.162001,0.280055,0.378533,0.000000,0.000000,0.000000,0.000000,0.000000,0.000000,nan,nan,nan,nan,nan,nan,OFF
1786341292487370449,2026-08-10T12:54:52.487391,ground_truth,-0.004126,0.008000,-0.007059,True,,,,,,,,,-0.162001,0.280055,0.378533,0.000000,0.000000,0.000000,0.000000,0.000000,0.000000,nan,nan,nan,nan,nan,nan,OFF
1786341292519710009,2026-08-10T12:54:52.519730,ground_truth,-0.000589,0.008000,-0.003516,True,,,,,,,,,-0.162001,0.280055,0.378533,0.000000,0.000000,0.000000,0.000000,0.000000,0.000000,nan,nan,nan,nan,nan,nan,OFF
1786341292553488786,2026-08-10T12:54:52.553504,ground_truth,0.000515,-0.007000,-0.003593,True,,,,,,,,,-0.162001,0.280055,0.378533,0.000000,0.000000,0.000000,0.000000,0.000000,0.000000,nan,nan,nan,nan,nan,nan,OFF
1786341292586235978,2026-08-10T12:54:52.586262,ground_truth,-0.001105,0.015000,-0.003480,True,,,,,,,,,-0.162001,0.280055,0.378533,0.000000,0.000000,0.000000,0.000000,0.000000,0.000000,nan,nan,nan,nan,nan,nan,OFF
1786341292620207700,2026-08-10T12:54:52.620232,ground_truth,-0.001105,0.015000,-0.003480,True,,,,,,,,,-0.162001,0.280055,0.378533,0.000000,0.000000,0.000000,0.000000,0.000000,0.000000,nan,nan,nan,nan,nan,nan,OFF
1786341292656355776,2026-08-10T12:54:52.656389,ground_truth,-0.000589,0.008000,-0.003516,True,,,,,,,,,-0.162001,0.280055,0.378533,0.000000,0.000000,0.000000,0.000000,0.000000,0.000000,nan,nan,nan,nan,nan,nan,OFF
1786341292686946433,2026-08-10T12:54:52.686969,ground_truth,0.000000,-0.000000,-0.003557,True,,,,,,,,,-0.162001,0.280055,0.378533,0.000000,0.000000,0.000000,0.000000,0.000000,0.000000,nan,nan,nan,nan,nan,nan,OFF
1786341292720317888,2026-08-10T12:54:52.720339,ground_truth,0.000000,-0.000000,-0.003557,True,,,,,,,,,-0.162001,0.280055,0.378533,0.000000,0.000000,0.000000,0.000000,0.000000,0.000000,nan,nan,nan,nan,nan,nan,OFF
1786341292757608178,2026-08-10T12:54:52.757634,ground_truth,-0.001105,0.015000,-0.003480,True,,,,,,,,,-0.162001,0.280055,0.378533,0.000000,0.000000,0.000000,0.000000,0.000000,0.000000,nan,nan,nan,nan,nan,nan,OFF
1786341292786378355,2026-08-10T12:54:52.786401,ground_truth,0.000000,-0.000000,-0.003557,True,,,,,,,,,-0.162001,0.280055,0.378533,0.000000,0.000000,0.000000,0.000000,0.000000,0.000000,nan,nan,nan,nan,nan,nan,OFF
1786341292818509059,2026-08-10T12:54:52.818531,ground_truth,0.000000,-0.000000,-0.003557,True,,,,,,,,,-0.162001,0.280055,0.378533,0.000000,0.000000,0.000000,0.000000,0.000000,0.000000,nan,nan,nan,nan,nan,nan,OFF
1786341292852503575,2026-08-10T12:54:52.852525,ground_truth,0.000515,-0.007000,-0.000025,True,,,,,,,,,-0.162001,0.280055,0.378533,0.000000,0.000000,0.000000,0.000000,0.000000,0.000000,nan,nan,nan,nan,nan,nan,OFF
1786341292884637656,2026-08-10T12:54:52.884650,ground_truth,-0.000589,0.008000,0.000028,True,,,,,,,,,-0.162001,0.280055,0.378533,0.000000,0.000000,0.000000,0.000000,0.000000,0.000000,nan,nan,nan,nan,nan,nan,OFF
1786341292918383921,2026-08-10T12:54:52.918403,ground_truth,-0.001105,0.015000,0.003585,True,,,,,,,,,-0.162001,0.280055,0.378533,0.000000,0.000000,0.000000,0.000000,0.000000,0.000000,nan,nan,nan,nan,nan,nan,OFF
1786341292952699315,2026-08-10T12:54:52.952714,ground_truth,0.000000,-0.000000,-0.000000,True,,,,,,,,,-0.162001,0.280055,0.378533,0.000000,0.000000,0.000000,0.000000,0.000000,0.000000,nan,nan,nan,nan,nan,nan,OFF
1786341292986530521,2026-08-10T12:54:52.986553,ground_truth,-0.001105,0.015000,0.000053,True,,,,,,,,,-0.162001,0.280055,0.378533,0.000000,0.000000,0.000000,0.000000,0.000000,0.000000,nan,nan,nan,nan,nan,nan,OFF
1786341293018216189,2026-08-10T12:54:53.018238,ground_truth,-0.000589,0.008000,0.000028,True,,,,,,,,,-0.162001,0.280055,0.378533,0.000000,0.000000,0.000000,0.000000,0.000000,0.000000,nan,nan,nan,nan,nan,nan,OFF
1786341293054577753,2026-08-10T12:54:53.054601,ground_truth,-0.000589,0.008000,0.000028,True,,,,,,,,,-0.162001,0.280055,0.378533,0.000000,0.000000,0.000000,0.000000,0.000000,0.000000,nan,nan,nan,nan,nan,nan,OFF
1786341293086964798,2026-08-10T12:54:53.087002,ground_truth,-0.000589,0.008000,0.000028,True,,,,,,,,,-0.162001,0.280055,0.378533,0.000000,0.000000,0.000000,0.000000,0.000000,0.000000,nan,nan,nan,nan,nan,nan,OFF
1786341293121177621,2026-08-10T12:54:53.121235,ground_truth,-0.001694,0.023000,0.000081,True,,,,,,,,,-0.162001,0.280055,0.378533,0.000000,0.000000,0.000000,0.000000,0.000000,0.000000,nan,nan,nan,nan,nan,nan,OFF
1786341293154412482,2026-08-10T12:54:53.154433,ground_truth,-0.001105,0.015000,0.000053,True,,,,,,,,,-0.162001,0.280055,0.378533,0.000000,0.000000,0.000000,0.000000,0.000000,0.000000,nan,nan,nan,nan,nan,nan,OFF
1786341293188077157,2026-08-10T12:54:53.188103,ground_truth,-0.000589,0.008000,0.000028,True,,,,,,,,,-0.162001,0.280055,0.378533,0.000000,0.000000,0.000000,0.000000,0.000000,0.000000,nan,nan,nan,nan,nan,nan,OFF
1786341293222283047,2026-08-10T12:54:53.222305,ground_truth,-0.000589,0.008000,0.000028,True,,,,,,,,,-0.162001,0.280055,0.378533,0.000000,0.000000,0.000000,0.000000,0.000000,0.000000,nan,nan,nan,nan,nan,nan,OFF
1786341293254496934,2026-08-10T12:54:53.254512,ground_truth,0.000515,-0.007000,-0.000025,True,,,,,,,,,-0.162001,0.280055,0.378533,0.000000,0.000000,0.000000,0.000000,0.000000,0.000000,nan,nan,nan,nan,nan,nan,OFF
1786341293287853635,2026-08-10T12:54:53.287878,ground_truth,0.000515,-0.007000,-0.000025,True,,,,,,,,,-0.162001,0.280055,0.378533,0.000000,0.000000,0.000000,0.000000,0.000000,0.000000,nan,nan,nan,nan,nan,nan,OFF
1786341293320321733,2026-08-10T12:54:53.320344,ground_truth,0.000000,-0.000000,-0.000000,True,,,,,,,,,-0.162001,0.280055,0.378533,0.000000,0.000000,0.000000,0.000000,0.000000,0.000000,nan,nan,nan,nan,nan,nan,OFF
1786341293354872517,2026-08-10T12:54:53.354886,ground_truth,-0.000589,0.008000,-0.003516,True,,,,,,,,,-0.162001,0.280055,0.378533,0.000000,0.000000,0.000000,0.000000,0.000000,0.000000,nan,nan,nan,nan,nan,nan,OFF
1786341293387360763,2026-08-10T12:54:53.387383,ground_truth,-0.000589,0.008000,-0.003516,True,,,,,,,,,-0.162001,0.280055,0.378533,0.000000,0.000000,0.000000,0.000000,0.000000,0.000000,nan,nan,nan,nan,nan,nan,OFF
1786341293421402803,2026-08-10T12:54:53.421423,ground_truth,-0.001694,0.023000,-0.003438,True,,,,,,,,,-0.162001,0.280055,0.378533,0.000000,0.000000,0.000000,0.000000,0.000000,0.000000,nan,nan,nan,nan,nan,nan,OFF
1786341293455447708,2026-08-10T12:54:53.455487,ground_truth,-0.000589,0.008000,-0.003516,True,,,,,,,,,-0.162001,0.280055,0.378533,0.000000,0.000000,0.000000,0.000000,0.000000,0.000000,nan,nan,nan,nan,nan,nan,OFF
1786341293489460723,2026-08-10T12:54:53.489485,ground_truth,-0.000589,0.008000,-0.003516,True,,,,,,,,,-0.162001,0.280055,0.378533,0.000000,0.000000,0.000000,0.000000,0.000000,0.000000,nan,nan,nan,nan,nan,nan,OFF
1786341293522525812,2026-08-10T12:54:53.522551,ground_truth,0.000000,-0.000000,-0.003557,True,,,,,,,,,-0.162001,0.280055,0.378533,0.000000,0.000000,0.000000,0.000000,0.000000,0.000000,nan,nan,nan,nan,nan,nan,OFF
1786341293555807913,2026-08-10T12:54:53.555848,ground_truth,0.000000,-0.000000,-0.003557,True,,,,,,,,,-0.162001,0.280055,0.378533,0.000000,0.000000,0.000000,0.000000,0.000000,0.000000,nan,nan,nan,nan,nan,nan,OFF
1786341293586844379,2026-08-10T12:54:53.586867,ground_truth,0.000515,-0.007000,-0.003593,True,,,,,,,,,-0.162001,0.280055,0.378533,0.000000,0.000000,0.000000,0.000000,0.000000,0.000000,nan,nan,nan,nan,nan,nan,OFF
1786341293619487879,2026-08-10T12:54:53.619510,ground_truth,-0.000589,0.008000,-0.003516,True,,,,,,,,,-0.162001,0.280055,0.378533,0.000000,0.000000,0.000000,0.000000,0.000000,0.000000,nan,nan,nan,nan,nan,nan,OFF
1786341293652417832,2026-08-10T12:54:53.652440,ground_truth,0.000000,-0.000000,-0.003557,True,,,,,,,,,-0.162001,0.280055,0.378533,0.000000,0.000000,0.000000,0.000000,0.000000,0.000000,nan,nan,nan,nan,nan,nan,OFF
1786341293685306988,2026-08-10T12:54:53.685325,ground_truth,0.000000,-0.000000,-0.003557,True,,,,,,,,,-0.162001,0.280055,0.378533,0.000000,0.000000,0.000000,0.000000,0.000000,0.000000,nan,nan,nan,nan,nan,nan,OFF
1786341293718811570,2026-08-10T12:54:53.718831,ground_truth,0.000000,-0.000000,-0.003557,True,,,,,,,,,-0.162001,0.280055,0.378533,0.000000,0.000000,0.000000,0.000000,0.000000,0.000000,nan,nan,nan,nan,nan,nan,OFF
1786341293752995328,2026-08-10T12:54:53.753007,ground_truth,0.000000,-0.000000,-0.003557,True,,,,,,,,,-0.162001,0.280055,0.378533,0.000000,0.000000,0.000000,0.000000,0.000000,0.000000,nan,nan,nan,nan,nan,nan,OFF
1786341293785949086,2026-08-10T12:54:53.785994,ground_truth,-0.001694,0.023000,-0.003438,True,,,,,,,,,-0.162001,0.280055,0.378533,0.000000,0.000000,0.000000,0.000000,0.000000,0.000000,nan,nan,nan,nan,nan,nan,OFF
1786341293822312233,2026-08-10T12:54:53.822363,ground_truth,-0.000589,0.008000,-0.003516,True,,,,,,,,,-0.162001,0.280055,0.378533,0.000000,0.000000,0.000000,0.000000,0.000000,0.000000,nan,nan,nan,nan,nan,nan,OFF
1786341293854261208,2026-08-10T12:54:53.854305,ground_truth,0.000515,-0.007000,-0.003593,True,,,,,,,,,-0.162001,0.280055,0.378533,0.000000,0.000000,0.000000,0.000000,0.000000,0.000000,nan,nan,nan,nan,nan,nan,OFF
1786341293887510997,2026-08-10T12:54:53.887552,ground_truth,-0.000589,0.008000,-0.003516,True,,,,,,,,,-0.162001,0.280055,0.378533,0.000000,0.000000,0.000000,0.000000,0.000000,0.000000,nan,nan,nan,nan,nan,nan,OFF
1786341293922439686,2026-08-10T12:54:53.922461,ground_truth,0.000000,-0.000000,-0.003557,True,,,,,,,,,-0.162001,0.280055,0.378533,0.000000,0.000000,0.000000,0.000000,0.000000,0.000000,nan,nan,nan,nan,nan,nan,OFF
1786341293953831776,2026-08-10T12:54:53.953848,ground_truth,-0.001105,0.015000,-0.003480,True,,,,,,,,,-0.162001,0.280055,0.378533,0.000000,0.000000,0.000000,0.000000,0.000000,0.000000,nan,nan,nan,nan,nan,nan,OFF
1786341293989135867,2026-08-10T12:54:53.989161,ground_truth,-0.000589,0.008000,0.000028,True,,,,,,,,,-0.162001,0.280055,0.378533,0.000000,0.000000,0.000000,0.000000,0.000000,0.000000,nan,nan,nan,nan,nan,nan,OFF
1786341294023690815,2026-08-10T12:54:54.023723,ground_truth,0.000000,-0.000000,-0.003557,True,,,,,,,,,-0.162001,0.280055,0.378533,0.000000,0.000000,0.000000,0.000000,0.000000,0.000000,nan,nan,nan,nan,nan,nan,OFF
1786341294054314043,2026-08-10T12:54:54.054330,ground_truth,0.000515,-0.007000,-0.003593,True,,,,,,,,,-0.162001,0.280055,0.378533,0.000000,0.000000,0.000000,0.000000,0.000000,0.000000,nan,nan,nan,nan,nan,nan,OFF
1786341294087018213,2026-08-10T12:54:54.087040,ground_truth,0.000000,-0.000000,-0.003557,True,,,,,,,,,-0.162001,0.280055,0.378533,0.000000,0.000000,0.000000,0.000000,0.000000,0.000000,nan,nan,nan,nan,nan,nan,OFF
1786341294120722807,2026-08-10T12:54:54.120743,ground_truth,-0.000589,0.008000,-0.003516,True,,,,,,,,,-0.162001,0.280055,0.378533,0.000000,0.000000,0.000000,0.000000,0.000000,0.000000,nan,nan,nan,nan,nan,nan,OFF
1786341294157746810,2026-08-10T12:54:54.157767,ground_truth,-0.000589,0.008000,0.000028,True,,,,,,,,,-0.162001,0.280055,0.378533,0.000000,0.000000,0.000000,0.000000,0.000000,0.000000,nan,nan,nan,nan,nan,nan,OFF
1786341294191419695,2026-08-10T12:54:54.191439,ground_truth,0.000000,-0.000000,-0.000000,True,,,,,,,,,-0.162001,0.280055,0.378533,0.000000,0.000000,0.000000,0.000000,0.000000,0.000000,nan,nan,nan,nan,nan,nan,OFF
1786341294222860962,2026-08-10T12:54:54.222872,ground_truth,0.000515,-0.007000,-0.000025,True,,,,,,,,,-0.162001,0.280055,0.378533,0.000000,0.000000,0.000000,0.000000,0.000000,0.000000,nan,nan,nan,nan,nan,nan,OFF
1786341294257270703,2026-08-10T12:54:54.257288,ground_truth,-0.000589,0.008000,0.000028,True,,,,,,,,,-0.162001,0.280055,0.378533,0.000000,0.000000,0.000000,0.000000,0.000000,0.000000,nan,nan,nan,nan,nan,nan,OFF
1786341294289026867,2026-08-10T12:54:54.289047,ground_truth,-0.001105,0.015000,0.000053,True,,,,,,,,,-0.162001,0.280055,0.378533,0.000000,0.000000,0.000000,0.000000,0.000000,0.000000,nan,nan,nan,nan,nan,nan,OFF
1786341294324517896,2026-08-10T12:54:54.324532,ground_truth,0.002421,0.015000,0.000053,True,,,,,,,,,-0.162001,0.280055,0.378533,0.000000,0.000000,0.000000,0.000000,0.000000,0.000000,nan,nan,nan,nan,nan,nan,OFF
1786341294354700039,2026-08-10T12:54:54.354712,ground_truth,-0.000589,0.008000,0.000028,True,,,,,,,,,-0.162001,0.280055,0.378533,0.000000,0.000000,0.000000,0.000000,0.000000,0.000000,nan,nan,nan,nan,nan,nan,OFF
1786341294387524577,2026-08-10T12:54:54.387544,ground_truth,0.001818,0.023000,0.000081,True,,,,,,,,,-0.162001,0.280055,0.378533,0.000000,0.000000,0.000000,0.000000,0.000000,0.000000,nan,nan,nan,nan,nan,nan,OFF
1786341294421065812,2026-08-10T12:54:54.421086,ground_truth,0.003550,-0.000000,-0.000000,True,,,,,,,,,-0.162001,0.280055,0.378533,0.000000,0.000000,0.000000,0.000000,0.000000,0.000000,nan,nan,nan,nan,nan,nan,OFF
1786341294453364113,2026-08-10T12:54:54.453379,ground_truth,-0.001105,0.015000,0.000053,True,,,,,,,,,-0.162001,0.280055,0.378533,0.000000,0.000000,0.000000,0.000000,0.000000,0.000000,nan,nan,nan,nan,nan,nan,OFF
1786341294487004396,2026-08-10T12:54:54.487024,ground_truth,-0.000589,0.008000,0.000028,True,,,,,,,,,-0.162001,0.280055,0.378533,0.000000,0.000000,0.000000,0.000000,0.000000,0.000000,nan,nan,nan,nan,nan,nan,OFF
1786341294522792388,2026-08-10T12:54:54.522823,ground_truth,-0.000589,0.008000,-0.003516,True,,,,,,,,,-0.162001,0.280055,0.378533,0.000000,0.000000,0.000000,0.000000,0.000000,0.000000,nan,nan,nan,nan,nan,nan,OFF
1786341294554885260,2026-08-10T12:54:54.554898,ground_truth,-0.001105,0.015000,0.000053,True,,,,,,,,,-0.162001,0.280055,0.378533,0.000000,0.000000,0.000000,0.000000,0.000000,0.000000,nan,nan,nan,nan,nan,nan,OFF
1786341294587765252,2026-08-10T12:54:54.587794,ground_truth,0.000000,-0.000000,-0.003557,True,,,,,,,,,-0.162001,0.280055,0.378533,0.000000,0.000000,0.000000,0.000000,0.000000,0.000000,nan,nan,nan,nan,nan,nan,OFF
1786341294622692603,2026-08-10T12:54:54.622742,ground_truth,0.000515,-0.007000,-0.003593,True,,,,,,,,,-0.162001,0.280055,0.378533,0.000000,0.000000,0.000000,0.000000,0.000000,0.000000,nan,nan,nan,nan,nan,nan,OFF
1786341294655394088,2026-08-10T12:54:54.655425,ground_truth,-0.000589,0.008000,-0.003516,True,,,,,,,,,-0.162001,0.280055,0.378533,0.000000,0.000000,0.000000,0.000000,0.000000,0.000000,nan,nan,nan,nan,nan,nan,OFF
1786341294688981782,2026-08-10T12:54:54.689006,ground_truth,-0.001105,0.015000,-0.003480,True,,,,,,,,,-0.162001,0.280055,0.378533,0.000000,0.000000,0.000000,0.000000,0.000000,0.000000,nan,nan,nan,nan,nan,nan,OFF
1786341294722446482,2026-08-10T12:54:54.722473,ground_truth,-0.000589,0.008000,-0.003516,True,,,,,,,,,-0.162001,0.280055,0.378533,0.000000,0.000000,0.000000,0.000000,0.000000,0.000000,nan,nan,nan,nan,nan,nan,OFF
1786341294758539041,2026-08-10T12:54:54.758565,ground_truth,0.000000,-0.000000,-0.003557,True,,,,,,,,,-0.162001,0.280055,0.378533,0.000000,0.000000,0.000000,0.000000,0.000000,0.000000,nan,nan,nan,nan,nan,nan,OFF
1786341294790454827,2026-08-10T12:54:54.790480,ground_truth,-0.001105,0.015000,-0.003480,True,,,,,,,,,-0.162001,0.280055,0.378533,0.000000,0.000000,0.000000,0.000000,0.000000,0.000000,nan,nan,nan,nan,nan,nan,OFF
1786341294822901770,2026-08-10T12:54:54.822923,ground_truth,-0.000589,0.008000,-0.003516,True,,,,,,,,,-0.162001,0.280055,0.378533,0.000000,0.000000,0.000000,0.000000,0.000000,0.000000,nan,nan,nan,nan,nan,nan,OFF
1786341294855175194,2026-08-10T12:54:54.855190,ground_truth,-0.000589,0.008000,-0.003516,True,,,,,,,,,-0.162001,0.280055,0.378533,0.000000,0.000000,0.000000,0.000000,0.000000,0.000000,nan,nan,nan,nan,nan,nan,OFF
1786341294891127156,2026-08-10T12:54:54.891151,ground_truth,-0.000589,0.008000,-0.003516,True,,,,,,,,,-0.162001,0.280055,0.378533,0.000000,0.000000,0.000000,0.000000,0.000000,0.000000,nan,nan,nan,nan,nan,nan,OFF
1786341294921625067,2026-08-10T12:54:54.921649,ground_truth,-0.000589,0.008000,-0.003516,True,,,,,,,,,-0.162001,0.280055,0.378533,0.000000,0.000000,0.000000,0.000000,0.000000,0.000000,nan,nan,nan,nan,nan,nan,OFF
1786341294954512674,2026-08-10T12:54:54.954526,ground_truth,0.000000,-0.000000,-0.003557,True,,,,,,,,,-0.162001,0.280055,0.378533,0.000000,0.000000,0.000000,0.000000,0.000000,0.000000,nan,nan,nan,nan,nan,nan,OFF
1786341294992763941,2026-08-10T12:54:54.992795,ground_truth,-0.001105,0.015000,-0.007012,True,,,,,,,,,-0.162001,0.280055,0.378533,0.000000,0.000000,0.000000,0.000000,0.000000,0.000000,nan,nan,nan,nan,nan,nan,OFF
1786341295022969815,2026-08-10T12:54:55.022986,ground_truth,0.000000,-0.000000,-0.007114,True,,,,,,,,,-0.162001,0.280055,0.378533,0.000000,0.000000,0.000000,0.000000,0.000000,0.000000,nan,nan,nan,nan,nan,nan,OFF
1786341295059306830,2026-08-10T12:54:55.059329,ground_truth,0.000000,-0.000000,-0.007114,True,,,,,,,,,-0.162001,0.280055,0.378533,0.000000,0.000000,0.000000,0.000000,0.000000,0.000000,nan,nan,nan,nan,nan,nan,OFF
1786341295090593230,2026-08-10T12:54:55.090617,ground_truth,0.000000,-0.000000,-0.007114,True,,,,,,,,,-0.162001,0.280055,0.378533,0.000000,0.000000,0.000000,0.000000,0.000000,0.000000,nan,nan,nan,nan,nan,nan,OFF
1786341295123707901,2026-08-10T12:54:55.123724,ground_truth,-0.000589,0.008000,-0.007059,True,,,,,,,,,-0.162001,0.280055,0.378533,0.000000,0.000000,0.000000,0.000000,0.000000,0.000000,nan,nan,nan,nan,nan,nan,OFF
1786341295154017691,2026-08-10T12:54:55.154036,ground_truth,0.000000,-0.000000,-0.007114,True,,,,,,,,,-0.162001,0.280055,0.378533,0.000000,0.000000,0.000000,0.000000,0.000000,0.000000,nan,nan,nan,nan,nan,nan,OFF
1786341295186747303,2026-08-10T12:54:55.186770,ground_truth,-0.000589,0.008000,-0.007059,True,,,,,,,,,-0.162001,0.280055,0.378533,0.000000,0.000000,0.000000,0.000000,0.000000,0.000000,nan,nan,nan,nan,nan,nan,OFF
1786341295221789586,2026-08-10T12:54:55.221816,ground_truth,0.000000,-0.000000,-0.010671,True,,,,,,,,,-0.162001,0.280055,0.378533,0.000000,0.000000,0.000000,0.000000,0.000000,0.000000,nan,nan,nan,nan,nan,nan,OFF
1786341295254460848,2026-08-10T12:54:55.254474,ground_truth,0.000515,-0.007000,-0.010730,True,,,,,,,,,-0.162001,0.280055,0.378533,0.000000,0.000000,0.000000,0.000000,0.000000,0.000000,nan,nan,nan,nan,nan,nan,OFF
1786341295288386817,2026-08-10T12:54:55.288409,ground_truth,0.000515,-0.007000,-0.007161,True,,,,,,,,,-0.162001,0.280055,0.378533,0.000000,0.000000,0.000000,0.000000,0.000000,0.000000,nan,nan,nan,nan,nan,nan,OFF
1786341295322876163,2026-08-10T12:54:55.322912,ground_truth,0.002421,0.015000,-0.007012,True,,,,,,,,,-0.162001,0.280055,0.378533,0.000000,0.000000,0.000000,0.000000,0.000000,0.000000,nan,nan,nan,nan,nan,nan,OFF
1786341295354220892,2026-08-10T12:54:55.354237,ground_truth,0.003550,-0.000000,-0.007114,True,,,,,,,,,-0.162001,0.280055,0.378533,0.000000,0.000000,0.000000,0.000000,0.000000,0.000000,nan,nan,nan,nan,nan,nan,OFF
1786341295390229405,2026-08-10T12:54:55.390286,ground_truth,0.002948,0.008000,-0.007059,True,,,,,,,,,-0.162001,0.280055,0.378533,0.000000,0.000000,0.000000,0.000000,0.000000,0.000000,nan,nan,nan,nan,nan,nan,OFF
1786341295421148829,2026-08-10T12:54:55.421199,ground_truth,0.002421,0.015000,-0.007012,True,,,,,,,,,-0.162001,0.280055,0.378533,0.000000,0.000000,0.000000,0.000000,0.000000,0.000000,nan,nan,nan,nan,nan,nan,OFF
1786341295458088476,2026-08-10T12:54:55.458154,ground_truth,0.002948,0.008000,-0.007059,True,,,,,,,,,-0.162001,0.280055,0.378533,0.000000,0.000000,0.000000,0.000000,0.000000,0.000000,nan,nan,nan,nan,nan,nan,OFF
1786341295490641955,2026-08-10T12:54:55.490670,ground_truth,0.003550,-0.000000,-0.007114,True,,,,,,,,,-0.162001,0.280055,0.378533,0.000000,0.000000,0.000000,0.000000,0.000000,0.000000,nan,nan,nan,nan,nan,nan,OFF
1786341295523319799,2026-08-10T12:54:55.523336,ground_truth,0.002948,0.008000,-0.003516,True,,,,,,,,,-0.162001,0.280055,0.378533,0.000000,0.000000,0.000000,0.000000,0.000000,0.000000,nan,nan,nan,nan,nan,nan,OFF
1786341295557464973,2026-08-10T12:54:55.557487,ground_truth,0.003550,-0.000000,-0.007114,True,,,,,,,,,-0.162001,0.280055,0.378533,0.000000,0.000000,0.000000,0.000000,0.000000,0.000000,nan,nan,nan,nan,nan,nan,OFF
1786341295590929217,2026-08-10T12:54:55.590965,ground_truth,0.002421,0.015000,-0.007012,True,,,,,,,,,-0.162001,0.280055,0.378533,0.000000,0.000000,0.000000,0.000000,0.000000,0.000000,nan,nan,nan,nan,nan,nan,OFF
1786341295623088229,2026-08-10T12:54:55.623102,ground_truth,0.003550,-0.000000,-0.007114,True,,,,,,,,,-0.162001,0.280055,0.378533,0.000000,0.000000,0.000000,0.000000,0.000000,0.000000,nan,nan,nan,nan,nan,nan,OFF
1786341295657467787,2026-08-10T12:54:55.657512,ground_truth,0.002421,0.015000,-0.007012,True,,,,,,,,,-0.162001,0.280055,0.378533,0.000000,0.000000,0.000000,0.000000,0.000000,0.000000,nan,nan,nan,nan,nan,nan,OFF
1786341295689507984,2026-08-10T12:54:55.689527,ground_truth,0.003550,-0.000000,-0.007114,True,,,,,,,,,-0.162001,0.280055,0.378533,0.000000,0.000000,0.000000,0.000000,0.000000,0.000000,nan,nan,nan,nan,nan,nan,OFF
1786341295726339496,2026-08-10T12:54:55.726388,ground_truth,0.004077,-0.007000,-0.007161,True,,,,,,,,,-0.162001,0.280055,0.378533,0.000000,0.000000,0.000000,0.000000,0.000000,0.000000,nan,nan,nan,nan,nan,nan,OFF
1786341295758400832,2026-08-10T12:54:55.758421,ground_truth,0.003550,-0.000000,-0.003557,True,,,,,,,,,-0.162001,0.280055,0.378533,0.000000,0.000000,0.000000,0.000000,0.000000,0.000000,nan,nan,nan,nan,nan,nan,OFF
1786341295792670933,2026-08-10T12:54:55.792692,ground_truth,0.003550,-0.000000,-0.003557,True,,,,,,,,,-0.162001,0.280055,0.378533,0.000000,0.000000,0.000000,0.000000,0.000000,0.000000,nan,nan,nan,nan,nan,nan,OFF
1786341295824618053,2026-08-10T12:54:55.824632,ground_truth,0.002948,0.008000,-0.003516,True,,,,,,,,,-0.162001,0.280055,0.378533,0.000000,0.000000,0.000000,0.000000,0.000000,0.000000,nan,nan,nan,nan,nan,nan,OFF
1786341295857482160,2026-08-10T12:54:55.857527,ground_truth,0.004077,-0.007000,-0.003593,True,,,,,,,,,-0.162001,0.280055,0.378533,0.000000,0.000000,0.000000,0.000000,0.000000,0.000000,nan,nan,nan,nan,nan,nan,OFF
1786341295890865772,2026-08-10T12:54:55.890891,ground_truth,0.001818,0.023000,-0.003438,True,,,,,,,,,-0.162001,0.280055,0.378533,0.000000,0.000000,0.000000,0.000000,0.000000,0.000000,nan,nan,nan,nan,nan,nan,OFF
1786341295923287241,2026-08-10T12:54:55.923313,ground_truth,0.002948,0.008000,-0.003516,True,,,,,,,,,-0.162001,0.280055,0.378533,0.000000,0.000000,0.000000,0.000000,0.000000,0.000000,nan,nan,nan,nan,nan,nan,OFF
1786341295956162079,2026-08-10T12:54:55.956214,ground_truth,0.002948,0.008000,-0.007059,True,,,,,,,,,-0.162001,0.280055,0.378533,0.000000,0.000000,0.000000,0.000000,0.000000,0.000000,nan,nan,nan,nan,nan,nan,OFF
1786341295990611669,2026-08-10T12:54:55.990630,ground_truth,0.004077,-0.007000,-0.007161,True,,,,,,,,,-0.162001,0.280055,0.378533,0.000000,0.000000,0.000000,0.000000,0.000000,0.000000,nan,nan,nan,nan,nan,nan,OFF
1786341296022728367,2026-08-10T12:54:56.022743,ground_truth,0.004077,-0.007000,-0.007161,True,,,,,,,,,-0.162001,0.280055,0.378533,0.000000,0.000000,0.000000,0.000000,0.000000,0.000000,nan,nan,nan,nan,nan,nan,OFF
1786341296057357301,2026-08-10T12:54:56.057401,ground_truth,0.001818,0.023000,-0.006957,True,,,,,,,,,-0.162001,0.280055,0.378533,0.000000,0.000000,0.000000,0.000000,0.000000,0.000000,nan,nan,nan,nan,nan,nan,OFF
1786341296090457000,2026-08-10T12:54:56.090472,ground_truth,0.002948,0.008000,-0.007059,True,,,,,,,,,-0.162001,0.280055,0.378533,0.000000,0.000000,0.000000,0.000000,0.000000,0.000000,nan,nan,nan,nan,nan,nan,OFF
1786341296125071917,2026-08-10T12:54:56.125128,ground_truth,0.002421,0.015000,-0.007012,True,,,,,,,,,-0.162001,0.280055,0.378533,0.000000,0.000000,0.000000,0.000000,0.000000,0.000000,nan,nan,nan,nan,nan,nan,OFF
1786341296156450626,2026-08-10T12:54:56.156501,ground_truth,0.002948,0.008000,-0.007059,True,,,,,,,,,-0.162001,0.280055,0.378533,0.000000,0.000000,0.000000,0.000000,0.000000,0.000000,nan,nan,nan,nan,nan,nan,OFF
1786341296189577025,2026-08-10T12:54:56.189657,ground_truth,0.002948,0.008000,-0.007059,True,,,,,,,,,-0.162001,0.280055,0.378533,0.000000,0.000000,0.000000,0.000000,0.000000,0.000000,nan,nan,nan,nan,nan,nan,OFF
1786341296224212992,2026-08-10T12:54:56.224229,ground_truth,0.005946,0.015000,-0.007012,True,,,,,,,,,-0.162001,0.280055,0.378533,0.000000,0.000000,0.000000,0.000000,0.000000,0.000000,nan,nan,nan,nan,nan,nan,OFF
1786341296258801069,2026-08-10T12:54:56.258821,ground_truth,0.005946,0.015000,-0.007012,True,,,,,,,,,-0.162001,0.280055,0.378533,0.000000,0.000000,0.000000,0.000000,0.000000,0.000000,nan,nan,nan,nan,nan,nan,OFF
1786341296292546119,2026-08-10T12:54:56.292570,ground_truth,0.007100,-0.000000,-0.007114,True,,,,,,,,,-0.162001,0.280055,0.378533,0.000000,0.000000,0.000000,0.000000,0.000000,0.000000,nan,nan,nan,nan,nan,nan,OFF
1786341296326092624,2026-08-10T12:54:56.326115,ground_truth,0.001818,0.023000,-0.006957,True,,,,,,,,,-0.162001,0.280055,0.378533,0.000000,0.000000,0.000000,0.000000,0.000000,0.000000,nan,nan,nan,nan,nan,nan,OFF
1786341296357397783,2026-08-10T12:54:56.357426,ground_truth,0.001818,0.023000,-0.006957,True,,,,,,,,,-0.162001,0.280055,0.378533,0.000000,0.000000,0.000000,0.000000,0.000000,0.000000,nan,nan,nan,nan,nan,nan,OFF
1786341296391125450,2026-08-10T12:54:56.391145,ground_truth,0.001818,0.023000,-0.006957,True,,,,,,,,,-0.162001,0.280055,0.378533,0.000000,0.000000,0.000000,0.000000,0.000000,0.000000,nan,nan,nan,nan,nan,nan,OFF
1786341296425379434,2026-08-10T12:54:56.425426,ground_truth,0.006485,0.008000,-0.007059,True,,,,,,,,,-0.162001,0.280055,0.378533,0.000000,0.000000,0.000000,0.000000,0.000000,0.000000,nan,nan,nan,nan,nan,nan,OFF
1786341296456960637,2026-08-10T12:54:56.456981,ground_truth,0.005946,0.015000,-0.007012,True,,,,,,,,,-0.162001,0.280055,0.378533,0.000000,0.000000,0.000000,0.000000,0.000000,0.000000,nan,nan,nan,nan,nan,nan,OFF
1786341296491188181,2026-08-10T12:54:56.491234,ground_truth,0.005946,0.015000,-0.007012,True,,,,,,,,,-0.162001,0.280055,0.378533,0.000000,0.000000,0.000000,0.000000,0.000000,0.000000,nan,nan,nan,nan,nan,nan,OFF
1786341296523083297,2026-08-10T12:54:56.523106,ground_truth,0.005946,0.015000,-0.007012,True,,,,,,,,,-0.162001,0.280055,0.378533,0.000000,0.000000,0.000000,0.000000,0.000000,0.000000,nan,nan,nan,nan,nan,nan,OFF
1786341296563131325,2026-08-10T12:54:56.563148,ground_truth,0.006485,0.008000,-0.007059,True,,,,,,,,,-0.162001,0.280055,0.378533,0.000000,0.000000,0.000000,0.000000,0.000000,0.000000,nan,nan,nan,nan,nan,nan,OFF
1786341296591982346,2026-08-10T12:54:56.592001,ground_truth,0.005331,0.023000,-0.006957,True,,,,,,,,,-0.162001,0.280055,0.378533,0.000000,0.000000,0.000000,0.000000,0.000000,0.000000,nan,nan,nan,nan,nan,nan,OFF
1786341296625134514,2026-08-10T12:54:56.625165,ground_truth,0.006485,0.008000,-0.007059,True,,,,,,,,,-0.162001,0.280055,0.378533,0.000000,0.000000,0.000000,0.000000,0.000000,0.000000,nan,nan,nan,nan,nan,nan,OFF
1786341296657730949,2026-08-10T12:54:56.657777,ground_truth,0.005946,0.015000,-0.007012,True,,,,,,,,,-0.162001,0.280055,0.378533,0.000000,0.000000,0.000000,0.000000,0.000000,0.000000,nan,nan,nan,nan,nan,nan,OFF
1786341296690523365,2026-08-10T12:54:56.690541,ground_truth,0.007100,-0.000000,-0.003557,True,,,,,,,,,-0.162001,0.280055,0.378533,0.000000,0.000000,0.000000,0.000000,0.000000,0.000000,nan,nan,nan,nan,nan,nan,OFF
1786341296721701444,2026-08-10T12:54:56.721721,ground_truth,0.005331,0.023000,-0.003438,True,,,,,,,,,-0.162001,0.280055,0.378533,0.000000,0.000000,0.000000,0.000000,0.000000,0.000000,nan,nan,nan,nan,nan,nan,OFF
1786341296756294580,2026-08-10T12:54:56.756317,ground_truth,0.005331,0.023000,-0.003438,True,,,,,,,,,-0.162001,0.280055,0.378533,0.000000,0.000000,0.000000,0.000000,0.000000,0.000000,nan,nan,nan,nan,nan,nan,OFF
1786341296789574539,2026-08-10T12:54:56.789605,ground_truth,0.005946,0.015000,-0.003480,True,,,,,,,,,-0.162001,0.280055,0.378533,0.000000,0.000000,0.000000,0.000000,0.000000,0.000000,nan,nan,nan,nan,nan,nan,OFF
1786341296822561705,2026-08-10T12:54:56.822593,ground_truth,0.006485,0.008000,-0.007059,True,,,,,,,,,-0.162001,0.280055,0.378533,0.000000,0.000000,0.000000,0.000000,0.000000,0.000000,nan,nan,nan,nan,nan,nan,OFF
1786341296855431026,2026-08-10T12:54:56.855446,ground_truth,0.005946,0.015000,-0.007012,True,,,,,,,,,-0.162001,0.280055,0.378533,0.000000,0.000000,0.000000,0.000000,0.000000,0.000000,nan,nan,nan,nan,nan,nan,OFF
1786341296888526526,2026-08-10T12:54:56.888547,ground_truth,0.006485,0.008000,-0.007059,True,,,,,,,,,-0.162001,0.280055,0.378533,0.000000,0.000000,0.000000,0.000000,0.000000,0.000000,nan,nan,nan,nan,nan,nan,OFF
1786341296921684615,2026-08-10T12:54:56.921705,ground_truth,0.006485,0.008000,-0.007059,True,,,,,,,,,-0.162001,0.280055,0.378533,0.000000,0.000000,0.000000,0.000000,0.000000,0.000000,nan,nan,nan,nan,nan,nan,OFF
1786341296955729804,2026-08-10T12:54:56.955764,ground_truth,0.006485,0.008000,-0.007059,True,,,,,,,,,-0.162001,0.280055,0.378533,0.000000,0.000000,0.000000,0.000000,0.000000,0.000000,nan,nan,nan,nan,nan,nan,OFF
1786341296991449313,2026-08-10T12:54:56.991484,ground_truth,0.005946,0.015000,-0.007012,True,,,,,,,,,-0.162001,0.280055,0.378533,0.000000,0.000000,0.000000,0.000000,0.000000,0.000000,nan,nan,nan,nan,nan,nan,OFF
1786341297024782830,2026-08-10T12:54:57.024799,ground_truth,0.007100,-0.000000,-0.007114,True,,,,,,,,,-0.162001,0.280055,0.378533,0.000000,0.000000,0.000000,0.000000,0.000000,0.000000,nan,nan,nan,nan,nan,nan,OFF
1786341297058082000,2026-08-10T12:54:57.058104,ground_truth,0.007100,-0.000000,-0.007114,True,,,,,,,,,-0.162001,0.280055,0.378533,0.000000,0.000000,0.000000,0.000000,0.000000,0.000000,nan,nan,nan,nan,nan,nan,OFF
1786341297090616553,2026-08-10T12:54:57.090635,ground_truth,0.005946,0.015000,-0.007012,True,,,,,,,,,-0.162001,0.280055,0.378533,0.000000,0.000000,0.000000,0.000000,0.000000,0.000000,nan,nan,nan,nan,nan,nan,OFF
1786341297123399315,2026-08-10T12:54:57.123411,ground_truth,0.004792,0.030000,-0.006910,True,,,,,,,,,-0.162001,0.280055,0.378533,0.000000,0.000000,0.000000,0.000000,0.000000,0.000000,nan,nan,nan,nan,nan,nan,OFF
1786341297158089409,2026-08-10T12:54:57.158125,ground_truth,0.007100,-0.000000,-0.007114,True,,,,,,,,,-0.162001,0.280055,0.378533,0.000000,0.000000,0.000000,0.000000,0.000000,0.000000,nan,nan,nan,nan,nan,nan,OFF
1786341297192588121,2026-08-10T12:54:57.192602,ground_truth,0.006485,0.008000,-0.007059,True,,,,,,,,,-0.162001,0.280055,0.378533,0.000000,0.000000,0.000000,0.000000,0.000000,0.000000,nan,nan,nan,nan,nan,nan,OFF
1786341297225117383,2026-08-10T12:54:57.225131,ground_truth,0.006485,0.008000,-0.007059,True,,,,,,,,,-0.162001,0.280055,0.378533,0.000000,0.000000,0.000000,0.000000,0.000000,0.000000,nan,nan,nan,nan,nan,nan,OFF
1786341297258971845,2026-08-10T12:54:57.258995,ground_truth,0.006485,0.008000,-0.007059,True,,,,,,,,,-0.162001,0.280055,0.378533,0.000000,0.000000,0.000000,0.000000,0.000000,0.000000,nan,nan,nan,nan,nan,nan,OFF
1786341297290373933,2026-08-10T12:54:57.290396,ground_truth,0.007100,-0.000000,-0.003557,True,,,,,,,,,-0.162001,0.280055,0.378533,0.000000,0.000000,0.000000,0.000000,0.000000,0.000000,nan,nan,nan,nan,nan,nan,OFF
1786341297324971111,2026-08-10T12:54:57.325018,ground_truth,0.006485,0.008000,-0.007059,True,,,,,,,,,-0.162001,0.280055,0.378533,0.000000,0.000000,0.000000,0.000000,0.000000,0.000000,nan,nan,nan,nan,nan,nan,OFF
1786341297359822992,2026-08-10T12:54:57.359842,ground_truth,0.005946,0.015000,-0.007012,True,,,,,,,,,-0.162001,0.280055,0.378533,0.000000,0.000000,0.000000,0.000000,0.000000,0.000000,nan,nan,nan,nan,nan,nan,OFF
1786341297392276351,2026-08-10T12:54:57.392296,ground_truth,0.006485,0.008000,-0.007059,True,,,,,,,,,-0.162001,0.280055,0.378533,0.000000,0.000000,0.000000,0.000000,0.000000,0.000000,nan,nan,nan,nan,nan,nan,OFF
1786341297425243382,2026-08-10T12:54:57.425271,ground_truth,0.005331,0.023000,-0.006957,True,,,,,,,,,-0.162001,0.280055,0.378533,0.000000,0.000000,0.000000,0.000000,0.000000,0.000000,nan,nan,nan,nan,nan,nan,OFF
1786341297459272535,2026-08-10T12:54:57.459289,ground_truth,0.006485,0.008000,-0.007059,True,,,,,,,,,-0.162001,0.280055,0.378533,0.000000,0.000000,0.000000,0.000000,0.000000,0.000000,nan,nan,nan,nan,nan,nan,OFF
1786341297492050749,2026-08-10T12:54:57.492073,ground_truth,0.005331,0.023000,-0.003438,True,,,,,,,,,-0.162001,0.280055,0.378533,0.000000,0.000000,0.000000,0.000000,0.000000,0.000000,nan,nan,nan,nan,nan,nan,OFF
1786341297524830034,2026-08-10T12:54:57.524843,ground_truth,0.005331,0.023000,-0.003438,True,,,,,,,,,-0.162001,0.280055,0.378533,0.000000,0.000000,0.000000,0.000000,0.000000,0.000000,nan,nan,nan,nan,nan,nan,OFF
1786341297557164999,2026-08-10T12:54:57.557191,ground_truth,0.005946,0.015000,-0.007012,True,,,,,,,,,-0.162001,0.280055,0.378533,0.000000,0.000000,0.000000,0.000000,0.000000,0.000000,nan,nan,nan,nan,nan,nan,OFF
1786341297590818650,2026-08-10T12:54:57.590838,ground_truth,0.005331,0.023000,-0.006957,True,,,,,,,,,-0.162001,0.280055,0.378533,0.000000,0.000000,0.000000,0.000000,0.000000,0.000000,nan,nan,nan,nan,nan,nan,OFF
1786341297622677263,2026-08-10T12:54:57.622702,ground_truth,0.006485,0.008000,-0.003516,True,,,,,,,,,-0.162001,0.280055,0.378533,0.000000,0.000000,0.000000,0.000000,0.000000,0.000000,nan,nan,nan,nan,nan,nan,OFF
1786341297655293550,2026-08-10T12:54:57.655308,ground_truth,0.005331,0.023000,-0.003438,True,,,,,,,,,-0.162001,0.280055,0.378533,0.000000,0.000000,0.000000,0.000000,0.000000,0.000000,nan,nan,nan,nan,nan,nan,OFF
1786341297688796947,2026-08-10T12:54:57.688826,ground_truth,0.005946,0.015000,-0.003480,True,,,,,,,,,-0.162001,0.280055,0.378533,0.000000,0.000000,0.000000,0.000000,0.000000,0.000000,nan,nan,nan,nan,nan,nan,OFF
1786341297723119375,2026-08-10T12:54:57.723133,ground_truth,0.006485,0.008000,-0.003516,True,,,,,,,,,-0.162001,0.280055,0.378533,0.000000,0.000000,0.000000,0.000000,0.000000,0.000000,nan,nan,nan,nan,nan,nan,OFF
1786341297755510085,2026-08-10T12:54:57.755538,ground_truth,0.005946,0.015000,-0.003480,True,,,,,,,,,-0.162001,0.280055,0.378533,0.000000,0.000000,0.000000,0.000000,0.000000,0.000000,nan,nan,nan,nan,nan,nan,OFF
1786341297791108700,2026-08-10T12:54:57.791133,ground_truth,0.005946,0.015000,-0.003480,True,,,,,,,,,-0.162001,0.280055,0.378533,0.000000,0.000000,0.000000,0.000000,0.000000,0.000000,nan,nan,nan,nan,nan,nan,OFF
1786341297823955473,2026-08-10T12:54:57.823973,ground_truth,0.006485,0.008000,-0.007059,True,,,,,,,,,-0.162001,0.280055,0.378533,0.000000,0.000000,0.000000,0.000000,0.000000,0.000000,nan,nan,nan,nan,nan,nan,OFF
1786341297859449891,2026-08-10T12:54:57.859475,ground_truth,0.005946,0.015000,-0.007012,True,,,,,,,,,-0.162001,0.280055,0.378533,0.000000,0.000000,0.000000,0.000000,0.000000,0.000000,nan,nan,nan,nan,nan,nan,OFF
1786341297892452590,2026-08-10T12:54:57.892471,ground_truth,0.007100,-0.000000,-0.007114,True,,,,,,,,,-0.162001,0.280055,0.378533,0.000000,0.000000,0.000000,0.000000,0.000000,0.000000,nan,nan,nan,nan,nan,nan,OFF
1786341297925274436,2026-08-10T12:54:57.925305,ground_truth,0.005946,0.015000,-0.007012,True,,,,,,,,,-0.162001,0.280055,0.378533,0.000000,0.000000,0.000000,0.000000,0.000000,0.000000,nan,nan,nan,nan,nan,nan,OFF
1786341297958785738,2026-08-10T12:54:57.958806,ground_truth,0.004792,0.030000,-0.006910,True,,,,,,,,,-0.162001,0.280055,0.378533,0.000000,0.000000,0.000000,0.000000,0.000000,0.000000,nan,nan,nan,nan,nan,nan,OFF
1786341297992211047,2026-08-10T12:54:57.992248,ground_truth,0.005331,0.023000,-0.006957,True,,,,,,,,,-0.162001,0.280055,0.378533,0.000000,0.000000,0.000000,0.000000,0.000000,0.000000,nan,nan,nan,nan,nan,nan,OFF
1786341298024768399,2026-08-10T12:54:58.024781,ground_truth,0.007100,-0.000000,-0.007114,True,,,,,,,,,-0.162001,0.280055,0.378533,0.000000,0.000000,0.000000,0.000000,0.000000,0.000000,nan,nan,nan,nan,nan,nan,OFF
1786341298060212335,2026-08-10T12:54:58.060230,ground_truth,0.005946,0.015000,-0.007012,True,,,,,,,,,-0.162001,0.280055,0.378533,0.000000,0.000000,0.000000,0.000000,0.000000,0.000000,nan,nan,nan,nan,nan,nan,OFF
1786341298092716034,2026-08-10T12:54:58.092729,ground_truth,0.007100,-0.000000,-0.007114,True,,,,,,,,,-0.162001,0.280055,0.378533,0.000000,0.000000,0.000000,0.000000,0.000000,0.000000,nan,nan,nan,nan,nan,nan,OFF
1786341298124867755,2026-08-10T12:54:58.124879,ground_truth,0.005946,0.015000,-0.007012,True,,,,,,,,,-0.162001,0.280055,0.378533,0.000000,0.000000,0.000000,0.000000,0.000000,0.000000,nan,nan,nan,nan,nan,nan,OFF
1786341298160353461,2026-08-10T12:54:58.160374,ground_truth,0.006485,0.008000,-0.007059,True,,,,,,,,,-0.162001,0.280055,0.378533,0.000000,0.000000,0.000000,0.000000,0.000000,0.000000,nan,nan,nan,nan,nan,nan,OFF
1786341298192673421,2026-08-10T12:54:58.192686,ground_truth,0.005946,0.015000,-0.007012,True,,,,,,,,,-0.162001,0.280055,0.378533,0.000000,0.000000,0.000000,0.000000,0.000000,0.000000,nan,nan,nan,nan,nan,nan,OFF
1786341298224760892,2026-08-10T12:54:58.224773,ground_truth,0.007100,-0.000000,-0.007114,True,,,,,,,,,-0.162001,0.280055,0.378533,0.000000,0.000000,0.000000,0.000000,0.000000,0.000000,nan,nan,nan,nan,nan,nan,OFF
1786341298258298858,2026-08-10T12:54:58.258336,ground_truth,0.005946,0.015000,-0.007012,True,,,,,,,,,-0.162001,0.280055,0.378533,0.000000,0.000000,0.000000,0.000000,0.000000,0.000000,nan,nan,nan,nan,nan,nan,OFF
1786341298292203660,2026-08-10T12:54:58.292231,ground_truth,0.007100,-0.000000,-0.007114,True,,,,,,,,,-0.162001,0.280055,0.378533,0.000000,0.000000,0.000000,0.000000,0.000000,0.000000,nan,nan,nan,nan,nan,nan,OFF
1786341298325089813,2026-08-10T12:54:58.325102,ground_truth,0.005331,0.023000,-0.006957,True,,,,,,,,,-0.162001,0.280055,0.378533,0.000000,0.000000,0.000000,0.000000,0.000000,0.000000,nan,nan,nan,nan,nan,nan,OFF
1786341298357530632,2026-08-10T12:54:58.357555,ground_truth,0.005946,0.015000,-0.010544,True,,,,,,,,,-0.162001,0.280055,0.378533,0.000000,0.000000,0.000000,0.000000,0.000000,0.000000,nan,nan,nan,nan,nan,nan,OFF
1786341298389863237,2026-08-10T12:54:58.389884,ground_truth,0.007100,-0.000000,-0.007114,True,,,,,,,,,-0.162001,0.280055,0.378533,0.000000,0.000000,0.000000,0.000000,0.000000,0.000000,nan,nan,nan,nan,nan,nan,OFF
1786341298424712326,2026-08-10T12:54:58.424726,ground_truth,0.004792,0.030000,-0.006910,True,,,,,,,,,-0.162001,0.280055,0.378533,0.000000,0.000000,0.000000,0.000000,0.000000,0.000000,nan,nan,nan,nan,nan,nan,OFF
1786341298456479140,2026-08-10T12:54:58.456502,ground_truth,0.005946,0.015000,-0.007012,True,,,,,,,,,-0.162001,0.280055,0.378533,0.000000,0.000000,0.000000,0.000000,0.000000,0.000000,nan,nan,nan,nan,nan,nan,OFF
1786341298490340970,2026-08-10T12:54:58.490360,ground_truth,0.009471,0.015000,-0.003480,True,,,,,,,,,-0.162001,0.280055,0.378533,0.000000,0.000000,0.000000,0.000000,0.000000,0.000000,nan,nan,nan,nan,nan,nan,OFF
1786341298523482827,2026-08-10T12:54:58.523495,ground_truth,0.009471,0.015000,-0.007012,True,,,,,,,,,-0.162001,0.280055,0.378533,0.000000,0.000000,0.000000,0.000000,0.000000,0.000000,nan,nan,nan,nan,nan,nan,OFF
1786341298557049538,2026-08-10T12:54:58.557112,ground_truth,0.007639,-0.007000,-0.007161,True,,,,,,,,,-0.162001,0.280055,0.378533,0.000000,0.000000,0.000000,0.000000,0.000000,0.000000,nan,nan,nan,nan,nan,nan,OFF
1786341298590609206,2026-08-10T12:54:58.590663,ground_truth,0.005946,0.015000,-0.007012,True,,,,,,,,,-0.162001,0.280055,0.378533,0.000000,0.000000,0.000000,0.000000,0.000000,0.000000,nan,nan,nan,nan,nan,nan,OFF
1786341298627679322,2026-08-10T12:54:58.627718,ground_truth,0.005946,0.015000,-0.007012,True,,,,,,,,,-0.162001,0.280055,0.378533,0.000000,0.000000,0.000000,0.000000,0.000000,0.000000,nan,nan,nan,nan,nan,nan,OFF
1786341298659085843,2026-08-10T12:54:58.659106,ground_truth,0.005946,0.015000,-0.007012,True,,,,,,,,,-0.162001,0.280055,0.378533,0.000000,0.000000,0.000000,0.000000,0.000000,0.000000,nan,nan,nan,nan,nan,nan,OFF
1786341298692991696,2026-08-10T12:54:58.693025,ground_truth,0.005946,0.015000,-0.007012,True,,,,,,,,,-0.162001,0.280055,0.378533,0.000000,0.000000,0.000000,0.000000,0.000000,0.000000,nan,nan,nan,nan,nan,nan,OFF
1786341298725435351,2026-08-10T12:54:58.725476,ground_truth,0.007639,-0.007000,-0.007161,True,,,,,,,,,-0.162001,0.280055,0.378533,0.000000,0.000000,0.000000,0.000000,0.000000,0.000000,nan,nan,nan,nan,nan,nan,OFF
1786341298759122761,2026-08-10T12:54:58.759142,ground_truth,0.006485,0.008000,-0.007059,True,,,,,,,,,-0.162001,0.280055,0.378533,0.000000,0.000000,0.000000,0.000000,0.000000,0.000000,nan,nan,nan,nan,nan,nan,OFF
1786341298793215268,2026-08-10T12:54:58.793231,ground_truth,0.007100,-0.000000,-0.007114,True,,,,,,,,,-0.162001,0.280055,0.378533,0.000000,0.000000,0.000000,0.000000,0.000000,0.000000,nan,nan,nan,nan,nan,nan,OFF
1786341298825089114,2026-08-10T12:54:58.825132,ground_truth,0.006485,0.008000,-0.010603,True,,,,,,,,,-0.162001,0.280055,0.378533,0.000000,0.000000,0.000000,0.000000,0.000000,0.000000,nan,nan,nan,nan,nan,nan,OFF
1786341298858436730,2026-08-10T12:54:58.858458,ground_truth,0.010650,-0.000000,-0.007114,True,,,,,,,,,-0.162001,0.280055,0.378533,0.000000,0.000000,0.000000,0.000000,0.000000,0.000000,nan,nan,nan,nan,nan,nan,OFF
1786341298893445032,2026-08-10T12:54:58.893484,ground_truth,0.010022,0.008000,-0.007059,True,,,,,,,,,-0.162001,0.280055,0.378533,0.000000,0.000000,0.000000,0.000000,0.000000,0.000000,nan,nan,nan,nan,nan,nan,OFF
1786341298927607100,2026-08-10T12:54:58.927629,ground_truth,0.010022,0.008000,-0.010603,True,,,,,,,,,-0.162001,0.280055,0.378533,0.000000,0.000000,0.000000,0.000000,0.000000,0.000000,nan,nan,nan,nan,nan,nan,OFF
1786341298959866065,2026-08-10T12:54:58.959888,ground_truth,0.008843,0.023000,-0.010476,True,,,,,,,,,-0.162001,0.280055,0.378533,0.000000,0.000000,0.000000,0.000000,0.000000,0.000000,nan,nan,nan,nan,nan,nan,OFF
1786341298993922614,2026-08-10T12:54:58.993939,ground_truth,0.010650,-0.000000,-0.007114,True,,,,,,,,,-0.162001,0.280055,0.378533,0.000000,0.000000,0.000000,0.000000,0.000000,0.000000,nan,nan,nan,nan,nan,nan,OFF
1786341299024730007,2026-08-10T12:54:59.024772,ground_truth,0.010022,0.008000,-0.007059,True,,,,,,,,,-0.162001,0.280055,0.378533,0.000000,0.000000,0.000000,0.000000,0.000000,0.000000,nan,nan,nan,nan,nan,nan,OFF
1786341299059309260,2026-08-10T12:54:59.059331,ground_truth,0.008843,0.023000,-0.006957,True,,,,,,,,,-0.162001,0.280055,0.378533,0.000000,0.000000,0.000000,0.000000,0.000000,0.000000,nan,nan,nan,nan,nan,nan,OFF
1786341299091831969,2026-08-10T12:54:59.091853,ground_truth,0.006485,0.008000,-0.007059,True,,,,,,,,,-0.162001,0.280055,0.378533,0.000000,0.000000,0.000000,0.000000,0.000000,0.000000,nan,nan,nan,nan,nan,nan,OFF
1786341299124512096,2026-08-10T12:54:59.124552,ground_truth,0.007100,-0.000000,-0.007114,True,,,,,,,,,-0.162001,0.280055,0.378533,0.000000,0.000000,0.000000,0.000000,0.000000,0.000000,nan,nan,nan,nan,nan,nan,OFF
1786341299156576017,2026-08-10T12:54:59.156605,ground_truth,0.005946,0.015000,-0.007012,True,,,,,,,,,-0.162001,0.280055,0.378533,0.000000,0.000000,0.000000,0.000000,0.000000,0.000000,nan,nan,nan,nan,nan,nan,OFF
1786341299191171952,2026-08-10T12:54:59.191195,ground_truth,0.007100,-0.000000,-0.007114,True,,,,,,,,,-0.162001,0.280055,0.378533,0.000000,0.000000,0.000000,0.000000,0.000000,0.000000,nan,nan,nan,nan,nan,nan,OFF
1786341299223940767,2026-08-10T12:54:59.223957,ground_truth,0.007100,-0.000000,-0.007114,True,,,,,,,,,-0.162001,0.280055,0.378533,0.000000,0.000000,0.000000,0.000000,0.000000,0.000000,nan,nan,nan,nan,nan,nan,OFF
1786341299256789203,2026-08-10T12:54:59.256831,ground_truth,0.006485,0.008000,-0.010603,True,,,,,,,,,-0.162001,0.280055,0.378533,0.000000,0.000000,0.000000,0.000000,0.000000,0.000000,nan,nan,nan,nan,nan,nan,OFF
1786341299289596400,2026-08-10T12:54:59.289619,ground_truth,0.005946,0.015000,-0.007012,True,,,,,,,,,-0.162001,0.280055,0.378533,0.000000,0.000000,0.000000,0.000000,0.000000,0.000000,nan,nan,nan,nan,nan,nan,OFF
1786341299323575087,2026-08-10T12:54:59.323595,ground_truth,0.002948,0.008000,-0.010603,True,,,,,,,,,-0.162001,0.280055,0.378533,0.000000,0.000000,0.000000,0.000000,0.000000,0.000000,nan,nan,nan,nan,nan,nan,OFF
1786341299359058141,2026-08-10T12:54:59.359103,ground_truth,0.002421,0.015000,-0.010544,True,,,,,,,,,-0.162001,0.280055,0.378533,0.000000,0.000000,0.000000,0.000000,0.000000,0.000000,nan,nan,nan,nan,nan,nan,OFF
1786341299392336611,2026-08-10T12:54:59.392359,ground_truth,0.003550,-0.000000,-0.010671,True,,,,,,,,,-0.162001,0.280055,0.378533,0.000000,0.000000,0.000000,0.000000,0.000000,0.000000,nan,nan,nan,nan,nan,nan,OFF
1786341299426174480,2026-08-10T12:54:59.426188,ground_truth,0.003550,-0.000000,-0.010671,True,,,,,,,,,-0.162001,0.280055,0.378533,0.000000,0.000000,0.000000,0.000000,0.000000,0.000000,nan,nan,nan,nan,nan,nan,OFF
1786341299481602679,2026-08-10T12:54:59.481624,prediction,0.002948,0.008000,-0.007059,True,0.082948,-0.037375,-0.017868,0.080000,0.045375,0.010809,18.66,10,-0.162001,0.280055,0.378533,0.000000,0.000000,0.000000,0.000000,0.000000,0.000000,nan,nan,nan,nan,nan,nan,OFF
1786341299513420353,2026-08-10T12:54:59.513452,prediction,0.001291,0.030000,-0.006910,True,0.082120,-0.027375,-0.017453,0.080828,0.057375,0.010543,17.07,10,-0.162001,0.280055,0.378533,0.000000,0.000000,0.000000,0.000000,0.000000,0.000000,nan,nan,nan,nan,nan,nan,OFF
1786341299545122659,2026-08-10T12:54:59.545145,prediction,0.003550,-0.000000,-0.007114,True,0.082835,-0.030019,-0.017562,0.079285,0.030019,0.010448,17.15,10,-0.162001,0.280055,0.378533,0.000000,0.000000,0.000000,0.000000,0.000000,0.000000,nan,nan,nan,nan,nan,nan,OFF
1786341299576593096,2026-08-10T12:54:59.576611,prediction,0.002948,0.008000,-0.007059,True,0.082891,-0.033471,-0.017707,0.079944,0.041471,0.010648,16.09,10,-0.162001,0.280055,0.378533,0.000000,0.000000,0.000000,0.000000,0.000000,0.000000,nan,nan,nan,nan,nan,nan,OFF
1786341299611410980,2026-08-10T12:54:59.611431,prediction,0.002948,0.008000,-0.007059,True,0.082770,-0.037020,-0.017637,0.079822,0.045019,0.010578,16.25,10,-0.162001,0.280055,0.378533,0.000000,0.000000,0.000000,0.000000,0.000000,0.000000,nan,nan,nan,nan,nan,nan,OFF
1786341299648216158,2026-08-10T12:54:59.648234,prediction,0.002421,0.015000,-0.007012,True,0.082709,-0.038810,-0.017591,0.080288,0.053810,0.010579,19.43,10,-0.162001,0.280055,0.378533,0.000000,0.000000,0.000000,0.000000,0.000000,0.000000,nan,nan,nan,nan,nan,nan,OFF
1786341299682566789,2026-08-10T12:54:59.682588,prediction,0.002948,0.008000,-0.010603,True,0.082678,-0.039649,-0.017558,0.079730,0.047649,0.006955,19.93,10,-0.162001,0.280055,0.378533,0.000000,0.000000,0.000000,0.000000,0.000000,0.000000,nan,nan,nan,nan,nan,nan,OFF
1786341299715979152,2026-08-10T12:54:59.715997,prediction,0.003550,-0.000000,-0.007114,True,0.082663,-0.040005,-0.017539,0.079113,0.040005,0.010425,19.44,10,-0.162001,0.280055,0.378533,0.000000,0.000000,0.000000,0.000000,0.000000,0.000000,nan,nan,nan,nan,nan,nan,OFF
1786341299749358944,2026-08-10T12:54:59.749377,prediction,0.002421,0.015000,-0.007012,True,0.082655,-0.040121,-0.017531,0.080235,0.055121,0.010519,19.85,10,-0.162001,0.280055,0.378533,0.000000,0.000000,0.000000,0.000000,0.000000,0.000000,nan,nan,nan,nan,nan,nan,OFF
1786341299783018766,2026-08-10T12:54:59.783033,prediction,0.002948,0.008000,-0.007059,True,0.082652,-0.040139,-0.017530,0.079704,0.048138,0.010470,19.73,10,-0.162001,0.280055,0.378533,0.000000,0.000000,0.000000,0.000000,0.000000,0.000000,nan,nan,nan,nan,nan,nan,OFF
1786341299815074201,2026-08-10T12:54:59.815088,prediction,0.004077,-0.007000,-0.007161,True,0.082650,-0.040115,-0.017534,0.078573,0.033115,0.010373,18.84,10,-0.162001,0.280055,0.378533,0.000000,0.000000,0.000000,0.000000,0.000000,0.000000,nan,nan,nan,nan,nan,nan,OFF
1786341299845292536,2026-08-10T12:54:59.845311,prediction,0.002948,0.008000,-0.007059,True,0.082649,-0.040055,-0.017541,0.079701,0.048055,0.010481,17.88,10,-0.162001,0.280055,0.378533,0.000000,0.000000,0.000000,0.000000,0.000000,0.000000,nan,nan,nan,nan,nan,nan,OFF
1786341299878517415,2026-08-10T12:54:59.878530,prediction,0.002948,0.008000,-0.007059,True,0.082648,-0.040014,-0.017547,0.079700,0.048014,0.010488,17.84,10,-0.162001,0.280055,0.378533,0.000000,0.000000,0.000000,0.000000,0.000000,0.000000,nan,nan,nan,nan,nan,nan,OFF
1786341299912039577,2026-08-10T12:54:59.912062,prediction,0.002948,0.008000,-0.007059,True,0.082648,-0.039990,-0.017553,0.079700,0.047990,0.010494,17.66,10,-0.162001,0.280055,0.378533,0.000000,0.000000,0.000000,0.000000,0.000000,0.000000,nan,nan,nan,nan,nan,nan,OFF
1786341299944157800,2026-08-10T12:54:59.944171,prediction,0.002421,0.015000,-0.007012,True,0.082648,-0.039978,-0.017556,0.080227,0.054979,0.010545,17.27,10,-0.162001,0.280055,0.378533,0.000000,0.000000,0.000000,0.000000,0.000000,0.000000,nan,nan,nan,nan,nan,nan,OFF
1786341299979605798,2026-08-10T12:54:59.979627,prediction,0.002948,0.008000,-0.007059,True,0.082648,-0.039972,-0.017558,0.079700,0.047972,0.010499,18.10,10,-0.162001,0.280055,0.378533,0.000000,0.000000,0.000000,0.000000,0.000000,0.000000,nan,nan,nan,nan,nan,nan,OFF
1786341300012090513,2026-08-10T12:55:00.012129,prediction,0.002948,0.008000,-0.007059,True,0.082648,-0.039969,-0.017559,0.079700,0.047969,0.010499,18.21,10,-0.162001,0.280055,0.378533,0.000000,0.000000,0.000000,0.000000,0.000000,0.000000,nan,nan,nan,nan,nan,nan,OFF
1786341300044934445,2026-08-10T12:55:00.044953,prediction,0.003550,-0.000000,-0.007114,True,0.082648,-0.039968,-0.017559,0.079098,0.039968,0.010445,17.65,10,-0.162001,0.280055,0.378533,0.000000,0.000000,0.000000,0.000000,0.000000,0.000000,nan,nan,nan,nan,nan,nan,OFF
1786341300080073562,2026-08-10T12:55:00.080091,prediction,0.002421,0.015000,-0.007012,True,0.082648,-0.039967,-0.017559,0.080227,0.054967,0.010548,17.72,10,-0.162001,0.280055,0.378533,0.000000,0.000000,0.000000,0.000000,0.000000,0.000000,nan,nan,nan,nan,nan,nan,OFF
1786341300113677884,2026-08-10T12:55:00.113696,prediction,0.003550,-0.000000,-0.007114,True,0.082648,-0.039967,-0.017559,0.079098,0.039967,0.010446,16.95,10,-0.162001,0.280055,0.378533,0.000000,0.000000,0.000000,0.000000,0.000000,0.000000,nan,nan,nan,nan,nan,nan,OFF
1786341300147044055,2026-08-10T12:55:00.147058,prediction,0.002948,0.008000,-0.010603,True,0.082648,-0.039967,-0.017559,0.079700,0.047967,0.006956,17.30,10,-0.162001,0.280055,0.378533,0.000000,0.000000,0.000000,0.000000,0.000000,0.000000,nan,nan,nan,nan,nan,nan,OFF
1786341300179541120,2026-08-10T12:55:00.179556,prediction,0.005946,0.015000,-0.007012,True,0.082648,-0.039967,-0.017559,0.076702,0.054967,0.010548,16.73,10,-0.162001,0.280055,0.378533,0.000000,0.000000,0.000000,0.000000,0.000000,0.000000,nan,nan,nan,nan,nan,nan,OFF
1786341300212952376,2026-08-10T12:55:00.212974,prediction,0.005946,0.015000,-0.007012,True,0.082648,-0.039966,-0.017559,0.076702,0.054967,0.010548,16.94,10,-0.162001,0.280055,0.378533,0.000000,0.000000,0.000000,0.000000,0.000000,0.000000,nan,nan,nan,nan,nan,nan,OFF
1786341300247824889,2026-08-10T12:55:00.247840,prediction,0.007639,-0.007000,-0.007161,True,0.082648,-0.039966,-0.017559,0.075009,0.032966,0.010398,17.74,10,-0.162001,0.280055,0.378533,0.000000,0.000000,0.000000,0.000000,0.000000,0.000000,nan,nan,nan,nan,nan,nan,OFF
1786341300279039796,2026-08-10T12:55:00.279054,prediction,0.005331,0.023000,-0.006957,True,0.082648,-0.039966,-0.017559,0.077317,0.062966,0.010602,16.58,10,-0.162001,0.280055,0.378533,0.000000,0.000000,0.000000,0.000000,0.000000,0.000000,nan,nan,nan,nan,nan,nan,OFF
1786341300312223251,2026-08-10T12:55:00.312237,prediction,0.006485,0.008000,-0.007059,True,0.082648,-0.039966,-0.017559,0.076163,0.047966,0.010500,16.46,10,-0.162001,0.280055,0.378533,0.000000,0.000000,0.000000,0.000000,0.000000,0.000000,nan,nan,nan,nan,nan,nan,OFF
1786341300343934088,2026-08-10T12:55:00.343946,prediction,0.005946,0.015000,-0.007012,True,0.082648,-0.039966,-0.017559,0.076702,0.054967,0.010548,16.62,10,-0.162001,0.280055,0.378533,0.000000,0.000000,0.000000,0.000000,0.000000,0.000000,nan,nan,nan,nan,nan,nan,OFF
1786341300377195079,2026-08-10T12:55:00.377215,prediction,0.007100,-0.000000,-0.007114,True,0.082648,-0.039966,-0.017559,0.075548,0.039966,0.010446,16.09,10,-0.162001,0.280055,0.378533,0.000000,0.000000,0.000000,0.000000,0.000000,0.000000,nan,nan,nan,nan,nan,nan,OFF
1786341300411172728,2026-08-10T12:55:00.411188,prediction,0.006485,0.008000,-0.003516,True,0.082648,-0.039966,-0.017559,0.076163,0.047966,0.014044,15.57,10,-0.162001,0.280055,0.378533,0.000000,0.000000,0.000000,0.000000,0.000000,0.000000,nan,nan,nan,nan,nan,nan,OFF
1786341300447785575,2026-08-10T12:55:00.447806,prediction,0.005946,0.015000,-0.003480,True,0.082648,-0.039966,-0.017559,0.076702,0.054967,0.014080,18.33,10,-0.162001,0.280055,0.378533,0.000000,0.000000,0.000000,0.000000,0.000000,0.000000,nan,nan,nan,nan,nan,nan,OFF
1786341300479439755,2026-08-10T12:55:00.479457,prediction,0.006485,0.008000,-0.003516,True,0.082648,-0.039966,-0.017559,0.076163,0.047966,0.014044,17.42,10,-0.162001,0.280055,0.378533,0.000000,0.000000,0.000000,0.000000,0.000000,0.000000,nan,nan,nan,nan,nan,nan,OFF
1786341300514750156,2026-08-10T12:55:00.514763,prediction,0.005946,0.015000,-0.003480,True,0.082648,-0.039966,-0.017559,0.076702,0.054967,0.014080,18.79,10,-0.162001,0.280055,0.378533,0.000000,0.000000,0.000000,0.000000,0.000000,0.000000,nan,nan,nan,nan,nan,nan,OFF
1786341300548210074,2026-08-10T12:55:00.548227,prediction,0.007100,-0.000000,-0.000000,True,0.082648,-0.039966,-0.017559,0.075548,0.039966,0.017559,19.14,10,-0.162001,0.280055,0.378533,0.000000,0.000000,0.000000,0.000000,0.000000,0.000000,nan,nan,nan,nan,nan,nan,OFF
1786341300580246788,2026-08-10T12:55:00.580265,prediction,0.008254,-0.015000,-0.003634,True,0.082648,-0.039966,-0.017559,0.074394,0.024966,0.013925,17.93,10,-0.162001,0.280055,0.378533,0.000000,0.000000,0.000000,0.000000,0.000000,0.000000,nan,nan,nan,nan,nan,nan,OFF
1786341300611990106,2026-08-10T12:55:00.612007,prediction,0.001818,0.023000,-0.003438,True,0.082648,-0.039966,-0.017559,0.080829,0.062966,0.014121,17.01,10,-0.162001,0.280055,0.378533,0.000000,0.000000,0.000000,0.000000,0.000000,0.000000,nan,nan,nan,nan,nan,nan,OFF
1786341300646176710,2026-08-10T12:55:00.646197,prediction,0.006485,0.008000,-0.003516,True,0.082648,-0.039966,-0.017559,0.076163,0.047966,0.014044,17.58,10,-0.162001,0.280055,0.378533,0.000000,0.000000,0.000000,0.000000,0.000000,0.000000,nan,nan,nan,nan,nan,nan,OFF
1786341300680223540,2026-08-10T12:55:00.680253,prediction,0.005946,0.015000,-0.003480,True,0.082648,-0.039966,-0.017559,0.076702,0.054967,0.014080,18.21,10,-0.162001,0.280055,0.378533,0.000000,0.000000,0.000000,0.000000,0.000000,0.000000,nan,nan,nan,nan,nan,nan,OFF
1786341300711393803,2026-08-10T12:55:00.711409,prediction,0.006485,0.008000,-0.007059,True,0.082648,-0.039966,-0.017559,0.076163,0.047966,0.010500,16.64,10,-0.162001,0.280055,0.378533,0.000000,0.000000,0.000000,0.000000,0.000000,0.000000,nan,nan,nan,nan,nan,nan,OFF
1786341300744890982,2026-08-10T12:55:00.744904,prediction,0.007639,-0.007000,-0.007161,True,0.082648,-0.039966,-0.017559,0.075009,0.032966,0.010398,17.17,10,-0.162001,0.280055,0.378533,0.000000,0.000000,0.000000,0.000000,0.000000,0.000000,nan,nan,nan,nan,nan,nan,OFF
1786341300780940983,2026-08-10T12:55:00.780961,prediction,0.006485,0.008000,-0.007059,True,0.082648,-0.039966,-0.017559,0.076163,0.047966,0.010500,18.13,10,-0.162001,0.280055,0.378533,0.000000,0.000000,0.000000,0.000000,0.000000,0.000000,nan,nan,nan,nan,nan,nan,OFF
1786341300810482162,2026-08-10T12:55:00.810501,prediction,0.006485,0.008000,-0.007059,True,0.082648,-0.039966,-0.017559,0.076163,0.047966,0.010500,16.82,10,-0.162001,0.280055,0.378533,0.000000,0.000000,0.000000,0.000000,0.000000,0.000000,nan,nan,nan,nan,nan,nan,OFF
1786341300846368725,2026-08-10T12:55:00.846415,prediction,0.007100,-0.000000,-0.007114,True,0.082648,-0.039966,-0.017559,0.075548,0.039966,0.010446,18.45,10,-0.162001,0.280055,0.378533,0.000000,0.000000,0.000000,0.000000,0.000000,0.000000,nan,nan,nan,nan,nan,nan,OFF
1786341300877809410,2026-08-10T12:55:00.877839,prediction,0.005946,0.015000,-0.010544,True,0.082648,-0.039966,-0.017559,0.076702,0.054967,0.007016,17.60,10,-0.162001,0.280055,0.378533,0.000000,0.000000,0.000000,0.000000,0.000000,0.000000,nan,nan,nan,nan,nan,nan,OFF
1786341300910709078,2026-08-10T12:55:00.910722,prediction,0.006485,0.008000,-0.010603,True,0.082648,-0.039966,-0.017559,0.076163,0.047966,0.006956,15.47,10,-0.162001,0.280055,0.378533,0.000000,0.000000,0.000000,0.000000,0.000000,0.000000,nan,nan,nan,nan,nan,nan,OFF
1786341300945772362,2026-08-10T12:55:00.945791,prediction,0.006485,0.008000,-0.010603,True,0.082648,-0.039966,-0.017559,0.076163,0.047966,0.006956,16.63,10,-0.162001,0.280055,0.378533,0.000000,0.000000,0.000000,0.000000,0.000000,0.000000,nan,nan,nan,nan,nan,nan,OFF
1786341300980232864,2026-08-10T12:55:00.980254,prediction,0.005331,0.023000,-0.006957,True,0.082648,-0.039966,-0.017559,0.077317,0.062966,0.010602,17.84,10,-0.162001,0.280055,0.378533,0.000000,0.000000,0.000000,0.000000,0.000000,0.000000,nan,nan,nan,nan,nan,nan,OFF
1786341301014416150,2026-08-10T12:55:01.014429,prediction,0.007639,-0.007000,-0.007161,True,0.082648,-0.039966,-0.017559,0.075009,0.032966,0.010398,17.51,10,-0.162001,0.280055,0.378533,0.000000,0.000000,0.000000,0.000000,0.000000,0.000000,nan,nan,nan,nan,nan,nan,OFF
1786341301048498701,2026-08-10T12:55:01.048515,prediction,0.005946,0.015000,-0.007012,True,0.082648,-0.039966,-0.017559,0.076702,0.054967,0.010548,18.81,10,-0.162001,0.280055,0.378533,0.000000,0.000000,0.000000,0.000000,0.000000,0.000000,nan,nan,nan,nan,nan,nan,OFF
1786341301081483374,2026-08-10T12:55:01.081511,prediction,0.007100,-0.000000,-0.007114,True,0.082648,-0.039966,-0.017559,0.075548,0.039966,0.010446,16.99,10,-0.162001,0.280055,0.378533,0.000000,0.000000,0.000000,0.000000,0.000000,0.000000,nan,nan,nan,nan,nan,nan,OFF
1786341301114104990,2026-08-10T12:55:01.114124,prediction,0.008254,-0.015000,-0.007216,True,0.082648,-0.039966,-0.017559,0.074394,0.024966,0.010343,16.90,10,-0.162001,0.280055,0.378533,0.000000,0.000000,0.000000,0.000000,0.000000,0.000000,nan,nan,nan,nan,nan,nan,OFF
1786341301147174804,2026-08-10T12:55:01.147195,prediction,0.007100,-0.000000,-0.007114,True,0.082648,-0.039966,-0.017559,0.075548,0.039966,0.010446,16.44,10,-0.162001,0.280055,0.378533,0.000000,0.000000,0.000000,0.000000,0.000000,0.000000,nan,nan,nan,nan,nan,nan,OFF
1786341301178121088,2026-08-10T12:55:01.178135,prediction,0.006485,0.008000,-0.007059,True,0.082648,-0.039966,-0.017559,0.076163,0.047966,0.010500,15.75,10,-0.162001,0.280055,0.378533,0.000000,0.000000,0.000000,0.000000,0.000000,0.000000,nan,nan,nan,nan,nan,nan,OFF
1786341301210040605,2026-08-10T12:55:01.210055,prediction,0.007100,-0.000000,-0.007114,True,0.082648,-0.039966,-0.017559,0.075548,0.039966,0.010446,15.03,10,-0.162001,0.280055,0.378533,0.000000,0.000000,0.000000,0.000000,0.000000,0.000000,nan,nan,nan,nan,nan,nan,OFF
1786341301247199871,2026-08-10T12:55:01.247220,prediction,0.006485,0.008000,-0.007059,True,0.082648,-0.039966,-0.017559,0.076163,0.047966,0.010500,16.72,10,-0.162001,0.280055,0.378533,0.000000,0.000000,0.000000,0.000000,0.000000,0.000000,nan,nan,nan,nan,nan,nan,OFF
1786341301284193503,2026-08-10T12:55:01.284235,prediction,0.007639,-0.007000,-0.007161,True,0.082648,-0.039966,-0.017559,0.075009,0.032966,0.010398,19.13,10,-0.162001,0.280055,0.378533,0.000000,0.000000,0.000000,0.000000,0.000000,0.000000,nan,nan,nan,nan,nan,nan,OFF
1786341301312667116,2026-08-10T12:55:01.312684,prediction,0.006485,0.008000,-0.007059,True,0.082648,-0.039966,-0.017559,0.076163,0.047966,0.010500,17.55,10,-0.162001,0.280055,0.378533,0.000000,0.000000,0.000000,0.000000,0.000000,0.000000,nan,nan,nan,nan,nan,nan,OFF
1786341301347447459,2026-08-10T12:55:01.347464,prediction,0.005946,0.015000,-0.007012,True,0.082648,-0.039966,-0.017559,0.076702,0.054967,0.010548,18.18,10,-0.162001,0.280055,0.378533,0.000000,0.000000,0.000000,0.000000,0.000000,0.000000,nan,nan,nan,nan,nan,nan,OFF
1786341301380362801,2026-08-10T12:55:01.380384,prediction,0.006485,0.008000,-0.007059,True,0.082648,-0.039966,-0.017559,0.076163,0.047966,0.010500,18.27,10,-0.162001,0.280055,0.378533,0.000000,0.000000,0.000000,0.000000,0.000000,0.000000,nan,nan,nan,nan,nan,nan,OFF
1786341301413266370,2026-08-10T12:55:01.413281,prediction,0.006485,0.008000,-0.007059,True,0.082648,-0.039966,-0.017559,0.076163,0.047966,0.010500,17.22,10,-0.162001,0.280055,0.378533,0.000000,0.000000,0.000000,0.000000,0.000000,0.000000,nan,nan,nan,nan,nan,nan,OFF
1786341301446263316,2026-08-10T12:55:01.446282,prediction,0.005331,0.023000,-0.006957,True,0.082648,-0.039966,-0.017559,0.077317,0.062966,0.010602,17.04,10,-0.162001,0.280055,0.378533,0.000000,0.000000,0.000000,0.000000,0.000000,0.000000,nan,nan,nan,nan,nan,nan,OFF
1786341301479366584,2026-08-10T12:55:01.479379,prediction,0.005946,0.015000,-0.007012,True,0.082648,-0.039966,-0.017559,0.076702,0.054967,0.010548,17.31,10,-0.162001,0.280055,0.378533,0.000000,0.000000,0.000000,0.000000,0.000000,0.000000,nan,nan,nan,nan,nan,nan,OFF
1786341301511147959,2026-08-10T12:55:01.511163,prediction,0.007100,-0.000000,-0.007114,True,0.082648,-0.039966,-0.017559,0.075548,0.039966,0.010446,16.43,10,-0.162001,0.280055,0.378533,0.000000,0.000000,0.000000,0.000000,0.000000,0.000000,nan,nan,nan,nan,nan,nan,OFF
1786341301544461585,2026-08-10T12:55:01.544476,prediction,0.007100,-0.000000,-0.007114,True,0.082648,-0.039966,-0.017559,0.075548,0.039966,0.010446,16.80,10,-0.162001,0.280055,0.378533,0.000000,0.000000,0.000000,0.000000,0.000000,0.000000,nan,nan,nan,nan,nan,nan,OFF
1786341301580121332,2026-08-10T12:55:01.580142,prediction,0.006485,0.008000,-0.007059,True,0.082648,-0.039966,-0.017559,0.076163,0.047966,0.010500,18.02,10,-0.162001,0.280055,0.378533,0.000000,0.000000,0.000000,0.000000,0.000000,0.000000,nan,nan,nan,nan,nan,nan,OFF
1786341301611838736,2026-08-10T12:55:01.611860,prediction,0.007100,-0.000000,-0.007114,True,0.082648,-0.039966,-0.017559,0.075548,0.039966,0.010446,17.24,10,-0.162001,0.280055,0.378533,0.000000,0.000000,0.000000,0.000000,0.000000,0.000000,nan,nan,nan,nan,nan,nan,OFF
1786341301648196885,2026-08-10T12:55:01.648211,prediction,0.007100,-0.000000,-0.007114,True,0.082648,-0.039966,-0.017559,0.075548,0.039966,0.010446,19.32,10,-0.162001,0.280055,0.378533,0.000000,0.000000,0.000000,0.000000,0.000000,0.000000,nan,nan,nan,nan,nan,nan,OFF
1786341301677839702,2026-08-10T12:55:01.677855,prediction,0.005946,0.015000,-0.007012,True,0.082648,-0.039966,-0.017559,0.076702,0.054967,0.010548,17.78,10,-0.162001,0.280055,0.378533,0.000000,0.000000,0.000000,0.000000,0.000000,0.000000,nan,nan,nan,nan,nan,nan,OFF
1786341301710789509,2026-08-10T12:55:01.710812,prediction,0.008254,-0.015000,-0.007216,True,0.082648,-0.039966,-0.017559,0.074394,0.024966,0.010343,16.10,10,-0.162001,0.280055,0.378533,0.000000,0.000000,0.000000,0.000000,0.000000,0.000000,nan,nan,nan,nan,nan,nan,OFF
1786341301746402016,2026-08-10T12:55:01.746454,prediction,0.005946,0.015000,-0.007012,True,0.082648,-0.039966,-0.017559,0.076702,0.054967,0.010548,17.27,10,-0.162001,0.280055,0.378533,0.000000,0.000000,0.000000,0.000000,0.000000,0.000000,nan,nan,nan,nan,nan,nan,OFF
1786341301780449642,2026-08-10T12:55:01.780471,prediction,0.005946,0.015000,-0.007012,True,0.082648,-0.039966,-0.017559,0.076702,0.054967,0.010548,17.21,10,-0.162001,0.280055,0.378533,0.000000,0.000000,0.000000,0.000000,0.000000,0.000000,nan,nan,nan,nan,nan,nan,OFF
1786341301811048438,2026-08-10T12:55:01.811064,prediction,0.007639,-0.007000,-0.007161,True,0.082648,-0.039966,-0.017559,0.075009,0.032966,0.010398,15.56,10,-0.162001,0.280055,0.378533,0.000000,0.000000,0.000000,0.000000,0.000000,0.000000,nan,nan,nan,nan,nan,nan,OFF
1786341301844914199,2026-08-10T12:55:01.844928,prediction,0.007639,-0.007000,-0.007161,True,0.082648,-0.039966,-0.017559,0.075009,0.032966,0.010398,16.13,10,-0.162001,0.280055,0.378533,0.000000,0.000000,0.000000,0.000000,0.000000,0.000000,nan,nan,nan,nan,nan,nan,OFF
1786341301878985329,2026-08-10T12:55:01.879003,prediction,0.006485,0.008000,-0.007059,True,0.082648,-0.039966,-0.017559,0.076163,0.047966,0.010500,15.85,10,-0.162001,0.280055,0.378533,0.000000,0.000000,0.000000,0.000000,0.000000,0.000000,nan,nan,nan,nan,nan,nan,OFF
1786341301912808309,2026-08-10T12:55:01.912820,prediction,0.005946,0.015000,-0.010544,True,0.082648,-0.039966,-0.017559,0.076702,0.054967,0.007016,16.48,10,-0.162001,0.280055,0.378533,0.000000,0.000000,0.000000,0.000000,0.000000,0.000000,nan,nan,nan,nan,nan,nan,OFF
1786341301945526067,2026-08-10T12:55:01.945553,prediction,0.006485,0.008000,-0.010603,True,0.082648,-0.039966,-0.017559,0.076163,0.047966,0.006956,15.90,10,-0.162001,0.280055,0.378533,0.000000,0.000000,0.000000,0.000000,0.000000,0.000000,nan,nan,nan,nan,nan,nan,OFF
1786341301977433851,2026-08-10T12:55:01.977453,prediction,0.005946,0.015000,-0.010544,True,0.082648,-0.039966,-0.017559,0.076702,0.054967,0.007016,15.71,10,-0.162001,0.280055,0.378533,0.000000,0.000000,0.000000,0.000000,0.000000,0.000000,nan,nan,nan,nan,nan,nan,OFF
1786341302011121333,2026-08-10T12:55:02.011135,prediction,0.006485,0.008000,-0.010603,True,0.082648,-0.039966,-0.017559,0.076163,0.047966,0.006956,15.92,10,-0.162001,0.280055,0.378533,0.000000,0.000000,0.000000,0.000000,0.000000,0.000000,nan,nan,nan,nan,nan,nan,OFF
1786341302053627424,2026-08-10T12:55:02.053644,prediction,0.007100,-0.000000,-0.007114,True,0.082648,-0.039966,-0.017559,0.075548,0.039966,0.010446,21.75,10,-0.162001,0.280055,0.378533,0.000000,0.000000,0.000000,0.000000,0.000000,0.000000,nan,nan,nan,nan,nan,nan,OFF
1786341302086102677,2026-08-10T12:55:02.086120,prediction,0.006485,0.008000,-0.010603,True,0.082648,-0.039966,-0.017559,0.076163,0.047966,0.006956,19.29,10,-0.162001,0.280055,0.378533,0.000000,0.000000,0.000000,0.000000,0.000000,0.000000,nan,nan,nan,nan,nan,nan,OFF
1786341302116615807,2026-08-10T12:55:02.116639,prediction,0.005946,0.015000,-0.010544,True,0.082648,-0.039966,-0.017559,0.076702,0.054967,0.007016,19.07,10,-0.162001,0.280055,0.378533,0.000000,0.000000,0.000000,0.000000,0.000000,0.000000,nan,nan,nan,nan,nan,nan,OFF
1786341302149784833,2026-08-10T12:55:02.149805,prediction,0.005946,0.015000,-0.007012,True,0.082648,-0.039966,-0.017559,0.076702,0.054967,0.010548,19.01,10,-0.162001,0.280055,0.378533,0.000000,0.000000,0.000000,0.000000,0.000000,0.000000,nan,nan,nan,nan,nan,nan,OFF
1786341302179168955,2026-08-10T12:55:02.179188,prediction,0.005946,0.015000,-0.007012,True,0.082648,-0.039966,-0.017559,0.076702,0.054967,0.010548,16.63,10,-0.162001,0.280055,0.378533,0.000000,0.000000,0.000000,0.000000,0.000000,0.000000,nan,nan,nan,nan,nan,nan,OFF
1786341302211503102,2026-08-10T12:55:02.211524,prediction,0.006485,0.008000,-0.007059,True,0.082648,-0.039966,-0.017559,0.076163,0.047966,0.010500,16.06,10,-0.162001,0.280055,0.378533,0.000000,0.000000,0.000000,0.000000,0.000000,0.000000,nan,nan,nan,nan,nan,nan,OFF
1786341302244169827,2026-08-10T12:55:02.244185,prediction,0.001291,0.030000,-0.013924,True,0.082648,-0.039966,-0.017559,0.081356,0.069966,0.003635,16.43,10,-0.162001,0.280055,0.378533,0.000000,0.000000,0.000000,0.000000,0.000000,0.000000,nan,nan,nan,nan,nan,nan,OFF
1786341302279865737,2026-08-10T12:55:02.279883,prediction,0.006485,0.008000,-0.010603,True,0.082648,-0.039966,-0.017559,0.076163,0.047966,0.006956,16.92,10,-0.162001,0.280055,0.378533,0.000000,0.000000,0.000000,0.000000,0.000000,0.000000,nan,nan,nan,nan,nan,nan,OFF
1786341302311413946,2026-08-10T12:55:02.311429,prediction,0.007639,-0.007000,-0.010730,True,0.082648,-0.039966,-0.017559,0.075009,0.032966,0.006829,16.56,10,-0.162001,0.280055,0.378533,0.000000,0.000000,0.000000,0.000000,0.000000,0.000000,nan,nan,nan,nan,nan,nan,OFF
1786341302345412022,2026-08-10T12:55:02.345430,prediction,0.005946,0.015000,-0.007012,True,0.082648,-0.039966,-0.017559,0.076702,0.054967,0.010548,17.87,10,-0.162001,0.280055,0.378533,0.000000,0.000000,0.000000,0.000000,0.000000,0.000000,nan,nan,nan,nan,nan,nan,OFF
1786341302380171940,2026-08-10T12:55:02.380193,prediction,0.006485,0.008000,-0.007059,True,0.082648,-0.039966,-0.017559,0.076163,0.047966,0.010500,17.26,10,-0.162001,0.280055,0.378533,0.000000,0.000000,0.000000,0.000000,0.000000,0.000000,nan,nan,nan,nan,nan,nan,OFF
1786341302411742591,2026-08-10T12:55:02.411760,prediction,0.007639,-0.007000,-0.007161,True,0.082648,-0.039966,-0.017559,0.075009,0.032966,0.010398,17.31,10,-0.162001,0.280055,0.378533,0.000000,0.000000,0.000000,0.000000,0.000000,0.000000,nan,nan,nan,nan,nan,nan,OFF
1786341302450445502,2026-08-10T12:55:02.450462,prediction,0.007639,-0.007000,-0.007161,True,0.082648,-0.039966,-0.017559,0.075009,0.032966,0.010398,21.78,10,-0.162001,0.280055,0.378533,0.000000,0.000000,0.000000,0.000000,0.000000,0.000000,nan,nan,nan,nan,nan,nan,OFF
1786341302480925279,2026-08-10T12:55:02.480939,prediction,0.005946,0.015000,-0.007012,True,0.082648,-0.039966,-0.017559,0.076702,0.054967,0.010548,19.09,10,-0.162001,0.280055,0.378533,0.000000,0.000000,0.000000,0.000000,0.000000,0.000000,nan,nan,nan,nan,nan,nan,OFF
1786341302523457760,2026-08-10T12:55:02.523479,prediction,0.005946,0.015000,-0.007012,True,0.082648,-0.039966,-0.017559,0.076702,0.054967,0.010548,25.42,10,-0.162001,0.280055,0.378533,0.000000,0.000000,0.000000,0.000000,0.000000,0.000000,nan,nan,nan,nan,nan,nan,OFF
1786341302552492330,2026-08-10T12:55:02.552519,prediction,0.006485,0.008000,-0.007059,True,0.082648,-0.039966,-0.017559,0.076163,0.047966,0.010500,20.14,10,-0.162001,0.280055,0.378533,0.000000,0.000000,0.000000,0.000000,0.000000,0.000000,nan,nan,nan,nan,nan,nan,OFF
1786341302582346001,2026-08-10T12:55:02.582395,prediction,0.005946,0.015000,-0.007012,True,0.082648,-0.039966,-0.017559,0.076702,0.054967,0.010548,17.27,10,-0.162001,0.280055,0.378533,0.000000,0.000000,0.000000,0.000000,0.000000,0.000000,nan,nan,nan,nan,nan,nan,OFF
1786341302614333882,2026-08-10T12:55:02.614351,prediction,0.005331,0.023000,-0.006957,True,0.082648,-0.039966,-0.017559,0.077317,0.062966,0.010602,16.51,10,-0.162001,0.280055,0.378533,0.000000,0.000000,0.000000,0.000000,0.000000,0.000000,nan,nan,nan,nan,nan,nan,OFF
1786341302648865718,2026-08-10T12:55:02.648881,prediction,0.007100,-0.000000,-0.007114,True,0.082648,-0.039966,-0.017559,0.075548,0.039966,0.010446,17.46,10,-0.162001,0.280055,0.378533,0.000000,0.000000,0.000000,0.000000,0.000000,0.000000,nan,nan,nan,nan,nan,nan,OFF
1786341302681561850,2026-08-10T12:55:02.681577,prediction,0.005946,0.015000,-0.007012,True,0.082648,-0.039966,-0.017559,0.076702,0.054967,0.010548,16.75,10,-0.162001,0.280055,0.378533,0.000000,0.000000,0.000000,0.000000,0.000000,0.000000,nan,nan,nan,nan,nan,nan,OFF
1786341302715333287,2026-08-10T12:55:02.715353,prediction,0.005946,0.015000,-0.007012,True,0.082648,-0.039966,-0.017559,0.076702,0.054967,0.010548,17.53,10,-0.162001,0.280055,0.378533,0.000000,0.000000,0.000000,0.000000,0.000000,0.000000,nan,nan,nan,nan,nan,nan,OFF
1786341302769432372,2026-08-10T12:55:02.769449,prediction,0.007100,-0.000000,-0.007114,True,0.082648,-0.039966,-0.017559,0.075548,0.039966,0.010446,38.24,10,-0.162001,0.280055,0.378533,0.000000,0.000000,0.000000,0.000000,0.000000,0.000000,nan,nan,nan,nan,nan,nan,OFF
1786341302803699257,2026-08-10T12:55:02.803711,prediction,0.007100,-0.000000,-0.007114,True,0.082648,-0.039966,-0.017559,0.075548,0.039966,0.010446,33.05,10,-0.162001,0.280055,0.378533,0.000000,0.000000,0.000000,0.000000,0.000000,0.000000,nan,nan,nan,nan,nan,nan,OFF
1786341302841272030,2026-08-10T12:55:02.841291,prediction,0.007100,-0.000000,-0.007114,True,0.082648,-0.039966,-0.017559,0.075548,0.039966,0.010446,34.95,10,-0.162001,0.280055,0.378533,0.000000,0.000000,0.000000,0.000000,0.000000,0.000000,nan,nan,nan,nan,nan,nan,OFF
1786341302863994822,2026-08-10T12:55:02.864009,prediction,0.007100,-0.000000,-0.007114,True,0.082648,-0.039966,-0.017559,0.075548,0.039966,0.010446,21.56,10,-0.162001,0.280055,0.378533,0.000000,0.000000,0.000000,0.000000,0.000000,0.000000,nan,nan,nan,nan,nan,nan,OFF
1786341302887933286,2026-08-10T12:55:02.887952,prediction,0.006485,0.008000,-0.007059,True,0.082648,-0.039966,-0.017559,0.076163,0.047966,0.010500,20.13,10,-0.162001,0.280055,0.378533,0.000000,0.000000,0.000000,0.000000,0.000000,0.000000,nan,nan,nan,nan,nan,nan,OFF
1786341302917930880,2026-08-10T12:55:02.917949,prediction,0.007100,-0.000000,-0.007114,True,0.082648,-0.039966,-0.017559,0.075548,0.039966,0.010446,19.16,10,-0.162001,0.280055,0.378533,0.000000,0.000000,0.000000,0.000000,0.000000,0.000000,nan,nan,nan,nan,nan,nan,OFF
1786341302951760166,2026-08-10T12:55:02.951780,prediction,0.002421,0.015000,-0.007012,True,0.082648,-0.039966,-0.017559,0.080227,0.054967,0.010548,19.78,10,-0.162001,0.280055,0.378533,0.000000,0.000000,0.000000,0.000000,0.000000,0.000000,nan,nan,nan,nan,nan,nan,OFF
1786341302982162896,2026-08-10T12:55:02.982181,prediction,0.005946,0.015000,-0.007012,True,0.082648,-0.039966,-0.017559,0.076702,0.054967,0.010548,17.24,10,-0.162001,0.280055,0.378533,0.000000,0.000000,0.000000,0.000000,0.000000,0.000000,nan,nan,nan,nan,nan,nan,OFF
1786341303014552725,2026-08-10T12:55:03.014568,prediction,0.001818,0.023000,-0.006957,True,0.082648,-0.039966,-0.017559,0.080829,0.062966,0.010602,17.37,10,-0.162001,0.280055,0.378533,0.000000,0.000000,0.000000,0.000000,0.000000,0.000000,nan,nan,nan,nan,nan,nan,OFF
1786341303045818644,2026-08-10T12:55:03.045834,prediction,0.002421,0.015000,-0.007012,True,0.082648,-0.039966,-0.017559,0.080227,0.054967,0.010548,16.52,10,-0.162001,0.280055,0.378533,0.000000,0.000000,0.000000,0.000000,0.000000,0.000000,nan,nan,nan,nan,nan,nan,OFF
1786341303082684753,2026-08-10T12:55:03.082709,prediction,0.002948,0.008000,-0.007059,True,0.082648,-0.039966,-0.017559,0.079700,0.047966,0.010500,17.82,10,-0.162001,0.280055,0.378533,0.000000,0.000000,0.000000,0.000000,0.000000,0.000000,nan,nan,nan,nan,nan,nan,OFF
1786341303113459182,2026-08-10T12:55:03.113472,prediction,0.001291,0.030000,-0.006910,True,0.082648,-0.039966,-0.017559,0.081356,0.069966,0.010650,17.63,10,-0.162001,0.280055,0.378533,0.000000,0.000000,0.000000,0.000000,0.000000,0.000000,nan,nan,nan,nan,nan,nan,OFF
1786341303145061298,2026-08-10T12:55:03.145078,prediction,0.002421,0.015000,-0.007012,True,0.082648,-0.039966,-0.017559,0.080227,0.054967,0.010548,16.82,10,-0.162001,0.280055,0.378533,0.000000,0.000000,0.000000,0.000000,0.000000,0.000000,nan,nan,nan,nan,nan,nan,OFF
1786341303179366920,2026-08-10T12:55:03.179386,prediction,0.002948,0.008000,-0.010603,True,0.082648,-0.039966,-0.017559,0.079700,0.047966,0.006956,17.27,10,-0.162001,0.280055,0.378533,0.000000,0.000000,0.000000,0.000000,0.000000,0.000000,nan,nan,nan,nan,nan,nan,OFF
1786341303212202400,2026-08-10T12:55:03.212221,prediction,0.003550,-0.000000,-0.010671,True,0.082648,-0.039966,-0.017559,0.079098,0.039966,0.006889,17.29,10,-0.162001,0.280055,0.378533,0.000000,0.000000,0.000000,0.000000,0.000000,0.000000,nan,nan,nan,nan,nan,nan,OFF
1786341303245356433,2026-08-10T12:55:03.245375,prediction,0.002421,0.015000,-0.010544,True,0.082648,-0.039966,-0.017559,0.080227,0.054967,0.007016,17.67,10,-0.162001,0.280055,0.378533,0.000000,0.000000,0.000000,0.000000,0.000000,0.000000,nan,nan,nan,nan,nan,nan,OFF
1786341303283282789,2026-08-10T12:55:03.283301,prediction,0.002421,0.015000,-0.010544,True,0.082648,-0.039966,-0.017559,0.080227,0.054967,0.007016,20.81,10,-0.162001,0.280055,0.378533,0.000000,0.000000,0.000000,0.000000,0.000000,0.000000,nan,nan,nan,nan,nan,nan,OFF
1786341303313024693,2026-08-10T12:55:03.313040,prediction,0.001818,0.023000,-0.010476,True,0.082648,-0.039966,-0.017559,0.080829,0.062966,0.007083,16.20,10,-0.162001,0.280055,0.378533,0.000000,0.000000,0.000000,0.000000,0.000000,0.000000,nan,nan,nan,nan,nan,nan,OFF
1786341303345659453,2026-08-10T12:55:03.345675,prediction,0.001291,0.030000,-0.010417,True,0.082648,-0.039966,-0.017559,0.081356,0.069966,0.007143,15.83,10,-0.162001,0.280055,0.378533,0.000000,0.000000,0.000000,0.000000,0.000000,0.000000,nan,nan,nan,nan,nan,nan,OFF
1786341303384726238,2026-08-10T12:55:03.384746,prediction,0.006485,0.008000,-0.010603,True,0.082648,-0.039966,-0.017559,0.076163,0.047966,0.006956,18.39,10,-0.162001,0.280055,0.378533,0.000000,0.000000,0.000000,0.000000,0.000000,0.000000,nan,nan,nan,nan,nan,nan,OFF
1786341303414639767,2026-08-10T12:55:03.414659,prediction,0.006485,0.008000,-0.010603,True,0.082648,-0.039966,-0.017559,0.076163,0.047966,0.006956,16.59,10,-0.162001,0.280055,0.378533,0.000000,0.000000,0.000000,0.000000,0.000000,0.000000,nan,nan,nan,nan,nan,nan,OFF
1786341303449516290,2026-08-10T12:55:03.449535,prediction,0.007100,-0.000000,-0.010671,True,0.082648,-0.039966,-0.017559,0.075548,0.039966,0.006889,17.88,10,-0.162001,0.280055,0.378533,0.000000,0.000000,0.000000,0.000000,0.000000,0.000000,nan,nan,nan,nan,nan,nan,OFF
1786341303481056558,2026-08-10T12:55:03.481077,prediction,0.005946,0.015000,-0.010544,True,0.082648,-0.039966,-0.017559,0.076702,0.054967,0.007016,16.34,10,-0.162001,0.280055,0.378533,0.000000,0.000000,0.000000,0.000000,0.000000,0.000000,nan,nan,nan,nan,nan,nan,OFF
1786341303512758282,2026-08-10T12:55:03.512776,prediction,0.002421,0.015000,-0.010544,True,0.082648,-0.039966,-0.017559,0.080227,0.054967,0.007016,15.43,10,-0.162001,0.280055,0.378533,0.000000,0.000000,0.000000,0.000000,0.000000,0.000000,nan,nan,nan,nan,nan,nan,OFF
1786341303565305482,2026-08-10T12:55:03.565324,prediction,0.002421,0.015000,-0.010544,True,0.082648,-0.039966,-0.017559,0.080227,0.054967,0.007016,23.34,10,-0.162001,0.280055,0.378533,0.000000,0.000000,0.000000,0.000000,0.000000,0.000000,nan,nan,nan,nan,nan,nan,OFF
1786341303586742538,2026-08-10T12:55:03.586767,prediction,0.002421,0.015000,-0.010544,True,0.082648,-0.039966,-0.017559,0.080227,0.054967,0.007016,20.85,10,-0.162001,0.280055,0.378533,0.000000,0.000000,0.000000,0.000000,0.000000,0.000000,nan,nan,nan,nan,nan,nan,OFF
1786341303612879499,2026-08-10T12:55:03.612936,prediction,0.001818,0.023000,-0.010476,True,0.082648,-0.039966,-0.017559,0.080829,0.062966,0.007083,14.18,10,-0.162001,0.280055,0.378533,0.000000,0.000000,0.000000,0.000000,0.000000,0.000000,nan,nan,nan,nan,nan,nan,OFF
1786341303653628487,2026-08-10T12:55:03.653641,prediction,0.002421,0.015000,-0.007012,True,0.082648,-0.039966,-0.017559,0.080227,0.054967,0.010548,20.17,10,-0.162001,0.280055,0.378533,0.000000,0.000000,0.000000,0.000000,0.000000,0.000000,nan,nan,nan,nan,nan,nan,OFF
1786341303683313324,2026-08-10T12:55:03.683328,prediction,0.001818,0.023000,-0.006957,True,0.082648,-0.039966,-0.017559,0.080829,0.062966,0.010602,18.80,10,-0.162001,0.280055,0.378533,0.000000,0.000000,0.000000,0.000000,0.000000,0.000000,nan,nan,nan,nan,nan,nan,OFF
1786341303719604354,2026-08-10T12:55:03.719625,prediction,0.005331,0.023000,-0.006957,True,0.082648,-0.039966,-0.017559,0.077317,0.062966,0.010602,19.96,10,-0.162001,0.280055,0.378533,0.000000,0.000000,0.000000,0.000000,0.000000,0.000000,nan,nan,nan,nan,nan,nan,OFF
1786341303752482405,2026-08-10T12:55:03.752507,prediction,0.004792,0.030000,-0.006910,True,0.082648,-0.039966,-0.017559,0.077856,0.069966,0.010650,19.78,10,-0.162001,0.280055,0.378533,0.000000,0.000000,0.000000,0.000000,0.000000,0.000000,nan,nan,nan,nan,nan,nan,OFF
1786341303789097769,2026-08-10T12:55:03.789118,prediction,0.006485,0.008000,-0.007059,True,0.082648,-0.039966,-0.017559,0.076163,0.047966,0.010500,20.08,10,-0.162001,0.280055,0.378533,0.000000,0.000000,0.000000,0.000000,0.000000,0.000000,nan,nan,nan,nan,nan,nan,OFF
1786341303817176215,2026-08-10T12:55:03.817195,prediction,0.006485,0.008000,-0.007059,True,0.082648,-0.039966,-0.017559,0.076163,0.047966,0.010500,17.97,10,-0.162001,0.280055,0.378533,0.000000,0.000000,0.000000,0.000000,0.000000,0.000000,nan,nan,nan,nan,nan,nan,OFF
1786341303848516354,2026-08-10T12:55:03.848538,prediction,0.006485,0.008000,-0.007059,True,0.082648,-0.039966,-0.017559,0.076163,0.047966,0.010500,18.05,10,-0.162001,0.280055,0.378533,0.000000,0.000000,0.000000,0.000000,0.000000,0.000000,nan,nan,nan,nan,nan,nan,OFF
1786341303880321234,2026-08-10T12:55:03.880337,prediction,0.005946,0.015000,-0.007012,True,0.082648,-0.039966,-0.017559,0.076702,0.054967,0.010548,17.28,10,-0.162001,0.280055,0.378533,0.000000,0.000000,0.000000,0.000000,0.000000,0.000000,nan,nan,nan,nan,nan,nan,OFF
1786341303913696666,2026-08-10T12:55:03.913711,prediction,0.005331,0.023000,-0.006957,True,0.082648,-0.039966,-0.017559,0.077317,0.062966,0.010602,17.52,10,-0.162001,0.280055,0.378533,0.000000,0.000000,0.000000,0.000000,0.000000,0.000000,nan,nan,nan,nan,nan,nan,OFF
1786341303949480857,2026-08-10T12:55:03.949501,prediction,0.005331,0.023000,-0.006957,True,0.082648,-0.039966,-0.017559,0.077317,0.062966,0.010602,18.92,10,-0.162001,0.280055,0.378533,0.000000,0.000000,0.000000,0.000000,0.000000,0.000000,nan,nan,nan,nan,nan,nan,OFF
1786341303982003965,2026-08-10T12:55:03.982024,prediction,0.004792,0.030000,-0.006910,True,0.082648,-0.039966,-0.017559,0.077856,0.069966,0.010650,18.23,10,-0.162001,0.280055,0.378533,0.000000,0.000000,0.000000,0.000000,0.000000,0.000000,nan,nan,nan,nan,nan,nan,OFF
1786341304013350545,2026-08-10T12:55:04.013363,prediction,0.006485,0.008000,-0.007059,True,0.082648,-0.039966,-0.017559,0.076163,0.047966,0.010500,18.21,10,-0.162001,0.280055,0.378533,0.000000,0.000000,0.000000,0.000000,0.000000,0.000000,nan,nan,nan,nan,nan,nan,OFF
1786341304048831106,2026-08-10T12:55:04.048853,prediction,0.005946,0.015000,-0.010544,True,0.082648,-0.039966,-0.017559,0.076702,0.054967,0.007016,20.23,10,-0.162001,0.280055,0.378533,0.000000,0.000000,0.000000,0.000000,0.000000,0.000000,nan,nan,nan,nan,nan,nan,OFF
1786341304082379500,2026-08-10T12:55:04.082402,prediction,0.005946,0.015000,-0.007012,True,0.082648,-0.039966,-0.017559,0.076702,0.054967,0.010548,17.11,10,-0.162001,0.280055,0.378533,0.000000,0.000000,0.000000,0.000000,0.000000,0.000000,nan,nan,nan,nan,nan,nan,OFF
1786341304114702825,2026-08-10T12:55:04.114718,prediction,0.005946,0.015000,-0.007012,True,0.082648,-0.039966,-0.017559,0.076702,0.054967,0.010548,16.45,10,-0.162001,0.280055,0.378533,0.000000,0.000000,0.000000,0.000000,0.000000,0.000000,nan,nan,nan,nan,nan,nan,OFF
1786341304150249180,2026-08-10T12:55:04.150269,prediction,0.007639,-0.007000,-0.007161,True,0.082648,-0.039966,-0.017559,0.075009,0.032966,0.010398,18.14,10,-0.162001,0.280055,0.378533,0.000000,0.000000,0.000000,0.000000,0.000000,0.000000,nan,nan,nan,nan,nan,nan,OFF
1786341304182720285,2026-08-10T12:55:04.182736,prediction,0.006485,0.008000,-0.007059,True,0.082648,-0.039966,-0.017559,0.076163,0.047966,0.010500,16.32,10,-0.162001,0.280055,0.378533,0.000000,0.000000,0.000000,0.000000,0.000000,0.000000,nan,nan,nan,nan,nan,nan,OFF
1786341304219231747,2026-08-10T12:55:04.219255,prediction,0.007639,-0.007000,-0.007161,True,0.082648,-0.039966,-0.017559,0.075009,0.032966,0.010398,18.42,10,-0.162001,0.280055,0.378533,0.000000,0.000000,0.000000,0.000000,0.000000,0.000000,nan,nan,nan,nan,nan,nan,OFF
1786341304251985267,2026-08-10T12:55:04.252029,prediction,0.005331,0.023000,-0.006957,True,0.082648,-0.039966,-0.017559,0.077317,0.062966,0.010602,18.56,10,-0.162001,0.280055,0.378533,0.000000,0.000000,0.000000,0.000000,0.000000,0.000000,nan,nan,nan,nan,nan,nan,OFF
1786341304281920252,2026-08-10T12:55:04.281938,prediction,0.005331,0.023000,-0.010476,True,0.082648,-0.039966,-0.017559,0.077317,0.062966,0.007083,17.12,10,-0.162001,0.280055,0.378533,0.000000,0.000000,0.000000,0.000000,0.000000,0.000000,nan,nan,nan,nan,nan,nan,OFF
1786341304318672299,2026-08-10T12:55:04.318717,prediction,0.005331,0.023000,-0.010476,True,0.082648,-0.039966,-0.017559,0.077317,0.062966,0.007083,16.75,10,-0.162001,0.280055,0.378533,0.000000,0.000000,0.000000,0.000000,0.000000,0.000000,nan,nan,nan,nan,nan,nan,OFF
1786341304351974988,2026-08-10T12:55:04.352000,prediction,0.006485,0.008000,-0.010603,True,0.082648,-0.039966,-0.017559,0.076163,0.047966,0.006956,19.61,10,-0.162001,0.280055,0.378533,0.000000,0.000000,0.000000,0.000000,0.000000,0.000000,nan,nan,nan,nan,nan,nan,OFF
1786341304383898807,2026-08-10T12:55:04.383918,prediction,0.005946,0.015000,-0.010544,True,0.082648,-0.039966,-0.017559,0.076702,0.054967,0.007016,17.05,10,-0.162001,0.280055,0.378533,0.000000,0.000000,0.000000,0.000000,0.000000,0.000000,nan,nan,nan,nan,nan,nan,OFF
1786341304420328184,2026-08-10T12:55:04.420346,prediction,0.005331,0.023000,-0.010476,True,0.082648,-0.039966,-0.017559,0.077317,0.062966,0.007083,19.01,10,-0.162001,0.280055,0.378533,0.000000,0.000000,0.000000,0.000000,0.000000,0.000000,nan,nan,nan,nan,nan,nan,OFF
1786341304452753301,2026-08-10T12:55:04.452769,prediction,0.007100,-0.000000,-0.010671,True,0.082648,-0.039966,-0.017559,0.075548,0.039966,0.006889,18.83,10,-0.162001,0.280055,0.378533,0.000000,0.000000,0.000000,0.000000,0.000000,0.000000,nan,nan,nan,nan,nan,nan,OFF
1786341304486598136,2026-08-10T12:55:04.486619,prediction,0.005331,0.023000,-0.010476,True,0.082648,-0.039966,-0.017559,0.077317,0.062966,0.007083,19.00,10,-0.162001,0.280055,0.378533,0.000000,0.000000,0.000000,0.000000,0.000000,0.000000,nan,nan,nan,nan,nan,nan,OFF
1786341304518489975,2026-08-10T12:55:04.518510,prediction,0.003550,-0.000000,-0.010671,True,0.082648,-0.039966,-0.017559,0.079098,0.039966,0.006889,18.61,10,-0.162001,0.280055,0.378533,0.000000,0.000000,0.000000,0.000000,0.000000,0.000000,nan,nan,nan,nan,nan,nan,OFF
1786341304553798781,2026-08-10T12:55:04.553811,prediction,0.006485,0.008000,-0.010603,True,0.082648,-0.039966,-0.017559,0.076163,0.047966,0.006956,19.56,10,-0.162001,0.280055,0.378533,0.000000,0.000000,0.000000,0.000000,0.000000,0.000000,nan,nan,nan,nan,nan,nan,OFF
1786341304585877313,2026-08-10T12:55:04.585909,prediction,0.004792,0.030000,-0.010417,True,0.082648,-0.039966,-0.017559,0.077856,0.069966,0.007143,18.84,10,-0.162001,0.280055,0.378533,0.000000,0.000000,0.000000,0.000000,0.000000,0.000000,nan,nan,nan,nan,nan,nan,OFF
1786341304618031077,2026-08-10T12:55:04.618047,prediction,0.005946,0.015000,-0.010544,True,0.082648,-0.039966,-0.017559,0.076702,0.054967,0.007016,18.28,10,-0.162001,0.280055,0.378533,0.000000,0.000000,0.000000,0.000000,0.000000,0.000000,nan,nan,nan,nan,nan,nan,OFF
1786341304650749019,2026-08-10T12:55:04.650769,prediction,0.006485,0.008000,-0.010603,True,0.082648,-0.039966,-0.017559,0.076163,0.047966,0.006956,20.04,10,-0.162001,0.280055,0.378533,0.000000,0.000000,0.000000,0.000000,0.000000,0.000000,nan,nan,nan,nan,nan,nan,OFF
1786341304681196534,2026-08-10T12:55:04.681214,prediction,0.007639,-0.007000,-0.007161,True,0.082648,-0.039966,-0.017559,0.075009,0.032966,0.010398,16.81,10,-0.162001,0.280055,0.378533,0.000000,0.000000,0.000000,0.000000,0.000000,0.000000,nan,nan,nan,nan,nan,nan,OFF
1786341304713650126,2026-08-10T12:55:04.713670,prediction,0.004254,0.037000,-0.006862,True,0.082648,-0.039966,-0.017559,0.078394,0.076966,0.010698,16.93,10,-0.162001,0.280055,0.378533,0.000000,0.000000,0.000000,0.000000,0.000000,0.000000,nan,nan,nan,nan,nan,nan,OFF
1786341304749190891,2026-08-10T12:55:04.749213,prediction,0.005331,0.023000,-0.006957,True,0.082648,-0.039966,-0.017559,0.077317,0.062966,0.010602,18.36,10,-0.162001,0.280055,0.378533,0.000000,0.000000,0.000000,0.000000,0.000000,0.000000,nan,nan,nan,nan,nan,nan,OFF
1786341304782691114,2026-08-10T12:55:04.782707,prediction,0.005946,0.015000,-0.007012,True,0.082648,-0.039966,-0.017559,0.076702,0.054967,0.010548,19.11,10,-0.162001,0.280055,0.378533,0.000000,0.000000,0.000000,0.000000,0.000000,0.000000,nan,nan,nan,nan,nan,nan,OFF
1786341304815005833,2026-08-10T12:55:04.815024,prediction,0.004792,0.030000,-0.006910,True,0.082648,-0.039966,-0.017559,0.077856,0.069966,0.010650,18.12,10,-0.162001,0.280055,0.378533,0.000000,0.000000,0.000000,0.000000,0.000000,0.000000,nan,nan,nan,nan,nan,nan,OFF
1786341304849437498,2026-08-10T12:55:04.849458,prediction,0.005331,0.023000,-0.006957,True,0.082648,-0.039966,-0.017559,0.077317,0.062966,0.010602,16.76,10,-0.162001,0.280055,0.378533,0.000000,0.000000,0.000000,0.000000,0.000000,0.000000,nan,nan,nan,nan,nan,nan,OFF
1786341304883021620,2026-08-10T12:55:04.883036,prediction,0.005331,0.023000,-0.006957,True,0.082648,-0.039966,-0.017559,0.077317,0.062966,0.010602,16.49,10,-0.162001,0.280055,0.378533,0.000000,0.000000,0.000000,0.000000,0.000000,0.000000,nan,nan,nan,nan,nan,nan,OFF
1786341304916535488,2026-08-10T12:55:04.916552,prediction,0.004792,0.030000,-0.006910,True,0.082648,-0.039966,-0.017559,0.077856,0.069966,0.010650,16.97,10,-0.162001,0.280055,0.378533,0.000000,0.000000,0.000000,0.000000,0.000000,0.000000,nan,nan,nan,nan,nan,nan,OFF
1786341304949642096,2026-08-10T12:55:04.949663,prediction,0.006485,0.008000,-0.007059,True,0.082648,-0.039966,-0.017559,0.076163,0.047966,0.010500,17.26,10,-0.162001,0.280055,0.378533,0.000000,0.000000,0.000000,0.000000,0.000000,0.000000,nan,nan,nan,nan,nan,nan,OFF
1786341304984228364,2026-08-10T12:55:04.984248,prediction,0.005946,0.015000,-0.007012,True,0.082648,-0.039966,-0.017559,0.076702,0.054967,0.010548,17.62,10,-0.162001,0.280055,0.378533,0.000000,0.000000,0.000000,0.000000,0.000000,0.000000,nan,nan,nan,nan,nan,nan,OFF
1786341305016346739,2026-08-10T12:55:05.016368,prediction,0.005946,0.015000,-0.007012,True,0.082648,-0.039966,-0.017559,0.076702,0.054967,0.010548,17.00,10,-0.162001,0.280055,0.378533,0.000000,0.000000,0.000000,0.000000,0.000000,0.000000,nan,nan,nan,nan,nan,nan,OFF
1786341305055695043,2026-08-10T12:55:05.055712,prediction,0.007100,-0.000000,-0.007114,True,0.082648,-0.039966,-0.017559,0.075548,0.039966,0.010446,22.03,10,-0.162001,0.280055,0.378533,0.000000,0.000000,0.000000,0.000000,0.000000,0.000000,nan,nan,nan,nan,nan,nan,OFF
1786341305083291217,2026-08-10T12:55:05.083305,prediction,0.004792,0.030000,-0.006910,True,0.082648,-0.039966,-0.017559,0.077856,0.069966,0.010650,16.95,10,-0.162001,0.280055,0.378533,0.000000,0.000000,0.000000,0.000000,0.000000,0.000000,nan,nan,nan,nan,nan,nan,OFF
1786341305120746109,2026-08-10T12:55:05.120767,prediction,0.005946,0.015000,-0.007012,True,0.082648,-0.039966,-0.017559,0.076702,0.054967,0.010548,19.62,10,-0.162001,0.280055,0.378533,0.000000,0.000000,0.000000,0.000000,0.000000,0.000000,nan,nan,nan,nan,nan,nan,OFF
1786341305151452359,2026-08-10T12:55:05.151473,prediction,0.005946,0.015000,-0.007012,True,0.082648,-0.039966,-0.017559,0.076702,0.054967,0.010548,18.43,10,-0.162001,0.280055,0.378533,0.000000,0.000000,0.000000,0.000000,0.000000,0.000000,nan,nan,nan,nan,nan,nan,OFF
1786341305186762571,2026-08-10T12:55:05.186780,prediction,0.005331,0.023000,-0.006957,True,0.082648,-0.039966,-0.017559,0.077317,0.062966,0.010602,19.59,10,-0.162001,0.280055,0.378533,0.000000,0.000000,0.000000,0.000000,0.000000,0.000000,nan,nan,nan,nan,nan,nan,OFF
1786341305221747669,2026-08-10T12:55:05.221761,prediction,0.005946,0.015000,-0.010544,True,0.082648,-0.039966,-0.017559,0.076702,0.054967,0.007016,20.23,10,-0.162001,0.280055,0.378533,0.000000,0.000000,0.000000,0.000000,0.000000,0.000000,nan,nan,nan,nan,nan,nan,OFF
1786341305254744754,2026-08-10T12:55:05.254758,prediction,0.002421,0.015000,-0.010544,True,0.082648,-0.039966,-0.017559,0.080227,0.054967,0.007016,19.42,10,-0.162001,0.280055,0.378533,0.000000,0.000000,0.000000,0.000000,0.000000,0.000000,nan,nan,nan,nan,nan,nan,OFF
1786341305285571101,2026-08-10T12:55:05.285590,prediction,0.004792,0.030000,-0.010417,True,0.082648,-0.039966,-0.017559,0.077856,0.069966,0.007143,18.86,10,-0.162001,0.280055,0.378533,0.000000,0.000000,0.000000,0.000000,0.000000,0.000000,nan,nan,nan,nan,nan,nan,OFF
1786341305321898098,2026-08-10T12:55:05.321920,prediction,0.005331,0.023000,-0.010476,True,0.082648,-0.039966,-0.017559,0.077317,0.062966,0.007083,20.26,10,-0.162001,0.280055,0.378533,0.000000,0.000000,0.000000,0.000000,0.000000,0.000000,nan,nan,nan,nan,nan,nan,OFF
1786341305353034131,2026-08-10T12:55:05.353051,prediction,0.001291,0.030000,-0.010417,True,0.082648,-0.039966,-0.017559,0.081356,0.069966,0.007143,19.16,10,-0.162001,0.280055,0.378533,0.000000,0.000000,0.000000,0.000000,0.000000,0.000000,nan,nan,nan,nan,nan,nan,OFF
1786341305391241406,2026-08-10T12:55:05.391304,prediction,0.007100,-0.000000,-0.010671,True,0.082648,-0.039966,-0.017559,0.075548,0.039966,0.006889,20.91,10,-0.162001,0.280055,0.378533,0.000000,0.000000,0.000000,0.000000,0.000000,0.000000,nan,nan,nan,nan,nan,nan,OFF
1786341305417751225,2026-08-10T12:55:05.417776,prediction,0.007100,-0.000000,-0.010671,True,0.082648,-0.039966,-0.017559,0.075548,0.039966,0.006889,18.85,10,-0.162001,0.280055,0.378533,0.000000,0.000000,0.000000,0.000000,0.000000,0.000000,nan,nan,nan,nan,nan,nan,OFF
1786341305445910394,2026-08-10T12:55:05.445925,prediction,0.005331,0.023000,-0.010476,True,0.082648,-0.039966,-0.017559,0.077317,0.062966,0.007083,16.32,10,-0.162001,0.280055,0.378533,0.000000,0.000000,0.000000,0.000000,0.000000,0.000000,nan,nan,nan,nan,nan,nan,OFF
1786341305480565257,2026-08-10T12:55:05.480588,prediction,0.005946,0.015000,-0.010544,True,0.082648,-0.039966,-0.017559,0.076702,0.054967,0.007016,16.77,10,-0.162001,0.280055,0.378533,0.000000,0.000000,0.000000,0.000000,0.000000,0.000000,nan,nan,nan,nan,nan,nan,OFF
1786341305510837526,2026-08-10T12:55:05.510853,prediction,0.005946,0.015000,-0.010544,True,0.082648,-0.039966,-0.017559,0.076702,0.054967,0.007016,15.49,10,-0.162001,0.280055,0.378533,0.000000,0.000000,0.000000,0.000000,0.000000,0.000000,nan,nan,nan,nan,nan,nan,OFF
1786341305550845789,2026-08-10T12:55:05.550862,prediction,0.006485,0.008000,-0.007059,True,0.082648,-0.039966,-0.017559,0.076163,0.047966,0.010500,20.11,10,-0.162001,0.280055,0.378533,0.000000,0.000000,0.000000,0.000000,0.000000,0.000000,nan,nan,nan,nan,nan,nan,OFF
1786341305581920506,2026-08-10T12:55:05.581945,prediction,0.005331,0.023000,-0.006957,True,0.082648,-0.039966,-0.017559,0.077317,0.062966,0.010602,17.39,10,-0.162001,0.280055,0.378533,0.000000,0.000000,0.000000,0.000000,0.000000,0.000000,nan,nan,nan,nan,nan,nan,OFF
1786341305615767720,2026-08-10T12:55:05.615787,prediction,0.005946,0.015000,-0.007012,True,0.082648,-0.039966,-0.017559,0.076702,0.054967,0.010548,19.24,10,-0.162001,0.280055,0.378533,0.000000,0.000000,0.000000,0.000000,0.000000,0.000000,nan,nan,nan,nan,nan,nan,OFF
1786341305651117047,2026-08-10T12:55:05.651130,prediction,0.006485,0.008000,-0.007059,True,0.082648,-0.039966,-0.017559,0.076163,0.047966,0.010500,19.45,10,-0.162001,0.280055,0.378533,0.000000,0.000000,0.000000,0.000000,0.000000,0.000000,nan,nan,nan,nan,nan,nan,OFF
1786341305682328432,2026-08-10T12:55:05.682351,prediction,0.005331,0.023000,-0.006957,True,0.082648,-0.039966,-0.017559,0.077317,0.062966,0.010602,16.75,10,-0.162001,0.280055,0.378533,0.000000,0.000000,0.000000,0.000000,0.000000,0.000000,nan,nan,nan,nan,nan,nan,OFF
1786341305717509631,2026-08-10T12:55:05.717524,prediction,0.006485,0.008000,-0.007059,True,0.082648,-0.039966,-0.017559,0.076163,0.047966,0.010500,16.40,10,-0.162001,0.280055,0.378533,0.000000,0.000000,0.000000,0.000000,0.000000,0.000000,nan,nan,nan,nan,nan,nan,OFF
1786341305749366619,2026-08-10T12:55:05.749382,prediction,0.004792,0.030000,-0.006910,True,0.082648,-0.039966,-0.017559,0.077856,0.069966,0.010650,16.89,10,-0.162001,0.280055,0.378533,0.000000,0.000000,0.000000,0.000000,0.000000,0.000000,nan,nan,nan,nan,nan,nan,OFF
1786341305782046333,2026-08-10T12:55:05.782061,prediction,0.006485,0.008000,-0.007059,True,0.082648,-0.039966,-0.017559,0.076163,0.047966,0.010500,15.87,10,-0.162001,0.280055,0.378533,0.000000,0.000000,0.000000,0.000000,0.000000,0.000000,nan,nan,nan,nan,nan,nan,OFF
1786341305818017146,2026-08-10T12:55:05.818036,prediction,0.007100,-0.000000,-0.010671,True,0.082648,-0.039966,-0.017559,0.075548,0.039966,0.006889,17.32,10,-0.162001,0.280055,0.378533,0.000000,0.000000,0.000000,0.000000,0.000000,0.000000,nan,nan,nan,nan,nan,nan,OFF
1786341305852344629,2026-08-10T12:55:05.852395,prediction,0.005331,0.023000,-0.010476,True,0.082648,-0.039966,-0.017559,0.077317,0.062966,0.007083,17.81,10,-0.162001,0.280055,0.378533,0.000000,0.000000,0.000000,0.000000,0.000000,0.000000,nan,nan,nan,nan,nan,nan,OFF
1786341305883026473,2026-08-10T12:55:05.883040,prediction,0.005946,0.015000,-0.007012,True,0.082648,-0.039966,-0.017559,0.076702,0.054967,0.010548,16.88,10,-0.162001,0.280055,0.378533,0.000000,0.000000,0.000000,0.000000,0.000000,0.000000,nan,nan,nan,nan,nan,nan,OFF
1786341305913936668,2026-08-10T12:55:05.913952,prediction,0.005946,0.015000,-0.007012,True,0.082648,-0.039966,-0.017559,0.076702,0.054967,0.010548,15.51,10,-0.162001,0.280055,0.378533,0.000000,0.000000,0.000000,0.000000,0.000000,0.000000,nan,nan,nan,nan,nan,nan,OFF
1786341305952831725,2026-08-10T12:55:05.952850,prediction,0.006485,0.008000,-0.007059,True,0.082648,-0.039966,-0.017559,0.076163,0.047966,0.010500,18.54,10,-0.162001,0.280055,0.378533,0.000000,0.000000,0.000000,0.000000,0.000000,0.000000,nan,nan,nan,nan,nan,nan,OFF
1786341305984163508,2026-08-10T12:55:05.984180,prediction,0.005946,0.015000,-0.007012,True,0.082648,-0.039966,-0.017559,0.076702,0.054967,0.010548,17.98,10,-0.162001,0.280055,0.378533,0.000000,0.000000,0.000000,0.000000,0.000000,0.000000,nan,nan,nan,nan,nan,nan,OFF
1786341306020253414,2026-08-10T12:55:06.020272,prediction,0.006485,0.008000,-0.007059,True,0.082648,-0.039966,-0.017559,0.076163,0.047966,0.010500,18.36,10,-0.162001,0.280055,0.378533,0.000000,0.000000,0.000000,0.000000,0.000000,0.000000,nan,nan,nan,nan,nan,nan,OFF
1786341306053350132,2026-08-10T12:55:06.053362,prediction,0.009471,0.015000,-0.007012,True,0.082648,-0.039966,-0.017559,0.073176,0.054967,0.010548,19.69,10,-0.162001,0.280055,0.378533,0.000000,0.000000,0.000000,0.000000,0.000000,0.000000,nan,nan,nan,nan,nan,nan,OFF
1786341306088375881,2026-08-10T12:55:06.088394,prediction,0.010022,0.008000,-0.003516,True,0.082648,-0.039966,-0.017559,0.072626,0.047966,0.014044,19.81,10,-0.162001,0.280055,0.378533,0.000000,0.000000,0.000000,0.000000,0.000000,0.000000,nan,nan,nan,nan,nan,nan,OFF
1786341306120185584,2026-08-10T12:55:06.120205,prediction,0.009471,0.015000,-0.007012,True,0.082648,-0.039966,-0.017559,0.073176,0.054967,0.010548,18.15,10,-0.162001,0.280055,0.378533,0.000000,0.000000,0.000000,0.000000,0.000000,0.000000,nan,nan,nan,nan,nan,nan,OFF
1786341306153047538,2026-08-10T12:55:06.153067,prediction,0.007100,-0.000000,-0.007114,True,0.082648,-0.039966,-0.017559,0.075548,0.039966,0.010446,17.85,10,-0.162001,0.280055,0.378533,0.000000,0.000000,0.000000,0.000000,0.000000,0.000000,nan,nan,nan,nan,nan,nan,OFF
1786341306185246247,2026-08-10T12:55:06.185263,prediction,0.005946,0.015000,-0.007012,True,0.082648,-0.039966,-0.017559,0.076702,0.054967,0.010548,17.59,10,-0.162001,0.280055,0.378533,0.000000,0.000000,0.000000,0.000000,0.000000,0.000000,nan,nan,nan,nan,nan,nan,OFF
1786341306215163870,2026-08-10T12:55:06.215181,prediction,0.006485,0.008000,-0.007059,True,0.082648,-0.039966,-0.017559,0.076163,0.047966,0.010500,17.29,10,-0.162001,0.280055,0.378533,0.000000,0.000000,0.000000,0.000000,0.000000,0.000000,nan,nan,nan,nan,nan,nan,OFF
1786341306248383090,2026-08-10T12:55:06.248398,prediction,0.007100,-0.000000,-0.007114,True,0.082648,-0.039966,-0.017559,0.075548,0.039966,0.010446,16.67,10,-0.162001,0.280055,0.378533,0.000000,0.000000,0.000000,0.000000,0.000000,0.000000,nan,nan,nan,nan,nan,nan,OFF
1786341306280423921,2026-08-10T12:55:06.280450,prediction,0.005946,0.015000,-0.007012,True,0.082648,-0.039966,-0.017559,0.076702,0.054967,0.010548,15.67,10,-0.162001,0.280055,0.378533,0.000000,0.000000,0.000000,0.000000,0.000000,0.000000,nan,nan,nan,nan,nan,nan,OFF
1786341306314148908,2026-08-10T12:55:06.314169,prediction,0.005946,0.015000,-0.007012,True,0.082648,-0.039966,-0.017559,0.076702,0.054967,0.010548,16.70,10,-0.162001,0.280055,0.378533,0.000000,0.000000,0.000000,0.000000,0.000000,0.000000,nan,nan,nan,nan,nan,nan,OFF
1786341306350214534,2026-08-10T12:55:06.350235,prediction,0.007100,-0.000000,-0.007114,True,0.082648,-0.039966,-0.017559,0.075548,0.039966,0.010446,18.27,10,-0.162001,0.280055,0.378533,0.000000,0.000000,0.000000,0.000000,0.000000,0.000000,nan,nan,nan,nan,nan,nan,OFF
1786341306382797791,2026-08-10T12:55:06.382810,prediction,0.006485,0.008000,-0.007059,True,0.082648,-0.039966,-0.017559,0.076163,0.047966,0.010500,17.40,10,-0.162001,0.280055,0.378533,0.000000,0.000000,0.000000,0.000000,0.000000,0.000000,nan,nan,nan,nan,nan,nan,OFF
1786341306414602455,2026-08-10T12:55:06.414617,prediction,0.005946,0.015000,-0.010544,True,0.082648,-0.039966,-0.017559,0.076702,0.054967,0.007016,17.05,10,-0.162001,0.280055,0.378533,0.000000,0.000000,0.000000,0.000000,0.000000,0.000000,nan,nan,nan,nan,nan,nan,OFF
1786341306448912880,2026-08-10T12:55:06.448928,prediction,0.005946,0.015000,-0.010544,True,0.082648,-0.039966,-0.017559,0.076702,0.054967,0.007016,16.09,10,-0.162001,0.280055,0.378533,0.000000,0.000000,0.000000,0.000000,0.000000,0.000000,nan,nan,nan,nan,nan,nan,OFF
1786341306482098386,2026-08-10T12:55:06.482113,prediction,0.004792,0.030000,-0.010417,True,0.082648,-0.039966,-0.017559,0.077856,0.069966,0.007143,16.15,10,-0.162001,0.280055,0.378533,0.000000,0.000000,0.000000,0.000000,0.000000,0.000000,nan,nan,nan,nan,nan,nan,OFF
1786341306517500397,2026-08-10T12:55:06.517524,prediction,0.000764,0.037000,-0.010358,True,0.082648,-0.039966,-0.017559,0.081883,0.076966,0.007202,16.93,10,-0.162001,0.280055,0.378533,0.000000,0.000000,0.000000,0.000000,0.000000,0.000000,nan,nan,nan,nan,nan,nan,OFF
1786341306550036364,2026-08-10T12:55:06.550063,prediction,0.006485,0.008000,-0.010603,True,0.082648,-0.039966,-0.017559,0.076163,0.047966,0.006956,16.96,10,-0.162001,0.280055,0.378533,0.000000,0.000000,0.000000,0.000000,0.000000,0.000000,nan,nan,nan,nan,nan,nan,OFF
1786341306586158858,2026-08-10T12:55:06.586179,prediction,0.007100,-0.000000,-0.010671,True,0.082648,-0.039966,-0.017559,0.075548,0.039966,0.006889,18.32,10,-0.162001,0.280055,0.378533,0.000000,0.000000,0.000000,0.000000,0.000000,0.000000,nan,nan,nan,nan,nan,nan,OFF
1786341306619054987,2026-08-10T12:55:06.619081,prediction,0.005946,0.015000,-0.010544,True,0.082648,-0.039966,-0.017559,0.076702,0.054967,0.007016,16.76,10,-0.162001,0.280055,0.378533,0.000000,0.000000,0.000000,0.000000,0.000000,0.000000,nan,nan,nan,nan,nan,nan,OFF
1786341306650287417,2026-08-10T12:55:06.650303,prediction,0.005946,0.015000,-0.010544,True,0.082648,-0.039966,-0.017559,0.076702,0.054967,0.007016,16.68,10,-0.162001,0.280055,0.378533,0.000000,0.000000,0.000000,0.000000,0.000000,0.000000,nan,nan,nan,nan,nan,nan,OFF
1786341306681407696,2026-08-10T12:55:06.681436,prediction,0.005946,0.015000,-0.010544,True,0.082648,-0.039966,-0.017559,0.076702,0.054967,0.007016,16.47,10,-0.162001,0.280055,0.378533,0.000000,0.000000,0.000000,0.000000,0.000000,0.000000,nan,nan,nan,nan,nan,nan,OFF
1786341306719227412,2026-08-10T12:55:06.719249,prediction,0.005946,0.015000,-0.010544,True,0.082648,-0.039966,-0.017559,0.076702,0.054967,0.007016,17.89,10,-0.162001,0.280055,0.378533,0.000000,0.000000,0.000000,0.000000,0.000000,0.000000,nan,nan,nan,nan,nan,nan,OFF
1786341306752925247,2026-08-10T12:55:06.752942,prediction,0.005946,0.015000,-0.010544,True,0.082648,-0.039966,-0.017559,0.076702,0.054967,0.007016,18.81,10,-0.162001,0.280055,0.378533,0.000000,0.000000,0.000000,0.000000,0.000000,0.000000,nan,nan,nan,nan,nan,nan,OFF
1786341306785355805,2026-08-10T12:55:06.785369,prediction,0.006485,0.008000,-0.010603,True,0.082648,-0.039966,-0.017559,0.076163,0.047966,0.006956,18.35,10,-0.162001,0.280055,0.378533,0.000000,0.000000,0.000000,0.000000,0.000000,0.000000,nan,nan,nan,nan,nan,nan,OFF
1786341306820531397,2026-08-10T12:55:06.820549,prediction,0.005946,0.015000,-0.010544,True,0.082648,-0.039966,-0.017559,0.076702,0.054967,0.007016,18.84,10,-0.162001,0.280055,0.378533,0.000000,0.000000,0.000000,0.000000,0.000000,0.000000,nan,nan,nan,nan,nan,nan,OFF
1786341306852600632,2026-08-10T12:55:06.852616,prediction,0.005331,0.023000,-0.006957,True,0.082648,-0.039966,-0.017559,0.077317,0.062966,0.010602,18.40,10,-0.162001,0.280055,0.378533,0.000000,0.000000,0.000000,0.000000,0.000000,0.000000,nan,nan,nan,nan,nan,nan,OFF
1786341306889068750,2026-08-10T12:55:06.889086,prediction,0.006485,0.008000,-0.007059,True,0.082648,-0.039966,-0.017559,0.076163,0.047966,0.010500,18.87,10,-0.162001,0.280055,0.378533,0.000000,0.000000,0.000000,0.000000,0.000000,0.000000,nan,nan,nan,nan,nan,nan,OFF
1786341306921459652,2026-08-10T12:55:06.921477,prediction,0.005946,0.015000,-0.007012,True,0.082648,-0.039966,-0.017559,0.076702,0.054967,0.010548,19.11,10,-0.162001,0.280055,0.378533,0.000000,0.000000,0.000000,0.000000,0.000000,0.000000,nan,nan,nan,nan,nan,nan,OFF
1786341306951727989,2026-08-10T12:55:06.951747,prediction,0.007100,-0.000000,-0.007114,True,0.082648,-0.039966,-0.017559,0.075548,0.039966,0.010446,17.72,10,-0.162001,0.280055,0.378533,0.000000,0.000000,0.000000,0.000000,0.000000,0.000000,nan,nan,nan,nan,nan,nan,OFF
1786341306983214450,2026-08-10T12:55:06.983229,prediction,0.006485,0.008000,-0.007059,True,0.082648,-0.039966,-0.017559,0.076163,0.047966,0.010500,17.26,10,-0.162001,0.280055,0.378533,0.000000,0.000000,0.000000,0.000000,0.000000,0.000000,nan,nan,nan,nan,nan,nan,OFF
1786341307016869312,2026-08-10T12:55:07.016894,prediction,0.006485,0.008000,-0.007059,True,0.082648,-0.039966,-0.017559,0.076163,0.047966,0.010500,17.22,10,-0.162001,0.280055,0.378533,0.000000,0.000000,0.000000,0.000000,0.000000,0.000000,nan,nan,nan,nan,nan,nan,OFF
1786341307047242352,2026-08-10T12:55:07.047303,prediction,0.005946,0.015000,-0.010544,True,0.082648,-0.039966,-0.017559,0.076702,0.054967,0.007016,16.05,10,-0.162001,0.280055,0.378533,0.000000,0.000000,0.000000,0.000000,0.000000,0.000000,nan,nan,nan,nan,nan,nan,OFF
1786341307081200545,2026-08-10T12:55:07.081222,prediction,0.007100,-0.000000,-0.010671,True,0.082648,-0.039966,-0.017559,0.075548,0.039966,0.006889,16.60,10,-0.162001,0.280055,0.378533,0.000000,0.000000,0.000000,0.000000,0.000000,0.000000,nan,nan,nan,nan,nan,nan,OFF
1786341307115792608,2026-08-10T12:55:07.115809,prediction,0.007100,-0.000000,-0.010671,True,0.082648,-0.039966,-0.017559,0.075548,0.039966,0.006889,17.01,10,-0.162001,0.280055,0.378533,0.000000,0.000000,0.000000,0.000000,0.000000,0.000000,nan,nan,nan,nan,nan,nan,OFF
1786341307148665357,2026-08-10T12:55:07.148681,prediction,0.005946,0.015000,-0.010544,True,0.082648,-0.039966,-0.017559,0.076702,0.054967,0.007016,16.98,10,-0.162001,0.280055,0.378533,0.000000,0.000000,0.000000,0.000000,0.000000,0.000000,nan,nan,nan,nan,nan,nan,OFF
1786341307182076455,2026-08-10T12:55:07.182093,prediction,0.005331,0.023000,-0.010476,True,0.082648,-0.039966,-0.017559,0.077317,0.062966,0.007083,17.66,10,-0.162001,0.280055,0.378533,0.000000,0.000000,0.000000,0.000000,0.000000,0.000000,nan,nan,nan,nan,nan,nan,OFF
1786341307215095822,2026-08-10T12:55:07.215109,prediction,0.005946,0.015000,-0.010544,True,0.082648,-0.039966,-0.017559,0.076702,0.054967,0.007016,16.09,10,-0.162001,0.280055,0.378533,0.000000,0.000000,0.000000,0.000000,0.000000,0.000000,nan,nan,nan,nan,nan,nan,OFF
1786341307249109419,2026-08-10T12:55:07.249124,prediction,0.005946,0.015000,-0.010544,True,0.082648,-0.039966,-0.017559,0.076702,0.054967,0.007016,16.48,10,-0.162001,0.280055,0.378533,0.000000,0.000000,0.000000,0.000000,0.000000,0.000000,nan,nan,nan,nan,nan,nan,OFF
1786341307282011194,2026-08-10T12:55:07.282035,prediction,0.005331,0.023000,-0.010476,True,0.082648,-0.039966,-0.017559,0.077317,0.062966,0.007083,15.91,10,-0.162001,0.280055,0.378533,0.000000,0.000000,0.000000,0.000000,0.000000,0.000000,nan,nan,nan,nan,nan,nan,OFF
1786341307314440694,2026-08-10T12:55:07.314453,prediction,0.005946,0.015000,-0.010544,True,0.082648,-0.039966,-0.017559,0.076702,0.054967,0.007016,15.74,10,-0.162001,0.280055,0.378533,0.000000,0.000000,0.000000,0.000000,0.000000,0.000000,nan,nan,nan,nan,nan,nan,OFF
1786341307351276032,2026-08-10T12:55:07.351295,prediction,0.006485,0.008000,-0.010603,True,0.082648,-0.039966,-0.017559,0.076163,0.047966,0.006956,18.03,10,-0.162001,0.280055,0.378533,0.000000,0.000000,0.000000,0.000000,0.000000,0.000000,nan,nan,nan,nan,nan,nan,OFF
1786341307386199451,2026-08-10T12:55:07.386217,prediction,0.005946,0.015000,-0.010544,True,0.082648,-0.039966,-0.017559,0.076702,0.054967,0.007016,17.09,10,-0.162001,0.280055,0.378533,0.000000,0.000000,0.000000,0.000000,0.000000,0.000000,nan,nan,nan,nan,nan,nan,OFF
1786341307418347619,2026-08-10T12:55:07.418366,prediction,0.005946,0.015000,-0.010544,True,0.082648,-0.039966,-0.017559,0.076702,0.054967,0.007016,16.64,10,-0.162001,0.280055,0.378533,0.000000,0.000000,0.000000,0.000000,0.000000,0.000000,nan,nan,nan,nan,nan,nan,OFF
1786341307450734409,2026-08-10T12:55:07.450755,prediction,0.005946,0.015000,-0.010544,True,0.082648,-0.039966,-0.017559,0.076702,0.054967,0.007016,16.88,10,-0.162001,0.280055,0.378533,0.000000,0.000000,0.000000,0.000000,0.000000,0.000000,nan,nan,nan,nan,nan,nan,OFF
1786341307480069094,2026-08-10T12:55:07.480090,prediction,0.005331,0.023000,-0.010476,True,0.082648,-0.039966,-0.017559,0.077317,0.062966,0.007083,14.70,10,-0.162001,0.280055,0.378533,0.000000,0.000000,0.000000,0.000000,0.000000,0.000000,nan,nan,nan,nan,nan,nan,OFF
1786341307515453405,2026-08-10T12:55:07.515477,prediction,0.004792,0.030000,-0.010417,True,0.082648,-0.039966,-0.017559,0.077856,0.069966,0.007143,15.33,10,-0.162001,0.280055,0.378533,0.000000,0.000000,0.000000,0.000000,0.000000,0.000000,nan,nan,nan,nan,nan,nan,OFF
1786341307553275920,2026-08-10T12:55:07.553289,prediction,0.005946,0.015000,-0.007012,True,0.082648,-0.039966,-0.017559,0.076702,0.054967,0.010548,18.58,10,-0.162001,0.280055,0.378533,0.000000,0.000000,0.000000,0.000000,0.000000,0.000000,nan,nan,nan,nan,nan,nan,OFF
1786341307585201578,2026-08-10T12:55:07.585214,prediction,0.004792,0.030000,-0.006910,True,0.082648,-0.039966,-0.017559,0.077856,0.069966,0.010650,18.00,10,-0.162001,0.280055,0.378533,0.000000,0.000000,0.000000,0.000000,0.000000,0.000000,nan,nan,nan,nan,nan,nan,OFF
1786341307624170432,2026-08-10T12:55:07.624197,prediction,0.004792,0.030000,-0.006910,True,0.082648,-0.039966,-0.017559,0.077856,0.069966,0.010650,22.36,10,-0.162001,0.280055,0.378533,0.000000,0.000000,0.000000,0.000000,0.000000,0.000000,nan,nan,nan,nan,nan,nan,OFF
1786341307653862152,2026-08-10T12:55:07.653878,prediction,0.006485,0.008000,-0.007059,True,0.082648,-0.039966,-0.017559,0.076163,0.047966,0.010500,19.33,10,-0.162001,0.280055,0.378533,0.000000,0.000000,0.000000,0.000000,0.000000,0.000000,nan,nan,nan,nan,nan,nan,OFF
1786341307696254834,2026-08-10T12:55:07.696274,prediction,0.006485,0.008000,-0.007059,True,0.082648,-0.039966,-0.017559,0.076163,0.047966,0.010500,22.76,10,-0.162001,0.280055,0.378533,0.000000,0.000000,0.000000,0.000000,0.000000,0.000000,nan,nan,nan,nan,nan,nan,OFF
1786341307723489546,2026-08-10T12:55:07.723503,prediction,0.007100,-0.000000,-0.007114,True,0.082648,-0.039966,-0.017559,0.075548,0.039966,0.010446,19.71,10,-0.162001,0.280055,0.378533,0.000000,0.000000,0.000000,0.000000,0.000000,0.000000,nan,nan,nan,nan,nan,nan,OFF
1786341307754974068,2026-08-10T12:55:07.754993,prediction,0.006485,0.008000,-0.007059,True,0.082648,-0.039966,-0.017559,0.076163,0.047966,0.010500,19.37,10,-0.162001,0.280055,0.378533,0.000000,0.000000,0.000000,0.000000,0.000000,0.000000,nan,nan,nan,nan,nan,nan,OFF
1786341307783446362,2026-08-10T12:55:07.783459,prediction,0.006485,0.008000,-0.010603,True,0.082648,-0.039966,-0.017559,0.076163,0.047966,0.006956,18.32,10,-0.162001,0.280055,0.378533,0.000000,0.000000,0.000000,0.000000,0.000000,0.000000,nan,nan,nan,nan,nan,nan,OFF
1786341307812976617,2026-08-10T12:55:07.813034,prediction,0.007100,-0.000000,-0.014228,True,0.082648,-0.039966,-0.017559,0.075548,0.039966,0.003332,15.93,10,-0.162001,0.280055,0.378533,0.000000,0.000000,0.000000,0.000000,0.000000,0.000000,nan,nan,nan,nan,nan,nan,OFF
1786341307850215547,2026-08-10T12:55:07.850235,prediction,0.006485,0.008000,-0.014147,True,0.082648,-0.039966,-0.017559,0.076163,0.047966,0.003413,18.17,10,-0.162001,0.280055,0.378533,0.000000,0.000000,0.000000,0.000000,0.000000,0.000000,nan,nan,nan,nan,nan,nan,OFF
1786341307884110210,2026-08-10T12:55:07.884123,prediction,0.005946,0.015000,-0.014076,True,0.082648,-0.039966,-0.017559,0.076702,0.054967,0.003484,19.08,10,-0.162001,0.280055,0.378533,0.000000,0.000000,0.000000,0.000000,0.000000,0.000000,nan,nan,nan,nan,nan,nan,OFF
1786341307918836888,2026-08-10T12:55:07.918854,prediction,0.006485,0.008000,-0.010603,True,0.082648,-0.039966,-0.017559,0.076163,0.047966,0.006956,21.21,10,-0.162001,0.280055,0.378533,0.000000,0.000000,0.000000,0.000000,0.000000,0.000000,nan,nan,nan,nan,nan,nan,OFF
1786341307950330878,2026-08-10T12:55:07.950348,prediction,0.005946,0.015000,-0.010544,True,0.082648,-0.039966,-0.017559,0.076702,0.054967,0.007016,18.21,10,-0.162001,0.280055,0.378533,0.000000,0.000000,0.000000,0.000000,0.000000,0.000000,nan,nan,nan,nan,nan,nan,OFF
1786341307981657081,2026-08-10T12:55:07.981674,prediction,0.005946,0.015000,-0.010544,True,0.082648,-0.039966,-0.017559,0.076702,0.054967,0.007016,17.16,10,-0.162001,0.280055,0.378533,0.000000,0.000000,0.000000,0.000000,0.000000,0.000000,nan,nan,nan,nan,nan,nan,OFF
1786341308014997092,2026-08-10T12:55:08.015012,prediction,0.005946,0.015000,-0.010544,True,0.082648,-0.039966,-0.017559,0.076702,0.054967,0.007016,16.08,10,-0.162001,0.280055,0.378533,0.000000,0.000000,0.000000,0.000000,0.000000,0.000000,nan,nan,nan,nan,nan,nan,OFF
1786341308048632369,2026-08-10T12:55:08.048658,prediction,0.004792,0.030000,-0.010417,True,0.082648,-0.039966,-0.017559,0.077856,0.069966,0.007143,15.64,10,-0.162001,0.280055,0.378533,0.000000,0.000000,0.000000,0.000000,0.000000,0.000000,nan,nan,nan,nan,nan,nan,OFF
1786341308082249572,2026-08-10T12:55:08.082271,prediction,0.005946,0.015000,-0.010544,True,0.082648,-0.039966,-0.017559,0.076702,0.054967,0.007016,15.37,10,-0.162001,0.280055,0.378533,0.000000,0.000000,0.000000,0.000000,0.000000,0.000000,nan,nan,nan,nan,nan,nan,OFF
1786341308117502749,2026-08-10T12:55:08.117520,prediction,0.005946,0.015000,-0.010544,True,0.082648,-0.039966,-0.017559,0.076702,0.054967,0.007016,16.17,10,-0.162001,0.280055,0.378533,0.000000,0.000000,0.000000,0.000000,0.000000,0.000000,nan,nan,nan,nan,nan,nan,OFF
1786341308151935425,2026-08-10T12:55:08.151955,prediction,0.005946,0.015000,-0.010544,True,0.082648,-0.039966,-0.017559,0.076702,0.054967,0.007016,17.12,10,-0.162001,0.280055,0.378533,0.000000,0.000000,0.000000,0.000000,0.000000,0.000000,nan,nan,nan,nan,nan,nan,OFF
1786341308181393739,2026-08-10T12:55:08.181409,prediction,0.005331,0.023000,-0.010476,True,0.082648,-0.039966,-0.017559,0.077317,0.062966,0.007083,15.38,10,-0.162001,0.280055,0.378533,0.000000,0.000000,0.000000,0.000000,0.000000,0.000000,nan,nan,nan,nan,nan,nan,OFF
1786341308218591746,2026-08-10T12:55:08.218613,prediction,0.005946,0.015000,-0.010544,True,0.082648,-0.039966,-0.017559,0.076702,0.054967,0.007016,16.60,10,-0.162001,0.280055,0.378533,0.000000,0.000000,0.000000,0.000000,0.000000,0.000000,nan,nan,nan,nan,nan,nan,OFF
1786341308251618963,2026-08-10T12:55:08.251639,prediction,0.005946,0.015000,-0.010544,True,0.082648,-0.039966,-0.017559,0.076702,0.054967,0.007016,17.70,10,-0.162001,0.280055,0.378533,0.000000,0.000000,0.000000,0.000000,0.000000,0.000000,nan,nan,nan,nan,nan,nan,OFF
1786341308281682221,2026-08-10T12:55:08.281704,prediction,0.007100,-0.000000,-0.010671,True,0.082648,-0.039966,-0.017559,0.075548,0.039966,0.006889,15.95,10,-0.162001,0.280055,0.378533,0.000000,0.000000,0.000000,0.000000,0.000000,0.000000,nan,nan,nan,nan,nan,nan,OFF
1786341308315546742,2026-08-10T12:55:08.315561,prediction,0.006485,0.008000,-0.010603,True,0.082648,-0.039966,-0.017559,0.076163,0.047966,0.006956,15.99,10,-0.162001,0.280055,0.378533,0.000000,0.000000,0.000000,0.000000,0.000000,0.000000,nan,nan,nan,nan,nan,nan,OFF
1786341308354767777,2026-08-10T12:55:08.354783,prediction,0.005331,0.023000,-0.010476,True,0.082648,-0.039966,-0.017559,0.077317,0.062966,0.007083,19.46,10,-0.162001,0.280055,0.378533,0.000000,0.000000,0.000000,0.000000,0.000000,0.000000,nan,nan,nan,nan,nan,nan,OFF
1786341308388607701,2026-08-10T12:55:08.388621,prediction,0.006485,0.008000,-0.010603,True,0.082648,-0.039966,-0.017559,0.076163,0.047966,0.006956,19.94,10,-0.162001,0.280055,0.378533,0.000000,0.000000,0.000000,0.000000,0.000000,0.000000,nan,nan,nan,nan,nan,nan,OFF
1786341308421192139,2026-08-10T12:55:08.421214,prediction,0.004792,0.030000,-0.010417,True,0.082648,-0.039966,-0.017559,0.077856,0.069966,0.007143,18.43,10,-0.162001,0.280055,0.378533,0.000000,0.000000,0.000000,0.000000,0.000000,0.000000,nan,nan,nan,nan,nan,nan,OFF
1786341308454895465,2026-08-10T12:55:08.454908,prediction,0.005946,0.015000,-0.010544,True,0.082648,-0.039966,-0.017559,0.076702,0.054967,0.007016,19.30,10,-0.162001,0.280055,0.378533,0.000000,0.000000,0.000000,0.000000,0.000000,0.000000,nan,nan,nan,nan,nan,nan,OFF
1786341308487481256,2026-08-10T12:55:08.487502,prediction,0.006485,0.008000,-0.010603,True,0.082648,-0.039966,-0.017559,0.076163,0.047966,0.006956,18.43,10,-0.162001,0.280055,0.378533,0.000000,0.000000,0.000000,0.000000,0.000000,0.000000,nan,nan,nan,nan,nan,nan,OFF
1786341308520291963,2026-08-10T12:55:08.520314,prediction,0.005331,0.023000,-0.006957,True,0.082648,-0.039966,-0.017559,0.077317,0.062966,0.010602,18.00,10,-0.162001,0.280055,0.378533,0.000000,0.000000,0.000000,0.000000,0.000000,0.000000,nan,nan,nan,nan,nan,nan,OFF
1786341308556670790,2026-08-10T12:55:08.556695,prediction,0.010022,0.008000,-0.007059,True,0.082648,-0.039966,-0.017559,0.072626,0.047966,0.010500,20.58,10,-0.162001,0.280055,0.378533,0.000000,0.000000,0.000000,0.000000,0.000000,0.000000,nan,nan,nan,nan,nan,nan,OFF
1786341308588987332,2026-08-10T12:55:08.589009,prediction,0.004792,0.030000,-0.010417,True,0.082648,-0.039966,-0.017559,0.077856,0.069966,0.007143,19.83,10,-0.162001,0.280055,0.378533,0.000000,0.000000,0.000000,0.000000,0.000000,0.000000,nan,nan,nan,nan,nan,nan,OFF
1786341308619864891,2026-08-10T12:55:08.619887,prediction,0.007100,-0.000000,-0.010671,True,0.082648,-0.039966,-0.017559,0.075548,0.039966,0.006889,18.79,10,-0.162001,0.280055,0.378533,0.000000,0.000000,0.000000,0.000000,0.000000,0.000000,nan,nan,nan,nan,nan,nan,OFF
1786341308653931554,2026-08-10T12:55:08.653946,prediction,0.005946,0.015000,-0.010544,True,0.082648,-0.039966,-0.017559,0.076702,0.054967,0.007016,20.77,10,-0.162001,0.280055,0.378533,0.000000,0.000000,0.000000,0.000000,0.000000,0.000000,nan,nan,nan,nan,nan,nan,OFF
1786341308684621458,2026-08-10T12:55:08.684636,prediction,0.007100,-0.000000,-0.010671,True,0.082648,-0.039966,-0.017559,0.075548,0.039966,0.006889,17.95,10,-0.162001,0.280055,0.378533,0.000000,0.000000,0.000000,0.000000,0.000000,0.000000,nan,nan,nan,nan,nan,nan,OFF
1786341308715943569,2026-08-10T12:55:08.715968,prediction,0.005946,0.015000,-0.010544,True,0.082648,-0.039966,-0.017559,0.076702,0.054967,0.007016,16.92,10,-0.162001,0.280055,0.378533,0.000000,0.000000,0.000000,0.000000,0.000000,0.000000,nan,nan,nan,nan,nan,nan,OFF
1786341308751823142,2026-08-10T12:55:08.751839,prediction,0.006485,0.008000,-0.010603,True,0.082648,-0.039966,-0.017559,0.076163,0.047966,0.006956,19.11,10,-0.162001,0.280055,0.378533,0.000000,0.000000,0.000000,0.000000,0.000000,0.000000,nan,nan,nan,nan,nan,nan,OFF
1786341308784391159,2026-08-10T12:55:08.784403,prediction,0.006485,0.008000,-0.010603,True,0.082648,-0.039966,-0.017559,0.076163,0.047966,0.006956,16.72,10,-0.162001,0.280055,0.378533,0.000000,0.000000,0.000000,0.000000,0.000000,0.000000,nan,nan,nan,nan,nan,nan,OFF
1786341308820537467,2026-08-10T12:55:08.820564,prediction,0.008843,0.023000,-0.010476,True,0.082648,-0.039966,-0.017559,0.073805,0.062966,0.007083,17.79,10,-0.162001,0.280055,0.378533,0.000000,0.000000,0.000000,0.000000,0.000000,0.000000,nan,nan,nan,nan,nan,nan,OFF
1786341308850516096,2026-08-10T12:55:08.850531,prediction,0.010022,0.008000,-0.010603,True,0.082648,-0.039966,-0.017559,0.072626,0.047966,0.006956,16.67,10,-0.162001,0.280055,0.378533,0.000000,0.000000,0.000000,0.000000,0.000000,0.000000,nan,nan,nan,nan,nan,nan,OFF
1786341308887411891,2026-08-10T12:55:08.887432,prediction,0.008843,0.023000,-0.010476,True,0.082648,-0.039966,-0.017559,0.073805,0.062966,0.007083,16.98,10,-0.162001,0.280055,0.378533,0.000000,0.000000,0.000000,0.000000,0.000000,0.000000,nan,nan,nan,nan,nan,nan,OFF
1786341308919157052,2026-08-10T12:55:08.919176,prediction,0.008843,0.023000,-0.006957,True,0.082648,-0.039966,-0.017559,0.073805,0.062966,0.010602,16.99,10,-0.162001,0.280055,0.378533,0.000000,0.000000,0.000000,0.000000,0.000000,0.000000,nan,nan,nan,nan,nan,nan,OFF
1786341308953484949,2026-08-10T12:55:08.953499,prediction,0.008843,0.023000,-0.006957,True,0.082648,-0.039966,-0.017559,0.073805,0.062966,0.010602,17.18,10,-0.162001,0.280055,0.378533,0.000000,0.000000,0.000000,0.000000,0.000000,0.000000,nan,nan,nan,nan,nan,nan,OFF
1786341308985801621,2026-08-10T12:55:08.985822,prediction,0.008843,0.023000,-0.006957,True,0.082648,-0.039966,-0.017559,0.073805,0.062966,0.010602,16.56,10,-0.162001,0.280055,0.378533,0.000000,0.000000,0.000000,0.000000,0.000000,0.000000,nan,nan,nan,nan,nan,nan,OFF
1786341309019207371,2026-08-10T12:55:09.019224,prediction,0.009471,0.015000,-0.007012,True,0.082648,-0.039966,-0.017559,0.073176,0.054967,0.010548,16.35,10,-0.162001,0.280055,0.378533,0.000000,0.000000,0.000000,0.000000,0.000000,0.000000,nan,nan,nan,nan,nan,nan,OFF
1786341309054713251,2026-08-10T12:55:09.054727,prediction,0.008293,0.030000,-0.006910,True,0.082648,-0.039966,-0.017559,0.074355,0.069966,0.010650,19.49,10,-0.162001,0.280055,0.378533,0.000000,0.000000,0.000000,0.000000,0.000000,0.000000,nan,nan,nan,nan,nan,nan,OFF
1786341309081995654,2026-08-10T12:55:09.082021,prediction,0.009471,0.015000,-0.007012,True,0.082648,-0.039966,-0.017559,0.073176,0.054967,0.010548,14.99,10,-0.162001,0.280055,0.378533,0.000000,0.000000,0.000000,0.000000,0.000000,0.000000,nan,nan,nan,nan,nan,nan,OFF
1786341309121124739,2026-08-10T12:55:09.121146,prediction,0.010650,-0.000000,-0.007114,True,0.082648,-0.039966,-0.017559,0.071998,0.039966,0.010446,19.91,10,-0.162001,0.280055,0.378533,0.000000,0.000000,0.000000,0.000000,0.000000,0.000000,nan,nan,nan,nan,nan,nan,OFF
1786341309156016227,2026-08-10T12:55:09.156039,prediction,0.008843,0.023000,-0.006957,True,0.082648,-0.039966,-0.017559,0.073805,0.062966,0.010602,19.01,10,-0.162001,0.280055,0.378533,0.000000,0.000000,0.000000,0.000000,0.000000,0.000000,nan,nan,nan,nan,nan,nan,OFF
1786341309186883722,2026-08-10T12:55:09.186904,prediction,0.006485,0.008000,-0.010603,True,0.082648,-0.039966,-0.017559,0.076163,0.047966,0.006956,18.47,10,-0.162001,0.280055,0.378533,0.000000,0.000000,0.000000,0.000000,0.000000,0.000000,nan,nan,nan,nan,nan,nan,OFF
1786341309220355965,2026-08-10T12:55:09.220369,prediction,0.004792,0.030000,-0.006910,True,0.082648,-0.039966,-0.017559,0.077856,0.069966,0.010650,18.18,10,-0.162001,0.280055,0.378533,0.000000,0.000000,0.000000,0.000000,0.000000,0.000000,nan,nan,nan,nan,nan,nan,OFF
1786341309255392949,2026-08-10T12:55:09.255412,prediction,0.005946,0.015000,-0.007012,True,0.082648,-0.039966,-0.017559,0.076702,0.054967,0.010548,18.71,10,-0.162001,0.280055,0.378533,0.000000,0.000000,0.000000,0.000000,0.000000,0.000000,nan,nan,nan,nan,nan,nan,OFF
1786341309287045469,2026-08-10T12:55:09.287068,prediction,0.009471,0.015000,-0.007012,True,0.082648,-0.039966,-0.017559,0.073176,0.054967,0.010548,17.87,10,-0.162001,0.280055,0.378533,0.000000,0.000000,0.000000,0.000000,0.000000,0.000000,nan,nan,nan,nan,nan,nan,OFF
1786341309319641895,2026-08-10T12:55:09.319663,prediction,0.010022,0.008000,-0.007059,True,0.082648,-0.039966,-0.017559,0.072626,0.047966,0.010500,16.97,10,-0.162001,0.280055,0.378533,0.000000,0.000000,0.000000,0.000000,0.000000,0.000000,nan,nan,nan,nan,nan,nan,OFF
1786341309352720012,2026-08-10T12:55:09.352738,prediction,0.010650,-0.000000,-0.007114,True,0.082648,-0.039966,-0.017559,0.071998,0.039966,0.010446,17.33,10,-0.162001,0.280055,0.378533,0.000000,0.000000,0.000000,0.000000,0.000000,0.000000,nan,nan,nan,nan,nan,nan,OFF
1786341309389209223,2026-08-10T12:55:09.389230,prediction,0.005331,0.023000,-0.010476,True,0.082648,-0.039966,-0.017559,0.077317,0.062966,0.007083,18.40,10,-0.162001,0.280055,0.378533,0.000000,0.000000,0.000000,0.000000,0.000000,0.000000,nan,nan,nan,nan,nan,nan,OFF
1786341309417977617,2026-08-10T12:55:09.417992,prediction,0.005331,0.023000,-0.010476,True,0.082648,-0.039966,-0.017559,0.077317,0.062966,0.007083,17.07,10,-0.162001,0.280055,0.378533,0.000000,0.000000,0.000000,0.000000,0.000000,0.000000,nan,nan,nan,nan,nan,nan,OFF
1786341309450304113,2026-08-10T12:55:09.450319,prediction,0.006485,0.008000,-0.010603,True,0.082648,-0.039966,-0.017559,0.076163,0.047966,0.006956,17.18,10,-0.162001,0.280055,0.378533,0.000000,0.000000,0.000000,0.000000,0.000000,0.000000,nan,nan,nan,nan,nan,nan,OFF
1786341309483865875,2026-08-10T12:55:09.483879,prediction,0.004792,0.030000,-0.010417,True,0.082648,-0.039966,-0.017559,0.077856,0.069966,0.007143,16.91,10,-0.162001,0.280055,0.378533,0.000000,0.000000,0.000000,0.000000,0.000000,0.000000,nan,nan,nan,nan,nan,nan,OFF
1786341309517014346,2026-08-10T12:55:09.517029,prediction,0.005946,0.015000,-0.010544,True,0.082648,-0.039966,-0.017559,0.076702,0.054967,0.007016,17.24,10,-0.162001,0.280055,0.378533,0.000000,0.000000,0.000000,0.000000,0.000000,0.000000,nan,nan,nan,nan,nan,nan,OFF
1786341309551771770,2026-08-10T12:55:09.551792,prediction,0.005331,0.023000,-0.010476,True,0.082648,-0.039966,-0.017559,0.077317,0.062966,0.007083,17.63,10,-0.162001,0.280055,0.378533,0.000000,0.000000,0.000000,0.000000,0.000000,0.000000,nan,nan,nan,nan,nan,nan,OFF
1786341309584845900,2026-08-10T12:55:09.584862,prediction,0.006485,0.008000,-0.010603,True,0.082648,-0.039966,-0.017559,0.076163,0.047966,0.006956,16.50,10,-0.162001,0.280055,0.378533,0.000000,0.000000,0.000000,0.000000,0.000000,0.000000,nan,nan,nan,nan,nan,nan,OFF
1786341309618711147,2026-08-10T12:55:09.618736,prediction,0.006485,0.008000,-0.007059,True,0.082648,-0.039966,-0.017559,0.076163,0.047966,0.010500,17.06,10,-0.162001,0.280055,0.378533,0.000000,0.000000,0.000000,0.000000,0.000000,0.000000,nan,nan,nan,nan,nan,nan,OFF
1786341309651837926,2026-08-10T12:55:09.651864,prediction,0.007100,-0.000000,-0.010671,True,0.082648,-0.039966,-0.017559,0.075548,0.039966,0.006889,16.84,10,-0.162001,0.280055,0.378533,0.000000,0.000000,0.000000,0.000000,0.000000,0.000000,nan,nan,nan,nan,nan,nan,OFF
1786341309686518806,2026-08-10T12:55:09.686543,prediction,0.006485,0.008000,-0.010603,True,0.082648,-0.039966,-0.017559,0.076163,0.047966,0.006956,16.53,10,-0.162001,0.280055,0.378533,0.000000,0.000000,0.000000,0.000000,0.000000,0.000000,nan,nan,nan,nan,nan,nan,OFF
1786341309717877731,2026-08-10T12:55:09.717893,prediction,0.005946,0.015000,-0.010544,True,0.082648,-0.039966,-0.017559,0.076702,0.054967,0.007016,15.63,10,-0.162001,0.280055,0.378533,0.000000,0.000000,0.000000,0.000000,0.000000,0.000000,nan,nan,nan,nan,nan,nan,OFF
1786341309751705627,2026-08-10T12:55:09.751741,prediction,0.005331,0.023000,-0.010476,True,0.082648,-0.039966,-0.017559,0.077317,0.062966,0.007083,16.88,10,-0.162001,0.280055,0.378533,0.000000,0.000000,0.000000,0.000000,0.000000,0.000000,nan,nan,nan,nan,nan,nan,OFF
1786341309786003802,2026-08-10T12:55:09.786021,prediction,0.005946,0.015000,-0.010544,True,0.082648,-0.039966,-0.017559,0.076702,0.054967,0.007016,16.51,10,-0.162001,0.280055,0.378533,0.000000,0.000000,0.000000,0.000000,0.000000,0.000000,nan,nan,nan,nan,nan,nan,OFF
1786341309817927305,2026-08-10T12:55:09.817943,prediction,0.004792,0.030000,-0.010417,True,0.082648,-0.039966,-0.017559,0.077856,0.069966,0.007143,15.98,10,-0.162001,0.280055,0.378533,0.000000,0.000000,0.000000,0.000000,0.000000,0.000000,nan,nan,nan,nan,nan,nan,OFF
1786341309850365512,2026-08-10T12:55:09.850380,prediction,0.005946,0.015000,-0.010544,True,0.082648,-0.039966,-0.017559,0.076702,0.054967,0.007016,15.83,10,-0.162001,0.280055,0.378533,0.000000,0.000000,0.000000,0.000000,0.000000,0.000000,nan,nan,nan,nan,nan,nan,OFF
1786341309882715993,2026-08-10T12:55:09.882732,prediction,0.006485,0.008000,-0.010603,True,0.082648,-0.039966,-0.017559,0.076163,0.047966,0.006956,15.61,10,-0.162001,0.280055,0.378533,0.000000,0.000000,0.000000,0.000000,0.000000,0.000000,nan,nan,nan,nan,nan,nan,OFF
1786341309920452653,2026-08-10T12:55:09.920470,prediction,0.007100,-0.000000,-0.010671,True,0.082648,-0.039966,-0.017559,0.075548,0.039966,0.006889,17.82,10,-0.162001,0.280055,0.378533,0.000000,0.000000,0.000000,0.000000,0.000000,0.000000,nan,nan,nan,nan,nan,nan,OFF
1786341309954169339,2026-08-10T12:55:09.954181,prediction,0.006485,0.008000,-0.010603,True,0.082648,-0.039966,-0.017559,0.076163,0.047966,0.006956,18.08,10,-0.162001,0.280055,0.378533,0.000000,0.000000,0.000000,0.000000,0.000000,0.000000,nan,nan,nan,nan,nan,nan,OFF
1786341309986611824,2026-08-10T12:55:09.986630,prediction,0.008843,0.023000,-0.006957,True,0.082648,-0.039966,-0.017559,0.073805,0.062966,0.010602,18.00,10,-0.162001,0.280055,0.378533,0.000000,0.000000,0.000000,0.000000,0.000000,0.000000,nan,nan,nan,nan,nan,nan,OFF
1786341310023518300,2026-08-10T12:55:10.023530,prediction,0.006485,0.008000,-0.007059,True,0.082648,-0.039966,-0.017559,0.076163,0.047966,0.010500,20.18,10,-0.162001,0.280055,0.378533,0.000000,0.000000,0.000000,0.000000,0.000000,0.000000,nan,nan,nan,nan,nan,nan,OFF
1786341310056677736,2026-08-10T12:55:10.056697,prediction,0.007743,0.037000,-0.006862,True,0.082648,-0.039966,-0.017559,0.074905,0.076966,0.010698,20.03,10,-0.162001,0.280055,0.378533,0.000000,0.000000,0.000000,0.000000,0.000000,0.000000,nan,nan,nan,nan,nan,nan,OFF
1786341310088207971,2026-08-10T12:55:10.088229,prediction,0.009471,0.015000,-0.010544,True,0.082648,-0.039966,-0.017559,0.073176,0.054967,0.007016,17.56,10,-0.162001,0.280055,0.378533,0.000000,0.000000,0.000000,0.000000,0.000000,0.000000,nan,nan,nan,nan,nan,nan,OFF
1786341310119676528,2026-08-10T12:55:10.119694,prediction,0.007639,-0.007000,-0.010730,True,0.082648,-0.039966,-0.017559,0.075009,0.032966,0.006829,17.90,10,-0.162001,0.280055,0.378533,0.000000,0.000000,0.000000,0.000000,0.000000,0.000000,nan,nan,nan,nan,nan,nan,OFF
1786341310154198822,2026-08-10T12:55:10.154215,prediction,0.005946,0.015000,-0.010544,True,0.085143,-0.046988,-0.019659,0.079197,0.061988,0.009115,19.44,10,-0.162001,0.280055,0.378533,0.000000,0.000000,0.000000,0.000000,0.000000,0.000000,nan,nan,nan,nan,nan,nan,OFF
1786341310189128527,2026-08-10T12:55:10.189146,prediction,0.005331,0.023000,-0.006957,True,0.086391,-0.050491,-0.020777,0.081060,0.073491,0.013820,19.31,10,-0.162001,0.280055,0.378533,0.000000,0.000000,0.000000,0.000000,0.000000,0.000000,nan,nan,nan,nan,nan,nan,OFF
1786341310220845805,2026-08-10T12:55:10.220865,prediction,0.007100,-0.000000,-0.007114,True,0.087015,-0.052126,-0.021334,0.079915,0.052126,0.014220,18.21,10,-0.162001,0.280055,0.378533,0.000000,0.000000,0.000000,0.000000,0.000000,0.000000,nan,nan,nan,nan,nan,nan,OFF
1786341310260109368,2026-08-10T12:55:10.260132,prediction,0.009471,0.015000,-0.007012,True,0.087327,-0.052822,-0.021591,0.077855,0.067822,0.014580,21.89,10,-0.162001,0.280055,0.378533,0.000000,0.000000,0.000000,0.000000,0.000000,0.000000,nan,nan,nan,nan,nan,nan,OFF
1786341310290230927,2026-08-10T12:55:10.290259,prediction,0.010022,0.008000,-0.007059,True,0.087483,-0.053048,-0.021685,0.077461,0.061048,0.014626,16.90,10,-0.162001,0.280055,0.378533,0.000000,0.000000,0.000000,0.000000,0.000000,0.000000,nan,nan,nan,nan,nan,nan,OFF
1786341310321836925,2026-08-10T12:55:10.321857,prediction,0.008843,0.023000,-0.006957,True,0.087561,-0.053073,-0.021695,0.078718,0.076073,0.014738,17.09,10,-0.162001,0.280055,0.378533,0.000000,0.000000,0.000000,0.000000,0.000000,0.000000,nan,nan,nan,nan,nan,nan,OFF
1786341310356213092,2026-08-10T12:55:10.356226,prediction,0.008843,0.023000,-0.006957,True,0.087600,-0.053007,-0.021663,0.078757,0.076007,0.014706,17.92,10,-0.162001,0.280055,0.378533,0.000000,0.000000,0.000000,0.000000,0.000000,0.000000,nan,nan,nan,nan,nan,nan,OFF
1786341310390305573,2026-08-10T12:55:10.390320,prediction,0.009471,0.015000,-0.007012,True,0.087619,-0.052912,-0.021613,0.078148,0.067913,0.014601,18.10,10,-0.162001,0.280055,0.378533,0.000000,0.000000,0.000000,0.000000,0.000000,0.000000,nan,nan,nan,nan,nan,nan,OFF
1786341310422321436,2026-08-10T12:55:10.422339,prediction,0.008843,0.023000,-0.006957,True,0.087629,-0.052808,-0.021556,0.078786,0.075808,0.014599,17.48,10,-0.162001,0.280055,0.378533,0.000000,0.000000,0.000000,0.000000,0.000000,0.000000,nan,nan,nan,nan,nan,nan,OFF
1786341310455707330,2026-08-10T12:55:10.455722,prediction,0.009471,0.015000,-0.007012,True,0.087634,-0.052710,-0.021503,0.078162,0.067711,0.014491,18.11,10,-0.162001,0.280055,0.378533,0.000000,0.000000,0.000000,0.000000,0.000000,0.000000,nan,nan,nan,nan,nan,nan,OFF
1786341310490770147,2026-08-10T12:55:10.490789,prediction,0.006485,0.008000,-0.007059,True,0.087636,-0.052662,-0.021476,0.081152,0.060662,0.014417,17.61,10,-0.162001,0.280055,0.378533,0.000000,0.000000,0.000000,0.000000,0.000000,0.000000,nan,nan,nan,nan,nan,nan,OFF
1786341310523294822,2026-08-10T12:55:10.523311,prediction,0.008843,0.023000,-0.006957,True,0.087637,-0.052637,-0.021463,0.078795,0.075637,0.014506,17.71,10,-0.162001,0.280055,0.378533,0.000000,0.000000,0.000000,0.000000,0.000000,0.000000,nan,nan,nan,nan,nan,nan,OFF
1786341310555843122,2026-08-10T12:55:10.555861,prediction,0.006485,0.008000,-0.007059,True,0.087638,-0.052625,-0.021456,0.081153,0.060625,0.014397,18.10,10,-0.162001,0.280055,0.378533,0.000000,0.000000,0.000000,0.000000,0.000000,0.000000,nan,nan,nan,nan,nan,nan,OFF
1786341310588044346,2026-08-10T12:55:10.588061,prediction,0.005331,0.023000,-0.006957,True,0.087638,-0.052619,-0.021453,0.082308,0.075619,0.014496,17.51,10,-0.162001,0.280055,0.378533,0.000000,0.000000,0.000000,0.000000,0.000000,0.000000,nan,nan,nan,nan,nan,nan,OFF
1786341310623803059,2026-08-10T12:55:10.623815,prediction,0.006485,0.008000,-0.007059,True,0.087639,-0.052616,-0.021451,0.081154,0.060616,0.014392,19.35,10,-0.162001,0.280055,0.378533,0.000000,0.000000,0.000000,0.000000,0.000000,0.000000,nan,nan,nan,nan,nan,nan,OFF
1786341310656908914,2026-08-10T12:55:10.656922,prediction,0.005946,0.015000,-0.007012,True,0.087639,-0.052614,-0.021451,0.081693,0.067615,0.014439,20.08,10,-0.162001,0.280055,0.378533,0.000000,0.000000,0.000000,0.000000,0.000000,0.000000,nan,nan,nan,nan,nan,nan,OFF
1786341310691710356,2026-08-10T12:55:10.691728,prediction,0.004792,0.030000,-0.006910,True,0.087639,-0.052614,-0.021450,0.082847,0.082614,0.014541,19.44,10,-0.162001,0.280055,0.378533,0.000000,0.000000,0.000000,0.000000,0.000000,0.000000,nan,nan,nan,nan,nan,nan,OFF
1786341310726654708,2026-08-10T12:55:10.726672,prediction,0.005946,0.015000,-0.007012,True,0.087639,-0.052613,-0.021450,0.081693,0.067613,0.014438,19.78,10,-0.162001,0.280055,0.378533,0.000000,0.000000,0.000000,0.000000,0.000000,0.000000,nan,nan,nan,nan,nan,nan,OFF
1786341310757291983,2026-08-10T12:55:10.757310,prediction,0.005946,0.015000,-0.007012,True,0.087639,-0.052613,-0.021450,0.081693,0.067613,0.014438,19.91,10,-0.162001,0.280055,0.378533,0.000000,0.000000,0.000000,0.000000,0.000000,0.000000,nan,nan,nan,nan,nan,nan,OFF
1786341310790461959,2026-08-10T12:55:10.790479,prediction,0.008293,0.030000,-0.006910,True,0.087639,-0.052613,-0.021450,0.079346,0.082613,0.014540,19.17,10,-0.162001,0.280055,0.378533,0.000000,0.000000,0.000000,0.000000,0.000000,0.000000,nan,nan,nan,nan,nan,nan,OFF
1786341310825167880,2026-08-10T12:55:10.825179,prediction,0.003369,0.048500,-0.010260,True,0.087639,-0.052613,-0.021450,0.084270,0.101113,0.011189,19.77,10,-0.162001,0.280055,0.378533,0.000000,0.000000,0.000000,0.000000,0.000000,0.000000,nan,nan,nan,nan,nan,nan,OFF
1786341310989227634,2026-08-10T12:55:10.989250,prediction,-0.103067,1.526000,0.014672,True,0.087639,-0.052613,-0.021450,0.190706,1.578613,0.036122,19.06,10,-0.162001,0.280055,0.378533,0.000000,0.000000,0.000000,0.000000,0.000000,0.000000,nan,nan,nan,nan,nan,nan,OFF
1786341311157804958,2026-08-10T12:55:11.157827,prediction,0.042601,-0.000000,0.032012,True,0.087639,-0.052613,-0.021450,0.045038,0.052613,0.053462,19.74,10,-0.162001,0.280055,0.378533,0.000000,0.000000,0.000000,0.000000,0.000000,0.000000,nan,nan,nan,nan,nan,nan,OFF
1786341311189538482,2026-08-10T12:55:11.189553,prediction,0.051152,-0.015000,0.035764,True,0.087639,-0.052613,-0.021450,0.036487,0.037613,0.057214,17.46,10,-0.162001,0.280055,0.378533,0.000000,0.000000,0.000000,0.000000,0.000000,0.000000,nan,nan,nan,nan,nan,nan,OFF
1786341311222896549,2026-08-10T12:55:11.222911,prediction,0.056801,-0.000000,0.035569,True,0.087639,-0.052613,-0.021450,0.030838,0.052613,0.057019,17.44,10,-0.162001,0.280055,0.378533,0.000000,0.000000,0.000000,0.000000,0.000000,0.000000,nan,nan,nan,nan,nan,nan,OFF
1786341311256760041,2026-08-10T12:55:11.256776,prediction,0.066278,-0.023000,0.039463,True,0.087639,-0.052613,-0.021450,0.021361,0.029613,0.060913,18.47,10,-0.162001,0.280055,0.378533,0.000000,0.000000,0.000000,0.000000,0.000000,0.000000,nan,nan,nan,nan,nan,nan,OFF
1786341311291634476,2026-08-10T12:55:11.291655,prediction,0.069866,-0.023000,0.039463,True,0.087639,-0.052613,-0.021450,0.017773,0.029613,0.060913,17.36,10,-0.162001,0.280055,0.378533,0.000000,0.000000,0.000000,0.000000,0.000000,0.000000,nan,nan,nan,nan,nan,nan,OFF
1786341311322323975,2026-08-10T12:55:11.322344,prediction,0.077799,-0.030000,0.043172,True,0.087639,-0.052613,-0.021450,0.009839,0.022613,0.064622,17.30,10,-0.162001,0.280055,0.378533,0.000000,0.000000,0.000000,0.000000,0.000000,0.000000,nan,nan,nan,nan,nan,nan,OFF
1786341311354787499,2026-08-10T12:55:11.354800,prediction,0.082433,-0.007000,0.046366,True,0.087639,-0.052613,-0.021450,0.005206,0.045613,0.067815,17.27,10,-0.162001,0.280055,0.378533,0.000000,0.000000,0.000000,0.000000,0.000000,0.000000,nan,nan,nan,nan,nan,nan,OFF
1786341311389145587,2026-08-10T12:55:11.389203,prediction,0.085994,-0.007000,0.046366,True,0.087639,-0.052613,-0.021450,0.001644,0.045613,0.067815,17.34,10,-0.162001,0.280055,0.378533,0.000000,0.000000,0.000000,0.000000,0.000000,0.000000,nan,nan,nan,nan,nan,nan,OFF
1786341311423739912,2026-08-10T12:55:11.423754,prediction,0.094982,-0.023000,0.050248,True,0.087639,-0.052613,-0.021450,0.007343,0.029613,0.071698,18.18,10,-0.162001,0.280055,0.378533,0.000000,0.000000,0.000000,0.000000,0.000000,0.000000,nan,nan,nan,nan,nan,nan,OFF
1786341311458107248,2026-08-10T12:55:11.458126,prediction,0.100342,-0.038000,0.050542,True,0.097639,-0.042613,-0.011450,0.002703,0.004613,0.061992,19.67,10,-0.162001,0.280055,0.378533,0.000000,0.000000,0.000000,0.000000,0.000000,0.000000,nan,nan,nan,nan,nan,nan,OFF
1786341311493195848,2026-08-10T12:55:11.493212,prediction,0.107789,-0.070000,0.051170,True,0.104323,-0.032613,-0.001450,0.003466,0.037387,0.052620,20.88,10,-0.163509,0.278547,0.377797,0.000000,0.000000,0.000000,0.000000,0.000000,0.000000,nan,nan,nan,nan,nan,nan,OFF
1786341311526955704,2026-08-10T12:55:11.526971,prediction,0.103955,-0.038000,0.050542,True,0.106644,-0.026279,0.008550,0.002689,0.011721,0.041992,20.79,10,-0.163509,0.278547,0.377797,0.000000,0.000000,0.000000,0.000000,0.000000,0.000000,nan,nan,nan,nan,nan,nan,OFF
1786341311561014456,2026-08-10T12:55:11.561033,prediction,0.110482,-0.062000,0.047354,True,0.107446,-0.024359,0.018550,0.003036,0.037641,0.028804,21.76,10,-0.166798,0.275790,0.377102,0.000000,0.000000,0.000000,0.000000,0.000000,0.000000,nan,nan,nan,nan,nan,nan,OFF
1786341311593912492,2026-08-10T12:55:11.593926,prediction,0.107567,-0.038000,0.046923,True,0.107751,-0.024551,0.028550,0.000184,0.013449,0.018372,21.96,10,-0.166798,0.275790,0.377102,0.000000,0.000000,0.000000,0.000000,0.000000,0.000000,nan,nan,nan,nan,nan,nan,OFF
1786341311627303150,2026-08-10T12:55:11.627320,prediction,0.108181,0.015000,0.045970,True,0.108667,-0.025336,0.037546,0.000486,0.040337,0.008424,20.43,10,-0.172210,0.272443,0.376750,0.000000,0.000000,0.000000,0.000000,0.000000,0.000000,nan,nan,nan,nan,nan,nan,OFF
1786341311663048152,2026-08-10T12:55:11.663070,prediction,0.121610,-0.007000,0.046366,True,0.109745,-0.027090,0.042234,0.011865,0.020090,0.004131,23.88,10,-0.172210,0.272443,0.376750,0.000000,0.000000,0.000000,0.000000,0.000000,0.000000,nan,nan,nan,nan,nan,nan,OFF
1786341311689174600,2026-08-10T12:55:11.689197,prediction,0.127803,-0.000000,0.046240,True,0.110805,-0.027545,0.044611,0.016998,0.027545,0.001629,18.74,10,-0.172210,0.272443,0.376750,0.000000,0.000000,0.000000,0.000000,0.000000,0.000000,nan,nan,nan,nan,nan,nan,OFF
1786341311722225085,2026-08-10T12:55:11.722247,prediction,0.135857,-0.007000,0.046366,True,0.112049,-0.027285,0.045872,0.023808,0.020285,0.000494,18.12,10,-0.179694,0.269141,0.377399,0.000000,0.000000,0.000000,0.000000,0.000000,0.000000,nan,nan,nan,nan,nan,nan,OFF
1786341311754540790,2026-08-10T12:55:11.754556,prediction,0.145214,-0.023000,0.046653,True,0.113667,-0.026376,0.046493,0.031547,0.003376,0.000160,17.62,10,-0.179694,0.269141,0.377399,0.000000,0.000000,0.000000,0.000000,0.000000,0.000000,nan,nan,nan,nan,nan,nan,OFF
1786341311786117647,2026-08-10T12:55:11.786134,prediction,0.145553,-0.000000,0.046240,True,0.115705,-0.024831,0.047007,0.029848,0.024831,0.000767,17.39,10,-0.188552,0.266437,0.379629,0.000000,0.000000,0.000000,0.000000,0.000000,0.000000,nan,nan,nan,nan,nan,nan,OFF
1786341311821435240,2026-08-10T12:55:11.821453,prediction,0.154821,-0.015000,0.046509,True,0.118208,-0.023260,0.047357,0.036613,0.008260,0.000847,19.61,10,-0.188552,0.266437,0.379629,0.000000,0.000000,0.000000,0.000000,0.000000,0.000000,nan,nan,nan,nan,nan,nan,OFF
1786341311853199141,2026-08-10T12:55:11.853215,prediction,0.156203,-0.000000,0.042683,True,0.121031,-0.021380,0.047387,0.035173,0.021380,0.004704,17.94,10,-0.197582,0.264595,0.383317,0.000000,0.000000,0.000000,0.000000,0.000000,0.000000,nan,nan,nan,nan,nan,nan,OFF
1786341311887860853,2026-08-10T12:55:11.887880,prediction,0.167911,-0.007000,0.042797,True,0.124456,-0.020045,0.047274,0.043455,0.013045,0.004477,16.92,10,-0.197582,0.264595,0.383317,0.000000,0.000000,0.000000,0.000000,0.000000,0.000000,nan,nan,nan,nan,nan,nan,OFF
1786341311924728148,2026-08-10T12:55:11.924744,prediction,0.176270,-0.015000,0.042928,True,0.128351,-0.019202,0.046965,0.047919,0.004202,0.004038,19.39,10,-0.206395,0.263451,0.387878,0.000000,0.000000,0.000000,0.000000,0.000000,0.000000,nan,nan,nan,nan,nan,nan,OFF
1786341311957237058,2026-08-10T12:55:11.957286,prediction,0.175035,-0.007000,0.042797,True,0.132428,-0.018224,0.046541,0.042607,0.011224,0.003744,17.62,10,-0.206395,0.263451,0.387878,0.000000,0.000000,0.000000,0.000000,0.000000,0.000000,nan,nan,nan,nan,nan,nan,OFF
1786341311994298099,2026-08-10T12:55:11.994311,prediction,0.177504,-0.000000,0.042683,True,0.136539,-0.016689,0.046033,0.040965,0.016689,0.003350,19.39,10,-0.215083,0.262683,0.392829,0.000000,0.000000,0.000000,0.000000,0.000000,0.000000,nan,nan,nan,nan,nan,nan,OFF
1786341312023012939,2026-08-10T12:55:12.023028,prediction,0.181054,-0.000000,0.042683,True,0.141003,-0.014600,0.045508,0.040051,0.014600,0.002826,18.17,10,-0.215083,0.262683,0.392829,0.000000,0.000000,0.000000,0.000000,0.000000,0.000000,nan,nan,nan,nan,nan,nan,OFF
1786341312057376442,2026-08-10T12:55:12.057393,prediction,0.178688,0.015000,0.042438,True,0.145439,-0.011499,0.045084,0.033249,0.026499,0.002646,19.36,10,-0.223387,0.262765,0.398363,0.000000,0.000000,0.000000,0.000000,0.000000,0.000000,nan,nan,nan,nan,nan,nan,OFF
1786341312088236479,2026-08-10T12:55:12.088255,prediction,0.179792,0.008000,0.042552,True,0.150090,-0.008269,0.044734,0.029702,0.016269,0.002181,17.94,10,-0.223387,0.262765,0.398363,0.000000,0.000000,0.000000,0.000000,0.000000,0.000000,nan,nan,nan,nan,nan,nan,OFF
1786341312124374608,2026-08-10T12:55:12.124419,prediction,0.180938,0.023000,0.042308,True,0.154937,-0.004882,0.044448,0.026000,0.027882,0.002140,19.28,10,-0.231760,0.263101,0.403834,0.000000,0.000000,0.000000,0.000000,0.000000,0.000000,nan,nan,nan,nan,nan,nan,OFF
1786341312160854694,2026-08-10T12:55:12.160873,prediction,0.178707,0.037000,0.045575,True,0.159388,-0.002107,0.044300,0.019319,0.039107,0.001275,22.39,10,-0.240343,0.263603,0.409176,0.000000,0.000000,0.000000,0.000000,0.000000,0.000000,nan,nan,nan,nan,nan,nan,OFF
1786341312197695352,2026-08-10T12:55:12.197711,prediction,0.180907,0.045000,0.048914,True,0.163523,0.000417,0.044348,0.017385,0.044583,0.004566,25.52,10,-0.240343,0.263603,0.409176,0.000000,0.000000,0.000000,0.000000,0.000000,0.000000,nan,nan,nan,nan,nan,nan,OFF
1786341312232799977,2026-08-10T12:55:12.232819,prediction,0.179780,0.052000,0.052247,True,0.167183,0.003286,0.044612,0.012598,0.048714,0.007635,21.38,10,-0.249002,0.264554,0.413828,0.000000,0.000000,0.000000,0.000000,0.000000,0.000000,nan,nan,nan,nan,nan,nan,OFF
1786341312268458219,2026-08-10T12:55:12.268478,prediction,0.179780,0.052000,0.052247,True,0.170276,0.006642,0.044975,0.009505,0.045358,0.007273,24.81,10,-0.249002,0.264554,0.413828,0.000000,0.000000,0.000000,0.000000,0.000000,0.000000,nan,nan,nan,nan,nan,nan,OFF
1786341312291246489,2026-08-10T12:55:12.291291,prediction,0.180907,0.045000,0.055879,True,0.173120,0.010296,0.045524,0.007787,0.034704,0.010355,19.36,10,-0.249002,0.264554,0.413828,0.000000,0.000000,0.000000,0.000000,0.000000,0.000000,nan,nan,nan,nan,nan,nan,OFF
1786341312332338328,2026-08-10T12:55:12.332362,prediction,0.180907,0.045000,0.055879,True,0.175507,0.014146,0.046155,0.005401,0.030854,0.009724,27.00,10,-0.258106,0.266126,0.417913,0.000000,0.000000,0.000000,0.000000,0.000000,0.000000,nan,nan,nan,nan,nan,nan,OFF
1786341312356991776,2026-08-10T12:55:12.357007,prediction,0.178653,0.059000,0.055558,True,0.177535,0.017643,0.046945,0.001118,0.041357,0.008613,19.24,10,-0.258106,0.266126,0.417913,0.000000,0.000000,0.000000,0.000000,0.000000,0.000000,nan,nan,nan,nan,nan,nan,OFF
1786341312397604017,2026-08-10T12:55:12.397620,prediction,0.180907,0.045000,0.059361,True,0.179038,0.021090,0.047944,0.001870,0.023911,0.011417,24.59,10,-0.267239,0.268329,0.421291,0.000000,0.000000,0.000000,0.000000,0.000000,0.000000,nan,nan,nan,nan,nan,nan,OFF
1786341312427542701,2026-08-10T12:55:12.427559,prediction,0.176399,0.073000,0.058673,True,0.179805,0.024977,0.049019,0.003407,0.048023,0.009654,20.52,10,-0.276332,0.271192,0.424093,0.000000,0.000000,0.000000,0.000000,0.000000,0.000000,nan,nan,nan,nan,nan,nan,OFF
1786341312455686390,2026-08-10T12:55:12.455700,prediction,0.179780,0.052000,0.059189,True,0.180374,0.028957,0.050142,0.000594,0.023043,0.009047,17.99,10,-0.276332,0.271192,0.424093,0.000000,0.000000,0.000000,0.000000,0.000000,0.000000,nan,nan,nan,nan,nan,nan,OFF
1786341312493560082,2026-08-10T12:55:12.493609,prediction,0.174085,0.066000,0.058845,True,0.180543,0.033388,0.051274,0.006459,0.032612,0.007571,18.12,10,-0.276332,0.271192,0.424093,0.000000,0.000000,0.000000,0.000000,0.000000,0.000000,nan,nan,nan,nan,nan,nan,OFF
1786341312526734055,2026-08-10T12:55:12.526749,prediction,0.162832,0.094000,0.058157,True,0.179974,0.037925,0.052379,0.017142,0.056075,0.005778,20.25,10,-0.285462,0.274838,0.426540,0.000000,0.000000,0.000000,0.000000,0.000000,0.000000,nan,nan,nan,nan,nan,nan,OFF
1786341312567040428,2026-08-10T12:55:12.567064,prediction,0.161739,0.101000,0.057985,True,0.179078,0.043324,0.053465,0.017338,0.057676,0.004520,20.40,10,-0.294143,0.279259,0.428713,0.000000,0.000000,0.000000,0.000000,0.000000,0.000000,nan,nan,nan,nan,nan,nan,OFF
1786341312596996215,2026-08-10T12:55:12.597012,prediction,0.157275,0.108000,0.057813,True,0.177818,0.049282,0.054524,0.020543,0.058719,0.003289,20.00,10,-0.294143,0.279259,0.428713,0.000000,0.000000,0.000000,0.000000,0.000000,0.000000,nan,nan,nan,nan,nan,nan,OFF
1786341312623946106,2026-08-10T12:55:12.623988,prediction,0.150847,0.128000,0.057321,True,0.176103,0.055532,0.055556,0.025256,0.072468,0.001765,19.98,10,-0.294143,0.279259,0.428713,0.000000,0.000000,0.000000,0.000000,0.000000,0.000000,nan,nan,nan,nan,nan,nan,OFF
1786341312656349261,2026-08-10T12:55:12.656369,prediction,0.143123,0.135000,0.057149,True,0.173963,0.062280,0.056446,0.030840,0.072720,0.000704,19.41,10,-0.302220,0.284578,0.430780,0.000000,0.000000,0.000000,0.000000,0.000000,0.000000,nan,nan,nan,nan,nan,nan,OFF
1786341312691856407,2026-08-10T12:55:12.691881,prediction,0.135951,0.161000,0.056510,True,0.171273,0.069122,0.057114,0.035322,0.091878,0.000604,19.79,10,-0.302220,0.284578,0.430780,0.000000,0.000000,0.000000,0.000000,0.000000,0.000000,nan,nan,nan,nan,nan,nan,OFF
1786341312726154426,2026-08-10T12:55:12.726173,prediction,0.128866,0.187000,0.055871,True,0.168091,0.076512,0.057522,0.039225,0.110488,0.001651,19.84,10,-0.309625,0.291112,0.432926,0.000000,0.000000,0.000000,0.000000,0.000000,0.000000,nan,nan,nan,nan,nan,nan,OFF
1786341312760962029,2026-08-10T12:55:12.760980,prediction,0.120977,0.174000,0.056191,True,0.164377,0.084443,0.057808,0.043400,0.089557,0.001617,19.86,10,-0.315633,0.298779,0.435111,0.000000,0.000000,0.000000,0.000000,0.000000,0.000000,nan,nan,nan,nan,nan,nan,OFF
1786341312800798443,2026-08-10T12:55:12.800818,prediction,0.115899,0.187000,0.055871,True,0.160173,0.093072,0.057892,0.044275,0.093928,0.002021,23.82,10,-0.315633,0.298779,0.435111,0.000000,0.000000,0.000000,0.000000,0.000000,0.000000,nan,nan,nan,nan,nan,nan,OFF
1786341312833282702,2026-08-10T12:55:12.833296,prediction,0.112959,0.161000,0.056510,True,0.155630,0.101916,0.057899,0.042671,0.059084,0.001389,25.87,10,-0.319758,0.307527,0.437258,0.000000,0.000000,0.000000,0.000000,0.000000,0.000000,nan,nan,nan,nan,nan,nan,OFF
1786341312867603955,2026-08-10T12:55:12.867620,prediction,0.102932,0.187000,0.052623,True,0.150636,0.111211,0.057748,0.047704,0.075789,0.005125,25.83,10,-0.319758,0.307527,0.437258,0.000000,0.000000,0.000000,0.000000,0.000000,0.000000,nan,nan,nan,nan,nan,nan,OFF
1786341312892121796,2026-08-10T12:55:12.892174,prediction,0.102932,0.187000,0.052623,True,0.145343,0.120771,0.057384,0.042411,0.066229,0.004761,18.15,10,-0.319758,0.307527,0.437258,0.000000,0.000000,0.000000,0.000000,0.000000,0.000000,nan,nan,nan,nan,nan,nan,OFF
1786341312934646645,2026-08-10T12:55:12.934664,prediction,0.094892,0.199000,0.052348,True,0.139786,0.130009,0.056933,0.044894,0.068991,0.004585,25.13,10,-0.321832,0.317226,0.439267,0.000000,0.000000,0.000000,0.000000,0.000000,0.000000,nan,nan,nan,nan,nan,nan,OFF
1786341312960690693,2026-08-10T12:55:12.960740,prediction,0.094114,0.205000,0.052210,True,0.133942,0.139566,0.056427,0.039828,0.065434,0.004217,20.11,10,-0.321724,0.327007,0.440873,0.000000,0.000000,0.000000,0.000000,0.000000,0.000000,nan,nan,nan,nan,nan,nan,OFF
1786341312993064543,2026-08-10T12:55:12.993105,prediction,0.090902,0.205000,0.052210,True,0.128055,0.149118,0.055915,0.037153,0.055882,0.003705,19.65,10,-0.321724,0.327007,0.440873,0.000000,0.000000,0.000000,0.000000,0.000000,0.000000,nan,nan,nan,nan,nan,nan,OFF
1786341313029674981,2026-08-10T12:55:13.029697,prediction,0.081359,0.230000,0.051637,True,0.122215,0.158625,0.055412,0.040856,0.071375,0.003775,24.58,10,-0.319955,0.336700,0.442053,0.000000,0.000000,0.000000,0.000000,0.000000,0.000000,nan,nan,nan,nan,nan,nan,OFF
1786341313079842888,2026-08-10T12:55:13.079857,prediction,0.078188,0.230000,0.051637,True,0.116324,0.168011,0.054928,0.038136,0.061989,0.003290,36.65,10,-0.319955,0.336700,0.442053,0.000000,0.000000,0.000000,0.000000,0.000000,0.000000,nan,nan,nan,nan,nan,nan,OFF
1786341313123392067,2026-08-10T12:55:13.123409,prediction,0.074288,0.236000,0.051500,True,0.110435,0.177101,0.054460,0.036146,0.058899,0.002960,38.57,10,-0.317079,0.346331,0.442882,0.000000,0.000000,0.000000,0.000000,0.000000,0.000000,nan,nan,nan,nan,nan,nan,OFF
1786341313165289152,2026-08-10T12:55:13.165309,prediction,0.071128,0.236000,0.054667,True,0.104794,0.185954,0.054140,0.033666,0.050046,0.000527,32.32,10,-0.313799,0.355823,0.443542,0.000000,0.000000,0.000000,0.000000,0.000000,0.000000,nan,nan,nan,nan,nan,nan,OFF
1786341313195153531,2026-08-10T12:55:13.195167,prediction,0.071128,0.236000,0.054667,True,0.099465,0.194048,0.053907,0.028338,0.041952,0.000759,27.69,10,-0.313799,0.355823,0.443542,0.000000,0.000000,0.000000,0.000000,0.000000,0.000000,nan,nan,nan,nan,nan,nan,OFF
1786341313220817336,2026-08-10T12:55:13.220837,prediction,0.070409,0.242000,0.054519,True,0.094543,0.201419,0.053739,0.024135,0.040581,0.000780,22.23,10,-0.313799,0.355823,0.443542,0.000000,0.000000,0.000000,0.000000,0.000000,0.000000,nan,nan,nan,nan,nan,nan,OFF
1786341313249193851,2026-08-10T12:55:13.249212,prediction,0.068971,0.254000,0.054224,True,0.090052,0.207749,0.053615,0.021081,0.046251,0.000609,20.52,10,-0.309775,0.364880,0.443825,0.000000,0.000000,0.000000,0.000000,0.000000,0.000000,nan,nan,nan,nan,nan,nan,OFF
1786341313282306643,2026-08-10T12:55:13.282326,prediction,0.065840,0.254000,0.054224,True,0.085955,0.213414,0.053499,0.020115,0.040586,0.000725,21.53,10,-0.309775,0.364880,0.443825,0.000000,0.000000,0.000000,0.000000,0.000000,0.000000,nan,nan,nan,nan,nan,nan,OFF
1786341313314429964,2026-08-10T12:55:13.314444,prediction,0.060728,0.271000,0.053806,True,0.082060,0.218353,0.053380,0.021332,0.052647,0.000426,23.22,10,-0.305397,0.373946,0.443962,0.000000,0.000000,0.000000,0.000000,0.000000,0.000000,nan,nan,nan,nan,nan,nan,OFF
1786341313341952815,2026-08-10T12:55:13.342005,prediction,0.062708,0.254000,0.057361,True,0.078443,0.223281,0.053367,0.015735,0.030719,0.003995,18.26,10,-0.305397,0.373946,0.443962,0.000000,0.000000,0.000000,0.000000,0.000000,0.000000,nan,nan,nan,nan,nan,nan,OFF
1786341313377980951,2026-08-10T12:55:13.377999,prediction,0.060728,0.271000,0.056916,True,0.075262,0.228418,0.053535,0.014535,0.042582,0.003380,22.76,10,-0.300855,0.382839,0.443996,0.000000,0.000000,0.000000,0.000000,0.000000,0.000000,nan,nan,nan,nan,nan,nan,OFF
1786341313408504706,2026-08-10T12:55:13.408555,prediction,0.063831,0.271000,0.060025,True,0.072412,0.233723,0.053912,0.008581,0.037277,0.006112,19.41,10,-0.300855,0.382839,0.443996,0.000000,0.000000,0.000000,0.000000,0.000000,0.000000,nan,nan,nan,nan,nan,nan,OFF
1786341313444069446,2026-08-10T12:55:13.444088,prediction,0.061822,0.288000,0.062632,True,0.069945,0.239129,0.054502,0.008123,0.048871,0.008130,23.66,10,-0.296199,0.391605,0.443969,0.000000,0.000000,0.000000,0.000000,0.000000,0.000000,nan,nan,nan,nan,nan,nan,OFF
1786341313472398130,2026-08-10T12:55:13.472418,prediction,0.057214,0.327000,0.061480,True,0.067519,0.244762,0.055160,0.010305,0.082239,0.006320,21.63,10,-0.296199,0.391605,0.443969,0.000000,0.000000,0.000000,0.000000,0.000000,0.000000,nan,nan,nan,nan,nan,nan,OFF
1786341313504622823,2026-08-10T12:55:13.504645,prediction,0.057214,0.327000,0.064497,True,0.065211,0.251559,0.055960,0.007997,0.075441,0.008536,22.88,10,-0.291364,0.400493,0.443922,0.000000,0.000000,0.000000,0.000000,0.000000,0.000000,nan,nan,nan,nan,nan,nan,OFF
1786341313531122549,2026-08-10T12:55:13.531140,prediction,0.055324,0.343000,0.069978,True,0.063255,0.259119,0.057052,0.007932,0.083881,0.012926,20.22,10,-0.291364,0.400493,0.443922,0.000000,0.000000,0.000000,0.000000,0.000000,0.000000,nan,nan,nan,nan,nan,nan,OFF
1786341313558576799,2026-08-10T12:55:13.558613,prediction,0.056391,0.359000,0.069426,True,0.061641,0.266787,0.058265,0.005250,0.092213,0.011162,17.89,10,-0.291364,0.400493,0.443922,0.000000,0.000000,0.000000,0.000000,0.000000,0.000000,nan,nan,nan,nan,nan,nan,OFF
1786341313594515837,2026-08-10T12:55:13.594531,prediction,0.055073,0.370000,0.071992,True,0.060295,0.274914,0.059627,0.005221,0.095086,0.012366,20.59,10,-0.286570,0.409217,0.443893,0.000000,0.000000,0.000000,0.000000,0.000000,0.000000,nan,nan,nan,nan,nan,nan,OFF
1786341313626897687,2026-08-10T12:55:13.626911,prediction,0.061692,0.364000,0.075165,True,0.059333,0.283287,0.061052,0.002359,0.080713,0.014113,19.82,10,-0.281819,0.417918,0.443918,0.000000,0.000000,0.000000,0.000000,0.000000,0.000000,nan,nan,nan,nan,nan,nan,OFF
1786341313664102528,2026-08-10T12:55:13.664120,prediction,0.059107,0.385000,0.077292,True,0.058590,0.291943,0.062575,0.000517,0.093057,0.014717,20.52,10,-0.281819,0.417918,0.443918,0.000000,0.000000,0.000000,0.000000,0.000000,0.000000,nan,nan,nan,nan,nan,nan,OFF
1786341313689968916,2026-08-10T12:55:13.689992,prediction,0.059107,0.385000,0.080213,True,0.057987,0.301207,0.064253,0.001120,0.083793,0.015960,17.59,10,-0.281819,0.417918,0.443918,0.000000,0.000000,0.000000,0.000000,0.000000,0.000000,nan,nan,nan,nan,nan,nan,OFF
1786341313731479049,2026-08-10T12:55:13.731498,prediction,0.058491,0.390000,0.082920,True,0.057493,0.310656,0.066111,0.000998,0.079344,0.016809,23.50,10,-0.277057,0.426855,0.444029,0.000000,0.000000,0.000000,0.000000,0.000000,0.000000,nan,nan,nan,nan,nan,nan,OFF
1786341313763500838,2026-08-10T12:55:13.763515,prediction,0.060774,0.395000,0.082706,True,0.057256,0.319928,0.068042,0.003519,0.075072,0.014664,23.00,10,-0.272517,0.435747,0.444254,0.000000,0.000000,0.000000,0.000000,0.000000,0.000000,nan,nan,nan,nan,nan,nan,OFF
1786341313802240482,2026-08-10T12:55:13.802277,prediction,0.058903,0.410000,0.084944,True,0.057260,0.329190,0.070097,0.001643,0.080810,0.014847,23.03,10,-0.272517,0.435747,0.444254,0.000000,0.000000,0.000000,0.000000,0.000000,0.000000,nan,nan,nan,nan,nan,nan,OFF
1786341313829699471,2026-08-10T12:55:13.829714,prediction,0.058903,0.410000,0.084944,True,0.057290,0.338933,0.072076,0.001613,0.071067,0.012869,23.08,10,-0.268171,0.444811,0.444622,0.000000,0.000000,0.000000,0.000000,0.000000,0.000000,nan,nan,nan,nan,nan,nan,OFF
1786341313868790289,2026-08-10T12:55:13.868812,prediction,0.060513,0.420000,0.087363,True,0.057457,0.348476,0.074108,0.003056,0.071524,0.013256,23.46,10,-0.268171,0.444811,0.444622,0.000000,0.000000,0.000000,0.000000,0.000000,0.000000,nan,nan,nan,nan,nan,nan,OFF
1786341313903687636,2026-08-10T12:55:13.903705,prediction,0.058743,0.434000,0.086719,True,0.057488,0.358146,0.076021,0.001255,0.075854,0.010698,23.72,10,-0.264023,0.454218,0.445164,0.000000,0.000000,0.000000,0.000000,0.000000,0.000000,nan,nan,nan,nan,nan,nan,OFF
1786341313929620781,2026-08-10T12:55:13.929643,prediction,0.053414,0.454000,0.088604,True,0.057307,0.368146,0.077838,0.003893,0.085854,0.010766,20.74,10,-0.264023,0.454218,0.445164,0.000000,0.000000,0.000000,0.000000,0.000000,0.000000,nan,nan,nan,nan,nan,nan,OFF
1786341313962508748,2026-08-10T12:55:13.962526,prediction,0.054038,0.449000,0.088843,True,0.057205,0.378146,0.079651,0.003167,0.070854,0.009192,19.42,10,-0.264023,0.454218,0.445164,0.000000,0.000000,0.000000,0.000000,0.000000,0.000000,nan,nan,nan,nan,nan,nan,OFF
1786341313996233908,2026-08-10T12:55:13.996256,prediction,0.050046,0.481000,0.090079,True,0.056986,0.388104,0.081391,0.006940,0.092896,0.008688,20.59,10,-0.260490,0.463080,0.445822,0.000000,0.000000,0.000000,0.000000,0.000000,0.000000,nan,nan,nan,nan,nan,nan,OFF
1786341314027425372,2026-08-10T12:55:14.027440,prediction,0.050545,0.477000,0.090276,True,0.056772,0.397935,0.082896,0.006228,0.079065,0.007380,20.71,10,-0.257151,0.472451,0.446662,0.000000,0.000000,0.000000,0.000000,0.000000,0.000000,nan,nan,nan,nan,nan,nan,OFF
1786341314056905700,2026-08-10T12:55:14.056925,prediction,0.048397,0.472000,0.090523,True,0.056432,0.407327,0.084310,0.008035,0.064673,0.006213,17.96,10,-0.257151,0.472451,0.446662,0.000000,0.000000,0.000000,0.000000,0.000000,0.000000,nan,nan,nan,nan,nan,nan,OFF
1786341314098141598,2026-08-10T12:55:14.098161,prediction,0.047289,0.481000,0.090079,True,0.056032,0.415941,0.085567,0.008743,0.065059,0.004512,22.23,10,-0.254129,0.482010,0.447640,0.000000,0.000000,0.000000,0.000000,0.000000,0.000000,nan,nan,nan,nan,nan,nan,OFF
1786341314123449166,2026-08-10T12:55:14.123474,prediction,0.039618,0.499000,0.091923,True,0.055066,0.424066,0.086699,0.015448,0.074934,0.005224,17.93,10,-0.254129,0.482010,0.447640,0.000000,0.000000,0.000000,0.000000,0.000000,0.000000,nan,nan,nan,nan,nan,nan,OFF
1786341314160914033,2026-08-10T12:55:14.160928,prediction,0.033581,0.504000,0.091667,True,0.053675,0.432321,0.087685,0.020094,0.071679,0.003982,20.12,10,-0.251433,0.491607,0.448719,0.000000,0.000000,0.000000,0.000000,0.000000,0.000000,nan,nan,nan,nan,nan,nan,OFF
1786341314194110818,2026-08-10T12:55:14.194131,prediction,0.032066,0.517000,0.091004,True,0.052019,0.440428,0.088469,0.019952,0.076572,0.002536,19.42,10,-0.251433,0.491607,0.448719,0.000000,0.000000,0.000000,0.000000,0.000000,0.000000,nan,nan,nan,nan,nan,nan,OFF
1786341314235167458,2026-08-10T12:55:14.235186,prediction,0.028909,0.521000,0.090800,True,0.050124,0.448835,0.089047,0.021215,0.072165,0.001753,21.26,10,-0.249027,0.501127,0.449858,0.000000,0.000000,0.000000,0.000000,0.000000,0.000000,nan,nan,nan,nan,nan,nan,OFF
1786341314268172812,2026-08-10T12:55:14.268200,prediction,0.026671,0.517000,0.091004,True,0.047947,0.457332,0.089543,0.021275,0.059668,0.001462,21.83,10,-0.249027,0.501127,0.449858,0.000000,0.000000,0.000000,0.000000,0.000000,0.000000,nan,nan,nan,nan,nan,nan,OFF
1786341314291321346,2026-08-10T12:55:14.291344,prediction,0.022077,0.534000,0.090137,True,0.045531,0.465835,0.089893,0.023454,0.068165,0.000244,17.99,10,-0.249027,0.501127,0.449858,0.000000,0.000000,0.000000,0.000000,0.000000,0.000000,nan,nan,nan,nan,nan,nan,OFF
1786341314339546531,2026-08-10T12:55:14.339565,prediction,0.018968,0.538000,0.089933,True,0.042894,0.474269,0.090170,0.023926,0.063731,0.000237,23.95,10,-0.246779,0.510828,0.451062,0.000000,0.000000,0.000000,0.000000,0.000000,0.000000,nan,nan,nan,nan,nan,nan,OFF
1786341314367473952,2026-08-10T12:55:14.367493,prediction,0.019408,0.534000,0.090137,True,0.040116,0.482651,0.090339,0.020708,0.051349,0.000202,23.52,10,-0.244665,0.520538,0.452281,0.000000,0.000000,0.000000,0.000000,0.000000,0.000000,nan,nan,nan,nan,nan,nan,OFF
1786341314391538409,2026-08-10T12:55:14.391565,prediction,0.016305,0.538000,0.092601,True,0.037239,0.490813,0.090578,0.020934,0.047187,0.002023,16.95,10,-0.244665,0.520538,0.452281,0.000000,0.000000,0.000000,0.000000,0.000000,0.000000,nan,nan,nan,nan,nan,nan,OFF
1786341314427655978,2026-08-10T12:55:14.427673,prediction,0.013642,0.538000,0.092601,True,0.034434,0.498391,0.090795,0.020792,0.039609,0.001806,20.29,10,-0.242637,0.530188,0.453482,0.000000,0.000000,0.000000,0.000000,0.000000,0.000000,nan,nan,nan,nan,nan,nan,OFF
1786341314468667091,2026-08-10T12:55:14.468687,prediction,0.012682,0.547000,0.094780,True,0.031623,0.505131,0.091081,0.018941,0.041869,0.003699,27.74,10,-0.242637,0.530188,0.453482,0.000000,0.000000,0.000000,0.000000,0.000000,0.000000,nan,nan,nan,nan,nan,nan,OFF
1786341314497186663,2026-08-10T12:55:14.497206,prediction,0.010454,0.543000,0.097657,True,0.028882,0.511351,0.091473,0.018428,0.031649,0.006185,21.48,10,-0.240594,0.540023,0.454677,0.000000,0.000000,0.000000,0.000000,0.000000,0.000000,nan,nan,nan,nan,nan,nan,OFF
1786341314531597744,2026-08-10T12:55:14.531617,prediction,0.009614,0.551000,0.097210,True,0.026142,0.516739,0.091900,0.016527,0.034261,0.005310,21.44,10,-0.240594,0.540023,0.454677,0.000000,0.000000,0.000000,0.000000,0.000000,0.000000,nan,nan,nan,nan,nan,nan,OFF
1786341314563324411,2026-08-10T12:55:14.563345,prediction,0.008250,0.564000,0.099107,True,0.023432,0.521739,0.092408,0.015183,0.042261,0.006699,22.32,10,-0.238552,0.549750,0.455822,0.000000,0.000000,0.000000,0.000000,0.000000,0.000000,nan,nan,nan,nan,nan,nan,OFF
1786341314592554716,2026-08-10T12:55:14.592622,prediction,0.006560,0.555000,0.099626,True,0.020715,0.526701,0.092998,0.014156,0.028299,0.006628,18.96,10,-0.238552,0.549750,0.455822,0.000000,0.000000,0.000000,0.000000,0.000000,0.000000,nan,nan,nan,nan,nan,nan,OFF
1786341314635066296,2026-08-10T12:55:14.635092,prediction,0.003010,0.564000,0.101732,True,0.018142,0.531845,0.093640,0.015133,0.032155,0.008092,25.32,10,-0.236482,0.559336,0.456913,0.000000,0.000000,0.000000,0.000000,0.000000,0.000000,nan,nan,nan,nan,nan,nan,OFF
1786341314666525135,2026-08-10T12:55:14.666544,prediction,-0.000010,0.568000,0.101495,True,0.015762,0.536588,0.094305,0.015772,0.031412,0.007191,22.16,10,-0.236482,0.559336,0.456913,0.000000,0.000000,0.000000,0.000000,0.000000,0.000000,nan,nan,nan,nan,nan,nan,OFF
1786341314701064901,2026-08-10T12:55:14.701089,prediction,-0.002230,0.564000,0.101732,True,0.013454,0.540898,0.095009,0.015684,0.023102,0.006723,23.76,10,-0.234256,0.569252,0.458006,0.000000,0.000000,0.000000,0.000000,0.000000,0.000000,nan,nan,nan,nan,nan,nan,OFF
1786341314736067322,2026-08-10T12:55:14.736085,prediction,-0.005624,0.572000,0.101258,True,0.011175,0.544691,0.095721,0.016800,0.027309,0.005537,25.65,10,-0.234256,0.569252,0.458006,0.000000,0.000000,0.000000,0.000000,0.000000,0.000000,nan,nan,nan,nan,nan,nan,OFF
1786341314762388896,2026-08-10T12:55:14.762403,prediction,-0.006011,0.576000,0.103626,True,0.008976,0.548300,0.096513,0.014987,0.027700,0.007113,20.26,10,-0.231997,0.578905,0.459041,0.000000,0.000000,0.000000,0.000000,0.000000,0.000000,nan,nan,nan,nan,nan,nan,OFF
1786341314793840422,2026-08-10T12:55:14.793856,prediction,-0.010133,0.592000,0.105231,True,0.006831,0.551850,0.097438,0.016963,0.040150,0.007792,19.18,10,-0.231997,0.578905,0.459041,0.000000,0.000000,0.000000,0.000000,0.000000,0.000000,nan,nan,nan,nan,nan,nan,OFF
1786341314824210182,2026-08-10T12:55:14.824237,prediction,-0.010133,0.592000,0.105231,True,0.004820,0.555479,0.098439,0.014953,0.036521,0.006792,18.15,10,-0.231997,0.578905,0.459041,0.000000,0.000000,0.000000,0.000000,0.000000,0.000000,nan,nan,nan,nan,nan,nan,OFF
1786341314858877699,2026-08-10T12:55:14.858937,prediction,-0.009372,0.584000,0.105731,True,0.002883,0.559183,0.099485,0.012255,0.024817,0.006246,19.40,10,-0.229669,0.588435,0.460047,0.000000,0.000000,0.000000,0.000000,0.000000,0.000000,nan,nan,nan,nan,nan,nan,OFF
1786341314893213800,2026-08-10T12:55:14.893232,prediction,-0.009752,0.588000,0.108066,True,0.001080,0.562694,0.100544,0.010832,0.025306,0.007522,18.15,10,-0.229669,0.588435,0.460047,0.000000,0.000000,0.000000,0.000000,0.000000,0.000000,nan,nan,nan,nan,nan,nan,OFF
1786341314926696646,2026-08-10T12:55:14.926715,prediction,-0.013080,0.596000,0.107552,True,-0.000686,0.566072,0.101586,0.012395,0.029928,0.005966,19.76,10,-0.227190,0.598182,0.461074,0.000000,0.000000,0.000000,0.000000,0.000000,0.000000,nan,nan,nan,nan,nan,nan,OFF
1786341314960807150,2026-08-10T12:55:14.960824,prediction,-0.012707,0.592000,0.110388,True,-0.002389,0.569504,0.102640,0.010318,0.022496,0.007749,20.53,10,-0.224666,0.607732,0.462094,0.000000,0.000000,0.000000,0.000000,0.000000,0.000000,nan,nan,nan,nan,nan,nan,OFF
1786341314997081786,2026-08-10T12:55:14.997098,prediction,-0.013828,0.604000,0.109598,True,-0.004025,0.572963,0.103558,0.009803,0.031037,0.006040,19.47,10,-0.224666,0.607732,0.462094,0.000000,0.000000,0.000000,0.000000,0.000000,0.000000,nan,nan,nan,nan,nan,nan,OFF
1786341315035357782,2026-08-10T12:55:15.035371,prediction,-0.015648,0.596000,0.110125,True,-0.005665,0.576321,0.104435,0.009983,0.019679,0.005689,23.86,10,-0.222063,0.617237,0.463136,0.000000,0.000000,0.000000,0.000000,0.000000,0.000000,nan,nan,nan,nan,nan,nan,OFF
1786341315064944617,2026-08-10T12:55:15.064960,prediction,-0.015648,0.596000,0.112697,True,-0.007258,0.579487,0.105315,0.008390,0.016513,0.007382,21.10,10,-0.222063,0.617237,0.463136,0.000000,0.000000,0.000000,0.000000,0.000000,0.000000,nan,nan,nan,nan,nan,nan,OFF
1786341315091084965,2026-08-10T12:55:15.091109,prediction,-0.014201,0.608000,0.114439,True,-0.008714,0.582408,0.106243,0.005488,0.025592,0.008196,17.74,10,-0.222063,0.617237,0.463136,0.000000,0.000000,0.000000,0.000000,0.000000,0.000000,nan,nan,nan,nan,nan,nan,OFF
1786341315124703974,2026-08-10T12:55:15.124742,prediction,-0.013828,0.604000,0.114716,True,-0.009963,0.585151,0.107129,0.003865,0.018849,0.007587,18.62,10,-0.219323,0.626933,0.464235,0.000000,0.000000,0.000000,0.000000,0.000000,0.000000,nan,nan,nan,nan,nan,nan,OFF
1786341315163387009,2026-08-10T12:55:15.163406,prediction,-0.011274,0.604000,0.114716,True,-0.010907,0.587796,0.108005,0.000367,0.016204,0.006711,20.56,10,-0.216571,0.636413,0.465349,0.000000,0.000000,0.000000,0.000000,0.000000,0.000000,nan,nan,nan,nan,nan,nan,OFF
1786341315196527182,2026-08-10T12:55:15.196569,prediction,-0.011654,0.608000,0.114439,True,-0.011638,0.590399,0.108858,0.000016,0.017601,0.005581,20.35,10,-0.216571,0.636413,0.465349,0.000000,0.000000,0.000000,0.000000,0.000000,0.000000,nan,nan,nan,nan,nan,nan,OFF
1786341315232421985,2026-08-10T12:55:15.232442,prediction,-0.010893,0.600000,0.114993,True,-0.012112,0.592865,0.109738,0.001218,0.007135,0.005254,21.59,10,-0.213764,0.645872,0.466505,0.000000,0.000000,0.000000,0.000000,0.000000,0.000000,nan,nan,nan,nan,nan,nan,OFF
1786341315265080408,2026-08-10T12:55:15.265100,prediction,-0.011654,0.608000,0.116992,True,-0.012476,0.595248,0.110621,0.000822,0.012752,0.006371,23.52,10,-0.213764,0.645872,0.466505,0.000000,0.000000,0.000000,0.000000,0.000000,0.000000,nan,nan,nan,nan,nan,nan,OFF
1786341315291647022,2026-08-10T12:55:15.291676,prediction,-0.014201,0.608000,0.116992,True,-0.012735,0.597474,0.111445,0.001467,0.010526,0.005546,17.54,10,-0.213764,0.645872,0.466505,0.000000,0.000000,0.000000,0.000000,0.000000,0.000000,nan,nan,nan,nan,nan,nan,OFF
1786341315335533075,2026-08-10T12:55:15.335552,prediction,-0.014201,0.608000,0.116992,True,-0.012940,0.599129,0.112236,0.001261,0.008871,0.004755,22.63,10,-0.210864,0.655481,0.467727,0.000000,0.000000,0.000000,0.000000,0.000000,0.000000,nan,nan,nan,nan,nan,nan,OFF
1786341315361217090,2026-08-10T12:55:15.361265,prediction,-0.014482,0.611000,0.116779,True,-0.013170,0.600413,0.112983,0.001312,0.010587,0.003796,20.80,10,-0.207959,0.665018,0.468989,0.000000,0.000000,0.000000,0.000000,0.000000,0.000000,nan,nan,nan,nan,nan,nan,OFF
1786341315396048942,2026-08-10T12:55:15.396066,prediction,-0.014855,0.615000,0.116496,True,-0.013430,0.601723,0.113613,0.001425,0.013277,0.002883,21.69,10,-0.207959,0.665018,0.468989,0.000000,0.000000,0.000000,0.000000,0.000000,0.000000,nan,nan,nan,nan,nan,nan,OFF
1786341315435287567,2026-08-10T12:55:15.435305,prediction,-0.014482,0.611000,0.116779,True,-0.013582,0.603098,0.114213,0.000900,0.007902,0.002566,25.12,10,-0.205093,0.674382,0.470275,0.000000,0.000000,0.000000,0.000000,0.000000,0.000000,nan,nan,nan,nan,nan,nan,OFF
1786341315466003527,2026-08-10T12:55:15.466024,prediction,-0.015229,0.619000,0.116212,True,-0.013731,0.604530,0.114674,0.001498,0.014470,0.001538,20.47,10,-0.205093,0.674382,0.470275,0.000000,0.000000,0.000000,0.000000,0.000000,0.000000,nan,nan,nan,nan,nan,nan,OFF
1786341315502851632,2026-08-10T12:55:15.502868,prediction,-0.015229,0.619000,0.116212,True,-0.013842,0.606002,0.115095,0.001387,0.012998,0.001117,26.58,10,-0.202137,0.684035,0.471645,0.000000,0.000000,0.000000,0.000000,0.000000,0.000000,nan,nan,nan,nan,nan,nan,OFF
1786341315536169151,2026-08-10T12:55:15.536184,prediction,-0.011939,0.611000,0.116779,True,-0.013748,0.607491,0.115502,0.001809,0.003509,0.001277,24.25,10,-0.202137,0.684035,0.471645,0.000000,0.000000,0.000000,0.000000,0.000000,0.000000,nan,nan,nan,nan,nan,nan,OFF
1786341315567377332,2026-08-10T12:55:15.567392,prediction,-0.012700,0.619000,0.116212,True,-0.013583,0.608994,0.115791,0.000883,0.010006,0.000422,22.56,10,-0.199261,0.693460,0.473024,0.000000,0.000000,0.000000,0.000000,0.000000,0.000000,nan,nan,nan,nan,nan,nan,OFF
1786341315599663972,2026-08-10T12:55:15.599685,prediction,-0.010170,0.619000,0.116212,True,-0.013344,0.610507,0.115958,0.003174,0.008494,0.000255,21.82,10,-0.199261,0.693460,0.473024,0.000000,0.000000,0.000000,0.000000,0.000000,0.000000,nan,nan,nan,nan,nan,nan,OFF
1786341315630114510,2026-08-10T12:55:15.630140,prediction,-0.010170,0.619000,0.116212,True,-0.013080,0.611786,0.116055,0.002910,0.007214,0.000158,21.22,10,-0.196447,0.702765,0.474421,0.000000,0.000000,0.000000,0.000000,0.000000,0.000000,nan,nan,nan,nan,nan,nan,OFF
1786341315661620734,2026-08-10T12:55:15.661637,prediction,-0.006854,0.611000,0.116779,True,-0.012778,0.612900,0.116142,0.005924,0.001900,0.000637,20.76,10,-0.196447,0.702765,0.474421,0.000000,0.000000,0.000000,0.000000,0.000000,0.000000,nan,nan,nan,nan,nan,nan,OFF
1786341315699544212,2026-08-10T12:55:15.699560,prediction,-0.007641,0.619000,0.116212,True,-0.012475,0.613926,0.116222,0.004835,0.005074,0.000009,22.39,10,-0.193602,0.712304,0.475884,0.000000,0.000000,0.000000,0.000000,0.000000,0.000000,nan,nan,nan,nan,nan,nan,OFF
1786341315726813395,2026-08-10T12:55:15.726859,prediction,-0.008034,0.623000,0.115929,True,-0.012222,0.614916,0.116271,0.004187,0.008084,0.000342,18.92,10,-0.193602,0.712304,0.475884,0.000000,0.000000,0.000000,0.000000,0.000000,0.000000,nan,nan,nan,nan,nan,nan,OFF
1786341315767474770,2026-08-10T12:55:15.767495,prediction,-0.007641,0.619000,0.113678,True,-0.011955,0.615774,0.116153,0.004314,0.003226,0.002475,22.12,10,-0.190812,0.721825,0.477367,0.000000,0.000000,0.000000,0.000000,0.000000,0.000000,nan,nan,nan,nan,nan,nan,OFF
1786341315795020596,2026-08-10T12:55:15.795034,prediction,-0.008428,0.627000,0.113125,True,-0.011624,0.616666,0.115930,0.003196,0.010334,0.002805,22.04,10,-0.190812,0.721825,0.477367,0.000000,0.000000,0.000000,0.000000,0.000000,0.000000,nan,nan,nan,nan,nan,nan,OFF
1786341315829703326,2026-08-10T12:55:15.829722,prediction,-0.008428,0.627000,0.113125,True,-0.011265,0.617719,0.115657,0.002837,0.009281,0.002533,20.50,10,-0.188089,0.731299,0.478854,0.000000,0.000000,0.000000,0.000000,0.000000,0.000000,nan,nan,nan,nan,nan,nan,OFF
1786341315861849661,2026-08-10T12:55:15.861866,prediction,-0.008821,0.631000,0.112848,True,-0.010898,0.618885,0.115364,0.002076,0.012115,0.002516,20.57,10,-0.188089,0.731299,0.478854,0.000000,0.000000,0.000000,0.000000,0.000000,0.000000,nan,nan,nan,nan,nan,nan,OFF
1786341315894383368,2026-08-10T12:55:15.894398,prediction,-0.009117,0.634000,0.112640,True,-0.010523,0.620142,0.115068,0.001407,0.013858,0.002428,20.52,10,-0.185406,0.740832,0.480349,0.000000,0.000000,0.000000,0.000000,0.000000,0.000000,nan,nan,nan,nan,nan,nan,OFF
1786341315931469433,2026-08-10T12:55:15.931492,prediction,-0.009510,0.638000,0.112364,True,-0.010174,0.621540,0.114756,0.000664,0.016460,0.002393,20.45,10,-0.185406,0.740832,0.480349,0.000000,0.000000,0.000000,0.000000,0.000000,0.000000,nan,nan,nan,nan,nan,nan,OFF
1786341315964837597,2026-08-10T12:55:15.964922,prediction,-0.009117,0.634000,0.112640,True,-0.009792,0.622904,0.114471,0.000675,0.011096,0.001830,19.12,10,-0.182783,0.750388,0.481833,0.000000,0.000000,0.000000,0.000000,0.000000,0.000000,nan,nan,nan,nan,nan,nan,OFF
1786341315994055174,2026-08-10T12:55:15.994076,prediction,-0.009510,0.638000,0.112364,True,-0.009409,0.624225,0.114194,0.000101,0.013775,0.001830,17.91,10,-0.182783,0.750388,0.481833,0.000000,0.000000,0.000000,0.000000,0.000000,0.000000,nan,nan,nan,nan,nan,nan,OFF
1786341316027185075,2026-08-10T12:55:16.027204,prediction,-0.010297,0.646000,0.111810,True,-0.009177,0.625525,0.113884,0.001120,0.020475,0.002074,19.53,10,-0.180249,0.759909,0.483283,0.000000,0.000000,0.000000,0.000000,0.000000,0.000000,nan,nan,nan,nan,nan,nan,OFF
1786341316064464159,2026-08-10T12:55:16.064479,prediction,-0.010297,0.646000,0.111810,True,-0.008998,0.627051,0.113580,0.001299,0.018949,0.001770,22.15,10,-0.180249,0.759909,0.483283,0.000000,0.000000,0.000000,0.000000,0.000000,0.000000,nan,nan,nan,nan,nan,nan,OFF
1786341316098833441,2026-08-10T12:55:16.098852,prediction,-0.007012,0.638000,0.112364,True,-0.008818,0.628732,0.113302,0.001806,0.009268,0.000938,22.80,10,-0.177750,0.769612,0.484719,0.000000,0.000000,0.000000,0.000000,0.000000,0.000000,nan,nan,nan,nan,nan,nan,OFF
1786341316137507633,2026-08-10T12:55:16.137528,prediction,-0.008512,0.653000,0.111326,True,-0.008691,0.630499,0.112998,0.000179,0.022501,0.001673,22.02,10,-0.177750,0.769612,0.484719,0.000000,0.000000,0.000000,0.000000,0.000000,0.000000,nan,nan,nan,nan,nan,nan,OFF
1786341316167746556,2026-08-10T12:55:16.167764,prediction,-0.008512,0.653000,0.111326,True,-0.008715,0.632520,0.112661,0.000203,0.020480,0.001336,21.59,10,-0.175374,0.779169,0.486081,0.000000,0.000000,0.000000,0.000000,0.000000,0.000000,nan,nan,nan,nan,nan,nan,OFF
1786341316197244048,2026-08-10T12:55:16.197260,prediction,-0.008112,0.649000,0.111602,True,-0.008768,0.634701,0.112338,0.000656,0.014299,0.000736,22.40,10,-0.175374,0.779169,0.486081,0.000000,0.000000,0.000000,0.000000,0.000000,0.000000,nan,nan,nan,nan,nan,nan,OFF
1786341316239554445,2026-08-10T12:55:16.239578,prediction,-0.008912,0.657000,0.111049,True,-0.008846,0.636962,0.112013,0.000066,0.020039,0.000964,24.48,10,-0.173065,0.788800,0.487390,0.000000,0.000000,0.000000,0.000000,0.000000,0.000000,nan,nan,nan,nan,nan,nan,OFF
1786341316270027681,2026-08-10T12:55:16.270046,prediction,-0.007812,0.646000,0.111810,True,-0.008904,0.639133,0.111798,0.001092,0.006867,0.000012,24.58,10,-0.173065,0.788800,0.487390,0.000000,0.000000,0.000000,0.000000,0.000000,0.000000,nan,nan,nan,nan,nan,nan,OFF
1786341316299290709,2026-08-10T12:55:16.299310,prediction,-0.004921,0.642000,0.112087,True,-0.008808,0.641012,0.111672,0.003888,0.000988,0.000414,21.64,10,-0.170820,0.798527,0.488637,0.000000,0.000000,0.000000,0.000000,0.000000,0.000000,nan,nan,nan,nan,nan,nan,OFF
1786341316331524484,2026-08-10T12:55:16.331538,prediction,-0.004514,0.638000,0.112364,True,-0.008616,0.642455,0.111602,0.004102,0.004455,0.000761,21.00,10,-0.170820,0.798527,0.488637,0.000000,0.000000,0.000000,0.000000,0.000000,0.000000,nan,nan,nan,nan,nan,nan,OFF
1786341316367399523,2026-08-10T12:55:16.367424,prediction,-0.005327,0.646000,0.111810,True,-0.008391,0.643626,0.111549,0.003063,0.002374,0.000261,22.47,10,-0.168679,0.808197,0.489797,0.000000,0.000000,0.000000,0.000000,0.000000,0.000000,nan,nan,nan,nan,nan,nan,OFF
1786341316391229920,2026-08-10T12:55:16.391281,prediction,-0.005327,0.646000,0.111810,True,-0.008139,0.644656,0.111509,0.002812,0.001344,0.000301,18.07,10,-0.168679,0.808197,0.489797,0.000000,0.000000,0.000000,0.000000,0.000000,0.000000,nan,nan,nan,nan,nan,nan,OFF
1786341316434309301,2026-08-10T12:55:16.434326,prediction,-0.005632,0.649000,0.111602,True,-0.007870,0.645536,0.111476,0.002238,0.003464,0.000126,21.85,10,-0.166641,0.817819,0.490873,0.000000,0.000000,0.000000,0.000000,0.000000,0.000000,nan,nan,nan,nan,nan,nan,OFF
1786341316464858460,2026-08-10T12:55:16.464878,prediction,-0.005632,0.649000,0.111602,True,-0.007610,0.646423,0.111434,0.001978,0.002577,0.000169,21.23,10,-0.166641,0.817819,0.490873,0.000000,0.000000,0.000000,0.000000,0.000000,0.000000,nan,nan,nan,nan,nan,nan,OFF
1786341316494174418,2026-08-10T12:55:16.494190,prediction,-0.008112,0.649000,0.111602,True,-0.007433,0.647224,0.111392,0.000679,0.001776,0.000211,19.62,10,-0.166641,0.817819,0.490873,0.000000,0.000000,0.000000,0.000000,0.000000,0.000000,nan,nan,nan,nan,nan,nan,OFF
1786341316532347924,2026-08-10T12:55:16.532368,prediction,-0.008112,0.649000,0.111602,True,-0.007272,0.647970,0.111369,0.000841,0.001030,0.000234,20.20,10,-0.164655,0.827639,0.491897,0.000000,0.000000,0.000000,0.000000,0.000000,0.000000,nan,nan,nan,nan,nan,nan,OFF
1786341316562169668,2026-08-10T12:55:16.562202,prediction,-0.007412,0.642000,0.112087,True,-0.007092,0.648454,0.111370,0.000320,0.006454,0.000717,21.11,10,-0.162756,0.837472,0.492854,0.000000,0.000000,0.000000,0.000000,0.000000,0.000000,nan,nan,nan,nan,nan,nan,OFF
1786341316594353318,2026-08-10T12:55:16.594369,prediction,-0.007412,0.642000,0.112087,True,-0.007022,0.648562,0.111363,0.000390,0.006562,0.000724,20.59,10,-0.162756,0.837472,0.492854,0.000000,0.000000,0.000000,0.000000,0.000000,0.000000,nan,nan,nan,nan,nan,nan,OFF
1786341316628017768,2026-08-10T12:55:16.628038,prediction,-0.007012,0.638000,0.112364,True,-0.006938,0.648437,0.111398,0.000074,0.010437,0.000965,18.87,10,-0.160980,0.847122,0.493732,0.000000,0.000000,0.000000,0.000000,0.000000,0.000000,nan,nan,nan,nan,nan,nan,OFF
1786341316663219004,2026-08-10T12:55:16.663243,prediction,-0.007812,0.646000,0.111810,True,-0.006874,0.647988,0.111436,0.000938,0.001988,0.000374,18.09,10,-0.160980,0.847122,0.493732,0.000000,0.000000,0.000000,0.000000,0.000000,0.000000,nan,nan,nan,nan,nan,nan,OFF
1786341316694746173,2026-08-10T12:55:16.694764,prediction,-0.008512,0.653000,0.111326,True,-0.006863,0.647467,0.111446,0.001649,0.005533,0.000121,16.87,10,-0.159245,0.857014,0.494582,0.000000,0.000000,0.000000,0.000000,0.000000,0.000000,nan,nan,nan,nan,nan,nan,OFF
1786341316730213050,2026-08-10T12:55:16.730241,prediction,-0.011379,0.657000,0.111049,True,-0.006958,0.647151,0.111452,0.004421,0.009849,0.000403,20.49,10,-0.159245,0.857014,0.494582,0.000000,0.000000,0.000000,0.000000,0.000000,0.000000,nan,nan,nan,nan,nan,nan,OFF
1786341316766690379,2026-08-10T12:55:16.766738,prediction,-0.011674,0.660000,0.110841,True,-0.007160,0.647234,0.111421,0.004514,0.012766,0.000579,23.23,10,-0.157598,0.866851,0.495392,0.000000,0.000000,0.000000,0.000000,0.000000,0.000000,nan,nan,nan,nan,nan,nan,OFF
1786341316799930486,2026-08-10T12:55:16.799945,prediction,-0.011674,0.660000,0.110841,True,-0.007522,0.647761,0.111359,0.004152,0.012239,0.000518,20.90,10,-0.157598,0.866851,0.495392,0.000000,0.000000,0.000000,0.000000,0.000000,0.000000,nan,nan,nan,nan,nan,nan,OFF
1786341316830428359,2026-08-10T12:55:16.830474,prediction,-0.010986,0.653000,0.111326,True,-0.007953,0.648672,0.111290,0.003033,0.004328,0.000036,18.94,10,-0.156027,0.876602,0.496172,0.000000,0.000000,0.000000,0.000000,0.000000,0.000000,nan,nan,nan,nan,nan,nan,OFF
1786341316869357303,2026-08-10T12:55:16.869378,prediction,-0.009903,0.642000,0.112087,True,-0.008338,0.649586,0.111264,0.001565,0.007586,0.000822,23.87,10,-0.156027,0.876602,0.496172,0.000000,0.000000,0.000000,0.000000,0.000000,0.000000,nan,nan,nan,nan,nan,nan,OFF
1786341316899018133,2026-08-10T12:55:16.899036,prediction,-0.010986,0.653000,0.111326,True,-0.008735,0.650334,0.111235,0.002251,0.002666,0.000091,23.25,10,-0.154459,0.886543,0.496949,0.000000,0.000000,0.000000,0.000000,0.000000,0.000000,nan,nan,nan,nan,nan,nan,OFF
1786341316932991046,2026-08-10T12:55:16.933007,prediction,-0.010592,0.649000,0.111602,True,-0.009106,0.650836,0.111220,0.001486,0.001836,0.000382,24.06,10,-0.154459,0.886543,0.496949,0.000000,0.000000,0.000000,0.000000,0.000000,0.000000,nan,nan,nan,nan,nan,nan,OFF
1786341316971632105,2026-08-10T12:55:16.971646,prediction,-0.009903,0.642000,0.112087,True,-0.009433,0.651087,0.111233,0.000470,0.009087,0.000854,24.25,10,-0.152907,0.896386,0.497698,0.000000,0.000000,0.000000,0.000000,0.000000,0.000000,nan,nan,nan,nan,nan,nan,OFF
1786341316999195510,2026-08-10T12:55:16.999218,prediction,-0.011674,0.660000,0.110841,True,-0.009710,0.651186,0.111213,0.001964,0.008814,0.000372,24.07,10,-0.152907,0.896386,0.497698,0.000000,0.000000,0.000000,0.000000,0.000000,0.000000,nan,nan,nan,nan,nan,nan,OFF
1786341317036127001,2026-08-10T12:55:17.036147,prediction,-0.007012,0.638000,0.112364,True,-0.009785,0.650988,0.111232,0.002773,0.012988,0.001131,22.30,10,-0.151322,0.906172,0.498423,0.000000,0.000000,0.000000,0.000000,0.000000,0.000000,nan,nan,nan,nan,nan,nan,OFF
1786341317070690786,2026-08-10T12:55:17.070709,prediction,-0.008112,0.649000,0.111602,True,-0.009829,0.650818,0.111227,0.001717,0.001818,0.000376,23.87,10,-0.151322,0.906172,0.498423,0.000000,0.000000,0.000000,0.000000,0.000000,0.000000,nan,nan,nan,nan,nan,nan,OFF
1786341317099776003,2026-08-10T12:55:17.099792,prediction,-0.007012,0.638000,0.112364,True,-0.009817,0.650583,0.111234,0.002805,0.012583,0.001129,22.17,10,-0.149615,0.916153,0.499145,0.000000,0.000000,0.000000,0.000000,0.000000,0.000000,nan,nan,nan,nan,nan,nan,OFF
1786341317129759098,2026-08-10T12:55:17.129777,prediction,-0.004514,0.638000,0.112364,True,-0.009702,0.650303,0.111239,0.005188,0.012303,0.001125,19.72,10,-0.149615,0.916153,0.499145,0.000000,0.000000,0.000000,0.000000,0.000000,0.000000,nan,nan,nan,nan,nan,nan,OFF
1786341317163509065,2026-08-10T12:55:17.163523,prediction,-0.005327,0.646000,0.111810,True,-0.009539,0.650007,0.111241,0.004212,0.004006,0.000569,21.20,10,-0.147876,0.925469,0.499799,0.000000,0.000000,0.000000,0.000000,0.000000,0.000000,nan,nan,nan,nan,nan,nan,OFF
1786341317196435985,2026-08-10T12:55:17.196455,prediction,-0.005632,0.649000,0.111602,True,-0.009342,0.649825,0.111253,0.003710,0.000825,0.000350,19.89,10,-0.147876,0.925469,0.499799,0.000000,0.000000,0.000000,0.000000,0.000000,0.000000,nan,nan,nan,nan,nan,nan,OFF
1786341317228740789,2026-08-10T12:55:17.228757,prediction,-0.004921,0.642000,0.112087,True,-0.008998,0.649517,0.111297,0.004077,0.007516,0.000790,21.26,10,-0.146379,0.932616,0.500276,0.000000,0.000000,0.000000,0.000000,0.000000,0.000000,nan,nan,nan,nan,nan,nan,OFF
1786341317265623769,2026-08-10T12:55:17.265645,prediction,-0.005632,0.649000,0.111602,True,-0.008598,0.649080,0.111347,0.002966,0.000080,0.000255,22.04,10,-0.146379,0.932616,0.500276,0.000000,0.000000,0.000000,0.000000,0.000000,0.000000,nan,nan,nan,nan,nan,nan,OFF
1786341317297787346,2026-08-10T12:55:17.297805,prediction,-0.004514,0.638000,0.112364,True,-0.008131,0.648271,0.111428,0.003617,0.010271,0.000935,21.97,10,-0.145162,0.937655,0.500580,0.000000,0.000000,0.000000,0.000000,0.000000,0.000000,nan,nan,nan,nan,nan,nan,OFF
1786341317330772076,2026-08-10T12:55:17.330789,prediction,-0.004921,0.642000,0.112087,True,-0.007674,0.647221,0.111496,0.002753,0.005220,0.000591,20.95,10,-0.145162,0.937655,0.500580,0.000000,0.000000,0.000000,0.000000,0.000000,0.000000,nan,nan,nan,nan,nan,nan,OFF
1786341317364890619,2026-08-10T12:55:17.364906,prediction,-0.005632,0.649000,0.111602,True,-0.007296,0.646258,0.111511,0.001664,0.002742,0.000092,20.10,10,-0.145247,0.937108,0.500541,0.000000,0.000000,0.000000,0.000000,0.000000,0.000000,nan,nan,nan,nan,nan,nan,OFF
1786341317396505549,2026-08-10T12:55:17.396521,prediction,-0.004921,0.642000,0.112087,True,-0.006896,0.645388,0.111543,0.001975,0.003388,0.000544,18.70,10,-0.145247,0.937108,0.500541,0.000000,0.000000,0.000000,0.000000,0.000000,0.000000,nan,nan,nan,nan,nan,nan,OFF
1786341317434309360,2026-08-10T12:55:17.434325,prediction,-0.004107,0.634000,0.112640,True,-0.006474,0.644697,0.111596,0.002367,0.010697,0.001045,22.13,10,-0.145948,0.936167,0.500676,0.000000,0.000000,0.000000,0.000000,0.000000,0.000000,nan,nan,nan,nan,nan,nan,OFF
1786341317463572734,2026-08-10T12:55:17.463598,prediction,-0.008512,0.653000,0.111326,True,-0.006233,0.644136,0.111592,0.002279,0.008864,0.000266,19.35,10,-0.145948,0.936167,0.500676,0.000000,0.000000,0.000000,0.000000,0.000000,0.000000,nan,nan,nan,nan,nan,nan,OFF
1786341317495088787,2026-08-10T12:55:17.495102,prediction,-0.007012,0.638000,0.112364,True,-0.005960,0.643518,0.111641,0.001052,0.005518,0.000722,19.32,10,-0.145241,0.936130,0.500388,0.000000,0.000000,0.000000,0.000000,0.000000,0.000000,nan,nan,nan,nan,nan,nan,OFF
1786341317528210295,2026-08-10T12:55:17.528229,prediction,-0.007412,0.642000,0.112087,True,-0.005863,0.643186,0.111655,0.001549,0.001186,0.000432,17.45,10,-0.145241,0.936130,0.500388,0.000000,0.000000,0.000000,0.000000,0.000000,0.000000,nan,nan,nan,nan,nan,nan,OFF
1786341317562510512,2026-08-10T12:55:17.562526,prediction,-0.007812,0.646000,0.111810,True,-0.005824,0.642846,0.111667,0.001988,0.003154,0.000143,19.53,10,-0.146381,0.935000,0.500666,0.000000,0.000000,0.000000,0.000000,0.000000,0.000000,nan,nan,nan,nan,nan,nan,OFF
1786341317597840546,2026-08-10T12:55:17.597888,prediction,-0.007012,0.638000,0.112364,True,-0.005827,0.642794,0.111672,0.001185,0.004793,0.000692,20.76,10,-0.146381,0.935000,0.500666,0.000000,0.000000,0.000000,0.000000,0.000000,0.000000,nan,nan,nan,nan,nan,nan,OFF
1786341317636694702,2026-08-10T12:55:17.636713,prediction,-0.007412,0.642000,0.112087,True,-0.005956,0.642944,0.111663,0.001456,0.000944,0.000424,24.39,10,-0.147431,0.933237,0.500828,0.000000,0.000000,0.000000,0.000000,0.000000,0.000000,nan,nan,nan,nan,nan,nan,OFF
1786341317661204399,2026-08-10T12:55:17.661236,prediction,-0.007412,0.642000,0.112087,True,-0.006113,0.643197,0.111668,0.001299,0.001197,0.000419,18.75,10,-0.147431,0.933237,0.500828,0.000000,0.000000,0.000000,0.000000,0.000000,0.000000,nan,nan,nan,nan,nan,nan,OFF
1786341317693210298,2026-08-10T12:55:17.693266,prediction,-0.007012,0.638000,0.112364,True,-0.006251,0.643252,0.111697,0.000761,0.005252,0.000667,17.22,10,-0.147431,0.933237,0.500828,0.000000,0.000000,0.000000,0.000000,0.000000,0.000000,nan,nan,nan,nan,nan,nan,OFF
1786341317733751714,2026-08-10T12:55:17.733766,prediction,-0.006312,0.631000,0.112848,True,-0.006373,0.643033,0.111738,0.000062,0.012033,0.001110,20.79,10,-0.146921,0.932765,0.500642,0.000000,0.000000,0.000000,0.000000,0.000000,0.000000,nan,nan,nan,nan,nan,nan,OFF
1786341317766765889,2026-08-10T12:55:17.766782,prediction,-0.007012,0.638000,0.112364,True,-0.006482,0.642550,0.111786,0.000530,0.004550,0.000578,23.09,10,-0.148530,0.931698,0.501068,0.000000,0.000000,0.000000,0.000000,0.000000,0.000000,nan,nan,nan,nan,nan,nan,OFF
1786341317810274004,2026-08-10T12:55:17.810290,prediction,-0.014523,0.664000,0.110565,True,-0.006903,0.642136,0.111743,0.007620,0.021864,0.001178,27.86,10,-0.148530,0.931698,0.501068,0.000000,0.000000,0.000000,0.000000,0.000000,0.000000,nan,nan,nan,nan,nan,nan,OFF
1786341317837264732,2026-08-10T12:55:17.837289,prediction,-0.013846,0.657000,0.111049,True,-0.007447,0.642362,0.111682,0.006399,0.014638,0.000633,23.65,10,-0.148013,0.930826,0.500918,0.000000,0.000000,0.000000,0.000000,0.000000,0.000000,nan,nan,nan,nan,nan,nan,OFF
1786341317865999727,2026-08-10T12:55:17.866014,prediction,-0.013072,0.649000,0.111602,True,-0.007994,0.643027,0.111651,0.005078,0.005973,0.000048,21.28,10,-0.148013,0.930826,0.500918,0.000000,0.000000,0.000000,0.000000,0.000000,0.000000,nan,nan,nan,nan,nan,nan,OFF
1786341317901324300,2026-08-10T12:55:17.901343,prediction,-0.010986,0.653000,0.111326,True,-0.008488,0.643805,0.111607,0.002498,0.009195,0.000282,23.00,10,-0.147589,0.929962,0.500972,0.000000,0.000000,0.000000,0.000000,0.000000,0.000000,nan,nan,nan,nan,nan,nan,OFF
1786341317936563973,2026-08-10T12:55:17.936592,prediction,-0.008112,0.649000,0.111602,True,-0.008872,0.644486,0.111547,0.000760,0.004514,0.000056,25.40,10,-0.147589,0.929962,0.500972,0.000000,0.000000,0.000000,0.000000,0.000000,0.000000,nan,nan,nan,nan,nan,nan,OFF
1786341317970779410,2026-08-10T12:55:17.970803,prediction,-0.007812,0.646000,0.111810,True,-0.009026,0.645071,0.111534,0.001214,0.000929,0.000276,25.84,10,-0.147844,0.931117,0.500817,0.000000,0.000000,0.000000,0.000000,0.000000,0.000000,nan,nan,nan,nan,nan,nan,OFF
1786341318006632121,2026-08-10T12:55:18.006650,prediction,-0.007412,0.642000,0.112087,True,-0.009102,0.645626,0.111520,0.001690,0.003626,0.000566,20.70,10,-0.147844,0.931117,0.500817,0.000000,0.000000,0.000000,0.000000,0.000000,0.000000,nan,nan,nan,nan,nan,nan,OFF
1786341318042188066,2026-08-10T12:55:18.042212,prediction,-0.007412,0.642000,0.112087,True,-0.009118,0.645928,0.111516,0.001706,0.003928,0.000571,21.28,10,-0.147138,0.930351,0.500904,0.000000,0.000000,0.000000,0.000000,0.000000,0.000000,nan,nan,nan,nan,nan,nan,OFF
1786341318080262202,2026-08-10T12:55:18.080293,prediction,-0.008112,0.649000,0.111602,True,-0.009111,0.646052,0.111508,0.000999,0.002948,0.000095,27.49,10,-0.147138,0.930351,0.500904,0.000000,0.000000,0.000000,0.000000,0.000000,0.000000,nan,nan,nan,nan,nan,nan,OFF
1786341318105575975,2026-08-10T12:55:18.105613,prediction,-0.008112,0.649000,0.111602,True,-0.009127,0.646289,0.111479,0.001015,0.002711,0.000124,21.03,10,-0.146046,0.931095,0.500885,0.000000,0.000000,0.000000,0.000000,0.000000,0.000000,nan,nan,nan,nan,nan,nan,OFF
1786341318137383645,2026-08-10T12:55:18.137400,prediction,-0.007812,0.646000,0.111810,True,-0.009135,0.646628,0.111455,0.001323,0.000628,0.000355,20.88,10,-0.146046,0.931095,0.500885,0.000000,0.000000,0.000000,0.000000,0.000000,0.000000,nan,nan,nan,nan,nan,nan,OFF
1786341318165106602,2026-08-10T12:55:18.165126,prediction,-0.008912,0.657000,0.111049,True,-0.009184,0.647032,0.111406,0.000272,0.009968,0.000357,21.88,10,-0.146973,0.930878,0.500843,0.000000,0.000000,0.000000,0.000000,0.000000,0.000000,nan,nan,nan,nan,nan,nan,OFF
1786341318208923083,2026-08-10T12:55:18.208947,prediction,-0.008912,0.657000,0.111049,True,-0.009278,0.647714,0.111335,0.000366,0.009286,0.000286,26.26,10,-0.146973,0.930878,0.500843,0.000000,0.000000,0.000000,0.000000,0.000000,0.000000,nan,nan,nan,nan,nan,nan,OFF
1786341318242994853,2026-08-10T12:55:18.243008,prediction,-0.004921,0.642000,0.112087,True,-0.009279,0.648696,0.111272,0.004358,0.006696,0.000815,24.72,10,-0.145960,0.931615,0.500813,0.000000,0.000000,0.000000,0.000000,0.000000,0.000000,nan,nan,nan,nan,nan,nan,OFF
1786341318275225652,2026-08-10T12:55:18.275266,prediction,-0.006039,0.653000,0.111326,True,-0.009246,0.649739,0.111205,0.003207,0.003261,0.000121,23.92,10,-0.145960,0.931615,0.500813,0.000000,0.000000,0.000000,0.000000,0.000000,0.000000,nan,nan,nan,nan,nan,nan,OFF
1786341318306178827,2026-08-10T12:55:18.306199,prediction,-0.004921,0.642000,0.112087,True,-0.008872,0.650442,0.111228,0.003951,0.008442,0.000859,22.14,10,-0.145025,0.933010,0.500673,0.000000,0.000000,0.000000,0.000000,0.000000,0.000000,nan,nan,nan,nan,nan,nan,OFF
1786341318337870066,2026-08-10T12:55:18.337894,prediction,-0.006039,0.653000,0.113804,True,-0.008388,0.650666,0.111344,0.002349,0.002334,0.002459,22.59,10,-0.145025,0.933010,0.500673,0.000000,0.000000,0.000000,0.000000,0.000000,0.000000,nan,nan,nan,nan,nan,nan,OFF
1786341318369561706,2026-08-10T12:55:18.369593,prediction,-0.006751,0.660000,0.110841,True,-0.007908,0.650591,0.111381,0.001158,0.009409,0.000539,23.15,10,-0.146131,0.933461,0.500754,0.000000,0.000000,0.000000,0.000000,0.000000,0.000000,nan,nan,nan,nan,nan,nan,OFF
1786341318395574812,2026-08-10T12:55:18.395605,prediction,-0.005327,0.646000,0.111810,True,-0.007459,0.650482,0.111418,0.002132,0.004482,0.000392,18.01,10,-0.146131,0.933461,0.500754,0.000000,0.000000,0.000000,0.000000,0.000000,0.000000,nan,nan,nan,nan,nan,nan,OFF
1786341318432706125,2026-08-10T12:55:18.432721,prediction,-0.003152,0.649000,0.111602,True,-0.007055,0.650391,0.111438,0.003903,0.001390,0.000164,20.84,10,-0.145246,0.934759,0.500631,0.000000,0.000000,0.000000,0.000000,0.000000,0.000000,nan,nan,nan,nan,nan,nan,OFF
1786341318465843118,2026-08-10T12:55:18.465862,prediction,-0.006039,0.653000,0.111326,True,-0.006796,0.650327,0.111430,0.000757,0.002673,0.000104,20.90,10,-0.145246,0.934759,0.500631,0.000000,0.000000,0.000000,0.000000,0.000000,0.000000,nan,nan,nan,nan,nan,nan,OFF
1786341318497473251,2026-08-10T12:55:18.497495,prediction,-0.003566,0.653000,0.113804,True,-0.006540,0.650492,0.111487,0.002975,0.002508,0.002317,19.64,10,-0.146519,0.935568,0.500695,0.000000,0.000000,0.000000,0.000000,0.000000,0.000000,nan,nan,nan,nan,nan,nan,OFF
1786341318537052643,2026-08-10T12:55:18.537090,prediction,-0.003566,0.653000,0.113804,True,-0.006294,0.650938,0.111579,0.002728,0.002062,0.002225,21.69,10,-0.146519,0.935568,0.500695,0.000000,0.000000,0.000000,0.000000,0.000000,0.000000,nan,nan,nan,nan,nan,nan,OFF
1786341318565448442,2026-08-10T12:55:18.565466,prediction,-0.002842,0.646000,0.114300,True,-0.006002,0.651557,0.111725,0.003159,0.005557,0.002574,22.14,10,-0.145557,0.936141,0.500608,0.000000,0.000000,0.000000,0.000000,0.000000,0.000000,nan,nan,nan,nan,nan,nan,OFF
1786341318600512137,2026-08-10T12:55:18.600539,prediction,-0.002842,0.646000,0.114300,True,-0.005681,0.651849,0.111898,0.002839,0.005849,0.002402,20.44,10,-0.145557,0.936141,0.500608,0.000000,0.000000,0.000000,0.000000,0.000000,0.000000,nan,nan,nan,nan,nan,nan,OFF
1786341318631683855,2026-08-10T12:55:18.631702,prediction,0.000482,0.638000,0.117369,True,-0.005229,0.651880,0.112188,0.005712,0.013880,0.005181,20.38,10,-0.146777,0.936723,0.500726,0.000000,0.000000,0.000000,0.000000,0.000000,0.000000,nan,nan,nan,nan,nan,nan,OFF
1786341318672915178,2026-08-10T12:55:18.672927,prediction,-0.002016,0.638000,0.119872,True,-0.004756,0.651526,0.112660,0.002740,0.013526,0.007212,26.52,10,-0.146777,0.936723,0.500726,0.000000,0.000000,0.000000,0.000000,0.000000,0.000000,nan,nan,nan,nan,nan,nan,OFF
1786341318702174010,2026-08-10T12:55:18.702191,prediction,-0.002429,0.642000,0.119576,True,-0.004285,0.650695,0.113213,0.001856,0.008695,0.006363,20.68,10,-0.147725,0.937938,0.501038,0.000000,0.000000,0.000000,0.000000,0.000000,0.000000,nan,nan,nan,nan,nan,nan,OFF
1786341318732607151,2026-08-10T12:55:18.732620,prediction,-0.001603,0.634000,0.122678,True,-0.003932,0.649582,0.113878,0.002329,0.015582,0.008800,20.14,10,-0.147725,0.937938,0.501038,0.000000,0.000000,0.000000,0.000000,0.000000,0.000000,nan,nan,nan,nan,nan,nan,OFF
1786341318764860032,2026-08-10T12:55:18.764874,prediction,-0.004514,0.638000,0.124878,True,-0.003707,0.648453,0.114707,0.000807,0.010453,0.010171,21.68,10,-0.148043,0.936976,0.501423,0.000000,0.000000,0.000000,0.000000,0.000000,0.000000,nan,nan,nan,nan,nan,nan,OFF
1786341318799698421,2026-08-10T12:55:18.799716,prediction,-0.001603,0.634000,0.125188,True,-0.003490,0.647561,0.115599,0.001888,0.013561,0.009589,20.89,10,-0.148043,0.936976,0.501423,0.000000,0.000000,0.000000,0.000000,0.000000,0.000000,nan,nan,nan,nan,nan,nan,OFF
1786341318830871020,2026-08-10T12:55:18.830885,prediction,-0.002016,0.638000,0.127381,True,-0.003252,0.646635,0.116533,0.001236,0.008635,0.010848,20.44,10,-0.148946,0.938098,0.501907,0.000000,0.000000,0.000000,0.000000,0.000000,0.000000,nan,nan,nan,nan,nan,nan,OFF
1786341318868750016,2026-08-10T12:55:18.868768,prediction,-0.001293,0.631000,0.130449,True,-0.002946,0.645545,0.117701,0.001653,0.014545,0.012748,23.27,10,-0.148946,0.938098,0.501907,0.000000,0.000000,0.000000,0.000000,0.000000,0.000000,nan,nan,nan,nan,nan,nan,OFF
1786341318899279339,2026-08-10T12:55:18.899294,prediction,-0.001293,0.631000,0.130449,True,-0.002658,0.644262,0.118950,0.001365,0.013262,0.011499,23.02,10,-0.149584,0.937042,0.502893,0.000000,0.000000,0.000000,0.000000,0.000000,0.000000,nan,nan,nan,nan,nan,nan,OFF
1786341318932975980,2026-08-10T12:55:18.932991,prediction,-0.001603,0.634000,0.130207,True,-0.002472,0.642987,0.120230,0.000870,0.008987,0.009976,19.88,10,-0.149584,0.937042,0.502893,0.000000,0.000000,0.000000,0.000000,0.000000,0.000000,nan,nan,nan,nan,nan,nan,OFF
1786341318964717915,2026-08-10T12:55:18.964732,prediction,-0.001603,0.634000,0.130207,True,-0.002231,0.641826,0.121529,0.000628,0.007826,0.008678,19.53,10,-0.150162,0.935993,0.504375,0.000000,0.000000,0.000000,0.000000,0.000000,0.000000,nan,nan,nan,nan,nan,nan,OFF
1786341319004827087,2026-08-10T12:55:19.004881,prediction,-0.000466,0.623000,0.131095,True,-0.002007,0.640631,0.122769,0.001541,0.017631,0.008326,19.69,10,-0.150162,0.935993,0.504375,0.000000,0.000000,0.000000,0.000000,0.000000,0.000000,nan,nan,nan,nan,nan,nan,OFF
1786341319039013568,2026-08-10T12:55:19.039074,prediction,-0.002016,0.638000,0.129884,True,-0.001850,0.639403,0.123927,0.000166,0.001403,0.005957,20.59,10,-0.150803,0.935007,0.505713,0.000000,0.000000,0.000000,0.000000,0.000000,0.000000,nan,nan,nan,nan,nan,nan,OFF
1786341319065560739,2026-08-10T12:55:19.065577,prediction,-0.001293,0.631000,0.130449,True,-0.001725,0.638067,0.125037,0.000432,0.007067,0.005412,19.11,10,-0.150803,0.935007,0.505713,0.000000,0.000000,0.000000,0.000000,0.000000,0.000000,nan,nan,nan,nan,nan,nan,OFF
1786341319098210446,2026-08-10T12:55:19.098224,prediction,-0.001293,0.631000,0.130449,True,-0.001619,0.636869,0.126121,0.000327,0.005869,0.004328,20.84,10,-0.151202,0.933477,0.507487,0.000000,0.000000,0.000000,0.000000,0.000000,0.000000,nan,nan,nan,nan,nan,nan,OFF
1786341319138149501,2026-08-10T12:55:19.138169,prediction,-0.001603,0.634000,0.130207,True,-0.001658,0.635789,0.127067,0.000055,0.001789,0.003139,22.51,10,-0.151202,0.933477,0.507487,0.000000,0.000000,0.000000,0.000000,0.000000,0.000000,nan,nan,nan,nan,nan,nan,OFF
1786341319165473380,2026-08-10T12:55:19.165525,prediction,-0.001603,0.634000,0.132716,True,-0.001680,0.635098,0.127943,0.000077,0.001098,0.004774,21.79,10,-0.151743,0.931591,0.509348,0.000000,0.000000,0.000000,0.000000,0.000000,0.000000,nan,nan,nan,nan,nan,nan,OFF
1786341319200024040,2026-08-10T12:55:19.200041,prediction,-0.001293,0.631000,0.130449,True,-0.001665,0.634666,0.128712,0.000373,0.003665,0.001737,20.57,10,-0.151743,0.931591,0.509348,0.000000,0.000000,0.000000,0.000000,0.000000,0.000000,nan,nan,nan,nan,nan,nan,OFF
1786341319232087458,2026-08-10T12:55:19.232107,prediction,-0.002016,0.638000,0.129884,True,-0.001687,0.634369,0.129295,0.000328,0.003631,0.000589,20.56,10,-0.151984,0.929527,0.511298,0.000000,0.000000,0.000000,0.000000,0.000000,0.000000,nan,nan,nan,nan,nan,nan,OFF
1786341319265679355,2026-08-10T12:55:19.265697,prediction,-0.000879,0.627000,0.133293,True,-0.001575,0.634035,0.129827,0.000695,0.007035,0.003466,19.44,10,-0.151984,0.929527,0.511298,0.000000,0.000000,0.000000,0.000000,0.000000,0.000000,nan,nan,nan,nan,nan,nan,OFF
1786341319301816884,2026-08-10T12:55:19.301839,prediction,-0.001603,0.634000,0.130207,True,-0.001528,0.633871,0.130216,0.000074,0.000129,0.000010,20.76,10,-0.152301,0.927416,0.513373,0.000000,0.000000,0.000000,0.000000,0.000000,0.000000,nan,nan,nan,nan,nan,nan,OFF
1786341319335440822,2026-08-10T12:55:19.335459,prediction,-0.001603,0.634000,0.132716,True,-0.001494,0.633701,0.130548,0.000108,0.000299,0.002168,22.01,10,-0.152301,0.927416,0.513373,0.000000,0.000000,0.000000,0.000000,0.000000,0.000000,nan,nan,nan,nan,nan,nan,OFF
1786341319368758211,2026-08-10T12:55:19.368779,prediction,-0.000879,0.627000,0.130772,True,-0.001469,0.633623,0.130673,0.000589,0.006623,0.000099,21.78,10,-0.152533,0.925465,0.515360,0.000000,0.000000,0.000000,0.000000,0.000000,0.000000,nan,nan,nan,nan,nan,nan,OFF
1786341319402298641,2026-08-10T12:55:19.402322,prediction,-0.000879,0.627000,0.130772,True,-0.001444,0.633486,0.130696,0.000564,0.006485,0.000076,22.58,10,-0.152533,0.925465,0.515360,0.000000,0.000000,0.000000,0.000000,0.000000,0.000000,nan,nan,nan,nan,nan,nan,OFF
1786341319434670883,2026-08-10T12:55:19.434683,prediction,-0.001603,0.634000,0.130207,True,-0.001433,0.633293,0.130662,0.000170,0.000707,0.000456,22.92,10,-0.152699,0.923737,0.516991,0.000000,0.000000,0.000000,0.000000,0.000000,0.000000,nan,nan,nan,nan,nan,nan,OFF
1786341319468839901,2026-08-10T12:55:19.468884,prediction,-0.002842,0.646000,0.129238,True,-0.001478,0.633188,0.130574,0.001364,0.012812,0.001336,22.45,10,-0.152699,0.923737,0.516991,0.000000,0.000000,0.000000,0.000000,0.000000,0.000000,nan,nan,nan,nan,nan,nan,OFF
1786341319500258951,2026-08-10T12:55:19.500274,prediction,-0.001603,0.634000,0.130207,True,-0.001547,0.633148,0.130469,0.000055,0.000852,0.000262,19.82,10,-0.152798,0.922334,0.518259,0.000000,0.000000,0.000000,0.000000,0.000000,0.000000,nan,nan,nan,nan,nan,nan,OFF
1786341319531395687,2026-08-10T12:55:19.531415,prediction,-0.002016,0.638000,0.129884,True,-0.001586,0.633259,0.130397,0.000429,0.004741,0.000513,20.83,10,-0.152798,0.922334,0.518259,0.000000,0.000000,0.000000,0.000000,0.000000,0.000000,nan,nan,nan,nan,nan,nan,OFF
1786341319565575265,2026-08-10T12:55:19.565597,prediction,-0.001603,0.634000,0.130207,True,-0.001621,0.633439,0.130340,0.000018,0.000561,0.000133,21.48,10,-0.152769,0.921279,0.519015,0.000000,0.000000,0.000000,0.000000,0.000000,0.000000,nan,nan,nan,nan,nan,nan,OFF
1786341319598064118,2026-08-10T12:55:19.598078,prediction,-0.000879,0.627000,0.130772,True,-0.001624,0.633645,0.130318,0.000745,0.006645,0.000454,20.49,10,-0.152769,0.921279,0.519015,0.000000,0.000000,0.000000,0.000000,0.000000,0.000000,nan,nan,nan,nan,nan,nan,OFF
1786341319630817771,2026-08-10T12:55:19.630833,prediction,-0.001603,0.634000,0.130207,True,-0.001626,0.633860,0.130306,0.000023,0.000140,0.000099,20.15,10,-0.152949,0.921174,0.519654,0.000000,0.000000,0.000000,0.000000,0.000000,0.000000,nan,nan,nan,nan,nan,nan,OFF
1786341319674401836,2026-08-10T12:55:19.674429,prediction,-0.000879,0.627000,0.130772,True,-0.001597,0.633776,0.130229,0.000717,0.006776,0.000543,25.36,10,-0.152949,0.921174,0.519654,0.000000,0.000000,0.000000,0.000000,0.000000,0.000000,nan,nan,nan,nan,nan,nan,OFF
1786341319702483347,2026-08-10T12:55:19.702510,prediction,-0.000879,0.627000,0.130772,True,-0.001561,0.633480,0.130200,0.000681,0.006480,0.000572,24.34,10,-0.152449,0.920124,0.519058,0.000000,0.000000,0.000000,0.000000,0.000000,0.000000,nan,nan,nan,nan,nan,nan,OFF
1786341319733369610,2026-08-10T12:55:19.733387,prediction,-0.002429,0.642000,0.129561,True,-0.001553,0.633072,0.130174,0.000876,0.008928,0.000613,19.12,10,-0.152449,0.920124,0.519058,0.000000,0.000000,0.000000,0.000000,0.000000,0.000000,nan,nan,nan,nan,nan,nan,OFF
1786341319770803430,2026-08-10T12:55:19.770822,prediction,-0.001293,0.631000,0.130449,True,-0.001565,0.632818,0.130058,0.000272,0.001818,0.000391,20.52,10,-0.152854,0.920643,0.519751,0.000000,0.000000,0.000000,0.000000,0.000000,0.000000,nan,nan,nan,nan,nan,nan,OFF
1786341319801097152,2026-08-10T12:55:19.801117,prediction,-0.000053,0.619000,0.131418,True,-0.001513,0.632597,0.130042,0.001460,0.013597,0.001376,19.67,10,-0.152854,0.920643,0.519751,0.000000,0.000000,0.000000,0.000000,0.000000,0.000000,nan,nan,nan,nan,nan,nan,OFF
1786341319832655416,2026-08-10T12:55:19.832672,prediction,-0.002016,0.638000,0.129884,True,-0.001504,0.632388,0.129933,0.000512,0.005612,0.000049,19.13,10,-0.152689,0.920002,0.519199,0.000000,0.000000,0.000000,0.000000,0.000000,0.000000,nan,nan,nan,nan,nan,nan,OFF
1786341319869628444,2026-08-10T12:55:19.869650,prediction,-0.000879,0.627000,0.130772,True,-0.001498,0.632065,0.129877,0.000618,0.005065,0.000895,20.34,10,-0.152689,0.920002,0.519199,0.000000,0.000000,0.000000,0.000000,0.000000,0.000000,nan,nan,nan,nan,nan,nan,OFF
1786341319898055028,2026-08-10T12:55:19.898077,prediction,-0.000879,0.627000,0.130772,True,-0.001496,0.631870,0.129852,0.000617,0.004870,0.000920,20.50,10,-0.153039,0.920914,0.520134,0.000000,0.000000,0.000000,0.000000,0.000000,0.000000,nan,nan,nan,nan,nan,nan,OFF
1786341319938814904,2026-08-10T12:55:19.938832,prediction,-0.004107,0.634000,0.130207,True,-0.001589,0.631782,0.129845,0.002518,0.002218,0.000362,23.07,10,-0.153039,0.920914,0.520134,0.000000,0.000000,0.000000,0.000000,0.000000,0.000000,nan,nan,nan,nan,nan,nan,OFF
1786341319969510237,2026-08-10T12:55:19.969534,prediction,-0.004107,0.634000,0.130207,True,-0.001682,0.631753,0.129882,0.002425,0.002247,0.000325,21.03,10,-0.152860,0.920230,0.519562,0.000000,0.000000,0.000000,0.000000,0.000000,0.000000,nan,nan,nan,nan,nan,nan,OFF
1786341320000341896,2026-08-10T12:55:20.000365,prediction,-0.004921,0.642000,0.129561,True,-0.001851,0.631755,0.129882,0.003069,0.010245,0.000322,21.20,10,-0.152860,0.920230,0.519562,0.000000,0.000000,0.000000,0.000000,0.000000,0.000000,nan,nan,nan,nan,nan,nan,OFF
1786341320032711528,2026-08-10T12:55:20.032735,prediction,-0.004921,0.642000,0.129561,True,-0.002044,0.631889,0.129874,0.002876,0.010111,0.000314,20.49,10,-0.152556,0.919239,0.518844,0.000000,0.000000,0.000000,0.000000,0.000000,0.000000,nan,nan,nan,nan,nan,nan,OFF
1786341320072337024,2026-08-10T12:55:20.072353,prediction,-0.007012,0.638000,0.129884,True,-0.002343,0.632232,0.129862,0.004669,0.005768,0.000021,22.76,10,-0.152556,0.919239,0.518844,0.000000,0.000000,0.000000,0.000000,0.000000,0.000000,nan,nan,nan,nan,nan,nan,OFF
1786341320103464188,2026-08-10T12:55:20.103481,prediction,-0.006612,0.634000,0.130207,True,-0.002702,0.632585,0.129837,0.003910,0.001415,0.000370,21.52,10,-0.152729,0.919931,0.519476,0.000000,0.000000,0.000000,0.000000,0.000000,0.000000,nan,nan,nan,nan,nan,nan,OFF
1786341320135134668,2026-08-10T12:55:20.135147,prediction,-0.012008,0.638000,0.129884,True,-0.003258,0.632926,0.129813,0.008750,0.005074,0.000071,20.35,10,-0.152729,0.919931,0.519476,0.000000,0.000000,0.000000,0.000000,0.000000,0.000000,nan,nan,nan,nan,nan,nan,OFF
1786341320172639797,2026-08-10T12:55:20.172654,prediction,-0.019502,0.638000,0.127381,True,-0.004217,0.633475,0.129678,0.015285,0.004525,0.002297,22.73,10,-0.152107,0.918996,0.518770,0.000000,0.000000,0.000000,0.000000,0.000000,0.000000,nan,nan,nan,nan,nan,nan,OFF
1786341320202434402,2026-08-10T12:55:20.202455,prediction,-0.021370,0.631000,0.130449,True,-0.005439,0.634164,0.129596,0.015931,0.003164,0.000853,20.87,10,-0.152107,0.918996,0.518770,0.000000,0.000000,0.000000,0.000000,0.000000,0.000000,nan,nan,nan,nan,nan,nan,OFF
1786341320232933609,2026-08-10T12:55:20.232946,prediction,-0.024852,0.642000,0.129561,True,-0.006858,0.634926,0.129557,0.017995,0.007074,0.000004,21.68,10,-0.151905,0.919803,0.519354,0.000000,0.000000,0.000000,0.000000,0.000000,0.000000,nan,nan,nan,nan,nan,nan,OFF
1786341320267363124,2026-08-10T12:55:20.267379,prediction,-0.028898,0.631000,0.130449,True,-0.008554,0.635398,0.129540,0.020344,0.004398,0.000909,20.54,10,-0.151905,0.919803,0.519354,0.000000,0.000000,0.000000,0.000000,0.000000,0.000000,nan,nan,nan,nan,nan,nan,OFF
1786341320305359251,2026-08-10T12:55:20.305379,prediction,-0.027876,0.619000,0.131418,True,-0.010390,0.635652,0.129535,0.017486,0.016652,0.001883,23.19,10,-0.150318,0.919423,0.518660,0.000000,0.000000,0.000000,0.000000,0.000000,0.000000,nan,nan,nan,nan,nan,nan,OFF
1786341320331704356,2026-08-10T12:55:20.331719,prediction,-0.030071,0.615000,0.131741,True,-0.012290,0.635422,0.129604,0.017781,0.020422,0.002137,19.51,10,-0.150318,0.919423,0.518660,0.000000,0.000000,0.000000,0.000000,0.000000,0.000000,nan,nan,nan,nan,nan,nan,OFF
1786341320366912873,2026-08-10T12:55:20.366931,prediction,-0.037994,0.619000,0.128884,True,-0.014549,0.635011,0.129575,0.023445,0.016011,0.000692,22.00,10,-0.149364,0.920651,0.519394,0.000000,0.000000,0.000000,0.000000,0.000000,0.000000,nan,nan,nan,nan,nan,nan,OFF
1786341320400922305,2026-08-10T12:55:20.400940,prediction,-0.040215,0.615000,0.129200,True,-0.017055,0.634409,0.129504,0.023160,0.019409,0.000303,21.89,10,-0.149364,0.920651,0.519394,0.000000,0.000000,0.000000,0.000000,0.000000,0.000000,nan,nan,nan,nan,nan,nan,OFF
1786341320435037096,2026-08-10T12:55:20.435055,prediction,-0.041923,0.604000,0.130070,True,-0.019617,0.633690,0.129462,0.022306,0.029690,0.000608,23.68,10,-0.147273,0.920461,0.518896,0.000000,0.000000,0.000000,0.000000,0.000000,0.000000,nan,nan,nan,nan,nan,nan,OFF
1786341320470106380,2026-08-10T12:55:20.470124,prediction,-0.047320,0.608000,0.127201,True,-0.022389,0.632508,0.129330,0.024931,0.024508,0.002128,21.44,10,-0.147273,0.920461,0.518896,0.000000,0.000000,0.000000,0.000000,0.000000,0.000000,nan,nan,nan,nan,nan,nan,OFF
1786341320496440595,2026-08-10T12:55:20.496458,prediction,-0.049867,0.608000,0.127201,True,-0.025322,0.631020,0.129171,0.024545,0.023020,0.001970,19.77,10,-0.144419,0.920824,0.518913,0.000000,0.000000,0.000000,0.000000,0.000000,0.000000,nan,nan,nan,nan,nan,nan,OFF
1786341320530038598,2026-08-10T12:55:20.530056,prediction,-0.054962,0.608000,0.127201,True,-0.028512,0.629144,0.129001,0.026450,0.021144,0.001800,17.57,10,-0.144419,0.920824,0.518913,0.000000,0.000000,0.000000,0.000000,0.000000,0.000000,nan,nan,nan,nan,nan,nan,OFF
1786341320566384646,2026-08-10T12:55:20.566404,prediction,-0.057510,0.608000,0.124649,True,-0.031842,0.627038,0.128721,0.025667,0.019038,0.004072,19.89,10,-0.141236,0.920698,0.518757,0.000000,0.000000,0.000000,0.000000,0.000000,0.000000,nan,nan,nan,nan,nan,nan,OFF
1786341320600689677,2026-08-10T12:55:20.600727,prediction,-0.060249,0.611000,0.124421,True,-0.035353,0.624945,0.128365,0.024895,0.013945,0.003944,18.57,10,-0.141236,0.920698,0.518757,0.000000,0.000000,0.000000,0.000000,0.000000,0.000000,nan,nan,nan,nan,nan,nan,OFF
1786341320631539997,2026-08-10T12:55:20.631562,prediction,-0.064669,0.600000,0.125255,True,-0.038910,0.622891,0.128016,0.025759,0.022891,0.002761,19.49,10,-0.137488,0.920209,0.518607,0.000000,0.000000,0.000000,0.000000,0.000000,0.000000,nan,nan,nan,nan,nan,nan,OFF
1786341320667987156,2026-08-10T12:55:20.668006,prediction,-0.068876,0.584000,0.126468,True,-0.042355,0.620623,0.127812,0.026521,0.036623,0.001344,20.99,10,-0.137488,0.920209,0.518607,0.000000,0.000000,0.000000,0.000000,0.000000,0.000000,nan,nan,nan,nan,nan,nan,OFF
1786341320703556095,2026-08-10T12:55:20.703573,prediction,-0.076428,0.580000,0.126771,True,-0.045946,0.617744,0.127586,0.030483,0.037744,0.000815,21.82,10,-0.133094,0.919183,0.518384,0.000000,0.000000,0.000000,0.000000,0.000000,0.000000,nan,nan,nan,nan,nan,nan,OFF
1786341320734223820,2026-08-10T12:55:20.734273,prediction,-0.079022,0.580000,0.126771,True,-0.049571,0.614340,0.127380,0.029451,0.034340,0.000609,18.33,10,-0.133094,0.919183,0.518384,0.000000,0.000000,0.000000,0.000000,0.000000,0.000000,nan,nan,nan,nan,nan,nan,OFF
1786341320769032582,2026-08-10T12:55:20.769049,prediction,-0.086803,0.580000,0.126771,True,-0.053352,0.610860,0.127157,0.033451,0.030860,0.000386,20.74,10,-0.128203,0.917555,0.518138,0.000000,0.000000,0.000000,0.000000,0.000000,0.000000,nan,nan,nan,nan,nan,nan,OFF
1786341320799428854,2026-08-10T12:55:20.799446,prediction,-0.094422,0.576000,0.127074,True,-0.057532,0.607407,0.126899,0.036889,0.031407,0.000175,20.54,10,-0.128203,0.917555,0.518138,0.000000,0.000000,0.000000,0.000000,0.000000,0.000000,nan,nan,nan,nan,nan,nan,OFF
1786341320844525492,2026-08-10T12:55:20.844541,prediction,-0.104414,0.564000,0.125359,True,-0.062207,0.604240,0.126549,0.042207,0.040240,0.001190,24.69,10,-0.123022,0.915195,0.517857,0.000000,0.000000,0.000000,0.000000,0.000000,0.000000,nan,nan,nan,nan,nan,nan,OFF
1786341320879295661,2026-08-10T12:55:20.879313,prediction,-0.106872,0.559000,0.128363,True,-0.066922,0.600906,0.126364,0.039950,0.041906,0.001998,24.25,10,-0.123022,0.915195,0.517857,0.000000,0.000000,0.000000,0.000000,0.000000,0.000000,nan,nan,nan,nan,nan,nan,OFF
1786341320908862586,2026-08-10T12:55:20.908908,prediction,-0.114757,0.559000,0.125729,True,-0.071870,0.597409,0.126160,0.042887,0.038409,0.000431,22.68,10,-0.117188,0.912036,0.517508,0.000000,0.000000,0.000000,0.000000,0.000000,0.000000,nan,nan,nan,nan,nan,nan,OFF
1786341320938222820,2026-08-10T12:55:20.938244,prediction,-0.111779,0.547000,0.126619,True,-0.076762,0.593810,0.125946,0.035017,0.046810,0.000673,21.40,10,-0.117188,0.912036,0.517508,0.000000,0.000000,0.000000,0.000000,0.000000,0.000000,nan,nan,nan,nan,nan,nan,OFF
1786341320971351306,2026-08-10T12:55:20.971369,prediction,-0.117179,0.551000,0.128969,True,-0.081620,0.590125,0.125916,0.035559,0.039125,0.003053,22.34,10,-0.111020,0.908330,0.517132,0.000000,0.000000,0.000000,0.000000,0.000000,0.000000,nan,nan,nan,nan,nan,nan,OFF
1786341321003959518,2026-08-10T12:55:21.003975,prediction,-0.119917,0.555000,0.128666,True,-0.086462,0.586393,0.125974,0.033455,0.031393,0.002691,22.55,10,-0.111020,0.908330,0.517132,0.000000,0.000000,0.000000,0.000000,0.000000,0.000000,nan,nan,nan,nan,nan,nan,OFF
1786341321032112376,2026-08-10T12:55:21.032134,prediction,-0.122169,0.538000,0.129954,True,-0.091180,0.582627,0.126123,0.030990,0.044627,0.003831,21.13,10,-0.104444,0.904063,0.516758,0.000000,0.000000,0.000000,0.000000,0.000000,0.000000,nan,nan,nan,nan,nan,nan,OFF
1786341321065863224,2026-08-10T12:55:21.065883,prediction,-0.127495,0.538000,0.129954,True,-0.095924,0.578461,0.126406,0.031572,0.040461,0.003549,20.21,10,-0.104444,0.904063,0.516758,0.000000,0.000000,0.000000,0.000000,0.000000,0.000000,nan,nan,nan,nan,nan,nan,OFF
1786341321099895233,2026-08-10T12:55:21.099915,prediction,-0.127418,0.534000,0.130258,True,-0.100564,0.574013,0.126771,0.026854,0.040013,0.003487,20.96,10,-0.097194,0.899085,0.516416,0.000000,0.000000,0.000000,0.000000,0.000000,0.000000,nan,nan,nan,nan,nan,nan,OFF
1786341321130850497,2026-08-10T12:55:21.130868,prediction,-0.129947,0.526000,0.130864,True,-0.105075,0.569294,0.127162,0.024872,0.043294,0.003702,19.25,10,-0.097194,0.899085,0.516416,0.000000,0.000000,0.000000,0.000000,0.000000,0.000000,nan,nan,nan,nan,nan,nan,OFF
1786341321168008133,2026-08-10T12:55:21.168027,prediction,-0.130018,0.530000,0.130561,True,-0.109362,0.564538,0.127502,0.020655,0.034538,0.003059,22.07,10,-0.089880,0.893802,0.516191,0.000000,0.000000,0.000000,0.000000,0.000000,0.000000,nan,nan,nan,nan,nan,nan,OFF
1786341321203754061,2026-08-10T12:55:21.203768,prediction,-0.129859,0.521000,0.131243,True,-0.113246,0.560135,0.127823,0.016613,0.039135,0.003420,23.06,10,-0.089880,0.893802,0.516191,0.000000,0.000000,0.000000,0.000000,0.000000,0.000000,nan,nan,nan,nan,nan,nan,OFF
1786341321234866181,2026-08-10T12:55:21.234884,prediction,-0.132630,0.526000,0.130864,True,-0.116929,0.556111,0.128112,0.015701,0.030111,0.002752,21.32,10,-0.082113,0.887844,0.516075,0.000000,0.000000,0.000000,0.000000,0.000000,0.000000,nan,nan,nan,nan,nan,nan,OFF
1786341321265467386,2026-08-10T12:55:21.265483,prediction,-0.132757,0.534000,0.130258,True,-0.120220,0.552309,0.128357,0.012538,0.018309,0.001901,19.91,10,-0.082113,0.887844,0.516075,0.000000,0.000000,0.000000,0.000000,0.000000,0.000000,nan,nan,nan,nan,nan,nan,OFF
1786341321298074272,2026-08-10T12:55:21.298092,prediction,-0.132550,0.521000,0.131243,True,-0.123020,0.548613,0.128602,0.009530,0.027613,0.002641,19.32,10,-0.074361,0.881548,0.516072,0.000000,0.000000,0.000000,0.000000,0.000000,0.000000,nan,nan,nan,nan,nan,nan,OFF
1786341321332806534,2026-08-10T12:55:21.332823,prediction,-0.132487,0.517000,0.131546,True,-0.125205,0.544923,0.128923,0.007282,0.027923,0.002624,18.09,10,-0.074361,0.881548,0.516072,0.000000,0.000000,0.000000,0.000000,0.000000,0.000000,nan,nan,nan,nan,nan,nan,OFF
1786341321372959041,2026-08-10T12:55:21.373019,prediction,-0.132550,0.521000,0.131243,True,-0.127003,0.541579,0.129165,0.005548,0.020579,0.002078,21.13,10,-0.066723,0.875001,0.516180,0.000000,0.000000,0.000000,0.000000,0.000000,0.000000,nan,nan,nan,nan,nan,nan,OFF
1786341321400020466,2026-08-10T12:55:21.400037,prediction,-0.132487,0.517000,0.131546,True,-0.128331,0.538495,0.129475,0.004155,0.021495,0.002072,19.52,10,-0.066723,0.875001,0.516180,0.000000,0.000000,0.000000,0.000000,0.000000,0.000000,nan,nan,nan,nan,nan,nan,OFF
1786341321436496393,2026-08-10T12:55:21.436517,prediction,-0.135370,0.530000,0.130561,True,-0.129645,0.535682,0.129748,0.005725,0.005682,0.000813,20.37,10,-0.059486,0.868327,0.516395,0.000000,0.000000,0.000000,0.000000,0.000000,0.000000,nan,nan,nan,nan,nan,nan,OFF
1786341321466690830,2026-08-10T12:55:21.466707,prediction,-0.135184,0.517000,0.131546,True,-0.130768,0.533138,0.129955,0.004417,0.016137,0.001591,18.38,10,-0.059486,0.868327,0.516395,0.000000,0.000000,0.000000,0.000000,0.000000,0.000000,nan,nan,nan,nan,nan,nan,OFF
1786341321505519804,2026-08-10T12:55:21.505533,prediction,-0.135184,0.517000,0.131546,True,-0.131709,0.530746,0.130138,0.003475,0.013746,0.001408,21.34,10,-0.052400,0.861205,0.516727,0.000000,0.000000,0.000000,0.000000,0.000000,0.000000,nan,nan,nan,nan,nan,nan,OFF
1786341321538252828,2026-08-10T12:55:21.538277,prediction,-0.132630,0.526000,0.130864,True,-0.132406,0.528425,0.130241,0.000224,0.002425,0.000623,21.18,10,-0.052400,0.861205,0.516727,0.000000,0.000000,0.000000,0.000000,0.000000,0.000000,nan,nan,nan,nan,nan,nan,OFF
1786341321567950455,2026-08-10T12:55:21.567968,prediction,-0.132550,0.521000,0.131243,True,-0.132822,0.526627,0.130323,0.000272,0.005627,0.000920,20.41,10,-0.045700,0.853793,0.517151,0.000000,0.000000,0.000000,0.000000,0.000000,0.000000,nan,nan,nan,nan,nan,nan,OFF
1786341321599678891,2026-08-10T12:55:21.599694,prediction,-0.132694,0.530000,0.127879,True,-0.133130,0.525337,0.130264,0.000436,0.004663,0.002385,20.34,10,-0.045700,0.853793,0.517151,0.000000,0.000000,0.000000,0.000000,0.000000,0.000000,nan,nan,nan,nan,nan,nan,OFF
1786341321635251832,2026-08-10T12:55:21.635273,prediction,-0.132694,0.530000,0.127879,True,-0.133314,0.524571,0.130115,0.000620,0.005429,0.002236,20.92,10,-0.039449,0.846056,0.517628,0.000000,0.000000,0.000000,0.000000,0.000000,0.000000,nan,nan,nan,nan,nan,nan,OFF
1786341321668829071,2026-08-10T12:55:21.668852,prediction,-0.132550,0.521000,0.128547,True,-0.133439,0.524227,0.129956,0.000888,0.003227,0.001410,21.52,10,-0.039449,0.846056,0.517628,0.000000,0.000000,0.000000,0.000000,0.000000,0.000000,nan,nan,nan,nan,nan,nan,OFF
1786341321701558098,2026-08-10T12:55:21.701579,prediction,-0.132423,0.513000,0.129140,True,-0.133537,0.523967,0.129791,0.001114,0.010967,0.000652,22.56,10,-0.033696,0.838005,0.518111,0.000000,0.000000,0.000000,0.000000,0.000000,0.000000,nan,nan,nan,nan,nan,nan,OFF
1786341321739279510,2026-08-10T12:55:21.739299,prediction,-0.132757,0.534000,0.127583,True,-0.133541,0.523705,0.129588,0.000784,0.010295,0.002005,21.58,10,-0.033696,0.838005,0.518111,0.000000,0.000000,0.000000,0.000000,0.000000,0.000000,nan,nan,nan,nan,nan,nan,OFF
1786341321769950817,2026-08-10T12:55:21.769969,prediction,-0.132630,0.526000,0.128176,True,-0.133505,0.523572,0.129410,0.000875,0.002428,0.001234,21.04,10,-0.029032,0.830567,0.518514,0.000000,0.000000,0.000000,0.000000,0.000000,0.000000,nan,nan,nan,nan,nan,nan,OFF
1786341321802674353,2026-08-10T12:55:21.802690,prediction,-0.132757,0.534000,0.127583,True,-0.133478,0.523758,0.129195,0.000721,0.010242,0.001612,21.25,10,-0.029032,0.830567,0.518514,0.000000,0.000000,0.000000,0.000000,0.000000,0.000000,nan,nan,nan,nan,nan,nan,OFF
1786341321833556449,2026-08-10T12:55:21.833573,prediction,-0.132550,0.521000,0.128547,True,-0.133458,0.524061,0.128985,0.000907,0.003061,0.000439,19.40,10,-0.025478,0.823931,0.518805,0.000000,0.000000,0.000000,0.000000,0.000000,0.000000,nan,nan,nan,nan,nan,nan,OFF
1786341321865452521,2026-08-10T12:55:21.865470,prediction,-0.132694,0.530000,0.127879,True,-0.133451,0.524523,0.128768,0.000758,0.005478,0.000889,20.83,10,-0.025478,0.823931,0.518805,0.000000,0.000000,0.000000,0.000000,0.000000,0.000000,nan,nan,nan,nan,nan,nan,OFF
1786341321903226782,2026-08-10T12:55:21.903248,prediction,-0.132630,0.526000,0.128176,True,-0.133454,0.525077,0.128548,0.000824,0.000923,0.000372,21.26,10,-0.022909,0.818160,0.518941,0.000000,0.000000,0.000000,0.000000,0.000000,0.000000,nan,nan,nan,nan,nan,nan,OFF
1786341321931255024,2026-08-10T12:55:21.931274,prediction,-0.132630,0.526000,0.128176,True,-0.133359,0.525553,0.128363,0.000729,0.000447,0.000187,18.46,10,-0.022909,0.818160,0.518941,0.000000,0.000000,0.000000,0.000000,0.000000,0.000000,nan,nan,nan,nan,nan,nan,OFF
1786341321967654999,2026-08-10T12:55:21.967679,prediction,-0.132550,0.521000,0.128547,True,-0.133222,0.526079,0.128176,0.000672,0.005079,0.000371,21.27,10,-0.021380,0.813915,0.518842,0.000000,0.000000,0.000000,0.000000,0.000000,0.000000,nan,nan,nan,nan,nan,nan,OFF
1786341321997336165,2026-08-10T12:55:21.997351,prediction,-0.129947,0.526000,0.128176,True,-0.132977,0.526644,0.127976,0.003029,0.000644,0.000200,19.05,10,-0.021380,0.813915,0.518842,0.000000,0.000000,0.000000,0.000000,0.000000,0.000000,nan,nan,nan,nan,nan,nan,OFF
1786341322032633971,2026-08-10T12:55:22.032649,prediction,-0.129947,0.526000,0.128176,True,-0.132767,0.527232,0.127792,0.002820,0.001232,0.000384,21.18,10,-0.020867,0.811493,0.518374,0.000000,0.000000,0.000000,0.000000,0.000000,0.000000,nan,nan,nan,nan,nan,nan,OFF
1786341322066717853,2026-08-10T12:55:22.066735,prediction,-0.129947,0.526000,0.128176,True,-0.132576,0.527713,0.127603,0.002629,0.001713,0.000573,21.72,10,-0.020867,0.811493,0.518374,0.000000,0.000000,0.000000,0.000000,0.000000,0.000000,nan,nan,nan,nan,nan,nan,OFF
1786341322101670106,2026-08-10T12:55:22.101691,prediction,-0.129859,0.521000,0.128547,True,-0.132380,0.527967,0.127541,0.002521,0.006967,0.001006,18.32,10,-0.021082,0.812091,0.518232,0.000000,0.000000,0.000000,0.000000,0.000000,0.000000,nan,nan,nan,nan,nan,nan,OFF
1786341322132982651,2026-08-10T12:55:22.133005,prediction,-0.129947,0.526000,0.128176,True,-0.132184,0.527957,0.127533,0.002236,0.001957,0.000643,18.46,10,-0.021082,0.812091,0.518232,0.000000,0.000000,0.000000,0.000000,0.000000,0.000000,nan,nan,nan,nan,nan,nan,OFF
1786341322166718425,2026-08-10T12:55:22.166734,prediction,-0.130018,0.530000,0.127879,True,-0.131997,0.527789,0.127519,0.001979,0.002211,0.000361,19.44,10,-0.021485,0.812665,0.517095,0.000000,0.000000,0.000000,0.000000,0.000000,0.000000,nan,nan,nan,nan,nan,nan,OFF
1786341322202897686,2026-08-10T12:55:22.202918,prediction,-0.130018,0.530000,0.127879,True,-0.131835,0.527924,0.127480,0.001817,0.002076,0.000400,19.80,10,-0.021485,0.812665,0.517095,0.000000,0.000000,0.000000,0.000000,0.000000,0.000000,nan,nan,nan,nan,nan,nan,OFF
1786341322236255065,2026-08-10T12:55:22.236287,prediction,-0.130088,0.534000,0.127583,True,-0.131680,0.528293,0.127471,0.001592,0.005708,0.000112,19.22,10,-0.021386,0.812902,0.518063,0.000000,0.000000,0.000000,0.000000,0.000000,0.000000,nan,nan,nan,nan,nan,nan,OFF
1786341322276534936,2026-08-10T12:55:22.276666,prediction,-0.130158,0.538000,0.127286,True,-0.131535,0.528766,0.127444,0.001377,0.009234,0.000158,24.76,10,-0.021386,0.812902,0.518063,0.000000,0.000000,0.000000,0.000000,0.000000,0.000000,nan,nan,nan,nan,nan,nan,OFF
1786341322472695952,2026-08-10T12:55:22.472713,prediction,-0.130018,0.530000,0.127879,True,-0.131376,0.529051,0.127447,0.001359,0.000949,0.000432,21.76,10,-0.022002,0.813920,0.516812,0.000000,0.000000,0.000000,0.000000,0.000000,0.000000,nan,nan,nan,nan,nan,nan,OFF
1786341322501515926,2026-08-10T12:55:22.501532,prediction,-0.130246,0.543000,0.126916,True,-0.131234,0.529544,0.127398,0.000987,0.013456,0.000482,22.35,10,-0.021617,0.813301,0.517579,0.000000,0.000000,0.000000,0.000000,0.000000,0.000000,nan,nan,nan,nan,nan,nan,OFF
1786341322532733271,2026-08-10T12:55:22.532750,prediction,-0.130088,0.534000,0.124908,True,-0.131083,0.529968,0.127270,0.000995,0.004032,0.002362,24.72,10,-0.021617,0.813301,0.517579,0.000000,0.000000,0.000000,0.000000,0.000000,0.000000,nan,nan,nan,nan,nan,nan,OFF
1786341322562588652,2026-08-10T12:55:22.562614,prediction,-0.127495,0.538000,0.124618,True,-0.130843,0.530551,0.127082,0.003348,0.007449,0.002464,23.07,10,-0.022097,0.814325,0.517095,0.000000,0.000000,0.000000,0.000000,0.000000,0.000000,nan,nan,nan,nan,nan,nan,OFF
1786341322596449943,2026-08-10T12:55:22.596472,prediction,-0.127341,0.530000,0.125198,True,-0.130550,0.531135,0.126884,0.003209,0.001135,0.001686,25.84,10,-0.022097,0.814325,0.517095,0.000000,0.000000,0.000000,0.000000,0.000000,0.000000,nan,nan,nan,nan,nan,nan,OFF
1786341322625846877,2026-08-10T12:55:22.625886,prediction,-0.127495,0.538000,0.124618,True,-0.130241,0.531818,0.126650,0.002746,0.006182,0.002031,23.77,10,-0.022960,0.815940,0.516364,0.000000,0.000000,0.000000,0.000000,0.000000,0.000000,nan,nan,nan,nan,nan,nan,OFF
1786341322656838415,2026-08-10T12:55:22.656894,prediction,-0.127418,0.534000,0.124908,True,-0.130011,0.532453,0.126418,0.002593,0.001547,0.001509,21.59,10,-0.022960,0.815940,0.516364,0.000000,0.000000,0.000000,0.000000,0.000000,0.000000,nan,nan,nan,nan,nan,nan,OFF
1786341322684631719,2026-08-10T12:55:22.684690,prediction,-0.130088,0.534000,0.124908,True,-0.129914,0.533046,0.126187,0.000174,0.000954,0.001279,20.25,10,-0.022960,0.815940,0.516364,0.000000,0.000000,0.000000,0.000000,0.000000,0.000000,nan,nan,nan,nan,nan,nan,OFF
1786341322715969602,2026-08-10T12:55:22.716001,prediction,-0.130088,0.534000,0.124908,True,-0.129884,0.533613,0.125961,0.000204,0.000387,0.001052,21.04,10,-0.023388,0.816898,0.516745,0.000000,0.000000,0.000000,0.000000,0.000000,0.000000,nan,nan,nan,nan,nan,nan,OFF
1786341322749306311,2026-08-10T12:55:22.749356,prediction,-0.130088,0.534000,0.122234,True,-0.129892,0.534166,0.125629,0.000196,0.000166,0.003396,22.34,10,-0.023388,0.816898,0.516745,0.000000,0.000000,0.000000,0.000000,0.000000,0.000000,nan,nan,nan,nan,nan,nan,OFF
1786341322779883807,2026-08-10T12:55:22.779902,prediction,-0.132694,0.530000,0.122517,True,-0.130010,0.534716,0.125265,0.002684,0.004716,0.002748,23.37,10,-0.023456,0.817067,0.515227,0.000000,0.000000,0.000000,0.000000,0.000000,0.000000,nan,nan,nan,nan,nan,nan,OFF
1786341322804496229,2026-08-10T12:55:22.804534,prediction,-0.132487,0.517000,0.123438,True,-0.130170,0.535146,0.124928,0.002316,0.018145,0.001490,19.35,10,-0.023456,0.817067,0.515227,0.000000,0.000000,0.000000,0.000000,0.000000,0.000000,nan,nan,nan,nan,nan,nan,OFF
1786341322836471877,2026-08-10T12:55:22.836489,prediction,-0.132901,0.543000,0.118936,True,-0.130363,0.535377,0.124447,0.002538,0.007623,0.005511,19.55,10,-0.023789,0.818159,0.515680,0.000000,0.000000,0.000000,0.000000,0.000000,0.000000,nan,nan,nan,nan,nan,nan,OFF
1786341322868682098,2026-08-10T12:55:22.868714,prediction,-0.132630,0.526000,0.120112,True,-0.130552,0.535363,0.123942,0.002078,0.009363,0.003830,19.10,10,-0.023789,0.818159,0.515680,0.000000,0.000000,0.000000,0.000000,0.000000,0.000000,nan,nan,nan,nan,nan,nan,OFF
1786341322900202215,2026-08-10T12:55:22.900218,prediction,-0.132487,0.517000,0.118032,True,-0.130724,0.535083,0.123364,0.001763,0.018083,0.005332,21.25,10,-0.023952,0.819755,0.515109,0.000000,0.000000,0.000000,0.000000,0.000000,0.000000,nan,nan,nan,nan,nan,nan,OFF
1786341322935521952,2026-08-10T12:55:22.935539,prediction,-0.134927,0.499000,0.116515,True,-0.130969,0.534388,0.122673,0.003958,0.035388,0.006157,19.15,10,-0.023952,0.819755,0.515109,0.000000,0.000000,0.000000,0.000000,0.000000,0.000000,nan,nan,nan,nan,nan,nan,OFF
1786341322965865726,2026-08-10T12:55:22.965885,prediction,-0.134413,0.463000,0.118887,True,-0.131202,0.532786,0.122039,0.003212,0.069786,0.003152,19.20,10,-0.023871,0.819442,0.514090,0.000000,0.000000,0.000000,0.000000,0.000000,0.000000,nan,nan,nan,nan,nan,nan,OFF
1786341323000122565,2026-08-10T12:55:23.000141,prediction,-0.134142,0.444000,0.117315,True,-0.131391,0.529662,0.121452,0.002751,0.085662,0.004137,18.87,10,-0.023871,0.819442,0.514090,0.000000,0.000000,0.000000,0.000000,0.000000,0.000000,nan,nan,nan,nan,nan,nan,OFF
1786341323044080800,2026-08-10T12:55:23.044098,prediction,-0.134870,0.495000,0.105822,True,-0.131663,0.525469,0.120494,0.003207,0.030469,0.014671,25.98,10,-0.023947,0.821095,0.514035,0.000000,0.000000,0.000000,0.000000,0.000000,0.000000,nan,nan,nan,nan,nan,nan,OFF
1786341323071728565,2026-08-10T12:55:23.071748,prediction,-0.134542,0.472000,0.107186,True,-0.131977,0.521088,0.119367,0.002565,0.049088,0.012182,22.28,10,-0.023947,0.821095,0.514035,0.000000,0.000000,0.000000,0.000000,0.000000,0.000000,nan,nan,nan,nan,nan,nan,OFF
1786341323111714855,2026-08-10T12:55:23.111731,prediction,-0.135127,0.513000,0.099337,True,-0.132346,0.517275,0.117906,0.002782,0.004275,0.018569,29.37,10,-0.023784,0.820696,0.513097,0.000000,0.000000,0.000000,0.000000,0.000000,0.000000,nan,nan,nan,nan,nan,nan,OFF
1786341323147625194,2026-08-10T12:55:23.147643,prediction,-0.135184,0.517000,0.093707,True,-0.132771,0.514549,0.116066,0.002413,0.002451,0.022359,26.87,10,-0.023784,0.820696,0.513097,0.000000,0.000000,0.000000,0.000000,0.000000,0.000000,nan,nan,nan,nan,nan,nan,OFF
1786341323175295250,2026-08-10T12:55:23.175314,prediction,-0.134613,0.477000,0.090276,True,-0.133111,0.512533,0.113916,0.001502,0.035533,0.023640,23.38,10,-0.023370,0.818239,0.511617,0.000000,0.000000,0.000000,0.000000,0.000000,0.000000,nan,nan,nan,nan,nan,nan,OFF
1786341323204213906,2026-08-10T12:55:23.204236,prediction,-0.134870,0.495000,0.078431,True,-0.133382,0.510373,0.111186,0.001488,0.015373,0.032755,22.35,10,-0.023370,0.818239,0.511617,0.000000,0.000000,0.000000,0.000000,0.000000,0.000000,nan,nan,nan,nan,nan,nan,OFF
1786341323239300849,2026-08-10T12:55:23.239320,prediction,-0.134670,0.481000,0.076267,True,-0.133575,0.507613,0.108177,0.001096,0.026613,0.031909,21.63,10,-0.022883,0.815508,0.509662,0.000000,0.000000,0.000000,0.000000,0.000000,0.000000,nan,nan,nan,nan,nan,nan,OFF
1786341323272637373,2026-08-10T12:55:23.272655,prediction,-0.134213,0.449000,0.071952,True,-0.133602,0.504432,0.104876,0.000611,0.055432,0.032924,22.16,10,-0.022883,0.815508,0.509662,0.000000,0.000000,0.000000,0.000000,0.000000,0.000000,nan,nan,nan,nan,nan,nan,OFF
1786341323305552581,2026-08-10T12:55:23.305577,prediction,-0.132057,0.490000,0.064908,True,-0.133472,0.501129,0.101160,0.001415,0.011129,0.036252,20.94,10,-0.022449,0.812494,0.507252,0.000000,0.000000,0.000000,0.000000,0.000000,0.000000,nan,nan,nan,nan,nan,nan,OFF
1786341323338834002,2026-08-10T12:55:23.338865,prediction,-0.132136,0.495000,0.059257,True,-0.133256,0.498046,0.097207,0.001119,0.003046,0.037950,22.14,10,-0.022449,0.812494,0.507252,0.000000,0.000000,0.000000,0.000000,0.000000,0.000000,nan,nan,nan,nan,nan,nan,OFF
1786341323379236178,2026-08-10T12:55:23.379254,prediction,-0.129315,0.490000,0.056666,True,-0.132910,0.495241,0.093017,0.003596,0.005241,0.036351,27.61,10,-0.022107,0.808859,0.504277,0.000000,0.000000,0.000000,0.000000,0.000000,0.000000,nan,nan,nan,nan,nan,nan,OFF
1786341323402849819,2026-08-10T12:55:23.402868,prediction,-0.126323,0.477000,0.054281,True,-0.132399,0.492601,0.088711,0.006076,0.015601,0.034431,20.18,10,-0.022107,0.808859,0.504277,0.000000,0.000000,0.000000,0.000000,0.000000,0.000000,nan,nan,nan,nan,nan,nan,OFF
1786341323438249192,2026-08-10T12:55:23.438270,prediction,-0.123559,0.477000,0.048743,True,-0.131612,0.489918,0.084221,0.008053,0.012918,0.035478,21.57,10,-0.021885,0.804753,0.500732,0.000000,0.000000,0.000000,0.000000,0.000000,0.000000,nan,nan,nan,nan,nan,nan,OFF
1786341323471382883,2026-08-10T12:55:23.471414,prediction,-0.122870,0.444000,0.043907,True,-0.130704,0.487715,0.079391,0.007834,0.043715,0.035484,20.91,10,-0.021885,0.804753,0.500732,0.000000,0.000000,0.000000,0.000000,0.000000,0.000000,nan,nan,nan,nan,nan,nan,OFF
1786341323503026519,2026-08-10T12:55:23.503044,prediction,-0.122661,0.434000,0.041280,True,-0.129746,0.485940,0.074358,0.007084,0.051940,0.033078,21.63,10,-0.021838,0.800009,0.496309,0.000000,0.000000,0.000000,0.000000,0.000000,0.000000,nan,nan,nan,nan,nan,nan,OFF
1786341323532014175,2026-08-10T12:55:23.532030,prediction,-0.119940,0.439000,0.038350,True,-0.128639,0.484254,0.069538,0.008699,0.045254,0.031187,20.33,10,-0.021838,0.800009,0.496309,0.000000,0.000000,0.000000,0.000000,0.000000,0.000000,nan,nan,nan,nan,nan,nan,OFF
1786341323569951604,2026-08-10T12:55:23.569972,prediction,-0.120886,0.481000,0.032071,True,-0.127473,0.482307,0.064568,0.006588,0.001306,0.032497,22.67,10,-0.022017,0.795104,0.491109,0.000000,0.000000,0.000000,0.000000,0.000000,0.000000,nan,nan,nan,nan,nan,nan,OFF
1786341323605015603,2026-08-10T12:55:23.605042,prediction,-0.117693,0.463000,0.029543,True,-0.126148,0.480181,0.059716,0.008455,0.017181,0.030173,23.38,10,-0.022017,0.795104,0.491109,0.000000,0.000000,0.000000,0.000000,0.000000,0.000000,nan,nan,nan,nan,nan,nan,OFF
1786341323636411670,2026-08-10T12:55:23.636430,prediction,-0.118249,0.486000,0.023736,True,-0.124759,0.477954,0.054931,0.006510,0.008046,0.031195,22.46,10,-0.022485,0.790310,0.485009,0.000000,0.000000,0.000000,0.000000,0.000000,0.000000,nan,nan,nan,nan,nan,nan,OFF
1786341323665678314,2026-08-10T12:55:23.665694,prediction,-0.118564,0.499000,0.023609,True,-0.123384,0.475825,0.050306,0.004821,0.023175,0.026697,20.10,10,-0.022485,0.790310,0.485009,0.000000,0.000000,0.000000,0.000000,0.000000,0.000000,nan,nan,nan,nan,nan,nan,OFF
1786341323702877518,2026-08-10T12:55:23.702894,prediction,-0.118249,0.486000,0.023736,True,-0.122058,0.474313,0.046209,0.003808,0.011687,0.022473,21.16,10,-0.023318,0.785644,0.477983,0.000000,0.000000,0.000000,0.000000,0.000000,0.000000,nan,nan,nan,nan,nan,nan,OFF
1786341323735348537,2026-08-10T12:55:23.735367,prediction,-0.118032,0.477000,0.023823,True,-0.120805,0.473641,0.042481,0.002773,0.003359,0.018657,18.55,10,-0.023318,0.785644,0.477983,0.000000,0.000000,0.000000,0.000000,0.000000,0.000000,nan,nan,nan,nan,nan,nan,OFF
1786341323768540558,2026-08-10T12:55:23.768558,prediction,-0.115036,0.468000,0.023910,True,-0.119497,0.473222,0.039097,0.004461,0.005222,0.015187,19.52,10,-0.024472,0.781243,0.470663,0.000000,0.000000,0.000000,0.000000,0.000000,0.000000,nan,nan,nan,nan,nan,nan,OFF
1786341323800950642,2026-08-10T12:55:23.800969,prediction,-0.115139,0.472000,0.018317,True,-0.118225,0.472737,0.035934,0.003086,0.000737,0.017617,18.74,10,-0.024472,0.781243,0.470663,0.000000,0.000000,0.000000,0.000000,0.000000,0.000000,nan,nan,nan,nan,nan,nan,OFF
1786341323835534774,2026-08-10T12:55:23.835550,prediction,-0.115036,0.468000,0.018343,True,-0.116936,0.471785,0.033073,0.001900,0.003785,0.014730,18.52,10,-0.025990,0.776938,0.462827,0.000000,0.000000,0.000000,0.000000,0.000000,0.000000,nan,nan,nan,nan,nan,nan,OFF
1786341323871520485,2026-08-10T12:55:23.871540,prediction,-0.114907,0.463000,0.015583,True,-0.115723,0.470508,0.030349,0.000816,0.007508,0.014766,19.95,10,-0.025990,0.776938,0.462827,0.000000,0.000000,0.000000,0.000000,0.000000,0.000000,nan,nan,nan,nan,nan,nan,OFF
1786341323903643085,2026-08-10T12:55:23.903658,prediction,-0.117911,0.472000,0.015540,True,-0.114749,0.469057,0.027761,0.003162,0.002943,0.012221,18.66,10,-0.027846,0.772937,0.454736,0.000000,0.000000,0.000000,0.000000,0.000000,0.000000,nan,nan,nan,nan,nan,nan,OFF
1786341323936130635,2026-08-10T12:55:23.936149,prediction,-0.115036,0.468000,0.015559,True,-0.113932,0.467909,0.025431,0.001104,0.000091,0.009872,20.20,10,-0.027846,0.772937,0.454736,0.000000,0.000000,0.000000,0.000000,0.000000,0.000000,nan,nan,nan,nan,nan,nan,OFF
1786341323977334286,2026-08-10T12:55:23.977354,prediction,-0.115139,0.472000,0.015540,True,-0.113243,0.467119,0.023397,0.001896,0.004881,0.007857,24.36,10,-0.030008,0.769179,0.446451,0.000000,0.000000,0.000000,0.000000,0.000000,0.000000,nan,nan,nan,nan,nan,nan,OFF
1786341324005450906,2026-08-10T12:55:24.005467,prediction,-0.115139,0.472000,0.015540,True,-0.112726,0.467537,0.021607,0.002414,0.004463,0.006067,21.35,10,-0.030008,0.769179,0.446451,0.000000,0.000000,0.000000,0.000000,0.000000,0.000000,nan,nan,nan,nan,nan,nan,OFF
1786341324037080220,2026-08-10T12:55:24.037097,prediction,-0.115372,0.481000,0.015497,True,-0.112426,0.468914,0.020038,0.002945,0.012086,0.004541,20.41,10,-0.032192,0.765935,0.438844,0.000000,0.000000,0.000000,0.000000,0.000000,0.000000,nan,nan,nan,nan,nan,nan,OFF
1786341324071176114,2026-08-10T12:55:24.071251,prediction,-0.112367,0.472000,0.015540,True,-0.112112,0.470826,0.018801,0.000256,0.001174,0.003261,20.73,10,-0.032192,0.765935,0.438844,0.000000,0.000000,0.000000,0.000000,0.000000,0.000000,nan,nan,nan,nan,nan,nan,OFF
1786341324105005144,2026-08-10T12:55:24.105024,prediction,-0.112258,0.468000,0.015559,True,-0.111824,0.472278,0.017809,0.000434,0.004278,0.002250,22.23,10,-0.034516,0.762908,0.431270,0.000000,0.000000,0.000000,0.000000,0.000000,0.000000,nan,nan,nan,nan,nan,nan,OFF
1786341324138100879,2026-08-10T12:55:24.138118,prediction,-0.112505,0.477000,0.015516,True,-0.111479,0.472798,0.017133,0.001026,0.004202,0.001617,21.76,10,-0.034516,0.762908,0.431270,0.000000,0.000000,0.000000,0.000000,0.000000,0.000000,nan,nan,nan,nan,nan,nan,OFF
1786341324171415838,2026-08-10T12:55:24.171433,prediction,-0.112258,0.468000,0.012776,True,-0.111043,0.472429,0.016510,0.001215,0.004429,0.003735,21.32,10,-0.036782,0.760527,0.424282,0.000000,0.000000,0.000000,0.000000,0.000000,0.000000,nan,nan,nan,nan,nan,nan,OFF
1786341324203774750,2026-08-10T12:55:24.203799,prediction,-0.109334,0.463000,0.012791,True,-0.110465,0.471536,0.015891,0.001132,0.008536,0.003100,20.04,10,-0.036782,0.760527,0.424282,0.000000,0.000000,0.000000,0.000000,0.000000,0.000000,nan,nan,nan,nan,nan,nan,OFF
1786341324238833804,2026-08-10T12:55:24.238853,prediction,-0.109334,0.463000,0.015583,True,-0.109815,0.470232,0.015354,0.000482,0.007232,0.000229,22.64,10,-0.038907,0.758951,0.418151,0.000000,0.000000,0.000000,0.000000,0.000000,0.000000,nan,nan,nan,nan,nan,nan,OFF
1786341324266010615,2026-08-10T12:55:24.266026,prediction,-0.109188,0.458000,0.012807,True,-0.109245,0.468980,0.014743,0.000057,0.010980,0.001937,19.09,10,-0.038907,0.758951,0.418151,0.000000,0.000000,0.000000,0.000000,0.000000,0.000000,nan,nan,nan,nan,nan,nan,OFF
1786341324301667789,2026-08-10T12:55:24.301685,prediction,-0.106393,0.458000,0.015607,True,-0.108635,0.467822,0.014387,0.002242,0.009822,0.001220,21.04,10,-0.040894,0.757971,0.412933,0.000000,0.000000,0.000000,0.000000,0.000000,0.000000,nan,nan,nan,nan,nan,nan,OFF
1786341324336485437,2026-08-10T12:55:24.336503,prediction,-0.106547,0.463000,0.015583,True,-0.108027,0.466859,0.014158,0.001480,0.003859,0.001425,21.17,10,-0.040894,0.757971,0.412933,0.000000,0.000000,0.000000,0.000000,0.000000,0.000000,nan,nan,nan,nan,nan,nan,OFF
1786341324366380234,2026-08-10T12:55:24.366398,prediction,-0.106547,0.463000,0.015583,True,-0.107445,0.466184,0.014090,0.000899,0.003184,0.001493,20.14,10,-0.042639,0.757132,0.408884,0.000000,0.000000,0.000000,0.000000,0.000000,0.000000,nan,nan,nan,nan,nan,nan,OFF
1786341324402752539,2026-08-10T12:55:24.402769,prediction,-0.105962,0.444000,0.015673,True,-0.106763,0.465697,0.014106,0.000801,0.021697,0.001568,21.60,10,-0.042639,0.757132,0.408884,0.000000,0.000000,0.000000,0.000000,0.000000,0.000000,nan,nan,nan,nan,nan,nan,OFF
1786341324435168730,2026-08-10T12:55:24.435188,prediction,-0.105809,0.439000,0.012866,True,-0.106067,0.464743,0.014049,0.000259,0.025743,0.001184,18.99,10,-0.044154,0.756267,0.406080,0.000000,0.000000,0.000000,0.000000,0.000000,0.000000,nan,nan,nan,nan,nan,nan,OFF
1786341324467418967,2026-08-10T12:55:24.467437,prediction,-0.105809,0.439000,0.015697,True,-0.105330,0.463170,0.014047,0.000478,0.024170,0.001650,18.73,10,-0.044154,0.756267,0.406080,0.000000,0.000000,0.000000,0.000000,0.000000,0.000000,nan,nan,nan,nan,nan,nan,OFF
1786341324501603689,2026-08-10T12:55:24.501622,prediction,-0.109334,0.463000,0.012791,True,-0.104679,0.461214,0.013960,0.004654,0.001786,0.001169,19.62,10,-0.045562,0.755780,0.404701,0.000000,0.000000,0.000000,0.000000,0.000000,0.000000,nan,nan,nan,nan,nan,nan,OFF
1786341324535740491,2026-08-10T12:55:24.535754,prediction,-0.109596,0.472000,0.012763,True,-0.104142,0.459779,0.013828,0.005454,0.012221,0.001065,18.71,10,-0.045562,0.755780,0.404701,0.000000,0.000000,0.000000,0.000000,0.000000,0.000000,nan,nan,nan,nan,nan,nan,OFF
1786341324567959539,2026-08-10T12:55:24.567982,prediction,-0.109072,0.454000,0.012819,True,-0.103759,0.458761,0.013668,0.005312,0.004761,0.000849,19.00,10,-0.046493,0.754632,0.404192,0.000000,0.000000,0.000000,0.000000,0.000000,0.000000,nan,nan,nan,nan,nan,nan,OFF
1786341324603381138,2026-08-10T12:55:24.603397,prediction,-0.109741,0.477000,0.015516,True,-0.103514,0.458253,0.013590,0.006227,0.018747,0.001927,20.69,10,-0.046493,0.754632,0.404192,0.000000,0.000000,0.000000,0.000000,0.000000,0.000000,nan,nan,nan,nan,nan,nan,OFF
1786341324641905460,2026-08-10T12:55:24.641956,prediction,-0.109741,0.477000,0.015516,True,-0.103350,0.458208,0.013559,0.006391,0.018792,0.001958,23.26,10,-0.047678,0.753280,0.403506,0.000000,0.000000,0.000000,0.000000,0.000000,0.000000,nan,nan,nan,nan,nan,nan,OFF
1786341324667697634,2026-08-10T12:55:24.667722,prediction,-0.109072,0.454000,0.015626,True,-0.103229,0.458545,0.013658,0.005843,0.004545,0.001968,18.34,10,-0.047678,0.753280,0.403506,0.000000,0.000000,0.000000,0.000000,0.000000,0.000000,nan,nan,nan,nan,nan,nan,OFF
1786341324705069308,2026-08-10T12:55:24.705085,prediction,-0.109334,0.463000,0.015583,True,-0.103193,0.458673,0.013819,0.006141,0.004327,0.001764,21.45,10,-0.048451,0.751152,0.403433,0.000000,0.000000,0.000000,0.000000,0.000000,0.000000,nan,nan,nan,nan,nan,nan,OFF
1786341324738607699,2026-08-10T12:55:24.738627,prediction,-0.109334,0.463000,0.015583,True,-0.103197,0.458751,0.013911,0.006137,0.004249,0.001672,22.49,10,-0.048451,0.751152,0.403433,0.000000,0.000000,0.000000,0.000000,0.000000,0.000000,nan,nan,nan,nan,nan,nan,OFF
1786341324776188909,2026-08-10T12:55:24.776235,prediction,-0.109334,0.463000,0.015583,True,-0.103226,0.458809,0.014062,0.006108,0.004191,0.001521,22.43,10,-0.049626,0.749551,0.403002,0.000000,0.000000,0.000000,0.000000,0.000000,0.000000,nan,nan,nan,nan,nan,nan,OFF
1786341324802646741,2026-08-10T12:55:24.802662,prediction,-0.106701,0.468000,0.015559,True,-0.103280,0.458998,0.014143,0.003421,0.009002,0.001416,20.23,10,-0.049626,0.749551,0.403002,0.000000,0.000000,0.000000,0.000000,0.000000,0.000000,nan,nan,nan,nan,nan,nan,OFF
1786341324836438761,2026-08-10T12:55:24.836461,prediction,-0.106547,0.463000,0.015583,True,-0.103337,0.459278,0.014184,0.003210,0.003722,0.001399,21.88,10,-0.049946,0.747936,0.403448,0.000000,0.000000,0.000000,0.000000,0.000000,0.000000,nan,nan,nan,nan,nan,nan,OFF
1786341324878147721,2026-08-10T12:55:24.878165,prediction,-0.106547,0.463000,0.015583,True,-0.103378,0.459455,0.014200,0.003169,0.003545,0.001383,24.11,10,-0.049946,0.747936,0.403448,0.000000,0.000000,0.000000,0.000000,0.000000,0.000000,nan,nan,nan,nan,nan,nan,OFF
1786341324906943540,2026-08-10T12:55:24.906968,prediction,-0.107101,0.481000,0.015497,True,-0.103443,0.459547,0.014195,0.003658,0.021453,0.001303,21.69,10,-0.051103,0.747510,0.402653,0.000000,0.000000,0.000000,0.000000,0.000000,0.000000,nan,nan,nan,nan,nan,nan,OFF
1786341324940558035,2026-08-10T12:55:24.940602,prediction,-0.106824,0.472000,0.015540,True,-0.103598,0.460429,0.014290,0.003226,0.011571,0.001250,21.49,10,-0.051103,0.747510,0.402653,0.000000,0.000000,0.000000,0.000000,0.000000,0.000000,nan,nan,nan,nan,nan,nan,OFF
1786341324978578956,2026-08-10T12:55:24.978605,prediction,-0.106701,0.468000,0.015559,True,-0.103816,0.462022,0.014341,0.002885,0.005978,0.001218,26.34,10,-0.050775,0.746412,0.403350,0.000000,0.000000,0.000000,0.000000,0.000000,0.000000,nan,nan,nan,nan,nan,nan,OFF
1786341325009432954,2026-08-10T12:55:25.009481,prediction,-0.107101,0.481000,0.015497,True,-0.103964,0.464023,0.014473,0.003137,0.016978,0.001025,23.18,10,-0.050775,0.746412,0.403350,0.000000,0.000000,0.000000,0.000000,0.000000,0.000000,nan,nan,nan,nan,nan,nan,OFF
1786341325041241241,2026-08-10T12:55:25.041261,prediction,-0.106547,0.463000,0.015583,True,-0.103971,0.465382,0.014645,0.002576,0.002382,0.000938,22.90,10,-0.051290,0.746736,0.402840,0.000000,0.000000,0.000000,0.000000,0.000000,0.000000,nan,nan,nan,nan,nan,nan,OFF
1786341325074042765,2026-08-10T12:55:25.074061,prediction,-0.106393,0.458000,0.015607,True,-0.103889,0.466087,0.014833,0.002505,0.008087,0.000774,24.01,10,-0.051290,0.746736,0.402840,0.000000,0.000000,0.000000,0.000000,0.000000,0.000000,nan,nan,nan,nan,nan,nan,OFF
1786341325106667574,2026-08-10T12:55:25.106687,prediction,-0.106824,0.472000,0.018317,True,-0.103726,0.466127,0.015027,0.003098,0.005873,0.003290,24.10,10,-0.050348,0.747190,0.404088,0.000000,0.000000,0.000000,0.000000,0.000000,0.000000,nan,nan,nan,nan,nan,nan,OFF
1786341325135075056,2026-08-10T12:55:25.135099,prediction,-0.107255,0.486000,0.018228,True,-0.103545,0.465892,0.015220,0.003710,0.020108,0.003007,20.43,10,-0.050348,0.747190,0.404088,0.000000,0.000000,0.000000,0.000000,0.000000,0.000000,nan,nan,nan,nan,nan,nan,OFF
1786341325166761784,2026-08-10T12:55:25.166783,prediction,-0.106978,0.477000,0.018285,True,-0.103385,0.465696,0.015411,0.003593,0.011304,0.002875,20.83,10,-0.050783,0.748333,0.403751,0.000000,0.000000,0.000000,0.000000,0.000000,0.000000,nan,nan,nan,nan,nan,nan,OFF
1786341325203785204,2026-08-10T12:55:25.203802,prediction,-0.107378,0.490000,0.020949,True,-0.103312,0.466255,0.015703,0.004066,0.023745,0.005247,21.38,10,-0.050783,0.748333,0.403751,0.000000,0.000000,0.000000,0.000000,0.000000,0.000000,nan,nan,nan,nan,nan,nan,OFF
1786341325233458918,2026-08-10T12:55:25.233478,prediction,-0.107101,0.481000,0.021022,True,-0.103275,0.467197,0.016050,0.003826,0.013803,0.004971,20.69,10,-0.050900,0.749879,0.403998,0.000000,0.000000,0.000000,0.000000,0.000000,0.000000,nan,nan,nan,nan,nan,nan,OFF
1786341325270435240,2026-08-10T12:55:25.270449,prediction,-0.106978,0.477000,0.021054,True,-0.103252,0.468329,0.016426,0.003726,0.008671,0.004628,20.04,10,-0.050900,0.749879,0.403998,0.000000,0.000000,0.000000,0.000000,0.000000,0.000000,nan,nan,nan,nan,nan,nan,OFF
1786341325299924465,2026-08-10T12:55:25.299945,prediction,-0.106824,0.472000,0.021095,True,-0.103308,0.469432,0.016814,0.003516,0.002568,0.004281,18.68,10,-0.050480,0.750194,0.404724,0.000000,0.000000,0.000000,0.000000,0.000000,0.000000,nan,nan,nan,nan,nan,nan,OFF
1786341325333088013,2026-08-10T12:55:25.333104,prediction,-0.107531,0.495000,0.018170,True,-0.103426,0.470490,0.017097,0.004106,0.024510,0.001073,18.15,10,-0.050480,0.750194,0.404724,0.000000,0.000000,0.000000,0.000000,0.000000,0.000000,nan,nan,nan,nan,nan,nan,OFF
1786341325373051238,2026-08-10T12:55:25.373070,prediction,-0.106824,0.472000,0.018317,True,-0.103536,0.471362,0.017327,0.003288,0.000638,0.000991,20.33,10,-0.051057,0.752135,0.404384,0.000000,0.000000,0.000000,0.000000,0.000000,0.000000,nan,nan,nan,nan,nan,nan,OFF
1786341325404505015,2026-08-10T12:55:25.404629,prediction,-0.107101,0.481000,0.018260,True,-0.103649,0.472374,0.017530,0.003451,0.008626,0.000729,19.51,10,-0.051057,0.752135,0.404384,0.000000,0.000000,0.000000,0.000000,0.000000,0.000000,nan,nan,nan,nan,nan,nan,OFF
1786341325434471903,2026-08-10T12:55:25.434485,prediction,-0.107255,0.486000,0.018228,True,-0.103760,0.473232,0.017715,0.003494,0.012768,0.000513,19.45,10,-0.050448,0.753524,0.405637,0.000000,0.000000,0.000000,0.000000,0.000000,0.000000,nan,nan,nan,nan,nan,nan,OFF
1786341325472654393,2026-08-10T12:55:25.472672,prediction,-0.107931,0.508000,0.018087,True,-0.103903,0.474114,0.017885,0.004028,0.033886,0.000202,19.15,10,-0.050448,0.753524,0.405637,0.000000,0.000000,0.000000,0.000000,0.000000,0.000000,nan,nan,nan,nan,nan,nan,OFF
1786341325504048127,2026-08-10T12:55:25.504067,prediction,-0.104636,0.490000,0.018202,True,-0.103945,0.475146,0.018057,0.000690,0.014854,0.000145,19.46,10,-0.051120,0.755465,0.405159,0.000000,0.000000,0.000000,0.000000,0.000000,0.000000,nan,nan,nan,nan,nan,nan,OFF
1786341325537854640,2026-08-10T12:55:25.537931,prediction,-0.104636,0.490000,0.018202,True,-0.103963,0.476403,0.018231,0.000673,0.013597,0.000029,20.80,10,-0.051120,0.755465,0.405159,0.000000,0.000000,0.000000,0.000000,0.000000,0.000000,nan,nan,nan,nan,nan,nan,OFF
1786341325569724012,2026-08-10T12:55:25.569748,prediction,-0.104506,0.486000,0.018228,True,-0.103979,0.477948,0.018409,0.000527,0.008052,0.000181,20.65,10,-0.050578,0.756749,0.406417,0.000000,0.000000,0.000000,0.000000,0.000000,0.000000,nan,nan,nan,nan,nan,nan,OFF
1786341325603966248,2026-08-10T12:55:25.603980,prediction,-0.104798,0.495000,0.018170,True,-0.103985,0.479668,0.018490,0.000813,0.015332,0.000320,20.58,10,-0.050578,0.756749,0.406417,0.000000,0.000000,0.000000,0.000000,0.000000,0.000000,nan,nan,nan,nan,nan,nan,OFF
1786341325638086032,2026-08-10T12:55:25.638102,prediction,-0.101451,0.477000,0.018285,True,-0.103826,0.481085,0.018525,0.002375,0.004085,0.000240,20.45,10,-0.050975,0.758591,0.406270,0.000000,0.000000,0.000000,0.000000,0.000000,0.000000,nan,nan,nan,nan,nan,nan,OFF
1786341325670336084,2026-08-10T12:55:25.670354,prediction,-0.101451,0.477000,0.018285,True,-0.103558,0.481849,0.018531,0.002108,0.004849,0.000246,20.12,10,-0.050975,0.758591,0.406270,0.000000,0.000000,0.000000,0.000000,0.000000,0.000000,nan,nan,nan,nan,nan,nan,OFF
1786341325706407777,2026-08-10T12:55:25.706433,prediction,-0.102200,0.499000,0.018144,True,-0.103223,0.481918,0.018417,0.001023,0.017082,0.000273,20.73,10,-0.050426,0.760322,0.407363,0.000000,0.000000,0.000000,0.000000,0.000000,0.000000,nan,nan,nan,nan,nan,nan,OFF
1786341325742067500,2026-08-10T12:55:25.742135,prediction,-0.101587,0.481000,0.018260,True,-0.102858,0.481842,0.018246,0.001272,0.000842,0.000014,22.20,10,-0.050426,0.760322,0.407363,0.000000,0.000000,0.000000,0.000000,0.000000,0.000000,nan,nan,nan,nan,nan,nan,OFF
1786341325773591340,2026-08-10T12:55:25.773608,prediction,-0.102370,0.504000,0.018112,True,-0.102555,0.482285,0.018046,0.000185,0.021715,0.000066,22.96,10,-0.051040,0.762536,0.406885,0.000000,0.000000,0.000000,0.000000,0.000000,0.000000,nan,nan,nan,nan,nan,nan,OFF
1786341325806213405,2026-08-10T12:55:25.806234,prediction,-0.102064,0.495000,0.018170,True,-0.102287,0.483119,0.017836,0.000223,0.011881,0.000334,20.36,10,-0.051040,0.762536,0.406885,0.000000,0.000000,0.000000,0.000000,0.000000,0.000000,nan,nan,nan,nan,nan,nan,OFF
1786341325843886222,2026-08-10T12:55:25.843902,prediction,-0.101757,0.486000,0.018228,True,-0.102005,0.484174,0.017734,0.000248,0.001827,0.000494,23.99,10,-0.050671,0.764422,0.407732,0.000000,0.000000,0.000000,0.000000,0.000000,0.000000,nan,nan,nan,nan,nan,nan,OFF
1786341325870587971,2026-08-10T12:55:25.870604,prediction,-0.101757,0.486000,0.018228,True,-0.101734,0.485222,0.017687,0.000023,0.000778,0.000541,20.14,10,-0.050671,0.764422,0.407732,0.000000,0.000000,0.000000,0.000000,0.000000,0.000000,nan,nan,nan,nan,nan,nan,OFF
1786341325903404183,2026-08-10T12:55:25.903418,prediction,-0.105089,0.504000,0.018112,True,-0.101556,0.485974,0.017665,0.003533,0.018026,0.000448,20.86,10,-0.051543,0.766211,0.406924,0.000000,0.000000,0.000000,0.000000,0.000000,0.000000,nan,nan,nan,nan,nan,nan,OFF
1786341325933138572,2026-08-10T12:55:25.933159,prediction,-0.104636,0.490000,0.018202,True,-0.101410,0.486635,0.017662,0.003226,0.003365,0.000541,18.94,10,-0.051543,0.766211,0.406924,0.000000,0.000000,0.000000,0.000000,0.000000,0.000000,nan,nan,nan,nan,nan,nan,OFF
1786341325967389163,2026-08-10T12:55:25.967412,prediction,-0.106824,0.472000,0.018317,True,-0.101323,0.487115,0.017676,0.005501,0.015115,0.000641,20.74,10,-0.051197,0.768046,0.407827,0.000000,0.000000,0.000000,0.000000,0.000000,0.000000,nan,nan,nan,nan,nan,nan,OFF
1786341326005443861,2026-08-10T12:55:26.005475,prediction,-0.104506,0.486000,0.018228,True,-0.101284,0.487240,0.017689,0.003222,0.001240,0.000539,21.32,10,-0.051197,0.768046,0.407827,0.000000,0.000000,0.000000,0.000000,0.000000,0.000000,nan,nan,nan,nan,nan,nan,OFF
1786341326035349269,2026-08-10T12:55:26.035367,prediction,-0.104052,0.472000,0.018317,True,-0.101223,0.486718,0.017699,0.002829,0.014718,0.000618,21.30,10,-0.052174,0.769722,0.406930,0.000000,0.000000,0.000000,0.000000,0.000000,0.000000,nan,nan,nan,nan,nan,nan,OFF
1786341326067187578,2026-08-10T12:55:26.067204,prediction,-0.104214,0.477000,0.018285,True,-0.101167,0.485935,0.017704,0.003048,0.008935,0.000581,19.47,10,-0.052174,0.769722,0.406930,0.000000,0.000000,0.000000,0.000000,0.000000,0.000000,nan,nan,nan,nan,nan,nan,OFF
1786341326103647398,2026-08-10T12:55:26.103667,prediction,-0.105089,0.504000,0.018112,True,-0.101132,0.485048,0.017701,0.003957,0.018952,0.000411,18.75,10,-0.051983,0.771353,0.407681,0.000000,0.000000,0.000000,0.000000,0.000000,0.000000,nan,nan,nan,nan,nan,nan,OFF
1786341326136479725,2026-08-10T12:55:26.136500,prediction,-0.110265,0.495000,0.018170,True,-0.101445,0.484787,0.017694,0.008820,0.010213,0.000476,18.62,10,-0.051983,0.771353,0.407681,0.000000,0.000000,0.000000,0.000000,0.000000,0.000000,nan,nan,nan,nan,nan,nan,OFF
1786341326176504460,2026-08-10T12:55:26.176525,prediction,-0.107531,0.495000,0.020909,True,-0.101863,0.485249,0.017789,0.005669,0.009751,0.003121,22.19,10,-0.052774,0.771788,0.406873,0.000000,0.000000,0.000000,0.000000,0.000000,0.000000,nan,nan,nan,nan,nan,nan,OFF
1786341326206949156,2026-08-10T12:55:26.207002,prediction,-0.106978,0.477000,0.021054,True,-0.102286,0.486152,0.017949,0.004691,0.009152,0.003105,21.77,10,-0.052774,0.771788,0.406873,0.000000,0.000000,0.000000,0.000000,0.000000,0.000000,nan,nan,nan,nan,nan,nan,OFF
1786341326243999222,2026-08-10T12:55:26.244013,prediction,-0.107378,0.490000,0.020949,True,-0.102727,0.487012,0.018132,0.004651,0.002988,0.002817,24.39,10,-0.052136,0.772207,0.407603,0.000000,0.000000,0.000000,0.000000,0.000000,0.000000,nan,nan,nan,nan,nan,nan,OFF
1786341326274918865,2026-08-10T12:55:26.274936,prediction,-0.107378,0.490000,0.020949,True,-0.103106,0.487249,0.018326,0.004271,0.002751,0.002623,19.48,10,-0.052136,0.772207,0.407603,0.000000,0.000000,0.000000,0.000000,0.000000,0.000000,nan,nan,nan,nan,nan,nan,OFF
1786341326307019240,2026-08-10T12:55:26.307037,prediction,-0.107808,0.504000,0.020837,True,-0.103478,0.487165,0.018518,0.004330,0.016835,0.002318,22.17,10,-0.052935,0.772851,0.406647,0.000000,0.000000,0.000000,0.000000,0.000000,0.000000,nan,nan,nan,nan,nan,nan,OFF
1786341326335215328,2026-08-10T12:55:26.335260,prediction,-0.107255,0.486000,0.020982,True,-0.103835,0.486921,0.018711,0.003419,0.000921,0.002271,17.70,10,-0.052935,0.772851,0.406647,0.000000,0.000000,0.000000,0.000000,0.000000,0.000000,nan,nan,nan,nan,nan,nan,OFF
1786341326370882060,2026-08-10T12:55:26.370903,prediction,-0.107101,0.481000,0.021022,True,-0.104185,0.486747,0.018905,0.002916,0.005747,0.002117,20.44,10,-0.052206,0.773452,0.407299,0.000000,0.000000,0.000000,0.000000,0.000000,0.000000,nan,nan,nan,nan,nan,nan,OFF
1786341326405337443,2026-08-10T12:55:26.405354,prediction,-0.107378,0.490000,0.020949,True,-0.104424,0.486642,0.019100,0.002953,0.003358,0.001849,22.16,10,-0.052206,0.773452,0.407299,0.000000,0.000000,0.000000,0.000000,0.000000,0.000000,nan,nan,nan,nan,nan,nan,OFF
1786341326440215665,2026-08-10T12:55:26.440232,prediction,-0.106978,0.477000,0.021054,True,-0.104592,0.486312,0.019294,0.002386,0.009312,0.001760,21.19,10,-0.051361,0.773314,0.407540,0.000000,0.000000,0.000000,0.000000,0.000000,0.000000,nan,nan,nan,nan,nan,nan,OFF
1786341326472257839,2026-08-10T12:55:26.472285,prediction,-0.107531,0.495000,0.020909,True,-0.104683,0.486088,0.019478,0.002849,0.008912,0.001432,20.53,10,-0.051361,0.773314,0.407540,0.000000,0.000000,0.000000,0.000000,0.000000,0.000000,nan,nan,nan,nan,nan,nan,OFF
1786341326505525750,2026-08-10T12:55:26.505542,prediction,-0.106824,0.472000,0.021095,True,-0.104778,0.485700,0.019664,0.002046,0.013700,0.001431,21.99,10,-0.052300,0.773962,0.407682,0.000000,0.000000,0.000000,0.000000,0.000000,0.000000,nan,nan,nan,nan,nan,nan,OFF
1786341326541726209,2026-08-10T12:55:26.541748,prediction,-0.106701,0.468000,0.023910,True,-0.104904,0.485458,0.019953,0.001797,0.017458,0.003957,22.35,10,-0.052300,0.773962,0.407682,0.000000,0.000000,0.000000,0.000000,0.000000,0.000000,nan,nan,nan,nan,nan,nan,OFF
1786341326578622044,2026-08-10T12:55:26.578639,prediction,-0.104344,0.481000,0.023784,True,-0.104953,0.485188,0.020295,0.000609,0.004188,0.003490,25.11,10,-0.051314,0.773495,0.407934,0.000000,0.000000,0.000000,0.000000,0.000000,0.000000,nan,nan,nan,nan,nan,nan,OFF
1786341326606649383,2026-08-10T12:55:26.606668,prediction,-0.104214,0.477000,0.023823,True,-0.104940,0.485033,0.020671,0.000725,0.008033,0.003152,20.63,10,-0.051314,0.773495,0.407934,0.000000,0.000000,0.000000,0.000000,0.000000,0.000000,nan,nan,nan,nan,nan,nan,OFF
1786341326636113477,2026-08-10T12:55:26.636126,prediction,-0.105089,0.504000,0.023561,True,-0.104724,0.484542,0.021051,0.000365,0.019458,0.002510,20.28,10,-0.049685,0.772797,0.408621,0.000000,0.000000,0.000000,0.000000,0.000000,0.000000,nan,nan,nan,nan,nan,nan,OFF
1786341326667881192,2026-08-10T12:55:26.667900,prediction,-0.104636,0.490000,0.026444,True,-0.104503,0.484076,0.021436,0.000132,0.005924,0.005008,19.95,10,-0.049685,0.772797,0.408621,0.000000,0.000000,0.000000,0.000000,0.000000,0.000000,nan,nan,nan,nan,nan,nan,OFF
1786341326702727975,2026-08-10T12:55:26.702745,prediction,-0.104344,0.481000,0.026546,True,-0.104295,0.483664,0.021821,0.000048,0.002664,0.004726,20.55,10,-0.050221,0.773154,0.408696,0.000000,0.000000,0.000000,0.000000,0.000000,0.000000,nan,nan,nan,nan,nan,nan,OFF
1786341326735915123,2026-08-10T12:55:26.735931,prediction,-0.107101,0.481000,0.023784,True,-0.104167,0.483173,0.022104,0.002934,0.002173,0.001680,22.40,10,-0.050221,0.773154,0.408696,0.000000,0.000000,0.000000,0.000000,0.000000,0.000000,nan,nan,nan,nan,nan,nan,OFF
1786341326770267551,2026-08-10T12:55:26.770290,prediction,-0.107378,0.490000,0.023697,True,-0.104088,0.482621,0.022327,0.003290,0.007379,0.001370,21.50,10,-0.049602,0.772575,0.410103,0.000000,0.000000,0.000000,0.000000,0.000000,0.000000,nan,nan,nan,nan,nan,nan,OFF
1786341326806292219,2026-08-10T12:55:26.806315,prediction,-0.106824,0.472000,0.023872,True,-0.104000,0.482035,0.022528,0.002824,0.010035,0.001343,21.48,10,-0.049602,0.772575,0.410103,0.000000,0.000000,0.000000,0.000000,0.000000,0.000000,nan,nan,nan,nan,nan,nan,OFF
1786341326836294360,2026-08-10T12:55:26.836308,prediction,-0.104506,0.486000,0.026490,True,-0.103863,0.481584,0.022811,0.000643,0.004416,0.003679,18.77,10,-0.050128,0.772069,0.409618,0.000000,0.000000,0.000000,0.000000,0.000000,0.000000,nan,nan,nan,nan,nan,nan,OFF
1786341326872941274,2026-08-10T12:55:26.872989,prediction,-0.104052,0.472000,0.026649,True,-0.103677,0.480936,0.023142,0.000375,0.008936,0.003507,19.35,10,-0.050128,0.772069,0.409618,0.000000,0.000000,0.000000,0.000000,0.000000,0.000000,nan,nan,nan,nan,nan,nan,OFF
1786341326903382884,2026-08-10T12:55:26.903395,prediction,-0.104636,0.490000,0.026444,True,-0.103503,0.480553,0.023498,0.001132,0.009447,0.002946,18.42,10,-0.049687,0.771279,0.411166,0.000000,0.000000,0.000000,0.000000,0.000000,0.000000,nan,nan,nan,nan,nan,nan,OFF
1786341326937269563,2026-08-10T12:55:26.937287,prediction,-0.104798,0.495000,0.026387,True,-0.103378,0.480647,0.023864,0.001420,0.014353,0.002523,18.82,10,-0.049687,0.771279,0.411166,0.000000,0.000000,0.000000,0.000000,0.000000,0.000000,nan,nan,nan,nan,nan,nan,OFF
1786341326973008892,2026-08-10T12:55:26.973061,prediction,-0.104052,0.472000,0.026649,True,-0.103215,0.480776,0.024249,0.000837,0.008776,0.002399,19.62,10,-0.050451,0.770410,0.410876,0.000000,0.000000,0.000000,0.000000,0.000000,0.000000,nan,nan,nan,nan,nan,nan,OFF
1786341327007804267,2026-08-10T12:55:27.007831,prediction,-0.104506,0.486000,0.026490,True,-0.103087,0.481142,0.024632,0.001419,0.004858,0.001858,20.13,10,-0.050451,0.770410,0.410876,0.000000,0.000000,0.000000,0.000000,0.000000,0.000000,nan,nan,nan,nan,nan,nan,OFF
1786341327045609273,2026-08-10T12:55:27.045628,prediction,-0.104344,0.481000,0.026546,True,-0.102974,0.481665,0.024911,0.001370,0.000665,0.001635,24.14,10,-0.050090,0.769911,0.412434,0.000000,0.000000,0.000000,0.000000,0.000000,0.000000,nan,nan,nan,nan,nan,nan,OFF
1786341327074305271,2026-08-10T12:55:27.074319,prediction,-0.104927,0.499000,0.026342,True,-0.102980,0.482418,0.025130,0.001947,0.016582,0.001212,21.39,10,-0.050090,0.769911,0.412434,0.000000,0.000000,0.000000,0.000000,0.000000,0.000000,nan,nan,nan,nan,nan,nan,OFF
1786341327103859320,2026-08-10T12:55:27.103874,prediction,-0.104636,0.490000,0.029192,True,-0.103043,0.483279,0.025418,0.001593,0.006721,0.003774,21.75,10,-0.051048,0.769188,0.412203,0.000000,0.000000,0.000000,0.000000,0.000000,0.000000,nan,nan,nan,nan,nan,nan,OFF
1786341327139318625,2026-08-10T12:55:27.139338,prediction,-0.104506,0.486000,0.029244,True,-0.103090,0.484066,0.025755,0.001416,0.001934,0.003488,21.45,10,-0.051048,0.769188,0.412203,0.000000,0.000000,0.000000,0.000000,0.000000,0.000000,nan,nan,nan,nan,nan,nan,OFF
1786341327170994523,2026-08-10T12:55:27.171017,prediction,-0.104052,0.472000,0.029426,True,-0.103100,0.484394,0.026018,0.000952,0.012394,0.003408,20.60,10,-0.050625,0.769308,0.413498,0.000000,0.000000,0.000000,0.000000,0.000000,0.000000,nan,nan,nan,nan,nan,nan,OFF
1786341327206093637,2026-08-10T12:55:27.206115,prediction,-0.104214,0.477000,0.032130,True,-0.103087,0.484137,0.026332,0.001127,0.007137,0.005797,20.40,10,-0.050625,0.769308,0.413498,0.000000,0.000000,0.000000,0.000000,0.000000,0.000000,nan,nan,nan,nan,nan,nan,OFF
1786341327239777047,2026-08-10T12:55:27.239802,prediction,-0.104214,0.477000,0.032130,True,-0.102983,0.483787,0.026781,0.001231,0.006787,0.005348,21.23,10,-0.051791,0.769070,0.413306,0.000000,0.000000,0.000000,0.000000,0.000000,0.000000,nan,nan,nan,nan,nan,nan,OFF
1786341327272279286,2026-08-10T12:55:27.272297,prediction,-0.103598,0.458000,0.032408,True,-0.102806,0.483443,0.027317,0.000793,0.025443,0.005091,20.86,10,-0.051791,0.769070,0.413306,0.000000,0.000000,0.000000,0.000000,0.000000,0.000000,nan,nan,nan,nan,nan,nan,OFF
1786341327305760173,2026-08-10T12:55:27.305775,prediction,-0.101280,0.472000,0.032203,True,-0.102522,0.482968,0.027883,0.001242,0.010968,0.004320,20.55,10,-0.051175,0.769331,0.414367,0.000000,0.000000,0.000000,0.000000,0.000000,0.000000,nan,nan,nan,nan,nan,nan,OFF
1786341327341948605,2026-08-10T12:55:27.341993,prediction,-0.101144,0.468000,0.032262,True,-0.102242,0.482140,0.028366,0.001098,0.014140,0.003895,20.73,10,-0.051175,0.769331,0.414367,0.000000,0.000000,0.000000,0.000000,0.000000,0.000000,nan,nan,nan,nan,nan,nan,OFF
1786341327377532866,2026-08-10T12:55:27.377551,prediction,-0.101144,0.468000,0.032262,True,-0.102001,0.481503,0.028797,0.000857,0.013503,0.003464,22.34,10,-0.051610,0.769589,0.415750,0.000000,0.000000,0.000000,0.000000,0.000000,0.000000,nan,nan,nan,nan,nan,nan,OFF
1786341327407432518,2026-08-10T12:55:27.407448,prediction,-0.101144,0.468000,0.032262,True,-0.101742,0.480626,0.029203,0.000598,0.012626,0.003058,21.27,10,-0.051610,0.769589,0.415750,0.000000,0.000000,0.000000,0.000000,0.000000,0.000000,nan,nan,nan,nan,nan,nan,OFF
1786341327443793737,2026-08-10T12:55:27.443818,prediction,-0.101451,0.477000,0.032130,True,-0.101467,0.479447,0.029591,0.000016,0.002447,0.002539,24.57,10,-0.051381,0.769220,0.415135,0.000000,0.000000,0.000000,0.000000,0.000000,0.000000,nan,nan,nan,nan,nan,nan,OFF
1786341327467677495,2026-08-10T12:55:27.467694,prediction,-0.098830,0.481000,0.032071,True,-0.101137,0.478355,0.029959,0.002307,0.002645,0.002112,19.29,10,-0.051381,0.769220,0.415135,0.000000,0.000000,0.000000,0.000000,0.000000,0.000000,nan,nan,nan,nan,nan,nan,OFF
1786341327502774154,2026-08-10T12:55:27.502789,prediction,-0.098687,0.477000,0.032130,True,-0.100773,0.477482,0.030327,0.002086,0.000482,0.001803,20.30,10,-0.051888,0.769404,0.416555,0.000000,0.000000,0.000000,0.000000,0.000000,0.000000,nan,nan,nan,nan,nan,nan,OFF
1786341327538219643,2026-08-10T12:55:27.538235,prediction,-0.098830,0.481000,0.032071,True,-0.100423,0.477026,0.030693,0.001593,0.003974,0.001378,20.17,10,-0.051888,0.769404,0.416555,0.000000,0.000000,0.000000,0.000000,0.000000,0.000000,nan,nan,nan,nan,nan,nan,OFF
1786341327571599129,2026-08-10T12:55:27.571615,prediction,-0.098366,0.468000,0.032262,True,-0.100032,0.476571,0.031074,0.001667,0.008571,0.001188,19.77,10,-0.052521,0.768562,0.417949,0.000000,0.000000,0.000000,0.000000,0.000000,0.000000,nan,nan,nan,nan,nan,nan,OFF
1786341327602859812,2026-08-10T12:55:27.602875,prediction,-0.098366,0.468000,0.032262,True,-0.099600,0.475680,0.031356,0.001234,0.007680,0.000906,17.82,10,-0.052521,0.768562,0.417949,0.000000,0.000000,0.000000,0.000000,0.000000,0.000000,nan,nan,nan,nan,nan,nan,OFF
1786341327637133076,2026-08-10T12:55:27.637149,prediction,-0.098830,0.481000,0.034833,True,-0.099162,0.474479,0.031677,0.000332,0.006521,0.003156,18.34,10,-0.052733,0.767787,0.417663,0.000000,0.000000,0.000000,0.000000,0.000000,0.000000,nan,nan,nan,nan,nan,nan,OFF
1786341327668434196,2026-08-10T12:55:27.668452,prediction,-0.098830,0.481000,0.034833,True,-0.098772,0.473619,0.032019,0.000058,0.007381,0.002814,17.95,10,-0.052733,0.767787,0.417663,0.000000,0.000000,0.000000,0.000000,0.000000,0.000000,nan,nan,nan,nan,nan,nan,OFF
1786341327702658087,2026-08-10T12:55:27.702672,prediction,-0.098508,0.472000,0.034980,True,-0.098412,0.473302,0.032282,0.000096,0.001302,0.002698,17.53,10,-0.053457,0.766887,0.419587,0.000000,0.000000,0.000000,0.000000,0.000000,0.000000,nan,nan,nan,nan,nan,nan,OFF
1786341327734296113,2026-08-10T12:55:27.734312,prediction,-0.098187,0.463000,0.037919,True,-0.098048,0.473063,0.032608,0.000139,0.010063,0.005311,17.89,10,-0.053457,0.766887,0.419587,0.000000,0.000000,0.000000,0.000000,0.000000,0.000000,nan,nan,nan,nan,nan,nan,OFF
1786341327771670676,2026-08-10T12:55:27.771706,prediction,-0.098187,0.463000,0.037919,True,-0.097683,0.472546,0.032956,0.000504,0.009546,0.004963,19.13,10,-0.054079,0.765004,0.419547,0.000000,0.000000,0.000000,0.000000,0.000000,0.000000,nan,nan,nan,nan,nan,nan,OFF
1786341327803900129,2026-08-10T12:55:27.803917,prediction,-0.098366,0.468000,0.040613,True,-0.097412,0.471971,0.033423,0.000954,0.003971,0.007190,18.53,10,-0.054079,0.765004,0.419547,0.000000,0.000000,0.000000,0.000000,0.000000,0.000000,nan,nan,nan,nan,nan,nan,OFF
1786341327839931515,2026-08-10T12:55:27.839952,prediction,-0.098187,0.463000,0.040711,True,-0.097196,0.471504,0.033956,0.000991,0.008504,0.006755,20.87,10,-0.054860,0.763877,0.421019,0.000000,0.000000,0.000000,0.000000,0.000000,0.000000,nan,nan,nan,nan,nan,nan,OFF
1786341327872366035,2026-08-10T12:55:27.872383,prediction,-0.097687,0.449000,0.040986,True,-0.096992,0.471119,0.034533,0.000695,0.022119,0.006453,19.99,10,-0.054860,0.763877,0.421019,0.000000,0.000000,0.000000,0.000000,0.000000,0.000000,nan,nan,nan,nan,nan,nan,OFF
1786341327906021062,2026-08-10T12:55:27.906046,prediction,-0.098187,0.463000,0.040711,True,-0.096811,0.470780,0.035121,0.001376,0.007780,0.005590,21.04,10,-0.055418,0.761987,0.420916,0.000000,0.000000,0.000000,0.000000,0.000000,0.000000,nan,nan,nan,nan,nan,nan,OFF
1786341327939212062,2026-08-10T12:55:27.939229,prediction,-0.098366,0.468000,0.040613,True,-0.096637,0.470462,0.035713,0.001728,0.002462,0.004900,22.43,10,-0.055418,0.761987,0.420916,0.000000,0.000000,0.000000,0.000000,0.000000,0.000000,nan,nan,nan,nan,nan,nan,OFF
1786341327977540065,2026-08-10T12:55:27.977557,prediction,-0.095400,0.463000,0.040711,True,-0.096438,0.469881,0.036307,0.001037,0.006881,0.004404,22.18,10,-0.056133,0.761293,0.422679,0.000000,0.000000,0.000000,0.000000,0.000000,0.000000,nan,nan,nan,nan,nan,nan,OFF
1786341328006489412,2026-08-10T12:55:28.006505,prediction,-0.095737,0.472000,0.040534,True,-0.096246,0.469263,0.036891,0.000510,0.002737,0.003643,22.37,10,-0.056133,0.761293,0.422679,0.000000,0.000000,0.000000,0.000000,0.000000,0.000000,nan,nan,nan,nan,nan,nan,OFF
1786341328042652090,2026-08-10T12:55:28.042668,prediction,-0.098366,0.468000,0.040613,True,-0.096136,0.468530,0.037471,0.002229,0.000530,0.003142,21.28,10,-0.056682,0.759459,0.422583,0.000000,0.000000,0.000000,0.000000,0.000000,0.000000,nan,nan,nan,nan,nan,nan,OFF
1786341328074395991,2026-08-10T12:55:28.074414,prediction,-0.095214,0.458000,0.040809,True,-0.095979,0.467841,0.038048,0.000766,0.009841,0.002761,21.76,10,-0.056682,0.759459,0.422583,0.000000,0.000000,0.000000,0.000000,0.000000,0.000000,nan,nan,nan,nan,nan,nan,OFF
1786341328107087523,2026-08-10T12:55:28.107103,prediction,-0.095064,0.454000,0.040888,True,-0.095791,0.467165,0.038626,0.000727,0.013165,0.002261,22.40,10,-0.057206,0.758992,0.424246,0.000000,0.000000,0.000000,0.000000,0.000000,0.000000,nan,nan,nan,nan,nan,nan,OFF
1786341328139873102,2026-08-10T12:55:28.139890,prediction,-0.095587,0.468000,0.040613,True,-0.095588,0.466497,0.039100,0.000001,0.001503,0.001513,20.09,10,-0.057206,0.758992,0.424246,0.000000,0.000000,0.000000,0.000000,0.000000,0.000000,nan,nan,nan,nan,nan,nan,OFF
1786341328173189874,2026-08-10T12:55:28.173206,prediction,-0.096073,0.481000,0.040358,True,-0.095387,0.465743,0.039508,0.000685,0.015257,0.000850,21.38,10,-0.057698,0.757241,0.424909,0.000000,0.000000,0.000000,0.000000,0.000000,0.000000,nan,nan,nan,nan,nan,nan,OFF
1786341328203465572,2026-08-10T12:55:28.203481,prediction,-0.096073,0.481000,0.040358,True,-0.095222,0.465319,0.039879,0.000851,0.015681,0.000478,19.20,10,-0.057698,0.757241,0.424909,0.000000,0.000000,0.000000,0.000000,0.000000,0.000000,nan,nan,nan,nan,nan,nan,OFF
1786341328242301310,2026-08-10T12:55:28.242335,prediction,-0.095587,0.468000,0.040613,True,-0.095085,0.465405,0.040138,0.000502,0.002595,0.000475,25.17,10,-0.058112,0.757043,0.426544,0.000000,0.000000,0.000000,0.000000,0.000000,0.000000,nan,nan,nan,nan,nan,nan,OFF
1786341328277515666,2026-08-10T12:55:28.277534,prediction,-0.095400,0.463000,0.040711,True,-0.094951,0.465691,0.040340,0.000449,0.002691,0.000371,26.37,10,-0.058112,0.757043,0.426544,0.000000,0.000000,0.000000,0.000000,0.000000,0.000000,nan,nan,nan,nan,nan,nan,OFF
1786341328308164680,2026-08-10T12:55:28.308189,prediction,-0.095064,0.454000,0.040888,True,-0.094786,0.465905,0.040424,0.000278,0.011905,0.000464,22.55,10,-0.058402,0.755192,0.426678,0.000000,0.000000,0.000000,0.000000,0.000000,0.000000,nan,nan,nan,nan,nan,nan,OFF
1786341328338486575,2026-08-10T12:55:28.338504,prediction,-0.095923,0.477000,0.040436,True,-0.094636,0.466039,0.040426,0.001288,0.010961,0.000011,21.68,10,-0.058402,0.755192,0.426678,0.000000,0.000000,0.000000,0.000000,0.000000,0.000000,nan,nan,nan,nan,nan,nan,OFF
1786341328377717008,2026-08-10T12:55:28.377733,prediction,-0.095400,0.463000,0.040711,True,-0.094492,0.466119,0.040390,0.000908,0.003119,0.000321,22.51,10,-0.058816,0.755037,0.428254,0.000000,0.000000,0.000000,0.000000,0.000000,0.000000,nan,nan,nan,nan,nan,nan,OFF
1786341328401883447,2026-08-10T12:55:28.401902,prediction,-0.098508,0.472000,0.040534,True,-0.094458,0.466436,0.040346,0.004051,0.005564,0.000188,20.09,10,-0.058816,0.755037,0.428254,0.000000,0.000000,0.000000,0.000000,0.000000,0.000000,nan,nan,nan,nan,nan,nan,OFF
1786341328436344360,2026-08-10T12:55:28.436359,prediction,-0.098366,0.468000,0.040613,True,-0.094461,0.466803,0.040309,0.003904,0.001198,0.000304,18.02,10,-0.059080,0.753583,0.428055,0.000000,0.000000,0.000000,0.000000,0.000000,0.000000,nan,nan,nan,nan,nan,nan,OFF
1786341328471352417,2026-08-10T12:55:28.471371,prediction,-0.098687,0.477000,0.040436,True,-0.094602,0.467295,0.040271,0.004085,0.009705,0.000166,21.81,10,-0.059080,0.753583,0.428055,0.000000,0.000000,0.000000,0.000000,0.000000,0.000000,nan,nan,nan,nan,nan,nan,OFF
1786341328512195196,2026-08-10T12:55:28.512217,prediction,-0.095400,0.463000,0.040711,True,-0.094671,0.467595,0.040250,0.000730,0.004595,0.000461,24.35,10,-0.059315,0.753894,0.429226,0.000000,0.000000,0.000000,0.000000,0.000000,0.000000,nan,nan,nan,nan,nan,nan,OFF
1786341328538137789,2026-08-10T12:55:28.538154,prediction,-0.095400,0.463000,0.040711,True,-0.094599,0.467592,0.040240,0.000801,0.004592,0.000471,20.90,10,-0.059315,0.753894,0.429226,0.000000,0.000000,0.000000,0.000000,0.000000,0.000000,nan,nan,nan,nan,nan,nan,OFF
1786341328577552159,2026-08-10T12:55:28.577576,prediction,-0.095400,0.463000,0.040711,True,-0.094565,0.467400,0.040228,0.000836,0.004400,0.000483,22.56,10,-0.059588,0.752897,0.428914,0.000000,0.000000,0.000000,0.000000,0.000000,0.000000,nan,nan,nan,nan,nan,nan,OFF
1786341328603064329,2026-08-10T12:55:28.603080,prediction,-0.098508,0.472000,0.040534,True,-0.094677,0.467411,0.040209,0.003831,0.004589,0.000325,19.47,10,-0.059588,0.752897,0.428914,0.000000,0.000000,0.000000,0.000000,0.000000,0.000000,nan,nan,nan,nan,nan,nan,OFF
1786341328641507686,2026-08-10T12:55:28.641529,prediction,-0.095737,0.472000,0.040534,True,-0.094768,0.467855,0.040200,0.000969,0.004145,0.000334,21.17,10,-0.059587,0.753794,0.429703,0.000000,0.000000,0.000000,0.000000,0.000000,0.000000,nan,nan,nan,nan,nan,nan,OFF
1786341328678694579,2026-08-10T12:55:28.678721,prediction,-0.095923,0.477000,0.040436,True,-0.094819,0.468280,0.040200,0.001104,0.008720,0.000236,21.92,10,-0.059587,0.753794,0.429703,0.000000,0.000000,0.000000,0.000000,0.000000,0.000000,nan,nan,nan,nan,nan,nan,OFF
1786341328705230102,2026-08-10T12:55:28.705249,prediction,-0.095064,0.454000,0.043695,True,-0.094795,0.468254,0.040321,0.000270,0.014254,0.003373,20.74,10,-0.059817,0.753077,0.428963,0.000000,0.000000,0.000000,0.000000,0.000000,0.000000,nan,nan,nan,nan,nan,nan,OFF
1786341328733659783,2026-08-10T12:55:28.733686,prediction,-0.095400,0.463000,0.043503,True,-0.094741,0.467642,0.040488,0.000660,0.004642,0.003015,16.90,10,-0.059817,0.753077,0.428963,0.000000,0.000000,0.000000,0.000000,0.000000,0.000000,nan,nan,nan,nan,nan,nan,OFF
1786341328772710877,2026-08-10T12:55:28.772726,prediction,-0.095923,0.477000,0.043205,True,-0.094718,0.467062,0.040665,0.001205,0.009938,0.002540,22.00,10,-0.059716,0.754072,0.429588,0.000000,0.000000,0.000000,0.000000,0.000000,0.000000,nan,nan,nan,nan,nan,nan,OFF
1786341328807641107,2026-08-10T12:55:28.807660,prediction,-0.095587,0.468000,0.043397,True,-0.094736,0.466874,0.040850,0.000851,0.001126,0.002547,21.11,10,-0.059716,0.754072,0.429588,0.000000,0.000000,0.000000,0.000000,0.000000,0.000000,nan,nan,nan,nan,nan,nan,OFF
1786341328842065963,2026-08-10T12:55:28.842102,prediction,-0.095737,0.472000,0.043312,True,-0.094762,0.467082,0.041052,0.000975,0.004918,0.002260,21.71,10,-0.059698,0.754831,0.429786,0.000000,0.000000,0.000000,0.000000,0.000000,0.000000,nan,nan,nan,nan,nan,nan,OFF
1786341328875150797,2026-08-10T12:55:28.875167,prediction,-0.093160,0.477000,0.043205,True,-0.094719,0.467524,0.041247,0.001559,0.009476,0.001958,21.58,10,-0.059698,0.754831,0.429786,0.000000,0.000000,0.000000,0.000000,0.000000,0.000000,nan,nan,nan,nan,nan,nan,OFF
1786341328905439019,2026-08-10T12:55:28.905455,prediction,-0.092965,0.472000,0.043312,True,-0.094512,0.467815,0.041445,0.001547,0.004185,0.001866,21.00,10,-0.059673,0.753393,0.429590,0.000000,0.000000,0.000000,0.000000,0.000000,0.000000,nan,nan,nan,nan,nan,nan,OFF
1786341328940666130,2026-08-10T12:55:28.940685,prediction,-0.092068,0.449000,0.046616,True,-0.094204,0.468091,0.041762,0.002136,0.019091,0.004854,20.13,10,-0.059673,0.753393,0.429590,0.000000,0.000000,0.000000,0.000000,0.000000,0.000000,nan,nan,nan,nan,nan,nan,OFF
1786341328977435133,2026-08-10T12:55:28.977458,prediction,-0.093160,0.477000,0.045974,True,-0.093866,0.468251,0.042123,0.000706,0.008749,0.003851,24.65,10,-0.059698,0.754140,0.429860,0.000000,0.000000,0.000000,0.000000,0.000000,0.000000,nan,nan,nan,nan,nan,nan,OFF
1786341329005316057,2026-08-10T12:55:29.005335,prediction,-0.092419,0.458000,0.046410,True,-0.093584,0.468033,0.042507,0.001165,0.010033,0.003902,20.15,10,-0.059698,0.754140,0.429860,0.000000,0.000000,0.000000,0.000000,0.000000,0.000000,nan,nan,nan,nan,nan,nan,OFF
1786341329042779927,2026-08-10T12:55:29.042799,prediction,-0.092263,0.454000,0.046501,True,-0.093332,0.467710,0.042906,0.001069,0.013710,0.003595,21.76,10,-0.060033,0.755590,0.430669,0.000000,0.000000,0.000000,0.000000,0.000000,0.000000,nan,nan,nan,nan,nan,nan,OFF
1786341329072832429,2026-08-10T12:55:29.072849,prediction,-0.092263,0.454000,0.049308,True,-0.093095,0.467237,0.043413,0.000832,0.013237,0.005895,23.17,10,-0.060033,0.755590,0.430669,0.000000,0.000000,0.000000,0.000000,0.000000,0.000000,nan,nan,nan,nan,nan,nan,OFF
1786341329107082209,2026-08-10T12:55:29.107099,prediction,-0.092263,0.454000,0.052115,True,-0.092764,0.466674,0.044086,0.000501,0.012674,0.008029,21.74,10,-0.060123,0.754939,0.430815,0.000000,0.000000,0.000000,0.000000,0.000000,0.000000,nan,nan,nan,nan,nan,nan,OFF
1786341329138639924,2026-08-10T12:55:29.138665,prediction,-0.092263,0.454000,0.052115,True,-0.092473,0.465802,0.044841,0.000210,0.011802,0.007274,21.91,10,-0.060123,0.754939,0.430815,0.000000,0.000000,0.000000,0.000000,0.000000,0.000000,nan,nan,nan,nan,nan,nan,OFF
1786341329171998822,2026-08-10T12:55:29.172026,prediction,-0.089461,0.454000,0.052115,True,-0.092101,0.464730,0.045638,0.002640,0.010730,0.006477,19.30,10,-0.060652,0.754142,0.431806,0.000000,0.000000,0.000000,0.000000,0.000000,0.000000,nan,nan,nan,nan,nan,nan,OFF
1786341329203384622,2026-08-10T12:55:29.203401,prediction,-0.090396,0.477000,0.054281,True,-0.091752,0.463559,0.046411,0.001355,0.013441,0.007869,19.83,10,-0.060652,0.754142,0.431806,0.000000,0.000000,0.000000,0.000000,0.000000,0.000000,nan,nan,nan,nan,nan,nan,OFF
1786341329239187535,2026-08-10T12:55:29.239207,prediction,-0.090559,0.481000,0.054169,True,-0.091463,0.463307,0.047176,0.000904,0.017693,0.006993,19.49,10,-0.060739,0.755091,0.432180,0.000000,0.000000,0.000000,0.000000,0.000000,0.000000,nan,nan,nan,nan,nan,nan,OFF
1786341329270862933,2026-08-10T12:55:29.270882,prediction,-0.089461,0.454000,0.057729,True,-0.091158,0.463715,0.048076,0.001697,0.009715,0.009653,18.76,10,-0.060739,0.755091,0.432180,0.000000,0.000000,0.000000,0.000000,0.000000,0.000000,nan,nan,nan,nan,nan,nan,OFF
1786341329305684402,2026-08-10T12:55:29.305698,prediction,-0.089461,0.454000,0.057729,True,-0.090809,0.463643,0.049030,0.001348,0.009643,0.008699,18.62,10,-0.061219,0.753896,0.433061,0.000000,0.000000,0.000000,0.000000,0.000000,0.000000,nan,nan,nan,nan,nan,nan,OFF
1786341329336249663,2026-08-10T12:55:29.336268,prediction,-0.089827,0.463000,0.060255,True,-0.090432,0.463034,0.050100,0.000605,0.000034,0.010155,17.69,10,-0.061219,0.753896,0.433061,0.000000,0.000000,0.000000,0.000000,0.000000,0.000000,nan,nan,nan,nan,nan,nan,OFF
1786341329380173956,2026-08-10T12:55:29.380189,prediction,-0.089461,0.454000,0.060536,True,-0.090118,0.462099,0.051242,0.000656,0.008099,0.009294,25.38,10,-0.062112,0.752785,0.434851,0.000000,0.000000,0.000000,0.000000,0.000000,0.000000,nan,nan,nan,nan,nan,nan,OFF
1786341329407041673,2026-08-10T12:55:29.407097,prediction,-0.089624,0.458000,0.060411,True,-0.089856,0.461115,0.052410,0.000232,0.003115,0.008001,21.68,10,-0.062112,0.752785,0.434851,0.000000,0.000000,0.000000,0.000000,0.000000,0.000000,nan,nan,nan,nan,nan,nan,OFF
1786341329442047961,2026-08-10T12:55:29.442071,prediction,-0.089461,0.454000,0.060536,True,-0.089642,0.460017,0.053468,0.000181,0.006017,0.007067,20.58,10,-0.062625,0.752606,0.436328,0.000000,0.000000,0.000000,0.000000,0.000000,0.000000,nan,nan,nan,nan,nan,nan,OFF
1786341329474593632,2026-08-10T12:55:29.474612,prediction,-0.090193,0.472000,0.062751,True,-0.089448,0.458970,0.054571,0.000745,0.013030,0.008181,20.67,10,-0.062625,0.752606,0.436328,0.000000,0.000000,0.000000,0.000000,0.000000,0.000000,nan,nan,nan,nan,nan,nan,OFF
1786341329508136237,2026-08-10T12:55:29.508154,prediction,-0.089827,0.463000,0.063047,True,-0.089310,0.458546,0.055693,0.000518,0.004454,0.007354,24.03,10,-0.063170,0.750933,0.437665,0.000000,0.000000,0.000000,0.000000,0.000000,0.000000,nan,nan,nan,nan,nan,nan,OFF
1786341329547082016,2026-08-10T12:55:29.547097,prediction,-0.087421,0.472000,0.062751,True,-0.089140,0.458824,0.056810,0.001718,0.013176,0.005941,24.46,10,-0.063170,0.750933,0.437665,0.000000,0.000000,0.000000,0.000000,0.000000,0.000000,nan,nan,nan,nan,nan,nan,OFF
1786341329574382961,2026-08-10T12:55:29.574396,prediction,-0.087041,0.463000,0.063047,True,-0.088930,0.459376,0.057829,0.001889,0.003624,0.005218,23.91,10,-0.063721,0.750261,0.439821,0.000000,0.000000,0.000000,0.000000,0.000000,0.000000,nan,nan,nan,nan,nan,nan,OFF
1786341329611021242,2026-08-10T12:55:29.611043,prediction,-0.086829,0.458000,0.063211,True,-0.088684,0.460037,0.058695,0.001855,0.002037,0.004516,20.97,10,-0.063721,0.750261,0.439821,0.000000,0.000000,0.000000,0.000000,0.000000,0.000000,nan,nan,nan,nan,nan,nan,OFF
1786341329647894918,2026-08-10T12:55:29.647910,prediction,-0.087252,0.468000,0.065667,True,-0.088429,0.460732,0.059570,0.001177,0.007268,0.006096,24.33,10,-0.064262,0.748726,0.441533,0.000000,0.000000,0.000000,0.000000,0.000000,0.000000,nan,nan,nan,nan,nan,nan,OFF
1786341329672667408,2026-08-10T12:55:29.672681,prediction,-0.084649,0.472000,0.065529,True,-0.088178,0.461576,0.060450,0.003529,0.010424,0.005079,21.51,10,-0.064262,0.748726,0.441533,0.000000,0.000000,0.000000,0.000000,0.000000,0.000000,nan,nan,nan,nan,nan,nan,OFF
1786341329708977308,2026-08-10T12:55:29.708991,prediction,-0.085265,0.486000,0.065046,True,-0.087922,0.462633,0.061238,0.002657,0.023367,0.003808,20.89,10,-0.064795,0.748527,0.443775,0.000000,0.000000,0.000000,0.000000,0.000000,0.000000,nan,nan,nan,nan,nan,nan,OFF
1786341329744315854,2026-08-10T12:55:29.744331,prediction,-0.081878,0.472000,0.065529,True,-0.087507,0.463122,0.061997,0.005629,0.008878,0.003531,24.10,10,-0.064795,0.748527,0.443775,0.000000,0.000000,0.000000,0.000000,0.000000,0.000000,nan,nan,nan,nan,nan,nan,OFF
1786341329769404171,2026-08-10T12:55:29.769462,prediction,-0.079342,0.477000,0.065356,True,-0.086961,0.463333,0.062607,0.007619,0.013667,0.002749,17.84,10,-0.065361,0.748006,0.445710,0.000000,0.000000,0.000000,0.000000,0.000000,0.000000,nan,nan,nan,nan,nan,nan,OFF
1786341329805652265,2026-08-10T12:55:29.805673,prediction,-0.078681,0.463000,0.065839,True,-0.086354,0.463949,0.063163,0.007673,0.000949,0.002676,22.56,10,-0.065361,0.748006,0.445710,0.000000,0.000000,0.000000,0.000000,0.000000,0.000000,nan,nan,nan,nan,nan,nan,OFF
1786341329838731634,2026-08-10T12:55:29.838749,prediction,-0.079106,0.472000,0.065529,True,-0.085721,0.464884,0.063591,0.006615,0.007116,0.001937,20.36,10,-0.065952,0.748460,0.447597,0.000000,0.000000,0.000000,0.000000,0.000000,0.000000,nan,nan,nan,nan,nan,nan,OFF
1786341329875291958,2026-08-10T12:55:29.875306,prediction,-0.079531,0.481000,0.065218,True,-0.085102,0.465998,0.063934,0.005571,0.015002,0.001284,19.86,10,-0.065952,0.748460,0.447597,0.000000,0.000000,0.000000,0.000000,0.000000,0.000000,nan,nan,nan,nan,nan,nan,OFF
1786341329907558001,2026-08-10T12:55:29.907577,prediction,-0.079767,0.486000,0.065046,True,-0.084495,0.467351,0.064235,0.004728,0.018649,0.000811,24.51,10,-0.066730,0.748153,0.449320,0.000000,0.000000,0.000000,0.000000,0.000000,0.000000,nan,nan,nan,nan,nan,nan,OFF
1786341329937733004,2026-08-10T12:55:29.937750,prediction,-0.079957,0.490000,0.064908,True,-0.083915,0.469116,0.064510,0.003958,0.020884,0.000397,22.10,10,-0.066730,0.748153,0.449320,0.000000,0.000000,0.000000,0.000000,0.000000,0.000000,nan,nan,nan,nan,nan,nan,OFF
1786341329978154832,2026-08-10T12:55:29.978197,prediction,-0.080618,0.504000,0.067149,True,-0.083345,0.471137,0.064780,0.002727,0.032863,0.002369,21.89,10,-0.067351,0.749812,0.450457,0.000000,0.000000,0.000000,0.000000,0.000000,0.000000,nan,nan,nan,nan,nan,nan,OFF
1786341330003073918,2026-08-10T12:55:30.003089,prediction,-0.077899,0.504000,0.067149,True,-0.082704,0.473552,0.065042,0.004805,0.030448,0.002107,18.11,10,-0.067351,0.749812,0.450457,0.000000,0.000000,0.000000,0.000000,0.000000,0.000000,nan,nan,nan,nan,nan,nan,OFF
1786341330040442703,2026-08-10T12:55:30.040459,prediction,-0.077899,0.504000,0.067149,True,-0.082102,0.475940,0.065314,0.004203,0.028060,0.001835,18.93,10,-0.068448,0.750753,0.451943,0.000000,0.000000,0.000000,0.000000,0.000000,0.000000,nan,nan,nan,nan,nan,nan,OFF
1786341330070147194,2026-08-10T12:55:30.070164,prediction,-0.078339,0.513000,0.066824,True,-0.081553,0.478523,0.065573,0.003214,0.034477,0.001251,19.98,10,-0.068448,0.750753,0.451943,0.000000,0.000000,0.000000,0.000000,0.000000,0.000000,nan,nan,nan,nan,nan,nan,OFF
1786341330104062817,2026-08-10T12:55:30.104079,prediction,-0.074927,0.499000,0.067330,True,-0.080909,0.481229,0.065840,0.005982,0.017771,0.001490,18.14,10,-0.069085,0.753322,0.452443,0.000000,0.000000,0.000000,0.000000,0.000000,0.000000,nan,nan,nan,nan,nan,nan,OFF
1786341330139772760,2026-08-10T12:55:30.139791,prediction,-0.072670,0.508000,0.067005,True,-0.080117,0.484112,0.066010,0.007447,0.023888,0.000994,18.76,10,-0.069085,0.753322,0.452443,0.000000,0.000000,0.000000,0.000000,0.000000,0.000000,nan,nan,nan,nan,nan,nan,OFF
1786341330176165161,2026-08-10T12:55:30.176182,prediction,-0.072931,0.513000,0.066824,True,-0.079345,0.486950,0.066126,0.006415,0.026050,0.000697,19.73,10,-0.070326,0.755739,0.453514,0.000000,0.000000,0.000000,0.000000,0.000000,0.000000,nan,nan,nan,nan,nan,nan,OFF
1786341330209709293,2026-08-10T12:55:30.209728,prediction,-0.073348,0.521000,0.066535,True,-0.078573,0.489760,0.066222,0.005225,0.031240,0.000313,21.85,10,-0.070326,0.755739,0.453514,0.000000,0.000000,0.000000,0.000000,0.000000,0.000000,nan,nan,nan,nan,nan,nan,OFF
1786341330236799917,2026-08-10T12:55:30.236841,prediction,-0.073609,0.526000,0.066354,True,-0.077935,0.492791,0.066284,0.004326,0.033209,0.000070,19.27,10,-0.071373,0.758864,0.453972,0.000000,0.000000,0.000000,0.000000,0.000000,0.000000,nan,nan,nan,nan,nan,nan,OFF
1786341330273610499,2026-08-10T12:55:30.273627,prediction,-0.070657,0.521000,0.066535,True,-0.077343,0.495825,0.066343,0.006685,0.025175,0.000191,21.50,10,-0.071373,0.758864,0.453972,0.000000,0.000000,0.000000,0.000000,0.000000,0.000000,nan,nan,nan,nan,nan,nan,OFF
1786341330307942298,2026-08-10T12:55:30.307965,prediction,-0.070657,0.521000,0.066535,True,-0.076796,0.498983,0.066385,0.006138,0.022017,0.000149,22.22,10,-0.072593,0.762383,0.454476,0.000000,0.000000,0.000000,0.000000,0.000000,0.000000,nan,nan,nan,nan,nan,nan,OFF
1786341330343437716,2026-08-10T12:55:30.343459,prediction,-0.070927,0.526000,0.066354,True,-0.076263,0.502225,0.066426,0.005337,0.023775,0.000072,22.53,10,-0.072593,0.762383,0.454476,0.000000,0.000000,0.000000,0.000000,0.000000,0.000000,nan,nan,nan,nan,nan,nan,OFF
1786341330383244916,2026-08-10T12:55:30.383290,prediction,-0.068466,0.530000,0.068891,True,-0.075631,0.505651,0.066574,0.007165,0.024349,0.002316,26.30,10,-0.073723,0.766441,0.454817,0.000000,0.000000,0.000000,0.000000,0.000000,0.000000,nan,nan,nan,nan,nan,nan,OFF
1786341330410110836,2026-08-10T12:55:30.410128,prediction,-0.071358,0.534000,0.068739,True,-0.075042,0.509048,0.066782,0.003685,0.024952,0.001957,22.37,10,-0.073723,0.766441,0.454817,0.000000,0.000000,0.000000,0.000000,0.000000,0.000000,nan,nan,nan,nan,nan,nan,OFF
1786341330442043244,2026-08-10T12:55:30.442070,prediction,-0.071358,0.534000,0.068739,True,-0.074463,0.512369,0.067026,0.003105,0.021631,0.001713,21.94,10,-0.074848,0.770975,0.455124,0.000000,0.000000,0.000000,0.000000,0.000000,0.000000,nan,nan,nan,nan,nan,nan,OFF
1786341330473579113,2026-08-10T12:55:30.473598,prediction,-0.071842,0.543000,0.068399,True,-0.073875,0.515517,0.067192,0.002032,0.027483,0.001207,20.28,10,-0.074848,0.770975,0.455124,0.000000,0.000000,0.000000,0.000000,0.000000,0.000000,nan,nan,nan,nan,nan,nan,OFF
1786341330508434071,2026-08-10T12:55:30.508451,prediction,-0.072273,0.551000,0.068097,True,-0.073394,0.518402,0.067301,0.001121,0.032598,0.000796,21.46,10,-0.076000,0.776061,0.455424,0.000000,0.000000,0.000000,0.000000,0.000000,0.000000,nan,nan,nan,nan,nan,nan,OFF
1786341330540799748,2026-08-10T12:55:30.540815,prediction,-0.074915,0.551000,0.068097,True,-0.073065,0.521364,0.067379,0.001850,0.029636,0.000718,20.87,10,-0.076000,0.776061,0.455424,0.000000,0.000000,0.000000,0.000000,0.000000,0.000000,nan,nan,nan,nan,nan,nan,OFF
1786341330572832706,2026-08-10T12:55:30.572845,prediction,-0.075593,0.564000,0.067606,True,-0.072821,0.524410,0.067435,0.002772,0.039590,0.000171,20.32,10,-0.077134,0.781486,0.455695,0.000000,0.000000,0.000000,0.000000,0.000000,0.000000,nan,nan,nan,nan,nan,nan,OFF
1786341330606767295,2026-08-10T12:55:30.606781,prediction,-0.077960,0.559000,0.067795,True,-0.072835,0.527753,0.067467,0.005126,0.031247,0.000328,21.17,10,-0.077134,0.781486,0.455695,0.000000,0.000000,0.000000,0.000000,0.000000,0.000000,nan,nan,nan,nan,nan,nan,OFF
1786341330639317961,2026-08-10T12:55:30.639340,prediction,-0.078415,0.568000,0.064836,True,-0.073078,0.531328,0.067389,0.005338,0.036672,0.002553,21.12,10,-0.078198,0.787114,0.455923,0.000000,0.000000,0.000000,0.000000,0.000000,0.000000,nan,nan,nan,nan,nan,nan,OFF
1786341330675536184,2026-08-10T12:55:30.675557,prediction,-0.081616,0.580000,0.064402,True,-0.073541,0.535150,0.067245,0.008075,0.044850,0.002842,21.68,10,-0.078198,0.787114,0.455923,0.000000,0.000000,0.000000,0.000000,0.000000,0.000000,nan,nan,nan,nan,nan,nan,OFF
1786341330710257609,2026-08-10T12:55:30.710281,prediction,-0.085155,0.600000,0.061114,True,-0.074225,0.539327,0.066959,0.010930,0.060673,0.005845,20.24,10,-0.079082,0.793058,0.456099,0.000000,0.000000,0.000000,0.000000,0.000000,0.000000,nan,nan,nan,nan,nan,nan,OFF
1786341330741814268,2026-08-10T12:55:30.741836,prediction,-0.090452,0.604000,0.058417,True,-0.075202,0.544077,0.066509,0.015250,0.059924,0.008093,21.77,10,-0.079082,0.793058,0.456099,0.000000,0.000000,0.000000,0.000000,0.000000,0.000000,nan,nan,nan,nan,nan,nan,OFF
1786341330772618585,2026-08-10T12:55:30.772633,prediction,-0.091287,0.623000,0.052737,True,-0.076460,0.549299,0.065763,0.014827,0.073701,0.013026,19.62,10,-0.079640,0.799191,0.456189,0.000000,0.000000,0.000000,0.000000,0.000000,0.000000,nan,nan,nan,nan,nan,nan,OFF
1786341330809651627,2026-08-10T12:55:30.809687,prediction,-0.099168,0.631000,0.047472,True,-0.078143,0.555343,0.064672,0.021025,0.075657,0.017200,19.60,10,-0.079640,0.799191,0.456189,0.000000,0.000000,0.000000,0.000000,0.000000,0.000000,nan,nan,nan,nan,nan,nan,OFF
1786341330839437741,2026-08-10T12:55:30.839460,prediction,-0.099012,0.627000,0.045056,True,-0.080008,0.562002,0.063327,0.019003,0.064998,0.018271,19.12,10,-0.079769,0.805608,0.456108,0.000000,0.000000,0.000000,0.000000,0.000000,0.000000,nan,nan,nan,nan,nan,nan,OFF
1786341330877103698,2026-08-10T12:55:30.877158,prediction,-0.102350,0.649000,0.039546,True,-0.082167,0.568953,0.061565,0.020183,0.080047,0.022019,21.10,10,-0.079769,0.805608,0.456108,0.000000,0.000000,0.000000,0.000000,0.000000,0.000000,nan,nan,nan,nan,nan,nan,OFF
1786341330912802900,2026-08-10T12:55:30.912815,prediction,-0.102910,0.664000,0.036767,True,-0.084370,0.576420,0.059503,0.018540,0.087580,0.022737,23.52,10,-0.079359,0.812492,0.455731,0.000000,0.000000,0.000000,0.000000,0.000000,0.000000,nan,nan,nan,nan,nan,nan,OFF
1786341330943882308,2026-08-10T12:55:30.943897,prediction,-0.103321,0.675000,0.036551,True,-0.086596,0.584511,0.057300,0.016725,0.090489,0.020750,19.69,10,-0.079359,0.812492,0.455731,0.000000,0.000000,0.000000,0.000000,0.000000,0.000000,nan,nan,nan,nan,nan,nan,OFF
1786341330979771128,2026-08-10T12:55:30.979790,prediction,-0.103321,0.675000,0.036551,True,-0.088801,0.593280,0.055061,0.014520,0.081720,0.018510,25.37,10,-0.078379,0.819763,0.454938,0.000000,0.000000,0.000000,0.000000,0.000000,0.000000,nan,nan,nan,nan,nan,nan,OFF
1786341331011312776,2026-08-10T12:55:31.011327,prediction,-0.103172,0.671000,0.034181,True,-0.090956,0.602162,0.052749,0.012216,0.068838,0.018568,23.21,10,-0.078379,0.819763,0.454938,0.000000,0.000000,0.000000,0.000000,0.000000,0.000000,nan,nan,nan,nan,nan,nan,OFF
1786341331042342075,2026-08-10T12:55:31.042367,prediction,-0.108536,0.685000,0.031504,True,-0.093171,0.610791,0.050320,0.015365,0.074209,0.018816,21.23,10,-0.076849,0.827747,0.453686,0.000000,0.000000,0.000000,0.000000,0.000000,0.000000,nan,nan,nan,nan,nan,nan,OFF
1786341331073636113,2026-08-10T12:55:31.073651,prediction,-0.108536,0.685000,0.031504,True,-0.095381,0.619503,0.047867,0.013155,0.065497,0.016363,21.53,10,-0.076849,0.827747,0.453686,0.000000,0.000000,0.000000,0.000000,0.000000,0.000000,nan,nan,nan,nan,nan,nan,OFF
1786341331112341677,2026-08-10T12:55:31.112357,prediction,-0.108672,0.689000,0.029020,True,-0.097499,0.628051,0.045317,0.011173,0.060949,0.016297,22.34,10,-0.074825,0.836606,0.451974,0.000000,0.000000,0.000000,0.000000,0.000000,0.000000,nan,nan,nan,nan,nan,nan,OFF
1786341331140357715,2026-08-10T12:55:31.140380,prediction,-0.108672,0.689000,0.029020,True,-0.099550,0.636444,0.042834,0.009122,0.052556,0.013814,23.24,10,-0.074825,0.836606,0.451974,0.000000,0.000000,0.000000,0.000000,0.000000,0.000000,nan,nan,nan,nan,nan,nan,OFF
1786341331180967094,2026-08-10T12:55:31.180982,prediction,-0.111184,0.692000,0.026563,True,-0.101541,0.644629,0.040323,0.009642,0.047371,0.013761,22.81,10,-0.072470,0.846030,0.449884,0.000000,0.000000,0.000000,0.000000,0.000000,0.000000,nan,nan,nan,nan,nan,nan,OFF
1786341331207315944,2026-08-10T12:55:31.207335,prediction,-0.111735,0.709000,0.028727,True,-0.103389,0.652424,0.037998,0.008346,0.056575,0.009271,20.03,10,-0.072470,0.846030,0.449884,0.000000,0.000000,0.000000,0.000000,0.000000,0.000000,nan,nan,nan,nan,nan,nan,OFF
1786341331242705436,2026-08-10T12:55:31.242721,prediction,-0.111540,0.703000,0.028815,True,-0.104961,0.659711,0.035875,0.006580,0.043289,0.007060,22.29,10,-0.070022,0.855442,0.447591,0.000000,0.000000,0.000000,0.000000,0.000000,0.000000,nan,nan,nan,nan,nan,nan,OFF
1786341331274629834,2026-08-10T12:55:31.274646,prediction,-0.116409,0.706000,0.028771,True,-0.106543,0.666670,0.034065,0.009866,0.039330,0.005294,19.54,10,-0.070022,0.855442,0.447591,0.000000,0.000000,0.000000,0.000000,0.000000,0.000000,nan,nan,nan,nan,nan,nan,OFF
1786341331308664227,2026-08-10T12:55:31.308682,prediction,-0.118878,0.709000,0.023956,True,-0.107934,0.672910,0.032434,0.010944,0.036090,0.008478,21.72,10,-0.067556,0.864863,0.445161,0.000000,0.000000,0.000000,0.000000,0.000000,0.000000,nan,nan,nan,nan,nan,nan,OFF
1786341331340482034,2026-08-10T12:55:31.340499,prediction,-0.121620,0.723000,0.026159,True,-0.109339,0.678669,0.031056,0.012281,0.044331,0.004897,21.40,10,-0.067556,0.864863,0.445161,0.000000,0.000000,0.000000,0.000000,0.000000,0.000000,nan,nan,nan,nan,nan,nan,OFF
1786341331373374501,2026-08-10T12:55:31.373390,prediction,-0.123640,0.709000,0.023956,True,-0.110712,0.684069,0.029922,0.012928,0.024931,0.005966,19.55,10,-0.065136,0.874246,0.442675,0.000000,0.000000,0.000000,0.000000,0.000000,0.000000,nan,nan,nan,nan,nan,nan,OFF
1786341331407044175,2026-08-10T12:55:31.407068,prediction,-0.123905,0.720000,0.023831,True,-0.112063,0.689082,0.029000,0.011842,0.030918,0.005169,19.67,10,-0.065136,0.874246,0.442675,0.000000,0.000000,0.000000,0.000000,0.000000,0.000000,nan,nan,nan,nan,nan,nan,OFF
1786341331441481550,2026-08-10T12:55:31.441521,prediction,-0.121259,0.709000,0.023956,True,-0.113297,0.693121,0.028183,0.007962,0.015879,0.004227,21.80,10,-0.062778,0.883585,0.440192,0.000000,0.000000,0.000000,0.000000,0.000000,0.000000,nan,nan,nan,nan,nan,nan,OFF
1786341331472679336,2026-08-10T12:55:31.472697,prediction,-0.121439,0.716000,0.021502,True,-0.114487,0.696419,0.027318,0.006952,0.019581,0.005816,20.77,10,-0.062778,0.883585,0.440192,0.000000,0.000000,0.000000,0.000000,0.000000,0.000000,nan,nan,nan,nan,nan,nan,OFF
1786341331506546774,2026-08-10T12:55:31.506565,prediction,-0.121620,0.723000,0.019072,True,-0.115679,0.699322,0.026409,0.005942,0.023679,0.007337,21.99,10,-0.060440,0.893037,0.437709,0.000000,0.000000,0.000000,0.000000,0.000000,0.000000,nan,nan,nan,nan,nan,nan,OFF
1786341331540278525,2026-08-10T12:55:31.540295,prediction,-0.121259,0.709000,0.019185,True,-0.116664,0.702039,0.025567,0.004594,0.006961,0.006383,19.48,10,-0.060440,0.893037,0.437709,0.000000,0.000000,0.000000,0.000000,0.000000,0.000000,nan,nan,nan,nan,nan,nan,OFF
1786341331572120047,2026-08-10T12:55:31.572138,prediction,-0.121362,0.713000,0.019152,True,-0.117552,0.704314,0.024751,0.003810,0.008686,0.005599,18.40,10,-0.058139,0.902431,0.435267,0.000000,0.000000,0.000000,0.000000,0.000000,0.000000,nan,nan,nan,nan,nan,nan,OFF
1786341331605099107,2026-08-10T12:55:31.605113,prediction,-0.121362,0.713000,0.019152,True,-0.118389,0.706314,0.024032,0.002973,0.006686,0.004879,20.51,10,-0.058139,0.902431,0.435267,0.000000,0.000000,0.000000,0.000000,0.000000,0.000000,nan,nan,nan,nan,nan,nan,OFF
1786341331651849183,2026-08-10T12:55:31.651870,prediction,-0.123736,0.713000,0.019152,True,-0.119290,0.708071,0.023358,0.004446,0.004929,0.004205,26.00,10,-0.055843,0.911844,0.432843,0.000000,0.000000,0.000000,0.000000,0.000000,0.000000,nan,nan,nan,nan,nan,nan,OFF
1786341331675145949,2026-08-10T12:55:31.675164,prediction,-0.123495,0.703000,0.019233,True,-0.120127,0.709695,0.022796,0.003367,0.006695,0.003563,19.55,10,-0.055843,0.911844,0.432843,0.000000,0.000000,0.000000,0.000000,0.000000,0.000000,nan,nan,nan,nan,nan,nan,OFF
1786341331708187016,2026-08-10T12:55:31.708245,prediction,-0.123567,0.706000,0.023990,True,-0.120917,0.710976,0.022384,0.002650,0.004976,0.001606,20.24,10,-0.053521,0.921316,0.430431,0.000000,0.000000,0.000000,0.000000,0.000000,0.000000,nan,nan,nan,nan,nan,nan,OFF
1786341331742397071,2026-08-10T12:55:31.742458,prediction,-0.123398,0.699000,0.026471,True,-0.121686,0.711636,0.022131,0.001712,0.012636,0.004340,18.36,10,-0.053521,0.921316,0.430431,0.000000,0.000000,0.000000,0.000000,0.000000,0.000000,nan,nan,nan,nan,nan,nan,OFF
1786341331776055855,2026-08-10T12:55:31.776073,prediction,-0.122987,0.682000,0.031553,True,-0.122254,0.711696,0.022142,0.000733,0.029696,0.009411,21.44,10,-0.051183,0.930715,0.428070,0.000000,0.000000,0.000000,0.000000,0.000000,0.000000,nan,nan,nan,nan,nan,nan,OFF
1786341331809345441,2026-08-10T12:55:31.809370,prediction,-0.122552,0.664000,0.036767,True,-0.122614,0.710918,0.022645,0.000063,0.046918,0.014122,21.54,10,-0.051183,0.930715,0.428070,0.000000,0.000000,0.000000,0.000000,0.000000,0.000000,nan,nan,nan,nan,nan,nan,OFF
1786341331841700643,2026-08-10T12:55:31.841718,prediction,-0.117724,0.667000,0.044073,True,-0.122595,0.709097,0.023585,0.004872,0.042097,0.020488,21.39,10,-0.048783,0.940109,0.425751,0.000000,0.000000,0.000000,0.000000,0.000000,0.000000,nan,nan,nan,nan,nan,nan,OFF
1786341331874390196,2026-08-10T12:55:31.874406,prediction,-0.117229,0.649000,0.049485,True,-0.122298,0.706559,0.025020,0.005068,0.057559,0.024465,20.65,10,-0.048783,0.940109,0.425751,0.000000,0.000000,0.000000,0.000000,0.000000,0.000000,nan,nan,nan,nan,nan,nan,OFF
1786341331914972305,2026-08-10T12:55:31.914991,prediction,-0.109206,0.631000,0.055015,True,-0.121559,0.702882,0.026907,0.012352,0.071882,0.028109,23.52,10,-0.046288,0.949555,0.423487,0.000000,0.000000,0.000000,0.000000,0.000000,0.000000,nan,nan,nan,nan,nan,nan,OFF
1786341331945599363,2026-08-10T12:55:31.945624,prediction,-0.106015,0.611000,0.060734,True,-0.120586,0.698298,0.029217,0.014570,0.087298,0.031517,22.54,10,-0.046288,0.949555,0.423487,0.000000,0.000000,0.000000,0.000000,0.000000,0.000000,nan,nan,nan,nan,nan,nan,OFF
1786341331978989950,2026-08-10T12:55:31.979003,prediction,-0.094422,0.576000,0.067152,True,-0.119067,0.692420,0.032052,0.024645,0.116420,0.035100,21.64,10,-0.043701,0.959007,0.421349,0.000000,0.000000,0.000000,0.000000,0.000000,0.000000,nan,nan,nan,nan,nan,nan,OFF
1786341332015995562,2026-08-10T12:55:32.016017,prediction,-0.083217,0.559000,0.070428,True,-0.116859,0.684716,0.035352,0.033642,0.125716,0.035076,23.64,10,-0.043701,0.959007,0.421349,0.000000,0.000000,0.000000,0.000000,0.000000,0.000000,nan,nan,nan,nan,nan,nan,OFF
1786341332048733051,2026-08-10T12:55:32.048753,prediction,-0.080198,0.551000,0.076037,True,-0.114220,0.675404,0.039070,0.034022,0.124404,0.036967,22.40,10,-0.041044,0.968427,0.419497,0.000000,0.000000,0.000000,0.000000,0.000000,0.000000,nan,nan,nan,nan,nan,nan,OFF
1786341332074811726,2026-08-10T12:55:32.074825,prediction,-0.060679,0.534000,0.082113,True,-0.110656,0.665404,0.043212,0.049976,0.131404,0.038901,21.53,10,-0.041044,0.968427,0.419497,0.000000,0.000000,0.000000,0.000000,0.000000,0.000000,nan,nan,nan,nan,nan,nan,OFF
1786341332110179072,2026-08-10T12:55:32.110201,prediction,-0.042552,0.504000,0.086219,True,-0.105969,0.655404,0.047705,0.063417,0.151404,0.038514,20.61,10,-0.038315,0.978025,0.418339,0.000000,0.000000,0.000000,0.000000,0.000000,0.000000,nan,nan,nan,nan,nan,nan,OFF
1786341332140109490,2026-08-10T12:55:32.140123,prediction,-0.024071,0.477000,0.090276,True,-0.099954,0.645404,0.052508,0.075883,0.168404,0.037768,20.26,10,-0.038315,0.978025,0.418339,0.000000,0.000000,0.000000,0.000000,0.000000,0.000000,nan,nan,nan,nan,nan,nan,OFF
1786341332171897386,2026-08-10T12:55:32.171913,prediction,-0.004966,0.449000,0.094473,True,-0.092582,0.635404,0.057600,0.087616,0.186404,0.036873,19.82,10,-0.036278,0.985798,0.418335,0.000000,0.000000,0.000000,0.000000,0.000000,0.000000,nan,nan,nan,nan,nan,nan,OFF
1786341332205736776,2026-08-10T12:55:32.205750,prediction,0.013792,0.430000,0.098289,True,-0.083858,0.625404,0.062786,0.097650,0.195404,0.035502,19.95,10,-0.036278,0.985798,0.418335,0.000000,0.000000,0.000000,0.000000,0.000000,0.000000,nan,nan,nan,nan,nan,nan,OFF
1786341332239603678,2026-08-10T12:55:32.239624,prediction,0.018667,0.410000,0.096463,True,-0.074326,0.615404,0.067834,0.092993,0.205404,0.028629,20.87,10,-0.041245,0.975988,0.425392,0.000000,0.000000,0.000000,0.000000,0.000000,0.000000,nan,nan,nan,nan,nan,nan,OFF
1786341332274658683,2026-08-10T12:55:32.274671,prediction,0.035235,0.390000,0.097483,True,-0.064326,0.605404,0.072632,0.099562,0.215404,0.024851,21.67,10,-0.041245,0.975988,0.425392,0.000000,0.000000,0.000000,0.000000,0.000000,0.000000,nan,nan,nan,nan,nan,nan,OFF
1786341332311578761,2026-08-10T12:55:32.311608,prediction,0.041049,0.390000,0.097483,True,-0.054326,0.595404,0.077078,0.095376,0.205404,0.020405,21.29,10,-0.042296,0.974229,0.426352,0.000000,0.000000,0.000000,0.000000,0.000000,0.000000,nan,nan,nan,nan,nan,nan,OFF
1786341332340781365,2026-08-10T12:55:32.340801,prediction,0.062307,0.359000,0.099064,True,-0.044326,0.585404,0.081106,0.106634,0.226404,0.017958,19.16,10,-0.042296,0.974229,0.426352,0.000000,0.000000,0.000000,0.000000,0.000000,0.000000,nan,nan,nan,nan,nan,nan,OFF
1786341332382773189,2026-08-10T12:55:32.382798,prediction,0.073231,0.343000,0.099881,True,-0.034326,0.575404,0.084722,0.107557,0.232404,0.015159,21.91,10,-0.044589,0.971001,0.428299,0.000000,0.000000,0.000000,0.000000,0.000000,0.000000,nan,nan,nan,nan,nan,nan,OFF
1786341332410153282,2026-08-10T12:55:32.410174,prediction,0.084977,0.322000,0.100952,True,-0.024326,0.565404,0.087943,0.109303,0.243404,0.013008,21.55,10,-0.044589,0.971001,0.428299,0.000000,0.000000,0.000000,0.000000,0.000000,0.000000,nan,nan,nan,nan,nan,nan,OFF
1786341332445636867,2026-08-10T12:55:32.445669,prediction,0.094832,0.294000,0.096238,True,-0.014326,0.555404,0.090571,0.109158,0.261404,0.005667,20.61,10,-0.048044,0.966005,0.431002,0.000000,0.000000,0.000000,0.000000,0.000000,0.000000,nan,nan,nan,nan,nan,nan,OFF
1786341332481331360,2026-08-10T12:55:32.481356,prediction,0.105848,0.259000,0.097908,True,-0.004326,0.545404,0.092721,0.110174,0.286404,0.005187,22.93,10,-0.048044,0.966005,0.431002,0.000000,0.000000,0.000000,0.000000,0.000000,0.000000,nan,nan,nan,nan,nan,nan,OFF
1786341332513895602,2026-08-10T12:55:32.513911,prediction,0.108665,0.283000,0.096763,True,0.005674,0.535404,0.094483,0.102991,0.252404,0.002280,23.08,10,-0.052817,0.959315,0.434294,0.000000,0.000000,0.000000,0.000000,0.000000,0.000000,nan,nan,nan,nan,nan,nan,OFF
1786341332544207641,2026-08-10T12:55:32.544224,prediction,0.118340,0.259000,0.097908,True,0.015674,0.525404,0.095900,0.102666,0.266404,0.002007,20.87,10,-0.052817,0.959315,0.434294,0.000000,0.000000,0.000000,0.000000,0.000000,0.000000,nan,nan,nan,nan,nan,nan,OFF
1786341332579961285,2026-08-10T12:55:32.579977,prediction,0.125334,0.254000,0.098146,True,0.025674,0.515404,0.096947,0.099660,0.261404,0.001199,22.14,10,-0.058519,0.951842,0.437648,0.000000,0.000000,0.000000,0.000000,0.000000,0.000000,nan,nan,nan,nan,nan,nan,OFF
1786341332610772918,2026-08-10T12:55:32.610792,prediction,0.134346,0.236000,0.099005,True,0.035674,0.505404,0.097704,0.098672,0.269404,0.001301,23.70,10,-0.058519,0.951842,0.437648,0.000000,0.000000,0.000000,0.000000,0.000000,0.000000,nan,nan,nan,nan,nan,nan,OFF
1786341332647369354,2026-08-10T12:55:32.647386,prediction,0.145722,0.224000,0.102764,True,0.045674,0.495404,0.098325,0.100048,0.271404,0.004440,20.44,10,-0.064478,0.944447,0.440769,0.000000,0.000000,0.000000,0.000000,0.000000,0.000000,nan,nan,nan,nan,nan,nan,OFF
1786341332679757514,2026-08-10T12:55:32.679775,prediction,0.140201,0.259000,0.101037,True,0.055674,0.485404,0.098693,0.084527,0.226404,0.002343,21.47,10,-0.064478,0.944447,0.440769,0.000000,0.000000,0.000000,0.000000,0.000000,0.000000,nan,nan,nan,nan,nan,nan,OFF
1786341332713887382,2026-08-10T12:55:32.713907,prediction,0.141936,0.248000,0.101580,True,0.065674,0.475404,0.098846,0.076263,0.227404,0.002734,23.14,10,-0.070683,0.937101,0.443652,0.000000,0.000000,0.000000,0.000000,0.000000,0.000000,nan,nan,nan,nan,nan,nan,OFF
1786341332743425771,2026-08-10T12:55:32.743440,prediction,0.140668,0.236000,0.105339,True,0.075674,0.465404,0.099123,0.064994,0.229404,0.006216,20.44,10,-0.070683,0.937101,0.443652,0.000000,0.000000,0.000000,0.000000,0.000000,0.000000,nan,nan,nan,nan,nan,nan,OFF
1786341332778547402,2026-08-10T12:55:32.778567,prediction,0.150974,0.211000,0.106614,True,0.085674,0.455404,0.099504,0.065301,0.244404,0.007111,21.41,10,-0.077021,0.929856,0.446257,0.000000,0.000000,0.000000,0.000000,0.000000,0.000000,nan,nan,nan,nan,nan,nan,OFF
1786341332810197678,2026-08-10T12:55:32.810217,prediction,0.166771,0.193000,0.110771,True,0.095674,0.445404,0.100107,0.071097,0.252404,0.010664,20.49,10,-0.077021,0.929856,0.446257,0.000000,0.000000,0.000000,0.000000,0.000000,0.000000,nan,nan,nan,nan,nan,nan,OFF
1786341332844234300,2026-08-10T12:55:32.844250,prediction,0.167766,0.187000,0.111087,True,0.105674,0.435404,0.100804,0.062093,0.248404,0.010283,22.41,10,-0.083506,0.922623,0.448615,0.000000,0.000000,0.000000,0.000000,0.000000,0.000000,nan,nan,nan,nan,nan,nan,OFF
1786341332876104923,2026-08-10T12:55:32.876125,prediction,0.172182,0.180000,0.111455,True,0.115674,0.425404,0.101547,0.056508,0.245404,0.009908,20.46,10,-0.083506,0.922623,0.448615,0.000000,0.000000,0.000000,0.000000,0.000000,0.000000,nan,nan,nan,nan,nan,nan,OFF
1786341332906498355,2026-08-10T12:55:32.906517,prediction,0.171008,0.187000,0.111087,True,0.125674,0.415404,0.102271,0.045335,0.228404,0.008816,19.90,10,-0.090114,0.915383,0.450743,0.000000,0.000000,0.000000,0.000000,0.000000,0.000000,nan,nan,nan,nan,nan,nan,OFF
1786341332941724203,2026-08-10T12:55:32.941742,prediction,0.172182,0.180000,0.111455,True,0.135674,0.405404,0.103174,0.036508,0.225404,0.008281,20.59,10,-0.090114,0.915383,0.450743,0.000000,0.000000,0.000000,0.000000,0.000000,0.000000,nan,nan,nan,nan,nan,nan,OFF
1786341332973236098,2026-08-10T12:55:32.973252,prediction,0.193547,0.073000,0.113654,True,0.144993,0.395404,0.104187,0.048555,0.322404,0.009467,20.23,10,-0.096779,0.908180,0.452652,0.000000,0.000000,0.000000,0.000000,0.000000,0.000000,nan,nan,nan,nan,nan,nan,OFF
1786341333006871091,2026-08-10T12:55:33.006888,prediction,0.202617,0.080000,0.113297,True,0.152699,0.385404,0.105270,0.049918,0.305404,0.008027,19.28,10,-0.096779,0.908180,0.452652,0.000000,0.000000,0.000000,0.000000,0.000000,0.000000,nan,nan,nan,nan,nan,nan,OFF
1786341333039462019,2026-08-10T12:55:33.039481,prediction,0.215161,0.008000,0.113426,True,0.159714,0.375404,0.106347,0.055447,0.367404,0.007079,19.68,10,-0.103468,0.901014,0.454371,0.000000,0.000000,0.000000,0.000000,0.000000,0.000000,nan,nan,nan,nan,nan,nan,OFF
1786341333077967875,2026-08-10T12:55:33.077988,prediction,0.216554,-0.000000,0.113821,True,0.166225,0.365404,0.107423,0.050329,0.365404,0.006398,20.33,10,-0.103468,0.901014,0.454371,0.000000,0.000000,0.000000,0.000000,0.000000,0.000000,nan,nan,nan,nan,nan,nan,OFF
1786341333108650570,2026-08-10T12:55:33.108666,prediction,0.208714,0.045000,0.104635,True,0.171901,0.355404,0.108139,0.036814,0.310404,0.003504,19.18,10,-0.110289,0.893720,0.455972,0.000000,0.000000,0.000000,0.000000,0.000000,0.000000,nan,nan,nan,nan,nan,nan,OFF
1786341333142538697,2026-08-10T12:55:33.142551,prediction,0.213941,0.015000,0.102484,True,0.176937,0.345404,0.108453,0.037004,0.330404,0.005969,20.45,10,-0.110289,0.893720,0.455972,0.000000,0.000000,0.000000,0.000000,0.000000,0.000000,nan,nan,nan,nan,nan,nan,OFF
1786341333177578589,2026-08-10T12:55:33.177603,prediction,0.213941,0.015000,0.098952,True,0.181845,0.335404,0.108491,0.032096,0.320404,0.009539,19.95,10,-0.116973,0.886536,0.457428,0.000000,0.000000,0.000000,0.000000,0.000000,0.000000,nan,nan,nan,nan,nan,nan,OFF
1786341333206499086,2026-08-10T12:55:33.206517,prediction,0.216973,-0.023000,0.096982,True,0.186737,0.325404,0.108298,0.030237,0.348404,0.011316,18.59,10,-0.116973,0.886536,0.457428,0.000000,0.000000,0.000000,0.000000,0.000000,0.000000,nan,nan,nan,nan,nan,nan,OFF
1786341333250091146,2026-08-10T12:55:33.250140,prediction,0.218181,-0.030000,0.090057,True,0.191716,0.315404,0.107609,0.026465,0.345404,0.017552,23.63,10,-0.123659,0.879262,0.458796,0.000000,0.000000,0.000000,0.000000,0.000000,0.000000,nan,nan,nan,nan,nan,nan,OFF
1786341333278224738,2026-08-10T12:55:33.278245,prediction,0.205111,-0.038000,0.075880,True,0.195931,0.305404,0.106134,0.009180,0.343404,0.030254,19.68,10,-0.123659,0.879262,0.458796,0.000000,0.000000,0.000000,0.000000,0.000000,0.000000,nan,nan,nan,nan,nan,nan,OFF
1786341333314937678,2026-08-10T12:55:33.314955,prediction,0.192985,-0.030000,0.064811,True,0.198799,0.295404,0.103740,0.005815,0.325404,0.038929,25.31,10,-0.130361,0.871841,0.460092,0.000000,0.000000,0.000000,0.000000,0.000000,0.000000,nan,nan,nan,nan,nan,nan,OFF
1786341333348329458,2026-08-10T12:55:33.348356,prediction,0.183528,-0.062000,0.058332,True,0.200641,0.285404,0.100648,0.017112,0.347404,0.042316,23.93,10,-0.130361,0.871841,0.460092,0.000000,0.000000,0.000000,0.000000,0.000000,0.000000,nan,nan,nan,nan,nan,nan,OFF
1786341333380480566,2026-08-10T12:55:33.380500,prediction,0.171261,-0.103000,0.044364,True,0.201412,0.275404,0.096717,0.030151,0.378404,0.052353,25.92,10,-0.136895,0.864422,0.461277,0.000000,0.000000,0.000000,0.000000,0.000000,0.000000,nan,nan,nan,nan,nan,nan,OFF
1786341333408823252,2026-08-10T12:55:33.408845,prediction,0.182517,-0.180000,0.034058,True,0.202093,0.265404,0.092016,0.019576,0.445404,0.057958,20.40,10,-0.136895,0.864422,0.461277,0.000000,0.000000,0.000000,0.000000,0.000000,0.000000,nan,nan,nan,nan,nan,nan,OFF
1786341333448037726,2026-08-10T12:55:33.448063,prediction,0.162041,-0.171000,0.030116,True,0.201980,0.255404,0.086799,0.039939,0.426404,0.056683,26.68,10,-0.143315,0.856879,0.462343,0.000000,0.000000,0.000000,0.000000,0.000000,0.000000,nan,nan,nan,nan,nan,nan,OFF
1786341333492054177,2026-08-10T12:55:33.492073,prediction,0.137897,-0.162000,0.022379,True,0.199881,0.245404,0.081011,0.061984,0.407404,0.058631,30.67,10,-0.143315,0.856879,0.462343,0.000000,0.000000,0.000000,0.000000,0.000000,0.000000,nan,nan,nan,nan,nan,nan,OFF
1786341333519209231,2026-08-10T12:55:33.519230,prediction,0.116774,-0.145000,0.022270,True,0.195733,0.235404,0.074968,0.078959,0.380404,0.052697,23.54,10,-0.149736,0.849174,0.463348,0.000000,0.000000,0.000000,0.000000,0.000000,0.000000,nan,nan,nan,nan,nan,nan,OFF
1786341333556958709,2026-08-10T12:55:33.556976,prediction,0.117120,-0.180000,0.018640,True,0.190165,0.225404,0.068677,0.073045,0.405404,0.050037,26.69,10,-0.149736,0.849174,0.463348,0.000000,0.000000,0.000000,0.000000,0.000000,0.000000,nan,nan,nan,nan,nan,nan,OFF
1786341333586125792,2026-08-10T12:55:33.586148,prediction,0.101733,-0.180000,0.018640,True,0.183377,0.215404,0.062248,0.081644,0.395404,0.043607,24.04,10,-0.155899,0.841392,0.464167,0.000000,0.000000,0.000000,0.000000,0.000000,0.000000,nan,nan,nan,nan,nan,nan,OFF
1786341333610717155,2026-08-10T12:55:33.610739,prediction,0.102737,-0.189000,0.022552,True,0.176419,0.205404,0.056210,0.073682,0.394404,0.033658,20.87,10,-0.155899,0.841392,0.464167,0.000000,0.000000,0.000000,0.000000,0.000000,0.000000,nan,nan,nan,nan,nan,nan,OFF
1786341333644346003,2026-08-10T12:55:33.644362,prediction,0.090192,-0.180000,0.022495,True,0.169035,0.195404,0.050434,0.078843,0.375404,0.027939,22.68,10,-0.161688,0.833304,0.464650,0.000000,0.000000,0.000000,0.000000,0.000000,0.000000,nan,nan,nan,nan,nan,nan,OFF
1786341333697704573,2026-08-10T12:55:33.697766,prediction,0.074805,-0.180000,0.014786,True,0.161658,0.185404,0.044748,0.086853,0.365404,0.029962,35.68,10,-0.167377,0.825025,0.465006,0.000000,0.000000,0.000000,0.000000,0.000000,0.000000,nan,nan,nan,nan,nan,nan,OFF
1786341333737669685,2026-08-10T12:55:33.737690,prediction,0.074805,-0.180000,0.014786,True,0.154506,0.175404,0.038975,0.079702,0.355404,0.024189,41.33,10,-0.167377,0.825025,0.465006,0.000000,0.000000,0.000000,0.000000,0.000000,0.000000,nan,nan,nan,nan,nan,nan,OFF
1786341333781661580,2026-08-10T12:55:33.781677,prediction,0.076605,-0.198000,0.014842,True,0.148195,0.165404,0.033342,0.071590,0.363404,0.018501,36.84,10,-0.172728,0.816472,0.465077,0.000000,0.000000,0.000000,0.000000,0.000000,0.000000,nan,nan,nan,nan,nan,nan,OFF
1786341333807646394,2026-08-10T12:55:33.807662,prediction,0.076605,-0.198000,0.014842,True,0.143448,0.155404,0.028249,0.066843,0.353404,0.013407,25.64,10,-0.172728,0.816472,0.465077,0.000000,0.000000,0.000000,0.000000,0.000000,0.000000,nan,nan,nan,nan,nan,nan,OFF
1786341333833828140,2026-08-10T12:55:33.833870,prediction,0.072729,-0.198000,0.014842,True,0.140555,0.145404,0.023779,0.067827,0.343404,0.008937,22.67,10,-0.177547,0.807877,0.464844,0.000000,0.000000,0.000000,0.000000,0.000000,0.000000,nan,nan,nan,nan,nan,nan,OFF
1786341333863213204,2026-08-10T12:55:33.863238,prediction,0.071843,-0.189000,0.014814,True,0.139538,0.135404,0.019822,0.067694,0.324404,0.005008,22.41,10,-0.177547,0.807877,0.464844,0.000000,0.000000,0.000000,0.000000,0.000000,0.000000,nan,nan,nan,nan,nan,nan,OFF
1786341333893974978,2026-08-10T12:55:33.894002,prediction,0.072729,-0.198000,0.014842,True,0.140149,0.125404,0.016612,0.067420,0.323404,0.001770,25.84,10,-0.182022,0.798881,0.464298,0.000000,0.000000,0.000000,0.000000,0.000000,0.000000,nan,nan,nan,nan,nan,nan,OFF
1786341333920361872,2026-08-10T12:55:33.920436,prediction,0.067982,-0.189000,0.014814,True,0.142003,0.115404,0.014062,0.074021,0.304404,0.000753,20.19,10,-0.182022,0.798881,0.464298,0.000000,0.000000,0.000000,0.000000,0.000000,0.000000,nan,nan,nan,nan,nan,nan,OFF
1786341333953765965,2026-08-10T12:55:33.953780,prediction,0.070958,-0.180000,0.018640,True,0.144361,0.105404,0.012207,0.073403,0.285404,0.006433,23.55,10,-0.182022,0.798881,0.464298,0.000000,0.000000,0.000000,0.000000,0.000000,0.000000,nan,nan,nan,nan,nan,nan,OFF
1786341333984482052,2026-08-10T12:55:33.984518,prediction,0.070073,-0.171000,0.018598,True,0.146843,0.095404,0.011041,0.076771,0.266404,0.007556,23.56,10,-0.185825,0.789707,0.463354,0.000000,0.000000,0.000000,0.000000,0.000000,0.000000,nan,nan,nan,nan,nan,nan,OFF
1786341334010400109,2026-08-10T12:55:34.010418,prediction,0.071843,-0.189000,0.018683,True,0.149235,0.085404,0.010292,0.077391,0.274404,0.008391,18.73,10,-0.185825,0.789707,0.463354,0.000000,0.000000,0.000000,0.000000,0.000000,0.000000,nan,nan,nan,nan,nan,nan,OFF
1786341334051371064,2026-08-10T12:55:34.051426,prediction,0.066241,-0.171000,0.018598,True,0.151725,0.075404,0.009811,0.085485,0.246404,0.008787,22.57,10,-0.189306,0.780299,0.462191,0.000000,0.000000,0.000000,0.000000,0.000000,0.000000,nan,nan,nan,nan,nan,nan,OFF
1786341334080437964,2026-08-10T12:55:34.080463,prediction,0.064976,-0.198000,0.018726,True,0.153655,0.065404,0.009500,0.088680,0.263404,0.009226,21.52,10,-0.189306,0.780299,0.462191,0.000000,0.000000,0.000000,0.000000,0.000000,0.000000,nan,nan,nan,nan,nan,nan,OFF
1786341334115973707,2026-08-10T12:55:34.115997,prediction,0.064500,-0.153000,0.014702,True,0.153345,0.055404,0.008980,0.088846,0.208404,0.005722,23.66,10,-0.192427,0.770991,0.460907,0.000000,0.000000,0.000000,0.000000,0.000000,0.000000,nan,nan,nan,nan,nan,nan,OFF
1786341334146556268,2026-08-10T12:55:34.146572,prediction,0.063264,-0.180000,0.014786,True,0.152293,0.045404,0.008377,0.089029,0.225404,0.006409,22.18,10,-0.192427,0.770991,0.460907,0.000000,0.000000,0.000000,0.000000,0.000000,0.000000,nan,nan,nan,nan,nan,nan,OFF
1786341334174674136,2026-08-10T12:55:34.174701,prediction,0.067111,-0.180000,0.014786,True,0.151192,0.035404,0.007891,0.084081,0.215404,0.006895,18.89,10,-0.195351,0.761529,0.459516,0.000000,0.000000,0.000000,0.000000,0.000000,0.000000,nan,nan,nan,nan,nan,nan,OFF
1786341334211469096,2026-08-10T12:55:34.211484,prediction,0.067982,-0.189000,0.018683,True,0.150414,0.025404,0.007768,0.082432,0.214404,0.010915,20.59,10,-0.195351,0.761529,0.459516,0.000000,0.000000,0.000000,0.000000,0.000000,0.000000,nan,nan,nan,nan,nan,nan,OFF
1786341334245292676,2026-08-10T12:55:34.245312,prediction,0.067982,-0.189000,0.014814,True,0.149767,0.015404,0.007692,0.081786,0.204404,0.007122,21.95,10,-0.198094,0.752058,0.458083,0.000000,0.000000,0.000000,0.000000,0.000000,0.000000,nan,nan,nan,nan,nan,nan,OFF
1786341334278984588,2026-08-10T12:55:34.279001,prediction,0.065370,-0.162000,0.014730,True,0.149070,0.005404,0.007611,0.083700,0.167404,0.007119,20.85,10,-0.198094,0.752058,0.458083,0.000000,0.000000,0.000000,0.000000,0.000000,0.000000,nan,nan,nan,nan,nan,nan,OFF
1786341334312743376,2026-08-10T12:55:34.312760,prediction,0.067982,-0.189000,0.014814,True,0.148563,-0.004596,0.007569,0.080581,0.184404,0.007245,22.23,10,-0.200730,0.742487,0.456633,0.000000,0.000000,0.000000,0.000000,0.000000,0.000000,nan,nan,nan,nan,nan,nan,OFF
1786341334353799051,2026-08-10T12:55:34.353817,prediction,0.071843,-0.189000,0.014814,True,0.148309,-0.014596,0.007570,0.076466,0.174404,0.007244,26.89,10,-0.200730,0.742487,0.456633,0.000000,0.000000,0.000000,0.000000,0.000000,0.000000,nan,nan,nan,nan,nan,nan,OFF
1786341334379966416,2026-08-10T12:55:34.379989,prediction,0.072729,-0.198000,0.018726,True,0.148182,-0.024596,0.007724,0.075454,0.173404,0.011002,22.01,10,-0.203253,0.732935,0.455214,0.000000,0.000000,0.000000,0.000000,0.000000,0.000000,nan,nan,nan,nan,nan,nan,OFF
1786341334411199876,2026-08-10T12:55:34.411229,prediction,0.075705,-0.189000,0.018683,True,0.148376,-0.034596,0.007987,0.072671,0.154404,0.010696,21.49,10,-0.203253,0.732935,0.455214,0.000000,0.000000,0.000000,0.000000,0.000000,0.000000,nan,nan,nan,nan,nan,nan,OFF
1786341334443183803,2026-08-10T12:55:34.443198,prediction,0.074805,-0.180000,0.014786,True,0.148602,-0.044596,0.008018,0.073797,0.135404,0.006768,19.65,10,-0.205683,0.723342,0.453837,0.000000,0.000000,0.000000,0.000000,0.000000,0.000000,nan,nan,nan,nan,nan,nan,OFF
1786341334475694224,2026-08-10T12:55:34.475713,prediction,0.076822,-0.162000,0.014730,True,0.148939,-0.054596,0.007935,0.072118,0.107404,0.006795,21.16,10,-0.205683,0.723342,0.453837,0.000000,0.000000,0.000000,0.000000,0.000000,0.000000,nan,nan,nan,nan,nan,nan,OFF
1786341334508698047,2026-08-10T12:55:34.508712,prediction,0.079709,-0.153000,0.018512,True,0.149370,-0.064596,0.007937,0.069661,0.088404,0.010575,21.58,10,-0.208026,0.713655,0.452502,0.000000,0.000000,0.000000,0.000000,0.000000,0.000000,nan,nan,nan,nan,nan,nan,OFF
1786341334542382835,2026-08-10T12:55:34.542400,prediction,0.078882,-0.145000,0.014678,True,0.150007,-0.074596,0.007886,0.071125,0.070404,0.006791,21.03,10,-0.208026,0.713655,0.452502,0.000000,0.000000,0.000000,0.000000,0.000000,0.000000,nan,nan,nan,nan,nan,nan,OFF
1786341334577268371,2026-08-10T12:55:34.577298,prediction,0.079709,-0.153000,0.018512,True,0.150817,-0.084596,0.007958,0.071108,0.068404,0.010554,21.84,10,-0.210261,0.703941,0.451221,0.000000,0.000000,0.000000,0.000000,0.000000,0.000000,nan,nan,nan,nan,nan,nan,OFF
1786341334610652621,2026-08-10T12:55:34.610677,prediction,0.080639,-0.162000,0.018555,True,0.151759,-0.094596,0.008227,0.071121,0.067404,0.010328,17.83,10,-0.210261,0.703941,0.451221,0.000000,0.000000,0.000000,0.000000,0.000000,0.000000,nan,nan,nan,nan,nan,nan,OFF
1786341334641547142,2026-08-10T12:55:34.641561,prediction,0.083511,-0.153000,0.022322,True,0.152906,-0.104596,0.008752,0.069394,0.048404,0.013570,21.35,10,-0.212361,0.694342,0.450011,0.000000,0.000000,0.000000,0.000000,0.000000,0.000000,nan,nan,nan,nan,nan,nan,OFF
1786341334675528881,2026-08-10T12:55:34.675543,prediction,0.087314,-0.153000,0.022322,True,0.153788,-0.114596,0.009410,0.066475,0.038404,0.012911,21.31,10,-0.212361,0.694342,0.450011,0.000000,0.000000,0.000000,0.000000,0.000000,0.000000,nan,nan,nan,nan,nan,nan,OFF
1786341334711370210,2026-08-10T12:55:34.711398,prediction,0.083689,-0.119000,0.025857,True,0.153568,-0.124596,0.010102,0.069880,0.005596,0.015755,20.07,10,-0.214396,0.684611,0.448843,0.000000,0.000000,0.000000,0.000000,0.000000,0.000000,nan,nan,nan,nan,nan,nan,OFF
1786341334742705202,2026-08-10T12:55:34.742719,prediction,0.089276,-0.136000,0.025994,True,0.152476,-0.134596,0.010993,0.063200,0.001404,0.015001,18.10,10,-0.214396,0.684611,0.448843,0.000000,0.000000,0.000000,0.000000,0.000000,0.000000,nan,nan,nan,nan,nan,nan,OFF
1786341334777362737,2026-08-10T12:55:34.777384,prediction,0.089423,-0.103000,0.029456,True,0.150734,-0.144596,0.012135,0.061311,0.041596,0.017321,20.74,10,-0.216360,0.674832,0.447729,0.000000,0.000000,0.000000,0.000000,0.000000,0.000000,nan,nan,nan,nan,nan,nan,OFF
1786341334808470209,2026-08-10T12:55:34.808489,prediction,0.084916,-0.062000,0.032717,True,0.148661,-0.154596,0.013492,0.063745,0.092596,0.019225,18.84,10,-0.216360,0.674832,0.447729,0.000000,0.000000,0.000000,0.000000,0.000000,0.000000,nan,nan,nan,nan,nan,nan,OFF
1786341334843524824,2026-08-10T12:55:34.843551,prediction,0.094035,-0.111000,0.033273,True,0.146334,-0.158651,0.015001,0.052299,0.047651,0.018273,19.37,10,-0.218227,0.665121,0.446686,0.000000,0.000000,0.000000,0.000000,0.000000,0.000000,nan,nan,nan,nan,nan,nan,OFF
1786341334878491352,2026-08-10T12:55:34.878557,prediction,0.095844,-0.094000,0.036793,True,0.143841,-0.157151,0.016576,0.047998,0.063151,0.020216,19.07,10,-0.218227,0.665121,0.446686,0.000000,0.000000,0.000000,0.000000,0.000000,0.000000,nan,nan,nan,nan,nan,nan,OFF
1786341334912015648,2026-08-10T12:55:34.912075,prediction,0.095844,-0.094000,0.040505,True,0.141346,-0.152876,0.018294,0.045502,0.058876,0.022211,18.88,10,-0.220040,0.655235,0.445692,0.000000,0.000000,0.000000,0.000000,0.000000,0.000000,nan,nan,nan,nan,nan,nan,OFF
1786341334946756550,2026-08-10T12:55:34.946772,prediction,0.094938,-0.086000,0.040387,True,0.138899,-0.147227,0.020210,0.043962,0.061227,0.020178,22.06,10,-0.220040,0.655235,0.445692,0.000000,0.000000,0.000000,0.000000,0.000000,0.000000,nan,nan,nan,nan,nan,nan,OFF
1786341334981385851,2026-08-10T12:55:34.981404,prediction,0.094938,-0.086000,0.044086,True,0.136560,-0.140960,0.022345,0.041622,0.054960,0.021742,23.81,10,-0.221739,0.645497,0.444778,0.000000,0.000000,0.000000,0.000000,0.000000,0.000000,nan,nan,nan,nan,nan,nan,OFF
1786341335012328120,2026-08-10T12:55:35.012345,prediction,0.101501,-0.111000,0.048235,True,0.134432,-0.134896,0.024598,0.032931,0.023896,0.023637,22.67,10,-0.221739,0.645497,0.444778,0.000000,0.000000,0.000000,0.000000,0.000000,0.000000,nan,nan,nan,nan,nan,nan,OFF
1786341335045789952,2026-08-10T12:55:35.045806,prediction,0.104373,-0.136000,0.048684,True,0.132714,-0.130037,0.027035,0.028341,0.005963,0.021649,20.85,10,-0.223366,0.635694,0.443925,0.000000,0.000000,0.000000,0.000000,0.000000,0.000000,nan,nan,nan,nan,nan,nan,OFF
1786341335088222601,2026-08-10T12:55:35.088243,prediction,0.100582,-0.103000,0.055545,True,0.131332,-0.126056,0.029642,0.030750,0.023056,0.025903,27.19,10,-0.223366,0.635694,0.443925,0.000000,0.000000,0.000000,0.000000,0.000000,0.000000,nan,nan,nan,nan,nan,nan,OFF
1786341335116987656,2026-08-10T12:55:35.117008,prediction,0.102322,-0.086000,0.058882,True,0.130121,-0.122285,0.032454,0.027799,0.036285,0.026429,22.49,10,-0.224919,0.625844,0.443140,0.000000,0.000000,0.000000,0.000000,0.000000,0.000000,nan,nan,nan,nan,nan,nan,OFF
1786341335146629598,2026-08-10T12:55:35.146648,prediction,0.102322,-0.086000,0.062581,True,0.128928,-0.118063,0.035366,0.026606,0.032063,0.027215,21.71,10,-0.224919,0.625844,0.443140,0.000000,0.000000,0.000000,0.000000,0.000000,0.000000,nan,nan,nan,nan,nan,nan,OFF
1786341335179956074,2026-08-10T12:55:35.179975,prediction,0.100458,-0.070000,0.065861,True,0.127763,-0.113535,0.038417,0.027306,0.043535,0.027444,22.15,10,-0.226397,0.615965,0.442432,0.000000,0.000000,0.000000,0.000000,0.000000,0.000000,nan,nan,nan,nan,nan,nan,OFF
1786341335213867816,2026-08-10T12:55:35.213885,prediction,0.102322,-0.086000,0.069979,True,0.126657,-0.108770,0.041567,0.024335,0.022770,0.028412,20.99,10,-0.226397,0.615965,0.442432,0.000000,0.000000,0.000000,0.000000,0.000000,0.000000,nan,nan,nan,nan,nan,nan,OFF
1786341335243760861,2026-08-10T12:55:35.243776,prediction,0.102232,-0.054000,0.072733,True,0.125615,-0.103965,0.044829,0.023382,0.049965,0.027904,20.92,10,-0.227802,0.606051,0.441809,0.000000,0.000000,0.000000,0.000000,0.000000,0.000000,nan,nan,nan,nan,nan,nan,OFF
1786341335271784186,2026-08-10T12:55:35.271800,prediction,0.100342,-0.038000,0.075880,True,0.124636,-0.099196,0.048122,0.024294,0.061196,0.027758,17.50,10,-0.227802,0.606051,0.441809,0.000000,0.000000,0.000000,0.000000,0.000000,0.000000,nan,nan,nan,nan,nan,nan,OFF
1786341335311398524,2026-08-10T12:55:35.311442,prediction,0.104123,-0.070000,0.080551,True,0.123865,-0.094878,0.051482,0.019741,0.024878,0.029069,21.84,10,-0.229132,0.596172,0.441286,0.000000,0.000000,0.000000,0.000000,0.000000,0.000000,nan,nan,nan,nan,nan,nan,OFF
1786341335341255311,2026-08-10T12:55:35.341276,prediction,0.104913,-0.046000,0.083396,True,0.123154,-0.090710,0.054929,0.018241,0.044710,0.028466,20.08,10,-0.229132,0.596172,0.441286,0.000000,0.000000,0.000000,0.000000,0.000000,0.000000,nan,nan,nan,nan,nan,nan,OFF
1786341335375350980,2026-08-10T12:55:35.375367,prediction,0.103955,-0.038000,0.083120,True,0.122515,-0.086881,0.058266,0.018560,0.048881,0.024854,20.74,10,-0.230422,0.586196,0.440868,0.000000,0.000000,0.000000,0.000000,0.000000,0.000000,nan,nan,nan,nan,nan,nan,OFF
1786341335410054567,2026-08-10T12:55:35.410076,prediction,0.102158,-0.023000,0.082602,True,0.121878,-0.083036,0.061386,0.019720,0.060036,0.021217,20.29,10,-0.230422,0.586196,0.440868,0.000000,0.000000,0.000000,0.000000,0.000000,0.000000,nan,nan,nan,nan,nan,nan,OFF
1786341335443949547,2026-08-10T12:55:35.443967,prediction,0.099402,-0.000000,0.085366,True,0.121157,-0.078693,0.064495,0.021755,0.078693,0.020870,19.97,10,-0.231656,0.576379,0.440581,0.000000,0.000000,0.000000,0.000000,0.000000,0.000000,nan,nan,nan,nan,nan,nan,OFF
1786341335475126777,2026-08-10T12:55:35.475142,prediction,0.098444,0.008000,0.088620,True,0.120312,-0.073547,0.067593,0.021868,0.081547,0.021027,18.64,10,-0.231656,0.576379,0.440581,0.000000,0.000000,0.000000,0.000000,0.000000,0.000000,nan,nan,nan,nan,nan,nan,OFF
1786341335507487230,2026-08-10T12:55:35.507507,prediction,0.094969,0.037000,0.087524,True,0.119237,-0.067715,0.070479,0.024268,0.104715,0.017045,18.40,10,-0.232884,0.566380,0.440432,0.000000,0.000000,0.000000,0.000000,0.000000,0.000000,nan,nan,nan,nan,nan,nan,OFF
1786341335543457719,2026-08-10T12:55:35.543472,prediction,0.092307,0.030000,0.087789,True,0.117747,-0.060077,0.073268,0.025440,0.090077,0.014521,21.04,10,-0.232884,0.566380,0.440432,0.000000,0.000000,0.000000,0.000000,0.000000,0.000000,nan,nan,nan,nan,nan,nan,OFF
1786341335578080042,2026-08-10T12:55:35.578097,prediction,0.092307,0.030000,0.087789,True,0.116065,-0.051236,0.075776,0.023758,0.081236,0.012013,21.51,10,-0.234076,0.556479,0.440440,0.000000,0.000000,0.000000,0.000000,0.000000,0.000000,nan,nan,nan,nan,nan,nan,OFF
1786341335611142621,2026-08-10T12:55:35.611161,prediction,0.087059,0.045000,0.087222,True,0.114226,-0.042068,0.077976,0.027168,0.087068,0.009246,19.01,10,-0.234076,0.556479,0.440440,0.000000,0.000000,0.000000,0.000000,0.000000,0.000000,nan,nan,nan,nan,nan,nan,OFF
1786341335643763656,2026-08-10T12:55:35.643780,prediction,0.082779,0.052000,0.086957,True,0.112268,-0.032913,0.079865,0.029489,0.084913,0.007092,19.77,10,-0.235241,0.546605,0.440616,0.000000,0.000000,0.000000,0.000000,0.000000,0.000000,nan,nan,nan,nan,nan,nan,OFF
1786341335681254325,2026-08-10T12:55:35.681273,prediction,0.081171,0.066000,0.086428,True,0.110230,-0.023608,0.081468,0.029059,0.089608,0.004960,22.10,10,-0.235241,0.546605,0.440616,0.000000,0.000000,0.000000,0.000000,0.000000,0.000000,nan,nan,nan,nan,nan,nan,OFF
1786341335712794700,2026-08-10T12:55:35.712813,prediction,0.076937,0.073000,0.086164,True,0.107984,-0.013813,0.082770,0.031047,0.086813,0.003393,20.89,10,-0.236387,0.536629,0.440970,0.000000,0.000000,0.000000,0.000000,0.000000,0.000000,nan,nan,nan,nan,nan,nan,OFF
1786341335743232123,2026-08-10T12:55:35.743287,prediction,0.068539,0.087000,0.089048,True,0.105511,-0.004025,0.083911,0.036972,0.091025,0.005136,18.35,10,-0.236387,0.536629,0.440970,0.000000,0.000000,0.000000,0.000000,0.000000,0.000000,nan,nan,nan,nan,nan,nan,OFF
1786341335778647293,2026-08-10T12:55:35.778665,prediction,0.060233,0.101000,0.088495,True,0.102812,0.005610,0.084837,0.042579,0.095390,0.003658,20.87,10,-0.237489,0.526722,0.441502,0.000000,0.000000,0.000000,0.000000,0.000000,0.000000,nan,nan,nan,nan,nan,nan,OFF
1786341335813174036,2026-08-10T12:55:35.813190,prediction,0.060233,0.101000,0.088495,True,0.099854,0.015564,0.085497,0.039621,0.085436,0.002998,21.77,10,-0.237489,0.526722,0.441502,0.000000,0.000000,0.000000,0.000000,0.000000,0.000000,nan,nan,nan,nan,nan,nan,OFF
1786341335846407798,2026-08-10T12:55:35.846424,prediction,0.059054,0.080000,0.089324,True,0.096736,0.025498,0.085954,0.037682,0.054502,0.003369,21.40,10,-0.238538,0.516818,0.442217,0.000000,0.000000,0.000000,0.000000,0.000000,0.000000,nan,nan,nan,nan,nan,nan,OFF
1786341335880218088,2026-08-10T12:55:35.880239,prediction,0.053466,0.101000,0.088495,True,0.093434,0.035371,0.086294,0.039968,0.065629,0.002202,20.72,10,-0.238538,0.516818,0.442217,0.000000,0.000000,0.000000,0.000000,0.000000,0.000000,nan,nan,nan,nan,nan,nan,OFF
1786341335912050324,2026-08-10T12:55:35.912073,prediction,0.054189,0.094000,0.088771,True,0.090144,0.044745,0.086613,0.035954,0.049255,0.002159,21.10,10,-0.239512,0.506887,0.443119,0.000000,0.000000,0.000000,0.000000,0.000000,0.000000,nan,nan,nan,nan,nan,nan,OFF
1786341335946751837,2026-08-10T12:55:35.946769,prediction,0.050083,0.101000,0.088495,True,0.086872,0.053520,0.086817,0.036789,0.047480,0.001678,21.26,10,-0.239512,0.506887,0.443119,0.000000,0.000000,0.000000,0.000000,0.000000,0.000000,nan,nan,nan,nan,nan,nan,OFF
1786341335979965001,2026-08-10T12:55:35.979986,prediction,0.046016,0.141000,0.090241,True,0.083665,0.061189,0.086898,0.037649,0.079811,0.003343,21.11,10,-0.240369,0.496996,0.444206,0.000000,0.000000,0.000000,0.000000,0.000000,0.000000,nan,nan,nan,nan,nan,nan,OFF
1786341336010650029,2026-08-10T12:55:36.010667,prediction,0.040698,0.161000,0.089419,True,0.080310,0.069188,0.086950,0.039612,0.091812,0.002469,20.45,10,-0.240369,0.496996,0.444206,0.000000,0.000000,0.000000,0.000000,0.000000,0.000000,nan,nan,nan,nan,nan,nan,OFF
1786341336043296658,2026-08-10T12:55:36.043315,prediction,0.034709,0.155000,0.089666,True,0.076815,0.077291,0.086990,0.042106,0.077709,0.002676,20.51,10,-0.241064,0.487116,0.445490,0.000000,0.000000,0.000000,0.000000,0.000000,0.000000,nan,nan,nan,nan,nan,nan,OFF
1786341336079751015,2026-08-10T12:55:36.079776,prediction,0.032291,0.180000,0.088638,True,0.073160,0.085636,0.086994,0.040869,0.094364,0.001644,21.60,10,-0.241064,0.487116,0.445490,0.000000,0.000000,0.000000,0.000000,0.000000,0.000000,nan,nan,nan,nan,nan,nan,OFF
1786341336110574513,2026-08-10T12:55:36.110607,prediction,0.028615,0.218000,0.090273,True,0.069323,0.094777,0.087086,0.040707,0.123223,0.003187,21.37,10,-0.241536,0.477171,0.446997,0.000000,0.000000,0.000000,0.000000,0.000000,0.000000,nan,nan,nan,nan,nan,nan,OFF
1786341336143354864,2026-08-10T12:55:36.143368,prediction,0.031034,0.193000,0.091342,True,0.065496,0.104421,0.087295,0.034462,0.088579,0.004047,20.65,10,-0.241536,0.477171,0.446997,0.000000,0.000000,0.000000,0.000000,0.000000,0.000000,nan,nan,nan,nan,nan,nan,OFF
1786341336180738325,2026-08-10T12:55:36.180786,prediction,0.026090,0.211000,0.090573,True,0.061527,0.114421,0.087562,0.035436,0.096579,0.003010,22.24,10,-0.241679,0.467319,0.448728,0.000000,0.000000,0.000000,0.000000,0.000000,0.000000,nan,nan,nan,nan,nan,nan,OFF
1786341336212259900,2026-08-10T12:55:36.212281,prediction,0.024854,0.224000,0.090017,True,0.057600,0.124421,0.087851,0.032745,0.099579,0.002166,18.50,10,-0.241679,0.467319,0.448728,0.000000,0.000000,0.000000,0.000000,0.000000,0.000000,nan,nan,nan,nan,nan,nan,OFF
1786341336245306634,2026-08-10T12:55:36.245322,prediction,0.023714,0.236000,0.092671,True,0.053823,0.134421,0.088158,0.030109,0.101579,0.004513,21.38,10,-0.241351,0.457611,0.450728,0.000000,0.000000,0.000000,0.000000,0.000000,0.000000,nan,nan,nan,nan,nan,nan,OFF
1786341336275833060,2026-08-10T12:55:36.275850,prediction,0.020553,0.236000,0.092671,True,0.050244,0.144421,0.088502,0.029691,0.091579,0.004168,18.50,10,-0.241351,0.457611,0.450728,0.000000,0.000000,0.000000,0.000000,0.000000,0.000000,nan,nan,nan,nan,nan,nan,OFF
1786341336314180381,2026-08-10T12:55:36.314196,prediction,0.022234,0.218000,0.093470,True,0.046884,0.154421,0.088888,0.024650,0.063579,0.004583,20.26,10,-0.240311,0.447908,0.453134,0.000000,0.000000,0.000000,0.000000,0.000000,0.000000,nan,nan,nan,nan,nan,nan,OFF
1786341336348992959,2026-08-10T12:55:36.349050,prediction,0.017392,0.236000,0.092671,True,0.043568,0.164178,0.089225,0.026176,0.071822,0.003445,21.51,10,-0.240311,0.447908,0.453134,0.000000,0.000000,0.000000,0.000000,0.000000,0.000000,nan,nan,nan,nan,nan,nan,OFF
1786341336376859634,2026-08-10T12:55:36.376877,prediction,0.017392,0.236000,0.092671,True,0.040407,0.173596,0.089574,0.023016,0.062404,0.003097,19.45,10,-0.238185,0.438588,0.456070,0.000000,0.000000,0.000000,0.000000,0.000000,0.000000,nan,nan,nan,nan,nan,nan,OFF
1786341336408015769,2026-08-10T12:55:36.408034,prediction,0.015740,0.254000,0.095009,True,0.037235,0.183066,0.090004,0.021495,0.070934,0.005005,18.46,10,-0.238185,0.438588,0.456070,0.000000,0.000000,0.000000,0.000000,0.000000,0.000000,nan,nan,nan,nan,nan,nan,OFF
1786341336444387270,2026-08-10T12:55:36.444409,prediction,0.015281,0.259000,0.094779,True,0.034096,0.192980,0.090489,0.018815,0.066020,0.004289,19.22,10,-0.234277,0.430228,0.459815,0.000000,0.000000,0.000000,0.000000,0.000000,0.000000,nan,nan,nan,nan,nan,nan,OFF
1786341336477636246,2026-08-10T12:55:36.477658,prediction,0.012158,0.259000,0.094779,True,0.030982,0.202980,0.090939,0.018825,0.056020,0.003839,18.49,10,-0.234277,0.430228,0.459815,0.000000,0.000000,0.000000,0.000000,0.000000,0.000000,nan,nan,nan,nan,nan,nan,OFF
1786341336512864238,2026-08-10T12:55:36.512883,prediction,0.012619,0.288000,0.093443,True,0.028212,0.212545,0.091334,0.015593,0.075455,0.002109,21.57,10,-0.228808,0.423333,0.464166,0.000000,0.000000,0.000000,0.000000,0.000000,0.000000,nan,nan,nan,nan,nan,nan,OFF
1786341336547444286,2026-08-10T12:55:36.547469,prediction,0.016162,0.283000,0.093673,True,0.025889,0.221599,0.091705,0.009727,0.061401,0.001968,22.39,10,-0.228808,0.423333,0.464166,0.000000,0.000000,0.000000,0.000000,0.000000,0.000000,nan,nan,nan,nan,nan,nan,OFF
1786341336580246779,2026-08-10T12:55:36.580270,prediction,0.015134,0.294000,0.096238,True,0.023858,0.230384,0.092195,0.008724,0.063616,0.004043,21.87,10,-0.222070,0.418271,0.468610,0.000000,0.000000,0.000000,0.000000,0.000000,0.000000,nan,nan,nan,nan,nan,nan,OFF
1786341336612678683,2026-08-10T12:55:36.612694,prediction,0.012051,0.327000,0.097680,True,0.022061,0.238628,0.092734,0.010010,0.088372,0.004946,20.71,10,-0.222070,0.418271,0.468610,0.000000,0.000000,0.000000,0.000000,0.000000,0.000000,nan,nan,nan,nan,nan,nan,OFF
1786341336646412284,2026-08-10T12:55:36.646432,prediction,0.010556,0.343000,0.096890,True,0.020229,0.247157,0.093230,0.009673,0.095843,0.003660,20.78,10,-0.215506,0.415263,0.472217,0.000000,0.000000,0.000000,0.000000,0.000000,0.000000,nan,nan,nan,nan,nan,nan,OFF
1786341336679819539,2026-08-10T12:55:36.679839,prediction,0.009528,0.354000,0.099319,True,0.018519,0.255889,0.093820,0.008991,0.098111,0.005500,20.34,10,-0.215506,0.415263,0.472217,0.000000,0.000000,0.000000,0.000000,0.000000,0.000000,nan,nan,nan,nan,nan,nan,OFF
1786341336713217356,2026-08-10T12:55:36.713235,prediction,0.016525,0.343000,0.099881,True,0.017160,0.264734,0.094500,0.000635,0.078266,0.005381,21.57,10,-0.209733,0.414121,0.474978,0.000000,0.000000,0.000000,0.000000,0.000000,0.000000,nan,nan,nan,nan,nan,nan,OFF
1786341336745856801,2026-08-10T12:55:36.745874,prediction,0.013914,0.370000,0.098503,True,0.015961,0.273574,0.095070,0.002047,0.096426,0.003433,20.87,10,-0.209733,0.414121,0.474978,0.000000,0.000000,0.000000,0.000000,0.000000,0.000000,nan,nan,nan,nan,nan,nan,OFF
1786341336778923393,2026-08-10T12:55:36.778945,prediction,0.016854,0.370000,0.098503,True,0.015063,0.282521,0.095578,0.001791,0.087479,0.002926,21.13,10,-0.204925,0.414837,0.476967,0.000000,0.000000,0.000000,0.000000,0.000000,0.000000,nan,nan,nan,nan,nan,nan,OFF
1786341336812922565,2026-08-10T12:55:36.812936,prediction,0.015870,0.380000,0.100922,True,0.014257,0.291535,0.096106,0.001613,0.088465,0.004817,20.95,10,-0.204925,0.414837,0.476967,0.000000,0.000000,0.000000,0.000000,0.000000,0.000000,nan,nan,nan,nan,nan,nan,OFF
1786341336845276000,2026-08-10T12:55:36.845294,prediction,0.015378,0.385000,0.100659,True,0.013664,0.300883,0.096663,0.001714,0.084117,0.003996,21.10,10,-0.201005,0.417488,0.478350,0.000000,0.000000,0.000000,0.000000,0.000000,0.000000,nan,nan,nan,nan,nan,nan,OFF
1786341336878848637,2026-08-10T12:55:36.878866,prediction,0.013902,0.400000,0.099869,True,0.013158,0.310598,0.097200,0.000745,0.089402,0.002669,21.61,10,-0.201005,0.417488,0.478350,0.000000,0.000000,0.000000,0.000000,0.000000,0.000000,nan,nan,nan,nan,nan,nan,OFF
1786341336913667958,2026-08-10T12:55:36.913685,prediction,0.012427,0.415000,0.099079,True,0.012717,0.320598,0.097609,0.000290,0.094402,0.001470,21.88,10,-0.197754,0.422250,0.479328,0.000000,0.000000,0.000000,0.000000,0.000000,0.000000,nan,nan,nan,nan,nan,nan,OFF
1786341336942639980,2026-08-10T12:55:36.942657,prediction,0.012427,0.415000,0.099079,True,0.012362,0.330598,0.097952,0.000065,0.084402,0.001127,20.70,10,-0.197754,0.422250,0.479328,0.000000,0.000000,0.000000,0.000000,0.000000,0.000000,nan,nan,nan,nan,nan,nan,OFF
1786341336975874639,2026-08-10T12:55:36.975893,prediction,0.010951,0.430000,0.098289,True,0.012139,0.340598,0.098228,0.001188,0.089402,0.000061,21.04,10,-0.195027,0.429182,0.480043,0.000000,0.000000,0.000000,0.000000,0.000000,0.000000,nan,nan,nan,nan,nan,nan,OFF
1786341337010357202,2026-08-10T12:55:37.010378,prediction,0.010066,0.439000,0.097815,True,0.011949,0.350598,0.098502,0.001883,0.088402,0.000687,20.82,10,-0.195027,0.429182,0.480043,0.000000,0.000000,0.000000,0.000000,0.000000,0.000000,nan,nan,nan,nan,nan,nan,OFF
1786341337042684834,2026-08-10T12:55:37.042700,prediction,0.007240,0.439000,0.097815,True,0.011566,0.360598,0.098766,0.004326,0.078402,0.000951,20.94,10,-0.192957,0.438219,0.480494,0.000000,0.000000,0.000000,0.000000,0.000000,0.000000,nan,nan,nan,nan,nan,nan,OFF
1786341337075631675,2026-08-10T12:55:37.075655,prediction,0.002607,0.458000,0.096814,True,0.010963,0.370598,0.098890,0.008356,0.087402,0.002076,19.33,10,-0.192957,0.438219,0.480494,0.000000,0.000000,0.000000,0.000000,0.000000,0.000000,nan,nan,nan,nan,nan,nan,OFF
1786341337113772380,2026-08-10T12:55:37.113788,prediction,-0.000655,0.463000,0.096551,True,0.010247,0.380598,0.098879,0.010902,0.082402,0.002328,20.12,10,-0.191286,0.448025,0.480851,0.000000,0.000000,0.000000,0.000000,0.000000,0.000000,nan,nan,nan,nan,nan,nan,OFF
1786341337142793330,2026-08-10T12:55:37.142808,prediction,-0.001963,0.477000,0.095814,True,0.009496,0.390598,0.098799,0.011458,0.086402,0.002985,18.12,10,-0.191286,0.448025,0.480851,0.000000,0.000000,0.000000,0.000000,0.000000,0.000000,nan,nan,nan,nan,nan,nan,OFF
1786341337183944157,2026-08-10T12:55:37.183995,prediction,-0.009923,0.504000,0.094392,True,0.008468,0.400598,0.098544,0.018391,0.103402,0.004152,20.68,10,-0.189726,0.457845,0.481215,0.000000,0.000000,0.000000,0.000000,0.000000,0.000000,nan,nan,nan,nan,nan,nan,OFF
1786341337210576759,2026-08-10T12:55:37.210607,prediction,-0.013439,0.513000,0.093918,True,0.006896,0.410598,0.098166,0.020334,0.102402,0.004248,18.26,10,-0.189726,0.457845,0.481215,0.000000,0.000000,0.000000,0.000000,0.000000,0.000000,nan,nan,nan,nan,nan,nan,OFF
1786341337250665081,2026-08-10T12:55:37.250724,prediction,-0.024583,0.517000,0.093707,True,0.004735,0.420598,0.097774,0.029318,0.096402,0.004067,21.99,10,-0.188264,0.467707,0.481572,0.000000,0.000000,0.000000,0.000000,0.000000,0.000000,nan,nan,nan,nan,nan,nan,OFF
1786341337282635148,2026-08-10T12:55:37.282648,prediction,-0.036352,0.530000,0.093022,True,0.001738,0.430598,0.097356,0.038090,0.099402,0.004334,21.41,10,-0.188264,0.467707,0.481572,0.000000,0.000000,0.000000,0.000000,0.000000,0.000000,nan,nan,nan,nan,nan,nan,OFF
1786341337312340260,2026-08-10T12:55:37.312360,prediction,-0.036352,0.530000,0.093022,True,-0.001630,0.440598,0.096843,0.034723,0.089402,0.003821,19.97,10,-0.186867,0.477625,0.481906,0.000000,0.000000,0.000000,0.000000,0.000000,0.000000,nan,nan,nan,nan,nan,nan,OFF
1786341337346729593,2026-08-10T12:55:37.346751,prediction,-0.039028,0.530000,0.093022,True,-0.005245,0.450598,0.096297,0.033783,0.079402,0.003275,21.44,10,-0.186867,0.477625,0.481906,0.000000,0.000000,0.000000,0.000000,0.000000,0.000000,nan,nan,nan,nan,nan,nan,OFF
1786341337378826280,2026-08-10T12:55:37.378845,prediction,-0.051409,0.555000,0.089066,True,-0.009381,0.460598,0.095624,0.042028,0.094402,0.006558,20.76,10,-0.185499,0.487526,0.482204,0.000000,0.000000,0.000000,0.000000,0.000000,0.000000,nan,nan,nan,nan,nan,nan,OFF
1786341337419246016,2026-08-10T12:55:37.419297,prediction,-0.050217,0.576000,0.087995,True,-0.013658,0.470598,0.094881,0.036558,0.105402,0.006886,22.20,10,-0.185499,0.487526,0.482204,0.000000,0.000000,0.000000,0.000000,0.000000,0.000000,nan,nan,nan,nan,nan,nan,OFF
1786341337446270969,2026-08-10T12:55:37.446292,prediction,-0.049667,0.568000,0.088403,True,-0.017955,0.480598,0.094124,0.031712,0.087402,0.005721,20.39,10,-0.184107,0.497409,0.482455,0.000000,0.000000,0.000000,0.000000,0.000000,0.000000,nan,nan,nan,nan,nan,nan,OFF
1786341337480020305,2026-08-10T12:55:37.480042,prediction,-0.055679,0.580000,0.090389,True,-0.022398,0.490598,0.093471,0.033281,0.089402,0.003082,20.34,10,-0.184107,0.497409,0.482455,0.000000,0.000000,0.000000,0.000000,0.000000,0.000000,nan,nan,nan,nan,nan,nan,OFF
1786341337517157075,2026-08-10T12:55:37.517180,prediction,-0.059547,0.600000,0.089336,True,-0.026992,0.500598,0.092857,0.032555,0.099402,0.003522,21.10,10,-0.182629,0.507365,0.482653,0.000000,0.000000,0.000000,0.000000,0.000000,0.000000,nan,nan,nan,nan,nan,nan,OFF
1786341337547063396,2026-08-10T12:55:37.547080,prediction,-0.062605,0.608000,0.088915,True,-0.031649,0.510598,0.092252,0.030955,0.097402,0.003337,21.74,10,-0.182629,0.507365,0.482653,0.000000,0.000000,0.000000,0.000000,0.000000,0.000000,nan,nan,nan,nan,nan,nan,OFF
1786341337583460851,2026-08-10T12:55:37.583478,prediction,-0.068111,0.615000,0.088546,True,-0.036352,0.520598,0.091678,0.031760,0.094402,0.003132,22.46,10,-0.181052,0.517187,0.482791,0.000000,0.000000,0.000000,0.000000,0.000000,0.000000,nan,nan,nan,nan,nan,nan,OFF
1786341337613844103,2026-08-10T12:55:37.613866,prediction,-0.071333,0.627000,0.087914,True,-0.041061,0.530598,0.091106,0.030272,0.096402,0.003192,20.02,10,-0.181052,0.517187,0.482791,0.000000,0.000000,0.000000,0.000000,0.000000,0.000000,nan,nan,nan,nan,nan,nan,OFF
1786341337645368549,2026-08-10T12:55:37.645387,prediction,-0.074682,0.642000,0.087124,True,-0.045842,0.540598,0.090534,0.028840,0.101402,0.003410,21.42,10,-0.179324,0.527008,0.482872,0.000000,0.000000,0.000000,0.000000,0.000000,0.000000,nan,nan,nan,nan,nan,nan,OFF
1786341337678936893,2026-08-10T12:55:37.678961,prediction,-0.077766,0.653000,0.086545,True,-0.050469,0.550598,0.089991,0.027297,0.102402,0.003447,20.25,10,-0.179324,0.527008,0.482872,0.000000,0.000000,0.000000,0.000000,0.000000,0.000000,nan,nan,nan,nan,nan,nan,OFF
1786341337715648630,2026-08-10T12:55:37.715670,prediction,-0.083269,0.664000,0.085965,True,-0.055087,0.560598,0.089456,0.028181,0.103402,0.003491,22.62,10,-0.177394,0.536959,0.482898,0.000000,0.000000,0.000000,0.000000,0.000000,0.000000,nan,nan,nan,nan,nan,nan,OFF
1786341337740508115,2026-08-10T12:55:37.740602,prediction,-0.083825,0.675000,0.085386,True,-0.059308,0.570598,0.088911,0.024517,0.104402,0.003525,17.60,10,-0.177394,0.536959,0.482898,0.000000,0.000000,0.000000,0.000000,0.000000,0.000000,nan,nan,nan,nan,nan,nan,OFF
1786341337776937160,2026-08-10T12:55:37.776956,prediction,-0.083976,0.678000,0.085228,True,-0.062899,0.580598,0.088381,0.021077,0.097402,0.003153,20.26,10,-0.175305,0.546770,0.482872,0.000000,0.000000,0.000000,0.000000,0.000000,0.000000,nan,nan,nan,nan,nan,nan,OFF
1786341337809521947,2026-08-10T12:55:37.809542,prediction,-0.086946,0.689000,0.084649,True,-0.066291,0.590598,0.087836,0.020655,0.098402,0.003187,18.50,10,-0.175305,0.546770,0.482872,0.000000,0.000000,0.000000,0.000000,0.000000,0.000000,nan,nan,nan,nan,nan,nan,OFF
1786341337845094905,2026-08-10T12:55:37.845116,prediction,-0.089691,0.696000,0.084280,True,-0.069597,0.600598,0.087271,0.020094,0.095402,0.002991,20.82,10,-0.173091,0.556376,0.482804,0.000000,0.000000,0.000000,0.000000,0.000000,0.000000,nan,nan,nan,nan,nan,nan,OFF
1786341337883695548,2026-08-10T12:55:37.883709,prediction,-0.089833,0.699000,0.084122,True,-0.072416,0.610598,0.086836,0.017417,0.088402,0.002714,21.32,10,-0.173091,0.556376,0.482804,0.000000,0.000000,0.000000,0.000000,0.000000,0.000000,nan,nan,nan,nan,nan,nan,OFF
1786341337916939711,2026-08-10T12:55:37.917004,prediction,-0.090495,0.713000,0.083385,True,-0.075065,0.620598,0.086480,0.015429,0.092402,0.003095,20.65,10,-0.170681,0.566196,0.482693,0.000000,0.000000,0.000000,0.000000,0.000000,0.000000,nan,nan,nan,nan,nan,nan,OFF
1786341337951509345,2026-08-10T12:55:37.951530,prediction,-0.088756,0.726000,0.082700,True,-0.077601,0.630598,0.086121,0.011155,0.095402,0.003421,22.21,10,-0.170681,0.566196,0.482693,0.000000,0.000000,0.000000,0.000000,0.000000,0.000000,nan,nan,nan,nan,nan,nan,OFF
1786341337975294492,2026-08-10T12:55:37.975327,prediction,-0.089098,0.733000,0.082331,True,-0.079894,0.640598,0.085674,0.009204,0.092402,0.003342,17.94,10,-0.168215,0.575780,0.482555,0.000000,0.000000,0.000000,0.000000,0.000000,0.000000,nan,nan,nan,nan,nan,nan,OFF
1786341338017114158,2026-08-10T12:55:38.017135,prediction,-0.089587,0.743000,0.081805,True,-0.081962,0.650598,0.085194,0.007626,0.092402,0.003390,21.99,10,-0.168215,0.575780,0.482555,0.000000,0.000000,0.000000,0.000000,0.000000,0.000000,nan,nan,nan,nan,nan,nan,OFF
1786341338045100362,2026-08-10T12:55:38.045144,prediction,-0.090516,0.762000,0.080804,True,-0.083854,0.660598,0.084675,0.006663,0.101402,0.003871,19.60,10,-0.165653,0.585425,0.482390,0.000000,0.000000,0.000000,0.000000,0.000000,0.000000,nan,nan,nan,nan,nan,nan,OFF
1786341338079704977,2026-08-10T12:55:38.079746,prediction,-0.091103,0.774000,0.080172,True,-0.085494,0.670598,0.084123,0.005610,0.103402,0.003951,20.62,10,-0.165653,0.585425,0.482390,0.000000,0.000000,0.000000,0.000000,0.000000,0.000000,nan,nan,nan,nan,nan,nan,OFF
1786341338113948270,2026-08-10T12:55:38.113964,prediction,-0.093519,0.777000,0.080014,True,-0.086988,0.680598,0.083570,0.006531,0.096402,0.003556,21.24,10,-0.163034,0.595099,0.482202,0.000000,0.000000,0.000000,0.000000,0.000000,0.000000,nan,nan,nan,nan,nan,nan,OFF
1786341338147348212,2026-08-10T12:55:38.147366,prediction,-0.093850,0.784000,0.079646,True,-0.088306,0.690598,0.083030,0.005544,0.093402,0.003384,21.81,10,-0.163034,0.595099,0.482202,0.000000,0.000000,0.000000,0.000000,0.000000,0.000000,nan,nan,nan,nan,nan,nan,OFF
1786341338185097673,2026-08-10T12:55:38.185115,prediction,-0.094417,0.796000,0.079014,True,-0.089451,0.700598,0.082493,0.004965,0.095402,0.003479,21.88,10,-0.160402,0.604767,0.481995,0.000000,0.000000,0.000000,0.000000,0.000000,0.000000,nan,nan,nan,nan,nan,nan,OFF
1786341338219265123,2026-08-10T12:55:38.219281,prediction,-0.092619,0.805000,0.080767,True,-0.090250,0.710598,0.082043,0.002369,0.094402,0.001277,22.59,10,-0.160402,0.604767,0.481995,0.000000,0.000000,0.000000,0.000000,0.000000,0.000000,nan,nan,nan,nan,nan,nan,OFF
1786341338250408816,2026-08-10T12:55:38.250428,prediction,-0.093157,0.816000,0.082378,True,-0.090885,0.720598,0.081719,0.002273,0.095402,0.000659,22.94,10,-0.157803,0.614371,0.481772,0.000000,0.000000,0.000000,0.000000,0.000000,0.000000,nan,nan,nan,nan,nan,nan,OFF
1786341338279888097,2026-08-10T12:55:38.279906,prediction,-0.093597,0.825000,0.081874,True,-0.091460,0.730598,0.081445,0.002137,0.094402,0.000429,22.32,10,-0.157803,0.614371,0.481772,0.000000,0.000000,0.000000,0.000000,0.000000,0.000000,nan,nan,nan,nan,nan,nan,OFF
1786341338320359035,2026-08-10T12:55:38.320377,prediction,-0.094038,0.834000,0.083550,True,-0.091923,0.740598,0.081275,0.002115,0.093402,0.002275,22.03,10,-0.155220,0.624073,0.481531,0.000000,0.000000,0.000000,0.000000,0.000000,0.000000,nan,nan,nan,nan,nan,nan,OFF
1786341338349337621,2026-08-10T12:55:38.349356,prediction,-0.094722,0.848000,0.084899,True,-0.092261,0.750598,0.081215,0.002461,0.097402,0.003684,21.78,10,-0.155220,0.624073,0.481531,0.000000,0.000000,0.000000,0.000000,0.000000,0.000000,nan,nan,nan,nan,nan,nan,OFF
1786341338387743802,2026-08-10T12:55:38.387760,prediction,-0.097488,0.861000,0.084128,True,-0.092640,0.760598,0.081182,0.004848,0.100402,0.002946,22.73,10,-0.152687,0.633819,0.481280,0.000000,0.000000,0.000000,0.000000,0.000000,0.000000,nan,nan,nan,nan,nan,nan,OFF
1786341338419579120,2026-08-10T12:55:38.419599,prediction,-0.093531,0.867000,0.083773,True,-0.092879,0.770598,0.081170,0.000652,0.096402,0.002603,24.50,10,-0.152687,0.633819,0.481280,0.000000,0.000000,0.000000,0.000000,0.000000,0.000000,nan,nan,nan,nan,nan,nan,OFF
1786341338444382536,2026-08-10T12:55:38.444397,prediction,-0.091411,0.867000,0.083773,True,-0.093037,0.780598,0.081183,0.001626,0.086402,0.002590,19.13,10,-0.150264,0.643432,0.481026,0.000000,0.000000,0.000000,0.000000,0.000000,0.000000,nan,nan,nan,nan,nan,nan,OFF
1786341338479311975,2026-08-10T12:55:38.479330,prediction,-0.092089,0.880000,0.083002,True,-0.093166,0.790598,0.081187,0.001077,0.089402,0.001815,22.31,10,-0.150264,0.643432,0.481026,0.000000,0.000000,0.000000,0.000000,0.000000,0.000000,nan,nan,nan,nan,nan,nan,OFF
1786341338516940117,2026-08-10T12:55:38.516957,prediction,-0.092089,0.880000,0.083002,True,-0.093265,0.800598,0.081195,0.001176,0.079402,0.001807,22.33,10,-0.147902,0.653144,0.480766,0.000000,0.000000,0.000000,0.000000,0.000000,0.000000,nan,nan,nan,nan,nan,nan,OFF
1786341338544681437,2026-08-10T12:55:38.544698,prediction,-0.092350,0.885000,0.082706,True,-0.093323,0.810598,0.081226,0.000973,0.074402,0.001479,22.65,10,-0.147902,0.653144,0.480766,0.000000,0.000000,0.000000,0.000000,0.000000,0.000000,nan,nan,nan,nan,nan,nan,OFF
1786341338579398906,2026-08-10T12:55:38.579416,prediction,-0.094845,0.893000,0.082232,True,-0.093427,0.820598,0.081270,0.001418,0.072402,0.000962,22.43,10,-0.145595,0.663018,0.480504,0.000000,0.000000,0.000000,0.000000,0.000000,0.000000,nan,nan,nan,nan,nan,nan,OFF
1786341338616577810,2026-08-10T12:55:38.616605,prediction,-0.099379,0.901000,0.081757,True,-0.093632,0.830213,0.081304,0.005746,0.070787,0.000453,25.63,10,-0.145595,0.663018,0.480504,0.000000,0.000000,0.000000,0.000000,0.000000,0.000000,nan,nan,nan,nan,nan,nan,OFF
1786341338661108811,2026-08-10T12:55:38.661124,prediction,-0.097705,0.909000,0.079228,True,-0.093818,0.838726,0.081256,0.003887,0.070274,0.002028,27.69,10,-0.143448,0.672618,0.480253,0.000000,0.000000,0.000000,0.000000,0.000000,0.000000,nan,nan,nan,nan,nan,nan,OFF
1786341338687172886,2026-08-10T12:55:38.687230,prediction,-0.100466,0.924000,0.078364,True,-0.094072,0.846712,0.081151,0.006394,0.077288,0.002787,20.67,10,-0.143448,0.672618,0.480253,0.000000,0.000000,0.000000,0.000000,0.000000,0.000000,nan,nan,nan,nan,nan,nan,OFF
1786341338729206363,2026-08-10T12:55:38.729221,prediction,-0.098635,0.928000,0.076109,True,-0.094278,0.854498,0.080955,0.004356,0.073502,0.004846,28.84,10,-0.141361,0.682380,0.480006,0.000000,0.000000,0.000000,0.000000,0.000000,0.000000,nan,nan,nan,nan,nan,nan,OFF
1786341338753881457,2026-08-10T12:55:38.753897,prediction,-0.098635,0.928000,0.076109,True,-0.094520,0.861943,0.080577,0.004115,0.066057,0.004467,23.07,10,-0.141361,0.682380,0.480006,0.000000,0.000000,0.000000,0.000000,0.000000,0.000000,nan,nan,nan,nan,nan,nan,OFF
1786341338781653215,2026-08-10T12:55:38.781678,prediction,-0.099270,0.941000,0.075382,True,-0.094780,0.868966,0.080096,0.004490,0.072034,0.004714,19.00,10,-0.139346,0.692233,0.479766,0.000000,0.000000,0.000000,0.000000,0.000000,0.000000,nan,nan,nan,nan,nan,nan,OFF
1786341338816368119,2026-08-10T12:55:38.816389,prediction,-0.103587,0.948000,0.074990,True,-0.095182,0.875803,0.079489,0.008404,0.072197,0.004499,20.52,10,-0.139346,0.692233,0.479766,0.000000,0.000000,0.000000,0.000000,0.000000,0.000000,nan,nan,nan,nan,nan,nan,OFF
1786341338852417471,2026-08-10T12:55:38.852438,prediction,-0.107645,0.950000,0.074878,True,-0.095768,0.882476,0.078769,0.011877,0.067524,0.003891,24.37,10,-0.137429,0.702011,0.479533,0.000000,0.000000,0.000000,0.000000,0.000000,0.000000,nan,nan,nan,nan,nan,nan,OFF
1786341338893569584,2026-08-10T12:55:38.893602,prediction,-0.109913,0.957000,0.072510,True,-0.096423,0.888733,0.077942,0.013490,0.068267,0.005432,32.28,10,-0.135538,0.711850,0.479300,0.000000,0.000000,0.000000,0.000000,0.000000,0.000000,nan,nan,nan,nan,nan,nan,OFF
1786341338936108355,2026-08-10T12:55:38.936127,prediction,-0.109995,0.959000,0.072402,True,-0.097252,0.894541,0.077073,0.012743,0.064460,0.004671,31.51,10,-0.135538,0.711850,0.479300,0.000000,0.000000,0.000000,0.000000,0.000000,0.000000,nan,nan,nan,nan,nan,nan,OFF
1786341338965988914,2026-08-10T12:55:38.966008,prediction,-0.110198,0.964000,0.070166,True,-0.098245,0.899960,0.076113,0.011952,0.064040,0.005947,24.55,10,-0.133718,0.721674,0.479066,0.000000,0.000000,0.000000,0.000000,0.000000,0.000000,nan,nan,nan,nan,nan,nan,OFF
1786341338995289177,2026-08-10T12:55:38.995307,prediction,-0.112432,0.971000,0.069797,True,-0.099367,0.905253,0.075123,0.013064,0.065748,0.005326,22.90,10,-0.133718,0.721674,0.479066,0.000000,0.000000,0.000000,0.000000,0.000000,0.000000,nan,nan,nan,nan,nan,nan,OFF
1786341339025745880,2026-08-10T12:55:39.025791,prediction,-0.114717,0.980000,0.067385,True,-0.100628,0.910333,0.074043,0.014088,0.069667,0.006658,22.16,10,-0.131957,0.731466,0.478824,0.000000,0.000000,0.000000,0.000000,0.000000,0.000000,nan,nan,nan,nan,nan,nan,OFF
1786341339052151497,2026-08-10T12:55:39.052172,prediction,-0.114978,0.987000,0.067028,True,-0.101944,0.915466,0.072918,0.013035,0.071534,0.005890,22.56,10,-0.131957,0.731466,0.478824,0.000000,0.000000,0.000000,0.000000,0.000000,0.000000,nan,nan,nan,nan,nan,nan,OFF
1786341339080111827,2026-08-10T12:55:39.080130,prediction,-0.117044,0.991000,0.066824,True,-0.103257,0.920674,0.071784,0.013787,0.070326,0.004960,22.31,10,-0.131957,0.731466,0.478824,0.000000,0.000000,0.000000,0.000000,0.000000,0.000000,nan,nan,nan,nan,nan,nan,OFF
1786341339122786388,2026-08-10T12:55:39.122812,prediction,-0.119335,1.002000,0.066263,True,-0.104479,0.925810,0.070650,0.014855,0.076190,0.004387,27.01,10,-0.130196,0.741558,0.478549,0.000000,0.000000,0.000000,0.000000,0.000000,0.000000,nan,nan,nan,nan,nan,nan,OFF
1786341339152142613,2026-08-10T12:55:39.152163,prediction,-0.121297,1.004000,0.064263,True,-0.105766,0.930912,0.069534,0.015531,0.073088,0.005271,24.60,10,-0.130196,0.741558,0.478549,0.000000,0.000000,0.000000,0.000000,0.000000,0.000000,nan,nan,nan,nan,nan,nan,OFF
1786341339182799393,2026-08-10T12:55:39.182815,prediction,-0.123530,1.015000,0.061840,True,-0.107060,0.935834,0.068382,0.016470,0.079166,0.006543,22.63,10,-0.128530,0.751209,0.478260,0.000000,0.000000,0.000000,0.000000,0.000000,0.000000,nan,nan,nan,nan,nan,nan,OFF
1786341339218179056,2026-08-10T12:55:39.218199,prediction,-0.125523,1.019000,0.061649,True,-0.108553,0.940494,0.067202,0.016971,0.078506,0.005553,20.45,10,-0.128530,0.751209,0.478260,0.000000,0.000000,0.000000,0.000000,0.000000,0.000000,nan,nan,nan,nan,nan,nan,OFF
1786341339250029889,2026-08-10T12:55:39.250048,prediction,-0.125581,1.021000,0.061554,True,-0.110056,0.945047,0.066082,0.015525,0.075953,0.004529,22.38,10,-0.126842,0.761022,0.477934,0.000000,0.000000,0.000000,0.000000,0.000000,0.000000,nan,nan,nan,nan,nan,nan,OFF
1786341339275483478,2026-08-10T12:55:39.275523,prediction,-0.129469,1.027000,0.061267,True,-0.111665,0.949462,0.065009,0.017805,0.077538,0.003741,18.44,10,-0.126842,0.761022,0.477934,0.000000,0.000000,0.000000,0.000000,0.000000,0.000000,nan,nan,nan,nan,nan,nan,OFF
1786341339323124813,2026-08-10T12:55:39.323156,prediction,-0.131423,1.031000,0.061076,True,-0.113242,0.953621,0.063971,0.018181,0.077379,0.002895,20.69,10,-0.125121,0.770995,0.477567,0.000000,0.000000,0.000000,0.000000,0.000000,0.000000,nan,nan,nan,nan,nan,nan,OFF
1786341339360856175,2026-08-10T12:55:39.360870,prediction,-0.131423,1.031000,0.061076,True,-0.114664,0.957536,0.062964,0.016758,0.073464,0.001887,27.77,10,-0.123395,0.780969,0.477180,0.000000,0.000000,0.000000,0.000000,0.000000,0.000000,nan,nan,nan,nan,nan,nan,OFF
1786341339385682490,2026-08-10T12:55:39.385700,prediction,-0.131423,1.031000,0.061076,True,-0.115926,0.961244,0.062051,0.015497,0.069756,0.000975,19.73,10,-0.123395,0.780969,0.477180,0.000000,0.000000,0.000000,0.000000,0.000000,0.000000,nan,nan,nan,nan,nan,nan,OFF
1786341339423264600,2026-08-10T12:55:39.423352,prediction,-0.133363,1.035000,0.060886,True,-0.117168,0.964663,0.061187,0.016195,0.070338,0.000302,21.03,10,-0.123395,0.780969,0.477180,0.000000,0.000000,0.000000,0.000000,0.000000,0.000000,nan,nan,nan,nan,nan,nan,OFF
1786341339452399628,2026-08-10T12:55:39.452425,prediction,-0.135353,1.042000,0.060552,True,-0.118448,0.967908,0.060406,0.016905,0.074092,0.000145,21.39,10,-0.121702,0.790589,0.476749,0.000000,0.000000,0.000000,0.000000,0.000000,0.000000,nan,nan,nan,nan,nan,nan,OFF
1786341339476337406,2026-08-10T12:55:39.476393,prediction,-0.135561,1.052000,0.060075,True,-0.119670,0.971091,0.059668,0.015891,0.080909,0.000407,18.22,10,-0.121702,0.790589,0.476749,0.000000,0.000000,0.000000,0.000000,0.000000,0.000000,nan,nan,nan,nan,nan,nan,OFF
1786341339513714850,2026-08-10T12:55:39.513729,prediction,-0.135519,1.050000,0.060170,True,-0.120776,0.974250,0.059032,0.014743,0.075750,0.001138,19.03,10,-0.119938,0.800470,0.476269,0.000000,0.000000,0.000000,0.000000,0.000000,0.000000,nan,nan,nan,nan,nan,nan,OFF
1786341339546829669,2026-08-10T12:55:39.546847,prediction,-0.137473,1.057000,0.059836,True,-0.121882,0.977236,0.058448,0.015590,0.079764,0.001388,19.40,10,-0.119938,0.800470,0.476269,0.000000,0.000000,0.000000,0.000000,0.000000,0.000000,nan,nan,nan,nan,nan,nan,OFF
1786341339581907192,2026-08-10T12:55:39.581940,prediction,-0.137434,1.055000,0.059931,True,-0.122923,0.980023,0.057903,0.014512,0.074977,0.002029,20.60,10,-0.118159,0.810297,0.475757,0.000000,0.000000,0.000000,0.000000,0.000000,0.000000,nan,nan,nan,nan,nan,nan,OFF
1786341339616377098,2026-08-10T12:55:39.616394,prediction,-0.137511,1.059000,0.057933,True,-0.123863,0.982646,0.057334,0.013649,0.076354,0.000599,20.12,10,-0.118159,0.810297,0.475757,0.000000,0.000000,0.000000,0.000000,0.000000,0.000000,nan,nan,nan,nan,nan,nan,OFF
1786341339650734942,2026-08-10T12:55:39.650751,prediction,-0.137588,1.063000,0.057749,True,-0.124699,0.985005,0.056812,0.012889,0.077995,0.000937,22.94,10,-0.116366,0.820058,0.475216,0.000000,0.000000,0.000000,0.000000,0.000000,0.000000,nan,nan,nan,nan,nan,nan,OFF
1786341339684607391,2026-08-10T12:55:39.684622,prediction,-0.137588,1.063000,0.057749,True,-0.125407,0.987231,0.056391,0.012181,0.075769,0.001358,20.77,10,-0.116366,0.820058,0.475216,0.000000,0.000000,0.000000,0.000000,0.000000,0.000000,nan,nan,nan,nan,nan,nan,OFF
1786341339717327635,2026-08-10T12:55:39.717347,prediction,-0.137703,1.069000,0.055682,True,-0.126006,0.989200,0.055969,0.011698,0.079800,0.000287,24.34,10,-0.114536,0.829885,0.474644,0.000000,0.000000,0.000000,0.000000,0.000000,0.000000,nan,nan,nan,nan,nan,nan,OFF
1786341339748868333,2026-08-10T12:55:39.748887,prediction,-0.135916,1.069000,0.055682,True,-0.126492,0.991043,0.055552,0.009424,0.077957,0.000130,21.58,10,-0.114536,0.829885,0.474644,0.000000,0.000000,0.000000,0.000000,0.000000,0.000000,nan,nan,nan,nan,nan,nan,OFF
1786341339787738894,2026-08-10T12:55:39.787755,prediction,-0.135958,1.071000,0.055593,True,-0.126806,0.992811,0.055147,0.009152,0.078190,0.000446,23.09,10,-0.112655,0.839858,0.474039,0.000000,0.000000,0.000000,0.000000,0.000000,0.000000,nan,nan,nan,nan,nan,nan,OFF
1786341339814849922,2026-08-10T12:55:39.814866,prediction,-0.136125,1.079000,0.053463,True,-0.126986,0.994478,0.054693,0.009138,0.084522,0.001230,19.94,10,-0.112655,0.839858,0.474039,0.000000,0.000000,0.000000,0.000000,0.000000,0.000000,nan,nan,nan,nan,nan,nan,OFF
1786341339851210857,2026-08-10T12:55:39.851232,prediction,-0.136083,1.077000,0.051771,True,-0.127103,0.996118,0.054161,0.008980,0.080882,0.002390,21.25,10,-0.110826,0.849461,0.473435,0.000000,0.000000,0.000000,0.000000,0.000000,0.000000,nan,nan,nan,nan,nan,nan,OFF
1786341339880722515,2026-08-10T12:55:39.880742,prediction,-0.136083,1.077000,0.051771,True,-0.127191,0.997748,0.053589,0.008892,0.079252,0.001817,20.80,10,-0.110826,0.849461,0.473435,0.000000,0.000000,0.000000,0.000000,0.000000,0.000000,nan,nan,nan,nan,nan,nan,OFF
1786341339914703739,2026-08-10T12:55:39.914719,prediction,-0.137896,1.079000,0.051689,True,-0.127263,0.999373,0.052999,0.010633,0.079627,0.001310,21.56,10,-0.108932,0.859336,0.472795,0.000000,0.000000,0.000000,0.000000,0.000000,0.000000,nan,nan,nan,nan,nan,nan,OFF
1786341339948535381,2026-08-10T12:55:39.948558,prediction,-0.136229,1.084000,0.051484,True,-0.127218,1.000985,0.052413,0.009011,0.083015,0.000930,21.93,10,-0.108932,0.859336,0.472795,0.000000,0.000000,0.000000,0.000000,0.000000,0.000000,nan,nan,nan,nan,nan,nan,OFF
1786341339985432708,2026-08-10T12:55:39.985452,prediction,-0.136187,1.082000,0.049796,True,-0.127117,1.002519,0.051796,0.009070,0.079481,0.001999,24.72,10,-0.107053,0.869090,0.472145,0.000000,0.000000,0.000000,0.000000,0.000000,0.000000,nan,nan,nan,nan,nan,nan,OFF
1786341340010721846,2026-08-10T12:55:40.010741,prediction,-0.136146,1.080000,0.049875,True,-0.127006,1.003867,0.051164,0.009140,0.076133,0.001289,20.08,10,-0.107053,0.869090,0.472145,0.000000,0.000000,0.000000,0.000000,0.000000,0.000000,nan,nan,nan,nan,nan,nan,OFF
1786341340043922001,2026-08-10T12:55:40.043936,prediction,-0.136125,1.079000,0.049915,True,-0.126840,1.005044,0.050543,0.009285,0.073956,0.000628,19.38,10,-0.105163,0.878896,0.471473,0.000000,0.000000,0.000000,0.000000,0.000000,0.000000,nan,nan,nan,nan,nan,nan,OFF
1786341340080627451,2026-08-10T12:55:40.080646,prediction,-0.136125,1.079000,0.049915,True,-0.126659,1.006054,0.049926,0.009466,0.072946,0.000012,21.64,10,-0.105163,0.878896,0.471473,0.000000,0.000000,0.000000,0.000000,0.000000,0.000000,nan,nan,nan,nan,nan,nan,OFF
1786341340115823503,2026-08-10T12:55:40.115845,prediction,-0.136125,1.079000,0.049915,True,-0.126473,1.006936,0.049376,0.009651,0.072064,0.000539,21.50,10,-0.103252,0.888830,0.470772,0.000000,0.000000,0.000000,0.000000,0.000000,0.000000,nan,nan,nan,nan,nan,nan,OFF
1786341340147812222,2026-08-10T12:55:40.147830,prediction,-0.134354,1.079000,0.049915,True,-0.126235,1.007732,0.048870,0.008119,0.071268,0.001045,22.69,10,-0.103252,0.888830,0.470772,0.000000,0.000000,0.000000,0.000000,0.000000,0.000000,nan,nan,nan,nan,nan,nan,OFF
1786341340186275930,2026-08-10T12:55:40.186294,prediction,-0.136146,1.080000,0.049875,True,-0.126035,1.008408,0.048385,0.010111,0.071592,0.001490,18.96,10,-0.101390,0.898556,0.470067,0.000000,0.000000,0.000000,0.000000,0.000000,0.000000,nan,nan,nan,nan,nan,nan,OFF
1786341340217373327,2026-08-10T12:55:40.217392,prediction,-0.136083,1.077000,0.049994,True,-0.125852,1.009016,0.047978,0.010231,0.067984,0.002015,19.06,10,-0.101390,0.898556,0.470067,0.000000,0.000000,0.000000,0.000000,0.000000,0.000000,nan,nan,nan,nan,nan,nan,OFF
1786341340251480985,2026-08-10T12:55:40.251499,prediction,-0.136146,1.080000,0.049875,True,-0.125745,1.009504,0.047607,0.010401,0.070496,0.002268,20.56,10,-0.099549,0.908246,0.469342,0.000000,0.000000,0.000000,0.000000,0.000000,0.000000,nan,nan,nan,nan,nan,nan,OFF
1786341340281492613,2026-08-10T12:55:40.281521,prediction,-0.134421,1.082000,0.049796,True,-0.125625,1.009935,0.047257,0.008797,0.072065,0.002539,18.07,10,-0.099549,0.908246,0.469342,0.000000,0.000000,0.000000,0.000000,0.000000,0.000000,nan,nan,nan,nan,nan,nan,OFF
1786341340321357646,2026-08-10T12:55:40.321432,prediction,-0.134354,1.079000,0.049915,True,-0.125494,1.010308,0.046985,0.008860,0.068693,0.002930,22.16,10,-0.097692,0.918106,0.468583,0.000000,0.000000,0.000000,0.000000,0.000000,0.000000,nan,nan,nan,nan,nan,nan,OFF
1786341340356097997,2026-08-10T12:55:40.356125,prediction,-0.134376,1.080000,0.049875,True,-0.125368,1.010555,0.046803,0.009008,0.069445,0.003072,26.48,10,-0.097692,0.918106,0.468583,0.000000,0.000000,0.000000,0.000000,0.000000,0.000000,nan,nan,nan,nan,nan,nan,OFF
1786341340381218274,2026-08-10T12:55:40.381277,prediction,-0.134309,1.077000,0.049994,True,-0.125249,1.010710,0.046671,0.009060,0.066290,0.003323,20.03,10,-0.095873,0.927848,0.467811,0.000000,0.000000,0.000000,0.000000,0.000000,0.000000,nan,nan,nan,nan,nan,nan,OFF
1786341340416223706,2026-08-10T12:55:40.416242,prediction,-0.134421,1.082000,0.049796,True,-0.125080,1.010844,0.046563,0.009342,0.071156,0.003234,20.89,10,-0.095873,0.927848,0.467811,0.000000,0.000000,0.000000,0.000000,0.000000,0.000000,nan,nan,nan,nan,nan,nan,OFF
1786341340450153879,2026-08-10T12:55:40.450173,prediction,-0.132656,1.082000,0.049796,True,-0.124882,1.010974,0.046471,0.007773,0.071026,0.003325,22.24,10,-0.094052,0.937693,0.467010,0.000000,0.000000,0.000000,0.000000,0.000000,0.000000,nan,nan,nan,nan,nan,nan,OFF
1786341340483601260,2026-08-10T12:55:40.483616,prediction,-0.132535,1.077000,0.049994,True,-0.124671,1.011061,0.046443,0.007863,0.065939,0.003551,21.04,10,-0.094052,0.937693,0.467010,0.000000,0.000000,0.000000,0.000000,0.000000,0.000000,nan,nan,nan,nan,nan,nan,OFF
1786341340519208308,2026-08-10T12:55:40.519223,prediction,-0.132390,1.071000,0.050230,True,-0.124459,1.011042,0.046452,0.007931,0.059958,0.003778,20.79,10,-0.092225,0.947661,0.466183,0.000000,0.000000,0.000000,0.000000,0.000000,0.000000,nan,nan,nan,nan,nan,nan,OFF
1786341340555397644,2026-08-10T12:55:40.555416,prediction,-0.132438,1.073000,0.048367,True,-0.124255,1.010926,0.046422,0.008183,0.062074,0.001945,22.26,10,-0.092225,0.947661,0.466183,0.000000,0.000000,0.000000,0.000000,0.000000,0.000000,nan,nan,nan,nan,nan,nan,OFF
1786341340593756625,2026-08-10T12:55:40.593771,prediction,-0.130554,1.069000,0.050309,True,-0.124000,1.010752,0.046429,0.006554,0.058248,0.003880,27.27,10,-0.090480,0.957264,0.465371,0.000000,0.000000,0.000000,0.000000,0.000000,0.000000,nan,nan,nan,nan,nan,nan,OFF
1786341340619404387,2026-08-10T12:55:40.619424,prediction,-0.130657,1.073000,0.050152,True,-0.123720,1.010580,0.046451,0.006937,0.062420,0.003700,21.10,10,-0.090480,0.957264,0.465371,0.000000,0.000000,0.000000,0.000000,0.000000,0.000000,nan,nan,nan,nan,nan,nan,OFF
1786341340648159954,2026-08-10T12:55:40.648178,prediction,-0.130554,1.069000,0.050309,True,-0.123487,1.010345,0.046482,0.007067,0.058655,0.003827,20.68,10,-0.088709,0.967085,0.464531,0.000000,0.000000,0.000000,0.000000,0.000000,0.000000,nan,nan,nan,nan,nan,nan,OFF
1786341340683578957,2026-08-10T12:55:40.683600,prediction,-0.130606,1.071000,0.050230,True,-0.123222,1.010113,0.046519,0.007383,0.060887,0.003712,21.49,10,-0.088709,0.967085,0.464531,0.000000,0.000000,0.000000,0.000000,0.000000,0.000000,nan,nan,nan,nan,nan,nan,OFF
1786341340725124611,2026-08-10T12:55:40.725141,prediction,-0.130554,1.069000,0.050309,True,-0.122946,1.009859,0.046557,0.007608,0.059141,0.003752,27.08,10,-0.086926,0.977051,0.463671,0.000000,0.000000,0.000000,0.000000,0.000000,0.000000,nan,nan,nan,nan,nan,nan,OFF
1786341340750855490,2026-08-10T12:55:40.750881,prediction,-0.134174,1.071000,0.050230,True,-0.122773,1.009583,0.046591,0.011401,0.061418,0.003639,21.91,10,-0.086926,0.977051,0.463671,0.000000,0.000000,0.000000,0.000000,0.000000,0.000000,nan,nan,nan,nan,nan,nan,OFF
1786341340786862693,2026-08-10T12:55:40.786883,prediction,-0.134084,1.067000,0.050388,True,-0.122706,1.009258,0.046629,0.011377,0.057742,0.003760,25.20,10,-0.085208,0.986724,0.462832,0.000000,0.000000,0.000000,0.000000,0.000000,0.000000,nan,nan,nan,nan,nan,nan,OFF
1786341340813705851,2026-08-10T12:55:40.813718,prediction,-0.134129,1.069000,0.050309,True,-0.122698,1.008904,0.046662,0.011431,0.060096,0.003648,21.82,10,-0.085208,0.986724,0.462832,0.000000,0.000000,0.000000,0.000000,0.000000,0.000000,nan,nan,nan,nan,nan,nan,OFF
1786341340849568881,2026-08-10T12:55:40.849596,prediction,-0.134129,1.069000,0.050309,True,-0.122718,1.008534,0.046694,0.011411,0.060466,0.003616,21.67,10,-0.083484,0.996501,0.461982,0.000000,0.000000,0.000000,0.000000,0.000000,0.000000,nan,nan,nan,nan,nan,nan,OFF
1786341340881204464,2026-08-10T12:55:40.881221,prediction,-0.134129,1.069000,0.050309,True,-0.122753,1.008173,0.046721,0.011376,0.060827,0.003588,20.08,10,-0.083484,0.996501,0.461982,0.000000,0.000000,0.000000,0.000000,0.000000,0.000000,nan,nan,nan,nan,nan,nan,OFF
1786341340915342419,2026-08-10T12:55:40.915361,prediction,-0.134084,1.067000,0.050388,True,-0.122790,1.007804,0.046755,0.011293,0.059196,0.003633,18.36,10,-0.081751,1.006383,0.461122,0.000000,0.000000,0.000000,0.000000,0.000000,0.000000,nan,nan,nan,nan,nan,nan,OFF
1786341340946980075,2026-08-10T12:55:40.947002,prediction,-0.132293,1.067000,0.050388,True,-0.122832,1.007364,0.046792,0.009460,0.059636,0.003596,21.55,10,-0.081751,1.006383,0.461122,0.000000,0.000000,0.000000,0.000000,0.000000,0.000000,nan,nan,nan,nan,nan,nan,OFF
1786341340980804789,2026-08-10T12:55:40.980826,prediction,-0.132245,1.065000,0.050467,True,-0.122879,1.006873,0.046828,0.009365,0.058127,0.003639,21.53,10,-0.080022,1.016286,0.460260,0.000000,0.000000,0.000000,0.000000,0.000000,0.000000,nan,nan,nan,nan,nan,nan,OFF
1786341341012883977,2026-08-10T12:55:41.012903,prediction,-0.132148,1.061000,0.052429,True,-0.122922,1.006401,0.046915,0.009226,0.054599,0.005514,18.67,10,-0.080022,1.016286,0.460260,0.000000,0.000000,0.000000,0.000000,0.000000,0.000000,nan,nan,nan,nan,nan,nan,OFF
1786341341052069732,2026-08-10T12:55:41.052096,prediction,-0.130502,1.067000,0.052182,True,-0.122899,1.006021,0.047080,0.007603,0.060979,0.005102,19.26,10,-0.078343,1.025936,0.459421,0.000000,0.000000,0.000000,0.000000,0.000000,0.000000,nan,nan,nan,nan,nan,nan,OFF
1786341341082632025,2026-08-10T12:55:41.082647,prediction,-0.132245,1.065000,0.052265,True,-0.122954,1.005713,0.047226,0.009290,0.059287,0.005038,19.15,10,-0.078343,1.025936,0.459421,0.000000,0.000000,0.000000,0.000000,0.000000,0.000000,nan,nan,nan,nan,nan,nan,OFF
1786341341121314411,2026-08-10T12:55:41.121332,prediction,-0.133949,1.061000,0.052429,True,-0.123101,1.005408,0.047369,0.010848,0.055592,0.005060,22.00,10,-0.076626,1.035810,0.458564,0.000000,0.000000,0.000000,0.000000,0.000000,0.000000,nan,nan,nan,nan,nan,nan,OFF
1786341341151132950,2026-08-10T12:55:41.151150,prediction,-0.130451,1.065000,0.052265,True,-0.123181,1.005182,0.047503,0.007270,0.059818,0.004762,22.10,10,-0.076626,1.035810,0.458564,0.000000,0.000000,0.000000,0.000000,0.000000,0.000000,nan,nan,nan,nan,nan,nan,OFF
1786341341189482798,2026-08-10T12:55:41.189500,prediction,-0.130347,1.061000,0.052429,True,-0.123229,1.004909,0.047639,0.007118,0.056091,0.004790,25.10,10,-0.074909,1.045667,0.457711,0.000000,0.000000,0.000000,0.000000,0.000000,0.000000,nan,nan,nan,nan,nan,nan,OFF
1786341341216543433,2026-08-10T12:55:41.216562,prediction,-0.132196,1.063000,0.052347,True,-0.123318,1.004647,0.047768,0.008879,0.058353,0.004579,20.30,10,-0.074909,1.045667,0.457711,0.000000,0.000000,0.000000,0.000000,0.000000,0.000000,nan,nan,nan,nan,nan,nan,OFF
1786341341246521223,2026-08-10T12:55:41.246569,prediction,-0.132100,1.059000,0.052511,True,-0.123313,1.004355,0.047905,0.008786,0.054645,0.004606,19.33,10,-0.073210,1.055392,0.456873,0.000000,0.000000,0.000000,0.000000,0.000000,0.000000,nan,nan,nan,nan,nan,nan,OFF
1786341341286079942,2026-08-10T12:55:41.286096,prediction,-0.132148,1.061000,0.052429,True,-0.123265,1.004068,0.048038,0.008883,0.056932,0.004391,20.27,10,-0.073210,1.055392,0.456873,0.000000,0.000000,0.000000,0.000000,0.000000,0.000000,nan,nan,nan,nan,nan,nan,OFF
1786341341321435560,2026-08-10T12:55:41.321455,prediction,-0.134129,1.069000,0.052100,True,-0.123254,1.003774,0.048159,0.010874,0.065226,0.003941,23.36,10,-0.071482,1.065243,0.456029,0.000000,0.000000,0.000000,0.000000,0.000000,0.000000,nan,nan,nan,nan,nan,nan,OFF
1786341341349667164,2026-08-10T12:55:41.349679,prediction,-0.134039,1.065000,0.052265,True,-0.123254,1.003545,0.048278,0.010785,0.061455,0.003986,20.66,10,-0.071482,1.065243,0.456029,0.000000,0.000000,0.000000,0.000000,0.000000,0.000000,nan,nan,nan,nan,nan,nan,OFF
1786341341390683144,2026-08-10T12:55:41.390704,prediction,-0.132100,1.059000,0.052511,True,-0.123195,1.003371,0.048407,0.008904,0.055629,0.004104,22.84,10,-0.069750,1.075060,0.455195,0.000000,0.000000,0.000000,0.000000,0.000000,0.000000,nan,nan,nan,nan,nan,nan,OFF
1786341341417516149,2026-08-10T12:55:41.417535,prediction,-0.132003,1.055000,0.052676,True,-0.123115,1.003130,0.048544,0.008888,0.051870,0.004132,22.08,10,-0.069750,1.075060,0.455195,0.000000,0.000000,0.000000,0.000000,0.000000,0.000000,nan,nan,nan,nan,nan,nan,OFF
1786341341450554804,2026-08-10T12:55:41.450573,prediction,-0.132100,1.059000,0.052511,True,-0.123083,1.002856,0.048677,0.009017,0.056144,0.003834,22.17,10,-0.068018,1.084841,0.454371,0.000000,0.000000,0.000000,0.000000,0.000000,0.000000,nan,nan,nan,nan,nan,nan,OFF
1786341341481904413,2026-08-10T12:55:41.481923,prediction,-0.132051,1.057000,0.052593,True,-0.123078,1.002535,0.048810,0.008973,0.054465,0.003784,21.32,10,-0.068018,1.084841,0.454371,0.000000,0.000000,0.000000,0.000000,0.000000,0.000000,nan,nan,nan,nan,nan,nan,OFF
1786341341520352757,2026-08-10T12:55:41.520372,prediction,-0.131979,1.054000,0.052717,True,-0.123090,1.002220,0.048885,0.008889,0.051780,0.003831,21.95,10,-0.066255,1.094754,0.453546,0.000000,0.000000,0.000000,0.000000,0.000000,0.000000,nan,nan,nan,nan,nan,nan,OFF
1786341341551661418,2026-08-10T12:55:41.551679,prediction,-0.131979,1.054000,0.054532,True,-0.123162,1.001853,0.048991,0.008817,0.052147,0.005541,22.39,10,-0.066255,1.094754,0.453546,0.000000,0.000000,0.000000,0.000000,0.000000,0.000000,nan,nan,nan,nan,nan,nan,OFF
1786341341581396350,2026-08-10T12:55:41.581416,prediction,-0.131882,1.050000,0.054703,True,-0.123207,1.001461,0.049119,0.008675,0.048539,0.005585,20.92,10,-0.064513,1.104518,0.452745,0.000000,0.000000,0.000000,0.000000,0.000000,0.000000,nan,nan,nan,nan,nan,nan,OFF
1786341341617087601,2026-08-10T12:55:41.617127,prediction,-0.131979,1.054000,0.054532,True,-0.123189,1.001066,0.049251,0.008790,0.052934,0.005281,21.88,10,-0.064513,1.104518,0.452745,0.000000,0.000000,0.000000,0.000000,0.000000,0.000000,nan,nan,nan,nan,nan,nan,OFF
1786341341649168880,2026-08-10T12:55:41.649188,prediction,-0.130167,1.054000,0.054532,True,-0.123192,1.000659,0.049388,0.006974,0.053341,0.005144,22.18,10,-0.062768,1.114261,0.451955,0.000000,0.000000,0.000000,0.000000,0.000000,0.000000,nan,nan,nan,nan,nan,nan,OFF
1786341341681664110,2026-08-10T12:55:41.681683,prediction,-0.130063,1.050000,0.056526,True,-0.123199,1.000313,0.049583,0.006865,0.049687,0.006943,21.71,10,-0.062768,1.114261,0.451955,0.000000,0.000000,0.000000,0.000000,0.000000,0.000000,nan,nan,nan,nan,nan,nan,OFF
1786341341716575700,2026-08-10T12:55:41.716604,prediction,-0.130192,1.055000,0.056304,True,-0.123154,0.999987,0.049808,0.007039,0.055013,0.006495,22.50,10,-0.060990,1.124153,0.451165,0.000000,0.000000,0.000000,0.000000,0.000000,0.000000,nan,nan,nan,nan,nan,nan,OFF
1786341341744176735,2026-08-10T12:55:41.744192,prediction,-0.131882,1.050000,0.056526,True,-0.123141,0.999622,0.050048,0.008741,0.050378,0.006478,19.23,10,-0.060990,1.124153,0.451165,0.000000,0.000000,0.000000,0.000000,0.000000,0.000000,nan,nan,nan,nan,nan,nan,OFF
1786341341792390967,2026-08-10T12:55:41.792448,prediction,-0.130012,1.048000,0.058440,True,-0.123082,0.999238,0.050358,0.006930,0.048762,0.008082,30.31,10,-0.059211,1.134020,0.450391,0.000000,0.000000,0.000000,0.000000,0.000000,0.000000,nan,nan,nan,nan,nan,nan,OFF
1786341341817029742,2026-08-10T12:55:41.817050,prediction,-0.129960,1.046000,0.058532,True,-0.122939,0.998820,0.050722,0.007021,0.047180,0.007810,20.01,10,-0.059211,1.134020,0.450391,0.000000,0.000000,0.000000,0.000000,0.000000,0.000000,nan,nan,nan,nan,nan,nan,OFF
1786341341854544915,2026-08-10T12:55:41.854605,prediction,-0.129857,1.042000,0.058716,True,-0.122763,0.998276,0.051114,0.007094,0.043724,0.007603,22.64,10,-0.057460,1.143708,0.449649,0.000000,0.000000,0.000000,0.000000,0.000000,0.000000,nan,nan,nan,nan,nan,nan,OFF
1786341341886997194,2026-08-10T12:55:41.887068,prediction,-0.130063,1.050000,0.058348,True,-0.122642,0.997635,0.051497,0.007422,0.052365,0.006850,20.11,10,-0.057460,1.143708,0.449649,0.000000,0.000000,0.000000,0.000000,0.000000,0.000000,nan,nan,nan,nan,nan,nan,OFF
1786341341915917619,2026-08-10T12:55:41.915961,prediction,-0.130192,1.055000,0.058117,True,-0.122544,0.997112,0.051862,0.007648,0.057888,0.006255,20.84,10,-0.055684,1.153511,0.448920,0.000000,0.000000,0.000000,0.000000,0.000000,0.000000,nan,nan,nan,nan,nan,nan,OFF
1786341341954487371,2026-08-10T12:55:41.954504,prediction,-0.129960,1.046000,0.056703,True,-0.122448,0.996687,0.052178,0.007512,0.049313,0.004526,22.96,10,-0.055684,1.153511,0.448920,0.000000,0.000000,0.000000,0.000000,0.000000,0.000000,nan,nan,nan,nan,nan,nan,OFF
1786341341984964614,2026-08-10T12:55:41.984983,prediction,-0.130063,1.050000,0.058348,True,-0.122351,0.996352,0.052512,0.007712,0.053649,0.005836,21.56,10,-0.053892,1.163384,0.448216,0.000000,0.000000,0.000000,0.000000,0.000000,0.000000,nan,nan,nan,nan,nan,nan,OFF
1786341342016125043,2026-08-10T12:55:42.016140,prediction,-0.130115,1.052000,0.058256,True,-0.122258,0.996067,0.052850,0.007857,0.055933,0.005405,20.78,10,-0.053892,1.163384,0.448216,0.000000,0.000000,0.000000,0.000000,0.000000,0.000000,nan,nan,nan,nan,nan,nan,OFF
1786341342053776087,2026-08-10T12:55:42.053789,prediction,-0.128300,1.052000,0.058256,True,-0.122106,0.995906,0.053136,0.006194,0.056094,0.005119,23.29,10,-0.052107,1.173195,0.447552,0.000000,0.000000,0.000000,0.000000,0.000000,0.000000,nan,nan,nan,nan,nan,nan,OFF
1786341342093612365,2026-08-10T12:55:42.093626,prediction,-0.129908,1.044000,0.058624,True,-0.121975,0.995813,0.053398,0.007933,0.048187,0.005227,23.41,10,-0.050318,1.183026,0.446909,0.000000,0.000000,0.000000,0.000000,0.000000,0.000000,nan,nan,nan,nan,nan,nan,OFF
1786341342123386145,2026-08-10T12:55:42.123413,prediction,-0.130115,1.052000,0.056437,True,-0.121861,0.995755,0.053584,0.008254,0.056245,0.002853,25.17,10,-0.050318,1.183026,0.446909,0.000000,0.000000,0.000000,0.000000,0.000000,0.000000,nan,nan,nan,nan,nan,nan,OFF
1786341342148691855,2026-08-10T12:55:42.148712,prediction,-0.130115,1.052000,0.056437,True,-0.121810,0.995701,0.053728,0.008305,0.056299,0.002708,20.30,10,-0.050318,1.183026,0.446909,0.000000,0.000000,0.000000,0.000000,0.000000,0.000000,nan,nan,nan,nan,nan,nan,OFF
1786341342188100986,2026-08-10T12:55:42.188118,prediction,-0.130244,1.057000,0.056215,True,-0.121799,0.995646,0.053783,0.008445,0.061355,0.002431,24.54,10,-0.048536,1.192846,0.446342,0.000000,0.000000,0.000000,0.000000,0.000000,0.000000,nan,nan,nan,nan,nan,nan,OFF
1786341342219984157,2026-08-10T12:55:42.220013,prediction,-0.129960,1.046000,0.056703,True,-0.121795,0.995587,0.053813,0.008166,0.050413,0.002890,24.16,10,-0.048536,1.192846,0.446342,0.000000,0.000000,0.000000,0.000000,0.000000,0.000000,nan,nan,nan,nan,nan,nan,OFF
1786341342257365583,2026-08-10T12:55:42.257382,prediction,-0.128190,1.048000,0.056614,True,-0.121683,0.995546,0.053828,0.006507,0.052454,0.002786,25.60,10,-0.046753,1.202712,0.445828,0.000000,0.000000,0.000000,0.000000,0.000000,0.000000,nan,nan,nan,nan,nan,nan,OFF
1786341342281785310,2026-08-10T12:55:42.281801,prediction,-0.130012,1.048000,0.056614,True,-0.121637,0.995494,0.053772,0.008375,0.052506,0.002842,20.10,10,-0.046753,1.202712,0.445828,0.000000,0.000000,0.000000,0.000000,0.000000,0.000000,nan,nan,nan,nan,nan,nan,OFF
1786341342314471166,2026-08-10T12:55:42.314488,prediction,-0.130063,1.050000,0.056526,True,-0.121625,0.995469,0.053674,0.008439,0.054531,0.002851,21.07,10,-0.044986,1.212550,0.445369,0.000000,0.000000,0.000000,0.000000,0.000000,0.000000,nan,nan,nan,nan,nan,nan,OFF
1786341342355909166,2026-08-10T12:55:42.355925,prediction,-0.130063,1.050000,0.056526,True,-0.121626,0.995533,0.053551,0.008437,0.054467,0.002975,23.73,10,-0.044986,1.212550,0.445369,0.000000,0.000000,0.000000,0.000000,0.000000,0.000000,nan,nan,nan,nan,nan,nan,OFF
1786341342381289296,2026-08-10T12:55:42.381309,prediction,-0.130167,1.054000,0.056348,True,-0.121627,0.995655,0.053422,0.008539,0.058345,0.002926,20.18,10,-0.043241,1.222326,0.444960,0.000000,0.000000,0.000000,0.000000,0.000000,0.000000,nan,nan,nan,nan,nan,nan,OFF
1786341342417678249,2026-08-10T12:55:42.417703,prediction,-0.130012,1.048000,0.056614,True,-0.121623,0.995739,0.053307,0.008389,0.052261,0.003307,23.34,10,-0.043241,1.222326,0.444960,0.000000,0.000000,0.000000,0.000000,0.000000,0.000000,nan,nan,nan,nan,nan,nan,OFF
1786341342448673765,2026-08-10T12:55:42.448689,prediction,-0.130063,1.050000,0.056526,True,-0.121624,0.995786,0.053243,0.008440,0.054214,0.003283,21.62,10,-0.041503,1.232120,0.444584,0.000000,0.000000,0.000000,0.000000,0.000000,0.000000,nan,nan,nan,nan,nan,nan,OFF
1786341342485658181,2026-08-10T12:55:42.485676,prediction,-0.130115,1.052000,0.056437,True,-0.121628,0.995812,0.053154,0.008486,0.056188,0.003283,22.70,10,-0.041503,1.232120,0.444584,0.000000,0.000000,0.000000,0.000000,0.000000,0.000000,nan,nan,nan,nan,nan,nan,OFF
1786341342519628901,2026-08-10T12:55:42.519666,prediction,-0.130167,1.054000,0.056348,True,-0.121633,0.995861,0.053051,0.008534,0.058139,0.003297,19.22,10,-0.039758,1.242038,0.444225,0.000000,0.000000,0.000000,0.000000,0.000000,0.000000,nan,nan,nan,nan,nan,nan,OFF
1786341342560015497,2026-08-10T12:55:42.560038,prediction,-0.129908,1.044000,0.058624,True,-0.121686,0.995882,0.053010,0.008223,0.048118,0.005614,24.51,10,-0.039758,1.242038,0.444225,0.000000,0.000000,0.000000,0.000000,0.000000,0.000000,nan,nan,nan,nan,nan,nan,OFF
1786341342589523356,2026-08-10T12:55:42.589597,prediction,-0.129960,1.046000,0.056703,True,-0.121723,0.995791,0.052935,0.008237,0.050210,0.003769,24.04,10,-0.038019,1.251968,0.443868,0.000000,0.000000,0.000000,0.000000,0.000000,0.000000,nan,nan,nan,nan,nan,nan,OFF
1786341342624144463,2026-08-10T12:55:42.624162,prediction,-0.130063,1.050000,0.056526,True,-0.121749,0.995619,0.052902,0.008315,0.054381,0.003624,21.17,10,-0.038019,1.251968,0.443868,0.000000,0.000000,0.000000,0.000000,0.000000,0.000000,nan,nan,nan,nan,nan,nan,OFF
1786341342655369612,2026-08-10T12:55:42.655388,prediction,-0.131882,1.050000,0.056526,True,-0.121822,0.995463,0.052889,0.010060,0.054537,0.003637,24.40,10,-0.036333,1.261672,0.443506,0.000000,0.000000,0.000000,0.000000,0.000000,0.000000,nan,nan,nan,nan,nan,nan,OFF
1786341342683564342,2026-08-10T12:55:42.683592,prediction,-0.131882,1.050000,0.056526,True,-0.121915,0.995332,0.052894,0.009967,0.054668,0.003632,19.00,10,-0.036333,1.261672,0.443506,0.000000,0.000000,0.000000,0.000000,0.000000,0.000000,nan,nan,nan,nan,nan,nan,OFF
1786341342727484296,2026-08-10T12:55:42.727516,prediction,-0.131785,1.046000,0.058532,True,-0.122021,0.995215,0.052953,0.009765,0.050785,0.005579,27.21,10,-0.034656,1.271303,0.443073,0.000000,0.000000,0.000000,0.000000,0.000000,0.000000,nan,nan,nan,nan,nan,nan,OFF
1786341342755205123,2026-08-10T12:55:42.755223,prediction,-0.131930,1.052000,0.058256,True,-0.122189,0.995163,0.053033,0.009742,0.056837,0.005222,22.98,10,-0.034656,1.271303,0.443073,0.000000,0.000000,0.000000,0.000000,0.000000,0.000000,nan,nan,nan,nan,nan,nan,OFF
1786341342785889391,2026-08-10T12:55:42.785909,prediction,-0.131882,1.050000,0.056526,True,-0.122329,0.995170,0.053073,0.009553,0.054830,0.003453,22.28,10,-0.033337,1.278710,0.442680,0.000000,0.000000,0.000000,0.000000,0.000000,0.000000,nan,nan,nan,nan,nan,nan,OFF
1786341342824685897,2026-08-10T12:55:42.824704,prediction,-0.131882,1.050000,0.056526,True,-0.122453,0.995208,0.053091,0.009429,0.054792,0.003435,24.52,10,-0.033337,1.278710,0.442680,0.000000,0.000000,0.000000,0.000000,0.000000,0.000000,nan,nan,nan,nan,nan,nan,OFF
1786341342855791180,2026-08-10T12:55:42.855812,prediction,-0.130063,1.050000,0.056526,True,-0.122512,0.995237,0.053100,0.007551,0.054764,0.003425,21.97,10,-0.033337,1.278710,0.442680,0.000000,0.000000,0.000000,0.000000,0.000000,0.000000,nan,nan,nan,nan,nan,nan,OFF
1786341342883228962,2026-08-10T12:55:42.883242,prediction,-0.132003,1.055000,0.056304,True,-0.122597,0.995242,0.053100,0.009406,0.059759,0.003204,20.23,10,-0.033337,1.278710,0.442680,0.000000,0.000000,0.000000,0.000000,0.000000,0.000000,nan,nan,nan,nan,nan,nan,OFF
1786341342916720749,2026-08-10T12:55:42.916734,prediction,-0.132003,1.055000,0.056304,True,-0.122693,0.995317,0.053085,0.009310,0.059683,0.003218,20.95,10,-0.031850,1.284836,0.442099,0.000000,0.000000,0.000000,0.000000,0.000000,0.000000,nan,nan,nan,nan,nan,nan,OFF
1786341342954572091,2026-08-10T12:55:42.954611,prediction,-0.131930,1.052000,0.058256,True,-0.122786,0.995442,0.053125,0.009145,0.056558,0.005130,22.11,10,-0.031850,1.284836,0.442099,0.000000,0.000000,0.000000,0.000000,0.000000,0.000000,nan,nan,nan,nan,nan,nan,OFF
1786341342993396399,2026-08-10T12:55:42.993414,prediction,-0.132003,1.055000,0.058117,True,-0.122876,0.995593,0.053194,0.009127,0.059407,0.004923,28.33,10,-0.032247,1.282534,0.442290,0.000000,0.000000,0.000000,0.000000,0.000000,0.000000,nan,nan,nan,nan,nan,nan,OFF
1786341343024218494,2026-08-10T12:55:43.024282,prediction,-0.131882,1.050000,0.058348,True,-0.122966,0.995670,0.053289,0.008916,0.054330,0.005059,23.68,10,-0.032247,1.282534,0.442290,0.000000,0.000000,0.000000,0.000000,0.000000,0.000000,nan,nan,nan,nan,nan,nan,OFF
1786341343056169008,2026-08-10T12:55:43.056189,prediction,-0.131979,1.054000,0.058164,True,-0.123070,0.995727,0.053321,0.008909,0.058273,0.004843,24.17,10,-0.032163,1.282510,0.442292,0.000000,0.000000,0.000000,0.000000,0.000000,0.000000,nan,nan,nan,nan,nan,nan,OFF
1786341343085389410,2026-08-10T12:55:43.085407,prediction,-0.131785,1.046000,0.058532,True,-0.123168,0.995809,0.053389,0.008617,0.050191,0.005143,21.06,10,-0.032163,1.282510,0.442292,0.000000,0.000000,0.000000,0.000000,0.000000,0.000000,nan,nan,nan,nan,nan,nan,OFF
1786341343117718949,2026-08-10T12:55:43.117741,prediction,-0.131979,1.054000,0.058164,True,-0.123261,0.995981,0.053470,0.008718,0.058019,0.004694,21.62,10,-0.031077,1.282354,0.442554,0.000000,0.000000,0.000000,0.000000,0.000000,0.000000,nan,nan,nan,nan,nan,nan,OFF
1786341343152932068,2026-08-10T12:55:43.152948,prediction,-0.131930,1.052000,0.058256,True,-0.123298,0.996120,0.053563,0.008633,0.055880,0.004693,22.21,10,-0.031077,1.282354,0.442554,0.000000,0.000000,0.000000,0.000000,0.000000,0.000000,nan,nan,nan,nan,nan,nan,OFF
1786341343183791683,2026-08-10T12:55:43.183805,prediction,-0.131979,1.054000,0.058164,True,-0.123306,0.996257,0.053658,0.008672,0.057743,0.004505,23.01,10,-0.032117,1.282600,0.442376,0.000000,0.000000,0.000000,0.000000,0.000000,0.000000,nan,nan,nan,nan,nan,nan,OFF
1786341343216573976,2026-08-10T12:55:43.216605,prediction,-0.131834,1.048000,0.058440,True,-0.123304,0.996364,0.053702,0.008530,0.051636,0.004738,21.50,10,-0.032117,1.282600,0.442376,0.000000,0.000000,0.000000,0.000000,0.000000,0.000000,nan,nan,nan,nan,nan,nan,OFF
1786341343249809544,2026-08-10T12:55:43.249826,prediction,-0.132051,1.057000,0.058025,True,-0.123296,0.996484,0.053713,0.008755,0.060516,0.004313,22.84,10,-0.031023,1.282614,0.442697,0.000000,0.000000,0.000000,0.000000,0.000000,0.000000,nan,nan,nan,nan,nan,nan,OFF
1786341343285262625,2026-08-10T12:55:43.285281,prediction,-0.131930,1.052000,0.058256,True,-0.123283,0.996582,0.053766,0.008647,0.055418,0.004489,20.32,10,-0.031023,1.282614,0.442697,0.000000,0.000000,0.000000,0.000000,0.000000,0.000000,nan,nan,nan,nan,nan,nan,OFF
1786341343317739903,2026-08-10T12:55:43.317761,prediction,-0.132003,1.055000,0.056304,True,-0.123270,0.996715,0.053784,0.008733,0.058285,0.002520,20.87,10,-0.032081,1.283030,0.442515,0.000000,0.000000,0.000000,0.000000,0.000000,0.000000,nan,nan,nan,nan,nan,nan,OFF
1786341343350826831,2026-08-10T12:55:43.350846,prediction,-0.130063,1.050000,0.056526,True,-0.123256,0.996826,0.053789,0.006808,0.053174,0.002736,20.53,10,-0.032081,1.283030,0.442515,0.000000,0.000000,0.000000,0.000000,0.000000,0.000000,nan,nan,nan,nan,nan,nan,OFF
1786341343386437900,2026-08-10T12:55:43.386460,prediction,-0.130012,1.048000,0.056614,True,-0.123182,0.996894,0.053801,0.006830,0.051106,0.002814,22.65,10,-0.030982,1.282976,0.442825,0.000000,0.000000,0.000000,0.000000,0.000000,0.000000,nan,nan,nan,nan,nan,nan,OFF
1786341343419702904,2026-08-10T12:55:43.419726,prediction,-0.130244,1.057000,0.056215,True,-0.123094,0.996848,0.053804,0.007150,0.060152,0.002410,19.80,10,-0.030982,1.282976,0.442825,0.000000,0.000000,0.000000,0.000000,0.000000,0.000000,nan,nan,nan,nan,nan,nan,OFF
1786341343458951227,2026-08-10T12:55:43.458971,prediction,-0.130012,1.048000,0.056614,True,-0.123001,0.996696,0.053758,0.007011,0.051305,0.002857,25.28,10,-0.031852,1.283641,0.442809,0.000000,0.000000,0.000000,0.000000,0.000000,0.000000,nan,nan,nan,nan,nan,nan,OFF
1786341343482725734,2026-08-10T12:55:43.482742,prediction,-0.130167,1.054000,0.056348,True,-0.122903,0.996585,0.053680,0.007264,0.057415,0.002668,20.13,10,-0.031852,1.283641,0.442809,0.000000,0.000000,0.000000,0.000000,0.000000,0.000000,nan,nan,nan,nan,nan,nan,OFF
1786341343521758830,2026-08-10T12:55:43.521775,prediction,-0.130063,1.050000,0.056526,True,-0.122802,0.996500,0.053585,0.007261,0.053500,0.002941,22.94,10,-0.030758,1.283198,0.442974,0.000000,0.000000,0.000000,0.000000,0.000000,0.000000,nan,nan,nan,nan,nan,nan,OFF
1786341343554334524,2026-08-10T12:55:43.554347,prediction,-0.130167,1.054000,0.056348,True,-0.122699,0.996466,0.053481,0.007468,0.057534,0.002867,22.81,10,-0.030758,1.283198,0.442974,0.000000,0.000000,0.000000,0.000000,0.000000,0.000000,nan,nan,nan,nan,nan,nan,OFF
1786341343584985124,2026-08-10T12:55:43.585002,prediction,-0.130012,1.048000,0.058440,True,-0.122593,0.996464,0.053426,0.007419,0.051536,0.005014,22.36,10,-0.031616,1.283723,0.442895,0.000000,0.000000,0.000000,0.000000,0.000000,0.000000,nan,nan,nan,nan,nan,nan,OFF
1786341343627904865,2026-08-10T12:55:43.627922,prediction,-0.129857,1.042000,0.058716,True,-0.122482,0.996378,0.053420,0.007375,0.045623,0.005296,24.48,10,-0.030567,1.283110,0.442993,0.000000,0.000000,0.000000,0.000000,0.000000,0.000000,nan,nan,nan,nan,nan,nan,OFF
1786341343665025002,2026-08-10T12:55:43.665038,prediction,-0.130063,1.050000,0.058348,True,-0.122377,0.996263,0.053427,0.007686,0.053738,0.004921,31.20,10,-0.030567,1.283110,0.442993,0.000000,0.000000,0.000000,0.000000,0.000000,0.000000,nan,nan,nan,nan,nan,nan,OFF
1786341343694478054,2026-08-10T12:55:43.694496,prediction,-0.130192,1.055000,0.056304,True,-0.122282,0.996139,0.053380,0.007911,0.058861,0.002924,26.04,10,-0.031455,1.283642,0.442908,0.000000,0.000000,0.000000,0.000000,0.000000,0.000000,nan,nan,nan,nan,nan,nan,OFF
1786341343723699357,2026-08-10T12:55:43.723712,prediction,-0.128354,1.054000,0.056348,True,-0.122130,0.996125,0.053298,0.006225,0.057875,0.003050,22.97,10,-0.031455,1.283642,0.442908,0.000000,0.000000,0.000000,0.000000,0.000000,0.000000,nan,nan,nan,nan,nan,nan,OFF
1786341343772186101,2026-08-10T12:55:43.772205,prediction,-0.128135,1.046000,0.056703,True,-0.121936,0.996155,0.053221,0.006199,0.049845,0.003482,33.88,10,-0.031519,1.283599,0.442871,0.000000,0.000000,0.000000,0.000000,0.000000,0.000000,nan,nan,nan,nan,nan,nan,OFF
1786341343803136688,2026-08-10T12:55:43.803159,prediction,-0.128190,1.048000,0.058440,True,-0.121729,0.996132,0.053194,0.006461,0.051868,0.005246,25.43,10,-0.031519,1.283599,0.442871,0.000000,0.000000,0.000000,0.000000,0.000000,0.000000,nan,nan,nan,nan,nan,nan,OFF
1786341343833106164,2026-08-10T12:55:43.833133,prediction,-0.127970,1.040000,0.058808,True,-0.121511,0.995980,0.053266,0.006458,0.044021,0.005543,24.19,10,-0.031519,1.283599,0.442871,0.000000,0.000000,0.000000,0.000000,0.000000,0.000000,nan,nan,nan,nan,nan,nan,OFF
1786341343862781865,2026-08-10T12:55:43.862798,prediction,-0.130063,1.050000,0.058348,True,-0.121413,0.995806,0.053363,0.008650,0.054194,0.004984,25.17,10,-0.031519,1.283599,0.442871,0.000000,0.000000,0.000000,0.000000,0.000000,0.000000,nan,nan,nan,nan,nan,nan,OFF
1786341343891269245,2026-08-10T12:55:43.891297,prediction,-0.129960,1.046000,0.058532,True,-0.121373,0.995638,0.053478,0.008587,0.050362,0.005054,24.88,10,-0.031519,1.283599,0.442871,0.000000,0.000000,0.000000,0.000000,0.000000,0.000000,nan,nan,nan,nan,nan,nan,OFF
1786341343917477133,2026-08-10T12:55:43.917499,prediction,-0.129960,1.046000,0.058532,True,-0.121355,0.995476,0.053612,0.008605,0.050524,0.004920,20.99,10,-0.033529,1.283103,0.442251,0.000000,0.000000,0.000000,0.000000,0.000000,0.000000,nan,nan,nan,nan,nan,nan,OFF
1786341343951440906,2026-08-10T12:55:43.951459,prediction,-0.130063,1.050000,0.058348,True,-0.121358,0.995352,0.053738,0.008705,0.054648,0.004610,22.80,10,-0.033529,1.283103,0.442251,0.000000,0.000000,0.000000,0.000000,0.000000,0.000000,nan,nan,nan,nan,nan,nan,OFF
1786341343988468719,2026-08-10T12:55:43.988486,prediction,-0.129960,1.046000,0.058532,True,-0.121370,0.995151,0.053873,0.008590,0.050849,0.004659,24.64,10,-0.032792,1.283133,0.442554,0.000000,0.000000,0.000000,0.000000,0.000000,0.000000,nan,nan,nan,nan,nan,nan,OFF
1786341344028599954,2026-08-10T12:55:44.028620,prediction,-0.129908,1.044000,0.058624,True,-0.121384,0.994961,0.054008,0.008524,0.049039,0.004616,28.51,10,-0.031531,1.283265,0.443072,0.000000,0.000000,0.000000,0.000000,0.000000,0.000000,nan,nan,nan,nan,nan,nan,OFF
1786341344055448148,2026-08-10T12:55:44.055467,prediction,-0.129908,1.044000,0.058624,True,-0.121402,0.994683,0.054148,0.008507,0.049317,0.004476,20.62,10,-0.031531,1.283265,0.443072,0.000000,0.000000,0.000000,0.000000,0.000000,0.000000,nan,nan,nan,nan,nan,nan,OFF
1786341344090196776,2026-08-10T12:55:44.090215,prediction,-0.129857,1.042000,0.058716,True,-0.121421,0.994413,0.054228,0.008435,0.047587,0.004488,22.30,10,-0.031531,1.283265,0.443072,0.000000,0.000000,0.000000,0.000000,0.000000,0.000000,nan,nan,nan,nan,nan,nan,OFF
1786341344130344480,2026-08-10T12:55:44.130363,prediction,-0.130012,1.048000,0.060265,True,-0.121445,0.994190,0.054313,0.008566,0.053810,0.005952,26.48,10,-0.032490,1.282803,0.442974,0.000000,0.000000,0.000000,0.000000,0.000000,0.000000,nan,nan,nan,nan,nan,nan,OFF
1786341344159517930,2026-08-10T12:55:44.159535,prediction,-0.129960,1.046000,0.058532,True,-0.121460,0.994037,0.054361,0.008500,0.051963,0.004171,23.66,10,-0.032490,1.282803,0.442974,0.000000,0.000000,0.000000,0.000000,0.000000,0.000000,nan,nan,nan,nan,nan,nan,OFF
1786341344183747823,2026-08-10T12:55:44.183763,prediction,-0.130115,1.052000,0.058256,True,-0.121468,0.993926,0.054442,0.008647,0.058074,0.003814,19.22,10,-0.033444,1.282516,0.442678,0.000000,0.000000,0.000000,0.000000,0.000000,0.000000,nan,nan,nan,nan,nan,nan,OFF
1786341344231332528,2026-08-10T12:55:44.231348,prediction,-0.128190,1.048000,0.060265,True,-0.121472,0.993765,0.054603,0.006718,0.054235,0.005663,30.45,10,-0.032439,1.282304,0.443330,0.000000,0.000000,0.000000,0.000000,0.000000,0.000000,nan,nan,nan,nan,nan,nan,OFF
1786341344260069063,2026-08-10T12:55:44.260084,prediction,-0.130115,1.052000,0.060075,True,-0.121539,0.993623,0.054788,0.008576,0.058377,0.005287,25.13,10,-0.032439,1.282304,0.443330,0.000000,0.000000,0.000000,0.000000,0.000000,0.000000,nan,nan,nan,nan,nan,nan,OFF
1786341344295871550,2026-08-10T12:55:44.295886,prediction,-0.129908,1.044000,0.060456,True,-0.121627,0.993537,0.054943,0.008281,0.050463,0.005513,25.75,10,-0.033480,1.281854,0.443163,0.000000,0.000000,0.000000,0.000000,0.000000,0.000000,nan,nan,nan,nan,nan,nan,OFF
1786341344324980788,2026-08-10T12:55:44.325008,prediction,-0.130063,1.050000,0.060170,True,-0.121733,0.993557,0.055060,0.008330,0.056443,0.005110,25.60,10,-0.033480,1.281854,0.443163,0.000000,0.000000,0.000000,0.000000,0.000000,0.000000,nan,nan,nan,nan,nan,nan,OFF
1786341344360084927,2026-08-10T12:55:44.360099,prediction,-0.129908,1.044000,0.060456,True,-0.121784,0.993515,0.055183,0.008125,0.050485,0.005273,25.11,10,-0.032455,1.281658,0.443766,0.000000,0.000000,0.000000,0.000000,0.000000,0.000000,nan,nan,nan,nan,nan,nan,OFF
1786341344386539327,2026-08-10T12:55:44.386555,prediction,-0.130244,1.057000,0.059836,True,-0.121813,0.993553,0.055283,0.008431,0.063447,0.004553,23.00,10,-0.032455,1.281658,0.443766,0.000000,0.000000,0.000000,0.000000,0.000000,0.000000,nan,nan,nan,nan,nan,nan,OFF
1786341344425551428,2026-08-10T12:55:44.425612,prediction,-0.130192,1.055000,0.059931,True,-0.121821,0.993739,0.055371,0.008371,0.061261,0.004560,24.49,10,-0.032455,1.281658,0.443766,0.000000,0.000000,0.000000,0.000000,0.000000,0.000000,nan,nan,nan,nan,nan,nan,OFF
1786341344458295154,2026-08-10T12:55:44.458321,prediction,-0.130063,1.050000,0.060170,True,-0.121808,0.994019,0.055466,0.008255,0.055981,0.004704,23.59,10,-0.033490,1.281143,0.443644,0.000000,0.000000,0.000000,0.000000,0.000000,0.000000,nan,nan,nan,nan,nan,nan,OFF
1786341344484955061,2026-08-10T12:55:44.484970,prediction,-0.130192,1.055000,0.058117,True,-0.121792,0.994349,0.055496,0.008400,0.060651,0.002622,21.95,10,-0.033490,1.281143,0.443644,0.000000,0.000000,0.000000,0.000000,0.000000,0.000000,nan,nan,nan,nan,nan,nan,OFF
1786341344522733435,2026-08-10T12:55:44.522750,prediction,-0.130063,1.050000,0.058348,True,-0.121777,0.994613,0.055495,0.008286,0.055387,0.002853,22.36,10,-0.032482,1.280985,0.444309,0.000000,0.000000,0.000000,0.000000,0.000000,0.000000,nan,nan,nan,nan,nan,nan,OFF
1786341344556653911,2026-08-10T12:55:44.556674,prediction,-0.130244,1.057000,0.058025,True,-0.121761,0.994944,0.055468,0.008484,0.062056,0.002557,23.15,10,-0.032482,1.280985,0.444309,0.000000,0.000000,0.000000,0.000000,0.000000,0.000000,nan,nan,nan,nan,nan,nan,OFF
1786341344587456875,2026-08-10T12:55:44.587478,prediction,-0.130063,1.050000,0.058348,True,-0.121744,0.995241,0.055437,0.008319,0.054759,0.002911,21.99,10,-0.033431,1.281182,0.443991,0.000000,0.000000,0.000000,0.000000,0.000000,0.000000,nan,nan,nan,nan,nan,nan,OFF
1786341344621144781,2026-08-10T12:55:44.621160,prediction,-0.130167,1.054000,0.058164,True,-0.121726,0.995578,0.055349,0.008441,0.058423,0.002814,22.23,10,-0.033431,1.281182,0.443991,0.000000,0.000000,0.000000,0.000000,0.000000,0.000000,nan,nan,nan,nan,nan,nan,OFF
1786341344652284160,2026-08-10T12:55:44.652299,prediction,-0.130167,1.054000,0.058164,True,-0.121707,0.995907,0.055286,0.008460,0.058093,0.002877,22.14,10,-0.032397,1.281071,0.444565,0.000000,0.000000,0.000000,0.000000,0.000000,0.000000,nan,nan,nan,nan,nan,nan,OFF
1786341344688166297,2026-08-10T12:55:44.688181,prediction,-0.130296,1.059000,0.057933,True,-0.121690,0.996192,0.055240,0.008606,0.062808,0.002693,22.38,10,-0.032397,1.281071,0.444565,0.000000,0.000000,0.000000,0.000000,0.000000,0.000000,nan,nan,nan,nan,nan,nan,OFF
1786341344717067292,2026-08-10T12:55:44.717082,prediction,-0.130012,1.048000,0.058440,True,-0.121728,0.996439,0.055155,0.008283,0.051561,0.003285,20.69,10,-0.033245,1.281834,0.444330,0.000000,0.000000,0.000000,0.000000,0.000000,0.000000,nan,nan,nan,nan,nan,nan,OFF
1786341344754197834,2026-08-10T12:55:44.754212,prediction,-0.130244,1.057000,0.058025,True,-0.121743,0.996658,0.055046,0.008501,0.060342,0.002980,23.16,10,-0.033245,1.281834,0.444330,0.000000,0.000000,0.000000,0.000000,0.000000,0.000000,nan,nan,nan,nan,nan,nan,OFF
1786341344784086814,2026-08-10T12:55:44.784100,prediction,-0.130167,1.054000,0.056348,True,-0.121751,0.996878,0.054861,0.008416,0.057122,0.001487,22.62,10,-0.032224,1.281563,0.444696,0.000000,0.000000,0.000000,0.000000,0.000000,0.000000,nan,nan,nan,nan,nan,nan,OFF
1786341344828514031,2026-08-10T12:55:44.828559,prediction,-0.130167,1.054000,0.056348,True,-0.121753,0.997070,0.054645,0.008414,0.056930,0.001703,27.06,10,-0.033103,1.282154,0.444336,0.000000,0.000000,0.000000,0.000000,0.000000,0.000000,nan,nan,nan,nan,nan,nan,OFF
1786341344856360969,2026-08-10T12:55:44.856381,prediction,-0.130192,1.055000,0.056304,True,-0.121750,0.997344,0.054403,0.008442,0.057656,0.001900,22.34,10,-0.033103,1.282154,0.444336,0.000000,0.000000,0.000000,0.000000,0.000000,0.000000,nan,nan,nan,nan,nan,nan,OFF
1786341344886859017,2026-08-10T12:55:44.886877,prediction,-0.130115,1.052000,0.058256,True,-0.121735,0.997577,0.054229,0.008380,0.054423,0.004027,21.81,10,-0.033103,1.282154,0.444336,0.000000,0.000000,0.000000,0.000000,0.000000,0.000000,nan,nan,nan,nan,nan,nan,OFF
1786341344928526539,2026-08-10T12:55:44.928552,prediction,-0.130244,1.057000,0.056215,True,-0.121728,0.997704,0.054027,0.008516,0.059296,0.002188,27.68,10,-0.031827,1.283073,0.444475,0.000000,0.000000,0.000000,0.000000,0.000000,0.000000,nan,nan,nan,nan,nan,nan,OFF
1786341344951654052,2026-08-10T12:55:44.951679,prediction,-0.130244,1.057000,0.056215,True,-0.121728,0.997797,0.053804,0.008516,0.059203,0.002411,19.22,10,-0.031827,1.283073,0.444475,0.000000,0.000000,0.000000,0.000000,0.000000,0.000000,nan,nan,nan,nan,nan,nan,OFF
1786341344986073549,2026-08-10T12:55:44.986089,prediction,-0.130115,1.052000,0.056437,True,-0.121721,0.997877,0.053640,0.008394,0.054123,0.002797,20.48,10,-0.032654,1.283298,0.444077,0.000000,0.000000,0.000000,0.000000,0.000000,0.000000,nan,nan,nan,nan,nan,nan,OFF
1786341345018680063,2026-08-10T12:55:45.018699,prediction,-0.130063,1.050000,0.056526,True,-0.121714,0.997952,0.053506,0.008350,0.052048,0.003020,19.91,10,-0.032654,1.283298,0.444077,0.000000,0.000000,0.000000,0.000000,0.000000,0.000000,nan,nan,nan,nan,nan,nan,OFF
1786341345056421212,2026-08-10T12:55:45.056445,prediction,-0.130167,1.054000,0.056348,True,-0.121711,0.997941,0.053392,0.008455,0.056059,0.002956,22.88,10,-0.032559,1.284183,0.443507,0.000000,0.000000,0.000000,0.000000,0.000000,0.000000,nan,nan,nan,nan,nan,nan,OFF
1786341345089313583,2026-08-10T12:55:45.089333,prediction,-0.130192,1.055000,0.056304,True,-0.121711,0.997991,0.053276,0.008481,0.057010,0.003027,22.26,10,-0.032559,1.284183,0.443507,0.000000,0.000000,0.000000,0.000000,0.000000,0.000000,nan,nan,nan,nan,nan,nan,OFF
1786341345122394981,2026-08-10T12:55:45.122419,prediction,-0.130244,1.057000,0.056215,True,-0.121713,0.998042,0.053162,0.008531,0.058959,0.003052,22.19,10,-0.032861,1.283260,0.444084,0.000000,0.000000,0.000000,0.000000,0.000000,0.000000,nan,nan,nan,nan,nan,nan,OFF
1786341345154559429,2026-08-10T12:55:45.154579,prediction,-0.130167,1.054000,0.054532,True,-0.121716,0.998090,0.052997,0.008451,0.055910,0.001535,22.71,10,-0.032861,1.283260,0.444084,0.000000,0.000000,0.000000,0.000000,0.000000,0.000000,nan,nan,nan,nan,nan,nan,OFF
1786341345185986887,2026-08-10T12:55:45.186002,prediction,-0.130192,1.055000,0.056304,True,-0.121713,0.998136,0.052865,0.008479,0.056864,0.003438,22.11,10,-0.032707,1.284154,0.443435,0.000000,0.000000,0.000000,0.000000,0.000000,0.000000,nan,nan,nan,nan,nan,nan,OFF
1786341345221208934,2026-08-10T12:55:45.221238,prediction,-0.130192,1.055000,0.054490,True,-0.121720,0.998181,0.052680,0.008473,0.056819,0.001810,22.87,10,-0.032707,1.284154,0.443435,0.000000,0.000000,0.000000,0.000000,0.000000,0.000000,nan,nan,nan,nan,nan,nan,OFF
1786341345256952504,2026-08-10T12:55:45.256971,prediction,-0.130115,1.052000,0.054618,True,-0.121724,0.998177,0.052483,0.008391,0.053823,0.002135,23.22,10,-0.032512,1.285336,0.442337,0.000000,0.000000,0.000000,0.000000,0.000000,0.000000,nan,nan,nan,nan,nan,nan,OFF
1786341345289554277,2026-08-10T12:55:45.289571,prediction,-0.130063,1.050000,0.056526,True,-0.121725,0.998134,0.052389,0.008338,0.051866,0.004137,23.27,10,-0.032512,1.285336,0.442337,0.000000,0.000000,0.000000,0.000000,0.000000,0.000000,nan,nan,nan,nan,nan,nan,OFF
1786341345321488902,2026-08-10T12:55:45.321510,prediction,-0.130115,1.052000,0.056437,True,-0.121726,0.998070,0.052350,0.008389,0.053930,0.004087,22.91,10,-0.032638,1.284812,0.442697,0.000000,0.000000,0.000000,0.000000,0.000000,0.000000,nan,nan,nan,nan,nan,nan,OFF
1786341345359823299,2026-08-10T12:55:45.359941,prediction,-0.130167,1.054000,0.056348,True,-0.121728,0.997996,0.052338,0.008438,0.056004,0.004010,24.92,10,-0.032638,1.284812,0.442697,0.000000,0.000000,0.000000,0.000000,0.000000,0.000000,nan,nan,nan,nan,nan,nan,OFF
1786341345394136521,2026-08-10T12:55:45.394151,prediction,-0.130012,1.048000,0.056614,True,-0.121732,0.997920,0.052289,0.008280,0.050080,0.004326,25.64,10,-0.032647,1.285256,0.441924,0.000000,0.000000,0.000000,0.000000,0.000000,0.000000,nan,nan,nan,nan,nan,nan,OFF
1786341345418532444,2026-08-10T12:55:45.418550,prediction,-0.130167,1.054000,0.058164,True,-0.121731,0.997857,0.052327,0.008436,0.056143,0.005836,20.79,10,-0.032647,1.285256,0.441924,0.000000,0.000000,0.000000,0.000000,0.000000,0.000000,nan,nan,nan,nan,nan,nan,OFF
1786341345452643785,2026-08-10T12:55:45.452660,prediction,-0.130167,1.054000,0.056348,True,-0.121734,0.997772,0.052358,0.008433,0.056228,0.003989,22.58,10,-0.032626,1.284486,0.442809,0.000000,0.000000,0.000000,0.000000,0.000000,0.000000,nan,nan,nan,nan,nan,nan,OFF
1786341345485182539,2026-08-10T12:55:45.485200,prediction,-0.130063,1.050000,0.056526,True,-0.121739,0.997670,0.052381,0.008324,0.052330,0.004144,20.57,10,-0.032626,1.284486,0.442809,0.000000,0.000000,0.000000,0.000000,0.000000,0.000000,nan,nan,nan,nan,nan,nan,OFF
1786341345518368615,2026-08-10T12:55:45.518387,prediction,-0.128354,1.054000,0.054532,True,-0.121690,0.997656,0.052337,0.006665,0.056344,0.002195,22.64,10,-0.032639,1.285061,0.441914,0.000000,0.000000,0.000000,0.000000,0.000000,0.000000,nan,nan,nan,nan,nan,nan,OFF
1786341345551398275,2026-08-10T12:55:45.551416,prediction,-0.128190,1.048000,0.054789,True,-0.121607,0.997638,0.052269,0.006583,0.050363,0.002520,21.30,10,-0.032639,1.285061,0.441914,0.000000,0.000000,0.000000,0.000000,0.000000,0.000000,nan,nan,nan,nan,nan,nan,OFF
1786341345585440767,2026-08-10T12:55:45.585455,prediction,-0.130192,1.055000,0.054490,True,-0.121569,0.997629,0.052176,0.008624,0.057371,0.002313,21.47,10,-0.032649,1.285035,0.441830,0.000000,0.000000,0.000000,0.000000,0.000000,0.000000,nan,nan,nan,nan,nan,nan,OFF
1786341345623022835,2026-08-10T12:55:45.623042,prediction,-0.130115,1.052000,0.054618,True,-0.121552,0.997579,0.052079,0.008563,0.054421,0.002539,21.16,10,-0.032649,1.285035,0.441830,0.000000,0.000000,0.000000,0.000000,0.000000,0.000000,nan,nan,nan,nan,nan,nan,OFF
1786341345653284684,2026-08-10T12:55:45.653299,prediction,-0.128300,1.052000,0.054618,True,-0.121488,0.997507,0.052034,0.006811,0.054493,0.002584,21.47,10,-0.032757,1.284802,0.441050,0.000000,0.000000,0.000000,0.000000,0.000000,0.000000,nan,nan,nan,nan,nan,nan,OFF
1786341345687311515,2026-08-10T12:55:45.687338,prediction,-0.128354,1.054000,0.054532,True,-0.121406,0.997423,0.051961,0.006949,0.056577,0.002571,19.84,10,-0.032757,1.284802,0.441050,0.000000,0.000000,0.000000,0.000000,0.000000,0.000000,nan,nan,nan,nan,nan,nan,OFF
1786341345721481607,2026-08-10T12:55:45.721507,prediction,-0.128354,1.054000,0.054532,True,-0.121310,0.997368,0.051929,0.007045,0.056632,0.002604,22.88,10,-0.032615,1.285136,0.442438,0.000000,0.000000,0.000000,0.000000,0.000000,0.000000,nan,nan,nan,nan,nan,nan,OFF
1786341345753316374,2026-08-10T12:55:45.753330,prediction,-0.128300,1.052000,0.054618,True,-0.121208,0.997333,0.051917,0.007092,0.054667,0.002700,21.30,10,-0.032615,1.285136,0.442438,0.000000,0.000000,0.000000,0.000000,0.000000,0.000000,nan,nan,nan,nan,nan,nan,OFF
1786341345786030278,2026-08-10T12:55:45.786047,prediction,-0.128300,1.052000,0.054618,True,-0.121106,0.997330,0.051859,0.007193,0.054670,0.002758,20.45,10,-0.032761,1.284854,0.441682,0.000000,0.000000,0.000000,0.000000,0.000000,0.000000,nan,nan,nan,nan,nan,nan,OFF
1786341345822551976,2026-08-10T12:55:45.822579,prediction,-0.128135,1.046000,0.054874,True,-0.120997,0.997346,0.051786,0.007137,0.048655,0.003088,21.97,10,-0.032761,1.284854,0.441682,0.000000,0.000000,0.000000,0.000000,0.000000,0.000000,nan,nan,nan,nan,nan,nan,OFF
1786341345858075552,2026-08-10T12:55:45.858092,prediction,-0.128135,1.046000,0.054874,True,-0.120890,0.997269,0.051707,0.007245,0.048731,0.003167,22.26,10,-0.033105,1.284361,0.440656,0.000000,0.000000,0.000000,0.000000,0.000000,0.000000,nan,nan,nan,nan,nan,nan,OFF
1786341345882967681,2026-08-10T12:55:45.882980,prediction,-0.128300,1.052000,0.054618,True,-0.120796,0.997124,0.051610,0.007503,0.054876,0.003008,18.99,10,-0.033105,1.284361,0.440656,0.000000,0.000000,0.000000,0.000000,0.000000,0.000000,nan,nan,nan,nan,nan,nan,OFF
1786341345920226038,2026-08-10T12:55:45.920244,prediction,-0.128245,1.050000,0.054703,True,-0.120703,0.996979,0.051457,0.007542,0.053021,0.003246,20.94,10,-0.032941,1.284732,0.441656,0.000000,0.000000,0.000000,0.000000,0.000000,0.000000,nan,nan,nan,nan,nan,nan,OFF
1786341345954010593,2026-08-10T12:55:45.954027,prediction,-0.128245,1.050000,0.052881,True,-0.120609,0.996842,0.051275,0.007635,0.053158,0.001606,20.78,10,-0.032941,1.284732,0.441656,0.000000,0.000000,0.000000,0.000000,0.000000,0.000000,nan,nan,nan,nan,nan,nan,OFF
1786341345986824226,2026-08-10T12:55:45.986839,prediction,-0.128245,1.050000,0.052881,True,-0.120520,0.996711,0.051073,0.007725,0.053289,0.001808,23.96,10,-0.033336,1.284262,0.440685,0.000000,0.000000,0.000000,0.000000,0.000000,0.000000,nan,nan,nan,nan,nan,nan,OFF
1786341346029211586,2026-08-10T12:55:46.029228,prediction,-0.128382,1.055000,0.052676,True,-0.120488,0.996573,0.050913,0.007894,0.058427,0.001763,25.37,10,-0.033029,1.284691,0.441634,0.000000,0.000000,0.000000,0.000000,0.000000,0.000000,nan,nan,nan,nan,nan,nan,OFF
1786341346063684694,2026-08-10T12:55:46.063701,prediction,-0.128245,1.050000,0.054703,True,-0.120480,0.996499,0.050832,0.007765,0.053501,0.003872,27.27,10,-0.033029,1.284691,0.441634,0.000000,0.000000,0.000000,0.000000,0.000000,0.000000,nan,nan,nan,nan,nan,nan,OFF
1786341346094127280,2026-08-10T12:55:46.094142,prediction,-0.128300,1.052000,0.056437,True,-0.120420,0.996444,0.050859,0.007880,0.055556,0.005578,25.24,10,-0.033468,1.284204,0.440720,0.000000,0.000000,0.000000,0.000000,0.000000,0.000000,nan,nan,nan,nan,nan,nan,OFF
1786341346127381069,2026-08-10T12:55:46.127407,prediction,-0.128300,1.052000,0.056437,True,-0.120335,0.996428,0.050940,0.007965,0.055572,0.005496,25.92,10,-0.033468,1.284204,0.440720,0.000000,0.000000,0.000000,0.000000,0.000000,0.000000,nan,nan,nan,nan,nan,nan,OFF
1786341346155534997,2026-08-10T12:55:46.155553,prediction,-0.128354,1.054000,0.056348,True,-0.120296,0.996426,0.051044,0.008058,0.057574,0.005304,23.91,10,-0.033468,1.284204,0.440720,0.000000,0.000000,0.000000,0.000000,0.000000,0.000000,nan,nan,nan,nan,nan,nan,OFF
1786341346197215482,2026-08-10T12:55:46.197236,prediction,-0.130167,1.054000,0.056348,True,-0.120334,0.996421,0.051164,0.009833,0.057579,0.005184,27.84,10,-0.034087,1.283608,0.440492,0.000000,0.000000,0.000000,0.000000,0.000000,0.000000,nan,nan,nan,nan,nan,nan,OFF
1786341346220821852,2026-08-10T12:55:46.220842,prediction,-0.130167,1.054000,0.056348,True,-0.120412,0.996411,0.051284,0.009754,0.057589,0.005064,22.17,10,-0.034087,1.283608,0.440492,0.000000,0.000000,0.000000,0.000000,0.000000,0.000000,nan,nan,nan,nan,nan,nan,OFF
1786341346257944880,2026-08-10T12:55:46.257962,prediction,-0.130063,1.050000,0.056526,True,-0.120514,0.996328,0.051405,0.009549,0.053672,0.005121,23.31,10,-0.033141,1.284478,0.440709,0.000000,0.000000,0.000000,0.000000,0.000000,0.000000,nan,nan,nan,nan,nan,nan,OFF
1786341346280955546,2026-08-10T12:55:46.280974,prediction,-0.131930,1.052000,0.054618,True,-0.120684,0.996253,0.051463,0.011246,0.055747,0.003155,18.48,10,-0.033141,1.284478,0.440709,0.000000,0.000000,0.000000,0.000000,0.000000,0.000000,nan,nan,nan,nan,nan,nan,OFF
1786341346315619054,2026-08-10T12:55:46.315634,prediction,-0.130063,1.050000,0.054703,True,-0.120835,0.996170,0.051483,0.009228,0.053830,0.003221,19.91,10,-0.033784,1.283796,0.440501,0.000000,0.000000,0.000000,0.000000,0.000000,0.000000,nan,nan,nan,nan,nan,nan,OFF
1786341346356192460,2026-08-10T12:55:46.356213,prediction,-0.130115,1.052000,0.054618,True,-0.120969,0.996215,0.051477,0.009146,0.055785,0.003140,24.76,10,-0.033784,1.283796,0.440501,0.000000,0.000000,0.000000,0.000000,0.000000,0.000000,nan,nan,nan,nan,nan,nan,OFF
1786341346384179343,2026-08-10T12:55:46.384192,prediction,-0.130115,1.052000,0.052799,True,-0.121087,0.996353,0.051412,0.009028,0.055647,0.001387,22.51,10,-0.033893,1.283059,0.440390,0.000000,0.000000,0.000000,0.000000,0.000000,0.000000,nan,nan,nan,nan,nan,nan,OFF
1786341346418057951,2026-08-10T12:55:46.418076,prediction,-0.129960,1.046000,0.053045,True,-0.121195,0.996472,0.051319,0.008765,0.049528,0.001726,21.78,10,-0.033893,1.283059,0.440390,0.000000,0.000000,0.000000,0.000000,0.000000,0.000000,nan,nan,nan,nan,nan,nan,OFF
1786341346456087358,2026-08-10T12:55:46.456116,prediction,-0.130192,1.055000,0.052676,True,-0.121302,0.996564,0.051259,0.008890,0.058436,0.001417,21.35,10,-0.033485,1.284434,0.440588,0.000000,0.000000,0.000000,0.000000,0.000000,0.000000,nan,nan,nan,nan,nan,nan,OFF
1786341346483862943,2026-08-10T12:55:46.483875,prediction,-0.130167,1.054000,0.052717,True,-0.121405,0.996671,0.051218,0.008761,0.057329,0.001499,18.88,10,-0.033485,1.284434,0.440588,0.000000,0.000000,0.000000,0.000000,0.000000,0.000000,nan,nan,nan,nan,nan,nan,OFF
1786341346523341794,2026-08-10T12:55:46.523357,prediction,-0.130192,1.055000,0.054490,True,-0.121498,0.996807,0.051249,0.008694,0.058193,0.003241,22.87,10,-0.033551,1.283653,0.440499,0.000000,0.000000,0.000000,0.000000,0.000000,0.000000,nan,nan,nan,nan,nan,nan,OFF
1786341346555611917,2026-08-10T12:55:46.555633,prediction,-0.129960,1.046000,0.054874,True,-0.121586,0.996945,0.051270,0.008374,0.049055,0.003604,22.15,10,-0.033551,1.283653,0.440499,0.000000,0.000000,0.000000,0.000000,0.000000,0.000000,nan,nan,nan,nan,nan,nan,OFF
1786341346589302430,2026-08-10T12:55:46.589351,prediction,-0.128354,1.054000,0.054532,True,-0.121624,0.997058,0.051224,0.006731,0.056942,0.003308,22.98,10,-0.033317,1.282811,0.440603,0.000000,0.000000,0.000000,0.000000,0.000000,0.000000,nan,nan,nan,nan,nan,nan,OFF
1786341346626314798,2026-08-10T12:55:46.626357,prediction,-0.128300,1.052000,0.054618,True,-0.121639,0.997116,0.051144,0.006660,0.054884,0.003474,23.02,10,-0.033501,1.284131,0.440498,0.000000,0.000000,0.000000,0.000000,0.000000,0.000000,nan,nan,nan,nan,nan,nan,OFF
1786341346660219315,2026-08-10T12:55:46.660246,prediction,-0.128354,1.054000,0.052717,True,-0.121644,0.997175,0.050990,0.006711,0.056825,0.001726,23.63,10,-0.033501,1.284131,0.440498,0.000000,0.000000,0.000000,0.000000,0.000000,0.000000,nan,nan,nan,nan,nan,nan,OFF
1786341346682896842,2026-08-10T12:55:46.682913,prediction,-0.128190,1.048000,0.054789,True,-0.121583,0.997215,0.050857,0.006606,0.050785,0.003931,18.37,10,-0.033501,1.284131,0.440498,0.000000,0.000000,0.000000,0.000000,0.000000,0.000000,nan,nan,nan,nan,nan,nan,OFF
1786341346721831427,2026-08-10T12:55:46.721847,prediction,-0.128190,1.048000,0.052963,True,-0.121497,0.997141,0.050687,0.006693,0.050859,0.002276,22.53,10,-0.032825,1.283392,0.440550,0.000000,0.000000,0.000000,0.000000,0.000000,0.000000,nan,nan,nan,nan,nan,nan,OFF
1786341346759290609,2026-08-10T12:55:46.759308,prediction,-0.128190,1.048000,0.052963,True,-0.121398,0.997059,0.050492,0.006791,0.050941,0.002472,25.81,10,-0.033633,1.284305,0.440375,0.000000,0.000000,0.000000,0.000000,0.000000,0.000000,nan,nan,nan,nan,nan,nan,OFF
1786341346789475098,2026-08-10T12:55:46.789499,prediction,-0.128300,1.052000,0.052799,True,-0.121239,0.996959,0.050340,0.007061,0.055041,0.002459,23.20,10,-0.033633,1.284305,0.440375,0.000000,0.000000,0.000000,0.000000,0.000000,0.000000,nan,nan,nan,nan,nan,nan,OFF
1786341346822970682,2026-08-10T12:55:46.822986,prediction,-0.126542,1.054000,0.052717,True,-0.121046,0.996951,0.050208,0.005496,0.057049,0.002509,24.28,10,-0.033633,1.284305,0.440375,0.000000,0.000000,0.000000,0.000000,0.000000,0.000000,nan,nan,nan,nan,nan,nan,OFF
1786341346862444725,2026-08-10T12:55:46.862469,prediction,-0.126426,1.050000,0.052881,True,-0.120835,0.996977,0.050096,0.005591,0.053023,0.002785,26.61,10,-0.032763,1.283775,0.440155,0.000000,0.000000,0.000000,0.000000,0.000000,0.000000,nan,nan,nan,nan,nan,nan,OFF
1786341346890532889,2026-08-10T12:55:46.890559,prediction,-0.126571,1.055000,0.052676,True,-0.120615,0.997051,0.050044,0.005956,0.057949,0.002632,23.61,10,-0.032763,1.283775,0.440155,0.000000,0.000000,0.000000,0.000000,0.000000,0.000000,nan,nan,nan,nan,nan,nan,OFF
1786341346930294614,2026-08-10T12:55:46.930316,prediction,-0.126484,1.052000,0.052799,True,-0.120397,0.997120,0.050021,0.006087,0.054880,0.002778,28.58,10,-0.033722,1.284249,0.440266,0.000000,0.000000,0.000000,0.000000,0.000000,0.000000,nan,nan,nan,nan,nan,nan,OFF
1786341346962675506,2026-08-10T12:55:46.962689,prediction,-0.126426,1.050000,0.052881,True,-0.120172,0.997181,0.050026,0.006254,0.052819,0.002855,26.72,10,-0.032734,1.283865,0.439802,0.000000,0.000000,0.000000,0.000000,0.000000,0.000000,nan,nan,nan,nan,nan,nan,OFF
1786341346990851496,2026-08-10T12:55:46.990876,prediction,-0.128382,1.055000,0.052676,True,-0.120011,0.997192,0.050036,0.008371,0.057808,0.002640,23.95,10,-0.032734,1.283865,0.439802,0.000000,0.000000,0.000000,0.000000,0.000000,0.000000,nan,nan,nan,nan,nan,nan,OFF
1786341347022951345,2026-08-10T12:55:47.022969,prediction,-0.126542,1.054000,0.052717,True,-0.119824,0.997200,0.049995,0.006718,0.056800,0.002721,20.97,10,-0.032734,1.283865,0.439802,0.000000,0.000000,0.000000,0.000000,0.000000,0.000000,nan,nan,nan,nan,nan,nan,OFF
1786341347061184492,2026-08-10T12:55:47.061201,prediction,-0.126368,1.048000,0.052963,True,-0.119627,0.997224,0.049922,0.006741,0.050776,0.003041,25.96,10,-0.033740,1.284274,0.439812,0.000000,0.000000,0.000000,0.000000,0.000000,0.000000,nan,nan,nan,nan,nan,nan,OFF
1786341347084740794,2026-08-10T12:55:47.084754,prediction,-0.126251,1.044000,0.053128,True,-0.119477,0.997151,0.049845,0.006774,0.046850,0.003283,20.36,10,-0.033740,1.284274,0.439812,0.000000,0.000000,0.000000,0.000000,0.000000,0.000000,nan,nan,nan,nan,nan,nan,OFF
1786341347119565211,2026-08-10T12:55:47.119593,prediction,-0.126368,1.048000,0.052963,True,-0.119357,0.997041,0.049757,0.007010,0.050959,0.003206,21.88,10,-0.033295,1.283793,0.438869,0.000000,0.000000,0.000000,0.000000,0.000000,0.000000,nan,nan,nan,nan,nan,nan,OFF
1786341347157754154,2026-08-10T12:55:47.157781,prediction,-0.126426,1.050000,0.052881,True,-0.119252,0.996882,0.049720,0.007174,0.053118,0.003161,23.84,10,-0.033295,1.283793,0.438869,0.000000,0.000000,0.000000,0.000000,0.000000,0.000000,nan,nan,nan,nan,nan,nan,OFF
1786341347193443472,2026-08-10T12:55:47.193463,prediction,-0.126484,1.052000,0.052799,True,-0.119159,0.996764,0.049644,0.007325,0.055237,0.003155,25.98,10,-0.033950,1.284252,0.439594,0.000000,0.000000,0.000000,0.000000,0.000000,0.000000,nan,nan,nan,nan,nan,nan,OFF
1786341347219158476,2026-08-10T12:55:47.219177,prediction,-0.128080,1.044000,0.053128,True,-0.119114,0.996738,0.049612,0.008966,0.047262,0.003516,19.09,10,-0.033950,1.284252,0.439594,0.000000,0.000000,0.000000,0.000000,0.000000,0.000000,nan,nan,nan,nan,nan,nan,OFF
1786341347252546093,2026-08-10T12:55:47.252558,prediction,-0.128190,1.048000,0.054789,True,-0.119096,0.996740,0.049654,0.009093,0.051261,0.005135,20.37,10,-0.034884,1.283853,0.438551,0.000000,0.000000,0.000000,0.000000,0.000000,0.000000,nan,nan,nan,nan,nan,nan,OFF
1786341347286851651,2026-08-10T12:55:47.286869,prediction,-0.128245,1.050000,0.054703,True,-0.119090,0.996749,0.049740,0.009155,0.053251,0.004964,20.31,10,-0.034884,1.283853,0.438551,0.000000,0.000000,0.000000,0.000000,0.000000,0.000000,nan,nan,nan,nan,nan,nan,OFF
1786341347328579299,2026-08-10T12:55:47.328620,prediction,-0.128245,1.050000,0.056526,True,-0.119145,0.996714,0.049904,0.009100,0.053286,0.006622,27.81,10,-0.034616,1.284102,0.439255,0.000000,0.000000,0.000000,0.000000,0.000000,0.000000,nan,nan,nan,nan,nan,nan,OFF
1786341347356414592,2026-08-10T12:55:47.356434,prediction,-0.128245,1.050000,0.056526,True,-0.119234,0.996647,0.050103,0.009010,0.053353,0.006422,23.29,10,-0.034616,1.284102,0.439255,0.000000,0.000000,0.000000,0.000000,0.000000,0.000000,nan,nan,nan,nan,nan,nan,OFF
1786341347397823379,2026-08-10T12:55:47.397849,prediction,-0.128190,1.048000,0.054789,True,-0.119338,0.996529,0.050274,0.008851,0.051471,0.004515,26.86,10,-0.034993,1.283841,0.438571,0.000000,0.000000,0.000000,0.000000,0.000000,0.000000,nan,nan,nan,nan,nan,nan,OFF
1786341347424815662,2026-08-10T12:55:47.424861,prediction,-0.128354,1.054000,0.054532,True,-0.119456,0.996410,0.050413,0.008899,0.057590,0.004119,21.77,10,-0.034993,1.283841,0.438571,0.000000,0.000000,0.000000,0.000000,0.000000,0.000000,nan,nan,nan,nan,nan,nan,OFF
1786341347459783679,2026-08-10T12:55:47.459812,prediction,-0.128135,1.046000,0.056703,True,-0.119573,0.996262,0.050599,0.008562,0.049739,0.006104,25.45,10,-0.034750,1.284238,0.439884,0.000000,0.000000,0.000000,0.000000,0.000000,0.000000,nan,nan,nan,nan,nan,nan,OFF
1786341347488864423,2026-08-10T12:55:47.488880,prediction,-0.128135,1.046000,0.056703,True,-0.119630,0.996067,0.050818,0.008505,0.049933,0.005885,22.01,10,-0.034750,1.284238,0.439884,0.000000,0.000000,0.000000,0.000000,0.000000,0.000000,nan,nan,nan,nan,nan,nan,OFF
1786341347524520027,2026-08-10T12:55:47.524563,prediction,-0.128245,1.050000,0.056526,True,-0.119721,0.995796,0.051044,0.008524,0.054204,0.005481,24.41,10,-0.035098,1.283771,0.439260,0.000000,0.000000,0.000000,0.000000,0.000000,0.000000,nan,nan,nan,nan,nan,nan,OFF
1786341347554064344,2026-08-10T12:55:47.554078,prediction,-0.128080,1.044000,0.056792,True,-0.119829,0.995481,0.051274,0.008251,0.048519,0.005518,22.18,10,-0.035098,1.283771,0.439260,0.000000,0.000000,0.000000,0.000000,0.000000,0.000000,nan,nan,nan,nan,nan,nan,OFF
1786341347589734927,2026-08-10T12:55:47.589756,prediction,-0.128080,1.044000,0.056792,True,-0.119944,0.995212,0.051500,0.008136,0.048788,0.005292,24.09,10,-0.034623,1.283542,0.440033,0.000000,0.000000,0.000000,0.000000,0.000000,0.000000,nan,nan,nan,nan,nan,nan,OFF
1786341347631921500,2026-08-10T12:55:47.631945,prediction,-0.128245,1.050000,0.056526,True,-0.120070,0.994981,0.051710,0.008174,0.055019,0.004815,27.79,10,-0.035364,1.283678,0.438967,0.000000,0.000000,0.000000,0.000000,0.000000,0.000000,nan,nan,nan,nan,nan,nan,OFF
1786341347660660489,2026-08-10T12:55:47.660682,prediction,-0.128245,1.050000,0.056526,True,-0.120185,0.994877,0.051923,0.008059,0.055123,0.004602,25.74,10,-0.035364,1.283678,0.438967,0.000000,0.000000,0.000000,0.000000,0.000000,0.000000,nan,nan,nan,nan,nan,nan,OFF
1786341347695188346,2026-08-10T12:55:47.695201,prediction,-0.128245,1.050000,0.056526,True,-0.120294,0.994824,0.052141,0.007950,0.055176,0.004385,25.58,10,-0.034939,1.283287,0.439733,0.000000,0.000000,0.000000,0.000000,0.000000,0.000000,nan,nan,nan,nan,nan,nan,OFF
1786341347722855322,2026-08-10T12:55:47.722872,prediction,-0.128080,1.044000,0.056792,True,-0.120343,0.994802,0.052360,0.007737,0.049198,0.004432,23.22,10,-0.034939,1.283287,0.439733,0.000000,0.000000,0.000000,0.000000,0.000000,0.000000,nan,nan,nan,nan,nan,nan,OFF
1786341347761417709,2026-08-10T12:55:47.761433,prediction,-0.128300,1.052000,0.056437,True,-0.120365,0.994829,0.052518,0.007934,0.057172,0.003919,27.42,10,-0.034240,1.282708,0.440981,0.000000,0.000000,0.000000,0.000000,0.000000,0.000000,nan,nan,nan,nan,nan,nan,OFF
1786341347795175444,2026-08-10T12:55:47.795198,prediction,-0.128135,1.046000,0.056703,True,-0.120370,0.994816,0.052654,0.007765,0.051184,0.004049,25.80,10,-0.034240,1.282708,0.440981,0.000000,0.000000,0.000000,0.000000,0.000000,0.000000,nan,nan,nan,nan,nan,nan,OFF
1786341347824576932,2026-08-10T12:55:47.824602,prediction,-0.128080,1.044000,0.056792,True,-0.120369,0.994736,0.052725,0.007711,0.049264,0.004067,22.48,10,-0.034240,1.282708,0.440981,0.000000,0.000000,0.000000,0.000000,0.000000,0.000000,nan,nan,nan,nan,nan,nan,OFF
1786341347853252300,2026-08-10T12:55:47.853267,prediction,-0.128190,1.048000,0.054789,True,-0.120372,0.994613,0.052701,0.007818,0.053387,0.002088,21.72,10,-0.034631,1.282798,0.440447,0.000000,0.000000,0.000000,0.000000,0.000000,0.000000,nan,nan,nan,nan,nan,nan,OFF
1786341347888044145,2026-08-10T12:55:47.888076,prediction,-0.128190,1.048000,0.054789,True,-0.120374,0.994501,0.052679,0.007816,0.053499,0.002109,21.89,10,-0.034631,1.282798,0.440447,0.000000,0.000000,0.000000,0.000000,0.000000,0.000000,nan,nan,nan,nan,nan,nan,OFF
1786341347921248466,2026-08-10T12:55:47.921287,prediction,-0.128245,1.050000,0.054703,True,-0.120372,0.994402,0.052667,0.007872,0.055598,0.002036,21.78,10,-0.033988,1.282054,0.441685,0.000000,0.000000,0.000000,0.000000,0.000000,0.000000,nan,nan,nan,nan,nan,nan,OFF
1786341347954997244,2026-08-10T12:55:47.955021,prediction,-0.126309,1.046000,0.054874,True,-0.120315,0.994359,0.052602,0.005994,0.051641,0.002272,23.06,10,-0.033988,1.282054,0.441685,0.000000,0.000000,0.000000,0.000000,0.000000,0.000000,nan,nan,nan,nan,nan,nan,OFF
1786341347987023903,2026-08-10T12:55:47.987040,prediction,-0.126309,1.046000,0.056703,True,-0.120228,0.994351,0.052567,0.006082,0.051649,0.004136,22.85,10,-0.034352,1.282169,0.441134,0.000000,0.000000,0.000000,0.000000,0.000000,0.000000,nan,nan,nan,nan,nan,nan,OFF
1786341348019845169,2026-08-10T12:55:48.019860,prediction,-0.124422,1.044000,0.056792,True,-0.120061,0.994372,0.052560,0.004361,0.049628,0.004232,21.30,10,-0.034352,1.282169,0.441134,0.000000,0.000000,0.000000,0.000000,0.000000,0.000000,nan,nan,nan,nan,nan,nan,OFF
1786341348054147175,2026-08-10T12:55:48.054162,prediction,-0.124299,1.040000,0.056970,True,-0.119860,0.994372,0.052568,0.004439,0.045628,0.004401,21.67,10,-0.033717,1.281469,0.442377,0.000000,0.000000,0.000000,0.000000,0.000000,0.000000,nan,nan,nan,nan,nan,nan,OFF
1786341348087055343,2026-08-10T12:55:48.087075,prediction,-0.124422,1.044000,0.056792,True,-0.119644,0.994390,0.052578,0.004779,0.049610,0.004214,20.29,10,-0.033717,1.281469,0.442377,0.000000,0.000000,0.000000,0.000000,0.000000,0.000000,nan,nan,nan,nan,nan,nan,OFF
1786341348123034944,2026-08-10T12:55:48.123051,prediction,-0.124361,1.042000,0.056881,True,-0.119408,0.994387,0.052611,0.004953,0.047613,0.004270,22.63,10,-0.034131,1.281630,0.441854,0.000000,0.000000,0.000000,0.000000,0.000000,0.000000,nan,nan,nan,nan,nan,nan,OFF
1786341348153416917,2026-08-10T12:55:48.153434,prediction,-0.126076,1.038000,0.057058,True,-0.119234,0.994254,0.052649,0.006843,0.043746,0.004409,21.12,10,-0.034131,1.281630,0.441854,0.000000,0.000000,0.000000,0.000000,0.000000,0.000000,nan,nan,nan,nan,nan,nan,OFF
1786341348190252192,2026-08-10T12:55:48.190310,prediction,-0.126135,1.040000,0.056970,True,-0.119096,0.993998,0.052688,0.007038,0.046002,0.004282,21.38,10,-0.034877,1.281701,0.441742,0.000000,0.000000,0.000000,0.000000,0.000000,0.000000,nan,nan,nan,nan,nan,nan,OFF
1786341348223994773,2026-08-10T12:55:48.224011,prediction,-0.126193,1.042000,0.056881,True,-0.118989,0.993671,0.052715,0.007204,0.048329,0.004166,21.60,10,-0.034877,1.281701,0.441742,0.000000,0.000000,0.000000,0.000000,0.000000,0.000000,nan,nan,nan,nan,nan,nan,OFF
1786341348258657620,2026-08-10T12:55:48.258674,prediction,-0.124299,1.040000,0.056970,True,-0.118830,0.993319,0.052752,0.005470,0.046681,0.004217,23.52,10,-0.033506,1.281441,0.442074,0.000000,0.000000,0.000000,0.000000,0.000000,0.000000,nan,nan,nan,nan,nan,nan,OFF
1786341348289631189,2026-08-10T12:55:48.289662,prediction,-0.126135,1.040000,0.056970,True,-0.118706,0.993019,0.052783,0.007429,0.046981,0.004186,24.24,10,-0.033506,1.281441,0.442074,0.000000,0.000000,0.000000,0.000000,0.000000,0.000000,nan,nan,nan,nan,nan,nan,OFF
1786341348326840599,2026-08-10T12:55:48.326861,prediction,-0.126076,1.038000,0.058900,True,-0.118597,0.992760,0.052868,0.007480,0.045240,0.006032,24.59,10,-0.034314,1.281266,0.442022,0.000000,0.000000,0.000000,0.000000,0.000000,0.000000,nan,nan,nan,nan,nan,nan,OFF
1786341348359122997,2026-08-10T12:55:48.359139,prediction,-0.126076,1.038000,0.058900,True,-0.118491,0.992489,0.053045,0.007586,0.045511,0.005856,23.48,10,-0.035701,1.281269,0.441732,0.000000,0.000000,0.000000,0.000000,0.000000,0.000000,nan,nan,nan,nan,nan,nan,OFF
1786341348388833464,2026-08-10T12:55:48.388852,prediction,-0.126076,1.038000,0.058900,True,-0.118388,0.992169,0.053271,0.007688,0.045831,0.005630,23.60,10,-0.035701,1.281269,0.441732,0.000000,0.000000,0.000000,0.000000,0.000000,0.000000,nan,nan,nan,nan,nan,nan,OFF
1786341348426891765,2026-08-10T12:55:48.426906,prediction,-0.126076,1.038000,0.058900,True,-0.118285,0.991816,0.053524,0.007791,0.046185,0.005376,23.84,10,-0.034992,1.280823,0.442073,0.000000,0.000000,0.000000,0.000000,0.000000,0.000000,nan,nan,nan,nan,nan,nan,OFF
1786341348462235747,2026-08-10T12:55:48.462255,prediction,-0.125989,1.035000,0.059039,True,-0.118243,0.991435,0.053788,0.007747,0.043565,0.005250,26.44,10,-0.034992,1.280823,0.442073,0.000000,0.000000,0.000000,0.000000,0.000000,0.000000,nan,nan,nan,nan,nan,nan,OFF
1786341348494379613,2026-08-10T12:55:48.494398,prediction,-0.126135,1.040000,0.058808,True,-0.118235,0.991077,0.053992,0.007900,0.048923,0.004816,23.20,10,-0.034992,1.280823,0.442073,0.000000,0.000000,0.000000,0.000000,0.000000,0.000000,nan,nan,nan,nan,nan,nan,OFF
1786341348521326778,2026-08-10T12:55:48.521347,prediction,-0.126076,1.038000,0.058900,True,-0.118303,0.990730,0.054159,0.007773,0.047271,0.004741,21.16,10,-0.034992,1.280823,0.442073,0.000000,0.000000,0.000000,0.000000,0.000000,0.000000,nan,nan,nan,nan,nan,nan,OFF
1786341348552716441,2026-08-10T12:55:48.552735,prediction,-0.126076,1.038000,0.058900,True,-0.118411,0.990423,0.054299,0.007666,0.047577,0.004601,19.86,10,-0.034992,1.280823,0.442073,0.000000,0.000000,0.000000,0.000000,0.000000,0.000000,nan,nan,nan,nan,nan,nan,OFF
1786341348593727943,2026-08-10T12:55:48.593742,prediction,-0.124238,1.038000,0.058900,True,-0.118472,0.990153,0.054432,0.005766,0.047847,0.004468,24.83,10,-0.036957,1.278440,0.443204,0.000000,0.000000,0.000000,0.000000,0.000000,0.000000,nan,nan,nan,nan,nan,nan,OFF
1786341348623399927,2026-08-10T12:55:48.623416,prediction,-0.124422,1.044000,0.058624,True,-0.118515,0.989937,0.054550,0.005907,0.054063,0.004074,21.79,10,-0.036957,1.278440,0.443204,0.000000,0.000000,0.000000,0.000000,0.000000,0.000000,nan,nan,nan,nan,nan,nan,OFF
1786341348656260605,2026-08-10T12:55:48.656280,prediction,-0.124299,1.040000,0.058808,True,-0.118486,0.989799,0.054662,0.005814,0.050201,0.004147,24.10,10,-0.035717,1.279781,0.442569,0.000000,0.000000,0.000000,0.000000,0.000000,0.000000,nan,nan,nan,nan,nan,nan,OFF
1786341348687637925,2026-08-10T12:55:48.687656,prediction,-0.124238,1.038000,0.058900,True,-0.118412,0.989744,0.054777,0.005826,0.048256,0.004124,20.14,10,-0.035717,1.279781,0.442569,0.000000,0.000000,0.000000,0.000000,0.000000,0.000000,nan,nan,nan,nan,nan,nan,OFF
1786341348717601019,2026-08-10T12:55:48.717627,prediction,-0.124238,1.038000,0.058900,True,-0.118313,0.989700,0.054898,0.005925,0.048300,0.004003,20.33,10,-0.036049,1.277923,0.443432,0.000000,0.000000,0.000000,0.000000,0.000000,0.000000,nan,nan,nan,nan,nan,nan,OFF
1786341348759163980,2026-08-10T12:55:48.759179,prediction,-0.124146,1.035000,0.059039,True,-0.118259,0.989644,0.055022,0.005886,0.045356,0.004017,22.67,10,-0.035917,1.278629,0.443117,0.000000,0.000000,0.000000,0.000000,0.000000,0.000000,nan,nan,nan,nan,nan,nan,OFF
1786341348784443910,2026-08-10T12:55:48.784457,prediction,-0.125989,1.035000,0.059039,True,-0.118232,0.989524,0.055148,0.007758,0.045476,0.003891,20.83,10,-0.035917,1.278629,0.443117,0.000000,0.000000,0.000000,0.000000,0.000000,0.000000,nan,nan,nan,nan,nan,nan,OFF
1786341348819560353,2026-08-10T12:55:48.819575,prediction,-0.126251,1.044000,0.058624,True,-0.118231,0.989360,0.055202,0.008020,0.054640,0.003422,18.45,10,-0.035917,1.278629,0.443117,0.000000,0.000000,0.000000,0.000000,0.000000,0.000000,nan,nan,nan,nan,nan,nan,OFF
1786341348852860490,2026-08-10T12:55:48.852876,prediction,-0.126309,1.046000,0.056703,True,-0.118238,0.989372,0.055157,0.008072,0.056628,0.001547,20.65,10,-0.036126,1.276951,0.444149,0.000000,0.000000,0.000000,0.000000,0.000000,0.000000,nan,nan,nan,nan,nan,nan,OFF
1786341348891879573,2026-08-10T12:55:48.891906,prediction,-0.126193,1.042000,0.058716,True,-0.118240,0.989510,0.055120,0.007953,0.052490,0.003597,22.14,10,-0.036126,1.276951,0.444149,0.000000,0.000000,0.000000,0.000000,0.000000,0.000000,nan,nan,nan,nan,nan,nan,OFF
1786341348934043999,2026-08-10T12:55:48.934064,prediction,-0.125989,1.035000,0.059039,True,-0.118234,0.989683,0.055099,0.007755,0.045317,0.003939,32.49,10,-0.036028,1.277646,0.443722,0.000000,0.000000,0.000000,0.000000,0.000000,0.000000,nan,nan,nan,nan,nan,nan,OFF
1786341348965426740,2026-08-10T12:55:48.965446,prediction,-0.126193,1.042000,0.058716,True,-0.118234,0.989862,0.055075,0.007959,0.052138,0.003641,27.10,10,-0.036070,1.276399,0.444441,0.000000,0.000000,0.000000,0.000000,0.000000,0.000000,nan,nan,nan,nan,nan,nan,OFF
1786341349000844080,2026-08-10T12:55:49.000857,prediction,-0.126309,1.046000,0.058532,True,-0.118234,0.990040,0.055050,0.008076,0.055960,0.003482,28.90,10,-0.036070,1.276399,0.444441,0.000000,0.000000,0.000000,0.000000,0.000000,0.000000,nan,nan,nan,nan,nan,nan,OFF
1786341349033574018,2026-08-10T12:55:49.033595,prediction,-0.126251,1.044000,0.058624,True,-0.118230,0.990250,0.055026,0.008021,0.053750,0.003598,29.27,10,-0.036033,1.277052,0.444071,0.000000,0.000000,0.000000,0.000000,0.000000,0.000000,nan,nan,nan,nan,nan,nan,OFF
1786341349060844549,2026-08-10T12:55:49.060865,prediction,-0.126193,1.042000,0.058716,True,-0.118222,0.990481,0.055007,0.007971,0.051519,0.003710,23.83,10,-0.036033,1.277052,0.444071,0.000000,0.000000,0.000000,0.000000,0.000000,0.000000,nan,nan,nan,nan,nan,nan,OFF
1786341349089988803,2026-08-10T12:55:49.090009,prediction,-0.128025,1.042000,0.060552,True,-0.118330,0.990666,0.055042,0.009695,0.051334,0.005510,23.69,10,-0.036033,1.277052,0.444071,0.000000,0.000000,0.000000,0.000000,0.000000,0.000000,nan,nan,nan,nan,nan,nan,OFF
1786341349121642300,2026-08-10T12:55:49.121659,prediction,-0.126309,1.046000,0.060361,True,-0.118435,0.990826,0.055112,0.007875,0.055174,0.005248,21.99,10,-0.036179,1.276263,0.444819,0.000000,0.000000,0.000000,0.000000,0.000000,0.000000,nan,nan,nan,nan,nan,nan,OFF
1786341349159593374,2026-08-10T12:55:49.159621,prediction,-0.125931,1.033000,0.060981,True,-0.118532,0.990937,0.055215,0.007399,0.042063,0.005766,25.42,10,-0.036179,1.276263,0.444819,0.000000,0.000000,0.000000,0.000000,0.000000,0.000000,nan,nan,nan,nan,nan,nan,OFF
1786341349202567632,2026-08-10T12:55:49.202590,prediction,-0.126135,1.040000,0.060647,True,-0.118637,0.990979,0.055321,0.007498,0.049021,0.005326,31.56,10,-0.036030,1.277166,0.444073,0.000000,0.000000,0.000000,0.000000,0.000000,0.000000,nan,nan,nan,nan,nan,nan,OFF
1786341349230956702,2026-08-10T12:55:49.230992,prediction,-0.126076,1.038000,0.060743,True,-0.118745,0.990979,0.055430,0.007331,0.047022,0.005313,24.62,10,-0.036030,1.277166,0.444073,0.000000,0.000000,0.000000,0.000000,0.000000,0.000000,nan,nan,nan,nan,nan,nan,OFF
1786341349254282694,2026-08-10T12:55:49.254301,prediction,-0.126135,1.040000,0.060647,True,-0.118858,0.990992,0.055533,0.007277,0.049008,0.005114,19.64,10,-0.036030,1.277166,0.444073,0.000000,0.000000,0.000000,0.000000,0.000000,0.000000,nan,nan,nan,nan,nan,nan,OFF
1786341349288698851,2026-08-10T12:55:49.288720,prediction,-0.126251,1.044000,0.060456,True,-0.118913,0.991082,0.055627,0.007339,0.052918,0.004830,19.50,10,-0.036030,1.277166,0.444073,0.000000,0.000000,0.000000,0.000000,0.000000,0.000000,nan,nan,nan,nan,nan,nan,OFF
1786341349323639638,2026-08-10T12:55:49.323662,prediction,-0.125989,1.035000,0.059039,True,-0.118921,0.991227,0.055685,0.007068,0.043773,0.003354,22.09,10,-0.035594,1.277648,0.445998,0.000000,0.000000,0.000000,0.000000,0.000000,0.000000,nan,nan,nan,nan,nan,nan,OFF
1786341349362436447,2026-08-10T12:55:49.362451,prediction,-0.126076,1.038000,0.058900,True,-0.118916,0.991205,0.055779,0.007161,0.046795,0.003121,26.28,10,-0.035759,1.277515,0.445107,0.000000,0.000000,0.000000,0.000000,0.000000,0.000000,nan,nan,nan,nan,nan,nan,OFF
1786341349393791571,2026-08-10T12:55:49.393806,prediction,-0.126076,1.038000,0.058900,True,-0.118913,0.991062,0.055832,0.007164,0.046938,0.003069,24.44,10,-0.035759,1.277515,0.445107,0.000000,0.000000,0.000000,0.000000,0.000000,0.000000,nan,nan,nan,nan,nan,nan,OFF
1786341349424609031,2026-08-10T12:55:49.424627,prediction,-0.126251,1.044000,0.060456,True,-0.118921,0.990885,0.055899,0.007330,0.053115,0.004557,21.96,10,-0.035759,1.277515,0.445107,0.000000,0.000000,0.000000,0.000000,0.000000,0.000000,nan,nan,nan,nan,nan,nan,OFF
1786341349458928176,2026-08-10T12:55:49.458962,prediction,-0.124299,1.040000,0.058808,True,-0.118866,0.990749,0.055936,0.005434,0.049251,0.002872,25.62,10,-0.035892,1.277769,0.443623,0.000000,0.000000,0.000000,0.000000,0.000000,0.000000,nan,nan,nan,nan,nan,nan,OFF
1786341349486639538,2026-08-10T12:55:49.486670,prediction,-0.124299,1.040000,0.060647,True,-0.118773,0.990643,0.056021,0.005527,0.049357,0.004626,20.87,10,-0.035892,1.277769,0.443623,0.000000,0.000000,0.000000,0.000000,0.000000,0.000000,nan,nan,nan,nan,nan,nan,OFF
1786341349518191734,2026-08-10T12:55:49.518205,prediction,-0.124361,1.042000,0.058716,True,-0.118670,0.990521,0.056070,0.005691,0.051479,0.002647,20.93,10,-0.035705,1.277981,0.444316,0.000000,0.000000,0.000000,0.000000,0.000000,0.000000,nan,nan,nan,nan,nan,nan,OFF
1786341349555252269,2026-08-10T12:55:49.555272,prediction,-0.124238,1.038000,0.058900,True,-0.118563,0.990388,0.056101,0.005675,0.047612,0.002799,22.86,10,-0.035705,1.277981,0.444316,0.000000,0.000000,0.000000,0.000000,0.000000,0.000000,nan,nan,nan,nan,nan,nan,OFF
1786341349588669191,2026-08-10T12:55:49.588688,prediction,-0.124146,1.035000,0.059039,True,-0.118394,0.990260,0.056074,0.005752,0.044740,0.002964,21.09,10,-0.035499,1.277840,0.445920,0.000000,0.000000,0.000000,0.000000,0.000000,0.000000,nan,nan,nan,nan,nan,nan,OFF
1786341349632865133,2026-08-10T12:55:49.632879,prediction,-0.124422,1.044000,0.058624,True,-0.118259,0.990126,0.056007,0.006164,0.053874,0.002618,25.29,10,-0.035625,1.277929,0.444972,0.000000,0.000000,0.000000,0.000000,0.000000,0.000000,nan,nan,nan,nan,nan,nan,OFF
1786341349667917840,2026-08-10T12:55:49.667935,prediction,-0.126135,1.040000,0.058808,True,-0.118206,0.990018,0.055901,0.007928,0.049982,0.002907,27.68,10,-0.035625,1.277929,0.444972,0.000000,0.000000,0.000000,0.000000,0.000000,0.000000,nan,nan,nan,nan,nan,nan,OFF
1786341349693268020,2026-08-10T12:55:49.693313,prediction,-0.126135,1.040000,0.058808,True,-0.118186,0.989966,0.055787,0.007949,0.050034,0.003021,20.44,10,-0.035625,1.277929,0.444972,0.000000,0.000000,0.000000,0.000000,0.000000,0.000000,nan,nan,nan,nan,nan,nan,OFF
1786341349723143584,2026-08-10T12:55:49.723162,prediction,-0.126251,1.044000,0.058624,True,-0.118186,0.989986,0.055660,0.008066,0.054014,0.002964,19.50,10,-0.035826,1.277548,0.445605,0.000000,0.000000,0.000000,0.000000,0.000000,0.000000,nan,nan,nan,nan,nan,nan,OFF
1786341349755776769,2026-08-10T12:55:49.755792,prediction,-0.126193,1.042000,0.058716,True,-0.118190,0.990051,0.055535,0.008002,0.051949,0.003182,19.70,10,-0.035826,1.277548,0.445605,0.000000,0.000000,0.000000,0.000000,0.000000,0.000000,nan,nan,nan,nan,nan,nan,OFF
1786341349787850488,2026-08-10T12:55:49.787869,prediction,-0.126135,1.040000,0.058808,True,-0.118192,0.990138,0.055419,0.007943,0.049862,0.003389,20.23,10,-0.035665,1.277925,0.444203,0.000000,0.000000,0.000000,0.000000,0.000000,0.000000,nan,nan,nan,nan,nan,nan,OFF
1786341349824783191,2026-08-10T12:55:49.824822,prediction,-0.126135,1.040000,0.058808,True,-0.118199,0.990196,0.055355,0.007935,0.049804,0.003453,21.25,10,-0.035665,1.277925,0.444203,0.000000,0.000000,0.000000,0.000000,0.000000,0.000000,nan,nan,nan,nan,nan,nan,OFF
1786341349855741537,2026-08-10T12:55:49.855772,prediction,-0.126193,1.042000,0.058716,True,-0.118207,0.990265,0.055320,0.007986,0.051735,0.003396,20.82,10,-0.035807,1.277658,0.444871,0.000000,0.000000,0.000000,0.000000,0.000000,0.000000,nan,nan,nan,nan,nan,nan,OFF
1786341349887221808,2026-08-10T12:55:49.887244,prediction,-0.124422,1.044000,0.058624,True,-0.118155,0.990388,0.055300,0.006268,0.053612,0.003324,20.60,10,-0.035807,1.277658,0.444871,0.000000,0.000000,0.000000,0.000000,0.000000,0.000000,nan,nan,nan,nan,nan,nan,OFF
1786341349918804982,2026-08-10T12:55:49.918852,prediction,-0.124422,1.044000,0.058624,True,-0.118064,0.990582,0.055239,0.006359,0.053418,0.003385,18.67,10,-0.036396,1.276776,0.445437,0.000000,0.000000,0.000000,0.000000,0.000000,0.000000,nan,nan,nan,nan,nan,nan,OFF
1786341349962493727,2026-08-10T12:55:49.962511,prediction,-0.124299,1.040000,0.058808,True,-0.118011,0.990773,0.055208,0.006288,0.049227,0.003600,24.38,10,-0.035940,1.277520,0.444835,0.000000,0.000000,0.000000,0.000000,0.000000,0.000000,nan,nan,nan,nan,nan,nan,OFF
1786341349992601920,2026-08-10T12:55:49.992619,prediction,-0.124422,1.044000,0.058624,True,-0.117984,0.990955,0.055132,0.006438,0.053045,0.003492,21.35,10,-0.035940,1.277520,0.444835,0.000000,0.000000,0.000000,0.000000,0.000000,0.000000,nan,nan,nan,nan,nan,nan,OFF
1786341350028519856,2026-08-10T12:55:50.028535,prediction,-0.126251,1.044000,0.058624,True,-0.118025,0.991119,0.055087,0.008226,0.052881,0.003537,24.93,10,-0.036714,1.276806,0.444980,0.000000,0.000000,0.000000,0.000000,0.000000,0.000000,nan,nan,nan,nan,nan,nan,OFF
1786341350057041332,2026-08-10T12:55:50.057063,prediction,-0.124361,1.042000,0.058716,True,-0.118043,0.991282,0.055058,0.006318,0.050718,0.003658,21.48,10,-0.036714,1.276806,0.444980,0.000000,0.000000,0.000000,0.000000,0.000000,0.000000,nan,nan,nan,nan,nan,nan,OFF
1786341350096171545,2026-08-10T12:55:50.096192,prediction,-0.126251,1.044000,0.058624,True,-0.118111,0.991470,0.055028,0.008140,0.052530,0.003596,25.21,10,-0.036002,1.277683,0.444578,0.000000,0.000000,0.000000,0.000000,0.000000,0.000000,nan,nan,nan,nan,nan,nan,OFF
1786341350127987634,2026-08-10T12:55:50.128011,prediction,-0.126309,1.046000,0.058532,True,-0.118197,0.991677,0.055007,0.008112,0.054323,0.003525,22.84,10,-0.036002,1.277683,0.444578,0.000000,0.000000,0.000000,0.000000,0.000000,0.000000,nan,nan,nan,nan,nan,nan,OFF
1786341350160973690,2026-08-10T12:55:50.160989,prediction,-0.126251,1.044000,0.058624,True,-0.118237,0.991868,0.054991,0.008014,0.052132,0.003633,22.60,10,-0.036867,1.277099,0.444649,0.000000,0.000000,0.000000,0.000000,0.000000,0.000000,nan,nan,nan,nan,nan,nan,OFF
1786341350199331435,2026-08-10T12:55:50.199348,prediction,-0.126135,1.040000,0.058808,True,-0.118250,0.992043,0.054983,0.007884,0.047957,0.003826,27.84,10,-0.036867,1.277099,0.444649,0.000000,0.000000,0.000000,0.000000,0.000000,0.000000,nan,nan,nan,nan,nan,nan,OFF
1786341350226097121,2026-08-10T12:55:50.226154,prediction,-0.126251,1.044000,0.058624,True,-0.118249,0.992207,0.054979,0.008002,0.051793,0.003645,22.07,10,-0.036867,1.277099,0.444649,0.000000,0.000000,0.000000,0.000000,0.000000,0.000000,nan,nan,nan,nan,nan,nan,OFF
1786341350258685046,2026-08-10T12:55:50.258703,prediction,-0.126076,1.038000,0.057058,True,-0.118245,0.992263,0.054926,0.007831,0.045737,0.002132,23.47,10,-0.036090,1.277956,0.444408,0.000000,0.000000,0.000000,0.000000,0.000000,0.000000,nan,nan,nan,nan,nan,nan,OFF
1786341350288299102,2026-08-10T12:55:50.288315,prediction,-0.126135,1.040000,0.056970,True,-0.118245,0.992242,0.054841,0.007890,0.047758,0.002128,21.50,10,-0.036090,1.277956,0.444408,0.000000,0.000000,0.000000,0.000000,0.000000,0.000000,nan,nan,nan,nan,nan,nan,OFF
1786341350323143773,2026-08-10T12:55:50.323175,prediction,-0.124299,1.040000,0.055131,True,-0.118187,0.992228,0.054685,0.006112,0.047773,0.000446,22.46,10,-0.036615,1.278841,0.444206,0.000000,0.000000,0.000000,0.000000,0.000000,0.000000,nan,nan,nan,nan,nan,nan,OFF
1786341350355382900,2026-08-10T12:55:50.355400,prediction,-0.124299,1.040000,0.056970,True,-0.118097,0.992224,0.054549,0.006202,0.047776,0.002420,20.50,10,-0.036615,1.278841,0.444206,0.000000,0.000000,0.000000,0.000000,0.000000,0.000000,nan,nan,nan,nan,nan,nan,OFF
1786341350391231564,2026-08-10T12:55:50.391249,prediction,-0.124361,1.042000,0.056881,True,-0.118052,0.992186,0.054426,0.006309,0.049814,0.002455,21.25,10,-0.035752,1.278021,0.444315,0.000000,0.000000,0.000000,0.000000,0.000000,0.000000,nan,nan,nan,nan,nan,nan,OFF
1786341350422092763,2026-08-10T12:55:50.422112,prediction,-0.125989,1.035000,0.057192,True,-0.118086,0.992081,0.054317,0.007903,0.042919,0.002875,20.17,10,-0.035752,1.278021,0.444315,0.000000,0.000000,0.000000,0.000000,0.000000,0.000000,nan,nan,nan,nan,nan,nan,OFF
1786341350454280964,2026-08-10T12:55:50.454293,prediction,-0.126076,1.038000,0.057058,True,-0.118170,0.991901,0.054207,0.007907,0.046099,0.002851,20.63,10,-0.036282,1.278891,0.444067,0.000000,0.000000,0.000000,0.000000,0.000000,0.000000,nan,nan,nan,nan,nan,nan,OFF
1786341350498473233,2026-08-10T12:55:50.498498,prediction,-0.124361,1.042000,0.056881,True,-0.118221,0.991685,0.054101,0.006140,0.050316,0.002780,26.04,10,-0.035866,1.278315,0.444133,0.000000,0.000000,0.000000,0.000000,0.000000,0.000000,nan,nan,nan,nan,nan,nan,OFF
1786341350522874880,2026-08-10T12:55:50.522892,prediction,-0.124146,1.035000,0.057192,True,-0.118190,0.991461,0.054010,0.005955,0.043539,0.003182,19.27,10,-0.035866,1.278315,0.444133,0.000000,0.000000,0.000000,0.000000,0.000000,0.000000,nan,nan,nan,nan,nan,nan,OFF
1786341350565192363,2026-08-10T12:55:50.565209,prediction,-0.124299,1.040000,0.056970,True,-0.118184,0.991262,0.053914,0.006116,0.048738,0.003056,27.01,10,-0.036515,1.279588,0.443720,0.000000,0.000000,0.000000,0.000000,0.000000,0.000000,nan,nan,nan,nan,nan,nan,OFF
1786341350590210342,2026-08-10T12:55:50.590270,prediction,-0.124422,1.044000,0.056792,True,-0.118133,0.991094,0.053815,0.006290,0.052906,0.002977,19.92,10,-0.036515,1.279588,0.443720,0.000000,0.000000,0.000000,0.000000,0.000000,0.000000,nan,nan,nan,nan,nan,nan,OFF
1786341350625394713,2026-08-10T12:55:50.625412,prediction,-0.124238,1.038000,0.057058,True,-0.118050,0.990943,0.053726,0.006188,0.047057,0.003332,20.82,10,-0.036515,1.279588,0.443720,0.000000,0.000000,0.000000,0.000000,0.000000,0.000000,nan,nan,nan,nan,nan,nan,OFF
1786341350656509089,2026-08-10T12:55:50.656525,prediction,-0.124361,1.042000,0.056881,True,-0.117954,0.990836,0.053633,0.006407,0.051164,0.003248,21.79,10,-0.036147,1.278938,0.443691,0.000000,0.000000,0.000000,0.000000,0.000000,0.000000,nan,nan,nan,nan,nan,nan,OFF
1786341350688188211,2026-08-10T12:55:50.688207,prediction,-0.124238,1.038000,0.057058,True,-0.117854,0.990688,0.053537,0.006384,0.047312,0.003521,21.64,10,-0.036147,1.278938,0.443691,0.000000,0.000000,0.000000,0.000000,0.000000,0.000000,nan,nan,nan,nan,nan,nan,OFF
1786341350722104390,2026-08-10T12:55:50.722124,prediction,-0.124361,1.042000,0.056881,True,-0.117749,0.990577,0.053440,0.006612,0.051423,0.003441,21.03,10,-0.036540,1.278527,0.442872,0.000000,0.000000,0.000000,0.000000,0.000000,0.000000,nan,nan,nan,nan,nan,nan,OFF
1786341350767258984,2026-08-10T12:55:50.767273,prediction,-0.124146,1.035000,0.057192,True,-0.117640,0.990495,0.053400,0.006506,0.044505,0.003791,28.25,10,-0.036018,1.278964,0.443885,0.000000,0.000000,0.000000,0.000000,0.000000,0.000000,nan,nan,nan,nan,nan,nan,OFF
1786341350792614860,2026-08-10T12:55:50.792627,prediction,-0.124299,1.040000,0.055131,True,-0.117532,0.990467,0.053331,0.006768,0.049533,0.001800,22.00,10,-0.036018,1.278964,0.443885,0.000000,0.000000,0.000000,0.000000,0.000000,0.000000,nan,nan,nan,nan,nan,nan,OFF
1786341350828874499,2026-08-10T12:55:50.828893,prediction,-0.124299,1.040000,0.055131,True,-0.117482,0.990462,0.053298,0.006818,0.049538,0.001833,25.49,10,-0.036392,1.278434,0.443118,0.000000,0.000000,0.000000,0.000000,0.000000,0.000000,nan,nan,nan,nan,nan,nan,OFF
1786341350862170700,2026-08-10T12:55:50.862192,prediction,-0.124238,1.038000,0.057058,True,-0.117458,0.990469,0.053288,0.006780,0.047531,0.003770,25.06,10,-0.036392,1.278434,0.443118,0.000000,0.000000,0.000000,0.000000,0.000000,0.000000,nan,nan,nan,nan,nan,nan,OFF
1786341350897366824,2026-08-10T12:55:50.897386,prediction,-0.124238,1.038000,0.055216,True,-0.117451,0.990446,0.053236,0.006787,0.047554,0.001980,25.89,10,-0.036672,1.277779,0.442641,0.000000,0.000000,0.000000,0.000000,0.000000,0.000000,nan,nan,nan,nan,nan,nan,OFF
1786341350926301339,2026-08-10T12:55:50.926350,prediction,-0.124146,1.035000,0.055345,True,-0.117397,0.990408,0.053157,0.006749,0.044592,0.002188,22.75,10,-0.036672,1.277779,0.442641,0.000000,0.000000,0.000000,0.000000,0.000000,0.000000,nan,nan,nan,nan,nan,nan,OFF
1786341350959642634,2026-08-10T12:55:50.959658,prediction,-0.124484,1.046000,0.054874,True,-0.117325,0.990396,0.053051,0.007159,0.055604,0.001823,23.15,10,-0.036204,1.278762,0.443400,0.000000,0.000000,0.000000,0.000000,0.000000,0.000000,nan,nan,nan,nan,nan,nan,OFF
1786341350989391666,2026-08-10T12:55:50.989411,prediction,-0.124146,1.035000,0.057192,True,-0.117289,0.990341,0.053008,0.006857,0.044659,0.004184,20.50,10,-0.036204,1.278762,0.443400,0.000000,0.000000,0.000000,0.000000,0.000000,0.000000,nan,nan,nan,nan,nan,nan,OFF
1786341351026167124,2026-08-10T12:55:51.026185,prediction,-0.124361,1.042000,0.056881,True,-0.117277,0.990378,0.052978,0.007084,0.051622,0.003903,23.92,10,-0.036538,1.278100,0.442907,0.000000,0.000000,0.000000,0.000000,0.000000,0.000000,nan,nan,nan,nan,nan,nan,OFF
1786341351057277578,2026-08-10T12:55:51.057294,prediction,-0.126193,1.042000,0.056881,True,-0.117331,0.990439,0.052959,0.008862,0.051561,0.003921,22.20,10,-0.036538,1.278100,0.442907,0.000000,0.000000,0.000000,0.000000,0.000000,0.000000,nan,nan,nan,nan,nan,nan,OFF
1786341351090879491,2026-08-10T12:55:51.090900,prediction,-0.125989,1.035000,0.057192,True,-0.117406,0.990509,0.052963,0.008583,0.044491,0.004229,22.31,10,-0.036538,1.278100,0.442907,0.000000,0.000000,0.000000,0.000000,0.000000,0.000000,nan,nan,nan,nan,nan,nan,OFF
1786341351120864012,2026-08-10T12:55:51.120882,prediction,-0.126135,1.040000,0.056970,True,-0.117505,0.990545,0.052962,0.008630,0.049455,0.004007,22.84,10,-0.037183,1.276959,0.442008,0.000000,0.000000,0.000000,0.000000,0.000000,0.000000,nan,nan,nan,nan,nan,nan,OFF
1786341351158504961,2026-08-10T12:55:51.158525,prediction,-0.126076,1.038000,0.057058,True,-0.117615,0.990483,0.052968,0.008462,0.047517,0.004090,20.64,10,-0.037183,1.276959,0.442008,0.000000,0.000000,0.000000,0.000000,0.000000,0.000000,nan,nan,nan,nan,nan,nan,OFF
1786341351187545963,2026-08-10T12:55:51.187566,prediction,-0.126193,1.042000,0.056881,True,-0.117733,0.990463,0.052965,0.008460,0.051537,0.003916,19.04,10,-0.036852,1.277591,0.442479,0.000000,0.000000,0.000000,0.000000,0.000000,0.000000,nan,nan,nan,nan,nan,nan,OFF
1786341351219543601,2026-08-10T12:55:51.219558,prediction,-0.125931,1.033000,0.057280,True,-0.117847,0.990377,0.052975,0.008084,0.042623,0.004305,19.09,10,-0.036852,1.277591,0.442479,0.000000,0.000000,0.000000,0.000000,0.000000,0.000000,nan,nan,nan,nan,nan,nan,OFF
1786341351252839677,2026-08-10T12:55:51.252857,prediction,-0.126135,1.040000,0.056970,True,-0.117966,0.990345,0.052972,0.008168,0.049655,0.003997,19.16,10,-0.036989,1.277173,0.441836,0.000000,0.000000,0.000000,0.000000,0.000000,0.000000,nan,nan,nan,nan,nan,nan,OFF
1786341351293130122,2026-08-10T12:55:51.293173,prediction,-0.126076,1.038000,0.057058,True,-0.118081,0.990286,0.053028,0.007996,0.047714,0.004030,22.96,10,-0.036989,1.277173,0.441836,0.000000,0.000000,0.000000,0.000000,0.000000,0.000000,nan,nan,nan,nan,nan,nan,OFF
1786341351331664345,2026-08-10T12:55:51.331688,prediction,-0.126076,1.038000,0.057058,True,-0.118193,0.990201,0.053116,0.007884,0.047799,0.003942,25.59,10,-0.036661,1.277973,0.443048,0.000000,0.000000,0.000000,0.000000,0.000000,0.000000,nan,nan,nan,nan,nan,nan,OFF
1786341351364559836,2026-08-10T12:55:51.364579,prediction,-0.126135,1.040000,0.056970,True,-0.118309,0.990104,0.053158,0.007825,0.049896,0.003811,25.22,10,-0.036697,1.277570,0.442441,0.000000,0.000000,0.000000,0.000000,0.000000,0.000000,nan,nan,nan,nan,nan,nan,OFF
1786341351398064435,2026-08-10T12:55:51.398085,prediction,-0.126135,1.040000,0.056970,True,-0.118422,0.990070,0.053231,0.007713,0.049930,0.003738,24.68,10,-0.036697,1.277570,0.442441,0.000000,0.000000,0.000000,0.000000,0.000000,0.000000,nan,nan,nan,nan,nan,nan,OFF
1786341351428174523,2026-08-10T12:55:51.428189,prediction,-0.125873,1.031000,0.057369,True,-0.118525,0.990083,0.053330,0.007347,0.040917,0.004039,23.09,10,-0.036471,1.276965,0.441757,0.000000,0.000000,0.000000,0.000000,0.000000,0.000000,nan,nan,nan,nan,nan,nan,OFF
1786341351454370651,2026-08-10T12:55:51.454389,prediction,-0.125989,1.035000,0.057192,True,-0.118622,0.990034,0.053451,0.007367,0.044966,0.003741,18.67,10,-0.036471,1.276965,0.441757,0.000000,0.000000,0.000000,0.000000,0.000000,0.000000,nan,nan,nan,nan,nan,nan,OFF
1786341351488978640,2026-08-10T12:55:51.489006,prediction,-0.124238,1.038000,0.057058,True,-0.118671,0.989997,0.053509,0.005567,0.048003,0.003549,21.23,10,-0.036471,1.276965,0.441757,0.000000,0.000000,0.000000,0.000000,0.000000,0.000000,nan,nan,nan,nan,nan,nan,OFF
1786341351522775020,2026-08-10T12:55:51.522792,prediction,-0.126135,1.040000,0.056970,True,-0.118754,0.989895,0.053537,0.007381,0.050105,0.003432,21.25,10,-0.036278,1.277676,0.442866,0.000000,0.000000,0.000000,0.000000,0.000000,0.000000,nan,nan,nan,nan,nan,nan,OFF
1786341351560893399,2026-08-10T12:55:51.560908,prediction,-0.126135,1.040000,0.056970,True,-0.118793,0.989792,0.053552,0.007341,0.050208,0.003418,24.49,10,-0.036273,1.277133,0.442134,0.000000,0.000000,0.000000,0.000000,0.000000,0.000000,nan,nan,nan,nan,nan,nan,OFF
1786341351593388945,2026-08-10T12:55:51.593403,prediction,-0.126193,1.042000,0.056881,True,-0.118820,0.989694,0.053546,0.007373,0.052306,0.003335,23.41,10,-0.036273,1.277133,0.442134,0.000000,0.000000,0.000000,0.000000,0.000000,0.000000,nan,nan,nan,nan,nan,nan,OFF
1786341351623819177,2026-08-10T12:55:51.623833,prediction,-0.126193,1.042000,0.056881,True,-0.118830,0.989672,0.053537,0.007363,0.052328,0.003344,20.72,10,-0.036273,1.277133,0.442134,0.000000,0.000000,0.000000,0.000000,0.000000,0.000000,nan,nan,nan,nan,nan,nan,OFF
1786341351660792357,2026-08-10T12:55:51.660814,prediction,-0.124299,1.040000,0.056970,True,-0.118770,0.989749,0.053529,0.005529,0.050251,0.003441,22.85,10,-0.035724,1.277596,0.443276,0.000000,0.000000,0.000000,0.000000,0.000000,0.000000,nan,nan,nan,nan,nan,nan,OFF
1786341351694152323,2026-08-10T12:55:51.694166,prediction,-0.125989,1.035000,0.057192,True,-0.118729,0.989805,0.053532,0.007260,0.045195,0.003659,23.45,10,-0.035878,1.277089,0.442543,0.000000,0.000000,0.000000,0.000000,0.000000,0.000000,nan,nan,nan,nan,nan,nan,OFF
1786341351723962686,2026-08-10T12:55:51.723979,prediction,-0.126076,1.038000,0.057058,True,-0.118711,0.989837,0.053526,0.007365,0.048164,0.003532,21.77,10,-0.035878,1.277089,0.442543,0.000000,0.000000,0.000000,0.000000,0.000000,0.000000,nan,nan,nan,nan,nan,nan,OFF
1786341351761765240,2026-08-10T12:55:51.761788,prediction,-0.125989,1.035000,0.059039,True,-0.118699,0.989762,0.053587,0.007290,0.045238,0.005451,23.60,10,-0.035878,1.277089,0.442543,0.000000,0.000000,0.000000,0.000000,0.000000,0.000000,nan,nan,nan,nan,nan,nan,OFF
1786341351789339957,2026-08-10T12:55:51.789356,prediction,-0.126076,1.038000,0.058900,True,-0.118691,0.989704,0.053678,0.007385,0.048297,0.005223,18.99,10,-0.035878,1.277089,0.442543,0.000000,0.000000,0.000000,0.000000,0.000000,0.000000,nan,nan,nan,nan,nan,nan,OFF
1786341351820216490,2026-08-10T12:55:51.820237,prediction,-0.126193,1.042000,0.058716,True,-0.118689,0.989669,0.053777,0.007503,0.052331,0.004939,18.62,10,-0.035878,1.277089,0.442543,0.000000,0.000000,0.000000,0.000000,0.000000,0.000000,nan,nan,nan,nan,nan,nan,OFF
1786341351859313054,2026-08-10T12:55:51.859336,prediction,-0.124361,1.042000,0.056881,True,-0.118629,0.989732,0.053829,0.005732,0.052268,0.003052,28.22,10,-0.034838,1.276346,0.443777,0.000000,0.000000,0.000000,0.000000,0.000000,0.000000,nan,nan,nan,nan,nan,nan,OFF
1786341351887592580,2026-08-10T12:55:51.887613,prediction,-0.124146,1.035000,0.057192,True,-0.118532,0.989824,0.053864,0.005613,0.045176,0.003328,19.99,10,-0.034838,1.276346,0.443777,0.000000,0.000000,0.000000,0.000000,0.000000,0.000000,nan,nan,nan,nan,nan,nan,OFF
1786341351922341706,2026-08-10T12:55:51.922366,prediction,-0.124084,1.033000,0.057280,True,-0.118433,0.989800,0.053880,0.005651,0.043200,0.003401,22.25,10,-0.035482,1.276761,0.443072,0.000000,0.000000,0.000000,0.000000,0.000000,0.000000,nan,nan,nan,nan,nan,nan,OFF
1786341351955626551,2026-08-10T12:55:51.955653,prediction,-0.124146,1.035000,0.057192,True,-0.118326,0.989780,0.053888,0.005819,0.045220,0.003304,20.71,10,-0.035482,1.276761,0.443072,0.000000,0.000000,0.000000,0.000000,0.000000,0.000000,nan,nan,nan,nan,nan,nan,OFF
1786341351986893691,2026-08-10T12:55:51.986909,prediction,-0.124299,1.040000,0.056970,True,-0.118276,0.989768,0.053886,0.006023,0.050233,0.003084,19.94,10,-0.036316,1.277145,0.442445,0.000000,0.000000,0.000000,0.000000,0.000000,0.000000,nan,nan,nan,nan,nan,nan,OFF
1786341352022802982,2026-08-10T12:55:52.022831,prediction,-0.124238,1.038000,0.057058,True,-0.118191,0.989771,0.053888,0.006047,0.048229,0.003170,20.43,10,-0.036316,1.277145,0.442445,0.000000,0.000000,0.000000,0.000000,0.000000,0.000000,nan,nan,nan,nan,nan,nan,OFF
1786341352060010478,2026-08-10T12:55:52.060030,prediction,-0.124361,1.042000,0.056881,True,-0.118092,0.989784,0.053887,0.006269,0.052216,0.002994,24.32,10,-0.035525,1.276670,0.443211,0.000000,0.000000,0.000000,0.000000,0.000000,0.000000,nan,nan,nan,nan,nan,nan,OFF
1786341352091709178,2026-08-10T12:55:52.091733,prediction,-0.124238,1.038000,0.057058,True,-0.117984,0.989766,0.053893,0.006253,0.048234,0.003165,21.08,10,-0.035525,1.276670,0.443211,0.000000,0.000000,0.000000,0.000000,0.000000,0.000000,nan,nan,nan,nan,nan,nan,OFF
1786341352121225703,2026-08-10T12:55:52.121245,prediction,-0.124084,1.033000,0.057280,True,-0.117870,0.989690,0.053912,0.006214,0.043310,0.003369,19.26,10,-0.036245,1.277040,0.442636,0.000000,0.000000,0.000000,0.000000,0.000000,0.000000,nan,nan,nan,nan,nan,nan,OFF
1786341352155781389,2026-08-10T12:55:52.155799,prediction,-0.124238,1.038000,0.057058,True,-0.117821,0.989568,0.053925,0.006417,0.048432,0.003133,19.75,10,-0.036245,1.277040,0.442636,0.000000,0.000000,0.000000,0.000000,0.000000,0.000000,nan,nan,nan,nan,nan,nan,OFF
1786341352190726741,2026-08-10T12:55:52.190774,prediction,-0.122237,1.033000,0.057280,True,-0.117688,0.989387,0.053941,0.004549,0.043613,0.003340,20.09,10,-0.035667,1.276512,0.443646,0.000000,0.000000,0.000000,0.000000,0.000000,0.000000,nan,nan,nan,nan,nan,nan,OFF
1786341352226041398,2026-08-10T12:55:52.226064,prediction,-0.124146,1.035000,0.057192,True,-0.117569,0.989228,0.053956,0.006577,0.045772,0.003235,22.31,10,-0.036162,1.276863,0.442979,0.000000,0.000000,0.000000,0.000000,0.000000,0.000000,nan,nan,nan,nan,nan,nan,OFF
1786341352257456954,2026-08-10T12:55:52.257474,prediction,-0.122399,1.038000,0.057058,True,-0.117401,0.989160,0.053908,0.004998,0.048840,0.003151,22.21,10,-0.036162,1.276863,0.442979,0.000000,0.000000,0.000000,0.000000,0.000000,0.000000,nan,nan,nan,nan,nan,nan,OFF
1786341352290353412,2026-08-10T12:55:52.290370,prediction,-0.122464,1.040000,0.056970,True,-0.117208,0.989152,0.053826,0.005256,0.050848,0.003144,21.83,10,-0.036162,1.276863,0.442979,0.000000,0.000000,0.000000,0.000000,0.000000,0.000000,nan,nan,nan,nan,nan,nan,OFF
1786341352329703138,2026-08-10T12:55:52.329724,prediction,-0.122594,1.044000,0.056792,True,-0.117000,0.989213,0.053726,0.005594,0.054787,0.003066,24.41,10,-0.036414,1.276314,0.443720,0.000000,0.000000,0.000000,0.000000,0.000000,0.000000,nan,nan,nan,nan,nan,nan,OFF
1786341352362362909,2026-08-10T12:55:52.362381,prediction,-0.122464,1.040000,0.056970,True,-0.116840,0.989233,0.053679,0.005624,0.050767,0.003291,23.60,10,-0.036484,1.276983,0.442613,0.000000,0.000000,0.000000,0.000000,0.000000,0.000000,nan,nan,nan,nan,nan,nan,OFF
1786341352400945769,2026-08-10T12:55:52.400966,prediction,-0.124238,1.038000,0.057058,True,-0.116770,0.989209,0.053652,0.007468,0.048791,0.003407,28.94,10,-0.036484,1.276983,0.442613,0.000000,0.000000,0.000000,0.000000,0.000000,0.000000,nan,nan,nan,nan,nan,nan,OFF
1786341352427943745,2026-08-10T12:55:52.427958,prediction,-0.124299,1.040000,0.056970,True,-0.116742,0.989285,0.053629,0.007557,0.050715,0.003340,22.95,10,-0.036851,1.276412,0.443317,0.000000,0.000000,0.000000,0.000000,0.000000,0.000000,nan,nan,nan,nan,nan,nan,OFF
1786341352468054155,2026-08-10T12:55:52.468070,prediction,-0.124299,1.040000,0.056970,True,-0.116732,0.989436,0.053612,0.007567,0.050565,0.003358,30.09,10,-0.036851,1.276412,0.443317,0.000000,0.000000,0.000000,0.000000,0.000000,0.000000,nan,nan,nan,nan,nan,nan,OFF
1786341352494471066,2026-08-10T12:55:52.494488,prediction,-0.124146,1.035000,0.057192,True,-0.116720,0.989627,0.053612,0.007425,0.045373,0.003580,22.70,10,-0.036984,1.276898,0.442357,0.000000,0.000000,0.000000,0.000000,0.000000,0.000000,nan,nan,nan,nan,nan,nan,OFF
1786341352530269796,2026-08-10T12:55:52.530291,prediction,-0.124146,1.035000,0.057192,True,-0.116719,0.989692,0.053619,0.007427,0.045308,0.003573,24.17,10,-0.036984,1.276898,0.442357,0.000000,0.000000,0.000000,0.000000,0.000000,0.000000,nan,nan,nan,nan,nan,nan,OFF
1786341352558838013,2026-08-10T12:55:52.558851,prediction,-0.124238,1.038000,0.057058,True,-0.116724,0.989627,0.053631,0.007513,0.048373,0.003428,22.16,10,-0.037194,1.276307,0.443330,0.000000,0.000000,0.000000,0.000000,0.000000,0.000000,nan,nan,nan,nan,nan,nan,OFF
1786341352593755151,2026-08-10T12:55:52.593771,prediction,-0.124146,1.035000,0.057192,True,-0.116733,0.989519,0.053643,0.007413,0.045481,0.003549,23.80,10,-0.037194,1.276307,0.443330,0.000000,0.000000,0.000000,0.000000,0.000000,0.000000,nan,nan,nan,nan,nan,nan,OFF
1786341352629312777,2026-08-10T12:55:52.629331,prediction,-0.124238,1.038000,0.057058,True,-0.116746,0.989448,0.053643,0.007492,0.048552,0.003415,23.00,10,-0.037423,1.276804,0.442368,0.000000,0.000000,0.000000,0.000000,0.000000,0.000000,nan,nan,nan,nan,nan,nan,OFF
1786341352658187802,2026-08-10T12:55:52.658205,prediction,-0.124299,1.040000,0.056970,True,-0.116755,0.989410,0.053640,0.007544,0.050590,0.003329,22.54,10,-0.037423,1.276804,0.442368,0.000000,0.000000,0.000000,0.000000,0.000000,0.000000,nan,nan,nan,nan,nan,nan,OFF
1786341352690884894,2026-08-10T12:55:52.690925,prediction,-0.124299,1.040000,0.056970,True,-0.116820,0.989508,0.053626,0.007479,0.050493,0.003344,20.90,10,-0.037423,1.276804,0.442368,0.000000,0.000000,0.000000,0.000000,0.000000,0.000000,nan,nan,nan,nan,nan,nan,OFF
1786341352722655469,2026-08-10T12:55:52.722669,prediction,-0.124146,1.035000,0.059039,True,-0.116843,0.989671,0.053674,0.007302,0.045330,0.005364,22.09,10,-0.037440,1.276200,0.443353,0.000000,0.000000,0.000000,0.000000,0.000000,0.000000,nan,nan,nan,nan,nan,nan,OFF
1786341352758600305,2026-08-10T12:55:52.758655,prediction,-0.124238,1.038000,0.057058,True,-0.116909,0.989819,0.053698,0.007329,0.048181,0.003361,21.85,10,-0.037440,1.276200,0.443353,0.000000,0.000000,0.000000,0.000000,0.000000,0.000000,nan,nan,nan,nan,nan,nan,OFF
1786341352791859016,2026-08-10T12:55:52.791879,prediction,-0.124361,1.042000,0.056881,True,-0.117001,0.989897,0.053704,0.007360,0.052103,0.003176,21.86,10,-0.037630,1.276726,0.442414,0.000000,0.000000,0.000000,0.000000,0.000000,0.000000,nan,nan,nan,nan,nan,nan,OFF
1786341352827641736,2026-08-10T12:55:52.827658,prediction,-0.124238,1.038000,0.057058,True,-0.117100,0.989891,0.053714,0.007138,0.048110,0.003345,22.28,10,-0.037496,1.276288,0.443425,0.000000,0.000000,0.000000,0.000000,0.000000,0.000000,nan,nan,nan,nan,nan,nan,OFF
1786341352863487344,2026-08-10T12:55:52.863505,prediction,-0.124361,1.042000,0.056881,True,-0.117208,0.989902,0.053713,0.007153,0.052098,0.003168,25.26,10,-0.037496,1.276288,0.443425,0.000000,0.000000,0.000000,0.000000,0.000000,0.000000,nan,nan,nan,nan,nan,nan,OFF
1786341352897064256,2026-08-10T12:55:52.897085,prediction,-0.124084,1.033000,0.057280,True,-0.117257,0.989873,0.053718,0.006827,0.043127,0.003562,25.22,10,-0.037541,1.276883,0.442488,0.000000,0.000000,0.000000,0.000000,0.000000,0.000000,nan,nan,nan,nan,nan,nan,OFF
1786341352928761743,2026-08-10T12:55:52.928782,prediction,-0.124238,1.038000,0.057058,True,-0.117280,0.989811,0.053724,0.006958,0.048189,0.003335,22.53,10,-0.037541,1.276883,0.442488,0.000000,0.000000,0.000000,0.000000,0.000000,0.000000,nan,nan,nan,nan,nan,nan,OFF
1786341352962262340,2026-08-10T12:55:52.962281,prediction,-0.122464,1.040000,0.056970,True,-0.117233,0.989741,0.053729,0.005231,0.050259,0.003241,23.33,10,-0.037332,1.276432,0.443522,0.000000,0.000000,0.000000,0.000000,0.000000,0.000000,nan,nan,nan,nan,nan,nan,OFF
1786341352995078176,2026-08-10T12:55:52.995095,prediction,-0.122302,1.035000,0.057192,True,-0.117150,0.989668,0.053733,0.005152,0.045333,0.003459,23.57,10,-0.037332,1.276432,0.443522,0.000000,0.000000,0.000000,0.000000,0.000000,0.000000,nan,nan,nan,nan,nan,nan,OFF
1786341353030700169,2026-08-10T12:55:53.030727,prediction,-0.122464,1.040000,0.056970,True,-0.117048,0.989720,0.053730,0.005416,0.050280,0.003240,23.60,10,-0.037415,1.276948,0.442604,0.000000,0.000000,0.000000,0.000000,0.000000,0.000000,nan,nan,nan,nan,nan,nan,OFF
1786341353058586787,2026-08-10T12:55:53.058602,prediction,-0.122399,1.038000,0.057058,True,-0.116930,0.989826,0.053729,0.005469,0.048174,0.003329,23.30,10,-0.037415,1.276948,0.442604,0.000000,0.000000,0.000000,0.000000,0.000000,0.000000,nan,nan,nan,nan,nan,nan,OFF
1786341353095247327,2026-08-10T12:55:53.095262,prediction,-0.122237,1.033000,0.057280,True,-0.116804,0.989957,0.053734,0.005434,0.043043,0.003547,22.55,10,-0.037256,1.276402,0.443630,0.000000,0.000000,0.000000,0.000000,0.000000,0.000000,nan,nan,nan,nan,nan,nan,OFF
1786341353136604192,2026-08-10T12:55:53.136622,prediction,-0.122464,1.040000,0.056970,True,-0.116681,0.990044,0.053735,0.005783,0.049956,0.003235,30.98,10,-0.037256,1.276402,0.443630,0.000000,0.000000,0.000000,0.000000,0.000000,0.000000,nan,nan,nan,nan,nan,nan,OFF
1786341353173080105,2026-08-10T12:55:53.173093,prediction,-0.122237,1.033000,0.057280,True,-0.116559,0.990009,0.053748,0.005679,0.042991,0.003532,31.02,10,-0.037398,1.276949,0.442744,0.000000,0.000000,0.000000,0.000000,0.000000,0.000000,nan,nan,nan,nan,nan,nan,OFF
1786341353199605746,2026-08-10T12:55:53.199625,prediction,-0.122464,1.040000,0.056970,True,-0.116441,0.989982,0.053757,0.006023,0.050018,0.003212,22.64,10,-0.037398,1.276949,0.442744,0.000000,0.000000,0.000000,0.000000,0.000000,0.000000,nan,nan,nan,nan,nan,nan,OFF
1786341353233331053,2026-08-10T12:55:53.233347,prediction,-0.122464,1.040000,0.056970,True,-0.116335,0.989976,0.053700,0.006129,0.050024,0.003270,22.79,10,-0.037398,1.276949,0.442744,0.000000,0.000000,0.000000,0.000000,0.000000,0.000000,nan,nan,nan,nan,nan,nan,OFF
1786341353260112216,2026-08-10T12:55:53.260130,prediction,-0.122237,1.033000,0.057280,True,-0.116219,0.990020,0.053677,0.006019,0.042980,0.003603,21.61,10,-0.037398,1.276949,0.442744,0.000000,0.000000,0.000000,0.000000,0.000000,0.000000,nan,nan,nan,nan,nan,nan,OFF
1786341353291300349,2026-08-10T12:55:53.291324,prediction,-0.122237,1.033000,0.057280,True,-0.116101,0.989971,0.053681,0.006137,0.043029,0.003599,20.67,10,-0.037398,1.276949,0.442744,0.000000,0.000000,0.000000,0.000000,0.000000,0.000000,nan,nan,nan,nan,nan,nan,OFF
1786341353320897091,2026-08-10T12:55:53.320914,prediction,-0.122302,1.035000,0.057192,True,-0.115990,0.989851,0.053691,0.006312,0.045149,0.003500,21.58,10,-0.037904,1.276793,0.444256,0.000000,0.000000,0.000000,0.000000,0.000000,0.000000,nan,nan,nan,nan,nan,nan,OFF
1786341353360149899,2026-08-10T12:55:53.360162,prediction,-0.122172,1.031000,0.057369,True,-0.115879,0.989621,0.053716,0.006294,0.041379,0.003653,22.89,10,-0.037687,1.276931,0.443137,0.000000,0.000000,0.000000,0.000000,0.000000,0.000000,nan,nan,nan,nan,nan,nan,OFF
1786341353399252304,2026-08-10T12:55:53.399300,prediction,-0.122302,1.035000,0.057192,True,-0.115777,0.989429,0.053730,0.006525,0.045571,0.003461,22.19,10,-0.037687,1.276931,0.443137,0.000000,0.000000,0.000000,0.000000,0.000000,0.000000,nan,nan,nan,nan,nan,nan,OFF
1786341353432608995,2026-08-10T12:55:53.432652,prediction,-0.122302,1.035000,0.055345,True,-0.115675,0.989280,0.053688,0.006627,0.045720,0.001656,22.70,10,-0.038234,1.276916,0.442403,0.000000,0.000000,0.000000,0.000000,0.000000,0.000000,nan,nan,nan,nan,nan,nan,OFF
1786341353460570083,2026-08-10T12:55:53.460609,prediction,-0.122302,1.035000,0.057192,True,-0.115629,0.989149,0.053674,0.006673,0.045851,0.003518,22.75,10,-0.038234,1.276916,0.442403,0.000000,0.000000,0.000000,0.000000,0.000000,0.000000,nan,nan,nan,nan,nan,nan,OFF
1786341353493102520,2026-08-10T12:55:53.493119,prediction,-0.122237,1.033000,0.057280,True,-0.115613,0.989027,0.053670,0.006624,0.043973,0.003610,20.49,10,-0.037782,1.276800,0.443674,0.000000,0.000000,0.000000,0.000000,0.000000,0.000000,nan,nan,nan,nan,nan,nan,OFF
1786341353527936317,2026-08-10T12:55:53.527961,prediction,-0.122237,1.033000,0.057280,True,-0.115611,0.988837,0.053680,0.006626,0.044163,0.003600,21.96,10,-0.037782,1.276800,0.443674,0.000000,0.000000,0.000000,0.000000,0.000000,0.000000,nan,nan,nan,nan,nan,nan,OFF
1786341353558423518,2026-08-10T12:55:53.558438,prediction,-0.122172,1.031000,0.057369,True,-0.115615,0.988636,0.053697,0.006557,0.042364,0.003672,21.09,10,-0.037782,1.276800,0.443674,0.000000,0.000000,0.000000,0.000000,0.000000,0.000000,nan,nan,nan,nan,nan,nan,OFF
1786341353594291704,2026-08-10T12:55:53.594304,prediction,-0.122237,1.033000,0.057280,True,-0.115629,0.988432,0.053708,0.006609,0.044568,0.003572,20.99,10,-0.038322,1.276740,0.442959,0.000000,0.000000,0.000000,0.000000,0.000000,0.000000,nan,nan,nan,nan,nan,nan,OFF
1786341353634659735,2026-08-10T12:55:53.634677,prediction,-0.122237,1.033000,0.057280,True,-0.115640,0.988230,0.053726,0.006598,0.044770,0.003555,24.04,10,-0.038694,1.276179,0.443010,0.000000,0.000000,0.000000,0.000000,0.000000,0.000000,nan,nan,nan,nan,nan,nan,OFF
1786341353665007313,2026-08-10T12:55:53.665023,prediction,-0.122172,1.031000,0.059223,True,-0.115647,0.988117,0.053797,0.006526,0.042883,0.005426,23.49,10,-0.038694,1.276179,0.443010,0.000000,0.000000,0.000000,0.000000,0.000000,0.000000,nan,nan,nan,nan,nan,nan,OFF
1786341353697047371,2026-08-10T12:55:53.697068,prediction,-0.124084,1.033000,0.059131,True,-0.115711,0.987930,0.053902,0.008373,0.045070,0.005228,23.35,10,-0.038006,1.277165,0.442860,0.000000,0.000000,0.000000,0.000000,0.000000,0.000000,nan,nan,nan,nan,nan,nan,OFF
1786341353730854502,2026-08-10T12:55:53.730871,prediction,-0.124023,1.031000,0.059223,True,-0.115805,0.987646,0.054029,0.008217,0.043354,0.005194,27.09,10,-0.038006,1.277165,0.442860,0.000000,0.000000,0.000000,0.000000,0.000000,0.000000,nan,nan,nan,nan,nan,nan,OFF
1786341353763751577,2026-08-10T12:55:53.763770,prediction,-0.122172,1.031000,0.059223,True,-0.115862,0.987310,0.054158,0.006310,0.043690,0.005065,24.85,10,-0.038502,1.276280,0.442985,0.000000,0.000000,0.000000,0.000000,0.000000,0.000000,nan,nan,nan,nan,nan,nan,OFF
1786341353792869516,2026-08-10T12:55:53.792885,prediction,-0.122302,1.035000,0.059039,True,-0.115898,0.987073,0.054280,0.006404,0.047927,0.004758,23.00,10,-0.038502,1.276280,0.442985,0.000000,0.000000,0.000000,0.000000,0.000000,0.000000,nan,nan,nan,nan,nan,nan,OFF
1786341353829568038,2026-08-10T12:55:53.829598,prediction,-0.122237,1.033000,0.060981,True,-0.115913,0.986948,0.054462,0.006324,0.046052,0.006519,22.48,10,-0.038904,1.274969,0.443262,0.000000,0.000000,0.000000,0.000000,0.000000,0.000000,nan,nan,nan,nan,nan,nan,OFF
1786341353865547865,2026-08-10T12:55:53.865563,prediction,-0.121978,1.025000,0.061363,True,-0.115912,0.986891,0.054681,0.006066,0.038109,0.006682,24.76,10,-0.038904,1.274969,0.443262,0.000000,0.000000,0.000000,0.000000,0.000000,0.000000,nan,nan,nan,nan,nan,nan,OFF
1786341353893146099,2026-08-10T12:55:53.893160,prediction,-0.123899,1.027000,0.061267,True,-0.115969,0.986714,0.054920,0.007931,0.040286,0.006348,21.51,10,-0.038452,1.275679,0.443184,0.000000,0.000000,0.000000,0.000000,0.000000,0.000000,nan,nan,nan,nan,nan,nan,OFF
1786341353930772060,2026-08-10T12:55:53.930791,prediction,-0.123899,1.027000,0.061267,True,-0.116053,0.986443,0.055226,0.007846,0.040557,0.006042,24.82,10,-0.038452,1.275679,0.443184,0.000000,0.000000,0.000000,0.000000,0.000000,0.000000,nan,nan,nan,nan,nan,nan,OFF
1786341353969415769,2026-08-10T12:55:53.969432,prediction,-0.121913,1.023000,0.061458,True,-0.116089,0.986129,0.055518,0.005824,0.036871,0.005941,23.71,10,-0.038452,1.275679,0.443184,0.000000,0.000000,0.000000,0.000000,0.000000,0.000000,nan,nan,nan,nan,nan,nan,OFF
1786341353996328812,2026-08-10T12:55:53.996349,prediction,-0.123776,1.023000,0.061458,True,-0.116169,0.985711,0.055796,0.007607,0.037289,0.005663,21.10,10,-0.038452,1.275679,0.443184,0.000000,0.000000,0.000000,0.000000,0.000000,0.000000,nan,nan,nan,nan,nan,nan,OFF
1786341354030796554,2026-08-10T12:55:54.030820,prediction,-0.123838,1.025000,0.061363,True,-0.116273,0.985265,0.056062,0.007565,0.039735,0.005301,23.38,10,-0.038685,1.272753,0.444573,0.000000,0.000000,0.000000,0.000000,0.000000,0.000000,nan,nan,nan,nan,nan,nan,OFF
1786341354065469132,2026-08-10T12:55:54.065486,prediction,-0.123776,1.023000,0.059591,True,-0.116392,0.984813,0.056263,0.007384,0.038187,0.003328,27.67,10,-0.038685,1.272753,0.444573,0.000000,0.000000,0.000000,0.000000,0.000000,0.000000,nan,nan,nan,nan,nan,nan,OFF
1786341354104020682,2026-08-10T12:55:54.104040,prediction,-0.125698,1.025000,0.059499,True,-0.116576,0.984389,0.056425,0.009122,0.040611,0.003074,27.74,10,-0.038432,1.274278,0.443965,0.000000,0.000000,0.000000,0.000000,0.000000,0.000000,nan,nan,nan,nan,nan,nan,OFF
1786341354133940730,2026-08-10T12:55:54.133954,prediction,-0.125523,1.019000,0.061649,True,-0.116784,0.983950,0.056635,0.008739,0.035050,0.005014,25.95,10,-0.038432,1.274278,0.443965,0.000000,0.000000,0.000000,0.000000,0.000000,0.000000,nan,nan,nan,nan,nan,nan,OFF
1786341354159751371,2026-08-10T12:55:54.159765,prediction,-0.125581,1.021000,0.061554,True,-0.117013,0.983463,0.056807,0.008569,0.037537,0.004746,22.55,10,-0.038069,1.272934,0.444942,0.000000,0.000000,0.000000,0.000000,0.000000,0.000000,nan,nan,nan,nan,nan,nan,OFF
1786341354202013066,2026-08-10T12:55:54.202031,prediction,-0.127668,1.029000,0.059315,True,-0.117194,0.982955,0.056904,0.010474,0.046045,0.002411,25.75,10,-0.038069,1.272934,0.444942,0.000000,0.000000,0.000000,0.000000,0.000000,0.000000,nan,nan,nan,nan,nan,nan,OFF
1786341354225196714,2026-08-10T12:55:54.225214,prediction,-0.127668,1.029000,0.059315,True,-0.117414,0.982501,0.056947,0.010254,0.046499,0.002368,22.55,10,-0.038069,1.272934,0.444942,0.000000,0.000000,0.000000,0.000000,0.000000,0.000000,nan,nan,nan,nan,nan,nan,OFF
1786341354257343560,2026-08-10T12:55:54.257361,prediction,-0.127393,1.019000,0.059776,True,-0.117704,0.982081,0.056974,0.009689,0.036919,0.002802,22.43,10,-0.038102,1.273176,0.444741,0.000000,0.000000,0.000000,0.000000,0.000000,0.000000,nan,nan,nan,nan,nan,nan,OFF
1786341354292860980,2026-08-10T12:55:54.292877,prediction,-0.127338,1.017000,0.061744,True,-0.118021,0.981604,0.057063,0.009317,0.035396,0.004681,20.98,10,-0.038102,1.273176,0.444741,0.000000,0.000000,0.000000,0.000000,0.000000,0.000000,nan,nan,nan,nan,nan,nan,OFF
1786341354334998882,2026-08-10T12:55:54.335046,prediction,-0.125407,1.015000,0.061840,True,-0.118299,0.981019,0.057133,0.007108,0.033981,0.004707,27.82,10,-0.038102,1.273176,0.444741,0.000000,0.000000,0.000000,0.000000,0.000000,0.000000,nan,nan,nan,nan,nan,nan,OFF
1786341354376807994,2026-08-10T12:55:54.376827,prediction,-0.125407,1.015000,0.061840,True,-0.118567,0.980322,0.057181,0.006840,0.034679,0.004659,34.36,10,-0.036796,1.269795,0.446577,0.000000,0.000000,0.000000,0.000000,0.000000,0.000000,nan,nan,nan,nan,nan,nan,OFF
1786341354425803655,2026-08-10T12:55:54.425830,prediction,-0.125290,1.011000,0.062031,True,-0.118759,0.979680,0.057229,0.006531,0.031320,0.004801,42.39,10,-0.036796,1.269795,0.446577,0.000000,0.000000,0.000000,0.000000,0.000000,0.000000,nan,nan,nan,nan,nan,nan,OFF
1786341354453353464,2026-08-10T12:55:54.453367,prediction,-0.125290,1.011000,0.062031,True,-0.118916,0.979014,0.057279,0.006374,0.031986,0.004752,26.82,10,-0.036796,1.269795,0.446577,0.000000,0.000000,0.000000,0.000000,0.000000,0.000000,nan,nan,nan,nan,nan,nan,OFF
1786341354480645036,2026-08-10T12:55:54.480665,prediction,-0.125086,1.004000,0.066161,True,-0.119110,0.978313,0.057452,0.005976,0.025687,0.008709,23.47,10,-0.036796,1.269795,0.446577,0.000000,0.000000,0.000000,0.000000,0.000000,0.000000,nan,nan,nan,nan,nan,nan,OFF
1786341354510312187,2026-08-10T12:55:54.510328,prediction,-0.124970,1.000000,0.066365,True,-0.119261,0.977543,0.057702,0.005709,0.022457,0.008664,23.68,10,-0.036633,1.270031,0.445155,0.000000,0.000000,0.000000,0.000000,0.000000,0.000000,nan,nan,nan,nan,nan,nan,OFF
1786341354536966869,2026-08-10T12:55:54.536987,prediction,-0.126734,0.995000,0.066620,True,-0.119449,0.976642,0.058001,0.007285,0.018358,0.008619,23.01,10,-0.036633,1.270031,0.445155,0.000000,0.000000,0.000000,0.000000,0.000000,0.000000,nan,nan,nan,nan,nan,nan,OFF
1786341354569326145,2026-08-10T12:55:54.569347,prediction,-0.130456,0.991000,0.066824,True,-0.119784,0.975544,0.058384,0.010671,0.015456,0.008440,24.33,10,-0.036343,1.268967,0.446068,0.000000,0.000000,0.000000,0.000000,0.000000,0.000000,nan,nan,nan,nan,nan,nan,OFF
1786341354600111404,2026-08-10T12:55:54.600174,prediction,-0.131967,0.973000,0.065793,True,-0.120192,0.974214,0.058784,0.011775,0.001214,0.007009,22.99,10,-0.036343,1.268967,0.446068,0.000000,0.000000,0.000000,0.000000,0.000000,0.000000,nan,nan,nan,nan,nan,nan,OFF
1786341354626299877,2026-08-10T12:55:54.626321,prediction,-0.133683,0.962000,0.062401,True,-0.120724,0.972431,0.059016,0.012959,0.010431,0.003385,21.24,10,-0.035603,1.266882,0.447076,0.000000,0.000000,0.000000,0.000000,0.000000,0.000000,nan,nan,nan,nan,nan,nan,OFF
1786341354664982465,2026-08-10T12:55:54.665006,prediction,-0.136450,0.896000,0.052981,True,-0.121432,0.970178,0.058860,0.015019,0.074178,0.005880,23.35,10,-0.035603,1.266882,0.447076,0.000000,0.000000,0.000000,0.000000,0.000000,0.000000,nan,nan,nan,nan,nan,nan,OFF
1786341354695453191,2026-08-10T12:55:54.695468,prediction,-0.145070,0.926000,0.035680,True,-0.122564,0.966917,0.058003,0.022506,0.040917,0.022324,21.89,10,-0.034955,1.265508,0.446646,0.000000,0.000000,0.000000,0.000000,0.000000,0.000000,nan,nan,nan,nan,nan,nan,OFF
1786341354730484475,2026-08-10T12:55:54.730510,prediction,-0.153119,0.916000,0.011385,True,-0.124152,0.962749,0.056001,0.028967,0.046749,0.044616,21.91,10,-0.034955,1.265508,0.446646,0.000000,0.000000,0.000000,0.000000,0.000000,0.000000,nan,nan,nan,nan,nan,nan,OFF
1786341354765262060,2026-08-10T12:55:54.765280,prediction,-0.159242,0.909000,-0.017365,True,-0.126209,0.958031,0.052449,0.033033,0.049031,0.069814,23.45,10,-0.034178,1.263514,0.447223,0.000000,0.000000,0.000000,0.000000,0.000000,0.000000,nan,nan,nan,nan,nan,nan,OFF
1786341354796339700,2026-08-10T12:55:54.796357,prediction,-0.159256,0.885000,-0.038794,True,-0.128519,0.952956,0.047328,0.030736,0.067955,0.086122,23.74,10,-0.034178,1.263514,0.447223,0.000000,0.000000,0.000000,0.000000,0.000000,0.000000,nan,nan,nan,nan,nan,nan,OFF
1786341354832867065,2026-08-10T12:55:54.832905,prediction,-0.157142,0.864000,-0.050209,True,-0.130961,0.947196,0.041019,0.026181,0.083196,0.091228,24.44,10,-0.032998,1.261076,0.445662,0.000000,0.000000,0.000000,0.000000,0.000000,0.000000,nan,nan,nan,nan,nan,nan,OFF
1786341354863296082,2026-08-10T12:55:54.863313,prediction,-0.157127,0.850000,-0.078821,True,-0.133488,0.940529,0.033190,0.023638,0.090529,0.112011,23.08,10,-0.032998,1.261076,0.445662,0.000000,0.000000,0.000000,0.000000,0.000000,0.000000,nan,nan,nan,nan,nan,nan,OFF
1786341354895137292,2026-08-10T12:55:54.895152,prediction,-0.150585,0.834000,-0.095135,True,-0.135838,0.932917,0.024054,0.014747,0.098917,0.119189,21.77,10,-0.031445,1.257678,0.443286,0.000000,0.000000,0.000000,0.000000,0.000000,0.000000,nan,nan,nan,nan,nan,nan,OFF
1786341354922941782,2026-08-10T12:55:54.922958,prediction,-0.141595,0.811000,-0.108011,True,-0.137772,0.924372,0.014054,0.003823,0.113372,0.122065,20.30,10,-0.031445,1.257678,0.443286,0.000000,0.000000,0.000000,0.000000,0.000000,0.000000,nan,nan,nan,nan,nan,nan,OFF
1786341354958925871,2026-08-10T12:55:54.958942,prediction,-0.123195,0.784000,-0.117121,True,-0.138855,0.914648,0.004054,0.015660,0.130648,0.121175,22.78,10,-0.029659,1.253529,0.439480,0.000000,0.000000,0.000000,0.000000,0.000000,0.000000,nan,nan,nan,nan,nan,nan,OFF
1786341354994573978,2026-08-10T12:55:54.994595,prediction,-0.109080,0.768000,-0.132307,True,-0.138992,0.904648,-0.005946,0.029912,0.136648,0.126361,21.59,10,-0.029659,1.253529,0.439480,0.000000,0.000000,0.000000,0.000000,0.000000,0.000000,nan,nan,nan,nan,nan,nan,OFF
1786341355023769798,2026-08-10T12:55:55.023782,prediction,-0.090174,0.755000,-0.140548,True,-0.137882,0.894648,-0.015946,0.047708,0.139648,0.124602,20.30,10,-0.029659,1.253529,0.439480,0.000000,0.000000,0.000000,0.000000,0.000000,0.000000,nan,nan,nan,nan,nan,nan,OFF
1786341355061707596,2026-08-10T12:55:55.061731,prediction,-0.069746,0.723000,-0.139213,True,-0.135237,0.884648,-0.025946,0.065492,0.161648,0.113267,26.70,10,-0.027791,1.248321,0.434228,0.000000,0.000000,0.000000,0.000000,0.000000,0.000000,nan,nan,nan,nan,nan,nan,OFF
1786341355095101699,2026-08-10T12:55:55.095120,prediction,-0.053367,0.692000,-0.149636,True,-0.131135,0.874648,-0.035946,0.077769,0.182648,0.113690,24.93,10,-0.026087,1.241818,0.427461,0.000000,0.000000,0.000000,0.000000,0.000000,0.000000,nan,nan,nan,nan,nan,nan,OFF
1786341355131824307,2026-08-10T12:55:55.131844,prediction,-0.043731,0.692000,-0.147222,True,-0.125845,0.864648,-0.045946,0.082115,0.172648,0.101276,28.13,10,-0.026087,1.241818,0.427461,0.000000,0.000000,0.000000,0.000000,0.000000,0.000000,nan,nan,nan,nan,nan,nan,OFF
1786341355166510435,2026-08-10T12:55:55.166560,prediction,-0.038339,0.685000,-0.150389,True,-0.119641,0.854648,-0.055946,0.081301,0.169648,0.094443,24.93,10,-0.026087,1.241818,0.427461,0.000000,0.000000,0.000000,0.000000,0.000000,0.000000,nan,nan,nan,nan,nan,nan,OFF
1786341355193271013,2026-08-10T12:55:55.193284,prediction,-0.036253,0.689000,-0.149958,True,-0.112601,0.844648,-0.065946,0.076348,0.155648,0.084013,19.62,10,-0.026087,1.241818,0.427461,0.000000,0.000000,0.000000,0.000000,0.000000,0.000000,nan,nan,nan,nan,nan,nan,OFF
1786341355225678476,2026-08-10T12:55:55.225697,prediction,-0.035334,0.678000,-0.146268,True,-0.104856,0.834648,-0.075946,0.069522,0.156648,0.070322,19.58,10,-0.025432,1.231601,0.416498,0.000000,0.000000,0.000000,0.000000,0.000000,0.000000,nan,nan,nan,nan,nan,nan,OFF
1786341355259761888,2026-08-10T12:55:55.259785,prediction,-0.037766,0.678000,-0.146268,True,-0.096674,0.824648,-0.085946,0.058908,0.146648,0.060322,21.84,10,-0.025432,1.231601,0.416498,0.000000,0.000000,0.000000,0.000000,0.000000,0.000000,nan,nan,nan,nan,nan,nan,OFF
1786341355295826375,2026-08-10T12:55:55.295847,prediction,-0.042080,0.671000,-0.149447,True,-0.088486,0.814648,-0.095946,0.046406,0.143648,0.053501,20.11,10,-0.025718,1.224813,0.409157,0.000000,0.000000,0.000000,0.000000,0.000000,0.000000,nan,nan,nan,nan,nan,nan,OFF
1786341355329429012,2026-08-10T12:55:55.329455,prediction,-0.043180,0.685000,-0.150389,True,-0.080481,0.804648,-0.105946,0.037300,0.119648,0.044443,22.29,10,-0.025718,1.224813,0.409157,0.000000,0.000000,0.000000,0.000000,0.000000,0.000000,nan,nan,nan,nan,nan,nan,OFF
1786341355362796534,2026-08-10T12:55:55.362815,prediction,-0.058185,0.692000,-0.149636,True,-0.073164,0.794648,-0.115946,0.014979,0.102648,0.033690,22.76,10,-0.026703,1.217983,0.401777,0.000000,0.000000,0.000000,0.000000,0.000000,0.000000,nan,nan,nan,nan,nan,nan,OFF
1786341355391438980,2026-08-10T12:55:55.391459,prediction,-0.075848,0.706000,-0.148130,True,-0.067091,0.784648,-0.124319,0.008757,0.078648,0.023811,20.57,10,-0.026703,1.217983,0.401777,0.000000,0.000000,0.000000,0.000000,0.000000,0.000000,nan,nan,nan,nan,nan,nan,OFF
1786341355427748198,2026-08-10T12:55:55.427765,prediction,-0.090636,0.716000,-0.144680,True,-0.062509,0.774648,-0.129049,0.028128,0.058648,0.015631,22.99,10,-0.028276,1.211308,0.394648,0.000000,0.000000,0.000000,0.000000,0.000000,0.000000,nan,nan,nan,nan,nan,nan,OFF
1786341355471804210,2026-08-10T12:55:55.471818,prediction,-0.112707,0.739000,-0.139907,True,-0.059653,0.764648,-0.131752,0.053054,0.025648,0.008155,31.49,10,-0.028276,1.211308,0.394648,0.000000,0.000000,0.000000,0.000000,0.000000,0.000000,nan,nan,nan,nan,nan,nan,OFF
1786341355495674229,2026-08-10T12:55:55.495694,prediction,-0.112707,0.739000,-0.139907,True,-0.058608,0.754648,-0.132916,0.054099,0.015648,0.006991,22.55,10,-0.030381,1.204488,0.387590,0.000000,0.000000,0.000000,0.000000,0.000000,0.000000,nan,nan,nan,nan,nan,nan,OFF
1786341355530513947,2026-08-10T12:55:55.530534,prediction,-0.115162,0.743000,-0.137161,True,-0.059217,0.744648,-0.133043,0.055945,0.001648,0.004118,23.86,10,-0.030381,1.204488,0.387590,0.000000,0.000000,0.000000,0.000000,0.000000,0.000000,nan,nan,nan,nan,nan,nan,OFF
1786341355566476111,2026-08-10T12:55:55.566524,prediction,-0.120059,0.752000,-0.129293,True,-0.061507,0.734648,-0.132526,0.058551,0.017352,0.003233,25.28,10,-0.032850,1.197588,0.380785,0.000000,0.000000,0.000000,0.000000,0.000000,0.000000,nan,nan,nan,nan,nan,nan,OFF
1786341355594785499,2026-08-10T12:55:55.594798,prediction,-0.122446,0.755000,-0.126691,True,-0.065275,0.724648,-0.131359,0.057171,0.030352,0.004669,23.68,10,-0.032850,1.197588,0.380785,0.000000,0.000000,0.000000,0.000000,0.000000,0.000000,nan,nan,nan,nan,nan,nan,OFF
1786341355629765371,2026-08-10T12:55:55.629782,prediction,-0.122937,0.774000,-0.122588,True,-0.070108,0.714648,-0.129841,0.052829,0.059352,0.007253,22.50,10,-0.035512,1.190555,0.374276,0.000000,0.000000,0.000000,0.000000,0.000000,0.000000,nan,nan,nan,nan,nan,nan,OFF
1786341355660777123,2026-08-10T12:55:55.660796,prediction,-0.124848,0.759000,-0.124004,True,-0.075672,0.708947,-0.128144,0.049176,0.050053,0.004140,23.58,10,-0.035512,1.190555,0.374276,0.000000,0.000000,0.000000,0.000000,0.000000,0.000000,nan,nan,nan,nan,nan,nan,OFF
1786341355697106640,2026-08-10T12:55:55.697144,prediction,-0.125211,0.774000,-0.122588,True,-0.081636,0.709006,-0.126357,0.043575,0.064994,0.003769,23.39,10,-0.038234,1.183210,0.367989,0.000000,0.000000,0.000000,0.000000,0.000000,0.000000,nan,nan,nan,nan,nan,nan,OFF
1786341355734132249,2026-08-10T12:55:55.734150,prediction,-0.124993,0.765000,-0.123437,True,-0.087756,0.711800,-0.124691,0.037237,0.053201,0.001253,25.57,10,-0.038234,1.183210,0.367989,0.000000,0.000000,0.000000,0.000000,0.000000,0.000000,nan,nan,nan,nan,nan,nan,OFF
1786341355768048977,2026-08-10T12:55:55.768068,prediction,-0.125283,0.777000,-0.124578,True,-0.093830,0.716277,-0.123137,0.031453,0.060723,0.001442,23.45,10,-0.040824,1.175611,0.362016,0.000000,0.000000,0.000000,0.000000,0.000000,0.000000,nan,nan,nan,nan,nan,nan,OFF
1786341355797616607,2026-08-10T12:55:55.797637,prediction,-0.122782,0.768000,-0.127730,True,-0.099592,0.721443,-0.121663,0.023190,0.046557,0.006067,21.03,10,-0.040824,1.175611,0.362016,0.000000,0.000000,0.000000,0.000000,0.000000,0.000000,nan,nan,nan,nan,nan,nan,OFF
1786341355825193112,2026-08-10T12:55:55.825208,prediction,-0.122627,0.762000,-0.137509,True,-0.105098,0.726836,-0.120490,0.017529,0.035164,0.017019,21.00,10,-0.043151,1.167778,0.356335,0.000000,0.000000,0.000000,0.000000,0.000000,0.000000,nan,nan,nan,nan,nan,nan,OFF
1786341355857010463,2026-08-10T12:55:55.857029,prediction,-0.120938,0.784000,-0.144261,True,-0.109857,0.732081,-0.119702,0.011081,0.051919,0.024559,21.51,10,-0.043151,1.167778,0.356335,0.000000,0.000000,0.000000,0.000000,0.000000,0.000000,nan,nan,nan,nan,nan,nan,OFF
1786341355892558346,2026-08-10T12:55:55.892573,prediction,-0.111568,0.774000,-0.154483,True,-0.113273,0.737118,-0.119459,0.001705,0.036882,0.035024,19.28,10,-0.045136,1.159599,0.350834,0.000000,0.000000,0.000000,0.000000,0.000000,0.000000,nan,nan,nan,nan,nan,nan,OFF
1786341355923547756,2026-08-10T12:55:55.923560,prediction,-0.095241,0.765000,-0.160127,True,-0.114921,0.741634,-0.119778,0.019680,0.023366,0.040348,20.13,10,-0.045136,1.159599,0.350834,0.000000,0.000000,0.000000,0.000000,0.000000,0.000000,nan,nan,nan,nan,nan,nan,OFF
1786341355958656090,2026-08-10T12:55:55.958697,prediction,-0.080066,0.739000,-0.163267,True,-0.114835,0.745497,-0.120470,0.034769,0.006497,0.042797,20.05,10,-0.045136,1.159599,0.350834,0.000000,0.000000,0.000000,0.000000,0.000000,0.000000,nan,nan,nan,nan,nan,nan,OFF
1786341355990359967,2026-08-10T12:55:55.990377,prediction,-0.075402,0.739000,-0.163267,True,-0.113270,0.748088,-0.121529,0.037867,0.009087,0.041739,19.06,10,-0.046658,1.151243,0.345586,0.000000,0.000000,0.000000,0.000000,0.000000,0.000000,nan,nan,nan,nan,nan,nan,OFF
1786341356024797063,2026-08-10T12:55:56.024827,prediction,-0.070553,0.736000,-0.165971,True,-0.110714,0.749244,-0.122933,0.040161,0.013243,0.043038,18.61,10,-0.046658,1.151243,0.345586,0.000000,0.000000,0.000000,0.000000,0.000000,0.000000,nan,nan,nan,nan,nan,nan,OFF
1786341356062346154,2026-08-10T12:55:56.062406,prediction,-0.070181,0.730000,-0.169056,True,-0.107493,0.749309,-0.124802,0.037312,0.019309,0.044254,19.71,10,-0.047702,1.142741,0.340497,0.000000,0.000000,0.000000,0.000000,0.000000,0.000000,nan,nan,nan,nan,nan,nan,OFF
1786341356102852319,2026-08-10T12:55:56.102881,prediction,-0.066495,0.709000,-0.174048,True,-0.103756,0.748363,-0.127106,0.037261,0.039363,0.046943,25.04,10,-0.048320,1.134086,0.335419,0.000000,0.000000,0.000000,0.000000,0.000000,0.000000,nan,nan,nan,nan,nan,nan,OFF
1786341356128253641,2026-08-10T12:55:56.128294,prediction,-0.066113,0.703000,-0.179594,True,-0.099763,0.746186,-0.129882,0.033650,0.043186,0.049712,20.90,10,-0.048320,1.134086,0.335419,0.000000,0.000000,0.000000,0.000000,0.000000,0.000000,nan,nan,nan,nan,nan,nan,OFF
1786341356160698831,2026-08-10T12:55:56.160716,prediction,-0.066113,0.703000,-0.177198,True,-0.095629,0.743040,-0.132773,0.029516,0.040040,0.044425,20.74,10,-0.048611,1.125465,0.330285,0.000000,0.000000,0.000000,0.000000,0.000000,0.000000,nan,nan,nan,nan,nan,nan,OFF
1786341356192843534,2026-08-10T12:55:56.192860,prediction,-0.066113,0.703000,-0.179594,True,-0.091459,0.738961,-0.135792,0.025346,0.035961,0.043802,22.13,10,-0.048611,1.125465,0.330285,0.000000,0.000000,0.000000,0.000000,0.000000,0.000000,nan,nan,nan,nan,nan,nan,OFF
1786341356228447518,2026-08-10T12:55:56.228478,prediction,-0.066304,0.706000,-0.179207,True,-0.087332,0.734588,-0.138790,0.021028,0.028588,0.040417,21.13,10,-0.048746,1.117075,0.325012,0.000000,0.000000,0.000000,0.000000,0.000000,0.000000,nan,nan,nan,nan,nan,nan,OFF
1786341356260129470,2026-08-10T12:55:56.260151,prediction,-0.066113,0.703000,-0.179594,True,-0.083240,0.729899,-0.141715,0.017127,0.026899,0.037879,20.57,10,-0.048746,1.117075,0.325012,0.000000,0.000000,0.000000,0.000000,0.000000,0.000000,nan,nan,nan,nan,nan,nan,OFF
1786341356293907522,2026-08-10T12:55:56.293923,prediction,-0.065412,0.692000,-0.178600,True,-0.079255,0.725205,-0.144442,0.013843,0.033205,0.034158,22.43,10,-0.048952,1.108747,0.319372,0.000000,0.000000,0.000000,0.000000,0.000000,0.000000,nan,nan,nan,nan,nan,nan,OFF
1786341356330710406,2026-08-10T12:55:56.330740,prediction,-0.068504,0.703000,-0.179594,True,-0.075458,0.720591,-0.146797,0.006954,0.017591,0.032796,20.53,10,-0.048952,1.108747,0.319372,0.000000,0.000000,0.000000,0.000000,0.000000,0.000000,nan,nan,nan,nan,nan,nan,OFF
1786341356361395278,2026-08-10T12:55:56.361412,prediction,-0.074050,0.716000,-0.177916,True,-0.072018,0.716078,-0.148713,0.002032,0.000078,0.029203,21.20,10,-0.049480,1.100705,0.313508,0.000000,0.000000,0.000000,0.000000,0.000000,0.000000,nan,nan,nan,nan,nan,nan,OFF
1786341356395282546,2026-08-10T12:55:56.395296,prediction,-0.074462,0.723000,-0.177013,True,-0.069108,0.711870,-0.150097,0.005353,0.011131,0.026916,20.27,10,-0.049480,1.100705,0.313508,0.000000,0.000000,0.000000,0.000000,0.000000,0.000000,nan,nan,nan,nan,nan,nan,OFF
1786341356425507941,2026-08-10T12:55:56.425524,prediction,-0.077563,0.736000,-0.175335,True,-0.067128,0.708094,-0.151011,0.010435,0.027906,0.024323,20.67,10,-0.050558,1.092861,0.307461,0.000000,0.000000,0.000000,0.000000,0.000000,0.000000,nan,nan,nan,nan,nan,nan,OFF
1786341356457514044,2026-08-10T12:55:56.457529,prediction,-0.077963,0.743000,-0.172102,True,-0.066154,0.705201,-0.151517,0.011809,0.037799,0.020585,20.01,10,-0.050558,1.092861,0.307461,0.000000,0.000000,0.000000,0.000000,0.000000,0.000000,nan,nan,nan,nan,nan,nan,OFF
1786341356492660425,2026-08-10T12:55:56.492675,prediction,-0.077963,0.743000,-0.174431,True,-0.065862,0.703720,-0.151858,0.012101,0.039280,0.022574,20.90,10,-0.052280,1.085074,0.301308,0.000000,0.000000,0.000000,0.000000,0.000000,0.000000,nan,nan,nan,nan,nan,nan,OFF
1786341356531404599,2026-08-10T12:55:56.531432,prediction,-0.078477,0.752000,-0.173270,True,-0.066090,0.703159,-0.152041,0.012387,0.048841,0.021229,24.47,10,-0.052280,1.085074,0.301308,0.000000,0.000000,0.000000,0.000000,0.000000,0.000000,nan,nan,nan,nan,nan,nan,OFF
1786341356561675640,2026-08-10T12:55:56.561692,prediction,-0.078477,0.752000,-0.175584,True,-0.066588,0.703388,-0.152143,0.011889,0.048612,0.023442,22.01,10,-0.054513,1.077452,0.295325,0.000000,0.000000,0.000000,0.000000,0.000000,0.000000,nan,nan,nan,nan,nan,nan,OFF
1786341356595259526,2026-08-10T12:55:56.595284,prediction,-0.078648,0.755000,-0.175192,True,-0.067340,0.704240,-0.152090,0.011308,0.050760,0.023102,22.76,10,-0.054513,1.077452,0.295325,0.000000,0.000000,0.000000,0.000000,0.000000,0.000000,nan,nan,nan,nan,nan,nan,OFF
1786341356627110165,2026-08-10T12:55:56.627138,prediction,-0.076931,0.765000,-0.176178,True,-0.068174,0.706055,-0.151845,0.008757,0.058945,0.024333,22.47,10,-0.057139,1.069801,0.289464,0.000000,0.000000,0.000000,0.000000,0.000000,0.000000,nan,nan,nan,nan,nan,nan,OFF
1786341356658078862,2026-08-10T12:55:56.658095,prediction,-0.074824,0.768000,-0.180357,True,-0.068959,0.708827,-0.151665,0.005865,0.059173,0.028692,19.38,10,-0.057139,1.069801,0.289464,0.000000,0.000000,0.000000,0.000000,0.000000,0.000000,nan,nan,nan,nan,nan,nan,OFF
1786341356691028573,2026-08-10T12:55:56.691046,prediction,-0.072354,0.765000,-0.185350,True,-0.069607,0.712130,-0.151599,0.002747,0.052870,0.033752,19.80,10,-0.057139,1.069801,0.289464,0.000000,0.000000,0.000000,0.000000,0.000000,0.000000,nan,nan,nan,nan,nan,nan,OFF
1786341356724522239,2026-08-10T12:55:56.724538,prediction,-0.070065,0.765000,-0.192230,True,-0.070071,0.715634,-0.151783,0.000006,0.049366,0.040447,18.78,10,-0.060023,1.062067,0.283734,0.000000,0.000000,0.000000,0.000000,0.000000,0.000000,nan,nan,nan,nan,nan,nan,OFF
1786341356756915060,2026-08-10T12:55:56.756930,prediction,-0.065488,0.765000,-0.194523,True,-0.070279,0.719184,-0.152149,0.004791,0.045817,0.042374,18.97,10,-0.060023,1.062067,0.283734,0.000000,0.000000,0.000000,0.000000,0.000000,0.000000,nan,nan,nan,nan,nan,nan,OFF
1786341356794257051,2026-08-10T12:55:56.794275,prediction,-0.062512,0.755000,-0.195979,True,-0.070270,0.722703,-0.152667,0.007757,0.032297,0.043312,19.27,10,-0.063029,1.054346,0.278170,0.000000,0.000000,0.000000,0.000000,0.000000,0.000000,nan,nan,nan,nan,nan,nan,OFF
1786341356831029467,2026-08-10T12:55:56.831084,prediction,-0.056112,0.762000,-0.194959,True,-0.069833,0.726106,-0.153210,0.013720,0.035894,0.041749,21.23,10,-0.066120,1.046616,0.272652,0.000000,0.000000,0.000000,0.000000,0.000000,0.000000,nan,nan,nan,nan,nan,nan,OFF
1786341356859062751,2026-08-10T12:55:56.859088,prediction,-0.056996,0.774000,-0.193212,True,-0.069026,0.729409,-0.153753,0.012030,0.044591,0.039459,18.59,10,-0.066120,1.046616,0.272652,0.000000,0.000000,0.000000,0.000000,0.000000,0.000000,nan,nan,nan,nan,nan,nan,OFF
1786341356894714605,2026-08-10T12:55:56.894764,prediction,-0.053292,0.755000,-0.193669,True,-0.067892,0.732307,-0.154328,0.014601,0.022693,0.039340,18.58,10,-0.069286,1.038914,0.267039,0.000000,0.000000,0.000000,0.000000,0.000000,0.000000,nan,nan,nan,nan,nan,nan,OFF
1786341356925712677,2026-08-10T12:55:56.925768,prediction,-0.050063,0.743000,-0.195396,True,-0.066384,0.734548,-0.155005,0.016320,0.008453,0.040391,18.11,10,-0.069286,1.038914,0.267039,0.000000,0.000000,0.000000,0.000000,0.000000,0.000000,nan,nan,nan,nan,nan,nan,OFF
1786341356961872118,2026-08-10T12:55:56.961889,prediction,-0.050986,0.755000,-0.193669,True,-0.064705,0.736037,-0.155774,0.013718,0.018963,0.037895,20.62,10,-0.072559,1.031401,0.261177,0.000000,0.000000,0.000000,0.000000,0.000000,0.000000,nan,nan,nan,nan,nan,nan,OFF
1786341356995988118,2026-08-10T12:55:56.996009,prediction,-0.050525,0.749000,-0.194532,True,-0.062931,0.736760,-0.156561,0.012406,0.012241,0.037972,22.98,10,-0.072559,1.031401,0.261177,0.000000,0.000000,0.000000,0.000000,0.000000,0.000000,nan,nan,nan,nan,nan,nan,OFF
1786341357025651180,2026-08-10T12:55:57.025665,prediction,-0.051525,0.762000,-0.192661,True,-0.061144,0.737180,-0.157324,0.009618,0.024820,0.035337,21.72,10,-0.076027,1.024512,0.254945,0.000000,0.000000,0.000000,0.000000,0.000000,0.000000,nan,nan,nan,nan,nan,nan,OFF
1786341357063224121,2026-08-10T12:55:57.063240,prediction,-0.050756,0.752000,-0.194101,True,-0.059334,0.737190,-0.158060,0.008579,0.014810,0.036041,19.85,10,-0.076027,1.024512,0.254945,0.000000,0.000000,0.000000,0.000000,0.000000,0.000000,nan,nan,nan,nan,nan,nan,OFF
1786341357100033563,2026-08-10T12:55:57.100052,prediction,-0.051756,0.765000,-0.192230,True,-0.057561,0.737211,-0.158731,0.005805,0.027789,0.033499,23.78,10,-0.080065,1.018643,0.247946,0.000000,0.000000,0.000000,0.000000,0.000000,0.000000,nan,nan,nan,nan,nan,nan,OFF
1786341357137066927,2026-08-10T12:55:57.137093,prediction,-0.053819,0.762000,-0.192661,True,-0.055942,0.737230,-0.159352,0.002124,0.024770,0.033309,27.36,10,-0.080065,1.018643,0.247946,0.000000,0.000000,0.000000,0.000000,0.000000,0.000000,nan,nan,nan,nan,nan,nan,OFF
1786341357164614240,2026-08-10T12:55:57.164630,prediction,-0.056333,0.765000,-0.192230,True,-0.054560,0.737120,-0.159849,0.001773,0.027880,0.032380,21.85,10,-0.084412,1.014965,0.241054,0.000000,0.000000,0.000000,0.000000,0.000000,0.000000,nan,nan,nan,nan,nan,nan,OFF
1786341357197035751,2026-08-10T12:55:57.197058,prediction,-0.065287,0.762000,-0.194959,True,-0.053672,0.736879,-0.160240,0.011615,0.025121,0.034720,24.10,10,-0.084412,1.014965,0.241054,0.000000,0.000000,0.000000,0.000000,0.000000,0.000000,nan,nan,nan,nan,nan,nan,OFF
1786341357228232544,2026-08-10T12:55:57.228249,prediction,-0.067384,0.759000,-0.195396,True,-0.053181,0.736611,-0.160431,0.014203,0.022389,0.034966,20.27,10,-0.088689,1.013365,0.234960,0.000000,0.000000,0.000000,0.000000,0.000000,0.000000,nan,nan,nan,nan,nan,nan,OFF
1786341357261982739,2026-08-10T12:55:57.262015,prediction,-0.070256,0.768000,-0.198662,True,-0.053131,0.736342,-0.160551,0.017126,0.031658,0.038112,21.02,10,-0.088689,1.013365,0.234960,0.000000,0.000000,0.000000,0.000000,0.000000,0.000000,nan,nan,nan,nan,nan,nan,OFF
1786341357295058874,2026-08-10T12:55:57.295076,prediction,-0.072540,0.768000,-0.203238,True,-0.053472,0.736212,-0.160712,0.019068,0.031788,0.042527,22.87,10,-0.092692,1.013620,0.230012,0.000000,0.000000,0.000000,0.000000,0.000000,0.000000,nan,nan,nan,nan,nan,nan,OFF
1786341357326809981,2026-08-10T12:55:57.326850,prediction,-0.072726,0.771000,-0.202782,True,-0.054218,0.736263,-0.160916,0.018508,0.034737,0.041865,21.16,10,-0.092692,1.013620,0.230012,0.000000,0.000000,0.000000,0.000000,0.000000,0.000000,nan,nan,nan,nan,nan,nan,OFF
1786341357358384766,2026-08-10T12:55:57.358401,prediction,-0.073099,0.777000,-0.201869,True,-0.055145,0.736492,-0.161166,0.017954,0.040508,0.040703,20.71,10,-0.092692,1.013620,0.230012,0.000000,0.000000,0.000000,0.000000,0.000000,0.000000,nan,nan,nan,nan,nan,nan,OFF
1786341357393025199,2026-08-10T12:55:57.393042,prediction,-0.073285,0.780000,-0.201412,True,-0.056277,0.736978,-0.161418,0.017008,0.043022,0.039994,21.15,10,-0.096074,1.015370,0.226631,0.000000,0.000000,0.000000,0.000000,0.000000,0.000000,nan,nan,nan,nan,nan,nan,OFF
1786341357431775960,2026-08-10T12:55:57.431791,prediction,-0.075791,0.784000,-0.203065,True,-0.057687,0.737868,-0.161661,0.018104,0.046132,0.041404,21.84,10,-0.098652,1.018242,0.224970,0.000000,0.000000,0.000000,0.000000,0.000000,0.000000,nan,nan,nan,nan,nan,nan,OFF
1786341357461300301,2026-08-10T12:55:57.461345,prediction,-0.075972,0.787000,-0.209374,True,-0.059189,0.739041,-0.162074,0.016783,0.047959,0.047299,20.28,10,-0.098652,1.018242,0.224970,0.000000,0.000000,0.000000,0.000000,0.000000,0.000000,nan,nan,nan,nan,nan,nan,OFF
1786341357495535981,2026-08-10T12:55:57.495568,prediction,-0.078401,0.790000,-0.208897,True,-0.060816,0.740592,-0.162531,0.017585,0.049408,0.046366,20.57,10,-0.100094,1.021693,0.225140,0.000000,0.000000,0.000000,0.000000,0.000000,0.000000,nan,nan,nan,nan,nan,nan,OFF
1786341357528051108,2026-08-10T12:55:57.528074,prediction,-0.078754,0.796000,-0.216912,True,-0.062456,0.742214,-0.163225,0.016298,0.053786,0.053687,19.84,10,-0.100094,1.021693,0.225140,0.000000,0.000000,0.000000,0.000000,0.000000,0.000000,nan,nan,nan,nan,nan,nan,OFF
1786341357559057502,2026-08-10T12:55:57.559074,prediction,-0.083277,0.836000,-0.229878,True,-0.064242,0.743965,-0.164272,0.019036,0.092035,0.065605,19.96,10,-0.099895,1.024679,0.226741,0.000000,0.000000,0.000000,0.000000,0.000000,0.000000,nan,nan,nan,nan,nan,nan,OFF
1786341357593072356,2026-08-10T12:55:57.593085,prediction,-0.085616,0.839000,-0.231508,True,-0.066131,0.746462,-0.165512,0.019484,0.092538,0.065996,18.28,10,-0.099895,1.024679,0.226741,0.000000,0.000000,0.000000,0.000000,0.000000,0.000000,nan,nan,nan,nan,nan,nan,OFF
1786341357632989686,2026-08-10T12:55:57.633004,prediction,-0.087170,0.867000,-0.226414,True,-0.068044,0.749543,-0.166684,0.019126,0.117457,0.059730,22.87,10,-0.097973,1.026306,0.228087,0.000000,0.000000,0.000000,0.000000,0.000000,0.000000,nan,nan,nan,nan,nan,nan,OFF
1786341357661764463,2026-08-10T12:55:57.661791,prediction,-0.088169,0.885000,-0.231518,True,-0.069902,0.753437,-0.167860,0.018267,0.131564,0.063658,19.27,10,-0.097973,1.026306,0.228087,0.000000,0.000000,0.000000,0.000000,0.000000,0.000000,nan,nan,nan,nan,nan,nan,OFF
1786341357690407773,2026-08-10T12:55:57.690424,prediction,-0.089057,0.901000,-0.228501,True,-0.071472,0.758310,-0.168834,0.017585,0.142690,0.059667,18.34,10,-0.097973,1.026306,0.228087,0.000000,0.000000,0.000000,0.000000,0.000000,0.000000,nan,nan,nan,nan,nan,nan,OFF
1786341357725803359,2026-08-10T12:55:57.725848,prediction,-0.089334,0.906000,-0.225499,True,-0.072833,0.764100,-0.169555,0.016501,0.141900,0.055943,18.17,10,-0.095204,1.027004,0.227592,0.000000,0.000000,0.000000,0.000000,0.000000,0.000000,nan,nan,nan,nan,nan,nan,OFF
1786341357759977865,2026-08-10T12:55:57.759992,prediction,-0.090722,0.931000,-0.230921,True,-0.074025,0.770438,-0.170133,0.016697,0.160562,0.060787,19.19,10,-0.092443,1.028918,0.225252,0.000000,0.000000,0.000000,0.000000,0.000000,0.000000,nan,nan,nan,nan,nan,nan,OFF
1786341357794142641,2026-08-10T12:55:57.794157,prediction,-0.091499,0.945000,-0.226193,True,-0.075087,0.777486,-0.170380,0.016411,0.167514,0.055813,20.95,10,-0.092443,1.028918,0.225252,0.000000,0.000000,0.000000,0.000000,0.000000,0.000000,nan,nan,nan,nan,nan,nan,OFF
1786341357830947835,2026-08-10T12:55:57.830971,prediction,-0.091665,0.948000,-0.225612,True,-0.076072,0.785171,-0.170388,0.015593,0.162829,0.055224,23.43,10,-0.089945,1.032522,0.224217,0.000000,0.000000,0.000000,0.000000,0.000000,0.000000,nan,nan,nan,nan,nan,nan,OFF
1786341357860272569,2026-08-10T12:55:57.860286,prediction,-0.092442,0.962000,-0.222904,True,-0.077018,0.793149,-0.170210,0.015424,0.168851,0.052693,19.97,10,-0.089945,1.032522,0.224217,0.000000,0.000000,0.000000,0.000000,0.000000,0.000000,nan,nan,nan,nan,nan,nan,OFF
1786341357896920506,2026-08-10T12:55:57.896941,prediction,-0.094621,0.966000,-0.222130,True,-0.077996,0.801337,-0.169898,0.016625,0.164663,0.052231,21.45,10,-0.087496,1.037330,0.223180,0.000000,0.000000,0.000000,0.000000,0.000000,0.000000,nan,nan,nan,nan,nan,nan,OFF
1786341357928679668,2026-08-10T12:55:57.928697,prediction,-0.099901,0.993000,-0.216905,True,-0.079073,0.809635,-0.169367,0.020828,0.183365,0.047538,19.96,10,-0.087496,1.037330,0.223180,0.000000,0.000000,0.000000,0.000000,0.000000,0.000000,nan,nan,nan,nan,nan,nan,OFF
1786341357961908511,2026-08-10T12:55:57.961926,prediction,-0.102694,1.011000,-0.220969,True,-0.080271,0.818362,-0.168614,0.022423,0.192638,0.052355,22.17,10,-0.085174,1.043360,0.222291,0.000000,0.000000,0.000000,0.000000,0.000000,0.000000,nan,nan,nan,nan,nan,nan,OFF
1786341357992090832,2026-08-10T12:55:57.992111,prediction,-0.106733,1.017000,-0.219768,True,-0.081557,0.827558,-0.167676,0.025177,0.189442,0.052092,19.33,10,-0.085174,1.043360,0.222291,0.000000,0.000000,0.000000,0.000000,0.000000,0.000000,nan,nan,nan,nan,nan,nan,OFF
1786341358031532520,2026-08-10T12:55:58.031551,prediction,-0.111157,1.033000,-0.220267,True,-0.082995,0.837046,-0.166469,0.028161,0.195954,0.053798,22.72,10,-0.082930,1.050675,0.221598,0.000000,0.000000,0.000000,0.000000,0.000000,0.000000,nan,nan,nan,nan,nan,nan,OFF
1786341358063777154,2026-08-10T12:55:58.063792,prediction,-0.115513,1.050000,-0.220454,True,-0.084498,0.846882,-0.164845,0.031016,0.203119,0.055609,21.67,10,-0.082930,1.050675,0.221598,0.000000,0.000000,0.000000,0.000000,0.000000,0.000000,nan,nan,nan,nan,nan,nan,OFF
1786341358094507162,2026-08-10T12:55:58.094520,prediction,-0.124761,1.055000,-0.219420,True,-0.086223,0.856756,-0.162995,0.038538,0.198244,0.056426,20.59,10,-0.080739,1.059323,0.221215,0.000000,0.000000,0.000000,0.000000,0.000000,0.000000,nan,nan,nan,nan,nan,nan,OFF
1786341358132072705,2026-08-10T12:55:58.132119,prediction,-0.130709,1.075000,-0.218848,True,-0.088153,0.866756,-0.161105,0.042556,0.208244,0.057743,22.92,10,-0.080739,1.059323,0.221215,0.000000,0.000000,0.000000,0.000000,0.000000,0.000000,nan,nan,nan,nan,nan,nan,OFF
1786341358158284898,2026-08-10T12:55:58.158305,prediction,-0.140053,1.101000,-0.218602,True,-0.090413,0.876756,-0.159112,0.049640,0.224244,0.059490,20.59,10,-0.080739,1.059323,0.221215,0.000000,0.000000,0.000000,0.000000,0.000000,0.000000,nan,nan,nan,nan,nan,nan,OFF
1786341358199910582,2026-08-10T12:55:58.199929,prediction,-0.146893,1.092000,-0.229301,True,-0.092949,0.886756,-0.157307,0.053944,0.205244,0.071993,20.91,10,-0.078638,1.069078,0.221284,0.000000,0.000000,0.000000,0.000000,0.000000,0.000000,nan,nan,nan,nan,nan,nan,OFF
1786341358226950807,2026-08-10T12:55:58.226971,prediction,-0.150392,1.092000,-0.236312,True,-0.095660,0.896756,-0.155813,0.054732,0.195244,0.080499,18.66,10,-0.076741,1.078846,0.221777,0.000000,0.000000,0.000000,0.000000,0.000000,0.000000,nan,nan,nan,nan,nan,nan,OFF
1786341358260890755,2026-08-10T12:55:58.260916,prediction,-0.160878,1.097000,-0.242141,True,-0.098669,0.906756,-0.154482,0.062209,0.190244,0.087659,19.57,10,-0.076741,1.078846,0.221777,0.000000,0.000000,0.000000,0.000000,0.000000,0.000000,nan,nan,nan,nan,nan,nan,OFF
1786341358291017317,2026-08-10T12:55:58.291036,prediction,-0.167763,1.106000,-0.262499,True,-0.101895,0.916756,-0.153686,0.065868,0.189244,0.108813,17.67,10,-0.076741,1.078846,0.221777,0.000000,0.000000,0.000000,0.000000,0.000000,0.000000,nan,nan,nan,nan,nan,nan,OFF
1786341358328320675,2026-08-10T12:55:58.328341,prediction,-0.171107,1.115000,-0.265323,True,-0.105239,0.926756,-0.153202,0.065868,0.188244,0.112121,20.24,10,-0.074874,1.088720,0.222573,0.000000,0.000000,0.000000,0.000000,0.000000,0.000000,nan,nan,nan,nan,nan,nan,OFF
1786341358361445186,2026-08-10T12:55:58.361461,prediction,-0.174161,1.139000,-0.284142,True,-0.108548,0.936756,-0.153170,0.065613,0.202244,0.130971,19.09,10,-0.072973,1.098451,0.223530,0.000000,0.000000,0.000000,0.000000,0.000000,0.000000,nan,nan,nan,nan,nan,nan,OFF
1786341358393386708,2026-08-10T12:55:58.393411,prediction,-0.190785,1.142000,-0.291630,True,-0.112068,0.946756,-0.155471,0.078717,0.195244,0.136159,18.41,10,-0.072973,1.098451,0.223530,0.000000,0.000000,0.000000,0.000000,0.000000,0.000000,nan,nan,nan,nan,nan,nan,OFF
1786341358426790566,2026-08-10T12:55:58.426804,prediction,-0.205461,1.149000,-0.284582,True,-0.115802,0.956756,-0.158878,0.089659,0.192244,0.125705,18.19,10,-0.070954,1.108158,0.224527,0.000000,0.000000,0.000000,0.000000,0.000000,0.000000,nan,nan,nan,nan,nan,nan,OFF
1786341358457341728,2026-08-10T12:55:58.457362,prediction,-0.225127,1.152000,-0.288671,True,-0.119940,0.966756,-0.162837,0.105188,0.185244,0.125833,17.77,10,-0.070954,1.108158,0.224527,0.000000,0.000000,0.000000,0.000000,0.000000,0.000000,nan,nan,nan,nan,nan,nan,OFF
1786341358497320578,2026-08-10T12:55:58.497337,prediction,-0.243029,1.155000,-0.309217,True,-0.124385,0.976756,-0.167799,0.118645,0.178244,0.141418,22.44,10,-0.068762,1.117922,0.225390,0.000000,0.000000,0.000000,0.000000,0.000000,0.000000,nan,nan,nan,nan,nan,nan,OFF
1786341358534899936,2026-08-10T12:55:58.534920,prediction,-0.268151,1.151000,-0.330351,True,-0.129166,0.986756,-0.173949,0.138985,0.164244,0.156402,24.48,10,-0.068762,1.117922,0.225390,0.000000,0.000000,0.000000,0.000000,0.000000,0.000000,nan,nan,nan,nan,nan,nan,OFF
1786341358565320792,2026-08-10T12:55:58.565337,prediction,-0.281001,1.154000,-0.334290,True,-0.134034,0.996756,-0.180819,0.146966,0.157244,0.153472,23.23,10,-0.066368,1.127704,0.225953,0.000000,0.000000,0.000000,0.000000,0.000000,0.000000,nan,nan,nan,nan,nan,nan,OFF
1786341358595272694,2026-08-10T12:55:58.595288,prediction,-0.285983,1.191000,-0.326398,True,-0.138640,1.006756,-0.187820,0.147343,0.184244,0.138578,21.35,10,-0.066368,1.127704,0.225953,0.000000,0.000000,0.000000,0.000000,0.000000,0.000000,nan,nan,nan,nan,nan,nan,OFF
1786341358628076341,2026-08-10T12:55:58.628094,prediction,-0.300653,1.199000,-0.325197,True,-0.142944,1.016756,-0.194865,0.157709,0.182244,0.130332,20.88,10,-0.063818,1.137231,0.226061,0.000000,0.000000,0.000000,0.000000,0.000000,0.000000,nan,nan,nan,nan,nan,nan,OFF
1786341358664647780,2026-08-10T12:55:58.664663,prediction,-0.303960,1.228000,-0.322723,True,-0.146713,1.026756,-0.201858,0.157246,0.201244,0.120864,22.97,10,-0.063818,1.137231,0.226061,0.000000,0.000000,0.000000,0.000000,0.000000,0.000000,nan,nan,nan,nan,nan,nan,OFF
1786341358697000908,2026-08-10T12:55:58.697018,prediction,-0.311130,1.212000,-0.326881,True,-0.149989,1.036756,-0.208608,0.161141,0.175244,0.118273,22.44,10,-0.061027,1.146876,0.225624,0.000000,0.000000,0.000000,0.000000,0.000000,0.000000,nan,nan,nan,nan,nan,nan,OFF
1786341358731495151,2026-08-10T12:55:58.731512,prediction,-0.313278,1.227000,-0.320020,True,-0.155077,1.046756,-0.214773,0.158201,0.180244,0.105247,21.31,10,-0.061027,1.146876,0.225624,0.000000,0.000000,0.000000,0.000000,0.000000,0.000000,nan,nan,nan,nan,nan,nan,OFF
1786341358771198512,2026-08-10T12:55:58.771234,prediction,-0.321908,1.230000,-0.309810,True,-0.162988,1.056756,-0.220111,0.158920,0.173244,0.089699,29.49,10,-0.058096,1.156380,0.224607,0.000000,0.000000,0.000000,0.000000,0.000000,0.000000,nan,nan,nan,nan,nan,nan,OFF
1786341358871084904,2026-08-10T12:55:58.871104,prediction,-0.344867,1.190000,-0.321972,True,-0.172848,1.066756,-0.224762,0.172019,0.123244,0.097210,26.29,10,-0.055088,1.165785,0.223304,0.000000,0.000000,0.000000,0.000000,0.000000,0.000000,nan,nan,nan,nan,nan,nan,OFF
1786341358893818190,2026-08-10T12:55:58.893833,prediction,-0.346157,1.175000,-0.340030,True,-0.182848,1.076756,-0.229578,0.163309,0.098244,0.110452,19.72,10,-0.051943,1.175189,0.221703,0.000000,0.000000,0.000000,0.000000,0.000000,0.000000,nan,nan,nan,nan,nan,nan,OFF
1786341358925903995,2026-08-10T12:55:58.925916,prediction,-0.356111,1.149000,-0.350929,True,-0.192848,1.086756,-0.234212,0.163263,0.062244,0.116717,21.07,10,-0.051943,1.175189,0.221703,0.000000,0.000000,0.000000,0.000000,0.000000,0.000000,nan,nan,nan,nan,nan,nan,OFF
1786341358957995058,2026-08-10T12:55:58.958017,prediction,-0.364735,1.171000,-0.343074,True,-0.202848,1.093787,-0.238244,0.161888,0.077213,0.104830,19.71,10,-0.051943,1.175189,0.221703,0.000000,0.000000,0.000000,0.000000,0.000000,0.000000,nan,nan,nan,nan,nan,nan,OFF
1786341358996714124,2026-08-10T12:55:58.996733,prediction,-0.364494,1.156500,-0.346605,True,-0.212848,1.097949,-0.242328,0.151646,0.058551,0.104278,23.17,10,-0.048557,1.184349,0.219584,0.000000,0.000000,0.000000,0.000000,0.000000,0.000000,nan,nan,nan,nan,nan,nan,OFF
1786341359027577140,2026-08-10T12:55:59.027601,prediction,-0.361682,1.146000,-0.350337,True,-0.222848,1.100359,-0.246425,0.138835,0.045641,0.103912,19.95,10,-0.044623,1.193085,0.216878,0.000000,0.000000,0.000000,0.000000,0.000000,0.000000,nan,nan,nan,nan,nan,nan,OFF
1786341359666856554,2026-08-10T12:55:59.666874,prediction,-0.315927,1.272000,-0.315745,True,-0.232758,1.101750,-0.248691,0.083169,0.170250,0.067054,25.31,10,-0.005433,1.269272,0.189307,0.000000,0.000000,0.000000,0.000000,0.000000,0.000000,nan,nan,nan,nan,nan,nan,OFF
1786341359697840528,2026-08-10T12:55:59.697871,prediction,-0.314298,1.273000,-0.312471,True,-0.239252,1.105682,-0.249228,0.075046,0.167318,0.063242,24.11,10,0.000109,1.276668,0.185332,0.000000,0.000000,0.000000,0.000000,0.000000,0.000000,nan,nan,nan,nan,nan,nan,OFF
1786341359730132967,2026-08-10T12:55:59.730166,prediction,-0.313548,1.269000,-0.316846,True,-0.243584,1.111443,-0.248915,0.069964,0.157557,0.067931,21.96,10,0.000109,1.276668,0.185332,0.000000,0.000000,0.000000,0.000000,0.000000,0.000000,nan,nan,nan,nan,nan,nan,OFF
1786341359764996031,2026-08-10T12:55:59.765010,prediction,-0.312090,1.269000,-0.309544,True,-0.246620,1.118148,-0.248197,0.065471,0.150852,0.061347,25.14,10,0.006824,1.282293,0.180678,0.000000,0.000000,0.000000,0.000000,0.000000,0.000000,nan,nan,nan,nan,nan,nan,OFF
1786341359797614264,2026-08-10T12:55:59.797630,prediction,-0.312959,1.264000,-0.311338,True,-0.248548,1.124346,-0.247376,0.064411,0.139654,0.063961,20.90,10,0.006824,1.282293,0.180678,0.000000,0.000000,0.000000,0.000000,0.000000,0.000000,nan,nan,nan,nan,nan,nan,OFF
1786341359839784930,2026-08-10T12:55:59.839807,prediction,-0.313654,1.260000,-0.318674,True,-0.249835,1.129748,-0.246831,0.063818,0.130252,0.071843,25.97,10,0.014591,1.286001,0.175749,0.000000,0.000000,0.000000,0.000000,0.000000,0.000000,nan,nan,nan,nan,nan,nan,OFF
1786341359866556274,2026-08-10T12:55:59.866578,prediction,-0.313827,1.259000,-0.323470,True,-0.250569,1.134189,-0.246444,0.063259,0.124811,0.077026,22.45,10,0.014591,1.286001,0.175749,0.000000,0.000000,0.000000,0.000000,0.000000,0.000000,nan,nan,nan,nan,nan,nan,OFF
1786341359907535685,2026-08-10T12:55:59.907556,prediction,-0.313654,1.260000,-0.323099,True,-0.250948,1.137637,-0.246354,0.062706,0.122363,0.076746,29.48,10,0.023055,1.288607,0.170991,0.000000,0.000000,0.000000,0.000000,0.000000,0.000000,nan,nan,nan,nan,nan,nan,OFF
1786341359940532011,2026-08-10T12:55:59.940552,prediction,-0.313654,1.260000,-0.318674,True,-0.250863,1.140487,-0.246604,0.062791,0.119513,0.072070,27.90,10,0.023055,1.288607,0.170991,0.000000,0.000000,0.000000,0.000000,0.000000,0.000000,nan,nan,nan,nan,nan,nan,OFF
1786341359971989717,2026-08-10T12:55:59.972011,prediction,-0.314425,1.264000,-0.317212,True,-0.249805,1.143017,-0.246570,0.064620,0.120983,0.070642,24.65,10,0.031784,1.290626,0.166618,0.000000,0.000000,0.000000,0.000000,0.000000,0.000000,nan,nan,nan,nan,nan,nan,OFF
1786341360004573024,2026-08-10T12:56:00.004595,prediction,-0.313723,1.268000,-0.306979,True,-0.248195,1.146477,-0.245452,0.065528,0.121523,0.061527,25.31,10,0.031784,1.290626,0.166618,0.000000,0.000000,0.000000,0.000000,0.000000,0.000000,nan,nan,nan,nan,nan,nan,OFF
1786341360036627571,2026-08-10T12:56:00.036648,prediction,-0.317356,1.264000,-0.308400,True,-0.246099,1.151019,-0.243475,0.071258,0.112981,0.064925,25.40,10,0.040728,1.292303,0.162538,0.000000,0.000000,0.000000,0.000000,0.000000,0.000000,nan,nan,nan,nan,nan,nan,OFF
1786341360065488990,2026-08-10T12:56:00.065515,prediction,-0.317535,1.263000,-0.307285,True,-0.243477,1.156332,-0.241293,0.074058,0.106668,0.065992,22.86,10,0.040728,1.292303,0.162538,0.000000,0.000000,0.000000,0.000000,0.000000,0.000000,nan,nan,nan,nan,nan,nan,OFF
1786341360100065599,2026-08-10T12:56:00.100086,prediction,-0.316642,1.268000,-0.306979,True,-0.240571,1.162464,-0.238882,0.076071,0.105536,0.068097,24.38,10,0.049925,1.293799,0.158738,0.000000,0.000000,0.000000,0.000000,0.000000,0.000000,nan,nan,nan,nan,nan,nan,OFF
1786341360131376475,2026-08-10T12:56:00.131415,prediction,-0.316999,1.266000,-0.306224,True,-0.237628,1.169145,-0.236206,0.079371,0.096855,0.070018,22.89,10,0.049925,1.293799,0.158738,0.000000,0.000000,0.000000,0.000000,0.000000,0.000000,nan,nan,nan,nan,nan,nan,OFF
1786341360165801509,2026-08-10T12:56:00.165853,prediction,-0.316285,1.270000,-0.301891,True,-0.236169,1.176182,-0.234406,0.080115,0.093818,0.067486,22.78,10,0.059317,1.295220,0.155335,0.000000,0.000000,0.000000,0.000000,0.000000,0.000000,nan,nan,nan,nan,nan,nan,OFF
1786341360269830461,2026-08-10T12:56:00.269851,prediction,-0.326293,1.286000,-0.283393,True,-0.235839,1.180386,-0.232536,0.090453,0.105614,0.050857,26.70,10,0.068655,1.296624,0.152255,0.000000,0.000000,0.000000,0.000000,0.000000,0.000000,nan,nan,nan,nan,nan,nan,OFF
1786341360293660158,2026-08-10T12:56:00.293673,prediction,-0.338489,1.296000,-0.277206,True,-0.236506,1.182999,-0.230280,0.101983,0.113001,0.046926,20.01,10,0.078150,1.298066,0.149567,0.000000,0.000000,0.000000,0.000000,0.000000,0.000000,nan,nan,nan,nan,nan,nan,OFF
1786341360338495099,2026-08-10T12:56:00.338514,prediction,-0.337019,1.303000,-0.279093,True,-0.237670,1.185127,-0.228137,0.099349,0.117873,0.050955,28.22,10,0.078150,1.298066,0.149567,0.000000,0.000000,0.000000,0.000000,0.000000,0.000000,nan,nan,nan,nan,nan,nan,OFF
1786341360363001922,2026-08-10T12:56:00.363018,prediction,-0.336389,1.306000,-0.269685,True,-0.239033,1.187263,-0.225678,0.097356,0.118738,0.044008,21.05,10,0.078150,1.298066,0.149567,0.000000,0.000000,0.000000,0.000000,0.000000,0.000000,nan,nan,nan,nan,nan,nan,OFF
1786341360402870204,2026-08-10T12:56:00.402893,prediction,-0.334079,1.317000,-0.256417,True,-0.240396,1.189664,-0.222372,0.093684,0.127336,0.034045,24.73,10,0.078150,1.298066,0.149567,0.000000,0.000000,0.000000,0.000000,0.000000,0.000000,nan,nan,nan,nan,nan,nan,OFF
1786341360436931593,2026-08-10T12:56:00.436956,prediction,-0.331451,1.323000,-0.244924,True,-0.241664,1.192652,-0.218102,0.089787,0.130348,0.026822,26.24,10,0.089545,1.300027,0.149601,0.000000,0.000000,0.000000,0.000000,0.000000,0.000000,nan,nan,nan,nan,nan,nan,OFF
1786341360472297720,2026-08-10T12:56:00.472315,prediction,-0.329576,1.332000,-0.243543,True,-0.242829,1.196183,-0.213314,0.086747,0.135817,0.030228,28.49,10,0.089545,1.300027,0.149601,0.000000,0.000000,0.000000,0.000000,0.000000,0.000000,nan,nan,nan,nan,nan,nan,OFF
1786341360501271070,2026-08-10T12:56:00.501289,prediction,-0.333313,1.346000,-0.229928,True,-0.244067,1.200277,-0.207962,0.089246,0.145724,0.021966,24.52,10,0.087421,1.300000,0.155710,0.000000,0.000000,0.000000,0.000000,0.000000,0.000000,nan,nan,nan,nan,nan,nan,OFF
1786341360538066842,2026-08-10T12:56:00.538082,prediction,-0.336627,1.355000,-0.228598,True,-0.245426,1.205082,-0.202333,0.091201,0.149918,0.026266,24.72,10,0.087421,1.300000,0.155710,0.000000,0.000000,0.000000,0.000000,0.000000,0.000000,nan,nan,nan,nan,nan,nan,OFF
1786341360569414316,2026-08-10T12:56:00.569438,prediction,-0.336819,1.360000,-0.225809,True,-0.246875,1.210463,-0.196812,0.089943,0.149537,0.028996,23.46,10,0.087125,1.300000,0.157906,0.000000,0.000000,0.000000,0.000000,0.000000,0.000000,nan,nan,nan,nan,nan,nan,OFF
1786341360597976912,2026-08-10T12:56:00.598026,prediction,-0.334571,1.370000,-0.224160,True,-0.248174,1.216309,-0.191244,0.086397,0.153691,0.032916,20.09,10,0.087125,1.300000,0.157906,0.000000,0.000000,0.000000,0.000000,0.000000,0.000000,nan,nan,nan,nan,nan,nan,OFF
1786341360632801339,2026-08-10T12:56:00.632842,prediction,-0.335328,1.378000,-0.223073,True,-0.249416,1.222690,-0.185653,0.085912,0.155310,0.037420,22.13,10,0.086845,1.300000,0.162299,0.000000,0.000000,0.000000,0.000000,0.000000,0.000000,nan,nan,nan,nan,nan,nan,OFF
1786341360666078009,2026-08-10T12:56:00.666096,prediction,-0.346275,1.375000,-0.225251,True,-0.251025,1.229532,-0.180133,0.095250,0.145468,0.045118,21.47,10,0.086845,1.300000,0.162299,0.000000,0.000000,0.000000,0.000000,0.000000,0.000000,nan,nan,nan,nan,nan,nan,OFF


============================================================
EXPERIMENT METRICS
  File: experiment_GROUND_TRUTH_20260810_125335.csv
  Total samples: 2506
  Task completion time: 145.12 s
  --- Prediction Accuracy (over 1801 samples) ---
  Avg Inference Time: 21.15 ms
  Mean Squared Error (MSE): 0.010446 m²
  Mean Absolute Error (MAE - 3D): 0.0712 m
      MAE X: 0.0283 m
      MAE Y: 0.0577 m
      MAE Z: 0.0111 m
  --- Trajectory Smoothness (Robot EE) ---
  Mean Jerk (3D): 15.4726 m/s³
      Jerk X: 5.9682 m/s³
      Jerk Y: 10.8445 m/s³
      Jerk Z: 5.0209 m/s³
  Max Jerk (3D): 178.3989 m/s³
  RMS Jerk (3D): 27.9647 m/s³
============================================================
