ros_timestamp_ns,wall_time,trajectory_mode,meas_x,meas_y,meas_z,filt_x,filt_y,filt_z,is_tracked,pred_x,pred_y,pred_z,mae_x,mae_y,mae_z,inference_ms,buffer_size,robot_ee_x,robot_ee_y,robot_ee_z,j1_vel,j2_vel,j3_vel,j4_vel,j5_vel,j6_vel,j1_eff,j2_eff,j3_eff,j4_eff,j5_eff,j6_eff,role
1786700691657845682,2026-08-14T16:44:51.657865,prediction,0.203523,-0.328000,-0.006359,0.209232,-0.377000,-0.010254,True,0.206419,-0.320275,-0.009210,0.002814,0.056725,0.001044,17.83,10,-0.161984,0.308966,0.388244,0.000000,0.000000,0.000000,0.000000,0.000000,0.000000,-0.026880,-0.197400,0.103169,-0.024160,0.025728,-0.010976,READY
1786700691691991981,2026-08-14T16:44:51.692012,prediction,0.204922,-0.340000,-0.007313,0.209232,-0.377000,-0.010254,True,0.206374,-0.320013,-0.009234,0.002858,0.056987,0.001020,17.13,10,-0.161984,0.308966,0.388244,0.000000,0.000000,0.000000,0.000000,0.000000,0.000000,-0.026880,-0.197400,0.103169,-0.024160,0.025728,-0.010976,READY
1786700691726525265,2026-08-14T16:44:51.726542,prediction,0.212145,-0.402000,-0.012242,0.209232,-0.377000,-0.010254,True,0.206332,-0.319618,-0.009214,0.002901,0.057382,0.001041,22.34,10,-0.161987,0.308965,0.388245,0.000000,0.000000,0.000000,0.000000,0.000000,0.000000,-0.026880,-0.197400,0.103169,-0.024160,0.025728,-0.010976,READY
1786700691765013806,2026-08-14T16:44:51.765033,prediction,0.204922,-0.340000,-0.007313,0.209232,-0.377000,-0.010254,True,0.206283,-0.319239,-0.009197,0.002949,0.057761,0.001057,23.81,10,-0.161987,0.308965,0.388245,0.000000,0.000000,0.000000,0.000000,0.000000,0.000000,-0.026880,-0.197400,0.103169,-0.024160,0.025728,-0.010976,READY
1786700691791430064,2026-08-14T16:44:51.791451,prediction,0.203523,-0.328000,-0.006359,0.209232,-0.377000,-0.010254,True,0.206240,-0.318862,-0.009180,0.002992,0.058138,0.001074,20.64,10,-0.161987,0.308965,0.388245,0.000000,0.000000,0.000000,0.000000,0.000000,0.000000,-0.026880,-0.197400,0.103169,-0.024160,0.025728,-0.010976,READY
1786700691829116228,2026-08-14T16:44:51.829138,prediction,0.199329,-0.292000,-0.003497,0.209232,-0.377000,-0.010254,True,0.206233,-0.318620,-0.009175,0.002999,0.058380,0.001079,22.78,10,-0.161987,0.308965,0.388245,0.000000,0.000000,0.000000,0.000000,0.000000,0.000000,-0.026880,-0.197400,0.103169,-0.024160,0.025728,-0.010976,READY
1786700691861335271,2026-08-14T16:44:51.861356,prediction,0.202125,-0.316000,-0.005405,0.209232,-0.377000,-0.010254,True,0.206239,-0.318490,-0.009164,0.002993,0.058510,0.001090,18.25,10,-0.161987,0.308965,0.388245,0.000000,0.000000,0.000000,0.000000,0.000000,0.000000,-0.026880,-0.197400,0.103169,-0.024160,0.025728,-0.010976,READY
1786700691891698123,2026-08-14T16:44:51.891715,prediction,0.202125,-0.316000,-0.005405,0.209232,-0.377000,-0.010254,True,0.206249,-0.318392,-0.009158,0.002983,0.058608,0.001096,19.97,10,-0.161987,0.308965,0.388245,0.000000,0.000000,0.000000,0.000000,0.000000,0.000000,-0.026880,-0.197400,0.103169,-0.024160,0.025728,-0.010976,READY
1786700691928085695,2026-08-14T16:44:51.928108,prediction,0.195251,-0.257000,-0.000714,0.209232,-0.377000,-0.010254,True,0.206274,-0.318327,-0.009143,0.002959,0.058673,0.001112,20.14,10,-0.161987,0.308965,0.388245,0.000000,0.000000,0.000000,0.000000,0.000000,0.000000,-0.026880,-0.197400,0.103169,-0.024160,0.025728,-0.010976,READY
1786700691957726679,2026-08-14T16:44:51.957747,prediction,0.195950,-0.263000,0.003187,0.202382,-0.333560,-0.005142,True,0.201049,-0.298327,-0.004974,0.001333,0.035233,0.000168,18.81,10,-0.161987,0.308965,0.388245,0.000000,0.000000,0.000000,0.000000,0.000000,0.000000,-0.026880,-0.197400,0.103169,-0.024160,0.025728,-0.010976,READY
1786700691986599376,2026-08-14T16:44:51.986630,prediction,0.199329,-0.292000,0.000929,0.202104,-0.320530,-0.004590,True,0.200506,-0.281300,-0.004331,0.001598,0.039230,0.000259,16.47,10,-0.161431,0.313928,0.388484,0.000000,0.000000,0.000000,0.000000,0.000000,0.000000,-0.026880,-0.197400,0.103169,-0.024160,0.025728,-0.010976,READY
1786700692025188826,2026-08-14T16:44:52.025207,prediction,0.203747,-0.292000,0.000929,0.202241,-0.316239,-0.004130,True,0.200573,-0.278824,-0.003903,0.001668,0.037415,0.000227,16.61,10,-0.161431,0.313928,0.388484,0.000000,0.000000,0.000000,0.000000,0.000000,0.000000,-0.026880,-0.197400,0.103169,-0.024160,0.025728,-0.010976,READY
1786700692058807924,2026-08-14T16:44:52.058827,prediction,0.201029,-0.269000,0.002720,0.202148,-0.313956,-0.003603,True,0.200594,-0.278088,-0.003447,0.001554,0.035868,0.000156,21.24,10,-0.160869,0.319333,0.388763,0.000000,0.000000,0.000000,0.000000,0.000000,0.000000,-0.026880,-0.197400,0.103169,-0.024160,0.025728,-0.010976,READY
1786700692088222869,2026-08-14T16:44:52.088245,prediction,0.206726,-0.280000,0.006269,0.202475,-0.311591,-0.002898,True,0.200890,-0.277217,-0.002815,0.001585,0.034374,0.000083,17.90,10,-0.160869,0.319333,0.388763,0.000000,0.000000,0.000000,0.000000,0.000000,0.000000,-0.026880,-0.197400,0.103169,-0.024160,0.025728,-0.010976,READY
1786700692117730777,2026-08-14T16:44:52.117748,prediction,0.208164,-0.292000,0.005355,0.202854,-0.309465,-0.002348,True,0.201168,-0.276302,-0.002303,0.001686,0.033163,0.000044,15.88,10,-0.160244,0.327082,0.389122,0.000000,0.000000,0.000000,0.000000,0.000000,0.000000,-0.026880,-0.197400,0.103169,-0.024160,0.025728,-0.010976,READY
1786700692158552878,2026-08-14T16:44:52.158582,prediction,0.209602,-0.304000,0.004441,0.203259,-0.307120,-0.001628,True,0.201438,-0.274995,-0.001645,0.001822,0.032125,0.000017,20.52,10,-0.160244,0.327082,0.389122,0.000000,0.000000,0.000000,0.000000,0.000000,0.000000,-0.026880,-0.197400,0.103169,-0.024160,0.025728,-0.010976,READY
1786700692192808404,2026-08-14T16:44:52.192824,prediction,0.203971,-0.257000,0.008022,0.203196,-0.304091,-0.000605,True,0.201373,-0.273141,-0.000714,0.001823,0.030949,0.000108,19.32,10,-0.159561,0.336968,0.389654,0.000000,0.000000,0.000000,0.000000,0.000000,0.000000,-0.026880,-0.197400,0.103169,-0.024160,0.025728,-0.010976,READY
1786700692232771570,2026-08-14T16:44:52.232797,prediction,0.205408,-0.269000,0.007108,0.202747,-0.299698,0.000684,True,0.200975,-0.270193,0.000467,0.001771,0.029505,0.000218,21.23,10,-0.158837,0.347074,0.390287,0.000000,0.000000,0.000000,0.000000,0.000000,0.000000,-0.026880,-0.197400,0.103169,-0.024160,0.025728,-0.010976,READY
1786700692254774307,2026-08-14T16:44:52.254794,prediction,0.205408,-0.269000,0.002720,0.202779,-0.295033,0.001353,True,0.200915,-0.266840,0.001094,0.001865,0.028193,0.000259,17.21,10,-0.158837,0.347074,0.390287,0.000000,0.000000,0.000000,0.000000,0.000000,0.000000,-0.026880,-0.197400,0.103169,-0.024160,0.025728,-0.010976,READY
1786700692291542679,2026-08-14T16:44:52.291557,prediction,0.201335,-0.235000,0.009698,0.202633,-0.290313,0.002424,True,0.200744,-0.263338,0.002115,0.001889,0.026975,0.000309,17.84,10,-0.158837,0.347074,0.390287,0.000000,0.000000,0.000000,0.000000,0.000000,0.000000,-0.026880,-0.197400,0.103169,-0.024160,0.025728,-0.010976,READY
1786700692324409736,2026-08-14T16:44:52.324433,prediction,0.202653,-0.246000,0.008860,0.202855,-0.284996,0.003248,True,0.200826,-0.259223,0.002930,0.002029,0.025773,0.000317,17.68,10,-0.158058,0.356846,0.391207,0.000000,0.000000,0.000000,0.000000,0.000000,0.000000,-0.026880,-0.197400,0.103169,-0.024160,0.025728,-0.010976,READY
1786700692357222419,2026-08-14T16:44:52.357259,prediction,0.201335,-0.235000,0.009698,0.202802,-0.279613,0.004254,True,0.200727,-0.255101,0.003906,0.002076,0.024512,0.000348,17.17,10,-0.158058,0.356846,0.391207,0.000000,0.000000,0.000000,0.000000,0.000000,0.000000,-0.026880,-0.197400,0.103169,-0.024160,0.025728,-0.010976,FOLLOWER
1786700692393318871,2026-08-14T16:44:52.393349,prediction,0.202653,-0.246000,0.013210,0.202837,-0.274803,0.005495,True,0.200722,-0.251428,0.005112,0.002115,0.023374,0.000384,19.57,10,-0.157240,0.366747,0.392353,0.000000,0.000000,0.000000,0.000000,0.000000,0.000000,-0.026880,-0.197400,0.103169,-0.024160,0.025728,-0.010976,FOLLOWER
1786700692422809148,2026-08-14T16:44:52.422842,prediction,0.200017,-0.224000,0.014850,0.203155,-0.269521,0.006533,True,0.200925,-0.247278,0.006149,0.002230,0.022243,0.000384,17.07,10,-0.157240,0.366747,0.392353,0.000000,0.000000,0.000000,0.000000,0.000000,0.000000,-0.026880,-0.197400,0.103169,-0.024160,0.025728,-0.010976,FOLLOWER
1786700692456615962,2026-08-14T16:44:52.456639,prediction,0.203971,-0.257000,0.016758,0.203690,-0.267557,0.007438,True,0.201373,-0.245913,0.007026,0.002317,0.021644,0.000412,18.56,10,-0.156418,0.376655,0.393724,0.000000,0.000000,0.000000,0.000000,0.000000,0.000000,-0.026880,-0.197400,0.103169,-0.024160,0.025728,-0.010976,FOLLOWER
1786700692498650695,2026-08-14T16:44:52.498672,prediction,0.202653,-0.246000,0.021910,0.203911,-0.266258,0.008837,True,0.201601,-0.245169,0.008359,0.002310,0.021089,0.000477,23.64,10,-0.155699,0.386609,0.395142,0.000000,0.000000,0.000000,0.000000,0.000000,0.000000,-0.026880,-0.197400,0.103169,-0.024160,0.025728,-0.010976,FOLLOWER
1786700692526705422,2026-08-14T16:44:52.526739,prediction,0.197381,-0.202000,0.025044,0.203487,-0.263545,0.010444,True,0.201300,-0.243275,0.009919,0.002187,0.020270,0.000526,18.98,10,-0.155699,0.386609,0.395142,0.000000,0.000000,0.000000,0.000000,0.000000,0.000000,-0.026880,-0.197400,0.103169,-0.024160,0.025728,-0.010976,FOLLOWER
1786700692553732019,2026-08-14T16:44:52.553750,prediction,0.206726,-0.280000,0.023894,0.203867,-0.260549,0.011856,True,0.201597,-0.240891,0.011326,0.002270,0.019658,0.000530,14.84,10,-0.155699,0.386609,0.395142,0.000000,0.000000,0.000000,0.000000,0.000000,0.000000,-0.026880,-0.197400,0.103169,-0.024160,0.025728,-0.010976,FOLLOWER
1786700692602166988,2026-08-14T16:44:52.602227,prediction,0.216790,-0.364000,0.022593,0.204538,-0.259950,0.012944,True,0.202157,-0.240479,0.012387,0.002381,0.019471,0.000557,25.10,10,-0.155213,0.396349,0.396923,0.000000,0.000000,0.000000,0.000000,0.000000,0.000000,-0.026880,-0.197400,0.103169,-0.024160,0.025728,-0.010976,FOLLOWER
1786700692625779148,2026-08-14T16:44:52.625793,prediction,0.212477,-0.328000,0.025039,0.204825,-0.262390,0.014256,True,0.202469,-0.242740,0.013603,0.002357,0.019650,0.000654,18.32,10,-0.155213,0.396349,0.396923,0.000000,0.000000,0.000000,0.000000,0.000000,0.000000,-0.026880,-0.197400,0.103169,-0.024160,0.025728,-0.010976,FOLLOWER
1786700692660920727,2026-08-14T16:44:52.660944,prediction,0.206726,-0.280000,0.032706,0.204634,-0.264798,0.016141,True,0.202402,-0.244984,0.015363,0.002232,0.019814,0.000778,19.12,10,-0.154853,0.406128,0.399071,0.000000,0.000000,0.000000,0.000000,0.000000,0.000000,-0.026880,-0.197400,0.103169,-0.024160,0.025728,-0.010976,FOLLOWER
1786700692694306197,2026-08-14T16:44:52.694357,prediction,0.205408,-0.269000,0.033435,0.204729,-0.264640,0.017835,True,0.202487,-0.244840,0.017002,0.002243,0.019800,0.000833,21.79,10,-0.154853,0.406128,0.399071,0.000000,0.000000,0.000000,0.000000,0.000000,0.000000,-0.026880,-0.197400,0.103169,-0.024160,0.025728,-0.010976,FOLLOWER
1786700692725643581,2026-08-14T16:44:52.725661,prediction,0.206994,-0.246000,0.039309,0.204835,-0.264608,0.019982,True,0.202578,-0.244697,0.019073,0.002257,0.019911,0.000909,20.39,10,-0.154550,0.415928,0.401476,0.000000,0.000000,0.000000,0.000000,0.000000,0.000000,-0.026880,-0.197400,0.103169,-0.024160,0.025728,-0.010976,FOLLOWER
1786700692761934561,2026-08-14T16:44:52.761950,prediction,0.215496,-0.316000,0.039251,0.205508,-0.264602,0.022417,True,0.203104,-0.244396,0.021441,0.002404,0.020206,0.000976,20.79,10,-0.154421,0.424764,0.404324,0.000000,0.000000,0.000000,0.000000,0.000000,0.000000,-0.026880,-0.197400,0.103169,-0.024160,0.025728,-0.010976,FOLLOWER
1786700692794378071,2026-08-14T16:44:52.794424,prediction,0.206994,-0.246000,0.043659,0.205885,-0.263374,0.024681,True,0.203376,-0.243084,0.023665,0.002509,0.020289,0.001016,19.48,10,-0.154421,0.424764,0.404324,0.000000,0.000000,0.000000,0.000000,0.000000,0.000000,-0.026880,-0.197400,0.103169,-0.024160,0.025728,-0.010976,FOLLOWER
1786700692825850160,2026-08-14T16:44:52.825870,prediction,0.205658,-0.235000,0.044352,0.206085,-0.263128,0.027047,True,0.203531,-0.242649,0.025959,0.002554,0.020479,0.001088,18.33,10,-0.154421,0.424764,0.404324,0.000000,0.000000,0.000000,0.000000,0.000000,0.000000,-0.026880,-0.197400,0.103169,-0.024160,0.025728,-0.010976,FOLLOWER
1786700692857016145,2026-08-14T16:44:52.857035,prediction,0.205658,-0.235000,0.048684,0.206374,-0.263079,0.029646,True,0.203760,-0.242358,0.028471,0.002613,0.020721,0.001175,19.17,10,-0.154606,0.432350,0.408234,0.000000,0.000000,0.000000,0.000000,0.000000,0.000000,-0.026880,-0.197400,0.103169,-0.024160,0.025728,-0.010976,FOLLOWER
1786700692905040258,2026-08-14T16:44:52.905059,prediction,0.205658,-0.235000,0.048684,0.206574,-0.262483,0.032011,True,0.203905,-0.241606,0.030766,0.002669,0.020876,0.001245,27.18,10,-0.154860,0.437917,0.411811,0.000000,0.000000,0.000000,0.000000,0.000000,0.000000,-0.026880,-0.197400,0.103169,-0.024160,0.025728,-0.010976,FOLLOWER
1786700692931497714,2026-08-14T16:44:52.931538,prediction,0.211124,-0.280000,0.050330,0.207314,-0.262363,0.034377,True,0.204472,-0.241143,0.033034,0.002842,0.021220,0.001343,19.25,10,-0.154860,0.437917,0.411811,0.000000,0.000000,0.000000,0.000000,0.000000,0.000000,-0.026880,-0.197400,0.103169,-0.024160,0.025728,-0.010976,FOLLOWER
1786700692955127785,2026-08-14T16:44:52.955146,prediction,0.202986,-0.213000,0.054328,0.207249,-0.261753,0.036881,True,0.204411,-0.240425,0.035432,0.002838,0.021328,0.001449,16.17,10,-0.154860,0.437917,0.411811,0.000000,0.000000,0.000000,0.000000,0.000000,0.000000,-0.026880,-0.197400,0.103169,-0.024160,0.025728,-0.010976,FOLLOWER
1786700692995300285,2026-08-14T16:44:52.995320,prediction,0.193877,-0.138000,0.058804,0.206664,-0.259871,0.039341,True,0.203925,-0.238716,0.037817,0.002739,0.021155,0.001524,22.38,10,-0.155376,0.441684,0.416737,0.000000,0.000000,0.000000,0.000000,0.000000,0.000000,-0.026880,-0.197400,0.103169,-0.024160,0.025728,-0.010976,FOLLOWER
1786700693031671310,2026-08-14T16:44:53.031695,prediction,0.193877,-0.138000,0.062976,0.206430,-0.253734,0.041870,True,0.203646,-0.233219,0.040376,0.002785,0.020515,0.001494,21.33,10,-0.155795,0.443285,0.420911,0.000000,0.000000,0.000000,0.000000,0.000000,0.000000,-0.026880,-0.197400,0.103169,-0.024160,0.025728,-0.010976,FOLLOWER
1786700693064087558,2026-08-14T16:44:53.064113,prediction,0.211124,-0.280000,0.059142,0.206723,-0.246747,0.044219,True,0.203787,-0.226856,0.042790,0.002936,0.019891,0.001430,21.56,10,-0.155795,0.443285,0.420911,0.000000,0.000000,0.000000,0.000000,0.000000,0.000000,-0.026880,-0.197400,0.103169,-0.024160,0.025728,-0.010976,FOLLOWER
1786700693091810672,2026-08-14T16:44:53.091828,prediction,0.215496,-0.316000,0.057113,0.206637,-0.245349,0.046521,True,0.203731,-0.225595,0.045006,0.002906,0.019755,0.001515,19.15,10,-0.155795,0.443285,0.420911,0.000000,0.000000,0.000000,0.000000,0.000000,0.000000,-0.026880,-0.197400,0.103169,-0.024160,0.025728,-0.010976,FOLLOWER
1786700693125727194,2026-08-14T16:44:53.125742,prediction,0.206994,-0.246000,0.061059,0.206272,-0.242510,0.048922,True,0.203434,-0.223174,0.047360,0.002838,0.019336,0.001563,20.18,10,-0.156123,0.444630,0.426057,0.000000,0.000000,0.000000,0.000000,0.000000,0.000000,-0.026880,-0.197400,0.103169,-0.024160,0.025728,-0.010976,FOLLOWER
1786700693161953247,2026-08-14T16:44:53.161997,prediction,0.206994,-0.246000,0.061059,0.206289,-0.237569,0.050812,True,0.203413,-0.218825,0.049279,0.002877,0.018744,0.001533,18.12,10,-0.156123,0.444630,0.426057,0.000000,0.000000,0.000000,0.000000,0.000000,0.000000,-0.026880,-0.197400,0.103169,-0.024160,0.025728,-0.010976,FOLLOWER
1786700693188394328,2026-08-14T16:44:53.188419,prediction,0.193877,-0.138000,0.067147,0.205521,-0.234767,0.053060,True,0.202788,-0.216513,0.051486,0.002733,0.018255,0.001574,17.52,10,-0.156275,0.446074,0.429842,0.000000,0.000000,0.000000,0.000000,0.000000,0.000000,-0.026880,-0.197400,0.103169,-0.024160,0.025728,-0.010976,FOLLOWER
1786700693224719144,2026-08-14T16:44:53.224738,prediction,0.201043,-0.197000,0.068090,0.205124,-0.230367,0.054979,True,0.202429,-0.212694,0.053426,0.002694,0.017673,0.001552,19.32,10,-0.156275,0.446074,0.429842,0.000000,0.000000,0.000000,0.000000,0.000000,0.000000,-0.026880,-0.197400,0.103169,-0.024160,0.025728,-0.010976,FOLLOWER
1786700693261129359,2026-08-14T16:44:53.261148,prediction,0.202986,-0.213000,0.067215,0.204290,-0.225647,0.056843,True,0.201708,-0.208638,0.055322,0.002582,0.017009,0.001520,18.72,10,-0.156324,0.449354,0.434537,0.000000,0.000000,0.000000,0.000000,0.000000,0.000000,-0.026880,-0.197400,0.103169,-0.024160,0.025728,-0.010976,FOLLOWER
1786700693293357579,2026-08-14T16:44:53.293374,prediction,0.196428,-0.159000,0.070169,0.203585,-0.222089,0.058610,True,0.201106,-0.205624,0.057089,0.002480,0.016466,0.001521,19.91,10,-0.156324,0.449354,0.434537,0.000000,0.000000,0.000000,0.000000,0.000000,0.000000,-0.026880,-0.197400,0.103169,-0.024160,0.025728,-0.010976,FOLLOWER
1786700693322016013,2026-08-14T16:44:53.322033,prediction,0.190112,-0.107000,0.077135,0.202549,-0.216738,0.060796,True,0.200196,-0.200964,0.059334,0.002353,0.015774,0.001462,17.17,10,-0.156248,0.452465,0.438236,0.000000,0.000000,0.000000,0.000000,0.000000,0.000000,-0.026880,-0.197400,0.103169,-0.024160,0.025728,-0.010976,FOLLOWER
1786700693358105719,2026-08-14T16:44:53.358123,prediction,0.198978,-0.180000,0.077502,0.202104,-0.211614,0.062717,True,0.199778,-0.196399,0.061326,0.002326,0.015215,0.001391,21.22,10,-0.156248,0.452465,0.438236,0.000000,0.000000,0.000000,0.000000,0.000000,0.000000,-0.026880,-0.197400,0.103169,-0.024160,0.025728,-0.010976,FOLLOWER
1786700693393521671,2026-08-14T16:44:53.393538,prediction,0.183603,-0.087000,0.082284,0.200633,-0.203763,0.064957,True,0.198443,-0.189347,0.063738,0.002190,0.014416,0.001219,20.95,10,-0.155829,0.457488,0.442732,0.000000,0.000000,0.000000,0.000000,0.000000,0.000000,-0.026880,-0.197400,0.103169,-0.024160,0.025728,-0.010976,FOLLOWER
1786700693435933108,2026-08-14T16:44:53.435948,prediction,0.187198,-0.117000,0.080741,0.199038,-0.195899,0.066984,True,0.196990,-0.182254,0.065958,0.002049,0.013645,0.001026,24.21,10,-0.155365,0.461972,0.446365,0.000000,0.000000,0.000000,0.000000,0.000000,0.000000,-0.026880,-0.197400,0.103169,-0.024160,0.025728,-0.010976,FOLLOWER
1786700693456718749,2026-08-14T16:44:53.456746,prediction,0.193428,-0.169000,0.082290,0.198401,-0.188033,0.068848,True,0.196355,-0.175032,0.067993,0.002046,0.013001,0.000856,17.39,10,-0.155365,0.461972,0.446365,0.000000,0.000000,0.000000,0.000000,0.000000,0.000000,-0.026880,-0.197400,0.103169,-0.024160,0.025728,-0.010976,FOLLOWER
1786700693488566768,2026-08-14T16:44:53.488584,prediction,0.180009,-0.057000,0.091901,0.197477,-0.181340,0.071055,True,0.195499,-0.168961,0.070334,0.001978,0.012379,0.000721,15.58,10,-0.155365,0.461972,0.446365,0.000000,0.000000,0.000000,0.000000,0.000000,0.000000,-0.026880,-0.197400,0.103169,-0.024160,0.025728,-0.010976,FOLLOWER
1786700693520689274,2026-08-14T16:44:53.520709,prediction,0.178931,-0.048000,0.092334,0.196480,-0.175681,0.073012,True,0.194597,-0.163937,0.072408,0.001883,0.011744,0.000604,15.33,10,-0.154503,0.468471,0.450369,0.000000,0.000000,0.000000,0.000000,0.000000,0.000000,-0.026880,-0.197400,0.103169,-0.024160,0.025728,-0.010976,FOLLOWER
1786700693562912463,2026-08-14T16:44:53.562932,prediction,0.188396,-0.127000,0.092687,0.194965,-0.170230,0.075248,True,0.193228,-0.159136,0.074760,0.001736,0.011093,0.000488,19.64,10,-0.153617,0.474970,0.453788,0.000000,0.000000,0.000000,0.000000,0.000000,0.000000,-0.026880,-0.197400,0.103169,-0.024160,0.025728,-0.010976,FOLLOWER
1786700693592687040,2026-08-14T16:44:53.592704,prediction,0.181207,-0.067000,0.095475,0.192679,-0.157779,0.077806,True,0.190991,-0.147260,0.077659,0.001688,0.010520,0.000147,18.96,10,-0.153617,0.474970,0.453788,0.000000,0.000000,0.000000,0.000000,0.000000,0.000000,-0.026880,-0.197400,0.103169,-0.024160,0.025728,-0.010976,FOLLOWER
1786700693625433934,2026-08-14T16:44:53.625449,prediction,0.186468,-0.077000,0.099081,0.191311,-0.144463,0.080341,True,0.189550,-0.134256,0.080535,0.001760,0.010207,0.000195,17.75,10,-0.153617,0.474970,0.453788,0.000000,0.000000,0.000000,0.000000,0.000000,0.000000,-0.026880,-0.197400,0.103169,-0.024160,0.025728,-0.010976,FOLLOWER
1786700693661370764,2026-08-14T16:44:53.661411,prediction,0.182283,-0.010000,0.102083,0.189663,-0.132253,0.083076,True,0.187881,-0.122334,0.083574,0.001782,0.009918,0.000498,20.71,10,-0.152192,0.483581,0.457871,0.000000,0.000000,0.000000,0.000000,0.000000,0.000000,-0.026880,-0.197400,0.103169,-0.024160,0.025728,-0.010976,FOLLOWER
1786700693697358562,2026-08-14T16:44:53.697374,prediction,0.198041,-0.138000,0.100519,0.189941,-0.120797,0.085300,True,0.188050,-0.111142,0.086013,0.001891,0.009655,0.000712,22.53,10,-0.150842,0.491483,0.461390,0.000000,0.000000,0.000000,0.000000,0.000000,0.000000,-0.026880,-0.197400,0.103169,-0.024160,0.025728,-0.010976,FOLLOWER
1786700693735116084,2026-08-14T16:44:53.735159,prediction,0.183391,-0.019000,0.105654,0.188764,-0.109013,0.087805,True,0.186874,-0.099674,0.088740,0.001890,0.009339,0.000935,22.96,10,-0.150842,0.491483,0.461390,0.000000,0.000000,0.000000,0.000000,0.000000,0.000000,-0.026880,-0.197400,0.103169,-0.024160,0.025728,-0.010976,FOLLOWER
1786700693767278329,2026-08-14T16:44:53.767328,prediction,0.189729,-0.038000,0.104834,0.187880,-0.098176,0.090313,True,0.186000,-0.089187,0.091428,0.001880,0.008989,0.001116,22.35,10,-0.149380,0.500637,0.464936,0.000000,0.000000,0.000000,0.000000,0.000000,0.000000,-0.026880,-0.197400,0.103169,-0.024160,0.025728,-0.010976,FOLLOWER
1786700693809736837,2026-08-14T16:44:53.809753,prediction,0.188481,-0.028000,0.109256,0.187009,-0.077196,0.094874,True,0.185239,-0.077802,0.094013,0.001770,0.000606,0.000862,30.96,10,-0.149380,0.500637,0.464936,0.000000,0.000000,0.000000,0.000000,0.000000,0.000000,-0.026880,-0.197400,0.103169,-0.024160,0.025728,-0.010976,FOLLOWER
1786700693830324594,2026-08-14T16:44:53.830359,prediction,0.188481,-0.028000,0.109256,0.187009,-0.077196,0.094874,True,0.185169,-0.068896,0.096226,0.001840,0.008301,0.001351,19.72,10,-0.147992,0.510051,0.468219,0.000000,0.000000,0.000000,0.000000,0.000000,0.000000,-0.026880,-0.197400,0.103169,-0.024160,0.025728,-0.010976,FOLLOWER
1786700693859784313,2026-08-14T16:44:53.859802,prediction,0.182742,0.018000,0.111165,0.185926,-0.066853,0.097119,True,0.184126,-0.058868,0.098554,0.001801,0.007984,0.001435,19.60,10,-0.147992,0.510051,0.468219,0.000000,0.000000,0.000000,0.000000,0.000000,0.000000,-0.026880,-0.197400,0.103169,-0.024160,0.025728,-0.010976,FOLLOWER
1786700693894041127,2026-08-14T16:44:53.894060,prediction,0.186649,0.018000,0.115079,0.186129,-0.058117,0.099305,True,0.184386,-0.050535,0.100757,0.001743,0.007582,0.001452,19.17,10,-0.147992,0.510051,0.468219,0.000000,0.000000,0.000000,0.000000,0.000000,0.000000,-0.026880,-0.197400,0.103169,-0.024160,0.025728,-0.010976,FOLLOWER
1786700693926565914,2026-08-14T16:44:53.926591,prediction,0.184373,0.036000,0.115796,0.185941,-0.049170,0.101642,True,0.184250,-0.041907,0.103124,0.001691,0.007263,0.001482,17.27,10,-0.146736,0.519442,0.471217,0.000000,0.000000,0.000000,0.000000,0.000000,0.000000,-0.026880,-0.197400,0.103169,-0.024160,0.025728,-0.010976,FOLLOWER
1786700693955582321,2026-08-14T16:44:53.955606,prediction,0.180497,0.036000,0.115796,0.185079,-0.039221,0.103876,True,0.183413,-0.032086,0.105418,0.001666,0.007134,0.001542,17.08,10,-0.146736,0.519442,0.471217,0.000000,0.000000,0.000000,0.000000,0.000000,0.000000,-0.026880,-0.197400,0.103169,-0.024160,0.025728,-0.010976,FOLLOWER
1786700693992947208,2026-08-14T16:44:53.992962,prediction,0.180497,0.036000,0.115796,0.185111,-0.029071,0.105469,True,0.183485,-0.021994,0.107013,0.001626,0.007077,0.001544,18.65,10,-0.145653,0.528949,0.474005,0.000000,0.000000,0.000000,0.000000,0.000000,0.000000,-0.026880,-0.197400,0.103169,-0.024160,0.025728,-0.010976,FOLLOWER
1786700694025561656,2026-08-14T16:44:54.025575,prediction,0.182742,0.018000,0.118992,0.185366,-0.022081,0.107246,True,0.183833,-0.015371,0.108729,0.001533,0.006710,0.001483,17.71,10,-0.145653,0.528949,0.474005,0.000000,0.000000,0.000000,0.000000,0.000000,0.000000,-0.026880,-0.197400,0.103169,-0.024160,0.025728,-0.010976,FOLLOWER
1786700694056601012,2026-08-14T16:44:54.056625,prediction,0.182098,0.054000,0.120368,0.184946,-0.015723,0.109091,True,0.183492,-0.009415,0.110534,0.001454,0.006308,0.001443,18.40,10,-0.144664,0.538529,0.476696,0.000000,0.000000,0.000000,0.000000,0.000000,0.000000,-0.026880,-0.197400,0.103169,-0.024160,0.025728,-0.010976,FOLLOWER
1786700694096074478,2026-08-14T16:44:54.096102,prediction,0.182098,0.054000,0.120368,0.185005,-0.007998,0.110751,True,0.183615,-0.001887,0.112158,0.001390,0.006111,0.001407,20.67,10,-0.143724,0.548187,0.479349,0.000000,0.000000,0.000000,0.000000,0.000000,0.000000,-0.026880,-0.197400,0.103169,-0.024160,0.025728,-0.010976,FOLLOWER
1786700694135640706,2026-08-14T16:44:54.135675,prediction,0.179823,0.072000,0.124880,0.184562,0.000534,0.112471,True,0.183204,0.006629,0.113863,0.001358,0.006095,0.001393,24.27,10,-0.143724,0.548187,0.479349,0.000000,0.000000,0.000000,0.000000,0.000000,0.000000,-0.026880,-0.197400,0.103169,-0.024160,0.025728,-0.010976,FOLLOWER
1786700694161931720,2026-08-14T16:44:54.161946,prediction,0.183236,0.045000,0.123893,0.184626,0.008693,0.113925,True,0.183323,0.014766,0.115278,0.001302,0.006073,0.001353,19.08,10,-0.142919,0.557813,0.481876,0.000000,0.000000,0.000000,0.000000,0.000000,0.000000,-0.026880,-0.197400,0.103169,-0.024160,0.025728,-0.010976,FOLLOWER
1786700694189134082,2026-08-14T16:44:54.189150,prediction,0.182098,0.054000,0.124222,0.183563,0.017312,0.115505,True,0.182269,0.023462,0.116850,0.001294,0.006150,0.001345,16.89,10,-0.142919,0.557813,0.481876,0.000000,0.000000,0.000000,0.000000,0.000000,0.000000,-0.026880,-0.197400,0.103169,-0.024160,0.025728,-0.010976,FOLLOWER
1786700694224853309,2026-08-14T16:44:54.224872,prediction,0.180960,0.063000,0.128390,0.183401,0.022929,0.117020,True,0.182182,0.028778,0.118320,0.001219,0.005849,0.001300,19.35,10,-0.142919,0.557813,0.481876,0.000000,0.000000,0.000000,0.000000,0.000000,0.000000,-0.026880,-0.197400,0.103169,-0.024160,0.025728,-0.010976,FOLLOWER
1786700694258722403,2026-08-14T16:44:54.258741,prediction,0.178685,0.081000,0.129018,0.182665,0.029439,0.118633,True,0.181482,0.035114,0.119920,0.001182,0.005675,0.001287,19.52,10,-0.142254,0.567425,0.484280,0.000000,0.000000,0.000000,0.000000,0.000000,0.000000,-0.026880,-0.197400,0.103169,-0.024160,0.025728,-0.010976,FOLLOWER
1786700694288348638,2026-08-14T16:44:54.288368,prediction,0.179823,0.072000,0.128704,0.182320,0.035594,0.120115,True,0.181179,0.041106,0.121387,0.001141,0.005512,0.001273,16.56,10,-0.142254,0.567425,0.484280,0.000000,0.000000,0.000000,0.000000,0.000000,0.000000,-0.026880,-0.197400,0.103169,-0.024160,0.025728,-0.010976,FOLLOWER
1786700694323054790,2026-08-14T16:44:54.323074,prediction,0.184793,0.063000,0.128390,0.182074,0.042159,0.121390,True,0.180972,0.047597,0.122632,0.001102,0.005439,0.001242,18.43,10,-0.141640,0.577160,0.486663,0.000000,0.000000,0.000000,0.000000,0.000000,0.000000,-0.026880,-0.197400,0.103169,-0.024160,0.025728,-0.010976,FOLLOWER
1786700694356991913,2026-08-14T16:44:54.357017,prediction,0.182488,0.081000,0.129018,0.182057,0.047312,0.122581,True,0.181014,0.052535,0.123770,0.001043,0.005223,0.001189,17.36,10,-0.141640,0.577160,0.486663,0.000000,0.000000,0.000000,0.000000,0.000000,0.000000,-0.026880,-0.197400,0.103169,-0.024160,0.025728,-0.010976,FOLLOWER
1786700694399786754,2026-08-14T16:44:54.399808,prediction,0.181463,0.089000,0.133094,0.181712,0.051702,0.123782,True,0.180718,0.056647,0.124921,0.000993,0.004944,0.001140,21.01,10,-0.141077,0.586838,0.488991,0.000000,0.000000,0.000000,0.000000,0.000000,0.000000,-0.026880,-0.197400,0.103169,-0.024160,0.025728,-0.010976,FOLLOWER
1786700694424024863,2026-08-14T16:44:54.424044,prediction,0.186290,0.081000,0.132828,0.181839,0.055940,0.124917,True,0.180908,0.060621,0.125997,0.000931,0.004680,0.001080,18.17,10,-0.141077,0.586838,0.488991,0.000000,0.000000,0.000000,0.000000,0.000000,0.000000,-0.026880,-0.197400,0.103169,-0.024160,0.025728,-0.010976,FOLLOWER
1786700694458554618,2026-08-14T16:44:54.458573,prediction,0.186290,0.081000,0.132828,0.182226,0.059188,0.126053,True,0.181369,0.063531,0.127068,0.000856,0.004343,0.001015,18.81,10,-0.140546,0.596565,0.491295,0.000000,0.000000,0.000000,0.000000,0.000000,0.000000,-0.026880,-0.197400,0.103169,-0.024160,0.025728,-0.010976,FOLLOWER
1786700694493049984,2026-08-14T16:44:54.493069,prediction,0.184085,0.098000,0.137175,0.182465,0.062238,0.127478,True,0.181663,0.066287,0.128457,0.000802,0.004049,0.000979,17.04,10,-0.140546,0.596565,0.491295,0.000000,0.000000,0.000000,0.000000,0.000000,0.000000,-0.026880,-0.197400,0.103169,-0.024160,0.025728,-0.010976,FOLLOWER
1786700694523647930,2026-08-14T16:44:54.523667,prediction,0.181880,0.115000,0.137712,0.182407,0.066154,0.128726,True,0.181622,0.070106,0.129690,0.000785,0.003952,0.000964,17.94,10,-0.140035,0.606342,0.493594,0.000000,0.000000,0.000000,0.000000,0.000000,0.000000,-0.026880,-0.197400,0.103169,-0.024160,0.025728,-0.010976,FOLLOWER
1786700694556480469,2026-08-14T16:44:54.556502,prediction,0.183047,0.106000,0.137427,0.182471,0.070671,0.129863,True,0.181690,0.074651,0.130807,0.000780,0.003980,0.000944,19.33,10,-0.140035,0.606342,0.493594,0.000000,0.000000,0.000000,0.000000,0.000000,0.000000,-0.026880,-0.197400,0.103169,-0.024160,0.025728,-0.010976,FOLLOWER
1786700694593501434,2026-08-14T16:44:54.593529,prediction,0.185252,0.089000,0.136890,0.182681,0.074347,0.130965,True,0.181917,0.078278,0.131879,0.000764,0.003930,0.000915,17.73,10,-0.139576,0.616012,0.495858,0.000000,0.000000,0.000000,0.000000,0.000000,0.000000,-0.026880,-0.197400,0.103169,-0.024160,0.025728,-0.010976,FOLLOWER
1786700694623805428,2026-08-14T16:44:54.623834,prediction,0.183047,0.106000,0.137427,0.182896,0.077856,0.131801,True,0.182149,0.081730,0.132670,0.000747,0.003873,0.000869,16.12,10,-0.139576,0.616012,0.495858,0.000000,0.000000,0.000000,0.000000,0.000000,0.000000,-0.026880,-0.197400,0.103169,-0.024160,0.025728,-0.010976,FOLLOWER
1786700694660826372,2026-08-14T16:44:54.660854,prediction,0.178134,0.115000,0.141465,0.182556,0.081331,0.132973,True,0.181796,0.085169,0.133823,0.000759,0.003838,0.000850,18.36,10,-0.139143,0.625735,0.498133,0.000000,0.000000,0.000000,0.000000,0.000000,0.000000,-0.026880,-0.197400,0.103169,-0.024160,0.025728,-0.010976,FOLLOWER
1786700694700942117,2026-08-14T16:44:54.700965,prediction,0.179286,0.106000,0.141196,0.182368,0.084800,0.134104,True,0.181598,0.088607,0.134942,0.000770,0.003807,0.000838,25.85,10,-0.138716,0.635570,0.500438,0.000000,0.000000,0.000000,0.000000,0.000000,0.000000,-0.026880,-0.197400,0.103169,-0.024160,0.025728,-0.010976,FOLLOWER
1786700694726554740,2026-08-14T16:44:54.726585,prediction,0.174387,0.115000,0.141465,0.181930,0.088747,0.134976,True,0.181134,0.092604,0.135799,0.000796,0.003858,0.000823,18.03,10,-0.138716,0.635570,0.500438,0.000000,0.000000,0.000000,0.000000,0.000000,0.000000,-0.026880,-0.197400,0.103169,-0.024160,0.025728,-0.010976,FOLLOWER
1786700694763729543,2026-08-14T16:44:54.763757,prediction,0.173376,0.123000,0.141705,0.181576,0.092309,0.135822,True,0.180763,0.096174,0.136617,0.000813,0.003864,0.000795,18.60,10,-0.138319,0.645291,0.502735,0.000000,0.000000,0.000000,0.000000,0.000000,0.000000,-0.026880,-0.197400,0.103169,-0.024160,0.025728,-0.010976,FOLLOWER
1786700694792035707,2026-08-14T16:44:54.792055,prediction,0.176536,0.098000,0.140956,0.181357,0.095315,0.136638,True,0.180544,0.099103,0.137397,0.000813,0.003787,0.000759,17.94,10,-0.138319,0.645291,0.502735,0.000000,0.000000,0.000000,0.000000,0.000000,0.000000,-0.026880,-0.197400,0.103169,-0.024160,0.025728,-0.010976,FOLLOWER
1786700694832987228,2026-08-14T16:44:54.833005,prediction,0.173376,0.123000,0.141705,0.180596,0.098636,0.137526,True,0.179754,0.102408,0.138273,0.000842,0.003771,0.000747,22.65,10,-0.137945,0.655005,0.505048,0.000000,0.000000,0.000000,0.000000,0.000000,0.000000,-0.026880,-0.197400,0.103169,-0.024160,0.025728,-0.010976,FOLLOWER
1786700694858434012,2026-08-14T16:44:54.858460,prediction,0.170641,0.115000,0.141465,0.179806,0.101594,0.138356,True,0.178940,0.105315,0.139094,0.000867,0.003721,0.000739,18.86,10,-0.137945,0.655005,0.505048,0.000000,0.000000,0.000000,0.000000,0.000000,0.000000,-0.026880,-0.197400,0.103169,-0.024160,0.025728,-0.010976,FOLLOWER
1786700694895983197,2026-08-14T16:44:54.896006,prediction,0.166524,0.148000,0.142453,0.178810,0.104425,0.138980,True,0.177917,0.108101,0.139702,0.000894,0.003675,0.000722,20.03,10,-0.137577,0.664707,0.507380,0.000000,0.000000,0.000000,0.000000,0.000000,0.000000,-0.026880,-0.197400,0.103169,-0.024160,0.025728,-0.010976,FOLLOWER
1786700694931341004,2026-08-14T16:44:54.931379,prediction,0.167522,0.140000,0.145926,0.177559,0.108138,0.139853,True,0.176612,0.111899,0.140580,0.000947,0.003760,0.000727,20.81,10,-0.137577,0.664707,0.507380,0.000000,0.000000,0.000000,0.000000,0.000000,0.000000,-0.026880,-0.197400,0.103169,-0.024160,0.025728,-0.010976,FOLLOWER
1786700694959494032,2026-08-14T16:44:54.959522,prediction,0.168645,0.131000,0.145671,0.176383,0.112028,0.140709,True,0.175388,0.115897,0.141447,0.000995,0.003870,0.000738,17.55,10,-0.137577,0.664707,0.507380,0.000000,0.000000,0.000000,0.000000,0.000000,0.000000,-0.026880,-0.197400,0.103169,-0.024160,0.025728,-0.010976,FOLLOWER
1786700694991164537,2026-08-14T16:44:54.991190,prediction,0.167522,0.140000,0.145926,0.175279,0.115952,0.141293,True,0.174245,0.119931,0.142026,0.001033,0.003979,0.000734,18.02,10,-0.137168,0.674392,0.509745,0.000000,0.000000,0.000000,0.000000,0.000000,0.000000,-0.026880,-0.197400,0.103169,-0.024160,0.025728,-0.010976,FOLLOWER
1786700695023611277,2026-08-14T16:44:55.023633,prediction,0.168645,0.131000,0.145671,0.174396,0.118497,0.141823,True,0.173364,0.122380,0.142532,0.001033,0.003883,0.000709,15.55,10,-0.137168,0.674392,0.509745,0.000000,0.000000,0.000000,0.000000,0.000000,0.000000,-0.026880,-0.197400,0.103169,-0.024160,0.025728,-0.010976,FOLLOWER
1786700695058206433,2026-08-14T16:44:55.058220,prediction,0.167522,0.140000,0.145926,0.173361,0.120819,0.142390,True,0.172330,0.124570,0.143077,0.001031,0.003751,0.000687,17.67,10,-0.136693,0.684038,0.512104,0.000000,0.000000,0.000000,0.000000,0.000000,0.000000,-0.026880,-0.197400,0.103169,-0.024160,0.025728,-0.010976,FOLLOWER
1786700695092464080,2026-08-14T16:44:55.092485,prediction,0.167522,0.140000,0.145926,0.172179,0.123097,0.142992,True,0.171143,0.126727,0.143666,0.001036,0.003630,0.000674,17.30,10,-0.136693,0.684038,0.512104,0.000000,0.000000,0.000000,0.000000,0.000000,0.000000,-0.026880,-0.197400,0.103169,-0.024160,0.025728,-0.010976,FOLLOWER
1786700695127136860,2026-08-14T16:44:55.127180,prediction,0.162532,0.180000,0.147057,0.170812,0.125366,0.143634,True,0.169763,0.128898,0.144305,0.001048,0.003532,0.000671,18.26,10,-0.136111,0.693888,0.514506,0.000000,0.000000,0.000000,0.000000,0.000000,0.000000,-0.026880,-0.197400,0.103169,-0.024160,0.025728,-0.010976,FOLLOWER
1786700695160393744,2026-08-14T16:44:55.160414,prediction,0.169205,0.156000,0.146378,0.170216,0.128486,0.143962,True,0.169178,0.132040,0.144601,0.001038,0.003554,0.000639,19.14,10,-0.136111,0.693888,0.514506,0.000000,0.000000,0.000000,0.000000,0.000000,0.000000,-0.026880,-0.197400,0.103169,-0.024160,0.025728,-0.010976,FOLLOWER
1786700695194706196,2026-08-14T16:44:55.194735,prediction,0.166171,0.180000,0.147057,0.169342,0.133057,0.144353,True,0.168281,0.136848,0.144967,0.001061,0.003791,0.000615,18.95,10,-0.135482,0.703476,0.516842,0.000000,0.000000,0.000000,0.000000,0.000000,0.000000,-0.026880,-0.197400,0.103169,-0.024160,0.025728,-0.010976,FOLLOWER
1786700695226205278,2026-08-14T16:44:55.226234,prediction,0.168194,0.164000,0.146605,0.168929,0.136585,0.144695,True,0.167891,0.140447,0.145271,0.001038,0.003862,0.000576,19.21,10,-0.135482,0.703476,0.516842,0.000000,0.000000,0.000000,0.000000,0.000000,0.000000,-0.026880,-0.197400,0.103169,-0.024160,0.025728,-0.010976,FOLLOWER
1786700695262057653,2026-08-14T16:44:55.262080,prediction,0.167762,0.196000,0.147510,0.168555,0.140757,0.145082,True,0.167536,0.144735,0.145628,0.001019,0.003978,0.000546,19.04,10,-0.134643,0.713221,0.519186,0.000000,0.000000,0.000000,0.000000,0.000000,0.000000,-0.026880,-0.197400,0.103169,-0.024160,0.025728,-0.010976,FOLLOWER
1786700695294152933,2026-08-14T16:44:55.294172,prediction,0.169810,0.180000,0.147057,0.168106,0.145058,0.145489,True,0.167105,0.149148,0.146017,0.001001,0.004090,0.000528,18.87,10,-0.134643,0.713221,0.519186,0.000000,0.000000,0.000000,0.000000,0.000000,0.000000,-0.026880,-0.197400,0.103169,-0.024160,0.025728,-0.010976,FOLLOWER
1786700695329528688,2026-08-14T16:44:55.329560,prediction,0.167762,0.196000,0.147510,0.167732,0.149812,0.145876,True,0.166753,0.154035,0.146389,0.000979,0.004223,0.000513,20.71,10,-0.133747,0.722858,0.521487,0.000000,0.000000,0.000000,0.000000,0.000000,0.000000,-0.026880,-0.197400,0.103169,-0.024160,0.025728,-0.010976,FOLLOWER
1786700695359621279,2026-08-14T16:44:55.359642,prediction,0.169810,0.180000,0.147057,0.167677,0.154229,0.146249,True,0.166743,0.158495,0.146740,0.000934,0.004266,0.000492,18.87,10,-0.133747,0.722858,0.521487,0.000000,0.000000,0.000000,0.000000,0.000000,0.000000,-0.026880,-0.197400,0.103169,-0.024160,0.025728,-0.010976,FOLLOWER
1786700695395619449,2026-08-14T16:44:55.395635,prediction,0.168786,0.188000,0.147284,0.167827,0.158579,0.146571,True,0.166950,0.162840,0.147036,0.000877,0.004261,0.000465,19.81,10,-0.132721,0.732523,0.523744,0.000000,0.000000,0.000000,0.000000,0.000000,0.000000,-0.026880,-0.197400,0.103169,-0.024160,0.025728,-0.010976,FOLLOWER
1786700695429149388,2026-08-14T16:44:55.429165,prediction,0.167762,0.196000,0.147510,0.167843,0.162009,0.146676,True,0.167030,0.166136,0.147102,0.000813,0.004127,0.000426,17.41,10,-0.131591,0.742274,0.525950,0.000000,0.000000,0.000000,0.000000,0.000000,0.000000,-0.026880,-0.197400,0.103169,-0.024160,0.025728,-0.010976,FOLLOWER
1786700695459944654,2026-08-14T16:44:55.459974,prediction,0.166737,0.204000,0.147736,0.167716,0.165682,0.146814,True,0.166944,0.169708,0.147203,0.000773,0.004027,0.000389,17.42,10,-0.131591,0.742274,0.525950,0.000000,0.000000,0.000000,0.000000,0.000000,0.000000,-0.026880,-0.197400,0.103169,-0.024160,0.025728,-0.010976,FOLLOWER
1786700695503907698,2026-08-14T16:44:55.503948,prediction,0.165841,0.211000,0.151529,0.167604,0.169830,0.147188,True,0.166857,0.173827,0.147561,0.000747,0.003997,0.000374,25.81,10,-0.130429,0.751939,0.528039,0.000000,0.000000,0.000000,0.000000,0.000000,0.000000,-0.026880,-0.197400,0.103169,-0.024160,0.025728,-0.010976,FOLLOWER
1786700695529524973,2026-08-14T16:44:55.529548,prediction,0.167762,0.196000,0.151130,0.167545,0.174553,0.147551,True,0.166808,0.178616,0.147922,0.000737,0.004063,0.000371,21.56,10,-0.130429,0.751939,0.528039,0.000000,0.000000,0.000000,0.000000,0.000000,0.000000,-0.026880,-0.197400,0.103169,-0.024160,0.025728,-0.010976,FOLLOWER
1786700695556728923,2026-08-14T16:44:55.556748,prediction,0.166737,0.204000,0.151343,0.167493,0.178910,0.147913,True,0.166771,0.182991,0.148283,0.000722,0.004080,0.000371,17.73,10,-0.130429,0.751939,0.528039,0.000000,0.000000,0.000000,0.000000,0.000000,0.000000,-0.026880,-0.197400,0.103169,-0.024160,0.025728,-0.010976,FOLLOWER
1786700695587432669,2026-08-14T16:44:55.587455,prediction,0.166737,0.204000,0.151343,0.167441,0.183195,0.148274,True,0.166731,0.187276,0.148647,0.000710,0.004081,0.000374,15.56,10,-0.129264,0.761639,0.529986,0.000000,0.000000,0.000000,0.000000,0.000000,0.000000,-0.026880,-0.197400,0.103169,-0.024160,0.025728,-0.010976,FOLLOWER
1786700695631353399,2026-08-14T16:44:55.631369,prediction,0.164149,0.196000,0.151130,0.167548,0.187466,0.148545,True,0.166855,0.191538,0.148914,0.000694,0.004072,0.000369,22.44,10,-0.128110,0.771424,0.531894,0.000000,0.000000,0.000000,0.000000,0.000000,0.000000,-0.026880,-0.197400,0.103169,-0.024160,0.025728,-0.010976,FOLLOWER
1786700695655220746,2026-08-14T16:44:55.655240,prediction,0.162253,0.211000,0.151529,0.167085,0.190880,0.148889,True,0.166395,0.194846,0.149264,0.000690,0.003967,0.000376,16.08,10,-0.128110,0.771424,0.531894,0.000000,0.000000,0.000000,0.000000,0.000000,0.000000,-0.026880,-0.197400,0.103169,-0.024160,0.025728,-0.010976,FOLLOWER
1786700695690372311,2026-08-14T16:44:55.690388,prediction,0.158665,0.211000,0.151529,0.166584,0.193216,0.149187,True,0.165914,0.196938,0.149565,0.000670,0.003722,0.000378,17.48,10,-0.128110,0.771424,0.531894,0.000000,0.000000,0.000000,0.000000,0.000000,0.000000,-0.026880,-0.197400,0.103169,-0.024160,0.025728,-0.010976,FOLLOWER
1786700695736162317,2026-08-14T16:44:55.736177,prediction,0.156923,0.196000,0.151130,0.165833,0.196190,0.149488,True,0.165153,0.199790,0.149874,0.000680,0.003600,0.000385,24.85,10,-0.127074,0.781164,0.533612,0.000000,0.000000,0.000000,0.000000,0.000000,0.000000,-0.026880,-0.197400,0.103169,-0.024160,0.025728,-0.010976,FOLLOWER
1786700695773314006,2026-08-14T16:44:55.773337,prediction,0.151489,0.211000,0.151529,0.164748,0.198438,0.149756,True,0.164052,0.201871,0.150147,0.000697,0.003433,0.000391,23.81,10,-0.126057,0.791029,0.535298,0.000000,0.000000,0.000000,0.000000,0.000000,0.000000,-0.026880,-0.197400,0.103169,-0.024160,0.025728,-0.010976,FOLLOWER
1786700695797087930,2026-08-14T16:44:55.797142,prediction,0.149546,0.227000,0.148387,0.163397,0.200541,0.149845,True,0.162669,0.203836,0.150228,0.000728,0.003295,0.000383,18.60,10,-0.126057,0.791029,0.535298,0.000000,0.000000,0.000000,0.000000,0.000000,0.000000,-0.026880,-0.197400,0.103169,-0.024160,0.025728,-0.010976,FOLLOWER
1786700695827385678,2026-08-14T16:44:55.827421,prediction,0.152245,0.234000,0.148585,0.162363,0.202615,0.149917,True,0.161612,0.205800,0.150279,0.000751,0.003186,0.000362,17.81,10,-0.126057,0.791029,0.535298,0.000000,0.000000,0.000000,0.000000,0.000000,0.000000,-0.026880,-0.197400,0.103169,-0.024160,0.025728,-0.010976,FOLLOWER
1786700695871489468,2026-08-14T16:44:55.871505,prediction,0.155796,0.234000,0.148585,0.161428,0.205910,0.150018,True,0.160635,0.209187,0.150364,0.000793,0.003277,0.000346,27.12,10,-0.125078,0.800892,0.536880,0.000000,0.000000,0.000000,0.000000,0.000000,0.000000,-0.026880,-0.197400,0.103169,-0.024160,0.025728,-0.010976,FOLLOWER
1786700695899640547,2026-08-14T16:44:55.899660,prediction,0.153924,0.249000,0.149009,0.160438,0.209022,0.150133,True,0.159611,0.212387,0.150468,0.000827,0.003365,0.000334,21.36,10,-0.124097,0.810730,0.538366,0.000000,0.000000,0.000000,0.000000,0.000000,0.000000,-0.026880,-0.197400,0.103169,-0.024160,0.025728,-0.010976,FOLLOWER
1786700695928438744,2026-08-14T16:44:55.928477,prediction,0.153924,0.249000,0.145477,0.159515,0.212898,0.149998,True,0.158655,0.216450,0.150303,0.000861,0.003552,0.000305,20.37,10,-0.124097,0.810730,0.538366,0.000000,0.000000,0.000000,0.000000,0.000000,0.000000,-0.026880,-0.197400,0.103169,-0.024160,0.025728,-0.010976,FOLLOWER
1786700695960208407,2026-08-14T16:44:55.960227,prediction,0.152926,0.257000,0.145716,0.158594,0.216500,0.149863,True,0.157725,0.220175,0.150129,0.000870,0.003675,0.000266,17.73,10,-0.124097,0.810730,0.538366,0.000000,0.000000,0.000000,0.000000,0.000000,0.000000,-0.026880,-0.197400,0.103169,-0.024160,0.025728,-0.010976,FOLLOWER
1786700695995576188,2026-08-14T16:44:55.995594,prediction,0.152053,0.264000,0.145926,0.157675,0.220047,0.149490,True,0.156813,0.223805,0.149698,0.000862,0.003759,0.000208,19.50,10,-0.123063,0.820538,0.539762,0.000000,0.000000,0.000000,0.000000,0.000000,0.000000,-0.026880,-0.197400,0.103169,-0.024160,0.025728,-0.010976,FOLLOWER
1786700696028612112,2026-08-14T16:44:56.028629,prediction,0.157450,0.249000,0.145477,0.156988,0.223583,0.149113,True,0.156156,0.227378,0.149254,0.000832,0.003796,0.000141,18.31,10,-0.121934,0.830389,0.541067,0.000000,0.000000,0.000000,0.000000,0.000000,0.000000,-0.026880,-0.197400,0.103169,-0.024160,0.025728,-0.010976,FOLLOWER
1786700696057444082,2026-08-14T16:44:56.057459,prediction,0.159950,0.257000,0.145716,0.156535,0.227117,0.148738,True,0.155753,0.230918,0.148814,0.000783,0.003801,0.000076,17.38,10,-0.121934,0.830389,0.541067,0.000000,0.000000,0.000000,0.000000,0.000000,0.000000,-0.026880,-0.197400,0.103169,-0.024160,0.025728,-0.010976,FOLLOWER
1786700696102175332,2026-08-14T16:44:56.102195,prediction,0.159054,0.264000,0.145926,0.156023,0.230650,0.148377,True,0.155287,0.234445,0.148401,0.000736,0.003795,0.000024,24.49,10,-0.120686,0.840281,0.542254,0.000000,0.000000,0.000000,0.000000,0.000000,0.000000,-0.026880,-0.197400,0.103169,-0.024160,0.025728,-0.010976,FOLLOWER
1786700696126530473,2026-08-14T16:44:56.126560,prediction,0.161647,0.271000,0.146136,0.155856,0.234557,0.148044,True,0.155172,0.238374,0.148024,0.000684,0.003817,0.000019,18.92,10,-0.120686,0.840281,0.542254,0.000000,0.000000,0.000000,0.000000,0.000000,0.000000,-0.026880,-0.197400,0.103169,-0.024160,0.025728,-0.010976,FOLLOWER
1786700696161970927,2026-08-14T16:44:56.161994,prediction,0.160609,0.279000,0.142893,0.155747,0.238911,0.147468,True,0.155108,0.242808,0.147395,0.000639,0.003897,0.000073,17.51,10,-0.120686,0.840281,0.542254,0.000000,0.000000,0.000000,0.000000,0.000000,0.000000,-0.026880,-0.197400,0.103169,-0.024160,0.025728,-0.010976,FOLLOWER
1786700696190396670,2026-08-14T16:44:56.190422,prediction,0.160609,0.279000,0.142893,0.155876,0.243409,0.146892,True,0.155293,0.247385,0.146763,0.000584,0.003976,0.000129,16.21,10,-0.119312,0.850148,0.543290,0.000000,0.000000,0.000000,0.000000,0.000000,0.000000,-0.026880,-0.197400,0.103169,-0.024160,0.025728,-0.010976,FOLLOWER
1786700696228111275,2026-08-14T16:44:56.228126,prediction,0.160609,0.279000,0.139410,0.156122,0.247935,0.146111,True,0.155598,0.251974,0.145913,0.000524,0.004039,0.000198,18.12,10,-0.119312,0.850148,0.543290,0.000000,0.000000,0.000000,0.000000,0.000000,0.000000,-0.026880,-0.197400,0.103169,-0.024160,0.025728,-0.010976,FOLLOWER
1786700696260252531,2026-08-14T16:44:56.260268,prediction,0.159701,0.286000,0.136172,0.156670,0.252467,0.145087,True,0.156217,0.256543,0.144795,0.000453,0.004076,0.000292,17.96,10,-0.117836,0.859966,0.544139,0.000000,0.000000,0.000000,0.000000,0.000000,0.000000,-0.026880,-0.197400,0.103169,-0.024160,0.025728,-0.010976,FOLLOWER
1786700696293026138,2026-08-14T16:44:56.293046,prediction,0.161647,0.271000,0.135648,0.157476,0.257000,0.144238,True,0.157105,0.261079,0.143863,0.000372,0.004079,0.000375,16.23,10,-0.117836,0.859966,0.544139,0.000000,0.000000,0.000000,0.000000,0.000000,0.000000,-0.026880,-0.197400,0.103169,-0.024160,0.025728,-0.010976,FOLLOWER
1786700696324728490,2026-08-14T16:44:56.324762,prediction,0.161647,0.271000,0.135648,0.158103,0.260253,0.143375,True,0.157826,0.264147,0.142930,0.000277,0.003894,0.000445,18.06,10,-0.116358,0.869836,0.544632,0.000000,0.000000,0.000000,0.000000,0.000000,0.000000,-0.026880,-0.197400,0.103169,-0.024160,0.025728,-0.010976,FOLLOWER
1786700696366109743,2026-08-14T16:44:56.366133,prediction,0.156237,0.286000,0.136172,0.158133,0.262877,0.142548,True,0.157923,0.266520,0.142053,0.000210,0.003642,0.000495,24.93,10,-0.114936,0.879776,0.544985,0.000000,0.000000,0.000000,0.000000,0.000000,0.000000,-0.026880,-0.197400,0.103169,-0.024160,0.025728,-0.010976,FOLLOWER
1786700696396952226,2026-08-14T16:44:56.396974,prediction,0.157885,0.300000,0.136660,0.158397,0.266175,0.141725,True,0.158233,0.269683,0.141195,0.000163,0.003508,0.000529,18.79,10,-0.114936,0.879776,0.544985,0.000000,0.000000,0.000000,0.000000,0.000000,0.000000,-0.026880,-0.197400,0.103169,-0.024160,0.025728,-0.010976,FOLLOWER
1786700696431134708,2026-08-14T16:44:56.431150,prediction,0.157885,0.300000,0.136660,0.158661,0.269555,0.141137,True,0.158528,0.272978,0.140606,0.000132,0.003423,0.000531,21.65,10,-0.113700,0.889691,0.545018,0.000000,0.000000,0.000000,0.000000,0.000000,0.000000,-0.026880,-0.197400,0.103169,-0.024160,0.025728,-0.010976,FOLLOWER
1786700696464222593,2026-08-14T16:44:56.464253,prediction,0.157885,0.300000,0.136660,0.158991,0.272951,0.140533,True,0.158877,0.276330,0.140019,0.000115,0.003379,0.000514,19.99,10,-0.113700,0.889691,0.545018,0.000000,0.000000,0.000000,0.000000,0.000000,0.000000,-0.026880,-0.197400,0.103169,-0.024160,0.025728,-0.010976,FOLLOWER
1786700696498459921,2026-08-14T16:44:56.498475,prediction,0.161647,0.271000,0.132152,0.159631,0.275924,0.139615,True,0.159547,0.279220,0.139091,0.000084,0.003296,0.000524,23.42,10,-0.112704,0.899577,0.544738,0.000000,0.000000,0.000000,0.000000,0.000000,0.000000,-0.026880,-0.197400,0.103169,-0.024160,0.025728,-0.010976,FOLLOWER
1786700696525546641,2026-08-14T16:44:56.525565,prediction,0.158793,0.293000,0.132957,0.159720,0.278438,0.138780,True,0.159643,0.281626,0.138249,0.000077,0.003188,0.000531,17.70,10,-0.112704,0.899577,0.544738,0.000000,0.000000,0.000000,0.000000,0.000000,0.000000,-0.026880,-0.197400,0.103169,-0.024160,0.025728,-0.010976,FOLLOWER
1786700696558252631,2026-08-14T16:44:56.558266,prediction,0.167354,0.227000,0.130544,0.160214,0.279688,0.137769,True,0.160190,0.282596,0.137205,0.000024,0.002908,0.000563,18.23,10,-0.112704,0.899577,0.544738,0.000000,0.000000,0.000000,0.000000,0.000000,0.000000,-0.026880,-0.197400,0.103169,-0.024160,0.025728,-0.010976,FOLLOWER
1786700696592815064,2026-08-14T16:44:56.592842,prediction,0.156070,0.314000,0.133724,0.160015,0.281857,0.136955,True,0.159984,0.284667,0.136377,0.000031,0.002809,0.000579,17.17,10,-0.112119,0.909489,0.544027,0.000000,0.000000,0.000000,0.000000,0.000000,0.000000,-0.026880,-0.197400,0.103169,-0.024160,0.025728,-0.010976,FOLLOWER
1786700696628668067,2026-08-14T16:44:56.628690,prediction,0.158793,0.293000,0.129497,0.159825,0.283838,0.135846,True,0.159792,0.286574,0.135232,0.000033,0.002735,0.000614,18.01,10,-0.111668,0.919492,0.543162,0.000000,0.000000,0.000000,0.000000,0.000000,0.000000,-0.026880,-0.197400,0.103169,-0.024160,0.025728,-0.010976,FOLLOWER
1786700696664699381,2026-08-14T16:44:56.664738,prediction,0.157885,0.300000,0.129764,0.159643,0.285781,0.134971,True,0.159611,0.288454,0.134332,0.000032,0.002673,0.000639,20.69,10,-0.111668,0.919492,0.543162,0.000000,0.000000,0.000000,0.000000,0.000000,0.000000,-0.026880,-0.197400,0.103169,-0.024160,0.025728,-0.010976,FOLLOWER
1786700696695308838,2026-08-14T16:44:56.695329,prediction,0.155162,0.321000,0.130567,0.159280,0.287289,0.134149,True,0.159243,0.289871,0.133503,0.000037,0.002582,0.000646,18.90,10,-0.111486,0.929415,0.541966,0.000000,0.000000,0.000000,0.000000,0.000000,0.000000,-0.026880,-0.197400,0.103169,-0.024160,0.025728,-0.010976,FOLLOWER
1786700696725883274,2026-08-14T16:44:56.725899,prediction,0.156070,0.314000,0.130299,0.158977,0.289458,0.133542,True,0.158921,0.292053,0.132916,0.000057,0.002596,0.000626,18.86,10,-0.111486,0.929415,0.541966,0.000000,0.000000,0.000000,0.000000,0.000000,0.000000,-0.026880,-0.197400,0.103169,-0.024160,0.025728,-0.010976,FOLLOWER
1786700696762359492,2026-08-14T16:44:56.762373,prediction,0.155162,0.321000,0.127153,0.158675,0.292132,0.132940,True,0.158585,0.294835,0.132352,0.000090,0.002704,0.000588,20.39,10,-0.111501,0.939289,0.540437,0.000000,0.000000,0.000000,0.000000,0.000000,0.000000,-0.026880,-0.197400,0.103169,-0.024160,0.025728,-0.010976,FOLLOWER
1786700696794009882,2026-08-14T16:44:56.794030,prediction,0.157649,0.328000,0.127432,0.158408,0.294906,0.132393,True,0.158290,0.297730,0.131850,0.000118,0.002823,0.000542,17.52,10,-0.111501,0.939289,0.540437,0.000000,0.000000,0.000000,0.000000,0.000000,0.000000,-0.026880,-0.197400,0.103169,-0.024160,0.025728,-0.010976,FOLLOWER
1786700696827628562,2026-08-14T16:44:56.827652,prediction,0.156730,0.335000,0.127711,0.158080,0.298501,0.131864,True,0.157921,0.301547,0.131369,0.000160,0.003045,0.000495,17.75,10,-0.111501,0.939289,0.540437,0.000000,0.000000,0.000000,0.000000,0.000000,0.000000,-0.026880,-0.197400,0.103169,-0.024160,0.025728,-0.010976,FOLLOWER
1786700696857729533,2026-08-14T16:44:56.857747,prediction,0.158568,0.321000,0.123740,0.158236,0.302260,0.131035,True,0.158065,0.305509,0.130551,0.000171,0.003249,0.000484,16.58,10,-0.111604,0.949125,0.538600,0.000000,0.000000,0.000000,0.000000,0.000000,0.000000,-0.026880,-0.197400,0.103169,-0.024160,0.025728,-0.010976,FOLLOWER
1786700696892820669,2026-08-14T16:44:56.892834,prediction,0.155810,0.342000,0.124612,0.158098,0.305625,0.130232,True,0.157927,0.308979,0.129740,0.000171,0.003354,0.000492,17.11,10,-0.111604,0.949125,0.538600,0.000000,0.000000,0.000000,0.000000,0.000000,0.000000,-0.026880,-0.197400,0.103169,-0.024160,0.025728,-0.010976,FOLLOWER
1786700696928349186,2026-08-14T16:44:56.928380,prediction,0.159488,0.314000,0.120025,0.158204,0.307418,0.129123,True,0.158092,0.310609,0.128581,0.000112,0.003190,0.000542,18.32,10,-0.111686,0.958572,0.536555,0.000000,0.000000,0.000000,0.000000,0.000000,0.000000,-0.026880,-0.197400,0.103169,-0.024160,0.025728,-0.010976,FOLLOWER
1786700696960724049,2026-08-14T16:44:56.960738,prediction,0.158568,0.321000,0.120327,0.158250,0.308897,0.128034,True,0.158203,0.311857,0.127425,0.000047,0.002960,0.000608,18.65,10,-0.111686,0.958572,0.536555,0.000000,0.000000,0.000000,0.000000,0.000000,0.000000,-0.026880,-0.197400,0.103169,-0.024160,0.025728,-0.010976,FOLLOWER
1786700696996116458,2026-08-14T16:44:56.996131,prediction,0.149844,0.362000,0.118751,0.157463,0.310313,0.127140,True,0.157430,0.313081,0.126489,0.000033,0.002769,0.000651,18.32,10,-0.111710,0.966970,0.534509,0.000000,0.000000,0.000000,0.000000,0.000000,0.000000,-0.026880,-0.197400,0.103169,-0.024160,0.025728,-0.010976,FOLLOWER
1786700697024958090,2026-08-14T16:44:57.024974,prediction,0.151530,0.349000,0.118169,0.156979,0.313583,0.126154,True,0.156920,0.316450,0.125470,0.000059,0.002868,0.000685,17.36,10,-0.111710,0.966970,0.534509,0.000000,0.000000,0.000000,0.000000,0.000000,0.000000,-0.026880,-0.197400,0.103169,-0.024160,0.025728,-0.010976,FOLLOWER
1786700697061210254,2026-08-14T16:44:57.061229,prediction,0.151530,0.349000,0.118169,0.155924,0.318397,0.125329,True,0.155762,0.321633,0.124641,0.000162,0.003237,0.000688,18.17,10,-0.111529,0.974928,0.532162,0.000000,0.000000,0.000000,0.000000,0.000000,0.000000,-0.026880,-0.197400,0.103169,-0.024160,0.025728,-0.010976,FOLLOWER
1786700697095233674,2026-08-14T16:44:57.095248,prediction,0.148936,0.369000,0.115731,0.155448,0.322346,0.124130,True,0.155245,0.325794,0.123410,0.000204,0.003448,0.000720,19.08,10,-0.111220,0.981298,0.530178,0.000000,0.000000,0.000000,0.000000,0.000000,0.000000,-0.026880,-0.197400,0.103169,-0.024160,0.025728,-0.010976,FOLLOWER
1786700697128687793,2026-08-14T16:44:57.128703,prediction,0.148547,0.372000,0.115870,0.154765,0.327189,0.123221,True,0.154493,0.330927,0.122495,0.000272,0.003738,0.000727,18.26,10,-0.111220,0.981298,0.530178,0.000000,0.000000,0.000000,0.000000,0.000000,0.000000,-0.026880,-0.197400,0.103169,-0.024160,0.025728,-0.010976,FOLLOWER
1786700697161047856,2026-08-14T16:44:57.161063,prediction,0.157885,0.300000,0.109077,0.154765,0.331838,0.121842,True,0.154478,0.335772,0.121077,0.000287,0.003934,0.000765,18.54,10,-0.111220,0.981298,0.530178,0.000000,0.000000,0.000000,0.000000,0.000000,0.000000,-0.026880,-0.197400,0.103169,-0.024160,0.025728,-0.010976,FOLLOWER
1786700697196150888,2026-08-14T16:44:57.196170,prediction,0.150752,0.355000,0.108366,0.154471,0.335701,0.120362,True,0.154193,0.339663,0.119533,0.000278,0.003962,0.000829,20.28,10,-0.110637,0.987226,0.528276,0.000000,0.000000,0.000000,0.000000,0.000000,0.000000,-0.026880,-0.197400,0.103169,-0.024160,0.025728,-0.010976,FOLLOWER
1786700697230645369,2026-08-14T16:44:57.230675,prediction,0.145609,0.369000,0.105729,0.153774,0.338660,0.118724,True,0.153510,0.342498,0.117812,0.000264,0.003838,0.000912,19.63,10,-0.109987,0.993203,0.526439,0.000000,0.000000,0.000000,0.000000,0.000000,0.000000,-0.026880,-0.197400,0.103169,-0.024160,0.025728,-0.010976,FOLLOWER
1786700697263214236,2026-08-14T16:44:57.263228,prediction,0.144840,0.375000,0.106038,0.153086,0.341812,0.117317,True,0.152845,0.345518,0.116337,0.000241,0.003706,0.000980,20.43,10,-0.109987,0.993203,0.526439,0.000000,0.000000,0.000000,0.000000,0.000000,0.000000,-0.026880,-0.197400,0.103169,-0.024160,0.025728,-0.010976,FOLLOWER
1786700697292284777,2026-08-14T16:44:57.292298,prediction,0.141523,0.375000,0.102714,0.152011,0.345322,0.115669,True,0.151758,0.348973,0.114618,0.000252,0.003651,0.001051,16.00,10,-0.109987,0.993203,0.526439,0.000000,0.000000,0.000000,0.000000,0.000000,0.000000,-0.026880,-0.197400,0.103169,-0.024160,0.025728,-0.010976,FOLLOWER
1786700697327303241,2026-08-14T16:44:57.327337,prediction,0.135710,0.395000,0.100484,0.150609,0.348531,0.113853,True,0.150326,0.352109,0.112720,0.000283,0.003578,0.001133,18.08,10,-0.109153,1.000378,0.524146,0.000000,0.000000,0.000000,0.000000,0.000000,0.000000,-0.026880,-0.197400,0.103169,-0.024160,0.025728,-0.010976,FOLLOWER
1786700697366819172,2026-08-14T16:44:57.366843,prediction,0.136459,0.389000,0.100156,0.149135,0.352426,0.112281,True,0.148793,0.356048,0.111095,0.000343,0.003622,0.001186,21.57,10,-0.108372,1.006438,0.522101,0.000000,0.000000,0.000000,0.000000,0.000000,0.000000,-0.026880,-0.197400,0.103169,-0.024160,0.025728,-0.010976,FOLLOWER
1786700697395981603,2026-08-14T16:44:57.396011,prediction,0.136895,0.385500,0.099964,0.147874,0.356085,0.110638,True,0.147486,0.359728,0.109415,0.000389,0.003643,0.001222,18.89,10,-0.108372,1.006438,0.522101,0.000000,0.000000,0.000000,0.000000,0.000000,0.000000,-0.026880,-0.197400,0.103169,-0.024160,0.025728,-0.010976,FOLLOWER
1786700697429245380,2026-08-14T16:44:57.429263,prediction,0.132426,0.395000,0.097193,0.146070,0.360444,0.109116,True,0.145580,0.364223,0.107881,0.000490,0.003780,0.001235,18.66,10,-0.107279,1.012630,0.519764,0.000000,0.000000,0.000000,0.000000,0.000000,0.000000,-0.026880,-0.197400,0.103169,-0.024160,0.025728,-0.010976,FOLLOWER
1786700697459836260,2026-08-14T16:44:57.459855,prediction,0.134888,0.375000,0.096066,0.144492,0.364755,0.107498,True,0.143921,0.368651,0.106259,0.000570,0.003896,0.001240,18.13,10,-0.107279,1.012630,0.519764,0.000000,0.000000,0.000000,0.000000,0.000000,0.000000,-0.026880,-0.197400,0.103169,-0.024160,0.025728,-0.010976,FOLLOWER
1786700697496316742,2026-08-14T16:44:57.496334,prediction,0.131564,0.402000,0.097588,0.143273,0.369564,0.106088,True,0.142656,0.373599,0.104865,0.000617,0.004035,0.001223,19.52,10,-0.105796,1.019008,0.517242,0.000000,0.000000,0.000000,0.000000,0.000000,0.000000,-0.026880,-0.197400,0.103169,-0.024160,0.025728,-0.010976,FOLLOWER
1786700697525330875,2026-08-14T16:44:57.525344,prediction,0.130087,0.414000,0.095005,0.141843,0.373353,0.104543,True,0.141209,0.377358,0.103329,0.000635,0.004005,0.001215,18.27,10,-0.105796,1.019008,0.517242,0.000000,0.000000,0.000000,0.000000,0.000000,0.000000,-0.026880,-0.197400,0.103169,-0.024160,0.025728,-0.010976,FOLLOWER
1786700697560652027,2026-08-14T16:44:57.560679,prediction,0.122022,0.427000,0.092521,0.139876,0.377577,0.102833,True,0.139178,0.381606,0.101607,0.000698,0.004029,0.001227,17.85,10,-0.105796,1.019008,0.517242,0.000000,0.000000,0.000000,0.000000,0.000000,0.000000,-0.026880,-0.197400,0.103169,-0.024160,0.025728,-0.010976,FOLLOWER
1786700697599941623,2026-08-14T16:44:57.599981,prediction,0.122741,0.421000,0.085667,0.138130,0.382262,0.100829,True,0.137378,0.386361,0.099556,0.000752,0.004099,0.001273,20.51,10,-0.104077,1.025786,0.514640,0.000000,0.000000,0.000000,0.000000,0.000000,0.000000,-0.026880,-0.197400,0.103169,-0.024160,0.025728,-0.010976,FOLLOWER
1786700697633363576,2026-08-14T16:44:57.633383,prediction,0.122741,0.421000,0.082419,0.136409,0.385972,0.098599,True,0.135644,0.389983,0.097236,0.000765,0.004010,0.001363,19.78,10,-0.102121,1.032934,0.511876,0.000000,0.000000,0.000000,0.000000,0.000000,0.000000,-0.026880,-0.197400,0.103169,-0.024160,0.025728,-0.010976,FOLLOWER
1786700697658152517,2026-08-14T16:44:57.658177,prediction,0.123161,0.417500,0.078939,0.134094,0.389488,0.096590,True,0.133278,0.393392,0.095146,0.000817,0.003904,0.001443,18.45,10,-0.102121,1.032934,0.511876,0.000000,0.000000,0.000000,0.000000,0.000000,0.000000,-0.026880,-0.197400,0.103169,-0.024160,0.025728,-0.010976,FOLLOWER
1786700697710733872,2026-08-14T16:44:57.710771,prediction,0.117373,0.439000,0.080364,0.131869,0.393711,0.094723,True,0.133278,0.393392,0.095146,0.001409,0.000319,0.000423,0.00,10,-0.099864,1.040225,0.508882,0.000000,0.000000,0.000000,0.000000,0.000000,0.000000,-0.026880,-0.197400,0.103169,-0.024160,0.025728,-0.010976,LEADER
1786700697743778698,2026-08-14T16:44:57.743804,prediction,0.118082,0.433000,0.076738,0.130034,0.398715,0.092790,True,0.133277,0.393392,0.095146,0.003242,0.005323,0.002356,0.00,10,-0.099864,1.040225,0.508882,0.000000,0.000000,0.000000,0.000000,0.000000,0.000000,-0.026880,-0.197400,0.103169,-0.024160,0.025728,-0.010976,LEADER
1786700697775529409,2026-08-14T16:44:57.775543,prediction,0.118082,0.433000,0.073510,0.126711,0.407106,0.088877,True,0.133268,0.393398,0.095142,0.006557,0.013708,0.006265,0.00,10,-0.096729,1.049092,0.505429,0.000000,0.000000,0.000000,0.000000,0.000000,0.000000,-0.026880,-0.197400,0.103169,-0.024160,0.025728,-0.010976,LEADER
1786700697808912333,2026-08-14T16:44:57.808932,prediction,0.115128,0.458000,0.072063,0.125339,0.410994,0.086982,True,0.133245,0.393411,0.095132,0.007906,0.017583,0.008150,0.00,10,-0.096729,1.049092,0.505429,0.000000,0.000000,0.000000,0.000000,0.000000,0.000000,-0.026880,-0.197400,0.103169,-0.024160,0.025728,-0.010976,LEADER
1786700697842133997,2026-08-14T16:44:57.842147,prediction,0.115837,0.452000,0.071636,0.123964,0.415132,0.085080,True,0.133202,0.393438,0.095112,0.009238,0.021695,0.010032,0.00,10,-0.093608,1.057903,0.501997,0.000000,0.000000,0.000000,0.000000,0.000000,0.000000,-0.026880,-0.197400,0.103169,-0.024160,0.025728,-0.010976,LEADER
1786700697875434629,2026-08-14T16:44:57.875446,prediction,0.115837,0.452000,0.071636,0.122560,0.419320,0.083192,True,0.133131,0.393480,0.095081,0.010571,0.025840,0.011889,0.00,10,-0.093608,1.057903,0.501997,0.000000,0.000000,0.000000,0.000000,0.000000,0.000000,-0.026880,-0.197400,0.103169,-0.024160,0.025728,-0.010976,LEADER
1786700697909336918,2026-08-14T16:44:57.909358,prediction,0.114419,0.464000,0.069314,0.122560,0.419320,0.083192,True,0.133027,0.393543,0.095035,0.010467,0.025777,0.011843,0.00,10,-0.090431,1.066763,0.498535,0.000000,0.000000,0.000000,0.000000,0.000000,0.000000,-0.026880,-0.197400,0.103169,-0.024160,0.025728,-0.010976,LEADER
1786700697942095045,2026-08-14T16:44:57.942108,prediction,0.115128,0.458000,0.065689,0.120042,0.428223,0.079308,True,0.132884,0.393629,0.094971,0.012842,0.034594,0.015663,0.00,10,-0.090431,1.066763,0.498535,0.000000,0.000000,0.000000,0.000000,0.000000,0.000000,-0.026880,-0.197400,0.103169,-0.024160,0.025728,-0.010976,LEADER
1786700697975486855,2026-08-14T16:44:57.975499,prediction,0.114419,0.464000,0.062960,0.118899,0.432845,0.077000,True,0.132697,0.393742,0.094887,0.013798,0.039103,0.017888,0.00,10,-0.087764,1.073905,0.495716,0.000000,0.000000,0.000000,0.000000,0.000000,0.000000,-0.026880,-0.197400,0.103169,-0.024160,0.025728,-0.010976,LEADER
1786700698009349066,2026-08-14T16:44:58.009387,prediction,0.114419,0.464000,0.062960,0.118899,0.432845,0.077000,True,0.132461,0.393884,0.094782,0.013562,0.038960,0.017782,0.00,10,-0.087764,1.073905,0.495716,0.000000,0.000000,0.000000,0.000000,0.000000,0.000000,-0.026880,-0.197400,0.103169,-0.024160,0.025728,-0.010976,LEADER
1786700698042492950,2026-08-14T16:44:58.042510,prediction,0.109850,0.476000,0.057560,0.117043,0.440588,0.072321,True,0.132171,0.394059,0.094652,0.015128,0.046529,0.022332,0.00,10,-0.085635,1.078977,0.493651,0.000000,0.000000,0.000000,0.000000,0.000000,0.000000,-0.026880,-0.197400,0.103169,-0.024160,0.025728,-0.010976,LEADER
1786700698076283491,2026-08-14T16:44:58.076304,prediction,0.109151,0.482000,0.054890,0.117043,0.440588,0.072321,True,0.131822,0.394270,0.094497,0.014779,0.046319,0.022176,0.00,10,-0.085635,1.078977,0.493651,0.000000,0.000000,0.000000,0.000000,0.000000,0.000000,-0.026880,-0.197400,0.103169,-0.024160,0.025728,-0.010976,LEADER
1786700698109260414,2026-08-14T16:44:58.109279,prediction,0.107869,0.493000,0.055782,0.116137,0.444224,0.070269,True,0.131411,0.394518,0.094313,0.015273,0.049706,0.024044,0.00,10,-0.083851,1.081905,0.492309,0.000000,0.000000,0.000000,0.000000,0.000000,0.000000,-0.026880,-0.197400,0.103169,-0.024160,0.025728,-0.010976,LEADER
1786700698143350687,2026-08-14T16:44:58.143375,prediction,0.107869,0.493000,0.052653,0.115146,0.448205,0.068493,True,0.130933,0.394806,0.094100,0.015787,0.053398,0.025607,0.00,10,-0.083851,1.081905,0.492309,0.000000,0.000000,0.000000,0.000000,0.000000,0.000000,-0.026880,-0.197400,0.103169,-0.024160,0.025728,-0.010976,LEADER
1786700698175576511,2026-08-14T16:44:58.175596,prediction,0.107170,0.499000,0.053150,0.113446,0.457608,0.064927,True,0.130384,0.395137,0.093855,0.016938,0.062471,0.028929,0.00,10,-0.083687,1.080772,0.492599,0.000000,0.000000,0.000000,0.000000,0.000000,0.000000,-0.026880,-0.197400,0.103169,-0.024160,0.025728,-0.010976,LEADER
1786700698208853076,2026-08-14T16:44:58.208867,prediction,0.107170,0.499000,0.046912,0.112719,0.462082,0.062938,True,0.129763,0.395512,0.093578,0.017044,0.066569,0.030640,0.00,10,-0.083687,1.080772,0.492599,0.000000,0.000000,0.000000,0.000000,0.000000,0.000000,-0.026880,-0.197400,0.103169,-0.024160,0.025728,-0.010976,LEADER
1786700698242147363,2026-08-14T16:44:58.242162,prediction,0.107170,0.499000,0.043793,0.111968,0.466496,0.060755,True,0.129064,0.395934,0.093266,0.017096,0.070563,0.032511,0.00,10,-0.081910,1.081844,0.491806,0.000000,0.000000,0.000000,0.000000,0.000000,0.000000,-0.026880,-0.197400,0.103169,-0.024160,0.025728,-0.010976,LEADER
1786700698275626390,2026-08-14T16:44:58.275654,prediction,0.109574,0.505000,0.041210,0.111401,0.470899,0.058602,True,0.128286,0.396403,0.092919,0.016886,0.074496,0.034317,0.00,10,-0.081910,1.081844,0.491806,0.000000,0.000000,0.000000,0.000000,0.000000,0.000000,-0.026880,-0.197400,0.103169,-0.024160,0.025728,-0.010976,LEADER
1786700698308972176,2026-08-14T16:44:58.308990,prediction,0.106471,0.505000,0.034992,0.110824,0.475620,0.056131,True,0.127426,0.396922,0.092535,0.016603,0.078698,0.036404,0.00,10,-0.080160,1.082900,0.491025,0.000000,0.000000,0.000000,0.000000,0.000000,0.000000,-0.026880,-0.197400,0.103169,-0.024160,0.025728,-0.010976,LEADER
1786700698343181276,2026-08-14T16:44:58.343200,prediction,0.106471,0.505000,0.025664,0.110199,0.479391,0.053066,True,0.126482,0.397492,0.092113,0.016283,0.081899,0.039048,0.00,10,-0.080160,1.082900,0.491025,0.000000,0.000000,0.000000,0.000000,0.000000,0.000000,-0.026880,-0.197400,0.103169,-0.024160,0.025728,-0.010976,LEADER
1786700698375796349,2026-08-14T16:44:58.375810,prediction,0.105073,0.517000,0.017568,0.110199,0.479391,0.053066,True,0.125451,0.398114,0.091653,0.015252,0.081277,0.038588,0.00,10,-0.078347,1.083993,0.490216,0.000000,0.000000,0.000000,0.000000,0.000000,0.000000,-0.026880,-0.197400,0.103169,-0.024160,0.025728,-0.010976,LEADER
1786700698409250964,2026-08-14T16:44:58.409273,prediction,0.103791,0.528000,0.015626,0.108773,0.487154,0.045882,True,0.124332,0.398789,0.091154,0.015559,0.088365,0.045272,0.00,10,-0.078347,1.083993,0.490216,0.000000,0.000000,0.000000,0.000000,0.000000,0.000000,-0.026880,-0.197400,0.103169,-0.024160,0.025728,-0.010976,LEADER
1786700698443338442,2026-08-14T16:44:58.443358,prediction,0.103791,0.528000,0.015626,0.108773,0.487154,0.045882,True,0.123123,0.399518,0.090614,0.014350,0.087636,0.044732,0.00,10,-0.076229,1.085271,0.489271,0.000000,0.000000,0.000000,0.000000,0.000000,0.000000,-0.026880,-0.197400,0.103169,-0.024160,0.025728,-0.010976,LEADER
1786700698476588762,2026-08-14T16:44:58.476616,prediction,0.103209,0.533000,0.010021,0.107978,0.491724,0.042171,True,0.121823,0.400303,0.090034,0.013844,0.091422,0.047863,0.00,10,-0.076229,1.085271,0.489271,0.000000,0.000000,0.000000,0.000000,0.000000,0.000000,-0.026880,-0.197400,0.103169,-0.024160,0.025728,-0.010976,LEADER
1786700698508975537,2026-08-14T16:44:58.508992,prediction,0.099947,0.561000,0.003984,0.106305,0.500597,0.034681,True,0.120430,0.401143,0.089413,0.014125,0.099454,0.054732,0.00,10,-0.073806,1.086733,0.488189,0.000000,0.000000,0.000000,0.000000,0.000000,0.000000,-0.026880,-0.197400,0.103169,-0.024160,0.025728,-0.010976,LEADER
1786700698542128116,2026-08-14T16:44:58.542140,prediction,0.102510,0.539000,-0.010704,0.105816,0.505506,0.030130,True,0.118945,0.402039,0.088750,0.013129,0.103467,0.058619,0.00,10,-0.073806,1.086733,0.488189,0.000000,0.000000,0.000000,0.000000,0.000000,0.000000,-0.026880,-0.197400,0.103169,-0.024160,0.025728,-0.010976,LEADER
1786700698575702049,2026-08-14T16:44:58.575714,prediction,0.101228,0.550000,-0.012428,0.105288,0.510435,0.025642,True,0.117365,0.402992,0.088045,0.012078,0.107443,0.062402,0.00,10,-0.071058,1.088391,0.486962,0.000000,0.000000,0.000000,0.000000,0.000000,0.000000,-0.026880,-0.197400,0.103169,-0.024160,0.025728,-0.010976,LEADER
1786700698609166972,2026-08-14T16:44:58.609183,prediction,0.099947,0.561000,-0.017133,0.105288,0.510435,0.025642,True,0.115691,0.404002,0.087298,0.010404,0.106433,0.061655,0.00,10,-0.071058,1.088391,0.486962,0.000000,0.000000,0.000000,0.000000,0.000000,0.000000,-0.026880,-0.197400,0.103169,-0.024160,0.025728,-0.010976,LEADER
1786700698642837314,2026-08-14T16:44:58.642851,prediction,0.099947,0.561000,-0.017133,0.104759,0.515047,0.020781,True,0.113922,0.405069,0.086508,0.009163,0.109978,0.065727,0.00,10,-0.068024,1.090221,0.485608,0.000000,0.000000,0.000000,0.000000,0.000000,0.000000,-0.026880,-0.197400,0.103169,-0.024160,0.025728,-0.010976,LEADER
1786700698676655022,2026-08-14T16:44:58.676698,prediction,0.099364,0.566000,-0.022529,0.104192,0.519596,0.015769,True,0.112059,0.406193,0.085677,0.007866,0.113403,0.069907,0.00,10,-0.068024,1.090221,0.485608,0.000000,0.000000,0.000000,0.000000,0.000000,0.000000,-0.026880,-0.197400,0.103169,-0.024160,0.025728,-0.010976,LEADER
1786700698708896884,2026-08-14T16:44:58.708918,prediction,0.099364,0.566000,-0.025538,0.103152,0.528933,0.005693,True,0.110101,0.407375,0.084803,0.006949,0.121558,0.079109,0.00,10,-0.064637,1.092265,0.484097,0.000000,0.000000,0.000000,0.000000,0.000000,0.000000,-0.026880,-0.197400,0.103169,-0.024160,0.025728,-0.010976,LEADER
1786700698742379829,2026-08-14T16:44:58.742394,prediction,0.099364,0.566000,-0.028546,0.103152,0.528933,0.005693,True,0.108048,0.408613,0.083887,0.004896,0.120320,0.078193,0.00,10,-0.064637,1.092265,0.484097,0.000000,0.000000,0.000000,0.000000,0.000000,0.000000,-0.026880,-0.197400,0.103169,-0.024160,0.025728,-0.010976,LEADER
1786700698775511211,2026-08-14T16:44:58.775524,prediction,0.094409,0.583000,-0.029304,0.101620,0.537883,-0.003830,True,0.105902,0.409908,0.082929,0.004281,0.127975,0.086759,0.00,10,-0.060950,1.094489,0.482451,0.000000,0.000000,0.000000,0.000000,0.000000,0.000000,-0.026880,-0.197400,0.103169,-0.024160,0.025728,-0.010976,LEADER
1786700698808918694,2026-08-14T16:44:58.808932,prediction,0.095672,0.572000,-0.036757,0.100900,0.542350,-0.008614,True,0.103662,0.411259,0.081929,0.002762,0.131091,0.090543,0.00,10,-0.060950,1.094489,0.482451,0.000000,0.000000,0.000000,0.000000,0.000000,0.000000,-0.026880,-0.197400,0.103169,-0.024160,0.025728,-0.010976,LEADER
1786700698842870656,2026-08-14T16:44:58.842885,prediction,0.092679,0.572000,-0.039756,0.100900,0.542350,-0.008614,True,0.101330,0.412666,0.080888,0.000430,0.129684,0.089502,0.00,10,-0.056922,1.096919,0.480654,0.000000,0.000000,0.000000,0.000000,0.000000,0.000000,-0.026880,-0.197400,0.103169,-0.024160,0.025728,-0.010976,LEADER
1786700698875993133,2026-08-14T16:44:58.876010,prediction,0.087344,0.593000,-0.042800,0.098799,0.551283,-0.016999,True,0.098907,0.414128,0.079807,0.000108,0.137155,0.096806,0.00,10,-0.056922,1.096919,0.480654,0.000000,0.000000,0.000000,0.000000,0.000000,0.000000,-0.026880,-0.197400,0.103169,-0.024160,0.025728,-0.010976,LEADER
1786700698909837538,2026-08-14T16:44:58.909854,prediction,0.082627,0.609000,-0.046424,0.098799,0.551283,-0.016999,True,0.096393,0.415645,0.078685,0.002406,0.135639,0.095684,0.00,10,-0.052615,1.099518,0.478731,0.000000,0.000000,0.000000,0.000000,0.000000,0.000000,-0.026880,-0.197400,0.103169,-0.024160,0.025728,-0.010976,LEADER
1786700698942638534,2026-08-14T16:44:58.942709,prediction,0.084935,0.588000,-0.055391,0.096170,0.560686,-0.025497,True,0.093791,0.417215,0.077524,0.002379,0.143471,0.103021,0.00,10,-0.052615,1.099518,0.478731,0.000000,0.000000,0.000000,0.000000,0.000000,0.000000,-0.026880,-0.197400,0.103169,-0.024160,0.025728,-0.010976,LEADER
1786700698975846289,2026-08-14T16:44:58.975859,prediction,0.080886,0.598000,-0.056874,0.094643,0.565311,-0.029716,True,0.091102,0.418837,0.076323,0.003541,0.146473,0.106039,0.00,10,-0.047971,1.102320,0.476659,0.000000,0.000000,0.000000,0.000000,0.000000,0.000000,-0.026880,-0.197400,0.103169,-0.024160,0.025728,-0.010976,LEADER
1786700699008840074,2026-08-14T16:44:59.008851,prediction,0.081428,0.593000,-0.060583,0.093408,0.569435,-0.034020,True,0.088326,0.420512,0.075085,0.005082,0.148924,0.109105,0.00,10,-0.047971,1.102320,0.476659,0.000000,0.000000,0.000000,0.000000,0.000000,0.000000,-0.026880,-0.197400,0.103169,-0.024160,0.025728,-0.010976,LEADER
1786700699043012235,2026-08-14T16:44:59.043045,prediction,0.079695,0.609000,-0.064049,0.093408,0.569435,-0.034020,True,0.085467,0.422237,0.073809,0.007941,0.147199,0.107829,0.00,10,-0.043002,1.105317,0.474442,0.000000,0.000000,0.000000,0.000000,0.000000,0.000000,-0.026880,-0.197400,0.103169,-0.024160,0.025728,-0.010976,LEADER
1786700699077648696,2026-08-14T16:44:59.077675,prediction,0.080237,0.604000,-0.064818,0.091887,0.573407,-0.037577,True,0.082526,0.424011,0.072496,0.009361,0.149396,0.110073,0.00,10,-0.043002,1.105317,0.474442,0.000000,0.000000,0.000000,0.000000,0.000000,0.000000,-0.026880,-0.197400,0.103169,-0.024160,0.025728,-0.010976,LEADER
1786700699109261918,2026-08-14T16:44:59.109276,prediction,0.080237,0.604000,-0.064818,0.090488,0.577081,-0.041069,True,0.079505,0.425834,0.071148,0.010983,0.151248,0.112217,0.00,10,-0.043002,1.105317,0.474442,0.000000,0.000000,0.000000,0.000000,0.000000,0.000000,-0.026880,-0.197400,0.103169,-0.024160,0.025728,-0.010976,LEADER
1786700699142300595,2026-08-14T16:44:59.142319,prediction,0.080237,0.604000,-0.070709,0.087826,0.584033,-0.047553,True,0.076406,0.427703,0.069765,0.011420,0.156330,0.117318,0.00,10,-0.043002,1.105317,0.474442,0.000000,0.000000,0.000000,0.000000,0.000000,0.000000,-0.026880,-0.197400,0.103169,-0.024160,0.025728,-0.010976,LEADER
1786700699176074843,2026-08-14T16:44:59.176093,prediction,0.079154,0.614000,-0.072067,0.086479,0.587207,-0.050655,True,0.073232,0.429618,0.068348,0.013247,0.157588,0.119003,0.00,10,-0.043002,1.105317,0.474442,0.000000,0.000000,0.000000,0.000000,0.000000,0.000000,-0.026880,-0.197400,0.103169,-0.024160,0.025728,-0.010976,LEADER
1786700699209497007,2026-08-14T16:44:59.209516,prediction,0.078613,0.619000,-0.074194,0.085096,0.590401,-0.053899,True,0.069985,0.431577,0.066899,0.015110,0.158824,0.120798,0.00,10,-0.043002,1.105317,0.474442,0.000000,0.000000,0.000000,0.000000,0.000000,0.000000,-0.026880,-0.197400,0.103169,-0.024160,0.025728,-0.010976,LEADER
1786700699242437903,2026-08-14T16:44:59.242451,prediction,0.078613,0.619000,-0.077115,0.083712,0.593867,-0.057137,True,0.066668,0.433579,0.065419,0.017044,0.160288,0.122555,0.00,10,-0.043002,1.105317,0.474442,0.000000,0.000000,0.000000,0.000000,0.000000,0.000000,-0.026880,-0.197400,0.103169,-0.024160,0.025728,-0.010976,LEADER
1786700699275517741,2026-08-14T16:44:59.275530,prediction,0.076231,0.614000,-0.080854,0.082500,0.597387,-0.060573,True,0.063283,0.435621,0.063908,0.019218,0.161766,0.124481,0.00,10,-0.043002,1.105317,0.474442,0.000000,0.000000,0.000000,0.000000,0.000000,0.000000,-0.026880,-0.197400,0.103169,-0.024160,0.025728,-0.010976,LEADER
1786700699309268668,2026-08-14T16:44:59.309283,prediction,0.076231,0.614000,-0.080854,0.082500,0.597387,-0.060573,True,0.059832,0.437703,0.062368,0.022668,0.159684,0.122941,0.00,10,-0.043002,1.105317,0.474442,0.000000,0.000000,0.000000,0.000000,0.000000,0.000000,-0.026880,-0.197400,0.103169,-0.024160,0.025728,-0.010976,LEADER
1786700699343898738,2026-08-14T16:44:59.343917,prediction,0.074098,0.634000,-0.080475,0.081027,0.600597,-0.063433,True,0.056320,0.439822,0.060800,0.024707,0.160776,0.124233,0.00,10,-0.043002,1.105317,0.474442,0.000000,0.000000,0.000000,0.000000,0.000000,0.000000,-0.026880,-0.197400,0.103169,-0.024160,0.025728,-0.010976,LEADER
1786700699375606636,2026-08-14T16:44:59.375626,prediction,0.071208,0.634000,-0.083371,0.078712,0.608643,-0.068852,True,0.052748,0.441977,0.059206,0.025964,0.166666,0.128059,0.00,10,-0.043002,1.105317,0.474442,0.000000,0.000000,0.000000,0.000000,0.000000,0.000000,-0.026880,-0.197400,0.103169,-0.024160,0.025728,-0.010976,LEADER
1786700699409067488,2026-08-14T16:44:59.409084,prediction,0.070683,0.639000,-0.082536,0.077916,0.611648,-0.071260,True,0.049120,0.444165,0.057587,0.028795,0.167483,0.128847,0.00,10,-0.043002,1.105317,0.474442,0.000000,0.000000,0.000000,0.000000,0.000000,0.000000,-0.026880,-0.197400,0.103169,-0.024160,0.025728,-0.010976,LEADER
1786700699442487248,2026-08-14T16:44:59.442505,prediction,0.069633,0.649000,-0.080865,0.076896,0.614703,-0.072958,True,0.045439,0.446386,0.055945,0.031456,0.168317,0.128902,0.00,10,-0.043002,1.105317,0.474442,0.000000,0.000000,0.000000,0.000000,0.000000,0.000000,-0.026880,-0.197400,0.103169,-0.024160,0.025728,-0.010976,LEADER
1786700699476867983,2026-08-14T16:44:59.476890,prediction,0.068584,0.659000,-0.079195,0.076896,0.614703,-0.072958,True,0.041709,0.448637,0.054280,0.035187,0.166066,0.127237,0.00,10,-0.043002,1.105317,0.474442,0.000000,0.000000,0.000000,0.000000,0.000000,0.000000,-0.026880,-0.197400,0.103169,-0.024160,0.025728,-0.010976,LEADER
1786700699509634164,2026-08-14T16:44:59.509662,prediction,0.067284,0.644000,-0.081701,0.076075,0.618034,-0.074446,True,0.037931,0.450916,0.052594,0.038144,0.167118,0.127040,0.00,10,-0.161984,0.308966,0.388244,0.000000,0.000000,0.000000,0.000000,0.000000,0.000000,-0.026880,-0.197400,0.103169,-0.024160,0.025728,-0.010976,LEADER
1786700699542326056,2026-08-14T16:44:59.542338,prediction,0.066767,0.649000,-0.080865,0.074271,0.625137,-0.076975,True,0.034110,0.453221,0.050889,0.040160,0.171916,0.127863,0.00,10,-0.161984,0.308966,0.388244,0.000000,0.000000,0.000000,0.000000,0.000000,0.000000,-0.026880,-0.197400,0.103169,-0.024160,0.025728,-0.010976,LEADER
1786700699576912420,2026-08-14T16:44:59.576998,prediction,0.066767,0.649000,-0.080865,0.073373,0.628227,-0.078045,True,0.030250,0.455550,0.049166,0.043123,0.172677,0.127210,0.00,10,-0.161984,0.308966,0.388244,0.000000,0.000000,0.000000,0.000000,0.000000,0.000000,-0.026880,-0.197400,0.103169,-0.024160,0.025728,-0.010976,LEADER
1786700699610086853,2026-08-14T16:44:59.610104,prediction,0.063902,0.649000,-0.080865,0.072356,0.630979,-0.079022,True,0.026353,0.457901,0.047426,0.046003,0.173077,0.126448,0.00,10,-0.161984,0.308966,0.388244,0.000000,0.000000,0.000000,0.000000,0.000000,0.000000,-0.026880,-0.197400,0.103169,-0.024160,0.025728,-0.010976,LEADER
1786700699642135844,2026-08-14T16:44:59.642149,prediction,0.063393,0.654000,-0.080030,0.071233,0.633929,-0.079643,True,0.022423,0.460273,0.045672,0.048810,0.173657,0.125315,0.00,10,-0.161984,0.308966,0.388244,0.000000,0.000000,0.000000,0.000000,0.000000,0.000000,-0.026880,-0.197400,0.103169,-0.024160,0.025728,-0.010976,LEADER
1786700699676259231,2026-08-14T16:44:59.676284,prediction,0.063393,0.654000,-0.080030,0.071233,0.633929,-0.079643,True,0.018463,0.462661,0.043905,0.052770,0.171268,0.123548,0.00,10,-0.161984,0.308966,0.388244,0.000000,0.000000,0.000000,0.000000,0.000000,0.000000,-0.026880,-0.197400,0.103169,-0.024160,0.025728,-0.010976,LEADER
1786700699709512922,2026-08-14T16:44:59.709530,prediction,0.063902,0.649000,-0.080865,0.070182,0.636652,-0.080174,True,0.014478,0.465066,0.042127,0.055705,0.171587,0.122301,0.00,10,-0.161984,0.308966,0.388244,0.000000,0.000000,0.000000,0.000000,0.000000,0.000000,-0.026880,-0.197400,0.103169,-0.024160,0.025728,-0.010976,LEADER
1786700699743306955,2026-08-14T16:44:59.743342,prediction,0.063902,0.649000,-0.080865,0.069202,0.639331,-0.080619,True,0.010470,0.467484,0.040338,0.058731,0.171847,0.120957,0.00,10,-0.161984,0.308966,0.388244,0.000000,0.000000,0.000000,0.000000,0.000000,0.000000,-0.026880,-0.197400,0.103169,-0.024160,0.025728,-0.010976,LEADER
1786700699776926022,2026-08-14T16:44:59.776952,prediction,0.063902,0.649000,-0.080865,0.068221,0.641466,-0.080869,True,0.006444,0.469913,0.038541,0.061777,0.171554,0.119410,0.00,10,-0.161984,0.308966,0.388244,0.000000,0.000000,0.000000,0.000000,0.000000,0.000000,-0.026880,-0.197400,0.103169,-0.024160,0.025728,-0.010976,LEADER
1786700699809950434,2026-08-14T16:44:59.809979,prediction,0.064410,0.644000,-0.081701,0.067433,0.643493,-0.080925,True,0.002403,0.472350,0.036738,0.065030,0.171143,0.117663,0.00,10,-0.161984,0.308966,0.388244,0.000000,0.000000,0.000000,0.000000,0.000000,0.000000,-0.026880,-0.197400,0.103169,-0.024160,0.025728,-0.010976,LEADER
1786700699843544428,2026-08-14T16:44:59.843557,prediction,0.063902,0.649000,-0.080865,0.066822,0.645232,-0.081062,True,-0.001649,0.474795,0.034929,0.068471,0.170437,0.115991,0.00,10,-0.161984,0.308966,0.388244,0.000000,0.000000,0.000000,0.000000,0.000000,0.000000,-0.026880,-0.197400,0.103169,-0.024160,0.025728,-0.010976,LEADER
1786700699875836673,2026-08-14T16:44:59.875852,prediction,0.061036,0.649000,-0.080865,0.065465,0.647089,-0.080921,True,-0.005708,0.477244,0.033118,0.071173,0.169845,0.114039,0.00,10,-0.161984,0.308966,0.388244,0.000000,0.000000,0.000000,0.000000,0.000000,0.000000,-0.026880,-0.197400,0.103169,-0.024160,0.025728,-0.010976,LEADER
1786700699908875269,2026-08-14T16:44:59.908887,prediction,0.060536,0.654000,-0.080030,0.064788,0.648085,-0.080754,True,-0.009772,0.479696,0.031304,0.074560,0.168389,0.112058,0.00,10,-0.161984,0.308966,0.388244,0.000000,0.000000,0.000000,0.000000,0.000000,0.000000,-0.026880,-0.197400,0.103169,-0.024160,0.025728,-0.010976,LEADER
1786700699943790065,2026-08-14T16:44:59.943836,prediction,0.062036,0.639000,-0.082536,0.064788,0.648085,-0.080754,True,-0.013835,0.482147,0.029491,0.078623,0.165937,0.110245,0.00,10,-0.161984,0.308966,0.388244,0.000000,0.000000,0.000000,0.000000,0.000000,0.000000,-0.026880,-0.197400,0.103169,-0.024160,0.025728,-0.010976,LEADER
1786700699977021257,2026-08-14T16:44:59.977061,prediction,0.062036,0.639000,-0.082536,0.064282,0.648817,-0.080865,True,-0.017894,0.484596,0.027679,0.082176,0.164220,0.108544,0.00,10,-0.161984,0.308966,0.388244,0.000000,0.000000,0.000000,0.000000,0.000000,0.000000,-0.026880,-0.197400,0.103169,-0.024160,0.025728,-0.010976,LEADER
1786700700009179290,2026-08-14T16:45:00.009192,prediction,0.061536,0.644000,-0.078821,0.063462,0.647819,-0.080896,True,-0.021947,0.487041,0.025871,0.085408,0.160778,0.106767,0.00,10,-0.161984,0.308966,0.388244,0.000000,0.000000,0.000000,0.000000,0.000000,0.000000,-0.026880,-0.197400,0.103169,-0.024160,0.025728,-0.010976,LEADER
1786700700043116868,2026-08-14T16:45:00.043144,prediction,0.061536,0.644000,-0.078821,0.063462,0.647819,-0.080896,True,-0.025987,0.489479,0.024067,0.089449,0.158340,0.104963,0.00,10,-0.161984,0.308966,0.388244,0.000000,0.000000,0.000000,0.000000,0.000000,0.000000,-0.026880,-0.197400,0.103169,-0.024160,0.025728,-0.010976,LEADER
1786700700076844541,2026-08-14T16:45:00.076928,prediction,0.062536,0.634000,-0.080475,0.063146,0.647164,-0.080815,True,-0.030014,0.491908,0.022270,0.093160,0.155256,0.103085,0.00,10,-0.161984,0.308966,0.388244,0.000000,0.000000,0.000000,0.000000,0.000000,0.000000,-0.026880,-0.197400,0.103169,-0.024160,0.025728,-0.010976,LEADER
1786700700108775282,2026-08-14T16:45:00.108786,prediction,0.064410,0.644000,-0.078821,0.062898,0.645833,-0.080653,True,-0.034021,0.494326,0.020482,0.096919,0.151507,0.101135,0.00,10,-0.161984,0.308966,0.388244,0.000000,0.000000,0.000000,0.000000,0.000000,0.000000,-0.026880,-0.197400,0.103169,-0.024160,0.025728,-0.010976,LEADER
1786700700142875474,2026-08-14T16:45:00.142893,prediction,0.065427,0.634000,-0.080475,0.063034,0.644900,-0.080682,True,-0.038006,0.496730,0.018703,0.101040,0.148170,0.099386,0.00,10,-0.161984,0.308966,0.388244,0.000000,0.000000,0.000000,0.000000,0.000000,0.000000,-0.026880,-0.197400,0.103169,-0.024160,0.025728,-0.010976,LEADER
1786700700175880918,2026-08-14T16:45:00.175892,prediction,0.065427,0.634000,-0.080475,0.063169,0.643647,-0.080712,True,-0.041966,0.499119,0.016936,0.105135,0.144528,0.097648,0.00,10,-0.161984,0.308966,0.388244,0.000000,0.000000,0.000000,0.000000,0.000000,0.000000,-0.026880,-0.197400,0.103169,-0.024160,0.025728,-0.010976,LEADER
1786700700209761127,2026-08-14T16:45:00.209803,prediction,0.065427,0.634000,-0.080475,0.063169,0.643647,-0.080712,True,-0.045896,0.501490,0.015182,0.109065,0.142156,0.095894,0.00,10,-0.161984,0.308966,0.388244,0.000000,0.000000,0.000000,0.000000,0.000000,0.000000,-0.026880,-0.197400,0.103169,-0.024160,0.025728,-0.010976,LEADER
1786700700243444773,2026-08-14T16:45:00.243466,prediction,0.066443,0.624000,-0.079217,0.063339,0.642329,-0.080602,True,-0.049793,0.503841,0.013443,0.113132,0.138488,0.094045,0.00,10,-0.161984,0.308966,0.388244,0.000000,0.000000,0.000000,0.000000,0.000000,0.000000,-0.026880,-0.197400,0.103169,-0.024160,0.025728,-0.010976,LEADER
1786700700275634575,2026-08-14T16:45:00.275647,prediction,0.067801,0.639000,-0.076760,0.063734,0.639080,-0.080163,True,-0.053654,0.506171,0.011720,0.117388,0.132909,0.091883,0.00,10,-0.161984,0.308966,0.388244,0.000000,0.000000,0.000000,0.000000,0.000000,0.000000,-0.026880,-0.197400,0.103169,-0.024160,0.025728,-0.010976,LEADER
1786700700309469635,2026-08-14T16:45:00.309490,prediction,0.067801,0.639000,-0.076760,0.063734,0.639080,-0.080163,True,-0.057474,0.508476,0.010015,0.121209,0.130604,0.090178,0.00,10,-0.161984,0.308966,0.388244,0.000000,0.000000,0.000000,0.000000,0.000000,0.000000,-0.026880,-0.197400,0.103169,-0.024160,0.025728,-0.010976,LEADER
1786700700343710683,2026-08-14T16:45:00.343730,prediction,0.069350,0.624000,-0.079217,0.064064,0.637683,-0.079997,True,-0.061252,0.510755,0.008329,0.125316,0.126928,0.088326,0.00,10,-0.161984,0.308966,0.388244,0.000000,0.000000,0.000000,0.000000,0.000000,0.000000,-0.026880,-0.197400,0.103169,-0.024160,0.025728,-0.010976,LEADER
1786700700376761125,2026-08-14T16:45:00.376788,prediction,0.069350,0.624000,-0.079217,0.064427,0.636337,-0.079887,True,-0.064983,0.513006,0.006664,0.129410,0.123331,0.086551,0.00,10,-0.161984,0.308966,0.388244,0.000000,0.000000,0.000000,0.000000,0.000000,0.000000,-0.026880,-0.197400,0.103169,-0.024160,0.025728,-0.010976,LEADER
1786700700409285501,2026-08-14T16:45:00.409312,prediction,0.070384,0.614000,-0.080854,0.065638,0.633080,-0.079832,True,-0.068664,0.515226,0.005021,0.134301,0.117854,0.084853,0.00,10,-0.161984,0.308966,0.388244,0.000000,0.000000,0.000000,0.000000,0.000000,0.000000,-0.026880,-0.197400,0.103169,-0.024160,0.025728,-0.010976,LEADER
1786700700442157051,2026-08-14T16:45:00.442170,prediction,0.071208,0.634000,-0.077579,0.066249,0.631416,-0.079502,True,-0.072291,0.517415,0.003402,0.138541,0.114001,0.082904,0.00,10,-0.161984,0.308966,0.388244,0.000000,0.000000,0.000000,0.000000,0.000000,0.000000,-0.026880,-0.197400,0.103169,-0.024160,0.025728,-0.010976,LEADER
1786700700476070598,2026-08-14T16:45:00.476089,prediction,0.072257,0.624000,-0.079217,0.066249,0.631416,-0.079502,True,-0.075863,0.519570,0.001808,0.142112,0.111846,0.081310,0.00,10,-0.161984,0.308966,0.388244,0.000000,0.000000,0.000000,0.000000,0.000000,0.000000,-0.026880,-0.197400,0.103169,-0.024160,0.025728,-0.010976,LEADER
1786700700509254804,2026-08-14T16:45:00.509274,prediction,0.072257,0.624000,-0.079217,0.067645,0.629257,-0.079307,True,-0.079376,0.521689,0.000240,0.147021,0.107568,0.079547,0.00,10,-0.161984,0.308966,0.388244,0.000000,0.000000,0.000000,0.000000,0.000000,0.000000,-0.026880,-0.197400,0.103169,-0.024160,0.025728,-0.010976,LEADER
1786700700542175400,2026-08-14T16:45:00.542188,prediction,0.073307,0.614000,-0.077925,0.068397,0.628251,-0.079192,True,-0.082826,0.523771,-0.001299,0.151223,0.104481,0.077893,0.00,10,-0.161984,0.308966,0.388244,0.000000,0.000000,0.000000,0.000000,0.000000,0.000000,-0.026880,-0.197400,0.103169,-0.024160,0.025728,-0.010976,LEADER
1786700700575917678,2026-08-14T16:45:00.575934,prediction,0.076231,0.614000,-0.077925,0.068397,0.628251,-0.079192,True,-0.086211,0.525813,-0.002810,0.154608,0.102438,0.076382,0.00,10,-0.161984,0.308966,0.388244,0.000000,0.000000,0.000000,0.000000,0.000000,0.000000,-0.026880,-0.197400,0.103169,-0.024160,0.025728,-0.010976,LEADER
1786700700608845987,2026-08-14T16:45:00.608858,prediction,0.076231,0.614000,-0.077925,0.070098,0.625077,-0.078962,True,-0.089529,0.527815,-0.004291,0.159626,0.097262,0.074672,0.00,10,-0.161984,0.308966,0.388244,0.000000,0.000000,0.000000,0.000000,0.000000,0.000000,-0.026880,-0.197400,0.103169,-0.024160,0.025728,-0.010976,LEADER
1786700700642771275,2026-08-14T16:45:00.642790,prediction,0.079695,0.609000,-0.075798,0.070098,0.625077,-0.078962,True,-0.092776,0.529774,-0.005740,0.162873,0.095303,0.073222,0.00,10,-0.161984,0.308966,0.388244,0.000000,0.000000,0.000000,0.000000,0.000000,0.000000,-0.026880,-0.197400,0.103169,-0.024160,0.025728,-0.010976,LEADER
1786700700675991613,2026-08-14T16:45:00.676004,prediction,0.078071,0.624000,-0.073392,0.071892,0.622336,-0.078178,True,-0.095950,0.531689,-0.007157,0.167842,0.090648,0.071022,0.00,10,-0.161984,0.308966,0.388244,0.000000,0.000000,0.000000,0.000000,0.000000,0.000000,-0.026880,-0.197400,0.103169,-0.024160,0.025728,-0.010976,LEADER
1786700700709338322,2026-08-14T16:45:00.709352,prediction,0.080886,0.598000,-0.077563,0.072855,0.620734,-0.078068,True,-0.099048,0.533558,-0.008540,0.171903,0.087176,0.069529,0.00,10,-0.161984,0.308966,0.388244,0.000000,0.000000,0.000000,0.000000,0.000000,0.000000,-0.026880,-0.197400,0.103169,-0.024160,0.025728,-0.010976,LEADER
1786700700743592623,2026-08-14T16:45:00.743613,prediction,0.078613,0.619000,-0.074194,0.073666,0.620147,-0.077733,True,-0.102069,0.535381,-0.009888,0.175736,0.084766,0.067846,0.00,10,-0.161984,0.308966,0.388244,0.000000,0.000000,0.000000,0.000000,0.000000,0.000000,-0.026880,-0.197400,0.103169,-0.024160,0.025728,-0.010976,LEADER
1786700700775535685,2026-08-14T16:45:00.775550,prediction,0.079154,0.614000,-0.074996,0.074423,0.619496,-0.077616,True,-0.105010,0.537155,-0.011200,0.179434,0.082341,0.066415,0.00,10,-0.161984,0.308966,0.388244,0.000000,0.000000,0.000000,0.000000,0.000000,0.000000,-0.026880,-0.197400,0.103169,-0.024160,0.025728,-0.010976,LEADER
1786700700809165197,2026-08-14T16:45:00.809176,prediction,0.079695,0.609000,-0.075798,0.075113,0.618832,-0.077388,True,-0.107870,0.538880,-0.012476,0.182982,0.079952,0.064911,0.00,10,-0.161984,0.308966,0.388244,0.000000,0.000000,0.000000,0.000000,0.000000,0.000000,-0.026880,-0.197400,0.103169,-0.024160,0.025728,-0.010976,LEADER
1786700700842171562,2026-08-14T16:45:00.842184,prediction,0.078071,0.624000,-0.073392,0.075694,0.618166,-0.076999,True,-0.110645,0.540554,-0.013715,0.186339,0.077612,0.063284,0.00,10,-0.161984,0.308966,0.388244,0.000000,0.000000,0.000000,0.000000,0.000000,0.000000,-0.026880,-0.197400,0.103169,-0.024160,0.025728,-0.010976,LEADER
1786700700876006182,2026-08-14T16:45:00.876027,prediction,0.078613,0.619000,-0.074194,0.076312,0.617767,-0.076665,True,-0.113334,0.542177,-0.014915,0.189646,0.075590,0.061749,0.00,10,-0.161984,0.308966,0.388244,0.000000,0.000000,0.000000,0.000000,0.000000,0.000000,-0.026880,-0.197400,0.103169,-0.024160,0.025728,-0.010976,LEADER
1786700700909030108,2026-08-14T16:45:00.909041,prediction,0.077530,0.629000,-0.072589,0.076788,0.617687,-0.076114,True,-0.115937,0.543747,-0.016077,0.192725,0.073940,0.060037,0.00,10,-0.161984,0.308966,0.388244,0.000000,0.000000,0.000000,0.000000,0.000000,0.000000,-0.026880,-0.197400,0.103169,-0.024160,0.025728,-0.010976,LEADER
1786700700942109401,2026-08-14T16:45:00.942122,prediction,0.078613,0.619000,-0.074194,0.077282,0.617404,-0.075888,True,-0.118450,0.545263,-0.017198,0.195732,0.072141,0.058689,0.00,10,-0.161984,0.308966,0.388244,0.000000,0.000000,0.000000,0.000000,0.000000,0.000000,-0.026880,-0.197400,0.103169,-0.024160,0.025728,-0.010976,LEADER
1786700700977092141,2026-08-14T16:45:00.977129,prediction,0.078613,0.619000,-0.074194,0.077282,0.617404,-0.075888,True,-0.120873,0.546725,-0.018280,0.198155,0.070679,0.057608,0.00,10,-0.161984,0.308966,0.388244,0.000000,0.000000,0.000000,0.000000,0.000000,0.000000,-0.026880,-0.197400,0.103169,-0.024160,0.025728,-0.010976,LEADER
1786700701008848639,2026-08-14T16:45:01.008866,prediction,0.082627,0.609000,-0.069924,0.078397,0.616749,-0.074933,True,-0.123205,0.548132,-0.019321,0.201602,0.068617,0.055613,0.00,10,-0.161984,0.308966,0.388244,0.000000,0.000000,0.000000,0.000000,0.000000,0.000000,-0.026880,-0.197400,0.103169,-0.024160,0.025728,-0.010976,LEADER
1786700701042218273,2026-08-14T16:45:01.042234,prediction,0.083177,0.604000,-0.070709,0.079055,0.615883,-0.074452,True,-0.125445,0.549484,-0.020320,0.204500,0.066400,0.054132,0.00,10,-0.161984,0.308966,0.388244,0.000000,0.000000,0.000000,0.000000,0.000000,0.000000,-0.026880,-0.197400,0.103169,-0.024160,0.025728,-0.010976,LEADER
1786700701076515054,2026-08-14T16:45:01.076541,prediction,0.083177,0.604000,-0.070709,0.079055,0.615883,-0.074452,True,-0.127591,0.550779,-0.021278,0.206646,0.065105,0.053174,0.00,10,-0.161984,0.308966,0.388244,0.000000,0.000000,0.000000,0.000000,0.000000,0.000000,-0.026880,-0.197400,0.103169,-0.024160,0.025728,-0.010976,LEADER
1786700701108919626,2026-08-14T16:45:01.108936,prediction,0.082627,0.609000,-0.069924,0.079944,0.614502,-0.073438,True,-0.129644,0.552017,-0.022194,0.209588,0.062485,0.051244,0.00,10,-0.161984,0.308966,0.388244,0.000000,0.000000,0.000000,0.000000,0.000000,0.000000,-0.026880,-0.197400,0.103169,-0.024160,0.025728,-0.010976,LEADER
1786700701143056668,2026-08-14T16:45:01.143075,prediction,0.082627,0.609000,-0.069924,0.079944,0.614502,-0.073438,True,-0.131602,0.553198,-0.023068,0.211546,0.061304,0.050370,0.00,10,-0.161984,0.308966,0.388244,0.000000,0.000000,0.000000,0.000000,0.000000,0.000000,-0.026880,-0.197400,0.103169,-0.024160,0.025728,-0.010976,LEADER
1786700701176075602,2026-08-14T16:45:01.176124,prediction,0.083836,0.598000,-0.071652,0.080605,0.612847,-0.072849,True,-0.133466,0.554323,-0.023900,0.214070,0.058524,0.048949,0.00,10,-0.161984,0.308966,0.388244,0.000000,0.000000,0.000000,0.000000,0.000000,0.000000,-0.026880,-0.197400,0.103169,-0.024160,0.025728,-0.010976,LEADER
1786700701209451838,2026-08-14T16:45:01.209463,prediction,0.083177,0.604000,-0.067764,0.080605,0.612847,-0.072849,True,-0.135234,0.555390,-0.024689,0.215839,0.057457,0.048159,0.00,10,-0.161984,0.308966,0.388244,0.000000,0.000000,0.000000,0.000000,0.000000,0.000000,-0.026880,-0.197400,0.103169,-0.024160,0.025728,-0.010976,LEADER
1786700701242412740,2026-08-14T16:45:01.242427,prediction,0.082627,0.609000,-0.066986,0.080757,0.612063,-0.072195,True,-0.136908,0.556400,-0.025436,0.217666,0.055663,0.046759,0.00,10,-0.161984,0.308966,0.388244,0.000000,0.000000,0.000000,0.000000,0.000000,0.000000,-0.026880,-0.197400,0.103169,-0.024160,0.025728,-0.010976,LEADER
1786700701275919202,2026-08-14T16:45:01.275938,prediction,0.084935,0.588000,-0.070252,0.081025,0.611106,-0.071715,True,-0.138488,0.557353,-0.026141,0.219513,0.053753,0.045573,0.00,10,-0.161984,0.308966,0.388244,0.000000,0.000000,0.000000,0.000000,0.000000,0.000000,-0.026880,-0.197400,0.103169,-0.024160,0.025728,-0.010976,LEADER
1786700701309764336,2026-08-14T16:45:01.309813,prediction,0.084935,0.588000,-0.070252,0.081410,0.610381,-0.071398,True,-0.139974,0.558249,-0.026804,0.221384,0.052132,0.044594,0.00,10,-0.161984,0.308966,0.388244,0.000000,0.000000,0.000000,0.000000,0.000000,0.000000,-0.026880,-0.197400,0.103169,-0.024160,0.025728,-0.010976,LEADER
1786700701344029952,2026-08-14T16:45:01.344052,prediction,0.084386,0.593000,-0.069474,0.082107,0.608063,-0.070664,True,-0.141366,0.559089,-0.027426,0.223473,0.048974,0.043238,0.00,10,-0.161984,0.308966,0.388244,0.000000,0.000000,0.000000,0.000000,0.000000,0.000000,-0.026880,-0.197400,0.103169,-0.024160,0.025728,-0.010976,LEADER
1786700701377033398,2026-08-14T16:45:01.377054,prediction,0.083836,0.598000,-0.068697,0.082107,0.608063,-0.070664,True,-0.142666,0.559873,-0.028006,0.224774,0.048190,0.042658,0.00,10,-0.161984,0.308966,0.388244,0.000000,0.000000,0.000000,0.000000,0.000000,0.000000,-0.026880,-0.197400,0.103169,-0.024160,0.025728,-0.010976,LEADER
1786700701409464065,2026-08-14T16:45:01.409479,prediction,0.083177,0.604000,-0.067764,0.082832,0.605016,-0.069976,True,-0.143875,0.560603,-0.028546,0.226707,0.044413,0.041430,0.00,10,-0.161984,0.308966,0.388244,0.000000,0.000000,0.000000,0.000000,0.000000,0.000000,-0.026880,-0.197400,0.103169,-0.024160,0.025728,-0.010976,LEADER
1786700701443431352,2026-08-14T16:45:01.443452,prediction,0.084935,0.588000,-0.070252,0.082832,0.605016,-0.069976,True,-0.144994,0.561278,-0.029045,0.227826,0.043738,0.040931,0.00,10,-0.161984,0.308966,0.388244,0.000000,0.000000,0.000000,0.000000,0.000000,0.000000,-0.026880,-0.197400,0.103169,-0.024160,0.025728,-0.010976,LEADER
1786700701476539861,2026-08-14T16:45:01.476554,prediction,0.083177,0.604000,-0.067764,0.083254,0.603563,-0.069713,True,-0.146025,0.561900,-0.029505,0.229279,0.041663,0.040208,0.00,10,-0.161984,0.308966,0.388244,0.000000,0.000000,0.000000,0.000000,0.000000,0.000000,-0.026880,-0.197400,0.103169,-0.024160,0.025728,-0.010976,LEADER
1786700701509021337,2026-08-14T16:45:01.509033,prediction,0.083177,0.604000,-0.067764,0.083594,0.601455,-0.069140,True,-0.146969,0.562470,-0.029926,0.230564,0.038985,0.039214,0.00,10,-0.161984,0.308966,0.388244,0.000000,0.000000,0.000000,0.000000,0.000000,0.000000,-0.026880,-0.197400,0.103169,-0.024160,0.025728,-0.010976,LEADER
1786700701543677885,2026-08-14T16:45:01.543704,prediction,0.084386,0.593000,-0.069474,0.083594,0.601455,-0.069140,True,-0.147829,0.562988,-0.030310,0.231424,0.038466,0.038830,0.00,10,-0.161984,0.308966,0.388244,0.000000,0.000000,0.000000,0.000000,0.000000,0.000000,-0.026880,-0.197400,0.103169,-0.024160,0.025728,-0.010976,LEADER
1786700701576124450,2026-08-14T16:45:01.576160,prediction,0.084386,0.593000,-0.069474,0.083756,0.600304,-0.068975,True,-0.148607,0.563458,-0.030657,0.232363,0.036846,0.038318,0.00,10,-0.161984,0.308966,0.388244,0.000000,0.000000,0.000000,0.000000,0.000000,0.000000,-0.026880,-0.197400,0.103169,-0.024160,0.025728,-0.010976,LEADER
1786700701609673958,2026-08-14T16:45:01.609769,prediction,0.084935,0.588000,-0.067279,0.083909,0.599581,-0.068799,True,-0.149306,0.563879,-0.030969,0.233215,0.035701,0.037830,0.00,10,-0.161984,0.308966,0.388244,0.000000,0.000000,0.000000,0.000000,0.000000,0.000000,-0.026880,-0.197400,0.103169,-0.024160,0.025728,-0.010976,LEADER
1786700701642734745,2026-08-14T16:45:01.642806,prediction,0.084935,0.588000,-0.067279,0.083909,0.599581,-0.068799,True,-0.149928,0.564254,-0.031247,0.233837,0.035326,0.037552,0.00,10,-0.161984,0.308966,0.388244,0.000000,0.000000,0.000000,0.000000,0.000000,0.000000,-0.026880,-0.197400,0.103169,-0.024160,0.025728,-0.010976,LEADER
1786700701676215593,2026-08-14T16:45:01.676230,prediction,0.086694,0.572000,-0.069741,0.084100,0.598583,-0.068869,True,-0.150476,0.564585,-0.031491,0.234576,0.033998,0.037377,0.00,10,-0.161984,0.308966,0.388244,0.000000,0.000000,0.000000,0.000000,0.000000,0.000000,-0.026880,-0.197400,0.103169,-0.024160,0.025728,-0.010976,LEADER
1786700701709776891,2026-08-14T16:45:01.709799,prediction,0.084935,0.588000,-0.067279,0.084100,0.597850,-0.068475,True,-0.150954,0.564874,-0.031705,0.235054,0.032976,0.036770,0.00,10,-0.161984,0.308966,0.388244,0.000000,0.000000,0.000000,0.000000,0.000000,0.000000,-0.026880,-0.197400,0.103169,-0.024160,0.025728,-0.010976,LEADER
1786700701743126190,2026-08-14T16:45:01.743147,prediction,0.084935,0.588000,-0.067279,0.084217,0.597170,-0.068442,True,-0.151365,0.565122,-0.031888,0.235583,0.032048,0.036554,0.00,10,-0.161984,0.308966,0.388244,0.000000,0.000000,0.000000,0.000000,0.000000,0.000000,-0.026880,-0.197400,0.103169,-0.024160,0.025728,-0.010976,LEADER
1786700701776444716,2026-08-14T16:45:01.776462,prediction,0.083836,0.598000,-0.065741,0.084408,0.596181,-0.068513,True,-0.151714,0.565332,-0.032044,0.236122,0.030848,0.036469,0.00,10,-0.161984,0.308966,0.388244,0.000000,0.000000,0.000000,0.000000,0.000000,0.000000,-0.026880,-0.197400,0.103169,-0.024160,0.025728,-0.010976,LEADER
1786700701810956241,2026-08-14T16:45:01.810991,prediction,0.083836,0.598000,-0.065741,0.084334,0.595129,-0.068213,True,-0.152004,0.565507,-0.032174,0.236339,0.029622,0.036039,0.00,10,-0.161984,0.308966,0.388244,0.000000,0.000000,0.000000,0.000000,0.000000,0.000000,-0.026880,-0.197400,0.103169,-0.024160,0.025728,-0.010976,LEADER
1786700701842527571,2026-08-14T16:45:01.842562,prediction,0.084935,0.588000,-0.067279,0.084481,0.593650,-0.068023,True,-0.152241,0.565650,-0.032279,0.236722,0.028001,0.035744,0.00,10,-0.161984,0.308966,0.388244,0.000000,0.000000,0.000000,0.000000,0.000000,0.000000,-0.026880,-0.197400,0.103169,-0.024160,0.025728,-0.010976,LEADER
1786700701876806871,2026-08-14T16:45:01.876850,prediction,0.084935,0.588000,-0.067279,0.084481,0.593650,-0.068023,True,-0.152428,0.565763,-0.032362,0.236909,0.027888,0.035661,0.00,10,-0.161984,0.308966,0.388244,0.000000,0.000000,0.000000,0.000000,0.000000,0.000000,-0.026880,-0.197400,0.103169,-0.024160,0.025728,-0.010976,LEADER
1786700701910010065,2026-08-14T16:45:01.910028,prediction,0.086144,0.577000,-0.068972,0.084481,0.593023,-0.067826,True,-0.152570,0.565849,-0.032426,0.237051,0.027175,0.035400,0.00,10,-0.161984,0.308966,0.388244,0.000000,0.000000,0.000000,0.000000,0.000000,0.000000,-0.026880,-0.197400,0.103169,-0.024160,0.025728,-0.010976,LEADER
1786700701943708553,2026-08-14T16:45:01.943726,prediction,0.086144,0.577000,-0.068972,0.084679,0.592365,-0.067907,True,-0.152674,0.565911,-0.032472,0.237353,0.026453,0.035434,0.00,10,-0.161984,0.308966,0.388244,0.000000,0.000000,0.000000,0.000000,0.000000,0.000000,-0.026880,-0.197400,0.103169,-0.024160,0.025728,-0.010976,LEADER
1786700701977239649,2026-08-14T16:45:01.977256,prediction,0.086694,0.572000,-0.069741,0.084796,0.591113,-0.067873,True,-0.152745,0.565954,-0.032504,0.237541,0.025159,0.035368,0.00,10,-0.161984,0.308966,0.388244,0.000000,0.000000,0.000000,0.000000,0.000000,0.000000,-0.026880,-0.197400,0.103169,-0.024160,0.025728,-0.010976,LEADER
1786700702010201504,2026-08-14T16:45:02.010220,prediction,0.083836,0.598000,-0.065741,0.084840,0.589423,-0.067738,True,-0.152789,0.565980,-0.032524,0.237629,0.023442,0.035214,0.00,10,-0.161984,0.308966,0.388244,0.000000,0.000000,0.000000,0.000000,0.000000,0.000000,-0.026880,-0.197400,0.103169,-0.024160,0.025728,-0.010976,LEADER
1786700702043362450,2026-08-14T16:45:02.043384,prediction,0.084935,0.588000,-0.067279,0.084957,0.588231,-0.067705,True,-0.152811,0.565994,-0.032534,0.237769,0.022237,0.035172,0.00,10,-0.161984,0.308966,0.388244,0.000000,0.000000,0.000000,0.000000,0.000000,0.000000,-0.026880,-0.197400,0.103169,-0.024160,0.025728,-0.010976,LEADER
1786700702076334998,2026-08-14T16:45:02.076375,prediction,0.084935,0.588000,-0.067279,0.084994,0.587140,-0.067559,True,-0.152820,0.565999,-0.032537,0.237814,0.021140,0.035022,0.00,10,-0.161984,0.308966,0.388244,0.000000,0.000000,0.000000,0.000000,0.000000,0.000000,-0.026880,-0.197400,0.103169,-0.024160,0.025728,-0.010976,LEADER
1786700702110382961,2026-08-14T16:45:02.110410,prediction,0.087902,0.588000,-0.067279,0.085031,0.586655,-0.067413,True,-0.152821,0.566000,-0.032538,0.237852,0.020655,0.034875,0.00,10,-0.161984,0.308966,0.388244,0.000000,0.000000,0.000000,0.000000,0.000000,0.000000,-0.026880,-0.197400,0.103169,-0.024160,0.025728,-0.010976,LEADER
1786700702143969018,2026-08-14T16:45:02.143989,prediction,0.087902,0.588000,-0.067279,0.085228,0.586291,-0.067413,True,-0.152821,0.566000,-0.032538,0.238049,0.020291,0.034875,0.00,10,-0.161984,0.308966,0.388244,0.000000,0.000000,0.000000,0.000000,0.000000,0.000000,-0.026880,-0.197400,0.103169,-0.024160,0.025728,-0.010976,LEADER
1786700702178210348,2026-08-14T16:45:02.178295,prediction,0.088460,0.583000,-0.068049,0.085346,0.586218,-0.067300,True,-0.152821,0.566000,-0.032538,0.238167,0.020218,0.034762,0.00,10,-0.161984,0.308966,0.388244,0.000000,0.000000,0.000000,0.000000,0.000000,0.000000,-0.026880,-0.197400,0.103169,-0.024160,0.025728,-0.010976,LEADER
1786700702209475990,2026-08-14T16:45:02.209490,prediction,0.088460,0.583000,-0.068049,0.085654,0.585937,-0.067454,True,-0.152821,0.566000,-0.032538,0.238475,0.019937,0.034916,0.00,10,-0.161984,0.308966,0.388244,0.000000,0.000000,0.000000,0.000000,0.000000,0.000000,-0.026880,-0.197400,0.103169,-0.024160,0.025728,-0.010976,LEADER
1786700702242111420,2026-08-14T16:45:02.242124,prediction,0.087902,0.588000,-0.067279,0.086050,0.585283,-0.067454,True,-0.152821,0.566000,-0.032538,0.238871,0.019283,0.034916,0.00,10,-0.161984,0.308966,0.388244,0.000000,0.000000,0.000000,0.000000,0.000000,0.000000,-0.026880,-0.197400,0.103169,-0.024160,0.025728,-0.010976,LEADER
1786700702275482182,2026-08-14T16:45:02.275496,prediction,0.088460,0.583000,-0.068049,0.086359,0.584950,-0.067608,True,-0.152821,0.566000,-0.032538,0.239180,0.018950,0.035070,0.00,10,-0.161984,0.308966,0.388244,0.000000,0.000000,0.000000,0.000000,0.000000,0.000000,-0.026880,-0.197400,0.103169,-0.024160,0.025728,-0.010976,LEADER
1786700702309279809,2026-08-14T16:45:02.309293,prediction,0.086117,0.604000,-0.064818,0.086401,0.585150,-0.067392,True,-0.152821,0.566000,-0.032538,0.239222,0.019150,0.034854,0.00,10,-0.161984,0.308966,0.388244,0.000000,0.000000,0.000000,0.000000,0.000000,0.000000,-0.026880,-0.197400,0.103169,-0.024160,0.025728,-0.010976,LEADER
1786700702343286630,2026-08-14T16:45:02.343304,prediction,0.087344,0.593000,-0.066510,0.086401,0.585150,-0.067392,True,-0.152821,0.566000,-0.032538,0.239222,0.019150,0.034854,0.00,10,-0.161984,0.308966,0.388244,0.000000,0.000000,0.000000,0.000000,0.000000,0.000000,-0.026880,-0.197400,0.103169,-0.024160,0.025728,-0.010976,LEADER
1786700702376270657,2026-08-14T16:45:02.376287,prediction,0.087344,0.593000,-0.066510,0.086561,0.585457,-0.067341,True,-0.152821,0.566000,-0.032538,0.239382,0.019457,0.034803,0.00,10,-0.161984,0.308966,0.388244,0.000000,0.000000,0.000000,0.000000,0.000000,0.000000,-0.026880,-0.197400,0.103169,-0.024160,0.025728,-0.010976,LEADER
1786700702409462137,2026-08-14T16:45:02.409479,prediction,0.086786,0.598000,-0.065741,0.086758,0.586051,-0.067341,True,-0.152821,0.566000,-0.032538,0.239579,0.020051,0.034803,0.00,10,-0.161984,0.308966,0.388244,0.000000,0.000000,0.000000,0.000000,0.000000,0.000000,-0.026880,-0.197400,0.103169,-0.024160,0.025728,-0.010976,LEADER
1786700702442683118,2026-08-14T16:45:02.442701,prediction,0.087902,0.588000,-0.067279,0.086875,0.586437,-0.067228,True,-0.152821,0.566000,-0.032538,0.239696,0.020437,0.034690,0.00,10,-0.161984,0.308966,0.388244,0.000000,0.000000,0.000000,0.000000,0.000000,0.000000,-0.026880,-0.197400,0.103169,-0.024160,0.025728,-0.010976,LEADER
1786700702475940242,2026-08-14T16:45:02.475959,prediction,0.089687,0.572000,-0.069741,0.087308,0.588140,-0.067279,True,-0.152821,0.566000,-0.032538,0.240129,0.022140,0.034741,0.00,10,-0.161984,0.308966,0.388244,0.000000,0.000000,0.000000,0.000000,0.000000,0.000000,-0.026880,-0.197400,0.103169,-0.024160,0.025728,-0.010976,LEADER
1786700702509539292,2026-08-14T16:45:02.509561,prediction,0.087344,0.593000,-0.066510,0.087469,0.588561,-0.067228,True,-0.152821,0.566000,-0.032538,0.240290,0.022561,0.034690,0.00,10,-0.161984,0.308966,0.388244,0.000000,0.000000,0.000000,0.000000,0.000000,0.000000,-0.026880,-0.197400,0.103169,-0.024160,0.025728,-0.010976,LEADER
1786700702543043657,2026-08-14T16:45:02.543076,prediction,0.087344,0.593000,-0.066510,0.087469,0.588561,-0.067228,True,-0.152821,0.566000,-0.032538,0.240290,0.022561,0.034690,0.00,10,-0.161984,0.308966,0.388244,0.000000,0.000000,0.000000,0.000000,0.000000,0.000000,-0.026880,-0.197400,0.103169,-0.024160,0.025728,-0.010976,LEADER
1786700702576066833,2026-08-14T16:45:02.576082,prediction,0.089736,0.598000,-0.065741,0.087749,0.588059,-0.067341,True,-0.152821,0.566000,-0.032538,0.240570,0.022059,0.034803,0.00,10,-0.161984,0.308966,0.388244,0.000000,0.000000,0.000000,0.000000,0.000000,0.000000,-0.026880,-0.197400,0.103169,-0.024160,0.025728,-0.010976,LEADER
1786700702609836300,2026-08-14T16:45:02.609860,prediction,0.087902,0.588000,-0.067279,0.088069,0.588225,-0.067238,True,-0.152821,0.566000,-0.032538,0.240890,0.022225,0.034700,0.00,10,-0.161984,0.308966,0.388244,0.000000,0.000000,0.000000,0.000000,0.000000,0.000000,-0.026880,-0.197400,0.103169,-0.024160,0.025728,-0.010976,LEADER
1786700702643043176,2026-08-14T16:45:02.643085,prediction,0.087902,0.588000,-0.067279,0.088069,0.588258,-0.067238,True,-0.152821,0.566000,-0.032538,0.240890,0.022258,0.034700,0.00,10,-0.161984,0.308966,0.388244,0.000000,0.000000,0.000000,0.000000,0.000000,0.000000,-0.026880,-0.197400,0.103169,-0.024160,0.025728,-0.010976,LEADER
1786700702676998648,2026-08-14T16:45:02.677012,prediction,0.086117,0.604000,-0.064818,0.087912,0.588798,-0.067023,True,-0.152821,0.566000,-0.032538,0.240733,0.022798,0.034485,0.00,10,-0.161984,0.308966,0.388244,0.000000,0.000000,0.000000,0.000000,0.000000,0.000000,-0.026880,-0.197400,0.103169,-0.024160,0.025728,-0.010976,LEADER
1786700702709963532,2026-08-14T16:45:02.709981,prediction,0.087902,0.588000,-0.067279,0.087875,0.589173,-0.066972,True,-0.152821,0.566000,-0.032538,0.240696,0.023173,0.034434,0.00,10,-0.161984,0.308966,0.388244,0.000000,0.000000,0.000000,0.000000,0.000000,0.000000,-0.026880,-0.197400,0.103169,-0.024160,0.025728,-0.010976,LEADER
1786700702743291370,2026-08-14T16:45:02.743389,prediction,0.086786,0.598000,-0.065741,0.087883,0.589850,-0.066982,True,-0.152821,0.566000,-0.032538,0.240704,0.023850,0.034444,0.00,10,-0.161984,0.308966,0.388244,0.000000,0.000000,0.000000,0.000000,0.000000,0.000000,-0.026880,-0.197400,0.103169,-0.024160,0.025728,-0.010976,LEADER
1786700702776356218,2026-08-14T16:45:02.776377,prediction,0.086786,0.598000,-0.065741,0.087883,0.589850,-0.066982,True,-0.152821,0.566000,-0.032538,0.240704,0.023850,0.034444,0.00,10,-0.161984,0.308966,0.388244,0.000000,0.000000,0.000000,0.000000,0.000000,0.000000,-0.026880,-0.197400,0.103169,-0.024160,0.025728,-0.010976,LEADER
1786700702808966395,2026-08-14T16:45:02.809003,prediction,0.087344,0.593000,-0.066510,0.087853,0.591423,-0.066941,True,-0.152821,0.566000,-0.032538,0.240674,0.025423,0.034403,0.00,10,-0.161984,0.308966,0.388244,0.000000,0.000000,0.000000,0.000000,0.000000,0.000000,-0.026880,-0.197400,0.103169,-0.024160,0.025728,-0.010976,LEADER
1786700702843367913,2026-08-14T16:45:02.843491,prediction,0.087344,0.593000,-0.066510,0.087853,0.591423,-0.066941,True,-0.152821,0.566000,-0.032538,0.240674,0.025423,0.034403,0.00,10,-0.161984,0.308966,0.388244,0.000000,0.000000,0.000000,0.000000,0.000000,0.000000,-0.026880,-0.197400,0.103169,-0.024160,0.025728,-0.010976,LEADER
1786700702876322350,2026-08-14T16:45:02.876345,prediction,0.089057,0.604000,-0.064818,0.088004,0.591326,-0.066879,True,-0.152821,0.566000,-0.032538,0.240825,0.025326,0.034341,0.00,10,-0.161984,0.308966,0.388244,0.000000,0.000000,0.000000,0.000000,0.000000,0.000000,-0.026880,-0.197400,0.103169,-0.024160,0.025728,-0.010976,LEADER
1786700702910443340,2026-08-14T16:45:02.910547,prediction,0.089057,0.604000,-0.064818,0.088004,0.591326,-0.066879,True,-0.152821,0.566000,-0.032538,0.240825,0.025326,0.034341,0.00,10,-0.161984,0.308966,0.388244,0.000000,0.000000,0.000000,0.000000,0.000000,0.000000,-0.026880,-0.197400,0.103169,-0.024160,0.025728,-0.010976,LEADER
1786700702944433602,2026-08-14T16:45:02.944498,prediction,0.089057,0.604000,-0.064818,0.088081,0.591865,-0.066715,True,-0.152821,0.566000,-0.032538,0.240902,0.025865,0.034177,0.00,10,-0.161984,0.308966,0.388244,0.000000,0.000000,0.000000,0.000000,0.000000,0.000000,-0.026880,-0.197400,0.103169,-0.024160,0.025728,-0.010976,LEADER
1786700702976746099,2026-08-14T16:45:02.976771,prediction,0.089057,0.604000,-0.064818,0.088195,0.592560,-0.066603,True,-0.152821,0.566000,-0.032538,0.241016,0.026560,0.034065,0.00,10,-0.161984,0.308966,0.388244,0.000000,0.000000,0.000000,0.000000,0.000000,0.000000,-0.026880,-0.197400,0.103169,-0.024160,0.025728,-0.010976,LEADER
1786700703010151673,2026-08-14T16:45:03.010189,prediction,0.090868,0.588000,-0.067279,0.088274,0.593552,-0.066438,True,-0.152821,0.566000,-0.032538,0.241095,0.027552,0.033900,0.00,10,-0.161984,0.308966,0.388244,0.000000,0.000000,0.000000,0.000000,0.000000,0.000000,-0.026880,-0.197400,0.103169,-0.024160,0.025728,-0.010976,LEADER
1786700703042928506,2026-08-14T16:45:03.042940,prediction,0.091434,0.583000,-0.068049,0.088663,0.594057,-0.066428,True,-0.152821,0.566000,-0.032538,0.241484,0.028057,0.033890,0.00,10,-0.161984,0.308966,0.388244,0.000000,0.000000,0.000000,0.000000,0.000000,0.000000,-0.026880,-0.197400,0.103169,-0.024160,0.025728,-0.010976,LEADER
1786700703076732378,2026-08-14T16:45:03.076753,prediction,0.089736,0.598000,-0.065741,0.088663,0.593905,-0.066428,True,-0.152821,0.566000,-0.032538,0.241484,0.027905,0.033890,0.00,10,-0.161984,0.308966,0.388244,0.000000,0.000000,0.000000,0.000000,0.000000,0.000000,-0.026880,-0.197400,0.103169,-0.024160,0.025728,-0.010976,LEADER
1786700703109533823,2026-08-14T16:45:03.109586,prediction,0.089736,0.598000,-0.065741,0.088663,0.593905,-0.066428,True,-0.152821,0.566000,-0.032538,0.241484,0.027905,0.033890,0.00,10,-0.161984,0.308966,0.388244,0.000000,0.000000,0.000000,0.000000,0.000000,0.000000,-0.026880,-0.197400,0.103169,-0.024160,0.025728,-0.010976,LEADER
1786700703142678908,2026-08-14T16:45:03.142698,prediction,0.092679,0.572000,-0.069741,0.088981,0.593608,-0.066592,True,-0.152821,0.566000,-0.032538,0.241802,0.027608,0.034054,0.00,10,-0.161984,0.308966,0.388244,0.000000,0.000000,0.000000,0.000000,0.000000,0.000000,-0.026880,-0.197400,0.103169,-0.024160,0.025728,-0.010976,LEADER
1786700703176609572,2026-08-14T16:45:03.176624,prediction,0.091434,0.583000,-0.068049,0.089336,0.592748,-0.066808,True,-0.152821,0.566000,-0.032538,0.242157,0.026748,0.034270,0.00,10,-0.161984,0.308966,0.388244,0.000000,0.000000,0.000000,0.000000,0.000000,0.000000,-0.026880,-0.197400,0.103169,-0.024160,0.025728,-0.010976,LEADER
1786700703209839043,2026-08-14T16:45:03.209860,prediction,0.090868,0.588000,-0.067279,0.089534,0.592310,-0.066808,True,-0.152821,0.566000,-0.032538,0.242355,0.026310,0.034270,0.00,10,-0.161984,0.308966,0.388244,0.000000,0.000000,0.000000,0.000000,0.000000,0.000000,-0.026880,-0.197400,0.103169,-0.024160,0.025728,-0.010976,LEADER
1786700703242632935,2026-08-14T16:45:03.242669,prediction,0.090302,0.593000,-0.066510,0.089847,0.592204,-0.066695,True,-0.152821,0.566000,-0.032538,0.242668,0.026204,0.034157,0.00,10,-0.161984,0.308966,0.388244,0.000000,0.000000,0.000000,0.000000,0.000000,0.000000,-0.026880,-0.197400,0.103169,-0.024160,0.025728,-0.010976,LEADER
1786700703277200940,2026-08-14T16:45:03.277226,prediction,0.090302,0.593000,-0.066510,0.089847,0.592204,-0.066695,True,-0.152821,0.566000,-0.032538,0.242668,0.026204,0.034157,0.00,10,-0.161984,0.308966,0.388244,0.000000,0.000000,0.000000,0.000000,0.000000,0.000000,-0.026880,-0.197400,0.103169,-0.024160,0.025728,-0.010976,LEADER
1786700703310495325,2026-08-14T16:45:03.310527,prediction,0.088460,0.583000,-0.071029,0.089958,0.591668,-0.067047,True,-0.152821,0.566000,-0.032538,0.242779,0.025668,0.034509,0.00,10,-0.161984,0.308966,0.388244,0.000000,0.000000,0.000000,0.000000,0.000000,0.000000,-0.026880,-0.197400,0.103169,-0.024160,0.025728,-0.010976,LEADER
1786700703343065487,2026-08-14T16:45:03.343078,prediction,0.087344,0.593000,-0.069474,0.089958,0.591293,-0.067245,True,-0.152821,0.566000,-0.032538,0.242779,0.025293,0.034707,0.00,10,-0.161984,0.308966,0.388244,0.000000,0.000000,0.000000,0.000000,0.000000,0.000000,-0.026880,-0.197400,0.103169,-0.024160,0.025728,-0.010976,LEADER
1786700703376367665,2026-08-14T16:45:03.376388,prediction,0.089129,0.577000,-0.071962,0.090077,0.590685,-0.067608,True,-0.152821,0.566000,-0.032538,0.242898,0.024685,0.035070,0.00,10,-0.161984,0.308966,0.388244,0.000000,0.000000,0.000000,0.000000,0.000000,0.000000,-0.026880,-0.197400,0.103169,-0.024160,0.025728,-0.010976,LEADER
1786700703410261394,2026-08-14T16:45:03.410282,prediction,0.090356,0.566000,-0.073672,0.090164,0.589710,-0.068199,True,-0.152821,0.566000,-0.032538,0.242985,0.023710,0.035661,0.00,10,-0.161984,0.308966,0.388244,0.000000,0.000000,0.000000,0.000000,0.000000,0.000000,-0.026880,-0.197400,0.103169,-0.024160,0.025728,-0.010976,LEADER
1786700703443255956,2026-08-14T16:45:03.443276,prediction,0.087902,0.588000,-0.070252,0.090087,0.588075,-0.068561,True,-0.152821,0.566000,-0.032538,0.242908,0.022075,0.036023,0.00,10,-0.161984,0.308966,0.388244,0.000000,0.000000,0.000000,0.000000,0.000000,0.000000,-0.026880,-0.197400,0.103169,-0.024160,0.025728,-0.010976,LEADER
1786700703476477073,2026-08-14T16:45:03.476491,prediction,0.087902,0.588000,-0.070252,0.090010,0.586895,-0.068923,True,-0.152821,0.566000,-0.032538,0.242831,0.020895,0.036385,0.00,10,-0.161984,0.308966,0.388244,0.000000,0.000000,0.000000,0.000000,0.000000,0.000000,-0.026880,-0.197400,0.103169,-0.024160,0.025728,-0.010976,LEADER
1786700703509052504,2026-08-14T16:45:03.509093,prediction,0.093359,0.566000,-0.073672,0.089738,0.585806,-0.069018,True,-0.152821,0.566000,-0.032538,0.242559,0.019806,0.036480,0.00,10,-0.161984,0.308966,0.388244,0.000000,0.000000,0.000000,0.000000,0.000000,0.000000,-0.026880,-0.197400,0.103169,-0.024160,0.025728,-0.010976,LEADER
1786700703542986824,2026-08-14T16:45:03.543005,prediction,0.093359,0.566000,-0.073672,0.089904,0.585588,-0.069444,True,-0.152821,0.566000,-0.032538,0.242725,0.019588,0.036906,0.00,10,-0.161984,0.308966,0.388244,0.000000,0.000000,0.000000,0.000000,0.000000,0.000000,-0.026880,-0.197400,0.103169,-0.024160,0.025728,-0.010976,LEADER
1786700703576298509,2026-08-14T16:45:03.576318,prediction,0.089736,0.598000,-0.068697,0.089791,0.586078,-0.069487,True,-0.152821,0.566000,-0.032538,0.242612,0.020078,0.036949,0.00,10,-0.161984,0.308966,0.388244,0.000000,0.000000,0.000000,0.000000,0.000000,0.000000,-0.026880,-0.197400,0.103169,-0.024160,0.025728,-0.010976,LEADER
1786700703610082307,2026-08-14T16:45:03.610107,prediction,0.090868,0.588000,-0.070252,0.089866,0.586175,-0.069788,True,-0.152821,0.566000,-0.032538,0.242687,0.020175,0.037250,0.00,10,-0.161984,0.308966,0.388244,0.000000,0.000000,0.000000,0.000000,0.000000,0.000000,-0.026880,-0.197400,0.103169,-0.024160,0.025728,-0.010976,LEADER
1786700703643468281,2026-08-14T16:45:03.643500,prediction,0.090868,0.588000,-0.070252,0.089745,0.586462,-0.069822,True,-0.152821,0.566000,-0.032538,0.242566,0.020462,0.037284,0.00,10,-0.161984,0.308966,0.388244,0.000000,0.000000,0.000000,0.000000,0.000000,0.000000,-0.026880,-0.197400,0.103169,-0.024160,0.025728,-0.010976,LEADER
1786700703676127829,2026-08-14T16:45:03.676143,prediction,0.090868,0.588000,-0.070252,0.089708,0.586786,-0.069969,True,-0.152821,0.566000,-0.032538,0.242529,0.020786,0.037431,0.00,10,-0.161984,0.308966,0.388244,0.000000,0.000000,0.000000,0.000000,0.000000,0.000000,-0.026880,-0.197400,0.103169,-0.024160,0.025728,-0.010976,LEADER
1786700703710638213,2026-08-14T16:45:03.710660,prediction,0.090868,0.588000,-0.070252,0.089708,0.587117,-0.070167,True,-0.152821,0.566000,-0.032538,0.242529,0.021117,0.037629,0.00,10,-0.161984,0.308966,0.388244,0.000000,0.000000,0.000000,0.000000,0.000000,0.000000,-0.026880,-0.197400,0.103169,-0.024160,0.025728,-0.010976,LEADER
1786700703743902965,2026-08-14T16:45:03.743939,prediction,0.090302,0.593000,-0.069474,0.089670,0.587183,-0.070313,True,-0.152821,0.566000,-0.032538,0.242491,0.021183,0.037775,0.00,10,-0.161984,0.308966,0.388244,0.000000,0.000000,0.000000,0.000000,0.000000,0.000000,-0.026880,-0.197400,0.103169,-0.024160,0.025728,-0.010976,LEADER
1786700703777116729,2026-08-14T16:45:03.777146,prediction,0.090868,0.588000,-0.070252,0.089708,0.587197,-0.070563,True,-0.152821,0.566000,-0.032538,0.242529,0.021197,0.038025,0.00,10,-0.161984,0.308966,0.388244,0.000000,0.000000,0.000000,0.000000,0.000000,0.000000,-0.026880,-0.197400,0.103169,-0.024160,0.025728,-0.010976,LEADER
1786700703810416613,2026-08-14T16:45:03.810437,prediction,0.092679,0.572000,-0.072739,0.089989,0.587199,-0.070677,True,-0.152821,0.566000,-0.032538,0.242810,0.021199,0.038139,0.00,10,-0.161984,0.308966,0.388244,0.000000,0.000000,0.000000,0.000000,0.000000,0.000000,-0.026880,-0.197400,0.103169,-0.024160,0.025728,-0.010976,LEADER
1786700703843315228,2026-08-14T16:45:03.843362,prediction,0.091434,0.583000,-0.071029,0.090415,0.586560,-0.070718,True,-0.152821,0.566000,-0.032538,0.243236,0.020560,0.038180,0.00,10,-0.161984,0.308966,0.388244,0.000000,0.000000,0.000000,0.000000,0.000000,0.000000,-0.026880,-0.197400,0.103169,-0.024160,0.025728,-0.010976,LEADER
1786700703877222291,2026-08-14T16:45:03.877263,prediction,0.091434,0.583000,-0.071029,0.090415,0.586560,-0.070718,True,-0.152821,0.566000,-0.032538,0.243236,0.020560,0.038180,0.00,10,-0.161984,0.308966,0.388244,0.000000,0.000000,0.000000,0.000000,0.000000,0.000000,-0.026880,-0.197400,0.103169,-0.024160,0.025728,-0.010976,LEADER
1786700703910607604,2026-08-14T16:45:03.910630,prediction,0.091434,0.583000,-0.071029,0.090487,0.586859,-0.070542,True,-0.152821,0.566000,-0.032538,0.243308,0.020859,0.038004,0.00,10,-0.161984,0.308966,0.388244,0.000000,0.000000,0.000000,0.000000,0.000000,0.000000,-0.026880,-0.197400,0.103169,-0.024160,0.025728,-0.010976,LEADER
1786700703943059409,2026-08-14T16:45:03.943080,prediction,0.088491,0.609000,-0.066986,0.090610,0.587238,-0.070438,True,-0.152821,0.566000,-0.032538,0.243431,0.021238,0.037900,0.00,10,-0.161984,0.308966,0.388244,0.000000,0.000000,0.000000,0.000000,0.000000,0.000000,-0.026880,-0.197400,0.103169,-0.024160,0.025728,-0.010976,LEADER
1786700703976344027,2026-08-14T16:45:03.976365,prediction,0.088491,0.609000,-0.066986,0.090649,0.587848,-0.070220,True,-0.152821,0.566000,-0.032538,0.243470,0.021848,0.037682,0.00,10,-0.161984,0.308966,0.388244,0.000000,0.000000,0.000000,0.000000,0.000000,0.000000,-0.026880,-0.197400,0.103169,-0.024160,0.025728,-0.010976,LEADER
1786700704009258280,2026-08-14T16:45:04.009272,prediction,0.090868,0.588000,-0.070252,0.090717,0.588901,-0.070044,True,-0.152821,0.566000,-0.032538,0.243538,0.022901,0.037506,0.00,10,-0.161984,0.308966,0.388244,0.000000,0.000000,0.000000,0.000000,0.000000,0.000000,-0.026880,-0.197400,0.103169,-0.024160,0.025728,-0.010976,LEADER
1786700704042868050,2026-08-14T16:45:04.042889,prediction,0.090868,0.588000,-0.070252,0.090717,0.588901,-0.070044,True,-0.152821,0.566000,-0.032538,0.243538,0.022901,0.037506,0.00,10,-0.161984,0.308966,0.388244,0.000000,0.000000,0.000000,0.000000,0.000000,0.000000,-0.026880,-0.197400,0.103169,-0.024160,0.025728,-0.010976,LEADER
1786700704076579067,2026-08-14T16:45:04.076598,prediction,0.091434,0.583000,-0.071029,0.090830,0.588447,-0.070200,True,-0.152821,0.566000,-0.032538,0.243651,0.022447,0.037662,0.00,10,-0.161984,0.308966,0.388244,0.000000,0.000000,0.000000,0.000000,0.000000,0.000000,-0.026880,-0.197400,0.103169,-0.024160,0.025728,-0.010976,LEADER
1786700704109189575,2026-08-14T16:45:04.109202,prediction,0.090868,0.588000,-0.070252,0.090868,0.587751,-0.070252,True,-0.152821,0.566000,-0.032538,0.243689,0.021751,0.037714,0.00,10,-0.161984,0.308966,0.388244,0.000000,0.000000,0.000000,0.000000,0.000000,0.000000,-0.026880,-0.197400,0.103169,-0.024160,0.025728,-0.010976,LEADER
1786700704143051545,2026-08-14T16:45:04.143076,prediction,0.090868,0.588000,-0.070252,0.090868,0.587751,-0.070252,True,-0.152821,0.566000,-0.032538,0.243689,0.021751,0.037714,0.00,10,-0.161984,0.308966,0.388244,0.000000,0.000000,0.000000,0.000000,0.000000,0.000000,-0.026880,-0.197400,0.103169,-0.024160,0.025728,-0.010976,LEADER
1786700704177077320,2026-08-14T16:45:04.177101,prediction,0.090868,0.588000,-0.070252,0.090868,0.587684,-0.070252,True,-0.152821,0.566000,-0.032538,0.243689,0.021684,0.037714,0.00,10,-0.161984,0.308966,0.388244,0.000000,0.000000,0.000000,0.000000,0.000000,0.000000,-0.026880,-0.197400,0.103169,-0.024160,0.025728,-0.010976,LEADER
1786700704209902713,2026-08-14T16:45:04.209923,prediction,0.090868,0.588000,-0.070252,0.090868,0.587670,-0.070252,True,-0.152821,0.566000,-0.032538,0.243689,0.021670,0.037714,0.00,10,-0.161984,0.308966,0.388244,0.000000,0.000000,0.000000,0.000000,0.000000,0.000000,-0.026880,-0.197400,0.103169,-0.024160,0.025728,-0.010976,LEADER
1786700704243360849,2026-08-14T16:45:04.243385,prediction,0.091434,0.583000,-0.071029,0.090944,0.587667,-0.070355,True,-0.152821,0.566000,-0.032538,0.243765,0.021667,0.037817,0.00,10,-0.161984,0.308966,0.388244,0.000000,0.000000,0.000000,0.000000,0.000000,0.000000,-0.026880,-0.197400,0.103169,-0.024160,0.025728,-0.010976,LEADER
1786700704276300430,2026-08-14T16:45:04.276321,prediction,0.091434,0.583000,-0.068049,0.090981,0.587400,-0.070208,True,-0.152821,0.566000,-0.032538,0.243802,0.021400,0.037670,0.00,10,-0.161984,0.308966,0.388244,0.000000,0.000000,0.000000,0.000000,0.000000,0.000000,-0.026880,-0.197400,0.103169,-0.024160,0.025728,-0.010976,LEADER
1786700704310238463,2026-08-14T16:45:04.310259,prediction,0.091434,0.583000,-0.068049,0.090898,0.587080,-0.069896,True,-0.152821,0.566000,-0.032538,0.243719,0.021080,0.037358,0.00,10,-0.161984,0.308966,0.388244,0.000000,0.000000,0.000000,0.000000,0.000000,0.000000,-0.026880,-0.197400,0.103169,-0.024160,0.025728,-0.010976,LEADER
1786700704344537905,2026-08-14T16:45:04.344567,prediction,0.090868,0.588000,-0.067279,0.090861,0.587016,-0.069646,True,-0.152821,0.566000,-0.032538,0.243682,0.021016,0.037108,0.00,10,-0.161984,0.308966,0.388244,0.000000,0.000000,0.000000,0.000000,0.000000,0.000000,-0.026880,-0.197400,0.103169,-0.024160,0.025728,-0.010976,LEADER
1786700704376252621,2026-08-14T16:45:04.376273,prediction,0.090302,0.593000,-0.066510,0.090785,0.587270,-0.069344,True,-0.152821,0.566000,-0.032538,0.243606,0.021270,0.036806,0.00,10,-0.161984,0.308966,0.388244,0.000000,0.000000,0.000000,0.000000,0.000000,0.000000,-0.026880,-0.197400,0.103169,-0.024160,0.025728,-0.010976,LEADER
1786700704409931612,2026-08-14T16:45:04.409952,prediction,0.090868,0.588000,-0.067279,0.090747,0.587587,-0.069094,True,-0.152821,0.566000,-0.032538,0.243568,0.021587,0.036556,0.00,10,-0.161984,0.308966,0.388244,0.000000,0.000000,0.000000,0.000000,0.000000,0.000000,-0.026880,-0.197400,0.103169,-0.024160,0.025728,-0.010976,LEADER
1786700704443218800,2026-08-14T16:45:04.443237,prediction,0.090302,0.593000,-0.066510,0.090747,0.588184,-0.068897,True,-0.152821,0.566000,-0.032538,0.243568,0.022184,0.036359,0.00,10,-0.161984,0.308966,0.388244,0.000000,0.000000,0.000000,0.000000,0.000000,0.000000,-0.026880,-0.197400,0.103169,-0.024160,0.025728,-0.010976,LEADER
1786700704476976598,2026-08-14T16:45:04.476997,prediction,0.090302,0.593000,-0.066510,0.090868,0.588037,-0.068866,True,-0.152821,0.566000,-0.032538,0.243689,0.022037,0.036328,0.00,10,-0.161984,0.308966,0.388244,0.000000,0.000000,0.000000,0.000000,0.000000,0.000000,-0.026880,-0.197400,0.103169,-0.024160,0.025728,-0.010976,LEADER
1786700704509515711,2026-08-14T16:45:04.509534,prediction,0.089736,0.598000,-0.068697,0.090830,0.588007,-0.068814,True,-0.152821,0.566000,-0.032538,0.243651,0.022007,0.036276,0.00,10,-0.161984,0.308966,0.388244,0.000000,0.000000,0.000000,0.000000,0.000000,0.000000,-0.026880,-0.197400,0.103169,-0.024160,0.025728,-0.010976,LEADER
1786700704543063243,2026-08-14T16:45:04.543091,prediction,0.090868,0.588000,-0.070252,0.090830,0.588001,-0.068814,True,-0.152821,0.566000,-0.032538,0.243651,0.022001,0.036276,0.00,10,-0.161984,0.308966,0.388244,0.000000,0.000000,0.000000,0.000000,0.000000,0.000000,-0.026880,-0.197400,0.103169,-0.024160,0.025728,-0.010976,LEADER
1786700704576518924,2026-08-14T16:45:04.576541,prediction,0.089057,0.604000,-0.067764,0.090672,0.588534,-0.068596,True,-0.152821,0.566000,-0.032538,0.243493,0.022534,0.036058,0.00,10,-0.161984,0.308966,0.388244,0.000000,0.000000,0.000000,0.000000,0.000000,0.000000,-0.026880,-0.197400,0.103169,-0.024160,0.025728,-0.010976,LEADER
1786700704610432785,2026-08-14T16:45:04.610460,prediction,0.090868,0.588000,-0.070252,0.090634,0.588907,-0.068544,True,-0.152821,0.566000,-0.032538,0.243455,0.022907,0.036006,0.00,10,-0.161984,0.308966,0.388244,0.000000,0.000000,0.000000,0.000000,0.000000,0.000000,-0.026880,-0.197400,0.103169,-0.024160,0.025728,-0.010976,LEADER
1786700704643776581,2026-08-14T16:45:04.643801,prediction,0.090302,0.593000,-0.069474,0.090596,0.589515,-0.068492,True,-0.152821,0.566000,-0.032538,0.243417,0.023515,0.035954,0.00,10,-0.161984,0.308966,0.388244,0.000000,0.000000,0.000000,0.000000,0.000000,0.000000,-0.026880,-0.197400,0.103169,-0.024160,0.025728,-0.010976,LEADER
1786700704676033783,2026-08-14T16:45:04.676050,prediction,0.090868,0.588000,-0.070252,0.090596,0.589636,-0.068492,True,-0.152821,0.566000,-0.032538,0.243417,0.023636,0.035954,0.00,10,-0.161984,0.308966,0.388244,0.000000,0.000000,0.000000,0.000000,0.000000,0.000000,-0.026880,-0.197400,0.103169,-0.024160,0.025728,-0.010976,LEADER
1786700704709506634,2026-08-14T16:45:04.709527,prediction,0.090868,0.588000,-0.070252,0.090596,0.589661,-0.068492,True,-0.152821,0.566000,-0.032538,0.243417,0.023661,0.035954,0.00,10,-0.161984,0.308966,0.388244,0.000000,0.000000,0.000000,0.000000,0.000000,0.000000,-0.026880,-0.197400,0.103169,-0.024160,0.025728,-0.010976,LEADER
1786700704743469009,2026-08-14T16:45:04.743485,prediction,0.090302,0.593000,-0.069474,0.090521,0.589665,-0.068389,True,-0.152821,0.566000,-0.032538,0.243342,0.023665,0.035851,0.00,10,-0.161984,0.308966,0.388244,0.000000,0.000000,0.000000,0.000000,0.000000,0.000000,-0.026880,-0.197400,0.103169,-0.024160,0.025728,-0.010976,LEADER
1786700704777578691,2026-08-14T16:45:04.777603,prediction,0.091434,0.583000,-0.071029,0.090521,0.589933,-0.068588,True,-0.152821,0.566000,-0.032538,0.243342,0.023933,0.036050,0.00,10,-0.161984,0.308966,0.388244,0.000000,0.000000,0.000000,0.000000,0.000000,0.000000,-0.026880,-0.197400,0.103169,-0.024160,0.025728,-0.010976,LEADER
1786700704809913107,2026-08-14T16:45:04.809933,prediction,0.092113,0.577000,-0.071962,0.090566,0.589987,-0.068848,True,-0.152821,0.566000,-0.032538,0.243387,0.023987,0.036310,0.00,10,-0.161984,0.308966,0.388244,0.000000,0.000000,0.000000,0.000000,0.000000,0.000000,-0.026880,-0.197400,0.103169,-0.024160,0.025728,-0.010976,LEADER
1786700704843985825,2026-08-14T16:45:04.844008,prediction,0.090302,0.593000,-0.069474,0.090528,0.589997,-0.068995,True,-0.152821,0.566000,-0.032538,0.243349,0.023997,0.036457,0.00,10,-0.161984,0.308966,0.388244,0.000000,0.000000,0.000000,0.000000,0.000000,0.000000,-0.026880,-0.197400,0.103169,-0.024160,0.025728,-0.010976,LEADER
1786700704876504843,2026-08-14T16:45:04.876526,prediction,0.090868,0.588000,-0.070252,0.090566,0.589999,-0.069244,True,-0.152821,0.566000,-0.032538,0.243387,0.023999,0.036706,0.00,10,-0.161984,0.308966,0.388244,0.000000,0.000000,0.000000,0.000000,0.000000,0.000000,-0.026880,-0.197400,0.103169,-0.024160,0.025728,-0.010976,LEADER
1786700704910447233,2026-08-14T16:45:04.910471,prediction,0.089736,0.598000,-0.068697,0.090491,0.590267,-0.069339,True,-0.152821,0.566000,-0.032538,0.243312,0.024267,0.036801,0.00,10,-0.161984,0.308966,0.388244,0.000000,0.000000,0.000000,0.000000,0.000000,0.000000,-0.026880,-0.197400,0.103169,-0.024160,0.025728,-0.010976,LEADER
1786700704942859385,2026-08-14T16:45:04.942873,prediction,0.090302,0.593000,-0.069474,0.090528,0.590320,-0.069587,True,-0.152821,0.566000,-0.032538,0.243349,0.024320,0.037049,0.00,10,-0.161984,0.308966,0.388244,0.000000,0.000000,0.000000,0.000000,0.000000,0.000000,-0.026880,-0.197400,0.103169,-0.024160,0.025728,-0.010976,LEADER
1786700704976628313,2026-08-14T16:45:04.976675,prediction,0.089736,0.598000,-0.068697,0.090491,0.590597,-0.069733,True,-0.152821,0.566000,-0.032538,0.243312,0.024597,0.037195,0.00,10,-0.161984,0.308966,0.388244,0.000000,0.000000,0.000000,0.000000,0.000000,0.000000,-0.026880,-0.197400,0.103169,-0.024160,0.025728,-0.010976,LEADER
1786700705009756655,2026-08-14T16:45:05.009771,prediction,0.091434,0.583000,-0.071029,0.090604,0.590386,-0.069889,True,-0.152821,0.566000,-0.032538,0.243425,0.024386,0.037351,0.00,10,-0.161984,0.308966,0.388244,0.000000,0.000000,0.000000,0.000000,0.000000,0.000000,-0.026880,-0.197400,0.103169,-0.024160,0.025728,-0.010976,LEADER
1786700705042900568,2026-08-14T16:45:05.042913,prediction,0.091434,0.583000,-0.071029,0.090528,0.590611,-0.069785,True,-0.152821,0.566000,-0.032538,0.243349,0.024611,0.037247,0.00,10,-0.161984,0.308966,0.388244,0.000000,0.000000,0.000000,0.000000,0.000000,0.000000,-0.026880,-0.197400,0.103169,-0.024160,0.025728,-0.010976,LEADER
1786700705076584714,2026-08-14T16:45:05.076610,prediction,0.091434,0.583000,-0.071029,0.090687,0.589855,-0.070003,True,-0.152821,0.566000,-0.032538,0.243508,0.023855,0.037465,0.00,10,-0.161984,0.308966,0.388244,0.000000,0.000000,0.000000,0.000000,0.000000,0.000000,-0.026880,-0.197400,0.103169,-0.024160,0.025728,-0.010976,LEADER
1786700705109586700,2026-08-14T16:45:05.109607,prediction,0.090302,0.593000,-0.069474,0.090649,0.589971,-0.069951,True,-0.152821,0.566000,-0.032538,0.243470,0.023971,0.037413,0.00,10,-0.161984,0.308966,0.388244,0.000000,0.000000,0.000000,0.000000,0.000000,0.000000,-0.026880,-0.197400,0.103169,-0.024160,0.025728,-0.010976,LEADER
1786700705143140167,2026-08-14T16:45:05.143165,prediction,0.089736,0.598000,-0.068697,0.090611,0.589994,-0.069899,True,-0.152821,0.566000,-0.032538,0.243432,0.023994,0.037361,0.00,10,-0.161984,0.308966,0.388244,0.000000,0.000000,0.000000,0.000000,0.000000,0.000000,-0.026880,-0.197400,0.103169,-0.024160,0.025728,-0.010976,LEADER
1786700705176498395,2026-08-14T16:45:05.176520,prediction,0.092113,0.577000,-0.071962,0.090694,0.590266,-0.070013,True,-0.152821,0.566000,-0.032538,0.243515,0.024266,0.037475,0.00,10,-0.161984,0.308966,0.388244,0.000000,0.000000,0.000000,0.000000,0.000000,0.000000,-0.026880,-0.197400,0.103169,-0.024160,0.025728,-0.010976,LEADER
1786700705209810311,2026-08-14T16:45:05.209827,prediction,0.089736,0.598000,-0.068697,0.090619,0.590853,-0.069909,True,-0.152821,0.566000,-0.032538,0.243440,0.024853,0.037371,0.00,10,-0.161984,0.308966,0.388244,0.000000,0.000000,0.000000,0.000000,0.000000,0.000000,-0.026880,-0.197400,0.103169,-0.024160,0.025728,-0.010976,LEADER
1786700705243530570,2026-08-14T16:45:05.243548,prediction,0.089057,0.604000,-0.067764,0.090619,0.591237,-0.069909,True,-0.152821,0.566000,-0.032538,0.243440,0.025237,0.037371,0.00,10,-0.161984,0.308966,0.388244,0.000000,0.000000,0.000000,0.000000,0.000000,0.000000,-0.026880,-0.197400,0.103169,-0.024160,0.025728,-0.010976,LEADER
1786700705276332066,2026-08-14T16:45:05.276344,prediction,0.090868,0.588000,-0.070252,0.090378,0.592503,-0.069578,True,-0.152821,0.566000,-0.032538,0.243199,0.026503,0.037040,0.00,10,-0.161984,0.308966,0.388244,0.000000,0.000000,0.000000,0.000000,0.000000,0.000000,-0.026880,-0.197400,0.103169,-0.024160,0.025728,-0.010976,LEADER
1786700705309657115,2026-08-14T16:45:05.309678,prediction,0.090868,0.588000,-0.070252,0.090378,0.592503,-0.069578,True,-0.152821,0.566000,-0.032538,0.243199,0.026503,0.037040,0.00,10,-0.161984,0.308966,0.388244,0.000000,0.000000,0.000000,0.000000,0.000000,0.000000,-0.026880,-0.197400,0.103169,-0.024160,0.025728,-0.010976,LEADER
1786700705344229940,2026-08-14T16:45:05.344253,prediction,0.088491,0.609000,-0.066986,0.090257,0.593754,-0.069412,True,-0.152821,0.566000,-0.032538,0.243078,0.027754,0.036874,0.00,10,-0.161984,0.308966,0.388244,0.000000,0.000000,0.000000,0.000000,0.000000,0.000000,-0.026880,-0.197400,0.103169,-0.024160,0.025728,-0.010976,LEADER
1786700705376569952,2026-08-14T16:45:05.376601,prediction,0.089736,0.598000,-0.068697,0.090181,0.594537,-0.069308,True,-0.152821,0.566000,-0.032538,0.243002,0.028537,0.036770,0.00,10,-0.161984,0.308966,0.388244,0.000000,0.000000,0.000000,0.000000,0.000000,0.000000,-0.026880,-0.197400,0.103169,-0.024160,0.025728,-0.010976,LEADER
1786700705409520378,2026-08-14T16:45:05.409535,prediction,0.090302,0.593000,-0.069474,0.090219,0.594961,-0.069360,True,-0.152821,0.566000,-0.032538,0.243040,0.028961,0.036822,0.00,10,-0.161984,0.308966,0.388244,0.000000,0.000000,0.000000,0.000000,0.000000,0.000000,-0.026880,-0.197400,0.103169,-0.024160,0.025728,-0.010976,LEADER
1786700705443164975,2026-08-14T16:45:05.443209,prediction,0.089736,0.598000,-0.068697,0.090181,0.595312,-0.069308,True,-0.152821,0.566000,-0.032538,0.243002,0.029312,0.036770,0.00,10,-0.161984,0.308966,0.388244,0.000000,0.000000,0.000000,0.000000,0.000000,0.000000,-0.026880,-0.197400,0.103169,-0.024160,0.025728,-0.010976,LEADER
1786700705476257599,2026-08-14T16:45:05.476278,prediction,0.090868,0.588000,-0.070252,0.090136,0.595382,-0.069246,True,-0.152821,0.566000,-0.032538,0.242957,0.029382,0.036708,0.00,10,-0.161984,0.308966,0.388244,0.000000,0.000000,0.000000,0.000000,0.000000,0.000000,-0.026880,-0.197400,0.103169,-0.024160,0.025728,-0.010976,LEADER
1786700705509754257,2026-08-14T16:45:05.509771,prediction,0.090302,0.593000,-0.069474,0.090098,0.595663,-0.069194,True,-0.152821,0.566000,-0.032538,0.242919,0.029663,0.036656,0.00,10,-0.161984,0.308966,0.388244,0.000000,0.000000,0.000000,0.000000,0.000000,0.000000,-0.026880,-0.197400,0.103169,-0.024160,0.025728,-0.010976,LEADER
1786700705542925458,2026-08-14T16:45:05.542944,prediction,0.088491,0.609000,-0.066986,0.090136,0.595453,-0.069246,True,-0.152821,0.566000,-0.032538,0.242957,0.029453,0.036708,0.00,10,-0.161984,0.308966,0.388244,0.000000,0.000000,0.000000,0.000000,0.000000,0.000000,-0.026880,-0.197400,0.103169,-0.024160,0.025728,-0.010976,LEADER
1786700705576478706,2026-08-14T16:45:05.576501,prediction,0.088491,0.609000,-0.066986,0.089940,0.595944,-0.068976,True,-0.152821,0.566000,-0.032538,0.242761,0.029944,0.036438,0.00,10,-0.161984,0.308966,0.388244,0.000000,0.000000,0.000000,0.000000,0.000000,0.000000,-0.026880,-0.197400,0.103169,-0.024160,0.025728,-0.010976,LEADER
1786700705610767055,2026-08-14T16:45:05.610866,prediction,0.089057,0.604000,-0.067764,0.089857,0.596629,-0.068862,True,-0.152821,0.566000,-0.032538,0.242678,0.030629,0.036324,0.00,10,-0.161984,0.308966,0.388244,0.000000,0.000000,0.000000,0.000000,0.000000,0.000000,-0.026880,-0.197400,0.103169,-0.024160,0.025728,-0.010976,LEADER
1786700705643252360,2026-08-14T16:45:05.643278,prediction,0.089057,0.604000,-0.067764,0.089811,0.597352,-0.068800,True,-0.152821,0.566000,-0.032538,0.242632,0.031352,0.036262,0.00,10,-0.161984,0.308966,0.388244,0.000000,0.000000,0.000000,0.000000,0.000000,0.000000,-0.026880,-0.197400,0.103169,-0.024160,0.025728,-0.010976,LEADER
1786700705677045575,2026-08-14T16:45:05.677059,prediction,0.089057,0.604000,-0.067764,0.089766,0.598550,-0.068738,True,-0.152821,0.566000,-0.032538,0.242587,0.032550,0.036200,0.00,10,-0.161984,0.308966,0.388244,0.000000,0.000000,0.000000,0.000000,0.000000,0.000000,-0.026880,-0.197400,0.103169,-0.024160,0.025728,-0.010976,LEADER
1786700705709681653,2026-08-14T16:45:05.709700,prediction,0.089057,0.604000,-0.067764,0.089766,0.598550,-0.068738,True,-0.152821,0.566000,-0.032538,0.242587,0.032550,0.036200,0.00,10,-0.161984,0.308966,0.388244,0.000000,0.000000,0.000000,0.000000,0.000000,0.000000,-0.026880,-0.197400,0.103169,-0.024160,0.025728,-0.010976,LEADER
1786700705743655083,2026-08-14T16:45:05.743681,prediction,0.089736,0.598000,-0.068697,0.089728,0.598910,-0.068686,True,-0.152821,0.566000,-0.032538,0.242549,0.032910,0.036148,0.00,10,-0.161984,0.308966,0.388244,0.000000,0.000000,0.000000,0.000000,0.000000,0.000000,-0.026880,-0.197400,0.103169,-0.024160,0.025728,-0.010976,LEADER
1786700705776453865,2026-08-14T16:45:05.776471,prediction,0.090302,0.593000,-0.069474,0.089811,0.598982,-0.068800,True,-0.152821,0.566000,-0.032538,0.242632,0.032982,0.036262,0.00,10,-0.161984,0.308966,0.388244,0.000000,0.000000,0.000000,0.000000,0.000000,0.000000,-0.026880,-0.197400,0.103169,-0.024160,0.025728,-0.010976,LEADER
1786700705812293870,2026-08-14T16:45:05.812307,prediction,0.090868,0.588000,-0.070252,0.089894,0.598733,-0.068914,True,-0.152821,0.566000,-0.032538,0.242715,0.032733,0.036376,0.00,10,-0.161984,0.308966,0.388244,0.000000,0.000000,0.000000,0.000000,0.000000,0.000000,-0.026880,-0.197400,0.103169,-0.024160,0.025728,-0.010976,LEADER
1786700705843813581,2026-08-14T16:45:05.843850,prediction,0.090302,0.593000,-0.069474,0.089894,0.598733,-0.068914,True,-0.152821,0.566000,-0.032538,0.242715,0.032733,0.036376,0.00,10,-0.161984,0.308966,0.388244,0.000000,0.000000,0.000000,0.000000,0.000000,0.000000,-0.026880,-0.197400,0.103169,-0.024160,0.025728,-0.010976,LEADER
1786700705877241469,2026-08-14T16:45:05.877286,prediction,0.090302,0.593000,-0.069474,0.089932,0.598360,-0.068966,True,-0.152821,0.566000,-0.032538,0.242753,0.032360,0.036428,0.00,10,-0.161984,0.308966,0.388244,0.000000,0.000000,0.000000,0.000000,0.000000,0.000000,-0.026880,-0.197400,0.103169,-0.024160,0.025728,-0.010976,LEADER
1786700705911446884,2026-08-14T16:45:05.911470,prediction,0.090302,0.593000,-0.069474,0.089932,0.598019,-0.068966,True,-0.152821,0.566000,-0.032538,0.242753,0.032019,0.036428,0.00,10,-0.161984,0.308966,0.388244,0.000000,0.000000,0.000000,0.000000,0.000000,0.000000,-0.026880,-0.197400,0.103169,-0.024160,0.025728,-0.010976,LEADER
1786700705942963319,2026-08-14T16:45:05.942977,prediction,0.090302,0.593000,-0.069474,0.089970,0.597684,-0.069018,True,-0.152821,0.566000,-0.032538,0.242791,0.031684,0.036480,0.00,10,-0.161984,0.308966,0.388244,0.000000,0.000000,0.000000,0.000000,0.000000,0.000000,-0.026880,-0.197400,0.103169,-0.024160,0.025728,-0.010976,LEADER
1786700705977640276,2026-08-14T16:45:05.977672,prediction,0.089057,0.604000,-0.067764,0.089970,0.597350,-0.069018,True,-0.152821,0.566000,-0.032538,0.242791,0.031350,0.036480,0.00,10,-0.161984,0.308966,0.388244,0.000000,0.000000,0.000000,0.000000,0.000000,0.000000,-0.026880,-0.197400,0.103169,-0.024160,0.025728,-0.010976,LEADER
1786700706010356375,2026-08-14T16:45:06.010385,prediction,0.089736,0.598000,-0.068697,0.089894,0.597283,-0.068914,True,-0.152821,0.566000,-0.032538,0.242715,0.031283,0.036376,0.00,10,-0.161984,0.308966,0.388244,0.000000,0.000000,0.000000,0.000000,0.000000,0.000000,-0.026880,-0.197400,0.103169,-0.024160,0.025728,-0.010976,LEADER
1786700706043671603,2026-08-14T16:45:06.043721,prediction,0.089057,0.604000,-0.067764,0.089811,0.597857,-0.068800,True,-0.152821,0.566000,-0.032538,0.242632,0.031857,0.036262,0.00,10,-0.161984,0.308966,0.388244,0.000000,0.000000,0.000000,0.000000,0.000000,0.000000,-0.026880,-0.197400,0.103169,-0.024160,0.025728,-0.010976,LEADER
1786700706076813589,2026-08-14T16:45:06.076850,prediction,0.090868,0.588000,-0.070252,0.089894,0.598238,-0.068914,True,-0.152821,0.566000,-0.032538,0.242715,0.032238,0.036376,0.00,10,-0.161984,0.308966,0.388244,0.000000,0.000000,0.000000,0.000000,0.000000,0.000000,-0.026880,-0.197400,0.103169,-0.024160,0.025728,-0.010976,LEADER
1786700706110362364,2026-08-14T16:45:06.110395,prediction,0.090868,0.588000,-0.070252,0.090015,0.597994,-0.069080,True,-0.152821,0.566000,-0.032538,0.242836,0.031994,0.036542,0.00,10,-0.161984,0.308966,0.388244,0.000000,0.000000,0.000000,0.000000,0.000000,0.000000,-0.026880,-0.197400,0.103169,-0.024160,0.025728,-0.010976,LEADER
1786700706143537517,2026-08-14T16:45:06.143576,prediction,0.091434,0.583000,-0.071029,0.090174,0.597092,-0.069298,True,-0.152821,0.566000,-0.032538,0.242995,0.031092,0.036760,0.00,10,-0.161984,0.308966,0.388244,0.000000,0.000000,0.000000,0.000000,0.000000,0.000000,-0.026880,-0.197400,0.103169,-0.024160,0.025728,-0.010976,LEADER
1786700706176959561,2026-08-14T16:45:06.176980,prediction,0.089736,0.598000,-0.068697,0.090015,0.596058,-0.069080,True,-0.152821,0.566000,-0.032538,0.242836,0.030058,0.036542,0.00,10,-0.161984,0.308966,0.388244,0.000000,0.000000,0.000000,0.000000,0.000000,0.000000,-0.026880,-0.197400,0.103169,-0.024160,0.025728,-0.010976,LEADER
1786700706210480919,2026-08-14T16:45:06.210510,prediction,0.090868,0.588000,-0.070252,0.090136,0.594998,-0.069246,True,-0.152821,0.566000,-0.032538,0.242957,0.028998,0.036708,0.00,10,-0.161984,0.308966,0.388244,0.000000,0.000000,0.000000,0.000000,0.000000,0.000000,-0.026880,-0.197400,0.103169,-0.024160,0.025728,-0.010976,LEADER
1786700706244129147,2026-08-14T16:45:06.244152,prediction,0.090302,0.593000,-0.069474,0.090174,0.594520,-0.069298,True,-0.152821,0.566000,-0.032538,0.242995,0.028520,0.036760,0.00,10,-0.161984,0.308966,0.388244,0.000000,0.000000,0.000000,0.000000,0.000000,0.000000,-0.026880,-0.197400,0.103169,-0.024160,0.025728,-0.010976,LEADER
1786700706276498205,2026-08-14T16:45:06.276523,prediction,0.090302,0.593000,-0.069474,0.090174,0.594157,-0.069298,True,-0.152821,0.566000,-0.032538,0.242995,0.028157,0.036760,0.00,10,-0.161984,0.308966,0.388244,0.000000,0.000000,0.000000,0.000000,0.000000,0.000000,-0.026880,-0.197400,0.103169,-0.024160,0.025728,-0.010976,LEADER
1786700706309968143,2026-08-14T16:45:06.309999,prediction,0.089736,0.598000,-0.068697,0.090174,0.593818,-0.069298,True,-0.152821,0.566000,-0.032538,0.242995,0.027818,0.036760,0.00,10,-0.161984,0.308966,0.388244,0.000000,0.000000,0.000000,0.000000,0.000000,0.000000,-0.026880,-0.197400,0.103169,-0.024160,0.025728,-0.010976,LEADER
1786700706343497233,2026-08-14T16:45:06.343524,prediction,0.089736,0.598000,-0.068697,0.090098,0.594017,-0.069194,True,-0.152821,0.566000,-0.032538,0.242919,0.028017,0.036656,0.00,10,-0.161984,0.308966,0.388244,0.000000,0.000000,0.000000,0.000000,0.000000,0.000000,-0.026880,-0.197400,0.103169,-0.024160,0.025728,-0.010976,LEADER
1786700706376600672,2026-08-14T16:45:06.376627,prediction,0.089736,0.598000,-0.068697,0.090061,0.594323,-0.069142,True,-0.152821,0.566000,-0.032538,0.242882,0.028323,0.036604,0.00,10,-0.161984,0.308966,0.388244,0.000000,0.000000,0.000000,0.000000,0.000000,0.000000,-0.026880,-0.197400,0.103169,-0.024160,0.025728,-0.010976,LEADER
1786700706410020853,2026-08-14T16:45:06.410045,prediction,0.089736,0.598000,-0.068697,0.090023,0.594651,-0.069091,True,-0.152821,0.566000,-0.032538,0.242844,0.028651,0.036553,0.00,10,-0.161984,0.308966,0.388244,0.000000,0.000000,0.000000,0.000000,0.000000,0.000000,-0.026880,-0.197400,0.103169,-0.024160,0.025728,-0.010976,LEADER
1786700706444366878,2026-08-14T16:45:06.444413,prediction,0.089057,0.604000,-0.067764,0.089940,0.594984,-0.068976,True,-0.152821,0.566000,-0.032538,0.242761,0.028984,0.036438,0.00,10,-0.161984,0.308966,0.388244,0.000000,0.000000,0.000000,0.000000,0.000000,0.000000,-0.026880,-0.197400,0.103169,-0.024160,0.025728,-0.010976,LEADER
1786700706476444027,2026-08-14T16:45:06.476462,prediction,0.090868,0.588000,-0.070252,0.090061,0.595317,-0.069142,True,-0.152821,0.566000,-0.032538,0.242882,0.029317,0.036604,0.00,10,-0.161984,0.308966,0.388244,0.000000,0.000000,0.000000,0.000000,0.000000,0.000000,-0.026880,-0.197400,0.103169,-0.024160,0.025728,-0.010976,LEADER
1786700706510104387,2026-08-14T16:45:06.510121,prediction,0.089736,0.598000,-0.068697,0.090061,0.595383,-0.069142,True,-0.152821,0.566000,-0.032538,0.242882,0.029383,0.036604,0.00,10,-0.161984,0.308966,0.388244,0.000000,0.000000,0.000000,0.000000,0.000000,0.000000,-0.026880,-0.197400,0.103169,-0.024160,0.025728,-0.010976,LEADER
1786700706543382700,2026-08-14T16:45:06.543396,prediction,0.089736,0.598000,-0.068697,0.090106,0.595077,-0.069205,True,-0.152821,0.566000,-0.032538,0.242927,0.029077,0.036667,0.00,10,-0.161984,0.308966,0.388244,0.000000,0.000000,0.000000,0.000000,0.000000,0.000000,-0.026880,-0.197400,0.103169,-0.024160,0.025728,-0.010976,LEADER
1786700706576416206,2026-08-14T16:45:06.576442,prediction,0.089736,0.598000,-0.068697,0.090106,0.595015,-0.069205,True,-0.152821,0.566000,-0.032538,0.242927,0.029015,0.036667,0.00,10,-0.161984,0.308966,0.388244,0.000000,0.000000,0.000000,0.000000,0.000000,0.000000,-0.026880,-0.197400,0.103169,-0.024160,0.025728,-0.010976,LEADER
1786700706610877162,2026-08-14T16:45:06.610911,prediction,0.089736,0.598000,-0.068697,0.090030,0.595003,-0.069101,True,-0.152821,0.566000,-0.032538,0.242851,0.029003,0.036563,0.00,10,-0.161984,0.308966,0.388244,0.000000,0.000000,0.000000,0.000000,0.000000,0.000000,-0.026880,-0.197400,0.103169,-0.024160,0.025728,-0.010976,LEADER
1786700706644334718,2026-08-14T16:45:06.644361,prediction,0.090302,0.593000,-0.069474,0.089955,0.595534,-0.068997,True,-0.152821,0.566000,-0.032538,0.242776,0.029534,0.036459,0.00,10,-0.161984,0.308966,0.388244,0.000000,0.000000,0.000000,0.000000,0.000000,0.000000,-0.026880,-0.197400,0.103169,-0.024160,0.025728,-0.010976,LEADER
1786700706677018585,2026-08-14T16:45:06.677047,prediction,0.089057,0.604000,-0.067764,0.089910,0.596173,-0.068935,True,-0.152821,0.566000,-0.032538,0.242731,0.030173,0.036397,0.00,10,-0.161984,0.308966,0.388244,0.000000,0.000000,0.000000,0.000000,0.000000,0.000000,-0.026880,-0.197400,0.103169,-0.024160,0.025728,-0.010976,LEADER
1786700706709554644,2026-08-14T16:45:06.709575,prediction,0.089736,0.598000,-0.068697,0.089834,0.596835,-0.068831,True,-0.152821,0.566000,-0.032538,0.242655,0.030835,0.036293,0.00,10,-0.161984,0.308966,0.388244,0.000000,0.000000,0.000000,0.000000,0.000000,0.000000,-0.026880,-0.197400,0.103169,-0.024160,0.025728,-0.010976,LEADER
1786700706743527439,2026-08-14T16:45:06.743566,prediction,0.089736,0.598000,-0.068697,0.089796,0.597234,-0.068780,True,-0.152821,0.566000,-0.032538,0.242617,0.031234,0.036242,0.00,10,-0.161984,0.308966,0.388244,0.000000,0.000000,0.000000,0.000000,0.000000,0.000000,-0.026880,-0.197400,0.103169,-0.024160,0.025728,-0.010976,LEADER
1786700706776513082,2026-08-14T16:45:06.776527,prediction,0.090302,0.593000,-0.069474,0.089796,0.597580,-0.068780,True,-0.152821,0.566000,-0.032538,0.242617,0.031580,0.036242,0.00,10,-0.161984,0.308966,0.388244,0.000000,0.000000,0.000000,0.000000,0.000000,0.000000,-0.026880,-0.197400,0.103169,-0.024160,0.025728,-0.010976,LEADER
1786700706809617121,2026-08-14T16:45:06.809638,prediction,0.089736,0.598000,-0.068697,0.089796,0.597916,-0.068780,True,-0.152821,0.566000,-0.032538,0.242617,0.031916,0.036242,0.00,10,-0.161984,0.308966,0.388244,0.000000,0.000000,0.000000,0.000000,0.000000,0.000000,-0.026880,-0.197400,0.103169,-0.024160,0.025728,-0.010976,LEADER
1786700706842836552,2026-08-14T16:45:06.842850,prediction,0.089736,0.598000,-0.068697,0.089796,0.597983,-0.068780,True,-0.152821,0.566000,-0.032538,0.242617,0.031983,0.036242,0.00,10,-0.161984,0.308966,0.388244,0.000000,0.000000,0.000000,0.000000,0.000000,0.000000,-0.026880,-0.197400,0.103169,-0.024160,0.025728,-0.010976,LEADER
1786700706876745345,2026-08-14T16:45:06.876770,prediction,0.089736,0.598000,-0.068697,0.089796,0.597997,-0.068780,True,-0.152821,0.566000,-0.032538,0.242617,0.031997,0.036242,0.00,10,-0.161984,0.308966,0.388244,0.000000,0.000000,0.000000,0.000000,0.000000,0.000000,-0.026880,-0.197400,0.103169,-0.024160,0.025728,-0.010976,LEADER
1786700706909929835,2026-08-14T16:45:06.909951,prediction,0.088491,0.609000,-0.066986,0.089713,0.597999,-0.068665,True,-0.152821,0.566000,-0.032538,0.242534,0.031999,0.036127,0.00,10,-0.161984,0.308966,0.388244,0.000000,0.000000,0.000000,0.000000,0.000000,0.000000,-0.026880,-0.197400,0.103169,-0.024160,0.025728,-0.010976,LEADER
1786700706943253778,2026-08-14T16:45:06.943280,prediction,0.090302,0.593000,-0.069474,0.089796,0.598000,-0.068780,True,-0.152821,0.566000,-0.032538,0.242617,0.032000,0.036242,0.00,10,-0.161984,0.308966,0.388244,0.000000,0.000000,0.000000,0.000000,0.000000,0.000000,-0.026880,-0.197400,0.103169,-0.024160,0.025728,-0.010976,LEADER
1786700706977113505,2026-08-14T16:45:06.977132,prediction,0.089736,0.598000,-0.068697,0.089676,0.598320,-0.068614,True,-0.152821,0.566000,-0.032538,0.242497,0.032320,0.036076,0.00,10,-0.161984,0.308966,0.388244,0.000000,0.000000,0.000000,0.000000,0.000000,0.000000,-0.026880,-0.197400,0.103169,-0.024160,0.025728,-0.010976,LEADER
1786700707010980086,2026-08-14T16:45:07.011004,prediction,0.089736,0.598000,-0.068697,0.089676,0.598384,-0.068614,True,-0.152821,0.566000,-0.032538,0.242497,0.032384,0.036076,0.00,10,-0.161984,0.308966,0.388244,0.000000,0.000000,0.000000,0.000000,0.000000,0.000000,-0.026880,-0.197400,0.103169,-0.024160,0.025728,-0.010976,LEADER
1786700707044688576,2026-08-14T16:45:07.044712,prediction,0.091434,0.583000,-0.071029,0.089789,0.598397,-0.068769,True,-0.152821,0.566000,-0.032538,0.242610,0.032397,0.036231,0.00,10,-0.161984,0.308966,0.388244,0.000000,0.000000,0.000000,0.000000,0.000000,0.000000,-0.026880,-0.197400,0.103169,-0.024160,0.025728,-0.010976,LEADER
1786700707077715076,2026-08-14T16:45:07.077748,prediction,0.091434,0.583000,-0.071029,0.089902,0.597599,-0.068925,True,-0.152821,0.566000,-0.032538,0.242723,0.031599,0.036387,0.00,10,-0.161984,0.308966,0.388244,0.000000,0.000000,0.000000,0.000000,0.000000,0.000000,-0.026880,-0.197400,0.103169,-0.024160,0.025728,-0.010976,LEADER
1786700707110535927,2026-08-14T16:45:07.110564,prediction,0.089736,0.598000,-0.068697,0.089902,0.596640,-0.068925,True,-0.152821,0.566000,-0.032538,0.242723,0.030640,0.036387,0.00,10,-0.161984,0.308966,0.388244,0.000000,0.000000,0.000000,0.000000,0.000000,0.000000,-0.026880,-0.197400,0.103169,-0.024160,0.025728,-0.010976,LEADER
1786700707144435399,2026-08-14T16:45:07.144462,prediction,0.090868,0.588000,-0.070252,0.089940,0.595915,-0.068976,True,-0.152821,0.566000,-0.032538,0.242761,0.029915,0.036438,0.00,10,-0.161984,0.308966,0.388244,0.000000,0.000000,0.000000,0.000000,0.000000,0.000000,-0.026880,-0.197400,0.103169,-0.024160,0.025728,-0.010976,LEADER
1786700707177119351,2026-08-14T16:45:07.177154,prediction,0.090302,0.593000,-0.069474,0.090023,0.595503,-0.069091,True,-0.152821,0.566000,-0.032538,0.242844,0.029503,0.036553,0.00,10,-0.161984,0.308966,0.388244,0.000000,0.000000,0.000000,0.000000,0.000000,0.000000,-0.026880,-0.197400,0.103169,-0.024160,0.025728,-0.010976,LEADER
1786700707210130054,2026-08-14T16:45:07.210155,prediction,0.090302,0.593000,-0.069474,0.090061,0.595154,-0.069142,True,-0.152821,0.566000,-0.032538,0.242882,0.029154,0.036604,0.00,10,-0.161984,0.308966,0.388244,0.000000,0.000000,0.000000,0.000000,0.000000,0.000000,-0.026880,-0.197400,0.103169,-0.024160,0.025728,-0.010976,LEADER
1786700707243015348,2026-08-14T16:45:07.243036,prediction,0.089736,0.598000,-0.068697,0.090061,0.594817,-0.069142,True,-0.152821,0.566000,-0.032538,0.242882,0.028817,0.036604,0.00,10,-0.161984,0.308966,0.388244,0.000000,0.000000,0.000000,0.000000,0.000000,0.000000,-0.026880,-0.197400,0.103169,-0.024160,0.025728,-0.010976,LEADER
1786700707276567053,2026-08-14T16:45:07.276583,prediction,0.089736,0.598000,-0.068697,0.090023,0.594750,-0.069091,True,-0.152821,0.566000,-0.032538,0.242844,0.028750,0.036553,0.00,10,-0.161984,0.308966,0.388244,0.000000,0.000000,0.000000,0.000000,0.000000,0.000000,-0.026880,-0.197400,0.103169,-0.024160,0.025728,-0.010976,LEADER
1786700707309726375,2026-08-14T16:45:07.309746,prediction,0.090302,0.593000,-0.066510,0.090061,0.594737,-0.068945,True,-0.152821,0.566000,-0.032538,0.242882,0.028737,0.036407,0.00,10,-0.161984,0.308966,0.388244,0.000000,0.000000,0.000000,0.000000,0.000000,0.000000,-0.026880,-0.197400,0.103169,-0.024160,0.025728,-0.010976,LEADER
1786700707343249812,2026-08-14T16:45:07.343267,prediction,0.089057,0.604000,-0.064818,0.090015,0.594734,-0.068686,True,-0.152821,0.566000,-0.032538,0.242836,0.028734,0.036148,0.00,10,-0.161984,0.308966,0.388244,0.000000,0.000000,0.000000,0.000000,0.000000,0.000000,-0.026880,-0.197400,0.103169,-0.024160,0.025728,-0.010976,LEADER
1786700707376544369,2026-08-14T16:45:07.376563,prediction,0.090302,0.593000,-0.066510,0.090053,0.594467,-0.068540,True,-0.152821,0.566000,-0.032538,0.242874,0.028467,0.036002,0.00,10,-0.161984,0.308966,0.388244,0.000000,0.000000,0.000000,0.000000,0.000000,0.000000,-0.026880,-0.197400,0.103169,-0.024160,0.025728,-0.010976,LEADER
1786700707409830271,2026-08-14T16:45:07.409850,prediction,0.093260,0.593000,-0.066510,0.090371,0.594147,-0.068509,True,-0.152821,0.566000,-0.032538,0.243192,0.028147,0.035971,0.00,10,-0.161984,0.308966,0.388244,0.000000,0.000000,0.000000,0.000000,0.000000,0.000000,-0.026880,-0.197400,0.103169,-0.024160,0.025728,-0.010976,LEADER
1786700707443014706,2026-08-14T16:45:07.443038,prediction,0.092686,0.598000,-0.065741,0.090530,0.593816,-0.068260,True,-0.152821,0.566000,-0.032538,0.243351,0.027816,0.035722,0.00,10,-0.161984,0.308966,0.388244,0.000000,0.000000,0.000000,0.000000,0.000000,0.000000,-0.026880,-0.197400,0.103169,-0.024160,0.025728,-0.010976,LEADER
1786700707476235535,2026-08-14T16:45:07.476248,prediction,0.090302,0.593000,-0.066510,0.090613,0.593163,-0.068176,True,-0.152821,0.566000,-0.032538,0.243434,0.027163,0.035638,0.00,10,-0.161984,0.308966,0.388244,0.000000,0.000000,0.000000,0.000000,0.000000,0.000000,-0.026880,-0.197400,0.103169,-0.024160,0.025728,-0.010976,LEADER
1786700707510079731,2026-08-14T16:45:07.510101,prediction,0.090868,0.588000,-0.067279,0.090651,0.592766,-0.068030,True,-0.152821,0.566000,-0.032538,0.243472,0.026766,0.035492,0.00,10,-0.161984,0.308966,0.388244,0.000000,0.000000,0.000000,0.000000,0.000000,0.000000,-0.026880,-0.197400,0.103169,-0.024160,0.025728,-0.010976,LEADER
1786700707543620698,2026-08-14T16:45:07.543658,prediction,0.090868,0.588000,-0.067279,0.090613,0.592420,-0.067781,True,-0.152821,0.566000,-0.032538,0.243434,0.026420,0.035243,0.00,10,-0.161984,0.308966,0.388244,0.000000,0.000000,0.000000,0.000000,0.000000,0.000000,-0.026880,-0.197400,0.103169,-0.024160,0.025728,-0.010976,LEADER
1786700707576143169,2026-08-14T16:45:07.576165,prediction,0.090868,0.588000,-0.067279,0.090575,0.592617,-0.067531,True,-0.152821,0.566000,-0.032538,0.243396,0.026617,0.034993,0.00,10,-0.161984,0.308966,0.388244,0.000000,0.000000,0.000000,0.000000,0.000000,0.000000,-0.026880,-0.197400,0.103169,-0.024160,0.025728,-0.010976,LEADER
1786700707610967324,2026-08-14T16:45:07.611006,prediction,0.090302,0.593000,-0.066510,0.090613,0.592923,-0.067385,True,-0.152821,0.566000,-0.032538,0.243434,0.026923,0.034847,0.00,10,-0.161984,0.308966,0.388244,0.000000,0.000000,0.000000,0.000000,0.000000,0.000000,-0.026880,-0.197400,0.103169,-0.024160,0.025728,-0.010976,LEADER
1786700707644173588,2026-08-14T16:45:07.644196,prediction,0.092113,0.577000,-0.068972,0.090696,0.592985,-0.067299,True,-0.152821,0.566000,-0.032538,0.243517,0.026985,0.034761,0.00,10,-0.161984,0.308966,0.388244,0.000000,0.000000,0.000000,0.000000,0.000000,0.000000,-0.026880,-0.197400,0.103169,-0.024160,0.025728,-0.010976,LEADER
1786700707676391948,2026-08-14T16:45:07.676415,prediction,0.089057,0.604000,-0.064818,0.090613,0.592997,-0.066989,True,-0.152821,0.566000,-0.032538,0.243434,0.026997,0.034451,0.00,10,-0.161984,0.308966,0.388244,0.000000,0.000000,0.000000,0.000000,0.000000,0.000000,-0.026880,-0.197400,0.103169,-0.024160,0.025728,-0.010976,LEADER
1786700707709763730,2026-08-14T16:45:07.709779,prediction,0.090302,0.593000,-0.066510,0.090613,0.592999,-0.066791,True,-0.152821,0.566000,-0.032538,0.243434,0.026999,0.034253,0.00,10,-0.161984,0.308966,0.388244,0.000000,0.000000,0.000000,0.000000,0.000000,0.000000,-0.026880,-0.197400,0.103169,-0.024160,0.025728,-0.010976,LEADER
1786700707743941638,2026-08-14T16:45:07.743960,prediction,0.092113,0.577000,-0.068972,0.090771,0.593000,-0.066810,True,-0.152821,0.566000,-0.032538,0.243592,0.027000,0.034272,0.00,10,-0.161984,0.308966,0.388244,0.000000,0.000000,0.000000,0.000000,0.000000,0.000000,-0.026880,-0.197400,0.103169,-0.024160,0.025728,-0.010976,LEADER
1786700707777768354,2026-08-14T16:45:07.777790,prediction,0.092679,0.572000,-0.069741,0.090968,0.591880,-0.066879,True,-0.152821,0.566000,-0.032538,0.243789,0.025880,0.034341,0.00,10,-0.161984,0.308966,0.388244,0.000000,0.000000,0.000000,0.000000,0.000000,0.000000,-0.026880,-0.197400,0.103169,-0.024160,0.025728,-0.010976,LEADER
1786700707809963524,2026-08-14T16:45:07.809989,prediction,0.089057,0.604000,-0.064818,0.090885,0.590536,-0.066767,True,-0.152821,0.566000,-0.032538,0.243706,0.024536,0.034229,0.00,10,-0.161984,0.308966,0.388244,0.000000,0.000000,0.000000,0.000000,0.000000,0.000000,-0.026880,-0.197400,0.103169,-0.024160,0.025728,-0.010976,LEADER
1786700707843681840,2026-08-14T16:45:07.843713,prediction,0.089057,0.604000,-0.064818,0.090885,0.590587,-0.066767,True,-0.152821,0.566000,-0.032538,0.243706,0.024587,0.034229,0.00,10,-0.161984,0.308966,0.388244,0.000000,0.000000,0.000000,0.000000,0.000000,0.000000,-0.026880,-0.197400,0.103169,-0.024160,0.025728,-0.010976,LEADER
1786700707877310150,2026-08-14T16:45:07.877349,prediction,0.090868,0.588000,-0.067279,0.090922,0.591184,-0.066818,True,-0.152821,0.566000,-0.032538,0.243743,0.025184,0.034280,0.00,10,-0.161984,0.308966,0.388244,0.000000,0.000000,0.000000,0.000000,0.000000,0.000000,-0.026880,-0.197400,0.103169,-0.024160,0.025728,-0.010976,LEADER
1786700707912941573,2026-08-14T16:45:07.912967,prediction,0.090868,0.588000,-0.067279,0.090763,0.591037,-0.066869,True,-0.152821,0.566000,-0.032538,0.243584,0.025037,0.034331,0.00,10,-0.161984,0.308966,0.388244,0.000000,0.000000,0.000000,0.000000,0.000000,0.000000,-0.026880,-0.197400,0.103169,-0.024160,0.025728,-0.010976,LEADER
1786700707943308033,2026-08-14T16:45:07.943331,prediction,0.090302,0.593000,-0.069474,0.090604,0.590741,-0.067118,True,-0.152821,0.566000,-0.032538,0.243425,0.024741,0.034580,0.00,10,-0.161984,0.308966,0.388244,0.000000,0.000000,0.000000,0.000000,0.000000,0.000000,-0.026880,-0.197400,0.103169,-0.024160,0.025728,-0.010976,LEADER
1786700707976761317,2026-08-14T16:45:07.976794,prediction,0.088491,0.609000,-0.066986,0.090483,0.590681,-0.067150,True,-0.152821,0.566000,-0.032538,0.243304,0.024681,0.034612,0.00,10,-0.161984,0.308966,0.388244,0.000000,0.000000,0.000000,0.000000,0.000000,0.000000,-0.026880,-0.197400,0.103169,-0.024160,0.025728,-0.010976,LEADER
1786700708009611611,2026-08-14T16:45:08.009650,prediction,0.089057,0.604000,-0.067764,0.090400,0.591256,-0.067233,True,-0.152821,0.566000,-0.032538,0.243221,0.025256,0.034695,0.00,10,-0.161984,0.308966,0.388244,0.000000,0.000000,0.000000,0.000000,0.000000,0.000000,-0.026880,-0.197400,0.103169,-0.024160,0.025728,-0.010976,LEADER
1786700708042931128,2026-08-14T16:45:08.042950,prediction,0.090302,0.593000,-0.066510,0.090362,0.591958,-0.067182,True,-0.152821,0.566000,-0.032538,0.243183,0.025958,0.034644,0.00,10,-0.161984,0.308966,0.388244,0.000000,0.000000,0.000000,0.000000,0.000000,0.000000,-0.026880,-0.197400,0.103169,-0.024160,0.025728,-0.010976,LEADER
1786700708076068226,2026-08-14T16:45:08.076089,prediction,0.091434,0.583000,-0.068049,0.090400,0.592365,-0.067233,True,-0.152821,0.566000,-0.032538,0.243221,0.026365,0.034695,0.00,10,-0.161984,0.308966,0.388244,0.000000,0.000000,0.000000,0.000000,0.000000,0.000000,-0.026880,-0.197400,0.103169,-0.024160,0.025728,-0.010976,LEADER
1786700708109529059,2026-08-14T16:45:08.109551,prediction,0.090868,0.588000,-0.067279,0.090438,0.592446,-0.067285,True,-0.152821,0.566000,-0.032538,0.243259,0.026446,0.034747,0.00,10,-0.161984,0.308966,0.388244,0.000000,0.000000,0.000000,0.000000,0.000000,0.000000,-0.026880,-0.197400,0.103169,-0.024160,0.025728,-0.010976,LEADER
1786700708143052421,2026-08-14T16:45:08.143075,prediction,0.090302,0.593000,-0.066510,0.090317,0.592463,-0.067121,True,-0.152821,0.566000,-0.032538,0.243138,0.026463,0.034583,0.00,10,-0.161984,0.308966,0.388244,0.000000,0.000000,0.000000,0.000000,0.000000,0.000000,-0.026880,-0.197400,0.103169,-0.024160,0.025728,-0.010976,LEADER
1786700708177082898,2026-08-14T16:45:08.177118,prediction,0.091434,0.583000,-0.068049,0.090476,0.592199,-0.067336,True,-0.152821,0.566000,-0.032538,0.243297,0.026199,0.034798,0.00,10,-0.161984,0.308966,0.388244,0.000000,0.000000,0.000000,0.000000,0.000000,0.000000,-0.026880,-0.197400,0.103169,-0.024160,0.025728,-0.010976,LEADER
1786700708209620901,2026-08-14T16:45:08.209640,prediction,0.089736,0.598000,-0.065741,0.090438,0.592146,-0.067285,True,-0.152821,0.566000,-0.032538,0.243259,0.026146,0.034747,0.00,10,-0.161984,0.308966,0.388244,0.000000,0.000000,0.000000,0.000000,0.000000,0.000000,-0.026880,-0.197400,0.103169,-0.024160,0.025728,-0.010976,LEADER
1786700708243877592,2026-08-14T16:45:08.243905,prediction,0.091434,0.583000,-0.068049,0.090393,0.591603,-0.067223,True,-0.152821,0.566000,-0.032538,0.243214,0.025603,0.034685,0.00,10,-0.161984,0.308966,0.388244,0.000000,0.000000,0.000000,0.000000,0.000000,0.000000,-0.026880,-0.197400,0.103169,-0.024160,0.025728,-0.010976,LEADER
1786700708278040890,2026-08-14T16:45:08.278077,prediction,0.090868,0.588000,-0.070252,0.090272,0.592081,-0.067257,True,-0.152821,0.566000,-0.032538,0.243093,0.026081,0.034719,0.00,10,-0.161984,0.308966,0.388244,0.000000,0.000000,0.000000,0.000000,0.000000,0.000000,-0.026880,-0.197400,0.103169,-0.024160,0.025728,-0.010976,LEADER
1786700708311088242,2026-08-14T16:45:08.311131,prediction,0.089736,0.598000,-0.065741,0.090317,0.592763,-0.067319,True,-0.152821,0.566000,-0.032538,0.243138,0.026763,0.034781,0.00,10,-0.161984,0.308966,0.388244,0.000000,0.000000,0.000000,0.000000,0.000000,0.000000,-0.026880,-0.197400,0.103169,-0.024160,0.025728,-0.010976,LEADER
1786700708344266282,2026-08-14T16:45:08.344294,prediction,0.090868,0.588000,-0.067279,0.090438,0.592046,-0.067483,True,-0.152821,0.566000,-0.032538,0.243259,0.026046,0.034945,0.00,10,-0.161984,0.308966,0.388244,0.000000,0.000000,0.000000,0.000000,0.000000,0.000000,-0.026880,-0.197400,0.103169,-0.024160,0.025728,-0.010976,LEADER
1786700708378255667,2026-08-14T16:45:08.378284,prediction,0.092113,0.577000,-0.068972,0.090521,0.591049,-0.067596,True,-0.152821,0.566000,-0.032538,0.243342,0.025049,0.035058,0.00,10,-0.161984,0.308966,0.388244,0.000000,0.000000,0.000000,0.000000,0.000000,0.000000,-0.026880,-0.197400,0.103169,-0.024160,0.025728,-0.010976,LEADER
1786700708410451624,2026-08-14T16:45:08.410487,prediction,0.090868,0.588000,-0.070252,0.090521,0.590850,-0.067794,True,-0.152821,0.566000,-0.032538,0.243342,0.024850,0.035256,0.00,10,-0.161984,0.308966,0.388244,0.000000,0.000000,0.000000,0.000000,0.000000,0.000000,-0.026880,-0.197400,0.103169,-0.024160,0.025728,-0.010976,LEADER
1786700708442802981,2026-08-14T16:45:08.442824,prediction,0.091434,0.583000,-0.068049,0.090596,0.590543,-0.067699,True,-0.152821,0.566000,-0.032538,0.243417,0.024543,0.035161,0.00,10,-0.161984,0.308966,0.388244,0.000000,0.000000,0.000000,0.000000,0.000000,0.000000,-0.026880,-0.197400,0.103169,-0.024160,0.025728,-0.010976,LEADER
1786700708476857470,2026-08-14T16:45:08.476887,prediction,0.090302,0.593000,-0.066510,0.090717,0.590215,-0.067667,True,-0.152821,0.566000,-0.032538,0.243538,0.024215,0.035129,0.00,10,-0.161984,0.308966,0.388244,0.000000,0.000000,0.000000,0.000000,0.000000,0.000000,-0.026880,-0.197400,0.103169,-0.024160,0.025728,-0.010976,LEADER
1786700708510369512,2026-08-14T16:45:08.510426,prediction,0.090302,0.593000,-0.066510,0.090800,0.589563,-0.067583,True,-0.152821,0.566000,-0.032538,0.243621,0.023563,0.035045,0.00,10,-0.161984,0.308966,0.388244,0.000000,0.000000,0.000000,0.000000,0.000000,0.000000,-0.026880,-0.197400,0.103169,-0.024160,0.025728,-0.010976,LEADER
1786700708543118223,2026-08-14T16:45:08.543139,prediction,0.089736,0.598000,-0.065741,0.090762,0.588846,-0.067532,True,-0.152821,0.566000,-0.032538,0.243583,0.022846,0.034994,0.00,10,-0.161984,0.308966,0.388244,0.000000,0.000000,0.000000,0.000000,0.000000,0.000000,-0.026880,-0.197400,0.103169,-0.024160,0.025728,-0.010976,LEADER
1786700708576233373,2026-08-14T16:45:08.576273,prediction,0.089057,0.604000,-0.064818,0.090604,0.588969,-0.067317,True,-0.152821,0.566000,-0.032538,0.243425,0.022969,0.034779,0.00,10,-0.161984,0.308966,0.388244,0.000000,0.000000,0.000000,0.000000,0.000000,0.000000,-0.026880,-0.197400,0.103169,-0.024160,0.025728,-0.010976,LEADER
1786700708609575799,2026-08-14T16:45:08.609596,prediction,0.088491,0.609000,-0.064049,0.090445,0.589847,-0.067101,True,-0.152821,0.566000,-0.032538,0.243266,0.023847,0.034563,0.00,10,-0.161984,0.308966,0.388244,0.000000,0.000000,0.000000,0.000000,0.000000,0.000000,-0.026880,-0.197400,0.103169,-0.024160,0.025728,-0.010976,LEADER
1786700708642864643,2026-08-14T16:45:08.642882,prediction,0.090302,0.593000,-0.066510,0.090445,0.590876,-0.067101,True,-0.152821,0.566000,-0.032538,0.243266,0.024876,0.034563,0.00,10,-0.161984,0.308966,0.388244,0.000000,0.000000,0.000000,0.000000,0.000000,0.000000,-0.026880,-0.197400,0.103169,-0.024160,0.025728,-0.010976,LEADER
1786700708676418979,2026-08-14T16:45:08.676443,prediction,0.091434,0.583000,-0.068049,0.090445,0.591349,-0.067101,True,-0.152821,0.566000,-0.032538,0.243266,0.025349,0.034563,0.00,10,-0.161984,0.308966,0.388244,0.000000,0.000000,0.000000,0.000000,0.000000,0.000000,-0.026880,-0.197400,0.103169,-0.024160,0.025728,-0.010976,LEADER
1786700708709513212,2026-08-14T16:45:08.709532,prediction,0.091434,0.583000,-0.068049,0.090559,0.590910,-0.067255,True,-0.152821,0.566000,-0.032538,0.243380,0.024910,0.034717,0.00,10,-0.161984,0.308966,0.388244,0.000000,0.000000,0.000000,0.000000,0.000000,0.000000,-0.026880,-0.197400,0.103169,-0.024160,0.025728,-0.010976,LEADER
1786700708744247226,2026-08-14T16:45:08.744289,prediction,0.090868,0.588000,-0.067279,0.090521,0.590822,-0.067204,True,-0.152821,0.566000,-0.032538,0.243342,0.024822,0.034666,0.00,10,-0.161984,0.308966,0.388244,0.000000,0.000000,0.000000,0.000000,0.000000,0.000000,-0.026880,-0.197400,0.103169,-0.024160,0.025728,-0.010976,LEADER
1786700708776935201,2026-08-14T16:45:08.776951,prediction,0.090302,0.593000,-0.066510,0.090483,0.590804,-0.066955,True,-0.152821,0.566000,-0.032538,0.243304,0.024804,0.034417,0.00,10,-0.161984,0.308966,0.388244,0.000000,0.000000,0.000000,0.000000,0.000000,0.000000,-0.026880,-0.197400,0.103169,-0.024160,0.025728,-0.010976,LEADER
1786700708810219496,2026-08-14T16:45:08.810237,prediction,0.090868,0.588000,-0.067279,0.090559,0.590801,-0.067057,True,-0.152821,0.566000,-0.032538,0.243380,0.024801,0.034519,0.00,10,-0.161984,0.308966,0.388244,0.000000,0.000000,0.000000,0.000000,0.000000,0.000000,-0.026880,-0.197400,0.103169,-0.024160,0.025728,-0.010976,LEADER
1786700708843338252,2026-08-14T16:45:08.843359,prediction,0.090868,0.588000,-0.067279,0.090559,0.590800,-0.067057,True,-0.152821,0.566000,-0.032538,0.243380,0.024800,0.034519,0.00,10,-0.161984,0.308966,0.388244,0.000000,0.000000,0.000000,0.000000,0.000000,0.000000,-0.026880,-0.197400,0.103169,-0.024160,0.025728,-0.010976,LEADER
1786700708876515060,2026-08-14T16:45:08.876539,prediction,0.089736,0.598000,-0.065741,0.090400,0.590800,-0.066842,True,-0.152821,0.566000,-0.032538,0.243221,0.024800,0.034304,0.00,10,-0.161984,0.308966,0.388244,0.000000,0.000000,0.000000,0.000000,0.000000,0.000000,-0.026880,-0.197400,0.103169,-0.024160,0.025728,-0.010976,LEADER
1786700708910862239,2026-08-14T16:45:08.910884,prediction,0.090302,0.593000,-0.066510,0.090362,0.591067,-0.066592,True,-0.152821,0.566000,-0.032538,0.243183,0.025067,0.034054,0.00,10,-0.161984,0.308966,0.388244,0.000000,0.000000,0.000000,0.000000,0.000000,0.000000,-0.026880,-0.197400,0.103169,-0.024160,0.025728,-0.010976,LEADER
1786700708943900665,2026-08-14T16:45:08.943921,prediction,0.090868,0.588000,-0.067279,0.090325,0.591653,-0.066541,True,-0.152821,0.566000,-0.032538,0.243146,0.025653,0.034003,0.00,10,-0.161984,0.308966,0.388244,0.000000,0.000000,0.000000,0.000000,0.000000,0.000000,-0.026880,-0.197400,0.103169,-0.024160,0.025728,-0.010976,LEADER
1786700708977004766,2026-08-14T16:45:08.977038,prediction,0.091434,0.583000,-0.068049,0.090400,0.591771,-0.066644,True,-0.152821,0.566000,-0.032538,0.243221,0.025771,0.034106,0.00,10,-0.161984,0.308966,0.388244,0.000000,0.000000,0.000000,0.000000,0.000000,0.000000,-0.026880,-0.197400,0.103169,-0.024160,0.025728,-0.010976,LEADER
1786700709010828123,2026-08-14T16:45:09.010856,prediction,0.090868,0.588000,-0.067279,0.090438,0.591527,-0.066695,True,-0.152821,0.566000,-0.032538,0.243259,0.025527,0.034157,0.00,10,-0.161984,0.308966,0.388244,0.000000,0.000000,0.000000,0.000000,0.000000,0.000000,-0.026880,-0.197400,0.103169,-0.024160,0.025728,-0.010976,LEADER
1786700709043535317,2026-08-14T16:45:09.043574,prediction,0.094409,0.583000,-0.065068,0.090749,0.590945,-0.066650,True,-0.152821,0.566000,-0.032538,0.243570,0.024945,0.034112,0.00,10,-0.161984,0.308966,0.388244,0.000000,0.000000,0.000000,0.000000,0.000000,0.000000,-0.026880,-0.197400,0.103169,-0.024160,0.025728,-0.010976,LEADER
1786700709076357030,2026-08-14T16:45:09.076377,prediction,0.092113,0.577000,-0.065981,0.090953,0.590029,-0.066728,True,-0.152821,0.566000,-0.032538,0.243774,0.024029,0.034190,0.00,10,-0.161984,0.308966,0.388244,0.000000,0.000000,0.000000,0.000000,0.000000,0.000000,-0.026880,-0.197400,0.103169,-0.024160,0.025728,-0.010976,LEADER
1786700709109538271,2026-08-14T16:45:09.109558,prediction,0.092686,0.598000,-0.062785,0.091233,0.588726,-0.066643,True,-0.152821,0.566000,-0.032538,0.244054,0.022726,0.034105,0.00,10,-0.161984,0.308966,0.388244,0.000000,0.000000,0.000000,0.000000,0.000000,0.000000,-0.026880,-0.197400,0.103169,-0.024160,0.025728,-0.010976,LEADER
1786700709142935850,2026-08-14T16:45:09.142958,prediction,0.093834,0.588000,-0.067279,0.091468,0.587612,-0.066695,True,-0.152821,0.566000,-0.032538,0.244289,0.021612,0.034157,0.00,10,-0.161984,0.308966,0.388244,0.000000,0.000000,0.000000,0.000000,0.000000,0.000000,-0.026880,-0.197400,0.103169,-0.024160,0.025728,-0.010976,LEADER
1786700709176151450,2026-08-14T16:45:09.176174,prediction,0.093834,0.588000,-0.064307,0.091628,0.587122,-0.066445,True,-0.152821,0.566000,-0.032538,0.244449,0.021122,0.033907,0.00,10,-0.161984,0.308966,0.388244,0.000000,0.000000,0.000000,0.000000,0.000000,0.000000,-0.026880,-0.197400,0.103169,-0.024160,0.025728,-0.010976,LEADER
1786700709209548658,2026-08-14T16:45:09.209569,prediction,0.093834,0.588000,-0.067279,0.091788,0.587291,-0.066394,True,-0.152821,0.566000,-0.032538,0.244609,0.021291,0.033856,0.00,10,-0.161984,0.308966,0.388244,0.000000,0.000000,0.000000,0.000000,0.000000,0.000000,-0.026880,-0.197400,0.103169,-0.024160,0.025728,-0.010976,LEADER
1786700709243262127,2026-08-14T16:45:09.243278,prediction,0.094409,0.583000,-0.068049,0.092024,0.587592,-0.066445,True,-0.152821,0.566000,-0.032538,0.244845,0.021592,0.033907,0.00,10,-0.161984,0.308966,0.388244,0.000000,0.000000,0.000000,0.000000,0.000000,0.000000,-0.026880,-0.197400,0.103169,-0.024160,0.025728,-0.010976,LEADER
1786700709277670308,2026-08-14T16:45:09.277705,prediction,0.093260,0.593000,-0.066510,0.092222,0.587652,-0.066445,True,-0.152821,0.566000,-0.032538,0.245043,0.021652,0.033907,0.00,10,-0.161984,0.308966,0.388244,0.000000,0.000000,0.000000,0.000000,0.000000,0.000000,-0.026880,-0.197400,0.103169,-0.024160,0.025728,-0.010976,LEADER
1786700709311114608,2026-08-14T16:45:09.311137,prediction,0.093260,0.593000,-0.066510,0.092381,0.587930,-0.066394,True,-0.152821,0.566000,-0.032538,0.245202,0.021930,0.033856,0.00,10,-0.161984,0.308966,0.388244,0.000000,0.000000,0.000000,0.000000,0.000000,0.000000,-0.026880,-0.197400,0.103169,-0.024160,0.025728,-0.010976,LEADER
1786700709345056706,2026-08-14T16:45:09.345085,prediction,0.093260,0.593000,-0.066510,0.092541,0.588253,-0.066343,True,-0.152821,0.566000,-0.032538,0.245362,0.022253,0.033805,0.00,10,-0.161984,0.308966,0.388244,0.000000,0.000000,0.000000,0.000000,0.000000,0.000000,-0.026880,-0.197400,0.103169,-0.024160,0.025728,-0.010976,LEADER
1786700709377090115,2026-08-14T16:45:09.377106,prediction,0.095672,0.572000,-0.069741,0.092936,0.588584,-0.066609,True,-0.152821,0.566000,-0.032538,0.245757,0.022584,0.034071,0.00,10,-0.161984,0.308966,0.388244,0.000000,0.000000,0.000000,0.000000,0.000000,0.000000,-0.026880,-0.197400,0.103169,-0.024160,0.025728,-0.010976,LEADER
1786700709409577906,2026-08-14T16:45:09.409597,prediction,0.093834,0.588000,-0.067279,0.093172,0.588383,-0.066661,True,-0.152821,0.566000,-0.032538,0.245993,0.022383,0.034123,0.00,10,-0.161984,0.308966,0.388244,0.000000,0.000000,0.000000,0.000000,0.000000,0.000000,-0.026880,-0.197400,0.103169,-0.024160,0.025728,-0.010976,LEADER
1786700709443590327,2026-08-14T16:45:09.443622,prediction,0.095672,0.572000,-0.069741,0.093492,0.587223,-0.066825,True,-0.152821,0.566000,-0.032538,0.246313,0.021223,0.034287,0.00,10,-0.161984,0.308966,0.388244,0.000000,0.000000,0.000000,0.000000,0.000000,0.000000,-0.026880,-0.197400,0.103169,-0.024160,0.025728,-0.010976,LEADER
1786700709476320872,2026-08-14T16:45:09.476346,prediction,0.093834,0.588000,-0.067279,0.093652,0.586991,-0.066773,True,-0.152821,0.566000,-0.032538,0.246473,0.020991,0.034235,0.00,10,-0.161984,0.308966,0.388244,0.000000,0.000000,0.000000,0.000000,0.000000,0.000000,-0.026880,-0.197400,0.103169,-0.024160,0.025728,-0.010976,LEADER
1786700709510019986,2026-08-14T16:45:09.510036,prediction,0.093834,0.588000,-0.067279,0.093850,0.586945,-0.066773,True,-0.152821,0.566000,-0.032538,0.246671,0.020945,0.034235,0.00,10,-0.161984,0.308966,0.388244,0.000000,0.000000,0.000000,0.000000,0.000000,0.000000,-0.026880,-0.197400,0.103169,-0.024160,0.025728,-0.010976,LEADER
1786700709543317119,2026-08-14T16:45:09.543335,prediction,0.094409,0.583000,-0.068049,0.093850,0.587202,-0.066972,True,-0.152821,0.566000,-0.032538,0.246671,0.021202,0.034434,0.00,10,-0.161984,0.308966,0.388244,0.000000,0.000000,0.000000,0.000000,0.000000,0.000000,-0.026880,-0.197400,0.103169,-0.024160,0.025728,-0.010976,LEADER
1786700709578085128,2026-08-14T16:45:09.578109,prediction,0.094409,0.583000,-0.068049,0.094003,0.587254,-0.067110,True,-0.152821,0.566000,-0.032538,0.246824,0.021254,0.034572,0.00,10,-0.161984,0.308966,0.388244,0.000000,0.000000,0.000000,0.000000,0.000000,0.000000,-0.026880,-0.197400,0.103169,-0.024160,0.025728,-0.010976,LEADER
1786700709611341009,2026-08-14T16:45:09.611365,prediction,0.095098,0.577000,-0.068972,0.094164,0.587264,-0.067522,True,-0.152821,0.566000,-0.032538,0.246985,0.021264,0.034984,0.00,10,-0.161984,0.308966,0.388244,0.000000,0.000000,0.000000,0.000000,0.000000,0.000000,-0.026880,-0.197400,0.103169,-0.024160,0.025728,-0.010976,LEADER
1786700709643828860,2026-08-14T16:45:09.643860,prediction,0.095098,0.577000,-0.068972,0.094248,0.586679,-0.067635,True,-0.152821,0.566000,-0.032538,0.247069,0.020679,0.035097,0.00,10,-0.161984,0.308966,0.388244,0.000000,0.000000,0.000000,0.000000,0.000000,0.000000,-0.026880,-0.197400,0.103169,-0.024160,0.025728,-0.010976,LEADER
1786700709676118956,2026-08-14T16:45:09.676140,prediction,0.094409,0.583000,-0.068049,0.094286,0.585976,-0.067885,True,-0.152821,0.566000,-0.032538,0.247107,0.019976,0.035347,0.00,10,-0.161984,0.308966,0.388244,0.000000,0.000000,0.000000,0.000000,0.000000,0.000000,-0.026880,-0.197400,0.103169,-0.024160,0.025728,-0.010976,LEADER
1786700709709641373,2026-08-14T16:45:09.709661,prediction,0.095098,0.577000,-0.068972,0.094370,0.585248,-0.067997,True,-0.152821,0.566000,-0.032538,0.247191,0.019248,0.035459,0.00,10,-0.161984,0.308966,0.388244,0.000000,0.000000,0.000000,0.000000,0.000000,0.000000,-0.026880,-0.197400,0.103169,-0.024160,0.025728,-0.010976,LEADER
1786700709743736598,2026-08-14T16:45:09.743756,prediction,0.094409,0.583000,-0.068049,0.094370,0.584836,-0.067997,True,-0.152821,0.566000,-0.032538,0.247191,0.018836,0.035459,0.00,10,-0.161984,0.308966,0.388244,0.000000,0.000000,0.000000,0.000000,0.000000,0.000000,-0.026880,-0.197400,0.103169,-0.024160,0.025728,-0.010976,LEADER
1786700709777028802,2026-08-14T16:45:09.777067,prediction,0.095098,0.577000,-0.068972,0.094493,0.584167,-0.068161,True,-0.152821,0.566000,-0.032538,0.247314,0.018167,0.035623,0.00,10,-0.161984,0.308966,0.388244,0.000000,0.000000,0.000000,0.000000,0.000000,0.000000,-0.026880,-0.197400,0.103169,-0.024160,0.025728,-0.010976,LEADER
1786700709809277587,2026-08-14T16:45:09.809297,prediction,0.095672,0.572000,-0.069741,0.094654,0.583180,-0.068377,True,-0.152821,0.566000,-0.032538,0.247475,0.017180,0.035839,0.00,10,-0.161984,0.308966,0.388244,0.000000,0.000000,0.000000,0.000000,0.000000,0.000000,-0.026880,-0.197400,0.103169,-0.024160,0.025728,-0.010976,LEADER
1786700709843191145,2026-08-14T16:45:09.843218,prediction,0.095098,0.577000,-0.068972,0.094776,0.582129,-0.068541,True,-0.152821,0.566000,-0.032538,0.247597,0.016129,0.036003,0.00,10,-0.161984,0.308966,0.388244,0.000000,0.000000,0.000000,0.000000,0.000000,0.000000,-0.026880,-0.197400,0.103169,-0.024160,0.025728,-0.010976,LEADER
1786700709877737427,2026-08-14T16:45:09.877776,prediction,0.093834,0.588000,-0.067279,0.094654,0.581066,-0.068377,True,-0.152821,0.566000,-0.032538,0.247475,0.015066,0.035839,0.00,10,-0.161984,0.308966,0.388244,0.000000,0.000000,0.000000,0.000000,0.000000,0.000000,-0.026880,-0.197400,0.103169,-0.024160,0.025728,-0.010976,LEADER
1786700709910865986,2026-08-14T16:45:09.910908,prediction,0.093834,0.588000,-0.067279,0.094654,0.580853,-0.068377,True,-0.152821,0.566000,-0.032538,0.247475,0.014853,0.035839,0.00,10,-0.161984,0.308966,0.388244,0.000000,0.000000,0.000000,0.000000,0.000000,0.000000,-0.026880,-0.197400,0.103169,-0.024160,0.025728,-0.010976,LEADER
1786700709943886937,2026-08-14T16:45:09.943926,prediction,0.095672,0.572000,-0.069741,0.094654,0.581664,-0.068377,True,-0.152821,0.566000,-0.032538,0.247475,0.015664,0.035839,0.00,10,-0.161984,0.308966,0.388244,0.000000,0.000000,0.000000,0.000000,0.000000,0.000000,-0.026880,-0.197400,0.103169,-0.024160,0.025728,-0.010976,LEADER
1786700709977087061,2026-08-14T16:45:09.977109,prediction,0.096361,0.566000,-0.070664,0.094822,0.580973,-0.068603,True,-0.152821,0.566000,-0.032538,0.247643,0.014973,0.036065,0.00,10,-0.161984,0.308966,0.388244,0.000000,0.000000,0.000000,0.000000,0.000000,0.000000,-0.026880,-0.197400,0.103169,-0.024160,0.025728,-0.010976,LEADER
1786700710009314500,2026-08-14T16:45:10.009332,prediction,0.095098,0.577000,-0.068972,0.094906,0.579981,-0.068715,True,-0.152821,0.566000,-0.032538,0.247727,0.013981,0.036177,0.00,10,-0.161984,0.308966,0.388244,0.000000,0.000000,0.000000,0.000000,0.000000,0.000000,-0.026880,-0.197400,0.103169,-0.024160,0.025728,-0.010976,LEADER
1786700710042761219,2026-08-14T16:45:10.042778,prediction,0.095098,0.577000,-0.068972,0.094952,0.579196,-0.068777,True,-0.152821,0.566000,-0.032538,0.247773,0.013196,0.036239,0.00,10,-0.161984,0.308966,0.388244,0.000000,0.000000,0.000000,0.000000,0.000000,0.000000,-0.026880,-0.197400,0.103169,-0.024160,0.025728,-0.010976,LEADER
1786700710076766674,2026-08-14T16:45:10.076783,prediction,0.095098,0.577000,-0.068972,0.094998,0.578719,-0.068838,True,-0.152821,0.566000,-0.032538,0.247819,0.012719,0.036300,0.00,10,-0.161984,0.308966,0.388244,0.000000,0.000000,0.000000,0.000000,0.000000,0.000000,-0.026880,-0.197400,0.103169,-0.024160,0.025728,-0.010976,LEADER
1786700710109973034,2026-08-14T16:45:10.109988,prediction,0.095098,0.577000,-0.068972,0.094998,0.578304,-0.068838,True,-0.152821,0.566000,-0.032538,0.247819,0.012304,0.036300,0.00,10,-0.161984,0.308966,0.388244,0.000000,0.000000,0.000000,0.000000,0.000000,0.000000,-0.026880,-0.197400,0.103169,-0.024160,0.025728,-0.010976,LEADER
1786700710142826839,2026-08-14T16:45:10.142847,prediction,0.096361,0.566000,-0.070664,0.095083,0.578221,-0.068951,True,-0.152821,0.566000,-0.032538,0.247904,0.012221,0.036413,0.00,10,-0.161984,0.308966,0.388244,0.000000,0.000000,0.000000,0.000000,0.000000,0.000000,-0.026880,-0.197400,0.103169,-0.024160,0.025728,-0.010976,LEADER
1786700710176387297,2026-08-14T16:45:10.176413,prediction,0.096361,0.566000,-0.070664,0.095213,0.577617,-0.069126,True,-0.152821,0.566000,-0.032538,0.248034,0.011617,0.036588,0.00,10,-0.161984,0.308966,0.388244,0.000000,0.000000,0.000000,0.000000,0.000000,0.000000,-0.026880,-0.197400,0.103169,-0.024160,0.025728,-0.010976,LEADER
1786700710209461096,2026-08-14T16:45:10.209483,prediction,0.096361,0.566000,-0.070664,0.095297,0.576910,-0.069238,True,-0.152821,0.566000,-0.032538,0.248118,0.010910,0.036700,0.00,10,-0.161984,0.308966,0.388244,0.000000,0.000000,0.000000,0.000000,0.000000,0.000000,-0.026880,-0.197400,0.103169,-0.024160,0.025728,-0.010976,LEADER
1786700710243005917,2026-08-14T16:45:10.243045,prediction,0.095098,0.577000,-0.068972,0.095343,0.575862,-0.069300,True,-0.152821,0.566000,-0.032538,0.248164,0.009862,0.036762,0.00,10,-0.161984,0.308966,0.388244,0.000000,0.000000,0.000000,0.000000,0.000000,0.000000,-0.026880,-0.197400,0.103169,-0.024160,0.025728,-0.010976,LEADER
1786700710277195583,2026-08-14T16:45:10.277226,prediction,0.095672,0.572000,-0.069741,0.095381,0.575386,-0.069351,True,-0.152821,0.566000,-0.032538,0.248202,0.009386,0.036813,0.00,10,-0.161984,0.308966,0.388244,0.000000,0.000000,0.000000,0.000000,0.000000,0.000000,-0.026880,-0.197400,0.103169,-0.024160,0.025728,-0.010976,LEADER
1786700710310130289,2026-08-14T16:45:10.310160,prediction,0.097383,0.583000,-0.068049,0.095495,0.575290,-0.069238,True,-0.152821,0.566000,-0.032538,0.248316,0.009290,0.036700,0.00,10,-0.161984,0.308966,0.388244,0.000000,0.000000,0.000000,0.000000,0.000000,0.000000,-0.026880,-0.197400,0.103169,-0.024160,0.025728,-0.010976,LEADER
1786700710344493978,2026-08-14T16:45:10.344537,prediction,0.096801,0.588000,-0.067279,0.095609,0.575591,-0.069126,True,-0.152821,0.566000,-0.032538,0.248430,0.009591,0.036588,0.00,10,-0.161984,0.308966,0.388244,0.000000,0.000000,0.000000,0.000000,0.000000,0.000000,-0.026880,-0.197400,0.103169,-0.024160,0.025728,-0.010976,LEADER
1786700710376173114,2026-08-14T16:45:10.376198,prediction,0.095672,0.572000,-0.072739,0.095731,0.575972,-0.069490,True,-0.152821,0.566000,-0.032538,0.248552,0.009972,0.036952,0.00,10,-0.161984,0.308966,0.388244,0.000000,0.000000,0.000000,0.000000,0.000000,0.000000,-0.026880,-0.197400,0.103169,-0.024160,0.025728,-0.010976,LEADER
1786700710410288911,2026-08-14T16:45:10.410326,prediction,0.093834,0.588000,-0.070252,0.095731,0.576048,-0.069688,True,-0.152821,0.566000,-0.032538,0.248552,0.010048,0.037150,0.00,10,-0.161984,0.308966,0.388244,0.000000,0.000000,0.000000,0.000000,0.000000,0.000000,-0.026880,-0.197400,0.103169,-0.024160,0.025728,-0.010976,LEADER
1786700710444019275,2026-08-14T16:45:10.444064,prediction,0.096361,0.566000,-0.073672,0.095777,0.575210,-0.069950,True,-0.152821,0.566000,-0.032538,0.248598,0.009210,0.037412,0.00,10,-0.161984,0.308966,0.388244,0.000000,0.000000,0.000000,0.000000,0.000000,0.000000,-0.026880,-0.197400,0.103169,-0.024160,0.025728,-0.010976,LEADER
1786700710477768603,2026-08-14T16:45:10.477799,prediction,0.098665,0.572000,-0.069741,0.095931,0.575042,-0.069888,True,-0.152821,0.566000,-0.032538,0.248752,0.009042,0.037350,0.00,10,-0.161984,0.308966,0.388244,0.000000,0.000000,0.000000,0.000000,0.000000,0.000000,-0.026880,-0.197400,0.103169,-0.024160,0.025728,-0.010976,LEADER
1786700710510867987,2026-08-14T16:45:10.510897,prediction,0.098082,0.577000,-0.068972,0.096130,0.575008,-0.069888,True,-0.152821,0.566000,-0.032538,0.248951,0.009008,0.037350,0.00,10,-0.161984,0.308966,0.388244,0.000000,0.000000,0.000000,0.000000,0.000000,0.000000,-0.026880,-0.197400,0.103169,-0.024160,0.025728,-0.010976,LEADER
1786700710543094898,2026-08-14T16:45:10.543110,prediction,0.098665,0.572000,-0.069741,0.096368,0.574735,-0.069940,True,-0.152821,0.566000,-0.032538,0.249189,0.008735,0.037402,0.00,10,-0.161984,0.308966,0.388244,0.000000,0.000000,0.000000,0.000000,0.000000,0.000000,-0.026880,-0.197400,0.103169,-0.024160,0.025728,-0.010976,LEADER
1786700710577692856,2026-08-14T16:45:10.577712,prediction,0.098082,0.577000,-0.068972,0.096567,0.574680,-0.069940,True,-0.152821,0.566000,-0.032538,0.249388,0.008680,0.037402,0.00,10,-0.161984,0.308966,0.388244,0.000000,0.000000,0.000000,0.000000,0.000000,0.000000,-0.026880,-0.197400,0.103169,-0.024160,0.025728,-0.010976,LEADER
1786700710610569712,2026-08-14T16:45:10.610595,prediction,0.097383,0.583000,-0.068049,0.096719,0.574669,-0.069878,True,-0.152821,0.566000,-0.032538,0.249540,0.008669,0.037340,0.00,10,-0.161984,0.308966,0.388244,0.000000,0.000000,0.000000,0.000000,0.000000,0.000000,-0.026880,-0.197400,0.103169,-0.024160,0.025728,-0.010976,LEADER
1786700710642696038,2026-08-14T16:45:10.642712,prediction,0.097383,0.583000,-0.068049,0.096787,0.574987,-0.069704,True,-0.152821,0.566000,-0.032538,0.249608,0.008987,0.037166,0.00,10,-0.161984,0.308966,0.388244,0.000000,0.000000,0.000000,0.000000,0.000000,0.000000,-0.026880,-0.197400,0.103169,-0.024160,0.025728,-0.010976,LEADER
1786700710676392774,2026-08-14T16:45:10.676429,prediction,0.099364,0.566000,-0.070664,0.096987,0.575957,-0.069704,True,-0.152821,0.566000,-0.032538,0.249808,0.009957,0.037166,0.00,10,-0.161984,0.308966,0.388244,0.000000,0.000000,0.000000,0.000000,0.000000,0.000000,-0.026880,-0.197400,0.103169,-0.024160,0.025728,-0.010976,LEADER
1786700710710159391,2026-08-14T16:45:10.710186,prediction,0.098082,0.577000,-0.068972,0.097102,0.576738,-0.069591,True,-0.152821,0.566000,-0.032538,0.249923,0.010738,0.037053,0.00,10,-0.161984,0.308966,0.388244,0.000000,0.000000,0.000000,0.000000,0.000000,0.000000,-0.026880,-0.197400,0.103169,-0.024160,0.025728,-0.010976,LEADER
1786700710742999562,2026-08-14T16:45:10.743026,prediction,0.097383,0.583000,-0.068049,0.097254,0.577481,-0.069529,True,-0.152821,0.566000,-0.032538,0.250075,0.011481,0.036991,0.00,10,-0.161984,0.308966,0.388244,0.000000,0.000000,0.000000,0.000000,0.000000,0.000000,-0.026880,-0.197400,0.103169,-0.024160,0.025728,-0.010976,LEADER
1786700710777494520,2026-08-14T16:45:10.777534,prediction,0.099947,0.561000,-0.071433,0.097539,0.577896,-0.069642,True,-0.152821,0.566000,-0.032538,0.250360,0.011896,0.037104,0.00,10,-0.161984,0.308966,0.388244,0.000000,0.000000,0.000000,0.000000,0.000000,0.000000,-0.026880,-0.197400,0.103169,-0.024160,0.025728,-0.010976,LEADER
1786700710809598027,2026-08-14T16:45:10.809619,prediction,0.098665,0.572000,-0.069741,0.097625,0.577713,-0.069755,True,-0.152821,0.566000,-0.032538,0.250446,0.011713,0.037217,0.00,10,-0.161984,0.308966,0.388244,0.000000,0.000000,0.000000,0.000000,0.000000,0.000000,-0.026880,-0.197400,0.103169,-0.024160,0.025728,-0.010976,LEADER
1786700710842941766,2026-08-14T16:45:10.842957,prediction,0.098082,0.577000,-0.068972,0.097710,0.577089,-0.069868,True,-0.152821,0.566000,-0.032538,0.250531,0.011089,0.037330,0.00,10,-0.161984,0.308966,0.388244,0.000000,0.000000,0.000000,0.000000,0.000000,0.000000,-0.026880,-0.197400,0.103169,-0.024160,0.025728,-0.010976,LEADER
1786700710876222547,2026-08-14T16:45:10.876244,prediction,0.096801,0.588000,-0.067279,0.097785,0.576645,-0.069504,True,-0.152821,0.566000,-0.032538,0.250606,0.010645,0.036966,0.00,10,-0.161984,0.308966,0.388244,0.000000,0.000000,0.000000,0.000000,0.000000,0.000000,-0.026880,-0.197400,0.103169,-0.024160,0.025728,-0.010976,LEADER
1786700710911629185,2026-08-14T16:45:10.911678,prediction,0.097383,0.583000,-0.068049,0.098022,0.576289,-0.069357,True,-0.152821,0.566000,-0.032538,0.250843,0.010289,0.036819,0.00,10,-0.161984,0.308966,0.388244,0.000000,0.000000,0.000000,0.000000,0.000000,0.000000,-0.026880,-0.197400,0.103169,-0.024160,0.025728,-0.010976,LEADER
1786700710942707213,2026-08-14T16:45:10.942722,prediction,0.097383,0.583000,-0.068049,0.098090,0.576804,-0.068982,True,-0.152821,0.566000,-0.032538,0.250911,0.010804,0.036444,0.00,10,-0.161984,0.308966,0.388244,0.000000,0.000000,0.000000,0.000000,0.000000,0.000000,-0.026880,-0.197400,0.103169,-0.024160,0.025728,-0.010976,LEADER
1786700710976106329,2026-08-14T16:45:10.976126,prediction,0.097383,0.583000,-0.068049,0.098005,0.577494,-0.068869,True,-0.152821,0.566000,-0.032538,0.250826,0.011494,0.036331,0.00,10,-0.161984,0.308966,0.388244,0.000000,0.000000,0.000000,0.000000,0.000000,0.000000,-0.026880,-0.197400,0.103169,-0.024160,0.025728,-0.010976,LEADER
1786700711009677407,2026-08-14T16:45:11.009701,prediction,0.098082,0.577000,-0.068972,0.098005,0.578219,-0.068869,True,-0.152821,0.566000,-0.032538,0.250826,0.012219,0.036331,0.00,10,-0.161984,0.308966,0.388244,0.000000,0.000000,0.000000,0.000000,0.000000,0.000000,-0.026880,-0.197400,0.103169,-0.024160,0.025728,-0.010976,LEADER
1786700711042979209,2026-08-14T16:45:11.043003,prediction,0.098082,0.577000,-0.068972,0.097966,0.578630,-0.068818,True,-0.152821,0.566000,-0.032538,0.250787,0.012630,0.036280,0.00,10,-0.161984,0.308966,0.388244,0.000000,0.000000,0.000000,0.000000,0.000000,0.000000,-0.026880,-0.197400,0.103169,-0.024160,0.025728,-0.010976,LEADER
1786700711076320581,2026-08-14T16:45:11.076340,prediction,0.096801,0.588000,-0.067279,0.097880,0.578713,-0.068705,True,-0.152821,0.566000,-0.032538,0.250701,0.012713,0.036167,0.00,10,-0.161984,0.308966,0.388244,0.000000,0.000000,0.000000,0.000000,0.000000,0.000000,-0.026880,-0.197400,0.103169,-0.024160,0.025728,-0.010976,LEADER
1786700711109602158,2026-08-14T16:45:11.109640,prediction,0.097383,0.583000,-0.068049,0.097880,0.579049,-0.068705,True,-0.152821,0.566000,-0.032538,0.250701,0.013049,0.036167,0.00,10,-0.161984,0.308966,0.388244,0.000000,0.000000,0.000000,0.000000,0.000000,0.000000,-0.026880,-0.197400,0.103169,-0.024160,0.025728,-0.010976,LEADER
1786700711144180698,2026-08-14T16:45:11.144202,prediction,0.096801,0.588000,-0.067279,0.097842,0.579383,-0.068654,True,-0.152821,0.566000,-0.032538,0.250663,0.013383,0.036116,0.00,10,-0.161984,0.308966,0.388244,0.000000,0.000000,0.000000,0.000000,0.000000,0.000000,-0.026880,-0.197400,0.103169,-0.024160,0.025728,-0.010976,LEADER
1786700711176058656,2026-08-14T16:45:11.176077,prediction,0.097383,0.583000,-0.068049,0.097710,0.579450,-0.068479,True,-0.152821,0.566000,-0.032538,0.250531,0.013450,0.035941,0.00,10,-0.161984,0.308966,0.388244,0.000000,0.000000,0.000000,0.000000,0.000000,0.000000,-0.026880,-0.197400,0.103169,-0.024160,0.025728,-0.010976,LEADER
1786700711209661894,2026-08-14T16:45:11.209680,prediction,0.097383,0.583000,-0.068049,0.097663,0.579783,-0.068418,True,-0.152821,0.566000,-0.032538,0.250484,0.013783,0.035880,0.00,10,-0.161984,0.308966,0.388244,0.000000,0.000000,0.000000,0.000000,0.000000,0.000000,-0.026880,-0.197400,0.103169,-0.024160,0.025728,-0.010976,LEADER
1786700711242960080,2026-08-14T16:45:11.242986,prediction,0.096801,0.588000,-0.067279,0.097624,0.580170,-0.068367,True,-0.152821,0.566000,-0.032538,0.250445,0.014170,0.035829,0.00,10,-0.161984,0.308966,0.388244,0.000000,0.000000,0.000000,0.000000,0.000000,0.000000,-0.026880,-0.197400,0.103169,-0.024160,0.025728,-0.010976,LEADER
1786700711276658634,2026-08-14T16:45:11.276682,prediction,0.095636,0.598000,-0.065741,0.097337,0.580834,-0.067987,True,-0.152821,0.566000,-0.032538,0.250158,0.014834,0.035449,0.00,10,-0.161984,0.308966,0.388244,0.000000,0.000000,0.000000,0.000000,0.000000,0.000000,-0.026880,-0.197400,0.103169,-0.024160,0.025728,-0.010976,LEADER
1786700711309778039,2026-08-14T16:45:11.309810,prediction,0.097383,0.583000,-0.068049,0.097251,0.581820,-0.067874,True,-0.152821,0.566000,-0.032538,0.250072,0.015820,0.035336,0.00,10,-0.161984,0.308966,0.388244,0.000000,0.000000,0.000000,0.000000,0.000000,0.000000,-0.026880,-0.197400,0.103169,-0.024160,0.025728,-0.010976,LEADER
1786700711343048887,2026-08-14T16:45:11.343062,prediction,0.096801,0.588000,-0.067279,0.097166,0.582871,-0.067762,True,-0.152821,0.566000,-0.032538,0.249987,0.016871,0.035224,0.00,10,-0.161984,0.308966,0.388244,0.000000,0.000000,0.000000,0.000000,0.000000,0.000000,-0.026880,-0.197400,0.103169,-0.024160,0.025728,-0.010976,LEADER
1786700711376276570,2026-08-14T16:45:11.376292,prediction,0.096801,0.588000,-0.067279,0.097166,0.583667,-0.067762,True,-0.152821,0.566000,-0.032538,0.249987,0.017667,0.035224,0.00,10,-0.161984,0.308966,0.388244,0.000000,0.000000,0.000000,0.000000,0.000000,0.000000,-0.026880,-0.197400,0.103169,-0.024160,0.025728,-0.010976,LEADER
1786700711409729055,2026-08-14T16:45:11.409745,prediction,0.097383,0.583000,-0.068049,0.097166,0.584093,-0.067762,True,-0.152821,0.566000,-0.032538,0.249987,0.018093,0.035224,0.00,10,-0.161984,0.308966,0.388244,0.000000,0.000000,0.000000,0.000000,0.000000,0.000000,-0.026880,-0.197400,0.103169,-0.024160,0.025728,-0.010976,LEADER
1786700711442849221,2026-08-14T16:45:11.442873,prediction,0.098665,0.572000,-0.069741,0.097251,0.584179,-0.067874,True,-0.152821,0.566000,-0.032538,0.250072,0.018179,0.035336,0.00,10,-0.161984,0.308966,0.388244,0.000000,0.000000,0.000000,0.000000,0.000000,0.000000,-0.026880,-0.197400,0.103169,-0.024160,0.025728,-0.010976,LEADER
1786700711476438635,2026-08-14T16:45:11.476454,prediction,0.098082,0.577000,-0.068972,0.097298,0.583876,-0.067936,True,-0.152821,0.566000,-0.032538,0.250119,0.017876,0.035398,0.00,10,-0.161984,0.308966,0.388244,0.000000,0.000000,0.000000,0.000000,0.000000,0.000000,-0.026880,-0.197400,0.103169,-0.024160,0.025728,-0.010976,LEADER
1786700711510890073,2026-08-14T16:45:11.510916,prediction,0.098665,0.572000,-0.069741,0.097337,0.583228,-0.067987,True,-0.152821,0.566000,-0.032538,0.250158,0.017228,0.035449,0.00,10,-0.161984,0.308966,0.388244,0.000000,0.000000,0.000000,0.000000,0.000000,0.000000,-0.026880,-0.197400,0.103169,-0.024160,0.025728,-0.010976,LEADER
1786700711542989918,2026-08-14T16:45:11.543017,prediction,0.098082,0.577000,-0.068972,0.097337,0.583099,-0.067987,True,-0.152821,0.566000,-0.032538,0.250158,0.017099,0.035449,0.00,10,-0.161984,0.308966,0.388244,0.000000,0.000000,0.000000,0.000000,0.000000,0.000000,-0.026880,-0.197400,0.103169,-0.024160,0.025728,-0.010976,LEADER
1786700711576174366,2026-08-14T16:45:11.576199,prediction,0.098665,0.572000,-0.066742,0.097461,0.582806,-0.067951,True,-0.152821,0.566000,-0.032538,0.250282,0.016806,0.035413,0.00,10,-0.161984,0.308966,0.388244,0.000000,0.000000,0.000000,0.000000,0.000000,0.000000,-0.026880,-0.197400,0.103169,-0.024160,0.025728,-0.010976,LEADER
1786700711611189307,2026-08-14T16:45:11.611229,prediction,0.096801,0.588000,-0.067279,0.097422,0.582428,-0.067900,True,-0.152821,0.566000,-0.032538,0.250243,0.016428,0.035362,0.00,10,-0.161984,0.308966,0.388244,0.000000,0.000000,0.000000,0.000000,0.000000,0.000000,-0.026880,-0.197400,0.103169,-0.024160,0.025728,-0.010976,LEADER
1786700711643995425,2026-08-14T16:45:11.644016,prediction,0.098082,0.577000,-0.068972,0.097508,0.581766,-0.068013,True,-0.152821,0.566000,-0.032538,0.250329,0.015766,0.035475,0.00,10,-0.161984,0.308966,0.388244,0.000000,0.000000,0.000000,0.000000,0.000000,0.000000,-0.026880,-0.197400,0.103169,-0.024160,0.025728,-0.010976,LEADER
1786700711677649682,2026-08-14T16:45:11.677695,prediction,0.096801,0.588000,-0.067279,0.097469,0.581900,-0.067962,True,-0.152821,0.566000,-0.032538,0.250290,0.015900,0.035424,0.00,10,-0.161984,0.308966,0.388244,0.000000,0.000000,0.000000,0.000000,0.000000,0.000000,-0.026880,-0.197400,0.103169,-0.024160,0.025728,-0.010976,LEADER
1786700711710395714,2026-08-14T16:45:11.710450,prediction,0.096801,0.588000,-0.067279,0.097430,0.582193,-0.067910,True,-0.152821,0.566000,-0.032538,0.250251,0.016193,0.035372,0.00,10,-0.161984,0.308966,0.388244,0.000000,0.000000,0.000000,0.000000,0.000000,0.000000,-0.026880,-0.197400,0.103169,-0.024160,0.025728,-0.010976,LEADER
1786700711744139328,2026-08-14T16:45:11.744166,prediction,0.098082,0.577000,-0.068972,0.097515,0.582519,-0.068023,True,-0.152821,0.566000,-0.032538,0.250336,0.016519,0.035485,0.00,10,-0.161984,0.308966,0.388244,0.000000,0.000000,0.000000,0.000000,0.000000,0.000000,-0.026880,-0.197400,0.103169,-0.024160,0.025728,-0.010976,LEADER
1786700711777348889,2026-08-14T16:45:11.777385,prediction,0.098665,0.572000,-0.069741,0.097717,0.581997,-0.068290,True,-0.152821,0.566000,-0.032538,0.250538,0.015997,0.035752,0.00,10,-0.161984,0.308966,0.388244,0.000000,0.000000,0.000000,0.000000,0.000000,0.000000,-0.026880,-0.197400,0.103169,-0.024160,0.025728,-0.010976,LEADER
1786700711810697543,2026-08-14T16:45:11.810739,prediction,0.097383,0.583000,-0.068049,0.097717,0.581306,-0.068290,True,-0.152821,0.566000,-0.032538,0.250538,0.015306,0.035752,0.00,10,-0.161984,0.308966,0.388244,0.000000,0.000000,0.000000,0.000000,0.000000,0.000000,-0.026880,-0.197400,0.103169,-0.024160,0.025728,-0.010976,LEADER
1786700711844050945,2026-08-14T16:45:11.844090,prediction,0.096801,0.588000,-0.070252,0.097717,0.580901,-0.068488,True,-0.152821,0.566000,-0.032538,0.250538,0.014901,0.035950,0.00,10,-0.161984,0.308966,0.388244,0.000000,0.000000,0.000000,0.000000,0.000000,0.000000,-0.026880,-0.197400,0.103169,-0.024160,0.025728,-0.010976,LEADER
1786700711877083649,2026-08-14T16:45:11.877105,prediction,0.096801,0.588000,-0.067279,0.097717,0.580820,-0.068488,True,-0.152821,0.566000,-0.032538,0.250538,0.014820,0.035950,0.00,10,-0.161984,0.308966,0.388244,0.000000,0.000000,0.000000,0.000000,0.000000,0.000000,-0.026880,-0.197400,0.103169,-0.024160,0.025728,-0.010976,LEADER
1786700711910091328,2026-08-14T16:45:11.910110,prediction,0.098082,0.577000,-0.071962,0.097764,0.580804,-0.068749,True,-0.152821,0.566000,-0.032538,0.250585,0.014804,0.036211,0.00,10,-0.161984,0.308966,0.388244,0.000000,0.000000,0.000000,0.000000,0.000000,0.000000,-0.026880,-0.197400,0.103169,-0.024160,0.025728,-0.010976,LEADER
1786700711944206760,2026-08-14T16:45:11.944264,prediction,0.098082,0.577000,-0.071962,0.097725,0.580481,-0.068897,True,-0.152821,0.566000,-0.032538,0.250546,0.014481,0.036359,0.00,10,-0.161984,0.308966,0.388244,0.000000,0.000000,0.000000,0.000000,0.000000,0.000000,-0.026880,-0.197400,0.103169,-0.024160,0.025728,-0.010976,LEADER
1786700711978171719,2026-08-14T16:45:11.978186,prediction,0.097383,0.583000,-0.071029,0.097679,0.580416,-0.069034,True,-0.152821,0.566000,-0.032538,0.250500,0.014416,0.036496,0.00,10,-0.161984,0.308966,0.388244,0.000000,0.000000,0.000000,0.000000,0.000000,0.000000,-0.026880,-0.197400,0.103169,-0.024160,0.025728,-0.010976,LEADER
1786700712009587983,2026-08-14T16:45:12.009605,prediction,0.095636,0.598000,-0.068697,0.097477,0.580990,-0.068964,True,-0.152821,0.566000,-0.032538,0.250298,0.014990,0.036426,0.00,10,-0.161984,0.308966,0.388244,0.000000,0.000000,0.000000,0.000000,0.000000,0.000000,-0.026880,-0.197400,0.103169,-0.024160,0.025728,-0.010976,LEADER
1786700712042889421,2026-08-14T16:45:12.042911,prediction,0.097383,0.583000,-0.071029,0.097430,0.581425,-0.069102,True,-0.152821,0.566000,-0.032538,0.250251,0.015425,0.036564,0.00,10,-0.161984,0.308966,0.388244,0.000000,0.000000,0.000000,0.000000,0.000000,0.000000,-0.026880,-0.197400,0.103169,-0.024160,0.025728,-0.010976,LEADER
1786700712076015141,2026-08-14T16:45:12.076031,prediction,0.098082,0.577000,-0.071962,0.097391,0.582098,-0.069450,True,-0.152821,0.566000,-0.032538,0.250212,0.016098,0.036912,0.00,10,-0.161984,0.308966,0.388244,0.000000,0.000000,0.000000,0.000000,0.000000,0.000000,-0.026880,-0.197400,0.103169,-0.024160,0.025728,-0.010976,LEADER
1786700712109655570,2026-08-14T16:45:12.109675,prediction,0.097383,0.583000,-0.068049,0.097430,0.582553,-0.069501,True,-0.152821,0.566000,-0.032538,0.250251,0.016553,0.036963,0.00,10,-0.161984,0.308966,0.388244,0.000000,0.000000,0.000000,0.000000,0.000000,0.000000,-0.026880,-0.197400,0.103169,-0.024160,0.025728,-0.010976,LEADER
1786700712143563055,2026-08-14T16:45:12.143588,prediction,0.097383,0.583000,-0.068049,0.097383,0.582964,-0.069439,True,-0.152821,0.566000,-0.032538,0.250204,0.016964,0.036901,0.00,10,-0.161984,0.308966,0.388244,0.000000,0.000000,0.000000,0.000000,0.000000,0.000000,-0.026880,-0.197400,0.103169,-0.024160,0.025728,-0.010976,LEADER
1786700712176829320,2026-08-14T16:45:12.176864,prediction,0.098082,0.577000,-0.068972,0.097469,0.582779,-0.069552,True,-0.152821,0.566000,-0.032538,0.250290,0.016779,0.037014,0.00,10,-0.161984,0.308966,0.388244,0.000000,0.000000,0.000000,0.000000,0.000000,0.000000,-0.026880,-0.197400,0.103169,-0.024160,0.025728,-0.010976,LEADER
1786700712210124878,2026-08-14T16:45:12.210157,prediction,0.098082,0.577000,-0.068972,0.097554,0.582156,-0.069665,True,-0.152821,0.566000,-0.032538,0.250375,0.016156,0.037127,0.00,10,-0.161984,0.308966,0.388244,0.000000,0.000000,0.000000,0.000000,0.000000,0.000000,-0.026880,-0.197400,0.103169,-0.024160,0.025728,-0.010976,LEADER
1786700712242914411,2026-08-14T16:45:12.242939,prediction,0.099364,0.566000,-0.070664,0.097640,0.581444,-0.069778,True,-0.152821,0.566000,-0.032538,0.250461,0.015444,0.037240,0.00,10,-0.161984,0.308966,0.388244,0.000000,0.000000,0.000000,0.000000,0.000000,0.000000,-0.026880,-0.197400,0.103169,-0.024160,0.025728,-0.010976,LEADER
1786700712277216365,2026-08-14T16:45:12.277250,prediction,0.096218,0.593000,-0.066510,0.097477,0.581302,-0.069562,True,-0.152821,0.566000,-0.032538,0.250298,0.015302,0.037024,0.00,10,-0.161984,0.308966,0.388244,0.000000,0.000000,0.000000,0.000000,0.000000,0.000000,-0.026880,-0.197400,0.103169,-0.024160,0.025728,-0.010976,LEADER
1786700712310464719,2026-08-14T16:45:12.310493,prediction,0.097383,0.583000,-0.068049,0.097477,0.581594,-0.069562,True,-0.152821,0.566000,-0.032538,0.250298,0.015594,0.037024,0.00,10,-0.161984,0.308966,0.388244,0.000000,0.000000,0.000000,0.000000,0.000000,0.000000,-0.026880,-0.197400,0.103169,-0.024160,0.025728,-0.010976,LEADER
1786700712343248112,2026-08-14T16:45:12.343275,prediction,0.095636,0.598000,-0.065741,0.097399,0.582185,-0.069262,True,-0.152821,0.566000,-0.032538,0.250220,0.016185,0.036724,0.00,10,-0.161984,0.308966,0.388244,0.000000,0.000000,0.000000,0.000000,0.000000,0.000000,-0.026880,-0.197400,0.103169,-0.024160,0.025728,-0.010976,LEADER
1786700712377232421,2026-08-14T16:45:12.377257,prediction,0.097383,0.583000,-0.068049,0.097438,0.582037,-0.069313,True,-0.152821,0.566000,-0.032538,0.250259,0.016037,0.036775,0.00,10,-0.161984,0.308966,0.388244,0.000000,0.000000,0.000000,0.000000,0.000000,0.000000,-0.026880,-0.197400,0.103169,-0.024160,0.025728,-0.010976,LEADER
1786700712409607913,2026-08-14T16:45:12.409631,prediction,0.098082,0.577000,-0.068972,0.097438,0.581741,-0.069114,True,-0.152821,0.566000,-0.032538,0.250259,0.015741,0.036576,0.00,10,-0.161984,0.308966,0.388244,0.000000,0.000000,0.000000,0.000000,0.000000,0.000000,-0.026880,-0.197400,0.103169,-0.024160,0.025728,-0.010976,LEADER
1786700712443367409,2026-08-14T16:45:12.443395,prediction,0.097383,0.583000,-0.068049,0.097391,0.582001,-0.068853,True,-0.152821,0.566000,-0.032538,0.250212,0.016001,0.036315,0.00,10,-0.161984,0.308966,0.388244,0.000000,0.000000,0.000000,0.000000,0.000000,0.000000,-0.026880,-0.197400,0.103169,-0.024160,0.025728,-0.010976,LEADER
1786700712477089711,2026-08-14T16:45:12.477141,prediction,0.098665,0.572000,-0.069741,0.097477,0.582054,-0.068767,True,-0.152821,0.566000,-0.032538,0.250298,0.016054,0.036229,0.00,10,-0.161984,0.308966,0.388244,0.000000,0.000000,0.000000,0.000000,0.000000,0.000000,-0.026880,-0.197400,0.103169,-0.024160,0.025728,-0.010976,LEADER
1786700712510184658,2026-08-14T16:45:12.510219,prediction,0.096218,0.593000,-0.066510,0.097515,0.582064,-0.068621,True,-0.152821,0.566000,-0.032538,0.250336,0.016064,0.036083,0.00,10,-0.161984,0.308966,0.388244,0.000000,0.000000,0.000000,0.000000,0.000000,0.000000,-0.026880,-0.197400,0.103169,-0.024160,0.025728,-0.010976,LEADER
1786700712542944450,2026-08-14T16:45:12.542967,prediction,0.096801,0.588000,-0.067279,0.097477,0.582333,-0.068371,True,-0.152821,0.566000,-0.032538,0.250298,0.016333,0.035833,0.00,10,-0.161984,0.308966,0.388244,0.000000,0.000000,0.000000,0.000000,0.000000,0.000000,-0.026880,-0.197400,0.103169,-0.024160,0.025728,-0.010976,LEADER
1786700712577137633,2026-08-14T16:45:12.577184,prediction,0.097383,0.583000,-0.068049,0.097430,0.582653,-0.068110,True,-0.152821,0.566000,-0.032538,0.250251,0.016653,0.035572,0.00,10,-0.161984,0.308966,0.388244,0.000000,0.000000,0.000000,0.000000,0.000000,0.000000,-0.026880,-0.197400,0.103169,-0.024160,0.025728,-0.010976,LEADER
1786700712610495829,2026-08-14T16:45:12.610518,prediction,0.096801,0.588000,-0.067279,0.097391,0.582984,-0.068059,True,-0.152821,0.566000,-0.032538,0.250212,0.016984,0.035521,0.00,10,-0.161984,0.308966,0.388244,0.000000,0.000000,0.000000,0.000000,0.000000,0.000000,-0.026880,-0.197400,0.103169,-0.024160,0.025728,-0.010976,LEADER
1786700712643307933,2026-08-14T16:45:12.643331,prediction,0.096801,0.588000,-0.067279,0.097352,0.583317,-0.068008,True,-0.152821,0.566000,-0.032538,0.250173,0.017317,0.035470,0.00,10,-0.161984,0.308966,0.388244,0.000000,0.000000,0.000000,0.000000,0.000000,0.000000,-0.026880,-0.197400,0.103169,-0.024160,0.025728,-0.010976,LEADER
1786700712676591709,2026-08-14T16:45:12.676607,prediction,0.099364,0.566000,-0.070664,0.097438,0.583650,-0.068120,True,-0.152821,0.566000,-0.032538,0.250259,0.017650,0.035582,0.00,10,-0.161984,0.308966,0.388244,0.000000,0.000000,0.000000,0.000000,0.000000,0.000000,-0.026880,-0.197400,0.103169,-0.024160,0.025728,-0.010976,LEADER
1786700712710507990,2026-08-14T16:45:12.710543,prediction,0.097383,0.583000,-0.068049,0.097391,0.584037,-0.068059,True,-0.152821,0.566000,-0.032538,0.250212,0.018037,0.035521,0.00,10,-0.161984,0.308966,0.388244,0.000000,0.000000,0.000000,0.000000,0.000000,0.000000,-0.026880,-0.197400,0.103169,-0.024160,0.025728,-0.010976,LEADER
1786700712744169235,2026-08-14T16:45:12.744212,prediction,0.097383,0.583000,-0.071029,0.097259,0.584434,-0.068083,True,-0.152821,0.566000,-0.032538,0.250080,0.018434,0.035545,0.00,10,-0.161984,0.308966,0.388244,0.000000,0.000000,0.000000,0.000000,0.000000,0.000000,-0.026880,-0.197400,0.103169,-0.024160,0.025728,-0.010976,LEADER
1786700712776167438,2026-08-14T16:45:12.776182,prediction,0.098082,0.577000,-0.071962,0.097383,0.584833,-0.068447,True,-0.152821,0.566000,-0.032538,0.250204,0.018833,0.035909,0.00,10,-0.161984,0.308966,0.388244,0.000000,0.000000,0.000000,0.000000,0.000000,0.000000,-0.026880,-0.197400,0.103169,-0.024160,0.025728,-0.010976,LEADER
1786700712810698631,2026-08-14T16:45:12.810738,prediction,0.098082,0.577000,-0.071962,0.097430,0.584593,-0.068708,True,-0.152821,0.566000,-0.032538,0.250251,0.018593,0.036170,0.00,10,-0.161984,0.308966,0.388244,0.000000,0.000000,0.000000,0.000000,0.000000,0.000000,-0.026880,-0.197400,0.103169,-0.024160,0.025728,-0.010976,LEADER
1786700712844091377,2026-08-14T16:45:12.844124,prediction,0.097383,0.583000,-0.068049,0.097546,0.583692,-0.068861,True,-0.152821,0.566000,-0.032538,0.250367,0.017692,0.036323,0.00,10,-0.161984,0.308966,0.388244,0.000000,0.000000,0.000000,0.000000,0.000000,0.000000,-0.026880,-0.197400,0.103169,-0.024160,0.025728,-0.010976,LEADER
1786700712877475770,2026-08-14T16:45:12.877526,prediction,0.096218,0.593000,-0.069474,0.097469,0.583512,-0.068956,True,-0.152821,0.566000,-0.032538,0.250290,0.017512,0.036418,0.00,10,-0.161984,0.308966,0.388244,0.000000,0.000000,0.000000,0.000000,0.000000,0.000000,-0.026880,-0.197400,0.103169,-0.024160,0.025728,-0.010976,LEADER
1786700712909784515,2026-08-14T16:45:12.909826,prediction,0.097383,0.583000,-0.071029,0.097422,0.583476,-0.069094,True,-0.152821,0.566000,-0.032538,0.250243,0.017476,0.036556,0.00,10,-0.161984,0.308966,0.388244,0.000000,0.000000,0.000000,0.000000,0.000000,0.000000,-0.026880,-0.197400,0.103169,-0.024160,0.025728,-0.010976,LEADER
1786700712944070730,2026-08-14T16:45:12.944110,prediction,0.097383,0.583000,-0.071029,0.097422,0.583468,-0.069292,True,-0.152821,0.566000,-0.032538,0.250243,0.017468,0.036754,0.00,10,-0.161984,0.308966,0.388244,0.000000,0.000000,0.000000,0.000000,0.000000,0.000000,-0.026880,-0.197400,0.103169,-0.024160,0.025728,-0.010976,LEADER
1786700712977670869,2026-08-14T16:45:12.977724,prediction,0.098082,0.577000,-0.071962,0.097383,0.583787,-0.069440,True,-0.152821,0.566000,-0.032538,0.250204,0.017787,0.036902,0.00,10,-0.161984,0.308966,0.388244,0.000000,0.000000,0.000000,0.000000,0.000000,0.000000,-0.026880,-0.197400,0.103169,-0.024160,0.025728,-0.010976,LEADER
1786700713010679046,2026-08-14T16:45:13.010705,prediction,0.097383,0.583000,-0.071029,0.097461,0.583851,-0.069742,True,-0.152821,0.566000,-0.032538,0.250282,0.017851,0.037204,0.00,10,-0.161984,0.308966,0.388244,0.000000,0.000000,0.000000,0.000000,0.000000,0.000000,-0.026880,-0.197400,0.103169,-0.024160,0.025728,-0.010976,LEADER
1786700713044001255,2026-08-14T16:45:13.044036,prediction,0.097383,0.583000,-0.068049,0.097500,0.583597,-0.069793,True,-0.152821,0.566000,-0.032538,0.250321,0.017597,0.037255,0.00,10,-0.161984,0.308966,0.388244,0.000000,0.000000,0.000000,0.000000,0.000000,0.000000,-0.026880,-0.197400,0.103169,-0.024160,0.025728,-0.010976,LEADER
1786700713077472945,2026-08-14T16:45:13.077551,prediction,0.098082,0.577000,-0.071962,0.097546,0.583279,-0.070054,True,-0.152821,0.566000,-0.032538,0.250367,0.017279,0.037516,0.00,10,-0.161984,0.308966,0.388244,0.000000,0.000000,0.000000,0.000000,0.000000,0.000000,-0.026880,-0.197400,0.103169,-0.024160,0.025728,-0.010976,LEADER
1786700713109527231,2026-08-14T16:45:13.109547,prediction,0.101228,0.550000,-0.076160,0.097842,0.582629,-0.070646,True,-0.152821,0.566000,-0.032538,0.250663,0.016629,0.038108,0.00,10,-0.161984,0.308966,0.388244,0.000000,0.000000,0.000000,0.000000,0.000000,0.000000,-0.026880,-0.197400,0.103169,-0.024160,0.025728,-0.010976,LEADER
1786700713143447273,2026-08-14T16:45:13.143479,prediction,0.098082,0.577000,-0.071962,0.097927,0.581912,-0.070958,True,-0.152821,0.566000,-0.032538,0.250748,0.015912,0.038420,0.00,10,-0.161984,0.308966,0.388244,0.000000,0.000000,0.000000,0.000000,0.000000,0.000000,-0.026880,-0.197400,0.103169,-0.024160,0.025728,-0.010976,LEADER
1786700713176366910,2026-08-14T16:45:13.176384,prediction,0.096218,0.593000,-0.069474,0.097717,0.581182,-0.070879,True,-0.152821,0.566000,-0.032538,0.250538,0.015182,0.038341,0.00,10,-0.161984,0.308966,0.388244,0.000000,0.000000,0.000000,0.000000,0.000000,0.000000,-0.026880,-0.197400,0.103169,-0.024160,0.025728,-0.010976,LEADER
1786700713209539518,2026-08-14T16:45:13.209562,prediction,0.098665,0.572000,-0.072739,0.097803,0.580716,-0.071191,True,-0.152821,0.566000,-0.032538,0.250624,0.014716,0.038653,0.00,10,-0.161984,0.308966,0.388244,0.000000,0.000000,0.000000,0.000000,0.000000,0.000000,-0.026880,-0.197400,0.103169,-0.024160,0.025728,-0.010976,LEADER
1786700713242903951,2026-08-14T16:45:13.242924,prediction,0.096218,0.593000,-0.069474,0.097725,0.581157,-0.071088,True,-0.152821,0.566000,-0.032538,0.250546,0.015157,0.038550,0.00,10,-0.161984,0.308966,0.388244,0.000000,0.000000,0.000000,0.000000,0.000000,0.000000,-0.026880,-0.197400,0.103169,-0.024160,0.025728,-0.010976,LEADER
1786700713277025775,2026-08-14T16:45:13.277077,prediction,0.098082,0.577000,-0.071962,0.097725,0.580925,-0.071088,True,-0.152821,0.566000,-0.032538,0.250546,0.014925,0.038550,0.00,10,-0.161984,0.308966,0.388244,0.000000,0.000000,0.000000,0.000000,0.000000,0.000000,-0.026880,-0.197400,0.103169,-0.024160,0.025728,-0.010976,LEADER
1786700713309930055,2026-08-14T16:45:13.309954,prediction,0.098082,0.577000,-0.071962,0.097725,0.580878,-0.071088,True,-0.152821,0.566000,-0.032538,0.250546,0.014878,0.038550,0.00,10,-0.161984,0.308966,0.388244,0.000000,0.000000,0.000000,0.000000,0.000000,0.000000,-0.026880,-0.197400,0.103169,-0.024160,0.025728,-0.010976,LEADER
1786700713343740937,2026-08-14T16:45:13.343768,prediction,0.097383,0.583000,-0.071029,0.097725,0.580869,-0.071286,True,-0.152821,0.566000,-0.032538,0.250546,0.014869,0.038748,0.00,10,-0.161984,0.308966,0.388244,0.000000,0.000000,0.000000,0.000000,0.000000,0.000000,-0.026880,-0.197400,0.103169,-0.024160,0.025728,-0.010976,LEADER
1786700713376281632,2026-08-14T16:45:13.376303,prediction,0.096801,0.588000,-0.070252,0.097764,0.580867,-0.071338,True,-0.152821,0.566000,-0.032538,0.250585,0.014867,0.038800,0.00,10,-0.161984,0.308966,0.388244,0.000000,0.000000,0.000000,0.000000,0.000000,0.000000,-0.026880,-0.197400,0.103169,-0.024160,0.025728,-0.010976,LEADER
1786700713410365640,2026-08-14T16:45:13.410424,prediction,0.096801,0.588000,-0.070252,0.097725,0.581133,-0.071286,True,-0.152821,0.566000,-0.032538,0.250546,0.015133,0.038748,0.00,10,-0.161984,0.308966,0.388244,0.000000,0.000000,0.000000,0.000000,0.000000,0.000000,-0.026880,-0.197400,0.103169,-0.024160,0.025728,-0.010976,LEADER
1786700713442935146,2026-08-14T16:45:13.442950,prediction,0.096801,0.588000,-0.070252,0.097686,0.581453,-0.071235,True,-0.152821,0.566000,-0.032538,0.250507,0.015453,0.038697,0.00,10,-0.161984,0.308966,0.388244,0.000000,0.000000,0.000000,0.000000,0.000000,0.000000,-0.026880,-0.197400,0.103169,-0.024160,0.025728,-0.010976,LEADER
1786700713477064313,2026-08-14T16:45:13.477093,prediction,0.098082,0.577000,-0.071962,0.097686,0.581784,-0.071235,True,-0.152821,0.566000,-0.032538,0.250507,0.015784,0.038697,0.00,10,-0.161984,0.308966,0.388244,0.000000,0.000000,0.000000,0.000000,0.000000,0.000000,-0.026880,-0.197400,0.103169,-0.024160,0.025728,-0.010976,LEADER
1786700713509509321,2026-08-14T16:45:13.509591,prediction,0.098082,0.577000,-0.071962,0.097733,0.581530,-0.071297,True,-0.152821,0.566000,-0.032538,0.250554,0.015530,0.038759,0.00,10,-0.161984,0.308966,0.388244,0.000000,0.000000,0.000000,0.000000,0.000000,0.000000,-0.026880,-0.197400,0.103169,-0.024160,0.025728,-0.010976,LEADER
1786700713542868264,2026-08-14T16:45:13.542889,prediction,0.096801,0.588000,-0.070252,0.097694,0.581159,-0.071444,True,-0.152821,0.566000,-0.032538,0.250515,0.015159,0.038906,0.00,10,-0.161984,0.308966,0.388244,0.000000,0.000000,0.000000,0.000000,0.000000,0.000000,-0.026880,-0.197400,0.103169,-0.024160,0.025728,-0.010976,LEADER
1786700713576331239,2026-08-14T16:45:13.576353,prediction,0.097383,0.583000,-0.068049,0.097647,0.581085,-0.071183,True,-0.152821,0.566000,-0.032538,0.250468,0.015085,0.038645,0.00,10,-0.161984,0.308966,0.388244,0.000000,0.000000,0.000000,0.000000,0.000000,0.000000,-0.026880,-0.197400,0.103169,-0.024160,0.025728,-0.010976,LEADER
1786700713609540361,2026-08-14T16:45:13.609559,prediction,0.098082,0.577000,-0.068972,0.097438,0.581390,-0.070704,True,-0.152821,0.566000,-0.032538,0.250259,0.015390,0.038166,0.00,10,-0.161984,0.308966,0.388244,0.000000,0.000000,0.000000,0.000000,0.000000,0.000000,-0.026880,-0.197400,0.103169,-0.024160,0.025728,-0.010976,LEADER
1786700713642853875,2026-08-14T16:45:13.642876,prediction,0.098665,0.572000,-0.069741,0.097477,0.581451,-0.070555,True,-0.152821,0.566000,-0.032538,0.250298,0.015451,0.038017,0.00,10,-0.161984,0.308966,0.388244,0.000000,0.000000,0.000000,0.000000,0.000000,0.000000,-0.026880,-0.197400,0.103169,-0.024160,0.025728,-0.010976,LEADER
1786700713677142690,2026-08-14T16:45:13.677181,prediction,0.096218,0.593000,-0.066510,0.097477,0.581464,-0.070358,True,-0.152821,0.566000,-0.032538,0.250298,0.015464,0.037820,0.00,10,-0.161984,0.308966,0.388244,0.000000,0.000000,0.000000,0.000000,0.000000,0.000000,-0.026880,-0.197400,0.103169,-0.024160,0.025728,-0.010976,LEADER
1786700713710090416,2026-08-14T16:45:13.710115,prediction,0.098665,0.572000,-0.069741,0.097477,0.581199,-0.070158,True,-0.152821,0.566000,-0.032538,0.250298,0.015199,0.037620,0.00,10,-0.161984,0.308966,0.388244,0.000000,0.000000,0.000000,0.000000,0.000000,0.000000,-0.026880,-0.197400,0.103169,-0.024160,0.025728,-0.010976,LEADER
1786700713742968019,2026-08-14T16:45:13.742988,prediction,0.098665,0.572000,-0.069741,0.097640,0.580027,-0.070176,True,-0.152821,0.566000,-0.032538,0.250461,0.014027,0.037638,0.00,10,-0.161984,0.308966,0.388244,0.000000,0.000000,0.000000,0.000000,0.000000,0.000000,-0.026880,-0.197400,0.103169,-0.024160,0.025728,-0.010976,LEADER
1786700713776358347,2026-08-14T16:45:13.776381,prediction,0.099364,0.566000,-0.070664,0.097725,0.579525,-0.070089,True,-0.152821,0.566000,-0.032538,0.250546,0.013525,0.037551,0.00,10,-0.161984,0.308966,0.388244,0.000000,0.000000,0.000000,0.000000,0.000000,0.000000,-0.026880,-0.197400,0.103169,-0.024160,0.025728,-0.010976,LEADER
1786700713809631891,2026-08-14T16:45:13.809660,prediction,0.098082,0.577000,-0.068972,0.097725,0.579158,-0.069890,True,-0.152821,0.566000,-0.032538,0.250546,0.013158,0.037352,0.00,10,-0.161984,0.308966,0.388244,0.000000,0.000000,0.000000,0.000000,0.000000,0.000000,-0.026880,-0.197400,0.103169,-0.024160,0.025728,-0.010976,LEADER
1786700713842957376,2026-08-14T16:45:13.842980,prediction,0.099364,0.566000,-0.070664,0.097857,0.578498,-0.069866,True,-0.152821,0.566000,-0.032538,0.250678,0.012498,0.037328,0.00,10,-0.161984,0.308966,0.388244,0.000000,0.000000,0.000000,0.000000,0.000000,0.000000,-0.026880,-0.197400,0.103169,-0.024160,0.025728,-0.010976,LEADER
1786700713876238644,2026-08-14T16:45:13.876262,prediction,0.098082,0.577000,-0.068972,0.097943,0.578046,-0.069780,True,-0.152821,0.566000,-0.032538,0.250764,0.012046,0.037242,0.00,10,-0.161984,0.308966,0.388244,0.000000,0.000000,0.000000,0.000000,0.000000,0.000000,-0.026880,-0.197400,0.103169,-0.024160,0.025728,-0.010976,LEADER
1786700713910252269,2026-08-14T16:45:13.910288,prediction,0.098082,0.577000,-0.068972,0.098028,0.577369,-0.069695,True,-0.152821,0.566000,-0.032538,0.250849,0.011369,0.037157,0.00,10,-0.161984,0.308966,0.388244,0.000000,0.000000,0.000000,0.000000,0.000000,0.000000,-0.026880,-0.197400,0.103169,-0.024160,0.025728,-0.010976,LEADER
1786700713944375035,2026-08-14T16:45:13.944445,prediction,0.098665,0.572000,-0.069741,0.098152,0.576647,-0.069661,True,-0.152821,0.566000,-0.032538,0.250973,0.010647,0.037123,0.00,10,-0.161984,0.308966,0.388244,0.000000,0.000000,0.000000,0.000000,0.000000,0.000000,-0.026880,-0.197400,0.103169,-0.024160,0.025728,-0.010976,LEADER
1786700713976856828,2026-08-14T16:45:13.976894,prediction,0.098665,0.572000,-0.069741,0.098191,0.575649,-0.069513,True,-0.152821,0.566000,-0.032538,0.251012,0.009649,0.036975,0.00,10,-0.161984,0.308966,0.388244,0.000000,0.000000,0.000000,0.000000,0.000000,0.000000,-0.026880,-0.197400,0.103169,-0.024160,0.025728,-0.010976,LEADER
1786700714009588748,2026-08-14T16:45:14.009611,prediction,0.099364,0.566000,-0.070664,0.098277,0.575183,-0.069426,True,-0.152821,0.566000,-0.032538,0.251098,0.009183,0.036888,0.00,10,-0.161984,0.308966,0.388244,0.000000,0.000000,0.000000,0.000000,0.000000,0.000000,-0.026880,-0.197400,0.103169,-0.024160,0.025728,-0.010976,LEADER
1786700714042854444,2026-08-14T16:45:14.042870,prediction,0.099364,0.566000,-0.070664,0.098447,0.574503,-0.069454,True,-0.152821,0.566000,-0.032538,0.251268,0.008503,0.036916,0.00,10,-0.161984,0.308966,0.388244,0.000000,0.000000,0.000000,0.000000,0.000000,0.000000,-0.026880,-0.197400,0.103169,-0.024160,0.025728,-0.010976,LEADER
1786700714076998563,2026-08-14T16:45:14.077031,prediction,0.097383,0.583000,-0.068049,0.098447,0.573461,-0.069454,True,-0.152821,0.566000,-0.032538,0.251268,0.007461,0.036916,0.00,10,-0.161984,0.308966,0.388244,0.000000,0.000000,0.000000,0.000000,0.000000,0.000000,-0.026880,-0.197400,0.103169,-0.024160,0.025728,-0.010976,LEADER
1786700714110374862,2026-08-14T16:45:14.110419,prediction,0.098665,0.572000,-0.069741,0.098486,0.572665,-0.069505,True,-0.152821,0.566000,-0.032538,0.251307,0.006665,0.036967,0.00,10,-0.161984,0.308966,0.388244,0.000000,0.000000,0.000000,0.000000,0.000000,0.000000,-0.026880,-0.197400,0.103169,-0.024160,0.025728,-0.010976,LEADER
1786700714142867068,2026-08-14T16:45:14.142894,prediction,0.097383,0.583000,-0.068049,0.098401,0.572826,-0.069392,True,-0.152821,0.566000,-0.032538,0.251222,0.006826,0.036854,0.00,10,-0.161984,0.308966,0.388244,0.000000,0.000000,0.000000,0.000000,0.000000,0.000000,-0.026880,-0.197400,0.103169,-0.024160,0.025728,-0.010976,LEADER
1786700714177100713,2026-08-14T16:45:14.177139,prediction,0.098665,0.572000,-0.069741,0.098564,0.572592,-0.069608,True,-0.152821,0.566000,-0.032538,0.251385,0.006592,0.037070,0.00,10,-0.161984,0.308966,0.388244,0.000000,0.000000,0.000000,0.000000,0.000000,0.000000,-0.026880,-0.197400,0.103169,-0.024160,0.025728,-0.010976,LEADER
1786700714209636014,2026-08-14T16:45:14.209658,prediction,0.096801,0.588000,-0.067279,0.098440,0.573132,-0.069444,True,-0.152821,0.566000,-0.032538,0.251261,0.007132,0.036906,0.00,10,-0.161984,0.308966,0.388244,0.000000,0.000000,0.000000,0.000000,0.000000,0.000000,-0.026880,-0.197400,0.103169,-0.024160,0.025728,-0.010976,LEADER
1786700714242861090,2026-08-14T16:45:14.242891,prediction,0.099364,0.566000,-0.070664,0.098486,0.573240,-0.069505,True,-0.152821,0.566000,-0.032538,0.251307,0.007240,0.036967,0.00,10,-0.161984,0.308966,0.388244,0.000000,0.000000,0.000000,0.000000,0.000000,0.000000,-0.026880,-0.197400,0.103169,-0.024160,0.025728,-0.010976,LEADER
1786700714276378454,2026-08-14T16:45:14.276409,prediction,0.098082,0.577000,-0.068972,0.098401,0.573528,-0.069392,True,-0.152821,0.566000,-0.032538,0.251222,0.007528,0.036854,0.00,10,-0.161984,0.308966,0.388244,0.000000,0.000000,0.000000,0.000000,0.000000,0.000000,-0.026880,-0.197400,0.103169,-0.024160,0.025728,-0.010976,LEADER
1786700714309616753,2026-08-14T16:45:14.309649,prediction,0.099364,0.566000,-0.070664,0.098486,0.573266,-0.069505,True,-0.152821,0.566000,-0.032538,0.251307,0.007266,0.036967,0.00,10,-0.161984,0.308966,0.388244,0.000000,0.000000,0.000000,0.000000,0.000000,0.000000,-0.026880,-0.197400,0.103169,-0.024160,0.025728,-0.010976,LEADER
1786700714343122528,2026-08-14T16:45:14.343142,prediction,0.098082,0.577000,-0.068972,0.098401,0.573800,-0.069392,True,-0.152821,0.566000,-0.032538,0.251222,0.007800,0.036854,0.00,10,-0.161984,0.308966,0.388244,0.000000,0.000000,0.000000,0.000000,0.000000,0.000000,-0.026880,-0.197400,0.103169,-0.024160,0.025728,-0.010976,LEADER
1786700714376281617,2026-08-14T16:45:14.376303,prediction,0.099364,0.566000,-0.070664,0.098486,0.573320,-0.069505,True,-0.152821,0.566000,-0.032538,0.251307,0.007320,0.036967,0.00,10,-0.161984,0.308966,0.388244,0.000000,0.000000,0.000000,0.000000,0.000000,0.000000,-0.026880,-0.197400,0.103169,-0.024160,0.025728,-0.010976,LEADER
1786700714409576244,2026-08-14T16:45:14.409593,prediction,0.098665,0.572000,-0.069741,0.098525,0.572957,-0.069556,True,-0.152821,0.566000,-0.032538,0.251346,0.006957,0.037018,0.00,10,-0.161984,0.308966,0.388244,0.000000,0.000000,0.000000,0.000000,0.000000,0.000000,-0.026880,-0.197400,0.103169,-0.024160,0.025728,-0.010976,LEADER
1786700714442859461,2026-08-14T16:45:14.442880,prediction,0.098082,0.577000,-0.068972,0.098486,0.572618,-0.069505,True,-0.152821,0.566000,-0.032538,0.251307,0.006618,0.036967,0.00,10,-0.161984,0.308966,0.388244,0.000000,0.000000,0.000000,0.000000,0.000000,0.000000,-0.026880,-0.197400,0.103169,-0.024160,0.025728,-0.010976,LEADER
1786700714476331116,2026-08-14T16:45:14.476354,prediction,0.098665,0.572000,-0.069741,0.098486,0.572550,-0.069505,True,-0.152821,0.566000,-0.032538,0.251307,0.006550,0.036967,0.00,10,-0.161984,0.308966,0.388244,0.000000,0.000000,0.000000,0.000000,0.000000,0.000000,-0.026880,-0.197400,0.103169,-0.024160,0.025728,-0.010976,LEADER
1786700714509737788,2026-08-14T16:45:14.509755,prediction,0.098082,0.577000,-0.065981,0.098401,0.572803,-0.069193,True,-0.152821,0.566000,-0.032538,0.251222,0.006803,0.036655,0.00,10,-0.161984,0.308966,0.388244,0.000000,0.000000,0.000000,0.000000,0.000000,0.000000,-0.026880,-0.197400,0.103169,-0.024160,0.025728,-0.010976,LEADER
1786700714542915410,2026-08-14T16:45:14.542936,prediction,0.099364,0.566000,-0.070664,0.098401,0.573174,-0.069193,True,-0.152821,0.566000,-0.032538,0.251222,0.007174,0.036655,0.00,10,-0.161984,0.308966,0.388244,0.000000,0.000000,0.000000,0.000000,0.000000,0.000000,-0.026880,-0.197400,0.103169,-0.024160,0.025728,-0.010976,LEADER
1786700714576144502,2026-08-14T16:45:14.576160,prediction,0.099364,0.566000,-0.067656,0.098533,0.573248,-0.069167,True,-0.152821,0.566000,-0.032538,0.251354,0.007248,0.036629,0.00,10,-0.161984,0.308966,0.388244,0.000000,0.000000,0.000000,0.000000,0.000000,0.000000,-0.026880,-0.197400,0.103169,-0.024160,0.025728,-0.010976,LEADER
1786700714609697229,2026-08-14T16:45:14.609727,prediction,0.098082,0.577000,-0.065981,0.098494,0.572943,-0.068916,True,-0.152821,0.566000,-0.032538,0.251315,0.006943,0.036378,0.00,10,-0.161984,0.308966,0.388244,0.000000,0.000000,0.000000,0.000000,0.000000,0.000000,-0.026880,-0.197400,0.103169,-0.024160,0.025728,-0.010976,LEADER
1786700714643743057,2026-08-14T16:45:14.643772,prediction,0.099947,0.561000,-0.068417,0.098665,0.571975,-0.068941,True,-0.152821,0.566000,-0.032538,0.251486,0.005975,0.036403,0.00,10,-0.161984,0.308966,0.388244,0.000000,0.000000,0.000000,0.000000,0.000000,0.000000,-0.026880,-0.197400,0.103169,-0.024160,0.025728,-0.010976,LEADER
1786700714676330920,2026-08-14T16:45:14.676351,prediction,0.100529,0.556000,-0.069178,0.098789,0.571195,-0.068903,True,-0.152821,0.566000,-0.032538,0.251610,0.005195,0.036365,0.00,10,-0.161984,0.308966,0.388244,0.000000,0.000000,0.000000,0.000000,0.000000,0.000000,-0.026880,-0.197400,0.103169,-0.024160,0.025728,-0.010976,LEADER
1786700714710163334,2026-08-14T16:45:14.710195,prediction,0.100529,0.556000,-0.069178,0.099038,0.569599,-0.069030,True,-0.152821,0.566000,-0.032538,0.251859,0.003599,0.036492,0.00,10,-0.161984,0.308966,0.388244,0.000000,0.000000,0.000000,0.000000,0.000000,0.000000,-0.026880,-0.197400,0.103169,-0.024160,0.025728,-0.010976,LEADER
1786700714743538241,2026-08-14T16:45:14.743569,prediction,0.099364,0.566000,-0.067656,0.099038,0.568426,-0.068829,True,-0.152821,0.566000,-0.032538,0.251859,0.002426,0.036291,0.00,10,-0.161984,0.308966,0.388244,0.000000,0.000000,0.000000,0.000000,0.000000,0.000000,-0.026880,-0.197400,0.103169,-0.024160,0.025728,-0.010976,LEADER
1786700714776273081,2026-08-14T16:45:14.776292,prediction,0.100529,0.556000,-0.069178,0.099201,0.567072,-0.068843,True,-0.152821,0.566000,-0.032538,0.252022,0.001072,0.036305,0.00,10,-0.161984,0.308966,0.388244,0.000000,0.000000,0.000000,0.000000,0.000000,0.000000,-0.026880,-0.197400,0.103169,-0.024160,0.025728,-0.010976,LEADER
1786700714809559573,2026-08-14T16:45:14.809577,prediction,0.101228,0.550000,-0.070091,0.099325,0.566268,-0.068805,True,-0.152821,0.566000,-0.032538,0.252146,0.000268,0.036267,0.00,10,-0.161984,0.308966,0.388244,0.000000,0.000000,0.000000,0.000000,0.000000,0.000000,-0.026880,-0.197400,0.103169,-0.024160,0.025728,-0.010976,LEADER
1786700714843727944,2026-08-14T16:45:14.843758,prediction,0.100529,0.556000,-0.069178,0.099488,0.564987,-0.068818,True,-0.152821,0.566000,-0.032538,0.252309,0.001013,0.036280,0.00,10,-0.161984,0.308966,0.388244,0.000000,0.000000,0.000000,0.000000,0.000000,0.000000,-0.026880,-0.197400,0.103169,-0.024160,0.025728,-0.010976,LEADER
1786700714876819466,2026-08-14T16:45:14.876857,prediction,0.104848,0.545000,-0.070852,0.099854,0.563877,-0.068831,True,-0.152821,0.566000,-0.032538,0.252675,0.002123,0.036293,0.00,10,-0.161984,0.308966,0.388244,0.000000,0.000000,0.000000,0.000000,0.000000,0.000000,-0.026880,-0.197400,0.103169,-0.024160,0.025728,-0.010976,LEADER
1786700714909508255,2026-08-14T16:45:14.909528,prediction,0.102367,0.566000,-0.067656,0.100101,0.562802,-0.068692,True,-0.152821,0.566000,-0.032538,0.252922,0.003198,0.036154,0.00,10,-0.161984,0.308966,0.388244,0.000000,0.000000,0.000000,0.000000,0.000000,0.000000,-0.026880,-0.197400,0.103169,-0.024160,0.025728,-0.010976,LEADER
1786700714942881158,2026-08-14T16:45:14.942900,prediction,0.105557,0.539000,-0.071765,0.100599,0.561147,-0.068878,True,-0.152821,0.566000,-0.032538,0.253420,0.004853,0.036340,0.00,10,-0.161984,0.308966,0.388244,0.000000,0.000000,0.000000,0.000000,0.000000,0.000000,-0.026880,-0.197400,0.103169,-0.024160,0.025728,-0.010976,LEADER
1786700714977105227,2026-08-14T16:45:14.977142,prediction,0.104848,0.545000,-0.070852,0.101011,0.559376,-0.068952,True,-0.152821,0.566000,-0.032538,0.253832,0.006624,0.036414,0.00,10,-0.161984,0.308966,0.388244,0.000000,0.000000,0.000000,0.000000,0.000000,0.000000,-0.026880,-0.197400,0.103169,-0.024160,0.025728,-0.010976,LEADER
1786700715009586245,2026-08-14T16:45:15.009604,prediction,0.102510,0.539000,-0.071765,0.101306,0.556995,-0.069338,True,-0.152821,0.566000,-0.032538,0.254127,0.009005,0.036800,0.00,10,-0.161984,0.308966,0.388244,0.000000,0.000000,0.000000,0.000000,0.000000,0.000000,-0.026880,-0.197400,0.103169,-0.024160,0.025728,-0.010976,LEADER
1786700715042908766,2026-08-14T16:45:15.042923,prediction,0.101228,0.550000,-0.070091,0.101431,0.555079,-0.069299,True,-0.152821,0.566000,-0.032538,0.254252,0.010921,0.036761,0.00,10,-0.161984,0.308966,0.388244,0.000000,0.000000,0.000000,0.000000,0.000000,0.000000,-0.026880,-0.197400,0.103169,-0.024160,0.025728,-0.010976,LEADER
1786700715076243127,2026-08-14T16:45:15.076260,prediction,0.101228,0.550000,-0.070091,0.101555,0.553842,-0.069462,True,-0.152821,0.566000,-0.032538,0.254376,0.012158,0.036924,0.00,10,-0.161984,0.308966,0.388244,0.000000,0.000000,0.000000,0.000000,0.000000,0.000000,-0.026880,-0.197400,0.103169,-0.024160,0.025728,-0.010976,LEADER
1786700715110451033,2026-08-14T16:45:15.110490,prediction,0.100529,0.556000,-0.069178,0.101718,0.552742,-0.069675,True,-0.152821,0.566000,-0.032538,0.254539,0.013258,0.037137,0.00,10,-0.161984,0.308966,0.388244,0.000000,0.000000,0.000000,0.000000,0.000000,0.000000,-0.026880,-0.197400,0.103169,-0.024160,0.025728,-0.010976,LEADER
1786700715143781167,2026-08-14T16:45:15.143818,prediction,0.103791,0.528000,-0.070368,0.101974,0.551668,-0.069805,True,-0.152821,0.566000,-0.032538,0.254795,0.014332,0.037267,0.00,10,-0.161984,0.308966,0.388244,0.000000,0.000000,0.000000,0.000000,0.000000,0.000000,-0.026880,-0.197400,0.103169,-0.024160,0.025728,-0.010976,LEADER
1786700715176189973,2026-08-14T16:45:15.176208,prediction,0.103791,0.528000,-0.070368,0.102192,0.549694,-0.069884,True,-0.152821,0.566000,-0.032538,0.255013,0.016306,0.037346,0.00,10,-0.161984,0.308966,0.388244,0.000000,0.000000,0.000000,0.000000,0.000000,0.000000,-0.026880,-0.197400,0.103169,-0.024160,0.025728,-0.010976,LEADER
1786700715209504069,2026-08-14T16:45:15.209522,prediction,0.101811,0.545000,-0.067809,0.102277,0.547805,-0.069793,True,-0.152821,0.566000,-0.032538,0.255098,0.018195,0.037255,0.00,10,-0.161984,0.308966,0.388244,0.000000,0.000000,0.000000,0.000000,0.000000,0.000000,-0.026880,-0.197400,0.103169,-0.024160,0.025728,-0.010976,LEADER
1786700715242899246,2026-08-14T16:45:15.242916,prediction,0.103209,0.533000,-0.072678,0.102534,0.546201,-0.070128,True,-0.152821,0.566000,-0.032538,0.255355,0.019799,0.037590,0.00,10,-0.161984,0.308966,0.388244,0.000000,0.000000,0.000000,0.000000,0.000000,0.000000,-0.026880,-0.197400,0.103169,-0.024160,0.025728,-0.010976,LEADER
1786700715276299863,2026-08-14T16:45:15.276319,prediction,0.103209,0.533000,-0.072678,0.102712,0.544654,-0.070361,True,-0.152821,0.566000,-0.032538,0.255533,0.021346,0.037823,0.00,10,-0.161984,0.308966,0.388244,0.000000,0.000000,0.000000,0.000000,0.000000,0.000000,-0.026880,-0.197400,0.103169,-0.024160,0.025728,-0.010976,LEADER
1786700715309557470,2026-08-14T16:45:15.309580,prediction,0.105073,0.517000,-0.072024,0.102969,0.543117,-0.070490,True,-0.152821,0.566000,-0.032538,0.255790,0.022883,0.037952,0.00,10,-0.161984,0.308966,0.388244,0.000000,0.000000,0.000000,0.000000,0.000000,0.000000,-0.026880,-0.197400,0.103169,-0.024160,0.025728,-0.010976,LEADER
1786700715343847590,2026-08-14T16:45:15.343885,prediction,0.103209,0.533000,-0.069615,0.103147,0.541583,-0.070519,True,-0.152821,0.566000,-0.032538,0.255968,0.024417,0.037981,0.00,10,-0.161984,0.308966,0.388244,0.000000,0.000000,0.000000,0.000000,0.000000,0.000000,-0.026880,-0.197400,0.103169,-0.024160,0.025728,-0.010976,LEADER
1786700715376190671,2026-08-14T16:45:15.376215,prediction,0.103791,0.528000,-0.070368,0.103077,0.540103,-0.070487,True,-0.152821,0.566000,-0.032538,0.255898,0.025897,0.037949,0.00,10,-0.161984,0.308966,0.388244,0.000000,0.000000,0.000000,0.000000,0.000000,0.000000,-0.026880,-0.197400,0.103169,-0.024160,0.025728,-0.010976,LEADER
1786700715409593592,2026-08-14T16:45:15.409623,prediction,0.101228,0.550000,-0.067056,0.103001,0.538581,-0.070447,True,-0.152821,0.566000,-0.032538,0.255822,0.027419,0.037909,0.00,10,-0.161984,0.308966,0.388244,0.000000,0.000000,0.000000,0.000000,0.000000,0.000000,-0.026880,-0.197400,0.103169,-0.024160,0.025728,-0.010976,LEADER
1786700715442951234,2026-08-14T16:45:15.442973,prediction,0.102510,0.539000,-0.065659,0.102798,0.537956,-0.070040,True,-0.152821,0.566000,-0.032538,0.255619,0.028044,0.037502,0.00,10,-0.161984,0.308966,0.388244,0.000000,0.000000,0.000000,0.000000,0.000000,0.000000,-0.026880,-0.197400,0.103169,-0.024160,0.025728,-0.010976,LEADER
1786700715477100918,2026-08-14T16:45:15.477131,prediction,0.101228,0.550000,-0.067056,0.102556,0.538098,-0.069787,True,-0.152821,0.566000,-0.032538,0.255377,0.027902,0.037249,0.00,10,-0.161984,0.308966,0.388244,0.000000,0.000000,0.000000,0.000000,0.000000,0.000000,-0.026880,-0.197400,0.103169,-0.024160,0.025728,-0.010976,LEADER
1786700715509471928,2026-08-14T16:45:15.509489,prediction,0.103791,0.528000,-0.067297,0.102642,0.538126,-0.069489,True,-0.152821,0.566000,-0.032538,0.255463,0.027874,0.036951,0.00,10,-0.161984,0.308966,0.388244,0.000000,0.000000,0.000000,0.000000,0.000000,0.000000,-0.026880,-0.197400,0.103169,-0.024160,0.025728,-0.010976,LEADER
1786700715542737619,2026-08-14T16:45:15.542757,prediction,0.102510,0.539000,-0.068712,0.102727,0.537812,-0.069397,True,-0.152821,0.566000,-0.032538,0.255548,0.028188,0.036859,0.00,10,-0.161984,0.308966,0.388244,0.000000,0.000000,0.000000,0.000000,0.000000,0.000000,-0.026880,-0.197400,0.103169,-0.024160,0.025728,-0.010976,LEADER
1786700715576196839,2026-08-14T16:45:15.576217,prediction,0.101811,0.545000,-0.067809,0.102766,0.537162,-0.069245,True,-0.152821,0.566000,-0.032538,0.255587,0.028838,0.036707,0.00,10,-0.161984,0.308966,0.388244,0.000000,0.000000,0.000000,0.000000,0.000000,0.000000,-0.026880,-0.197400,0.103169,-0.024160,0.025728,-0.010976,LEADER
1786700715610320568,2026-08-14T16:45:15.610358,prediction,0.103791,0.528000,-0.070368,0.102984,0.536446,-0.069324,True,-0.152821,0.566000,-0.032538,0.255805,0.029554,0.036786,0.00,10,-0.161984,0.308966,0.388244,0.000000,0.000000,0.000000,0.000000,0.000000,0.000000,-0.026880,-0.197400,0.103169,-0.024160,0.025728,-0.010976,LEADER
1786700715642995458,2026-08-14T16:45:15.643018,prediction,0.103209,0.533000,-0.069615,0.102945,0.535396,-0.069274,True,-0.152821,0.566000,-0.032538,0.255766,0.030604,0.036736,0.00,10,-0.161984,0.308966,0.388244,0.000000,0.000000,0.000000,0.000000,0.000000,0.000000,-0.026880,-0.197400,0.103169,-0.024160,0.025728,-0.010976,LEADER
1786700715676334999,2026-08-14T16:45:15.676368,prediction,0.101811,0.545000,-0.067809,0.102813,0.535453,-0.069103,True,-0.152821,0.566000,-0.032538,0.255634,0.030547,0.036565,0.00,10,-0.161984,0.308966,0.388244,0.000000,0.000000,0.000000,0.000000,0.000000,0.000000,-0.026880,-0.197400,0.103169,-0.024160,0.025728,-0.010976,LEADER
1786700715709557685,2026-08-14T16:45:15.709580,prediction,0.104257,0.550000,-0.067056,0.102976,0.536371,-0.069053,True,-0.152821,0.566000,-0.032538,0.255797,0.029629,0.036515,0.00,10,-0.161984,0.308966,0.388244,0.000000,0.000000,0.000000,0.000000,0.000000,0.000000,-0.026880,-0.197400,0.103169,-0.024160,0.025728,-0.010976,LEADER
1786700715743583674,2026-08-14T16:45:15.743614,prediction,0.105557,0.539000,-0.068712,0.103132,0.537194,-0.068789,True,-0.152821,0.566000,-0.032538,0.255953,0.028806,0.036251,0.00,10,-0.161984,0.308966,0.388244,0.000000,0.000000,0.000000,0.000000,0.000000,0.000000,-0.026880,-0.197400,0.103169,-0.024160,0.025728,-0.010976,LEADER
1786700715776899282,2026-08-14T16:45:15.776927,prediction,0.102957,0.561000,-0.065400,0.103116,0.538265,-0.068303,True,-0.152821,0.566000,-0.032538,0.255937,0.027735,0.035765,0.00,10,-0.161984,0.308966,0.388244,0.000000,0.000000,0.000000,0.000000,0.000000,0.000000,-0.026880,-0.197400,0.103169,-0.024160,0.025728,-0.010976,LEADER
1786700715809647731,2026-08-14T16:45:15.809669,prediction,0.101658,0.572000,-0.063744,0.102888,0.539973,-0.067752,True,-0.152821,0.566000,-0.032538,0.255709,0.026027,0.035214,0.00,10,-0.161984,0.308966,0.388244,0.000000,0.000000,0.000000,0.000000,0.000000,0.000000,-0.026880,-0.197400,0.103169,-0.024160,0.025728,-0.010976,LEADER
1786700715842989254,2026-08-14T16:45:15.843021,prediction,0.102957,0.561000,-0.065400,0.102871,0.541808,-0.067470,True,-0.152821,0.566000,-0.032538,0.255692,0.024192,0.034932,0.00,10,-0.161984,0.308966,0.388244,0.000000,0.000000,0.000000,0.000000,0.000000,0.000000,-0.026880,-0.197400,0.103169,-0.024160,0.025728,-0.010976,LEADER
1786700715877059190,2026-08-14T16:45:15.877090,prediction,0.101067,0.577000,-0.062991,0.102690,0.544522,-0.066979,True,-0.152821,0.566000,-0.032538,0.255511,0.021478,0.034441,0.00,10,-0.161984,0.308966,0.388244,0.000000,0.000000,0.000000,0.000000,0.000000,0.000000,-0.026880,-0.197400,0.103169,-0.024160,0.025728,-0.010976,LEADER
1786700715909650634,2026-08-14T16:45:15.909673,prediction,0.105369,0.566000,-0.064647,0.102966,0.546824,-0.066818,True,-0.152821,0.566000,-0.032538,0.255787,0.019176,0.034280,0.00,10,-0.161984,0.308966,0.388244,0.000000,0.000000,0.000000,0.000000,0.000000,0.000000,-0.026880,-0.197400,0.103169,-0.024160,0.025728,-0.010976,LEADER
1786700715942951768,2026-08-14T16:45:15.942979,prediction,0.102134,0.593000,-0.060583,0.102941,0.549312,-0.066480,True,-0.152821,0.566000,-0.032538,0.255762,0.016688,0.033942,0.00,10,-0.161984,0.308966,0.388244,0.000000,0.000000,0.000000,0.000000,0.000000,0.000000,-0.026880,-0.197400,0.103169,-0.024160,0.025728,-0.010976,LEADER
1786700715977480854,2026-08-14T16:45:15.977522,prediction,0.102134,0.593000,-0.060583,0.103001,0.552102,-0.066048,True,-0.152821,0.566000,-0.032538,0.255822,0.013898,0.033510,0.00,10,-0.161984,0.308966,0.388244,0.000000,0.000000,0.000000,0.000000,0.000000,0.000000,-0.026880,-0.197400,0.103169,-0.024160,0.025728,-0.010976,LEADER
1786700716009698427,2026-08-14T16:45:16.009729,prediction,0.097877,0.604000,-0.064818,0.102607,0.555540,-0.065883,True,-0.152821,0.566000,-0.032538,0.255428,0.010460,0.033345,0.00,10,-0.161984,0.308966,0.388244,0.000000,0.000000,0.000000,0.000000,0.000000,0.000000,-0.026880,-0.197400,0.103169,-0.024160,0.025728,-0.010976,LEADER
1786700716043033015,2026-08-14T16:45:16.043054,prediction,0.098586,0.598000,-0.068697,0.102345,0.559375,-0.065882,True,-0.152821,0.566000,-0.032538,0.255166,0.006625,0.033344,0.00,10,-0.161984,0.308966,0.388244,0.000000,0.000000,0.000000,0.000000,0.000000,0.000000,-0.026880,-0.197400,0.103169,-0.024160,0.025728,-0.010976,LEADER
1786700716077189136,2026-08-14T16:45:16.077231,prediction,0.097877,0.604000,-0.070709,0.102083,0.563608,-0.066075,True,-0.152821,0.566000,-0.032538,0.254904,0.002392,0.033537,0.00,10,-0.161984,0.308966,0.388244,0.000000,0.000000,0.000000,0.000000,0.000000,0.000000,-0.026880,-0.197400,0.103169,-0.024160,0.025728,-0.010976,LEADER
1786700716109777521,2026-08-14T16:45:16.109804,prediction,0.096695,0.614000,-0.072067,0.101610,0.567922,-0.066189,True,-0.152821,0.566000,-0.032538,0.254431,0.001922,0.033651,0.00,10,-0.161984,0.308966,0.388244,0.000000,0.000000,0.000000,0.000000,0.000000,0.000000,-0.026880,-0.197400,0.103169,-0.024160,0.025728,-0.010976,LEADER
1786700716142886364,2026-08-14T16:45:16.142907,prediction,0.096104,0.619000,-0.074194,0.101136,0.573104,-0.066494,True,-0.152821,0.566000,-0.032538,0.253957,0.007104,0.033956,0.00,10,-0.161984,0.308966,0.388244,0.000000,0.000000,0.000000,0.000000,0.000000,0.000000,-0.026880,-0.197400,0.103169,-0.024160,0.025728,-0.010976,LEADER
1786700716176204022,2026-08-14T16:45:16.176224,prediction,0.092024,0.629000,-0.075494,0.100484,0.578728,-0.067006,True,-0.152821,0.566000,-0.032538,0.253305,0.012728,0.034468,0.00,10,-0.161984,0.308966,0.388244,0.000000,0.000000,0.000000,0.000000,0.000000,0.000000,-0.026880,-0.197400,0.103169,-0.024160,0.025728,-0.010976,LEADER
1786700716209629507,2026-08-14T16:45:16.209650,prediction,0.092024,0.629000,-0.081302,0.099668,0.584332,-0.067956,True,-0.152821,0.566000,-0.032538,0.252489,0.018332,0.035418,0.00,10,-0.161984,0.308966,0.388244,0.000000,0.000000,0.000000,0.000000,0.000000,0.000000,-0.026880,-0.197400,0.103169,-0.024160,0.025728,-0.010976,LEADER
1786700716242944621,2026-08-14T16:45:16.242966,prediction,0.085660,0.634000,-0.089163,0.098342,0.589933,-0.069319,True,-0.152821,0.566000,-0.032538,0.251163,0.023933,0.036781,0.00,10,-0.161984,0.308966,0.388244,0.000000,0.000000,0.000000,0.000000,0.000000,0.000000,-0.026880,-0.197400,0.103169,-0.024160,0.025728,-0.010976,LEADER
1786700716276349090,2026-08-14T16:45:16.276372,prediction,0.085660,0.634000,-0.089163,0.097188,0.595533,-0.070904,True,-0.152821,0.566000,-0.032538,0.250009,0.029533,0.038366,0.00,10,-0.161984,0.308966,0.388244,0.000000,0.000000,0.000000,0.000000,0.000000,0.000000,-0.026880,-0.197400,0.103169,-0.024160,0.025728,-0.010976,LEADER
1786700716309667589,2026-08-14T16:45:16.309689,prediction,0.086226,0.629000,-0.090015,0.096160,0.600547,-0.072655,True,-0.152821,0.566000,-0.032538,0.248981,0.034547,0.040117,0.00,10,-0.161984,0.308966,0.388244,0.000000,0.000000,0.000000,0.000000,0.000000,0.000000,-0.026880,-0.197400,0.103169,-0.024160,0.025728,-0.010976,LEADER
1786700716344097007,2026-08-14T16:45:16.344132,prediction,0.085660,0.634000,-0.089163,0.095007,0.605443,-0.074239,True,-0.152821,0.566000,-0.032538,0.247828,0.039443,0.041701,0.00,10,-0.161984,0.308966,0.388244,0.000000,0.000000,0.000000,0.000000,0.000000,0.000000,-0.026880,-0.197400,0.103169,-0.024160,0.025728,-0.010976,LEADER
1786700716376195968,2026-08-14T16:45:16.376217,prediction,0.082212,0.639000,-0.096975,0.093750,0.609729,-0.076505,True,-0.152821,0.566000,-0.032538,0.246571,0.043729,0.043967,0.00,10,-0.161984,0.308966,0.388244,0.000000,0.000000,0.000000,0.000000,0.000000,0.000000,-0.026880,-0.197400,0.103169,-0.024160,0.025728,-0.010976,LEADER
1786700716409762389,2026-08-14T16:45:16.409791,prediction,0.082770,0.634000,-0.097852,0.092243,0.614212,-0.078719,True,-0.152821,0.566000,-0.032538,0.245064,0.048212,0.046181,0.00,10,-0.161984,0.308966,0.388244,0.000000,0.000000,0.000000,0.000000,0.000000,0.000000,-0.026880,-0.197400,0.103169,-0.024160,0.025728,-0.010976,LEADER
1786700716443243021,2026-08-14T16:45:16.443270,prediction,0.082770,0.634000,-0.097852,0.090952,0.618149,-0.081203,True,-0.152821,0.566000,-0.032538,0.243773,0.052149,0.048665,0.00,10,-0.161984,0.308966,0.388244,0.000000,0.000000,0.000000,0.000000,0.000000,0.000000,-0.026880,-0.197400,0.103169,-0.024160,0.025728,-0.010976,LEADER
1786700716477528389,2026-08-14T16:45:16.477565,prediction,0.082770,0.634000,-0.097852,0.089661,0.621123,-0.083688,True,-0.152821,0.566000,-0.032538,0.242482,0.055123,0.051150,0.00,10,-0.161984,0.308966,0.388244,0.000000,0.000000,0.000000,0.000000,0.000000,0.000000,-0.026880,-0.197400,0.103169,-0.024160,0.025728,-0.010976,LEADER


============================================================
EXPERIMENT METRICS
  File: experiment_SVGP+MJM_20260814_164451.csv
  Total samples: 745
  Task completion time: 24.87 s
  --- Prediction Accuracy (over 745 samples) ---
  Avg Inference Time: 4.69 ms
  Mean Squared Error (MSE): 0.042919 m²
  Mean Absolute Error (MAE - 3D): 0.1800 m
      MAE X: 0.1613 m
      MAE Y: 0.0319 m
      MAE Z: 0.0335 m
  --- Trajectory Smoothness (Robot EE) ---
  Mean Jerk (3D): 28.2261 m/s³
      Jerk X: 3.0118 m/s³
      Jerk Y: 26.6366 m/s³
      Jerk Z: 6.7825 m/s³
  Max Jerk (3D): 128.6682 m/s³
  RMS Jerk (3D): 40.6274 m/s³
============================================================
