ros_timestamp_ns,wall_time,trajectory_mode,meas_x,meas_y,meas_z,filt_x,filt_y,filt_z,is_tracked,pred_x,pred_y,pred_z,mae_x,mae_y,mae_z,inference_ms,buffer_size,target_x,target_y,target_z,robot_ee_x,robot_ee_y,robot_ee_z,j1_vel,j2_vel,j3_vel,j4_vel,j5_vel,j6_vel,j1_eff,j2_eff,j3_eff,j4_eff,j5_eff,j6_eff,role
1787026851162808730,2026-08-18T11:20:51.162827,prediction,0.190221,-0.198000,0.017320,0.191621,-0.224000,0.011956,True,0.189794,-0.191332,0.016840,0.000427,0.006668,0.000480,35.46,10,-0.040191,1.125404,0.347459,-0.161986,0.308971,0.388246,0.000000,0.000000,0.000000,0.000000,0.000000,0.000000,-0.007000,-0.176960,0.092213,-0.021376,0.022336,-0.009088,READY
1787026851187717602,2026-08-18T11:20:51.187736,prediction,0.188767,-0.171000,0.017950,0.188767,-0.181600,0.017950,True,0.189187,-0.185332,0.017217,0.000420,0.014332,0.000733,22.42,10,-0.161988,0.308963,0.388246,-0.161988,0.308963,0.388246,0.000000,0.000000,0.000000,0.000000,0.000000,0.000000,-0.007000,-0.176960,0.092213,-0.021376,0.022336,-0.009088,READY
1787026851232283483,2026-08-18T11:20:51.232306,prediction,0.188767,-0.171000,0.017950,0.188767,-0.173120,0.017950,True,0.188791,-0.179332,0.017480,0.000024,0.008332,0.000470,27.31,10,-0.161988,0.308963,0.388246,-0.161988,0.308963,0.388246,0.000000,0.000000,0.000000,0.000000,0.000000,0.000000,-0.007420,-0.176680,0.093209,-0.021664,0.022272,-0.009312,READY
1787026851259151517,2026-08-18T11:20:51.259163,prediction,0.191621,-0.224000,0.016714,0.191621,-0.171424,0.016714,True,0.189701,-0.185332,0.017039,0.001920,0.038668,0.000326,23.31,10,-0.161988,0.308963,0.388246,-0.161988,0.308963,0.388246,0.000000,0.000000,0.000000,0.000000,0.000000,0.000000,-0.007700,-0.175140,0.092877,-0.021504,0.022432,-0.009024,READY
1787026851277805645,2026-08-18T11:20:51.277821,prediction,0.190221,-0.198000,0.017320,0.191621,-0.224000,0.011956,True,0.189744,-0.187327,0.016999,0.000477,0.010673,0.000321,16.33,10,-0.161988,0.308963,0.388246,-0.161988,0.308963,0.388246,0.000000,0.000000,0.000000,0.000000,0.000000,0.000000,-0.007700,-0.175140,0.092877,-0.021504,0.022432,-0.009024,READY
1787026851311697176,2026-08-18T11:20:51.311711,prediction,0.189467,-0.184000,0.017647,0.191621,-0.224000,0.011956,True,0.189458,-0.184465,0.017127,0.000009,0.000465,0.000520,18.54,10,-0.161988,0.308963,0.388246,-0.161988,0.308963,0.388246,0.000000,0.000000,0.000000,0.000000,0.000000,0.000000,-0.008260,-0.175140,0.092711,-0.021376,0.022656,-0.009632,READY
1787026851341796268,2026-08-18T11:20:51.341822,prediction,0.188067,-0.158000,0.018253,0.191621,-0.224000,0.011956,True,0.188683,-0.178465,0.017497,0.000616,0.020465,0.000756,15.61,10,-0.161988,0.308963,0.388246,-0.161988,0.308963,0.388246,0.000000,0.000000,0.000000,0.000000,0.000000,0.000000,-0.008260,-0.175140,0.092545,-0.021376,0.022784,-0.009920,READY
1787026851376359999,2026-08-18T11:20:51.376376,prediction,0.188767,-0.171000,0.017950,0.191621,-0.224000,0.011956,True,0.188459,-0.174369,0.017585,0.000307,0.003369,0.000365,17.12,10,-0.161988,0.308963,0.388246,-0.161988,0.308963,0.388246,0.000000,0.000000,0.000000,0.000000,0.000000,0.000000,-0.004900,-0.174160,0.091549,-0.021376,0.022432,-0.008480,READY
1787026851410333844,2026-08-18T11:20:51.410348,prediction,0.192752,-0.245000,0.021016,0.191621,-0.224000,0.011956,True,0.190009,-0.180369,0.018206,0.002742,0.064631,0.002810,17.31,10,-0.161988,0.308963,0.388246,-0.161988,0.308963,0.388246,0.000000,0.000000,0.000000,0.000000,0.000000,0.000000,-0.006440,-0.175700,0.091549,-0.021376,0.022784,-0.009472,READY
1787026851444261432,2026-08-18T11:20:51.444280,prediction,0.185374,-0.108000,0.023986,0.191621,-0.224000,0.011956,True,0.188052,-0.174369,0.020218,0.002678,0.066369,0.003768,18.08,10,-0.161988,0.308963,0.388246,-0.161988,0.308963,0.388246,0.000000,0.000000,0.000000,0.000000,0.000000,0.000000,-0.003640,-0.173600,0.092877,-0.021376,0.022112,-0.008192,FOLLOWER
1787026851475279757,2026-08-18T11:20:51.475296,prediction,0.188767,-0.171000,0.022620,0.191621,-0.224000,0.011956,True,0.188091,-0.171659,0.020957,0.000676,0.000659,0.001664,15.89,10,-0.161988,0.308963,0.388246,-0.161988,0.308963,0.388246,0.000000,0.000000,0.000000,0.000000,0.000000,0.000000,-0.009520,-0.175420,0.092047,-0.021056,0.022656,-0.010240,FOLLOWER
1787026851507576358,2026-08-18T11:20:51.507592,prediction,0.189467,-0.184000,0.027030,0.191621,-0.224000,0.011956,True,0.188429,-0.173922,0.022735,0.001038,0.010078,0.004295,15.94,10,-0.161988,0.308963,0.388246,-0.161988,0.308963,0.388246,0.000000,0.000000,0.000000,0.000000,0.000000,0.000000,-0.000840,-0.179060,0.090304,-0.017920,0.029504,-0.011200,FOLLOWER
1787026851542794616,2026-08-18T11:20:51.542807,prediction,0.186720,-0.133000,0.032659,0.191621,-0.224000,0.011956,True,0.187573,-0.167922,0.026034,0.000853,0.034923,0.006626,16.28,10,-0.161988,0.308963,0.388246,-0.161988,0.308963,0.388246,0.000000,0.000000,0.000000,0.000000,0.000000,0.000000,0.000840,-0.193620,0.084328,-0.009856,0.043424,-0.018208,FOLLOWER
1787026851579627901,2026-08-18T11:20:51.579647,prediction,0.188767,-0.171000,0.031961,0.191621,-0.224000,0.011956,True,0.187843,-0.167536,0.027946,0.000924,0.003464,0.004015,17.53,10,-0.161988,0.308963,0.388246,-0.161988,0.308963,0.388246,0.000000,0.000000,0.000000,0.000000,0.005670,0.000000,0.022260,-0.238700,0.072293,0.015264,0.057824,-0.040480,FOLLOWER
1787026851610139777,2026-08-18T11:20:51.610161,prediction,0.190221,-0.198000,0.036180,0.191621,-0.224000,0.011956,True,0.188621,-0.173536,0.030388,0.001599,0.024464,0.005792,15.21,10,-0.161988,0.308963,0.388246,-0.161988,0.308963,0.388246,0.001307,0.000000,0.000000,0.002609,0.016137,0.002609,0.031920,-0.260400,0.064657,0.026560,0.046752,-0.049440,FOLLOWER
1787026851644036818,2026-08-18T11:20:51.644054,prediction,0.188767,-0.171000,0.036632,0.189101,-0.185173,0.023725,True,0.188532,-0.171489,0.032418,0.000235,0.000489,0.004214,16.71,10,-0.161988,0.308963,0.388246,-0.161988,0.308963,0.388246,0.001744,0.001307,0.000000,0.016137,0.018756,0.008289,0.065660,-0.298760,0.044737,0.009184,0.043424,-0.037632,FOLLOWER
1787026851685502527,2026-08-18T11:20:51.685520,prediction,0.186720,-0.133000,0.041875,0.191621,-0.224000,0.011956,True,0.187641,-0.165489,0.035646,0.000921,0.032489,0.006229,25.33,10,-0.161988,0.308963,0.388246,-0.161988,0.308963,0.388246,0.001744,0.001307,0.000000,0.016137,0.018756,0.008289,0.065660,-0.298760,0.044737,0.009184,0.043424,-0.037632,FOLLOWER
1787026851718755961,2026-08-18T11:20:51.718776,prediction,0.191621,-0.224000,0.045261,0.189154,-0.185173,0.027140,True,0.189052,-0.171489,0.038304,0.002569,0.052511,0.006957,18.74,10,-0.161988,0.308963,0.388246,-0.161988,0.308963,0.388246,0.001744,0.001307,0.000000,0.016137,0.018756,0.008289,0.065660,-0.298760,0.044737,0.009184,0.043424,-0.037632,FOLLOWER
1787026851741891289,2026-08-18T11:20:51.741908,prediction,0.190194,-0.197500,0.050331,0.191621,-0.224000,0.011956,True,0.189406,-0.177489,0.041898,0.000787,0.020011,0.008433,14.79,10,-0.161988,0.308963,0.388246,-0.161988,0.308963,0.388246,0.001744,0.001307,0.000000,0.016137,0.018756,0.008289,0.065660,-0.298760,0.044737,0.009184,0.043424,-0.037632,FOLLOWER
1787026851779245962,2026-08-18T11:20:51.779261,prediction,0.190194,-0.197500,0.050331,0.189058,-0.186560,0.031582,True,0.189613,-0.181503,0.044430,0.000581,0.015996,0.005901,17.12,10,-0.161988,0.308963,0.388246,-0.161988,0.308963,0.388246,0.001744,0.001744,0.003487,0.010898,0.021375,0.010898,0.087920,-0.269920,0.007636,0.001344,0.039808,-0.035136,FOLLOWER
1787026851815045690,2026-08-18T11:20:51.815067,prediction,0.189467,-0.184000,0.055182,0.191621,-0.224000,0.011956,True,0.189409,-0.180075,0.047722,0.000057,0.003925,0.007460,20.43,10,-0.161988,0.308963,0.388246,-0.161988,0.308963,0.388246,0.001744,0.001744,0.002178,0.010898,0.019198,0.008289,0.088340,-0.265580,0.007636,0.001952,0.039584,-0.034176,FOLLOWER
1787026851849717824,2026-08-18T11:20:51.849737,prediction,0.194927,-0.198000,0.059755,0.189515,-0.187253,0.036851,True,0.190777,-0.182759,0.051258,0.004149,0.015240,0.008497,19.88,10,-0.161988,0.308963,0.388246,-0.161988,0.308963,0.388246,0.000000,0.001744,0.000000,0.005670,0.013517,0.002609,0.088900,-0.264740,0.008300,0.003904,0.041696,-0.034848,FOLLOWER
1787026851892564521,2026-08-18T11:20:51.892591,prediction,0.195648,-0.211000,0.059645,0.191621,-0.224000,0.011956,True,0.191986,-0.188183,0.053566,0.003662,0.022817,0.006080,30.16,10,-0.161988,0.308963,0.388246,-0.161988,0.308963,0.388246,0.000000,0.001744,0.000000,0.002609,0.007847,0.002609,0.088620,-0.268100,0.010043,0.006016,0.042912,-0.033408,FOLLOWER
1787026851946826257,2026-08-18T11:20:51.946846,prediction,0.202319,-0.245000,0.073735,0.191621,-0.224000,0.011956,True,0.192821,-0.191674,0.057948,0.009498,0.053326,0.015788,41.15,10,-0.161988,0.308963,0.388246,-0.161988,0.308963,0.388246,0.000000,0.001744,0.000000,0.002609,0.007847,0.002609,0.088620,-0.268100,0.010043,0.006016,0.042912,-0.033408,FOLLOWER
1787026851986146955,2026-08-18T11:20:51.986159,prediction,0.205119,-0.294000,0.078437,0.192386,-0.196907,0.049876,True,0.195224,-0.197674,0.061991,0.009895,0.096326,0.016446,39.19,10,-0.161988,0.308963,0.388246,-0.161988,0.308963,0.388246,0.000000,0.001744,0.000000,0.002609,0.007847,0.002609,0.088620,-0.268100,0.010043,0.006016,0.042912,-0.033408,FOLLOWER
1787026852015743254,2026-08-18T11:20:52.015776,prediction,0.205119,-0.294000,0.078437,0.192386,-0.196907,0.049876,True,0.197784,-0.203674,0.065526,0.007335,0.090326,0.012911,27.72,10,-0.160035,0.347180,0.415840,-0.161988,0.308963,0.388246,0.000000,0.001744,0.000000,0.002609,0.007847,0.002609,0.088620,-0.268100,0.010043,0.006016,0.042912,-0.033408,FOLLOWER
1787026852042362102,2026-08-18T11:20:52.042376,prediction,0.205103,-0.211000,0.078591,0.191621,-0.224000,0.011956,True,0.199003,-0.200865,0.069066,0.006100,0.010135,0.009525,23.77,10,-0.161988,0.308963,0.388246,-0.161988,0.308963,0.388246,0.000000,0.001744,0.000000,0.002609,0.007847,0.002609,0.088620,-0.268100,0.010043,0.006016,0.042912,-0.033408,FOLLOWER
1787026852071886315,2026-08-18T11:20:52.071909,prediction,0.205103,-0.211000,0.083328,0.194654,-0.202987,0.056691,True,0.199829,-0.198386,0.072863,0.005274,0.012614,0.010464,23.60,10,-0.161988,0.308963,0.388246,-0.161988,0.308963,0.388246,0.000000,0.001744,0.000000,0.002609,0.007847,0.002609,0.088620,-0.268100,0.010043,0.006016,0.042912,-0.033408,FOLLOWER
1787026852101404488,2026-08-18T11:20:52.101446,prediction,0.205103,-0.211000,0.088064,0.191621,-0.224000,0.011956,True,0.200375,-0.196386,0.076855,0.004728,0.014614,0.011209,23.39,10,-0.161988,0.308963,0.388246,-0.161988,0.308963,0.388246,0.000000,0.001744,0.000000,0.002609,0.007847,0.002609,0.088620,-0.268100,0.010043,0.006016,0.042912,-0.033408,FOLLOWER
1787026852125415667,2026-08-18T11:20:52.125434,prediction,0.203515,-0.184000,0.092717,0.196630,-0.207253,0.064200,True,0.200246,-0.190386,0.081298,0.003269,0.006386,0.011419,18.21,10,-0.161988,0.308963,0.388246,-0.161988,0.308963,0.388246,0.000000,0.000000,0.000000,0.002609,0.005228,0.002609,0.089460,-0.269640,0.008798,0.006144,0.042464,-0.033024,FOLLOWER
1787026852149524530,2026-08-18T11:20:52.149539,prediction,0.205103,-0.211000,0.092801,0.191621,-0.224000,0.011956,True,0.200718,-0.190779,0.084056,0.004385,0.020221,0.008745,17.02,10,-0.161988,0.308963,0.388246,-0.161988,0.308963,0.388246,0.000000,0.000000,0.000000,0.002609,0.005228,0.002609,0.089460,-0.269640,0.008798,0.006144,0.042464,-0.033024,FOLLOWER
1787026852182299067,2026-08-18T11:20:52.182320,prediction,0.209101,-0.279000,0.093012,0.199211,-0.211520,0.071354,True,0.202268,-0.196779,0.085013,0.006834,0.082221,0.007998,18.62,10,-0.161988,0.308963,0.388246,-0.161988,0.308963,0.388246,0.000000,0.000000,0.000000,0.000000,0.000000,0.000000,0.073780,-0.249200,0.031706,-0.001568,0.033792,-0.021824,FOLLOWER
1787026852209030025,2026-08-18T11:20:52.209059,prediction,0.209542,-0.286500,0.097896,0.200406,-0.214784,0.074863,True,0.203411,-0.202779,0.086850,0.006131,0.083721,0.011046,14.45,10,-0.165601,0.343704,0.438246,-0.161988,0.308963,0.388246,0.000000,0.000000,0.000000,0.000000,0.000000,0.000000,0.073780,-0.249200,0.031706,-0.001568,0.033792,-0.021824,FOLLOWER
1787026852254247216,2026-08-18T11:20:52.254271,prediction,0.209983,-0.294000,0.102805,0.201725,-0.220183,0.078361,True,0.204240,-0.208779,0.089357,0.005744,0.085221,0.013449,23.36,10,-0.166559,0.343341,0.441646,-0.162363,0.310519,0.389801,0.000000,0.000000,0.000000,0.000000,0.000000,0.000000,0.073780,-0.249200,0.031706,-0.001568,0.033792,-0.021824,FOLLOWER
1787026852283798019,2026-08-18T11:20:52.283819,prediction,0.207514,-0.252000,0.107340,0.202880,-0.226010,0.082162,True,0.203956,-0.212873,0.093072,0.003558,0.039127,0.014268,19.37,10,-0.167547,0.341600,0.444810,-0.162363,0.310519,0.389801,0.000000,0.000000,0.000000,0.000000,0.000000,0.000000,0.073780,-0.249200,0.031706,-0.001568,0.033792,-0.021824,FOLLOWER
1787026852316750199,2026-08-18T11:20:52.316771,prediction,0.209101,-0.279000,0.107558,0.204189,-0.231522,0.085654,True,0.204179,-0.218873,0.095278,0.004923,0.060127,0.012280,19.82,10,-0.168504,0.339583,0.448053,-0.162972,0.313272,0.393234,0.000000,0.000000,0.000000,0.000000,0.000000,0.000000,0.073780,-0.249200,0.031706,-0.001568,0.033792,-0.021824,FOLLOWER
1787026852350094654,2026-08-18T11:20:52.350116,prediction,0.204262,-0.279000,0.112407,0.204811,-0.236971,0.089164,True,0.203256,-0.224873,0.098139,0.001006,0.054127,0.014267,18.81,10,-0.169488,0.337430,0.451224,-0.162972,0.313272,0.393234,0.000000,0.000000,0.000000,0.000000,0.000000,0.000000,0.073780,-0.249200,0.031706,-0.001568,0.033792,-0.021824,FOLLOWER
1787026852379453819,2026-08-18T11:20:52.379470,prediction,0.205119,-0.294000,0.117426,0.205442,-0.242381,0.093016,True,0.202834,-0.230873,0.101215,0.002285,0.063127,0.016211,17.55,10,-0.170320,0.335007,0.454349,-0.163827,0.316328,0.398978,0.000000,0.000000,0.000000,0.000000,0.000000,0.000000,0.073780,-0.249200,0.031706,-0.001568,0.033792,-0.021824,FOLLOWER
1787026852415924143,2026-08-18T11:20:52.415943,prediction,0.206748,-0.322500,0.122671,0.206182,-0.247889,0.096586,True,0.202992,-0.236873,0.104185,0.003756,0.085627,0.018486,21.87,10,-0.171043,0.332276,0.457526,-0.163827,0.316328,0.398978,0.000000,0.000000,0.000000,0.000000,0.000000,0.000000,0.058240,-0.230300,0.050962,-0.007584,0.027008,-0.014752,FOLLOWER
1787026852448664225,2026-08-18T11:20:52.448694,prediction,0.205119,-0.294000,0.122300,0.206369,-0.253418,0.099823,True,0.202505,-0.240424,0.106754,0.002614,0.053576,0.015546,18.78,10,-0.171721,0.329453,0.460608,-0.164852,0.318790,0.406559,0.000000,0.000000,0.000000,0.000000,0.000000,0.000000,0.056420,-0.228060,0.054365,-0.008192,0.026272,-0.015040,FOLLOWER
1787026852483867845,2026-08-18T11:20:52.483909,prediction,0.205919,-0.308000,0.127379,0.206422,-0.257884,0.103086,True,0.202351,-0.245328,0.109564,0.003568,0.062672,0.017814,19.64,10,-0.172207,0.326478,0.463592,-0.164852,0.318790,0.406559,0.000000,0.000000,0.000000,0.000000,0.000000,0.000000,0.055160,-0.226240,0.054531,-0.008960,0.025664,-0.014656,FOLLOWER
1787026852527097280,2026-08-18T11:20:52.527114,prediction,0.203519,-0.266000,0.126763,0.206317,-0.261390,0.106298,True,0.201393,-0.239328,0.112185,0.002126,0.026672,0.014578,31.12,10,-0.172511,0.323603,0.466528,-0.166092,0.319911,0.416180,0.000000,0.000000,0.000000,0.000000,0.000000,0.000000,0.055160,-0.226240,0.054531,-0.008960,0.025664,-0.014656,FOLLOWER
1787026852557349308,2026-08-18T11:20:52.557368,prediction,0.201919,-0.238000,0.126352,0.206104,-0.265025,0.109166,True,0.200157,-0.233328,0.114358,0.001762,0.004672,0.011994,27.13,10,-0.172671,0.320918,0.469403,-0.166092,0.319911,0.416180,0.000000,0.000000,0.000000,0.000000,0.000000,0.000000,0.055160,-0.226240,0.054531,-0.008960,0.025664,-0.014656,FOLLOWER
1787026852580316641,2026-08-18T11:20:52.580333,prediction,0.198284,-0.258500,0.126653,0.205650,-0.268285,0.111739,True,0.198740,-0.229167,0.115559,0.000455,0.029334,0.011094,17.05,10,-0.172693,0.318330,0.472169,-0.167251,0.319633,0.426008,0.000000,0.000000,0.000000,0.000000,0.000000,0.000000,0.055160,-0.226240,0.054531,-0.008960,0.025664,-0.014656,FOLLOWER
1787026852618316874,2026-08-18T11:20:52.618328,prediction,0.201032,-0.308000,0.127379,0.205484,-0.271470,0.114049,True,0.198810,-0.235167,0.115545,0.002221,0.072834,0.011834,20.20,10,-0.172583,0.315949,0.474749,-0.167251,0.319633,0.426008,0.000000,0.000000,0.000000,0.000000,0.000000,0.000000,0.053900,-0.224700,0.056440,-0.009248,0.025504,-0.013984,FOLLOWER
1787026852651714739,2026-08-18T11:20:52.651733,prediction,0.201809,-0.322000,0.132504,0.205265,-0.277281,0.116696,True,0.199104,-0.241167,0.116531,0.002705,0.080833,0.015973,19.18,10,-0.172488,0.313502,0.477032,-0.168264,0.318447,0.435877,0.000000,0.000000,0.000000,0.000000,0.000000,0.000000,0.053900,-0.224700,0.056440,-0.009248,0.025504,-0.013984,FOLLOWER
1787026852676096944,2026-08-18T11:20:52.676129,prediction,0.200255,-0.294000,0.132047,0.204675,-0.283616,0.119299,True,0.198705,-0.242680,0.117717,0.001550,0.051320,0.014330,14.19,10,-0.172380,0.310645,0.479197,-0.168264,0.318447,0.435877,0.000000,0.000000,0.000000,0.000000,0.000000,0.000000,0.053900,-0.224700,0.056440,-0.009248,0.025504,-0.013984,FOLLOWER
1787026852714946078,2026-08-18T11:20:52.715031,prediction,0.201032,-0.308000,0.132275,0.204108,-0.286430,0.121591,True,0.198669,-0.246552,0.118296,0.002362,0.061448,0.013980,17.63,10,-0.172143,0.307387,0.481378,-0.169090,0.316092,0.445568,0.000000,0.000000,0.000000,0.000000,0.000000,0.000000,0.053900,-0.224700,0.056440,-0.009248,0.025504,-0.013984,FOLLOWER
1787026852744969087,2026-08-18T11:20:52.744989,prediction,0.195363,-0.293500,0.136912,0.203133,-0.287393,0.123864,True,0.197366,-0.245957,0.120268,0.002002,0.047543,0.016643,16.23,10,-0.171827,0.304287,0.483474,-0.169090,0.316092,0.445568,0.000000,0.000000,0.000000,0.000000,0.000000,0.000000,0.053900,-0.224700,0.056440,-0.009248,0.025504,-0.013984,FOLLOWER
1787026852778490183,2026-08-18T11:20:52.778507,prediction,0.193506,-0.259000,0.136292,0.202199,-0.287959,0.125794,True,0.195644,-0.239957,0.122218,0.002138,0.019043,0.014073,16.56,10,-0.171368,0.301364,0.485535,-0.169624,0.312638,0.454941,0.000000,0.000000,0.000000,0.000000,0.000000,0.000000,0.042980,-0.210140,0.067977,-0.013760,0.021760,-0.012928,FOLLOWER
1787026852811259079,2026-08-18T11:20:52.811319,prediction,0.194583,-0.279000,0.141500,0.201231,-0.288072,0.128057,True,0.194885,-0.237631,0.124552,0.000302,0.041369,0.016947,15.78,10,-0.170814,0.298797,0.487478,-0.169624,0.312638,0.454941,0.014394,0.044069,0.061518,0.000000,0.027045,0.013517,0.094780,-0.313600,0.261201,-0.048160,-0.042592,-0.034688,FOLLOWER
1787026852880338400,2026-08-18T11:20:52.880352,prediction,0.191257,-0.308000,0.146966,0.200364,-0.288094,0.130361,True,0.194114,-0.242495,0.127030,0.002857,0.065505,0.019935,16.94,10,-0.170195,0.296839,0.489430,-0.169774,0.308492,0.463991,0.026174,0.080279,0.115185,0.003051,0.045812,0.021807,0.093520,-0.353360,0.279959,-0.079648,-0.051040,-0.036800,FOLLOWER
1787026852916994523,2026-08-18T11:20:52.917009,prediction,0.191257,-0.308000,0.146966,0.199440,-0.289646,0.132330,True,0.193559,-0.245793,0.128782,0.002302,0.062207,0.018184,20.20,10,-0.169585,0.295323,0.491356,-0.169711,0.304121,0.473073,0.026174,0.080279,0.115185,0.003051,0.045812,0.021807,0.093520,-0.353360,0.279959,-0.079648,-0.051040,-0.036800,FOLLOWER
1787026852952620084,2026-08-18T11:20:52.952641,prediction,0.190135,-0.286500,0.151369,0.198332,-0.290702,0.134244,True,0.192591,-0.242872,0.131648,0.002457,0.043628,0.019722,24.13,10,-0.168967,0.294080,0.493193,-0.169711,0.304121,0.473073,0.026174,0.080279,0.115185,0.003051,0.045812,0.021807,0.093520,-0.353360,0.279959,-0.079648,-0.051040,-0.036800,FOLLOWER
1787026852983341582,2026-08-18T11:20:52.983358,prediction,0.187968,-0.245000,0.150418,0.197189,-0.290514,0.136118,True,0.190863,-0.236872,0.134335,0.002895,0.008128,0.016083,19.95,10,-0.168273,0.293191,0.495024,-0.169126,0.299669,0.482014,0.026174,0.080279,0.115185,0.003051,0.045812,0.021807,0.093520,-0.353360,0.279959,-0.079648,-0.051040,-0.036800,FOLLOWER
1787026853013372526,2026-08-18T11:20:53.013398,prediction,0.191257,-0.308000,0.156759,0.196212,-0.289329,0.138077,True,0.191151,-0.240832,0.136371,0.000106,0.067168,0.020388,16.36,10,-0.167497,0.292693,0.496863,-0.169126,0.299669,0.482014,0.026174,0.080279,0.115185,0.003051,0.045812,0.021807,0.093520,-0.353360,0.279959,-0.079648,-0.051040,-0.036800,FOLLOWER
1787026853046474236,2026-08-18T11:20:53.046500,prediction,0.188334,-0.252000,0.155383,0.195199,-0.286853,0.139985,True,0.189988,-0.234832,0.138750,0.001655,0.017168,0.016633,16.65,10,-0.166751,0.292572,0.498650,-0.167963,0.296196,0.490155,0.052354,0.184568,0.219470,0.002609,0.085954,0.056721,0.136640,-0.371980,0.292658,-0.079936,-0.049376,-0.036192,FOLLOWER
1787026853081527263,2026-08-18T11:20:53.081546,prediction,0.187603,-0.238000,0.155039,0.194245,-0.285611,0.141897,True,0.188852,-0.228832,0.140574,0.001249,0.009168,0.014465,18.88,10,-0.165990,0.292737,0.500421,-0.167963,0.296196,0.490155,0.054105,0.189364,0.211618,0.000000,0.083335,0.054101,0.122080,-0.347480,0.294235,-0.077472,-0.050720,-0.036128,FOLLOWER
1787026853111305663,2026-08-18T11:20:53.111327,prediction,0.188334,-0.252000,0.155383,0.193582,-0.285015,0.143813,True,0.188430,-0.222832,0.141575,0.000097,0.029168,0.013808,16.88,10,-0.165237,0.293010,0.502169,-0.166343,0.294303,0.497294,0.053667,0.192853,0.206384,0.000000,0.083335,0.053659,0.112420,-0.357700,0.291496,-0.074688,-0.050880,-0.037792,FOLLOWER
1787026853149745199,2026-08-18T11:20:53.149761,prediction,0.186193,-0.211000,0.159111,0.192592,-0.283803,0.145928,True,0.187123,-0.216832,0.144099,0.000930,0.005832,0.015012,17.45,10,-0.164549,0.293304,0.503903,-0.166343,0.294303,0.497294,0.050609,0.195911,0.200711,0.000000,0.080716,0.056721,0.143780,-0.340060,0.278216,-0.057440,-0.047488,-0.038304,FOLLOWER
1787026853179317673,2026-08-18T11:20:53.179336,prediction,0.193129,-0.252000,0.164991,0.192014,-0.280574,0.148094,True,0.188183,-0.213845,0.146488,0.004945,0.038155,0.018503,15.82,10,-0.163770,0.293923,0.505807,-0.164523,0.294034,0.503316,0.048865,0.199400,0.191543,0.002609,0.078538,0.053659,0.113120,-0.359240,0.273734,-0.032288,-0.047200,-0.036864,FOLLOWER
1787026853214805506,2026-08-18T11:20:53.214821,prediction,0.187367,-0.145000,0.162008,0.191154,-0.274755,0.150091,True,0.186492,-0.207845,0.149503,0.000875,0.062845,0.012505,19.57,10,-0.163042,0.295025,0.507804,-0.164523,0.294034,0.503316,0.047120,0.201144,0.187618,0.003051,0.080716,0.048863,0.103180,-0.317380,0.279295,-0.018816,-0.049312,-0.034240,FOLLOWER
1787026853249891535,2026-08-18T11:20:53.249906,prediction,0.189467,-0.184000,0.167787,0.190383,-0.266978,0.152459,True,0.186271,-0.201845,0.152499,0.003195,0.017845,0.015288,19.87,10,-0.162228,0.296702,0.509923,-0.162754,0.295819,0.508498,0.039267,0.201144,0.176710,0.008289,0.078096,0.040573,0.118300,-0.336560,0.278382,-0.004736,-0.046432,-0.032224,FOLLOWER
1787026853288179256,2026-08-18T11:20:53.288195,prediction,0.190921,-0.211000,0.173321,0.190087,-0.259556,0.154886,True,0.186744,-0.195845,0.155535,0.004177,0.015155,0.017786,24.80,10,-0.161401,0.298895,0.512203,-0.162754,0.295819,0.508498,0.035778,0.199400,0.167112,0.005228,0.078096,0.034903,0.110040,-0.336000,0.281453,-0.005024,-0.045152,-0.033568,FOLLOWER
1787026853318071620,2026-08-18T11:20:53.318092,prediction,0.192707,-0.158000,0.180966,0.190034,-0.252231,0.157864,True,0.186927,-0.189845,0.160776,0.005780,0.031845,0.020189,20.85,10,-0.160693,0.301687,0.514554,-0.161238,0.299689,0.512951,0.030976,0.199400,0.157951,0.002609,0.080716,0.032284,0.094500,-0.325500,0.271161,-0.001728,-0.048160,-0.033184,FOLLOWER
1787026853347216362,2026-08-18T11:20:53.347234,prediction,0.189210,-0.095000,0.178793,0.189676,-0.244313,0.160351,True,0.185774,-0.183845,0.164988,0.003437,0.088845,0.013805,18.49,10,-0.160112,0.304918,0.517125,-0.161238,0.299689,0.512951,0.024429,0.201144,0.148784,0.002609,0.080716,0.024426,0.082040,-0.332500,0.278548,-0.003904,-0.042080,-0.032576,FOLLOWER
1787026853383715200,2026-08-18T11:20:53.383731,prediction,0.191319,-0.133000,0.184711,0.189680,-0.234943,0.162867,True,0.185806,-0.177845,0.168891,0.005513,0.044845,0.015821,19.79,10,-0.159505,0.308236,0.519821,-0.160137,0.305117,0.517313,0.024429,0.201144,0.148784,0.002609,0.080716,0.024426,0.082040,-0.332500,0.278548,-0.003904,-0.042080,-0.032576,FOLLOWER
1787026853420680653,2026-08-18T11:20:53.420694,prediction,0.192707,-0.158000,0.190264,0.189777,-0.223735,0.165753,True,0.186334,-0.171845,0.172599,0.006372,0.013845,0.017664,20.83,10,-0.158951,0.311893,0.522611,-0.160137,0.305117,0.517313,0.024429,0.201144,0.148784,0.002609,0.080716,0.024426,0.082040,-0.332500,0.278548,-0.003904,-0.042080,-0.032576,FOLLOWER
1787026853453409333,2026-08-18T11:20:53.453426,prediction,0.194489,-0.108000,0.188374,0.190067,-0.212160,0.168220,True,0.186857,-0.165845,0.175488,0.007632,0.057845,0.012886,20.60,10,-0.158469,0.316072,0.525532,-0.159194,0.311312,0.521961,0.024429,0.201144,0.148784,0.002609,0.080716,0.024426,0.082040,-0.332500,0.278548,-0.003904,-0.042080,-0.032576,FOLLOWER
1787026853479667334,2026-08-18T11:20:53.479684,prediction,0.189631,-0.023000,0.189587,0.190178,-0.200325,0.170832,True,0.185532,-0.159845,0.178963,0.004100,0.136845,0.010624,15.93,10,-0.158087,0.320696,0.528455,-0.159194,0.311312,0.521961,0.024429,0.201144,0.148784,0.002609,0.080716,0.024426,0.082040,-0.332500,0.278548,-0.003904,-0.042080,-0.032576,FOLLOWER
1787026853514828585,2026-08-18T11:20:53.514848,prediction,0.198090,-0.171000,0.195425,0.190633,-0.188438,0.173409,True,0.187560,-0.154241,0.180433,0.010529,0.016759,0.014993,17.45,10,-0.157731,0.325729,0.531430,-0.158457,0.318582,0.526736,0.016576,0.199400,0.113445,0.000000,0.080716,0.021375,-0.128940,-0.324240,0.278714,-0.043040,-0.048768,0.026720,FOLLOWER
1787026853543401575,2026-08-18T11:20:53.543424,prediction,0.190317,-0.035000,0.194506,0.190766,-0.174488,0.176018,True,0.186306,-0.148241,0.183519,0.004012,0.113241,0.010987,14.72,10,-0.157492,0.331055,0.534368,-0.158457,0.318582,0.526736,0.024429,0.199400,0.109519,0.000000,0.078096,0.029665,-0.138880,-0.328860,0.287512,-0.052928,-0.051328,0.029952,FOLLOWER
1787026853580527428,2026-08-18T11:20:53.580544,prediction,0.188946,-0.011000,0.193520,0.190855,-0.160124,0.178583,True,0.185052,-0.142241,0.185622,0.003894,0.131241,0.007898,17.52,10,-0.157247,0.336527,0.537352,-0.157898,0.326871,0.531640,0.044069,0.198962,0.105586,0.002609,0.080716,0.048432,-0.156240,-0.308700,0.297970,-0.088224,-0.045376,0.033024,FOLLOWER
1787026853613919573,2026-08-18T11:20:53.613950,prediction,0.188946,-0.011000,0.193520,0.190896,-0.144398,0.181125,True,0.184306,-0.136241,0.186986,0.004640,0.125241,0.006534,17.72,10,-0.156993,0.342240,0.540356,-0.157898,0.326871,0.531640,0.044069,0.198962,0.105586,0.002609,0.080716,0.048432,-0.156240,-0.308700,0.297970,-0.088224,-0.045376,0.033024,FOLLOWER
1787026853647495962,2026-08-18T11:20:53.647512,prediction,0.189631,-0.023000,0.198439,0.191125,-0.129146,0.183747,True,0.184075,-0.130241,0.189163,0.005556,0.107241,0.009276,17.98,10,-0.156718,0.348000,0.543383,-0.157409,0.335633,0.536510,0.044069,0.198962,0.105586,0.002609,0.080716,0.048432,-0.156240,-0.308700,0.297970,-0.088224,-0.045376,0.033024,FOLLOWER
1787026853683372544,2026-08-18T11:20:53.683389,prediction,0.188946,-0.011000,0.197926,0.190846,-0.113243,0.185943,True,0.183780,-0.124241,0.190662,0.005166,0.113241,0.007264,19.69,10,-0.156515,0.353771,0.546387,-0.157409,0.335633,0.536510,0.044069,0.198962,0.105586,0.002609,0.080716,0.048432,-0.156240,-0.308700,0.297970,-0.088224,-0.045376,0.033024,FOLLOWER
1787026853718605077,2026-08-18T11:20:53.718647,prediction,0.187631,0.012000,0.196942,0.190864,-0.099395,0.188272,True,0.183193,-0.118241,0.191639,0.004439,0.130241,0.005303,19.90,10,-0.156222,0.359543,0.549332,-0.156971,0.344449,0.541238,0.044069,0.198962,0.105586,0.002609,0.080716,0.048432,-0.156240,-0.308700,0.297970,-0.088224,-0.045376,0.033024,FOLLOWER
1787026853747043776,2026-08-18T11:20:53.747062,prediction,0.185745,0.045000,0.195532,0.190616,-0.086172,0.190122,True,0.182211,-0.112241,0.192164,0.003535,0.157241,0.003368,16.72,10,-0.156002,0.365476,0.552141,-0.156971,0.344449,0.541238,0.044069,0.198962,0.105586,0.002609,0.080716,0.048432,-0.156240,-0.308700,0.297970,-0.088224,-0.045376,0.033024,FOLLOWER
1787026853783347598,2026-08-18T11:20:53.783366,prediction,0.185745,0.045000,0.195532,0.190271,-0.071314,0.191602,True,0.181646,-0.106241,0.192468,0.004099,0.151241,0.003063,16.87,10,-0.155731,0.371442,0.554786,-0.156563,0.353334,0.545697,0.086825,0.199400,0.131765,0.008289,0.080716,0.081158,-0.136640,-0.294700,0.302120,-0.088608,-0.042816,0.037568,FOLLOWER
1787026853812857456,2026-08-18T11:20:53.812877,prediction,0.182661,0.023000,0.196472,0.189601,-0.056130,0.192636,True,0.180518,-0.100241,0.192817,0.002143,0.123241,0.003655,16.33,10,-0.155391,0.377414,0.557248,-0.156563,0.353334,0.545697,0.084643,0.199400,0.133951,0.007847,0.080716,0.081158,-0.140980,-0.279860,0.321044,-0.089952,-0.045152,0.036512,FOLLOWER
1787026853850629660,2026-08-18T11:20:53.850648,prediction,0.182051,0.034000,0.200334,0.189124,-0.042853,0.194072,True,0.179550,-0.094241,0.194282,0.002501,0.128241,0.006052,17.57,10,-0.154964,0.383387,0.559384,-0.156076,0.362488,0.549866,0.084643,0.199400,0.133951,0.007847,0.080716,0.081158,-0.140980,-0.279860,0.321044,-0.089952,-0.045152,0.036512,FOLLOWER
1787026853881155070,2026-08-18T11:20:53.881173,prediction,0.182661,0.023000,0.200822,0.188546,-0.031877,0.195146,True,0.179128,-0.088241,0.195380,0.003533,0.111241,0.005442,16.99,10,-0.154549,0.389361,0.561337,-0.156076,0.362488,0.549866,0.084643,0.199400,0.133951,0.007847,0.080716,0.081158,-0.140980,-0.279860,0.321044,-0.089952,-0.045152,0.036512,FOLLOWER
1787026853921038803,2026-08-18T11:20:53.921056,prediction,0.182661,0.023000,0.200822,0.187877,-0.021362,0.195850,True,0.178832,-0.082241,0.196147,0.003829,0.105241,0.004675,18.71,10,-0.154104,0.395334,0.563103,-0.155521,0.371727,0.553589,0.084643,0.199400,0.133951,0.007847,0.080716,0.081158,-0.140980,-0.279860,0.321044,-0.089952,-0.045152,0.036512,FOLLOWER
1787026853945179916,2026-08-18T11:20:53.945210,prediction,0.182051,0.034000,0.200334,0.187048,-0.010939,0.196647,True,0.178409,-0.076241,0.196628,0.003641,0.110241,0.003706,15.03,10,-0.153604,0.401308,0.564673,-0.155521,0.371727,0.553589,0.084643,0.199400,0.133951,0.007847,0.080716,0.081158,-0.140980,-0.279860,0.321044,-0.089952,-0.045152,0.036512,FOLLOWER
1787026853982748559,2026-08-18T11:20:53.982761,prediction,0.177135,0.045000,0.204159,0.186214,-0.001281,0.197619,True,0.176622,-0.070241,0.198253,0.000513,0.115241,0.005906,18.40,10,-0.153040,0.407282,0.566082,-0.154863,0.381165,0.556905,0.048865,0.164928,0.191543,0.002609,0.080716,0.061949,-0.097020,-0.208320,0.341794,-0.099840,-0.042976,0.037792,FOLLOWER
1787026854015752015,2026-08-18T11:20:54.015767,prediction,0.177727,0.034000,0.204665,0.184857,0.008224,0.198235,True,0.175599,-0.064241,0.199452,0.002128,0.098241,0.005213,17.84,10,-0.152446,0.413255,0.567368,-0.154863,0.381165,0.556905,0.041012,0.128712,0.195038,0.005228,0.078096,0.056279,-0.102900,-0.159600,0.335818,-0.097024,-0.041184,0.032064,FOLLOWER
1787026854047229420,2026-08-18T11:20:54.047245,prediction,0.177727,0.034000,0.204665,0.184018,0.013805,0.198912,True,0.174894,-0.058241,0.200267,0.002834,0.092241,0.004399,17.27,10,-0.151649,0.419229,0.568636,-0.154065,0.390607,0.559815,0.037523,0.112568,0.195038,0.002609,0.080716,0.051482,-0.104720,-0.150220,0.352667,-0.099232,-0.040192,0.032800,FOLLOWER
1787026854079024791,2026-08-18T11:20:54.079044,prediction,0.177727,0.034000,0.208997,0.183270,0.018601,0.199944,True,0.174372,-0.052241,0.202073,0.003355,0.086241,0.006924,16.49,10,-0.150888,0.425224,0.569752,-0.154065,0.390607,0.559815,0.037523,0.112568,0.195038,0.002609,0.080716,0.051482,-0.104720,-0.150220,0.352667,-0.099232,-0.040192,0.032800,FOLLOWER
1787026854113744202,2026-08-18T11:20:54.113760,prediction,0.177135,0.045000,0.212786,0.182482,0.021960,0.201228,True,0.173756,-0.046241,0.204558,0.003379,0.091241,0.008228,16.97,10,-0.150176,0.431222,0.570849,-0.153140,0.400268,0.562440,0.037523,0.112568,0.195038,0.002609,0.080716,0.051482,-0.104720,-0.150220,0.352667,-0.099232,-0.040192,0.032800,FOLLOWER
1787026854149305783,2026-08-18T11:20:54.149346,prediction,0.176542,0.056000,0.216538,0.181610,0.025619,0.202435,True,0.173073,-0.040241,0.207505,0.003470,0.096241,0.009033,19.65,10,-0.149473,0.437222,0.572021,-0.153140,0.400268,0.562440,0.037523,0.112568,0.195038,0.002609,0.080716,0.051482,-0.104720,-0.150220,0.352667,-0.099232,-0.040192,0.032800,FOLLOWER
1787026854184441505,2026-08-18T11:20:54.184464,prediction,0.175950,0.067000,0.220254,0.180743,0.029924,0.203924,True,0.172360,-0.034241,0.210759,0.003590,0.101241,0.009495,18.40,10,-0.148739,0.443222,0.573243,-0.152156,0.409872,0.564855,0.017889,0.066754,0.198964,0.002609,0.081158,0.021375,-0.097020,0.134120,0.352169,-0.101024,-0.044704,0.031392,FOLLOWER
1787026854214768103,2026-08-18T11:20:54.214783,prediction,0.178912,0.012000,0.227519,0.180162,0.034358,0.205962,True,0.172858,-0.028241,0.214464,0.006054,0.040241,0.013055,17.91,10,-0.147978,0.449222,0.574583,-0.152156,0.409872,0.564855,0.016138,0.092934,0.201142,0.002609,0.080716,0.016137,-0.090440,0.149100,0.341296,-0.100352,-0.040032,0.033504,FOLLOWER
1787026854245360318,2026-08-18T11:20:54.245375,prediction,0.174765,0.089000,0.227577,0.179430,0.038178,0.208098,True,0.171689,-0.022241,0.217942,0.003076,0.111241,0.009635,15.66,10,-0.147289,0.455222,0.576105,-0.151115,0.419571,0.567261,0.016576,0.119114,0.198964,0.000000,0.078096,0.016137,-0.090720,0.112140,0.353912,-0.102080,-0.041632,0.030400,FOLLOWER
1787026854278643959,2026-08-18T11:20:54.278662,prediction,0.178388,0.100000,0.226962,0.178940,0.041289,0.210194,True,0.171926,-0.016241,0.220117,0.006462,0.116241,0.006845,16.09,10,-0.146588,0.461222,0.577823,-0.151115,0.419571,0.567261,0.014831,0.127406,0.200711,0.000000,0.078096,0.016137,-0.096320,0.082460,0.350592,-0.100736,-0.042976,0.030176,FOLLOWER
1787026854316404772,2026-08-18T11:20:54.316422,prediction,0.177833,0.110000,0.230608,0.178618,0.044844,0.212470,True,0.171911,-0.010241,0.222671,0.005921,0.120241,0.007937,18.92,10,-0.145940,0.467222,0.579667,-0.150069,0.429206,0.569770,0.014831,0.127406,0.200711,0.000000,0.080716,0.016137,-0.101640,0.085540,0.351671,-0.102912,-0.043648,0.031520,FOLLOWER
1787026854342697508,2026-08-18T11:20:54.342716,prediction,0.177833,0.110000,0.230608,0.178336,0.049609,0.214488,True,0.171955,-0.004241,0.224384,0.005878,0.114241,0.006224,15.52,10,-0.145366,0.473222,0.581657,-0.150069,0.429206,0.569770,0.014394,0.129150,0.200711,0.000000,0.081158,0.013517,-0.099400,0.087080,0.340632,-0.102848,-0.043520,0.032352,FOLLOWER
1787026854380164961,2026-08-18T11:20:54.380181,prediction,0.178388,0.100000,0.235407,0.178052,0.055202,0.216793,True,0.172192,0.001759,0.226764,0.006195,0.098241,0.008643,16.62,10,-0.144860,0.479222,0.583664,-0.149074,0.438753,0.572422,0.014831,0.132208,0.198964,0.000000,0.078096,0.016137,-0.080780,0.086380,0.358477,-0.102912,-0.042752,0.031680,FOLLOWER
1787026854411663876,2026-08-18T11:20:54.411681,prediction,0.177833,0.110000,0.234814,0.177730,0.060960,0.219060,True,0.172202,0.007759,0.228306,0.005630,0.102241,0.006508,16.51,10,-0.144397,0.485222,0.585756,-0.149074,0.438753,0.572422,0.016576,0.135259,0.198964,0.000000,0.080716,0.013517,-0.067760,0.073360,0.346857,-0.103904,-0.047584,0.030560,FOLLOWER
1787026854450809615,2026-08-18T11:20:54.450828,prediction,0.177833,0.110000,0.234814,0.177448,0.066752,0.221358,True,0.172235,0.013759,0.229305,0.005597,0.096241,0.005509,18.93,10,-0.143955,0.491222,0.587900,-0.148140,0.448329,0.575246,0.014394,0.142243,0.198964,0.000000,0.080716,0.018756,-0.089180,0.108080,0.350592,-0.104576,-0.044032,0.031232,FOLLOWER
1787026854477446477,2026-08-18T11:20:54.477463,prediction,0.176667,0.131000,0.233570,0.177417,0.071964,0.223319,True,0.171886,0.019759,0.229747,0.004781,0.111241,0.003823,15.74,10,-0.143544,0.497222,0.590079,-0.148140,0.448329,0.575246,0.017889,0.147039,0.198964,0.000000,0.080716,0.016137,-0.105280,0.086380,0.351422,-0.102912,-0.043968,0.032128,FOLLOWER
1787026854511306447,2026-08-18T11:20:54.511325,prediction,0.173634,0.110000,0.239021,0.177144,0.077059,0.225609,True,0.170789,0.025759,0.231495,0.002846,0.084241,0.007526,16.50,10,-0.143228,0.503222,0.592178,-0.147289,0.457836,0.578179,0.017889,0.150097,0.200711,0.003051,0.078096,0.018756,-0.111580,0.085820,0.357149,-0.104192,-0.047488,0.032736,FOLLOWER
1787026854545448216,2026-08-18T11:20:54.545470,prediction,0.172504,0.131000,0.237741,0.176796,0.083252,0.227814,True,0.169647,0.031759,0.232535,0.002856,0.099241,0.005206,16.90,10,-0.142907,0.509222,0.594314,-0.147289,0.457836,0.578179,0.019196,0.155330,0.202458,0.003051,0.083766,0.021375,-0.108500,0.066220,0.331668,-0.101120,-0.043744,0.032128,FOLLOWER
1787026854582463753,2026-08-18T11:20:54.582481,prediction,0.172504,0.131000,0.237741,0.176448,0.089664,0.229731,True,0.168862,0.037759,0.233223,0.003642,0.093241,0.004518,18.70,10,-0.142557,0.515222,0.596466,-0.146501,0.467391,0.581224,0.022685,0.157075,0.198964,0.000000,0.080716,0.021807,-0.107520,0.061040,0.348351,-0.101856,-0.045088,0.030848,FOLLOWER
1787026854617754896,2026-08-18T11:20:54.617772,prediction,0.171911,0.142000,0.237071,0.176100,0.096119,0.231350,True,0.168142,0.043759,0.233548,0.003770,0.098241,0.003523,21.18,10,-0.142190,0.521222,0.598542,-0.146501,0.467391,0.581224,0.022685,0.157075,0.198964,0.000000,0.080716,0.021807,-0.107520,0.061040,0.348351,-0.101856,-0.045088,0.030848,FOLLOWER
1787026854650155131,2026-08-18T11:20:54.650173,prediction,0.166722,0.162000,0.235852,0.175445,0.102584,0.232637,True,0.166085,0.049759,0.233618,0.000636,0.112241,0.002234,19.61,10,-0.141816,0.527222,0.600475,-0.145761,0.476847,0.584266,0.022685,0.157075,0.198964,0.000000,0.080716,0.021807,-0.107520,0.061040,0.348351,-0.101856,-0.045088,0.030848,FOLLOWER
1787026854680093451,2026-08-18T11:20:54.680107,prediction,0.167766,0.142000,0.237071,0.174899,0.108463,0.233758,True,0.165069,0.055759,0.233837,0.002697,0.086241,0.003234,16.89,10,-0.141350,0.533222,0.602216,-0.145761,0.476847,0.584266,0.022685,0.157075,0.198964,0.000000,0.080716,0.021807,-0.107520,0.061040,0.348351,-0.101856,-0.045088,0.030848,FOLLOWER
1787026854715443545,2026-08-18T11:20:54.715461,prediction,0.167244,0.152000,0.236462,0.174121,0.114759,0.234355,True,0.164221,0.061759,0.233871,0.003023,0.090241,0.002591,19.15,10,-0.140864,0.539222,0.603754,-0.145017,0.486322,0.587227,0.026174,0.166673,0.198964,0.002609,0.078096,0.029665,-0.107520,0.074060,0.349596,-0.102752,-0.044032,0.037184,FOLLOWER
1787026854744489211,2026-08-18T11:20:54.744508,prediction,0.163115,0.152000,0.236462,0.173345,0.120552,0.234947,True,0.162450,0.067759,0.233970,0.000665,0.084241,0.002492,15.50,10,-0.140288,0.545222,0.605048,-0.145017,0.486322,0.587227,0.027487,0.167986,0.200711,0.000000,0.078538,0.029665,-0.119560,0.048580,0.344035,-0.103296,-0.046432,0.034176,FOLLOWER
1787026854785104455,2026-08-18T11:20:54.785123,prediction,0.163621,0.142000,0.237071,0.172360,0.125070,0.235621,True,0.161428,0.073759,0.234131,0.002193,0.068241,0.002940,18.67,10,-0.139672,0.551222,0.606117,-0.144225,0.495935,0.590025,0.027487,0.167986,0.200711,0.000000,0.078538,0.029665,-0.119560,0.048580,0.344035,-0.103296,-0.046432,0.034176,FOLLOWER
1787026854815396778,2026-08-18T11:20:54.815426,prediction,0.163115,0.152000,0.240599,0.171379,0.128747,0.236287,True,0.160522,0.079759,0.235358,0.002593,0.072241,0.005241,18.27,10,-0.138972,0.557222,0.607051,-0.144225,0.495935,0.590025,0.027487,0.167986,0.200711,0.000000,0.078538,0.029665,-0.119560,0.048580,0.344035,-0.103296,-0.046432,0.034176,FOLLOWER
1787026854850445387,2026-08-18T11:20:54.850461,prediction,0.162609,0.162000,0.239973,0.170364,0.131723,0.236911,True,0.159733,0.085759,0.236146,0.002877,0.076241,0.003827,17.15,10,-0.138213,0.563222,0.607897,-0.143365,0.505568,0.592583,0.027487,0.167986,0.200711,0.000000,0.078538,0.029665,-0.119560,0.048580,0.344035,-0.103296,-0.046432,0.034176,FOLLOWER
1787026854881568638,2026-08-18T11:20:54.881585,prediction,0.162104,0.172000,0.239347,0.169279,0.135091,0.237174,True,0.159034,0.091759,0.236571,0.003070,0.080241,0.002776,16.69,10,-0.137398,0.569222,0.608681,-0.143365,0.505568,0.592583,0.027487,0.167986,0.200711,0.000000,0.078538,0.029665,-0.119560,0.048580,0.344035,-0.103296,-0.046432,0.034176,FOLLOWER
1787026854918010058,2026-08-18T11:20:54.918028,prediction,0.162104,0.172000,0.239347,0.168230,0.139072,0.237476,True,0.158589,0.097759,0.236846,0.003515,0.074241,0.002501,20.34,10,-0.136521,0.575222,0.609334,-0.142416,0.515220,0.594904,0.026174,0.161877,0.198964,0.000000,0.081158,0.027045,-0.119840,0.035840,0.347521,-0.105472,-0.042240,0.030944,FOLLOWER
1787026854948722128,2026-08-18T11:20:54.948739,prediction,0.163115,0.152000,0.240599,0.167249,0.143174,0.237862,True,0.158675,0.103759,0.237245,0.004440,0.048241,0.003353,18.21,10,-0.135613,0.581222,0.609904,-0.142416,0.515220,0.594904,0.023122,0.160133,0.198525,0.003051,0.078096,0.024426,-0.120540,0.051380,0.346857,-0.103808,-0.044928,0.032352,FOLLOWER
1787026854981555134,2026-08-18T11:20:54.981571,prediction,0.162104,0.172000,0.239347,0.166278,0.147302,0.238247,True,0.158394,0.109759,0.237282,0.003710,0.062241,0.002065,18.05,10,-0.134709,0.587222,0.610433,-0.141374,0.524962,0.597005,0.023122,0.160133,0.198525,0.003051,0.078096,0.024426,-0.120540,0.051380,0.346857,-0.103808,-0.044928,0.032352,FOLLOWER
1787026855012448714,2026-08-18T11:20:55.012472,prediction,0.161598,0.182000,0.242808,0.165476,0.151434,0.238499,True,0.158027,0.115759,0.238374,0.003571,0.066241,0.004435,15.20,10,-0.133810,0.593222,0.610935,-0.141374,0.524962,0.597005,0.023122,0.160133,0.198525,0.003051,0.078096,0.024426,-0.120540,0.051380,0.346857,-0.103808,-0.044928,0.032352,FOLLOWER
1787026855048536932,2026-08-18T11:20:55.048554,prediction,0.161093,0.192000,0.242166,0.164715,0.154980,0.238794,True,0.157632,0.121759,0.239020,0.003461,0.070241,0.003146,18.29,10,-0.132959,0.599222,0.611394,-0.140269,0.534709,0.598894,0.023122,0.160133,0.198525,0.003051,0.078096,0.024426,-0.120540,0.051380,0.346857,-0.103808,-0.044928,0.032352,FOLLOWER
1787026855079620919,2026-08-18T11:20:55.079646,prediction,0.161598,0.182000,0.242808,0.163988,0.158409,0.239132,True,0.157559,0.127759,0.239582,0.004039,0.054241,0.003227,15.55,10,-0.132158,0.605222,0.611826,-0.140269,0.534709,0.598894,0.023122,0.160133,0.198525,0.003051,0.078096,0.024426,-0.120540,0.051380,0.346857,-0.103808,-0.044928,0.032352,FOLLOWER
1787026855117410125,2026-08-18T11:20:55.117428,prediction,0.160587,0.202000,0.241524,0.163233,0.162348,0.239429,True,0.157190,0.133759,0.239693,0.003398,0.068241,0.001831,17.51,10,-0.131405,0.611222,0.612250,-0.139134,0.544507,0.600604,0.016576,0.154893,0.200711,0.000000,0.080716,0.018756,-0.086800,0.036820,0.341794,-0.107360,-0.043520,0.028672,FOLLOWER
1787026855148475457,2026-08-18T11:20:55.148510,prediction,0.160587,0.202000,0.241524,0.162824,0.166336,0.239807,True,0.156973,0.139759,0.239746,0.003615,0.062241,0.001778,17.18,10,-0.130674,0.617222,0.612660,-0.139134,0.544507,0.600604,0.016138,0.156637,0.202889,0.000000,0.078096,0.016137,-0.090440,0.022820,0.341877,-0.105536,-0.046528,0.028960,FOLLOWER
1787026855182696394,2026-08-18T11:20:55.182712,prediction,0.163642,0.221000,0.244326,0.162549,0.170334,0.240291,True,0.157708,0.145759,0.240609,0.005933,0.075241,0.003717,17.34,10,-0.130067,0.623222,0.613068,-0.138003,0.554324,0.602159,0.013087,0.158388,0.198964,0.000000,0.080716,0.013517,-0.105980,-0.000840,0.343703,-0.107424,-0.049216,0.030336,FOLLOWER
1787026855214554112,2026-08-18T11:20:55.214577,prediction,0.165156,0.192000,0.246237,0.162410,0.173800,0.240942,True,0.158776,0.151759,0.241624,0.006380,0.040241,0.004613,16.91,10,-0.129576,0.629222,0.613520,-0.138003,0.554324,0.602159,0.014831,0.158388,0.200711,0.000000,0.081158,0.013517,-0.102200,-0.004340,0.350758,-0.108320,-0.047264,0.032352,FOLLOWER
1787026855252627991,2026-08-18T11:20:55.252687,prediction,0.164634,0.202000,0.245578,0.162511,0.177160,0.241550,True,0.159358,0.157759,0.242207,0.005276,0.044241,0.003371,21.32,10,-0.129213,0.635222,0.614037,-0.136935,0.564155,0.603602,0.014831,0.158388,0.200711,0.000000,0.081158,0.013517,-0.102200,-0.004340,0.350758,-0.108320,-0.047264,0.032352,FOLLOWER
1787026855288473184,2026-08-18T11:20:55.288493,prediction,0.168142,0.212000,0.244919,0.162813,0.180499,0.242073,True,0.160797,0.163759,0.242359,0.007345,0.048241,0.002560,25.57,10,-0.129007,0.641222,0.614586,-0.136935,0.564155,0.603602,0.014831,0.158388,0.200711,0.000000,0.081158,0.013517,-0.102200,-0.004340,0.350758,-0.108320,-0.047264,0.032352,FOLLOWER
1787026855316251665,2026-08-18T11:20:55.316269,prediction,0.168142,0.212000,0.244919,0.163148,0.184366,0.242361,True,0.161819,0.169759,0.242432,0.006323,0.042241,0.002487,19.53,10,-0.128965,0.647222,0.615134,-0.135987,0.574031,0.604973,0.014831,0.158388,0.200711,0.000000,0.081158,0.013517,-0.102200,-0.004340,0.350758,-0.108320,-0.047264,0.032352,FOLLOWER
1787026855349499818,2026-08-18T11:20:55.349512,prediction,0.168142,0.212000,0.244919,0.163517,0.188340,0.242691,True,0.162534,0.175759,0.242466,0.005607,0.036241,0.002453,19.14,10,-0.129051,0.653222,0.615606,-0.135987,0.574031,0.604973,0.013087,0.156637,0.198964,0.002609,0.081158,0.013517,-0.105000,0.000840,0.364370,-0.108864,-0.043360,0.030560,FOLLOWER
1787026855379836124,2026-08-18T11:20:55.379857,prediction,0.171117,0.231000,0.243667,0.164117,0.191801,0.242979,True,0.163887,0.181759,0.242097,0.007230,0.049241,0.001570,15.97,10,-0.129238,0.659222,0.616027,-0.135207,0.583881,0.606251,0.016576,0.163621,0.200711,0.000000,0.078096,0.016137,-0.104440,-0.007000,0.344450,-0.108864,-0.042240,0.031616,FOLLOWER
1787026855415640349,2026-08-18T11:20:55.415654,prediction,0.171672,0.221000,0.244326,0.164755,0.195107,0.243311,True,0.165038,0.187759,0.241951,0.006634,0.033241,0.002375,17.59,10,-0.129562,0.665222,0.616396,-0.135207,0.583881,0.606251,0.016138,0.163621,0.200711,0.000000,0.081158,0.016137,-0.094500,0.003360,0.353497,-0.109920,-0.047936,0.033408,FOLLOWER
1787026855449742744,2026-08-18T11:20:55.449756,prediction,0.171117,0.231000,0.243667,0.165289,0.198915,0.243516,True,0.165663,0.193759,0.241701,0.005454,0.037241,0.001967,17.86,10,-0.129992,0.671222,0.616736,-0.134615,0.593790,0.607441,0.016138,0.164928,0.198964,0.000000,0.080716,0.016137,-0.071540,0.020020,0.347521,-0.108864,-0.043136,0.032896,FOLLOWER
1787026855478969390,2026-08-18T11:20:55.478985,prediction,0.171672,0.221000,0.248349,0.165927,0.202290,0.244116,True,0.166260,0.199759,0.242845,0.005412,0.021241,0.005504,15.50,10,-0.130457,0.677222,0.617033,-0.134615,0.593790,0.607441,0.016576,0.166241,0.200711,0.003051,0.080716,0.016137,-0.075320,-0.015400,0.343537,-0.109472,-0.043808,0.032352,FOLLOWER
1787026855514665191,2026-08-18T11:20:55.514683,prediction,0.170063,0.250000,0.246391,0.166491,0.206111,0.244355,True,0.166143,0.205759,0.243278,0.003919,0.044241,0.003113,18.23,10,-0.130982,0.683222,0.617404,-0.134211,0.603751,0.608551,0.016576,0.166241,0.200711,0.003051,0.080716,0.016137,-0.075320,-0.015400,0.343537,-0.109472,-0.043808,0.032352,FOLLOWER
1787026855546022821,2026-08-18T11:20:55.546043,prediction,0.166095,0.250000,0.242416,0.166824,0.210502,0.244371,True,0.164922,0.211759,0.242487,0.001173,0.038241,0.000071,15.64,10,-0.131523,0.689222,0.617731,-0.134211,0.603751,0.608551,0.016576,0.166241,0.200711,0.003051,0.080716,0.016137,-0.075320,-0.015400,0.343537,-0.109472,-0.043808,0.032352,FOLLOWER
1787026855589619183,2026-08-18T11:20:55.589636,prediction,0.167118,0.231000,0.247674,0.167192,0.215007,0.244696,True,0.164408,0.217759,0.243357,0.002710,0.013241,0.004316,23.13,10,-0.132009,0.695222,0.617962,-0.133972,0.613679,0.609572,0.016576,0.166241,0.200711,0.003051,0.080716,0.016137,-0.075320,-0.015400,0.343537,-0.109472,-0.043808,0.032352,FOLLOWER
1787026855612879895,2026-08-18T11:20:55.612897,prediction,0.166580,0.241000,0.246998,0.167592,0.218521,0.245061,True,0.163870,0.223759,0.243860,0.002710,0.017241,0.003138,14.64,10,-0.132466,0.701222,0.618214,-0.133972,0.613679,0.609572,0.016576,0.166241,0.200711,0.003051,0.080716,0.016137,-0.075320,-0.015400,0.343537,-0.109472,-0.043808,0.032352,FOLLOWER
1787026855645265252,2026-08-18T11:20:55.645280,prediction,0.166095,0.250000,0.246391,0.167959,0.221304,0.245385,True,0.163332,0.229759,0.244073,0.002763,0.020241,0.002317,15.82,10,-0.132911,0.707222,0.618492,-0.133859,0.623639,0.610522,0.020940,0.174964,0.198964,0.000000,0.081158,0.019198,-0.104440,-0.026600,0.346691,-0.107040,-0.044544,0.031840,FOLLOWER
1787026855678997022,2026-08-18T11:20:55.679015,prediction,0.166095,0.250000,0.246391,0.168123,0.224421,0.245523,True,0.162969,0.235759,0.244208,0.003126,0.014241,0.002182,15.89,10,-0.133335,0.713222,0.618780,-0.133859,0.623639,0.610522,0.019634,0.176277,0.201142,0.000000,0.080716,0.019198,-0.108500,-0.028140,0.348351,-0.106144,-0.043968,0.031840,FOLLOWER
1787026855712920051,2026-08-18T11:20:55.712942,prediction,0.166095,0.250000,0.246391,0.168185,0.227604,0.245533,True,0.162739,0.241400,0.244286,0.003357,0.008600,0.002105,15.98,10,-0.133686,0.719222,0.619020,-0.133841,0.633585,0.611406,0.019634,0.176277,0.200711,0.000000,0.080716,0.019198,-0.084280,-0.042980,0.334656,-0.107520,-0.042144,0.032064,FOLLOWER
1787026855747883761,2026-08-18T11:20:55.747900,prediction,0.166095,0.250000,0.246391,0.168283,0.230801,0.245587,True,0.162603,0.245243,0.244325,0.003492,0.004757,0.002066,17.28,10,-0.133950,0.725222,0.619198,-0.133841,0.633585,0.611406,0.017889,0.176277,0.200711,0.002609,0.078096,0.018756,-0.079240,-0.030380,0.348185,-0.106688,-0.046816,0.030848,FOLLOWER
1787026855780853282,2026-08-18T11:20:55.780868,prediction,0.165611,0.259000,0.245783,0.168114,0.234000,0.245645,True,0.162371,0.250821,0.244198,0.003240,0.008179,0.001585,16.36,10,-0.134166,0.731203,0.619339,-0.133874,0.643617,0.612221,0.016576,0.179766,0.200711,0.002609,0.080716,0.016137,-0.102200,-0.038640,0.349015,-0.106240,-0.040256,0.032512,FOLLOWER
1787026855811012476,2026-08-18T11:20:55.811027,prediction,0.165611,0.259000,0.245783,0.167945,0.237147,0.245702,True,0.162248,0.254632,0.244098,0.003363,0.004368,0.001684,15.03,10,-0.134271,0.737065,0.619461,-0.133874,0.643617,0.612221,0.016138,0.179766,0.198525,0.002609,0.078096,0.016137,-0.099820,-0.038360,0.360054,-0.105984,-0.043360,0.030624,FOLLOWER
1787026855847858484,2026-08-18T11:20:55.847879,prediction,0.164587,0.278000,0.244500,0.167708,0.240283,0.245674,True,0.161839,0.260632,0.243717,0.002748,0.017368,0.000783,18.05,10,-0.134300,0.742881,0.619572,-0.133917,0.653599,0.612961,0.013087,0.181511,0.198964,0.003051,0.078096,0.016137,-0.105000,-0.058520,0.354244,-0.106752,-0.048320,0.031008,FOLLOWER
1787026855877230151,2026-08-18T11:20:55.877260,prediction,0.165611,0.259000,0.245783,0.167341,0.243417,0.245815,True,0.161941,0.261307,0.243728,0.003670,0.002307,0.002055,14.68,10,-0.134253,0.748570,0.619656,-0.133917,0.653599,0.612961,0.013087,0.181073,0.200711,0.000000,0.080716,0.010467,-0.100660,-0.058800,0.365200,-0.106976,-0.046816,0.031072,FOLLOWER
1787026855915680697,2026-08-18T11:20:55.915709,prediction,0.164587,0.278000,0.244500,0.166869,0.247083,0.245827,True,0.161685,0.267307,0.243444,0.002903,0.010693,0.001055,18.08,10,-0.134124,0.754235,0.619765,-0.133937,0.663558,0.613634,0.011780,0.179766,0.198525,0.000000,0.081158,0.010467,-0.097860,-0.046760,0.360054,-0.107264,-0.043136,0.030848,FOLLOWER
1787026855948469369,2026-08-18T11:20:55.948486,prediction,0.164587,0.278000,0.244500,0.166434,0.250323,0.245882,True,0.161538,0.272003,0.243240,0.003050,0.005998,0.001259,16.78,10,-0.133900,0.759610,0.619864,-0.133937,0.663558,0.613634,0.011780,0.179766,0.198525,0.000000,0.081158,0.010467,-0.097860,-0.046760,0.360054,-0.107264,-0.043136,0.030848,FOLLOWER
1787026855984794651,2026-08-18T11:20:55.984812,prediction,0.164587,0.278000,0.244500,0.165961,0.254011,0.245626,True,0.161466,0.275149,0.243096,0.003122,0.002851,0.001403,19.04,10,-0.133625,0.764928,0.619967,-0.133907,0.673490,0.614254,0.011780,0.179766,0.198525,0.000000,0.081158,0.010467,-0.097860,-0.046760,0.360054,-0.107264,-0.043136,0.030848,FOLLOWER
1787026856015700875,2026-08-18T11:20:56.015722,prediction,0.163618,0.296000,0.243284,0.165532,0.257256,0.245419,True,0.161104,0.281149,0.242701,0.002514,0.014851,0.000583,17.73,10,-0.133306,0.770165,0.619983,-0.133907,0.673490,0.614254,0.011780,0.179766,0.198525,0.000000,0.081158,0.010467,-0.097860,-0.046760,0.360054,-0.107264,-0.043136,0.030848,FOLLOWER
1787026856051517073,2026-08-18T11:20:56.051535,prediction,0.163618,0.296000,0.243284,0.165366,0.260358,0.245477,True,0.160897,0.287149,0.242412,0.002722,0.008851,0.000872,18.88,10,-0.132970,0.775233,0.619945,-0.133815,0.683487,0.614814,0.011780,0.179328,0.201142,0.000000,0.081158,0.010467,-0.093240,-0.038360,0.342375,-0.107040,-0.045536,0.030400,FOLLOWER
1787026856078507205,2026-08-18T11:20:56.078525,prediction,0.163133,0.305000,0.242676,0.165101,0.263432,0.245143,True,0.160623,0.293149,0.242057,0.002511,0.011851,0.000620,14.76,10,-0.132701,0.780267,0.619940,-0.133815,0.683487,0.614814,0.011780,0.179328,0.201142,0.000000,0.081158,0.010467,-0.093240,-0.038360,0.342375,-0.107040,-0.045536,0.030400,FOLLOWER
1787026856117219101,2026-08-18T11:20:56.117234,prediction,0.163618,0.296000,0.243284,0.164903,0.266980,0.244896,True,0.160646,0.295279,0.241958,0.002973,0.000721,0.001326,18.07,10,-0.132449,0.785295,0.619853,-0.133681,0.693483,0.615308,0.011780,0.179328,0.201142,0.000000,0.081158,0.010467,-0.093240,-0.038360,0.342375,-0.107040,-0.045536,0.030400,FOLLOWER
1787026856153994626,2026-08-18T11:20:56.154031,prediction,0.162649,0.314000,0.242068,0.164674,0.271103,0.244608,True,0.160646,0.295279,0.241958,0.002003,0.018721,0.000111,0.00,10,-0.132234,0.790321,0.619727,-0.133681,0.693483,0.615308,0.000000,0.184568,0.200711,0.000000,0.078096,0.000000,-0.097300,-0.048020,0.354244,-0.103200,-0.046080,0.029280,LEADER
1787026856187909520,2026-08-18T11:20:56.187978,prediction,0.162164,0.323000,0.241461,0.164412,0.275341,0.244279,True,0.160645,0.295280,0.241957,0.001519,0.027720,0.000496,0.00,10,-0.131013,0.828243,0.618248,-0.133484,0.703421,0.615525,0.007853,0.187619,0.198525,0.000000,0.081158,0.007847,0.060060,-0.078400,0.352003,-0.089888,-0.045920,-0.024608,LEADER
1787026856220490683,2026-08-18T11:20:56.220515,prediction,0.162649,0.314000,0.242068,0.164182,0.279602,0.243991,True,0.160643,0.295286,0.241951,0.002005,0.018714,0.000118,0.00,10,-0.131012,0.828243,0.618247,-0.133484,0.703421,0.615525,0.007853,0.187619,0.198525,0.000000,0.081158,0.007847,0.060060,-0.078400,0.352003,-0.089888,-0.045920,-0.024608,LEADER
1787026856253900169,2026-08-18T11:20:56.253924,prediction,0.162649,0.314000,0.242068,0.163952,0.283867,0.243703,True,0.160638,0.295301,0.241934,0.002010,0.018699,0.000135,0.00,10,-0.131011,0.828249,0.618241,-0.133285,0.713468,0.615744,0.007853,0.187619,0.198525,0.000000,0.081158,0.007847,0.060060,-0.078400,0.352003,-0.089888,-0.045920,-0.024608,LEADER
1787026856286690053,2026-08-18T11:20:56.286706,prediction,0.165611,0.259000,0.245783,0.163952,0.288133,0.243703,True,0.160629,0.295330,0.241902,0.004982,0.036330,0.003881,0.00,10,-0.131006,0.828264,0.618224,-0.133285,0.713468,0.615744,0.007853,0.187619,0.198525,0.000000,0.081158,0.007847,0.060060,-0.078400,0.352003,-0.089888,-0.045920,-0.024608,LEADER
1787026856321575246,2026-08-18T11:20:56.321599,prediction,0.166580,0.241000,0.246998,0.164017,0.288987,0.243784,True,0.160614,0.295377,0.241849,0.005966,0.054377,0.005149,0.00,10,-0.130996,0.828293,0.618192,-0.133086,0.723460,0.615957,0.007853,0.187619,0.198525,0.000000,0.081158,0.007847,0.060060,-0.078400,0.352003,-0.089888,-0.045920,-0.024608,LEADER
1787026856353522200,2026-08-18T11:20:56.353535,prediction,0.165611,0.259000,0.245783,0.164085,0.289157,0.243869,True,0.160591,0.295446,0.241772,0.005020,0.036446,0.004011,0.00,10,-0.130981,0.828340,0.618139,-0.133086,0.723460,0.615957,0.007853,0.187619,0.198525,0.000000,0.081158,0.007847,0.060060,-0.078400,0.352003,-0.089888,-0.045920,-0.024608,LEADER
1787026856386804117,2026-08-18T11:20:56.386823,prediction,0.161195,0.341000,0.236420,0.163790,0.289192,0.243245,True,0.160560,0.295541,0.241665,0.000635,0.045459,0.005245,0.00,10,-0.130958,0.828409,0.618062,-0.132883,0.733447,0.616157,0.009598,0.194604,0.198964,0.002609,0.078096,0.010898,0.091420,-0.104160,0.351837,-0.029728,-0.047104,-0.030400,LEADER
1787026856420097986,2026-08-18T11:20:56.420113,prediction,0.162649,0.314000,0.238199,0.163661,0.291118,0.242825,True,0.160519,0.295666,0.241526,0.002130,0.018334,0.003327,0.00,10,-0.130927,0.828504,0.617956,-0.132883,0.733447,0.616157,0.011342,0.192422,0.200711,0.002609,0.083766,0.010898,0.102200,-0.104440,0.357979,-0.019712,-0.045088,-0.029888,LEADER
1787026856453500750,2026-08-18T11:20:56.453519,prediction,0.161679,0.332000,0.237013,0.163467,0.294384,0.242326,True,0.160467,0.295824,0.241349,0.001212,0.036176,0.004336,0.00,10,-0.130886,0.828629,0.617816,-0.132673,0.743446,0.616331,0.010029,0.191108,0.200711,0.002609,0.078096,0.010898,0.097580,-0.078680,0.351422,-0.014144,-0.046304,-0.033408,LEADER
1787026856486660818,2026-08-18T11:20:56.486682,prediction,0.164103,0.287000,0.239978,0.163435,0.296957,0.242025,True,0.160404,0.296018,0.241132,0.003699,0.009018,0.001154,0.00,10,-0.130834,0.828787,0.617640,-0.132673,0.743446,0.616331,0.010029,0.194166,0.200711,0.002609,0.075477,0.007847,0.096320,-0.096320,0.344782,-0.018048,-0.049984,-0.033184,LEADER
1787026856520294815,2026-08-18T11:20:56.520314,prediction,0.166095,0.250000,0.242416,0.163600,0.297951,0.241967,True,0.160327,0.296252,0.240870,0.005768,0.046252,0.001546,0.00,10,-0.130771,0.828981,0.617422,-0.132451,0.753464,0.616459,0.009598,0.196348,0.200711,0.002609,0.080716,0.010467,0.098840,-0.120260,0.348019,-0.023104,-0.046656,-0.032896,LEADER
1787026856554315116,2026-08-18T11:20:56.554331,prediction,0.161679,0.332000,0.233174,0.163471,0.297670,0.241293,True,0.160236,0.296529,0.240561,0.001443,0.035471,0.007387,0.00,10,-0.130694,0.829215,0.617161,-0.132451,0.753464,0.616459,0.010029,0.194166,0.200711,0.000000,0.080716,0.008289,0.097860,-0.120540,0.351671,-0.023040,-0.045024,-0.032960,LEADER
1787026856587767302,2026-08-18T11:20:56.587783,prediction,0.162164,0.323000,0.233752,0.163406,0.299054,0.240698,True,0.160131,0.296851,0.240201,0.002033,0.026149,0.006449,0.00,10,-0.130603,0.829492,0.616851,-0.132208,0.763455,0.616511,0.008285,0.192422,0.198964,0.002609,0.080716,0.008289,0.093520,-0.111160,0.356485,-0.024384,-0.044096,-0.032512,LEADER
1787026856620614524,2026-08-18T11:20:56.620632,prediction,0.163133,0.305000,0.234908,0.163374,0.300771,0.240139,True,0.160009,0.297222,0.239787,0.003124,0.007779,0.004879,0.00,10,-0.130498,0.829814,0.616491,-0.132208,0.763455,0.616511,0.006540,0.194166,0.198525,0.000000,0.080716,0.008289,0.081480,-0.107240,0.353497,-0.024064,-0.050272,-0.031680,LEADER
1787026856655135324,2026-08-18T11:20:56.655154,prediction,0.160279,0.358000,0.227708,0.163216,0.302074,0.239182,True,0.159872,0.297642,0.239316,0.000408,0.060358,0.011609,0.00,10,-0.130377,0.830185,0.616077,-0.131934,0.773447,0.616446,0.006540,0.195911,0.200711,0.002609,0.078096,0.005670,0.083580,-0.119840,0.343039,-0.023616,-0.050944,-0.031904,LEADER
1787026856686986027,2026-08-18T11:20:56.687005,prediction,0.159795,0.367000,0.223363,0.163058,0.304682,0.237975,True,0.159716,0.298116,0.238787,0.000078,0.068884,0.015424,0.00,10,-0.130239,0.830605,0.615607,-0.131934,0.773447,0.616446,0.006540,0.195911,0.200711,0.002609,0.078096,0.005670,0.083580,-0.119840,0.343039,-0.023616,-0.050944,-0.031904,LEADER
1787026856720354827,2026-08-18T11:20:56.720372,prediction,0.159364,0.375000,0.222875,0.162839,0.308030,0.236696,True,0.159543,0.298644,0.238196,0.000180,0.076356,0.015321,0.00,10,-0.130084,0.831079,0.615077,-0.131613,0.783442,0.616209,0.006540,0.195911,0.200711,0.002609,0.078096,0.005670,0.083580,-0.119840,0.343039,-0.023616,-0.050944,-0.031904,LEADER
1787026856753379872,2026-08-18T11:20:56.753393,prediction,0.163125,0.375000,0.219107,0.162871,0.311953,0.235165,True,0.159352,0.299230,0.237541,0.003773,0.075770,0.018434,0.00,10,-0.129911,0.831608,0.614486,-0.131613,0.783442,0.616209,0.006540,0.195911,0.200711,0.002609,0.078096,0.005670,0.083580,-0.119840,0.343039,-0.023616,-0.050944,-0.031904,LEADER
1787026856786782315,2026-08-18T11:20:56.786802,prediction,0.167343,0.367000,0.219581,0.162986,0.315991,0.233418,True,0.159140,0.299874,0.236821,0.008203,0.067126,0.017240,0.00,10,-0.129719,0.832193,0.613832,-0.131224,0.793442,0.615721,0.006540,0.195911,0.200711,0.002609,0.078096,0.005670,0.083580,-0.119840,0.343039,-0.023616,-0.050944,-0.031904,LEADER
1787026856819981327,2026-08-18T11:20:56.819998,prediction,0.165915,0.392000,0.214359,0.162942,0.322985,0.231242,True,0.158910,0.300579,0.236033,0.007005,0.091421,0.021674,0.00,10,-0.129508,0.832838,0.613111,-0.131224,0.793442,0.615721,0.006540,0.195911,0.198525,0.000000,0.080716,0.005228,0.092260,-0.135380,0.352667,-0.023840,-0.047104,-0.031392,LEADER
1787026856853578535,2026-08-18T11:20:56.853600,prediction,0.165457,0.400000,0.213898,0.162932,0.331477,0.229117,True,0.158658,0.301346,0.235176,0.006799,0.098654,0.021277,0.00,10,-0.129277,0.833542,0.612323,-0.130741,0.803385,0.614879,0.006540,0.195911,0.198525,0.000000,0.080716,0.005228,0.092260,-0.135380,0.352667,-0.023840,-0.047104,-0.031392,LEADER
1787026856887078080,2026-08-18T11:20:56.887112,prediction,0.166372,0.384000,0.214820,0.163277,0.340269,0.227677,True,0.158386,0.302177,0.234247,0.007985,0.081823,0.019427,0.00,10,-0.129026,0.834309,0.611466,-0.130741,0.803385,0.614879,0.006540,0.195911,0.198525,0.000000,0.080716,0.005228,0.092260,-0.135380,0.352667,-0.023840,-0.047104,-0.031392,LEADER
1787026856920271701,2026-08-18T11:20:56.920303,prediction,0.166372,0.384000,0.214820,0.163525,0.345760,0.226118,True,0.158093,0.303072,0.233246,0.008279,0.080928,0.018426,0.00,10,-0.128754,0.835140,0.610538,-0.130119,0.813325,0.613520,0.006540,0.195911,0.198525,0.000000,0.080716,0.005228,0.092260,-0.135380,0.352667,-0.023840,-0.047104,-0.031392,LEADER
1787026856953361838,2026-08-18T11:20:56.953399,prediction,0.165457,0.400000,0.213898,0.163777,0.349632,0.224577,True,0.157778,0.304033,0.232172,0.007679,0.095967,0.018274,0.00,10,-0.128460,0.836035,0.609537,-0.130119,0.813325,0.613520,0.006540,0.195911,0.198525,0.000000,0.080716,0.005228,0.092260,-0.135380,0.352667,-0.023840,-0.047104,-0.031392,LEADER
1787026856986535642,2026-08-18T11:20:56.986552,prediction,0.164486,0.417000,0.212919,0.163802,0.354993,0.222773,True,0.157442,0.305061,0.231023,0.007044,0.111939,0.018105,0.00,10,-0.128146,0.836996,0.608463,-0.129312,0.823008,0.611451,0.004796,0.199400,0.202458,0.000000,0.083335,0.005228,0.084000,-0.148400,0.335486,-0.020160,-0.044704,-0.030016,LEADER
1787026857020512442,2026-08-18T11:20:57.020538,prediction,0.165457,0.400000,0.213898,0.163760,0.362092,0.220872,True,0.157083,0.306156,0.229799,0.008374,0.093844,0.015900,0.00,10,-0.127809,0.838024,0.607314,-0.129312,0.823008,0.611451,0.004796,0.195911,0.201142,0.000000,0.080716,0.002609,0.080780,-0.131320,0.345446,-0.020000,-0.047104,-0.031680,LEADER
1787026857053523430,2026-08-18T11:20:57.053540,prediction,0.165457,0.400000,0.213898,0.164012,0.369538,0.219587,True,0.156702,0.307320,0.228497,0.008756,0.092680,0.014599,0.00,10,-0.127450,0.839119,0.606089,-0.128362,0.831228,0.608715,0.004796,0.195911,0.201142,0.000000,0.080716,0.002609,0.080780,-0.131320,0.345446,-0.020000,-0.047104,-0.031680,LEADER
1787026857088375160,2026-08-18T11:20:57.088412,prediction,0.164943,0.409000,0.213380,0.164197,0.375134,0.218229,True,0.156298,0.308553,0.227119,0.008645,0.100447,0.013740,0.00,10,-0.127069,0.840283,0.604788,-0.128362,0.831228,0.608715,0.004796,0.195911,0.201142,0.000000,0.080716,0.002609,0.080780,-0.131320,0.345446,-0.020000,-0.047104,-0.031680,LEADER
1787026857121002249,2026-08-18T11:20:57.121074,prediction,0.160794,0.417000,0.212919,0.164041,0.380840,0.216763,True,0.155872,0.309855,0.225664,0.004922,0.107145,0.012745,0.00,10,-0.126665,0.841516,0.603410,-0.127322,0.837531,0.605465,0.004796,0.195911,0.201142,0.000000,0.080716,0.002609,0.080780,-0.131320,0.345446,-0.020000,-0.047104,-0.031680,LEADER
1787026857155149558,2026-08-18T11:20:57.155168,prediction,0.159018,0.449000,0.211075,0.163957,0.386995,0.215654,True,0.155422,0.311227,0.224130,0.003596,0.137773,0.013055,0.00,10,-0.126239,0.842818,0.601954,-0.127322,0.837531,0.605465,0.003489,0.198962,0.198964,0.000000,0.081158,0.005670,0.081200,-0.161700,0.352501,-0.018816,-0.044928,-0.030336,LEADER
1787026857188224737,2026-08-18T11:20:57.188244,prediction,0.157102,0.417000,0.212919,0.163777,0.391372,0.214958,True,0.154950,0.312669,0.222518,0.002152,0.104331,0.009600,0.00,10,-0.125789,0.844190,0.600420,-0.126212,0.842354,0.601811,0.001744,0.200706,0.198964,0.000000,0.078096,0.002609,0.092680,-0.171360,0.346691,-0.018432,-0.049664,-0.032800,LEADER
1787026857221204427,2026-08-18T11:20:57.221228,prediction,0.156240,0.433000,0.211997,0.163569,0.395768,0.214232,True,0.154455,0.314181,0.220828,0.001786,0.118820,0.008832,0.00,10,-0.125317,0.845632,0.598809,-0.126212,0.842354,0.601811,0.001744,0.200706,0.198964,0.000000,0.078096,0.002609,0.092680,-0.171360,0.346691,-0.018432,-0.049664,-0.032800,LEADER
1787026857254833765,2026-08-18T11:20:57.254853,prediction,0.156671,0.425000,0.212458,0.163139,0.399314,0.213789,True,0.153937,0.315762,0.219060,0.002735,0.109238,0.006602,0.00,10,-0.124822,0.847144,0.597119,-0.125087,0.846231,0.598013,0.001744,0.200706,0.198964,0.000000,0.078096,0.002609,0.092680,-0.171360,0.346691,-0.018432,-0.049664,-0.032800,LEADER
1787026857287261480,2026-08-18T11:20:57.287275,prediction,0.155379,0.449000,0.211075,0.162341,0.403116,0.213222,True,0.153396,0.317414,0.217213,0.001983,0.131586,0.006139,0.00,10,-0.124304,0.848725,0.595350,-0.125087,0.846231,0.598013,0.001744,0.200706,0.198964,0.000000,0.078096,0.002609,0.092680,-0.171360,0.346691,-0.018432,-0.049664,-0.032800,LEADER
1787026857320891389,2026-08-18T11:20:57.320909,prediction,0.155810,0.441000,0.211536,0.161668,0.407397,0.213034,True,0.152832,0.319135,0.215289,0.002978,0.121865,0.003753,0.00,10,-0.123763,0.850377,0.593504,-0.123971,0.849724,0.594214,0.001307,0.200706,0.200711,0.000000,0.080716,0.000000,0.091980,-0.191800,0.343039,-0.020832,-0.044928,-0.030624,LEADER
1787026857353226361,2026-08-18T11:20:57.353242,prediction,0.154948,0.457000,0.206981,0.160967,0.411293,0.212573,True,0.152245,0.320926,0.213287,0.002703,0.136074,0.006307,0.00,10,-0.123199,0.852098,0.591580,-0.123971,0.849724,0.594214,0.000000,0.200706,0.198525,0.000000,0.080716,0.000000,0.065100,-0.203980,0.356983,-0.021824,-0.044256,-0.025824,LEADER
1787026857386732207,2026-08-18T11:20:57.386746,prediction,0.154086,0.473000,0.206085,0.160148,0.415539,0.211990,True,0.151636,0.322785,0.211209,0.002450,0.150215,0.005124,0.00,10,-0.122613,0.853889,0.589578,-0.122841,0.853188,0.590358,0.000000,0.197655,0.201142,0.000000,0.078096,0.002609,0.041160,-0.174720,0.343371,-0.022720,-0.051328,-0.022208,LEADER
1787026857420521365,2026-08-18T11:20:57.420535,prediction,0.155810,0.441000,0.207876,0.159444,0.420281,0.211527,True,0.151005,0.324713,0.209054,0.004805,0.116287,0.001178,0.00,10,-0.122004,0.855748,0.587499,-0.122841,0.853188,0.590358,0.000000,0.199400,0.200711,0.000000,0.080716,0.000000,-0.023240,-0.193340,0.344035,-0.024064,-0.050144,-0.004736,LEADER
1787026857453655354,2026-08-18T11:20:57.453676,prediction,0.154948,0.457000,0.206981,0.158743,0.425123,0.211066,True,0.150352,0.326708,0.206824,0.004596,0.130292,0.000157,0.00,10,-0.121372,0.857676,0.585344,-0.121648,0.856833,0.586286,0.000000,0.199400,0.200711,0.000000,0.080716,0.000000,-0.023240,-0.193340,0.344035,-0.024064,-0.050144,-0.004736,LEADER
1787026857488512784,2026-08-18T11:20:57.488532,prediction,0.154948,0.457000,0.206981,0.158107,0.429131,0.210670,True,0.149676,0.328770,0.204519,0.005272,0.128230,0.002462,0.00,10,-0.120719,0.859671,0.583114,-0.121648,0.856833,0.586286,0.000000,0.199400,0.200711,0.000000,0.080716,0.000000,-0.023240,-0.193340,0.344035,-0.024064,-0.050144,-0.004736,LEADER
1787026857520933947,2026-08-18T11:20:57.520953,prediction,0.154086,0.473000,0.202479,0.157349,0.432973,0.209909,True,0.148979,0.330898,0.202140,0.005107,0.142102,0.000339,0.00,10,-0.120043,0.861733,0.580809,-0.120424,0.860572,0.582106,0.000000,0.199400,0.200711,0.000000,0.080716,0.000000,-0.023240,-0.193340,0.344035,-0.024064,-0.050144,-0.004736,LEADER
1787026857553293895,2026-08-18T11:20:57.553310,prediction,0.153709,0.480000,0.202099,0.156566,0.437635,0.209122,True,0.148261,0.333091,0.199688,0.005448,0.146909,0.002410,0.00,10,-0.119346,0.863861,0.578430,-0.120424,0.860572,0.582106,0.001744,0.201144,0.200711,0.000000,0.080716,0.002609,-0.042700,-0.194600,0.342541,-0.024384,-0.046592,0.001408,LEADER
1787026857586763484,2026-08-18T11:20:57.586780,prediction,0.154086,0.473000,0.202479,0.155842,0.442460,0.208396,True,0.147522,0.335348,0.197165,0.006565,0.137652,0.005313,0.00,10,-0.118628,0.866054,0.575979,-0.119119,0.864556,0.577654,0.009598,0.196348,0.198964,0.000000,0.081158,0.010898,-0.096600,-0.226520,0.354742,-0.041632,-0.048160,0.028896,LEADER
1787026857620387031,2026-08-18T11:20:57.620419,prediction,0.154517,0.465000,0.202913,0.155424,0.446839,0.207729,True,0.146762,0.337667,0.194572,0.007755,0.127333,0.008341,0.00,10,-0.117889,0.868311,0.573456,-0.119119,0.864556,0.577654,0.013087,0.184568,0.198525,0.000000,0.080716,0.013517,-0.092260,-0.249760,0.345778,-0.053984,-0.051328,0.030112,LEADER
1787026857653634383,2026-08-18T11:20:57.653651,prediction,0.153709,0.480000,0.202099,0.155070,0.450701,0.207130,True,0.145982,0.340049,0.191910,0.007727,0.139951,0.010189,0.00,10,-0.117129,0.870630,0.570863,-0.117752,0.868728,0.572990,0.013087,0.176277,0.200711,0.000000,0.083335,0.010898,-0.097580,-0.263760,0.354244,-0.059680,-0.046368,0.030016,LEADER
1787026857686789351,2026-08-18T11:20:57.686805,prediction,0.153709,0.480000,0.198504,0.154844,0.454834,0.206169,True,0.145182,0.342490,0.189180,0.008527,0.137510,0.009323,0.00,10,-0.116349,0.873012,0.568200,-0.117752,0.868728,0.572990,0.014831,0.160133,0.202458,0.000000,0.078096,0.016137,-0.110040,-0.253260,0.333245,-0.072256,-0.047872,0.028448,LEADER
1787026857719951944,2026-08-18T11:20:57.719968,prediction,0.153279,0.488000,0.198082,0.154646,0.458167,0.205242,True,0.144363,0.344991,0.186385,0.008915,0.143009,0.011697,0.00,10,-0.115550,0.875454,0.565471,-0.116272,0.873249,0.567936,0.014831,0.147039,0.198964,0.000000,0.078096,0.016137,-0.093800,-0.297780,0.360552,-0.084224,-0.051328,0.028448,LEADER
1787026857753586302,2026-08-18T11:20:57.753609,prediction,0.153279,0.488000,0.194501,0.154420,0.462193,0.204045,True,0.143525,0.347549,0.183525,0.009753,0.140451,0.010976,0.00,10,-0.114730,0.877954,0.562675,-0.116272,0.873249,0.567936,0.016576,0.138748,0.198964,0.000000,0.081158,0.016137,-0.087080,-0.301000,0.352169,-0.088672,-0.050816,0.029728,LEADER
1787026857787300609,2026-08-18T11:20:57.787322,prediction,0.156409,0.496000,0.194093,0.154489,0.465932,0.202912,True,0.142669,0.350164,0.180603,0.013740,0.145836,0.013490,0.00,10,-0.113893,0.880512,0.559815,-0.114799,0.877745,0.562909,0.018320,0.119114,0.198964,0.000000,0.081158,0.018756,-0.074060,-0.306460,0.366279,-0.101184,-0.046816,0.028448,LEADER
1787026857820653759,2026-08-18T11:20:57.820679,prediction,0.155577,0.511000,0.189784,0.154473,0.469613,0.201462,True,0.141795,0.352832,0.177619,0.013782,0.158168,0.012165,0.00,10,-0.113036,0.883127,0.556893,-0.114799,0.877745,0.562909,0.016138,0.109517,0.198525,0.000000,0.078096,0.016137,-0.094500,-0.297500,0.360220,-0.107136,-0.052000,0.031232,LEADER
1787026857853702769,2026-08-18T11:20:57.853726,prediction,0.156409,0.496000,0.186956,0.154571,0.472856,0.200127,True,0.140904,0.355554,0.174577,0.015506,0.140446,0.012379,0.00,10,-0.112162,0.885795,0.553910,-0.113224,0.882554,0.557534,0.017889,0.102970,0.198964,0.002609,0.080716,0.016137,-0.105000,-0.275520,0.358311,-0.110080,-0.049376,0.032448,LEADER
1787026857886823694,2026-08-18T11:20:57.886844,prediction,0.156021,0.503000,0.186622,0.154700,0.475958,0.198830,True,0.139995,0.358327,0.171477,0.016025,0.144673,0.015144,0.00,10,-0.111271,0.888517,0.550867,-0.113224,0.882554,0.557534,0.017889,0.102970,0.198964,0.002609,0.080716,0.016137,-0.105000,-0.275520,0.358311,-0.110080,-0.049376,0.032448,LEADER
1787026857921183381,2026-08-18T11:20:57.921206,prediction,0.155577,0.511000,0.182696,0.154684,0.479032,0.197151,True,0.139071,0.361148,0.168323,0.016506,0.149851,0.014374,0.00,10,-0.110363,0.891290,0.547768,-0.111568,0.887610,0.551882,0.017889,0.102970,0.198964,0.002609,0.080716,0.016137,-0.105000,-0.275520,0.358311,-0.110080,-0.049376,0.032448,LEADER
1787026857954809743,2026-08-18T11:20:57.954851,prediction,0.156409,0.496000,0.183387,0.154782,0.482100,0.195578,True,0.138131,0.364018,0.165115,0.018278,0.131982,0.018272,0.00,10,-0.109438,0.894112,0.544613,-0.111568,0.887610,0.551882,0.017889,0.102970,0.198964,0.002609,0.080716,0.016137,-0.105000,-0.275520,0.358311,-0.110080,-0.049376,0.032448,LEADER
1787026857987826072,2026-08-18T11:20:57.987877,prediction,0.152471,0.503000,0.183065,0.154617,0.485167,0.193984,True,0.137177,0.366933,0.161856,0.015294,0.136067,0.021209,0.00,10,-0.108499,0.896981,0.541405,-0.109854,0.892842,0.546032,0.017889,0.102970,0.198964,0.002609,0.080716,0.016137,-0.105000,-0.275520,0.358311,-0.110080,-0.049376,0.032448,LEADER
1787026858020203182,2026-08-18T11:20:58.020217,prediction,0.152040,0.511000,0.182696,0.154480,0.488233,0.192665,True,0.136208,0.369891,0.158549,0.015833,0.141108,0.024148,0.00,10,-0.107544,0.899896,0.538147,-0.109854,0.892842,0.546032,0.017889,0.101225,0.200711,0.002609,0.080716,0.016137,-0.100380,-0.293160,0.341877,-0.107968,-0.047808,0.031520,LEADER
1787026858054039688,2026-08-18T11:20:58.054066,prediction,0.152040,0.511000,0.182696,0.154369,0.490873,0.191371,True,0.135225,0.372892,0.155195,0.016815,0.138108,0.027502,0.00,10,-0.106575,0.902855,0.534839,-0.108112,0.898161,0.540086,0.017889,0.104283,0.198964,0.000000,0.078096,0.018756,-0.092680,-0.270620,0.358477,-0.104352,-0.053216,0.033856,LEADER
1787026858088735765,2026-08-18T11:20:58.088757,prediction,0.151663,0.518000,0.182374,0.154207,0.493428,0.190031,True,0.134229,0.375932,0.151796,0.017434,0.142069,0.030577,0.00,10,-0.105592,0.905855,0.531485,-0.108112,0.898161,0.540086,0.019634,0.107772,0.200272,0.000000,0.080716,0.018756,-0.088340,-0.288820,0.353912,-0.103296,-0.047712,0.034176,LEADER
1787026858121463262,2026-08-18T11:20:58.121479,prediction,0.151663,0.518000,0.182374,0.154017,0.496339,0.188662,True,0.133221,0.379009,0.148356,0.018442,0.138991,0.034018,0.00,10,-0.104596,0.908895,0.528087,-0.106280,0.903755,0.533832,0.017889,0.109517,0.198964,0.000000,0.080716,0.018756,-0.092960,-0.277340,0.356817,-0.105312,-0.046208,0.034912,LEADER
1787026858153599692,2026-08-18T11:20:58.153635,prediction,0.151663,0.518000,0.182374,0.153881,0.499321,0.187347,True,0.132202,0.382122,0.144877,0.019461,0.135878,0.037497,0.00,10,-0.103588,0.911972,0.524647,-0.106280,0.903755,0.533832,0.019634,0.112568,0.198964,0.000000,0.078096,0.018756,-0.111160,-0.292320,0.359888,-0.107968,-0.049984,0.031072,LEADER
1787026858186512726,2026-08-18T11:20:58.186526,prediction,0.152040,0.511000,0.182696,0.153769,0.501944,0.186293,True,0.131171,0.385268,0.141360,0.020869,0.125732,0.041337,0.00,10,-0.102569,0.915085,0.521167,-0.104400,0.909494,0.527417,0.019634,0.117370,0.198964,0.002609,0.081158,0.021375,-0.118020,-0.304360,0.355904,-0.109824,-0.047488,0.031520,LEADER
1787026858220251339,2026-08-18T11:20:58.220267,prediction,0.151663,0.518000,0.182374,0.153662,0.504496,0.185246,True,0.130131,0.388444,0.137808,0.021532,0.129556,0.044566,0.00,10,-0.101539,0.918231,0.517650,-0.104400,0.909494,0.527417,0.020940,0.117808,0.201142,0.002609,0.081158,0.021375,-0.119840,-0.287560,0.362129,-0.109696,-0.048160,0.031680,LEADER
1787026858253519179,2026-08-18T11:20:58.253534,prediction,0.150855,0.533000,0.181683,0.153500,0.506606,0.184391,True,0.129081,0.391650,0.134225,0.021774,0.141350,0.047458,0.00,10,-0.100498,0.921408,0.514099,-0.102476,0.915370,0.520848,0.021378,0.120859,0.200711,0.000000,0.078096,0.018756,-0.118020,-0.270200,0.358311,-0.112384,-0.046592,0.033344,LEADER
1787026858286780517,2026-08-18T11:20:58.286797,prediction,0.150855,0.533000,0.181683,0.153130,0.509428,0.183564,True,0.128022,0.394882,0.130612,0.022833,0.138118,0.051072,0.00,10,-0.099448,0.924613,0.510515,-0.102476,0.915370,0.520848,0.021378,0.124354,0.200711,0.000000,0.080716,0.021375,-0.119840,-0.275800,0.356651,-0.111040,-0.049664,0.031072,LEADER
1787026858319999445,2026-08-18T11:20:58.320016,prediction,0.150855,0.533000,0.181683,0.152815,0.511966,0.183024,True,0.126956,0.398138,0.126971,0.023900,0.134862,0.054712,0.00,10,-0.098389,0.927845,0.506902,-0.100509,0.921375,0.514135,0.021378,0.127406,0.200711,0.002609,0.080716,0.021375,-0.121100,-0.277340,0.363125,-0.112256,-0.046976,0.032512,LEADER
1787026858353440610,2026-08-18T11:20:58.353459,prediction,0.151232,0.526000,0.182005,0.152470,0.514446,0.182694,True,0.125882,0.401416,0.123307,0.025350,0.124584,0.058699,0.00,10,-0.097323,0.931101,0.503262,-0.100509,0.921375,0.514135,0.023122,0.133952,0.200711,0.002609,0.080716,0.021375,-0.096600,-0.298480,0.355904,-0.111648,-0.044800,0.033344,LEADER
1787026858386878509,2026-08-18T11:20:58.386897,prediction,0.151232,0.526000,0.178487,0.152151,0.516169,0.182152,True,0.124802,0.404714,0.119621,0.026430,0.121286,0.058866,0.00,10,-0.096249,0.934379,0.499597,-0.098498,0.927514,0.507272,0.020940,0.135697,0.198964,0.000000,0.080716,0.021807,-0.102900,-0.290780,0.369516,-0.113152,-0.048768,0.035744,LEADER
1787026858420395416,2026-08-18T11:20:58.420410,prediction,0.150855,0.533000,0.178176,0.151836,0.517741,0.181850,True,0.123716,0.408028,0.115915,0.027139,0.124972,0.062260,0.00,10,-0.095169,0.937677,0.495911,-0.098498,0.927514,0.507272,0.021378,0.137441,0.200711,0.003051,0.080716,0.023995,-0.126420,-0.282380,0.358145,-0.111264,-0.045472,0.035072,LEADER
1787026858453507023,2026-08-18T11:20:58.453525,prediction,0.150855,0.533000,0.178176,0.151466,0.519655,0.181503,True,0.122626,0.411358,0.112194,0.028229,0.121642,0.065982,0.00,10,-0.094084,0.940991,0.492206,-0.096452,0.933761,0.500289,0.023122,0.142243,0.200711,0.000000,0.078096,0.024426,-0.125440,-0.287560,0.363291,-0.111872,-0.046880,0.035136,LEADER
1787026858486854161,2026-08-18T11:20:58.486872,prediction,0.150855,0.533000,0.178176,0.151358,0.521638,0.181177,True,0.121532,0.414699,0.108458,0.029324,0.118301,0.069717,0.00,10,-0.092993,0.944321,0.488484,-0.096452,0.933761,0.500289,0.024429,0.145295,0.200711,0.000000,0.078096,0.023995,-0.134820,-0.283640,0.359556,-0.112320,-0.048160,0.032800,LEADER
1787026858520590319,2026-08-18T11:20:58.520611,prediction,0.150855,0.533000,0.178176,0.151279,0.523634,0.180876,True,0.120434,0.418050,0.104712,0.030421,0.114950,0.073464,0.00,10,-0.091899,0.947662,0.484749,-0.094382,0.940081,0.493223,0.024429,0.148784,0.198964,0.000000,0.081158,0.023995,-0.134120,-0.295680,0.361797,-0.110432,-0.044192,0.032128,LEADER
1787026858554274420,2026-08-18T11:20:58.554328,prediction,0.151232,0.526000,0.178487,0.151225,0.525207,0.180595,True,0.119334,0.421409,0.100957,0.031898,0.104591,0.077529,0.00,10,-0.090801,0.951013,0.481002,-0.094382,0.940081,0.493223,0.026174,0.152279,0.200711,0.002609,0.080716,0.023995,-0.099400,-0.306180,0.363540,-0.110880,-0.043808,0.032960,LEADER
1787026858587830931,2026-08-18T11:20:58.587858,prediction,0.150855,0.533000,0.178176,0.151171,0.526695,0.180315,True,0.118232,0.424772,0.097197,0.032623,0.108228,0.080978,0.00,10,-0.089701,0.954372,0.477248,-0.092277,0.946508,0.486039,0.026174,0.153586,0.198525,0.000000,0.080716,0.026614,-0.093800,-0.303100,0.381551,-0.111488,-0.042144,0.032352,LEADER
1787026858619943415,2026-08-18T11:20:58.619958,prediction,0.153967,0.540000,0.174369,0.151325,0.527792,0.179781,True,0.117130,0.428138,0.093435,0.036838,0.111862,0.080935,0.00,10,-0.088599,0.957735,0.473488,-0.092277,0.946508,0.486039,0.022685,0.157075,0.198964,0.003051,0.078096,0.027045,-0.112140,-0.316120,0.374828,-0.111104,-0.046752,0.032128,LEADER
1787026858653627125,2026-08-18T11:20:58.653643,prediction,0.150478,0.540000,0.174369,0.151246,0.529185,0.179248,True,0.116027,0.431504,0.089672,0.034451,0.108496,0.084697,0.00,10,-0.087497,0.961101,0.469725,-0.090150,0.953002,0.478779,0.024429,0.160133,0.200711,0.005228,0.078538,0.024426,-0.129500,-0.303800,0.357979,-0.110368,-0.044928,0.033856,LEADER
1787026858687015571,2026-08-18T11:20:58.687031,prediction,0.150048,0.548000,0.174027,0.151113,0.530637,0.178670,True,0.114926,0.434868,0.085912,0.035122,0.113133,0.088115,0.00,10,-0.086395,0.964467,0.465962,-0.090150,0.953002,0.478779,0.024429,0.160133,0.200711,0.002609,0.081158,0.027045,-0.131740,-0.298200,0.361465,-0.108928,-0.042464,0.032064,LEADER
1787026858720552826,2026-08-18T11:20:58.720570,prediction,0.150478,0.540000,0.174369,0.151034,0.532101,0.178136,True,0.113826,0.438226,0.082157,0.036653,0.101774,0.092212,0.00,10,-0.085293,0.967831,0.462202,-0.088017,0.959513,0.471500,0.026174,0.165366,0.198964,0.002609,0.078096,0.027045,-0.130480,-0.309680,0.367939,-0.109248,-0.048320,0.032672,LEADER
1787026858754451468,2026-08-18T11:20:58.754489,prediction,0.150478,0.540000,0.174369,0.151009,0.533567,0.177648,True,0.112728,0.441577,0.078411,0.037750,0.098423,0.095958,0.00,10,-0.084193,0.971189,0.458448,-0.088017,0.959513,0.471500,0.026174,0.166673,0.198964,0.002609,0.080716,0.027045,-0.110880,-0.323540,0.358145,-0.109376,-0.043648,0.033952,LEADER
1787026858788991242,2026-08-18T11:20:58.789008,prediction,0.150048,0.548000,0.170545,0.150955,0.534233,0.176906,True,0.111634,0.444919,0.074676,0.038414,0.103081,0.095869,0.00,10,-0.083095,0.974540,0.454701,-0.085866,0.966081,0.464159,0.026174,0.166673,0.198964,0.002609,0.080716,0.027045,-0.110880,-0.323540,0.358145,-0.109376,-0.043648,0.033952,LEADER
1787026858820655336,2026-08-18T11:20:58.820680,prediction,0.150855,0.533000,0.171161,0.150955,0.534740,0.176204,True,0.110543,0.448248,0.070954,0.040312,0.084752,0.100207,0.00,10,-0.082001,0.977882,0.450966,-0.085866,0.966081,0.464159,0.026174,0.166673,0.198964,0.002609,0.080716,0.027045,-0.110880,-0.323540,0.358145,-0.109376,-0.043648,0.033952,LEADER
1787026858853960747,2026-08-18T11:20:58.853985,prediction,0.150478,0.540000,0.170873,0.150905,0.535215,0.175462,True,0.109458,0.451562,0.067249,0.041021,0.088438,0.103625,0.00,10,-0.080910,0.981211,0.447244,-0.083738,0.972579,0.456894,0.026174,0.166673,0.198964,0.002609,0.080716,0.027045,-0.110880,-0.323540,0.358145,-0.109376,-0.043648,0.033952,LEADER
1787026858886773554,2026-08-18T11:20:58.886798,prediction,0.150048,0.548000,0.170545,0.150826,0.536056,0.174933,True,0.108378,0.454860,0.063562,0.041670,0.093140,0.106982,0.00,10,-0.079825,0.984525,0.443539,-0.083738,0.972579,0.456894,0.026174,0.167986,0.198964,0.002609,0.078096,0.024426,-0.098560,-0.323820,0.372255,-0.110880,-0.045024,0.033952,LEADER
1787026858920023120,2026-08-18T11:20:58.920039,prediction,0.150478,0.540000,0.170873,0.150801,0.536971,0.174446,True,0.107304,0.458138,0.059898,0.043175,0.081862,0.110976,0.00,10,-0.078745,0.987823,0.439853,-0.081618,0.979051,0.449659,0.026174,0.179766,0.196785,0.002609,0.081158,0.026614,-0.116760,-0.330400,0.369682,-0.108704,-0.041920,0.031168,LEADER
1787026858953963981,2026-08-18T11:20:58.953997,prediction,0.149671,0.555000,0.170257,0.150722,0.537954,0.173918,True,0.106237,0.461394,0.056258,0.043433,0.093606,0.113999,0.00,10,-0.077671,0.991101,0.436188,-0.081618,0.979051,0.449659,0.025742,0.181073,0.198964,0.000000,0.080716,0.027045,-0.126700,-0.331380,0.361465,-0.109376,-0.049824,0.030400,LEADER
1787026858987490255,2026-08-18T11:20:58.987516,prediction,0.149671,0.555000,0.166786,0.150643,0.539324,0.173159,True,0.105179,0.464626,0.052645,0.044492,0.090374,0.114141,0.00,10,-0.076605,0.994357,0.432548,-0.079471,0.985605,0.442332,0.026174,0.182817,0.198964,0.002609,0.078096,0.027045,-0.108080,-0.312480,0.363706,-0.108416,-0.045920,0.031904,LEADER
1787026859019854101,2026-08-18T11:20:59.019866,prediction,0.145841,0.562000,0.166510,0.150308,0.540771,0.172381,True,0.104129,0.467832,0.049061,0.041712,0.094168,0.117449,0.00,10,-0.075546,0.997589,0.428935,-0.079471,0.985605,0.442332,0.026174,0.185875,0.200711,0.002609,0.080716,0.027045,-0.114380,-0.329420,0.353663,-0.106080,-0.047424,0.033184,LEADER
1787026859053510729,2026-08-18T11:20:59.053552,prediction,0.146572,0.548000,0.167062,0.149998,0.542234,0.171619,True,0.103088,0.471009,0.045509,0.043483,0.076991,0.121552,0.00,10,-0.074496,1.000795,0.425351,-0.077325,0.992157,0.435007,0.024429,0.189364,0.200711,0.002609,0.078096,0.026614,-0.126700,-0.326060,0.359888,-0.105472,-0.051776,0.034400,LEADER
1787026859086443591,2026-08-18T11:20:59.086456,prediction,0.145475,0.569000,0.162786,0.149639,0.544074,0.170593,True,0.102058,0.474155,0.041993,0.043418,0.094845,0.120793,0.00,10,-0.073455,1.003972,0.421800,-0.077325,0.992157,0.435007,0.026174,0.191108,0.198964,0.002609,0.078096,0.027045,-0.119560,-0.332500,0.365864,-0.110304,-0.046528,0.032896,LEADER
1787026859120161034,2026-08-18T11:20:59.120178,prediction,0.145110,0.576000,0.162521,0.149049,0.546361,0.169803,True,0.101038,0.477267,0.038513,0.044072,0.098733,0.124008,0.00,10,-0.072425,1.007118,0.418283,-0.075211,0.998611,0.427792,0.026174,0.192853,0.200711,0.002609,0.078096,0.027045,-0.136080,-0.338100,0.369184,-0.109824,-0.046656,0.033568,LEADER
1787026859154099621,2026-08-18T11:20:59.154125,prediction,0.142742,0.555000,0.159844,0.148533,0.548366,0.168835,True,0.100030,0.480345,0.035073,0.042712,0.074655,0.124771,0.00,10,-0.071406,1.010230,0.414803,-0.075211,0.998611,0.427792,0.026174,0.191108,0.200711,0.002609,0.080716,0.027045,-0.135660,-0.307720,0.365698,-0.106752,-0.048096,0.034400,LEADER
1787026859187326244,2026-08-18T11:20:59.187352,prediction,0.142034,0.569000,0.159338,0.147999,0.550313,0.167856,True,0.099035,0.483384,0.031674,0.042999,0.085616,0.127663,0.00,10,-0.070398,1.013308,0.411363,-0.073075,1.005132,0.420503,0.026174,0.191108,0.200711,0.002609,0.080716,0.027045,-0.135660,-0.307720,0.365698,-0.106752,-0.048096,0.034400,LEADER
1787026859220753973,2026-08-18T11:20:59.220781,prediction,0.141680,0.576000,0.159085,0.147412,0.552249,0.166837,True,0.098052,0.486385,0.028320,0.043628,0.089615,0.130764,0.00,10,-0.069402,1.016348,0.407965,-0.073075,1.005132,0.420503,0.026174,0.191108,0.200711,0.002609,0.080716,0.027045,-0.135660,-0.307720,0.365698,-0.106752,-0.048096,0.034400,LEADER
1787026859254434987,2026-08-18T11:20:59.254462,prediction,0.142034,0.569000,0.155890,0.146849,0.554183,0.165605,True,0.097083,0.489343,0.025013,0.044951,0.079657,0.130877,0.00,10,-0.068419,1.019348,0.404611,-0.070975,1.011544,0.413335,0.026174,0.191108,0.200711,0.002609,0.080716,0.027045,-0.135660,-0.307720,0.365698,-0.106752,-0.048096,0.034400,LEADER
1787026859286874595,2026-08-18T11:20:59.286891,prediction,0.140973,0.590000,0.155166,0.146244,0.556490,0.164580,True,0.096128,0.492258,0.021754,0.044844,0.097742,0.133411,0.00,10,-0.067450,1.022306,0.401303,-0.070975,1.011544,0.413335,0.027487,0.195911,0.200711,0.003051,0.080716,0.029665,-0.119280,-0.343700,0.360054,-0.106144,-0.050496,0.034784,LEADER
1787026859320269452,2026-08-18T11:20:59.320296,prediction,0.137908,0.583000,0.155407,0.145381,0.559245,0.163529,True,0.095188,0.495128,0.018547,0.042720,0.087872,0.136860,0.00,10,-0.066495,1.025221,0.398045,-0.068921,1.017816,0.406323,0.026174,0.197655,0.198964,0.003051,0.080716,0.027045,-0.136080,-0.333480,0.358311,-0.104864,-0.046304,0.033280,LEADER
1787026859353479794,2026-08-18T11:20:59.353494,prediction,0.137224,0.597000,0.151523,0.144497,0.562462,0.162239,True,0.094264,0.497950,0.015392,0.042959,0.099050,0.136131,0.00,10,-0.065556,1.028091,0.394837,-0.068921,1.017816,0.406323,0.024429,0.200706,0.198964,0.000000,0.080716,0.026614,-0.136920,-0.351120,0.367607,-0.107968,-0.045024,0.033120,LEADER
1787026859386789232,2026-08-18T11:20:59.386808,prediction,0.138593,0.569000,0.148994,0.143734,0.565399,0.160803,True,0.093356,0.500722,0.012292,0.045237,0.068278,0.136702,0.00,10,-0.064631,1.030913,0.391682,-0.066894,1.024003,0.399406,0.026174,0.199400,0.200711,0.002609,0.078096,0.024426,-0.124880,-0.352100,0.366113,-0.111264,-0.047360,0.032288,LEADER
1787026859420224095,2026-08-18T11:20:59.420238,prediction,0.137224,0.597000,0.148121,0.142850,0.569027,0.159286,True,0.092465,0.503444,0.009250,0.044759,0.093556,0.138871,0.00,10,-0.063723,1.033685,0.388583,-0.066894,1.024003,0.399406,0.025742,0.197655,0.201142,0.002609,0.080716,0.023995,-0.113960,-0.347760,0.375326,-0.110432,-0.042816,0.032800,LEADER
1787026859453452591,2026-08-18T11:20:59.453468,prediction,0.135152,0.569000,0.148994,0.141882,0.570872,0.157868,True,0.091590,0.506113,0.006267,0.043561,0.062887,0.142728,0.00,10,-0.062832,1.036407,0.385540,-0.064926,1.030014,0.392687,0.022685,0.200706,0.200711,0.002609,0.080716,0.026614,-0.134120,-0.349580,0.362129,-0.104704,-0.043648,0.036192,LEADER
1787026859486728326,2026-08-18T11:20:59.486750,prediction,0.133829,0.597000,0.144719,0.140826,0.573481,0.156397,True,0.090734,0.508727,0.003344,0.043094,0.088273,0.141375,0.00,10,-0.061958,1.039076,0.382557,-0.064926,1.030014,0.392687,0.024429,0.200706,0.196785,0.000000,0.081158,0.027045,-0.134120,-0.373520,0.383128,-0.110752,-0.049376,0.036640,LEADER
1787026859520726685,2026-08-18T11:20:59.520753,prediction,0.134821,0.576000,0.145340,0.140091,0.575123,0.154986,True,0.089896,0.511285,0.000484,0.044925,0.064715,0.144855,0.00,10,-0.061101,1.041690,0.379635,-0.063032,1.035794,0.386225,0.024429,0.200706,0.198964,0.000000,0.081158,0.027045,-0.130760,-0.364140,0.364868,-0.112320,-0.047264,0.035360,LEADER
1787026859553592501,2026-08-18T11:20:59.553617,prediction,0.135813,0.555000,0.142489,0.139374,0.576571,0.153348,True,0.089077,0.513786,-0.002311,0.046736,0.041214,0.144800,0.00,10,-0.060264,1.044248,0.376775,-0.063032,1.035794,0.386225,0.022685,0.199400,0.200711,0.003051,0.078096,0.023995,-0.144060,-0.340620,0.369682,-0.112640,-0.046528,0.032896,LEADER
1787026859586799046,2026-08-18T11:20:59.586823,prediction,0.135482,0.562000,0.142294,0.138708,0.576861,0.151982,True,0.088278,0.516227,-0.005041,0.047205,0.045773,0.147334,0.00,10,-0.059444,1.046749,0.373979,-0.061189,1.041424,0.379932,0.026174,0.201144,0.202458,0.002609,0.080716,0.024426,-0.122640,-0.361060,0.358311,-0.108928,-0.048704,0.030624,LEADER
1787026859620720060,2026-08-18T11:20:59.620748,prediction,0.134821,0.576000,0.138467,0.138022,0.576546,0.150378,True,0.087498,0.518609,-0.007703,0.047323,0.057391,0.146170,0.00,10,-0.058645,1.049191,0.371250,-0.061189,1.041424,0.379932,0.025742,0.199400,0.200711,0.000000,0.080716,0.023995,-0.096040,-0.364840,0.373832,-0.112704,-0.046816,0.030336,LEADER
1787026859653485548,2026-08-18T11:20:59.653503,prediction,0.133829,0.597000,0.137916,0.137428,0.576856,0.148916,True,0.086738,0.520929,-0.010296,0.047091,0.076072,0.148212,0.00,10,-0.057865,1.051572,0.368587,-0.059405,1.046869,0.373845,0.025742,0.199400,0.200711,0.000000,0.080716,0.023995,-0.096040,-0.364840,0.373832,-0.112704,-0.046816,0.030336,LEADER
1787026859686809363,2026-08-18T11:20:59.686828,prediction,0.135152,0.569000,0.138651,0.136969,0.577291,0.147537,True,0.085999,0.523185,-0.012819,0.049153,0.045815,0.151470,0.00,10,-0.057105,1.053892,0.365994,-0.059405,1.046869,0.373845,0.025742,0.199400,0.200711,0.000000,0.080716,0.023995,-0.096040,-0.364840,0.373832,-0.112704,-0.046816,0.030336,LEADER
1787026859720189473,2026-08-18T11:20:59.720210,prediction,0.134159,0.590000,0.134687,0.136467,0.578498,0.145910,True,0.085280,0.525378,-0.015271,0.048879,0.064622,0.149957,0.00,10,-0.056366,1.056149,0.363471,-0.057681,1.052133,0.367960,0.025742,0.199400,0.200711,0.000000,0.080716,0.023995,-0.096040,-0.364840,0.373832,-0.112704,-0.046816,0.030336,LEADER
1787026859753366823,2026-08-18T11:20:59.753389,prediction,0.131710,0.569000,0.131755,0.135779,0.578740,0.144301,True,0.084583,0.527506,-0.017649,0.047127,0.041494,0.149404,0.00,10,-0.055648,1.058341,0.361020,-0.057681,1.052133,0.367960,0.024429,0.201144,0.198964,0.003051,0.080716,0.024426,-0.093240,-0.378700,0.367773,-0.115040,-0.046752,0.031296,LEADER
1787026859787365743,2026-08-18T11:20:59.787398,prediction,0.130753,0.590000,0.127860,0.135098,0.579535,0.142481,True,0.083908,0.529568,-0.019954,0.046845,0.060432,0.147815,0.00,10,-0.054951,1.060469,0.358641,-0.056105,1.056944,0.362582,0.024867,0.200706,0.200711,0.002609,0.080716,0.024426,-0.122080,-0.403900,0.375326,-0.115872,-0.048096,0.032288,LEADER
1787026859819883677,2026-08-18T11:20:59.819896,prediction,0.134036,0.518000,0.129392,0.134840,0.578947,0.140747,True,0.083255,0.531563,-0.022185,0.050782,0.013563,0.151577,0.00,10,-0.054275,1.062531,0.356336,-0.056105,1.056944,0.362582,0.024429,0.199400,0.202889,0.000000,0.078538,0.024426,-0.108780,-0.367640,0.353663,-0.114144,-0.051424,0.035840,LEADER
1787026859853505611,2026-08-18T11:20:59.853519,prediction,0.131551,0.572500,0.124790,0.134462,0.577896,0.138965,True,0.082623,0.533491,-0.024340,0.048928,0.039009,0.149130,0.00,10,-0.053622,1.064526,0.354106,-0.054573,1.061621,0.357353,0.024867,0.201144,0.201142,0.002609,0.080716,0.024426,-0.078400,-0.385560,0.374828,-0.111104,-0.045824,0.036800,LEADER
1787026859887185443,2026-08-18T11:20:59.887212,prediction,0.128885,0.555000,0.121663,0.133814,0.576193,0.137142,True,0.082014,0.535350,-0.026418,0.046870,0.019650,0.148081,0.00,10,-0.052990,1.066454,0.351951,-0.054573,1.061621,0.357353,0.022685,0.202457,0.197216,0.000000,0.080716,0.021375,-0.093520,-0.406980,0.384954,-0.113600,-0.045024,0.035136,LEADER
1787026859920492877,2026-08-18T11:20:59.920521,prediction,0.129192,0.548000,0.118306,0.133279,0.573612,0.135155,True,0.081428,0.537141,-0.028420,0.047765,0.010859,0.146726,0.00,10,-0.052381,1.068313,0.349872,-0.053124,1.066045,0.352408,0.019634,0.198962,0.198525,0.000000,0.078538,0.021807,-0.121100,-0.386260,0.377235,-0.115936,-0.048864,0.032352,LEADER
1787026859953904737,2026-08-18T11:20:59.953939,prediction,0.125124,0.562000,0.118078,0.132610,0.572349,0.133094,True,0.080864,0.538862,-0.030344,0.044260,0.023138,0.148422,0.00,10,-0.051795,1.070104,0.347870,-0.053124,1.066045,0.352408,0.019634,0.198962,0.198525,0.000000,0.078538,0.021807,-0.121100,-0.386260,0.377235,-0.115936,-0.048864,0.032352,LEADER
1787026859987374204,2026-08-18T11:20:59.987402,prediction,0.124088,0.586500,0.114259,0.131961,0.570230,0.131063,True,0.080323,0.540514,-0.032191,0.043765,0.045986,0.146449,0.00,10,-0.051231,1.071825,0.345946,-0.051784,1.070138,0.347833,0.019634,0.198962,0.198525,0.000000,0.078538,0.021807,-0.121100,-0.386260,0.377235,-0.115936,-0.048864,0.032352,LEADER
1787026860020043722,2026-08-18T11:21:00.020058,prediction,0.126055,0.540000,0.111445,0.131377,0.569059,0.128803,True,0.079805,0.542096,-0.033959,0.046250,0.002096,0.145404,0.00,10,-0.050690,1.073477,0.344100,-0.051784,1.070138,0.347833,0.019634,0.198962,0.198525,0.000000,0.078538,0.021807,-0.121100,-0.386260,0.377235,-0.115936,-0.048864,0.032352,LEADER
1787026860053846705,2026-08-18T11:21:00.053872,prediction,0.126055,0.540000,0.107949,0.130726,0.566905,0.126501,True,0.079310,0.543608,-0.035649,0.046745,0.003608,0.143598,0.00,10,-0.050172,1.075059,0.342331,-0.050548,1.073911,0.343614,0.019634,0.198962,0.198525,0.000000,0.078538,0.021807,-0.121100,-0.386260,0.377235,-0.115936,-0.048864,0.032352,LEADER
1787026860086821325,2026-08-18T11:21:00.086845,prediction,0.122241,0.548000,0.104376,0.129843,0.565301,0.123973,True,0.078837,0.545049,-0.037261,0.043403,0.002951,0.141637,0.00,10,-0.049677,1.076571,0.340641,-0.050548,1.073911,0.343614,0.019634,0.198962,0.198525,0.000000,0.078538,0.021807,-0.121100,-0.386260,0.377235,-0.115936,-0.048864,0.032352,LEADER
1787026860120019394,2026-08-18T11:21:00.120037,prediction,0.122850,0.533000,0.101014,0.129045,0.563807,0.121476,True,0.078388,0.546421,-0.038794,0.044462,0.013421,0.139809,0.00,10,-0.049205,1.078012,0.339030,-0.049421,1.077351,0.339769,0.019634,0.194604,0.200711,0.000000,0.080716,0.018756,-0.085120,-0.409780,0.373500,-0.115264,-0.044256,0.034560,LEADER
1787026860153491145,2026-08-18T11:21:00.153513,prediction,0.122566,0.540000,0.100958,0.128294,0.561588,0.119012,True,0.077962,0.547723,-0.040250,0.044604,0.007723,0.141208,0.00,10,-0.048755,1.079384,0.337496,-0.049421,1.077351,0.339769,0.017889,0.191108,0.200711,0.003051,0.078096,0.018756,-0.100660,-0.427700,0.376239,-0.119040,-0.049920,0.037120,LEADER
1787026860187385008,2026-08-18T11:21:00.187417,prediction,0.119077,0.540000,0.093966,0.127223,0.559224,0.116033,True,0.077558,0.548956,-0.041628,0.041519,0.008956,0.135594,0.00,10,-0.048329,1.080686,0.336040,-0.048401,1.080465,0.336288,0.018320,0.189364,0.198964,0.000000,0.083335,0.018756,-0.111160,-0.430500,0.374164,-0.120768,-0.044256,0.035584,LEADER
1787026860220073993,2026-08-18T11:21:00.220092,prediction,0.114504,0.569000,0.093828,0.125912,0.556085,0.113309,True,0.077177,0.550120,-0.042929,0.037328,0.018880,0.136758,0.00,10,-0.047925,1.081919,0.334662,-0.048401,1.080465,0.336288,0.016576,0.186313,0.202458,0.002609,0.080716,0.016137,-0.113960,-0.431760,0.361050,-0.117984,-0.045536,0.036736,LEADER
1787026860253105008,2026-08-18T11:21:00.253117,prediction,0.114766,0.562000,0.090402,0.124783,0.555084,0.110552,True,0.076818,0.551215,-0.044154,0.037948,0.010785,0.134556,0.00,10,-0.047544,1.083083,0.333361,-0.047500,1.083217,0.333211,0.017889,0.179766,0.200711,0.000000,0.080716,0.018756,-0.109060,-0.453740,0.376405,-0.115936,-0.048768,0.035072,LEADER
1787026860287311427,2026-08-18T11:21:00.287341,prediction,0.117232,0.496000,0.087038,0.123881,0.553390,0.107831,True,0.076481,0.552243,-0.045303,0.040751,0.056243,0.132341,0.00,10,-0.047185,1.084178,0.332136,-0.047500,1.083217,0.333211,0.016138,0.178022,0.198964,0.000000,0.078096,0.018756,-0.116480,-0.457800,0.378480,-0.116928,-0.049664,0.034240,LEADER
1787026860320598222,2026-08-18T11:21:00.320628,prediction,0.114766,0.562000,0.083483,0.122597,0.552678,0.104770,True,0.076166,0.553204,-0.046377,0.038599,0.008796,0.129860,0.00,10,-0.046848,1.085206,0.330987,-0.046715,1.085614,0.330532,0.016138,0.170168,0.198964,0.000000,0.078096,0.016579,-0.119000,-0.426160,0.387942,-0.119616,-0.047040,0.035520,LEADER
1787026860353400059,2026-08-18T11:21:00.353419,prediction,0.111563,0.555000,0.080011,0.121264,0.551602,0.101785,True,0.075873,0.554099,-0.047378,0.035690,0.000901,0.127389,0.00,10,-0.046534,1.086167,0.329913,-0.046715,1.085614,0.330532,0.014831,0.168424,0.200711,0.002609,0.080716,0.016137,-0.122080,-0.444780,0.370512,-0.119104,-0.044192,0.034176,LEADER
1787026860387101220,2026-08-18T11:21:00.387138,prediction,0.110813,0.576000,0.076613,0.120059,0.551760,0.098782,True,0.075601,0.554930,-0.048306,0.035212,0.021070,0.124920,0.00,10,-0.046240,1.087062,0.328912,-0.046046,1.087655,0.328250,0.016138,0.163621,0.198525,0.000000,0.080716,0.016137,-0.091140,-0.471380,0.384456,-0.115264,-0.046976,0.034176,LEADER
1787026860420812381,2026-08-18T11:21:00.420834,prediction,0.111563,0.555000,0.073069,0.118884,0.551792,0.095766,True,0.075350,0.555697,-0.049164,0.036213,0.000697,0.122233,0.00,10,-0.045968,1.087893,0.327984,-0.046046,1.087655,0.328250,0.014394,0.161877,0.197216,0.000000,0.080716,0.016137,-0.087640,-0.467460,0.372255,-0.116480,-0.046976,0.032960,LEADER
1787026860454031569,2026-08-18T11:21:00.454065,prediction,0.107860,0.562000,0.069645,0.117733,0.552172,0.092537,True,0.075119,0.556402,-0.049952,0.032741,0.005598,0.119597,0.00,10,-0.045717,1.088660,0.327127,-0.045485,1.089368,0.326335,0.014831,0.155330,0.198964,0.000000,0.078096,0.013517,-0.084840,-0.465920,0.384954,-0.119776,-0.045824,0.030720,LEADER
1787026860487347769,2026-08-18T11:21:00.487384,prediction,0.108354,0.547500,0.069547,0.116684,0.551874,0.089556,True,0.074908,0.557046,-0.050672,0.033446,0.009546,0.120219,0.00,10,-0.045486,1.089365,0.326339,-0.045485,1.089368,0.326335,0.013087,0.150097,0.200711,0.000000,0.078096,0.016137,-0.097300,-0.470260,0.389270,-0.121216,-0.050496,0.030464,LEADER
1787026860520092097,2026-08-18T11:21:00.520108,prediction,0.107503,0.572500,0.066275,0.115447,0.551815,0.086545,True,0.074716,0.557632,-0.051327,0.032786,0.014868,0.117602,0.00,10,-0.045275,1.090009,0.325618,-0.045038,1.090735,0.324807,0.013087,0.145295,0.200711,0.000000,0.080716,0.010467,-0.108080,-0.467040,0.374994,-0.119776,-0.046528,0.032960,LEADER
1787026860553243739,2026-08-18T11:21:00.553260,prediction,0.107383,0.576000,0.062868,0.114203,0.553536,0.083540,True,0.074543,0.558160,-0.051918,0.032840,0.017840,0.114786,0.00,10,-0.045083,1.090595,0.324964,-0.045038,1.090735,0.324807,0.011342,0.138748,0.198964,0.002609,0.080716,0.013517,-0.110880,-0.482860,0.375907,-0.121216,-0.048384,0.032064,LEADER
1787026860587240495,2026-08-18T11:21:00.587262,prediction,0.107145,0.583000,0.059514,0.113196,0.555801,0.080549,True,0.074388,0.558634,-0.052447,0.032757,0.024366,0.111961,0.00,10,-0.044910,1.091123,0.324373,-0.044691,1.091794,0.323623,0.011342,0.137441,0.198964,0.000000,0.080716,0.013517,-0.112420,-0.497140,0.376239,-0.122272,-0.051936,0.031904,LEADER
1787026860620078389,2026-08-18T11:21:00.620095,prediction,0.107622,0.569000,0.055902,0.112181,0.558173,0.077541,True,0.074250,0.559055,-0.052918,0.033372,0.009945,0.108819,0.00,10,-0.044755,1.091597,0.323843,-0.044691,1.091794,0.323623,0.011780,0.129150,0.198964,0.000000,0.080716,0.010467,-0.110320,-0.492520,0.388606,-0.124960,-0.048544,0.033856,LEADER
1787026860653184655,2026-08-18T11:21:00.653201,prediction,0.107622,0.569000,0.049006,0.111185,0.560195,0.074078,True,0.074129,0.559425,-0.053331,0.033493,0.009575,0.102337,0.00,10,-0.044617,1.092018,0.323373,-0.044428,1.092597,0.322725,0.010029,0.122172,0.200711,0.000000,0.078096,0.010898,-0.112140,-0.476420,0.379808,-0.123616,-0.048864,0.033280,LEADER
1787026860687046068,2026-08-18T11:21:00.687061,prediction,0.107383,0.576000,0.049123,0.110405,0.562146,0.071088,True,0.074023,0.559747,-0.053692,0.033360,0.016253,0.102815,0.00,10,-0.044496,1.092388,0.322959,-0.044428,1.092597,0.322725,0.011342,0.117808,0.202458,0.000000,0.078096,0.010898,-0.113680,-0.480760,0.371425,-0.120608,-0.052704,0.031904,LEADER
1787026860720539540,2026-08-18T11:21:00.720557,prediction,0.107145,0.583000,0.045815,0.109915,0.564456,0.067887,True,0.073933,0.560024,-0.054001,0.033212,0.022976,0.099816,0.00,10,-0.044391,1.092710,0.322599,-0.044240,1.093169,0.322086,0.009598,0.116063,0.200711,0.000000,0.083766,0.010467,-0.119840,-0.501480,0.388274,-0.120768,-0.050592,0.033344,LEADER
1787026860753431766,2026-08-18T11:21:00.753447,prediction,0.107145,0.583000,0.042391,0.109407,0.566038,0.064687,True,0.073856,0.560258,-0.054263,0.033289,0.022742,0.096653,0.00,10,-0.044300,1.092987,0.322289,-0.044240,1.093169,0.322086,0.010029,0.111261,0.198964,0.000000,0.081158,0.010898,-0.119000,-0.508900,0.386697,-0.120896,-0.047872,0.033728,LEADER
1787026860786769196,2026-08-18T11:21:00.786786,prediction,0.107860,0.562000,0.038511,0.108782,0.567474,0.061452,True,0.073792,0.560452,-0.054480,0.034068,0.001548,0.092991,0.00,10,-0.044223,1.093221,0.322028,-0.044223,1.093221,0.322028,0.010029,0.111261,0.198964,0.000000,0.081158,0.010898,-0.119000,-0.508900,0.386697,-0.120896,-0.047872,0.033728,LEADER
1787026860820103069,2026-08-18T11:21:00.820121,prediction,0.108337,0.548000,0.038207,0.108353,0.567762,0.058433,True,0.073741,0.560610,-0.054657,0.034596,0.012610,0.092864,0.00,10,-0.044160,1.093416,0.321810,-0.044223,1.093221,0.322028,0.010029,0.111261,0.198964,0.000000,0.081158,0.010898,-0.119000,-0.508900,0.386697,-0.120896,-0.047872,0.033728,LEADER
1787026860853974770,2026-08-18T11:21:00.854001,prediction,0.107622,0.569000,0.035214,0.108090,0.568192,0.055447,True,0.073700,0.560735,-0.054796,0.033922,0.008265,0.090011,0.00,10,-0.044108,1.093574,0.321634,-0.043891,1.094235,0.320894,0.010029,0.111261,0.198964,0.000000,0.081158,0.010898,-0.119000,-0.508900,0.386697,-0.120896,-0.047872,0.033728,LEADER
1787026860886824646,2026-08-18T11:21:00.886841,prediction,0.107383,0.576000,0.031941,0.107862,0.568652,0.052469,True,0.073669,0.560830,-0.054903,0.033715,0.015170,0.086844,0.00,10,-0.044067,1.093698,0.321494,-0.043891,1.094235,0.320894,0.009598,0.107772,0.200711,0.000000,0.080716,0.008289,-0.118720,-0.518280,0.378812,-0.121888,-0.047200,0.033632,LEADER
1787026860920381628,2026-08-18T11:21:00.920405,prediction,0.106906,0.590000,0.025465,0.107551,0.569864,0.049295,True,0.073646,0.560899,-0.054980,0.033260,0.029101,0.080445,0.00,10,-0.044036,1.093793,0.321388,-0.044036,1.093793,0.321388,0.006540,0.076790,0.198964,0.000000,0.078096,0.005228,-0.088900,-0.539000,0.395163,-0.125504,-0.050432,0.033952,LEADER
1787026860953415308,2026-08-18T11:21:00.953432,prediction,0.106906,0.590000,0.018639,0.107488,0.571599,0.045895,True,0.073631,0.560946,-0.055032,0.033276,0.029054,0.073671,0.00,10,-0.044013,1.093863,0.321311,-0.044036,1.093793,0.321388,0.006540,0.075045,0.198964,0.000000,0.081158,0.005228,-0.085120,-0.550200,0.390017,-0.125792,-0.047424,0.033408,LEADER
1787026860986628606,2026-08-18T11:21:00.986646,prediction,0.107145,0.583000,0.018417,0.107407,0.573813,0.042486,True,0.073621,0.560975,-0.055065,0.033524,0.022025,0.073482,0.00,10,-0.043998,1.093910,0.321258,-0.043845,1.094375,0.320738,0.005233,0.063703,0.201142,0.000000,0.080716,0.005228,-0.080220,-0.559440,0.392756,-0.126560,-0.044640,0.032064,LEADER
1787026861020586799,2026-08-18T11:21:01.020613,prediction,0.106191,0.611000,0.019302,0.107320,0.575749,0.039354,True,0.073616,0.560990,-0.055081,0.032575,0.050010,0.074383,0.00,10,-0.043988,1.093938,0.321226,-0.043845,1.094375,0.320738,0.004796,0.060645,0.200711,0.000000,0.078096,0.005670,-0.083020,-0.557900,0.378314,-0.126400,-0.045024,0.033024,LEADER
1787026861053302944,2026-08-18T11:21:01.053318,prediction,0.106429,0.604000,0.012301,0.107256,0.577817,0.035983,True,0.073614,0.560996,-0.055088,0.032815,0.043004,0.067388,0.00,10,-0.043983,1.093953,0.321209,-0.044131,1.093503,0.321712,0.003051,0.054105,0.200711,0.000000,0.080716,0.002609,-0.093800,-0.560140,0.388772,-0.126560,-0.047648,0.033504,LEADER
1787026861086654280,2026-08-18T11:21:01.086674,prediction,0.106906,0.590000,0.011812,0.107240,0.579723,0.032803,True,0.073614,0.560997,-0.055089,0.033292,0.029003,0.066901,0.00,10,-0.043982,1.093959,0.321203,-0.044131,1.093503,0.321712,0.004796,0.047558,0.200711,0.000000,0.078096,0.005670,-0.094780,-0.589540,0.394748,-0.126240,-0.047104,0.033184,LEADER
1787026861120291803,2026-08-18T11:21:01.120311,prediction,0.106906,0.590000,0.008399,0.107193,0.580851,0.029636,True,0.073614,0.560997,-0.055089,0.033292,0.029003,0.063488,0.00,10,-0.043981,1.093960,0.321202,-0.043942,1.094080,0.321068,0.003051,0.042318,0.200711,0.000000,0.080716,0.005228,-0.100380,-0.573160,0.392590,-0.126400,-0.042592,0.033504,LEADER
1787026861153242628,2026-08-18T11:21:01.153254,prediction,0.106668,0.597000,0.005253,0.107129,0.582197,0.026719,True,0.073614,0.560997,-0.055089,0.033054,0.036003,0.060342,0.00,10,-0.043981,1.093960,0.321202,-0.043942,1.094080,0.321068,0.003051,0.034034,0.200711,0.000000,0.080716,0.002609,-0.102900,-0.569660,0.383626,-0.126560,-0.048256,0.034304,LEADER
1787026861186558557,2026-08-18T11:21:01.186572,prediction,0.107145,0.583000,0.004718,0.107113,0.583586,0.023759,True,0.073614,0.560997,-0.055089,0.033531,0.022003,0.059807,0.00,10,-0.043981,1.093960,0.321202,-0.044136,1.093489,0.321728,0.001744,0.030976,0.200711,0.000000,0.080716,0.002609,-0.110600,-0.570080,0.395827,-0.127008,-0.045376,0.034560,LEADER
1787026861220055406,2026-08-18T11:21:01.220074,prediction,0.106668,0.597000,0.005253,0.107081,0.584984,0.021055,True,0.073614,0.560997,-0.055089,0.033054,0.036003,0.060342,0.00,10,-0.043981,1.093960,0.321202,-0.044136,1.093489,0.321728,0.003051,0.026174,0.200711,0.000000,0.080716,0.000000,-0.108500,-0.590800,0.397902,-0.126560,-0.044416,0.033728,LEADER
1787026861253354103,2026-08-18T11:21:01.253370,prediction,0.106668,0.597000,0.005253,0.107049,0.586010,0.018579,True,0.073614,0.560997,-0.055089,0.033054,0.036003,0.060342,0.00,10,-0.043981,1.093960,0.321202,-0.043857,1.094339,0.320778,0.001744,0.023122,0.198964,0.000000,0.078096,0.002609,-0.109620,-0.575960,0.393586,-0.126240,-0.049664,0.034304,LEADER
1787026861287379161,2026-08-18T11:21:01.287396,prediction,0.106668,0.597000,0.001852,0.106970,0.586962,0.016135,True,0.073614,0.560997,-0.055089,0.033054,0.036003,0.056940,0.00,10,-0.043981,1.093960,0.321202,-0.043857,1.094339,0.320778,0.001744,0.016576,0.198964,0.000000,0.083335,0.003051,-0.116760,-0.579040,0.399811,-0.125184,-0.043744,0.033728,LEADER
1787026861320722522,2026-08-18T11:21:01.320747,prediction,0.106906,0.590000,0.001573,0.106875,0.589019,0.013693,True,0.073614,0.560997,-0.055089,0.033292,0.029003,0.056661,0.00,10,-0.043981,1.093960,0.321202,-0.044052,1.093743,0.321444,0.001744,0.013087,0.197216,0.000000,0.078096,0.002609,-0.116200,-0.573720,0.402550,-0.124608,-0.045312,0.034176,LEADER
1787026861353995411,2026-08-18T11:21:01.354020,prediction,0.106668,0.597000,0.001852,0.106811,0.591297,0.011469,True,0.073614,0.560997,-0.055089,0.033054,0.036003,0.056940,0.00,10,-0.043981,1.093960,0.321202,-0.044052,1.093743,0.321444,0.001744,0.013087,0.197216,0.000000,0.078096,0.002609,-0.116200,-0.573720,0.402550,-0.124608,-0.045312,0.034176,LEADER
1787026861387054559,2026-08-18T11:21:01.387072,prediction,0.106429,0.604000,-0.001260,0.106747,0.593246,0.009255,True,0.073614,0.560997,-0.055089,0.032815,0.043003,0.053829,0.00,10,-0.043981,1.093960,0.321202,-0.043793,1.094535,0.320559,0.001744,0.013087,0.197216,0.000000,0.078096,0.002609,-0.116200,-0.573720,0.402550,-0.124608,-0.045312,0.034176,LEADER
1787026861420341354,2026-08-18T11:21:01.420358,prediction,0.106668,0.597000,-0.001550,0.106732,0.594756,0.007454,True,0.073614,0.560997,-0.055089,0.033054,0.036003,0.053539,0.00,10,-0.043981,1.093960,0.321202,-0.043793,1.094535,0.320559,0.001744,0.013087,0.197216,0.000000,0.078096,0.002609,-0.116200,-0.573720,0.402550,-0.124608,-0.045312,0.034176,LEADER
1787026861453212600,2026-08-18T11:21:01.453228,prediction,0.106429,0.604000,0.002131,0.106700,0.595805,0.006354,True,0.073614,0.560997,-0.055089,0.032815,0.043003,0.057219,0.00,10,-0.043981,1.093960,0.321202,-0.044010,1.093872,0.321300,0.000000,0.009598,0.171037,0.000000,0.080716,0.000000,-0.114940,-0.566860,0.369184,-0.116704,-0.042912,0.034560,LEADER
1787026861486765163,2026-08-18T11:21:01.486781,prediction,0.106668,0.597000,0.001852,0.106668,0.596388,0.005249,True,0.073614,0.560997,-0.055089,0.033054,0.036003,0.056940,0.00,10,-0.043981,1.093960,0.321202,-0.044010,1.093872,0.321300,0.000000,0.009598,0.171037,0.000000,0.080716,0.000000,-0.114940,-0.566860,0.369184,-0.116704,-0.042912,0.034560,LEADER
1787026861520085611,2026-08-18T11:21:01.520100,prediction,0.106668,0.597000,-0.001550,0.106700,0.596878,0.003859,True,0.073614,0.560997,-0.055089,0.033054,0.036003,0.053539,0.00,10,-0.043981,1.093960,0.321202,-0.043845,1.094376,0.320737,0.000000,0.009598,0.171037,0.000000,0.080716,0.000000,-0.114940,-0.566860,0.369184,-0.116704,-0.042912,0.034560,LEADER
1787026861553417600,2026-08-18T11:21:01.553433,prediction,0.106668,0.597000,-0.001550,0.106716,0.596602,0.002936,True,0.073614,0.560997,-0.055089,0.033054,0.036003,0.053539,0.00,10,-0.043981,1.093960,0.321202,-0.043845,1.094376,0.320737,0.000000,0.009598,0.171037,0.000000,0.080716,0.000000,-0.114940,-0.566860,0.369184,-0.116704,-0.042912,0.034560,LEADER
1787026861586725475,2026-08-18T11:21:01.586742,prediction,0.106429,0.604000,0.002131,0.106684,0.596174,0.002290,True,0.073614,0.560997,-0.055089,0.032815,0.043003,0.057219,0.00,10,-0.043981,1.093960,0.321202,-0.044157,1.093423,0.321802,0.000000,0.009598,0.171037,0.000000,0.080716,0.000000,-0.114940,-0.566860,0.369184,-0.116704,-0.042912,0.034560,LEADER
1787026861620015906,2026-08-18T11:21:01.620031,prediction,0.106429,0.604000,0.002131,0.106652,0.596835,0.001872,True,0.073614,0.560997,-0.055089,0.032815,0.043003,0.057219,0.00,10,-0.043981,1.093960,0.321202,-0.044157,1.093423,0.321802,0.000000,0.008285,0.150531,0.000000,0.078096,0.000000,-0.121800,-0.566020,0.353165,-0.114880,-0.050144,0.034080,LEADER
1787026861654024244,2026-08-18T11:21:01.654050,prediction,0.106191,0.611000,0.002409,0.106620,0.597714,0.001683,True,0.073614,0.560997,-0.055089,0.032577,0.050003,0.057498,0.00,10,-0.043981,1.093960,0.321202,-0.043994,1.093921,0.321245,0.000000,0.008285,0.150531,0.000000,0.078096,0.000000,-0.121800,-0.566020,0.353165,-0.114880,-0.050144,0.034080,LEADER


============================================================
EXPERIMENT METRICS
  File: experiment_SVGP+MJM_20260818_112051.csv
  Total samples: 315
  Task completion time: 10.57 s
  --- Prediction Accuracy (over 315 samples) ---
  Avg Inference Time: 8.91 ms
  Mean Squared Error (MSE): 0.008786 m²
  Mean Absolute Error (MAE - 3D): 0.0767 m
      MAE X: 0.0175 m
      MAE Y: 0.0451 m
      MAE Z: 0.0435 m
  --- Trajectory Smoothness (Robot EE) ---
  Mean Jerk (3D): 5.0336 m/s³
      Jerk X: 0.5399 m/s³
      Jerk Y: 3.2542 m/s³
      Jerk Z: 3.1436 m/s³
  Max Jerk (3D): 82.4216 m/s³
  RMS Jerk (3D): 10.5351 m/s³
============================================================
