ros_timestamp_ns,wall_time,trajectory_mode,meas_x,meas_y,meas_z,filt_x,filt_y,filt_z,is_tracked,pred_x,pred_y,pred_z,mae_x,mae_y,mae_z,inference_ms,buffer_size,target_x,target_y,target_z,robot_ee_x,robot_ee_y,robot_ee_z,j1_vel,j2_vel,j3_vel,j4_vel,j5_vel,j6_vel,j1_eff,j2_eff,j3_eff,j4_eff,j5_eff,j6_eff,role
1787025210943463018,2026-08-18T10:53:30.943484,prediction,0.103338,-0.108000,0.023986,0.103338,-0.123200,0.023986,True,0.126918,-0.105831,0.021664,0.023580,0.002170,0.002322,18.13,10,-0.054613,1.129497,0.358522,-0.161988,0.308958,0.388242,0.000000,0.000000,0.000000,0.000000,0.000000,0.000000,-0.005880,-0.127960,0.082253,-0.023168,0.024768,-0.007968,READY
1787025210984101142,2026-08-18T10:53:30.984116,prediction,0.103628,-0.120000,0.023726,0.103628,-0.120640,0.023726,True,0.127657,-0.109883,0.021516,0.024029,0.010117,0.002210,24.35,10,-0.183731,0.371499,0.387571,-0.164274,0.314342,0.387696,0.000000,0.000000,0.000000,0.000000,0.000000,0.000000,-0.005880,-0.127960,0.081921,-0.022432,0.024448,-0.007296,READY
1787025211020617792,2026-08-18T10:53:31.020635,prediction,0.108851,-0.145000,0.023184,0.108851,-0.120128,0.023184,True,0.129953,-0.115883,0.021171,0.021102,0.029117,0.002013,26.04,10,-0.184470,0.380764,0.387424,-0.164274,0.314342,0.387696,0.000000,0.000000,0.000000,0.000000,0.000000,0.000000,-0.002380,-0.128520,0.080676,-0.022432,0.024160,-0.005792,READY
1787025211044554277,2026-08-18T10:53:31.044568,prediction,0.109187,-0.158000,0.022902,0.109187,-0.140026,0.022902,True,0.132432,-0.121883,0.020754,0.023245,0.036117,0.002148,16.93,10,-0.186766,0.382617,0.387079,-0.166497,0.320089,0.387450,0.000000,0.000000,0.000000,0.000000,0.000000,0.000000,-0.003920,-0.128520,0.081672,-0.022272,0.024448,-0.007424,READY
1787025211081199236,2026-08-18T10:53:31.081216,prediction,0.109187,-0.158000,0.022902,0.105175,-0.184000,0.022339,True,0.134190,-0.127883,0.020461,0.025003,0.030117,0.002441,18.82,10,-0.189245,0.378187,0.386661,-0.166497,0.320089,0.387450,0.000000,0.000000,0.000000,0.000000,0.000000,0.000000,-0.006440,-0.128520,0.081672,-0.022112,0.024448,-0.008256,READY
1787025211115772137,2026-08-18T10:53:31.115791,prediction,0.108541,-0.133000,0.023444,0.105175,-0.184000,0.022339,True,0.133809,-0.129854,0.020611,0.025268,0.003146,0.002834,21.08,10,-0.161988,0.328187,0.388246,-0.166517,0.325735,0.387532,0.000000,0.000000,0.000000,0.000000,0.000000,0.000000,-0.004900,-0.128520,0.081672,-0.021984,0.024064,-0.007136,READY
1787025211144585727,2026-08-18T10:53:31.144609,prediction,0.108851,-0.145000,0.023184,0.105175,-0.184000,0.022339,True,0.134264,-0.135117,0.020558,0.025413,0.009883,0.002626,17.78,10,-0.161988,0.308963,0.388246,-0.166517,0.325735,0.387532,0.000000,0.000000,0.000000,0.000000,0.000000,0.000000,-0.007700,-0.128520,0.082419,-0.021984,0.024448,-0.008128,READY
1787025211183261216,2026-08-18T10:53:31.183279,prediction,0.104547,-0.158000,0.022902,0.105175,-0.184000,0.022339,True,0.135400,-0.141117,0.020196,0.030853,0.016883,0.002706,17.97,10,-0.161988,0.308963,0.388246,-0.161988,0.308963,0.388246,0.000000,0.000000,0.000000,0.000000,0.000000,0.000000,-0.007700,-0.128520,0.082419,-0.021984,0.024448,-0.008128,READY
1787025211209536187,2026-08-18T10:53:31.209572,prediction,0.104233,-0.145000,0.023184,0.105175,-0.184000,0.022339,True,0.135314,-0.143355,0.020124,0.031081,0.001645,0.003060,16.08,10,-0.161988,0.308963,0.388246,-0.161988,0.308963,0.388246,0.000000,0.000000,0.000000,0.000000,0.000000,0.000000,-0.007700,-0.128520,0.082419,-0.021984,0.024448,-0.008128,READY
1787025211246707429,2026-08-18T10:53:31.246735,prediction,0.103338,-0.108000,0.023986,0.105175,-0.184000,0.022339,True,0.132811,-0.137355,0.020581,0.029473,0.029355,0.003406,18.27,10,-0.161988,0.308963,0.388246,-0.161988,0.308963,0.388246,0.000000,0.000000,0.000000,0.000000,0.000000,0.000000,-0.007700,-0.128520,0.082419,-0.021984,0.024448,-0.008128,READY
1787025211278247708,2026-08-18T10:53:31.278267,prediction,0.104861,-0.171000,0.022620,0.105175,-0.184000,0.022339,True,0.135260,-0.143355,0.020024,0.030399,0.027645,0.002596,17.69,10,-0.161988,0.308963,0.388246,-0.161988,0.308963,0.388246,0.000000,0.000000,0.000000,0.000000,0.000000,0.000000,-0.007700,-0.128520,0.082419,-0.021984,0.024448,-0.008128,READY
1787025211310508643,2026-08-18T10:53:31.310528,prediction,0.104547,-0.158000,0.022902,0.105175,-0.184000,0.022339,True,0.136116,-0.149257,0.019810,0.031569,0.008743,0.003092,15.95,10,-0.161988,0.308963,0.388246,-0.161988,0.308963,0.388246,0.000000,0.000000,0.000000,0.000000,0.000000,0.000000,-0.004900,-0.128520,0.080344,-0.021824,0.023936,-0.006976,READY
1787025211339132990,2026-08-18T10:53:31.339144,prediction,0.105175,-0.184000,0.022339,0.105175,-0.184000,0.022339,True,0.138547,-0.155257,0.019295,0.033372,0.028743,0.003044,14.65,10,-0.161988,0.308963,0.388246,-0.161988,0.308963,0.388246,0.016138,0.014831,0.023993,0.010467,0.002609,0.018756,0.114660,-0.008680,0.213891,0.049376,-0.015936,-0.043136,READY
1787025211377119894,2026-08-18T10:53:31.377145,prediction,0.105175,-0.184000,0.022339,0.105175,-0.184000,0.022339,True,0.140262,-0.161257,0.018933,0.035087,0.022743,0.003405,16.83,10,-0.161988,0.308963,0.388246,-0.161988,0.308963,0.388246,0.027925,0.022685,0.044499,0.032284,0.008289,0.029234,0.120540,-0.004620,0.228167,0.015808,-0.059456,-0.040800,READY
1787025211408580334,2026-08-18T10:53:31.408602,prediction,0.104547,-0.158000,0.022902,0.105175,-0.184000,0.022339,True,0.139624,-0.161270,0.019070,0.035077,0.003270,0.003832,15.50,10,-0.161988,0.308963,0.388246,-0.161988,0.308963,0.388246,0.035778,0.029231,0.055845,0.037954,0.023995,0.035335,0.114660,-0.000280,0.228499,0.013088,-0.041024,-0.039360,READY
1787025211443525480,2026-08-18T10:53:31.443542,prediction,0.104547,-0.158000,0.022902,0.105175,-0.184000,0.022339,True,0.139158,-0.161057,0.019170,0.034611,0.003057,0.003732,17.02,10,-0.161988,0.308963,0.388246,-0.161988,0.308963,0.388246,0.052354,0.052354,0.083771,0.048432,0.021375,0.054101,0.143220,0.029680,0.241447,0.015488,-0.043360,-0.037248,FOLLOWER
1787025211474727268,2026-08-18T10:53:31.474748,prediction,0.104547,-0.158000,0.022902,0.105175,-0.184000,0.022339,True,0.138828,-0.160853,0.019239,0.034281,0.002853,0.003664,15.81,10,-0.161988,0.308963,0.388246,-0.161988,0.308963,0.388246,0.057156,0.061958,0.092931,0.048432,0.024426,0.061949,0.141260,0.037800,0.242277,0.014080,-0.043424,-0.039584,FOLLOWER
1787025211507131811,2026-08-18T10:53:31.507144,prediction,0.104547,-0.158000,0.022902,0.105175,-0.184000,0.022339,True,0.138601,-0.160745,0.019283,0.034055,0.002745,0.003619,15.86,10,-0.161988,0.308963,0.388246,-0.161988,0.308963,0.388246,0.063703,0.076790,0.109519,0.043193,0.027045,0.072857,0.105980,0.030380,0.243190,0.011648,-0.041536,-0.039200,FOLLOWER
1787025211541532371,2026-08-18T10:53:31.541548,prediction,0.105175,-0.184000,0.022339,0.105175,-0.184000,0.022339,True,0.140290,-0.166745,0.018936,0.035114,0.017255,0.003403,15.31,10,-0.161988,0.308963,0.388246,-0.161988,0.308963,0.388246,0.054105,0.076790,0.109950,0.027045,0.029665,0.078538,0.105700,-0.006440,0.227669,0.015264,-0.045152,-0.040960,FOLLOWER
1787025211573341973,2026-08-18T10:53:31.573353,prediction,0.104233,-0.145000,0.023184,0.105175,-0.184000,0.022339,True,0.138774,-0.160745,0.019259,0.034541,0.015745,0.003925,14.49,10,-0.161988,0.308963,0.388246,-0.161988,0.308963,0.388246,0.029231,0.060645,0.089006,0.010467,0.021375,0.064568,0.068740,-0.046480,0.199283,0.012928,-0.043584,-0.035968,FOLLOWER
1787025211606815351,2026-08-18T10:53:31.606834,prediction,0.103943,-0.133000,0.023444,0.105175,-0.184000,0.022339,True,0.136876,-0.154745,0.019665,0.032933,0.021745,0.003780,15.17,10,-0.161988,0.308963,0.388246,-0.161988,0.308963,0.388246,0.010029,0.044069,0.068938,0.000000,0.013517,0.051040,0.038080,-0.073780,0.171810,0.008800,-0.043584,-0.035360,FOLLOWER
1787025211650275533,2026-08-18T10:53:31.650301,prediction,0.104547,-0.158000,0.022902,0.105175,-0.184000,0.022339,True,0.137232,-0.156577,0.019589,0.032685,0.001423,0.003313,22.12,10,-0.161988,0.308963,0.388246,-0.161988,0.308963,0.388246,0.027925,0.003051,0.010907,0.021375,0.003051,0.021807,-0.129220,-0.102200,0.150811,-0.057280,-0.025216,-0.032000,FOLLOWER
1787025211674830402,2026-08-18T10:53:31.674855,prediction,0.104233,-0.145000,0.023184,0.105175,-0.184000,0.022339,True,0.136610,-0.153785,0.019713,0.032377,0.008785,0.003471,15.18,10,-0.161988,0.308963,0.388246,-0.161988,0.308963,0.388246,0.027925,0.003051,0.010907,0.021375,0.003051,0.021807,-0.129220,-0.102200,0.150811,-0.057280,-0.025216,-0.032000,FOLLOWER
1787025211708995432,2026-08-18T10:53:31.709009,prediction,0.103943,-0.133000,0.023444,0.105175,-0.184000,0.022339,True,0.135374,-0.147971,0.019966,0.031431,0.014972,0.003479,15.46,10,-0.161988,0.308963,0.388246,-0.161988,0.308963,0.388246,0.027925,0.003051,0.010907,0.021375,0.003051,0.021807,-0.129220,-0.102200,0.150811,-0.057280,-0.025216,-0.032000,FOLLOWER
1787025211743735946,2026-08-18T10:53:31.743749,prediction,0.105175,-0.184000,0.027030,0.105175,-0.184000,0.022339,True,0.138047,-0.153971,0.020865,0.032872,0.030029,0.006166,16.46,10,-0.161988,0.308963,0.388246,-0.161988,0.308963,0.388246,0.027925,0.003051,0.010907,0.021375,0.003051,0.021807,-0.129220,-0.102200,0.150811,-0.057280,-0.025216,-0.032000,FOLLOWER
1787025211777018558,2026-08-18T10:53:31.777031,prediction,0.104233,-0.145000,0.027811,0.105175,-0.184000,0.022339,True,0.137236,-0.152211,0.022099,0.033004,0.007211,0.005712,16.74,10,-0.161988,0.308963,0.388246,-0.161988,0.308963,0.388246,0.057156,0.081592,0.113445,0.023995,0.032284,0.064568,-0.116760,-0.291060,-0.050215,-0.069792,0.046528,0.038464,FOLLOWER
1787025211808995904,2026-08-18T10:53:31.809019,prediction,0.104233,-0.145000,0.027811,0.105175,-0.184000,0.022339,True,0.136639,-0.150854,0.022977,0.032407,0.005854,0.004834,16.72,10,-0.161988,0.308963,0.388246,-0.161988,0.308963,0.388246,0.051047,0.079847,0.115185,0.019198,0.032284,0.064568,-0.114940,-0.288260,-0.031540,-0.070976,0.045152,0.038144,FOLLOWER
1787025211839955670,2026-08-18T10:53:31.839969,prediction,0.104233,-0.145000,0.027811,0.105175,-0.184000,0.022339,True,0.136197,-0.149892,0.023575,0.031964,0.004892,0.004236,14.41,10,-0.161988,0.308963,0.388246,-0.161988,0.308963,0.388246,0.041012,0.075483,0.111259,0.016137,0.029234,0.065010,-0.095760,-0.252560,-0.027556,-0.067680,0.043264,0.035232,FOLLOWER
1787025211872735534,2026-08-18T10:53:31.872749,prediction,0.103628,-0.120000,0.032898,0.105175,-0.184000,0.022339,True,0.134242,-0.143892,0.025768,0.030613,0.023892,0.007130,14.73,10,-0.161988,0.308963,0.388246,-0.161988,0.308963,0.388246,0.041012,0.075483,0.111259,0.016137,0.029234,0.065010,-0.095760,-0.252560,-0.027556,-0.067680,0.043264,0.035232,FOLLOWER
1787025211915783416,2026-08-18T10:53:31.915802,prediction,0.103338,-0.108000,0.033119,0.105175,-0.184000,0.022339,True,0.132094,-0.137892,0.027483,0.028756,0.029892,0.005636,19.41,10,-0.161988,0.308963,0.388246,-0.161988,0.308963,0.388246,0.041012,0.075483,0.111259,0.016137,0.029234,0.065010,-0.095760,-0.252560,-0.027556,-0.067680,0.043264,0.035232,FOLLOWER
1787025211940449653,2026-08-18T10:53:31.940464,prediction,0.104547,-0.158000,0.032200,0.105175,-0.184000,0.022339,True,0.133898,-0.143892,0.027973,0.029351,0.014108,0.004227,14.80,10,-0.161988,0.308963,0.388246,-0.161988,0.308963,0.388246,0.041012,0.075483,0.111259,0.016137,0.029234,0.065010,-0.095760,-0.252560,-0.027556,-0.067680,0.043264,0.035232,FOLLOWER
1787025211972904881,2026-08-18T10:53:31.972939,prediction,0.103943,-0.133000,0.037267,0.105175,-0.184000,0.022339,True,0.133537,-0.141592,0.030069,0.029595,0.008592,0.007198,13.79,10,-0.161988,0.308963,0.388246,-0.161988,0.308963,0.388246,0.027925,0.063703,0.098604,0.010467,0.021375,0.059340,-0.080780,-0.229040,-0.014525,-0.068288,0.041920,0.033120,FOLLOWER
1787025212008083853,2026-08-18T10:53:32.008097,prediction,0.103943,-0.133000,0.037267,0.105175,-0.184000,0.022339,True,0.133274,-0.139961,0.031552,0.029331,0.006961,0.005715,15.86,10,-0.161988,0.308963,0.388246,-0.161988,0.308963,0.388246,0.027925,0.063703,0.098604,0.010467,0.021375,0.059340,-0.080780,-0.229040,-0.014525,-0.068288,0.041920,0.033120,FOLLOWER
1787025212042970810,2026-08-18T10:53:32.042989,prediction,0.104233,-0.145000,0.041694,0.105175,-0.184000,0.022339,True,0.133892,-0.142765,0.033844,0.029659,0.002235,0.007850,16.63,10,-0.161988,0.308963,0.388246,-0.161988,0.308963,0.388246,0.027925,0.063703,0.098604,0.010467,0.021375,0.059340,-0.080780,-0.229040,-0.014525,-0.068288,0.041920,0.033120,FOLLOWER
1787025212074202393,2026-08-18T10:53:32.074217,prediction,0.103943,-0.133000,0.041875,0.105175,-0.184000,0.022339,True,0.133506,-0.140763,0.035619,0.029564,0.007763,0.006256,15.08,10,-0.161988,0.308963,0.388246,-0.161988,0.308963,0.388246,0.027925,0.063703,0.098604,0.010467,0.021375,0.059340,-0.080780,-0.229040,-0.014525,-0.068288,0.041920,0.033120,FOLLOWER
1787025212108174031,2026-08-18T10:53:32.108189,prediction,0.103628,-0.120000,0.042071,0.105175,-0.184000,0.022339,True,0.132371,-0.134972,0.036985,0.028743,0.014973,0.005086,16.23,10,-0.161988,0.308963,0.388246,-0.161988,0.308963,0.388246,0.027925,0.063703,0.098604,0.010467,0.021375,0.059340,-0.080780,-0.229040,-0.014525,-0.068288,0.041920,0.033120,FOLLOWER
1787025212145563931,2026-08-18T10:53:32.145583,prediction,0.103628,-0.120000,0.042071,0.105175,-0.184000,0.022339,True,0.131547,-0.130936,0.037879,0.027919,0.010936,0.004191,17.46,10,-0.161988,0.308963,0.388246,-0.161988,0.308963,0.388246,0.027925,0.063703,0.098604,0.010467,0.021375,0.059340,-0.080780,-0.229040,-0.014525,-0.068288,0.041920,0.033120,FOLLOWER
1787025212178293480,2026-08-18T10:53:32.178311,prediction,0.104233,-0.145000,0.046321,0.104059,-0.144267,0.034713,True,0.132647,-0.136483,0.039567,0.028415,0.008517,0.006754,17.21,10,-0.161988,0.308963,0.388246,-0.161988,0.308963,0.388246,0.027925,0.063703,0.098604,0.010467,0.021375,0.059340,-0.080780,-0.229040,-0.014525,-0.068288,0.041920,0.033120,FOLLOWER
1787025212206039025,2026-08-18T10:53:32.206084,prediction,0.103338,-0.108000,0.046818,0.105175,-0.184000,0.022339,True,0.131023,-0.130483,0.041213,0.027685,0.022483,0.005605,13.53,10,-0.161988,0.308963,0.388246,-0.161988,0.308963,0.388246,0.000000,0.000000,0.000000,0.000000,0.000000,0.000000,0.082040,-0.153020,0.093956,0.001632,0.029568,0.024544,FOLLOWER
1787025212259368931,2026-08-18T10:53:32.259388,prediction,0.107250,-0.083000,0.051678,0.104157,-0.140960,0.037914,True,0.128743,-0.124483,0.044175,0.021493,0.041483,0.007503,28.52,10,-0.161988,0.308963,0.388246,-0.161988,0.308963,0.388246,0.000000,0.000000,0.000000,0.000000,0.000000,0.000000,0.080220,-0.134120,0.109892,0.000672,0.027168,0.022336,FOLLOWER
1787025212291357848,2026-08-18T10:53:32.291376,prediction,0.107250,-0.083000,0.051678,0.104358,-0.129045,0.039505,True,0.127140,-0.118483,0.046233,0.019890,0.035483,0.005445,25.32,10,-0.161988,0.308963,0.388246,-0.161988,0.308963,0.388246,0.000000,0.000000,0.000000,0.000000,0.000000,0.000000,0.079660,-0.126420,0.118358,0.000000,0.025952,0.021280,FOLLOWER
1787025212313228807,2026-08-18T10:53:32.313261,prediction,0.108206,-0.120000,0.055829,0.104623,-0.123356,0.041373,True,0.128216,-0.119735,0.048664,0.020010,0.000265,0.007165,16.90,10,-0.189529,0.344009,0.399568,-0.163324,0.310299,0.389368,0.000000,0.000000,0.000000,0.000000,0.000000,0.000000,0.079660,-0.126420,0.118358,0.000000,0.025952,0.021280,FOLLOWER
1787025212343715820,2026-08-18T10:53:32.343729,prediction,0.107896,-0.108000,0.055950,0.104867,-0.120244,0.043249,True,0.128282,-0.116846,0.050486,0.020386,0.008846,0.005465,15.48,10,-0.161988,0.308963,0.388246,-0.163324,0.310299,0.389368,0.000000,0.000000,0.000000,0.000000,0.000000,0.000000,0.079660,-0.115500,0.125579,-0.000576,0.025056,0.020768,FOLLOWER
1787025212381372097,2026-08-18T10:53:32.381390,prediction,0.108206,-0.120000,0.060415,0.105172,-0.118289,0.045084,True,0.129062,-0.118875,0.053035,0.020857,0.001125,0.007380,18.47,10,-0.188440,0.347468,0.403075,-0.166100,0.313172,0.391135,0.000000,0.000000,0.000000,0.000000,0.000000,0.000000,0.077140,-0.107800,0.132966,-0.001344,0.023488,0.019648,FOLLOWER
1787025212409704147,2026-08-18T10:53:32.409719,prediction,0.107250,-0.083000,0.060728,0.105433,-0.117258,0.046924,True,0.127433,-0.112875,0.055198,0.020182,0.029875,0.005531,17.15,10,-0.161988,0.308963,0.388246,-0.166100,0.313172,0.391135,0.000000,0.000000,0.000000,0.000000,0.000000,0.000000,0.074620,-0.101360,0.139606,-0.002400,0.022496,0.018656,FOLLOWER
1787025212447920098,2026-08-18T10:53:32.447936,prediction,0.108206,-0.120000,0.065001,0.105677,-0.117051,0.049111,True,0.128434,-0.115996,0.057707,0.020228,0.004004,0.007295,17.46,10,-0.187784,0.350564,0.406740,-0.169712,0.317983,0.393603,0.000000,0.000000,0.001740,0.000000,0.000000,0.000000,0.072800,-0.093800,0.143922,-0.003136,0.021440,0.017664,FOLLOWER
1787025212479212775,2026-08-18T10:53:32.479230,prediction,0.108206,-0.120000,0.069587,0.105961,-0.116317,0.051266,True,0.129166,-0.118202,0.060870,0.020960,0.001798,0.008718,16.61,10,-0.187420,0.360372,0.408722,-0.169712,0.317983,0.393603,0.000000,0.000000,0.000000,0.000000,0.000000,0.000000,0.071540,-0.089460,0.148072,-0.003584,0.020704,0.016384,FOLLOWER
1787025212509097634,2026-08-18T10:53:32.509112,prediction,0.109187,-0.158000,0.069391,0.106311,-0.115477,0.053407,True,0.132015,-0.124202,0.062632,0.022828,0.033798,0.006760,17.46,10,-0.187128,0.363699,0.410776,-0.173206,0.325018,0.396547,0.000000,0.000000,0.000000,0.000000,0.000000,0.000000,0.070980,-0.085540,0.153052,-0.004800,0.019776,0.015360,FOLLOWER
1787025212545566514,2026-08-18T10:53:32.545584,prediction,0.109522,-0.171000,0.073995,0.106663,-0.116642,0.055561,True,0.134864,-0.130202,0.065079,0.025342,0.040798,0.008915,16.39,10,-0.187045,0.365612,0.412848,-0.173206,0.325018,0.396547,0.000000,0.000000,0.000000,0.000000,0.002609,0.000000,0.075320,-0.087920,0.160605,-0.005120,0.019712,0.016160,FOLLOWER
1787025212576566866,2026-08-18T10:53:32.576582,prediction,0.112453,-0.108000,0.074216,0.107231,-0.118208,0.057717,True,0.133360,-0.124202,0.067597,0.020907,0.016202,0.006619,17.13,10,-0.187109,0.366922,0.414930,-0.176202,0.334046,0.400508,0.000000,0.000000,0.000000,0.000000,0.002609,0.000000,0.075320,-0.087920,0.160605,-0.005120,0.019712,0.016160,FOLLOWER
1787025212615618427,2026-08-18T10:53:32.615645,prediction,0.112453,-0.108000,0.078782,0.107819,-0.117188,0.060164,True,0.132275,-0.118554,0.070724,0.019822,0.010554,0.008058,18.31,10,-0.187100,0.368067,0.417062,-0.176202,0.334046,0.400508,0.000000,0.000000,0.000000,0.000000,0.002609,0.000000,0.075320,-0.087920,0.160605,-0.005120,0.019712,0.016160,FOLLOWER
1787025212645527191,2026-08-18T10:53:32.645541,prediction,0.114541,-0.184000,0.083333,0.108546,-0.116344,0.062915,True,0.136011,-0.124554,0.073474,0.021470,0.059446,0.009859,18.60,10,-0.187093,0.369179,0.419311,-0.178838,0.342549,0.405058,0.000000,0.000000,0.000000,0.000000,0.002609,0.000000,0.075320,-0.087920,0.160605,-0.005120,0.019712,0.016160,FOLLOWER
1787025212692336754,2026-08-18T10:53:32.692351,prediction,0.113140,-0.133000,0.083343,0.109140,-0.116869,0.065383,True,0.135589,-0.126900,0.075946,0.022449,0.006100,0.007397,27.37,10,-0.187391,0.369976,0.421684,-0.178838,0.342549,0.405058,0.001744,0.000000,0.001740,0.000000,0.000000,0.000000,0.090440,-0.091700,0.175047,-0.005184,0.015936,0.012800,FOLLOWER
1787025212712322424,2026-08-18T10:53:32.712339,prediction,0.115640,-0.224000,0.088083,0.109960,-0.120387,0.068134,True,0.140858,-0.132900,0.077932,0.025219,0.091100,0.010151,17.30,10,-0.187587,0.370691,0.424110,-0.181236,0.350264,0.410282,0.065447,0.000000,0.078098,0.000000,0.051040,0.043193,0.164500,-0.191520,0.239704,-0.059552,-0.049760,-0.034016,FOLLOWER
1787025212743688107,2026-08-18T10:53:32.743705,prediction,0.113470,-0.145000,0.087968,0.110375,-0.123064,0.070553,True,0.139686,-0.135995,0.080264,0.026216,0.009005,0.007704,15.14,10,-0.188243,0.371049,0.426557,-0.181236,0.350264,0.410282,0.088139,0.001744,0.100352,0.000000,0.059340,0.051040,0.152460,-0.057260,0.248004,-0.052992,-0.057600,-0.036352,FOLLOWER
1787025212779673515,2026-08-18T10:53:32.779687,prediction,0.113827,-0.158000,0.092636,0.110813,-0.127599,0.073284,True,0.139578,-0.141778,0.083132,0.025751,0.016222,0.009504,17.52,10,-0.188972,0.370992,0.428963,-0.183929,0.357480,0.416785,0.110823,0.013087,0.131765,0.002609,0.072857,0.062391,0.188440,-0.007000,0.258628,-0.019936,-0.055392,-0.041024,FOLLOWER
1787025212812088166,2026-08-18T10:53:32.812110,prediction,0.114541,-0.184000,0.092717,0.111236,-0.132507,0.075743,True,0.141053,-0.147778,0.084788,0.026512,0.036222,0.007929,19.00,10,-0.189801,0.370367,0.431423,-0.183929,0.357480,0.416785,0.123917,0.022685,0.150531,0.005228,0.078096,0.072857,0.217560,-0.015680,0.275809,0.011520,-0.053888,-0.036352,FOLLOWER
1787025212849404088,2026-08-18T10:53:32.849425,prediction,0.113140,-0.133000,0.092559,0.111585,-0.136155,0.078184,True,0.139006,-0.141778,0.086430,0.025866,0.008778,0.006129,17.84,10,-0.190657,0.369066,0.433832,-0.186950,0.362801,0.424425,0.138748,0.029231,0.171037,0.018756,0.080716,0.078096,0.198660,-0.002660,0.272572,0.005248,-0.054880,-0.041536,FOLLOWER
1787025212884452205,2026-08-18T10:53:32.884478,prediction,0.113827,-0.158000,0.097285,0.111960,-0.138911,0.080642,True,0.139048,-0.145418,0.088670,0.025221,0.012582,0.008615,24.12,10,-0.191372,0.367563,0.436228,-0.186950,0.362801,0.424425,0.143550,0.035778,0.181945,0.016137,0.081158,0.078096,0.160860,-0.010220,0.267177,0.009312,-0.053760,-0.039968,FOLLOWER
1787025212915472354,2026-08-18T10:53:32.915493,prediction,0.114184,-0.171000,0.097347,0.112422,-0.142129,0.083083,True,0.139872,-0.151418,0.090059,0.025688,0.019582,0.007287,18.94,10,-0.192038,0.365847,0.438604,-0.189834,0.365930,0.432149,0.143988,0.039267,0.193291,0.016137,0.081158,0.080716,0.124180,-0.018480,0.276141,0.005632,-0.050272,-0.038752,FOLLOWER
1787025212945816931,2026-08-18T10:53:32.945830,prediction,0.114184,-0.171000,0.097347,0.112821,-0.145492,0.085239,True,0.140450,-0.156221,0.090982,0.026266,0.014779,0.006364,18.32,10,-0.192867,0.363980,0.440928,-0.189834,0.365930,0.432149,0.133952,0.039267,0.198964,0.016137,0.081158,0.081158,0.133280,-0.033740,0.263774,0.007072,-0.046208,-0.039584,FOLLOWER
1787025212984109675,2026-08-18T10:53:32.984130,prediction,0.112453,-0.108000,0.097047,0.113104,-0.148885,0.087070,True,0.137187,-0.150221,0.092175,0.024734,0.042221,0.004873,22.82,10,-0.193668,0.361718,0.443146,-0.192477,0.366846,0.439399,0.126099,0.037523,0.200711,0.010898,0.078096,0.080716,0.136080,-0.034020,0.265517,0.009760,-0.052704,-0.040416,FOLLOWER
1787025213014686055,2026-08-18T10:53:33.014703,prediction,0.112096,-0.095000,0.101530,0.113298,-0.148924,0.089213,True,0.134182,-0.144221,0.094479,0.022086,0.049221,0.007051,16.32,10,-0.194203,0.359376,0.445233,-0.192477,0.366846,0.439399,0.114319,0.030976,0.198964,0.010467,0.078096,0.078096,0.153720,-0.033740,0.251407,0.009088,-0.049088,-0.041184,FOLLOWER
1787025213046154080,2026-08-18T10:53:33.046170,prediction,0.113470,-0.145000,0.101851,0.113561,-0.146265,0.091070,True,0.134901,-0.143381,0.095655,0.021432,0.001619,0.006195,19.89,10,-0.194347,0.357200,0.447356,-0.194638,0.365742,0.445836,0.109517,0.024867,0.198964,0.013517,0.078096,0.081158,0.127400,-0.042420,0.263276,0.005856,-0.048256,-0.036800,FOLLOWER
1787025213089507170,2026-08-18T10:53:33.089527,prediction,0.113827,-0.158000,0.101934,0.113653,-0.145040,0.092917,True,0.136223,-0.147187,0.096308,0.022396,0.010813,0.005626,27.01,10,-0.194350,0.355697,0.449395,-0.194638,0.365742,0.445836,0.101663,0.006540,0.200711,0.008289,0.080716,0.078096,0.121520,-0.077140,0.249830,0.006464,-0.051040,-0.042240,FOLLOWER
1787025213117398888,2026-08-18T10:53:33.117416,prediction,0.113140,-0.133000,0.106381,0.113699,-0.146768,0.094757,True,0.135727,-0.141971,0.098407,0.022587,0.008972,0.007974,19.58,10,-0.194541,0.354329,0.451309,-0.196087,0.362818,0.451249,0.097736,0.004796,0.198964,0.008289,0.080716,0.078096,0.143780,-0.254100,0.257549,0.007584,-0.046656,-0.045920,FOLLOWER
1787025213144482647,2026-08-18T10:53:33.144501,prediction,0.112783,-0.120000,0.106277,0.113581,-0.148447,0.096287,True,0.134612,-0.135971,0.100002,0.021829,0.015972,0.006275,16.22,10,-0.194771,0.353032,0.453154,-0.196087,0.362818,0.451249,0.098174,0.016576,0.200711,0.008289,0.080716,0.080716,0.126980,-0.291340,0.257964,0.007136,-0.048384,-0.040640,FOLLOWER
1787025213187402610,2026-08-18T10:53:33.187419,prediction,0.111767,-0.083000,0.105978,0.113490,-0.148089,0.097796,True,0.131797,-0.129971,0.101348,0.020031,0.046971,0.004630,21.44,10,-0.194678,0.351825,0.454923,-0.196604,0.358379,0.455373,0.098174,0.044069,0.200711,0.008289,0.078096,0.080716,0.137900,-0.310800,0.258960,0.007904,-0.050816,-0.039072,FOLLOWER
1787025213216170964,2026-08-18T10:53:33.216191,prediction,0.111767,-0.083000,0.110504,0.113232,-0.142631,0.099291,True,0.129851,-0.123971,0.103667,0.018084,0.040971,0.006836,17.08,10,-0.194425,0.350975,0.456616,-0.196604,0.358379,0.455373,0.098174,0.044069,0.200711,0.008289,0.078096,0.080716,0.137900,-0.310800,0.258960,0.007904,-0.050816,-0.039072,FOLLOWER
1787025213244450777,2026-08-18T10:53:33.244470,prediction,0.113140,-0.133000,0.115597,0.113210,-0.138233,0.101133,True,0.131256,-0.126085,0.106328,0.018116,0.006915,0.009268,19.86,10,-0.193691,0.350641,0.458332,-0.195441,0.353202,0.458226,0.098174,0.044069,0.200711,0.008289,0.078096,0.080716,0.137900,-0.310800,0.258960,0.007904,-0.050816,-0.039072,FOLLOWER
1787025213277045895,2026-08-18T10:53:33.277067,prediction,0.111437,-0.071000,0.119397,0.113050,-0.133353,0.102917,True,0.128966,-0.120085,0.110057,0.017529,0.049084,0.009340,16.38,10,-0.193129,0.350938,0.460070,-0.195441,0.353202,0.458226,0.098174,0.044069,0.200711,0.008289,0.078096,0.080716,0.137900,-0.310800,0.258960,0.007904,-0.050816,-0.039072,FOLLOWER
1787025213314286455,2026-08-18T10:53:33.314306,prediction,0.113140,-0.133000,0.120204,0.112957,-0.131044,0.104749,True,0.130662,-0.123596,0.112230,0.017522,0.009404,0.007974,20.97,10,-0.192422,0.351638,0.461864,-0.193398,0.350068,0.461347,0.104283,0.113006,0.198964,0.008289,0.078096,0.081158,0.127680,-0.361340,0.275477,0.006240,-0.051552,-0.038848,FOLLOWER
1787025213344561973,2026-08-18T10:53:33.344579,prediction,0.113648,-0.151500,0.129721,0.112991,-0.129249,0.107227,True,0.132923,-0.129596,0.116347,0.019275,0.021904,0.013375,17.64,10,-0.191729,0.352748,0.463694,-0.193398,0.350068,0.461347,0.104283,0.113006,0.198964,0.008289,0.078096,0.081158,0.127680,-0.361340,0.275477,0.006240,-0.051552,-0.038848,FOLLOWER
1787025213381030432,2026-08-18T10:53:33.381050,prediction,0.113827,-0.158000,0.134476,0.112991,-0.128543,0.109706,True,0.134845,-0.135596,0.120595,0.021018,0.022404,0.013881,18.45,10,-0.191323,0.353940,0.465688,-0.191382,0.349149,0.464787,0.104283,0.113006,0.198964,0.008289,0.078096,0.081158,0.127680,-0.361340,0.275477,0.006240,-0.051552,-0.038848,FOLLOWER
1787025213416042682,2026-08-18T10:53:33.416060,prediction,0.116217,-0.245000,0.140833,0.113126,-0.128402,0.112605,True,0.140845,-0.141596,0.123748,0.024628,0.103404,0.017085,20.07,10,-0.191043,0.355022,0.467817,-0.191382,0.349149,0.464787,0.104283,0.113006,0.198964,0.008289,0.078096,0.081158,0.127680,-0.361340,0.275477,0.006240,-0.051552,-0.038848,FOLLOWER
1787025213454870175,2026-08-18T10:53:33.454929,prediction,0.115640,-0.224000,0.140421,0.113223,-0.131200,0.115477,True,0.144149,-0.147596,0.126243,0.028510,0.076404,0.014178,21.76,10,-0.191108,0.355763,0.470063,-0.190086,0.350329,0.468261,0.104283,0.113006,0.198964,0.008289,0.078096,0.081158,0.127680,-0.361340,0.275477,0.006240,-0.051552,-0.038848,FOLLOWER
1787025213488740022,2026-08-18T10:53:33.488755,prediction,0.112453,-0.108000,0.138144,0.113223,-0.134587,0.118217,True,0.139724,-0.141596,0.129161,0.027271,0.033595,0.008983,23.11,10,-0.191355,0.356434,0.472413,-0.190086,0.350329,0.468261,0.101225,0.117808,0.198964,0.007847,0.080716,0.081158,0.147140,-0.383460,0.269667,0.007744,-0.050592,-0.040480,FOLLOWER
1787025213514907832,2026-08-18T10:53:33.514928,prediction,0.115235,-0.047000,0.141413,0.113433,-0.135264,0.120875,True,0.134317,-0.135596,0.132804,0.019082,0.088596,0.008609,19.09,10,-0.191524,0.357093,0.474879,-0.189971,0.353285,0.472269,0.058901,0.168424,0.191543,0.005228,0.078096,0.078096,0.108780,-0.354900,0.270663,0.006144,-0.051200,-0.039520,FOLLOWER
1787025213554561237,2026-08-18T10:53:33.554583,prediction,0.114885,-0.035000,0.145603,0.113527,-0.132146,0.123792,True,0.130056,-0.129596,0.136646,0.015171,0.094596,0.008957,24.43,10,-0.191533,0.357684,0.477434,-0.189971,0.353285,0.472269,0.040574,0.173219,0.174532,0.002609,0.080716,0.080716,0.070560,-0.339360,0.267592,0.006528,-0.045920,-0.040480,FOLLOWER
1787025213591505544,2026-08-18T10:53:33.591519,prediction,0.119631,-0.198000,0.149340,0.113527,-0.132146,0.123792,True,0.135295,-0.135596,0.138064,0.015664,0.062404,0.011276,25.68,10,-0.191210,0.358263,0.480167,-0.190824,0.356713,0.477708,0.014831,0.173219,0.152279,0.000000,0.080716,0.078096,0.057960,-0.324800,0.266513,0.001952,-0.045824,-0.039072,FOLLOWER
1787025213637130676,2026-08-18T10:53:33.637148,prediction,0.115934,-0.071000,0.155439,0.113974,-0.121179,0.130431,True,0.135606,-0.132301,0.141044,0.019672,0.061301,0.014395,33.10,10,-0.191148,0.358838,0.482951,-0.190824,0.356713,0.477708,0.008285,0.168424,0.122605,0.000000,0.080716,0.080716,-0.095480,-0.320180,0.256553,-0.019040,-0.049920,-0.038624,FOLLOWER
1787025213661475573,2026-08-18T10:53:33.661504,prediction,0.122338,-0.133000,0.157065,0.113974,-0.121179,0.130431,True,0.132790,-0.126301,0.144873,0.010453,0.006699,0.012192,24.38,10,-0.191140,0.359545,0.485793,-0.191049,0.358731,0.483471,0.023122,0.163621,0.107772,0.000000,0.080716,0.075477,-0.128520,-0.318920,0.252569,-0.034080,-0.045024,-0.039424,FOLLOWER
1787025213682087340,2026-08-18T10:53:33.682107,prediction,0.122338,-0.133000,0.157065,0.114611,-0.120156,0.133817,True,0.134472,-0.125498,0.147214,0.012135,0.007502,0.009851,19.24,10,-0.191018,0.360202,0.488784,-0.191049,0.358731,0.483471,0.034034,0.158388,0.098173,0.002609,0.080716,0.078096,-0.127400,-0.305340,0.235554,-0.047584,-0.045696,-0.038976,FOLLOWER
1787025213713478932,2026-08-18T10:53:33.713493,prediction,0.119692,-0.047000,0.159275,0.115139,-0.117338,0.137370,True,0.131804,-0.119498,0.150601,0.012113,0.072498,0.008674,19.32,10,-0.191197,0.360849,0.491842,-0.191157,0.360280,0.489593,0.048865,0.148352,0.079846,0.002609,0.081158,0.070249,-0.124180,-0.287280,0.249498,-0.076640,-0.043040,-0.033568,FOLLOWER
1787025213746138320,2026-08-18T10:53:33.746156,prediction,0.119322,-0.035000,0.163386,0.115643,-0.114854,0.140895,True,0.129500,-0.113498,0.154313,0.010177,0.078497,0.009073,17.78,10,-0.191327,0.361217,0.494971,-0.191157,0.360280,0.489593,0.058463,0.130457,0.070686,0.010898,0.078096,0.051040,-0.121800,-0.277060,0.237629,-0.071904,-0.050144,-0.034688,FOLLOWER
1787025213781411387,2026-08-18T10:53:33.781431,prediction,0.121168,-0.095000,0.165158,0.116178,-0.112437,0.144200,True,0.130403,-0.107498,0.156658,0.009234,0.012498,0.008500,16.89,10,-0.191210,0.361642,0.498170,-0.191194,0.361238,0.495625,0.058901,0.116063,0.066752,0.010467,0.080716,0.034903,-0.128940,-0.260960,0.262031,-0.076928,-0.044416,-0.032288,FOLLOWER
1787025213810786965,2026-08-18T10:53:33.810815,prediction,0.125999,-0.252000,0.174600,0.116178,-0.112437,0.144200,True,0.136403,-0.113498,0.157773,0.010404,0.138502,0.016826,15.45,10,-0.191306,0.362285,0.501277,-0.191194,0.361238,0.495625,0.057156,0.099919,0.074611,0.008289,0.078096,0.016137,-0.101640,-0.225260,0.262363,-0.078368,-0.042976,-0.031168,FOLLOWER
1787025213866532480,2026-08-18T10:53:33.866564,prediction,0.115507,0.089000,0.163964,0.116178,-0.112437,0.144200,True,0.130403,-0.107498,0.160188,0.014895,0.196498,0.003777,33.08,10,-0.191688,0.362952,0.504313,-0.191545,0.362455,0.501794,0.042756,0.078534,0.091192,0.005228,0.078096,0.002609,-0.100380,-0.240800,0.274398,-0.080032,-0.048160,-0.032128,FOLLOWER
1787025213892116289,2026-08-18T10:53:33.892135,prediction,0.124337,-0.198000,0.172915,0.117038,-0.112594,0.147767,True,0.135864,-0.113498,0.160934,0.011526,0.084502,0.011982,23.92,10,-0.191520,0.363945,0.507236,-0.191545,0.362455,0.501794,0.035778,0.071556,0.100352,0.005228,0.080716,0.000000,-0.103180,-0.226800,0.288010,-0.080768,-0.047424,-0.024448,FOLLOWER
1787025213917590494,2026-08-18T10:53:33.917608,prediction,0.119322,-0.035000,0.167832,0.117038,-0.112594,0.147767,True,0.132332,-0.107498,0.162513,0.013010,0.072497,0.005319,20.07,10,-0.191588,0.365001,0.509925,-0.191576,0.364304,0.507696,0.023122,0.060645,0.124791,0.005228,0.078096,0.002609,-0.096040,-0.255640,0.295231,-0.085376,-0.044480,0.024448,FOLLOWER
1787025213960217149,2026-08-18T10:53:33.960261,prediction,0.113517,0.012000,0.166366,0.117038,-0.112594,0.147767,True,0.127096,-0.101498,0.163486,0.013580,0.113498,0.002880,27.60,10,-0.191021,0.366711,0.512509,-0.191576,0.364304,0.507696,0.014831,0.058463,0.133512,0.002609,0.078096,0.010467,-0.100380,-0.256900,0.295065,-0.084608,-0.044704,0.027616,FOLLOWER
1787025213994675004,2026-08-18T10:53:33.994698,prediction,0.120010,-0.211000,0.173321,0.117496,-0.116092,0.151309,True,0.133096,-0.107498,0.162737,0.013086,0.103502,0.010583,28.51,10,-0.189884,0.368872,0.514992,-0.190362,0.367580,0.512929,0.004796,0.061958,0.150531,0.002609,0.078096,0.016137,-0.087360,-0.269920,0.292990,-0.084832,-0.047808,0.027392,FOLLOWER
1787025214089756821,2026-08-18T10:53:34.089777,prediction,0.106163,0.121000,0.162966,0.117496,-0.116092,0.151309,True,0.127096,-0.101498,0.162959,0.020933,0.222498,0.000007,18.41,10,-0.189442,0.371123,0.517231,-0.189557,0.370680,0.516694,0.000000,0.075045,0.163624,0.002609,0.078538,0.002609,-0.004900,-0.265300,0.290251,-0.086944,-0.044256,0.024896,FOLLOWER
1787025214128307406,2026-08-18T10:53:34.128321,prediction,0.111614,-0.252000,0.174600,0.117361,-0.120952,0.154300,True,0.133096,-0.107498,0.161414,0.021482,0.144503,0.013185,28.08,10,-0.188961,0.373711,0.519241,-0.188926,0.373889,0.519391,0.000000,0.075045,0.163624,0.002609,0.078538,0.002609,-0.004900,-0.265300,0.290251,-0.086944,-0.044256,0.024896,FOLLOWER
1787025214218576679,2026-08-18T10:53:34.218599,prediction,0.093871,0.110000,0.163309,0.117361,-0.120952,0.154300,True,0.127096,-0.101498,0.161949,0.033225,0.211498,0.001361,21.14,10,-0.189163,0.375728,0.520892,-0.189247,0.376376,0.521422,0.000000,0.075045,0.163624,0.002609,0.078538,0.002609,-0.004900,-0.265300,0.290251,-0.086944,-0.044256,0.024896,FOLLOWER
1787025214254440188,2026-08-18T10:53:34.254502,prediction,0.091969,-0.000000,0.166740,0.117361,-0.120952,0.154300,True,0.121096,-0.095498,0.162580,0.029127,0.095498,0.004160,21.96,10,-0.188617,0.377949,0.522485,-0.188307,0.378721,0.523006,0.001744,0.089883,0.156204,0.002609,0.078096,0.007847,-0.042700,-0.251300,0.293156,-0.087936,-0.046816,0.030336,FOLLOWER
1787025214315470628,2026-08-18T10:53:34.315486,prediction,0.090341,0.078000,0.164308,0.117361,-0.120952,0.154300,True,0.115096,-0.089498,0.162821,0.024756,0.167498,0.001486,19.69,10,-0.187649,0.380037,0.523920,-0.187229,0.380877,0.524504,0.001744,0.089883,0.156204,0.002609,0.078096,0.007847,-0.042700,-0.251300,0.293156,-0.087936,-0.046816,0.030336,FOLLOWER
1787025214364443409,2026-08-18T10:53:34.364460,prediction,0.080907,0.131000,0.162655,0.117361,-0.120952,0.154300,True,0.109096,-0.083498,0.162669,0.028189,0.214498,0.000015,28.77,10,-0.186470,0.382417,0.525117,-0.187229,0.380877,0.524504,0.001744,0.089883,0.156204,0.002609,0.078096,0.007847,-0.042700,-0.251300,0.293156,-0.087936,-0.046816,0.030336,FOLLOWER
1787025214399022560,2026-08-18T10:53:34.399039,prediction,0.077078,0.110000,0.163309,0.114911,-0.125097,0.156223,True,0.103096,-0.077498,0.162591,0.026018,0.187498,0.000718,27.99,10,-0.184778,0.384856,0.526147,-0.184938,0.384597,0.526040,0.001744,0.089883,0.156204,0.002609,0.078096,0.007847,-0.042700,-0.251300,0.293156,-0.087936,-0.046816,0.030336,FOLLOWER
1787025214423932261,2026-08-18T10:53:34.423954,prediction,0.071710,0.192000,0.160752,0.111944,-0.111633,0.157551,True,0.097096,-0.071498,0.161992,0.025387,0.263497,0.001240,21.54,10,-0.182864,0.387584,0.526947,-0.184938,0.384597,0.526040,0.003489,0.084643,0.156204,0.003051,0.081158,0.013517,-0.105280,-0.244580,0.307266,-0.090336,-0.045600,0.029280,FOLLOWER
1787025214445679779,2026-08-18T10:53:34.445700,prediction,0.068543,0.121000,0.162966,0.108804,-0.090540,0.159054,True,0.091096,-0.065498,0.161984,0.022553,0.186498,0.000983,17.70,10,-0.180704,0.390369,0.527458,-0.181656,0.389071,0.527140,0.037523,0.024429,0.137877,0.005228,0.081158,0.043193,-0.137620,-0.203560,0.295397,-0.091168,-0.046976,0.035968,FOLLOWER
1787025214482574883,2026-08-18T10:53:34.482600,prediction,0.064133,0.142000,0.162311,0.105583,-0.066801,0.160665,True,0.085096,-0.059498,0.161869,0.020963,0.201498,0.000442,18.60,10,-0.178083,0.393166,0.527813,-0.181656,0.389071,0.527140,0.039267,0.016576,0.131765,0.005670,0.080716,0.043193,-0.136640,-0.193620,0.300045,-0.091456,-0.045920,0.033280,FOLLOWER
1787025214517341064,2026-08-18T10:53:34.517359,prediction,0.059708,0.172000,0.161376,0.101881,-0.048720,0.161996,True,0.079096,-0.053498,0.161608,0.019389,0.225497,0.000232,18.60,10,-0.174663,0.396286,0.528087,-0.177035,0.393839,0.527765,0.040574,0.009598,0.123044,0.002609,0.081158,0.040573,-0.099400,-0.192080,0.295895,-0.089952,-0.043648,0.033184,FOLLOWER
1787025214549088880,2026-08-18T10:53:34.549106,prediction,0.059708,0.172000,0.161376,0.098202,-0.033424,0.163047,True,0.073096,-0.047498,0.161433,0.013389,0.219497,0.000057,16.93,10,-0.171243,0.399470,0.528181,-0.177035,0.393839,0.527765,0.040574,0.009598,0.123044,0.002609,0.081158,0.040573,-0.099400,-0.192080,0.295895,-0.089952,-0.043648,0.033184,FOLLOWER
1787025214579098200,2026-08-18T10:53:34.579116,prediction,0.059894,0.152000,0.162000,0.094346,-0.018685,0.163683,True,0.069483,-0.041498,0.161430,0.009589,0.193497,0.000569,16.81,10,-0.167058,0.403306,0.528214,-0.171335,0.399247,0.528022,0.040574,0.009598,0.123044,0.002609,0.081158,0.040573,-0.099400,-0.192080,0.295895,-0.089952,-0.043648,0.033184,FOLLOWER
1787025214612701671,2026-08-18T10:53:34.612717,prediction,0.055765,0.152000,0.162000,0.090335,-0.003844,0.164121,True,0.065973,-0.035498,0.161407,0.010207,0.187497,0.000592,16.24,10,-0.162868,0.407274,0.528142,-0.171335,0.399247,0.528022,0.040574,0.009598,0.123044,0.002609,0.081158,0.040573,-0.099400,-0.192080,0.295895,-0.089952,-0.043648,0.033184,FOLLOWER
1787025214646259936,2026-08-18T10:53:34.646275,prediction,0.055304,0.212000,0.160128,0.085866,0.014325,0.164325,True,0.062055,-0.029498,0.161013,0.006750,0.241498,0.000884,16.75,10,-0.158793,0.411587,0.528004,-0.165073,0.405408,0.528013,0.034465,0.014831,0.083771,0.002609,0.080716,0.034903,-0.121100,-0.039060,0.273236,-0.091392,-0.047040,0.036960,FOLLOWER
1787025214678333149,2026-08-18T10:53:34.678370,prediction,0.051275,0.212000,0.160128,0.081305,0.033052,0.164382,True,0.058238,-0.023498,0.160695,0.006964,0.235498,0.000566,17.09,10,-0.154057,0.416290,0.527889,-0.165073,0.405408,0.528013,0.041012,0.014394,0.079846,0.005670,0.081158,0.037523,-0.113400,-0.013580,0.277884,-0.089888,-0.042816,0.034688,FOLLOWER
1787025214713020162,2026-08-18T10:53:34.713037,prediction,0.051220,0.221000,0.159848,0.076765,0.050610,0.164146,True,0.055551,-0.017498,0.160386,0.004330,0.238497,0.000538,17.56,10,-0.149467,0.421070,0.527738,-0.158033,0.412474,0.527889,0.051923,0.018320,0.076351,0.002609,0.081158,0.043193,-0.147140,-0.006440,0.275477,-0.091328,-0.042976,0.033728,FOLLOWER
1787025214746807385,2026-08-18T10:53:34.746825,prediction,0.051220,0.221000,0.163870,0.072101,0.068415,0.164060,True,0.053838,-0.011498,0.161490,0.002618,0.232497,0.002380,17.20,10,-0.144297,0.426507,0.527669,-0.158033,0.412474,0.527889,0.068498,0.021378,0.074173,0.005670,0.078096,0.053659,-0.160160,-0.001820,0.294567,-0.091552,-0.047872,0.035744,FOLLOWER
1787025214779218780,2026-08-18T10:53:34.779239,prediction,0.051335,0.202000,0.164494,0.067234,0.088830,0.163499,True,0.053151,-0.005498,0.162448,0.001816,0.207497,0.002046,16.61,10,-0.139413,0.432074,0.527639,-0.151151,0.419718,0.527796,0.091628,0.024429,0.076351,0.008289,0.080716,0.061949,-0.174160,-0.007420,0.286267,-0.092512,-0.041984,0.040032,FOLLOWER
1787025214813054714,2026-08-18T10:53:34.813073,prediction,0.047078,0.250000,0.166893,0.062372,0.115259,0.163070,True,0.050670,0.000502,0.164063,0.003592,0.249498,0.002830,17.80,10,-0.134883,0.437987,0.527630,-0.151151,0.419718,0.527796,0.102970,0.026174,0.072864,0.007847,0.080716,0.070249,-0.184660,0.004620,0.286267,-0.093728,-0.045472,0.039808,FOLLOWER
1787025214846119279,2026-08-18T10:53:34.846136,prediction,0.047245,0.212000,0.168204,0.058081,0.143105,0.162644,True,0.049675,0.006502,0.165530,0.002431,0.205498,0.002673,16.25,10,-0.130588,0.443970,0.527713,-0.144708,0.427317,0.527770,0.127406,0.032720,0.072425,0.010467,0.078096,0.075477,-0.191800,0.023520,0.288923,-0.092896,-0.046816,0.037792,FOLLOWER
1787025214878252975,2026-08-18T10:53:34.878266,prediction,0.047078,0.250000,0.170868,0.056081,0.173261,0.163148,True,0.048393,0.012502,0.167543,0.001315,0.237498,0.003324,16.11,10,-0.126627,0.449966,0.527903,-0.144708,0.427317,0.527770,0.150528,0.040574,0.074611,0.010898,0.080716,0.078096,-0.200200,0.013860,0.278050,-0.094624,-0.046304,0.039680,FOLLOWER
1787025214915422512,2026-08-18T10:53:34.915462,prediction,0.051100,0.241000,0.175183,0.054707,0.186279,0.164110,True,0.048950,0.018502,0.170362,0.002150,0.222497,0.004821,17.62,10,-0.122980,0.455966,0.528233,-0.138666,0.435283,0.527899,0.164928,0.047558,0.072425,0.013517,0.078096,0.080716,-0.212660,0.016660,0.284939,-0.095392,-0.046656,0.041536,FOLLOWER
1787025214958941863,2026-08-18T10:53:34.958958,prediction,0.051045,0.250000,0.174843,0.053540,0.195762,0.164901,True,0.049277,0.024502,0.172233,0.001768,0.225498,0.002610,30.87,10,-0.119770,0.461966,0.528791,-0.138666,0.435283,0.527899,0.186313,0.053667,0.070247,0.016137,0.078096,0.080716,-0.170380,0.032480,0.276141,-0.092672,-0.050144,0.038400,FOLLOWER
1787025214986410530,2026-08-18T10:53:34.986433,prediction,0.051045,0.250000,0.178818,0.052668,0.203419,0.166002,True,0.049555,0.030502,0.174789,0.001490,0.219498,0.004029,24.51,10,-0.116982,0.467966,0.529475,-0.133137,0.443617,0.528301,0.188057,0.058463,0.068500,0.016137,0.080716,0.080716,-0.208880,0.014840,0.291330,-0.093440,-0.049600,0.039072,FOLLOWER
1787025215017182445,2026-08-18T10:53:35.017200,prediction,0.050822,0.287000,0.181272,0.052076,0.210710,0.167328,True,0.049404,0.036502,0.177413,0.001418,0.250497,0.003859,16.69,10,-0.114613,0.473966,0.530336,-0.133137,0.443617,0.528301,0.197655,0.067192,0.070686,0.018756,0.078096,0.080716,-0.181580,0.016940,0.285437,-0.094624,-0.044544,0.039584,FOLLOWER
1787025215044891491,2026-08-18T10:53:35.044918,prediction,0.050822,0.287000,0.185186,0.051483,0.218302,0.168916,True,0.049381,0.042502,0.180474,0.001441,0.244497,0.004711,15.59,10,-0.112633,0.479966,0.531390,-0.128196,0.452376,0.529045,0.195911,0.067192,0.070686,0.019198,0.080716,0.078096,-0.210420,0.031500,0.280125,-0.092960,-0.045152,0.040480,FOLLOWER
1787025215074268501,2026-08-18T10:53:35.074299,prediction,0.050822,0.287000,0.185186,0.050878,0.225954,0.170461,True,0.049432,0.048502,0.182558,0.001390,0.238497,0.002628,14.64,10,-0.111052,0.485966,0.532659,-0.128196,0.452376,0.529045,0.202457,0.076790,0.074173,0.018756,0.078096,0.080716,-0.170100,0.029120,0.294235,-0.091168,-0.047360,0.038016,FOLLOWER
1787025215114929916,2026-08-18T10:53:35.114977,prediction,0.050931,0.269000,0.189899,0.050556,0.234684,0.172321,True,0.049707,0.054502,0.185433,0.001224,0.214498,0.004465,17.51,10,-0.109716,0.491966,0.534068,-0.124013,0.461336,0.530182,0.200706,0.083336,0.079846,0.018756,0.083335,0.080716,-0.185360,0.023520,0.298468,-0.092448,-0.042752,0.038464,FOLLOWER
1787025215149419149,2026-08-18T10:53:35.149437,prediction,0.050768,0.296000,0.192598,0.050254,0.243630,0.174486,True,0.049650,0.060502,0.188334,0.001118,0.235498,0.004264,17.93,10,-0.108631,0.497966,0.535669,-0.124013,0.461336,0.530182,0.200706,0.091190,0.087697,0.018756,0.078096,0.078096,-0.168280,0.033040,0.298302,-0.092736,-0.044416,0.042464,FOLLOWER
1787025215179565154,2026-08-18T10:53:35.179580,prediction,0.050768,0.296000,0.192598,0.050220,0.249899,0.176651,True,0.049607,0.066502,0.190292,0.001160,0.229498,0.002307,17.10,10,-0.107804,0.503966,0.537491,-0.120467,0.470663,0.531781,0.199400,0.094679,0.091192,0.018756,0.081158,0.080716,-0.186620,0.040180,0.291662,-0.091904,-0.042080,0.040576,FOLLOWER
1787025215214964807,2026-08-18T10:53:35.214982,prediction,0.050550,0.332000,0.194780,0.050175,0.255633,0.178979,True,0.049330,0.072502,0.192315,0.001221,0.259498,0.002465,17.89,10,-0.107229,0.509966,0.539464,-0.120467,0.470663,0.531781,0.199400,0.102970,0.100352,0.018756,0.078096,0.081158,-0.154980,0.050120,0.304029,-0.095904,-0.046592,0.038464,FOLLOWER
1787025215247072945,2026-08-18T10:53:35.247089,prediction,0.050659,0.314000,0.199508,0.050138,0.261740,0.181355,True,0.049330,0.078502,0.195188,0.001329,0.235498,0.004320,17.99,10,-0.106814,0.515966,0.541593,-0.117599,0.480180,0.533842,0.199400,0.110823,0.113445,0.018756,0.078096,0.078096,-0.197400,0.045780,0.299215,-0.101408,-0.044032,0.040960,FOLLOWER
1787025215284483432,2026-08-18T10:53:35.284503,prediction,0.054313,0.341000,0.198175,0.050336,0.268881,0.183601,True,0.050455,0.084502,0.196716,0.003859,0.256498,0.001459,19.39,10,-0.106514,0.521966,0.543839,-0.117599,0.480180,0.533842,0.197655,0.116063,0.118679,0.018756,0.078096,0.080716,-0.205100,0.046060,0.310337,-0.099072,-0.042304,0.041248,FOLLOWER
1787025215313683541,2026-08-18T10:53:35.313698,prediction,0.054590,0.305000,0.199952,0.050837,0.275270,0.185805,True,0.051556,0.090502,0.198223,0.003034,0.214498,0.001729,17.71,10,-0.106334,0.527966,0.546124,-0.115447,0.489309,0.536188,0.202457,0.120859,0.130025,0.016137,0.080716,0.081158,-0.160160,0.028700,0.312744,-0.098560,-0.045376,0.036576,FOLLOWER
1787025215347616105,2026-08-18T10:53:35.347636,prediction,0.054383,0.332000,0.202459,0.051313,0.282947,0.188088,True,0.052154,0.096502,0.200056,0.002228,0.235498,0.002403,17.99,10,-0.106393,0.533966,0.548401,-0.115447,0.489309,0.536188,0.200706,0.127406,0.143111,0.013517,0.080716,0.081158,-0.181020,0.030940,0.324281,-0.098464,-0.043584,0.039296,FOLLOWER
1787025215381128846,2026-08-18T10:53:35.381152,prediction,0.054590,0.305000,0.207720,0.051814,0.287416,0.190545,True,0.052791,0.102502,0.202993,0.001799,0.202498,0.004727,18.01,10,-0.106558,0.539966,0.550703,-0.113757,0.498939,0.538948,0.198962,0.130457,0.154457,0.010467,0.081158,0.080716,-0.183820,0.017920,0.322953,-0.095840,-0.042240,0.041248,FOLLOWER
1787025215413241833,2026-08-18T10:53:35.413257,prediction,0.058299,0.323000,0.206772,0.052294,0.292683,0.192651,True,0.054341,0.108502,0.204738,0.003957,0.214497,0.002034,17.26,10,-0.106851,0.545966,0.553066,-0.113757,0.498939,0.538948,0.198962,0.133952,0.165803,0.010898,0.080716,0.080716,-0.157360,0.028420,0.326688,-0.096800,-0.046080,0.037408,FOLLOWER
1787025215446928899,2026-08-18T10:53:35.446943,prediction,0.058299,0.323000,0.210626,0.052777,0.297630,0.195037,True,0.055420,0.114502,0.207159,0.002879,0.208497,0.003467,18.25,10,-0.107211,0.551966,0.555358,-0.112586,0.508427,0.541884,0.194166,0.137004,0.174963,0.010898,0.078538,0.080716,-0.153720,0.028140,0.321708,-0.100064,-0.045024,0.040416,FOLLOWER
1787025215477175742,2026-08-18T10:53:35.477190,prediction,0.058131,0.341000,0.209649,0.053250,0.302513,0.197092,True,0.056017,0.120502,0.208512,0.002113,0.220498,0.001137,15.78,10,-0.107620,0.557966,0.557686,-0.112586,0.508427,0.541884,0.187619,0.140492,0.184131,0.010898,0.078096,0.080716,-0.147140,0.039340,0.317226,-0.099968,-0.044032,0.039520,FOLLOWER
1787025215514984753,2026-08-18T10:53:35.514999,prediction,0.058047,0.350000,0.209160,0.053731,0.308343,0.198951,True,0.056360,0.126502,0.209210,0.001687,0.223498,0.000050,16.97,10,-0.108051,0.563966,0.559934,-0.111817,0.517849,0.544946,0.179766,0.142243,0.185870,0.007847,0.080716,0.080716,-0.131040,0.037800,0.339055,-0.101792,-0.046080,0.039808,FOLLOWER
1787025215544827272,2026-08-18T10:53:35.544841,prediction,0.058131,0.341000,0.213473,0.054219,0.312389,0.200837,True,0.056681,0.132502,0.211022,0.001450,0.208498,0.002452,16.27,10,-0.108515,0.569966,0.562054,-0.111817,0.517849,0.544946,0.160133,0.145295,0.193291,0.008289,0.081158,0.081158,-0.147560,0.005880,0.329427,-0.102304,-0.044256,0.039584,FOLLOWER
1787025215577391611,2026-08-18T10:53:35.577406,prediction,0.058047,0.350000,0.212969,0.054700,0.316558,0.202689,True,0.056849,0.138502,0.212107,0.001198,0.211498,0.000862,16.40,10,-0.109002,0.575966,0.564091,-0.111360,0.527265,0.548048,0.145295,0.145295,0.195038,0.007847,0.083766,0.080716,-0.114660,0.001820,0.341296,-0.103520,-0.041408,0.039424,FOLLOWER
1787025215612352756,2026-08-18T10:53:35.612376,prediction,0.058047,0.350000,0.216779,0.055175,0.320752,0.204481,True,0.056983,0.144502,0.214056,0.001063,0.205498,0.002724,18.25,10,-0.109496,0.581966,0.566061,-0.111360,0.527265,0.548048,0.114319,0.143550,0.200711,0.008289,0.078096,0.078096,-0.105280,0.019740,0.321210,-0.101472,-0.049440,0.038848,FOLLOWER
1787025215652600990,2026-08-18T10:53:35.652620,prediction,0.057655,0.392000,0.214359,0.055634,0.324950,0.205932,True,0.056788,0.150502,0.214626,0.000867,0.241498,0.000267,17.46,10,-0.109981,0.587966,0.567969,-0.111143,0.536821,0.551184,0.093372,0.145732,0.200711,0.003051,0.080716,0.078096,-0.081480,0.022820,0.324281,-0.106080,-0.044864,0.039136,FOLLOWER
1787025215675502992,2026-08-18T10:53:35.675523,prediction,0.057729,0.384000,0.214820,0.056098,0.330483,0.207413,True,0.056746,0.156502,0.215086,0.000983,0.227498,0.000266,14.33,10,-0.110457,0.593966,0.569722,-0.111143,0.536821,0.551184,0.078534,0.147039,0.201142,0.005228,0.080716,0.078096,-0.083020,0.003080,0.325194,-0.102976,-0.045312,0.042080,FOLLOWER
1787025215714212554,2026-08-18T10:53:35.714226,prediction,0.061574,0.375000,0.219107,0.056833,0.336283,0.209035,True,0.058075,0.162502,0.216763,0.003500,0.212498,0.002344,16.57,10,-0.110933,0.599966,0.571374,-0.111112,0.546264,0.554203,0.055849,0.147039,0.198964,0.003051,0.080716,0.080716,-0.083300,-0.013300,0.316396,-0.103136,-0.043584,0.041184,FOLLOWER
1787025215746852875,2026-08-18T10:53:35.746868,prediction,0.061476,0.384000,0.218574,0.057554,0.341177,0.210306,True,0.058973,0.168502,0.217764,0.002502,0.215498,0.000810,18.50,10,-0.111516,0.605966,0.573004,-0.111112,0.546264,0.554203,0.039267,0.145732,0.198964,0.002609,0.078096,0.081158,-0.053620,-0.020020,0.330174,-0.102528,-0.049824,0.040192,FOLLOWER
1787025215780682247,2026-08-18T10:53:35.780698,prediction,0.061476,0.384000,0.218574,0.058031,0.344929,0.211666,True,0.059628,0.174502,0.218424,0.001847,0.209498,0.000150,17.21,10,-0.112159,0.611966,0.574509,-0.111265,0.555896,0.557180,0.026174,0.143988,0.198964,0.002609,0.081158,0.078096,-0.083020,-0.008260,0.337893,-0.104640,-0.047424,0.041984,FOLLOWER
1787025215810797575,2026-08-18T10:53:35.810814,prediction,0.061201,0.409000,0.220804,0.058472,0.349412,0.213056,True,0.059922,0.180502,0.219594,0.001279,0.228497,0.001210,14.54,10,-0.112770,0.617966,0.575957,-0.111265,0.555896,0.557180,0.026174,0.143988,0.198964,0.002609,0.081158,0.078096,-0.083020,-0.008260,0.337893,-0.104640,-0.047424,0.041984,FOLLOWER
1787025215849484524,2026-08-18T10:53:35.849512,prediction,0.061113,0.417000,0.220317,0.058921,0.354416,0.214247,True,0.060100,0.186502,0.220230,0.001013,0.230498,0.000087,17.19,10,-0.113328,0.623966,0.577381,-0.111556,0.565478,0.560024,0.026174,0.143988,0.198964,0.002609,0.081158,0.078096,-0.083020,-0.008260,0.337893,-0.104640,-0.047424,0.041984,FOLLOWER
1787025215888195769,2026-08-18T10:53:35.888213,prediction,0.061201,0.409000,0.220804,0.059362,0.360963,0.215119,True,0.060324,0.192502,0.220781,0.000877,0.216497,0.000023,20.40,10,-0.113858,0.629966,0.578726,-0.111556,0.565478,0.560024,0.026174,0.143988,0.198964,0.002609,0.081158,0.078096,-0.083020,-0.008260,0.337893,-0.104640,-0.047424,0.041984,FOLLOWER
1787025215915700834,2026-08-18T10:53:35.915748,prediction,0.061113,0.417000,0.220317,0.059549,0.367286,0.216022,True,0.060437,0.198502,0.220970,0.000676,0.218498,0.000654,17.47,10,-0.114360,0.635966,0.579912,-0.111939,0.575110,0.562742,0.026174,0.143988,0.198964,0.002609,0.081158,0.078096,-0.083020,-0.008260,0.337893,-0.104640,-0.047424,0.041984,FOLLOWER
1787025215954276887,2026-08-18T10:53:35.954299,prediction,0.060850,0.441000,0.218854,0.059719,0.373564,0.216571,True,0.060437,0.198502,0.220970,0.000412,0.242498,0.002116,0.00,10,-0.114766,0.641966,0.580994,-0.111939,0.575110,0.562742,0.026174,0.143988,0.198964,0.002609,0.081158,0.078096,-0.083020,-0.008260,0.337893,-0.104640,-0.047424,0.041984,LEADER
1787025215986949118,2026-08-18T10:53:35.986973,prediction,0.060850,0.441000,0.218854,0.059901,0.381113,0.217184,True,0.060437,0.198504,0.220969,0.000413,0.242496,0.002115,0.00,10,-0.117250,0.691466,0.586877,-0.112386,0.584904,0.564773,0.011342,0.143988,0.198964,0.000000,0.080716,0.081158,0.075600,-0.008960,0.343371,-0.064960,-0.047360,0.037184,LEADER
1787025216020196122,2026-08-18T10:53:36.020215,prediction,0.060938,0.433000,0.219342,0.060093,0.387956,0.217863,True,0.060437,0.198511,0.220965,0.000501,0.234489,0.001623,0.00,10,-0.117250,0.691467,0.586877,-0.112386,0.584904,0.564773,0.016576,0.148784,0.200711,0.000000,0.080716,0.078096,0.092680,-0.026600,0.331170,-0.043200,-0.045088,0.041312,LEADER
1787025216053333241,2026-08-18T10:53:36.053348,prediction,0.060938,0.433000,0.219342,0.060280,0.394231,0.218254,True,0.060435,0.198532,0.220952,0.000502,0.234468,0.001610,0.00,10,-0.117250,0.691474,0.586872,-0.112831,0.594648,0.566794,0.021378,0.148784,0.198964,0.000000,0.080716,0.081158,0.102480,-0.032480,0.329095,-0.024768,-0.047712,0.038912,LEADER
1787025216086935869,2026-08-18T10:53:36.086964,prediction,0.060586,0.465000,0.217392,0.060450,0.399913,0.218549,True,0.060432,0.198572,0.220928,0.000154,0.266428,0.003536,0.00,10,-0.117248,0.691495,0.586860,-0.112831,0.594648,0.566794,0.024429,0.150528,0.198964,0.002609,0.080716,0.080716,0.110600,-0.042700,0.327933,-0.009696,-0.043424,0.035904,LEADER
1787025216120334085,2026-08-18T10:53:36.120359,prediction,0.060674,0.457000,0.217880,0.060625,0.406756,0.218623,True,0.060428,0.198638,0.220889,0.000246,0.258362,0.003009,0.00,10,-0.117245,0.691535,0.586835,-0.113278,0.604461,0.568824,0.025742,0.150097,0.198964,0.008289,0.078096,0.080716,0.104720,-0.042700,0.325858,-0.016928,-0.042528,0.039904,LEADER
1787025216153979662,2026-08-18T10:53:36.154015,prediction,0.060674,0.457000,0.214247,0.060826,0.413831,0.218615,True,0.060421,0.198733,0.220831,0.000253,0.258267,0.006585,0.00,10,-0.117241,0.691601,0.586796,-0.113278,0.604461,0.568824,0.027925,0.150097,0.200711,0.005670,0.081158,0.080716,0.095060,-0.016940,0.327767,-0.017536,-0.043648,0.041696,LEADER
1787025216188053941,2026-08-18T10:53:36.188100,prediction,0.060674,0.457000,0.214247,0.061023,0.419140,0.218577,True,0.060411,0.198866,0.220752,0.000263,0.258134,0.006505,0.00,10,-0.117234,0.691697,0.586739,-0.113727,0.614362,0.570857,0.029231,0.154893,0.200711,0.002609,0.080716,0.080716,0.096040,-0.024360,0.326688,-0.015360,-0.047360,0.035968,LEADER
1787025216220203015,2026-08-18T10:53:36.220222,prediction,0.060674,0.457000,0.214247,0.060962,0.424095,0.218253,True,0.060399,0.199039,0.220648,0.000275,0.257961,0.006401,0.00,10,-0.117224,0.691829,0.586659,-0.113727,0.614362,0.570857,0.029231,0.154893,0.200711,0.002609,0.080716,0.080716,0.096040,-0.024360,0.326688,-0.015360,-0.047360,0.035968,LEADER
1787025216253777149,2026-08-18T10:53:36.253797,prediction,0.060422,0.480000,0.212883,0.060892,0.428979,0.217873,True,0.060383,0.199259,0.220516,0.000038,0.280741,0.007633,0.00,10,-0.117212,0.692002,0.586555,-0.114159,0.624000,0.572806,0.029231,0.154893,0.200711,0.002609,0.080716,0.080716,0.096040,-0.024360,0.326688,-0.015360,-0.047360,0.035968,LEADER
1787025216287090507,2026-08-18T10:53:36.287120,prediction,0.060674,0.457000,0.214247,0.060839,0.433849,0.217585,True,0.060364,0.199529,0.220354,0.000310,0.257471,0.006107,0.00,10,-0.117196,0.692222,0.586423,-0.114159,0.624000,0.572806,0.029231,0.154893,0.200711,0.002609,0.080716,0.080716,0.096040,-0.024360,0.326688,-0.015360,-0.047360,0.035968,LEADER
1787025216320200866,2026-08-18T10:53:36.320229,prediction,0.056759,0.488000,0.212409,0.060543,0.439943,0.217025,True,0.060341,0.199855,0.220158,0.003582,0.288145,0.007749,0.00,10,-0.117177,0.692492,0.586261,-0.114589,0.633760,0.574723,0.032720,0.161877,0.198964,0.002609,0.080716,0.080716,0.128520,-0.039340,0.340798,-0.015424,-0.044320,0.037184,LEADER
1787025216353757217,2026-08-18T10:53:36.353778,prediction,0.056899,0.473000,0.209692,0.060262,0.444575,0.216317,True,0.060313,0.200240,0.219927,0.003415,0.272760,0.010235,0.00,10,-0.117154,0.692818,0.586065,-0.114589,0.633760,0.574723,0.035778,0.161439,0.198964,0.002609,0.081158,0.080716,0.093800,-0.028140,0.335818,-0.011200,-0.042144,0.039360,LEADER
1787025216387407955,2026-08-18T10:53:36.387426,prediction,0.056759,0.488000,0.208827,0.059966,0.449715,0.215519,True,0.060281,0.200689,0.219657,0.003522,0.287311,0.010830,0.00,10,-0.117126,0.693203,0.585834,-0.115008,0.643574,0.576557,0.032720,0.164928,0.200711,0.005670,0.078096,0.078538,0.105000,-0.045500,0.335818,-0.016320,-0.044256,0.039520,LEADER
1787025216421407504,2026-08-18T10:53:36.421438,prediction,0.053299,0.473000,0.206085,0.059445,0.453730,0.214570,True,0.060245,0.201204,0.219348,0.006945,0.271796,0.013262,0.00,10,-0.117094,0.693652,0.585565,-0.115008,0.643574,0.576557,0.032720,0.166241,0.202458,0.005228,0.080716,0.081158,0.122360,-0.046480,0.311748,-0.012320,-0.049824,0.038688,LEADER
1787025216454379354,2026-08-18T10:53:36.454435,prediction,0.053246,0.480000,0.202099,0.058938,0.457893,0.213453,True,0.060203,0.201791,0.218996,0.006957,0.278209,0.016897,0.00,10,-0.117057,0.694167,0.585255,-0.115409,0.653468,0.578258,0.032720,0.166241,0.202458,0.005228,0.080716,0.081158,0.122360,-0.046480,0.311748,-0.012320,-0.049824,0.038688,LEADER
1787025216487471408,2026-08-18T10:53:36.487501,prediction,0.052892,0.526000,0.196081,0.058407,0.460805,0.211935,True,0.060156,0.202451,0.218599,0.007263,0.323549,0.022518,0.00,10,-0.117016,0.694754,0.584903,-0.115409,0.653468,0.578258,0.032720,0.166241,0.202458,0.005228,0.080716,0.081158,0.122360,-0.046480,0.311748,-0.012320,-0.049824,0.038688,LEADER
1787025216521217163,2026-08-18T10:53:36.521254,prediction,0.049519,0.503000,0.193735,0.057646,0.464694,0.210227,True,0.060103,0.203188,0.218156,0.010584,0.299812,0.024421,0.00,10,-0.116968,0.695414,0.584506,-0.115778,0.663386,0.579736,0.032720,0.166241,0.202458,0.005228,0.080716,0.081158,0.122360,-0.046480,0.311748,-0.012320,-0.049824,0.038688,LEADER
1787025216554299570,2026-08-18T10:53:36.554340,prediction,0.049519,0.503000,0.190179,0.056885,0.469206,0.208283,True,0.060045,0.204005,0.217666,0.010526,0.298995,0.027487,0.00,10,-0.116916,0.696151,0.584064,-0.115778,0.663386,0.579736,0.032720,0.166241,0.202458,0.005228,0.080716,0.081158,0.122360,-0.046480,0.311748,-0.012320,-0.049824,0.038688,LEADER
1787025216587571801,2026-08-18T10:53:36.587598,prediction,0.049428,0.518000,0.185906,0.056141,0.473841,0.206184,True,0.059980,0.204905,0.217125,0.010552,0.313095,0.031219,0.00,10,-0.116857,0.696969,0.583573,-0.116095,0.673256,0.580863,0.029231,0.171475,0.200711,0.002609,0.080716,0.056721,0.124600,-0.079940,0.330506,-0.012800,-0.046656,0.034016,LEADER
1787025216621255049,2026-08-18T10:53:36.621281,prediction,0.045969,0.503000,0.183065,0.055160,0.477222,0.203863,True,0.059910,0.205890,0.216534,0.013942,0.297110,0.033469,0.00,10,-0.116793,0.697868,0.583033,-0.116095,0.673256,0.580863,0.029669,0.171913,0.200711,0.003051,0.080716,0.043193,0.124600,-0.073780,0.339636,-0.014528,-0.049760,0.035904,LEADER
1787025216653733658,2026-08-18T10:53:36.653759,prediction,0.042397,0.511000,0.179153,0.053942,0.480778,0.201524,True,0.059834,0.206962,0.215891,0.017437,0.304038,0.036738,0.00,10,-0.116723,0.698853,0.582442,-0.116341,0.683269,0.581481,0.032720,0.170168,0.200711,0.002609,0.078096,0.032715,0.102480,-0.057260,0.334075,-0.015808,-0.048096,0.032224,LEADER
1787025216686888520,2026-08-18T10:53:36.686927,prediction,0.042397,0.511000,0.179153,0.052723,0.484369,0.199184,True,0.059751,0.208123,0.215193,0.017354,0.302877,0.036041,0.00,10,-0.116647,0.699925,0.581798,-0.116341,0.683269,0.581481,0.030976,0.173219,0.200711,0.003051,0.078096,0.013517,0.088900,-0.067200,0.326356,-0.012544,-0.045824,0.028000,LEADER
1787025216720144100,2026-08-18T10:53:36.720162,prediction,0.042378,0.518000,0.175310,0.051504,0.487967,0.196588,True,0.059662,0.209375,0.214442,0.017284,0.308625,0.039132,0.00,10,-0.116564,0.701086,0.581101,-0.116452,0.692164,0.581291,0.029669,0.174964,0.201142,0.002609,0.078096,0.000000,0.091980,-0.073360,0.329842,-0.013312,-0.047872,0.020608,LEADER
1787025216753325151,2026-08-18T10:53:36.753341,prediction,0.042378,0.518000,0.175310,0.050301,0.491940,0.194083,True,0.059566,0.210720,0.213634,0.017188,0.307280,0.038324,0.00,10,-0.116474,0.702338,0.580349,-0.116452,0.692164,0.581291,0.027487,0.174964,0.198964,0.002609,0.081158,0.007847,0.110600,-0.080780,0.337561,-0.011968,-0.046656,-0.022784,LEADER
1787025216786824296,2026-08-18T10:53:36.786849,prediction,0.042356,0.526000,0.174968,0.049079,0.495988,0.191465,True,0.059463,0.212159,0.212770,0.017107,0.313841,0.037802,0.00,10,-0.116378,0.703683,0.579541,-0.116407,0.699244,0.580216,0.029231,0.174964,0.200711,0.000000,0.080716,0.024426,0.106820,-0.078400,0.322787,-0.010528,-0.046144,-0.031008,LEADER
1787025216821206218,2026-08-18T10:53:36.821243,prediction,0.038812,0.555000,0.170257,0.047883,0.499251,0.188655,True,0.059353,0.213694,0.211848,0.020541,0.341307,0.041592,0.00,10,-0.116276,0.705122,0.578677,-0.116407,0.699244,0.580216,0.027925,0.174533,0.202889,0.002609,0.080716,0.024426,0.103180,-0.059500,0.315566,-0.009408,-0.044096,-0.033184,LEADER
1787025216854428456,2026-08-18T10:53:36.854466,prediction,0.038836,0.533000,0.171161,0.046679,0.503104,0.186086,True,0.059237,0.215325,0.210869,0.020401,0.317675,0.039708,0.00,10,-0.116166,0.706657,0.577756,-0.116225,0.704835,0.578360,0.026174,0.178022,0.200711,0.000000,0.080716,0.027045,0.098560,-0.082740,0.320214,-0.011872,-0.046528,-0.028384,LEADER
1787025216887135592,2026-08-18T10:53:36.887163,prediction,0.035335,0.533000,0.171161,0.045251,0.506274,0.183575,True,0.059114,0.217054,0.209831,0.023778,0.315946,0.038670,0.00,10,-0.116050,0.708288,0.576776,-0.116225,0.704835,0.578360,0.026174,0.179766,0.198964,0.002609,0.080716,0.027045,0.091420,-0.107240,0.332747,-0.010752,-0.043808,-0.031520,LEADER
1787025216921401698,2026-08-18T10:53:36.921428,prediction,0.035335,0.533000,0.171161,0.044053,0.510108,0.181246,True,0.058983,0.218881,0.208734,0.023648,0.314119,0.037573,0.00,10,-0.115926,0.710017,0.575738,-0.115963,0.709381,0.576060,0.024429,0.179766,0.200711,0.002609,0.078096,0.026614,0.094500,-0.095060,0.329593,-0.015200,-0.042912,-0.033632,LEADER
1787025216953685484,2026-08-18T10:53:36.953708,prediction,0.031835,0.533000,0.167654,0.042626,0.513702,0.178950,True,0.058846,0.220807,0.207577,0.027011,0.312193,0.039924,0.00,10,-0.115796,0.711844,0.574641,-0.115963,0.709381,0.576060,0.024429,0.179766,0.200711,0.002609,0.078096,0.026614,0.094500,-0.095060,0.329593,-0.015200,-0.042912,-0.033632,LEADER
1787025216986840676,2026-08-18T10:53:36.986863,prediction,0.031850,0.540000,0.163882,0.041223,0.517247,0.176804,True,0.058701,0.222832,0.206361,0.026851,0.317168,0.042479,0.00,10,-0.115659,0.713770,0.573485,-0.115671,0.713593,0.573588,0.024429,0.179766,0.200711,0.002609,0.078096,0.026614,0.094500,-0.095060,0.329593,-0.015200,-0.042912,-0.033632,LEADER
1787025217020767258,2026-08-18T10:53:37.020815,prediction,0.031868,0.548000,0.160097,0.040046,0.519929,0.174561,True,0.058550,0.224957,0.205085,0.026682,0.323043,0.044988,0.00,10,-0.115514,0.715795,0.572268,-0.115671,0.713593,0.573588,0.024429,0.179328,0.198964,0.000000,0.080716,0.027045,0.088340,-0.090160,0.335652,-0.013248,-0.042592,-0.032512,LEADER
1787025217053404844,2026-08-18T10:53:37.053425,prediction,0.031868,0.548000,0.156614,0.038869,0.522866,0.172323,True,0.058391,0.227181,0.203749,0.026523,0.320819,0.047135,0.00,10,-0.115363,0.717920,0.570993,-0.115392,0.717510,0.571239,0.019634,0.178022,0.198964,0.002609,0.080716,0.021807,0.086380,-0.107240,0.339221,-0.012416,-0.049664,-0.032576,LEADER
1787025217086844597,2026-08-18T10:53:37.086863,prediction,0.031850,0.540000,0.149899,0.037698,0.525853,0.169923,True,0.058225,0.229505,0.202354,0.026375,0.310495,0.052455,0.00,10,-0.115204,0.720144,0.569657,-0.115392,0.717510,0.571239,0.019634,0.174533,0.198525,0.002609,0.078538,0.019198,0.086380,-0.112420,0.340466,-0.012096,-0.048992,-0.033024,LEADER
1787025217121055250,2026-08-18T10:53:37.121094,prediction,0.031883,0.555000,0.142489,0.036758,0.528851,0.167218,True,0.058052,0.231929,0.200899,0.026169,0.323071,0.058410,0.00,10,-0.115038,0.722468,0.568261,-0.115081,0.721871,0.568620,0.016138,0.168424,0.200711,0.000000,0.080716,0.016137,0.078120,-0.103460,0.334822,-0.011360,-0.044864,-0.034176,LEADER
1787025217153858956,2026-08-18T10:53:37.153878,prediction,0.031899,0.562000,0.138834,0.036059,0.531797,0.164530,True,0.057872,0.234451,0.199384,0.025973,0.327549,0.060550,0.00,10,-0.114865,0.724892,0.566806,-0.115081,0.721871,0.568620,0.013087,0.163184,0.198964,0.000000,0.078096,0.013517,0.082740,-0.129220,0.337063,-0.010752,-0.043264,-0.033792,LEADER
1787025217186727793,2026-08-18T10:53:37.186752,prediction,0.031930,0.576000,0.135031,0.035361,0.535106,0.161588,True,0.057685,0.237072,0.197810,0.025755,0.338928,0.062780,0.00,10,-0.114685,0.727414,0.565291,-0.114753,0.726464,0.565862,0.010029,0.153586,0.200711,0.000000,0.080716,0.010467,0.080220,-0.169540,0.331502,-0.011744,-0.051424,-0.032896,LEADER
1787025217220708857,2026-08-18T10:53:37.220763,prediction,0.031907,0.565500,0.128381,0.034663,0.538675,0.158460,True,0.057491,0.239791,0.196178,0.025585,0.325709,0.067796,0.00,10,-0.114498,0.730036,0.563718,-0.114753,0.726464,0.565862,0.007853,0.147039,0.200711,0.000000,0.080716,0.007847,0.078400,-0.166460,0.331668,-0.011136,-0.046144,-0.032224,LEADER
1787025217254977137,2026-08-18T10:53:37.255031,prediction,0.031850,0.540000,0.125428,0.033961,0.541922,0.155134,True,0.057290,0.242607,0.194487,0.025440,0.297393,0.069058,0.00,10,-0.114304,0.732754,0.562085,-0.114396,0.731460,0.562862,0.007853,0.147039,0.200711,0.000000,0.080716,0.007847,0.078400,-0.166460,0.331668,-0.011136,-0.046144,-0.032224,LEADER
1787025217287186533,2026-08-18T10:53:37.287212,prediction,0.031899,0.562000,0.118078,0.033264,0.544918,0.151342,True,0.057083,0.245520,0.192738,0.025184,0.316480,0.074660,0.00,10,-0.114103,0.735571,0.560394,-0.114396,0.731460,0.562862,0.007853,0.147039,0.200711,0.000000,0.080716,0.007847,0.078400,-0.166460,0.331668,-0.011136,-0.046144,-0.032224,LEADER
1787025217320605107,2026-08-18T10:53:37.320635,prediction,0.031899,0.562000,0.111159,0.032803,0.547437,0.147402,True,0.056868,0.248527,0.190932,0.024969,0.313473,0.079773,0.00,10,-0.113895,0.738483,0.558645,-0.114036,0.736514,0.559828,0.007853,0.147039,0.200711,0.000000,0.080716,0.007847,0.078400,-0.166460,0.331668,-0.011136,-0.046144,-0.032224,LEADER
1787025217353668979,2026-08-18T10:53:37.353738,prediction,0.031883,0.555000,0.107779,0.032339,0.549487,0.143176,True,0.056647,0.251628,0.189070,0.024763,0.303372,0.081291,0.00,10,-0.113681,0.741490,0.556840,-0.114036,0.736514,0.559828,0.006540,0.137004,0.198964,0.002609,0.081158,0.007847,0.072520,-0.157080,0.344284,-0.012096,-0.045824,-0.032512,LEADER
1787025217388297080,2026-08-18T10:53:37.388356,prediction,0.031899,0.562000,0.100780,0.032110,0.551444,0.138484,True,0.056419,0.254822,0.187152,0.024520,0.307178,0.086372,0.00,10,-0.113460,0.744591,0.554977,-0.113640,0.742059,0.556498,0.000000,0.107772,0.200711,0.000000,0.081158,0.000000,0.101640,-0.184100,0.326190,-0.013984,-0.046976,-0.030336,LEADER
1787025217419920513,2026-08-18T10:53:37.419933,prediction,0.031914,0.569000,0.093828,0.031882,0.553382,0.133329,True,0.056184,0.258107,0.185179,0.024270,0.310893,0.091351,0.00,10,-0.113232,0.747785,0.553059,-0.113640,0.742059,0.556498,0.000000,0.106459,0.198964,0.000000,0.078096,0.000000,0.096320,-0.173880,0.342043,-0.015488,-0.046208,-0.026720,LEADER
1787025217453966027,2026-08-18T10:53:37.453980,prediction,0.028500,0.576000,0.090359,0.031660,0.555690,0.128176,True,0.055944,0.261482,0.183153,0.027443,0.314518,0.092794,0.00,10,-0.112997,0.751071,0.551087,-0.113221,0.747929,0.552973,0.000000,0.106028,0.200711,0.000000,0.080716,0.000000,0.091420,-0.152460,0.322040,-0.016256,-0.045600,-0.025600,LEADER
1787025217487226977,2026-08-18T10:53:37.487251,prediction,0.025032,0.569000,0.083485,0.031205,0.558071,0.122816,True,0.055696,0.264945,0.181074,0.030665,0.304055,0.097589,0.00,10,-0.112756,0.754445,0.549060,-0.113221,0.747929,0.552973,0.000000,0.106028,0.198964,0.000000,0.080716,0.000000,0.089460,-0.152460,0.334241,-0.017152,-0.045696,-0.022880,LEADER
1787025217521062218,2026-08-18T10:53:37.521122,prediction,0.025032,0.569000,0.080037,0.030750,0.560094,0.117479,True,0.055443,0.268494,0.178942,0.030411,0.300506,0.098906,0.00,10,-0.112509,0.757908,0.546981,-0.112776,0.754165,0.549229,0.000000,0.109517,0.198964,0.000000,0.080716,0.002609,0.078680,-0.154980,0.330838,-0.019040,-0.050816,-0.015936,LEADER
1787025217553357224,2026-08-18T10:53:37.553376,prediction,0.025032,0.569000,0.076589,0.030294,0.561619,0.112144,True,0.055184,0.272128,0.176761,0.030152,0.296872,0.100172,0.00,10,-0.112256,0.761458,0.544850,-0.112776,0.754165,0.549229,0.000000,0.112568,0.200711,0.000000,0.080716,0.002609,0.056980,-0.173880,0.336980,-0.020832,-0.045376,-0.007136,LEADER
1787025217586621450,2026-08-18T10:53:37.586634,prediction,0.025070,0.576000,0.073177,0.029842,0.563044,0.107029,True,0.054919,0.275844,0.174529,0.029848,0.300156,0.101352,0.00,10,-0.111997,0.765091,0.542668,-0.112322,0.760527,0.545409,0.000000,0.117808,0.200711,0.000000,0.080716,0.000000,0.032760,-0.168000,0.331502,-0.023392,-0.045824,0.001504,LEADER
1787025217620251980,2026-08-18T10:53:37.620271,prediction,0.025070,0.576000,0.073177,0.029388,0.564822,0.102408,True,0.054648,0.279641,0.172250,0.029578,0.296359,0.099072,0.00,10,-0.111732,0.768807,0.540437,-0.112322,0.760527,0.545409,0.000000,0.117370,0.198525,0.000000,0.078096,0.000000,0.022260,-0.169820,0.343537,-0.024768,-0.047584,0.005024,LEADER
1787025217653482683,2026-08-18T10:53:37.653498,prediction,0.025225,0.604000,0.069932,0.028943,0.566298,0.097815,True,0.054371,0.283515,0.169923,0.029147,0.320485,0.099991,0.00,10,-0.111461,0.772604,0.538157,-0.111838,0.767312,0.541335,0.000000,0.122603,0.200711,0.000000,0.081158,0.000000,-0.006440,-0.171640,0.330672,-0.027904,-0.046304,0.014976,LEADER
1787025217686722282,2026-08-18T10:53:37.686743,prediction,0.025148,0.590000,0.066423,0.028491,0.568086,0.093241,True,0.054090,0.287466,0.167551,0.028942,0.302534,0.101128,0.00,10,-0.111184,0.776478,0.535830,-0.111838,0.767312,0.541335,0.000000,0.126099,0.200711,0.000000,0.080716,0.002609,-0.031220,-0.162960,0.332000,-0.031392,-0.042912,0.021600,LEADER
1787025217721187369,2026-08-18T10:53:37.721240,prediction,0.021841,0.604000,0.066541,0.027820,0.570497,0.089118,True,0.053802,0.291490,0.165134,0.031961,0.312510,0.098593,0.00,10,-0.110902,0.780429,0.533458,-0.111328,0.774461,0.537042,0.001744,0.130895,0.198964,0.000000,0.078096,0.003051,-0.041440,-0.158900,0.338723,-0.033184,-0.047488,0.022112,LEADER
1787025217753191283,2026-08-18T10:53:37.753205,prediction,0.021641,0.576000,0.062868,0.027139,0.572286,0.084947,True,0.053510,0.295586,0.162675,0.031870,0.280414,0.099807,0.00,10,-0.110615,0.784453,0.531042,-0.111328,0.774461,0.537042,0.001744,0.135259,0.198525,0.000000,0.078538,0.000000,-0.064400,-0.174720,0.329842,-0.037856,-0.045600,0.022272,LEADER
1787025217786863229,2026-08-18T10:53:37.786879,prediction,0.021891,0.611000,0.059844,0.026472,0.574884,0.081065,True,0.053213,0.299750,0.160175,0.031322,0.311250,0.100331,0.00,10,-0.110323,0.788549,0.528583,-0.110811,0.781709,0.532690,0.001307,0.137004,0.200711,0.000000,0.081158,0.002609,-0.065380,-0.175420,0.331004,-0.039072,-0.046304,0.022112,LEADER
1787025217820286391,2026-08-18T10:53:37.820308,prediction,0.021841,0.604000,0.056371,0.025801,0.577643,0.077413,True,0.052911,0.303980,0.157635,0.031070,0.300020,0.101263,0.00,10,-0.110026,0.792713,0.526082,-0.110811,0.781709,0.532690,0.001307,0.138748,0.198964,0.000000,0.078096,0.000000,-0.072100,-0.167020,0.341462,-0.041472,-0.044544,0.024672,LEADER
1787025217853585302,2026-08-18T10:53:37.853602,prediction,0.021891,0.611000,0.056465,0.025135,0.580809,0.073992,True,0.052605,0.308273,0.155057,0.030714,0.302727,0.098591,0.00,10,-0.109724,0.796943,0.523542,-0.110273,0.789247,0.528163,0.001744,0.145295,0.198964,0.000000,0.081158,0.002609,-0.084840,-0.182280,0.331502,-0.045824,-0.048992,0.023264,LEADER
1787025217888740006,2026-08-18T10:53:37.888830,prediction,0.018634,0.624000,0.053283,0.024251,0.584055,0.070825,True,0.052294,0.312628,0.152442,0.033660,0.311372,0.099159,0.00,10,-0.109418,0.801237,0.520964,-0.110273,0.789247,0.528163,0.001744,0.148352,0.198964,0.000000,0.078096,0.002609,-0.082040,-0.167300,0.348517,-0.049600,-0.045024,0.023392,LEADER
1787025217921133166,2026-08-18T10:53:37.921217,prediction,0.018458,0.604000,0.049591,0.023354,0.587318,0.067876,True,0.051979,0.317040,0.149793,0.033522,0.286960,0.100201,0.00,10,-0.109107,0.805591,0.518349,-0.109707,0.797180,0.523400,0.000000,0.151841,0.200711,0.000000,0.081158,0.000000,-0.085540,-0.150920,0.337063,-0.051712,-0.043872,0.024672,LEADER
1787025217954171700,2026-08-18T10:53:37.954216,prediction,0.018519,0.611000,0.049708,0.022688,0.590210,0.065166,True,0.051661,0.321507,0.147110,0.033141,0.289493,0.097402,0.00,10,-0.108792,0.810003,0.515700,-0.109707,0.797180,0.523400,0.001307,0.158388,0.198964,0.000000,0.080716,0.000000,-0.087640,-0.171080,0.337229,-0.055776,-0.049536,0.024672,LEADER
1787025217988347989,2026-08-18T10:53:37.988366,prediction,0.018695,0.631000,0.046697,0.022266,0.593029,0.062714,True,0.051338,0.326026,0.144396,0.032643,0.304974,0.097699,0.00,10,-0.108473,0.814470,0.513018,-0.109131,0.805252,0.518553,0.001744,0.163621,0.200711,0.000000,0.080716,0.000000,-0.092260,-0.178500,0.329593,-0.059104,-0.046368,0.024768,LEADER
1787025218021147977,2026-08-18T10:53:38.021170,prediction,0.018458,0.604000,0.042811,0.021828,0.595832,0.060232,True,0.051012,0.330595,0.141653,0.032555,0.273405,0.098842,0.00,10,-0.108151,0.818990,0.510304,-0.109131,0.805252,0.518553,0.001744,0.164928,0.198964,0.000000,0.080716,0.003051,-0.092680,-0.169540,0.351256,-0.060960,-0.045760,0.025216,LEADER
1787025218055206014,2026-08-18T10:53:38.055246,prediction,0.018581,0.618000,0.039725,0.021398,0.599007,0.057774,True,0.050683,0.335209,0.138882,0.032102,0.282791,0.099158,0.00,10,-0.107825,0.823558,0.507561,-0.108534,0.813628,0.513524,0.000000,0.167986,0.200711,0.000000,0.080716,0.000000,-0.092260,-0.174160,0.336980,-0.064064,-0.050208,0.025120,LEADER
1787025218087167257,2026-08-18T10:53:38.087190,prediction,0.018519,0.611000,0.036194,0.020961,0.601881,0.055309,True,0.050351,0.339867,0.136086,0.031831,0.271133,0.099891,0.00,10,-0.107496,0.828173,0.504790,-0.108534,0.813628,0.513524,0.001307,0.173219,0.198964,0.000000,0.080716,0.000000,-0.096040,-0.167300,0.335652,-0.066624,-0.044192,0.026176,LEADER
1787025218120579488,2026-08-18T10:53:38.120636,prediction,0.018458,0.604000,0.032641,0.020520,0.604323,0.052606,True,0.050015,0.344564,0.133265,0.031558,0.259436,0.100624,0.00,10,-0.107163,0.832830,0.501993,-0.107921,0.822216,0.508367,0.001744,0.172782,0.200711,0.000000,0.081158,0.000000,-0.097860,-0.161140,0.334241,-0.067232,-0.046144,0.026048,LEADER
1787025218154141239,2026-08-18T10:53:38.154171,prediction,0.018695,0.631000,0.029970,0.020085,0.606678,0.049942,True,0.049678,0.349298,0.130423,0.030982,0.281702,0.100453,0.00,10,-0.106828,0.837527,0.499173,-0.107921,0.822216,0.508367,0.001744,0.179766,0.200711,0.000000,0.080716,0.000000,-0.092260,-0.172620,0.345280,-0.070080,-0.045376,0.026176,LEADER
1787025218187495032,2026-08-18T10:53:38.187528,prediction,0.018396,0.597000,0.025663,0.019635,0.607896,0.047225,True,0.049338,0.354066,0.127560,0.030942,0.242934,0.101897,0.00,10,-0.106491,0.842261,0.496330,-0.107313,0.830728,0.503255,0.001307,0.181073,0.200711,0.000000,0.080716,0.000000,-0.090160,-0.170100,0.340964,-0.072352,-0.048032,0.026272,LEADER
1787025218220504842,2026-08-18T10:53:38.220545,prediction,0.015147,0.611000,0.022680,0.019188,0.608513,0.044301,True,0.048995,0.358864,0.124679,0.033848,0.252136,0.101999,0.00,10,-0.106150,0.847029,0.493467,-0.107313,0.830728,0.503255,0.000000,0.184568,0.201142,0.000000,0.081158,0.000000,-0.097580,-0.143500,0.341877,-0.074752,-0.046816,0.026176,LEADER
1787025218254570212,2026-08-18T10:53:38.254607,prediction,0.015356,0.631000,0.019934,0.018769,0.609756,0.041439,True,0.048651,0.363688,0.121782,0.033295,0.267312,0.101848,0.00,10,-0.105808,0.851827,0.490586,-0.106704,0.839265,0.498129,0.000000,0.189364,0.198964,0.000000,0.083335,0.000000,-0.099820,-0.158060,0.342375,-0.075648,-0.043520,0.026496,LEADER
1787025218287203741,2026-08-18T10:53:38.287225,prediction,0.011860,0.618000,0.016156,0.018101,0.610751,0.038526,True,0.048305,0.368537,0.118871,0.036445,0.249463,0.102714,0.00,10,-0.105464,0.856651,0.487689,-0.106704,0.839265,0.498129,0.000000,0.192422,0.201142,0.000000,0.080716,0.000000,-0.097300,-0.186900,0.344450,-0.077760,-0.049440,0.025728,LEADER
1787025218320342832,2026-08-18T10:53:38.320365,prediction,0.012175,0.644000,0.013696,0.017456,0.612390,0.035681,True,0.047958,0.373405,0.115947,0.035783,0.270595,0.102251,0.00,10,-0.105118,0.861500,0.484778,-0.106093,0.847826,0.492989,0.001744,0.195911,0.200711,0.000000,0.083335,0.003051,-0.090720,-0.173180,0.343869,-0.078656,-0.043520,0.025824,LEADER
1787025218354300512,2026-08-18T10:53:38.354403,prediction,0.012017,0.631000,0.013243,0.016798,0.613785,0.032800,True,0.047609,0.378291,0.113013,0.035592,0.252709,0.099771,0.00,10,-0.104770,0.866369,0.481854,-0.106093,0.847826,0.492989,0.001744,0.195911,0.200711,0.000000,0.080716,0.000000,-0.098140,-0.190960,0.338059,-0.080864,-0.043744,0.027232,LEADER
1787025218388281074,2026-08-18T10:53:38.388387,prediction,0.008582,0.624000,0.009642,0.016128,0.615130,0.029890,True,0.047259,0.383190,0.110072,0.038677,0.240810,0.100430,0.00,10,-0.104422,0.871254,0.478921,-0.105481,0.856403,0.487838,0.000000,0.197655,0.200711,0.000000,0.078096,0.000000,-0.100100,-0.181300,0.342209,-0.082272,-0.047712,0.026944,LEADER
1787025218420336603,2026-08-18T10:53:38.420380,prediction,0.008857,0.644000,0.007049,0.015488,0.616466,0.027054,True,0.046909,0.388100,0.107124,0.038052,0.255900,0.100075,0.00,10,-0.104072,0.876153,0.475979,-0.105481,0.856403,0.487838,0.000000,0.198962,0.200711,0.000000,0.080716,0.000000,-0.098840,-0.199220,0.330838,-0.082880,-0.044320,0.027008,LEADER
1787025218453546347,2026-08-18T10:53:38.453563,prediction,0.008857,0.644000,0.003725,0.014844,0.618493,0.023988,True,0.046558,0.393016,0.104172,0.037701,0.250984,0.100447,0.00,10,-0.103722,0.881063,0.473031,-0.104870,0.864972,0.482693,0.000000,0.200706,0.200711,0.000000,0.080716,0.000000,-0.094220,-0.211680,0.341794,-0.083488,-0.044032,0.027392,LEADER
1787025218486837693,2026-08-18T10:53:38.486858,prediction,0.005139,0.618000,-0.000678,0.013940,0.620659,0.020830,True,0.046207,0.397936,0.101218,0.041068,0.220064,0.101896,0.00,10,-0.103371,0.885979,0.470079,-0.104870,0.864972,0.482693,0.001744,0.201144,0.198964,0.000000,0.080716,0.002609,-0.087360,-0.208880,0.349596,-0.084224,-0.042912,0.027392,LEADER
1787025218520203507,2026-08-18T10:53:38.520222,prediction,0.005447,0.638000,-0.006516,0.013072,0.622532,0.017541,True,0.045856,0.402855,0.098264,0.040409,0.235145,0.104780,0.00,10,-0.103020,0.890899,0.467125,-0.104261,0.873503,0.477570,0.001744,0.201144,0.198964,0.000000,0.080716,0.002609,-0.087360,-0.208880,0.349596,-0.084224,-0.042912,0.027392,LEADER
1787025218553596834,2026-08-18T10:53:38.553616,prediction,0.002682,0.671000,-0.008317,0.012013,0.623973,0.014339,True,0.045505,0.407772,0.095311,0.042823,0.263228,0.103628,0.00,10,-0.102669,0.895818,0.464171,-0.104261,0.873503,0.477570,0.001744,0.201144,0.198964,0.000000,0.080716,0.002609,-0.087360,-0.208880,0.349596,-0.084224,-0.042912,0.027392,LEADER
1787025218586709235,2026-08-18T10:53:38.586728,prediction,0.002341,0.651000,-0.012558,0.010934,0.626395,0.011089,True,0.045155,0.412681,0.092364,0.042814,0.238319,0.104922,0.00,10,-0.102318,0.900735,0.461219,-0.103652,0.882044,0.472442,0.001744,0.201144,0.198964,0.000000,0.080716,0.002609,-0.090160,-0.228340,0.350094,-0.086208,-0.043968,0.026560,LEADER
1787025218620643672,2026-08-18T10:53:38.620672,prediction,-0.000965,0.651000,-0.015871,0.009639,0.629012,0.007854,True,0.044806,0.417580,0.089422,0.045770,0.233420,0.105293,0.00,10,-0.101968,0.905644,0.458271,-0.103652,0.882044,0.472442,0.000000,0.199400,0.200711,0.000000,0.080716,0.002609,-0.092960,-0.207340,0.340798,-0.086496,-0.049312,0.026624,LEADER
1787025218653610422,2026-08-18T10:53:38.653635,prediction,-0.001582,0.618000,-0.020880,0.008287,0.631669,0.004464,True,0.044457,0.422466,0.086488,0.046039,0.195534,0.107368,0.00,10,-0.101618,0.910543,0.455329,-0.103039,0.890637,0.467282,0.001744,0.198962,0.200711,0.002609,0.080716,0.000000,-0.105000,-0.207060,0.338059,-0.086496,-0.046144,0.027168,LEADER
1787025218687218899,2026-08-18T10:53:38.687256,prediction,-0.001096,0.644000,-0.019543,0.006988,0.634334,0.001451,True,0.044110,0.427335,0.083565,0.045205,0.216666,0.103108,0.00,10,-0.101270,0.915429,0.452395,-0.103039,0.890637,0.467282,0.001744,0.201144,0.198964,0.000000,0.080716,0.000000,-0.102480,-0.219660,0.346110,-0.086336,-0.044928,0.026784,LEADER
1787025218720788144,2026-08-18T10:53:38.720827,prediction,-0.000722,0.664000,-0.021806,0.005930,0.636627,-0.001515,True,0.043764,0.432183,0.080653,0.044485,0.231817,0.102459,0.00,10,-0.100922,0.920298,0.449472,-0.102430,0.899176,0.462155,0.001744,0.200706,0.200711,0.000000,0.078096,0.000000,-0.088900,-0.244860,0.346442,-0.086496,-0.049440,0.026720,LEADER
1787025218754496749,2026-08-18T10:53:38.754545,prediction,-0.004271,0.651000,-0.029120,0.004622,0.639219,-0.004785,True,0.043419,0.437008,0.077756,0.047690,0.213992,0.106877,0.00,10,-0.100577,0.925146,0.446561,-0.102430,0.899176,0.462155,0.000000,0.199400,0.200711,0.000000,0.081158,0.000000,-0.093240,-0.221620,0.340300,-0.086208,-0.047424,0.026496,LEADER
1787025218786980788,2026-08-18T10:53:38.787061,prediction,-0.004271,0.651000,-0.032433,0.003546,0.641497,-0.008025,True,0.043077,0.441805,0.074875,0.047348,0.209195,0.107308,0.00,10,-0.100232,0.929971,0.443664,-0.101820,0.907724,0.457022,0.000000,0.199400,0.201142,0.003051,0.078096,0.000000,-0.097860,-0.215320,0.343537,-0.085888,-0.050208,0.026400,LEADER
1787025218820033909,2026-08-18T10:53:38.820051,prediction,-0.000834,0.658000,-0.032027,0.002679,0.643019,-0.011073,True,0.042737,0.446573,0.072013,0.043571,0.211427,0.104039,0.00,10,-0.099890,0.934769,0.440783,-0.101820,0.907724,0.457022,0.001307,0.200706,0.200711,0.000000,0.078096,0.002609,-0.098560,-0.227780,0.328431,-0.084992,-0.052096,0.026496,LEADER
1787025218853780835,2026-08-18T10:53:38.853809,prediction,-0.000965,0.651000,-0.035745,0.001813,0.644391,-0.014339,True,0.042399,0.451307,0.069170,0.043364,0.199693,0.104915,0.00,10,-0.099550,0.939536,0.437920,-0.101207,0.916305,0.451869,0.000000,0.200706,0.198964,0.000000,0.080716,0.000000,-0.087080,-0.255640,0.341877,-0.084832,-0.049536,0.026272,LEADER
1787025218887175544,2026-08-18T10:53:38.887191,prediction,-0.000722,0.664000,-0.034970,0.001193,0.646105,-0.017313,True,0.042064,0.456004,0.066349,0.042786,0.207996,0.101319,0.00,10,-0.099212,0.944270,0.435077,-0.101207,0.916305,0.451869,0.000000,0.198962,0.198964,0.000000,0.078538,0.000000,-0.093800,-0.238280,0.346442,-0.083776,-0.049440,0.026176,LEADER
1787025218920115564,2026-08-18T10:53:38.920133,prediction,-0.000965,0.651000,-0.039058,0.000538,0.647514,-0.020387,True,0.041732,0.460662,0.063553,0.042696,0.190338,0.102610,0.00,10,-0.098877,0.948967,0.432257,-0.100590,0.924959,0.446673,0.000000,0.198962,0.198525,0.000000,0.080716,0.000000,-0.099400,-0.230860,0.348849,-0.083200,-0.047360,0.026496,LEADER
1787025218953297055,2026-08-18T10:53:38.953314,prediction,-0.001582,0.618000,-0.044448,-0.000157,0.648170,-0.023598,True,0.041402,0.465276,0.060782,0.042984,0.152724,0.105230,0.00,10,-0.098544,0.953625,0.429460,-0.100590,0.924959,0.446673,0.000000,0.200706,0.198525,0.000000,0.080716,0.002609,-0.095060,-0.254800,0.337727,-0.082272,-0.051200,0.026496,LEADER
1787025218986799364,2026-08-18T10:53:38.986817,prediction,-0.000965,0.651000,-0.045682,-0.000564,0.648674,-0.026598,True,0.041076,0.469845,0.058039,0.042041,0.181155,0.103721,0.00,10,-0.098215,0.958239,0.426689,-0.099986,0.933427,0.441588,0.000000,0.200706,0.198964,0.000000,0.080716,0.002609,-0.085820,-0.243880,0.352667,-0.082208,-0.047360,0.026496,LEADER
1787025219019867353,2026-08-18T10:53:39.019879,prediction,-0.001208,0.638000,-0.046523,-0.001008,0.648775,-0.029265,True,0.040754,0.474364,0.055325,0.041962,0.163636,0.101848,0.00,10,-0.097889,0.962808,0.423946,-0.099986,0.933427,0.441588,0.001744,0.197655,0.200711,0.000000,0.081158,0.000000,-0.096040,-0.242060,0.335154,-0.080864,-0.044864,0.026176,LEADER
1787025219055625413,2026-08-18T10:53:39.055669,prediction,-0.001208,0.638000,-0.049857,-0.001267,0.648795,-0.032035,True,0.040435,0.478831,0.052643,0.041643,0.159169,0.102499,0.00,10,-0.097567,0.967327,0.421232,-0.099370,0.942054,0.436408,0.001744,0.197655,0.200711,0.000000,0.080716,0.000000,-0.099120,-0.226240,0.337893,-0.079488,-0.049920,0.026272,LEADER
1787025219087974920,2026-08-18T10:53:39.088025,prediction,-0.001208,0.638000,-0.053190,-0.001504,0.648106,-0.034744,True,0.040120,0.483243,0.049993,0.041328,0.154757,0.103184,0.00,10,-0.097248,0.971794,0.418550,-0.099370,0.942054,0.436408,0.000000,0.200706,0.198964,0.000000,0.078096,0.002609,-0.088340,-0.281120,0.340964,-0.077536,-0.046080,0.026176,LEADER
1787025219121379728,2026-08-18T10:53:39.121433,prediction,-0.000722,0.664000,-0.051424,-0.001488,0.647274,-0.037114,True,0.039810,0.487598,0.047379,0.040531,0.176402,0.098803,0.00,10,-0.096933,0.976207,0.415901,-0.098757,0.950650,0.431246,0.000000,0.200706,0.198964,0.000000,0.078096,0.002609,-0.088340,-0.281120,0.340964,-0.077536,-0.046080,0.026176,LEADER
1787025219154417790,2026-08-18T10:53:39.154522,prediction,-0.001208,0.638000,-0.053190,-0.001463,0.646415,-0.039268,True,0.039503,0.491891,0.044801,0.040711,0.146109,0.097991,0.00,10,-0.096623,0.980561,0.413286,-0.098757,0.950650,0.431246,0.000000,0.200706,0.198964,0.000000,0.078096,0.002609,-0.088340,-0.281120,0.340964,-0.077536,-0.046080,0.026176,LEADER
1787025219189105693,2026-08-18T10:53:39.189160,prediction,0.002341,0.651000,-0.052307,-0.001234,0.646616,-0.041452,True,0.039202,0.496122,0.042260,0.036860,0.154878,0.094568,0.00,10,-0.096316,0.984855,0.410708,-0.098148,0.959182,0.426123,0.000000,0.200706,0.198964,0.000000,0.078096,0.002609,-0.088340,-0.281120,0.340964,-0.077536,-0.046080,0.026176,LEADER
1787025219220773999,2026-08-18T10:53:39.220799,prediction,0.002785,0.677000,-0.050541,-0.001000,0.647030,-0.043368,True,0.038904,0.500286,0.039760,0.036120,0.176714,0.090301,0.00,10,-0.096014,0.989085,0.408168,-0.098148,0.959182,0.426123,0.000000,0.200706,0.198964,0.000000,0.078096,0.002609,-0.088340,-0.281120,0.340964,-0.077536,-0.046080,0.026176,LEADER
1787025219253566313,2026-08-18T10:53:39.253586,prediction,0.002563,0.664000,-0.051424,-0.000544,0.647806,-0.044855,True,0.038612,0.504381,0.037301,0.036049,0.159619,0.088725,0.00,10,-0.095717,0.993249,0.405667,-0.097540,0.967704,0.421006,0.000000,0.201144,0.198964,0.000000,0.078096,0.000000,-0.084280,-0.274540,0.349015,-0.069120,-0.043872,0.026176,LEADER
1787025219287660497,2026-08-18T10:53:39.287680,prediction,0.002461,0.658000,-0.051832,-0.000096,0.648655,-0.046148,True,0.038325,0.508405,0.034884,0.035864,0.149595,0.086716,0.00,10,-0.095425,0.997344,0.403208,-0.097540,0.967704,0.421006,0.000000,0.197655,0.200711,0.000000,0.078096,0.000000,-0.092960,-0.262220,0.335486,-0.067136,-0.049920,0.025664,LEADER
1787025219320214446,2026-08-18T10:53:39.320232,prediction,0.005955,0.671000,-0.050949,0.000357,0.649518,-0.047409,True,0.038043,0.512356,0.032512,0.032088,0.158644,0.083461,0.00,10,-0.095138,1.001368,0.400792,-0.096936,0.976165,0.415926,0.000000,0.198962,0.200711,0.000000,0.080716,0.002609,-0.096320,-0.252000,0.337229,-0.063680,-0.045760,0.025600,LEADER
1787025219354767416,2026-08-18T10:53:39.354797,prediction,0.005540,0.644000,-0.056107,0.000791,0.650064,-0.048767,True,0.037767,0.516231,0.030186,0.032227,0.127769,0.086292,0.00,10,-0.094856,1.005319,0.398420,-0.096936,0.976165,0.415926,0.001744,0.201144,0.200711,0.000000,0.078096,0.000000,-0.096040,-0.281400,0.325526,-0.062464,-0.046368,0.025344,LEADER
1787025219386737115,2026-08-18T10:53:39.386753,prediction,0.005447,0.638000,-0.056524,0.001202,0.649426,-0.050204,True,0.037496,0.520027,0.027906,0.032049,0.117973,0.084430,0.00,10,-0.094579,1.009194,0.396093,-0.096321,0.984780,0.410753,0.001744,0.201144,0.200711,0.000000,0.078096,0.000000,-0.096040,-0.281400,0.325526,-0.062464,-0.046368,0.025344,LEADER
1787025219420634151,2026-08-18T10:53:39.420646,prediction,0.005647,0.651000,-0.055620,0.001643,0.648925,-0.051308,True,0.037231,0.523743,0.025675,0.031583,0.127257,0.081294,0.00,10,-0.094309,1.012990,0.393813,-0.096321,0.984780,0.410753,0.001744,0.201144,0.200711,0.000000,0.078096,0.000000,-0.096040,-0.281400,0.325526,-0.062464,-0.046368,0.025344,LEADER
1787025219454362362,2026-08-18T10:53:39.454377,prediction,0.005848,0.664000,-0.058006,0.002138,0.648825,-0.052212,True,0.036971,0.527377,0.023493,0.031124,0.136623,0.081499,0.00,10,-0.094043,1.016706,0.391582,-0.095713,0.993309,0.405631,0.001744,0.201144,0.200711,0.000000,0.078096,0.000000,-0.096040,-0.281400,0.325526,-0.062464,-0.046368,0.025344,LEADER
1787025219488520034,2026-08-18T10:53:39.488549,prediction,0.005447,0.638000,-0.059858,0.002565,0.648805,-0.053157,True,0.036718,0.530926,0.021362,0.031271,0.107074,0.081220,0.00,10,-0.093784,1.020340,0.389400,-0.095713,0.993309,0.405631,0.001744,0.201144,0.200711,0.000000,0.078096,0.000000,-0.096040,-0.281400,0.325526,-0.062464,-0.046368,0.025344,LEADER
1787025219521273165,2026-08-18T10:53:39.521295,prediction,0.005647,0.651000,-0.062244,0.003022,0.649494,-0.054205,True,0.036471,0.534389,0.019282,0.030824,0.116611,0.081527,0.00,10,-0.093531,1.023889,0.387269,-0.095101,1.001879,0.400485,0.001307,0.198962,0.198964,0.000000,0.080716,0.000000,-0.080220,-0.298760,0.350758,-0.048320,-0.048032,0.025440,LEADER
1787025219553525160,2026-08-18T10:53:39.553551,prediction,0.008857,0.644000,-0.066079,0.003693,0.649952,-0.055286,True,0.036230,0.537764,0.017256,0.027373,0.106236,0.083334,0.00,10,-0.093284,1.027352,0.385190,-0.095101,1.001879,0.400485,0.001744,0.199400,0.200711,0.000000,0.080716,0.000000,-0.092680,-0.286720,0.337893,-0.044256,-0.049152,0.024832,LEADER
1787025219587014556,2026-08-18T10:53:39.587060,prediction,0.008953,0.651000,-0.065557,0.004371,0.650737,-0.056111,True,0.035996,0.541049,0.015283,0.027042,0.109951,0.080840,0.00,10,-0.093043,1.030727,0.383163,-0.094487,1.010485,0.395318,0.000000,0.198962,0.202889,0.000000,0.081158,0.000000,-0.095760,-0.295400,0.326024,-0.042464,-0.045600,0.024672,LEADER
1787025219620869924,2026-08-18T10:53:39.620944,prediction,0.008678,0.631000,-0.070393,0.004997,0.651214,-0.057375,True,0.035768,0.544243,0.013365,0.027090,0.086757,0.083758,0.00,10,-0.092809,1.034012,0.381190,-0.094487,1.010485,0.395318,0.001744,0.202457,0.198964,0.000000,0.081158,0.000000,-0.085540,-0.309680,0.346608,-0.038976,-0.050048,0.024448,LEADER
1787025219654169044,2026-08-18T10:53:39.654206,prediction,0.008582,0.624000,-0.070927,0.005650,0.650936,-0.058558,True,0.035547,0.547344,0.011503,0.026965,0.076656,0.082430,0.00,10,-0.092581,1.037206,0.379273,-0.093878,1.019019,0.390193,0.000000,0.200706,0.198964,0.000000,0.080716,0.000000,-0.080780,-0.316400,0.345114,-0.037792,-0.046080,0.024992,LEADER
1787025219687137466,2026-08-18T10:53:39.687156,prediction,0.008678,0.631000,-0.073739,0.006073,0.649814,-0.059987,True,0.035332,0.550352,0.009697,0.026654,0.080648,0.083436,0.00,10,-0.092359,1.040307,0.377410,-0.093878,1.019019,0.390193,0.000000,0.197655,0.200711,0.000000,0.081158,0.000000,-0.091140,-0.295120,0.345778,-0.034304,-0.046656,0.023936,LEADER
1787025219721040975,2026-08-18T10:53:39.721090,prediction,0.008857,0.644000,-0.072727,0.006477,0.648523,-0.061466,True,0.035124,0.553264,0.007949,0.026267,0.090736,0.080675,0.00,10,-0.092145,1.043315,0.375605,-0.093270,1.027544,0.385074,0.000000,0.200706,0.200711,0.000000,0.078096,0.000000,-0.098140,-0.306880,0.337561,-0.030848,-0.052160,0.023840,LEADER
1787025219753869586,2026-08-18T10:53:39.753902,prediction,0.008857,0.644000,-0.072727,0.006897,0.647198,-0.062886,True,0.034923,0.556080,0.006258,0.026066,0.087920,0.078984,0.00,10,-0.091937,1.046227,0.373856,-0.093270,1.027544,0.385074,0.001744,0.201144,0.198525,0.000000,0.078096,0.000000,-0.083020,-0.323820,0.346608,-0.028000,-0.047936,0.024672,LEADER
1787025219787394698,2026-08-18T10:53:39.787447,prediction,0.008857,0.644000,-0.072727,0.007323,0.645866,-0.064279,True,0.034729,0.558799,0.004625,0.025872,0.085201,0.077352,0.00,10,-0.091736,1.049043,0.372165,-0.092661,1.036075,0.379952,0.000000,0.202889,0.198964,0.000000,0.080716,0.000000,-0.082740,-0.339080,0.348185,-0.026944,-0.047584,0.024064,LEADER
1787025219820452287,2026-08-18T10:53:39.820471,prediction,0.008582,0.624000,-0.074284,0.007499,0.644533,-0.065834,True,0.034542,0.561420,0.003051,0.025960,0.062580,0.077335,0.00,10,-0.091542,1.051762,0.370532,-0.092661,1.036075,0.379952,0.000000,0.198962,0.201142,0.000000,0.078096,0.000000,-0.094220,-0.302540,0.337893,-0.023552,-0.050272,0.023264,LEADER
1787025219853866342,2026-08-18T10:53:39.853893,prediction,0.008857,0.644000,-0.076051,0.007720,0.643520,-0.067164,True,0.034362,0.563942,0.001536,0.025505,0.080058,0.077587,0.00,10,-0.091355,1.054383,0.368959,-0.092065,1.044441,0.374928,0.001744,0.199400,0.201142,0.003051,0.080716,0.000000,-0.100940,-0.313320,0.332581,-0.020608,-0.047648,0.022720,LEADER
1787025219886451539,2026-08-18T10:53:39.886468,prediction,0.008500,0.618000,-0.078118,0.007923,0.642251,-0.068604,True,0.034189,0.566366,0.000081,0.025690,0.051634,0.078199,0.00,10,-0.091175,1.056906,0.367444,-0.092065,1.044441,0.374928,0.000000,0.199400,0.198964,0.000000,0.081158,0.000000,-0.083580,-0.329840,0.351505,-0.018208,-0.045536,0.022560,LEADER
1787025219921389438,2026-08-18T10:53:39.921404,prediction,0.008857,0.644000,-0.076051,0.008137,0.641997,-0.069966,True,0.034024,0.568690,-0.001314,0.025166,0.075310,0.074736,0.00,10,-0.091002,1.059329,0.365989,-0.091522,1.052040,0.370366,0.001307,0.201144,0.198964,0.000000,0.081158,0.000000,-0.083020,-0.344960,0.352833,-0.017152,-0.044480,0.022112,LEADER
1787025219954921533,2026-08-18T10:53:39.954961,prediction,0.011775,0.611000,-0.078674,0.008532,0.640186,-0.071344,True,0.033865,0.570915,-0.002650,0.022090,0.040086,0.076024,0.00,10,-0.090836,1.061653,0.364593,-0.091522,1.052040,0.370366,0.000000,0.199400,0.200711,0.000000,0.081158,0.000000,-0.092960,-0.319200,0.336814,-0.014368,-0.050592,0.022272,LEADER
1787025219987267123,2026-08-18T10:53:39.987290,prediction,0.011606,0.597000,-0.079787,0.008943,0.637691,-0.072672,True,0.033713,0.573039,-0.003926,0.022107,0.023961,0.075861,0.00,10,-0.090678,1.063878,0.363257,-0.091046,1.058711,0.366360,0.000000,0.200706,0.198964,0.000000,0.080716,0.000000,-0.098560,-0.314860,0.340134,-0.011424,-0.047360,0.021280,LEADER
1787025220020040011,2026-08-18T10:53:40.020053,prediction,0.011933,0.624000,-0.077641,0.009362,0.635058,-0.073699,True,0.033569,0.575065,-0.005142,0.021636,0.048935,0.072499,0.00,10,-0.090526,1.066002,0.361981,-0.091046,1.058711,0.366360,0.001307,0.202457,0.198964,0.000000,0.078096,0.000000,-0.080220,-0.340340,0.350592,-0.010816,-0.048640,0.020544,LEADER
1787025220054209996,2026-08-18T10:53:40.054246,prediction,0.011933,0.624000,-0.077641,0.009567,0.633465,-0.074469,True,0.033431,0.576991,-0.006299,0.021499,0.047009,0.071342,0.00,10,-0.090382,1.068028,0.360765,-0.090621,1.064679,0.362776,0.000000,0.201144,0.198964,0.000000,0.078096,0.000000,-0.084560,-0.332220,0.354576,-0.010368,-0.051104,0.019648,LEADER
1787025220087401194,2026-08-18T10:53:40.087430,prediction,0.011691,0.604000,-0.079231,0.009750,0.631706,-0.075381,True,0.033301,0.578818,-0.007396,0.021610,0.025182,0.071835,0.00,10,-0.090244,1.069954,0.359609,-0.090621,1.064679,0.362776,0.000000,0.201144,0.198964,0.000000,0.078096,0.000000,-0.084560,-0.332220,0.354576,-0.010368,-0.051104,0.019648,LEADER
1787025220120139497,2026-08-18T10:53:40.120158,prediction,0.011860,0.618000,-0.081485,0.009962,0.629968,-0.076120,True,0.033178,0.580546,-0.008434,0.021318,0.037454,0.073051,0.00,10,-0.090114,1.071781,0.358512,-0.090250,1.069868,0.359661,0.000000,0.201144,0.198964,0.000000,0.078096,0.000000,-0.084560,-0.332220,0.354576,-0.010368,-0.051104,0.019648,LEADER
1787025220153998722,2026-08-18T10:53:40.154026,prediction,0.011436,0.583000,-0.084325,0.010152,0.628180,-0.077014,True,0.033061,0.582178,-0.009413,0.021625,0.000822,0.074912,0.00,10,-0.089990,1.073510,0.357474,-0.090250,1.069868,0.359661,0.000000,0.201144,0.198964,0.000000,0.078096,0.000000,-0.084560,-0.332220,0.354576,-0.010368,-0.051104,0.019648,LEADER
1787025220187875590,2026-08-18T10:53:40.187896,prediction,0.011933,0.624000,-0.080998,0.010369,0.627129,-0.077498,True,0.032952,0.583712,-0.010335,0.021019,0.040288,0.070663,0.00,10,-0.089874,1.075141,0.356494,-0.089934,1.074301,0.356998,0.000000,0.197655,0.198964,0.003051,0.078096,0.000000,-0.088620,-0.332500,0.336316,-0.009472,-0.048704,0.013920,LEADER
1787025220220650080,2026-08-18T10:53:40.220695,prediction,0.011691,0.604000,-0.082621,0.010558,0.625479,-0.078157,True,0.032849,0.585152,-0.011199,0.021158,0.018849,0.071422,0.00,10,-0.089765,1.076675,0.355573,-0.089934,1.074301,0.356998,0.000000,0.197655,0.200711,0.000000,0.078096,0.000000,-0.090440,-0.327320,0.334241,-0.009472,-0.047488,0.012256,LEADER
1787025220254047373,2026-08-18T10:53:40.254075,prediction,0.011860,0.618000,-0.081485,0.010758,0.623763,-0.078741,True,0.032753,0.586496,-0.012006,0.020893,0.031504,0.069478,0.00,10,-0.089662,1.078115,0.354709,-0.089658,1.078168,0.354676,0.000000,0.197655,0.200711,0.000000,0.078096,0.000000,-0.090440,-0.327320,0.334241,-0.009472,-0.047488,0.012256,LEADER
1787025220286852050,2026-08-18T10:53:40.286871,prediction,0.011775,0.611000,-0.082053,0.010952,0.621659,-0.079363,True,0.032664,0.587749,-0.012758,0.020888,0.023251,0.069294,0.00,10,-0.089566,1.079460,0.353901,-0.089658,1.078168,0.354676,0.000000,0.197655,0.200711,0.000000,0.078096,0.000000,-0.090440,-0.327320,0.334241,-0.009472,-0.047488,0.012256,LEADER
1787025220320314344,2026-08-18T10:53:40.320332,prediction,0.012017,0.631000,-0.083775,0.011182,0.619852,-0.079995,True,0.032581,0.588910,-0.013455,0.020564,0.042090,0.070320,0.00,10,-0.089477,1.080712,0.353149,-0.089433,1.081328,0.352779,0.000000,0.197655,0.200711,0.000000,0.078096,0.000000,-0.090440,-0.327320,0.334241,-0.009472,-0.047488,0.012256,LEADER
1787025220353592204,2026-08-18T10:53:40.353617,prediction,0.011860,0.618000,-0.084851,0.011382,0.618104,-0.080582,True,0.032504,0.589981,-0.014099,0.020644,0.028019,0.070752,0.00,10,-0.089394,1.081873,0.352452,-0.089433,1.081328,0.352779,0.000000,0.199400,0.200711,0.000000,0.081158,0.000000,-0.094780,-0.340340,0.342043,-0.009632,-0.047040,0.011040,LEADER
1787025220386690418,2026-08-18T10:53:40.386709,prediction,0.011521,0.590000,-0.087170,0.011583,0.617434,-0.081186,True,0.032434,0.590966,-0.014690,0.020913,0.000966,0.072480,0.00,10,-0.089317,1.082945,0.351808,-0.089260,1.083749,0.351325,0.001744,0.201144,0.198525,0.000000,0.081158,0.000000,-0.093240,-0.360500,0.334241,-0.012480,-0.050656,-0.001120,LEADER
1787025220421035130,2026-08-18T10:53:40.421104,prediction,0.011933,0.624000,-0.084355,0.011788,0.615914,-0.081739,True,0.032370,0.591866,-0.015231,0.020437,0.032134,0.069124,0.00,10,-0.089247,1.083929,0.351217,-0.089260,1.083749,0.351325,0.001744,0.202889,0.196785,0.000000,0.080716,0.000000,-0.077140,-0.384020,0.355572,-0.013152,-0.047712,-0.002688,LEADER
1787025220453481568,2026-08-18T10:53:40.453515,prediction,0.011860,0.618000,-0.084851,0.011794,0.615609,-0.082151,True,0.032312,0.592683,-0.015721,0.020452,0.025317,0.069130,0.00,10,-0.089183,1.084829,0.350677,-0.089116,1.085766,0.350114,0.000000,0.199400,0.198964,0.000000,0.081158,0.000000,-0.083020,-0.358960,0.346276,-0.013696,-0.048384,-0.005856,LEADER
1787025220486833376,2026-08-18T10:53:40.486856,prediction,0.011775,0.611000,-0.088810,0.011805,0.615922,-0.082753,True,0.032259,0.593420,-0.016164,0.020484,0.017580,0.072646,0.00,10,-0.089124,1.085646,0.350186,-0.089116,1.085766,0.350114,0.000000,0.197655,0.202889,0.000000,0.078538,0.000000,-0.086800,-0.334460,0.332249,-0.013984,-0.051872,-0.008352,LEADER
1787025220519975382,2026-08-18T10:53:40.519992,prediction,0.011860,0.618000,-0.088218,0.011800,0.616358,-0.083458,True,0.032212,0.594081,-0.016560,0.020352,0.023919,0.071658,0.00,10,-0.089072,1.086383,0.349743,-0.089006,1.087303,0.349191,0.001744,0.201144,0.200711,0.000000,0.078096,0.000000,-0.091140,-0.367640,0.331004,-0.014144,-0.048320,-0.010592,LEADER
1787025220553219649,2026-08-18T10:53:40.553234,prediction,0.011606,0.597000,-0.089992,0.011778,0.615752,-0.084281,True,0.032170,0.594667,-0.016912,0.020564,0.002333,0.073079,0.00,10,-0.089025,1.087044,0.349347,-0.089006,1.087303,0.349191,0.000000,0.200706,0.198964,0.000000,0.080716,0.000000,-0.074060,-0.381220,0.344616,-0.014880,-0.047264,-0.013152,LEADER
1787025220586773845,2026-08-18T10:53:40.586794,prediction,0.011775,0.611000,-0.088810,0.011784,0.614937,-0.084920,True,0.032133,0.595183,-0.017222,0.020358,0.015817,0.071587,0.00,10,-0.088983,1.087630,0.348995,-0.088926,1.088425,0.348518,0.000000,0.200706,0.198964,0.000000,0.080716,0.000000,-0.074060,-0.381220,0.344616,-0.014880,-0.047264,-0.013152,LEADER
1787025220620174795,2026-08-18T10:53:40.620192,prediction,0.011860,0.618000,-0.088218,0.011784,0.614401,-0.085369,True,0.032101,0.595631,-0.017492,0.020241,0.022369,0.070727,0.00,10,-0.088946,1.088146,0.348685,-0.088926,1.088425,0.348518,0.000000,0.200706,0.198964,0.000000,0.080716,0.000000,-0.074060,-0.381220,0.344616,-0.014880,-0.047264,-0.013152,LEADER
1787025220653493641,2026-08-18T10:53:40.653511,prediction,0.012102,0.638000,-0.086529,0.011829,0.615040,-0.085516,True,0.032074,0.596016,-0.017723,0.019972,0.041984,0.068806,0.00,10,-0.088914,1.088594,0.348416,-0.088869,1.089227,0.348036,0.000000,0.200706,0.198964,0.000000,0.080716,0.000000,-0.074060,-0.381220,0.344616,-0.014880,-0.047264,-0.013152,LEADER
1787025220687002252,2026-08-18T10:53:40.687029,prediction,0.011860,0.618000,-0.091585,0.011824,0.615168,-0.086222,True,0.032051,0.596342,-0.017918,0.020191,0.021658,0.073667,0.00,10,-0.088887,1.088980,0.348185,-0.088869,1.089227,0.348036,0.000000,0.200706,0.198964,0.000000,0.081158,0.000000,-0.076160,-0.388080,0.339636,-0.015200,-0.046816,-0.014528,LEADER
1787025220720529838,2026-08-18T10:53:40.720542,prediction,0.011933,0.624000,-0.091069,0.011840,0.616260,-0.086785,True,0.032031,0.596613,-0.018081,0.020099,0.027387,0.072988,0.00,10,-0.088863,1.089305,0.347989,-0.088863,1.089305,0.347989,0.000000,0.197655,0.200711,0.000000,0.081158,0.000000,-0.078120,-0.355180,0.337727,-0.016384,-0.052320,-0.023040,LEADER
1787025220754043418,2026-08-18T10:53:40.754077,prediction,0.011933,0.624000,-0.094426,0.011845,0.616799,-0.087647,True,0.032016,0.596832,-0.018213,0.020083,0.027168,0.076213,0.00,10,-0.088844,1.089576,0.347827,-0.088863,1.089305,0.347989,0.000000,0.197655,0.202458,0.000000,0.081158,0.000000,-0.080500,-0.375900,0.326688,-0.016992,-0.047488,-0.024000,LEADER


============================================================
EXPERIMENT METRICS
  File: experiment_SVGP+MJM_20260818_105330.csv
  Total samples: 290
  Task completion time: 9.85 s
  --- Prediction Accuracy (over 290 samples) ---
  Avg Inference Time: 9.41 ms
  Mean Squared Error (MSE): 0.028966 m²
  Mean Absolute Error (MAE - 3D): 0.1383 m
      MAE X: 0.0212 m
      MAE Y: 0.1236 m
      MAE Z: 0.0326 m
  --- Trajectory Smoothness (Robot EE) ---
  Mean Jerk (3D): 4.7689 m/s³
      Jerk X: 1.2658 m/s³
      Jerk Y: 3.6114 m/s³
      Jerk Z: 1.8691 m/s³
  Max Jerk (3D): 66.6672 m/s³
  RMS Jerk (3D): 9.5712 m/s³
============================================================
