ros_timestamp_ns,wall_time,trajectory_mode,meas_x,meas_y,meas_z,filt_x,filt_y,filt_z,is_tracked,pred_x,pred_y,pred_z,mae_x,mae_y,mae_z,inference_ms,buffer_size,robot_ee_x,robot_ee_y,robot_ee_z,j1_vel,j2_vel,j3_vel,j4_vel,j5_vel,j6_vel,j1_eff,j2_eff,j3_eff,j4_eff,j5_eff,j6_eff,role
1786690367324766511,2026-08-14T13:52:47.324783,prediction,0.138957,-0.053000,-0.025448,0.136099,-0.033000,-0.026641,True,-0.065002,0.413162,0.107383,0.201101,0.446162,0.134024,0.00,10,-0.161994,0.280053,0.378524,0.000000,0.000000,0.000000,0.000000,0.000000,0.000000,nan,nan,nan,nan,nan,nan,OFF
1786690367362541414,2026-08-14T13:52:47.362556,prediction,0.137957,-0.046000,-0.024695,0.136099,-0.033000,-0.026641,True,-0.065002,0.413162,0.107383,0.201101,0.446162,0.134024,0.00,10,-0.156677,0.293515,0.381776,0.000000,0.000000,0.000000,0.000000,0.000000,0.000000,nan,nan,nan,nan,nan,nan,OFF
1786690367391525881,2026-08-14T13:52:47.391544,prediction,0.137957,-0.046000,-0.024695,0.136099,-0.033000,-0.026641,True,-0.065002,0.413162,0.107383,0.201101,0.446162,0.134024,0.00,10,-0.156677,0.293515,0.381776,0.000000,0.000000,0.000000,0.000000,0.000000,0.000000,nan,nan,nan,nan,nan,nan,OFF
1786690367423262617,2026-08-14T13:52:47.423277,prediction,0.134242,-0.020000,-0.021897,0.136099,-0.033000,-0.026641,True,-0.065002,0.413162,0.107383,0.201101,0.446162,0.134024,0.00,10,-0.152731,0.302237,0.384412,0.000000,0.000000,0.000000,0.000000,0.000000,0.000000,nan,nan,nan,nan,nan,nan,OFF
1786690367456712265,2026-08-14T13:52:47.456727,prediction,0.134242,-0.020000,-0.021897,0.136099,-0.033000,-0.026641,True,-0.065002,0.413162,0.107383,0.201101,0.446162,0.134024,0.00,10,-0.152731,0.302237,0.384412,0.000000,0.000000,0.000000,0.000000,0.000000,0.000000,nan,nan,nan,nan,nan,nan,OFF
1786690367491457760,2026-08-14T13:52:47.491473,prediction,0.133242,-0.013000,-0.021144,0.136099,-0.033000,-0.026641,True,-0.065002,0.413162,0.107383,0.201101,0.446162,0.134024,0.00,10,-0.148732,0.311076,0.387083,0.000000,0.000000,0.000000,0.000000,0.000000,0.000000,nan,nan,nan,nan,nan,nan,OFF
1786690367528067795,2026-08-14T13:52:47.528083,prediction,0.133242,-0.013000,-0.021144,0.136099,-0.033000,-0.026641,True,-0.065002,0.413162,0.107383,0.201101,0.446162,0.134024,0.00,10,-0.148732,0.311076,0.387083,0.000000,0.000000,0.000000,0.000000,0.000000,0.000000,nan,nan,nan,nan,nan,nan,OFF
1786690367558988037,2026-08-14T13:52:47.559002,prediction,0.136099,-0.033000,-0.023296,0.136099,-0.033000,-0.026641,True,-0.065002,0.413162,0.107383,0.201101,0.446162,0.134024,0.00,10,-0.144772,0.319827,0.389728,0.000000,0.000000,0.000000,0.000000,0.000000,0.000000,nan,nan,nan,nan,nan,nan,OFF
1786690367593424134,2026-08-14T13:52:47.593438,prediction,0.133242,-0.013000,-0.021144,0.136099,-0.033000,-0.026641,True,-0.065002,0.413162,0.107383,0.201101,0.446162,0.134024,0.00,10,-0.144772,0.319827,0.389728,0.000000,0.000000,0.000000,0.000000,0.000000,0.000000,nan,nan,nan,nan,nan,nan,OFF
1786690367624831863,2026-08-14T13:52:47.624843,prediction,0.130384,0.007000,-0.015713,0.136099,-0.033000,-0.026641,True,-0.065002,0.413162,0.107383,0.201101,0.446162,0.134024,0.00,10,-0.140804,0.328598,0.392379,0.000000,0.000000,0.000000,0.000000,0.000000,0.000000,nan,nan,nan,nan,nan,nan,OFF
1786690367657174253,2026-08-14T13:52:47.657186,prediction,0.134242,-0.020000,-0.018573,0.136099,-0.033000,-0.026641,True,-0.065002,0.413162,0.107383,0.201101,0.446162,0.134024,0.00,10,-0.140804,0.328598,0.392379,0.000000,0.000000,0.000000,0.000000,0.000000,0.000000,nan,nan,nan,nan,nan,nan,OFF
1786690367690650171,2026-08-14T13:52:47.690663,prediction,0.135099,-0.026000,-0.019209,0.136099,-0.033000,-0.026641,True,-0.065002,0.413162,0.107383,0.201101,0.446162,0.134024,0.00,10,-0.136815,0.337415,0.395044,0.000000,0.000000,0.000000,0.000000,0.000000,0.000000,nan,nan,nan,nan,nan,nan,OFF
1786690367725964449,2026-08-14T13:52:47.725978,prediction,0.134242,-0.020000,-0.018573,0.136099,-0.033000,-0.026641,True,-0.065002,0.413162,0.107383,0.201101,0.446162,0.134024,0.00,10,-0.136815,0.337415,0.395044,0.000000,0.000000,0.000000,0.000000,0.000000,0.000000,nan,nan,nan,nan,nan,nan,OFF
1786690367755966513,2026-08-14T13:52:47.755978,prediction,0.137100,-0.040000,-0.020692,0.136099,-0.033000,-0.026641,True,-0.065002,0.413162,0.107383,0.201101,0.446162,0.134024,0.00,10,-0.132842,0.346196,0.397698,0.000000,0.000000,0.000000,0.000000,0.000000,0.000000,nan,nan,nan,nan,nan,nan,OFF
1786690367789106832,2026-08-14T13:52:47.789121,prediction,0.134242,-0.020000,-0.015249,0.136099,-0.033000,-0.026641,True,-0.065002,0.413162,0.107383,0.201101,0.446162,0.134024,0.00,10,-0.132842,0.346196,0.397698,0.000000,0.000000,0.000000,0.000000,0.000000,0.000000,nan,nan,nan,nan,nan,nan,OFF
1786690367823910247,2026-08-14T13:52:47.823924,prediction,0.137100,-0.040000,-0.017335,0.136099,-0.033000,-0.026641,True,-0.065002,0.413162,0.107383,0.201101,0.446162,0.134024,0.00,10,-0.128883,0.354946,0.400343,0.000000,0.000000,0.000000,0.000000,0.000000,0.000000,nan,nan,nan,nan,nan,nan,OFF
1786690367858254388,2026-08-14T13:52:47.858303,prediction,0.136099,-0.033000,-0.016605,0.136099,-0.033000,-0.026641,True,-0.065002,0.413162,0.107383,0.201101,0.446162,0.134024,0.00,10,-0.128883,0.354946,0.400343,0.000000,0.000000,0.000000,0.000000,0.000000,0.000000,nan,nan,nan,nan,nan,nan,OFF
1786690367890177209,2026-08-14T13:52:47.890227,prediction,0.139957,-0.060000,-0.016031,0.136099,-0.033000,-0.026641,True,-0.065002,0.413162,0.107383,0.201101,0.446162,0.134024,0.00,10,-0.124895,0.363759,0.403006,0.000000,0.000000,0.000000,0.000000,0.000000,0.000000,nan,nan,nan,nan,nan,nan,OFF
1786690367924040244,2026-08-14T13:52:47.924084,prediction,0.140958,-0.067000,-0.016749,0.136099,-0.033000,-0.026641,True,-0.065002,0.413162,0.107383,0.201101,0.446162,0.134024,0.00,10,-0.124895,0.363759,0.403006,0.000000,0.000000,0.000000,0.000000,0.000000,0.000000,nan,nan,nan,nan,nan,nan,OFF
1786690367957198948,2026-08-14T13:52:47.957251,prediction,0.133749,-0.040000,-0.010621,0.136099,-0.033000,-0.026641,True,-0.065002,0.413162,0.107383,0.201101,0.446162,0.134024,0.00,10,-0.120914,0.372558,0.405666,0.000000,0.000000,0.000000,0.000000,0.000000,0.000000,nan,nan,nan,nan,nan,nan,OFF
1786690367991840054,2026-08-14T13:52:47.991855,prediction,0.135585,-0.053000,-0.008555,0.136099,-0.033000,-0.026641,True,-0.065002,0.413162,0.107383,0.201101,0.446162,0.134024,0.00,10,-0.120914,0.372558,0.405666,0.000000,0.000000,0.000000,0.000000,0.000000,0.000000,nan,nan,nan,nan,nan,nan,OFF
1786690368027461426,2026-08-14T13:52:48.027478,prediction,0.131772,-0.026000,-0.002540,0.136099,-0.033000,-0.026641,True,-0.065002,0.413162,0.107383,0.201101,0.446162,0.134024,0.00,10,-0.116953,0.381313,0.408312,0.000000,0.000000,0.000000,0.000000,0.000000,0.000000,nan,nan,nan,nan,nan,nan,OFF
1786690368060497685,2026-08-14T13:52:48.060512,prediction,0.132760,-0.033000,0.000122,0.136099,-0.033000,-0.026641,True,-0.065002,0.413162,0.107383,0.201101,0.446162,0.134024,0.00,10,-0.116953,0.381313,0.408312,0.000000,0.000000,0.000000,0.000000,0.000000,0.000000,nan,nan,nan,nan,nan,nan,OFF
1786690368092063966,2026-08-14T13:52:48.092079,prediction,0.128947,-0.006000,0.006016,0.136099,-0.033000,-0.026641,True,-0.065002,0.413162,0.107383,0.201101,0.446162,0.134024,0.00,10,-0.112968,0.390120,0.410974,0.000000,0.000000,0.000000,0.000000,0.000000,0.000000,nan,nan,nan,nan,nan,nan,OFF
1786690368128775703,2026-08-14T13:52:48.128788,prediction,0.124815,-0.000000,0.009873,0.136099,-0.033000,-0.026641,True,-0.065002,0.413162,0.107383,0.201101,0.446162,0.134024,0.00,10,-0.112968,0.390120,0.410974,0.000000,0.000000,0.000000,0.000000,0.000000,0.000000,nan,nan,nan,nan,nan,nan,OFF
1786690368158221185,2026-08-14T13:52:48.158241,prediction,0.123838,0.007000,0.017081,0.136099,-0.033000,-0.026641,True,-0.065002,0.413162,0.107383,0.201101,0.446162,0.134024,0.00,10,-0.108988,0.398917,0.413633,0.000000,0.000000,0.000000,0.000000,0.000000,0.000000,nan,nan,nan,nan,nan,nan,OFF
1786690368190330169,2026-08-14T13:52:48.190342,prediction,0.124815,-0.000000,0.019746,0.136099,-0.033000,-0.026641,True,-0.065002,0.413162,0.107383,0.201101,0.446162,0.134024,0.00,10,-0.108988,0.398917,0.413633,0.000000,0.000000,0.000000,0.000000,0.000000,0.000000,nan,nan,nan,nan,nan,nan,OFF
1786690368223968074,2026-08-14T13:52:48.223981,prediction,0.122732,0.038000,0.029537,0.136099,-0.033000,-0.026641,True,-0.065002,0.413162,0.107383,0.201101,0.446162,0.134024,0.00,10,-0.105021,0.407685,0.416283,0.000000,0.000000,0.000000,0.000000,0.000000,0.000000,nan,nan,nan,nan,nan,nan,OFF
1786690368261370837,2026-08-14T13:52:48.261384,prediction,0.124427,0.026000,0.031771,0.136099,-0.033000,-0.026641,True,-0.065002,0.413162,0.107383,0.201101,0.446162,0.134024,0.00,10,-0.105021,0.407685,0.416283,0.000000,0.000000,0.000000,0.000000,0.000000,0.000000,nan,nan,nan,nan,nan,nan,OFF
1786690368289322385,2026-08-14T13:52:48.289336,prediction,0.123000,0.013000,0.033964,0.136099,-0.033000,-0.026641,True,-0.065002,0.413162,0.107383,0.201101,0.446162,0.134024,0.00,10,-0.101042,0.416479,0.418941,0.000000,0.000000,0.000000,0.000000,0.000000,0.000000,nan,nan,nan,nan,nan,nan,OFF
1786690368328127177,2026-08-14T13:52:48.328140,prediction,0.121185,0.026000,0.041515,0.136099,-0.033000,-0.026641,True,-0.065002,0.413162,0.107383,0.201101,0.446162,0.134024,0.00,10,-0.101042,0.416479,0.418941,0.000000,0.000000,0.000000,0.000000,0.000000,0.000000,nan,nan,nan,nan,nan,nan,OFF
1786690368357850809,2026-08-14T13:52:48.357863,prediction,0.122162,0.019000,0.044230,0.136099,-0.033000,-0.026641,True,-0.065002,0.413162,0.107383,0.201101,0.446162,0.134024,0.00,10,-0.097084,0.425228,0.421585,0.000000,0.000000,0.000000,0.000000,0.000000,0.000000,nan,nan,nan,nan,nan,nan,OFF
1786690368395210961,2026-08-14T13:52:48.395226,prediction,0.123838,0.007000,0.046595,0.136099,-0.033000,-0.026641,True,-0.065002,0.413162,0.107383,0.201101,0.446162,0.134024,0.00,10,-0.097084,0.425228,0.421585,0.000000,0.000000,0.000000,0.000000,0.000000,0.000000,nan,nan,nan,nan,nan,nan,OFF
1786690368425541649,2026-08-14T13:52:48.425557,prediction,0.121185,0.026000,0.051259,0.126321,-0.010653,0.020666,True,-0.065002,0.413162,0.121209,0.191322,0.423815,0.100543,0.00,10,-0.093114,0.434001,0.424237,0.000000,0.000000,0.000000,0.000000,0.000000,0.000000,nan,nan,nan,nan,nan,nan,OFF
1786690368460159479,2026-08-14T13:52:48.460176,prediction,0.119737,0.013000,0.053581,0.125387,-0.002291,0.024946,True,-0.065002,0.413162,0.123383,0.190388,0.415453,0.098436,0.00,10,-0.093114,0.434001,0.424237,0.000000,0.000000,0.000000,0.000000,0.000000,0.000000,nan,nan,nan,nan,nan,nan,OFF
1786690368490235662,2026-08-14T13:52:48.490250,prediction,0.117944,0.026000,0.061003,0.124210,0.003595,0.029583,True,-0.065002,0.413162,0.123383,0.189212,0.409567,0.093799,0.00,10,-0.089182,0.442690,0.427339,0.000000,0.000000,0.000000,0.000000,0.000000,0.000000,nan,nan,nan,nan,nan,nan,OFF
1786690368586634090,2026-08-14T13:52:48.586656,prediction,0.116288,0.038000,0.068274,0.122255,0.011930,0.038549,True,-0.049002,0.397162,0.107383,0.171256,0.385232,0.068834,25.15,1,-0.085248,0.451387,0.430443,0.000000,0.000000,0.000000,0.000000,0.000000,0.000000,nan,nan,nan,nan,nan,nan,OFF
1786690368613071996,2026-08-14T13:52:48.613089,prediction,0.115461,0.044000,0.075099,0.121356,0.016146,0.043154,True,-0.033002,0.381162,0.091383,0.154357,0.365016,0.048228,21.46,2,-0.081353,0.459994,0.433516,0.000000,0.000000,0.000000,0.000000,0.000000,0.000000,nan,nan,nan,nan,nan,nan,OFF
1786690368649352282,2026-08-14T13:52:48.649371,prediction,0.117116,0.032000,0.074363,0.120842,0.019336,0.047454,True,-0.017002,0.365162,0.075383,0.137844,0.345826,0.027929,21.42,3,-0.081353,0.459994,0.433516,0.000000,0.000000,0.000000,0.000000,0.000000,0.000000,nan,nan,nan,nan,nan,nan,OFF
1786690368692286817,2026-08-14T13:52:48.692308,prediction,0.115461,0.044000,0.078317,0.120284,0.022321,0.051536,True,-0.001002,0.349162,0.059383,0.121286,0.326841,0.007847,31.09,4,-0.077415,0.468698,0.436623,0.000000,0.000000,0.000000,0.000000,0.000000,0.000000,nan,nan,nan,nan,nan,nan,OFF
1786690368724673249,2026-08-14T13:52:48.724734,prediction,0.113667,0.057000,0.082290,0.119541,0.025264,0.055706,True,0.014998,0.333162,0.058044,0.104542,0.307898,0.002338,24.64,5,-0.077415,0.468698,0.436623,0.000000,0.000000,0.000000,0.000000,0.000000,0.000000,nan,nan,nan,nan,nan,nan,OFF
1786690368751682092,2026-08-14T13:52:48.751700,prediction,0.112840,0.063000,0.085825,0.118881,0.028520,0.059458,True,0.030998,0.317162,0.061070,0.087883,0.288642,0.001612,23.14,6,-0.075051,0.478208,0.438377,0.000000,0.000000,0.000000,0.000000,0.000000,0.000000,nan,nan,nan,nan,nan,nan,OFF
1786690368781580407,2026-08-14T13:52:48.781595,prediction,0.111184,0.075000,0.086501,0.117998,0.031144,0.063107,True,0.046998,0.301162,0.064786,0.071000,0.270018,0.001679,20.47,7,-0.075051,0.478208,0.438377,0.000000,0.000000,0.000000,0.000000,0.000000,0.000000,nan,nan,nan,nan,nan,nan,OFF
1786690368816834398,2026-08-14T13:52:48.816851,prediction,0.111184,0.075000,0.089668,0.117211,0.034282,0.066820,True,0.062998,0.285162,0.068621,0.054212,0.250880,0.001801,22.75,8,-0.074872,0.487981,0.440368,0.000000,0.000000,0.000000,0.000000,0.000000,0.000000,nan,nan,nan,nan,nan,nan,OFF
1786690368848250924,2026-08-14T13:52:48.848274,prediction,0.114633,0.050000,0.091508,0.116774,0.037523,0.070153,True,0.078998,0.269162,0.072087,0.037776,0.231639,0.001933,19.83,9,-0.074872,0.487981,0.440368,0.000000,0.000000,0.000000,0.000000,0.000000,0.000000,nan,nan,nan,nan,nan,nan,OFF
1786690368881163768,2026-08-14T13:52:48.881183,prediction,0.116288,0.038000,0.094100,0.116382,0.039825,0.073478,True,0.094998,0.253162,0.075400,0.021384,0.213337,0.001922,19.76,10,-0.074872,0.487981,0.440368,0.000000,0.000000,0.000000,0.000000,0.000000,0.000000,nan,nan,nan,nan,nan,nan,OFF
1786690368920722044,2026-08-14T13:52:48.920745,prediction,0.117116,0.032000,0.097029,0.115934,0.041298,0.076840,True,0.110998,0.237162,0.078671,0.004936,0.195864,0.001830,23.91,10,-0.074200,0.497822,0.442310,0.000000,0.000000,0.000000,0.000000,0.000000,0.000000,nan,nan,nan,nan,nan,nan,OFF
1786690368952159239,2026-08-14T13:52:48.952175,prediction,0.115461,0.044000,0.097626,0.115553,0.042606,0.079931,True,0.114790,0.221162,0.081714,0.000763,0.178556,0.001783,23.88,10,-0.074740,0.507671,0.444737,0.000000,0.000000,0.000000,0.000000,0.000000,0.000000,nan,nan,nan,nan,nan,nan,OFF
1786690368984848788,2026-08-14T13:52:48.984869,prediction,0.108841,0.069000,0.102047,0.114826,0.044521,0.083162,True,0.115017,0.205162,0.084845,0.000191,0.160641,0.001682,23.51,10,-0.074740,0.507671,0.444737,0.000000,0.000000,0.000000,0.000000,0.000000,0.000000,nan,nan,nan,nan,nan,nan,OFF
1786690369015841556,2026-08-14T13:52:49.015858,prediction,0.110477,0.057000,0.104667,0.114328,0.046558,0.086073,True,0.114683,0.189162,0.087732,0.000354,0.142604,0.001659,23.73,10,-0.076461,0.516895,0.447668,0.000000,0.000000,0.000000,0.000000,0.000000,0.000000,nan,nan,nan,nan,nan,nan,OFF
1786690369057207543,2026-08-14T13:52:49.057226,prediction,0.108841,0.069000,0.108401,0.113657,0.049632,0.089048,True,0.114054,0.173162,0.090638,0.000397,0.123530,0.001590,26.11,10,-0.076461,0.516895,0.447668,0.000000,0.000000,0.000000,0.000000,0.000000,0.000000,nan,nan,nan,nan,nan,nan,OFF
1786690369099564877,2026-08-14T13:52:49.099596,prediction,0.104862,0.075000,0.115004,0.112400,0.055095,0.094612,True,0.113461,0.157162,0.093497,0.001061,0.102067,0.001116,33.87,10,-0.079404,0.525681,0.451431,0.000000,0.000000,0.000000,0.000000,0.000000,0.000000,nan,nan,nan,nan,nan,nan,OFF
1786690369128891472,2026-08-14T13:52:49.128908,prediction,0.104862,0.075000,0.115004,0.112400,0.055095,0.094612,True,0.112776,0.141162,0.096135,0.000377,0.086067,0.001523,29.01,10,-0.079404,0.525681,0.451431,0.000000,0.000000,0.000000,0.000000,0.000000,0.000000,nan,nan,nan,nan,nan,nan,OFF
1786690369163175495,2026-08-14T13:52:49.163192,prediction,0.095520,0.098000,0.122217,0.109989,0.060049,0.100475,True,0.111806,0.125162,0.098973,0.001816,0.065113,0.001503,30.65,10,-0.083654,0.533314,0.456238,0.000000,0.000000,0.000000,0.000000,0.000000,0.000000,nan,nan,nan,nan,nan,nan,OFF
1786690369191844698,2026-08-14T13:52:49.191864,prediction,0.100117,0.063000,0.124067,0.109989,0.060049,0.100475,True,0.110598,0.109162,0.101854,0.000609,0.049113,0.001378,27.96,10,-0.083654,0.533314,0.456238,0.000000,0.000000,0.000000,0.000000,0.000000,0.000000,nan,nan,nan,nan,nan,nan,OFF
1786690369216868160,2026-08-14T13:52:49.216887,prediction,0.100117,0.063000,0.124067,0.109086,0.062517,0.103261,True,0.109653,0.093162,0.104632,0.000567,0.030646,0.001372,22.75,10,-0.089080,0.539204,0.461728,0.000000,0.000000,0.000000,0.000000,0.000000,0.000000,nan,nan,nan,nan,nan,nan,OFF
1786690369260570044,2026-08-14T13:52:49.260587,prediction,0.099329,0.069000,0.130640,0.108185,0.063650,0.106248,True,0.108834,0.077162,0.107560,0.000649,0.013512,0.001311,34.14,10,-0.089080,0.539204,0.461728,0.000000,0.000000,0.000000,0.000000,0.000000,0.000000,nan,nan,nan,nan,nan,nan,OFF
1786690369322657502,2026-08-14T13:52:49.322712,prediction,0.096176,0.093000,0.134575,0.106184,0.065266,0.112238,True,0.107998,0.068347,0.110527,0.001814,0.003081,0.001711,33.87,10,-0.095384,0.543062,0.467430,0.000000,0.000000,0.000000,0.000000,0.000000,0.000000,nan,nan,nan,nan,nan,nan,OFF
1786690369368145837,2026-08-14T13:52:49.368164,prediction,0.096176,0.093000,0.137712,0.104954,0.066440,0.115318,True,0.107123,0.067315,0.113511,0.002169,0.000875,0.001807,44.62,10,-0.101651,0.544713,0.472754,0.000000,0.000000,0.000000,0.000000,0.000000,0.000000,nan,nan,nan,nan,nan,nan,OFF
1786690369406849024,2026-08-14T13:52:49.406868,prediction,0.095520,0.098000,0.140991,0.103569,0.068968,0.118444,True,0.106064,0.067971,0.116573,0.002495,0.000997,0.001871,37.93,10,-0.101651,0.544713,0.472754,0.000000,0.000000,0.000000,0.000000,0.000000,0.000000,nan,nan,nan,nan,nan,nan,OFF
1786690369430716114,2026-08-14T13:52:49.430730,prediction,0.090840,0.110000,0.144440,0.101817,0.072674,0.121605,True,0.104779,0.070248,0.119704,0.002961,0.002426,0.001901,23.70,10,-0.107023,0.544421,0.477287,0.000000,0.000000,0.000000,0.000000,0.000000,0.000000,nan,nan,nan,nan,nan,nan,OFF
1786690369462355933,2026-08-14T13:52:49.462372,prediction,0.085004,0.155000,0.148673,0.099787,0.077255,0.125008,True,0.103113,0.073946,0.122884,0.003326,0.003309,0.002124,31.29,10,-0.107023,0.544421,0.477287,0.000000,0.000000,0.000000,0.000000,0.000000,0.000000,nan,nan,nan,nan,nan,nan,OFF
1786690369486387437,2026-08-14T13:52:49.486415,prediction,0.085004,0.155000,0.148673,0.099787,0.077255,0.125008,True,0.101121,0.078707,0.126286,0.001334,0.001452,0.001278,23.08,10,-0.111480,0.542233,0.481244,0.000000,0.000000,0.000000,0.000000,0.000000,0.000000,nan,nan,nan,nan,nan,nan,OFF
1786690369510571160,2026-08-14T13:52:49.510586,prediction,0.082485,0.127000,0.151055,0.098030,0.082598,0.128275,True,0.099216,0.084344,0.129628,0.001186,0.001747,0.001353,20.61,10,-0.111480,0.542233,0.481244,0.000000,0.000000,0.000000,0.000000,0.000000,0.000000,nan,nan,nan,nan,nan,nan,OFF
1786690369546293422,2026-08-14T13:52:49.546308,prediction,0.081094,0.138000,0.154374,0.096071,0.087986,0.131589,True,0.097182,0.090126,0.132988,0.001111,0.002140,0.001399,20.08,10,-0.111480,0.542233,0.481244,0.000000,0.000000,0.000000,0.000000,0.000000,0.000000,nan,nan,nan,nan,nan,nan,OFF
1786690369581788841,2026-08-14T13:52:49.581807,prediction,0.074242,0.144000,0.157557,0.093764,0.092744,0.134866,True,0.094912,0.095266,0.136302,0.001147,0.002522,0.001436,19.87,10,-0.114911,0.538148,0.484674,0.000000,0.000000,0.000000,0.000000,0.000000,0.000000,nan,nan,nan,nan,nan,nan,OFF
1786690369616544001,2026-08-14T13:52:49.616585,prediction,0.076950,0.122000,0.160206,0.091693,0.097375,0.138091,True,0.092779,0.100095,0.139553,0.001086,0.002719,0.001463,22.78,10,-0.117459,0.532054,0.487781,0.000000,0.000000,0.000000,0.000000,0.000000,0.000000,nan,nan,nan,nan,nan,nan,OFF
1786690369652252677,2026-08-14T13:52:49.652297,prediction,0.071923,0.138000,0.166626,0.089497,0.101662,0.141532,True,0.090612,0.104486,0.142969,0.001115,0.002824,0.001437,20.26,10,-0.117459,0.532054,0.487781,0.000000,0.000000,0.000000,0.000000,0.000000,0.000000,nan,nan,nan,nan,nan,nan,OFF
1786690369691869904,2026-08-14T13:52:49.691886,prediction,0.073867,0.122000,0.169474,0.087695,0.105026,0.144936,True,0.088791,0.107911,0.146381,0.001096,0.002886,0.001444,28.00,10,-0.119037,0.523933,0.490723,0.000000,0.000000,0.000000,0.000000,0.000000,0.000000,nan,nan,nan,nan,nan,nan,OFF
1786690369719708506,2026-08-14T13:52:49.719727,prediction,0.071194,0.144000,0.172822,0.086073,0.108738,0.148310,True,0.087150,0.111466,0.149767,0.001077,0.002728,0.001457,24.29,10,-0.119037,0.523933,0.490723,0.000000,0.000000,0.000000,0.000000,0.000000,0.000000,nan,nan,nan,nan,nan,nan,OFF
1786690369748258452,2026-08-14T13:52:49.748316,prediction,0.064913,0.171000,0.176148,0.083726,0.112841,0.151782,True,0.084981,0.115420,0.153225,0.001255,0.002579,0.001443,18.00,10,-0.119037,0.523933,0.490723,0.000000,0.000000,0.000000,0.000000,0.000000,0.000000,nan,nan,nan,nan,nan,nan,OFF
1786690369781446629,2026-08-14T13:52:49.781463,prediction,0.063092,0.161000,0.176047,0.081310,0.118568,0.154809,True,0.082538,0.120983,0.156328,0.001228,0.002415,0.001519,21.56,10,-0.119562,0.514347,0.493883,0.000000,0.000000,0.000000,0.000000,0.000000,0.000000,nan,nan,nan,nan,nan,nan,OFF
1786690369811783196,2026-08-14T13:52:49.811831,prediction,0.061201,0.177000,0.182206,0.078978,0.125154,0.158194,True,0.080050,0.127655,0.159671,0.001072,0.002501,0.001477,18.76,10,-0.119562,0.514347,0.493883,0.000000,0.000000,0.000000,0.000000,0.000000,0.000000,nan,nan,nan,nan,nan,nan,OFF
1786690369857789608,2026-08-14T13:52:49.857806,prediction,0.061910,0.171000,0.185174,0.076694,0.130631,0.161567,True,0.077670,0.133483,0.163043,0.000976,0.002852,0.001476,25.44,10,-0.119796,0.505142,0.497468,0.000000,0.000000,0.000000,0.000000,0.000000,0.000000,nan,nan,nan,nan,nan,nan,OFF
1786690369883637069,2026-08-14T13:52:49.883660,prediction,0.062501,0.166000,0.185148,0.074449,0.135886,0.164729,True,0.075357,0.138896,0.166236,0.000908,0.003009,0.001507,21.57,10,-0.119690,0.496120,0.501806,0.000000,0.000000,0.000000,0.000000,0.000000,0.000000,nan,nan,nan,nan,nan,nan,OFF
1786690369915833798,2026-08-14T13:52:49.915864,prediction,0.062053,0.144000,0.188087,0.072218,0.140831,0.167869,True,0.073085,0.143908,0.169365,0.000867,0.003078,0.001496,21.95,10,-0.119690,0.496120,0.501806,0.000000,0.000000,0.000000,0.000000,0.000000,0.000000,nan,nan,nan,nan,nan,nan,OFF
1786690369949521466,2026-08-14T13:52:49.949538,prediction,0.058208,0.177000,0.188203,0.070042,0.145446,0.170787,True,0.070884,0.148524,0.172284,0.000842,0.003078,0.001497,22.77,10,-0.119142,0.487646,0.507023,0.000000,0.000000,0.000000,0.000000,0.000000,0.000000,nan,nan,nan,nan,nan,nan,OFF
1786690369982948047,2026-08-14T13:52:49.982966,prediction,0.056479,0.166000,0.191181,0.068141,0.149356,0.173621,True,0.068949,0.152407,0.175079,0.000808,0.003051,0.001458,21.94,10,-0.119142,0.487646,0.507023,0.000000,0.000000,0.000000,0.000000,0.000000,0.000000,nan,nan,nan,nan,nan,nan,OFF
1786690370014091400,2026-08-14T13:52:50.014106,prediction,0.055905,0.171000,0.191191,0.066369,0.152485,0.176296,True,0.067215,0.155435,0.177703,0.000847,0.002950,0.001407,20.86,10,-0.118037,0.479958,0.513307,0.000000,0.000000,0.000000,0.000000,0.000000,0.000000,nan,nan,nan,nan,nan,nan,OFF
1786690370051604990,2026-08-14T13:52:50.051622,prediction,0.053468,0.166000,0.194198,0.064527,0.154604,0.178951,True,0.065537,0.157388,0.180260,0.001010,0.002785,0.001309,23.81,10,-0.118037,0.479958,0.513307,0.000000,0.000000,0.000000,0.000000,0.000000,0.000000,nan,nan,nan,nan,nan,nan,OFF
1786690370093236039,2026-08-14T13:52:50.093251,prediction,0.048034,0.214000,0.194208,0.062780,0.156787,0.181395,True,0.063925,0.159242,0.182631,0.001146,0.002454,0.001236,28.01,10,-0.116281,0.473423,0.520720,0.000000,0.000000,0.000000,0.000000,0.000000,0.000000,nan,nan,nan,nan,nan,nan,OFF
1786690370123803976,2026-08-14T13:52:50.123820,prediction,0.051657,0.182000,0.200182,0.059659,0.163765,0.186096,True,0.062221,0.162232,0.185001,0.002562,0.001533,0.001095,27.16,10,-0.116281,0.473423,0.520720,0.000000,0.000000,0.000000,0.000000,0.000000,0.000000,nan,nan,nan,nan,nan,nan,OFF
1786690370144407382,2026-08-14T13:52:50.144424,prediction,0.051657,0.182000,0.200182,0.059659,0.163765,0.186096,True,0.060789,0.165723,0.187198,0.001130,0.001959,0.001102,20.04,10,-0.116281,0.473423,0.520720,0.000000,0.000000,0.000000,0.000000,0.000000,0.000000,nan,nan,nan,nan,nan,nan,OFF
1786690370182925414,2026-08-14T13:52:50.182942,prediction,0.048600,0.209000,0.203044,0.057975,0.168273,0.188334,True,0.059097,0.170164,0.189376,0.001122,0.001891,0.001042,23.60,10,-0.113773,0.468736,0.529140,0.000000,0.000000,0.000000,0.000000,0.000000,0.000000,nan,nan,nan,nan,nan,nan,OFF
1786690370212583599,2026-08-14T13:52:50.212599,prediction,0.048600,0.209000,0.205989,0.056469,0.172961,0.190545,True,0.057474,0.174958,0.191543,0.001005,0.001996,0.000998,22.11,10,-0.113773,0.468736,0.529140,0.000000,0.000000,0.000000,0.000000,0.000000,0.000000,nan,nan,nan,nan,nan,nan,OFF
1786690370246625960,2026-08-14T13:52:50.246652,prediction,0.051540,0.209000,0.208935,0.055577,0.177366,0.192731,True,0.056355,0.179530,0.193704,0.000778,0.002164,0.000973,21.70,10,-0.110760,0.465581,0.538076,0.000000,0.000000,0.000000,0.000000,0.000000,0.000000,nan,nan,nan,nan,nan,nan,OFF
1786690370282557108,2026-08-14T13:52:50.282575,prediction,0.052229,0.203000,0.211939,0.054853,0.180806,0.195124,True,0.055531,0.183142,0.196042,0.000678,0.002335,0.000918,23.47,10,-0.107183,0.464483,0.547397,0.000000,0.000000,0.000000,0.000000,0.000000,0.000000,nan,nan,nan,nan,nan,nan,OFF
1786690370310913344,2026-08-14T13:52:50.310937,prediction,0.049817,0.224000,0.217577,0.054094,0.183521,0.197482,True,0.054782,0.185882,0.198390,0.000688,0.002361,0.000908,21.30,10,-0.107183,0.464483,0.547397,0.000000,0.000000,0.000000,0.000000,0.000000,0.000000,nan,nan,nan,nan,nan,nan,OFF
1786690370342713997,2026-08-14T13:52:50.342731,prediction,0.050391,0.219000,0.223500,0.053326,0.186624,0.200037,True,0.054012,0.188808,0.200924,0.000686,0.002184,0.000887,19.22,10,-0.107183,0.464483,0.547397,0.000000,0.000000,0.000000,0.000000,0.000000,0.000000,nan,nan,nan,nan,nan,nan,OFF
1786690370378369239,2026-08-14T13:52:50.378442,prediction,0.051540,0.209000,0.226609,0.052595,0.189805,0.202801,True,0.053254,0.191861,0.203688,0.000658,0.002056,0.000887,19.81,10,-0.103375,0.465569,0.556437,0.000000,0.000000,0.000000,0.000000,0.000000,0.000000,nan,nan,nan,nan,nan,nan,OFF
1786690370421362753,2026-08-14T13:52:50.421380,prediction,0.052229,0.203000,0.229672,0.051941,0.192734,0.205573,True,0.052562,0.194730,0.206509,0.000622,0.001996,0.000936,26.59,10,-0.099436,0.468281,0.565243,0.000000,0.000000,0.000000,0.000000,0.000000,0.000000,nan,nan,nan,nan,nan,nan,OFF
1786690370445197500,2026-08-14T13:52:50.445215,prediction,0.050966,0.214000,0.235331,0.051458,0.195614,0.208715,True,0.052012,0.197536,0.209662,0.000554,0.001923,0.000946,20.02,10,-0.099436,0.468281,0.565243,0.000000,0.000000,0.000000,0.000000,0.000000,0.000000,nan,nan,nan,nan,nan,nan,OFF
1786690370483096885,2026-08-14T13:52:50.483154,prediction,0.049817,0.224000,0.238023,0.051014,0.198749,0.211838,True,0.051497,0.200588,0.212871,0.000483,0.001839,0.001033,20.34,10,-0.095555,0.472330,0.573680,0.000000,0.000000,0.000000,0.000000,0.000000,0.000000,nan,nan,nan,nan,nan,nan,OFF
1786690370520621215,2026-08-14T13:52:50.520679,prediction,0.046902,0.224000,0.240943,0.050413,0.202203,0.215155,True,0.050840,0.204003,0.216251,0.000426,0.001800,0.001096,24.55,10,-0.095555,0.472330,0.573680,0.000000,0.000000,0.000000,0.000000,0.000000,0.000000,nan,nan,nan,nan,nan,nan,OFF
1786690370558581967,2026-08-14T13:52:50.558601,prediction,0.045770,0.234000,0.246490,0.049900,0.205987,0.218641,True,0.050201,0.207800,0.219809,0.000301,0.001812,0.001168,28.48,10,-0.091972,0.477220,0.581520,0.000000,0.000000,0.000000,0.000000,0.000000,0.000000,nan,nan,nan,nan,nan,nan,OFF
1786690370586710179,2026-08-14T13:52:50.586730,prediction,0.044638,0.244000,0.249082,0.049674,0.210104,0.222299,True,0.049785,0.211965,0.223549,0.000111,0.001861,0.001250,24.51,10,-0.091972,0.477220,0.581520,0.000000,0.000000,0.000000,0.000000,0.000000,0.000000,nan,nan,nan,nan,nan,nan,OFF
1786690370615368229,2026-08-14T13:52:50.615384,prediction,0.046336,0.229000,0.249550,0.049402,0.213114,0.225791,True,0.049434,0.215195,0.227151,0.000032,0.002081,0.001360,22.32,10,-0.088660,0.482872,0.589076,0.000000,0.000000,0.000000,0.000000,0.000000,0.000000,nan,nan,nan,nan,nan,nan,OFF
1786690370652078520,2026-08-14T13:52:50.652102,prediction,0.047468,0.219000,0.252791,0.049123,0.215636,0.229298,True,0.049113,0.217789,0.230707,0.000010,0.002153,0.001409,25.11,10,-0.088660,0.482872,0.589076,0.000000,0.000000,0.000000,0.000000,0.000000,0.000000,nan,nan,nan,nan,nan,nan,OFF
1786690370696109198,2026-08-14T13:52:50.696126,prediction,0.048034,0.214000,0.258830,0.048972,0.218759,0.236321,True,0.048943,0.219934,0.234226,0.000029,0.001175,0.002096,31.14,10,-0.085704,0.489201,0.596426,0.000000,0.000000,0.000000,0.000000,0.000000,0.000000,nan,nan,nan,nan,nan,nan,OFF
1786690370717517496,2026-08-14T13:52:50.717537,prediction,0.048034,0.214000,0.258830,0.048972,0.218759,0.236321,True,0.048910,0.220943,0.237720,0.000061,0.002184,0.001399,21.08,10,-0.085704,0.489201,0.596426,0.000000,0.000000,0.000000,0.000000,0.000000,0.000000,nan,nan,nan,nan,nan,nan,OFF
1786690370750214917,2026-08-14T13:52:50.750228,prediction,0.043429,0.229000,0.261200,0.048431,0.219752,0.239806,True,0.048492,0.221805,0.241154,0.000061,0.002054,0.001349,23.39,10,-0.083245,0.495748,0.603455,0.000000,0.000000,0.000000,0.000000,0.000000,0.000000,nan,nan,nan,nan,nan,nan,OFF
1786690370783605397,2026-08-14T13:52:50.783623,prediction,0.043987,0.224000,0.264310,0.047882,0.220750,0.243297,True,0.047980,0.222700,0.244569,0.000099,0.001950,0.001272,21.01,10,-0.083245,0.495748,0.603455,0.000000,0.000000,0.000000,0.000000,0.000000,0.000000,nan,nan,nan,nan,nan,nan,OFF
1786690370815987288,2026-08-14T13:52:50.816002,prediction,0.040522,0.229000,0.269938,0.047262,0.222017,0.246788,True,0.047376,0.223894,0.247973,0.000114,0.001877,0.001185,22.05,10,-0.081159,0.502342,0.610520,0.000000,0.000000,0.000000,0.000000,0.000000,0.000000,nan,nan,nan,nan,nan,nan,OFF
1786690370850184183,2026-08-14T13:52:50.850202,prediction,0.033642,0.239000,0.272407,0.046145,0.222803,0.250048,True,0.046368,0.224782,0.251154,0.000222,0.001979,0.001106,21.52,10,-0.081159,0.502342,0.610520,0.000000,0.000000,0.000000,0.000000,0.000000,0.000000,nan,nan,nan,nan,nan,nan,OFF
1786690370889777393,2026-08-14T13:52:50.889804,prediction,0.032326,0.224000,0.278915,0.044864,0.223494,0.253535,True,0.045153,0.225567,0.254459,0.000289,0.002073,0.000924,25.31,10,-0.079302,0.508915,0.617911,0.000000,0.000000,0.000000,0.000000,0.000000,0.000000,nan,nan,nan,nan,nan,nan,OFF
1786690370915824743,2026-08-14T13:52:50.915841,prediction,0.028894,0.229000,0.290326,0.043309,0.224699,0.257579,True,0.043667,0.226838,0.258253,0.000358,0.002139,0.000674,20.66,10,-0.079302,0.508915,0.617911,0.000000,0.000000,0.000000,0.000000,0.000000,0.000000,nan,nan,nan,nan,nan,nan,OFF
1786690370947366654,2026-08-14T13:52:50.947388,prediction,0.029410,0.224000,0.296440,0.041872,0.225740,0.261653,True,0.042236,0.228088,0.262171,0.000364,0.002348,0.000519,22.33,10,-0.077593,0.515218,0.625550,0.000000,0.000000,0.000000,0.000000,0.000000,0.000000,nan,nan,nan,nan,nan,nan,OFF
1786690370983856084,2026-08-14T13:52:50.983871,prediction,0.026495,0.224000,0.302281,0.040317,0.226481,0.265937,True,0.040750,0.229100,0.266263,0.000433,0.002618,0.000326,23.21,10,-0.077593,0.515218,0.625550,0.000000,0.000000,0.000000,0.000000,0.000000,0.000000,nan,nan,nan,nan,nan,nan,OFF
1786690371013640098,2026-08-14T13:52:51.013665,prediction,0.024462,0.244000,0.309726,0.038821,0.226630,0.270522,True,0.039346,0.229573,0.270600,0.000525,0.002943,0.000078,19.70,10,-0.075923,0.521072,0.633377,0.000000,0.000000,0.000000,0.000000,0.000000,0.000000,nan,nan,nan,nan,nan,nan,OFF
1786690371044059981,2026-08-14T13:52:51.044075,prediction,0.021579,0.244000,0.312614,0.037208,0.227726,0.274931,True,0.037835,0.230800,0.274840,0.000627,0.003074,0.000091,20.90,10,-0.075923,0.521072,0.633377,0.000000,0.000000,0.000000,0.000000,0.000000,0.000000,nan,nan,nan,nan,nan,nan,OFF
1786690371082677481,2026-08-14T13:52:51.082692,prediction,0.018205,0.249000,0.318036,0.035446,0.228479,0.279528,True,0.036219,0.231922,0.279156,0.000773,0.003444,0.000372,22.13,10,-0.074116,0.526614,0.641775,0.000000,0.000000,0.000000,0.000000,0.000000,0.000000,nan,nan,nan,nan,nan,nan,OFF
1786690371119587691,2026-08-14T13:52:51.119606,prediction,0.016782,0.234000,0.322003,0.033476,0.229162,0.284358,True,0.034446,0.233008,0.283621,0.000971,0.003846,0.000737,24.76,10,-0.074116,0.526614,0.641775,0.000000,0.000000,0.000000,0.000000,0.000000,0.000000,nan,nan,nan,nan,nan,nan,OFF
1786690371152133091,2026-08-14T13:52:51.152148,prediction,0.016298,0.239000,0.327432,0.031398,0.229832,0.289334,True,0.032582,0.234121,0.288182,0.001184,0.004289,0.001152,25.24,10,-0.072149,0.531366,0.650304,0.000000,0.000000,0.000000,0.000000,0.000000,0.000000,nan,nan,nan,nan,nan,nan,OFF
1786690371184106222,2026-08-14T13:52:51.184124,prediction,0.016298,0.239000,0.330328,0.029357,0.230766,0.294319,True,0.030732,0.235505,0.292728,0.001375,0.004738,0.001592,21.29,10,-0.072149,0.531366,0.650304,0.000000,0.000000,0.000000,0.000000,0.000000,0.000000,nan,nan,nan,nan,nan,nan,OFF
1786690371214630674,2026-08-14T13:52:51.214646,prediction,0.014364,0.259000,0.331643,0.027113,0.232020,0.299173,True,0.028725,0.237258,0.297117,0.001612,0.005238,0.002057,21.25,10,-0.069981,0.535127,0.658656,0.000000,0.000000,0.000000,0.000000,0.000000,0.000000,nan,nan,nan,nan,nan,nan,OFF
1786690371248307468,2026-08-14T13:52:51.248346,prediction,0.013880,0.264000,0.336957,0.025143,0.234137,0.304224,True,0.026871,0.239853,0.301618,0.001728,0.005716,0.002606,20.29,10,-0.069981,0.535127,0.658656,0.000000,0.000000,0.000000,0.000000,0.000000,0.000000,nan,nan,nan,nan,nan,nan,OFF
1786690371287949518,2026-08-14T13:52:51.287969,prediction,0.011506,0.259000,0.337369,0.022978,0.236427,0.309094,True,0.024903,0.242786,0.305956,0.001926,0.006358,0.003138,24.99,10,-0.067375,0.538343,0.667370,0.000000,0.000000,0.000000,0.000000,0.000000,0.000000,nan,nan,nan,nan,nan,nan,OFF
1786690371320099525,2026-08-14T13:52:51.320117,prediction,0.012457,0.249000,0.343952,0.021107,0.238486,0.314029,True,0.023171,0.245583,0.310263,0.002064,0.007098,0.003765,23.26,10,-0.067375,0.538343,0.667370,0.000000,0.000000,0.000000,0.000000,0.000000,0.000000,nan,nan,nan,nan,nan,nan,OFF
1786690371349425366,2026-08-14T13:52:51.349477,prediction,0.007341,0.273000,0.341895,0.019353,0.240497,0.318661,True,0.021592,0.248291,0.314298,0.002238,0.007794,0.004363,21.42,10,-0.064584,0.541126,0.675622,0.000000,0.000000,0.000000,0.000000,0.000000,0.000000,nan,nan,nan,nan,nan,nan,OFF
1786690371387856641,2026-08-14T13:52:51.387878,prediction,0.000076,0.259000,0.351684,0.017203,0.242499,0.323512,True,0.019766,0.251024,0.318363,0.002563,0.008524,0.005149,23.85,10,-0.064584,0.541126,0.675622,0.000000,0.000000,0.000000,0.000000,0.000000,0.000000,nan,nan,nan,nan,nan,nan,OFF
1786690371414982283,2026-08-14T13:52:51.415000,prediction,-0.009666,0.273000,0.353254,0.014633,0.245247,0.327708,True,0.017537,0.254384,0.321921,0.002904,0.009138,0.005786,21.78,10,-0.061546,0.543979,0.683941,0.000000,0.000000,0.000000,0.000000,0.000000,0.000000,nan,nan,nan,nan,nan,nan,OFF
1786690371462562857,2026-08-14T13:52:51.462608,prediction,-0.015014,0.269000,0.359317,0.011671,0.248196,0.331899,True,0.014939,0.258076,0.325307,0.003268,0.009880,0.006592,28.19,10,-0.061546,0.543979,0.683941,0.000000,0.000000,0.000000,0.000000,0.000000,0.000000,nan,nan,nan,nan,nan,nan,OFF
1786690371492870527,2026-08-14T13:52:51.492890,prediction,-0.021004,0.273000,0.358934,0.008505,0.251399,0.335676,True,0.012110,0.262033,0.328319,0.003606,0.010634,0.007357,24.55,10,-0.058219,0.547161,0.692435,0.000000,0.000000,0.000000,0.000000,0.000000,0.000000,nan,nan,nan,nan,nan,nan,OFF
1786690371521332573,2026-08-14T13:52:51.521347,prediction,-0.027409,0.283000,0.363625,0.005046,0.254653,0.339269,True,0.009031,0.266089,0.331065,0.003985,0.011436,0.008204,23.48,10,-0.058219,0.547161,0.692435,0.000000,0.000000,0.000000,0.000000,0.000000,0.000000,nan,nan,nan,nan,nan,nan,OFF
1786690371551158225,2026-08-14T13:52:51.551171,prediction,-0.027777,0.288000,0.363130,0.001756,0.257384,0.342637,True,0.006070,0.269696,0.333551,0.004314,0.012312,0.009086,23.40,10,-0.054689,0.550700,0.700585,0.000000,0.000000,0.000000,0.000000,0.000000,0.000000,nan,nan,nan,nan,nan,nan,OFF
1786690371583666394,2026-08-14T13:52:51.583686,prediction,-0.033396,0.288000,0.365945,-0.001684,0.260277,0.345831,True,0.003032,0.273340,0.335832,0.004716,0.013063,0.010000,20.81,10,-0.054689,0.550700,0.700585,0.000000,0.000000,0.000000,0.000000,0.000000,0.000000,nan,nan,nan,nan,nan,nan,OFF
1786690371609709615,2026-08-14T13:52:51.609726,prediction,-0.039351,0.293000,0.368249,-0.005426,0.263202,0.348914,True,-0.000221,0.277037,0.337943,0.005205,0.013835,0.010971,17.64,10,-0.054689,0.550700,0.700585,0.000000,0.000000,0.000000,0.000000,0.000000,0.000000,nan,nan,nan,nan,nan,nan,OFF
1786690371655273440,2026-08-14T13:52:51.655293,prediction,-0.041826,0.288000,0.371576,-0.009301,0.266400,0.351857,True,-0.003600,0.280970,0.339903,0.005702,0.014569,0.011954,25.24,10,-0.050632,0.555139,0.708430,0.000000,0.000000,0.000000,0.000000,0.000000,0.000000,nan,nan,nan,nan,nan,nan,OFF
1786690371679276717,2026-08-14T13:52:51.679305,prediction,-0.049184,0.316000,0.368667,-0.013667,0.269920,0.354413,True,-0.007352,0.285220,0.341510,0.006315,0.015300,0.012903,19.24,10,-0.050632,0.555139,0.708430,0.000000,0.000000,0.000000,0.000000,0.000000,0.000000,nan,nan,nan,nan,nan,nan,OFF
1786690371714420143,2026-08-14T13:52:51.714473,prediction,-0.049184,0.316000,0.371436,-0.017903,0.274731,0.357066,True,-0.011129,0.290575,0.343172,0.006774,0.015845,0.013894,20.56,10,-0.046432,0.559853,0.715991,0.000000,0.000000,0.000000,0.000000,0.000000,0.000000,nan,nan,nan,nan,nan,nan,OFF
1786690371746869009,2026-08-14T13:52:51.746888,prediction,-0.052189,0.320000,0.373776,-0.022308,0.278733,0.359521,True,-0.014954,0.295484,0.344623,0.007354,0.016752,0.014898,20.93,10,-0.041922,0.565143,0.722753,0.000000,0.000000,0.000000,0.000000,0.000000,0.000000,nan,nan,nan,nan,nan,nan,OFF
1786690371782008828,2026-08-14T13:52:51.782023,prediction,-0.058732,0.338000,0.371847,-0.026990,0.282787,0.361819,True,-0.018962,0.300338,0.345868,0.008028,0.017552,0.015951,20.66,10,-0.041922,0.565143,0.722753,0.000000,0.000000,0.000000,0.000000,0.000000,0.000000,nan,nan,nan,nan,nan,nan,OFF
1786690371813986407,2026-08-14T13:52:51.813999,prediction,-0.061459,0.338000,0.374579,-0.031918,0.287811,0.363861,True,-0.023221,0.305950,0.346896,0.008697,0.018139,0.016965,21.52,10,-0.036926,0.571210,0.728901,0.000000,0.000000,0.000000,0.000000,0.000000,0.000000,nan,nan,nan,nan,nan,nan,OFF
1786690371852468911,2026-08-14T13:52:51.852488,prediction,-0.067383,0.347000,0.373600,-0.036900,0.293029,0.365975,True,-0.027543,0.311868,0.347896,0.009357,0.018839,0.018079,25.24,10,-0.036926,0.571210,0.728901,0.000000,0.000000,0.000000,0.000000,0.000000,0.000000,nan,nan,nan,nan,nan,nan,OFF
1786690371884196343,2026-08-14T13:52:51.884214,prediction,-0.069641,0.338000,0.374579,-0.041548,0.298286,0.367501,True,-0.031639,0.317753,0.348528,0.009909,0.019467,0.018973,20.06,10,-0.031517,0.577798,0.734207,0.000000,0.000000,0.000000,0.000000,0.000000,0.000000,nan,nan,nan,nan,nan,nan,OFF
1786690371913200331,2026-08-14T13:52:51.913221,prediction,-0.071006,0.365000,0.371641,-0.045637,0.303284,0.368727,True,-0.035272,0.323297,0.348923,0.010365,0.020013,0.019803,19.58,10,-0.031517,0.577798,0.734207,0.000000,0.000000,0.000000,0.000000,0.000000,0.000000,nan,nan,nan,nan,nan,nan,OFF
1786690371943151131,2026-08-14T13:52:51.943173,prediction,-0.076135,0.360000,0.372185,-0.049712,0.309137,0.369585,True,-0.038855,0.329384,0.349068,0.010857,0.020247,0.020517,17.00,10,-0.031517,0.577798,0.734207,0.000000,0.000000,0.000000,0.000000,0.000000,0.000000,nan,nan,nan,nan,nan,nan,OFF
1786690371989560185,2026-08-14T13:52:51.989597,prediction,-0.079054,0.365000,0.374329,-0.053582,0.315214,0.370611,True,-0.042275,0.335724,0.349297,0.011306,0.020510,0.021314,23.09,10,-0.025778,0.584887,0.738244,0.000000,0.000000,0.000000,0.000000,0.000000,0.000000,nan,nan,nan,nan,nan,nan,OFF
1786690372013003526,2026-08-14T13:52:52.013054,prediction,-0.081913,0.369000,0.373887,-0.057215,0.321336,0.371295,True,-0.045506,0.342059,0.349362,0.011709,0.020723,0.021933,18.74,10,-0.025778,0.584887,0.738244,0.000000,0.000000,0.000000,0.000000,0.000000,0.000000,nan,nan,nan,nan,nan,nan,OFF
1786690372054093200,2026-08-14T13:52:52.054115,prediction,-0.087427,0.373000,0.376119,-0.061192,0.327147,0.372161,True,-0.048882,0.348167,0.349424,0.012310,0.021020,0.022737,25.93,10,-0.019957,0.592165,0.741910,0.000000,0.000000,0.000000,0.000000,0.000000,0.000000,nan,nan,nan,nan,nan,nan,OFF
1786690372086830183,2026-08-14T13:52:52.086851,prediction,-0.092916,0.377000,0.375671,-0.065160,0.332843,0.372809,True,-0.052272,0.354084,0.349339,0.012888,0.021241,0.023470,21.81,10,-0.014005,0.599875,0.744854,0.000000,0.000000,0.000000,0.000000,0.000000,0.000000,nan,nan,nan,nan,nan,nan,OFF
1786690372119154721,2026-08-14T13:52:52.119174,prediction,-0.093402,0.390000,0.374213,-0.068763,0.338729,0.373207,True,-0.055444,0.360025,0.349136,0.013319,0.021297,0.024071,22.64,10,-0.014005,0.599875,0.744854,0.000000,0.000000,0.000000,0.000000,0.000000,0.000000,nan,nan,nan,nan,nan,nan,OFF
1786690372150574507,2026-08-14T13:52:52.150595,prediction,-0.096329,0.398000,0.373316,-0.072397,0.345346,0.373323,True,-0.058662,0.366511,0.348763,0.013734,0.021166,0.024560,23.10,10,-0.008241,0.607649,0.747084,0.000000,0.000000,0.000000,0.000000,0.000000,0.000000,nan,nan,nan,nan,nan,nan,OFF
1786690372185711549,2026-08-14T13:52:52.185734,prediction,-0.098957,0.398000,0.373316,-0.075715,0.352269,0.373633,True,-0.061691,0.373319,0.348543,0.014024,0.021050,0.025090,23.90,10,-0.008241,0.607649,0.747084,0.000000,0.000000,0.000000,0.000000,0.000000,0.000000,nan,nan,nan,nan,nan,nan,OFF
1786690372218126419,2026-08-14T13:52:52.218145,prediction,-0.099128,0.403000,0.372755,-0.079045,0.358027,0.373721,True,-0.064624,0.379226,0.348146,0.014420,0.021199,0.025574,23.28,10,-0.002619,0.615601,0.748767,0.000000,0.000000,0.000000,0.000000,0.000000,0.000000,nan,nan,nan,nan,nan,nan,OFF
1786690372249033689,2026-08-14T13:52:52.249053,prediction,-0.101456,0.394000,0.371124,-0.082329,0.363552,0.373544,True,-0.067506,0.384710,0.347534,0.014823,0.021158,0.026010,22.09,10,-0.002619,0.615601,0.748767,0.000000,0.000000,0.000000,0.000000,0.000000,0.000000,nan,nan,nan,nan,nan,nan,OFF
1786690372285661649,2026-08-14T13:52:52.285684,prediction,-0.104368,0.403000,0.370130,-0.085372,0.369084,0.373430,True,-0.070208,0.390080,0.346952,0.015164,0.020996,0.026477,21.07,10,0.002971,0.623955,0.750027,0.000000,0.000000,0.000000,0.000000,0.000000,0.000000,nan,nan,nan,nan,nan,nan,OFF
1786690372317963143,2026-08-14T13:52:52.317990,prediction,-0.106988,0.403000,0.367505,-0.088407,0.373657,0.372958,True,-0.072830,0.394630,0.346104,0.015577,0.020974,0.026854,23.79,10,0.002971,0.623955,0.750027,0.000000,0.000000,0.000000,0.000000,0.000000,0.000000,nan,nan,nan,nan,nan,nan,OFF
1786690372353042545,2026-08-14T13:52:52.353063,prediction,-0.106988,0.403000,0.364880,-0.091047,0.378038,0.372377,True,-0.075175,0.398812,0.345195,0.015872,0.020774,0.027182,23.79,10,0.008274,0.632317,0.750873,0.000000,0.000000,0.000000,0.000000,0.000000,0.000000,nan,nan,nan,nan,nan,nan,OFF
1786690372381287527,2026-08-14T13:52:52.381304,prediction,-0.107570,0.423000,0.360144,-0.093576,0.382381,0.371414,True,-0.077425,0.402853,0.344060,0.016151,0.020472,0.027354,20.69,10,0.008274,0.632317,0.750873,0.000000,0.000000,0.000000,0.000000,0.000000,0.000000,nan,nan,nan,nan,nan,nan,OFF
1786690372415948493,2026-08-14T13:52:52.415980,prediction,-0.109828,0.411000,0.358798,-0.096164,0.386663,0.370558,True,-0.079692,0.406838,0.342927,0.016472,0.020175,0.027631,23.40,10,0.013381,0.640786,0.751369,0.000000,0.000000,0.000000,0.000000,0.000000,0.000000,nan,nan,nan,nan,nan,nan,OFF
1786690372444286402,2026-08-14T13:52:52.444302,prediction,-0.110157,0.423000,0.352368,-0.098432,0.390879,0.369237,True,-0.081793,0.410705,0.341577,0.016639,0.019825,0.027660,19.06,10,0.013381,0.640786,0.751369,0.000000,0.000000,0.000000,0.000000,0.000000,0.000000,nan,nan,nan,nan,nan,nan,OFF
1786690372475967023,2026-08-14T13:52:52.475985,prediction,-0.110157,0.423000,0.347184,-0.100506,0.394816,0.367427,True,-0.083764,0.414280,0.339905,0.016742,0.019464,0.027522,18.18,10,0.013381,0.640786,0.751369,0.000000,0.000000,0.000000,0.000000,0.000000,0.000000,nan,nan,nan,nan,nan,nan,OFF
1786690372513748169,2026-08-14T13:52:52.513796,prediction,-0.112951,0.431000,0.343826,-0.102575,0.398697,0.365423,True,-0.085728,0.417742,0.338044,0.016847,0.019046,0.027380,20.05,10,0.018365,0.649512,0.751418,0.000000,0.000000,0.000000,0.000000,0.000000,0.000000,nan,nan,nan,nan,nan,nan,OFF
1786690372548321909,2026-08-14T13:52:52.548341,prediction,-0.114848,0.403000,0.343879,-0.104403,0.402353,0.363274,True,-0.087547,0.420980,0.336097,0.016856,0.018628,0.027177,19.55,10,0.023263,0.658205,0.751313,0.000000,0.000000,0.000000,0.000000,0.000000,0.000000,nan,nan,nan,nan,nan,nan,OFF
1786690372582452505,2026-08-14T13:52:52.582473,prediction,-0.115042,0.411000,0.340515,-0.105878,0.405111,0.360930,True,-0.089083,0.423427,0.334053,0.016794,0.018317,0.026877,22.58,10,0.023263,0.658205,0.751313,0.000000,0.000000,0.000000,0.000000,0.000000,0.000000,nan,nan,nan,nan,nan,nan,OFF
1786690372615071023,2026-08-14T13:52:52.615088,prediction,-0.118279,0.439000,0.332799,-0.107536,0.407475,0.358169,True,-0.090706,0.425395,0.331681,0.016830,0.017919,0.026488,21.50,10,0.028087,0.666971,0.750861,0.000000,0.000000,0.000000,0.000000,0.000000,0.000000,nan,nan,nan,nan,nan,nan,OFF
1786690372649369639,2026-08-14T13:52:52.649396,prediction,-0.120756,0.435000,0.330583,-0.109165,0.410348,0.355320,True,-0.092382,0.427669,0.329219,0.016783,0.017321,0.026101,19.54,10,0.028087,0.666971,0.750861,0.000000,0.000000,0.000000,0.000000,0.000000,0.000000,nan,nan,nan,nan,nan,nan,OFF
1786690372681276973,2026-08-14T13:52:52.681293,prediction,-0.123401,0.439000,0.325102,-0.110794,0.413110,0.352106,True,-0.094107,0.429911,0.326510,0.016687,0.016801,0.025596,21.74,10,0.032893,0.675851,0.750014,0.000000,0.000000,0.000000,0.000000,0.000000,0.000000,nan,nan,nan,nan,nan,nan,OFF
1786690372714584352,2026-08-14T13:52:52.714601,prediction,-0.123689,0.454000,0.321300,-0.112432,0.415849,0.348676,True,-0.095880,0.432128,0.323610,0.016552,0.016279,0.025065,20.24,10,0.032893,0.675851,0.750014,0.000000,0.000000,0.000000,0.000000,0.000000,0.000000,nan,nan,nan,nan,nan,nan,OFF
1786690372751905422,2026-08-14T13:52:52.751924,prediction,-0.131197,0.447000,0.316772,-0.114415,0.419010,0.345052,True,-0.097942,0.434700,0.320499,0.016473,0.015690,0.024554,20.27,10,0.037533,0.684451,0.748743,0.000000,0.000000,0.000000,0.000000,0.000000,0.000000,nan,nan,nan,nan,nan,nan,OFF
1786690372790687553,2026-08-14T13:52:52.790703,prediction,-0.131297,0.454000,0.311137,-0.116210,0.422362,0.341119,True,-0.099991,0.437475,0.317187,0.016219,0.015113,0.023932,23.97,10,0.037533,0.684451,0.748743,0.000000,0.000000,0.000000,0.000000,0.000000,0.000000,nan,nan,nan,nan,nan,nan,OFF
1786690372815901194,2026-08-14T13:52:52.815917,prediction,-0.138802,0.443000,0.309411,-0.118331,0.425379,0.337246,True,-0.102235,0.440055,0.313792,0.016096,0.014676,0.023454,21.88,10,0.042259,0.693119,0.746908,0.000000,0.000000,0.000000,0.000000,0.000000,0.000000,nan,nan,nan,nan,nan,nan,OFF
1786690372853928208,2026-08-14T13:52:52.853945,prediction,-0.141441,0.454000,0.308596,-0.120628,0.428702,0.333494,True,-0.104650,0.442861,0.310443,0.015978,0.014159,0.023051,22.97,10,0.042259,0.693119,0.746908,0.000000,0.000000,0.000000,0.000000,0.000000,0.000000,nan,nan,nan,nan,nan,nan,OFF
1786690372883556583,2026-08-14T13:52:52.883574,prediction,-0.141387,0.447000,0.306562,-0.122882,0.431714,0.329922,True,-0.107042,0.445472,0.307228,0.015840,0.013758,0.022694,20.65,10,0.047026,0.701666,0.744439,0.000000,0.000000,0.000000,0.000000,0.000000,0.000000,nan,nan,nan,nan,nan,nan,OFF
1786690372917865328,2026-08-14T13:52:52.917916,prediction,-0.143935,0.447000,0.304010,-0.125156,0.434236,0.326270,True,-0.109420,0.447647,0.303976,0.015736,0.013411,0.022294,21.03,10,0.047026,0.701666,0.744439,0.000000,0.000000,0.000000,0.000000,0.000000,0.000000,nan,nan,nan,nan,nan,nan,OFF
1786690372955049718,2026-08-14T13:52:52.955067,prediction,-0.143911,0.443000,0.301734,-0.127406,0.436021,0.322894,True,-0.111712,0.449156,0.300882,0.015694,0.013136,0.022012,23.36,10,0.051761,0.709882,0.741336,0.000000,0.000000,0.000000,0.000000,0.000000,0.000000,nan,nan,nan,nan,nan,nan,OFF
1786690372983905432,2026-08-14T13:52:52.983922,prediction,-0.144025,0.462000,0.297892,-0.129664,0.437657,0.319608,True,-0.113974,0.450424,0.297881,0.015690,0.012766,0.021727,20.53,10,0.051761,0.709882,0.741336,0.000000,0.000000,0.000000,0.000000,0.000000,0.000000,nan,nan,nan,nan,nan,nan,OFF
1786690373021289651,2026-08-14T13:52:53.021306,prediction,-0.146482,0.447000,0.296352,-0.131899,0.439265,0.316443,True,-0.116198,0.451638,0.294983,0.015701,0.012373,0.021460,21.88,10,0.056471,0.717697,0.737608,0.000000,0.000000,0.000000,0.000000,0.000000,0.000000,nan,nan,nan,nan,nan,nan,OFF
1786690373051649638,2026-08-14T13:52:53.051666,prediction,-0.149038,0.450000,0.293607,-0.134179,0.441026,0.313091,True,-0.118459,0.452980,0.291971,0.015720,0.011954,0.021120,21.23,10,0.056471,0.717697,0.737608,0.000000,0.000000,0.000000,0.000000,0.000000,0.000000,nan,nan,nan,nan,nan,nan,OFF
1786690373085803667,2026-08-14T13:52:53.085820,prediction,-0.149101,0.473000,0.289621,-0.136449,0.443459,0.309699,True,-0.120760,0.454905,0.288914,0.015689,0.011446,0.020784,21.98,10,0.061333,0.725280,0.733150,0.000000,0.000000,0.000000,0.000000,0.000000,0.000000,nan,nan,nan,nan,nan,nan,OFF
1786690373121720502,2026-08-14T13:52:53.121740,prediction,-0.149082,0.466000,0.285017,-0.138503,0.446878,0.306513,True,-0.122965,0.457756,0.286041,0.015537,0.010878,0.020472,21.03,10,0.061333,0.725280,0.733150,0.000000,0.000000,0.000000,0.000000,0.000000,0.000000,nan,nan,nan,nan,nan,nan,OFF
1786690373150796734,2026-08-14T13:52:53.150815,prediction,-0.149038,0.450000,0.283417,-0.140388,0.449216,0.303369,True,-0.124966,0.459931,0.283220,0.015422,0.010715,0.020149,20.33,10,0.066245,0.732357,0.728118,0.000000,0.000000,0.000000,0.000000,0.000000,0.000000,nan,nan,nan,nan,nan,nan,OFF
1786690373191388689,2026-08-14T13:52:53.191416,prediction,-0.149060,0.458000,0.282956,-0.142099,0.450697,0.300559,True,-0.126729,0.461280,0.280637,0.015370,0.010583,0.019922,28.27,10,0.066245,0.732357,0.728118,0.000000,0.000000,0.000000,0.000000,0.000000,0.000000,nan,nan,nan,nan,nan,nan,OFF
1786690373226869023,2026-08-14T13:52:53.226886,prediction,-0.149060,0.458000,0.277888,-0.143790,0.452006,0.297665,True,-0.128423,0.462321,0.278042,0.015367,0.010315,0.019623,26.13,10,0.071224,0.739027,0.722588,0.000000,0.000000,0.000000,0.000000,0.000000,0.000000,nan,nan,nan,nan,nan,nan,OFF
1786690373251685336,2026-08-14T13:52:53.251714,prediction,-0.149071,0.462000,0.275143,-0.144982,0.452855,0.294890,True,-0.129742,0.462917,0.275591,0.015240,0.010063,0.019299,20.68,10,0.071224,0.739027,0.722588,0.000000,0.000000,0.000000,0.000000,0.000000,0.000000,nan,nan,nan,nan,nan,nan,OFF
1786690373282388166,2026-08-14T13:52:53.282412,prediction,-0.149082,0.466000,0.269890,-0.146168,0.453451,0.292140,True,-0.130965,0.463235,0.273175,0.015202,0.009784,0.018965,20.38,10,0.076264,0.745343,0.716649,0.000000,0.000000,0.000000,0.000000,0.000000,0.000000,nan,nan,nan,nan,nan,nan,OFF
1786690373315619087,2026-08-14T13:52:53.315673,prediction,-0.149038,0.450000,0.268132,-0.146850,0.454370,0.289388,True,-0.131869,0.463750,0.270851,0.014981,0.009380,0.018537,21.85,10,0.076264,0.745343,0.716649,0.000000,0.000000,0.000000,0.000000,0.000000,0.000000,nan,nan,nan,nan,nan,nan,OFF
1786690373354751484,2026-08-14T13:52:53.354772,prediction,-0.149071,0.462000,0.262505,-0.147359,0.454981,0.286315,True,-0.132605,0.464059,0.268328,0.014753,0.009078,0.017987,25.87,10,0.081314,0.751274,0.710402,0.000000,0.000000,0.000000,0.000000,0.000000,0.000000,nan,nan,nan,nan,nan,nan,OFF
1786690373381908052,2026-08-14T13:52:53.381922,prediction,-0.149101,0.473000,0.259507,-0.147873,0.455903,0.283178,True,-0.133343,0.464598,0.265705,0.014530,0.008695,0.017474,20.84,10,0.081314,0.751274,0.710402,0.000000,0.000000,0.000000,0.000000,0.000000,0.000000,nan,nan,nan,nan,nan,nan,OFF
1786690373414852158,2026-08-14T13:52:53.414870,prediction,-0.151606,0.473000,0.256997,-0.148384,0.457474,0.280044,True,-0.134126,0.465733,0.263061,0.014259,0.008259,0.016983,21.82,10,0.086349,0.756822,0.703833,0.000000,0.000000,0.000000,0.000000,0.000000,0.000000,nan,nan,nan,nan,nan,nan,OFF
1786690373455873540,2026-08-14T13:52:53.455893,prediction,-0.154112,0.470000,0.254606,-0.149064,0.459175,0.276902,True,-0.135043,0.467127,0.260374,0.014021,0.007952,0.016528,26.45,10,0.086349,0.756822,0.703833,0.000000,0.000000,0.000000,0.000000,0.000000,0.000000,nan,nan,nan,nan,nan,nan,OFF
1786690373487139872,2026-08-14T13:52:53.487162,prediction,-0.154110,0.473000,0.251978,-0.149737,0.460902,0.273841,True,-0.135985,0.468605,0.257729,0.013752,0.007703,0.016112,21.79,10,0.091374,0.762014,0.696841,0.000000,0.000000,0.000000,0.000000,0.000000,0.000000,nan,nan,nan,nan,nan,nan,OFF
1786690373519683826,2026-08-14T13:52:53.519701,prediction,-0.154116,0.462000,0.247339,-0.150246,0.462474,0.270574,True,-0.136837,0.469962,0.254965,0.013408,0.007488,0.015609,24.16,10,0.091374,0.762014,0.696841,0.000000,0.000000,0.000000,0.000000,0.000000,0.000000,nan,nan,nan,nan,nan,nan,OFF
1786690373550993441,2026-08-14T13:52:53.551019,prediction,-0.154108,0.477000,0.246821,-0.150584,0.464015,0.267454,True,-0.137557,0.471264,0.252297,0.013027,0.007249,0.015157,18.43,10,0.096219,0.766811,0.689552,0.000000,0.000000,0.000000,0.000000,0.000000,0.000000,nan,nan,nan,nan,nan,nan,OFF
1786690373581804996,2026-08-14T13:52:53.581826,prediction,-0.154114,0.466000,0.242158,-0.150918,0.465176,0.264290,True,-0.138233,0.472246,0.249608,0.012685,0.007070,0.014683,19.71,10,0.096219,0.766811,0.689552,0.000000,0.000000,0.000000,0.000000,0.000000,0.000000,nan,nan,nan,nan,nan,nan,OFF
1786690373614036566,2026-08-14T13:52:53.614052,prediction,-0.154116,0.462000,0.239756,-0.151254,0.465409,0.261273,True,-0.138839,0.472406,0.246995,0.012414,0.006998,0.014278,18.81,10,0.100679,0.771240,0.682116,0.000000,0.000000,0.000000,0.000000,0.000000,0.000000,nan,nan,nan,nan,nan,nan,OFF
1786690373652342349,2026-08-14T13:52:53.652395,prediction,-0.154102,0.488000,0.236503,-0.151591,0.465455,0.258145,True,-0.139427,0.472246,0.244312,0.012164,0.006791,0.013833,21.35,10,0.100679,0.771240,0.682116,0.000000,0.000000,0.000000,0.000000,0.000000,0.000000,nan,nan,nan,nan,nan,nan,OFF
1786690373688713769,2026-08-14T13:52:53.688734,prediction,-0.156573,0.492000,0.231435,-0.152092,0.467064,0.254711,True,-0.140232,0.473322,0.241390,0.011860,0.006258,0.013320,23.12,10,0.104410,0.775028,0.674976,0.000000,0.000000,0.000000,0.000000,0.000000,0.000000,nan,nan,nan,nan,nan,nan,OFF
1786690373712119367,2026-08-14T13:52:53.712135,prediction,-0.156564,0.496000,0.231337,-0.152592,0.469200,0.251607,True,-0.141091,0.475113,0.238657,0.011502,0.005913,0.012951,17.53,10,0.104410,0.775028,0.674976,0.000000,0.000000,0.000000,0.000000,0.000000,0.000000,nan,nan,nan,nan,nan,nan,OFF
1786690373756762274,2026-08-14T13:52:53.756781,prediction,-0.156573,0.492000,0.228957,-0.153092,0.471440,0.248528,True,-0.141961,0.477148,0.235979,0.011131,0.005708,0.012549,24.43,10,0.107441,0.778056,0.668109,0.000000,0.000000,0.000000,0.000000,0.000000,0.000000,nan,nan,nan,nan,nan,nan,OFF
1786690373784351906,2026-08-14T13:52:53.784371,prediction,-0.156582,0.488000,0.226564,-0.153592,0.473488,0.245640,True,-0.142808,0.479078,0.233444,0.010785,0.005590,0.012195,21.75,10,0.107441,0.778056,0.668109,0.000000,0.000000,0.000000,0.000000,0.000000,0.000000,nan,nan,nan,nan,nan,nan,OFF
1786690373824591009,2026-08-14T13:52:53.824612,prediction,-0.159004,0.503000,0.221325,-0.154257,0.475498,0.242519,True,-0.143768,0.480954,0.230744,0.010488,0.005456,0.011775,24.81,10,0.109822,0.780537,0.661728,0.000000,0.000000,0.000000,0.000000,0.000000,0.000000,nan,nan,nan,nan,nan,nan,OFF
1786690373857028521,2026-08-14T13:52:53.857045,prediction,-0.159073,0.485000,0.219159,-0.154924,0.477286,0.239629,True,-0.144722,0.482634,0.228165,0.010202,0.005348,0.011465,26.47,10,0.109822,0.780537,0.661728,0.000000,0.000000,0.000000,0.000000,0.000000,0.000000,nan,nan,nan,nan,nan,nan,OFF
1786690373892181071,2026-08-14T13:52:53.892198,prediction,-0.161481,0.499000,0.218930,-0.155749,0.479617,0.236924,True,-0.145797,0.484731,0.225736,0.009952,0.005113,0.011188,27.53,10,0.111881,0.782993,0.655530,0.000000,0.000000,0.000000,0.000000,0.000000,0.000000,nan,nan,nan,nan,nan,nan,OFF
1786690373917377407,2026-08-14T13:52:53.917403,prediction,-0.161542,0.488000,0.216625,-0.156411,0.480883,0.234233,True,-0.146717,0.486022,0.223348,0.009695,0.005139,0.010885,21.25,10,0.111881,0.782993,0.655530,0.000000,0.000000,0.000000,0.000000,0.000000,0.000000,nan,nan,nan,nan,nan,nan,OFF
1786690373948890689,2026-08-14T13:52:53.948907,prediction,-0.161580,0.481000,0.214232,-0.156909,0.481937,0.231541,True,-0.147472,0.486958,0.220975,0.009437,0.005021,0.010566,20.95,10,0.113763,0.785599,0.649673,0.000000,0.000000,0.000000,0.000000,0.000000,0.000000,nan,nan,nan,nan,nan,nan,OFF
1786690373991991831,2026-08-14T13:52:53.992010,prediction,-0.163964,0.496000,0.214036,-0.157566,0.482947,0.229012,True,-0.148288,0.487800,0.218700,0.009278,0.004853,0.010311,27.67,10,0.113763,0.785599,0.649673,0.000000,0.000000,0.000000,0.000000,0.000000,0.000000,nan,nan,nan,nan,nan,nan,OFF
1786690374029661602,2026-08-14T13:52:54.029679,prediction,-0.163893,0.506000,0.211451,-0.158875,0.486081,0.224269,True,-0.149137,0.489120,0.216557,0.009739,0.003040,0.007712,28.17,10,0.115533,0.788318,0.644096,0.000000,0.000000,0.000000,0.000000,0.000000,0.000000,nan,nan,nan,nan,nan,nan,OFF
1786690374050300201,2026-08-14T13:52:54.050336,prediction,-0.163893,0.506000,0.211451,-0.158875,0.486081,0.224269,True,-0.149980,0.490518,0.214456,0.008895,0.004438,0.009813,19.66,10,0.115533,0.788318,0.644096,0.000000,0.000000,0.000000,0.000000,0.000000,0.000000,nan,nan,nan,nan,nan,nan,OFF
1786690374091671608,2026-08-14T13:52:54.091713,prediction,-0.163893,0.506000,0.208996,-0.159527,0.488523,0.222058,True,-0.150856,0.492690,0.212480,0.008671,0.004167,0.009578,26.34,10,0.117273,0.791016,0.638692,0.000000,0.000000,0.000000,0.000000,0.000000,0.000000,nan,nan,nan,nan,nan,nan,OFF
1786690374131649592,2026-08-14T13:52:54.131702,prediction,-0.163893,0.506000,0.206541,-0.160833,0.493802,0.218012,True,-0.151735,0.495178,0.210649,0.009098,0.001376,0.007363,28.39,10,0.117273,0.791016,0.638692,0.000000,0.000000,0.000000,0.000000,0.000000,0.000000,nan,nan,nan,nan,nan,nan,OFF
1786690374160694403,2026-08-14T13:52:54.160714,prediction,-0.163893,0.506000,0.206541,-0.160833,0.493802,0.218012,True,-0.152607,0.497759,0.208879,0.008226,0.003956,0.009133,26.04,10,0.119030,0.793735,0.633514,0.000000,0.000000,0.000000,0.000000,0.000000,0.000000,nan,nan,nan,nan,nan,nan,OFF
1786690374194274438,2026-08-14T13:52:54.194336,prediction,-0.166369,0.503000,0.206565,-0.161486,0.495134,0.216354,True,-0.153383,0.499246,0.207353,0.008103,0.004112,0.009001,20.93,10,0.119030,0.793735,0.633514,0.000000,0.000000,0.000000,0.000000,0.000000,0.000000,nan,nan,nan,nan,nan,nan,OFF
1786690374233652410,2026-08-14T13:52:54.233669,prediction,-0.166273,0.514000,0.206477,-0.162133,0.496147,0.214697,True,-0.154115,0.500236,0.205873,0.008018,0.004089,0.008824,23.65,10,0.120816,0.796812,0.628653,0.000000,0.000000,0.000000,0.000000,0.000000,0.000000,nan,nan,nan,nan,nan,nan,OFF
1786690374267483112,2026-08-14T13:52:54.267502,prediction,-0.166405,0.499000,0.206598,-0.162789,0.496936,0.213206,True,-0.154821,0.500942,0.204517,0.007967,0.004006,0.008689,24.35,10,0.120816,0.796812,0.628653,0.000000,0.000000,0.000000,0.000000,0.000000,0.000000,nan,nan,nan,nan,nan,nan,OFF
1786690374279533081,2026-08-14T13:52:54.279551,prediction,-0.166369,0.503000,0.204106,-0.163441,0.497681,0.211709,True,-0.154821,0.500942,0.204517,0.008620,0.003261,0.007192,0.00,10,0.120816,0.796812,0.628653,0.000000,0.000000,0.000000,0.000000,0.000000,0.000000,nan,nan,nan,nan,nan,nan,OFF
1786690374313940110,2026-08-14T13:52:54.313962,prediction,-0.166369,0.503000,0.204106,-0.163932,0.498416,0.210561,True,-0.154821,0.500942,0.204517,0.009111,0.002526,0.006044,0.00,10,0.122595,0.800196,0.624119,0.000000,0.000000,0.000000,0.000000,0.000000,0.000000,nan,nan,nan,nan,nan,nan,OFF
1786690374347720497,2026-08-14T13:52:54.347740,prediction,-0.166405,0.499000,0.201665,-0.164421,0.499363,0.209395,True,-0.154821,0.500942,0.204517,0.009599,0.001579,0.004877,0.00,10,0.122595,0.800196,0.624119,0.000000,0.000000,0.000000,0.000000,0.000000,0.000000,nan,nan,nan,nan,nan,nan,OFF
1786690374392362570,2026-08-14T13:52:54.392422,prediction,-0.168866,0.499000,0.201665,-0.164913,0.499553,0.208244,True,-0.154821,0.500942,0.204517,0.010092,0.001389,0.003726,0.00,10,0.125084,0.805418,0.618245,0.000000,0.000000,0.000000,0.000000,0.000000,0.000000,nan,nan,nan,nan,nan,nan,OFF
1786690374440910859,2026-08-14T13:52:54.440970,prediction,-0.168793,0.506000,0.201631,-0.165397,0.500177,0.207244,True,-0.154821,0.500942,0.204517,0.010575,0.000765,0.002727,0.00,10,0.127360,0.810509,0.613170,0.000000,0.000000,0.000000,0.000000,0.000000,0.000000,nan,nan,nan,nan,nan,nan,OFF
1786690374469238806,2026-08-14T13:52:54.469260,prediction,-0.168866,0.499000,0.199198,-0.165883,0.500889,0.206242,True,-0.154821,0.500942,0.204517,0.011061,0.000053,0.001724,0.00,10,0.127360,0.810509,0.613170,0.000000,0.000000,0.000000,0.000000,0.000000,0.000000,nan,nan,nan,nan,nan,nan,OFF
1786690374507562321,2026-08-14T13:52:54.507577,prediction,-0.168825,0.503000,0.199186,-0.166207,0.501831,0.205252,True,-0.154821,0.500942,0.204517,0.011385,0.000889,0.000734,0.00,10,0.128943,0.814047,0.609641,0.000000,0.000000,0.000000,0.000000,0.000000,0.000000,nan,nan,nan,nan,nan,nan,OFF
1786690374539183046,2026-08-14T13:52:54.539198,prediction,-0.171280,0.503000,0.199186,-0.166694,0.502393,0.204426,True,-0.154821,0.500942,0.204517,0.011873,0.001451,0.000091,0.00,10,0.128943,0.814047,0.609641,0.000000,0.000000,0.000000,0.000000,0.000000,0.000000,nan,nan,nan,nan,nan,nan,OFF
1786690374567465386,2026-08-14T13:52:54.567517,prediction,-0.171244,0.506000,0.196721,-0.167184,0.502879,0.203444,True,-0.154821,0.500942,0.204517,0.012363,0.001937,0.001073,0.00,10,0.128920,0.813997,0.609692,0.000000,0.000000,0.000000,0.000000,0.000000,0.000000,nan,nan,nan,nan,nan,nan,OFF
1786690374593976033,2026-08-14T13:52:54.593990,prediction,-0.173694,0.506000,0.194266,-0.167838,0.502976,0.202462,True,-0.154821,0.500942,0.204517,0.013016,0.002034,0.002055,0.00,10,0.128920,0.813997,0.609692,0.000000,0.000000,0.000000,0.000000,0.000000,0.000000,nan,nan,nan,nan,nan,nan,OFF
1786690374629428682,2026-08-14T13:52:54.629442,prediction,-0.173543,0.517000,0.194269,-0.168480,0.502995,0.201479,True,-0.154821,0.500942,0.204517,0.013658,0.002053,0.003039,0.00,10,0.128920,0.813997,0.609692,0.000000,0.000000,0.000000,0.000000,0.000000,0.000000,nan,nan,nan,nan,nan,nan,OFF
1786690374661944020,2026-08-14T13:52:54.661956,prediction,-0.173831,0.496000,0.194264,-0.169142,0.502999,0.200660,True,-0.154821,0.500942,0.204517,0.014321,0.002057,0.003857,0.00,10,0.128920,0.813997,0.609692,0.000000,0.000000,0.000000,0.000000,0.000000,0.000000,nan,nan,nan,nan,nan,nan,OFF
1786690374696127925,2026-08-14T13:52:54.696141,prediction,-0.173831,0.496000,0.194264,-0.169640,0.502627,0.199840,True,-0.154821,0.500942,0.204517,0.014818,0.001685,0.004677,0.00,10,0.128920,0.813997,0.609692,0.000000,0.000000,0.000000,0.000000,0.000000,0.000000,nan,nan,nan,nan,nan,nan,OFF
1786690374729020180,2026-08-14T13:52:54.729037,prediction,-0.173735,0.503000,0.194266,-0.170137,0.502019,0.199026,True,-0.154821,0.500942,0.204517,0.015316,0.001077,0.005491,0.00,10,0.128920,0.813997,0.609692,0.000000,0.000000,0.000000,0.000000,0.000000,0.000000,nan,nan,nan,nan,nan,nan,OFF
1786690374763805670,2026-08-14T13:52:54.763822,prediction,-0.173886,0.492000,0.194264,-0.170636,0.501524,0.198204,True,-0.154821,0.500942,0.204517,0.015814,0.000582,0.006313,0.00,10,0.128920,0.813997,0.609692,0.000000,0.000000,0.000000,0.000000,0.000000,0.000000,nan,nan,nan,nan,nan,nan,OFF
1786690374795648869,2026-08-14T13:52:54.795672,prediction,-0.173941,0.488000,0.194263,-0.171141,0.500838,0.197548,True,-0.154821,0.500942,0.204517,0.016319,0.000104,0.006970,0.00,10,0.128920,0.813997,0.609692,0.000000,0.000000,0.000000,0.000000,0.000000,0.000000,nan,nan,nan,nan,nan,nan,OFF
1786690374825183823,2026-08-14T13:52:54.825199,prediction,-0.173886,0.492000,0.191785,-0.171642,0.500114,0.196726,True,-0.154821,0.500942,0.204517,0.016820,0.000828,0.007791,0.00,10,0.128920,0.813997,0.609692,0.000000,0.000000,0.000000,0.000000,0.000000,0.000000,nan,nan,nan,nan,nan,nan,OFF
1786690374861480118,2026-08-14T13:52:54.861505,prediction,-0.173694,0.506000,0.189356,-0.172128,0.499383,0.195906,True,-0.154821,0.500942,0.204517,0.017306,0.001559,0.008612,0.00,10,0.128920,0.813997,0.609692,0.000000,0.000000,0.000000,0.000000,0.000000,0.000000,nan,nan,nan,nan,nan,nan,OFF
1786690374956632536,2026-08-14T13:52:54.956649,prediction,-0.173941,0.488000,0.184324,-0.172796,0.499677,0.193931,True,-0.162413,0.502393,0.190325,0.010383,0.002717,0.003606,22.82,1,0.128920,0.813997,0.609692,0.000000,0.000000,0.000000,0.000000,0.000000,0.000000,nan,nan,nan,nan,nan,nan,OFF
1786690374986240870,2026-08-14T13:52:54.986264,prediction,-0.173735,0.503000,0.184426,-0.173120,0.499935,0.192946,True,-0.164214,0.502916,0.186702,0.008906,0.002981,0.006244,23.02,2,0.128920,0.813997,0.609692,0.000000,0.000000,0.000000,0.000000,0.000000,0.000000,nan,nan,nan,nan,nan,nan,OFF
1786690375012113492,2026-08-14T13:52:55.012132,prediction,-0.173790,0.499000,0.179466,-0.173451,0.499774,0.191631,True,-0.164852,0.502902,0.184904,0.008599,0.003128,0.006727,17.43,3,0.128920,0.813997,0.609692,0.000000,0.000000,0.000000,0.000000,0.000000,0.000000,nan,nan,nan,nan,nan,nan,OFF
1786690375049159604,2026-08-14T13:52:55.049177,prediction,-0.176082,0.510000,0.179577,-0.173771,0.499741,0.190324,True,-0.165255,0.502882,0.183465,0.008516,0.003141,0.006859,19.31,4,0.128920,0.813997,0.609692,0.000000,0.000000,0.000000,0.000000,0.000000,0.000000,nan,nan,nan,nan,nan,nan,OFF
1786690375083051631,2026-08-14T13:52:55.083069,prediction,-0.176190,0.503000,0.177046,-0.174101,0.499735,0.189012,True,-0.165619,0.502883,0.182097,0.008483,0.003148,0.006915,18.51,5,0.128920,0.813997,0.609692,0.000000,0.000000,0.000000,0.000000,0.000000,0.000000,nan,nan,nan,nan,nan,nan,OFF
1786690375118836852,2026-08-14T13:52:55.118856,prediction,-0.176144,0.506000,0.174627,-0.174264,0.499734,0.187703,True,-0.165858,0.502881,0.180775,0.008406,0.003148,0.006928,20.96,6,0.128920,0.813997,0.609692,0.000000,0.000000,0.000000,0.000000,0.000000,0.000000,nan,nan,nan,nan,nan,nan,OFF
1786690375149737805,2026-08-14T13:52:55.149755,prediction,-0.176190,0.503000,0.172126,-0.174441,0.499573,0.186227,True,-0.166077,0.502745,0.179347,0.008364,0.003172,0.006880,19.01,7,0.128399,0.812197,0.610865,0.000000,0.000000,0.000000,0.000000,0.000000,0.000000,nan,nan,nan,nan,nan,nan,OFF
1786690375162809178,2026-08-14T13:52:55.162824,prediction,-0.176082,0.510000,0.169784,-0.174591,0.499541,0.184595,True,-0.166077,0.502745,0.179347,0.008514,0.003204,0.005248,0.00,8,0.128399,0.812197,0.610865,0.000000,0.000000,0.000000,0.000000,0.000000,0.000000,nan,nan,nan,nan,nan,nan,OFF
1786690375201918186,2026-08-14T13:52:55.201966,prediction,-0.175867,0.524000,0.165167,-0.174727,0.500282,0.182655,True,-0.166077,0.502745,0.179347,0.008650,0.002464,0.003308,0.00,9,0.128399,0.812197,0.610865,0.000000,0.000000,0.000000,0.000000,0.000000,0.000000,nan,nan,nan,nan,nan,nan,OFF
1786690375230391178,2026-08-14T13:52:55.230416,prediction,-0.175867,0.524000,0.162742,-0.174869,0.501923,0.180553,True,-0.166077,0.502745,0.179347,0.008792,0.000822,0.001206,0.00,10,0.129548,0.811183,0.610818,0.000000,0.000000,0.000000,0.000000,0.000000,0.000000,nan,nan,nan,nan,nan,nan,OFF
1786690375264466574,2026-08-14T13:52:55.264482,prediction,-0.175867,0.524000,0.160317,-0.175001,0.503745,0.178290,True,-0.166077,0.502745,0.179347,0.008924,0.000999,0.001057,0.00,10,0.129548,0.811183,0.610818,0.000000,0.000000,0.000000,0.000000,0.000000,0.000000,nan,nan,nan,nan,nan,nan,OFF
1786690375296213337,2026-08-14T13:52:55.296231,prediction,-0.176021,0.514000,0.157642,-0.175140,0.505816,0.175849,True,-0.166077,0.502745,0.179347,0.009062,0.003070,0.003498,0.00,10,0.131732,0.811216,0.609066,0.000000,0.000000,0.000000,0.000000,0.000000,0.000000,nan,nan,nan,nan,nan,nan,OFF
1786690375331486604,2026-08-14T13:52:55.331500,prediction,-0.175867,0.524000,0.155466,-0.175272,0.507936,0.173427,True,-0.166077,0.502745,0.179347,0.009194,0.005191,0.005919,0.00,10,0.131732,0.811216,0.609066,0.000000,0.000000,0.000000,0.000000,0.000000,0.000000,nan,nan,nan,nan,nan,nan,OFF
1786690375367855155,2026-08-14T13:52:55.367869,prediction,-0.176082,0.510000,0.155093,-0.175431,0.509534,0.171143,True,-0.166077,0.502745,0.179347,0.009354,0.006789,0.008204,0.00,10,0.134359,0.812000,0.605275,0.000000,0.000000,0.000000,0.000000,0.000000,0.000000,nan,nan,nan,nan,nan,nan,OFF
1786690375402350070,2026-08-14T13:52:55.402367,prediction,-0.176144,0.506000,0.152532,-0.175591,0.510227,0.168689,True,-0.166077,0.502745,0.179347,0.009514,0.007482,0.010658,0.00,10,0.134359,0.812000,0.605275,0.000000,0.000000,0.000000,0.000000,0.000000,0.000000,nan,nan,nan,nan,nan,nan,OFF
1786690375432872914,2026-08-14T13:52:55.432891,prediction,-0.178100,0.535000,0.153352,-0.175869,0.510739,0.166624,True,-0.166077,0.502745,0.179347,0.009791,0.007994,0.012723,0.00,10,0.136976,0.813186,0.599322,0.000000,0.000000,0.000000,0.000000,0.000000,0.000000,nan,nan,nan,nan,nan,nan,OFF
1786690375467315308,2026-08-14T13:52:55.467332,prediction,-0.178407,0.517000,0.150406,-0.176180,0.511588,0.164356,True,-0.166077,0.502745,0.179347,0.010103,0.008843,0.014991,0.00,10,0.136976,0.813186,0.599322,0.000000,0.000000,0.000000,0.000000,0.000000,0.000000,nan,nan,nan,nan,nan,nan,OFF
1786690375499322367,2026-08-14T13:52:55.499336,prediction,-0.178339,0.521000,0.150526,-0.176483,0.512931,0.162427,True,-0.166077,0.502745,0.179347,0.010406,0.010186,0.016920,0.00,10,0.138702,0.814596,0.591339,0.000000,0.000000,0.000000,0.000000,0.000000,0.000000,nan,nan,nan,nan,nan,nan,OFF
1786690375529476028,2026-08-14T13:52:55.529489,prediction,-0.178407,0.517000,0.150406,-0.176638,0.513946,0.160482,True,-0.166077,0.502745,0.179347,0.010561,0.011201,0.018865,0.00,10,0.138702,0.814596,0.591339,0.000000,0.000000,0.000000,0.000000,0.000000,0.000000,nan,nan,nan,nan,nan,nan,OFF
1786690375621728471,2026-08-14T13:52:55.621743,prediction,-0.178287,0.524000,0.148190,-0.176929,0.515673,0.156781,True,-0.169962,0.515001,0.163347,0.006967,0.000672,0.006566,23.79,1,0.140753,0.816272,0.581851,0.000000,0.000000,0.000000,0.000000,0.000000,0.000000,nan,nan,nan,nan,nan,nan,OFF
1786690375658515328,2026-08-14T13:52:55.658535,prediction,-0.178458,0.514000,0.147875,-0.177080,0.516575,0.155164,True,-0.170950,0.518233,0.153405,0.006130,0.001659,0.001760,20.64,2,0.140753,0.816272,0.581851,0.000000,0.000000,0.000000,0.000000,0.000000,0.000000,nan,nan,nan,nan,nan,nan,OFF
1786690375689883361,2026-08-14T13:52:55.689905,prediction,-0.178458,0.514000,0.147875,-0.177238,0.517182,0.153704,True,-0.171340,0.519413,0.150203,0.005899,0.002232,0.003501,20.50,3,0.140176,0.815800,0.584522,0.000000,0.000000,0.000000,0.000000,0.000000,0.000000,nan,nan,nan,nan,nan,nan,OFF
1786690375720264084,2026-08-14T13:52:55.720283,prediction,-0.178339,0.521000,0.148096,-0.177403,0.517516,0.152566,True,-0.171585,0.519941,0.148598,0.005819,0.002424,0.003968,21.01,4,0.140176,0.815800,0.584522,0.000000,0.000000,0.000000,0.000000,0.000000,0.000000,nan,nan,nan,nan,nan,nan,OFF
1786690375751655050,2026-08-14T13:52:55.751674,prediction,-0.178407,0.517000,0.147969,-0.177573,0.517210,0.151581,True,-0.171758,0.519783,0.147447,0.005814,0.002573,0.004134,19.17,5,0.140176,0.815800,0.584522,0.000000,0.000000,0.000000,0.000000,0.000000,0.000000,nan,nan,nan,nan,nan,nan,OFF
1786690375785604437,2026-08-14T13:52:55.785625,prediction,-0.178339,0.521000,0.148096,-0.177737,0.516989,0.150766,True,-0.171913,0.519548,0.146547,0.005824,0.002559,0.004219,19.85,6,0.140176,0.815800,0.584522,0.000000,0.000000,0.000000,0.000000,0.000000,0.000000,nan,nan,nan,nan,nan,nan,OFF
1786690375816831040,2026-08-14T13:52:55.816849,prediction,-0.178339,0.521000,0.148096,-0.177892,0.516784,0.150130,True,-0.172053,0.519313,0.145867,0.005839,0.002528,0.004263,19.31,7,0.138906,0.814540,0.585791,0.000000,0.000000,0.000000,0.000000,0.000000,0.000000,nan,nan,nan,nan,nan,nan,OFF
1786690375834163043,2026-08-14T13:52:55.834177,prediction,-0.178458,0.514000,0.147875,-0.178065,0.516584,0.149624,True,-0.172053,0.519313,0.145867,0.006012,0.002729,0.003757,0.00,8,0.138906,0.814540,0.585791,0.000000,0.000000,0.000000,0.000000,0.000000,0.000000,nan,nan,nan,nan,nan,nan,OFF
1786690375866963663,2026-08-14T13:52:55.866978,prediction,-0.178219,0.528000,0.148317,-0.178207,0.516917,0.149172,True,-0.172053,0.519313,0.145867,0.006154,0.002396,0.003305,0.00,9,0.138906,0.814540,0.585791,0.000000,0.000000,0.000000,0.000000,0.000000,0.000000,nan,nan,nan,nan,nan,nan,OFF
1786690375899023241,2026-08-14T13:52:55.899036,prediction,-0.178339,0.521000,0.148096,-0.178353,0.517570,0.148876,True,-0.172053,0.519313,0.145867,0.006301,0.001742,0.003009,0.00,10,0.138923,0.814574,0.585774,0.000000,0.000000,0.000000,0.000000,0.000000,0.000000,nan,nan,nan,nan,nan,nan,OFF
1786690375929207070,2026-08-14T13:52:55.929239,prediction,-0.178339,0.521000,0.148096,-0.178369,0.518287,0.148526,True,-0.172053,0.519313,0.145867,0.006317,0.001025,0.002659,0.00,10,0.138923,0.814574,0.585774,0.000000,0.000000,0.000000,0.000000,0.000000,0.000000,nan,nan,nan,nan,nan,nan,OFF
1786690375962560742,2026-08-14T13:52:55.962599,prediction,-0.178287,0.524000,0.148190,-0.178361,0.518644,0.148378,True,-0.172053,0.519313,0.145867,0.006309,0.000668,0.002511,0.00,10,0.139578,0.816104,0.584264,0.000000,0.000000,0.000000,0.000000,0.000000,0.000000,nan,nan,nan,nan,nan,nan,OFF
1786690375997768464,2026-08-14T13:52:55.997812,prediction,-0.178168,0.531000,0.148412,-0.178350,0.518876,0.148237,True,-0.172053,0.519313,0.145867,0.006297,0.000437,0.002370,0.00,10,0.139578,0.816104,0.584264,0.000000,0.000000,0.000000,0.000000,0.000000,0.000000,nan,nan,nan,nan,nan,nan,OFF
1786690376028090935,2026-08-14T13:52:56.028106,prediction,-0.178407,0.517000,0.147969,-0.178350,0.519295,0.148075,True,-0.172053,0.519313,0.145867,0.006297,0.000017,0.002208,0.00,10,0.140676,0.818768,0.580966,0.000000,0.000000,0.000000,0.000000,0.000000,0.000000,nan,nan,nan,nan,nan,nan,OFF
1786690376064813468,2026-08-14T13:52:56.064827,prediction,-0.178219,0.528000,0.148317,-0.178337,0.519966,0.148098,True,-0.172053,0.519313,0.145867,0.006285,0.000653,0.002231,0.00,10,0.140676,0.818768,0.580966,0.000000,0.000000,0.000000,0.000000,0.000000,0.000000,nan,nan,nan,nan,nan,nan,OFF
1786690376093637597,2026-08-14T13:52:56.093651,prediction,-0.178168,0.531000,0.148412,-0.178329,0.520687,0.148113,True,-0.172053,0.519313,0.145867,0.006277,0.001374,0.002246,0.00,10,0.142041,0.822122,0.575386,0.000000,0.000000,0.000000,0.000000,0.000000,0.000000,nan,nan,nan,nan,nan,nan,OFF
1786690376136423372,2026-08-14T13:52:56.136440,prediction,-0.178287,0.524000,0.148190,-0.178318,0.521417,0.148134,True,-0.172053,0.519313,0.145867,0.006266,0.002105,0.002267,0.00,10,0.142041,0.822122,0.575386,0.000000,0.000000,0.000000,0.000000,0.000000,0.000000,nan,nan,nan,nan,nan,nan,OFF
1786690376168431251,2026-08-14T13:52:56.168445,prediction,-0.178287,0.524000,0.148190,-0.178307,0.522097,0.148155,True,-0.172053,0.519313,0.145867,0.006254,0.002784,0.002288,0.00,10,0.143497,0.825734,0.567727,0.000000,0.000000,0.000000,0.000000,0.000000,0.000000,nan,nan,nan,nan,nan,nan,OFF
1786690376199676248,2026-08-14T13:52:56.199690,prediction,-0.178168,0.531000,0.148412,-0.178295,0.522766,0.148176,True,-0.172053,0.519313,0.145867,0.006243,0.003454,0.002309,0.00,10,0.143497,0.825734,0.567727,0.000000,0.000000,0.000000,0.000000,0.000000,0.000000,nan,nan,nan,nan,nan,nan,OFF
1786690376231636757,2026-08-14T13:52:56.231649,prediction,-0.175913,0.521000,0.148096,-0.178129,0.523273,0.148184,True,-0.172053,0.519313,0.145867,0.006077,0.003961,0.002317,0.00,10,0.144791,0.828967,0.559594,0.000000,0.000000,0.000000,0.000000,0.000000,0.000000,nan,nan,nan,nan,nan,nan,OFF
1786690376265813715,2026-08-14T13:52:56.265826,prediction,-0.176021,0.514000,0.147875,-0.177975,0.523375,0.148169,True,-0.172053,0.519313,0.145867,0.005922,0.004062,0.002302,0.00,10,0.144791,0.828967,0.559594,0.000000,0.000000,0.000000,0.000000,0.000000,0.000000,nan,nan,nan,nan,nan,nan,OFF
1786690376298151431,2026-08-14T13:52:56.298166,prediction,-0.176144,0.506000,0.147622,-0.177828,0.523022,0.148138,True,-0.172053,0.519313,0.145867,0.005776,0.003709,0.002271,0.00,10,0.145790,0.831466,0.553310,0.000000,0.000000,0.000000,0.000000,0.000000,0.000000,nan,nan,nan,nan,nan,nan,OFF
1786690376331533897,2026-08-14T13:52:56.331549,prediction,-0.175867,0.524000,0.148190,-0.177656,0.522578,0.148159,True,-0.172053,0.519313,0.145867,0.005603,0.003265,0.002292,0.00,10,0.145790,0.831466,0.553310,0.000000,0.000000,0.000000,0.000000,0.000000,0.000000,nan,nan,nan,nan,nan,nan,OFF
1786690376363479367,2026-08-14T13:52:56.363494,prediction,-0.178100,0.535000,0.148538,-0.177648,0.522649,0.148174,True,-0.172053,0.519313,0.145867,0.005595,0.003336,0.002307,0.00,10,0.146445,0.833102,0.549194,0.000000,0.000000,0.000000,0.000000,0.000000,0.000000,nan,nan,nan,nan,nan,nan,OFF
1786690376393005161,2026-08-14T13:52:56.393020,prediction,-0.178339,0.521000,0.148096,-0.177648,0.522823,0.148174,True,-0.172053,0.519313,0.145867,0.005595,0.003511,0.002307,0.00,10,0.146445,0.833102,0.549194,0.000000,0.000000,0.000000,0.000000,0.000000,0.000000,nan,nan,nan,nan,nan,nan,OFF
1786690376427353816,2026-08-14T13:52:56.427375,prediction,-0.178219,0.528000,0.148317,-0.177640,0.523231,0.148188,True,-0.172053,0.519313,0.145867,0.005587,0.003919,0.002321,0.00,10,0.146151,0.832367,0.551042,0.000000,0.000000,0.000000,0.000000,0.000000,0.000000,nan,nan,nan,nan,nan,nan,OFF
1786690376464784518,2026-08-14T13:52:56.464801,prediction,-0.178407,0.517000,0.147969,-0.177648,0.523313,0.148174,True,-0.172053,0.519313,0.145867,0.005595,0.004000,0.002307,0.00,10,0.146151,0.832367,0.551042,0.000000,0.000000,0.000000,0.000000,0.000000,0.000000,nan,nan,nan,nan,nan,nan,OFF
1786690376494961321,2026-08-14T13:52:56.494981,prediction,-0.178339,0.521000,0.148096,-0.177659,0.523169,0.148153,True,-0.172053,0.519313,0.145867,0.005606,0.003857,0.002286,0.00,10,0.146151,0.832367,0.551042,0.000000,0.000000,0.000000,0.000000,0.000000,0.000000,nan,nan,nan,nan,nan,nan,OFF
1786690376529686793,2026-08-14T13:52:56.529749,prediction,-0.178287,0.524000,0.148190,-0.177651,0.522981,0.148167,True,-0.172053,0.519313,0.145867,0.005598,0.003668,0.002300,0.00,10,0.146151,0.832367,0.551042,0.000000,0.000000,0.000000,0.000000,0.000000,0.000000,nan,nan,nan,nan,nan,nan,OFF
1786690376564951111,2026-08-14T13:52:56.564968,prediction,-0.178458,0.514000,0.147875,-0.177667,0.522569,0.148138,True,-0.172053,0.519313,0.145867,0.005614,0.003257,0.002271,0.00,10,0.146151,0.832367,0.551042,0.000000,0.000000,0.000000,0.000000,0.000000,0.000000,nan,nan,nan,nan,nan,nan,OFF
1786690376596149319,2026-08-14T13:52:56.596166,prediction,-0.178407,0.517000,0.147969,-0.177683,0.521901,0.148108,True,-0.172053,0.519313,0.145867,0.005630,0.002588,0.002241,0.00,10,0.146151,0.832367,0.551042,0.000000,0.000000,0.000000,0.000000,0.000000,0.000000,nan,nan,nan,nan,nan,nan,OFF
1786690376633792575,2026-08-14T13:52:56.633805,prediction,-0.178407,0.517000,0.147969,-0.177691,0.521180,0.148094,True,-0.172053,0.519313,0.145867,0.005638,0.001868,0.002227,0.00,10,0.146151,0.832367,0.551042,0.000000,0.000000,0.000000,0.000000,0.000000,0.000000,nan,nan,nan,nan,nan,nan,OFF
1786690376667042047,2026-08-14T13:52:56.667080,prediction,-0.177981,0.542000,0.148759,-0.177670,0.520663,0.148132,True,-0.172053,0.519313,0.145867,0.005618,0.001350,0.002265,0.00,10,0.146151,0.832367,0.551042,0.000000,0.000000,0.000000,0.000000,0.000000,0.000000,nan,nan,nan,nan,nan,nan,OFF
1786690376698652450,2026-08-14T13:52:56.698668,prediction,-0.178594,0.506000,0.147622,-0.177699,0.520186,0.148079,True,-0.172053,0.519313,0.145867,0.005646,0.000873,0.002212,0.00,10,0.146151,0.832367,0.551042,0.000000,0.000000,0.000000,0.000000,0.000000,0.000000,nan,nan,nan,nan,nan,nan,OFF
1786690376731098793,2026-08-14T13:52:56.731113,prediction,-0.178219,0.528000,0.148317,-0.177853,0.520304,0.148094,True,-0.172053,0.519313,0.145867,0.005800,0.000991,0.002227,0.00,10,0.146151,0.832367,0.551042,0.000000,0.000000,0.000000,0.000000,0.000000,0.000000,nan,nan,nan,nan,nan,nan,OFF
1786690376764479025,2026-08-14T13:52:56.764496,prediction,-0.178458,0.514000,0.147875,-0.178015,0.519954,0.148094,True,-0.172053,0.519313,0.145867,0.005962,0.000642,0.002227,0.00,10,0.146151,0.832367,0.551042,0.000000,0.000000,0.000000,0.000000,0.000000,0.000000,nan,nan,nan,nan,nan,nan,OFF
1786690376797085433,2026-08-14T13:52:56.797101,prediction,-0.178287,0.524000,0.150616,-0.178158,0.520418,0.148293,True,-0.172053,0.519313,0.145867,0.006105,0.001105,0.002426,0.00,10,0.146151,0.832367,0.551042,0.000000,0.000000,0.000000,0.000000,0.000000,0.000000,nan,nan,nan,nan,nan,nan,OFF
1786690376830944436,2026-08-14T13:52:56.830957,prediction,-0.178526,0.510000,0.150197,-0.178335,0.520510,0.148427,True,-0.172053,0.519313,0.145867,0.006283,0.001198,0.002560,0.00,10,0.146151,0.832367,0.551042,0.000000,0.000000,0.000000,0.000000,0.000000,0.000000,nan,nan,nan,nan,nan,nan,OFF
1786690376863667035,2026-08-14T13:52:56.863716,prediction,-0.178458,0.514000,0.150316,-0.178359,0.519995,0.148546,True,-0.172053,0.519313,0.145867,0.006306,0.000683,0.002679,0.00,10,0.146151,0.832367,0.551042,0.000000,0.000000,0.000000,0.000000,0.000000,0.000000,nan,nan,nan,nan,nan,nan,OFF
1786690376894556074,2026-08-14T13:52:56.894569,prediction,-0.178458,0.514000,0.150316,-0.178367,0.519359,0.148694,True,-0.172053,0.519313,0.145867,0.006314,0.000047,0.002827,0.00,10,0.146151,0.832367,0.551042,0.000000,0.000000,0.000000,0.000000,0.000000,0.000000,nan,nan,nan,nan,nan,nan,OFF
1786690376927999225,2026-08-14T13:52:56.928015,prediction,-0.178526,0.510000,0.150197,-0.178387,0.518485,0.148819,True,-0.172053,0.519313,0.145867,0.006335,0.000827,0.002952,0.00,10,0.146151,0.832367,0.551042,0.000000,0.000000,0.000000,0.000000,0.000000,0.000000,nan,nan,nan,nan,nan,nan,OFF
1786690376965847522,2026-08-14T13:52:56.965860,prediction,-0.178526,0.510000,0.147748,-0.178395,0.517724,0.148804,True,-0.172053,0.519313,0.145867,0.006343,0.001589,0.002937,0.00,10,0.146151,0.832367,0.551042,0.000000,0.000000,0.000000,0.000000,0.000000,0.000000,nan,nan,nan,nan,nan,nan,OFF
1786690376998655444,2026-08-14T13:52:56.998670,prediction,-0.178407,0.517000,0.147969,-0.178400,0.516985,0.148796,True,-0.172053,0.519313,0.145867,0.006347,0.002328,0.002929,0.00,10,0.146151,0.832367,0.551042,0.000000,0.000000,0.000000,0.000000,0.000000,0.000000,nan,nan,nan,nan,nan,nan,OFF
1786690377032270571,2026-08-14T13:52:57.032291,prediction,-0.178407,0.517000,0.147969,-0.178408,0.516624,0.148781,True,-0.172053,0.519313,0.145867,0.006355,0.002689,0.002914,0.00,10,0.146151,0.832367,0.551042,0.000000,0.000000,0.000000,0.000000,0.000000,0.000000,nan,nan,nan,nan,nan,nan,OFF
1786690377063611789,2026-08-14T13:52:57.063627,prediction,-0.178526,0.510000,0.150197,-0.178412,0.516338,0.148936,True,-0.172053,0.519313,0.145867,0.006360,0.002974,0.003069,0.00,10,0.146151,0.832367,0.551042,0.000000,0.000000,0.000000,0.000000,0.000000,0.000000,nan,nan,nan,nan,nan,nan,OFF
1786690377098635628,2026-08-14T13:52:57.098652,prediction,-0.178168,0.531000,0.148412,-0.178397,0.516281,0.148965,True,-0.172053,0.519313,0.145867,0.006344,0.003032,0.003098,0.00,10,0.146151,0.832367,0.551042,0.000000,0.000000,0.000000,0.000000,0.000000,0.000000,nan,nan,nan,nan,nan,nan,OFF
1786690377131761263,2026-08-14T13:52:57.131776,prediction,-0.178407,0.517000,0.147969,-0.178397,0.516270,0.148965,True,-0.172053,0.519313,0.145867,0.006344,0.003043,0.003098,0.00,10,0.146151,0.832367,0.551042,0.000000,0.000000,0.000000,0.000000,0.000000,0.000000,nan,nan,nan,nan,nan,nan,OFF
1786690377163566705,2026-08-14T13:52:57.163581,prediction,-0.178645,0.503000,0.147527,-0.178441,0.516267,0.148883,True,-0.172053,0.519313,0.145867,0.006388,0.003045,0.003016,0.00,10,0.146151,0.832367,0.551042,0.000000,0.000000,0.000000,0.000000,0.000000,0.000000,nan,nan,nan,nan,nan,nan,OFF
1786690377197869220,2026-08-14T13:52:57.197881,prediction,-0.178458,0.514000,0.147875,-0.178432,0.516107,0.148900,True,-0.172053,0.519313,0.145867,0.006379,0.003206,0.003033,0.00,10,0.146151,0.832367,0.551042,0.000000,0.000000,0.000000,0.000000,0.000000,0.000000,nan,nan,nan,nan,nan,nan,OFF
1786690377229402785,2026-08-14T13:52:57.229417,prediction,-0.178526,0.510000,0.147748,-0.178452,0.515115,0.148862,True,-0.172053,0.519313,0.145867,0.006400,0.004198,0.002995,0.00,10,0.146151,0.832367,0.551042,0.000000,0.000000,0.000000,0.000000,0.000000,0.000000,nan,nan,nan,nan,nan,nan,OFF
1786690377262532818,2026-08-14T13:52:57.262548,prediction,-0.178526,0.510000,0.147748,-0.178457,0.514703,0.148854,True,-0.172053,0.519313,0.145867,0.006404,0.004610,0.002987,0.00,10,0.146151,0.832367,0.551042,0.000000,0.000000,0.000000,0.000000,0.000000,0.000000,nan,nan,nan,nan,nan,nan,OFF
1786690377295772991,2026-08-14T13:52:57.295804,prediction,-0.180895,0.514000,0.147875,-0.178631,0.513874,0.148671,True,-0.172053,0.519313,0.145867,0.006578,0.005439,0.002804,0.00,10,0.146151,0.832367,0.551042,0.000000,0.000000,0.000000,0.000000,0.000000,0.000000,nan,nan,nan,nan,nan,nan,OFF
1786690377331018942,2026-08-14T13:52:57.331061,prediction,-0.180839,0.517000,0.147969,-0.178785,0.513708,0.148522,True,-0.172053,0.519313,0.145867,0.006732,0.005604,0.002655,0.00,10,0.146151,0.832367,0.551042,0.000000,0.000000,0.000000,0.000000,0.000000,0.000000,nan,nan,nan,nan,nan,nan,OFF
1786690377363468531,2026-08-14T13:52:57.363519,prediction,-0.180708,0.524000,0.148190,-0.178935,0.513835,0.148381,True,-0.172053,0.519313,0.145867,0.006882,0.005478,0.002514,0.00,10,0.146151,0.832367,0.551042,0.000000,0.000000,0.000000,0.000000,0.000000,0.000000,nan,nan,nan,nan,nan,nan,OFF
1786690377400651449,2026-08-14T13:52:57.400666,prediction,-0.180633,0.528000,0.148317,-0.179080,0.514394,0.148247,True,-0.172053,0.519313,0.145867,0.007027,0.004919,0.002380,0.00,10,0.146151,0.832367,0.551042,0.000000,0.000000,0.000000,0.000000,0.000000,0.000000,nan,nan,nan,nan,nan,nan,OFF
1786690377431211290,2026-08-14T13:52:57.431254,prediction,-0.180764,0.521000,0.148096,-0.179229,0.515039,0.148107,True,-0.172053,0.519313,0.145867,0.007176,0.004274,0.002240,0.00,10,0.146151,0.832367,0.551042,0.000000,0.000000,0.000000,0.000000,0.000000,0.000000,nan,nan,nan,nan,nan,nan,OFF
1786690377465023051,2026-08-14T13:52:57.465038,prediction,-0.180895,0.514000,0.147875,-0.179387,0.515754,0.148116,True,-0.172053,0.519313,0.145867,0.007334,0.003558,0.002249,0.00,10,0.146151,0.832367,0.551042,0.000000,0.000000,0.000000,0.000000,0.000000,0.000000,nan,nan,nan,nan,nan,nan,OFF
1786690377501201618,2026-08-14T13:52:57.501217,prediction,-0.180895,0.514000,0.147875,-0.179553,0.516111,0.148109,True,-0.172053,0.519313,0.145867,0.007500,0.003202,0.002242,0.00,10,0.146151,0.832367,0.551042,0.000000,0.000000,0.000000,0.000000,0.000000,0.000000,nan,nan,nan,nan,nan,nan,OFF
1786690377532881230,2026-08-14T13:52:57.532894,prediction,-0.181045,0.506000,0.147622,-0.179729,0.516022,0.148086,True,-0.172053,0.519313,0.145867,0.007676,0.003290,0.002219,0.00,10,0.146151,0.832367,0.551042,0.000000,0.000000,0.000000,0.000000,0.000000,0.000000,nan,nan,nan,nan,nan,nan,OFF
1786690377566127154,2026-08-14T13:52:57.566141,prediction,-0.180895,0.514000,0.147875,-0.179887,0.515844,0.147931,True,-0.172053,0.519313,0.145867,0.007834,0.003468,0.002064,0.00,10,0.146151,0.832367,0.551042,0.000000,0.000000,0.000000,0.000000,0.000000,0.000000,nan,nan,nan,nan,nan,nan,OFF
1786690377599179860,2026-08-14T13:52:57.599199,prediction,-0.180895,0.514000,0.147875,-0.180068,0.515649,0.147896,True,-0.172053,0.519313,0.145867,0.008016,0.003664,0.002029,0.00,10,0.146151,0.832367,0.551042,0.000000,0.000000,0.000000,0.000000,0.000000,0.000000,nan,nan,nan,nan,nan,nan,OFF
1786690377629435472,2026-08-14T13:52:57.629449,prediction,-0.180895,0.514000,0.147875,-0.180234,0.515450,0.147889,True,-0.172053,0.519313,0.145867,0.008182,0.003863,0.002022,0.00,10,0.146151,0.832367,0.551042,0.000000,0.000000,0.000000,0.000000,0.000000,0.000000,nan,nan,nan,nan,nan,nan,OFF
1786690377665119297,2026-08-14T13:52:57.665136,prediction,-0.180895,0.514000,0.147875,-0.180384,0.515250,0.147912,True,-0.172053,0.519313,0.145867,0.008332,0.004063,0.002046,0.00,10,0.146151,0.832367,0.551042,0.000000,0.000000,0.000000,0.000000,0.000000,0.000000,nan,nan,nan,nan,nan,nan,OFF
1786690377700059316,2026-08-14T13:52:57.700078,prediction,-0.181101,0.503000,0.147527,-0.180560,0.515210,0.147889,True,-0.172053,0.519313,0.145867,0.008508,0.004102,0.002022,0.00,10,0.146151,0.832367,0.551042,0.000000,0.000000,0.000000,0.000000,0.000000,0.000000,nan,nan,nan,nan,nan,nan,OFF
1786690377729421127,2026-08-14T13:52:57.729439,prediction,-0.181101,0.503000,0.147527,-0.180732,0.514829,0.147875,True,-0.172053,0.519313,0.145867,0.008679,0.004484,0.002008,0.00,10,0.146151,0.832367,0.551042,0.000000,0.000000,0.000000,0.000000,0.000000,0.000000,nan,nan,nan,nan,nan,nan,OFF
1786690377766746666,2026-08-14T13:52:57.766772,prediction,-0.181045,0.506000,0.147622,-0.180900,0.514379,0.147866,True,-0.172053,0.519313,0.145867,0.008847,0.004933,0.001999,0.00,10,0.146151,0.832367,0.551042,0.000000,0.000000,0.000000,0.000000,0.000000,0.000000,nan,nan,nan,nan,nan,nan,OFF
1786690377798817594,2026-08-14T13:52:57.798833,prediction,-0.180839,0.517000,0.147969,-0.180896,0.514076,0.147872,True,-0.172053,0.519313,0.145867,0.008844,0.005237,0.002005,0.00,10,0.146151,0.832367,0.551042,0.000000,0.000000,0.000000,0.000000,0.000000,0.000000,nan,nan,nan,nan,nan,nan,OFF
1786690377831202899,2026-08-14T13:52:57.831215,prediction,-0.180839,0.517000,0.147969,-0.180896,0.514175,0.147872,True,-0.172053,0.519313,0.145867,0.008844,0.005137,0.002005,0.00,10,0.146151,0.832367,0.551042,0.000000,0.000000,0.000000,0.000000,0.000000,0.000000,nan,nan,nan,nan,nan,nan,OFF
1786690377864883742,2026-08-14T13:52:57.864896,prediction,-0.181175,0.499000,0.147401,-0.180927,0.514195,0.147820,True,-0.172053,0.519313,0.145867,0.008875,0.005117,0.001953,0.00,10,0.146151,0.832367,0.551042,0.000000,0.000000,0.000000,0.000000,0.000000,0.000000,nan,nan,nan,nan,nan,nan,OFF
1786690377898579332,2026-08-14T13:52:57.898592,prediction,-0.181045,0.506000,0.147622,-0.180955,0.513239,0.147773,True,-0.172053,0.519313,0.145867,0.008902,0.006073,0.001907,0.00,10,0.146151,0.832367,0.551042,0.000000,0.000000,0.000000,0.000000,0.000000,0.000000,nan,nan,nan,nan,nan,nan,OFF
1786690377928070899,2026-08-14T13:52:57.928084,prediction,-0.181175,0.499000,0.147401,-0.180982,0.511715,0.147727,True,-0.172053,0.519313,0.145867,0.008930,0.007598,0.001860,0.00,10,0.146151,0.832367,0.551042,0.000000,0.000000,0.000000,0.000000,0.000000,0.000000,nan,nan,nan,nan,nan,nan,OFF
1786690377962613742,2026-08-14T13:52:57.962628,prediction,-0.180970,0.510000,0.147748,-0.180987,0.510610,0.147719,True,-0.172053,0.519313,0.145867,0.008935,0.008703,0.001852,0.00,10,0.146151,0.832367,0.551042,0.000000,0.000000,0.000000,0.000000,0.000000,0.000000,nan,nan,nan,nan,nan,nan,OFF
1786690377995693871,2026-08-14T13:52:57.995708,prediction,-0.180895,0.514000,0.147875,-0.180987,0.510175,0.147719,True,-0.172053,0.519313,0.145867,0.008935,0.009137,0.001852,0.00,10,0.146151,0.832367,0.551042,0.000000,0.000000,0.000000,0.000000,0.000000,0.000000,nan,nan,nan,nan,nan,nan,OFF
1786690378029443703,2026-08-14T13:52:58.029457,prediction,-0.180708,0.524000,0.148190,-0.180965,0.510088,0.147757,True,-0.172053,0.519313,0.145867,0.008912,0.009224,0.001890,0.00,10,0.146151,0.832367,0.551042,0.000000,0.000000,0.000000,0.000000,0.000000,0.000000,nan,nan,nan,nan,nan,nan,OFF
1786690378061731050,2026-08-14T13:52:58.061746,prediction,-0.180895,0.514000,0.147875,-0.180965,0.510071,0.147757,True,-0.172053,0.519313,0.145867,0.008912,0.009241,0.001890,0.00,10,0.146151,0.832367,0.551042,0.000000,0.000000,0.000000,0.000000,0.000000,0.000000,nan,nan,nan,nan,nan,nan,OFF
1786690378094229600,2026-08-14T13:52:58.094242,prediction,-0.180764,0.521000,0.148096,-0.180956,0.510441,0.147771,True,-0.172053,0.519313,0.145867,0.008903,0.008872,0.001904,0.00,10,0.146151,0.832367,0.551042,0.000000,0.000000,0.000000,0.000000,0.000000,0.000000,nan,nan,nan,nan,nan,nan,OFF
1786690378127902085,2026-08-14T13:52:58.127915,prediction,-0.181045,0.506000,0.147622,-0.180966,0.510515,0.147755,True,-0.172053,0.519313,0.145867,0.008913,0.008798,0.001888,0.00,10,0.146151,0.832367,0.551042,0.000000,0.000000,0.000000,0.000000,0.000000,0.000000,nan,nan,nan,nan,nan,nan,OFF
1786690378162577498,2026-08-14T13:52:58.162625,prediction,-0.181175,0.499000,0.147401,-0.180985,0.510103,0.147723,True,-0.172053,0.519313,0.145867,0.008932,0.009210,0.001856,0.00,10,0.146151,0.832367,0.551042,0.000000,0.000000,0.000000,0.000000,0.000000,0.000000,nan,nan,nan,nan,nan,nan,OFF
1786690378199819056,2026-08-14T13:52:58.199835,prediction,-0.180895,0.514000,0.147875,-0.180971,0.509594,0.147746,True,-0.172053,0.519313,0.145867,0.008918,0.009719,0.001879,0.00,10,0.146151,0.832367,0.551042,0.000000,0.000000,0.000000,0.000000,0.000000,0.000000,nan,nan,nan,nan,nan,nan,OFF
1786690378229669496,2026-08-14T13:52:58.229684,prediction,-0.180895,0.514000,0.147875,-0.180957,0.510079,0.147769,True,-0.172053,0.519313,0.145867,0.008905,0.009234,0.001902,0.00,10,0.146151,0.832367,0.551042,0.000000,0.000000,0.000000,0.000000,0.000000,0.000000,nan,nan,nan,nan,nan,nan,OFF
1786690378262772576,2026-08-14T13:52:58.262786,prediction,-0.180970,0.510000,0.147748,-0.180952,0.510762,0.147778,True,-0.172053,0.519313,0.145867,0.008900,0.008550,0.001911,0.00,10,0.146151,0.832367,0.551042,0.000000,0.000000,0.000000,0.000000,0.000000,0.000000,nan,nan,nan,nan,nan,nan,OFF
1786690378297574320,2026-08-14T13:52:58.297590,prediction,-0.180708,0.524000,0.148190,-0.180944,0.511326,0.147792,True,-0.172053,0.519313,0.145867,0.008891,0.007987,0.001925,0.00,10,0.146151,0.832367,0.551042,0.000000,0.000000,0.000000,0.000000,0.000000,0.000000,nan,nan,nan,nan,nan,nan,OFF
1786690378329405019,2026-08-14T13:52:58.329418,prediction,-0.181175,0.499000,0.147401,-0.180966,0.511065,0.147755,True,-0.172053,0.519313,0.145867,0.008913,0.008247,0.001888,0.00,10,0.146151,0.832367,0.551042,0.000000,0.000000,0.000000,0.000000,0.000000,0.000000,nan,nan,nan,nan,nan,nan,OFF
1786690378365204031,2026-08-14T13:52:58.365219,prediction,-0.180970,0.510000,0.147748,-0.180952,0.510640,0.147778,True,-0.172053,0.519313,0.145867,0.008900,0.008673,0.001911,0.00,10,0.146151,0.832367,0.551042,0.000000,0.000000,0.000000,0.000000,0.000000,0.000000,nan,nan,nan,nan,nan,nan,OFF
1786690378397709344,2026-08-14T13:52:58.397722,prediction,-0.181045,0.506000,0.147622,-0.180952,0.510555,0.147778,True,-0.172053,0.519313,0.145867,0.008900,0.008758,0.001911,0.00,10,0.146151,0.832367,0.551042,0.000000,0.000000,0.000000,0.000000,0.000000,0.000000,nan,nan,nan,nan,nan,nan,OFF
1786690378430093736,2026-08-14T13:52:58.430107,prediction,-0.181045,0.506000,0.150077,-0.180944,0.510911,0.147956,True,-0.172053,0.519313,0.145867,0.008891,0.008402,0.002089,0.00,10,0.146151,0.832367,0.551042,0.000000,0.000000,0.000000,0.000000,0.000000,0.000000,nan,nan,nan,nan,nan,nan,OFF
1786690378462477037,2026-08-14T13:52:58.462489,prediction,-0.181045,0.506000,0.150077,-0.180949,0.510982,0.148111,True,-0.172053,0.519313,0.145867,0.008896,0.008330,0.002244,0.00,10,0.146151,0.832367,0.551042,0.000000,0.000000,0.000000,0.000000,0.000000,0.000000,nan,nan,nan,nan,nan,nan,OFF
1786690378497474604,2026-08-14T13:52:58.497487,prediction,-0.180839,0.517000,0.150406,-0.180945,0.510783,0.148280,True,-0.172053,0.519313,0.145867,0.008892,0.008529,0.002413,0.00,10,0.146151,0.832367,0.551042,0.000000,0.000000,0.000000,0.000000,0.000000,0.000000,nan,nan,nan,nan,nan,nan,OFF
1786690378533578576,2026-08-14T13:52:58.533593,prediction,-0.180970,0.510000,0.150197,-0.180962,0.510530,0.148414,True,-0.172053,0.519313,0.145867,0.008910,0.008783,0.002547,0.00,10,0.146151,0.832367,0.551042,0.000000,0.000000,0.000000,0.000000,0.000000,0.000000,nan,nan,nan,nan,nan,nan,OFF
1786690378564734631,2026-08-14T13:52:58.564746,prediction,-0.181045,0.506000,0.147622,-0.180972,0.510266,0.148397,True,-0.172053,0.519313,0.145867,0.008920,0.009046,0.002530,0.00,10,0.146151,0.832367,0.551042,0.000000,0.000000,0.000000,0.000000,0.000000,0.000000,nan,nan,nan,nan,nan,nan,OFF
1786690378598878332,2026-08-14T13:52:58.598893,prediction,-0.180895,0.514000,0.147875,-0.180981,0.509627,0.148382,True,-0.172053,0.519313,0.145867,0.008928,0.009686,0.002515,0.00,10,0.146151,0.832367,0.551042,0.000000,0.000000,0.000000,0.000000,0.000000,0.000000,nan,nan,nan,nan,nan,nan,OFF
1786690378631614875,2026-08-14T13:52:58.631627,prediction,-0.181045,0.506000,0.147622,-0.180981,0.509072,0.148382,True,-0.172053,0.519313,0.145867,0.008928,0.010241,0.002515,0.00,10,0.146151,0.832367,0.551042,0.000000,0.000000,0.000000,0.000000,0.000000,0.000000,nan,nan,nan,nan,nan,nan,OFF
1786690378663219122,2026-08-14T13:52:58.663232,prediction,-0.180895,0.514000,0.150316,-0.180962,0.509388,0.148577,True,-0.172053,0.519313,0.145867,0.008910,0.009925,0.002710,0.00,10,0.146151,0.832367,0.551042,0.000000,0.000000,0.000000,0.000000,0.000000,0.000000,nan,nan,nan,nan,nan,nan,OFF
1786690378697782824,2026-08-14T13:52:58.697798,prediction,-0.181101,0.503000,0.149987,-0.180976,0.509451,0.148717,True,-0.172053,0.519313,0.145867,0.008923,0.009862,0.002850,0.00,10,0.146151,0.832367,0.551042,0.000000,0.000000,0.000000,0.000000,0.000000,0.000000,nan,nan,nan,nan,nan,nan,OFF
1786690378730204908,2026-08-14T13:52:58.730218,prediction,-0.181101,0.503000,0.149987,-0.180990,0.508877,0.148858,True,-0.172053,0.519313,0.145867,0.008937,0.010436,0.002991,0.00,10,0.146151,0.832367,0.551042,0.000000,0.000000,0.000000,0.000000,0.000000,0.000000,nan,nan,nan,nan,nan,nan,OFF
1786690378763255809,2026-08-14T13:52:58.763268,prediction,-0.181045,0.506000,0.150077,-0.180995,0.508175,0.149014,True,-0.172053,0.519313,0.145867,0.008942,0.011137,0.003147,0.00,10,0.146151,0.832367,0.551042,0.000000,0.000000,0.000000,0.000000,0.000000,0.000000,nan,nan,nan,nan,nan,nan,OFF
1786690378796351345,2026-08-14T13:52:58.796364,prediction,-0.180839,0.517000,0.150406,-0.181003,0.507608,0.149161,True,-0.172053,0.519313,0.145867,0.008951,0.011704,0.003294,0.00,10,0.146151,0.832367,0.551042,0.000000,0.000000,0.000000,0.000000,0.000000,0.000000,nan,nan,nan,nan,nan,nan,OFF
1786690378828223924,2026-08-14T13:52:58.828240,prediction,-0.181045,0.506000,0.150077,-0.180995,0.507282,0.149340,True,-0.172053,0.519313,0.145867,0.008942,0.012031,0.003473,0.00,10,0.146151,0.832367,0.551042,0.000000,0.000000,0.000000,0.000000,0.000000,0.000000,nan,nan,nan,nan,nan,nan,OFF
1786690378861324920,2026-08-14T13:52:58.861338,prediction,-0.181175,0.499000,0.149867,-0.181008,0.507003,0.149481,True,-0.172053,0.519313,0.145867,0.008956,0.012309,0.003614,0.00,10,0.146151,0.832367,0.551042,0.000000,0.000000,0.000000,0.000000,0.000000,0.000000,nan,nan,nan,nan,nan,nan,OFF
1786690378895312755,2026-08-14T13:52:58.895325,prediction,-0.180895,0.514000,0.150316,-0.180998,0.506947,0.149661,True,-0.172053,0.519313,0.145867,0.008946,0.012365,0.003794,0.00,10,0.146151,0.832367,0.551042,0.000000,0.000000,0.000000,0.000000,0.000000,0.000000,nan,nan,nan,nan,nan,nan,OFF
1786690378927313948,2026-08-14T13:52:58.927327,prediction,-0.180970,0.510000,0.150197,-0.180993,0.507149,0.149669,True,-0.172053,0.519313,0.145867,0.008941,0.012163,0.003802,0.00,10,0.146151,0.832367,0.551042,0.000000,0.000000,0.000000,0.000000,0.000000,0.000000,nan,nan,nan,nan,nan,nan,OFF
1786690378964508286,2026-08-14T13:52:58.964522,prediction,-0.181045,0.506000,0.150077,-0.180993,0.507403,0.149669,True,-0.172053,0.519313,0.145867,0.008941,0.011909,0.003802,0.00,10,0.146151,0.832367,0.551042,0.000000,0.000000,0.000000,0.000000,0.000000,0.000000,nan,nan,nan,nan,nan,nan,OFF
1786690378995972307,2026-08-14T13:52:58.996014,prediction,-0.180970,0.510000,0.150197,-0.181002,0.507667,0.149655,True,-0.172053,0.519313,0.145867,0.008950,0.011645,0.003788,0.00,10,0.146151,0.832367,0.551042,0.000000,0.000000,0.000000,0.000000,0.000000,0.000000,nan,nan,nan,nan,nan,nan,OFF
1786690379030280631,2026-08-14T13:52:59.030298,prediction,-0.181045,0.506000,0.150077,-0.181007,0.507507,0.149647,True,-0.172053,0.519313,0.145867,0.008955,0.011806,0.003780,0.00,10,0.146151,0.832367,0.551042,0.000000,0.000000,0.000000,0.000000,0.000000,0.000000,nan,nan,nan,nan,nan,nan,OFF
1786690379065020826,2026-08-14T13:52:59.065037,prediction,-0.181045,0.506000,0.150077,-0.181007,0.507261,0.149810,True,-0.172053,0.519313,0.145867,0.008955,0.012051,0.003943,0.00,10,0.146151,0.832367,0.551042,0.000000,0.000000,0.000000,0.000000,0.000000,0.000000,nan,nan,nan,nan,nan,nan,OFF
1786690379098364332,2026-08-14T13:52:59.098377,prediction,-0.180970,0.510000,0.150197,-0.181012,0.506999,0.149965,True,-0.172053,0.519313,0.145867,0.008960,0.012314,0.004098,0.00,10,0.146151,0.832367,0.551042,0.000000,0.000000,0.000000,0.000000,0.000000,0.000000,nan,nan,nan,nan,nan,nan,OFF
1786690379129573797,2026-08-14T13:52:59.129587,prediction,-0.180895,0.514000,0.150316,-0.181002,0.507160,0.150145,True,-0.172053,0.519313,0.145867,0.008950,0.012153,0.004278,0.00,10,0.146151,0.832367,0.551042,0.000000,0.000000,0.000000,0.000000,0.000000,0.000000,nan,nan,nan,nan,nan,nan,OFF
1786690379163705765,2026-08-14T13:52:59.163718,prediction,-0.180895,0.514000,0.150316,-0.181002,0.507192,0.150145,True,-0.172053,0.519313,0.145867,0.008950,0.012121,0.004278,0.00,10,0.146151,0.832367,0.551042,0.000000,0.000000,0.000000,0.000000,0.000000,0.000000,nan,nan,nan,nan,nan,nan,OFF
1786690379198350708,2026-08-14T13:52:59.198364,prediction,-0.180895,0.514000,0.150316,-0.180988,0.507625,0.150167,True,-0.172053,0.519313,0.145867,0.008936,0.011687,0.004300,0.00,10,0.146151,0.832367,0.551042,0.000000,0.000000,0.000000,0.000000,0.000000,0.000000,nan,nan,nan,nan,nan,nan,OFF
1786690379230390734,2026-08-14T13:52:59.230411,prediction,-0.180970,0.510000,0.150197,-0.180980,0.508298,0.150181,True,-0.172053,0.519313,0.145867,0.008927,0.011014,0.004314,0.00,10,0.146151,0.832367,0.551042,0.000000,0.000000,0.000000,0.000000,0.000000,0.000000,nan,nan,nan,nan,nan,nan,OFF
1786690379264426979,2026-08-14T13:52:59.264441,prediction,-0.180764,0.521000,0.150526,-0.180961,0.509020,0.150211,True,-0.172053,0.519313,0.145867,0.008908,0.010293,0.004344,0.00,10,0.146151,0.832367,0.551042,0.000000,0.000000,0.000000,0.000000,0.000000,0.000000,nan,nan,nan,nan,nan,nan,OFF
1786690379297841892,2026-08-14T13:52:59.297855,prediction,-0.180839,0.517000,0.150406,-0.180961,0.509751,0.150211,True,-0.172053,0.519313,0.145867,0.008908,0.009562,0.004344,0.00,10,0.146151,0.832367,0.551042,0.000000,0.000000,0.000000,0.000000,0.000000,0.000000,nan,nan,nan,nan,nan,nan,OFF
1786690379332316060,2026-08-14T13:52:59.332330,prediction,-0.180764,0.521000,0.152956,-0.180942,0.510697,0.150403,True,-0.172053,0.519313,0.145867,0.008890,0.008616,0.004536,0.00,10,0.146151,0.832367,0.551042,0.000000,0.000000,0.000000,0.000000,0.000000,0.000000,nan,nan,nan,nan,nan,nan,OFF
1786690379364803237,2026-08-14T13:52:59.364816,prediction,-0.180895,0.514000,0.152758,-0.180924,0.511473,0.150595,True,-0.172053,0.519313,0.145867,0.008871,0.007840,0.004728,0.00,10,0.146151,0.832367,0.551042,0.000000,0.000000,0.000000,0.000000,0.000000,0.000000,nan,nan,nan,nan,nan,nan,OFF
1786690379405939086,2026-08-14T13:52:59.405954,prediction,-0.180839,0.517000,0.152843,-0.180920,0.512215,0.150764,True,-0.172053,0.519313,0.145867,0.008867,0.007098,0.004897,0.00,10,0.146151,0.832367,0.551042,0.000000,0.000000,0.000000,0.000000,0.000000,0.000000,nan,nan,nan,nan,nan,nan,OFF
1786690379434744184,2026-08-14T13:52:59.434757,prediction,-0.180895,0.514000,0.152758,-0.180915,0.512576,0.150934,True,-0.172053,0.519313,0.145867,0.008862,0.006736,0.005067,0.00,10,0.146151,0.832367,0.551042,0.000000,0.000000,0.000000,0.000000,0.000000,0.000000,nan,nan,nan,nan,nan,nan,OFF
1786690379464686367,2026-08-14T13:52:59.464700,prediction,-0.180708,0.524000,0.153041,-0.180893,0.513022,0.151132,True,-0.172053,0.519313,0.145867,0.008840,0.006291,0.005265,0.00,10,0.146151,0.832367,0.551042,0.000000,0.000000,0.000000,0.000000,0.000000,0.000000,nan,nan,nan,nan,nan,nan,OFF
1786690379499687008,2026-08-14T13:52:59.499709,prediction,-0.180970,0.510000,0.152645,-0.180893,0.513324,0.151295,True,-0.172053,0.519313,0.145867,0.008840,0.005988,0.005428,0.00,10,0.146151,0.832367,0.551042,0.000000,0.000000,0.000000,0.000000,0.000000,0.000000,nan,nan,nan,nan,nan,nan,OFF
1786690379550890880,2026-08-14T13:52:59.550911,prediction,-0.180970,0.510000,0.152645,-0.180888,0.513598,0.151466,True,-0.172053,0.519313,0.145867,0.008835,0.005714,0.005600,0.00,10,0.146151,0.832367,0.551042,0.000000,0.000000,0.000000,0.000000,0.000000,0.000000,nan,nan,nan,nan,nan,nan,OFF
1786690379595897186,2026-08-14T13:52:59.595914,prediction,-0.180708,0.524000,0.153041,-0.180865,0.513866,0.151664,True,-0.172053,0.519313,0.145867,0.008812,0.005446,0.005797,0.00,10,0.146151,0.832367,0.551042,0.000000,0.000000,0.000000,0.000000,0.000000,0.000000,nan,nan,nan,nan,nan,nan,OFF
1786690379627477076,2026-08-14T13:52:59.627506,prediction,-0.180895,0.514000,0.152758,-0.180860,0.514347,0.151835,True,-0.172053,0.519313,0.145867,0.008808,0.004966,0.005968,0.00,10,0.146151,0.832367,0.551042,0.000000,0.000000,0.000000,0.000000,0.000000,0.000000,nan,nan,nan,nan,nan,nan,OFF
1786690379660342292,2026-08-14T13:52:59.660355,prediction,-0.180839,0.517000,0.152843,-0.180856,0.514816,0.152003,True,-0.172053,0.519313,0.145867,0.008804,0.004496,0.006136,0.00,10,0.146151,0.832367,0.551042,0.000000,0.000000,0.000000,0.000000,0.000000,0.000000,nan,nan,nan,nan,nan,nan,OFF
1786690379690566982,2026-08-14T13:52:59.690585,prediction,-0.180970,0.510000,0.152645,-0.180861,0.514910,0.152159,True,-0.172053,0.519313,0.145867,0.008809,0.004403,0.006292,0.00,10,0.146151,0.832367,0.551042,0.000000,0.000000,0.000000,0.000000,0.000000,0.000000,nan,nan,nan,nan,nan,nan,OFF
1786690379718972290,2026-08-14T13:52:59.718988,prediction,-0.180970,0.510000,0.152645,-0.180866,0.514715,0.152314,True,-0.172053,0.519313,0.145867,0.008814,0.004597,0.006447,0.00,10,0.146151,0.832367,0.551042,0.000000,0.000000,0.000000,0.000000,0.000000,0.000000,nan,nan,nan,nan,nan,nan,OFF
1786690379745934430,2026-08-14T13:52:59.745953,prediction,-0.180895,0.514000,0.152758,-0.180861,0.514463,0.152485,True,-0.172053,0.519313,0.145867,0.008809,0.004849,0.006618,0.00,10,0.146151,0.832367,0.551042,0.000000,0.000000,0.000000,0.000000,0.000000,0.000000,nan,nan,nan,nan,nan,nan,OFF
1786690379774799131,2026-08-14T13:52:59.774816,prediction,-0.180839,0.517000,0.152843,-0.180866,0.514413,0.152639,True,-0.172053,0.519313,0.145867,0.008814,0.004900,0.006772,0.00,10,0.146151,0.832367,0.551042,0.000000,0.000000,0.000000,0.000000,0.000000,0.000000,nan,nan,nan,nan,nan,nan,OFF
1786690379803576326,2026-08-14T13:52:59.803590,prediction,-0.180764,0.521000,0.152956,-0.180861,0.514403,0.152809,True,-0.172053,0.519313,0.145867,0.008809,0.004910,0.006942,0.00,10,0.146151,0.832367,0.551042,0.000000,0.000000,0.000000,0.000000,0.000000,0.000000,nan,nan,nan,nan,nan,nan,OFF
1786690379834084997,2026-08-14T13:52:59.834100,prediction,-0.180764,0.521000,0.152956,-0.180861,0.514401,0.152809,True,-0.172053,0.519313,0.145867,0.008809,0.004912,0.006942,0.00,10,0.146151,0.832367,0.551042,0.000000,0.000000,0.000000,0.000000,0.000000,0.000000,nan,nan,nan,nan,nan,nan,OFF
1786690379868340330,2026-08-14T13:52:59.868354,prediction,-0.181045,0.506000,0.152532,-0.180871,0.514613,0.152794,True,-0.172053,0.519313,0.145867,0.008819,0.004699,0.006927,0.00,10,0.146151,0.832367,0.551042,0.000000,0.000000,0.000000,0.000000,0.000000,0.000000,nan,nan,nan,nan,nan,nan,OFF
1786690379901462916,2026-08-14T13:52:59.901478,prediction,-0.180839,0.517000,0.152843,-0.180871,0.514656,0.152794,True,-0.172053,0.519313,0.145867,0.008819,0.004656,0.006927,0.00,10,0.146151,0.832367,0.551042,0.000000,0.000000,0.000000,0.000000,0.000000,0.000000,nan,nan,nan,nan,nan,nan,OFF
1786690379932744738,2026-08-14T13:52:59.932758,prediction,-0.181101,0.503000,0.152447,-0.180885,0.514238,0.152773,True,-0.172053,0.519313,0.145867,0.008832,0.005075,0.006906,0.00,10,0.146151,0.832367,0.551042,0.000000,0.000000,0.000000,0.000000,0.000000,0.000000,nan,nan,nan,nan,nan,nan,OFF
1786690379965614803,2026-08-14T13:52:59.965628,prediction,-0.183413,0.510000,0.152645,-0.181065,0.513781,0.152747,True,-0.172053,0.519313,0.145867,0.009013,0.005532,0.006880,0.00,10,0.146151,0.832367,0.551042,0.000000,0.000000,0.000000,0.000000,0.000000,0.000000,nan,nan,nan,nan,nan,nan,OFF
1786690379998429273,2026-08-14T13:52:59.998443,prediction,-0.181045,0.506000,0.152532,-0.181070,0.513263,0.152739,True,-0.172053,0.519313,0.145867,0.009018,0.006050,0.006872,0.00,10,0.146151,0.832367,0.551042,0.000000,0.000000,0.000000,0.000000,0.000000,0.000000,nan,nan,nan,nan,nan,nan,OFF
1786690380032463042,2026-08-14T13:53:00.032476,prediction,-0.181045,0.506000,0.152532,-0.181075,0.512946,0.152732,True,-0.172053,0.519313,0.145867,0.009023,0.006367,0.006865,0.00,10,0.146151,0.832367,0.551042,0.000000,0.000000,0.000000,0.000000,0.000000,0.000000,nan,nan,nan,nan,nan,nan,OFF
1786690380064375133,2026-08-14T13:53:00.064391,prediction,-0.180764,0.521000,0.152956,-0.181079,0.512669,0.152726,True,-0.172053,0.519313,0.145867,0.009027,0.006643,0.006859,0.00,10,0.146151,0.832367,0.551042,0.000000,0.000000,0.000000,0.000000,0.000000,0.000000,nan,nan,nan,nan,nan,nan,OFF
1786690380101019391,2026-08-14T13:53:00.101035,prediction,-0.181045,0.506000,0.152532,-0.181089,0.512187,0.152711,True,-0.172053,0.519313,0.145867,0.009036,0.007125,0.006844,0.00,10,0.146151,0.832367,0.551042,0.000000,0.000000,0.000000,0.000000,0.000000,0.000000,nan,nan,nan,nan,nan,nan,OFF
1786690380134610437,2026-08-14T13:53:00.134636,prediction,-0.180895,0.514000,0.152758,-0.181093,0.511931,0.152705,True,-0.172053,0.519313,0.145867,0.009040,0.007382,0.006838,0.00,10,0.146151,0.832367,0.551042,0.000000,0.000000,0.000000,0.000000,0.000000,0.000000,nan,nan,nan,nan,nan,nan,OFF
1786690380165684262,2026-08-14T13:53:00.165698,prediction,-0.180970,0.510000,0.152645,-0.181093,0.511666,0.152705,True,-0.172053,0.519313,0.145867,0.009040,0.007646,0.006838,0.00,10,0.146151,0.832367,0.551042,0.000000,0.000000,0.000000,0.000000,0.000000,0.000000,nan,nan,nan,nan,nan,nan,OFF
1786690380199027036,2026-08-14T13:53:00.199040,prediction,-0.180895,0.514000,0.155200,-0.181088,0.511827,0.152876,True,-0.172053,0.519313,0.145867,0.009035,0.007486,0.007009,0.00,10,0.146151,0.832367,0.551042,0.000000,0.000000,0.000000,0.000000,0.000000,0.000000,nan,nan,nan,nan,nan,nan,OFF
1786690380233821442,2026-08-14T13:53:00.233835,prediction,-0.180764,0.521000,0.155386,-0.181079,0.512072,0.153051,True,-0.172053,0.519313,0.145867,0.009027,0.007240,0.007184,0.00,10,0.146151,0.832367,0.551042,0.000000,0.000000,0.000000,0.000000,0.000000,0.000000,nan,nan,nan,nan,nan,nan,OFF
1786690380265954654,2026-08-14T13:53:00.265971,prediction,-0.180970,0.510000,0.155093,-0.181088,0.512121,0.153201,True,-0.172053,0.519313,0.145867,0.009035,0.007191,0.007334,0.00,10,0.146151,0.832367,0.551042,0.000000,0.000000,0.000000,0.000000,0.000000,0.000000,nan,nan,nan,nan,nan,nan,OFF
1786690380299006173,2026-08-14T13:53:00.299019,prediction,-0.181045,0.506000,0.154987,-0.181107,0.511758,0.153336,True,-0.172053,0.519313,0.145867,0.009054,0.007555,0.007469,0.00,10,0.146151,0.832367,0.551042,0.000000,0.000000,0.000000,0.000000,0.000000,0.000000,nan,nan,nan,nan,nan,nan,OFF
1786690380330823694,2026-08-14T13:53:00.330837,prediction,-0.180895,0.514000,0.152758,-0.181115,0.511098,0.153323,True,-0.172053,0.519313,0.145867,0.009063,0.008214,0.007456,0.00,10,0.146151,0.832367,0.551042,0.000000,0.000000,0.000000,0.000000,0.000000,0.000000,nan,nan,nan,nan,nan,nan,OFF
1786690380365674518,2026-08-14T13:53:00.365688,prediction,-0.180895,0.514000,0.152758,-0.181105,0.510593,0.153338,True,-0.172053,0.519313,0.145867,0.009053,0.008720,0.007471,0.00,10,0.146151,0.832367,0.551042,0.000000,0.000000,0.000000,0.000000,0.000000,0.000000,nan,nan,nan,nan,nan,nan,OFF
1786690380398926839,2026-08-14T13:53:00.398942,prediction,-0.181045,0.506000,0.152532,-0.181119,0.510332,0.153317,True,-0.172053,0.519313,0.145867,0.009066,0.008981,0.007450,0.00,10,0.146151,0.832367,0.551042,0.000000,0.000000,0.000000,0.000000,0.000000,0.000000,nan,nan,nan,nan,nan,nan,OFF
1786690380430483473,2026-08-14T13:53:00.430498,prediction,-0.180970,0.510000,0.152645,-0.181110,0.510493,0.153331,True,-0.172053,0.519313,0.145867,0.009058,0.008819,0.007464,0.00,10,0.146151,0.832367,0.551042,0.000000,0.000000,0.000000,0.000000,0.000000,0.000000,nan,nan,nan,nan,nan,nan,OFF
1786690380463808994,2026-08-14T13:53:00.463823,prediction,-0.180970,0.510000,0.152645,-0.180947,0.510525,0.153331,True,-0.172053,0.519313,0.145867,0.008895,0.008787,0.007464,0.00,10,0.146151,0.832367,0.551042,0.000000,0.000000,0.000000,0.000000,0.000000,0.000000,nan,nan,nan,nan,nan,nan,OFF
1786690380500500421,2026-08-14T13:53:00.500520,prediction,-0.180839,0.517000,0.152843,-0.180934,0.510745,0.153351,True,-0.172053,0.519313,0.145867,0.008881,0.008567,0.007484,0.00,10,0.146151,0.832367,0.551042,0.000000,0.000000,0.000000,0.000000,0.000000,0.000000,nan,nan,nan,nan,nan,nan,OFF
1786690380533361478,2026-08-14T13:53:00.533376,prediction,-0.181045,0.506000,0.152532,-0.180934,0.511002,0.153351,True,-0.172053,0.519313,0.145867,0.008881,0.008310,0.007484,0.00,10,0.146151,0.832367,0.551042,0.000000,0.000000,0.000000,0.000000,0.000000,0.000000,nan,nan,nan,nan,nan,nan,OFF
1786690380565183187,2026-08-14T13:53:00.565198,prediction,-0.180895,0.514000,0.152758,-0.180942,0.511480,0.153338,True,-0.172053,0.519313,0.145867,0.008890,0.007832,0.007471,0.00,10,0.146151,0.832367,0.551042,0.000000,0.000000,0.000000,0.000000,0.000000,0.000000,nan,nan,nan,nan,nan,nan,OFF
1786690380601140387,2026-08-14T13:53:00.601155,prediction,-0.180839,0.517000,0.152843,-0.180929,0.512003,0.153359,True,-0.172053,0.519313,0.145867,0.008876,0.007310,0.007492,0.00,10,0.146151,0.832367,0.551042,0.000000,0.000000,0.000000,0.000000,0.000000,0.000000,nan,nan,nan,nan,nan,nan,OFF
1786690380633039393,2026-08-14T13:53:00.633053,prediction,-0.181045,0.506000,0.152532,-0.180939,0.512107,0.153344,True,-0.172053,0.519313,0.145867,0.008886,0.007205,0.007477,0.00,10,0.146151,0.832367,0.551042,0.000000,0.000000,0.000000,0.000000,0.000000,0.000000,nan,nan,nan,nan,nan,nan,OFF
1786690380666415249,2026-08-14T13:53:00.666430,prediction,-0.178594,0.506000,0.152532,-0.180780,0.511915,0.153336,True,-0.172053,0.519313,0.145867,0.008728,0.007398,0.007469,0.00,10,0.146151,0.832367,0.551042,0.000000,0.000000,0.000000,0.000000,0.000000,0.000000,nan,nan,nan,nan,nan,nan,OFF
1786690380700940514,2026-08-14T13:53:00.700954,prediction,-0.178594,0.506000,0.152532,-0.180627,0.511450,0.153158,True,-0.172053,0.519313,0.145867,0.008574,0.007863,0.007291,0.00,10,0.146151,0.832367,0.551042,0.000000,0.000000,0.000000,0.000000,0.000000,0.000000,nan,nan,nan,nan,nan,nan,OFF
1786690380733279687,2026-08-14T13:53:00.733293,prediction,-0.178458,0.514000,0.152758,-0.180473,0.510930,0.152983,True,-0.172053,0.519313,0.145867,0.008421,0.008383,0.007116,0.00,10,0.146151,0.832367,0.551042,0.000000,0.000000,0.000000,0.000000,0.000000,0.000000,nan,nan,nan,nan,nan,nan,OFF
1786690380766483096,2026-08-14T13:53:00.766496,prediction,-0.178287,0.524000,0.153041,-0.180294,0.510826,0.152846,True,-0.172053,0.519313,0.145867,0.008242,0.008487,0.006979,0.00,10,0.146151,0.832367,0.551042,0.000000,0.000000,0.000000,0.000000,0.000000,0.000000,nan,nan,nan,nan,nan,nan,OFF
1786690380801364798,2026-08-14T13:53:00.801378,prediction,-0.178526,0.510000,0.152645,-0.180126,0.511019,0.152690,True,-0.172053,0.519313,0.145867,0.008074,0.008294,0.006823,0.00,10,0.146151,0.832367,0.551042,0.000000,0.000000,0.000000,0.000000,0.000000,0.000000,nan,nan,nan,nan,nan,nan,OFF
1786690380832123404,2026-08-14T13:53:00.832138,prediction,-0.178645,0.503000,0.152447,-0.179976,0.511057,0.152669,True,-0.172053,0.519313,0.145867,0.007924,0.008255,0.006802,0.00,10,0.146151,0.832367,0.551042,0.000000,0.000000,0.000000,0.000000,0.000000,0.000000,nan,nan,nan,nan,nan,nan,OFF


============================================================
EXPERIMENT METRICS
  File: experiment_SVGP_20260814_135247.csv
  Total samples: 401
  Task completion time: 13.56 s
  --- Prediction Accuracy (over 401 samples) ---
  Avg Inference Time (active >0ms): 22.94 ms (184/401 active samples)
  Mean Squared Error (MSE): 0.026051 m²
  Mean Absolute Error (MAE - 3D): 0.0676 m
      MAE X: 0.0273 m
      MAE Y: 0.0559 m
      MAE Z: 0.0184 m
  --- Trajectory Smoothness (Robot EE) ---
  Mean Jerk (3D): 22.3402 m/s³
      Jerk X: 7.6348 m/s³
      Jerk Y: 15.2306 m/s³
      Jerk Z: 10.6253 m/s³
  Max Jerk (3D): 210.9119 m/s³
  RMS Jerk (3D): 41.2354 m/s³
============================================================
