ros_timestamp_ns,wall_time,trajectory_mode,meas_x,meas_y,meas_z,filt_x,filt_y,filt_z,is_tracked,pred_x,pred_y,pred_z,mae_x,mae_y,mae_z,inference_ms,buffer_size,target_x,target_y,target_z,robot_ee_x,robot_ee_y,robot_ee_z,j1_vel,j2_vel,j3_vel,j4_vel,j5_vel,j6_vel,j1_eff,j2_eff,j3_eff,j4_eff,j5_eff,j6_eff,role
1787037243920975473,2026-08-18T14:14:03.921037,ground_truth,0.004878,-0.143000,-0.011848,0.000438,-0.100000,0.007257,True,,,,,,,,,-0.171915,0.072158,0.346191,-0.161994,0.280053,0.378524,0.000000,0.000000,0.000000,0.000000,0.000000,0.000000,nan,nan,nan,nan,nan,nan,READY
1787037243952951648,2026-08-18T14:14:03.952996,ground_truth,0.004492,-0.079000,-0.004192,0.004878,-0.163200,-0.011848,True,,,,,,,,,-0.161392,0.360855,0.388486,-0.161994,0.280053,0.378524,0.000000,0.000000,0.000000,0.000000,0.000000,0.000000,nan,nan,nan,nan,nan,nan,READY
1787037243985587541,2026-08-18T14:14:03.985605,ground_truth,0.004878,-0.143000,-0.003330,0.004492,-0.095840,-0.004192,True,,,,,,,,,-0.161006,0.410855,0.396141,-0.161990,0.269939,0.379413,0.000000,0.000000,0.000000,0.000000,0.000000,0.000000,nan,nan,nan,nan,nan,nan,READY
1787037244020116168,2026-08-18T14:14:04.020160,ground_truth,0.005011,-0.165000,-0.000165,0.004878,-0.133568,-0.003330,True,,,,,,,,,-0.161392,0.390487,0.397004,-0.161990,0.269939,0.379413,0.000000,0.000000,0.000000,0.000000,0.000000,0.000000,nan,nan,nan,nan,nan,nan,READY
1787037244054222736,2026-08-18T14:14:04.054253,ground_truth,0.004371,-0.059000,0.005110,0.005011,-0.141113,-0.000165,True,,,,,,,,,-0.161524,0.382941,0.400168,-0.161972,0.265374,0.380512,0.000000,0.000000,0.000000,0.000000,0.000000,0.000000,nan,nan,nan,nan,nan,nan,READY
1787037244087560885,2026-08-18T14:14:04.087577,ground_truth,0.004431,-0.069000,0.008749,0.004726,-0.132383,-0.002885,True,,,,,,,,,-0.161240,0.391672,0.397449,-0.161972,0.265374,0.380512,0.000000,0.000000,0.000000,0.000000,0.000000,0.000000,nan,nan,nan,nan,nan,nan,READY
1787037244119930986,2026-08-18T14:14:04.119982,ground_truth,0.008798,-0.100000,0.011445,0.004677,-0.122476,-0.000946,True,,,,,,,,,-0.161191,0.401578,0.399388,-0.161937,0.262996,0.381744,0.000000,0.000000,0.000000,0.000000,0.000000,0.000000,nan,nan,nan,nan,nan,nan,READY
1787037244152896207,2026-08-18T14:14:04.152938,ground_truth,0.008407,-0.049000,0.013815,0.005266,-0.114667,0.000824,True,,,,,,,,,-0.161779,0.409388,0.401158,-0.161937,0.262996,0.381744,0.000000,0.000000,0.000000,0.000000,0.000000,0.000000,nan,nan,nan,nan,nan,nan,READY
1787037244193119658,2026-08-18T14:14:04.193146,ground_truth,0.008253,-0.029000,0.014744,0.005658,-0.108733,0.002448,True,,,,,,,,,-0.162172,0.415321,0.402782,-0.161923,0.262846,0.383018,0.000000,0.000000,0.000000,0.000000,0.000000,0.000000,nan,nan,nan,nan,nan,nan,READY
1787037244225350242,2026-08-18T14:14:04.225380,ground_truth,0.008883,-0.111000,0.019347,0.005946,-0.102369,0.003814,True,,,,,,,,,-0.162460,0.421686,0.404148,-0.161923,0.262846,0.383018,0.000000,0.000000,0.000000,0.000000,0.000000,0.000000,nan,nan,nan,nan,nan,nan,READY
1787037244257684577,2026-08-18T14:14:04.257705,ground_truth,0.008560,-0.069000,0.025296,0.006240,-0.096954,0.005367,True,,,,,,,,,-0.162754,0.427101,0.405701,-0.161930,0.264940,0.384324,0.000000,0.000000,0.000000,0.000000,0.000000,0.000000,nan,nan,nan,nan,nan,nan,READY
1787037244289823642,2026-08-18T14:14:04.289866,ground_truth,0.027746,-0.256000,0.021980,0.006451,-0.093936,0.007179,True,,,,,,,,,-0.162965,0.430119,0.407513,-0.161930,0.264940,0.384324,0.000000,0.000000,0.000000,0.000000,0.000000,0.000000,nan,nan,nan,nan,nan,nan,READY
1787037244324478041,2026-08-18T14:14:04.324505,ground_truth,0.041057,-0.256000,0.021980,0.006451,-0.093936,0.007179,True,,,,,,,,,-0.162965,0.430119,0.407513,-0.161961,0.269273,0.385668,0.000000,0.000000,0.000000,0.000000,0.000000,0.000000,nan,nan,nan,nan,nan,nan,READY
1787037244357505066,2026-08-18T14:14:04.357539,ground_truth,0.055408,-0.299000,0.020267,0.006451,-0.093936,0.007179,True,,,,,,,,,-0.162965,0.430119,0.407513,-0.161961,0.269273,0.385668,0.000000,0.000000,0.000000,0.000000,0.000000,0.000000,nan,nan,nan,nan,nan,nan,READY
1787037244387972125,2026-08-18T14:14:04.388014,ground_truth,0.075132,-0.354000,0.018075,0.006451,-0.093936,0.007179,True,,,,,,,,,-0.162965,0.430119,0.407513,-0.162005,0.275840,0.387014,0.000000,0.000000,0.000000,0.000000,0.000000,0.000000,nan,nan,nan,nan,nan,nan,READY
1787037244423062198,2026-08-18T14:14:04.423085,ground_truth,0.095239,-0.280000,0.016539,0.006451,-0.093936,0.007179,True,,,,,,,,,-0.162965,0.430119,0.407513,-0.162005,0.275840,0.387014,0.000000,0.000000,0.000000,0.000000,0.000000,0.000000,nan,nan,nan,nan,nan,nan,READY
1787037244455650923,2026-08-18T14:14:04.455670,ground_truth,0.118340,-0.500000,0.007408,0.013850,-0.094521,0.007959,True,,,,,,,,,-0.170364,0.429534,0.408293,-0.162365,0.284458,0.388358,0.000000,0.000000,0.000000,0.000000,0.000000,0.000000,nan,nan,nan,nan,nan,nan,READY
1787037244490554382,2026-08-18T14:14:04.490575,ground_truth,0.132223,-0.487000,0.003120,0.013850,-0.094521,0.007959,True,,,,,,,,,-0.170364,0.429534,0.408293,-0.162365,0.284458,0.388358,0.000000,0.000000,0.000000,0.000000,0.000000,0.000000,nan,nan,nan,nan,nan,nan,READY
1787037244521633220,2026-08-18T14:14:04.521661,ground_truth,0.134845,-0.187000,0.016067,0.013850,-0.094521,0.007959,True,,,,,,,,,-0.170364,0.429534,0.408293,-0.162917,0.294474,0.389734,0.000000,0.000000,0.000000,0.000000,0.000000,0.000000,nan,nan,nan,nan,nan,nan,READY
1787037244553899530,2026-08-18T14:14:04.553939,ground_truth,0.144786,-0.209000,0.010749,0.023157,-0.100319,0.008583,True,,,,,,,,,-0.179671,0.423735,0.408916,-0.162917,0.294474,0.389734,0.000000,0.000000,0.000000,0.000000,0.000000,0.000000,nan,nan,nan,nan,nan,nan,READY
1787037244588836741,2026-08-18T14:14:04.588879,ground_truth,0.156462,-0.187000,0.011735,0.031845,-0.107607,0.008737,True,,,,,,,,,-0.188359,0.416448,0.409071,-0.164908,0.304016,0.391247,0.000000,0.000000,0.000000,0.000000,0.000000,0.000000,nan,nan,nan,nan,nan,nan,READY
1787037244621059861,2026-08-18T14:14:04.621088,ground_truth,0.156470,-0.121000,0.014692,0.040153,-0.113201,0.008937,True,,,,,,,,,-0.196667,0.410853,0.409271,-0.164908,0.304016,0.391247,0.000000,0.000000,0.000000,0.000000,0.000000,0.000000,nan,nan,nan,nan,nan,nan,READY
1787037244657355019,2026-08-18T14:14:04.657370,ground_truth,0.162617,-0.215000,0.010480,0.050259,-0.116667,0.010707,True,,,,,,,,,-0.206773,0.407388,0.411040,-0.168596,0.313123,0.392991,0.000000,0.000000,0.000000,0.000000,0.000000,0.000000,nan,nan,nan,nan,nan,nan,READY
1787037244690144576,2026-08-18T14:14:04.690194,ground_truth,0.159347,-0.165000,0.012721,0.060801,-0.123120,0.011685,True,,,,,,,,,-0.217315,0.400935,0.412018,-0.168596,0.313123,0.392991,0.000000,0.000000,0.000000,0.000000,0.000000,0.000000,nan,nan,nan,nan,nan,nan,READY
1787037244721651494,2026-08-18T14:14:04.721688,ground_truth,0.158628,-0.154000,0.013214,0.071099,-0.125584,0.012755,True,,,,,,,,,-0.227613,0.398471,0.413088,-0.174182,0.321202,0.394893,0.000000,0.000000,0.000000,0.000000,0.000000,0.000000,nan,nan,nan,nan,nan,nan,READY
1787037244756070318,2026-08-18T14:14:04.756084,ground_truth,0.157909,-0.143000,0.013707,0.081340,-0.127250,0.013647,True,,,,,,,,,-0.237854,0.396805,0.413980,-0.174182,0.321202,0.394893,0.000000,0.000000,0.000000,0.000000,0.000000,0.000000,nan,nan,nan,nan,nan,nan,READY
1787037244790517113,2026-08-18T14:14:04.790534,ground_truth,0.153723,-0.079000,0.020728,0.091576,-0.128170,0.014220,True,,,,,,,,,-0.248090,0.395885,0.414554,-0.181103,0.328195,0.396734,0.000000,0.000000,0.000000,0.000000,0.000000,0.000000,nan,nan,nan,nan,nan,nan,READY
1787037244817974135,2026-08-18T14:14:04.817990,ground_truth,0.159277,-0.100000,0.024009,0.101529,-0.132301,0.015018,True,,,,,,,,,-0.258042,0.391754,0.415352,-0.181103,0.328195,0.396734,0.000000,0.000000,0.000000,0.000000,0.000000,0.000000,nan,nan,nan,nan,nan,nan,READY
1787037244855409628,2026-08-18T14:14:04.855427,ground_truth,0.157198,-0.069000,0.033569,0.111560,-0.134780,0.015856,True,,,,,,,,,-0.268074,0.389275,0.416190,-0.189133,0.333834,0.398530,0.000000,0.000000,0.000000,0.000000,0.000000,0.000000,nan,nan,nan,nan,nan,nan,READY
1787037244894182751,2026-08-18T14:14:04.894231,ground_truth,0.159277,-0.100000,0.040761,0.121480,-0.135809,0.017173,True,,,,,,,,,-0.277994,0.388245,0.417507,-0.189133,0.333834,0.398530,0.000000,0.000000,0.000000,0.000000,0.000000,0.000000,nan,nan,nan,nan,nan,nan,READY
1787037244920797968,2026-08-18T14:14:04.920841,ground_truth,0.157189,-0.132000,0.048126,0.131548,-0.138735,0.018908,True,,,,,,,,,-0.288062,0.385320,0.419241,-0.197707,0.339085,0.400361,0.000000,0.000000,0.000000,0.000000,0.000000,0.000000,nan,nan,nan,nan,nan,nan,READY
1787037244955413766,2026-08-18T14:14:04.955471,ground_truth,0.156470,-0.121000,0.061142,0.141435,-0.142040,0.020826,True,,,,,,,,,-0.297949,0.382014,0.421160,-0.197707,0.339085,0.400361,0.000000,0.000000,0.000000,0.000000,0.000000,0.000000,nan,nan,nan,nan,nan,nan,READY
1787037244986286333,2026-08-18T14:14:04.986306,ground_truth,0.159347,-0.165000,0.072856,0.151296,-0.145475,0.023216,True,,,,,,,,,-0.307810,0.378580,0.423550,-0.206756,0.342331,0.402267,0.000000,0.000000,0.000000,0.000000,0.000000,0.000000,nan,nan,nan,nan,nan,nan,READY
1787037245023925502,2026-08-18T14:14:05.023943,ground_truth,0.154443,-0.090000,0.086996,0.155570,-0.147282,0.026970,True,,,,,,,,,-0.312083,0.376773,0.427304,-0.206756,0.342331,0.402267,0.000000,0.000000,0.000000,0.000000,0.000000,0.000000,nan,nan,nan,nan,nan,nan,READY
1787037245055296879,2026-08-18T14:14:05.055318,ground_truth,0.149407,-0.143000,0.103146,0.156876,-0.144123,0.031699,True,,,,,,,,,-0.313390,0.379932,0.432033,-0.216064,0.345374,0.404480,0.000000,0.000000,0.000000,0.000000,0.000000,0.000000,nan,nan,nan,nan,nan,nan,READY
1787037245089378110,2026-08-18T14:14:05.089410,ground_truth,0.132425,-0.069000,0.120442,0.157184,-0.139971,0.037859,True,,,,,,,,,-0.313698,0.384084,0.438193,-0.216064,0.345374,0.404480,0.000000,0.000000,0.000000,0.000000,0.000000,0.000000,nan,nan,nan,nan,nan,nan,READY
1787037245122320798,2026-08-18T14:14:05.122358,ground_truth,0.118890,0.029000,0.140660,0.155582,-0.133968,0.045106,True,,,,,,,,,-0.312096,0.390087,0.445440,-0.224486,0.349296,0.408072,0.000000,0.000000,0.000000,0.000000,0.000000,0.000000,nan,nan,nan,nan,nan,nan,READY
1787037245158414254,2026-08-18T14:14:05.158446,ground_truth,0.111916,0.010000,0.160782,0.153076,-0.126473,0.053504,True,,,,,,,,,-0.309590,0.397581,0.453838,-0.224486,0.349296,0.408072,0.000000,0.000000,0.000000,0.000000,0.000000,0.000000,nan,nan,nan,nan,nan,nan,READY
1787037245189279216,2026-08-18T14:14:05.189314,ground_truth,0.104299,0.084000,0.179238,0.149696,-0.114468,0.063524,True,,,,,,,,,-0.306210,0.409587,0.463858,-0.232367,0.353767,0.412310,0.000000,0.000000,0.000000,0.000000,0.000000,0.000000,nan,nan,nan,nan,nan,nan,READY
1787037245222174146,2026-08-18T14:14:05.222212,ground_truth,0.096956,0.075000,0.198924,0.146026,-0.101720,0.074625,True,,,,,,,,,-0.302540,0.422335,0.474959,-0.232367,0.353767,0.412310,0.000000,0.000000,0.000000,0.000000,0.000000,0.000000,nan,nan,nan,nan,nan,nan,READY
1787037245256569597,2026-08-18T14:14:05.256586,ground_truth,0.088031,0.102000,0.217398,0.141915,-0.086371,0.087006,True,,,,,,,,,-0.298429,0.437684,0.487339,-0.238568,0.359387,0.417433,0.000000,0.000000,0.000000,0.000000,0.000000,0.000000,nan,nan,nan,nan,nan,nan,READY
1787037245294850270,2026-08-18T14:14:05.294882,ground_truth,0.083086,0.129000,0.239236,0.137256,-0.070607,0.100585,True,,,,,,,,,-0.293770,0.453447,0.500919,-0.242983,0.366086,0.423401,0.000000,0.000000,0.000000,0.000000,0.000000,0.000000,nan,nan,nan,nan,nan,nan,READY
1787037245321029392,2026-08-18T14:14:05.321067,ground_truth,0.077163,0.084000,0.256919,0.132547,-0.054388,0.115152,True,,,,,,,,,-0.289061,0.469667,0.515486,-0.242983,0.366086,0.423401,0.000000,0.000000,0.000000,0.000000,0.000000,0.000000,nan,nan,nan,nan,nan,nan,READY
1787037245357083875,2026-08-18T14:14:05.357101,ground_truth,0.072965,0.093000,0.275776,0.127073,-0.040371,0.130680,True,,,,,,,,,-0.283587,0.483684,0.531013,-0.242983,0.366086,0.423401,0.000000,0.000000,0.000000,0.000000,0.000000,0.000000,nan,nan,nan,nan,nan,nan,READY
1787037245391214056,2026-08-18T14:14:05.391253,ground_truth,0.068490,0.111000,0.293846,0.121458,-0.028394,0.146827,True,,,,,,,,,-0.277971,0.495661,0.547161,-0.245293,0.373055,0.429986,0.000000,0.000000,0.000000,0.000000,0.000000,0.000000,nan,nan,nan,nan,nan,nan,READY
1787037245424780265,2026-08-18T14:14:05.424802,ground_truth,0.060826,0.111000,0.313043,0.115405,-0.015705,0.163699,True,,,,,,,,,-0.271919,0.508349,0.564033,-0.245293,0.373055,0.429986,0.000000,0.000000,0.000000,0.000000,0.000000,0.000000,nan,nan,nan,nan,nan,nan,READY
1787037245455667309,2026-08-18T14:14:05.455688,ground_truth,0.063815,0.137000,0.322376,0.108981,-0.001914,0.181360,True,,,,,,,,,-0.265495,0.522140,0.581694,-0.246237,0.380022,0.437076,0.000000,0.000000,0.000000,0.000000,0.000000,0.000000,nan,nan,nan,nan,nan,nan,READY
1787037245491414875,2026-08-18T14:14:05.491468,ground_truth,0.059503,0.154000,0.336021,0.102804,0.013217,0.198776,True,,,,,,,,,-0.259318,0.537272,0.599110,-0.246237,0.380022,0.437076,0.000000,0.000000,0.000000,0.000000,0.000000,0.000000,nan,nan,nan,nan,nan,nan,READY
1787037245526082158,2026-08-18T14:14:05.526099,ground_truth,0.055742,0.154000,0.347326,0.096148,0.030590,0.216320,True,,,,,,,,,-0.252661,0.554645,0.616654,-0.246495,0.387027,0.444279,0.000000,0.000000,0.000000,0.000000,0.000000,0.000000,nan,nan,nan,nan,nan,nan,READY
1787037245557923803,2026-08-18T14:14:05.557939,ground_truth,0.055480,0.163000,0.357726,0.089568,0.048731,0.233676,True,,,,,,,,,-0.246081,0.572786,0.634009,-0.246495,0.387027,0.444279,0.000000,0.000000,0.000000,0.000000,0.000000,0.000000,nan,nan,nan,nan,nan,nan,READY
1787037245587810049,2026-08-18T14:14:05.587828,ground_truth,0.051294,0.179000,0.371025,0.083306,0.068200,0.250648,True,,,,,,,,,-0.239820,0.592254,0.650981,-0.246267,0.394035,0.451338,0.000000,0.000000,0.000000,0.000000,0.000000,0.000000,nan,nan,nan,nan,nan,nan,READY
1787037245620198745,2026-08-18T14:14:05.620245,ground_truth,0.052200,0.146000,0.385907,0.077897,0.085587,0.267353,True,,,,,,,,,-0.234411,0.609641,0.667687,-0.246267,0.394035,0.451338,0.000000,0.000000,0.000000,0.000000,0.000000,0.000000,nan,nan,nan,nan,nan,nan,READY
1787037245656383228,2026-08-18T14:14:05.656399,ground_truth,0.052448,0.137000,0.398305,0.073451,0.101437,0.283703,True,,,,,,,,,-0.229965,0.625492,0.684037,-0.245770,0.401093,0.458434,0.000000,0.000000,0.000000,0.000000,0.000000,0.000000,nan,nan,nan,nan,nan,nan,READY
1787037245686331208,2026-08-18T14:14:05.686345,ground_truth,0.048426,0.146000,0.408596,0.069486,0.111861,0.299538,True,,,,,,,,,-0.226000,0.635916,0.699872,-0.245770,0.401093,0.458434,0.000000,0.000000,0.000000,0.000000,0.000000,0.000000,nan,nan,nan,nan,nan,nan,READY
1787037245724363813,2026-08-18T14:14:05.724416,ground_truth,0.048219,0.154000,0.415157,0.065762,0.120186,0.314828,True,,,,,,,,,-0.222275,0.644240,0.715162,-0.245102,0.408001,0.465727,0.000000,0.000000,0.000000,0.000000,0.000000,0.000000,nan,nan,nan,nan,nan,nan,READY
1787037245753771926,2026-08-18T14:14:05.753810,ground_truth,0.048426,0.146000,0.419941,0.062512,0.125637,0.329244,True,,,,,,,,,-0.219026,0.649692,0.729578,-0.245102,0.408001,0.465727,0.000000,0.000000,0.000000,0.000000,0.000000,0.000000,nan,nan,nan,nan,nan,nan,READY
1787037245793127433,2026-08-18T14:14:05.793185,ground_truth,0.047135,0.196000,0.417290,0.059872,0.130034,0.342747,True,,,,,,,,,-0.216386,0.654089,0.743080,-0.244330,0.414617,0.473184,0.000000,0.000000,0.000000,0.000000,0.000000,0.000000,nan,nan,nan,nan,nan,nan,READY
1787037245827079375,2026-08-18T14:14:05.827092,ground_truth,0.047574,0.179000,0.426931,0.057475,0.133687,0.354617,True,,,,,,,,,-0.213989,0.657742,0.754951,-0.243523,0.421083,0.480678,0.000000,0.000000,0.000000,0.000000,0.000000,0.000000,nan,nan,nan,nan,nan,nan,READY
1787037245854903463,2026-08-18T14:14:05.854940,ground_truth,0.043250,0.204000,0.427318,0.055503,0.138524,0.365951,True,,,,,,,,,-0.212017,0.662579,0.766285,-0.243523,0.421083,0.480678,0.000000,0.000000,0.000000,0.000000,0.000000,0.000000,nan,nan,nan,nan,nan,nan,READY
1787037245888739732,2026-08-18T14:14:05.888757,ground_truth,0.043854,0.179000,0.434385,0.053522,0.144985,0.376054,True,,,,,,,,,-0.210036,0.669040,0.776388,-0.243523,0.421083,0.480678,0.000000,0.000000,0.000000,0.000000,0.000000,0.000000,nan,nan,nan,nan,nan,nan,READY
1787037245926408666,2026-08-18T14:14:05.926429,ground_truth,0.043056,0.212000,0.429921,0.051879,0.150864,0.385423,True,,,,,,,,,-0.208393,0.674919,0.785757,-0.242639,0.427474,0.488359,0.000000,0.000000,0.000000,0.000000,0.000000,0.000000,nan,nan,nan,nan,nan,nan,READY
1787037245957095009,2026-08-18T14:14:05.957110,ground_truth,0.043056,0.212000,0.429921,0.050695,0.156999,0.393215,True,,,,,,,,,-0.207209,0.681054,0.793549,-0.242639,0.427474,0.488359,0.000000,0.000000,0.000000,0.000000,0.000000,0.000000,nan,nan,nan,nan,nan,nan,READY
1787037245988147106,2026-08-18T14:14:05.988173,ground_truth,0.040134,0.179000,0.438112,0.049311,0.163613,0.400385,True,,,,,,,,,-0.205825,0.687668,0.800718,-0.241736,0.433853,0.496017,0.000000,0.000000,0.000000,0.000000,0.000000,0.000000,nan,nan,nan,nan,nan,nan,READY
1787037246022365199,2026-08-18T14:14:06.022392,ground_truth,0.039751,0.196000,0.435785,0.048020,0.168936,0.407191,True,,,,,,,,,-0.204533,0.692991,0.807524,-0.241736,0.433853,0.496017,0.000000,0.000000,0.000000,0.000000,0.000000,0.000000,nan,nan,nan,nan,nan,nan,READY
1787037246055375602,2026-08-18T14:14:06.055391,ground_truth,0.035391,0.228000,0.431403,0.046954,0.172241,0.413088,True,,,,,,,,,-0.203467,0.696295,0.813422,-0.240815,0.440168,0.503655,0.000000,0.000000,0.000000,0.000000,0.000000,0.000000,nan,nan,nan,nan,nan,nan,READY
1787037246087674722,2026-08-18T14:14:06.087689,ground_truth,0.035558,0.220000,0.432499,0.045614,0.175142,0.418000,True,,,,,,,,,-0.202128,0.699196,0.818334,-0.240815,0.440168,0.503655,0.000000,0.000000,0.000000,0.000000,0.000000,0.000000,nan,nan,nan,nan,nan,nan,READY
1787037246125433601,2026-08-18T14:14:06.125459,ground_truth,0.036059,0.196000,0.439484,0.044565,0.178762,0.422098,True,,,,,,,,,-0.201079,0.702816,0.822432,-0.239851,0.446541,0.511390,0.000000,0.000000,0.000000,0.000000,0.000000,0.000000,nan,nan,nan,nan,nan,nan,READY
1787037246158296733,2026-08-18T14:14:06.158341,ground_truth,0.035725,0.212000,0.433594,0.043489,0.182526,0.425670,True,,,,,,,,,-0.200003,0.706581,0.826004,-0.239851,0.446541,0.511390,0.000000,0.000000,0.000000,0.000000,0.000000,0.000000,nan,nan,nan,nan,nan,nan,READY
1787037246192322340,2026-08-18T14:14:06.192351,ground_truth,0.035391,0.228000,0.431403,0.042374,0.186799,0.428022,True,,,,,,,,,-0.198888,0.710853,0.828356,-0.238864,0.452910,0.519028,0.000000,0.000000,0.000000,0.000000,0.000000,0.000000,nan,nan,nan,nan,nan,nan,READY
1787037246224830175,2026-08-18T14:14:06.224865,ground_truth,0.035892,0.204000,0.434689,0.041506,0.191173,0.429543,True,,,,,,,,,-0.198019,0.715228,0.829877,-0.238864,0.452910,0.519028,0.000000,0.000000,0.000000,0.000000,0.000000,0.000000,nan,nan,nan,nan,nan,nan,READY
1787037246255919882,2026-08-18T14:14:06.255936,ground_truth,0.035725,0.212000,0.433594,0.040684,0.195568,0.430845,True,,,,,,,,,-0.197198,0.719623,0.831179,-0.237859,0.459342,0.526555,0.000000,0.000000,0.000000,0.000000,0.000000,0.000000,nan,nan,nan,nan,nan,nan,READY
1787037246288934413,2026-08-18T14:14:06.288961,ground_truth,0.035391,0.228000,0.431403,0.039837,0.199967,0.431755,True,,,,,,,,,-0.196351,0.724022,0.832089,-0.237859,0.459342,0.526555,0.000000,0.000000,0.000000,0.000000,0.000000,0.000000,nan,nan,nan,nan,nan,nan,READY
1787037246328519784,2026-08-18T14:14:06.328536,ground_truth,0.035391,0.228000,0.431403,0.039054,0.203940,0.432696,True,,,,,,,,,-0.195568,0.727995,0.833030,-0.236827,0.465898,0.534034,0.000000,0.000000,0.000000,0.000000,0.000000,0.000000,nan,nan,nan,nan,nan,nan,READY
1787037246355486850,2026-08-18T14:14:06.355507,ground_truth,0.035558,0.220000,0.432499,0.038242,0.207348,0.432994,True,,,,,,,,,-0.194756,0.731403,0.833328,-0.236827,0.465898,0.534034,0.000000,0.000000,0.000000,0.000000,0.000000,0.000000,nan,nan,nan,nan,nan,nan,READY
1787037246386551000,2026-08-18T14:14:06.386564,ground_truth,0.034744,0.259000,0.427159,0.037729,0.209736,0.433340,True,,,,,,,,,-0.194243,0.733791,0.833673,-0.235772,0.472535,0.541458,0.000000,0.000000,0.000000,0.000000,0.000000,0.000000,nan,nan,nan,nan,nan,nan,READY
1787037246419528743,2026-08-18T14:14:06.419575,ground_truth,0.035558,0.220000,0.428839,0.037122,0.212827,0.432858,True,,,,,,,,,-0.193636,0.736882,0.833192,-0.235772,0.472535,0.541458,0.000000,0.000000,0.000000,0.000000,0.000000,0.000000,nan,nan,nan,nan,nan,nan,READY
1787037246456348047,2026-08-18T14:14:06.456366,ground_truth,0.036059,0.196000,0.432086,0.036622,0.214299,0.432786,True,,,,,,,,,-0.193136,0.738354,0.833119,-0.234699,0.479223,0.548796,0.000000,0.000000,0.000000,0.000000,0.000000,0.000000,nan,nan,nan,nan,nan,nan,READY
1787037246489221648,2026-08-18T14:14:06.489275,ground_truth,0.035892,0.204000,0.431003,0.036156,0.215020,0.432930,True,,,,,,,,,-0.192669,0.739075,0.833264,-0.234699,0.479223,0.548796,0.000000,0.000000,0.000000,0.000000,0.000000,0.000000,nan,nan,nan,nan,nan,nan,READY
1787037246521421404,2026-08-18T14:14:06.521441,ground_truth,0.034577,0.267000,0.422482,0.035873,0.214737,0.432456,True,,,,,,,,,-0.192387,0.738792,0.832790,-0.233602,0.485956,0.556163,0.000000,0.000000,0.000000,0.000000,0.000000,0.000000,nan,nan,nan,nan,nan,nan,READY
1787037246562464797,2026-08-18T14:14:06.562482,ground_truth,0.035558,0.220000,0.428839,0.035528,0.215108,0.431569,True,,,,,,,,,-0.192042,0.739162,0.831903,-0.232502,0.492661,0.563464,0.000000,0.000000,0.000000,0.000000,0.000000,0.000000,nan,nan,nan,nan,nan,nan,READY
1787037246586531970,2026-08-18T14:14:06.586576,ground_truth,0.034744,0.259000,0.423564,0.035539,0.216462,0.431398,True,,,,,,,,,-0.192053,0.740516,0.831732,-0.232502,0.492661,0.563464,0.000000,0.000000,0.000000,0.000000,0.000000,0.000000,nan,nan,nan,nan,nan,nan,READY
1787037246626422996,2026-08-18T14:14:06.626439,ground_truth,0.034890,0.252000,0.424511,0.035485,0.218812,0.430803,True,,,,,,,,,-0.191998,0.742867,0.831136,-0.232502,0.492661,0.563464,0.000000,0.000000,0.000000,0.000000,0.000000,0.000000,nan,nan,nan,nan,nan,nan,READY
1787037246661520161,2026-08-18T14:14:06.661546,ground_truth,0.034097,0.290000,0.415827,0.035407,0.220989,0.429804,True,,,,,,,,,-0.191921,0.745044,0.830138,-0.231405,0.499435,0.570711,0.000000,0.000000,0.000000,0.000000,0.000000,0.000000,nan,nan,nan,nan,nan,nan,READY
1787037246688276227,2026-08-18T14:14:06.688297,ground_truth,0.034097,0.290000,0.415827,0.035298,0.223931,0.428620,True,,,,,,,,,-0.191812,0.747986,0.828954,-0.231405,0.499435,0.570711,0.000000,0.000000,0.000000,0.000000,0.000000,0.000000,nan,nan,nan,nan,nan,nan,READY
1787037246726359145,2026-08-18T14:14:06.726403,ground_truth,0.034097,0.290000,0.415827,0.035212,0.228680,0.427582,True,,,,,,,,,-0.191726,0.752734,0.827915,-0.230309,0.506433,0.577817,0.000000,0.000000,0.000000,0.000000,0.000000,0.000000,nan,nan,nan,nan,nan,nan,READY
1787037246756503176,2026-08-18T14:14:06.756518,ground_truth,0.033951,0.297000,0.418424,0.035092,0.233789,0.426324,True,,,,,,,,,-0.191606,0.757844,0.826658,-0.230309,0.506433,0.577817,0.000000,0.000000,0.000000,0.000000,0.000000,0.000000,nan,nan,nan,nan,nan,nan,READY
1787037246793463511,2026-08-18T14:14:06.793483,ground_truth,0.033951,0.297000,0.418424,0.034974,0.238971,0.425313,True,,,,,,,,,-0.191488,0.763026,0.825646,-0.229230,0.513563,0.584704,0.000000,0.000000,0.000000,0.000000,0.000000,0.000000,nan,nan,nan,nan,nan,nan,READY
1787037246827832242,2026-08-18T14:14:06.827849,ground_truth,0.034097,0.290000,0.419370,0.034878,0.244541,0.424447,True,,,,,,,,,-0.191392,0.768596,0.824781,-0.228148,0.520854,0.591567,0.000000,0.000000,0.000000,0.000000,0.000000,0.000000,nan,nan,nan,nan,nan,nan,READY
1787037246855677018,2026-08-18T14:14:06.855689,ground_truth,0.033784,0.305000,0.417341,0.034792,0.249335,0.423645,True,,,,,,,,,-0.191305,0.773390,0.823979,-0.228148,0.520854,0.591567,0.000000,0.000000,0.000000,0.000000,0.000000,0.000000,nan,nan,nan,nan,nan,nan,READY
1787037246895751753,2026-08-18T14:14:06.895767,ground_truth,0.033784,0.305000,0.417341,0.034673,0.253974,0.422635,True,,,,,,,,,-0.191187,0.778028,0.822968,-0.227080,0.528288,0.598256,0.000000,0.000000,0.000000,0.000000,0.000000,0.000000,nan,nan,nan,nan,nan,nan,READY
1787037246926393473,2026-08-18T14:14:06.926408,ground_truth,0.033784,0.305000,0.420860,0.034609,0.259008,0.421980,True,,,,,,,,,-0.191123,0.783063,0.822314,-0.227080,0.528288,0.598256,0.000000,0.000000,0.000000,0.000000,0.000000,0.000000,nan,nan,nan,nan,nan,nan,READY
1787037246956222713,2026-08-18T14:14:06.956239,ground_truth,0.033951,0.297000,0.421956,0.034491,0.264548,0.421448,True,,,,,,,,,-0.191005,0.788603,0.821782,-0.227080,0.528288,0.598256,0.000000,0.000000,0.000000,0.000000,0.000000,0.000000,nan,nan,nan,nan,nan,nan,READY
1787037246991099622,2026-08-18T14:14:06.991124,ground_truth,0.033638,0.312000,0.419902,0.034351,0.270190,0.420773,True,,,,,,,,,-0.190864,0.794244,0.821107,-0.226053,0.535826,0.604572,0.000000,0.000000,0.000000,0.000000,0.000000,0.000000,nan,nan,nan,nan,nan,nan,READY
1787037247024460221,2026-08-18T14:14:07.024483,ground_truth,0.033492,0.319000,0.418943,0.034200,0.276705,0.420033,True,,,,,,,,,-0.190714,0.800759,0.820367,-0.226053,0.535826,0.604572,0.000000,0.000000,0.000000,0.000000,0.000000,0.000000,nan,nan,nan,nan,nan,nan,READY
1787037247056750364,2026-08-18T14:14:07.056766,ground_truth,0.033638,0.312000,0.419902,0.034128,0.283768,0.419797,True,,,,,,,,,-0.190642,0.807822,0.820131,-0.225037,0.543633,0.610759,0.000000,0.000000,0.000000,0.000000,0.000000,0.000000,nan,nan,nan,nan,nan,nan,READY
1787037247088051351,2026-08-18T14:14:07.088067,ground_truth,0.033325,0.327000,0.417848,0.034000,0.290087,0.419201,True,,,,,,,,,-0.190514,0.814142,0.819535,-0.225037,0.543633,0.610759,0.000000,0.000000,0.000000,0.000000,0.000000,0.000000,nan,nan,nan,nan,nan,nan,READY
1787037247123869818,2026-08-18T14:14:07.123897,ground_truth,0.033325,0.327000,0.417848,0.033905,0.294551,0.418820,True,,,,,,,,,-0.190419,0.818606,0.819154,-0.224041,0.551546,0.616756,0.000000,0.000000,0.000000,0.000000,0.000000,0.000000,nan,nan,nan,nan,nan,nan,READY
1787037247157088384,2026-08-18T14:14:07.157103,ground_truth,0.033033,0.341000,0.415931,0.033801,0.299444,0.418376,True,,,,,,,,,-0.190315,0.823498,0.818710,-0.224041,0.551546,0.616756,0.000000,0.000000,0.000000,0.000000,0.000000,0.000000,nan,nan,nan,nan,nan,nan,READY
1787037247188781475,2026-08-18T14:14:07.188802,ground_truth,0.033325,0.327000,0.417848,0.033730,0.304049,0.418383,True,,,,,,,,,-0.190244,0.828104,0.818717,-0.223061,0.559562,0.622610,0.000000,0.000000,0.000000,0.000000,0.000000,0.000000,nan,nan,nan,nan,nan,nan,READY
1787037247225628110,2026-08-18T14:14:07.225650,ground_truth,0.033492,0.319000,0.418943,0.033678,0.306943,0.418518,True,,,,,,,,,-0.190192,0.830998,0.818851,-0.223061,0.559562,0.622610,0.000000,0.000000,0.000000,0.000000,0.000000,0.000000,nan,nan,nan,nan,nan,nan,READY
1787037247258823474,2026-08-18T14:14:07.258864,ground_truth,0.033179,0.334000,0.416890,0.033638,0.309495,0.418725,True,,,,,,,,,-0.190152,0.833550,0.819059,-0.222083,0.567637,0.628448,0.000000,0.000000,0.000000,0.000000,0.000000,0.000000,nan,nan,nan,nan,nan,nan,READY
1787037247294473479,2026-08-18T14:14:07.294513,ground_truth,0.033325,0.327000,0.417848,0.033587,0.311979,0.418623,True,,,,,,,,,-0.190100,0.836034,0.818957,-0.222083,0.567637,0.628448,0.000000,0.000000,0.000000,0.000000,0.000000,0.000000,nan,nan,nan,nan,nan,nan,READY
1787037247321532805,2026-08-18T14:14:07.321587,ground_truth,0.032887,0.348000,0.414973,0.033545,0.314076,0.418585,True,,,,,,,,,-0.190059,0.838131,0.818919,-0.221101,0.575879,0.634298,0.000000,0.000000,0.000000,0.000000,0.000000,0.000000,nan,nan,nan,nan,nan,nan,READY
1787037247357512650,2026-08-18T14:14:07.357573,ground_truth,0.032741,0.355000,0.414014,0.033464,0.316469,0.418292,True,,,,,,,,,-0.189978,0.840523,0.818625,-0.221101,0.575879,0.634298,0.000000,0.000000,0.000000,0.000000,0.000000,0.000000,nan,nan,nan,nan,nan,nan,READY
1787037247389556428,2026-08-18T14:14:07.389584,ground_truth,0.029042,0.369000,0.408684,0.033395,0.319667,0.418070,True,,,,,,,,,-0.189908,0.843722,0.818404,-0.220150,0.584049,0.639914,0.000000,0.000000,0.000000,0.000000,0.000000,0.000000,nan,nan,nan,nan,nan,nan,READY
1787037247423376435,2026-08-18T14:14:07.423397,ground_truth,0.028773,0.383000,0.406790,0.033078,0.322973,0.417493,True,,,,,,,,,-0.189592,0.847028,0.817826,-0.220150,0.584049,0.639914,0.000000,0.000000,0.000000,0.000000,0.000000,0.000000,nan,nan,nan,nan,nan,nan,READY
1787037247460956814,2026-08-18T14:14:07.461016,ground_truth,0.025143,0.397000,0.404897,0.032744,0.327048,0.416555,True,,,,,,,,,-0.189258,0.851103,0.816888,-0.219197,0.592284,0.645371,0.000000,0.000000,0.000000,0.000000,0.000000,0.000000,nan,nan,nan,nan,nan,nan,READY
1787037247493380183,2026-08-18T14:14:07.493405,ground_truth,0.025389,0.383000,0.406790,0.032157,0.332023,0.415417,True,,,,,,,,,-0.188671,0.856078,0.815751,-0.219197,0.592284,0.645371,0.000000,0.000000,0.000000,0.000000,0.000000,0.000000,nan,nan,nan,nan,nan,nan,READY
1787037247524959083,2026-08-18T14:14:07.524983,ground_truth,0.018336,0.403000,0.404085,0.031607,0.337178,0.414543,True,,,,,,,,,-0.188121,0.861233,0.814877,-0.218228,0.600662,0.650782,0.000000,0.000000,0.000000,0.000000,0.000000,0.000000,nan,nan,nan,nan,nan,nan,READY
1787037247557140115,2026-08-18T14:14:07.557160,ground_truth,0.018136,0.417000,0.402191,0.030597,0.342742,0.413553,True,,,,,,,,,-0.187111,0.866797,0.813886,-0.218228,0.600662,0.650782,0.000000,0.000000,0.000000,0.000000,0.000000,0.000000,nan,nan,nan,nan,nan,nan,READY
1787037247591671745,2026-08-18T14:14:07.591707,ground_truth,0.014897,0.410000,0.403138,0.029563,0.348709,0.412372,True,,,,,,,,,-0.186077,0.872763,0.812706,-0.217213,0.609249,0.655892,0.000000,0.000000,0.000000,0.000000,0.000000,0.000000,nan,nan,nan,nan,nan,nan,READY
1787037247627489110,2026-08-18T14:14:07.627538,ground_truth,0.014986,0.403000,0.404085,0.028335,0.354755,0.411391,True,,,,,,,,,-0.184849,0.878810,0.811725,-0.216190,0.617767,0.660817,0.000000,0.000000,0.000000,0.000000,0.000000,0.000000,nan,nan,nan,nan,nan,nan,READY
1787037247658105082,2026-08-18T14:14:07.658127,ground_truth,0.011416,0.423000,0.401380,0.027112,0.360391,0.410474,True,,,,,,,,,-0.183626,0.884446,0.810808,-0.216190,0.617767,0.660817,0.000000,0.000000,0.000000,0.000000,0.000000,0.000000,nan,nan,nan,nan,nan,nan,READY
1787037247693906187,2026-08-18T14:14:07.693931,ground_truth,0.011339,0.430000,0.400433,0.025671,0.365945,0.409504,True,,,,,,,,,-0.182185,0.890000,0.809837,-0.216190,0.617767,0.660817,0.000000,0.000000,0.000000,0.000000,0.000000,0.000000,nan,nan,nan,nan,nan,nan,READY
1787037247726582923,2026-08-18T14:14:07.726600,ground_truth,0.007967,0.437000,0.399486,0.024205,0.372176,0.408343,True,,,,,,,,,-0.180719,0.896231,0.808676,-0.215021,0.626945,0.665690,0.000000,0.000000,0.000000,0.000000,0.000000,0.000000,nan,nan,nan,nan,nan,nan,READY
1787037247759912285,2026-08-18T14:14:07.759935,ground_truth,0.004627,0.443000,0.398674,0.022504,0.378915,0.407046,True,,,,,,,,,-0.179017,0.902970,0.807379,-0.215021,0.626945,0.665690,0.000000,0.000000,0.000000,0.000000,0.000000,0.000000,nan,nan,nan,nan,nan,nan,READY
1787037247793975481,2026-08-18T14:14:07.794005,ground_truth,0.004627,0.443000,0.398674,0.020600,0.386130,0.405831,True,,,,,,,,,-0.177114,0.910185,0.806165,-0.213908,0.635479,0.670071,0.000000,0.000000,0.000000,0.000000,0.000000,0.000000,nan,nan,nan,nan,nan,nan,READY
1787037247824023174,2026-08-18T14:14:07.824055,ground_truth,0.004481,0.462000,0.396104,0.018687,0.393759,0.404553,True,,,,,,,,,-0.175201,0.917814,0.804887,-0.213908,0.635479,0.670071,0.000000,0.000000,0.000000,0.000000,0.000000,0.000000,nan,nan,nan,nan,nan,nan,READY
1787037247856444218,2026-08-18T14:14:07.856458,ground_truth,0.001228,0.462000,0.396104,0.016793,0.401099,0.403295,True,,,,,,,,,-0.173307,0.925153,0.803629,-0.212652,0.644438,0.674201,0.000000,0.000000,0.000000,0.000000,0.000000,0.000000,nan,nan,nan,nan,nan,nan,READY
1787037247892056614,2026-08-18T14:14:07.892077,ground_truth,0.001228,0.462000,0.392845,0.014692,0.408646,0.402101,True,,,,,,,,,-0.171206,0.932701,0.802435,-0.212652,0.644438,0.674201,0.000000,0.000000,0.000000,0.000000,0.000000,0.000000,nan,nan,nan,nan,nan,nan,READY
1787037247924620252,2026-08-18T14:14:07.924637,ground_truth,-0.002056,0.469000,0.391909,0.012838,0.415863,0.401045,True,,,,,,,,,-0.169352,0.939917,0.801379,-0.211354,0.653471,0.678220,0.000000,0.000000,0.000000,0.000000,0.000000,0.000000,nan,nan,nan,nan,nan,nan,READY
1787037247957867642,2026-08-18T14:14:07.957889,ground_truth,-0.002056,0.469000,0.391909,0.010783,0.422266,0.400053,True,,,,,,,,,-0.167297,0.946321,0.800387,-0.211354,0.653471,0.678220,0.000000,0.000000,0.000000,0.000000,0.000000,0.000000,nan,nan,nan,nan,nan,nan,READY
1787037247991036748,2026-08-18T14:14:07.991064,ground_truth,-0.002083,0.475000,0.391108,0.008970,0.428133,0.399187,True,,,,,,,,,-0.165483,0.952188,0.799521,-0.209947,0.662629,0.681939,0.000000,0.000000,0.000000,0.000000,0.000000,0.000000,nan,nan,nan,nan,nan,nan,READY
1787037248022136302,2026-08-18T14:14:08.022180,ground_truth,-0.002083,0.475000,0.387870,0.007138,0.433893,0.398142,True,,,,,,,,,-0.163652,0.957948,0.798475,-0.209947,0.662629,0.681939,0.000000,0.000000,0.000000,0.000000,0.000000,0.000000,nan,nan,nan,nan,nan,nan,READY
1787037248054643335,2026-08-18T14:14:08.054683,ground_truth,-0.002135,0.487000,0.383068,0.005777,0.439205,0.397061,True,,,,,,,,,-0.162291,0.963260,0.797394,-0.208481,0.671881,0.685492,0.000000,0.000000,0.000000,0.000000,0.000000,0.000000,nan,nan,nan,nan,nan,nan,READY
1787037248090979778,2026-08-18T14:14:08.091050,ground_truth,-0.002135,0.487000,0.376631,0.004425,0.444108,0.395786,True,,,,,,,,,-0.160939,0.968163,0.796120,-0.208481,0.671881,0.685492,0.000000,0.000000,0.000000,0.000000,0.000000,0.000000,nan,nan,nan,nan,nan,nan,READY
1787037248130297284,2026-08-18T14:14:08.130353,ground_truth,0.001149,0.475000,0.371679,0.003290,0.449195,0.394019,True,,,,,,,,,-0.159804,0.973250,0.794352,-0.206985,0.681204,0.688973,0.000000,0.000000,0.000000,0.000000,0.000000,0.000000,nan,nan,nan,nan,nan,nan,READY
1787037248155035674,2026-08-18T14:14:08.155063,ground_truth,0.001041,0.493000,0.366244,0.002367,0.454319,0.391858,True,,,,,,,,,-0.158881,0.978374,0.792192,-0.206985,0.681204,0.688973,0.000000,0.000000,0.000000,0.000000,0.000000,0.000000,nan,nan,nan,nan,nan,nan,READY
1787037248192017057,2026-08-18T14:14:08.192058,ground_truth,0.001077,0.487000,0.360540,0.001676,0.459451,0.389516,True,,,,,,,,,-0.158190,0.983505,0.789850,-0.205477,0.690543,0.692089,0.000000,0.000000,0.000000,0.000000,0.000000,0.000000,nan,nan,nan,nan,nan,nan,READY
1787037248229228535,2026-08-18T14:14:08.229242,ground_truth,0.001113,0.481000,0.354796,0.000992,0.463890,0.386856,True,,,,,,,,,-0.157505,0.987945,0.787190,-0.203963,0.699932,0.695092,0.000000,0.000000,0.000000,0.000000,0.000000,0.000000,nan,nan,nan,nan,nan,nan,READY
1787037248262918302,2026-08-18T14:14:08.262957,ground_truth,0.001185,0.469000,0.352934,0.000535,0.467818,0.383877,True,,,,,,,,,-0.157049,0.991873,0.784211,-0.203963,0.699932,0.695092,0.000000,0.000000,0.000000,0.000000,0.000000,0.000000,nan,nan,nan,nan,nan,nan,READY
1787037248293048697,2026-08-18T14:14:08.293077,ground_truth,-0.002109,0.481000,0.348340,0.000305,0.470950,0.380828,True,,,,,,,,,-0.156819,0.995005,0.781161,-0.203963,0.699932,0.695092,0.000000,0.000000,0.000000,0.000000,0.000000,0.000000,nan,nan,nan,nan,nan,nan,READY
1787037248326464447,2026-08-18T14:14:08.326501,ground_truth,-0.002135,0.487000,0.344449,-0.000144,0.473603,0.377472,True,,,,,,,,,-0.156370,0.997658,0.777806,-0.202437,0.709483,0.697878,0.000000,0.000000,0.000000,0.000000,0.000000,0.000000,nan,nan,nan,nan,nan,nan,READY
1787037248357646935,2026-08-18T14:14:08.357662,ground_truth,-0.002135,0.487000,0.341231,-0.000585,0.476161,0.374028,True,,,,,,,,,-0.155929,1.000216,0.774362,-0.202437,0.709483,0.697878,0.000000,0.000000,0.000000,0.000000,0.000000,0.000000,nan,nan,nan,nan,nan,nan,READY
1787037248393064571,2026-08-18T14:14:08.393088,ground_truth,-0.005416,0.512000,0.332156,-0.000809,0.478006,0.370370,True,,,,,,,,,-0.155705,1.002060,0.770704,-0.200892,0.719157,0.700285,0.000000,0.000000,0.000000,0.000000,0.000000,0.000000,nan,nan,nan,nan,nan,nan,READY
1787037248427266012,2026-08-18T14:14:08.427282,ground_truth,-0.005399,0.506000,0.329602,-0.001252,0.479708,0.366324,True,,,,,,,,,-0.155262,1.003763,0.766658,-0.199368,0.728661,0.702502,0.000000,0.000000,0.000000,0.000000,0.000000,0.000000,nan,nan,nan,nan,nan,nan,READY
1787037248455627070,2026-08-18T14:14:08.455641,ground_truth,-0.008580,0.506000,0.326416,-0.001475,0.482395,0.362171,True,,,,,,,,,-0.155039,1.006450,0.762504,-0.199368,0.728661,0.702502,0.000000,0.000000,0.000000,0.000000,0.000000,0.000000,nan,nan,nan,nan,nan,nan,READY
1787037248497436867,2026-08-18T14:14:08.497453,ground_truth,-0.011757,0.512000,0.322625,-0.001910,0.484906,0.357804,True,,,,,,,,,-0.154604,1.008961,0.758138,-0.197791,0.738532,0.704461,0.000000,0.000000,0.000000,0.000000,0.000000,0.000000,nan,nan,nan,nan,nan,nan,READY
1787037248527744961,2026-08-18T14:14:08.527772,ground_truth,-0.011757,0.512000,0.319448,-0.002555,0.487381,0.353239,True,,,,,,,,,-0.153959,1.011436,0.753572,-0.197791,0.738532,0.704461,0.000000,0.000000,0.000000,0.000000,0.000000,0.000000,nan,nan,nan,nan,nan,nan,READY
1787037248557898639,2026-08-18T14:14:08.557944,ground_truth,-0.011761,0.506000,0.313668,-0.003200,0.489850,0.348677,True,,,,,,,,,-0.153314,1.013904,0.749011,-0.197791,0.738532,0.704461,0.000000,0.000000,0.000000,0.000000,0.000000,0.000000,nan,nan,nan,nan,nan,nan,READY
1787037248591205648,2026-08-18T14:14:08.591239,ground_truth,-0.014915,0.518000,0.309354,-0.003841,0.492317,0.344051,True,,,,,,,,,-0.152672,1.016371,0.744384,-0.196239,0.748095,0.705835,0.000000,0.000000,0.000000,0.000000,0.000000,0.000000,nan,nan,nan,nan,nan,nan,READY
1787037248626510577,2026-08-18T14:14:08.626531,ground_truth,-0.014915,0.518000,0.309354,-0.004693,0.494143,0.339566,True,,,,,,,,,-0.151820,1.018198,0.739899,-0.196239,0.748095,0.705835,0.000000,0.000000,0.000000,0.000000,0.000000,0.000000,nan,nan,nan,nan,nan,nan,READY
1787037248658809586,2026-08-18T14:14:08.658850,ground_truth,-0.014915,0.518000,0.303020,-0.005764,0.496162,0.335411,True,,,,,,,,,-0.150750,1.020217,0.735744,-0.194630,0.757878,0.707069,0.000000,0.000000,0.000000,0.000000,0.000000,0.000000,nan,nan,nan,nan,nan,nan,READY
1787037248690649086,2026-08-18T14:14:08.690665,ground_truth,-0.018053,0.524000,0.302476,-0.006828,0.498219,0.331196,True,,,,,,,,,-0.149686,1.022274,0.731529,-0.194630,0.757878,0.707069,0.000000,0.000000,0.000000,0.000000,0.000000,0.000000,nan,nan,nan,nan,nan,nan,READY
1787037248723432268,2026-08-18T14:14:08.723478,ground_truth,-0.018030,0.530000,0.298785,-0.008103,0.500284,0.327325,True,,,,,,,,,-0.148411,1.024339,0.727658,-0.192930,0.767675,0.707826,0.000000,0.000000,0.000000,0.000000,0.000000,0.000000,nan,nan,nan,nan,nan,nan,READY
1787037248755681075,2026-08-18T14:14:08.755694,ground_truth,-0.018030,0.530000,0.295637,-0.009379,0.502670,0.323590,True,,,,,,,,,-0.147134,1.026725,0.723924,-0.192930,0.767675,0.707826,0.000000,0.000000,0.000000,0.000000,0.000000,0.000000,nan,nan,nan,nan,nan,nan,READY
1787037248791125530,2026-08-18T14:14:08.791183,ground_truth,-0.021110,0.541000,0.291547,-0.010660,0.505761,0.319771,True,,,,,,,,,-0.145853,1.029816,0.720104,-0.191153,0.777574,0.708290,0.000000,0.000000,0.000000,0.000000,0.000000,0.000000,nan,nan,nan,nan,nan,nan,READY
1787037248824747762,2026-08-18T14:14:08.824783,ground_truth,-0.021110,0.541000,0.285289,-0.011927,0.508992,0.315985,True,,,,,,,,,-0.144587,1.033047,0.716318,-0.191153,0.777574,0.708290,0.000000,0.000000,0.000000,0.000000,0.000000,0.000000,nan,nan,nan,nan,nan,nan,READY
1787037248856558068,2026-08-18T14:14:08.856573,ground_truth,-0.021077,0.547000,0.281676,-0.013192,0.512839,0.312041,True,,,,,,,,,-0.143322,1.036893,0.712374,-0.189345,0.787372,0.708444,0.000000,0.000000,0.000000,0.000000,0.000000,0.000000,nan,nan,nan,nan,nan,nan,READY
1787037248890539343,2026-08-18T14:14:08.890583,ground_truth,-0.021110,0.541000,0.279031,-0.014455,0.516488,0.308070,True,,,,,,,,,-0.142059,1.040543,0.708404,-0.189345,0.787372,0.708444,0.000000,0.000000,0.000000,0.000000,0.000000,0.000000,nan,nan,nan,nan,nan,nan,READY
1787037248921655287,2026-08-18T14:14:08.921691,ground_truth,-0.021011,0.559000,0.271409,-0.015501,0.520098,0.304529,True,,,,,,,,,-0.141013,1.044152,0.704862,-0.187476,0.797306,0.708306,0.000000,0.000000,0.000000,0.000000,0.000000,0.000000,nan,nan,nan,nan,nan,nan,READY
1787037248954604587,2026-08-18T14:14:08.954639,ground_truth,-0.021077,0.547000,0.269199,-0.016542,0.523006,0.300649,True,,,,,,,,,-0.139972,1.047061,0.700983,-0.187476,0.797306,0.708306,0.000000,0.000000,0.000000,0.000000,0.000000,0.000000,nan,nan,nan,nan,nan,nan,READY
1787037248993260101,2026-08-18T14:14:08.993287,ground_truth,-0.017918,0.559000,0.265210,-0.017375,0.525775,0.296835,True,,,,,,,,,-0.139139,1.049829,0.697168,-0.185614,0.807032,0.707877,0.000000,0.000000,0.000000,0.000000,0.000000,0.000000,nan,nan,nan,nan,nan,nan,READY
1787037249025987300,2026-08-18T14:14:09.026003,ground_truth,-0.017964,0.547000,0.262961,-0.017786,0.529155,0.293007,True,,,,,,,,,-0.138728,1.053210,0.693341,-0.185614,0.807032,0.707877,0.000000,0.000000,0.000000,0.000000,0.000000,0.000000,nan,nan,nan,nan,nan,nan,READY
1787037249057642469,2026-08-18T14:14:09.057656,ground_truth,-0.017852,0.576000,0.257836,-0.018200,0.531698,0.289241,True,,,,,,,,,-0.138314,1.055753,0.689575,-0.183753,0.816804,0.707300,0.000000,0.000000,0.000000,0.000000,0.000000,0.000000,nan,nan,nan,nan,nan,nan,READY
1787037249090016877,2026-08-18T14:14:09.090055,ground_truth,-0.017941,0.553000,0.256318,-0.018606,0.534713,0.285519,True,,,,,,,,,-0.137908,1.058768,0.685853,-0.183753,0.816804,0.707300,0.000000,0.000000,0.000000,0.000000,0.000000,0.000000,nan,nan,nan,nan,nan,nan,READY
1787037249131607749,2026-08-18T14:14:09.131641,ground_truth,-0.014824,0.559000,0.255913,-0.018807,0.537503,0.281983,True,,,,,,,,,-0.137706,1.061557,0.682317,-0.181914,0.826576,0.706302,0.000000,0.000000,0.000000,0.000000,0.000000,0.000000,nan,nan,nan,nan,nan,nan,READY
1787037249160262951,2026-08-18T14:14:09.160297,ground_truth,-0.014824,0.559000,0.252813,-0.018801,0.540247,0.278420,True,,,,,,,,,-0.137712,1.064302,0.678754,-0.181914,0.826576,0.706302,0.000000,0.000000,0.000000,0.000000,0.000000,0.000000,nan,nan,nan,nan,nan,nan,READY
1787037249192814425,2026-08-18T14:14:09.192848,ground_truth,-0.014824,0.559000,0.249714,-0.018795,0.542983,0.275073,True,,,,,,,,,-0.137718,1.067038,0.675407,-0.180095,0.836360,0.705168,0.000000,0.000000,0.000000,0.000000,0.000000,0.000000,nan,nan,nan,nan,nan,nan,READY
1787037249225555169,2026-08-18T14:14:09.225571,ground_truth,-0.014811,0.565000,0.246239,-0.018580,0.545717,0.271556,True,,,,,,,,,-0.137934,1.069771,0.671890,-0.180095,0.836360,0.705168,0.000000,0.000000,0.000000,0.000000,0.000000,0.000000,nan,nan,nan,nan,nan,nan,READY
1787037249257508499,2026-08-18T14:14:09.257524,ground_truth,-0.014800,0.570000,0.242845,-0.018366,0.548130,0.268053,True,,,,,,,,,-0.138148,1.072185,0.668387,-0.178334,0.846108,0.703779,0.000000,0.000000,0.000000,0.000000,0.000000,0.000000,nan,nan,nan,nan,nan,nan,READY
1787037249294320910,2026-08-18T14:14:09.294337,ground_truth,-0.014800,0.570000,0.242845,-0.018150,0.550479,0.264533,True,,,,,,,,,-0.138364,1.074534,0.664867,-0.176632,0.855837,0.702121,0.000000,0.000000,0.000000,0.000000,0.000000,0.000000,nan,nan,nan,nan,nan,nan,READY
1787037249325527501,2026-08-18T14:14:09.325543,ground_truth,-0.014762,0.587000,0.238756,-0.017730,0.553083,0.261287,True,,,,,,,,,-0.138784,1.077137,0.661620,-0.176632,0.855837,0.702121,0.000000,0.000000,0.000000,0.000000,0.000000,0.000000,nan,nan,nan,nan,nan,nan,READY
1787037249358689383,2026-08-18T14:14:09.358729,ground_truth,-0.014762,0.587000,0.235703,-0.017306,0.555150,0.258184,True,,,,,,,,,-0.139207,1.079205,0.658518,-0.176632,0.855837,0.702121,0.000000,0.000000,0.000000,0.000000,0.000000,0.000000,nan,nan,nan,nan,nan,nan,READY
1787037249394574251,2026-08-18T14:14:09.394612,ground_truth,-0.014787,0.576000,0.233266,-0.016885,0.558017,0.255120,True,,,,,,,,,-0.139628,1.082072,0.655453,-0.175011,0.865514,0.700232,0.000000,0.000000,0.000000,0.000000,0.000000,0.000000,nan,nan,nan,nan,nan,nan,READY
1787037249426844586,2026-08-18T14:14:09.426859,ground_truth,-0.014762,0.587000,0.229597,-0.016464,0.561043,0.252069,True,,,,,,,,,-0.140050,1.085098,0.652402,-0.173479,0.875132,0.698137,0.000000,0.000000,0.000000,0.000000,0.000000,0.000000,nan,nan,nan,nan,nan,nan,READY
1787037249460514596,2026-08-18T14:14:09.460551,ground_truth,-0.014762,0.587000,0.226544,-0.016047,0.563782,0.249281,True,,,,,,,,,-0.140467,1.087837,0.649615,-0.173479,0.875132,0.698137,0.000000,0.000000,0.000000,0.000000,0.000000,0.000000,nan,nan,nan,nan,nan,nan,READY
1787037249496057252,2026-08-18T14:14:09.496074,ground_truth,-0.011715,0.587000,0.223491,-0.015626,0.566463,0.246437,True,,,,,,,,,-0.140888,1.090518,0.646771,-0.172014,0.884813,0.695829,0.000000,0.000000,0.000000,0.000000,0.000000,0.000000,nan,nan,nan,nan,nan,nan,READY
1787037249526128849,2026-08-18T14:14:09.526144,ground_truth,-0.011721,0.576000,0.217910,-0.015213,0.568493,0.243656,True,,,,,,,,,-0.141301,1.092547,0.643990,-0.172014,0.884813,0.695829,0.000000,0.000000,0.000000,0.000000,0.000000,0.000000,nan,nan,nan,nan,nan,nan,READY
1787037249557630545,2026-08-18T14:14:09.557684,ground_truth,-0.014749,0.593000,0.214056,-0.014797,0.571032,0.240653,True,,,,,,,,,-0.141717,1.095087,0.640986,-0.172014,0.884813,0.695829,0.000000,0.000000,0.000000,0.000000,0.000000,0.000000,nan,nan,nan,nan,nan,nan,READY
1787037249589908985,2026-08-18T14:14:09.589954,ground_truth,-0.014776,0.581000,0.211546,-0.014590,0.573033,0.237734,True,,,,,,,,,-0.141924,1.097088,0.638068,-0.170663,0.894346,0.693235,0.000000,0.000000,0.000000,0.000000,0.000000,0.000000,nan,nan,nan,nan,nan,nan,READY
1787037249624498873,2026-08-18T14:14:09.624539,ground_truth,-0.014762,0.587000,0.211279,-0.014379,0.574927,0.234749,True,,,,,,,,,-0.142135,1.098981,0.635083,-0.170663,0.894346,0.693235,0.000000,0.000000,0.000000,0.000000,0.000000,0.000000,nan,nan,nan,nan,nan,nan,READY
1787037249656297658,2026-08-18T14:14:09.656314,ground_truth,-0.014762,0.587000,0.208226,-0.014375,0.576799,0.231774,True,,,,,,,,,-0.142139,1.100854,0.632107,-0.169354,0.903824,0.690429,0.000000,0.000000,0.000000,0.000000,0.000000,0.000000,nan,nan,nan,nan,nan,nan,READY
1787037249696472867,2026-08-18T14:14:09.696488,ground_truth,-0.014800,0.570000,0.208953,-0.014370,0.578667,0.228801,True,,,,,,,,,-0.142143,1.102721,0.629135,-0.169354,0.903824,0.690429,0.000000,0.000000,0.000000,0.000000,0.000000,0.000000,nan,nan,nan,nan,nan,nan,READY
1787037249723251394,2026-08-18T14:14:09.723290,ground_truth,-0.014811,0.565000,0.206077,-0.014369,0.580533,0.226084,True,,,,,,,,,-0.142145,1.104588,0.626418,-0.168030,0.913498,0.687448,0.000000,0.000000,0.000000,0.000000,0.000000,0.000000,nan,nan,nan,nan,nan,nan,READY
1787037249761863707,2026-08-18T14:14:09.761880,ground_truth,-0.014824,0.559000,0.206324,-0.014369,0.581493,0.223406,True,,,,,,,,,-0.142145,1.105548,0.623740,-0.166784,0.922744,0.684381,0.000000,0.000000,0.000000,0.000000,0.000000,0.000000,nan,nan,nan,nan,nan,nan,READY
1787037249795743313,2026-08-18T14:14:09.795765,ground_truth,-0.011734,0.553000,0.206571,-0.014370,0.581685,0.220972,True,,,,,,,,,-0.142143,1.105740,0.621305,-0.166784,0.922744,0.684381,0.000000,0.000000,0.000000,0.000000,0.000000,0.000000,nan,nan,nan,nan,nan,nan,READY
1787037249826454099,2026-08-18T14:14:09.826468,ground_truth,-0.011738,0.547000,0.203698,-0.014166,0.581137,0.218553,True,,,,,,,,,-0.142348,1.105192,0.618887,-0.166784,0.922744,0.684381,0.000000,0.000000,0.000000,0.000000,0.000000,0.000000,nan,nan,nan,nan,nan,nan,READY
1787037249861256810,2026-08-18T14:14:09.861319,ground_truth,-0.011741,0.541000,0.203935,-0.013964,0.580121,0.216216,True,,,,,,,,,-0.142549,1.104176,0.616550,-0.165532,0.932090,0.681025,0.000000,0.000000,0.000000,0.000000,0.000000,0.000000,nan,nan,nan,nan,nan,nan,READY
1787037249892852229,2026-08-18T14:14:09.892882,ground_truth,-0.008613,0.536000,0.200995,-0.013763,0.577784,0.214098,True,,,,,,,,,-0.142751,1.101839,0.614432,-0.165532,0.932090,0.681025,0.000000,0.000000,0.000000,0.000000,0.000000,0.000000,nan,nan,nan,nan,nan,nan,READY
1787037249927690826,2026-08-18T14:14:09.927708,ground_truth,-0.008618,0.541000,0.197677,-0.013351,0.574864,0.211947,True,,,,,,,,,-0.143162,1.098918,0.612281,-0.164287,0.941373,0.677384,0.000000,0.000000,0.000000,0.000000,0.000000,0.000000,nan,nan,nan,nan,nan,nan,READY
1787037249961911462,2026-08-18T14:14:09.961938,ground_truth,-0.008606,0.530000,0.198074,-0.012942,0.571826,0.209819,True,,,,,,,,,-0.143572,1.095881,0.610152,-0.163058,0.950538,0.673396,0.000000,0.000000,0.000000,0.000000,0.000000,0.000000,nan,nan,nan,nan,nan,nan,READY
1787037249995224533,2026-08-18T14:14:09.995238,ground_truth,-0.008606,0.530000,0.194927,-0.012531,0.568499,0.207921,True,,,,,,,,,-0.143982,1.092553,0.608254,-0.163058,0.950538,0.673396,0.000000,0.000000,0.000000,0.000000,0.000000,0.000000,nan,nan,nan,nan,nan,nan,READY
1787037250031195139,2026-08-18T14:14:10.031217,ground_truth,-0.008606,0.530000,0.194927,-0.012324,0.564793,0.206017,True,,,,,,,,,-0.144190,1.088848,0.606350,-0.161856,0.959349,0.669125,0.000000,0.000000,0.000000,0.000000,0.000000,0.000000,nan,nan,nan,nan,nan,nan,READY
1787037250061940178,2026-08-18T14:14:10.061963,ground_truth,-0.008606,0.530000,0.194927,-0.012116,0.561012,0.204484,True,,,,,,,,,-0.144397,1.085067,0.604818,-0.161856,0.959349,0.669125,0.000000,0.000000,0.000000,0.000000,0.000000,0.000000,nan,nan,nan,nan,nan,nan,READY
1787037250096096685,2026-08-18T14:14:10.096119,ground_truth,-0.008600,0.524000,0.195134,-0.011707,0.557216,0.203209,True,,,,,,,,,-0.144807,1.081271,0.603543,-0.160615,0.968225,0.664350,0.000000,0.000000,0.000000,0.000000,0.000000,0.000000,nan,nan,nan,nan,nan,nan,READY
1787037250126621157,2026-08-18T14:14:10.126638,ground_truth,-0.008600,0.524000,0.195134,-0.011295,0.553737,0.202115,True,,,,,,,,,-0.145219,1.077791,0.602449,-0.160615,0.968225,0.664350,0.000000,0.000000,0.000000,0.000000,0.000000,0.000000,nan,nan,nan,nan,nan,nan,READY
1787037250160393414,2026-08-18T14:14:10.160428,ground_truth,-0.008606,0.530000,0.194927,-0.010884,0.549681,0.201039,True,,,,,,,,,-0.145629,1.073735,0.601372,-0.160615,0.968225,0.664350,0.000000,0.000000,0.000000,0.000000,0.000000,0.000000,nan,nan,nan,nan,nan,nan,READY
1787037250193832808,2026-08-18T14:14:10.193852,ground_truth,-0.008600,0.524000,0.191977,-0.010474,0.545510,0.200152,True,,,,,,,,,-0.146040,1.069564,0.600486,-0.159421,0.976629,0.659334,0.000000,0.000000,0.000000,0.000000,0.000000,0.000000,nan,nan,nan,nan,nan,nan,READY
1787037250226272816,2026-08-18T14:14:10.226308,ground_truth,-0.008593,0.518000,0.192174,-0.010061,0.541315,0.199020,True,,,,,,,,,-0.146453,1.065370,0.599354,-0.159421,0.976629,0.659334,0.000000,0.000000,0.000000,0.000000,0.000000,0.000000,nan,nan,nan,nan,nan,nan,READY
1787037250261742617,2026-08-18T14:14:10.261760,ground_truth,-0.008593,0.518000,0.192174,-0.009646,0.538023,0.198093,True,,,,,,,,,-0.146868,1.062078,0.598427,-0.158217,0.984871,0.653763,0.000000,0.000000,0.000000,0.000000,0.000000,0.000000,nan,nan,nan,nan,nan,nan,READY
1787037250291744855,2026-08-18T14:14:10.291782,ground_truth,-0.008574,0.500000,0.189568,-0.009231,0.534858,0.197150,True,,,,,,,,,-0.147283,1.058913,0.597484,-0.158217,0.984871,0.653763,0.000000,0.000000,0.000000,0.000000,0.000000,0.000000,nan,nan,nan,nan,nan,nan,READY
1787037250327706335,2026-08-18T14:14:10.327753,ground_truth,-0.008580,0.506000,0.189381,-0.009020,0.532038,0.196017,True,,,,,,,,,-0.147494,1.056093,0.596350,-0.157052,0.992761,0.647766,0.000000,0.000000,0.000000,0.000000,0.000000,0.000000,nan,nan,nan,nan,nan,nan,READY
1787037250357684388,2026-08-18T14:14:10.357735,ground_truth,-0.008600,0.524000,0.185663,-0.008809,0.528968,0.195062,True,,,,,,,,,-0.147704,1.053023,0.595396,-0.157052,0.992761,0.647766,0.000000,0.000000,0.000000,0.000000,0.000000,0.000000,nan,nan,nan,nan,nan,nan,READY
1787037250396966107,2026-08-18T14:14:10.397047,ground_truth,-0.008606,0.530000,0.182338,-0.008600,0.526167,0.193844,True,,,,,,,,,-0.147914,1.050222,0.594178,-0.155902,0.999992,0.641023,0.000000,0.000000,0.000000,0.000000,0.000000,0.000000,nan,nan,nan,nan,nan,nan,READY
1787037250423693959,2026-08-18T14:14:10.423718,ground_truth,-0.005399,0.506000,0.183008,-0.008600,0.524700,0.192600,True,,,,,,,,,-0.147914,1.048755,0.592934,-0.155902,0.999992,0.641023,0.000000,0.000000,0.000000,0.000000,0.000000,0.000000,nan,nan,nan,nan,nan,nan,READY
1787037250465715085,2026-08-18T14:14:10.465736,ground_truth,-0.005416,0.512000,0.179663,-0.008385,0.523500,0.191622,True,,,,,,,,,-0.148129,1.047555,0.591956,-0.154771,1.006912,0.633883,0.000000,0.000000,0.000000,0.000000,0.000000,0.000000,nan,nan,nan,nan,nan,nan,READY
1787037250493478691,2026-08-18T14:14:10.493503,ground_truth,-0.005399,0.506000,0.176634,-0.008172,0.521980,0.190395,True,,,,,,,,,-0.148342,1.046035,0.590729,-0.154771,1.006912,0.633883,0.000000,0.000000,0.000000,0.000000,0.000000,0.000000,nan,nan,nan,nan,nan,nan,READY
1787037250527675081,2026-08-18T14:14:10.527719,ground_truth,-0.005432,0.518000,0.176339,-0.007958,0.520396,0.189175,True,,,,,,,,,-0.148555,1.044451,0.589509,-0.153659,1.013678,0.626421,0.000000,0.000000,0.000000,0.000000,0.000000,0.000000,nan,nan,nan,nan,nan,nan,READY
1787037250560037616,2026-08-18T14:14:10.560080,ground_truth,-0.002192,0.500000,0.176781,-0.007747,0.519119,0.187936,True,,,,,,,,,-0.148767,1.043174,0.588270,-0.153659,1.013678,0.626421,0.000000,0.000000,0.000000,0.000000,0.000000,0.000000,nan,nan,nan,nan,nan,nan,READY
1787037250595596212,2026-08-18T14:14:10.595618,ground_truth,-0.002298,0.524000,0.173034,-0.007319,0.517584,0.186726,True,,,,,,,,,-0.149195,1.041639,0.587060,-0.152662,1.019686,0.618650,0.000000,0.000000,0.000000,0.000000,0.000000,0.000000,nan,nan,nan,nan,nan,nan,READY
1787037250627117524,2026-08-18T14:14:10.627134,ground_truth,-0.002298,0.524000,0.173034,-0.006899,0.516637,0.185253,True,,,,,,,,,-0.149615,1.040692,0.585587,-0.151884,1.025051,0.610205,0.000000,0.000000,0.000000,0.000000,0.000000,0.000000,nan,nan,nan,nan,nan,nan,READY
1787037250660046044,2026-08-18T14:14:10.660077,ground_truth,0.000926,0.512000,0.173309,-0.006479,0.516447,0.183780,True,,,,,,,,,-0.150035,1.040502,0.584113,-0.151884,1.025051,0.610205,0.000000,0.000000,0.000000,0.000000,0.000000,0.000000,nan,nan,nan,nan,nan,nan,READY
1787037250692457860,2026-08-18T14:14:10.692495,ground_truth,0.000926,0.512000,0.173309,-0.005844,0.516410,0.182339,True,,,,,,,,,-0.150670,1.040464,0.582672,-0.151884,1.025051,0.610205,0.000000,0.000000,0.000000,0.000000,0.000000,0.000000,nan,nan,nan,nan,nan,nan,READY
1787037250727302838,2026-08-18T14:14:10.727365,ground_truth,0.000890,0.518000,0.173172,-0.005208,0.515762,0.181094,True,,,,,,,,,-0.151305,1.039817,0.581428,-0.151499,1.029935,0.601481,0.000000,0.000000,0.000000,0.000000,0.000000,0.000000,nan,nan,nan,nan,nan,nan,READY
1787037250759062381,2026-08-18T14:14:10.759104,ground_truth,0.000854,0.524000,0.173034,-0.004576,0.514992,0.179827,True,,,,,,,,,-0.151938,1.039047,0.580161,-0.151499,1.029935,0.601481,0.000000,0.000000,0.000000,0.000000,0.000000,0.000000,nan,nan,nan,nan,nan,nan,READY
1787037250798183543,2026-08-18T14:14:10.798200,ground_truth,0.000890,0.518000,0.173172,-0.003947,0.514839,0.178551,True,,,,,,,,,-0.152567,1.038893,0.578885,-0.151690,1.033903,0.592196,0.000000,0.000000,0.000000,0.000000,0.000000,0.000000,nan,nan,nan,nan,nan,nan,READY
1787037250826320107,2026-08-18T14:14:10.826389,ground_truth,0.000890,0.518000,0.173172,-0.003316,0.514808,0.177458,True,,,,,,,,,-0.153198,1.038863,0.577792,-0.151690,1.033903,0.592196,0.000000,0.000000,0.000000,0.000000,0.000000,0.000000,nan,nan,nan,nan,nan,nan,READY
1787037250862764978,2026-08-18T14:14:10.862806,ground_truth,0.000890,0.518000,0.173172,-0.002684,0.515442,0.176378,True,,,,,,,,,-0.153829,1.039496,0.576711,-0.152492,1.036539,0.584542,0.000000,0.000000,0.000000,0.000000,0.000000,0.000000,nan,nan,nan,nan,nan,nan,READY
1787037250896020211,2026-08-18T14:14:10.896037,ground_truth,0.000890,0.518000,0.173172,-0.002052,0.516208,0.175545,True,,,,,,,,,-0.154462,1.040263,0.575879,-0.153854,1.039113,0.578553,0.000000,0.000000,0.000000,0.000000,0.000000,0.000000,nan,nan,nan,nan,nan,nan,READY
1787037250929137460,2026-08-18T14:14:10.929160,ground_truth,0.000962,0.506000,0.173447,-0.001419,0.516042,0.174934,True,,,,,,,,,-0.155095,1.040097,0.575267,-0.153854,1.039113,0.578553,0.000000,0.000000,0.000000,0.000000,0.000000,0.000000,nan,nan,nan,nan,nan,nan,READY
1787037250959034463,2026-08-18T14:14:10.959058,ground_truth,0.000926,0.512000,0.173309,-0.000995,0.515688,0.174296,True,,,,,,,,,-0.155519,1.039743,0.574630,-0.153854,1.039113,0.578553,0.000000,0.000000,0.000000,0.000000,0.000000,0.000000,nan,nan,nan,nan,nan,nan,READY
1787037250994119234,2026-08-18T14:14:10.994169,ground_truth,0.000998,0.500000,0.176781,-0.000572,0.515618,0.173873,True,,,,,,,,,-0.155942,1.039673,0.574206,-0.155455,1.040097,0.574271,0.000000,0.000000,0.000000,0.000000,0.000000,0.000000,nan,nan,nan,nan,nan,nan,READY
1787037251026186494,2026-08-18T14:14:11.026220,ground_truth,0.000926,0.512000,0.179663,-0.000145,0.515604,0.173883,True,,,,,,,,,-0.156369,1.039658,0.574216,-0.155455,1.040097,0.574271,0.000000,0.000000,0.000000,0.000000,0.000000,0.000000,nan,nan,nan,nan,nan,nan,READY
1787037251059133147,2026-08-18T14:14:11.059179,ground_truth,0.000926,0.512000,0.179663,0.000279,0.515601,0.174104,True,,,,,,,,,-0.156792,1.039656,0.574438,-0.157213,1.040182,0.571947,0.000000,0.000000,0.000000,0.000000,0.000000,0.000000,nan,nan,nan,nan,nan,nan,READY
1787037251095382457,2026-08-18T14:14:11.095411,ground_truth,-0.002245,0.512000,0.182840,0.000486,0.515920,0.174296,True,,,,,,,,,-0.157000,1.039975,0.574630,-0.157000,1.039975,0.574630,0.000000,0.000000,0.000000,0.000000,0.000000,0.000000,nan,nan,nan,nan,nan,nan,READY
1787037251126667683,2026-08-18T14:14:11.126688,ground_truth,-0.002219,0.506000,0.186194,0.000490,0.515664,0.174950,True,,,,,,,,,-0.157004,1.039719,0.575284,-0.157000,1.039975,0.574630,0.000000,0.000000,0.000000,0.000000,0.000000,0.000000,nan,nan,nan,nan,nan,nan,READY
1787037251159830064,2026-08-18T14:14:11.159856,ground_truth,-0.005416,0.512000,0.192371,0.000495,0.514973,0.175827,True,,,,,,,,,-0.157009,1.039028,0.576161,-0.157000,1.039975,0.574630,0.000000,0.000000,0.000000,0.000000,0.000000,0.000000,nan,nan,nan,nan,nan,nan,READY
1787037251193723205,2026-08-18T14:14:11.193747,ground_truth,-0.005449,0.524000,0.198291,0.000072,0.514195,0.177098,True,,,,,,,,,-0.156586,1.038249,0.577432,-0.157011,1.038815,0.576506,0.000000,0.000000,0.000000,0.000000,0.000000,0.000000,nan,nan,nan,nan,nan,nan,READY
1787037251227403803,2026-08-18T14:14:11.227459,ground_truth,-0.005432,0.518000,0.201675,-0.000352,0.514039,0.178764,True,,,,,,,,,-0.156161,1.038094,0.579097,-0.155952,1.037916,0.579736,0.000000,0.000000,0.000000,0.000000,0.000000,0.000000,nan,nan,nan,nan,nan,nan,READY
1787037251259036961,2026-08-18T14:14:11.259077,ground_truth,-0.005399,0.506000,0.208502,-0.000774,0.514328,0.180664,True,,,,,,,,,-0.155740,1.038383,0.580998,-0.155952,1.037916,0.579736,0.000000,0.000000,0.000000,0.000000,0.000000,0.000000,nan,nan,nan,nan,nan,nan,READY
1787037251297489118,2026-08-18T14:14:11.297502,ground_truth,-0.011751,0.524000,0.210920,-0.001191,0.514386,0.183028,True,,,,,,,,,-0.155323,1.038440,0.583362,-0.155250,1.038502,0.583786,0.000000,0.000000,0.000000,0.000000,0.000000,0.000000,nan,nan,nan,nan,nan,nan,READY
1787037251325981318,2026-08-18T14:14:11.326001,ground_truth,-0.011747,0.530000,0.213810,-0.002033,0.514397,0.185545,True,,,,,,,,,-0.154480,1.038452,0.585879,-0.155250,1.038502,0.583786,0.000000,0.000000,0.000000,0.000000,0.000000,0.000000,nan,nan,nan,nan,nan,nan,READY
1787037251364561791,2026-08-18T14:14:11.364602,ground_truth,-0.011757,0.512000,0.220963,-0.002876,0.514720,0.188254,True,,,,,,,,,-0.153638,1.038774,0.588588,-0.153753,1.038755,0.588245,0.000000,0.000000,0.000000,0.000000,0.000000,0.000000,nan,nan,nan,nan,nan,nan,READY
1787037251394907232,2026-08-18T14:14:11.394948,ground_truth,-0.011751,0.524000,0.226705,-0.003719,0.515104,0.191440,True,,,,,,,,,-0.152795,1.039159,0.591774,-0.153753,1.038755,0.588245,0.000000,0.000000,0.000000,0.000000,0.000000,0.000000,nan,nan,nan,nan,nan,nan,READY
1787037251427563640,2026-08-18T14:14:11.427582,ground_truth,-0.011754,0.518000,0.233345,-0.004562,0.515501,0.195009,True,,,,,,,,,-0.151952,1.039556,0.595343,-0.152361,1.039374,0.593730,0.000000,0.000000,0.000000,0.000000,0.000000,0.000000,nan,nan,nan,nan,nan,nan,READY
1787037251463465919,2026-08-18T14:14:11.463508,ground_truth,-0.014888,0.530000,0.235841,-0.005410,0.515580,0.199002,True,,,,,,,,,-0.151104,1.039635,0.599336,-0.152361,1.039374,0.593730,0.000000,0.000000,0.000000,0.000000,0.000000,0.000000,nan,nan,nan,nan,nan,nan,READY
1787037251494884522,2026-08-18T14:14:11.494897,ground_truth,-0.014915,0.518000,0.242846,-0.006464,0.516236,0.203171,True,,,,,,,,,-0.150050,1.040291,0.603505,-0.150820,1.039985,0.600248,0.000000,0.000000,0.000000,0.000000,0.000000,0.000000,nan,nan,nan,nan,nan,nan,READY
1787037251527434081,2026-08-18T14:14:11.527454,ground_truth,-0.014902,0.524000,0.245648,-0.007525,0.517007,0.207575,True,,,,,,,,,-0.148989,1.041062,0.607909,-0.150820,1.039985,0.600248,0.000000,0.000000,0.000000,0.000000,0.000000,0.000000,nan,nan,nan,nan,nan,nan,READY
1787037251559961711,2026-08-18T14:14:11.560010,ground_truth,-0.014928,0.512000,0.252733,-0.008580,0.517802,0.211974,True,,,,,,,,,-0.147934,1.041856,0.612308,-0.150820,1.039985,0.600248,0.000000,0.000000,0.000000,0.000000,0.000000,0.000000,nan,nan,nan,nan,nan,nan,READY
1787037251594876578,2026-08-18T14:14:11.594914,ground_truth,-0.014915,0.518000,0.255514,-0.009637,0.518280,0.216846,True,,,,,,,,,-0.146877,1.042335,0.617179,-0.149114,1.041091,0.607376,0.000000,0.000000,0.000000,0.000000,0.000000,0.000000,nan,nan,nan,nan,nan,nan,READY
1787037251630496636,2026-08-18T14:14:11.630531,ground_truth,-0.014915,0.518000,0.261848,-0.010481,0.518696,0.221691,True,,,,,,,,,-0.146032,1.042751,0.622024,-0.147435,1.041996,0.615359,0.000000,0.000000,0.000000,0.000000,0.000000,0.000000,nan,nan,nan,nan,nan,nan,READY
1787037251662826871,2026-08-18T14:14:11.662867,ground_truth,-0.014902,0.524000,0.264590,-0.011328,0.519099,0.226734,True,,,,,,,,,-0.145186,1.043154,0.627068,-0.147435,1.041996,0.615359,0.000000,0.000000,0.000000,0.000000,0.000000,0.000000,nan,nan,nan,nan,nan,nan,READY
1787037251695775668,2026-08-18T14:14:11.695797,ground_truth,-0.014888,0.530000,0.267313,-0.011960,0.519500,0.231549,True,,,,,,,,,-0.144553,1.043555,0.631883,-0.145946,1.042801,0.623897,0.000000,0.000000,0.000000,0.000000,0.000000,0.000000,nan,nan,nan,nan,nan,nan,READY
1787037251729699846,2026-08-18T14:14:11.729718,ground_truth,-0.014875,0.536000,0.266878,-0.012590,0.520220,0.236150,True,,,,,,,,,-0.143924,1.044275,0.636484,-0.145946,1.042801,0.623897,0.000000,0.000000,0.000000,0.000000,0.000000,0.000000,nan,nan,nan,nan,nan,nan,READY
1787037251762606125,2026-08-18T14:14:11.762623,ground_truth,-0.014902,0.524000,0.267748,-0.013219,0.521004,0.240497,True,,,,,,,,,-0.143295,1.045059,0.640831,-0.144613,1.043936,0.632412,0.000000,0.000000,0.000000,0.000000,0.000000,0.000000,nan,nan,nan,nan,nan,nan,READY
1787037251793045489,2026-08-18T14:14:11.793080,ground_truth,-0.014875,0.536000,0.266878,-0.013853,0.521801,0.244447,True,,,,,,,,,-0.142661,1.045856,0.644781,-0.144613,1.043936,0.632412,0.000000,0.000000,0.000000,0.000000,0.000000,0.000000,nan,nan,nan,nan,nan,nan,READY
1787037251828807690,2026-08-18T14:14:11.828821,ground_truth,-0.014902,0.524000,0.264590,-0.014061,0.522920,0.248177,True,,,,,,,,,-0.142453,1.046975,0.648511,-0.143496,1.045508,0.640736,0.000000,0.000000,0.000000,0.000000,0.000000,0.000000,nan,nan,nan,nan,nan,nan,READY
1787037251859994895,2026-08-18T14:14:11.860031,ground_truth,-0.014928,0.512000,0.265440,-0.014271,0.523144,0.251563,True,,,,,,,,,-0.142243,1.047199,0.651896,-0.143496,1.045508,0.640736,0.000000,0.000000,0.000000,0.000000,0.000000,0.000000,nan,nan,nan,nan,nan,nan,READY
1787037251894482403,2026-08-18T14:14:11.894498,ground_truth,-0.014888,0.530000,0.264165,-0.014483,0.523189,0.254528,True,,,,,,,,,-0.142031,1.047244,0.654862,-0.142681,1.046474,0.648598,0.000000,0.000000,0.000000,0.000000,0.000000,0.000000,nan,nan,nan,nan,nan,nan,READY
1787037251928212793,2026-08-18T14:14:11.928229,ground_truth,-0.014888,0.530000,0.264165,-0.014692,0.523198,0.257025,True,,,,,,,,,-0.141822,1.047253,0.657359,-0.142681,1.046474,0.648598,0.000000,0.000000,0.000000,0.000000,0.000000,0.000000,nan,nan,nan,nan,nan,nan,READY
1787037251957108968,2026-08-18T14:14:11.957123,ground_truth,-0.014902,0.524000,0.264590,-0.014901,0.523840,0.259080,True,,,,,,,,,-0.141613,1.047894,0.659414,-0.142681,1.046474,0.648598,0.000000,0.000000,0.000000,0.000000,0.000000,0.000000,nan,nan,nan,nan,nan,nan,READY
1787037251993056501,2026-08-18T14:14:11.993094,ground_truth,-0.011754,0.518000,0.261848,-0.014902,0.524288,0.260997,True,,,,,,,,,-0.141612,1.048343,0.661330,-0.142056,1.047566,0.656041,0.000000,0.000000,0.000000,0.000000,0.000000,0.000000,nan,nan,nan,nan,nan,nan,READY
1787037252033566587,2026-08-18T14:14:12.033606,ground_truth,-0.011751,0.524000,0.258276,-0.014691,0.524698,0.262263,True,,,,,,,,,-0.141823,1.048752,0.662597,-0.141863,1.048550,0.661477,0.000000,0.000000,0.000000,0.000000,0.000000,0.000000,nan,nan,nan,nan,nan,nan,READY
1787037252061500435,2026-08-18T14:14:12.061522,ground_truth,-0.008587,0.512000,0.255910,-0.014481,0.524780,0.263105,True,,,,,,,,,-0.142033,1.048834,0.663439,-0.141863,1.048550,0.661477,0.000000,0.000000,0.000000,0.000000,0.000000,0.000000,nan,nan,nan,nan,nan,nan,READY
1787037252095263265,2026-08-18T14:14:12.095284,ground_truth,-0.008593,0.518000,0.252347,-0.014058,0.524796,0.263317,True,,,,,,,,,-0.142456,1.048851,0.663651,-0.142545,1.049048,0.664840,0.000000,0.000000,0.000000,0.000000,0.000000,0.000000,nan,nan,nan,nan,nan,nan,READY
1787037252130857395,2026-08-18T14:14:12.130876,ground_truth,-0.008593,0.518000,0.249180,-0.013637,0.524799,0.263106,True,,,,,,,,,-0.142877,1.048854,0.663440,-0.142545,1.049048,0.664840,0.000000,0.000000,0.000000,0.000000,0.000000,0.000000,nan,nan,nan,nan,nan,nan,READY
1787037252161691317,2026-08-18T14:14:12.161707,ground_truth,-0.008593,0.518000,0.246013,-0.013215,0.524800,0.262261,True,,,,,,,,,-0.143299,1.048855,0.662595,-0.143299,1.048855,0.662595,0.000000,0.000000,0.000000,0.000000,0.000000,0.000000,nan,nan,nan,nan,nan,nan,READY
1787037252194311317,2026-08-18T14:14:12.194337,ground_truth,-0.008593,0.518000,0.239679,-0.012795,0.524800,0.261023,True,,,,,,,,,-0.143719,1.048855,0.661357,-0.143299,1.048855,0.662595,0.000000,0.000000,0.000000,0.000000,0.000000,0.000000,nan,nan,nan,nan,nan,nan,READY
1787037252230756759,2026-08-18T14:14:12.230790,ground_truth,-0.008593,0.518000,0.236512,-0.012375,0.524480,0.259181,True,,,,,,,,,-0.144139,1.048535,0.659514,-0.143882,1.048633,0.660457,0.000000,0.000000,0.000000,0.000000,0.000000,0.000000,nan,nan,nan,nan,nan,nan,READY
1787037252262152058,2026-08-18T14:14:12.262195,ground_truth,-0.008600,0.524000,0.233019,-0.011956,0.523776,0.257156,True,,,,,,,,,-0.144558,1.047831,0.657490,-0.143882,1.048633,0.660457,0.000000,0.000000,0.000000,0.000000,0.000000,0.000000,nan,nan,nan,nan,nan,nan,READY
1787037252294091861,2026-08-18T14:14:12.294116,ground_truth,-0.005449,0.524000,0.229862,-0.011536,0.522995,0.254841,True,,,,,,,,,-0.144978,1.047050,0.655175,-0.143882,1.048633,0.660457,0.000000,0.000000,0.000000,0.000000,0.000000,0.000000,nan,nan,nan,nan,nan,nan,READY
1787037252334086656,2026-08-18T14:14:12.334125,ground_truth,-0.005449,0.524000,0.226705,-0.010908,0.522199,0.252373,True,,,,,,,,,-0.145606,1.046254,0.652707,-0.144782,1.047465,0.656261,0.000000,0.000000,0.000000,0.000000,0.000000,0.000000,nan,nan,nan,nan,nan,nan,READY
1787037252364193265,2026-08-18T14:14:12.364216,ground_truth,-0.005399,0.506000,0.227623,-0.010277,0.522040,0.249848,True,,,,,,,,,-0.146236,1.046095,0.650181,-0.145981,1.046335,0.651248,0.000000,0.000000,0.000000,0.000000,0.000000,0.000000,nan,nan,nan,nan,nan,nan,READY
1787037252395457773,2026-08-18T14:14:12.395473,ground_truth,-0.005416,0.512000,0.227317,-0.009642,0.522008,0.247327,True,,,,,,,,,-0.146872,1.046063,0.647660,-0.145981,1.046335,0.651248,0.000000,0.000000,0.000000,0.000000,0.000000,0.000000,nan,nan,nan,nan,nan,nan,READY
1787037252426499339,2026-08-18T14:14:12.426516,ground_truth,-0.005416,0.512000,0.227317,-0.009011,0.521362,0.244870,True,,,,,,,,,-0.147503,1.045416,0.645204,-0.145981,1.046335,0.651248,0.000000,0.000000,0.000000,0.000000,0.000000,0.000000,nan,nan,nan,nan,nan,nan,READY
1787037252463329521,2026-08-18T14:14:12.463357,ground_truth,-0.005399,0.506000,0.224437,-0.008379,0.520272,0.242413,True,,,,,,,,,-0.148135,1.044327,0.642747,-0.147259,1.045564,0.646175,0.000000,0.000000,0.000000,0.000000,0.000000,0.000000,nan,nan,nan,nan,nan,nan,READY
1787037252498461067,2026-08-18T14:14:12.498494,ground_truth,-0.005416,0.512000,0.224140,-0.007746,0.519095,0.239737,True,,,,,,,,,-0.148768,1.043149,0.640070,-0.148491,1.043593,0.641193,0.000000,0.000000,0.000000,0.000000,0.000000,0.000000,nan,nan,nan,nan,nan,nan,READY
1787037252528791680,2026-08-18T14:14:12.528824,ground_truth,-0.008587,0.512000,0.224140,-0.007323,0.518219,0.237223,True,,,,,,,,,-0.149191,1.042274,0.637556,-0.148491,1.043593,0.641193,0.000000,0.000000,0.000000,0.000000,0.000000,0.000000,nan,nan,nan,nan,nan,nan,READY
1787037252562933028,2026-08-18T14:14:12.562951,ground_truth,-0.008587,0.512000,0.220963,-0.007112,0.517404,0.234947,True,,,,,,,,,-0.149402,1.041459,0.635281,-0.149256,1.041800,0.636226,0.000000,0.000000,0.000000,0.000000,0.000000,0.000000,nan,nan,nan,nan,nan,nan,READY
1787037252594657344,2026-08-18T14:14:12.594708,ground_truth,-0.005399,0.506000,0.221250,-0.007112,0.516921,0.232617,True,,,,,,,,,-0.149402,1.040976,0.632951,-0.149256,1.041800,0.636226,0.000000,0.000000,0.000000,0.000000,0.000000,0.000000,nan,nan,nan,nan,nan,nan,READY
1787037252626776289,2026-08-18T14:14:12.626792,ground_truth,-0.008574,0.500000,0.221536,-0.006899,0.516504,0.230544,True,,,,,,,,,-0.149615,1.040559,0.630878,-0.149574,1.040698,0.631477,0.000000,0.000000,0.000000,0.000000,0.000000,0.000000,nan,nan,nan,nan,nan,nan,READY
1787037252659491875,2026-08-18T14:14:12.659537,ground_truth,-0.008580,0.506000,0.221250,-0.006898,0.515781,0.228701,True,,,,,,,,,-0.149616,1.039836,0.629035,-0.149574,1.040698,0.631477,0.000000,0.000000,0.000000,0.000000,0.000000,0.000000,nan,nan,nan,nan,nan,nan,READY
1787037252692708416,2026-08-18T14:14:12.692744,ground_truth,-0.008587,0.512000,0.220963,-0.006897,0.514996,0.227050,True,,,,,,,,,-0.149617,1.039051,0.627384,-0.149574,1.040698,0.631477,0.000000,0.000000,0.000000,0.000000,0.000000,0.000000,nan,nan,nan,nan,nan,nan,READY
1787037252726637973,2026-08-18T14:14:12.726656,ground_truth,-0.008587,0.512000,0.220963,-0.006897,0.514199,0.225802,True,,,,,,,,,-0.149617,1.038254,0.626136,-0.149617,1.039033,0.627340,0.000000,0.000000,0.000000,0.000000,0.000000,0.000000,nan,nan,nan,nan,nan,nan,READY
1787037252759209123,2026-08-18T14:14:12.759254,ground_truth,-0.008580,0.506000,0.221250,-0.006896,0.513720,0.224766,True,,,,,,,,,-0.149618,1.037775,0.625100,-0.149617,1.039033,0.627340,0.000000,0.000000,0.000000,0.000000,0.000000,0.000000,nan,nan,nan,nan,nan,nan,READY
1787037252801076023,2026-08-18T14:14:12.801114,ground_truth,-0.008580,0.506000,0.221250,-0.006895,0.513304,0.223981,True,,,,,,,,,-0.149619,1.037359,0.624315,-0.149619,1.037098,0.623844,0.000000,0.000000,0.000000,0.000000,0.000000,0.000000,nan,nan,nan,nan,nan,nan,READY
1787037252829615910,2026-08-18T14:14:12.829672,ground_truth,-0.008580,0.506000,0.221250,-0.007104,0.512261,0.223407,True,,,,,,,,,-0.149410,1.036316,0.623741,-0.149295,1.035278,0.622595,0.000000,0.000000,0.000000,0.000000,0.000000,0.000000,nan,nan,nan,nan,nan,nan,READY
1787037252859714756,2026-08-18T14:14:12.859786,ground_truth,-0.008580,0.506000,0.221250,-0.007312,0.511092,0.223043,True,,,,,,,,,-0.149201,1.035147,0.623377,-0.149295,1.035278,0.622595,0.000000,0.000000,0.000000,0.000000,0.000000,0.000000,nan,nan,nan,nan,nan,nan,READY
1787037252894065440,2026-08-18T14:14:12.894085,ground_truth,-0.011751,0.524000,0.217234,-0.007524,0.509898,0.222618,True,,,,,,,,,-0.148989,1.033953,0.622952,-0.149295,1.035278,0.622595,0.000000,0.000000,0.000000,0.000000,0.000000,0.000000,nan,nan,nan,nan,nan,nan,READY
1787037252929224197,2026-08-18T14:14:12.929240,ground_truth,-0.011751,0.524000,0.217234,-0.007947,0.509340,0.221946,True,,,,,,,,,-0.148567,1.033395,0.622280,-0.148748,1.032907,0.623234,0.000000,0.000000,0.000000,0.000000,0.000000,0.000000,nan,nan,nan,nan,nan,nan,READY
1787037252963934235,2026-08-18T14:14:12.963958,ground_truth,-0.011751,0.524000,0.217234,-0.008369,0.509868,0.221274,True,,,,,,,,,-0.148145,1.033923,0.621608,-0.148054,1.032280,0.622515,0.000000,0.000000,0.000000,0.000000,0.000000,0.000000,nan,nan,nan,nan,nan,nan,READY
1787037252996172109,2026-08-18T14:14:12.996186,ground_truth,-0.011747,0.530000,0.216957,-0.008792,0.510614,0.220794,True,,,,,,,,,-0.147721,1.034668,0.621127,-0.148054,1.032280,0.622515,0.000000,0.000000,0.000000,0.000000,0.000000,0.000000,nan,nan,nan,nan,nan,nan,READY
1787037253032841363,2026-08-18T14:14:13.032880,ground_truth,-0.011754,0.518000,0.217510,-0.009215,0.511403,0.220315,True,,,,,,,,,-0.147299,1.035458,0.620649,-0.147294,1.033751,0.621122,0.000000,0.000000,0.000000,0.000000,0.000000,0.000000,nan,nan,nan,nan,nan,nan,READY
1787037253063748311,2026-08-18T14:14:13.063795,ground_truth,-0.011754,0.518000,0.217510,-0.009426,0.512201,0.219873,True,,,,,,,,,-0.147088,1.036255,0.620207,-0.147294,1.033751,0.621122,0.000000,0.000000,0.000000,0.000000,0.000000,0.000000,nan,nan,nan,nan,nan,nan,READY
1787037253094957114,2026-08-18T14:14:13.094974,ground_truth,-0.011751,0.524000,0.217234,-0.009637,0.512680,0.219643,True,,,,,,,,,-0.146877,1.036735,0.619976,-0.146805,1.037252,0.619778,0.000000,0.000000,0.000000,0.000000,0.000000,0.000000,nan,nan,nan,nan,nan,nan,READY
1787037253127859755,2026-08-18T14:14:13.127878,ground_truth,-0.008587,0.512000,0.217787,-0.010060,0.513096,0.219375,True,,,,,,,,,-0.146454,1.037151,0.619709,-0.146805,1.037252,0.619778,0.000000,0.000000,0.000000,0.000000,0.000000,0.000000,nan,nan,nan,nan,nan,nan,READY
1787037253161440118,2026-08-18T14:14:13.161456,ground_truth,-0.008580,0.506000,0.218063,-0.010061,0.513819,0.219125,True,,,,,,,,,-0.146453,1.037874,0.619459,-0.145964,1.038738,0.619015,0.000000,0.000000,0.000000,0.000000,0.000000,0.000000,nan,nan,nan,nan,nan,nan,READY
1787037253197123232,2026-08-18T14:14:13.197140,ground_truth,-0.008593,0.518000,0.217510,-0.010061,0.514284,0.218913,True,,,,,,,,,-0.146453,1.038339,0.619246,-0.145964,1.038738,0.619015,0.000000,0.000000,0.000000,0.000000,0.000000,0.000000,nan,nan,nan,nan,nan,nan,READY
1787037253228817662,2026-08-18T14:14:13.228844,ground_truth,-0.008580,0.506000,0.218063,-0.010062,0.514697,0.218682,True,,,,,,,,,-0.146452,1.038752,0.619016,-0.146939,1.039089,0.618854,0.000000,0.000000,0.000000,0.000000,0.000000,0.000000,nan,nan,nan,nan,nan,nan,READY
1787037253262930116,2026-08-18T14:14:13.262957,ground_truth,-0.008587,0.512000,0.217787,-0.010061,0.514459,0.218489,True,,,,,,,,,-0.146453,1.038514,0.618823,-0.146939,1.039089,0.618854,0.000000,0.000000,0.000000,0.000000,0.000000,0.000000,nan,nan,nan,nan,nan,nan,READY
1787037253297539789,2026-08-18T14:14:13.297557,ground_truth,-0.008587,0.512000,0.217787,-0.010062,0.514412,0.218258,True,,,,,,,,,-0.146452,1.038467,0.618592,-0.146194,1.037964,0.618321,0.000000,0.000000,0.000000,0.000000,0.000000,0.000000,nan,nan,nan,nan,nan,nan,READY
1787037253329981970,2026-08-18T14:14:13.330015,ground_truth,-0.008593,0.518000,0.214343,-0.010062,0.514722,0.218027,True,,,,,,,,,-0.146452,1.038777,0.618361,-0.146194,1.037964,0.618321,0.000000,0.000000,0.000000,0.000000,0.000000,0.000000,nan,nan,nan,nan,nan,nan,READY
1787037253362386151,2026-08-18T14:14:13.362404,ground_truth,-0.005383,0.500000,0.215142,-0.010063,0.515105,0.217567,True,,,,,,,,,-0.146451,1.039159,0.617900,-0.146207,1.038888,0.617653,0.000000,0.000000,0.000000,0.000000,0.000000,0.000000,nan,nan,nan,nan,nan,nan,READY
1787037253397271091,2026-08-18T14:14:13.397285,ground_truth,-0.005364,0.493000,0.215453,-0.009850,0.515501,0.217160,True,,,,,,,,,-0.146664,1.039556,0.617493,-0.146207,1.038888,0.617653,0.000000,0.000000,0.000000,0.000000,0.000000,0.000000,nan,nan,nan,nan,nan,nan,READY
1787037253428654037,2026-08-18T14:14:13.428669,ground_truth,-0.005383,0.500000,0.211946,-0.009424,0.515260,0.217041,True,,,,,,,,,-0.147090,1.039315,0.617375,-0.148041,1.039775,0.617074,0.000000,0.000000,0.000000,0.000000,0.000000,0.000000,nan,nan,nan,nan,nan,nan,READY
1787037253459582643,2026-08-18T14:14:13.459612,ground_truth,-0.005331,0.481000,0.209530,-0.008999,0.513932,0.216688,True,,,,,,,,,-0.147514,1.037987,0.617022,-0.148041,1.039775,0.617074,0.000000,0.000000,0.000000,0.000000,0.000000,0.000000,nan,nan,nan,nan,nan,nan,READY
1787037253494513459,2026-08-18T14:14:13.494533,ground_truth,-0.005383,0.500000,0.205552,-0.008571,0.512013,0.216175,True,,,,,,,,,-0.147942,1.036068,0.616508,-0.149067,1.038593,0.616477,0.000000,0.000000,0.000000,0.000000,0.000000,0.000000,nan,nan,nan,nan,nan,nan,READY
1787037253527040486,2026-08-18T14:14:13.527057,ground_truth,-0.005364,0.493000,0.202620,-0.008147,0.510349,0.215414,True,,,,,,,,,-0.148367,1.034404,0.615748,-0.149067,1.038593,0.616477,0.000000,0.000000,0.000000,0.000000,0.000000,0.000000,nan,nan,nan,nan,nan,nan,READY
1787037253560826658,2026-08-18T14:14:13.560866,ground_truth,-0.005399,0.506000,0.198942,-0.007721,0.508363,0.214422,True,,,,,,,,,-0.148793,1.032418,0.614755,-0.149434,1.035347,0.615444,0.000000,0.000000,0.000000,0.000000,0.000000,0.000000,nan,nan,nan,nan,nan,nan,READY
1787037253596225187,2026-08-18T14:14:13.596288,ground_truth,-0.005347,0.487000,0.199629,-0.007298,0.507006,0.213184,True,,,,,,,,,-0.149216,1.031061,0.613518,-0.149434,1.035347,0.615444,0.000000,0.000000,0.000000,0.000000,0.000000,0.000000,nan,nan,nan,nan,nan,nan,READY
1787037253629423975,2026-08-18T14:14:13.629474,ground_truth,-0.005399,0.506000,0.195755,-0.006871,0.505401,0.212010,True,,,,,,,,,-0.149643,1.029456,0.612344,-0.149605,1.030531,0.612910,0.000000,0.000000,0.000000,0.000000,0.000000,0.000000,nan,nan,nan,nan,nan,nan,READY
1787037253662317609,2026-08-18T14:14:13.662362,ground_truth,-0.005364,0.493000,0.196203,-0.006658,0.504440,0.210541,True,,,,,,,,,-0.149856,1.028495,0.610875,-0.149605,1.030531,0.612910,0.000000,0.000000,0.000000,0.000000,0.000000,0.000000,nan,nan,nan,nan,nan,nan,READY
1787037253697827734,2026-08-18T14:14:13.697843,ground_truth,-0.005383,0.500000,0.195962,-0.006444,0.503235,0.209084,True,,,,,,,,,-0.150070,1.027290,0.609418,-0.150060,1.027358,0.609492,0.000000,0.000000,0.000000,0.000000,0.000000,0.000000,nan,nan,nan,nan,nan,nan,READY
1787037253730909485,2026-08-18T14:14:13.730926,ground_truth,-0.005347,0.487000,0.196410,-0.006230,0.502354,0.207648,True,,,,,,,,,-0.150284,1.026408,0.607981,-0.150060,1.027358,0.609492,0.000000,0.000000,0.000000,0.000000,0.000000,0.000000,nan,nan,nan,nan,nan,nan,READY
1787037253762460662,2026-08-18T14:14:13.762477,ground_truth,-0.005347,0.487000,0.196410,-0.006014,0.501484,0.206204,True,,,,,,,,,-0.150500,1.025539,0.606538,-0.150547,1.025343,0.606219,0.000000,0.000000,0.000000,0.000000,0.000000,0.000000,nan,nan,nan,nan,nan,nan,READY
1787037253795363353,2026-08-18T14:14:13.795376,ground_truth,-0.005364,0.493000,0.192995,-0.005798,0.499977,0.204779,True,,,,,,,,,-0.150716,1.024032,0.605113,-0.150547,1.025343,0.606219,0.000000,0.000000,0.000000,0.000000,0.000000,0.000000,nan,nan,nan,nan,nan,nan,READY
1787037253829449949,2026-08-18T14:14:13.829587,ground_truth,-0.005347,0.487000,0.193192,-0.005583,0.498342,0.203126,True,,,,,,,,,-0.150930,1.022397,0.603460,-0.150949,1.022252,0.603324,0.000000,0.000000,0.000000,0.000000,0.000000,0.000000,nan,nan,nan,nan,nan,nan,READY
1787037253864680908,2026-08-18T14:14:13.864720,ground_truth,-0.005399,0.506000,0.192568,-0.005367,0.496682,0.201716,True,,,,,,,,,-0.151147,1.020737,0.602050,-0.150949,1.022252,0.603324,0.000000,0.000000,0.000000,0.000000,0.000000,0.000000,nan,nan,nan,nan,nan,nan,READY
1787037253894644333,2026-08-18T14:14:13.894660,ground_truth,-0.005331,0.481000,0.193389,-0.005368,0.495336,0.200211,True,,,,,,,,,-0.151146,1.019391,0.600545,-0.151157,1.019227,0.600385,0.000000,0.000000,0.000000,0.000000,0.000000,0.000000,nan,nan,nan,nan,nan,nan,READY
1787037253928470830,2026-08-18T14:14:13.928488,ground_truth,-0.005347,0.487000,0.193192,-0.005366,0.494374,0.198740,True,,,,,,,,,-0.151148,1.018429,0.599074,-0.151157,1.019227,0.600385,0.000000,0.000000,0.000000,0.000000,0.000000,0.000000,nan,nan,nan,nan,nan,nan,READY
1787037253960828936,2026-08-18T14:14:13.960871,ground_truth,-0.005347,0.487000,0.189974,-0.005364,0.493488,0.197490,True,,,,,,,,,-0.151150,1.017543,0.597824,-0.151157,1.019227,0.600385,0.000000,0.000000,0.000000,0.000000,0.000000,0.000000,nan,nan,nan,nan,nan,nan,READY
1787037253998005156,2026-08-18T14:14:13.998022,ground_truth,-0.005399,0.506000,0.189381,-0.005365,0.492991,0.196186,True,,,,,,,,,-0.151149,1.017046,0.596520,-0.151149,1.017194,0.597292,0.000000,0.000000,0.000000,0.000000,0.000000,0.000000,nan,nan,nan,nan,nan,nan,READY
1787037254030765113,2026-08-18T14:14:14.030804,ground_truth,-0.005347,0.487000,0.189974,-0.005366,0.492198,0.195108,True,,,,,,,,,-0.151148,1.016253,0.595442,-0.151148,1.015824,0.594597,0.000000,0.000000,0.000000,0.000000,0.000000,0.000000,nan,nan,nan,nan,nan,nan,READY
1787037254063131484,2026-08-18T14:14:14.063170,ground_truth,-0.005383,0.500000,0.189568,-0.005365,0.491720,0.194265,True,,,,,,,,,-0.151149,1.015774,0.594599,-0.151148,1.015824,0.594597,0.000000,0.000000,0.000000,0.000000,0.000000,0.000000,nan,nan,nan,nan,nan,nan,READY
1787037254098747443,2026-08-18T14:14:14.098763,ground_truth,-0.005383,0.500000,0.186372,-0.005364,0.491624,0.193640,True,,,,,,,,,-0.151150,1.015679,0.593974,-0.151155,1.015436,0.592929,0.000000,0.000000,0.000000,0.000000,0.000000,0.000000,nan,nan,nan,nan,nan,nan,READY
1787037254130470817,2026-08-18T14:14:14.130498,ground_truth,-0.005364,0.493000,0.186578,-0.005366,0.491978,0.192756,True,,,,,,,,,-0.151148,1.016033,0.593090,-0.151155,1.015436,0.592929,0.000000,0.000000,0.000000,0.000000,0.000000,0.000000,nan,nan,nan,nan,nan,nan,READY
1787037254160689683,2026-08-18T14:14:14.160706,ground_truth,-0.005347,0.487000,0.186756,-0.005364,0.491729,0.192145,True,,,,,,,,,-0.151150,1.015784,0.592478,-0.151143,1.016393,0.591689,0.000000,0.000000,0.000000,0.000000,0.000000,0.000000,nan,nan,nan,nan,nan,nan,READY
1787037254193791732,2026-08-18T14:14:14.193829,ground_truth,-0.005364,0.493000,0.183370,-0.005362,0.491679,0.191515,True,,,,,,,,,-0.151151,1.015734,0.591848,-0.151143,1.016393,0.591689,0.000000,0.000000,0.000000,0.000000,0.000000,0.000000,nan,nan,nan,nan,nan,nan,READY
1787037254226810717,2026-08-18T14:14:14.226825,ground_truth,-0.005364,0.493000,0.183370,-0.005361,0.491296,0.190675,True,,,,,,,,,-0.151153,1.015351,0.591009,-0.151154,1.015150,0.590413,0.000000,0.000000,0.000000,0.000000,0.000000,0.000000,nan,nan,nan,nan,nan,nan,READY
1787037254260176873,2026-08-18T14:14:14.260221,ground_truth,-0.005364,0.493000,0.183370,-0.005362,0.491219,0.189806,True,,,,,,,,,-0.151152,1.015274,0.590140,-0.151154,1.015150,0.590413,0.000000,0.000000,0.000000,0.000000,0.000000,0.000000,nan,nan,nan,nan,nan,nan,READY
1787037254293179529,2026-08-18T14:14:14.293206,ground_truth,-0.005347,0.487000,0.180319,-0.005363,0.491524,0.188937,True,,,,,,,,,-0.151150,1.015579,0.589270,-0.151154,1.015150,0.590413,0.000000,0.000000,0.000000,0.000000,0.000000,0.000000,nan,nan,nan,nan,nan,nan,READY
1787037254326783354,2026-08-18T14:14:14.326810,ground_truth,-0.005364,0.493000,0.180162,-0.005362,0.491905,0.188092,True,,,,,,,,,-0.151152,1.015960,0.588425,-0.151147,1.015955,0.588230,0.000000,0.000000,0.000000,0.000000,0.000000,0.000000,nan,nan,nan,nan,nan,nan,READY
1787037254361947249,2026-08-18T14:14:14.361965,ground_truth,-0.005331,0.481000,0.177248,-0.005363,0.492301,0.187223,True,,,,,,,,,-0.151150,1.016356,0.587557,-0.151155,1.016910,0.586627,0.000000,0.000000,0.000000,0.000000,0.000000,0.000000,nan,nan,nan,nan,nan,nan,READY
1787037254393487424,2026-08-18T14:14:14.393516,ground_truth,-0.005364,0.493000,0.176953,-0.005359,0.492060,0.186202,True,,,,,,,,,-0.151155,1.016115,0.586535,-0.151155,1.016910,0.586627,0.000000,0.000000,0.000000,0.000000,0.000000,0.000000,nan,nan,nan,nan,nan,nan,READY
1787037254426467297,2026-08-18T14:14:14.426484,ground_truth,-0.005364,0.493000,0.176953,-0.005361,0.492332,0.185106,True,,,,,,,,,-0.151153,1.016387,0.585440,-0.151155,1.016910,0.586627,0.000000,0.000000,0.000000,0.000000,0.000000,0.000000,nan,nan,nan,nan,nan,nan,READY
1787037254462510405,2026-08-18T14:14:14.462536,ground_truth,-0.005383,0.500000,0.176781,-0.005362,0.492706,0.184023,True,,,,,,,,,-0.151152,1.016761,0.584357,-0.151151,1.015948,0.584444,0.000000,0.000000,0.000000,0.000000,0.000000,0.000000,nan,nan,nan,nan,nan,nan,READY
1787037254499329616,2026-08-18T14:14:14.499365,ground_truth,-0.005364,0.493000,0.173745,-0.005364,0.493101,0.183144,True,,,,,,,,,-0.151149,1.017156,0.583477,-0.151148,1.017230,0.582626,0.000000,0.000000,0.000000,0.000000,0.000000,0.000000,nan,nan,nan,nan,nan,nan,READY
1787037254529730408,2026-08-18T14:14:14.529748,ground_truth,-0.002109,0.481000,0.174020,-0.005362,0.493500,0.182101,True,,,,,,,,,-0.151152,1.017555,0.582435,-0.151148,1.017230,0.582626,0.000000,0.000000,0.000000,0.000000,0.000000,0.000000,nan,nan,nan,nan,nan,nan,READY
1787037254563875172,2026-08-18T14:14:14.563922,ground_truth,-0.002135,0.487000,0.173883,-0.005146,0.493900,0.181038,True,,,,,,,,,-0.151368,1.017955,0.581371,-0.151528,1.018483,0.580458,0.000000,0.000000,0.000000,0.000000,0.000000,0.000000,nan,nan,nan,nan,nan,nan,READY
1787037254596251451,2026-08-18T14:14:14.596266,ground_truth,-0.002135,0.487000,0.173883,-0.004930,0.493287,0.179992,True,,,,,,,,,-0.151584,1.017342,0.580326,-0.151528,1.018483,0.580458,0.000000,0.000000,0.000000,0.000000,0.000000,0.000000,nan,nan,nan,nan,nan,nan,READY
1787037254630807223,2026-08-18T14:14:14.630840,ground_truth,-0.002109,0.481000,0.174020,-0.004713,0.492471,0.179159,True,,,,,,,,,-0.151801,1.016525,0.579493,-0.151910,1.017592,0.578722,0.000000,0.000000,0.000000,0.000000,0.000000,0.000000,nan,nan,nan,nan,nan,nan,READY
1787037254662974476,2026-08-18T14:14:14.663015,ground_truth,-0.002162,0.493000,0.173745,-0.004496,0.491614,0.178322,True,,,,,,,,,-0.152018,1.015669,0.578656,-0.151910,1.017592,0.578722,0.000000,0.000000,0.000000,0.000000,0.000000,0.000000,nan,nan,nan,nan,nan,nan,READY
1787037254694485368,2026-08-18T14:14:14.694506,ground_truth,-0.002109,0.481000,0.174020,-0.004284,0.491123,0.177455,True,,,,,,,,,-0.152230,1.015178,0.577789,-0.152328,1.014514,0.577480,0.000000,0.000000,0.000000,0.000000,0.000000,0.000000,nan,nan,nan,nan,nan,nan,READY
1787037254728633157,2026-08-18T14:14:14.728650,ground_truth,-0.002109,0.481000,0.174020,-0.004067,0.490385,0.176832,True,,,,,,,,,-0.152447,1.014439,0.577165,-0.152328,1.014514,0.577480,0.000000,0.000000,0.000000,0.000000,0.000000,0.000000,nan,nan,nan,nan,nan,nan,READY
1787037254767517560,2026-08-18T14:14:14.767534,ground_truth,-0.002109,0.481000,0.174020,-0.003850,0.489597,0.176208,True,,,,,,,,,-0.152664,1.013652,0.576542,-0.152946,1.012929,0.575756,0.000000,0.000000,0.000000,0.000000,0.000000,0.000000,nan,nan,nan,nan,nan,nan,READY
1787037254804269627,2026-08-18T14:14:14.804294,ground_truth,-0.002109,0.481000,0.174020,-0.003633,0.488799,0.175585,True,,,,,,,,,-0.152881,1.012854,0.575919,-0.152946,1.012929,0.575756,0.000000,0.000000,0.000000,0.000000,0.000000,0.000000,nan,nan,nan,nan,nan,nan,READY
1787037254832111064,2026-08-18T14:14:14.832151,ground_truth,-0.002056,0.469000,0.174295,-0.003417,0.488000,0.175165,True,,,,,,,,,-0.153097,1.012055,0.575499,-0.153276,1.011019,0.575194,0.000000,0.000000,0.000000,0.000000,0.000000,0.000000,nan,nan,nan,nan,nan,nan,READY
1787037254863585759,2026-08-18T14:14:14.863609,ground_truth,-0.002109,0.481000,0.174020,-0.003196,0.487200,0.174774,True,,,,,,,,,-0.153317,1.011255,0.575108,-0.153276,1.011019,0.575194,0.000000,0.000000,0.000000,0.000000,0.000000,0.000000,nan,nan,nan,nan,nan,nan,READY
1787037254898261202,2026-08-18T14:14:14.898281,ground_truth,-0.002109,0.481000,0.174020,-0.002982,0.486720,0.174559,True,,,,,,,,,-0.153532,1.010775,0.574892,-0.154080,1.010253,0.574247,0.000000,0.000000,0.000000,0.000000,0.000000,0.000000,nan,nan,nan,nan,nan,nan,READY
1787037254931314150,2026-08-18T14:14:14.931348,ground_truth,-0.002109,0.481000,0.174020,-0.002765,0.485984,0.174363,True,,,,,,,,,-0.153749,1.010039,0.574697,-0.154080,1.010253,0.574247,0.000000,0.000000,0.000000,0.000000,0.000000,0.000000,nan,nan,nan,nan,nan,nan,READY
1787037254963341535,2026-08-18T14:14:14.963360,ground_truth,-0.002162,0.493000,0.173745,-0.002548,0.485197,0.174168,True,,,,,,,,,-0.153966,1.009252,0.574501,-0.153859,1.008227,0.574748,0.000000,0.000000,0.000000,0.000000,0.000000,0.000000,nan,nan,nan,nan,nan,nan,READY
1787037254995286888,2026-08-18T14:14:14.995301,ground_truth,-0.002109,0.481000,0.170792,-0.002333,0.484399,0.173965,True,,,,,,,,,-0.154181,1.008454,0.574299,-0.153859,1.008227,0.574748,0.000000,0.000000,0.000000,0.000000,0.000000,0.000000,nan,nan,nan,nan,nan,nan,READY
1787037255029617535,2026-08-18T14:14:15.029659,ground_truth,-0.002109,0.481000,0.170792,-0.002116,0.483600,0.173768,True,,,,,,,,,-0.154398,1.007655,0.574102,-0.154852,1.006952,0.573580,0.000000,0.000000,0.000000,0.000000,0.000000,0.000000,nan,nan,nan,nan,nan,nan,READY
1787037255063855270,2026-08-18T14:14:15.063889,ground_truth,-0.002162,0.493000,0.170537,-0.002116,0.482800,0.173553,True,,,,,,,,,-0.154398,1.006855,0.573887,-0.154852,1.006952,0.573580,0.000000,0.000000,0.000000,0.000000,0.000000,0.000000,nan,nan,nan,nan,nan,nan,READY
1787037255098486240,2026-08-18T14:14:15.098556,ground_truth,-0.002109,0.481000,0.170792,-0.002118,0.482320,0.173330,True,,,,,,,,,-0.154396,1.006375,0.573664,-0.153959,1.005538,0.573633,0.000000,0.000000,0.000000,0.000000,0.000000,0.000000,nan,nan,nan,nan,nan,nan,READY
1787037255127900430,2026-08-18T14:14:15.127917,ground_truth,-0.002083,0.475000,0.167682,-0.002116,0.481904,0.173124,True,,,,,,,,,-0.154398,1.005959,0.573458,-0.153959,1.005538,0.573633,0.000000,0.000000,0.000000,0.000000,0.000000,0.000000,nan,nan,nan,nan,nan,nan,READY
1787037255164638892,2026-08-18T14:14:15.164691,ground_truth,-0.002056,0.469000,0.167799,-0.002114,0.481501,0.172701,True,,,,,,,,,-0.154400,1.005556,0.573035,-0.154600,1.005259,0.572506,0.000000,0.000000,0.000000,0.000000,0.000000,0.000000,nan,nan,nan,nan,nan,nan,READY
1787037255195428101,2026-08-18T14:14:15.195485,ground_truth,-0.002056,0.469000,0.164551,-0.002107,0.480780,0.172305,True,,,,,,,,,-0.154407,1.004835,0.572639,-0.154600,1.005259,0.572506,0.000000,0.000000,0.000000,0.000000,0.000000,0.000000,nan,nan,nan,nan,nan,nan,READY
1787037255230104235,2026-08-18T14:14:15.230125,ground_truth,-0.002109,0.481000,0.161108,-0.002104,0.479996,0.171674,True,,,,,,,,,-0.154410,1.004051,0.572008,-0.154253,1.003055,0.571596,0.000000,0.000000,0.000000,0.000000,0.000000,0.000000,nan,nan,nan,nan,nan,nan,READY
1787037255266607792,2026-08-18T14:14:15.266621,ground_truth,-0.001942,0.443000,0.158437,-0.002104,0.479199,0.170813,True,,,,,,,,,-0.154410,1.003254,0.571147,-0.154253,1.003055,0.571596,0.000000,0.000000,0.000000,0.000000,0.000000,0.000000,nan,nan,nan,nan,nan,nan,READY
1787037255296269650,2026-08-18T14:14:15.296286,ground_truth,-0.001999,0.456000,0.154977,-0.002093,0.478400,0.169774,True,,,,,,,,,-0.154421,1.002455,0.570108,-0.154531,1.002062,0.569133,0.000000,0.000000,0.000000,0.000000,0.000000,0.000000,nan,nan,nan,nan,nan,nan,READY
1787037255332095597,2026-08-18T14:14:15.332145,ground_truth,0.001264,0.456000,0.151707,-0.002085,0.476907,0.168505,True,,,,,,,,,-0.154429,1.000961,0.568838,-0.154531,1.002062,0.569133,0.000000,0.000000,0.000000,0.000000,0.000000,0.000000,nan,nan,nan,nan,nan,nan,READY
1787037255364185837,2026-08-18T14:14:15.364229,ground_truth,0.001264,0.456000,0.148438,-0.001864,0.475275,0.166999,True,,,,,,,,,-0.154650,0.999330,0.567332,-0.154671,0.998842,0.567011,0.000000,0.000000,0.000000,0.000000,0.000000,0.000000,nan,nan,nan,nan,nan,nan,READY
1787037255395515062,2026-08-18T14:14:15.395529,ground_truth,0.001185,0.469000,0.148312,-0.001639,0.473615,0.165293,True,,,,,,,,,-0.154875,0.997670,0.565627,-0.154671,0.998842,0.567011,0.000000,0.000000,0.000000,0.000000,0.000000,0.000000,nan,nan,nan,nan,nan,nan,READY
1787037255431354564,2026-08-18T14:14:15.431382,ground_truth,0.001300,0.450000,0.148496,-0.001419,0.471950,0.163579,True,,,,,,,,,-0.155094,0.996005,0.563913,-0.155103,0.995949,0.563853,0.000000,0.000000,0.000000,0.000000,0.000000,0.000000,nan,nan,nan,nan,nan,nan,READY
1787037255465285934,2026-08-18T14:14:15.465307,ground_truth,0.001300,0.450000,0.145217,-0.001192,0.470283,0.161878,True,,,,,,,,,-0.155322,0.994338,0.562211,-0.155103,0.995949,0.563853,0.000000,0.000000,0.000000,0.000000,0.000000,0.000000,nan,nan,nan,nan,nan,nan,READY
1787037255497172969,2026-08-18T14:14:15.497190,ground_truth,0.001228,0.462000,0.145120,-0.000961,0.468297,0.159976,True,,,,,,,,,-0.155552,0.992352,0.560309,-0.155522,0.992591,0.560545,0.000000,0.000000,0.000000,0.000000,0.000000,0.000000,nan,nan,nan,nan,nan,nan,READY
1787037255529206855,2026-08-18T14:14:15.529252,ground_truth,0.001300,0.450000,0.145217,-0.000739,0.466246,0.158264,True,,,,,,,,,-0.155775,0.990301,0.558598,-0.155522,0.992591,0.560545,0.000000,0.000000,0.000000,0.000000,0.000000,0.000000,nan,nan,nan,nan,nan,nan,READY
1787037255569592419,2026-08-18T14:14:15.569620,ground_truth,0.001378,0.437000,0.145322,-0.000512,0.464183,0.156559,True,,,,,,,,,-0.156002,0.988237,0.556893,-0.155948,0.988726,0.557303,0.000000,0.000000,0.000000,0.000000,0.000000,0.000000,nan,nan,nan,nan,nan,nan,READY
1787037255600269030,2026-08-18T14:14:15.600300,ground_truth,0.001300,0.450000,0.145217,-0.000276,0.462117,0.154878,True,,,,,,,,,-0.156238,0.986171,0.555212,-0.155948,0.988726,0.557303,0.000000,0.000000,0.000000,0.000000,0.000000,0.000000,nan,nan,nan,nan,nan,nan,READY
1787037255631844720,2026-08-18T14:14:15.631890,ground_truth,0.001342,0.443000,0.145273,-0.000048,0.460050,0.153173,True,,,,,,,,,-0.156465,0.984105,0.553507,-0.156389,0.984789,0.554069,0.000000,0.000000,0.000000,0.000000,0.000000,0.000000,nan,nan,nan,nan,nan,nan,READY
1787037255665542478,2026-08-18T14:14:15.665559,ground_truth,0.001342,0.443000,0.145273,0.000180,0.457610,0.151679,True,,,,,,,,,-0.156694,0.981665,0.552013,-0.156389,0.984789,0.554069,0.000000,0.000000,0.000000,0.000000,0.000000,0.000000,nan,nan,nan,nan,nan,nan,READY
1787037255698522071,2026-08-18T14:14:15.698570,ground_truth,0.001378,0.437000,0.148622,0.000406,0.455415,0.150178,True,,,,,,,,,-0.156920,0.979470,0.550511,-0.156837,0.980308,0.551072,0.000000,0.000000,0.000000,0.000000,0.000000,0.000000,nan,nan,nan,nan,nan,nan,READY
1787037255730866019,2026-08-18T14:14:15.730899,ground_truth,0.001421,0.430000,0.148690,0.000635,0.453590,0.149116,True,,,,,,,,,-0.157149,0.977645,0.549449,-0.156837,0.980308,0.551072,0.000000,0.000000,0.000000,0.000000,0.000000,0.000000,nan,nan,nan,nan,nan,nan,READY
1787037255766430884,2026-08-18T14:14:15.766446,ground_truth,0.001300,0.450000,0.145217,0.000871,0.451518,0.148288,True,,,,,,,,,-0.157385,0.975573,0.548621,-0.157331,0.976038,0.548862,0.000000,0.000000,0.000000,0.000000,0.000000,0.000000,nan,nan,nan,nan,nan,nan,READY
1787037255796583387,2026-08-18T14:14:15.796600,ground_truth,0.001264,0.456000,0.145168,0.001087,0.449397,0.147406,True,,,,,,,,,-0.157601,0.973452,0.547740,-0.157331,0.976038,0.548862,0.000000,0.000000,0.000000,0.000000,0.000000,0.000000,nan,nan,nan,nan,nan,nan,READY
1787037255827828638,2026-08-18T14:14:15.827844,ground_truth,0.001264,0.456000,0.145168,0.001304,0.448653,0.146753,True,,,,,,,,,-0.157818,0.972708,0.547086,-0.157857,0.972441,0.546944,0.000000,0.000000,0.000000,0.000000,0.000000,0.000000,nan,nan,nan,nan,nan,nan,READY
1787037255864631458,2026-08-18T14:14:15.864680,ground_truth,0.001264,0.456000,0.145168,0.001304,0.448504,0.146317,True,,,,,,,,,-0.157818,0.972559,0.546650,-0.157857,0.972441,0.546944,0.000000,0.000000,0.000000,0.000000,0.000000,0.000000,nan,nan,nan,nan,nan,nan,READY
1787037255895958039,2026-08-18T14:14:15.895974,ground_truth,0.001300,0.450000,0.145217,0.001304,0.448474,0.146099,True,,,,,,,,,-0.157818,0.972529,0.546432,-0.158021,0.971024,0.545260,0.000000,0.000000,0.000000,0.000000,0.000000,0.000000,nan,nan,nan,nan,nan,nan,READY
1787037255930449452,2026-08-18T14:14:15.930486,ground_truth,0.001378,0.437000,0.148622,0.001312,0.448468,0.145892,True,,,,,,,,,-0.157826,0.972523,0.546226,-0.158021,0.971024,0.545260,0.000000,0.000000,0.000000,0.000000,0.000000,0.000000,nan,nan,nan,nan,nan,nan,READY
1787037255962490572,2026-08-18T14:14:15.962507,ground_truth,0.001300,0.450000,0.148496,0.001317,0.448147,0.145901,True,,,,,,,,,-0.157831,0.972202,0.546234,-0.157831,0.972202,0.546234,0.000000,0.000000,0.000000,0.000000,0.000000,0.000000,nan,nan,nan,nan,nan,nan,READY
1787037255994961855,2026-08-18T14:14:15.995025,ground_truth,0.001342,0.443000,0.148564,0.001317,0.448083,0.146119,True,,,,,,,,,-0.157831,0.972138,0.546453,-0.157831,0.972202,0.546234,0.000000,0.000000,0.000000,0.000000,0.000000,0.000000,nan,nan,nan,nan,nan,nan,READY
1787037256036059995,2026-08-18T14:14:16.036087,ground_truth,0.001300,0.450000,0.148496,0.001325,0.447697,0.146349,True,,,,,,,,,-0.157839,0.971751,0.546683,-0.157852,0.970989,0.547442,0.000000,0.000000,0.000000,0.000000,0.000000,0.000000,nan,nan,nan,nan,nan,nan,READY
1787037256065229924,2026-08-18T14:14:16.065245,ground_truth,0.001185,0.469000,0.148312,0.001325,0.447619,0.146568,True,,,,,,,,,-0.157839,0.971674,0.546901,-0.157852,0.970989,0.547442,0.000000,0.000000,0.000000,0.000000,0.000000,0.000000,nan,nan,nan,nan,nan,nan,READY
1787037256100983236,2026-08-18T14:14:16.101033,ground_truth,0.001300,0.450000,0.148496,0.001312,0.447604,0.146767,True,,,,,,,,,-0.157826,0.971659,0.547101,-0.157826,0.971659,0.547101,0.000000,0.000000,0.000000,0.000000,0.000000,0.000000,nan,nan,nan,nan,nan,nan,READY
1787037256134653092,2026-08-18T14:14:16.134698,ground_truth,0.001185,0.469000,0.148312,0.001312,0.447601,0.146986,True,,,,,,,,,-0.157826,0.971656,0.547319,-0.157826,0.971659,0.547101,0.000000,0.000000,0.000000,0.000000,0.000000,0.000000,nan,nan,nan,nan,nan,nan,READY
1787037256166558230,2026-08-18T14:14:16.166571,ground_truth,0.001300,0.450000,0.148496,0.001302,0.448987,0.147188,True,,,,,,,,,-0.157815,0.973042,0.547522,-0.157810,0.973724,0.547730,0.000000,0.000000,0.000000,0.000000,0.000000,0.000000,nan,nan,nan,nan,nan,nan,READY
1787037256198724841,2026-08-18T14:14:16.198745,ground_truth,0.001185,0.469000,0.148312,0.001299,0.449637,0.147403,True,,,,,,,,,-0.157813,0.973692,0.547737,-0.157810,0.973724,0.547730,0.000000,0.000000,0.000000,0.000000,0.000000,0.000000,nan,nan,nan,nan,nan,nan,READY
1787037256230808680,2026-08-18T14:14:16.230841,ground_truth,0.001264,0.456000,0.148438,0.001286,0.451154,0.147382,True,,,,,,,,,-0.157800,0.975209,0.547716,-0.157792,0.976289,0.547706,0.000000,0.000000,0.000000,0.000000,0.000000,0.000000,nan,nan,nan,nan,nan,nan,READY
1787037256264750317,2026-08-18T14:14:16.264785,ground_truth,0.001228,0.462000,0.148380,0.001275,0.452471,0.147365,True,,,,,,,,,-0.157789,0.976526,0.547699,-0.157792,0.976289,0.547706,0.000000,0.000000,0.000000,0.000000,0.000000,0.000000,nan,nan,nan,nan,nan,nan,READY
1787037256297692470,2026-08-18T14:14:16.297734,ground_truth,0.001228,0.462000,0.148380,0.001271,0.454068,0.147576,True,,,,,,,,,-0.157784,0.978122,0.547910,-0.157780,0.979149,0.548024,0.000000,0.000000,0.000000,0.000000,0.000000,0.000000,nan,nan,nan,nan,nan,nan,READY
1787037256331138202,2026-08-18T14:14:16.331195,ground_truth,0.001185,0.469000,0.148312,0.001268,0.455027,0.147790,True,,,,,,,,,-0.157782,0.979082,0.548124,-0.157780,0.979149,0.548024,0.000000,0.000000,0.000000,0.000000,0.000000,0.000000,nan,nan,nan,nan,nan,nan,READY
1787037256366549243,2026-08-18T14:14:16.366564,ground_truth,0.001264,0.456000,0.148438,0.001263,0.455539,0.148000,True,,,,,,,,,-0.157777,0.979594,0.548334,-0.157770,0.980440,0.548922,0.000000,0.000000,0.000000,0.000000,0.000000,0.000000,nan,nan,nan,nan,nan,nan,READY
1787037256397010165,2026-08-18T14:14:16.397026,ground_truth,0.001185,0.469000,0.148312,0.001263,0.455961,0.148218,True,,,,,,,,,-0.157777,0.980016,0.548552,-0.157770,0.980440,0.548922,0.000000,0.000000,0.000000,0.000000,0.000000,0.000000,nan,nan,nan,nan,nan,nan,READY
1787037256435548067,2026-08-18T14:14:16.435565,ground_truth,0.001264,0.456000,0.148438,0.001255,0.456739,0.148424,True,,,,,,,,,-0.157769,0.980794,0.548758,-0.157766,0.981611,0.548378,0.000000,0.000000,0.000000,0.000000,0.000000,0.000000,nan,nan,nan,nan,nan,nan,READY
1787037256465380029,2026-08-18T14:14:16.465399,ground_truth,0.001185,0.469000,0.148312,0.001248,0.457215,0.148412,True,,,,,,,,,-0.157762,0.981269,0.548746,-0.157766,0.981611,0.548378,0.000000,0.000000,0.000000,0.000000,0.000000,0.000000,nan,nan,nan,nan,nan,nan,READY
1787037256500362177,2026-08-18T14:14:16.500406,ground_truth,0.001228,0.462000,0.148380,0.001240,0.458323,0.148400,True,,,,,,,,,-0.157754,0.982378,0.548733,-0.157737,0.983390,0.549202,0.000000,0.000000,0.000000,0.000000,0.000000,0.000000,nan,nan,nan,nan,nan,nan,READY
1787037256532995379,2026-08-18T14:14:16.533026,ground_truth,0.001149,0.475000,0.148253,0.001232,0.459558,0.148387,True,,,,,,,,,-0.157746,0.983613,0.548721,-0.157737,0.983390,0.549202,0.000000,0.000000,0.000000,0.000000,0.000000,0.000000,nan,nan,nan,nan,nan,nan,READY
1787037256563013865,2026-08-18T14:14:16.563029,ground_truth,0.001228,0.462000,0.148380,0.001222,0.460818,0.148371,True,,,,,,,,,-0.157736,0.984873,0.548705,-0.157735,0.985869,0.548371,0.000000,0.000000,0.000000,0.000000,0.000000,0.000000,nan,nan,nan,nan,nan,nan,READY
1787037256596780049,2026-08-18T14:14:16.596797,ground_truth,0.001113,0.481000,0.148195,0.001225,0.461710,0.148376,True,,,,,,,,,-0.157739,0.985765,0.548709,-0.157735,0.985869,0.548371,0.000000,0.000000,0.000000,0.000000,0.000000,0.000000,nan,nan,nan,nan,nan,nan,READY
1787037256627561252,2026-08-18T14:14:16.627578,ground_truth,0.001149,0.475000,0.148253,0.001213,0.463222,0.148356,True,,,,,,,,,-0.157727,0.987277,0.548689,-0.157720,0.988330,0.548928,0.000000,0.000000,0.000000,0.000000,0.000000,0.000000,nan,nan,nan,nan,nan,nan,READY
1787037256661265732,2026-08-18T14:14:16.661306,ground_truth,0.004427,0.469000,0.148312,0.001210,0.463845,0.148352,True,,,,,,,,,-0.157724,0.987899,0.548685,-0.157720,0.988330,0.548928,0.000000,0.000000,0.000000,0.000000,0.000000,0.000000,nan,nan,nan,nan,nan,nan,READY
1787037256696915633,2026-08-18T14:14:16.696934,ground_truth,0.004527,0.456000,0.148438,0.001419,0.465302,0.148339,True,,,,,,,,,-0.157933,0.989357,0.548673,-0.158154,0.990424,0.548409,0.000000,0.000000,0.000000,0.000000,0.000000,0.000000,nan,nan,nan,nan,nan,nan,READY
1787037256734489957,2026-08-18T14:14:16.734522,ground_truth,0.004527,0.456000,0.148438,0.001642,0.465594,0.148348,True,,,,,,,,,-0.158155,0.989649,0.548682,-0.158154,0.990424,0.548409,0.000000,0.000000,0.000000,0.000000,0.000000,0.000000,nan,nan,nan,nan,nan,nan,READY
1787037256762035928,2026-08-18T14:14:16.762051,ground_truth,0.004481,0.462000,0.148380,0.001859,0.465652,0.148348,True,,,,,,,,,-0.158373,0.989707,0.548682,-0.158373,0.989707,0.548682,0.000000,0.000000,0.000000,0.000000,0.000000,0.000000,nan,nan,nan,nan,nan,nan,READY
1787037256800499534,2026-08-18T14:14:16.800554,ground_truth,0.004573,0.450000,0.148496,0.002076,0.465344,0.148348,True,,,,,,,,,-0.158590,0.989399,0.548682,-0.158373,0.989707,0.548682,0.000000,0.000000,0.000000,0.000000,0.000000,0.000000,nan,nan,nan,nan,nan,nan,READY
1787037256836472151,2026-08-18T14:14:16.836490,ground_truth,0.004381,0.475000,0.148253,0.002299,0.464962,0.148356,True,,,,,,,,,-0.158813,0.989017,0.548689,-0.159422,0.988061,0.548700,0.000000,0.000000,0.000000,0.000000,0.000000,0.000000,nan,nan,nan,nan,nan,nan,READY
1787037256867196991,2026-08-18T14:14:16.867212,ground_truth,0.004573,0.450000,0.148496,0.002512,0.464886,0.148352,True,,,,,,,,,-0.159026,0.988941,0.548685,-0.159422,0.988061,0.548700,0.000000,0.000000,0.000000,0.000000,0.000000,0.000000,nan,nan,nan,nan,nan,nan,READY
1787037256899568790,2026-08-18T14:14:16.899599,ground_truth,0.004673,0.437000,0.148622,0.002733,0.464231,0.148356,True,,,,,,,,,-0.159246,0.988285,0.548689,-0.159246,0.988285,0.548689,0.000000,0.000000,0.000000,0.000000,0.000000,0.000000,nan,nan,nan,nan,nan,nan,READY
1787037256931066737,2026-08-18T14:14:16.931098,ground_truth,0.004573,0.450000,0.148496,0.002965,0.463086,0.148376,True,,,,,,,,,-0.159479,0.987141,0.548710,-0.159246,0.988285,0.548689,0.000000,0.000000,0.000000,0.000000,0.000000,0.000000,nan,nan,nan,nan,nan,nan,READY
1787037256966799551,2026-08-18T14:14:16.966816,ground_truth,0.004527,0.456000,0.145168,0.003186,0.462537,0.148380,True,,,,,,,,,-0.159700,0.986592,0.548714,-0.159810,0.986179,0.548720,0.000000,0.000000,0.000000,0.000000,0.000000,0.000000,nan,nan,nan,nan,nan,nan,READY
1787037256997072246,2026-08-18T14:14:16.997085,ground_truth,0.004527,0.456000,0.145168,0.003409,0.461414,0.148171,True,,,,,,,,,-0.159922,0.985469,0.548504,-0.159810,0.986179,0.548720,0.000000,0.000000,0.000000,0.000000,0.000000,0.000000,nan,nan,nan,nan,nan,nan,READY
1787037257031344654,2026-08-18T14:14:17.031376,ground_truth,0.008033,0.430000,0.145378,0.003629,0.460870,0.147957,True,,,,,,,,,-0.160142,0.984924,0.548290,-0.160406,0.983928,0.547949,0.000000,0.000000,0.000000,0.000000,0.000000,0.000000,nan,nan,nan,nan,nan,nan,READY
1787037257063857253,2026-08-18T14:14:17.063890,ground_truth,0.008000,0.433500,0.142043,0.004087,0.460067,0.147765,True,,,,,,,,,-0.160601,0.984122,0.548099,-0.160406,0.983928,0.547949,0.000000,0.000000,0.000000,0.000000,0.000000,0.000000,nan,nan,nan,nan,nan,nan,READY
1787037257096103481,2026-08-18T14:14:17.096120,ground_truth,0.007911,0.443000,0.138691,0.004539,0.458387,0.147342,True,,,,,,,,,-0.161053,0.982442,0.547676,-0.161473,0.981476,0.547499,0.000000,0.000000,0.000000,0.000000,0.000000,0.000000,nan,nan,nan,nan,nan,nan,READY
1787037257132942657,2026-08-18T14:14:17.132974,ground_truth,0.008154,0.417000,0.132147,0.004992,0.455837,0.146709,True,,,,,,,,,-0.161506,0.979892,0.547043,-0.161473,0.981476,0.547499,0.000000,0.000000,0.000000,0.000000,0.000000,0.000000,nan,nan,nan,nan,nan,nan,READY
1787037257166119403,2026-08-18T14:14:17.166135,ground_truth,0.007911,0.443000,0.125528,0.005459,0.453114,0.145635,True,,,,,,,,,-0.161973,0.977169,0.545969,-0.161965,0.977237,0.545993,0.000000,0.000000,0.000000,0.000000,0.000000,0.000000,nan,nan,nan,nan,nan,nan,READY
1787037257197833778,2026-08-18T14:14:17.197849,ground_truth,0.008098,0.423000,0.122167,0.005691,0.450863,0.144116,True,,,,,,,,,-0.162205,0.974918,0.544450,-0.161965,0.977237,0.545993,0.000000,0.000000,0.000000,0.000000,0.000000,0.000000,nan,nan,nan,nan,nan,nan,READY
1787037257231229708,2026-08-18T14:14:17.231266,ground_truth,0.008098,0.423000,0.118843,0.005930,0.447959,0.142365,True,,,,,,,,,-0.162443,0.972014,0.542698,-0.162372,0.972791,0.543189,0.000000,0.000000,0.000000,0.000000,0.000000,0.000000,nan,nan,nan,nan,nan,nan,READY
1787037257265932751,2026-08-18T14:14:17.265947,ground_truth,0.007967,0.437000,0.115614,0.006168,0.445619,0.140392,True,,,,,,,,,-0.162681,0.969673,0.540725,-0.162372,0.972791,0.543189,0.000000,0.000000,0.000000,0.000000,0.000000,0.000000,nan,nan,nan,nan,nan,nan,READY
1787037257298769830,2026-08-18T14:14:17.298813,ground_truth,0.007967,0.437000,0.112313,0.006400,0.443390,0.138207,True,,,,,,,,,-0.162914,0.967445,0.538541,-0.162803,0.968541,0.539494,0.000000,0.000000,0.000000,0.000000,0.000000,0.000000,nan,nan,nan,nan,nan,nan,READY
1787037257332143879,2026-08-18T14:14:17.332190,ground_truth,0.004289,0.487000,0.109518,0.006626,0.441931,0.135795,True,,,,,,,,,-0.163140,0.965986,0.536129,-0.162803,0.968541,0.539494,0.000000,0.000000,0.000000,0.000000,0.000000,0.000000,nan,nan,nan,nan,nan,nan,READY
1787037257364564278,2026-08-18T14:14:17.364582,ground_truth,0.004780,0.423000,0.108871,0.006620,0.440306,0.133213,True,,,,,,,,,-0.163134,0.964361,0.533547,-0.163060,0.965298,0.534880,0.000000,0.000000,0.000000,0.000000,0.000000,0.000000,nan,nan,nan,nan,nan,nan,READY
1787037257395835185,2026-08-18T14:14:17.395851,ground_truth,0.004573,0.450000,0.109144,0.006634,0.439288,0.130571,True,,,,,,,,,-0.163148,0.963343,0.530905,-0.163060,0.965298,0.534880,0.000000,0.000000,0.000000,0.000000,0.000000,0.000000,nan,nan,nan,nan,nan,nan,READY
1787037257430271045,2026-08-18T14:14:17.430299,ground_truth,0.004780,0.423000,0.108871,0.006627,0.439084,0.127939,True,,,,,,,,,-0.163141,0.963139,0.528273,-0.163124,0.963584,0.529633,0.000000,0.000000,0.000000,0.000000,0.000000,0.000000,nan,nan,nan,nan,nan,nan,READY
1787037257463359357,2026-08-18T14:14:17.463392,ground_truth,0.004673,0.437000,0.109012,0.006641,0.437604,0.125298,True,,,,,,,,,-0.163155,0.961658,0.525631,-0.163124,0.963584,0.529633,0.000000,0.000000,0.000000,0.000000,0.000000,0.000000,nan,nan,nan,nan,nan,nan,READY
1787037257497293410,2026-08-18T14:14:17.497325,ground_truth,0.004527,0.456000,0.109204,0.006651,0.436614,0.122887,True,,,,,,,,,-0.163165,0.960669,0.523221,-0.163157,0.961240,0.524477,0.000000,0.000000,0.000000,0.000000,0.000000,0.000000,nan,nan,nan,nan,nan,nan,READY
1787037257531412866,2026-08-18T14:14:17.531487,ground_truth,0.004727,0.430000,0.108942,0.006651,0.435403,0.120490,True,,,,,,,,,-0.163165,0.959458,0.520823,-0.163157,0.961240,0.524477,0.000000,0.000000,0.000000,0.000000,0.000000,0.000000,nan,nan,nan,nan,nan,nan,READY
1787037257565914517,2026-08-18T14:14:17.565931,ground_truth,0.004527,0.456000,0.109204,0.006430,0.434147,0.118060,True,,,,,,,,,-0.162944,0.958202,0.518394,-0.162987,0.958810,0.519612,0.000000,0.000000,0.000000,0.000000,0.000000,0.000000,nan,nan,nan,nan,nan,nan,READY
1787037257598231215,2026-08-18T14:14:17.598244,ground_truth,0.004573,0.450000,0.109144,0.006199,0.435096,0.115871,True,,,,,,,,,-0.162713,0.959151,0.516205,-0.162987,0.958810,0.519612,0.000000,0.000000,0.000000,0.000000,0.000000,0.000000,nan,nan,nan,nan,nan,nan,READY
1787037257632986174,2026-08-18T14:14:17.633024,ground_truth,0.004573,0.450000,0.109144,0.005976,0.436166,0.113901,True,,,,,,,,,-0.162490,0.960221,0.514235,-0.162655,0.958564,0.514781,0.000000,0.000000,0.000000,0.000000,0.000000,0.000000,nan,nan,nan,nan,nan,nan,READY
1787037257665288355,2026-08-18T14:14:17.665305,ground_truth,0.004727,0.430000,0.105629,0.005738,0.437260,0.112368,True,,,,,,,,,-0.162251,0.961315,0.512702,-0.162655,0.958564,0.514781,0.000000,0.000000,0.000000,0.000000,0.000000,0.000000,nan,nan,nan,nan,nan,nan,READY
1787037257702246280,2026-08-18T14:14:17.702282,ground_truth,0.004573,0.450000,0.102585,0.005525,0.437852,0.111041,True,,,,,,,,,-0.162039,0.961907,0.511375,-0.162156,0.960421,0.510785,0.000000,0.000000,0.000000,0.000000,0.000000,0.000000,nan,nan,nan,nan,nan,nan,READY
1787037257731528436,2026-08-18T14:14:17.731552,ground_truth,0.007911,0.443000,0.099200,0.005290,0.439410,0.109736,True,,,,,,,,,-0.161804,0.963465,0.510070,-0.162156,0.960421,0.510785,0.000000,0.000000,0.000000,0.000000,0.000000,0.000000,nan,nan,nan,nan,nan,nan,READY
1787037257767171343,2026-08-18T14:14:17.767201,ground_truth,0.007939,0.440000,0.092563,0.005278,0.440789,0.108426,True,,,,,,,,,-0.161792,0.964844,0.508760,-0.161765,0.964007,0.508275,0.000000,0.000000,0.000000,0.000000,0.000000,0.000000,nan,nan,nan,nan,nan,nan,READY
1787037257797210998,2026-08-18T14:14:17.797225,ground_truth,0.011416,0.423000,0.088927,0.005276,0.442131,0.106890,True,,,,,,,,,-0.161790,0.966186,0.507223,-0.161765,0.964007,0.508275,0.000000,0.000000,0.000000,0.000000,0.000000,0.000000,nan,nan,nan,nan,nan,nan,READY
1787037257832218833,2026-08-18T14:14:17.832253,ground_truth,0.018422,0.397000,0.085039,0.005506,0.442560,0.105331,True,,,,,,,,,-0.162020,0.966614,0.505664,-0.162037,0.966790,0.505489,0.000000,0.000000,0.000000,0.000000,0.000000,0.000000,nan,nan,nan,nan,nan,nan,READY
1787037257864090269,2026-08-18T14:14:17.864110,ground_truth,0.018622,0.383000,0.081346,0.006448,0.441899,0.103699,True,,,,,,,,,-0.162962,0.965953,0.504032,-0.162037,0.966790,0.505489,0.000000,0.000000,0.000000,0.000000,0.000000,0.000000,nan,nan,nan,nan,nan,nan,READY
1787037257900485636,2026-08-18T14:14:17.900529,ground_truth,0.018522,0.390000,0.071374,0.007371,0.439633,0.101864,True,,,,,,,,,-0.163885,0.963688,0.502197,-0.162860,0.967501,0.502534,0.000000,0.000000,0.000000,0.000000,0.000000,0.000000,nan,nan,nan,nan,nan,nan,READY
1787037257933886204,2026-08-18T14:14:17.933917,ground_truth,0.024791,0.417000,0.065470,0.008301,0.435980,0.099346,True,,,,,,,,,-0.164815,0.960035,0.499679,-0.162860,0.967501,0.502534,0.000000,0.000000,0.000000,0.000000,0.000000,0.000000,nan,nan,nan,nan,nan,nan,READY
1787037257966232437,2026-08-18T14:14:17.966246,ground_truth,0.025143,0.397000,0.058104,0.009635,0.433489,0.096452,True,,,,,,,,,-0.166149,0.957544,0.496786,-0.164072,0.966017,0.499383,0.000000,0.000000,0.000000,0.000000,0.000000,0.000000,nan,nan,nan,nan,nan,nan,READY
1787037257996650890,2026-08-18T14:14:17.996664,ground_truth,0.025143,0.397000,0.054737,0.011000,0.430858,0.093058,True,,,,,,,,,-0.167513,0.954913,0.493392,-0.164072,0.966017,0.499383,0.000000,0.000000,0.000000,0.000000,0.000000,0.000000,nan,nan,nan,nan,nan,nan,READY
1787037258033056195,2026-08-18T14:14:18.033095,ground_truth,0.025635,0.369000,0.053714,0.012374,0.428198,0.089427,True,,,,,,,,,-0.168888,0.952253,0.489761,-0.165752,0.962441,0.495574,0.000000,0.000000,0.000000,0.000000,0.000000,0.000000,nan,nan,nan,nan,nan,nan,READY
1787037258065291302,2026-08-18T14:14:18.065307,ground_truth,0.025389,0.383000,0.050835,0.013768,0.425533,0.085745,True,,,,,,,,,-0.170282,0.949588,0.486079,-0.165752,0.962441,0.495574,0.000000,0.000000,0.000000,0.000000,0.000000,0.000000,nan,nan,nan,nan,nan,nan,READY
1787037258101233211,2026-08-18T14:14:18.101267,ground_truth,0.025389,0.383000,0.047445,0.015159,0.421107,0.081854,True,,,,,,,,,-0.171672,0.945161,0.482188,-0.167866,0.956965,0.490788,0.000000,0.000000,0.000000,0.000000,0.000000,0.000000,nan,nan,nan,nan,nan,nan,READY
1787037258132647683,2026-08-18T14:14:18.132672,ground_truth,0.025266,0.390000,0.047724,0.016546,0.416648,0.077741,True,,,,,,,,,-0.173060,0.940703,0.478074,-0.167866,0.956965,0.490788,0.000000,0.000000,0.000000,0.000000,0.000000,0.000000,nan,nan,nan,nan,nan,nan,READY
1787037258162711281,2026-08-18T14:14:18.162759,ground_truth,0.025143,0.397000,0.041269,0.017926,0.412183,0.073646,True,,,,,,,,,-0.174440,0.936238,0.473980,-0.170208,0.949704,0.484864,0.000000,0.000000,0.000000,0.000000,0.000000,0.000000,nan,nan,nan,nan,nan,nan,READY
1787037258197539384,2026-08-18T14:14:18.197554,ground_truth,0.025512,0.376000,0.040363,0.019287,0.408090,0.069356,True,,,,,,,,,-0.175801,0.932145,0.469689,-0.170208,0.949704,0.484864,0.000000,0.000000,0.000000,0.000000,0.000000,0.000000,nan,nan,nan,nan,nan,nan,READY
1787037258230638576,2026-08-18T14:14:18.230681,ground_truth,0.025512,0.376000,0.040363,0.020683,0.404071,0.065207,True,,,,,,,,,-0.177197,0.928126,0.465541,-0.172558,0.942447,0.478366,0.000000,0.000000,0.000000,0.000000,0.000000,0.000000,nan,nan,nan,nan,nan,nan,READY
1787037258262768088,2026-08-18T14:14:18.262793,ground_truth,0.025512,0.376000,0.036961,0.021856,0.399694,0.061285,True,,,,,,,,,-0.178370,0.923749,0.461619,-0.172558,0.942447,0.478366,0.000000,0.000000,0.000000,0.000000,0.000000,0.000000,nan,nan,nan,nan,nan,nan,READY
1787037258297747060,2026-08-18T14:14:18.297787,ground_truth,0.025512,0.376000,0.036961,0.023028,0.395246,0.057578,True,,,,,,,,,-0.179542,0.919300,0.457912,-0.174767,0.935126,0.471897,0.000000,0.000000,0.000000,0.000000,0.000000,0.000000,nan,nan,nan,nan,nan,nan,READY
1787037258330199197,2026-08-18T14:14:18.330221,ground_truth,0.021894,0.390000,0.037589,0.023968,0.390943,0.054114,True,,,,,,,,,-0.180481,0.914997,0.454447,-0.174767,0.935126,0.471897,0.000000,0.000000,0.000000,0.000000,0.000000,0.000000,nan,nan,nan,nan,nan,nan,READY
1787037258364717067,2026-08-18T14:14:18.364764,ground_truth,0.022005,0.383000,0.037275,0.024199,0.387575,0.050950,True,,,,,,,,,-0.180713,0.911630,0.451284,-0.176635,0.927744,0.465420,0.000000,0.000000,0.000000,0.000000,0.000000,0.000000,nan,nan,nan,nan,nan,nan,READY
1787037258401808579,2026-08-18T14:14:18.401827,ground_truth,0.021894,0.390000,0.037589,0.024425,0.386155,0.048012,True,,,,,,,,,-0.180938,0.910210,0.448346,-0.176635,0.927744,0.465420,0.000000,0.000000,0.000000,0.000000,0.000000,0.000000,nan,nan,nan,nan,nan,nan,READY
1787037258431609793,2026-08-18T14:14:18.431646,ground_truth,0.021687,0.403000,0.038171,0.024649,0.385871,0.045760,True,,,,,,,,,-0.181163,0.909926,0.446094,-0.178328,0.921082,0.458195,0.000000,0.000000,0.000000,0.000000,0.000000,0.000000,nan,nan,nan,nan,nan,nan,READY
1787037258465930499,2026-08-18T14:14:18.465942,ground_truth,0.021782,0.397000,0.037902,0.024442,0.385814,0.043940,True,,,,,,,,,-0.180956,0.909869,0.444274,-0.178328,0.921082,0.458195,0.000000,0.000000,0.000000,0.000000,0.000000,0.000000,nan,nan,nan,nan,nan,nan,READY
1787037258499827383,2026-08-18T14:14:18.499866,ground_truth,0.021464,0.417000,0.038799,0.024218,0.385803,0.042593,True,,,,,,,,,-0.180732,0.909858,0.442927,-0.179498,0.915621,0.450766,0.000000,0.000000,0.000000,0.000000,0.000000,0.000000,nan,nan,nan,nan,nan,nan,READY
1787037258534476797,2026-08-18T14:14:18.534515,ground_truth,0.021464,0.417000,0.038799,0.023973,0.386121,0.041531,True,,,,,,,,,-0.180487,0.910175,0.441864,-0.179498,0.915621,0.450766,0.000000,0.000000,0.000000,0.000000,0.000000,0.000000,nan,nan,nan,nan,nan,nan,READY
1787037258566208485,2026-08-18T14:14:18.566221,ground_truth,0.021575,0.410000,0.038485,0.023695,0.387251,0.040536,True,,,,,,,,,-0.180209,0.911306,0.440870,-0.180123,0.912221,0.444188,0.000000,0.000000,0.000000,0.000000,0.000000,0.000000,nan,nan,nan,nan,nan,nan,READY
1787037258599401890,2026-08-18T14:14:18.599434,ground_truth,0.022228,0.369000,0.040061,0.023441,0.389290,0.039713,True,,,,,,,,,-0.179955,0.913345,0.440047,-0.180123,0.912221,0.444188,0.000000,0.000000,0.000000,0.000000,0.000000,0.000000,nan,nan,nan,nan,nan,nan,READY
1787037258631739776,2026-08-18T14:14:18.631787,ground_truth,0.021894,0.390000,0.040967,0.023230,0.391138,0.039221,True,,,,,,,,,-0.179744,0.915193,0.439555,-0.180424,0.910856,0.438415,0.000000,0.000000,0.000000,0.000000,0.000000,0.000000,nan,nan,nan,nan,nan,nan,READY
1787037258663638702,2026-08-18T14:14:18.663671,ground_truth,0.021464,0.417000,0.042132,0.023005,0.391881,0.038770,True,,,,,,,,,-0.179519,0.915936,0.439104,-0.180424,0.910856,0.438415,0.000000,0.000000,0.000000,0.000000,0.000000,0.000000,nan,nan,nan,nan,nan,nan,READY
1787037258697170683,2026-08-18T14:14:18.697187,ground_truth,0.021687,0.403000,0.041528,0.022760,0.392030,0.038828,True,,,,,,,,,-0.179274,0.916084,0.439162,-0.179274,0.916084,0.439162,0.000000,0.000000,0.000000,0.000000,0.000000,0.000000,nan,nan,nan,nan,nan,nan,READY
1787037258733263361,2026-08-18T14:14:18.733303,ground_truth,0.021368,0.423000,0.042391,0.022505,0.392753,0.038906,True,,,,,,,,,-0.179019,0.916807,0.439239,-0.179274,0.916084,0.439162,0.000000,0.000000,0.000000,0.000000,0.000000,0.000000,nan,nan,nan,nan,nan,nan,READY
1787037258765181102,2026-08-18T14:14:18.765212,ground_truth,0.021464,0.417000,0.042132,0.022229,0.395084,0.039041,True,,,,,,,,,-0.178743,0.919139,0.439374,-0.178887,0.918311,0.439317,0.000000,0.000000,0.000000,0.000000,0.000000,0.000000,nan,nan,nan,nan,nan,nan,READY
1787037258797617870,2026-08-18T14:14:18.797656,ground_truth,0.021782,0.397000,0.044636,0.021959,0.397737,0.039386,True,,,,,,,,,-0.178473,0.921792,0.439719,-0.178887,0.918311,0.439317,0.000000,0.000000,0.000000,0.000000,0.000000,0.000000,nan,nan,nan,nan,nan,nan,READY
1787037258830546397,2026-08-18T14:14:18.830573,ground_truth,0.021257,0.430000,0.049318,0.021710,0.400454,0.039897,True,,,,,,,,,-0.178224,0.924509,0.440231,-0.178384,0.922623,0.439905,0.000000,0.000000,0.000000,0.000000,0.000000,0.000000,nan,nan,nan,nan,nan,nan,READY
1787037258867679085,2026-08-18T14:14:18.867695,ground_truth,0.021687,0.403000,0.054956,0.021668,0.403184,0.040679,True,,,,,,,,,-0.178182,0.927239,0.441013,-0.178384,0.922623,0.439905,0.000000,0.000000,0.000000,0.000000,0.000000,0.000000,nan,nan,nan,nan,nan,nan,READY
1787037258902031229,2026-08-18T14:14:18.902073,ground_truth,0.021894,0.390000,0.057860,0.021647,0.404797,0.041858,True,,,,,,,,,-0.178160,0.928852,0.442192,-0.178198,0.927808,0.441809,0.000000,0.000000,0.000000,0.000000,0.000000,0.000000,nan,nan,nan,nan,nan,nan,READY
1787037258935645072,2026-08-18T14:14:18.935661,ground_truth,0.021782,0.397000,0.061471,0.021647,0.405813,0.043209,True,,,,,,,,,-0.178160,0.929868,0.443543,-0.178198,0.927808,0.441809,0.000000,0.000000,0.000000,0.000000,0.000000,0.000000,nan,nan,nan,nan,nan,nan,READY
1787037258966200377,2026-08-18T14:14:18.966214,ground_truth,0.021050,0.443000,0.063000,0.021653,0.406389,0.044763,True,,,,,,,,,-0.178167,0.930444,0.445096,-0.178133,0.931022,0.444847,0.000000,0.000000,0.000000,0.000000,0.000000,0.000000,nan,nan,nan,nan,nan,nan,READY
1787037259000025449,2026-08-18T14:14:19.000048,ground_truth,0.021257,0.430000,0.065880,0.021604,0.406505,0.046436,True,,,,,,,,,-0.178118,0.930559,0.446769,-0.178133,0.931022,0.444847,0.000000,0.000000,0.000000,0.000000,0.000000,0.000000,nan,nan,nan,nan,nan,nan,READY
1787037259030369414,2026-08-18T14:14:19.030400,ground_truth,0.021575,0.410000,0.068594,0.021590,0.407968,0.048241,True,,,,,,,,,-0.178104,0.932022,0.448575,-0.178100,0.932230,0.448707,0.000000,0.000000,0.000000,0.000000,0.000000,0.000000,nan,nan,nan,nan,nan,nan,READY
1787037259065326465,2026-08-18T14:14:19.065341,ground_truth,0.021687,0.403000,0.071741,0.021598,0.408954,0.050228,True,,,,,,,,,-0.178112,0.933008,0.450561,-0.178100,0.932230,0.448707,0.000000,0.000000,0.000000,0.000000,0.000000,0.000000,nan,nan,nan,nan,nan,nan,READY
1787037259096796369,2026-08-18T14:14:19.096812,ground_truth,0.021145,0.437000,0.072703,0.021605,0.408777,0.052445,True,,,,,,,,,-0.178119,0.932832,0.452778,-0.178120,0.932861,0.452973,0.000000,0.000000,0.000000,0.000000,0.000000,0.000000,nan,nan,nan,nan,nan,nan,READY
1787037259133948672,2026-08-18T14:14:19.134032,ground_truth,0.021257,0.430000,0.075817,0.021533,0.408742,0.054621,True,,,,,,,,,-0.178047,0.932797,0.454954,-0.178120,0.932861,0.452973,0.000000,0.000000,0.000000,0.000000,0.000000,0.000000,nan,nan,nan,nan,nan,nan,READY
1787037259164980307,2026-08-18T14:14:19.165040,ground_truth,0.021894,0.390000,0.074752,0.021490,0.410869,0.056944,True,,,,,,,,,-0.178004,0.934923,0.457278,-0.178009,0.934843,0.457111,0.000000,0.000000,0.000000,0.000000,0.000000,0.000000,nan,nan,nan,nan,nan,nan,READY
1787037259199310751,2026-08-18T14:14:19.199328,ground_truth,0.024334,0.443000,0.076164,0.021519,0.413427,0.059119,True,,,,,,,,,-0.178033,0.937482,0.459452,-0.178009,0.934843,0.457111,0.000000,0.000000,0.000000,0.000000,0.000000,0.000000,nan,nan,nan,nan,nan,nan,READY
1787037259235400883,2026-08-18T14:14:19.235420,ground_truth,0.024211,0.450000,0.076350,0.021696,0.415379,0.061428,True,,,,,,,,,-0.178209,0.939434,0.461762,-0.178175,0.938643,0.460960,0.000000,0.000000,0.000000,0.000000,0.000000,0.000000,nan,nan,nan,nan,nan,nan,READY
1787037259265089028,2026-08-18T14:14:19.265105,ground_truth,0.023877,0.469000,0.076856,0.021885,0.417156,0.063692,True,,,,,,,,,-0.178399,0.941211,0.464025,-0.178175,0.938643,0.460960,0.000000,0.000000,0.000000,0.000000,0.000000,0.000000,nan,nan,nan,nan,nan,nan,READY
1787037259297772001,2026-08-18T14:14:19.297808,ground_truth,0.023877,0.469000,0.076856,0.022046,0.419271,0.066007,True,,,,,,,,,-0.178560,0.943326,0.466340,-0.178481,0.942364,0.465235,0.000000,0.000000,0.000000,0.000000,0.000000,0.000000,nan,nan,nan,nan,nan,nan,READY
1787037259333854620,2026-08-18T14:14:19.333888,ground_truth,0.024334,0.443000,0.076164,0.022186,0.422468,0.068155,True,,,,,,,,,-0.178700,0.946522,0.468488,-0.178481,0.942364,0.465235,0.000000,0.000000,0.000000,0.000000,0.000000,0.000000,nan,nan,nan,nan,nan,nan,READY
1787037259367783924,2026-08-18T14:14:19.367805,ground_truth,0.027369,0.456000,0.076510,0.022391,0.425880,0.069944,True,,,,,,,,,-0.178905,0.949935,0.470278,-0.178775,0.947610,0.468729,0.000000,0.000000,0.000000,0.000000,0.000000,0.000000,nan,nan,nan,nan,nan,nan,READY
1787037259397364379,2026-08-18T14:14:19.397379,ground_truth,0.027734,0.437000,0.076004,0.022770,0.429389,0.071381,True,,,,,,,,,-0.179284,0.953444,0.471715,-0.178775,0.947610,0.468729,0.000000,0.000000,0.000000,0.000000,0.000000,0.000000,nan,nan,nan,nan,nan,nan,READY
1787037259432988862,2026-08-18T14:14:19.433029,ground_truth,0.027869,0.430000,0.075817,0.023159,0.432225,0.072591,True,,,,,,,,,-0.179673,0.956279,0.472925,-0.179383,0.953479,0.471569,0.000000,0.000000,0.000000,0.000000,0.000000,0.000000,nan,nan,nan,nan,nan,nan,READY
1787037259463699214,2026-08-18T14:14:19.463734,ground_truth,0.027734,0.437000,0.076004,0.023565,0.434925,0.073547,True,,,,,,,,,-0.180079,0.958980,0.473881,-0.179383,0.953479,0.471569,0.000000,0.000000,0.000000,0.000000,0.000000,0.000000,nan,nan,nan,nan,nan,nan,READY
1787037259496727654,2026-08-18T14:14:19.496745,ground_truth,0.027869,0.430000,0.075817,0.024011,0.437598,0.074414,True,,,,,,,,,-0.180524,0.961653,0.474748,-0.180192,0.959273,0.473822,0.000000,0.000000,0.000000,0.000000,0.000000,0.000000,nan,nan,nan,nan,nan,nan,READY
1787037259535260145,2026-08-18T14:14:19.535290,ground_truth,0.027869,0.430000,0.075817,0.024451,0.438133,0.075077,True,,,,,,,,,-0.180965,0.962188,0.475410,-0.180192,0.959273,0.473822,0.000000,0.000000,0.000000,0.000000,0.000000,0.000000,nan,nan,nan,nan,nan,nan,READY
1787037259565460646,2026-08-18T14:14:19.565475,ground_truth,0.027869,0.430000,0.075817,0.024871,0.438240,0.075558,True,,,,,,,,,-0.181385,0.962295,0.475892,-0.181404,0.962880,0.476047,0.000000,0.000000,0.000000,0.000000,0.000000,0.000000,nan,nan,nan,nan,nan,nan,READY
1787037259599813421,2026-08-18T14:14:19.599852,ground_truth,0.027869,0.430000,0.075817,0.025283,0.439328,0.075830,True,,,,,,,,,-0.181797,0.963383,0.476164,-0.181404,0.962880,0.476047,0.000000,0.000000,0.000000,0.000000,0.000000,0.000000,nan,nan,nan,nan,nan,nan,READY
1787037259633624397,2026-08-18T14:14:19.633643,ground_truth,0.027619,0.443000,0.076164,0.025731,0.440612,0.076038,True,,,,,,,,,-0.182245,0.964667,0.476371,-0.182666,0.965561,0.476534,0.000000,0.000000,0.000000,0.000000,0.000000,0.000000,nan,nan,nan,nan,nan,nan,READY
1787037259665825700,2026-08-18T14:14:19.665841,ground_truth,0.027734,0.437000,0.076004,0.026155,0.440869,0.076061,True,,,,,,,,,-0.182669,0.964924,0.476394,-0.182666,0.965561,0.476534,0.000000,0.000000,0.000000,0.000000,0.000000,0.000000,nan,nan,nan,nan,nan,nan,READY
1787037259697865807,2026-08-18T14:14:19.697879,ground_truth,0.027734,0.437000,0.076004,0.026545,0.441294,0.076144,True,,,,,,,,,-0.183059,0.965349,0.476478,-0.183906,0.966045,0.476586,0.000000,0.000000,0.000000,0.000000,0.000000,0.000000,nan,nan,nan,nan,nan,nan,READY
1787037259734774761,2026-08-18T14:14:19.734800,ground_truth,0.027254,0.462000,0.076670,0.026771,0.441752,0.076134,True,,,,,,,,,-0.183285,0.965807,0.476467,-0.183906,0.966045,0.476586,0.000000,0.000000,0.000000,0.000000,0.000000,0.000000,nan,nan,nan,nan,nan,nan,READY
1787037259763633675,2026-08-18T14:14:19.763651,ground_truth,0.027119,0.469000,0.076856,0.026974,0.441524,0.076155,True,,,,,,,,,-0.183488,0.965579,0.476489,-0.183378,0.965236,0.476405,0.000000,0.000000,0.000000,0.000000,0.000000,0.000000,nan,nan,nan,nan,nan,nan,READY
1787037259797821736,2026-08-18T14:14:19.797839,ground_truth,0.027369,0.456000,0.076510,0.027190,0.442118,0.076155,True,,,,,,,,,-0.183704,0.966173,0.476489,-0.183378,0.965236,0.476405,0.000000,0.000000,0.000000,0.000000,0.000000,0.000000,nan,nan,nan,nan,nan,nan,READY
1787037259831122930,2026-08-18T14:14:19.831163,ground_truth,0.027119,0.469000,0.076856,0.027423,0.441864,0.076132,True,,,,,,,,,-0.183937,0.965918,0.476465,-0.184183,0.966177,0.476461,0.000000,0.000000,0.000000,0.000000,0.000000,0.000000,nan,nan,nan,nan,nan,nan,READY
1787037259865494560,2026-08-18T14:14:19.865510,ground_truth,0.027004,0.475000,0.077016,0.027609,0.441813,0.076178,True,,,,,,,,,-0.184123,0.965868,0.476512,-0.184183,0.966177,0.476461,0.000000,0.000000,0.000000,0.000000,0.000000,0.000000,nan,nan,nan,nan,nan,nan,READY
1787037259895779116,2026-08-18T14:14:19.895795,ground_truth,0.027119,0.469000,0.076856,0.027584,0.442496,0.076212,True,,,,,,,,,-0.184098,0.966551,0.476545,-0.183897,0.967438,0.476746,0.000000,0.000000,0.000000,0.000000,0.000000,0.000000,nan,nan,nan,nan,nan,nan,READY
1787037259930187234,2026-08-18T14:14:19.930235,ground_truth,0.027254,0.462000,0.076670,0.027543,0.444019,0.076269,True,,,,,,,,,-0.184057,0.968074,0.476602,-0.183897,0.967438,0.476746,0.000000,0.000000,0.000000,0.000000,0.000000,0.000000,nan,nan,nan,nan,nan,nan,READY
1787037259965840920,2026-08-18T14:14:19.965858,ground_truth,0.027869,0.430000,0.075817,0.027502,0.446031,0.076325,True,,,,,,,,,-0.184016,0.970085,0.476659,-0.184045,0.970830,0.476639,0.000000,0.000000,0.000000,0.000000,0.000000,0.000000,nan,nan,nan,nan,nan,nan,READY
1787037260001789943,2026-08-18T14:14:20.001822,ground_truth,0.027119,0.469000,0.076856,0.027511,0.447766,0.076313,True,,,,,,,,,-0.184025,0.971821,0.476647,-0.184045,0.970830,0.476639,0.000000,0.000000,0.000000,0.000000,0.000000,0.000000,nan,nan,nan,nan,nan,nan,READY
1787037260033377834,2026-08-18T14:14:20.033416,ground_truth,0.027004,0.475000,0.077016,0.027461,0.449820,0.076382,True,,,,,,,,,-0.183975,0.973875,0.476716,-0.183961,0.974495,0.476731,0.000000,0.000000,0.000000,0.000000,0.000000,0.000000,nan,nan,nan,nan,nan,nan,READY
1787037260066709714,2026-08-18T14:14:20.066724,ground_truth,0.027004,0.475000,0.077016,0.027404,0.452311,0.076462,True,,,,,,,,,-0.183918,0.976366,0.476796,-0.183961,0.974495,0.476731,0.000000,0.000000,0.000000,0.000000,0.000000,0.000000,nan,nan,nan,nan,nan,nan,READY
1787037260097534687,2026-08-18T14:14:20.097550,ground_truth,0.027369,0.456000,0.076510,0.027346,0.455209,0.076542,True,,,,,,,,,-0.183860,0.979264,0.476876,-0.183862,0.979166,0.476873,0.000000,0.000000,0.000000,0.000000,0.000000,0.000000,nan,nan,nan,nan,nan,nan,READY
1787037260136194653,2026-08-18T14:14:20.136209,ground_truth,0.027254,0.462000,0.076670,0.027313,0.458189,0.076588,True,,,,,,,,,-0.183827,0.982243,0.476922,-0.183862,0.979166,0.476873,0.000000,0.000000,0.000000,0.000000,0.000000,0.000000,nan,nan,nan,nan,nan,nan,READY
1787037260167706373,2026-08-18T14:14:20.167722,ground_truth,0.027484,0.450000,0.076350,0.027288,0.460491,0.076622,True,,,,,,,,,-0.183802,0.984546,0.476956,-0.183808,0.984009,0.476947,0.000000,0.000000,0.000000,0.000000,0.000000,0.000000,nan,nan,nan,nan,nan,nan,READY
1787037260197690594,2026-08-18T14:14:20.197708,ground_truth,0.027254,0.462000,0.076670,0.027272,0.461965,0.076645,True,,,,,,,,,-0.183786,0.986020,0.476979,-0.183808,0.984009,0.476947,0.000000,0.000000,0.000000,0.000000,0.000000,0.000000,nan,nan,nan,nan,nan,nan,READY
1787037260235581590,2026-08-18T14:14:20.235600,ground_truth,0.024211,0.450000,0.076350,0.027240,0.463593,0.076689,True,,,,,,,,,-0.183753,0.987648,0.477023,-0.183746,0.988115,0.477033,0.000000,0.000000,0.000000,0.000000,0.000000,0.000000,nan,nan,nan,nan,nan,nan,READY
1787037260264217672,2026-08-18T14:14:20.264244,ground_truth,0.024211,0.450000,0.076350,0.027037,0.464612,0.076668,True,,,,,,,,,-0.183551,0.988667,0.477002,-0.183746,0.988115,0.477033,0.000000,0.000000,0.000000,0.000000,0.000000,0.000000,nan,nan,nan,nan,nan,nan,READY
1787037260300426273,2026-08-18T14:14:20.300473,ground_truth,0.024211,0.450000,0.076350,0.026843,0.464176,0.076634,True,,,,,,,,,-0.183357,0.988231,0.476968,-0.183014,0.990038,0.476951,0.000000,0.000000,0.000000,0.000000,0.000000,0.000000,nan,nan,nan,nan,nan,nan,READY
1787037260335642392,2026-08-18T14:14:20.335665,ground_truth,0.024686,0.423000,0.075631,0.026632,0.463449,0.076624,True,,,,,,,,,-0.183146,0.987503,0.476957,-0.183014,0.990038,0.476951,0.000000,0.000000,0.000000,0.000000,0.000000,0.000000,nan,nan,nan,nan,nan,nan,READY
1787037260368300749,2026-08-18T14:14:20.368354,ground_truth,0.025143,0.397000,0.074939,0.026470,0.462290,0.076542,True,,,,,,,,,-0.182984,0.986345,0.476876,-0.182527,0.989791,0.476867,0.000000,0.000000,0.000000,0.000000,0.000000,0.000000,nan,nan,nan,nan,nan,nan,READY
1787037260409005981,2026-08-18T14:14:20.409043,ground_truth,0.024563,0.430000,0.075817,0.026346,0.459605,0.076403,True,,,,,,,,,-0.182860,0.983659,0.476737,-0.182527,0.989791,0.476867,0.000000,0.000000,0.000000,0.000000,0.000000,0.000000,nan,nan,nan,nan,nan,nan,READY
1787037260435651418,2026-08-18T14:14:20.435667,ground_truth,0.024440,0.437000,0.076004,0.026176,0.456614,0.076334,True,,,,,,,,,-0.182690,0.980669,0.476668,-0.182258,0.987362,0.476765,0.000000,0.000000,0.000000,0.000000,0.000000,0.000000,nan,nan,nan,nan,nan,nan,READY
1787037260470502072,2026-08-18T14:14:20.470556,ground_truth,0.024106,0.456000,0.076510,0.025988,0.453936,0.076290,True,,,,,,,,,-0.182502,0.977991,0.476623,-0.182258,0.987362,0.476765,0.000000,0.000000,0.000000,0.000000,0.000000,0.000000,nan,nan,nan,nan,nan,nan,READY
1787037260502309508,2026-08-18T14:14:20.502338,ground_truth,0.024334,0.443000,0.076164,0.025737,0.452067,0.076336,True,,,,,,,,,-0.182251,0.976122,0.476670,-0.182115,0.982498,0.476681,0.000000,0.000000,0.000000,0.000000,0.000000,0.000000,nan,nan,nan,nan,nan,nan,READY
1787037260534668563,2026-08-18T14:14:20.534704,ground_truth,0.024334,0.443000,0.076164,0.025552,0.450680,0.076290,True,,,,,,,,,-0.182065,0.974735,0.476623,-0.182115,0.982498,0.476681,0.000000,0.000000,0.000000,0.000000,0.000000,0.000000,nan,nan,nan,nan,nan,nan,READY
1787037260565442382,2026-08-18T14:14:20.565458,ground_truth,0.024211,0.450000,0.076350,0.025374,0.449016,0.076233,True,,,,,,,,,-0.181888,0.973071,0.476567,-0.181963,0.976187,0.476604,0.000000,0.000000,0.000000,0.000000,0.000000,0.000000,nan,nan,nan,nan,nan,nan,READY
1787037260597143652,2026-08-18T14:14:20.597168,ground_truth,0.024914,0.410000,0.075285,0.025188,0.446977,0.076189,True,,,,,,,,,-0.181701,0.971031,0.476522,-0.181963,0.976187,0.476604,0.000000,0.000000,0.000000,0.000000,0.000000,0.000000,nan,nan,nan,nan,nan,nan,READY
1787037260634749582,2026-08-18T14:14:20.634809,ground_truth,0.024563,0.430000,0.075817,0.025024,0.444862,0.076107,True,,,,,,,,,-0.181538,0.968917,0.476441,-0.181632,0.970528,0.476477,0.000000,0.000000,0.000000,0.000000,0.000000,0.000000,nan,nan,nan,nan,nan,nan,READY
1787037260665371851,2026-08-18T14:14:20.665399,ground_truth,0.024211,0.450000,0.079630,0.024845,0.442732,0.076050,True,,,,,,,,,-0.181358,0.966787,0.476384,-0.181632,0.970528,0.476477,0.000000,0.000000,0.000000,0.000000,0.000000,0.000000,nan,nan,nan,nan,nan,nan,READY
1787037260699615164,2026-08-18T14:14:20.699676,ground_truth,0.024563,0.430000,0.079130,0.024626,0.440920,0.076269,True,,,,,,,,,-0.181140,0.964975,0.476602,-0.181192,0.965562,0.476589,0.000000,0.000000,0.000000,0.000000,0.000000,0.000000,nan,nan,nan,nan,nan,nan,READY
1787037260734141419,2026-08-18T14:14:20.734169,ground_truth,0.021050,0.443000,0.079455,0.024447,0.438851,0.076433,True,,,,,,,,,-0.180961,0.962905,0.476766,-0.181192,0.965562,0.476589,0.000000,0.000000,0.000000,0.000000,0.000000,0.000000,nan,nan,nan,nan,nan,nan,READY
1787037260766139507,2026-08-18T14:14:20.766160,ground_truth,0.021687,0.403000,0.081812,0.024236,0.438064,0.076640,True,,,,,,,,,-0.180750,0.962118,0.476973,-0.180693,0.961677,0.477023,0.000000,0.000000,0.000000,0.000000,0.000000,0.000000,nan,nan,nan,nan,nan,nan,READY
1787037260802480913,2026-08-18T14:14:20.802521,ground_truth,0.021050,0.443000,0.082746,0.024068,0.436839,0.077004,True,,,,,,,,,-0.180582,0.960894,0.477338,-0.180693,0.961677,0.477023,0.000000,0.000000,0.000000,0.000000,0.000000,0.000000,nan,nan,nan,nan,nan,nan,READY
1787037260833984739,2026-08-18T14:14:20.834027,ground_truth,0.021145,0.437000,0.082606,0.023857,0.436221,0.077430,True,,,,,,,,,-0.180371,0.960276,0.477764,-0.180160,0.959358,0.478250,0.000000,0.000000,0.000000,0.000000,0.000000,0.000000,nan,nan,nan,nan,nan,nan,READY
1787037260865418776,2026-08-18T14:14:20.865434,ground_truth,0.021257,0.430000,0.082442,0.023621,0.435404,0.077895,True,,,,,,,,,-0.180135,0.959459,0.478229,-0.180160,0.959358,0.478250,0.000000,0.000000,0.000000,0.000000,0.000000,0.000000,nan,nan,nan,nan,nan,nan,READY
1787037260901979417,2026-08-18T14:14:20.902015,ground_truth,0.021575,0.410000,0.081976,0.023362,0.435988,0.078395,True,,,,,,,,,-0.179876,0.960042,0.478729,-0.179555,0.959292,0.479408,0.000000,0.000000,0.000000,0.000000,0.000000,0.000000,nan,nan,nan,nan,nan,nan,READY
1787037260933104283,2026-08-18T14:14:20.933137,ground_truth,0.022005,0.383000,0.084736,0.023163,0.436478,0.078806,True,,,,,,,,,-0.179677,0.960532,0.479140,-0.179555,0.959292,0.479408,0.000000,0.000000,0.000000,0.000000,0.000000,0.000000,nan,nan,nan,nan,nan,nan,READY
1787037260969059597,2026-08-18T14:14:20.969101,ground_truth,0.021145,0.437000,0.085906,0.023001,0.435509,0.079388,True,,,,,,,,,-0.179514,0.959564,0.479722,-0.179423,0.960168,0.480418,0.000000,0.000000,0.000000,0.000000,0.000000,0.000000,nan,nan,nan,nan,nan,nan,READY
1787037261000539017,2026-08-18T14:14:21.000572,ground_truth,0.017494,0.462000,0.086448,0.022803,0.433875,0.080015,True,,,,,,,,,-0.179317,0.957930,0.480348,-0.179423,0.960168,0.480418,0.000000,0.000000,0.000000,0.000000,0.000000,0.000000,nan,nan,nan,nan,nan,nan,READY
1787037261032810590,2026-08-18T14:14:21.032859,ground_truth,0.018422,0.397000,0.085039,0.022347,0.433228,0.080700,True,,,,,,,,,-0.178861,0.957283,0.481034,-0.179015,0.958863,0.481303,0.000000,0.000000,0.000000,0.000000,0.000000,0.000000,nan,nan,nan,nan,nan,nan,READY
1787037261070178400,2026-08-18T14:14:21.070221,ground_truth,0.018051,0.423000,0.085603,0.021953,0.432779,0.081292,True,,,,,,,,,-0.178467,0.956834,0.481626,-0.179015,0.958863,0.481303,0.000000,0.000000,0.000000,0.000000,0.000000,0.000000,nan,nan,nan,nan,nan,nan,READY
1787037261101852790,2026-08-18T14:14:21.101877,ground_truth,0.014645,0.430000,0.082442,0.021542,0.431623,0.081909,True,,,,,,,,,-0.178056,0.955677,0.482242,-0.177975,0.955412,0.482358,0.000000,0.000000,0.000000,0.000000,0.000000,0.000000,nan,nan,nan,nan,nan,nan,READY
1787037261135569371,2026-08-18T14:14:21.135586,ground_truth,0.011262,0.437000,0.082606,0.020858,0.430325,0.082386,True,,,,,,,,,-0.177371,0.954379,0.482720,-0.177975,0.955412,0.482358,0.000000,0.000000,0.000000,0.000000,0.000000,0.000000,nan,nan,nan,nan,nan,nan,READY
1787037261166683908,2026-08-18T14:14:21.166701,ground_truth,0.011416,0.423000,0.085603,0.019971,0.430065,0.082838,True,,,,,,,,,-0.176485,0.954120,0.483172,-0.175822,0.953545,0.483534,0.000000,0.000000,0.000000,0.000000,0.000000,0.000000,nan,nan,nan,nan,nan,nan,READY
1787037261199544107,2026-08-18T14:14:21.199590,ground_truth,0.008098,0.423000,0.088927,0.019118,0.430013,0.083237,True,,,,,,,,,-0.175632,0.954068,0.483570,-0.175822,0.953545,0.483534,0.000000,0.000000,0.000000,0.000000,0.000000,0.000000,nan,nan,nan,nan,nan,nan,READY
1787037261236783851,2026-08-18T14:14:21.236802,ground_truth,0.004627,0.443000,0.092618,0.018020,0.429629,0.083890,True,,,,,,,,,-0.174534,0.953684,0.484223,-0.173587,0.953786,0.484730,0.000000,0.000000,0.000000,0.000000,0.000000,0.000000,nan,nan,nan,nan,nan,nan,READY
1787037261271753304,2026-08-18T14:14:21.271785,ground_truth,0.004934,0.403000,0.101954,0.016925,0.428486,0.084767,True,,,,,,,,,-0.173439,0.952541,0.485101,-0.173587,0.953786,0.484730,0.000000,0.000000,0.000000,0.000000,0.000000,0.000000,nan,nan,nan,nan,nan,nan,READY
1787037261305702573,2026-08-18T14:14:21.305719,ground_truth,0.001584,0.403000,0.108668,0.015808,0.427884,0.086110,True,,,,,,,,,-0.172322,0.951939,0.486444,-0.171850,0.951964,0.486710,0.000000,0.000000,0.000000,0.000000,0.000000,0.000000,nan,nan,nan,nan,nan,nan,READY
1787037261338745831,2026-08-18T14:14:21.338822,ground_truth,0.001620,0.397000,0.118709,0.014511,0.425630,0.087838,True,,,,,,,,,-0.171024,0.949685,0.488172,-0.171850,0.951964,0.486710,0.000000,0.000000,0.000000,0.000000,0.000000,0.000000,nan,nan,nan,nan,nan,nan,READY
1787037261373920653,2026-08-18T14:14:21.373940,ground_truth,0.001662,0.390000,0.128808,0.013209,0.423366,0.090245,True,,,,,,,,,-0.169723,0.947421,0.490579,-0.170090,0.948341,0.489826,0.000000,0.000000,0.000000,0.000000,0.000000,0.000000,nan,nan,nan,nan,nan,nan,READY
1787037261404553911,2026-08-18T14:14:21.404638,ground_truth,-0.001649,0.376000,0.132207,0.011903,0.420780,0.093336,True,,,,,,,,,-0.168416,0.944835,0.493670,-0.170090,0.948341,0.489826,0.000000,0.000000,0.000000,0.000000,0.000000,0.000000,nan,nan,nan,nan,nan,nan,READY
1787037261440739800,2026-08-18T14:14:21.440777,ground_truth,-0.005082,0.390000,0.138943,0.010354,0.418129,0.096685,True,,,,,,,,,-0.166868,0.942184,0.497019,-0.167952,0.944256,0.494598,0.000000,0.000000,0.000000,0.000000,0.000000,0.000000,nan,nan,nan,nan,nan,nan,READY
1787037261471509841,2026-08-18T14:14:21.471545,ground_truth,-0.005063,0.383000,0.145757,0.008549,0.416533,0.100299,True,,,,,,,,,-0.165062,0.940587,0.500633,-0.167952,0.944256,0.494598,0.000000,0.000000,0.000000,0.000000,0.000000,0.000000,nan,nan,nan,nan,nan,nan,READY
1787037261505616521,2026-08-18T14:14:21.505632,ground_truth,-0.005191,0.430000,0.152003,0.006801,0.414773,0.104289,True,,,,,,,,,-0.163315,0.938828,0.504623,-0.165159,0.940987,0.500636,0.000000,0.000000,0.000000,0.000000,0.000000,0.000000,nan,nan,nan,nan,nan,nan,READY
1787037261536846120,2026-08-18T14:14:21.536861,ground_truth,-0.005156,0.417000,0.155484,0.005289,0.411915,0.108659,True,,,,,,,,,-0.161803,0.935969,0.508993,-0.165159,0.940987,0.500636,0.000000,0.000000,0.000000,0.000000,0.000000,0.000000,nan,nan,nan,nan,nan,nan,READY
1787037261566625663,2026-08-18T14:14:21.566643,ground_truth,-0.005211,0.437000,0.158525,0.003717,0.410276,0.113355,True,,,,,,,,,-0.160231,0.934331,0.513689,-0.162513,0.937413,0.507646,0.000000,0.000000,0.000000,0.000000,0.000000,0.000000,nan,nan,nan,nan,nan,nan,READY
1787037261602576908,2026-08-18T14:14:21.602601,ground_truth,-0.005137,0.410000,0.165612,0.002166,0.410322,0.118217,True,,,,,,,,,-0.158680,0.934377,0.518551,-0.162513,0.937413,0.507646,0.000000,0.000000,0.000000,0.000000,0.000000,0.000000,nan,nan,nan,nan,nan,nan,READY
1787037261638653385,2026-08-18T14:14:21.638698,ground_truth,-0.005137,0.410000,0.168957,0.000848,0.410011,0.123762,True,,,,,,,,,-0.157361,0.934066,0.524095,-0.159933,0.935683,0.515843,0.000000,0.000000,0.000000,0.000000,0.000000,0.000000,nan,nan,nan,nan,nan,nan,READY
1787037261669233435,2026-08-18T14:14:21.669268,ground_truth,-0.005063,0.383000,0.172877,-0.000246,0.408882,0.129518,True,,,,,,,,,-0.156268,0.932937,0.529852,-0.159933,0.935683,0.515843,0.000000,0.000000,0.000000,0.000000,0.000000,0.000000,nan,nan,nan,nan,nan,nan,READY
1787037261700726521,2026-08-18T14:14:21.700765,ground_truth,-0.004948,0.341000,0.173771,-0.001344,0.407590,0.135337,True,,,,,,,,,-0.155170,0.931645,0.535670,-0.157718,0.933806,0.525060,0.000000,0.000000,0.000000,0.000000,0.000000,0.000000,nan,nan,nan,nan,nan,nan,READY
1787037261739091351,2026-08-18T14:14:21.739118,ground_truth,-0.008401,0.341000,0.177230,-0.002214,0.405198,0.140993,True,,,,,,,,,-0.154300,0.929253,0.541327,-0.157718,0.933806,0.525060,0.000000,0.000000,0.000000,0.000000,0.000000,0.000000,nan,nan,nan,nan,nan,nan,READY
1787037261766155882,2026-08-18T14:14:21.766172,ground_truth,-0.011853,0.341000,0.177230,-0.003082,0.400346,0.146634,True,,,,,,,,,-0.153431,0.924401,0.546967,-0.155956,0.929939,0.534067,0.000000,0.000000,0.000000,0.000000,0.000000,0.000000,nan,nan,nan,nan,nan,nan,READY
1787037261804057908,2026-08-18T14:14:21.804090,ground_truth,-0.018844,0.319000,0.174239,-0.004202,0.395003,0.151652,True,,,,,,,,,-0.152312,0.919057,0.551986,-0.155956,0.929939,0.534067,0.000000,0.000000,0.000000,0.000000,0.000000,0.000000,nan,nan,nan,nan,nan,nan,READY
1787037261833137449,2026-08-18T14:14:21.833185,ground_truth,-0.026359,0.244000,0.175834,-0.005563,0.390627,0.156023,True,,,,,,,,,-0.150950,0.914682,0.556357,-0.154131,0.924377,0.542193,0.000000,0.000000,0.000000,0.000000,0.000000,0.000000,nan,nan,nan,nan,nan,nan,READY
1787037261968323840,2026-08-18T14:14:21.968338,ground_truth,-0.046723,-0.543000,0.133540,-0.007429,0.385272,0.159832,True,,,,,,,,,-0.149085,0.909327,0.560165,-0.150370,0.913160,0.555589,0.000000,0.000000,0.000000,0.000000,0.000000,0.000000,nan,nan,nan,nan,nan,nan,READY
1787037262035373752,2026-08-18T14:14:22.035392,ground_truth,-0.031105,-0.419000,0.100355,-0.007429,0.385272,0.159832,True,,,,,,,,,-0.149085,0.909327,0.560165,-0.149180,0.909609,0.559829,0.000000,0.000000,0.000000,0.000000,0.000000,0.000000,nan,nan,nan,nan,nan,nan,READY
1787037262067805180,2026-08-18T14:14:22.067821,ground_truth,-0.021743,-0.432000,0.081278,-0.007429,0.385272,0.159832,True,,,,,,,,,-0.149085,0.909327,0.560165,-0.149180,0.909609,0.559829,0.000000,0.000000,0.000000,0.000000,0.000000,0.000000,nan,nan,nan,nan,nan,nan,READY
1787037262099486953,2026-08-18T14:14:22.099529,ground_truth,-0.012350,-0.543000,0.064662,-0.007429,0.385272,0.159832,True,,,,,,,,,-0.149085,0.909327,0.560165,-0.148457,0.907454,0.562403,0.000000,0.000000,0.000000,0.000000,0.000000,0.000000,nan,nan,nan,nan,nan,nan,READY
1787037262134252970,2026-08-18T14:14:22.134279,ground_truth,-0.007604,-0.392000,0.053924,-0.007429,0.385272,0.159832,True,,,,,,,,,-0.149085,0.909327,0.560165,-0.148457,0.907454,0.562403,0.000000,0.000000,0.000000,0.000000,0.000000,0.000000,nan,nan,nan,nan,nan,nan,READY
1787037262165818048,2026-08-18T14:14:22.165835,ground_truth,-0.003183,-0.304000,0.042693,-0.008046,0.376041,0.154840,True,,,,,,,,,-0.148467,0.900096,0.555173,-0.147946,0.904561,0.562893,0.000000,0.000000,0.000000,0.000000,0.000000,0.000000,nan,nan,nan,nan,nan,nan,READY
1787037262202415416,2026-08-18T14:14:22.202443,ground_truth,-0.003115,-0.329000,0.028204,-0.008149,0.337182,0.148872,True,,,,,,,,,-0.148365,0.861236,0.549206,-0.147946,0.904561,0.562893,0.000000,0.000000,0.000000,0.000000,0.000000,0.000000,nan,nan,nan,nan,nan,nan,READY
1787037262231940098,2026-08-18T14:14:22.231980,ground_truth,-0.003182,-0.304500,0.020048,-0.008018,0.291063,0.141489,True,,,,,,,,,-0.148496,0.815118,0.541823,-0.147705,0.899923,0.562068,0.000000,0.000000,0.000000,0.000000,0.000000,0.000000,nan,nan,nan,nan,nan,nan,READY
1787037262267190478,2026-08-18T14:14:22.267206,ground_truth,-0.003503,-0.187000,0.011735,-0.007892,0.245173,0.133109,True,,,,,,,,,-0.148622,0.769227,0.533442,-0.147705,0.899923,0.562068,0.000000,0.000000,0.000000,0.000000,0.000000,0.000000,nan,nan,nan,nan,nan,nan,READY
1787037262300721105,2026-08-18T14:14:22.300769,ground_truth,-0.003534,-0.176000,0.003601,-0.007780,0.198955,0.123758,True,,,,,,,,,-0.148734,0.723009,0.524091,-0.147598,0.893069,0.560657,0.000000,0.000000,0.000000,0.000000,0.000000,0.000000,nan,nan,nan,nan,nan,nan,READY
1787037262334232286,2026-08-18T14:14:22.334278,ground_truth,0.000820,-0.187000,-0.001260,-0.007672,0.157498,0.113632,True,,,,,,,,,-0.148842,0.681552,0.513966,-0.147598,0.893069,0.560657,0.000000,0.000000,0.000000,0.000000,0.000000,0.000000,nan,nan,nan,nan,nan,nan,READY
1787037262368092010,2026-08-18T14:14:22.368114,ground_truth,0.004015,-0.000000,-0.000000,-0.007270,0.116300,0.102980,True,,,,,,,,,-0.149244,0.640354,0.503313,-0.147615,0.884135,0.558669,0.000000,0.000000,0.000000,0.000000,0.000000,0.000000,nan,nan,nan,nan,nan,nan,READY
1787037262405346811,2026-08-18T14:14:22.405379,ground_truth,0.004190,-0.029000,-0.005610,-0.007270,0.116300,0.102980,True,,,,,,,,,-0.149244,0.640354,0.503313,-0.147615,0.884135,0.558669,0.000000,0.000000,0.000000,0.000000,0.000000,0.000000,nan,nan,nan,nan,nan,nan,READY
1787037262435337753,2026-08-18T14:14:22.435358,ground_truth,0.004431,-0.069000,-0.007798,-0.007270,0.116300,0.102980,True,,,,,,,,,-0.149244,0.640354,0.503313,-0.147680,0.874403,0.556459,0.000000,0.000000,0.000000,0.000000,0.000000,0.000000,nan,nan,nan,nan,nan,nan,READY
1787037262471583201,2026-08-18T14:14:22.471633,ground_truth,0.008883,-0.111000,-0.010097,-0.006632,0.076433,0.091419,True,,,,,,,,,-0.149882,0.600488,0.491753,-0.147680,0.874403,0.556459,0.000000,0.000000,0.000000,0.000000,0.000000,0.000000,nan,nan,nan,nan,nan,nan,READY
1787037262502771624,2026-08-18T14:14:22.502812,ground_truth,0.008330,-0.039000,-0.006157,-0.005697,0.040673,0.079482,True,,,,,,,,,-0.150817,0.564728,0.479816,-0.147779,0.864635,0.554042,0.000000,0.000000,0.000000,0.000000,0.000000,0.000000,nan,nan,nan,nan,nan,nan,READY
1787037262536178091,2026-08-18T14:14:22.536194,ground_truth,0.008253,-0.029000,-0.009680,-0.004804,0.007975,0.067546,True,,,,,,,,,-0.151710,0.532029,0.467880,-0.147779,0.864635,0.554042,0.000000,0.000000,0.000000,0.000000,0.000000,0.000000,nan,nan,nan,nan,nan,nan,READY
1787037262566547663,2026-08-18T14:14:22.566564,ground_truth,0.008030,-0.000000,-0.008046,-0.003924,-0.021072,0.055316,True,,,,,,,,,-0.152590,0.502983,0.455650,-0.147907,0.855034,0.551429,0.000000,0.000000,0.000000,0.000000,0.000000,0.000000,nan,nan,nan,nan,nan,nan,READY
1787037262602531427,2026-08-18T14:14:22.602580,ground_truth,0.008560,-0.069000,-0.011935,-0.002829,-0.046614,0.042965,True,,,,,,,,,-0.153685,0.477440,0.443298,-0.147907,0.855034,0.551429,0.000000,0.000000,0.000000,0.000000,0.000000,0.000000,nan,nan,nan,nan,nan,nan,READY
1787037262635171971,2026-08-18T14:14:22.635193,ground_truth,0.008099,-0.009000,-0.012591,-0.001468,-0.071456,0.030354,True,,,,,,,,,-0.155046,0.452599,0.430687,-0.148076,0.845488,0.548566,0.000000,0.000000,0.000000,0.000000,0.000000,0.000000,nan,nan,nan,nan,nan,nan,READY
1787037262670222553,2026-08-18T14:14:22.670270,ground_truth,0.008407,-0.049000,-0.010808,0.000328,-0.095091,0.017898,True,,,,,,,,,-0.156842,0.428964,0.418232,-0.148076,0.845488,0.548566,0.000000,0.000000,0.000000,0.000000,0.000000,0.000000,nan,nan,nan,nan,nan,nan,READY
1787037262704805723,2026-08-18T14:14:22.704847,ground_truth,0.008099,-0.009000,-0.012591,0.002646,-0.119445,0.005456,True,,,,,,,,,-0.159160,0.404610,0.405789,-0.148316,0.835957,0.545479,0.000000,0.000000,0.000000,0.000000,0.000000,0.000000,nan,nan,nan,nan,nan,nan,READY
1787037262735662684,2026-08-18T14:14:22.735683,ground_truth,0.008407,-0.049000,-0.014912,0.003693,-0.137809,0.001021,True,,,,,,,,,-0.160207,0.386246,0.401355,-0.148316,0.835957,0.545479,0.000000,0.000000,0.000000,0.000000,0.000000,0.000000,nan,nan,nan,nan,nan,nan,READY
1787037262768174149,2026-08-18T14:14:22.768191,ground_truth,0.008030,-0.000000,-0.012068,0.004466,-0.127882,-0.002819,True,,,,,,,,,-0.160979,0.396173,0.397515,-0.148589,0.826476,0.542289,0.000000,0.000000,0.000000,0.000000,0.000000,0.000000,nan,nan,nan,nan,nan,nan,READY
1787037262802644941,2026-08-18T14:14:22.802669,ground_truth,0.008176,-0.019000,-0.013171,0.005209,-0.108830,-0.005504,True,,,,,,,,,-0.161722,0.415225,0.394830,-0.148589,0.826476,0.542289,0.000000,0.000000,0.000000,0.000000,0.000000,0.000000,nan,nan,nan,nan,nan,nan,READY
1787037262833793680,2026-08-18T14:14:22.833820,ground_truth,0.008407,-0.049000,-0.014912,0.005966,-0.089793,-0.007718,True,,,,,,,,,-0.162480,0.434262,0.392615,-0.148921,0.817081,0.538704,0.000000,0.000000,0.000000,0.000000,0.000000,0.000000,nan,nan,nan,nan,nan,nan,READY
1787037262866418906,2026-08-18T14:14:22.866434,ground_truth,0.008099,-0.009000,-0.012591,0.006760,-0.070758,-0.009495,True,,,,,,,,,-0.163274,0.453296,0.390839,-0.148921,0.817081,0.538704,0.000000,0.000000,0.000000,0.000000,0.000000,0.000000,nan,nan,nan,nan,nan,nan,READY
1787037262900440809,2026-08-18T14:14:22.900488,ground_truth,0.008030,-0.000000,-0.012068,0.007535,-0.057992,-0.010574,True,,,,,,,,,-0.164049,0.466063,0.389759,-0.149316,0.807928,0.534820,0.000000,0.000000,0.000000,0.000000,0.000000,0.000000,nan,nan,nan,nan,nan,nan,READY
1787037262935043344,2026-08-18T14:14:22.935068,ground_truth,0.008099,-0.009000,-0.012591,0.008016,-0.045945,-0.011295,True,,,,,,,,,-0.164530,0.478110,0.389039,-0.149316,0.807928,0.534820,0.000000,0.000000,0.000000,0.000000,0.000000,0.000000,nan,nan,nan,nan,nan,nan,READY
1787037262968125783,2026-08-18T14:14:22.968180,ground_truth,0.004371,-0.059000,-0.015492,0.008261,-0.034629,-0.011614,True,,,,,,,,,-0.164774,0.489426,0.388719,-0.149757,0.798834,0.530649,0.000000,0.000000,0.000000,0.000000,0.000000,0.000000,nan,nan,nan,nan,nan,nan,READY
1787037262999849063,2026-08-18T14:14:22.999884,ground_truth,0.004250,-0.039000,-0.014331,0.007960,-0.026926,-0.011974,True,,,,,,,,,-0.164474,0.497129,0.388360,-0.149757,0.798834,0.530649,0.000000,0.000000,0.000000,0.000000,0.000000,0.000000,nan,nan,nan,nan,nan,nan,READY
1787037263034034308,2026-08-18T14:14:23.034086,ground_truth,0.004311,-0.049000,-0.014912,0.007688,-0.023785,-0.012519,True,,,,,,,,,-0.164202,0.500270,0.387815,-0.150197,0.789734,0.526295,0.000000,0.000000,0.000000,0.000000,0.000000,0.000000,nan,nan,nan,nan,nan,nan,READY
1787037263069972618,2026-08-18T14:14:23.069995,ground_truth,0.004069,-0.009000,-0.012591,0.007425,-0.023690,-0.012868,True,,,,,,,,,-0.163939,0.500364,0.387466,-0.150197,0.789734,0.526295,0.000000,0.000000,0.000000,0.000000,0.000000,0.000000,nan,nan,nan,nan,nan,nan,READY
1787037263105421376,2026-08-18T14:14:23.105434,ground_truth,0.003955,0.010000,-0.011488,0.007161,-0.024205,-0.013171,True,,,,,,,,,-0.163675,0.499850,0.387163,-0.150611,0.780840,0.522026,0.000000,0.000000,0.000000,0.000000,0.000000,0.000000,nan,nan,nan,nan,nan,nan,READY
1787037263136509232,2026-08-18T14:14:23.136524,ground_truth,0.004311,-0.049000,-0.014912,0.006854,-0.023241,-0.013141,True,,,,,,,,,-0.163368,0.500814,0.387193,-0.150611,0.780840,0.522026,0.000000,0.000000,0.000000,0.000000,0.000000,0.000000,nan,nan,nan,nan,nan,nan,READY
1787037263172924333,2026-08-18T14:14:23.172963,ground_truth,0.004431,-0.069000,-0.016072,0.006601,-0.023048,-0.013296,True,,,,,,,,,-0.163115,0.501007,0.387038,-0.151013,0.771849,0.517689,0.000000,0.000000,0.000000,0.000000,0.000000,0.000000,nan,nan,nan,nan,nan,nan,READY
1787037263201685204,2026-08-18T14:14:23.201724,ground_truth,0.003955,0.010000,-0.011488,0.006336,-0.023010,-0.013647,True,,,,,,,,,-0.162850,0.501045,0.386687,-0.151013,0.771849,0.517689,0.000000,0.000000,0.000000,0.000000,0.000000,0.000000,nan,nan,nan,nan,nan,nan,READY
1787037263237736233,2026-08-18T14:14:23.237754,ground_truth,0.004130,-0.019000,-0.013171,0.006060,-0.025135,-0.013573,True,,,,,,,,,-0.162574,0.498920,0.386761,-0.151394,0.762844,0.513369,0.000000,0.000000,0.000000,0.000000,0.000000,0.000000,nan,nan,nan,nan,nan,nan,READY
1787037263267150791,2026-08-18T14:14:23.267176,ground_truth,0.004069,-0.009000,-0.012591,0.005775,-0.023960,-0.013457,True,,,,,,,,,-0.162289,0.500094,0.386877,-0.151394,0.762844,0.513369,0.000000,0.000000,0.000000,0.000000,0.000000,0.000000,nan,nan,nan,nan,nan,nan,READY
1787037263303960239,2026-08-18T14:14:23.303996,ground_truth,0.003955,0.010000,-0.011488,0.005511,-0.023725,-0.013492,True,,,,,,,,,-0.162025,0.500329,0.386842,-0.151766,0.753651,0.508938,0.000000,0.000000,0.000000,0.000000,0.000000,0.000000,nan,nan,nan,nan,nan,nan,READY
1787037263335834428,2026-08-18T14:14:23.335851,ground_truth,0.003894,0.020000,-0.010908,0.005229,-0.023145,-0.013380,True,,,,,,,,,-0.161743,0.500910,0.386954,-0.151766,0.753651,0.508938,0.000000,0.000000,0.000000,0.000000,0.000000,0.000000,nan,nan,nan,nan,nan,nan,READY
1787037263367637325,2026-08-18T14:14:23.367654,ground_truth,0.004250,-0.039000,-0.014331,0.004929,-0.021482,-0.013113,True,,,,,,,,,-0.161442,0.502572,0.387221,-0.152106,0.744830,0.504662,0.000000,0.000000,0.000000,0.000000,0.000000,0.000000,nan,nan,nan,nan,nan,nan,READY
1787037263399696474,2026-08-18T14:14:23.399743,ground_truth,0.004069,-0.009000,-0.012591,0.004672,-0.019603,-0.013229,True,,,,,,,,,-0.161186,0.504452,0.387105,-0.152106,0.744830,0.504662,0.000000,0.000000,0.000000,0.000000,0.000000,0.000000,nan,nan,nan,nan,nan,nan,READY
1787037263436500373,2026-08-18T14:14:23.436516,ground_truth,0.004250,-0.039000,-0.014331,0.004408,-0.019227,-0.013264,True,,,,,,,,,-0.160922,0.504828,0.387070,-0.152435,0.735880,0.500277,0.000000,0.000000,0.000000,0.000000,0.000000,0.000000,nan,nan,nan,nan,nan,nan,READY
1787037263469417155,2026-08-18T14:14:23.469459,ground_truth,0.004190,-0.029000,-0.013751,0.004151,-0.020752,-0.013380,True,,,,,,,,,-0.160665,0.503303,0.386954,-0.152435,0.735880,0.500277,0.000000,0.000000,0.000000,0.000000,0.000000,0.000000,nan,nan,nan,nan,nan,nan,READY
1787037263503018382,2026-08-18T14:14:23.503059,ground_truth,0.004311,-0.049000,-0.014912,0.004139,-0.022124,-0.013264,True,,,,,,,,,-0.160653,0.501931,0.387070,-0.152752,0.726868,0.495916,0.000000,0.000000,0.000000,0.000000,0.000000,0.000000,nan,nan,nan,nan,nan,nan,READY
1787037263537098042,2026-08-18T14:14:23.537115,ground_truth,0.004069,-0.009000,-0.012591,0.004143,-0.022398,-0.013302,True,,,,,,,,,-0.160657,0.501657,0.387031,-0.152752,0.726868,0.495916,0.000000,0.000000,0.000000,0.000000,0.000000,0.000000,nan,nan,nan,nan,nan,nan,READY
1787037263570107355,2026-08-18T14:14:23.570149,ground_truth,0.004371,-0.059000,-0.015492,0.004127,-0.021386,-0.013148,True,,,,,,,,,-0.160641,0.502669,0.387186,-0.153068,0.717879,0.491557,0.000000,0.000000,0.000000,0.000000,0.000000,0.000000,nan,nan,nan,nan,nan,nan,READY
1787037263602553680,2026-08-18T14:14:23.602603,ground_truth,0.004190,-0.029000,-0.013751,0.004147,-0.021717,-0.013341,True,,,,,,,,,-0.160661,0.502338,0.386993,-0.153068,0.717879,0.491557,0.000000,0.000000,0.000000,0.000000,0.000000,0.000000,nan,nan,nan,nan,nan,nan,READY
1787037263635368775,2026-08-18T14:14:23.635384,ground_truth,0.003955,0.010000,-0.011488,0.004163,-0.022850,-0.013492,True,,,,,,,,,-0.160677,0.501205,0.386842,-0.153383,0.708895,0.487215,0.000000,0.000000,0.000000,0.000000,0.000000,0.000000,nan,nan,nan,nan,nan,nan,READY
1787037263667248534,2026-08-18T14:14:23.667265,ground_truth,0.004371,-0.059000,-0.015492,0.004139,-0.024143,-0.013264,True,,,,,,,,,-0.160653,0.499911,0.387070,-0.153383,0.708895,0.487215,0.000000,0.000000,0.000000,0.000000,0.000000,0.000000,nan,nan,nan,nan,nan,nan,READY
1787037263701755723,2026-08-18T14:14:23.701781,ground_truth,0.004618,-0.100000,-0.017871,0.004135,-0.023335,-0.013225,True,,,,,,,,,-0.160649,0.500719,0.387109,-0.153700,0.699827,0.482854,0.000000,0.000000,0.000000,0.000000,0.000000,0.000000,nan,nan,nan,nan,nan,nan,READY
1787037263734977508,2026-08-18T14:14:23.735020,ground_truth,0.004069,-0.009000,-0.012591,0.004180,-0.023707,-0.013650,True,,,,,,,,,-0.160693,0.500348,0.386683,-0.153700,0.699827,0.482854,0.000000,0.000000,0.000000,0.000000,0.000000,0.000000,nan,nan,nan,nan,nan,nan,READY
1787037263772055112,2026-08-18T14:14:23.772105,ground_truth,0.004431,-0.069000,-0.016072,0.004176,-0.025915,-0.013612,True,,,,,,,,,-0.160689,0.498140,0.386722,-0.154011,0.690847,0.478574,0.000000,0.000000,0.000000,0.000000,0.000000,0.000000,nan,nan,nan,nan,nan,nan,READY


============================================================
EXPERIMENT METRICS
  File: experiment_GROUND_TRUTH_20260818_141403.csv
  Total samples: 592
  Task completion time: 19.87 s
  Mode: GROUND TRUTH (no prediction metrics)
  --- Trajectory Smoothness (Robot EE) ---
  Mean Jerk (3D): 15.1446 m/s³
      Jerk X: 2.7896 m/s³
      Jerk Y: 10.3749 m/s³
      Jerk Z: 8.3965 m/s³
  Max Jerk (3D): 117.9573 m/s³
  RMS Jerk (3D): 26.2953 m/s³
============================================================
