ros_timestamp_ns,wall_time,trajectory_mode,meas_x,meas_y,meas_z,is_tracked,pred_x,pred_y,pred_z,mae_x,mae_y,mae_z,inference_ms,buffer_size,robot_ee_x,robot_ee_y,robot_ee_z,j1_vel,j2_vel,j3_vel,j4_vel,j5_vel,j6_vel,j1_eff,j2_eff,j3_eff,j4_eff,j5_eff,j6_eff
1786089305841807952,2026-08-07T14:55:05.841825,prediction,0.010607,-0.094000,0.003177,True,0.041295,-0.014000,0.014367,0.030688,0.080000,0.011191,36.56,10,-0.162001,0.280055,0.378533,0.000000,0.000000,0.000000,0.000000,0.000000,0.000000,nan,nan,nan,nan,nan,nan
1786089305873380193,2026-08-07T14:55:05.873393,prediction,0.016517,-0.014000,0.009131,True,0.041056,-0.022000,0.013348,0.024539,0.008000,0.004217,31.31,10,-0.162001,0.280055,0.378533,0.000000,0.000000,0.000000,0.000000,0.000000,0.000000,nan,nan,nan,nan,nan,nan
1786089305904395040,2026-08-07T14:55:05.904411,prediction,0.016932,-0.000000,0.010173,True,0.041073,-0.019271,0.013657,0.024141,0.019271,0.003484,30.63,10,-0.162001,0.280055,0.378533,0.000000,0.000000,0.000000,0.000000,0.000000,0.000000,nan,nan,nan,nan,nan,nan
1786089305936182454,2026-08-07T14:55:05.936196,prediction,0.016310,-0.021000,0.008610,True,0.041028,-0.014072,0.014096,0.024718,0.006928,0.005486,31.48,10,-0.162001,0.280055,0.378533,0.000000,0.000000,0.000000,0.000000,0.000000,0.000000,nan,nan,nan,nan,nan,nan
1786089305968925489,2026-08-07T14:55:05.968938,prediction,0.014592,-0.079000,0.004293,True,0.041103,-0.014160,0.014205,0.026511,0.064840,0.009911,32.19,10,-0.162001,0.280055,0.378533,0.000000,0.000000,0.000000,0.000000,0.000000,0.000000,nan,nan,nan,nan,nan,nan
1786089305997912414,2026-08-07T14:55:05.997928,prediction,0.014592,-0.079000,0.004293,True,0.041465,-0.022160,0.013444,0.026873,0.056840,0.009150,28.15,10,-0.162001,0.280055,0.378533,0.000000,0.000000,0.000000,0.000000,0.000000,0.000000,nan,nan,nan,nan,nan,nan
1786089306030279404,2026-08-07T14:55:06.030308,prediction,0.015895,-0.035000,0.007568,True,0.041528,-0.023804,0.013410,0.025633,0.011196,0.005842,26.09,10,-0.162001,0.280055,0.378533,0.000000,0.000000,0.000000,0.000000,0.000000,0.000000,nan,nan,nan,nan,nan,nan
1786089306065664692,2026-08-07T14:55:06.065695,prediction,0.015791,-0.038500,0.007308,True,0.041588,-0.025595,0.013336,0.025797,0.012905,0.006029,28.47,10,-0.162001,0.280055,0.378533,0.000000,0.000000,0.000000,0.000000,0.000000,0.000000,nan,nan,nan,nan,nan,nan
1786089306100109727,2026-08-07T14:55:06.100124,prediction,0.015140,-0.060500,0.005670,True,0.041747,-0.031520,0.013019,0.026607,0.028980,0.007349,29.43,10,-0.162001,0.280055,0.378533,0.000000,0.000000,0.000000,0.000000,0.000000,0.000000,nan,nan,nan,nan,nan,nan
1786089306131007904,2026-08-07T14:55:06.131034,prediction,0.015688,-0.042000,0.007047,True,0.041763,-0.032576,0.013039,0.026075,0.009424,0.005992,27.40,10,-0.162001,0.280055,0.378533,0.000000,0.000000,0.000000,0.000000,0.000000,0.000000,nan,nan,nan,nan,nan,nan
1786089306172202930,2026-08-07T14:55:06.172216,prediction,0.012670,-0.028000,0.008089,True,0.041647,-0.028367,0.013393,0.028977,0.000367,0.005304,34.77,10,-0.162001,0.280055,0.378533,0.000000,0.000000,0.000000,0.000000,0.000000,0.000000,nan,nan,nan,nan,nan,nan
1786089306204085032,2026-08-07T14:55:06.204098,prediction,0.012670,-0.028000,0.008089,True,0.040997,-0.027058,0.013560,0.028327,0.000942,0.005471,31.22,10,-0.162001,0.280055,0.378533,0.000000,0.000000,0.000000,0.000000,0.000000,0.000000,nan,nan,nan,nan,nan,nan
1786089306236262006,2026-08-07T14:55:06.236277,prediction,0.009888,-0.117000,0.005048,True,0.040824,-0.035058,0.013239,0.030936,0.081942,0.008191,28.65,10,-0.162001,0.280055,0.378533,0.000000,0.000000,0.000000,0.000000,0.000000,0.000000,nan,nan,nan,nan,nan,nan
1786089306272802428,2026-08-07T14:55:06.272821,prediction,0.001660,-0.148000,0.002792,True,0.040043,-0.041646,0.014782,0.038383,0.106354,0.011991,32.76,10,-0.162001,0.280055,0.378533,0.000000,0.000000,0.000000,0.000000,0.000000,0.000000,nan,nan,nan,nan,nan,nan
1786089306307372528,2026-08-07T14:55:06.307389,prediction,-0.000015,-0.094000,0.010268,True,0.038956,-0.049646,0.013787,0.038971,0.044353,0.003520,34.44,10,-0.162001,0.280055,0.378533,0.000000,0.000000,0.000000,0.000000,0.000000,0.000000,nan,nan,nan,nan,nan,nan
1786089306339301697,2026-08-07T14:55:06.339321,prediction,-0.000847,-0.117000,0.012215,True,0.037098,-0.057646,0.014586,0.037945,0.059353,0.002372,31.32,10,-0.162001,0.280055,0.378533,0.000000,0.000000,0.000000,0.000000,0.000000,0.000000,nan,nan,nan,nan,nan,nan
1786089306371138364,2026-08-07T14:55:06.371155,prediction,-0.000847,-0.117000,0.012215,True,0.035608,-0.065646,0.015684,0.036455,0.051353,0.003469,30.96,10,-0.162001,0.280055,0.378533,0.000000,0.000000,0.000000,0.000000,0.000000,0.000000,nan,nan,nan,nan,nan,nan
1786089306404747082,2026-08-07T14:55:06.404758,prediction,0.003386,-0.000000,0.023737,True,0.033840,-0.057646,0.018912,0.030454,0.057646,0.004825,31.64,10,-0.162001,0.280055,0.378533,0.000000,0.000000,0.000000,0.000000,0.000000,0.000000,nan,nan,nan,nan,nan,nan
1786089306435897232,2026-08-07T14:55:06.435912,prediction,0.003640,0.007000,0.027592,True,0.032332,-0.049646,0.022367,0.028692,0.056646,0.005225,29.15,10,-0.162001,0.280055,0.378533,0.000000,0.000000,0.000000,0.000000,0.000000,0.000000,nan,nan,nan,nan,nan,nan
1786089306469756228,2026-08-07T14:55:06.469769,prediction,0.003386,-0.000000,0.027128,True,0.031216,-0.041646,0.024914,0.027830,0.041646,0.002215,31.06,10,-0.162001,0.280055,0.378533,0.000000,0.000000,0.000000,0.000000,0.000000,0.000000,nan,nan,nan,nan,nan,nan
1786089306503072328,2026-08-07T14:55:06.503084,prediction,0.002880,-0.014000,0.029615,True,0.030349,-0.034301,0.027362,0.027469,0.020301,0.002253,31.33,10,-0.162001,0.280055,0.378533,0.000000,0.000000,0.000000,0.000000,0.000000,0.000000,nan,nan,nan,nan,nan,nan
1786089306534518212,2026-08-07T14:55:06.534539,prediction,0.002880,-0.014000,0.033029,True,0.029639,-0.028418,0.029912,0.026759,0.014418,0.003118,28.78,10,-0.162001,0.280055,0.378533,0.000000,0.000000,0.000000,0.000000,0.000000,0.000000,nan,nan,nan,nan,nan,nan
1786089306573133593,2026-08-07T14:55:06.573147,prediction,0.001324,-0.057000,0.037293,True,0.029141,-0.029569,0.032331,0.027817,0.027431,0.004962,31.48,10,-0.162001,0.280055,0.378533,0.000000,0.000000,0.000000,0.000000,0.000000,0.000000,nan,nan,nan,nan,nan,nan
1786089306605503880,2026-08-07T14:55:06.605520,prediction,-0.000268,-0.101000,0.038226,True,0.028736,-0.033587,0.034825,0.029004,0.067413,0.003401,31.35,10,-0.162001,0.280055,0.378533,0.000000,0.000000,0.000000,0.000000,0.000000,0.000000,nan,nan,nan,nan,nan,nan
1786089306636126721,2026-08-07T14:55:06.636144,prediction,-0.000268,-0.101000,0.038226,True,0.028512,-0.041587,0.037071,0.028780,0.059413,0.001154,30.00,10,-0.162001,0.280055,0.378533,0.000000,0.000000,0.000000,0.000000,0.000000,0.000000,nan,nan,nan,nan,nan,nan
1786089306667597252,2026-08-07T14:55:06.667620,prediction,0.001324,-0.057000,0.044262,True,0.028096,-0.043827,0.040066,0.026772,0.013173,0.004196,29.66,10,-0.162001,0.280055,0.378533,0.000000,0.000000,0.000000,0.000000,0.000000,0.000000,nan,nan,nan,nan,nan,nan
1786089306706018409,2026-08-07T14:55:06.706032,prediction,-0.001853,-0.049000,0.048185,True,0.027035,-0.043956,0.043298,0.028888,0.005044,0.004886,34.57,10,-0.162001,0.280055,0.378533,0.000000,0.000000,0.000000,0.000000,0.000000,0.000000,nan,nan,nan,nan,nan,nan
1786089306736664614,2026-08-07T14:55:06.736685,prediction,-0.001059,-0.028000,0.049334,True,0.026204,-0.043870,0.045805,0.027264,0.015870,0.003529,30.33,10,-0.162001,0.280055,0.378533,0.000000,0.000000,0.000000,0.000000,0.000000,0.000000,nan,nan,nan,nan,nan,nan
1786089306764439969,2026-08-07T14:55:06.764458,prediction,-0.001059,-0.028000,0.049334,True,0.025499,-0.039397,0.047902,0.026558,0.011397,0.001431,26.51,10,-0.162001,0.280055,0.378533,0.000000,0.000000,0.000000,0.000000,0.000000,0.000000,nan,nan,nan,nan,nan,nan
1786089306798504531,2026-08-07T14:55:06.798526,prediction,-0.001059,-0.028000,0.052771,True,0.024878,-0.035590,0.050244,0.025937,0.007590,0.002527,27.84,10,-0.162001,0.280055,0.378533,0.000000,0.000000,0.000000,0.000000,0.000000,0.000000,nan,nan,nan,nan,nan,nan
1786089306830766054,2026-08-07T14:55:06.830786,prediction,-0.001324,-0.035000,0.052399,True,0.024436,-0.033844,0.051971,0.025760,0.001156,0.000429,26.16,10,-0.162001,0.280055,0.378533,0.000000,0.000000,0.000000,0.000000,0.000000,0.000000,nan,nan,nan,nan,nan,nan
1786089306866119922,2026-08-07T14:55:06.866142,prediction,-0.001853,-0.049000,0.051656,True,0.024149,-0.035228,0.053163,0.026002,0.013772,0.001507,29.33,10,-0.162001,0.280055,0.378533,0.000000,0.000000,0.000000,0.000000,0.000000,0.000000,nan,nan,nan,nan,nan,nan
1786089306898277971,2026-08-07T14:55:06.898300,prediction,-0.001059,-0.028000,0.052771,True,0.023881,-0.032160,0.054253,0.024940,0.004160,0.001482,27.81,10,-0.162001,0.280055,0.378533,0.000000,0.000000,0.000000,0.000000,0.000000,0.000000,nan,nan,nan,nan,nan,nan
1786089306935832264,2026-08-07T14:55:06.935850,prediction,-0.000265,-0.007000,0.057288,True,0.023685,-0.035515,0.055610,0.023950,0.028515,0.001678,31.48,10,-0.162001,0.280055,0.378533,0.000000,0.000000,0.000000,0.000000,0.000000,0.000000,nan,nan,nan,nan,nan,nan
1786089306965615041,2026-08-07T14:55:06.965631,prediction,-0.000265,-0.007000,0.057288,True,0.023400,-0.028331,0.057160,0.023665,0.021331,0.000128,29.54,10,-0.162001,0.280055,0.378533,0.000000,0.000000,0.000000,0.000000,0.000000,0.000000,nan,nan,nan,nan,nan,nan
1786089307004397415,2026-08-07T14:55:07.004410,prediction,0.000530,0.014000,0.061736,True,0.023185,-0.022432,0.058383,0.022656,0.036432,0.003353,30.53,10,-0.162001,0.280055,0.378533,0.000000,0.000000,0.000000,0.000000,0.000000,0.000000,nan,nan,nan,nan,nan,nan
1786089307034022938,2026-08-07T14:55:07.034065,prediction,0.000530,0.014000,0.061736,True,0.022891,-0.014432,0.060299,0.022362,0.028432,0.001437,28.11,10,-0.162001,0.280055,0.378533,0.000000,0.000000,0.000000,0.000000,0.000000,0.000000,nan,nan,nan,nan,nan,nan
1786089307071482603,2026-08-07T14:55:07.071509,prediction,0.002880,-0.014000,0.067170,True,0.022668,-0.012661,0.062314,0.019788,0.001339,0.004856,30.64,10,-0.162001,0.280055,0.378533,0.000000,0.000000,0.000000,0.000000,0.000000,0.000000,nan,nan,nan,nan,nan,nan
1786089307105248175,2026-08-07T14:55:07.105265,prediction,0.002880,-0.014000,0.067170,True,0.023048,-0.011385,0.064651,0.020168,0.002615,0.002519,32.79,10,-0.162827,0.278559,0.380029,0.000000,0.000000,0.000000,0.000000,0.000000,0.000000,nan,nan,nan,nan,nan,nan
1786089307138762035,2026-08-07T14:55:07.138795,prediction,0.003386,-0.000000,0.071212,True,0.023249,-0.007577,0.067351,0.019863,0.007577,0.003861,31.11,10,-0.162827,0.278559,0.380029,0.000000,0.000000,0.000000,0.000000,0.000000,0.000000,nan,nan,nan,nan,nan,nan
1786089307173212360,2026-08-07T14:55:07.173225,prediction,0.001867,-0.042000,0.076248,True,0.023461,-0.005922,0.069361,0.021594,0.036078,0.006888,33.43,10,-0.163843,0.275785,0.383180,0.000000,0.000000,0.000000,0.000000,0.000000,0.000000,nan,nan,nan,nan,nan,nan
1786089307206181149,2026-08-07T14:55:07.206199,prediction,0.001867,-0.042000,0.076248,True,0.023578,-0.011772,0.072209,0.021711,0.030228,0.004039,32.26,10,-0.163843,0.275785,0.383180,0.000000,0.000000,0.000000,0.000000,0.000000,0.000000,nan,nan,nan,nan,nan,nan
1786089307244849319,2026-08-07T14:55:07.244863,prediction,0.003893,0.014000,0.085312,True,0.023538,-0.003852,0.074839,0.019645,0.017852,0.010473,35.50,10,-0.164907,0.272553,0.388593,0.000000,0.000000,0.000000,0.000000,0.000000,0.000000,nan,nan,nan,nan,nan,nan
1786089307280243653,2026-08-07T14:55:07.280264,prediction,0.004870,0.041000,0.089670,True,0.023384,0.001219,0.078391,0.018514,0.039781,0.011279,34.63,10,-0.164907,0.272553,0.388593,0.000000,0.000000,0.000000,0.000000,0.000000,0.000000,nan,nan,nan,nan,nan,nan
1786089307313870896,2026-08-07T14:55:07.313885,prediction,0.004870,0.041000,0.096317,True,0.023157,0.009219,0.082091,0.018287,0.031781,0.014226,33.32,10,-0.162001,0.280055,0.378533,0.000000,0.000000,0.000000,0.000000,0.000000,0.000000,nan,nan,nan,nan,nan,nan
1786089307350765953,2026-08-07T14:55:07.350790,prediction,0.001551,0.041000,0.099641,True,0.022860,0.017219,0.086480,0.021309,0.023781,0.013160,36.15,10,-0.162001,0.280055,0.378533,0.000000,0.000000,0.000000,0.000000,0.000000,0.000000,nan,nan,nan,nan,nan,nan
1786089307387451617,2026-08-07T14:55:07.387540,prediction,-0.000979,0.061000,0.106857,True,0.021976,0.023826,0.090633,0.022955,0.037174,0.016224,33.82,10,-0.162677,0.278704,0.380154,0.000000,0.000000,0.000000,0.000000,0.000000,0.000000,nan,nan,nan,nan,nan,nan
1786089307427285292,2026-08-07T14:55:07.427310,prediction,-0.005087,0.041000,0.112936,True,0.020534,0.031826,0.095442,0.025621,0.009174,0.017494,41.35,10,-0.162677,0.278704,0.380154,0.000000,0.000000,0.000000,0.000000,0.000000,0.000000,nan,nan,nan,nan,nan,nan
1786089307461857386,2026-08-07T14:55:07.461877,prediction,-0.003731,0.074000,0.120304,True,0.018704,0.035580,0.100596,0.022435,0.038420,0.019708,34.31,10,-0.163454,0.277360,0.383994,0.000000,0.000000,0.000000,0.000000,0.000000,0.000000,nan,nan,nan,nan,nan,nan
1786089307494488351,2026-08-07T14:55:07.494505,prediction,-0.007552,0.061000,0.126602,True,0.017141,0.043580,0.106199,0.024692,0.017420,0.020402,32.46,10,-0.163454,0.277360,0.383994,0.000000,0.000000,0.000000,0.000000,0.000000,0.000000,nan,nan,nan,nan,nan,nan
1786089307527456959,2026-08-07T14:55:07.527482,prediction,-0.013250,0.080000,0.133474,True,0.015217,0.049036,0.112013,0.028466,0.030964,0.021461,32.38,10,-0.164165,0.276689,0.389950,0.000000,0.000000,0.000000,0.000000,0.000000,0.000000,nan,nan,nan,nan,nan,nan
1786089307559116264,2026-08-07T14:55:07.559171,prediction,-0.019119,0.093000,0.140149,True,0.012398,0.057036,0.118050,0.031517,0.035964,0.022099,29.43,10,-0.164165,0.276689,0.389950,0.000000,0.000000,0.000000,0.000000,0.000000,0.000000,nan,nan,nan,nan,nan,nan
1786089307590369477,2026-08-07T14:55:07.590430,prediction,-0.026954,0.067000,0.149680,True,0.008886,0.065036,0.124214,0.035839,0.001964,0.025466,31.81,10,-0.164677,0.277236,0.397800,0.000000,0.000000,0.000000,0.000000,0.000000,0.000000,nan,nan,nan,nan,nan,nan
1786089307622987348,2026-08-07T14:55:07.623002,prediction,-0.031383,0.105000,0.159604,True,0.004711,0.067520,0.131235,0.036095,0.037480,0.028370,32.57,10,-0.164677,0.277236,0.397800,0.000000,0.000000,0.000000,0.000000,0.000000,0.000000,nan,nan,nan,nan,nan,nan
1786089307656128850,2026-08-07T14:55:07.656145,prediction,-0.030489,0.121000,0.172408,True,0.000128,0.075520,0.138883,0.030617,0.045480,0.033525,32.60,10,-0.164748,0.279620,0.406815,0.000000,0.000000,0.000000,0.000000,0.000000,0.000000,nan,nan,nan,nan,nan,nan
1786089307688784803,2026-08-07T14:55:07.688801,prediction,-0.040636,-0.000000,0.183117,True,-0.003636,0.076416,0.146883,0.037000,0.076416,0.036234,32.18,10,-0.164748,0.279620,0.406815,0.000000,0.000000,0.000000,0.000000,0.000000,0.000000,nan,nan,nan,nan,nan,nan
1786089307725702252,2026-08-07T14:55:07.725769,prediction,-0.036333,0.130000,0.191432,True,-0.007654,0.071133,0.154883,0.028678,0.058867,0.036550,35.51,10,-0.164170,0.283731,0.415876,0.000000,0.000000,0.000000,0.000000,0.000000,0.000000,nan,nan,nan,nan,nan,nan
1786089307761387291,2026-08-07T14:55:07.761410,prediction,-0.038776,0.142000,0.197577,True,-0.011148,0.079133,0.162883,0.027628,0.062867,0.034694,36.01,10,-0.164170,0.283731,0.415876,0.000000,0.000000,0.000000,0.000000,0.000000,0.000000,nan,nan,nan,nan,nan,nan
1786089307796450435,2026-08-07T14:55:07.796464,prediction,-0.045363,0.087000,0.205039,True,-0.014468,0.087133,0.170883,0.030895,0.000133,0.034156,34.75,10,-0.163139,0.288455,0.424621,0.000000,0.000000,0.000000,0.000000,0.000000,0.000000,nan,nan,nan,nan,nan,nan
1786089307830658035,2026-08-07T14:55:07.830689,prediction,-0.044240,0.105000,0.211101,True,-0.017912,0.089796,0.178883,0.026327,0.015204,0.032218,33.49,10,-0.163139,0.288455,0.424621,0.000000,0.000000,0.000000,0.000000,0.000000,0.000000,nan,nan,nan,nan,nan,nan
1786089307866127050,2026-08-07T14:55:07.866182,prediction,-0.054181,-0.000000,0.223809,True,-0.020568,0.087837,0.186883,0.033613,0.087837,0.036927,33.79,10,-0.161879,0.293425,0.433281,0.000000,0.000000,0.000000,0.000000,0.000000,0.000000,nan,nan,nan,nan,nan,nan
1786089307901236140,2026-08-07T14:55:07.901255,prediction,-0.054630,-0.007000,0.227415,True,-0.023835,0.079837,0.194883,0.030795,0.086836,0.032533,35.84,10,-0.160196,0.298701,0.441739,0.000000,0.000000,0.000000,0.000000,0.000000,0.000000,nan,nan,nan,nan,nan,nan
1786089307935218948,2026-08-07T14:55:07.935238,prediction,-0.056188,0.021000,0.236625,True,-0.026448,0.071837,0.202883,0.029740,0.050836,0.033742,33.57,10,-0.160196,0.298701,0.441739,0.000000,0.000000,0.000000,0.000000,0.000000,0.000000,nan,nan,nan,nan,nan,nan
1786089307970560544,2026-08-07T14:55:07.970578,prediction,-0.057317,0.054000,0.245356,True,-0.029143,0.063930,0.210883,0.028174,0.009930,0.034473,34.67,10,-0.158189,0.303834,0.449972,0.000000,0.000000,0.000000,0.000000,0.000000,0.000000,nan,nan,nan,nan,nan,nan
1786089308006124236,2026-08-07T14:55:08.006137,prediction,-0.066275,-0.079000,0.264836,True,-0.031847,0.055930,0.218883,0.034428,0.134930,0.045953,35.41,10,-0.158189,0.303834,0.449972,0.000000,0.000000,0.000000,0.000000,0.000000,0.000000,nan,nan,nan,nan,nan,nan
1786089308039313909,2026-08-07T14:55:08.039330,prediction,-0.066275,-0.079000,0.264836,True,-0.034787,0.047930,0.226883,0.031488,0.126930,0.037953,32.54,10,-0.155855,0.308628,0.458357,0.000000,0.000000,0.000000,0.000000,0.000000,0.000000,nan,nan,nan,nan,nan,nan
1786089308070365274,2026-08-07T14:55:08.070384,prediction,-0.063312,-0.035000,0.269658,True,-0.037097,0.039930,0.234883,0.026215,0.074930,0.034775,30.63,10,-0.155855,0.308628,0.458357,0.000000,0.000000,0.000000,0.000000,0.000000,0.000000,nan,nan,nan,nan,nan,nan
1786089308108132857,2026-08-07T14:55:08.108177,prediction,-0.060132,0.061000,0.268107,True,-0.038779,0.031930,0.242883,0.021352,0.029070,0.025225,35.76,10,-0.153217,0.312841,0.467019,0.000000,0.000000,0.000000,0.000000,0.000000,0.000000,nan,nan,nan,nan,nan,nan
1786089308139032337,2026-08-07T14:55:08.139050,prediction,-0.053715,0.154000,0.269540,True,-0.040190,0.039930,0.249323,0.013525,0.114070,0.020218,31.64,10,-0.153217,0.312841,0.467019,0.000000,0.000000,0.000000,0.000000,0.000000,0.000000,nan,nan,nan,nan,nan,nan
1786089308171252664,2026-08-07T14:55:08.171273,prediction,-0.053715,0.154000,0.269540,True,-0.041072,0.047930,0.254466,0.012643,0.106070,0.015075,32.00,10,-0.150370,0.316248,0.475949,0.000000,0.000000,0.000000,0.000000,0.000000,0.000000,nan,nan,nan,nan,nan,nan
1786089308202485098,2026-08-07T14:55:08.202501,prediction,-0.052887,0.166000,0.271994,True,-0.041353,0.055930,0.258223,0.011534,0.110070,0.013772,31.00,10,-0.150370,0.316248,0.475949,0.000000,0.000000,0.000000,0.000000,0.000000,0.000000,nan,nan,nan,nan,nan,nan
1786089308232436773,2026-08-07T14:55:08.232459,prediction,-0.052887,0.166000,0.278231,True,-0.041474,0.063930,0.261682,0.011413,0.102070,0.016549,29.28,10,-0.147397,0.318916,0.485151,0.000000,0.000000,0.000000,0.000000,0.000000,0.000000,nan,nan,nan,nan,nan,nan
1786089308262807482,2026-08-07T14:55:08.262826,prediction,-0.051300,0.189000,0.283005,True,-0.041590,0.071930,0.265844,0.009710,0.117070,0.017161,29.95,10,-0.147397,0.318916,0.485151,0.000000,0.000000,0.000000,0.000000,0.000000,0.000000,nan,nan,nan,nan,nan,nan
1786089308291870090,2026-08-07T14:55:08.291940,prediction,-0.052473,0.172000,0.290303,True,-0.041551,0.079930,0.270186,0.010922,0.092070,0.020117,27.46,10,-0.147397,0.318916,0.485151,0.000000,0.000000,0.000000,0.000000,0.000000,0.000000,nan,nan,nan,nan,nan,nan
1786089308324842275,2026-08-07T14:55:08.324886,prediction,-0.051714,0.183000,0.292658,True,-0.041659,0.087930,0.275299,0.010055,0.095070,0.017359,32.97,10,-0.144429,0.320891,0.494483,0.000000,0.000000,0.000000,0.000000,0.000000,0.000000,nan,nan,nan,nan,nan,nan
1786089308354360988,2026-08-07T14:55:08.354375,prediction,-0.051714,0.183000,0.301929,True,-0.041633,0.095930,0.279795,0.010081,0.087070,0.022134,29.77,10,-0.144429,0.320891,0.494483,0.000000,0.000000,0.000000,0.000000,0.000000,0.000000,nan,nan,nan,nan,nan,nan
1786089308387157515,2026-08-07T14:55:08.387185,prediction,-0.052887,0.166000,0.309414,True,-0.041654,0.103930,0.285361,0.011233,0.062070,0.024054,31.97,10,-0.141522,0.322618,0.503883,0.000000,0.000000,0.000000,0.000000,0.000000,0.000000,nan,nan,nan,nan,nan,nan
1786089308419493758,2026-08-07T14:55:08.419514,prediction,-0.051300,0.189000,0.310730,True,-0.041796,0.111930,0.291383,0.009504,0.077070,0.019348,31.96,10,-0.141522,0.322618,0.503883,0.000000,0.000000,0.000000,0.000000,0.000000,0.000000,nan,nan,nan,nan,nan,nan
1786089308452478136,2026-08-07T14:55:08.452496,prediction,-0.048224,0.189000,0.319972,True,-0.041720,0.119930,0.296291,0.006504,0.069070,0.023681,32.72,10,-0.138689,0.324338,0.513424,0.000000,0.000000,0.000000,0.000000,0.000000,0.000000,nan,nan,nan,nan,nan,nan
1786089308488030236,2026-08-07T14:55:08.488048,prediction,-0.048224,0.189000,0.332294,True,-0.041103,0.127930,0.302110,0.007121,0.061070,0.030184,34.81,10,-0.138689,0.324338,0.513424,0.000000,0.000000,0.000000,0.000000,0.000000,0.000000,nan,nan,nan,nan,nan,nan
1786089308519805829,2026-08-07T14:55:08.519830,prediction,-0.045597,0.228000,0.337839,True,-0.040674,0.135930,0.309316,0.004923,0.092070,0.028522,31.32,10,-0.136050,0.326327,0.522803,0.000000,0.000000,0.000000,0.000000,0.000000,0.000000,nan,nan,nan,nan,nan,nan
1786089308552844770,2026-08-07T14:55:08.552860,prediction,-0.044753,0.195000,0.350179,True,-0.040075,0.143930,0.316077,0.004678,0.051070,0.034101,32.86,10,-0.136050,0.326327,0.522803,0.000000,0.000000,0.000000,0.000000,0.000000,0.000000,nan,nan,nan,nan,nan,nan
1786089308585916632,2026-08-07T14:55:08.585934,prediction,-0.042071,0.189000,0.356938,True,-0.039261,0.151930,0.324077,0.002810,0.037070,0.032861,32.46,10,-0.133619,0.328894,0.532109,0.000000,0.000000,0.000000,0.000000,0.000000,0.000000,nan,nan,nan,nan,nan,nan
1786089308618739787,2026-08-07T14:55:08.618762,prediction,-0.042776,0.178000,0.367367,True,-0.038023,0.159930,0.331695,0.004753,0.018070,0.035672,32.29,10,-0.133619,0.328894,0.532109,0.000000,0.000000,0.000000,0.000000,0.000000,0.000000,nan,nan,nan,nan,nan,nan
1786089308658776362,2026-08-07T14:55:08.658794,prediction,-0.040431,0.166000,0.381136,True,-0.037112,0.167504,0.339695,0.003319,0.001504,0.041441,38.57,10,-0.131436,0.332240,0.541303,0.000000,0.000000,0.000000,0.000000,0.000000,0.000000,nan,nan,nan,nan,nan,nan
1786089308689318223,2026-08-07T14:55:08.689338,prediction,-0.037559,0.212000,0.381954,True,-0.035886,0.171238,0.347695,0.001673,0.040762,0.034259,31.08,10,-0.131436,0.332240,0.541303,0.000000,0.000000,0.000000,0.000000,0.000000,0.000000,nan,nan,nan,nan,nan,nan
1786089308723097451,2026-08-07T14:55:08.723114,prediction,-0.033493,0.178000,0.389057,True,-0.034560,0.179238,0.355169,0.001066,0.001238,0.033888,33.60,10,-0.129512,0.336399,0.550440,0.000000,0.000000,0.000000,0.000000,0.000000,0.000000,nan,nan,nan,nan,nan,nan
1786089308759697736,2026-08-07T14:55:08.759719,prediction,-0.027975,0.166000,0.393609,True,-0.032461,0.183250,0.362447,0.004486,0.017250,0.031162,35.93,10,-0.129512,0.336399,0.550440,0.000000,0.000000,0.000000,0.000000,0.000000,0.000000,nan,nan,nan,nan,nan,nan
1786089308794344990,2026-08-07T14:55:08.794368,prediction,-0.025740,0.206000,0.391818,True,-0.029579,0.184100,0.368929,0.003839,0.021900,0.022890,33.51,10,-0.127965,0.340899,0.558941,0.000000,0.000000,0.000000,0.000000,0.000000,0.000000,nan,nan,nan,nan,nan,nan
1786089308829264675,2026-08-07T14:55:08.829291,prediction,-0.022367,0.212000,0.394125,True,-0.027008,0.192100,0.373402,0.004641,0.019900,0.020723,33.00,10,-0.127965,0.340899,0.558941,0.000000,0.000000,0.000000,0.000000,0.000000,0.000000,nan,nan,nan,nan,nan,nan
1786089308859069885,2026-08-07T14:55:08.859144,prediction,-0.020853,0.183000,0.400822,True,-0.024303,0.200100,0.377292,0.003450,0.017100,0.023530,28.56,10,-0.126671,0.345911,0.567500,0.000000,0.000000,0.000000,0.000000,0.000000,0.000000,nan,nan,nan,nan,nan,nan
1786089308895171906,2026-08-07T14:55:08.895189,prediction,-0.018022,0.178000,0.407649,True,-0.021687,0.201411,0.381742,0.003665,0.023411,0.025907,36.80,10,-0.126671,0.345911,0.567500,0.000000,0.000000,0.000000,0.000000,0.000000,0.000000,nan,nan,nan,nan,nan,nan
1786089308934611392,2026-08-07T14:55:08.934630,prediction,-0.014928,0.178000,0.410748,True,-0.019046,0.201434,0.386717,0.004118,0.023434,0.024030,39.08,10,-0.125667,0.351225,0.575921,0.000000,0.000000,0.000000,0.000000,0.000000,0.000000,nan,nan,nan,nan,nan,nan
1786089308967086125,2026-08-07T14:55:08.967101,prediction,-0.009450,0.228000,0.407217,True,-0.016346,0.201441,0.391303,0.006896,0.026559,0.015915,31.98,10,-0.124810,0.356648,0.584266,0.000000,0.000000,0.000000,0.000000,0.000000,0.000000,nan,nan,nan,nan,nan,nan
1786089308997474378,2026-08-07T14:55:08.997493,prediction,-0.009974,0.217000,0.417779,True,-0.013345,0.209441,0.393978,0.003371,0.007559,0.023801,29.81,10,-0.124810,0.356648,0.584266,0.000000,0.000000,0.000000,0.000000,0.000000,0.000000,nan,nan,nan,nan,nan,nan
1786089309028320719,2026-08-07T14:55:09.028341,prediction,-0.006944,0.217000,0.423848,True,-0.011024,0.215763,0.398254,0.004080,0.001237,0.025595,30.45,10,-0.124810,0.356648,0.584266,0.000000,0.000000,0.000000,0.000000,0.000000,0.000000,nan,nan,nan,nan,nan,nan
1786089309059899193,2026-08-07T14:55:09.059919,prediction,-0.006668,0.223000,0.429053,True,-0.008577,0.220905,0.402848,0.001910,0.002095,0.026205,30.77,10,-0.124378,0.362293,0.592508,0.000000,0.000000,0.000000,0.000000,0.000000,0.000000,nan,nan,nan,nan,nan,nan
1786089309089746732,2026-08-07T14:55:09.089767,prediction,-0.006944,0.217000,0.439021,True,-0.006617,0.226209,0.407578,0.000327,0.009209,0.031443,29.43,10,-0.124378,0.362293,0.592508,0.000000,0.000000,0.000000,0.000000,0.000000,0.000000,nan,nan,nan,nan,nan,nan
1786089309120642766,2026-08-07T14:55:09.120668,prediction,-0.005931,0.239000,0.438741,True,-0.005098,0.229302,0.413376,0.000833,0.009698,0.025366,30.51,10,-0.124214,0.368065,0.600716,0.000000,0.000000,0.000000,0.000000,0.000000,0.000000,nan,nan,nan,nan,nan,nan
1786089309151154811,2026-08-07T14:55:09.151185,prediction,-0.004458,0.271000,0.439812,True,-0.003745,0.236119,0.417696,0.000713,0.034881,0.022116,30.05,10,-0.124214,0.368065,0.600716,0.000000,0.000000,0.000000,0.000000,0.000000,0.000000,nan,nan,nan,nan,nan,nan
1786089309183111674,2026-08-07T14:55:09.183133,prediction,-0.004689,0.266000,0.446490,True,-0.002483,0.244119,0.421125,0.002205,0.021881,0.025365,31.92,10,-0.124297,0.373872,0.608808,0.000000,0.000000,0.000000,0.000000,0.000000,0.000000,nan,nan,nan,nan,nan,nan
1786089309215243334,2026-08-07T14:55:09.215261,prediction,-0.006438,0.228000,0.461514,True,-0.001460,0.252119,0.425086,0.004978,0.024119,0.036428,31.76,10,-0.124297,0.373872,0.608808,0.000000,0.000000,0.000000,0.000000,0.000000,0.000000,nan,nan,nan,nan,nan,nan
1786089309247630814,2026-08-07T14:55:09.247652,prediction,-0.005425,0.250000,0.463907,True,-0.000802,0.252518,0.431350,0.004623,0.002518,0.032557,31.90,10,-0.124608,0.379821,0.616911,0.000000,0.000000,0.000000,0.000000,0.000000,0.000000,nan,nan,nan,nan,nan,nan
1786089309278557756,2026-08-07T14:55:09.278573,prediction,-0.005425,0.250000,0.466887,True,-0.000156,0.256891,0.436750,0.005269,0.006891,0.030137,30.57,10,-0.124608,0.379821,0.616911,0.000000,0.000000,0.000000,0.000000,0.000000,0.000000,nan,nan,nan,nan,nan,nan
1786089309308603708,2026-08-07T14:55:09.308623,prediction,-0.007400,0.271000,0.466324,True,0.000402,0.260470,0.441522,0.007802,0.010530,0.024802,29.08,10,-0.125104,0.385810,0.624871,0.000000,0.000000,0.000000,0.000000,0.000000,0.000000,nan,nan,nan,nan,nan,nan
1786089309338422864,2026-08-07T14:55:09.338442,prediction,-0.007400,0.271000,0.466324,True,0.000434,0.267468,0.444896,0.007834,0.003532,0.021428,27.53,10,-0.125104,0.385810,0.624871,0.000000,0.000000,0.000000,0.000000,0.000000,0.000000,nan,nan,nan,nan,nan,nan
1786089309373105926,2026-08-07T14:55:09.373120,prediction,-0.007638,0.266000,0.473076,True,0.000495,0.272197,0.448776,0.008134,0.006197,0.024300,31.95,10,-0.125744,0.391891,0.632778,0.000000,0.000000,0.000000,0.000000,0.000000,0.000000,nan,nan,nan,nan,nan,nan
1786089309408997523,2026-08-07T14:55:09.409045,prediction,-0.006161,0.297000,0.470647,True,0.000751,0.280197,0.451195,0.006912,0.016803,0.019452,32.97,10,-0.125744,0.391891,0.632778,0.000000,0.000000,0.000000,0.000000,0.000000,0.000000,nan,nan,nan,nan,nan,nan
1786089309447884624,2026-08-07T14:55:09.447902,prediction,-0.010342,0.271000,0.483999,True,0.001019,0.288197,0.453468,0.011361,0.017197,0.030531,36.61,10,-0.126486,0.398074,0.640658,0.000000,0.000000,0.000000,0.000000,0.000000,0.000000,nan,nan,nan,nan,nan,nan
1786089309480635494,2026-08-07T14:55:09.480655,prediction,-0.013029,0.276000,0.486044,True,0.000516,0.289872,0.457599,0.013545,0.013872,0.028445,31.86,10,-0.126486,0.398074,0.640658,0.000000,0.000000,0.000000,0.000000,0.000000,0.000000,nan,nan,nan,nan,nan,nan
1786089309512006830,2026-08-07T14:55:09.512055,prediction,-0.015384,0.287000,0.486981,True,-0.000413,0.292094,0.461243,0.014970,0.005094,0.025737,30.93,10,-0.127284,0.404397,0.648452,0.000000,0.000000,0.000000,0.000000,0.000000,0.000000,nan,nan,nan,nan,nan,nan
1786089309544660669,2026-08-07T14:55:09.544681,prediction,-0.017757,0.297000,0.488065,True,-0.001647,0.296003,0.464266,0.016110,0.000997,0.023799,32.65,10,-0.127284,0.404397,0.648452,0.000000,0.000000,0.000000,0.000000,0.000000,0.000000,nan,nan,nan,nan,nan,nan
1786089309577553456,2026-08-07T14:55:09.577587,prediction,-0.021550,0.281000,0.493931,True,-0.003096,0.301058,0.466715,0.018454,0.020058,0.027216,32.52,10,-0.128073,0.410711,0.656008,0.000000,0.000000,0.000000,0.000000,0.000000,0.000000,nan,nan,nan,nan,nan,nan
1786089309608892640,2026-08-07T14:55:09.608931,prediction,-0.025271,0.317000,0.490135,True,-0.004873,0.302059,0.469737,0.020398,0.014941,0.020398,30.17,10,-0.128073,0.410711,0.656008,0.000000,0.000000,0.000000,0.000000,0.000000,0.000000,nan,nan,nan,nan,nan,nan
1786089309645379834,2026-08-07T14:55:09.645394,prediction,-0.025271,0.317000,0.490135,True,-0.007161,0.309746,0.471230,0.018110,0.007254,0.018905,35.66,10,-0.128840,0.417228,0.663601,0.000000,0.000000,0.000000,0.000000,0.000000,0.000000,nan,nan,nan,nan,nan,nan
1786089309681525326,2026-08-07T14:55:09.681543,prediction,-0.030067,0.332000,0.490179,True,-0.009515,0.316033,0.472356,0.020552,0.015967,0.017823,33.20,10,-0.128840,0.417228,0.663601,0.000000,0.000000,0.000000,0.000000,0.000000,0.000000,nan,nan,nan,nan,nan,nan
1786089309717470183,2026-08-07T14:55:09.717487,prediction,-0.030794,0.365000,0.486752,True,-0.011799,0.323972,0.473149,0.018995,0.041028,0.013603,35.47,10,-0.129527,0.423820,0.671071,0.000000,0.000000,0.000000,0.000000,0.000000,0.000000,nan,nan,nan,nan,nan,nan
1786089309755715101,2026-08-07T14:55:09.755738,prediction,-0.030559,0.411000,0.480724,True,-0.013876,0.331972,0.472981,0.016683,0.079028,0.007742,36.80,10,-0.129527,0.423820,0.671071,0.000000,0.000000,0.000000,0.000000,0.000000,0.000000,nan,nan,nan,nan,nan,nan
1786089309786667030,2026-08-07T14:55:09.786712,prediction,-0.032665,0.420000,0.478998,True,-0.015659,0.339972,0.471529,0.017006,0.080028,0.007469,29.60,10,-0.130106,0.430522,0.678436,0.000000,0.000000,0.000000,0.000000,0.000000,0.000000,nan,nan,nan,nan,nan,nan
1786089309820502694,2026-08-07T14:55:09.820521,prediction,-0.034810,0.428000,0.477464,True,-0.017493,0.347972,0.470011,0.017317,0.080028,0.007454,31.54,10,-0.130106,0.430522,0.678436,0.000000,0.000000,0.000000,0.000000,0.000000,0.000000,nan,nan,nan,nan,nan,nan
1786089309851880682,2026-08-07T14:55:09.851901,prediction,-0.034465,0.433000,0.476506,True,-0.019383,0.355972,0.468528,0.015082,0.077028,0.007978,33.13,10,-0.130554,0.437446,0.685689,0.000000,0.000000,0.000000,0.000000,0.000000,0.000000,nan,nan,nan,nan,nan,nan
1786089309882754214,2026-08-07T14:55:09.882805,prediction,-0.036576,0.441000,0.477638,True,-0.020817,0.363972,0.467261,0.015759,0.077028,0.010377,29.13,10,-0.130554,0.437446,0.685689,0.000000,0.000000,0.000000,0.000000,0.000000,0.000000,nan,nan,nan,nan,nan,nan
1786089309917952551,2026-08-07T14:55:09.917969,prediction,-0.038299,0.454000,0.475125,True,-0.022402,0.371972,0.466580,0.015897,0.082028,0.008545,35.77,10,-0.130851,0.444561,0.692700,0.000000,0.000000,0.000000,0.000000,0.000000,0.000000,nan,nan,nan,nan,nan,nan
1786089309950660382,2026-08-07T14:55:09.950685,prediction,-0.038588,0.450000,0.475898,True,-0.024045,0.379972,0.465559,0.014544,0.070028,0.010339,32.22,10,-0.130851,0.444561,0.692700,0.000000,0.000000,0.000000,0.000000,0.000000,0.000000,nan,nan,nan,nan,nan,nan
1786089309984011868,2026-08-07T14:55:09.984023,prediction,-0.040941,0.454000,0.477770,True,-0.025364,0.387972,0.464961,0.015577,0.066028,0.012809,33.22,10,-0.130981,0.451897,0.699451,0.000000,0.000000,0.000000,0.000000,0.000000,0.000000,nan,nan,nan,nan,nan,nan
1786089310016804908,2026-08-07T14:55:10.016822,prediction,-0.042978,0.462000,0.476210,True,-0.026883,0.395972,0.464889,0.016094,0.066028,0.011321,32.22,10,-0.130981,0.451897,0.699451,0.000000,0.000000,0.000000,0.000000,0.000000,0.000000,nan,nan,nan,nan,nan,nan
1786089310049441835,2026-08-07T14:55:10.049462,prediction,-0.042600,0.467000,0.475235,True,-0.028519,0.403972,0.464520,0.014081,0.063028,0.010714,32.16,10,-0.130941,0.459529,0.705961,0.000000,0.000000,0.000000,0.000000,0.000000,0.000000,nan,nan,nan,nan,nan,nan
1786089310082814902,2026-08-07T14:55:10.082827,prediction,-0.043058,0.495000,0.469774,True,-0.029749,0.411972,0.464033,0.013310,0.083028,0.005741,33.24,10,-0.130941,0.459529,0.705961,0.000000,0.000000,0.000000,0.000000,0.000000,0.000000,nan,nan,nan,nan,nan,nan
1786089310116579313,2026-08-07T14:55:10.116596,prediction,-0.043367,0.491000,0.470554,True,-0.030928,0.419972,0.462426,0.012439,0.071028,0.008128,33.18,10,-0.130736,0.467388,0.712099,0.000000,0.000000,0.000000,0.000000,0.000000,0.000000,nan,nan,nan,nan,nan,nan
1786089310149373415,2026-08-07T14:55:10.149388,prediction,-0.047563,0.503000,0.468214,True,-0.031887,0.427972,0.461319,0.015676,0.075028,0.006895,32.35,10,-0.130736,0.467388,0.712099,0.000000,0.000000,0.000000,0.000000,0.000000,0.000000,nan,nan,nan,nan,nan,nan
1786089310182493378,2026-08-07T14:55:10.182529,prediction,-0.048810,0.519000,0.465094,True,-0.033543,0.435972,0.459960,0.015267,0.083028,0.005134,32.39,10,-0.130384,0.475539,0.717862,0.000000,0.000000,0.000000,0.000000,0.000000,0.000000,nan,nan,nan,nan,nan,nan
1786089310215435658,2026-08-07T14:55:10.215450,prediction,-0.049083,0.546000,0.462323,True,-0.035187,0.443972,0.458267,0.013896,0.102028,0.004055,32.58,10,-0.130384,0.475539,0.717862,0.000000,0.000000,0.000000,0.000000,0.000000,0.000000,nan,nan,nan,nan,nan,nan
1786089310250637342,2026-08-07T14:55:10.250658,prediction,-0.049083,0.546000,0.462323,True,-0.036673,0.451972,0.456342,0.012410,0.094028,0.005981,34.70,10,-0.129902,0.484028,0.723259,0.000000,0.000000,0.000000,0.000000,0.000000,0.000000,nan,nan,nan,nan,nan,nan
1786089310286315189,2026-08-07T14:55:10.286338,prediction,-0.050976,0.553000,0.460946,True,-0.037837,0.459972,0.454856,0.013139,0.093028,0.006090,35.20,10,-0.129902,0.484028,0.723259,0.000000,0.000000,0.000000,0.000000,0.000000,0.000000,nan,nan,nan,nan,nan,nan
1786089310319742056,2026-08-07T14:55:10.319763,prediction,-0.052498,0.564000,0.458783,True,-0.039167,0.467972,0.453446,0.013330,0.096028,0.005337,32.94,10,-0.129312,0.492727,0.728222,0.000000,0.000000,0.000000,0.000000,0.000000,0.000000,nan,nan,nan,nan,nan,nan
1786089310353829963,2026-08-07T14:55:10.353846,prediction,-0.051192,0.579000,0.455833,True,-0.040580,0.475972,0.451924,0.010612,0.103028,0.003909,33.86,10,-0.129312,0.492727,0.728222,0.000000,0.000000,0.000000,0.000000,0.000000,0.000000,nan,nan,nan,nan,nan,nan
1786089310385588855,2026-08-07T14:55:10.385614,prediction,-0.055794,0.582000,0.455243,True,-0.041495,0.483972,0.450109,0.014299,0.098028,0.005134,31.35,10,-0.128638,0.501511,0.732729,0.000000,0.000000,0.000000,0.000000,0.000000,0.000000,nan,nan,nan,nan,nan,nan
1786089310428922250,2026-08-07T14:55:10.428984,prediction,-0.056065,0.579000,0.453393,True,-0.043152,0.491972,0.448569,0.012912,0.087028,0.004825,40.91,10,-0.128638,0.501511,0.732729,0.000000,0.000000,0.000000,0.000000,0.000000,0.000000,nan,nan,nan,nan,nan,nan
1786089310464835367,2026-08-07T14:55:10.464850,prediction,-0.059346,0.596000,0.450078,True,-0.044498,0.499972,0.447015,0.014848,0.096028,0.003063,36.65,10,-0.127872,0.510594,0.736920,0.000000,0.000000,0.000000,0.000000,0.000000,0.000000,nan,nan,nan,nan,nan,nan
1786089310497960660,2026-08-07T14:55:10.497983,prediction,-0.060040,0.614000,0.446568,True,-0.046311,0.507972,0.445107,0.013729,0.106028,0.001461,32.58,10,-0.127872,0.510594,0.736920,0.000000,0.000000,0.000000,0.000000,0.000000,0.000000,nan,nan,nan,nan,nan,nan
1786089310531968206,2026-08-07T14:55:10.531984,prediction,-0.062807,0.610000,0.444959,True,-0.047976,0.515972,0.442858,0.014830,0.094028,0.002101,33.14,10,-0.127070,0.519741,0.740920,0.000000,0.000000,0.000000,0.000000,0.000000,0.000000,nan,nan,nan,nan,nan,nan
1786089310565589068,2026-08-07T14:55:10.565604,prediction,-0.067878,0.607000,0.445539,True,-0.049832,0.523972,0.440785,0.018046,0.083028,0.004754,33.92,10,-0.126199,0.528977,0.744528,0.000000,0.000000,0.000000,0.000000,0.000000,0.000000,nan,nan,nan,nan,nan,nan
1786089310597804015,2026-08-07T14:55:10.597822,prediction,-0.067927,0.630000,0.441092,True,-0.052325,0.531972,0.439337,0.015602,0.098028,0.001755,31.65,10,-0.126199,0.528977,0.744528,0.000000,0.000000,0.000000,0.000000,0.000000,0.000000,nan,nan,nan,nan,nan,nan
1786089310628510474,2026-08-07T14:55:10.628535,prediction,-0.069556,0.637000,0.437393,True,-0.054435,0.539972,0.437279,0.015121,0.097028,0.000114,30.14,10,-0.126199,0.528977,0.744528,0.000000,0.000000,0.000000,0.000000,0.000000,0.000000,nan,nan,nan,nan,nan,nan
1786089310660411462,2026-08-07T14:55:10.660431,prediction,-0.071161,0.644000,0.436051,True,-0.056469,0.547972,0.434905,0.014692,0.096028,0.001146,31.36,10,-0.125214,0.538426,0.747620,0.000000,0.000000,0.000000,0.000000,0.000000,0.000000,nan,nan,nan,nan,nan,nan
1786089310696529043,2026-08-07T14:55:10.696551,prediction,-0.075496,0.647000,0.433148,True,-0.058435,0.555972,0.432748,0.017061,0.091028,0.000400,35.60,10,-0.125214,0.538426,0.747620,0.000000,0.000000,0.000000,0.000000,0.000000,0.000000,nan,nan,nan,nan,nan,nan
1786089310733601433,2026-08-07T14:55:10.733619,prediction,-0.077821,0.647000,0.433148,True,-0.060884,0.563972,0.430466,0.016937,0.083028,0.002682,35.90,10,-0.124185,0.547968,0.750556,0.000000,0.000000,0.000000,0.000000,0.000000,0.000000,nan,nan,nan,nan,nan,nan
1786089310767981838,2026-08-07T14:55:10.768007,prediction,-0.078694,0.660000,0.428370,True,-0.063309,0.571972,0.428748,0.015385,0.088028,0.000377,34.42,10,-0.123086,0.557533,0.753141,0.000000,0.000000,0.000000,0.000000,0.000000,0.000000,nan,nan,nan,nan,nan,nan
1786089310801983323,2026-08-07T14:55:10.802002,prediction,-0.079525,0.673000,0.425921,True,-0.065474,0.579972,0.426406,0.014051,0.093028,0.000486,33.54,10,-0.123086,0.557533,0.753141,0.000000,0.000000,0.000000,0.000000,0.000000,0.000000,nan,nan,nan,nan,nan,nan
1786089310828763424,2026-08-07T14:55:10.828789,prediction,-0.083040,0.682000,0.421954,True,-0.083040,0.682000,0.421954,0.000000,0.000000,0.000000,0.00,10,-0.123086,0.557533,0.753141,0.000000,0.000000,0.000000,0.000000,0.000000,0.000000,nan,nan,nan,nan,nan,nan
1786089310845828477,2026-08-07T14:55:10.845861,prediction,-0.083040,0.682000,0.419684,True,-0.074133,0.665795,0.417040,0.008907,0.016205,0.002643,0.00,10,-0.121095,0.567294,0.753701,0.000000,0.000000,0.000000,0.000000,0.000000,0.000000,nan,nan,nan,nan,nan,nan
1786089310863037319,2026-08-07T14:55:10.863061,prediction,-0.083040,0.682000,0.419684,True,-0.083040,0.682000,0.421954,0.000000,0.000000,0.002270,0.00,10,-0.121095,0.567294,0.753701,0.000000,0.000000,0.000000,0.000000,0.000000,0.000000,nan,nan,nan,nan,nan,nan
1786089310874829360,2026-08-07T14:55:10.874868,prediction,-0.083889,0.694000,0.415211,True,-0.074133,0.665795,0.417040,0.009755,0.028205,0.001829,0.00,10,-0.121095,0.567294,0.753701,0.000000,0.000000,0.000000,0.000000,0.000000,0.000000,nan,nan,nan,nan,nan,nan
1786089310895042913,2026-08-07T14:55:10.895056,prediction,-0.083889,0.694000,0.415211,True,-0.083039,0.682000,0.421950,0.000849,0.012000,0.006739,0.00,10,-0.121095,0.567294,0.753701,0.000000,0.000000,0.000000,0.000000,0.000000,0.000000,nan,nan,nan,nan,nan,nan
1786089310908736798,2026-08-07T14:55:10.908757,prediction,-0.083889,0.694000,0.415211,True,-0.074133,0.665796,0.417036,0.009756,0.028205,0.001825,0.00,10,-0.119232,0.575968,0.752323,0.000000,0.000000,0.000000,0.000000,0.000000,0.000000,nan,nan,nan,nan,nan,nan
1786089310928621646,2026-08-07T14:55:10.928638,prediction,-0.086136,0.694000,0.415211,True,-0.083039,0.682001,0.421939,0.003097,0.011999,0.006729,0.00,10,-0.119232,0.575968,0.752323,0.000000,0.000000,0.000000,0.000000,0.000000,0.000000,nan,nan,nan,nan,nan,nan
1786089310942122359,2026-08-07T14:55:10.942185,prediction,-0.086136,0.694000,0.415211,True,-0.074133,0.665797,0.417026,0.012004,0.028203,0.001815,0.00,10,-0.119232,0.575968,0.752323,0.000000,0.000000,0.000000,0.000000,0.000000,0.000000,nan,nan,nan,nan,nan,nan
1786089310961995365,2026-08-07T14:55:10.962016,prediction,-0.088384,0.694000,0.415211,True,-0.083038,0.682003,0.421920,0.005346,0.011997,0.006709,0.00,10,-0.119232,0.575968,0.752323,0.000000,0.000000,0.000000,0.000000,0.000000,0.000000,nan,nan,nan,nan,nan,nan
1786089310974890452,2026-08-07T14:55:10.974928,prediction,-0.088384,0.694000,0.415211,True,-0.074132,0.665799,0.417006,0.014252,0.028201,0.001795,0.00,10,-0.117660,0.583215,0.749259,0.000000,0.000000,0.000000,0.000000,0.000000,0.000000,nan,nan,nan,nan,nan,nan
1786089310995124084,2026-08-07T14:55:10.995140,prediction,-0.088019,0.697000,0.412414,True,-0.083036,0.682005,0.421888,0.004984,0.014995,0.009473,0.00,10,-0.117660,0.583215,0.749259,0.000000,0.000000,0.000000,0.000000,0.000000,0.000000,nan,nan,nan,nan,nan,nan
1786089311008546049,2026-08-07T14:55:11.008560,prediction,-0.088019,0.697000,0.412414,True,-0.074131,0.665803,0.416974,0.013889,0.031197,0.004559,0.00,10,-0.117660,0.583215,0.749259,0.000000,0.000000,0.000000,0.000000,0.000000,0.000000,nan,nan,nan,nan,nan,nan
1786089311028770052,2026-08-07T14:55:11.028788,prediction,-0.086197,0.712000,0.407465,True,-0.083033,0.682009,0.421840,0.003164,0.029991,0.014375,0.00,10,-0.117660,0.583215,0.749259,0.000000,0.000000,0.000000,0.000000,0.000000,0.000000,nan,nan,nan,nan,nan,nan
1786089311041916762,2026-08-07T14:55:11.041961,prediction,-0.086197,0.712000,0.407465,True,-0.074129,0.665808,0.416926,0.012068,0.046192,0.009461,0.00,10,-0.116281,0.588967,0.744572,0.000000,0.000000,0.000000,0.000000,0.000000,0.000000,nan,nan,nan,nan,nan,nan
1786089311062502814,2026-08-07T14:55:11.062523,prediction,-0.089893,0.700000,0.407387,True,-0.083029,0.682014,0.421775,0.006864,0.017986,0.014388,0.00,10,-0.116281,0.588967,0.744572,0.000000,0.000000,0.000000,0.000000,0.000000,0.000000,nan,nan,nan,nan,nan,nan
1786089311074452320,2026-08-07T14:55:11.074466,prediction,-0.089893,0.700000,0.407387,True,-0.074126,0.665816,0.416860,0.015767,0.034184,0.009474,0.00,10,-0.116281,0.588967,0.744572,0.000000,0.000000,0.000000,0.000000,0.000000,0.000000,nan,nan,nan,nan,nan,nan
1786089311095073497,2026-08-07T14:55:11.095095,prediction,-0.086938,0.724000,0.400899,True,-0.083024,0.682020,0.421688,0.003914,0.041980,0.020789,0.00,10,-0.116281,0.588967,0.744572,0.000000,0.000000,0.000000,0.000000,0.000000,0.000000,nan,nan,nan,nan,nan,nan
1786089311108437965,2026-08-07T14:55:11.108450,prediction,-0.089510,0.721000,0.401430,True,-0.074123,0.665826,0.416774,0.015388,0.055174,0.015344,0.00,10,-0.115054,0.593535,0.737970,0.000000,0.000000,0.000000,0.000000,0.000000,0.000000,nan,nan,nan,nan,nan,nan
1786089311129449785,2026-08-07T14:55:11.129510,prediction,-0.089510,0.721000,0.401430,True,-0.083017,0.682028,0.421579,0.006493,0.038972,0.020149,0.00,10,-0.115054,0.593535,0.737970,0.000000,0.000000,0.000000,0.000000,0.000000,0.000000,nan,nan,nan,nan,nan,nan
1786089311142234246,2026-08-07T14:55:11.142264,prediction,-0.089510,0.721000,0.401430,True,-0.074118,0.665838,0.416664,0.015392,0.055162,0.015234,0.00,10,-0.115054,0.593535,0.737970,0.000000,0.000000,0.000000,0.000000,0.000000,0.000000,nan,nan,nan,nan,nan,nan
1786089311163632871,2026-08-07T14:55:11.163649,prediction,-0.090197,0.733000,0.397120,True,-0.083009,0.682039,0.421443,0.007188,0.050962,0.024323,0.00,10,-0.115054,0.593535,0.737970,0.000000,0.000000,0.000000,0.000000,0.000000,0.000000,nan,nan,nan,nan,nan,nan
1786089311174801292,2026-08-07T14:55:11.174845,prediction,-0.088806,0.744000,0.393023,True,-0.074113,0.665854,0.416528,0.014693,0.078146,0.023505,0.00,10,-0.113833,0.596725,0.729687,0.000000,0.000000,0.000000,0.000000,0.000000,0.000000,nan,nan,nan,nan,nan,nan
1786089311195790721,2026-08-07T14:55:11.195810,prediction,-0.088806,0.744000,0.393023,True,-0.082999,0.682051,0.421280,0.005807,0.061949,0.028257,0.00,10,-0.113833,0.596725,0.729687,0.000000,0.000000,0.000000,0.000000,0.000000,0.000000,nan,nan,nan,nan,nan,nan
1786089311208284326,2026-08-07T14:55:11.208298,prediction,-0.088806,0.744000,0.393023,True,-0.074107,0.665873,0.416364,0.014700,0.078127,0.023341,0.00,10,-0.113833,0.596725,0.729687,0.000000,0.000000,0.000000,0.000000,0.000000,0.000000,nan,nan,nan,nan,nan,nan
1786089311229488376,2026-08-07T14:55:11.229505,prediction,-0.093786,0.739000,0.393891,True,-0.082988,0.682066,0.421085,0.010798,0.056935,0.027194,0.00,10,-0.113833,0.596725,0.729687,0.000000,0.000000,0.000000,0.000000,0.000000,0.000000,nan,nan,nan,nan,nan,nan
1786089311241829075,2026-08-07T14:55:11.241886,prediction,-0.093786,0.739000,0.393891,True,-0.074099,0.665895,0.416169,0.019687,0.073105,0.022278,0.00,10,-0.112874,0.599378,0.720095,0.000000,0.000000,0.000000,0.000000,0.000000,0.000000,nan,nan,nan,nan,nan,nan
1786089311262475641,2026-08-07T14:55:11.262496,prediction,-0.089435,0.756000,0.388790,True,-0.082974,0.682083,0.420858,0.006461,0.073917,0.032068,0.00,10,-0.112874,0.599378,0.720095,0.000000,0.000000,0.000000,0.000000,0.000000,0.000000,nan,nan,nan,nan,nan,nan
1786089311275217070,2026-08-07T14:55:11.275258,prediction,-0.089435,0.756000,0.388790,True,-0.074090,0.665922,0.415941,0.015345,0.090079,0.027151,0.00,10,-0.112874,0.599378,0.720095,0.000000,0.000000,0.000000,0.000000,0.000000,0.000000,nan,nan,nan,nan,nan,nan
1786089311295098492,2026-08-07T14:55:11.295118,prediction,-0.090203,0.750000,0.385505,True,-0.082959,0.682102,0.420596,0.007245,0.067898,0.035092,0.00,10,-0.112874,0.599378,0.720095,0.000000,0.000000,0.000000,0.000000,0.000000,0.000000,nan,nan,nan,nan,nan,nan
1786089311307912818,2026-08-07T14:55:11.307929,prediction,-0.090203,0.750000,0.385505,True,-0.074080,0.665952,0.415679,0.016124,0.084048,0.030174,0.00,10,-0.111915,0.602028,0.710500,0.000000,0.000000,0.000000,0.000000,0.000000,0.000000,nan,nan,nan,nan,nan,nan
1786089311328433468,2026-08-07T14:55:11.328451,prediction,-0.090933,0.761000,0.383649,True,-0.082941,0.682125,0.420298,0.007992,0.078875,0.036649,0.00,10,-0.111915,0.602028,0.710500,0.000000,0.000000,0.000000,0.000000,0.000000,0.000000,nan,nan,nan,nan,nan,nan
1786089311341286136,2026-08-07T14:55:11.341303,prediction,-0.090933,0.761000,0.383649,True,-0.074068,0.665986,0.415379,0.016865,0.095014,0.031730,0.00,10,-0.111915,0.602028,0.710500,0.000000,0.000000,0.000000,0.000000,0.000000,0.000000,nan,nan,nan,nan,nan,nan
1786089311361908116,2026-08-07T14:55:11.361927,prediction,-0.092282,0.767000,0.380505,True,-0.082920,0.682150,0.419960,0.009362,0.084850,0.039455,0.00,10,-0.111915,0.602028,0.710500,0.000000,0.000000,0.000000,0.000000,0.000000,0.000000,nan,nan,nan,nan,nan,nan
1786089311374524872,2026-08-07T14:55:11.374543,prediction,-0.092282,0.767000,0.380505,True,-0.074055,0.666025,0.415040,0.018228,0.100975,0.034535,0.00,10,-0.110959,0.604672,0.700912,0.000000,0.000000,0.000000,0.000000,0.000000,0.000000,nan,nan,nan,nan,nan,nan
1786089311395124319,2026-08-07T14:55:11.395143,prediction,-0.093070,0.761000,0.377226,True,-0.082898,0.682179,0.419581,0.010173,0.078821,0.042355,0.00,10,-0.110959,0.604672,0.700912,0.000000,0.000000,0.000000,0.000000,0.000000,0.000000,nan,nan,nan,nan,nan,nan
1786089311408323667,2026-08-07T14:55:11.408342,prediction,-0.093070,0.761000,0.377226,True,-0.074040,0.666069,0.414661,0.019030,0.094931,0.037435,0.00,10,-0.110959,0.604672,0.700912,0.000000,0.000000,0.000000,0.000000,0.000000,0.000000,nan,nan,nan,nan,nan,nan
1786089311428742496,2026-08-07T14:55:11.428763,prediction,-0.093070,0.761000,0.372945,True,-0.082873,0.682211,0.419160,0.010198,0.078789,0.046216,0.00,10,-0.110959,0.604672,0.700912,0.000000,0.000000,0.000000,0.000000,0.000000,0.000000,nan,nan,nan,nan,nan,nan
1786089311441884977,2026-08-07T14:55:11.441937,prediction,-0.091232,0.775000,0.370698,True,-0.074023,0.666117,0.414239,0.017208,0.108883,0.043541,0.00,10,-0.110002,0.607314,0.691313,0.000000,0.000000,0.000000,0.000000,0.000000,0.000000,nan,nan,nan,nan,nan,nan
1786089311462454138,2026-08-07T14:55:11.462472,prediction,-0.091232,0.775000,0.370698,True,-0.082845,0.682246,0.418695,0.008387,0.092754,0.047997,0.00,10,-0.110002,0.607314,0.691313,0.000000,0.000000,0.000000,0.000000,0.000000,0.000000,nan,nan,nan,nan,nan,nan
1786089311475033474,2026-08-07T14:55:11.475051,prediction,-0.091232,0.775000,0.370698,True,-0.074005,0.666171,0.413772,0.017226,0.108829,0.043075,0.00,10,-0.110002,0.607314,0.691313,0.000000,0.000000,0.000000,0.000000,0.000000,0.000000,nan,nan,nan,nan,nan,nan
1786089311495105493,2026-08-07T14:55:11.495120,prediction,-0.096269,0.769000,0.369533,True,-0.082814,0.682284,0.418184,0.013455,0.086716,0.048651,0.00,10,-0.110002,0.607314,0.691313,0.000000,0.000000,0.000000,0.000000,0.000000,0.000000,nan,nan,nan,nan,nan,nan
1786089311507932322,2026-08-07T14:55:11.507951,prediction,-0.096269,0.769000,0.369533,True,-0.073985,0.666230,0.413260,0.022284,0.102770,0.043727,0.00,10,-0.109047,0.609946,0.681723,0.000000,0.000000,0.000000,0.000000,0.000000,0.000000,nan,nan,nan,nan,nan,nan
1786089311528707178,2026-08-07T14:55:11.528731,prediction,-0.094115,0.785000,0.366991,True,-0.082781,0.682326,0.417625,0.011334,0.102674,0.050634,0.00,10,-0.109047,0.609946,0.681723,0.000000,0.000000,0.000000,0.000000,0.000000,0.000000,nan,nan,nan,nan,nan,nan
1786089311541296703,2026-08-07T14:55:11.541315,prediction,-0.094115,0.785000,0.366991,True,-0.073963,0.666295,0.412700,0.020152,0.118705,0.045709,0.00,10,-0.109047,0.609946,0.681723,0.000000,0.000000,0.000000,0.000000,0.000000,0.000000,nan,nan,nan,nan,nan,nan
1786089311562241979,2026-08-07T14:55:11.562258,prediction,-0.096895,0.780000,0.365676,True,-0.082744,0.682372,0.417018,0.014150,0.097628,0.051342,0.00,10,-0.109047,0.609946,0.681723,0.000000,0.000000,0.000000,0.000000,0.000000,0.000000,nan,nan,nan,nan,nan,nan
1786089311574330275,2026-08-07T14:55:11.574345,prediction,-0.096895,0.780000,0.365676,True,-0.073939,0.666365,0.412091,0.022955,0.113635,0.046415,0.00,10,-0.108094,0.612572,0.672126,0.000000,0.000000,0.000000,0.000000,0.000000,0.000000,nan,nan,nan,nan,nan,nan
1786089311595195039,2026-08-07T14:55:11.595219,prediction,-0.096895,0.780000,0.365676,True,-0.082705,0.682422,0.416360,0.014190,0.097578,0.050684,0.00,10,-0.108094,0.612572,0.672126,0.000000,0.000000,0.000000,0.000000,0.000000,0.000000,nan,nan,nan,nan,nan,nan
1786089311608032349,2026-08-07T14:55:11.608047,prediction,-0.096895,0.780000,0.365676,True,-0.073913,0.666441,0.411432,0.022981,0.113560,0.045756,0.00,10,-0.108094,0.612572,0.672126,0.000000,0.000000,0.000000,0.000000,0.000000,0.000000,nan,nan,nan,nan,nan,nan
1786089311628643598,2026-08-07T14:55:11.628666,prediction,-0.096213,0.785000,0.362788,True,-0.082663,0.682475,0.415651,0.013551,0.102525,0.052862,0.00,10,-0.108094,0.612572,0.672126,0.000000,0.000000,0.000000,0.000000,0.000000,0.000000,nan,nan,nan,nan,nan,nan
1786089311643014301,2026-08-07T14:55:11.643066,prediction,-0.095396,0.791000,0.361855,True,-0.073886,0.666522,0.410721,0.021510,0.124478,0.048866,0.00,10,-0.107140,0.615193,0.662510,0.000000,0.000000,0.000000,0.000000,0.000000,0.000000,nan,nan,nan,nan,nan,nan
1786089311661823734,2026-08-07T14:55:11.661837,prediction,-0.095396,0.791000,0.361855,True,-0.082617,0.682533,0.414889,0.012779,0.108468,0.053034,0.00,10,-0.107140,0.615193,0.662510,0.000000,0.000000,0.000000,0.000000,0.000000,0.000000,nan,nan,nan,nan,nan,nan
1786089311674937622,2026-08-07T14:55:11.674983,prediction,-0.095692,0.804000,0.357762,True,-0.073856,0.666610,0.409957,0.021836,0.137390,0.052195,0.00,10,-0.107140,0.615193,0.662510,0.000000,0.000000,0.000000,0.000000,0.000000,0.000000,nan,nan,nan,nan,nan,nan
1786089311695044396,2026-08-07T14:55:11.695057,prediction,-0.095692,0.804000,0.357762,True,-0.082568,0.682594,0.414073,0.013123,0.121406,0.056310,0.00,10,-0.107140,0.615193,0.662510,0.000000,0.000000,0.000000,0.000000,0.000000,0.000000,nan,nan,nan,nan,nan,nan
1786089311708830704,2026-08-07T14:55:11.708843,prediction,-0.095692,0.804000,0.357762,True,-0.073824,0.666704,0.409140,0.021868,0.137296,0.051377,0.00,10,-0.106191,0.617797,0.652912,0.000000,0.000000,0.000000,0.000000,0.000000,0.000000,nan,nan,nan,nan,nan,nan
1786089311728564178,2026-08-07T14:55:11.728584,prediction,-0.095692,0.804000,0.357762,True,-0.082516,0.682660,0.413202,0.013175,0.121340,0.055439,0.00,10,-0.106191,0.617797,0.652912,0.000000,0.000000,0.000000,0.000000,0.000000,0.000000,nan,nan,nan,nan,nan,nan
1786089311742744254,2026-08-07T14:55:11.742761,prediction,-0.095692,0.804000,0.357762,True,-0.073790,0.666805,0.408267,0.021902,0.137195,0.050505,0.00,10,-0.106191,0.617797,0.652912,0.000000,0.000000,0.000000,0.000000,0.000000,0.000000,nan,nan,nan,nan,nan,nan
1786089311762459574,2026-08-07T14:55:11.762477,prediction,-0.095002,0.809000,0.356993,True,-0.082461,0.682730,0.412275,0.012541,0.126271,0.055282,0.00,10,-0.106191,0.617797,0.652912,0.000000,0.000000,0.000000,0.000000,0.000000,0.000000,nan,nan,nan,nan,nan,nan
1786089311775280613,2026-08-07T14:55:11.775328,prediction,-0.095002,0.809000,0.356993,True,-0.073753,0.666912,0.407338,0.021249,0.142088,0.050346,0.00,10,-0.105243,0.620390,0.643301,0.000000,0.000000,0.000000,0.000000,0.000000,0.000000,nan,nan,nan,nan,nan,nan
1786089311795171092,2026-08-07T14:55:11.795187,prediction,-0.095692,0.804000,0.355692,True,-0.082402,0.682804,0.411291,0.013290,0.121196,0.055599,0.00,10,-0.105243,0.620390,0.643301,0.000000,0.000000,0.000000,0.000000,0.000000,0.000000,nan,nan,nan,nan,nan,nan
1786089311808405145,2026-08-07T14:55:11.808420,prediction,-0.095692,0.804000,0.355692,True,-0.073715,0.667025,0.406352,0.021977,0.136975,0.050660,0.00,10,-0.105243,0.620390,0.643301,0.000000,0.000000,0.000000,0.000000,0.000000,0.000000,nan,nan,nan,nan,nan,nan
1786089311828799478,2026-08-07T14:55:11.828827,prediction,-0.093209,0.822000,0.348870,True,-0.082340,0.682882,0.410249,0.010870,0.139118,0.061379,0.00,10,-0.105243,0.620390,0.643301,0.000000,0.000000,0.000000,0.000000,0.000000,0.000000,nan,nan,nan,nan,nan,nan
1786089311842918028,2026-08-07T14:55:11.842972,prediction,-0.093209,0.822000,0.348870,True,-0.073674,0.667145,0.405309,0.019536,0.154855,0.056439,0.00,10,-0.104297,0.622972,0.633674,0.000000,0.000000,0.000000,0.000000,0.000000,0.000000,nan,nan,nan,nan,nan,nan
1786089311862499017,2026-08-07T14:55:11.862522,prediction,-0.093899,0.817000,0.347566,True,-0.082274,0.682965,0.409149,0.011625,0.134035,0.061583,0.00,10,-0.104297,0.622972,0.633674,0.000000,0.000000,0.000000,0.000000,0.000000,0.000000,nan,nan,nan,nan,nan,nan
1786089311875288527,2026-08-07T14:55:11.875335,prediction,-0.093899,0.817000,0.347566,True,-0.073631,0.667272,0.404207,0.020268,0.149728,0.056641,0.00,10,-0.104297,0.622972,0.633674,0.000000,0.000000,0.000000,0.000000,0.000000,0.000000,nan,nan,nan,nan,nan,nan
1786089311895044122,2026-08-07T14:55:11.895062,prediction,-0.092934,0.824000,0.346534,True,-0.082204,0.683052,0.407989,0.010729,0.140948,0.061455,0.00,10,-0.104297,0.622972,0.633674,0.000000,0.000000,0.000000,0.000000,0.000000,0.000000,nan,nan,nan,nan,nan,nan
1786089311909250598,2026-08-07T14:55:11.909264,prediction,-0.091555,0.834000,0.345061,True,-0.073585,0.667406,0.403045,0.017970,0.166594,0.057985,0.00,10,-0.103350,0.625546,0.624005,0.000000,0.000000,0.000000,0.000000,0.000000,0.000000,nan,nan,nan,nan,nan,nan
1786089311929989737,2026-08-07T14:55:11.930044,prediction,-0.091555,0.834000,0.345061,True,-0.082131,0.683144,0.406770,0.009423,0.150856,0.061709,0.00,10,-0.103350,0.625546,0.624005,0.000000,0.000000,0.000000,0.000000,0.000000,0.000000,nan,nan,nan,nan,nan,nan
1786089311942476600,2026-08-07T14:55:11.942497,prediction,-0.091555,0.834000,0.345061,True,-0.073537,0.667547,0.401824,0.018017,0.166454,0.056763,0.00,10,-0.103350,0.625546,0.624005,0.000000,0.000000,0.000000,0.000000,0.000000,0.000000,nan,nan,nan,nan,nan,nan
1786089311963592225,2026-08-07T14:55:11.963640,prediction,-0.090218,0.829000,0.341740,True,-0.082055,0.683241,0.405490,0.008163,0.145759,0.063750,0.00,10,-0.103350,0.625546,0.624005,0.000000,0.000000,0.000000,0.000000,0.000000,0.000000,nan,nan,nan,nan,nan,nan
1786089311975177107,2026-08-07T14:55:11.975193,prediction,-0.090218,0.829000,0.341740,True,-0.073487,0.667694,0.400542,0.016731,0.161306,0.058803,0.00,10,-0.102050,0.627378,0.614314,0.000000,0.000000,0.000000,0.000000,0.000000,0.000000,nan,nan,nan,nan,nan,nan
1786089311996547349,2026-08-07T14:55:11.996606,prediction,-0.089264,0.836000,0.340731,True,-0.081975,0.683342,0.404149,0.007289,0.152658,0.063418,0.00,10,-0.102050,0.627378,0.614314,0.000000,0.000000,0.000000,0.000000,0.000000,0.000000,nan,nan,nan,nan,nan,nan
1786089312008218432,2026-08-07T14:55:12.008239,prediction,-0.089264,0.836000,0.340731,True,-0.073434,0.667849,0.399199,0.015830,0.168151,0.058469,0.00,10,-0.102050,0.627378,0.614314,0.000000,0.000000,0.000000,0.000000,0.000000,0.000000,nan,nan,nan,nan,nan,nan
1786089312029744727,2026-08-07T14:55:12.029769,prediction,-0.090218,0.829000,0.337681,True,-0.081891,0.683448,0.402747,0.008327,0.145553,0.065065,0.00,10,-0.102050,0.627378,0.614314,0.000000,0.000000,0.000000,0.000000,0.000000,0.000000,nan,nan,nan,nan,nan,nan
1786089312042544216,2026-08-07T14:55:12.042565,prediction,-0.090218,0.829000,0.337681,True,-0.073379,0.668010,0.397795,0.016838,0.160990,0.060114,0.00,10,-0.101130,0.629938,0.604654,0.000000,0.000000,0.000000,0.000000,0.000000,0.000000,nan,nan,nan,nan,nan,nan
1786089312062408886,2026-08-07T14:55:12.062433,prediction,-0.088583,0.841000,0.335992,True,-0.081803,0.683558,0.401282,0.006779,0.157442,0.065291,0.00,10,-0.101130,0.629938,0.604654,0.000000,0.000000,0.000000,0.000000,0.000000,0.000000,nan,nan,nan,nan,nan,nan
1786089312075121321,2026-08-07T14:55:12.075135,prediction,-0.088583,0.841000,0.335992,True,-0.073322,0.668179,0.396329,0.015261,0.172821,0.060337,0.00,10,-0.101130,0.629938,0.604654,0.000000,0.000000,0.000000,0.000000,0.000000,0.000000,nan,nan,nan,nan,nan,nan
1786089312094990140,2026-08-07T14:55:12.095004,prediction,-0.089264,0.836000,0.334678,True,-0.081712,0.683673,0.399756,0.007552,0.152327,0.065078,0.00,10,-0.101130,0.629938,0.604654,0.000000,0.000000,0.000000,0.000000,0.000000,0.000000,nan,nan,nan,nan,nan,nan
1786089312107936724,2026-08-07T14:55:12.107955,prediction,-0.089264,0.836000,0.334678,True,-0.073262,0.668355,0.394801,0.016002,0.167645,0.060123,0.00,10,-0.100220,0.632455,0.595056,0.000000,0.000000,0.000000,0.000000,0.000000,0.000000,nan,nan,nan,nan,nan,nan
1786089312128508810,2026-08-07T14:55:12.128523,prediction,-0.088583,0.841000,0.333983,True,-0.081617,0.683793,0.398167,0.006966,0.157207,0.064185,0.00,10,-0.100220,0.632455,0.595056,0.000000,0.000000,0.000000,0.000000,0.000000,0.000000,nan,nan,nan,nan,nan,nan
1786089312141723797,2026-08-07T14:55:12.141744,prediction,-0.087493,0.849000,0.328877,True,-0.073200,0.668538,0.393211,0.014293,0.180462,0.064334,0.00,10,-0.100220,0.632455,0.595056,0.000000,0.000000,0.000000,0.000000,0.000000,0.000000,nan,nan,nan,nan,nan,nan
1786089312161902687,2026-08-07T14:55:12.161917,prediction,-0.087493,0.849000,0.328877,True,-0.081518,0.683917,0.396516,0.005974,0.165083,0.067639,0.00,10,-0.100220,0.632455,0.595056,0.000000,0.000000,0.000000,0.000000,0.000000,0.000000,nan,nan,nan,nan,nan,nan
1786089312174570459,2026-08-07T14:55:12.174583,prediction,-0.087493,0.849000,0.328877,True,-0.073135,0.668728,0.391558,0.014357,0.180272,0.062681,0.00,10,-0.099312,0.634953,0.585418,0.000000,0.000000,0.000000,0.000000,0.000000,0.000000,nan,nan,nan,nan,nan,nan
1786089312195159136,2026-08-07T14:55:12.195175,prediction,-0.085499,0.849000,0.326881,True,-0.081416,0.684046,0.394802,0.004084,0.164954,0.067921,0.00,10,-0.099312,0.634953,0.585418,0.000000,0.000000,0.000000,0.000000,0.000000,0.000000,nan,nan,nan,nan,nan,nan
1786089312207858036,2026-08-07T14:55:12.207875,prediction,-0.085499,0.849000,0.326881,True,-0.073068,0.668926,0.389842,0.012431,0.180074,0.062962,0.00,10,-0.099312,0.634953,0.585418,0.000000,0.000000,0.000000,0.000000,0.000000,0.000000,nan,nan,nan,nan,nan,nan
1786089312228574904,2026-08-07T14:55:12.228594,prediction,-0.085230,0.851000,0.324619,True,-0.081309,0.684180,0.393026,0.003921,0.166820,0.068406,0.00,10,-0.099312,0.634953,0.585418,0.000000,0.000000,0.000000,0.000000,0.000000,0.000000,nan,nan,nan,nan,nan,nan
1786089312241433272,2026-08-07T14:55:12.241453,prediction,-0.085230,0.851000,0.324619,True,-0.072998,0.669130,0.388064,0.012232,0.181870,0.063445,0.00,10,-0.098406,0.637429,0.575740,0.000000,0.000000,0.000000,0.000000,0.000000,0.000000,nan,nan,nan,nan,nan,nan
1786089312262960329,2026-08-07T14:55:12.262988,prediction,-0.085230,0.851000,0.324619,True,-0.081199,0.684319,0.391186,0.004031,0.166681,0.066567,0.00,10,-0.098406,0.637429,0.575740,0.000000,0.000000,0.000000,0.000000,0.000000,0.000000,nan,nan,nan,nan,nan,nan
1786089312274314779,2026-08-07T14:55:12.274330,prediction,-0.085230,0.851000,0.324619,True,-0.072926,0.669342,0.386223,0.012304,0.181658,0.061604,0.00,10,-0.098406,0.637429,0.575740,0.000000,0.000000,0.000000,0.000000,0.000000,0.000000,nan,nan,nan,nan,nan,nan
1786089312295137765,2026-08-07T14:55:12.295159,prediction,-0.084557,0.856000,0.321972,True,-0.081086,0.684462,0.389284,0.003471,0.171538,0.067312,0.00,10,-0.098406,0.637429,0.575740,0.000000,0.000000,0.000000,0.000000,0.000000,0.000000,nan,nan,nan,nan,nan,nan
1786089312307955168,2026-08-07T14:55:12.307992,prediction,-0.084557,0.856000,0.321972,True,-0.072852,0.669561,0.384320,0.011705,0.186439,0.062348,0.00,10,-0.097512,0.639859,0.566107,0.000000,0.000000,0.000000,0.000000,0.000000,0.000000,nan,nan,nan,nan,nan,nan
1786089312328661335,2026-08-07T14:55:12.328699,prediction,-0.082575,0.856000,0.319987,True,-0.080968,0.684610,0.387319,0.001607,0.171390,0.067332,0.00,10,-0.097512,0.639859,0.566107,0.000000,0.000000,0.000000,0.000000,0.000000,0.000000,nan,nan,nan,nan,nan,nan
1786089312340776080,2026-08-07T14:55:12.340788,prediction,-0.082575,0.856000,0.318003,True,-0.072775,0.669788,0.382354,0.009800,0.186212,0.064352,0.00,10,-0.097512,0.639859,0.566107,0.000000,0.000000,0.000000,0.000000,0.000000,0.000000,nan,nan,nan,nan,nan,nan
1786089312362963404,2026-08-07T14:55:12.363007,prediction,-0.082575,0.856000,0.318003,True,-0.080847,0.684763,0.385292,0.001728,0.171237,0.067289,0.00,10,-0.097512,0.639859,0.566107,0.000000,0.000000,0.000000,0.000000,0.000000,0.000000,nan,nan,nan,nan,nan,nan
1786089312374628276,2026-08-07T14:55:12.374646,prediction,-0.080987,0.853000,0.316396,True,-0.072695,0.670021,0.380326,0.008292,0.182979,0.063930,0.00,10,-0.096622,0.642257,0.556453,0.000000,0.000000,0.000000,0.000000,0.000000,0.000000,nan,nan,nan,nan,nan,nan
1786089312395090717,2026-08-07T14:55:12.395107,prediction,-0.080987,0.853000,0.316396,True,-0.080722,0.684920,0.383203,0.000265,0.168080,0.066807,0.00,10,-0.096622,0.642257,0.556453,0.000000,0.000000,0.000000,0.000000,0.000000,0.000000,nan,nan,nan,nan,nan,nan
1786089312408498786,2026-08-07T14:55:12.408537,prediction,-0.079411,0.865000,0.314884,True,-0.072613,0.670262,0.378236,0.006797,0.194738,0.063352,0.00,10,-0.096622,0.642257,0.556453,0.000000,0.000000,0.000000,0.000000,0.000000,0.000000,nan,nan,nan,nan,nan,nan
1786089312428572368,2026-08-07T14:55:12.428592,prediction,-0.079411,0.865000,0.314884,True,-0.080593,0.685083,0.381051,0.001182,0.179917,0.066167,0.00,10,-0.096622,0.642257,0.556453,0.000000,0.000000,0.000000,0.000000,0.000000,0.000000,nan,nan,nan,nan,nan,nan
1786089312442931770,2026-08-07T14:55:12.442987,prediction,-0.079017,0.868000,0.312541,True,-0.072529,0.670509,0.376084,0.006488,0.197491,0.063543,0.00,10,-0.095738,0.644619,0.546776,0.000000,0.000000,0.000000,0.000000,0.000000,0.000000,nan,nan,nan,nan,nan,nan
1786089312461978998,2026-08-07T14:55:12.461997,prediction,-0.079017,0.868000,0.312541,True,-0.080461,0.685249,0.378838,0.001444,0.182751,0.066297,0.00,10,-0.095738,0.644619,0.546776,0.000000,0.000000,0.000000,0.000000,0.000000,0.000000,nan,nan,nan,nan,nan,nan
1786089312475813847,2026-08-07T14:55:12.475830,prediction,-0.079017,0.868000,0.312541,True,-0.072442,0.670764,0.373870,0.006574,0.197236,0.061329,0.00,10,-0.095738,0.644619,0.546776,0.000000,0.000000,0.000000,0.000000,0.000000,0.000000,nan,nan,nan,nan,nan,nan
1786089312495159796,2026-08-07T14:55:12.495180,prediction,-0.079674,0.863000,0.313163,True,-0.080325,0.685421,0.376564,0.000651,0.177579,0.063401,0.00,10,-0.095738,0.644619,0.546776,0.000000,0.000000,0.000000,0.000000,0.000000,0.000000,nan,nan,nan,nan,nan,nan
1786089312508643737,2026-08-07T14:55:12.508660,prediction,-0.079017,0.868000,0.310576,True,-0.072353,0.671026,0.371595,0.006664,0.196974,0.061020,0.00,10,-0.094859,0.646945,0.537073,0.000000,0.000000,0.000000,0.000000,0.000000,0.000000,nan,nan,nan,nan,nan,nan
1786089312528952770,2026-08-07T14:55:12.528981,prediction,-0.079017,0.868000,0.310576,True,-0.080185,0.685597,0.374229,0.001168,0.182403,0.063653,0.00,10,-0.094859,0.646945,0.537073,0.000000,0.000000,0.000000,0.000000,0.000000,0.000000,nan,nan,nan,nan,nan,nan
1786089312541509564,2026-08-07T14:55:12.541542,prediction,-0.079017,0.868000,0.310576,True,-0.072262,0.671295,0.369260,0.006755,0.196705,0.058684,0.00,10,-0.094859,0.646945,0.537073,0.000000,0.000000,0.000000,0.000000,0.000000,0.000000,nan,nan,nan,nan,nan,nan
1786089312562432989,2026-08-07T14:55:12.562452,prediction,-0.077572,0.879000,0.309226,True,-0.080042,0.685777,0.371833,0.002470,0.193223,0.062607,0.00,10,-0.094859,0.646945,0.537073,0.000000,0.000000,0.000000,0.000000,0.000000,0.000000,nan,nan,nan,nan,nan,nan
1786089312574480398,2026-08-07T14:55:12.574504,prediction,-0.077572,0.879000,0.309226,True,-0.072168,0.671571,0.366865,0.005404,0.207429,0.057639,0.00,10,-0.093990,0.649221,0.527388,0.000000,0.000000,0.000000,0.000000,0.000000,0.000000,nan,nan,nan,nan,nan,nan
1786089312595179372,2026-08-07T14:55:12.595200,prediction,-0.077572,0.879000,0.309226,True,-0.079895,0.685962,0.369378,0.002323,0.193038,0.060152,0.00,10,-0.093990,0.649221,0.527388,0.000000,0.000000,0.000000,0.000000,0.000000,0.000000,nan,nan,nan,nan,nan,nan
1786089312608108834,2026-08-07T14:55:12.608131,prediction,-0.077572,0.879000,0.309226,True,-0.072072,0.671853,0.364410,0.005500,0.207147,0.055184,0.00,10,-0.093990,0.649221,0.527388,0.000000,0.000000,0.000000,0.000000,0.000000,0.000000,nan,nan,nan,nan,nan,nan
1786089312629685203,2026-08-07T14:55:12.629720,prediction,-0.077309,0.881000,0.308980,True,-0.079744,0.686152,0.366863,0.002435,0.194848,0.057883,0.00,10,-0.093990,0.649221,0.527388,0.000000,0.000000,0.000000,0.000000,0.000000,0.000000,nan,nan,nan,nan,nan,nan
1786089312641177221,2026-08-07T14:55:12.641192,prediction,-0.077309,0.881000,0.308980,True,-0.071973,0.672143,0.361896,0.005336,0.208857,0.052916,0.00,10,-0.093121,0.651475,0.517590,0.000000,0.000000,0.000000,0.000000,0.000000,0.000000,nan,nan,nan,nan,nan,nan
1786089312662321630,2026-08-07T14:55:12.662394,prediction,-0.078229,0.874000,0.307884,True,-0.079590,0.686346,0.364290,0.001362,0.187654,0.056406,0.00,10,-0.093121,0.651475,0.517590,0.000000,0.000000,0.000000,0.000000,0.000000,0.000000,nan,nan,nan,nan,nan,nan
1786089312674999000,2026-08-07T14:55:12.675018,prediction,-0.078229,0.874000,0.307884,True,-0.071873,0.672439,0.359324,0.006356,0.201561,0.051440,0.00,10,-0.093121,0.651475,0.517590,0.000000,0.000000,0.000000,0.000000,0.000000,0.000000,nan,nan,nan,nan,nan,nan
1786089312695195973,2026-08-07T14:55:12.695216,prediction,-0.078491,0.872000,0.306168,True,-0.079433,0.686544,0.361659,0.000942,0.185456,0.055491,0.00,10,-0.093121,0.651475,0.517590,0.000000,0.000000,0.000000,0.000000,0.000000,0.000000,nan,nan,nan,nan,nan,nan
1786089312707913578,2026-08-07T14:55:12.707931,prediction,-0.078491,0.872000,0.306168,True,-0.071770,0.672741,0.356694,0.006722,0.199259,0.050526,0.00,10,-0.092271,0.653654,0.507903,0.000000,0.000000,0.000000,0.000000,0.000000,0.000000,nan,nan,nan,nan,nan,nan
1786089312728978958,2026-08-07T14:55:12.729097,prediction,-0.074461,0.888000,0.302325,True,-0.079272,0.686747,0.358970,0.004812,0.201253,0.056646,0.00,10,-0.092271,0.653654,0.507903,0.000000,0.000000,0.000000,0.000000,0.000000,0.000000,nan,nan,nan,nan,nan,nan
1786089312741425025,2026-08-07T14:55:12.741449,prediction,-0.074461,0.888000,0.302325,True,-0.071664,0.673051,0.354007,0.002796,0.214949,0.051682,0.00,10,-0.092271,0.653654,0.507903,0.000000,0.000000,0.000000,0.000000,0.000000,0.000000,nan,nan,nan,nan,nan,nan
1786089312763546996,2026-08-07T14:55:12.763599,prediction,-0.074979,0.884000,0.300857,True,-0.079108,0.686954,0.356226,0.004129,0.197046,0.055368,0.00,10,-0.092271,0.653654,0.507903,0.000000,0.000000,0.000000,0.000000,0.000000,0.000000,nan,nan,nan,nan,nan,nan
1786089312774489134,2026-08-07T14:55:12.774507,prediction,-0.074979,0.884000,0.300857,True,-0.071557,0.673366,0.351264,0.003422,0.210634,0.050406,0.00,10,-0.090961,0.654887,0.498122,0.000000,0.000000,0.000000,0.000000,0.000000,0.000000,nan,nan,nan,nan,nan,nan
1786089312795193177,2026-08-07T14:55:12.795210,prediction,-0.072531,0.888000,0.300393,True,-0.078941,0.687165,0.353425,0.006409,0.200835,0.053032,0.00,10,-0.090961,0.654887,0.498122,0.000000,0.000000,0.000000,0.000000,0.000000,0.000000,nan,nan,nan,nan,nan,nan
1786089312807857693,2026-08-07T14:55:12.807875,prediction,-0.072531,0.888000,0.300393,True,-0.071447,0.673689,0.348465,0.001084,0.214312,0.048072,0.00,10,-0.090961,0.654887,0.498122,0.000000,0.000000,0.000000,0.000000,0.000000,0.000000,nan,nan,nan,nan,nan,nan
1786089312830161324,2026-08-07T14:55:12.830184,prediction,-0.073684,0.879000,0.299491,True,-0.078770,0.687380,0.350569,0.005086,0.191620,0.051078,0.00,10,-0.090961,0.654887,0.498122,0.000000,0.000000,0.000000,0.000000,0.000000,0.000000,nan,nan,nan,nan,nan,nan
1786089312841538557,2026-08-07T14:55:12.841579,prediction,-0.073684,0.879000,0.299491,True,-0.071336,0.674017,0.345612,0.002348,0.204983,0.046121,0.00,10,-0.089670,0.656130,0.488224,0.000000,0.000000,0.000000,0.000000,0.000000,0.000000,nan,nan,nan,nan,nan,nan
1786089312862318202,2026-08-07T14:55:12.862389,prediction,-0.070602,0.888000,0.296529,True,-0.078596,0.687599,0.347660,0.007994,0.200401,0.051131,0.00,10,-0.089670,0.656130,0.488224,0.000000,0.000000,0.000000,0.000000,0.000000,0.000000,nan,nan,nan,nan,nan,nan
1786089312875055434,2026-08-07T14:55:12.875111,prediction,-0.070602,0.888000,0.296529,True,-0.071222,0.674352,0.342705,0.000620,0.213649,0.046177,0.00,10,-0.089670,0.656130,0.488224,0.000000,0.000000,0.000000,0.000000,0.000000,0.000000,nan,nan,nan,nan,nan,nan
1786089312895003010,2026-08-07T14:55:12.895017,prediction,-0.068672,0.888000,0.294597,True,-0.078419,0.687822,0.344697,0.009746,0.200178,0.050101,0.00,10,-0.089670,0.656130,0.488224,0.000000,0.000000,0.000000,0.000000,0.000000,0.000000,nan,nan,nan,nan,nan,nan
1786089312908251270,2026-08-07T14:55:12.908272,prediction,-0.068672,0.888000,0.294597,True,-0.071106,0.674692,0.339746,0.002434,0.213308,0.045149,0.00,10,-0.088910,0.658271,0.478529,0.000000,0.000000,0.000000,0.000000,0.000000,0.000000,nan,nan,nan,nan,nan,nan
1786089312928820801,2026-08-07T14:55:12.928835,prediction,-0.069546,0.881000,0.293431,True,-0.078238,0.688050,0.341682,0.008692,0.192950,0.048251,0.00,10,-0.088910,0.658271,0.478529,0.000000,0.000000,0.000000,0.000000,0.000000,0.000000,nan,nan,nan,nan,nan,nan
1786089312942611347,2026-08-07T14:55:12.942653,prediction,-0.069546,0.881000,0.293431,True,-0.070988,0.675039,0.336735,0.001442,0.205961,0.043303,0.00,10,-0.088910,0.658271,0.478529,0.000000,0.000000,0.000000,0.000000,0.000000,0.000000,nan,nan,nan,nan,nan,nan
1786089312961810751,2026-08-07T14:55:12.961825,prediction,-0.068672,0.888000,0.290732,True,-0.078055,0.688281,0.338616,0.009383,0.199719,0.047884,0.00,10,-0.088910,0.658271,0.478529,0.000000,0.000000,0.000000,0.000000,0.000000,0.000000,nan,nan,nan,nan,nan,nan
1786089312975202319,2026-08-07T14:55:12.975222,prediction,-0.068672,0.888000,0.290732,True,-0.070868,0.675391,0.333673,0.002196,0.212609,0.042941,0.00,10,-0.088154,0.660363,0.468776,0.000000,0.000000,0.000000,0.000000,0.000000,0.000000,nan,nan,nan,nan,nan,nan
1786089312995025422,2026-08-07T14:55:12.995041,prediction,-0.068423,0.890000,0.288588,True,-0.077868,0.688515,0.335500,0.009446,0.201485,0.046913,0.00,10,-0.088154,0.660363,0.468776,0.000000,0.000000,0.000000,0.000000,0.000000,0.000000,nan,nan,nan,nan,nan,nan
1786089313007896344,2026-08-07T14:55:13.007913,prediction,-0.068423,0.890000,0.288588,True,-0.070746,0.675749,0.330561,0.002323,0.214251,0.041974,0.00,10,-0.088154,0.660363,0.468776,0.000000,0.000000,0.000000,0.000000,0.000000,0.000000,nan,nan,nan,nan,nan,nan
1786089313028626026,2026-08-07T14:55:13.028643,prediction,-0.068922,0.886000,0.287077,True,-0.077679,0.688754,0.332335,0.008757,0.197246,0.045258,0.00,10,-0.088154,0.660363,0.468776,0.000000,0.000000,0.000000,0.000000,0.000000,0.000000,nan,nan,nan,nan,nan,nan
1786089313042452179,2026-08-07T14:55:13.042474,prediction,-0.068048,0.893000,0.284421,True,-0.070622,0.676113,0.327401,0.002574,0.216887,0.042980,0.00,10,-0.087405,0.662391,0.459029,0.000000,0.000000,0.000000,0.000000,0.000000,0.000000,nan,nan,nan,nan,nan,nan
1786089313062415995,2026-08-07T14:55:13.062433,prediction,-0.068048,0.893000,0.284421,True,-0.077487,0.688996,0.329122,0.009438,0.204004,0.044701,0.00,10,-0.087405,0.662391,0.459029,0.000000,0.000000,0.000000,0.000000,0.000000,0.000000,nan,nan,nan,nan,nan,nan
1786089313074563903,2026-08-07T14:55:13.074577,prediction,-0.068048,0.893000,0.284421,True,-0.070497,0.676482,0.324193,0.002448,0.216518,0.039772,0.00,10,-0.087405,0.662391,0.459029,0.000000,0.000000,0.000000,0.000000,0.000000,0.000000,nan,nan,nan,nan,nan,nan
1786089313095106955,2026-08-07T14:55:13.095123,prediction,-0.065388,0.899000,0.279975,True,-0.077292,0.689242,0.325863,0.011904,0.209758,0.045888,0.00,10,-0.087405,0.662391,0.459029,0.000000,0.000000,0.000000,0.000000,0.000000,0.000000,nan,nan,nan,nan,nan,nan
1786089313107910481,2026-08-07T14:55:13.107926,prediction,-0.065388,0.899000,0.279975,True,-0.070369,0.676857,0.320939,0.004981,0.222143,0.040965,0.00,10,-0.086663,0.664362,0.449253,0.000000,0.000000,0.000000,0.000000,0.000000,0.000000,nan,nan,nan,nan,nan,nan
1786089313128466207,2026-08-07T14:55:13.128480,prediction,-0.062045,0.895000,0.276532,True,-0.077094,0.689491,0.322557,0.015049,0.205509,0.046025,0.00,10,-0.086663,0.664362,0.449253,0.000000,0.000000,0.000000,0.000000,0.000000,0.000000,nan,nan,nan,nan,nan,nan
1786089313141727391,2026-08-07T14:55:13.141761,prediction,-0.062045,0.895000,0.276532,True,-0.070240,0.677237,0.317640,0.008195,0.217763,0.041108,0.00,10,-0.086663,0.664362,0.449253,0.000000,0.000000,0.000000,0.000000,0.000000,0.000000,nan,nan,nan,nan,nan,nan
1786089313162174733,2026-08-07T14:55:13.162190,prediction,-0.060718,0.890000,0.271228,True,-0.076894,0.689743,0.319207,0.016176,0.200257,0.047979,0.00,10,-0.086663,0.664362,0.449253,0.000000,0.000000,0.000000,0.000000,0.000000,0.000000,nan,nan,nan,nan,nan,nan
1786089313175574076,2026-08-07T14:55:13.175589,prediction,-0.058792,0.890000,0.269299,True,-0.070109,0.677622,0.314297,0.011317,0.212378,0.044998,0.00,10,-0.085929,0.666270,0.439477,0.000000,0.000000,0.000000,0.000000,0.000000,0.000000,nan,nan,nan,nan,nan,nan
1786089313195019962,2026-08-07T14:55:13.195034,prediction,-0.058792,0.890000,0.269299,True,-0.076691,0.689999,0.315814,0.017899,0.200001,0.046515,0.00,10,-0.085929,0.666270,0.439477,0.000000,0.000000,0.000000,0.000000,0.000000,0.000000,nan,nan,nan,nan,nan,nan
1786089313208224440,2026-08-07T14:55:13.208245,prediction,-0.058792,0.890000,0.269299,True,-0.069977,0.678011,0.310911,0.011185,0.211989,0.041612,0.00,10,-0.085929,0.666270,0.439477,0.000000,0.000000,0.000000,0.000000,0.000000,0.000000,nan,nan,nan,nan,nan,nan
1786089313228540356,2026-08-07T14:55:13.228557,prediction,-0.054373,0.895000,0.265009,True,-0.076485,0.690258,0.312379,0.022112,0.204742,0.047370,0.00,10,-0.085929,0.666270,0.439477,0.000000,0.000000,0.000000,0.000000,0.000000,0.000000,nan,nan,nan,nan,nan,nan
1786089313242680728,2026-08-07T14:55:13.242716,prediction,-0.054373,0.895000,0.265009,True,-0.069842,0.678406,0.307484,0.015469,0.216594,0.042475,0.00,10,-0.085199,0.668124,0.429657,0.000000,0.000000,0.000000,0.000000,0.000000,0.000000,nan,nan,nan,nan,nan,nan
1786089313261875152,2026-08-07T14:55:13.261892,prediction,-0.052518,0.877000,0.260717,True,-0.076277,0.690520,0.308903,0.023760,0.186480,0.048186,0.00,10,-0.085199,0.668124,0.429657,0.000000,0.000000,0.000000,0.000000,0.000000,0.000000,nan,nan,nan,nan,nan,nan
1786089313275551054,2026-08-07T14:55:13.275596,prediction,-0.048623,0.877000,0.258766,True,-0.069707,0.678805,0.304016,0.021084,0.198195,0.045250,0.00,10,-0.085199,0.668124,0.429657,0.000000,0.000000,0.000000,0.000000,0.000000,0.000000,nan,nan,nan,nan,nan,nan
1786089313295052173,2026-08-07T14:55:13.295068,prediction,-0.048623,0.877000,0.258766,True,-0.076067,0.690785,0.305388,0.027445,0.186215,0.046621,0.00,10,-0.085199,0.668124,0.429657,0.000000,0.000000,0.000000,0.000000,0.000000,0.000000,nan,nan,nan,nan,nan,nan
1786089313308404107,2026-08-07T14:55:13.308422,prediction,-0.048623,0.877000,0.258766,True,-0.069569,0.679209,0.300510,0.020947,0.197791,0.041743,0.00,10,-0.084479,0.669910,0.419860,0.000000,0.000000,0.000000,0.000000,0.000000,0.000000,nan,nan,nan,nan,nan,nan
1786089313328487728,2026-08-07T14:55:13.328505,prediction,-0.043383,0.890000,0.250011,True,-0.075855,0.691053,0.301834,0.032472,0.198947,0.051823,0.00,10,-0.084479,0.669910,0.419860,0.000000,0.000000,0.000000,0.000000,0.000000,0.000000,nan,nan,nan,nan,nan,nan
1786089313343035714,2026-08-07T14:55:13.343052,prediction,-0.043383,0.890000,0.250011,True,-0.069430,0.679617,0.296966,0.026048,0.210383,0.046955,0.00,10,-0.084479,0.669910,0.419860,0.000000,0.000000,0.000000,0.000000,0.000000,0.000000,nan,nan,nan,nan,nan,nan
1786089313361890181,2026-08-07T14:55:13.361906,prediction,-0.040265,0.863000,0.242128,True,-0.075640,0.691323,0.298244,0.035375,0.171677,0.056116,0.00,10,-0.084479,0.669910,0.419860,0.000000,0.000000,0.000000,0.000000,0.000000,0.000000,nan,nan,nan,nan,nan,nan
1786089313374772815,2026-08-07T14:55:13.374790,prediction,-0.040265,0.863000,0.242128,True,-0.069290,0.680029,0.293386,0.029026,0.182971,0.051258,0.00,10,-0.083765,0.671641,0.410032,0.000000,0.000000,0.000000,0.000000,0.000000,0.000000,nan,nan,nan,nan,nan,nan
1786089313395120651,2026-08-07T14:55:13.395137,prediction,-0.036324,0.863000,0.232262,True,-0.075423,0.691596,0.294619,0.039099,0.171404,0.062357,0.00,10,-0.083765,0.671641,0.410032,0.000000,0.000000,0.000000,0.000000,0.000000,0.000000,nan,nan,nan,nan,nan,nan
1786089313408005250,2026-08-07T14:55:13.408022,prediction,-0.036324,0.863000,0.232262,True,-0.069149,0.680445,0.289771,0.032825,0.182555,0.057509,0.00,10,-0.083765,0.671641,0.410032,0.000000,0.000000,0.000000,0.000000,0.000000,0.000000,nan,nan,nan,nan,nan,nan
1786089313428596021,2026-08-07T14:55:13.428614,prediction,-0.036514,0.861000,0.220517,True,-0.075204,0.691872,0.290960,0.038690,0.169128,0.070443,0.00,10,-0.083765,0.671641,0.410032,0.000000,0.000000,0.000000,0.000000,0.000000,0.000000,nan,nan,nan,nan,nan,nan
1786089313442848233,2026-08-07T14:55:13.442872,prediction,-0.036514,0.861000,0.220517,True,-0.069006,0.680865,0.286123,0.032492,0.180135,0.065606,0.00,10,-0.083057,0.673313,0.400189,0.000000,0.000000,0.000000,0.000000,0.000000,0.000000,nan,nan,nan,nan,nan,nan
1786089313461915599,2026-08-07T14:55:13.461933,prediction,-0.036324,0.863000,0.208584,True,-0.074983,0.692150,0.287268,0.038660,0.170850,0.078684,0.00,10,-0.083057,0.673313,0.400189,0.000000,0.000000,0.000000,0.000000,0.000000,0.000000,nan,nan,nan,nan,nan,nan
1786089313475211819,2026-08-07T14:55:13.475235,prediction,-0.034166,0.865000,0.198660,True,-0.068862,0.681288,0.282443,0.034696,0.183712,0.083784,0.00,10,-0.083057,0.673313,0.400189,0.000000,0.000000,0.000000,0.000000,0.000000,0.000000,nan,nan,nan,nan,nan,nan
1786089313494996529,2026-08-07T14:55:13.495011,prediction,-0.034166,0.865000,0.198660,True,-0.074761,0.692431,0.283545,0.040594,0.172569,0.084886,0.00,10,-0.083057,0.673313,0.400189,0.000000,0.000000,0.000000,0.000000,0.000000,0.000000,nan,nan,nan,nan,nan,nan
1786089313507982488,2026-08-07T14:55:13.508019,prediction,-0.034166,0.865000,0.198660,True,-0.068716,0.681715,0.278733,0.034550,0.183285,0.080073,0.00,10,-0.082350,0.674943,0.390245,0.000000,0.000000,0.000000,0.000000,0.000000,0.000000,nan,nan,nan,nan,nan,nan
1786089313529485559,2026-08-07T14:55:13.529531,prediction,-0.034166,0.865000,0.184870,True,-0.074536,0.692714,0.279793,0.040370,0.172286,0.094923,0.00,10,-0.082350,0.674943,0.390245,0.000000,0.000000,0.000000,0.000000,0.000000,0.000000,nan,nan,nan,nan,nan,nan
1786089313542052872,2026-08-07T14:55:13.542074,prediction,-0.034166,0.865000,0.184870,True,-0.068570,0.682146,0.274994,0.034404,0.182854,0.090124,0.00,10,-0.082350,0.674943,0.390245,0.000000,0.000000,0.000000,0.000000,0.000000,0.000000,nan,nan,nan,nan,nan,nan
1786089313563821281,2026-08-07T14:55:13.563841,prediction,-0.033303,0.853000,0.175133,True,-0.074310,0.692999,0.276013,0.041007,0.160001,0.100880,0.00,10,-0.082350,0.674943,0.390245,0.000000,0.000000,0.000000,0.000000,0.000000,0.000000,nan,nan,nan,nan,nan,nan
1786089313574991496,2026-08-07T14:55:13.575008,prediction,-0.033303,0.853000,0.175133,True,-0.068422,0.682579,0.271228,0.035120,0.170421,0.096094,0.00,10,-0.081177,0.675556,0.380435,0.000000,0.000000,0.000000,0.000000,0.000000,0.000000,nan,nan,nan,nan,nan,nan
1786089313595131082,2026-08-07T14:55:13.595153,prediction,-0.034353,0.863000,0.153335,True,-0.074082,0.693286,0.272206,0.039729,0.169714,0.118871,0.00,10,-0.081177,0.675556,0.380435,0.000000,0.000000,0.000000,0.000000,0.000000,0.000000,nan,nan,nan,nan,nan,nan
1786089313608233128,2026-08-07T14:55:13.608261,prediction,-0.034353,0.863000,0.153335,True,-0.068274,0.683016,0.267435,0.033921,0.179984,0.114101,0.00,10,-0.081177,0.675556,0.380435,0.000000,0.000000,0.000000,0.000000,0.000000,0.000000,nan,nan,nan,nan,nan,nan
1786089313628504481,2026-08-07T14:55:13.628519,prediction,-0.032567,0.861000,0.145411,True,-0.073853,0.693574,0.268374,0.041286,0.167426,0.122963,0.00,10,-0.081177,0.675556,0.380435,0.000000,0.000000,0.000000,0.000000,0.000000,0.000000,nan,nan,nan,nan,nan,nan
1786089313641858769,2026-08-07T14:55:13.641876,prediction,-0.032567,0.861000,0.145411,True,-0.068124,0.683455,0.263618,0.035558,0.177545,0.118207,0.00,10,-0.080533,0.677139,0.370590,0.000000,0.000000,0.000000,0.000000,0.000000,0.000000,nan,nan,nan,nan,nan,nan
1786089313661961355,2026-08-07T14:55:13.661983,prediction,-0.032567,0.861000,0.133552,True,-0.073623,0.693865,0.264519,0.041056,0.167135,0.130966,0.00,10,-0.080533,0.677139,0.370590,0.000000,0.000000,0.000000,0.000000,0.000000,0.000000,nan,nan,nan,nan,nan,nan
1786089313675462469,2026-08-07T14:55:13.675477,prediction,-0.032567,0.861000,0.133552,True,-0.067974,0.683897,0.259779,0.035407,0.177103,0.126226,0.00,10,-0.080533,0.677139,0.370590,0.000000,0.000000,0.000000,0.000000,0.000000,0.000000,nan,nan,nan,nan,nan,nan
1786089313695206333,2026-08-07T14:55:13.695230,prediction,-0.031316,0.853000,0.125393,True,-0.073391,0.694157,0.260641,0.042075,0.158843,0.135249,0.00,10,-0.080533,0.677139,0.370590,0.000000,0.000000,0.000000,0.000000,0.000000,0.000000,nan,nan,nan,nan,nan,nan
1786089313708724910,2026-08-07T14:55:13.708740,prediction,-0.031316,0.853000,0.125393,True,-0.067823,0.684342,0.255918,0.036507,0.168658,0.130525,0.00,10,-0.079892,0.678667,0.360720,0.000000,0.000000,0.000000,0.000000,0.000000,0.000000,nan,nan,nan,nan,nan,nan
1786089313728456962,2026-08-07T14:55:13.728513,prediction,-0.029329,0.853000,0.119424,True,-0.073157,0.694451,0.256744,0.043829,0.158549,0.137320,0.00,10,-0.079892,0.678667,0.360720,0.000000,0.000000,0.000000,0.000000,0.000000,0.000000,nan,nan,nan,nan,nan,nan
1786089313741356758,2026-08-07T14:55:13.741373,prediction,-0.029329,0.853000,0.119424,True,-0.067671,0.684788,0.252038,0.038342,0.168212,0.132614,0.00,10,-0.079892,0.678667,0.360720,0.000000,0.000000,0.000000,0.000000,0.000000,0.000000,nan,nan,nan,nan,nan,nan
1786089313761944233,2026-08-07T14:55:13.761967,prediction,-0.025127,0.832000,0.116630,True,-0.072923,0.694746,0.252827,0.047796,0.137254,0.136197,0.00,10,-0.079892,0.678667,0.360720,0.000000,0.000000,0.000000,0.000000,0.000000,0.000000,nan,nan,nan,nan,nan,nan
1786089313774420917,2026-08-07T14:55:13.774441,prediction,-0.025127,0.832000,0.116630,True,-0.067518,0.685237,0.248139,0.042391,0.146763,0.131509,0.00,10,-0.079250,0.680148,0.350778,0.000000,0.000000,0.000000,0.000000,0.000000,0.000000,nan,nan,nan,nan,nan,nan
1786089313795144287,2026-08-07T14:55:13.795159,prediction,-0.020088,0.819000,0.112042,True,-0.072688,0.695042,0.248894,0.052600,0.123958,0.136852,0.00,10,-0.079250,0.680148,0.350778,0.000000,0.000000,0.000000,0.000000,0.000000,0.000000,nan,nan,nan,nan,nan,nan
1786089313809033008,2026-08-07T14:55:13.809062,prediction,-0.020088,0.819000,0.112042,True,-0.067365,0.685688,0.244225,0.047277,0.133313,0.132183,0.00,10,-0.079250,0.680148,0.350778,0.000000,0.000000,0.000000,0.000000,0.000000,0.000000,nan,nan,nan,nan,nan,nan
1786089313828725535,2026-08-07T14:55:13.828745,prediction,-0.017514,0.799000,0.109132,True,-0.072452,0.695340,0.244944,0.054937,0.103660,0.135812,0.00,10,-0.079250,0.680148,0.350778,0.000000,0.000000,0.000000,0.000000,0.000000,0.000000,nan,nan,nan,nan,nan,nan
1786089313841233127,2026-08-07T14:55:13.841246,prediction,-0.017514,0.799000,0.109132,True,-0.067211,0.686140,0.240295,0.049697,0.112860,0.131163,0.00,10,-0.078620,0.681556,0.340972,0.000000,0.000000,0.000000,0.000000,0.000000,0.000000,nan,nan,nan,nan,nan,nan
1786089313862269824,2026-08-07T14:55:13.862283,prediction,-0.015550,0.797500,0.100744,True,-0.072215,0.695639,0.240981,0.056665,0.101861,0.140237,0.00,10,-0.078620,0.681556,0.340972,0.000000,0.000000,0.000000,0.000000,0.000000,0.000000,nan,nan,nan,nan,nan,nan
1786089313874422360,2026-08-07T14:55:13.874435,prediction,-0.015550,0.797500,0.100744,True,-0.067057,0.686594,0.236352,0.051507,0.110906,0.135608,0.00,10,-0.078620,0.681556,0.340972,0.000000,0.000000,0.000000,0.000000,0.000000,0.000000,nan,nan,nan,nan,nan,nan
1786089313895051153,2026-08-07T14:55:13.895066,prediction,-0.010523,0.780000,0.095654,True,-0.071977,0.695938,0.237006,0.061453,0.084062,0.141352,0.00,10,-0.078620,0.681556,0.340972,0.000000,0.000000,0.000000,0.000000,0.000000,0.000000,nan,nan,nan,nan,nan,nan
1786089313908133682,2026-08-07T14:55:13.908151,prediction,-0.010523,0.780000,0.095654,True,-0.066902,0.687049,0.232398,0.056378,0.092951,0.136744,0.00,10,-0.077988,0.682924,0.331082,0.000000,0.000000,0.000000,0.000000,0.000000,0.000000,nan,nan,nan,nan,nan,nan
1786089313928590783,2026-08-07T14:55:13.928607,prediction,-0.003470,0.758000,0.092340,True,-0.071738,0.696239,0.233019,0.068268,0.061761,0.140679,0.00,10,-0.077988,0.682924,0.331082,0.000000,0.000000,0.000000,0.000000,0.000000,0.000000,nan,nan,nan,nan,nan,nan
1786089313941769252,2026-08-07T14:55:13.941794,prediction,-0.003470,0.758000,0.092340,True,-0.066746,0.687505,0.228433,0.063276,0.070495,0.136093,0.00,10,-0.077988,0.682924,0.331082,0.000000,0.000000,0.000000,0.000000,0.000000,0.000000,nan,nan,nan,nan,nan,nan
1786089313962128279,2026-08-07T14:55:13.962143,prediction,0.000164,0.747000,0.087411,True,-0.071499,0.696540,0.229024,0.071664,0.050460,0.141613,0.00,10,-0.077988,0.682924,0.331082,0.000000,0.000000,0.000000,0.000000,0.000000,0.000000,nan,nan,nan,nan,nan,nan
1786089313974355736,2026-08-07T14:55:13.974371,prediction,0.000164,0.747000,0.087411,True,-0.066591,0.687963,0.224461,0.066755,0.059037,0.137050,0.00,10,-0.077359,0.684243,0.321193,0.000000,0.000000,0.000000,0.000000,0.000000,0.000000,nan,nan,nan,nan,nan,nan
1786089313995217485,2026-08-07T14:55:13.995235,prediction,0.008650,0.744000,0.078562,True,-0.071260,0.696842,0.225021,0.079909,0.047158,0.146459,0.00,10,-0.077359,0.684243,0.321193,0.000000,0.000000,0.000000,0.000000,0.000000,0.000000,nan,nan,nan,nan,nan,nan
1786089314008911801,2026-08-07T14:55:14.008936,prediction,0.008650,0.744000,0.078562,True,-0.066435,0.688421,0.220481,0.075085,0.055579,0.141919,0.00,10,-0.077359,0.684243,0.321193,0.000000,0.000000,0.000000,0.000000,0.000000,0.000000,nan,nan,nan,nan,nan,nan
1786089314028790157,2026-08-07T14:55:14.028811,prediction,0.018990,0.733000,0.071291,True,-0.071020,0.697144,0.221013,0.090010,0.035856,0.149721,0.00,10,-0.077359,0.684243,0.321193,0.000000,0.000000,0.000000,0.000000,0.000000,0.000000,nan,nan,nan,nan,nan,nan
1786089314042537884,2026-08-07T14:55:14.042553,prediction,0.025659,0.736000,0.060591,True,-0.066279,0.688879,0.216497,0.091938,0.047121,0.155906,0.00,10,-0.076733,0.685518,0.311297,0.000000,0.000000,0.000000,0.000000,0.000000,0.000000,nan,nan,nan,nan,nan,nan
1786089314061920681,2026-08-07T14:55:14.061942,prediction,0.025659,0.736000,0.060591,True,-0.070780,0.697446,0.217000,0.096439,0.038554,0.156409,0.00,10,-0.076733,0.685518,0.311297,0.000000,0.000000,0.000000,0.000000,0.000000,0.000000,nan,nan,nan,nan,nan,nan
1786089314075308503,2026-08-07T14:55:14.075356,prediction,0.025659,0.736000,0.060591,True,-0.066123,0.689338,0.212509,0.091782,0.046662,0.151919,0.00,10,-0.076733,0.685518,0.311297,0.000000,0.000000,0.000000,0.000000,0.000000,0.000000,nan,nan,nan,nan,nan,nan
1786089314095112640,2026-08-07T14:55:14.095130,prediction,0.034375,0.736000,0.049682,True,-0.070540,0.697749,0.212985,0.104914,0.038251,0.163303,0.00,10,-0.076733,0.685518,0.311297,0.000000,0.000000,0.000000,0.000000,0.000000,0.000000,nan,nan,nan,nan,nan,nan
1786089314108504469,2026-08-07T14:55:14.108524,prediction,0.034375,0.736000,0.049682,True,-0.065967,0.689797,0.208520,0.100341,0.046203,0.158839,0.00,10,-0.076109,0.686750,0.301394,0.000000,0.000000,0.000000,0.000000,0.000000,0.000000,nan,nan,nan,nan,nan,nan
1786089314128513350,2026-08-07T14:55:14.128533,prediction,0.042932,0.730000,0.040399,True,-0.070300,0.698051,0.208969,0.113231,0.031949,0.168570,0.00,10,-0.076109,0.686750,0.301394,0.000000,0.000000,0.000000,0.000000,0.000000,0.000000,nan,nan,nan,nan,nan,nan
1786089314141530867,2026-08-07T14:55:14.141556,prediction,0.042932,0.730000,0.040399,True,-0.065810,0.690257,0.204531,0.108742,0.039743,0.164132,0.00,10,-0.076109,0.686750,0.301394,0.000000,0.000000,0.000000,0.000000,0.000000,0.000000,nan,nan,nan,nan,nan,nan
1786089314161874966,2026-08-07T14:55:14.161890,prediction,0.055866,0.718000,0.037078,True,-0.070060,0.698354,0.204954,0.125925,0.019646,0.167876,0.00,10,-0.076109,0.686750,0.301394,0.000000,0.000000,0.000000,0.000000,0.000000,0.000000,nan,nan,nan,nan,nan,nan
1786089314175966677,2026-08-07T14:55:14.176019,prediction,0.055866,0.718000,0.037078,True,-0.065654,0.690716,0.200543,0.121520,0.027284,0.163465,0.00,10,-0.075487,0.687943,0.291478,0.000000,0.000000,0.000000,0.000000,0.000000,0.000000,nan,nan,nan,nan,nan,nan
1786089314195051446,2026-08-07T14:55:14.195066,prediction,0.064431,0.691000,0.036792,True,-0.069820,0.698656,0.200941,0.134250,0.007656,0.164150,0.00,10,-0.075487,0.687943,0.291478,0.000000,0.000000,0.000000,0.000000,0.000000,0.000000,nan,nan,nan,nan,nan,nan
1786089314208133875,2026-08-07T14:55:14.208161,prediction,0.064431,0.691000,0.036792,True,-0.065498,0.691174,0.196559,0.129929,0.000174,0.159767,0.00,10,-0.075487,0.687943,0.291478,0.000000,0.000000,0.000000,0.000000,0.000000,0.000000,nan,nan,nan,nan,nan,nan
1786089314228565158,2026-08-07T14:55:14.228585,prediction,0.075651,0.666000,0.034479,True,-0.069580,0.698958,0.196933,0.145231,0.032958,0.162454,0.00,10,-0.075487,0.687943,0.291478,0.000000,0.000000,0.000000,0.000000,0.000000,0.000000,nan,nan,nan,nan,nan,nan
1786089314242749713,2026-08-07T14:55:14.242763,prediction,0.075651,0.666000,0.034479,True,-0.065342,0.691632,0.192580,0.140993,0.025632,0.158101,0.00,10,-0.074869,0.689096,0.281578,0.000000,0.000000,0.000000,0.000000,0.000000,0.000000,nan,nan,nan,nan,nan,nan
1786089314261987769,2026-08-07T14:55:14.262011,prediction,0.082583,0.650000,0.032999,True,-0.069340,0.699260,0.192930,0.151923,0.049260,0.159931,0.00,10,-0.074869,0.689096,0.281578,0.000000,0.000000,0.000000,0.000000,0.000000,0.000000,nan,nan,nan,nan,nan,nan
1786089314275905564,2026-08-07T14:55:14.275953,prediction,0.082583,0.650000,0.032999,True,-0.065187,0.692090,0.188607,0.147770,0.042090,0.155608,0.00,10,-0.074869,0.689096,0.281578,0.000000,0.000000,0.000000,0.000000,0.000000,0.000000,nan,nan,nan,nan,nan,nan
1786089314295035768,2026-08-07T14:55:14.295053,prediction,0.089518,0.653000,0.030958,True,-0.069101,0.699561,0.188935,0.158620,0.046561,0.157976,0.00,10,-0.074869,0.689096,0.281578,0.000000,0.000000,0.000000,0.000000,0.000000,0.000000,nan,nan,nan,nan,nan,nan
1786089314308042175,2026-08-07T14:55:14.308066,prediction,0.089518,0.653000,0.030958,True,-0.065031,0.692546,0.184643,0.154550,0.039546,0.153684,0.00,10,-0.074247,0.690225,0.271584,0.000000,0.000000,0.000000,0.000000,0.000000,0.000000,nan,nan,nan,nan,nan,nan
1786089314328518492,2026-08-07T14:55:14.328543,prediction,0.094217,0.647000,0.025737,True,-0.068863,0.699862,0.184948,0.163080,0.052862,0.159211,0.00,10,-0.074247,0.690225,0.271584,0.000000,0.000000,0.000000,0.000000,0.000000,0.000000,nan,nan,nan,nan,nan,nan
1786089314342574386,2026-08-07T14:55:14.342592,prediction,0.094217,0.647000,0.025737,True,-0.064877,0.693001,0.180688,0.159093,0.046001,0.154951,0.00,10,-0.074247,0.690225,0.271584,0.000000,0.000000,0.000000,0.000000,0.000000,0.000000,nan,nan,nan,nan,nan,nan
1786089314363515794,2026-08-07T14:55:14.363535,prediction,0.101142,0.650000,0.023706,True,-0.068625,0.700161,0.180973,0.169767,0.050161,0.157266,0.00,10,-0.074247,0.690225,0.271584,0.000000,0.000000,0.000000,0.000000,0.000000,0.000000,nan,nan,nan,nan,nan,nan
1786089314375990955,2026-08-07T14:55:14.376009,prediction,0.101142,0.650000,0.023706,True,-0.064722,0.693455,0.176745,0.165864,0.043455,0.153039,0.00,10,-0.073633,0.691310,0.261688,0.000000,0.000000,0.000000,0.000000,0.000000,0.000000,nan,nan,nan,nan,nan,nan
1786089314395293623,2026-08-07T14:55:14.395311,prediction,0.105527,0.663000,0.020391,True,-0.068388,0.700460,0.177010,0.173915,0.037460,0.156619,0.00,10,-0.073633,0.691310,0.261688,0.000000,0.000000,0.000000,0.000000,0.000000,0.000000,nan,nan,nan,nan,nan,nan
1786089314408223366,2026-08-07T14:55:14.408240,prediction,0.105527,0.663000,0.020391,True,-0.064568,0.693907,0.172816,0.170095,0.030907,0.152425,0.00,10,-0.073633,0.691310,0.261688,0.000000,0.000000,0.000000,0.000000,0.000000,0.000000,nan,nan,nan,nan,nan,nan
1786089314428911550,2026-08-07T14:55:14.428927,prediction,0.110353,0.653000,0.019367,True,-0.068152,0.700758,0.173060,0.178505,0.047757,0.153693,0.00,10,-0.073633,0.691310,0.261688,0.000000,0.000000,0.000000,0.000000,0.000000,0.000000,nan,nan,nan,nan,nan,nan
1786089314444328514,2026-08-07T14:55:14.444346,prediction,0.110353,0.653000,0.019367,True,-0.064415,0.694358,0.168901,0.174768,0.041358,0.149534,0.00,10,-0.073021,0.692364,0.251803,0.000000,0.000000,0.000000,0.000000,0.000000,0.000000,nan,nan,nan,nan,nan,nan
1786089314462218654,2026-08-07T14:55:14.462235,prediction,0.116659,0.676000,0.017161,True,-0.067917,0.701054,0.169127,0.184575,0.025054,0.151966,0.00,10,-0.073021,0.692364,0.251803,0.000000,0.000000,0.000000,0.000000,0.000000,0.000000,nan,nan,nan,nan,nan,nan
1786089314475473577,2026-08-07T14:55:14.475504,prediction,0.116659,0.676000,0.017161,True,-0.064262,0.694807,0.165002,0.180921,0.018807,0.147842,0.00,10,-0.073021,0.692364,0.251803,0.000000,0.000000,0.000000,0.000000,0.000000,0.000000,nan,nan,nan,nan,nan,nan
1786089314495014330,2026-08-07T14:55:14.495030,prediction,0.121710,0.660000,0.013164,True,-0.067682,0.701349,0.165210,0.189393,0.041349,0.152047,0.00,10,-0.073021,0.692364,0.251803,0.000000,0.000000,0.000000,0.000000,0.000000,0.000000,nan,nan,nan,nan,nan,nan
1786089314507953251,2026-08-07T14:55:14.507974,prediction,0.121710,0.660000,0.013164,True,-0.064110,0.695253,0.161122,0.185821,0.035253,0.147958,0.00,10,-0.072409,0.693395,0.241872,0.000000,0.000000,0.000000,0.000000,0.000000,0.000000,nan,nan,nan,nan,nan,nan
1786089314528755689,2026-08-07T14:55:14.528771,prediction,0.123916,0.663000,0.011184,True,-0.067449,0.701643,0.161313,0.191365,0.038643,0.150129,0.00,10,-0.072409,0.693395,0.241872,0.000000,0.000000,0.000000,0.000000,0.000000,0.000000,nan,nan,nan,nan,nan,nan
1786089314542218831,2026-08-07T14:55:14.542259,prediction,0.123916,0.663000,0.011184,True,-0.063959,0.695698,0.157261,0.187875,0.032698,0.146078,0.00,10,-0.072409,0.693395,0.241872,0.000000,0.000000,0.000000,0.000000,0.000000,0.000000,nan,nan,nan,nan,nan,nan
1786089314561948008,2026-08-07T14:55:14.561972,prediction,0.123719,0.669000,0.009545,True,-0.067217,0.701935,0.157435,0.190937,0.032935,0.147890,0.00,10,-0.072409,0.693395,0.241872,0.000000,0.000000,0.000000,0.000000,0.000000,0.000000,nan,nan,nan,nan,nan,nan
1786089314574355753,2026-08-07T14:55:14.574373,prediction,0.123719,0.669000,0.009545,True,-0.063809,0.696140,0.153422,0.187528,0.027140,0.143876,0.00,10,-0.071799,0.694397,0.231958,0.000000,0.000000,0.000000,0.000000,0.000000,0.000000,nan,nan,nan,nan,nan,nan
1786089314594996087,2026-08-07T14:55:14.595010,prediction,0.125768,0.676000,0.008039,True,-0.066987,0.702226,0.153580,0.192754,0.026226,0.145541,0.00,10,-0.071799,0.694397,0.231958,0.000000,0.000000,0.000000,0.000000,0.000000,0.000000,nan,nan,nan,nan,nan,nan
1786089314608050795,2026-08-07T14:55:14.608067,prediction,0.125768,0.676000,0.008039,True,-0.063659,0.696579,0.149605,0.189427,0.020579,0.141566,0.00,10,-0.071799,0.694397,0.231958,0.000000,0.000000,0.000000,0.000000,0.000000,0.000000,nan,nan,nan,nan,nan,nan
1786089314628535387,2026-08-07T14:55:14.628555,prediction,0.127721,0.685000,0.006783,True,-0.066757,0.702514,0.149748,0.194478,0.017514,0.142965,0.00,10,-0.071799,0.694397,0.231958,0.000000,0.000000,0.000000,0.000000,0.000000,0.000000,nan,nan,nan,nan,nan,nan
1786089314641814305,2026-08-07T14:55:14.641842,prediction,0.127721,0.685000,0.006783,True,-0.063511,0.697016,0.145813,0.191231,0.012016,0.139029,0.00,10,-0.071190,0.695379,0.222019,0.000000,0.000000,0.000000,0.000000,0.000000,0.000000,nan,nan,nan,nan,nan,nan
1786089314661891674,2026-08-07T14:55:14.661909,prediction,0.127505,0.691000,0.007467,True,-0.066530,0.702801,0.145941,0.194034,0.011801,0.138475,0.00,10,-0.071190,0.695379,0.222019,0.000000,0.000000,0.000000,0.000000,0.000000,0.000000,nan,nan,nan,nan,nan,nan
1786089314674473334,2026-08-07T14:55:14.674489,prediction,0.127505,0.691000,0.007467,True,-0.063363,0.697449,0.142046,0.190868,0.006449,0.134580,0.00,10,-0.071190,0.695379,0.222019,0.000000,0.000000,0.000000,0.000000,0.000000,0.000000,nan,nan,nan,nan,nan,nan
1786089314695382973,2026-08-07T14:55:14.695412,prediction,0.127181,0.700000,0.008491,True,-0.066304,0.703086,0.142161,0.193484,0.003086,0.133670,0.00,10,-0.071190,0.695379,0.222019,0.000000,0.000000,0.000000,0.000000,0.000000,0.000000,nan,nan,nan,nan,nan,nan
1786089314708076424,2026-08-07T14:55:14.708101,prediction,0.127181,0.700000,0.008491,True,-0.063217,0.697880,0.138307,0.190397,0.002120,0.129816,0.00,10,-0.070579,0.696342,0.212039,0.000000,0.000000,0.000000,0.000000,0.000000,0.000000,nan,nan,nan,nan,nan,nan
1786089314728702541,2026-08-07T14:55:14.728724,prediction,0.127289,0.697000,0.010396,True,-0.066079,0.703369,0.138409,0.193368,0.006369,0.128013,0.00,10,-0.070579,0.696342,0.212039,0.000000,0.000000,0.000000,0.000000,0.000000,0.000000,nan,nan,nan,nan,nan,nan
1786089314741447749,2026-08-07T14:55:14.741468,prediction,0.127289,0.697000,0.010396,True,-0.063071,0.698307,0.134597,0.190360,0.001307,0.124201,0.00,10,-0.070579,0.696342,0.212039,0.000000,0.000000,0.000000,0.000000,0.000000,0.000000,nan,nan,nan,nan,nan,nan
1786089314762229538,2026-08-07T14:55:14.762243,prediction,0.127505,0.691000,0.007467,True,-0.065856,0.703650,0.134686,0.193361,0.012649,0.127219,0.00,10,-0.070579,0.696342,0.212039,0.000000,0.000000,0.000000,0.000000,0.000000,0.000000,nan,nan,nan,nan,nan,nan
1786089314774428301,2026-08-07T14:55:14.774442,prediction,0.127505,0.691000,0.007467,True,-0.062927,0.698730,0.130917,0.190432,0.007730,0.123451,0.00,10,-0.069974,0.697278,0.202130,0.000000,0.000000,0.000000,0.000000,0.000000,0.000000,nan,nan,nan,nan,nan,nan
1786089314795196986,2026-08-07T14:55:14.795215,prediction,0.126857,0.709000,0.009516,True,-0.065636,0.703928,0.130994,0.192492,0.005072,0.121478,0.00,10,-0.069974,0.697278,0.202130,0.000000,0.000000,0.000000,0.000000,0.000000,0.000000,nan,nan,nan,nan,nan,nan
1786089314809097048,2026-08-07T14:55:14.809151,prediction,0.126857,0.709000,0.009516,True,-0.062784,0.699150,0.127269,0.189641,0.009850,0.117753,0.00,10,-0.069974,0.697278,0.202130,0.000000,0.000000,0.000000,0.000000,0.000000,0.000000,nan,nan,nan,nan,nan,nan
1786089314828543976,2026-08-07T14:55:14.828562,prediction,0.126749,0.712000,0.007636,True,-0.065417,0.704204,0.127335,0.192165,0.007796,0.119699,0.00,10,-0.069974,0.697278,0.202130,0.000000,0.000000,0.000000,0.000000,0.000000,0.000000,nan,nan,nan,nan,nan,nan
1786089314842316077,2026-08-07T14:55:14.842361,prediction,0.126749,0.712000,0.007636,True,-0.062643,0.699566,0.123654,0.189391,0.012434,0.116018,0.00,10,-0.069370,0.698197,0.192208,0.000000,0.000000,0.000000,0.000000,0.000000,0.000000,nan,nan,nan,nan,nan,nan
1786089314861873322,2026-08-07T14:55:14.861887,prediction,0.126100,0.730000,0.009715,True,-0.065200,0.704477,0.123710,0.191300,0.025523,0.113994,0.00,10,-0.069370,0.698197,0.192208,0.000000,0.000000,0.000000,0.000000,0.000000,0.000000,nan,nan,nan,nan,nan,nan
1786089314876821348,2026-08-07T14:55:14.876853,prediction,0.126100,0.730000,0.009715,True,-0.062503,0.699978,0.120074,0.188603,0.030022,0.110359,0.00,10,-0.069370,0.698197,0.192208,0.000000,0.000000,0.000000,0.000000,0.000000,0.000000,nan,nan,nan,nan,nan,nan
1786089314895109724,2026-08-07T14:55:14.895129,prediction,0.125776,0.739000,0.010755,True,-0.064985,0.704747,0.120120,0.190762,0.034253,0.109365,0.00,10,-0.069370,0.698197,0.192208,0.000000,0.000000,0.000000,0.000000,0.000000,0.000000,nan,nan,nan,nan,nan,nan
1786089314908503567,2026-08-07T14:55:14.908521,prediction,0.125776,0.739000,0.010755,True,-0.062364,0.700386,0.116531,0.188140,0.038614,0.105776,0.00,10,-0.068765,0.699100,0.182271,0.000000,0.000000,0.000000,0.000000,0.000000,0.000000,nan,nan,nan,nan,nan,nan
1786089314928495125,2026-08-07T14:55:14.928511,prediction,0.125488,0.747000,0.009515,True,-0.064773,0.705015,0.116566,0.190261,0.041985,0.107051,0.00,10,-0.068765,0.699100,0.182271,0.000000,0.000000,0.000000,0.000000,0.000000,0.000000,nan,nan,nan,nan,nan,nan
1786089314941507242,2026-08-07T14:55:14.941580,prediction,0.125488,0.747000,0.009515,True,-0.062227,0.700790,0.113024,0.187715,0.046210,0.103509,0.00,10,-0.068765,0.699100,0.182271,0.000000,0.000000,0.000000,0.000000,0.000000,0.000000,nan,nan,nan,nan,nan,nan
1786089314961878643,2026-08-07T14:55:14.961892,prediction,0.123431,0.744000,0.006995,True,-0.064562,0.705280,0.113051,0.187993,0.038720,0.106056,0.00,10,-0.068765,0.699100,0.182271,0.000000,0.000000,0.000000,0.000000,0.000000,0.000000,nan,nan,nan,nan,nan,nan
1786089314974724699,2026-08-07T14:55:14.974742,prediction,0.123431,0.744000,0.006995,True,-0.062091,0.701189,0.109557,0.185521,0.042811,0.102562,0.00,10,-0.068161,0.699988,0.172321,0.000000,0.000000,0.000000,0.000000,0.000000,0.000000,nan,nan,nan,nan,nan,nan
1786089314995111909,2026-08-07T14:55:14.995126,prediction,0.123018,0.756000,0.004123,True,-0.064354,0.705542,0.109575,0.187373,0.050458,0.105453,0.00,10,-0.068161,0.699988,0.172321,0.000000,0.000000,0.000000,0.000000,0.000000,0.000000,nan,nan,nan,nan,nan,nan
1786089315008088961,2026-08-07T14:55:15.008117,prediction,0.123018,0.756000,0.004123,True,-0.061956,0.701584,0.106129,0.184975,0.054416,0.102007,0.00,10,-0.068161,0.699988,0.172321,0.000000,0.000000,0.000000,0.000000,0.000000,0.000000,nan,nan,nan,nan,nan,nan
1786089315028615622,2026-08-07T14:55:15.028631,prediction,0.120709,0.761000,0.002592,True,-0.064149,0.705801,0.106140,0.184858,0.055199,0.103548,0.00,10,-0.068161,0.699988,0.172321,0.000000,0.000000,0.000000,0.000000,0.000000,0.000000,nan,nan,nan,nan,nan,nan
1786089315042175186,2026-08-07T14:55:15.042237,prediction,0.120709,0.761000,0.002592,True,-0.061824,0.701973,0.102743,0.182533,0.059027,0.100151,0.00,10,-0.067559,0.700861,0.162384,0.000000,0.000000,0.000000,0.000000,0.000000,0.000000,nan,nan,nan,nan,nan,nan
1786089315062249079,2026-08-07T14:55:15.062267,prediction,0.120610,0.764000,-0.005580,True,-0.063946,0.706057,0.102747,0.184556,0.057943,0.108327,0.00,10,-0.067559,0.700861,0.162384,0.000000,0.000000,0.000000,0.000000,0.000000,0.000000,nan,nan,nan,nan,nan,nan
1786089315074538512,2026-08-07T14:55:15.074579,prediction,0.120610,0.764000,-0.005580,True,-0.061693,0.702358,0.099400,0.182303,0.061642,0.104980,0.00,10,-0.067559,0.700861,0.162384,0.000000,0.000000,0.000000,0.000000,0.000000,0.000000,nan,nan,nan,nan,nan,nan
1786089315094995823,2026-08-07T14:55:15.095010,prediction,0.115785,0.783000,-0.011523,True,-0.063746,0.706309,0.099397,0.179531,0.076691,0.110920,0.00,10,-0.067559,0.700861,0.162384,0.000000,0.000000,0.000000,0.000000,0.000000,0.000000,nan,nan,nan,nan,nan,nan
1786089315108761794,2026-08-07T14:55:15.108789,prediction,0.115785,0.783000,-0.011523,True,-0.061564,0.702738,0.096101,0.177349,0.080262,0.107624,0.00,10,-0.066950,0.701730,0.152332,0.000000,0.000000,0.000000,0.000000,0.000000,0.000000,nan,nan,nan,nan,nan,nan
1786089315129104490,2026-08-07T14:55:15.129125,prediction,0.108794,0.811000,-0.022101,True,-0.063548,0.706558,0.096092,0.172341,0.104442,0.118193,0.00,10,-0.066950,0.701730,0.152332,0.000000,0.000000,0.000000,0.000000,0.000000,0.000000,nan,nan,nan,nan,nan,nan
1786089315141390547,2026-08-07T14:55:15.141409,prediction,0.108794,0.811000,-0.022101,True,-0.061436,0.703113,0.092847,0.170230,0.107888,0.114948,0.00,10,-0.066950,0.701730,0.152332,0.000000,0.000000,0.000000,0.000000,0.000000,0.000000,nan,nan,nan,nan,nan,nan
1786089315163576769,2026-08-07T14:55:15.163596,prediction,0.102078,0.839000,-0.023985,True,-0.063353,0.706804,0.092832,0.165430,0.132196,0.116816,0.00,10,-0.066950,0.701730,0.152332,0.000000,0.000000,0.000000,0.000000,0.000000,0.000000,nan,nan,nan,nan,nan,nan
1786089315175899765,2026-08-07T14:55:15.175919,prediction,0.102078,0.839000,-0.023985,True,-0.061311,0.703482,0.089639,0.163388,0.135518,0.113624,0.00,10,-0.066034,0.701960,0.142444,0.000000,0.000000,0.000000,0.000000,0.000000,0.000000,nan,nan,nan,nan,nan,nan
1786089315195904298,2026-08-07T14:55:15.195926,prediction,0.092006,0.841000,-0.035734,True,-0.063161,0.707046,0.089619,0.155166,0.133954,0.125353,0.00,10,-0.066034,0.701960,0.142444,0.000000,0.000000,0.000000,0.000000,0.000000,0.000000,nan,nan,nan,nan,nan,nan
1786089315208214550,2026-08-07T14:55:15.208233,prediction,0.092006,0.841000,-0.035734,True,-0.061187,0.703846,0.086479,0.153193,0.137155,0.122213,0.00,10,-0.066034,0.701960,0.142444,0.000000,0.000000,0.000000,0.000000,0.000000,0.000000,nan,nan,nan,nan,nan,nan
1786089315230013035,2026-08-07T14:55:15.230033,prediction,0.081903,0.863000,-0.042011,True,-0.062971,0.707285,0.086454,0.144874,0.155715,0.128464,0.00,10,-0.066034,0.701960,0.142444,0.000000,0.000000,0.000000,0.000000,0.000000,0.000000,nan,nan,nan,nan,nan,nan
1786089315242928983,2026-08-07T14:55:15.242984,prediction,0.081903,0.863000,-0.042011,True,-0.061065,0.704204,0.083367,0.142968,0.158796,0.125378,0.00,10,-0.065489,0.702906,0.132494,0.000000,0.000000,0.000000,0.000000,0.000000,0.000000,nan,nan,nan,nan,nan,nan
1786089315262130901,2026-08-07T14:55:15.262155,prediction,0.066815,0.931000,-0.039665,True,-0.062785,0.707519,0.083338,0.129600,0.223481,0.123003,0.00,10,-0.065489,0.702906,0.132494,0.000000,0.000000,0.000000,0.000000,0.000000,0.000000,nan,nan,nan,nan,nan,nan
1786089315275305173,2026-08-07T14:55:15.275360,prediction,0.066815,0.931000,-0.039665,True,-0.060945,0.704556,0.080305,0.127760,0.226444,0.119971,0.00,10,-0.065489,0.702906,0.132494,0.000000,0.000000,0.000000,0.000000,0.000000,0.000000,nan,nan,nan,nan,nan,nan
1786089315295128356,2026-08-07T14:55:15.295145,prediction,0.050603,0.952000,-0.045029,True,-0.062602,0.707750,0.080272,0.113205,0.244250,0.125300,0.00,10,-0.065489,0.702906,0.132494,0.000000,0.000000,0.000000,0.000000,0.000000,0.000000,nan,nan,nan,nan,nan,nan
1786089315309319122,2026-08-07T14:55:15.309335,prediction,0.050603,0.952000,-0.045029,True,-0.060827,0.704903,0.077294,0.111431,0.247097,0.122323,0.00,10,-0.064942,0.703825,0.122594,0.000000,0.000000,0.000000,0.000000,0.000000,0.000000,nan,nan,nan,nan,nan,nan
1786089315329042178,2026-08-07T14:55:15.329066,prediction,0.031689,0.979000,-0.050654,True,-0.062421,0.707978,0.077257,0.094110,0.271022,0.127911,0.00,10,-0.064942,0.703825,0.122594,0.000000,0.000000,0.000000,0.000000,0.000000,0.000000,nan,nan,nan,nan,nan,nan
1786089315343983781,2026-08-07T14:55:15.344002,prediction,0.031689,0.979000,-0.050654,True,-0.060711,0.705243,0.074335,0.092400,0.273757,0.124989,0.00,10,-0.064942,0.703825,0.122594,0.000000,0.000000,0.000000,0.000000,0.000000,0.000000,nan,nan,nan,nan,nan,nan
1786089315362146663,2026-08-07T14:55:15.362182,prediction,0.008739,1.009000,-0.053391,True,-0.062244,0.708201,0.074294,0.070983,0.300799,0.127685,0.00,10,-0.064942,0.703825,0.122594,0.000000,0.000000,0.000000,0.000000,0.000000,0.000000,nan,nan,nan,nan,nan,nan
1786089315374443430,2026-08-07T14:55:15.374457,prediction,0.008739,1.009000,-0.053391,True,-0.060597,0.705578,0.071428,0.069336,0.303422,0.124819,0.00,10,-0.064387,0.704724,0.112664,0.000000,0.000000,0.000000,0.000000,0.000000,0.000000,nan,nan,nan,nan,nan,nan
1786089315395069107,2026-08-07T14:55:15.395083,prediction,-0.010324,1.029000,-0.049274,True,-0.062070,0.708420,0.071385,0.051746,0.320580,0.120658,0.00,10,-0.064387,0.704724,0.112664,0.000000,0.000000,0.000000,0.000000,0.000000,0.000000,nan,nan,nan,nan,nan,nan
1786089315407925392,2026-08-07T14:55:15.407941,prediction,-0.010324,1.029000,-0.049274,True,-0.060486,0.705906,0.068575,0.050161,0.323094,0.117849,0.00,10,-0.064387,0.704724,0.112664,0.000000,0.000000,0.000000,0.000000,0.000000,0.000000,nan,nan,nan,nan,nan,nan
1786089315428451382,2026-08-07T14:55:15.428465,prediction,-0.027597,1.074000,-0.062781,True,-0.061899,0.708635,0.068529,0.034303,0.365365,0.131310,0.00,10,-0.064387,0.704724,0.112664,0.000000,0.000000,0.000000,0.000000,0.000000,0.000000,nan,nan,nan,nan,nan,nan
1786089315441407234,2026-08-07T14:55:15.441434,prediction,-0.027597,1.074000,-0.062781,True,-0.060376,0.706229,0.065776,0.032780,0.367772,0.128557,0.00,10,-0.063826,0.705607,0.102701,0.000000,0.000000,0.000000,0.000000,0.000000,0.000000,nan,nan,nan,nan,nan,nan
1786089315461882470,2026-08-07T14:55:15.461897,prediction,-0.045787,1.121000,-0.064418,True,-0.061732,0.708846,0.065729,0.015944,0.412154,0.130147,0.00,10,-0.063826,0.705607,0.102701,0.000000,0.000000,0.000000,0.000000,0.000000,0.000000,nan,nan,nan,nan,nan,nan
1786089315474737062,2026-08-07T14:55:15.474757,prediction,-0.045787,1.121000,-0.064418,True,-0.060269,0.706544,0.063033,0.014481,0.414456,0.127452,0.00,10,-0.063826,0.705607,0.102701,0.000000,0.000000,0.000000,0.000000,0.000000,0.000000,nan,nan,nan,nan,nan,nan
1786089315494975173,2026-08-07T14:55:15.494987,prediction,-0.050508,1.174000,-0.060365,True,-0.061567,0.709053,0.062984,0.011060,0.464947,0.123349,0.00,10,-0.063826,0.705607,0.102701,0.000000,0.000000,0.000000,0.000000,0.000000,0.000000,nan,nan,nan,nan,nan,nan
1786089315508281962,2026-08-07T14:55:15.508306,prediction,-0.050508,1.174000,-0.060365,True,-0.060163,0.706854,0.060346,0.009656,0.467146,0.120712,0.00,10,-0.063260,0.706470,0.092760,0.000000,0.000000,0.000000,0.000000,0.000000,0.000000,nan,nan,nan,nan,nan,nan
1786089315528461914,2026-08-07T14:55:15.528476,prediction,-0.066430,1.201000,-0.047893,True,-0.061407,0.709256,0.060295,0.005023,0.491744,0.108188,0.00,10,-0.063260,0.706470,0.092760,0.000000,0.000000,0.000000,0.000000,0.000000,0.000000,nan,nan,nan,nan,nan,nan
1786089315541563519,2026-08-07T14:55:15.541595,prediction,-0.066430,1.201000,-0.047893,True,-0.060060,0.707156,0.057716,0.006369,0.493844,0.105610,0.00,10,-0.063260,0.706470,0.092760,0.000000,0.000000,0.000000,0.000000,0.000000,0.000000,nan,nan,nan,nan,nan,nan
1786089315562155854,2026-08-07T14:55:15.562171,prediction,-0.094740,1.235000,-0.034105,True,-0.061249,0.709454,0.057664,0.033491,0.525546,0.091769,0.00,10,-0.063260,0.706470,0.092760,0.000000,0.000000,0.000000,0.000000,0.000000,0.000000,nan,nan,nan,nan,nan,nan
1786089315574694134,2026-08-07T14:55:15.574712,prediction,-0.094740,1.235000,-0.034105,True,-0.059960,0.707452,0.055144,0.034780,0.527548,0.089249,0.00,10,-0.062691,0.707315,0.082819,0.000000,0.000000,0.000000,0.000000,0.000000,0.000000,nan,nan,nan,nan,nan,nan
1786089315595276740,2026-08-07T14:55:15.595294,prediction,-0.115286,1.268000,-0.030150,True,-0.061095,0.709648,0.055091,0.054191,0.558352,0.085241,0.00,10,-0.062691,0.707315,0.082819,0.000000,0.000000,0.000000,0.000000,0.000000,0.000000,nan,nan,nan,nan,nan,nan
1786089315607982984,2026-08-07T14:55:15.608001,prediction,-0.115286,1.268000,-0.030150,True,-0.059861,0.707742,0.052630,0.055425,0.560258,0.082781,0.00,10,-0.062691,0.707315,0.082819,0.000000,0.000000,0.000000,0.000000,0.000000,0.000000,nan,nan,nan,nan,nan,nan
1786089315628560451,2026-08-07T14:55:15.628576,prediction,-0.128040,1.312000,-0.028078,True,-0.060945,0.709838,0.052576,0.067095,0.602162,0.080654,0.00,10,-0.062691,0.707315,0.082819,0.000000,0.000000,0.000000,0.000000,0.000000,0.000000,nan,nan,nan,nan,nan,nan
1786089315642475661,2026-08-07T14:55:15.642524,prediction,-0.128040,1.312000,-0.028078,True,-0.059765,0.708024,0.050175,0.068275,0.603976,0.078253,0.00,10,-0.062116,0.708145,0.072869,0.000000,0.000000,0.000000,0.000000,0.000000,0.000000,nan,nan,nan,nan,nan,nan
1786089315662243560,2026-08-07T14:55:15.662264,prediction,-0.138104,1.352000,-0.020211,True,-0.060798,0.710023,0.050121,0.077306,0.641977,0.070332,0.00,10,-0.062116,0.708145,0.072869,0.000000,0.000000,0.000000,0.000000,0.000000,0.000000,nan,nan,nan,nan,nan,nan
1786089315675447598,2026-08-07T14:55:15.675494,prediction,-0.138104,1.352000,-0.020211,True,-0.059671,0.708300,0.047780,0.078433,0.643700,0.067991,0.00,10,-0.062116,0.708145,0.072869,0.000000,0.000000,0.000000,0.000000,0.000000,0.000000,nan,nan,nan,nan,nan,nan
1786089315695128724,2026-08-07T14:55:15.695145,prediction,-0.138104,1.352000,-0.020211,True,-0.060655,0.710203,0.047725,0.077449,0.641797,0.067937,0.00,10,-0.062116,0.708145,0.072869,0.000000,0.000000,0.000000,0.000000,0.000000,0.000000,nan,nan,nan,nan,nan,nan
1786089315708724937,2026-08-07T14:55:15.708743,prediction,-0.138104,1.352000,-0.020211,True,-0.059580,0.708569,0.045445,0.078524,0.643431,0.065656,0.00,10,-0.061481,0.709040,0.062930,0.000000,0.000000,0.000000,0.000000,0.000000,0.000000,nan,nan,nan,nan,nan,nan
1786089315728610106,2026-08-07T14:55:15.728628,prediction,-0.138104,1.352000,-0.020211,True,-0.060515,0.710379,0.045390,0.077589,0.641621,0.065602,0.00,10,-0.061481,0.709040,0.062930,0.000000,0.000000,0.000000,0.000000,0.000000,0.000000,nan,nan,nan,nan,nan,nan
1786089315741658030,2026-08-07T14:55:15.741683,prediction,-0.138104,1.352000,-0.020211,True,-0.059491,0.708831,0.043170,0.078613,0.643169,0.063382,0.00,10,-0.061481,0.709040,0.062930,0.000000,0.000000,0.000000,0.000000,0.000000,0.000000,nan,nan,nan,nan,nan,nan
1786089315762286503,2026-08-07T14:55:15.762304,prediction,-0.138104,1.352000,-0.020211,True,-0.060379,0.710551,0.043116,0.077725,0.641449,0.063327,0.00,10,-0.061481,0.709040,0.062930,0.000000,0.000000,0.000000,0.000000,0.000000,0.000000,nan,nan,nan,nan,nan,nan
1786089315775175900,2026-08-07T14:55:15.775194,prediction,-0.138104,1.352000,-0.020211,True,-0.059404,0.709086,0.040957,0.078700,0.642915,0.061168,0.00,10,-0.060840,0.709921,0.055218,0.000000,0.000000,0.000000,0.000000,0.000000,0.000000,nan,nan,nan,nan,nan,nan
1786089315795288065,2026-08-07T14:55:15.795309,prediction,-0.138104,1.352000,-0.020211,True,-0.060247,0.710717,0.040903,0.077857,0.641283,0.061114,0.00,10,-0.060840,0.709921,0.055218,0.000000,0.000000,0.000000,0.000000,0.000000,0.000000,nan,nan,nan,nan,nan,nan
1786089315808895498,2026-08-07T14:55:15.808910,prediction,-0.138104,1.352000,-0.020211,True,-0.059320,0.709333,0.038805,0.078784,0.642667,0.059016,0.00,10,-0.060840,0.709921,0.055218,0.000000,0.000000,0.000000,0.000000,0.000000,0.000000,nan,nan,nan,nan,nan,nan
1786089315828765038,2026-08-07T14:55:15.828784,prediction,-0.138104,1.352000,-0.020211,True,-0.060118,0.710880,0.038752,0.077986,0.641121,0.058963,0.00,10,-0.060840,0.709921,0.055218,0.000000,0.000000,0.000000,0.000000,0.000000,0.000000,nan,nan,nan,nan,nan,nan
1786089315842487697,2026-08-07T14:55:15.842508,prediction,-0.138104,1.352000,-0.020211,True,-0.059238,0.709574,0.036714,0.078866,0.642426,0.056926,0.00,10,-0.060185,0.710797,0.049718,0.000000,0.000000,0.000000,0.000000,0.000000,0.000000,nan,nan,nan,nan,nan,nan
1786089315863556455,2026-08-07T14:55:15.863584,prediction,0.088263,1.584000,-0.013090,True,-0.059993,0.711037,0.036662,0.148256,0.872963,0.049752,0.00,10,-0.060185,0.710797,0.049718,0.000000,0.000000,0.000000,0.000000,0.000000,0.000000,nan,nan,nan,nan,nan,nan
1786089315875311607,2026-08-07T14:55:15.875352,prediction,0.088263,1.584000,-0.013090,True,-0.059158,0.709807,0.034686,0.147422,0.874193,0.047776,0.00,10,-0.060185,0.710797,0.049718,0.000000,0.000000,0.000000,0.000000,0.000000,0.000000,nan,nan,nan,nan,nan,nan
1786089315895079877,2026-08-07T14:55:15.895097,prediction,0.122664,1.618000,-0.004957,True,-0.059872,0.711190,0.034635,0.182536,0.906810,0.039592,0.00,10,-0.060185,0.710797,0.049718,0.000000,0.000000,0.000000,0.000000,0.000000,0.000000,nan,nan,nan,nan,nan,nan
1786089315908441469,2026-08-07T14:55:15.908485,prediction,0.122664,1.618000,-0.004957,True,-0.059081,0.710034,0.032720,0.181746,0.907967,0.037677,0.00,10,-0.059872,0.711190,0.050000,0.000000,0.000000,0.000000,0.000000,0.000000,0.000000,nan,nan,nan,nan,nan,nan
1786089315929003246,2026-08-07T14:55:15.929093,prediction,0.122664,1.618000,-0.004957,True,-0.059754,0.711338,0.032670,0.182419,0.906662,0.037627,0.00,10,-0.059872,0.711190,0.050000,0.000000,0.000000,0.000000,0.000000,0.000000,0.000000,nan,nan,nan,nan,nan,nan
1786089315941258946,2026-08-07T14:55:15.941272,prediction,0.122664,1.618000,-0.004957,True,-0.059007,0.710253,0.030817,0.181671,0.907747,0.035774,0.00,10,-0.059872,0.711190,0.050000,0.000000,0.000000,0.000000,0.000000,0.000000,0.000000,nan,nan,nan,nan,nan,nan
1786089315963590340,2026-08-07T14:55:15.963665,prediction,0.122664,1.618000,-0.004957,True,-0.059640,0.711481,0.030768,0.182305,0.906519,0.035725,0.00,10,-0.059872,0.711190,0.050000,0.000000,0.000000,0.000000,0.000000,0.000000,0.000000,nan,nan,nan,nan,nan,nan
1786089315974489918,2026-08-07T14:55:15.974508,prediction,0.122664,1.618000,-0.004957,True,-0.058935,0.710465,0.028976,0.181599,0.907536,0.033933,0.00,10,-0.058405,0.709601,0.050000,0.000000,0.000000,0.000000,0.000000,0.000000,0.000000,nan,nan,nan,nan,nan,nan
1786089315996517914,2026-08-07T14:55:15.996550,prediction,0.122664,1.618000,-0.004957,True,-0.059530,0.711620,0.028928,0.182195,0.906380,0.033886,0.00,10,-0.058405,0.709601,0.050000,0.000000,0.000000,0.000000,0.000000,0.000000,0.000000,nan,nan,nan,nan,nan,nan
1786089316007954028,2026-08-07T14:55:16.007974,prediction,0.122664,1.618000,-0.004957,True,-0.058865,0.710669,0.027198,0.181530,0.907331,0.032155,0.00,10,-0.058405,0.709601,0.050000,0.000000,0.000000,0.000000,0.000000,0.000000,0.000000,nan,nan,nan,nan,nan,nan
1786089316029155284,2026-08-07T14:55:16.029171,prediction,0.122664,1.618000,-0.004957,True,-0.059424,0.711754,0.027152,0.182089,0.906246,0.032109,0.00,10,-0.058405,0.709601,0.050000,0.000000,0.000000,0.000000,0.000000,0.000000,0.000000,nan,nan,nan,nan,nan,nan
1786089316041185501,2026-08-07T14:55:16.041200,prediction,0.122664,1.618000,-0.004957,True,-0.058798,0.710867,0.025482,0.181462,0.907133,0.030439,0.00,10,-0.058105,0.709866,0.050000,0.000000,0.000000,0.000000,0.000000,0.000000,0.000000,nan,nan,nan,nan,nan,nan
1786089316062153279,2026-08-07T14:55:16.062231,prediction,0.122664,1.618000,-0.004957,True,-0.059322,0.711883,0.025438,0.181986,0.906117,0.030395,0.00,10,-0.058105,0.709866,0.050000,0.000000,0.000000,0.000000,0.000000,0.000000,0.000000,nan,nan,nan,nan,nan,nan
1786089316074722918,2026-08-07T14:55:16.074736,prediction,0.122664,1.618000,-0.004957,True,-0.058733,0.711057,0.023829,0.181398,0.906943,0.028787,0.00,10,-0.058105,0.709866,0.050000,0.000000,0.000000,0.000000,0.000000,0.000000,0.000000,nan,nan,nan,nan,nan,nan
1786089316095286559,2026-08-07T14:55:16.095304,prediction,0.122664,1.618000,-0.004957,True,-0.059223,0.712007,0.023787,0.181887,0.905993,0.028744,0.00,10,-0.058105,0.709866,0.050000,0.000000,0.000000,0.000000,0.000000,0.000000,0.000000,nan,nan,nan,nan,nan,nan
1786089316107824718,2026-08-07T14:55:16.107842,prediction,0.122664,1.618000,-0.004957,True,-0.058671,0.711240,0.022239,0.181335,0.906760,0.027196,0.00,10,-0.059060,0.711953,0.050000,0.000000,0.000000,0.000000,0.000000,0.000000,0.000000,nan,nan,nan,nan,nan,nan
1786089316128471154,2026-08-07T14:55:16.128485,prediction,0.122664,1.618000,-0.004957,True,-0.059128,0.712127,0.022198,0.181792,0.905873,0.027155,0.00,10,-0.059060,0.711953,0.050000,0.000000,0.000000,0.000000,0.000000,0.000000,0.000000,nan,nan,nan,nan,nan,nan
1786089316141398473,2026-08-07T14:55:16.141428,prediction,0.122664,1.618000,-0.004957,True,-0.058611,0.711416,0.020711,0.181276,0.906584,0.025668,0.00,10,-0.059060,0.711953,0.050000,0.000000,0.000000,0.000000,0.000000,0.000000,0.000000,nan,nan,nan,nan,nan,nan
1786089316161890690,2026-08-07T14:55:16.161907,prediction,0.122664,1.618000,-0.004957,True,-0.059036,0.712242,0.020672,0.181701,0.905758,0.025629,0.00,10,-0.059060,0.711953,0.050000,0.000000,0.000000,0.000000,0.000000,0.000000,0.000000,nan,nan,nan,nan,nan,nan
1786089316174375419,2026-08-07T14:55:16.174391,prediction,0.122664,1.618000,-0.004957,True,-0.058554,0.711585,0.019245,0.181218,0.906415,0.024202,0.00,10,-0.058969,0.713082,0.050000,0.000000,0.000000,0.000000,0.000000,0.000000,0.000000,nan,nan,nan,nan,nan,nan
1786089316195029880,2026-08-07T14:55:16.195042,prediction,0.122664,1.618000,-0.004957,True,-0.058949,0.712352,0.019207,0.181613,0.905648,0.024165,0.00,10,-0.058969,0.713082,0.050000,0.000000,0.000000,0.000000,0.000000,0.000000,0.000000,nan,nan,nan,nan,nan,nan
1786089316208853128,2026-08-07T14:55:16.208870,prediction,0.122664,1.618000,-0.004957,True,-0.058499,0.711746,0.017841,0.181163,0.906254,0.022798,0.00,10,-0.058969,0.713082,0.050000,0.000000,0.000000,0.000000,0.000000,0.000000,0.000000,nan,nan,nan,nan,nan,nan
1786089316228912244,2026-08-07T14:55:16.228941,prediction,0.122664,1.618000,-0.004957,True,-0.058865,0.712458,0.017805,0.181529,0.905542,0.022762,0.00,10,-0.058969,0.713082,0.050000,0.000000,0.000000,0.000000,0.000000,0.000000,0.000000,nan,nan,nan,nan,nan,nan
1786089316241632765,2026-08-07T14:55:16.241655,prediction,0.122664,1.618000,-0.004957,True,-0.058446,0.711901,0.016498,0.181111,0.906099,0.021455,0.00,10,-0.058727,0.711962,0.050000,0.000000,0.000000,0.000000,0.000000,0.000000,0.000000,nan,nan,nan,nan,nan,nan
1786089316262631371,2026-08-07T14:55:16.262648,prediction,0.122664,1.618000,-0.004957,True,-0.058785,0.712559,0.016464,0.181449,0.905441,0.021421,0.00,10,-0.058727,0.711962,0.050000,0.000000,0.000000,0.000000,0.000000,0.000000,0.000000,nan,nan,nan,nan,nan,nan
1786089316274847497,2026-08-07T14:55:16.274896,prediction,0.122664,1.618000,-0.004957,True,-0.058396,0.712048,0.015216,0.181060,0.905952,0.020173,0.00,10,-0.058727,0.711962,0.050000,0.000000,0.000000,0.000000,0.000000,0.000000,0.000000,nan,nan,nan,nan,nan,nan
1786089316294973898,2026-08-07T14:55:16.294988,prediction,0.122664,1.618000,-0.004957,True,-0.058708,0.712656,0.015184,0.181373,0.905344,0.020141,0.00,10,-0.058727,0.711962,0.050000,0.000000,0.000000,0.000000,0.000000,0.000000,0.000000,nan,nan,nan,nan,nan,nan
1786089316308280187,2026-08-07T14:55:16.308295,prediction,0.122664,1.618000,-0.004957,True,-0.058348,0.712189,0.013995,0.181012,0.905811,0.018952,0.00,10,-0.058636,0.713043,0.050000,0.000000,0.000000,0.000000,0.000000,0.000000,0.000000,nan,nan,nan,nan,nan,nan
1786089316328627984,2026-08-07T14:55:16.328649,prediction,0.122664,1.618000,-0.004957,True,-0.058635,0.712748,0.013965,0.181300,0.905253,0.018922,0.00,10,-0.058636,0.713043,0.050000,0.000000,0.000000,0.000000,0.000000,0.000000,0.000000,nan,nan,nan,nan,nan,nan
1786089316343467626,2026-08-07T14:55:16.343489,prediction,0.122664,1.618000,-0.004957,True,-0.058303,0.712323,0.012833,0.180967,0.905677,0.017791,0.00,10,-0.058636,0.713043,0.050000,0.000000,0.000000,0.000000,0.000000,0.000000,0.000000,nan,nan,nan,nan,nan,nan
1786089316362767238,2026-08-07T14:55:16.362797,prediction,0.122664,1.618000,-0.004957,True,-0.058566,0.712835,0.012805,0.181230,0.905165,0.017762,0.00,10,-0.058636,0.713043,0.050000,0.000000,0.000000,0.000000,0.000000,0.000000,0.000000,nan,nan,nan,nan,nan,nan
1786089316374569438,2026-08-07T14:55:16.374609,prediction,0.122664,1.618000,-0.004957,True,-0.058259,0.712450,0.011731,0.180924,0.905550,0.016688,0.00,10,-0.058007,0.711977,0.050000,0.000000,0.000000,0.000000,0.000000,0.000000,0.000000,nan,nan,nan,nan,nan,nan
1786089316395227737,2026-08-07T14:55:16.395252,prediction,0.122664,1.618000,-0.004957,True,-0.058500,0.712918,0.011705,0.181165,0.905082,0.016662,0.00,10,-0.058007,0.711977,0.050000,0.000000,0.000000,0.000000,0.000000,0.000000,0.000000,nan,nan,nan,nan,nan,nan
1786089316407832361,2026-08-07T14:55:16.407849,prediction,0.122664,1.618000,-0.004957,True,-0.058219,0.712570,0.010688,0.180883,0.905430,0.015645,0.00,10,-0.058007,0.711977,0.050000,0.000000,0.000000,0.000000,0.000000,0.000000,0.000000,nan,nan,nan,nan,nan,nan
1786089316428909033,2026-08-07T14:55:16.428930,prediction,0.122664,1.618000,-0.004957,True,-0.058438,0.712996,0.010663,0.181102,0.905004,0.015620,0.00,10,-0.058007,0.711977,0.050000,0.000000,0.000000,0.000000,0.000000,0.000000,0.000000,nan,nan,nan,nan,nan,nan
1786089316443873269,2026-08-07T14:55:16.443925,prediction,0.122664,1.618000,-0.004957,True,-0.058180,0.712683,0.009702,0.180844,0.905317,0.014659,0.00,10,-0.058292,0.712937,0.050000,0.000000,0.000000,0.000000,0.000000,0.000000,0.000000,nan,nan,nan,nan,nan,nan
1786089316462652967,2026-08-07T14:55:16.462667,prediction,0.122664,1.618000,-0.004957,True,-0.058379,0.713071,0.009679,0.181043,0.904930,0.014637,0.00,10,-0.058292,0.712937,0.050000,0.000000,0.000000,0.000000,0.000000,0.000000,0.000000,nan,nan,nan,nan,nan,nan
1786089316475541974,2026-08-07T14:55:16.475559,prediction,0.122664,1.618000,-0.004957,True,-0.058144,0.712790,0.008773,0.180808,0.905210,0.013730,0.00,10,-0.058292,0.712937,0.050000,0.000000,0.000000,0.000000,0.000000,0.000000,0.000000,nan,nan,nan,nan,nan,nan
1786089316495039296,2026-08-07T14:55:16.495052,prediction,0.122664,1.618000,-0.004957,True,-0.058324,0.713140,0.008752,0.180988,0.904860,0.013710,0.00,10,-0.058292,0.712937,0.050000,0.000000,0.000000,0.000000,0.000000,0.000000,0.000000,nan,nan,nan,nan,nan,nan
1786089316507985100,2026-08-07T14:55:16.508004,prediction,0.122664,1.618000,-0.004957,True,-0.058109,0.712891,0.007901,0.180774,0.905110,0.012858,0.00,10,-0.058438,0.713881,0.050000,0.000000,0.000000,0.000000,0.000000,0.000000,0.000000,nan,nan,nan,nan,nan,nan
1786089316528418707,2026-08-07T14:55:16.528433,prediction,0.122664,1.618000,-0.004957,True,-0.058271,0.713206,0.007881,0.180936,0.904794,0.012839,0.00,10,-0.058438,0.713881,0.050000,0.000000,0.000000,0.000000,0.000000,0.000000,0.000000,nan,nan,nan,nan,nan,nan
1786089316541235408,2026-08-07T14:55:16.541250,prediction,0.122664,1.618000,-0.004957,True,-0.058077,0.712985,0.007083,0.180742,0.905015,0.012040,0.00,10,-0.058438,0.713881,0.050000,0.000000,0.000000,0.000000,0.000000,0.000000,0.000000,nan,nan,nan,nan,nan,nan
1786089316562652669,2026-08-07T14:55:16.562677,prediction,0.122664,1.618000,-0.004957,True,-0.058223,0.713268,0.007065,0.180887,0.904733,0.012023,0.00,10,-0.058438,0.713881,0.050000,0.000000,0.000000,0.000000,0.000000,0.000000,0.000000,nan,nan,nan,nan,nan,nan
1786089316574300991,2026-08-07T14:55:16.574313,prediction,0.122664,1.618000,-0.004957,True,-0.058047,0.713073,0.006319,0.180712,0.904928,0.011276,0.00,10,-0.057990,0.712691,0.050000,0.000000,0.000000,0.000000,0.000000,0.000000,0.000000,nan,nan,nan,nan,nan,nan
1786089316595165566,2026-08-07T14:55:16.595183,prediction,0.122664,1.618000,-0.004957,True,-0.058177,0.713325,0.006303,0.180841,0.904675,0.011260,0.00,10,-0.057990,0.712691,0.050000,0.000000,0.000000,0.000000,0.000000,0.000000,0.000000,nan,nan,nan,nan,nan,nan
1786089316607740975,2026-08-07T14:55:16.607755,prediction,0.122664,1.618000,-0.004957,True,-0.058020,0.713154,0.005608,0.180684,0.904846,0.010566,0.00,10,-0.057990,0.712691,0.050000,0.000000,0.000000,0.000000,0.000000,0.000000,0.000000,nan,nan,nan,nan,nan,nan
1786089316629367408,2026-08-07T14:55:16.629404,prediction,0.122664,1.618000,-0.004957,True,-0.058135,0.713378,0.005594,0.180799,0.904622,0.010551,0.00,10,-0.057990,0.712691,0.050000,0.000000,0.000000,0.000000,0.000000,0.000000,0.000000,nan,nan,nan,nan,nan,nan
1786089316641223870,2026-08-07T14:55:16.641238,prediction,0.122664,1.618000,-0.004957,True,-0.057994,0.713230,0.004949,0.180658,0.904770,0.009906,0.00,10,-0.057991,0.713690,0.050000,0.000000,0.000000,0.000000,0.000000,0.000000,0.000000,nan,nan,nan,nan,nan,nan
1786089316661943613,2026-08-07T14:55:16.661959,prediction,0.122664,1.618000,-0.004957,True,-0.058095,0.713428,0.004936,0.180760,0.904572,0.009893,0.00,10,-0.057991,0.713690,0.050000,0.000000,0.000000,0.000000,0.000000,0.000000,0.000000,nan,nan,nan,nan,nan,nan
1786089316674349805,2026-08-07T14:55:16.674365,prediction,0.122664,1.618000,-0.004957,True,-0.057970,0.713300,0.004340,0.180634,0.904700,0.009298,0.00,10,-0.057991,0.713690,0.050000,0.000000,0.000000,0.000000,0.000000,0.000000,0.000000,nan,nan,nan,nan,nan,nan
1786089316695183652,2026-08-07T14:55:16.695201,prediction,0.122664,1.618000,-0.004957,True,-0.058059,0.713474,0.004329,0.180723,0.904526,0.009286,0.00,10,-0.057991,0.713690,0.050000,0.000000,0.000000,0.000000,0.000000,0.000000,0.000000,nan,nan,nan,nan,nan,nan
1786089316707872394,2026-08-07T14:55:16.707886,prediction,0.122664,1.618000,-0.004957,True,-0.057948,0.713365,0.003780,0.180612,0.904635,0.008738,0.00,10,-0.058298,0.712717,0.050000,0.000000,0.000000,0.000000,0.000000,0.000000,0.000000,nan,nan,nan,nan,nan,nan
1786089316730016497,2026-08-07T14:55:16.730060,prediction,0.122664,1.618000,-0.004957,True,-0.058026,0.713516,0.003770,0.180690,0.904484,0.008727,0.00,10,-0.058298,0.712717,0.050000,0.000000,0.000000,0.000000,0.000000,0.000000,0.000000,nan,nan,nan,nan,nan,nan
1786089316741294896,2026-08-07T14:55:16.741312,prediction,0.122664,1.618000,-0.004957,True,-0.057928,0.713424,0.003268,0.180592,0.904576,0.008225,0.00,10,-0.058298,0.712717,0.050000,0.000000,0.000000,0.000000,0.000000,0.000000,0.000000,nan,nan,nan,nan,nan,nan
1786089316763635918,2026-08-07T14:55:16.763697,prediction,0.122664,1.618000,-0.004957,True,-0.057995,0.713554,0.003259,0.180659,0.904446,0.008216,0.00,10,-0.058298,0.712717,0.050000,0.000000,0.000000,0.000000,0.000000,0.000000,0.000000,nan,nan,nan,nan,nan,nan
1786089316774599386,2026-08-07T14:55:16.774612,prediction,0.122664,1.618000,-0.004957,True,-0.057910,0.713478,0.002802,0.180574,0.904523,0.007759,0.00,10,-0.057710,0.713752,0.050000,0.000000,0.000000,0.000000,0.000000,0.000000,0.000000,nan,nan,nan,nan,nan,nan
1786089316795347943,2026-08-07T14:55:16.795417,prediction,0.122664,1.618000,-0.004957,True,-0.057967,0.713589,0.002794,0.180631,0.904411,0.007751,0.00,10,-0.057710,0.713752,0.050000,0.000000,0.000000,0.000000,0.000000,0.000000,0.000000,nan,nan,nan,nan,nan,nan
1786089316807915878,2026-08-07T14:55:16.807937,prediction,0.122664,1.618000,-0.004957,True,-0.057893,0.713526,0.002379,0.180558,0.904474,0.007337,0.00,10,-0.057710,0.713752,0.050000,0.000000,0.000000,0.000000,0.000000,0.000000,0.000000,nan,nan,nan,nan,nan,nan
1786089316828883837,2026-08-07T14:55:16.828901,prediction,0.122664,1.618000,-0.004957,True,-0.057942,0.713621,0.002373,0.180606,0.904379,0.007330,0.00,10,-0.057710,0.713752,0.050000,0.000000,0.000000,0.000000,0.000000,0.000000,0.000000,nan,nan,nan,nan,nan,nan
1786089316842120355,2026-08-07T14:55:16.842142,prediction,0.122664,1.618000,-0.004957,True,-0.057878,0.713570,0.002000,0.180543,0.904430,0.006957,0.00,10,-0.058654,0.713220,0.050000,0.000000,0.000000,0.000000,0.000000,0.000000,0.000000,nan,nan,nan,nan,nan,nan
1786089316862250213,2026-08-07T14:55:16.862268,prediction,0.122664,1.618000,-0.004957,True,-0.057919,0.713650,0.001994,0.180584,0.904350,0.006951,0.00,10,-0.058654,0.713220,0.050000,0.000000,0.000000,0.000000,0.000000,0.000000,0.000000,nan,nan,nan,nan,nan,nan
1786089316874497287,2026-08-07T14:55:16.874518,prediction,0.122664,1.618000,-0.004957,True,-0.057865,0.713609,0.001661,0.180529,0.904391,0.006618,0.00,10,-0.058654,0.713220,0.050000,0.000000,0.000000,0.000000,0.000000,0.000000,0.000000,nan,nan,nan,nan,nan,nan
1786089316895255443,2026-08-07T14:55:16.895273,prediction,0.122664,1.618000,-0.004957,True,-0.057899,0.713675,0.001656,0.180563,0.904325,0.006614,0.00,10,-0.058654,0.713220,0.050000,0.000000,0.000000,0.000000,0.000000,0.000000,0.000000,nan,nan,nan,nan,nan,nan
1786089316907820512,2026-08-07T14:55:16.907837,prediction,0.122664,1.618000,-0.004957,True,-0.057853,0.713643,0.001362,0.180518,0.904357,0.006319,0.00,10,-0.057701,0.713805,0.050000,0.000000,0.000000,0.000000,0.000000,0.000000,0.000000,nan,nan,nan,nan,nan,nan
1786089316928616278,2026-08-07T14:55:16.928632,prediction,0.122664,1.618000,-0.004957,True,-0.057881,0.713698,0.001358,0.180546,0.904302,0.006315,0.00,10,-0.057701,0.713805,0.050000,0.000000,0.000000,0.000000,0.000000,0.000000,0.000000,nan,nan,nan,nan,nan,nan
1786089316941232915,2026-08-07T14:55:16.941247,prediction,0.122664,1.618000,-0.004957,True,-0.057843,0.713673,0.001099,0.180507,0.904327,0.006056,0.00,10,-0.057701,0.713805,0.050000,0.000000,0.000000,0.000000,0.000000,0.000000,0.000000,nan,nan,nan,nan,nan,nan
1786089316962526644,2026-08-07T14:55:16.962542,prediction,0.122664,1.618000,-0.004957,True,-0.057866,0.713717,0.001096,0.180530,0.904283,0.006053,0.00,10,-0.057701,0.713805,0.050000,0.000000,0.000000,0.000000,0.000000,0.000000,0.000000,nan,nan,nan,nan,nan,nan
1786089316974329666,2026-08-07T14:55:16.974342,prediction,0.122664,1.618000,-0.004957,True,-0.057834,0.713700,0.000871,0.180499,0.904300,0.005829,0.00,10,-0.058505,0.713377,0.050000,0.000000,0.000000,0.000000,0.000000,0.000000,0.000000,nan,nan,nan,nan,nan,nan
1786089316995051764,2026-08-07T14:55:16.995065,prediction,0.122664,1.618000,-0.004957,True,-0.057852,0.713735,0.000869,0.180516,0.904266,0.005826,0.00,10,-0.058505,0.713377,0.050000,0.000000,0.000000,0.000000,0.000000,0.000000,0.000000,nan,nan,nan,nan,nan,nan
1786089317007794477,2026-08-07T14:55:17.007807,prediction,0.122664,1.618000,-0.004957,True,-0.057826,0.713722,0.000677,0.180491,0.904278,0.005634,0.00,10,-0.058505,0.713377,0.050000,0.000000,0.000000,0.000000,0.000000,0.000000,0.000000,nan,nan,nan,nan,nan,nan
1786089317029750898,2026-08-07T14:55:17.029767,prediction,0.122664,1.618000,-0.004957,True,-0.057840,0.713749,0.000674,0.180505,0.904251,0.005632,0.00,0,-0.058505,0.713377,0.050000,0.000000,0.000000,0.000000,0.000000,0.000000,0.000000,nan,nan,nan,nan,nan,nan
1786089317041162897,2026-08-07T14:55:17.041178,prediction,0.122664,1.618000,-0.004957,True,-0.057820,0.713741,0.000512,0.180484,0.904259,0.005470,0.00,10,-0.057321,0.713975,0.050000,0.000000,0.000000,0.000000,0.000000,0.000000,0.000000,nan,nan,nan,nan,nan,nan
1786089317061883232,2026-08-07T14:55:17.061900,prediction,0.122664,1.618000,-0.004957,True,-0.057831,0.713762,0.000511,0.180495,0.904239,0.005468,0.00,0,-0.057321,0.713975,0.050000,0.000000,0.000000,0.000000,0.000000,0.000000,0.000000,nan,nan,nan,nan,nan,nan
1786089317074519836,2026-08-07T14:55:17.074537,prediction,0.122664,1.618000,-0.004957,True,-0.057815,0.713757,0.000376,0.180479,0.904243,0.005334,0.00,10,-0.057321,0.713975,0.050000,0.000000,0.000000,0.000000,0.000000,0.000000,0.000000,nan,nan,nan,nan,nan,nan
1786089317095589766,2026-08-07T14:55:17.095625,prediction,0.122664,1.618000,-0.004957,True,-0.057822,0.713772,0.000375,0.180487,0.904228,0.005332,0.00,0,-0.057321,0.713975,0.050000,0.000000,0.000000,0.000000,0.000000,0.000000,0.000000,nan,nan,nan,nan,nan,nan
1786089317107858841,2026-08-07T14:55:17.107875,prediction,0.122664,1.618000,-0.004957,True,-0.057810,0.713769,0.000267,0.180475,0.904231,0.005224,0.00,10,-0.058160,0.713661,0.050000,0.000000,0.000000,0.000000,0.000000,0.000000,0.000000,nan,nan,nan,nan,nan,nan
1786089317129394944,2026-08-07T14:55:17.129432,prediction,0.122664,1.618000,-0.004957,True,-0.057816,0.713780,0.000266,0.180480,0.904220,0.005223,0.00,0,-0.058160,0.713661,0.050000,0.000000,0.000000,0.000000,0.000000,0.000000,0.000000,nan,nan,nan,nan,nan,nan
1786089317141258149,2026-08-07T14:55:17.141274,prediction,0.122664,1.618000,-0.004957,True,-0.057807,0.713779,0.000180,0.180471,0.904221,0.005137,0.00,10,-0.058160,0.713661,0.050000,0.000000,0.000000,0.000000,0.000000,0.000000,0.000000,nan,nan,nan,nan,nan,nan
1786089317162846451,2026-08-07T14:55:17.162883,prediction,0.122664,1.618000,-0.004957,True,-0.057811,0.713786,0.000179,0.180475,0.904214,0.005137,0.00,0,-0.058160,0.713661,0.050000,0.000000,0.000000,0.000000,0.000000,0.000000,0.000000,nan,nan,nan,nan,nan,nan
1786089317174335594,2026-08-07T14:55:17.174352,prediction,0.122664,1.618000,-0.004957,True,-0.057804,0.713787,0.000114,0.180469,0.904213,0.005071,0.00,10,-0.056942,0.714069,0.050000,0.000000,0.000000,0.000000,0.000000,0.000000,0.000000,nan,nan,nan,nan,nan,nan
1786089317195162398,2026-08-07T14:55:17.195179,prediction,0.122664,1.618000,-0.004957,True,-0.057807,0.713791,0.000114,0.180471,0.904209,0.005071,0.00,0,-0.056942,0.714069,0.050000,0.000000,0.000000,0.000000,0.000000,0.000000,0.000000,nan,nan,nan,nan,nan,nan
1786089317208120715,2026-08-07T14:55:17.208175,prediction,0.122664,1.618000,-0.004957,True,-0.057803,0.713792,0.000067,0.180467,0.904208,0.005024,0.00,10,-0.056942,0.714069,0.050000,0.000000,0.000000,0.000000,0.000000,0.000000,0.000000,nan,nan,nan,nan,nan,nan
1786089317228569591,2026-08-07T14:55:17.228590,prediction,0.122664,1.618000,-0.004957,True,-0.057804,0.713795,0.000066,0.180468,0.904205,0.005024,0.00,0,-0.056942,0.714069,0.050000,0.000000,0.000000,0.000000,0.000000,0.000000,0.000000,nan,nan,nan,nan,nan,nan
1786089317242545054,2026-08-07T14:55:17.242603,prediction,0.122664,1.618000,-0.004957,True,-0.057801,0.713796,0.000034,0.180466,0.904204,0.004992,0.00,10,-0.057835,0.713792,0.050000,0.000000,0.000000,0.000000,0.000000,0.000000,0.000000,nan,nan,nan,nan,nan,nan
1786089317262950008,2026-08-07T14:55:17.262992,prediction,0.122664,1.618000,-0.004957,True,-0.057802,0.713797,0.000034,0.180466,0.904203,0.004991,0.00,0,-0.057835,0.713792,0.050000,0.000000,0.000000,0.000000,0.000000,0.000000,0.000000,nan,nan,nan,nan,nan,nan
1786089317275518174,2026-08-07T14:55:17.275569,prediction,0.122664,1.618000,-0.004957,True,-0.057801,0.713798,0.000015,0.180465,0.904202,0.004972,0.00,10,-0.057835,0.713792,0.050000,0.000000,0.000000,0.000000,0.000000,0.000000,0.000000,nan,nan,nan,nan,nan,nan
1786089317295277918,2026-08-07T14:55:17.295296,prediction,0.122664,1.618000,-0.004957,True,-0.057801,0.713799,0.000015,0.180465,0.904201,0.004972,0.00,0,-0.057835,0.713792,0.050000,0.000000,0.000000,0.000000,0.000000,0.000000,0.000000,nan,nan,nan,nan,nan,nan
1786089317308274527,2026-08-07T14:55:17.308296,prediction,0.122664,1.618000,-0.004957,True,-0.057800,0.713799,0.000004,0.180465,0.904201,0.004962,0.00,10,-0.057801,0.713799,0.050000,0.000000,0.000000,0.000000,0.000000,0.000000,0.000000,nan,nan,nan,nan,nan,nan
1786089317328786211,2026-08-07T14:55:17.328807,prediction,0.122664,1.618000,-0.004957,True,-0.057800,0.713800,0.000004,0.180465,0.904200,0.004962,0.00,0,-0.057801,0.713799,0.050000,0.000000,0.000000,0.000000,0.000000,0.000000,0.000000,nan,nan,nan,nan,nan,nan
1786089317341329379,2026-08-07T14:55:17.341350,prediction,0.122664,1.618000,-0.004957,True,-0.057800,0.713800,0.000001,0.180464,0.904200,0.004958,0.00,10,-0.057801,0.713799,0.050000,0.000000,0.000000,0.000000,0.000000,0.000000,0.000000,nan,nan,nan,nan,nan,nan
1786089317362066927,2026-08-07T14:55:17.362094,prediction,0.122664,1.618000,-0.004957,True,-0.057800,0.713800,0.000001,0.180464,0.904200,0.004958,0.00,0,-0.057801,0.713799,0.050000,0.000000,0.000000,0.000000,0.000000,0.000000,0.000000,nan,nan,nan,nan,nan,nan
1786089317374374494,2026-08-07T14:55:17.374391,prediction,0.122664,1.618000,-0.004957,True,-0.057800,0.713800,0.000000,0.180464,0.904200,0.004957,0.00,10,-0.057800,0.713800,0.050000,0.000000,0.000000,0.000000,0.000000,0.000000,0.000000,nan,nan,nan,nan,nan,nan
1786089317395283342,2026-08-07T14:55:17.395299,prediction,0.122664,1.618000,-0.004957,True,-0.057800,0.713800,0.000000,0.180464,0.904200,0.004957,0.00,0,-0.057800,0.713800,0.050000,0.000000,0.000000,0.000000,0.000000,0.000000,0.000000,nan,nan,nan,nan,nan,nan
1786089317407995097,2026-08-07T14:55:17.408034,prediction,0.122664,1.618000,-0.004957,True,-0.057800,0.713800,0.000000,0.180464,0.904200,0.004957,0.00,10,-0.057800,0.713800,0.050000,0.000000,0.000000,0.000000,0.000000,0.000000,0.000000,nan,nan,nan,nan,nan,nan
1786089317428659567,2026-08-07T14:55:17.428682,prediction,0.122664,1.618000,-0.004957,True,-0.057800,0.713800,0.000000,0.180464,0.904200,0.004957,0.00,0,-0.057800,0.713800,0.050000,0.000000,0.000000,0.000000,0.000000,0.000000,0.000000,nan,nan,nan,nan,nan,nan
1786089317441435652,2026-08-07T14:55:17.441459,prediction,0.122664,1.618000,-0.004957,True,-0.057800,0.713800,0.000000,0.180464,0.904200,0.004957,0.00,10,-0.057800,0.713800,0.050000,0.000000,0.000000,0.000000,0.000000,0.000000,0.000000,nan,nan,nan,nan,nan,nan
1786089317462226048,2026-08-07T14:55:17.462246,prediction,0.122664,1.618000,-0.004957,True,-0.057800,0.713800,0.000000,0.180464,0.904200,0.004957,0.00,0,-0.057800,0.713800,0.050000,0.000000,0.000000,0.000000,0.000000,0.000000,0.000000,nan,nan,nan,nan,nan,nan
1786089317475400180,2026-08-07T14:55:17.475440,prediction,0.122664,1.618000,-0.004957,True,-0.057800,0.713800,0.000000,0.180464,0.904200,0.004957,0.00,0,-0.057800,0.713800,0.050000,0.000000,0.000000,0.000000,0.000000,0.000000,0.000000,nan,nan,nan,nan,nan,nan
1786089317495513978,2026-08-07T14:55:17.495550,prediction,0.122664,1.618000,-0.004957,True,-0.057800,0.713800,0.000000,0.180464,0.904200,0.004957,0.00,0,-0.057800,0.713800,0.050000,0.000000,0.000000,0.000000,0.000000,0.000000,0.000000,nan,nan,nan,nan,nan,nan
1786089317507985282,2026-08-07T14:55:17.508000,prediction,0.122664,1.618000,-0.004957,True,-0.057800,0.713800,0.000000,0.180464,0.904200,0.004957,0.00,0,-0.057800,0.713800,0.050000,0.000000,0.000000,0.000000,0.000000,0.000000,0.000000,nan,nan,nan,nan,nan,nan
1786089317528607593,2026-08-07T14:55:17.528623,prediction,0.122664,1.618000,-0.004957,True,-0.057800,0.713800,0.000000,0.180464,0.904200,0.004957,0.00,0,-0.057800,0.713800,0.050000,0.000000,0.000000,0.000000,0.000000,0.000000,0.000000,nan,nan,nan,nan,nan,nan
1786089317541653254,2026-08-07T14:55:17.541684,prediction,0.122664,1.618000,-0.004957,True,-0.057800,0.713800,0.000000,0.180464,0.904200,0.004957,0.00,0,-0.057800,0.713800,0.050000,0.000000,0.000000,0.000000,0.000000,0.000000,0.000000,nan,nan,nan,nan,nan,nan
1786089317563529445,2026-08-07T14:55:17.563583,prediction,0.122664,1.618000,-0.004957,True,-0.057800,0.713800,0.000000,0.180464,0.904200,0.004957,0.00,0,-0.057800,0.713800,0.050000,0.000000,0.000000,0.000000,0.000000,0.000000,0.000000,nan,nan,nan,nan,nan,nan
1786089317574351248,2026-08-07T14:55:17.574363,prediction,0.122664,1.618000,-0.004957,True,-0.057800,0.713800,0.000000,0.180464,0.904200,0.004957,0.00,0,-0.057800,0.713800,0.050000,0.000000,0.000000,0.000000,0.000000,0.000000,0.000000,nan,nan,nan,nan,nan,nan
1786089317595411359,2026-08-07T14:55:17.595430,prediction,0.122664,1.618000,-0.004957,True,-0.057800,0.713800,0.000000,0.180464,0.904200,0.004957,0.00,0,-0.057800,0.713800,0.050000,0.000000,0.000000,0.000000,0.000000,0.000000,0.000000,nan,nan,nan,nan,nan,nan
1786089317607707485,2026-08-07T14:55:17.607721,prediction,0.122664,1.618000,-0.004957,True,-0.057800,0.713800,0.000000,0.180464,0.904200,0.004957,0.00,0,-0.057800,0.713800,0.050000,0.000000,0.000000,0.000000,0.000000,0.000000,0.000000,nan,nan,nan,nan,nan,nan
1786089317628662570,2026-08-07T14:55:17.628695,prediction,0.122664,1.618000,-0.004957,True,-0.057800,0.713800,0.000000,0.180464,0.904200,0.004957,0.00,0,-0.057800,0.713800,0.050000,0.000000,0.000000,0.000000,0.000000,0.000000,0.000000,nan,nan,nan,nan,nan,nan
1786089317641154873,2026-08-07T14:55:17.641168,prediction,0.122664,1.618000,-0.004957,True,-0.057800,0.713800,0.000000,0.180464,0.904200,0.004957,0.00,0,-0.057800,0.713800,0.050000,0.000000,0.000000,0.000000,0.000000,0.000000,0.000000,nan,nan,nan,nan,nan,nan
1786089317662524385,2026-08-07T14:55:17.662537,prediction,0.122664,1.618000,-0.004957,True,-0.057800,0.713800,0.000000,0.180464,0.904200,0.004957,0.00,0,-0.057800,0.713800,0.050000,0.000000,0.000000,0.000000,0.000000,0.000000,0.000000,nan,nan,nan,nan,nan,nan
1786089317674313460,2026-08-07T14:55:17.674326,prediction,0.122664,1.618000,-0.004957,True,-0.057800,0.713800,0.000000,0.180464,0.904200,0.004957,0.00,0,-0.057800,0.713800,0.050000,0.000000,0.000000,0.000000,0.000000,0.000000,0.000000,nan,nan,nan,nan,nan,nan
1786089317695296838,2026-08-07T14:55:17.695319,prediction,0.122664,1.618000,-0.004957,True,-0.057800,0.713800,0.000000,0.180464,0.904200,0.004957,0.00,0,-0.057800,0.713800,0.050000,0.000000,0.000000,0.000000,0.000000,0.000000,0.000000,nan,nan,nan,nan,nan,nan
1786089317707814048,2026-08-07T14:55:17.707828,prediction,0.122664,1.618000,-0.004957,True,-0.057800,0.713800,0.000000,0.180464,0.904200,0.004957,0.00,0,-0.057800,0.713800,0.050000,0.000000,0.000000,0.000000,0.000000,0.000000,0.000000,nan,nan,nan,nan,nan,nan
1786089317728763382,2026-08-07T14:55:17.728786,prediction,0.122664,1.618000,-0.004957,True,-0.057800,0.713800,0.000000,0.180464,0.904200,0.004957,0.00,0,-0.057800,0.713800,0.050000,0.000000,0.000000,0.000000,0.000000,0.000000,0.000000,nan,nan,nan,nan,nan,nan
1786089317741480016,2026-08-07T14:55:17.741497,prediction,0.122664,1.618000,-0.004957,True,-0.057800,0.713800,0.000000,0.180464,0.904200,0.004957,0.00,0,-0.057800,0.713800,0.050000,0.000000,0.000000,0.000000,0.000000,0.000000,0.000000,nan,nan,nan,nan,nan,nan
1786089317761912461,2026-08-07T14:55:17.761929,prediction,0.122664,1.618000,-0.004957,True,-0.057800,0.713800,0.000000,0.180464,0.904200,0.004957,0.00,0,-0.057800,0.713800,0.050000,0.000000,0.000000,0.000000,0.000000,0.000000,0.000000,nan,nan,nan,nan,nan,nan
1786089317774335655,2026-08-07T14:55:17.774348,prediction,0.122664,1.618000,-0.004957,True,-0.057800,0.713800,0.000000,0.180464,0.904200,0.004957,0.00,0,-0.057800,0.713800,0.050000,0.000000,0.000000,0.000000,0.000000,0.000000,0.000000,nan,nan,nan,nan,nan,nan
1786089317795257678,2026-08-07T14:55:17.795279,prediction,0.122664,1.618000,-0.004957,True,-0.057800,0.713800,0.000000,0.180464,0.904200,0.004957,0.00,0,-0.057800,0.713800,0.050000,0.000000,0.000000,0.000000,0.000000,0.000000,0.000000,nan,nan,nan,nan,nan,nan
1786089317807838327,2026-08-07T14:55:17.807852,prediction,0.122664,1.618000,-0.004957,True,-0.057800,0.713800,0.000000,0.180464,0.904200,0.004957,0.00,0,-0.057800,0.713800,0.050000,0.000000,0.000000,0.000000,0.000000,0.000000,0.000000,nan,nan,nan,nan,nan,nan
1786089317828598687,2026-08-07T14:55:17.828616,prediction,0.122664,1.618000,-0.004957,True,-0.057800,0.713800,0.000000,0.180464,0.904200,0.004957,0.00,0,-0.057800,0.713800,0.050000,0.000000,0.000000,0.000000,0.000000,0.000000,0.000000,nan,nan,nan,nan,nan,nan
1786089317841269696,2026-08-07T14:55:17.841286,prediction,0.122664,1.618000,-0.004957,True,-0.057800,0.713800,0.000000,0.180464,0.904200,0.004957,0.00,0,-0.057800,0.713800,0.050000,0.000000,0.000000,0.000000,0.000000,0.000000,0.000000,nan,nan,nan,nan,nan,nan
1786089317862220633,2026-08-07T14:55:17.862237,prediction,0.122664,1.618000,-0.004957,True,-0.057800,0.713800,0.000000,0.180464,0.904200,0.004957,0.00,0,-0.057800,0.713800,0.050000,0.000000,0.000000,0.000000,0.000000,0.000000,0.000000,nan,nan,nan,nan,nan,nan
1786089317874358001,2026-08-07T14:55:17.874395,prediction,0.122664,1.618000,-0.004957,True,-0.057800,0.713800,0.000000,0.180464,0.904200,0.004957,0.00,0,-0.057800,0.713800,0.050000,0.000000,0.000000,0.000000,0.000000,0.000000,0.000000,nan,nan,nan,nan,nan,nan
1786089317895302796,2026-08-07T14:55:17.895320,prediction,0.122664,1.618000,-0.004957,True,-0.057800,0.713800,0.000000,0.180464,0.904200,0.004957,0.00,0,-0.057800,0.713800,0.050000,0.000000,0.000000,0.000000,0.000000,0.000000,0.000000,nan,nan,nan,nan,nan,nan
1786089317907887493,2026-08-07T14:55:17.907904,prediction,0.122664,1.618000,-0.004957,True,-0.057800,0.713800,0.000000,0.180464,0.904200,0.004957,0.00,0,-0.057800,0.713800,0.050000,0.000000,0.000000,0.000000,0.000000,0.000000,0.000000,nan,nan,nan,nan,nan,nan
1786089317928615532,2026-08-07T14:55:17.928646,prediction,0.122664,1.618000,-0.004957,True,-0.057800,0.713800,0.000000,0.180464,0.904200,0.004957,0.00,0,-0.057800,0.713800,0.050000,0.000000,0.000000,0.000000,0.000000,0.000000,0.000000,nan,nan,nan,nan,nan,nan
1786089317941989168,2026-08-07T14:55:17.942018,prediction,0.122664,1.618000,-0.004957,True,-0.057800,0.713800,0.000000,0.180464,0.904200,0.004957,0.00,0,-0.057800,0.713800,0.050000,0.000000,0.000000,0.000000,0.000000,0.000000,0.000000,nan,nan,nan,nan,nan,nan
1786089317962882046,2026-08-07T14:55:17.962900,prediction,0.122664,1.618000,-0.004957,True,-0.057800,0.713800,0.000000,0.180464,0.904200,0.004957,0.00,0,-0.057800,0.713800,0.050000,0.000000,0.000000,0.000000,0.000000,0.000000,0.000000,nan,nan,nan,nan,nan,nan
1786089317974284206,2026-08-07T14:55:17.974296,prediction,0.122664,1.618000,-0.004957,True,-0.057800,0.713800,0.000000,0.180464,0.904200,0.004957,0.00,0,-0.057800,0.713800,0.050000,0.000000,0.000000,0.000000,0.000000,0.000000,0.000000,nan,nan,nan,nan,nan,nan
1786089317995324170,2026-08-07T14:55:17.995349,prediction,0.122664,1.618000,-0.004957,True,-0.057800,0.713800,0.000000,0.180464,0.904200,0.004957,0.00,0,-0.057800,0.713800,0.050000,0.000000,0.000000,0.000000,0.000000,0.000000,0.000000,nan,nan,nan,nan,nan,nan
1786089318007898177,2026-08-07T14:55:18.007924,prediction,0.122664,1.618000,-0.004957,True,-0.057800,0.713800,0.000000,0.180464,0.904200,0.004957,0.00,0,-0.057800,0.713800,0.050000,0.000000,0.000000,0.000000,0.000000,0.000000,0.000000,nan,nan,nan,nan,nan,nan
1786089318028750559,2026-08-07T14:55:18.028768,prediction,0.122664,1.618000,-0.004957,True,-0.057800,0.713800,0.000000,0.180464,0.904200,0.004957,0.00,0,-0.057800,0.713800,0.050000,0.000000,0.000000,0.000000,0.000000,0.000000,0.000000,nan,nan,nan,nan,nan,nan
1786089318042747383,2026-08-07T14:55:18.042799,prediction,0.122664,1.618000,-0.004957,True,-0.057800,0.713800,0.000000,0.180464,0.904200,0.004957,0.00,0,-0.057800,0.713800,0.050000,0.000000,0.000000,0.000000,0.000000,0.000000,0.000000,nan,nan,nan,nan,nan,nan
1786089318062241419,2026-08-07T14:55:18.062269,prediction,0.122664,1.618000,-0.004957,True,-0.057800,0.713800,0.000000,0.180464,0.904200,0.004957,0.00,0,-0.057800,0.713800,0.050000,0.000000,0.000000,0.000000,0.000000,0.000000,0.000000,nan,nan,nan,nan,nan,nan
1786089318075515708,2026-08-07T14:55:18.075574,prediction,0.122664,1.618000,-0.004957,True,-0.057800,0.713800,0.000000,0.180464,0.904200,0.004957,0.00,0,-0.057800,0.713800,0.050000,0.000000,0.000000,0.000000,0.000000,0.000000,0.000000,nan,nan,nan,nan,nan,nan
1786089318095215551,2026-08-07T14:55:18.095234,prediction,0.122664,1.618000,-0.004957,True,-0.057800,0.713800,0.000000,0.180464,0.904200,0.004957,0.00,0,-0.057800,0.713800,0.050000,0.000000,0.000000,0.000000,0.000000,0.000000,0.000000,nan,nan,nan,nan,nan,nan
1786089318107829462,2026-08-07T14:55:18.107847,prediction,0.122664,1.618000,-0.004957,True,-0.057800,0.713800,0.000000,0.180464,0.904200,0.004957,0.00,0,-0.057800,0.713800,0.050000,0.000000,0.000000,0.000000,0.000000,0.000000,0.000000,nan,nan,nan,nan,nan,nan
1786089318128667518,2026-08-07T14:55:18.128691,prediction,0.122664,1.618000,-0.004957,True,-0.057800,0.713800,0.000000,0.180464,0.904200,0.004957,0.00,0,-0.057800,0.713800,0.050000,0.000000,0.000000,0.000000,0.000000,0.000000,0.000000,nan,nan,nan,nan,nan,nan
1786089318141293652,2026-08-07T14:55:18.141315,prediction,0.122664,1.618000,-0.004957,True,-0.057800,0.713800,0.000000,0.180464,0.904200,0.004957,0.00,0,-0.057800,0.713800,0.050000,0.000000,0.000000,0.000000,0.000000,0.000000,0.000000,nan,nan,nan,nan,nan,nan
1786089318162194946,2026-08-07T14:55:18.162208,prediction,0.122664,1.618000,-0.004957,True,-0.057800,0.713800,0.000000,0.180464,0.904200,0.004957,0.00,0,-0.057800,0.713800,0.050000,0.000000,0.000000,0.000000,0.000000,0.000000,0.000000,nan,nan,nan,nan,nan,nan
1786089318174464753,2026-08-07T14:55:18.174477,prediction,0.122664,1.618000,-0.004957,True,-0.057800,0.713800,0.000000,0.180464,0.904200,0.004957,0.00,0,-0.057800,0.713800,0.050000,0.000000,0.000000,0.000000,0.000000,0.000000,0.000000,nan,nan,nan,nan,nan,nan
1786089318195376817,2026-08-07T14:55:18.195395,prediction,0.122664,1.618000,-0.004957,True,-0.057800,0.713800,0.000000,0.180464,0.904200,0.004957,0.00,0,-0.057800,0.713800,0.050000,0.000000,0.000000,0.000000,0.000000,0.000000,0.000000,nan,nan,nan,nan,nan,nan
1786089318207938912,2026-08-07T14:55:18.207959,prediction,0.122664,1.618000,-0.004957,True,-0.057800,0.713800,0.000000,0.180464,0.904200,0.004957,0.00,0,-0.057800,0.713800,0.050000,0.000000,0.000000,0.000000,0.000000,0.000000,0.000000,nan,nan,nan,nan,nan,nan
1786089318228641483,2026-08-07T14:55:18.228685,prediction,0.122664,1.618000,-0.004957,True,-0.057800,0.713800,0.000000,0.180464,0.904200,0.004957,0.00,0,-0.057800,0.713800,0.050000,0.000000,0.000000,0.000000,0.000000,0.000000,0.000000,nan,nan,nan,nan,nan,nan
1786089318241264472,2026-08-07T14:55:18.241280,prediction,0.122664,1.618000,-0.004957,True,-0.057800,0.713800,0.000000,0.180464,0.904200,0.004957,0.00,0,-0.057800,0.713800,0.050000,0.000000,0.000000,0.000000,0.000000,0.000000,0.000000,nan,nan,nan,nan,nan,nan
1786089318262632721,2026-08-07T14:55:18.262664,prediction,0.122664,1.618000,-0.004957,True,-0.057800,0.713800,0.000000,0.180464,0.904200,0.004957,0.00,0,-0.057800,0.713800,0.050000,0.000000,0.000000,0.000000,0.000000,0.000000,0.000000,nan,nan,nan,nan,nan,nan
1786089318274404665,2026-08-07T14:55:18.274420,prediction,0.122664,1.618000,-0.004957,True,-0.057800,0.713800,0.000000,0.180464,0.904200,0.004957,0.00,0,-0.057800,0.713800,0.050000,0.000000,0.000000,0.000000,0.000000,0.000000,0.000000,nan,nan,nan,nan,nan,nan
1786089318295100744,2026-08-07T14:55:18.295115,prediction,0.122664,1.618000,-0.004957,True,-0.057800,0.713800,0.000000,0.180464,0.904200,0.004957,0.00,0,-0.057800,0.713800,0.050000,0.000000,0.000000,0.000000,0.000000,0.000000,0.000000,nan,nan,nan,nan,nan,nan
1786089318307764469,2026-08-07T14:55:18.307777,prediction,0.122664,1.618000,-0.004957,True,-0.057800,0.713800,0.000000,0.180464,0.904200,0.004957,0.00,0,-0.057800,0.713800,0.050000,0.000000,0.000000,0.000000,0.000000,0.000000,0.000000,nan,nan,nan,nan,nan,nan
1786089318329949059,2026-08-07T14:55:18.329996,prediction,0.122664,1.618000,-0.004957,True,-0.057800,0.713800,0.000000,0.180464,0.904200,0.004957,0.00,0,-0.057800,0.713800,0.050000,0.000000,0.000000,0.000000,0.000000,0.000000,0.000000,nan,nan,nan,nan,nan,nan
1786089318341540373,2026-08-07T14:55:18.341567,prediction,0.122664,1.618000,-0.004957,True,-0.057800,0.713800,0.000000,0.180464,0.904200,0.004957,0.00,0,-0.057800,0.713800,0.050000,0.000000,0.000000,0.000000,0.000000,0.000000,0.000000,nan,nan,nan,nan,nan,nan
1786089318364003875,2026-08-07T14:55:18.364022,prediction,0.122664,1.618000,-0.004957,True,-0.057800,0.713800,0.000000,0.180464,0.904200,0.004957,0.00,0,-0.057800,0.713800,0.050000,0.000000,0.000000,0.000000,0.000000,0.000000,0.000000,nan,nan,nan,nan,nan,nan
1786089318374806041,2026-08-07T14:55:18.374826,prediction,0.122664,1.618000,-0.004957,True,-0.057800,0.713800,0.000000,0.180464,0.904200,0.004957,0.00,0,-0.057800,0.713800,0.050000,0.000000,0.000000,0.000000,0.000000,0.000000,0.000000,nan,nan,nan,nan,nan,nan
1786089318395378940,2026-08-07T14:55:18.395404,prediction,0.122664,1.618000,-0.004957,True,-0.057800,0.713800,0.000000,0.180464,0.904200,0.004957,0.00,0,-0.057800,0.713800,0.050000,0.000000,0.000000,0.000000,0.000000,0.000000,0.000000,nan,nan,nan,nan,nan,nan
1786089318408015664,2026-08-07T14:55:18.408038,prediction,0.122664,1.618000,-0.004957,True,-0.057800,0.713800,0.000000,0.180464,0.904200,0.004957,0.00,0,-0.057800,0.713800,0.050000,0.000000,0.000000,0.000000,0.000000,0.000000,0.000000,nan,nan,nan,nan,nan,nan
1786089318428634579,2026-08-07T14:55:18.428652,prediction,0.122664,1.618000,-0.004957,True,-0.057800,0.713800,0.000000,0.180464,0.904200,0.004957,0.00,0,-0.057800,0.713800,0.050000,0.000000,0.000000,0.000000,0.000000,0.000000,0.000000,nan,nan,nan,nan,nan,nan
1786089318441322800,2026-08-07T14:55:18.441340,prediction,0.122664,1.618000,-0.004957,True,-0.057800,0.713800,0.000000,0.180464,0.904200,0.004957,0.00,0,-0.057800,0.713800,0.050000,0.000000,0.000000,0.000000,0.000000,0.000000,0.000000,nan,nan,nan,nan,nan,nan
1786089318462187626,2026-08-07T14:55:18.462204,prediction,0.122664,1.618000,-0.004957,True,-0.057800,0.713800,0.000000,0.180464,0.904200,0.004957,0.00,0,-0.057800,0.713800,0.050000,0.000000,0.000000,0.000000,0.000000,0.000000,0.000000,nan,nan,nan,nan,nan,nan
1786089318474448135,2026-08-07T14:55:18.474460,prediction,0.122664,1.618000,-0.004957,True,-0.057800,0.713800,0.000000,0.180464,0.904200,0.004957,0.00,0,-0.057800,0.713800,0.050000,0.000000,0.000000,0.000000,0.000000,0.000000,0.000000,nan,nan,nan,nan,nan,nan
1786089318495113677,2026-08-07T14:55:18.495127,prediction,0.122664,1.618000,-0.004957,True,-0.057800,0.713800,0.000000,0.180464,0.904200,0.004957,0.00,0,-0.057800,0.713800,0.050000,0.000000,0.000000,0.000000,0.000000,0.000000,0.000000,nan,nan,nan,nan,nan,nan
1786089318507801207,2026-08-07T14:55:18.507815,prediction,0.122664,1.618000,-0.004957,True,-0.057800,0.713800,0.000000,0.180464,0.904200,0.004957,0.00,0,-0.057800,0.713800,0.050000,0.000000,0.000000,0.000000,0.000000,0.000000,0.000000,nan,nan,nan,nan,nan,nan
1786089318528699495,2026-08-07T14:55:18.528715,prediction,0.122664,1.618000,-0.004957,True,-0.057800,0.713800,0.000000,0.180464,0.904200,0.004957,0.00,0,-0.057800,0.713800,0.050000,0.000000,0.000000,0.000000,0.000000,0.000000,0.000000,nan,nan,nan,nan,nan,nan
1786089318541175649,2026-08-07T14:55:18.541189,prediction,0.122664,1.618000,-0.004957,True,-0.057800,0.713800,0.000000,0.180464,0.904200,0.004957,0.00,0,-0.057800,0.713800,0.050000,0.000000,0.000000,0.000000,0.000000,0.000000,0.000000,nan,nan,nan,nan,nan,nan
1786089318562365083,2026-08-07T14:55:18.562382,prediction,0.122664,1.618000,-0.004957,True,-0.057800,0.713800,0.000000,0.180464,0.904200,0.004957,0.00,0,-0.057800,0.713800,0.050000,0.000000,0.000000,0.000000,0.000000,0.000000,0.000000,nan,nan,nan,nan,nan,nan
1786089318574332393,2026-08-07T14:55:18.574345,prediction,0.122664,1.618000,-0.004957,True,-0.057800,0.713800,0.000000,0.180464,0.904200,0.004957,0.00,0,-0.057800,0.713800,0.050000,0.000000,0.000000,0.000000,0.000000,0.000000,0.000000,nan,nan,nan,nan,nan,nan
1786089318595282348,2026-08-07T14:55:18.595301,prediction,0.122664,1.618000,-0.004957,True,-0.057800,0.713800,0.000000,0.180464,0.904200,0.004957,0.00,0,-0.057800,0.713800,0.050000,0.000000,0.000000,0.000000,0.000000,0.000000,0.000000,nan,nan,nan,nan,nan,nan
1786089318607745146,2026-08-07T14:55:18.607759,prediction,0.122664,1.618000,-0.004957,True,-0.057800,0.713800,0.000000,0.180464,0.904200,0.004957,0.00,0,-0.057800,0.713800,0.050000,0.000000,0.000000,0.000000,0.000000,0.000000,0.000000,nan,nan,nan,nan,nan,nan
1786089318628549919,2026-08-07T14:55:18.628566,prediction,0.122664,1.618000,-0.004957,True,-0.057800,0.713800,0.000000,0.180464,0.904200,0.004957,0.00,0,-0.057800,0.713800,0.050000,0.000000,0.000000,0.000000,0.000000,0.000000,0.000000,nan,nan,nan,nan,nan,nan
1786089318641182175,2026-08-07T14:55:18.641198,prediction,0.122664,1.618000,-0.004957,True,-0.057800,0.713800,0.000000,0.180464,0.904200,0.004957,0.00,0,-0.057800,0.713800,0.050000,0.000000,0.000000,0.000000,0.000000,0.000000,0.000000,nan,nan,nan,nan,nan,nan
1786089318662430119,2026-08-07T14:55:18.662445,prediction,0.122664,1.618000,-0.004957,True,-0.057800,0.713800,0.000000,0.180464,0.904200,0.004957,0.00,0,-0.057800,0.713800,0.050000,0.000000,0.000000,0.000000,0.000000,0.000000,0.000000,nan,nan,nan,nan,nan,nan
1786089318674312860,2026-08-07T14:55:18.674325,prediction,0.122664,1.618000,-0.004957,True,-0.057800,0.713800,0.000000,0.180464,0.904200,0.004957,0.00,0,-0.057800,0.713800,0.050000,0.000000,0.000000,0.000000,0.000000,0.000000,0.000000,nan,nan,nan,nan,nan,nan
1786089318695174360,2026-08-07T14:55:18.695188,prediction,0.122664,1.618000,-0.004957,True,-0.057800,0.713800,0.000000,0.180464,0.904200,0.004957,0.00,0,-0.057800,0.713800,0.050000,0.000000,0.000000,0.000000,0.000000,0.000000,0.000000,nan,nan,nan,nan,nan,nan
1786089318707835540,2026-08-07T14:55:18.707849,prediction,0.122664,1.618000,-0.004957,True,-0.057800,0.713800,0.000000,0.180464,0.904200,0.004957,0.00,0,-0.057800,0.713800,0.050000,0.000000,0.000000,0.000000,0.000000,0.000000,0.000000,nan,nan,nan,nan,nan,nan
1786089318729067494,2026-08-07T14:55:18.729085,prediction,0.122664,1.618000,-0.004957,True,-0.057800,0.713800,0.000000,0.180464,0.904200,0.004957,0.00,0,-0.057800,0.713800,0.050000,0.000000,0.000000,0.000000,0.000000,0.000000,0.000000,nan,nan,nan,nan,nan,nan
1786089318741581278,2026-08-07T14:55:18.741608,prediction,0.122664,1.618000,-0.004957,True,-0.057800,0.713800,0.000000,0.180464,0.904200,0.004957,0.00,0,-0.057800,0.713800,0.050000,0.000000,0.000000,0.000000,0.000000,0.000000,0.000000,nan,nan,nan,nan,nan,nan
1786089318761998895,2026-08-07T14:55:18.762037,prediction,0.122664,1.618000,-0.004957,True,-0.057800,0.713800,0.000000,0.180464,0.904200,0.004957,0.00,0,-0.057800,0.713800,0.050000,0.000000,0.000000,0.000000,0.000000,0.000000,0.000000,nan,nan,nan,nan,nan,nan
1786089318774409606,2026-08-07T14:55:18.774425,prediction,0.122664,1.618000,-0.004957,True,-0.057800,0.713800,0.000000,0.180464,0.904200,0.004957,0.00,0,-0.057800,0.713800,0.050000,0.000000,0.000000,0.000000,0.000000,0.000000,0.000000,nan,nan,nan,nan,nan,nan
1786089318795368258,2026-08-07T14:55:18.795402,prediction,0.122664,1.618000,-0.004957,True,-0.057800,0.713800,0.000000,0.180464,0.904200,0.004957,0.00,0,-0.057800,0.713800,0.050000,0.000000,0.000000,0.000000,0.000000,0.000000,0.000000,nan,nan,nan,nan,nan,nan
1786089318807931464,2026-08-07T14:55:18.807949,prediction,0.122664,1.618000,-0.004957,True,-0.057800,0.713800,0.000000,0.180464,0.904200,0.004957,0.00,0,-0.057800,0.713800,0.050000,0.000000,0.000000,0.000000,0.000000,0.000000,0.000000,nan,nan,nan,nan,nan,nan
1786089318828847796,2026-08-07T14:55:18.828874,prediction,0.122664,1.618000,-0.004957,True,-0.057800,0.713800,0.000000,0.180464,0.904200,0.004957,0.00,0,-0.057800,0.713800,0.050000,0.000000,0.000000,0.000000,0.000000,0.000000,0.000000,nan,nan,nan,nan,nan,nan
1786089318842681284,2026-08-07T14:55:18.842736,prediction,0.122664,1.618000,-0.004957,True,-0.057800,0.713800,0.000000,0.180464,0.904200,0.004957,0.00,0,-0.057800,0.713800,0.050000,0.000000,0.000000,0.000000,0.000000,0.000000,0.000000,nan,nan,nan,nan,nan,nan
1786089318862629782,2026-08-07T14:55:18.862651,prediction,0.122664,1.618000,-0.004957,True,-0.057800,0.713800,0.000000,0.180464,0.904200,0.004957,0.00,0,-0.057800,0.713800,0.050000,0.000000,0.000000,0.000000,0.000000,0.000000,0.000000,nan,nan,nan,nan,nan,nan
1786089318875207195,2026-08-07T14:55:18.875253,prediction,0.122664,1.618000,-0.004957,True,-0.057800,0.713800,0.000000,0.180464,0.904200,0.004957,0.00,0,-0.057800,0.713800,0.050000,0.000000,0.000000,0.000000,0.000000,0.000000,0.000000,nan,nan,nan,nan,nan,nan
1786089318895258807,2026-08-07T14:55:18.895279,prediction,0.122664,1.618000,-0.004957,True,-0.057800,0.713800,0.000000,0.180464,0.904200,0.004957,0.00,0,-0.057800,0.713800,0.050000,0.000000,0.000000,0.000000,0.000000,0.000000,0.000000,nan,nan,nan,nan,nan,nan
1786089318908543556,2026-08-07T14:55:18.908560,prediction,0.122664,1.618000,-0.004957,True,-0.057800,0.713800,0.000000,0.180464,0.904200,0.004957,0.00,0,-0.057800,0.713800,0.050000,0.000000,0.000000,0.000000,0.000000,0.000000,0.000000,nan,nan,nan,nan,nan,nan
1786089318928836840,2026-08-07T14:55:18.928859,prediction,0.122664,1.618000,-0.004957,True,-0.057800,0.713800,0.000000,0.180464,0.904200,0.004957,0.00,0,-0.057800,0.713800,0.050000,0.000000,0.000000,0.000000,0.000000,0.000000,0.000000,nan,nan,nan,nan,nan,nan
1786089318941573001,2026-08-07T14:55:18.941592,prediction,0.122664,1.618000,-0.004957,True,-0.057800,0.713800,0.000000,0.180464,0.904200,0.004957,0.00,0,-0.057800,0.713800,0.050000,0.000000,0.000000,0.000000,0.000000,0.000000,0.000000,nan,nan,nan,nan,nan,nan
1786089318962688126,2026-08-07T14:55:18.962709,prediction,0.122664,1.618000,-0.004957,True,-0.057800,0.713800,0.000000,0.180464,0.904200,0.004957,0.00,0,-0.057800,0.713800,0.050000,0.000000,0.000000,0.000000,0.000000,0.000000,0.000000,nan,nan,nan,nan,nan,nan
1786089318974541251,2026-08-07T14:55:18.974554,prediction,0.122664,1.618000,-0.004957,True,-0.057800,0.713800,0.000000,0.180464,0.904200,0.004957,0.00,0,-0.057800,0.713800,0.050000,0.000000,0.000000,0.000000,0.000000,0.000000,0.000000,nan,nan,nan,nan,nan,nan
1786089318995302203,2026-08-07T14:55:18.995321,prediction,0.122664,1.618000,-0.004957,True,-0.057800,0.713800,0.000000,0.180464,0.904200,0.004957,0.00,0,-0.057800,0.713800,0.050000,0.000000,0.000000,0.000000,0.000000,0.000000,0.000000,nan,nan,nan,nan,nan,nan
1786089319007729073,2026-08-07T14:55:19.007744,prediction,0.122664,1.618000,-0.004957,True,-0.057800,0.713800,0.000000,0.180464,0.904200,0.004957,0.00,0,-0.057800,0.713800,0.050000,0.000000,0.000000,0.000000,0.000000,0.000000,0.000000,nan,nan,nan,nan,nan,nan
1786089319028895044,2026-08-07T14:55:19.028926,prediction,0.122664,1.618000,-0.004957,True,-0.057800,0.713800,0.000000,0.180464,0.904200,0.004957,0.00,0,-0.057800,0.713800,0.050000,0.000000,0.000000,0.000000,0.000000,0.000000,0.000000,nan,nan,nan,nan,nan,nan
1786089319041290977,2026-08-07T14:55:19.041313,prediction,0.122664,1.618000,-0.004957,True,-0.057800,0.713800,0.000000,0.180464,0.904200,0.004957,0.00,0,-0.057800,0.713800,0.050000,0.000000,0.000000,0.000000,0.000000,0.000000,0.000000,nan,nan,nan,nan,nan,nan
1786089319062581941,2026-08-07T14:55:19.062599,prediction,0.122664,1.618000,-0.004957,True,-0.057800,0.713800,0.000000,0.180464,0.904200,0.004957,0.00,0,-0.057800,0.713800,0.050000,0.000000,0.000000,0.000000,0.000000,0.000000,0.000000,nan,nan,nan,nan,nan,nan
1786089319074615485,2026-08-07T14:55:19.074715,prediction,0.122664,1.618000,-0.004957,True,-0.057800,0.713800,0.000000,0.180464,0.904200,0.004957,0.00,0,-0.057800,0.713800,0.050000,0.000000,0.000000,0.000000,0.000000,0.000000,0.000000,nan,nan,nan,nan,nan,nan
1786089319095534733,2026-08-07T14:55:19.095559,prediction,0.122664,1.618000,-0.004957,True,-0.057800,0.713800,0.000000,0.180464,0.904200,0.004957,0.00,0,-0.057800,0.713800,0.050000,0.000000,0.000000,0.000000,0.000000,0.000000,0.000000,nan,nan,nan,nan,nan,nan
1786089319108012119,2026-08-07T14:55:19.108031,prediction,0.122664,1.618000,-0.004957,True,-0.057800,0.713800,0.000000,0.180464,0.904200,0.004957,0.00,0,-0.057800,0.713800,0.050000,0.000000,0.000000,0.000000,0.000000,0.000000,0.000000,nan,nan,nan,nan,nan,nan
1786089319130288371,2026-08-07T14:55:19.130336,prediction,0.122664,1.618000,-0.004957,True,-0.057800,0.713800,0.000000,0.180464,0.904200,0.004957,0.00,0,-0.057800,0.713800,0.050000,0.000000,0.000000,0.000000,0.000000,0.000000,0.000000,nan,nan,nan,nan,nan,nan
1786089319141381362,2026-08-07T14:55:19.141398,prediction,0.122664,1.618000,-0.004957,True,-0.057800,0.713800,0.000000,0.180464,0.904200,0.004957,0.00,0,-0.057800,0.713800,0.050000,0.000000,0.000000,0.000000,0.000000,0.000000,0.000000,nan,nan,nan,nan,nan,nan
1786089319163621135,2026-08-07T14:55:19.163687,prediction,0.122664,1.618000,-0.004957,True,-0.057800,0.713800,0.000000,0.180464,0.904200,0.004957,0.00,0,-0.057800,0.713800,0.050000,0.000000,0.000000,0.000000,0.000000,0.000000,0.000000,nan,nan,nan,nan,nan,nan
1786089319174353901,2026-08-07T14:55:19.174367,prediction,0.122664,1.618000,-0.004957,True,-0.057800,0.713800,0.000000,0.180464,0.904200,0.004957,0.00,0,-0.057800,0.713800,0.050000,0.000000,0.000000,0.000000,0.000000,0.000000,0.000000,nan,nan,nan,nan,nan,nan
1786089319195422548,2026-08-07T14:55:19.195443,prediction,0.122664,1.618000,-0.004957,True,-0.057800,0.713800,0.000000,0.180464,0.904200,0.004957,0.00,0,-0.057800,0.713800,0.050000,0.000000,0.000000,0.000000,0.000000,0.000000,0.000000,nan,nan,nan,nan,nan,nan
1786089319208003308,2026-08-07T14:55:19.208023,prediction,0.122664,1.618000,-0.004957,True,-0.057800,0.713800,0.000000,0.180464,0.904200,0.004957,0.00,0,-0.057800,0.713800,0.050000,0.000000,0.000000,0.000000,0.000000,0.000000,0.000000,nan,nan,nan,nan,nan,nan
1786089319228764349,2026-08-07T14:55:19.228787,prediction,0.122664,1.618000,-0.004957,True,-0.057800,0.713800,0.000000,0.180464,0.904200,0.004957,0.00,0,-0.057800,0.713800,0.050000,0.000000,0.000000,0.000000,0.000000,0.000000,0.000000,nan,nan,nan,nan,nan,nan
1786089319241701587,2026-08-07T14:55:19.241723,prediction,0.122664,1.618000,-0.004957,True,-0.057800,0.713800,0.000000,0.180464,0.904200,0.004957,0.00,0,-0.057800,0.713800,0.050000,0.000000,0.000000,0.000000,0.000000,0.000000,0.000000,nan,nan,nan,nan,nan,nan
1786089319262163147,2026-08-07T14:55:19.262186,prediction,0.122664,1.618000,-0.004957,True,-0.057800,0.713800,0.000000,0.180464,0.904200,0.004957,0.00,0,-0.057800,0.713800,0.050000,0.000000,0.000000,0.000000,0.000000,0.000000,0.000000,nan,nan,nan,nan,nan,nan
1786089319274348626,2026-08-07T14:55:19.274364,prediction,0.122664,1.618000,-0.004957,True,-0.057800,0.713800,0.000000,0.180464,0.904200,0.004957,0.00,0,-0.057800,0.713800,0.050000,0.000000,0.000000,0.000000,0.000000,0.000000,0.000000,nan,nan,nan,nan,nan,nan
1786089319295439525,2026-08-07T14:55:19.295466,prediction,0.122664,1.618000,-0.004957,True,-0.057800,0.713800,0.000000,0.180464,0.904200,0.004957,0.00,0,-0.057800,0.713800,0.050000,0.000000,0.000000,0.000000,0.000000,0.000000,0.000000,nan,nan,nan,nan,nan,nan
1786089319307994016,2026-08-07T14:55:19.308015,prediction,0.122664,1.618000,-0.004957,True,-0.057800,0.713800,0.000000,0.180464,0.904200,0.004957,0.00,0,-0.057800,0.713800,0.050000,0.000000,0.000000,0.000000,0.000000,0.000000,0.000000,nan,nan,nan,nan,nan,nan
1786089319328637917,2026-08-07T14:55:19.328658,prediction,0.122664,1.618000,-0.004957,True,-0.057800,0.713800,0.000000,0.180464,0.904200,0.004957,0.00,0,-0.057800,0.713800,0.050000,0.000000,0.000000,0.000000,0.000000,0.000000,0.000000,nan,nan,nan,nan,nan,nan
1786089319341553765,2026-08-07T14:55:19.341581,prediction,0.122664,1.618000,-0.004957,True,-0.057800,0.713800,0.000000,0.180464,0.904200,0.004957,0.00,0,-0.057800,0.713800,0.050000,0.000000,0.000000,0.000000,0.000000,0.000000,0.000000,nan,nan,nan,nan,nan,nan
1786089319362796189,2026-08-07T14:55:19.362817,prediction,0.122664,1.618000,-0.004957,True,-0.057800,0.713800,0.000000,0.180464,0.904200,0.004957,0.00,0,-0.057800,0.713800,0.050000,0.000000,0.000000,0.000000,0.000000,0.000000,0.000000,nan,nan,nan,nan,nan,nan
1786089319374578803,2026-08-07T14:55:19.374591,prediction,0.122664,1.618000,-0.004957,True,-0.057800,0.713800,0.000000,0.180464,0.904200,0.004957,0.00,0,-0.057800,0.713800,0.050000,0.000000,0.000000,0.000000,0.000000,0.000000,0.000000,nan,nan,nan,nan,nan,nan
1786089319395344913,2026-08-07T14:55:19.395390,prediction,0.122664,1.618000,-0.004957,True,-0.057800,0.713800,0.000000,0.180464,0.904200,0.004957,0.00,0,-0.057800,0.713800,0.050000,0.000000,0.000000,0.000000,0.000000,0.000000,0.000000,nan,nan,nan,nan,nan,nan
1786089319407955288,2026-08-07T14:55:19.407977,prediction,0.122664,1.618000,-0.004957,True,-0.057800,0.713800,0.000000,0.180464,0.904200,0.004957,0.00,0,-0.057800,0.713800,0.050000,0.000000,0.000000,0.000000,0.000000,0.000000,0.000000,nan,nan,nan,nan,nan,nan
1786089319428618787,2026-08-07T14:55:19.428641,prediction,0.122664,1.618000,-0.004957,True,-0.057800,0.713800,0.000000,0.180464,0.904200,0.004957,0.00,0,-0.057800,0.713800,0.050000,0.000000,0.000000,0.000000,0.000000,0.000000,0.000000,nan,nan,nan,nan,nan,nan
1786089319441334830,2026-08-07T14:55:19.441359,prediction,0.122664,1.618000,-0.004957,True,-0.057800,0.713800,0.000000,0.180464,0.904200,0.004957,0.00,0,-0.057800,0.713800,0.050000,0.000000,0.000000,0.000000,0.000000,0.000000,0.000000,nan,nan,nan,nan,nan,nan
1786089319462194737,2026-08-07T14:55:19.462232,prediction,0.122664,1.618000,-0.004957,True,-0.057800,0.713800,0.000000,0.180464,0.904200,0.004957,0.00,0,-0.057800,0.713800,0.050000,0.000000,0.000000,0.000000,0.000000,0.000000,0.000000,nan,nan,nan,nan,nan,nan
1786089319474447962,2026-08-07T14:55:19.474464,prediction,0.122664,1.618000,-0.004957,True,-0.057800,0.713800,0.000000,0.180464,0.904200,0.004957,0.00,0,-0.057800,0.713800,0.050000,0.000000,0.000000,0.000000,0.000000,0.000000,0.000000,nan,nan,nan,nan,nan,nan
1786089319495588004,2026-08-07T14:55:19.495617,prediction,0.122664,1.618000,-0.004957,True,-0.057800,0.713800,0.000000,0.180464,0.904200,0.004957,0.00,0,-0.057800,0.713800,0.050000,0.000000,0.000000,0.000000,0.000000,0.000000,0.000000,nan,nan,nan,nan,nan,nan
1786089319507954722,2026-08-07T14:55:19.507978,prediction,0.122664,1.618000,-0.004957,True,-0.057800,0.713800,0.000000,0.180464,0.904200,0.004957,0.00,0,-0.057800,0.713800,0.050000,0.000000,0.000000,0.000000,0.000000,0.000000,0.000000,nan,nan,nan,nan,nan,nan
1786089319528686479,2026-08-07T14:55:19.528717,prediction,0.122664,1.618000,-0.004957,True,-0.057800,0.713800,0.000000,0.180464,0.904200,0.004957,0.00,0,-0.057800,0.713800,0.050000,0.000000,0.000000,0.000000,0.000000,0.000000,0.000000,nan,nan,nan,nan,nan,nan
1786089319541462565,2026-08-07T14:55:19.541488,prediction,0.122664,1.618000,-0.004957,True,-0.057800,0.713800,0.000000,0.180464,0.904200,0.004957,0.00,0,-0.057800,0.713800,0.050000,0.000000,0.000000,0.000000,0.000000,0.000000,0.000000,nan,nan,nan,nan,nan,nan
1786089319562652610,2026-08-07T14:55:19.562684,prediction,0.122664,1.618000,-0.004957,True,-0.057800,0.713800,0.000000,0.180464,0.904200,0.004957,0.00,0,-0.057800,0.713800,0.050000,0.000000,0.000000,0.000000,0.000000,0.000000,0.000000,nan,nan,nan,nan,nan,nan
1786089319574393014,2026-08-07T14:55:19.574408,prediction,0.122664,1.618000,-0.004957,True,-0.057800,0.713800,0.000000,0.180464,0.904200,0.004957,0.00,0,-0.057800,0.713800,0.050000,0.000000,0.000000,0.000000,0.000000,0.000000,0.000000,nan,nan,nan,nan,nan,nan
1786089319595531583,2026-08-07T14:55:19.595545,prediction,0.122664,1.618000,-0.004957,True,-0.057800,0.713800,0.000000,0.180464,0.904200,0.004957,0.00,0,-0.057800,0.713800,0.050000,0.000000,0.000000,0.000000,0.000000,0.000000,0.000000,nan,nan,nan,nan,nan,nan
1786089319608062810,2026-08-07T14:55:19.608082,prediction,0.122664,1.618000,-0.004957,True,-0.057800,0.713800,0.000000,0.180464,0.904200,0.004957,0.00,0,-0.057800,0.713800,0.050000,0.000000,0.000000,0.000000,0.000000,0.000000,0.000000,nan,nan,nan,nan,nan,nan
1786089319628849830,2026-08-07T14:55:19.628867,prediction,0.122664,1.618000,-0.004957,True,-0.057800,0.713800,0.000000,0.180464,0.904200,0.004957,0.00,0,-0.057800,0.713800,0.050000,0.000000,0.000000,0.000000,0.000000,0.000000,0.000000,nan,nan,nan,nan,nan,nan
1786089319642648643,2026-08-07T14:55:19.642708,prediction,0.122664,1.618000,-0.004957,True,-0.057800,0.713800,0.000000,0.180464,0.904200,0.004957,0.00,0,-0.057800,0.713800,0.050000,0.000000,0.000000,0.000000,0.000000,0.000000,0.000000,nan,nan,nan,nan,nan,nan
1786089319662040157,2026-08-07T14:55:19.662057,prediction,0.122664,1.618000,-0.004957,True,-0.057800,0.713800,0.000000,0.180464,0.904200,0.004957,0.00,0,-0.057800,0.713800,0.050000,0.000000,0.000000,0.000000,0.000000,0.000000,0.000000,nan,nan,nan,nan,nan,nan
1786089319675689680,2026-08-07T14:55:19.675736,prediction,0.122664,1.618000,-0.004957,True,-0.057800,0.713800,0.000000,0.180464,0.904200,0.004957,0.00,0,-0.057800,0.713800,0.050000,0.000000,0.000000,0.000000,0.000000,0.000000,0.000000,nan,nan,nan,nan,nan,nan
1786089319695362973,2026-08-07T14:55:19.695383,prediction,0.122664,1.618000,-0.004957,True,-0.057800,0.713800,0.000000,0.180464,0.904200,0.004957,0.00,0,-0.057800,0.713800,0.050000,0.000000,0.000000,0.000000,0.000000,0.000000,0.000000,nan,nan,nan,nan,nan,nan
1786089319707823477,2026-08-07T14:55:19.707837,prediction,0.122664,1.618000,-0.004957,True,-0.057800,0.713800,0.000000,0.180464,0.904200,0.004957,0.00,0,-0.057800,0.713800,0.050000,0.000000,0.000000,0.000000,0.000000,0.000000,0.000000,nan,nan,nan,nan,nan,nan
1786089319728873700,2026-08-07T14:55:19.728897,prediction,0.122664,1.618000,-0.004957,True,-0.057800,0.713800,0.000000,0.180464,0.904200,0.004957,0.00,0,-0.057800,0.713800,0.050000,0.000000,0.000000,0.000000,0.000000,0.000000,0.000000,nan,nan,nan,nan,nan,nan
1786089319741525944,2026-08-07T14:55:19.741578,prediction,0.122664,1.618000,-0.004957,True,-0.057800,0.713800,0.000000,0.180464,0.904200,0.004957,0.00,0,-0.057800,0.713800,0.050000,0.000000,0.000000,0.000000,0.000000,0.000000,0.000000,nan,nan,nan,nan,nan,nan
1786089319762101387,2026-08-07T14:55:19.762138,prediction,0.122664,1.618000,-0.004957,True,-0.057800,0.713800,0.000000,0.180464,0.904200,0.004957,0.00,0,-0.057800,0.713800,0.050000,0.000000,0.000000,0.000000,0.000000,0.000000,0.000000,nan,nan,nan,nan,nan,nan
1786089319774453648,2026-08-07T14:55:19.774466,prediction,0.122664,1.618000,-0.004957,True,-0.057800,0.713800,0.000000,0.180464,0.904200,0.004957,0.00,0,-0.057800,0.713800,0.050000,0.000000,0.000000,0.000000,0.000000,0.000000,0.000000,nan,nan,nan,nan,nan,nan
1786089319795455581,2026-08-07T14:55:19.795475,prediction,0.122664,1.618000,-0.004957,True,-0.057800,0.713800,0.000000,0.180464,0.904200,0.004957,0.00,0,-0.057800,0.713800,0.050000,0.000000,0.000000,0.000000,0.000000,0.000000,0.000000,nan,nan,nan,nan,nan,nan
1786089319807982751,2026-08-07T14:55:19.808002,prediction,0.122664,1.618000,-0.004957,True,-0.057800,0.713800,0.000000,0.180464,0.904200,0.004957,0.00,0,-0.057800,0.713800,0.050000,0.000000,0.000000,0.000000,0.000000,0.000000,0.000000,nan,nan,nan,nan,nan,nan
1786089319828750174,2026-08-07T14:55:19.828775,prediction,0.122664,1.618000,-0.004957,True,-0.057800,0.713800,0.000000,0.180464,0.904200,0.004957,0.00,0,-0.057800,0.713800,0.050000,0.000000,0.000000,0.000000,0.000000,0.000000,0.000000,nan,nan,nan,nan,nan,nan
1786089319841213172,2026-08-07T14:55:19.841231,prediction,0.122664,1.618000,-0.004957,True,-0.057800,0.713800,0.000000,0.180464,0.904200,0.004957,0.00,0,-0.057800,0.713800,0.050000,0.000000,0.000000,0.000000,0.000000,0.000000,0.000000,nan,nan,nan,nan,nan,nan
1786089319861987809,2026-08-07T14:55:19.862007,prediction,0.122664,1.618000,-0.004957,True,-0.057800,0.713800,0.000000,0.180464,0.904200,0.004957,0.00,0,-0.057800,0.713800,0.050000,0.000000,0.000000,0.000000,0.000000,0.000000,0.000000,nan,nan,nan,nan,nan,nan
1786089319874386007,2026-08-07T14:55:19.874399,prediction,0.122664,1.618000,-0.004957,True,-0.057800,0.713800,0.000000,0.180464,0.904200,0.004957,0.00,0,-0.057800,0.713800,0.050000,0.000000,0.000000,0.000000,0.000000,0.000000,0.000000,nan,nan,nan,nan,nan,nan
1786089319895149853,2026-08-07T14:55:19.895169,prediction,0.122664,1.618000,-0.004957,True,-0.057800,0.713800,0.000000,0.180464,0.904200,0.004957,0.00,0,-0.057800,0.713800,0.050000,0.000000,0.000000,0.000000,0.000000,0.000000,0.000000,nan,nan,nan,nan,nan,nan
1786089319907962798,2026-08-07T14:55:19.907982,prediction,0.122664,1.618000,-0.004957,True,-0.057800,0.713800,0.000000,0.180464,0.904200,0.004957,0.00,0,-0.057800,0.713800,0.050000,0.000000,0.000000,0.000000,0.000000,0.000000,0.000000,nan,nan,nan,nan,nan,nan
1786089319929920943,2026-08-07T14:55:19.929970,prediction,0.122664,1.618000,-0.004957,True,-0.057800,0.713800,0.000000,0.180464,0.904200,0.004957,0.00,0,-0.057800,0.713800,0.050000,0.000000,0.000000,0.000000,0.000000,0.000000,0.000000,nan,nan,nan,nan,nan,nan
1786089319941395269,2026-08-07T14:55:19.941413,prediction,0.122664,1.618000,-0.004957,True,-0.057800,0.713800,0.000000,0.180464,0.904200,0.004957,0.00,0,-0.057800,0.713800,0.050000,0.000000,0.000000,0.000000,0.000000,0.000000,0.000000,nan,nan,nan,nan,nan,nan
1786089319963612119,2026-08-07T14:55:19.963630,prediction,0.122664,1.618000,-0.004957,True,-0.057800,0.713800,0.000000,0.180464,0.904200,0.004957,0.00,0,-0.057800,0.713800,0.050000,0.000000,0.000000,0.000000,0.000000,0.000000,0.000000,nan,nan,nan,nan,nan,nan
1786089319974421128,2026-08-07T14:55:19.974435,prediction,0.122664,1.618000,-0.004957,True,-0.057800,0.713800,0.000000,0.180464,0.904200,0.004957,0.00,0,-0.057800,0.713800,0.050000,0.000000,0.000000,0.000000,0.000000,0.000000,0.000000,nan,nan,nan,nan,nan,nan
1786089319995194452,2026-08-07T14:55:19.995214,prediction,0.122664,1.618000,-0.004957,True,-0.057800,0.713800,0.000000,0.180464,0.904200,0.004957,0.00,0,-0.057800,0.713800,0.050000,0.000000,0.000000,0.000000,0.000000,0.000000,0.000000,nan,nan,nan,nan,nan,nan
1786089320007812943,2026-08-07T14:55:20.007841,prediction,0.122664,1.618000,-0.004957,True,-0.057800,0.713800,0.000000,0.180464,0.904200,0.004957,0.00,0,-0.057800,0.713800,0.050000,0.000000,0.000000,0.000000,0.000000,0.000000,0.000000,nan,nan,nan,nan,nan,nan
1786089320028901488,2026-08-07T14:55:20.028922,prediction,0.122664,1.618000,-0.004957,True,-0.057800,0.713800,0.000000,0.180464,0.904200,0.004957,0.00,0,-0.057800,0.713800,0.050000,0.000000,0.000000,0.000000,0.000000,0.000000,0.000000,nan,nan,nan,nan,nan,nan
1786089320041379525,2026-08-07T14:55:20.041397,prediction,0.122664,1.618000,-0.004957,True,-0.057800,0.713800,0.000000,0.180464,0.904200,0.004957,0.00,0,-0.057800,0.713800,0.050000,0.000000,0.000000,0.000000,0.000000,0.000000,0.000000,nan,nan,nan,nan,nan,nan
1786089320061995976,2026-08-07T14:55:20.062019,prediction,0.122664,1.618000,-0.004957,True,-0.057800,0.713800,0.000000,0.180464,0.904200,0.004957,0.00,0,-0.057800,0.713800,0.050000,0.000000,0.000000,0.000000,0.000000,0.000000,0.000000,nan,nan,nan,nan,nan,nan
1786089320074316367,2026-08-07T14:55:20.074329,prediction,0.122664,1.618000,-0.004957,True,-0.057800,0.713800,0.000000,0.180464,0.904200,0.004957,0.00,0,-0.057800,0.713800,0.050000,0.000000,0.000000,0.000000,0.000000,0.000000,0.000000,nan,nan,nan,nan,nan,nan
1786089320095194989,2026-08-07T14:55:20.095243,prediction,0.122664,1.618000,-0.004957,True,-0.057800,0.713800,0.000000,0.180464,0.904200,0.004957,0.00,0,-0.057800,0.713800,0.050000,0.000000,0.000000,0.000000,0.000000,0.000000,0.000000,nan,nan,nan,nan,nan,nan
1786089320107887118,2026-08-07T14:55:20.107901,prediction,0.122664,1.618000,-0.004957,True,-0.057800,0.713800,0.000000,0.180464,0.904200,0.004957,0.00,0,-0.057800,0.713800,0.050000,0.000000,0.000000,0.000000,0.000000,0.000000,0.000000,nan,nan,nan,nan,nan,nan
1786089320128938072,2026-08-07T14:55:20.129015,prediction,0.122664,1.618000,-0.004957,True,-0.057800,0.713800,0.000000,0.180464,0.904200,0.004957,0.00,0,-0.057800,0.713800,0.050000,0.000000,0.000000,0.000000,0.000000,0.000000,0.000000,nan,nan,nan,nan,nan,nan
1786089320141188773,2026-08-07T14:55:20.141202,prediction,0.122664,1.618000,-0.004957,True,-0.057800,0.713800,0.000000,0.180464,0.904200,0.004957,0.00,0,-0.057800,0.713800,0.050000,0.000000,0.000000,0.000000,0.000000,0.000000,0.000000,nan,nan,nan,nan,nan,nan
1786089320162117489,2026-08-07T14:55:20.162139,prediction,0.122664,1.618000,-0.004957,True,-0.057800,0.713800,0.000000,0.180464,0.904200,0.004957,0.00,0,-0.057800,0.713800,0.050000,0.000000,0.000000,0.000000,0.000000,0.000000,0.000000,nan,nan,nan,nan,nan,nan
1786089320174397836,2026-08-07T14:55:20.174411,prediction,0.122664,1.618000,-0.004957,True,-0.057800,0.713800,0.000000,0.180464,0.904200,0.004957,0.00,0,-0.057800,0.713800,0.050000,0.000000,0.000000,0.000000,0.000000,0.000000,0.000000,nan,nan,nan,nan,nan,nan
1786089320195404638,2026-08-07T14:55:20.195422,prediction,0.122664,1.618000,-0.004957,True,-0.057800,0.713800,0.000000,0.180464,0.904200,0.004957,0.00,0,-0.057800,0.713800,0.050000,0.000000,0.000000,0.000000,0.000000,0.000000,0.000000,nan,nan,nan,nan,nan,nan
1786089320207874460,2026-08-07T14:55:20.207888,prediction,0.122664,1.618000,-0.004957,True,-0.057800,0.713800,0.000000,0.180464,0.904200,0.004957,0.00,0,-0.057800,0.713800,0.050000,0.000000,0.000000,0.000000,0.000000,0.000000,0.000000,nan,nan,nan,nan,nan,nan
1786089320228604784,2026-08-07T14:55:20.228625,prediction,0.122664,1.618000,-0.004957,True,-0.057800,0.713800,0.000000,0.180464,0.904200,0.004957,0.00,0,-0.057800,0.713800,0.050000,0.000000,0.000000,0.000000,0.000000,0.000000,0.000000,nan,nan,nan,nan,nan,nan
1786089320241411938,2026-08-07T14:55:20.241426,prediction,0.122664,1.618000,-0.004957,True,-0.057800,0.713800,0.000000,0.180464,0.904200,0.004957,0.00,0,-0.057800,0.713800,0.050000,0.000000,0.000000,0.000000,0.000000,0.000000,0.000000,nan,nan,nan,nan,nan,nan
1786089320262486637,2026-08-07T14:55:20.262505,prediction,0.122664,1.618000,-0.004957,True,-0.057800,0.713800,0.000000,0.180464,0.904200,0.004957,0.00,0,-0.057800,0.713800,0.050000,0.000000,0.000000,0.000000,0.000000,0.000000,0.000000,nan,nan,nan,nan,nan,nan
1786089320274430263,2026-08-07T14:55:20.274444,prediction,0.122664,1.618000,-0.004957,True,-0.057800,0.713800,0.000000,0.180464,0.904200,0.004957,0.00,0,-0.057800,0.713800,0.050000,0.000000,0.000000,0.000000,0.000000,0.000000,0.000000,nan,nan,nan,nan,nan,nan
1786089320295089173,2026-08-07T14:55:20.295108,prediction,0.122664,1.618000,-0.004957,True,-0.057800,0.713800,0.000000,0.180464,0.904200,0.004957,0.00,0,-0.057800,0.713800,0.050000,0.000000,0.000000,0.000000,0.000000,0.000000,0.000000,nan,nan,nan,nan,nan,nan
1786089320307935510,2026-08-07T14:55:20.307949,prediction,0.122664,1.618000,-0.004957,True,-0.057800,0.713800,0.000000,0.180464,0.904200,0.004957,0.00,0,-0.057800,0.713800,0.050000,0.000000,0.000000,0.000000,0.000000,0.000000,0.000000,nan,nan,nan,nan,nan,nan
1786089320328647901,2026-08-07T14:55:20.328666,prediction,0.122664,1.618000,-0.004957,True,-0.057800,0.713800,0.000000,0.180464,0.904200,0.004957,0.00,0,-0.057800,0.713800,0.050000,0.000000,0.000000,0.000000,0.000000,0.000000,0.000000,nan,nan,nan,nan,nan,nan
1786089320341241244,2026-08-07T14:55:20.341261,prediction,0.122664,1.618000,-0.004957,True,-0.057800,0.713800,0.000000,0.180464,0.904200,0.004957,0.00,0,-0.057800,0.713800,0.050000,0.000000,0.000000,0.000000,0.000000,0.000000,0.000000,nan,nan,nan,nan,nan,nan
1786089320361917146,2026-08-07T14:55:20.361938,prediction,0.122664,1.618000,-0.004957,True,-0.057800,0.713800,0.000000,0.180464,0.904200,0.004957,0.00,0,-0.057800,0.713800,0.050000,0.000000,0.000000,0.000000,0.000000,0.000000,0.000000,nan,nan,nan,nan,nan,nan
1786089320374359416,2026-08-07T14:55:20.374372,prediction,0.122664,1.618000,-0.004957,True,-0.057800,0.713800,0.000000,0.180464,0.904200,0.004957,0.00,0,-0.057800,0.713800,0.050000,0.000000,0.000000,0.000000,0.000000,0.000000,0.000000,nan,nan,nan,nan,nan,nan
1786089320395297369,2026-08-07T14:55:20.395318,prediction,0.122664,1.618000,-0.004957,True,-0.057800,0.713800,0.000000,0.180464,0.904200,0.004957,0.00,0,-0.057800,0.713800,0.050000,0.000000,0.000000,0.000000,0.000000,0.000000,0.000000,nan,nan,nan,nan,nan,nan
1786089320408269913,2026-08-07T14:55:20.408293,prediction,0.122664,1.618000,-0.004957,True,-0.057800,0.713800,0.000000,0.180464,0.904200,0.004957,0.00,0,-0.057800,0.713800,0.050000,0.000000,0.000000,0.000000,0.000000,0.000000,0.000000,nan,nan,nan,nan,nan,nan
1786089320428765006,2026-08-07T14:55:20.428788,prediction,0.122664,1.618000,-0.004957,True,-0.057800,0.713800,0.000000,0.180464,0.904200,0.004957,0.00,0,-0.057800,0.713800,0.050000,0.000000,0.000000,0.000000,0.000000,0.000000,0.000000,nan,nan,nan,nan,nan,nan
1786089320443175054,2026-08-07T14:55:20.443221,prediction,0.122664,1.618000,-0.004957,True,-0.057800,0.713800,0.000000,0.180464,0.904200,0.004957,0.00,0,-0.057800,0.713800,0.050000,0.000000,0.000000,0.000000,0.000000,0.000000,0.000000,nan,nan,nan,nan,nan,nan
1786089320462422319,2026-08-07T14:55:20.462436,prediction,0.122664,1.618000,-0.004957,True,-0.057800,0.713800,0.000000,0.180464,0.904200,0.004957,0.00,0,-0.057800,0.713800,0.050000,0.000000,0.000000,0.000000,0.000000,0.000000,0.000000,nan,nan,nan,nan,nan,nan
1786089320475734830,2026-08-07T14:55:20.475751,prediction,0.122664,1.618000,-0.004957,True,-0.057800,0.713800,0.000000,0.180464,0.904200,0.004957,0.00,0,-0.057800,0.713800,0.050000,0.000000,0.000000,0.000000,0.000000,0.000000,0.000000,nan,nan,nan,nan,nan,nan
1786089320495291434,2026-08-07T14:55:20.495314,prediction,0.122664,1.618000,-0.004957,True,-0.057800,0.713800,0.000000,0.180464,0.904200,0.004957,0.00,0,-0.057800,0.713800,0.050000,0.000000,0.000000,0.000000,0.000000,0.000000,0.000000,nan,nan,nan,nan,nan,nan
1786089320507942275,2026-08-07T14:55:20.507956,prediction,0.122664,1.618000,-0.004957,True,-0.057800,0.713800,0.000000,0.180464,0.904200,0.004957,0.00,0,-0.057800,0.713800,0.050000,0.000000,0.000000,0.000000,0.000000,0.000000,0.000000,nan,nan,nan,nan,nan,nan
1786089320528708626,2026-08-07T14:55:20.528731,prediction,0.122664,1.618000,-0.004957,True,-0.057800,0.713800,0.000000,0.180464,0.904200,0.004957,0.00,0,-0.057800,0.713800,0.050000,0.000000,0.000000,0.000000,0.000000,0.000000,0.000000,nan,nan,nan,nan,nan,nan
1786089320541472680,2026-08-07T14:55:20.541497,prediction,0.122664,1.618000,-0.004957,True,-0.057800,0.713800,0.000000,0.180464,0.904200,0.004957,0.00,0,-0.057800,0.713800,0.050000,0.000000,0.000000,0.000000,0.000000,0.000000,0.000000,nan,nan,nan,nan,nan,nan
1786089320562593906,2026-08-07T14:55:20.562618,prediction,0.122664,1.618000,-0.004957,True,-0.057800,0.713800,0.000000,0.180464,0.904200,0.004957,0.00,0,-0.057800,0.713800,0.050000,0.000000,0.000000,0.000000,0.000000,0.000000,0.000000,nan,nan,nan,nan,nan,nan
1786089320574353557,2026-08-07T14:55:20.574367,prediction,0.122664,1.618000,-0.004957,True,-0.057800,0.713800,0.000000,0.180464,0.904200,0.004957,0.00,0,-0.057800,0.713800,0.050000,0.000000,0.000000,0.000000,0.000000,0.000000,0.000000,nan,nan,nan,nan,nan,nan
1786089320595313641,2026-08-07T14:55:20.595335,prediction,0.122664,1.618000,-0.004957,True,-0.057800,0.713800,0.000000,0.180464,0.904200,0.004957,0.00,0,-0.057800,0.713800,0.050000,0.000000,0.000000,0.000000,0.000000,0.000000,0.000000,nan,nan,nan,nan,nan,nan
1786089320607932863,2026-08-07T14:55:20.607951,prediction,0.122664,1.618000,-0.004957,True,-0.057800,0.713800,0.000000,0.180464,0.904200,0.004957,0.00,0,-0.057800,0.713800,0.050000,0.000000,0.000000,0.000000,0.000000,0.000000,0.000000,nan,nan,nan,nan,nan,nan
1786089320628709494,2026-08-07T14:55:20.628731,prediction,0.122664,1.618000,-0.004957,True,-0.057800,0.713800,0.000000,0.180464,0.904200,0.004957,0.00,0,-0.057800,0.713800,0.050000,0.000000,0.000000,0.000000,0.000000,0.000000,0.000000,nan,nan,nan,nan,nan,nan
1786089320641366847,2026-08-07T14:55:20.641389,prediction,0.122664,1.618000,-0.004957,True,-0.057800,0.713800,0.000000,0.180464,0.904200,0.004957,0.00,0,-0.057800,0.713800,0.050000,0.000000,0.000000,0.000000,0.000000,0.000000,0.000000,nan,nan,nan,nan,nan,nan
1786089320661969151,2026-08-07T14:55:20.661991,prediction,0.122664,1.618000,-0.004957,True,-0.057800,0.713800,0.000000,0.180464,0.904200,0.004957,0.00,0,-0.057800,0.713800,0.050000,0.000000,0.000000,0.000000,0.000000,0.000000,0.000000,nan,nan,nan,nan,nan,nan
1786089320674560731,2026-08-07T14:55:20.674577,prediction,0.122664,1.618000,-0.004957,True,-0.057800,0.713800,0.000000,0.180464,0.904200,0.004957,0.00,0,-0.057800,0.713800,0.050000,0.000000,0.000000,0.000000,0.000000,0.000000,0.000000,nan,nan,nan,nan,nan,nan
1786089320695178865,2026-08-07T14:55:20.695197,prediction,0.122664,1.618000,-0.004957,True,-0.057800,0.713800,0.000000,0.180464,0.904200,0.004957,0.00,0,-0.057800,0.713800,0.050000,0.000000,0.000000,0.000000,0.000000,0.000000,0.000000,nan,nan,nan,nan,nan,nan
1786089320708241027,2026-08-07T14:55:20.708262,prediction,0.122664,1.618000,-0.004957,True,-0.057800,0.713800,0.000000,0.180464,0.904200,0.004957,0.00,0,-0.057800,0.713800,0.050000,0.000000,0.000000,0.000000,0.000000,0.000000,0.000000,nan,nan,nan,nan,nan,nan
1786089320728680105,2026-08-07T14:55:20.728699,prediction,0.122664,1.618000,-0.004957,True,-0.057800,0.713800,0.000000,0.180464,0.904200,0.004957,0.00,0,-0.057800,0.713800,0.050000,0.000000,0.000000,0.000000,0.000000,0.000000,0.000000,nan,nan,nan,nan,nan,nan
1786089320741446282,2026-08-07T14:55:20.741468,prediction,0.122664,1.618000,-0.004957,True,-0.057800,0.713800,0.000000,0.180464,0.904200,0.004957,0.00,0,-0.057800,0.713800,0.050000,0.000000,0.000000,0.000000,0.000000,0.000000,0.000000,nan,nan,nan,nan,nan,nan
1786089320763811721,2026-08-07T14:55:20.763827,prediction,0.122664,1.618000,-0.004957,True,-0.057800,0.713800,0.000000,0.180464,0.904200,0.004957,0.00,0,-0.057800,0.713800,0.050000,0.000000,0.000000,0.000000,0.000000,0.000000,0.000000,nan,nan,nan,nan,nan,nan
1786089320774482711,2026-08-07T14:55:20.774516,prediction,0.122664,1.618000,-0.004957,True,-0.057800,0.713800,0.000000,0.180464,0.904200,0.004957,0.00,0,-0.057800,0.713800,0.050000,0.000000,0.000000,0.000000,0.000000,0.000000,0.000000,nan,nan,nan,nan,nan,nan
1786089320795480145,2026-08-07T14:55:20.795496,prediction,0.122664,1.618000,-0.004957,True,-0.057800,0.713800,0.000000,0.180464,0.904200,0.004957,0.00,0,-0.057800,0.713800,0.050000,0.000000,0.000000,0.000000,0.000000,0.000000,0.000000,nan,nan,nan,nan,nan,nan
1786089320808288772,2026-08-07T14:55:20.808312,prediction,0.122664,1.618000,-0.004957,True,-0.057800,0.713800,0.000000,0.180464,0.904200,0.004957,0.00,0,-0.057800,0.713800,0.050000,0.000000,0.000000,0.000000,0.000000,0.000000,0.000000,nan,nan,nan,nan,nan,nan
1786089320828846172,2026-08-07T14:55:20.828868,prediction,0.122664,1.618000,-0.004957,True,-0.057800,0.713800,0.000000,0.180464,0.904200,0.004957,0.00,0,-0.057800,0.713800,0.050000,0.000000,0.000000,0.000000,0.000000,0.000000,0.000000,nan,nan,nan,nan,nan,nan
1786089320841574729,2026-08-07T14:55:20.841593,prediction,0.122664,1.618000,-0.004957,True,-0.057800,0.713800,0.000000,0.180464,0.904200,0.004957,0.00,0,-0.057800,0.713800,0.050000,0.000000,0.000000,0.000000,0.000000,0.000000,0.000000,nan,nan,nan,nan,nan,nan
1786089320862372529,2026-08-07T14:55:20.862394,prediction,0.122664,1.618000,-0.004957,True,-0.057800,0.713800,0.000000,0.180464,0.904200,0.004957,0.00,0,-0.057800,0.713800,0.050000,0.000000,0.000000,0.000000,0.000000,0.000000,0.000000,nan,nan,nan,nan,nan,nan
1786089320874364826,2026-08-07T14:55:20.874382,prediction,0.122664,1.618000,-0.004957,True,-0.057800,0.713800,0.000000,0.180464,0.904200,0.004957,0.00,0,-0.057800,0.713800,0.050000,0.000000,0.000000,0.000000,0.000000,0.000000,0.000000,nan,nan,nan,nan,nan,nan
1786089320895125096,2026-08-07T14:55:20.895140,prediction,0.122664,1.618000,-0.004957,True,-0.057800,0.713800,0.000000,0.180464,0.904200,0.004957,0.00,0,-0.057800,0.713800,0.050000,0.000000,0.000000,0.000000,0.000000,0.000000,0.000000,nan,nan,nan,nan,nan,nan
1786089320908270073,2026-08-07T14:55:20.908291,prediction,0.122664,1.618000,-0.004957,True,-0.057800,0.713800,0.000000,0.180464,0.904200,0.004957,0.00,0,-0.057800,0.713800,0.050000,0.000000,0.000000,0.000000,0.000000,0.000000,0.000000,nan,nan,nan,nan,nan,nan
1786089320928563629,2026-08-07T14:55:20.928582,prediction,0.122664,1.618000,-0.004957,True,-0.057800,0.713800,0.000000,0.180464,0.904200,0.004957,0.00,0,-0.057800,0.713800,0.050000,0.000000,0.000000,0.000000,0.000000,0.000000,0.000000,nan,nan,nan,nan,nan,nan
1786089320941442467,2026-08-07T14:55:20.941467,prediction,0.122664,1.618000,-0.004957,True,-0.057800,0.713800,0.000000,0.180464,0.904200,0.004957,0.00,0,-0.057800,0.713800,0.050000,0.000000,0.000000,0.000000,0.000000,0.000000,0.000000,nan,nan,nan,nan,nan,nan
1786089320962443438,2026-08-07T14:55:20.962468,prediction,0.122664,1.618000,-0.004957,True,-0.057800,0.713800,0.000000,0.180464,0.904200,0.004957,0.00,0,-0.057800,0.713800,0.050000,0.000000,0.000000,0.000000,0.000000,0.000000,0.000000,nan,nan,nan,nan,nan,nan
1786089320974694871,2026-08-07T14:55:20.974716,prediction,0.122664,1.618000,-0.004957,True,-0.057800,0.713800,0.000000,0.180464,0.904200,0.004957,0.00,0,-0.057800,0.713800,0.050000,0.000000,0.000000,0.000000,0.000000,0.000000,0.000000,nan,nan,nan,nan,nan,nan
1786089320995142465,2026-08-07T14:55:20.995162,prediction,0.122664,1.618000,-0.004957,True,-0.057800,0.713800,0.000000,0.180464,0.904200,0.004957,0.00,0,-0.057800,0.713800,0.050000,0.000000,0.000000,0.000000,0.000000,0.000000,0.000000,nan,nan,nan,nan,nan,nan
1786089321007906658,2026-08-07T14:55:21.007928,prediction,0.122664,1.618000,-0.004957,True,-0.057800,0.713800,0.000000,0.180464,0.904200,0.004957,0.00,0,-0.057800,0.713800,0.050000,0.000000,0.000000,0.000000,0.000000,0.000000,0.000000,nan,nan,nan,nan,nan,nan
1786089321028652251,2026-08-07T14:55:21.028685,prediction,0.122664,1.618000,-0.004957,True,-0.057800,0.713800,0.000000,0.180464,0.904200,0.004957,0.00,0,-0.057800,0.713800,0.050000,0.000000,0.000000,0.000000,0.000000,0.000000,0.000000,nan,nan,nan,nan,nan,nan
1786089321041284116,2026-08-07T14:55:21.041301,prediction,0.122664,1.618000,-0.004957,True,-0.057800,0.713800,0.000000,0.180464,0.904200,0.004957,0.00,0,-0.057800,0.713800,0.050000,0.000000,0.000000,0.000000,0.000000,0.000000,0.000000,nan,nan,nan,nan,nan,nan
1786089321062424970,2026-08-07T14:55:21.062446,prediction,0.122664,1.618000,-0.004957,True,-0.057800,0.713800,0.000000,0.180464,0.904200,0.004957,0.00,0,-0.057800,0.713800,0.050000,0.000000,0.000000,0.000000,0.000000,0.000000,0.000000,nan,nan,nan,nan,nan,nan
1786089321074345943,2026-08-07T14:55:21.074359,prediction,0.122664,1.618000,-0.004957,True,-0.057800,0.713800,0.000000,0.180464,0.904200,0.004957,0.00,0,-0.057800,0.713800,0.050000,0.000000,0.000000,0.000000,0.000000,0.000000,0.000000,nan,nan,nan,nan,nan,nan
1786089321095147030,2026-08-07T14:55:21.095164,prediction,0.122664,1.618000,-0.004957,True,-0.057800,0.713800,0.000000,0.180464,0.904200,0.004957,0.00,0,-0.057800,0.713800,0.050000,0.000000,0.000000,0.000000,0.000000,0.000000,0.000000,nan,nan,nan,nan,nan,nan
1786089321107823098,2026-08-07T14:55:21.107836,prediction,0.122664,1.618000,-0.004957,True,-0.057800,0.713800,0.000000,0.180464,0.904200,0.004957,0.00,0,-0.057800,0.713800,0.050000,0.000000,0.000000,0.000000,0.000000,0.000000,0.000000,nan,nan,nan,nan,nan,nan
1786089321128509039,2026-08-07T14:55:21.128524,prediction,0.122664,1.618000,-0.004957,True,-0.057800,0.713800,0.000000,0.180464,0.904200,0.004957,0.00,0,-0.057800,0.713800,0.050000,0.000000,0.000000,0.000000,0.000000,0.000000,0.000000,nan,nan,nan,nan,nan,nan
1786089321141505187,2026-08-07T14:55:21.141521,prediction,0.122664,1.618000,-0.004957,True,-0.057800,0.713800,0.000000,0.180464,0.904200,0.004957,0.00,0,-0.057800,0.713800,0.050000,0.000000,0.000000,0.000000,0.000000,0.000000,0.000000,nan,nan,nan,nan,nan,nan
1786089321162649087,2026-08-07T14:55:21.162667,prediction,0.122664,1.618000,-0.004957,True,-0.057800,0.713800,0.000000,0.180464,0.904200,0.004957,0.00,0,-0.057800,0.713800,0.050000,0.000000,0.000000,0.000000,0.000000,0.000000,0.000000,nan,nan,nan,nan,nan,nan
1786089321174483688,2026-08-07T14:55:21.174504,prediction,0.122664,1.618000,-0.004957,True,-0.057800,0.713800,0.000000,0.180464,0.904200,0.004957,0.00,0,-0.057800,0.713800,0.050000,0.000000,0.000000,0.000000,0.000000,0.000000,0.000000,nan,nan,nan,nan,nan,nan
1786089321195184287,2026-08-07T14:55:21.195198,prediction,0.122664,1.618000,-0.004957,True,-0.057800,0.713800,0.000000,0.180464,0.904200,0.004957,0.00,0,-0.057800,0.713800,0.050000,0.000000,0.000000,0.000000,0.000000,0.000000,0.000000,nan,nan,nan,nan,nan,nan
1786089321207839285,2026-08-07T14:55:21.207856,prediction,0.122664,1.618000,-0.004957,True,-0.057800,0.713800,0.000000,0.180464,0.904200,0.004957,0.00,0,-0.057800,0.713800,0.050000,0.000000,0.000000,0.000000,0.000000,0.000000,0.000000,nan,nan,nan,nan,nan,nan
1786089321228745840,2026-08-07T14:55:21.228760,prediction,0.122664,1.618000,-0.004957,True,-0.057800,0.713800,0.000000,0.180464,0.904200,0.004957,0.00,0,-0.057800,0.713800,0.050000,0.000000,0.000000,0.000000,0.000000,0.000000,0.000000,nan,nan,nan,nan,nan,nan
1786089321243430042,2026-08-07T14:55:21.243475,prediction,0.122664,1.618000,-0.004957,True,-0.057800,0.713800,0.000000,0.180464,0.904200,0.004957,0.00,0,-0.057800,0.713800,0.050000,0.000000,0.000000,0.000000,0.000000,0.000000,0.000000,nan,nan,nan,nan,nan,nan
1786089321262275844,2026-08-07T14:55:21.262346,prediction,0.122664,1.618000,-0.004957,True,-0.057800,0.713800,0.000000,0.180464,0.904200,0.004957,0.00,0,-0.057800,0.713800,0.050000,0.000000,0.000000,0.000000,0.000000,0.000000,0.000000,nan,nan,nan,nan,nan,nan
1786089321275352503,2026-08-07T14:55:21.275376,prediction,0.122664,1.618000,-0.004957,True,-0.057800,0.713800,0.000000,0.180464,0.904200,0.004957,0.00,0,-0.057800,0.713800,0.050000,0.000000,0.000000,0.000000,0.000000,0.000000,0.000000,nan,nan,nan,nan,nan,nan
1786089321295129861,2026-08-07T14:55:21.295148,prediction,0.122664,1.618000,-0.004957,True,-0.057800,0.713800,0.000000,0.180464,0.904200,0.004957,0.00,0,-0.057800,0.713800,0.050000,0.000000,0.000000,0.000000,0.000000,0.000000,0.000000,nan,nan,nan,nan,nan,nan
1786089321308151978,2026-08-07T14:55:21.308169,prediction,0.122664,1.618000,-0.004957,True,-0.057800,0.713800,0.000000,0.180464,0.904200,0.004957,0.00,0,-0.057800,0.713800,0.050000,0.000000,0.000000,0.000000,0.000000,0.000000,0.000000,nan,nan,nan,nan,nan,nan
1786089321328637093,2026-08-07T14:55:21.328655,prediction,0.122664,1.618000,-0.004957,True,-0.057800,0.713800,0.000000,0.180464,0.904200,0.004957,0.00,0,-0.057800,0.713800,0.050000,0.000000,0.000000,0.000000,0.000000,0.000000,0.000000,nan,nan,nan,nan,nan,nan
1786089321341319463,2026-08-07T14:55:21.341340,prediction,0.122664,1.618000,-0.004957,True,-0.057800,0.713800,0.000000,0.180464,0.904200,0.004957,0.00,0,-0.057800,0.713800,0.050000,0.000000,0.000000,0.000000,0.000000,0.000000,0.000000,nan,nan,nan,nan,nan,nan
1786089321362931339,2026-08-07T14:55:21.362949,prediction,0.122664,1.618000,-0.004957,True,-0.057800,0.713800,0.000000,0.180464,0.904200,0.004957,0.00,0,-0.057800,0.713800,0.050000,0.000000,0.000000,0.000000,0.000000,0.000000,0.000000,nan,nan,nan,nan,nan,nan
1786089321375207879,2026-08-07T14:55:21.375267,prediction,0.122664,1.618000,-0.004957,True,-0.057800,0.713800,0.000000,0.180464,0.904200,0.004957,0.00,0,-0.057800,0.713800,0.050000,0.000000,0.000000,0.000000,0.000000,0.000000,0.000000,nan,nan,nan,nan,nan,nan
1786089321395165515,2026-08-07T14:55:21.395182,prediction,0.122664,1.618000,-0.004957,True,-0.057800,0.713800,0.000000,0.180464,0.904200,0.004957,0.00,0,-0.057800,0.713800,0.050000,0.000000,0.000000,0.000000,0.000000,0.000000,0.000000,nan,nan,nan,nan,nan,nan
1786089321408759032,2026-08-07T14:55:21.408774,prediction,0.122664,1.618000,-0.004957,True,-0.057800,0.713800,0.000000,0.180464,0.904200,0.004957,0.00,0,-0.057800,0.713800,0.050000,0.000000,0.000000,0.000000,0.000000,0.000000,0.000000,nan,nan,nan,nan,nan,nan
1786089321428739161,2026-08-07T14:55:21.428757,prediction,0.122664,1.618000,-0.004957,True,-0.057800,0.713800,0.000000,0.180464,0.904200,0.004957,0.00,0,-0.057800,0.713800,0.050000,0.000000,0.000000,0.000000,0.000000,0.000000,0.000000,nan,nan,nan,nan,nan,nan
1786089321441613901,2026-08-07T14:55:21.441701,prediction,0.122664,1.618000,-0.004957,True,-0.057800,0.713800,0.000000,0.180464,0.904200,0.004957,0.00,0,-0.057800,0.713800,0.050000,0.000000,0.000000,0.000000,0.000000,0.000000,0.000000,nan,nan,nan,nan,nan,nan
1786089321462545513,2026-08-07T14:55:21.462566,prediction,0.122664,1.618000,-0.004957,True,-0.057800,0.713800,0.000000,0.180464,0.904200,0.004957,0.00,0,-0.057800,0.713800,0.050000,0.000000,0.000000,0.000000,0.000000,0.000000,0.000000,nan,nan,nan,nan,nan,nan
1786089321474820349,2026-08-07T14:55:21.474876,prediction,0.122664,1.618000,-0.004957,True,-0.057800,0.713800,0.000000,0.180464,0.904200,0.004957,0.00,0,-0.057800,0.713800,0.050000,0.000000,0.000000,0.000000,0.000000,0.000000,0.000000,nan,nan,nan,nan,nan,nan
1786089321495196590,2026-08-07T14:55:21.495210,prediction,0.122664,1.618000,-0.004957,True,-0.057800,0.713800,0.000000,0.180464,0.904200,0.004957,0.00,0,-0.057800,0.713800,0.050000,0.000000,0.000000,0.000000,0.000000,0.000000,0.000000,nan,nan,nan,nan,nan,nan
1786089321508214188,2026-08-07T14:55:21.508270,prediction,0.122664,1.618000,-0.004957,True,-0.057800,0.713800,0.000000,0.180464,0.904200,0.004957,0.00,0,-0.057800,0.713800,0.050000,0.000000,0.000000,0.000000,0.000000,0.000000,0.000000,nan,nan,nan,nan,nan,nan
1786089321530144612,2026-08-07T14:55:21.530194,prediction,0.122664,1.618000,-0.004957,True,-0.057800,0.713800,0.000000,0.180464,0.904200,0.004957,0.00,0,-0.057800,0.713800,0.050000,0.000000,0.000000,0.000000,0.000000,0.000000,0.000000,nan,nan,nan,nan,nan,nan
1786089321541490226,2026-08-07T14:55:21.541510,prediction,0.122664,1.618000,-0.004957,True,-0.057800,0.713800,0.000000,0.180464,0.904200,0.004957,0.00,0,-0.057800,0.713800,0.050000,0.000000,0.000000,0.000000,0.000000,0.000000,0.000000,nan,nan,nan,nan,nan,nan
1786089321563699382,2026-08-07T14:55:21.563772,prediction,0.122664,1.618000,-0.004957,True,-0.057800,0.713800,0.000000,0.180464,0.904200,0.004957,0.00,0,-0.057800,0.713800,0.050000,0.000000,0.000000,0.000000,0.000000,0.000000,0.000000,nan,nan,nan,nan,nan,nan
1786089321574858918,2026-08-07T14:55:21.574911,prediction,0.122664,1.618000,-0.004957,True,-0.057800,0.713800,0.000000,0.180464,0.904200,0.004957,0.00,0,-0.057800,0.713800,0.050000,0.000000,0.000000,0.000000,0.000000,0.000000,0.000000,nan,nan,nan,nan,nan,nan
1786089321596047832,2026-08-07T14:55:21.596068,prediction,0.122664,1.618000,-0.004957,True,-0.057800,0.713800,0.000000,0.180464,0.904200,0.004957,0.00,0,-0.057800,0.713800,0.050000,0.000000,0.000000,0.000000,0.000000,0.000000,0.000000,nan,nan,nan,nan,nan,nan
1786089321608762242,2026-08-07T14:55:21.608779,prediction,0.122664,1.618000,-0.004957,True,-0.057800,0.713800,0.000000,0.180464,0.904200,0.004957,0.00,0,-0.057800,0.713800,0.050000,0.000000,0.000000,0.000000,0.000000,0.000000,0.000000,nan,nan,nan,nan,nan,nan
1786089321630090076,2026-08-07T14:55:21.630110,prediction,0.122664,1.618000,-0.004957,True,-0.057800,0.713800,0.000000,0.180464,0.904200,0.004957,0.00,0,-0.057800,0.713800,0.050000,0.000000,0.000000,0.000000,0.000000,0.000000,0.000000,nan,nan,nan,nan,nan,nan
1786089321642074057,2026-08-07T14:55:21.642126,prediction,0.122664,1.618000,-0.004957,True,-0.057800,0.713800,0.000000,0.180464,0.904200,0.004957,0.00,0,-0.057800,0.713800,0.050000,0.000000,0.000000,0.000000,0.000000,0.000000,0.000000,nan,nan,nan,nan,nan,nan
1786089321662165234,2026-08-07T14:55:21.662183,prediction,0.122664,1.618000,-0.004957,True,-0.057800,0.713800,0.000000,0.180464,0.904200,0.004957,0.00,0,-0.057800,0.713800,0.050000,0.000000,0.000000,0.000000,0.000000,0.000000,0.000000,nan,nan,nan,nan,nan,nan
1786089321674742166,2026-08-07T14:55:21.674764,prediction,0.122664,1.618000,-0.004957,True,-0.057800,0.713800,0.000000,0.180464,0.904200,0.004957,0.00,0,-0.057800,0.713800,0.050000,0.000000,0.000000,0.000000,0.000000,0.000000,0.000000,nan,nan,nan,nan,nan,nan
1786089321695232841,2026-08-07T14:55:21.695246,prediction,0.122664,1.618000,-0.004957,True,-0.057800,0.713800,0.000000,0.180464,0.904200,0.004957,0.00,0,-0.057800,0.713800,0.050000,0.000000,0.000000,0.000000,0.000000,0.000000,0.000000,nan,nan,nan,nan,nan,nan
1786089321707978109,2026-08-07T14:55:21.707992,prediction,0.122664,1.618000,-0.004957,True,-0.057800,0.713800,0.000000,0.180464,0.904200,0.004957,0.00,0,-0.057800,0.713800,0.050000,0.000000,0.000000,0.000000,0.000000,0.000000,0.000000,nan,nan,nan,nan,nan,nan
1786089321728701200,2026-08-07T14:55:21.728718,prediction,0.122664,1.618000,-0.004957,True,-0.057800,0.713800,0.000000,0.180464,0.904200,0.004957,0.00,0,-0.057800,0.713800,0.050000,0.000000,0.000000,0.000000,0.000000,0.000000,0.000000,nan,nan,nan,nan,nan,nan
1786089321741350598,2026-08-07T14:55:21.741372,prediction,0.122664,1.618000,-0.004957,True,-0.057800,0.713800,0.000000,0.180464,0.904200,0.004957,0.00,0,-0.057800,0.713800,0.050000,0.000000,0.000000,0.000000,0.000000,0.000000,0.000000,nan,nan,nan,nan,nan,nan
1786089321762192622,2026-08-07T14:55:21.762209,prediction,0.122664,1.618000,-0.004957,True,-0.057800,0.713800,0.000000,0.180464,0.904200,0.004957,0.00,0,-0.057800,0.713800,0.050000,0.000000,0.000000,0.000000,0.000000,0.000000,0.000000,nan,nan,nan,nan,nan,nan
1786089321774573677,2026-08-07T14:55:21.774593,prediction,0.122664,1.618000,-0.004957,True,-0.057800,0.713800,0.000000,0.180464,0.904200,0.004957,0.00,0,-0.057800,0.713800,0.050000,0.000000,0.000000,0.000000,0.000000,0.000000,0.000000,nan,nan,nan,nan,nan,nan
1786089321795142809,2026-08-07T14:55:21.795160,prediction,0.122664,1.618000,-0.004957,True,-0.057800,0.713800,0.000000,0.180464,0.904200,0.004957,0.00,0,-0.057800,0.713800,0.050000,0.000000,0.000000,0.000000,0.000000,0.000000,0.000000,nan,nan,nan,nan,nan,nan
1786089321807858021,2026-08-07T14:55:21.807872,prediction,0.122664,1.618000,-0.004957,True,-0.057800,0.713800,0.000000,0.180464,0.904200,0.004957,0.00,0,-0.057800,0.713800,0.050000,0.000000,0.000000,0.000000,0.000000,0.000000,0.000000,nan,nan,nan,nan,nan,nan
1786089321828759175,2026-08-07T14:55:21.828778,prediction,0.122664,1.618000,-0.004957,True,-0.057800,0.713800,0.000000,0.180464,0.904200,0.004957,0.00,0,-0.057800,0.713800,0.050000,0.000000,0.000000,0.000000,0.000000,0.000000,0.000000,nan,nan,nan,nan,nan,nan
1786089321841405808,2026-08-07T14:55:21.841421,prediction,0.122664,1.618000,-0.004957,True,-0.057800,0.713800,0.000000,0.180464,0.904200,0.004957,0.00,0,-0.057800,0.713800,0.050000,0.000000,0.000000,0.000000,0.000000,0.000000,0.000000,nan,nan,nan,nan,nan,nan
1786089321862346026,2026-08-07T14:55:21.862362,prediction,0.122664,1.618000,-0.004957,True,-0.057800,0.713800,0.000000,0.180464,0.904200,0.004957,0.00,0,-0.057800,0.713800,0.050000,0.000000,0.000000,0.000000,0.000000,0.000000,0.000000,nan,nan,nan,nan,nan,nan
1786089321874445844,2026-08-07T14:55:21.874459,prediction,0.122664,1.618000,-0.004957,True,-0.057800,0.713800,0.000000,0.180464,0.904200,0.004957,0.00,0,-0.057800,0.713800,0.050000,0.000000,0.000000,0.000000,0.000000,0.000000,0.000000,nan,nan,nan,nan,nan,nan
1786089321895209391,2026-08-07T14:55:21.895229,prediction,0.122664,1.618000,-0.004957,True,-0.057800,0.713800,0.000000,0.180464,0.904200,0.004957,0.00,0,-0.057800,0.713800,0.050000,0.000000,0.000000,0.000000,0.000000,0.000000,0.000000,nan,nan,nan,nan,nan,nan
1786089321908215688,2026-08-07T14:55:21.908229,prediction,0.122664,1.618000,-0.004957,True,-0.057800,0.713800,0.000000,0.180464,0.904200,0.004957,0.00,0,-0.057800,0.713800,0.050000,0.000000,0.000000,0.000000,0.000000,0.000000,0.000000,nan,nan,nan,nan,nan,nan
1786089321928623899,2026-08-07T14:55:21.928646,prediction,0.122664,1.618000,-0.004957,True,-0.057800,0.713800,0.000000,0.180464,0.904200,0.004957,0.00,0,-0.057800,0.713800,0.050000,0.000000,0.000000,0.000000,0.000000,0.000000,0.000000,nan,nan,nan,nan,nan,nan
1786089321941569472,2026-08-07T14:55:21.941587,prediction,0.122664,1.618000,-0.004957,True,-0.057800,0.713800,0.000000,0.180464,0.904200,0.004957,0.00,0,-0.057800,0.713800,0.050000,0.000000,0.000000,0.000000,0.000000,0.000000,0.000000,nan,nan,nan,nan,nan,nan
1786089321962194970,2026-08-07T14:55:21.962207,prediction,0.122664,1.618000,-0.004957,True,-0.057800,0.713800,0.000000,0.180464,0.904200,0.004957,0.00,0,-0.057800,0.713800,0.050000,0.000000,0.000000,0.000000,0.000000,0.000000,0.000000,nan,nan,nan,nan,nan,nan
1786089321974855800,2026-08-07T14:55:21.974877,prediction,0.122664,1.618000,-0.004957,True,-0.057800,0.713800,0.000000,0.180464,0.904200,0.004957,0.00,0,-0.057800,0.713800,0.050000,0.000000,0.000000,0.000000,0.000000,0.000000,0.000000,nan,nan,nan,nan,nan,nan
1786089321995219026,2026-08-07T14:55:21.995239,prediction,0.122664,1.618000,-0.004957,True,-0.057800,0.713800,0.000000,0.180464,0.904200,0.004957,0.00,0,-0.057800,0.713800,0.050000,0.000000,0.000000,0.000000,0.000000,0.000000,0.000000,nan,nan,nan,nan,nan,nan
1786089322008395251,2026-08-07T14:55:22.008422,prediction,0.122664,1.618000,-0.004957,True,-0.057800,0.713800,0.000000,0.180464,0.904200,0.004957,0.00,0,-0.057800,0.713800,0.050000,0.000000,0.000000,0.000000,0.000000,0.000000,0.000000,nan,nan,nan,nan,nan,nan
1786089322028855379,2026-08-07T14:55:22.028874,prediction,0.122664,1.618000,-0.004957,True,-0.057800,0.713800,0.000000,0.180464,0.904200,0.004957,0.00,0,-0.057800,0.713800,0.050000,0.000000,0.000000,0.000000,0.000000,0.000000,0.000000,nan,nan,nan,nan,nan,nan
1786089322042866750,2026-08-07T14:55:22.042916,prediction,0.122664,1.618000,-0.004957,True,-0.057800,0.713800,0.000000,0.180464,0.904200,0.004957,0.00,0,-0.057800,0.713800,0.050000,0.000000,0.000000,0.000000,0.000000,0.000000,0.000000,nan,nan,nan,nan,nan,nan
1786089322062593644,2026-08-07T14:55:22.062618,prediction,0.122664,1.618000,-0.004957,True,-0.057800,0.713800,0.000000,0.180464,0.904200,0.004957,0.00,0,-0.057800,0.713800,0.050000,0.000000,0.000000,0.000000,0.000000,0.000000,0.000000,nan,nan,nan,nan,nan,nan
1786089322075471661,2026-08-07T14:55:22.075486,prediction,0.122664,1.618000,-0.004957,True,-0.057800,0.713800,0.000000,0.180464,0.904200,0.004957,0.00,0,-0.057800,0.713800,0.050000,0.000000,0.000000,0.000000,0.000000,0.000000,0.000000,nan,nan,nan,nan,nan,nan
1786089322095347875,2026-08-07T14:55:22.095370,prediction,0.122664,1.618000,-0.004957,True,-0.057800,0.713800,0.000000,0.180464,0.904200,0.004957,0.00,0,-0.057800,0.713800,0.050000,0.000000,0.000000,0.000000,0.000000,0.000000,0.000000,nan,nan,nan,nan,nan,nan
1786089322108627194,2026-08-07T14:55:22.108645,prediction,0.122664,1.618000,-0.004957,True,-0.057800,0.713800,0.000000,0.180464,0.904200,0.004957,0.00,0,-0.057800,0.713800,0.050000,0.000000,0.000000,0.000000,0.000000,0.000000,0.000000,nan,nan,nan,nan,nan,nan
1786089322128787199,2026-08-07T14:55:22.128807,prediction,0.122664,1.618000,-0.004957,True,-0.057800,0.713800,0.000000,0.180464,0.904200,0.004957,0.00,0,-0.057800,0.713800,0.050000,0.000000,0.000000,0.000000,0.000000,0.000000,0.000000,nan,nan,nan,nan,nan,nan
1786089322141383157,2026-08-07T14:55:22.141403,prediction,0.122664,1.618000,-0.004957,True,-0.057800,0.713800,0.000000,0.180464,0.904200,0.004957,0.00,0,-0.057800,0.713800,0.050000,0.000000,0.000000,0.000000,0.000000,0.000000,0.000000,nan,nan,nan,nan,nan,nan
1786089322162447638,2026-08-07T14:55:22.162464,prediction,0.122664,1.618000,-0.004957,True,-0.057800,0.713800,0.000000,0.180464,0.904200,0.004957,0.00,0,-0.057800,0.713800,0.050000,0.000000,0.000000,0.000000,0.000000,0.000000,0.000000,nan,nan,nan,nan,nan,nan
1786089322174317826,2026-08-07T14:55:22.174334,prediction,0.122664,1.618000,-0.004957,True,-0.057800,0.713800,0.000000,0.180464,0.904200,0.004957,0.00,0,-0.057800,0.713800,0.050000,0.000000,0.000000,0.000000,0.000000,0.000000,0.000000,nan,nan,nan,nan,nan,nan
1786089322195203903,2026-08-07T14:55:22.195224,prediction,0.122664,1.618000,-0.004957,True,-0.057800,0.713800,0.000000,0.180464,0.904200,0.004957,0.00,0,-0.057800,0.713800,0.050000,0.000000,0.000000,0.000000,0.000000,0.000000,0.000000,nan,nan,nan,nan,nan,nan
1786089322208060700,2026-08-07T14:55:22.208113,prediction,0.122664,1.618000,-0.004957,True,-0.057800,0.713800,0.000000,0.180464,0.904200,0.004957,0.00,0,-0.057800,0.713800,0.050000,0.000000,0.000000,0.000000,0.000000,0.000000,0.000000,nan,nan,nan,nan,nan,nan
1786089322228939332,2026-08-07T14:55:22.229013,prediction,0.122664,1.618000,-0.004957,True,-0.057800,0.713800,0.000000,0.180464,0.904200,0.004957,0.00,0,-0.057800,0.713800,0.050000,0.000000,0.000000,0.000000,0.000000,0.000000,0.000000,nan,nan,nan,nan,nan,nan
1786089322241486739,2026-08-07T14:55:22.241507,prediction,0.122664,1.618000,-0.004957,True,-0.057800,0.713800,0.000000,0.180464,0.904200,0.004957,0.00,0,-0.057800,0.713800,0.050000,0.000000,0.000000,0.000000,0.000000,0.000000,0.000000,nan,nan,nan,nan,nan,nan
1786089322262228976,2026-08-07T14:55:22.262249,prediction,0.122664,1.618000,-0.004957,True,-0.057800,0.713800,0.000000,0.180464,0.904200,0.004957,0.00,0,-0.057800,0.713800,0.050000,0.000000,0.000000,0.000000,0.000000,0.000000,0.000000,nan,nan,nan,nan,nan,nan
1786089322274473786,2026-08-07T14:55:22.274494,prediction,0.122664,1.618000,-0.004957,True,-0.057800,0.713800,0.000000,0.180464,0.904200,0.004957,0.00,0,-0.057800,0.713800,0.050000,0.000000,0.000000,0.000000,0.000000,0.000000,0.000000,nan,nan,nan,nan,nan,nan
1786089322295359251,2026-08-07T14:55:22.295382,prediction,0.122664,1.618000,-0.004957,True,-0.057800,0.713800,0.000000,0.180464,0.904200,0.004957,0.00,0,-0.057800,0.713800,0.050000,0.000000,0.000000,0.000000,0.000000,0.000000,0.000000,nan,nan,nan,nan,nan,nan
1786089322308013258,2026-08-07T14:55:22.308035,prediction,0.122664,1.618000,-0.004957,True,-0.057800,0.713800,0.000000,0.180464,0.904200,0.004957,0.00,0,-0.057800,0.713800,0.050000,0.000000,0.000000,0.000000,0.000000,0.000000,0.000000,nan,nan,nan,nan,nan,nan
1786089322330358880,2026-08-07T14:55:22.330419,prediction,0.122664,1.618000,-0.004957,True,-0.057800,0.713800,0.000000,0.180464,0.904200,0.004957,0.00,0,-0.057800,0.713800,0.050000,0.000000,0.000000,0.000000,0.000000,0.000000,0.000000,nan,nan,nan,nan,nan,nan
1786089322341510972,2026-08-07T14:55:22.341539,prediction,0.122664,1.618000,-0.004957,True,-0.057800,0.713800,0.000000,0.180464,0.904200,0.004957,0.00,0,-0.057800,0.713800,0.050000,0.000000,0.000000,0.000000,0.000000,0.000000,0.000000,nan,nan,nan,nan,nan,nan
1786089322363318004,2026-08-07T14:55:22.363337,prediction,0.122664,1.618000,-0.004957,True,-0.057800,0.713800,0.000000,0.180464,0.904200,0.004957,0.00,0,-0.057800,0.713800,0.050000,0.000000,0.000000,0.000000,0.000000,0.000000,0.000000,nan,nan,nan,nan,nan,nan
1786089322374644443,2026-08-07T14:55:22.374665,prediction,0.122664,1.618000,-0.004957,True,-0.057800,0.713800,0.000000,0.180464,0.904200,0.004957,0.00,0,-0.057800,0.713800,0.050000,0.000000,0.000000,0.000000,0.000000,0.000000,0.000000,nan,nan,nan,nan,nan,nan
1786089322395440521,2026-08-07T14:55:22.395458,prediction,0.122664,1.618000,-0.004957,True,-0.057800,0.713800,0.000000,0.180464,0.904200,0.004957,0.00,0,-0.057800,0.713800,0.050000,0.000000,0.000000,0.000000,0.000000,0.000000,0.000000,nan,nan,nan,nan,nan,nan
1786089322408379963,2026-08-07T14:55:22.408400,prediction,0.122664,1.618000,-0.004957,True,-0.057800,0.713800,0.000000,0.180464,0.904200,0.004957,0.00,0,-0.057800,0.713800,0.050000,0.000000,0.000000,0.000000,0.000000,0.000000,0.000000,nan,nan,nan,nan,nan,nan
1786089322428795688,2026-08-07T14:55:22.428817,prediction,0.122664,1.618000,-0.004957,True,-0.057800,0.713800,0.000000,0.180464,0.904200,0.004957,0.00,0,-0.057800,0.713800,0.050000,0.000000,0.000000,0.000000,0.000000,0.000000,0.000000,nan,nan,nan,nan,nan,nan
1786089322441573988,2026-08-07T14:55:22.441591,prediction,0.122664,1.618000,-0.004957,True,-0.057800,0.713800,0.000000,0.180464,0.904200,0.004957,0.00,0,-0.057800,0.713800,0.050000,0.000000,0.000000,0.000000,0.000000,0.000000,0.000000,nan,nan,nan,nan,nan,nan
1786089322462503706,2026-08-07T14:55:22.462520,prediction,0.122664,1.618000,-0.004957,True,-0.057800,0.713800,0.000000,0.180464,0.904200,0.004957,0.00,0,-0.057800,0.713800,0.050000,0.000000,0.000000,0.000000,0.000000,0.000000,0.000000,nan,nan,nan,nan,nan,nan
1786089322474504879,2026-08-07T14:55:22.474517,prediction,0.122664,1.618000,-0.004957,True,-0.057800,0.713800,0.000000,0.180464,0.904200,0.004957,0.00,0,-0.057800,0.713800,0.050000,0.000000,0.000000,0.000000,0.000000,0.000000,0.000000,nan,nan,nan,nan,nan,nan
1786089322495439867,2026-08-07T14:55:22.495455,prediction,0.122664,1.618000,-0.004957,True,-0.057800,0.713800,0.000000,0.180464,0.904200,0.004957,0.00,0,-0.057800,0.713800,0.050000,0.000000,0.000000,0.000000,0.000000,0.000000,0.000000,nan,nan,nan,nan,nan,nan
1786089322508233456,2026-08-07T14:55:22.508248,prediction,0.122664,1.618000,-0.004957,True,-0.057800,0.713800,0.000000,0.180464,0.904200,0.004957,0.00,0,-0.057800,0.713800,0.050000,0.000000,0.000000,0.000000,0.000000,0.000000,0.000000,nan,nan,nan,nan,nan,nan
1786089322528843525,2026-08-07T14:55:22.528862,prediction,0.122664,1.618000,-0.004957,True,-0.057800,0.713800,0.000000,0.180464,0.904200,0.004957,0.00,0,-0.057800,0.713800,0.050000,0.000000,0.000000,0.000000,0.000000,0.000000,0.000000,nan,nan,nan,nan,nan,nan
1786089322541540553,2026-08-07T14:55:22.541567,prediction,0.122664,1.618000,-0.004957,True,-0.057800,0.713800,0.000000,0.180464,0.904200,0.004957,0.00,0,-0.057800,0.713800,0.050000,0.000000,0.000000,0.000000,0.000000,0.000000,0.000000,nan,nan,nan,nan,nan,nan
1786089322562118702,2026-08-07T14:55:22.562147,prediction,0.122664,1.618000,-0.004957,True,-0.057800,0.713800,0.000000,0.180464,0.904200,0.004957,0.00,0,-0.057800,0.713800,0.050000,0.000000,0.000000,0.000000,0.000000,0.000000,0.000000,nan,nan,nan,nan,nan,nan
1786089322574500068,2026-08-07T14:55:22.574520,prediction,0.122664,1.618000,-0.004957,True,-0.057800,0.713800,0.000000,0.180464,0.904200,0.004957,0.00,0,-0.057800,0.713800,0.050000,0.000000,0.000000,0.000000,0.000000,0.000000,0.000000,nan,nan,nan,nan,nan,nan
1786089322595315832,2026-08-07T14:55:22.595331,prediction,0.122664,1.618000,-0.004957,True,-0.057800,0.713800,0.000000,0.180464,0.904200,0.004957,0.00,0,-0.057800,0.713800,0.050000,0.000000,0.000000,0.000000,0.000000,0.000000,0.000000,nan,nan,nan,nan,nan,nan
1786089322608050831,2026-08-07T14:55:22.608064,prediction,0.122664,1.618000,-0.004957,True,-0.057800,0.713800,0.000000,0.180464,0.904200,0.004957,0.00,0,-0.057800,0.713800,0.050000,0.000000,0.000000,0.000000,0.000000,0.000000,0.000000,nan,nan,nan,nan,nan,nan
1786089322628825769,2026-08-07T14:55:22.628848,prediction,0.122664,1.618000,-0.004957,True,-0.057800,0.713800,0.000000,0.180464,0.904200,0.004957,0.00,0,-0.057800,0.713800,0.050000,0.000000,0.000000,0.000000,0.000000,0.000000,0.000000,nan,nan,nan,nan,nan,nan
1786089322641790449,2026-08-07T14:55:22.641809,prediction,0.122664,1.618000,-0.004957,True,-0.057800,0.713800,0.000000,0.180464,0.904200,0.004957,0.00,0,-0.057800,0.713800,0.050000,0.000000,0.000000,0.000000,0.000000,0.000000,0.000000,nan,nan,nan,nan,nan,nan
1786089322662123318,2026-08-07T14:55:22.662150,prediction,0.122664,1.618000,-0.004957,True,-0.057800,0.713800,0.000000,0.180464,0.904200,0.004957,0.00,0,-0.057800,0.713800,0.050000,0.000000,0.000000,0.000000,0.000000,0.000000,0.000000,nan,nan,nan,nan,nan,nan
1786089322674505486,2026-08-07T14:55:22.674518,prediction,0.122664,1.618000,-0.004957,True,-0.057800,0.713800,0.000000,0.180464,0.904200,0.004957,0.00,0,-0.057800,0.713800,0.050000,0.000000,0.000000,0.000000,0.000000,0.000000,0.000000,nan,nan,nan,nan,nan,nan
1786089322695325849,2026-08-07T14:55:22.695346,prediction,0.122664,1.618000,-0.004957,True,-0.057800,0.713800,0.000000,0.180464,0.904200,0.004957,0.00,0,-0.057800,0.713800,0.050000,0.000000,0.000000,0.000000,0.000000,0.000000,0.000000,nan,nan,nan,nan,nan,nan
1786089322708193216,2026-08-07T14:55:22.708210,prediction,0.122664,1.618000,-0.004957,True,-0.057800,0.713800,0.000000,0.180464,0.904200,0.004957,0.00,0,-0.057800,0.713800,0.050000,0.000000,0.000000,0.000000,0.000000,0.000000,0.000000,nan,nan,nan,nan,nan,nan
1786089322728769161,2026-08-07T14:55:22.728788,prediction,0.122664,1.618000,-0.004957,True,-0.057800,0.713800,0.000000,0.180464,0.904200,0.004957,0.00,0,-0.057800,0.713800,0.050000,0.000000,0.000000,0.000000,0.000000,0.000000,0.000000,nan,nan,nan,nan,nan,nan
1786089322741596663,2026-08-07T14:55:22.741613,prediction,0.122664,1.618000,-0.004957,True,-0.057800,0.713800,0.000000,0.180464,0.904200,0.004957,0.00,0,-0.057800,0.713800,0.050000,0.000000,0.000000,0.000000,0.000000,0.000000,0.000000,nan,nan,nan,nan,nan,nan
1786089322762401878,2026-08-07T14:55:22.762419,prediction,0.122664,1.618000,-0.004957,True,-0.057800,0.713800,0.000000,0.180464,0.904200,0.004957,0.00,0,-0.057800,0.713800,0.050000,0.000000,0.000000,0.000000,0.000000,0.000000,0.000000,nan,nan,nan,nan,nan,nan
1786089322774589962,2026-08-07T14:55:22.774603,prediction,0.122664,1.618000,-0.004957,True,-0.057800,0.713800,0.000000,0.180464,0.904200,0.004957,0.00,0,-0.057800,0.713800,0.050000,0.000000,0.000000,0.000000,0.000000,0.000000,0.000000,nan,nan,nan,nan,nan,nan
1786089322795381360,2026-08-07T14:55:22.795402,prediction,0.122664,1.618000,-0.004957,True,-0.057800,0.713800,0.000000,0.180464,0.904200,0.004957,0.00,0,-0.057800,0.713800,0.050000,0.000000,0.000000,0.000000,0.000000,0.000000,0.000000,nan,nan,nan,nan,nan,nan
1786089322808336842,2026-08-07T14:55:22.808353,prediction,0.122664,1.618000,-0.004957,True,-0.057800,0.713800,0.000000,0.180464,0.904200,0.004957,0.00,0,-0.057800,0.713800,0.050000,0.000000,0.000000,0.000000,0.000000,0.000000,0.000000,nan,nan,nan,nan,nan,nan
1786089322828762646,2026-08-07T14:55:22.828789,prediction,0.122664,1.618000,-0.004957,True,-0.057800,0.713800,0.000000,0.180464,0.904200,0.004957,0.00,0,-0.057800,0.713800,0.050000,0.000000,0.000000,0.000000,0.000000,0.000000,0.000000,nan,nan,nan,nan,nan,nan
1786089322842642140,2026-08-07T14:55:22.842705,prediction,0.122664,1.618000,-0.004957,True,-0.057800,0.713800,0.000000,0.180464,0.904200,0.004957,0.00,0,-0.057800,0.713800,0.050000,0.000000,0.000000,0.000000,0.000000,0.000000,0.000000,nan,nan,nan,nan,nan,nan
1786089322862886012,2026-08-07T14:55:22.862909,prediction,0.122664,1.618000,-0.004957,True,-0.057800,0.713800,0.000000,0.180464,0.904200,0.004957,0.00,0,-0.057800,0.713800,0.050000,0.000000,0.000000,0.000000,0.000000,0.000000,0.000000,nan,nan,nan,nan,nan,nan
1786089322875217505,2026-08-07T14:55:22.875264,prediction,0.122664,1.618000,-0.004957,True,-0.057800,0.713800,0.000000,0.180464,0.904200,0.004957,0.00,0,-0.057800,0.713800,0.050000,0.000000,0.000000,0.000000,0.000000,0.000000,0.000000,nan,nan,nan,nan,nan,nan
1786089322895270851,2026-08-07T14:55:22.895295,prediction,0.122664,1.618000,-0.004957,True,-0.057800,0.713800,0.000000,0.180464,0.904200,0.004957,0.00,0,-0.057800,0.713800,0.050000,0.000000,0.000000,0.000000,0.000000,0.000000,0.000000,nan,nan,nan,nan,nan,nan
1786089322908232294,2026-08-07T14:55:22.908247,prediction,0.122664,1.618000,-0.004957,True,-0.057800,0.713800,0.000000,0.180464,0.904200,0.004957,0.00,0,-0.057800,0.713800,0.050000,0.000000,0.000000,0.000000,0.000000,0.000000,0.000000,nan,nan,nan,nan,nan,nan
1786089322928623182,2026-08-07T14:55:22.928647,prediction,0.122664,1.618000,-0.004957,True,-0.057800,0.713800,0.000000,0.180464,0.904200,0.004957,0.00,0,-0.057800,0.713800,0.050000,0.000000,0.000000,0.000000,0.000000,0.000000,0.000000,nan,nan,nan,nan,nan,nan
1786089322941332763,2026-08-07T14:55:22.941352,prediction,0.122664,1.618000,-0.004957,True,-0.057800,0.713800,0.000000,0.180464,0.904200,0.004957,0.00,0,-0.057800,0.713800,0.050000,0.000000,0.000000,0.000000,0.000000,0.000000,0.000000,nan,nan,nan,nan,nan,nan
1786089322962043992,2026-08-07T14:55:22.962069,prediction,0.122664,1.618000,-0.004957,True,-0.057800,0.713800,0.000000,0.180464,0.904200,0.004957,0.00,0,-0.057800,0.713800,0.050000,0.000000,0.000000,0.000000,0.000000,0.000000,0.000000,nan,nan,nan,nan,nan,nan
1786089322974409929,2026-08-07T14:55:22.974424,prediction,0.122664,1.618000,-0.004957,True,-0.057800,0.713800,0.000000,0.180464,0.904200,0.004957,0.00,0,-0.057800,0.713800,0.050000,0.000000,0.000000,0.000000,0.000000,0.000000,0.000000,nan,nan,nan,nan,nan,nan
1786089322995125596,2026-08-07T14:55:22.995143,prediction,0.122664,1.618000,-0.004957,True,-0.057800,0.713800,0.000000,0.180464,0.904200,0.004957,0.00,0,-0.057800,0.713800,0.050000,0.000000,0.000000,0.000000,0.000000,0.000000,0.000000,nan,nan,nan,nan,nan,nan
1786089323007997231,2026-08-07T14:55:23.008023,prediction,0.122664,1.618000,-0.004957,True,-0.057800,0.713800,0.000000,0.180464,0.904200,0.004957,0.00,0,-0.057800,0.713800,0.050000,0.000000,0.000000,0.000000,0.000000,0.000000,0.000000,nan,nan,nan,nan,nan,nan
1786089323029367214,2026-08-07T14:55:23.029384,prediction,0.122664,1.618000,-0.004957,True,-0.057800,0.713800,0.000000,0.180464,0.904200,0.004957,0.00,0,-0.057800,0.713800,0.050000,0.000000,0.000000,0.000000,0.000000,0.000000,0.000000,nan,nan,nan,nan,nan,nan
1786089323041415987,2026-08-07T14:55:23.041436,prediction,0.122664,1.618000,-0.004957,True,-0.057800,0.713800,0.000000,0.180464,0.904200,0.004957,0.00,0,-0.057800,0.713800,0.050000,0.000000,0.000000,0.000000,0.000000,0.000000,0.000000,nan,nan,nan,nan,nan,nan
1786089323062483614,2026-08-07T14:55:23.062503,prediction,0.122664,1.618000,-0.004957,True,-0.057800,0.713800,0.000000,0.180464,0.904200,0.004957,0.00,0,-0.057800,0.713800,0.050000,0.000000,0.000000,0.000000,0.000000,0.000000,0.000000,nan,nan,nan,nan,nan,nan
1786089323074408985,2026-08-07T14:55:23.074422,prediction,0.122664,1.618000,-0.004957,True,-0.057800,0.713800,0.000000,0.180464,0.904200,0.004957,0.00,0,-0.057800,0.713800,0.050000,0.000000,0.000000,0.000000,0.000000,0.000000,0.000000,nan,nan,nan,nan,nan,nan
1786089323095199663,2026-08-07T14:55:23.095221,prediction,0.122664,1.618000,-0.004957,True,-0.057800,0.713800,0.000000,0.180464,0.904200,0.004957,0.00,0,-0.057800,0.713800,0.050000,0.000000,0.000000,0.000000,0.000000,0.000000,0.000000,nan,nan,nan,nan,nan,nan
1786089323107897342,2026-08-07T14:55:23.107920,prediction,0.122664,1.618000,-0.004957,True,-0.057800,0.713800,0.000000,0.180464,0.904200,0.004957,0.00,0,-0.057800,0.713800,0.050000,0.000000,0.000000,0.000000,0.000000,0.000000,0.000000,nan,nan,nan,nan,nan,nan
1786089323129465206,2026-08-07T14:55:23.129559,prediction,0.122664,1.618000,-0.004957,True,-0.057800,0.713800,0.000000,0.180464,0.904200,0.004957,0.00,0,-0.057800,0.713800,0.050000,0.000000,0.000000,0.000000,0.000000,0.000000,0.000000,nan,nan,nan,nan,nan,nan
1786089323141364489,2026-08-07T14:55:23.141388,prediction,0.122664,1.618000,-0.004957,True,-0.057800,0.713800,0.000000,0.180464,0.904200,0.004957,0.00,0,-0.057800,0.713800,0.050000,0.000000,0.000000,0.000000,0.000000,0.000000,0.000000,nan,nan,nan,nan,nan,nan
1786089323162790748,2026-08-07T14:55:23.162841,prediction,0.122664,1.618000,-0.004957,True,-0.057800,0.713800,0.000000,0.180464,0.904200,0.004957,0.00,0,-0.057800,0.713800,0.050000,0.000000,0.000000,0.000000,0.000000,0.000000,0.000000,nan,nan,nan,nan,nan,nan
1786089323174471271,2026-08-07T14:55:23.174490,prediction,0.122664,1.618000,-0.004957,True,-0.057800,0.713800,0.000000,0.180464,0.904200,0.004957,0.00,0,-0.057800,0.713800,0.050000,0.000000,0.000000,0.000000,0.000000,0.000000,0.000000,nan,nan,nan,nan,nan,nan
1786089323195154056,2026-08-07T14:55:23.195174,prediction,0.122664,1.618000,-0.004957,True,-0.057800,0.713800,0.000000,0.180464,0.904200,0.004957,0.00,0,-0.057800,0.713800,0.050000,0.000000,0.000000,0.000000,0.000000,0.000000,0.000000,nan,nan,nan,nan,nan,nan
1786089323207891950,2026-08-07T14:55:23.207908,prediction,0.122664,1.618000,-0.004957,True,-0.057800,0.713800,0.000000,0.180464,0.904200,0.004957,0.00,0,-0.057800,0.713800,0.050000,0.000000,0.000000,0.000000,0.000000,0.000000,0.000000,nan,nan,nan,nan,nan,nan
1786089323228563214,2026-08-07T14:55:23.228588,prediction,0.122664,1.618000,-0.004957,True,-0.057800,0.713800,0.000000,0.180464,0.904200,0.004957,0.00,0,-0.057800,0.713800,0.050000,0.000000,0.000000,0.000000,0.000000,0.000000,0.000000,nan,nan,nan,nan,nan,nan
1786089323241523595,2026-08-07T14:55:23.241540,prediction,0.122664,1.618000,-0.004957,True,-0.057800,0.713800,0.000000,0.180464,0.904200,0.004957,0.00,0,-0.057800,0.713800,0.050000,0.000000,0.000000,0.000000,0.000000,0.000000,0.000000,nan,nan,nan,nan,nan,nan
1786089323262600690,2026-08-07T14:55:23.262622,prediction,0.122664,1.618000,-0.004957,True,-0.057800,0.713800,0.000000,0.180464,0.904200,0.004957,0.00,0,-0.057800,0.713800,0.050000,0.000000,0.000000,0.000000,0.000000,0.000000,0.000000,nan,nan,nan,nan,nan,nan
1786089323274434630,2026-08-07T14:55:23.274451,prediction,0.122664,1.618000,-0.004957,True,-0.057800,0.713800,0.000000,0.180464,0.904200,0.004957,0.00,0,-0.057800,0.713800,0.050000,0.000000,0.000000,0.000000,0.000000,0.000000,0.000000,nan,nan,nan,nan,nan,nan
1786089323295202756,2026-08-07T14:55:23.295226,prediction,0.122664,1.618000,-0.004957,True,-0.057800,0.713800,0.000000,0.180464,0.904200,0.004957,0.00,0,-0.057800,0.713800,0.050000,0.000000,0.000000,0.000000,0.000000,0.000000,0.000000,nan,nan,nan,nan,nan,nan
1786089323307863175,2026-08-07T14:55:23.307883,prediction,0.122664,1.618000,-0.004957,True,-0.057800,0.713800,0.000000,0.180464,0.904200,0.004957,0.00,0,-0.057800,0.713800,0.050000,0.000000,0.000000,0.000000,0.000000,0.000000,0.000000,nan,nan,nan,nan,nan,nan
1786089323328870338,2026-08-07T14:55:23.328900,prediction,0.122664,1.618000,-0.004957,True,-0.057800,0.713800,0.000000,0.180464,0.904200,0.004957,0.00,0,-0.057800,0.713800,0.050000,0.000000,0.000000,0.000000,0.000000,0.000000,0.000000,nan,nan,nan,nan,nan,nan
1786089323341384153,2026-08-07T14:55:23.341406,prediction,0.122664,1.618000,-0.004957,True,-0.057800,0.713800,0.000000,0.180464,0.904200,0.004957,0.00,0,-0.057800,0.713800,0.050000,0.000000,0.000000,0.000000,0.000000,0.000000,0.000000,nan,nan,nan,nan,nan,nan
1786089323362475494,2026-08-07T14:55:23.362495,prediction,0.122664,1.618000,-0.004957,True,-0.057800,0.713800,0.000000,0.180464,0.904200,0.004957,0.00,0,-0.057800,0.713800,0.050000,0.000000,0.000000,0.000000,0.000000,0.000000,0.000000,nan,nan,nan,nan,nan,nan
1786089323374875415,2026-08-07T14:55:23.374891,prediction,0.122664,1.618000,-0.004957,True,-0.057800,0.713800,0.000000,0.180464,0.904200,0.004957,0.00,0,-0.057800,0.713800,0.050000,0.000000,0.000000,0.000000,0.000000,0.000000,0.000000,nan,nan,nan,nan,nan,nan
1786089323395222361,2026-08-07T14:55:23.395242,prediction,0.122664,1.618000,-0.004957,True,-0.057800,0.713800,0.000000,0.180464,0.904200,0.004957,0.00,0,-0.057800,0.713800,0.050000,0.000000,0.000000,0.000000,0.000000,0.000000,0.000000,nan,nan,nan,nan,nan,nan
1786089323407949465,2026-08-07T14:55:23.408020,prediction,0.122664,1.618000,-0.004957,True,-0.057800,0.713800,0.000000,0.180464,0.904200,0.004957,0.00,0,-0.057800,0.713800,0.050000,0.000000,0.000000,0.000000,0.000000,0.000000,0.000000,nan,nan,nan,nan,nan,nan
1786089323428543464,2026-08-07T14:55:23.428564,prediction,0.122664,1.618000,-0.004957,True,-0.057800,0.713800,0.000000,0.180464,0.904200,0.004957,0.00,0,-0.057800,0.713800,0.050000,0.000000,0.000000,0.000000,0.000000,0.000000,0.000000,nan,nan,nan,nan,nan,nan
1786089323441427592,2026-08-07T14:55:23.441453,prediction,0.122664,1.618000,-0.004957,True,-0.057800,0.713800,0.000000,0.180464,0.904200,0.004957,0.00,0,-0.057800,0.713800,0.050000,0.000000,0.000000,0.000000,0.000000,0.000000,0.000000,nan,nan,nan,nan,nan,nan
1786089323462637736,2026-08-07T14:55:23.462668,prediction,0.122664,1.618000,-0.004957,True,-0.057800,0.713800,0.000000,0.180464,0.904200,0.004957,0.00,0,-0.057800,0.713800,0.050000,0.000000,0.000000,0.000000,0.000000,0.000000,0.000000,nan,nan,nan,nan,nan,nan
1786089323475142904,2026-08-07T14:55:23.475167,prediction,0.122664,1.618000,-0.004957,True,-0.057800,0.713800,0.000000,0.180464,0.904200,0.004957,0.00,0,-0.057800,0.713800,0.050000,0.000000,0.000000,0.000000,0.000000,0.000000,0.000000,nan,nan,nan,nan,nan,nan
1786089323495185700,2026-08-07T14:55:23.495209,prediction,0.122664,1.618000,-0.004957,True,-0.057800,0.713800,0.000000,0.180464,0.904200,0.004957,0.00,0,-0.057800,0.713800,0.050000,0.000000,0.000000,0.000000,0.000000,0.000000,0.000000,nan,nan,nan,nan,nan,nan
1786089323507969190,2026-08-07T14:55:23.507982,prediction,0.122664,1.618000,-0.004957,True,-0.057800,0.713800,0.000000,0.180464,0.904200,0.004957,0.00,0,-0.057800,0.713800,0.050000,0.000000,0.000000,0.000000,0.000000,0.000000,0.000000,nan,nan,nan,nan,nan,nan
1786089323528613123,2026-08-07T14:55:23.528637,prediction,0.122664,1.618000,-0.004957,True,-0.057800,0.713800,0.000000,0.180464,0.904200,0.004957,0.00,0,-0.057800,0.713800,0.050000,0.000000,0.000000,0.000000,0.000000,0.000000,0.000000,nan,nan,nan,nan,nan,nan
1786089323541590857,2026-08-07T14:55:23.541617,prediction,0.122664,1.618000,-0.004957,True,-0.057800,0.713800,0.000000,0.180464,0.904200,0.004957,0.00,0,-0.057800,0.713800,0.050000,0.000000,0.000000,0.000000,0.000000,0.000000,0.000000,nan,nan,nan,nan,nan,nan
1786089323562632525,2026-08-07T14:55:23.562657,prediction,0.122664,1.618000,-0.004957,True,-0.057800,0.713800,0.000000,0.180464,0.904200,0.004957,0.00,0,-0.057800,0.713800,0.050000,0.000000,0.000000,0.000000,0.000000,0.000000,0.000000,nan,nan,nan,nan,nan,nan
1786089323574406503,2026-08-07T14:55:23.574420,prediction,0.122664,1.618000,-0.004957,True,-0.057800,0.713800,0.000000,0.180464,0.904200,0.004957,0.00,0,-0.057800,0.713800,0.050000,0.000000,0.000000,0.000000,0.000000,0.000000,0.000000,nan,nan,nan,nan,nan,nan
1786089323595486122,2026-08-07T14:55:23.595537,prediction,0.122664,1.618000,-0.004957,True,-0.057800,0.713800,0.000000,0.180464,0.904200,0.004957,0.00,0,-0.057800,0.713800,0.050000,0.000000,0.000000,0.000000,0.000000,0.000000,0.000000,nan,nan,nan,nan,nan,nan
1786089323608343019,2026-08-07T14:55:23.608410,prediction,0.122664,1.618000,-0.004957,True,-0.057800,0.713800,0.000000,0.180464,0.904200,0.004957,0.00,0,-0.057800,0.713800,0.050000,0.000000,0.000000,0.000000,0.000000,0.000000,0.000000,nan,nan,nan,nan,nan,nan
1786089323628693953,2026-08-07T14:55:23.628727,prediction,0.122664,1.618000,-0.004957,True,-0.057800,0.713800,0.000000,0.180464,0.904200,0.004957,0.00,0,-0.057800,0.713800,0.050000,0.000000,0.000000,0.000000,0.000000,0.000000,0.000000,nan,nan,nan,nan,nan,nan
1786089323642767420,2026-08-07T14:55:23.642822,prediction,0.122664,1.618000,-0.004957,True,-0.057800,0.713800,0.000000,0.180464,0.904200,0.004957,0.00,0,-0.057800,0.713800,0.050000,0.000000,0.000000,0.000000,0.000000,0.000000,0.000000,nan,nan,nan,nan,nan,nan
1786089323662343001,2026-08-07T14:55:23.662366,prediction,0.122664,1.618000,-0.004957,True,-0.057800,0.713800,0.000000,0.180464,0.904200,0.004957,0.00,0,-0.057800,0.713800,0.050000,0.000000,0.000000,0.000000,0.000000,0.000000,0.000000,nan,nan,nan,nan,nan,nan
1786089323675084171,2026-08-07T14:55:23.675125,prediction,0.122664,1.618000,-0.004957,True,-0.057800,0.713800,0.000000,0.180464,0.904200,0.004957,0.00,0,-0.057800,0.713800,0.050000,0.000000,0.000000,0.000000,0.000000,0.000000,0.000000,nan,nan,nan,nan,nan,nan
1786089323695120194,2026-08-07T14:55:23.695137,prediction,0.122664,1.618000,-0.004957,True,-0.057800,0.713800,0.000000,0.180464,0.904200,0.004957,0.00,0,-0.057800,0.713800,0.050000,0.000000,0.000000,0.000000,0.000000,0.000000,0.000000,nan,nan,nan,nan,nan,nan
1786089323707986459,2026-08-07T14:55:23.708002,prediction,0.122664,1.618000,-0.004957,True,-0.057800,0.713800,0.000000,0.180464,0.904200,0.004957,0.00,0,-0.057800,0.713800,0.050000,0.000000,0.000000,0.000000,0.000000,0.000000,0.000000,nan,nan,nan,nan,nan,nan
1786089323728517089,2026-08-07T14:55:23.728540,prediction,0.122664,1.618000,-0.004957,True,-0.057800,0.713800,0.000000,0.180464,0.904200,0.004957,0.00,0,-0.057800,0.713800,0.050000,0.000000,0.000000,0.000000,0.000000,0.000000,0.000000,nan,nan,nan,nan,nan,nan
1786089323741526894,2026-08-07T14:55:23.741550,prediction,0.122664,1.618000,-0.004957,True,-0.057800,0.713800,0.000000,0.180464,0.904200,0.004957,0.00,0,-0.057800,0.713800,0.050000,0.000000,0.000000,0.000000,0.000000,0.000000,0.000000,nan,nan,nan,nan,nan,nan
1786089323762722891,2026-08-07T14:55:23.762773,prediction,0.122664,1.618000,-0.004957,True,-0.057800,0.713800,0.000000,0.180464,0.904200,0.004957,0.00,0,-0.057800,0.713800,0.050000,0.000000,0.000000,0.000000,0.000000,0.000000,0.000000,nan,nan,nan,nan,nan,nan
1786089323774576037,2026-08-07T14:55:23.774599,prediction,0.122664,1.618000,-0.004957,True,-0.057800,0.713800,0.000000,0.180464,0.904200,0.004957,0.00,0,-0.057800,0.713800,0.050000,0.000000,0.000000,0.000000,0.000000,0.000000,0.000000,nan,nan,nan,nan,nan,nan
1786089323795188892,2026-08-07T14:55:23.795210,prediction,0.122664,1.618000,-0.004957,True,-0.057800,0.713800,0.000000,0.180464,0.904200,0.004957,0.00,0,-0.057800,0.713800,0.050000,0.000000,0.000000,0.000000,0.000000,0.000000,0.000000,nan,nan,nan,nan,nan,nan
1786089323807934501,2026-08-07T14:55:23.807956,prediction,0.122664,1.618000,-0.004957,True,-0.057800,0.713800,0.000000,0.180464,0.904200,0.004957,0.00,0,-0.057800,0.713800,0.050000,0.000000,0.000000,0.000000,0.000000,0.000000,0.000000,nan,nan,nan,nan,nan,nan
1786089323828633546,2026-08-07T14:55:23.828654,prediction,0.122664,1.618000,-0.004957,True,-0.057800,0.713800,0.000000,0.180464,0.904200,0.004957,0.00,0,-0.057800,0.713800,0.050000,0.000000,0.000000,0.000000,0.000000,0.000000,0.000000,nan,nan,nan,nan,nan,nan
1786089323841374386,2026-08-07T14:55:23.841395,prediction,0.122664,1.618000,-0.004957,True,-0.057800,0.713800,0.000000,0.180464,0.904200,0.004957,0.00,0,-0.057800,0.713800,0.050000,0.000000,0.000000,0.000000,0.000000,0.000000,0.000000,nan,nan,nan,nan,nan,nan
1786089323862383684,2026-08-07T14:55:23.862398,prediction,0.122664,1.618000,-0.004957,True,-0.057800,0.713800,0.000000,0.180464,0.904200,0.004957,0.00,0,-0.057800,0.713800,0.050000,0.000000,0.000000,0.000000,0.000000,0.000000,0.000000,nan,nan,nan,nan,nan,nan
1786089323874563903,2026-08-07T14:55:23.874590,prediction,0.122664,1.618000,-0.004957,True,-0.057800,0.713800,0.000000,0.180464,0.904200,0.004957,0.00,0,-0.057800,0.713800,0.050000,0.000000,0.000000,0.000000,0.000000,0.000000,0.000000,nan,nan,nan,nan,nan,nan
1786089323895301761,2026-08-07T14:55:23.895329,prediction,0.122664,1.618000,-0.004957,True,-0.057800,0.713800,0.000000,0.180464,0.904200,0.004957,0.00,0,-0.057800,0.713800,0.050000,0.000000,0.000000,0.000000,0.000000,0.000000,0.000000,nan,nan,nan,nan,nan,nan
1786089323907926604,2026-08-07T14:55:23.907945,prediction,0.122664,1.618000,-0.004957,True,-0.057800,0.713800,0.000000,0.180464,0.904200,0.004957,0.00,0,-0.057800,0.713800,0.050000,0.000000,0.000000,0.000000,0.000000,0.000000,0.000000,nan,nan,nan,nan,nan,nan
1786089323928571719,2026-08-07T14:55:23.928611,prediction,0.122664,1.618000,-0.004957,True,-0.057800,0.713800,0.000000,0.180464,0.904200,0.004957,0.00,0,-0.057800,0.713800,0.050000,0.000000,0.000000,0.000000,0.000000,0.000000,0.000000,nan,nan,nan,nan,nan,nan
1786089323941354538,2026-08-07T14:55:23.941375,prediction,0.122664,1.618000,-0.004957,True,-0.057800,0.713800,0.000000,0.180464,0.904200,0.004957,0.00,0,-0.057800,0.713800,0.050000,0.000000,0.000000,0.000000,0.000000,0.000000,0.000000,nan,nan,nan,nan,nan,nan
1786089323962803599,2026-08-07T14:55:23.962847,prediction,0.122664,1.618000,-0.004957,True,-0.057800,0.713800,0.000000,0.180464,0.904200,0.004957,0.00,0,-0.057800,0.713800,0.050000,0.000000,0.000000,0.000000,0.000000,0.000000,0.000000,nan,nan,nan,nan,nan,nan
1786089323974562669,2026-08-07T14:55:23.974583,prediction,0.122664,1.618000,-0.004957,True,-0.057800,0.713800,0.000000,0.180464,0.904200,0.004957,0.00,0,-0.057800,0.713800,0.050000,0.000000,0.000000,0.000000,0.000000,0.000000,0.000000,nan,nan,nan,nan,nan,nan
1786089323995082829,2026-08-07T14:55:23.995103,prediction,0.122664,1.618000,-0.004957,True,-0.057800,0.713800,0.000000,0.180464,0.904200,0.004957,0.00,0,-0.057800,0.713800,0.050000,0.000000,0.000000,0.000000,0.000000,0.000000,0.000000,nan,nan,nan,nan,nan,nan
1786089324008791083,2026-08-07T14:55:24.008811,prediction,0.122664,1.618000,-0.004957,True,-0.057800,0.713800,0.000000,0.180464,0.904200,0.004957,0.00,0,-0.057800,0.713800,0.050000,0.000000,0.000000,0.000000,0.000000,0.000000,0.000000,nan,nan,nan,nan,nan,nan
1786089324028814853,2026-08-07T14:55:24.028839,prediction,0.122664,1.618000,-0.004957,True,-0.057800,0.713800,0.000000,0.180464,0.904200,0.004957,0.00,0,-0.057800,0.713800,0.050000,0.000000,0.000000,0.000000,0.000000,0.000000,0.000000,nan,nan,nan,nan,nan,nan
1786089324041419388,2026-08-07T14:55:24.041439,prediction,0.122664,1.618000,-0.004957,True,-0.057800,0.713800,0.000000,0.180464,0.904200,0.004957,0.00,0,-0.057800,0.713800,0.050000,0.000000,0.000000,0.000000,0.000000,0.000000,0.000000,nan,nan,nan,nan,nan,nan
1786089324062106752,2026-08-07T14:55:24.062123,prediction,0.122664,1.618000,-0.004957,True,-0.057800,0.713800,0.000000,0.180464,0.904200,0.004957,0.00,0,-0.057800,0.713800,0.050000,0.000000,0.000000,0.000000,0.000000,0.000000,0.000000,nan,nan,nan,nan,nan,nan
1786089324074347875,2026-08-07T14:55:24.074366,prediction,0.122664,1.618000,-0.004957,True,-0.057800,0.713800,0.000000,0.180464,0.904200,0.004957,0.00,0,-0.057800,0.713800,0.050000,0.000000,0.000000,0.000000,0.000000,0.000000,0.000000,nan,nan,nan,nan,nan,nan
1786089324095040870,2026-08-07T14:55:24.095053,prediction,0.122664,1.618000,-0.004957,True,-0.057800,0.713800,0.000000,0.180464,0.904200,0.004957,0.00,0,-0.057800,0.713800,0.050000,0.000000,0.000000,0.000000,0.000000,0.000000,0.000000,nan,nan,nan,nan,nan,nan
1786089324108105858,2026-08-07T14:55:24.108130,prediction,0.122664,1.618000,-0.004957,True,-0.057800,0.713800,0.000000,0.180464,0.904200,0.004957,0.00,0,-0.057800,0.713800,0.050000,0.000000,0.000000,0.000000,0.000000,0.000000,0.000000,nan,nan,nan,nan,nan,nan
1786089324128479744,2026-08-07T14:55:24.128495,prediction,0.122664,1.618000,-0.004957,True,-0.057800,0.713800,0.000000,0.180464,0.904200,0.004957,0.00,0,-0.057800,0.713800,0.050000,0.000000,0.000000,0.000000,0.000000,0.000000,0.000000,nan,nan,nan,nan,nan,nan
1786089324142211041,2026-08-07T14:55:24.142255,prediction,0.122664,1.618000,-0.004957,True,-0.057800,0.713800,0.000000,0.180464,0.904200,0.004957,0.00,0,-0.057800,0.713800,0.050000,0.000000,0.000000,0.000000,0.000000,0.000000,0.000000,nan,nan,nan,nan,nan,nan
1786089324161850771,2026-08-07T14:55:24.161868,prediction,0.122664,1.618000,-0.004957,True,-0.057800,0.713800,0.000000,0.180464,0.904200,0.004957,0.00,0,-0.057800,0.713800,0.050000,0.000000,0.000000,0.000000,0.000000,0.000000,0.000000,nan,nan,nan,nan,nan,nan
1786089324174469663,2026-08-07T14:55:24.174486,prediction,0.122664,1.618000,-0.004957,True,-0.057800,0.713800,0.000000,0.180464,0.904200,0.004957,0.00,0,-0.057800,0.713800,0.050000,0.000000,0.000000,0.000000,0.000000,0.000000,0.000000,nan,nan,nan,nan,nan,nan
1786089324195136127,2026-08-07T14:55:24.195157,prediction,0.122664,1.618000,-0.004957,True,-0.057800,0.713800,0.000000,0.180464,0.904200,0.004957,0.00,0,-0.057800,0.713800,0.050000,0.000000,0.000000,0.000000,0.000000,0.000000,0.000000,nan,nan,nan,nan,nan,nan
1786089324207969231,2026-08-07T14:55:24.207989,prediction,0.122664,1.618000,-0.004957,True,-0.057800,0.713800,0.000000,0.180464,0.904200,0.004957,0.00,0,-0.057800,0.713800,0.050000,0.000000,0.000000,0.000000,0.000000,0.000000,0.000000,nan,nan,nan,nan,nan,nan
1786089324228704344,2026-08-07T14:55:24.228725,prediction,0.122664,1.618000,-0.004957,True,-0.057800,0.713800,0.000000,0.180464,0.904200,0.004957,0.00,0,-0.057800,0.713800,0.050000,0.000000,0.000000,0.000000,0.000000,0.000000,0.000000,nan,nan,nan,nan,nan,nan
1786089324241442559,2026-08-07T14:55:24.241465,prediction,0.122664,1.618000,-0.004957,True,-0.057800,0.713800,0.000000,0.180464,0.904200,0.004957,0.00,0,-0.057800,0.713800,0.050000,0.000000,0.000000,0.000000,0.000000,0.000000,0.000000,nan,nan,nan,nan,nan,nan
1786089324262488335,2026-08-07T14:55:24.262516,prediction,0.122664,1.618000,-0.004957,True,-0.057800,0.713800,0.000000,0.180464,0.904200,0.004957,0.00,0,-0.057800,0.713800,0.050000,0.000000,0.000000,0.000000,0.000000,0.000000,0.000000,nan,nan,nan,nan,nan,nan
1786089324274404179,2026-08-07T14:55:24.274420,prediction,0.122664,1.618000,-0.004957,True,-0.057800,0.713800,0.000000,0.180464,0.904200,0.004957,0.00,0,-0.057800,0.713800,0.050000,0.000000,0.000000,0.000000,0.000000,0.000000,0.000000,nan,nan,nan,nan,nan,nan
1786089324295038995,2026-08-07T14:55:24.295053,prediction,0.122664,1.618000,-0.004957,True,-0.057800,0.713800,0.000000,0.180464,0.904200,0.004957,0.00,0,-0.057800,0.713800,0.050000,0.000000,0.000000,0.000000,0.000000,0.000000,0.000000,nan,nan,nan,nan,nan,nan
1786089324308083634,2026-08-07T14:55:24.308108,prediction,0.122664,1.618000,-0.004957,True,-0.057800,0.713800,0.000000,0.180464,0.904200,0.004957,0.00,0,-0.057800,0.713800,0.050000,0.000000,0.000000,0.000000,0.000000,0.000000,0.000000,nan,nan,nan,nan,nan,nan
1786089324328518725,2026-08-07T14:55:24.328539,prediction,0.122664,1.618000,-0.004957,True,-0.057800,0.713800,0.000000,0.180464,0.904200,0.004957,0.00,0,-0.057800,0.713800,0.050000,0.000000,0.000000,0.000000,0.000000,0.000000,0.000000,nan,nan,nan,nan,nan,nan
1786089324341664114,2026-08-07T14:55:24.341700,prediction,0.122664,1.618000,-0.004957,True,-0.057800,0.713800,0.000000,0.180464,0.904200,0.004957,0.00,0,-0.057800,0.713800,0.050000,0.000000,0.000000,0.000000,0.000000,0.000000,0.000000,nan,nan,nan,nan,nan,nan
1786089324362154869,2026-08-07T14:55:24.362174,prediction,0.122664,1.618000,-0.004957,True,-0.057800,0.713800,0.000000,0.180464,0.904200,0.004957,0.00,0,-0.057800,0.713800,0.050000,0.000000,0.000000,0.000000,0.000000,0.000000,0.000000,nan,nan,nan,nan,nan,nan
1786089324374489658,2026-08-07T14:55:24.374506,prediction,0.122664,1.618000,-0.004957,True,-0.057800,0.713800,0.000000,0.180464,0.904200,0.004957,0.00,0,-0.057800,0.713800,0.050000,0.000000,0.000000,0.000000,0.000000,0.000000,0.000000,nan,nan,nan,nan,nan,nan
1786089324395243036,2026-08-07T14:55:24.395269,prediction,0.122664,1.618000,-0.004957,True,-0.057800,0.713800,0.000000,0.180464,0.904200,0.004957,0.00,0,-0.057800,0.713800,0.050000,0.000000,0.000000,0.000000,0.000000,0.000000,0.000000,nan,nan,nan,nan,nan,nan
1786089324408132254,2026-08-07T14:55:24.408157,prediction,0.122664,1.618000,-0.004957,True,-0.057800,0.713800,0.000000,0.180464,0.904200,0.004957,0.00,0,-0.057800,0.713800,0.050000,0.000000,0.000000,0.000000,0.000000,0.000000,0.000000,nan,nan,nan,nan,nan,nan
1786089324428707749,2026-08-07T14:55:24.428735,prediction,0.122664,1.618000,-0.004957,True,-0.057800,0.713800,0.000000,0.180464,0.904200,0.004957,0.00,0,-0.057800,0.713800,0.050000,0.000000,0.000000,0.000000,0.000000,0.000000,0.000000,nan,nan,nan,nan,nan,nan
1786089324442489550,2026-08-07T14:55:24.442525,prediction,0.122664,1.618000,-0.004957,True,-0.057800,0.713800,0.000000,0.180464,0.904200,0.004957,0.00,0,-0.057800,0.713800,0.050000,0.000000,0.000000,0.000000,0.000000,0.000000,0.000000,nan,nan,nan,nan,nan,nan
1786089324462625030,2026-08-07T14:55:24.462652,prediction,0.122664,1.618000,-0.004957,True,-0.057800,0.713800,0.000000,0.180464,0.904200,0.004957,0.00,0,-0.057800,0.713800,0.050000,0.000000,0.000000,0.000000,0.000000,0.000000,0.000000,nan,nan,nan,nan,nan,nan
1786089324475551508,2026-08-07T14:55:24.475587,prediction,0.122664,1.618000,-0.004957,True,-0.057800,0.713800,0.000000,0.180464,0.904200,0.004957,0.00,0,-0.057800,0.713800,0.050000,0.000000,0.000000,0.000000,0.000000,0.000000,0.000000,nan,nan,nan,nan,nan,nan
1786089324495174747,2026-08-07T14:55:24.495195,prediction,0.122664,1.618000,-0.004957,True,-0.057800,0.713800,0.000000,0.180464,0.904200,0.004957,0.00,0,-0.057800,0.713800,0.050000,0.000000,0.000000,0.000000,0.000000,0.000000,0.000000,nan,nan,nan,nan,nan,nan
1786089324508641969,2026-08-07T14:55:24.508664,prediction,0.122664,1.618000,-0.004957,True,-0.057800,0.713800,0.000000,0.180464,0.904200,0.004957,0.00,0,-0.057800,0.713800,0.050000,0.000000,0.000000,0.000000,0.000000,0.000000,0.000000,nan,nan,nan,nan,nan,nan
1786089324528487866,2026-08-07T14:55:24.528522,prediction,0.122664,1.618000,-0.004957,True,-0.057800,0.713800,0.000000,0.180464,0.904200,0.004957,0.00,0,-0.057800,0.713800,0.050000,0.000000,0.000000,0.000000,0.000000,0.000000,0.000000,nan,nan,nan,nan,nan,nan
1786089324541425084,2026-08-07T14:55:24.541442,prediction,0.122664,1.618000,-0.004957,True,-0.057800,0.713800,0.000000,0.180464,0.904200,0.004957,0.00,0,-0.057800,0.713800,0.050000,0.000000,0.000000,0.000000,0.000000,0.000000,0.000000,nan,nan,nan,nan,nan,nan
1786089324562239587,2026-08-07T14:55:24.562259,prediction,0.122664,1.618000,-0.004957,True,-0.057800,0.713800,0.000000,0.180464,0.904200,0.004957,0.00,0,-0.057800,0.713800,0.050000,0.000000,0.000000,0.000000,0.000000,0.000000,0.000000,nan,nan,nan,nan,nan,nan
1786089324574394348,2026-08-07T14:55:24.574408,prediction,0.122664,1.618000,-0.004957,True,-0.057800,0.713800,0.000000,0.180464,0.904200,0.004957,0.00,0,-0.057800,0.713800,0.050000,0.000000,0.000000,0.000000,0.000000,0.000000,0.000000,nan,nan,nan,nan,nan,nan
1786089324594987105,2026-08-07T14:55:24.594999,prediction,0.122664,1.618000,-0.004957,True,-0.057800,0.713800,0.000000,0.180464,0.904200,0.004957,0.00,0,-0.057800,0.713800,0.050000,0.000000,0.000000,0.000000,0.000000,0.000000,0.000000,nan,nan,nan,nan,nan,nan
1786089324608391539,2026-08-07T14:55:24.608442,prediction,0.122664,1.618000,-0.004957,True,-0.057800,0.713800,0.000000,0.180464,0.904200,0.004957,0.00,0,-0.057800,0.713800,0.050000,0.000000,0.000000,0.000000,0.000000,0.000000,0.000000,nan,nan,nan,nan,nan,nan
1786089324628640221,2026-08-07T14:55:24.628655,prediction,0.122664,1.618000,-0.004957,True,-0.057800,0.713800,0.000000,0.180464,0.904200,0.004957,0.00,0,-0.057800,0.713800,0.050000,0.000000,0.000000,0.000000,0.000000,0.000000,0.000000,nan,nan,nan,nan,nan,nan
1786089324641456602,2026-08-07T14:55:24.641477,prediction,0.122664,1.618000,-0.004957,True,-0.057800,0.713800,0.000000,0.180464,0.904200,0.004957,0.00,0,-0.057800,0.713800,0.050000,0.000000,0.000000,0.000000,0.000000,0.000000,0.000000,nan,nan,nan,nan,nan,nan
1786089324662078013,2026-08-07T14:55:24.662112,prediction,0.122664,1.618000,-0.004957,True,-0.057800,0.713800,0.000000,0.180464,0.904200,0.004957,0.00,0,-0.057800,0.713800,0.050000,0.000000,0.000000,0.000000,0.000000,0.000000,0.000000,nan,nan,nan,nan,nan,nan
1786089324674457636,2026-08-07T14:55:24.674476,prediction,0.122664,1.618000,-0.004957,True,-0.057800,0.713800,0.000000,0.180464,0.904200,0.004957,0.00,0,-0.057800,0.713800,0.050000,0.000000,0.000000,0.000000,0.000000,0.000000,0.000000,nan,nan,nan,nan,nan,nan
1786089324695206115,2026-08-07T14:55:24.695229,prediction,0.122664,1.618000,-0.004957,True,-0.057800,0.713800,0.000000,0.180464,0.904200,0.004957,0.00,0,-0.057800,0.713800,0.050000,0.000000,0.000000,0.000000,0.000000,0.000000,0.000000,nan,nan,nan,nan,nan,nan
1786089324708367924,2026-08-07T14:55:24.708415,prediction,0.122664,1.618000,-0.004957,True,-0.057800,0.713800,0.000000,0.180464,0.904200,0.004957,0.00,0,-0.057800,0.713800,0.050000,0.000000,0.000000,0.000000,0.000000,0.000000,0.000000,nan,nan,nan,nan,nan,nan
1786089324729407518,2026-08-07T14:55:24.729465,prediction,0.122664,1.618000,-0.004957,True,-0.057800,0.713800,0.000000,0.180464,0.904200,0.004957,0.00,0,-0.057800,0.713800,0.050000,0.000000,0.000000,0.000000,0.000000,0.000000,0.000000,nan,nan,nan,nan,nan,nan
1786089324742376966,2026-08-07T14:55:24.742428,prediction,0.122664,1.618000,-0.004957,True,-0.057800,0.713800,0.000000,0.180464,0.904200,0.004957,0.00,0,-0.057800,0.713800,0.050000,0.000000,0.000000,0.000000,0.000000,0.000000,0.000000,nan,nan,nan,nan,nan,nan
1786089324762500664,2026-08-07T14:55:24.762549,prediction,0.122664,1.618000,-0.004957,True,-0.057800,0.713800,0.000000,0.180464,0.904200,0.004957,0.00,0,-0.057800,0.713800,0.050000,0.000000,0.000000,0.000000,0.000000,0.000000,0.000000,nan,nan,nan,nan,nan,nan
1786089324775290236,2026-08-07T14:55:24.775346,prediction,0.122664,1.618000,-0.004957,True,-0.057800,0.713800,0.000000,0.180464,0.904200,0.004957,0.00,0,-0.057800,0.713800,0.050000,0.000000,0.000000,0.000000,0.000000,0.000000,0.000000,nan,nan,nan,nan,nan,nan
1786089324796378721,2026-08-07T14:55:24.796402,prediction,0.122664,1.618000,-0.004957,True,-0.057800,0.713800,0.000000,0.180464,0.904200,0.004957,0.00,0,-0.057800,0.713800,0.050000,0.000000,0.000000,0.000000,0.000000,0.000000,0.000000,nan,nan,nan,nan,nan,nan
1786089324807965508,2026-08-07T14:55:24.807982,prediction,0.122664,1.618000,-0.004957,True,-0.057800,0.713800,0.000000,0.180464,0.904200,0.004957,0.00,0,-0.057800,0.713800,0.050000,0.000000,0.000000,0.000000,0.000000,0.000000,0.000000,nan,nan,nan,nan,nan,nan
1786089324829285398,2026-08-07T14:55:24.829309,prediction,0.122664,1.618000,-0.004957,True,-0.057800,0.713800,0.000000,0.180464,0.904200,0.004957,0.00,0,-0.057800,0.713800,0.050000,0.000000,0.000000,0.000000,0.000000,0.000000,0.000000,nan,nan,nan,nan,nan,nan
1786089324841467170,2026-08-07T14:55:24.841494,prediction,0.122664,1.618000,-0.004957,True,-0.057800,0.713800,0.000000,0.180464,0.904200,0.004957,0.00,0,-0.057800,0.713800,0.050000,0.000000,0.000000,0.000000,0.000000,0.000000,0.000000,nan,nan,nan,nan,nan,nan
1786089324861999995,2026-08-07T14:55:24.862037,prediction,0.122664,1.618000,-0.004957,True,-0.057800,0.713800,0.000000,0.180464,0.904200,0.004957,0.00,0,-0.057800,0.713800,0.050000,0.000000,0.000000,0.000000,0.000000,0.000000,0.000000,nan,nan,nan,nan,nan,nan
1786089324874436023,2026-08-07T14:55:24.874450,prediction,0.122664,1.618000,-0.004957,True,-0.057800,0.713800,0.000000,0.180464,0.904200,0.004957,0.00,0,-0.057800,0.713800,0.050000,0.000000,0.000000,0.000000,0.000000,0.000000,0.000000,nan,nan,nan,nan,nan,nan
1786089324895134980,2026-08-07T14:55:24.895156,prediction,0.122664,1.618000,-0.004957,True,-0.057800,0.713800,0.000000,0.180464,0.904200,0.004957,0.00,0,-0.057800,0.713800,0.050000,0.000000,0.000000,0.000000,0.000000,0.000000,0.000000,nan,nan,nan,nan,nan,nan
1786089324908035298,2026-08-07T14:55:24.908055,prediction,0.122664,1.618000,-0.004957,True,-0.057800,0.713800,0.000000,0.180464,0.904200,0.004957,0.00,0,-0.057800,0.713800,0.050000,0.000000,0.000000,0.000000,0.000000,0.000000,0.000000,nan,nan,nan,nan,nan,nan
1786089324928459579,2026-08-07T14:55:24.928478,prediction,0.122664,1.618000,-0.004957,True,-0.057800,0.713800,0.000000,0.180464,0.904200,0.004957,0.00,0,-0.057800,0.713800,0.050000,0.000000,0.000000,0.000000,0.000000,0.000000,0.000000,nan,nan,nan,nan,nan,nan
1786089324941429118,2026-08-07T14:55:24.941449,prediction,0.122664,1.618000,-0.004957,True,-0.057800,0.713800,0.000000,0.180464,0.904200,0.004957,0.00,0,-0.057800,0.713800,0.050000,0.000000,0.000000,0.000000,0.000000,0.000000,0.000000,nan,nan,nan,nan,nan,nan
1786089324962479783,2026-08-07T14:55:24.962501,prediction,0.122664,1.618000,-0.004957,True,-0.057800,0.713800,0.000000,0.180464,0.904200,0.004957,0.00,0,-0.057800,0.713800,0.050000,0.000000,0.000000,0.000000,0.000000,0.000000,0.000000,nan,nan,nan,nan,nan,nan
1786089324974364378,2026-08-07T14:55:24.974380,prediction,0.122664,1.618000,-0.004957,True,-0.057800,0.713800,0.000000,0.180464,0.904200,0.004957,0.00,0,-0.057800,0.713800,0.050000,0.000000,0.000000,0.000000,0.000000,0.000000,0.000000,nan,nan,nan,nan,nan,nan
1786089324995093150,2026-08-07T14:55:24.995111,prediction,0.122664,1.618000,-0.004957,True,-0.057800,0.713800,0.000000,0.180464,0.904200,0.004957,0.00,0,-0.057800,0.713800,0.050000,0.000000,0.000000,0.000000,0.000000,0.000000,0.000000,nan,nan,nan,nan,nan,nan
1786089325007957001,2026-08-07T14:55:25.007972,prediction,0.122664,1.618000,-0.004957,True,-0.057800,0.713800,0.000000,0.180464,0.904200,0.004957,0.00,0,-0.057800,0.713800,0.050000,0.000000,0.000000,0.000000,0.000000,0.000000,0.000000,nan,nan,nan,nan,nan,nan
1786089325028844891,2026-08-07T14:55:25.028874,prediction,0.122664,1.618000,-0.004957,True,-0.057800,0.713800,0.000000,0.180464,0.904200,0.004957,0.00,0,-0.057800,0.713800,0.050000,0.000000,0.000000,0.000000,0.000000,0.000000,0.000000,nan,nan,nan,nan,nan,nan
1786089325041324121,2026-08-07T14:55:25.041344,prediction,0.122664,1.618000,-0.004957,True,-0.057800,0.713800,0.000000,0.180464,0.904200,0.004957,0.00,0,-0.057800,0.713800,0.050000,0.000000,0.000000,0.000000,0.000000,0.000000,0.000000,nan,nan,nan,nan,nan,nan
1786089325061912570,2026-08-07T14:55:25.061931,prediction,0.122664,1.618000,-0.004957,True,-0.057800,0.713800,0.000000,0.180464,0.904200,0.004957,0.00,0,-0.057800,0.713800,0.050000,0.000000,0.000000,0.000000,0.000000,0.000000,0.000000,nan,nan,nan,nan,nan,nan
1786089325074528887,2026-08-07T14:55:25.074546,prediction,0.122664,1.618000,-0.004957,True,-0.057800,0.713800,0.000000,0.180464,0.904200,0.004957,0.00,0,-0.057800,0.713800,0.050000,0.000000,0.000000,0.000000,0.000000,0.000000,0.000000,nan,nan,nan,nan,nan,nan
1786089325095009954,2026-08-07T14:55:25.095025,prediction,0.122664,1.618000,-0.004957,True,-0.057800,0.713800,0.000000,0.180464,0.904200,0.004957,0.00,0,-0.057800,0.713800,0.050000,0.000000,0.000000,0.000000,0.000000,0.000000,0.000000,nan,nan,nan,nan,nan,nan
1786089325107929379,2026-08-07T14:55:25.107943,prediction,0.122664,1.618000,-0.004957,True,-0.057800,0.713800,0.000000,0.180464,0.904200,0.004957,0.00,0,-0.057800,0.713800,0.050000,0.000000,0.000000,0.000000,0.000000,0.000000,0.000000,nan,nan,nan,nan,nan,nan
1786089325128441625,2026-08-07T14:55:25.128460,prediction,0.122664,1.618000,-0.004957,True,-0.057800,0.713800,0.000000,0.180464,0.904200,0.004957,0.00,0,-0.057800,0.713800,0.050000,0.000000,0.000000,0.000000,0.000000,0.000000,0.000000,nan,nan,nan,nan,nan,nan
1786089325141359738,2026-08-07T14:55:25.141378,prediction,0.122664,1.618000,-0.004957,True,-0.057800,0.713800,0.000000,0.180464,0.904200,0.004957,0.00,0,-0.057800,0.713800,0.050000,0.000000,0.000000,0.000000,0.000000,0.000000,0.000000,nan,nan,nan,nan,nan,nan
1786089325162566706,2026-08-07T14:55:25.162590,prediction,0.122664,1.618000,-0.004957,True,-0.057800,0.713800,0.000000,0.180464,0.904200,0.004957,0.00,0,-0.057800,0.713800,0.050000,0.000000,0.000000,0.000000,0.000000,0.000000,0.000000,nan,nan,nan,nan,nan,nan
1786089325174428288,2026-08-07T14:55:25.174441,prediction,0.122664,1.618000,-0.004957,True,-0.057800,0.713800,0.000000,0.180464,0.904200,0.004957,0.00,0,-0.057800,0.713800,0.050000,0.000000,0.000000,0.000000,0.000000,0.000000,0.000000,nan,nan,nan,nan,nan,nan
1786089325195126603,2026-08-07T14:55:25.195148,prediction,0.122664,1.618000,-0.004957,True,-0.057800,0.713800,0.000000,0.180464,0.904200,0.004957,0.00,0,-0.057800,0.713800,0.050000,0.000000,0.000000,0.000000,0.000000,0.000000,0.000000,nan,nan,nan,nan,nan,nan
1786089325207982529,2026-08-07T14:55:25.208007,prediction,0.122664,1.618000,-0.004957,True,-0.057800,0.713800,0.000000,0.180464,0.904200,0.004957,0.00,0,-0.057800,0.713800,0.050000,0.000000,0.000000,0.000000,0.000000,0.000000,0.000000,nan,nan,nan,nan,nan,nan
1786089325228553875,2026-08-07T14:55:25.228575,prediction,0.122664,1.618000,-0.004957,True,-0.057800,0.713800,0.000000,0.180464,0.904200,0.004957,0.00,0,-0.057800,0.713800,0.050000,0.000000,0.000000,0.000000,0.000000,0.000000,0.000000,nan,nan,nan,nan,nan,nan
1786089325242816868,2026-08-07T14:55:25.242873,prediction,0.122664,1.618000,-0.004957,True,-0.057800,0.713800,0.000000,0.180464,0.904200,0.004957,0.00,0,-0.057800,0.713800,0.050000,0.000000,0.000000,0.000000,0.000000,0.000000,0.000000,nan,nan,nan,nan,nan,nan
1786089325262220858,2026-08-07T14:55:25.262241,prediction,0.122664,1.618000,-0.004957,True,-0.057800,0.713800,0.000000,0.180464,0.904200,0.004957,0.00,0,-0.057800,0.713800,0.050000,0.000000,0.000000,0.000000,0.000000,0.000000,0.000000,nan,nan,nan,nan,nan,nan
1786089325275455403,2026-08-07T14:55:25.275502,prediction,0.122664,1.618000,-0.004957,True,-0.057800,0.713800,0.000000,0.180464,0.904200,0.004957,0.00,0,-0.057800,0.713800,0.050000,0.000000,0.000000,0.000000,0.000000,0.000000,0.000000,nan,nan,nan,nan,nan,nan
1786089325295073663,2026-08-07T14:55:25.295091,prediction,0.122664,1.618000,-0.004957,True,-0.057800,0.713800,0.000000,0.180464,0.904200,0.004957,0.00,0,-0.057800,0.713800,0.050000,0.000000,0.000000,0.000000,0.000000,0.000000,0.000000,nan,nan,nan,nan,nan,nan
1786089325308467448,2026-08-07T14:55:25.308482,prediction,0.122664,1.618000,-0.004957,True,-0.057800,0.713800,0.000000,0.180464,0.904200,0.004957,0.00,0,-0.057800,0.713800,0.050000,0.000000,0.000000,0.000000,0.000000,0.000000,0.000000,nan,nan,nan,nan,nan,nan
1786089325328624317,2026-08-07T14:55:25.328642,prediction,0.122664,1.618000,-0.004957,True,-0.057800,0.713800,0.000000,0.180464,0.904200,0.004957,0.00,0,-0.057800,0.713800,0.050000,0.000000,0.000000,0.000000,0.000000,0.000000,0.000000,nan,nan,nan,nan,nan,nan
1786089325342343351,2026-08-07T14:55:25.342359,prediction,0.122664,1.618000,-0.004957,True,-0.057800,0.713800,0.000000,0.180464,0.904200,0.004957,0.00,0,-0.057800,0.713800,0.050000,0.000000,0.000000,0.000000,0.000000,0.000000,0.000000,nan,nan,nan,nan,nan,nan
1786089325362109829,2026-08-07T14:55:25.362125,prediction,0.122664,1.618000,-0.004957,True,-0.057800,0.713800,0.000000,0.180464,0.904200,0.004957,0.00,0,-0.057800,0.713800,0.050000,0.000000,0.000000,0.000000,0.000000,0.000000,0.000000,nan,nan,nan,nan,nan,nan
1786089325375080360,2026-08-07T14:55:25.375125,prediction,0.122664,1.618000,-0.004957,True,-0.057800,0.713800,0.000000,0.180464,0.904200,0.004957,0.00,0,-0.057800,0.713800,0.050000,0.000000,0.000000,0.000000,0.000000,0.000000,0.000000,nan,nan,nan,nan,nan,nan
1786089325395064276,2026-08-07T14:55:25.395081,prediction,0.122664,1.618000,-0.004957,True,-0.057800,0.713800,0.000000,0.180464,0.904200,0.004957,0.00,0,-0.057800,0.713800,0.050000,0.000000,0.000000,0.000000,0.000000,0.000000,0.000000,nan,nan,nan,nan,nan,nan
1786089325408565191,2026-08-07T14:55:25.408585,prediction,0.122664,1.618000,-0.004957,True,-0.057800,0.713800,0.000000,0.180464,0.904200,0.004957,0.00,0,-0.057800,0.713800,0.050000,0.000000,0.000000,0.000000,0.000000,0.000000,0.000000,nan,nan,nan,nan,nan,nan
1786089325428653723,2026-08-07T14:55:25.428683,prediction,0.122664,1.618000,-0.004957,True,-0.057800,0.713800,0.000000,0.180464,0.904200,0.004957,0.00,0,-0.057800,0.713800,0.050000,0.000000,0.000000,0.000000,0.000000,0.000000,0.000000,nan,nan,nan,nan,nan,nan
1786089325441649320,2026-08-07T14:55:25.441755,prediction,0.122664,1.618000,-0.004957,True,-0.057800,0.713800,0.000000,0.180464,0.904200,0.004957,0.00,0,-0.057800,0.713800,0.050000,0.000000,0.000000,0.000000,0.000000,0.000000,0.000000,nan,nan,nan,nan,nan,nan
1786089325461995074,2026-08-07T14:55:25.462022,prediction,0.122664,1.618000,-0.004957,True,-0.057800,0.713800,0.000000,0.180464,0.904200,0.004957,0.00,0,-0.057800,0.713800,0.050000,0.000000,0.000000,0.000000,0.000000,0.000000,0.000000,nan,nan,nan,nan,nan,nan
1786089325475430516,2026-08-07T14:55:25.475474,prediction,0.122664,1.618000,-0.004957,True,-0.057800,0.713800,0.000000,0.180464,0.904200,0.004957,0.00,0,-0.057800,0.713800,0.050000,0.000000,0.000000,0.000000,0.000000,0.000000,0.000000,nan,nan,nan,nan,nan,nan
1786089325495198427,2026-08-07T14:55:25.495214,prediction,0.122664,1.618000,-0.004957,True,-0.057800,0.713800,0.000000,0.180464,0.904200,0.004957,0.00,0,-0.057800,0.713800,0.050000,0.000000,0.000000,0.000000,0.000000,0.000000,0.000000,nan,nan,nan,nan,nan,nan
1786089325508316515,2026-08-07T14:55:25.508337,prediction,0.122664,1.618000,-0.004957,True,-0.057800,0.713800,0.000000,0.180464,0.904200,0.004957,0.00,0,-0.057800,0.713800,0.050000,0.000000,0.000000,0.000000,0.000000,0.000000,0.000000,nan,nan,nan,nan,nan,nan
1786089325528781231,2026-08-07T14:55:25.528823,prediction,0.122664,1.618000,-0.004957,True,-0.057800,0.713800,0.000000,0.180464,0.904200,0.004957,0.00,0,-0.057800,0.713800,0.050000,0.000000,0.000000,0.000000,0.000000,0.000000,0.000000,nan,nan,nan,nan,nan,nan
1786089325542105174,2026-08-07T14:55:25.542154,prediction,0.122664,1.618000,-0.004957,True,-0.057800,0.713800,0.000000,0.180464,0.904200,0.004957,0.00,0,-0.057800,0.713800,0.050000,0.000000,0.000000,0.000000,0.000000,0.000000,0.000000,nan,nan,nan,nan,nan,nan
1786089325562558150,2026-08-07T14:55:25.562597,prediction,0.122664,1.618000,-0.004957,True,-0.057800,0.713800,0.000000,0.180464,0.904200,0.004957,0.00,0,-0.057800,0.713800,0.050000,0.000000,0.000000,0.000000,0.000000,0.000000,0.000000,nan,nan,nan,nan,nan,nan
1786089325574545818,2026-08-07T14:55:25.574567,prediction,0.122664,1.618000,-0.004957,True,-0.057800,0.713800,0.000000,0.180464,0.904200,0.004957,0.00,0,-0.057800,0.713800,0.050000,0.000000,0.000000,0.000000,0.000000,0.000000,0.000000,nan,nan,nan,nan,nan,nan
1786089325595589581,2026-08-07T14:55:25.595619,prediction,0.122664,1.618000,-0.004957,True,-0.057800,0.713800,0.000000,0.180464,0.904200,0.004957,0.00,0,-0.057800,0.713800,0.050000,0.000000,0.000000,0.000000,0.000000,0.000000,0.000000,nan,nan,nan,nan,nan,nan
1786089325608095510,2026-08-07T14:55:25.608113,prediction,0.122664,1.618000,-0.004957,True,-0.057800,0.713800,0.000000,0.180464,0.904200,0.004957,0.00,0,-0.057800,0.713800,0.050000,0.000000,0.000000,0.000000,0.000000,0.000000,0.000000,nan,nan,nan,nan,nan,nan
1786089325628742810,2026-08-07T14:55:25.628761,prediction,0.122664,1.618000,-0.004957,True,-0.057800,0.713800,0.000000,0.180464,0.904200,0.004957,0.00,0,-0.057800,0.713800,0.050000,0.000000,0.000000,0.000000,0.000000,0.000000,0.000000,nan,nan,nan,nan,nan,nan
1786089325641440579,2026-08-07T14:55:25.641467,prediction,0.122664,1.618000,-0.004957,True,-0.057800,0.713800,0.000000,0.180464,0.904200,0.004957,0.00,0,-0.057800,0.713800,0.050000,0.000000,0.000000,0.000000,0.000000,0.000000,0.000000,nan,nan,nan,nan,nan,nan
1786089325662118947,2026-08-07T14:55:25.662140,prediction,0.122664,1.618000,-0.004957,True,-0.057800,0.713800,0.000000,0.180464,0.904200,0.004957,0.00,0,-0.057800,0.713800,0.050000,0.000000,0.000000,0.000000,0.000000,0.000000,0.000000,nan,nan,nan,nan,nan,nan
1786089325674425403,2026-08-07T14:55:25.674443,prediction,0.122664,1.618000,-0.004957,True,-0.057800,0.713800,0.000000,0.180464,0.904200,0.004957,0.00,0,-0.057800,0.713800,0.050000,0.000000,0.000000,0.000000,0.000000,0.000000,0.000000,nan,nan,nan,nan,nan,nan
1786089325695087700,2026-08-07T14:55:25.695105,prediction,0.122664,1.618000,-0.004957,True,-0.057800,0.713800,0.000000,0.180464,0.904200,0.004957,0.00,0,-0.057800,0.713800,0.050000,0.000000,0.000000,0.000000,0.000000,0.000000,0.000000,nan,nan,nan,nan,nan,nan
1786089325708041409,2026-08-07T14:55:25.708065,prediction,0.122664,1.618000,-0.004957,True,-0.057800,0.713800,0.000000,0.180464,0.904200,0.004957,0.00,0,-0.057800,0.713800,0.050000,0.000000,0.000000,0.000000,0.000000,0.000000,0.000000,nan,nan,nan,nan,nan,nan
1786089325728586427,2026-08-07T14:55:25.728604,prediction,0.122664,1.618000,-0.004957,True,-0.057800,0.713800,0.000000,0.180464,0.904200,0.004957,0.00,0,-0.057800,0.713800,0.050000,0.000000,0.000000,0.000000,0.000000,0.000000,0.000000,nan,nan,nan,nan,nan,nan
1786089325741360519,2026-08-07T14:55:25.741378,prediction,0.122664,1.618000,-0.004957,True,-0.057800,0.713800,0.000000,0.180464,0.904200,0.004957,0.00,0,-0.057800,0.713800,0.050000,0.000000,0.000000,0.000000,0.000000,0.000000,0.000000,nan,nan,nan,nan,nan,nan
1786089325762144464,2026-08-07T14:55:25.762161,prediction,0.122664,1.618000,-0.004957,True,-0.057800,0.713800,0.000000,0.180464,0.904200,0.004957,0.00,0,-0.057800,0.713800,0.050000,0.000000,0.000000,0.000000,0.000000,0.000000,0.000000,nan,nan,nan,nan,nan,nan
1786089325774551218,2026-08-07T14:55:25.774566,prediction,0.122664,1.618000,-0.004957,True,-0.057800,0.713800,0.000000,0.180464,0.904200,0.004957,0.00,0,-0.057800,0.713800,0.050000,0.000000,0.000000,0.000000,0.000000,0.000000,0.000000,nan,nan,nan,nan,nan,nan
1786089325795196514,2026-08-07T14:55:25.795209,prediction,0.122664,1.618000,-0.004957,True,-0.057800,0.713800,0.000000,0.180464,0.904200,0.004957,0.00,0,-0.057800,0.713800,0.050000,0.000000,0.000000,0.000000,0.000000,0.000000,0.000000,nan,nan,nan,nan,nan,nan
1786089325807992247,2026-08-07T14:55:25.808015,prediction,0.122664,1.618000,-0.004957,True,-0.057800,0.713800,0.000000,0.180464,0.904200,0.004957,0.00,0,-0.057800,0.713800,0.050000,0.000000,0.000000,0.000000,0.000000,0.000000,0.000000,nan,nan,nan,nan,nan,nan
1786089325828479636,2026-08-07T14:55:25.828497,prediction,0.122664,1.618000,-0.004957,True,-0.057800,0.713800,0.000000,0.180464,0.904200,0.004957,0.00,0,-0.057800,0.713800,0.050000,0.000000,0.000000,0.000000,0.000000,0.000000,0.000000,nan,nan,nan,nan,nan,nan
1786089325841432724,2026-08-07T14:55:25.841458,prediction,0.122664,1.618000,-0.004957,True,-0.057800,0.713800,0.000000,0.180464,0.904200,0.004957,0.00,0,-0.057800,0.713800,0.050000,0.000000,0.000000,0.000000,0.000000,0.000000,0.000000,nan,nan,nan,nan,nan,nan
1786089325862082388,2026-08-07T14:55:25.862103,prediction,0.122664,1.618000,-0.004957,True,-0.057800,0.713800,0.000000,0.180464,0.904200,0.004957,0.00,0,-0.057800,0.713800,0.050000,0.000000,0.000000,0.000000,0.000000,0.000000,0.000000,nan,nan,nan,nan,nan,nan
1786089325874464015,2026-08-07T14:55:25.874480,prediction,0.122664,1.618000,-0.004957,True,-0.057800,0.713800,0.000000,0.180464,0.904200,0.004957,0.00,0,-0.057800,0.713800,0.050000,0.000000,0.000000,0.000000,0.000000,0.000000,0.000000,nan,nan,nan,nan,nan,nan
1786089325895079645,2026-08-07T14:55:25.895097,prediction,0.122664,1.618000,-0.004957,True,-0.057800,0.713800,0.000000,0.180464,0.904200,0.004957,0.00,0,-0.057800,0.713800,0.050000,0.000000,0.000000,0.000000,0.000000,0.000000,0.000000,nan,nan,nan,nan,nan,nan
1786089325907872272,2026-08-07T14:55:25.907888,prediction,0.122664,1.618000,-0.004957,True,-0.057800,0.713800,0.000000,0.180464,0.904200,0.004957,0.00,0,-0.057800,0.713800,0.050000,0.000000,0.000000,0.000000,0.000000,0.000000,0.000000,nan,nan,nan,nan,nan,nan
1786089325928156891,2026-08-07T14:55:25.928170,prediction,-1.036574,-0.406000,0.032709,True,-0.057800,0.713800,0.000000,0.978774,1.119800,0.032709,0.00,1,-0.057800,0.713800,0.050000,0.000000,0.000000,0.000000,0.000000,0.000000,0.000000,nan,nan,nan,nan,nan,nan
1786089325942013352,2026-08-07T14:55:25.942062,prediction,-1.036574,-0.406000,0.032709,True,-0.057800,0.713800,0.000000,0.978774,1.119800,0.032709,0.00,1,-0.057800,0.713800,0.050000,0.000000,0.000000,0.000000,0.000000,0.000000,0.000000,nan,nan,nan,nan,nan,nan
1786089325961745326,2026-08-07T14:55:25.961767,prediction,-1.045155,-0.416000,0.187010,True,-0.057800,0.713800,0.000000,0.987355,1.129800,0.187010,0.00,2,-0.057800,0.713800,0.050000,0.000000,0.000000,0.000000,0.000000,0.000000,0.000000,nan,nan,nan,nan,nan,nan
1786089325975057687,2026-08-07T14:55:25.975127,prediction,-1.045155,-0.416000,0.187010,True,-0.057800,0.713800,0.000000,0.987355,1.129800,0.187010,0.00,2,-0.057800,0.713800,0.050000,0.000000,0.000000,0.000000,0.000000,0.000000,0.000000,nan,nan,nan,nan,nan,nan
1786089325994938770,2026-08-07T14:55:25.994953,prediction,-1.050112,-0.436000,0.174875,True,-0.057800,0.713800,0.000000,0.992312,1.149800,0.174875,0.00,3,-0.057800,0.713800,0.050000,0.000000,0.000000,0.000000,0.000000,0.000000,0.000000,nan,nan,nan,nan,nan,nan
1786089326008313629,2026-08-07T14:55:26.008387,prediction,-1.050112,-0.436000,0.174875,True,-0.057800,0.713800,0.000000,0.992312,1.149800,0.174875,0.00,3,-0.057800,0.713800,0.050000,0.000000,0.000000,0.000000,0.000000,0.000000,0.000000,nan,nan,nan,nan,nan,nan
1786089326028513790,2026-08-07T14:55:26.028531,prediction,-1.051644,-0.467000,0.141746,True,-0.057800,0.713800,0.000000,0.993844,1.180800,0.141746,0.00,4,-0.057800,0.713800,0.050000,0.000000,0.000000,0.000000,0.000000,0.000000,0.000000,nan,nan,nan,nan,nan,nan
1786089326043564260,2026-08-07T14:55:26.043582,prediction,-1.051644,-0.467000,0.141746,True,-0.057800,0.713800,0.000000,0.993844,1.180800,0.141746,0.00,4,-0.057800,0.713800,0.050000,0.000000,0.000000,0.000000,0.000000,0.000000,0.000000,nan,nan,nan,nan,nan,nan
1786089326062172607,2026-08-07T14:55:26.062188,prediction,-1.068254,-0.467000,0.120955,True,-0.057800,0.713800,0.000000,1.010454,1.180800,0.120955,0.00,5,-0.057800,0.713800,0.050000,0.000000,0.000000,0.000000,0.000000,0.000000,0.000000,nan,nan,nan,nan,nan,nan
1786089326075605735,2026-08-07T14:55:26.075626,prediction,-1.068254,-0.467000,0.120955,True,-0.057800,0.713800,0.000000,1.010454,1.180800,0.120955,0.00,5,-0.057800,0.713800,0.050000,0.000000,0.000000,0.000000,0.000000,0.000000,0.000000,nan,nan,nan,nan,nan,nan
1786089326094976351,2026-08-07T14:55:26.094992,prediction,-1.029258,-0.426000,0.191195,True,-0.057800,0.713800,0.000000,0.971458,1.139800,0.191195,0.00,6,-0.057800,0.713800,0.050000,0.000000,0.000000,0.000000,0.000000,0.000000,0.000000,nan,nan,nan,nan,nan,nan
1786089326108350399,2026-08-07T14:55:26.108371,prediction,-1.029258,-0.426000,0.191195,True,-0.057800,0.713800,0.000000,0.971458,1.139800,0.191195,0.00,6,-0.057800,0.713800,0.050000,0.000000,0.000000,0.000000,0.000000,0.000000,0.000000,nan,nan,nan,nan,nan,nan
1786089326128511978,2026-08-07T14:55:26.128524,prediction,-1.052241,-0.396000,0.004948,True,-0.057800,0.713800,0.000000,0.994441,1.109800,0.004948,0.00,7,-0.057800,0.713800,0.050000,0.000000,0.000000,0.000000,0.000000,0.000000,0.000000,nan,nan,nan,nan,nan,nan
1786089326142657761,2026-08-07T14:55:26.142686,prediction,-1.052241,-0.396000,0.004948,True,-0.057800,0.713800,0.000000,0.994441,1.109800,0.004948,0.00,7,-0.057800,0.713800,0.050000,0.000000,0.000000,0.000000,0.000000,0.000000,0.000000,nan,nan,nan,nan,nan,nan
1786089326161889958,2026-08-07T14:55:26.161908,prediction,-1.052241,-0.396000,0.004948,True,-0.057800,0.713800,0.000000,0.994441,1.109800,0.004948,0.00,7,-0.057800,0.713800,0.050000,0.000000,0.000000,0.000000,0.000000,0.000000,0.000000,nan,nan,nan,nan,nan,nan
1786089326175347111,2026-08-07T14:55:26.175370,prediction,-1.052241,-0.396000,0.004948,True,-0.057800,0.713800,0.000000,0.994441,1.109800,0.004948,0.00,7,-0.057800,0.713800,0.050000,0.000000,0.000000,0.000000,0.000000,0.000000,0.000000,nan,nan,nan,nan,nan,nan
1786089326195051904,2026-08-07T14:55:26.195070,prediction,-1.052241,-0.396000,0.004948,True,-0.057800,0.713800,0.000000,0.994441,1.109800,0.004948,0.00,7,-0.057800,0.713800,0.050000,0.000000,0.000000,0.000000,0.000000,0.000000,0.000000,nan,nan,nan,nan,nan,nan
1786089326208298432,2026-08-07T14:55:26.208316,prediction,-1.052241,-0.396000,0.004948,True,-0.057800,0.713800,0.000000,0.994441,1.109800,0.004948,0.00,7,-0.057800,0.713800,0.050000,0.000000,0.000000,0.000000,0.000000,0.000000,0.000000,nan,nan,nan,nan,nan,nan
1786089326228499425,2026-08-07T14:55:26.228517,prediction,-1.052241,-0.396000,0.004948,True,-0.057800,0.713800,0.000000,0.994441,1.109800,0.004948,0.00,7,-0.057800,0.713800,0.050000,0.000000,0.000000,0.000000,0.000000,0.000000,0.000000,nan,nan,nan,nan,nan,nan
1786089326242331300,2026-08-07T14:55:26.242360,prediction,-1.052241,-0.396000,0.004948,True,-0.057800,0.713800,0.000000,0.994441,1.109800,0.004948,0.00,7,-0.057800,0.713800,0.050000,0.000000,0.000000,0.000000,0.000000,0.000000,0.000000,nan,nan,nan,nan,nan,nan
1786089326261868258,2026-08-07T14:55:26.261887,prediction,-1.052241,-0.396000,0.004948,True,-0.057800,0.713800,0.000000,0.994441,1.109800,0.004948,0.00,7,-0.057800,0.713800,0.050000,0.000000,0.000000,0.000000,0.000000,0.000000,0.000000,nan,nan,nan,nan,nan,nan
1786089326274846614,2026-08-07T14:55:26.274861,prediction,-1.052241,-0.396000,0.004948,True,-0.057800,0.713800,0.000000,0.994441,1.109800,0.004948,0.00,7,-0.057800,0.713800,0.050000,0.000000,0.000000,0.000000,0.000000,0.000000,0.000000,nan,nan,nan,nan,nan,nan
1786089326295086239,2026-08-07T14:55:26.295103,prediction,-1.052241,-0.396000,0.004948,True,-0.057800,0.713800,0.000000,0.994441,1.109800,0.004948,0.00,7,-0.057800,0.713800,0.050000,0.000000,0.000000,0.000000,0.000000,0.000000,0.000000,nan,nan,nan,nan,nan,nan
1786089326308019460,2026-08-07T14:55:26.308040,prediction,-1.052241,-0.396000,0.004948,True,-0.057800,0.713800,0.000000,0.994441,1.109800,0.004948,0.00,7,-0.057800,0.713800,0.050000,0.000000,0.000000,0.000000,0.000000,0.000000,0.000000,nan,nan,nan,nan,nan,nan
1786089326328470321,2026-08-07T14:55:26.328484,prediction,-1.052241,-0.396000,0.004948,True,-0.057800,0.713800,0.000000,0.994441,1.109800,0.004948,0.00,7,-0.057800,0.713800,0.050000,0.000000,0.000000,0.000000,0.000000,0.000000,0.000000,nan,nan,nan,nan,nan,nan
1786089326341946008,2026-08-07T14:55:26.341999,prediction,-1.052241,-0.396000,0.004948,True,-0.057800,0.713800,0.000000,0.994441,1.109800,0.004948,0.00,7,-0.057800,0.713800,0.050000,0.000000,0.000000,0.000000,0.000000,0.000000,0.000000,nan,nan,nan,nan,nan,nan
1786089326362490145,2026-08-07T14:55:26.362532,prediction,-1.052241,-0.396000,0.004948,True,-0.057800,0.713800,0.000000,0.994441,1.109800,0.004948,0.00,7,-0.057800,0.713800,0.050000,0.000000,0.000000,0.000000,0.000000,0.000000,0.000000,nan,nan,nan,nan,nan,nan
1786089326375484270,2026-08-07T14:55:26.375503,prediction,-1.052241,-0.396000,0.004948,True,-0.057800,0.713800,0.000000,0.994441,1.109800,0.004948,0.00,7,-0.057800,0.713800,0.050000,0.000000,0.000000,0.000000,0.000000,0.000000,0.000000,nan,nan,nan,nan,nan,nan
1786089326395222655,2026-08-07T14:55:26.395240,prediction,-1.052241,-0.396000,0.004948,True,-0.057800,0.713800,0.000000,0.994441,1.109800,0.004948,0.00,7,-0.057800,0.713800,0.050000,0.000000,0.000000,0.000000,0.000000,0.000000,0.000000,nan,nan,nan,nan,nan,nan
1786089326408700186,2026-08-07T14:55:26.408721,prediction,-1.052241,-0.396000,0.004948,True,-0.057800,0.713800,0.000000,0.994441,1.109800,0.004948,0.00,7,-0.057800,0.713800,0.050000,0.000000,0.000000,0.000000,0.000000,0.000000,0.000000,nan,nan,nan,nan,nan,nan
1786089326428692719,2026-08-07T14:55:26.428716,prediction,-1.052241,-0.396000,0.004948,True,-0.057800,0.713800,0.000000,0.994441,1.109800,0.004948,0.00,7,-0.057800,0.713800,0.050000,0.000000,0.000000,0.000000,0.000000,0.000000,0.000000,nan,nan,nan,nan,nan,nan
1786089326441538666,2026-08-07T14:55:26.441591,prediction,-1.052241,-0.396000,0.004948,True,-0.057800,0.713800,0.000000,0.994441,1.109800,0.004948,0.00,7,-0.057800,0.713800,0.050000,0.000000,0.000000,0.000000,0.000000,0.000000,0.000000,nan,nan,nan,nan,nan,nan
1786089326462501657,2026-08-07T14:55:26.462522,prediction,-1.052241,-0.396000,0.004948,True,-0.057800,0.713800,0.000000,0.994441,1.109800,0.004948,0.00,7,-0.057800,0.713800,0.050000,0.000000,0.000000,0.000000,0.000000,0.000000,0.000000,nan,nan,nan,nan,nan,nan
1786089326474581388,2026-08-07T14:55:26.474595,prediction,-1.052241,-0.396000,0.004948,True,-0.057800,0.713800,0.000000,0.994441,1.109800,0.004948,0.00,7,-0.057800,0.713800,0.050000,0.000000,0.000000,0.000000,0.000000,0.000000,0.000000,nan,nan,nan,nan,nan,nan
1786089326495015408,2026-08-07T14:55:26.495034,prediction,-1.052241,-0.396000,0.004948,True,-0.057800,0.713800,0.000000,0.994441,1.109800,0.004948,0.00,7,-0.057800,0.713800,0.050000,0.000000,0.000000,0.000000,0.000000,0.000000,0.000000,nan,nan,nan,nan,nan,nan
1786089326508031073,2026-08-07T14:55:26.508050,prediction,-1.052241,-0.396000,0.004948,True,-0.057800,0.713800,0.000000,0.994441,1.109800,0.004948,0.00,7,-0.057800,0.713800,0.050000,0.000000,0.000000,0.000000,0.000000,0.000000,0.000000,nan,nan,nan,nan,nan,nan
1786089326528433023,2026-08-07T14:55:26.528457,prediction,-1.052241,-0.396000,0.004948,True,-0.057800,0.713800,0.000000,0.994441,1.109800,0.004948,0.00,7,-0.057800,0.713800,0.050000,0.000000,0.000000,0.000000,0.000000,0.000000,0.000000,nan,nan,nan,nan,nan,nan
1786089326541642481,2026-08-07T14:55:26.541683,prediction,-1.052241,-0.396000,0.004948,True,-0.057800,0.713800,0.000000,0.994441,1.109800,0.004948,0.00,7,-0.057800,0.713800,0.050000,0.000000,0.000000,0.000000,0.000000,0.000000,0.000000,nan,nan,nan,nan,nan,nan
1786089326562037608,2026-08-07T14:55:26.562054,prediction,-1.052241,-0.396000,0.004948,True,-0.057800,0.713800,0.000000,0.994441,1.109800,0.004948,0.00,7,-0.057800,0.713800,0.050000,0.000000,0.000000,0.000000,0.000000,0.000000,0.000000,nan,nan,nan,nan,nan,nan
1786089326574655758,2026-08-07T14:55:26.574694,prediction,-1.052241,-0.396000,0.004948,True,-0.057800,0.713800,0.000000,0.994441,1.109800,0.004948,0.00,7,-0.057800,0.713800,0.050000,0.000000,0.000000,0.000000,0.000000,0.000000,0.000000,nan,nan,nan,nan,nan,nan
1786089326595043211,2026-08-07T14:55:26.595057,prediction,-1.052241,-0.396000,0.004948,True,-0.057800,0.713800,0.000000,0.994441,1.109800,0.004948,0.00,7,-0.057800,0.713800,0.050000,0.000000,0.000000,0.000000,0.000000,0.000000,0.000000,nan,nan,nan,nan,nan,nan
1786089326608970465,2026-08-07T14:55:26.609033,prediction,-1.052241,-0.396000,0.004948,True,-0.057800,0.713800,0.000000,0.994441,1.109800,0.004948,0.00,7,-0.057800,0.713800,0.050000,0.000000,0.000000,0.000000,0.000000,0.000000,0.000000,nan,nan,nan,nan,nan,nan
1786089326628451989,2026-08-07T14:55:26.628470,prediction,-1.052241,-0.396000,0.004948,True,-0.057800,0.713800,0.000000,0.994441,1.109800,0.004948,0.00,7,-0.057800,0.713800,0.050000,0.000000,0.000000,0.000000,0.000000,0.000000,0.000000,nan,nan,nan,nan,nan,nan
1786089326641414394,2026-08-07T14:55:26.641439,prediction,-1.052241,-0.396000,0.004948,True,-0.057800,0.713800,0.000000,0.994441,1.109800,0.004948,0.00,7,-0.057800,0.713800,0.050000,0.000000,0.000000,0.000000,0.000000,0.000000,0.000000,nan,nan,nan,nan,nan,nan
1786089326662125824,2026-08-07T14:55:26.662146,prediction,-1.052241,-0.396000,0.004948,True,-0.057800,0.713800,0.000000,0.994441,1.109800,0.004948,0.00,7,-0.057800,0.713800,0.050000,0.000000,0.000000,0.000000,0.000000,0.000000,0.000000,nan,nan,nan,nan,nan,nan
1786089326674431959,2026-08-07T14:55:26.674445,prediction,-1.052241,-0.396000,0.004948,True,-0.057800,0.713800,0.000000,0.994441,1.109800,0.004948,0.00,7,-0.057800,0.713800,0.050000,0.000000,0.000000,0.000000,0.000000,0.000000,0.000000,nan,nan,nan,nan,nan,nan
1786089326695086522,2026-08-07T14:55:26.695098,prediction,-1.052241,-0.396000,0.004948,True,-0.057800,0.713800,0.000000,0.994441,1.109800,0.004948,0.00,7,-0.057800,0.713800,0.050000,0.000000,0.000000,0.000000,0.000000,0.000000,0.000000,nan,nan,nan,nan,nan,nan
1786089326708400847,2026-08-07T14:55:26.708450,prediction,-1.052241,-0.396000,0.004948,True,-0.057800,0.713800,0.000000,0.994441,1.109800,0.004948,0.00,7,-0.057800,0.713800,0.050000,0.000000,0.000000,0.000000,0.000000,0.000000,0.000000,nan,nan,nan,nan,nan,nan
1786089326728524966,2026-08-07T14:55:26.728543,prediction,-1.052241,-0.396000,0.004948,True,-0.057800,0.713800,0.000000,0.994441,1.109800,0.004948,0.00,7,-0.057800,0.713800,0.050000,0.000000,0.000000,0.000000,0.000000,0.000000,0.000000,nan,nan,nan,nan,nan,nan
1786089326742550585,2026-08-07T14:55:26.742576,prediction,-1.052241,-0.396000,0.004948,True,-0.057800,0.713800,0.000000,0.994441,1.109800,0.004948,0.00,7,-0.057800,0.713800,0.050000,0.000000,0.000000,0.000000,0.000000,0.000000,0.000000,nan,nan,nan,nan,nan,nan
1786089326762379841,2026-08-07T14:55:26.762397,prediction,-1.052241,-0.396000,0.004948,True,-0.057800,0.713800,0.000000,0.994441,1.109800,0.004948,0.00,7,-0.057800,0.713800,0.050000,0.000000,0.000000,0.000000,0.000000,0.000000,0.000000,nan,nan,nan,nan,nan,nan
1786089326774582072,2026-08-07T14:55:26.774600,prediction,-1.052241,-0.396000,0.004948,True,-0.057800,0.713800,0.000000,0.994441,1.109800,0.004948,0.00,7,-0.057800,0.713800,0.050000,0.000000,0.000000,0.000000,0.000000,0.000000,0.000000,nan,nan,nan,nan,nan,nan
1786089326795053261,2026-08-07T14:55:26.795072,prediction,-1.052241,-0.396000,0.004948,True,-0.057800,0.713800,0.000000,0.994441,1.109800,0.004948,0.00,7,-0.057800,0.713800,0.050000,0.000000,0.000000,0.000000,0.000000,0.000000,0.000000,nan,nan,nan,nan,nan,nan
1786089326808008222,2026-08-07T14:55:26.808027,prediction,-1.052241,-0.396000,0.004948,True,-0.057800,0.713800,0.000000,0.994441,1.109800,0.004948,0.00,7,-0.057800,0.713800,0.050000,0.000000,0.000000,0.000000,0.000000,0.000000,0.000000,nan,nan,nan,nan,nan,nan
1786089326828693713,2026-08-07T14:55:26.828719,prediction,-1.052241,-0.396000,0.004948,True,-0.057800,0.713800,0.000000,0.994441,1.109800,0.004948,0.00,7,-0.057800,0.713800,0.050000,0.000000,0.000000,0.000000,0.000000,0.000000,0.000000,nan,nan,nan,nan,nan,nan
1786089326842903086,2026-08-07T14:55:26.842960,prediction,-1.052241,-0.396000,0.004948,True,-0.057800,0.713800,0.000000,0.994441,1.109800,0.004948,0.00,7,-0.057800,0.713800,0.050000,0.000000,0.000000,0.000000,0.000000,0.000000,0.000000,nan,nan,nan,nan,nan,nan
1786089326862383699,2026-08-07T14:55:26.862404,prediction,-1.052241,-0.396000,0.004948,True,-0.057800,0.713800,0.000000,0.994441,1.109800,0.004948,0.00,7,-0.057800,0.713800,0.050000,0.000000,0.000000,0.000000,0.000000,0.000000,0.000000,nan,nan,nan,nan,nan,nan
1786089326875457062,2026-08-07T14:55:26.875501,prediction,-1.052241,-0.396000,0.004948,True,-0.057800,0.713800,0.000000,0.994441,1.109800,0.004948,0.00,7,-0.057800,0.713800,0.050000,0.000000,0.000000,0.000000,0.000000,0.000000,0.000000,nan,nan,nan,nan,nan,nan
1786089326895141817,2026-08-07T14:55:26.895166,prediction,-1.052241,-0.396000,0.004948,True,-0.057800,0.713800,0.000000,0.994441,1.109800,0.004948,0.00,7,-0.057800,0.713800,0.050000,0.000000,0.000000,0.000000,0.000000,0.000000,0.000000,nan,nan,nan,nan,nan,nan
1786089326909046139,2026-08-07T14:55:26.909069,prediction,-1.052241,-0.396000,0.004948,True,-0.057800,0.713800,0.000000,0.994441,1.109800,0.004948,0.00,7,-0.057800,0.713800,0.050000,0.000000,0.000000,0.000000,0.000000,0.000000,0.000000,nan,nan,nan,nan,nan,nan
1786089326928472269,2026-08-07T14:55:26.928490,prediction,-1.052241,-0.396000,0.004948,True,-0.057800,0.713800,0.000000,0.994441,1.109800,0.004948,0.00,7,-0.057800,0.713800,0.050000,0.000000,0.000000,0.000000,0.000000,0.000000,0.000000,nan,nan,nan,nan,nan,nan
1786089326942664980,2026-08-07T14:55:26.942691,prediction,-1.052241,-0.396000,0.004948,True,-0.057800,0.713800,0.000000,0.994441,1.109800,0.004948,0.00,7,-0.057800,0.713800,0.050000,0.000000,0.000000,0.000000,0.000000,0.000000,0.000000,nan,nan,nan,nan,nan,nan
1786089326962203301,2026-08-07T14:55:26.962221,prediction,-1.052241,-0.396000,0.004948,True,-0.057800,0.713800,0.000000,0.994441,1.109800,0.004948,0.00,7,-0.057800,0.713800,0.050000,0.000000,0.000000,0.000000,0.000000,0.000000,0.000000,nan,nan,nan,nan,nan,nan
1786089326975195833,2026-08-07T14:55:26.975240,prediction,-1.052241,-0.396000,0.004948,True,-0.057800,0.713800,0.000000,0.994441,1.109800,0.004948,0.00,7,-0.057800,0.713800,0.050000,0.000000,0.000000,0.000000,0.000000,0.000000,0.000000,nan,nan,nan,nan,nan,nan
1786089326995053493,2026-08-07T14:55:26.995067,prediction,-1.052241,-0.396000,0.004948,True,-0.057800,0.713800,0.000000,0.994441,1.109800,0.004948,0.00,7,-0.057800,0.713800,0.050000,0.000000,0.000000,0.000000,0.000000,0.000000,0.000000,nan,nan,nan,nan,nan,nan
1786089327007949063,2026-08-07T14:55:27.007991,prediction,-1.052241,-0.396000,0.004948,True,-0.057800,0.713800,0.000000,0.994441,1.109800,0.004948,0.00,7,-0.057800,0.713800,0.050000,0.000000,0.000000,0.000000,0.000000,0.000000,0.000000,nan,nan,nan,nan,nan,nan
1786089327028891987,2026-08-07T14:55:27.028915,prediction,-1.052241,-0.396000,0.004948,True,-0.057800,0.713800,0.000000,0.994441,1.109800,0.004948,0.00,7,-0.057800,0.713800,0.050000,0.000000,0.000000,0.000000,0.000000,0.000000,0.000000,nan,nan,nan,nan,nan,nan
1786089327041857638,2026-08-07T14:55:27.041926,prediction,-1.052241,-0.396000,0.004948,True,-0.057800,0.713800,0.000000,0.994441,1.109800,0.004948,0.00,7,-0.057800,0.713800,0.050000,0.000000,0.000000,0.000000,0.000000,0.000000,0.000000,nan,nan,nan,nan,nan,nan
1786089327062232908,2026-08-07T14:55:27.062255,prediction,-1.052241,-0.396000,0.004948,True,-0.057800,0.713800,0.000000,0.994441,1.109800,0.004948,0.00,7,-0.057800,0.713800,0.050000,0.000000,0.000000,0.000000,0.000000,0.000000,0.000000,nan,nan,nan,nan,nan,nan
1786089327074301097,2026-08-07T14:55:27.074317,prediction,-1.052241,-0.396000,0.004948,True,-0.057800,0.713800,0.000000,0.994441,1.109800,0.004948,0.00,7,-0.057800,0.713800,0.050000,0.000000,0.000000,0.000000,0.000000,0.000000,0.000000,nan,nan,nan,nan,nan,nan
1786089327095192675,2026-08-07T14:55:27.095213,prediction,-1.052241,-0.396000,0.004948,True,-0.057800,0.713800,0.000000,0.994441,1.109800,0.004948,0.00,7,-0.057800,0.713800,0.050000,0.000000,0.000000,0.000000,0.000000,0.000000,0.000000,nan,nan,nan,nan,nan,nan
1786089327108940142,2026-08-07T14:55:27.108957,prediction,-1.052241,-0.396000,0.004948,True,-0.057800,0.713800,0.000000,0.994441,1.109800,0.004948,0.00,7,-0.057800,0.713800,0.050000,0.000000,0.000000,0.000000,0.000000,0.000000,0.000000,nan,nan,nan,nan,nan,nan
1786089327129213120,2026-08-07T14:55:27.129254,prediction,-1.052241,-0.396000,0.004948,True,-0.057800,0.713800,0.000000,0.994441,1.109800,0.004948,0.00,7,-0.057800,0.713800,0.050000,0.000000,0.000000,0.000000,0.000000,0.000000,0.000000,nan,nan,nan,nan,nan,nan
1786089327141501001,2026-08-07T14:55:27.141544,prediction,-1.052241,-0.396000,0.004948,True,-0.057800,0.713800,0.000000,0.994441,1.109800,0.004948,0.00,7,-0.057800,0.713800,0.050000,0.000000,0.000000,0.000000,0.000000,0.000000,0.000000,nan,nan,nan,nan,nan,nan
1786089327163163023,2026-08-07T14:55:27.163180,prediction,-1.052241,-0.396000,0.004948,True,-0.057800,0.713800,0.000000,0.994441,1.109800,0.004948,0.00,7,-0.057800,0.713800,0.050000,0.000000,0.000000,0.000000,0.000000,0.000000,0.000000,nan,nan,nan,nan,nan,nan
1786089327175174616,2026-08-07T14:55:27.175218,prediction,-1.052241,-0.396000,0.004948,True,-0.057800,0.713800,0.000000,0.994441,1.109800,0.004948,0.00,7,-0.057800,0.713800,0.050000,0.000000,0.000000,0.000000,0.000000,0.000000,0.000000,nan,nan,nan,nan,nan,nan
1786089327195833187,2026-08-07T14:55:27.195883,prediction,-1.052241,-0.396000,0.004948,True,-0.057800,0.713800,0.000000,0.994441,1.109800,0.004948,0.00,7,-0.057800,0.713800,0.050000,0.000000,0.000000,0.000000,0.000000,0.000000,0.000000,nan,nan,nan,nan,nan,nan
1786089327207898882,2026-08-07T14:55:27.207922,prediction,-1.052241,-0.396000,0.004948,True,-0.057800,0.713800,0.000000,0.994441,1.109800,0.004948,0.00,7,-0.057800,0.713800,0.050000,0.000000,0.000000,0.000000,0.000000,0.000000,0.000000,nan,nan,nan,nan,nan,nan
1786089327228596315,2026-08-07T14:55:27.228614,prediction,-1.052241,-0.396000,0.004948,True,-0.057800,0.713800,0.000000,0.994441,1.109800,0.004948,0.00,7,-0.057800,0.713800,0.050000,0.000000,0.000000,0.000000,0.000000,0.000000,0.000000,nan,nan,nan,nan,nan,nan
1786089327241361712,2026-08-07T14:55:27.241381,prediction,-1.052241,-0.396000,0.004948,True,-0.057800,0.713800,0.000000,0.994441,1.109800,0.004948,0.00,7,-0.057800,0.713800,0.050000,0.000000,0.000000,0.000000,0.000000,0.000000,0.000000,nan,nan,nan,nan,nan,nan
1786089327262275651,2026-08-07T14:55:27.262341,prediction,-1.052241,-0.396000,0.004948,True,-0.057800,0.713800,0.000000,0.994441,1.109800,0.004948,0.00,7,-0.057800,0.713800,0.050000,0.000000,0.000000,0.000000,0.000000,0.000000,0.000000,nan,nan,nan,nan,nan,nan
1786089327274460650,2026-08-07T14:55:27.274474,prediction,-1.052241,-0.396000,0.004948,True,-0.057800,0.713800,0.000000,0.994441,1.109800,0.004948,0.00,7,-0.057800,0.713800,0.050000,0.000000,0.000000,0.000000,0.000000,0.000000,0.000000,nan,nan,nan,nan,nan,nan
1786089327295015125,2026-08-07T14:55:27.295029,prediction,-1.052241,-0.396000,0.004948,True,-0.057800,0.713800,0.000000,0.994441,1.109800,0.004948,0.00,7,-0.057800,0.713800,0.050000,0.000000,0.000000,0.000000,0.000000,0.000000,0.000000,nan,nan,nan,nan,nan,nan
1786089327307986327,2026-08-07T14:55:27.308006,prediction,-1.052241,-0.396000,0.004948,True,-0.057800,0.713800,0.000000,0.994441,1.109800,0.004948,0.00,7,-0.057800,0.713800,0.050000,0.000000,0.000000,0.000000,0.000000,0.000000,0.000000,nan,nan,nan,nan,nan,nan
1786089327328412673,2026-08-07T14:55:27.328429,prediction,-1.052241,-0.396000,0.004948,True,-0.057800,0.713800,0.000000,0.994441,1.109800,0.004948,0.00,7,-0.057800,0.713800,0.050000,0.000000,0.000000,0.000000,0.000000,0.000000,0.000000,nan,nan,nan,nan,nan,nan
1786089327341470557,2026-08-07T14:55:27.341493,prediction,-1.052241,-0.396000,0.004948,True,-0.057800,0.713800,0.000000,0.994441,1.109800,0.004948,0.00,7,-0.057800,0.713800,0.050000,0.000000,0.000000,0.000000,0.000000,0.000000,0.000000,nan,nan,nan,nan,nan,nan
1786089327361835788,2026-08-07T14:55:27.361850,prediction,-1.052241,-0.396000,0.004948,True,-0.057800,0.713800,0.000000,0.994441,1.109800,0.004948,0.00,7,-0.057800,0.713800,0.050000,0.000000,0.000000,0.000000,0.000000,0.000000,0.000000,nan,nan,nan,nan,nan,nan
1786089327374929920,2026-08-07T14:55:27.374972,prediction,-1.052241,-0.396000,0.004948,True,-0.057800,0.713800,0.000000,0.994441,1.109800,0.004948,0.00,7,-0.057800,0.713800,0.050000,0.000000,0.000000,0.000000,0.000000,0.000000,0.000000,nan,nan,nan,nan,nan,nan
1786089327395144349,2026-08-07T14:55:27.395157,prediction,-1.052241,-0.396000,0.004948,True,-0.057800,0.713800,0.000000,0.994441,1.109800,0.004948,0.00,7,-0.057800,0.713800,0.050000,0.000000,0.000000,0.000000,0.000000,0.000000,0.000000,nan,nan,nan,nan,nan,nan
1786089327408006467,2026-08-07T14:55:27.408022,prediction,-1.052241,-0.396000,0.004948,True,-0.057800,0.713800,0.000000,0.994441,1.109800,0.004948,0.00,7,-0.057800,0.713800,0.050000,0.000000,0.000000,0.000000,0.000000,0.000000,0.000000,nan,nan,nan,nan,nan,nan
1786089327428535885,2026-08-07T14:55:27.428553,prediction,-1.052241,-0.396000,0.004948,True,-0.057800,0.713800,0.000000,0.994441,1.109800,0.004948,0.00,7,-0.057800,0.713800,0.050000,0.000000,0.000000,0.000000,0.000000,0.000000,0.000000,nan,nan,nan,nan,nan,nan
1786089327441555037,2026-08-07T14:55:27.441592,prediction,-1.052241,-0.396000,0.004948,True,-0.057800,0.713800,0.000000,0.994441,1.109800,0.004948,0.00,7,-0.057800,0.713800,0.050000,0.000000,0.000000,0.000000,0.000000,0.000000,0.000000,nan,nan,nan,nan,nan,nan
1786089327462243333,2026-08-07T14:55:27.462260,prediction,-1.052241,-0.396000,0.004948,True,-0.057800,0.713800,0.000000,0.994441,1.109800,0.004948,0.00,7,-0.057800,0.713800,0.050000,0.000000,0.000000,0.000000,0.000000,0.000000,0.000000,nan,nan,nan,nan,nan,nan
1786089327475292652,2026-08-07T14:55:27.475313,prediction,-1.052241,-0.396000,0.004948,True,-0.057800,0.713800,0.000000,0.994441,1.109800,0.004948,0.00,0,-0.057800,0.713800,0.050000,0.000000,0.000000,0.000000,0.000000,0.000000,0.000000,nan,nan,nan,nan,nan,nan
1786089327495076083,2026-08-07T14:55:27.495089,prediction,-1.052241,-0.396000,0.004948,True,-0.057800,0.713800,0.000000,0.994441,1.109800,0.004948,0.00,7,-0.057800,0.713800,0.050000,0.000000,0.000000,0.000000,0.000000,0.000000,0.000000,nan,nan,nan,nan,nan,nan
1786089327508117737,2026-08-07T14:55:27.508137,prediction,-1.052241,-0.396000,0.004948,True,-0.057800,0.713800,0.000000,0.994441,1.109800,0.004948,0.00,0,-0.057800,0.713800,0.050000,0.000000,0.000000,0.000000,0.000000,0.000000,0.000000,nan,nan,nan,nan,nan,nan
1786089327528535606,2026-08-07T14:55:27.528554,prediction,-1.052241,-0.396000,0.004948,True,-0.057800,0.713800,0.000000,0.994441,1.109800,0.004948,0.00,7,-0.057800,0.713800,0.050000,0.000000,0.000000,0.000000,0.000000,0.000000,0.000000,nan,nan,nan,nan,nan,nan
1786089327541884686,2026-08-07T14:55:27.541947,prediction,-1.052241,-0.396000,0.004948,True,-0.057800,0.713800,0.000000,0.994441,1.109800,0.004948,0.00,0,-0.057800,0.713800,0.050000,0.000000,0.000000,0.000000,0.000000,0.000000,0.000000,nan,nan,nan,nan,nan,nan
1786089327562205544,2026-08-07T14:55:27.562234,prediction,-1.052241,-0.396000,0.004948,True,-0.057800,0.713800,0.000000,0.994441,1.109800,0.004948,0.00,7,-0.057800,0.713800,0.050000,0.000000,0.000000,0.000000,0.000000,0.000000,0.000000,nan,nan,nan,nan,nan,nan
1786089327574348283,2026-08-07T14:55:27.574361,prediction,-1.052241,-0.396000,0.004948,True,-0.057800,0.713800,0.000000,0.994441,1.109800,0.004948,0.00,0,-0.057800,0.713800,0.050000,0.000000,0.000000,0.000000,0.000000,0.000000,0.000000,nan,nan,nan,nan,nan,nan
1786089327595110328,2026-08-07T14:55:27.595124,prediction,-1.052241,-0.396000,0.004948,True,-0.057800,0.713800,0.000000,0.994441,1.109800,0.004948,0.00,7,-0.057800,0.713800,0.050000,0.000000,0.000000,0.000000,0.000000,0.000000,0.000000,nan,nan,nan,nan,nan,nan
1786089327608054059,2026-08-07T14:55:27.608091,prediction,-1.052241,-0.396000,0.004948,True,-0.057800,0.713800,0.000000,0.994441,1.109800,0.004948,0.00,0,-0.057800,0.713800,0.050000,0.000000,0.000000,0.000000,0.000000,0.000000,0.000000,nan,nan,nan,nan,nan,nan
1786089327628519708,2026-08-07T14:55:27.628539,prediction,-1.052241,-0.396000,0.004948,True,-0.057800,0.713800,0.000000,0.994441,1.109800,0.004948,0.00,7,-0.057800,0.713800,0.050000,0.000000,0.000000,0.000000,0.000000,0.000000,0.000000,nan,nan,nan,nan,nan,nan
1786089327642737697,2026-08-07T14:55:27.642788,prediction,-1.052241,-0.396000,0.004948,True,-0.057800,0.713800,0.000000,0.994441,1.109800,0.004948,0.00,0,-0.057800,0.713800,0.050000,0.000000,0.000000,0.000000,0.000000,0.000000,0.000000,nan,nan,nan,nan,nan,nan
1786089327662143449,2026-08-07T14:55:27.662160,prediction,-1.052241,-0.396000,0.004948,True,-0.057800,0.713800,0.000000,0.994441,1.109800,0.004948,0.00,7,-0.057800,0.713800,0.050000,0.000000,0.000000,0.000000,0.000000,0.000000,0.000000,nan,nan,nan,nan,nan,nan
1786089327675442997,2026-08-07T14:55:27.675482,prediction,-1.052241,-0.396000,0.004948,True,-0.057800,0.713800,0.000000,0.994441,1.109800,0.004948,0.00,0,-0.057800,0.713800,0.050000,0.000000,0.000000,0.000000,0.000000,0.000000,0.000000,nan,nan,nan,nan,nan,nan
1786089327695116762,2026-08-07T14:55:27.695135,prediction,-1.052241,-0.396000,0.004948,True,-0.057800,0.713800,0.000000,0.994441,1.109800,0.004948,0.00,7,-0.057800,0.713800,0.050000,0.000000,0.000000,0.000000,0.000000,0.000000,0.000000,nan,nan,nan,nan,nan,nan
1786089327708457887,2026-08-07T14:55:27.708508,prediction,-1.052241,-0.396000,0.004948,True,-0.057800,0.713800,0.000000,0.994441,1.109800,0.004948,0.00,0,-0.057800,0.713800,0.050000,0.000000,0.000000,0.000000,0.000000,0.000000,0.000000,nan,nan,nan,nan,nan,nan
1786089327728522555,2026-08-07T14:55:27.728542,prediction,-1.052241,-0.396000,0.004948,True,-0.057800,0.713800,0.000000,0.994441,1.109800,0.004948,0.00,7,-0.057800,0.713800,0.050000,0.000000,0.000000,0.000000,0.000000,0.000000,0.000000,nan,nan,nan,nan,nan,nan
1786089327742315337,2026-08-07T14:55:27.742337,prediction,-1.052241,-0.396000,0.004948,True,-0.057800,0.713800,0.000000,0.994441,1.109800,0.004948,0.00,0,-0.057800,0.713800,0.050000,0.000000,0.000000,0.000000,0.000000,0.000000,0.000000,nan,nan,nan,nan,nan,nan
1786089327762239631,2026-08-07T14:55:27.762256,prediction,-1.052241,-0.396000,0.004948,True,-0.057800,0.713800,0.000000,0.994441,1.109800,0.004948,0.00,7,-0.057800,0.713800,0.050000,0.000000,0.000000,0.000000,0.000000,0.000000,0.000000,nan,nan,nan,nan,nan,nan
1786089327775283930,2026-08-07T14:55:27.775308,prediction,-1.052241,-0.396000,0.004948,True,-0.057800,0.713800,0.000000,0.994441,1.109800,0.004948,0.00,0,-0.057800,0.713800,0.050000,0.000000,0.000000,0.000000,0.000000,0.000000,0.000000,nan,nan,nan,nan,nan,nan
1786089327795478842,2026-08-07T14:55:27.795493,prediction,-1.052241,-0.396000,0.004948,True,-0.057800,0.713800,0.000000,0.994441,1.109800,0.004948,0.00,7,-0.057800,0.713800,0.050000,0.000000,0.000000,0.000000,0.000000,0.000000,0.000000,nan,nan,nan,nan,nan,nan
1786089327809638742,2026-08-07T14:55:27.809658,prediction,-1.052241,-0.396000,0.004948,True,-0.057800,0.713800,0.000000,0.994441,1.109800,0.004948,0.00,0,-0.057800,0.713800,0.050000,0.000000,0.000000,0.000000,0.000000,0.000000,0.000000,nan,nan,nan,nan,nan,nan
1786089327828715768,2026-08-07T14:55:27.828735,prediction,-1.052241,-0.396000,0.004948,True,-0.057800,0.713800,0.000000,0.994441,1.109800,0.004948,0.00,7,-0.057800,0.713800,0.050000,0.000000,0.000000,0.000000,0.000000,0.000000,0.000000,nan,nan,nan,nan,nan,nan
1786089327842216753,2026-08-07T14:55:27.842239,prediction,-1.052241,-0.396000,0.004948,True,-0.057800,0.713800,0.000000,0.994441,1.109800,0.004948,0.00,0,-0.057800,0.713800,0.050000,0.000000,0.000000,0.000000,0.000000,0.000000,0.000000,nan,nan,nan,nan,nan,nan
1786089327862103758,2026-08-07T14:55:27.862129,prediction,-1.052241,-0.396000,0.004948,True,-0.057800,0.713800,0.000000,0.994441,1.109800,0.004948,0.00,7,-0.057800,0.713800,0.050000,0.000000,0.000000,0.000000,0.000000,0.000000,0.000000,nan,nan,nan,nan,nan,nan
1786089327874937683,2026-08-07T14:55:27.874984,prediction,-1.052241,-0.396000,0.004948,True,-0.057800,0.713800,0.000000,0.994441,1.109800,0.004948,0.00,0,-0.057800,0.713800,0.050000,0.000000,0.000000,0.000000,0.000000,0.000000,0.000000,nan,nan,nan,nan,nan,nan
1786089327895069486,2026-08-07T14:55:27.895084,prediction,-1.052241,-0.396000,0.004948,True,-0.057800,0.713800,0.000000,0.994441,1.109800,0.004948,0.00,7,-0.057800,0.713800,0.050000,0.000000,0.000000,0.000000,0.000000,0.000000,0.000000,nan,nan,nan,nan,nan,nan
1786089327908436059,2026-08-07T14:55:27.908451,prediction,-1.052241,-0.396000,0.004948,True,-0.057800,0.713800,0.000000,0.994441,1.109800,0.004948,0.00,0,-0.057800,0.713800,0.050000,0.000000,0.000000,0.000000,0.000000,0.000000,0.000000,nan,nan,nan,nan,nan,nan
1786089327928894485,2026-08-07T14:55:27.928930,prediction,-1.052241,-0.396000,0.004948,True,-0.057800,0.713800,0.000000,0.994441,1.109800,0.004948,0.00,7,-0.057800,0.713800,0.050000,0.000000,0.000000,0.000000,0.000000,0.000000,0.000000,nan,nan,nan,nan,nan,nan
1786089327942347560,2026-08-07T14:55:27.942366,prediction,-1.052241,-0.396000,0.004948,True,-0.057800,0.713800,0.000000,0.994441,1.109800,0.004948,0.00,0,-0.057800,0.713800,0.050000,0.000000,0.000000,0.000000,0.000000,0.000000,0.000000,nan,nan,nan,nan,nan,nan
1786089327962235757,2026-08-07T14:55:27.962328,prediction,-1.052241,-0.396000,0.004948,True,-0.057800,0.713800,0.000000,0.994441,1.109800,0.004948,0.00,7,-0.057800,0.713800,0.050000,0.000000,0.000000,0.000000,0.000000,0.000000,0.000000,nan,nan,nan,nan,nan,nan
1786089327975373832,2026-08-07T14:55:27.975428,prediction,-1.052241,-0.396000,0.004948,True,-0.057800,0.713800,0.000000,0.994441,1.109800,0.004948,0.00,0,-0.057800,0.713800,0.050000,0.000000,0.000000,0.000000,0.000000,0.000000,0.000000,nan,nan,nan,nan,nan,nan
1786089327995680483,2026-08-07T14:55:27.995705,prediction,-1.052241,-0.396000,0.004948,True,-0.057800,0.713800,0.000000,0.994441,1.109800,0.004948,0.00,7,-0.057800,0.713800,0.050000,0.000000,0.000000,0.000000,0.000000,0.000000,0.000000,nan,nan,nan,nan,nan,nan
1786089328008721876,2026-08-07T14:55:28.008770,prediction,-1.052241,-0.396000,0.004948,True,-0.057800,0.713800,0.000000,0.994441,1.109800,0.004948,0.00,0,-0.057800,0.713800,0.050000,0.000000,0.000000,0.000000,0.000000,0.000000,0.000000,nan,nan,nan,nan,nan,nan
1786089328029861599,2026-08-07T14:55:28.029882,prediction,-1.052241,-0.396000,0.004948,True,-0.057800,0.713800,0.000000,0.994441,1.109800,0.004948,0.00,0,-0.057800,0.713800,0.050000,0.000000,0.000000,0.000000,0.000000,0.000000,0.000000,nan,nan,nan,nan,nan,nan
1786089328041427307,2026-08-07T14:55:28.041468,prediction,-1.052241,-0.396000,0.004948,True,-0.057800,0.713800,0.000000,0.994441,1.109800,0.004948,0.00,0,-0.057800,0.713800,0.050000,0.000000,0.000000,0.000000,0.000000,0.000000,0.000000,nan,nan,nan,nan,nan,nan
1786089328061998314,2026-08-07T14:55:28.062017,prediction,-1.052241,-0.396000,0.004948,True,-0.057800,0.713800,0.000000,0.994441,1.109800,0.004948,0.00,0,-0.057800,0.713800,0.050000,0.000000,0.000000,0.000000,0.000000,0.000000,0.000000,nan,nan,nan,nan,nan,nan
1786089328074665596,2026-08-07T14:55:28.074699,prediction,-1.052241,-0.396000,0.004948,True,-0.057800,0.713800,0.000000,0.994441,1.109800,0.004948,0.00,0,-0.057800,0.713800,0.050000,0.000000,0.000000,0.000000,0.000000,0.000000,0.000000,nan,nan,nan,nan,nan,nan
1786089328095143458,2026-08-07T14:55:28.095162,prediction,-1.052241,-0.396000,0.004948,True,-0.057800,0.713800,0.000000,0.994441,1.109800,0.004948,0.00,0,-0.057800,0.713800,0.050000,0.000000,0.000000,0.000000,0.000000,0.000000,0.000000,nan,nan,nan,nan,nan,nan
1786089328107881173,2026-08-07T14:55:28.107899,prediction,-1.052241,-0.396000,0.004948,True,-0.057800,0.713800,0.000000,0.994441,1.109800,0.004948,0.00,0,-0.057800,0.713800,0.050000,0.000000,0.000000,0.000000,0.000000,0.000000,0.000000,nan,nan,nan,nan,nan,nan
1786089328128614113,2026-08-07T14:55:28.128633,prediction,-1.052241,-0.396000,0.004948,True,-0.057800,0.713800,0.000000,0.994441,1.109800,0.004948,0.00,0,-0.057800,0.713800,0.050000,0.000000,0.000000,0.000000,0.000000,0.000000,0.000000,nan,nan,nan,nan,nan,nan
1786089328142166194,2026-08-07T14:55:28.142223,prediction,-1.052241,-0.396000,0.004948,True,-0.057800,0.713800,0.000000,0.994441,1.109800,0.004948,0.00,0,-0.057800,0.713800,0.050000,0.000000,0.000000,0.000000,0.000000,0.000000,0.000000,nan,nan,nan,nan,nan,nan
1786089328162429795,2026-08-07T14:55:28.162448,prediction,-1.052241,-0.396000,0.004948,True,-0.057800,0.713800,0.000000,0.994441,1.109800,0.004948,0.00,0,-0.057800,0.713800,0.050000,0.000000,0.000000,0.000000,0.000000,0.000000,0.000000,nan,nan,nan,nan,nan,nan
1786089328174437461,2026-08-07T14:55:28.174450,prediction,-1.052241,-0.396000,0.004948,True,-0.057800,0.713800,0.000000,0.994441,1.109800,0.004948,0.00,0,-0.057800,0.713800,0.050000,0.000000,0.000000,0.000000,0.000000,0.000000,0.000000,nan,nan,nan,nan,nan,nan
1786089328195137139,2026-08-07T14:55:28.195152,prediction,-1.052241,-0.396000,0.004948,True,-0.057800,0.713800,0.000000,0.994441,1.109800,0.004948,0.00,0,-0.057800,0.713800,0.050000,0.000000,0.000000,0.000000,0.000000,0.000000,0.000000,nan,nan,nan,nan,nan,nan
1786089328207958631,2026-08-07T14:55:28.207975,prediction,-1.052241,-0.396000,0.004948,True,-0.057800,0.713800,0.000000,0.994441,1.109800,0.004948,0.00,0,-0.057800,0.713800,0.050000,0.000000,0.000000,0.000000,0.000000,0.000000,0.000000,nan,nan,nan,nan,nan,nan
1786089328228513116,2026-08-07T14:55:28.228568,prediction,-1.052241,-0.396000,0.004948,True,-0.057800,0.713800,0.000000,0.994441,1.109800,0.004948,0.00,0,-0.057800,0.713800,0.050000,0.000000,0.000000,0.000000,0.000000,0.000000,0.000000,nan,nan,nan,nan,nan,nan
1786089328241375555,2026-08-07T14:55:28.241394,prediction,-1.052241,-0.396000,0.004948,True,-0.057800,0.713800,0.000000,0.994441,1.109800,0.004948,0.00,0,-0.057800,0.713800,0.050000,0.000000,0.000000,0.000000,0.000000,0.000000,0.000000,nan,nan,nan,nan,nan,nan
1786089328262210867,2026-08-07T14:55:28.262228,prediction,-1.052241,-0.396000,0.004948,True,-0.057800,0.713800,0.000000,0.994441,1.109800,0.004948,0.00,0,-0.057800,0.713800,0.050000,0.000000,0.000000,0.000000,0.000000,0.000000,0.000000,nan,nan,nan,nan,nan,nan
1786089328274486665,2026-08-07T14:55:28.274505,prediction,-1.052241,-0.396000,0.004948,True,-0.057800,0.713800,0.000000,0.994441,1.109800,0.004948,0.00,0,-0.057800,0.713800,0.050000,0.000000,0.000000,0.000000,0.000000,0.000000,0.000000,nan,nan,nan,nan,nan,nan
1786089328295447443,2026-08-07T14:55:28.295472,prediction,-1.052241,-0.396000,0.004948,True,-0.057800,0.713800,0.000000,0.994441,1.109800,0.004948,0.00,0,-0.057800,0.713800,0.050000,0.000000,0.000000,0.000000,0.000000,0.000000,0.000000,nan,nan,nan,nan,nan,nan
1786089328309152440,2026-08-07T14:55:28.309171,prediction,-1.052241,-0.396000,0.004948,True,-0.057800,0.713800,0.000000,0.994441,1.109800,0.004948,0.00,0,-0.057800,0.713800,0.050000,0.000000,0.000000,0.000000,0.000000,0.000000,0.000000,nan,nan,nan,nan,nan,nan
1786089328328496056,2026-08-07T14:55:28.328510,prediction,-1.052241,-0.396000,0.004948,True,-0.057800,0.713800,0.000000,0.994441,1.109800,0.004948,0.00,0,-0.057800,0.713800,0.050000,0.000000,0.000000,0.000000,0.000000,0.000000,0.000000,nan,nan,nan,nan,nan,nan
1786089328342439862,2026-08-07T14:55:28.342465,prediction,-1.052241,-0.396000,0.004948,True,-0.057800,0.713800,0.000000,0.994441,1.109800,0.004948,0.00,0,-0.057800,0.713800,0.050000,0.000000,0.000000,0.000000,0.000000,0.000000,0.000000,nan,nan,nan,nan,nan,nan
1786089328362189148,2026-08-07T14:55:28.362205,prediction,-1.052241,-0.396000,0.004948,True,-0.057800,0.713800,0.000000,0.994441,1.109800,0.004948,0.00,0,-0.057800,0.713800,0.050000,0.000000,0.000000,0.000000,0.000000,0.000000,0.000000,nan,nan,nan,nan,nan,nan
1786089328375243085,2026-08-07T14:55:28.375291,prediction,-1.052241,-0.396000,0.004948,True,-0.057800,0.713800,0.000000,0.994441,1.109800,0.004948,0.00,0,-0.057800,0.713800,0.050000,0.000000,0.000000,0.000000,0.000000,0.000000,0.000000,nan,nan,nan,nan,nan,nan


============================================================
EXPERIMENT METRICS
  File: experiment_SVGP_20260807_145505.csv
  Total samples: 1203
  Task completion time: 22.59 s
  --- Prediction Accuracy (over 1203 samples) ---
  Avg Inference Time: 4.00 ms
  Mean Squared Error (MSE): 0.717525 m²
  Mean Absolute Error (MAE - 3D): 0.7083 m
      MAE X: 0.2302 m
      MAE Y: 0.6366 m
      MAE Z: 0.0279 m
  --- Trajectory Smoothness (Robot EE) ---
  Mean Jerk (3D): 10.4944 m/s³
      Jerk X: 2.2015 m/s³
      Jerk Y: 6.8240 m/s³
      Jerk Z: 5.8277 m/s³
  Max Jerk (3D): 110.3379 m/s³
  RMS Jerk (3D): 23.4016 m/s³
============================================================
