ros_timestamp_ns,wall_time,trajectory_mode,meas_x,meas_y,meas_z,filt_x,filt_y,filt_z,is_tracked,pred_x,pred_y,pred_z,mae_x,mae_y,mae_z,inference_ms,buffer_size,robot_ee_x,robot_ee_y,robot_ee_z,j1_vel,j2_vel,j3_vel,j4_vel,j5_vel,j6_vel,j1_eff,j2_eff,j3_eff,j4_eff,j5_eff,j6_eff,role
1786694709487086601,2026-08-14T15:05:09.487112,ground_truth,0.510911,-2.679000,-0.186427,,,,True,,,,,,,,,-0.161994,0.280059,0.378523,0.000000,0.000000,0.000000,0.000000,0.000000,0.000000,0.000000,0.000000,0.000000,0.000000,0.000000,0.000000,FOLLOWER
1786694709519875204,2026-08-14T15:05:09.519908,ground_truth,0.511031,-2.703000,-0.192563,0.510911,-2.679000,-0.186427,True,,,,,,,,,-0.161994,0.280059,0.378523,0.000000,0.000000,0.000000,0.000000,0.000000,0.000000,0.000000,0.000000,0.000000,0.000000,0.000000,0.000000,FOLLOWER
1786694709556041007,2026-08-14T15:05:09.556061,ground_truth,0.492109,-2.697000,-0.201047,0.511031,-2.698200,-0.192563,True,,,,,,,,,-0.161994,0.280059,0.378523,0.000000,0.000000,0.000000,0.000000,0.000000,0.000000,0.000000,0.000000,0.000000,0.000000,0.000000,0.000000,FOLLOWER
1786694709589530377,2026-08-14T15:05:09.589549,ground_truth,0.484407,-2.679000,-0.204131,0.492109,-2.697240,-0.201047,True,,,,,,,,,-0.161994,0.280059,0.378523,0.000000,0.000000,0.000000,0.000000,0.000000,0.000000,0.000000,0.000000,0.000000,0.000000,0.000000,0.000000,FOLLOWER
1786694709621891897,2026-08-14T15:05:09.621905,ground_truth,0.473442,-2.667000,-0.212028,0.484407,-2.697048,-0.204131,True,,,,,,,,,-0.161994,0.280059,0.378523,0.000000,0.000000,0.000000,0.000000,0.000000,0.000000,0.000000,0.000000,0.000000,0.000000,0.000000,0.000000,FOLLOWER
1786694709653665272,2026-08-14T15:05:09.653703,ground_truth,0.475572,-2.679000,-0.212982,0.494380,-2.692210,-0.199239,True,,,,,,,,,-0.161994,0.280059,0.378523,0.000000,0.000000,0.000000,0.000000,0.000000,0.000000,0.000000,0.000000,0.000000,0.000000,0.000000,0.000000,FOLLOWER
1786694709687852444,2026-08-14T15:05:09.687873,ground_truth,0.463065,-2.633000,-0.213675,0.491246,-2.689642,-0.201530,True,,,,,,,,,-0.161994,0.280059,0.378523,0.000000,0.000000,0.000000,0.000000,0.000000,0.000000,0.000000,0.000000,0.000000,0.000000,0.000000,0.000000,FOLLOWER
1786694709722125849,2026-08-14T15:05:09.722146,ground_truth,0.462730,-2.656000,-0.215542,0.487220,-2.686614,-0.203265,True,,,,,,,,,-0.161994,0.280059,0.378523,0.000000,0.000000,0.000000,0.000000,0.000000,0.000000,0.000000,0.000000,0.000000,0.000000,0.000000,0.000000,FOLLOWER
1786694709754065766,2026-08-14T15:05:09.754078,ground_truth,0.490501,-2.789000,-0.221728,0.484159,-2.683023,-0.204799,True,,,,,,,,,-0.161994,0.280059,0.378523,0.000000,0.000000,0.000000,0.000000,0.000000,0.000000,0.000000,0.000000,0.000000,0.000000,0.000000,0.000000,FOLLOWER
1786694709787895968,2026-08-14T15:05:09.787947,ground_truth,0.481963,-2.715000,-0.215844,0.484863,-2.679982,-0.206680,True,,,,,,,,,-0.161994,0.280059,0.378523,0.000000,0.000000,0.000000,0.000000,0.000000,0.000000,0.000000,0.000000,0.000000,0.000000,0.000000,0.000000,FOLLOWER
1786694709819857836,2026-08-14T15:05:09.819889,ground_truth,0.494897,-2.814000,-0.219066,0.484573,-2.682237,-0.207597,True,,,,,,,,,-0.161994,0.280059,0.378523,0.000000,0.000000,0.000000,0.000000,0.000000,0.000000,0.000000,0.000000,0.000000,0.000000,0.000000,0.000000,FOLLOWER
1786694709854871362,2026-08-14T15:05:09.854885,ground_truth,0.483637,-2.776000,-0.220694,0.485512,-2.690411,-0.208639,True,,,,,,,,,-0.161994,0.280059,0.378523,0.000000,0.000000,0.000000,0.000000,0.000000,0.000000,0.000000,0.000000,0.000000,0.000000,0.000000,0.000000,FOLLOWER
1786694709886365522,2026-08-14T15:05:09.886384,ground_truth,0.485902,-2.789000,-0.221728,0.485356,-2.697616,-0.209644,True,,,,,,,,,-0.161994,0.280059,0.378523,0.000000,0.000000,0.000000,0.000000,0.000000,0.000000,0.000000,0.000000,0.000000,0.000000,0.000000,0.000000,FOLLOWER
1786694709919774912,2026-08-14T15:05:09.919808,ground_truth,0.487861,-2.827000,-0.224749,0.485398,-2.704569,-0.210573,True,,,,,,,,,-0.161994,0.280059,0.378523,0.000000,0.000000,0.000000,0.000000,0.000000,0.000000,0.000000,0.000000,0.000000,0.000000,0.000000,0.000000,FOLLOWER
1786694709953450803,2026-08-14T15:05:09.953488,ground_truth,0.467874,-2.764000,-0.224306,0.485573,-2.710685,-0.211586,True,,,,,,,,,-0.161994,0.280059,0.378523,0.000000,0.000000,0.000000,0.000000,0.000000,0.000000,0.000000,0.000000,0.000000,0.000000,0.000000,0.000000,FOLLOWER
1786694709989107639,2026-08-14T15:05:09.989123,ground_truth,0.467874,-2.764000,-0.224306,0.484393,-2.716004,-0.212434,True,,,,,,,,,-0.161994,0.280059,0.378523,0.000000,0.000000,0.000000,0.000000,0.000000,0.000000,0.000000,0.000000,0.000000,0.000000,0.000000,0.000000,FOLLOWER
1786694710021008603,2026-08-14T15:05:10.021022,ground_truth,0.461137,-2.751000,-0.223251,0.481524,-2.721601,-0.214959,True,,,,,,,,,-0.161994,0.280059,0.378523,0.000000,0.000000,0.000000,0.000000,0.000000,0.000000,0.000000,0.000000,0.000000,0.000000,0.000000,0.000000,FOLLOWER
1786694710054736963,2026-08-14T15:05:10.054757,ground_truth,0.450626,-2.715000,-0.224815,0.478198,-2.725974,-0.217005,True,,,,,,,,,-0.161994,0.280059,0.378523,0.000000,0.000000,0.000000,0.000000,0.000000,0.000000,0.000000,0.000000,0.000000,0.000000,0.000000,0.000000,FOLLOWER
1786694710088478848,2026-08-14T15:05:10.088492,ground_truth,0.442205,-2.691000,-0.227274,0.475432,-2.729728,-0.218590,True,,,,,,,,,-0.161994,0.280059,0.378523,0.000000,0.000000,0.000000,0.000000,0.000000,0.000000,0.000000,0.000000,0.000000,0.000000,0.000000,0.000000,FOLLOWER
1786694710122739258,2026-08-14T15:05:10.122754,ground_truth,0.435816,-2.679000,-0.226260,0.472619,-2.731439,-0.220133,True,,,,,,,,,-0.161994,0.280059,0.378523,0.000000,0.000000,0.000000,0.000000,0.000000,0.000000,0.000000,0.000000,0.000000,0.000000,0.000000,0.000000,FOLLOWER
1786694710154895633,2026-08-14T15:05:10.154964,ground_truth,0.424754,-2.611000,-0.224831,0.470111,-2.732421,-0.221081,True,,,,,,,,,-0.161994,0.280059,0.378523,0.000000,0.000000,0.000000,0.000000,0.000000,0.000000,0.000000,0.000000,0.000000,0.000000,0.000000,0.000000,FOLLOWER
1786694710187578757,2026-08-14T15:05:10.187618,ground_truth,0.417596,-2.567000,-0.221042,0.466723,-2.732618,-0.221871,True,,,,,,,,,-0.161994,0.280059,0.378523,0.000000,0.000000,0.000000,0.000000,0.000000,0.000000,0.000000,0.000000,0.000000,0.000000,0.000000,0.000000,FOLLOWER
1786694710224458482,2026-08-14T15:05:10.224489,ground_truth,0.422220,-2.622000,-0.225778,0.463691,-2.729670,-0.222362,True,,,,,,,,,-0.161994,0.280059,0.378523,0.000000,0.000000,0.000000,0.000000,0.000000,0.000000,0.000000,0.000000,0.000000,0.000000,0.000000,0.000000,FOLLOWER
1786694710254868503,2026-08-14T15:05:10.254961,ground_truth,0.422220,-2.622000,-0.225778,0.460991,-2.726681,-0.223045,True,,,,,,,,,-0.161994,0.280059,0.378523,0.000000,0.000000,0.000000,0.000000,0.000000,0.000000,0.000000,0.000000,0.000000,0.000000,0.000000,0.000000,FOLLOWER
1786694710286563841,2026-08-14T15:05:10.286583,ground_truth,0.423991,-2.633000,-0.226725,0.456439,-2.724270,-0.223315,True,,,,,,,,,-0.161994,0.280059,0.378523,0.000000,0.000000,0.000000,0.000000,0.000000,0.000000,0.000000,0.000000,0.000000,0.000000,0.000000,0.000000,FOLLOWER
1786694710320865158,2026-08-14T15:05:10.320908,ground_truth,0.416906,-2.589000,-0.222936,0.452574,-2.718827,-0.224040,True,,,,,,,,,-0.161994,0.280059,0.378523,0.000000,0.000000,0.000000,0.000000,0.000000,0.000000,0.000000,0.000000,0.000000,0.000000,0.000000,0.000000,FOLLOWER
1786694710353405284,2026-08-14T15:05:10.353429,ground_truth,0.422220,-2.622000,-0.225778,0.447374,-2.708832,-0.224298,True,,,,,,,,,-0.161994,0.280059,0.378523,0.000000,0.000000,0.000000,0.000000,0.000000,0.000000,0.000000,0.000000,0.000000,0.000000,0.000000,0.000000,FOLLOWER
1786694710387172747,2026-08-14T15:05:10.387192,ground_truth,0.418677,-2.600000,-0.223883,0.443280,-2.698620,-0.224637,True,,,,,,,,,-0.161994,0.280059,0.378523,0.000000,0.000000,0.000000,0.000000,0.000000,0.000000,0.000000,0.000000,0.000000,0.000000,0.000000,0.000000,FOLLOWER
1786694710422709276,2026-08-14T15:05:10.422734,ground_truth,0.416906,-2.589000,-0.222936,0.438798,-2.686497,-0.224781,True,,,,,,,,,-0.161994,0.280059,0.378523,0.000000,0.000000,0.000000,0.000000,0.000000,0.000000,0.000000,0.000000,0.000000,0.000000,0.000000,0.000000,FOLLOWER
1786694710455122895,2026-08-14T15:05:10.455147,ground_truth,0.413363,-2.567000,-0.221042,0.434068,-2.673993,-0.224660,True,,,,,,,,,-0.161994,0.280059,0.378523,0.000000,0.000000,0.000000,0.000000,0.000000,0.000000,0.000000,0.000000,0.000000,0.000000,0.000000,0.000000,FOLLOWER
1786694710486784739,2026-08-14T15:05:10.486811,ground_truth,0.416906,-2.589000,-0.222936,0.430434,-2.660825,-0.224442,True,,,,,,,,,-0.161994,0.280059,0.378523,0.000000,0.000000,0.000000,0.000000,0.000000,0.000000,0.000000,0.000000,0.000000,0.000000,0.000000,0.000000,FOLLOWER
1786694710523725759,2026-08-14T15:05:10.523748,ground_truth,0.416906,-2.589000,-0.222936,0.427036,-2.648859,-0.224351,True,,,,,,,,,-0.161994,0.280059,0.378523,0.000000,0.000000,0.000000,0.000000,0.000000,0.000000,0.000000,0.000000,0.000000,0.000000,0.000000,0.000000,FOLLOWER
1786694710553788998,2026-08-14T15:05:10.553820,ground_truth,0.409981,-2.546000,-0.219234,0.424087,-2.637132,-0.224330,True,,,,,,,,,-0.161994,0.280059,0.378523,0.000000,0.000000,0.000000,0.000000,0.000000,0.000000,0.000000,0.000000,0.000000,0.000000,0.000000,0.000000,FOLLOWER
1786694710588498273,2026-08-14T15:05:10.588539,ground_truth,0.409981,-2.546000,-0.219234,0.421378,-2.626147,-0.223958,True,,,,,,,,,-0.161994,0.280059,0.378523,0.000000,0.000000,0.000000,0.000000,0.000000,0.000000,0.000000,0.000000,0.000000,0.000000,0.000000,0.000000,FOLLOWER
1786694710621123639,2026-08-14T15:05:10.621153,ground_truth,0.415134,-2.578000,-0.221989,0.419229,-2.614936,-0.223422,True,,,,,,,,,-0.161994,0.280059,0.378523,0.000000,0.000000,0.000000,0.000000,0.000000,0.000000,0.000000,0.000000,0.000000,0.000000,0.000000,0.000000,FOLLOWER
1786694710654749005,2026-08-14T15:05:10.654774,ground_truth,0.411592,-2.556000,-0.220095,0.417851,-2.604961,-0.223137,True,,,,,,,,,-0.161994,0.280059,0.378523,0.000000,0.000000,0.000000,0.000000,0.000000,0.000000,0.000000,0.000000,0.000000,0.000000,0.000000,0.000000,FOLLOWER
1786694710688761118,2026-08-14T15:05:10.688784,ground_truth,0.415134,-2.578000,-0.221989,0.416973,-2.596406,-0.222821,True,,,,,,,,,-0.161994,0.280059,0.378523,0.000000,0.000000,0.000000,0.000000,0.000000,0.000000,0.000000,0.000000,0.000000,0.000000,0.000000,0.000000,FOLLOWER
1786694710723102661,2026-08-14T15:05:10.723158,ground_truth,0.413363,-2.567000,-0.221042,0.416809,-2.592935,-0.222885,True,,,,,,,,,-0.161994,0.280059,0.378523,0.000000,0.000000,0.000000,0.000000,0.000000,0.000000,0.000000,0.000000,0.000000,0.000000,0.000000,0.000000,FOLLOWER
1786694710758475592,2026-08-14T15:05:10.758497,ground_truth,0.422220,-2.622000,-0.225778,0.416219,-2.589894,-0.222569,True,,,,,,,,,-0.161994,0.280059,0.378523,0.000000,0.000000,0.000000,0.000000,0.000000,0.000000,0.000000,0.000000,0.000000,0.000000,0.000000,0.000000,FOLLOWER
1786694710787977987,2026-08-14T15:05:10.788006,ground_truth,0.416906,-2.589000,-0.222936,0.416219,-2.586939,-0.222569,True,,,,,,,,,-0.161994,0.280059,0.378523,0.000000,0.000000,0.000000,0.000000,0.000000,0.000000,0.000000,0.000000,0.000000,0.000000,0.000000,0.000000,FOLLOWER
1786694710820921602,2026-08-14T15:05:10.820958,ground_truth,0.429466,-2.667000,-0.229653,0.415746,-2.584588,-0.222316,True,,,,,,,,,-0.161994,0.280059,0.378523,0.000000,0.000000,0.000000,0.000000,0.000000,0.000000,0.000000,0.000000,0.000000,0.000000,0.000000,0.000000,FOLLOWER
1786694710854994760,2026-08-14T15:05:10.855021,ground_truth,0.422220,-2.622000,-0.225778,0.416584,-2.584118,-0.222764,True,,,,,,,,,-0.161994,0.280059,0.378523,0.000000,0.000000,0.000000,0.000000,0.000000,0.000000,0.000000,0.000000,0.000000,0.000000,0.000000,0.000000,FOLLOWER
1786694710888382028,2026-08-14T15:05:10.888421,ground_truth,0.423991,-2.633000,-0.226725,0.416584,-2.584024,-0.222764,True,,,,,,,,,-0.161994,0.280059,0.378523,0.000000,0.000000,0.000000,0.000000,0.000000,0.000000,0.000000,0.000000,0.000000,0.000000,0.000000,0.000000,FOLLOWER
1786694710921878963,2026-08-14T15:05:10.921905,ground_truth,0.427695,-2.656000,-0.228706,0.416938,-2.585765,-0.222953,True,,,,,,,,,-0.161994,0.280059,0.378523,0.000000,0.000000,0.000000,0.000000,0.000000,0.000000,0.000000,0.000000,0.000000,0.000000,0.000000,0.000000,FOLLOWER
1786694710955377221,2026-08-14T15:05:10.955409,ground_truth,0.425762,-2.644000,-0.232040,0.417657,-2.587873,-0.223338,True,,,,,,,,,-0.161994,0.280059,0.378523,0.000000,0.000000,0.000000,0.000000,0.000000,0.000000,0.000000,0.000000,0.000000,0.000000,0.000000,0.000000,FOLLOWER
1786694710987643993,2026-08-14T15:05:10.987659,ground_truth,0.417896,-2.622000,-0.230110,0.418484,-2.591228,-0.224071,True,,,,,,,,,-0.161994,0.280059,0.378523,0.000000,0.000000,0.000000,0.000000,0.000000,0.000000,0.000000,0.000000,0.000000,0.000000,0.000000,0.000000,FOLLOWER
1786694711021131720,2026-08-14T15:05:11.021155,ground_truth,0.412637,-2.589000,-0.227213,0.418550,-2.594832,-0.224550,True,,,,,,,,,-0.161994,0.280059,0.378523,0.000000,0.000000,0.000000,0.000000,0.000000,0.000000,0.000000,0.000000,0.000000,0.000000,0.000000,0.000000,FOLLOWER
1786694711056558773,2026-08-14T15:05:11.056593,ground_truth,0.417896,-2.622000,-0.230110,0.418265,-2.597313,-0.224835,True,,,,,,,,,-0.161994,0.280059,0.378523,0.000000,0.000000,0.000000,0.000000,0.000000,0.000000,0.000000,0.000000,0.000000,0.000000,0.000000,0.000000,FOLLOWER
1786694711087966510,2026-08-14T15:05:11.088003,ground_truth,0.419649,-2.633000,-0.231075,0.418793,-2.599569,-0.225560,True,,,,,,,,,-0.161994,0.280059,0.378523,0.000000,0.000000,0.000000,0.000000,0.000000,0.000000,0.000000,0.000000,0.000000,0.000000,0.000000,0.000000,FOLLOWER
1786694711123851124,2026-08-14T15:05:11.123895,ground_truth,0.421403,-2.644000,-0.232040,0.419437,-2.604074,-0.226349,True,,,,,,,,,-0.161994,0.280059,0.378523,0.000000,0.000000,0.000000,0.000000,0.000000,0.000000,0.000000,0.000000,0.000000,0.000000,0.000000,0.000000,FOLLOWER
1786694711154968505,2026-08-14T15:05:11.155000,ground_truth,0.416143,-2.611000,-0.229144,0.419855,-2.609615,-0.227019,True,,,,,,,,,-0.161994,0.280059,0.378523,0.000000,0.000000,0.000000,0.000000,0.000000,0.000000,0.000000,0.000000,0.000000,0.000000,0.000000,0.000000,FOLLOWER
1786694711189607106,2026-08-14T15:05:11.189632,ground_truth,0.419649,-2.633000,-0.231075,0.420159,-2.614830,-0.227623,True,,,,,,,,,-0.161994,0.280059,0.378523,0.000000,0.000000,0.000000,0.000000,0.000000,0.000000,0.000000,0.000000,0.000000,0.000000,0.000000,0.000000,FOLLOWER
1786694711220868989,2026-08-14T15:05:11.220895,ground_truth,0.423315,-2.656000,-0.233093,0.420460,-2.618806,-0.228228,True,,,,,,,,,-0.161994,0.280059,0.378523,0.000000,0.000000,0.000000,0.000000,0.000000,0.000000,0.000000,0.000000,0.000000,0.000000,0.000000,0.000000,FOLLOWER
1786694711255570088,2026-08-14T15:05:11.255591,ground_truth,0.423315,-2.656000,-0.233093,0.421123,-2.623121,-0.229032,True,,,,,,,,,-0.161994,0.280059,0.378523,0.000000,0.000000,0.000000,0.000000,0.000000,0.000000,0.000000,0.000000,0.000000,0.000000,0.000000,0.000000,FOLLOWER
1786694711290200143,2026-08-14T15:05:11.290253,ground_truth,0.414390,-2.600000,-0.228179,0.421196,-2.628144,-0.229519,True,,,,,,,,,-0.161994,0.280059,0.378523,0.000000,0.000000,0.000000,0.000000,0.000000,0.000000,0.000000,0.000000,0.000000,0.000000,0.000000,0.000000,FOLLOWER
1786694711322690716,2026-08-14T15:05:11.322704,ground_truth,0.414390,-2.600000,-0.228179,0.421029,-2.632722,-0.229869,True,,,,,,,,,-0.161994,0.280059,0.378523,0.000000,0.000000,0.000000,0.000000,0.000000,0.000000,0.000000,0.000000,0.000000,0.000000,0.000000,0.000000,FOLLOWER
1786694711356556263,2026-08-14T15:05:11.356578,ground_truth,0.415134,-2.578000,-0.221989,0.420023,-2.632465,-0.229771,True,,,,,,,,,-0.161994,0.280059,0.378523,0.000000,0.000000,0.000000,0.000000,0.000000,0.000000,0.000000,0.000000,0.000000,0.000000,0.000000,0.000000,FOLLOWER
1786694711387186148,2026-08-14T15:05:11.387215,ground_truth,0.415134,-2.578000,-0.221989,0.419551,-2.631240,-0.229518,True,,,,,,,,,-0.161994,0.280059,0.378523,0.000000,0.000000,0.000000,0.000000,0.000000,0.000000,0.000000,0.000000,0.000000,0.000000,0.000000,0.000000,FOLLOWER
1786694711421619182,2026-08-14T15:05:11.421632,ground_truth,0.416906,-2.589000,-0.222936,0.418961,-2.628061,-0.229202,True,,,,,,,,,-0.161994,0.280059,0.378523,0.000000,0.000000,0.000000,0.000000,0.000000,0.000000,0.000000,0.000000,0.000000,0.000000,0.000000,0.000000,FOLLOWER
1786694711456697029,2026-08-14T15:05:11.456743,ground_truth,0.420448,-2.611000,-0.224831,0.418241,-2.624492,-0.228818,True,,,,,,,,,-0.161994,0.280059,0.378523,0.000000,0.000000,0.000000,0.000000,0.000000,0.000000,0.000000,0.000000,0.000000,0.000000,0.000000,0.000000,FOLLOWER
1786694711488481365,2026-08-14T15:05:11.488511,ground_truth,0.420448,-2.611000,-0.224831,0.417887,-2.620845,-0.228337,True,,,,,,,,,-0.161994,0.280059,0.378523,0.000000,0.000000,0.000000,0.000000,0.000000,0.000000,0.000000,0.000000,0.000000,0.000000,0.000000,0.000000,FOLLOWER
1786694711522374023,2026-08-14T15:05:11.522422,ground_truth,0.416906,-2.589000,-0.222936,0.418057,-2.618356,-0.227985,True,,,,,,,,,-0.161994,0.280059,0.378523,0.000000,0.000000,0.000000,0.000000,0.000000,0.000000,0.000000,0.000000,0.000000,0.000000,0.000000,0.000000,FOLLOWER
1786694711555095069,2026-08-14T15:05:11.555131,ground_truth,0.422964,-2.600000,-0.223883,0.418342,-2.617271,-0.227700,True,,,,,,,,,-0.161994,0.280059,0.378523,0.000000,0.000000,0.000000,0.000000,0.000000,0.000000,0.000000,0.000000,0.000000,0.000000,0.000000,0.000000,FOLLOWER
1786694711587988119,2026-08-14T15:05:11.588034,ground_truth,0.426543,-2.622000,-0.225778,0.418680,-2.615881,-0.227285,True,,,,,,,,,-0.161994,0.280059,0.378523,0.000000,0.000000,0.000000,0.000000,0.000000,0.000000,0.000000,0.000000,0.000000,0.000000,0.000000,0.000000,FOLLOWER
1786694711621127101,2026-08-14T15:05:11.621142,ground_truth,0.424754,-2.611000,-0.224831,0.419139,-2.614430,-0.226932,True,,,,,,,,,-0.161994,0.280059,0.378523,0.000000,0.000000,0.000000,0.000000,0.000000,0.000000,0.000000,0.000000,0.000000,0.000000,0.000000,0.000000,FOLLOWER
1786694711654158110,2026-08-14T15:05:11.654180,ground_truth,0.427251,-2.600000,-0.223883,0.419363,-2.612966,-0.226451,True,,,,,,,,,-0.161994,0.280059,0.378523,0.000000,0.000000,0.000000,0.000000,0.000000,0.000000,0.000000,0.000000,0.000000,0.000000,0.000000,0.000000,FOLLOWER
1786694711692088509,2026-08-14T15:05:11.692132,ground_truth,0.429059,-2.611000,-0.224831,0.420103,-2.611500,-0.226100,True,,,,,,,,,-0.161994,0.280059,0.378523,0.000000,0.000000,0.000000,0.000000,0.000000,0.000000,0.000000,0.000000,0.000000,0.000000,0.000000,0.000000,FOLLOWER
1786694711722036382,2026-08-14T15:05:11.722077,ground_truth,0.429059,-2.611000,-0.224831,0.420731,-2.610033,-0.225684,True,,,,,,,,,-0.161994,0.280059,0.378523,0.000000,0.000000,0.000000,0.000000,0.000000,0.000000,0.000000,0.000000,0.000000,0.000000,0.000000,0.000000,FOLLOWER
1786694711756049326,2026-08-14T15:05:11.756061,ground_truth,0.432674,-2.633000,-0.226725,0.421113,-2.608567,-0.225133,True,,,,,,,,,-0.161994,0.280059,0.378523,0.000000,0.000000,0.000000,0.000000,0.000000,0.000000,0.000000,0.000000,0.000000,0.000000,0.000000,0.000000,FOLLOWER
1786694711789497540,2026-08-14T15:05:11.789519,ground_truth,0.438261,-2.667000,-0.229653,0.421737,-2.605873,-0.224709,True,,,,,,,,,-0.161994,0.280059,0.378523,0.000000,0.000000,0.000000,0.000000,0.000000,0.000000,0.000000,0.000000,0.000000,0.000000,0.000000,0.000000,FOLLOWER
1786694711825301341,2026-08-14T15:05:11.825323,ground_truth,0.432674,-2.633000,-0.226725,0.423329,-2.604108,-0.224807,True,,,,,,,,,-0.161994,0.280059,0.378523,0.000000,0.000000,0.000000,0.000000,0.000000,0.000000,0.000000,0.000000,0.000000,0.000000,0.000000,0.000000,FOLLOWER
1786694711856531825,2026-08-14T15:05:11.856559,ground_truth,0.437016,-2.633000,-0.226725,0.424548,-2.605515,-0.224710,True,,,,,,,,,-0.161994,0.280059,0.378523,0.000000,0.000000,0.000000,0.000000,0.000000,0.000000,0.000000,0.000000,0.000000,0.000000,0.000000,0.000000,FOLLOWER
1786694711889678992,2026-08-14T15:05:11.889698,ground_truth,0.438841,-2.644000,-0.227672,0.426007,-2.607556,-0.225026,True,,,,,,,,,-0.161994,0.280059,0.378523,0.000000,0.000000,0.000000,0.000000,0.000000,0.000000,0.000000,0.000000,0.000000,0.000000,0.000000,0.000000,FOLLOWER
1786694711922743354,2026-08-14T15:05:11.922755,ground_truth,0.438841,-2.644000,-0.227672,0.427587,-2.610898,-0.225405,True,,,,,,,,,-0.161994,0.280059,0.378523,0.000000,0.000000,0.000000,0.000000,0.000000,0.000000,0.000000,0.000000,0.000000,0.000000,0.000000,0.000000,FOLLOWER
1786694711958396442,2026-08-14T15:05:11.958466,ground_truth,0.438261,-2.667000,-0.229653,0.429049,-2.615086,-0.225720,True,,,,,,,,,-0.161994,0.280059,0.378523,0.000000,0.000000,0.000000,0.000000,0.000000,0.000000,0.000000,0.000000,0.000000,0.000000,0.000000,0.000000,FOLLOWER
1786694711990981362,2026-08-14T15:05:11.991006,ground_truth,0.444177,-2.703000,-0.237218,0.430237,-2.618857,-0.226042,True,,,,,,,,,-0.161994,0.280059,0.378523,0.000000,0.000000,0.000000,0.000000,0.000000,0.000000,0.000000,0.000000,0.000000,0.000000,0.000000,0.000000,FOLLOWER
1786694712022420478,2026-08-14T15:05:12.022439,ground_truth,0.438261,-2.667000,-0.234059,0.431819,-2.622598,-0.226868,True,,,,,,,,,-0.161994,0.280059,0.378523,0.000000,0.000000,0.000000,0.000000,0.000000,0.000000,0.000000,0.000000,0.000000,0.000000,0.000000,0.000000,FOLLOWER
1786694712055784573,2026-08-14T15:05:12.055832,ground_truth,0.436454,-2.656000,-0.233093,0.433242,-2.626333,-0.227609,True,,,,,,,,,-0.161994,0.280059,0.378523,0.000000,0.000000,0.000000,0.000000,0.000000,0.000000,0.000000,0.000000,0.000000,0.000000,0.000000,0.000000,FOLLOWER
1786694712088693262,2026-08-14T15:05:12.088713,ground_truth,0.444177,-2.703000,-0.237218,0.434142,-2.630653,-0.228223,True,,,,,,,,,-0.161994,0.280059,0.378523,0.000000,0.000000,0.000000,0.000000,0.000000,0.000000,0.000000,0.000000,0.000000,0.000000,0.000000,0.000000,FOLLOWER
1786694712121920630,2026-08-14T15:05:12.121954,ground_truth,0.440233,-2.679000,-0.235112,0.435317,-2.635091,-0.228986,True,,,,,,,,,-0.161994,0.280059,0.378523,0.000000,0.000000,0.000000,0.000000,0.000000,0.000000,0.000000,0.000000,0.000000,0.000000,0.000000,0.000000,FOLLOWER
1786694712155848756,2026-08-14T15:05:12.155898,ground_truth,0.446149,-2.715000,-0.238271,0.436349,-2.639605,-0.229671,True,,,,,,,,,-0.161994,0.280059,0.378523,0.000000,0.000000,0.000000,0.000000,0.000000,0.000000,0.000000,0.000000,0.000000,0.000000,0.000000,0.000000,FOLLOWER
1786694712188950157,2026-08-14T15:05:12.189002,ground_truth,0.438261,-2.667000,-0.238465,0.437609,-2.645414,-0.230631,True,,,,,,,,,-0.161994,0.280059,0.378523,0.000000,0.000000,0.000000,0.000000,0.000000,0.000000,0.000000,0.000000,0.000000,0.000000,0.000000,0.000000,FOLLOWER
1786694712221514869,2026-08-14T15:05:12.221553,ground_truth,0.440233,-2.679000,-0.239538,0.438223,-2.650203,-0.231539,True,,,,,,,,,-0.161994,0.280059,0.378523,0.000000,0.000000,0.000000,0.000000,0.000000,0.000000,0.000000,0.000000,0.000000,0.000000,0.000000,0.000000,FOLLOWER
1786694712257270470,2026-08-14T15:05:12.257299,ground_truth,0.438261,-2.667000,-0.238465,0.438968,-2.654787,-0.232520,True,,,,,,,,,-0.161994,0.280059,0.378523,0.000000,0.000000,0.000000,0.000000,0.000000,0.000000,0.000000,0.000000,0.000000,0.000000,0.000000,0.000000,FOLLOWER
1786694712290780770,2026-08-14T15:05:12.290816,ground_truth,0.436454,-2.656000,-0.237481,0.439340,-2.658691,-0.233303,True,,,,,,,,,-0.161994,0.280059,0.378523,0.000000,0.000000,0.000000,0.000000,0.000000,0.000000,0.000000,0.000000,0.000000,0.000000,0.000000,0.000000,FOLLOWER
1786694712323244863,2026-08-14T15:05:12.323283,ground_truth,0.448121,-2.727000,-0.243830,0.439220,-2.661285,-0.233825,True,,,,,,,,,-0.161994,0.280059,0.378523,0.000000,0.000000,0.000000,0.000000,0.000000,0.000000,0.000000,0.000000,0.000000,0.000000,0.000000,0.000000,FOLLOWER
1786694712355232490,2026-08-14T15:05:12.355251,ground_truth,0.436454,-2.656000,-0.237481,0.440249,-2.663617,-0.234965,True,,,,,,,,,-0.161994,0.280059,0.378523,0.000000,0.000000,0.000000,0.000000,0.000000,0.000000,0.000000,0.000000,0.000000,0.000000,0.000000,0.000000,FOLLOWER
1786694712390624297,2026-08-14T15:05:12.390660,ground_truth,0.452065,-2.751000,-0.245976,0.440212,-2.665310,-0.235682,True,,,,,,,,,-0.161994,0.280059,0.378523,0.000000,0.000000,0.000000,0.000000,0.000000,0.000000,0.000000,0.000000,0.000000,0.000000,0.000000,0.000000,FOLLOWER
1786694712422980538,2026-08-14T15:05:12.423029,ground_truth,0.458309,-2.789000,-0.249373,0.441093,-2.670662,-0.236902,True,,,,,,,,,-0.161994,0.280059,0.378523,0.000000,0.000000,0.000000,0.000000,0.000000,0.000000,0.000000,0.000000,0.000000,0.000000,0.000000,0.000000,FOLLOWER
1786694712457780212,2026-08-14T15:05:12.457818,ground_truth,0.446149,-2.715000,-0.242757,0.442391,-2.677439,-0.238349,True,,,,,,,,,-0.161994,0.280059,0.378523,0.000000,0.000000,0.000000,0.000000,0.000000,0.000000,0.000000,0.000000,0.000000,0.000000,0.000000,0.000000,FOLLOWER
1786694712489528769,2026-08-14T15:05:12.489557,ground_truth,0.446149,-2.715000,-0.247242,0.442917,-2.684501,-0.239222,True,,,,,,,,,-0.161994,0.280059,0.378523,0.000000,0.000000,0.000000,0.000000,0.000000,0.000000,0.000000,0.000000,0.000000,0.000000,0.000000,0.000000,FOLLOWER
1786694712524967164,2026-08-14T15:05:12.525000,ground_truth,0.446149,-2.715000,-0.247242,0.443049,-2.688474,-0.239891,True,,,,,,,,,-0.161994,0.280059,0.378523,0.000000,0.000000,0.000000,0.000000,0.000000,0.000000,0.000000,0.000000,0.000000,0.000000,0.000000,0.000000,FOLLOWER
1786694712556767589,2026-08-14T15:05:12.556784,ground_truth,0.446149,-2.715000,-0.247242,0.443574,-2.691828,-0.240770,True,,,,,,,,,-0.161994,0.280059,0.378523,0.000000,0.000000,0.000000,0.000000,0.000000,0.000000,0.000000,0.000000,0.000000,0.000000,0.000000,0.000000,FOLLOWER
1786694712588903044,2026-08-14T15:05:12.588945,ground_truth,0.444177,-2.703000,-0.246149,0.444221,-2.695059,-0.241713,True,,,,,,,,,-0.161994,0.280059,0.378523,0.000000,0.000000,0.000000,0.000000,0.000000,0.000000,0.000000,0.000000,0.000000,0.000000,0.000000,0.000000,FOLLOWER
1786694712623530294,2026-08-14T15:05:12.623552,ground_truth,0.454201,-2.764000,-0.251704,0.444221,-2.698265,-0.242308,True,,,,,,,,,-0.161994,0.280059,0.378523,0.000000,0.000000,0.000000,0.000000,0.000000,0.000000,0.000000,0.000000,0.000000,0.000000,0.000000,0.000000,FOLLOWER
1786694712655900210,2026-08-14T15:05:12.655921,ground_truth,0.429059,-2.611000,-0.237771,0.445152,-2.700826,-0.243414,True,,,,,,,,,-0.161994,0.280059,0.378523,0.000000,0.000000,0.000000,0.000000,0.000000,0.000000,0.000000,0.000000,0.000000,0.000000,0.000000,0.000000,FOLLOWER
1786694712691505448,2026-08-14T15:05:12.691556,ground_truth,0.444177,-2.703000,-0.246149,0.445152,-2.700826,-0.243414,True,,,,,,,,,-0.161994,0.280059,0.378523,0.000000,0.000000,0.000000,0.000000,0.000000,0.000000,0.000000,0.000000,0.000000,0.000000,0.000000,0.000000,FOLLOWER
1786694712723701978,2026-08-14T15:05:12.723724,ground_truth,0.448121,-2.727000,-0.248335,0.445021,-2.701339,-0.243940,True,,,,,,,,,-0.161994,0.280059,0.378523,0.000000,0.000000,0.000000,0.000000,0.000000,0.000000,0.000000,0.000000,0.000000,0.000000,0.000000,0.000000,FOLLOWER
1786694712755530917,2026-08-14T15:05:12.755570,ground_truth,0.448121,-2.727000,-0.248335,0.445678,-2.704001,-0.244598,True,,,,,,,,,-0.161994,0.280059,0.378523,0.000000,0.000000,0.000000,0.000000,0.000000,0.000000,0.000000,0.000000,0.000000,0.000000,0.000000,0.000000,FOLLOWER
1786694712788850829,2026-08-14T15:05:12.788881,ground_truth,0.429059,-2.611000,-0.242085,0.446204,-2.707094,-0.245184,True,,,,,,,,,-0.161994,0.280059,0.378523,0.000000,0.000000,0.000000,0.000000,0.000000,0.000000,0.000000,0.000000,0.000000,0.000000,0.000000,0.000000,FOLLOWER
1786694712825495592,2026-08-14T15:05:12.825514,ground_truth,0.429059,-2.611000,-0.242085,0.445590,-2.710912,-0.245425,True,,,,,,,,,-0.161994,0.280059,0.378523,0.000000,0.000000,0.000000,0.000000,0.000000,0.000000,0.000000,0.000000,0.000000,0.000000,0.000000,0.000000,FOLLOWER
1786694712855058371,2026-08-14T15:05:12.855095,ground_truth,0.427251,-2.600000,-0.241065,0.445097,-2.708689,-0.245732,True,,,,,,,,,-0.161994,0.280059,0.378523,0.000000,0.000000,0.000000,0.000000,0.000000,0.000000,0.000000,0.000000,0.000000,0.000000,0.000000,0.000000,FOLLOWER
1786694712888800636,2026-08-14T15:05:12.888858,ground_truth,0.437768,-2.691000,-0.249502,0.443706,-2.705258,-0.245548,True,,,,,,,,,-0.161994,0.280059,0.378523,0.000000,0.000000,0.000000,0.000000,0.000000,0.000000,0.000000,0.000000,0.000000,0.000000,0.000000,0.000000,FOLLOWER
1786694712921085382,2026-08-14T15:05:12.921146,ground_truth,0.433864,-2.667000,-0.247277,0.443794,-2.702172,-0.246349,True,,,,,,,,,-0.161994,0.280059,0.378523,0.000000,0.000000,0.000000,0.000000,0.000000,0.000000,0.000000,0.000000,0.000000,0.000000,0.000000,0.000000,FOLLOWER
1786694712955018788,2026-08-14T15:05:12.955060,ground_truth,0.439720,-2.703000,-0.250615,0.442580,-2.698354,-0.246436,True,,,,,,,,,-0.161994,0.280059,0.378523,0.000000,0.000000,0.000000,0.000000,0.000000,0.000000,0.000000,0.000000,0.000000,0.000000,0.000000,0.000000,FOLLOWER
1786694712989872563,2026-08-14T15:05:12.989913,ground_truth,0.432074,-2.656000,-0.246257,0.441341,-2.694391,-0.246519,True,,,,,,,,,-0.161994,0.280059,0.378523,0.000000,0.000000,0.000000,0.000000,0.000000,0.000000,0.000000,0.000000,0.000000,0.000000,0.000000,0.000000,FOLLOWER
1786694713024533396,2026-08-14T15:05:13.024572,ground_truth,0.437768,-2.691000,-0.249502,0.440403,-2.689118,-0.246752,True,,,,,,,,,-0.161994,0.280059,0.378523,0.000000,0.000000,0.000000,0.000000,0.000000,0.000000,0.000000,0.000000,0.000000,0.000000,0.000000,0.000000,FOLLOWER
1786694713059066058,2026-08-14T15:05:13.059079,ground_truth,0.422220,-2.622000,-0.247436,0.439844,-2.686784,-0.246903,True,,,,,,,,,-0.161994,0.280059,0.378523,0.000000,0.000000,0.000000,0.000000,0.000000,0.000000,0.000000,0.000000,0.000000,0.000000,0.000000,0.000000,FOLLOWER
1786694713090169283,2026-08-14T15:05:13.090200,ground_truth,0.422220,-2.622000,-0.247436,0.438249,-2.683170,-0.246916,True,,,,,,,,,-0.161994,0.280059,0.378523,0.000000,0.000000,0.000000,0.000000,0.000000,0.000000,0.000000,0.000000,0.000000,0.000000,0.000000,0.000000,FOLLOWER
1786694713124012468,2026-08-14T15:05:13.124052,ground_truth,0.423991,-2.633000,-0.248475,0.436653,-2.677487,-0.246929,True,,,,,,,,,-0.161994,0.280059,0.378523,0.000000,0.000000,0.000000,0.000000,0.000000,0.000000,0.000000,0.000000,0.000000,0.000000,0.000000,0.000000,FOLLOWER
1786694713155531665,2026-08-14T15:05:13.155551,ground_truth,0.422220,-2.622000,-0.247436,0.435308,-2.671391,-0.247084,True,,,,,,,,,-0.161994,0.280059,0.378523,0.000000,0.000000,0.000000,0.000000,0.000000,0.000000,0.000000,0.000000,0.000000,0.000000,0.000000,0.000000,FOLLOWER
1786694713191039721,2026-08-14T15:05:13.191062,ground_truth,0.422220,-2.622000,-0.247436,0.433175,-2.665212,-0.246799,True,,,,,,,,,-0.161994,0.280059,0.378523,0.000000,0.000000,0.000000,0.000000,0.000000,0.000000,0.000000,0.000000,0.000000,0.000000,0.000000,0.000000,FOLLOWER
1786694713222783429,2026-08-14T15:05:13.222806,ground_truth,0.427695,-2.656000,-0.250645,0.431712,-2.659656,-0.246885,True,,,,,,,,,-0.161994,0.280059,0.378523,0.000000,0.000000,0.000000,0.000000,0.000000,0.000000,0.000000,0.000000,0.000000,0.000000,0.000000,0.000000,FOLLOWER
1786694713256409397,2026-08-14T15:05:13.256432,ground_truth,0.429466,-2.667000,-0.251683,0.430350,-2.652945,-0.247039,True,,,,,,,,,-0.161994,0.280059,0.378523,0.000000,0.000000,0.000000,0.000000,0.000000,0.000000,0.000000,0.000000,0.000000,0.000000,0.000000,0.000000,FOLLOWER
1786694713289971784,2026-08-14T15:05:13.290016,ground_truth,0.422220,-2.622000,-0.247436,0.429106,-2.647816,-0.247262,True,,,,,,,,,-0.161994,0.280059,0.378523,0.000000,0.000000,0.000000,0.000000,0.000000,0.000000,0.000000,0.000000,0.000000,0.000000,0.000000,0.000000,FOLLOWER
1786694713322446868,2026-08-14T15:05:13.322470,ground_truth,0.420448,-2.611000,-0.246398,0.428650,-2.643003,-0.247619,True,,,,,,,,,-0.161994,0.280059,0.378523,0.000000,0.000000,0.000000,0.000000,0.000000,0.000000,0.000000,0.000000,0.000000,0.000000,0.000000,0.000000,FOLLOWER
1786694713356037980,2026-08-14T15:05:13.356065,ground_truth,0.431398,-2.679000,-0.252816,0.428076,-2.642627,-0.247907,True,,,,,,,,,-0.161994,0.280059,0.378523,0.000000,0.000000,0.000000,0.000000,0.000000,0.000000,0.000000,0.000000,0.000000,0.000000,0.000000,0.000000,FOLLOWER
1786694713389555654,2026-08-14T15:05:13.389568,ground_truth,0.419385,-2.578000,-0.243284,0.428353,-2.643139,-0.248690,True,,,,,,,,,-0.161994,0.280059,0.378523,0.000000,0.000000,0.000000,0.000000,0.000000,0.000000,0.000000,0.000000,0.000000,0.000000,0.000000,0.000000,FOLLOWER
1786694713423904450,2026-08-14T15:05:13.423939,ground_truth,0.430122,-2.644000,-0.249513,0.427127,-2.643241,-0.248276,True,,,,,,,,,-0.161994,0.280059,0.378523,0.000000,0.000000,0.000000,0.000000,0.000000,0.000000,0.000000,0.000000,0.000000,0.000000,0.000000,0.000000,FOLLOWER
1786694713456342865,2026-08-14T15:05:13.456366,ground_truth,0.424754,-2.611000,-0.246398,0.426878,-2.642035,-0.248425,True,,,,,,,,,-0.161994,0.280059,0.378523,0.000000,0.000000,0.000000,0.000000,0.000000,0.000000,0.000000,0.000000,0.000000,0.000000,0.000000,0.000000,FOLLOWER
1786694713493460737,2026-08-14T15:05:13.493520,ground_truth,0.413363,-2.567000,-0.242246,0.425880,-2.637527,-0.248144,True,,,,,,,,,-0.161994,0.280059,0.378523,0.000000,0.000000,0.000000,0.000000,0.000000,0.000000,0.000000,0.000000,0.000000,0.000000,0.000000,0.000000,FOLLOWER
1786694713523695749,2026-08-14T15:05:13.523711,ground_truth,0.415134,-2.578000,-0.243284,0.424633,-2.633639,-0.247876,True,,,,,,,,,-0.161994,0.280059,0.378523,0.000000,0.000000,0.000000,0.000000,0.000000,0.000000,0.000000,0.000000,0.000000,0.000000,0.000000,0.000000,FOLLOWER
1786694713556370698,2026-08-14T15:05:13.556422,ground_truth,0.420448,-2.611000,-0.246398,0.423124,-2.626835,-0.247462,True,,,,,,,,,-0.161994,0.280059,0.378523,0.000000,0.000000,0.000000,0.000000,0.000000,0.000000,0.000000,0.000000,0.000000,0.000000,0.000000,0.000000,FOLLOWER
1786694713589265120,2026-08-14T15:05:13.589279,ground_truth,0.418677,-2.600000,-0.245360,0.423006,-2.621314,-0.247392,True,,,,,,,,,-0.161994,0.280059,0.378523,0.000000,0.000000,0.000000,0.000000,0.000000,0.000000,0.000000,0.000000,0.000000,0.000000,0.000000,0.000000,FOLLOWER
1786694713623515422,2026-08-14T15:05:13.623615,ground_truth,0.427695,-2.656000,-0.250645,0.422769,-2.619036,-0.247254,True,,,,,,,,,-0.161994,0.280059,0.378523,0.000000,0.000000,0.000000,0.000000,0.000000,0.000000,0.000000,0.000000,0.000000,0.000000,0.000000,0.000000,FOLLOWER
1786694713656539247,2026-08-14T15:05:13.656573,ground_truth,0.431398,-2.679000,-0.252816,0.423016,-2.617994,-0.247399,True,,,,,,,,,-0.161994,0.280059,0.378523,0.000000,0.000000,0.000000,0.000000,0.000000,0.000000,0.000000,0.000000,0.000000,0.000000,0.000000,0.000000,FOLLOWER
1786694713688713224,2026-08-14T15:05:13.688738,ground_truth,0.422964,-2.600000,-0.245360,0.423628,-2.619599,-0.247757,True,,,,,,,,,-0.161994,0.280059,0.378523,0.000000,0.000000,0.000000,0.000000,0.000000,0.000000,0.000000,0.000000,0.000000,0.000000,0.000000,0.000000,FOLLOWER
1786694713724060698,2026-08-14T15:05:13.724077,ground_truth,0.432074,-2.656000,-0.250645,0.423678,-2.621733,-0.247619,True,,,,,,,,,-0.161994,0.280059,0.378523,0.000000,0.000000,0.000000,0.000000,0.000000,0.000000,0.000000,0.000000,0.000000,0.000000,0.000000,0.000000,FOLLOWER
1786694713757345404,2026-08-14T15:05:13.757360,ground_truth,0.430122,-2.644000,-0.249513,0.423970,-2.623973,-0.247619,True,,,,,,,,,-0.161994,0.280059,0.378523,0.000000,0.000000,0.000000,0.000000,0.000000,0.000000,0.000000,0.000000,0.000000,0.000000,0.000000,0.000000,FOLLOWER
1786694713791385049,2026-08-14T15:05:13.791416,ground_truth,0.428333,-2.633000,-0.248475,0.424014,-2.623781,-0.247474,True,,,,,,,,,-0.161994,0.280059,0.378523,0.000000,0.000000,0.000000,0.000000,0.000000,0.000000,0.000000,0.000000,0.000000,0.000000,0.000000,0.000000,FOLLOWER
1786694713823895519,2026-08-14T15:05:13.823916,ground_truth,0.428333,-2.633000,-0.248475,0.424421,-2.623103,-0.247543,True,,,,,,,,,-0.161994,0.280059,0.378523,0.000000,0.000000,0.000000,0.000000,0.000000,0.000000,0.000000,0.000000,0.000000,0.000000,0.000000,0.000000,FOLLOWER
1786694713856031926,2026-08-14T15:05:13.856069,ground_truth,0.424754,-2.611000,-0.246398,0.424947,-2.623554,-0.247682,True,,,,,,,,,-0.161994,0.280059,0.378523,0.000000,0.000000,0.000000,0.000000,0.000000,0.000000,0.000000,0.000000,0.000000,0.000000,0.000000,0.000000,FOLLOWER
1786694713889893226,2026-08-14T15:05:13.889917,ground_truth,0.430122,-2.644000,-0.249513,0.424504,-2.624231,-0.247254,True,,,,,,,,,-0.161994,0.280059,0.378523,0.000000,0.000000,0.000000,0.000000,0.000000,0.000000,0.000000,0.000000,0.000000,0.000000,0.000000,0.000000,FOLLOWER
1786694713925752832,2026-08-14T15:05:13.925776,ground_truth,0.421175,-2.589000,-0.244322,0.425220,-2.625540,-0.247669,True,,,,,,,,,-0.161994,0.280059,0.378523,0.000000,0.000000,0.000000,0.000000,0.000000,0.000000,0.000000,0.000000,0.000000,0.000000,0.000000,0.000000,FOLLOWER
1786694713956779383,2026-08-14T15:05:13.956801,ground_truth,0.428333,-2.633000,-0.248475,0.424623,-2.624041,-0.247323,True,,,,,,,,,-0.161994,0.280059,0.378523,0.000000,0.000000,0.000000,0.000000,0.000000,0.000000,0.000000,0.000000,0.000000,0.000000,0.000000,0.000000,FOLLOWER
1786694713990826602,2026-08-14T15:05:13.990855,ground_truth,0.424754,-2.611000,-0.246398,0.424862,-2.624915,-0.247462,True,,,,,,,,,-0.161994,0.280059,0.378523,0.000000,0.000000,0.000000,0.000000,0.000000,0.000000,0.000000,0.000000,0.000000,0.000000,0.000000,0.000000,FOLLOWER
1786694714022409950,2026-08-14T15:05:14.022443,ground_truth,0.426543,-2.622000,-0.247436,0.425621,-2.625090,-0.247738,True,,,,,,,,,-0.161994,0.280059,0.378523,0.000000,0.000000,0.000000,0.000000,0.000000,0.000000,0.000000,0.000000,0.000000,0.000000,0.000000,0.000000,FOLLOWER
1786694714058917093,2026-08-14T15:05:14.058951,ground_truth,0.422964,-2.600000,-0.245360,0.426382,-2.627471,-0.248015,True,,,,,,,,,-0.161994,0.280059,0.378523,0.000000,0.000000,0.000000,0.000000,0.000000,0.000000,0.000000,0.000000,0.000000,0.000000,0.000000,0.000000,FOLLOWER
1786694714089421923,2026-08-14T15:05:14.089464,ground_truth,0.424754,-2.611000,-0.246398,0.426549,-2.629708,-0.247946,True,,,,,,,,,-0.161994,0.280059,0.378523,0.000000,0.000000,0.000000,0.000000,0.000000,0.000000,0.000000,0.000000,0.000000,0.000000,0.000000,0.000000,FOLLOWER
1786694714123526791,2026-08-14T15:05:14.123563,ground_truth,0.419385,-2.578000,-0.243284,0.426954,-2.630742,-0.248015,True,,,,,,,,,-0.161994,0.280059,0.378523,0.000000,0.000000,0.000000,0.000000,0.000000,0.000000,0.000000,0.000000,0.000000,0.000000,0.000000,0.000000,FOLLOWER
1786694714160976016,2026-08-14T15:05:14.161001,ground_truth,0.409981,-2.546000,-0.236058,0.426400,-2.630362,-0.247525,True,,,,,,,,,-0.161994,0.280059,0.378523,0.000000,0.000000,0.000000,0.000000,0.000000,0.000000,0.000000,0.000000,0.000000,0.000000,0.000000,0.000000,FOLLOWER
1786694714191602464,2026-08-14T15:05:14.191626,ground_truth,0.404828,-2.514000,-0.220631,0.424973,-2.626126,-0.246407,True,,,,,,,,,-0.161994,0.280059,0.378523,0.000000,0.000000,0.000000,0.000000,0.000000,0.000000,0.000000,0.000000,0.000000,0.000000,0.000000,0.000000,FOLLOWER
1786694714223244301,2026-08-14T15:05:14.223259,ground_truth,0.395902,-2.484000,-0.205687,0.423764,-2.619412,-0.244759,True,,,,,,,,,-0.161994,0.280059,0.378523,0.000000,0.000000,0.000000,0.000000,0.000000,0.000000,0.000000,0.000000,0.000000,0.000000,0.000000,0.000000,FOLLOWER
1786694714257789156,2026-08-14T15:05:14.257805,ground_truth,0.398273,-2.525000,-0.192396,0.421352,-2.610496,-0.241762,True,,,,,,,,,-0.161994,0.280059,0.378523,0.000000,0.000000,0.000000,0.000000,0.000000,0.000000,0.000000,0.000000,0.000000,0.000000,0.000000,0.000000,FOLLOWER
1786694714291350802,2026-08-14T15:05:14.291379,ground_truth,0.389946,-2.525000,-0.175710,0.419229,-2.601779,-0.237954,True,,,,,,,,,-0.161994,0.280059,0.378523,0.000000,0.000000,0.000000,0.000000,0.000000,0.000000,0.000000,0.000000,0.000000,0.000000,0.000000,0.000000,FOLLOWER
1786694714324221840,2026-08-14T15:05:14.324266,ground_truth,0.379501,-2.567000,-0.157429,0.416670,-2.593689,-0.233103,True,,,,,,,,,-0.161994,0.280059,0.378523,0.000000,0.000000,0.000000,0.000000,0.000000,0.000000,0.000000,0.000000,0.000000,0.000000,0.000000,0.000000,FOLLOWER
1786694714357685503,2026-08-14T15:05:14.357728,ground_truth,0.352085,-2.464000,-0.130759,0.413414,-2.586311,-0.227033,True,,,,,,,,,-0.161994,0.280059,0.378523,0.000000,0.000000,0.000000,0.000000,0.000000,0.000000,0.000000,0.000000,0.000000,0.000000,0.000000,0.000000,FOLLOWER
1786694714395076087,2026-08-14T15:05:14.395131,ground_truth,0.326702,-2.397000,-0.103443,0.408570,-2.579076,-0.219324,True,,,,,,,,,-0.161994,0.280059,0.378523,0.000000,0.000000,0.000000,0.000000,0.000000,0.000000,0.000000,0.000000,0.000000,0.000000,0.000000,0.000000,FOLLOWER
1786694714428194520,2026-08-14T15:05:14.428240,ground_truth,0.296885,-2.289000,-0.083656,0.401675,-2.568615,-0.209586,True,,,,,,,,,-0.161994,0.280059,0.378523,0.000000,0.000000,0.000000,0.000000,0.000000,0.000000,0.000000,0.000000,0.000000,0.000000,0.000000,0.000000,FOLLOWER
1786694714464591407,2026-08-14T15:05:14.464629,ground_truth,0.266331,-2.223000,-0.066554,0.393389,-2.555110,-0.198875,True,,,,,,,,,-0.161994,0.280059,0.378523,0.000000,0.000000,0.000000,0.000000,0.000000,0.000000,0.000000,0.000000,0.000000,0.000000,0.000000,0.000000,FOLLOWER
1786694714494467966,2026-08-14T15:05:14.494492,ground_truth,0.252578,-2.199000,-0.054936,0.382589,-2.534062,-0.186747,True,,,,,,,,,-0.161994,0.280059,0.378523,0.000000,0.000000,0.000000,0.000000,0.000000,0.000000,0.000000,0.000000,0.000000,0.000000,0.000000,0.000000,FOLLOWER
1786694714529239346,2026-08-14T15:05:14.529268,ground_truth,0.222845,-2.123000,-0.053038,0.371111,-2.509159,-0.173983,True,,,,,,,,,-0.161994,0.280059,0.378523,0.000000,0.000000,0.000000,0.000000,0.000000,0.000000,0.000000,0.000000,0.000000,0.000000,0.000000,0.000000,FOLLOWER
1786694714559282849,2026-08-14T15:05:14.559331,ground_truth,0.212184,-2.087000,-0.055586,0.357531,-2.481619,-0.161023,True,,,,,,,,,-0.161994,0.280059,0.378523,0.000000,0.000000,0.000000,0.000000,0.000000,0.000000,0.000000,0.000000,0.000000,0.000000,0.000000,0.000000,FOLLOWER
1786694714591652695,2026-08-14T15:05:14.591667,ground_truth,0.205302,-2.087000,-0.059034,0.343479,-2.450084,-0.148371,True,,,,,,,,,-0.161994,0.280059,0.378523,0.000000,0.000000,0.000000,0.000000,0.000000,0.000000,0.000000,0.000000,0.000000,0.000000,0.000000,0.000000,FOLLOWER
1786694714622729900,2026-08-14T15:05:14.622758,ground_truth,0.201176,-2.116000,-0.063350,0.328849,-2.415830,-0.135880,True,,,,,,,,,-0.161994,0.280059,0.378523,0.000000,0.000000,0.000000,0.000000,0.000000,0.000000,0.000000,0.000000,0.000000,0.000000,0.000000,0.000000,FOLLOWER
1786694714657318257,2026-08-14T15:05:14.657332,ground_truth,0.199829,-2.066000,-0.065266,0.314301,-2.381619,-0.123885,True,,,,,,,,,-0.161994,0.280059,0.378523,0.000000,0.000000,0.000000,0.000000,0.000000,0.000000,0.000000,0.000000,0.000000,0.000000,0.000000,0.000000,FOLLOWER
1786694714689565181,2026-08-14T15:05:14.689578,ground_truth,0.199829,-2.066000,-0.068680,0.300291,-2.348591,-0.112498,True,,,,,,,,,-0.161994,0.280059,0.378523,0.000000,0.000000,0.000000,0.000000,0.000000,0.000000,0.000000,0.000000,0.000000,0.000000,0.000000,0.000000,FOLLOWER
1786694714722448773,2026-08-14T15:05:14.722486,ground_truth,0.201183,-2.080000,-0.069145,0.286625,-2.316385,-0.102368,True,,,,,,,,,-0.161994,0.280059,0.378523,0.000000,0.000000,0.000000,0.000000,0.000000,0.000000,0.000000,0.000000,0.000000,0.000000,0.000000,0.000000,FOLLOWER
1786694714756561085,2026-08-14T15:05:14.756574,ground_truth,0.203924,-2.073000,-0.072337,0.273643,-2.286050,-0.093265,True,,,,,,,,,-0.161994,0.280059,0.378523,0.000000,0.000000,0.000000,0.000000,0.000000,0.000000,0.000000,0.000000,0.000000,0.000000,0.000000,0.000000,FOLLOWER
1786694714792347824,2026-08-14T15:05:14.792393,ground_truth,0.203842,-2.038000,-0.081216,0.260687,-2.256463,-0.085261,True,,,,,,,,,-0.161994,0.280059,0.378523,0.000000,0.000000,0.000000,0.000000,0.000000,0.000000,0.000000,0.000000,0.000000,0.000000,0.000000,0.000000,FOLLOWER
1786694714823998007,2026-08-14T15:05:14.824012,ground_truth,0.205242,-2.052000,-0.095335,0.248280,-2.226439,-0.078962,True,,,,,,,,,-0.161994,0.280059,0.378523,0.000000,0.000000,0.000000,0.000000,0.000000,0.000000,0.000000,0.000000,0.000000,0.000000,0.000000,0.000000,FOLLOWER
1786694714856766372,2026-08-14T15:05:14.856798,ground_truth,0.227465,-2.101000,-0.108024,0.236663,-2.195208,-0.074822,True,,,,,,,,,-0.161994,0.280059,0.378523,0.000000,0.000000,0.000000,0.000000,0.000000,0.000000,0.000000,0.000000,0.000000,0.000000,0.000000,0.000000,FOLLOWER
1786694714892866261,2026-08-14T15:05:14.892883,ground_truth,0.252554,-2.108000,-0.118832,0.228355,-2.163735,-0.073307,True,,,,,,,,,-0.161994,0.280059,0.378523,0.000000,0.000000,0.000000,0.000000,0.000000,0.000000,0.000000,0.000000,0.000000,0.000000,0.000000,0.000000,FOLLOWER
1786694714926145747,2026-08-14T15:05:14.926188,ground_truth,0.277936,-2.116000,-0.133266,0.223411,-2.138080,-0.074333,True,,,,,,,,,-0.161994,0.280059,0.378523,0.000000,0.000000,0.000000,0.000000,0.000000,0.000000,0.000000,0.000000,0.000000,0.000000,0.000000,0.000000,FOLLOWER
1786694714957546951,2026-08-14T15:05:14.957584,ground_truth,0.312551,-2.239000,-0.148410,0.222148,-2.117536,-0.077640,True,,,,,,,,,-0.161994,0.280059,0.378523,0.000000,0.000000,0.000000,0.000000,0.000000,0.000000,0.000000,0.000000,0.000000,0.000000,0.000000,0.000000,FOLLOWER
1786694714989955430,2026-08-14T15:05:14.990008,ground_truth,0.319132,-2.183000,-0.159124,0.225229,-2.104201,-0.083097,True,,,,,,,,,-0.161994,0.280059,0.378523,0.000000,0.000000,0.000000,0.000000,0.000000,0.000000,0.000000,0.000000,0.000000,0.000000,0.000000,0.000000,FOLLOWER
1786694715023857366,2026-08-14T15:05:15.023883,ground_truth,0.340283,-2.251500,-0.167837,0.229666,-2.099400,-0.090043,True,,,,,,,,,-0.161994,0.280059,0.378523,0.000000,0.000000,0.000000,0.000000,0.000000,0.000000,0.000000,0.000000,0.000000,0.000000,0.000000,0.000000,FOLLOWER
1786694715056919403,2026-08-14T15:05:15.056934,ground_truth,0.355843,-2.256000,-0.168172,0.237495,-2.100573,-0.097696,True,,,,,,,,,-0.161994,0.280059,0.378523,0.000000,0.000000,0.000000,0.000000,0.000000,0.000000,0.000000,0.000000,0.000000,0.000000,0.000000,0.000000,FOLLOWER
1786694715091018890,2026-08-14T15:05:15.091069,ground_truth,0.374704,-2.351000,-0.179138,0.247073,-2.107661,-0.105202,True,,,,,,,,,-0.161994,0.280059,0.378523,0.000000,0.000000,0.000000,0.000000,0.000000,0.000000,0.000000,0.000000,0.000000,0.000000,0.000000,0.000000,FOLLOWER
1786694715123407782,2026-08-14T15:05:15.123424,ground_truth,0.397496,-2.494000,-0.190034,0.258366,-2.118092,-0.113209,True,,,,,,,,,-0.161994,0.280059,0.378523,0.000000,0.000000,0.000000,0.000000,0.000000,0.000000,0.000000,0.000000,0.000000,0.000000,0.000000,0.000000,FOLLOWER
1786694715156453128,2026-08-14T15:05:15.156479,ground_truth,0.404030,-2.535000,-0.197346,0.271454,-2.134259,-0.121654,True,,,,,,,,,-0.161994,0.280059,0.378523,0.000000,0.000000,0.000000,0.000000,0.000000,0.000000,0.000000,0.000000,0.000000,0.000000,0.000000,0.000000,FOLLOWER
1786694715189355405,2026-08-14T15:05:15.189378,ground_truth,0.395902,-2.484000,-0.197480,0.285068,-2.159198,-0.130460,True,,,,,,,,,-0.161994,0.280059,0.378523,0.000000,0.000000,0.000000,0.000000,0.000000,0.000000,0.000000,0.000000,0.000000,0.000000,0.000000,0.000000,FOLLOWER
1786694715223180366,2026-08-14T15:05:15.223205,ground_truth,0.399089,-2.504000,-0.203207,0.298139,-2.187013,-0.139046,True,,,,,,,,,-0.161994,0.280059,0.378523,0.000000,0.000000,0.000000,0.000000,0.000000,0.000000,0.000000,0.000000,0.000000,0.000000,0.000000,0.000000,FOLLOWER
1786694715257188422,2026-08-14T15:05:15.257210,ground_truth,0.406580,-2.551000,-0.207021,0.311333,-2.215936,-0.147984,True,,,,,,,,,-0.161994,0.280059,0.378523,0.000000,0.000000,0.000000,0.000000,0.000000,0.000000,0.000000,0.000000,0.000000,0.000000,0.000000,0.000000,FOLLOWER
1786694715291111027,2026-08-14T15:05:15.291159,ground_truth,0.410884,-2.578000,-0.209212,0.324843,-2.244707,-0.156963,True,,,,,,,,,-0.161994,0.280059,0.378523,0.000000,0.000000,0.000000,0.000000,0.000000,0.000000,0.000000,0.000000,0.000000,0.000000,0.000000,0.000000,FOLLOWER
1786694715325212719,2026-08-14T15:05:15.325226,ground_truth,0.414390,-2.600000,-0.210997,0.338646,-2.275955,-0.165496,True,,,,,,,,,-0.161994,0.280059,0.378523,0.000000,0.000000,0.000000,0.000000,0.000000,0.000000,0.000000,0.000000,0.000000,0.000000,0.000000,0.000000,FOLLOWER
1786694715358238578,2026-08-14T15:05:15.358277,ground_truth,0.423315,-2.656000,-0.219930,0.352589,-2.310258,-0.173207,True,,,,,,,,,-0.161994,0.280059,0.378523,0.000000,0.000000,0.000000,0.000000,0.000000,0.000000,0.000000,0.000000,0.000000,0.000000,0.000000,0.000000,FOLLOWER
1786694715391288181,2026-08-14T15:05:15.391309,ground_truth,0.419649,-2.633000,-0.218025,0.365646,-2.346345,-0.180667,True,,,,,,,,,-0.161994,0.280059,0.378523,0.000000,0.000000,0.000000,0.000000,0.000000,0.000000,0.000000,0.000000,0.000000,0.000000,0.000000,0.000000,FOLLOWER
1786694715423627580,2026-08-14T15:05:15.423661,ground_truth,0.432719,-2.715000,-0.224815,0.376786,-2.381936,-0.187280,True,,,,,,,,,-0.161994,0.280059,0.378523,0.000000,0.000000,0.000000,0.000000,0.000000,0.000000,0.000000,0.000000,0.000000,0.000000,0.000000,0.000000,FOLLOWER
1786694715456905964,2026-08-14T15:05:15.456919,ground_truth,0.417896,-2.622000,-0.221446,0.387104,-2.418281,-0.193383,True,,,,,,,,,-0.161994,0.280059,0.378523,0.000000,0.000000,0.000000,0.000000,0.000000,0.000000,0.000000,0.000000,0.000000,0.000000,0.000000,0.000000,FOLLOWER
1786694715491466017,2026-08-14T15:05:15.491502,ground_truth,0.425068,-2.667000,-0.225247,0.394127,-2.453123,-0.198252,True,,,,,,,,,-0.161994,0.280059,0.378523,0.000000,0.000000,0.000000,0.000000,0.000000,0.000000,0.000000,0.000000,0.000000,0.000000,0.000000,0.000000,FOLLOWER
1786694715529428688,2026-08-14T15:05:15.529482,ground_truth,0.428894,-2.691000,-0.236165,0.401190,-2.485905,-0.202660,True,,,,,,,,,-0.161994,0.280059,0.378523,0.000000,0.000000,0.000000,0.000000,0.000000,0.000000,0.000000,0.000000,0.000000,0.000000,0.000000,0.000000,FOLLOWER
1786694715560336264,2026-08-14T15:05:15.560364,ground_truth,0.434631,-2.727000,-0.243830,0.407097,-2.515288,-0.207216,True,,,,,,,,,-0.161994,0.280059,0.378523,0.000000,0.000000,0.000000,0.000000,0.000000,0.000000,0.000000,0.000000,0.000000,0.000000,0.000000,0.000000,FOLLOWER
1786694715592310406,2026-08-14T15:05:15.592329,ground_truth,0.436544,-2.739000,-0.249428,0.412350,-2.544604,-0.212260,True,,,,,,,,,-0.161994,0.280059,0.378523,0.000000,0.000000,0.000000,0.000000,0.000000,0.000000,0.000000,0.000000,0.000000,0.000000,0.000000,0.000000,FOLLOWER
1786694715624766214,2026-08-14T15:05:15.624788,ground_truth,0.445086,-2.764000,-0.251704,0.416472,-2.575588,-0.216945,True,,,,,,,,,-0.161994,0.280059,0.378523,0.000000,0.000000,0.000000,0.000000,0.000000,0.000000,0.000000,0.000000,0.000000,0.000000,0.000000,0.000000,FOLLOWER
1786694715657357806,2026-08-14T15:05:15.657370,ground_truth,0.439128,-2.727000,-0.252840,0.419645,-2.602478,-0.221057,True,,,,,,,,,-0.161994,0.280059,0.378523,0.000000,0.000000,0.000000,0.000000,0.000000,0.000000,0.000000,0.000000,0.000000,0.000000,0.000000,0.000000,FOLLOWER
1786694715691692426,2026-08-14T15:05:15.691707,ground_truth,0.425068,-2.667000,-0.247277,0.421985,-2.620922,-0.224756,True,,,,,,,,,-0.161994,0.280059,0.378523,0.000000,0.000000,0.000000,0.000000,0.000000,0.000000,0.000000,0.000000,0.000000,0.000000,0.000000,0.000000,FOLLOWER
1786694715727694270,2026-08-14T15:05:15.727715,ground_truth,0.432719,-2.715000,-0.251727,0.423929,-2.637038,-0.228076,True,,,,,,,,,-0.161994,0.280059,0.378523,0.000000,0.000000,0.000000,0.000000,0.000000,0.000000,0.000000,0.000000,0.000000,0.000000,0.000000,0.000000,LEADER
1786694715759587399,2026-08-14T15:05:15.759609,ground_truth,0.423315,-2.656000,-0.250645,0.426171,-2.651514,-0.231311,True,,,,,,,,,-0.161994,0.280059,0.378523,0.000000,0.000000,0.000000,0.000000,0.000000,0.000000,0.000000,0.000000,0.000000,0.000000,0.000000,0.000000,LEADER
1786694715791422891,2026-08-14T15:05:15.791439,ground_truth,0.421403,-2.644000,-0.249513,0.427287,-2.663103,-0.234219,True,,,,,,,,,-0.161994,0.280059,0.378523,0.000000,0.000000,0.000000,0.000000,0.000000,0.000000,0.000000,0.000000,0.000000,0.000000,0.000000,0.000000,LEADER
1786694715824143165,2026-08-14T15:05:15.824162,ground_truth,0.423315,-2.656000,-0.250645,0.427988,-2.671021,-0.236906,True,,,,,,,,,-0.161994,0.280059,0.378523,0.000000,0.000000,0.000000,0.000000,0.000000,0.000000,0.000000,0.000000,0.000000,0.000000,0.000000,0.000000,LEADER
1786694715859046725,2026-08-14T15:05:15.859094,ground_truth,0.421403,-2.644000,-0.249513,0.428583,-2.676764,-0.239549,True,,,,,,,,,-0.161994,0.280059,0.378523,0.000000,0.000000,0.000000,0.000000,0.000000,0.000000,0.000000,0.000000,0.000000,0.000000,0.000000,0.000000,LEADER
1786694715892165999,2026-08-14T15:05:15.892192,ground_truth,0.428894,-2.691000,-0.253948,0.428456,-2.680260,-0.241521,True,,,,,,,,,-0.161994,0.280059,0.378523,0.000000,0.000000,0.000000,0.000000,0.000000,0.000000,0.000000,0.000000,0.000000,0.000000,0.000000,0.000000,LEADER
1786694715924830319,2026-08-14T15:05:15.924849,ground_truth,0.425068,-2.667000,-0.251683,0.429072,-2.682185,-0.243916,True,,,,,,,,,-0.161994,0.280059,0.378523,0.000000,0.000000,0.000000,0.000000,0.000000,0.000000,0.000000,0.000000,0.000000,0.000000,0.000000,0.000000,LEADER
1786694715957625975,2026-08-14T15:05:15.957645,ground_truth,0.424456,-2.691000,-0.253948,0.428562,-2.683157,-0.245707,True,,,,,,,,,-0.161994,0.280059,0.378523,0.000000,0.000000,0.000000,0.000000,0.000000,0.000000,0.000000,0.000000,0.000000,0.000000,0.000000,0.000000,LEADER
1786694715994570111,2026-08-14T15:05:15.994617,ground_truth,0.418936,-2.656000,-0.250645,0.428999,-2.686445,-0.247874,True,,,,,,,,,-0.161994,0.280059,0.378523,0.000000,0.000000,0.000000,0.000000,0.000000,0.000000,0.000000,0.000000,0.000000,0.000000,0.000000,0.000000,LEADER
1786694716024733258,2026-08-14T15:05:16.024753,ground_truth,0.416143,-2.611000,-0.246398,0.428591,-2.687102,-0.249567,True,,,,,,,,,-0.161994,0.280059,0.378523,0.000000,0.000000,0.000000,0.000000,0.000000,0.000000,0.000000,0.000000,0.000000,0.000000,0.000000,0.000000,LEADER
1786694716058970715,2026-08-14T15:05:16.058989,ground_truth,0.410103,-2.600000,-0.245360,0.427741,-2.686647,-0.250250,True,,,,,,,,,-0.161994,0.280059,0.378523,0.000000,0.000000,0.000000,0.000000,0.000000,0.000000,0.000000,0.000000,0.000000,0.000000,0.000000,0.000000,LEADER
1786694716094517313,2026-08-14T15:05:16.094544,ground_truth,0.408368,-2.589000,-0.244322,0.426105,-2.682290,-0.250352,True,,,,,,,,,-0.161994,0.280059,0.378523,0.000000,0.000000,0.000000,0.000000,0.000000,0.000000,0.000000,0.000000,0.000000,0.000000,0.000000,0.000000,LEADER
1786694716126714043,2026-08-14T15:05:16.126731,ground_truth,0.400665,-2.567000,-0.242246,0.424227,-2.674645,-0.250011,True,,,,,,,,,-0.161994,0.280059,0.378523,0.000000,0.000000,0.000000,0.000000,0.000000,0.000000,0.000000,0.000000,0.000000,0.000000,0.000000,0.000000,LEADER
1786694716157171834,2026-08-14T15:05:16.157194,ground_truth,0.402382,-2.578000,-0.243284,0.421266,-2.665116,-0.249381,True,,,,,,,,,-0.161994,0.280059,0.378523,0.000000,0.000000,0.000000,0.000000,0.000000,0.000000,0.000000,0.000000,0.000000,0.000000,0.000000,0.000000,LEADER
1786694716193782263,2026-08-14T15:05:16.193805,ground_truth,0.406633,-2.578000,-0.243284,0.418816,-2.654623,-0.248744,True,,,,,,,,,-0.161994,0.280059,0.378523,0.000000,0.000000,0.000000,0.000000,0.000000,0.000000,0.000000,0.000000,0.000000,0.000000,0.000000,0.000000,LEADER
1786694716223383604,2026-08-14T15:05:16.223405,ground_truth,0.412705,-2.616500,-0.242595,0.417587,-2.644578,-0.248477,True,,,,,,,,,-0.161994,0.280059,0.378523,0.000000,0.000000,0.000000,0.000000,0.000000,0.000000,0.000000,0.000000,0.000000,0.000000,0.000000,0.000000,LEADER
1786694716258834993,2026-08-14T15:05:16.258883,ground_truth,0.418936,-2.656000,-0.246257,0.416253,-2.635262,-0.247869,True,,,,,,,,,-0.161994,0.280059,0.378523,0.000000,0.000000,0.000000,0.000000,0.000000,0.000000,0.000000,0.000000,0.000000,0.000000,0.000000,0.000000,LEADER
1786694716290998601,2026-08-14T15:05:16.291019,ground_truth,0.428894,-2.691000,-0.249502,0.415961,-2.630706,-0.247576,True,,,,,,,,,-0.161994,0.280059,0.378523,0.000000,0.000000,0.000000,0.000000,0.000000,0.000000,0.000000,0.000000,0.000000,0.000000,0.000000,0.000000,LEADER
1786694716324812552,2026-08-14T15:05:16.324854,ground_truth,0.419649,-2.633000,-0.244125,0.416460,-2.629795,-0.247575,True,,,,,,,,,-0.161994,0.280059,0.378523,0.000000,0.000000,0.000000,0.000000,0.000000,0.000000,0.000000,0.000000,0.000000,0.000000,0.000000,0.000000,LEADER
1786694716357294979,2026-08-14T15:05:16.357315,ground_truth,0.421403,-2.644000,-0.245145,0.416216,-2.629612,-0.247141,True,,,,,,,,,-0.161994,0.280059,0.378523,0.000000,0.000000,0.000000,0.000000,0.000000,0.000000,0.000000,0.000000,0.000000,0.000000,0.000000,0.000000,LEADER
1786694716392477854,2026-08-14T15:05:16.392500,ground_truth,0.423315,-2.656000,-0.246257,0.416216,-2.629576,-0.246850,True,,,,,,,,,-0.161994,0.280059,0.378523,0.000000,0.000000,0.000000,0.000000,0.000000,0.000000,0.000000,0.000000,0.000000,0.000000,0.000000,0.000000,LEADER
1786694716425442908,2026-08-14T15:05:16.425466,ground_truth,0.423315,-2.656000,-0.246257,0.415844,-2.628929,-0.246337,True,,,,,,,,,-0.161994,0.280059,0.378523,0.000000,0.000000,0.000000,0.000000,0.000000,0.000000,0.000000,0.000000,0.000000,0.000000,0.000000,0.000000,LEADER
1786694716458865143,2026-08-14T15:05:16.458885,ground_truth,0.421403,-2.644000,-0.245145,0.415727,-2.628212,-0.245975,True,,,,,,,,,-0.161994,0.280059,0.378523,0.000000,0.000000,0.000000,0.000000,0.000000,0.000000,0.000000,0.000000,0.000000,0.000000,0.000000,0.000000,LEADER
1786694716493437800,2026-08-14T15:05:16.493458,ground_truth,0.425068,-2.667000,-0.247277,0.415523,-2.626203,-0.245388,True,,,,,,,,,-0.161994,0.280059,0.378523,0.000000,0.000000,0.000000,0.000000,0.000000,0.000000,0.000000,0.000000,0.000000,0.000000,0.000000,0.000000,LEADER
1786694716527171249,2026-08-14T15:05:16.527201,ground_truth,0.426981,-2.679000,-0.248390,0.415932,-2.625214,-0.245164,True,,,,,,,,,-0.161994,0.280059,0.378523,0.000000,0.000000,0.000000,0.000000,0.000000,0.000000,0.000000,0.000000,0.000000,0.000000,0.000000,0.000000,LEADER
1786694716560534532,2026-08-14T15:05:16.560558,ground_truth,0.421403,-2.644000,-0.245145,0.416655,-2.625603,-0.245296,True,,,,,,,,,-0.161994,0.280059,0.378523,0.000000,0.000000,0.000000,0.000000,0.000000,0.000000,0.000000,0.000000,0.000000,0.000000,0.000000,0.000000,LEADER
1786694716590734739,2026-08-14T15:05:16.590750,ground_truth,0.423315,-2.656000,-0.246257,0.417408,-2.628667,-0.245282,True,,,,,,,,,-0.161994,0.280059,0.378523,0.000000,0.000000,0.000000,0.000000,0.000000,0.000000,0.000000,0.000000,0.000000,0.000000,0.000000,0.000000,LEADER
1786694716625176150,2026-08-14T15:05:16.625200,ground_truth,0.425068,-2.667000,-0.247277,0.418404,-2.632267,-0.245411,True,,,,,,,,,-0.161994,0.280059,0.378523,0.000000,0.000000,0.000000,0.000000,0.000000,0.000000,0.000000,0.000000,0.000000,0.000000,0.000000,0.000000,LEADER
1786694716660847242,2026-08-14T15:05:16.660871,ground_truth,0.425068,-2.667000,-0.247277,0.420031,-2.636560,-0.245746,True,,,,,,,,,-0.161994,0.280059,0.378523,0.000000,0.000000,0.000000,0.000000,0.000000,0.000000,0.000000,0.000000,0.000000,0.000000,0.000000,0.000000,LEADER
1786694716692821464,2026-08-14T15:05:16.692837,ground_truth,0.423315,-2.656000,-0.246257,0.421544,-2.642165,-0.246013,True,,,,,,,,,-0.161994,0.280059,0.378523,0.000000,0.000000,0.000000,0.000000,0.000000,0.000000,0.000000,0.000000,0.000000,0.000000,0.000000,0.000000,LEADER
1786694716725811676,2026-08-14T15:05:16.725832,ground_truth,0.425068,-2.667000,-0.247277,0.422656,-2.648033,-0.246211,True,,,,,,,,,-0.161994,0.280059,0.378523,0.000000,0.000000,0.000000,0.000000,0.000000,0.000000,0.000000,0.000000,0.000000,0.000000,0.000000,0.000000,LEADER
1786694716761492627,2026-08-14T15:05:16.761512,ground_truth,0.423315,-2.656000,-0.246257,0.423480,-2.653953,-0.246523,True,,,,,,,,,-0.161994,0.280059,0.378523,0.000000,0.000000,0.000000,0.000000,0.000000,0.000000,0.000000,0.000000,0.000000,0.000000,0.000000,0.000000,LEADER
1786694716795330673,2026-08-14T15:05:16.795350,ground_truth,0.419649,-2.633000,-0.244125,0.423772,-2.657244,-0.246523,True,,,,,,,,,-0.161994,0.280059,0.378523,0.000000,0.000000,0.000000,0.000000,0.000000,0.000000,0.000000,0.000000,0.000000,0.000000,0.000000,0.000000,LEADER
1786694716825953624,2026-08-14T15:05:16.825978,ground_truth,0.425068,-2.667000,-0.247277,0.423156,-2.657902,-0.246164,True,,,,,,,,,-0.161994,0.280059,0.378523,0.000000,0.000000,0.000000,0.000000,0.000000,0.000000,0.000000,0.000000,0.000000,0.000000,0.000000,0.000000,LEADER
1786694716859611993,2026-08-14T15:05:16.859632,ground_truth,0.433331,-2.691000,-0.249502,0.423517,-2.658034,-0.246375,True,,,,,,,,,-0.161994,0.280059,0.378523,0.000000,0.000000,0.000000,0.000000,0.000000,0.000000,0.000000,0.000000,0.000000,0.000000,0.000000,0.000000,LEADER
1786694716891919722,2026-08-14T15:05:16.891938,ground_truth,0.427695,-2.656000,-0.246257,0.424312,-2.659287,-0.246665,True,,,,,,,,,-0.161994,0.280059,0.378523,0.000000,0.000000,0.000000,0.000000,0.000000,0.000000,0.000000,0.000000,0.000000,0.000000,0.000000,0.000000,LEADER
1786694716925949478,2026-08-14T15:05:16.926003,ground_truth,0.427695,-2.656000,-0.246257,0.424604,-2.660764,-0.246665,True,,,,,,,,,-0.161994,0.280059,0.378523,0.000000,0.000000,0.000000,0.000000,0.000000,0.000000,0.000000,0.000000,0.000000,0.000000,0.000000,0.000000,LEADER
1786694716959091556,2026-08-14T15:05:16.959111,ground_truth,0.431398,-2.679000,-0.248390,0.424896,-2.661060,-0.246665,True,,,,,,,,,-0.161994,0.280059,0.378523,0.000000,0.000000,0.000000,0.000000,0.000000,0.000000,0.000000,0.000000,0.000000,0.000000,0.000000,0.000000,LEADER
1786694716994262277,2026-08-14T15:05:16.994277,ground_truth,0.425762,-2.644000,-0.245145,0.425563,-2.661119,-0.246881,True,,,,,,,,,-0.161994,0.280059,0.378523,0.000000,0.000000,0.000000,0.000000,0.000000,0.000000,0.000000,0.000000,0.000000,0.000000,0.000000,0.000000,LEADER
1786694717026780091,2026-08-14T15:05:17.026803,ground_truth,0.422220,-2.622000,-0.243105,0.425609,-2.661130,-0.246739,True,,,,,,,,,-0.161994,0.280059,0.378523,0.000000,0.000000,0.000000,0.000000,0.000000,0.000000,0.000000,0.000000,0.000000,0.000000,0.000000,0.000000,LEADER
1786694717060077802,2026-08-14T15:05:17.060101,ground_truth,0.431398,-2.679000,-0.248390,0.425291,-2.659906,-0.246387,True,,,,,,,,,-0.161994,0.280059,0.378523,0.000000,0.000000,0.000000,0.000000,0.000000,0.000000,0.000000,0.000000,0.000000,0.000000,0.000000,0.000000,LEADER
1786694717094791995,2026-08-14T15:05:17.094829,ground_truth,0.427695,-2.656000,-0.246257,0.425958,-2.658435,-0.246603,True,,,,,,,,,-0.161994,0.280059,0.378523,0.000000,0.000000,0.000000,0.000000,0.000000,0.000000,0.000000,0.000000,0.000000,0.000000,0.000000,0.000000,LEADER
1786694717127281285,2026-08-14T15:05:17.127316,ground_truth,0.429466,-2.667000,-0.247277,0.426250,-2.658140,-0.246603,True,,,,,,,,,-0.161994,0.280059,0.378523,0.000000,0.000000,0.000000,0.000000,0.000000,0.000000,0.000000,0.000000,0.000000,0.000000,0.000000,0.000000,LEADER
1786694717161044621,2026-08-14T15:05:17.161071,ground_truth,0.429466,-2.667000,-0.247277,0.426543,-2.658668,-0.246603,True,,,,,,,,,-0.161994,0.280059,0.378523,0.000000,0.000000,0.000000,0.000000,0.000000,0.000000,0.000000,0.000000,0.000000,0.000000,0.000000,0.000000,LEADER
1786694717195968708,2026-08-14T15:05:17.195999,ground_truth,0.439128,-2.727000,-0.252840,0.426836,-2.658774,-0.246603,True,,,,,,,,,-0.161994,0.280059,0.378523,0.000000,0.000000,0.000000,0.000000,0.000000,0.000000,0.000000,0.000000,0.000000,0.000000,0.000000,0.000000,LEADER
1786694717229271217,2026-08-14T15:05:17.229305,ground_truth,0.433331,-2.691000,-0.249502,0.427890,-2.658795,-0.247042,True,,,,,,,,,-0.161994,0.280059,0.378523,0.000000,0.000000,0.000000,0.000000,0.000000,0.000000,0.000000,0.000000,0.000000,0.000000,0.000000,0.000000,LEADER
1786694717262455134,2026-08-14T15:05:17.262490,ground_truth,0.437195,-2.715000,-0.251727,0.428441,-2.660079,-0.247190,True,,,,,,,,,-0.161994,0.280059,0.378523,0.000000,0.000000,0.000000,0.000000,0.000000,0.000000,0.000000,0.000000,0.000000,0.000000,0.000000,0.000000,LEADER
1786694717292913466,2026-08-14T15:05:17.292949,ground_truth,0.425762,-2.644000,-0.245145,0.429366,-2.663483,-0.247555,True,,,,,,,,,-0.161994,0.280059,0.378523,0.000000,0.000000,0.000000,0.000000,0.000000,0.000000,0.000000,0.000000,0.000000,0.000000,0.000000,0.000000,LEADER
1786694717326664118,2026-08-14T15:05:17.326688,ground_truth,0.427695,-2.656000,-0.246257,0.429774,-2.666030,-0.247623,True,,,,,,,,,-0.161994,0.280059,0.378523,0.000000,0.000000,0.000000,0.000000,0.000000,0.000000,0.000000,0.000000,0.000000,0.000000,0.000000,0.000000,LEADER
1786694717359171091,2026-08-14T15:05:17.359196,ground_truth,0.433331,-2.691000,-0.249502,0.429949,-2.666539,-0.247555,True,,,,,,,,,-0.161994,0.280059,0.378523,0.000000,0.000000,0.000000,0.000000,0.000000,0.000000,0.000000,0.000000,0.000000,0.000000,0.000000,0.000000,LEADER
1786694717392569551,2026-08-14T15:05:17.392608,ground_truth,0.435263,-2.703000,-0.250615,0.429949,-2.666055,-0.247555,True,,,,,,,,,-0.161994,0.280059,0.378523,0.000000,0.000000,0.000000,0.000000,0.000000,0.000000,0.000000,0.000000,0.000000,0.000000,0.000000,0.000000,LEADER
1786694717426259599,2026-08-14T15:05:17.426280,ground_truth,0.433331,-2.691000,-0.249502,0.430454,-2.667238,-0.247846,True,,,,,,,,,-0.161994,0.280059,0.378523,0.000000,0.000000,0.000000,0.000000,0.000000,0.000000,0.000000,0.000000,0.000000,0.000000,0.000000,0.000000,LEADER
1786694717460409421,2026-08-14T15:05:17.460450,ground_truth,0.435263,-2.703000,-0.250615,0.430829,-2.669341,-0.248062,True,,,,,,,,,-0.161994,0.280059,0.378523,0.000000,0.000000,0.000000,0.000000,0.000000,0.000000,0.000000,0.000000,0.000000,0.000000,0.000000,0.000000,LEADER
1786694717494429259,2026-08-14T15:05:17.494464,ground_truth,0.431398,-2.679000,-0.248390,0.431087,-2.672268,-0.248210,True,,,,,,,,,-0.161994,0.280059,0.378523,0.000000,0.000000,0.000000,0.000000,0.000000,0.000000,0.000000,0.000000,0.000000,0.000000,0.000000,0.000000,LEADER
1786694717527482539,2026-08-14T15:05:17.527530,ground_truth,0.427695,-2.656000,-0.246257,0.431463,-2.674720,-0.248427,True,,,,,,,,,-0.161994,0.280059,0.378523,0.000000,0.000000,0.000000,0.000000,0.000000,0.000000,0.000000,0.000000,0.000000,0.000000,0.000000,0.000000,LEADER
1786694717559441192,2026-08-14T15:05:17.559482,ground_truth,0.437195,-2.715000,-0.251727,0.431828,-2.677078,-0.248637,True,,,,,,,,,-0.161994,0.280059,0.378523,0.000000,0.000000,0.000000,0.000000,0.000000,0.000000,0.000000,0.000000,0.000000,0.000000,0.000000,0.000000,LEADER
1786694717593721690,2026-08-14T15:05:17.593772,ground_truth,0.437768,-2.691000,-0.249502,0.432214,-2.679416,-0.248859,True,,,,,,,,,-0.161994,0.280059,0.378523,0.000000,0.000000,0.000000,0.000000,0.000000,0.000000,0.000000,0.000000,0.000000,0.000000,0.000000,0.000000,LEADER
1786694717626536823,2026-08-14T15:05:17.626558,ground_truth,0.437768,-2.691000,-0.249502,0.432886,-2.681750,-0.249076,True,,,,,,,,,-0.161994,0.280059,0.378523,0.000000,0.000000,0.000000,0.000000,0.000000,0.000000,0.000000,0.000000,0.000000,0.000000,0.000000,0.000000,LEADER
1786694717660065938,2026-08-14T15:05:17.660080,ground_truth,0.441672,-2.715000,-0.251727,0.433439,-2.683497,-0.249224,True,,,,,,,,,-0.161994,0.280059,0.378523,0.000000,0.000000,0.000000,0.000000,0.000000,0.000000,0.000000,0.000000,0.000000,0.000000,0.000000,0.000000,LEADER
1786694717693405227,2026-08-14T15:05:17.693419,ground_truth,0.426543,-2.622000,-0.243105,0.434253,-2.685126,-0.249521,True,,,,,,,,,-0.161994,0.280059,0.378523,0.000000,0.000000,0.000000,0.000000,0.000000,0.000000,0.000000,0.000000,0.000000,0.000000,0.000000,0.000000,LEADER
1786694717729287736,2026-08-14T15:05:17.729311,ground_truth,0.433864,-2.667000,-0.247277,0.433414,-2.686732,-0.248872,True,,,,,,,,,-0.161994,0.280059,0.378523,0.000000,0.000000,0.000000,0.000000,0.000000,0.000000,0.000000,0.000000,0.000000,0.000000,0.000000,0.000000,LEADER
1786694717760983856,2026-08-14T15:05:17.761010,ground_truth,0.437768,-2.691000,-0.249502,0.433450,-2.685773,-0.248723,True,,,,,,,,,-0.161994,0.280059,0.378523,0.000000,0.000000,0.000000,0.000000,0.000000,0.000000,0.000000,0.000000,0.000000,0.000000,0.000000,0.000000,LEADER
1786694717800623569,2026-08-14T15:05:17.800650,prediction,0.435816,-2.679000,-0.248390,0.435816,-2.679000,-0.248390,True,0.197436,-1.549468,-0.096832,0.238380,1.129532,0.151558,0.00,10,-0.161994,0.280059,0.378523,0.000000,0.000000,0.000000,0.000000,0.000000,0.000000,0.000000,0.000000,0.000000,0.000000,0.000000,0.000000,LEADER
1786694717833828475,2026-08-14T15:05:17.833852,prediction,0.432365,-2.685000,-0.248946,0.432365,-2.683800,-0.248946,True,0.193544,-1.525964,-0.096118,0.238820,1.157836,0.152828,0.00,10,-0.161994,0.280059,0.378523,0.000000,0.000000,0.000000,0.000000,0.000000,0.000000,0.000000,0.000000,0.000000,0.000000,0.000000,0.000000,LEADER
1786694717867170678,2026-08-14T15:05:17.867195,prediction,0.429466,-2.667000,-0.247277,0.429466,-2.679960,-0.247277,True,0.189605,-1.502173,-0.095395,0.239861,1.177788,0.151882,0.00,10,-0.161994,0.280059,0.378523,0.000000,0.000000,0.000000,0.000000,0.000000,0.000000,0.000000,0.000000,0.000000,0.000000,0.000000,0.000000,LEADER
1786694717900383158,2026-08-14T15:05:17.900434,prediction,0.423991,-2.633000,-0.244125,0.423991,-2.669592,-0.244125,True,0.185620,-1.478102,-0.094663,0.238371,1.191490,0.149462,0.00,10,-0.161994,0.280059,0.378523,0.000000,0.000000,0.000000,0.000000,0.000000,0.000000,0.000000,0.000000,0.000000,0.000000,0.000000,0.000000,LEADER
1786694717933738958,2026-08-14T15:05:17.933758,prediction,0.433864,-2.667000,-0.247277,0.431100,-2.674239,-0.247203,True,0.181590,-1.453763,-0.093923,0.249510,1.220476,0.153279,0.00,10,-0.161994,0.280059,0.378523,0.000000,0.000000,0.000000,0.000000,0.000000,0.000000,0.000000,0.000000,0.000000,0.000000,0.000000,0.000000,LEADER
1786694717966916763,2026-08-14T15:05:17.966948,prediction,0.435816,-2.679000,-0.248390,0.431886,-2.674048,-0.247401,True,0.177517,-1.429164,-0.093176,0.254369,1.244883,0.154225,0.00,10,-0.161994,0.280059,0.378523,0.000000,0.000000,0.000000,0.000000,0.000000,0.000000,0.000000,0.000000,0.000000,0.000000,0.000000,0.000000,LEADER
1786694718000277661,2026-08-14T15:05:18.000295,prediction,0.432074,-2.656000,-0.246257,0.431913,-2.673210,-0.247237,True,0.173403,-1.404317,-0.092421,0.258510,1.268893,0.154817,0.00,10,-0.161994,0.280059,0.378523,0.000000,0.000000,0.000000,0.000000,0.000000,0.000000,0.000000,0.000000,0.000000,0.000000,0.000000,0.000000,LEADER
1786694718033990913,2026-08-14T15:05:18.034005,prediction,0.423991,-2.633000,-0.244125,0.430923,-2.671342,-0.246848,True,0.169250,-1.379230,-0.091658,0.261673,1.292112,0.155190,0.00,10,-0.161994,0.280059,0.378523,0.000000,0.000000,0.000000,0.000000,0.000000,0.000000,0.000000,0.000000,0.000000,0.000000,0.000000,0.000000,LEADER
1786694718067072797,2026-08-14T15:05:18.067091,prediction,0.439720,-2.703000,-0.250615,0.431900,-2.669646,-0.247267,True,0.165058,-1.353915,-0.090889,0.266842,1.315731,0.156378,0.00,10,-0.161994,0.280059,0.378523,0.000000,0.000000,0.000000,0.000000,0.000000,0.000000,0.000000,0.000000,0.000000,0.000000,0.000000,0.000000,LEADER
1786694718100305986,2026-08-14T15:05:18.100320,prediction,0.423991,-2.633000,-0.244125,0.431109,-2.666409,-0.246952,True,0.160831,-1.328381,-0.090113,0.270279,1.338028,0.156840,0.00,10,-0.161994,0.280059,0.378523,0.000000,0.000000,0.000000,0.000000,0.000000,0.000000,0.000000,0.000000,0.000000,0.000000,0.000000,0.000000,LEADER
1786694718133621891,2026-08-14T15:05:18.133635,prediction,0.435263,-2.703000,-0.250615,0.431487,-2.668482,-0.247285,True,0.156569,-1.302640,-0.089330,0.274918,1.365842,0.157955,0.00,10,-0.161994,0.280059,0.378523,0.000000,0.000000,0.000000,0.000000,0.000000,0.000000,0.000000,0.000000,0.000000,0.000000,0.000000,0.000000,LEADER
1786694718167077558,2026-08-14T15:05:18.167090,prediction,0.437195,-2.715000,-0.251727,0.431963,-2.671163,-0.247656,True,0.152274,-1.276702,-0.088542,0.279689,1.394461,0.159114,0.00,10,-0.161994,0.280059,0.378523,0.000000,0.000000,0.000000,0.000000,0.000000,0.000000,0.000000,0.000000,0.000000,0.000000,0.000000,0.000000,LEADER
1786694718200368074,2026-08-14T15:05:18.200385,prediction,0.443624,-2.727000,-0.252840,0.432860,-2.674356,-0.248054,True,0.147949,-1.250578,-0.087748,0.284911,1.423777,0.160306,0.00,10,-0.161994,0.280059,0.378523,0.000000,0.000000,0.000000,0.000000,0.000000,0.000000,0.000000,0.000000,0.000000,0.000000,0.000000,0.000000,LEADER
1786694718234085834,2026-08-14T15:05:18.234111,prediction,0.433864,-2.667000,-0.247277,0.432931,-2.677271,-0.247999,True,0.143594,-1.224279,-0.086949,0.289337,1.452992,0.161050,0.00,10,-0.161994,0.280059,0.378523,0.000000,0.000000,0.000000,0.000000,0.000000,0.000000,0.000000,0.000000,0.000000,0.000000,0.000000,0.000000,LEADER
1786694718266887131,2026-08-14T15:05:18.266902,prediction,0.435816,-2.679000,-0.248390,0.433124,-2.677908,-0.248025,True,0.139213,-1.197817,-0.086145,0.293911,1.480091,0.161880,0.00,10,-0.161994,0.280059,0.378523,0.000000,0.000000,0.000000,0.000000,0.000000,0.000000,0.000000,0.000000,0.000000,0.000000,0.000000,0.000000,LEADER
1786694718300282225,2026-08-14T15:05:18.300297,prediction,0.433864,-2.667000,-0.247277,0.432994,-2.677395,-0.247951,True,0.134806,-1.171202,-0.085336,0.298187,1.506193,0.162615,0.00,10,-0.161994,0.280059,0.378523,0.000000,0.000000,0.000000,0.000000,0.000000,0.000000,0.000000,0.000000,0.000000,0.000000,0.000000,0.000000,LEADER
1786694718333827991,2026-08-14T15:05:18.333849,prediction,0.439720,-2.703000,-0.250615,0.433484,-2.676972,-0.248062,True,0.130376,-1.144445,-0.084522,0.303107,1.532527,0.163540,0.00,10,-0.161994,0.280059,0.378523,0.000000,0.000000,0.000000,0.000000,0.000000,0.000000,0.000000,0.000000,0.000000,0.000000,0.000000,0.000000,LEADER
1786694718367109751,2026-08-14T15:05:18.367129,prediction,0.441672,-2.715000,-0.251727,0.434298,-2.678168,-0.248359,True,0.125925,-1.117559,-0.083705,0.308373,1.560609,0.164653,0.00,10,-0.161994,0.280059,0.378523,0.000000,0.000000,0.000000,0.000000,0.000000,0.000000,0.000000,0.000000,0.000000,0.000000,0.000000,0.000000,LEADER
1786694718400865843,2026-08-14T15:05:18.400897,prediction,0.439720,-2.703000,-0.250615,0.435346,-2.680327,-0.248791,True,0.121454,-1.090555,-0.082885,0.313892,1.589772,0.165907,0.00,10,-0.161994,0.280059,0.378523,0.000000,0.000000,0.000000,0.000000,0.000000,0.000000,0.000000,0.000000,0.000000,0.000000,0.000000,0.000000,LEADER
1786694718433989817,2026-08-14T15:05:18.434020,prediction,0.441672,-2.715000,-0.251727,0.435867,-2.683319,-0.249088,True,0.116965,-1.063444,-0.082061,0.318902,1.619875,0.167027,0.00,10,-0.161994,0.280059,0.378523,0.000000,0.000000,0.000000,0.000000,0.000000,0.000000,0.000000,0.000000,0.000000,0.000000,0.000000,0.000000,LEADER
1786694718467888547,2026-08-14T15:05:18.467920,prediction,0.427695,-2.656000,-0.246257,0.435325,-2.685837,-0.248946,True,0.112461,-1.036238,-0.081234,0.322865,1.649599,0.167712,0.00,10,-0.161994,0.280059,0.378523,0.000000,0.000000,0.000000,0.000000,0.000000,0.000000,0.000000,0.000000,0.000000,0.000000,0.000000,0.000000,LEADER
1786694718500649859,2026-08-14T15:05:18.500680,prediction,0.435816,-2.679000,-0.248390,0.435575,-2.686981,-0.249088,True,0.107942,-1.008949,-0.080404,0.327633,1.678032,0.168684,0.00,10,-0.161994,0.280059,0.378523,0.000000,0.000000,0.000000,0.000000,0.000000,0.000000,0.000000,0.000000,0.000000,0.000000,0.000000,0.000000,LEADER
1786694718534133709,2026-08-14T15:05:18.534155,prediction,0.429466,-2.667000,-0.247277,0.435940,-2.687796,-0.249298,True,0.103412,-0.981588,-0.079573,0.332528,1.706208,0.169725,0.00,10,-0.161994,0.280059,0.378523,0.000000,0.000000,0.000000,0.000000,0.000000,0.000000,0.000000,0.000000,0.000000,0.000000,0.000000,0.000000,LEADER
1786694718567084828,2026-08-14T15:05:18.567103,prediction,0.427695,-2.656000,-0.246257,0.435138,-2.688546,-0.249008,True,0.098872,-0.954168,-0.078740,0.336266,1.734378,0.170268,0.00,10,-0.161994,0.280059,0.378523,0.000000,0.000000,0.000000,0.000000,0.000000,0.000000,0.000000,0.000000,0.000000,0.000000,0.000000,0.000000,LEADER
1786694718601027420,2026-08-14T15:05:18.601068,prediction,0.431398,-2.679000,-0.248390,0.435632,-2.690509,-0.249292,True,0.094324,-0.926700,-0.077905,0.341308,1.763809,0.171387,0.00,10,-0.161994,0.280059,0.378523,0.000000,0.000000,0.000000,0.000000,0.000000,0.000000,0.000000,0.000000,0.000000,0.000000,0.000000,0.000000,LEADER
1786694718634684777,2026-08-14T15:05:18.634762,prediction,0.434297,-2.697000,-0.250059,0.435568,-2.689622,-0.249255,True,0.089771,-0.899197,-0.077069,0.345797,1.790425,0.172186,0.00,10,-0.161994,0.280059,0.378523,0.000000,0.000000,0.000000,0.000000,0.000000,0.000000,0.000000,0.000000,0.000000,0.000000,0.000000,0.000000,LEADER
1786694718667887067,2026-08-14T15:05:18.667924,prediction,0.439128,-2.727000,-0.252840,0.435696,-2.689124,-0.249329,True,0.085213,-0.871669,-0.076232,0.350483,1.817456,0.173097,0.00,10,-0.161994,0.280059,0.378523,0.000000,0.000000,0.000000,0.000000,0.000000,0.000000,0.000000,0.000000,0.000000,0.000000,0.000000,0.000000,LEADER
1786694718700661874,2026-08-14T15:05:18.700683,prediction,0.429466,-2.667000,-0.247277,0.434753,-2.688065,-0.248958,True,0.080653,-0.844129,-0.075395,0.354099,1.843936,0.173563,0.00,10,-0.161994,0.280059,0.378523,0.000000,0.000000,0.000000,0.000000,0.000000,0.000000,0.000000,0.000000,0.000000,0.000000,0.000000,0.000000,LEADER
1786694718734071134,2026-08-14T15:05:18.734095,prediction,0.429466,-2.667000,-0.247277,0.434459,-2.685293,-0.248958,True,0.076094,-0.816590,-0.074558,0.358366,1.868703,0.174400,0.00,10,-0.161994,0.280059,0.378523,0.000000,0.000000,0.000000,0.000000,0.000000,0.000000,0.000000,0.000000,0.000000,0.000000,0.000000,0.000000,LEADER
1786694718766920942,2026-08-14T15:05:18.766935,prediction,0.435263,-2.703000,-0.250615,0.434422,-2.684099,-0.249107,True,0.071536,-0.789062,-0.073722,0.362887,1.895037,0.175385,0.00,10,-0.161994,0.280059,0.378523,0.000000,0.000000,0.000000,0.000000,0.000000,0.000000,0.000000,0.000000,0.000000,0.000000,0.000000,0.000000,LEADER
1786694718800509750,2026-08-14T15:05:18.800531,prediction,0.433331,-2.691000,-0.249502,0.434387,-2.685140,-0.249255,True,0.066982,-0.761558,-0.072886,0.367405,1.923582,0.176369,0.00,10,-0.161994,0.280059,0.378523,0.000000,0.000000,0.000000,0.000000,0.000000,0.000000,0.000000,0.000000,0.000000,0.000000,0.000000,0.000000,LEADER
1786694718834023637,2026-08-14T15:05:18.834048,prediction,0.432365,-2.685000,-0.248946,0.433897,-2.685988,-0.249144,True,0.062434,-0.734090,-0.072051,0.371462,1.951898,0.177093,0.00,10,-0.161994,0.280059,0.378523,0.000000,0.000000,0.000000,0.000000,0.000000,0.000000,0.000000,0.000000,0.000000,0.000000,0.000000,0.000000,LEADER
1786694718867104689,2026-08-14T15:05:18.867125,prediction,0.429466,-2.667000,-0.247277,0.433083,-2.685198,-0.248847,True,0.057894,-0.706670,-0.071217,0.375189,1.978528,0.177630,0.00,10,-0.161994,0.280059,0.378523,0.000000,0.000000,0.000000,0.000000,0.000000,0.000000,0.000000,0.000000,0.000000,0.000000,0.000000,0.000000,LEADER
1786694718900579913,2026-08-14T15:05:18.900603,prediction,0.422220,-2.622000,-0.247436,0.431916,-2.683120,-0.248635,True,0.053364,-0.679310,-0.070386,0.378552,2.003810,0.178249,0.00,10,-0.161994,0.280059,0.378523,0.000000,0.000000,0.000000,0.000000,0.000000,0.000000,0.000000,0.000000,0.000000,0.000000,0.000000,0.000000,LEADER
1786694718933907770,2026-08-14T15:05:18.933926,prediction,0.420448,-2.611000,-0.246398,0.430501,-2.677744,-0.248280,True,0.048846,-0.652020,-0.069557,0.381655,2.025724,0.178723,0.00,10,-0.161994,0.280059,0.378523,0.000000,0.000000,0.000000,0.000000,0.000000,0.000000,0.000000,0.000000,0.000000,0.000000,0.000000,0.000000,LEADER
1786694718967003571,2026-08-14T15:05:18.967020,prediction,0.425762,-2.644000,-0.249513,0.430372,-2.672349,-0.248497,True,0.044341,-0.624815,-0.068730,0.386031,2.047534,0.179767,0.00,10,-0.161994,0.280059,0.378523,0.000000,0.000000,0.000000,0.000000,0.000000,0.000000,0.000000,0.000000,0.000000,0.000000,0.000000,0.000000,LEADER
1786694719000532476,2026-08-14T15:05:19.000553,prediction,0.427695,-2.656000,-0.250645,0.429831,-2.669403,-0.248647,True,0.039853,-0.597704,-0.067906,0.389978,2.071700,0.180742,0.00,10,-0.161994,0.280059,0.378523,0.000000,0.000000,0.000000,0.000000,0.000000,0.000000,0.000000,0.000000,0.000000,0.000000,0.000000,0.000000,LEADER
1786694719033847338,2026-08-14T15:05:19.033868,prediction,0.423991,-2.633000,-0.248475,0.429466,-2.667587,-0.248727,True,0.035382,-0.570699,-0.067085,0.394084,2.096888,0.181642,0.00,10,-0.161994,0.280059,0.378523,0.000000,0.000000,0.000000,0.000000,0.000000,0.000000,0.000000,0.000000,0.000000,0.000000,0.000000,0.000000,LEADER
1786694719067318875,2026-08-14T15:05:19.067335,prediction,0.427695,-2.656000,-0.250645,0.429466,-2.666638,-0.249020,True,0.030930,-0.543813,-0.066268,0.398536,2.122824,0.182752,0.00,10,-0.161994,0.280059,0.378523,0.000000,0.000000,0.000000,0.000000,0.000000,0.000000,0.000000,0.000000,0.000000,0.000000,0.000000,0.000000,LEADER
1786694719100184914,2026-08-14T15:05:19.100202,prediction,0.427695,-2.656000,-0.250645,0.429219,-2.665861,-0.249170,True,0.026500,-0.517057,-0.065455,0.402719,2.148804,0.183715,0.00,10,-0.161994,0.280059,0.378523,0.000000,0.000000,0.000000,0.000000,0.000000,0.000000,0.000000,0.000000,0.000000,0.000000,0.000000,0.000000,LEADER
1786694719133880432,2026-08-14T15:05:19.133897,prediction,0.423991,-2.633000,-0.248475,0.428532,-2.664479,-0.249064,True,0.022093,-0.490442,-0.064646,0.406439,2.174037,0.184419,0.00,10,-0.161994,0.280059,0.378523,0.000000,0.000000,0.000000,0.000000,0.000000,0.000000,0.000000,0.000000,0.000000,0.000000,0.000000,0.000000,LEADER
1786694719167200123,2026-08-14T15:05:19.167219,prediction,0.425762,-2.644000,-0.249513,0.427641,-2.661376,-0.248843,True,0.017712,-0.463979,-0.063841,0.409929,2.197397,0.185001,0.00,10,-0.161994,0.280059,0.378523,0.000000,0.000000,0.000000,0.000000,0.000000,0.000000,0.000000,0.000000,0.000000,0.000000,0.000000,0.000000,LEADER
1786694719200659337,2026-08-14T15:05:19.200678,prediction,0.433864,-2.667000,-0.251683,0.427934,-2.657929,-0.249136,True,0.013358,-0.437680,-0.063042,0.414576,2.220248,0.186094,0.00,10,-0.161994,0.280059,0.378523,0.000000,0.000000,0.000000,0.000000,0.000000,0.000000,0.000000,0.000000,0.000000,0.000000,0.000000,0.000000,LEADER
1786694719233796626,2026-08-14T15:05:19.233816,prediction,0.423991,-2.633000,-0.248475,0.427569,-2.656012,-0.249216,True,0.009032,-0.411556,-0.062248,0.418537,2.244456,0.186968,0.00,10,-0.161994,0.280059,0.378523,0.000000,0.000000,0.000000,0.000000,0.000000,0.000000,0.000000,0.000000,0.000000,0.000000,0.000000,0.000000,LEADER
1786694719266935247,2026-08-14T15:05:19.266953,prediction,0.427695,-2.656000,-0.250645,0.427065,-2.655043,-0.249218,True,0.004738,-0.385618,-0.061460,0.422327,2.269424,0.187758,0.00,10,-0.161994,0.280059,0.378523,0.000000,0.000000,0.000000,0.000000,0.000000,0.000000,0.000000,0.000000,0.000000,0.000000,0.000000,0.000000,LEADER
1786694719300786618,2026-08-14T15:05:19.300836,prediction,0.427695,-2.656000,-0.250645,0.426689,-2.652982,-0.249294,True,0.000476,-0.359877,-0.060678,0.426213,2.293105,0.188617,0.00,10,-0.161994,0.280059,0.378523,0.000000,0.000000,0.000000,0.000000,0.000000,0.000000,0.000000,0.000000,0.000000,0.000000,0.000000,0.000000,LEADER
1786694719333653679,2026-08-14T15:05:19.333669,prediction,0.425762,-2.644000,-0.249513,0.426249,-2.650703,-0.249332,True,-0.003752,-0.334344,-0.059902,0.430000,2.316359,0.189431,0.00,10,-0.161994,0.280059,0.378523,0.000000,0.000000,0.000000,0.000000,0.000000,0.000000,0.000000,0.000000,0.000000,0.000000,0.000000,0.000000,LEADER
1786694719367186711,2026-08-14T15:05:19.367208,prediction,0.422220,-2.622000,-0.247436,0.425766,-2.648061,-0.249343,True,-0.007943,-0.309028,-0.059132,0.433709,2.339032,0.190211,0.00,10,-0.161994,0.280059,0.378523,0.000000,0.000000,0.000000,0.000000,0.000000,0.000000,0.000000,0.000000,0.000000,0.000000,0.000000,0.000000,LEADER
1786694719400666774,2026-08-14T15:05:19.400719,prediction,0.427695,-2.656000,-0.250645,0.426131,-2.646306,-0.249557,True,-0.012097,-0.283942,-0.058370,0.438227,2.362364,0.191187,0.00,10,-0.161994,0.280059,0.378523,0.000000,0.000000,0.000000,0.000000,0.000000,0.000000,0.000000,0.000000,0.000000,0.000000,0.000000,0.000000,LEADER
1786694719433652277,2026-08-14T15:05:19.433677,prediction,0.427695,-2.656000,-0.250645,0.426614,-2.647768,-0.249840,True,-0.016211,-0.259094,-0.057615,0.442824,2.388674,0.192225,0.00,10,-0.161994,0.280059,0.378523,0.000000,0.000000,0.000000,0.000000,0.000000,0.000000,0.000000,0.000000,0.000000,0.000000,0.000000,0.000000,LEADER
1786694719467089250,2026-08-14T15:05:19.467107,prediction,0.425762,-2.644000,-0.249513,0.426614,-2.649874,-0.249840,True,-0.020283,-0.234496,-0.056867,0.446897,2.415378,0.192973,0.00,10,-0.161994,0.280059,0.378523,0.000000,0.000000,0.000000,0.000000,0.000000,0.000000,0.000000,0.000000,0.000000,0.000000,0.000000,0.000000,LEADER
1786694719500871581,2026-08-14T15:05:19.500897,prediction,0.422220,-2.622000,-0.247436,0.426249,-2.650295,-0.249626,True,-0.024313,-0.210156,-0.056127,0.450562,2.440138,0.193499,0.00,10,-0.161994,0.280059,0.378523,0.000000,0.000000,0.000000,0.000000,0.000000,0.000000,0.000000,0.000000,0.000000,0.000000,0.000000,0.000000,LEADER
1786694719534688587,2026-08-14T15:05:19.534707,prediction,0.427695,-2.656000,-0.250645,0.426496,-2.650379,-0.249771,True,-0.028299,-0.186086,-0.055396,0.454794,2.464293,0.194375,0.00,10,-0.161994,0.280059,0.378523,0.000000,0.000000,0.000000,0.000000,0.000000,0.000000,0.000000,0.000000,0.000000,0.000000,0.000000,0.000000,LEADER
1786694719567776944,2026-08-14T15:05:19.567804,prediction,0.429466,-2.667000,-0.251683,0.426614,-2.650396,-0.249840,True,-0.032238,-0.162294,-0.054673,0.458852,2.488102,0.195167,0.00,10,-0.161994,0.280059,0.378523,0.000000,0.000000,0.000000,0.000000,0.000000,0.000000,0.000000,0.000000,0.000000,0.000000,0.000000,0.000000,LEADER
1786694719600746186,2026-08-14T15:05:19.600769,prediction,0.429466,-2.667000,-0.251683,0.426614,-2.650396,-0.249840,True,-0.036129,-0.138790,-0.053958,0.462743,2.511606,0.195881,0.00,10,-0.161994,0.280059,0.378523,0.000000,0.000000,0.000000,0.000000,0.000000,0.000000,0.000000,0.000000,0.000000,0.000000,0.000000,0.000000,LEADER
1786694719635474556,2026-08-14T15:05:19.635493,prediction,0.427695,-2.656000,-0.250645,0.426614,-2.650399,-0.249840,True,-0.039972,-0.115584,-0.053253,0.466585,2.534816,0.196587,0.00,10,-0.161994,0.280059,0.378523,0.000000,0.000000,0.000000,0.000000,0.000000,0.000000,0.000000,0.000000,0.000000,0.000000,0.000000,0.000000,LEADER
1786694719666900437,2026-08-14T15:05:19.666912,prediction,0.435263,-2.703000,-0.255080,0.427494,-2.651040,-0.250356,True,-0.043763,-0.092683,-0.052557,0.471257,2.558357,0.197799,0.00,10,-0.161994,0.280059,0.378523,0.000000,0.000000,0.000000,0.000000,0.000000,0.000000,0.000000,0.000000,0.000000,0.000000,0.000000,0.000000,LEADER
1786694719700615382,2026-08-14T15:05:19.700631,prediction,0.433331,-2.691000,-0.253948,0.427459,-2.653675,-0.250507,True,-0.047503,-0.070098,-0.051871,0.474961,2.583577,0.198636,0.00,10,-0.161994,0.280059,0.378523,0.000000,0.000000,0.000000,0.000000,0.000000,0.000000,0.000000,0.000000,0.000000,0.000000,0.000000,0.000000,LEADER
1786694719734246860,2026-08-14T15:05:19.734294,prediction,0.435263,-2.703000,-0.255080,0.428210,-2.657348,-0.250947,True,-0.051189,-0.047836,-0.051194,0.479399,2.609512,0.199753,0.00,10,-0.161994,0.280059,0.378523,0.000000,0.000000,0.000000,0.000000,0.000000,0.000000,0.000000,0.000000,0.000000,0.000000,0.000000,0.000000,LEADER
1786694719767465792,2026-08-14T15:05:19.767482,prediction,0.425762,-2.644000,-0.249513,0.428081,-2.659950,-0.250871,True,-0.054819,-0.025906,-0.050527,0.482901,2.634044,0.200344,0.00,10,-0.161994,0.280059,0.378523,0.000000,0.000000,0.000000,0.000000,0.000000,0.000000,0.000000,0.000000,0.000000,0.000000,0.000000,0.000000,LEADER
1786694719800100305,2026-08-14T15:05:19.800112,prediction,0.429466,-2.667000,-0.251683,0.428199,-2.661057,-0.250941,True,-0.058394,-0.004316,-0.049871,0.486593,2.656741,0.201069,0.00,10,-0.161994,0.280059,0.378523,0.000000,0.000000,0.000000,0.000000,0.000000,0.000000,0.000000,0.000000,0.000000,0.000000,0.000000,0.000000,LEADER
1786694719833991180,2026-08-14T15:05:19.834015,prediction,0.431398,-2.679000,-0.252816,0.428575,-2.661865,-0.251161,True,-0.061911,0.016926,-0.049226,0.490486,2.678791,0.201935,0.00,10,-0.161994,0.280059,0.378523,0.000000,0.000000,0.000000,0.000000,0.000000,0.000000,0.000000,0.000000,0.000000,0.000000,0.000000,0.000000,LEADER
1786694719867015968,2026-08-14T15:05:19.867034,prediction,0.431398,-2.679000,-0.252816,0.429187,-2.663893,-0.251519,True,-0.065369,0.037813,-0.048591,0.494556,2.701706,0.202929,0.00,10,-0.161994,0.280059,0.378523,0.000000,0.000000,0.000000,0.000000,0.000000,0.000000,0.000000,0.000000,0.000000,0.000000,0.000000,0.000000,LEADER
1786694719900454643,2026-08-14T15:05:19.900475,prediction,0.425762,-2.644000,-0.249513,0.429058,-2.666165,-0.251444,True,-0.068767,0.058336,-0.047967,0.497826,2.724502,0.203477,0.00,10,-0.161994,0.280059,0.378523,0.000000,0.000000,0.000000,0.000000,0.000000,0.000000,0.000000,0.000000,0.000000,0.000000,0.000000,0.000000,LEADER
1786694719933687812,2026-08-14T15:05:19.933706,prediction,0.422220,-2.622000,-0.247436,0.428693,-2.665980,-0.251230,True,-0.072104,0.078491,-0.047355,0.500797,2.744470,0.203876,0.00,10,-0.161994,0.280059,0.378523,0.000000,0.000000,0.000000,0.000000,0.000000,0.000000,0.000000,0.000000,0.000000,0.000000,0.000000,0.000000,LEADER
1786694719967270107,2026-08-14T15:05:19.967295,prediction,0.427695,-2.656000,-0.250645,0.428822,-2.665303,-0.251306,True,-0.075379,0.098268,-0.046753,0.504201,2.763571,0.204552,0.00,10,-0.161994,0.280059,0.378523,0.000000,0.000000,0.000000,0.000000,0.000000,0.000000,0.000000,0.000000,0.000000,0.000000,0.000000,0.000000,LEADER
1786694720000486474,2026-08-14T15:05:20.000506,prediction,0.431398,-2.679000,-0.252816,0.429434,-2.665807,-0.251664,True,-0.078590,0.117663,-0.046164,0.508024,2.783470,0.205500,0.00,10,-0.161994,0.280059,0.378523,0.000000,0.000000,0.000000,0.000000,0.000000,0.000000,0.000000,0.000000,0.000000,0.000000,0.000000,0.000000,LEADER
1786694720033532241,2026-08-14T15:05:20.033546,prediction,0.429466,-2.667000,-0.251683,0.429552,-2.667135,-0.251733,True,-0.081737,0.136668,-0.045586,0.511289,2.803803,0.206147,0.00,10,-0.161994,0.280059,0.378523,0.000000,0.000000,0.000000,0.000000,0.000000,0.000000,0.000000,0.000000,0.000000,0.000000,0.000000,0.000000,LEADER
1786694720067081744,2026-08-14T15:05:20.067100,prediction,0.425762,-2.644000,-0.249513,0.429305,-2.667987,-0.251589,True,-0.084818,0.155278,-0.045021,0.514123,2.823265,0.206568,0.00,10,-0.161994,0.280059,0.378523,0.000000,0.000000,0.000000,0.000000,0.000000,0.000000,0.000000,0.000000,0.000000,0.000000,0.000000,0.000000,LEADER
1786694720100333227,2026-08-14T15:05:20.100352,prediction,0.429466,-2.667000,-0.251683,0.429423,-2.668744,-0.251658,True,-0.087833,0.173487,-0.044467,0.517256,2.842232,0.207191,0.00,10,-0.161994,0.280059,0.378523,0.000000,0.000000,0.000000,0.000000,0.000000,0.000000,0.000000,0.000000,0.000000,0.000000,0.000000,0.000000,LEADER
1786694720133825514,2026-08-14T15:05:20.133838,prediction,0.427695,-2.656000,-0.250645,0.429423,-2.668896,-0.251658,True,-0.090781,0.191291,-0.043926,0.520204,2.860187,0.207732,0.00,10,-0.161994,0.280059,0.378523,0.000000,0.000000,0.000000,0.000000,0.000000,0.000000,0.000000,0.000000,0.000000,0.000000,0.000000,0.000000,LEADER
1786694720167241206,2026-08-14T15:05:20.167253,prediction,0.433331,-2.691000,-0.253948,0.429294,-2.669513,-0.251582,True,-0.093660,0.208684,-0.043398,0.522955,2.878196,0.208185,0.00,10,-0.161994,0.280059,0.378523,0.000000,0.000000,0.000000,0.000000,0.000000,0.000000,0.000000,0.000000,0.000000,0.000000,0.000000,0.000000,LEADER
1786694720200699147,2026-08-14T15:05:20.200747,prediction,0.427695,-2.656000,-0.250645,0.428919,-2.667769,-0.251362,True,-0.096471,0.225661,-0.042882,0.525390,2.893430,0.208481,0.00,10,-0.161994,0.280059,0.378523,0.000000,0.000000,0.000000,0.000000,0.000000,0.000000,0.000000,0.000000,0.000000,0.000000,0.000000,0.000000,LEADER
1786694720233801420,2026-08-14T15:05:20.233817,prediction,0.420448,-2.611000,-0.246398,0.427931,-2.664914,-0.250783,True,-0.099213,0.242218,-0.042378,0.527144,2.907132,0.208405,0.00,10,-0.161994,0.280059,0.378523,0.000000,0.000000,0.000000,0.000000,0.000000,0.000000,0.000000,0.000000,0.000000,0.000000,0.000000,0.000000,LEADER
1786694720267238572,2026-08-14T15:05:20.267287,prediction,0.429466,-2.667000,-0.251683,0.428178,-2.662476,-0.250928,True,-0.101884,0.258352,-0.041888,0.530062,2.920829,0.209040,0.00,10,-0.161994,0.280059,0.378523,0.000000,0.000000,0.000000,0.000000,0.000000,0.000000,0.000000,0.000000,0.000000,0.000000,0.000000,0.000000,LEADER
1786694720300555669,2026-08-14T15:05:20.300598,prediction,0.422220,-2.622000,-0.247436,0.427695,-2.659589,-0.250645,True,-0.104485,0.274059,-0.041411,0.532179,2.933648,0.209234,0.00,10,-0.161994,0.280059,0.378523,0.000000,0.000000,0.000000,0.000000,0.000000,0.000000,0.000000,0.000000,0.000000,0.000000,0.000000,0.000000,LEADER
1786694720333578622,2026-08-14T15:05:20.333592,prediction,0.427695,-2.656000,-0.250645,0.427448,-2.658424,-0.250500,True,-0.107014,0.289336,-0.040946,0.534462,2.947760,0.209554,0.00,10,-0.161994,0.280059,0.378523,0.000000,0.000000,0.000000,0.000000,0.000000,0.000000,0.000000,0.000000,0.000000,0.000000,0.000000,0.000000,LEADER
1786694720367079304,2026-08-14T15:05:20.367097,prediction,0.431398,-2.679000,-0.252816,0.427448,-2.656965,-0.250500,True,-0.109471,0.304179,-0.040495,0.536919,2.961144,0.210005,0.00,10,-0.161994,0.280059,0.378523,0.000000,0.000000,0.000000,0.000000,0.000000,0.000000,0.000000,0.000000,0.000000,0.000000,0.000000,0.000000,LEADER
1786694720400148896,2026-08-14T15:05:20.400168,prediction,0.427695,-2.656000,-0.250645,0.427577,-2.655446,-0.250576,True,-0.111857,0.318587,-0.040057,0.539434,2.974033,0.210518,0.00,10,-0.161994,0.280059,0.378523,0.000000,0.000000,0.000000,0.000000,0.000000,0.000000,0.000000,0.000000,0.000000,0.000000,0.000000,0.000000,LEADER
1786694720433551533,2026-08-14T15:05:20.433570,prediction,0.423991,-2.633000,-0.248475,0.427695,-2.655783,-0.250645,True,-0.114170,0.332557,-0.039633,0.541865,2.988340,0.211012,0.00,10,-0.161994,0.280059,0.378523,0.000000,0.000000,0.000000,0.000000,0.000000,0.000000,0.000000,0.000000,0.000000,0.000000,0.000000,0.000000,LEADER
1786694720467001129,2026-08-14T15:05:20.467018,prediction,0.423991,-2.633000,-0.248475,0.427448,-2.655263,-0.250500,True,-0.116410,0.346088,-0.039222,0.543858,3.001352,0.211279,0.00,10,-0.161994,0.280059,0.378523,0.000000,0.000000,0.000000,0.000000,0.000000,0.000000,0.000000,0.000000,0.000000,0.000000,0.000000,0.000000,LEADER
1786694720500341880,2026-08-14T15:05:20.500357,prediction,0.429466,-2.667000,-0.251683,0.427319,-2.653933,-0.250425,True,-0.118578,0.359179,-0.038824,0.545897,3.013112,0.211601,0.00,10,-0.161994,0.280059,0.378523,0.000000,0.000000,0.000000,0.000000,0.000000,0.000000,0.000000,0.000000,0.000000,0.000000,0.000000,0.000000,LEADER
1786694720533881725,2026-08-14T15:05:20.533899,prediction,0.425762,-2.644000,-0.249513,0.427072,-2.652440,-0.250280,True,-0.120672,0.371829,-0.038439,0.547744,3.024269,0.211841,0.00,10,-0.161994,0.280059,0.378523,0.000000,0.000000,0.000000,0.000000,0.000000,0.000000,0.000000,0.000000,0.000000,0.000000,0.000000,0.000000,LEADER
1786694720567275376,2026-08-14T15:05:20.567295,prediction,0.427695,-2.656000,-0.250645,0.427201,-2.651555,-0.250356,True,-0.122693,0.384036,-0.038068,0.549894,3.035591,0.212287,0.00,10,-0.161994,0.280059,0.378523,0.000000,0.000000,0.000000,0.000000,0.000000,0.000000,0.000000,0.000000,0.000000,0.000000,0.000000,0.000000,LEADER
1786694720600174958,2026-08-14T15:05:20.600186,prediction,0.429466,-2.667000,-0.247277,0.427201,-2.650791,-0.250062,True,-0.124642,0.395803,-0.037711,0.551842,3.046594,0.212351,0.00,10,-0.161994,0.280059,0.378523,0.000000,0.000000,0.000000,0.000000,0.000000,0.000000,0.000000,0.000000,0.000000,0.000000,0.000000,0.000000,LEADER
1786694720633738167,2026-08-14T15:05:20.633750,prediction,0.429466,-2.667000,-0.247277,0.427319,-2.651225,-0.249837,True,-0.126517,0.407128,-0.037367,0.553836,3.058353,0.212471,0.00,10,-0.161994,0.280059,0.378523,0.000000,0.000000,0.000000,0.000000,0.000000,0.000000,0.000000,0.000000,0.000000,0.000000,0.000000,0.000000,LEADER
1786694720666923345,2026-08-14T15:05:20.666954,prediction,0.433331,-2.691000,-0.249502,0.427319,-2.651312,-0.249541,True,-0.128319,0.418013,-0.037036,0.555638,3.069324,0.212505,0.00,10,-0.161994,0.280059,0.378523,0.000000,0.000000,0.000000,0.000000,0.000000,0.000000,0.000000,0.000000,0.000000,0.000000,0.000000,0.000000,LEADER
1786694720700360037,2026-08-14T15:05:20.700383,prediction,0.431398,-2.679000,-0.248390,0.427566,-2.652556,-0.249391,True,-0.130048,0.428459,-0.036718,0.557614,3.081015,0.212672,0.00,10,-0.161994,0.280059,0.378523,0.000000,0.000000,0.000000,0.000000,0.000000,0.000000,0.000000,0.000000,0.000000,0.000000,0.000000,0.000000,LEADER
1786694720733997225,2026-08-14T15:05:20.734017,prediction,0.431398,-2.679000,-0.248390,0.428296,-2.654031,-0.249523,True,-0.131706,0.438468,-0.036414,0.560001,3.092499,0.213109,0.00,10,-0.161994,0.280059,0.378523,0.000000,0.000000,0.000000,0.000000,0.000000,0.000000,0.000000,0.000000,0.000000,0.000000,0.000000,0.000000,LEADER
1786694720767110819,2026-08-14T15:05:20.767124,prediction,0.425762,-2.644000,-0.245145,0.428049,-2.655553,-0.249087,True,-0.133291,0.448042,-0.036123,0.561340,3.103595,0.212964,0.00,10,-0.161994,0.280059,0.378523,0.000000,0.000000,0.000000,0.000000,0.000000,0.000000,0.000000,0.000000,0.000000,0.000000,0.000000,0.000000,LEADER
1786694720800667837,2026-08-14T15:05:20.800709,prediction,0.425762,-2.644000,-0.245145,0.428285,-2.657031,-0.248935,True,-0.134804,0.457185,-0.035845,0.563090,3.114215,0.213089,0.00,10,-0.161994,0.280059,0.378523,0.000000,0.000000,0.000000,0.000000,0.000000,0.000000,0.000000,0.000000,0.000000,0.000000,0.000000,0.000000,LEADER
1786694720833497838,2026-08-14T15:05:20.833512,prediction,0.427695,-2.656000,-0.246257,0.428285,-2.656686,-0.248642,True,-0.136247,0.465898,-0.035580,0.564532,3.122584,0.213062,0.00,10,-0.161994,0.280059,0.378523,0.000000,0.000000,0.000000,0.000000,0.000000,0.000000,0.000000,0.000000,0.000000,0.000000,0.000000,0.000000,LEADER
1786694720867331836,2026-08-14T15:05:20.867377,prediction,0.429466,-2.667000,-0.247277,0.428156,-2.656617,-0.248273,True,-0.137620,0.474187,-0.035328,0.565776,3.130804,0.212944,0.00,10,-0.161994,0.280059,0.378523,0.000000,0.000000,0.000000,0.000000,0.000000,0.000000,0.000000,0.000000,0.000000,0.000000,0.000000,0.000000,LEADER
1786694720900574152,2026-08-14T15:05:20.900586,prediction,0.431398,-2.679000,-0.248390,0.428403,-2.657190,-0.248123,True,-0.138922,0.482055,-0.035089,0.567325,3.139245,0.213033,0.00,10,-0.161994,0.280059,0.378523,0.000000,0.000000,0.000000,0.000000,0.000000,0.000000,0.000000,0.000000,0.000000,0.000000,0.000000,0.000000,LEADER
1786694720933642822,2026-08-14T15:05:20.933654,prediction,0.427695,-2.656000,-0.246257,0.428650,-2.657891,-0.247975,True,-0.140156,0.489507,-0.034863,0.568806,3.147398,0.213112,0.00,10,-0.161994,0.280059,0.378523,0.000000,0.000000,0.000000,0.000000,0.000000,0.000000,0.000000,0.000000,0.000000,0.000000,0.000000,0.000000,LEADER
1786694720966763299,2026-08-14T15:05:20.966774,prediction,0.431398,-2.679000,-0.248390,0.429144,-2.660485,-0.247969,True,-0.141322,0.496548,-0.034649,0.570466,3.157033,0.213320,0.00,10,-0.161994,0.280059,0.378523,0.000000,0.000000,0.000000,0.000000,0.000000,0.000000,0.000000,0.000000,0.000000,0.000000,0.000000,0.000000,LEADER
1786694721000583371,2026-08-14T15:05:21.000604,prediction,0.433331,-2.691000,-0.249502,0.429402,-2.663457,-0.247824,True,-0.142421,0.503184,-0.034447,0.571822,3.166641,0.213377,0.00,10,-0.161994,0.280059,0.378523,0.000000,0.000000,0.000000,0.000000,0.000000,0.000000,0.000000,0.000000,0.000000,0.000000,0.000000,0.000000,LEADER
1786694721034201193,2026-08-14T15:05:21.034257,prediction,0.431398,-2.679000,-0.248390,0.429777,-2.665918,-0.247749,True,-0.143453,0.509422,-0.034258,0.573231,3.175340,0.213491,0.00,10,-0.161994,0.280059,0.378523,0.000000,0.000000,0.000000,0.000000,0.000000,0.000000,0.000000,0.000000,0.000000,0.000000,0.000000,0.000000,LEADER
1786694721067248954,2026-08-14T15:05:21.067263,prediction,0.429466,-2.667000,-0.247277,0.429895,-2.667637,-0.247524,True,-0.144421,0.515267,-0.034080,0.574317,3.182904,0.213444,0.00,10,-0.161994,0.280059,0.378523,0.000000,0.000000,0.000000,0.000000,0.000000,0.000000,0.000000,0.000000,0.000000,0.000000,0.000000,0.000000,LEADER
1786694721100819447,2026-08-14T15:05:21.100834,prediction,0.431398,-2.679000,-0.248390,0.430024,-2.669207,-0.247598,True,-0.145325,0.520729,-0.033914,0.575350,3.189936,0.213685,0.00,10,-0.161994,0.280059,0.378523,0.000000,0.000000,0.000000,0.000000,0.000000,0.000000,0.000000,0.000000,0.000000,0.000000,0.000000,0.000000,LEADER
1786694721134040332,2026-08-14T15:05:21.134068,prediction,0.431398,-2.679000,-0.248390,0.430153,-2.670162,-0.247673,True,-0.146167,0.525813,-0.033759,0.576320,3.195975,0.213913,0.00,10,-0.161994,0.280059,0.378523,0.000000,0.000000,0.000000,0.000000,0.000000,0.000000,0.000000,0.000000,0.000000,0.000000,0.000000,0.000000,LEADER
1786694721168178182,2026-08-14T15:05:21.168196,prediction,0.429466,-2.667000,-0.247277,0.430153,-2.670162,-0.247673,True,-0.146948,0.530530,-0.033616,0.577101,3.200692,0.214057,0.00,10,-0.161994,0.280059,0.378523,0.000000,0.000000,0.000000,0.000000,0.000000,0.000000,0.000000,0.000000,0.000000,0.000000,0.000000,0.000000,LEADER
1786694721200148086,2026-08-14T15:05:21.200162,prediction,0.437768,-2.691000,-0.249502,0.430320,-2.671159,-0.247598,True,-0.147670,0.534888,-0.033484,0.577990,3.206046,0.214115,0.00,10,-0.161994,0.280059,0.378523,0.000000,0.000000,0.000000,0.000000,0.000000,0.000000,0.000000,0.000000,0.000000,0.000000,0.000000,0.000000,LEADER
1786694721233545744,2026-08-14T15:05:21.233562,prediction,0.437768,-2.691000,-0.249502,0.430745,-2.671832,-0.247673,True,-0.148333,0.538896,-0.033362,0.579078,3.210728,0.214311,0.00,10,-0.161994,0.280059,0.378523,0.000000,0.000000,0.000000,0.000000,0.000000,0.000000,0.000000,0.000000,0.000000,0.000000,0.000000,0.000000,LEADER
1786694721267467307,2026-08-14T15:05:21.267481,prediction,0.433864,-2.667000,-0.247277,0.431285,-2.672606,-0.247815,True,-0.148941,0.542566,-0.033250,0.580226,3.215172,0.214565,0.00,10,-0.161994,0.280059,0.378523,0.000000,0.000000,0.000000,0.000000,0.000000,0.000000,0.000000,0.000000,0.000000,0.000000,0.000000,0.000000,LEADER
1786694721301154570,2026-08-14T15:05:21.301170,prediction,0.435816,-2.679000,-0.248390,0.431955,-2.674628,-0.248031,True,-0.149494,0.545907,-0.033149,0.581449,3.220535,0.214882,0.00,10,-0.161994,0.280059,0.378523,0.000000,0.000000,0.000000,0.000000,0.000000,0.000000,0.000000,0.000000,0.000000,0.000000,0.000000,0.000000,LEADER
1786694721333808770,2026-08-14T15:05:21.333822,prediction,0.437768,-2.691000,-0.249502,0.432627,-2.676899,-0.248247,True,-0.149995,0.548932,-0.033057,0.582622,3.225831,0.215191,0.00,10,-0.161994,0.280059,0.378523,0.000000,0.000000,0.000000,0.000000,0.000000,0.000000,0.000000,0.000000,0.000000,0.000000,0.000000,0.000000,LEADER
1786694721367343636,2026-08-14T15:05:21.367391,prediction,0.432074,-2.656000,-0.246257,0.432800,-2.678580,-0.248179,True,-0.150445,0.551651,-0.032974,0.583246,3.230231,0.215205,0.00,10,-0.161994,0.280059,0.378523,0.000000,0.000000,0.000000,0.000000,0.000000,0.000000,0.000000,0.000000,0.000000,0.000000,0.000000,0.000000,LEADER
1786694721400162306,2026-08-14T15:05:21.400174,prediction,0.441672,-2.715000,-0.251727,0.433485,-2.680196,-0.248402,True,-0.150847,0.554079,-0.032900,0.584333,3.234275,0.215502,0.00,10,-0.161994,0.280059,0.378523,0.000000,0.000000,0.000000,0.000000,0.000000,0.000000,0.000000,0.000000,0.000000,0.000000,0.000000,0.000000,LEADER
1786694721433517554,2026-08-14T15:05:21.433533,prediction,0.444600,-2.733000,-0.253396,0.434612,-2.683079,-0.248878,True,-0.151203,0.556227,-0.032835,0.585815,3.239307,0.216043,0.00,10,-0.161994,0.280059,0.378523,0.000000,0.000000,0.000000,0.000000,0.000000,0.000000,0.000000,0.000000,0.000000,0.000000,0.000000,0.000000,LEADER
1786694721467392950,2026-08-14T15:05:21.467468,prediction,0.437768,-2.691000,-0.249502,0.435037,-2.685576,-0.248952,True,-0.151515,0.558111,-0.032778,0.586552,3.243687,0.216174,0.00,10,-0.161994,0.280059,0.378523,0.000000,0.000000,0.000000,0.000000,0.000000,0.000000,0.000000,0.000000,0.000000,0.000000,0.000000,0.000000,LEADER
1786694721500914311,2026-08-14T15:05:21.500936,prediction,0.437768,-2.691000,-0.249502,0.435333,-2.686715,-0.248952,True,-0.151785,0.559744,-0.032728,0.587118,3.246459,0.216224,0.00,10,-0.161994,0.280059,0.378523,0.000000,0.000000,0.000000,0.000000,0.000000,0.000000,0.000000,0.000000,0.000000,0.000000,0.000000,0.000000,LEADER
1786694721533927526,2026-08-14T15:05:21.533939,prediction,0.435816,-2.679000,-0.248390,0.435627,-2.687583,-0.248952,True,-0.152017,0.561142,-0.032686,0.587644,3.248725,0.216266,0.00,10,-0.161994,0.280059,0.378523,0.000000,0.000000,0.000000,0.000000,0.000000,0.000000,0.000000,0.000000,0.000000,0.000000,0.000000,0.000000,LEADER
1786694721567130007,2026-08-14T15:05:21.567150,prediction,0.435816,-2.679000,-0.248390,0.436051,-2.687757,-0.249026,True,-0.152212,0.562320,-0.032650,0.588262,3.250077,0.216376,0.00,10,-0.161994,0.280059,0.378523,0.000000,0.000000,0.000000,0.000000,0.000000,0.000000,0.000000,0.000000,0.000000,0.000000,0.000000,0.000000,LEADER
1786694721600387231,2026-08-14T15:05:21.600414,prediction,0.433864,-2.667000,-0.247277,0.436215,-2.687791,-0.248952,True,-0.152373,0.563296,-0.032620,0.588588,3.251087,0.216332,0.00,10,-0.161994,0.280059,0.378523,0.000000,0.000000,0.000000,0.000000,0.000000,0.000000,0.000000,0.000000,0.000000,0.000000,0.000000,0.000000,LEADER
1786694721633514922,2026-08-14T15:05:21.633530,prediction,0.433864,-2.667000,-0.247277,0.436379,-2.687158,-0.248878,True,-0.152504,0.564085,-0.032596,0.588883,3.251244,0.216282,0.00,10,-0.161994,0.280059,0.378523,0.000000,0.000000,0.000000,0.000000,0.000000,0.000000,0.000000,0.000000,0.000000,0.000000,0.000000,0.000000,LEADER
1786694721668164784,2026-08-14T15:05:21.668181,prediction,0.433864,-2.667000,-0.247277,0.436379,-2.687158,-0.248878,True,-0.152607,0.564707,-0.032577,0.588986,3.251865,0.216301,0.00,10,-0.161994,0.280059,0.378523,0.000000,0.000000,0.000000,0.000000,0.000000,0.000000,0.000000,0.000000,0.000000,0.000000,0.000000,0.000000,LEADER
1786694721700798456,2026-08-14T15:05:21.700810,prediction,0.435816,-2.679000,-0.248390,0.437063,-2.686238,-0.249100,True,-0.152685,0.565179,-0.032563,0.589748,3.251418,0.216537,0.00,10,-0.161994,0.280059,0.378523,0.000000,0.000000,0.000000,0.000000,0.000000,0.000000,0.000000,0.000000,0.000000,0.000000,0.000000,0.000000,LEADER
1786694721734539600,2026-08-14T15:05:21.734551,prediction,0.439720,-2.703000,-0.250615,0.437193,-2.686848,-0.249175,True,-0.152742,0.565521,-0.032553,0.589935,3.252369,0.216622,0.00,10,-0.161994,0.280059,0.378523,0.000000,0.000000,0.000000,0.000000,0.000000,0.000000,0.000000,0.000000,0.000000,0.000000,0.000000,0.000000,LEADER
1786694721766942287,2026-08-14T15:05:21.766954,prediction,0.435816,-2.679000,-0.248390,0.437323,-2.686330,-0.249249,True,-0.152780,0.565753,-0.032546,0.590103,3.252083,0.216703,0.00,10,-0.161994,0.280059,0.378523,0.000000,0.000000,0.000000,0.000000,0.000000,0.000000,0.000000,0.000000,0.000000,0.000000,0.000000,0.000000,LEADER
1786694721800826901,2026-08-14T15:05:21.800843,prediction,0.439720,-2.703000,-0.250615,0.437584,-2.687506,-0.249397,True,-0.152804,0.565895,-0.032541,0.590387,3.253401,0.216856,0.00,10,-0.161994,0.280059,0.378523,0.000000,0.000000,0.000000,0.000000,0.000000,0.000000,0.000000,0.000000,0.000000,0.000000,0.000000,0.000000,LEADER
1786694721834059358,2026-08-14T15:05:21.834080,prediction,0.433864,-2.667000,-0.247277,0.437323,-2.687741,-0.249249,True,-0.152816,0.565969,-0.032539,0.590139,3.253710,0.216710,0.00,10,-0.161994,0.280059,0.378523,0.000000,0.000000,0.000000,0.000000,0.000000,0.000000,0.000000,0.000000,0.000000,0.000000,0.000000,0.000000,LEADER
1786694721867430687,2026-08-14T15:05:21.867446,prediction,0.435816,-2.679000,-0.248390,0.437573,-2.687788,-0.249391,True,-0.152820,0.565996,-0.032538,0.590393,3.253784,0.216853,0.00,10,-0.161994,0.280059,0.378523,0.000000,0.000000,0.000000,0.000000,0.000000,0.000000,0.000000,0.000000,0.000000,0.000000,0.000000,0.000000,LEADER
1786694721900926810,2026-08-14T15:05:21.900974,prediction,0.435816,-2.679000,-0.248390,0.437182,-2.687158,-0.249168,True,-0.152821,0.566000,-0.032538,0.590003,3.253158,0.216630,0.00,10,-0.161994,0.280059,0.378523,0.000000,0.000000,0.000000,0.000000,0.000000,0.000000,0.000000,0.000000,0.000000,0.000000,0.000000,0.000000,LEADER
1786694721934020517,2026-08-14T15:05:21.934041,prediction,0.433864,-2.667000,-0.247277,0.436466,-2.685112,-0.248760,True,-0.152821,0.566000,-0.032538,0.589287,3.251112,0.216222,0.00,10,-0.161994,0.280059,0.378523,0.000000,0.000000,0.000000,0.000000,0.000000,0.000000,0.000000,0.000000,0.000000,0.000000,0.000000,0.000000,LEADER
1786694721966785546,2026-08-14T15:05:21.966797,prediction,0.431398,-2.679000,-0.248390,0.436042,-2.682782,-0.248686,True,-0.152821,0.566000,-0.032538,0.588863,3.248782,0.216148,0.00,10,-0.161994,0.280059,0.378523,0.000000,0.000000,0.000000,0.000000,0.000000,0.000000,0.000000,0.000000,0.000000,0.000000,0.000000,0.000000,LEADER
1786694722000679527,2026-08-14T15:05:22.000699,prediction,0.435263,-2.703000,-0.250615,0.435875,-2.681677,-0.248760,True,-0.152821,0.566000,-0.032538,0.588696,3.247677,0.216222,0.00,10,-0.161994,0.280059,0.378523,0.000000,0.000000,0.000000,0.000000,0.000000,0.000000,0.000000,0.000000,0.000000,0.000000,0.000000,0.000000,LEADER
1786694722033551316,2026-08-14T15:05:22.033578,prediction,0.427695,-2.656000,-0.246257,0.435333,-2.680815,-0.248618,True,-0.152821,0.566000,-0.032538,0.588154,3.246815,0.216080,0.00,10,-0.161994,0.280059,0.378523,0.000000,0.000000,0.000000,0.000000,0.000000,0.000000,0.000000,0.000000,0.000000,0.000000,0.000000,0.000000,LEADER
1786694722067291529,2026-08-14T15:05:22.067311,prediction,0.427695,-2.656000,-0.246257,0.434792,-2.679417,-0.248476,True,-0.152821,0.566000,-0.032538,0.587613,3.245417,0.215938,0.00,10,-0.161994,0.280059,0.378523,0.000000,0.000000,0.000000,0.000000,0.000000,0.000000,0.000000,0.000000,0.000000,0.000000,0.000000,0.000000,LEADER
1786694722100152858,2026-08-14T15:05:22.100165,prediction,0.431398,-2.679000,-0.248390,0.434628,-2.677910,-0.248550,True,-0.152821,0.566000,-0.032538,0.587449,3.243910,0.216012,0.00,10,-0.161994,0.280059,0.378523,0.000000,0.000000,0.000000,0.000000,0.000000,0.000000,0.000000,0.000000,0.000000,0.000000,0.000000,0.000000,LEADER
1786694722133840161,2026-08-14T15:05:22.133855,prediction,0.431398,-2.679000,-0.248390,0.434463,-2.678249,-0.248624,True,-0.152821,0.566000,-0.032538,0.587284,3.244249,0.216086,0.00,10,-0.161994,0.280059,0.378523,0.000000,0.000000,0.000000,0.000000,0.000000,0.000000,0.000000,0.000000,0.000000,0.000000,0.000000,0.000000,LEADER
1786694722167013567,2026-08-14T15:05:22.167035,prediction,0.441060,-2.739000,-0.253953,0.434423,-2.678957,-0.248773,True,-0.152821,0.566000,-0.032538,0.587244,3.244957,0.216235,0.00,10,-0.161994,0.280059,0.378523,0.000000,0.000000,0.000000,0.000000,0.000000,0.000000,0.000000,0.000000,0.000000,0.000000,0.000000,0.000000,LEADER
1786694722200312720,2026-08-14T15:05:22.200326,prediction,0.427695,-2.656000,-0.246257,0.433881,-2.679098,-0.248631,True,-0.152821,0.566000,-0.032538,0.586702,3.245098,0.216093,0.00,10,-0.161994,0.280059,0.378523,0.000000,0.000000,0.000000,0.000000,0.000000,0.000000,0.000000,0.000000,0.000000,0.000000,0.000000,0.000000,LEADER
1786694722233630298,2026-08-14T15:05:22.233667,prediction,0.431398,-2.679000,-0.248390,0.433326,-2.677846,-0.248482,True,-0.152821,0.566000,-0.032538,0.586147,3.243846,0.215944,0.00,10,-0.161994,0.280059,0.378523,0.000000,0.000000,0.000000,0.000000,0.000000,0.000000,0.000000,0.000000,0.000000,0.000000,0.000000,0.000000,LEADER
1786694722266917268,2026-08-14T15:05:22.266931,prediction,0.425762,-2.644000,-0.249513,0.432656,-2.676369,-0.248557,True,-0.152821,0.566000,-0.032538,0.585477,3.242369,0.216019,0.00,10,-0.161994,0.280059,0.378523,0.000000,0.000000,0.000000,0.000000,0.000000,0.000000,0.000000,0.000000,0.000000,0.000000,0.000000,0.000000,LEADER
1786694722300208105,2026-08-14T15:05:22.300219,prediction,0.425762,-2.644000,-0.249513,0.431726,-2.672927,-0.248484,True,-0.152821,0.566000,-0.032538,0.584547,3.238927,0.215946,0.00,10,-0.161994,0.280059,0.378523,0.000000,0.000000,0.000000,0.000000,0.000000,0.000000,0.000000,0.000000,0.000000,0.000000,0.000000,0.000000,LEADER
1786694722333893364,2026-08-14T15:05:22.333911,prediction,0.431398,-2.679000,-0.248390,0.431561,-2.670372,-0.248558,True,-0.152821,0.566000,-0.032538,0.584382,3.236372,0.216020,0.00,10,-0.161994,0.280059,0.378523,0.000000,0.000000,0.000000,0.000000,0.000000,0.000000,0.000000,0.000000,0.000000,0.000000,0.000000,0.000000,LEADER
1786694722366862015,2026-08-14T15:05:22.366874,prediction,0.435263,-2.703000,-0.250615,0.431524,-2.669861,-0.248706,True,-0.152821,0.566000,-0.032538,0.584345,3.235861,0.216168,0.00,10,-0.161994,0.280059,0.378523,0.000000,0.000000,0.000000,0.000000,0.000000,0.000000,0.000000,0.000000,0.000000,0.000000,0.000000,0.000000,LEADER
1786694722400303847,2026-08-14T15:05:22.400317,prediction,0.427695,-2.656000,-0.246257,0.430983,-2.669759,-0.248564,True,-0.152821,0.566000,-0.032538,0.583804,3.235759,0.216026,0.00,10,-0.161994,0.280059,0.378523,0.000000,0.000000,0.000000,0.000000,0.000000,0.000000,0.000000,0.000000,0.000000,0.000000,0.000000,0.000000,LEADER
1786694722433498683,2026-08-14T15:05:22.433511,prediction,0.429466,-2.667000,-0.247277,0.430690,-2.669099,-0.248564,True,-0.152821,0.566000,-0.032538,0.583511,3.235099,0.216026,0.00,10,-0.161994,0.280059,0.378523,0.000000,0.000000,0.000000,0.000000,0.000000,0.000000,0.000000,0.000000,0.000000,0.000000,0.000000,0.000000,LEADER
1786694722466991190,2026-08-14T15:05:22.467003,prediction,0.433331,-2.691000,-0.249502,0.430819,-2.668326,-0.248638,True,-0.152821,0.566000,-0.032538,0.583640,3.234326,0.216100,0.00,10,-0.161994,0.280059,0.378523,0.000000,0.000000,0.000000,0.000000,0.000000,0.000000,0.000000,0.000000,0.000000,0.000000,0.000000,0.000000,LEADER
1786694722500681979,2026-08-14T15:05:22.500700,prediction,0.431398,-2.679000,-0.248390,0.430561,-2.668172,-0.248490,True,-0.152821,0.566000,-0.032538,0.583382,3.234172,0.215952,0.00,10,-0.161994,0.280059,0.378523,0.000000,0.000000,0.000000,0.000000,0.000000,0.000000,0.000000,0.000000,0.000000,0.000000,0.000000,0.000000,LEADER
1786694722533924445,2026-08-14T15:05:22.533936,prediction,0.437195,-2.715000,-0.251727,0.431194,-2.668781,-0.248855,True,-0.152821,0.566000,-0.032538,0.584015,3.234781,0.216317,0.00,10,-0.161994,0.280059,0.378523,0.000000,0.000000,0.000000,0.000000,0.000000,0.000000,0.000000,0.000000,0.000000,0.000000,0.000000,0.000000,LEADER
1786694722567480992,2026-08-14T15:05:22.567503,prediction,0.435263,-2.703000,-0.250615,0.431699,-2.671410,-0.249145,True,-0.152821,0.566000,-0.032538,0.584520,3.237410,0.216607,0.00,10,-0.161994,0.280059,0.378523,0.000000,0.000000,0.000000,0.000000,0.000000,0.000000,0.000000,0.000000,0.000000,0.000000,0.000000,0.000000,LEADER
1786694722600642045,2026-08-14T15:05:22.600682,prediction,0.433331,-2.691000,-0.249502,0.431699,-2.671410,-0.249145,True,-0.152821,0.566000,-0.032538,0.584520,3.237410,0.216607,0.00,10,-0.161994,0.280059,0.378523,0.000000,0.000000,0.000000,0.000000,0.000000,0.000000,0.000000,0.000000,0.000000,0.000000,0.000000,0.000000,LEADER
1786694722634021138,2026-08-14T15:05:22.634047,prediction,0.437195,-2.715000,-0.251727,0.432214,-2.676328,-0.249442,True,-0.152821,0.566000,-0.032538,0.585035,3.242328,0.216904,0.00,10,-0.161994,0.280059,0.378523,0.000000,0.000000,0.000000,0.000000,0.000000,0.000000,0.000000,0.000000,0.000000,0.000000,0.000000,0.000000,LEADER
1786694722666943433,2026-08-14T15:05:22.666958,prediction,0.429466,-2.667000,-0.247277,0.431441,-2.677346,-0.248997,True,-0.152821,0.566000,-0.032538,0.584262,3.243346,0.216459,0.00,10,-0.161994,0.280059,0.378523,0.000000,0.000000,0.000000,0.000000,0.000000,0.000000,0.000000,0.000000,0.000000,0.000000,0.000000,0.000000,LEADER
1786694722700540706,2026-08-14T15:05:22.700564,prediction,0.423315,-2.656000,-0.250645,0.431149,-2.676909,-0.249289,True,-0.152821,0.566000,-0.032538,0.583970,3.242909,0.216751,0.00,10,-0.161994,0.280059,0.378523,0.000000,0.000000,0.000000,0.000000,0.000000,0.000000,0.000000,0.000000,0.000000,0.000000,0.000000,0.000000,LEADER
1786694722733974983,2026-08-14T15:05:22.733998,prediction,0.423315,-2.656000,-0.250645,0.430610,-2.675595,-0.249440,True,-0.152821,0.566000,-0.032538,0.583431,3.241595,0.216902,0.00,10,-0.161994,0.280059,0.378523,0.000000,0.000000,0.000000,0.000000,0.000000,0.000000,0.000000,0.000000,0.000000,0.000000,0.000000,0.000000,LEADER
1786694722767246053,2026-08-14T15:05:22.767270,prediction,0.423315,-2.656000,-0.250645,0.430447,-2.675332,-0.249515,True,-0.152821,0.566000,-0.032538,0.583268,3.241332,0.216977,0.00,10,-0.161994,0.280059,0.378523,0.000000,0.000000,0.000000,0.000000,0.000000,0.000000,0.000000,0.000000,0.000000,0.000000,0.000000,0.000000,LEADER
1786694722800627381,2026-08-14T15:05:22.800677,prediction,0.425068,-2.667000,-0.251683,0.430401,-2.675920,-0.249660,True,-0.152821,0.566000,-0.032538,0.583222,3.241920,0.217122,0.00,10,-0.161994,0.280059,0.378523,0.000000,0.000000,0.000000,0.000000,0.000000,0.000000,0.000000,0.000000,0.000000,0.000000,0.000000,0.000000,LEADER
1786694722833884775,2026-08-14T15:05:22.833927,prediction,0.425068,-2.667000,-0.251683,0.429979,-2.677264,-0.249879,True,-0.152821,0.566000,-0.032538,0.582800,3.243264,0.217341,0.00,10,-0.161994,0.280059,0.378523,0.000000,0.000000,0.000000,0.000000,0.000000,0.000000,0.000000,0.000000,0.000000,0.000000,0.000000,0.000000,LEADER
1786694722866816537,2026-08-14T15:05:22.866828,prediction,0.429466,-2.667000,-0.251683,0.429593,-2.676893,-0.249951,True,-0.152821,0.566000,-0.032538,0.582414,3.242893,0.217413,0.00,10,-0.161994,0.280059,0.378523,0.000000,0.000000,0.000000,0.000000,0.000000,0.000000,0.000000,0.000000,0.000000,0.000000,0.000000,0.000000,LEADER
1786694722900368495,2026-08-14T15:05:22.900421,prediction,0.418677,-2.600000,-0.245360,0.428991,-2.676179,-0.249891,True,-0.152821,0.566000,-0.032538,0.581812,3.242179,0.217353,0.00,10,-0.161994,0.280059,0.378523,0.000000,0.000000,0.000000,0.000000,0.000000,0.000000,0.000000,0.000000,0.000000,0.000000,0.000000,0.000000,LEADER
1786694722933904894,2026-08-14T15:05:22.933921,prediction,0.417896,-2.622000,-0.247436,0.428220,-2.673636,-0.249901,True,-0.152821,0.566000,-0.032538,0.581041,3.239636,0.217363,0.00,10,-0.161994,0.280059,0.378523,0.000000,0.000000,0.000000,0.000000,0.000000,0.000000,0.000000,0.000000,0.000000,0.000000,0.000000,0.000000,LEADER
1786694722967307502,2026-08-14T15:05:22.967324,prediction,0.425068,-2.667000,-0.251683,0.427669,-2.670727,-0.250047,True,-0.152821,0.566000,-0.032538,0.580490,3.236727,0.217509,0.00,10,-0.161994,0.280059,0.378523,0.000000,0.000000,0.000000,0.000000,0.000000,0.000000,0.000000,0.000000,0.000000,0.000000,0.000000,0.000000,LEADER
1786694723000204318,2026-08-14T15:05:23.000218,prediction,0.425068,-2.667000,-0.251683,0.427247,-2.669506,-0.250266,True,-0.152821,0.566000,-0.032538,0.580068,3.235506,0.217728,0.00,10,-0.161994,0.280059,0.378523,0.000000,0.000000,0.000000,0.000000,0.000000,0.000000,0.000000,0.000000,0.000000,0.000000,0.000000,0.000000,LEADER
1786694723033709839,2026-08-14T15:05:23.033726,prediction,0.423315,-2.656000,-0.250645,0.426322,-2.667981,-0.250194,True,-0.152821,0.566000,-0.032538,0.579143,3.233981,0.217656,0.00,10,-0.161994,0.280059,0.378523,0.000000,0.000000,0.000000,0.000000,0.000000,0.000000,0.000000,0.000000,0.000000,0.000000,0.000000,0.000000,LEADER
1786694723066854442,2026-08-14T15:05:23.066867,prediction,0.421403,-2.644000,-0.249513,0.425398,-2.665170,-0.250121,True,-0.152821,0.566000,-0.032538,0.578219,3.231170,0.217583,0.00,10,-0.161994,0.280059,0.378523,0.000000,0.000000,0.000000,0.000000,0.000000,0.000000,0.000000,0.000000,0.000000,0.000000,0.000000,0.000000,LEADER
1786694723100575187,2026-08-14T15:05:23.100592,prediction,0.419649,-2.633000,-0.248475,0.424486,-2.661461,-0.250052,True,-0.152821,0.566000,-0.032538,0.577307,3.227461,0.217514,0.00,10,-0.161994,0.280059,0.378523,0.000000,0.000000,0.000000,0.000000,0.000000,0.000000,0.000000,0.000000,0.000000,0.000000,0.000000,0.000000,LEADER
1786694723133470791,2026-08-14T15:05:23.133482,prediction,0.425068,-2.667000,-0.251683,0.423677,-2.657572,-0.250049,True,-0.152821,0.566000,-0.032538,0.576498,3.223572,0.217511,0.00,10,-0.161994,0.280059,0.378523,0.000000,0.000000,0.000000,0.000000,0.000000,0.000000,0.000000,0.000000,0.000000,0.000000,0.000000,0.000000,LEADER
1786694723167480650,2026-08-14T15:05:23.167493,prediction,0.416143,-2.611000,-0.246398,0.422789,-2.653701,-0.249991,True,-0.152821,0.566000,-0.032538,0.575610,3.219701,0.217453,0.00,10,-0.161994,0.280059,0.378523,0.000000,0.000000,0.000000,0.000000,0.000000,0.000000,0.000000,0.000000,0.000000,0.000000,0.000000,0.000000,LEADER
1786694723200446617,2026-08-14T15:05:23.200484,prediction,0.425068,-2.667000,-0.251683,0.422906,-2.652927,-0.250060,True,-0.152821,0.566000,-0.032538,0.575727,3.218927,0.217522,0.00,10,-0.161994,0.280059,0.378523,0.000000,0.000000,0.000000,0.000000,0.000000,0.000000,0.000000,0.000000,0.000000,0.000000,0.000000,0.000000,LEADER
1786694723233611778,2026-08-14T15:05:23.233643,prediction,0.430806,-2.703000,-0.250615,0.423405,-2.653359,-0.250058,True,-0.152821,0.566000,-0.032538,0.576226,3.219359,0.217520,0.00,10,-0.161994,0.280059,0.378523,0.000000,0.000000,0.000000,0.000000,0.000000,0.000000,0.000000,0.000000,0.000000,0.000000,0.000000,0.000000,LEADER
1786694723267247834,2026-08-14T15:05:23.267273,prediction,0.432719,-2.715000,-0.251727,0.424032,-2.655952,-0.250130,True,-0.152821,0.566000,-0.032538,0.576853,3.221952,0.217592,0.00,10,-0.161994,0.280059,0.378523,0.000000,0.000000,0.000000,0.000000,0.000000,0.000000,0.000000,0.000000,0.000000,0.000000,0.000000,0.000000,LEADER
1786694723300627739,2026-08-14T15:05:23.300649,prediction,0.435263,-2.703000,-0.250615,0.424712,-2.658977,-0.250059,True,-0.152821,0.566000,-0.032538,0.577533,3.224977,0.217521,0.00,10,-0.161994,0.280059,0.378523,0.000000,0.000000,0.000000,0.000000,0.000000,0.000000,0.000000,0.000000,0.000000,0.000000,0.000000,0.000000,LEADER
1786694723333730042,2026-08-14T15:05:23.333768,prediction,0.433331,-2.691000,-0.249502,0.425263,-2.661502,-0.249913,True,-0.152821,0.566000,-0.032538,0.578084,3.227502,0.217375,0.00,10,-0.161994,0.280059,0.378523,0.000000,0.000000,0.000000,0.000000,0.000000,0.000000,0.000000,0.000000,0.000000,0.000000,0.000000,0.000000,LEADER
1786694723367015629,2026-08-14T15:05:23.367039,prediction,0.425762,-2.644000,-0.245145,0.425016,-2.663287,-0.249478,True,-0.152821,0.566000,-0.032538,0.577837,3.229287,0.216940,0.00,10,-0.161994,0.280059,0.378523,0.000000,0.000000,0.000000,0.000000,0.000000,0.000000,0.000000,0.000000,0.000000,0.000000,0.000000,0.000000,LEADER
1786694723400426592,2026-08-14T15:05:23.400442,prediction,0.427695,-2.656000,-0.246257,0.425617,-2.663058,-0.249537,True,-0.152821,0.566000,-0.032538,0.578438,3.229058,0.216999,0.00,10,-0.161994,0.280059,0.378523,0.000000,0.000000,0.000000,0.000000,0.000000,0.000000,0.000000,0.000000,0.000000,0.000000,0.000000,0.000000,LEADER
1786694723433440679,2026-08-14T15:05:23.433452,prediction,0.427695,-2.656000,-0.246257,0.426270,-2.664825,-0.249459,True,-0.152821,0.566000,-0.032538,0.579091,3.230825,0.216921,0.00,10,-0.161994,0.280059,0.378523,0.000000,0.000000,0.000000,0.000000,0.000000,0.000000,0.000000,0.000000,0.000000,0.000000,0.000000,0.000000,LEADER
1786694723467342645,2026-08-14T15:05:23.467361,prediction,0.427695,-2.656000,-0.246257,0.426445,-2.666992,-0.249097,True,-0.152821,0.566000,-0.032538,0.579266,3.232992,0.216559,0.00,10,-0.161994,0.280059,0.378523,0.000000,0.000000,0.000000,0.000000,0.000000,0.000000,0.000000,0.000000,0.000000,0.000000,0.000000,0.000000,LEADER
1786694723500961108,2026-08-14T15:05:23.500975,prediction,0.426981,-2.679000,-0.248390,0.426445,-2.666992,-0.249097,True,-0.152821,0.566000,-0.032538,0.579266,3.232992,0.216559,0.00,10,-0.161994,0.280059,0.378523,0.000000,0.000000,0.000000,0.000000,0.000000,0.000000,0.000000,0.000000,0.000000,0.000000,0.000000,0.000000,LEADER
1786694723533482519,2026-08-14T15:05:23.533495,prediction,0.428894,-2.691000,-0.249502,0.426945,-2.667448,-0.248801,True,-0.152821,0.566000,-0.032538,0.579766,3.233448,0.216263,0.00,10,-0.161994,0.280059,0.378523,0.000000,0.000000,0.000000,0.000000,0.000000,0.000000,0.000000,0.000000,0.000000,0.000000,0.000000,0.000000,LEADER
1786694723567144254,2026-08-14T15:05:23.567158,prediction,0.426981,-2.679000,-0.248390,0.427317,-2.668796,-0.248726,True,-0.152821,0.566000,-0.032538,0.580138,3.234796,0.216188,0.00,10,-0.161994,0.280059,0.378523,0.000000,0.000000,0.000000,0.000000,0.000000,0.000000,0.000000,0.000000,0.000000,0.000000,0.000000,0.000000,LEADER
1786694723600464646,2026-08-14T15:05:23.600482,prediction,0.432719,-2.715000,-0.251727,0.428188,-2.671573,-0.248943,True,-0.152821,0.566000,-0.032538,0.581009,3.237573,0.216405,0.00,10,-0.161994,0.280059,0.378523,0.000000,0.000000,0.000000,0.000000,0.000000,0.000000,0.000000,0.000000,0.000000,0.000000,0.000000,0.000000,LEADER
1786694723633921776,2026-08-14T15:05:23.633967,prediction,0.428894,-2.691000,-0.249502,0.428443,-2.674635,-0.248798,True,-0.152821,0.566000,-0.032538,0.581264,3.240635,0.216260,0.00,10,-0.161994,0.280059,0.378523,0.000000,0.000000,0.000000,0.000000,0.000000,0.000000,0.000000,0.000000,0.000000,0.000000,0.000000,0.000000,LEADER
1786694723667349581,2026-08-14T15:05:23.667368,prediction,0.423315,-2.656000,-0.250645,0.428921,-2.678340,-0.249081,True,-0.152821,0.566000,-0.032538,0.581742,3.244340,0.216543,0.00,10,-0.161994,0.280059,0.378523,0.000000,0.000000,0.000000,0.000000,0.000000,0.000000,0.000000,0.000000,0.000000,0.000000,0.000000,0.000000,LEADER
1786694723701167319,2026-08-14T15:05:23.701179,prediction,0.435263,-2.703000,-0.250615,0.429601,-2.680362,-0.249010,True,-0.152821,0.566000,-0.032538,0.582422,3.246362,0.216472,0.00,10,-0.161994,0.280059,0.378523,0.000000,0.000000,0.000000,0.000000,0.000000,0.000000,0.000000,0.000000,0.000000,0.000000,0.000000,0.000000,LEADER
1786694723733545250,2026-08-14T15:05:23.733557,prediction,0.426981,-2.679000,-0.248390,0.429346,-2.681406,-0.248861,True,-0.152821,0.566000,-0.032538,0.582167,3.247406,0.216323,0.00,10,-0.161994,0.280059,0.378523,0.000000,0.000000,0.000000,0.000000,0.000000,0.000000,0.000000,0.000000,0.000000,0.000000,0.000000,0.000000,LEADER
1786694723767159085,2026-08-14T15:05:23.767212,prediction,0.421403,-2.644000,-0.249513,0.428591,-2.680335,-0.248714,True,-0.152821,0.566000,-0.032538,0.581412,3.246335,0.216176,0.00,10,-0.161994,0.280059,0.378523,0.000000,0.000000,0.000000,0.000000,0.000000,0.000000,0.000000,0.000000,0.000000,0.000000,0.000000,0.000000,LEADER
1786694723800644738,2026-08-14T15:05:23.800656,prediction,0.419649,-2.633000,-0.248475,0.427550,-2.676974,-0.248571,True,-0.152821,0.566000,-0.032538,0.580371,3.242974,0.216033,0.00,10,-0.161994,0.280059,0.378523,0.000000,0.000000,0.000000,0.000000,0.000000,0.000000,0.000000,0.000000,0.000000,0.000000,0.000000,0.000000,LEADER
1786694723833443811,2026-08-14T15:05:23.833456,prediction,0.417896,-2.622000,-0.247436,0.426521,-2.672568,-0.248433,True,-0.152821,0.566000,-0.032538,0.579342,3.238568,0.215895,0.00,10,-0.161994,0.280059,0.378523,0.000000,0.000000,0.000000,0.000000,0.000000,0.000000,0.000000,0.000000,0.000000,0.000000,0.000000,0.000000,LEADER
1786694723867170828,2026-08-14T15:05:23.867205,prediction,0.416143,-2.611000,-0.246398,0.425880,-2.668007,-0.248517,True,-0.152821,0.566000,-0.032538,0.578701,3.234007,0.215979,0.00,10,-0.161994,0.280059,0.378523,0.000000,0.000000,0.000000,0.000000,0.000000,0.000000,0.000000,0.000000,0.000000,0.000000,0.000000,0.000000,LEADER
1786694723900708750,2026-08-14T15:05:23.900738,prediction,0.423315,-2.656000,-0.250645,0.425588,-2.665282,-0.248809,True,-0.152821,0.566000,-0.032538,0.578409,3.231282,0.216271,0.00,10,-0.161994,0.280059,0.378523,0.000000,0.000000,0.000000,0.000000,0.000000,0.000000,0.000000,0.000000,0.000000,0.000000,0.000000,0.000000,LEADER
1786694723933491211,2026-08-14T15:05:23.933503,prediction,0.418677,-2.600000,-0.245360,0.424987,-2.662336,-0.248750,True,-0.152821,0.566000,-0.032538,0.577808,3.228336,0.216212,0.00,10,-0.161994,0.280059,0.378523,0.000000,0.000000,0.000000,0.000000,0.000000,0.000000,0.000000,0.000000,0.000000,0.000000,0.000000,0.000000,LEADER
1786694723966814309,2026-08-14T15:05:23.966830,prediction,0.427695,-2.656000,-0.250645,0.424987,-2.661747,-0.249042,True,-0.152821,0.566000,-0.032538,0.577808,3.227747,0.216504,0.00,10,-0.161994,0.280059,0.378523,0.000000,0.000000,0.000000,0.000000,0.000000,0.000000,0.000000,0.000000,0.000000,0.000000,0.000000,0.000000,LEADER
1786694724000251041,2026-08-14T15:05:24.000282,prediction,0.425762,-2.644000,-0.245145,0.424906,-2.660990,-0.248826,True,-0.152821,0.566000,-0.032538,0.577727,3.226990,0.216288,0.00,10,-0.161994,0.280059,0.378523,0.000000,0.000000,0.000000,0.000000,0.000000,0.000000,0.000000,0.000000,0.000000,0.000000,0.000000,0.000000,LEADER
1786694724033517512,2026-08-14T15:05:24.033529,prediction,0.420448,-2.611000,-0.246398,0.424343,-2.658971,-0.248619,True,-0.152821,0.566000,-0.032538,0.577164,3.224971,0.216081,0.00,10,-0.161994,0.280059,0.378523,0.000000,0.000000,0.000000,0.000000,0.000000,0.000000,0.000000,0.000000,0.000000,0.000000,0.000000,0.000000,LEADER
1786694724066839087,2026-08-14T15:05:24.066852,prediction,0.423991,-2.633000,-0.248475,0.424143,-2.656114,-0.248625,True,-0.152821,0.566000,-0.032538,0.576964,3.222114,0.216087,0.00,10,-0.161994,0.280059,0.378523,0.000000,0.000000,0.000000,0.000000,0.000000,0.000000,0.000000,0.000000,0.000000,0.000000,0.000000,0.000000,LEADER
1786694724100314281,2026-08-14T15:05:24.100328,prediction,0.429466,-2.667000,-0.247277,0.423927,-2.652450,-0.248328,True,-0.152821,0.566000,-0.032538,0.576748,3.218450,0.215790,0.00,10,-0.161994,0.280059,0.378523,0.000000,0.000000,0.000000,0.000000,0.000000,0.000000,0.000000,0.000000,0.000000,0.000000,0.000000,0.000000,LEADER
1786694724133499380,2026-08-14T15:05:24.133512,prediction,0.416143,-2.611000,-0.246398,0.423077,-2.648623,-0.248121,True,-0.152821,0.566000,-0.032538,0.575898,3.214623,0.215583,0.00,10,-0.161994,0.280059,0.378523,0.000000,0.000000,0.000000,0.000000,0.000000,0.000000,0.000000,0.000000,0.000000,0.000000,0.000000,0.000000,LEADER


============================================================
EXPERIMENT METRICS
  File: experiment_GROUND_TRUTH_20260814_150357.csv
  Total samples: 440
  Task completion time: 86.42 s
  --- Prediction Accuracy (over 191 samples) ---
  Avg Inference Time: 0.00 ms
  Mean Squared Error (MSE): 8.335968 m²
  Mean Absolute Error (MAE - 3D): 2.8111 m
      MAE X: 0.5038 m
      MAE Y: 2.7579 m
      MAE Z: 0.2021 m
  Jerk: insufficient EE data for calculation
============================================================
