ros_timestamp_ns,wall_time,trajectory_mode,meas_x,meas_y,meas_z,filt_x,filt_y,filt_z,is_tracked,pred_x,pred_y,pred_z,mae_x,mae_y,mae_z,inference_ms,buffer_size,target_x,target_y,target_z,robot_ee_x,robot_ee_y,robot_ee_z,j1_vel,j2_vel,j3_vel,j4_vel,j5_vel,j6_vel,j1_eff,j2_eff,j3_eff,j4_eff,j5_eff,j6_eff,role
1787023922804122852,2026-08-18T10:32:02.804137,ground_truth,0.107242,-0.139000,0.046555,0.112986,-0.081950,0.018015,True,,,,,,,,,,,,-0.161983,0.308976,0.388249,0.001744,0.000000,0.000000,0.000000,0.000000,0.000000,0.011060,-0.142520,0.095450,-0.028288,-0.004128,-0.010976,READY
1787023922838263012,2026-08-18T10:32:02.838283,ground_truth,0.107242,-0.139000,0.046555,0.107027,-0.132000,0.046696,True,,,,,,,,,-0.161986,0.308968,0.388248,-0.161986,0.308968,0.388248,0.001744,0.000000,0.000000,0.000000,0.000000,0.000000,0.011060,-0.142520,0.095450,-0.028288,-0.004128,-0.010976,READY
1787023922867791244,2026-08-18T10:32:02.867829,ground_truth,0.108042,-0.165000,0.046035,0.107027,-0.132000,0.046696,True,,,,,,,,,-0.161986,0.308968,0.388248,-0.161986,0.308968,0.388248,0.001744,0.000000,0.000000,0.000000,0.000000,0.000000,0.011060,-0.142520,0.095450,-0.028288,-0.004128,-0.010976,READY
1787023922905479348,2026-08-18T10:32:02.905516,ground_truth,0.112369,-0.152000,0.046295,0.107027,-0.132000,0.046696,True,,,,,,,,,-0.161986,0.308968,0.388248,-0.161986,0.308968,0.388248,0.001744,0.000000,0.000000,0.000000,0.000000,0.000000,0.011060,-0.142520,0.095450,-0.028288,-0.004128,-0.010976,READY
1787023922936218254,2026-08-18T10:32:02.936235,ground_truth,0.106811,-0.125000,0.046836,0.107027,-0.132000,0.046696,True,,,,,,,,,-0.161986,0.308968,0.388248,-0.161986,0.308968,0.388248,0.000000,0.000000,0.000000,0.000000,0.000000,0.000000,0.010220,-0.140000,0.095118,-0.027840,-0.003456,-0.009760,READY
1787023922967174216,2026-08-18T10:32:02.967198,ground_truth,0.111494,-0.125000,0.046836,0.107027,-0.132000,0.046696,True,,,,,,,,,-0.161986,0.308968,0.388248,-0.161986,0.308968,0.388248,0.001744,0.000000,0.000000,0.000000,0.000000,0.000000,0.009520,-0.138880,0.093541,-0.027392,-0.003232,-0.009760,READY
1787023923002211374,2026-08-18T10:32:03.002245,ground_truth,0.112791,-0.165000,0.046035,0.107027,-0.132000,0.046696,True,,,,,,,,,-0.161986,0.308968,0.388248,-0.161986,0.308968,0.388248,0.001744,0.000000,0.000000,0.000000,0.000000,0.000000,0.013300,-0.138460,0.093209,-0.027552,-0.004064,-0.010688,READY
1787023923033471637,2026-08-18T10:32:03.033506,ground_truth,0.113244,-0.179000,0.050535,0.107027,-0.132000,0.046696,True,,,,,,,,,-0.161986,0.308968,0.388248,-0.161986,0.308968,0.388248,0.001744,0.000000,0.000000,0.000000,0.000000,0.000000,0.010220,-0.138180,0.094122,-0.027232,-0.003232,-0.009248,READY
1787023923067512641,2026-08-18T10:32:03.067554,ground_truth,0.113244,-0.179000,0.050535,0.107027,-0.132000,0.046696,True,,,,,,,,,-0.161986,0.308968,0.388248,-0.161986,0.308968,0.388248,0.001744,0.000000,0.000000,0.000000,0.000000,0.000000,0.010220,-0.137900,0.094122,-0.027104,-0.003072,-0.009696,READY
1787023923102696750,2026-08-18T10:32:03.102736,ground_truth,0.112791,-0.165000,0.055551,0.107027,-0.132000,0.046696,True,,,,,,,,,-0.161986,0.308968,0.388248,-0.161986,0.308968,0.388248,0.001744,0.000000,0.000000,0.000000,0.000000,0.000000,0.009520,-0.137900,0.094122,-0.027392,-0.003232,-0.009696,READY
1787023923134549074,2026-08-18T10:32:03.134576,ground_truth,0.111948,-0.139000,0.055985,0.107027,-0.132000,0.046696,True,,,,,,,,,-0.161986,0.308968,0.388248,-0.161986,0.308968,0.388248,0.001744,0.000000,0.000000,0.000000,0.000000,0.000000,0.009520,-0.137900,0.094122,-0.027392,-0.003232,-0.009696,READY
1787023923168012848,2026-08-18T10:32:03.168035,ground_truth,0.111073,-0.112000,0.056437,0.107027,-0.132000,0.046696,True,,,,,,,,,-0.161986,0.308968,0.388248,-0.161986,0.308968,0.388248,0.001744,0.000000,0.000000,0.000000,0.000000,0.000000,0.009520,-0.137900,0.094122,-0.027392,-0.003232,-0.009696,READY
1787023923203129119,2026-08-18T10:32:03.203167,ground_truth,0.114574,-0.220000,0.059480,0.107027,-0.132000,0.046696,True,,,,,,,,,-0.161986,0.308968,0.388248,-0.161986,0.308968,0.388248,0.001744,0.000000,0.000000,0.000000,0.000000,0.000000,0.009520,-0.137900,0.094122,-0.027392,-0.003232,-0.009696,READY
1787023923236611726,2026-08-18T10:32:03.236641,ground_truth,0.114152,-0.207000,0.059676,0.107027,-0.132000,0.046696,True,,,,,,,,,-0.161986,0.308968,0.388248,-0.161986,0.308968,0.388248,0.001744,0.000000,0.000000,0.000000,0.000000,0.000000,0.009520,-0.137900,0.094122,-0.027392,-0.003232,-0.009696,READY
1787023923269077419,2026-08-18T10:32:03.269102,ground_truth,0.111073,-0.112000,0.061107,0.107027,-0.132000,0.046696,True,,,,,,,,,-0.161986,0.308968,0.388248,-0.161986,0.308968,0.388248,0.001744,0.000000,0.000000,0.000000,0.000000,0.000000,0.009520,-0.137900,0.094122,-0.027392,-0.003232,-0.009696,READY
1787023923300217307,2026-08-18T10:32:03.300244,ground_truth,0.114152,-0.207000,0.059676,0.107027,-0.132000,0.046696,True,,,,,,,,,-0.161986,0.308968,0.388248,-0.161986,0.308968,0.388248,0.001744,0.000000,0.000000,0.000000,0.000000,0.000000,0.008260,-0.137900,0.094122,-0.027104,-0.003232,-0.009760,READY
1787023923334250629,2026-08-18T10:32:03.334283,ground_truth,0.111494,-0.125000,0.065603,0.107027,-0.132000,0.046696,True,,,,,,,,,-0.161986,0.308968,0.388248,-0.161986,0.308968,0.388248,0.001744,0.000000,0.000000,0.000000,0.000000,0.000000,0.007700,-0.136360,0.092545,-0.026944,-0.002624,-0.008800,READY
1787023923368696581,2026-08-18T10:32:03.368726,ground_truth,0.113698,-0.193000,0.064691,0.107027,-0.132000,0.046696,True,,,,,,,,,-0.161986,0.308968,0.388248,-0.161986,0.308968,0.388248,0.000000,0.000000,0.000000,0.000000,0.000000,0.000000,0.011340,-0.136080,0.092545,-0.026944,-0.003840,-0.009920,READY
1787023923402990590,2026-08-18T10:32:03.403009,ground_truth,0.113244,-0.179000,0.064879,0.107027,-0.132000,0.046696,True,,,,,,,,,-0.161986,0.308968,0.388248,-0.161986,0.308968,0.388248,0.000000,0.000000,0.000000,0.000000,0.000000,0.000000,0.011340,-0.136080,0.092545,-0.026944,-0.003840,-0.009920,READY
1787023923438245607,2026-08-18T10:32:03.438276,ground_truth,0.113698,-0.193000,0.069495,0.107027,-0.132000,0.046696,True,,,,,,,,,-0.161986,0.308968,0.388248,-0.161986,0.308968,0.388248,0.000000,0.000000,0.000000,0.000000,0.000000,0.000000,0.011340,-0.136080,0.092545,-0.026944,-0.003840,-0.009920,READY
1787023923468120289,2026-08-18T10:32:03.468154,ground_truth,0.113698,-0.193000,0.069495,0.107027,-0.132000,0.046696,True,,,,,,,,,-0.161986,0.308968,0.388248,-0.161986,0.308968,0.388248,0.000000,0.000000,0.000000,0.000000,0.000000,0.000000,0.011340,-0.136080,0.092545,-0.026944,-0.003840,-0.009920,READY
1787023923502926826,2026-08-18T10:32:03.502961,ground_truth,0.113244,-0.179000,0.069660,0.107027,-0.132000,0.046696,True,,,,,,,,,-0.161986,0.308968,0.388248,-0.161986,0.308968,0.388248,0.000000,0.000000,0.000000,0.000000,0.000000,0.000000,0.011340,-0.136080,0.092545,-0.026944,-0.003840,-0.009920,READY
1787023923535637030,2026-08-18T10:32:03.535669,ground_truth,0.112791,-0.165000,0.074583,0.107027,-0.132000,0.046696,True,,,,,,,,,-0.161986,0.308968,0.388248,-0.161986,0.308968,0.388248,0.000000,0.000000,0.000000,0.000000,0.000000,0.000000,0.010500,-0.137900,0.093956,-0.026944,-0.003456,-0.010080,READY
1787023923568153836,2026-08-18T10:32:03.568175,ground_truth,0.112369,-0.152000,0.074714,0.107027,-0.132000,0.046696,True,,,,,,,,,-0.161986,0.308968,0.388248,-0.161986,0.308968,0.388248,0.000000,0.000000,0.000000,0.000000,0.000000,0.000000,0.010500,-0.134820,0.092213,-0.026336,-0.003360,-0.009856,READY
1787023923604407115,2026-08-18T10:32:03.604429,ground_truth,0.112369,-0.152000,0.079451,0.107027,-0.132000,0.046696,True,,,,,,,,,-0.161986,0.308968,0.388248,-0.161986,0.308968,0.388248,0.000000,0.000000,0.000000,0.000000,0.000000,0.000000,0.010500,-0.134820,0.092213,-0.026336,-0.003360,-0.009856,READY
1787023923635482122,2026-08-18T10:32:03.635517,ground_truth,0.112369,-0.152000,0.079451,0.107027,-0.132000,0.046696,True,,,,,,,,,-0.161986,0.308968,0.388248,-0.161986,0.308968,0.388248,0.000000,0.000000,0.000000,0.000000,0.000000,0.000000,0.010500,-0.134820,0.092213,-0.026336,-0.003360,-0.009856,READY
1787023923672582241,2026-08-18T10:32:03.672605,ground_truth,0.113471,-0.186000,0.083955,0.107027,-0.132000,0.046696,True,,,,,,,,,-0.161986,0.308968,0.388248,-0.161986,0.308968,0.388248,0.000000,0.000000,0.000000,0.000000,0.000000,0.000000,0.011060,-0.134820,0.092213,-0.026176,-0.003360,-0.009536,READY
1787023923702749419,2026-08-18T10:32:03.702785,ground_truth,0.109419,-0.061000,0.084807,0.107027,-0.132000,0.046696,True,,,,,,,,,-0.161986,0.308968,0.388248,-0.161986,0.308968,0.388248,0.000000,0.000000,0.000000,0.000000,0.000000,0.000000,0.011060,-0.135660,0.093209,-0.026048,-0.003520,-0.009760,READY
1787023923736304919,2026-08-18T10:32:03.736327,ground_truth,0.111494,-0.125000,0.089063,0.112750,-0.167680,0.070749,True,,,,,,,,,-0.167709,0.273288,0.412301,-0.161986,0.308968,0.388248,0.001744,0.000000,0.000000,0.000000,0.000000,0.000000,0.011760,-0.133840,0.092877,-0.026176,-0.004064,-0.011136,READY
1787023923772416403,2026-08-18T10:32:03.772458,ground_truth,0.113997,-0.061000,0.093979,0.107027,-0.132000,0.046696,True,,,,,,,,,-0.161986,0.308968,0.388248,-0.161986,0.308968,0.388248,0.001744,0.000000,0.000000,0.000000,0.000000,0.000000,0.011760,-0.133560,0.093043,-0.025888,-0.004064,-0.011136,READY
1787023923803973404,2026-08-18T10:32:03.804030,ground_truth,0.119192,-0.213500,0.093444,0.107027,-0.132000,0.046696,True,,,,,,,,,-0.161986,0.308968,0.388248,-0.161986,0.308968,0.388248,0.000000,0.000000,0.000000,0.000000,0.000000,0.000000,0.007000,-0.131740,0.091549,-0.025728,-0.003232,-0.008960,READY
1787023923843569579,2026-08-18T10:32:03.843609,ground_truth,0.116177,-0.125000,0.093755,0.107027,-0.132000,0.046696,True,,,,,,,,,-0.161986,0.308968,0.388248,-0.161986,0.308968,0.388248,0.001744,0.000000,0.000000,0.000000,0.000000,0.000000,0.011760,-0.133560,0.092877,-0.026048,-0.004192,-0.010976,READY
1787023923872745805,2026-08-18T10:32:03.872788,ground_truth,0.116177,-0.125000,0.098446,0.107027,-0.132000,0.046696,True,,,,,,,,,-0.161986,0.308968,0.388248,-0.161986,0.308968,0.388248,0.001744,0.000000,0.000000,0.000000,0.000000,0.000000,0.011760,-0.133560,0.092877,-0.026048,-0.004192,-0.010976,READY
1787023923905908510,2026-08-18T10:32:03.905949,ground_truth,0.114440,-0.074000,0.103149,0.107027,-0.132000,0.046696,True,,,,,,,,,-0.161986,0.308968,0.388248,-0.161986,0.308968,0.388248,0.001744,0.000000,0.000000,0.000000,0.000000,0.000000,0.011760,-0.133560,0.092877,-0.026048,-0.004192,-0.010976,READY
1787023923938960848,2026-08-18T10:32:03.938981,ground_truth,0.119924,-0.235000,0.103116,0.107027,-0.132000,0.046696,True,,,,,,,,,-0.161986,0.308968,0.388248,-0.161986,0.308968,0.388248,0.001744,0.000000,0.000000,0.000000,0.000000,0.000000,0.011760,-0.133560,0.092877,-0.026048,-0.004192,-0.010976,READY
1787023923973098491,2026-08-18T10:32:03.973134,ground_truth,0.117097,-0.152000,0.103133,0.107027,-0.132000,0.046696,True,,,,,,,,,-0.161986,0.308968,0.388248,-0.161986,0.308968,0.388248,0.001744,0.000000,0.000000,0.000000,0.000000,0.000000,0.011760,-0.133560,0.092877,-0.026048,-0.004192,-0.010976,READY
1787023924005759964,2026-08-18T10:32:04.005798,ground_truth,0.118715,-0.199500,0.107938,0.107027,-0.132000,0.046696,True,,,,,,,,,-0.161986,0.308968,0.388248,-0.161986,0.308968,0.388248,0.001744,0.000000,0.000000,0.000000,0.000000,0.000000,0.011760,-0.133560,0.092877,-0.026048,-0.004192,-0.010976,READY
1787023924041341894,2026-08-18T10:32:04.041366,ground_truth,0.117097,-0.152000,0.107869,0.107027,-0.132000,0.046696,True,,,,,,,,,-0.161986,0.308968,0.388248,-0.161986,0.308968,0.388248,0.001744,0.000000,0.000000,0.000000,0.000000,0.000000,0.011760,-0.133560,0.092877,-0.026048,-0.004192,-0.010976,READY
1787023924070091020,2026-08-18T10:32:04.070116,ground_truth,0.118016,-0.179000,0.112690,0.107027,-0.132000,0.046696,True,,,,,,,,,-0.161986,0.308968,0.388248,-0.161986,0.308968,0.388248,0.001744,0.000000,0.000000,0.000000,0.000000,0.000000,0.011760,-0.133560,0.092877,-0.026048,-0.004192,-0.010976,READY
1787023924103727982,2026-08-18T10:32:04.103741,ground_truth,0.118970,-0.207000,0.112777,0.107027,-0.132000,0.046696,True,,,,,,,,,-0.161986,0.308968,0.388248,-0.161986,0.308968,0.388248,0.001744,0.000000,0.000000,0.000000,0.000000,0.000000,0.008260,-0.135100,0.091549,-0.025728,-0.002624,-0.009088,READY
1787023924137196186,2026-08-18T10:32:04.137218,ground_truth,0.119413,-0.220000,0.112817,0.107027,-0.132000,0.046696,True,,,,,,,,,-0.161986,0.308968,0.388248,-0.161986,0.308968,0.388248,0.001744,0.000000,0.000000,0.000000,0.000000,0.000000,0.011760,-0.131740,0.090968,-0.025600,-0.004352,-0.010976,READY
1787023924172929487,2026-08-18T10:32:04.172945,ground_truth,0.117539,-0.165000,0.117404,0.115281,-0.141760,0.097552,True,,,,,,,,,-0.170241,0.299208,0.438248,-0.162907,0.307880,0.389953,0.001744,0.000000,0.000000,0.000000,0.000000,0.000000,0.013580,-0.133560,0.092213,-0.025600,-0.004192,-0.010976,READY
1787023924206175803,2026-08-18T10:32:04.206217,ground_truth,0.119467,-0.086000,0.117029,0.107027,-0.132000,0.046696,True,,,,,,,,,-0.161986,0.308968,0.388248,-0.162907,0.307880,0.389953,0.001744,0.000000,0.000000,0.000000,0.000000,0.000000,0.011760,-0.131740,0.090636,-0.025600,-0.003232,-0.009856,READY
1787023924236679938,2026-08-18T10:32:04.236698,ground_truth,0.120395,-0.112000,0.121823,0.116099,-0.145387,0.102587,True,,,,,,,,,-0.171059,0.295582,0.438248,-0.164142,0.306181,0.393777,0.001744,0.000000,0.000000,0.000000,0.000000,0.000000,0.011760,-0.131740,0.090636,-0.025600,-0.003232,-0.009856,READY
1787023924271473385,2026-08-18T10:32:04.271501,ground_truth,0.121824,-0.152000,0.126815,0.116561,-0.145931,0.105112,True,,,,,,,,,-0.171520,0.295038,0.446664,-0.164142,0.306181,0.393777,0.001744,0.000000,0.000000,0.000000,0.000000,0.000000,0.011760,-0.131740,0.090636,-0.025600,-0.003232,-0.009856,READY
1787023924305873660,2026-08-18T10:32:04.305930,ground_truth,0.119931,-0.099000,0.126388,0.117388,-0.143906,0.107912,True,,,,,,,,,-0.172347,0.297062,0.449464,-0.165462,0.304531,0.399792,0.001744,0.000000,0.000000,0.000000,0.000000,0.000000,0.011760,-0.131740,0.090636,-0.025600,-0.003232,-0.009856,READY
1787023924340364877,2026-08-18T10:32:04.340403,ground_truth,0.115291,-0.099000,0.126388,0.117950,-0.142808,0.110401,True,,,,,,,,,-0.172910,0.298161,0.451953,-0.165462,0.304531,0.399792,0.001744,0.000000,0.000000,0.000000,0.000000,0.000000,0.007000,-0.131740,0.091881,-0.025440,-0.002304,-0.008960,READY
1787023924372641549,2026-08-18T10:32:04.372674,ground_truth,0.119209,-0.214000,0.132154,0.118037,-0.144615,0.112561,True,,,,,,,,,-0.172996,0.296354,0.454113,-0.166821,0.302968,0.408155,0.001744,0.000000,0.000000,0.000000,0.000000,0.000000,0.007000,-0.131740,0.091881,-0.025440,-0.002304,-0.008960,READY
1787023924407769065,2026-08-18T10:32:04.407802,ground_truth,0.117097,-0.152000,0.131552,0.118239,-0.143590,0.115121,True,,,,,,,,,-0.173198,0.297379,0.456673,-0.166821,0.302968,0.408155,0.001744,0.000000,0.000000,0.000000,0.000000,0.000000,0.007000,-0.131740,0.091881,-0.025440,-0.002304,-0.008960,READY
1787023924440954533,2026-08-18T10:32:04.440987,ground_truth,0.113162,-0.036500,0.134976,0.118300,-0.144825,0.117328,True,,,,,,,,,-0.173260,0.296144,0.458880,-0.168053,0.301661,0.417866,0.001744,0.000000,0.000000,0.000000,0.000000,0.000000,0.007000,-0.131740,0.091881,-0.025440,-0.002304,-0.008960,READY
1787023924470390598,2026-08-18T10:32:04.470444,ground_truth,0.115734,-0.112000,0.140504,0.118215,-0.146512,0.119450,True,,,,,,,,,-0.173174,0.294457,0.461002,-0.168053,0.301661,0.417866,0.000000,0.004796,0.000000,0.000000,0.002609,0.000000,0.119000,-0.228760,0.129646,-0.021216,-0.043264,-0.033792,READY
1787023924503161604,2026-08-18T10:32:04.503176,ground_truth,0.118970,-0.207000,0.141741,0.118124,-0.146156,0.121942,True,,,,,,,,,-0.173084,0.294813,0.463494,-0.169138,0.300185,0.427703,0.019634,0.036209,0.010907,0.002609,0.032284,0.021375,0.095060,-0.270900,0.187414,0.025728,-0.038976,-0.034912,READY
1787023924539198218,2026-08-18T10:32:04.539221,ground_truth,0.117539,-0.165000,0.141194,0.118141,-0.143951,0.124195,True,,,,,,,,,-0.173101,0.297017,0.465747,-0.169138,0.300185,0.427703,0.023122,0.045814,0.017012,0.002609,0.037954,0.027045,0.091140,-0.286720,0.191730,0.040480,-0.041088,-0.033728,READY
1787023924570219219,2026-08-18T10:32:04.570256,ground_truth,0.111919,-0.000000,0.143532,0.118171,-0.144204,0.126417,True,,,,,,,,,-0.173130,0.296765,0.467969,-0.170122,0.299342,0.437629,0.026174,0.055849,0.018320,0.005670,0.043193,0.027045,0.087080,-0.283640,0.199864,0.057440,-0.045472,-0.030784,READY
1787023924609361616,2026-08-18T10:32:04.609381,ground_truth,0.118016,-0.179000,0.150938,0.118171,-0.144204,0.126417,True,,,,,,,,,-0.173130,0.296765,0.467969,-0.170122,0.299342,0.437629,0.027925,0.062390,0.020506,0.016137,0.043193,0.032284,0.100380,-0.290360,0.202935,0.032128,-0.046752,-0.032000,READY
1787023924639077378,2026-08-18T10:32:04.639102,ground_truth,0.115734,-0.112000,0.149845,0.118171,-0.144254,0.128967,True,,,,,,,,,-0.173130,0.296714,0.470519,-0.171032,0.298547,0.447581,0.027925,0.062390,0.020506,0.016137,0.043193,0.032284,0.100380,-0.290360,0.202935,0.032128,-0.046752,-0.032000,READY
1787023924680059108,2026-08-18T10:32:04.680085,ground_truth,0.117097,-0.152000,0.155234,0.117955,-0.143517,0.131438,True,,,,,,,,,-0.172914,0.297451,0.472990,-0.171032,0.298547,0.447581,0.027925,0.062390,0.020506,0.016137,0.043193,0.032284,0.100380,-0.290360,0.202935,0.032128,-0.046752,-0.032000,READY
1787023924707452445,2026-08-18T10:32:04.707493,ground_truth,0.115291,-0.099000,0.154282,0.117800,-0.140437,0.134266,True,,,,,,,,,-0.172760,0.300532,0.475818,-0.171639,0.299244,0.457500,0.027925,0.062390,0.020506,0.016137,0.043193,0.032284,0.100380,-0.290360,0.202935,0.032128,-0.046752,-0.032000,READY
1787023924740394476,2026-08-18T10:32:04.740477,ground_truth,0.110692,0.036000,0.156282,0.117651,-0.134754,0.136724,True,,,,,,,,,-0.172610,0.306214,0.478276,-0.171639,0.299244,0.457500,0.030976,0.073738,0.027919,0.008289,0.048432,0.037954,0.115500,-0.295400,0.198785,0.012320,-0.045024,-0.032064,READY
1787023924772469207,2026-08-18T10:32:04.772503,ground_truth,0.113997,-0.061000,0.162771,0.117066,-0.130097,0.139341,True,,,,,,,,,-0.172025,0.310871,0.480893,-0.171986,0.302064,0.466867,0.054105,0.160133,0.100352,0.008289,0.067188,0.061949,0.135100,-0.342860,0.245514,0.008576,-0.047936,-0.032288,READY
1787023924804046965,2026-08-18T10:32:04.804082,ground_truth,0.109500,0.071000,0.159963,0.116639,-0.126446,0.142071,True,,,,,,,,,-0.171599,0.314522,0.483623,-0.171986,0.302064,0.466867,0.058901,0.174964,0.120858,0.005228,0.070249,0.061949,0.113960,-0.345520,0.257549,0.009856,-0.045376,-0.037248,READY
1787023924841980231,2026-08-18T10:32:04.842014,ground_truth,0.110897,0.030000,0.165271,0.115817,-0.117823,0.144281,True,,,,,,,,,-0.170777,0.323146,0.485833,-0.172013,0.306824,0.475180,0.058901,0.174964,0.120858,0.005228,0.070249,0.061949,0.113960,-0.345520,0.257549,0.009856,-0.045376,-0.037248,READY
1787023924883988775,2026-08-18T10:32:04.884027,ground_truth,0.116654,-0.139000,0.169146,0.115215,-0.108524,0.146873,True,,,,,,,,,-0.170175,0.332444,0.488425,-0.172013,0.306824,0.475180,0.058901,0.174964,0.120858,0.005228,0.070249,0.061949,0.113960,-0.345520,0.257549,0.009856,-0.045376,-0.037248,READY
1787023924914380176,2026-08-18T10:32:04.914420,ground_truth,0.113997,-0.061000,0.171943,0.115215,-0.108524,0.146873,True,,,,,,,,,-0.170175,0.332444,0.488425,-0.171775,0.313219,0.481988,0.058901,0.174964,0.120858,0.005228,0.070249,0.061949,0.113960,-0.345520,0.257549,0.009856,-0.045376,-0.037248,READY
1787023924940517922,2026-08-18T10:32:04.940554,ground_truth,0.111510,0.012000,0.170149,0.115129,-0.099785,0.149910,True,,,,,,,,,-0.170088,0.341184,0.491462,-0.171775,0.313219,0.481988,0.060207,0.182817,0.131765,0.005228,0.072857,0.065010,0.125160,-0.323820,0.265185,0.007200,-0.045760,-0.039584,READY
1787023924971227057,2026-08-18T10:32:04.971295,ground_truth,0.113145,-0.036000,0.175874,0.114616,-0.092117,0.152443,True,,,,,,,,,-0.169575,0.348852,0.493995,-0.171377,0.321005,0.487085,0.060207,0.182817,0.131765,0.005228,0.072857,0.065010,0.125160,-0.323820,0.265185,0.007200,-0.045760,-0.039584,READY
1787023925004613717,2026-08-18T10:32:05.004649,ground_truth,0.111919,-0.000000,0.174929,0.114352,-0.084397,0.155398,True,,,,,,,,,-0.169312,0.356572,0.496950,-0.171377,0.321005,0.487085,0.060207,0.182817,0.131765,0.005228,0.072857,0.065010,0.125160,-0.323820,0.265185,0.007200,-0.045760,-0.039584,READY
1787023925036420663,2026-08-18T10:32:05.036431,ground_truth,0.109500,0.071000,0.173067,0.114269,-0.074746,0.158061,True,,,,,,,,,-0.169229,0.366222,0.499613,-0.170935,0.330161,0.490417,0.060207,0.182817,0.131765,0.005228,0.072857,0.065010,0.125160,-0.323820,0.265185,0.007200,-0.045760,-0.039584,READY
1787023925075253881,2026-08-18T10:32:05.075297,ground_truth,0.111306,0.142500,0.175441,0.113854,-0.066843,0.160232,True,,,,,,,,,-0.168813,0.374126,0.501784,-0.170935,0.330161,0.490417,0.058901,0.200706,0.189804,0.003051,0.078096,0.059340,0.110320,-0.322280,0.279295,0.007200,-0.045312,-0.035904,READY
1787023925105839361,2026-08-18T10:32:05.105870,ground_truth,0.114681,0.048000,0.178076,0.113343,-0.055502,0.162479,True,,,,,,,,,-0.168302,0.385467,0.504031,-0.170473,0.339864,0.492806,0.035778,0.201144,0.198964,0.000000,0.080716,0.037954,0.084560,-0.295120,0.283196,0.005792,-0.040352,-0.031904,READY
1787023925140880223,2026-08-18T10:32:05.140924,ground_truth,0.111896,0.126000,0.180179,0.113152,-0.040647,0.164938,True,,,,,,,,,-0.168112,0.400321,0.506490,-0.170473,0.339864,0.492806,0.032720,0.199400,0.198964,0.002609,0.080716,0.032284,0.098840,-0.318920,0.280955,0.004864,-0.040256,-0.034304,READY
1787023925172331052,2026-08-18T10:32:05.172347,ground_truth,0.116576,0.115000,0.180504,0.112744,-0.021409,0.166887,True,,,,,,,,,-0.167704,0.419559,0.508439,-0.170133,0.349649,0.494725,0.024429,0.198962,0.198964,0.000000,0.080716,0.024426,0.096320,-0.313320,0.285769,0.003296,-0.041536,-0.030944,READY
1787023925209213120,2026-08-18T10:32:05.209241,ground_truth,0.116987,0.104000,0.185142,0.112800,-0.002629,0.168931,True,,,,,,,,,-0.167760,0.438340,0.510483,-0.170133,0.349649,0.494725,0.016576,0.199400,0.200711,0.000000,0.080716,0.013086,0.087640,-0.314860,0.291828,-0.000288,-0.046080,-0.032800,READY
1787023925237210614,2026-08-18T10:32:05.237245,ground_truth,0.115343,0.148000,0.188011,0.112793,0.015368,0.170925,True,,,,,,,,,-0.167752,0.456336,0.512477,-0.169913,0.359499,0.496364,0.009598,0.199400,0.198964,0.000000,0.080716,0.008289,0.083300,-0.311780,0.282864,-0.002016,-0.044544,-0.033120,READY
1787023925272879488,2026-08-18T10:32:05.272932,ground_truth,0.113362,0.201000,0.186270,0.112796,0.031074,0.173173,True,,,,,,,,,-0.167756,0.472042,0.514725,-0.169913,0.359499,0.496364,0.003489,0.201144,0.198964,0.000000,0.080716,0.000000,0.077420,-0.313040,0.295397,-0.011264,-0.041856,-0.029664,READY
1787023925306330182,2026-08-18T10:32:05.306353,ground_truth,0.112615,0.221000,0.189734,0.112974,0.047388,0.175173,True,,,,,,,,,-0.167934,0.488357,0.516725,-0.169761,0.369378,0.497925,0.006540,0.195911,0.200711,0.000000,0.078096,0.010898,-0.085120,-0.300300,0.288674,-0.035968,-0.047584,0.017088,READY
1787023925340144825,2026-08-18T10:32:05.340185,ground_truth,0.114147,0.180000,0.195336,0.112882,0.064624,0.176970,True,,,,,,,,,-0.167842,0.505593,0.518522,-0.169761,0.369378,0.497925,0.011342,0.192422,0.200711,0.000000,0.081158,0.013517,-0.094500,-0.269640,0.304527,-0.047424,-0.040256,0.023264,READY
1787023925372860340,2026-08-18T10:32:05.372904,ground_truth,0.112242,0.231000,0.197596,0.113192,0.076872,0.179328,True,,,,,,,,,-0.168152,0.517840,0.520880,-0.169654,0.379258,0.499453,0.019634,0.179328,0.198964,0.002609,0.080716,0.021375,-0.089880,-0.231840,0.303365,-0.057952,-0.041184,0.026336,READY
1787023925408746537,2026-08-18T10:32:05.408846,ground_truth,0.112242,0.231000,0.201700,0.113282,0.089508,0.181483,True,,,,,,,,,-0.168241,0.530476,0.523035,-0.169654,0.379258,0.499453,0.019634,0.179328,0.198964,0.002609,0.080716,0.021375,-0.089880,-0.231840,0.303365,-0.057952,-0.041184,0.026336,READY
1787023925441129189,2026-08-18T10:32:05.441198,ground_truth,0.113773,0.190000,0.211660,0.113165,0.102755,0.183467,True,,,,,,,,,-0.168124,0.543723,0.525019,-0.169562,0.389159,0.500992,0.019634,0.179328,0.198964,0.002609,0.080716,0.021375,-0.089880,-0.231840,0.303365,-0.057952,-0.041184,0.026336,READY
1787023925475067746,2026-08-18T10:32:05.475083,ground_truth,0.111494,0.251000,0.213123,0.113316,0.117084,0.186235,True,,,,,,,,,-0.168275,0.558053,0.527787,-0.169562,0.389159,0.500992,0.021378,0.161877,0.200711,0.003051,0.080716,0.027045,-0.090160,-0.214200,0.294733,-0.069568,-0.041984,0.027616,READY
1787023925504248130,2026-08-18T10:32:05.504273,ground_truth,0.110411,0.280000,0.215858,0.113206,0.134190,0.188718,True,,,,,,,,,-0.168165,0.575159,0.530270,-0.169488,0.399011,0.502543,0.030976,0.003051,0.200711,0.005228,0.080716,0.032284,-0.118020,0.040880,0.297804,-0.081088,-0.039744,0.034848,READY
1787023925540100583,2026-08-18T10:32:05.540118,ground_truth,0.111868,0.241000,0.221742,0.113105,0.150998,0.191446,True,,,,,,,,,-0.168065,0.591966,0.532998,-0.169488,0.399011,0.502543,0.030976,0.063703,0.200711,0.002609,0.080716,0.032284,-0.098560,0.136080,0.305938,-0.083872,-0.042528,0.031072,READY
1787023925571838056,2026-08-18T10:32:05.571876,ground_truth,0.112242,0.231000,0.226322,0.113263,0.167746,0.194691,True,,,,,,,,,-0.168222,0.608715,0.536243,-0.169428,0.408905,0.504133,0.029231,0.094679,0.198525,0.005670,0.080716,0.032284,-0.092680,0.161700,0.313159,-0.082272,-0.040128,0.031232,READY
1787023925605877823,2026-08-18T10:32:05.605929,ground_truth,0.111494,0.251000,0.225335,0.113325,0.180163,0.198083,True,,,,,,,,,-0.168285,0.621131,0.539635,-0.169428,0.408905,0.504133,0.024429,0.147039,0.200711,0.002609,0.081158,0.029665,-0.119840,0.159320,0.308179,-0.083328,-0.038080,0.030560,READY
1787023925638942567,2026-08-18T10:32:05.638974,ground_truth,0.110747,0.271000,0.228386,0.113113,0.191712,0.201234,True,,,,,,,,,-0.168072,0.632681,0.542786,-0.169369,0.418733,0.505830,0.022685,0.164928,0.200711,0.000000,0.080716,0.023995,-0.119840,0.132020,0.302618,-0.083200,-0.043424,0.029888,READY
1787023925674485522,2026-08-18T10:32:05.674530,ground_truth,0.111494,0.251000,0.229406,0.113036,0.200689,0.204448,True,,,,,,,,,-0.167996,0.641658,0.546000,-0.169369,0.418733,0.505830,0.024429,0.169730,0.200711,0.002609,0.080716,0.024426,-0.107800,0.104160,0.311582,-0.085888,-0.037472,0.028960,READY
1787023925707574884,2026-08-18T10:32:05.707619,ground_truth,0.110411,0.280000,0.227926,0.112697,0.209738,0.207708,True,,,,,,,,,-0.167657,0.650706,0.549260,-0.169296,0.428603,0.507678,0.019634,0.172782,0.200711,0.002609,0.080716,0.021375,-0.113960,0.092260,0.308511,-0.083936,-0.037696,0.028832,READY
1787023925741376591,2026-08-18T10:32:05.741418,ground_truth,0.109664,0.300000,0.230896,0.112259,0.219868,0.210560,True,,,,,,,,,-0.167219,0.660836,0.552112,-0.169296,0.428603,0.507678,0.017889,0.174964,0.198964,0.002609,0.078096,0.018756,-0.110600,0.060060,0.301124,-0.085888,-0.043040,0.030784,READY
1787023925771694629,2026-08-18T10:32:05.771709,ground_truth,0.106396,0.280000,0.231949,0.111880,0.230693,0.213419,True,,,,,,,,,-0.166840,0.671662,0.554971,-0.169197,0.438400,0.509584,0.014831,0.172782,0.198964,0.002609,0.080716,0.016137,-0.100100,0.077140,0.312412,-0.084704,-0.038304,0.029664,READY
1787023925809120153,2026-08-18T10:32:05.809132,ground_truth,0.106039,0.290000,0.235429,0.111416,0.239899,0.216465,True,,,,,,,,,-0.166375,0.680867,0.558017,-0.169197,0.438400,0.509584,0.013087,0.171475,0.198964,0.002609,0.078096,0.013517,-0.083580,0.089460,0.306104,-0.085152,-0.040416,0.031232,READY
1787023925841405947,2026-08-18T10:32:05.841431,ground_truth,0.105199,0.313500,0.234152,0.110978,0.246486,0.219511,True,,,,,,,,,-0.165937,0.687455,0.561063,-0.169069,0.448185,0.511607,0.013087,0.173219,0.201142,0.002609,0.078096,0.013517,-0.087080,0.065660,0.294235,-0.083648,-0.039360,0.030848,READY
1787023925876615989,2026-08-18T10:32:05.876646,ground_truth,0.105360,0.309000,0.234397,0.110381,0.252551,0.222099,True,,,,,,,,,-0.165341,0.693519,0.563651,-0.169069,0.448185,0.511607,0.011342,0.174964,0.198525,0.000000,0.081158,0.013517,-0.095480,0.060060,0.309175,-0.087264,-0.043040,0.031008,READY
1787023925907667842,2026-08-18T10:32:05.907705,ground_truth,0.101086,0.318000,0.237868,0.109922,0.258457,0.224552,True,,,,,,,,,-0.164882,0.699425,0.566104,-0.168906,0.457951,0.513725,0.011342,0.173219,0.200711,0.000000,0.080716,0.013517,-0.094220,0.069720,0.300709,-0.084768,-0.039808,0.031008,READY
1787023925941438633,2026-08-18T10:32:05.941464,ground_truth,0.100439,0.337000,0.236805,0.109179,0.264038,0.226963,True,,,,,,,,,-0.164138,0.705006,0.568515,-0.168906,0.457951,0.513725,0.011780,0.172782,0.198964,0.000000,0.078096,0.013517,-0.099400,0.069020,0.318803,-0.086048,-0.041024,0.032576,READY
1787023925973555479,2026-08-18T10:32:05.973592,ground_truth,0.097134,0.318000,0.237868,0.108290,0.269794,0.228640,True,,,,,,,,,-0.163249,0.710763,0.570192,-0.168687,0.467748,0.515914,0.011780,0.172782,0.198964,0.000000,0.078096,0.013517,-0.099400,0.069020,0.318803,-0.086048,-0.041024,0.032576,READY
1787023926007497739,2026-08-18T10:32:06.007524,ground_truth,0.092874,0.328000,0.237308,0.107332,0.275585,0.230289,True,,,,,,,,,-0.162292,0.716554,0.571841,-0.168687,0.467748,0.515914,0.011780,0.172782,0.198964,0.000000,0.078096,0.013517,-0.099400,0.069020,0.318803,-0.086048,-0.041024,0.032576,READY
1787023926039905910,2026-08-18T10:32:06.039953,ground_truth,0.089229,0.318000,0.237868,0.106163,0.280850,0.231719,True,,,,,,,,,-0.161123,0.721819,0.573271,-0.168398,0.477469,0.518108,0.011780,0.172782,0.198964,0.000000,0.078096,0.013517,-0.099400,0.069020,0.318803,-0.086048,-0.041024,0.032576,READY
1787023926074517425,2026-08-18T10:32:06.074553,ground_truth,0.084755,0.337000,0.236805,0.104654,0.285477,0.232794,True,,,,,,,,,-0.159613,0.726445,0.574346,-0.168398,0.477469,0.518108,0.010029,0.171475,0.198964,0.000000,0.080716,0.010898,-0.105980,0.067200,0.313823,-0.087328,-0.040800,0.033632,READY
1787023926108345022,2026-08-18T10:32:06.108358,ground_truth,0.080601,0.346000,0.236301,0.102821,0.291042,0.233493,True,,,,,,,,,-0.157781,0.732010,0.575045,-0.167991,0.487213,0.520288,0.008285,0.163621,0.198964,0.002609,0.083766,0.010898,-0.105280,0.054180,0.319633,-0.085280,-0.039520,0.031520,READY
1787023926140869374,2026-08-18T10:32:06.140987,ground_truth,0.080369,0.355000,0.235797,0.100762,0.297275,0.234224,True,,,,,,,,,-0.155721,0.738244,0.575776,-0.167991,0.487213,0.520288,0.010029,0.163621,0.198964,0.000000,0.081158,0.008289,-0.100940,0.043960,0.314487,-0.085600,-0.042464,0.031392,READY
1787023926172267954,2026-08-18T10:32:06.172299,ground_truth,0.080369,0.355000,0.235797,0.098737,0.303588,0.234718,True,,,,,,,,,-0.153696,0.744557,0.576270,-0.167449,0.496970,0.522410,0.009598,0.161439,0.200711,0.000000,0.080716,0.010467,-0.102900,0.039900,0.309175,-0.084480,-0.039424,0.028672,READY
1787023926208954667,2026-08-18T10:32:06.209033,ground_truth,0.076260,0.364000,0.235293,0.096662,0.310398,0.235144,True,,,,,,,,,-0.151621,0.751366,0.576696,-0.167449,0.496970,0.522410,0.009598,0.161439,0.200711,0.000000,0.080716,0.010467,-0.102900,0.039900,0.309175,-0.084480,-0.039424,0.028672,READY
1787023926240826084,2026-08-18T10:32:06.240852,ground_truth,0.072789,0.346000,0.236301,0.094385,0.316240,0.235636,True,,,,,,,,,-0.149344,0.757208,0.577188,-0.166769,0.506740,0.524467,0.009598,0.161439,0.200711,0.000000,0.080716,0.010467,-0.102900,0.039900,0.309175,-0.084480,-0.039424,0.028672,READY
1787023926272878953,2026-08-18T10:32:06.272896,ground_truth,0.068695,0.355000,0.235797,0.091927,0.321408,0.235996,True,,,,,,,,,-0.146886,0.762376,0.577548,-0.166769,0.506740,0.524467,0.010029,0.161877,0.198964,0.000000,0.078096,0.007847,-0.102200,0.021980,0.324779,-0.084384,-0.043744,0.029888,READY
1787023926306303495,2026-08-18T10:32:06.306330,ground_truth,0.064630,0.364000,0.235293,0.089413,0.326442,0.236252,True,,,,,,,,,-0.144373,0.767410,0.577804,-0.165933,0.516470,0.526458,0.011342,0.156637,0.198964,0.000000,0.081158,0.010898,-0.087080,0.021280,0.326190,-0.085216,-0.046144,0.029664,READY
1787023926343225078,2026-08-18T10:32:06.343249,ground_truth,0.064630,0.364000,0.235293,0.086653,0.330915,0.236243,True,,,,,,,,,-0.141612,0.771883,0.577795,-0.165933,0.516470,0.526458,0.011342,0.155330,0.200711,0.000000,0.080716,0.010898,-0.088340,0.008680,0.311748,-0.086272,-0.040960,0.031680,READY
1787023926373194575,2026-08-18T10:32:06.373210,ground_truth,0.060754,0.364000,0.235293,0.083948,0.335756,0.236319,True,,,,,,,,,-0.138907,0.776725,0.577871,-0.164919,0.526241,0.528388,0.011342,0.155330,0.200711,0.000000,0.080716,0.010898,-0.073780,0.003080,0.311250,-0.085888,-0.038912,0.030240,READY
1787023926407572534,2026-08-18T10:32:06.407611,ground_truth,0.056734,0.373000,0.234790,0.080974,0.339658,0.236379,True,,,,,,,,,-0.135934,0.780626,0.577931,-0.164919,0.526241,0.528388,0.011780,0.154893,0.198525,0.002609,0.081158,0.013517,-0.082460,0.007000,0.308179,-0.086720,-0.044096,0.030624,READY
1787023926440606857,2026-08-18T10:32:06.440645,ground_truth,0.052744,0.382000,0.234286,0.078017,0.343132,0.236174,True,,,,,,,,,-0.132977,0.784100,0.577726,-0.163710,0.535998,0.530255,0.013087,0.151841,0.202458,0.000000,0.081158,0.013517,-0.078960,0.013580,0.311914,-0.085056,-0.041632,0.030176,READY
1787023926477209879,2026-08-18T10:32:06.477249,ground_truth,0.048669,0.400000,0.237103,0.074838,0.346760,0.236006,True,,,,,,,,,-0.129797,0.787728,0.577558,-0.163710,0.535998,0.530255,0.013087,0.151841,0.197216,0.000000,0.080716,0.010467,-0.089460,0.006440,0.328265,-0.086720,-0.040576,0.031744,READY
1787023926510230594,2026-08-18T10:32:06.510269,ground_truth,0.048897,0.382000,0.238140,0.071607,0.350899,0.235955,True,,,,,,,,,-0.126566,0.791867,0.577507,-0.162300,0.545715,0.532049,0.013087,0.151841,0.197216,0.000000,0.080716,0.010467,-0.089460,0.006440,0.328265,-0.086720,-0.040576,0.031744,READY
1787023926542980219,2026-08-18T10:32:06.543024,ground_truth,0.044852,0.400000,0.237103,0.068675,0.354606,0.236011,True,,,,,,,,,-0.123634,0.795575,0.577563,-0.162300,0.545715,0.532049,0.013087,0.151841,0.197216,0.000000,0.080716,0.010467,-0.089460,0.006440,0.328265,-0.086720,-0.040576,0.031744,READY
1787023926575015449,2026-08-18T10:32:06.575095,ground_truth,0.044753,0.409000,0.236584,0.065716,0.359721,0.235960,True,,,,,,,,,-0.120676,0.800690,0.577512,-0.160710,0.555454,0.533786,0.013087,0.151841,0.197216,0.000000,0.080716,0.010467,-0.089460,0.006440,0.328265,-0.086720,-0.040576,0.031744,READY
1787023926608400713,2026-08-18T10:32:06.608417,ground_truth,0.044951,0.391000,0.237622,0.063050,0.364584,0.235945,True,,,,,,,,,-0.118009,0.805553,0.577497,-0.160710,0.555454,0.533786,0.014831,0.151841,0.200711,0.000000,0.080716,0.016137,-0.095480,0.004340,0.305191,-0.084096,-0.041024,0.030400,READY
1787023926643057092,2026-08-18T10:32:06.643075,ground_truth,0.044951,0.391000,0.237622,0.060673,0.368917,0.236033,True,,,,,,,,,-0.115633,0.809885,0.577585,-0.158988,0.565172,0.535459,0.019634,0.150097,0.200711,0.002609,0.080716,0.021375,-0.106540,-0.010220,0.301788,-0.083776,-0.044256,0.035136,READY
1787023926676408481,2026-08-18T10:32:06.676445,ground_truth,0.044567,0.426000,0.235605,0.058312,0.372183,0.236155,True,,,,,,,,,-0.113271,0.813152,0.577707,-0.158988,0.565172,0.535459,0.022685,0.151841,0.200711,0.002609,0.080716,0.024426,-0.085120,-0.032480,0.304527,-0.083712,-0.041472,0.032576,READY
1787023926708388077,2026-08-18T10:32:06.708434,ground_truth,0.044380,0.443000,0.234625,0.055925,0.374757,0.236142,True,,,,,,,,,-0.110885,0.815725,0.577694,-0.157129,0.574853,0.537090,0.024867,0.152279,0.200711,0.002609,0.078096,0.027045,-0.080780,-0.030940,0.318637,-0.087840,-0.040416,0.032352,READY
1787023926742143866,2026-08-18T10:32:06.742158,ground_truth,0.044380,0.443000,0.234625,0.053800,0.379058,0.236097,True,,,,,,,,,-0.108759,0.820027,0.577649,-0.157129,0.574853,0.537090,0.026174,0.150528,0.200711,0.003051,0.078096,0.029665,-0.109620,-0.010780,0.304195,-0.084544,-0.049824,0.032064,READY
1787023926772201347,2026-08-18T10:32:06.772216,ground_truth,0.040559,0.451000,0.234164,0.051906,0.384612,0.235986,True,,,,,,,,,-0.106865,0.825580,0.577538,-0.155188,0.584538,0.538653,0.029231,0.150097,0.198964,0.003051,0.081158,0.032715,-0.107240,-0.003080,0.325194,-0.087840,-0.039744,0.031296,READY
1787023926811968809,2026-08-18T10:32:06.811982,ground_truth,0.040484,0.459000,0.233703,0.050030,0.390416,0.235877,True,,,,,,,,,-0.104990,0.831384,0.577429,-0.155188,0.584538,0.538653,0.032720,0.153586,0.200711,0.002609,0.078096,0.032284,-0.108500,-0.025340,0.315400,-0.085984,-0.041856,0.033632,READY
1787023926841722781,2026-08-18T10:32:06.841762,ground_truth,0.044204,0.459000,0.233703,0.048420,0.396697,0.235771,True,,,,,,,,,-0.103380,0.837665,0.577323,-0.153199,0.594253,0.540137,0.032720,0.151841,0.200711,0.002609,0.078096,0.034903,-0.111580,-0.026320,0.312744,-0.088544,-0.044544,0.033408,READY
1787023926876589421,2026-08-18T10:32:06.876604,ground_truth,0.040326,0.476000,0.232724,0.047059,0.403019,0.235665,True,,,,,,,,,-0.102018,0.843988,0.577217,-0.153199,0.594253,0.540137,0.035778,0.151841,0.198525,0.002609,0.080716,0.037523,-0.087360,-0.042140,0.320878,-0.086656,-0.041472,0.035136,READY
1787023926909921968,2026-08-18T10:32:06.909947,ground_truth,0.043754,0.500000,0.231341,0.045697,0.409351,0.235493,True,,,,,,,,,-0.100656,0.850319,0.577045,-0.151207,0.603962,0.541536,0.035778,0.151841,0.198525,0.002609,0.080716,0.037523,-0.087360,-0.042140,0.320878,-0.086656,-0.041472,0.035136,READY
1787023926941640733,2026-08-18T10:32:06.941672,ground_truth,0.047609,0.484000,0.232263,0.044831,0.416590,0.235263,True,,,,,,,,,-0.099791,0.857559,0.576815,-0.151207,0.603962,0.541536,0.035778,0.151841,0.198525,0.002609,0.080716,0.037523,-0.087360,-0.042140,0.320878,-0.086656,-0.041472,0.035136,READY
1787023926975476583,2026-08-18T10:32:06.975502,ground_truth,0.051173,0.492000,0.231802,0.044489,0.423958,0.235129,True,,,,,,,,,-0.099449,0.864927,0.576681,-0.149284,0.613660,0.542842,0.035778,0.151841,0.198525,0.002609,0.080716,0.037523,-0.087360,-0.042140,0.320878,-0.086656,-0.041472,0.035136,READY
1787023927010702276,2026-08-18T10:32:07.010720,ground_truth,0.054711,0.500000,0.231341,0.044656,0.431298,0.234775,True,,,,,,,,,-0.099616,0.872267,0.576327,-0.149284,0.613660,0.542842,0.044069,0.151841,0.200711,0.002609,0.078096,0.042751,-0.107240,-0.050820,0.311416,-0.086208,-0.042752,0.035744,READY
1787023927041600342,2026-08-18T10:32:07.041638,ground_truth,0.062323,0.484000,0.232263,0.045044,0.438633,0.234322,True,,,,,,,,,-0.100003,0.879602,0.575874,-0.147481,0.623386,0.544050,0.042756,0.150528,0.198964,0.002609,0.080716,0.045812,-0.130760,-0.067200,0.318637,-0.090944,-0.039584,0.035360,READY
1787023927074513707,2026-08-18T10:32:07.074529,ground_truth,0.061862,0.508000,0.230880,0.046208,0.445007,0.233999,True,,,,,,,,,-0.101168,0.885975,0.575551,-0.147481,0.623386,0.544050,0.044069,0.151841,0.198964,0.002609,0.078096,0.048863,-0.136640,-0.052360,0.314985,-0.087712,-0.047040,0.034688,READY
1787023927110151125,2026-08-18T10:32:07.110178,ground_truth,0.061554,0.524000,0.229958,0.047349,0.451615,0.233619,True,,,,,,,,,-0.102309,0.892583,0.575171,-0.145838,0.633181,0.545183,0.047558,0.150097,0.198964,0.002609,0.080716,0.048432,-0.121800,-0.044240,0.321210,-0.090272,-0.041696,0.037408,READY
1787023927142399295,2026-08-18T10:32:07.142424,ground_truth,0.061554,0.524000,0.229958,0.048456,0.458696,0.233108,True,,,,,,,,,-0.103415,0.899665,0.574660,-0.145838,0.633181,0.545183,0.047120,0.150097,0.200711,0.005670,0.081158,0.048432,-0.111860,-0.042700,0.316230,-0.088384,-0.040032,0.035232,READY
1787023927176224024,2026-08-18T10:32:07.176271,ground_truth,0.061112,0.547000,0.228633,0.049563,0.467206,0.232597,True,,,,,,,,,-0.104522,0.908174,0.574149,-0.144360,0.643019,0.546219,0.047558,0.153148,0.200711,0.005228,0.080716,0.051482,-0.118300,-0.062580,0.313823,-0.090944,-0.041312,0.033184,READY
1787023927209535737,2026-08-18T10:32:07.209550,ground_truth,0.064687,0.547000,0.228633,0.050666,0.476001,0.232132,True,,,,,,,,,-0.105625,0.916970,0.573684,-0.144360,0.643019,0.546219,0.047558,0.153586,0.198964,0.002609,0.081158,0.048432,-0.117740,-0.071540,0.317724,-0.088448,-0.039424,0.035840,READY
1787023927248040144,2026-08-18T10:32:07.248080,ground_truth,0.064687,0.547000,0.228633,0.052020,0.484214,0.231733,True,,,,,,,,,-0.106979,0.925182,0.573285,-0.143048,0.652920,0.547169,0.047558,0.153148,0.198964,0.002609,0.078096,0.048432,-0.099120,-0.074060,0.319633,-0.089824,-0.041408,0.035680,READY
1787023927275987100,2026-08-18T10:32:07.276011,ground_truth,0.067924,0.562000,0.227768,0.053373,0.491403,0.231333,True,,,,,,,,,-0.108333,0.932371,0.572885,-0.143048,0.652920,0.547169,0.047120,0.151841,0.200711,0.005228,0.078096,0.051040,-0.116760,-0.051660,0.321210,-0.087840,-0.039360,0.035744,READY
1787023927308954343,2026-08-18T10:32:07.308969,ground_truth,0.071281,0.570000,0.227307,0.055198,0.498387,0.230907,True,,,,,,,,,-0.110157,0.939356,0.572459,-0.141913,0.662807,0.548042,0.047120,0.154893,0.198964,0.002609,0.080716,0.051040,-0.114940,-0.067480,0.318969,-0.091232,-0.041696,0.034080,READY
1787023927343991054,2026-08-18T10:32:07.344023,ground_truth,0.075024,0.562000,0.227768,0.057251,0.505704,0.230480,True,,,,,,,,,-0.112210,0.946673,0.572032,-0.141913,0.662807,0.548042,0.047558,0.156637,0.198964,0.002609,0.080716,0.048432,-0.109060,-0.063420,0.322538,-0.089664,-0.039296,0.034080,READY
1787023927378164976,2026-08-18T10:32:07.378194,ground_truth,0.074818,0.570000,0.227307,0.059305,0.512661,0.230085,True,,,,,,,,,-0.114265,0.953629,0.571637,-0.140969,0.672730,0.548847,0.044069,0.157075,0.200711,0.002609,0.081158,0.045812,-0.110880,-0.082040,0.318637,-0.091456,-0.040864,0.034304,READY
1787023927409605137,2026-08-18T10:32:07.409633,ground_truth,0.074637,0.577000,0.226904,0.061605,0.519972,0.229724,True,,,,,,,,,-0.116564,0.960941,0.571276,-0.140969,0.672730,0.548847,0.042756,0.158388,0.200711,0.000000,0.080716,0.045812,-0.120260,-0.075880,0.322787,-0.090784,-0.043968,0.033184,READY
1787023927441820005,2026-08-18T10:32:07.441854,ground_truth,0.074430,0.585000,0.226443,0.063664,0.526448,0.229428,True,,,,,,,,,-0.118623,0.967416,0.570980,-0.140211,0.682736,0.549598,0.042318,0.158388,0.198964,0.002609,0.080716,0.043193,-0.120820,-0.072520,0.326688,-0.092672,-0.042976,0.033792,READY
1787023927479581763,2026-08-18T10:32:07.479619,ground_truth,0.074249,0.592000,0.226040,0.065452,0.532703,0.229040,True,,,,,,,,,-0.120411,0.973671,0.570592,-0.140211,0.682736,0.549598,0.039267,0.160133,0.200711,0.002609,0.080716,0.040573,-0.099120,-0.059500,0.317724,-0.091392,-0.040864,0.036288,READY
1787023927508534594,2026-08-18T10:32:07.508573,ground_truth,0.074249,0.592000,0.226040,0.066990,0.538914,0.228656,True,,,,,,,,,-0.121950,0.979882,0.570208,-0.139602,0.692643,0.550285,0.039267,0.161439,0.200711,0.002609,0.080716,0.040573,-0.087360,-0.063140,0.322206,-0.093056,-0.041920,0.036640,READY
1787023927543258493,2026-08-18T10:32:07.543286,ground_truth,0.074069,0.599000,0.225636,0.068293,0.545489,0.228302,True,,,,,,,,,-0.123252,0.986458,0.569854,-0.139602,0.692643,0.550285,0.034034,0.164928,0.200711,0.002609,0.083766,0.037954,-0.124880,-0.097580,0.317060,-0.092896,-0.041760,0.032896,READY
1787023927574882892,2026-08-18T10:32:07.574905,ground_truth,0.073862,0.607000,0.221693,0.069076,0.552138,0.227861,True,,,,,,,,,-0.124035,0.993106,0.569413,-0.139086,0.702598,0.550919,0.034465,0.165366,0.200711,0.000000,0.080716,0.034903,-0.108080,-0.089460,0.329842,-0.096000,-0.041536,0.030560,READY
1787023927609222290,2026-08-18T10:32:07.609257,ground_truth,0.073862,0.607000,0.221693,0.069876,0.558748,0.227248,True,,,,,,,,,-0.124835,0.999716,0.568800,-0.139086,0.702598,0.550919,0.030976,0.164928,0.198964,0.002609,0.081158,0.032284,-0.113960,-0.072800,0.320712,-0.093792,-0.041088,0.029888,READY
1787023927641078208,2026-08-18T10:32:07.641094,ground_truth,0.073862,0.607000,0.221693,0.070696,0.565350,0.226697,True,,,,,,,,,-0.125656,1.006318,0.568249,-0.138645,0.712567,0.551488,0.027487,0.168424,0.200711,0.002609,0.080716,0.027045,-0.093800,-0.094220,0.312578,-0.095520,-0.043200,0.031008,READY
1787023927677834051,2026-08-18T10:32:07.677860,ground_truth,0.073501,0.621000,0.217450,0.071517,0.571097,0.226146,True,,,,,,,,,-0.126476,1.012065,0.567698,-0.138645,0.712567,0.551488,0.022685,0.169730,0.198964,0.002609,0.078096,0.024426,-0.111160,-0.095480,0.324281,-0.096448,-0.042528,0.031616,READY
1787023927709469441,2026-08-18T10:32:07.709509,ground_truth,0.073320,0.628000,0.217070,0.072343,0.576673,0.225401,True,,,,,,,,,-0.127302,1.017641,0.566953,-0.138274,0.722548,0.551994,0.022685,0.170168,0.198964,0.002609,0.081158,0.021375,-0.110880,-0.105980,0.322953,-0.097184,-0.041472,0.032128,READY
1787023927745517231,2026-08-18T10:32:07.745567,ground_truth,0.073320,0.628000,0.213622,0.072918,0.581735,0.224630,True,,,,,,,,,-0.127878,1.022703,0.566182,-0.138274,0.722548,0.551994,0.019634,0.169730,0.200711,0.002609,0.080716,0.018756,-0.102200,-0.084000,0.328265,-0.098304,-0.043872,0.032672,READY
1787023927775544556,2026-08-18T10:32:07.775587,ground_truth,0.073139,0.635000,0.213253,0.073494,0.587067,0.223629,True,,,,,,,,,-0.128453,1.028035,0.565181,-0.137952,0.732558,0.552426,0.017889,0.171475,0.200711,0.000000,0.080716,0.018756,-0.104720,-0.075320,0.310337,-0.095072,-0.042688,0.032512,READY
1787023927809865433,2026-08-18T10:32:07.809920,ground_truth,0.073139,0.635000,0.209817,0.073842,0.592453,0.222661,True,,,,,,,,,-0.128801,1.033422,0.564213,-0.137952,0.732558,0.552426,0.014831,0.173219,0.200711,0.000000,0.081158,0.013086,-0.110880,-0.085120,0.311084,-0.095680,-0.038976,0.033792,READY
1787023927843047719,2026-08-18T10:32:07.843090,ground_truth,0.072958,0.642000,0.209460,0.073965,0.597424,0.221495,True,,,,,,,,,-0.128925,1.038392,0.563047,-0.137658,0.742516,0.552772,0.014831,0.176708,0.198964,0.000000,0.080716,0.013517,-0.102200,-0.099820,0.314487,-0.096064,-0.044640,0.032896,READY
1787023927877206088,2026-08-18T10:32:07.877304,ground_truth,0.072778,0.649000,0.209103,0.073828,0.602311,0.220275,True,,,,,,,,,-0.128787,1.043280,0.561827,-0.137658,0.742516,0.552772,0.011342,0.176277,0.198964,0.002609,0.080716,0.013086,-0.091700,-0.096320,0.320546,-0.096224,-0.041696,0.030624,READY
1787023927911481670,2026-08-18T10:32:07.911498,ground_truth,0.076377,0.642000,0.209460,0.073692,0.607129,0.219061,True,,,,,,,,,-0.128651,1.048097,0.560613,-0.137363,0.752533,0.553029,0.009598,0.176277,0.198964,0.000000,0.080716,0.010467,-0.085120,-0.105700,0.325526,-0.096512,-0.040352,0.029440,READY
1787023927944484121,2026-08-18T10:32:07.944535,ground_truth,0.076377,0.642000,0.209460,0.073808,0.611932,0.217898,True,,,,,,,,,-0.128767,1.052901,0.559450,-0.137363,0.752533,0.553029,0.008285,0.176277,0.200711,0.000000,0.080716,0.008289,-0.082040,-0.081480,0.320380,-0.096064,-0.042080,0.030336,READY
1787023927978486479,2026-08-18T10:32:07.978533,ground_truth,0.075607,0.670000,0.204653,0.073937,0.616360,0.216766,True,,,,,,,,,-0.128897,1.057328,0.558318,-0.137085,0.762541,0.553203,0.006540,0.179328,0.198964,0.002609,0.080716,0.005228,-0.072520,-0.109060,0.323285,-0.095616,-0.042304,0.030176,READY
1787023928011609226,2026-08-18T10:32:08.011622,ground_truth,0.076184,0.649000,0.205690,0.074028,0.620285,0.215340,True,,,,,,,,,-0.128988,1.061254,0.556892,-0.137085,0.762541,0.553203,0.003489,0.181073,0.198525,0.000000,0.078096,0.002609,-0.075600,-0.134120,0.323119,-0.094464,-0.041408,0.030400,READY
1787023928044842479,2026-08-18T10:32:08.044884,ground_truth,0.075800,0.663000,0.201608,0.074157,0.624110,0.213983,True,,,,,,,,,-0.129117,1.065079,0.555535,-0.136822,0.772547,0.553280,0.003489,0.181073,0.198525,0.000000,0.078096,0.002609,-0.075600,-0.134120,0.323119,-0.094464,-0.041408,0.030400,READY
1787023928076838007,2026-08-18T10:32:08.076869,ground_truth,0.079183,0.663000,0.201608,0.074272,0.628662,0.212382,True,,,,,,,,,-0.129232,1.069631,0.553934,-0.136822,0.772547,0.553280,0.003489,0.181073,0.198525,0.000000,0.078096,0.002609,-0.075600,-0.134120,0.323119,-0.094464,-0.041408,0.030400,READY
1787023928112310510,2026-08-18T10:32:08.112344,ground_truth,0.079183,0.663000,0.198218,0.074627,0.632986,0.211043,True,,,,,,,,,-0.129587,1.073954,0.552595,-0.136582,0.782526,0.553257,0.003489,0.181073,0.198525,0.000000,0.078096,0.002609,-0.075600,-0.134120,0.323119,-0.094464,-0.041408,0.030400,READY
1787023928148103014,2026-08-18T10:32:08.148150,ground_truth,0.078979,0.670000,0.197896,0.074982,0.636837,0.209478,True,,,,,,,,,-0.129941,1.077806,0.551030,-0.136582,0.782526,0.553257,0.003051,0.179766,0.200711,0.000000,0.078538,0.002609,-0.087360,-0.123060,0.328099,-0.094016,-0.040864,0.030176,READY
1787023928176738788,2026-08-18T10:32:08.176770,ground_truth,0.078193,0.697000,0.193319,0.075323,0.640594,0.207891,True,,,,,,,,,-0.130283,1.081563,0.549443,-0.136372,0.792476,0.553130,0.000000,0.184568,0.200711,0.000000,0.078096,0.000000,-0.079240,-0.148680,0.330672,-0.089664,-0.040256,0.029664,READY
1787023928210725414,2026-08-18T10:32:08.210766,ground_truth,0.078601,0.683000,0.190583,0.075636,0.644706,0.206282,True,,,,,,,,,-0.130595,1.085674,0.547834,-0.136372,0.792476,0.553130,0.001744,0.184568,0.200711,0.000000,0.078096,0.000000,-0.088900,-0.135660,0.310503,-0.088448,-0.046816,0.028736,READY
1787023928247062737,2026-08-18T10:32:08.247078,ground_truth,0.078019,0.703000,0.186404,0.075988,0.648834,0.204517,True,,,,,,,,,-0.130948,1.089803,0.546069,-0.136189,0.802507,0.552892,0.001744,0.184568,0.200711,0.000000,0.078096,0.000000,-0.088900,-0.135660,0.310503,-0.088448,-0.046816,0.028736,READY
1787023928276520222,2026-08-18T10:32:08.276554,ground_truth,0.078601,0.683000,0.187226,0.076301,0.653340,0.202702,True,,,,,,,,,-0.131261,1.094309,0.544254,-0.136189,0.802507,0.552892,0.001744,0.184568,0.200711,0.000000,0.078096,0.000000,-0.088900,-0.135660,0.310503,-0.088448,-0.046816,0.028736,READY
1787023928308946845,2026-08-18T10:32:08.308981,ground_truth,0.078601,0.683000,0.183869,0.076665,0.657175,0.200967,True,,,,,,,,,-0.131625,1.098143,0.542519,-0.136035,0.812503,0.552541,0.001744,0.184568,0.200711,0.000000,0.078096,0.000000,-0.088900,-0.135660,0.310503,-0.088448,-0.046816,0.028736,READY
1787023928343908002,2026-08-18T10:32:08.343951,ground_truth,0.078019,0.703000,0.179756,0.077029,0.660502,0.199237,True,,,,,,,,,-0.131989,1.101470,0.540789,-0.136035,0.812503,0.552541,0.001744,0.184568,0.200711,0.000000,0.078096,0.000000,-0.088900,-0.135660,0.310503,-0.088448,-0.046816,0.028736,READY
1787023928378332222,2026-08-18T10:32:08.378363,ground_truth,0.078019,0.703000,0.176432,0.077367,0.663727,0.197257,True,,,,,,,,,-0.132326,1.104695,0.538809,-0.135908,0.822506,0.552071,0.001744,0.184568,0.200711,0.000000,0.078096,0.000000,-0.088900,-0.135660,0.310503,-0.088448,-0.046816,0.028736,READY
1787023928413618493,2026-08-18T10:32:08.413664,ground_truth,0.077611,0.717000,0.172625,0.077716,0.667625,0.195079,True,,,,,,,,,-0.132676,1.108594,0.536631,-0.135908,0.822506,0.552071,0.000000,0.184568,0.200711,0.000000,0.080716,0.002609,-0.087920,-0.119280,0.320546,-0.087488,-0.039680,0.026944,READY
1787023928446542525,2026-08-18T10:32:08.446593,ground_truth,0.077815,0.710000,0.172867,0.077798,0.671658,0.192623,True,,,,,,,,,-0.132758,1.112627,0.534175,-0.135800,0.832446,0.551458,0.000000,0.184568,0.200711,0.000000,0.080716,0.002609,-0.087920,-0.119280,0.320546,-0.087488,-0.039680,0.026944,READY
1787023928479210734,2026-08-18T10:32:08.479295,ground_truth,0.074701,0.703000,0.166460,0.077894,0.676092,0.190184,True,,,,,,,,,-0.132854,1.117060,0.531736,-0.135800,0.832446,0.551458,0.000000,0.184568,0.200711,0.000000,0.080716,0.002609,-0.087920,-0.119280,0.320546,-0.087488,-0.039680,0.026944,READY
1787023928511643684,2026-08-18T10:32:08.511683,ground_truth,0.074866,0.697000,0.163314,0.077834,0.680605,0.187638,True,,,,,,,,,-0.132793,1.121574,0.529190,-0.135696,0.842496,0.550684,0.000000,0.184568,0.200711,0.000000,0.080716,0.002609,-0.087920,-0.119280,0.320546,-0.087488,-0.039680,0.026944,READY
1787023928543371456,2026-08-18T10:32:08.543395,ground_truth,0.075058,0.690000,0.160175,0.077746,0.684388,0.184813,True,,,,,,,,,-0.132706,1.125356,0.526365,-0.135696,0.842496,0.550684,0.000000,0.191108,0.198964,0.000000,0.081158,0.002609,0.037800,-0.147840,0.330174,-0.060832,-0.042240,-0.023392,READY
1787023928578950492,2026-08-18T10:32:08.578976,ground_truth,0.075058,0.690000,0.160175,0.077697,0.686958,0.182050,True,,,,,,,,,-0.132656,1.127926,0.523602,-0.135590,0.852394,0.549745,0.003051,0.192853,0.198964,0.000000,0.081158,0.002609,0.102480,-0.184940,0.318803,-0.041248,-0.041248,-0.025344,READY
1787023928612191958,2026-08-18T10:32:08.612208,ground_truth,0.074316,0.717000,0.152820,0.077422,0.688912,0.179288,True,,,,,,,,,-0.132381,1.129880,0.520840,-0.135590,0.852394,0.549745,0.003489,0.176277,0.181945,0.000000,0.072426,0.005670,0.091420,-0.201460,0.307100,-0.032960,-0.042464,-0.027232,READY
1787023928646401436,2026-08-18T10:32:08.646418,ground_truth,0.074316,0.717000,0.152820,0.077097,0.690742,0.176262,True,,,,,,,,,-0.132057,1.131711,0.517814,-0.135465,0.862322,0.548610,0.003489,0.176277,0.181945,0.000000,0.072426,0.005670,0.091420,-0.201460,0.307100,-0.032960,-0.042464,-0.027232,READY
1787023928677579806,2026-08-18T10:32:08.677613,ground_truth,0.074701,0.703000,0.149841,0.076786,0.693989,0.173257,True,,,,,,,,,-0.131746,1.134957,0.514808,-0.135465,0.862322,0.548610,0.003489,0.176277,0.181945,0.000000,0.072426,0.005670,0.091420,-0.201460,0.307100,-0.032960,-0.042464,-0.027232,READY
1787023928711884687,2026-08-18T10:32:08.711918,ground_truth,0.074316,0.717000,0.149520,0.076553,0.697144,0.170358,True,,,,,,,,,-0.131513,1.138113,0.511910,-0.135323,0.872224,0.547292,0.003489,0.176277,0.181945,0.000000,0.072426,0.005670,0.091420,-0.201460,0.307100,-0.032960,-0.042464,-0.027232,READY
1787023928747804622,2026-08-18T10:32:08.747840,ground_truth,0.073959,0.730000,0.149222,0.076268,0.699589,0.167620,True,,,,,,,,,-0.131227,1.140557,0.509172,-0.135323,0.872224,0.547292,0.003489,0.166673,0.171037,0.000000,0.067629,0.003051,0.086800,-0.182840,0.298136,-0.029952,-0.043360,-0.028288,READY
1787023928779323167,2026-08-18T10:32:08.779339,ground_truth,0.073959,0.730000,0.149222,0.075997,0.701144,0.165142,True,,,,,,,,,-0.130957,1.142113,0.506694,-0.135163,0.882090,0.545808,0.004796,0.150097,0.152710,0.000000,0.061949,0.002609,0.091980,-0.194040,0.302120,-0.014592,-0.040640,-0.027456,READY
1787023928812808383,2026-08-18T10:32:08.812824,ground_truth,0.073630,0.742000,0.148946,0.075688,0.703962,0.162608,True,,,,,,,,,-0.130647,1.144931,0.504160,-0.135163,0.882090,0.545808,0.001744,0.156637,0.154018,0.000000,0.061949,0.005670,0.098560,-0.183120,0.315317,-0.011360,-0.038080,-0.027904,READY
1787023928847223257,2026-08-18T10:32:08.847281,ground_truth,0.073273,0.755000,0.151886,0.075356,0.707032,0.160280,True,,,,,,,,,-0.130316,1.148001,0.501832,-0.134982,0.892013,0.544167,0.001744,0.160133,0.159691,0.000000,0.061949,0.002609,0.109620,-0.162960,0.301954,-0.010528,-0.038752,-0.027104,READY
1787023928878969890,2026-08-18T10:32:08.879006,ground_truth,0.073108,0.761000,0.151739,0.075040,0.710793,0.158422,True,,,,,,,,,-0.129999,1.151762,0.499974,-0.134982,0.892013,0.544167,0.003489,0.176277,0.178458,0.000000,0.069807,0.005670,0.113400,-0.163240,0.327601,-0.008576,-0.039904,-0.028160,READY
1787023928914643878,2026-08-18T10:32:08.914695,ground_truth,0.076504,0.755000,0.155124,0.074713,0.714319,0.156776,True,,,,,,,,,-0.129672,1.155287,0.498327,-0.134783,0.901915,0.542443,0.003051,0.187619,0.189804,0.000000,0.078096,0.002609,0.103740,-0.159600,0.322206,-0.007680,-0.043584,-0.029280,READY
1787023928945106769,2026-08-18T10:32:08.945139,ground_truth,0.079736,0.755000,0.158363,0.074639,0.717797,0.155609,True,,,,,,,,,-0.129598,1.158766,0.497161,-0.134783,0.901915,0.542443,0.003489,0.197655,0.196785,0.002609,0.078096,0.005228,0.087080,-0.176260,0.333411,-0.008640,-0.039200,-0.028512,READY
1787023928980725806,2026-08-18T10:32:08.980763,ground_truth,0.079736,0.755000,0.161601,0.074767,0.720893,0.154642,True,,,,,,,,,-0.129726,1.161861,0.496194,-0.134593,0.911683,0.540705,0.003051,0.200706,0.198964,0.000000,0.080716,0.002609,0.085820,-0.182560,0.328431,-0.009472,-0.040576,-0.027232,READY
1787023929010406599,2026-08-18T10:32:09.010446,ground_truth,0.082774,0.761000,0.164652,0.075103,0.723912,0.154318,True,,,,,,,,,-0.130062,1.164880,0.495870,-0.134593,0.911683,0.540705,0.003051,0.201144,0.200711,0.000000,0.078096,0.005228,0.104720,-0.194320,0.322787,-0.011808,-0.048384,-0.027328,READY
1787023929046920933,2026-08-18T10:32:09.046980,ground_truth,0.086404,0.749000,0.168274,0.075630,0.727289,0.154407,True,,,,,,,,,-0.130589,1.168258,0.495959,-0.134437,0.921640,0.538969,0.003489,0.202457,0.200711,0.000000,0.080716,0.005670,0.106540,-0.207060,0.309839,-0.011968,-0.044480,-0.025056,READY
1787023929078769454,2026-08-18T10:32:09.078806,ground_truth,0.085996,0.761000,0.174336,0.076386,0.731058,0.154947,True,,,,,,,,,-0.131346,1.172026,0.496499,-0.134437,0.921640,0.538969,0.003051,0.200706,0.198525,0.000000,0.078096,0.005670,0.086380,-0.210140,0.330008,-0.013920,-0.041472,-0.026400,READY
1787023929113880598,2026-08-18T10:32:09.113925,ground_truth,0.085791,0.767000,0.180556,0.077115,0.735598,0.155891,True,,,,,,,,,-0.132075,1.176567,0.497443,-0.134347,0.931382,0.537382,0.004796,0.197655,0.200711,0.000000,0.078096,0.002609,0.084560,-0.179060,0.322953,-0.014368,-0.040640,-0.027776,READY
1787023929144301230,2026-08-18T10:32:09.144322,ground_truth,0.088789,0.773000,0.186736,0.077880,0.740293,0.157740,True,,,,,,,,,-0.132840,1.181261,0.499292,-0.134347,0.931382,0.537382,0.004796,0.197655,0.200711,0.000000,0.078096,0.002609,0.084560,-0.179060,0.322953,-0.014368,-0.040640,-0.027776,READY
1787023929177772293,2026-08-18T10:32:09.177808,ground_truth,0.091505,0.786000,0.192553,0.078845,0.743899,0.160001,True,,,,,,,,,-0.133805,1.184867,0.501553,-0.134326,0.941292,0.535981,0.004796,0.197655,0.200711,0.000000,0.078096,0.002609,0.084560,-0.179060,0.322953,-0.014368,-0.040640,-0.027776,READY
1787023929212365355,2026-08-18T10:32:09.212391,ground_truth,0.094920,0.780000,0.199223,0.079965,0.747606,0.162849,True,,,,,,,,,-0.134925,1.188575,0.504401,-0.134326,0.941292,0.535981,0.004796,0.198962,0.198964,0.000000,0.080716,0.005228,0.081480,-0.195300,0.329095,-0.014432,-0.042528,-0.026624,READY
1787023929247874421,2026-08-18T10:32:09.247899,ground_truth,0.101048,0.786000,0.205301,0.081339,0.751708,0.166162,True,,,,,,,,,-0.136299,1.192676,0.507714,-0.134404,0.951234,0.534863,0.003051,0.200706,0.200711,0.000000,0.080716,0.002609,0.076860,-0.203280,0.317392,-0.014880,-0.046080,-0.028672,READY
1787023929281150198,2026-08-18T10:32:09.281183,ground_truth,0.104228,0.786000,0.211674,0.083145,0.756208,0.169901,True,,,,,,,,,-0.138104,1.197177,0.511453,-0.134404,0.951234,0.534863,0.003051,0.202457,0.198525,0.000000,0.083766,0.002609,0.089180,-0.213780,0.324613,-0.014752,-0.039968,-0.029280,READY
1787023929310820341,2026-08-18T10:32:09.310855,ground_truth,0.107135,0.792000,0.211339,0.085163,0.760095,0.174064,True,,,,,,,,,-0.140122,1.201064,0.515616,-0.134632,0.961184,0.534096,0.001744,0.200706,0.198964,0.000000,0.080716,0.005228,0.100660,-0.214480,0.325028,-0.015040,-0.041536,-0.028384,READY
1787023929346392941,2026-08-18T10:32:09.346428,ground_truth,0.113477,0.792000,0.217693,0.087397,0.763859,0.178224,True,,,,,,,,,-0.142356,1.204828,0.519776,-0.134632,0.961184,0.534096,0.003489,0.197655,0.198964,0.000000,0.080716,0.002609,0.083020,-0.208880,0.330174,-0.014592,-0.046592,-0.028064,READY
1787023929380256622,2026-08-18T10:32:09.380286,ground_truth,0.123313,0.786000,0.221235,0.090077,0.767279,0.182611,True,,,,,,,,,-0.145036,1.208247,0.524163,-0.135054,0.971210,0.533693,0.001744,0.198962,0.198964,0.000000,0.080716,0.002609,0.071820,-0.223720,0.328763,-0.014304,-0.040576,-0.029664,READY
1787023929416181830,2026-08-18T10:32:09.416223,ground_truth,0.129674,0.786000,0.227609,0.093424,0.769936,0.187244,True,,,,,,,,,-0.148383,1.210904,0.528796,-0.135054,0.971210,0.533693,0.001307,0.202889,0.200711,0.000000,0.078096,0.002609,0.078960,-0.242620,0.323783,-0.014144,-0.043424,-0.028896,READY
1787023929448481408,2026-08-18T10:32:09.448520,ground_truth,0.131796,0.804000,0.232767,0.096968,0.772121,0.192076,True,,,,,,,,,-0.151928,1.213089,0.533628,-0.135611,0.981224,0.533489,0.001307,0.202889,0.200711,0.000000,0.078096,0.002609,0.078960,-0.242620,0.323783,-0.014144,-0.043424,-0.028896,READY
1787023929479646373,2026-08-18T10:32:09.479673,ground_truth,0.134585,0.810000,0.232362,0.100439,0.774211,0.197036,True,,,,,,,,,-0.155399,1.215179,0.538588,-0.135611,0.981224,0.533489,0.001307,0.202889,0.200711,0.000000,0.078096,0.002609,0.078960,-0.242620,0.323783,-0.014144,-0.043424,-0.028896,READY
1787023929512785535,2026-08-18T10:32:09.512825,ground_truth,0.137726,0.810000,0.235509,0.104096,0.777242,0.201754,True,,,,,,,,,-0.159055,1.218211,0.543306,-0.136590,0.991126,0.533899,0.001307,0.202889,0.200711,0.000000,0.078096,0.002609,0.078960,-0.242620,0.323783,-0.014144,-0.043424,-0.028896,READY
1787023929550958281,2026-08-18T10:32:09.551038,ground_truth,0.144008,0.810000,0.235509,0.107759,0.780782,0.206478,True,,,,,,,,,-0.162719,1.221750,0.548030,-0.137708,1.000993,0.534503,0.001744,0.202457,0.198964,0.000000,0.080716,0.002609,0.087640,-0.261940,0.325526,-0.013376,-0.043584,-0.030560,READY
1787023929577316745,2026-08-18T10:32:09.577352,ground_truth,0.146747,0.816000,0.238231,0.111599,0.784423,0.210960,True,,,,,,,,,-0.166559,1.225392,0.552512,-0.137708,1.000993,0.534503,0.001744,0.202457,0.198964,0.000000,0.080716,0.002609,0.087640,-0.261940,0.325526,-0.013376,-0.043584,-0.030560,READY
1787023929614981938,2026-08-18T10:32:09.615016,ground_truth,0.148711,0.833000,0.243245,0.115650,0.787765,0.215220,True,,,,,,,,,-0.170609,1.228733,0.556772,-0.137708,1.000993,0.534503,0.001744,0.202457,0.198964,0.000000,0.080716,0.002609,0.087640,-0.261940,0.325526,-0.013376,-0.043584,-0.030560,READY
1787023929645565748,2026-08-18T10:32:09.645599,ground_truth,0.155349,0.827000,0.243690,0.119844,0.791366,0.219399,True,,,,,,,,,-0.174804,1.232335,0.560951,-0.139301,1.010927,0.535639,0.001744,0.202457,0.198964,0.000000,0.080716,0.002609,0.087640,-0.261940,0.325526,-0.013376,-0.043584,-0.030560,READY
1787023929677844750,2026-08-18T10:32:09.677873,ground_truth,0.163307,0.804000,0.248552,0.124281,0.795287,0.223196,True,,,,,,,,,-0.179241,1.236255,0.564748,-0.139301,1.010927,0.535639,0.001744,0.202457,0.198964,0.000000,0.080716,0.002609,0.087640,-0.261940,0.325526,-0.013376,-0.043584,-0.030560,READY
1787023929716166665,2026-08-18T10:32:09.716213,ground_truth,0.164688,0.827000,0.249928,0.129068,0.798951,0.226929,True,,,,,,,,,-0.184028,1.239919,0.568481,-0.141183,1.020565,0.537021,0.001744,0.202457,0.198964,0.000000,0.080716,0.002609,0.087640,-0.261940,0.325526,-0.013376,-0.043584,-0.030560,READY
1787023929747575429,2026-08-18T10:32:09.747612,ground_truth,0.171797,0.816000,0.250780,0.133719,0.802190,0.230310,True,,,,,,,,,-0.188679,1.243159,0.571862,-0.141183,1.020565,0.537021,0.001744,0.202457,0.198964,0.000000,0.080716,0.002609,0.087640,-0.261940,0.325526,-0.013376,-0.043584,-0.030560,READY
1787023929779951998,2026-08-18T10:32:09.779982,ground_truth,0.180254,0.827000,0.249928,0.138436,0.804438,0.233341,True,,,,,,,,,-0.193396,1.245407,0.574893,-0.143409,1.030146,0.538635,0.003051,0.199400,0.198964,0.000000,0.080716,0.002609,0.092960,-0.229040,0.332913,-0.012928,-0.044256,-0.030112,READY
1787023929813586349,2026-08-18T10:32:09.813601,ground_truth,0.187984,0.810000,0.251245,0.143504,0.807074,0.235892,True,,,,,,,,,-0.198464,1.248043,0.577444,-0.143409,1.030146,0.538635,0.007853,0.199400,0.198964,0.000000,0.081158,0.010467,0.100100,-0.275520,0.322372,-0.008032,-0.041472,-0.032800,READY
1787023929848268947,2026-08-18T10:32:09.848324,ground_truth,0.194266,0.810000,0.257539,0.148894,0.809202,0.238552,True,,,,,,,,,-0.203854,1.250170,0.580104,-0.146016,1.039636,0.540424,0.007853,0.199400,0.198964,0.000000,0.081158,0.010467,0.100100,-0.275520,0.322372,-0.008032,-0.041472,-0.032800,READY
1787023929880192985,2026-08-18T10:32:09.880241,ground_truth,0.197408,0.810000,0.257539,0.154280,0.810587,0.241209,True,,,,,,,,,-0.209240,1.251555,0.582761,-0.146016,1.039636,0.540424,0.007853,0.199400,0.198964,0.000000,0.081158,0.010467,0.100100,-0.275520,0.322372,-0.008032,-0.041472,-0.032800,READY
1787023929914378148,2026-08-18T10:32:09.914432,ground_truth,0.208272,0.827000,0.259286,0.159220,0.811824,0.243629,True,,,,,,,,,-0.214180,1.252793,0.585181,-0.149007,1.048990,0.542388,0.007853,0.199400,0.198964,0.000000,0.081158,0.010467,0.100100,-0.275520,0.322372,-0.008032,-0.041472,-0.032800,READY
1787023929946997334,2026-08-18T10:32:09.947042,ground_truth,0.221364,0.821000,0.262909,0.164460,0.813352,0.245741,True,,,,,,,,,-0.219419,1.254320,0.587293,-0.149007,1.048990,0.542388,0.007853,0.195911,0.196346,0.000000,0.081158,0.008289,0.106540,-0.293860,0.328431,-0.008640,-0.040960,-0.034080,READY
1787023929981652757,2026-08-18T10:32:09.981690,ground_truth,0.233299,0.798000,0.264842,0.170431,0.815524,0.247750,True,,,,,,,,,-0.225391,1.256492,0.589302,-0.152391,1.058184,0.544467,0.013087,0.170168,0.171037,0.000000,0.067188,0.013517,0.114940,-0.303380,0.317724,-0.012096,-0.042080,-0.034304,READY
1787023930014196122,2026-08-18T10:32:10.014247,ground_truth,0.239621,0.798000,0.264842,0.177012,0.816865,0.249915,True,,,,,,,,,-0.231972,1.257833,0.591467,-0.152391,1.058184,0.544467,0.014831,0.164928,0.171037,0.000000,0.067188,0.013086,0.105980,-0.300020,0.310337,-0.012032,-0.040640,-0.031904,READY
1787023930047528353,2026-08-18T10:32:10.047567,ground_truth,0.245943,0.798000,0.264842,0.183805,0.816493,0.251871,True,,,,,,,,,-0.238765,1.257461,0.593423,-0.152391,1.058184,0.544467,0.014831,0.164928,0.171037,0.000000,0.067188,0.013086,0.105980,-0.300020,0.310337,-0.012032,-0.040640,-0.031904,READY
1787023930081537697,2026-08-18T10:32:10.081557,ground_truth,0.252265,0.798000,0.264842,0.190601,0.815779,0.253827,True,,,,,,,,,-0.245560,1.256747,0.595379,-0.152391,1.058184,0.544467,0.014831,0.164928,0.171037,0.000000,0.067188,0.013086,0.105980,-0.300020,0.310337,-0.012032,-0.040640,-0.031904,READY
1787023930112812286,2026-08-18T10:32:10.112847,ground_truth,0.259242,0.767000,0.267448,0.197635,0.814996,0.255601,True,,,,,,,,,-0.252595,1.255964,0.597153,-0.158987,1.071202,0.547934,0.014831,0.164928,0.171037,0.000000,0.067188,0.013086,0.105980,-0.300020,0.310337,-0.012032,-0.040640,-0.031904,READY
1787023930148663823,2026-08-18T10:32:10.148696,ground_truth,0.264907,0.773000,0.263735,0.205004,0.813879,0.257214,True,,,,,,,,,-0.259963,1.254848,0.598766,-0.158987,1.071202,0.547934,0.014831,0.164928,0.171037,0.000000,0.067188,0.013086,0.105980,-0.300020,0.310337,-0.012032,-0.040640,-0.031904,READY
1787023930181150419,2026-08-18T10:32:10.181174,ground_truth,0.279976,0.780000,0.259962,0.212308,0.810776,0.258551,True,,,,,,,,,-0.267267,1.251744,0.600103,-0.164015,1.079586,0.550357,0.014831,0.164928,0.171037,0.000000,0.067188,0.013086,0.105980,-0.300020,0.310337,-0.012032,-0.040640,-0.031904,READY
1787023930216125918,2026-08-18T10:32:10.216146,ground_truth,0.282349,0.786000,0.256290,0.220086,0.807275,0.259311,True,,,,,,,,,-0.275045,1.248244,0.600863,-0.164015,1.079586,0.550357,0.031414,0.171475,0.174532,0.003051,0.070249,0.032284,0.121800,-0.316820,0.313159,-0.008640,-0.040576,-0.034400,READY
1787023930246532039,2026-08-18T10:32:10.246556,ground_truth,0.290785,0.816000,0.253917,0.227930,0.804068,0.259735,True,,,,,,,,,-0.282889,1.245037,0.601287,-0.169329,1.087659,0.552774,0.032283,0.171475,0.173223,0.002609,0.069807,0.037954,0.123900,-0.331380,0.309673,-0.009632,-0.041088,-0.032128,READY
1787023930279006031,2026-08-18T10:32:10.279040,ground_truth,0.298801,0.804000,0.251709,0.235862,0.801827,0.259944,True,,,,,,,,,-0.290822,1.242796,0.601496,-0.169329,1.087659,0.552774,0.036209,0.163184,0.163624,0.000000,0.065010,0.037954,0.119840,-0.321720,0.304693,-0.008576,-0.043808,-0.035584,READY
1787023930313047062,2026-08-18T10:32:10.313078,ground_truth,0.306975,0.833000,0.249464,0.243765,0.800152,0.260063,True,,,,,,,,,-0.298725,1.241121,0.601615,-0.175577,1.095068,0.555133,0.037523,0.156637,0.157951,0.002609,0.064568,0.037523,0.097860,-0.302820,0.308843,-0.009312,-0.042528,-0.033856,READY
1787023930353085520,2026-08-18T10:32:10.353107,ground_truth,0.317475,0.845000,0.245445,0.251698,0.799817,0.259944,True,,,,,,,,,-0.306658,1.240786,0.601496,-0.182131,1.102354,0.557451,0.035778,0.155330,0.156204,0.002609,0.061949,0.037523,0.105980,-0.288260,0.305938,-0.008032,-0.040256,-0.037568,READY
1787023930380149944,2026-08-18T10:32:10.380198,ground_truth,0.316678,0.850000,0.241985,0.259912,0.800977,0.259138,True,,,,,,,,,-0.314872,1.241945,0.600690,-0.182131,1.102354,0.557451,0.035778,0.156637,0.154457,0.002609,0.061949,0.040142,0.118720,-0.332500,0.303531,-0.010528,-0.041984,-0.038240,READY
1787023930417321023,2026-08-18T10:32:10.417366,ground_truth,0.325228,0.816000,0.238231,0.267863,0.803075,0.258101,True,,,,,,,,,-0.322823,1.244044,0.599653,-0.182131,1.102354,0.557451,0.035778,0.156637,0.154457,0.002609,0.061949,0.040142,0.118720,-0.332500,0.303531,-0.010528,-0.041984,-0.038240,READY
1787023930449144073,2026-08-18T10:32:10.449184,ground_truth,0.325594,0.833000,0.233918,0.275660,0.805362,0.256698,True,,,,,,,,,-0.330620,1.246330,0.598250,-0.189087,1.109360,0.559537,0.035778,0.156637,0.154457,0.002609,0.061949,0.040142,0.118720,-0.332500,0.303531,-0.010528,-0.041984,-0.038240,READY
1787023930482249493,2026-08-18T10:32:10.482264,ground_truth,0.331026,0.780000,0.231191,0.282609,0.806459,0.254765,True,,,,,,,,,-0.337569,1.247428,0.596317,-0.189087,1.109360,0.559537,0.035778,0.156637,0.156204,0.003051,0.062391,0.040573,0.129500,-0.308700,0.307100,-0.007072,-0.039808,-0.037248,READY
1787023930512406282,2026-08-18T10:32:10.512447,ground_truth,0.330312,0.804000,0.226453,0.289124,0.806412,0.252521,True,,,,,,,,,-0.344084,1.247380,0.594073,-0.196183,1.115957,0.561295,0.058901,0.170168,0.167550,0.002609,0.067188,0.045812,0.156240,-0.276780,0.305191,-0.004512,-0.041184,-0.038080,READY
1787023930548483106,2026-08-18T10:32:10.548499,ground_truth,0.335435,0.792000,0.220869,0.295170,0.806722,0.249962,True,,,,,,,,,-0.350130,1.247691,0.591514,-0.196183,1.115957,0.561295,0.070243,0.189364,0.193291,0.005228,0.075477,0.059340,0.145320,-0.330960,0.320380,-0.006624,-0.045152,-0.037920,READY
1787023930581631052,2026-08-18T10:32:10.581685,ground_truth,0.343751,0.761000,0.213074,0.301136,0.806465,0.247031,True,,,,,,,,,-0.356096,1.247433,0.588583,-0.203840,1.122253,0.562602,0.075045,0.185875,0.193291,0.005670,0.078096,0.061949,0.161420,-0.356160,0.312578,-0.006080,-0.043520,-0.037696,READY
1787023930616591781,2026-08-18T10:32:10.616618,ground_truth,0.350195,0.761000,0.209846,0.307236,0.806093,0.243579,True,,,,,,,,,-0.362195,1.247061,0.585131,-0.203840,1.122253,0.562602,0.078534,0.171475,0.172785,0.005228,0.067188,0.059340,0.109620,-0.393680,0.304859,-0.005856,-0.040960,-0.033184,READY
1787023930649605280,2026-08-18T10:32:10.649642,ground_truth,0.357690,0.736000,0.207934,0.313299,0.804045,0.239739,True,,,,,,,,,-0.368259,1.245014,0.581291,-0.211676,1.128429,0.563717,0.078534,0.158388,0.161877,0.005228,0.064568,0.056721,0.105280,-0.380240,0.300543,-0.006464,-0.040128,-0.034912,READY
1787023930683022974,2026-08-18T10:32:10.683045,ground_truth,0.357690,0.736000,0.201395,0.319485,0.802996,0.236019,True,,,,,,,,,-0.374444,1.243964,0.577571,-0.211676,1.128429,0.563717,0.078534,0.158388,0.161877,0.005228,0.064568,0.056721,0.105280,-0.380240,0.300543,-0.006464,-0.040128,-0.034912,READY
1787023930716181309,2026-08-18T10:32:10.716204,ground_truth,0.360937,0.717000,0.199032,0.324666,0.800813,0.232115,True,,,,,,,,,-0.379625,1.241781,0.573667,-0.219797,1.134194,0.564408,0.078534,0.158388,0.161877,0.005228,0.064568,0.056721,0.105280,-0.380240,0.300543,-0.006464,-0.040128,-0.034912,READY
1787023930748989035,2026-08-18T10:32:10.749052,ground_truth,0.364232,0.717000,0.195731,0.329905,0.798029,0.228297,True,,,,,,,,,-0.384864,1.238998,0.569849,-0.219797,1.134194,0.564408,0.078534,0.158388,0.161877,0.005228,0.064568,0.056721,0.105280,-0.380240,0.300543,-0.006464,-0.040128,-0.034912,READY
1787023930780485139,2026-08-18T10:32:10.780528,ground_truth,0.367526,0.717000,0.195731,0.334801,0.793793,0.224418,True,,,,,,,,,-0.389761,1.234761,0.565970,-0.228284,1.139582,0.564688,0.078534,0.158388,0.161877,0.005228,0.064568,0.056721,0.105280,-0.380240,0.300543,-0.006464,-0.040128,-0.034912,READY
1787023930811868566,2026-08-18T10:32:10.811881,ground_truth,0.372052,0.710000,0.189429,0.339383,0.788305,0.220687,True,,,,,,,,,-0.394342,1.229274,0.562239,-0.228284,1.139582,0.564688,0.071994,0.138748,0.139185,0.005228,0.056721,0.051482,0.081760,-0.401380,0.287512,-0.006240,-0.037568,-0.035360,READY
1787023930847645038,2026-08-18T10:32:10.847671,ground_truth,0.373283,0.703000,0.186404,0.343721,0.781928,0.216684,True,,,,,,,,,-0.398681,1.222896,0.558236,-0.237319,1.144000,0.564345,0.007853,0.006540,0.002178,0.000000,0.000000,0.002609,0.066220,-0.465220,0.233894,-0.010080,-0.035136,-0.030784,READY
1787023930882109658,2026-08-18T10:32:10.882144,ground_truth,0.374338,0.697000,0.179983,0.347442,0.774092,0.212748,True,,,,,,,,,-0.402401,1.215061,0.554300,-0.237319,1.144000,0.564345,0.007853,0.006540,0.002178,0.000000,0.000000,0.002609,0.066220,-0.465220,0.233894,-0.010080,-0.035136,-0.030784,READY
1787023930922892454,2026-08-18T10:32:10.922939,ground_truth,0.376800,0.683000,0.173798,0.351286,0.764952,0.208615,True,,,,,,,,,-0.406245,1.205920,0.550167,-0.246606,1.147404,0.563566,0.007853,0.006540,0.002178,0.000000,0.000000,0.002609,0.066220,-0.465220,0.233894,-0.010080,-0.035136,-0.030784,READY
1787023930951398023,2026-08-18T10:32:10.951439,ground_truth,0.380151,0.683000,0.173798,0.354724,0.755230,0.204319,True,,,,,,,,,-0.409684,1.196199,0.545871,-0.246606,1.147404,0.563566,0.007853,0.006540,0.002178,0.000000,0.000000,0.002609,0.066220,-0.465220,0.233894,-0.010080,-0.035136,-0.030784,READY
1787023930983651050,2026-08-18T10:32:10.983712,ground_truth,0.375358,0.710000,0.169555,0.358361,0.745286,0.200311,True,,,,,,,,,-0.413321,1.186255,0.541863,-0.256135,1.150255,0.562532,0.007853,0.006540,0.002178,0.000000,0.000000,0.002609,0.066220,-0.465220,0.233894,-0.010080,-0.035136,-0.030784,READY
1787023931016854137,2026-08-18T10:32:11.016897,ground_truth,0.377666,0.697000,0.166648,0.361317,0.736204,0.196202,True,,,,,,,,,-0.416276,1.177172,0.537754,-0.256135,1.150255,0.562532,0.003051,0.000000,0.000000,0.000000,0.000000,0.000000,0.070280,-0.475440,0.153052,-0.011584,-0.028736,-0.023840,READY
1787023931050028027,2026-08-18T10:32:11.050052,ground_truth,0.380151,0.683000,0.160370,0.364474,0.728681,0.192215,True,,,,,,,,,-0.419433,1.169649,0.533767,-0.265868,1.151891,0.561026,0.000000,0.001744,0.001740,0.000000,0.000000,0.000000,-0.036820,-0.677600,0.085490,-0.017824,-0.004736,0.003232,READY
1787023931085200523,2026-08-18T10:32:11.085227,ground_truth,0.382459,0.670000,0.157354,0.367455,0.722110,0.188182,True,,,,,,,,,-0.422414,1.163078,0.529734,-0.275666,1.152591,0.559068,0.000000,0.001744,0.001740,0.000000,0.000000,0.000000,-0.036820,-0.677600,0.085490,-0.017824,-0.004736,0.003232,READY
1787023931115598282,2026-08-18T10:32:11.115638,ground_truth,0.377666,0.697000,0.153312,0.370035,0.714982,0.184467,True,,,,,,,,,-0.424995,1.155950,0.526019,-0.275666,1.152591,0.559068,0.000000,0.001744,0.001740,0.000000,0.000000,0.000000,-0.036820,-0.677600,0.085490,-0.017824,-0.004736,0.003232,READY
1787023931151706082,2026-08-18T10:32:11.151721,ground_truth,0.382459,0.670000,0.150597,0.371867,0.709396,0.180698,True,,,,,,,,,-0.426826,1.150365,0.522250,-0.285361,1.152448,0.556706,0.000000,0.001744,0.001740,0.000000,0.000000,0.000000,-0.036820,-0.677600,0.085490,-0.017824,-0.004736,0.003232,READY
1787023931182770732,2026-08-18T10:32:11.182804,ground_truth,0.380151,0.683000,0.146942,0.373518,0.703426,0.176876,True,,,,,,,,,-0.428477,1.144394,0.518428,-0.285361,1.152448,0.556706,0.000000,0.001744,0.001740,0.000000,0.000000,0.000000,-0.036820,-0.677600,0.085490,-0.017824,-0.004736,0.003232,READY
1787023931218852862,2026-08-18T10:32:11.218872,ground_truth,0.378908,0.690000,0.143448,0.375015,0.699405,0.173246,True,,,,,,,,,-0.429975,1.140374,0.514798,-0.295064,1.151638,0.553894,0.000000,0.001744,0.000000,0.000000,0.000000,0.000000,-0.045780,-0.688800,0.086901,-0.018880,-0.003584,0.004512,READY
1787023931250519656,2026-08-18T10:32:11.250550,ground_truth,0.377856,0.677000,0.140336,0.376213,0.695774,0.169540,True,,,,,,,,,-0.431173,1.136743,0.511092,-0.295064,1.151638,0.553894,0.000000,0.035778,0.033592,0.000000,0.008289,0.016137,-0.084000,-0.296660,0.284026,-0.025344,-0.062464,-0.037408,READY
1787023931283653306,2026-08-18T10:32:11.283668,ground_truth,0.377856,0.677000,0.140336,0.377122,0.693235,0.165847,True,,,,,,,,,-0.432081,1.134203,0.507399,-0.295064,1.151638,0.553894,0.000000,0.071994,0.072425,0.000000,0.029665,0.027045,-0.078960,-0.310240,0.304527,-0.026720,-0.040032,-0.034176,READY
1787023931317455240,2026-08-18T10:32:11.317480,ground_truth,0.373450,0.683000,0.136871,0.377810,0.690594,0.162154,True,,,,,,,,,-0.432770,1.131562,0.503706,-0.304302,1.150463,0.550760,0.000000,0.089883,0.089444,0.000000,0.037954,0.026614,-0.076860,-0.316400,0.310752,-0.027456,-0.041184,-0.034464,READY
1787023931351437436,2026-08-18T10:32:11.351454,ground_truth,0.374495,0.677000,0.136969,0.377903,0.687932,0.158650,True,,,,,,,,,-0.432863,1.128901,0.500202,-0.313528,1.148915,0.547131,0.000000,0.127406,0.127839,0.000000,0.054101,0.024426,-0.076160,-0.293860,0.326190,-0.028736,-0.041088,-0.032672,READY
1787023931383949659,2026-08-18T10:32:11.383979,ground_truth,0.371011,0.697000,0.133309,0.377984,0.685640,0.155354,True,,,,,,,,,-0.432944,1.126608,0.496906,-0.313528,1.148915,0.547131,0.000000,0.137441,0.137877,0.000000,0.056721,0.023995,-0.077420,-0.255360,0.326522,-0.029440,-0.041984,-0.033280,READY
1787023931416578329,2026-08-18T10:32:11.416618,ground_truth,0.370099,0.683000,0.130157,0.377762,0.684115,0.152243,True,,,,,,,,,-0.432722,1.125083,0.493795,-0.313528,1.148915,0.547131,0.000000,0.176277,0.178458,0.000000,0.072857,0.021375,-0.070000,-0.296240,0.331668,-0.030944,-0.047360,-0.035136,READY
1787023931450040145,2026-08-18T10:32:11.450080,ground_truth,0.370099,0.683000,0.130157,0.377316,0.683063,0.149333,True,,,,,,,,,-0.432275,1.124031,0.490885,-0.322570,1.147107,0.543085,0.000000,0.192853,0.197216,0.000000,0.078096,0.019198,-0.056000,-0.321720,0.337395,-0.033184,-0.045984,-0.034464,READY
1787023931484398207,2026-08-18T10:32:11.484427,ground_truth,0.366648,0.703000,0.129897,0.376645,0.682853,0.146424,True,,,,,,,,,-0.431605,1.123821,0.487976,-0.322570,1.147107,0.543085,0.000000,0.192853,0.197216,0.000000,0.078096,0.019198,-0.056000,-0.321720,0.337395,-0.033184,-0.045984,-0.034464,READY
1787023931518037036,2026-08-18T10:32:11.518067,ground_truth,0.371135,0.677000,0.126868,0.376065,0.682811,0.143780,True,,,,,,,,,-0.431024,1.123779,0.485332,-0.331277,1.145248,0.538684,0.000000,0.192853,0.197216,0.000000,0.078096,0.019198,-0.056000,-0.321720,0.337395,-0.033184,-0.045984,-0.034464,READY
1787023931550370370,2026-08-18T10:32:11.550402,ground_truth,0.367774,0.677000,0.126868,0.375629,0.682056,0.141128,True,,,,,,,,,-0.430589,1.123024,0.482680,-0.331277,1.145248,0.538684,0.000000,0.192853,0.197216,0.000000,0.078096,0.019198,-0.056000,-0.321720,0.337395,-0.033184,-0.045984,-0.034464,READY
1787023931581838021,2026-08-18T10:32:11.581860,ground_truth,0.371364,0.656000,0.123705,0.374804,0.680838,0.138895,True,,,,,,,,,-0.429764,1.121806,0.480447,-0.339867,1.143326,0.533841,0.000000,0.202889,0.198964,0.000000,0.078096,0.002609,-0.033740,-0.354620,0.330506,-0.038016,-0.046208,0.007904,READY
1787023931618650244,2026-08-18T10:32:11.618670,ground_truth,0.367774,0.677000,0.123501,0.374065,0.680274,0.136652,True,,,,,,,,,-0.429024,1.121243,0.478204,-0.348119,1.141282,0.528691,0.000000,0.198962,0.200711,0.000000,0.078096,0.003051,-0.025620,-0.353080,0.329759,-0.039680,-0.049760,0.020928,READY
1787023931651585833,2026-08-18T10:32:11.651621,ground_truth,0.366749,0.683000,0.120086,0.373405,0.679842,0.134664,True,,,,,,,,,-0.428365,1.120810,0.476216,-0.348119,1.141282,0.528691,0.000000,0.197655,0.200711,0.000000,0.080716,0.002609,-0.019460,-0.331940,0.326688,-0.040416,-0.043360,0.019648,READY
1787023931684571458,2026-08-18T10:32:11.684613,ground_truth,0.367774,0.677000,0.120134,0.372358,0.680128,0.132630,True,,,,,,,,,-0.427317,1.121097,0.474182,-0.348119,1.141282,0.528691,0.000000,0.197655,0.200711,0.000000,0.080716,0.003051,-0.016380,-0.319200,0.311416,-0.041024,-0.043136,0.019040,READY
1787023931717413792,2026-08-18T10:32:11.717439,ground_truth,0.371364,0.656000,0.120304,0.371533,0.679866,0.130843,True,,,,,,,,,-0.426492,1.120834,0.472395,-0.356243,1.139211,0.523099,0.000000,0.197655,0.200711,0.000000,0.080716,0.003051,-0.016380,-0.319200,0.311416,-0.041024,-0.043136,0.019040,READY
1787023931753172589,2026-08-18T10:32:11.753186,ground_truth,0.365552,0.690000,0.116684,0.371030,0.679493,0.129300,True,,,,,,,,,-0.425989,1.120462,0.470852,-0.364078,1.137105,0.517231,0.000000,0.197655,0.200711,0.000000,0.080716,0.003051,-0.016380,-0.319200,0.311416,-0.041024,-0.043136,0.019040,READY
1787023931786642526,2026-08-18T10:32:11.786672,ground_truth,0.368971,0.670000,0.116812,0.370210,0.679099,0.127723,True,,,,,,,,,-0.425169,1.120067,0.469275,-0.364078,1.137105,0.517231,0.000000,0.197655,0.200711,0.000000,0.080716,0.003051,-0.016380,-0.319200,0.311416,-0.041024,-0.043136,0.019040,READY
1787023931818668211,2026-08-18T10:32:11.818684,ground_truth,0.365552,0.690000,0.116684,0.369617,0.678646,0.126155,True,,,,,,,,,-0.424577,1.119615,0.467707,-0.371545,1.134946,0.511118,0.000000,0.201144,0.200711,0.000000,0.080716,0.002609,-0.015680,-0.345520,0.317060,-0.041312,-0.048640,0.020160,READY
1787023931850674311,2026-08-18T10:32:11.850689,ground_truth,0.368971,0.670000,0.116812,0.369091,0.679249,0.124809,True,,,,,,,,,-0.424050,1.120218,0.466361,-0.371545,1.134946,0.511118,0.000000,0.158388,0.200711,0.000000,0.081158,0.000000,0.016940,-0.460880,0.341296,-0.057344,-0.047360,0.019488,READY
1787023931887238618,2026-08-18T10:32:11.887253,ground_truth,0.365552,0.690000,0.116684,0.368722,0.678997,0.123465,True,,,,,,,,,-0.423682,1.119965,0.465017,-0.378879,1.132839,0.504633,0.000000,0.130457,0.200711,0.000000,0.080716,0.000000,0.021000,-0.475440,0.346857,-0.059680,-0.042912,0.018144,READY
1787023931916728628,2026-08-18T10:32:11.916767,ground_truth,0.371364,0.656000,0.120304,0.368359,0.679319,0.122357,True,,,,,,,,,-0.423318,1.120288,0.463909,-0.378879,1.132839,0.504633,0.000000,0.107772,0.198964,0.000000,0.080716,0.000000,0.015680,-0.474880,0.335320,-0.060160,-0.043200,0.016544,READY
1787023931950029434,2026-08-18T10:32:11.950063,ground_truth,0.367969,0.656000,0.120304,0.368443,0.678691,0.121700,True,,,,,,,,,-0.423402,1.119659,0.463252,-0.378879,1.132839,0.504633,0.000000,0.078534,0.200711,0.000000,0.078096,0.002609,0.026040,-0.497840,0.337063,-0.060608,-0.046368,0.017088,READY
1787023931984451281,2026-08-18T10:32:11.984494,ground_truth,0.364414,0.677000,0.123501,0.368301,0.677125,0.121043,True,,,,,,,,,-0.423260,1.118093,0.462595,-0.386057,1.130714,0.497962,0.000000,0.058463,0.198525,0.000000,0.078096,0.000000,0.025620,-0.512960,0.334988,-0.061504,-0.046976,0.015488,READY
1787023932020212162,2026-08-18T10:32:12.020226,ground_truth,0.366784,0.663000,0.127027,0.368152,0.675372,0.120617,True,,,,,,,,,-0.423111,1.116340,0.462169,-0.393035,1.128007,0.491221,0.000000,0.018320,0.198525,0.000000,0.081158,0.000000,0.030660,-0.527520,0.339802,-0.061664,-0.044704,0.015872,READY
1787023932051116463,2026-08-18T10:32:12.051151,ground_truth,0.365599,0.670000,0.130326,0.367862,0.673954,0.120628,True,,,,,,,,,-0.422821,1.114923,0.462180,-0.393035,1.128007,0.491221,0.000000,0.003051,0.198525,0.000000,0.078096,0.000000,0.025620,-0.512120,0.328763,-0.060384,-0.046432,0.015712,READY
1787023932084022055,2026-08-18T10:32:12.084060,ground_truth,0.373893,0.621000,0.134423,0.367717,0.673298,0.120858,True,,,,,,,,,-0.422676,1.114266,0.462410,-0.393035,1.128007,0.491221,0.000000,0.000000,0.198964,0.000000,0.081158,0.000000,0.028140,-0.594160,0.327435,-0.056608,-0.046208,0.014592,READY
1787023932124087147,2026-08-18T10:32:12.124159,ground_truth,0.364414,0.677000,0.136969,0.367885,0.672420,0.121573,True,,,,,,,,,-0.422845,1.113388,0.463125,-0.399783,1.124879,0.484663,0.001744,0.003051,0.198964,0.000000,0.080716,0.000000,0.035280,-0.738640,0.338723,-0.053440,-0.046304,0.013472,READY
1787023932154744736,2026-08-18T10:32:12.154765,ground_truth,0.365599,0.670000,0.140462,0.367661,0.671871,0.122470,True,,,,,,,,,-0.422621,1.112839,0.464022,-0.406715,1.121224,0.478397,0.000000,0.004796,0.198964,0.000000,0.078096,0.000000,0.037100,-0.763840,0.338723,-0.053280,-0.044704,0.013600,READY
1787023932186736038,2026-08-18T10:32:12.186761,ground_truth,0.367969,0.656000,0.140713,0.367585,0.671388,0.123829,True,,,,,,,,,-0.422544,1.112356,0.465381,-0.406715,1.121224,0.478397,0.000000,0.003489,0.200711,0.000000,0.078096,0.000000,0.034300,-0.751100,0.330340,-0.052992,-0.048384,0.013088,READY
1787023932222106523,2026-08-18T10:32:12.222125,ground_truth,0.371364,0.656000,0.140713,0.367598,0.670918,0.125201,True,,,,,,,,,-0.422557,1.111886,0.466753,-0.413850,1.117019,0.473153,0.000000,0.001744,0.202458,0.000000,0.080716,0.002609,0.035560,-0.752640,0.327186,-0.052704,-0.044256,0.011808,READY
1787023932253485758,2026-08-18T10:32:12.253511,ground_truth,0.374953,0.635000,0.141091,0.367598,0.669704,0.126561,True,,,,,,,,,-0.422557,1.110672,0.468113,-0.413850,1.117019,0.473153,0.000000,0.001307,0.200711,0.000000,0.081158,0.002609,0.040880,-0.765940,0.328431,-0.052096,-0.045696,0.010688,READY
1787023932290292164,2026-08-18T10:32:12.290323,ground_truth,0.365552,0.690000,0.146793,0.368224,0.668341,0.128188,True,,,,,,,,,-0.423184,1.109309,0.469740,-0.420045,1.112557,0.469865,0.000000,0.001744,0.198964,0.000000,0.078096,0.000000,0.041720,-0.773360,0.336814,-0.051488,-0.047264,0.010912,READY
1787023932323410275,2026-08-18T10:32:12.323444,ground_truth,0.366749,0.683000,0.146942,0.367996,0.667322,0.130187,True,,,,,,,,,-0.422956,1.108290,0.471739,-0.420045,1.112557,0.469865,0.000000,0.001744,0.198964,0.000000,0.078096,0.000000,0.041720,-0.773360,0.336814,-0.051488,-0.047264,0.010912,READY
1787023932356297176,2026-08-18T10:32:12.356317,ground_truth,0.367774,0.677000,0.153804,0.368076,0.666744,0.132204,True,,,,,,,,,-0.423036,1.107713,0.473756,-0.425084,1.108285,0.468500,0.000000,0.001744,0.198964,0.000000,0.078096,0.000000,0.041720,-0.773360,0.336814,-0.051488,-0.047264,0.010912,READY
1787023932386559940,2026-08-18T10:32:12.386584,ground_truth,0.365552,0.690000,0.156830,0.367996,0.667322,0.134670,True,,,,,,,,,-0.422956,1.108291,0.476222,-0.425084,1.108285,0.468500,0.000000,0.001744,0.198964,0.000000,0.078096,0.000000,0.041720,-0.773360,0.336814,-0.051488,-0.047264,0.010912,READY
1787023932421876208,2026-08-18T10:32:12.421909,ground_truth,0.368971,0.670000,0.157354,0.367996,0.667065,0.137347,True,,,,,,,,,-0.422956,1.108033,0.478899,-0.422956,1.108033,0.478899,0.000000,0.001744,0.200711,0.000000,0.080716,0.002609,0.039340,-0.771260,0.328929,-0.050880,-0.044032,0.009920,READY
1787023932454374530,2026-08-18T10:32:12.454423,ground_truth,0.365599,0.670000,0.157354,0.367837,0.667386,0.139817,True,,,,,,,,,-0.422796,1.108355,0.481369,-0.422956,1.108033,0.478899,0.000000,0.000000,0.200711,0.000000,0.078096,0.000000,0.045500,-0.775600,0.343371,-0.049088,-0.044544,0.009696,READY
1787023932489455868,2026-08-18T10:32:12.489493,ground_truth,0.357701,0.697000,0.163314,0.367679,0.668197,0.142287,True,,,,,,,,,-0.422638,1.109166,0.483839,-0.422817,1.108527,0.481055,0.000000,0.000000,0.200711,0.000000,0.078096,0.000000,0.045500,-0.775600,0.343371,-0.049088,-0.044544,0.009696,READY
1787023932519356876,2026-08-18T10:32:12.519379,ground_truth,0.360048,0.683000,0.167084,0.367231,0.669106,0.144941,True,,,,,,,,,-0.422191,1.110075,0.486493,-0.422817,1.108527,0.481055,0.000000,0.000000,0.200711,0.000000,0.078096,0.000000,0.045500,-0.775600,0.343371,-0.049088,-0.044544,0.009696,READY
1787023932561181871,2026-08-18T10:32:12.561209,ground_truth,0.360048,0.683000,0.167084,0.366782,0.670355,0.147612,True,,,,,,,,,-0.421742,1.111323,0.489164,-0.422322,1.109875,0.485284,0.000000,0.000000,0.200711,0.000000,0.080716,0.000000,0.041720,-0.774340,0.334822,-0.048320,-0.044480,0.008960,READY
1787023932590278479,2026-08-18T10:32:12.590314,ground_truth,0.358874,0.690000,0.170211,0.366412,0.671298,0.150062,True,,,,,,,,,-0.421372,1.112266,0.491614,-0.422322,1.109875,0.485284,0.000000,0.000000,0.200711,0.000000,0.078096,0.000000,0.046480,-0.772520,0.349015,-0.046656,-0.042912,0.008032,READY
1787023932622958406,2026-08-18T10:32:12.622993,ground_truth,0.362227,0.670000,0.174247,0.365411,0.672553,0.152448,True,,,,,,,,,-0.420371,1.113521,0.494000,-0.421013,1.112324,0.491145,0.000000,0.000000,0.200711,0.000000,0.078096,0.000000,0.046480,-0.772520,0.349015,-0.046656,-0.042912,0.008032,READY
1787023932654310968,2026-08-18T10:32:12.654355,ground_truth,0.356695,0.703000,0.176432,0.365265,0.673497,0.154933,True,,,,,,,,,-0.420225,1.114466,0.496485,-0.421013,1.112324,0.491145,0.000000,0.000000,0.200711,0.000000,0.078096,0.000000,0.046480,-0.772520,0.349015,-0.046656,-0.042912,0.008032,READY
1787023932685414542,2026-08-18T10:32:12.685429,ground_truth,0.355522,0.710000,0.179492,0.364672,0.674753,0.157331,True,,,,,,,,,-0.419631,1.115721,0.498883,-0.420015,1.114777,0.496732,0.000000,0.000000,0.200711,0.000000,0.078096,0.000000,0.046480,-0.772520,0.349015,-0.046656,-0.042912,0.008032,READY
1787023932720682980,2026-08-18T10:32:12.720709,ground_truth,0.351163,0.736000,0.181778,0.363842,0.676764,0.159916,True,,,,,,,,,-0.418801,1.117732,0.501468,-0.420015,1.114777,0.496732,0.000000,0.000000,0.200711,0.000000,0.078096,0.000000,0.046480,-0.772520,0.349015,-0.046656,-0.042912,0.008032,READY
1787023932757571289,2026-08-18T10:32:12.757614,ground_truth,0.351163,0.736000,0.185048,0.362495,0.680046,0.162654,True,,,,,,,,,-0.417455,1.121015,0.504206,-0.418312,1.118925,0.501702,0.000000,0.000000,0.200711,0.000000,0.078096,0.000000,0.046480,-0.772520,0.349015,-0.046656,-0.042912,0.008032,READY
1787023932787678730,2026-08-18T10:32:12.787702,ground_truth,0.353343,0.723000,0.185582,0.360909,0.684969,0.165584,True,,,,,,,,,-0.415869,1.125938,0.507136,-0.418312,1.118925,0.501702,0.000000,0.000000,0.200711,0.000000,0.078096,0.000000,0.046480,-0.772520,0.349015,-0.046656,-0.042912,0.008032,READY
1787023932823722740,2026-08-18T10:32:12.823749,ground_truth,0.351163,0.736000,0.185048,0.360095,0.690221,0.168170,True,,,,,,,,,-0.415055,1.131189,0.509722,-0.416556,1.125203,0.506141,0.000000,0.001744,0.168859,0.000000,0.070249,0.000000,0.055720,-0.644700,0.324613,-0.036128,-0.041184,0.006912,READY
1787023932852655902,2026-08-18T10:32:12.852703,ground_truth,0.353343,0.723000,0.185582,0.359056,0.694098,0.170711,True,,,,,,,,,-0.414016,1.135066,0.512263,-0.416556,1.125203,0.506141,0.000000,0.000000,0.161439,0.000000,0.064568,0.000000,0.057960,-0.632940,0.310503,-0.035072,-0.043648,0.007520,READY
1787023932889641958,2026-08-18T10:32:12.889697,ground_truth,0.350058,0.723000,0.188873,0.358094,0.697006,0.172829,True,,,,,,,,,-0.413054,1.137975,0.514381,-0.414677,1.132054,0.510561,0.000000,0.000000,0.135698,0.000000,0.053659,0.000000,0.050820,-0.675080,0.319633,-0.034848,-0.039584,0.005696,READY
1787023932922744656,2026-08-18T10:32:12.922766,ground_truth,0.345743,0.749000,0.187762,0.357061,0.699721,0.174966,True,,,,,,,,,-0.412021,1.140690,0.516518,-0.414677,1.132054,0.510561,0.000000,0.000000,0.126099,0.002609,0.048863,0.000000,0.044940,-0.697480,0.305025,-0.036512,-0.040576,0.006624,READY
1787023932959762970,2026-08-18T10:32:12.959779,ground_truth,0.346904,0.742000,0.191320,0.355513,0.702718,0.176993,True,,,,,,,,,-0.410472,1.143686,0.518545,-0.412388,1.138387,0.514908,0.000000,0.000000,0.120858,0.000000,0.048432,0.000000,0.047040,-0.693140,0.322953,-0.037120,-0.038848,0.006240,READY
1787023932989191121,2026-08-18T10:32:12.989208,ground_truth,0.346904,0.742000,0.191320,0.354266,0.707157,0.179257,True,,,,,,,,,-0.409226,1.148125,0.520809,-0.412388,1.138387,0.514908,0.000000,0.000000,0.122605,0.000000,0.048432,0.000000,0.046060,-0.693140,0.328099,-0.037120,-0.038848,0.005120,READY
1787023933022252914,2026-08-18T10:32:13.022271,ground_truth,0.344637,0.736000,0.191587,0.353547,0.711885,0.181124,True,,,,,,,,,-0.408506,1.152853,0.522676,-0.410386,1.145847,0.518914,0.000000,0.000000,0.122605,0.000000,0.051482,0.000000,0.042700,-0.707700,0.330838,-0.037120,-0.041856,0.005408,READY
1787023933053371879,2026-08-18T10:32:13.053390,ground_truth,0.344637,0.736000,0.191587,0.352519,0.715977,0.182758,True,,,,,,,,,-0.407479,1.156945,0.524310,-0.410386,1.145847,0.518914,0.000000,0.000000,0.132204,0.000000,0.054101,0.000000,0.036260,-0.782740,0.338391,-0.040704,-0.041024,0.005408,READY
1787023933091632105,2026-08-18T10:32:13.091679,ground_truth,0.345623,0.730000,0.195133,0.351492,0.719622,0.184391,True,,,,,,,,,-0.406451,1.160591,0.525943,-0.408354,1.153460,0.522544,0.000000,0.000000,0.154457,0.000000,0.061949,0.000000,0.029120,-0.815220,0.355406,-0.043744,-0.039808,0.005408,READY
1787023933120842355,2026-08-18T10:32:13.120859,ground_truth,0.339259,0.749000,0.197505,0.350608,0.723178,0.186053,True,,,,,,,,,-0.405568,1.164146,0.527605,-0.408354,1.153460,0.522544,0.000000,0.000000,0.171037,0.000000,0.067188,0.000000,0.029960,-0.801220,0.367275,-0.044032,-0.045760,0.005408,READY
1787023933155784487,2026-08-18T10:32:13.155801,ground_truth,0.336017,0.749000,0.200753,0.349077,0.726716,0.187603,True,,,,,,,,,-0.404037,1.167684,0.529155,-0.406083,1.160941,0.526021,0.000000,0.000000,0.184131,0.000000,0.072426,0.000000,0.031920,-0.776160,0.367607,-0.043968,-0.044928,0.005568,READY
1787023933187744155,2026-08-18T10:32:13.187764,ground_truth,0.333635,0.723000,0.208619,0.347699,0.730570,0.189225,True,,,,,,,,,-0.402658,1.171538,0.530777,-0.406083,1.160941,0.526021,0.000000,0.000000,0.196785,0.000000,0.080716,0.000000,0.031220,-0.758520,0.357149,-0.041856,-0.045536,0.005408,READY
1787023933225782048,2026-08-18T10:32:13.225817,ground_truth,0.328588,0.755000,0.213410,0.346240,0.733794,0.191167,True,,,,,,,,,-0.401199,1.174762,0.532719,-0.403530,1.168167,0.529522,0.000000,0.000000,0.196785,0.000000,0.081158,0.000000,0.031220,-0.757540,0.350094,-0.041088,-0.042080,0.004960,READY
1787023933255044590,2026-08-18T10:32:13.255068,ground_truth,0.324644,0.780000,0.218404,0.344735,0.736519,0.193275,True,,,,,,,,,-0.399694,1.177487,0.534827,-0.403530,1.168167,0.529522,0.000000,0.000000,0.196785,0.000000,0.081158,0.000000,0.031220,-0.757540,0.350094,-0.041088,-0.042080,0.004960,READY
1787023933289518369,2026-08-18T10:32:13.289549,ground_truth,0.323053,0.810000,0.222920,0.342967,0.738077,0.195499,True,,,,,,,,,-0.397926,1.179046,0.537051,-0.400388,1.174265,0.533743,0.000000,0.000000,0.196785,0.000000,0.081158,0.000000,0.031220,-0.757540,0.350094,-0.041088,-0.042080,0.004960,READY
1787023933321333164,2026-08-18T10:32:13.321367,ground_truth,0.320344,0.827000,0.228094,0.340947,0.740735,0.197988,True,,,,,,,,,-0.395907,1.181704,0.539540,-0.400388,1.174265,0.533743,0.000000,0.000000,0.196785,0.000000,0.081158,0.000000,0.031220,-0.757540,0.350094,-0.041088,-0.042080,0.004960,READY
1787023933355643961,2026-08-18T10:32:13.355666,ground_truth,0.316284,0.833000,0.237027,0.338893,0.745214,0.200858,True,,,,,,,,,-0.393852,1.186182,0.542410,-0.397008,1.180428,0.538225,0.000000,0.000000,0.200711,0.000000,0.080716,0.000000,0.026880,-0.737100,0.355406,-0.040192,-0.042688,0.005696,READY
1787023933386675128,2026-08-18T10:32:13.386700,ground_truth,0.315054,0.821000,0.241006,0.336422,0.751656,0.204288,True,,,,,,,,,-0.391382,1.192625,0.545840,-0.397008,1.180428,0.538225,0.000000,0.000000,0.198525,0.000000,0.078096,0.000000,0.026040,-0.731220,0.362959,-0.039584,-0.046880,0.005856,READY
1787023933424115286,2026-08-18T10:32:13.424147,ground_truth,0.310078,0.833000,0.246354,0.334089,0.758491,0.207763,True,,,,,,,,,-0.389048,1.199460,0.549315,-0.393586,1.188609,0.542992,0.000000,0.000000,0.200711,0.000000,0.080716,0.000000,0.025340,-0.728420,0.360220,-0.039904,-0.048096,0.005920,READY
1787023933455675981,2026-08-18T10:32:13.455714,ground_truth,0.297924,0.810000,0.248098,0.331711,0.765725,0.211669,True,,,,,,,,,-0.386670,1.206693,0.553221,-0.393586,1.188609,0.542992,0.000000,0.000000,0.200711,0.000000,0.080716,0.000000,0.025340,-0.728420,0.360220,-0.039904,-0.048096,0.005920,READY
1787023933488867106,2026-08-18T10:32:13.488885,ground_truth,0.288150,0.767000,0.254575,0.328446,0.771385,0.215454,True,,,,,,,,,-0.383405,1.212354,0.557006,-0.390143,1.196639,0.547732,0.000000,0.000000,0.200711,0.000000,0.080716,0.000000,0.025340,-0.728420,0.360220,-0.039904,-0.048096,0.005920,READY
1787023933521591312,2026-08-18T10:32:13.521629,ground_truth,0.280110,0.755000,0.258742,0.324529,0.776144,0.219671,True,,,,,,,,,-0.379488,1.217112,0.561223,-0.390143,1.196639,0.547732,0.000000,0.000000,0.200711,0.000000,0.080716,0.000000,0.025340,-0.728420,0.360220,-0.039904,-0.048096,0.005920,READY
1787023933555897577,2026-08-18T10:32:13.555920,ground_truth,0.272806,0.786000,0.259477,0.320227,0.778429,0.224148,True,,,,,,,,,-0.375186,1.219397,0.565700,-0.385562,1.203611,0.553236,0.000000,0.000000,0.198964,0.000000,0.080716,0.000000,0.026040,-0.727440,0.355572,-0.039744,-0.043520,0.006240,READY
1787023933589675195,2026-08-18T10:32:13.589704,ground_truth,0.265086,0.821000,0.262909,0.315438,0.780539,0.228674,True,,,,,,,,,-0.370398,1.221508,0.570226,-0.385562,1.203611,0.553236,0.000000,0.000000,0.198964,0.000000,0.080716,0.000000,0.026040,-0.727440,0.355572,-0.039744,-0.043520,0.006240,READY
1787023933627406555,2026-08-18T10:32:13.627438,ground_truth,0.260989,0.804000,0.267495,0.310069,0.783628,0.233193,True,,,,,,,,,-0.365029,1.224596,0.574745,-0.379917,1.209379,0.559148,0.000000,0.000000,0.198964,0.000000,0.080716,0.000000,0.026040,-0.727440,0.355572,-0.039744,-0.043520,0.006240,READY
1787023933656680196,2026-08-18T10:32:13.656711,ground_truth,0.256341,0.816000,0.266466,0.304851,0.787872,0.237859,True,,,,,,,,,-0.359811,1.228841,0.579411,-0.379917,1.209379,0.559148,0.000000,0.000000,0.198964,0.000000,0.080716,0.000000,0.026040,-0.727440,0.355572,-0.039744,-0.043520,0.006240,READY
1787023933689553868,2026-08-18T10:32:13.689570,ground_truth,0.245629,0.827000,0.268643,0.299539,0.792295,0.242240,True,,,,,,,,,-0.354499,1.233263,0.583792,-0.373969,1.214968,0.564915,0.000000,0.000000,0.201142,0.000000,0.078096,0.000000,0.020020,-0.705460,0.358145,-0.038848,-0.039968,0.004800,READY
1787023933722699108,2026-08-18T10:32:13.722734,ground_truth,0.239403,0.827000,0.268643,0.293672,0.796752,0.246241,True,,,,,,,,,-0.348632,1.237721,0.587793,-0.373969,1.214968,0.564915,0.000000,0.000000,0.201142,0.000000,0.078096,0.000000,0.020020,-0.705460,0.358145,-0.038848,-0.039968,0.004800,READY
1787023933759781896,2026-08-18T10:32:13.759819,ground_truth,0.233856,0.821000,0.272296,0.287727,0.801804,0.249924,True,,,,,,,,,-0.342686,1.242772,0.591476,-0.367642,1.220592,0.570287,0.000000,0.000000,0.201142,0.000000,0.078096,0.000000,0.020020,-0.705460,0.358145,-0.038848,-0.039968,0.004800,READY
1787023933790117262,2026-08-18T10:32:13.790149,ground_truth,0.226951,0.827000,0.271762,0.281674,0.806654,0.253516,True,,,,,,,,,-0.336634,1.247623,0.595068,-0.367642,1.220592,0.570287,0.000000,0.000000,0.201142,0.000000,0.078096,0.000000,0.020020,-0.705460,0.358145,-0.038848,-0.039968,0.004800,READY
1787023933823318765,2026-08-18T10:32:13.823354,ground_truth,0.222537,0.810000,0.273275,0.275267,0.810131,0.256772,True,,,,,,,,,-0.330227,1.251099,0.598324,-0.360970,1.226032,0.575287,0.000000,0.000000,0.200711,0.000000,0.078096,0.000000,0.017360,-0.691600,0.363291,-0.038976,-0.046656,0.005792,READY
1787023933854693415,2026-08-18T10:32:13.854742,ground_truth,0.215635,0.816000,0.272741,0.268747,0.811413,0.259785,True,,,,,,,,,-0.323706,1.252381,0.601337,-0.360970,1.226032,0.575287,0.000000,0.000000,0.200711,0.000000,0.081158,0.000000,0.013580,-0.677040,0.366113,-0.038848,-0.043136,0.005632,READY
1787023933890023812,2026-08-18T10:32:13.890042,ground_truth,0.208272,0.827000,0.271762,0.262037,0.811083,0.262165,True,,,,,,,,,-0.316996,1.252051,0.603717,-0.353425,1.230496,0.580165,0.000000,0.000000,0.198525,0.000000,0.078096,0.000000,0.013020,-0.675080,0.371425,-0.038848,-0.041984,0.006144,READY
1787023933920134176,2026-08-18T10:32:13.920149,ground_truth,0.197792,0.839000,0.270694,0.254918,0.810430,0.264216,True,,,,,,,,,-0.309877,1.251398,0.605768,-0.353425,1.230496,0.580165,0.000000,0.000000,0.198964,0.000000,0.078538,0.000000,0.011760,-0.671020,0.367275,-0.038688,-0.043744,0.004960,READY
1787023933957898847,2026-08-18T10:32:13.957946,ground_truth,0.193257,0.821000,0.269167,0.247432,0.809979,0.265839,True,,,,,,,,,-0.302392,1.250948,0.607391,-0.345121,1.233824,0.584595,0.000000,0.000000,0.200711,0.000000,0.081158,0.000000,0.011760,-0.666680,0.375741,-0.038976,-0.046656,0.005472,READY
1787023933991325752,2026-08-18T10:32:13.991364,ground_truth,0.187011,0.821000,0.269167,0.240454,0.810209,0.267243,True,,,,,,,,,-0.295414,1.251178,0.608795,-0.345121,1.233824,0.584595,0.000000,0.000000,0.200711,0.000000,0.081158,0.000000,0.011760,-0.666680,0.375741,-0.038976,-0.046656,0.005472,READY
1787023934023027843,2026-08-18T10:32:14.023050,ground_truth,0.176138,0.839000,0.270694,0.233712,0.810842,0.268216,True,,,,,,,,,-0.288671,1.251810,0.609768,-0.336205,1.236665,0.588571,0.000000,0.000000,0.200711,0.000000,0.081158,0.000000,0.011760,-0.666680,0.375741,-0.038976,-0.046656,0.005472,READY
1787023934060692989,2026-08-18T10:32:14.060764,ground_truth,0.170914,0.827000,0.271762,0.226780,0.813848,0.269013,True,,,,,,,,,-0.281740,1.254817,0.610565,-0.336205,1.236665,0.588571,0.000000,0.000000,0.200711,0.000000,0.081158,0.000000,0.011760,-0.666680,0.375741,-0.038976,-0.046656,0.005472,READY
1787023934090243946,2026-08-18T10:32:14.090279,ground_truth,0.169069,0.850000,0.269715,0.219987,0.817650,0.269832,True,,,,,,,,,-0.274947,1.258618,0.611384,-0.327482,1.239791,0.591820,0.000000,0.000000,0.198964,0.000000,0.080716,0.000000,0.012320,-0.667100,0.370927,-0.038976,-0.042688,0.005792,READY
1787023934121750472,2026-08-18T10:32:14.121791,ground_truth,0.162457,0.856000,0.269181,0.213586,0.821237,0.270285,True,,,,,,,,,-0.268546,1.262205,0.611837,-0.327482,1.239791,0.591820,0.000000,0.000000,0.198525,0.000000,0.078096,0.000000,0.005460,-0.654360,0.375326,-0.038848,-0.041472,0.004864,READY
1787023934155386710,2026-08-18T10:32:14.155401,ground_truth,0.157578,0.839000,0.273793,0.207017,0.824407,0.270398,True,,,,,,,,,-0.261977,1.265376,0.611950,-0.318443,1.243321,0.594597,0.000000,0.000000,0.200711,0.000000,0.081158,0.000000,0.007980,-0.653660,0.369516,-0.039136,-0.039424,0.005472,READY
1787023934188191484,2026-08-18T10:32:14.188216,ground_truth,0.150618,0.850000,0.272796,0.200433,0.826855,0.270886,True,,,,,,,,,-0.255393,1.267823,0.612438,-0.318443,1.243321,0.594597,0.000000,0.000000,0.198525,0.000000,0.080716,0.000000,0.003360,-0.650580,0.375907,-0.038976,-0.043968,0.004960,READY
1787023934225424961,2026-08-18T10:32:14.225459,ground_truth,0.141000,0.856000,0.272252,0.194099,0.829158,0.271163,True,,,,,,,,,-0.249059,1.270126,0.612715,-0.309435,1.246802,0.596950,0.000000,0.000000,0.198964,0.000000,0.080716,0.000000,0.004620,-0.647220,0.376903,-0.039296,-0.041024,0.005120,READY
1787023934255610296,2026-08-18T10:32:14.255650,ground_truth,0.137935,0.856000,0.269181,0.187539,0.830845,0.271404,True,,,,,,,,,-0.242499,1.271813,0.612956,-0.309435,1.246802,0.596950,0.000000,0.000000,0.200711,0.000000,0.078096,0.000000,0.005460,-0.646660,0.370678,-0.039296,-0.041408,0.005120,READY
1787023934291173878,2026-08-18T10:32:14.291202,ground_truth,0.132469,0.845000,0.267070,0.181144,0.832729,0.271196,True,,,,,,,,,-0.236104,1.273697,0.612748,-0.300301,1.250152,0.598917,0.000000,0.000000,0.200711,0.000000,0.078096,0.000000,0.006720,-0.645960,0.372919,-0.039296,-0.045984,0.006016,READY
1787023934326450842,2026-08-18T10:32:14.326495,ground_truth,0.126016,0.850000,0.266634,0.174845,0.834653,0.270883,True,,,,,,,,,-0.229805,1.275621,0.612435,-0.300301,1.250152,0.598917,0.000000,0.000000,0.200711,0.000000,0.080716,0.000000,0.002100,-0.644980,0.365532,-0.039296,-0.040480,0.004512,READY
1787023934359581691,2026-08-18T10:32:14.359599,ground_truth,0.123219,0.845000,0.263981,0.168411,0.836584,0.270440,True,,,,,,,,,-0.223370,1.277552,0.611992,-0.290930,1.253489,0.600510,0.000000,0.000000,0.198964,0.000000,0.078096,0.000000,0.007420,-0.642320,0.385203,-0.039584,-0.042144,0.005792,READY
1787023934388006214,2026-08-18T10:32:14.388034,ground_truth,0.120458,0.839000,0.264495,0.162250,0.838517,0.269856,True,,,,,,,,,-0.217209,1.279485,0.611408,-0.290930,1.253489,0.600510,0.000000,0.000000,0.198964,0.000000,0.078096,0.000000,0.006720,-0.641900,0.380306,-0.039584,-0.045248,0.005632,READY
1787023934423897062,2026-08-18T10:32:14.423936,ground_truth,0.117992,0.827000,0.256166,0.156396,0.840450,0.269372,True,,,,,,,,,-0.211355,1.281419,0.610924,-0.281564,1.256776,0.601736,0.000000,0.000000,0.200711,0.000000,0.080716,0.000000,0.007420,-0.641060,0.377567,-0.039584,-0.042528,0.005632,READY
1787023934461091152,2026-08-18T10:32:14.461119,ground_truth,0.111765,0.827000,0.253047,0.151075,0.841477,0.268404,True,,,,,,,,,-0.206035,1.282445,0.609956,-0.281564,1.256776,0.601736,0.000000,0.000000,0.200711,0.000000,0.080716,0.000000,0.007420,-0.641060,0.377567,-0.039584,-0.042528,0.005632,READY
1787023934491925888,2026-08-18T10:32:14.491966,ground_truth,0.109172,0.816000,0.247643,0.145643,0.841682,0.267329,True,,,,,,,,,-0.200602,1.282651,0.608881,-0.272094,1.259803,0.602571,0.000000,0.000000,0.200711,0.000000,0.080716,0.000000,0.007420,-0.641060,0.377567,-0.039584,-0.042528,0.005632,READY
1787023934525525436,2026-08-18T10:32:14.525570,ground_truth,0.103173,0.810000,0.244950,0.140453,0.842043,0.265894,True,,,,,,,,,-0.195413,1.283012,0.607446,-0.272094,1.259803,0.602571,0.000000,0.000000,0.200711,0.000000,0.080716,0.000000,0.007420,-0.641060,0.377567,-0.039584,-0.042528,0.005632,READY
1787023934559588160,2026-08-18T10:32:14.559616,ground_truth,0.096647,0.816000,0.244506,0.135589,0.841849,0.264178,True,,,,,,,,,-0.190549,1.282817,0.605730,-0.262360,1.262550,0.602948,0.000000,0.000000,0.198964,0.000000,0.080716,0.000000,0.006720,-0.638820,0.370678,-0.039584,-0.039744,0.005920,READY
1787023934591200674,2026-08-18T10:32:14.591225,ground_truth,0.096891,0.810000,0.241803,0.130638,0.841223,0.262361,True,,,,,,,,,-0.185597,1.282192,0.603913,-0.262360,1.262550,0.602948,0.000000,0.000000,0.198964,0.000000,0.080716,0.000000,0.000280,-0.635180,0.380555,-0.040192,-0.040352,0.004800,READY
1787023934625198802,2026-08-18T10:32:14.625226,ground_truth,0.093984,0.804000,0.239081,0.125826,0.839551,0.260500,True,,,,,,,,,-0.180786,1.280520,0.602052,-0.252744,1.264668,0.602843,0.000000,0.000000,0.200711,0.000000,0.081158,0.000000,0.001120,-0.634200,0.376405,-0.039968,-0.043200,0.004640,READY
1787023934659409697,2026-08-18T10:32:14.659447,ground_truth,0.094686,0.786000,0.237169,0.121261,0.837084,0.258493,True,,,,,,,,,-0.176221,1.278052,0.600045,-0.252744,1.264668,0.602843,0.000000,0.000000,0.198964,0.000000,0.081158,0.000000,0.000280,-0.633640,0.377733,-0.040192,-0.037792,0.004640,READY
1787023934692421162,2026-08-18T10:32:14.692456,ground_truth,0.091057,0.798000,0.236339,0.117068,0.834137,0.256052,True,,,,,,,,,-0.172028,1.275105,0.597604,-0.242805,1.265954,0.602198,0.000000,0.000000,0.198964,0.000000,0.081158,0.000000,0.000280,-0.633640,0.377733,-0.040192,-0.037792,0.004640,READY
1787023934725128162,2026-08-18T10:32:14.725157,ground_truth,0.088325,0.786000,0.230796,0.113098,0.830774,0.253621,True,,,,,,,,,-0.168057,1.271743,0.595173,-0.242805,1.265954,0.602198,0.000000,0.000000,0.198964,0.000000,0.081158,0.000000,0.000280,-0.633640,0.377733,-0.040192,-0.037792,0.004640,READY
1787023934761147398,2026-08-18T10:32:14.761182,ground_truth,0.088110,0.792000,0.227223,0.109586,0.826688,0.250857,True,,,,,,,,,-0.164545,1.267657,0.592409,-0.232894,1.266169,0.600958,0.000000,0.000000,0.198964,0.000000,0.081158,0.000000,0.000280,-0.633640,0.377733,-0.040192,-0.037792,0.004640,READY
1787023934789855690,2026-08-18T10:32:14.789896,ground_truth,0.084940,0.792000,0.227223,0.106264,0.822458,0.248060,True,,,,,,,,,-0.161224,1.263426,0.589612,-0.232894,1.266169,0.600958,0.000000,0.000000,0.200711,0.000000,0.081158,0.000000,0.000000,-0.632940,0.374496,-0.040256,-0.041760,0.005632,READY
1787023934826656154,2026-08-18T10:32:14.826691,ground_truth,0.082158,0.780000,0.221601,0.103096,0.818198,0.245404,True,,,,,,,,,-0.158055,1.259167,0.586956,-0.223104,1.265253,0.599126,0.000000,0.000000,0.200711,0.000000,0.078096,0.000000,-0.000560,-0.629300,0.381717,-0.040576,-0.045024,0.005632,READY
1787023934856492955,2026-08-18T10:32:14.856524,ground_truth,0.078783,0.786000,0.221235,0.100172,0.814253,0.242402,True,,,,,,,,,-0.155131,1.255221,0.583954,-0.223104,1.265253,0.599126,0.000000,0.000000,0.198525,0.000000,0.083335,0.000000,-0.002100,-0.628600,0.383958,-0.040576,-0.040256,0.004352,READY
1787023934897004345,2026-08-18T10:32:14.897038,ground_truth,0.078783,0.786000,0.218048,0.097209,0.810317,0.239552,True,,,,,,,,,-0.152169,1.251286,0.581104,-0.213584,1.263379,0.596708,0.000000,0.000000,0.198525,0.000000,0.081158,0.000000,-0.001540,-0.631120,0.384954,-0.040576,-0.040192,0.004512,READY
1787023934926599552,2026-08-18T10:32:14.926655,ground_truth,0.078967,0.780000,0.215207,0.094431,0.806384,0.236455,True,,,,,,,,,-0.149391,1.247352,0.578007,-0.213584,1.263379,0.596708,0.000000,0.000000,0.200711,0.000000,0.080716,0.000000,-0.002660,-0.631120,0.382713,-0.040576,-0.040128,0.004640,READY
1787023934957363525,2026-08-18T10:32:14.957390,ground_truth,0.078783,0.786000,0.211674,0.091829,0.802770,0.233725,True,,,,,,,,,-0.146789,1.243739,0.575277,-0.204403,1.260679,0.593762,0.000000,0.000000,0.200711,0.000000,0.080716,0.000000,-0.000560,-0.629580,0.380555,-0.040576,-0.043040,0.004640,READY
1787023934990392487,2026-08-18T10:32:14.990423,ground_truth,0.079182,0.773000,0.212402,0.089630,0.799861,0.230967,True,,,,,,,,,-0.144590,1.240829,0.572519,-0.204403,1.260679,0.593762,0.000000,0.000000,0.200711,0.000000,0.080716,0.000000,-0.002100,-0.629580,0.377567,-0.040864,-0.039200,0.004640,READY
1787023935026075184,2026-08-18T10:32:15.026110,ground_truth,0.078967,0.780000,0.208814,0.087631,0.796772,0.228617,True,,,,,,,,,-0.142591,1.237741,0.570169,-0.195577,1.257404,0.590393,0.000000,0.000000,0.200711,0.000000,0.080716,0.000000,-0.002100,-0.629580,0.377567,-0.040864,-0.039200,0.004640,READY
1787023935058016384,2026-08-18T10:32:15.058037,ground_truth,0.079182,0.773000,0.205985,0.086017,0.794234,0.226208,True,,,,,,,,,-0.140977,1.235203,0.567760,-0.195577,1.257404,0.590393,0.000000,0.000000,0.200711,0.000000,0.080716,0.000000,-0.002100,-0.629580,0.377567,-0.040864,-0.039200,0.004640,READY
1787023935094524452,2026-08-18T10:32:15.094562,ground_truth,0.079182,0.773000,0.202777,0.084853,0.791434,0.223640,True,,,,,,,,,-0.139813,1.232402,0.565192,-0.187197,1.253647,0.586606,0.000000,0.000000,0.200711,0.000000,0.083766,0.000000,-0.001820,-0.629580,0.380887,-0.041024,-0.039200,0.005408,READY
1787023935123583882,2026-08-18T10:32:15.123659,ground_truth,0.079182,0.773000,0.202777,0.083673,0.788900,0.221038,True,,,,,,,,,-0.138632,1.229869,0.562590,-0.187197,1.253647,0.586606,0.000000,0.000000,0.198525,0.000000,0.078096,0.000000,-0.000560,-0.629300,0.381053,-0.041632,-0.040960,0.005920,READY
1787023935161185376,2026-08-18T10:32:15.161211,ground_truth,0.079367,0.767000,0.203083,0.082686,0.786420,0.218618,True,,,,,,,,,-0.137645,1.227388,0.560170,-0.179087,1.249349,0.582279,0.000000,0.000000,0.198525,0.000000,0.078096,0.000000,-0.000560,-0.629300,0.381053,-0.041632,-0.040960,0.005920,READY
1787023935200422300,2026-08-18T10:32:15.200441,ground_truth,0.079182,0.773000,0.202777,0.081665,0.784271,0.216346,True,,,,,,,,,-0.136624,1.225239,0.557898,-0.179087,1.249349,0.582279,0.000000,0.000000,0.198525,0.000000,0.078096,0.000000,-0.000560,-0.629300,0.381053,-0.041632,-0.040960,0.005920,READY
1787023935244119904,2026-08-18T10:32:15.244152,ground_truth,0.079182,0.773000,0.199569,0.080873,0.782507,0.214108,True,,,,,,,,,-0.135832,1.223476,0.555660,-0.179087,1.249349,0.582279,0.000000,0.000000,0.198525,0.000000,0.078096,0.000000,-0.000560,-0.629300,0.381053,-0.041632,-0.040960,0.005920,READY
1787023935273830344,2026-08-18T10:32:15.273868,ground_truth,0.079182,0.773000,0.199569,0.080263,0.781462,0.212026,True,,,,,,,,,-0.135223,1.222430,0.553578,-0.179087,1.249349,0.582279,0.000000,0.000000,0.198525,0.000000,0.078096,0.000000,-0.000560,-0.629300,0.381053,-0.041632,-0.040960,0.005920,READY
1787023935300408968,2026-08-18T10:32:15.300442,ground_truth,0.078967,0.780000,0.196027,0.079668,0.780239,0.210183,True,,,,,,,,,-0.134628,1.221207,0.551735,-0.168126,1.242411,0.574749,0.000000,0.000000,0.200711,0.000000,0.080716,0.000000,-0.000560,-0.629300,0.379642,-0.041760,-0.038144,0.005632,READY
1787023935334933363,2026-08-18T10:32:15.334991,ground_truth,0.079552,0.761000,0.196933,0.079270,0.778981,0.208103,True,,,,,,,,,-0.134230,1.219950,0.549655,-0.168126,1.242411,0.574749,0.000000,0.000000,0.200711,0.000000,0.080716,0.000000,-0.000560,-0.629300,0.379642,-0.041760,-0.038144,0.005632,READY
1787023935366377209,2026-08-18T10:32:15.366415,ground_truth,0.079736,0.755000,0.197219,0.079096,0.777716,0.206459,True,,,,,,,,,-0.134056,1.218685,0.548010,-0.161220,1.237602,0.569329,0.000000,0.000000,0.200711,0.000000,0.080716,0.000000,-0.000560,-0.629300,0.379642,-0.041760,-0.038144,0.005632,READY
1787023935397364973,2026-08-18T10:32:15.397395,ground_truth,0.075980,0.773000,0.193152,0.079160,0.776130,0.204857,True,,,,,,,,,-0.134119,1.217098,0.546409,-0.161220,1.237602,0.569329,0.000000,0.000000,0.200711,0.000000,0.080716,0.000000,-0.000560,-0.629300,0.379642,-0.041760,-0.038144,0.005632,READY
1787023935428531841,2026-08-18T10:32:15.428558,ground_truth,0.076504,0.755000,0.190743,0.078973,0.774479,0.203198,True,,,,,,,,,-0.133933,1.215448,0.544750,-0.154852,1.232432,0.563593,0.000000,0.000000,0.200711,0.000000,0.080716,0.000000,-0.000560,-0.629300,0.379642,-0.041760,-0.038144,0.005632,READY
1787023935457078806,2026-08-18T10:32:15.457117,ground_truth,0.076330,0.761000,0.187249,0.078809,0.772496,0.201567,True,,,,,,,,,-0.133768,1.213464,0.543119,-0.154852,1.232432,0.563593,0.000000,0.000000,0.200711,0.000000,0.080716,0.000000,-0.000560,-0.629300,0.379642,-0.041760,-0.038144,0.005632,READY
1787023935488991520,2026-08-18T10:32:15.489005,ground_truth,0.076504,0.755000,0.181029,0.078645,0.770766,0.199938,True,,,,,,,,,-0.133605,1.211734,0.541490,-0.149069,1.226799,0.557577,0.000000,0.000000,0.200711,0.000000,0.078538,0.000000,-0.002380,-0.628320,0.376903,-0.042688,-0.043200,0.005632,READY
1787023935522891145,2026-08-18T10:32:15.522935,ground_truth,0.073273,0.755000,0.177791,0.078467,0.769087,0.197847,True,,,,,,,,,-0.133426,1.210055,0.539399,-0.149069,1.226799,0.557577,0.000000,0.000000,0.200711,0.000000,0.078538,0.000000,-0.002380,-0.628320,0.376903,-0.042688,-0.043200,0.005632,READY
1787023935554997613,2026-08-18T10:32:15.555013,ground_truth,0.069886,0.761000,0.167880,0.078087,0.767417,0.195779,True,,,,,,,,,-0.133047,1.208386,0.537331,-0.144015,1.220990,0.551190,0.000000,0.000000,0.200711,0.000000,0.078538,0.000000,-0.002380,-0.628320,0.376903,-0.042688,-0.043200,0.005632,READY
1787023935595396609,2026-08-18T10:32:15.595427,ground_truth,0.069731,0.767000,0.164464,0.077467,0.766123,0.193238,True,,,,,,,,,-0.132427,1.207092,0.534790,-0.144015,1.220990,0.551190,0.000000,0.000000,0.200711,0.000000,0.078538,0.000000,-0.002380,-0.628320,0.376903,-0.042688,-0.043200,0.005632,READY
1787023935627428446,2026-08-18T10:32:15.627458,ground_truth,0.066519,0.767000,0.161246,0.076837,0.765225,0.190684,True,,,,,,,,,-0.131797,1.206193,0.532236,-0.139543,1.215574,0.544252,0.000000,0.000000,0.200711,0.000000,0.081158,0.000000,-0.004620,-0.629860,0.371923,-0.043584,-0.043040,0.005184,READY
1787023935658156567,2026-08-18T10:32:15.658194,ground_truth,0.066664,0.761000,0.161423,0.075993,0.764725,0.187915,True,,,,,,,,,-0.130953,1.205693,0.529467,-0.139543,1.215574,0.544252,0.000000,0.001744,0.163624,0.000000,0.069807,0.000000,-0.002660,-0.537460,0.347023,-0.040032,-0.041184,0.004640,READY
1787023935694831175,2026-08-18T10:32:15.694863,ground_truth,0.066664,0.761000,0.158195,0.075146,0.764305,0.185138,True,,,,,,,,,-0.130106,1.205273,0.526690,-0.135304,1.210947,0.536364,0.000000,0.001307,0.148353,0.000000,0.072857,0.000000,-0.000840,-0.545580,0.342043,-0.038400,-0.037472,0.005472,READY
1787023935723517988,2026-08-18T10:32:15.723559,ground_truth,0.066664,0.761000,0.154967,0.074312,0.763581,0.182166,True,,,,,,,,,-0.129271,1.204550,0.523718,-0.135304,1.210947,0.536364,0.000000,0.000000,0.119118,0.000000,0.072857,0.000000,0.000000,-0.538720,0.327435,-0.036128,-0.042144,0.005568,READY
1787023935759694980,2026-08-18T10:32:15.759723,ground_truth,0.066664,0.761000,0.154967,0.073477,0.762796,0.179192,True,,,,,,,,,-0.128437,1.203765,0.520744,-0.131952,1.207442,0.528741,0.000000,0.000000,0.100352,0.000000,0.070249,0.000000,-0.000840,-0.539280,0.317807,-0.035520,-0.040800,0.004512,READY
1787023935790410016,2026-08-18T10:32:15.790471,ground_truth,0.066374,0.773000,0.154652,0.072643,0.761999,0.176219,True,,,,,,,,,-0.127602,1.202968,0.517771,-0.131952,1.207442,0.528741,0.000000,0.000000,0.068938,0.000000,0.070249,0.000000,0.000000,-0.551460,0.308179,-0.035232,-0.040128,0.005472,READY
1787023935826400344,2026-08-18T10:32:15.826431,ground_truth,0.066664,0.761000,0.154967,0.071803,0.761200,0.173461,True,,,,,,,,,-0.126763,1.202168,0.515013,-0.129178,1.204623,0.521403,0.000000,0.000000,0.040573,0.002609,0.070249,0.000000,-0.000280,-0.631960,0.315400,-0.035296,-0.039520,0.004640,READY
1787023935861052504,2026-08-18T10:32:15.861078,ground_truth,0.066205,0.780000,0.157665,0.070944,0.760400,0.170663,True,,,,,,,,,-0.125903,1.201368,0.512215,-0.129178,1.204623,0.521403,0.000000,0.000000,0.030105,0.000000,0.075477,0.000000,-0.000280,-0.631960,0.303282,-0.035584,-0.043648,0.004960,READY
1787023935897109291,2026-08-18T10:32:15.897142,ground_truth,0.069240,0.786000,0.157498,0.070042,0.760880,0.168026,True,,,,,,,,,-0.125001,1.201849,0.509578,-0.126727,1.202995,0.514464,0.000000,0.000000,0.011339,0.000000,0.078096,0.000000,-0.002100,-0.680680,0.301124,-0.035904,-0.039296,0.004192,READY
1787023935925998351,2026-08-18T10:32:15.926037,ground_truth,0.069395,0.780000,0.157665,0.069592,0.761989,0.165649,True,,,,,,,,,-0.124552,1.202958,0.507201,-0.126727,1.202995,0.514464,0.000000,0.000000,0.007413,0.000000,0.078096,0.000000,-0.001120,-0.703360,0.301124,-0.036192,-0.039136,0.004960,READY
1787023935962156814,2026-08-18T10:32:15.962172,ground_truth,0.069395,0.780000,0.157665,0.069118,0.763545,0.163444,True,,,,,,,,,-0.124078,1.204513,0.504996,-0.124816,1.203456,0.508014,0.000000,0.000000,0.000000,0.000000,0.080716,0.000000,-0.001120,-0.784280,0.294733,-0.038624,-0.040352,0.004960,READY
1787023935992638058,2026-08-18T10:32:15.992671,ground_truth,0.072586,0.780000,0.160862,0.068656,0.764869,0.161472,True,,,,,,,,,-0.123616,1.205837,0.503024,-0.124816,1.203456,0.508014,0.000000,0.001744,0.000000,0.000000,0.081158,0.000000,-0.001120,-0.792960,0.290749,-0.039360,-0.038752,0.005184,READY
1787023936024725002,2026-08-18T10:32:16.024753,ground_truth,0.072586,0.780000,0.160862,0.068395,0.766467,0.160127,True,,,,,,,,,-0.123354,1.207436,0.501679,-0.123461,1.205759,0.502677,0.000000,0.000000,0.000000,0.000000,0.080716,0.000000,-0.000560,-0.803180,0.273734,-0.039200,-0.040576,0.005184,READY
1787023936060369709,2026-08-18T10:32:16.060410,ground_truth,0.072586,0.780000,0.164059,0.068349,0.768120,0.158999,True,,,,,,,,,-0.123309,1.209089,0.500551,-0.123461,1.205759,0.502677,0.000000,0.000000,0.001740,0.000000,0.078096,0.000000,0.000000,-0.808360,0.248668,-0.039520,-0.044928,0.005472,READY
1787023936092795435,2026-08-18T10:32:16.092813,ground_truth,0.075776,0.780000,0.164059,0.068529,0.769784,0.158744,True,,,,,,,,,-0.123489,1.210753,0.500296,-0.122859,1.209229,0.499096,0.000000,0.000000,0.000000,0.000000,0.080716,0.000000,-0.002100,-0.804720,0.181272,-0.039808,-0.040352,0.004192,READY
1787023936125419597,2026-08-18T10:32:16.125453,ground_truth,0.079182,0.773000,0.170694,0.068932,0.771130,0.158717,True,,,,,,,,,-0.123892,1.212099,0.500269,-0.122859,1.209229,0.499096,0.000000,0.000000,0.000000,0.000000,0.080716,0.000000,0.000000,-0.805280,0.154048,-0.040128,-0.040640,0.005632,READY
1787023936161097483,2026-08-18T10:32:16.161137,ground_truth,0.081963,0.786000,0.173432,0.069776,0.772093,0.159347,True,,,,,,,,,-0.124736,1.213061,0.500899,-0.123176,1.212808,0.497528,0.000000,0.000000,0.003926,0.000000,0.081158,0.000000,-0.000560,-0.809340,0.145831,-0.041024,-0.040416,0.005696,READY
1787023936191831367,2026-08-18T10:32:16.191849,ground_truth,0.081963,0.786000,0.179806,0.070796,0.772979,0.160147,True,,,,,,,,,-0.125756,1.213947,0.501699,-0.123176,1.212808,0.497528,0.000000,0.000000,0.003926,0.000000,0.081158,0.000000,0.000280,-0.807800,0.138444,-0.041472,-0.044704,0.005344,READY
1787023936228204048,2026-08-18T10:32:16.228234,ground_truth,0.084940,0.792000,0.182746,0.071816,0.774489,0.161588,True,,,,,,,,,-0.126776,1.215458,0.503140,-0.124331,1.215888,0.497955,0.000000,0.000000,0.002178,0.000000,0.078096,0.000000,-0.002100,-0.805560,0.139606,-0.041920,-0.041472,0.004576,READY
1787023936260193237,2026-08-18T10:32:16.260219,ground_truth,0.084940,0.792000,0.189100,0.073035,0.776125,0.163440,True,,,,,,,,,-0.127994,1.217093,0.504992,-0.124331,1.215888,0.497955,0.000000,0.000000,0.002178,0.000000,0.078096,0.000000,-0.002100,-0.805560,0.139606,-0.041920,-0.041472,0.004576,READY
1787023936291690369,2026-08-18T10:32:16.291725,ground_truth,0.088325,0.786000,0.192553,0.074253,0.778105,0.165716,True,,,,,,,,,-0.129213,1.219073,0.507268,-0.126224,1.218579,0.500453,0.000000,0.000000,0.002178,0.000000,0.078096,0.000000,-0.002100,-0.805560,0.139606,-0.041920,-0.041472,0.004576,READY
1787023936324676707,2026-08-18T10:32:16.324710,ground_truth,0.091281,0.792000,0.195454,0.075716,0.780154,0.168242,True,,,,,,,,,-0.130676,1.221123,0.509794,-0.126224,1.218579,0.500453,0.000000,0.000000,0.002178,0.000000,0.078096,0.000000,-0.002100,-0.805560,0.139606,-0.041920,-0.041472,0.004576,READY
1787023936360938128,2026-08-18T10:32:16.360962,ground_truth,0.091281,0.792000,0.201808,0.077358,0.782218,0.170942,True,,,,,,,,,-0.132317,1.223186,0.512494,-0.128863,1.221210,0.505041,0.000000,0.000000,0.002178,0.000000,0.080716,0.000000,-0.002660,-0.803740,0.140187,-0.042080,-0.039360,0.004576,READY
1787023936392562925,2026-08-18T10:32:16.392596,ground_truth,0.091505,0.786000,0.205301,0.079029,0.783644,0.173884,True,,,,,,,,,-0.133989,1.224612,0.515436,-0.128863,1.221210,0.505041,0.000000,0.000000,0.000000,0.000000,0.078096,0.000000,-0.001820,-0.798840,0.145499,-0.043744,-0.043424,0.005184,READY
1787023936425355911,2026-08-18T10:32:16.425379,ground_truth,0.091505,0.786000,0.205301,0.080514,0.784569,0.177071,True,,,,,,,,,-0.135473,1.225537,0.518623,-0.132191,1.223576,0.511708,0.000000,0.000000,0.000000,0.000000,0.078096,0.000000,-0.001820,-0.798840,0.145499,-0.043744,-0.043424,0.005184,READY
1787023936458214996,2026-08-18T10:32:16.458248,ground_truth,0.091505,0.786000,0.205301,0.081988,0.785074,0.180247,True,,,,,,,,,-0.136947,1.226042,0.521799,-0.132191,1.223576,0.511708,0.000000,0.000000,0.000000,0.000000,0.078096,0.000000,-0.001820,-0.798840,0.145499,-0.043744,-0.043424,0.005184,READY
1787023936491924826,2026-08-18T10:32:16.491952,ground_truth,0.091730,0.780000,0.205617,0.083462,0.785495,0.183423,True,,,,,,,,,-0.138421,1.226463,0.524975,-0.135611,1.225161,0.518990,0.000000,0.000000,0.000000,0.000000,0.078096,0.000000,-0.001820,-0.798840,0.145499,-0.043744,-0.043424,0.005184,READY
1787023936526395678,2026-08-18T10:32:16.526430,ground_truth,0.091991,0.773000,0.205985,0.084738,0.785899,0.186406,True,,,,,,,,,-0.139697,1.226867,0.527958,-0.135611,1.225161,0.518990,0.000000,0.000000,0.000000,0.000000,0.078096,0.000000,-0.001820,-0.798840,0.145499,-0.043744,-0.043424,0.005184,READY
1787023936557179426,2026-08-18T10:32:16.557211,ground_truth,0.092215,0.767000,0.203083,0.086032,0.785980,0.189414,True,,,,,,,,,-0.140991,1.226948,0.530966,-0.138706,1.226189,0.525880,0.000000,0.000000,0.000000,0.000000,0.078096,0.000000,-0.001820,-0.798840,0.145499,-0.043744,-0.043424,0.005184,READY
1787023936593700978,2026-08-18T10:32:16.593740,ground_truth,0.091991,0.773000,0.199569,0.087340,0.785623,0.192016,True,,,,,,,,,-0.142300,1.226591,0.533568,-0.138706,1.226189,0.525880,0.000000,0.000000,0.000000,0.000000,0.078096,0.000000,-0.001820,-0.798840,0.145499,-0.043744,-0.043424,0.005184,READY
1787023936629940840,2026-08-18T10:32:16.629988,ground_truth,0.091991,0.773000,0.196360,0.088421,0.785178,0.194383,True,,,,,,,,,-0.143381,1.226146,0.535935,-0.141664,1.226162,0.532243,0.000000,0.000000,0.000000,0.000000,0.081158,0.000000,-0.001820,-0.799120,0.146495,-0.043872,-0.044416,0.005920,READY
1787023936658646133,2026-08-18T10:32:16.658684,ground_truth,0.092215,0.767000,0.196647,0.089275,0.784716,0.196094,True,,,,,,,,,-0.144235,1.225684,0.537646,-0.141664,1.226162,0.532243,0.000000,0.000000,0.000000,0.000000,0.064568,0.000000,-0.003640,-0.790160,0.162348,-0.046880,-0.037408,0.004352,READY
1787023936693048781,2026-08-18T10:32:16.693134,ground_truth,0.091991,0.773000,0.196360,0.089959,0.784250,0.197642,True,,,,,,,,,-0.144918,1.225218,0.539194,-0.144133,1.225446,0.537516,0.000000,0.000000,0.000000,0.000000,0.051040,0.000000,-0.004620,-0.788200,0.164921,-0.047200,-0.035680,0.004352,READY
1787023936726101468,2026-08-18T10:32:16.726127,ground_truth,0.091991,0.773000,0.196360,0.090627,0.783463,0.198746,True,,,,,,,,,-0.145587,1.224432,0.540298,-0.144133,1.225446,0.537516,0.000000,0.000000,0.000000,0.000000,0.045812,0.000000,-0.003080,-0.788200,0.165917,-0.047360,-0.036416,0.004352,READY
1787023936758381371,2026-08-18T10:32:16.758416,ground_truth,0.091730,0.780000,0.196027,0.091097,0.782613,0.199653,True,,,,,,,,,-0.146057,1.223581,0.541205,-0.146031,1.223606,0.541156,0.000000,0.000000,0.000000,0.000000,0.040573,0.000000,-0.002380,-0.785540,0.168490,-0.047648,-0.035072,0.005120,READY
1787023936797743404,2026-08-18T10:32:16.797781,ground_truth,0.095895,0.755000,0.200457,0.091550,0.781429,0.200115,True,,,,,,,,,-0.146509,1.222398,0.541667,-0.146031,1.223606,0.541156,0.000000,0.000000,0.000000,0.000000,0.040573,0.000000,-0.002380,-0.785540,0.168490,-0.047648,-0.035072,0.005120,READY
1787023936826463948,2026-08-18T10:32:16.826491,ground_truth,0.095895,0.755000,0.200457,0.092055,0.780179,0.200642,True,,,,,,,,,-0.147014,1.221148,0.542194,-0.147387,1.220756,0.542891,0.000000,0.000000,0.000000,0.000000,0.040573,0.000000,-0.002380,-0.785540,0.168490,-0.047648,-0.035072,0.005120,READY
1787023936864560377,2026-08-18T10:32:16.864596,ground_truth,0.092215,0.767000,0.196647,0.092362,0.777956,0.200976,True,,,,,,,,,-0.147322,1.218924,0.542528,-0.147387,1.220756,0.542891,0.000000,0.000000,0.000000,0.000000,0.040573,0.000000,-0.002380,-0.785540,0.168490,-0.047648,-0.035072,0.005120,READY
1787023936893641384,2026-08-18T10:32:16.893693,ground_truth,0.091991,0.773000,0.196360,0.092425,0.775538,0.200632,True,,,,,,,,,-0.147384,1.216506,0.542184,-0.147779,1.216802,0.542875,0.000000,0.000000,0.000000,0.000000,0.040573,0.000000,-0.003920,-0.784280,0.169735,-0.048256,-0.036640,0.004800,READY
1787023936928925117,2026-08-18T10:32:16.928952,ground_truth,0.092215,0.767000,0.193428,0.092457,0.773721,0.200035,True,,,,,,,,,-0.147416,1.214689,0.541587,-0.147779,1.216802,0.542875,0.000000,0.000000,0.000000,0.000000,0.040573,0.000000,-0.003920,-0.784280,0.169735,-0.048256,-0.036640,0.004800,READY
1787023936961124042,2026-08-18T10:32:16.961154,ground_truth,0.092215,0.767000,0.190210,0.092504,0.772344,0.199244,True,,,,,,,,,-0.147464,1.213313,0.540796,-0.147488,1.213214,0.540840,0.000000,0.000000,0.000000,0.000000,0.040573,0.000000,-0.003920,-0.784280,0.169735,-0.048256,-0.036640,0.004800,READY
1787023936998367020,2026-08-18T10:32:16.998391,ground_truth,0.092215,0.767000,0.190210,0.092552,0.771056,0.198238,True,,,,,,,,,-0.147511,1.212024,0.539790,-0.147488,1.213214,0.540840,0.000000,0.000000,0.000000,0.000000,0.040573,0.000000,-0.003920,-0.784280,0.169735,-0.048256,-0.036640,0.004800,READY
1787023937028560094,2026-08-18T10:32:17.028600,ground_truth,0.091730,0.780000,0.189633,0.092584,0.769784,0.197211,True,,,,,,,,,-0.147543,1.210753,0.538763,-0.147553,1.210321,0.538398,0.001307,0.000000,0.000000,0.000000,0.056279,0.000000,-0.003360,-0.779240,0.175213,-0.048992,-0.039360,0.004512,READY
1787023937063265631,2026-08-18T10:32:17.063306,ground_truth,0.091991,0.773000,0.189944,0.092566,0.768837,0.196121,True,,,,,,,,,-0.147526,1.209805,0.537673,-0.147553,1.210321,0.538398,0.001307,0.000000,0.000000,0.000000,0.078096,0.000000,-0.003080,-0.770840,0.184841,-0.050496,-0.042240,0.005024,READY
1787023937095778007,2026-08-18T10:32:17.095815,ground_truth,0.091991,0.773000,0.189944,0.092552,0.768647,0.195245,True,,,,,,,,,-0.147511,1.209616,0.536797,-0.147486,1.209196,0.535844,0.001307,0.000000,0.000000,0.000000,0.080716,0.000000,-0.004620,-0.771820,0.185754,-0.050496,-0.045312,0.004064,READY
1787023937126826606,2026-08-18T10:32:17.126868,ground_truth,0.091730,0.780000,0.192830,0.092552,0.768610,0.194603,True,,,,,,,,,-0.147511,1.209578,0.536155,-0.147486,1.209196,0.535844,0.001307,0.000000,0.000000,0.000000,0.080716,0.000000,-0.004620,-0.771820,0.185754,-0.050496,-0.045312,0.004064,READY
1787023937162616299,2026-08-18T10:32:17.162649,ground_truth,0.091991,0.773000,0.189944,0.092534,0.768602,0.194368,True,,,,,,,,,-0.147494,1.209570,0.535920,-0.147475,1.209514,0.534981,0.001307,0.000000,0.000000,0.000000,0.080716,0.000000,-0.004620,-0.771820,0.185754,-0.050496,-0.045312,0.004064,READY
1787023937196143656,2026-08-18T10:32:17.196235,ground_truth,0.092439,0.761000,0.190477,0.092519,0.768600,0.193921,True,,,,,,,,,-0.147479,1.209569,0.535473,-0.147475,1.209514,0.534981,0.001307,0.000000,0.000000,0.000000,0.080716,0.000000,-0.004620,-0.771820,0.185754,-0.050496,-0.045312,0.004064,READY
1787023937229502059,2026-08-18T10:32:17.229531,ground_truth,0.091991,0.773000,0.186736,0.092549,0.768600,0.193529,True,,,,,,,,,-0.147509,1.209569,0.535081,-0.147681,1.209850,0.535591,0.000000,0.000000,0.000000,0.000000,0.081158,0.000000,-0.003360,-0.768740,0.187414,-0.051104,-0.048480,0.005184,READY
1787023937259069041,2026-08-18T10:32:17.259099,ground_truth,0.095427,0.767000,0.186992,0.092549,0.768600,0.192887,True,,,,,,,,,-0.147509,1.209569,0.534439,-0.147681,1.209850,0.535591,0.000000,0.000000,0.000000,0.000000,0.078538,0.000000,-0.002380,-0.761600,0.196378,-0.052160,-0.044928,0.005120,READY
1787023937292830769,2026-08-18T10:32:17.292873,ground_truth,0.095427,0.767000,0.186992,0.092796,0.768280,0.192285,True,,,,,,,,,-0.147755,1.209249,0.533837,-0.147830,1.209396,0.534126,0.001307,0.000000,0.000000,0.000000,0.078096,0.000000,-0.003360,-0.759500,0.198951,-0.052608,-0.043424,0.004352,READY
1787023937328865040,2026-08-18T10:32:17.328890,ground_truth,0.101598,0.773000,0.189944,0.092764,0.767896,0.191387,True,,,,,,,,,-0.147724,1.208865,0.532939,-0.147830,1.209396,0.534126,0.001307,0.000000,0.000000,0.000000,0.081158,0.000000,-0.003360,-0.760620,0.199615,-0.052928,-0.044928,0.005632,READY
1787023937361363520,2026-08-18T10:32:17.361379,ground_truth,0.105063,0.767000,0.196647,0.093144,0.768459,0.190686,True,,,,,,,,,-0.148104,1.209428,0.532238,-0.148249,1.209445,0.531241,0.001307,0.000000,0.000000,0.000000,0.080716,0.000000,-0.003360,-0.758240,0.201358,-0.053056,-0.041856,0.005024,READY
1787023937395190523,2026-08-18T10:32:17.395239,ground_truth,0.104492,0.780000,0.199223,0.094001,0.769212,0.190686,True,,,,,,,,,-0.148961,1.210180,0.532238,-0.148249,1.209445,0.531241,0.001307,0.000000,0.000000,0.000000,0.080716,0.000000,-0.004620,-0.757540,0.203433,-0.053216,-0.040032,0.004800,READY
1787023937429788460,2026-08-18T10:32:17.429813,ground_truth,0.104492,0.780000,0.199223,0.094834,0.769682,0.190877,True,,,,,,,,,-0.149794,1.210651,0.532429,-0.149412,1.210196,0.530323,0.000000,0.000000,0.000000,0.000000,0.081158,0.000000,-0.003360,-0.755720,0.205674,-0.053824,-0.044096,0.005632,READY
1787023937459728747,2026-08-18T10:32:17.459780,ground_truth,0.108002,0.773000,0.199569,0.095653,0.770470,0.191263,True,,,,,,,,,-0.150612,1.211438,0.532815,-0.149412,1.210196,0.530323,0.001307,0.000000,0.000000,0.000000,0.081158,0.000000,-0.003920,-0.753200,0.206006,-0.053504,-0.040128,0.004800,READY
1787023937491345985,2026-08-18T10:32:17.491382,ground_truth,0.108276,0.767000,0.199865,0.096705,0.771321,0.191887,True,,,,,,,,,-0.151665,1.212289,0.533439,-0.151140,1.211637,0.531452,0.000000,0.000000,0.000000,0.000000,0.080716,0.000000,-0.003360,-0.753200,0.207583,-0.053824,-0.041856,0.004800,READY
1787023937525695504,2026-08-18T10:32:17.525722,ground_truth,0.108549,0.761000,0.193705,0.097776,0.771811,0.192531,True,,,,,,,,,-0.152736,1.212779,0.534083,-0.151140,1.211637,0.531452,0.000000,0.000000,0.000000,0.000000,0.080716,0.000000,-0.003360,-0.749840,0.208911,-0.053984,-0.044320,0.004064,READY
1787023937560392739,2026-08-18T10:32:17.560416,ground_truth,0.111771,0.761000,0.187249,0.098897,0.771909,0.192802,True,,,,,,,,,-0.153857,1.212877,0.534354,-0.153965,1.212927,0.534470,0.001307,0.000000,0.000000,0.000000,0.081158,0.000000,-0.002380,-0.750120,0.210488,-0.054560,-0.040032,0.005696,READY
1787023937594402564,2026-08-18T10:32:17.594430,ground_truth,0.111771,0.761000,0.184020,0.100216,0.771288,0.192623,True,,,,,,,,,-0.155176,1.212257,0.534175,-0.153965,1.212927,0.534470,0.001307,0.000000,0.000000,0.000000,0.081158,0.000000,-0.002380,-0.750120,0.210488,-0.054560,-0.040032,0.005696,READY
1787023937630502141,2026-08-18T10:32:17.630534,ground_truth,0.111488,0.767000,0.180556,0.101535,0.770524,0.192228,True,,,,,,,,,-0.156494,1.211493,0.533780,-0.156883,1.212841,0.535728,0.001307,0.000000,0.000000,0.000000,0.081158,0.000000,-0.002380,-0.750120,0.210488,-0.054560,-0.040032,0.005696,READY
1787023937659805354,2026-08-18T10:32:17.659835,ground_truth,0.114406,0.773000,0.183527,0.102852,0.769732,0.191409,True,,,,,,,,,-0.157811,1.210700,0.532961,-0.156883,1.212841,0.535728,0.001307,0.000000,0.000000,0.000000,0.081158,0.000000,-0.002380,-0.750120,0.210488,-0.054560,-0.040032,0.005696,READY
1787023937694937338,2026-08-18T10:32:17.694975,ground_truth,0.114406,0.773000,0.186736,0.104346,0.769253,0.190982,True,,,,,,,,,-0.159306,1.210221,0.532534,-0.159545,1.211680,0.535075,0.000000,0.000000,0.000000,0.000000,0.080716,0.000000,-0.004620,-0.749140,0.212065,-0.054560,-0.040352,0.004800,READY
1787023937728596009,2026-08-18T10:32:17.728625,ground_truth,0.114064,0.780000,0.196027,0.105811,0.769157,0.190732,True,,,,,,,,,-0.160770,1.210126,0.532284,-0.159545,1.211680,0.535075,0.001307,0.000000,0.000000,0.000000,0.081158,0.000000,-0.001820,-0.743960,0.215966,-0.055168,-0.040960,0.005472,READY
1787023937759784092,2026-08-18T10:32:17.759805,ground_truth,0.113477,0.792000,0.214516,0.107282,0.769138,0.191352,True,,,,,,,,,-0.162242,1.210107,0.532904,-0.162446,1.209988,0.532739,0.000000,0.000000,0.000000,0.000000,0.080716,0.000000,-0.003080,-0.740880,0.217211,-0.055488,-0.046368,0.005184,READY
1787023937794429206,2026-08-18T10:32:17.794460,ground_truth,0.113184,0.798000,0.226838,0.108485,0.769828,0.193186,True,,,,,,,,,-0.163445,1.210796,0.534738,-0.162446,1.209988,0.532739,0.000000,0.000000,0.000000,0.000000,0.078096,0.000000,-0.002380,-0.739620,0.219452,-0.055936,-0.044192,0.005344,READY
1787023937832015323,2026-08-18T10:32:17.832060,ground_truth,0.119819,0.792000,0.236754,0.109669,0.771299,0.195843,True,,,,,,,,,-0.164629,1.212267,0.537395,-0.165099,1.209390,0.532318,0.001307,0.000000,0.000000,0.000000,0.080716,0.000000,-0.004620,-0.739900,0.220780,-0.055776,-0.042976,0.004512,READY
1787023937863457510,2026-08-18T10:32:17.863492,ground_truth,0.122666,0.798000,0.249007,0.110884,0.772926,0.198964,True,,,,,,,,,-0.165843,1.213895,0.540516,-0.165099,1.209390,0.532318,0.000000,0.000000,0.000000,0.000000,0.078096,0.000000,-0.003920,-0.738640,0.220116,-0.055936,-0.050208,0.004288,READY
1787023937897774933,2026-08-18T10:32:17.897814,ground_truth,0.124828,0.816000,0.260192,0.112057,0.774905,0.202454,True,,,,,,,,,-0.167017,1.215874,0.544006,-0.167322,1.209930,0.533769,0.000000,0.000000,0.000000,0.000000,0.080716,0.000000,-0.005180,-0.736820,0.221112,-0.056384,-0.042368,0.004800,READY
1787023937927183279,2026-08-18T10:32:17.927210,ground_truth,0.127960,0.816000,0.269604,0.113413,0.776634,0.206519,True,,,,,,,,,-0.168373,1.217603,0.548071,-0.167322,1.209930,0.533769,0.000000,0.000000,0.000000,0.000000,0.078096,0.000000,-0.005180,-0.734300,0.221112,-0.056224,-0.042080,0.004800,READY
1787023937961412253,2026-08-18T10:32:17.961461,ground_truth,0.130797,0.821000,0.278554,0.114978,0.778900,0.211211,True,,,,,,,,,-0.169937,1.219869,0.552763,-0.169175,1.211852,0.536890,0.000000,0.000000,0.000000,0.000000,0.078096,0.000000,-0.003360,-0.735280,0.222025,-0.056544,-0.046208,0.004640,READY
1787023937995668762,2026-08-18T10:32:17.995724,ground_truth,0.136298,0.833000,0.283665,0.116497,0.781273,0.216477,True,,,,,,,,,-0.171457,1.222242,0.558029,-0.169175,1.211852,0.536890,0.000000,0.000000,0.000000,0.000000,0.080716,0.000000,-0.003080,-0.732760,0.222357,-0.056544,-0.046304,0.005024,READY
1787023938026686038,2026-08-18T10:32:18.026699,ground_truth,0.146412,0.821000,0.284812,0.118366,0.784308,0.222063,True,,,,,,,,,-0.173325,1.225277,0.563615,-0.170833,1.214836,0.541972,0.000000,0.000000,0.000000,0.000000,0.080716,0.000000,-0.003080,-0.732760,0.222357,-0.056544,-0.046304,0.005024,READY
1787023938060376374,2026-08-18T10:32:18.060398,ground_truth,0.154698,0.792000,0.290762,0.120890,0.787795,0.228137,True,,,,,,,,,-0.175849,1.228763,0.569689,-0.170833,1.214836,0.541972,0.000000,0.000000,0.000000,0.000000,0.080716,0.000000,-0.003080,-0.732760,0.222357,-0.056544,-0.046304,0.005024,READY
1787023938095224127,2026-08-18T10:32:18.095249,ground_truth,0.157005,0.804000,0.295909,0.123751,0.791692,0.235038,True,,,,,,,,,-0.178711,1.232661,0.576590,-0.172663,1.218640,0.549049,0.000000,0.000000,0.000000,0.000000,0.080716,0.000000,-0.003920,-0.733740,0.222357,-0.056448,-0.043968,0.004352,READY
1787023938127980877,2026-08-18T10:32:18.128053,ground_truth,0.162439,0.773000,0.305443,0.126767,0.794765,0.242497,True,,,,,,,,,-0.181727,1.235734,0.584049,-0.172663,1.218640,0.549049,0.000000,0.000000,0.000000,0.000000,0.080716,0.000000,-0.003920,-0.727440,0.224930,-0.057440,-0.044256,0.004352,READY
1787023938162493209,2026-08-18T10:32:18.162518,ground_truth,0.163307,0.804000,0.305380,0.130164,0.797033,0.250823,True,,,,,,,,,-0.185123,1.238002,0.592375,-0.175212,1.222601,0.557913,0.000000,0.000000,0.000000,0.000000,0.078096,0.000000,-0.003360,-0.728140,0.225262,-0.057120,-0.042368,0.005344,READY
1787023938195004681,2026-08-18T10:32:18.195030,ground_truth,0.170080,0.798000,0.306013,0.133424,0.799460,0.258947,True,,,,,,,,,-0.188383,1.240428,0.600499,-0.175212,1.222601,0.557913,0.000000,0.000000,0.000000,0.000000,0.078096,0.000000,-0.003640,-0.725900,0.225594,-0.057280,-0.046976,0.003904,READY
1787023938231861466,2026-08-18T10:32:18.231887,ground_truth,0.172760,0.804000,0.311694,0.137135,0.801279,0.266898,True,,,,,,,,,-0.192095,1.242247,0.608450,-0.178188,1.226064,0.566820,0.000000,0.000000,0.000000,0.000000,0.078096,0.000000,-0.003640,-0.725900,0.225594,-0.057280,-0.046976,0.003904,READY
1787023938265470945,2026-08-18T10:32:18.265525,ground_truth,0.174928,0.816000,0.316663,0.141049,0.803296,0.274610,True,,,,,,,,,-0.196008,1.244264,0.616162,-0.178188,1.226064,0.566820,0.000000,0.000000,0.000000,0.000000,0.078096,0.000000,-0.003640,-0.725900,0.225594,-0.057280,-0.046976,0.003904,READY
1787023938294592168,2026-08-18T10:32:18.294626,ground_truth,0.177141,0.827000,0.318549,0.145145,0.804979,0.281419,True,,,,,,,,,-0.200105,1.245948,0.622971,-0.181639,1.229195,0.575661,0.000000,0.000000,0.000000,0.000000,0.078538,0.000000,-0.003360,-0.727160,0.225594,-0.057280,-0.049216,0.004352,READY
1787023938330375993,2026-08-18T10:32:18.330402,ground_truth,0.177642,0.821000,0.319231,0.149409,0.806596,0.287533,True,,,,,,,,,-0.204369,1.247564,0.629085,-0.181639,1.229195,0.575661,0.000000,0.000000,0.000000,0.000000,0.081158,0.000000,-0.003080,-0.723100,0.227171,-0.057728,-0.045152,0.004960,READY
1787023938362213607,2026-08-18T10:32:18.362229,ground_truth,0.178721,0.845000,0.316500,0.153264,0.808466,0.293032,True,,,,,,,,,-0.208223,1.249434,0.634584,-0.185545,1.232169,0.584319,0.000000,0.000000,0.000000,0.000000,0.078096,0.000000,-0.003080,-0.720720,0.227503,-0.057728,-0.044544,0.005472,READY
1787023938397425747,2026-08-18T10:32:18.397458,ground_truth,0.176847,0.867000,0.310944,0.157001,0.810387,0.297531,True,,,,,,,,,-0.211960,1.251355,0.639083,-0.185545,1.232169,0.584319,0.000000,0.000000,0.000000,0.000000,0.078096,0.000000,-0.003080,-0.721000,0.227835,-0.058048,-0.043360,0.005344,READY
1787023938427548198,2026-08-18T10:32:18.427585,ground_truth,0.179743,0.833000,0.305429,0.160469,0.813277,0.300915,True,,,,,,,,,-0.215428,1.254246,0.642467,-0.189897,1.235384,0.592787,0.000000,0.000000,0.000000,0.000000,0.080716,0.000000,-0.003080,-0.720020,0.229412,-0.057888,-0.045472,0.005024,READY
1787023938460211497,2026-08-18T10:32:18.460228,ground_truth,0.181702,0.810000,0.298453,0.163921,0.815402,0.303303,True,,,,,,,,,-0.218881,1.256371,0.644855,-0.189897,1.235384,0.592787,0.000000,0.000000,0.000000,0.000000,0.080716,0.000000,-0.003920,-0.716660,0.229744,-0.057888,-0.043872,0.004192,READY
1787023938494237735,2026-08-18T10:32:18.494274,ground_truth,0.176138,0.839000,0.286190,0.167315,0.816734,0.304630,True,,,,,,,,,-0.222274,1.257702,0.646182,-0.194803,1.238765,0.600878,0.001307,0.000000,0.000000,0.000000,0.080716,0.000000,-0.003080,-0.718200,0.228499,-0.058048,-0.042912,0.005184,READY
1787023938528539311,2026-08-18T10:32:18.528575,ground_truth,0.175637,0.845000,0.279428,0.169971,0.817640,0.304798,True,,,,,,,,,-0.224930,1.258609,0.646350,-0.194803,1.238765,0.600878,0.000000,0.000000,0.000000,0.000000,0.080716,0.000000,-0.003360,-0.717640,0.228499,-0.058048,-0.046752,0.004640,READY
1787023938564213521,2026-08-18T10:32:18.564260,ground_truth,0.177642,0.821000,0.272296,0.171919,0.818781,0.304439,True,,,,,,,,,-0.226879,1.259750,0.645991,-0.200196,1.242294,0.608463,0.000000,0.000000,0.000000,0.000000,0.080716,0.000000,-0.003360,-0.717640,0.228499,-0.058048,-0.046752,0.004640,READY
1787023938596874926,2026-08-18T10:32:18.596907,ground_truth,0.176640,0.833000,0.265009,0.173449,0.819970,0.303208,True,,,,,,,,,-0.228408,1.260938,0.644760,-0.200196,1.242294,0.608463,0.000000,0.000000,0.000000,0.000000,0.080716,0.000000,-0.003360,-0.717640,0.228499,-0.058048,-0.046752,0.004640,READY
1787023938627922289,2026-08-18T10:32:18.628019,ground_truth,0.173536,0.833000,0.255682,0.174758,0.821754,0.301148,True,,,,,,,,,-0.229717,1.262722,0.642700,-0.206146,1.246411,0.615363,0.000000,0.000000,0.000000,0.000000,0.081158,0.000000,-0.003360,-0.715400,0.228499,-0.058048,-0.047936,0.004960,READY
1787023938660526560,2026-08-18T10:32:18.660544,ground_truth,0.170433,0.833000,0.249464,0.175498,0.824298,0.297831,True,,,,,,,,,-0.230457,1.265266,0.639383,-0.206146,1.246411,0.615363,0.001307,0.000000,0.000000,0.000000,0.080716,0.000000,-0.001820,-0.714140,0.229080,-0.058496,-0.046208,0.005184,READY
1787023938697164597,2026-08-18T10:32:18.697193,ground_truth,0.172278,0.810000,0.244950,0.175973,0.826353,0.294103,True,,,,,,,,,-0.230932,1.267321,0.635655,-0.212619,1.251872,0.620663,0.000000,0.000000,0.000000,0.000000,0.080716,0.000000,-0.003920,-0.710780,0.229080,-0.058784,-0.041920,0.004640,READY
1787023938727983056,2026-08-18T10:32:18.728019,ground_truth,0.167801,0.827000,0.237452,0.176119,0.828631,0.290032,True,,,,,,,,,-0.231079,1.269599,0.631584,-0.212619,1.251872,0.620663,0.000000,0.000000,0.000000,0.000000,0.078538,0.000000,-0.003920,-0.712040,0.230740,-0.058496,-0.045536,0.004064,READY
1787023938764737696,2026-08-18T10:32:18.764768,ground_truth,0.165996,0.810000,0.238656,0.175789,0.830313,0.285083,True,,,,,,,,,-0.230748,1.271281,0.626635,-0.219222,1.258396,0.624012,0.001307,0.000000,0.000000,0.000000,0.080716,0.000000,-0.001120,-0.711340,0.229412,-0.058496,-0.045984,0.005024,READY
1787023938796356693,2026-08-18T10:32:18.796396,ground_truth,0.160598,0.798000,0.242673,0.175193,0.830969,0.279882,True,,,,,,,,,-0.230153,1.271938,0.621434,-0.219222,1.258396,0.624012,0.001307,0.000000,0.000000,0.000000,0.078096,0.000000,-0.005180,-0.708260,0.229412,-0.058496,-0.046368,0.004512,READY
1787023938829003268,2026-08-18T10:32:18.829020,ground_truth,0.154276,0.798000,0.242673,0.174090,0.830781,0.274824,True,,,,,,,,,-0.229050,1.271749,0.616376,-0.225284,1.264931,0.625199,0.001307,0.000000,0.000000,0.000000,0.078096,0.000000,-0.001820,-0.709520,0.229578,-0.058624,-0.047104,0.005184,READY
1787023938865317526,2026-08-18T10:32:18.865342,ground_truth,0.154276,0.798000,0.245840,0.172533,0.829516,0.269720,True,,,,,,,,,-0.227492,1.270485,0.611272,-0.225284,1.264931,0.625199,0.000000,0.000000,0.000000,0.000000,0.080716,0.000000,-0.003080,-0.708260,0.229744,-0.058496,-0.045472,0.004864,READY
1787023938901016272,2026-08-18T10:32:18.901036,ground_truth,0.155120,0.786000,0.253103,0.170903,0.827717,0.265009,True,,,,,,,,,-0.225862,1.268685,0.606561,-0.230330,1.270636,0.624594,0.000000,0.000000,0.000000,0.000000,0.081158,0.000000,-0.003360,-0.706160,0.229744,-0.058624,-0.044544,0.004128,READY
1787023938934302935,2026-08-18T10:32:18.934345,ground_truth,0.155542,0.780000,0.263158,0.169454,0.824850,0.261153,True,,,,,,,,,-0.224414,1.265818,0.602705,-0.230330,1.270636,0.624594,0.000000,0.000000,0.000000,0.000000,0.080716,0.000000,-0.004620,-0.707700,0.229744,-0.058624,-0.043744,0.004640,READY
1787023938963454751,2026-08-18T10:32:18.963478,ground_truth,0.153854,0.804000,0.270652,0.167841,0.821130,0.258335,True,,,,,,,,,-0.222801,1.262099,0.599887,-0.234159,1.275181,0.622537,0.000000,0.000000,0.000000,0.000000,0.080716,0.000000,-0.003920,-0.706720,0.231072,-0.058624,-0.047104,0.004640,READY
1787023938998591689,2026-08-18T10:32:18.998618,ground_truth,0.155120,0.786000,0.275411,0.165984,0.817879,0.256482,True,,,,,,,,,-0.220944,1.258848,0.598034,-0.234159,1.275181,0.622537,0.000000,0.000000,0.000000,0.000000,0.080716,0.000000,-0.003920,-0.706720,0.229744,-0.058624,-0.041536,0.004640,READY
1787023939028709037,2026-08-18T10:32:19.028750,ground_truth,0.155120,0.786000,0.278598,0.164583,0.814723,0.255763,True,,,,,,,,,-0.219543,1.255691,0.597315,-0.236728,1.278486,0.619136,0.000000,0.000000,0.000000,0.000000,0.080716,0.000000,-0.003920,-0.706720,0.229744,-0.058624,-0.041536,0.004640,READY
1787023939064975502,2026-08-18T10:32:19.065019,ground_truth,0.154276,0.798000,0.280677,0.163215,0.811265,0.255708,True,,,,,,,,,-0.218175,1.252233,0.597260,-0.236728,1.278486,0.619136,0.000000,0.000000,0.000000,0.000000,0.080716,0.000000,-0.003920,-0.706720,0.229744,-0.058624,-0.041536,0.004640,READY
1787023939093782135,2026-08-18T10:32:19.093822,ground_truth,0.156141,0.816000,0.279016,0.161658,0.807746,0.256267,True,,,,,,,,,-0.216617,1.248715,0.597819,-0.237771,1.280278,0.615082,0.000000,0.000000,0.000000,0.000000,0.080716,0.000000,-0.003920,-0.706720,0.229744,-0.058624,-0.041536,0.004640,READY
1787023939133810392,2026-08-18T10:32:19.133838,ground_truth,0.155349,0.827000,0.278000,0.160291,0.805176,0.257200,True,,,,,,,,,-0.215251,1.246144,0.598752,-0.237771,1.280278,0.615082,0.000000,0.000000,0.000000,0.000000,0.080716,0.000000,-0.003920,-0.706720,0.229744,-0.058624,-0.041536,0.004640,READY
1787023939162672834,2026-08-18T10:32:19.162725,ground_truth,0.152236,0.827000,0.278000,0.159079,0.803755,0.258688,True,,,,,,,,,-0.214038,1.244724,0.600240,-0.237255,1.280499,0.611363,0.000000,0.000000,0.000000,0.000000,0.080716,0.000000,-0.004900,-0.706440,0.229744,-0.058624,-0.042592,0.004512,READY
1787023939198429445,2026-08-18T10:32:19.198486,ground_truth,0.146010,0.827000,0.271762,0.157865,0.803151,0.260591,True,,,,,,,,,-0.212825,1.244120,0.602143,-0.237255,1.280499,0.611363,0.000000,0.000000,0.000000,0.000000,0.080716,0.000000,-0.003920,-0.702100,0.229744,-0.058624,-0.046208,0.004192,READY
1787023939229638831,2026-08-18T10:32:19.229675,ground_truth,0.146747,0.816000,0.257055,0.156114,0.802710,0.262378,True,,,,,,,,,-0.211074,1.243679,0.603930,-0.235279,1.279259,0.608346,0.000000,0.000000,0.000000,0.000000,0.081158,0.000000,-0.003360,-0.699860,0.229744,-0.058624,-0.044192,0.004192,READY
1787023939263395607,2026-08-18T10:32:19.263432,ground_truth,0.145185,0.792000,0.249462,0.154711,0.802622,0.263685,True,,,,,,,,,-0.209670,1.243591,0.605237,-0.235279,1.279259,0.608346,0.000000,0.000000,0.000000,0.000000,0.078096,0.000000,-0.003080,-0.701820,0.229744,-0.058624,-0.043744,0.003744,READY
1787023939294065729,2026-08-18T10:32:19.294079,ground_truth,0.145970,0.780000,0.234388,0.153323,0.802924,0.264405,True,,,,,,,,,-0.208283,1.243893,0.605957,-0.231881,1.276462,0.606144,0.001307,0.000000,0.000000,0.000000,0.080716,0.000000,-0.005880,-0.700840,0.229744,-0.058624,-0.046976,0.004800,READY
1787023939329978297,2026-08-18T10:32:19.330013,ground_truth,0.144373,0.755000,0.226362,0.152348,0.802025,0.263853,True,,,,,,,,,-0.207307,1.242993,0.605405,-0.231881,1.276462,0.606144,0.000000,0.000000,0.000000,0.000000,0.080716,0.000000,-0.003360,-0.698740,0.229744,-0.058624,-0.044192,0.004800,READY
1787023939365059619,2026-08-18T10:32:19.365076,ground_truth,0.140769,0.761000,0.219530,0.151688,0.800885,0.262766,True,,,,,,,,,-0.206647,1.241853,0.604318,-0.227480,1.271852,0.604677,0.000000,0.000000,0.000000,0.000000,0.078096,0.000000,-0.003080,-0.699860,0.230408,-0.058624,-0.046976,0.005472,READY
1787023939396618752,2026-08-18T10:32:19.396641,ground_truth,0.137184,0.767000,0.212738,0.150787,0.798684,0.261012,True,,,,,,,,,-0.205747,1.239652,0.602564,-0.227480,1.271852,0.604677,0.001307,0.000000,0.000000,0.000000,0.078096,0.000000,-0.004620,-0.699300,0.230408,-0.058624,-0.049920,0.004352,READY
1787023939429356429,2026-08-18T10:32:19.429399,ground_truth,0.137184,0.767000,0.209520,0.149592,0.796270,0.258321,True,,,,,,,,,-0.204551,1.237239,0.599873,-0.222445,1.265107,0.603393,0.000000,0.000000,0.000000,0.000000,0.080716,0.000000,-0.003640,-0.696780,0.230408,-0.058624,-0.045824,0.004192,READY
1787023939462113479,2026-08-18T10:32:19.462135,ground_truth,0.137184,0.767000,0.209520,0.148368,0.794774,0.254745,True,,,,,,,,,-0.203327,1.235743,0.596297,-0.222445,1.265107,0.603393,0.000000,0.000000,0.000000,0.000000,0.080716,0.000000,-0.003640,-0.696780,0.230408,-0.058624,-0.045824,0.004192,READY
1787023939500187794,2026-08-18T10:32:19.500220,ground_truth,0.137547,0.761000,0.209846,0.147256,0.793462,0.250669,True,,,,,,,,,-0.202216,1.234430,0.592221,-0.217185,1.257131,0.600488,0.000000,0.000000,0.000000,0.000000,0.080716,0.000000,-0.003640,-0.696780,0.230408,-0.058624,-0.045824,0.004192,READY
1787023939529976036,2026-08-18T10:32:19.530008,ground_truth,0.131103,0.761000,0.209846,0.146085,0.792186,0.246298,True,,,,,,,,,-0.201044,1.233154,0.587850,-0.217185,1.257131,0.600488,0.000000,0.000000,0.000000,0.000000,0.080716,0.000000,-0.003640,-0.696780,0.230408,-0.058624,-0.045824,0.004192,READY
1787023939560672960,2026-08-18T10:32:19.560705,ground_truth,0.121124,0.767000,0.212738,0.144484,0.790597,0.241715,True,,,,,,,,,-0.199443,1.231566,0.583267,-0.212191,1.249934,0.595640,0.001307,0.000000,0.000000,0.000000,0.078096,0.000000,-0.001120,-0.698320,0.230408,-0.058944,-0.047488,0.005472,READY
1787023939594808490,2026-08-18T10:32:19.594848,ground_truth,0.114406,0.773000,0.215610,0.142274,0.788946,0.237185,True,,,,,,,,,-0.197233,1.229915,0.578737,-0.212191,1.249934,0.595640,0.001307,0.000000,0.000000,0.000000,0.080716,0.000000,-0.003080,-0.696780,0.229412,-0.058624,-0.046816,0.005024,READY
1787023939635556875,2026-08-18T10:32:19.635585,ground_truth,0.111771,0.761000,0.225986,0.139491,0.786963,0.232958,True,,,,,,,,,-0.194451,1.227931,0.574510,-0.207103,1.243623,0.589580,0.001307,0.000000,0.000000,0.000000,0.080716,0.000000,-0.003080,-0.696780,0.229412,-0.058624,-0.046816,0.005024,READY
1787023939667202750,2026-08-18T10:32:19.667252,ground_truth,0.109096,0.749000,0.233233,0.136586,0.783953,0.229491,True,,,,,,,,,-0.191546,1.224921,0.571043,-0.207103,1.243623,0.589580,0.001307,0.000000,0.000000,0.000000,0.080716,0.000000,-0.003080,-0.696780,0.229412,-0.058624,-0.046816,0.005024,READY
1787023939696339266,2026-08-18T10:32:19.696380,ground_truth,0.105063,0.767000,0.244920,0.133710,0.779831,0.226506,True,,,,,,,,,-0.188670,1.220799,0.568058,-0.202093,1.237421,0.583731,0.000000,0.000000,0.000000,0.000000,0.078096,0.000000,-0.003360,-0.696220,0.229412,-0.058624,-0.045312,0.004192,READY
1787023939729503977,2026-08-18T10:32:19.729555,ground_truth,0.101851,0.767000,0.254575,0.130980,0.775486,0.224717,True,,,,,,,,,-0.185940,1.216455,0.566269,-0.202093,1.237421,0.583731,0.001307,0.000000,0.000000,0.000000,0.080716,0.000000,-0.004620,-0.694680,0.229412,-0.058784,-0.050656,0.004192,READY
1787023939762284469,2026-08-18T10:32:19.762312,ground_truth,0.101851,0.767000,0.267448,0.127987,0.771417,0.224552,True,,,,,,,,,-0.182947,1.212386,0.566103,-0.196797,1.230495,0.578855,0.000000,0.000000,0.000000,0.000000,0.080716,0.000000,-0.004340,-0.694400,0.229412,-0.058784,-0.046304,0.005024,READY
1787023939802899898,2026-08-18T10:32:19.802938,ground_truth,0.100794,0.792000,0.274877,0.125098,0.767990,0.225751,True,,,,,,,,,-0.180058,1.208959,0.567303,-0.196797,1.230495,0.578855,0.000000,0.000000,0.000000,0.000000,0.080716,0.000000,-0.004340,-0.694400,0.229412,-0.058784,-0.046304,0.005024,READY
1787023939831832278,2026-08-18T10:32:19.831883,ground_truth,0.101851,0.767000,0.286757,0.122087,0.765971,0.228450,True,,,,,,,,,-0.177046,1.206940,0.570002,-0.190628,1.223114,0.575988,0.000000,0.000000,0.000000,0.000000,0.080716,0.000000,-0.004340,-0.694400,0.229412,-0.058784,-0.046304,0.005024,READY
1787023939861670975,2026-08-18T10:32:19.861708,ground_truth,0.105063,0.767000,0.296412,0.119252,0.764874,0.232476,True,,,,,,,,,-0.174211,1.205843,0.574028,-0.190628,1.223114,0.575988,0.000000,0.000000,0.000000,0.000000,0.080716,0.000000,-0.004340,-0.694400,0.229412,-0.058784,-0.046304,0.005024,READY
1787023939896249892,2026-08-18T10:32:19.896277,ground_truth,0.113770,0.786000,0.300906,0.116872,0.764975,0.237602,True,,,,,,,,,-0.171831,1.205943,0.579154,-0.183952,1.216173,0.575231,0.000000,0.000000,0.000000,0.000000,0.080716,0.000000,-0.003920,-0.692440,0.229412,-0.058496,-0.044704,0.004192,READY
1787023939930010368,2026-08-18T10:32:19.930042,ground_truth,0.123636,0.780000,0.307913,0.115311,0.765315,0.243480,True,,,,,,,,,-0.170270,1.206283,0.585032,-0.183952,1.216173,0.575231,0.000000,0.000000,0.000000,0.000000,0.080716,0.000000,-0.003360,-0.692720,0.229412,-0.058496,-0.043744,0.005184,READY
1787023939962253421,2026-08-18T10:32:19.962274,ground_truth,0.133972,0.767000,0.315721,0.114407,0.766076,0.250039,True,,,,,,,,,-0.169367,1.207045,0.591591,-0.177422,1.210325,0.576345,0.000000,0.000000,0.000000,0.000000,0.078096,0.000000,-0.003360,-0.690900,0.229412,-0.058496,-0.049216,0.004192,READY
1787023939995969940,2026-08-18T10:32:19.995985,ground_truth,0.142779,0.780000,0.323897,0.114193,0.766922,0.257119,True,,,,,,,,,-0.169153,1.207890,0.598671,-0.177422,1.210325,0.576345,0.000000,0.000000,0.000000,0.000000,0.080716,0.000000,-0.003640,-0.691880,0.228167,-0.058496,-0.044192,0.004576,READY
1787023940030676959,2026-08-18T10:32:20.030720,ground_truth,0.154698,0.792000,0.338416,0.114542,0.767784,0.264723,True,,,,,,,,,-0.169502,1.208753,0.606275,-0.171895,1.205776,0.578968,0.000000,0.000000,0.000000,0.000000,0.078096,0.000000,-0.003640,-0.691180,0.230076,-0.058496,-0.044928,0.005248,READY
1787023940066021770,2026-08-18T10:32:20.066045,ground_truth,0.163758,0.798000,0.344018,0.116115,0.768970,0.273294,True,,,,,,,,,-0.171075,1.209939,0.614846,-0.171895,1.205776,0.578968,0.000000,0.000000,0.000000,0.000000,0.067188,0.000000,-0.003920,-0.688800,0.229412,-0.058496,-0.046752,0.004864,READY
1787023940097948492,2026-08-18T10:32:20.097966,ground_truth,0.173241,0.798000,0.347185,0.118957,0.770861,0.282046,True,,,,,,,,,-0.173917,1.211829,0.623598,-0.167559,1.202509,0.582959,0.000000,0.000000,0.000000,0.000000,0.061949,0.000000,-0.003640,-0.690620,0.229744,-0.058496,-0.042144,0.004864,READY
1787023940129261585,2026-08-18T10:32:20.129301,ground_truth,0.181191,0.816000,0.360585,0.122880,0.772892,0.290818,True,,,,,,,,,-0.177839,1.213861,0.632370,-0.167559,1.202509,0.582959,0.000000,0.000000,0.000000,0.000000,0.053659,0.000000,-0.005180,-0.688380,0.229578,-0.058496,-0.040864,0.003904,READY
1787023940167139842,2026-08-18T10:32:20.167174,ground_truth,0.190585,0.816000,0.354310,0.127508,0.774952,0.299791,True,,,,,,,,,-0.182467,1.215920,0.641343,-0.164488,1.200534,0.588257,0.000000,0.000000,0.000000,0.000000,0.037954,0.000000,-0.004900,-0.687260,0.230076,-0.058496,-0.039968,0.004800,READY
1787023940196635361,2026-08-18T10:32:20.196674,ground_truth,0.196847,0.816000,0.357448,0.132940,0.778297,0.307863,True,,,,,,,,,-0.187900,1.219266,0.649415,-0.164488,1.200534,0.588257,0.000000,0.000000,0.000000,0.000000,0.032284,0.000000,-0.005180,-0.688800,0.230076,-0.058496,-0.038144,0.004352,READY
1787023940229473005,2026-08-18T10:32:20.229500,ground_truth,0.205749,0.821000,0.356780,0.139059,0.781899,0.315365,True,,,,,,,,,-0.194019,1.222868,0.656917,-0.162773,1.199922,0.594674,0.000000,0.000000,0.000000,0.000000,0.018756,0.000000,-0.004900,-0.688800,0.230076,-0.058496,-0.037632,0.004800,READY
1787023940263146071,2026-08-18T10:32:20.263171,ground_truth,0.213113,0.810000,0.355102,0.145986,0.785233,0.322178,True,,,,,,,,,-0.200945,1.226202,0.663730,-0.162773,1.199922,0.594674,0.000000,0.000000,0.000000,0.000000,0.010467,0.000000,-0.004900,-0.688800,0.230408,-0.058496,-0.040416,0.005472,READY
1787023940298119110,2026-08-18T10:32:20.298143,ground_truth,0.220655,0.798000,0.356686,0.153403,0.788513,0.328022,True,,,,,,,,,-0.208363,1.229482,0.669574,-0.162657,1.200721,0.601707,0.000000,0.000000,0.000000,0.000000,0.005228,0.000000,-0.004620,-0.686560,0.230408,-0.058496,-0.043808,0.005472,READY
1787023940334743508,2026-08-18T10:32:20.334789,ground_truth,0.236293,0.742000,0.364076,0.161394,0.791463,0.333476,True,,,,,,,,,-0.216354,1.232431,0.675028,-0.162657,1.200721,0.601707,0.000000,0.000000,0.000000,0.000000,0.005228,0.000000,-0.004620,-0.686560,0.230408,-0.058496,-0.043808,0.005472,READY
1787023940366122998,2026-08-18T10:32:20.366161,ground_truth,0.251024,0.755000,0.359122,0.170357,0.793706,0.338630,True,,,,,,,,,-0.225316,1.234674,0.680182,-0.164554,1.202571,0.608983,0.000000,0.000000,0.000000,0.000000,0.005228,0.000000,-0.004620,-0.686560,0.230408,-0.058496,-0.043808,0.005472,READY
1787023940399989571,2026-08-18T10:32:20.400015,ground_truth,0.263202,0.761000,0.358340,0.180087,0.793515,0.342811,True,,,,,,,,,-0.235047,1.234483,0.684363,-0.164554,1.202571,0.608983,0.000000,0.000000,0.000000,0.000000,0.005228,0.000000,-0.004620,-0.686560,0.230408,-0.058496,-0.043808,0.005472,READY
1787023940431029064,2026-08-18T10:32:20.431061,ground_truth,0.279168,0.786000,0.351896,0.190050,0.792836,0.346640,True,,,,,,,,,-0.245009,1.233805,0.688192,-0.168538,1.204747,0.615902,0.000000,0.000000,0.000000,0.000000,0.000000,0.000000,-0.004340,-0.688380,0.230408,-0.058496,-0.044704,0.004512,READY
1787023940463338708,2026-08-18T10:32:20.463364,ground_truth,0.290785,0.816000,0.348036,0.200418,0.791687,0.349572,True,,,,,,,,,-0.255378,1.232656,0.691124,-0.168538,1.204747,0.615902,0.000000,0.000000,0.002178,0.000000,0.000000,0.000000,-0.004340,-0.687820,0.230740,-0.058496,-0.043136,0.004640,READY
1787023940496720897,2026-08-18T10:32:20.496738,ground_truth,0.296518,0.798000,0.347185,0.210873,0.791778,0.351726,True,,,,,,,,,-0.265832,1.232746,0.693278,-0.174744,1.206953,0.622365,0.000000,0.000000,0.000000,0.000000,0.000000,0.000000,-0.004620,-0.686000,0.230740,-0.058496,-0.042240,0.004640,READY
1787023940532417347,2026-08-18T10:32:20.532435,ground_truth,0.301866,0.761000,0.326059,0.221122,0.792756,0.353279,True,,,,,,,,,-0.276081,1.233724,0.694831,-0.174744,1.206953,0.622365,0.000000,0.000000,0.000000,0.000000,0.000000,0.000000,-0.004620,-0.686000,0.230740,-0.058496,-0.042240,0.004640,READY
1787023940565343769,2026-08-18T10:32:20.565364,ground_truth,0.305501,0.780000,0.311110,0.230933,0.793911,0.352455,True,,,,,,,,,-0.285893,1.234880,0.694007,-0.182845,1.209021,0.627713,0.000000,0.000000,0.000000,0.000000,0.000000,0.000000,-0.004620,-0.686000,0.230740,-0.058496,-0.042240,0.004640,READY
1787023940599789499,2026-08-18T10:32:20.599816,ground_truth,0.311882,0.780000,0.295126,0.240382,0.793502,0.350261,True,,,,,,,,,-0.295342,1.234471,0.691813,-0.182845,1.209021,0.627713,0.000000,0.000000,0.000000,0.000000,0.000000,0.000000,-0.004620,-0.686000,0.230740,-0.058496,-0.042240,0.004640,READY
1787023940631277720,2026-08-18T10:32:20.631313,ground_truth,0.319344,0.773000,0.279777,0.249625,0.792461,0.346791,True,,,,,,,,,-0.304585,1.233429,0.688343,-0.191652,1.210787,0.632100,0.000000,0.000000,0.000000,0.000000,0.000000,0.000000,-0.003920,-0.685300,0.229412,-0.058400,-0.039904,0.005184,READY
1787023940669451487,2026-08-18T10:32:20.669494,ground_truth,0.322546,0.773000,0.266944,0.258835,0.791292,0.341403,True,,,,,,,,,-0.313795,1.232261,0.682955,-0.191652,1.210787,0.632100,0.000000,0.000000,0.000000,0.000000,0.000000,0.000000,-0.003920,-0.685300,0.229412,-0.058400,-0.039904,0.005184,READY
1787023940700669666,2026-08-18T10:32:20.700703,ground_truth,0.323483,0.767000,0.261011,0.267633,0.788765,0.335579,True,,,,,,,,,-0.322592,1.229734,0.677131,-0.201011,1.212141,0.635318,0.000000,0.000000,0.000000,0.000000,0.000000,0.000000,-0.003920,-0.685300,0.229412,-0.058400,-0.039904,0.005184,READY
1787023940736790269,2026-08-18T10:32:20.736828,ground_truth,0.326695,0.767000,0.251357,0.276075,0.785966,0.329150,True,,,,,,,,,-0.331035,1.226935,0.670702,-0.201011,1.212141,0.635318,0.000000,0.000000,0.000000,0.000000,0.000000,0.000000,-0.003920,-0.685300,0.229412,-0.058400,-0.039904,0.005184,READY
1787023940765424517,2026-08-18T10:32:20.765459,ground_truth,0.333119,0.767000,0.238484,0.284138,0.782793,0.322122,True,,,,,,,,,-0.339098,1.223762,0.663674,-0.210775,1.212963,0.637323,0.000000,0.000000,0.000000,0.000000,0.000000,0.000000,-0.003080,-0.687260,0.230574,-0.058400,-0.039744,0.005408,READY
1787023940795239950,2026-08-18T10:32:20.795275,ground_truth,0.329907,0.767000,0.225611,0.292139,0.779545,0.314347,True,,,,,,,,,-0.347098,1.220514,0.655899,-0.210775,1.212963,0.637323,0.000000,0.000000,0.000000,0.000000,0.000000,0.000000,-0.003080,-0.687260,0.230574,-0.058400,-0.039744,0.005408,READY
1787023940833197629,2026-08-18T10:32:20.833235,ground_truth,0.328951,0.773000,0.212402,0.299422,0.776602,0.305609,True,,,,,,,,,-0.354382,1.217571,0.647161,-0.220758,1.213283,0.638007,0.000000,0.000000,0.000000,0.000000,0.000000,0.000000,-0.003080,-0.687260,0.230574,-0.058400,-0.039744,0.005408,READY
1787023940872000196,2026-08-18T10:32:20.872042,ground_truth,0.331819,0.755000,0.200457,0.305599,0.774361,0.295497,True,,,,,,,,,-0.360559,1.215329,0.637049,-0.220758,1.213283,0.638007,0.000000,0.000000,0.000000,0.000000,0.000000,0.000000,-0.003080,-0.687260,0.230574,-0.058400,-0.039744,0.005408,READY
1787023940902062989,2026-08-18T10:32:20.902099,ground_truth,0.335804,0.730000,0.198412,0.310986,0.774552,0.284920,True,,,,,,,,,-0.365945,1.215521,0.626472,-0.230719,1.213437,0.637216,0.000000,0.000000,0.000000,0.000000,0.000000,0.000000,-0.003080,-0.686840,0.229412,-0.058112,-0.036864,0.004800,READY
1787023940936380036,2026-08-18T10:32:20.936410,ground_truth,0.339077,0.730000,0.195133,0.315826,0.774590,0.274258,True,,,,,,,,,-0.370785,1.215559,0.615810,-0.230719,1.213437,0.637216,0.000000,0.000000,0.000000,0.000000,0.000000,0.000000,-0.003080,-0.686840,0.229412,-0.058112,-0.036864,0.004800,READY
1787023940968472761,2026-08-18T10:32:20.968509,ground_truth,0.343425,0.703000,0.186404,0.319820,0.772945,0.263807,True,,,,,,,,,-0.374779,1.213913,0.605359,-0.240477,1.213469,0.635058,0.000000,0.000000,0.000000,0.000000,0.000000,0.000000,-0.003080,-0.686840,0.229412,-0.058112,-0.036864,0.004800,READY
1787023941003651481,2026-08-18T10:32:21.003689,ground_truth,0.342298,0.710000,0.182804,0.323329,0.769629,0.253031,True,,,,,,,,,-0.378289,1.210597,0.594583,-0.240477,1.213469,0.635058,0.000000,0.000000,0.000000,0.000000,0.000000,0.000000,-0.003080,-0.686840,0.229412,-0.058112,-0.036864,0.004800,READY
1787023941032541268,2026-08-18T10:32:21.032589,ground_truth,0.344391,0.697000,0.176649,0.326381,0.764273,0.242073,True,,,,,,,,,-0.381341,1.205241,0.583625,-0.249878,1.212920,0.631625,0.000000,0.000000,0.000000,0.000000,0.000000,0.000000,-0.003640,-0.686280,0.229246,-0.058112,-0.034624,0.004576,READY
1787023941068606393,2026-08-18T10:32:21.068646,ground_truth,0.344391,0.697000,0.176649,0.329216,0.758135,0.232112,True,,,,,,,,,-0.384176,1.199103,0.573664,-0.249878,1.212920,0.631625,0.000000,0.000000,0.002178,0.000000,0.000000,0.000000,-0.005180,-0.684740,0.229910,-0.058112,-0.031904,0.004352,READY
1787023941100456477,2026-08-18T10:32:21.100472,ground_truth,0.343425,0.703000,0.179756,0.331809,0.752480,0.223148,True,,,,,,,,,-0.386768,1.193449,0.564700,-0.258860,1.211642,0.627234,0.000000,0.000000,0.000000,0.000000,0.000000,0.000000,-0.003920,-0.684460,0.228333,-0.058112,-0.031616,0.004192,READY
1787023941131016203,2026-08-18T10:32:21.131056,ground_truth,0.343489,0.723000,0.182291,0.333912,0.746923,0.215457,True,,,,,,,,,-0.388871,1.187891,0.557009,-0.258860,1.211642,0.627234,0.000000,0.000000,0.000000,0.000000,0.000000,0.000000,-0.003920,-0.684460,0.228333,-0.058112,-0.031616,0.004192,READY
1787023941167700308,2026-08-18T10:32:21.167735,ground_truth,0.343489,0.723000,0.185582,0.335521,0.741705,0.208958,True,,,,,,,,,-0.390481,1.182673,0.550510,-0.267266,1.209792,0.622334,0.000000,0.000000,0.000000,0.000000,0.000000,0.000000,-0.003920,-0.684460,0.228333,-0.058112,-0.031616,0.004192,READY
1787023941204509135,2026-08-18T10:32:21.204543,ground_truth,0.348857,0.690000,0.186939,0.336917,0.737994,0.203534,True,,,,,,,,,-0.391877,1.178963,0.545086,-0.267266,1.209792,0.622334,0.000000,0.000000,0.000000,0.000000,0.000000,0.000000,-0.003920,-0.684460,0.228333,-0.058112,-0.031616,0.004192,READY
1787023941234900202,2026-08-18T10:32:21.234950,ground_truth,0.344465,0.717000,0.185829,0.338609,0.734586,0.198595,True,,,,,,,,,-0.393569,1.175554,0.540147,-0.275445,1.207575,0.617012,0.000000,0.000000,0.000000,0.000000,0.000000,0.000000,-0.003920,-0.684460,0.228333,-0.058112,-0.031456,0.003904,READY
1787023941264137966,2026-08-18T10:32:21.264174,ground_truth,0.343425,0.703000,0.186404,0.339794,0.731237,0.194227,True,,,,,,,,,-0.394753,1.172206,0.535779,-0.275445,1.207575,0.617012,0.000000,0.000000,0.000000,0.000000,0.000000,0.000000,-0.003360,-0.685720,0.227669,-0.057952,-0.030112,0.004512,READY
1787023941301027157,2026-08-18T10:32:21.301065,ground_truth,0.341170,0.717000,0.189130,0.340481,0.727154,0.190755,True,,,,,,,,,-0.395440,1.168123,0.532307,-0.275445,1.207575,0.617012,0.000000,0.000000,0.002178,0.000000,0.000000,0.000000,-0.003360,-0.683760,0.227337,-0.057952,-0.029792,0.004416,READY
1787023941329873117,2026-08-18T10:32:21.329889,ground_truth,0.337876,0.717000,0.189130,0.341232,0.723671,0.188323,True,,,,,,,,,-0.396191,1.164639,0.529875,-0.275445,1.207575,0.617012,0.000000,0.000000,0.000000,0.000000,0.000000,0.000000,-0.004620,-0.685720,0.227337,-0.057824,-0.029344,0.004800,READY
1787023941364389455,2026-08-18T10:32:21.364414,ground_truth,0.331287,0.717000,0.189130,0.341827,0.720308,0.186771,True,,,,,,,,,-0.396786,1.161276,0.528323,-0.287018,1.203159,0.608553,0.000000,0.000000,0.000000,0.000000,0.000000,0.000000,-0.003360,-0.685720,0.228665,-0.057824,-0.029344,0.005184,READY
1787023941402721110,2026-08-18T10:32:21.402767,ground_truth,0.329258,0.730000,0.185295,0.341791,0.716968,0.186016,True,,,,,,,,,-0.396751,1.157937,0.527568,-0.287018,1.203159,0.608553,0.000000,0.000000,0.000000,0.000000,0.000000,0.000000,-0.004620,-0.685720,0.228333,-0.057824,-0.029184,0.004512,READY
1787023941432330183,2026-08-18T10:32:21.432354,ground_truth,0.327992,0.717000,0.179227,0.341355,0.714274,0.185142,True,,,,,,,,,-0.396314,1.155242,0.526694,-0.294562,1.199852,0.602903,0.000000,0.000000,0.000000,0.000000,0.000000,0.000000,-0.004620,-0.685720,0.228333,-0.057824,-0.029184,0.004512,READY
1787023941468844175,2026-08-18T10:32:21.468885,ground_truth,0.327992,0.717000,0.179227,0.340616,0.713041,0.184081,True,,,,,,,,,-0.395575,1.154010,0.525633,-0.294562,1.199852,0.602903,0.000000,0.000000,0.000000,0.000000,0.000000,0.000000,-0.004620,-0.685720,0.228333,-0.057824,-0.029184,0.004512,READY
1787023941501545537,2026-08-18T10:32:21.501584,ground_truth,0.329073,0.710000,0.179492,0.339587,0.712102,0.183603,True,,,,,,,,,-0.394547,1.153070,0.525155,-0.301969,1.196386,0.597143,0.000000,0.000000,0.000000,0.000000,0.000000,0.000000,-0.004620,-0.685720,0.228333,-0.057824,-0.029184,0.004512,READY
1787023941539675565,2026-08-18T10:32:21.539710,ground_truth,0.329073,0.710000,0.179492,0.338705,0.712287,0.183382,True,,,,,,,,,-0.393665,1.153255,0.524934,-0.301969,1.196386,0.597143,0.000000,0.000000,0.000000,0.000000,0.000000,0.000000,-0.004620,-0.685720,0.228333,-0.057824,-0.029184,0.004512,READY
1787023941568794622,2026-08-18T10:32:21.568829,ground_truth,0.335501,0.690000,0.186939,0.337684,0.712697,0.183571,True,,,,,,,,,-0.392644,1.153666,0.525123,-0.309313,1.192926,0.591310,0.000000,0.000000,0.000000,0.000000,0.000000,0.000000,-0.004620,-0.685720,0.228333,-0.057824,-0.029184,0.004512,READY
1787023941603837765,2026-08-18T10:32:21.603877,ground_truth,0.336594,0.683000,0.193940,0.337092,0.713473,0.184257,True,,,,,,,,,-0.392051,1.154441,0.525809,-0.309313,1.192926,0.591310,0.000000,0.000000,0.000000,0.000000,0.000000,0.000000,-0.004620,-0.685720,0.228333,-0.057824,-0.029184,0.004512,READY
1787023941636519184,2026-08-18T10:32:21.636549,ground_truth,0.337530,0.677000,0.200941,0.336636,0.713255,0.185203,True,,,,,,,,,-0.391596,1.154223,0.526755,-0.316789,1.189410,0.585445,0.000000,0.000000,0.000000,0.000000,0.000000,0.000000,-0.004620,-0.685720,0.228333,-0.057824,-0.029184,0.004512,READY
1787023941670619976,2026-08-18T10:32:21.670636,ground_truth,0.334409,0.697000,0.199986,0.336239,0.712144,0.186446,True,,,,,,,,,-0.391198,1.153113,0.527998,-0.316789,1.189410,0.585445,0.000000,0.000000,0.000000,0.000000,0.000000,0.000000,-0.003920,-0.684040,0.227337,-0.057216,-0.027904,0.003904,READY
1787023941698611419,2026-08-18T10:32:21.698714,ground_truth,0.330350,0.723000,0.202037,0.335634,0.709789,0.187407,True,,,,,,,,,-0.390593,1.150757,0.528959,-0.324131,1.185565,0.579826,0.000000,0.000000,0.000000,0.000000,0.000000,0.000000,-0.002380,-0.684040,0.227337,-0.057504,-0.028000,0.005184,READY
1787023941732348200,2026-08-18T10:32:21.732385,ground_truth,0.328321,0.736000,0.201395,0.334400,0.707931,0.188413,True,,,,,,,,,-0.389359,1.148900,0.529965,-0.324131,1.185565,0.579826,0.000000,0.000000,0.000000,0.000000,0.000000,0.000000,-0.003080,-0.684040,0.227337,-0.057344,-0.028160,0.005184,READY
1787023941763240362,2026-08-18T10:32:21.763283,ground_truth,0.322124,0.755000,0.197219,0.333324,0.707880,0.189451,True,,,,,,,,,-0.388283,1.148848,0.531003,-0.331272,1.181477,0.574390,0.000000,0.000000,0.000000,0.000000,0.000000,0.000000,-0.003920,-0.684040,0.227005,-0.057344,-0.027328,0.004352,READY
1787023941802610444,2026-08-18T10:32:21.802664,ground_truth,0.324132,0.742000,0.184801,0.331903,0.709629,0.190172,True,,,,,,,,,-0.386863,1.150598,0.531724,-0.331272,1.181477,0.574390,0.000000,0.000000,0.000000,0.000000,0.000000,0.000000,-0.003920,-0.684040,0.227005,-0.057344,-0.027328,0.004352,READY
1787023941835719894,2026-08-18T10:32:21.835740,ground_truth,0.317625,0.742000,0.181542,0.330768,0.711313,0.189883,True,,,,,,,,,-0.385727,1.152281,0.531435,-0.338567,1.177566,0.568636,0.000000,0.000000,0.000000,0.000000,0.000000,0.000000,-0.003920,-0.684040,0.227005,-0.057344,-0.027328,0.004352,READY
1787023941870552866,2026-08-18T10:32:21.870606,ground_truth,0.319439,0.730000,0.175456,0.329417,0.712983,0.189377,True,,,,,,,,,-0.384377,1.153951,0.530929,-0.338567,1.177566,0.568636,0.000000,0.000000,0.000000,0.000000,0.000000,0.000000,-0.003920,-0.684040,0.227005,-0.057344,-0.027328,0.004352,READY
1787023941898805004,2026-08-18T10:32:21.898875,ground_truth,0.320497,0.723000,0.175709,0.328628,0.714650,0.188466,True,,,,,,,,,-0.383587,1.155618,0.530018,-0.345725,1.174077,0.562496,0.000000,0.000000,0.000000,0.000000,0.000000,0.000000,-0.003920,-0.684040,0.227005,-0.057344,-0.027328,0.004352,READY
1787023941933021674,2026-08-18T10:32:21.933066,ground_truth,0.323519,0.703000,0.176432,0.328044,0.715677,0.187827,True,,,,,,,,,-0.383003,1.156645,0.529379,-0.345725,1.174077,0.562496,0.000000,0.000000,0.000000,0.000000,0.000000,0.000000,-0.003920,-0.684040,0.227005,-0.057344,-0.027328,0.004352,READY
1787023941966467450,2026-08-18T10:32:21.966501,ground_truth,0.325484,0.690000,0.176902,0.327745,0.716202,0.187641,True,,,,,,,,,-0.382705,1.157170,0.529193,-0.352687,1.170894,0.556226,0.000000,0.000000,0.000000,0.000000,0.000000,0.000000,-0.003920,-0.684040,0.227005,-0.057344,-0.027328,0.004352,READY
1787023942002815006,2026-08-18T10:32:22.002857,ground_truth,0.322461,0.710000,0.179492,0.327578,0.715560,0.187486,True,,,,,,,,,-0.382538,1.156529,0.529038,-0.352687,1.170894,0.556226,0.000000,0.000000,0.000000,0.000000,0.000000,0.000000,-0.004620,-0.684040,0.227005,-0.057056,-0.027328,0.004512,READY
1787023942033839735,2026-08-18T10:32:22.033874,ground_truth,0.325484,0.690000,0.186939,0.327137,0.714685,0.187486,True,,,,,,,,,-0.382097,1.155654,0.529038,-0.359554,1.167336,0.549878,0.000000,0.000000,0.000000,0.000000,0.000000,0.000000,-0.003360,-0.684040,0.226341,-0.056608,-0.026880,0.003904,READY


============================================================
EXPERIMENT METRICS
  File: experiment_GROUND_TRUTH_20260818_103202.csv
  Total samples: 577
  Task completion time: 19.27 s
  Mode: GROUND TRUTH (no prediction metrics)
  --- Trajectory Smoothness (Robot EE) ---
  Mean Jerk (3D): 9.4695 m/s³
      Jerk X: 5.3587 m/s³
      Jerk Y: 4.1448 m/s³
      Jerk Z: 4.3179 m/s³
  Max Jerk (3D): 123.5444 m/s³
  RMS Jerk (3D): 20.8470 m/s³
============================================================
