ros_timestamp_ns,wall_time,trajectory_mode,meas_x,meas_y,meas_z,filt_x,filt_y,filt_z,is_tracked,pred_x,pred_y,pred_z,mae_x,mae_y,mae_z,inference_ms,buffer_size,target_x,target_y,target_z,robot_ee_x,robot_ee_y,robot_ee_z,j1_vel,j2_vel,j3_vel,j4_vel,j5_vel,j6_vel,j1_eff,j2_eff,j3_eff,j4_eff,j5_eff,j6_eff,role
1786957325282915635,2026-08-17T16:02:05.282955,prediction,0.087737,-0.266000,0.010361,0.086169,-0.289000,0.009559,True,0.166169,-0.282973,0.001133,0.078432,0.016973,0.009228,16.26,10,0.035225,1.031894,0.708467,-0.161988,0.308964,0.388243,0.001744,0.000000,0.000000,0.000000,0.000000,0.000000,0.017360,-0.170380,0.081340,-0.020160,0.023552,-0.010976,OFF
1786957325328941582,2026-08-17T16:02:05.328966,prediction,0.088486,-0.255000,0.010745,0.086169,-0.289000,0.009559,True,0.166169,-0.283037,0.001274,0.077682,0.028036,0.009471,23.18,10,-0.161989,0.308963,0.388257,-0.161988,0.308964,0.388243,0.001744,0.000000,0.000000,0.000000,0.000000,0.000000,0.017360,-0.170380,0.081340,-0.020160,0.023552,-0.010976,OFF
1786957325354558695,2026-08-17T16:02:05.354575,prediction,0.088486,-0.255000,0.010745,0.086169,-0.289000,0.009559,True,0.166169,-0.283025,0.001291,0.077682,0.028025,0.009454,16.86,10,-0.161989,0.308963,0.388257,-0.161989,0.308963,0.388257,0.001744,0.000000,0.000000,0.000000,0.000000,0.000000,0.017360,-0.170380,0.081340,-0.020160,0.023552,-0.010976,OFF
1786957325389362120,2026-08-17T16:02:05.389381,prediction,0.088486,-0.255000,0.010745,0.086169,-0.289000,0.009559,True,0.166169,-0.282979,0.001263,0.077682,0.027978,0.009482,21.99,10,-0.161989,0.308963,0.388257,-0.161989,0.308963,0.388257,0.001744,0.000000,0.000000,0.000000,0.000000,0.000000,0.017360,-0.170380,0.081340,-0.020160,0.023552,-0.010976,OFF
1786957325424575418,2026-08-17T16:02:05.424595,prediction,0.089986,-0.233000,0.011513,0.086169,-0.289000,0.009559,True,0.166169,-0.282927,0.001210,0.076183,0.049927,0.010302,20.86,10,-0.161989,0.308963,0.388257,-0.161989,0.308963,0.388257,0.000000,0.000000,0.000000,0.000000,0.000000,0.000000,0.018480,-0.169260,0.079431,-0.019264,0.023328,-0.011264,OFF
1786957325451566512,2026-08-17T16:02:05.451588,prediction,0.094417,-0.168000,0.013781,0.086169,-0.289000,0.009559,True,0.166169,-0.282883,0.001148,0.071752,0.114883,0.012633,15.87,10,-0.161989,0.308963,0.388257,-0.161989,0.308963,0.388257,0.000000,0.000000,0.000000,0.000000,0.000000,0.000000,0.018480,-0.168840,0.079431,-0.018944,0.023264,-0.010816,OFF
1786957325483261075,2026-08-17T16:02:05.483274,prediction,0.089521,-0.178000,0.013432,0.086169,-0.289000,0.009559,True,0.166169,-0.282856,0.001083,0.076648,0.104856,0.012348,15.14,10,-0.161989,0.308963,0.388257,-0.161989,0.308963,0.388257,0.000000,0.000000,0.000000,0.000000,0.000000,0.000000,0.014560,-0.170380,0.079431,-0.018496,0.023040,-0.009696,OFF
1786957325515115630,2026-08-17T16:02:05.515129,prediction,0.092453,-0.136000,0.014897,0.089947,-0.244300,0.012027,True,0.167155,-0.262856,0.005135,0.074702,0.126856,0.009762,14.43,10,-0.161989,0.308963,0.388257,-0.161989,0.308963,0.388257,0.001744,0.000000,0.000000,0.000000,0.000000,0.000000,0.017640,-0.168560,0.080510,-0.018816,0.023552,-0.011040,OFF
1786957325557179926,2026-08-17T16:02:05.557200,prediction,0.084913,-0.244000,0.015461,0.089387,-0.230460,0.012409,True,0.163278,-0.242856,0.005864,0.078365,0.001144,0.009597,23.55,10,-0.211989,0.314997,0.380391,-0.163859,0.309707,0.387288,0.001744,0.000000,0.000000,0.000000,0.000000,0.000000,0.017640,-0.168560,0.080510,-0.018816,0.023552,-0.011040,OFF
1786957325597976652,2026-08-17T16:02:05.598004,prediction,0.088753,-0.189000,0.017289,0.089324,-0.224652,0.012897,True,0.161493,-0.222856,0.006460,0.072740,0.033856,0.010829,25.81,10,-0.241778,0.316787,0.380854,-0.163859,0.309707,0.387288,0.001744,0.000000,0.000000,0.000000,0.000000,0.000000,0.017640,-0.168560,0.080510,-0.018816,0.023552,-0.011040,OFF
1786957325619231229,2026-08-17T16:02:05.619263,prediction,0.088753,-0.189000,0.017289,0.089272,-0.221003,0.013296,True,0.160413,-0.220330,0.006936,0.071660,0.031330,0.010353,16.40,10,-0.241331,0.320175,0.381285,-0.167916,0.310718,0.386415,0.001744,0.000000,0.000000,0.000000,0.000000,0.000000,0.017640,-0.168560,0.080510,-0.018816,0.023552,-0.011040,OFF
1786957325652713543,2026-08-17T16:02:05.652746,prediction,0.084145,-0.255000,0.023795,0.088845,-0.218201,0.014171,True,0.159785,-0.218980,0.007804,0.075641,0.036020,0.015990,16.72,10,-0.240868,0.324786,0.381680,-0.167916,0.310718,0.386415,0.001744,0.000000,0.000000,0.000000,0.000000,0.000000,0.017640,-0.168560,0.080510,-0.018816,0.023552,-0.011040,OFF
1786957325688567499,2026-08-17T16:02:05.688600,prediction,0.085681,-0.233000,0.024453,0.088601,-0.218594,0.014962,True,0.159947,-0.220610,0.008545,0.074266,0.012390,0.015909,19.66,10,-0.240429,0.329155,0.382082,-0.174115,0.312329,0.385663,0.001744,0.000000,0.000000,0.000000,0.005228,0.000000,0.021280,-0.210980,0.045567,-0.012928,0.058336,-0.020544,OFF
1786957325716283059,2026-08-17T16:02:05.716303,prediction,0.086449,-0.222000,0.024783,0.088448,-0.219490,0.015663,True,0.160192,-0.222458,0.009182,0.073743,0.000458,0.015600,16.29,10,-0.240071,0.332944,0.382479,-0.174115,0.312329,0.385663,0.000000,0.000000,0.001740,0.002609,0.021375,0.000000,0.028140,-0.276080,-0.012450,0.000800,0.047264,-0.042816,OFF
1786957325751218553,2026-08-17T16:02:05.751237,prediction,0.084145,-0.255000,0.028145,0.088161,-0.220378,0.016495,True,0.160509,-0.224073,0.009919,0.076364,0.030927,0.018226,17.32,10,-0.239781,0.336186,0.382865,-0.182291,0.315046,0.385122,0.000000,0.001744,0.002178,0.000000,0.021807,0.005228,0.036260,-0.274540,-0.042662,0.014208,0.045760,-0.040480,OFF
1786957325786629685,2026-08-17T16:02:05.786647,prediction,0.083377,-0.266000,0.032201,0.087870,-0.219969,0.017951,True,0.160420,-0.224175,0.011323,0.077043,0.041825,0.020878,17.81,10,-0.239551,0.338888,0.383248,-0.182291,0.315046,0.385122,0.000000,0.005233,0.005666,0.002609,0.029665,0.007847,0.059780,-0.249760,0.003984,0.037792,0.042368,-0.037568,OFF
1786957325819092075,2026-08-17T16:02:05.819110,prediction,0.083715,-0.325000,0.035096,0.087552,-0.220474,0.019575,True,0.160624,-0.225057,0.012876,0.076910,0.099943,0.022220,16.56,10,-0.239167,0.342570,0.383928,-0.191261,0.319387,0.384933,0.000000,0.003051,0.005666,0.016137,0.029665,0.005228,0.099120,-0.242060,-0.000747,0.015488,0.038240,-0.036800,OFF
1786957325854895396,2026-08-17T16:02:05.854911,prediction,0.088486,-0.255000,0.036844,0.087552,-0.221162,0.021315,True,0.160754,-0.225769,0.014607,0.072267,0.029231,0.022238,18.71,10,-0.238798,0.346445,0.384701,-0.191261,0.319387,0.384933,0.007853,0.000000,0.001740,0.005670,0.027045,0.013517,0.111160,-0.184940,0.008964,0.011808,0.040416,-0.037920,OFF
1786957325890385966,2026-08-17T16:02:05.890403,prediction,0.082897,-0.337000,0.039281,0.087179,-0.225032,0.023217,True,0.162004,-0.229688,0.016338,0.079107,0.107312,0.022944,20.83,10,-0.238437,0.350312,0.385589,-0.199590,0.324846,0.385049,0.014831,0.001307,0.002178,0.005670,0.026614,0.016137,0.107800,-0.083020,0.018758,0.017088,0.041632,-0.038848,OFF
1786957325922101269,2026-08-17T16:02:05.922117,prediction,0.086169,-0.289000,0.040401,0.086925,-0.227620,0.025143,True,0.162829,-0.232194,0.018139,0.076661,0.056806,0.022262,20.63,10,-0.238159,0.354139,0.386594,-0.199590,0.324846,0.385049,0.036209,0.024429,0.005666,0.008289,0.018756,0.032284,0.130200,0.022820,0.228914,0.012864,0.040192,-0.035968,OFF
1786957325953751498,2026-08-17T16:02:05.953773,prediction,0.086919,-0.278000,0.045046,0.086169,-0.289000,0.009559,True,0.166169,-0.252194,0.000893,0.079250,0.025806,0.044153,17.42,10,-0.237936,0.357747,0.387722,-0.207172,0.331351,0.385578,0.045814,0.030976,0.017012,0.007847,0.010898,0.037954,0.131740,0.021000,0.213227,0.011424,0.039296,-0.037248,OFF
1786957325997969625,2026-08-17T16:02:05.997987,prediction,0.085351,-0.301000,0.048973,0.086147,-0.249320,0.029597,True,0.166147,-0.252509,0.020893,0.080796,0.048492,0.028080,21.54,10,-0.187936,0.308963,0.388257,-0.207172,0.331351,0.385578,0.045814,0.030976,0.017012,0.007847,0.010898,0.037954,0.131740,0.021000,0.213227,0.011424,0.039296,-0.037248,OFF
1786957326024162665,2026-08-17T16:02:06.024181,prediction,0.087737,-0.266000,0.049674,0.086169,-0.289000,0.009559,True,0.166169,-0.272509,0.000893,0.078432,0.006509,0.048781,21.46,10,-0.237935,0.358963,0.389026,-0.214732,0.338137,0.386425,0.045814,0.030976,0.017012,0.007847,0.010898,0.037954,0.131740,0.021000,0.213227,0.011424,0.039296,-0.037248,OFF
1786957326060667358,2026-08-17T16:02:06.060686,prediction,0.086919,-0.278000,0.053821,0.086169,-0.289000,0.009559,True,0.166169,-0.286728,0.000201,0.079250,0.008728,0.053621,21.57,10,-0.187935,0.308963,0.388257,-0.214732,0.338137,0.386425,0.045814,0.030976,0.017012,0.007847,0.010898,0.037954,0.131740,0.021000,0.213227,0.011424,0.039296,-0.037248,OFF
1786957326087988604,2026-08-17T16:02:06.088005,prediction,0.095755,-0.211000,0.055052,0.086169,-0.289000,0.009559,True,0.166169,-0.285648,0.000095,0.070414,0.074648,0.054958,18.99,10,-0.161989,0.308963,0.388257,-0.220414,0.343236,0.386961,0.057156,0.037523,0.026179,0.010467,0.007847,0.043193,0.154560,0.031220,0.214804,0.014208,0.038912,-0.038304,OFF
1786957326120825071,2026-08-17T16:02:06.120847,prediction,0.096486,-0.200000,0.059514,0.086169,-0.289000,0.009559,True,0.166169,-0.284846,0.000085,0.069682,0.084846,0.059428,18.90,10,-0.161989,0.308963,0.388257,-0.220414,0.343236,0.386961,0.057156,0.037523,0.026179,0.010467,0.007847,0.043193,0.154560,0.031220,0.214804,0.014208,0.038912,-0.038304,OFF
1786957326155006603,2026-08-17T16:02:06.155022,prediction,0.091486,-0.211000,0.059330,0.086169,-0.289000,0.009559,True,0.166169,-0.284140,0.000211,0.074683,0.073140,0.059119,17.91,10,-0.161989,0.308963,0.388257,-0.224652,0.346931,0.387389,0.057156,0.037523,0.026179,0.010467,0.007847,0.043193,0.154560,0.031220,0.214804,0.014208,0.038912,-0.038304,OFF
1786957326185715548,2026-08-17T16:02:06.185742,prediction,0.090736,-0.222000,0.059146,0.086169,-0.289000,0.009559,True,0.166169,-0.283664,0.000354,0.075433,0.061664,0.058792,17.55,10,-0.161989,0.308963,0.388257,-0.224652,0.346931,0.387389,0.057156,0.037523,0.026179,0.010467,0.007847,0.043193,0.154560,0.031220,0.214804,0.014208,0.038912,-0.038304,OFF
1786957326222549251,2026-08-17T16:02:06.222566,prediction,0.087737,-0.266000,0.062778,0.086169,-0.289000,0.009559,True,0.166169,-0.283345,0.000523,0.078432,0.017345,0.062255,19.67,10,-0.161989,0.308963,0.388257,-0.227270,0.349033,0.387706,0.210742,0.140492,0.171037,0.051040,0.053659,0.078096,0.185920,0.046760,0.257964,0.016928,-0.049440,-0.041024,OFF
1786957326254386062,2026-08-17T16:02:06.254402,prediction,0.088486,-0.255000,0.062944,0.086169,-0.289000,0.009559,True,0.166169,-0.283046,0.000709,0.077682,0.028046,0.062235,18.06,10,-0.161989,0.308963,0.388257,-0.227270,0.349033,0.387706,0.209435,0.142243,0.176272,0.056721,0.056279,0.078096,0.194320,0.042140,0.260703,0.014208,-0.050496,-0.042240,OFF
1786957326288021315,2026-08-17T16:02:06.288053,prediction,0.092236,-0.200000,0.068032,0.088741,-0.266387,0.051729,True,0.168741,-0.263046,0.020709,0.076505,0.063046,0.047323,17.47,10,-0.161989,0.308963,0.388257,-0.228329,0.349579,0.387940,0.207691,0.147039,0.185870,0.051040,0.067629,0.080716,0.165200,0.042980,0.252403,0.014080,-0.054112,-0.040960,OFF
1786957326320042343,2026-08-17T16:02:06.320073,prediction,0.091861,-0.205500,0.067958,0.086169,-0.289000,0.009559,True,0.166169,-0.282601,0.002391,0.074308,0.077101,0.065567,18.65,10,-0.211989,0.338659,0.385867,-0.228329,0.349579,0.387940,0.207691,0.147039,0.185870,0.051040,0.067629,0.080716,0.165200,0.042980,0.252403,0.014080,-0.054112,-0.040960,OFF
1786957326366918733,2026-08-17T16:02:06.366935,prediction,0.092236,-0.200000,0.072291,0.089534,-0.259640,0.056283,True,0.169534,-0.262601,0.022391,0.077298,0.062601,0.049899,25.09,10,-0.161989,0.308963,0.388257,-0.227817,0.348558,0.388106,0.207691,0.147039,0.185870,0.051040,0.067629,0.080716,0.165200,0.042980,0.252403,0.014080,-0.054112,-0.040960,OFF
1786957326395213035,2026-08-17T16:02:06.395231,prediction,0.092202,-0.200500,0.076545,0.090154,-0.247128,0.058767,True,0.166384,-0.242601,0.042391,0.074182,0.042101,0.034153,24.85,10,-0.211989,0.331942,0.385687,-0.227817,0.348558,0.388106,0.207691,0.147039,0.185870,0.051040,0.067629,0.080716,0.165200,0.042980,0.252403,0.014080,-0.054112,-0.040960,OFF
1786957326426476655,2026-08-17T16:02:06.426493,prediction,0.085351,-0.301000,0.075528,0.090100,-0.239906,0.061109,True,0.163854,-0.234348,0.055376,0.078503,0.066653,0.020152,20.86,10,-0.242175,0.329416,0.387424,-0.227968,0.345375,0.388063,0.207691,0.147039,0.185870,0.051040,0.067629,0.080716,0.165200,0.042980,0.252403,0.014080,-0.054112,-0.040960,OFF
1786957326463828035,2026-08-17T16:02:06.463891,prediction,0.093735,-0.178000,0.080995,0.090554,-0.233741,0.063505,True,0.161456,-0.228343,0.057862,0.067721,0.050342,0.023133,23.67,10,-0.242243,0.328222,0.389906,-0.227968,0.345375,0.388063,0.204202,0.147039,0.187618,0.045812,0.070249,0.078096,0.153020,0.051380,0.255723,0.015040,-0.054496,-0.038688,OFF
1786957326497308295,2026-08-17T16:02:06.497347,prediction,0.096486,-0.200000,0.080809,0.091296,-0.227762,0.065628,True,0.159233,-0.222717,0.059840,0.062746,0.022717,0.020969,20.31,10,-0.241929,0.327869,0.393704,-0.229392,0.340662,0.388902,0.195911,0.125661,0.197216,0.029665,0.080716,0.078096,0.187460,0.006720,0.252071,0.010816,-0.047648,-0.040192,OFF
1786957326524350796,2026-08-17T16:02:06.524371,prediction,0.098615,-0.168000,0.081080,0.092022,-0.221232,0.067721,True,0.156842,-0.216540,0.061753,0.058227,0.048540,0.019326,19.81,10,-0.241468,0.329070,0.396301,-0.229392,0.340662,0.388902,0.197217,0.120859,0.196785,0.029665,0.078096,0.078538,0.177240,-0.012040,0.249332,0.015040,-0.047936,-0.042688,OFF
1786957326554937170,2026-08-17T16:02:06.554952,prediction,0.091298,-0.278000,0.084537,0.092314,-0.215767,0.069769,True,0.154772,-0.211561,0.063488,0.063474,0.066440,0.021048,20.10,10,-0.240847,0.330899,0.400358,-0.232275,0.335942,0.391406,0.199400,0.101225,0.197216,0.018756,0.080716,0.078096,0.164920,-0.032480,0.258628,0.011968,-0.046208,-0.039296,OFF
1786957326590086156,2026-08-17T16:02:06.590105,prediction,0.098615,-0.168000,0.085286,0.092504,-0.209447,0.071785,True,0.152954,-0.205936,0.065217,0.054339,0.037936,0.020068,19.77,10,-0.240087,0.334250,0.404577,-0.232275,0.335942,0.391406,0.197655,0.085081,0.198964,0.016137,0.081158,0.080716,0.193060,-0.059780,0.258960,0.011520,-0.047360,-0.039968,OFF
1786957326621527902,2026-08-17T16:02:06.621543,prediction,0.097218,-0.189000,0.085143,0.092553,-0.207009,0.073493,True,0.151951,-0.203839,0.066823,0.054733,0.014838,0.018320,19.17,10,-0.239206,0.338872,0.408919,-0.235272,0.332811,0.395439,0.201144,0.070243,0.195477,0.010467,0.080716,0.081158,0.194600,-0.064680,0.249830,0.011872,-0.050432,-0.041696,OFF
1786957326655582836,2026-08-17T16:02:06.655598,prediction,0.095755,-0.211000,0.089270,0.092838,-0.205349,0.075489,True,0.151258,-0.202891,0.068369,0.055503,0.008109,0.020901,18.94,10,-0.238258,0.344047,0.413368,-0.235272,0.332811,0.395439,0.200706,0.061958,0.193729,0.010898,0.078096,0.081158,0.201740,-0.085540,0.239040,0.012704,-0.050432,-0.036960,OFF
1786957326690422420,2026-08-17T16:02:06.690442,prediction,0.092362,-0.262000,0.089007,0.092946,-0.205017,0.077480,True,0.150993,-0.202887,0.070288,0.058631,0.059113,0.018719,19.16,10,-0.237264,0.349403,0.417912,-0.237497,0.331238,0.400868,0.200706,0.061958,0.193729,0.010898,0.078096,0.081158,0.201740,-0.085540,0.239040,0.012704,-0.050432,-0.036960,OFF
1786957326731178499,2026-08-17T16:02:06.731216,prediction,0.096819,-0.195000,0.089353,0.093552,-0.204363,0.079252,True,0.150546,-0.202298,0.072076,0.053727,0.007298,0.017277,23.86,10,-0.236252,0.354807,0.422574,-0.237497,0.331238,0.400868,0.200706,0.061958,0.193729,0.010898,0.078096,0.081158,0.201740,-0.085540,0.239040,0.012704,-0.050432,-0.036960,OFF
1786957326756296461,2026-08-17T16:02:06.756311,prediction,0.097950,-0.178000,0.089440,0.094183,-0.201033,0.081018,True,0.149407,-0.198882,0.073994,0.051457,0.020882,0.015446,18.11,10,-0.235211,0.360196,0.427344,-0.238587,0.331518,0.406843,0.200706,0.061958,0.193729,0.010898,0.078096,0.081158,0.201740,-0.085540,0.239040,0.012704,-0.050432,-0.036960,OFF
1786957326792197987,2026-08-17T16:02:06.792213,prediction,0.092096,-0.266000,0.088986,0.094173,-0.197167,0.082415,True,0.148266,-0.195033,0.075487,0.056170,0.070967,0.013500,19.73,10,-0.234093,0.365596,0.432230,-0.238587,0.331518,0.406843,0.200706,0.050609,0.184131,0.010898,0.080716,0.078096,0.173880,-0.095480,0.227669,0.012032,-0.049920,-0.040128,OFF
1786957326819751592,2026-08-17T16:02:06.819774,prediction,0.099347,-0.157000,0.093737,0.094672,-0.194927,0.084134,True,0.147468,-0.192668,0.077277,0.048121,0.035668,0.016459,17.78,10,-0.232728,0.371165,0.435882,-0.238721,0.333786,0.412735,0.195911,0.024429,0.029666,0.005228,0.051482,0.081158,0.164500,-0.353920,0.164921,0.013248,-0.044032,-0.041088,OFF
1786957326850138078,2026-08-17T16:02:06.850160,prediction,0.104889,-0.136000,0.093810,0.095516,-0.192185,0.085568,True,0.146534,-0.189733,0.078858,0.041645,0.053733,0.014952,15.42,10,-0.231481,0.376949,0.440874,-0.238721,0.333786,0.412735,0.194604,0.029231,0.018759,0.005670,0.051482,0.078096,0.166040,-0.347760,0.152056,0.014752,-0.046432,-0.042080,OFF
1786957326890930646,2026-08-17T16:02:06.890998,prediction,0.101451,-0.189000,0.097865,0.096133,-0.189317,0.086990,True,0.145634,-0.186734,0.080401,0.044183,0.002266,0.017464,18.74,10,-0.229948,0.381859,0.444639,-0.238162,0.338186,0.418477,0.194604,0.029231,0.018759,0.005670,0.051482,0.078096,0.166040,-0.347760,0.152056,0.014752,-0.046432,-0.042080,OFF
1786957326924173619,2026-08-17T16:02:06.924193,prediction,0.110299,-0.116000,0.098001,0.097796,-0.185304,0.088488,True,0.144393,-0.182307,0.082208,0.034094,0.066306,0.015793,17.81,10,-0.228565,0.386728,0.447173,-0.238162,0.338186,0.418477,0.194604,0.029231,0.018759,0.005670,0.051482,0.078096,0.166040,-0.347760,0.152056,0.014752,-0.046432,-0.042080,OFF
1786957326955368900,2026-08-17T16:02:06.955391,prediction,0.112827,-0.076000,0.098075,0.099069,-0.179994,0.089626,True,0.142947,-0.176684,0.083667,0.030119,0.100683,0.014408,19.39,10,-0.227267,0.390681,0.448961,-0.236997,0.344640,0.423787,0.194604,0.029231,0.018759,0.005670,0.051482,0.078096,0.166040,-0.347760,0.152056,0.014752,-0.046432,-0.042080,OFF
1786957326989102989,2026-08-17T16:02:06.989120,prediction,0.114411,-0.116000,0.098001,0.100263,-0.174452,0.090773,True,0.141521,-0.170870,0.085125,0.027110,0.054870,0.012876,17.44,10,-0.226033,0.394247,0.450682,-0.236997,0.344640,0.423787,0.194604,0.029231,0.018759,0.005670,0.051482,0.078096,0.166040,-0.347760,0.152056,0.014752,-0.046432,-0.042080,OFF
1786957327023752164,2026-08-17T16:02:07.023769,prediction,0.113795,-0.126000,0.097982,0.101276,-0.170037,0.091899,True,0.140431,-0.166337,0.086487,0.026636,0.040337,0.011495,18.17,10,-0.224853,0.397716,0.452367,-0.235082,0.353109,0.428483,0.153586,0.110823,0.002178,0.010467,0.054101,0.078096,0.150920,-0.393680,0.036520,0.011136,-0.046592,-0.039424,OFF
1786957327056589622,2026-08-17T16:02:07.056607,prediction,0.116874,-0.076000,0.102129,0.102981,-0.164674,0.093072,True,0.139243,-0.160717,0.088012,0.022369,0.084716,0.014117,20.75,10,-0.223759,0.401175,0.454016,-0.235082,0.353109,0.428483,0.148784,0.116063,0.001740,0.007847,0.059340,0.081158,0.120540,-0.411320,0.181106,0.012320,-0.047488,-0.041312,OFF
1786957327098070829,2026-08-17T16:02:07.098090,prediction,0.119123,-0.106000,0.102123,0.104348,-0.160295,0.094195,True,0.138350,-0.156236,0.089406,0.019227,0.050235,0.012716,21.12,10,-0.222723,0.404544,0.455651,-0.232994,0.361797,0.433072,0.124354,0.133952,0.042759,0.002609,0.075477,0.080716,0.107240,-0.391720,0.242941,0.009408,-0.053600,-0.041312,OFF
1786957327120104034,2026-08-17T16:02:07.120134,prediction,0.120920,-0.076000,0.102129,0.105928,-0.153392,0.095327,True,0.137029,-0.149070,0.090938,0.016108,0.073069,0.011191,17.24,10,-0.221750,0.407929,0.457264,-0.232994,0.361797,0.433072,0.124354,0.133952,0.042759,0.002609,0.075477,0.080716,0.107240,-0.391720,0.242941,0.009408,-0.053600,-0.041312,OFF
1786957327159361418,2026-08-17T16:02:07.159389,prediction,0.117325,-0.136000,0.102117,0.107366,-0.147585,0.096184,True,0.136026,-0.143118,0.092121,0.018701,0.007118,0.009996,20.60,10,-0.220755,0.411257,0.458871,-0.230839,0.370505,0.437614,0.124354,0.133952,0.042759,0.002609,0.075477,0.080716,0.107240,-0.391720,0.242941,0.009408,-0.053600,-0.041312,OFF
1786957327191050380,2026-08-17T16:02:07.191079,prediction,0.120321,-0.086000,0.106198,0.109230,-0.139757,0.097330,True,0.134838,-0.134951,0.093704,0.014517,0.048951,0.012494,18.57,10,-0.219740,0.414844,0.460455,-0.230839,0.370505,0.437614,0.124354,0.133952,0.042759,0.002609,0.075477,0.080716,0.107240,-0.391720,0.242941,0.009408,-0.053600,-0.041312,OFF
1786957327224105058,2026-08-17T16:02:07.224124,prediction,0.120321,-0.086000,0.106198,0.110797,-0.131525,0.098453,True,0.133661,-0.126429,0.095247,0.013340,0.040428,0.010951,18.55,10,-0.218662,0.418749,0.462016,-0.228650,0.379181,0.442002,0.124354,0.133952,0.042759,0.002609,0.075477,0.080716,0.107240,-0.391720,0.242941,0.009408,-0.053600,-0.041312,OFF
1786957327260104739,2026-08-17T16:02:07.260148,prediction,0.120321,-0.086000,0.110268,0.112288,-0.124065,0.099841,True,0.132762,-0.118789,0.097015,0.012441,0.032789,0.013253,18.69,10,-0.217537,0.423153,0.463561,-0.228650,0.379181,0.442002,0.117370,0.137441,0.053667,0.002609,0.078096,0.080716,0.118720,-0.392980,0.249664,0.011744,-0.052384,-0.039424,OFF
1786957327286834731,2026-08-17T16:02:07.286853,prediction,0.115407,-0.168000,0.110523,0.113842,-0.116760,0.101277,True,0.132063,-0.111356,0.098825,0.016656,0.056644,0.011698,17.14,10,-0.216427,0.428080,0.465095,-0.226463,0.387931,0.446134,0.014831,0.117370,0.156204,0.018756,0.078096,0.078096,-0.124180,-0.317100,0.274398,-0.066688,-0.051712,-0.040704,OFF
1786957327326189839,2026-08-17T16:02:07.326246,prediction,0.124355,-0.086500,0.110270,0.115509,-0.110419,0.102379,True,0.131709,-0.104997,0.100248,0.007354,0.018497,0.010021,21.60,10,-0.215347,0.433338,0.466651,-0.226463,0.387931,0.446134,0.048865,0.097736,0.167550,0.018756,0.083335,0.078096,-0.145040,-0.300580,0.276639,-0.073408,-0.045600,-0.039584,OFF
1786957327365894696,2026-08-17T16:02:07.365909,prediction,0.126074,-0.057000,0.110178,0.116922,-0.105391,0.103470,True,0.131570,-0.100129,0.101571,0.005496,0.043129,0.008607,22.49,10,-0.214296,0.438852,0.468183,-0.224301,0.396979,0.450052,0.078103,0.075045,0.180205,0.018756,0.080716,0.080716,-0.138880,-0.291060,0.288674,-0.077696,-0.046880,-0.038624,OFF
1786957327390099316,2026-08-17T16:02:07.390114,prediction,0.128288,-0.019000,0.110060,0.118711,-0.099052,0.104283,True,0.131513,-0.093769,0.102651,0.003225,0.074768,0.007410,20.78,10,-0.213299,0.444630,0.469697,-0.224301,0.396979,0.450052,0.093372,0.060645,0.185870,0.019198,0.078096,0.081158,-0.173180,-0.283640,0.284109,-0.083328,-0.048384,-0.039520,OFF
1786957327420644602,2026-08-17T16:02:07.420663,prediction,0.125549,-0.066000,0.110206,0.119727,-0.093570,0.105097,True,0.131281,-0.088406,0.103632,0.005732,0.022406,0.006574,18.34,10,-0.212357,0.450565,0.471180,-0.222291,0.405995,0.453607,0.106028,0.045814,0.193291,0.021807,0.078096,0.080716,-0.164220,-0.275800,0.284109,-0.079040,-0.048160,-0.035968,OFF
1786957327464125279,2026-08-17T16:02:07.464148,prediction,0.127764,-0.028000,0.114063,0.120723,-0.087781,0.106163,True,0.131067,-0.082670,0.104873,0.003303,0.054670,0.009190,24.69,10,-0.211483,0.456710,0.472608,-0.222291,0.405995,0.453607,0.123917,0.026174,0.197216,0.021375,0.078096,0.078538,-0.171640,-0.267820,0.293654,-0.081216,-0.046304,-0.040800,OFF
1786957327485856345,2026-08-17T16:02:07.485870,prediction,0.127239,-0.037000,0.114106,0.121578,-0.082410,0.107237,True,0.130897,-0.077387,0.106102,0.003657,0.040386,0.008004,18.03,10,-0.210691,0.462947,0.474022,-0.220411,0.415228,0.456917,0.129150,0.019634,0.198964,0.023995,0.078096,0.081158,-0.176680,-0.268380,0.291662,-0.079424,-0.045376,-0.038080,OFF
1786957327528485777,2026-08-17T16:02:07.528506,prediction,0.122636,-0.116000,0.114482,0.122168,-0.077122,0.108337,True,0.130627,-0.072188,0.107343,0.007991,0.043812,0.007139,22.50,10,-0.209983,0.469209,0.475421,-0.220411,0.415228,0.456917,0.137441,0.004796,0.200711,0.018756,0.078096,0.080716,-0.161420,-0.253540,0.296476,-0.086560,-0.048160,-0.034848,OFF
1786957327554886748,2026-08-17T16:02:07.554906,prediction,0.129920,0.009000,0.117801,0.123038,-0.071851,0.109381,True,0.130584,-0.066956,0.108537,0.000664,0.075956,0.009264,17.09,10,-0.209329,0.475447,0.476811,-0.218686,0.424598,0.460012,0.138748,0.001744,0.200711,0.021375,0.080716,0.080716,-0.167020,-0.257600,0.288674,-0.085376,-0.044800,-0.037856,OFF
1786957327591379789,2026-08-17T16:02:07.591399,prediction,0.129920,0.009000,0.117801,0.123757,-0.064664,0.110427,True,0.130274,-0.059574,0.109770,0.000354,0.068574,0.008031,19.22,10,-0.208752,0.481716,0.478179,-0.218686,0.424598,0.460012,0.138748,0.000000,0.200711,0.021807,0.081158,0.078096,-0.165200,-0.236740,0.296144,-0.084480,-0.045600,-0.039904,OFF
1786957327622236072,2026-08-17T16:02:07.622251,prediction,0.127764,-0.028000,0.118038,0.124214,-0.058693,0.111487,True,0.129979,-0.053549,0.110974,0.002215,0.025549,0.007064,19.53,10,-0.208214,0.487970,0.479537,-0.217120,0.434076,0.462933,0.138748,0.000000,0.200711,0.021807,0.081158,0.078096,-0.165200,-0.236740,0.296144,-0.084480,-0.045600,-0.039904,OFF
1786957327654128558,2026-08-17T16:02:07.654213,prediction,0.131493,0.036000,0.117628,0.125158,-0.051365,0.112521,True,0.129948,-0.045996,0.112188,0.001545,0.081996,0.005440,16.68,10,-0.207744,0.494376,0.480873,-0.217120,0.434076,0.462933,0.138748,0.000000,0.200711,0.021807,0.081158,0.078096,-0.165200,-0.236740,0.296144,-0.084480,-0.045600,-0.039904,OFF
1786957327690458171,2026-08-17T16:02:07.690473,prediction,0.130969,0.027000,0.117686,0.125868,-0.043873,0.113287,True,0.129806,-0.038292,0.113097,0.001163,0.065292,0.004589,20.72,10,-0.207338,0.500752,0.482210,-0.215724,0.443591,0.465684,0.138748,0.000000,0.200711,0.021807,0.081158,0.078096,-0.165200,-0.236740,0.296144,-0.084480,-0.045600,-0.039904,OFF
1786957327729811786,2026-08-17T16:02:07.729837,prediction,0.126283,0.013500,0.121679,0.126265,-0.036348,0.114319,True,0.129504,-0.030603,0.114253,0.003220,0.044103,0.007425,21.67,10,-0.207003,0.507207,0.483503,-0.215724,0.443591,0.465684,0.139186,0.001744,0.202458,0.021807,0.078096,0.080716,-0.170100,-0.140000,0.275975,-0.084160,-0.047104,-0.038528,OFF
1786957327752937000,2026-08-17T16:02:07.752956,prediction,0.126553,0.018000,0.121642,0.126681,-0.029296,0.115078,True,0.129312,-0.023487,0.115105,0.002759,0.041487,0.006538,16.91,10,-0.206726,0.513653,0.484770,-0.214503,0.453099,0.468274,0.129150,0.034465,0.198964,0.018756,0.080716,0.078096,-0.153020,-0.044520,0.302120,-0.082048,-0.048320,-0.036736,OFF
1786957327787292130,2026-08-17T16:02:07.787324,prediction,0.122107,0.009000,0.121715,0.127128,-0.022579,0.115824,True,0.129226,-0.016777,0.115922,0.007119,0.025776,0.005793,17.00,10,-0.206496,0.520053,0.485976,-0.214503,0.453099,0.468274,0.127406,0.039267,0.198964,0.016137,0.081158,0.072426,-0.149100,-0.045500,0.296061,-0.079936,-0.046880,-0.035840,OFF
1786957327822102008,2026-08-17T16:02:07.822167,prediction,0.121046,0.054000,0.121352,0.126907,-0.015663,0.116563,True,0.128613,-0.009876,0.116715,0.007567,0.063876,0.004638,19.31,10,-0.206307,0.526416,0.487116,-0.213423,0.462760,0.470757,0.123917,0.045376,0.200711,0.016137,0.080716,0.048432,-0.145320,-0.034020,0.288508,-0.083552,-0.047488,-0.034560,OFF
1786957327857005411,2026-08-17T16:02:07.857023,prediction,0.122184,0.072000,0.121207,0.126648,-0.006786,0.117298,True,0.127848,-0.000750,0.117530,0.005664,0.072750,0.003677,18.16,10,-0.206100,0.532732,0.488214,-0.213423,0.462760,0.470757,0.119114,0.052354,0.198964,0.016137,0.078096,0.029665,-0.148120,-0.028700,0.291828,-0.086656,-0.052704,-0.034304,OFF
1786957327889293964,2026-08-17T16:02:07.889309,prediction,0.119484,0.089000,0.121070,0.126061,0.001869,0.118032,True,0.126856,0.008112,0.118329,0.007372,0.080888,0.002741,20.18,10,-0.205852,0.539069,0.489278,-0.212460,0.472471,0.473114,0.116063,0.060645,0.198964,0.016137,0.081158,0.008289,-0.149940,-0.031920,0.299713,-0.085280,-0.047040,-0.028608,OFF
1786957327929278269,2026-08-17T16:02:07.929299,prediction,0.113640,0.114000,0.124609,0.125267,0.011387,0.118992,True,0.125662,0.017926,0.119377,0.012022,0.096074,0.005231,26.08,10,-0.205542,0.545636,0.490323,-0.212460,0.472471,0.473114,0.114319,0.063703,0.198964,0.016137,0.081158,0.000000,-0.134540,-0.035000,0.300377,-0.086496,-0.048544,-0.020928,OFF
1786957327954040320,2026-08-17T16:02:07.954070,prediction,0.108720,0.097000,0.124774,0.123997,0.019957,0.119706,True,0.124131,0.026611,0.120147,0.015411,0.070389,0.004627,18.29,10,-0.205167,0.552383,0.491373,-0.211575,0.482166,0.475329,0.114319,0.063703,0.198964,0.016137,0.081158,0.000000,-0.134540,-0.035000,0.300377,-0.086496,-0.048544,-0.020928,OFF
1786957327996761144,2026-08-17T16:02:07.996786,prediction,0.106174,0.114000,0.124609,0.122593,0.029725,0.120406,True,0.122420,0.036627,0.120903,0.016246,0.077373,0.003706,22.10,10,-0.204705,0.559404,0.492391,-0.211575,0.482166,0.475329,0.114319,0.063703,0.198964,0.016137,0.081158,0.000000,-0.134540,-0.035000,0.300377,-0.086496,-0.048544,-0.020928,OFF
1786957328019429207,2026-08-17T16:02:08.019455,prediction,0.105602,0.106000,0.124687,0.121457,0.039305,0.121086,True,0.120996,0.046402,0.121631,0.015394,0.059598,0.003056,16.82,10,-0.204140,0.566636,0.493378,-0.210717,0.491916,0.477412,0.114319,0.063703,0.198964,0.016137,0.081158,0.000000,-0.134540,-0.035000,0.300377,-0.086496,-0.048544,-0.020928,OFF
1786957328069872923,2026-08-17T16:02:08.069886,prediction,0.103684,0.131000,0.124444,0.119708,0.049274,0.121529,True,0.118996,0.056588,0.122093,0.015312,0.074412,0.002350,26.44,10,-0.203498,0.574163,0.494330,-0.210717,0.491916,0.477412,0.091190,0.089883,0.198964,0.010898,0.078096,0.081158,-0.133840,-0.011340,0.306270,-0.089664,-0.052000,0.039424,OFF
1786957328096007713,2026-08-17T16:02:08.096027,prediction,0.099979,0.131000,0.128156,0.117712,0.057775,0.122220,True,0.116862,0.065037,0.122794,0.016884,0.065962,0.005362,21.54,10,-0.202725,0.581994,0.495234,-0.209855,0.501627,0.479334,0.091628,0.091190,0.200711,0.013517,0.080716,0.080716,-0.136080,-0.014560,0.295231,-0.087168,-0.048480,0.035744,OFF
1786957328123946374,2026-08-17T16:02:08.123973,prediction,0.100577,0.139000,0.128065,0.115900,0.065982,0.122888,True,0.114928,0.073118,0.123475,0.014351,0.065882,0.004590,19.69,10,-0.201831,0.590149,0.496102,-0.209855,0.501627,0.479334,0.091628,0.091190,0.200711,0.013517,0.080716,0.080716,-0.136080,-0.014560,0.295231,-0.087168,-0.048480,0.035744,OFF
1786957328155626560,2026-08-17T16:02:08.155647,prediction,0.101175,0.147000,0.127974,0.113878,0.074556,0.123578,True,0.112777,0.081627,0.124183,0.011602,0.065373,0.003791,17.85,10,-0.200828,0.598426,0.496936,-0.208937,0.511470,0.481123,0.091628,0.091190,0.200711,0.013517,0.080716,0.080716,-0.136080,-0.014560,0.295231,-0.087168,-0.048480,0.035744,OFF
1786957328191267725,2026-08-17T16:02:08.191292,prediction,0.098719,0.163000,0.127792,0.111728,0.082671,0.124252,True,0.110524,0.089631,0.124871,0.011806,0.073369,0.002922,17.76,10,-0.199683,0.606837,0.497735,-0.208937,0.511470,0.481123,0.091628,0.091190,0.200711,0.013517,0.080716,0.080716,-0.136080,-0.014560,0.295231,-0.087168,-0.048480,0.035744,OFF
1786957328222914378,2026-08-17T16:02:08.222933,prediction,0.094442,0.155000,0.127883,0.109606,0.091121,0.124665,True,0.108275,0.098054,0.125276,0.013833,0.056946,0.002607,17.05,10,-0.198397,0.615325,0.498520,-0.207939,0.521310,0.482772,0.091628,0.091190,0.200711,0.013517,0.080716,0.080716,-0.136080,-0.014560,0.295231,-0.087168,-0.048480,0.035744,OFF
1786957328258469711,2026-08-17T16:02:08.258487,prediction,0.095691,0.171000,0.131348,0.107548,0.100544,0.125312,True,0.106045,0.107629,0.125939,0.010354,0.063371,0.005409,18.99,10,-0.196982,0.623846,0.499255,-0.207939,0.521310,0.482772,0.091628,0.091190,0.200711,0.013517,0.080716,0.080716,-0.136080,-0.014560,0.295231,-0.087168,-0.048480,0.035744,OFF
1786957328290635793,2026-08-17T16:02:08.290656,prediction,0.091414,0.163000,0.131452,0.105502,0.110402,0.125961,True,0.103817,0.117715,0.126611,0.012403,0.045285,0.004840,18.41,10,-0.195431,0.632411,0.499977,-0.206835,0.531108,0.484289,0.068498,0.110823,0.200711,0.008289,0.078096,0.080716,-0.106260,-0.012040,0.305357,-0.088064,-0.048864,0.037024,OFF
1786957328321716779,2026-08-17T16:02:08.321735,prediction,0.093327,0.187000,0.131139,0.103654,0.120534,0.126614,True,0.101793,0.128101,0.127289,0.008466,0.058899,0.003850,15.83,10,-0.193737,0.641117,0.500690,-0.206835,0.531108,0.484289,0.065447,0.114319,0.200711,0.007847,0.080716,0.081158,-0.113400,-0.018900,0.315400,-0.087936,-0.044192,0.038400,OFF
1786957328354919396,2026-08-17T16:02:08.354939,prediction,0.090365,0.195000,0.131035,0.101533,0.129653,0.127269,True,0.099558,0.137279,0.127959,0.009193,0.057721,0.003076,17.04,10,-0.191949,0.650032,0.501395,-0.205606,0.540932,0.485702,0.061958,0.117808,0.200711,0.008289,0.080716,0.080716,-0.127680,-0.026600,0.304361,-0.084480,-0.046656,0.039072,OFF
1786957328385016987,2026-08-17T16:02:08.385039,prediction,0.088413,0.171000,0.134994,0.099461,0.137611,0.128197,True,0.097438,0.145071,0.128919,0.009025,0.025929,0.006075,16.31,10,-0.190063,0.659173,0.502090,-0.205606,0.540932,0.485702,0.058901,0.120859,0.200711,0.005670,0.080716,0.080716,-0.126980,-0.029120,0.309341,-0.089120,-0.047872,0.041088,OFF
1786957328419847855,2026-08-17T16:02:08.419862,prediction,0.086460,0.147000,0.135346,0.097649,0.143575,0.128913,True,0.095661,0.150547,0.129643,0.009201,0.003547,0.005703,16.54,10,-0.188102,0.668363,0.502796,-0.204255,0.550764,0.487021,0.057156,0.122603,0.200711,0.007847,0.078096,0.080716,-0.128940,-0.025620,0.295729,-0.083040,-0.049984,0.036864,OFF
1786957328456813406,2026-08-17T16:02:08.456829,prediction,0.085438,0.179000,0.134876,0.096097,0.148715,0.129587,True,0.094173,0.155109,0.130311,0.008735,0.023891,0.004566,17.16,10,-0.186102,0.677505,0.503481,-0.204255,0.550764,0.487021,0.058901,0.124354,0.198964,0.005228,0.078096,0.078096,-0.094220,-0.039620,0.310005,-0.088320,-0.046432,0.038624,OFF
1786957328486370760,2026-08-17T16:02:08.486391,prediction,0.083166,0.195000,0.134642,0.094563,0.153210,0.130256,True,0.092710,0.159023,0.130968,0.009544,0.035977,0.003674,17.07,10,-0.184104,0.686407,0.504158,-0.202799,0.560567,0.488260,0.053667,0.124354,0.200711,0.008289,0.078096,0.078096,-0.123900,-0.021700,0.298717,-0.083040,-0.046144,0.040576,OFF
1786957328521262602,2026-08-17T16:02:08.521292,prediction,0.083166,0.195000,0.134642,0.093068,0.158855,0.130919,True,0.091218,0.164398,0.131626,0.008052,0.030602,0.003016,17.58,10,-0.182124,0.695041,0.504829,-0.202799,0.560567,0.488260,0.055412,0.127406,0.198525,0.005228,0.080716,0.078096,-0.115920,-0.037100,0.307266,-0.090176,-0.049824,0.038976,OFF
1786957328562685398,2026-08-17T16:02:08.562710,prediction,0.081552,0.218000,0.134304,0.091592,0.164304,0.131577,True,0.089741,0.169653,0.132271,0.008189,0.048347,0.002033,21.30,10,-0.180139,0.703295,0.505495,-0.201246,0.570351,0.489441,0.055849,0.130457,0.201142,0.005228,0.080716,0.078096,-0.089460,-0.032200,0.291081,-0.085984,-0.047584,0.038304,OFF
1786957328591693847,2026-08-17T16:02:08.591716,prediction,0.082846,0.233000,0.137628,0.090450,0.170034,0.132208,True,0.088597,0.175302,0.132889,0.005751,0.057698,0.004739,21.07,10,-0.178188,0.711239,0.506174,-0.201246,0.570351,0.489441,0.054105,0.130457,0.200711,0.002609,0.080716,0.075477,-0.106820,-0.040880,0.307100,-0.087936,-0.048160,0.038752,OFF
1786957328624576079,2026-08-17T16:02:08.624595,prediction,0.080861,0.210000,0.138003,0.089136,0.175820,0.132871,True,0.087271,0.181070,0.133542,0.006410,0.028930,0.004462,20.25,10,-0.176304,0.718858,0.506847,-0.199600,0.580148,0.490589,0.053667,0.132208,0.201142,0.005670,0.078096,0.075477,-0.130760,-0.034020,0.313823,-0.088832,-0.053056,0.036064,OFF
1786957328656955433,2026-08-17T16:02:08.656972,prediction,0.080861,0.210000,0.138003,0.087781,0.180764,0.133539,True,0.085929,0.185892,0.134198,0.005068,0.024108,0.003805,18.69,10,-0.174460,0.726263,0.507518,-0.199600,0.580148,0.490589,0.055849,0.135697,0.198964,0.002609,0.080716,0.070249,-0.100380,-0.056420,0.320380,-0.093792,-0.045824,0.035680,OFF
1786957328691656125,2026-08-17T16:02:08.691674,prediction,0.080861,0.210000,0.141585,0.086591,0.185113,0.134459,True,0.084776,0.190032,0.135133,0.003915,0.019968,0.006452,19.31,10,-0.172670,0.733501,0.508186,-0.197882,0.589929,0.491712,0.053667,0.135697,0.200711,0.005228,0.080716,0.067188,-0.124880,-0.062300,0.302286,-0.089600,-0.047808,0.036640,OFF
1786957328723016989,2026-08-17T16:02:08.723036,prediction,0.080861,0.210000,0.141585,0.085685,0.188916,0.135372,True,0.083931,0.193568,0.136075,0.003070,0.016432,0.005510,18.08,10,-0.170954,0.740509,0.508870,-0.197882,0.589929,0.491712,0.055849,0.137441,0.198964,0.005670,0.081158,0.065010,-0.129780,-0.046480,0.308096,-0.092160,-0.048928,0.037920,OFF
1786957328755721957,2026-08-17T16:02:08.755739,prediction,0.079309,0.233000,0.141172,0.084593,0.192183,0.136027,True,0.082887,0.196539,0.136731,0.003578,0.036460,0.004441,15.68,10,-0.169331,0.747266,0.509590,-0.196095,0.599781,0.492831,0.055849,0.137004,0.198964,0.005228,0.078096,0.061949,-0.123340,-0.034720,0.310171,-0.090880,-0.050144,0.037472,OFF
1786957328798138959,2026-08-17T16:02:08.798160,prediction,0.081244,0.255000,0.144284,0.083915,0.196570,0.136883,True,0.082238,0.200846,0.137605,0.000994,0.054154,0.006679,20.83,10,-0.167787,0.753711,0.510309,-0.196095,0.599781,0.492831,0.055412,0.140492,0.200711,0.008289,0.080716,0.061949,-0.123620,-0.069020,0.297306,-0.090272,-0.046976,0.034848,OFF
1786957328820770222,2026-08-17T16:02:08.820789,prediction,0.079309,0.233000,0.148259,0.082981,0.200754,0.138024,True,0.081320,0.204962,0.138797,0.002011,0.028038,0.009462,18.77,10,-0.166348,0.759742,0.511042,-0.194283,0.609523,0.493940,0.055412,0.138748,0.202458,0.007847,0.080716,0.061949,-0.135660,-0.056000,0.302452,-0.089600,-0.044256,0.034688,OFF
1786957328863826378,2026-08-17T16:02:08.863889,prediction,0.081860,0.262000,0.151138,0.082414,0.205217,0.139364,True,0.080784,0.209415,0.140219,0.001076,0.052585,0.010919,22.87,10,-0.164984,0.765382,0.511810,-0.194283,0.609523,0.493940,0.057156,0.140492,0.198964,0.005670,0.078096,0.062391,-0.107520,-0.070980,0.313491,-0.096128,-0.049600,0.037024,OFF
1786957328892569286,2026-08-17T16:02:08.892605,prediction,0.077744,0.255000,0.154806,0.081703,0.209737,0.140685,True,0.080090,0.213951,0.141623,0.002346,0.041049,0.013182,18.23,10,-0.163732,0.770609,0.512627,-0.192428,0.619306,0.495075,0.057156,0.140492,0.200711,0.005670,0.080716,0.061949,-0.140980,-0.064400,0.304361,-0.093056,-0.047104,0.037184,OFF
1786957328919471673,2026-08-17T16:02:08.919487,prediction,0.079715,0.277000,0.157736,0.081253,0.215494,0.142178,True,0.079649,0.219910,0.143215,0.000065,0.057090,0.014521,18.26,10,-0.162575,0.775502,0.513474,-0.192428,0.619306,0.495075,0.057156,0.140492,0.200711,0.005228,0.080716,0.065010,-0.140700,-0.060340,0.312744,-0.094464,-0.044256,0.035968,OFF
1786957328960918074,2026-08-17T16:02:08.960944,prediction,0.079088,0.270000,0.161402,0.080830,0.221925,0.143946,True,0.079233,0.226624,0.145110,0.000145,0.043376,0.016292,18.73,10,-0.161508,0.780154,0.514379,-0.190562,0.629014,0.496240,0.058463,0.142243,0.200711,0.002609,0.078096,0.065010,-0.117740,-0.065660,0.321376,-0.091392,-0.050272,0.035680,OFF
1786957328989244076,2026-08-17T16:02:08.989260,prediction,0.080969,0.291000,0.164264,0.080683,0.228438,0.145921,True,0.079123,0.233376,0.147228,0.001847,0.057624,0.017037,19.00,10,-0.160512,0.784784,0.515365,-0.190562,0.629014,0.496240,0.058901,0.142243,0.200711,0.005228,0.080716,0.061949,-0.119280,-0.062300,0.319633,-0.094176,-0.046528,0.036064,OFF
1786957329024900289,2026-08-17T16:02:09.024935,prediction,0.080969,0.291000,0.164264,0.080537,0.234861,0.147896,True,0.079027,0.239961,0.149337,0.001943,0.051039,0.014927,18.87,10,-0.159606,0.789524,0.516449,-0.188673,0.638806,0.497473,0.058463,0.142243,0.200711,0.005228,0.081158,0.065010,-0.113680,-0.079940,0.311582,-0.090400,-0.044544,0.037184,OFF
1786957329052914071,2026-08-17T16:02:09.052938,prediction,0.079088,0.270000,0.168367,0.080372,0.241265,0.150167,True,0.078921,0.246460,0.151755,0.000167,0.023539,0.016612,15.04,10,-0.158793,0.794437,0.517630,-0.188673,0.638806,0.497473,0.058901,0.141806,0.200711,0.005228,0.078096,0.064568,-0.110600,-0.075320,0.308179,-0.093184,-0.043136,0.036864,OFF
1786957329096935558,2026-08-17T16:02:09.096976,prediction,0.081597,0.298000,0.170930,0.080289,0.246440,0.152387,True,0.078928,0.251490,0.154096,0.002669,0.046510,0.016834,21.72,10,-0.158072,0.799450,0.518929,-0.186817,0.648551,0.498775,0.058901,0.142243,0.200711,0.005228,0.080716,0.061949,-0.114660,-0.067480,0.311914,-0.089600,-0.044864,0.036864,OFF
1786957329125053137,2026-08-17T16:02:09.125070,prediction,0.080342,0.284000,0.171390,0.080255,0.250994,0.154612,True,0.078990,0.255787,0.156416,0.001352,0.028213,0.014974,17.66,10,-0.157427,0.804549,0.520343,-0.186817,0.648551,0.498775,0.060207,0.141806,0.198964,0.005670,0.080716,0.064568,-0.097580,-0.077140,0.312412,-0.091232,-0.045824,0.036288,OFF
1786957329155055449,2026-08-17T16:02:09.155076,prediction,0.080342,0.284000,0.174850,0.080220,0.255852,0.157069,True,0.079034,0.260446,0.158972,0.001308,0.023554,0.015877,17.64,10,-0.156875,0.809632,0.521868,-0.185014,0.658248,0.500165,0.058901,0.143550,0.198964,0.005228,0.081158,0.061949,-0.118020,-0.088340,0.312080,-0.089440,-0.045088,0.038752,OFF
1786957329194808938,2026-08-17T16:02:09.194822,prediction,0.082224,0.305000,0.177550,0.080311,0.260770,0.159467,True,0.079201,0.265211,0.161452,0.003023,0.039789,0.016098,25.82,10,-0.156416,0.814634,0.523519,-0.185014,0.658248,0.500165,0.057156,0.143550,0.198964,0.007847,0.080716,0.061949,-0.122080,-0.094220,0.317558,-0.091776,-0.048160,0.035136,OFF
1786957329229467680,2026-08-17T16:02:09.229486,prediction,0.082224,0.305000,0.177550,0.080402,0.266821,0.161864,True,0.079335,0.271314,0.163916,0.002889,0.033686,0.013634,23.98,10,-0.156044,0.819610,0.525274,-0.183260,0.668020,0.501685,0.058463,0.143550,0.200711,0.005228,0.083335,0.061949,-0.112840,-0.091700,0.309009,-0.090560,-0.044480,0.034560,OFF
1786957329260305148,2026-08-17T16:02:09.260324,prediction,0.087489,0.326000,0.180181,0.080947,0.273097,0.164465,True,0.079963,0.277672,0.166585,0.007526,0.048328,0.013596,21.93,10,-0.155738,0.824615,0.527130,-0.183260,0.668020,0.501685,0.058463,0.143550,0.200711,0.005228,0.083335,0.061949,-0.112840,-0.091700,0.309009,-0.090560,-0.044480,0.034560,OFF
1786957329291469841,2026-08-17T16:02:09.291488,prediction,0.084411,0.291000,0.181504,0.081158,0.278193,0.166946,True,0.080242,0.282684,0.169115,0.004169,0.008316,0.012389,21.04,10,-0.155543,0.829763,0.529120,-0.181602,0.677693,0.503326,0.058463,0.143550,0.200711,0.005228,0.083335,0.061949,-0.112840,-0.091700,0.309009,-0.090560,-0.044480,0.034560,OFF
1786957329327619315,2026-08-17T16:02:09.327640,prediction,0.085026,0.298000,0.184676,0.081539,0.282678,0.169374,True,0.080709,0.286982,0.171569,0.004317,0.011018,0.013107,22.81,10,-0.155410,0.835119,0.531221,-0.181602,0.677693,0.503326,0.058901,0.143550,0.200711,0.005670,0.078096,0.061949,-0.104160,-0.097580,0.313989,-0.091776,-0.044800,0.038848,OFF
1786957329364939946,2026-08-17T16:02:09.364958,prediction,0.087489,0.326000,0.186961,0.081914,0.285869,0.171762,True,0.081182,0.289804,0.173964,0.006307,0.036196,0.012997,21.58,10,-0.155369,0.840555,0.533406,-0.180036,0.687417,0.505122,0.057156,0.143550,0.198964,0.002609,0.080716,0.059340,-0.115920,-0.103180,0.330008,-0.094464,-0.047200,0.037024,OFF
1786957329389583574,2026-08-17T16:02:09.389602,prediction,0.088105,0.333000,0.186673,0.082605,0.290294,0.173887,True,0.081965,0.294082,0.176065,0.006140,0.038918,0.010608,17.39,10,-0.155395,0.846017,0.535655,-0.180036,0.687417,0.505122,0.055412,0.145295,0.198964,0.002609,0.078096,0.059340,-0.123620,-0.105980,0.315317,-0.095008,-0.050368,0.037568,OFF
1786957329424250172,2026-08-17T16:02:09.424281,prediction,0.093203,0.353000,0.185851,0.083504,0.294965,0.175761,True,0.082960,0.298693,0.177877,0.010242,0.054307,0.007975,17.40,10,-0.155520,0.851397,0.537952,-0.178577,0.697172,0.507075,0.055849,0.143988,0.200711,0.005228,0.078096,0.056721,-0.107240,-0.087640,0.320878,-0.095296,-0.049536,0.038240,OFF
1786957329463890548,2026-08-17T16:02:09.463911,prediction,0.092081,0.340000,0.189753,0.084371,0.299633,0.177651,True,0.083910,0.303330,0.179694,0.008171,0.036670,0.010059,27.47,10,-0.155741,0.856746,0.540262,-0.178577,0.697172,0.507075,0.054105,0.143988,0.200711,0.005228,0.080716,0.056721,-0.117180,-0.095480,0.309009,-0.092672,-0.046976,0.038400,OFF
1786957329493640434,2026-08-17T16:02:09.493659,prediction,0.092599,0.346000,0.189496,0.085146,0.304247,0.179333,True,0.084753,0.307925,0.181288,0.007846,0.038075,0.008209,20.90,10,-0.156053,0.862018,0.542568,-0.177265,0.706777,0.509143,0.054105,0.143550,0.198964,0.002609,0.078096,0.056721,-0.119840,-0.097580,0.325194,-0.096672,-0.047488,0.036192,OFF
1786957329530201904,2026-08-17T16:02:09.530221,prediction,0.098235,0.373000,0.188342,0.086297,0.308103,0.180938,True,0.086012,0.311642,0.182794,0.012223,0.061358,0.005548,20.57,10,-0.156428,0.867163,0.544839,-0.177265,0.706777,0.509143,0.050609,0.145295,0.200711,0.005228,0.081158,0.056279,-0.123620,-0.113120,0.310337,-0.093344,-0.051264,0.037408,OFF
1786957329556713204,2026-08-17T16:02:09.556729,prediction,0.095949,0.346000,0.192853,0.087421,0.311807,0.182571,True,0.087239,0.315195,0.184342,0.008711,0.030805,0.008511,19.59,10,-0.156894,0.872168,0.547069,-0.176071,0.716476,0.511367,0.052354,0.145295,0.200711,0.005670,0.080716,0.054101,-0.106540,-0.121520,0.315400,-0.091904,-0.047648,0.035840,OFF
1786957329590578049,2026-08-17T16:02:09.590591,prediction,0.098827,0.380000,0.191343,0.088570,0.316921,0.183931,True,0.088462,0.320395,0.185614,0.010366,0.059605,0.005730,17.94,10,-0.157448,0.876992,0.549241,-0.176071,0.716476,0.511367,0.048865,0.143988,0.198964,0.005228,0.078096,0.053659,-0.132300,-0.125860,0.315732,-0.093056,-0.047936,0.036352,OFF
1786957329623682731,2026-08-17T16:02:09.623699,prediction,0.099928,0.393000,0.190766,0.089875,0.323064,0.185223,True,0.089832,0.326782,0.186819,0.010096,0.066218,0.003947,18.15,10,-0.158084,0.881623,0.551343,-0.175015,0.726169,0.513713,0.047120,0.142243,0.198525,0.003051,0.078096,0.053659,-0.122640,-0.115220,0.328597,-0.097280,-0.050208,0.034400,OFF
1786957329653660417,2026-08-17T16:02:09.653681,prediction,0.098827,0.380000,0.194644,0.091108,0.329413,0.186543,True,0.091115,0.333386,0.188069,0.007712,0.046614,0.006575,17.66,10,-0.158807,0.886224,0.553369,-0.175015,0.726169,0.513713,0.047120,0.142243,0.198525,0.003051,0.078096,0.053659,-0.122640,-0.115220,0.328597,-0.097280,-0.050208,0.034400,OFF
1786957329690425641,2026-08-17T16:02:09.690442,prediction,0.103201,0.393000,0.194045,0.092506,0.336496,0.187643,True,0.092567,0.340778,0.189094,0.010634,0.052222,0.004952,17.69,10,-0.159612,0.890931,0.555309,-0.174108,0.735865,0.516161,0.047120,0.142243,0.198525,0.003051,0.078096,0.053659,-0.122640,-0.115220,0.328597,-0.097280,-0.050208,0.034400,OFF
1786957329725347710,2026-08-17T16:02:09.725375,prediction,0.103201,0.393000,0.194045,0.093905,0.342606,0.188742,True,0.094034,0.346999,0.190122,0.009167,0.046001,0.003924,19.13,10,-0.160503,0.895762,0.557152,-0.174108,0.735865,0.516161,0.047120,0.142243,0.198525,0.003051,0.078096,0.053659,-0.122640,-0.115220,0.328597,-0.097280,-0.050208,0.034400,OFF
1786957329755088830,2026-08-17T16:02:09.755108,prediction,0.102620,0.386000,0.197659,0.094913,0.348521,0.189907,True,0.095081,0.352954,0.191236,0.007539,0.033046,0.006423,17.25,10,-0.161483,0.900759,0.558899,-0.173374,0.745450,0.518646,0.047120,0.142243,0.198525,0.003051,0.078096,0.053659,-0.122640,-0.115220,0.328597,-0.097280,-0.050208,0.034400,OFF
1786957329790056134,2026-08-17T16:02:09.790079,prediction,0.102620,0.386000,0.197659,0.096127,0.354024,0.190984,True,0.096350,0.358402,0.192267,0.006270,0.027598,0.005392,18.22,10,-0.162491,0.905794,0.560542,-0.173374,0.745450,0.518646,0.047120,0.142243,0.198525,0.003051,0.078096,0.053659,-0.122640,-0.115220,0.328597,-0.097280,-0.050208,0.034400,OFF
1786957329823698681,2026-08-17T16:02:09.823716,prediction,0.102122,0.380000,0.197945,0.097267,0.359818,0.191869,True,0.097520,0.364181,0.193097,0.004602,0.015819,0.004848,17.79,10,-0.163565,0.910817,0.562086,-0.172802,0.755103,0.521181,0.047120,0.142243,0.198525,0.003051,0.078096,0.053659,-0.122640,-0.115220,0.328597,-0.097280,-0.050208,0.034400,OFF
1786957329857744427,2026-08-17T16:02:09.857770,prediction,0.101541,0.373000,0.198279,0.098204,0.365350,0.192624,True,0.098466,0.369675,0.193787,0.003075,0.003325,0.004492,17.71,10,-0.164686,0.915859,0.563521,-0.172802,0.755103,0.521181,0.047120,0.142243,0.198525,0.003051,0.078096,0.053659,-0.122640,-0.115220,0.328597,-0.097280,-0.050208,0.034400,OFF
1786957329895545114,2026-08-17T16:02:09.895564,prediction,0.103699,0.399000,0.197039,0.099244,0.369337,0.193315,True,0.099541,0.373409,0.194408,0.004158,0.025591,0.002631,20.68,10,-0.165838,0.920985,0.564843,-0.172397,0.764751,0.523721,0.047120,0.142243,0.198525,0.003051,0.078096,0.053659,-0.122640,-0.115220,0.328597,-0.097280,-0.050208,0.034400,OFF
1786957329924359096,2026-08-17T16:02:09.924376,prediction,0.103699,0.399000,0.197039,0.099943,0.373654,0.194060,True,0.100232,0.377554,0.195098,0.003467,0.021446,0.001940,18.11,10,-0.167010,0.926270,0.566065,-0.172397,0.764751,0.523721,0.034034,0.143988,0.200711,0.000000,0.081158,0.037954,-0.110600,-0.156240,0.313989,-0.095456,-0.045088,0.032448,OFF
1786957329955165023,2026-08-17T16:02:09.955181,prediction,0.104197,0.405000,0.196752,0.100751,0.377664,0.194527,True,0.101037,0.381398,0.195493,0.003160,0.023602,0.001259,17.90,10,-0.168161,0.931558,0.567214,-0.172152,0.774387,0.526233,0.030976,0.140492,0.196785,0.000000,0.078096,0.034903,-0.115920,-0.158900,0.332249,-0.097024,-0.050944,0.033120,OFF
1786957329994038753,2026-08-17T16:02:09.994057,prediction,0.099928,0.393000,0.197325,0.101240,0.381293,0.195049,True,0.101502,0.384864,0.195952,0.001574,0.008136,0.001373,23.58,10,-0.169303,0.936821,0.568267,-0.172152,0.774387,0.526233,0.029231,0.132208,0.184131,0.002609,0.072426,0.029665,-0.099120,-0.162960,0.312910,-0.092832,-0.043264,0.033280,OFF
1786957330025824979,2026-08-17T16:02:10.025841,prediction,0.104778,0.412000,0.196418,0.101676,0.385165,0.195587,True,0.101904,0.388654,0.196441,0.002874,0.023346,0.000022,19.59,10,-0.170420,0.942038,0.569244,-0.172051,0.784165,0.528742,0.026174,0.125661,0.174532,0.002609,0.067188,0.027045,-0.101360,-0.170380,0.314487,-0.096288,-0.042912,0.033504,OFF
1786957330054603574,2026-08-17T16:02:10.054623,prediction,0.100436,0.399000,0.197039,0.101975,0.388766,0.195866,True,0.102163,0.392183,0.196657,0.001727,0.006817,0.000381,16.64,10,-0.171479,0.947184,0.570154,-0.172051,0.784165,0.528742,0.024429,0.123917,0.171037,0.002609,0.067188,0.023995,-0.102900,-0.168840,0.306270,-0.094112,-0.045024,0.034240,OFF
1786957330091207324,2026-08-17T16:02:10.091224,prediction,0.101536,0.412000,0.196418,0.102156,0.391567,0.196205,True,0.102307,0.394835,0.196942,0.000771,0.017165,0.000523,19.95,10,-0.172474,0.952321,0.570975,-0.172075,0.793809,0.531164,0.022685,0.124354,0.167550,0.000000,0.064568,0.023995,-0.100380,-0.165760,0.310752,-0.096128,-0.051648,0.032576,OFF
1786957330120994310,2026-08-17T16:02:10.121013,prediction,0.102044,0.418000,0.192894,0.102297,0.393833,0.196347,True,0.102421,0.396912,0.197021,0.000376,0.021088,0.004127,16.53,10,-0.173397,0.957454,0.571731,-0.172075,0.793809,0.531164,0.020940,0.125661,0.167550,0.003051,0.067188,0.021375,-0.107240,-0.166460,0.312246,-0.095232,-0.045984,0.032448,OFF
1786957330156364314,2026-08-17T16:02:10.156382,prediction,0.098813,0.418000,0.192894,0.102296,0.396313,0.196230,True,0.102374,0.399280,0.196822,0.003562,0.018720,0.003928,19.41,10,-0.174236,0.962451,0.572411,-0.172200,0.803498,0.533534,0.017889,0.129150,0.165364,0.002609,0.067188,0.021807,-0.107800,-0.155820,0.319965,-0.097280,-0.046752,0.030112,OFF
1786957330190352482,2026-08-17T16:02:10.190377,prediction,0.098813,0.418000,0.192894,0.102003,0.398143,0.196153,True,0.102028,0.400961,0.196665,0.003216,0.017039,0.003771,17.29,10,-0.174987,0.967191,0.572994,-0.172200,0.803498,0.533534,0.017889,0.133952,0.167550,0.002609,0.067188,0.018756,-0.105700,-0.145040,0.313657,-0.095520,-0.043584,0.030624,OFF
1786957330224548322,2026-08-17T16:02:10.224564,prediction,0.096636,0.430000,0.192341,0.101565,0.399842,0.196040,True,0.101534,0.402529,0.196478,0.004897,0.027471,0.004137,18.15,10,-0.175618,0.971653,0.573499,-0.172399,0.813301,0.535863,0.017889,0.158388,0.178458,0.002609,0.072857,0.018756,-0.102900,-0.095480,0.318803,-0.095840,-0.046592,0.030112,OFF
1786957330259966676,2026-08-17T16:02:10.259982,prediction,0.095053,0.412000,0.193170,0.101061,0.401515,0.195740,True,0.100968,0.404109,0.196100,0.005915,0.007891,0.002929,20.66,10,-0.176118,0.975755,0.573923,-0.172399,0.813301,0.535863,0.017889,0.174964,0.189804,0.002609,0.075477,0.016137,-0.085120,-0.118020,0.326688,-0.096224,-0.049824,0.031616,OFF
1786957330292982701,2026-08-17T16:02:10.293005,prediction,0.093962,0.436000,0.192065,0.100484,0.404196,0.195367,True,0.100312,0.406869,0.195646,0.006351,0.029130,0.003581,18.74,10,-0.176510,0.979537,0.574247,-0.172638,0.822983,0.538099,0.016138,0.186313,0.196785,0.003051,0.078096,0.018756,-0.083580,-0.134120,0.320712,-0.096512,-0.048160,0.032576,OFF
1786957330321394254,2026-08-17T16:02:10.321419,prediction,0.093424,0.430000,0.192341,0.099904,0.407079,0.194994,True,0.099661,0.409877,0.195202,0.006237,0.020123,0.002860,17.06,10,-0.176774,0.983022,0.574472,-0.172638,0.822983,0.538099,0.014831,0.188057,0.196785,0.000000,0.081158,0.019198,-0.085540,-0.140980,0.329759,-0.096800,-0.050368,0.029440,OFF
1786957330356422644,2026-08-17T16:02:10.356441,prediction,0.089665,0.424000,0.192618,0.099112,0.410322,0.194616,True,0.098786,0.413297,0.194767,0.009121,0.010703,0.002149,18.40,10,-0.176917,0.986304,0.574612,-0.172895,0.832784,0.540290,0.014831,0.188057,0.196785,0.000000,0.081158,0.019198,-0.085540,-0.140980,0.329759,-0.096800,-0.050368,0.029440,OFF
1786957330390742157,2026-08-17T16:02:10.390761,prediction,0.089323,0.455000,0.191190,0.098154,0.413638,0.194227,True,0.097744,0.416784,0.194329,0.008422,0.038216,0.003139,18.26,10,-0.176938,0.989397,0.574678,-0.172895,0.832784,0.540290,0.014831,0.188057,0.196785,0.000000,0.081158,0.019198,-0.085540,-0.140980,0.329759,-0.096800,-0.050368,0.029440,OFF
1786957330431058808,2026-08-17T16:02:10.431092,prediction,0.085584,0.449000,0.191466,0.096946,0.416968,0.193855,True,0.096449,0.420260,0.193922,0.010865,0.028740,0.002456,20.65,10,-0.176819,0.992343,0.574673,-0.173135,0.842555,0.542396,0.014831,0.188057,0.196785,0.000000,0.081158,0.019198,-0.085540,-0.140980,0.329759,-0.096800,-0.050368,0.029440,OFF
1786957330455635229,2026-08-17T16:02:10.455653,prediction,0.084355,0.436000,0.192065,0.095623,0.420300,0.193543,True,0.095046,0.423706,0.193588,0.010691,0.012294,0.001523,17.65,10,-0.176567,0.995245,0.574594,-0.173135,0.842555,0.542396,0.014831,0.188057,0.196785,0.000000,0.081158,0.019198,-0.085540,-0.140980,0.329759,-0.096800,-0.050368,0.029440,OFF
1786957330492650385,2026-08-17T16:02:10.492668,prediction,0.082981,0.455000,0.191190,0.094493,0.423633,0.193134,True,0.093865,0.427115,0.193153,0.010884,0.027885,0.001963,19.12,10,-0.176167,0.998103,0.574467,-0.173326,0.852360,0.544417,0.014831,0.189364,0.198964,0.002609,0.078096,0.013517,-0.084280,-0.155540,0.324613,-0.097856,-0.050048,0.030464,OFF
1786957330524656395,2026-08-17T16:02:10.524671,prediction,0.081826,0.443000,0.191743,0.092963,0.426327,0.192822,True,0.092271,0.429788,0.192826,0.010444,0.013212,0.001084,20.61,10,-0.175658,1.000931,0.574281,-0.173326,0.852360,0.544417,0.014831,0.189364,0.198964,0.002609,0.078096,0.013517,-0.084280,-0.155540,0.324613,-0.097856,-0.050048,0.030464,OFF
1786957330558451139,2026-08-17T16:02:10.558467,prediction,0.079810,0.455000,0.191190,0.091588,0.429852,0.192432,True,0.090832,0.433384,0.192420,0.011022,0.021616,0.001230,18.33,10,-0.175016,1.003750,0.574040,-0.173436,0.862202,0.546343,0.014831,0.189364,0.198964,0.002609,0.078096,0.013517,-0.084280,-0.155540,0.324613,-0.097856,-0.050048,0.030464,OFF
1786957330594586094,2026-08-17T16:02:10.594616,prediction,0.078636,0.443000,0.191743,0.090062,0.432210,0.192120,True,0.089262,0.435653,0.192094,0.010626,0.007347,0.000352,19.09,10,-0.174260,1.006508,0.573757,-0.173436,0.862202,0.546343,0.004796,0.171475,0.198525,0.000000,0.080716,0.002609,-0.092960,-0.199220,0.314321,-0.095904,-0.047808,0.032512,OFF
1786957330623112904,2026-08-17T16:02:10.623130,prediction,0.077833,0.467000,0.190637,0.088448,0.434975,0.191970,True,0.087599,0.438378,0.191949,0.009766,0.028622,0.001312,17.04,10,-0.173391,1.009257,0.573434,-0.173433,0.872036,0.548155,0.000000,0.166673,0.198964,0.000000,0.080716,0.000000,-0.078400,-0.194600,0.320546,-0.093568,-0.045696,0.029056,OFF
1786957330658023131,2026-08-17T16:02:10.658040,prediction,0.077833,0.467000,0.190637,0.087049,0.438142,0.191819,True,0.086173,0.441556,0.191810,0.008340,0.025444,0.001172,17.44,10,-0.172403,1.011983,0.573096,-0.173433,0.872036,0.548155,0.000000,0.166673,0.198964,0.000000,0.080716,0.000000,-0.078400,-0.194600,0.320546,-0.093568,-0.045696,0.029056,OFF
1786957330689879009,2026-08-17T16:02:10.689900,prediction,0.074075,0.461000,0.190914,0.085400,0.441388,0.191687,True,0.084479,0.444845,0.191690,0.010404,0.016155,0.000776,16.11,10,-0.171322,1.014740,0.572762,-0.173289,0.881819,0.549842,0.000000,0.166673,0.198964,0.000000,0.080716,0.000000,-0.078400,-0.194600,0.320546,-0.093568,-0.045696,0.029056,OFF
1786957330722836022,2026-08-17T16:02:10.722873,prediction,0.074682,0.467000,0.187480,0.083936,0.444651,0.191363,True,0.082990,0.448146,0.191355,0.008308,0.018854,0.003875,15.55,10,-0.170153,1.017546,0.572430,-0.173289,0.881819,0.549842,0.000000,0.166673,0.198964,0.000000,0.080716,0.000000,-0.078400,-0.194600,0.320546,-0.093568,-0.045696,0.029056,OFF
1786957330762007514,2026-08-17T16:02:10.762023,prediction,0.072765,0.479000,0.186947,0.082450,0.447917,0.190948,True,0.081481,0.451446,0.190908,0.008717,0.027554,0.003961,19.43,10,-0.168916,1.020448,0.572088,-0.172976,0.891718,0.551430,0.000000,0.166673,0.198964,0.000000,0.080716,0.000000,-0.078400,-0.194600,0.320546,-0.093568,-0.045696,0.029056,OFF
1786957330793163732,2026-08-17T16:02:10.793227,prediction,0.073279,0.484000,0.183596,0.081071,0.451183,0.190384,True,0.080091,0.454737,0.190286,0.006812,0.029263,0.006690,17.11,10,-0.167617,1.023461,0.571742,-0.172976,0.891718,0.551430,0.000000,0.164928,0.200711,0.000000,0.078096,0.000000,-0.068460,-0.192780,0.321376,-0.093120,-0.048320,0.027456,OFF
1786957330819371119,2026-08-17T16:02:10.819389,prediction,0.073895,0.490000,0.180221,0.079769,0.454717,0.189576,True,0.078784,0.458319,0.189385,0.004888,0.031680,0.009165,15.28,10,-0.166269,1.026589,0.571385,-0.172485,0.901593,0.552891,0.001744,0.158388,0.180205,0.000000,0.072857,0.005670,0.068180,-0.208600,0.320214,-0.087840,-0.045536,-0.018048,OFF
1786957330861297325,2026-08-17T16:02:10.861318,prediction,0.074512,0.496000,0.176865,0.078759,0.458623,0.188526,True,0.077786,0.462305,0.188208,0.003274,0.033695,0.011343,18.64,10,-0.164877,1.029767,0.570997,-0.172485,0.901593,0.552891,0.003489,0.160133,0.180636,0.000000,0.072857,0.002609,0.078120,-0.201460,0.318803,-0.087168,-0.045376,-0.021664,OFF
1786957330895270635,2026-08-17T16:02:10.895284,prediction,0.069633,0.479000,0.174398,0.077447,0.462605,0.187406,True,0.076463,0.466376,0.186946,0.006830,0.012624,0.012548,23.65,10,-0.163477,1.032986,0.570560,-0.171810,0.911441,0.554216,0.000000,0.164928,0.180205,0.000000,0.069807,0.000000,0.088620,-0.209160,0.312744,-0.085664,-0.050656,-0.021760,OFF
1786957330923323892,2026-08-17T16:02:10.923340,prediction,0.070782,0.490000,0.173982,0.076460,0.465588,0.186240,True,0.075519,0.469278,0.185637,0.004737,0.020721,0.011655,17.97,10,-0.162059,1.036244,0.570068,-0.171810,0.911441,0.554216,0.001744,0.167986,0.184131,0.000000,0.075477,0.002609,0.089880,-0.189980,0.324613,-0.085216,-0.047264,-0.022560,OFF
1786957330957175773,2026-08-17T16:02:10.957192,prediction,0.065229,0.467000,0.171695,0.075185,0.467784,0.184882,True,0.074271,0.471289,0.184128,0.009042,0.004289,0.012433,17.09,10,-0.160663,1.039540,0.569515,-0.170944,0.921394,0.555404,0.001744,0.167986,0.184131,0.000000,0.075477,0.002609,0.089880,-0.189980,0.324613,-0.085216,-0.047264,-0.022560,OFF
1786957330992212889,2026-08-17T16:02:10.992230,prediction,0.064556,0.490000,0.167744,0.073956,0.470410,0.183319,True,0.073055,0.473795,0.182407,0.008499,0.016205,0.014662,18.16,10,-0.159278,1.042814,0.568885,-0.170944,0.921394,0.555404,0.001744,0.167986,0.184131,0.000000,0.075477,0.002609,0.089880,-0.189980,0.324613,-0.085216,-0.047264,-0.022560,OFF
1786957331026004116,2026-08-17T16:02:11.026020,prediction,0.065202,0.496000,0.167537,0.072848,0.473442,0.181706,True,0.071954,0.476783,0.180645,0.006751,0.019217,0.013107,17.75,10,-0.157891,1.046006,0.568168,-0.169904,0.931325,0.556422,0.001744,0.167986,0.184131,0.000000,0.075477,0.002609,0.089880,-0.189980,0.324613,-0.085216,-0.047264,-0.022560,OFF
1786957331063137424,2026-08-17T16:02:11.063156,prediction,0.067034,0.513000,0.160789,0.071996,0.476235,0.179679,True,0.071122,0.479517,0.178445,0.004088,0.033483,0.017656,21.08,10,-0.156536,1.049134,0.567356,-0.169904,0.931325,0.556422,0.001744,0.167986,0.187618,0.000000,0.075477,0.000000,0.089460,-0.204820,0.326522,-0.084928,-0.045984,-0.021664,OFF
1786957331093681187,2026-08-17T16:02:11.093695,prediction,0.065849,0.502000,0.154933,0.071144,0.479940,0.177225,True,0.070258,0.483300,0.175780,0.004409,0.018700,0.020847,19.06,10,-0.155222,1.052267,0.566425,-0.168718,0.941094,0.557230,0.000000,0.191108,0.198964,0.000000,0.081158,0.002609,-0.070560,-0.210140,0.329842,-0.082592,-0.046656,0.022208,OFF
1786957331131934177,2026-08-17T16:02:11.131949,prediction,0.063959,0.513000,0.151545,0.070219,0.483775,0.174619,True,0.069309,0.487240,0.172951,0.005350,0.025760,0.021405,22.79,10,-0.153955,1.055353,0.565337,-0.168718,0.941094,0.557230,0.004796,0.191108,0.200711,0.000000,0.083766,0.008289,-0.095480,-0.204260,0.321874,-0.085280,-0.048256,0.031232,OFF
1786957331159928453,2026-08-17T16:02:11.159947,prediction,0.066495,0.508000,0.148587,0.069463,0.486728,0.171816,True,0.068567,0.490155,0.169915,0.002072,0.017845,0.021328,19.89,10,-0.152736,1.058512,0.564070,-0.167367,0.951022,0.557808,0.006540,0.191108,0.200711,0.000000,0.078096,0.008289,-0.104440,-0.196840,0.330174,-0.087104,-0.049152,0.033184,OFF
1786957331197153865,2026-08-17T16:02:11.197177,prediction,0.067034,0.513000,0.145383,0.068994,0.489772,0.168780,True,0.068139,0.493139,0.166645,0.001105,0.019861,0.021262,22.04,10,-0.151562,1.061750,0.562611,-0.167367,0.951022,0.557808,0.009598,0.197655,0.198964,0.000000,0.078096,0.007847,-0.087640,-0.205800,0.314985,-0.092960,-0.048928,0.035136,OFF
1786957331227614091,2026-08-17T16:02:11.227630,prediction,0.068866,0.530000,0.141940,0.068606,0.492834,0.165744,True,0.067801,0.496134,0.163399,0.001065,0.033866,0.021458,19.83,10,-0.150473,1.064989,0.560941,-0.165899,0.960924,0.558080,0.009598,0.195911,0.198964,0.000000,0.078538,0.008289,-0.088340,-0.226520,0.332000,-0.094016,-0.050432,0.033856,OFF
1786957331255639526,2026-08-17T16:02:11.255654,prediction,0.068866,0.530000,0.135834,0.068346,0.496807,0.162337,True,0.067573,0.500157,0.159782,0.001292,0.029843,0.023948,16.62,10,-0.149460,1.068213,0.559077,-0.165899,0.960924,0.558080,0.011342,0.196348,0.200711,0.000000,0.080716,0.010898,-0.101920,-0.217560,0.328929,-0.099584,-0.046144,0.032736,OFF
1786957331293575698,2026-08-17T16:02:11.293594,prediction,0.068219,0.524000,0.126753,0.068009,0.500321,0.158547,True,0.067258,0.503665,0.155764,0.000961,0.020335,0.029011,22.18,10,-0.148533,1.071417,0.557002,-0.164346,0.970803,0.557984,0.011342,0.197655,0.200711,0.000000,0.078096,0.010898,-0.123900,-0.221620,0.307598,-0.100192,-0.046528,0.037120,OFF
1786957331325215198,2026-08-17T16:02:11.325249,prediction,0.067680,0.519000,0.120676,0.067594,0.503158,0.154577,True,0.066866,0.506396,0.151563,0.000814,0.012604,0.030888,18.04,10,-0.147677,1.074655,0.554701,-0.164346,0.970803,0.557984,0.013087,0.198962,0.200711,0.000000,0.078538,0.013517,-0.107800,-0.233100,0.320546,-0.098912,-0.049824,0.034464,OFF
1786957331360783445,2026-08-17T16:02:11.360800,prediction,0.068219,0.524000,0.114501,0.067175,0.505538,0.150420,True,0.066472,0.508607,0.147183,0.001747,0.015393,0.032682,17.89,10,-0.146883,1.077913,0.552179,-0.162720,0.980774,0.557443,0.014394,0.199400,0.198964,0.000000,0.080716,0.016137,-0.086800,-0.246680,0.328099,-0.098848,-0.048992,0.032512,OFF
1786957331393352708,2026-08-17T16:02:11.393373,prediction,0.070051,0.541000,0.108323,0.067203,0.507828,0.146015,True,0.066558,0.510698,0.142561,0.003493,0.030302,0.034238,19.74,10,-0.146129,1.081128,0.549444,-0.162720,0.980774,0.557443,0.014831,0.199400,0.198964,0.002609,0.078096,0.016137,-0.078120,-0.228060,0.332747,-0.098912,-0.047040,0.031616,OFF
1786957331425417880,2026-08-17T16:02:11.425436,prediction,0.068219,0.524000,0.102250,0.067032,0.510099,0.141233,True,0.066413,0.512813,0.137547,0.001806,0.011187,0.035298,19.09,10,-0.145468,1.084241,0.546485,-0.161093,0.990535,0.556410,0.014831,0.197655,0.200711,0.000000,0.080716,0.016137,-0.097580,-0.207340,0.315732,-0.095680,-0.046208,0.031008,OFF
1786957331462423748,2026-08-17T16:02:11.462439,prediction,0.070051,0.541000,0.099218,0.067353,0.513860,0.136401,True,0.066760,0.516621,0.132513,0.003290,0.024379,0.033295,21.81,10,-0.144861,1.087227,0.543279,-0.161093,0.990535,0.556410,0.018320,0.202457,0.198525,0.000000,0.083766,0.018756,-0.104160,-0.251720,0.324945,-0.097568,-0.046752,0.031840,OFF
1786957331496722532,2026-08-17T16:02:11.496763,prediction,0.071236,0.552000,0.093205,0.067799,0.517332,0.131432,True,0.067248,0.520114,0.127363,0.003987,0.031886,0.034158,20.67,10,-0.144361,1.090146,0.539838,-0.159464,1.000229,0.554797,0.018320,0.202457,0.198525,0.000000,0.083766,0.018756,-0.104160,-0.251720,0.324945,-0.097568,-0.046752,0.031840,OFF
1786957331525171756,2026-08-17T16:02:11.525186,prediction,0.071236,0.552000,0.087172,0.068201,0.521333,0.126074,True,0.067675,0.524205,0.121820,0.003561,0.027795,0.034648,16.37,10,-0.143974,1.093148,0.536169,-0.159464,1.000229,0.554797,0.018320,0.202457,0.198525,0.000000,0.083766,0.018756,-0.104160,-0.251720,0.324945,-0.097568,-0.046752,0.031840,OFF
1786957331557264770,2026-08-17T16:02:11.557279,prediction,0.071913,0.530000,0.083933,0.068526,0.525120,0.120950,True,0.068038,0.528036,0.116560,0.003875,0.001964,0.032627,18.58,10,-0.143688,1.096218,0.532247,-0.157887,1.009827,0.552542,0.018320,0.202457,0.198525,0.000000,0.083766,0.018756,-0.104160,-0.251720,0.324945,-0.097568,-0.046752,0.031840,OFF
1786957331589110910,2026-08-17T16:02:11.589125,prediction,0.077258,0.552000,0.081139,0.069287,0.528544,0.116031,True,0.068894,0.531406,0.111573,0.008363,0.020594,0.030434,15.37,10,-0.143483,1.099362,0.528122,-0.157887,1.009827,0.552542,0.018320,0.202457,0.198525,0.000000,0.083766,0.018756,-0.104160,-0.251720,0.324945,-0.097568,-0.046752,0.031840,OFF
1786957331624051063,2026-08-17T16:02:11.624069,prediction,0.079755,0.547000,0.075030,0.070340,0.531042,0.110930,True,0.070089,0.533695,0.106427,0.009666,0.013305,0.031397,18.07,10,-0.143392,1.102578,0.523841,-0.156402,1.019328,0.549602,0.018320,0.202457,0.198525,0.000000,0.083766,0.018756,-0.104160,-0.251720,0.324945,-0.097568,-0.046752,0.031840,OFF
1786957331658846824,2026-08-17T16:02:11.658868,prediction,0.079138,0.541000,0.071905,0.071183,0.533622,0.105817,True,0.071037,0.536099,0.101290,0.008101,0.004901,0.029386,18.70,10,-0.143444,1.105787,0.519406,-0.156402,1.019328,0.549602,0.018320,0.202457,0.198525,0.000000,0.083766,0.018756,-0.104160,-0.251720,0.324945,-0.097568,-0.046752,0.031840,OFF
1786957331693511167,2026-08-17T16:02:11.693530,prediction,0.083785,0.557000,0.069164,0.072299,0.535951,0.100736,True,0.072275,0.538229,0.096210,0.011510,0.018771,0.027046,16.85,10,-0.143608,1.108906,0.514831,-0.155085,1.028553,0.546021,0.017889,0.200706,0.198964,0.000000,0.081158,0.018756,-0.106820,-0.239540,0.321210,-0.098304,-0.045984,0.032576,OFF
1786957331723993574,2026-08-17T16:02:11.724012,prediction,0.083279,0.552000,0.066055,0.073260,0.538497,0.095677,True,0.073325,0.540647,0.091169,0.009954,0.011353,0.025113,18.30,10,-0.143884,1.111980,0.510135,-0.155085,1.028553,0.546021,0.024429,0.199400,0.200711,0.000000,0.078096,0.023995,-0.114940,-0.257180,0.325360,-0.098080,-0.051936,0.035840,OFF
1786957331757420815,2026-08-17T16:02:11.757439,prediction,0.084898,0.568000,0.060395,0.074329,0.540446,0.090648,True,0.074494,0.542416,0.086166,0.010404,0.025584,0.025771,17.31,10,-0.144253,1.115000,0.505320,-0.153959,1.037537,0.541791,0.022685,0.197655,0.198525,0.002609,0.078096,0.024426,-0.102480,-0.281680,0.322206,-0.100736,-0.049536,0.035008,OFF
1786957331789029496,2026-08-17T16:02:11.789048,prediction,0.083785,0.557000,0.057130,0.075367,0.542276,0.086006,True,0.075630,0.544080,0.081596,0.008155,0.012920,0.024466,16.81,10,-0.144714,1.117978,0.500412,-0.153959,1.037537,0.541791,0.024429,0.188057,0.189804,0.000000,0.075477,0.024426,-0.103180,-0.287560,0.309839,-0.100512,-0.051040,0.033792,OFF
1786957331823951575,2026-08-17T16:02:11.823970,prediction,0.083279,0.552000,0.053988,0.076407,0.544402,0.081561,True,0.076749,0.546118,0.077260,0.006531,0.005882,0.023272,18.99,10,-0.145272,1.120827,0.495468,-0.153054,1.046211,0.536967,0.023122,0.179766,0.182383,0.000000,0.072857,0.021807,-0.125860,-0.274260,0.309673,-0.094944,-0.046528,0.033184,OFF
1786957331862806059,2026-08-17T16:02:11.862828,prediction,0.083785,0.557000,0.051113,0.077444,0.546587,0.077335,True,0.077853,0.548261,0.073171,0.005932,0.008739,0.022058,20.42,10,-0.145931,1.123553,0.490514,-0.153054,1.046211,0.536967,0.024429,0.179766,0.176272,0.000000,0.070249,0.021807,-0.107520,-0.282660,0.320214,-0.096800,-0.047104,0.030784,OFF
1786957331894237045,2026-08-17T16:02:11.894255,prediction,0.084898,0.568000,0.051424,0.078434,0.548784,0.073541,True,0.078895,0.550443,0.069563,0.006003,0.017557,0.018138,20.46,10,-0.146690,1.126216,0.485580,-0.152388,1.054586,0.531588,0.024429,0.178022,0.176710,0.000000,0.069807,0.021807,-0.082460,-0.294140,0.318305,-0.099072,-0.051552,0.032352,OFF
1786957331926551417,2026-08-17T16:02:11.926569,prediction,0.086010,0.579000,0.045791,0.079620,0.551570,0.069778,True,0.080131,0.553302,0.065996,0.005879,0.025698,0.020205,20.26,10,-0.147512,1.128864,0.480714,-0.152388,1.054586,0.531588,0.023122,0.176708,0.176710,0.002609,0.069807,0.021375,-0.095480,-0.265020,0.307432,-0.099008,-0.047712,0.032000,OFF
1786957331957931267,2026-08-17T16:02:11.957952,prediction,0.087385,0.563000,0.045286,0.080776,0.553567,0.066182,True,0.081350,0.555268,0.062594,0.006035,0.007732,0.017308,17.12,10,-0.148427,1.131513,0.475944,-0.151971,1.062693,0.525724,0.020940,0.176277,0.176272,0.002609,0.070249,0.023995,-0.130760,-0.276080,0.315400,-0.098560,-0.046656,0.033120,OFF
1786957331998484715,2026-08-17T16:02:11.998510,prediction,0.087882,0.568000,0.042454,0.081886,0.555407,0.062799,True,0.082515,0.557052,0.059403,0.005367,0.010947,0.016950,21.93,10,-0.149399,1.134202,0.471282,-0.151971,1.062693,0.525724,0.022685,0.178022,0.178458,0.000000,0.072857,0.021807,-0.126140,-0.270200,0.306270,-0.099360,-0.047360,0.032896,OFF
1786957332031905863,2026-08-17T16:02:12.031924,prediction,0.087385,0.563000,0.039289,0.082962,0.556361,0.059606,True,0.083661,0.557836,0.056397,0.003724,0.005164,0.017108,19.51,10,-0.150417,1.136802,0.466752,-0.151805,1.070605,0.519428,0.024429,0.184568,0.176710,0.000000,0.072857,0.024426,-0.115500,-0.296240,0.330838,-0.100416,-0.048640,0.033024,OFF
1786957332058618523,2026-08-17T16:02:12.058635,prediction,0.089790,0.557000,0.039080,0.084154,0.557139,0.056616,True,0.084926,0.558428,0.053589,0.004865,0.001428,0.014510,18.22,10,-0.151483,1.139291,0.462390,-0.151805,1.070605,0.519428,0.023122,0.191108,0.193291,0.000000,0.078096,0.024426,-0.105700,-0.279300,0.325028,-0.101024,-0.047648,0.034688,OFF
1786957332093403283,2026-08-17T16:02:12.093435,prediction,0.092312,0.552000,0.038905,0.085158,0.557561,0.053801,True,0.085984,0.558655,0.050947,0.006328,0.006655,0.012042,18.29,10,-0.152608,1.141583,0.458192,-0.151889,1.078074,0.512984,0.024429,0.195911,0.198964,0.002609,0.080716,0.024426,-0.112420,-0.263760,0.313657,-0.099232,-0.047936,0.035968,OFF
1786957332123197022,2026-08-17T16:02:12.123226,prediction,0.092793,0.557000,0.036071,0.086027,0.558179,0.051203,True,0.086880,0.559149,0.048524,0.005913,0.002149,0.012453,18.08,10,-0.153748,1.143662,0.454150,-0.151889,1.078074,0.512984,0.022685,0.199400,0.200711,0.002609,0.078096,0.024426,-0.100100,-0.278040,0.309839,-0.096896,-0.049376,0.035840,OFF
1786957332162389313,2026-08-17T16:02:12.162416,prediction,0.097403,0.574000,0.033712,0.087245,0.558836,0.048657,True,0.088145,0.559713,0.046141,0.009258,0.014287,0.012429,21.53,10,-0.154867,1.145531,0.450290,-0.152213,1.085402,0.506173,0.019634,0.201144,0.200711,0.002609,0.081158,0.021375,-0.084560,-0.307160,0.329759,-0.100064,-0.046208,0.032352,OFF
1786957332187851214,2026-08-17T16:02:12.187866,prediction,0.097403,0.574000,0.033712,0.088153,0.560407,0.046294,True,0.089046,0.561363,0.043936,0.008357,0.012637,0.010224,15.72,10,-0.156008,1.147263,0.446614,-0.152213,1.085402,0.506173,0.019634,0.200706,0.200711,0.000000,0.080716,0.021807,-0.083020,-0.301000,0.322206,-0.100736,-0.045376,0.031072,OFF
1786957332226964426,2026-08-17T16:02:12.226981,prediction,0.100378,0.574000,0.033712,0.089292,0.561895,0.044138,True,0.090202,0.562927,0.041942,0.010176,0.011073,0.008230,19.75,10,-0.157126,1.148869,0.443129,-0.152762,1.092499,0.499124,0.017889,0.199400,0.198964,0.000000,0.080716,0.018756,-0.085540,-0.304640,0.331834,-0.100960,-0.048704,0.031904,OFF
1786957332266909567,2026-08-17T16:02:12.266928,prediction,0.099820,0.568000,0.030493,0.090287,0.563099,0.042144,True,0.091208,0.564171,0.040107,0.008612,0.003829,0.009614,23.65,10,-0.158251,1.150423,0.439847,-0.152762,1.092499,0.499124,0.017889,0.199400,0.198964,0.000000,0.080716,0.018756,-0.085540,-0.304640,0.331834,-0.100960,-0.048704,0.031904,OFF
1786957332295334916,2026-08-17T16:02:12.295355,prediction,0.099820,0.568000,0.027502,0.091356,0.563926,0.040169,True,0.092302,0.564976,0.038273,0.007518,0.003024,0.010770,20.08,10,-0.159365,1.151923,0.436776,-0.153524,1.099357,0.491928,0.017889,0.199400,0.198964,0.000000,0.080716,0.018756,-0.085540,-0.304640,0.331834,-0.100960,-0.048704,0.031904,OFF
1786957332325148722,2026-08-17T16:02:12.325164,prediction,0.102348,0.563000,0.024296,0.092628,0.564679,0.038189,True,0.093619,0.565680,0.036414,0.008729,0.002680,0.012117,17.94,10,-0.160477,1.153383,0.433888,-0.153524,1.099357,0.491928,0.016576,0.198962,0.200711,0.002609,0.081158,0.016137,-0.091140,-0.275800,0.330838,-0.101344,-0.044928,0.030720,OFF
1786957332359478314,2026-08-17T16:02:12.359492,prediction,0.102348,0.563000,0.018299,0.093865,0.565149,0.036002,True,0.094897,0.566071,0.034304,0.007451,0.003071,0.016005,18.66,10,-0.161601,1.154789,0.431165,-0.154505,1.106087,0.484551,0.004796,0.199400,0.201142,0.000000,0.080716,0.005670,-0.092960,-0.294140,0.323451,-0.096736,-0.051264,0.029568,OFF
1786957332390099574,2026-08-17T16:02:12.390124,prediction,0.105341,0.563000,0.015301,0.095228,0.565563,0.033594,True,0.096306,0.566401,0.031929,0.009035,0.003401,0.016628,19.34,10,-0.162738,1.156114,0.428574,-0.154505,1.106087,0.484551,0.003489,0.198962,0.200711,0.000000,0.083335,0.002609,-0.110040,-0.291060,0.319135,-0.095232,-0.047584,0.030848,OFF
1786957332429665991,2026-08-17T16:02:12.429687,prediction,0.109301,0.574000,0.012850,0.096781,0.565379,0.031397,True,0.097932,0.566056,0.029762,0.011370,0.007944,0.016913,20.73,10,-0.163898,1.157329,0.426065,-0.155701,1.112614,0.477101,0.003051,0.200706,0.198964,0.000000,0.080716,0.002609,-0.093240,-0.306180,0.322621,-0.094176,-0.049760,0.030720,OFF
1786957332461330457,2026-08-17T16:02:12.461344,prediction,0.108774,0.568000,0.009561,0.098207,0.565342,0.029016,True,0.099405,0.565901,0.027395,0.009368,0.002099,0.017834,20.73,10,-0.165085,1.158405,0.423649,-0.155701,1.112614,0.477101,0.000000,0.198962,0.198964,0.000000,0.078538,0.000000,-0.074060,-0.315140,0.325858,-0.092512,-0.052768,0.026400,OFF
1786957332491445291,2026-08-17T16:02:12.491464,prediction,0.112708,0.579000,0.010126,0.099862,0.565655,0.026861,True,0.101122,0.566153,0.025272,0.011586,0.012847,0.015145,18.63,10,-0.166289,1.159301,0.421303,-0.157153,1.119017,0.469448,0.000000,0.199400,0.202458,0.000000,0.078096,0.000000,-0.044940,-0.294140,0.313657,-0.091328,-0.052608,0.020704,OFF
1786957332524637940,2026-08-17T16:02:12.524658,prediction,0.115251,0.574000,0.006889,0.101719,0.566304,0.024701,True,0.103047,0.566801,0.023162,0.012204,0.007199,0.016273,17.59,10,-0.167529,1.160055,0.419027,-0.157153,1.119017,0.469448,0.000000,0.197655,0.198525,0.000000,0.078096,0.000000,0.036820,-0.295680,0.323949,-0.089728,-0.052608,0.001632,OFF
1786957332555455950,2026-08-17T16:02:12.555476,prediction,0.114743,0.568000,0.006571,0.103383,0.567021,0.022533,True,0.104753,0.567545,0.021054,0.009990,0.000455,0.014483,16.30,10,-0.168822,1.160691,0.416812,-0.158851,1.125080,0.461791,0.000000,0.197655,0.198525,0.000000,0.078096,0.000000,0.036820,-0.295680,0.323949,-0.089728,-0.052608,0.001632,OFF
1786957332592971329,2026-08-17T16:02:12.593007,prediction,0.117727,0.568000,0.003580,0.105077,0.567751,0.020178,True,0.106480,0.568303,0.018755,0.011248,0.000303,0.015174,19.01,10,-0.170144,1.161297,0.414643,-0.158851,1.125080,0.461791,0.000000,0.197655,0.198525,0.000000,0.078096,0.000000,0.036820,-0.295680,0.323949,-0.089728,-0.052608,0.001632,OFF
1786957332631888772,2026-08-17T16:02:12.631909,prediction,0.115984,0.547000,0.002431,0.106623,0.568483,0.017936,True,0.108040,0.569060,0.016578,0.007944,0.022060,0.014146,19.85,10,-0.171510,1.161904,0.412496,-0.160871,1.130955,0.453926,0.000000,0.197655,0.198525,0.000000,0.078096,0.000000,0.036820,-0.295680,0.323949,-0.089728,-0.052608,0.001632,OFF
1786957332655846597,2026-08-17T16:02:12.655861,prediction,0.117727,0.568000,-0.002400,0.107978,0.569217,0.015528,True,0.109384,0.569813,0.014232,0.008344,0.001813,0.016632,16.16,10,-0.172921,1.162540,0.410367,-0.160871,1.130955,0.453926,0.000000,0.197655,0.198525,0.000000,0.078096,0.000000,0.036820,-0.295680,0.323949,-0.089728,-0.052608,0.001632,OFF
1786957332694577598,2026-08-17T16:02:12.694611,prediction,0.118225,0.574000,-0.005032,0.109366,0.569043,0.012945,True,0.110771,0.569527,0.011696,0.007454,0.004473,0.016728,20.13,10,-0.174337,1.163196,0.408239,-0.163201,1.136535,0.446020,0.001744,0.200706,0.200711,0.000000,0.078096,0.000000,0.069440,-0.332500,0.317060,-0.088832,-0.051712,-0.014816,OFF
1786957332726610179,2026-08-17T16:02:12.726628,prediction,0.116814,0.557000,-0.006047,0.110462,0.568689,0.010295,True,0.111836,0.569041,0.009081,0.004979,0.012041,0.015128,19.12,10,-0.175785,1.163851,0.406090,-0.163201,1.136535,0.446020,0.013087,0.201144,0.198964,0.000000,0.083335,0.013517,0.112140,-0.348320,0.334822,-0.056832,-0.047584,-0.030112,OFF
1786957332769166032,2026-08-17T16:02:12.769182,prediction,0.118225,0.574000,-0.005032,0.111689,0.568618,0.007926,True,0.113038,0.568876,0.006780,0.005187,0.005124,0.011813,30.28,10,-0.177227,1.164417,0.403899,-0.165927,1.141953,0.437834,0.014394,0.197655,0.201142,0.000000,0.081158,0.013517,0.097580,-0.338800,0.311084,-0.040352,-0.048320,-0.030016,OFF
1786957332794148139,2026-08-17T16:02:12.794163,prediction,0.118640,0.579000,-0.007706,0.112944,0.568923,0.005579,True,0.114261,0.569147,0.004528,0.004379,0.009853,0.012234,19.21,10,-0.178682,1.164856,0.401678,-0.165927,1.141953,0.437834,0.014831,0.194604,0.198964,0.002609,0.080716,0.016137,0.100660,-0.339360,0.317392,-0.036352,-0.054048,-0.029952,OFF
1786957332826959247,2026-08-17T16:02:12.826986,prediction,0.117312,0.563000,-0.008687,0.113941,0.569305,0.003380,True,0.115206,0.569523,0.002447,0.002107,0.006523,0.011134,18.19,10,-0.180146,1.165204,0.399428,-0.168895,1.146806,0.429818,0.014394,0.189802,0.193291,0.000000,0.078096,0.016137,0.104440,-0.389620,0.316064,-0.030240,-0.051648,-0.030016,OFF
1786957332858125604,2026-08-17T16:02:12.858144,prediction,0.119055,0.584000,-0.010363,0.115055,0.570234,0.001469,True,0.116281,0.570508,0.000696,0.002775,0.013492,0.011059,18.03,10,-0.181585,1.165496,0.397163,-0.168895,1.146806,0.429818,0.013087,0.163184,0.165364,0.000000,0.065010,0.013517,0.117460,-0.433020,0.297306,-0.020224,-0.045696,-0.029344,OFF
1786957332890699335,2026-08-17T16:02:12.890721,prediction,0.118225,0.574000,-0.010993,0.115914,0.571007,-0.000283,True,0.117091,0.571319,-0.000876,0.001135,0.002681,0.010117,17.86,10,-0.183011,1.165759,0.394923,-0.172271,1.151339,0.421473,0.013087,0.163184,0.165364,0.000000,0.065010,0.013517,0.117460,-0.433020,0.297306,-0.020224,-0.045696,-0.029344,OFF
1786957332927588924,2026-08-17T16:02:12.927603,prediction,0.118640,0.579000,-0.010678,0.116537,0.572015,-0.001852,True,0.117648,0.572388,-0.002251,0.000992,0.006612,0.008427,18.71,10,-0.184397,1.166049,0.392736,-0.172271,1.151339,0.421473,0.013087,0.163184,0.165364,0.000000,0.065010,0.013517,0.117460,-0.433020,0.297306,-0.020224,-0.045696,-0.029344,OFF
1786957332961579948,2026-08-17T16:02:12.961598,prediction,0.120305,0.563000,-0.011686,0.117306,0.572536,-0.003268,True,0.118385,0.572884,-0.003461,0.001920,0.009884,0.008225,18.67,10,-0.185711,1.166386,0.390602,-0.175907,1.155409,0.413122,0.013087,0.163184,0.165364,0.000000,0.065010,0.013517,0.117460,-0.433020,0.297306,-0.020224,-0.045696,-0.029344,OFF
1786957332992554283,2026-08-17T16:02:12.992572,prediction,0.120305,0.563000,-0.011686,0.117812,0.572054,-0.004723,True,0.118856,0.572250,-0.004731,0.001449,0.009250,0.006955,17.06,10,-0.186976,1.166792,0.388545,-0.175907,1.155409,0.413122,0.013087,0.163184,0.165364,0.000000,0.065010,0.013517,0.117460,-0.433020,0.297306,-0.020224,-0.045696,-0.029344,OFF
1786957333023168990,2026-08-17T16:02:13.023191,prediction,0.120712,0.568000,-0.011371,0.118176,0.571371,-0.005940,True,0.119179,0.571396,-0.005776,0.001532,0.003396,0.005595,17.74,10,-0.188159,1.167210,0.386544,-0.179772,1.159132,0.404737,0.013087,0.148352,0.150531,0.000000,0.059340,0.013086,0.099400,-0.441000,0.286848,-0.015200,-0.043264,-0.028832,OFF
1786957333061358010,2026-08-17T16:02:13.061372,prediction,0.121607,0.579000,-0.010678,0.118634,0.570914,-0.007090,True,0.119599,0.570808,-0.006758,0.002008,0.008192,0.003920,19.24,10,-0.189234,1.167619,0.384615,-0.179772,1.159132,0.404737,0.000000,0.005233,0.000000,0.000000,0.000000,0.000000,0.087080,-0.509880,0.214638,-0.014432,-0.041248,-0.027456,OFF
1786957333090622891,2026-08-17T16:02:13.090640,prediction,0.124174,0.574000,-0.010993,0.119063,0.571143,-0.008061,True,0.119979,0.571017,-0.007563,0.004195,0.002982,0.003430,18.12,10,-0.190224,1.167946,0.382761,-0.183817,1.162543,0.396233,0.001744,0.001307,0.001740,0.000000,0.000000,0.000000,0.084560,-0.516740,0.177122,-0.015200,-0.038080,-0.026272,OFF
1786957333126246193,2026-08-17T16:02:13.126261,prediction,0.124174,0.574000,-0.010993,0.119610,0.571508,-0.008956,True,0.120492,0.571393,-0.008297,0.003683,0.002607,0.002696,19.97,10,-0.191124,1.168197,0.381007,-0.183817,1.162543,0.396233,0.001744,0.001307,0.001740,0.000000,0.000000,0.000000,0.084560,-0.516740,0.177122,-0.015200,-0.038080,-0.026272,OFF
1786957333161886536,2026-08-17T16:02:13.161901,prediction,0.124573,0.579000,-0.010678,0.120066,0.571902,-0.009508,True,0.120923,0.571812,-0.008691,0.003650,0.007188,0.001988,20.08,10,-0.191954,1.168391,0.379348,-0.187684,1.165322,0.388209,0.001744,0.001307,0.001740,0.000000,0.000000,0.000000,0.084560,-0.516740,0.177122,-0.015200,-0.038080,-0.026272,OFF
1786957333205103967,2026-08-17T16:02:13.205147,prediction,0.123696,0.568000,-0.011371,0.120431,0.572300,-0.009931,True,0.121265,0.572239,-0.008957,0.002432,0.004239,0.002414,27.19,10,-0.192723,1.168555,0.377820,-0.187684,1.165322,0.388209,0.001744,0.001307,0.001740,0.000000,0.000000,0.000000,0.084560,-0.516740,0.177122,-0.015200,-0.038080,-0.026272,OFF
1786957333231898862,2026-08-17T16:02:13.231914,prediction,0.123696,0.568000,-0.011371,0.120889,0.572380,-0.010286,True,0.121724,0.572293,-0.009162,0.001972,0.004293,0.002208,20.28,10,-0.193423,1.168709,0.376443,-0.190963,1.167258,0.381486,0.001744,0.001307,0.001740,0.000000,0.000000,0.000000,0.084560,-0.516740,0.177122,-0.015200,-0.038080,-0.026272,OFF
1786957333264801052,2026-08-17T16:02:13.264856,prediction,0.126290,0.563000,-0.011686,0.121427,0.572076,-0.010729,True,0.122278,0.571907,-0.009475,0.004013,0.008907,0.002211,23.53,10,-0.194082,1.168885,0.375227,-0.190963,1.167258,0.381486,0.001744,0.001307,0.001740,0.000000,0.000000,0.000000,0.084560,-0.516740,0.177122,-0.015200,-0.038080,-0.026272,OFF
1786957333303109948,2026-08-17T16:02:13.303171,prediction,0.127149,0.574000,-0.010993,0.121994,0.571695,-0.010948,True,0.122872,0.571436,-0.009575,0.004277,0.002564,0.001418,22.68,10,-0.194698,1.169091,0.374143,-0.193692,1.168597,0.376122,0.001744,0.001307,0.001740,0.000000,0.000000,0.000000,0.084560,-0.516740,0.177122,-0.015200,-0.038080,-0.026272,OFF
1786957333331971178,2026-08-17T16:02:13.331991,prediction,0.126681,0.568000,-0.011371,0.122619,0.571299,-0.011127,True,0.123526,0.570955,-0.009645,0.003155,0.002955,0.001726,22.84,10,-0.195272,1.169285,0.373203,-0.193692,1.168597,0.376122,0.000000,0.000000,0.000000,0.000000,0.000000,0.000000,0.048300,-0.748580,0.092047,-0.024448,-0.009920,-0.013536,OFF
1786957333370158164,2026-08-17T16:02:13.370185,prediction,0.126681,0.568000,-0.011371,0.123127,0.570633,-0.011194,True,0.124056,0.570193,-0.009619,0.002625,0.002193,0.001752,22.68,10,-0.195827,1.169445,0.372397,-0.195828,1.169446,0.372395,0.000000,0.000000,0.000000,0.000000,0.000000,0.000000,0.045780,-0.748020,0.093873,-0.025056,-0.008128,-0.012640,OFF
1786957333399898643,2026-08-17T16:02:13.399918,prediction,0.128825,0.557000,-0.009055,0.123834,0.570180,-0.011065,True,0.124801,0.569674,-0.009393,0.004024,0.012674,0.000338,25.10,10,-0.196345,1.169554,0.371709,-0.195828,1.169446,0.372395,0.000000,0.000000,0.000000,0.000000,0.000000,0.000000,0.045780,-0.748020,0.093873,-0.025056,-0.008128,-0.012640,OFF
1786957333430579905,2026-08-17T16:02:13.430599,prediction,0.128825,0.557000,-0.009055,0.124513,0.568916,-0.010957,True,0.125530,0.568267,-0.009203,0.003294,0.011267,0.000148,18.70,10,-0.196859,1.169559,0.371142,-0.197546,1.169634,0.370306,0.000000,0.000000,0.000000,0.000000,0.000000,0.000000,0.045780,-0.748020,0.093873,-0.025056,-0.008128,-0.012640,OFF
1786957333469335353,2026-08-17T16:02:13.469383,prediction,0.128825,0.557000,-0.009055,0.125081,0.567756,-0.010782,True,0.126132,0.567003,-0.008960,0.002693,0.010003,0.000095,25.54,10,-0.197385,1.169472,0.370678,-0.197546,1.169634,0.370306,0.000000,0.000000,0.000000,0.000000,0.000000,0.000000,0.045220,-0.746480,0.094122,-0.025664,-0.008576,-0.012800,OFF
1786957333504812308,2026-08-17T16:02:13.504832,prediction,0.129665,0.568000,-0.005390,0.125705,0.567205,-0.010362,True,0.126783,0.566446,-0.008466,0.002883,0.001554,0.003075,25.26,10,-0.197901,1.169235,0.370312,-0.198661,1.168667,0.370036,0.000000,0.001744,0.000000,0.000000,0.000000,0.000000,0.022820,-0.746060,0.103501,-0.032576,-0.003456,-0.007968,OFF
1786957333529980485,2026-08-17T16:02:13.530036,prediction,0.128825,0.557000,-0.006047,0.126246,0.566774,-0.010007,True,0.127332,0.566053,-0.008043,0.001492,0.009053,0.001996,21.65,10,-0.198430,1.168900,0.370063,-0.198661,1.168667,0.370036,0.000000,0.000000,0.000000,0.000000,0.000000,0.000000,0.019740,-0.745780,0.104082,-0.033504,-0.002400,-0.006400,OFF
1786957333562423240,2026-08-17T16:02:13.562459,prediction,0.129665,0.568000,-0.005390,0.126783,0.566688,-0.009655,True,0.127867,0.566055,-0.007634,0.001798,0.001945,0.002244,17.79,10,-0.198973,1.168524,0.369911,-0.199749,1.168168,0.369600,0.000000,0.000000,0.000000,0.000000,0.000000,0.000000,0.013020,-0.712320,0.107485,-0.035136,-0.002240,-0.006624,OFF
1786957333598768933,2026-08-17T16:02:13.598786,prediction,0.133098,0.574000,-0.005032,0.127378,0.566351,-0.009257,True,0.128474,0.565769,-0.007194,0.004625,0.008231,0.002162,21.25,10,-0.199524,1.168164,0.369853,-0.199749,1.168168,0.369600,0.000000,0.001744,0.000000,0.000000,0.000000,0.000000,0.006160,-0.643440,0.122093,-0.035456,-0.002464,-0.005024,OFF
1786957333636943535,2026-08-17T16:02:13.636993,prediction,0.131454,0.552000,-0.003328,0.127863,0.565963,-0.008746,True,0.128966,0.565424,-0.006650,0.002488,0.013425,0.003322,22.58,10,-0.200091,1.167827,0.369878,-0.200715,1.167205,0.370384,0.000000,0.001744,0.000000,0.000000,0.000000,0.000000,0.006160,-0.643440,0.122093,-0.035456,-0.002464,-0.005024,OFF
1786957333667670193,2026-08-17T16:02:13.667695,prediction,0.131080,0.547000,-0.003619,0.128297,0.564713,-0.008276,True,0.129419,0.564106,-0.006163,0.001660,0.017106,0.002544,24.82,10,-0.200656,1.167480,0.369987,-0.200715,1.167205,0.370384,0.000000,0.001744,0.000000,0.000000,0.000000,0.000000,0.006160,-0.643440,0.122093,-0.035456,-0.002464,-0.005024,OFF
1786957333706583098,2026-08-17T16:02:13.706600,prediction,0.131080,0.547000,-0.000594,0.128789,0.563022,-0.007557,True,0.129951,0.562291,-0.005428,0.001128,0.015291,0.004835,25.95,10,-0.201222,1.167092,0.370156,-0.202134,1.166889,0.369747,0.001307,0.071994,0.072425,0.000000,0.032284,0.000000,-0.029400,-0.325080,0.312246,-0.036640,-0.042688,-0.003232,OFF
1786957333730028065,2026-08-17T16:02:13.730056,prediction,0.131454,0.552000,0.002705,0.129306,0.561564,-0.006619,True,0.130509,0.560752,-0.004459,0.000945,0.008752,0.007164,19.72,10,-0.201801,1.166603,0.370391,-0.202134,1.166889,0.369747,0.000000,0.098174,0.096865,0.000000,0.037954,0.000000,-0.037800,-0.325080,0.313989,-0.037120,-0.045696,-0.004064,OFF
1786957333762380279,2026-08-17T16:02:13.762394,prediction,0.132650,0.568000,0.006571,0.129730,0.560420,-0.005402,True,0.130960,0.559599,-0.003197,0.001690,0.008401,0.009768,20.23,10,-0.202387,1.165975,0.370705,-0.202816,1.165551,0.370922,0.000000,0.130895,0.131765,0.000000,0.053659,0.000000,-0.038360,-0.279580,0.328597,-0.038464,-0.049088,-0.003584,OFF
1786957333799936625,2026-08-17T16:02:13.799951,prediction,0.133098,0.574000,0.015830,0.130127,0.560191,-0.003613,True,0.131370,0.559507,-0.001331,0.001728,0.014493,0.017161,23.31,10,-0.202966,1.165237,0.371123,-0.202816,1.165551,0.370922,0.000000,0.157075,0.157951,0.000000,0.064568,0.000000,-0.041440,-0.291900,0.330174,-0.039200,-0.047264,-0.002464,OFF
1786957333833848700,2026-08-17T16:02:13.833868,prediction,0.131454,0.552000,0.026838,0.130445,0.560145,-0.001066,True,0.131707,0.559650,0.001340,0.000253,0.007650,0.025498,22.36,10,-0.203532,1.164433,0.371673,-0.204044,1.163633,0.372209,0.000000,0.187619,0.191543,0.000000,0.075477,0.000000,-0.040180,-0.299040,0.335320,-0.041024,-0.053760,-0.002400,OFF
1786957333867572169,2026-08-17T16:02:13.867590,prediction,0.133660,0.541000,0.041556,0.130910,0.559282,0.002462,True,0.132241,0.558873,0.005055,0.001419,0.017873,0.036501,24.15,10,-0.204077,1.163641,0.372405,-0.204044,1.163633,0.372209,0.000000,0.202457,0.206384,0.000000,0.080716,0.000000,-0.040880,-0.317940,0.331834,-0.042240,-0.051488,-0.002240,OFF
1786957333904208761,2026-08-17T16:02:13.904228,prediction,0.133660,0.541000,0.053695,0.131233,0.557670,0.006646,True,0.132637,0.557255,0.009473,0.001023,0.016255,0.044223,22.52,10,-0.204623,1.162872,0.373383,-0.205037,1.162328,0.374221,0.001744,0.215544,0.219038,0.000000,0.088574,0.000000,-0.035840,-0.346780,0.330174,-0.044480,-0.051104,-0.001792,OFF
1786957333931429569,2026-08-17T16:02:13.931455,prediction,0.135269,0.563000,0.072272,0.131662,0.556494,0.012067,True,0.133143,0.556135,0.015205,0.002126,0.006865,0.057067,23.54,10,-0.205146,1.162114,0.374641,-0.205037,1.162328,0.374221,0.001744,0.215544,0.221217,0.000000,0.088574,0.000000,-0.031500,-0.307720,0.331170,-0.047200,-0.054432,-0.002176,OFF
1786957333966025393,2026-08-17T16:02:13.966043,prediction,0.134464,0.552000,0.087172,0.132038,0.555992,0.018483,True,0.133563,0.555803,0.022006,0.000902,0.003803,0.065166,20.09,10,-0.205653,1.161300,0.376268,-0.205884,1.160915,0.377035,0.000000,0.213800,0.215544,0.000000,0.086386,0.000000,-0.031220,-0.350840,0.325360,-0.048096,-0.052096,-0.001792,OFF
1786957333998121273,2026-08-17T16:02:13.998140,prediction,0.133098,0.574000,0.102260,0.132267,0.556212,0.025659,True,0.133784,0.556308,0.029612,0.000686,0.017692,0.072647,22.08,10,-0.206148,1.160490,0.378333,-0.205884,1.160915,0.377035,0.000000,0.210742,0.211618,0.000000,0.083766,0.000000,-0.030940,-0.368200,0.325858,-0.049600,-0.052000,-0.001632,OFF
1786957334030093009,2026-08-17T16:02:14.030114,prediction,0.133846,0.584000,0.114117,0.132602,0.557162,0.033670,True,0.134088,0.557626,0.038082,0.000242,0.026374,0.076035,18.72,10,-0.206615,1.159749,0.380871,-0.206645,1.159701,0.381028,0.000000,0.199400,0.202889,0.000000,0.080716,0.000000,-0.030380,-0.395500,0.340964,-0.053216,-0.053056,-0.001024,OFF
1786957334242742191,2026-08-17T16:02:14.242761,prediction,0.134220,0.589000,0.128863,0.132906,0.558206,0.042620,True,0.134342,0.559018,0.047513,0.000122,0.029982,0.081350,26.60,10,-0.207066,1.159060,0.383946,-0.207066,1.159060,0.383946,0.000000,0.147039,0.200711,0.000000,0.080716,0.000000,-0.027160,-0.469560,0.340798,-0.064512,-0.057056,-0.000736,OFF
1786957334272989545,2026-08-17T16:02:14.273008,prediction,0.134668,0.595000,0.149394,0.133010,0.559534,0.052916,True,0.134361,0.560679,0.058339,0.000307,0.034321,0.091055,25.79,10,-0.207497,1.158472,0.387623,-0.207066,1.159060,0.383946,0.000000,0.137004,0.200711,0.000000,0.080716,0.000000,-0.027160,-0.475160,0.361797,-0.066912,-0.052544,-0.000736,OFF
1786957334305030281,2026-08-17T16:02:14.305048,prediction,0.133846,0.584000,0.152647,0.133170,0.560920,0.063314,True,0.134418,0.562343,0.069239,0.000572,0.021657,0.083408,24.42,10,-0.207890,1.157980,0.391991,-0.207290,1.158766,0.386136,0.000000,0.035778,0.198964,0.000000,0.080716,0.000000,-0.031220,-0.530040,0.330340,-0.068736,-0.051648,-0.000736,OFF
1786957334335954292,2026-08-17T16:02:14.336004,prediction,0.133846,0.584000,0.152647,0.133354,0.562904,0.073732,True,0.134482,0.564625,0.080065,0.000636,0.019375,0.072582,24.96,10,-0.208253,1.157610,0.397051,-0.207290,1.158766,0.386136,0.000000,0.024429,0.198964,0.000000,0.080716,0.000000,-0.029960,-0.523880,0.342707,-0.068736,-0.049440,-0.001024,OFF
1786957334367506046,2026-08-17T16:02:14.367528,prediction,0.133846,0.584000,0.155610,0.133539,0.565274,0.084145,True,0.134542,0.567288,0.090774,0.000696,0.016712,0.064837,20.83,10,-0.208591,1.157371,0.402799,-0.207668,1.158326,0.390527,0.000000,0.011342,0.198525,0.000000,0.078538,0.000000,-0.026600,-0.513240,0.337395,-0.068864,-0.056896,-0.000736,OFF
1786957334404303381,2026-08-17T16:02:14.404318,prediction,0.133472,0.579000,0.152786,0.133673,0.567721,0.094151,True,0.134556,0.569982,0.100928,0.001084,0.009018,0.051858,26.29,10,-0.208897,1.157351,0.409213,-0.207668,1.158326,0.390527,0.000000,0.008285,0.197216,0.000000,0.081158,0.000000,-0.028140,-0.519120,0.333079,-0.068192,-0.053216,-0.000672,OFF
1786957334432470794,2026-08-17T16:02:14.432505,prediction,0.134220,0.589000,0.149552,0.133778,0.569918,0.103683,True,0.134559,0.572337,0.110460,0.000339,0.016663,0.039092,20.28,10,-0.209167,1.157614,0.416239,-0.208132,1.157957,0.397125,0.000000,0.008285,0.197216,0.000000,0.081158,0.000000,-0.028140,-0.519120,0.333079,-0.068192,-0.053216,-0.000672,OFF
1786957334471735010,2026-08-17T16:02:14.471764,prediction,0.133846,0.584000,0.149683,0.133828,0.571210,0.112606,True,0.134535,0.573626,0.119244,0.000689,0.010374,0.030439,28.42,10,-0.209407,1.158159,0.423816,-0.208132,1.157957,0.397125,0.000000,0.008285,0.197216,0.000000,0.081158,0.000000,-0.028140,-0.519120,0.333079,-0.068192,-0.053216,-0.000672,OFF
1786957334505325128,2026-08-17T16:02:14.505343,prediction,0.133846,0.584000,0.149683,0.133987,0.572322,0.120796,True,0.134651,0.574694,0.127160,0.000805,0.009306,0.022522,21.58,10,-0.209618,1.158947,0.431854,-0.208582,1.158021,0.406172,0.000000,0.008285,0.197216,0.000000,0.081158,0.000000,-0.028140,-0.519120,0.333079,-0.068192,-0.053216,-0.000672,OFF
1786957334547963046,2026-08-17T16:02:14.547981,prediction,0.136073,0.574000,0.149945,0.134160,0.576930,0.134421,True,0.134604,0.576703,0.133973,0.001469,0.002703,0.015972,33.22,10,-0.209814,1.159853,0.440242,-0.208937,1.158549,0.415983,0.000000,0.001307,0.196785,0.000000,0.080716,0.000000,-0.024780,-0.522340,0.341296,-0.066400,-0.050048,-0.000672,OFF
1786957334575239419,2026-08-17T16:02:14.575253,prediction,0.136073,0.574000,0.149945,0.134160,0.576930,0.134421,True,0.134725,0.579579,0.139898,0.001348,0.005580,0.010047,26.21,10,-0.209971,1.160844,0.448837,-0.208937,1.158549,0.415983,0.000000,0.000000,0.200711,0.000000,0.081158,0.000000,-0.021700,-0.599760,0.338723,-0.064000,-0.049600,-0.000800,OFF
1786957334606659905,2026-08-17T16:02:14.606676,prediction,0.136804,0.584000,0.146719,0.134263,0.579759,0.139384,True,0.134779,0.582639,0.144279,0.002025,0.001361,0.002440,25.81,10,-0.210111,1.161993,0.457532,-0.208937,1.158549,0.415983,0.000000,0.000000,0.200711,0.000000,0.080716,0.000000,-0.026320,-0.616840,0.332166,-0.063392,-0.052704,-0.000800,OFF
1786957334631332488,2026-08-17T16:02:14.631360,prediction,0.136438,0.579000,0.146842,0.134394,0.581765,0.143362,True,0.134881,0.584754,0.147614,0.001558,0.005754,0.000772,20.71,10,-0.210220,1.163414,0.466137,-0.209217,1.159371,0.425905,0.000000,0.000000,0.198525,0.000000,0.080716,0.000000,-0.025620,-0.626500,0.347521,-0.062944,-0.049088,-0.001024,OFF
1786957334664632959,2026-08-17T16:02:14.664654,prediction,0.136438,0.579000,0.146842,0.134617,0.583020,0.146334,True,0.135096,0.586000,0.149910,0.001342,0.007000,0.003068,20.28,10,-0.210308,1.165111,0.474510,-0.209217,1.159371,0.425905,0.000000,0.000000,0.200711,0.000000,0.078538,0.000000,-0.019740,-0.634760,0.335154,-0.062784,-0.052224,-0.000800,OFF
1786957334700177001,2026-08-17T16:02:14.700217,prediction,0.136804,0.584000,0.146719,0.134814,0.583537,0.148508,True,0.135294,0.586407,0.151411,0.001510,0.002407,0.004692,19.43,10,-0.210395,1.166977,0.482530,-0.209424,1.160706,0.435844,0.000000,0.000000,0.200711,0.000000,0.078538,0.000000,-0.019740,-0.634760,0.335154,-0.062784,-0.052224,-0.000800,OFF
1786957334732379823,2026-08-17T16:02:14.732463,prediction,0.136438,0.579000,0.146842,0.134962,0.583374,0.149706,True,0.135438,0.586061,0.151948,0.001001,0.007061,0.005106,22.49,10,-0.210475,1.168934,0.490085,-0.209424,1.160706,0.435844,0.000000,0.000000,0.200711,0.000000,0.078538,0.000000,-0.019740,-0.634760,0.335154,-0.062784,-0.052224,-0.000800,OFF
1786957334765309987,2026-08-17T16:02:14.765325,prediction,0.136804,0.584000,0.146719,0.135105,0.583075,0.149528,True,0.135556,0.585598,0.151091,0.001248,0.001598,0.004372,18.97,10,-0.210548,1.170842,0.497048,-0.209606,1.162344,0.445735,0.000000,0.000000,0.200711,0.000000,0.081158,0.000000,-0.020440,-0.644980,0.335652,-0.062464,-0.048640,-0.000800,OFF
1786957334799115751,2026-08-17T16:02:14.799181,prediction,0.139405,0.579000,0.146842,0.135475,0.582482,0.149141,True,0.135932,0.584836,0.150069,0.003473,0.005836,0.003227,23.05,10,-0.210628,1.172665,0.503231,-0.209606,1.162344,0.445735,0.000000,0.000000,0.198525,0.000000,0.078096,0.000000,-0.026880,-0.699860,0.337893,-0.061120,-0.051424,-0.001120,OFF
1786957334833811453,2026-08-17T16:02:14.833833,prediction,0.139405,0.579000,0.146842,0.135846,0.582096,0.148754,True,0.136313,0.584342,0.149153,0.003092,0.005342,0.002311,20.65,10,-0.210729,1.174359,0.508620,-0.209781,1.164217,0.455535,0.000000,0.000000,0.198525,0.000000,0.078096,0.000000,-0.023800,-0.699580,0.332581,-0.059904,-0.052928,-0.001120,OFF
1786957334869573687,2026-08-17T16:02:14.869596,prediction,0.139762,0.584000,0.149683,0.136240,0.581753,0.148359,True,0.136723,0.583930,0.148347,0.003039,0.000070,0.001336,24.89,10,-0.210851,1.175898,0.513226,-0.209781,1.164217,0.455535,0.000000,0.000000,0.197216,0.000000,0.078538,0.000000,-0.021700,-0.713300,0.343205,-0.058880,-0.052320,-0.001408,OFF
1786957334898553851,2026-08-17T16:02:14.898592,prediction,0.139405,0.579000,0.149814,0.136636,0.581417,0.148161,True,0.137144,0.583554,0.147869,0.002261,0.004554,0.001945,19.15,10,-0.210996,1.177257,0.517064,-0.209974,1.166291,0.465321,0.000000,0.000000,0.197216,0.000000,0.078538,0.000000,-0.021700,-0.713300,0.343205,-0.058880,-0.052320,-0.001408,OFF
1786957334931016193,2026-08-17T16:02:14.931033,prediction,0.140548,0.595000,0.149394,0.137058,0.581350,0.148150,True,0.137596,0.583502,0.147695,0.002952,0.011498,0.001699,21.22,10,-0.211169,1.178416,0.520193,-0.209974,1.166291,0.465321,0.000000,0.000000,0.197216,0.000000,0.078538,0.000000,-0.021700,-0.713300,0.343205,-0.058880,-0.052320,-0.001408,OFF
1786957334967055729,2026-08-17T16:02:14.967072,prediction,0.140120,0.589000,0.149552,0.137476,0.581603,0.148141,True,0.138039,0.583826,0.147611,0.002081,0.005174,0.001941,21.33,10,-0.211371,1.179372,0.522676,-0.210212,1.168516,0.475076,0.000000,0.000000,0.197216,0.000000,0.078538,0.000000,-0.021700,-0.713300,0.343205,-0.058880,-0.052320,-0.001408,OFF
1786957335006167188,2026-08-17T16:02:15.006186,prediction,0.140120,0.589000,0.149552,0.137894,0.581921,0.148133,True,0.138477,0.584227,0.147582,0.001642,0.004773,0.001970,27.17,10,-0.211605,1.180161,0.524567,-0.210212,1.168516,0.475076,0.000000,0.000000,0.197216,0.000000,0.078538,0.000000,-0.021700,-0.713300,0.343205,-0.058880,-0.052320,-0.001408,OFF
1786957335027269799,2026-08-17T16:02:15.027298,prediction,0.140120,0.589000,0.149552,0.138312,0.582251,0.148124,True,0.138913,0.584637,0.147586,0.001207,0.004363,0.001966,17.23,10,-0.211860,1.180863,0.525928,-0.210526,1.170869,0.484769,0.000000,0.000000,0.191543,0.000000,0.075477,0.000000,-0.017920,-0.733740,0.351422,-0.058880,-0.053504,-0.000960,OFF
1786957335065909729,2026-08-17T16:02:15.065926,prediction,0.140120,0.589000,0.149552,0.138582,0.582583,0.148098,True,0.139180,0.585039,0.147585,0.000940,0.003961,0.001966,22.73,10,-0.212147,1.181512,0.526836,-0.210526,1.170869,0.484769,0.000000,0.000000,0.191112,0.000000,0.078096,0.000000,-0.023800,-0.775600,0.343869,-0.057504,-0.048768,-0.001408,OFF
1786957335098821066,2026-08-17T16:02:15.098837,prediction,0.139405,0.579000,0.149814,0.138755,0.582917,0.148304,True,0.139343,0.585428,0.147827,0.000062,0.006428,0.001987,20.16,10,-0.212444,1.182065,0.527348,-0.210964,1.173427,0.494498,0.000000,0.001744,0.193291,0.000000,0.078096,0.000000,-0.019740,-0.783300,0.352833,-0.057504,-0.049824,-0.001408,OFF
1786957335132498559,2026-08-17T16:02:15.132528,prediction,0.140548,0.595000,0.149394,0.139029,0.583517,0.148474,True,0.139613,0.586107,0.148031,0.000935,0.008893,0.001364,21.03,10,-0.212749,1.182467,0.527585,-0.210964,1.173427,0.494498,0.000000,0.000000,0.197216,0.000000,0.078096,0.000000,-0.021700,-0.773640,0.350260,-0.057504,-0.050880,-0.001184,OFF
1786957335164609848,2026-08-17T16:02:15.164633,prediction,0.142720,0.584000,0.149683,0.139448,0.583903,0.148664,True,0.140046,0.586537,0.148246,0.002675,0.002537,0.001437,19.48,10,-0.213064,1.182696,0.527613,-0.211569,1.176095,0.504028,0.000000,0.000000,0.198964,0.000000,0.078096,0.000000,-0.023800,-0.774340,0.357979,-0.057056,-0.054496,-0.001568,OFF
1786957335206611807,2026-08-17T16:02:15.206638,prediction,0.142720,0.584000,0.149683,0.139843,0.584247,0.148861,True,0.140453,0.586910,0.148463,0.002268,0.002910,0.001220,29.80,10,-0.213394,1.182814,0.527502,-0.211569,1.176095,0.504028,0.000000,0.000000,0.198964,0.000000,0.078096,0.000000,-0.023800,-0.774340,0.357979,-0.057056,-0.054496,-0.001568,OFF
1786957335231288377,2026-08-17T16:02:15.231312,prediction,0.142371,0.579000,0.149814,0.140238,0.584583,0.149059,True,0.140860,0.587268,0.148676,0.001511,0.008268,0.001138,18.57,10,-0.213738,1.182866,0.527305,-0.212318,1.178852,0.513661,0.000000,0.000000,0.198964,0.000000,0.078096,0.000000,-0.023800,-0.774340,0.357979,-0.057056,-0.054496,-0.001568,OFF
1786957335267201155,2026-08-17T16:02:15.267253,prediction,0.142371,0.579000,0.149814,0.140609,0.584383,0.149266,True,0.141248,0.587020,0.148894,0.001123,0.008020,0.000920,22.35,10,-0.214100,1.182922,0.527087,-0.212318,1.178852,0.513661,0.000000,0.000000,0.198964,0.000000,0.078096,0.000000,-0.023800,-0.774340,0.357979,-0.057056,-0.054496,-0.001568,OFF
1786957335305252304,2026-08-17T16:02:15.305270,prediction,0.142371,0.579000,0.149814,0.140807,0.584343,0.149464,True,0.141445,0.586951,0.149101,0.000927,0.007951,0.000713,24.30,10,-0.214479,1.182984,0.526941,-0.213526,1.181165,0.521095,0.000000,0.000000,0.198964,0.000000,0.078096,0.000000,-0.023800,-0.774340,0.357979,-0.057056,-0.054496,-0.001568,OFF
1786957335332172244,2026-08-17T16:02:15.332204,prediction,0.142371,0.579000,0.149814,0.141005,0.584335,0.149662,True,0.141641,0.586928,0.149304,0.000731,0.007928,0.000510,23.13,10,-0.214847,1.183073,0.526876,-0.213526,1.181165,0.521095,0.000000,0.000000,0.198964,0.000000,0.078096,0.000000,-0.023800,-0.774340,0.357979,-0.057056,-0.054496,-0.001568,OFF
1786957335377113406,2026-08-17T16:02:15.377127,prediction,0.143069,0.589000,0.149552,0.141225,0.584334,0.149653,True,0.141856,0.586924,0.149282,0.001213,0.002076,0.000269,29.67,10,-0.215202,1.183203,0.526886,-0.214896,1.182981,0.526408,0.000000,0.000000,0.198964,0.000000,0.080716,0.000000,-0.023240,-0.774620,0.350592,-0.056896,-0.052160,-0.001568,OFF
1786957335402798408,2026-08-17T16:02:15.402819,prediction,0.142720,0.584000,0.149683,0.141446,0.584600,0.149644,True,0.142067,0.587231,0.149250,0.000653,0.003231,0.000433,21.88,10,-0.215544,1.183367,0.526949,-0.214896,1.182981,0.526408,0.000000,0.000000,0.198964,0.000000,0.080716,0.000000,-0.020020,-0.770560,0.348683,-0.054336,-0.048480,-0.001856,OFF
1786957335428555916,2026-08-17T16:02:15.428576,prediction,0.142720,0.584000,0.149683,0.141591,0.584653,0.149664,True,0.142197,0.587303,0.149248,0.000523,0.003303,0.000435,18.36,10,-0.215872,1.183560,0.527041,-0.216494,1.184403,0.529538,0.000000,0.000000,0.198964,0.000000,0.078096,0.000000,-0.020720,-0.769720,0.355240,-0.054208,-0.050208,-0.001856,OFF
1786957335463668294,2026-08-17T16:02:15.463690,prediction,0.143069,0.589000,0.149552,0.141788,0.584397,0.149664,True,0.142388,0.587026,0.149228,0.000681,0.001974,0.000324,21.03,10,-0.216179,1.183794,0.527144,-0.216494,1.184403,0.529538,0.000000,0.000000,0.200711,0.000000,0.081158,0.000000,-0.016100,-0.769300,0.350758,-0.053888,-0.051040,-0.001856,OFF
1786957335499702921,2026-08-17T16:02:15.499721,prediction,0.142720,0.584000,0.149683,0.141961,0.584079,0.149672,True,0.142558,0.586678,0.149220,0.000162,0.002678,0.000463,20.75,10,-0.216469,1.184037,0.527252,-0.216469,1.184037,0.527252,0.000000,0.000000,0.198964,0.000000,0.080716,0.000000,-0.020440,-0.769020,0.362129,-0.053760,-0.050432,-0.001856,OFF
1786957335535389722,2026-08-17T16:02:15.535433,prediction,0.143069,0.589000,0.149552,0.142158,0.584016,0.149672,True,0.142752,0.586621,0.149207,0.000317,0.002379,0.000345,25.37,10,-0.216741,1.184257,0.527361,-0.216469,1.184037,0.527252,0.000000,0.000000,0.200711,0.000000,0.078096,0.000000,-0.016660,-0.767480,0.357481,-0.053440,-0.048384,-0.001728,OFF
1786957335571082835,2026-08-17T16:02:15.571105,prediction,0.143488,0.595000,0.149394,0.142382,0.584003,0.149662,True,0.142979,0.586627,0.149186,0.000509,0.008373,0.000208,22.89,10,-0.216997,1.184431,0.527469,-0.217797,1.185028,0.527798,0.000000,0.000000,0.200711,0.000000,0.081158,0.000000,-0.021280,-0.766920,0.355074,-0.053152,-0.052928,-0.002016,OFF
1786957335598839053,2026-08-17T16:02:15.598857,prediction,0.143069,0.589000,0.149552,0.142627,0.584001,0.149644,True,0.143229,0.586647,0.149161,0.000160,0.002353,0.000391,22.07,10,-0.217250,1.184572,0.527576,-0.217797,1.185028,0.527798,0.000000,0.000000,0.200711,0.000000,0.080716,0.000000,-0.018480,-0.765660,0.353912,-0.052832,-0.052704,-0.001728,OFF
1786957335633116116,2026-08-17T16:02:15.633131,prediction,0.142720,0.584000,0.149683,0.142771,0.584000,0.149664,True,0.143372,0.586667,0.149178,0.000651,0.002667,0.000505,19.40,10,-0.217509,1.184685,0.527665,-0.217509,1.184685,0.527665,0.000000,0.000000,0.200711,0.000000,0.080716,0.000000,-0.019460,-0.766220,0.350758,-0.052704,-0.049376,-0.002016,OFF
1786957335670773773,2026-08-17T16:02:15.670793,prediction,0.143069,0.589000,0.149552,0.142795,0.584267,0.149655,True,0.143378,0.586986,0.149169,0.000308,0.002014,0.000382,25.06,10,-0.217760,1.184773,0.527741,-0.217509,1.184685,0.527665,0.000000,0.000000,0.200711,0.000000,0.080716,0.000000,-0.020720,-0.763140,0.364370,-0.052384,-0.048160,-0.002016,OFF
1786957335710468151,2026-08-17T16:02:15.710484,prediction,0.142720,0.584000,0.149683,0.142795,0.584331,0.149655,True,0.143338,0.587061,0.149179,0.000618,0.003061,0.000503,28.59,10,-0.217982,1.184820,0.527803,-0.218897,1.185081,0.528070,0.000000,0.000000,0.200711,0.000000,0.080716,0.000000,-0.020720,-0.763140,0.364370,-0.052384,-0.048160,-0.002016,OFF
1786957335740141854,2026-08-17T16:02:15.740159,prediction,0.142720,0.584000,0.149683,0.142795,0.584331,0.149655,True,0.143351,0.587082,0.149171,0.000630,0.003082,0.000512,28.60,10,-0.218174,1.184854,0.527851,-0.218897,1.185081,0.528070,0.000000,0.000000,0.200711,0.000000,0.080716,0.000000,-0.020720,-0.763140,0.364370,-0.052384,-0.048160,-0.002016,OFF
1786957335765492405,2026-08-17T16:02:15.765514,prediction,0.143069,0.589000,0.149552,0.142841,0.584599,0.149637,True,0.143386,0.587391,0.149152,0.000316,0.001609,0.000400,19.16,10,-0.218340,1.184868,0.527884,-0.218231,1.184858,0.527862,0.000000,0.000000,0.200711,0.000000,0.080716,0.000000,-0.020720,-0.763140,0.364370,-0.052384,-0.048160,-0.002016,OFF
1786957335798510083,2026-08-17T16:02:15.798530,prediction,0.143488,0.595000,0.149394,0.142916,0.585187,0.149609,True,0.143449,0.588056,0.149121,0.000039,0.006944,0.000274,20.71,10,-0.218483,1.184875,0.527901,-0.218231,1.184858,0.527862,0.000000,0.000000,0.200711,0.000000,0.080716,0.000000,-0.020720,-0.763140,0.364370,-0.052384,-0.048160,-0.002016,OFF
1786957335831887069,2026-08-17T16:02:15.831916,prediction,0.142720,0.584000,0.149683,0.142939,0.585837,0.149601,True,0.143458,0.588785,0.149109,0.000738,0.004785,0.000573,20.52,10,-0.218616,1.184896,0.527902,-0.219532,1.184987,0.527996,0.000000,0.000000,0.200711,0.000000,0.080716,0.000000,-0.020720,-0.763140,0.364370,-0.052384,-0.048160,-0.002016,OFF
1786957335868779985,2026-08-17T16:02:15.868800,prediction,0.143069,0.589000,0.149552,0.142939,0.586501,0.149601,True,0.143447,0.589515,0.149108,0.000378,0.000515,0.000444,23.85,10,-0.218738,1.184959,0.527889,-0.219532,1.184987,0.527996,0.000000,0.000000,0.200711,0.000000,0.080716,0.000000,-0.020720,-0.763140,0.364370,-0.052384,-0.048160,-0.002016,OFF
1786957335899402136,2026-08-17T16:02:15.899433,prediction,0.143069,0.589000,0.149552,0.142962,0.586900,0.149592,True,0.143471,0.589932,0.149097,0.000401,0.000932,0.000454,19.00,10,-0.218844,1.185071,0.527877,-0.218638,1.185175,0.527817,0.000000,0.000000,0.200711,0.000000,0.080716,0.000000,-0.020720,-0.763140,0.364370,-0.052384,-0.048160,-0.002016,OFF
1786957335933225163,2026-08-17T16:02:15.933245,prediction,0.143488,0.595000,0.149394,0.143014,0.587247,0.149573,True,0.143529,0.590277,0.149075,0.000040,0.004723,0.000320,22.76,10,-0.218937,1.185231,0.527867,-0.218638,1.185175,0.527817,0.000000,0.000000,0.198525,0.000000,0.080716,0.000000,-0.016660,-0.757260,0.353497,-0.051040,-0.050592,-0.002304,OFF
1786957335967516192,2026-08-17T16:02:15.967534,prediction,0.143069,0.589000,0.149552,0.143014,0.587583,0.149573,True,0.143532,0.590604,0.149073,0.000463,0.001604,0.000479,20.18,10,-0.219026,1.185407,0.527856,-0.219848,1.185899,0.527938,0.000000,0.000000,0.196785,0.000000,0.080716,0.000000,-0.015680,-0.701120,0.360718,-0.049088,-0.049216,-0.002304,OFF
1786957335998033857,2026-08-17T16:02:15.998049,prediction,0.143488,0.595000,0.149394,0.143065,0.588237,0.149553,True,0.143586,0.591290,0.149050,0.000098,0.003710,0.000344,22.18,10,-0.219102,1.185605,0.527845,-0.219848,1.185899,0.527938,0.000000,0.000000,0.196785,0.000000,0.080716,0.000000,-0.015680,-0.701120,0.360718,-0.049088,-0.049216,-0.002304,OFF
1786957336046570758,2026-08-17T16:02:16.046594,prediction,0.143069,0.589000,0.149552,0.143065,0.588367,0.149553,True,0.143591,0.591389,0.149049,0.000521,0.002389,0.000502,28.30,10,-0.219171,1.185835,0.527834,-0.218904,1.185977,0.527776,0.000000,0.000000,0.196785,0.000000,0.080716,0.000000,-0.015680,-0.701120,0.360718,-0.049088,-0.049216,-0.002304,OFF
1786957336078035618,2026-08-17T16:02:16.078049,prediction,0.143069,0.589000,0.149552,0.143037,0.588393,0.149564,True,0.143565,0.591366,0.149060,0.000495,0.002366,0.000492,26.33,10,-0.219227,1.186127,0.527824,-0.220028,1.186499,0.527943,0.000000,0.000000,0.196785,0.000000,0.080716,0.000000,-0.015680,-0.701120,0.360718,-0.049088,-0.049216,-0.002304,OFF
1786957336102077381,2026-08-17T16:02:16.102100,prediction,0.143488,0.595000,0.149394,0.143065,0.588399,0.149553,True,0.143599,0.591325,0.149049,0.000111,0.003675,0.000345,20.07,10,-0.219266,1.186438,0.527815,-0.220028,1.186499,0.527943,0.000000,0.000000,0.196785,0.000000,0.080716,0.000000,-0.015680,-0.701120,0.360718,-0.049088,-0.049216,-0.002304,OFF
1786957336137454940,2026-08-17T16:02:16.137495,prediction,0.143488,0.595000,0.149394,0.143116,0.588720,0.149534,True,0.143653,0.591649,0.149027,0.000165,0.003351,0.000367,25.02,10,-0.219290,1.186753,0.527808,-0.220028,1.186499,0.527943,0.000000,0.000000,0.196785,0.000000,0.080716,0.000000,-0.015680,-0.701120,0.360718,-0.049088,-0.049216,-0.002304,OFF
1786957336171709029,2026-08-17T16:02:16.171724,prediction,0.143069,0.589000,0.149552,0.143116,0.589104,0.149534,True,0.143651,0.592053,0.149026,0.000582,0.003053,0.000526,22.41,10,-0.219309,1.187068,0.527798,-0.219061,1.187580,0.527734,0.000000,0.000000,0.171037,0.000000,0.070249,0.000000,-0.016940,-0.712600,0.374330,-0.048480,-0.048384,-0.002464,OFF
1786957336201390697,2026-08-17T16:02:16.201420,prediction,0.143488,0.595000,0.149394,0.143190,0.589767,0.149506,True,0.143726,0.592777,0.148994,0.000238,0.002223,0.000400,23.74,10,-0.219327,1.187396,0.527788,-0.219061,1.187580,0.527734,0.000000,0.000000,0.171037,0.000000,0.070249,0.000000,-0.016940,-0.712600,0.374330,-0.048480,-0.048384,-0.002464,OFF
1786957336245791179,2026-08-17T16:02:16.245811,prediction,0.143488,0.595000,0.149394,0.143242,0.590487,0.149487,True,0.143778,0.593560,0.148970,0.000290,0.001440,0.000424,24.78,10,-0.219353,1.187732,0.527776,-0.220134,1.188139,0.527887,0.000000,0.000000,0.171037,0.000000,0.070249,0.000000,-0.016940,-0.712600,0.374330,-0.048480,-0.048384,-0.002464,OFF
1786957336272751786,2026-08-17T16:02:16.272770,prediction,0.145678,0.584000,0.149683,0.143416,0.591217,0.149496,True,0.143967,0.594346,0.148975,0.001712,0.010346,0.000708,23.27,10,-0.219382,1.188104,0.527762,-0.220134,1.188139,0.527887,0.000000,0.000000,0.171037,0.000000,0.070249,0.000000,-0.016940,-0.712600,0.374330,-0.048480,-0.048384,-0.002464,OFF
1786957336302903100,2026-08-17T16:02:16.302932,prediction,0.145678,0.584000,0.149683,0.143562,0.591097,0.149515,True,0.144137,0.594165,0.148993,0.001541,0.010165,0.000690,20.02,10,-0.219421,1.188524,0.527751,-0.219032,1.188965,0.527666,0.000000,0.000000,0.171037,0.000000,0.070249,0.000000,-0.016940,-0.712600,0.374330,-0.048480,-0.048384,-0.002464,OFF
1786957336337209829,2026-08-17T16:02:16.337239,prediction,0.146019,0.589000,0.149552,0.143781,0.590806,0.149506,True,0.144388,0.593787,0.148982,0.001632,0.004787,0.000569,24.01,10,-0.219466,1.188969,0.527742,-0.219032,1.188965,0.527666,0.000000,0.000000,0.171037,0.000000,0.070249,0.000000,-0.016940,-0.712600,0.374330,-0.048480,-0.048384,-0.002464,OFF
1786957336369827282,2026-08-17T16:02:16.369850,prediction,0.145678,0.584000,0.149683,0.143955,0.590481,0.149515,True,0.144585,0.593378,0.148990,0.001094,0.009378,0.000692,21.70,10,-0.219528,1.189384,0.527734,-0.220096,1.190030,0.527805,0.000000,0.000000,0.200711,0.000000,0.081158,0.000000,-0.018200,-0.742140,0.364204,-0.051328,-0.047424,-0.002688,OFF
1786957336409188983,2026-08-17T16:02:16.409208,prediction,0.146019,0.589000,0.149552,0.144152,0.590416,0.149515,True,0.144797,0.593278,0.148990,0.001222,0.004278,0.000562,27.02,10,-0.219604,1.189734,0.527726,-0.219412,1.189739,0.527686,0.000000,0.000000,0.198964,0.000000,0.078096,0.000000,-0.018900,-0.741720,0.367939,-0.051328,-0.056000,-0.002464,OFF
1786957336436575944,2026-08-17T16:02:16.436596,prediction,0.146428,0.595000,0.149394,0.144348,0.590403,0.149515,True,0.145005,0.593253,0.148989,0.001423,0.001747,0.000405,21.92,10,-0.219693,1.190010,0.527719,-0.219412,1.189739,0.527686,0.000000,0.000000,0.198964,0.000000,0.078096,0.000000,-0.016940,-0.741160,0.382215,-0.051200,-0.048928,-0.002464,OFF
1786957336464506019,2026-08-17T16:02:16.464529,prediction,0.145338,0.579000,0.149814,0.144499,0.590401,0.149532,True,0.145162,0.593252,0.149007,0.000176,0.014252,0.000807,21.24,10,-0.219791,1.190244,0.527713,-0.219412,1.189739,0.527686,0.000000,0.000000,0.198525,0.000000,0.078096,0.000000,-0.013860,-0.738360,0.376405,-0.051200,-0.048768,-0.002176,OFF
1786957336501382945,2026-08-17T16:02:16.501400,prediction,0.145338,0.579000,0.149814,0.144623,0.589547,0.149560,True,0.145296,0.592299,0.149038,0.000042,0.013299,0.000776,19.44,10,-0.219900,1.190449,0.527709,-0.220253,1.191069,0.527712,0.000000,0.000000,0.198964,0.000000,0.078096,0.000000,-0.016940,-0.735000,0.385369,-0.051488,-0.053056,-0.002464,OFF
1786957336534946402,2026-08-17T16:02:16.534983,prediction,0.146019,0.589000,0.149552,0.144819,0.588843,0.149560,True,0.145502,0.591523,0.149039,0.000517,0.002523,0.000513,22.86,10,-0.220014,1.190631,0.527708,-0.220253,1.191069,0.527712,0.000000,0.000000,0.198964,0.000000,0.080716,0.000000,-0.017640,-0.736540,0.376571,-0.051488,-0.054112,-0.002624,OFF
1786957336568517674,2026-08-17T16:02:16.568538,prediction,0.145678,0.584000,0.149683,0.144993,0.588435,0.149569,True,0.145677,0.591098,0.149049,0.000001,0.007098,0.000634,20.49,10,-0.220141,1.190722,0.527707,-0.220127,1.190404,0.527704,0.000000,0.000000,0.200711,0.000000,0.081158,0.000000,-0.018480,-0.736540,0.373832,-0.051488,-0.047808,-0.002624,OFF
1786957336602999704,2026-08-17T16:02:16.603017,prediction,0.145678,0.584000,0.149683,0.145139,0.588087,0.149588,True,0.145820,0.590757,0.149071,0.000141,0.006757,0.000612,25.05,10,-0.220282,1.190748,0.527706,-0.220127,1.190404,0.527704,0.000000,0.000000,0.198964,0.000000,0.080716,0.000000,-0.018200,-0.731220,0.370512,-0.051488,-0.049920,-0.002624,OFF
1786957336639462598,2026-08-17T16:02:16.639481,prediction,0.145678,0.584000,0.149683,0.145285,0.587431,0.149608,True,0.145965,0.590076,0.149093,0.000286,0.006076,0.000590,22.03,10,-0.220430,1.190739,0.527708,-0.221076,1.191454,0.527715,0.000000,0.000000,0.198964,0.000000,0.080716,0.000000,-0.018200,-0.730240,0.377235,-0.051488,-0.052096,-0.002624,OFF
1786957336677285297,2026-08-17T16:02:16.677298,prediction,0.146019,0.589000,0.149552,0.145651,0.586249,0.149618,True,0.146165,0.589328,0.149095,0.000146,0.000328,0.000457,29.16,10,-0.220584,1.190705,0.527712,-0.220672,1.190703,0.527714,0.000000,0.000000,0.198964,0.000000,0.080716,0.000000,-0.018900,-0.725620,0.372753,-0.051488,-0.049152,-0.002624,OFF
1786957336700594259,2026-08-17T16:02:16.700617,prediction,0.146019,0.589000,0.149552,0.145651,0.586249,0.149618,True,0.146333,0.588870,0.149107,0.000313,0.000130,0.000445,22.32,10,-0.220752,1.190614,0.527717,-0.220672,1.190703,0.527714,0.000000,0.000000,0.198964,0.000000,0.078096,0.000000,-0.016100,-0.725060,0.376571,-0.051488,-0.047264,-0.002624,OFF
1786957336730682904,2026-08-17T16:02:16.730707,prediction,0.145678,0.584000,0.149683,0.145797,0.585836,0.149637,True,0.146475,0.588476,0.149129,0.000796,0.004476,0.000554,19.41,10,-0.220925,1.190451,0.527724,-0.220672,1.190703,0.527714,0.000000,0.000000,0.198964,0.000000,0.080716,0.000000,-0.019460,-0.726320,0.383294,-0.051776,-0.051936,-0.002624,OFF
1786957336766674210,2026-08-17T16:02:16.766694,prediction,0.145678,0.584000,0.149683,0.145797,0.585167,0.149637,True,0.146460,0.587794,0.149132,0.000782,0.003794,0.000551,21.15,10,-0.221105,1.190210,0.527735,-0.221791,1.189427,0.527767,0.000000,0.000000,0.198964,0.000000,0.080716,0.000000,-0.019460,-0.726320,0.383294,-0.051776,-0.051936,-0.002624,OFF
1786957336803272980,2026-08-17T16:02:16.803291,prediction,0.146019,0.589000,0.149552,0.145819,0.585033,0.149629,True,0.146464,0.587714,0.149124,0.000445,0.001286,0.000427,25.41,10,-0.221272,1.189890,0.527745,-0.221791,1.189427,0.527767,0.000000,0.000000,0.198964,0.000000,0.080716,0.000000,-0.019460,-0.726320,0.383294,-0.051776,-0.051936,-0.002624,OFF
1786957336832278293,2026-08-17T16:02:16.832298,prediction,0.148637,0.584000,0.149683,0.145994,0.585007,0.149637,True,0.146635,0.587755,0.149133,0.002002,0.003755,0.000550,22.01,10,-0.221427,1.189487,0.527754,-0.221032,1.189318,0.527743,0.000000,0.000000,0.198964,0.000000,0.080716,0.000000,-0.019460,-0.726320,0.383294,-0.051776,-0.051936,-0.002624,OFF
1786957336872811222,2026-08-17T16:02:16.872825,prediction,0.145678,0.584000,0.149683,0.145994,0.585001,0.149637,True,0.146617,0.587810,0.149135,0.000939,0.003810,0.000548,25.33,10,-0.221576,1.189064,0.527764,-0.221032,1.189318,0.527743,0.000000,0.000000,0.198964,0.000000,0.080716,0.000000,-0.019460,-0.726320,0.383294,-0.051776,-0.051936,-0.002624,OFF
1786957336902610662,2026-08-17T16:02:16.902626,prediction,0.145338,0.579000,0.149814,0.145948,0.584734,0.149655,True,0.146555,0.587559,0.149155,0.001218,0.008559,0.000659,20.06,10,-0.221712,1.188658,0.527774,-0.222202,1.188064,0.527798,0.000000,0.000000,0.198964,0.000000,0.080716,0.000000,-0.019460,-0.726320,0.383294,-0.051776,-0.051936,-0.002624,OFF
1786957336940726674,2026-08-17T16:02:16.940744,prediction,0.145338,0.579000,0.149814,0.145876,0.584147,0.149683,True,0.146470,0.586937,0.149188,0.001132,0.007937,0.000626,25.96,10,-0.221829,1.188277,0.527785,-0.222202,1.188064,0.527798,0.000000,0.000000,0.198964,0.000000,0.080716,0.000000,-0.019460,-0.726320,0.383294,-0.051776,-0.051936,-0.002624,OFF
1786957336967937463,2026-08-17T16:02:16.967955,prediction,0.146019,0.589000,0.149552,0.145921,0.583496,0.149665,True,0.146514,0.586238,0.149172,0.000494,0.002762,0.000379,23.89,10,-0.221927,1.187895,0.527798,-0.221829,1.188277,0.527785,0.000000,0.000000,0.198964,0.000000,0.080716,0.000000,-0.019460,-0.726320,0.383294,-0.051776,-0.051936,-0.002624,OFF
1786957337011320316,2026-08-17T16:02:17.011368,prediction,0.145338,0.579000,0.149814,0.145944,0.583633,0.149657,True,0.146525,0.586427,0.149164,0.001187,0.007427,0.000650,26.98,10,-0.222017,1.187482,0.527809,-0.222270,1.186413,0.527842,0.000000,0.000000,0.198964,0.000000,0.078096,0.000000,-0.015680,-0.658420,0.368520,-0.051040,-0.049760,-0.002784,OFF
1786957337036887756,2026-08-17T16:02:17.036906,prediction,0.145338,0.579000,0.149814,0.145898,0.583926,0.149674,True,0.146463,0.586799,0.149183,0.001125,0.007799,0.000631,22.78,10,-0.222099,1.187036,0.527817,-0.222270,1.186413,0.527842,0.001744,0.000000,0.189804,0.000000,0.075477,0.000000,-0.011760,-0.581840,0.346442,-0.047104,-0.046144,-0.002464,OFF
1786957337069400592,2026-08-17T16:02:17.069435,prediction,0.145678,0.584000,0.149683,0.145898,0.583985,0.149674,True,0.146456,0.586900,0.149184,0.000777,0.002900,0.000499,24.90,10,-0.222163,1.186633,0.527827,-0.222270,1.186413,0.527842,0.001744,0.000000,0.174963,0.000000,0.069807,0.000000,-0.011760,-0.575260,0.353165,-0.046080,-0.047424,-0.002464,OFF
1786957337098395626,2026-08-17T16:02:17.098424,prediction,0.145338,0.579000,0.149814,0.145876,0.583730,0.149683,True,0.146430,0.586633,0.149194,0.001093,0.007633,0.000620,20.38,10,-0.222215,1.186301,0.527836,-0.221944,1.185747,0.527808,0.001744,0.000000,0.174963,0.000000,0.069807,0.000000,-0.011760,-0.575260,0.353165,-0.046080,-0.047424,-0.002464,OFF
1786957337133338504,2026-08-17T16:02:17.133356,prediction,0.145338,0.579000,0.149814,0.145853,0.583413,0.149692,True,0.146408,0.586286,0.149204,0.001070,0.007287,0.000610,22.44,10,-0.222255,1.186005,0.527844,-0.221944,1.185747,0.527808,0.001744,0.000000,0.174963,0.000000,0.069807,0.000000,-0.011760,-0.575260,0.353165,-0.046080,-0.047424,-0.002464,OFF
1786957337164106180,2026-08-17T16:02:17.164127,prediction,0.146019,0.589000,0.149552,0.145853,0.583083,0.149692,True,0.146411,0.585925,0.149204,0.000392,0.003075,0.000347,19.23,10,-0.222285,1.185726,0.527852,-0.223173,1.185672,0.527966,0.001744,0.000000,0.174963,0.000000,0.069807,0.000000,-0.011760,-0.575260,0.353165,-0.046080,-0.047424,-0.002464,OFF
1786957337200470278,2026-08-17T16:02:17.200488,prediction,0.146019,0.589000,0.149552,0.145853,0.583016,0.149692,True,0.146410,0.585866,0.149205,0.000390,0.003134,0.000347,23.57,10,-0.222301,1.185468,0.527859,-0.223173,1.185672,0.527966,0.001744,0.000000,0.161439,0.000000,0.064568,0.000000,-0.014560,-0.614320,0.357481,-0.046080,-0.046976,-0.002784,OFF
1786957337233758968,2026-08-17T16:02:17.233773,prediction,0.146428,0.595000,0.149394,0.145903,0.583003,0.149672,True,0.146461,0.585871,0.149184,0.000033,0.009129,0.000210,22.68,10,-0.222306,1.185235,0.527865,-0.222287,1.185010,0.527868,0.001744,0.000000,0.139624,0.000000,0.056721,0.000000,-0.015680,-0.645960,0.354244,-0.048992,-0.047712,-0.002784,OFF
1786957337272832495,2026-08-17T16:02:17.272851,prediction,0.145678,0.584000,0.149683,0.145903,0.583267,0.149672,True,0.146456,0.586187,0.149183,0.000777,0.002187,0.000499,25.27,10,-0.222306,1.185028,0.527869,-0.222287,1.185010,0.527868,0.001744,0.000000,0.144858,0.000000,0.056721,0.000000,-0.015680,-0.744520,0.364868,-0.052768,-0.043360,-0.002464,OFF
1786957337300319315,2026-08-17T16:02:17.300336,prediction,0.145338,0.579000,0.149814,0.145857,0.583320,0.149690,True,0.146405,0.586259,0.149202,0.001067,0.007259,0.000612,18.23,10,-0.222305,1.184848,0.527873,-0.222381,1.184167,0.527892,0.001744,0.000000,0.144858,0.000000,0.056721,0.000000,-0.015680,-0.744520,0.364868,-0.052768,-0.043360,-0.002464,OFF
1786957337340539524,2026-08-17T16:02:17.340561,prediction,0.145338,0.579000,0.149814,0.145638,0.583064,0.149699,True,0.146169,0.585975,0.149214,0.000831,0.006975,0.000600,26.91,10,-0.222301,1.184726,0.527878,-0.222381,1.184167,0.527892,0.001744,0.000000,0.144858,0.000000,0.056721,0.000000,-0.015680,-0.744520,0.364868,-0.052768,-0.043360,-0.002464,OFF
1786957337376927488,2026-08-17T16:02:17.376946,prediction,0.145678,0.584000,0.149683,0.145638,0.582746,0.149699,True,0.146173,0.585619,0.149215,0.000494,0.001619,0.000468,28.03,10,-0.222270,1.184618,0.527883,-0.222184,1.185537,0.527858,0.001744,0.000000,0.144858,0.000000,0.056721,0.000000,-0.015680,-0.744520,0.364868,-0.052768,-0.043360,-0.002464,OFF
1786957337407163060,2026-08-17T16:02:17.407180,prediction,0.145338,0.579000,0.149814,0.145638,0.582416,0.149699,True,0.146176,0.585252,0.149215,0.000839,0.006252,0.000599,26.31,10,-0.222241,1.184502,0.527888,-0.222184,1.185537,0.527858,0.000000,0.000000,0.154457,0.000000,0.061949,0.000000,-0.017920,-0.789880,0.382713,-0.055488,-0.044096,-0.002784,OFF
1786957337430766296,2026-08-17T16:02:17.430784,prediction,0.146019,0.589000,0.149552,0.145683,0.582616,0.149681,True,0.146221,0.585490,0.149197,0.000202,0.003510,0.000355,19.90,10,-0.222215,1.184365,0.527892,-0.222185,1.184701,0.527885,0.000000,0.000000,0.154457,0.000000,0.061949,0.000000,-0.017920,-0.789880,0.382713,-0.055488,-0.044096,-0.002784,OFF
1786957337468304278,2026-08-17T16:02:17.468321,prediction,0.146019,0.589000,0.149552,0.145683,0.583190,0.149681,True,0.146213,0.586152,0.149196,0.000193,0.002848,0.000356,23.06,10,-0.222199,1.184227,0.527893,-0.222185,1.184701,0.527885,0.000000,0.000000,0.154457,0.000000,0.061949,0.000000,-0.017920,-0.789880,0.382713,-0.055488,-0.044096,-0.002784,OFF
1786957337500680116,2026-08-17T16:02:17.500698,prediction,0.148637,0.584000,0.152647,0.145880,0.583571,0.149879,True,0.146429,0.586591,0.149403,0.002208,0.002591,0.003243,19.01,10,-0.222179,1.184122,0.527895,-0.222168,1.183090,0.527912,0.000000,0.000000,0.154457,0.000000,0.061949,0.000000,-0.017920,-0.789880,0.382713,-0.055488,-0.044096,-0.002784,OFF
1786957337539548417,2026-08-17T16:02:17.539569,prediction,0.148637,0.584000,0.152647,0.146100,0.583648,0.150068,True,0.146678,0.586672,0.149608,0.001959,0.002672,0.003038,26.93,10,-0.222172,1.184087,0.527911,-0.222168,1.183090,0.527912,0.000000,0.000000,0.154457,0.000000,0.061949,0.000000,-0.017920,-0.789880,0.382713,-0.055488,-0.044096,-0.002784,OFF
1786957337567547803,2026-08-17T16:02:17.567573,prediction,0.148304,0.579000,0.152786,0.146275,0.583663,0.150274,True,0.146878,0.586674,0.149834,0.001426,0.007674,0.002952,20.93,10,-0.222187,1.184088,0.527939,-0.222187,1.184088,0.527939,0.000000,0.000000,0.198964,0.000000,0.078096,0.000000,-0.017640,-0.736820,0.386697,-0.055712,-0.048480,-0.002784,OFF
1786957337607606858,2026-08-17T16:02:17.607627,prediction,0.148304,0.579000,0.152786,0.146473,0.583666,0.150473,True,0.147101,0.586661,0.150049,0.001202,0.007661,0.002737,26.12,10,-0.222215,1.184082,0.527982,-0.222187,1.184088,0.527939,0.001744,0.000000,0.182383,0.000000,0.081158,0.000000,-0.013580,-0.595420,0.366777,-0.050880,-0.047712,-0.002784,OFF
1786957337643324508,2026-08-17T16:02:17.643341,prediction,0.147971,0.574000,0.152925,0.146648,0.583666,0.150680,True,0.147296,0.586648,0.150271,0.000675,0.012648,0.002654,28.13,10,-0.222260,1.184074,0.528039,-0.222215,1.184082,0.527982,0.001744,0.000000,0.152710,0.000000,0.072857,0.000000,-0.014560,-0.552720,0.349762,-0.048640,-0.043136,-0.003072,OFF
1786957337671882447,2026-08-17T16:02:17.671911,prediction,0.148637,0.584000,0.152647,0.146823,0.583667,0.150886,True,0.147484,0.586640,0.150489,0.001152,0.002640,0.002158,24.28,10,-0.222319,1.184073,0.528110,-0.222215,1.184082,0.527982,0.001744,0.000000,0.137438,0.000000,0.070249,0.000000,-0.011060,-0.534380,0.336482,-0.047712,-0.044032,-0.002784,OFF
1786957337704396786,2026-08-17T16:02:17.704426,prediction,0.148637,0.584000,0.152647,0.146997,0.583400,0.151093,True,0.147671,0.586336,0.150703,0.000965,0.002336,0.001944,23.45,10,-0.222390,1.184093,0.528196,-0.222915,1.184126,0.528835,0.000000,0.000000,0.107772,0.000000,0.067188,0.000000,-0.013300,-0.516460,0.335154,-0.046208,-0.047488,-0.003072,OFF
1786957337738845483,2026-08-17T16:02:17.738869,prediction,0.148969,0.589000,0.152507,0.147167,0.583080,0.151300,True,0.147849,0.585977,0.150915,0.001120,0.003023,0.001592,24.98,10,-0.222474,1.184135,0.528296,-0.222915,1.184126,0.528835,0.000000,0.001744,0.075920,0.000000,0.067629,0.000000,-0.012040,-0.512400,0.302950,-0.044704,-0.043264,-0.003072,OFF
1786957337771353710,2026-08-17T16:02:17.771385,prediction,0.148637,0.584000,0.152647,0.147364,0.582749,0.151498,True,0.148053,0.585616,0.151113,0.000583,0.001616,0.001533,21.63,10,-0.222567,1.184168,0.528411,-0.222208,1.184233,0.527974,0.000000,0.000000,0.059340,0.000000,0.067629,0.000000,-0.011340,-0.513940,0.304029,-0.044256,-0.044704,-0.003072,OFF
1786957337804823601,2026-08-17T16:02:17.804840,prediction,0.148969,0.589000,0.152507,0.147606,0.582950,0.151677,True,0.148297,0.585865,0.151289,0.000672,0.003135,0.001218,24.88,10,-0.222673,1.184180,0.528540,-0.222208,1.184233,0.527974,0.000000,0.000000,0.024432,0.000000,0.064568,0.000000,-0.012600,-0.576240,0.297638,-0.044480,-0.046880,-0.003072,OFF
1786957337831577529,2026-08-17T16:02:17.831595,prediction,0.148304,0.579000,0.152786,0.147804,0.583257,0.151875,True,0.148492,0.586240,0.151483,0.000188,0.007241,0.001303,19.67,10,-0.222800,1.184165,0.528679,-0.222932,1.184158,0.528831,0.000000,0.000000,0.024432,0.000000,0.064568,0.000000,-0.012600,-0.576240,0.297638,-0.044480,-0.046880,-0.003072,OFF
1786957337876698810,2026-08-17T16:02:17.876714,prediction,0.148969,0.589000,0.152507,0.148023,0.583851,0.152064,True,0.148710,0.586936,0.151667,0.000259,0.002064,0.000840,28.95,10,-0.222955,1.184145,0.528830,-0.222955,1.184145,0.528830,0.000000,0.000000,0.024432,0.000000,0.064568,0.000000,-0.012600,-0.576240,0.297638,-0.044480,-0.046880,-0.003072,OFF
1786957337897085912,2026-08-17T16:02:17.897106,prediction,0.148637,0.584000,0.152647,0.148243,0.584237,0.152253,True,0.148934,0.587386,0.151851,0.000297,0.003386,0.000796,16.77,10,-0.223124,1.184155,0.528994,-0.222955,1.184145,0.528830,0.000000,0.000000,0.024432,0.000000,0.064568,0.000000,-0.012600,-0.576240,0.297638,-0.044480,-0.046880,-0.003072,OFF
1786957337939285203,2026-08-17T16:02:17.939306,prediction,0.148637,0.584000,0.152647,0.148418,0.584314,0.152459,True,0.149114,0.587474,0.152054,0.000477,0.003474,0.000593,23.09,10,-0.223307,1.184228,0.529170,-0.222955,1.184145,0.528830,0.000000,0.000000,0.024432,0.000000,0.064568,0.000000,-0.012600,-0.576240,0.297638,-0.044480,-0.046880,-0.003072,OFF
1786957337969803719,2026-08-17T16:02:17.969827,prediction,0.148304,0.579000,0.152786,0.148570,0.584063,0.152675,True,0.149274,0.587181,0.152268,0.000970,0.008181,0.000518,21.23,10,-0.223500,1.184343,0.529360,-0.224258,1.184618,0.530095,0.000000,0.000000,0.000000,0.000000,0.078096,0.000000,-0.013860,-0.738920,0.199117,-0.049440,-0.049824,-0.002912,OFF
1786957337999253981,2026-08-17T16:02:17.999273,prediction,0.148637,0.584000,0.152647,0.148570,0.583746,0.152675,True,0.149262,0.586815,0.152257,0.000626,0.002815,0.000389,22.88,10,-0.223704,1.184467,0.529565,-0.224258,1.184618,0.530095,0.000000,0.000000,0.000000,0.000000,0.078096,0.000000,-0.011060,-0.764960,0.148238,-0.049920,-0.047360,-0.002912,OFF
1786957338032933738,2026-08-17T16:02:18.032956,prediction,0.148304,0.579000,0.152786,0.148548,0.583416,0.152684,True,0.149224,0.586440,0.152249,0.000920,0.007440,0.000537,17.69,10,-0.223893,1.184547,0.529755,-0.223893,1.184547,0.529755,0.000000,0.000000,0.000000,0.000000,0.078096,0.000000,-0.011060,-0.764960,0.148238,-0.049920,-0.047360,-0.002912,OFF
1786957338070539337,2026-08-17T16:02:18.070553,prediction,0.148637,0.584000,0.152647,0.148570,0.583350,0.152675,True,0.149230,0.586372,0.152219,0.000593,0.002372,0.000428,24.76,10,-0.224063,1.184575,0.529931,-0.223893,1.184547,0.529755,0.000000,0.000000,0.000000,0.000000,0.078096,0.000000,-0.011060,-0.764960,0.148238,-0.049920,-0.047360,-0.002912,OFF
1786957338101817045,2026-08-17T16:02:18.101855,prediction,0.148304,0.579000,0.152786,0.148570,0.583337,0.152675,True,0.149212,0.586372,0.152200,0.000908,0.007372,0.000586,20.09,10,-0.224220,1.184568,0.530090,-0.224893,1.184612,0.530781,0.000000,0.000000,0.000000,0.000000,0.078096,0.000000,-0.011060,-0.764960,0.148238,-0.049920,-0.047360,-0.002912,OFF
1786957338139994693,2026-08-17T16:02:18.140018,prediction,0.148637,0.584000,0.152647,0.148614,0.583601,0.152656,True,0.149241,0.586688,0.152163,0.000604,0.002688,0.000483,27.75,10,-0.224361,1.184551,0.530234,-0.224893,1.184612,0.530781,0.000000,0.000000,0.000000,0.000000,0.078096,0.000000,-0.011060,-0.764960,0.148238,-0.049920,-0.047360,-0.002912,OFF
1786957338164861562,2026-08-17T16:02:18.164882,prediction,0.148304,0.579000,0.152786,0.148592,0.583653,0.152665,True,0.149204,0.586764,0.152160,0.000900,0.007764,0.000626,17.41,10,-0.224490,1.184532,0.530360,-0.224343,1.184467,0.530201,0.000000,0.000000,0.001740,0.000000,0.080716,0.000000,-0.011060,-0.775600,0.137282,-0.050048,-0.047360,-0.002912,OFF
1786957338203718271,2026-08-17T16:02:18.203737,prediction,0.147971,0.574000,0.152925,0.148548,0.583397,0.152684,True,0.149152,0.586487,0.152172,0.001180,0.012487,0.000753,26.67,10,-0.224605,1.184530,0.530471,-0.224343,1.184467,0.530201,0.000000,0.000000,0.000000,0.000000,0.078096,0.000000,-0.013300,-0.819840,0.144835,-0.052320,-0.048992,-0.002912,OFF
1786957338239600230,2026-08-17T16:02:18.239619,prediction,0.148304,0.579000,0.152786,0.148503,0.583079,0.152702,True,0.149103,0.586134,0.152189,0.000799,0.007135,0.000598,21.24,10,-0.224704,1.184533,0.530569,-0.225309,1.184641,0.531186,0.000000,0.000000,0.000000,0.000000,0.078096,0.000000,-0.013300,-0.819840,0.144835,-0.052320,-0.048992,-0.002912,OFF
1786957338276184243,2026-08-17T16:02:18.276199,prediction,0.148637,0.584000,0.149683,0.148503,0.582749,0.152505,True,0.149100,0.585772,0.151979,0.000463,0.001772,0.002296,27.22,10,-0.224787,1.184541,0.530654,-0.224732,1.184527,0.530598,0.000000,0.000000,0.000000,0.000000,0.078096,0.000000,-0.013300,-0.819840,0.144835,-0.052320,-0.048992,-0.002912,OFF
1786957338298732981,2026-08-17T16:02:18.298753,prediction,0.151270,0.579000,0.149814,0.148657,0.582150,0.152325,True,0.149269,0.585113,0.151781,0.002002,0.006113,0.001967,18.81,10,-0.224857,1.184551,0.530712,-0.224732,1.184527,0.530598,0.000000,0.000000,0.000000,0.000000,0.078096,0.000000,-0.013300,-0.819840,0.144835,-0.052320,-0.048992,-0.002912,OFF
1786957338336502309,2026-08-17T16:02:18.336519,prediction,0.151270,0.579000,0.146842,0.148855,0.581763,0.151929,True,0.149477,0.584702,0.151352,0.001793,0.005702,0.004510,22.50,10,-0.224922,1.184548,0.530745,-0.224732,1.184527,0.530598,0.000000,0.000000,0.001740,0.000000,0.080716,0.000000,-0.013020,-0.822360,0.147574,-0.052608,-0.048096,-0.002624,OFF
1786957338371287421,2026-08-17T16:02:18.371306,prediction,0.150557,0.568000,0.147112,0.148961,0.581153,0.151569,True,0.149588,0.584048,0.150957,0.000969,0.016048,0.003844,23.32,10,-0.224987,1.184508,0.530736,-0.225730,1.184451,0.531137,0.000000,0.000000,0.000000,0.000000,0.078096,0.000000,-0.012320,-0.818020,0.158364,-0.054432,-0.049312,-0.002912,OFF
1786957338397623069,2026-08-17T16:02:18.397645,prediction,0.151919,0.589000,0.143641,0.149179,0.580764,0.150969,True,0.149816,0.583653,0.150308,0.002103,0.005347,0.006667,20.85,10,-0.225046,1.184417,0.530688,-0.225730,1.184451,0.531137,0.000000,0.000000,0.000000,0.000000,0.081158,0.000000,-0.012320,-0.817040,0.158945,-0.054560,-0.051488,-0.002912,OFF
1786957338434062520,2026-08-17T16:02:18.434082,prediction,0.151595,0.584000,0.143755,0.149377,0.580686,0.150376,True,0.150018,0.583614,0.149663,0.001577,0.000386,0.005908,20.29,10,-0.225105,1.184245,0.530586,-0.224958,1.184089,0.530365,0.000000,0.000000,0.000000,0.000000,0.081158,0.000000,-0.012320,-0.817040,0.158945,-0.054560,-0.051488,-0.002912,OFF
1786957338470399227,2026-08-17T16:02:18.470423,prediction,0.151595,0.584000,0.143755,0.149596,0.580670,0.149774,True,0.150247,0.583649,0.149015,0.001348,0.000351,0.005259,26.31,10,-0.225165,1.184012,0.530426,-0.224958,1.184089,0.530365,0.000000,0.000000,0.000000,0.000000,0.081158,0.000000,-0.012320,-0.817040,0.158945,-0.054560,-0.051488,-0.002912,OFF
1786957338501288201,2026-08-17T16:02:18.501347,prediction,0.151595,0.584000,0.140791,0.149793,0.580667,0.148984,True,0.150448,0.583695,0.148175,0.001146,0.000304,0.007384,19.63,10,-0.225230,1.183766,0.530209,-0.225808,1.183079,0.529879,0.000000,0.000000,0.000000,0.000000,0.081158,0.000000,-0.012320,-0.817040,0.158945,-0.054560,-0.051488,-0.002912,OFF
1786957338537633524,2026-08-17T16:02:18.537650,prediction,0.151270,0.579000,0.140898,0.149991,0.580933,0.148191,True,0.150647,0.584037,0.147336,0.000623,0.005038,0.006438,24.16,10,-0.225309,1.183528,0.529937,-0.225808,1.183079,0.529879,0.000000,0.000000,0.000000,0.000000,0.081158,0.000000,-0.012320,-0.817040,0.158945,-0.054560,-0.051488,-0.002912,OFF
1786957338572598575,2026-08-17T16:02:18.572612,prediction,0.151919,0.589000,0.140685,0.150210,0.580987,0.147394,True,0.150873,0.584131,0.146501,0.001046,0.004869,0.005816,20.94,10,-0.225404,1.183314,0.529610,-0.224968,1.183486,0.529151,0.000000,0.000000,0.000000,0.000000,0.081158,0.000000,-0.012320,-0.817040,0.158945,-0.054560,-0.051488,-0.002912,OFF
1786957338607558766,2026-08-17T16:02:18.607595,prediction,0.150946,0.574000,0.141004,0.150386,0.580997,0.146608,True,0.151053,0.584165,0.145687,0.000107,0.010165,0.004683,25.85,10,-0.225513,1.183143,0.529228,-0.224968,1.183486,0.529151,0.000000,0.000000,0.000000,0.000000,0.081158,0.000000,-0.012320,-0.817040,0.158945,-0.054560,-0.051488,-0.002912,OFF
1786957338637527906,2026-08-17T16:02:18.637551,prediction,0.152633,0.600000,0.143388,0.150652,0.581266,0.145991,True,0.151332,0.584479,0.145061,0.001301,0.015521,0.001673,22.03,10,-0.225636,1.182990,0.528794,-0.225969,1.182834,0.529175,0.000000,0.000000,0.000000,0.000000,0.081158,0.000000,-0.012320,-0.817040,0.158945,-0.054560,-0.051488,-0.002912,OFF
1786957338671000602,2026-08-17T16:02:18.671019,prediction,0.151270,0.579000,0.143870,0.150850,0.581320,0.145397,True,0.151540,0.584546,0.144473,0.000270,0.005546,0.000604,24.10,10,-0.225775,1.182841,0.528321,-0.225969,1.182834,0.529175,0.001744,0.000000,0.000000,0.000000,0.081158,0.000000,-0.011760,-0.803180,0.175794,-0.057728,-0.047648,-0.002624,OFF
1786957338703867426,2026-08-17T16:02:18.703888,prediction,0.151595,0.584000,0.143755,0.151092,0.581597,0.144785,True,0.151791,0.584859,0.143876,0.000197,0.000859,0.000121,21.60,10,-0.225931,1.182694,0.527808,-0.226103,1.182509,0.527207,0.000000,0.000000,0.000000,0.000000,0.080716,0.000000,-0.014840,-0.800380,0.178367,-0.058176,-0.045312,-0.002912,OFF
1786957338733219864,2026-08-17T16:02:18.733252,prediction,0.151270,0.579000,0.143870,0.151289,0.581653,0.144191,True,0.151998,0.584919,0.143298,0.000727,0.005919,0.000572,21.04,10,-0.226107,1.182550,0.527255,-0.226103,1.182509,0.527207,0.000000,0.000000,0.000000,0.000000,0.078096,0.000000,-0.014840,-0.800380,0.180359,-0.058496,-0.050656,-0.002912,OFF
1786957338770833809,2026-08-17T16:02:18.770851,prediction,0.151270,0.579000,0.143870,0.151465,0.581664,0.143803,True,0.152183,0.584923,0.142940,0.000913,0.005923,0.000929,21.95,10,-0.226300,1.182434,0.526663,-0.226649,1.182303,0.525699,0.001744,0.000000,0.000000,0.000000,0.072857,0.000000,-0.017640,-0.798560,0.183181,-0.059392,-0.045824,-0.002912,OFF
1786957338803504864,2026-08-17T16:02:18.803524,prediction,0.151595,0.584000,0.143755,0.151487,0.581666,0.143399,True,0.152198,0.584917,0.142574,0.000603,0.000917,0.001182,22.68,10,-0.226506,1.182346,0.526060,-0.226649,1.182303,0.525699,0.001744,0.000000,0.000000,0.000000,0.070249,0.000000,-0.015680,-0.795340,0.188327,-0.059552,-0.045696,-0.002912,OFF
1786957338839419915,2026-08-17T16:02:18.839439,prediction,0.150946,0.574000,0.143984,0.151465,0.581666,0.143209,True,0.152167,0.584909,0.142430,0.001221,0.010909,0.001555,26.47,10,-0.226701,1.182283,0.525446,-0.226863,1.182223,0.524655,0.001744,0.000000,0.000000,0.000000,0.067629,0.000000,-0.016380,-0.794780,0.187995,-0.059840,-0.050208,-0.002912,OFF
1786957338870788634,2026-08-17T16:02:18.870806,prediction,0.151919,0.589000,0.146596,0.151556,0.581933,0.143175,True,0.152258,0.585204,0.142453,0.000339,0.003796,0.004143,23.75,10,-0.226880,1.182260,0.524851,-0.226863,1.182223,0.524655,0.001744,0.000000,0.000000,0.000000,0.067188,0.000000,-0.013020,-0.791980,0.190236,-0.060160,-0.045152,-0.002912,OFF
1786957338905957159,2026-08-17T16:02:18.905979,prediction,0.151595,0.584000,0.146719,0.151534,0.582253,0.143380,True,0.152229,0.585559,0.142732,0.000634,0.001559,0.003987,24.39,10,-0.227058,1.182267,0.524284,-0.227495,1.182365,0.523454,0.001744,0.000000,0.000000,0.000000,0.067188,0.000000,-0.014840,-0.790720,0.191564,-0.060448,-0.046656,-0.002912,OFF
1786957338935527146,2026-08-17T16:02:18.935539,prediction,0.150946,0.574000,0.146965,0.151491,0.582317,0.143594,True,0.152178,0.585624,0.143023,0.001232,0.011624,0.003942,23.71,10,-0.227219,1.182330,0.523779,-0.227495,1.182365,0.523454,0.001744,0.000000,0.000000,0.000000,0.067188,0.000000,-0.013580,-0.788200,0.193805,-0.060736,-0.044544,-0.002912,OFF
1786957338966856431,2026-08-17T16:02:18.966880,prediction,0.150232,0.563000,0.147235,0.151400,0.581797,0.143826,True,0.152080,0.585025,0.143326,0.001848,0.022025,0.003909,18.38,10,-0.227363,1.182444,0.523337,-0.226858,1.182746,0.522890,0.001744,0.000000,0.000000,0.000000,0.064568,0.000000,-0.013580,-0.785120,0.195382,-0.061184,-0.051200,-0.002624,OFF
1786957339000947564,2026-08-17T16:02:19.000978,prediction,0.151270,0.579000,0.146842,0.151378,0.581159,0.144229,True,0.152061,0.584295,0.143799,0.000791,0.005295,0.003043,20.79,10,-0.227485,1.182569,0.522957,-0.226858,1.182746,0.522890,0.001744,0.000000,0.000000,0.000000,0.064568,0.000000,-0.013580,-0.785120,0.195382,-0.061184,-0.051200,-0.002624,OFF
1786957339031433167,2026-08-17T16:02:19.031457,prediction,0.151595,0.584000,0.143755,0.151400,0.580765,0.144420,True,0.152080,0.583853,0.144039,0.000486,0.000147,0.000284,18.29,10,-0.227593,1.182668,0.522666,-0.228375,1.182615,0.522352,0.001744,0.000000,0.000000,0.000000,0.064568,0.000000,-0.013580,-0.785120,0.195382,-0.061184,-0.051200,-0.002624,OFF
1786957339073850239,2026-08-17T16:02:19.073870,prediction,0.151595,0.584000,0.143755,0.151378,0.580686,0.144624,True,0.152048,0.583781,0.144273,0.000453,0.000219,0.000517,26.79,10,-0.227688,1.182719,0.522446,-0.228375,1.182615,0.522352,0.001744,0.000000,0.000000,0.000000,0.064568,0.000000,-0.013580,-0.785120,0.195382,-0.061184,-0.051200,-0.002624,OFF
1786957339101553347,2026-08-17T16:02:19.101573,prediction,0.150946,0.574000,0.143984,0.151378,0.580937,0.144823,True,0.152037,0.584091,0.144486,0.001091,0.010091,0.000501,20.30,10,-0.227767,1.182720,0.522297,-0.227688,1.182719,0.522446,0.001744,0.000000,0.000000,0.000000,0.070249,0.000000,-0.012320,-0.783860,0.196378,-0.061664,-0.049664,-0.002624,OFF
1786957339139372789,2026-08-17T16:02:19.139400,prediction,0.151919,0.589000,0.143641,0.151331,0.580721,0.144840,True,0.151979,0.583877,0.144496,0.000060,0.005123,0.000855,24.28,10,-0.227832,1.182705,0.522217,-0.227688,1.182719,0.522446,0.001744,0.000000,0.000000,0.000000,0.080716,0.000000,-0.013580,-0.775180,0.204097,-0.062720,-0.048032,-0.002624,OFF
1786957339175888744,2026-08-17T16:02:19.175912,prediction,0.150946,0.574000,0.143984,0.151309,0.580411,0.144847,True,0.151952,0.583549,0.144482,0.001006,0.009549,0.000498,27.45,10,-0.227876,1.182687,0.522180,-0.228374,1.182600,0.521470,0.001744,0.000000,0.000000,0.000000,0.080716,0.000000,-0.013580,-0.772520,0.207002,-0.063168,-0.047104,-0.002624,OFF
1786957339209439789,2026-08-17T16:02:19.209453,prediction,0.151270,0.579000,0.143870,0.151288,0.580082,0.144855,True,0.151929,0.583197,0.144465,0.000659,0.004198,0.000595,28.03,10,-0.227903,1.182651,0.522180,-0.227811,1.182648,0.522336,0.001744,0.000000,0.000000,0.000000,0.078096,0.000000,-0.013580,-0.769020,0.207251,-0.063616,-0.051328,-0.002624,OFF
1786957339238637654,2026-08-17T16:02:19.238651,prediction,0.151595,0.584000,0.143755,0.151309,0.580016,0.144847,True,0.151951,0.583145,0.144433,0.000356,0.000855,0.000677,23.45,10,-0.227912,1.182591,0.522219,-0.227811,1.182648,0.522336,0.000000,0.000000,0.000000,0.000000,0.080716,0.000000,-0.014840,-0.766500,0.208579,-0.063616,-0.047040,-0.002912,OFF
1786957339270197744,2026-08-17T16:02:19.270213,prediction,0.152308,0.595000,0.143503,0.151378,0.580270,0.144823,True,0.152020,0.583456,0.144386,0.000288,0.011544,0.000883,22.53,10,-0.227909,1.182490,0.522295,-0.227811,1.182648,0.522336,0.001744,0.000000,0.000000,0.000000,0.078096,0.000000,-0.014840,-0.766920,0.209243,-0.063744,-0.049088,-0.002624,OFF
1786957339301819110,2026-08-17T16:02:19.301842,prediction,0.150946,0.574000,0.143984,0.151335,0.580587,0.144838,True,0.151969,0.583834,0.144386,0.001023,0.009834,0.000401,20.10,10,-0.227898,1.182378,0.522391,-0.228151,1.181596,0.522552,0.000000,0.000000,0.000000,0.000000,0.078096,0.000000,-0.014140,-0.764680,0.211152,-0.064224,-0.049600,-0.002624,OFF
1786957339333276466,2026-08-17T16:02:19.333295,prediction,0.151595,0.584000,0.143755,0.151378,0.580917,0.144823,True,0.152013,0.584217,0.144360,0.000419,0.000217,0.000604,21.27,10,-0.227883,1.182278,0.522512,-0.228151,1.181596,0.522552,0.001744,0.000000,0.000000,0.000000,0.078096,0.000000,-0.016940,-0.764400,0.211816,-0.064352,-0.052768,-0.002912,OFF
1786957339377924775,2026-08-17T16:02:19.377936,prediction,0.151270,0.579000,0.143870,0.151314,0.580410,0.144451,True,0.151968,0.583991,0.144161,0.000698,0.004991,0.000291,29.44,10,-0.227873,1.182200,0.522641,-0.227650,1.182617,0.522780,0.000000,0.000000,0.000000,0.000000,0.083766,0.000000,-0.015400,-0.761600,0.212397,-0.064672,-0.045472,-0.002912,OFF
1786957339401442892,2026-08-17T16:02:19.401469,prediction,0.151270,0.579000,0.143870,0.151314,0.580410,0.144451,True,0.151948,0.583636,0.143950,0.000678,0.004636,0.000080,22.39,10,-0.227853,1.182135,0.522755,-0.227650,1.182617,0.522780,0.000000,0.000000,0.000000,0.000000,0.083766,0.000000,-0.015400,-0.761600,0.212397,-0.064672,-0.045472,-0.002912,OFF
1786957339432633354,2026-08-17T16:02:19.432657,prediction,0.151595,0.584000,0.143755,0.151357,0.580082,0.144237,True,0.151998,0.583261,0.143715,0.000404,0.000739,0.000040,18.63,10,-0.227835,1.182057,0.522836,-0.227965,1.181570,0.522947,0.000000,0.000000,0.000000,0.000000,0.083766,0.000000,-0.015400,-0.761600,0.212397,-0.064672,-0.045472,-0.002912,OFF
1786957339477201843,2026-08-17T16:02:19.477218,prediction,0.151595,0.584000,0.143755,0.151448,0.580550,0.144005,True,0.152089,0.583790,0.143461,0.000494,0.000210,0.000295,31.72,10,-0.227823,1.181939,0.522882,-0.227560,1.182602,0.522763,0.001744,0.000000,0.000000,0.000000,0.081158,0.000000,-0.014140,-0.761040,0.213061,-0.064672,-0.047488,-0.002624,OFF
1786957339508360356,2026-08-17T16:02:19.508381,prediction,0.150946,0.574000,0.143984,0.151426,0.581177,0.143815,True,0.152056,0.584502,0.143253,0.001111,0.010503,0.000731,24.14,10,-0.227823,1.181813,0.522891,-0.227560,1.182602,0.522763,0.001744,0.000000,0.000000,0.000000,0.080716,0.000000,-0.013020,-0.752640,0.217543,-0.065728,-0.048384,-0.002624,OFF
1786957339540715455,2026-08-17T16:02:19.540734,prediction,0.151270,0.579000,0.143870,0.151404,0.581302,0.143822,True,0.152037,0.584640,0.143261,0.000766,0.005640,0.000608,26.56,10,-0.227823,1.181722,0.522855,-0.227560,1.182602,0.522763,0.001744,0.000000,0.000000,0.000000,0.078096,0.000000,-0.014140,-0.748860,0.218871,-0.066016,-0.055392,-0.002624,OFF
1786957339571813434,2026-08-17T16:02:19.571839,prediction,0.151270,0.579000,0.143870,0.151383,0.581060,0.143830,True,0.152023,0.584351,0.143282,0.000752,0.005351,0.000588,23.21,10,-0.227820,1.181715,0.522803,-0.227847,1.181545,0.522850,0.001744,0.000000,0.000000,0.000000,0.078096,0.000000,-0.014140,-0.748860,0.218871,-0.066016,-0.055392,-0.002624,OFF
1786957339605137841,2026-08-17T16:02:19.605158,prediction,0.151270,0.579000,0.143870,0.151404,0.580745,0.143822,True,0.152055,0.583976,0.143290,0.000785,0.004976,0.000580,25.84,10,-0.227818,1.181748,0.522737,-0.227847,1.181545,0.522850,0.001744,0.000000,0.000000,0.000000,0.078096,0.000000,-0.014140,-0.748860,0.218871,-0.066016,-0.055392,-0.002624,OFF
1786957339636552266,2026-08-17T16:02:19.636597,prediction,0.150946,0.574000,0.143984,0.151340,0.580416,0.143845,True,0.151991,0.583590,0.143333,0.001045,0.009590,0.000651,18.53,10,-0.227820,1.181781,0.522657,-0.227742,1.182440,0.522116,0.001744,0.000000,0.000000,0.000000,0.078096,0.000000,-0.014140,-0.748860,0.218871,-0.066016,-0.055392,-0.002624,OFF
1786957339673197024,2026-08-17T16:02:19.673213,prediction,0.151595,0.584000,0.143755,0.151383,0.580616,0.143830,True,0.152034,0.583816,0.143335,0.000440,0.000184,0.000420,26.70,10,-0.227820,1.181793,0.522579,-0.227742,1.182440,0.522116,0.000000,0.000000,0.000000,0.000000,0.080716,0.000000,-0.017640,-0.747320,0.220116,-0.066176,-0.051488,-0.003136,OFF
1786957339706147626,2026-08-17T16:02:19.706169,prediction,0.150946,0.574000,0.143984,0.151361,0.580390,0.143838,True,0.152010,0.583568,0.143357,0.001065,0.009568,0.000627,22.54,10,-0.227826,1.181792,0.522503,-0.227847,1.181579,0.522707,0.001744,0.000000,0.000000,0.000000,0.080716,0.000000,-0.014140,-0.741440,0.223021,-0.066912,-0.051872,-0.002624,OFF
1786957339738137546,2026-08-17T16:02:19.738158,prediction,0.150557,0.568000,0.144122,0.151292,0.580078,0.143862,True,0.151935,0.583223,0.143394,0.001378,0.015223,0.000728,26.63,10,-0.227831,1.181794,0.522429,-0.227847,1.181579,0.522707,0.001744,0.000000,0.000000,0.000000,0.081158,0.000000,-0.018900,-0.737800,0.223021,-0.067232,-0.050432,-0.003008,OFF
1786957339779190005,2026-08-17T16:02:19.779214,prediction,0.150946,0.574000,0.143984,0.151201,0.579482,0.143894,True,0.151840,0.582558,0.143436,0.000894,0.008559,0.000549,30.76,10,-0.227830,1.181814,0.522360,-0.227802,1.182243,0.521684,0.001744,0.000000,0.000000,0.000000,0.078096,0.000000,-0.018200,-0.737380,0.223685,-0.067360,-0.055168,-0.002784,OFF
1786957339807139247,2026-08-17T16:02:19.807170,prediction,0.150946,0.574000,0.143984,0.151201,0.578830,0.143894,True,0.151843,0.581839,0.143440,0.000897,0.007839,0.000544,24.60,10,-0.227818,1.181820,0.522297,-0.227802,1.182243,0.521684,0.000000,0.000000,0.000000,0.000000,0.080716,0.000000,-0.017640,-0.735840,0.223934,-0.067520,-0.050880,-0.002688,OFF
1786957339832315890,2026-08-17T16:02:19.832361,prediction,0.150946,0.574000,0.143984,0.151158,0.578166,0.143910,True,0.151798,0.581118,0.143459,0.000852,0.007118,0.000526,19.72,10,-0.227810,1.181773,0.522234,-0.227819,1.181652,0.522522,0.000000,0.000000,0.000000,0.000000,0.080716,0.000000,-0.013020,-0.734580,0.225262,-0.067520,-0.052224,-0.002784,OFF
1786957339868028119,2026-08-17T16:02:19.868045,prediction,0.151270,0.579000,0.143870,0.151158,0.577766,0.143910,True,0.151794,0.580709,0.143461,0.000524,0.001709,0.000409,22.84,10,-0.227795,1.181657,0.522174,-0.227819,1.181652,0.522522,0.000000,0.000000,0.000000,0.000000,0.078096,0.000000,-0.017640,-0.732760,0.225926,-0.067840,-0.054560,-0.002784,OFF
1786957339900200103,2026-08-17T16:02:19.900216,prediction,0.151270,0.579000,0.143870,0.151158,0.577687,0.143910,True,0.151787,0.580669,0.143461,0.000517,0.001669,0.000408,20.06,10,-0.227784,1.181481,0.522127,-0.227706,1.181103,0.521258,0.000000,0.000000,0.000000,0.000000,0.083335,0.000000,-0.017640,-0.728700,0.223685,-0.067968,-0.051328,-0.003008,OFF
1786957339938900347,2026-08-17T16:02:19.938919,prediction,0.150946,0.574000,0.143984,0.151115,0.577671,0.143925,True,0.151734,0.580702,0.143478,0.000788,0.006702,0.000506,24.63,10,-0.227773,1.181270,0.522094,-0.227706,1.181103,0.521258,0.000000,0.000000,0.000000,0.000000,0.080716,0.000000,-0.018900,-0.729400,0.225594,-0.068416,-0.051488,-0.003008,OFF
1786957339968362050,2026-08-17T16:02:19.968384,prediction,0.151270,0.579000,0.143870,0.151093,0.577401,0.143933,True,0.151709,0.580442,0.143487,0.000439,0.001442,0.000383,20.76,10,-0.227755,1.181072,0.522079,-0.227750,1.180882,0.522176,0.000000,0.000000,0.000000,0.000000,0.078096,0.000000,-0.014840,-0.726320,0.225926,-0.068288,-0.052160,-0.002784,OFF
1786957340006818654,2026-08-17T16:02:20.006838,prediction,0.150946,0.574000,0.143984,0.151093,0.576813,0.143933,True,0.151714,0.579817,0.143488,0.000768,0.005817,0.000497,27.16,10,-0.227730,1.180874,0.522080,-0.227750,1.180882,0.522176,0.001744,0.000000,0.000000,0.000000,0.078096,0.000000,-0.014140,-0.726320,0.226258,-0.068576,-0.052832,-0.002784,OFF
1786957340045109125,2026-08-17T16:02:20.045132,prediction,0.151270,0.579000,0.143870,0.151045,0.576429,0.143949,True,0.151664,0.579417,0.143506,0.000394,0.000417,0.000364,26.14,10,-0.227707,1.180656,0.522096,-0.227730,1.180874,0.522080,0.000000,0.000000,0.000000,0.000000,0.080716,0.000000,-0.017920,-0.724780,0.226507,-0.068576,-0.049440,-0.002784,OFF
1786957340074098428,2026-08-17T16:02:20.074117,prediction,0.151270,0.579000,0.143870,0.151045,0.576086,0.143949,True,0.151664,0.579066,0.143508,0.000394,0.000067,0.000362,26.03,10,-0.227682,1.180362,0.522112,-0.227730,1.180874,0.522080,0.000000,0.000000,0.000000,0.000000,0.078096,0.000000,-0.014840,-0.724080,0.226839,-0.068576,-0.049664,-0.002784,OFF
1786957340109604438,2026-08-17T16:02:20.109629,prediction,0.150946,0.574000,0.143984,0.151024,0.575750,0.143957,True,0.151639,0.578727,0.143517,0.000693,0.004727,0.000467,26.73,10,-0.227658,1.180032,0.522127,-0.227589,1.179363,0.522175,0.000000,0.000000,0.000000,0.000000,0.080716,0.000000,-0.017360,-0.720720,0.227171,-0.068864,-0.047808,-0.002784,OFF
1786957340139577556,2026-08-17T16:02:20.139598,prediction,0.150946,0.574000,0.143984,0.151024,0.575417,0.143957,True,0.151637,0.578390,0.143519,0.000691,0.004390,0.000466,26.29,10,-0.227631,1.179684,0.522143,-0.227589,1.179363,0.522175,0.000000,0.000000,0.000000,0.000000,0.081158,0.000000,-0.017640,-0.718200,0.227171,-0.069184,-0.048704,-0.002688,OFF
1786957340169044108,2026-08-17T16:02:20.169066,prediction,0.150946,0.574000,0.143984,0.150981,0.575083,0.143972,True,0.151588,0.578051,0.143536,0.000642,0.004051,0.000448,20.23,10,-0.227607,1.179335,0.522155,-0.227607,1.179335,0.522155,0.000000,0.000000,0.000000,0.000000,0.080716,0.000000,-0.015400,-0.718200,0.227835,-0.069024,-0.049216,-0.002784,OFF
1786957340202293243,2026-08-17T16:02:20.202316,prediction,0.151270,0.579000,0.143870,0.151002,0.575017,0.143965,True,0.151607,0.578014,0.143529,0.000337,0.000985,0.000341,22.40,10,-0.227577,1.178975,0.522168,-0.227607,1.179335,0.522155,0.001744,0.000000,0.000000,0.000000,0.078096,0.000000,-0.015400,-0.716100,0.227835,-0.069024,-0.054336,-0.002784,OFF
1786957340234074861,2026-08-17T16:02:20.234107,prediction,0.150946,0.574000,0.143984,0.151028,0.575003,0.143955,True,0.151632,0.578038,0.143519,0.000686,0.004038,0.000465,18.67,10,-0.227550,1.178608,0.522180,-0.227467,1.177543,0.522216,0.001744,0.000000,0.000000,0.000000,0.078096,0.000000,-0.015400,-0.716100,0.227835,-0.069024,-0.054336,-0.002784,OFF
1786957340268835987,2026-08-17T16:02:20.268855,prediction,0.151919,0.589000,0.143641,0.151093,0.575267,0.143933,True,0.151697,0.578370,0.143494,0.000222,0.010630,0.000147,24.36,10,-0.227530,1.178240,0.522188,-0.227467,1.177543,0.522216,0.001744,0.000000,0.000000,0.000000,0.078096,0.000000,-0.015400,-0.716100,0.227835,-0.069024,-0.054336,-0.002784,OFF
1786957340304857349,2026-08-17T16:02:20.304905,prediction,0.151270,0.579000,0.143870,0.151115,0.575587,0.143925,True,0.151716,0.578756,0.143484,0.000446,0.000243,0.000385,22.25,10,-0.227521,1.177890,0.522192,-0.227521,1.177890,0.522192,0.001744,0.000000,0.000000,0.000000,0.078096,0.000000,-0.015400,-0.716100,0.227835,-0.069024,-0.054336,-0.002784,OFF
1786957340343714128,2026-08-17T16:02:20.343734,prediction,0.153921,0.574000,0.143984,0.151313,0.575917,0.143925,True,0.151931,0.579144,0.143482,0.001990,0.005144,0.000503,27.38,10,-0.227512,1.177596,0.522195,-0.227488,1.176745,0.522203,0.000000,0.000000,0.000000,0.000000,0.081158,0.000000,-0.014840,-0.716940,0.227835,-0.069184,-0.052224,-0.002784,OFF
1786957340370193177,2026-08-17T16:02:20.370217,prediction,0.154237,0.579000,0.143870,0.151511,0.576250,0.143925,True,0.152146,0.579520,0.143479,0.002090,0.000521,0.000391,21.34,10,-0.227521,1.177373,0.522196,-0.227488,1.176745,0.522203,0.000000,0.000000,0.000000,0.000000,0.080716,0.000000,-0.015400,-0.711060,0.229080,-0.069472,-0.048480,-0.002784,OFF
1786957340396603888,2026-08-17T16:02:20.396629,prediction,0.151595,0.584000,0.143755,0.151532,0.576317,0.143917,True,0.152173,0.579585,0.143471,0.000578,0.004415,0.000284,18.53,10,-0.227545,1.177223,0.522198,-0.227488,1.176745,0.522203,0.000000,0.000000,0.000000,0.000000,0.078096,0.000000,-0.017360,-0.710500,0.228167,-0.069472,-0.051104,-0.002784,OFF
1786957340438813649,2026-08-17T16:02:20.438863,prediction,0.150946,0.574000,0.143984,0.151532,0.576330,0.143917,True,0.152175,0.579581,0.143471,0.001229,0.005581,0.000514,20.32,10,-0.227570,1.177130,0.522198,-0.227736,1.177806,0.522189,0.000000,0.000000,0.000000,0.000000,0.078096,0.000000,-0.014140,-0.708540,0.228499,-0.069632,-0.053760,-0.002784,OFF
1786957340476230833,2026-08-17T16:02:20.476250,prediction,0.151919,0.589000,0.143641,0.151576,0.576599,0.143902,True,0.152220,0.579865,0.143454,0.000301,0.009135,0.000187,26.59,10,-0.227600,1.177051,0.522198,-0.227549,1.176691,0.522201,0.000000,0.000000,0.000000,0.000000,0.080716,0.000000,-0.014140,-0.707700,0.228499,-0.069792,-0.048992,-0.002784,OFF
1786957340506731977,2026-08-17T16:02:20.506755,prediction,0.151919,0.589000,0.143641,0.151640,0.577453,0.143879,True,0.152280,0.580809,0.143428,0.000361,0.008191,0.000212,24.38,10,-0.227634,1.176978,0.522196,-0.227549,1.176691,0.522201,0.000000,0.000000,0.000000,0.000000,0.080716,0.000000,-0.014140,-0.707700,0.228499,-0.069792,-0.048992,-0.002784,OFF
1786957340543320368,2026-08-17T16:02:20.543343,prediction,0.150946,0.574000,0.141004,0.151666,0.578424,0.143671,True,0.152294,0.581886,0.143206,0.001348,0.007887,0.002201,26.79,10,-0.227672,1.176933,0.522192,-0.228046,1.177669,0.522161,0.000000,0.000000,0.000000,0.000000,0.080716,0.000000,-0.014140,-0.707700,0.228499,-0.069792,-0.048992,-0.002784,OFF
1786957340582792858,2026-08-17T16:02:20.582807,prediction,0.150232,0.563000,0.141238,0.151597,0.578618,0.143496,True,0.152215,0.582075,0.143011,0.001983,0.019075,0.001773,27.42,10,-0.227714,1.176976,0.522172,-0.228046,1.177669,0.522161,0.000000,0.000000,0.000000,0.000000,0.080716,0.000000,-0.014140,-0.707700,0.228499,-0.069792,-0.048992,-0.002784,OFF
1786957340614792747,2026-08-17T16:02:20.614808,prediction,0.150946,0.574000,0.141004,0.151640,0.578657,0.143283,True,0.152261,0.582073,0.142776,0.001315,0.008074,0.001772,28.94,10,-0.227750,1.177117,0.522138,-0.227509,1.176676,0.522104,0.000000,0.000000,0.000000,0.000000,0.080716,0.000000,-0.016940,-0.707420,0.228499,-0.069632,-0.050944,-0.002784,OFF
1786957340639865054,2026-08-17T16:02:20.639883,prediction,0.150946,0.574000,0.141004,0.151640,0.578665,0.143084,True,0.152262,0.582034,0.142557,0.001316,0.008034,0.001553,23.64,10,-0.227792,1.177305,0.522089,-0.227509,1.176676,0.522104,0.000000,0.000000,0.000000,0.000000,0.080716,0.000000,-0.016380,-0.699860,0.228748,-0.069920,-0.053504,-0.003008,OFF
1786957340668662154,2026-08-17T16:02:20.668681,prediction,0.153921,0.574000,0.141004,0.151839,0.578666,0.142885,True,0.152481,0.581994,0.142341,0.001440,0.007994,0.001337,20.75,10,-0.227834,1.177521,0.522025,-0.227509,1.176676,0.522104,0.000000,0.000000,0.000000,0.000000,0.080716,0.000000,-0.016380,-0.701120,0.228748,-0.069920,-0.051488,-0.002784,OFF
1786957340701521484,2026-08-17T16:02:20.701538,prediction,0.153921,0.574000,0.141004,0.152015,0.578666,0.142694,True,0.152677,0.581962,0.142137,0.001244,0.007962,0.001133,19.08,10,-0.227893,1.177759,0.521945,-0.227816,1.177720,0.521881,0.000000,0.000000,0.000000,0.000000,0.080716,0.000000,-0.015400,-0.699860,0.228748,-0.070080,-0.048480,-0.002784,OFF
1786957340738489341,2026-08-17T16:02:20.738505,prediction,0.154237,0.579000,0.140898,0.152235,0.578667,0.142489,True,0.152916,0.581940,0.141922,0.001320,0.002940,0.001024,24.05,10,-0.227964,1.178017,0.521852,-0.227816,1.177720,0.521881,0.000000,0.000000,0.000000,0.000000,0.080716,0.000000,-0.016100,-0.699020,0.228748,-0.070080,-0.048320,-0.002784,OFF
1786957340773599505,2026-08-17T16:02:20.773618,prediction,0.153921,0.574000,0.141004,0.152368,0.578400,0.142313,True,0.153065,0.581623,0.141742,0.000856,0.007623,0.000738,22.53,10,-0.228050,1.178278,0.521746,-0.228440,1.179207,0.521520,0.000000,0.000000,0.000000,0.000000,0.080716,0.000000,-0.015400,-0.698040,0.228748,-0.070080,-0.052224,-0.002784,OFF
1786957340806267224,2026-08-17T16:02:20.806287,prediction,0.153921,0.574000,0.138024,0.152545,0.578080,0.141923,True,0.153255,0.581256,0.141340,0.000666,0.007256,0.003316,25.47,10,-0.228141,1.178538,0.521629,-0.228440,1.179207,0.521520,0.000000,0.000000,0.000000,0.000000,0.078096,0.000000,-0.016100,-0.695940,0.228499,-0.070080,-0.048768,-0.002784,OFF
1786957340839497223,2026-08-17T16:02:20.839519,prediction,0.153541,0.568000,0.138142,0.152520,0.577749,0.141534,True,0.153223,0.580885,0.140934,0.000318,0.012886,0.002792,22.21,10,-0.228244,1.178764,0.521486,-0.228244,1.178764,0.521486,0.001744,0.000000,0.000000,0.000000,0.080716,0.000000,-0.018900,-0.696500,0.230076,-0.070080,-0.047936,-0.002784,OFF
1786957340874384646,2026-08-17T16:02:20.874417,prediction,0.153921,0.574000,0.138024,0.152499,0.577416,0.141144,True,0.153192,0.580526,0.140526,0.000728,0.006527,0.002502,25.84,10,-0.228330,1.178942,0.521316,-0.228244,1.178764,0.521486,0.000000,0.000000,0.000000,0.000000,0.078096,0.000000,-0.016380,-0.695940,0.228748,-0.070080,-0.054336,-0.002784,OFF
1786957340896938054,2026-08-17T16:02:20.896967,prediction,0.153541,0.568000,0.138142,0.152628,0.576763,0.140770,True,0.153328,0.579816,0.140136,0.000213,0.011816,0.001994,16.72,10,-0.228400,1.179071,0.521119,-0.228600,1.179502,0.520783,0.000000,0.000000,0.000000,0.000000,0.078096,0.000000,-0.016380,-0.695940,0.228748,-0.070080,-0.054336,-0.002784,OFF
1786957340933937901,2026-08-17T16:02:20.933991,prediction,0.153921,0.574000,0.138024,0.152827,0.576366,0.140372,True,0.153533,0.579402,0.139725,0.000388,0.005403,0.001701,20.76,10,-0.228477,1.179150,0.520897,-0.228600,1.179502,0.520783,0.000000,0.000000,0.000000,0.000000,0.078096,0.000000,-0.016380,-0.695940,0.228748,-0.070080,-0.054336,-0.002784,OFF
1786957340976001887,2026-08-17T16:02:20.976017,prediction,0.153541,0.568000,0.138142,0.152935,0.575433,0.140006,True,0.153644,0.578395,0.139351,0.000102,0.010395,0.001209,26.18,10,-0.228567,1.179178,0.520647,-0.228483,1.178354,0.520301,0.000000,0.000000,0.000000,0.000000,0.078096,0.000000,-0.016380,-0.695940,0.228748,-0.070080,-0.054336,-0.002784,OFF
1786957341001976816,2026-08-17T16:02:21.002016,prediction,0.153541,0.568000,0.138142,0.153043,0.574127,0.139639,True,0.153758,0.576971,0.138982,0.000216,0.008971,0.000841,21.67,10,-0.228662,1.179174,0.520374,-0.228483,1.178354,0.520301,0.000000,0.000000,0.000000,0.000000,0.078096,0.000000,-0.016380,-0.695940,0.228748,-0.070080,-0.054336,-0.002784,OFF
1786957341039749591,2026-08-17T16:02:21.039768,prediction,0.153225,0.563000,0.138240,0.153195,0.572745,0.139455,True,0.153922,0.575474,0.138811,0.000697,0.012474,0.000571,21.44,10,-0.228761,1.179095,0.520078,-0.228933,1.179343,0.519792,0.000000,0.000000,0.000000,0.000000,0.081158,0.000000,-0.014560,-0.694680,0.228748,-0.070240,-0.051776,-0.002784,OFF
1786957341074778361,2026-08-17T16:02:21.074797,prediction,0.153541,0.568000,0.138142,0.153415,0.572149,0.139248,True,0.154150,0.574884,0.138626,0.000609,0.006884,0.000484,25.43,10,-0.228869,1.178874,0.519785,-0.228933,1.179343,0.519792,0.000000,0.000000,0.000000,0.000000,0.081158,0.000000,-0.014560,-0.694680,0.228748,-0.070240,-0.051776,-0.002784,OFF
1786957341114963535,2026-08-17T16:02:21.115028,prediction,0.153921,0.574000,0.138024,0.153571,0.571710,0.139064,True,0.154305,0.574490,0.138467,0.000384,0.000490,0.000443,32.40,10,-0.228998,1.178488,0.519492,-0.228810,1.178166,0.519711,0.000000,0.000000,0.000000,0.000000,0.081158,0.000000,-0.014560,-0.694680,0.228748,-0.070240,-0.051776,-0.002784,OFF
1786957341144987769,2026-08-17T16:02:21.145003,prediction,0.153541,0.568000,0.138142,0.153744,0.571302,0.138873,True,0.154478,0.574137,0.138299,0.000936,0.006137,0.000158,23.57,10,-0.229134,1.178028,0.519205,-0.229665,1.177801,0.518378,0.000000,0.000000,0.000000,0.000000,0.059340,0.000000,-0.017360,-0.689640,0.230408,-0.070080,-0.044480,-0.002784,OFF
1786957341171186640,2026-08-17T16:02:21.171216,prediction,0.153921,0.574000,0.138024,0.153744,0.571220,0.138674,True,0.154457,0.574145,0.138121,0.000536,0.000145,0.000097,22.47,10,-0.229282,1.177531,0.518921,-0.229665,1.177801,0.518378,0.000000,0.000000,0.000000,0.000000,0.016137,0.000000,-0.015400,-0.688380,0.231653,-0.070080,-0.041088,-0.002400,OFF
1786957341205700039,2026-08-17T16:02:21.205721,prediction,0.153541,0.568000,0.135151,0.153718,0.570884,0.138284,True,0.154408,0.573859,0.137735,0.000867,0.005859,0.002584,23.75,10,-0.229414,1.177011,0.518640,-0.229665,1.177801,0.518378,0.000000,0.000000,0.000000,0.000000,0.008289,0.000000,-0.016660,-0.687260,0.231653,-0.070080,-0.042144,-0.002784,OFF
1786957341243205810,2026-08-17T16:02:21.243227,prediction,0.153225,0.563000,0.135241,0.153651,0.570497,0.137907,True,0.154318,0.573497,0.137352,0.001093,0.010497,0.002111,29.37,10,-0.229529,1.176488,0.518346,-0.229601,1.175728,0.518105,0.000000,0.000000,0.000000,0.000000,0.002609,0.000000,-0.016100,-0.685020,0.232317,-0.070400,-0.045024,-0.002784,OFF
1786957341274159968,2026-08-17T16:02:21.274177,prediction,0.153225,0.563000,0.135241,0.153604,0.569833,0.137523,True,0.154256,0.572812,0.136957,0.001031,0.009812,0.001716,25.12,10,-0.229623,1.175951,0.518042,-0.229601,1.175728,0.518105,0.000000,0.000000,0.000000,0.000000,0.002609,0.000000,-0.016100,-0.685020,0.232317,-0.070400,-0.045024,-0.002784,OFF
1786957341309197105,2026-08-17T16:02:21.309212,prediction,0.153921,0.574000,0.135043,0.153604,0.569113,0.137324,True,0.154249,0.572055,0.136757,0.000329,0.001945,0.001714,25.72,10,-0.229702,1.175394,0.517723,-0.229623,1.175951,0.518042,0.000000,0.000000,0.000000,0.000000,0.002609,0.000000,-0.016100,-0.685020,0.232317,-0.070400,-0.045024,-0.002784,OFF
1786957341347064287,2026-08-17T16:02:21.347082,prediction,0.152846,0.557000,0.135349,0.153558,0.568383,0.137138,True,0.154192,0.571284,0.136580,0.001346,0.014284,0.001231,30.44,10,-0.229768,1.174812,0.517417,-0.229868,1.174032,0.516989,0.000000,0.000000,0.000000,0.000000,0.003051,0.000000,-0.016660,-0.686840,0.232317,-0.070080,-0.045376,-0.002784,OFF
1786957341380656399,2026-08-17T16:02:21.380669,prediction,0.153541,0.568000,0.135151,0.153533,0.567823,0.136747,True,0.154155,0.570814,0.136401,0.000613,0.002814,0.001250,26.84,10,-0.229833,1.174205,0.517127,-0.229868,1.174032,0.516989,0.000000,0.000000,0.000000,0.000000,0.000000,0.000000,-0.020720,-0.684040,0.231072,-0.070080,-0.041184,-0.003072,OFF
1786957341404212256,2026-08-17T16:02:21.404259,prediction,0.153541,0.568000,0.135151,0.153533,0.567823,0.136747,True,0.154144,0.570770,0.136216,0.000603,0.002770,0.001065,20.62,10,-0.229897,1.173572,0.516852,-0.229868,1.174032,0.516989,0.000000,0.000000,0.000000,0.000000,0.000000,0.000000,-0.015400,-0.682220,0.231072,-0.070240,-0.040704,-0.002784,OFF
1786957341445716918,2026-08-17T16:02:21.445733,prediction,0.153225,0.563000,0.135241,0.153486,0.567485,0.136562,True,0.154089,0.570448,0.136046,0.000864,0.007448,0.000805,28.27,10,-0.229951,1.172927,0.516590,-0.230031,1.171868,0.516208,0.000000,0.000000,0.000000,0.000000,0.000000,0.000000,-0.014140,-0.683760,0.229744,-0.069920,-0.040416,-0.002784,OFF
1786957341471783950,2026-08-17T16:02:21.471806,prediction,0.153541,0.568000,0.135151,0.153486,0.567417,0.136362,True,0.154084,0.570425,0.135860,0.000543,0.002425,0.000708,22.62,10,-0.229989,1.172316,0.516345,-0.230031,1.171868,0.516208,0.000000,0.000000,0.000000,0.000000,0.000000,0.000000,-0.014140,-0.683760,0.229744,-0.069920,-0.040416,-0.002784,OFF
1786957341500137023,2026-08-17T16:02:21.500168,prediction,0.152846,0.557000,0.135349,0.153440,0.567137,0.136176,True,0.154033,0.570155,0.135685,0.001188,0.013155,0.000336,19.55,10,-0.230018,1.171716,0.516112,-0.229966,1.171121,0.515738,0.000000,0.000000,0.000000,0.000000,0.000000,0.000000,-0.014140,-0.683760,0.229744,-0.069920,-0.040416,-0.002784,OFF
1786957341540279286,2026-08-17T16:02:21.540297,prediction,0.153225,0.563000,0.135241,0.153440,0.566814,0.135976,True,0.154034,0.569830,0.135492,0.000809,0.006830,0.000251,26.12,10,-0.230036,1.171171,0.515893,-0.229966,1.171121,0.515738,0.000000,0.000000,0.000000,0.000000,0.000000,0.000000,-0.014140,-0.683760,0.229744,-0.069920,-0.040416,-0.002784,OFF
1786957341566436138,2026-08-17T16:02:21.566453,prediction,0.153225,0.563000,0.135241,0.153419,0.566483,0.135783,True,0.154012,0.569491,0.135304,0.000787,0.006491,0.000062,21.05,10,-0.230044,1.170698,0.515671,-0.230322,1.171370,0.516518,0.000000,0.000000,0.000000,0.000000,0.000000,0.000000,-0.016100,-0.681380,0.230906,-0.069920,-0.037632,-0.002912,OFF
1786957341612731022,2026-08-17T16:02:21.612747,prediction,0.153541,0.568000,0.138142,0.153419,0.566150,0.135783,True,0.154016,0.569145,0.135318,0.000475,0.001145,0.002824,29.20,10,-0.230035,1.170303,0.515450,-0.230128,1.170277,0.515609,0.000000,0.000000,0.000000,0.000000,0.000000,0.000000,-0.016100,-0.681380,0.230906,-0.069920,-0.037632,-0.002912,OFF
1786957341634741535,2026-08-17T16:02:21.634760,prediction,0.153541,0.568000,0.138142,0.153419,0.566083,0.135783,True,0.154017,0.569099,0.135340,0.000476,0.001099,0.002802,20.44,10,-0.230015,1.169936,0.515240,-0.230128,1.170277,0.515609,0.000000,0.000000,0.000000,0.000000,0.000000,0.000000,-0.016100,-0.681380,0.230906,-0.069920,-0.037632,-0.002912,OFF
1786957341675680681,2026-08-17T16:02:21.675697,prediction,0.153225,0.563000,0.138240,0.153373,0.565750,0.135797,True,0.153969,0.568752,0.135378,0.000744,0.005752,0.002862,27.63,10,-0.229985,1.169578,0.515043,-0.229812,1.168734,0.514359,0.000000,0.000000,0.000000,0.000000,0.000000,0.000000,-0.017920,-0.681660,0.230906,-0.069920,-0.037344,-0.002912,OFF
1786957341706585836,2026-08-17T16:02:21.706602,prediction,0.152846,0.557000,0.138357,0.153326,0.565417,0.136011,True,0.153924,0.568400,0.135627,0.001078,0.011400,0.002731,24.54,10,-0.229952,1.169237,0.514860,-0.229812,1.168734,0.514359,0.000000,0.000000,0.000000,0.000000,0.000000,0.000000,-0.017920,-0.681660,0.230906,-0.069920,-0.037344,-0.002912,OFF
1786957341738434410,2026-08-17T16:02:21.738457,prediction,0.152214,0.547000,0.138554,0.153259,0.564763,0.136232,True,0.153858,0.567688,0.135888,0.001645,0.020688,0.002665,20.89,10,-0.229920,1.168881,0.514719,-0.229812,1.168734,0.514359,0.000000,0.000000,0.000000,0.000000,0.000000,0.000000,-0.017920,-0.681660,0.230906,-0.069920,-0.037344,-0.002912,OFF
1786957341772153240,2026-08-17T16:02:21.772176,prediction,0.152846,0.557000,0.135349,0.153234,0.564313,0.136239,True,0.153829,0.567210,0.135920,0.000983,0.010210,0.000571,22.39,10,-0.229889,1.168519,0.514622,-0.230042,1.167910,0.515121,0.000000,0.000000,0.000000,0.000000,0.000000,0.000000,-0.017920,-0.681660,0.230906,-0.069920,-0.037344,-0.002912,OFF
1786957341807873595,2026-08-17T16:02:21.807975,prediction,0.152530,0.552000,0.135439,0.153141,0.563636,0.136265,True,0.153727,0.566485,0.135958,0.001197,0.014485,0.000520,20.21,10,-0.229861,1.168137,0.514552,-0.230042,1.167910,0.515121,0.000000,0.000000,0.000000,0.000000,0.000000,0.000000,-0.017920,-0.681660,0.230906,-0.069920,-0.037344,-0.002912,OFF
1786957341842538800,2026-08-17T16:02:21.842574,prediction,0.152530,0.552000,0.135439,0.153120,0.562914,0.136271,True,0.153702,0.565716,0.135968,0.001172,0.013716,0.000529,23.61,10,-0.229826,1.167762,0.514499,-0.229688,1.168254,0.514015,0.000000,0.000000,0.000000,0.000000,0.000000,0.000000,-0.016660,-0.678160,0.230906,-0.069920,-0.035072,-0.002912,OFF
1786957341870903595,2026-08-17T16:02:21.870924,prediction,0.152530,0.552000,0.135439,0.153052,0.561916,0.136290,True,0.153629,0.564642,0.135985,0.001099,0.012642,0.000546,23.27,10,-0.229793,1.167390,0.514458,-0.229688,1.168254,0.514015,0.000000,0.000000,0.000000,0.000000,0.000000,0.000000,-0.018900,-0.678860,0.229910,-0.069632,-0.032224,-0.002848,OFF
1786957341904975562,2026-08-17T16:02:21.904994,prediction,0.153921,0.574000,0.135043,0.153078,0.560863,0.136283,True,0.153656,0.563514,0.135971,0.000265,0.010486,0.000928,22.85,10,-0.229758,1.167018,0.514431,-0.229665,1.166829,0.514185,0.000000,0.000000,0.000000,0.000000,0.000000,0.000000,-0.016100,-0.678580,0.228333,-0.069632,-0.032224,-0.002624,OFF
1786957341942749649,2026-08-17T16:02:21.942768,prediction,0.152530,0.552000,0.135439,0.153031,0.559799,0.136296,True,0.153605,0.562384,0.135979,0.001076,0.010384,0.000540,25.50,10,-0.229726,1.166615,0.514414,-0.229665,1.166829,0.514185,0.000000,0.000000,0.000000,0.000000,0.000000,0.000000,-0.018900,-0.677320,0.229246,-0.069632,-0.031456,-0.003232,OFF
1786957341973283735,2026-08-17T16:02:21.973302,prediction,0.153225,0.563000,0.135241,0.153010,0.559320,0.136302,True,0.153574,0.561928,0.135980,0.000349,0.001072,0.000739,21.11,10,-0.229694,1.166147,0.514410,-0.229891,1.166034,0.515036,0.000000,0.000000,0.000000,0.000000,0.000000,0.000000,-0.014560,-0.676060,0.229246,-0.069632,-0.031008,-0.002912,OFF
1786957342005384414,2026-08-17T16:02:22.005400,prediction,0.153921,0.574000,0.135043,0.153082,0.559224,0.136282,True,0.153641,0.561917,0.135954,0.000280,0.012083,0.000911,24.56,10,-0.229660,1.165623,0.514418,-0.229891,1.166034,0.515036,0.000000,0.000000,0.000000,0.000000,0.000000,0.000000,-0.019460,-0.676060,0.228914,-0.069632,-0.030560,-0.003136,OFF
1786957342037828982,2026-08-17T16:02:22.037850,prediction,0.153541,0.568000,0.135151,0.153103,0.559471,0.136276,True,0.153652,0.562290,0.135946,0.000110,0.005710,0.000795,22.82,10,-0.229633,1.165066,0.514436,-0.229450,1.164241,0.514036,0.000000,0.000000,0.000000,0.000000,0.000000,0.000000,-0.018200,-0.677600,0.228914,-0.069632,-0.030560,-0.003136,OFF
1786957342074260538,2026-08-17T16:02:22.074283,prediction,0.152214,0.547000,0.135529,0.153035,0.559788,0.136295,True,0.153569,0.562725,0.135967,0.001355,0.015725,0.000438,26.05,10,-0.229608,1.164515,0.514466,-0.229450,1.164241,0.514036,0.000000,0.000000,0.000000,0.000000,0.000000,0.000000,-0.018200,-0.677600,0.228914,-0.069632,-0.030560,-0.003136,OFF
1786957342101592906,2026-08-17T16:02:22.101608,prediction,0.152846,0.557000,0.135349,0.152964,0.559531,0.136117,True,0.153489,0.562490,0.135779,0.000643,0.005490,0.000430,19.44,10,-0.229578,1.164003,0.514510,-0.229608,1.164515,0.514466,0.000000,0.000000,0.000000,0.000000,0.000000,0.000000,-0.018200,-0.677600,0.228914,-0.069632,-0.030560,-0.003136,OFF
1786957342142039323,2026-08-17T16:02:22.142061,prediction,0.156218,0.563000,0.135241,0.153142,0.558893,0.135924,True,0.153688,0.561803,0.135565,0.002530,0.001197,0.000324,25.56,10,-0.229543,1.163527,0.514541,-0.229608,1.164515,0.514466,0.000000,0.000000,0.000000,0.000000,0.000000,0.000000,-0.018200,-0.677600,0.228914,-0.069632,-0.030560,-0.003136,OFF
1786957342173311760,2026-08-17T16:02:22.173335,prediction,0.156218,0.563000,0.135241,0.153342,0.558499,0.135724,True,0.153907,0.561383,0.135344,0.002311,0.001617,0.000103,24.38,10,-0.229521,1.163077,0.514556,-0.229471,1.162422,0.514625,0.000000,0.000000,0.000000,0.000000,0.000000,0.000000,-0.018200,-0.677600,0.228914,-0.069632,-0.030560,-0.003136,OFF
1786957342205128414,2026-08-17T16:02:22.205146,prediction,0.156218,0.563000,0.135241,0.153567,0.558420,0.135516,True,0.154147,0.561324,0.135116,0.002071,0.001676,0.000125,23.16,10,-0.229517,1.162598,0.514554,-0.229471,1.162422,0.514625,0.000000,0.000000,0.000000,0.000000,0.000000,0.000000,-0.018200,-0.677600,0.228914,-0.069632,-0.030560,-0.003136,OFF
1786957342234424445,2026-08-17T16:02:22.234462,prediction,0.154863,0.541000,0.135637,0.153743,0.558724,0.135321,True,0.154331,0.561700,0.134905,0.000532,0.020700,0.000731,17.91,10,-0.229532,1.162109,0.514520,-0.229692,1.161291,0.514245,0.000000,0.000000,0.000000,0.000000,0.000000,0.000000,-0.018200,-0.677600,0.228914,-0.069632,-0.030560,-0.003136,OFF
1786957342277274394,2026-08-17T16:02:22.277288,prediction,0.156526,0.568000,0.132161,0.153989,0.559105,0.135109,True,0.154590,0.562158,0.134678,0.001936,0.005842,0.002517,29.65,10,-0.229563,1.161637,0.514454,-0.229358,1.162119,0.514786,0.000000,0.000000,0.000000,0.000000,0.000000,0.000000,-0.015400,-0.676340,0.226092,-0.069632,-0.028288,-0.002912,OFF
1786957342303930326,2026-08-17T16:02:22.303974,prediction,0.156218,0.563000,0.132243,0.154234,0.559768,0.134896,True,0.154849,0.562924,0.134454,0.001369,0.000076,0.002211,22.10,10,-0.229614,1.161223,0.514372,-0.229358,1.162119,0.514786,0.000000,0.000000,0.000000,0.000000,0.000000,0.000000,-0.016100,-0.674520,0.227337,-0.069568,-0.028288,-0.002912,OFF
1786957342345170930,2026-08-17T16:02:22.345189,prediction,0.156218,0.563000,0.132243,0.154480,0.560487,0.134683,True,0.155110,0.563741,0.134233,0.001108,0.000741,0.001990,27.79,10,-0.229689,1.160871,0.514271,-0.229620,1.160975,0.514386,0.000000,0.000000,0.000000,0.000000,0.000000,0.000000,-0.019460,-0.676060,0.225760,-0.069568,-0.028000,-0.003136,OFF
1786957342372978816,2026-08-17T16:02:22.372995,prediction,0.158851,0.557000,0.132341,0.154902,0.561217,0.134476,True,0.155563,0.564557,0.134020,0.003288,0.007557,0.001679,21.52,10,-0.229783,1.160611,0.514156,-0.229620,1.160975,0.514386,0.000000,0.000000,0.000000,0.000000,0.000000,0.000000,-0.015400,-0.674240,0.226673,-0.069568,-0.028224,-0.002912,OFF
1786957342413803034,2026-08-17T16:02:22.413818,prediction,0.158252,0.547000,0.132504,0.155191,0.561630,0.134307,True,0.155874,0.564999,0.133851,0.002378,0.017999,0.001347,29.12,10,-0.229912,1.160453,0.514025,-0.230363,1.159646,0.513465,0.000000,0.000000,0.000000,0.000000,0.000000,0.000000,-0.017360,-0.673820,0.225428,-0.069568,-0.027680,-0.002912,OFF
1786957342441418526,2026-08-17T16:02:22.441435,prediction,0.158252,0.547000,0.132504,0.155572,0.561446,0.134111,True,0.156288,0.564756,0.133656,0.001964,0.017756,0.001152,25.91,10,-0.230060,1.160417,0.513883,-0.230363,1.159646,0.513465,0.000000,0.000000,0.000000,0.000000,0.000000,0.000000,-0.017640,-0.673820,0.226341,-0.069568,-0.027840,-0.002912,OFF
1786957342474515825,2026-08-17T16:02:22.474538,prediction,0.158851,0.557000,0.132341,0.155947,0.560556,0.133918,True,0.156700,0.563708,0.133462,0.002151,0.006708,0.001122,25.23,10,-0.230238,1.160476,0.513728,-0.230363,1.159646,0.513465,0.000000,0.000000,0.000000,0.000000,0.000000,0.000000,-0.017360,-0.673820,0.226341,-0.069248,-0.027552,-0.002912,OFF
1786957342509614257,2026-08-17T16:02:22.509638,prediction,0.157892,0.541000,0.132602,0.156212,0.559524,0.133755,True,0.156986,0.562512,0.133303,0.000906,0.021512,0.000701,23.82,10,-0.230447,1.160615,0.513560,-0.230238,1.160476,0.513728,0.000000,0.000000,0.000000,0.000000,0.000000,0.000000,-0.017360,-0.673820,0.226341,-0.069248,-0.027552,-0.002912,OFF
1786957342541197701,2026-08-17T16:02:22.541324,prediction,0.158252,0.547000,0.132504,0.156526,0.558198,0.133579,True,0.157322,0.561012,0.133131,0.000930,0.014012,0.000627,26.21,10,-0.230670,1.160737,0.513384,-0.230238,1.160476,0.513728,0.000000,0.000000,0.000000,0.000000,0.000000,0.000000,-0.017360,-0.673820,0.226341,-0.069248,-0.027552,-0.002912,OFF
1786957342580781852,2026-08-17T16:02:22.580798,prediction,0.158551,0.552000,0.129405,0.156968,0.556813,0.133165,True,0.157785,0.559485,0.132707,0.000767,0.007485,0.003301,32.26,10,-0.230914,1.160793,0.513196,-0.231406,1.161183,0.512796,0.000000,0.000000,0.000000,0.000000,0.000000,0.000000,-0.014840,-0.673540,0.225760,-0.069248,-0.026880,-0.002912,OFF
1786957342606865245,2026-08-17T16:02:22.606912,prediction,0.158551,0.552000,0.129405,0.157349,0.556269,0.132769,True,0.158164,0.558946,0.132293,0.000387,0.006946,0.002888,24.17,10,-0.231196,1.160736,0.512979,-0.231406,1.161183,0.512796,0.000000,0.000000,0.000000,0.000000,0.000000,0.000000,-0.012320,-0.673540,0.225760,-0.069568,-0.027104,-0.002912,OFF
1786957342638911101,2026-08-17T16:02:22.638925,prediction,0.158252,0.547000,0.129479,0.157484,0.555894,0.132385,True,0.158272,0.558626,0.131893,0.000021,0.011627,0.002414,21.06,10,-0.231507,1.160564,0.512746,-0.231282,1.160437,0.512926,0.000000,0.000000,0.000000,0.000000,0.000000,0.000000,-0.014840,-0.675360,0.225428,-0.069248,-0.026944,-0.002912,OFF
1786957342677550780,2026-08-17T16:02:22.677568,prediction,0.158551,0.552000,0.129405,0.157640,0.555232,0.131996,True,0.158407,0.557992,0.131489,0.000144,0.005992,0.002083,26.06,10,-0.231813,1.160341,0.512502,-0.232634,1.160192,0.511845,0.000000,0.000000,0.000000,0.000000,0.000000,0.000000,-0.016100,-0.675360,0.225428,-0.069568,-0.026944,-0.002912,OFF
1786957342710292799,2026-08-17T16:02:22.710315,prediction,0.159211,0.563000,0.129244,0.157839,0.554513,0.131596,True,0.158595,0.557289,0.131076,0.000616,0.005711,0.001832,19.99,10,-0.232113,1.160127,0.512245,-0.232634,1.160192,0.511845,0.000000,0.000000,0.000000,0.000000,0.000000,0.000000,-0.014840,-0.675360,0.225428,-0.069568,-0.026560,-0.002912,OFF
1786957342739305055,2026-08-17T16:02:22.739325,prediction,0.158252,0.547000,0.129479,0.158065,0.553783,0.131186,True,0.158814,0.556570,0.130656,0.000562,0.009570,0.001177,23.27,10,-0.232409,1.159903,0.511975,-0.232634,1.160192,0.511845,0.000000,0.000000,0.000000,0.000000,0.000000,0.000000,-0.014840,-0.675360,0.225428,-0.069568,-0.026560,-0.002912,OFF
1786957342772538180,2026-08-17T16:02:22.772578,prediction,0.158551,0.552000,0.129405,0.158200,0.553050,0.131002,True,0.158939,0.555843,0.130481,0.000388,0.003843,0.001075,21.24,10,-0.232708,1.159640,0.511692,-0.232839,1.158673,0.511423,0.000000,0.000000,0.000000,0.000000,0.000000,0.000000,-0.014840,-0.675360,0.225428,-0.069568,-0.026560,-0.002912,OFF
1786957342804050099,2026-08-17T16:02:22.804099,prediction,0.158851,0.557000,0.129332,0.158376,0.552317,0.130808,True,0.159108,0.555113,0.130307,0.000257,0.001886,0.000975,22.01,10,-0.232998,1.159314,0.511412,-0.232839,1.158673,0.511423,0.000000,0.000000,0.000000,0.000000,0.000000,0.000000,-0.014840,-0.675360,0.225428,-0.069568,-0.026560,-0.002912,OFF
1786957342834660589,2026-08-17T16:02:22.834682,prediction,0.158551,0.552000,0.129405,0.158532,0.551583,0.130619,True,0.159256,0.554381,0.130143,0.000705,0.002381,0.000738,19.47,10,-0.233282,1.158912,0.511136,-0.233976,1.159137,0.510659,0.000000,0.000000,0.000000,0.000000,0.000000,0.000000,-0.014840,-0.675360,0.225428,-0.069568,-0.026560,-0.002912,OFF
1786957342873414824,2026-08-17T16:02:22.873434,prediction,0.161271,0.547000,0.129479,0.158693,0.550850,0.130428,True,0.159411,0.553645,0.129978,0.001860,0.006646,0.000499,25.42,10,-0.233559,1.158415,0.510863,-0.233976,1.159137,0.510659,0.000000,0.000000,0.000000,0.000000,0.000000,0.000000,-0.014140,-0.673540,0.225428,-0.069248,-0.026784,-0.002912,OFF
1786957342901138841,2026-08-17T16:02:22.901154,prediction,0.160921,0.541000,0.129567,0.158871,0.550170,0.130232,True,0.159587,0.552967,0.129803,0.001335,0.011968,0.000236,18.75,10,-0.233815,1.157816,0.510593,-0.233663,1.158135,0.510748,0.000000,0.000000,0.000000,0.000000,0.000000,0.000000,-0.013860,-0.673820,0.223187,-0.069120,-0.026112,-0.002912,OFF
1786957342946171716,2026-08-17T16:02:22.946189,prediction,0.161854,0.557000,0.126324,0.159111,0.550034,0.129820,True,0.159821,0.552909,0.129395,0.002032,0.004091,0.003071,28.26,10,-0.234063,1.157115,0.510324,-0.234442,1.156145,0.509920,0.000000,0.000000,0.000000,0.000000,0.000000,0.000000,-0.018900,-0.673820,0.224100,-0.069120,-0.026560,-0.002912,OFF
1786957342974863598,2026-08-17T16:02:22.974880,prediction,0.160280,0.530000,0.126675,0.159206,0.549687,0.129443,True,0.159903,0.552609,0.129011,0.000378,0.022609,0.002336,21.49,10,-0.234298,1.156346,0.510040,-0.234442,1.156145,0.509920,0.000000,0.000000,0.000000,0.000000,0.000000,0.000000,-0.018900,-0.673820,0.224100,-0.069120,-0.026560,-0.002912,OFF
1786957343014707759,2026-08-17T16:02:23.014724,prediction,0.160630,0.536000,0.126597,0.159590,0.549017,0.128639,True,0.160125,0.552613,0.128588,0.000505,0.016613,0.001991,29.25,10,-0.234512,1.155560,0.509743,-0.234629,1.154574,0.509443,0.000000,0.000000,0.000000,0.000000,0.000000,0.000000,-0.018900,-0.673820,0.224100,-0.069120,-0.026560,-0.002912,OFF
1786957343037125239,2026-08-17T16:02:23.037146,prediction,0.160630,0.536000,0.126597,0.159590,0.549017,0.128639,True,0.160285,0.552003,0.128180,0.000345,0.016004,0.001583,20.09,10,-0.234721,1.154811,0.509428,-0.234629,1.154574,0.509443,0.000000,0.000000,0.000000,0.000000,0.000000,0.000000,-0.018900,-0.673820,0.224100,-0.069120,-0.026560,-0.002912,OFF
1786957343076139475,2026-08-17T16:02:23.076157,prediction,0.161854,0.557000,0.126324,0.159790,0.548897,0.128438,True,0.160491,0.551924,0.127977,0.001363,0.005076,0.001654,24.71,10,-0.234919,1.154133,0.509098,-0.235396,1.153408,0.508530,0.000000,0.000000,0.000000,0.000000,0.000000,0.000000,-0.016100,-0.673820,0.224100,-0.068960,-0.026400,-0.002912,OFF
1786957343108863730,2026-08-17T16:02:23.108884,prediction,0.161271,0.547000,0.126454,0.159971,0.548606,0.128242,True,0.160679,0.551648,0.127791,0.000592,0.004648,0.001337,22.65,10,-0.235099,1.153517,0.508783,-0.235396,1.153408,0.508530,0.000000,0.000000,0.000000,0.000000,0.000000,0.000000,-0.018480,-0.673820,0.223519,-0.068640,-0.026272,-0.003136,OFF
1786957343139767613,2026-08-17T16:02:23.139794,prediction,0.160921,0.541000,0.126532,0.160149,0.548281,0.128045,True,0.160862,0.551328,0.127610,0.000059,0.010328,0.001078,25.13,10,-0.235267,1.152991,0.508483,-0.235396,1.153408,0.508530,0.000000,0.000000,0.000000,0.000000,0.000000,0.000000,-0.018480,-0.673820,0.223519,-0.068640,-0.026272,-0.003136,OFF
1786957343170325113,2026-08-17T16:02:23.170376,prediction,0.161271,0.547000,0.123429,0.160331,0.547949,0.127647,True,0.161045,0.550998,0.127217,0.000226,0.003998,0.003788,19.20,10,-0.235439,1.152496,0.508197,-0.235489,1.151449,0.507815,0.000000,0.000000,0.000000,0.000000,0.000000,0.000000,-0.018480,-0.673820,0.223519,-0.068640,-0.026272,-0.003136,OFF
1786957343208497692,2026-08-17T16:02:23.208512,prediction,0.163667,0.536000,0.123554,0.160628,0.547297,0.127267,True,0.161358,0.550304,0.126835,0.002309,0.014305,0.003281,26.66,10,-0.235615,1.152008,0.507913,-0.235615,1.152008,0.507913,0.000000,0.000000,0.001740,0.000000,0.000000,0.000000,-0.014140,-0.675780,0.223519,-0.068640,-0.026272,-0.002912,OFF
1786957343242097037,2026-08-17T16:02:23.242113,prediction,0.164290,0.547000,0.123429,0.161030,0.546899,0.126864,True,0.161782,0.549902,0.126427,0.002508,0.002902,0.002998,23.64,10,-0.235799,1.151537,0.507630,-0.235615,1.152008,0.507913,0.000000,0.000000,0.000000,0.000000,0.000000,0.000000,-0.015400,-0.675360,0.223187,-0.068352,-0.025952,-0.002912,OFF
1786957343274323424,2026-08-17T16:02:23.274349,prediction,0.163667,0.536000,0.123554,0.161371,0.545966,0.126474,True,0.162145,0.548899,0.126028,0.001523,0.012899,0.002475,25.13,10,-0.235997,1.151071,0.507348,-0.235615,1.152008,0.507913,0.000000,0.000000,0.000000,0.000000,0.000000,0.000000,-0.015400,-0.675360,0.223187,-0.068352,-0.025952,-0.002912,OFF
1786957343306876246,2026-08-17T16:02:23.306890,prediction,0.167309,0.547000,0.123429,0.161935,0.545513,0.126080,True,0.162743,0.548446,0.125627,0.004567,0.001446,0.002198,24.65,10,-0.236211,1.150622,0.507051,-0.236359,1.150184,0.506814,0.000000,0.000000,0.000000,0.000000,0.000000,0.000000,-0.015400,-0.675360,0.223187,-0.068352,-0.025952,-0.002912,OFF
1786957343342306744,2026-08-17T16:02:23.342320,prediction,0.166375,0.530000,0.123622,0.162457,0.544569,0.125695,True,0.163300,0.547448,0.125234,0.003075,0.017448,0.001612,27.42,10,-0.236453,1.150161,0.506739,-0.236927,1.150048,0.506365,0.000000,0.000000,0.000000,0.000000,0.000000,0.000000,-0.015400,-0.675360,0.223187,-0.068352,-0.025952,-0.002912,OFF
1786957343380492638,2026-08-17T16:02:23.380508,prediction,0.167309,0.547000,0.123429,0.162859,0.544114,0.125291,True,0.163718,0.547008,0.124826,0.003591,0.000008,0.001397,23.49,10,-0.236723,1.149714,0.506412,-0.236927,1.150048,0.506365,0.000000,0.000000,0.000000,0.000000,0.000000,0.000000,-0.015400,-0.675360,0.223187,-0.068352,-0.025952,-0.002912,OFF
1786957343410783315,2026-08-17T16:02:23.410797,prediction,0.167309,0.547000,0.126454,0.163285,0.544023,0.125084,True,0.164158,0.546988,0.124629,0.003151,0.000011,0.001825,26.50,10,-0.237010,1.149255,0.506068,-0.237118,1.148228,0.505685,0.000000,0.000000,0.000000,0.000000,0.000000,0.000000,-0.015400,-0.675360,0.223187,-0.068352,-0.025952,-0.002912,OFF
1786957343448886473,2026-08-17T16:02:23.448907,prediction,0.164856,0.557000,0.141366,0.163686,0.544004,0.125485,True,0.164578,0.547049,0.125087,0.000279,0.009951,0.016279,30.12,10,-0.237315,1.148809,0.505723,-0.237118,1.148228,0.505685,0.000000,0.000000,0.000000,0.000000,0.000000,0.000000,-0.017640,-0.675360,0.223187,-0.068192,-0.026176,-0.002912,OFF
1786957343484070887,2026-08-17T16:02:23.484108,prediction,0.162203,0.563000,0.156231,0.163991,0.544854,0.126464,True,0.164888,0.548083,0.126186,0.002685,0.014917,0.030045,29.41,10,-0.237632,1.148402,0.505436,-0.238346,1.148376,0.505007,0.000000,0.000000,0.000000,0.000000,0.000000,0.000000,-0.017640,-0.675360,0.223187,-0.068192,-0.026176,-0.002912,OFF
1786957343507107615,2026-08-17T16:02:23.507140,prediction,0.162203,0.563000,0.156231,0.164053,0.545557,0.128450,True,0.164947,0.548931,0.128372,0.002743,0.014069,0.027859,21.34,10,-0.237964,1.148008,0.505248,-0.238346,1.148376,0.505007,0.000000,0.000000,0.000000,0.000000,0.000000,0.000000,-0.017640,-0.675360,0.223187,-0.068192,-0.026176,-0.002912,OFF
1786957343540025466,2026-08-17T16:02:23.540048,prediction,0.159510,0.568000,0.177015,0.163978,0.547138,0.131811,True,0.164861,0.550737,0.132046,0.005351,0.017263,0.044969,21.24,10,-0.238286,1.147687,0.505234,-0.238346,1.148376,0.505007,0.000000,0.000000,0.000000,0.000000,0.000000,0.000000,-0.017640,-0.675360,0.223187,-0.068192,-0.026176,-0.002912,OFF
1786957343571738865,2026-08-17T16:02:23.571757,prediction,0.150946,0.574000,0.206572,0.163251,0.548574,0.137161,True,0.164089,0.552334,0.137862,0.013143,0.021666,0.068709,19.65,10,-0.238591,1.147427,0.505491,-0.238400,1.146940,0.505385,0.000000,0.000000,0.000000,0.000000,0.000000,0.000000,-0.018200,-0.674520,0.221859,-0.067584,-0.025664,-0.003136,OFF
1786957343606051205,2026-08-17T16:02:23.606073,prediction,0.145678,0.584000,0.247489,0.162212,0.550301,0.145230,True,0.163002,0.554193,0.146594,0.017323,0.029807,0.100895,22.53,10,-0.238831,1.147308,0.506150,-0.238400,1.146940,0.505385,0.000000,0.000000,0.000000,0.000000,0.000000,0.000000,-0.014840,-0.674520,0.221859,-0.067456,-0.025664,-0.002624,OFF
1786957343643388449,2026-08-17T16:02:23.643420,prediction,0.133098,0.574000,0.290021,0.160357,0.552087,0.156129,True,0.161056,0.556043,0.158364,0.027958,0.017957,0.131657,21.55,10,-0.238985,1.147305,0.507404,-0.238973,1.146814,0.507425,0.000000,0.000000,0.000000,0.000000,0.000000,0.000000,-0.014840,-0.674520,0.221859,-0.067456,-0.025664,-0.002624,OFF
1786957343677126465,2026-08-17T16:02:23.677146,prediction,0.130506,0.579000,0.319222,0.158306,0.554151,0.169182,True,0.158904,0.558137,0.172405,0.028398,0.020863,0.146818,25.82,10,-0.238998,1.147441,0.509454,-0.239010,1.147728,0.510384,0.000000,0.000000,0.000000,0.000000,0.000000,0.000000,-0.014840,-0.674520,0.221859,-0.067456,-0.025664,-0.002624,OFF
1786957343706523787,2026-08-17T16:02:23.706545,prediction,0.124174,0.574000,0.355588,0.155673,0.556323,0.184651,True,0.156128,0.560271,0.188906,0.031954,0.013729,0.166682,20.92,10,-0.238856,1.147719,0.512467,-0.239010,1.147728,0.510384,0.000000,0.000000,0.000000,0.000000,0.000000,0.000000,-0.014840,-0.674520,0.221859,-0.067456,-0.025664,-0.002624,OFF
1786957343746082510,2026-08-17T16:02:23.746099,prediction,0.117727,0.568000,0.383342,0.152569,0.558198,0.201978,True,0.152833,0.561992,0.207217,0.035106,0.006008,0.176125,25.94,10,-0.238507,1.148156,0.516605,-0.238626,1.148133,0.515416,0.000000,0.000000,0.000000,0.000000,0.000000,0.000000,-0.017640,-0.674520,0.221859,-0.067456,-0.025888,-0.002912,OFF
1786957343779219694,2026-08-17T16:02:23.779273,prediction,0.112276,0.574000,0.421156,0.149143,0.560600,0.221818,True,0.149157,0.564181,0.227217,0.036881,0.009819,0.193939,24.23,10,-0.237910,1.148775,0.521991,-0.238626,1.148133,0.515416,0.000000,0.000000,0.000000,0.000000,0.000000,0.000000,-0.017640,-0.674520,0.221859,-0.067456,-0.025888,-0.002912,OFF
1786957343810187888,2026-08-17T16:02:23.810206,prediction,0.108774,0.568000,0.446137,0.145240,0.562200,0.243332,True,0.144907,0.565366,0.247217,0.036133,0.002634,0.198920,24.55,10,-0.237044,1.149543,0.528737,-0.237794,1.148885,0.522714,0.000000,0.000000,0.000000,0.000000,0.000000,0.000000,-0.017640,-0.674520,0.221859,-0.067456,-0.025888,-0.002912,OFF
1786957343841440659,2026-08-17T16:02:23.841479,prediction,0.105341,0.563000,0.468075,0.141171,0.564227,0.266296,True,0.140348,0.566877,0.267217,0.035006,0.003877,0.200859,20.91,10,-0.235855,1.150512,0.536843,-0.237794,1.148885,0.522714,0.000000,0.000000,0.000000,0.000000,0.000000,0.000000,-0.017640,-0.674520,0.221859,-0.067456,-0.025888,-0.002912,OFF
1786957343878801016,2026-08-17T16:02:23.878851,prediction,0.102805,0.568000,0.476040,0.136871,0.565752,0.289803,True,0.135382,0.567736,0.287217,0.032577,0.000264,0.188823,23.90,10,-0.234325,1.151608,0.546308,-0.236475,1.149938,0.531986,0.000000,0.000000,0.000000,0.000000,0.000000,0.000000,-0.015400,-0.674520,0.221527,-0.067456,-0.025216,-0.002912,OFF
1786957343907877143,2026-08-17T16:02:23.907899,prediction,0.102348,0.563000,0.486067,0.132540,0.566910,0.313777,True,0.130189,0.568107,0.307217,0.027840,0.005108,0.178850,21.57,10,-0.232436,1.152864,0.557134,-0.236475,1.149938,0.531986,0.000000,0.000000,0.000000,0.000000,0.000000,0.000000,-0.016940,-0.674520,0.221527,-0.066848,-0.025280,-0.003136,OFF
1786957343938593362,2026-08-17T16:02:23.938613,prediction,0.099356,0.563000,0.492064,0.127973,0.567995,0.337759,True,0.124555,0.568377,0.327217,0.025199,0.005377,0.164847,21.53,10,-0.230172,1.154220,0.569307,-0.236475,1.149938,0.531986,0.000000,0.000000,0.000000,0.000000,0.000000,0.000000,-0.016940,-0.674520,0.221527,-0.066848,-0.025280,-0.003136,OFF
1786957343972102697,2026-08-17T16:02:23.972120,prediction,0.096836,0.568000,0.493981,0.123439,0.568532,0.361267,True,0.118796,0.568100,0.347217,0.021961,0.000100,0.146764,17.82,10,-0.227503,1.155617,0.582782,-0.234757,1.151026,0.541712,0.000000,0.000000,0.000000,0.000000,0.000000,0.000000,-0.016940,-0.674520,0.221527,-0.066848,-0.025280,-0.003136,OFF
1786957344008555042,2026-08-17T16:02:24.008579,prediction,0.093851,0.568000,0.493981,0.118882,0.569226,0.383783,True,0.112919,0.568065,0.367217,0.019068,0.000065,0.126764,23.70,10,-0.224431,1.157019,0.597517,-0.234757,1.151026,0.541712,0.000000,0.000000,0.000000,0.000000,0.000000,0.000000,-0.016940,-0.674520,0.221527,-0.066848,-0.025280,-0.003136,OFF
1786957344038992065,2026-08-17T16:02:24.039011,prediction,0.094428,0.574000,0.489703,0.114543,0.569632,0.404629,True,0.107257,0.567836,0.387217,0.012829,0.006164,0.102486,20.84,10,-0.220962,1.158367,0.613440,-0.232932,1.152085,0.551576,0.000000,0.000000,0.000000,0.000000,0.000000,0.000000,-0.013020,-0.676340,0.220946,-0.066848,-0.025120,-0.002912,OFF
1786957344075720150,2026-08-17T16:02:24.075734,prediction,0.094909,0.579000,0.491603,0.110807,0.570033,0.423631,True,0.102239,0.567641,0.407217,0.007329,0.011359,0.084386,23.97,10,-0.217122,1.159657,0.630452,-0.230980,1.153020,0.561314,0.000000,0.000000,0.000000,0.000000,0.000000,0.000000,-0.013020,-0.676340,0.220946,-0.066848,-0.025120,-0.002912,OFF
1786957344115314520,2026-08-17T16:02:24.115330,prediction,0.093370,0.563000,0.495062,0.107320,0.570113,0.440136,True,0.097605,0.567225,0.420021,0.004235,0.004225,0.075041,24.85,10,-0.212998,1.160827,0.648409,-0.230980,1.153020,0.561314,0.000000,0.000000,0.000000,0.000000,0.000000,0.000000,-0.013020,-0.676340,0.220946,-0.066848,-0.025120,-0.002912,OFF
1786957344143562434,2026-08-17T16:02:24.143607,prediction,0.094428,0.574000,0.489703,0.104742,0.570129,0.453448,True,0.094026,0.566783,0.427084,0.000403,0.007217,0.062619,24.75,10,-0.208639,1.161878,0.666637,-0.228913,1.153839,0.571058,0.000000,0.000000,0.000000,0.000000,0.000000,0.000000,-0.013020,-0.676340,0.220946,-0.066848,-0.025120,-0.002912,OFF
1786957344173192535,2026-08-17T16:02:24.173220,prediction,0.093370,0.563000,0.489065,0.102266,0.569279,0.464771,True,0.090729,0.565602,0.432291,0.002641,0.002602,0.056774,20.32,10,-0.204170,1.162783,0.684552,-0.228913,1.153839,0.571058,0.000000,0.000000,0.000000,0.000000,0.000000,0.000000,-0.013020,-0.676340,0.220946,-0.066848,-0.025120,-0.002912,OFF
1786957344207762361,2026-08-17T16:02:24.207781,prediction,0.093370,0.563000,0.489065,0.100213,0.568522,0.473670,True,0.088010,0.564580,0.435637,0.005360,0.001580,0.053428,23.79,10,-0.199625,1.163537,0.701878,-0.228913,1.153839,0.571058,0.000000,0.000000,0.000000,0.000000,0.000000,0.000000,-0.017640,-0.676340,0.219618,-0.066560,-0.025120,-0.002912,OFF
1786957344242009318,2026-08-17T16:02:24.242025,prediction,0.093851,0.568000,0.488000,0.098621,0.567784,0.480647,True,0.085875,0.563619,0.437649,0.007977,0.004380,0.050351,21.06,10,-0.195084,1.164085,0.718326,-0.226737,1.154560,0.580776,0.000000,0.000000,0.000000,0.000000,0.000000,0.000000,-0.017640,-0.676340,0.219286,-0.066400,-0.024992,-0.003136,OFF
1786957344273921051,2026-08-17T16:02:24.273956,prediction,0.093851,0.568000,0.485010,0.097393,0.567317,0.484904,True,0.084257,0.563023,0.438186,0.009594,0.004977,0.046824,23.69,10,-0.190620,1.164425,0.733689,-0.226737,1.154560,0.580776,0.000000,0.000000,0.000000,0.000000,0.000000,0.000000,-0.017640,-0.676340,0.219286,-0.066400,-0.024992,-0.003136,OFF
1786957344306830055,2026-08-17T16:02:24.306848,prediction,0.093851,0.568000,0.485010,0.096398,0.567223,0.487495,True,0.082989,0.562839,0.437942,0.010862,0.005161,0.047068,20.65,10,-0.186293,1.164580,0.747753,-0.224428,1.155191,0.590554,0.000000,0.000000,0.000000,0.000000,0.000000,0.000000,-0.017640,-0.676340,0.219286,-0.066400,-0.024992,-0.003136,OFF
1786957344338659232,2026-08-17T16:02:24.338701,prediction,0.090867,0.568000,0.485010,0.095433,0.567205,0.488624,True,0.081881,0.562820,0.437168,0.008986,0.005180,0.047843,20.85,10,-0.182165,1.164549,0.760468,-0.224428,1.155191,0.590554,0.000000,0.000000,0.000000,0.000000,0.000000,0.000000,-0.017640,-0.676340,0.219286,-0.066400,-0.024992,-0.003136,OFF
1786957344378202997,2026-08-17T16:02:24.378251,prediction,0.091943,0.579000,0.482686,0.094709,0.567201,0.489067,True,0.081072,0.562830,0.436234,0.010871,0.016170,0.046453,21.99,10,-0.178268,1.164408,0.771798,-0.221989,1.155678,0.600131,0.000000,0.000000,0.000000,0.000000,0.000000,0.000000,-0.015400,-0.674520,0.219286,-0.066400,-0.024992,-0.002912,OFF
1786957344407516621,2026-08-17T16:02:24.407533,prediction,0.090867,0.568000,0.485010,0.093943,0.567467,0.488997,True,0.080303,0.563122,0.435306,0.010564,0.004878,0.049704,23.16,10,-0.174647,1.164164,0.781733,-0.221989,1.155678,0.600131,0.000000,0.000000,0.000000,0.000000,0.000000,0.000000,-0.015400,-0.674520,0.219286,-0.066400,-0.024992,-0.002912,OFF
1786957344445205568,2026-08-17T16:02:24.445225,prediction,0.092432,0.584000,0.481630,0.093482,0.568373,0.488301,True,0.079852,0.563982,0.434260,0.012580,0.020018,0.047370,25.92,10,-0.171321,1.163854,0.790272,-0.219457,1.156131,0.609842,0.000000,0.000000,0.000000,0.000000,0.000000,0.000000,-0.015400,-0.674520,0.219286,-0.066400,-0.024992,-0.002912,OFF
1786957344472404675,2026-08-17T16:02:24.472464,prediction,0.091943,0.579000,0.482686,0.093156,0.569408,0.487548,True,0.079558,0.564949,0.433370,0.012385,0.014051,0.049316,21.20,10,-0.168341,1.163526,0.797408,-0.219457,1.156131,0.609842,0.000000,0.000000,0.000000,0.000000,0.000000,0.000000,-0.015400,-0.674520,0.219286,-0.066400,-0.024992,-0.002912,OFF
1786957344503476164,2026-08-17T16:02:24.503495,prediction,0.092922,0.589000,0.480574,0.093094,0.570468,0.486655,True,0.079523,0.565912,0.432556,0.013399,0.023088,0.048018,17.70,10,-0.165725,1.163240,0.803152,-0.216783,1.156485,0.619464,0.000000,0.000000,0.000000,0.000000,0.000000,0.000000,-0.017640,-0.676340,0.219037,-0.065952,-0.024832,-0.003136,OFF
1786957344539050303,2026-08-17T16:02:24.539066,prediction,0.095871,0.589000,0.480574,0.093190,0.571800,0.486046,True,0.079628,0.567070,0.432001,0.016244,0.021929,0.048573,23.18,10,-0.163499,1.163015,0.807508,-0.216783,1.156485,0.619464,0.000000,0.000000,0.000000,0.000000,0.000000,0.000000,-0.015400,-0.676340,0.220282,-0.065952,-0.024608,-0.002912,OFF
1786957344582859100,2026-08-17T16:02:24.582876,prediction,0.095390,0.584000,0.481630,0.093324,0.573613,0.484556,True,0.079672,0.568010,0.431602,0.015719,0.015990,0.050028,30.93,10,-0.161657,1.162855,0.810493,-0.214022,1.156804,0.629031,0.000000,0.000000,0.000000,0.000000,0.000000,0.000000,-0.014840,-0.676340,0.220282,-0.065792,-0.024608,-0.002912,OFF
1786957344609722804,2026-08-17T16:02:24.609737,prediction,0.095390,0.584000,0.481630,0.093324,0.573613,0.484556,True,0.079859,0.568662,0.431120,0.015531,0.015338,0.050510,25.75,10,-0.160152,1.162782,0.812119,-0.211181,1.157120,0.638688,0.000000,0.000000,0.000000,0.000000,0.000000,0.000000,-0.013580,-0.676340,0.220282,-0.065504,-0.024608,-0.002912,OFF
1786957344647213607,2026-08-17T16:02:24.647234,prediction,0.095390,0.584000,0.481630,0.093389,0.574296,0.484018,True,0.079977,0.569244,0.430870,0.015413,0.014756,0.050760,23.92,10,-0.158969,1.162787,0.812859,-0.211181,1.157120,0.638688,0.000000,0.000000,0.000000,0.000000,0.000000,0.000000,-0.013580,-0.676340,0.220282,-0.065504,-0.024608,-0.002912,OFF
1786957344680488531,2026-08-17T16:02:24.680504,prediction,0.098349,0.584000,0.481630,0.093720,0.575552,0.483522,True,0.080305,0.570288,0.430615,0.018044,0.013712,0.051015,28.32,10,-0.158033,1.162865,0.813111,-0.208276,1.157434,0.648221,0.000000,0.000000,0.000000,0.000000,0.000000,0.000000,-0.013580,-0.676340,0.220282,-0.065504,-0.024608,-0.002912,OFF
1786957344708924501,2026-08-17T16:02:24.708944,prediction,0.097403,0.574000,0.483743,0.093989,0.576924,0.483167,True,0.080566,0.571440,0.430453,0.016837,0.002560,0.053290,19.70,10,-0.157338,1.163012,0.813000,-0.208276,1.157434,0.648221,0.000000,0.000000,0.000000,0.000000,0.000000,0.000000,-0.013580,-0.676340,0.220282,-0.065504,-0.024608,-0.002912,OFF
1786957344746769812,2026-08-17T16:02:24.746794,prediction,0.097403,0.574000,0.483743,0.094226,0.577785,0.482884,True,0.080800,0.572146,0.430343,0.016603,0.001854,0.053400,26.54,10,-0.156841,1.163291,0.812654,-0.205293,1.157773,0.657755,0.000000,0.000000,0.000000,0.000000,0.000000,0.000000,-0.013580,-0.676340,0.220282,-0.065504,-0.024608,-0.002912,OFF
1786957344785857647,2026-08-17T16:02:24.785893,prediction,0.097876,0.579000,0.482686,0.094794,0.578962,0.482503,True,0.081087,0.572508,0.430248,0.016789,0.006492,0.052438,31.17,10,-0.156503,1.163713,0.812167,-0.205293,1.157773,0.657755,0.000000,0.000000,0.000000,0.000000,0.000000,0.000000,-0.013580,-0.676340,0.219950,-0.065344,-0.024448,-0.002624,OFF
1786957344814896203,2026-08-17T16:02:24.814912,prediction,0.097876,0.579000,0.482686,0.094794,0.578962,0.482503,True,0.081332,0.573038,0.430184,0.016544,0.005962,0.052502,28.16,10,-0.156292,1.164252,0.811638,-0.202257,1.158175,0.667292,0.000000,0.000000,0.000000,0.000000,0.000000,0.000000,-0.013580,-0.676340,0.219950,-0.065344,-0.024448,-0.002624,OFF
1786957344838306225,2026-08-17T16:02:24.838333,prediction,0.098821,0.589000,0.483529,0.095325,0.579952,0.482405,True,0.081784,0.573795,0.430080,0.017037,0.015205,0.053449,19.65,10,-0.156181,1.164866,0.811120,-0.202257,1.158175,0.667292,0.000000,0.000000,0.000000,0.000000,0.000000,0.000000,-0.013580,-0.676340,0.219950,-0.065344,-0.024448,-0.002624,OFF
1786957344876038063,2026-08-17T16:02:24.876055,prediction,0.097876,0.579000,0.485658,0.095720,0.580737,0.482603,True,0.082108,0.574375,0.430140,0.015767,0.004625,0.055519,26.00,10,-0.156175,1.165532,0.810648,-0.199207,1.158662,0.676780,0.000000,0.000000,0.000000,0.000000,0.000000,0.000000,-0.013580,-0.676340,0.219950,-0.065344,-0.024448,-0.002624,OFF
1786957344911101329,2026-08-17T16:02:24.911147,prediction,0.098821,0.589000,0.483529,0.096250,0.582014,0.482504,True,0.082543,0.575388,0.430014,0.016278,0.013612,0.053515,21.80,10,-0.156244,1.166250,0.810242,-0.199207,1.158662,0.676780,0.000000,0.000000,0.000000,0.000000,0.000000,0.000000,-0.013580,-0.676340,0.219950,-0.065344,-0.024448,-0.002624,OFF
1786957344941953274,2026-08-17T16:02:24.941979,prediction,0.095871,0.589000,0.486485,0.096480,0.582803,0.482828,True,0.082710,0.575990,0.430140,0.013162,0.013010,0.056345,25.20,10,-0.156393,1.167010,0.809889,-0.199207,1.158662,0.676780,0.000000,0.000000,0.000000,0.000000,0.000000,0.000000,-0.013580,-0.676340,0.219950,-0.065344,-0.024448,-0.002624,OFF
1786957344980128357,2026-08-17T16:02:24.980146,prediction,0.095871,0.589000,0.486485,0.096742,0.583494,0.483081,True,0.082902,0.576498,0.430220,0.012969,0.012502,0.056264,28.06,10,-0.156584,1.167816,0.809614,-0.196135,1.159261,0.686330,0.000000,0.000000,0.000000,0.000000,0.000000,0.000000,-0.013580,-0.676340,0.219950,-0.065344,-0.024448,-0.002624,OFF
1786957345015211661,2026-08-17T16:02:25.015231,prediction,0.092432,0.584000,0.490521,0.096709,0.583899,0.483744,True,0.082829,0.576768,0.430549,0.009603,0.007232,0.059972,31.41,10,-0.156807,1.168617,0.809404,-0.193106,1.159981,0.695808,0.001744,0.000000,0.000000,0.000000,0.000000,0.000000,-0.019460,-0.677320,0.218705,-0.065184,-0.024384,-0.003136,OFF
1786957345040224075,2026-08-17T16:02:25.040245,prediction,0.093509,0.595000,0.488143,0.096551,0.583980,0.484249,True,0.082657,0.576785,0.430826,0.010852,0.018215,0.057317,21.33,10,-0.157027,1.169394,0.809270,-0.193106,1.159981,0.695808,0.001744,0.000000,0.000000,0.000000,0.000000,0.000000,-0.019460,-0.677320,0.218705,-0.065184,-0.024384,-0.003136,OFF
1786957345076776669,2026-08-17T16:02:25.076798,prediction,0.089972,0.589000,0.492396,0.096222,0.583996,0.484896,True,0.082328,0.576762,0.431193,0.007643,0.012238,0.061203,25.61,10,-0.157229,1.170128,0.809192,-0.190100,1.160831,0.705309,0.001744,0.000000,0.000000,0.000000,0.000000,0.000000,-0.019460,-0.677320,0.218705,-0.065184,-0.024384,-0.003136,OFF
1786957345103887610,2026-08-17T16:02:25.103902,prediction,0.091066,0.600000,0.489999,0.095934,0.584586,0.485454,True,0.082020,0.577246,0.431487,0.009046,0.022754,0.058513,19.00,10,-0.157406,1.170792,0.809165,-0.190100,1.160831,0.705309,0.001744,0.000000,0.000000,0.000000,0.000000,0.000000,-0.019460,-0.677320,0.218705,-0.065184,-0.024384,-0.003136,OFF
1786957345146549103,2026-08-17T16:02:25.146566,prediction,0.089972,0.589000,0.492396,0.095573,0.584970,0.486172,True,0.081646,0.577557,0.431858,0.008326,0.011443,0.060538,27.91,10,-0.157550,1.171393,0.809189,-0.187123,1.161797,0.714810,0.001744,0.000000,0.000000,0.000000,0.000000,0.000000,-0.019460,-0.677320,0.218705,-0.065184,-0.024384,-0.003136,OFF
1786957345175637894,2026-08-17T16:02:25.175657,prediction,0.090569,0.595000,0.488143,0.095054,0.585634,0.486606,True,0.081147,0.578158,0.432111,0.009422,0.016841,0.056032,23.22,10,-0.157662,1.171971,0.809255,-0.187123,1.161797,0.714810,0.001744,0.000000,0.000000,0.000000,0.000000,0.000000,-0.019460,-0.677320,0.218705,-0.065184,-0.024384,-0.003136,OFF
1786957345204994208,2026-08-17T16:02:25.205027,prediction,0.091066,0.600000,0.481187,0.094632,0.586353,0.486435,True,0.080760,0.578842,0.432047,0.010306,0.021157,0.049141,20.27,10,-0.157718,1.172530,0.809355,-0.187123,1.161797,0.714810,0.001744,0.000000,0.000000,0.000000,0.000000,0.000000,-0.019460,-0.677320,0.218705,-0.065184,-0.024384,-0.003136,OFF
1786957345240388489,2026-08-17T16:02:25.240427,prediction,0.091564,0.605000,0.468406,0.094242,0.587884,0.485413,True,0.080434,0.580299,0.431544,0.011129,0.024701,0.036862,19.02,10,-0.157731,1.173061,0.809461,-0.184196,1.162919,0.724234,0.000000,0.000000,0.000000,0.000000,0.000000,0.000000,-0.016100,-0.678860,0.219618,-0.064576,-0.023840,-0.002560,OFF
1786957345278918642,2026-08-17T16:02:25.278937,prediction,0.088134,0.600000,0.454751,0.093561,0.589577,0.483621,True,0.079907,0.582017,0.430717,0.008227,0.017983,0.024033,26.97,10,-0.157706,1.173562,0.809541,-0.181246,1.164104,0.733735,0.000000,0.000000,0.000000,0.000000,0.000000,0.000000,-0.018200,-0.677040,0.218373,-0.064448,-0.024064,-0.003136,OFF
1786957345314239493,2026-08-17T16:02:25.314266,prediction,0.089146,0.610000,0.438166,0.092979,0.591302,0.480653,True,0.079533,0.583848,0.429289,0.009613,0.026152,0.008877,25.45,10,-0.157628,1.174097,0.809572,-0.181246,1.164104,0.733735,0.000000,0.000000,0.000000,0.000000,0.000000,0.000000,-0.013580,-0.678860,0.218373,-0.064448,-0.024064,-0.002912,OFF
1786957345345046163,2026-08-17T16:02:25.345064,prediction,0.089146,0.610000,0.414799,0.092334,0.593034,0.476071,True,0.079194,0.585835,0.427051,0.009952,0.024165,0.012251,25.40,10,-0.157508,1.174712,0.809513,-0.178278,1.165430,0.743209,0.000000,0.000000,0.000000,0.000000,0.000000,0.000000,-0.013580,-0.678860,0.218373,-0.064448,-0.024064,-0.002912,OFF
1786957345378449719,2026-08-17T16:02:25.378471,prediction,0.091564,0.605000,0.392249,0.091913,0.595033,0.469844,True,0.079136,0.588167,0.423858,0.012427,0.016833,0.031609,22.60,10,-0.157335,1.175411,0.809311,-0.178278,1.165430,0.743209,0.000000,0.000000,0.000000,0.000000,0.000000,0.000000,-0.013580,-0.678860,0.218373,-0.064448,-0.024064,-0.002912,OFF
1786957345406242886,2026-08-17T16:02:25.406264,prediction,0.092559,0.615000,0.367315,0.091496,0.596553,0.462096,True,0.079185,0.590208,0.419749,0.013374,0.024792,0.052434,21.82,10,-0.157137,1.176193,0.808892,-0.178278,1.165430,0.743209,0.000000,0.000000,0.000000,0.000000,0.000000,0.000000,-0.013580,-0.678860,0.218373,-0.064448,-0.024064,-0.002912,OFF
1786957345438929571,2026-08-17T16:02:25.438945,prediction,0.101752,0.620000,0.340425,0.091888,0.598244,0.452359,True,0.080053,0.592430,0.414189,0.021699,0.027570,0.073764,19.22,10,-0.156913,1.177085,0.808208,-0.175202,1.167109,0.752569,0.000000,0.000000,0.000000,0.000000,0.000000,0.000000,-0.018200,-0.677040,0.219618,-0.064448,-0.024384,-0.002912,OFF
1786957345475033690,2026-08-17T16:02:25.475060,prediction,0.112468,0.610000,0.315490,0.092994,0.599969,0.440959,True,0.081676,0.594698,0.407218,0.030791,0.015302,0.091728,23.69,10,-0.156736,1.178054,0.807144,-0.175202,1.167109,0.752569,0.000000,0.000000,0.000000,0.000000,0.000000,0.000000,-0.018200,-0.677040,0.219618,-0.064448,-0.024384,-0.002912,OFF
1786957345506320394,2026-08-17T16:02:25.506343,prediction,0.117875,0.605000,0.286801,0.094691,0.601434,0.427378,True,0.083994,0.596783,0.398343,0.033881,0.008216,0.111542,19.45,10,-0.156654,1.179124,0.805611,-0.172042,1.168982,0.761908,0.000000,0.000000,0.000000,0.000000,0.000000,0.000000,-0.018200,-0.677040,0.219618,-0.064448,-0.024384,-0.002912,OFF
1786957345547160103,2026-08-17T16:02:25.547178,prediction,0.121214,0.610000,0.268756,0.096538,0.602847,0.412752,True,0.086577,0.598845,0.388159,0.034637,0.011155,0.119403,28.62,10,-0.156732,1.180309,0.803464,-0.168699,1.171455,0.770981,0.000000,0.000000,0.000000,0.000000,0.000000,0.000000,-0.016100,-0.679140,0.218373,-0.064128,-0.023936,-0.002848,OFF
1786957345573324228,2026-08-17T16:02:25.573344,prediction,0.124129,0.610000,0.268756,0.098815,0.604249,0.397843,True,0.089651,0.600827,0.377087,0.034478,0.009173,0.108331,21.01,10,-0.156993,1.181614,0.800619,-0.168699,1.171455,0.770981,0.000000,0.000000,0.000000,0.000000,0.000000,0.000000,-0.017640,-0.679420,0.219286,-0.063680,-0.023936,-0.003136,OFF
1786957345611978565,2026-08-17T16:02:25.612000,prediction,0.126247,0.600000,0.275571,0.101160,0.605330,0.383547,True,0.092848,0.602435,0.365927,0.033398,0.002435,0.090356,27.01,10,-0.157481,1.183052,0.797012,-0.165036,1.175242,0.779482,0.000000,0.000000,0.000000,0.000000,0.000000,0.000000,-0.018200,-0.677600,0.219286,-0.063520,-0.023936,-0.003136,OFF
1786957345648995235,2026-08-17T16:02:25.649012,prediction,0.127539,0.579000,0.289502,0.103665,0.606133,0.370021,True,0.096226,0.603694,0.354927,0.031313,0.024694,0.065425,27.49,10,-0.158203,1.184622,0.792641,-0.165036,1.175242,0.779482,0.000000,0.000000,0.000000,0.000000,0.000000,0.000000,-0.018200,-0.677600,0.219286,-0.063520,-0.023936,-0.003136,OFF
1786957345681037163,2026-08-17T16:02:25.681057,prediction,0.123696,0.568000,0.317556,0.105873,0.605440,0.358649,True,0.099306,0.603396,0.345503,0.024390,0.035396,0.027946,28.19,10,-0.159175,1.186279,0.787513,-0.161593,1.180083,0.786035,0.000000,0.000000,0.000000,0.000000,0.000000,0.000000,-0.018200,-0.677600,0.219286,-0.063520,-0.023936,-0.003136,OFF
1786957345705267733,2026-08-17T16:02:25.705302,prediction,0.122420,0.589000,0.368263,0.107963,0.604448,0.351120,True,0.102140,0.602623,0.339368,0.020280,0.013623,0.028894,19.83,10,-0.160386,1.187989,0.781739,-0.161593,1.180083,0.786035,0.000000,0.000000,0.000000,0.000000,0.000000,0.000000,-0.018200,-0.677600,0.219286,-0.063520,-0.023936,-0.003136,OFF
1786957345740537378,2026-08-17T16:02:25.740554,prediction,0.113139,0.584000,0.425318,0.109402,0.603396,0.348248,True,0.104142,0.601674,0.337602,0.008997,0.017674,0.087716,23.52,10,-0.161811,1.189677,0.775560,-0.161593,1.180083,0.786035,0.000000,0.000000,0.000000,0.000000,0.000000,0.000000,-0.018200,-0.677600,0.219286,-0.063520,-0.023936,-0.003136,OFF
1786957345774444744,2026-08-17T16:02:25.774473,prediction,0.106775,0.579000,0.473770,0.110645,0.602332,0.349516,True,0.105732,0.600565,0.339769,0.001043,0.021565,0.134001,21.50,10,-0.163392,1.191282,0.769297,-0.158753,1.185035,0.790471,0.000000,0.000000,0.000000,0.000000,0.000000,0.000000,-0.018200,-0.677600,0.219286,-0.063520,-0.023936,-0.003136,OFF
1786957345814402920,2026-08-17T16:02:25.814426,prediction,0.105789,0.568000,0.511922,0.111754,0.600733,0.354433,True,0.106966,0.598757,0.345311,0.001177,0.030757,0.166611,27.79,10,-0.165113,1.192744,0.763234,-0.157119,1.189182,0.793180,0.001744,0.000000,0.000000,0.000000,0.000000,0.000000,-0.013020,-0.677600,0.218041,-0.063520,-0.023552,-0.002912,OFF
1786957345838773043,2026-08-17T16:02:25.838790,prediction,0.105341,0.563000,0.549035,0.112834,0.598173,0.363382,True,0.107895,0.595764,0.354285,0.002554,0.032764,0.194750,20.81,10,-0.166942,1.194025,0.757636,-0.157119,1.189182,0.793180,0.000000,0.000000,0.000000,0.000000,0.000000,0.000000,-0.018200,-0.680120,0.218041,-0.063072,-0.023776,-0.003136,OFF
1786957345879922014,2026-08-17T16:02:25.879940,prediction,0.107806,0.557000,0.574578,0.113917,0.595155,0.375537,True,0.108513,0.592109,0.365605,0.000707,0.035109,0.208974,26.41,10,-0.168856,1.195077,0.752785,-0.156833,1.192466,0.794386,0.000000,0.000000,0.000000,0.000000,0.000000,0.000000,-0.014140,-0.678580,0.219286,-0.063392,-0.023616,-0.002912,OFF
1786957345906829081,2026-08-17T16:02:25.906852,prediction,0.109428,0.541000,0.596934,0.115041,0.591724,0.390845,True,0.108810,0.587831,0.378746,0.000618,0.046831,0.218188,19.94,10,-0.170814,1.195816,0.748901,-0.156833,1.192466,0.794386,0.000000,0.000000,0.000000,0.000000,0.000000,0.000000,-0.014140,-0.678580,0.219286,-0.063392,-0.023616,-0.002912,OFF
1786957345942795119,2026-08-17T16:02:25.942815,prediction,0.112965,0.547000,0.604395,0.115789,0.587411,0.408443,True,0.108399,0.582567,0.392633,0.004566,0.035567,0.211762,24.27,10,-0.172789,1.196175,0.746168,-0.157777,1.194822,0.793976,0.000000,0.000000,0.000000,0.000000,0.000000,0.000000,-0.014140,-0.678580,0.219286,-0.063392,-0.023616,-0.002912,OFF
1786957345977223418,2026-08-17T16:02:25.977287,prediction,0.116399,0.552000,0.612074,0.116051,0.582922,0.428215,True,0.107163,0.577062,0.406707,0.009236,0.025062,0.205367,21.16,10,-0.174679,1.196119,0.744731,-0.157777,1.194822,0.793976,0.000000,0.000000,0.000000,0.000000,0.000000,0.000000,-0.014140,-0.678580,0.219286,-0.063392,-0.023616,-0.002912,OFF
1786957346009953404,2026-08-17T16:02:26.009969,prediction,0.118515,0.541000,0.615143,0.116094,0.578664,0.450105,True,0.105348,0.571683,0.420372,0.013167,0.030684,0.194772,24.03,10,-0.176378,1.195582,0.744697,-0.159729,1.196316,0.791783,0.000000,0.000000,0.000000,0.000000,0.000000,0.000000,-0.014140,-0.678580,0.219286,-0.063392,-0.023616,-0.002912,OFF
1786957346043277771,2026-08-17T16:02:26.043300,prediction,0.118515,0.541000,0.621213,0.115914,0.574133,0.473602,True,0.103014,0.565982,0.432857,0.015501,0.024982,0.188357,20.02,10,-0.177801,1.194534,0.746165,-0.159729,1.196316,0.791783,0.000000,0.000000,0.000000,0.000000,0.000000,0.000000,-0.014140,-0.678580,0.219286,-0.063392,-0.023616,-0.002912,OFF
1786957346077054541,2026-08-17T16:02:26.077109,prediction,0.118515,0.541000,0.621213,0.115539,0.569547,0.497099,True,0.100336,0.560280,0.443049,0.018180,0.019281,0.178164,27.19,10,-0.178897,1.192986,0.749145,-0.162521,1.196943,0.787728,0.000000,0.000000,0.000000,0.000000,0.000000,0.000000,-0.014140,-0.678580,0.219286,-0.063392,-0.023616,-0.002912,OFF
1786957346110966997,2026-08-17T16:02:26.111036,prediction,0.118108,0.536000,0.622625,0.114997,0.564949,0.520236,True,0.097429,0.554659,0.450802,0.020680,0.018659,0.171822,20.61,10,-0.179610,1.190924,0.753542,-0.162521,1.196943,0.787728,0.000000,0.000000,0.000000,0.000000,0.000000,0.000000,-0.014140,-0.678580,0.219286,-0.063392,-0.023616,-0.002912,OFF
1786957346154330133,2026-08-17T16:02:26.154347,prediction,0.119003,0.547000,0.619519,0.114482,0.560883,0.542250,True,0.094563,0.549608,0.462250,0.024440,0.002608,0.157270,33.60,10,-0.179915,1.188349,0.759201,-0.166248,1.196332,0.781936,0.000000,0.000000,0.000000,0.000000,0.000000,0.000000,-0.014840,-0.680400,0.219286,-0.063072,-0.023616,-0.002624,OFF
1786957346185496632,2026-08-17T16:02:26.185530,prediction,0.119003,0.547000,0.619519,0.114169,0.558363,0.562381,True,0.091956,0.545940,0.482250,0.027047,0.001060,0.137270,25.32,10,-0.179804,1.185286,0.766356,-0.166248,1.196332,0.781936,0.000000,0.000000,0.000000,0.000000,0.000000,0.000000,-0.014840,-0.680400,0.219286,-0.063072,-0.023616,-0.002624,OFF
1786957346218085842,2026-08-17T16:02:26.218104,prediction,0.119003,0.547000,0.622544,0.113941,0.556153,0.579333,True,0.089671,0.542736,0.499333,0.029333,0.004264,0.123212,22.85,10,-0.179314,1.181805,0.775472,-0.170983,1.193879,0.776813,0.000000,0.000000,0.000000,0.000000,0.000000,0.000000,-0.014840,-0.680400,0.219286,-0.063072,-0.023616,-0.002624,OFF
1786957346250752620,2026-08-17T16:02:26.250781,prediction,0.119003,0.547000,0.628594,0.114332,0.553737,0.592884,True,0.088134,0.539553,0.512884,0.030869,0.007447,0.115710,24.36,10,-0.178483,1.178044,0.786136,-0.170983,1.193879,0.776813,0.000000,0.000000,0.000000,0.000000,0.000000,0.000000,-0.014840,-0.680400,0.219286,-0.063072,-0.023616,-0.002624,OFF
1786957346289827079,2026-08-17T16:02:26.289839,prediction,0.117620,0.530000,0.645690,0.115844,0.548176,0.613060,True,0.087048,0.536494,0.532884,0.030572,0.006494,0.112805,31.32,10,-0.177416,1.174098,0.797822,-0.174987,1.189852,0.773041,0.001744,0.000000,0.000000,0.000000,0.000000,0.000000,-0.019460,-0.679140,0.218041,-0.063072,-0.023776,-0.003136,OFF
1786957346321503769,2026-08-17T16:02:26.321525,prediction,0.120667,0.530000,0.657902,0.115844,0.548176,0.613060,True,0.086242,0.533197,0.533060,0.034425,0.003197,0.124842,30.18,10,-0.176170,1.169995,0.810696,-0.174987,1.189852,0.773041,0.000000,0.000000,0.000000,0.000000,0.000000,0.000000,-0.015400,-0.679420,0.219286,-0.062784,-0.023392,-0.002912,OFF
1786957346348008267,2026-08-17T16:02:26.348025,prediction,0.120667,0.530000,0.657902,0.116866,0.545528,0.620318,True,0.085763,0.530376,0.540318,0.034905,0.000376,0.117584,25.13,10,-0.174788,1.165758,0.823213,-0.177601,1.185632,0.770914,0.000000,0.000000,0.000000,0.000000,0.000000,0.000000,-0.018200,-0.681380,0.219286,-0.062784,-0.023616,-0.002912,OFF
1786957346379382757,2026-08-17T16:02:26.379440,prediction,0.118914,0.508000,0.676870,0.117606,0.543239,0.627137,True,0.085192,0.527933,0.547137,0.033721,0.019933,0.129733,20.30,10,-0.173313,1.161414,0.835615,-0.177601,1.185632,0.770914,0.000000,0.000000,0.000000,0.000000,0.000000,0.000000,-0.018200,-0.681380,0.219286,-0.062784,-0.023616,-0.002912,OFF
1786957346414059494,2026-08-17T16:02:26.414072,prediction,0.124622,0.502000,0.691109,0.118619,0.540168,0.633415,True,0.084907,0.525014,0.553415,0.039716,0.023014,0.137694,26.32,10,-0.171758,1.157058,0.847717,-0.178893,1.181777,0.770583,0.000000,0.000000,0.000000,0.000000,0.000000,0.000000,-0.018200,-0.681380,0.219286,-0.062784,-0.023616,-0.002912,OFF
1786957346438511130,2026-08-17T16:02:26.438528,prediction,0.126818,0.490000,0.701112,0.119543,0.537153,0.639863,True,0.084601,0.522191,0.559863,0.042217,0.032191,0.141249,19.36,10,-0.170165,1.152764,0.859362,-0.178893,1.181777,0.770583,0.000000,0.000000,0.000000,0.000000,0.000000,0.000000,-0.018200,-0.681380,0.219286,-0.062784,-0.023616,-0.002912,OFF
1786957346479539885,2026-08-17T16:02:26.479560,prediction,0.130809,0.502000,0.706606,0.120503,0.534151,0.646165,True,0.084367,0.519443,0.566165,0.046442,0.017443,0.140440,24.68,10,-0.168578,1.148555,0.870511,-0.179248,1.178190,0.772235,0.000000,0.000000,0.000000,0.000000,0.000000,0.000000,-0.018200,-0.681380,0.219286,-0.062784,-0.023616,-0.002912,OFF
1786957346506482719,2026-08-17T16:02:26.506506,prediction,0.130370,0.496000,0.714756,0.121294,0.530830,0.652806,True,0.084043,0.516554,0.572806,0.046327,0.020554,0.141950,18.79,10,-0.167058,1.144493,0.881141,-0.179248,1.178190,0.772235,0.000000,0.000000,0.000000,0.000000,0.000000,0.000000,-0.018200,-0.681380,0.219286,-0.062784,-0.023616,-0.002912,OFF
1786957346547133441,2026-08-17T16:02:26.547152,prediction,0.133044,0.490000,0.719826,0.122262,0.527766,0.659380,True,0.083840,0.513866,0.579380,0.049205,0.023866,0.140446,26.44,10,-0.165638,1.140607,0.891303,-0.178987,1.174856,0.776010,0.000000,0.000000,0.000000,0.000000,0.000000,0.000000,-0.018200,-0.681380,0.219286,-0.062784,-0.023616,-0.002912,OFF
1786957346581396468,2026-08-17T16:02:26.581423,prediction,0.133902,0.502000,0.715904,0.123288,0.524753,0.665693,True,0.083695,0.511277,0.585693,0.050207,0.009277,0.130210,23.74,10,-0.164360,1.136890,0.901072,-0.178987,1.174856,0.776010,0.000000,0.000000,0.000000,0.000000,0.000000,0.000000,-0.016100,-0.679420,0.219286,-0.062784,-0.023328,-0.003136,OFF
1786957346614097550,2026-08-17T16:02:26.614114,prediction,0.134688,0.513000,0.712308,0.124393,0.522071,0.671672,True,0.083617,0.508953,0.591672,0.051071,0.004047,0.120636,28.60,10,-0.163250,1.133367,0.910581,-0.178361,1.171704,0.781956,0.000000,0.000000,0.000000,0.000000,0.000000,0.000000,-0.016940,-0.680120,0.219286,-0.062464,-0.023168,-0.002912,OFF
1786957346642557975,2026-08-17T16:02:26.642595,prediction,0.138531,0.524000,0.705649,0.125641,0.520041,0.677402,True,0.083622,0.507060,0.597402,0.054909,0.016940,0.108247,21.56,10,-0.162330,1.130049,0.919973,-0.178361,1.171704,0.781956,0.000000,0.000000,0.000000,0.000000,0.000000,0.000000,-0.015400,-0.681940,0.219286,-0.062464,-0.023488,-0.003136,OFF
1786957346684365208,2026-08-17T16:02:26.684382,prediction,0.138182,0.519000,0.707275,0.126920,0.518141,0.683252,True,0.083628,0.505259,0.603252,0.054554,0.013741,0.104023,30.89,10,-0.161600,1.126948,0.928983,-0.177452,1.168710,0.790101,0.000000,0.000000,0.000000,0.000000,0.000000,0.000000,-0.016100,-0.681940,0.219286,-0.062336,-0.023168,-0.002912,OFF
1786957346712006269,2026-08-17T16:02:26.712024,prediction,0.135903,0.530000,0.703697,0.128046,0.516535,0.688662,True,0.083571,0.503705,0.608662,0.052332,0.026295,0.095035,23.16,10,-0.161045,1.124058,0.937049,-0.177452,1.168710,0.790101,0.000000,0.000000,0.000000,0.000000,0.000000,0.000000,-0.016100,-0.681940,0.219286,-0.062336,-0.023168,-0.002912,OFF
1786957346742603423,2026-08-17T16:02:26.742627,prediction,0.135903,0.530000,0.700644,0.129173,0.515307,0.693465,True,0.083550,0.502428,0.613465,0.052353,0.027572,0.087179,24.09,10,-0.160638,1.121311,0.944338,-0.176415,1.165788,0.799611,0.000000,0.000000,0.000000,0.000000,0.000000,0.000000,-0.016100,-0.681940,0.219286,-0.062336,-0.023168,-0.002912,OFF
1786957346780807201,2026-08-17T16:02:26.780829,prediction,0.135903,0.530000,0.700644,0.130392,0.514155,0.697333,True,0.083648,0.501259,0.617333,0.052255,0.028741,0.083311,26.11,10,-0.160333,1.118679,0.951044,-0.176415,1.165788,0.799611,0.000000,0.000000,0.000000,0.000000,0.000000,0.000000,-0.016100,-0.681940,0.219286,-0.062336,-0.023168,-0.002912,OFF
1786957346818844705,2026-08-17T16:02:26.818862,prediction,0.132052,0.519000,0.701132,0.132059,0.513291,0.704353,True,0.083557,0.500646,0.624353,0.048495,0.018354,0.076780,28.90,10,-0.160106,1.116173,0.956673,-0.175428,1.162783,0.809124,0.000000,0.000000,0.000000,0.000000,0.000000,0.000000,-0.014840,-0.680400,0.219286,-0.062336,-0.023488,-0.002912,OFF
1786957346845099602,2026-08-17T16:02:26.845137,prediction,0.132052,0.519000,0.701132,0.132059,0.513291,0.704353,True,0.083496,0.499923,0.624353,0.048555,0.019077,0.076780,24.36,10,-0.159927,1.113793,0.962760,-0.175428,1.162783,0.809124,0.000000,0.000000,0.000000,0.000000,0.000000,0.000000,-0.014140,-0.682220,0.218705,-0.062176,-0.022656,-0.002912,OFF
1786957346880037942,2026-08-17T16:02:26.880056,prediction,0.132417,0.524000,0.699523,0.132960,0.512578,0.705863,True,0.083628,0.499236,0.625863,0.048790,0.024764,0.073660,24.99,10,-0.159776,1.111581,0.968362,-0.174497,1.159738,0.818593,0.000000,0.000000,0.000000,0.000000,0.000000,0.000000,-0.017640,-0.682220,0.218705,-0.062016,-0.023328,-0.003232,OFF
1786957346906384111,2026-08-17T16:02:26.906400,prediction,0.132417,0.524000,0.699523,0.133479,0.513289,0.706424,True,0.083643,0.499468,0.626424,0.048775,0.024532,0.073099,20.40,10,-0.159672,1.109514,0.973610,-0.174497,1.159738,0.818593,0.000000,0.000000,0.000000,0.000000,0.000000,0.000000,-0.017640,-0.682220,0.218705,-0.062016,-0.023328,-0.003232,OFF
1786957346942956593,2026-08-17T16:02:26.942973,prediction,0.133295,0.536000,0.695659,0.133911,0.514604,0.706061,True,0.083704,0.500125,0.626061,0.049591,0.035875,0.069599,25.08,10,-0.159587,1.107583,0.978478,-0.173615,1.156654,0.828048,0.000000,0.000000,0.000000,0.000000,0.000000,0.000000,-0.017640,-0.682220,0.218705,-0.062016,-0.023328,-0.003232,OFF
1786957346981287089,2026-08-17T16:02:26.981325,prediction,0.132417,0.524000,0.699523,0.134018,0.516041,0.705588,True,0.083643,0.500913,0.625588,0.048774,0.023087,0.073934,24.42,10,-0.159528,1.105834,0.982891,-0.173615,1.156654,0.828048,0.000000,0.000000,0.000000,0.000000,0.000000,0.000000,-0.017640,-0.682220,0.218705,-0.062016,-0.023328,-0.003232,OFF
1786957347018139930,2026-08-17T16:02:27.018154,prediction,0.131247,0.508000,0.701585,0.134077,0.517821,0.704710,True,0.083615,0.501929,0.624710,0.047632,0.006071,0.076874,29.08,10,-0.159479,1.104307,0.986852,-0.172776,1.153546,0.837476,0.000000,0.000000,0.000000,0.000000,0.000000,0.000000,-0.018200,-0.682220,0.218705,-0.062016,-0.023328,-0.003136,OFF
1786957347043602282,2026-08-17T16:02:27.043627,prediction,0.131613,0.513000,0.699983,0.133981,0.519084,0.703387,True,0.083585,0.502723,0.623387,0.048028,0.010277,0.076596,21.99,10,-0.159451,1.103014,0.990313,-0.172776,1.153546,0.837476,0.000000,0.000000,0.000000,0.000000,0.000000,0.000000,-0.013020,-0.682220,0.218041,-0.062016,-0.023104,-0.002624,OFF
1786957347081976862,2026-08-17T16:02:27.081996,prediction,0.132052,0.519000,0.698061,0.133858,0.520243,0.702198,True,0.083562,0.503458,0.622198,0.048490,0.015542,0.075863,27.86,10,-0.159434,1.101975,0.993246,-0.171964,1.150409,0.846952,0.000000,0.000000,0.000000,0.000000,0.000000,0.000000,-0.013020,-0.682220,0.218041,-0.062016,-0.023104,-0.002624,OFF
1786957347108372124,2026-08-17T16:02:27.108390,prediction,0.129931,0.490000,0.704231,0.133541,0.521062,0.701659,True,0.083422,0.503987,0.621659,0.046509,0.013987,0.082571,20.19,10,-0.159425,1.101173,0.995680,-0.171964,1.150409,0.846952,0.000000,0.000000,0.000000,0.000000,0.000000,0.000000,-0.013020,-0.682220,0.218041,-0.062016,-0.023104,-0.002624,OFF
1786957347152672618,2026-08-17T16:02:27.152711,prediction,0.130809,0.502000,0.700407,0.133026,0.520639,0.701310,True,0.083203,0.503847,0.621310,0.047606,0.001847,0.079097,31.12,10,-0.159412,1.100595,0.997679,-0.171175,1.147275,0.856436,0.000000,0.000000,0.000000,0.000000,0.000000,0.000000,-0.016380,-0.682220,0.218041,-0.061888,-0.022784,-0.002912,OFF
1786957347184691483,2026-08-17T16:02:27.184705,prediction,0.131613,0.513000,0.696902,0.132219,0.517892,0.700527,True,0.083001,0.503212,0.620527,0.048612,0.009788,0.076375,27.46,10,-0.159384,1.100208,0.999273,-0.171175,1.147275,0.856436,0.000000,0.000000,0.000000,0.000000,0.000000,0.000000,-0.016380,-0.682220,0.218041,-0.061728,-0.022784,-0.002912,OFF
1786957347206218836,2026-08-17T16:02:27.206261,prediction,0.131613,0.513000,0.696902,0.132219,0.517892,0.700527,True,0.082935,0.502481,0.620527,0.048678,0.010519,0.076375,19.54,10,-0.159342,1.099959,1.000425,-0.171175,1.147275,0.856436,0.000000,0.000000,0.000000,0.000000,0.000000,0.000000,-0.016380,-0.682220,0.218041,-0.061728,-0.022784,-0.002912,OFF
1786957347246879917,2026-08-17T16:02:27.246902,prediction,0.131613,0.513000,0.696902,0.131933,0.516698,0.700277,True,0.082851,0.501876,0.620277,0.048762,0.011124,0.076625,23.06,10,-0.159300,1.099800,1.001216,-0.171175,1.147275,0.856436,0.000000,0.000000,0.000000,0.000000,0.000000,0.000000,-0.016380,-0.682220,0.218041,-0.061728,-0.022784,-0.002912,OFF
1786957347275474014,2026-08-17T16:02:27.275508,prediction,0.131613,0.513000,0.696902,0.131647,0.515553,0.700028,True,0.082763,0.501308,0.620028,0.048850,0.011692,0.076874,19.48,10,-0.159253,1.099703,1.001670,-0.171175,1.147275,0.856436,0.000000,0.000000,0.000000,0.000000,0.000000,0.000000,-0.016380,-0.682220,0.218041,-0.061728,-0.022784,-0.002912,OFF
1786957347314626972,2026-08-17T16:02:27.314642,prediction,0.131613,0.513000,0.696902,0.131671,0.514417,0.699304,True,0.082866,0.500741,0.619304,0.048747,0.012259,0.077598,28.67,10,-0.159194,1.099654,1.001849,-0.170008,1.142620,0.870647,0.000000,0.000000,0.000000,0.000000,0.000000,0.000000,-0.015120,-0.682220,0.218041,-0.061280,-0.022880,-0.003136,OFF
1786957347350056889,2026-08-17T16:02:27.350076,prediction,0.131247,0.508000,0.698495,0.131618,0.513870,0.699128,True,0.082883,0.500479,0.619128,0.048365,0.007521,0.079367,27.27,10,-0.159148,1.099647,1.001513,-0.169227,1.139529,0.880059,0.000000,0.000000,0.000000,0.000000,0.000000,0.000000,-0.013580,-0.682220,0.218041,-0.061280,-0.022784,-0.002624,OFF
1786957347379634572,2026-08-17T16:02:27.379653,prediction,0.131613,0.513000,0.696902,0.131564,0.513441,0.698953,True,0.082894,0.500287,0.618953,0.048719,0.012713,0.077949,22.85,10,-0.159107,1.099650,1.001164,-0.169227,1.139529,0.880059,0.000000,0.000000,0.000000,0.000000,0.000000,0.000000,-0.016380,-0.682220,0.218041,-0.061120,-0.023040,-0.002912,OFF
1786957347409800373,2026-08-17T16:02:27.409822,prediction,0.131247,0.508000,0.698495,0.131486,0.512501,0.698885,True,0.082891,0.499805,0.618885,0.048357,0.008195,0.079611,24.78,10,-0.159058,1.099681,1.000704,-0.168430,1.136404,0.889519,0.000000,0.000000,0.000000,0.000000,0.000000,0.000000,-0.015400,-0.684460,0.219286,-0.061120,-0.023040,-0.002912,OFF
1786957347438776050,2026-08-17T16:02:27.438797,prediction,0.131247,0.508000,0.698495,0.131350,0.511460,0.699074,True,0.082838,0.499252,0.619074,0.048410,0.008748,0.079422,18.31,10,-0.159008,1.099731,1.000201,-0.168430,1.136404,0.889519,0.000000,0.000000,0.000000,0.000000,0.000000,0.000000,-0.015400,-0.684460,0.219286,-0.061120,-0.023040,-0.002912,OFF
1786957347476896731,2026-08-17T16:02:27.477028,prediction,0.130809,0.502000,0.697308,0.131243,0.510399,0.698926,True,0.082820,0.498703,0.618926,0.047989,0.003297,0.078382,24.05,10,-0.158950,1.099758,0.999735,-0.167612,1.133243,0.899026,0.000000,0.000000,0.000000,0.000000,0.000000,0.000000,-0.015400,-0.684460,0.219286,-0.061120,-0.023040,-0.002912,OFF
1786957347514346157,2026-08-17T16:02:27.514367,prediction,0.130809,0.502000,0.697308,0.131213,0.509013,0.698641,True,0.082854,0.497971,0.618641,0.047954,0.004029,0.078667,24.34,10,-0.158896,1.099718,0.999291,-0.167612,1.133243,0.899026,0.000000,0.000000,0.000000,0.000000,0.000000,0.000000,-0.015400,-0.684460,0.219286,-0.061120,-0.023040,-0.002912,OFF
1786957347546339013,2026-08-17T16:02:27.546365,prediction,0.132052,0.519000,0.691919,0.131243,0.508149,0.698103,True,0.082927,0.497538,0.618103,0.049124,0.021462,0.073816,23.18,10,-0.158845,1.099592,0.998887,-0.166784,1.130064,0.908461,0.000000,0.000000,0.000000,0.000000,0.000000,0.000000,-0.015400,-0.682500,0.218041,-0.061120,-0.023040,-0.002912,OFF
1786957347571939225,2026-08-17T16:02:27.571961,prediction,0.132052,0.519000,0.691919,0.131243,0.508296,0.697694,True,0.082963,0.497671,0.617694,0.049089,0.021329,0.074225,20.75,10,-0.158801,1.099355,0.998534,-0.166784,1.130064,0.908461,0.000000,0.000000,0.000000,0.000000,0.000000,0.000000,-0.012320,-0.682920,0.218041,-0.060960,-0.022656,-0.002912,OFF
1786957347621179734,2026-08-17T16:02:27.621195,prediction,0.132417,0.524000,0.684208,0.131384,0.508646,0.696668,True,0.083113,0.497945,0.616668,0.049304,0.026055,0.067540,31.47,10,-0.158761,1.099039,0.998234,-0.165942,1.126810,0.917875,0.000000,0.000000,0.000000,0.000000,0.000000,0.000000,-0.013580,-0.683480,0.218041,-0.061280,-0.022336,-0.002912,OFF
1786957347648523324,2026-08-17T16:02:27.648536,prediction,0.132417,0.524000,0.684208,0.131491,0.509622,0.695588,True,0.083248,0.498581,0.615588,0.049169,0.025419,0.068620,25.73,10,-0.158740,1.098667,0.997901,-0.165942,1.126810,0.917875,0.000000,0.000000,0.000000,0.000000,0.000000,0.000000,-0.014840,-0.683480,0.218041,-0.060960,-0.022432,-0.002912,OFF
1786957347681957307,2026-08-17T16:02:27.681976,prediction,0.133660,0.541000,0.678875,0.131710,0.511311,0.694025,True,0.083474,0.499636,0.614025,0.050186,0.041364,0.064850,29.35,10,-0.158744,1.098277,0.997520,-0.165095,1.123452,0.927249,0.000000,0.000000,0.000000,0.000000,0.000000,0.000000,-0.014840,-0.683480,0.218041,-0.061120,-0.022496,-0.002912,OFF
1786957347713420165,2026-08-17T16:02:27.713442,prediction,0.135269,0.563000,0.668976,0.131954,0.513729,0.692164,True,0.083735,0.501126,0.612164,0.051534,0.061874,0.056812,23.03,10,-0.158775,1.097919,0.997086,-0.165095,1.123452,0.927249,0.000000,0.000000,0.000000,0.000000,0.000000,0.000000,-0.015400,-0.683480,0.219286,-0.061120,-0.022496,-0.002912,OFF
1786957347743878938,2026-08-17T16:02:27.743897,prediction,0.133660,0.541000,0.669771,0.132091,0.515706,0.690355,True,0.083956,0.502385,0.610355,0.049704,0.038615,0.059416,24.88,10,-0.158828,1.097656,0.996529,-0.164255,1.119993,0.936538,0.000000,0.000000,0.000000,0.000000,0.000000,0.000000,-0.014840,-0.685300,0.218041,-0.060832,-0.022496,-0.002912,OFF
1786957347775151096,2026-08-17T16:02:27.775176,prediction,0.132856,0.530000,0.664008,0.132174,0.517594,0.688162,True,0.084190,0.503627,0.608162,0.048665,0.026373,0.055846,19.93,10,-0.158902,1.097532,0.995867,-0.164255,1.119993,0.936538,0.000000,0.000000,0.000000,0.000000,0.000000,0.000000,-0.014840,-0.685300,0.218041,-0.060832,-0.022496,-0.002912,OFF
1786957347813143565,2026-08-17T16:02:27.813165,prediction,0.130257,0.536000,0.656099,0.132083,0.519199,0.685442,True,0.084390,0.504775,0.605442,0.045868,0.031225,0.050657,26.73,10,-0.158997,1.097534,0.995076,-0.163412,1.116393,0.945923,0.000000,0.000000,0.000000,0.000000,0.000000,0.000000,-0.014840,-0.685300,0.218041,-0.060832,-0.022496,-0.002912,OFF
1786957347838933906,2026-08-17T16:02:27.838965,prediction,0.130631,0.541000,0.645492,0.132042,0.520746,0.681908,True,0.084689,0.505951,0.601908,0.045942,0.035049,0.043584,19.26,10,-0.159099,1.097658,0.994152,-0.163412,1.116393,0.945923,0.000000,0.000000,0.000000,0.000000,0.000000,0.000000,-0.014840,-0.685300,0.218041,-0.060832,-0.022496,-0.002912,OFF
1786957347875262107,2026-08-17T16:02:27.875278,prediction,0.131454,0.552000,0.627158,0.132031,0.522549,0.677259,True,0.085101,0.507372,0.597259,0.046352,0.044628,0.029899,23.02,10,-0.159219,1.097898,0.993004,-0.162591,1.112772,0.955140,0.000000,0.000000,0.000000,0.000000,0.000000,0.000000,-0.017640,-0.683480,0.218041,-0.061120,-0.022880,-0.003136,OFF
1786957347914506327,2026-08-17T16:02:27.914528,prediction,0.131080,0.547000,0.610444,0.132020,0.524990,0.671388,True,0.085619,0.509292,0.591388,0.045460,0.037708,0.019056,20.79,10,-0.159366,1.098238,0.991558,-0.162591,1.112772,0.955140,0.000000,0.000000,0.000000,0.000000,0.000000,0.000000,-0.017640,-0.683480,0.218041,-0.061120,-0.022880,-0.003136,OFF
1786957347947405542,2026-08-17T16:02:27.947433,prediction,0.133295,0.536000,0.589150,0.132157,0.527558,0.664099,True,0.086355,0.511424,0.584099,0.046939,0.024576,0.005052,26.96,10,-0.159548,1.098683,0.989725,-0.161776,1.108997,0.964406,0.000000,0.000000,0.000000,0.000000,0.000000,0.000000,-0.017640,-0.683480,0.218041,-0.061120,-0.022880,-0.003136,OFF
1786957347976115548,2026-08-17T16:02:27.976138,prediction,0.134464,0.552000,0.560791,0.132400,0.530152,0.654998,True,0.087333,0.513749,0.574998,0.047132,0.038250,0.014207,19.11,10,-0.159783,1.099279,0.987393,-0.161776,1.108997,0.964406,0.000000,0.000000,0.000000,0.000000,0.000000,0.000000,-0.017640,-0.683480,0.218041,-0.061120,-0.022880,-0.003136,OFF
1786957348022992571,2026-08-17T16:02:28.023012,prediction,0.141254,0.563000,0.486067,0.133563,0.537227,0.629421,True,0.088746,0.516673,0.554998,0.052508,0.046327,0.068931,32.37,10,-0.160084,1.100047,0.984465,-0.161017,1.104985,0.973398,0.000000,0.000000,0.000000,0.000000,0.000000,0.000000,-0.015400,-0.683760,0.218041,-0.060960,-0.022336,-0.002912,OFF
1786957348048250247,2026-08-17T16:02:28.048286,prediction,0.141254,0.563000,0.486067,0.133563,0.537227,0.629421,True,0.090422,0.520277,0.549421,0.050832,0.042723,0.063354,24.72,10,-0.160476,1.101003,0.980222,-0.161017,1.104985,0.973398,0.000000,0.000000,0.000000,0.000000,0.000000,0.000000,-0.016660,-0.683760,0.218041,-0.060960,-0.022880,-0.002912,OFF
1786957348079270480,2026-08-17T16:02:28.079288,prediction,0.146841,0.557000,0.439199,0.134549,0.540352,0.612573,True,0.092689,0.523691,0.532573,0.054151,0.033309,0.093373,25.68,10,-0.160976,1.102192,0.975643,-0.160496,1.101256,0.980239,0.000000,0.000000,0.000000,0.000000,0.000000,0.000000,-0.016380,-0.683760,0.218041,-0.060960,-0.022560,-0.002912,OFF
1786957348112944165,2026-08-17T16:02:28.112965,prediction,0.149519,0.552000,0.385823,0.135714,0.543004,0.592371,True,0.095495,0.527111,0.512573,0.054024,0.024889,0.126749,23.12,10,-0.161624,1.103635,0.969968,-0.160496,1.101256,0.980239,0.000000,0.000000,0.000000,0.000000,0.000000,0.000000,-0.014140,-0.683760,0.218041,-0.060960,-0.022336,-0.002624,OFF
1786957348144596991,2026-08-17T16:02:28.144656,prediction,0.151270,0.579000,0.331111,0.136970,0.545561,0.568831,True,0.098818,0.530767,0.492573,0.052452,0.048233,0.161462,24.94,10,-0.162450,1.105311,0.963029,-0.162450,1.105311,0.963029,0.000000,0.000000,0.000000,0.000000,0.000000,0.000000,-0.015120,-0.684040,0.218041,-0.060960,-0.022560,-0.002912,OFF
1786957348177767047,2026-08-17T16:02:28.177797,prediction,0.152633,0.600000,0.260884,0.138235,0.549005,0.540965,True,0.102696,0.535433,0.472573,0.049937,0.064566,0.211689,22.00,10,-0.163488,1.107202,0.954827,-0.162450,1.105311,0.963029,0.000000,0.000000,0.000000,0.000000,0.000000,0.000000,-0.015120,-0.684040,0.218041,-0.060960,-0.022560,-0.002912,OFF
1786957348219505420,2026-08-17T16:02:28.219522,prediction,0.151919,0.589000,0.185018,0.139345,0.552254,0.508701,True,0.107048,0.540350,0.452573,0.044871,0.048650,0.267554,31.65,10,-0.164769,1.109297,0.945397,-0.162732,1.105796,0.960883,0.000000,0.000000,0.000000,0.000000,0.000000,0.000000,-0.015120,-0.684040,0.218041,-0.060960,-0.022560,-0.002912,OFF
1786957348246421553,2026-08-17T16:02:28.246463,prediction,0.149843,0.557000,0.120307,0.140424,0.555464,0.472070,True,0.111914,0.545514,0.432573,0.037929,0.011486,0.312266,21.36,10,-0.166324,1.111625,0.934758,-0.162732,1.105796,0.960883,0.000000,0.000000,0.000000,0.000000,0.000000,0.000000,-0.015120,-0.684040,0.218041,-0.060960,-0.022560,-0.002912,OFF
1786957348284401259,2026-08-17T16:02:28.284425,prediction,0.149519,0.552000,0.017788,0.141513,0.556959,0.431797,True,0.117212,0.549334,0.412573,0.032307,0.002666,0.394784,28.16,10,-0.168187,1.114183,0.922906,-0.163464,1.106952,0.956648,0.000000,0.000000,0.000000,0.000000,0.000000,0.000000,-0.015400,-0.684040,0.218041,-0.060960,-0.022336,-0.002912,OFF
1786957348307341255,2026-08-17T16:02:28.307368,prediction,0.149519,0.552000,0.017788,0.142798,0.558112,0.389243,True,0.122804,0.552668,0.392573,0.026715,0.000668,0.374784,20.85,10,-0.170389,1.116994,0.909867,-0.163464,1.106952,0.956648,0.000000,0.000000,0.000000,0.000000,0.000000,0.000000,-0.015400,-0.684040,0.218041,-0.060960,-0.022336,-0.002912,OFF
1786957348343543819,2026-08-17T16:02:28.343612,prediction,0.148805,0.541000,-0.013071,0.144009,0.558929,0.345339,True,0.128194,0.555501,0.372573,0.020611,0.014501,0.385644,21.80,10,-0.172950,1.119994,0.895675,-0.164527,1.108499,0.950259,0.000000,0.000000,0.000000,0.000000,0.000000,0.000000,-0.015400,-0.684040,0.218041,-0.060960,-0.022336,-0.002912,OFF
1786957348379304420,2026-08-17T16:02:28.379332,prediction,0.156574,0.519000,-0.017528,0.145684,0.559092,0.302360,True,0.133546,0.557402,0.352573,0.023028,0.038402,0.370101,19.47,10,-0.175850,1.123149,0.880386,-0.164527,1.108499,0.950259,0.000000,0.000000,0.000000,0.000000,0.000000,0.000000,-0.015400,-0.684040,0.218041,-0.060960,-0.022336,-0.002912,OFF
1786957348414592440,2026-08-17T16:02:28.414616,prediction,0.164505,0.496000,-0.015905,0.147912,0.557632,0.260603,True,0.138851,0.557345,0.332573,0.025654,0.061345,0.348478,27.11,10,-0.179080,1.126422,0.864074,-0.165963,1.110348,0.941721,0.000000,0.000000,0.000000,0.000000,0.000000,0.000000,-0.015400,-0.684040,0.218041,-0.060960,-0.022336,-0.002912,OFF
1786957348442558183,2026-08-17T16:02:28.442588,prediction,0.167289,0.490000,-0.019402,0.150179,0.554620,0.220033,True,0.143560,0.555300,0.312573,0.023728,0.065300,0.331975,20.69,10,-0.182629,1.129742,0.846819,-0.165963,1.110348,0.941721,0.000000,0.000000,0.000000,0.000000,0.000000,0.000000,-0.014840,-0.684460,0.218041,-0.060832,-0.022112,-0.002912,OFF
1786957348483850905,2026-08-17T16:02:28.483872,prediction,0.170402,0.490000,-0.019402,0.152574,0.550977,0.181353,True,0.147760,0.552112,0.292573,0.022642,0.062113,0.311975,30.08,10,-0.186442,1.132969,0.828718,-0.167711,1.112279,0.932075,0.000000,0.000000,0.000000,0.000000,0.000000,0.000000,-0.014840,-0.684460,0.218041,-0.060832,-0.022112,-0.002912,OFF
1786957348516687463,2026-08-17T16:02:28.516709,prediction,0.171332,0.508000,-0.024418,0.154727,0.546942,0.145092,True,0.151207,0.548068,0.272573,0.020125,0.040068,0.296991,24.69,10,-0.190471,1.135954,0.809889,-0.167711,1.112279,0.932075,0.000000,0.000000,0.000000,0.000000,0.000000,0.000000,-0.014840,-0.684460,0.218041,-0.060832,-0.022112,-0.002912,OFF
1786957348551707547,2026-08-17T16:02:28.551751,prediction,0.171022,0.502000,-0.024825,0.156711,0.542882,0.111032,True,0.154152,0.543658,0.252573,0.016870,0.041658,0.277398,29.99,10,-0.194635,1.138597,0.791061,-0.169558,1.114083,0.922405,0.000000,0.000000,0.000000,0.000000,0.000000,0.000000,-0.016380,-0.684740,0.219286,-0.060672,-0.022560,-0.002912,OFF
1786957348580760150,2026-08-17T16:02:28.580779,prediction,0.167929,0.502000,-0.031024,0.158117,0.538816,0.079684,True,0.156350,0.539037,0.232573,0.011579,0.037037,0.263597,24.51,10,-0.198883,1.140800,0.771271,-0.169558,1.114083,0.922405,0.000000,0.000000,0.000000,0.000000,0.000000,0.000000,-0.012320,-0.684740,0.218207,-0.060672,-0.022336,-0.002624,OFF
1786957348611502909,2026-08-17T16:02:28.611553,prediction,0.168515,0.513000,-0.024078,0.159383,0.535070,0.052357,True,0.158387,0.534661,0.212573,0.010128,0.021661,0.236651,22.45,10,-0.203127,1.142488,0.751271,-0.171453,1.115688,0.912741,0.000000,0.000000,0.000000,0.000000,0.000000,0.000000,-0.015680,-0.684740,0.218207,-0.060672,-0.022560,-0.002912,OFF
1786957348643167065,2026-08-17T16:02:28.643202,prediction,0.164505,0.496000,-0.025233,0.160266,0.531387,0.028601,True,0.159998,0.530296,0.192573,0.004508,0.034296,0.217806,22.13,10,-0.207320,1.143644,0.731271,-0.171453,1.115688,0.912741,0.000000,0.000000,0.000000,0.000000,0.000000,0.000000,-0.014140,-0.684740,0.218207,-0.060512,-0.022272,-0.002912,OFF
1786957348683282478,2026-08-17T16:02:28.683301,prediction,0.162082,0.508000,-0.024418,0.160896,0.526864,0.009581,True,0.161313,0.524985,0.172573,0.000769,0.016985,0.196991,26.75,10,-0.211399,1.144278,0.711271,-0.173384,1.117069,0.903003,0.000000,0.000000,0.000000,0.000000,0.000000,0.000000,-0.013580,-0.685020,0.219286,-0.060512,-0.021824,-0.002912,OFF
1786957348713128296,2026-08-17T16:02:28.713154,prediction,0.158299,0.496000,-0.025233,0.161321,0.520999,-0.004436,True,0.162371,0.518230,0.152573,0.004072,0.022230,0.177806,23.25,10,-0.215307,1.144380,0.691271,-0.173384,1.117069,0.903003,0.000000,0.000000,0.000000,0.000000,0.000000,0.000000,-0.016100,-0.685020,0.219286,-0.060512,-0.022048,-0.002624,OFF
1786957348754201644,2026-08-17T16:02:28.754218,prediction,0.155555,0.502000,-0.027925,0.162150,0.511475,-0.019940,True,0.163302,0.512009,0.132573,0.007747,0.010009,0.160497,32.97,10,-0.218995,1.143843,0.671271,-0.175302,1.118195,0.893257,0.001744,0.000000,0.000000,0.000000,0.000000,0.000000,-0.018900,-0.685020,0.218041,-0.060512,-0.022272,-0.003136,OFF
1786957348779426459,2026-08-17T16:02:28.779443,prediction,0.155555,0.502000,-0.027925,0.162150,0.511475,-0.019940,True,0.164116,0.507594,0.112573,0.008561,0.005594,0.140497,23.59,10,-0.222421,1.142556,0.651271,-0.175302,1.118195,0.893257,0.001744,0.000000,0.000000,0.000000,0.000000,0.000000,-0.018900,-0.685020,0.218041,-0.060512,-0.022272,-0.003136,OFF
1786957348816041551,2026-08-17T16:02:28.816060,prediction,0.152093,0.496000,-0.025233,0.162528,0.508002,-0.022808,True,0.164780,0.503977,0.092573,0.012687,0.007977,0.117806,27.60,10,-0.225548,1.140511,0.631271,-0.177186,1.119032,0.883435,0.001744,0.000000,0.000000,0.000000,0.000000,0.000000,-0.018900,-0.685020,0.218041,-0.060512,-0.022272,-0.003136,OFF
1786957348840524006,2026-08-17T16:02:28.840538,prediction,0.152093,0.496000,-0.025233,0.162748,0.504587,-0.023618,True,0.165191,0.500561,0.072573,0.013098,0.004561,0.097806,21.47,10,-0.228346,1.137876,0.611271,-0.177186,1.119032,0.883435,0.001744,0.000000,0.000000,0.000000,0.000000,0.000000,-0.018900,-0.685020,0.218041,-0.060512,-0.022272,-0.003136,OFF
1786957348882733116,2026-08-17T16:02:28.882757,prediction,0.152831,0.508000,-0.024418,0.162498,0.501504,-0.024078,True,0.164984,0.497605,0.052573,0.012152,0.010395,0.076991,27.30,10,-0.230813,1.134752,0.591271,-0.178982,1.119559,0.873650,0.001744,0.000000,0.000000,0.000000,0.000000,0.000000,-0.018900,-0.685020,0.218041,-0.060512,-0.022272,-0.003136,OFF
1786957348909438623,2026-08-17T16:02:28.909456,prediction,0.152462,0.502000,-0.021726,0.161695,0.499981,-0.024466,True,0.164058,0.496455,0.032573,0.011595,0.005545,0.054299,21.50,10,-0.232908,1.131197,0.571271,-0.178982,1.119559,0.873650,0.001744,0.000000,0.000000,0.000000,0.000000,0.000000,-0.018900,-0.685020,0.218041,-0.060512,-0.022272,-0.003136,OFF
1786957348944273649,2026-08-17T16:02:28.944323,prediction,0.150443,0.519000,-0.020599,0.160572,0.500316,-0.024546,True,0.162703,0.497405,0.012573,0.012259,0.021595,0.033172,24.24,10,-0.234589,1.127300,0.551271,-0.180682,1.119795,0.863794,0.001744,0.000000,0.000000,0.000000,0.000000,0.000000,-0.018900,-0.685020,0.218041,-0.060512,-0.022272,-0.003136,OFF
1786957348980325759,2026-08-17T16:02:28.980345,prediction,0.146665,0.508000,-0.021328,0.158990,0.501343,-0.024674,True,0.160825,0.499105,-0.007427,0.014161,0.008895,0.013901,23.16,10,-0.235865,1.123324,0.531271,-0.180682,1.119795,0.863794,0.000000,0.000000,0.000000,0.000000,0.000000,0.000000,-0.013020,-0.685020,0.219286,-0.060512,-0.022048,-0.002912,OFF
1786957349016143067,2026-08-17T16:02:29.016163,prediction,0.140839,0.513000,-0.017916,0.156957,0.502775,-0.024240,True,0.158481,0.501203,-0.020954,0.017642,0.011797,0.003038,26.72,10,-0.236736,1.119441,0.511271,-0.182248,1.119785,0.853945,0.000000,0.000000,0.000000,0.000000,0.000000,0.000000,-0.013020,-0.685300,0.219286,-0.060384,-0.022336,-0.002912,OFF
1786957349048040053,2026-08-17T16:02:29.048060,prediction,0.138182,0.519000,-0.017528,0.154767,0.503648,-0.023754,True,0.156017,0.502564,-0.020235,0.017835,0.016436,0.002707,23.92,10,-0.237221,1.115837,0.491703,-0.182248,1.119785,0.853945,0.000000,0.000000,0.000000,0.000000,0.000000,0.000000,-0.013020,-0.685300,0.219286,-0.060384,-0.022336,-0.002912,OFF
1786957349076775918,2026-08-17T16:02:29.076816,prediction,0.135117,0.519000,-0.011386,0.152580,0.504730,-0.022445,True,0.153608,0.504056,-0.018832,0.018491,0.014943,0.007447,23.34,10,-0.237345,1.112617,0.473516,-0.183686,1.119598,0.844020,0.000000,0.000000,0.000000,0.000000,0.000000,0.000000,-0.013020,-0.685300,0.219286,-0.060384,-0.022336,-0.002912,OFF
1786957349112892791,2026-08-17T16:02:29.112914,prediction,0.134688,0.513000,-0.008673,0.150325,0.505853,-0.021418,True,0.151146,0.505509,-0.017778,0.016457,0.007491,0.009106,21.01,10,-0.237163,1.109782,0.456755,-0.183686,1.119598,0.844020,0.000000,0.000000,0.000000,0.000000,0.000000,0.000000,-0.013020,-0.685300,0.219286,-0.060384,-0.022336,-0.002912,OFF
1786957349148194947,2026-08-17T16:02:29.148216,prediction,0.134331,0.508000,-0.008971,0.148313,0.506664,-0.020334,True,0.148990,0.506527,-0.016712,0.014659,0.001473,0.007741,24.53,10,-0.236680,1.107349,0.441399,-0.184992,1.119296,0.834094,0.000000,0.000000,0.000000,0.000000,0.000000,0.000000,-0.017640,-0.683480,0.218207,-0.060384,-0.022432,-0.003136,OFF
1786957349179947861,2026-08-17T16:02:29.179996,prediction,0.132052,0.519000,-0.005243,0.146311,0.507093,-0.019055,True,0.146884,0.507070,-0.015476,0.014832,0.011930,0.010232,20.82,10,-0.235946,1.105307,0.427446,-0.184992,1.119296,0.834094,0.000000,0.000000,0.000000,0.000000,0.000000,0.000000,-0.014140,-0.685720,0.219286,-0.060224,-0.022048,-0.002912,OFF
1786957349215797089,2026-08-17T16:02:29.215813,prediction,0.131247,0.508000,-0.005882,0.144508,0.507818,-0.017765,True,0.145007,0.507896,-0.014233,0.013760,0.000104,0.008352,27.64,10,-0.234984,1.103631,0.414910,-0.186189,1.118921,0.824058,0.000000,0.000000,0.000000,0.000000,0.000000,0.000000,-0.016100,-0.685720,0.219286,-0.060224,-0.022048,-0.002912,OFF
1786957349248081486,2026-08-17T16:02:29.248109,prediction,0.131247,0.508000,-0.005882,0.142863,0.507964,-0.016529,True,0.143336,0.508046,-0.013068,0.012089,0.000046,0.007187,23.48,10,-0.233826,1.102341,0.403789,-0.186189,1.118921,0.824058,0.000000,0.000000,0.000000,0.000000,0.000000,0.000000,-0.016940,-0.685720,0.218207,-0.060224,-0.022272,-0.003136,OFF
1786957349285852558,2026-08-17T16:02:29.285873,prediction,0.130809,0.502000,-0.003130,0.141213,0.508313,-0.014876,True,0.141674,0.508427,-0.011493,0.010865,0.006427,0.008363,32.12,10,-0.232495,1.101531,0.394080,-0.187259,1.118520,0.814124,0.000000,0.000000,0.000000,0.000000,0.000000,0.000000,-0.018200,-0.685720,0.219286,-0.060064,-0.022048,-0.002848,OFF
1786957349313309221,2026-08-17T16:02:29.313331,prediction,0.127715,0.502000,-0.003130,0.139381,0.508382,-0.013403,True,0.139819,0.508513,-0.010114,0.012103,0.006513,0.006984,21.19,10,-0.230999,1.101158,0.385809,-0.187259,1.118520,0.814124,0.000000,0.000000,0.000000,0.000000,0.000000,0.000000,-0.016660,-0.683760,0.219286,-0.060064,-0.022048,-0.002848,OFF
1786957349346658986,2026-08-17T16:02:29.346682,prediction,0.128164,0.508000,0.000297,0.137786,0.508716,-0.011701,True,0.138218,0.508896,-0.008501,0.010054,0.000896,0.008798,25.45,10,-0.229335,1.101128,0.378963,-0.188208,1.118127,0.804309,0.000000,0.000000,0.000000,0.000000,0.000000,0.000000,-0.016380,-0.685720,0.218207,-0.060064,-0.022112,-0.002912,OFF
1786957349373705345,2026-08-17T16:02:29.373718,prediction,0.127715,0.502000,-0.000031,0.136112,0.509103,-0.010075,True,0.136523,0.509353,-0.006969,0.008808,0.007353,0.006938,19.35,10,-0.227537,1.101364,0.373558,-0.188208,1.118127,0.804309,0.000000,0.000000,0.000000,0.000000,0.000000,0.000000,-0.017640,-0.686000,0.218207,-0.060064,-0.022272,-0.003136,OFF
1786957349415614400,2026-08-17T16:02:29.415630,prediction,0.128164,0.508000,0.003387,0.134492,0.509501,-0.008401,True,0.134882,0.509828,-0.005386,0.006718,0.001828,0.008772,29.88,10,-0.225640,1.101856,0.369589,-0.189065,1.117755,0.794358,0.000000,0.000000,0.000000,0.000000,0.000000,0.000000,-0.017640,-0.684040,0.218207,-0.060064,-0.022272,-0.003136,OFF
1786957349443201599,2026-08-17T16:02:29.443257,prediction,0.128164,0.508000,0.003387,0.133007,0.509580,-0.006802,True,0.133387,0.509942,-0.003882,0.005223,0.001942,0.007269,20.59,10,-0.223695,1.102581,0.367058,-0.189065,1.117755,0.794358,0.000000,0.000000,0.000000,0.000000,0.000000,0.000000,-0.017640,-0.684040,0.218207,-0.060064,-0.022272,-0.003136,OFF
1786957349480931433,2026-08-17T16:02:29.480948,prediction,0.127267,0.496000,0.002750,0.131713,0.509596,-0.005197,True,0.132100,0.509971,-0.002375,0.004833,0.013971,0.005125,26.46,10,-0.221740,1.103388,0.365961,-0.189825,1.117421,0.784391,0.000000,0.000000,0.000000,0.000000,0.000000,0.000000,-0.017640,-0.684040,0.218207,-0.060064,-0.022272,-0.003136,OFF
1786957349519342732,2026-08-17T16:02:29.519357,prediction,0.127715,0.502000,0.003068,0.130839,0.509012,-0.003798,True,0.131281,0.509300,-0.001079,0.003566,0.007300,0.004147,31.06,10,-0.219825,1.104218,0.366298,-0.189825,1.117421,0.784391,0.000000,0.000000,0.000000,0.000000,0.000000,0.000000,-0.017640,-0.684040,0.218207,-0.060064,-0.022272,-0.003136,OFF
1786957349552064242,2026-08-17T16:02:29.552079,prediction,0.124622,0.502000,0.003068,0.129935,0.508309,-0.002425,True,0.130426,0.508504,0.000179,0.005804,0.006504,0.002890,26.33,10,-0.218012,1.104962,0.367623,-0.190500,1.117122,0.774417,0.000000,0.000000,0.000000,0.000000,0.000000,0.000000,-0.017640,-0.684040,0.218207,-0.060064,-0.022272,-0.003136,OFF
1786957349573946504,2026-08-17T16:02:29.573966,prediction,0.121997,0.508000,0.003387,0.129060,0.507262,-0.001440,True,0.129598,0.507333,0.001023,0.007601,0.000667,0.002363,18.81,10,-0.216306,1.105543,0.368984,-0.190500,1.117122,0.774417,0.000000,0.000000,0.000000,0.000000,0.000000,0.000000,-0.017640,-0.684040,0.218207,-0.060064,-0.022272,-0.003136,OFF
1786957349618464368,2026-08-17T16:02:29.618486,prediction,0.122387,0.513000,0.006733,0.128240,0.506466,-0.000413,True,0.128819,0.506463,0.001907,0.006431,0.006537,0.004826,24.47,10,-0.214705,1.105976,0.370308,-0.191097,1.116847,0.764436,0.000000,0.000000,0.000000,0.000000,0.000000,0.000000,-0.017640,-0.684040,0.218207,-0.060064,-0.022272,-0.003136,OFF
1786957349642829662,2026-08-17T16:02:29.642887,prediction,0.121529,0.502000,0.006167,0.127386,0.506040,0.000596,True,0.127986,0.506039,0.002779,0.006458,0.004039,0.003388,19.50,10,-0.213217,1.106237,0.371620,-0.191097,1.116847,0.764436,0.000000,0.000000,0.000000,0.000000,0.000000,0.000000,-0.017640,-0.684040,0.218207,-0.060064,-0.022272,-0.003136,OFF
1786957349680642442,2026-08-17T16:02:29.680662,prediction,0.121997,0.508000,0.006476,0.126716,0.505688,0.001378,True,0.127345,0.505706,0.003428,0.005348,0.002293,0.003048,26.89,10,-0.211816,1.106340,0.372919,-0.191626,1.116579,0.754453,0.000000,0.000000,0.000000,0.000000,0.000000,0.000000,-0.015400,-0.686280,0.219286,-0.059904,-0.021760,-0.002912,OFF
1786957349705009139,2026-08-17T16:02:29.705027,prediction,0.121529,0.502000,0.006167,0.126068,0.505298,0.002181,True,0.126721,0.505339,0.004105,0.005192,0.003339,0.002062,19.30,10,-0.210514,1.106335,0.374179,-0.191626,1.116579,0.754453,0.000000,0.000000,0.000000,0.000000,0.000000,0.000000,-0.014140,-0.686280,0.218041,-0.059904,-0.021760,-0.002912,OFF
1786957349748286504,2026-08-17T16:02:29.748305,prediction,0.121529,0.502000,0.006167,0.125420,0.504899,0.002984,True,0.126088,0.504966,0.004799,0.004560,0.002966,0.001368,27.25,10,-0.209295,1.106261,0.375402,-0.192093,1.116306,0.744427,0.000000,0.000000,0.000000,0.000000,0.000000,0.000000,-0.018200,-0.686280,0.218207,-0.059616,-0.021984,-0.003136,OFF
1786957349776616914,2026-08-17T16:02:29.776644,prediction,0.121529,0.502000,0.006167,0.124802,0.504500,0.003604,True,0.125477,0.504590,0.005316,0.003949,0.002590,0.000851,19.79,10,-0.208145,1.106110,0.376593,-0.192093,1.116306,0.744427,0.000000,0.000000,0.000000,0.000000,0.000000,0.000000,-0.018200,-0.686280,0.218207,-0.059904,-0.021888,-0.002912,OFF
1786957349812690806,2026-08-17T16:02:29.812705,prediction,0.121997,0.508000,0.006476,0.124420,0.504420,0.004244,True,0.125116,0.504561,0.005871,0.003118,0.003439,0.000605,25.88,10,-0.207065,1.105915,0.377714,-0.192499,1.116025,0.734484,0.000000,0.000000,0.000000,0.000000,0.000000,0.000000,-0.015680,-0.686280,0.218207,-0.059616,-0.021504,-0.002912,OFF
1786957349844472935,2026-08-17T16:02:29.844493,prediction,0.121529,0.502000,0.006167,0.123978,0.504404,0.004636,True,0.124682,0.504602,0.006174,0.003153,0.002602,0.000006,20.95,10,-0.206085,1.105672,0.378780,-0.192499,1.116025,0.734484,0.000000,0.000000,0.000000,0.000000,0.000000,0.000000,-0.014140,-0.686280,0.218207,-0.059904,-0.021600,-0.002912,OFF
1786957349880226844,2026-08-17T16:02:29.880240,prediction,0.121997,0.508000,0.009565,0.123597,0.504721,0.005276,True,0.124311,0.505006,0.006747,0.002314,0.002993,0.002818,27.67,10,-0.205182,1.105414,0.379758,-0.192860,1.115722,0.724379,0.000000,0.000000,0.000000,0.000000,0.000000,0.000000,-0.016940,-0.686560,0.218207,-0.059904,-0.021824,-0.003136,OFF
1786957349911637132,2026-08-17T16:02:29.911658,prediction,0.124622,0.502000,0.009267,0.123361,0.504464,0.005668,True,0.124108,0.504739,0.007072,0.000514,0.002739,0.002195,19.35,10,-0.204368,1.105133,0.380672,-0.192860,1.115722,0.724379,0.000000,0.000000,0.000000,0.000000,0.000000,0.000000,-0.015680,-0.686560,0.218207,-0.059904,-0.021600,-0.002912,OFF
1786957349942907686,2026-08-17T16:02:29.942923,prediction,0.123705,0.490000,0.008670,0.123063,0.504093,0.006020,True,0.123836,0.504332,0.007356,0.000131,0.014332,0.001314,24.67,10,-0.203650,1.104831,0.381503,-0.193171,1.115409,0.714505,0.000000,0.000000,0.000000,0.000000,0.000000,0.000000,-0.015680,-0.686560,0.218207,-0.059904,-0.021600,-0.002912,OFF
1786957349975329612,2026-08-17T16:02:29.975374,prediction,0.124622,0.502000,0.009267,0.122887,0.503699,0.006454,True,0.123694,0.503890,0.007737,0.000928,0.001890,0.001530,19.41,10,-0.203013,1.104499,0.382252,-0.193171,1.115409,0.714505,0.000000,0.000000,0.000000,0.000000,0.000000,0.000000,-0.015680,-0.686560,0.218207,-0.059904,-0.021600,-0.002912,OFF
1786957350012013503,2026-08-17T16:02:30.012063,prediction,0.123705,0.490000,0.005550,0.122620,0.502980,0.006620,True,0.123450,0.503092,0.007838,0.000255,0.013092,0.002287,23.76,10,-0.202453,1.104134,0.382926,-0.193451,1.115068,0.704495,0.001744,0.000000,0.000000,0.000000,0.000000,0.000000,-0.012320,-0.684740,0.218207,-0.059904,-0.021600,-0.002912,OFF
1786957350039639997,2026-08-17T16:02:30.039667,prediction,0.125081,0.508000,0.006476,0.122650,0.502836,0.006847,True,0.123515,0.502939,0.008013,0.001565,0.005061,0.001537,18.85,10,-0.201931,1.103738,0.383520,-0.193451,1.115068,0.704495,0.000000,0.000000,0.000000,0.000000,0.000000,0.000000,-0.015400,-0.686560,0.218207,-0.059904,-0.021600,-0.002912,OFF
1786957350080482079,2026-08-17T16:02:30.080501,prediction,0.124622,0.502000,0.003068,0.122825,0.502807,0.006826,True,0.123729,0.502922,0.007936,0.000893,0.000922,0.004867,26.64,10,-0.201470,1.103328,0.384043,-0.193701,1.114702,0.694501,0.000000,0.000000,0.000000,0.000000,0.000000,0.000000,-0.014840,-0.686560,0.218207,-0.059904,-0.021984,-0.003232,OFF
1786957350106587344,2026-08-17T16:02:30.106602,prediction,0.123705,0.490000,0.002431,0.122913,0.502481,0.006539,True,0.123843,0.502577,0.007570,0.000138,0.012577,0.005139,18.56,10,-0.201079,1.102949,0.384504,-0.193701,1.114702,0.694501,0.000000,0.000000,0.000000,0.000000,0.000000,0.000000,-0.014840,-0.686560,0.218207,-0.059904,-0.021984,-0.003232,OFF
1786957350142722101,2026-08-17T16:02:30.142739,prediction,0.126818,0.490000,-0.000688,0.123266,0.501456,0.006082,True,0.124259,0.501421,0.007022,0.002559,0.011421,0.007710,23.80,10,-0.200747,1.102638,0.384881,-0.193928,1.114314,0.684530,0.000000,0.000000,0.000000,0.000000,0.000000,0.000000,-0.014840,-0.686560,0.218207,-0.059904,-0.021984,-0.003232,OFF
1786957350178982244,2026-08-17T16:02:30.178998,prediction,0.130809,0.502000,-0.003130,0.123853,0.500291,0.005441,True,0.124931,0.500096,0.006285,0.005878,0.001904,0.009415,20.74,10,-0.200499,1.102368,0.385164,-0.193928,1.114314,0.684530,0.000000,0.000000,0.000000,0.000000,0.000000,0.000000,-0.014840,-0.686560,0.218207,-0.059904,-0.021984,-0.003232,OFF
1786957350217702045,2026-08-17T16:02:30.217734,prediction,0.132616,0.484000,-0.010403,0.124592,0.499418,0.004337,True,0.125747,0.499113,0.005069,0.006868,0.015113,0.015472,26.55,10,-0.200338,1.102068,0.385354,-0.194142,1.113906,0.674570,0.000000,0.000000,0.000000,0.000000,0.000000,0.000000,-0.014840,-0.686560,0.218207,-0.059904,-0.022048,-0.002912,OFF
1786957350242522938,2026-08-17T16:02:30.242540,prediction,0.135739,0.484000,-0.022919,0.125540,0.498284,0.002398,True,0.126777,0.497843,0.002971,0.008962,0.013843,0.025890,19.31,10,-0.200273,1.101709,0.385419,-0.194142,1.113906,0.674570,0.000000,0.000000,0.000000,0.000000,0.000000,0.000000,-0.015680,-0.685020,0.219452,-0.059904,-0.021440,-0.002912,OFF
1786957350281755325,2026-08-17T16:02:30.281775,prediction,0.140854,0.467000,-0.027203,0.126828,0.497097,0.000173,True,0.128172,0.496505,0.000574,0.012682,0.029505,0.027778,28.10,10,-0.200319,1.101305,0.385297,-0.194354,1.113472,0.664613,0.000000,0.000000,0.000000,0.000000,0.000000,0.000000,-0.017360,-0.686840,0.219452,-0.059904,-0.021824,-0.002912,OFF
1786957350307904082,2026-08-17T16:02:30.307920,prediction,0.150307,0.467000,-0.030360,0.128715,0.494993,-0.002283,True,0.130237,0.494103,-0.002031,0.020070,0.027104,0.028329,21.53,10,-0.200498,1.100844,0.384981,-0.194354,1.113472,0.664613,0.000000,0.000000,0.000000,0.000000,0.000000,0.000000,-0.013580,-0.686840,0.219452,-0.059904,-0.021440,-0.002912,OFF
1786957350353873042,2026-08-17T16:02:30.353889,prediction,0.161922,0.449000,-0.037987,0.131054,0.492705,-0.004928,True,0.132791,0.491479,-0.004782,0.029131,0.042479,0.033205,32.14,10,-0.200840,1.100321,0.384454,-0.194587,1.113001,0.654571,0.000000,0.000000,0.000000,0.000000,0.000000,0.000000,-0.013580,-0.686840,0.219452,-0.059904,-0.021440,-0.002912,OFF
1786957350376942843,2026-08-17T16:02:30.376967,prediction,0.161922,0.449000,-0.037987,0.133716,0.490061,-0.008099,True,0.135683,0.488458,-0.008017,0.026239,0.039458,0.029970,20.63,10,-0.201380,1.099657,0.383724,-0.194587,1.113001,0.654571,0.000000,0.000000,0.000000,0.000000,0.000000,0.000000,-0.013580,-0.686840,0.219452,-0.059904,-0.021440,-0.002912,OFF
1786957350412147566,2026-08-17T16:02:30.412206,prediction,0.168283,0.449000,-0.041173,0.136626,0.486705,-0.011461,True,0.138846,0.484649,-0.011395,0.029437,0.035649,0.029779,23.40,10,-0.202138,1.098824,0.382739,-0.194864,1.112480,0.644578,0.000000,0.000000,0.000000,0.000000,0.000000,0.000000,-0.013580,-0.686840,0.219452,-0.059904,-0.021440,-0.002912,OFF
1786957350442712801,2026-08-17T16:02:30.442753,prediction,0.174016,0.436000,-0.042142,0.139980,0.483208,-0.014849,True,0.142478,0.480690,-0.014712,0.031538,0.044690,0.027430,20.18,10,-0.203121,1.097789,0.381508,-0.194864,1.112480,0.644578,0.000000,0.000000,0.000000,0.000000,0.000000,0.000000,-0.013580,-0.686840,0.219452,-0.059904,-0.021440,-0.002912,OFF
1786957350484909718,2026-08-17T16:02:30.484928,prediction,0.177825,0.449000,-0.041173,0.143527,0.479681,-0.018211,True,0.146299,0.476730,-0.017915,0.031526,0.027730,0.023259,28.22,10,-0.204364,1.096511,0.380037,-0.195222,1.111878,0.634609,0.000000,0.000000,0.000000,0.000000,0.000000,0.000000,-0.013580,-0.686840,0.219452,-0.059904,-0.021440,-0.002912,OFF
1786957350507279890,2026-08-17T16:02:30.507308,prediction,0.177825,0.449000,-0.044360,0.147135,0.476790,-0.021539,True,0.150145,0.473523,-0.020988,0.027681,0.024523,0.023372,18.46,10,-0.205871,1.094994,0.378327,-0.195222,1.111878,0.634609,0.000000,0.000000,0.000000,0.000000,0.000000,0.000000,-0.013580,-0.686840,0.219452,-0.059904,-0.021440,-0.002912,OFF
1786957350551737911,2026-08-17T16:02:30.551756,prediction,0.177825,0.449000,-0.044360,0.150652,0.473385,-0.024928,True,0.153872,0.469781,-0.024059,0.023954,0.020781,0.020302,29.34,10,-0.207650,1.093242,0.376405,-0.195701,1.111159,0.624653,0.000000,0.000000,0.000000,0.000000,0.000000,0.000000,-0.013580,-0.686840,0.219452,-0.059904,-0.021440,-0.002912,OFF
1786957350580937510,2026-08-17T16:02:30.580956,prediction,0.178386,0.461000,-0.043446,0.154236,0.469877,-0.028029,True,0.157657,0.465941,-0.026776,0.020729,0.004941,0.016670,22.75,10,-0.209674,1.091315,0.374267,-0.195701,1.111159,0.624653,0.000000,0.000000,0.000000,0.000000,0.000000,0.000000,-0.018200,-0.686840,0.218207,-0.059904,-0.021664,-0.003232,OFF
1786957350619842150,2026-08-17T16:02:30.619861,prediction,0.178666,0.467000,-0.042989,0.157919,0.466989,-0.031026,True,0.161511,0.462805,-0.029313,0.017155,0.004195,0.013676,31.68,10,-0.211936,1.089161,0.371953,-0.196340,1.110294,0.614718,0.000000,0.000000,0.000000,0.000000,0.000000,0.000000,-0.017640,-0.687260,0.218207,-0.059904,-0.021664,-0.003360,OFF
1786957350639627829,2026-08-17T16:02:30.639646,prediction,0.178666,0.467000,-0.042989,0.161375,0.465184,-0.033846,True,0.165069,0.460906,-0.031620,0.013598,0.006094,0.011368,18.26,10,-0.214447,1.086758,0.369494,-0.196340,1.110294,0.614718,0.000000,0.000000,0.000000,0.000000,0.000000,0.000000,-0.013580,-0.685300,0.218539,-0.059904,-0.021440,-0.002784,OFF
1786957350681402891,2026-08-17T16:02:30.681427,prediction,0.175515,0.467000,-0.042989,0.164356,0.463597,-0.036504,True,0.168086,0.459275,-0.033753,0.007429,0.007725,0.009236,25.39,10,-0.217168,1.084156,0.366918,-0.197173,1.109249,0.604806,0.000000,0.000000,0.000000,0.000000,0.000000,0.000000,-0.017360,-0.687260,0.218539,-0.059904,-0.021664,-0.003296,OFF
1786957350714096148,2026-08-17T16:02:30.714151,prediction,0.175806,0.473000,-0.039384,0.167235,0.462053,-0.038436,True,0.171008,0.457680,-0.035152,0.004798,0.015320,0.004233,22.02,10,-0.220045,1.081475,0.364249,-0.197173,1.109249,0.604806,0.000000,0.000000,0.000000,0.000000,0.000000,0.000000,-0.017360,-0.687260,0.218539,-0.059904,-0.021664,-0.003296,OFF
1786957350752879949,2026-08-17T16:02:30.752910,prediction,0.172664,0.473000,-0.039384,0.169697,0.461157,-0.039533,True,0.173480,0.456818,-0.035720,0.000816,0.016182,0.003664,29.46,10,-0.223062,1.078762,0.361567,-0.198224,1.108011,0.594931,0.000000,0.000000,0.000000,0.000000,0.000000,0.000000,-0.017360,-0.687260,0.218539,-0.059904,-0.021664,-0.003296,OFF
1786957350773660874,2026-08-17T16:02:30.773679,prediction,0.172965,0.479000,-0.035800,0.171837,0.460391,-0.040106,True,0.175617,0.456105,-0.035776,0.002652,0.022895,0.000024,17.24,10,-0.226176,1.076009,0.358988,-0.198224,1.108011,0.594931,0.000000,0.000000,0.000000,0.000000,0.000000,0.000000,-0.017360,-0.687260,0.218539,-0.059904,-0.021664,-0.003296,OFF
1786957350814534767,2026-08-17T16:02:30.814556,prediction,0.169833,0.479000,-0.032662,0.173139,0.460878,-0.040260,True,0.176814,0.456827,-0.035466,0.006981,0.022173,0.002804,24.47,10,-0.229339,1.073271,0.356565,-0.199500,1.106586,0.585152,0.000000,0.000000,0.000000,0.000000,0.000000,0.000000,-0.017640,-0.687260,0.219784,-0.059904,-0.021504,-0.003296,OFF
1786957350839206950,2026-08-17T16:02:30.839224,prediction,0.164176,0.490000,-0.025641,0.173644,0.461616,-0.039735,True,0.177163,0.457886,-0.034572,0.012988,0.032114,0.008931,18.90,10,-0.232444,1.070606,0.354336,-0.199500,1.106586,0.585152,0.001744,0.000000,0.000000,0.000000,0.000000,0.000000,-0.013020,-0.685300,0.219784,-0.059904,-0.021440,-0.002784,OFF
1786957350883462058,2026-08-17T16:02:30.883477,prediction,0.156215,0.513000,-0.014835,0.173263,0.462990,-0.038191,True,0.176573,0.459710,-0.032763,0.020359,0.053289,0.017929,29.95,10,-0.235402,1.068086,0.352350,-0.201012,1.104964,0.575347,0.000000,0.000000,0.000000,0.000000,0.000000,0.000000,-0.015400,-0.687260,0.218539,-0.059904,-0.021280,-0.003072,OFF
1786957350911779695,2026-08-17T16:02:30.911799,prediction,0.150443,0.519000,0.010113,0.172074,0.466678,-0.034772,True,0.175096,0.464184,-0.029147,0.024653,0.054816,0.039260,20.62,10,-0.238128,1.065790,0.350700,-0.201012,1.104964,0.575347,0.000000,0.000000,0.000000,0.000000,0.000000,0.000000,-0.016940,-0.685720,0.218373,-0.059904,-0.021504,-0.003296,OFF
1786957350951827470,2026-08-17T16:02:30.951858,prediction,0.143914,0.513000,0.052950,0.170067,0.470829,-0.028433,True,0.172816,0.469278,-0.022660,0.028902,0.043722,0.075610,28.50,10,-0.240545,1.063797,0.349516,-0.202697,1.103210,0.565724,0.000000,0.000000,0.000000,0.000000,0.000000,0.000000,-0.016940,-0.685720,0.218539,-0.059904,-0.021280,-0.003296,OFF
1786957350975063354,2026-08-17T16:02:30.975081,prediction,0.137118,0.547000,0.099229,0.167353,0.475392,-0.019073,True,0.169815,0.474898,-0.013078,0.032697,0.072102,0.112307,19.37,10,-0.242567,1.062307,0.348986,-0.202697,1.103210,0.565724,0.000000,0.000000,0.000000,0.000000,0.000000,0.000000,-0.012320,-0.687540,0.219784,-0.059904,-0.021504,-0.003072,OFF
1786957351014404617,2026-08-17T16:02:31.014434,prediction,0.136073,0.574000,0.149945,0.164570,0.481532,-0.006119,True,0.166717,0.482272,0.000328,0.030644,0.091728,0.149617,26.15,10,-0.244135,1.061401,0.349309,-0.204558,1.101333,0.556005,0.000000,0.000000,0.000000,0.000000,0.000000,0.000000,-0.012320,-0.687540,0.219784,-0.059904,-0.021504,-0.003072,OFF
1786957351040295037,2026-08-17T16:02:31.040322,prediction,0.130124,0.574000,0.209552,0.161390,0.489426,0.010809,True,0.163110,0.491597,0.018060,0.032986,0.082403,0.191492,18.97,10,-0.245240,1.061122,0.350730,-0.204558,1.101333,0.556005,0.000000,0.000000,0.000000,0.000000,0.000000,0.000000,-0.012320,-0.687540,0.219784,-0.059904,-0.021504,-0.003072,OFF
1786957351080569339,2026-08-17T16:02:31.080588,prediction,0.120305,0.563000,0.270174,0.157518,0.497672,0.031717,True,0.158658,0.501224,0.038060,0.038353,0.061776,0.232114,24.71,10,-0.245856,1.061533,0.353538,-0.206527,1.099435,0.546352,0.000000,0.000000,0.000000,0.000000,0.000000,0.000000,-0.012320,-0.687540,0.219784,-0.059904,-0.021504,-0.003072,OFF
1786957351107164978,2026-08-17T16:02:31.107182,prediction,0.113139,0.584000,0.321584,0.153130,0.505348,0.055991,True,0.153575,0.509953,0.058060,0.040436,0.074047,0.263524,19.74,10,-0.245923,1.062778,0.357860,-0.206527,1.099435,0.546352,0.000000,0.000000,0.000000,0.000000,0.000000,0.000000,-0.012320,-0.687540,0.219784,-0.059904,-0.021504,-0.003072,OFF
1786957351153771681,2026-08-17T16:02:31.153786,prediction,0.098349,0.584000,0.374933,0.147776,0.513123,0.083852,True,0.147414,0.518445,0.078060,0.049065,0.065555,0.296873,30.29,10,-0.245393,1.064909,0.363685,-0.208613,1.097582,0.536549,0.000000,0.000000,0.000000,0.000000,0.000000,0.000000,-0.018200,-0.685720,0.219784,-0.059904,-0.021504,-0.003296,OFF
1786957351194975065,2026-08-17T16:02:31.195030,prediction,0.083558,0.584000,0.472739,0.135857,0.528717,0.149670,True,0.140927,0.526526,0.098060,0.057369,0.057474,0.374678,36.63,10,-0.244216,1.067850,0.370997,-0.208613,1.097582,0.536549,0.000000,0.000000,0.000000,0.000000,0.000000,0.000000,-0.014840,-0.687540,0.220116,-0.059904,-0.021152,-0.003072,OFF
1786957351223091342,2026-08-17T16:02:31.223143,prediction,0.083044,0.579000,0.515379,0.129882,0.535930,0.186655,True,0.134286,0.534241,0.118060,0.051242,0.044758,0.397319,27.32,10,-0.242406,1.071507,0.379785,-0.210673,1.095993,0.526994,0.000000,0.000000,0.000000,0.000000,0.000000,0.000000,-0.016940,-0.687540,0.218871,-0.059904,-0.021376,-0.003072,OFF
1786957351252138714,2026-08-17T16:02:31.252183,prediction,0.083044,0.579000,0.515379,0.129882,0.535930,0.186655,True,0.128149,0.541055,0.138060,0.045105,0.037945,0.377319,28.25,10,-0.239958,1.075825,0.389999,-0.210673,1.095993,0.526994,0.000000,0.000000,0.000000,0.000000,0.000000,0.000000,-0.013580,-0.687540,0.220116,-0.059904,-0.021152,-0.002688,OFF
1786957351283179435,2026-08-17T16:02:31.283194,prediction,0.085505,0.574000,0.561231,0.124051,0.543026,0.226457,True,0.122347,0.547559,0.158060,0.036842,0.026441,0.403171,25.21,10,-0.236936,1.080772,0.401584,-0.212684,1.094827,0.517390,0.000000,0.000000,0.000000,0.000000,0.000000,0.000000,-0.013580,-0.687540,0.220116,-0.059904,-0.021152,-0.002688,OFF
1786957351306446909,2026-08-17T16:02:31.306478,prediction,0.084898,0.568000,0.589669,0.118389,0.549512,0.267946,True,0.116604,0.553161,0.178060,0.031706,0.014839,0.411609,19.12,10,-0.233384,1.086254,0.414507,-0.212684,1.094827,0.517390,0.000000,0.000000,0.000000,0.000000,0.000000,0.000000,-0.013580,-0.687540,0.220116,-0.059904,-0.021152,-0.002688,OFF
1786957351338253034,2026-08-17T16:02:31.338267,prediction,0.089972,0.589000,0.607663,0.113442,0.555876,0.310166,True,0.111187,0.558323,0.198060,0.021216,0.030677,0.409602,16.62,10,-0.229370,1.092190,0.428742,-0.212684,1.094827,0.517390,0.000000,0.000000,0.000000,0.000000,0.000000,0.000000,-0.013580,-0.687540,0.220116,-0.059904,-0.021152,-0.002688,OFF
1786957351372417114,2026-08-17T16:02:31.372432,prediction,0.088977,0.579000,0.628318,0.108960,0.561895,0.353043,True,0.105631,0.562822,0.218060,0.016654,0.016178,0.410258,19.47,10,-0.224972,1.098515,0.444250,-0.214326,1.095320,0.507615,0.000000,0.000000,0.000000,0.000000,0.000000,0.000000,-0.018200,-0.687540,0.218871,-0.059904,-0.021504,-0.003296,OFF
1786957351404171481,2026-08-17T16:02:31.404192,prediction,0.089790,0.557000,0.649789,0.104916,0.566619,0.395688,True,0.099896,0.565737,0.238060,0.010105,0.008737,0.411729,16.84,10,-0.220242,1.105137,0.460972,-0.214326,1.095320,0.507615,0.000000,0.000000,0.000000,0.000000,0.000000,0.000000,-0.013580,-0.687540,0.220116,-0.059904,-0.021152,-0.002688,OFF
1786957351435891543,2026-08-17T16:02:31.435905,prediction,0.092432,0.584000,0.656495,0.101484,0.571084,0.435924,True,0.094326,0.568179,0.258060,0.001894,0.015821,0.398435,15.23,10,-0.215229,1.111960,0.478786,-0.215348,1.097877,0.498308,0.000000,0.000000,0.000000,0.000000,0.000000,0.000000,-0.013580,-0.687540,0.220116,-0.059904,-0.021152,-0.002688,OFF
1786957351471640743,2026-08-17T16:02:31.471670,prediction,0.095390,0.584000,0.662423,0.098702,0.575443,0.473470,True,0.089161,0.570121,0.278060,0.006230,0.013879,0.384363,17.49,10,-0.209996,1.118741,0.497501,-0.215348,1.097877,0.498308,0.000000,0.000000,0.000000,0.000000,0.000000,0.000000,-0.013580,-0.687540,0.220116,-0.059904,-0.021152,-0.002688,OFF
1786957351504255121,2026-08-17T16:02:31.504269,prediction,0.096449,0.595000,0.661936,0.096060,0.578289,0.507603,True,0.084178,0.570267,0.298060,0.012270,0.024733,0.363876,16.84,10,-0.204619,1.125372,0.516910,-0.215246,1.101999,0.490108,0.000000,0.000000,0.000000,0.000000,0.000000,0.000000,-0.013580,-0.687540,0.220116,-0.059904,-0.021152,-0.002688,OFF
1786957351546545265,2026-08-17T16:02:31.546560,prediction,0.097403,0.574000,0.671504,0.093879,0.579391,0.538400,True,0.079802,0.568519,0.318060,0.017601,0.005481,0.353444,24.26,10,-0.199117,1.131777,0.536759,-0.213929,1.106639,0.483673,0.000000,0.000000,0.000000,0.000000,0.000000,0.000000,-0.013020,-0.686000,0.219120,-0.059904,-0.021152,-0.003072,OFF
1786957351575226938,2026-08-17T16:02:31.575244,prediction,0.101771,0.589000,0.669729,0.092644,0.580411,0.565037,True,0.076480,0.566484,0.338060,0.025292,0.022516,0.331669,18.58,10,-0.193563,1.137743,0.556759,-0.213929,1.106639,0.483673,0.000000,0.000000,0.000000,0.000000,0.000000,0.000000,-0.013020,-0.686000,0.219120,-0.059904,-0.021152,-0.003072,OFF
1786957351610267681,2026-08-17T16:02:31.610283,prediction,0.101307,0.584000,0.671314,0.091855,0.581149,0.588352,True,0.073765,0.564117,0.358060,0.027542,0.019883,0.313254,22.30,10,-0.188084,1.143039,0.576759,-0.212109,1.110731,0.479426,0.000000,0.000000,0.000000,0.000000,0.000000,0.000000,-0.013020,-0.686000,0.219120,-0.059904,-0.021152,-0.003072,OFF
1786957351641946787,2026-08-17T16:02:31.641972,prediction,0.102805,0.568000,0.676386,0.092152,0.581296,0.608449,True,0.072097,0.561217,0.378060,0.030708,0.006783,0.298326,19.09,10,-0.182764,1.147578,0.596759,-0.212109,1.110731,0.479426,0.000000,0.000000,0.000000,0.000000,0.000000,0.000000,-0.013020,-0.686000,0.219120,-0.059904,-0.021152,-0.003072,OFF
1786957351680532294,2026-08-17T16:02:31.680551,prediction,0.103352,0.574000,0.674484,0.093110,0.580793,0.624604,True,0.071144,0.558063,0.398060,0.032209,0.015937,0.276424,26.42,10,-0.177743,1.151375,0.616759,-0.210062,1.114283,0.477288,0.000000,0.000000,0.000000,0.000000,0.000000,0.000000,-0.013020,-0.686000,0.219120,-0.059904,-0.021152,-0.003072,OFF
1786957351705971363,2026-08-17T16:02:31.705988,prediction,0.106327,0.574000,0.674484,0.094628,0.580158,0.638054,True,0.070737,0.555007,0.418060,0.035590,0.018993,0.256424,18.35,10,-0.173090,1.154415,0.636759,-0.210062,1.114283,0.477288,0.000000,0.000000,0.000000,0.000000,0.000000,0.000000,-0.013020,-0.686000,0.219120,-0.059904,-0.021152,-0.003072,OFF
1786957351739605815,2026-08-17T16:02:31.739624,prediction,0.106327,0.574000,0.674484,0.096180,0.579765,0.648661,True,0.070522,0.552463,0.438060,0.035805,0.021537,0.236424,17.49,10,-0.168854,1.156705,0.656759,-0.210062,1.114283,0.477288,0.000000,0.000000,0.000000,0.000000,0.000000,0.000000,-0.013300,-0.686000,0.219120,-0.059904,-0.020992,-0.003072,OFF
1786957351774609228,2026-08-17T16:02:31.774628,prediction,0.107223,0.584000,0.671314,0.097628,0.579420,0.655999,True,0.070447,0.550428,0.458060,0.036776,0.033572,0.213254,18.30,10,-0.165012,1.158271,0.676759,-0.207973,1.117223,0.477290,0.047558,0.045814,0.017012,0.000000,0.018756,0.018756,0.161420,-0.919100,0.122840,-0.026944,-0.045312,-0.035584,OFF
1786957351805160176,2026-08-17T16:02:31.805186,prediction,0.106327,0.574000,0.671504,0.099057,0.579351,0.661455,True,0.070506,0.548878,0.478060,0.035821,0.025121,0.193444,16.78,10,-0.161552,1.159193,0.696759,-0.207973,1.117223,0.477290,0.047558,0.045814,0.017012,0.000000,0.018756,0.018756,0.161420,-0.919100,0.122840,-0.026944,-0.045312,-0.035584,OFF
1786957351842809138,2026-08-17T16:02:31.842838,prediction,0.106775,0.579000,0.672899,0.100177,0.579603,0.665804,True,0.070489,0.547789,0.498060,0.036286,0.031211,0.174839,18.54,10,-0.158479,1.159530,0.716759,-0.205929,1.119634,0.479441,0.047558,0.045814,0.017012,0.000000,0.018756,0.018756,0.161420,-0.919100,0.122840,-0.026944,-0.045312,-0.035584,OFF
1786957351873165178,2026-08-17T16:02:31.873184,prediction,0.106775,0.579000,0.672899,0.101364,0.579654,0.668776,True,0.070639,0.546815,0.518060,0.036136,0.032185,0.154839,17.59,10,-0.155766,1.159369,0.736759,-0.205929,1.119634,0.479441,0.047558,0.045814,0.017012,0.000000,0.018756,0.018756,0.161420,-0.919100,0.122840,-0.026944,-0.045312,-0.035584,OFF
1786957351917291804,2026-08-17T16:02:31.917321,prediction,0.107366,0.552000,0.681458,0.102535,0.579664,0.670888,True,0.070878,0.546003,0.538060,0.036488,0.005996,0.143398,26.78,10,-0.153433,1.158775,0.756759,-0.203944,1.121662,0.483792,0.113006,0.106459,0.046246,0.013517,0.048432,0.045812,0.172900,-0.956900,0.101343,-0.025440,-0.046368,-0.039136,OFF
1786957351940768623,2026-08-17T16:02:31.940786,prediction,0.109301,0.574000,0.674484,0.103660,0.579399,0.672087,True,0.071192,0.545226,0.558060,0.038109,0.028774,0.116424,18.25,10,-0.151498,1.157802,0.776759,-0.203944,1.121662,0.483792,0.113006,0.106459,0.046246,0.013517,0.048432,0.045812,0.172900,-0.956900,0.101343,-0.025440,-0.046368,-0.039136,OFF
1786957351979233643,2026-08-17T16:02:31.979250,prediction,0.111758,0.568000,0.676386,0.104751,0.578493,0.673018,True,0.071560,0.544175,0.578060,0.040198,0.023825,0.098326,21.60,10,-0.149956,1.156555,0.796759,-0.202057,1.123342,0.490345,0.113006,0.106459,0.046246,0.013517,0.048432,0.045812,0.172900,-0.956900,0.101343,-0.025440,-0.046368,-0.039136,OFF
1786957352006299429,2026-08-17T16:02:32.006321,prediction,0.114743,0.568000,0.679376,0.105971,0.577459,0.674180,True,0.072030,0.543052,0.594180,0.042713,0.024948,0.085196,18.08,10,-0.148783,1.155082,0.816759,-0.202057,1.123342,0.490345,0.113006,0.106459,0.046246,0.013517,0.048432,0.045812,0.172900,-0.956900,0.101343,-0.025440,-0.046368,-0.039136,OFF
1786957352038208548,2026-08-17T16:02:32.038226,prediction,0.115674,0.579000,0.675871,0.107189,0.576398,0.674472,True,0.072578,0.542073,0.594472,0.043096,0.036927,0.081400,17.27,10,-0.147973,1.153403,0.836500,-0.200402,1.124483,0.499003,0.114319,0.034465,0.003926,0.007847,0.043193,0.054101,0.134120,-0.755440,0.276307,-0.017664,-0.047488,-0.039680,OFF
1786957352070097328,2026-08-17T16:02:32.070117,prediction,0.118640,0.579000,0.675871,0.108313,0.575653,0.674881,True,0.073091,0.541324,0.594881,0.045549,0.037676,0.080990,15.83,10,-0.147491,1.151624,0.854927,-0.200402,1.124483,0.499003,0.110823,0.001744,0.031413,0.005228,0.040142,0.056721,0.112420,-0.719460,0.315151,-0.017920,-0.045824,-0.038912,OFF
1786957352105687588,2026-08-17T16:02:32.105709,prediction,0.121607,0.579000,0.675871,0.109667,0.575237,0.675185,True,0.073751,0.540777,0.595185,0.047856,0.038223,0.080686,16.93,10,-0.147265,1.149858,0.872049,-0.198997,1.125154,0.508867,0.102970,0.027487,0.059771,0.005670,0.034903,0.053659,0.110040,-0.454020,0.356070,-0.022784,-0.045600,-0.035744,OFF
1786957352143995272,2026-08-17T16:02:32.144011,prediction,0.125370,0.589000,0.669729,0.111171,0.574887,0.674741,True,0.074551,0.540364,0.594741,0.050819,0.048636,0.074988,23.13,10,-0.147264,1.148163,0.887857,-0.197628,1.125763,0.518896,0.085081,0.068498,0.091192,0.000000,0.029665,0.051482,0.082040,-0.406700,0.339968,-0.017600,-0.045248,-0.036960,OFF
1786957352179811478,2026-08-17T16:02:32.179830,prediction,0.126247,0.600000,0.657430,0.112697,0.575617,0.673604,True,0.075403,0.540688,0.593604,0.050844,0.059312,0.063826,20.06,10,-0.147428,1.146579,0.902302,-0.197628,1.125763,0.518896,0.078534,0.085081,0.094679,0.002609,0.024426,0.045812,0.062300,-0.429940,0.344782,-0.018816,-0.047424,-0.039136,OFF
1786957352208861426,2026-08-17T16:02:32.208878,prediction,0.131270,0.589000,0.649040,0.114360,0.576563,0.671908,True,0.076379,0.541211,0.591908,0.054891,0.047789,0.057132,19.38,10,-0.147712,1.145167,0.915339,-0.196396,1.126242,0.528679,0.061958,0.093372,0.096426,0.000000,0.018756,0.040142,0.078960,-0.437080,0.348019,-0.023264,-0.045152,-0.036960,OFF
1786957352240414292,2026-08-17T16:02:32.240434,prediction,0.139762,0.584000,0.638712,0.116589,0.577553,0.669523,True,0.077734,0.541771,0.589523,0.062028,0.042229,0.049189,20.14,10,-0.148088,1.143958,0.926929,-0.196396,1.126242,0.528679,0.048865,0.089883,0.087697,0.000000,0.013517,0.032284,0.081480,-0.505820,0.357979,-0.037024,-0.042976,-0.035232,OFF
1786957352275213140,2026-08-17T16:02:32.275231,prediction,0.148304,0.579000,0.631290,0.119328,0.578284,0.666855,True,0.079422,0.542142,0.586855,0.068882,0.036858,0.044435,22.67,10,-0.148569,1.142981,0.937026,-0.196396,1.126242,0.528679,0.037523,0.075045,0.066752,0.000000,0.008289,0.023995,0.067480,-0.549220,0.342873,-0.051488,-0.044416,-0.033344,OFF
1786957352309523487,2026-08-17T16:02:32.309545,prediction,0.152308,0.595000,0.617751,0.122393,0.578963,0.663271,True,0.081383,0.542550,0.583271,0.070925,0.052450,0.034480,21.03,10,-0.149167,1.142215,0.945612,-0.195232,1.126649,0.538623,0.025742,0.051923,0.046685,0.000000,0.005228,0.016579,0.055440,-0.540540,0.325858,-0.060512,-0.043744,-0.031744,OFF
1786957352343022554,2026-08-17T16:02:32.343037,prediction,0.157511,0.584000,0.609074,0.125776,0.579366,0.659016,True,0.083615,0.542839,0.579016,0.073896,0.041161,0.030058,22.35,10,-0.149892,1.141620,0.952627,-0.194140,1.127010,0.548595,0.025742,0.051923,0.046685,0.000000,0.005228,0.016579,0.055440,-0.540540,0.325858,-0.060512,-0.043744,-0.031744,OFF
1786957352377988045,2026-08-17T16:02:32.378011,prediction,0.162203,0.563000,0.600010,0.129471,0.579713,0.654157,True,0.086113,0.543128,0.574157,0.076091,0.019872,0.025853,19.52,10,-0.150767,1.141163,0.958024,-0.194140,1.127010,0.548595,0.025742,0.051923,0.046685,0.000000,0.005228,0.016579,0.055440,-0.540540,0.325858,-0.060512,-0.043744,-0.031744,OFF
1786957352415012109,2026-08-17T16:02:32.415030,prediction,0.168464,0.568000,0.583688,0.133544,0.579196,0.647639,True,0.089025,0.543049,0.567639,0.079439,0.024951,0.016049,21.84,10,-0.151799,1.140808,0.961763,-0.193122,1.127342,0.558530,0.025742,0.051923,0.046685,0.000000,0.005228,0.016579,0.055440,-0.540540,0.325858,-0.060512,-0.043744,-0.031744,OFF
1786957352449309361,2026-08-17T16:02:32.449328,prediction,0.168464,0.568000,0.568737,0.137488,0.578772,0.640589,True,0.091986,0.543124,0.560589,0.076478,0.024876,0.008148,24.84,10,-0.153009,1.140536,0.963735,-0.193122,1.127342,0.558530,0.000000,0.000000,0.000000,0.000000,0.000000,0.000000,0.063840,-0.610260,0.174715,-0.085504,-0.035136,-0.011872,OFF
1786957352483056144,2026-08-17T16:02:32.483074,prediction,0.171768,0.574000,0.555271,0.141489,0.578688,0.632515,True,0.095144,0.543534,0.552515,0.076624,0.030466,0.002756,27.61,10,-0.154395,1.140328,0.963904,-0.192174,1.127659,0.568452,0.000000,0.000000,0.000000,0.000000,0.000000,0.002609,0.032480,-0.672280,0.146163,-0.090112,-0.031168,-0.004640,OFF
1786957352508225665,2026-08-17T16:02:32.508264,prediction,0.174743,0.574000,0.537389,0.145489,0.578991,0.623049,True,0.098517,0.544372,0.543049,0.076226,0.029628,0.005660,18.43,10,-0.155967,1.140174,0.962201,-0.192174,1.127659,0.568452,0.000000,0.000000,0.000000,0.000000,0.000000,0.000000,0.024080,-0.695940,0.147408,-0.092384,-0.029280,-0.001632,OFF
1786957352545850832,2026-08-17T16:02:32.545873,prediction,0.171182,0.563000,0.525047,0.149190,0.579371,0.612994,True,0.101884,0.545412,0.532994,0.069298,0.017587,0.007947,24.52,10,-0.157733,1.140109,0.958792,-0.191299,1.127976,0.578366,0.000000,0.000000,0.001740,0.000000,0.000000,0.000000,0.007000,-0.745500,0.149068,-0.097024,-0.026176,0.003744,OFF
1786957352576702787,2026-08-17T16:02:32.576725,prediction,0.171182,0.563000,0.507056,0.152692,0.578594,0.601740,True,0.105396,0.545890,0.521740,0.065786,0.017110,0.014684,19.10,10,-0.159687,1.140167,0.954694,-0.191299,1.127976,0.578366,0.000000,0.001744,0.001740,0.002609,0.000000,0.000000,-0.002380,-0.763140,0.142096,-0.098080,-0.024992,0.005920,OFF
1786957352615157378,2026-08-17T16:02:32.615176,prediction,0.171182,0.563000,0.495062,0.155997,0.577585,0.589686,True,0.109009,0.546320,0.509686,0.062172,0.016680,0.014624,24.36,10,-0.161841,1.140356,0.949818,-0.190506,1.128309,0.588366,0.000000,0.001744,0.001740,0.002609,0.000000,0.000000,-0.002380,-0.763140,0.142096,-0.098080,-0.024992,0.005920,OFF
1786957352645546471,2026-08-17T16:02:32.645597,prediction,0.168464,0.568000,0.488000,0.158870,0.576530,0.577571,True,0.112504,0.546785,0.497571,0.055960,0.021215,0.009570,22.74,10,-0.164191,1.140638,0.944118,-0.190506,1.128309,0.588366,0.000000,0.001744,0.001740,0.002609,0.000000,0.000000,-0.002380,-0.763140,0.142096,-0.098080,-0.024992,0.005920,OFF
1786957352677163018,2026-08-17T16:02:32.677179,prediction,0.163136,0.579000,0.473770,0.161329,0.575199,0.565327,True,0.115886,0.547121,0.485327,0.047250,0.031878,0.011556,23.66,10,-0.166721,1.140990,0.937640,-0.189826,1.128672,0.598353,0.000000,0.001744,0.001740,0.002609,0.000000,0.000000,-0.002380,-0.763140,0.142096,-0.098080,-0.024992,0.005920,OFF
1786957352708740762,2026-08-17T16:02:32.708757,prediction,0.159510,0.568000,0.470059,0.163212,0.573813,0.553395,True,0.118981,0.547457,0.473395,0.040529,0.020543,0.003335,19.24,10,-0.169420,1.141385,0.930421,-0.189826,1.128672,0.598353,0.000000,0.001744,0.001740,0.002609,0.000000,0.000000,-0.002380,-0.763140,0.142096,-0.098080,-0.024992,0.005920,OFF
1786957352748589541,2026-08-17T16:02:32.748611,prediction,0.159211,0.563000,0.462078,0.164509,0.572416,0.541619,True,0.121766,0.547831,0.461619,0.037444,0.015169,0.000460,22.77,10,-0.172260,1.141807,0.922520,-0.189286,1.129075,0.608320,0.000000,0.001307,0.000000,0.002609,0.000000,0.000000,-0.011340,-0.773640,0.137614,-0.099296,-0.023712,0.007968,OFF
1786957352777926921,2026-08-17T16:02:32.777963,prediction,0.158551,0.552000,0.455207,0.165192,0.571016,0.529880,True,0.124205,0.548259,0.449880,0.034347,0.003741,0.005327,20.22,10,-0.175196,1.142225,0.913993,-0.189286,1.129075,0.608320,0.000000,0.000000,0.000000,0.000000,0.000000,0.002609,-0.057960,-0.831600,0.150147,-0.102144,-0.015648,-0.030336,OFF
1786957352819731990,2026-08-17T16:02:32.819746,prediction,0.159510,0.568000,0.446137,0.165672,0.569617,0.518439,True,0.126513,0.548635,0.438439,0.032997,0.019365,0.007698,30.88,10,-0.178181,1.142632,0.904862,-0.188912,1.129532,0.618307,0.000000,0.000000,0.000000,0.000000,0.000000,0.021375,-0.057260,-0.834120,0.152554,-0.101568,-0.014432,-0.034080,OFF
1786957352841732765,2026-08-17T16:02:32.841752,prediction,0.159211,0.563000,0.435092,0.165785,0.568217,0.506840,True,0.128607,0.549020,0.426840,0.030604,0.013980,0.008252,18.62,10,-0.181190,1.143039,0.895206,-0.188912,1.129532,0.618307,0.000000,0.000000,0.000000,0.000000,0.002609,0.027045,-0.058800,-0.835100,0.153550,-0.101408,-0.014144,-0.034080,OFF
1786957352880204037,2026-08-17T16:02:32.880222,prediction,0.155233,0.547000,0.434998,0.165321,0.566817,0.495839,True,0.130231,0.549384,0.415839,0.025001,0.002384,0.019158,25.73,10,-0.184189,1.143445,0.885061,-0.188733,1.130059,0.628402,0.001744,0.000000,0.000000,0.000000,0.000000,0.042751,-0.060760,-0.825160,0.154795,-0.100640,-0.014304,-0.038976,OFF
1786957352910082848,2026-08-17T16:02:32.910105,prediction,0.153921,0.574000,0.424136,0.164351,0.566270,0.485203,True,0.131406,0.550417,0.405203,0.022514,0.023583,0.018933,19.60,10,-0.187131,1.143856,0.874507,-0.188733,1.130059,0.628402,0.000000,0.000000,0.000000,0.000000,0.000000,0.051040,-0.059500,-0.826140,0.156704,-0.099456,-0.014144,-0.042304,OFF
1786957352949245694,2026-08-17T16:02:32.949264,prediction,0.153541,0.568000,0.419225,0.163356,0.566161,0.475235,True,0.132441,0.551705,0.399990,0.021100,0.016295,0.019235,24.64,10,-0.189956,1.144276,0.863677,-0.188785,1.130660,0.638348,0.000000,0.000000,0.000000,0.000000,0.000000,0.061949,-0.061880,-0.826700,0.159277,-0.098688,-0.012320,-0.041920,OFF
1786957352980635724,2026-08-17T16:02:32.980658,prediction,0.153541,0.568000,0.416235,0.162141,0.566139,0.465966,True,0.133189,0.552995,0.397471,0.020352,0.015005,0.018763,21.22,10,-0.192653,1.144749,0.852971,-0.188785,1.130660,0.638348,0.000000,0.000000,0.000000,0.000000,0.000000,0.072857,-0.060760,-0.824600,0.159609,-0.097504,-0.012032,-0.041408,OFF
1786957353016138559,2026-08-17T16:02:33.016160,prediction,0.151270,0.579000,0.405412,0.160576,0.565814,0.457168,True,0.133568,0.553981,0.394950,0.017702,0.025019,0.010462,29.21,10,-0.195189,1.145302,0.842635,-0.189095,1.131368,0.648238,0.000000,0.000000,0.000000,0.000000,0.000000,0.078096,-0.060060,-0.823340,0.159775,-0.097344,-0.011744,-0.038528,OFF
1786957353048965709,2026-08-17T16:02:33.048986,prediction,0.151270,0.579000,0.402440,0.159249,0.566016,0.448994,True,0.133994,0.555269,0.392332,0.017277,0.023731,0.010108,23.61,10,-0.197526,1.145917,0.832761,-0.189095,1.131368,0.648238,0.000000,0.000000,0.000000,0.000000,0.002609,0.080716,-0.058800,-0.820260,0.162680,-0.096128,-0.011520,-0.041024,OFF
1786957353085176529,2026-08-17T16:02:33.085194,prediction,0.151595,0.584000,0.398643,0.157943,0.566910,0.441766,True,0.134269,0.557048,0.389920,0.017325,0.026952,0.008723,28.62,10,-0.199667,1.146552,0.823384,-0.189695,1.132230,0.658178,0.000000,0.000000,0.000000,0.000000,0.002609,0.078096,-0.060060,-0.818300,0.163925,-0.094944,-0.011968,-0.042304,OFF
1786957353108280635,2026-08-17T16:02:33.108299,prediction,0.147971,0.574000,0.394333,0.156396,0.567942,0.435051,True,0.134233,0.558917,0.387617,0.013738,0.015083,0.006716,19.66,10,-0.201592,1.147205,0.814596,-0.189695,1.132230,0.658178,0.000000,0.000000,0.000000,0.000000,0.000000,0.075477,-0.056980,-0.816480,0.166498,-0.094624,-0.011744,-0.036064,OFF
1786957353149501532,2026-08-17T16:02:33.149586,prediction,0.148304,0.579000,0.390552,0.155052,0.569002,0.428555,True,0.134274,0.560722,0.385126,0.014030,0.018278,0.005426,24.94,10,-0.203273,1.147931,0.806458,-0.190602,1.133279,0.668089,0.000000,0.000000,0.000000,0.000000,0.000000,0.075477,-0.056980,-0.816480,0.166498,-0.094624,-0.011744,-0.036064,OFF
1786957353173002817,2026-08-17T16:02:33.173020,prediction,0.144997,0.574000,0.388372,0.153842,0.569534,0.422861,True,0.134310,0.561924,0.382858,0.010686,0.012076,0.005514,19.07,10,-0.204725,1.148748,0.798962,-0.190602,1.133279,0.668089,0.000000,0.000000,0.000000,0.000000,0.000000,0.075477,-0.056980,-0.816480,0.166498,-0.094624,-0.011744,-0.036064,OFF
1786957353219967385,2026-08-17T16:02:33.219996,prediction,0.145678,0.584000,0.383824,0.152920,0.570227,0.417112,True,0.134527,0.563186,0.380262,0.011151,0.020814,0.003562,24.40,10,-0.205953,1.149654,0.792130,-0.191819,1.134577,0.677918,0.000000,0.000000,0.000000,0.000000,0.000000,0.075477,-0.056980,-0.816480,0.166498,-0.094624,-0.011744,-0.036064,OFF
1786957353243208058,2026-08-17T16:02:33.243228,prediction,0.145338,0.579000,0.384608,0.151995,0.570952,0.411948,True,0.134638,0.564412,0.377846,0.010699,0.014588,0.006762,19.63,10,-0.206989,1.150625,0.785922,-0.191819,1.134577,0.677918,0.000000,0.000000,0.000000,0.000000,0.000000,0.075477,-0.056980,-0.816480,0.166498,-0.094624,-0.011744,-0.036064,OFF
1786957353282378799,2026-08-17T16:02:33.282397,prediction,0.144997,0.574000,0.385392,0.151092,0.571950,0.407293,True,0.134669,0.565835,0.375600,0.010328,0.008165,0.009792,23.61,10,-0.207847,1.151658,0.780337,-0.193338,1.136196,0.687626,0.000000,0.000000,0.000000,0.000000,0.000000,0.070249,-0.059500,-0.816200,0.165917,-0.094560,-0.012640,-0.036800,OFF
1786957353309292559,2026-08-17T16:02:33.309316,prediction,0.145678,0.584000,0.383824,0.150170,0.573003,0.403139,True,0.134593,0.567265,0.373567,0.011085,0.016735,0.010257,19.61,10,-0.208545,1.152749,0.775385,-0.193338,1.136196,0.687626,0.000000,0.000000,0.000000,0.000000,0.000000,0.016137,-0.053900,-0.806820,0.175794,-0.089440,-0.012256,-0.030848,OFF
1786957353353236942,2026-08-17T16:02:33.353254,prediction,0.145338,0.579000,0.384608,0.149245,0.574067,0.399773,True,0.134407,0.568640,0.371977,0.010931,0.010360,0.012631,29.92,10,-0.209084,1.153905,0.771060,-0.195162,1.138248,0.697293,0.000000,0.000000,0.000000,0.000000,0.000000,0.016137,-0.053900,-0.806820,0.175794,-0.089440,-0.012256,-0.030848,OFF
1786957353374475560,2026-08-17T16:02:33.374503,prediction,0.145678,0.584000,0.383824,0.148608,0.575400,0.396362,True,0.134425,0.570221,0.370187,0.011253,0.013779,0.013638,17.60,10,-0.209470,1.155129,0.767402,-0.195162,1.138248,0.697293,0.000000,0.000000,0.000000,0.000000,0.000000,0.016137,-0.053900,-0.806820,0.175794,-0.089440,-0.012256,-0.030848,OFF
1786957353417287758,2026-08-17T16:02:33.417307,prediction,0.144997,0.574000,0.385392,0.148013,0.576520,0.393779,True,0.134389,0.571534,0.368901,0.010608,0.002466,0.016491,26.25,10,-0.209750,1.156421,0.764359,-0.197221,1.140813,0.706758,0.000000,0.000000,0.000000,0.000000,0.000000,0.016137,-0.053900,-0.806820,0.175794,-0.089440,-0.012256,-0.030848,OFF
1786957353448196590,2026-08-17T16:02:33.448216,prediction,0.144997,0.574000,0.385392,0.147443,0.577064,0.391523,True,0.134324,0.572257,0.367803,0.010673,0.001743,0.017588,21.02,10,-0.209949,1.157790,0.761939,-0.197221,1.140813,0.706758,0.000000,0.000000,0.000000,0.000000,0.000000,0.016137,-0.053900,-0.806820,0.175794,-0.089440,-0.012256,-0.030848,OFF
1786957353485117780,2026-08-17T16:02:33.485164,prediction,0.146019,0.589000,0.383040,0.146942,0.577493,0.389310,True,0.134281,0.572843,0.366661,0.011738,0.016157,0.016380,27.08,10,-0.210074,1.159190,0.759793,-0.199450,1.144000,0.715956,0.000000,0.000000,0.000000,0.000000,0.000000,0.016137,-0.053900,-0.806820,0.175794,-0.089440,-0.012256,-0.030848,OFF
1786957353507813575,2026-08-17T16:02:33.507832,prediction,0.145678,0.584000,0.383824,0.146569,0.578432,0.387871,True,0.134257,0.573854,0.365994,0.011422,0.010146,0.017830,17.93,10,-0.210147,1.160567,0.757739,-0.199450,1.144000,0.715956,0.000000,0.000000,0.000000,0.000000,0.000000,0.016137,-0.053900,-0.806820,0.175794,-0.089440,-0.012256,-0.030848,OFF
1786957353555106943,2026-08-17T16:02:33.555129,prediction,0.143488,0.595000,0.382100,0.146196,0.578886,0.386630,True,0.134200,0.574383,0.365446,0.009288,0.020617,0.016654,30.99,10,-0.210193,1.161900,0.755808,-0.201835,1.147974,0.724804,0.000000,0.000000,0.000000,0.000000,0.000000,0.007847,-0.051380,-0.806820,0.176790,-0.088672,-0.011040,-0.027904,OFF
1786957353580657973,2026-08-17T16:02:33.580676,prediction,0.143488,0.595000,0.382100,0.145656,0.579244,0.385527,True,0.133955,0.574827,0.365003,0.009534,0.020173,0.017097,22.80,10,-0.210207,1.163227,0.754016,-0.201835,1.147974,0.724804,0.000000,0.000000,0.000000,0.000000,0.000000,0.000000,-0.043960,-0.790720,0.189987,-0.081536,-0.011360,-0.016256,OFF
1786957353618764227,2026-08-17T16:02:33.618781,prediction,0.143069,0.589000,0.383040,0.145329,0.579849,0.384774,True,0.133846,0.575464,0.364725,0.009223,0.013536,0.018315,29.77,10,-0.210186,1.164512,0.752355,-0.204354,1.152963,0.733115,0.000000,0.000000,0.000000,0.000000,0.000000,0.000000,-0.041720,-0.787360,0.192809,-0.080256,-0.012192,-0.014752,OFF
1786957353640560336,2026-08-17T16:02:33.640578,prediction,0.142720,0.584000,0.383824,0.144957,0.580503,0.384326,True,0.133652,0.576140,0.364657,0.009068,0.007860,0.019167,17.78,10,-0.210160,1.165717,0.750829,-0.204354,1.152963,0.733115,0.000000,0.000000,0.000000,0.000000,0.000000,0.000000,-0.041720,-0.787360,0.192809,-0.080256,-0.012192,-0.014752,OFF
1786957353677429077,2026-08-17T16:02:33.677478,prediction,0.142371,0.579000,0.384608,0.144782,0.581167,0.384075,True,0.133600,0.576791,0.364666,0.008771,0.002208,0.019942,23.66,10,-0.210119,1.166840,0.749464,-0.206931,1.159166,0.740423,0.000000,0.000000,0.000000,0.000000,0.000000,0.000000,-0.041720,-0.787360,0.192809,-0.080256,-0.012192,-0.014752,OFF
1786957353710078873,2026-08-17T16:02:33.710199,prediction,0.143837,0.600000,0.381316,0.144659,0.581567,0.383908,True,0.133578,0.577171,0.364702,0.010259,0.022829,0.016614,19.11,10,-0.210071,1.167887,0.748251,-0.206931,1.159166,0.740423,0.000000,0.000000,0.000000,0.000000,0.000000,0.000000,-0.041720,-0.787360,0.192809,-0.080256,-0.012192,-0.014752,OFF
1786957353747842892,2026-08-17T16:02:33.747861,prediction,0.143069,0.589000,0.383040,0.144508,0.582180,0.383803,True,0.133506,0.577757,0.364763,0.009564,0.011243,0.018277,25.15,10,-0.210008,1.168890,0.747214,-0.209024,1.165139,0.745581,0.000000,0.000000,0.000000,0.000000,0.000000,0.000000,-0.041720,-0.787360,0.192809,-0.080256,-0.012192,-0.014752,OFF
1786957353778991616,2026-08-17T16:02:33.779050,prediction,0.143488,0.595000,0.382100,0.144407,0.583156,0.383584,True,0.133464,0.578699,0.364691,0.010024,0.016301,0.017409,19.96,10,-0.209932,1.169836,0.746342,-0.209024,1.165139,0.745581,0.000000,0.000000,0.000000,0.000000,0.000000,0.002609,-0.038640,-0.777420,0.199615,-0.076256,-0.013248,-0.009920,OFF
1786957353820261226,2026-08-17T16:02:33.820281,prediction,0.143488,0.595000,0.379154,0.144261,0.584204,0.383272,True,0.133376,0.579725,0.364527,0.010112,0.015275,0.014627,29.92,10,-0.209852,1.170737,0.745615,-0.210558,1.170690,0.748629,0.000000,0.000000,0.000000,0.000000,0.000000,0.000000,-0.037380,-0.775880,0.200528,-0.075744,-0.013248,-0.009472,OFF
1786957353844622492,2026-08-17T16:02:33.844644,prediction,0.143488,0.595000,0.379154,0.144138,0.585268,0.382909,True,0.133307,0.580763,0.364295,0.010181,0.014237,0.014860,20.64,10,-0.209771,1.171603,0.745012,-0.210558,1.170690,0.748629,0.000000,0.000000,0.000000,0.000000,0.000000,0.000000,-0.037380,-0.775880,0.200528,-0.075744,-0.013248,-0.009472,OFF
1786957353880268858,2026-08-17T16:02:33.880289,prediction,0.143837,0.600000,0.372504,0.144015,0.586067,0.382154,True,0.133266,0.581562,0.363748,0.010571,0.018438,0.008756,20.95,10,-0.209698,1.172441,0.744500,-0.211465,1.175249,0.749800,0.000000,0.000000,0.000000,0.000000,0.000000,0.000000,-0.037380,-0.775880,0.200528,-0.075744,-0.013248,-0.009472,OFF
1786957353920285995,2026-08-17T16:02:33.920350,prediction,0.145678,0.584000,0.357150,0.144061,0.587080,0.380271,True,0.133443,0.582620,0.362259,0.012236,0.001380,0.005110,21.34,10,-0.209620,1.173255,0.744071,-0.211465,1.175249,0.749800,0.000000,0.000000,0.000000,0.000000,0.000000,0.000000,-0.037380,-0.775880,0.200528,-0.075744,-0.013248,-0.009472,OFF
1786957353952373511,2026-08-17T16:02:33.952393,prediction,0.149368,0.595000,0.337915,0.144352,0.588403,0.377106,True,0.133927,0.584041,0.359655,0.015441,0.010959,0.021740,23.89,10,-0.209557,1.174023,0.743628,-0.209557,1.174023,0.743628,0.000000,0.000000,0.000000,0.000000,0.000000,0.000000,-0.034720,-0.773080,0.201524,-0.074976,-0.012256,-0.008128,OFF
1786957353975954936,2026-08-17T16:02:33.975985,prediction,0.152957,0.605000,0.313163,0.144815,0.589787,0.372448,True,0.134677,0.585610,0.355761,0.018280,0.019390,0.042598,18.96,10,-0.209531,1.174768,0.743085,-0.209557,1.174023,0.743628,0.000000,0.000000,0.000000,0.000000,0.000000,0.000000,-0.034720,-0.773080,0.201524,-0.074976,-0.012256,-0.008128,OFF
1786957354018500081,2026-08-17T16:02:34.018523,prediction,0.152633,0.600000,0.284383,0.145278,0.590917,0.365818,True,0.135577,0.587066,0.350186,0.017055,0.012934,0.065804,25.30,10,-0.209557,1.175545,0.742358,-0.209557,1.175719,0.742213,0.000000,0.000000,0.000000,0.000000,0.000000,0.000000,-0.034720,-0.773080,0.201524,-0.074976,-0.012256,-0.008128,OFF
1786957354040956415,2026-08-17T16:02:34.040971,prediction,0.154869,0.589000,0.247085,0.145891,0.591997,0.356702,True,0.136788,0.588614,0.342367,0.018081,0.000386,0.095282,18.50,10,-0.209645,1.176382,0.741304,-0.209557,1.175719,0.742213,0.000000,0.000000,0.000000,0.000000,0.000000,0.000000,-0.034720,-0.773080,0.201524,-0.074976,-0.012256,-0.008128,OFF
1786957354093876162,2026-08-17T16:02:34.093921,prediction,0.160769,0.589000,0.199796,0.147043,0.592479,0.344549,True,0.138710,0.589690,0.331600,0.022059,0.000690,0.131804,35.40,10,-0.209818,1.177253,0.739766,-0.209883,1.177639,0.739151,0.001744,0.000000,0.000000,0.000000,0.000000,0.000000,-0.026040,-0.755440,0.211152,-0.069856,-0.013024,-0.004192,OFF
1786957354131011485,2026-08-17T16:02:34.131028,prediction,0.160169,0.579000,0.161702,0.148183,0.592576,0.329793,True,0.140777,0.590518,0.318155,0.019393,0.011518,0.156453,32.54,10,-0.210135,1.178187,0.737539,-0.209883,1.177639,0.739151,0.000000,0.000000,0.000000,0.000000,0.000000,0.000000,-0.024780,-0.754740,0.212729,-0.068960,-0.013024,-0.003744,OFF
1786957354157361792,2026-08-17T16:02:34.157386,prediction,0.158851,0.557000,0.120307,0.149258,0.592062,0.312225,True,0.142904,0.590852,0.301669,0.015947,0.033852,0.181362,22.31,10,-0.210597,1.179166,0.734434,-0.209883,1.177639,0.739151,0.000000,0.000000,0.000000,0.000000,0.000000,0.003051,-0.025620,-0.751940,0.213061,-0.068960,-0.013376,-0.004064,OFF
1786957354188377426,2026-08-17T16:02:34.188400,prediction,0.158252,0.547000,0.087130,0.150317,0.590519,0.292393,True,0.145066,0.590167,0.282461,0.013186,0.043167,0.195331,22.94,10,-0.211214,1.180165,0.730235,-0.209883,1.177639,0.739151,0.000000,0.000000,0.000000,0.000000,0.000000,0.003051,-0.025620,-0.751940,0.213061,-0.068960,-0.013376,-0.004064,OFF
1786957354211027686,2026-08-17T16:02:34.211049,prediction,0.155233,0.547000,0.053855,0.151077,0.588237,0.270563,True,0.146897,0.588697,0.262461,0.008336,0.041698,0.208605,18.60,10,-0.211978,1.181131,0.724754,-0.211205,1.180492,0.729678,0.000000,0.000000,0.000000,0.000000,0.000000,0.003051,-0.025620,-0.751940,0.213061,-0.068960,-0.013376,-0.004064,OFF
1786957354244917610,2026-08-17T16:02:34.244937,prediction,0.154186,0.530000,0.044243,0.151818,0.585541,0.247976,True,0.148579,0.586664,0.242461,0.005607,0.056664,0.198217,24.26,10,-0.212866,1.182038,0.717938,-0.211205,1.180492,0.729678,0.000000,0.000000,0.000000,0.000000,0.000000,0.003051,-0.025620,-0.751940,0.213061,-0.068960,-0.013376,-0.004064,OFF
1786957354278558905,2026-08-17T16:02:34.278581,prediction,0.154863,0.541000,0.032452,0.152576,0.582121,0.224666,True,0.150119,0.583705,0.222461,0.004744,0.042705,0.190009,19.73,10,-0.213871,1.182834,0.709785,-0.212344,1.181824,0.721258,0.000000,0.000000,0.000000,0.000000,0.000000,0.003051,-0.025620,-0.751940,0.213061,-0.068960,-0.013376,-0.004064,OFF
1786957354305800553,2026-08-17T16:02:34.305820,prediction,0.154555,0.536000,0.029217,0.153314,0.578291,0.201337,True,0.151458,0.580118,0.202461,0.003097,0.044118,0.173243,17.85,10,-0.214981,1.183468,0.700303,-0.212344,1.181824,0.721258,0.000000,0.000000,0.000000,0.000000,0.000000,0.003051,-0.025620,-0.751940,0.213061,-0.068960,-0.013376,-0.004064,OFF


============================================================
EXPERIMENT METRICS
  File: experiment_SVGP_20260817_160205.csv
  Total samples: 866
  Task completion time: 29.07 s
  --- Prediction Accuracy (over 866 samples) ---
  Avg Inference Time: 22.29 ms
  Mean Squared Error (MSE): 0.002602 m²
  Mean Absolute Error (MAE - 3D): 0.0284 m
      MAE X: 0.0118 m
      MAE Y: 0.0054 m
      MAE Z: 0.0210 m
  --- Trajectory Smoothness (Robot EE) ---
  Mean Jerk (3D): 12.8620 m/s³
      Jerk X: 3.7551 m/s³
      Jerk Y: 5.0527 m/s³
      Jerk Z: 8.6962 m/s³
  Max Jerk (3D): 186.1619 m/s³
  RMS Jerk (3D): 22.3041 m/s³
============================================================
