ros_timestamp_ns,wall_time,trajectory_mode,meas_x,meas_y,meas_z,filt_x,filt_y,filt_z,is_tracked,pred_x,pred_y,pred_z,mae_x,mae_y,mae_z,inference_ms,buffer_size,robot_ee_x,robot_ee_y,robot_ee_z,j1_vel,j2_vel,j3_vel,j4_vel,j5_vel,j6_vel,j1_eff,j2_eff,j3_eff,j4_eff,j5_eff,j6_eff,role
1786354839253308544,2026-08-10T16:40:39.253326,ground_truth,-0.312908,-2.333000,-0.200892,,,,True,,,,,,,,,-0.161991,0.280059,0.378524,0.000000,0.000000,0.000000,0.000000,0.000000,0.000000,0.000000,0.000000,0.000000,0.000000,0.000000,0.000000,FOLLOWER
1786354839376002253,2026-08-10T16:40:39.376016,ground_truth,-0.304425,-2.298000,-0.197878,-0.312908,-2.333000,-0.200892,True,,,,,,,,,-0.161991,0.280059,0.378524,0.000000,0.000000,0.000000,0.000000,0.000000,0.000000,0.000000,0.000000,0.000000,0.000000,0.000000,0.000000,LEADER
1786354839408333249,2026-08-10T16:40:39.408352,ground_truth,-0.304037,-2.324000,-0.200117,-0.304425,-2.305000,-0.197878,True,,,,,,,,,-0.161991,0.280059,0.378524,0.000000,0.000000,0.000000,0.000000,0.000000,0.000000,0.000000,0.000000,0.000000,0.000000,0.000000,0.000000,LEADER
1786354839434181772,2026-08-10T16:40:39.434214,ground_truth,-0.297880,-2.306000,-0.198567,-0.304037,-2.320200,-0.200117,True,,,,,,,,,-0.161991,0.280059,0.378524,0.000000,0.000000,0.000000,0.000000,0.000000,0.000000,0.000000,0.000000,0.000000,0.000000,0.000000,0.000000,LEADER
1786354839461202857,2026-08-10T16:40:39.461221,ground_truth,-0.296846,-2.298000,-0.197878,-0.297880,-2.308840,-0.198567,True,,,,,,,,,-0.161991,0.280059,0.378524,0.000000,0.000000,0.000000,0.000000,0.000000,0.000000,0.000000,0.000000,0.000000,0.000000,0.000000,0.000000,LEADER
1786354839486281807,2026-08-10T16:40:39.486305,ground_truth,-0.299042,-2.315000,-0.199342,-0.303219,-2.312488,-0.199067,True,,,,,,,,,-0.161991,0.280059,0.378524,0.000000,0.000000,0.000000,0.000000,0.000000,0.000000,0.000000,0.000000,0.000000,0.000000,0.000000,0.000000,LEADER
1786354839514817270,2026-08-10T16:40:39.514840,ground_truth,-0.302530,-2.342000,-0.201667,-0.302523,-2.312231,-0.199113,True,,,,,,,,,-0.161991,0.280059,0.378524,0.000000,0.000000,0.000000,0.000000,0.000000,0.000000,0.000000,0.000000,0.000000,0.000000,0.000000,0.000000,LEADER
1786354839548329076,2026-08-10T16:40:39.548366,ground_truth,-0.297521,-2.333000,-0.200892,-0.302524,-2.312503,-0.199478,True,,,,,,,,,-0.161991,0.280059,0.378524,0.000000,0.000000,0.000000,0.000000,0.000000,0.000000,0.000000,0.000000,0.000000,0.000000,0.000000,0.000000,LEADER
1786354839582862497,2026-08-10T16:40:39.582900,ground_truth,-0.297521,-2.333000,-0.200892,-0.301899,-2.314601,-0.199654,True,,,,,,,,,-0.161991,0.280059,0.378524,0.000000,0.000000,0.000000,0.000000,0.000000,0.000000,0.000000,0.000000,0.000000,0.000000,0.000000,0.000000,LEADER
1786354839617587645,2026-08-10T16:40:39.617612,ground_truth,-0.296373,-2.324000,-0.200117,-0.301412,-2.316609,-0.199792,True,,,,,,,,,-0.161991,0.280059,0.378524,0.000000,0.000000,0.000000,0.000000,0.000000,0.000000,0.000000,0.000000,0.000000,0.000000,0.000000,0.000000,LEADER
1786354839651314373,2026-08-10T16:40:39.651358,ground_truth,-0.294077,-2.306000,-0.198567,-0.300908,-2.318282,-0.199825,True,,,,,,,,,-0.161991,0.280059,0.378524,0.000000,0.000000,0.000000,0.000000,0.000000,0.000000,0.000000,0.000000,0.000000,0.000000,0.000000,0.000000,LEADER
1786354839687888569,2026-08-10T16:40:39.687914,ground_truth,-0.293057,-2.298000,-0.197878,-0.300287,-2.319002,-0.199710,True,,,,,,,,,-0.161991,0.280059,0.378524,0.000000,0.000000,0.000000,0.000000,0.000000,0.000000,0.000000,0.000000,0.000000,0.000000,0.000000,0.000000,LEADER
1786354839719790614,2026-08-10T16:40:39.719815,ground_truth,-0.295225,-2.315000,-0.199342,-0.299685,-2.318267,-0.199558,True,,,,,,,,,-0.161991,0.280059,0.378524,0.000000,0.000000,0.000000,0.000000,0.000000,0.000000,0.000000,0.000000,0.000000,0.000000,0.000000,0.000000,LEADER
1786354839752592562,2026-08-10T16:40:39.752615,ground_truth,-0.298668,-2.342000,-0.201667,-0.299342,-2.317377,-0.199541,True,,,,,,,,,-0.161991,0.280059,0.378524,0.000000,0.000000,0.000000,0.000000,0.000000,0.000000,0.000000,0.000000,0.000000,0.000000,0.000000,0.000000,LEADER
1786354839782663794,2026-08-10T16:40:39.782690,ground_truth,-0.296373,-2.324000,-0.200117,-0.299294,-2.317075,-0.199693,True,,,,,,,,,-0.161991,0.280059,0.378524,0.000000,0.000000,0.000000,0.000000,0.000000,0.000000,0.000000,0.000000,0.000000,0.000000,0.000000,0.000000,LEADER
1786354839813648174,2026-08-10T16:40:39.813666,ground_truth,-0.295225,-2.315000,-0.199342,-0.299099,-2.317388,-0.199721,True,,,,,,,,,-0.161991,0.280059,0.378524,0.000000,0.000000,0.000000,0.000000,0.000000,0.000000,0.000000,0.000000,0.000000,0.000000,0.000000,0.000000,LEADER
1786354839847052014,2026-08-10T16:40:39.847072,ground_truth,-0.294077,-2.306000,-0.198567,-0.297920,-2.316971,-0.199618,True,,,,,,,,,-0.161991,0.280059,0.378524,0.000000,0.000000,0.000000,0.000000,0.000000,0.000000,0.000000,0.000000,0.000000,0.000000,0.000000,0.000000,LEADER
1786354839881847196,2026-08-10T16:40:39.881898,ground_truth,-0.294077,-2.306000,-0.198567,-0.297230,-2.317794,-0.199664,True,,,,,,,,,-0.161991,0.280059,0.378524,0.000000,0.000000,0.000000,0.000000,0.000000,0.000000,0.000000,0.000000,0.000000,0.000000,0.000000,0.000000,LEADER
1786354839915173366,2026-08-10T16:40:39.915199,ground_truth,-0.295225,-2.315000,-0.199342,-0.296566,-2.316999,-0.199560,True,,,,,,,,,-0.161991,0.280059,0.378524,0.000000,0.000000,0.000000,0.000000,0.000000,0.000000,0.000000,0.000000,0.000000,0.000000,0.000000,0.000000,LEADER
1786354839946989097,2026-08-10T16:40:39.947013,ground_truth,-0.294077,-2.306000,-0.198567,-0.296389,-2.316840,-0.199612,True,,,,,,,,,-0.161991,0.280059,0.378524,0.000000,0.000000,0.000000,0.000000,0.000000,0.000000,0.000000,0.000000,0.000000,0.000000,0.000000,0.000000,LEADER
1786354839981996675,2026-08-10T16:40:39.982021,ground_truth,-0.297521,-2.333000,-0.200892,-0.296205,-2.316808,-0.199658,True,,,,,,,,,-0.161991,0.280059,0.378524,0.000000,0.000000,0.000000,0.000000,0.000000,0.000000,0.000000,0.000000,0.000000,0.000000,0.000000,0.000000,LEADER
1786354840014535238,2026-08-10T16:40:40.014557,ground_truth,-0.296373,-2.324000,-0.200117,-0.296103,-2.317282,-0.199761,True,,,,,,,,,-0.161991,0.280059,0.378524,0.000000,0.000000,0.000000,0.000000,0.000000,0.000000,0.000000,0.000000,0.000000,0.000000,0.000000,0.000000,LEADER
1786354840048605992,2026-08-10T16:40:40.048640,ground_truth,-0.297521,-2.333000,-0.200892,-0.295693,-2.317856,-0.199658,True,,,,,,,,,-0.161991,0.280059,0.378524,0.000000,0.000000,0.000000,0.000000,0.000000,0.000000,0.000000,0.000000,0.000000,0.000000,0.000000,0.000000,LEADER
1786354840081907524,2026-08-10T16:40:40.081933,ground_truth,-0.294077,-2.306000,-0.198567,-0.295693,-2.317971,-0.199658,True,,,,,,,,,-0.161991,0.280059,0.378524,0.000000,0.000000,0.000000,0.000000,0.000000,0.000000,0.000000,0.000000,0.000000,0.000000,0.000000,0.000000,LEADER
1786354840117386773,2026-08-10T16:40:40.117402,ground_truth,-0.296373,-2.324000,-0.200117,-0.295463,-2.317514,-0.199503,True,,,,,,,,,-0.161991,0.280059,0.378524,0.000000,0.000000,0.000000,0.000000,0.000000,0.000000,0.000000,0.000000,0.000000,0.000000,0.000000,0.000000,LEADER
1786354840148320894,2026-08-10T16:40:40.148340,ground_truth,-0.293057,-2.298000,-0.197878,-0.295463,-2.316943,-0.199503,True,,,,,,,,,-0.161991,0.280059,0.378524,0.000000,0.000000,0.000000,0.000000,0.000000,0.000000,0.000000,0.000000,0.000000,0.000000,0.000000,0.000000,LEADER
1786354840181357098,2026-08-10T16:40:40.181401,ground_truth,-0.297521,-2.333000,-0.200892,-0.295395,-2.315869,-0.199457,True,,,,,,,,,-0.161991,0.280059,0.378524,0.000000,0.000000,0.000000,0.000000,0.000000,0.000000,0.000000,0.000000,0.000000,0.000000,0.000000,0.000000,LEADER
1786354840215507294,2026-08-10T16:40:40.215535,ground_truth,-0.293057,-2.298000,-0.197878,-0.295693,-2.316614,-0.199658,True,,,,,,,,,-0.161991,0.280059,0.378524,0.000000,0.000000,0.000000,0.000000,0.000000,0.000000,0.000000,0.000000,0.000000,0.000000,0.000000,0.000000,LEADER
1786354840247820535,2026-08-10T16:40:40.247853,ground_truth,-0.295225,-2.315000,-0.199342,-0.295548,-2.316336,-0.199560,True,,,,,,,,,-0.161991,0.280059,0.378524,0.000000,0.000000,0.000000,0.000000,0.000000,0.000000,0.000000,0.000000,0.000000,0.000000,0.000000,0.000000,LEADER
1786354840280441103,2026-08-10T16:40:40.280454,ground_truth,-0.296373,-2.324000,-0.200117,-0.295319,-2.316281,-0.199405,True,,,,,,,,,-0.161991,0.280059,0.378524,0.000000,0.000000,0.000000,0.000000,0.000000,0.000000,0.000000,0.000000,0.000000,0.000000,0.000000,0.000000,LEADER
1786354840315029808,2026-08-10T16:40:40.315067,ground_truth,-0.298668,-2.342000,-0.201667,-0.295319,-2.315790,-0.199405,True,,,,,,,,,-0.161991,0.280059,0.378524,0.000000,0.000000,0.000000,0.000000,0.000000,0.000000,0.000000,0.000000,0.000000,0.000000,0.000000,0.000000,LEADER
1786354840348690948,2026-08-10T16:40:40.348710,ground_truth,-0.298668,-2.342000,-0.201667,-0.295548,-2.315691,-0.199560,True,,,,,,,,,-0.161991,0.280059,0.378524,0.000000,0.000000,0.000000,0.000000,0.000000,0.000000,0.000000,0.000000,0.000000,0.000000,0.000000,0.000000,LEADER
1786354840382190088,2026-08-10T16:40:40.382201,ground_truth,-0.295225,-2.315000,-0.199342,-0.295854,-2.317112,-0.199767,True,,,,,,,,,-0.161991,0.280059,0.378524,0.000000,0.000000,0.000000,0.000000,0.000000,0.000000,0.000000,0.000000,0.000000,0.000000,0.000000,0.000000,LEADER
1786354840416437109,2026-08-10T16:40:40.416459,ground_truth,-0.294077,-2.306000,-0.198567,-0.295931,-2.319316,-0.199819,True,,,,,,,,,-0.161991,0.280059,0.378524,0.000000,0.000000,0.000000,0.000000,0.000000,0.000000,0.000000,0.000000,0.000000,0.000000,0.000000,0.000000,LEADER
1786354840449862247,2026-08-10T16:40:40.449888,ground_truth,-0.296373,-2.324000,-0.200117,-0.295854,-2.320237,-0.199767,True,,,,,,,,,-0.161991,0.280059,0.378524,0.000000,0.000000,0.000000,0.000000,0.000000,0.000000,0.000000,0.000000,0.000000,0.000000,0.000000,0.000000,LEADER
1786354840480994669,2026-08-10T16:40:40.481038,ground_truth,-0.295225,-2.315000,-0.199342,-0.296007,-2.320901,-0.199870,True,,,,,,,,,-0.161991,0.280059,0.378524,0.000000,0.000000,0.000000,0.000000,0.000000,0.000000,0.000000,0.000000,0.000000,0.000000,0.000000,0.000000,LEADER
1786354840515703002,2026-08-10T16:40:40.515737,ground_truth,-0.295225,-2.315000,-0.199342,-0.295854,-2.321034,-0.199767,True,,,,,,,,,-0.161991,0.280059,0.378524,0.000000,0.000000,0.000000,0.000000,0.000000,0.000000,0.000000,0.000000,0.000000,0.000000,0.000000,0.000000,LEADER
1786354840550549130,2026-08-10T16:40:40.550564,ground_truth,-0.297521,-2.333000,-0.200892,-0.295778,-2.320580,-0.199715,True,,,,,,,,,-0.161991,0.280059,0.378524,0.000000,0.000000,0.000000,0.000000,0.000000,0.000000,0.000000,0.000000,0.000000,0.000000,0.000000,0.000000,LEADER
1786354840580523986,2026-08-10T16:40:40.580538,ground_truth,-0.294077,-2.306000,-0.198567,-0.295778,-2.319529,-0.199715,True,,,,,,,,,-0.161991,0.280059,0.378524,0.000000,0.000000,0.000000,0.000000,0.000000,0.000000,0.000000,0.000000,0.000000,0.000000,0.000000,0.000000,LEADER
1786354840615062725,2026-08-10T16:40:40.615089,ground_truth,-0.295225,-2.315000,-0.199342,-0.295778,-2.318839,-0.199715,True,,,,,,,,,-0.161991,0.280059,0.378524,0.000000,0.000000,0.000000,0.000000,0.000000,0.000000,0.000000,0.000000,0.000000,0.000000,0.000000,0.000000,LEADER
1786354840648215412,2026-08-10T16:40:40.648242,ground_truth,-0.297521,-2.333000,-0.200892,-0.295701,-2.318221,-0.199664,True,,,,,,,,,-0.161991,0.280059,0.378524,0.000000,0.000000,0.000000,0.000000,0.000000,0.000000,0.000000,0.000000,0.000000,0.000000,0.000000,0.000000,LEADER
1786354840683124440,2026-08-10T16:40:40.683142,ground_truth,-0.296373,-2.324000,-0.200117,-0.295999,-2.318578,-0.199865,True,,,,,,,,,-0.161991,0.280059,0.378524,0.000000,0.000000,0.000000,0.000000,0.000000,0.000000,0.000000,0.000000,0.000000,0.000000,0.000000,0.000000,LEADER
1786354840720662057,2026-08-10T16:40:40.720691,ground_truth,-0.294077,-2.306000,-0.198567,-0.295922,-2.318649,-0.199813,True,,,,,,,,,-0.161991,0.280059,0.378524,0.000000,0.000000,0.000000,0.000000,0.000000,0.000000,0.000000,0.000000,0.000000,0.000000,0.000000,0.000000,LEADER
1786354840749998472,2026-08-10T16:40:40.750025,ground_truth,-0.294077,-2.306000,-0.202377,-0.295990,-2.320050,-0.199859,True,,,,,,,,,-0.161991,0.280059,0.378524,0.000000,0.000000,0.000000,0.000000,0.000000,0.000000,0.000000,0.000000,0.000000,0.000000,0.000000,0.000000,LEADER
1786354840785915549,2026-08-10T16:40:40.785954,ground_truth,-0.296373,-2.324000,-0.203957,-0.295914,-2.319850,-0.200061,True,,,,,,,,,-0.161991,0.280059,0.378524,0.000000,0.000000,0.000000,0.000000,0.000000,0.000000,0.000000,0.000000,0.000000,0.000000,0.000000,0.000000,LEADER
1786354840817305052,2026-08-10T16:40:40.817331,ground_truth,-0.297521,-2.333000,-0.204747,-0.295914,-2.319330,-0.200317,True,,,,,,,,,-0.161991,0.280059,0.378524,0.000000,0.000000,0.000000,0.000000,0.000000,0.000000,0.000000,0.000000,0.000000,0.000000,0.000000,0.000000,LEADER
1786354840851536132,2026-08-10T16:40:40.851565,ground_truth,-0.295225,-2.315000,-0.203167,-0.295837,-2.319226,-0.200523,True,,,,,,,,,-0.161991,0.280059,0.378524,0.000000,0.000000,0.000000,0.000000,0.000000,0.000000,0.000000,0.000000,0.000000,0.000000,0.000000,0.000000,LEADER
1786354840883053570,2026-08-10T16:40:40.883086,ground_truth,-0.295225,-2.315000,-0.203167,-0.295608,-2.318245,-0.200623,True,,,,,,,,,-0.161991,0.280059,0.378524,0.000000,0.000000,0.000000,0.000000,0.000000,0.000000,0.000000,0.000000,0.000000,0.000000,0.000000,0.000000,LEADER
1786354840916773062,2026-08-10T16:40:40.916805,ground_truth,-0.294077,-2.306000,-0.202377,-0.295608,-2.316609,-0.200877,True,,,,,,,,,-0.161991,0.280059,0.378524,0.000000,0.000000,0.000000,0.000000,0.000000,0.000000,0.000000,0.000000,0.000000,0.000000,0.000000,0.000000,LEADER
1786354840950021742,2026-08-10T16:40:40.950056,ground_truth,-0.295225,-2.315000,-0.203167,-0.295608,-2.316282,-0.201131,True,,,,,,,,,-0.161991,0.280059,0.378524,0.000000,0.000000,0.000000,0.000000,0.000000,0.000000,0.000000,0.000000,0.000000,0.000000,0.000000,0.000000,LEADER
1786354840984738973,2026-08-10T16:40:40.984774,ground_truth,-0.297521,-2.333000,-0.204747,-0.295531,-2.316216,-0.201335,True,,,,,,,,,-0.161991,0.280059,0.378524,0.000000,0.000000,0.000000,0.000000,0.000000,0.000000,0.000000,0.000000,0.000000,0.000000,0.000000,0.000000,LEADER
1786354841017847414,2026-08-10T16:40:41.017980,ground_truth,-0.297521,-2.333000,-0.204747,-0.295684,-2.316203,-0.201695,True,,,,,,,,,-0.161991,0.280059,0.378524,0.000000,0.000000,0.000000,0.000000,0.000000,0.000000,0.000000,0.000000,0.000000,0.000000,0.000000,0.000000,LEADER
1786354841050979811,2026-08-10T16:40:41.051018,ground_truth,-0.294077,-2.306000,-0.202377,-0.295837,-2.317161,-0.202055,True,,,,,,,,,-0.161991,0.280059,0.378524,0.000000,0.000000,0.000000,0.000000,0.000000,0.000000,0.000000,0.000000,0.000000,0.000000,0.000000,0.000000,LEADER
1786354841082686509,2026-08-10T16:40:41.082699,ground_truth,-0.300964,-2.360000,-0.207116,-0.295608,-2.318312,-0.202154,True,,,,,,,,,-0.161991,0.280059,0.378524,0.000000,0.000000,0.000000,0.000000,0.000000,0.000000,0.000000,0.000000,0.000000,0.000000,0.000000,0.000000,LEADER
1786354841115171156,2026-08-10T16:40:41.115205,ground_truth,-0.296373,-2.324000,-0.203957,-0.296067,-2.319503,-0.202724,True,,,,,,,,,-0.161991,0.280059,0.378524,0.000000,0.000000,0.000000,0.000000,0.000000,0.000000,0.000000,0.000000,0.000000,0.000000,0.000000,0.000000,LEADER
1786354841148618605,2026-08-10T16:40:41.148640,ground_truth,-0.296373,-2.324000,-0.203957,-0.296143,-2.320221,-0.203032,True,,,,,,,,,-0.161991,0.280059,0.378524,0.000000,0.000000,0.000000,0.000000,0.000000,0.000000,0.000000,0.000000,0.000000,0.000000,0.000000,0.000000,LEADER
1786354841181726995,2026-08-10T16:40:41.181747,ground_truth,-0.297521,-2.333000,-0.204747,-0.296067,-2.320844,-0.203236,True,,,,,,,,,-0.161991,0.280059,0.378524,0.000000,0.000000,0.000000,0.000000,0.000000,0.000000,0.000000,0.000000,0.000000,0.000000,0.000000,0.000000,LEADER
1786354841217221862,2026-08-10T16:40:41.217258,ground_truth,-0.296373,-2.324000,-0.203957,-0.296143,-2.320969,-0.203545,True,,,,,,,,,-0.161991,0.280059,0.378524,0.000000,0.000000,0.000000,0.000000,0.000000,0.000000,0.000000,0.000000,0.000000,0.000000,0.000000,0.000000,LEADER
1786354841248890377,2026-08-10T16:40:41.248911,ground_truth,-0.295225,-2.315000,-0.203167,-0.296296,-2.320994,-0.203904,True,,,,,,,,,-0.161991,0.280059,0.378524,0.000000,0.000000,0.000000,0.000000,0.000000,0.000000,0.000000,0.000000,0.000000,0.000000,0.000000,0.000000,LEADER
1786354841283592948,2026-08-10T16:40:41.283616,ground_truth,-0.296373,-2.324000,-0.203957,-0.296373,-2.321959,-0.203957,True,,,,,,,,,-0.161991,0.280059,0.378524,0.000000,0.000000,0.000000,0.000000,0.000000,0.000000,0.000000,0.000000,0.000000,0.000000,0.000000,0.000000,LEADER
1786354841315487907,2026-08-10T16:40:41.315524,ground_truth,-0.296373,-2.324000,-0.203957,-0.296373,-2.323112,-0.203957,True,,,,,,,,,-0.161991,0.280059,0.378524,0.000000,0.000000,0.000000,0.000000,0.000000,0.000000,0.000000,0.000000,0.000000,0.000000,0.000000,0.000000,LEADER
1786354841358507752,2026-08-10T16:40:41.358524,ground_truth,-0.295225,-2.315000,-0.203167,-0.296296,-2.323342,-0.203904,True,,,,,,,,,-0.161991,0.280059,0.378524,0.000000,0.000000,0.000000,0.000000,0.000000,0.000000,0.000000,0.000000,0.000000,0.000000,0.000000,0.000000,LEADER
1786354841401321743,2026-08-10T16:40:41.401360,ground_truth,-0.296373,-2.324000,-0.203957,-0.296296,-2.323389,-0.203904,True,,,,,,,,,-0.161991,0.280059,0.378524,0.000000,0.000000,0.000000,0.000000,0.000000,0.000000,0.000000,0.000000,0.000000,0.000000,0.000000,0.000000,LEADER
1786354841433129114,2026-08-10T16:40:41.433146,ground_truth,-0.296846,-2.298000,-0.201675,-0.296373,-2.323878,-0.203957,True,,,,,,,,,-0.161991,0.280059,0.378524,0.000000,0.000000,0.000000,0.000000,0.000000,0.000000,0.000000,0.000000,0.000000,0.000000,0.000000,0.000000,LEADER
1786354841460765514,2026-08-10T16:40:41.460790,ground_truth,-0.301368,-2.333000,-0.204747,-0.296558,-2.323976,-0.203910,True,,,,,,,,,-0.161991,0.280059,0.378524,0.000000,0.000000,0.000000,0.000000,0.000000,0.000000,0.000000,0.000000,0.000000,0.000000,0.000000,0.000000,LEADER
1786354841497487148,2026-08-10T16:40:41.497507,ground_truth,-0.304037,-2.324000,-0.207796,-0.296967,-2.324475,-0.204015,True,,,,,,,,,-0.161991,0.280059,0.378524,0.000000,0.000000,0.000000,0.000000,0.000000,0.000000,0.000000,0.000000,0.000000,0.000000,0.000000,0.000000,LEADER
1786354841531822897,2026-08-10T16:40:41.531858,ground_truth,-0.304037,-2.324000,-0.207796,-0.297401,-2.325055,-0.204219,True,,,,,,,,,-0.161991,0.280059,0.378524,0.000000,0.000000,0.000000,0.000000,0.000000,0.000000,0.000000,0.000000,0.000000,0.000000,0.000000,0.000000,LEADER
1786354841561447672,2026-08-10T16:40:41.561465,ground_truth,-0.301682,-2.306000,-0.206187,-0.297836,-2.324691,-0.204422,True,,,,,,,,,-0.161991,0.280059,0.378524,0.000000,0.000000,0.000000,0.000000,0.000000,0.000000,0.000000,0.000000,0.000000,0.000000,0.000000,0.000000,LEADER
1786354841586491771,2026-08-10T16:40:41.586519,ground_truth,-0.302860,-2.315000,-0.206991,-0.298343,-2.324138,-0.204676,True,,,,,,,,,-0.161991,0.280059,0.378524,0.000000,0.000000,0.000000,0.000000,0.000000,0.000000,0.000000,0.000000,0.000000,0.000000,0.000000,0.000000,LEADER
1786354841616726604,2026-08-10T16:40:41.616758,ground_truth,-0.305214,-2.333000,-0.208601,-0.298469,-2.323068,-0.204668,True,,,,,,,,,-0.161991,0.280059,0.378524,0.000000,0.000000,0.000000,0.000000,0.000000,0.000000,0.000000,0.000000,0.000000,0.000000,0.000000,0.000000,LEADER
1786354841650792235,2026-08-10T16:40:41.650818,ground_truth,-0.304037,-2.324000,-0.207796,-0.299059,-2.322374,-0.204977,True,,,,,,,,,-0.161991,0.280059,0.378524,0.000000,0.000000,0.000000,0.000000,0.000000,0.000000,0.000000,0.000000,0.000000,0.000000,0.000000,0.000000,LEADER
1786354841682432136,2026-08-10T16:40:41.682470,ground_truth,-0.304037,-2.324000,-0.207796,-0.299570,-2.322235,-0.205233,True,,,,,,,,,-0.161991,0.280059,0.378524,0.000000,0.000000,0.000000,0.000000,0.000000,0.000000,0.000000,0.000000,0.000000,0.000000,0.000000,0.000000,LEADER
1786354841715973875,2026-08-10T16:40:41.716008,ground_truth,-0.302860,-2.315000,-0.206991,-0.300004,-2.322207,-0.205436,True,,,,,,,,,-0.161991,0.280059,0.378524,0.000000,0.000000,0.000000,0.000000,0.000000,0.000000,0.000000,0.000000,0.000000,0.000000,0.000000,0.000000,LEADER
1786354841750618876,2026-08-10T16:40:41.750643,ground_truth,-0.302860,-2.315000,-0.206991,-0.300436,-2.322201,-0.205639,True,,,,,,,,,-0.161991,0.280059,0.378524,0.000000,0.000000,0.000000,0.000000,0.000000,0.000000,0.000000,0.000000,0.000000,0.000000,0.000000,0.000000,LEADER
1786354841782307259,2026-08-10T16:40:41.782323,ground_truth,-0.305484,-2.306000,-0.206187,-0.300945,-2.321720,-0.205894,True,,,,,,,,,-0.161991,0.280059,0.378524,0.000000,0.000000,0.000000,0.000000,0.000000,0.000000,0.000000,0.000000,0.000000,0.000000,0.000000,0.000000,LEADER
1786354841817053233,2026-08-10T16:40:41.817081,ground_truth,-0.305484,-2.306000,-0.206187,-0.301553,-2.321144,-0.206042,True,,,,,,,,,-0.161991,0.280059,0.378524,0.000000,0.000000,0.000000,0.000000,0.000000,0.000000,0.000000,0.000000,0.000000,0.000000,0.000000,0.000000,LEADER
1786354841851249295,2026-08-10T16:40:41.851269,ground_truth,-0.305484,-2.306000,-0.206187,-0.302160,-2.320069,-0.206191,True,,,,,,,,,-0.161991,0.280059,0.378524,0.000000,0.000000,0.000000,0.000000,0.000000,0.000000,0.000000,0.000000,0.000000,0.000000,0.000000,0.000000,LEADER
1786354841883977788,2026-08-10T16:40:41.884022,ground_truth,-0.301682,-2.306000,-0.206187,-0.302844,-2.318894,-0.206392,True,,,,,,,,,-0.161991,0.280059,0.378524,0.000000,0.000000,0.000000,0.000000,0.000000,0.000000,0.000000,0.000000,0.000000,0.000000,0.000000,0.000000,LEADER
1786354841916985616,2026-08-10T16:40:41.916999,ground_truth,-0.301682,-2.306000,-0.206187,-0.303198,-2.317699,-0.206541,True,,,,,,,,,-0.161991,0.280059,0.378524,0.000000,0.000000,0.000000,0.000000,0.000000,0.000000,0.000000,0.000000,0.000000,0.000000,0.000000,0.000000,LEADER
1786354841952039749,2026-08-10T16:40:41.952062,ground_truth,-0.301682,-2.306000,-0.206187,-0.303521,-2.316980,-0.206842,True,,,,,,,,,-0.161991,0.280059,0.378524,0.000000,0.000000,0.000000,0.000000,0.000000,0.000000,0.000000,0.000000,0.000000,0.000000,0.000000,0.000000,LEADER
1786354841983389214,2026-08-10T16:40:41.983413,ground_truth,-0.302860,-2.315000,-0.206991,-0.303542,-2.315876,-0.206938,True,,,,,,,,,-0.161991,0.280059,0.378524,0.000000,0.000000,0.000000,0.000000,0.000000,0.000000,0.000000,0.000000,0.000000,0.000000,0.000000,0.000000,LEADER
1786354842017244513,2026-08-10T16:40:42.017268,ground_truth,-0.304037,-2.324000,-0.207796,-0.303463,-2.314695,-0.206884,True,,,,,,,,,-0.161991,0.280059,0.378524,0.000000,0.000000,0.000000,0.000000,0.000000,0.000000,0.000000,0.000000,0.000000,0.000000,0.000000,0.000000,LEADER
1786354842053174480,2026-08-10T16:40:42.053198,ground_truth,-0.302860,-2.315000,-0.206991,-0.303463,-2.313979,-0.206884,True,,,,,,,,,-0.161991,0.280059,0.378524,0.000000,0.000000,0.000000,0.000000,0.000000,0.000000,0.000000,0.000000,0.000000,0.000000,0.000000,0.000000,LEADER
1786354842085289718,2026-08-10T16:40:42.085305,ground_truth,-0.304037,-2.324000,-0.207796,-0.303542,-2.313356,-0.206938,True,,,,,,,,,-0.161991,0.280059,0.378524,0.000000,0.000000,0.000000,0.000000,0.000000,0.000000,0.000000,0.000000,0.000000,0.000000,0.000000,0.000000,LEADER
1786354842118149581,2026-08-10T16:40:42.118188,ground_truth,-0.306392,-2.342000,-0.209406,-0.303620,-2.313711,-0.206991,True,,,,,,,,,-0.161991,0.280059,0.378524,0.000000,0.000000,0.000000,0.000000,0.000000,0.000000,0.000000,0.000000,0.000000,0.000000,0.000000,0.000000,LEADER
1786354842151500313,2026-08-10T16:40:42.151540,ground_truth,-0.299458,-2.289000,-0.204667,-0.303699,-2.314262,-0.207045,True,,,,,,,,,-0.161991,0.280059,0.378524,0.000000,0.000000,0.000000,0.000000,0.000000,0.000000,0.000000,0.000000,0.000000,0.000000,0.000000,0.000000,LEADER
1786354842183701756,2026-08-10T16:40:42.183733,ground_truth,-0.304037,-2.324000,-0.207796,-0.303393,-2.314372,-0.206836,True,,,,,,,,,-0.161991,0.280059,0.378524,0.000000,0.000000,0.000000,0.000000,0.000000,0.000000,0.000000,0.000000,0.000000,0.000000,0.000000,0.000000,LEADER
1786354842217034795,2026-08-10T16:40:42.217061,ground_truth,-0.302860,-2.315000,-0.206991,-0.303393,-2.314395,-0.206836,True,,,,,,,,,-0.161991,0.280059,0.378524,0.000000,0.000000,0.000000,0.000000,0.000000,0.000000,0.000000,0.000000,0.000000,0.000000,0.000000,0.000000,LEADER
1786354842248894414,2026-08-10T16:40:42.248914,ground_truth,-0.307869,-2.324000,-0.207796,-0.303393,-2.313919,-0.206836,True,,,,,,,,,-0.161991,0.280059,0.378524,0.000000,0.000000,0.000000,0.000000,0.000000,0.000000,0.000000,0.000000,0.000000,0.000000,0.000000,0.000000,LEADER
1786354842284789855,2026-08-10T16:40:42.284807,ground_truth,-0.306677,-2.315000,-0.206991,-0.303727,-2.314304,-0.206890,True,,,,,,,,,-0.161991,0.280059,0.378524,0.000000,0.000000,0.000000,0.000000,0.000000,0.000000,0.000000,0.000000,0.000000,0.000000,0.000000,0.000000,LEADER
1786354842317111217,2026-08-10T16:40:42.317128,ground_truth,-0.306677,-2.315000,-0.206991,-0.303807,-2.314381,-0.206944,True,,,,,,,,,-0.161991,0.280059,0.378524,0.000000,0.000000,0.000000,0.000000,0.000000,0.000000,0.000000,0.000000,0.000000,0.000000,0.000000,0.000000,LEADER
1786354842350655841,2026-08-10T16:40:42.350697,ground_truth,-0.305484,-2.306000,-0.206187,-0.303886,-2.314876,-0.206997,True,,,,,,,,,-0.161991,0.280059,0.378524,0.000000,0.000000,0.000000,0.000000,0.000000,0.000000,0.000000,0.000000,0.000000,0.000000,0.000000,0.000000,LEADER
1786354842386878378,2026-08-10T16:40:42.386922,ground_truth,-0.304425,-2.298000,-0.205471,-0.303886,-2.315455,-0.206997,True,,,,,,,,,-0.161991,0.280059,0.378524,0.000000,0.000000,0.000000,0.000000,0.000000,0.000000,0.000000,0.000000,0.000000,0.000000,0.000000,0.000000,LEADER
1786354842418435889,2026-08-10T16:40:42.418450,ground_truth,-0.305484,-2.306000,-0.206187,-0.304069,-2.315571,-0.206950,True,,,,,,,,,-0.161991,0.280059,0.378524,0.000000,0.000000,0.000000,0.000000,0.000000,0.000000,0.000000,0.000000,0.000000,0.000000,0.000000,0.000000,LEADER
1786354842450290258,2026-08-10T16:40:42.450316,ground_truth,-0.306677,-2.315000,-0.206991,-0.304323,-2.315594,-0.206950,True,,,,,,,,,-0.161991,0.280059,0.378524,0.000000,0.000000,0.000000,0.000000,0.000000,0.000000,0.000000,0.000000,0.000000,0.000000,0.000000,0.000000,LEADER
1786354842484297576,2026-08-10T16:40:42.484314,ground_truth,-0.303232,-2.289000,-0.204667,-0.304656,-2.315599,-0.207003,True,,,,,,,,,-0.161991,0.280059,0.378524,0.000000,0.000000,0.000000,0.000000,0.000000,0.000000,0.000000,0.000000,0.000000,0.000000,0.000000,0.000000,LEADER
1786354842517739573,2026-08-10T16:40:42.517751,ground_truth,-0.306677,-2.315000,-0.206991,-0.304680,-2.315600,-0.206848,True,,,,,,,,,-0.161991,0.280059,0.378524,0.000000,0.000000,0.000000,0.000000,0.000000,0.000000,0.000000,0.000000,0.000000,0.000000,0.000000,0.000000,LEADER
1786354842552703291,2026-08-10T16:40:42.552723,ground_truth,-0.304425,-2.298000,-0.205471,-0.304856,-2.315600,-0.206795,True,,,,,,,,,-0.161991,0.280059,0.378524,0.000000,0.000000,0.000000,0.000000,0.000000,0.000000,0.000000,0.000000,0.000000,0.000000,0.000000,0.000000,LEADER
1786354842584480172,2026-08-10T16:40:42.584495,ground_truth,-0.306677,-2.315000,-0.206991,-0.304961,-2.314693,-0.206693,True,,,,,,,,,-0.161991,0.280059,0.378524,0.000000,0.000000,0.000000,0.000000,0.000000,0.000000,0.000000,0.000000,0.000000,0.000000,0.000000,0.000000,LEADER
1786354842617229724,2026-08-10T16:40:42.617269,ground_truth,-0.304425,-2.298000,-0.205471,-0.305137,-2.314032,-0.206640,True,,,,,,,,,-0.161991,0.280059,0.378524,0.000000,0.000000,0.000000,0.000000,0.000000,0.000000,0.000000,0.000000,0.000000,0.000000,0.000000,0.000000,LEADER
1786354842653139232,2026-08-10T16:40:42.653165,ground_truth,-0.305484,-2.306000,-0.206187,-0.305006,-2.312513,-0.206377,True,,,,,,,,,-0.161991,0.280059,0.378524,0.000000,0.000000,0.000000,0.000000,0.000000,0.000000,0.000000,0.000000,0.000000,0.000000,0.000000,0.000000,LEADER
1786354842683548366,2026-08-10T16:40:42.683593,ground_truth,-0.305484,-2.306000,-0.206187,-0.305407,-2.311249,-0.206479,True,,,,,,,,,-0.161991,0.280059,0.378524,0.000000,0.000000,0.000000,0.000000,0.000000,0.000000,0.000000,0.000000,0.000000,0.000000,0.000000,0.000000,LEADER
1786354842719902404,2026-08-10T16:40:42.719923,ground_truth,-0.305484,-2.306000,-0.206187,-0.305504,-2.310037,-0.206372,True,,,,,,,,,-0.161991,0.280059,0.378524,0.000000,0.000000,0.000000,0.000000,0.000000,0.000000,0.000000,0.000000,0.000000,0.000000,0.000000,0.000000,LEADER
1786354842751648997,2026-08-10T16:40:42.751672,ground_truth,-0.304425,-2.298000,-0.205471,-0.305679,-2.309314,-0.206318,True,,,,,,,,,-0.161991,0.280059,0.378524,0.000000,0.000000,0.000000,0.000000,0.000000,0.000000,0.000000,0.000000,0.000000,0.000000,0.000000,0.000000,LEADER
1786354842784982025,2026-08-10T16:40:42.785007,ground_truth,-0.303232,-2.289000,-0.204667,-0.305449,-2.308209,-0.206163,True,,,,,,,,,-0.161991,0.280059,0.378524,0.000000,0.000000,0.000000,0.000000,0.000000,0.000000,0.000000,0.000000,0.000000,0.000000,0.000000,0.000000,LEADER
1786354842818818227,2026-08-10T16:40:42.818847,ground_truth,-0.304425,-2.298000,-0.205471,-0.305220,-2.307082,-0.206008,True,,,,,,,,,-0.161991,0.280059,0.378524,0.000000,0.000000,0.000000,0.000000,0.000000,0.000000,0.000000,0.000000,0.000000,0.000000,0.000000,0.000000,LEADER
1786354842850076655,2026-08-10T16:40:42.850115,ground_truth,-0.304425,-2.298000,-0.205471,-0.305069,-2.305950,-0.205907,True,,,,,,,,,-0.161991,0.280059,0.378524,0.000000,0.000000,0.000000,0.000000,0.000000,0.000000,0.000000,0.000000,0.000000,0.000000,0.000000,0.000000,LEADER
1786354842884359892,2026-08-10T16:40:42.884382,ground_truth,-0.307869,-2.324000,-0.207796,-0.304999,-2.304817,-0.205859,True,,,,,,,,,-0.161991,0.280059,0.378524,0.000000,0.000000,0.000000,0.000000,0.000000,0.000000,0.000000,0.000000,0.000000,0.000000,0.000000,0.000000,LEADER
1786354842916729968,2026-08-10T16:40:42.916744,ground_truth,-0.309061,-2.333000,-0.208601,-0.305228,-2.304163,-0.206014,True,,,,,,,,,-0.161991,0.280059,0.378524,0.000000,0.000000,0.000000,0.000000,0.000000,0.000000,0.000000,0.000000,0.000000,0.000000,0.000000,0.000000,LEADER
1786354842951229628,2026-08-10T16:40:42.951254,ground_truth,-0.307869,-2.324000,-0.207796,-0.305467,-2.304993,-0.206175,True,,,,,,,,,-0.161991,0.280059,0.378524,0.000000,0.000000,0.000000,0.000000,0.000000,0.000000,0.000000,0.000000,0.000000,0.000000,0.000000,0.000000,LEADER
1786354842983532195,2026-08-10T16:40:42.983562,ground_truth,-0.310254,-2.342000,-0.209406,-0.305546,-2.306119,-0.206228,True,,,,,,,,,-0.161991,0.280059,0.378524,0.000000,0.000000,0.000000,0.000000,0.000000,0.000000,0.000000,0.000000,0.000000,0.000000,0.000000,0.000000,LEADER
1786354843017115621,2026-08-10T16:40:43.017147,ground_truth,-0.307869,-2.324000,-0.207796,-0.306014,-2.307784,-0.206544,True,,,,,,,,,-0.161991,0.280059,0.378524,0.000000,0.000000,0.000000,0.000000,0.000000,0.000000,0.000000,0.000000,0.000000,0.000000,0.000000,0.000000,LEADER
1786354843050625536,2026-08-10T16:40:43.050659,ground_truth,-0.307869,-2.324000,-0.207796,-0.306094,-2.308597,-0.206598,True,,,,,,,,,-0.161991,0.280059,0.378524,0.000000,0.000000,0.000000,0.000000,0.000000,0.000000,0.000000,0.000000,0.000000,0.000000,0.000000,0.000000,LEADER
1786354843086825668,2026-08-10T16:40:43.086853,ground_truth,-0.310254,-2.342000,-0.209406,-0.306323,-2.310146,-0.206753,True,,,,,,,,,-0.161991,0.280059,0.378524,0.000000,0.000000,0.000000,0.000000,0.000000,0.000000,0.000000,0.000000,0.000000,0.000000,0.000000,0.000000,LEADER
1786354843119534380,2026-08-10T16:40:43.119571,ground_truth,-0.309061,-2.333000,-0.208601,-0.306562,-2.310936,-0.206914,True,,,,,,,,,-0.161991,0.280059,0.378524,0.000000,0.000000,0.000000,0.000000,0.000000,0.000000,0.000000,0.000000,0.000000,0.000000,0.000000,0.000000,LEADER
1786354843151532432,2026-08-10T16:40:43.151554,ground_truth,-0.307869,-2.324000,-0.207796,-0.306871,-2.312961,-0.207123,True,,,,,,,,,-0.161991,0.280059,0.378524,0.000000,0.000000,0.000000,0.000000,0.000000,0.000000,0.000000,0.000000,0.000000,0.000000,0.000000,0.000000,LEADER
1786354843185363101,2026-08-10T16:40:43.185383,ground_truth,-0.304425,-2.298000,-0.205471,-0.307030,-2.314806,-0.207230,True,,,,,,,,,-0.161991,0.280059,0.378524,0.000000,0.000000,0.000000,0.000000,0.000000,0.000000,0.000000,0.000000,0.000000,0.000000,0.000000,0.000000,LEADER
1786354843216366069,2026-08-10T16:40:43.216401,ground_truth,-0.303232,-2.289000,-0.204667,-0.306959,-2.316135,-0.207182,True,,,,,,,,,-0.161991,0.280059,0.378524,0.000000,0.000000,0.000000,0.000000,0.000000,0.000000,0.000000,0.000000,0.000000,0.000000,0.000000,0.000000,LEADER
1786354843252842530,2026-08-10T16:40:43.252867,ground_truth,-0.305484,-2.306000,-0.206187,-0.306809,-2.315974,-0.207081,True,,,,,,,,,-0.161991,0.280059,0.378524,0.000000,0.000000,0.000000,0.000000,0.000000,0.000000,0.000000,0.000000,0.000000,0.000000,0.000000,0.000000,LEADER
1786354843284171692,2026-08-10T16:40:43.284189,ground_truth,-0.305484,-2.306000,-0.206187,-0.306880,-2.315515,-0.207129,True,,,,,,,,,-0.161991,0.280059,0.378524,0.000000,0.000000,0.000000,0.000000,0.000000,0.000000,0.000000,0.000000,0.000000,0.000000,0.000000,0.000000,LEADER
1786354843317137706,2026-08-10T16:40:43.317176,ground_truth,-0.310494,-2.315000,-0.206991,-0.307030,-2.315850,-0.207230,True,,,,,,,,,-0.161991,0.280059,0.378524,0.000000,0.000000,0.000000,0.000000,0.000000,0.000000,0.000000,0.000000,0.000000,0.000000,0.000000,0.000000,LEADER
1786354843352284924,2026-08-10T16:40:43.352308,ground_truth,-0.307869,-2.324000,-0.207796,-0.307435,-2.316343,-0.207331,True,,,,,,,,,-0.161991,0.280059,0.378524,0.000000,0.000000,0.000000,0.000000,0.000000,0.000000,0.000000,0.000000,0.000000,0.000000,0.000000,0.000000,LEADER
1786354843386289244,2026-08-10T16:40:43.386311,ground_truth,-0.309287,-2.306000,-0.206187,-0.307664,-2.317349,-0.207486,True,,,,,,,,,-0.161991,0.280059,0.378524,0.000000,0.000000,0.000000,0.000000,0.000000,0.000000,0.000000,0.000000,0.000000,0.000000,0.000000,0.000000,LEADER
1786354843417843337,2026-08-10T16:40:43.417864,ground_truth,-0.304425,-2.298000,-0.205471,-0.307759,-2.318457,-0.207379,True,,,,,,,,,-0.161991,0.280059,0.378524,0.000000,0.000000,0.000000,0.000000,0.000000,0.000000,0.000000,0.000000,0.000000,0.000000,0.000000,0.000000,LEADER
1786354843450946313,2026-08-10T16:40:43.450980,ground_truth,-0.312908,-2.333000,-0.208601,-0.307450,-2.317718,-0.207170,True,,,,,,,,,-0.161991,0.280059,0.378524,0.000000,0.000000,0.000000,0.000000,0.000000,0.000000,0.000000,0.000000,0.000000,0.000000,0.000000,0.000000,LEADER
1786354843484646663,2026-08-10T16:40:43.484668,ground_truth,-0.310494,-2.315000,-0.206991,-0.307786,-2.316610,-0.207224,True,,,,,,,,,-0.161991,0.280059,0.378524,0.000000,0.000000,0.000000,0.000000,0.000000,0.000000,0.000000,0.000000,0.000000,0.000000,0.000000,0.000000,LEADER
1786354843517455626,2026-08-10T16:40:43.517476,ground_truth,-0.314115,-2.342000,-0.209406,-0.307802,-2.315429,-0.207063,True,,,,,,,,,-0.161991,0.280059,0.378524,0.000000,0.000000,0.000000,0.000000,0.000000,0.000000,0.000000,0.000000,0.000000,0.000000,0.000000,0.000000,LEADER
1786354843550998214,2026-08-10T16:40:43.551010,ground_truth,-0.309287,-2.306000,-0.206187,-0.308218,-2.315672,-0.207170,True,,,,,,,,,-0.161991,0.280059,0.378524,0.000000,0.000000,0.000000,0.000000,0.000000,0.000000,0.000000,0.000000,0.000000,0.000000,0.000000,0.000000,LEADER
1786354843586234622,2026-08-10T16:40:43.586270,ground_truth,-0.310494,-2.315000,-0.206991,-0.308313,-2.315241,-0.207063,True,,,,,,,,,-0.161991,0.280059,0.378524,0.000000,0.000000,0.000000,0.000000,0.000000,0.000000,0.000000,0.000000,0.000000,0.000000,0.000000,0.000000,LEADER
1786354843619121064,2026-08-10T16:40:43.619139,ground_truth,-0.312908,-2.333000,-0.208601,-0.308329,-2.314675,-0.206902,True,,,,,,,,,-0.161991,0.280059,0.378524,0.000000,0.000000,0.000000,0.000000,0.000000,0.000000,0.000000,0.000000,0.000000,0.000000,0.000000,0.000000,LEADER
1786354843650795066,2026-08-10T16:40:43.650824,ground_truth,-0.308214,-2.298000,-0.205471,-0.308585,-2.313602,-0.206902,True,,,,,,,,,-0.161991,0.280059,0.378524,0.000000,0.000000,0.000000,0.000000,0.000000,0.000000,0.000000,0.000000,0.000000,0.000000,0.000000,0.000000,LEADER
1786354843686692228,2026-08-10T16:40:43.686720,ground_truth,-0.310494,-2.315000,-0.210816,-0.308608,-2.312427,-0.206747,True,,,,,,,,,-0.161991,0.280059,0.378524,0.000000,0.000000,0.000000,0.000000,0.000000,0.000000,0.000000,0.000000,0.000000,0.000000,0.000000,0.000000,LEADER
1786354843716746421,2026-08-10T16:40:43.716783,ground_truth,-0.309287,-2.306000,-0.209996,-0.309013,-2.311712,-0.207103,True,,,,,,,,,-0.161991,0.280059,0.378524,0.000000,0.000000,0.000000,0.000000,0.000000,0.000000,0.000000,0.000000,0.000000,0.000000,0.000000,0.000000,LEADER
1786354843751158522,2026-08-10T16:40:43.751191,ground_truth,-0.308214,-2.298000,-0.205471,-0.309416,-2.311996,-0.207459,True,,,,,,,,,-0.161991,0.280059,0.378524,0.000000,0.000000,0.000000,0.000000,0.000000,0.000000,0.000000,0.000000,0.000000,0.000000,0.000000,0.000000,LEADER
1786354843785856761,2026-08-10T16:40:43.785869,ground_truth,-0.310494,-2.315000,-0.206991,-0.309598,-2.312479,-0.207411,True,,,,,,,,,-0.161991,0.280059,0.378524,0.000000,0.000000,0.000000,0.000000,0.000000,0.000000,0.000000,0.000000,0.000000,0.000000,0.000000,0.000000,LEADER
1786354843818143034,2026-08-10T16:40:43.818188,ground_truth,-0.310494,-2.315000,-0.206991,-0.309932,-2.312576,-0.207465,True,,,,,,,,,-0.161991,0.280059,0.378524,0.000000,0.000000,0.000000,0.000000,0.000000,0.000000,0.000000,0.000000,0.000000,0.000000,0.000000,0.000000,LEADER
1786354843850733059,2026-08-10T16:40:43.850766,ground_truth,-0.308214,-2.298000,-0.209268,-0.309932,-2.313075,-0.207465,True,,,,,,,,,-0.161991,0.280059,0.378524,0.000000,0.000000,0.000000,0.000000,0.000000,0.000000,0.000000,0.000000,0.000000,0.000000,0.000000,0.000000,LEADER
1786354843885159257,2026-08-10T16:40:43.885179,ground_truth,-0.305484,-2.306000,-0.209996,-0.309955,-2.313175,-0.207563,True,,,,,,,,,-0.161991,0.280059,0.378524,0.000000,0.000000,0.000000,0.000000,0.000000,0.000000,0.000000,0.000000,0.000000,0.000000,0.000000,0.000000,LEADER
1786354843918840961,2026-08-10T16:40:43.918856,ground_truth,-0.309061,-2.333000,-0.212455,-0.309702,-2.312715,-0.207817,True,,,,,,,,,-0.161991,0.280059,0.378524,0.000000,0.000000,0.000000,0.000000,0.000000,0.000000,0.000000,0.000000,0.000000,0.000000,0.000000,0.000000,LEADER
1786354843956430100,2026-08-10T16:40:43.956448,ground_truth,-0.305484,-2.306000,-0.209996,-0.310011,-2.312623,-0.208282,True,,,,,,,,,-0.161991,0.280059,0.378524,0.000000,0.000000,0.000000,0.000000,0.000000,0.000000,0.000000,0.000000,0.000000,0.000000,0.000000,0.000000,LEADER
1786354843990368575,2026-08-10T16:40:43.990393,ground_truth,-0.306677,-2.315000,-0.206991,-0.309516,-2.312605,-0.208375,True,,,,,,,,,-0.161991,0.280059,0.378524,0.000000,0.000000,0.000000,0.000000,0.000000,0.000000,0.000000,0.000000,0.000000,0.000000,0.000000,0.000000,LEADER
1786354844022318364,2026-08-10T16:40:44.022351,ground_truth,-0.303232,-2.289000,-0.204667,-0.309261,-2.312601,-0.208375,True,,,,,,,,,-0.161991,0.280059,0.378524,0.000000,0.000000,0.000000,0.000000,0.000000,0.000000,0.000000,0.000000,0.000000,0.000000,0.000000,0.000000,LEADER
1786354844055080266,2026-08-10T16:40:44.055117,ground_truth,-0.305484,-2.306000,-0.209996,-0.308536,-2.311160,-0.208059,True,,,,,,,,,-0.161991,0.280059,0.378524,0.000000,0.000000,0.000000,0.000000,0.000000,0.000000,0.000000,0.000000,0.000000,0.000000,0.000000,0.000000,LEADER
1786354844090879479,2026-08-10T16:40:44.090896,ground_truth,-0.309287,-2.306000,-0.209996,-0.308282,-2.310392,-0.208313,True,,,,,,,,,-0.161991,0.280059,0.378524,0.000000,0.000000,0.000000,0.000000,0.000000,0.000000,0.000000,0.000000,0.000000,0.000000,0.000000,0.000000,LEADER
1786354844117435888,2026-08-10T16:40:44.117454,ground_truth,-0.307007,-2.289000,-0.208448,-0.308202,-2.309758,-0.208514,True,,,,,,,,,-0.161991,0.280059,0.378524,0.000000,0.000000,0.000000,0.000000,0.000000,0.000000,0.000000,0.000000,0.000000,0.000000,0.000000,0.000000,LEADER
1786354844157763044,2026-08-10T16:40:44.157780,ground_truth,-0.312908,-2.333000,-0.212455,-0.307809,-2.309152,-0.208504,True,,,,,,,,,-0.161991,0.280059,0.378524,0.000000,0.000000,0.000000,0.000000,0.000000,0.000000,0.000000,0.000000,0.000000,0.000000,0.000000,0.000000,LEADER
1786354844191620642,2026-08-10T16:40:44.191648,ground_truth,-0.308214,-2.298000,-0.209268,-0.308121,-2.308550,-0.208969,True,,,,,,,,,-0.161991,0.280059,0.378524,0.000000,0.000000,0.000000,0.000000,0.000000,0.000000,0.000000,0.000000,0.000000,0.000000,0.000000,0.000000,LEADER
1786354844224151922,2026-08-10T16:40:44.224174,ground_truth,-0.314115,-2.342000,-0.213275,-0.307969,-2.307523,-0.208866,True,,,,,,,,,-0.161991,0.280059,0.378524,0.000000,0.000000,0.000000,0.000000,0.000000,0.000000,0.000000,0.000000,0.000000,0.000000,0.000000,0.000000,LEADER
1786354844258412502,2026-08-10T16:40:44.258434,ground_truth,-0.308214,-2.298000,-0.209268,-0.308291,-2.308758,-0.209084,True,,,,,,,,,-0.161991,0.280059,0.378524,0.000000,0.000000,0.000000,0.000000,0.000000,0.000000,0.000000,0.000000,0.000000,0.000000,0.000000,0.000000,LEADER
1786354844284057597,2026-08-10T16:40:44.284078,ground_truth,-0.308214,-2.298000,-0.209268,-0.308291,-2.308578,-0.209338,True,,,,,,,,,-0.161991,0.280059,0.378524,0.000000,0.000000,0.000000,0.000000,0.000000,0.000000,0.000000,0.000000,0.000000,0.000000,0.000000,0.000000,LEADER
1786354844318237562,2026-08-10T16:40:44.318253,ground_truth,-0.309287,-2.306000,-0.209996,-0.308139,-2.308116,-0.209489,True,,,,,,,,,-0.161991,0.280059,0.378524,0.000000,0.000000,0.000000,0.000000,0.000000,0.000000,0.000000,0.000000,0.000000,0.000000,0.000000,0.000000,LEADER
1786354844351592919,2026-08-10T16:40:44.351613,ground_truth,-0.312908,-2.333000,-0.212455,-0.308059,-2.307117,-0.209690,True,,,,,,,,,-0.161991,0.280059,0.378524,0.000000,0.000000,0.000000,0.000000,0.000000,0.000000,0.000000,0.000000,0.000000,0.000000,0.000000,0.000000,LEADER
1786354844384576906,2026-08-10T16:40:44.384615,ground_truth,-0.308214,-2.298000,-0.209268,-0.308372,-2.306437,-0.209902,True,,,,,,,,,-0.161991,0.280059,0.378524,0.000000,0.000000,0.000000,0.000000,0.000000,0.000000,0.000000,0.000000,0.000000,0.000000,0.000000,0.000000,LEADER
1786354844418296109,2026-08-10T16:40:44.418327,ground_truth,-0.309287,-2.306000,-0.209996,-0.308554,-2.306301,-0.209854,True,,,,,,,,,-0.161991,0.280059,0.378524,0.000000,0.000000,0.000000,0.000000,0.000000,0.000000,0.000000,0.000000,0.000000,0.000000,0.000000,0.000000,LEADER
1786354844453268841,2026-08-10T16:40:44.453297,ground_truth,-0.311701,-2.324000,-0.211636,-0.308569,-2.306274,-0.209690,True,,,,,,,,,-0.161991,0.280059,0.378524,0.000000,0.000000,0.000000,0.000000,0.000000,0.000000,0.000000,0.000000,0.000000,0.000000,0.000000,0.000000,LEADER
1786354844487781382,2026-08-10T16:40:44.487814,ground_truth,-0.309287,-2.306000,-0.209996,-0.308983,-2.306268,-0.209799,True,,,,,,,,,-0.161991,0.280059,0.378524,0.000000,0.000000,0.000000,0.000000,0.000000,0.000000,0.000000,0.000000,0.000000,0.000000,0.000000,0.000000,LEADER
1786354844518063089,2026-08-10T16:40:44.518092,ground_truth,-0.308214,-2.298000,-0.209268,-0.309157,-2.305787,-0.209999,True,,,,,,,,,-0.161991,0.280059,0.378524,0.000000,0.000000,0.000000,0.000000,0.000000,0.000000,0.000000,0.000000,0.000000,0.000000,0.000000,0.000000,LEADER
1786354844552942322,2026-08-10T16:40:44.552981,ground_truth,-0.309287,-2.306000,-0.209996,-0.309489,-2.305691,-0.210306,True,,,,,,,,,-0.161991,0.280059,0.378524,0.000000,0.000000,0.000000,0.000000,0.000000,0.000000,0.000000,0.000000,0.000000,0.000000,0.000000,0.000000,LEADER
1786354844586776815,2026-08-10T16:40:44.586806,ground_truth,-0.304727,-2.272000,-0.206900,-0.309743,-2.305672,-0.210306,True,,,,,,,,,-0.161991,0.280059,0.378524,0.000000,0.000000,0.000000,0.000000,0.000000,0.000000,0.000000,0.000000,0.000000,0.000000,0.000000,0.000000,LEADER
1786354844619114335,2026-08-10T16:40:44.619138,ground_truth,-0.310494,-2.315000,-0.210816,-0.309439,-2.305241,-0.210100,True,,,,,,,,,-0.161991,0.280059,0.378524,0.000000,0.000000,0.000000,0.000000,0.000000,0.000000,0.000000,0.000000,0.000000,0.000000,0.000000,0.000000,LEADER
1786354844651271791,2026-08-10T16:40:44.651393,ground_truth,-0.309287,-2.306000,-0.209996,-0.309671,-2.305155,-0.210257,True,,,,,,,,,-0.161991,0.280059,0.378524,0.000000,0.000000,0.000000,0.000000,0.000000,0.000000,0.000000,0.000000,0.000000,0.000000,0.000000,0.000000,LEADER
1786354844687378682,2026-08-10T16:40:44.687401,ground_truth,-0.305934,-2.281000,-0.207720,-0.309430,-2.305138,-0.210094,True,,,,,,,,,-0.161991,0.280059,0.378524,0.000000,0.000000,0.000000,0.000000,0.000000,0.000000,0.000000,0.000000,0.000000,0.000000,0.000000,0.000000,LEADER
1786354844718864683,2026-08-10T16:40:44.718884,ground_truth,-0.307007,-2.289000,-0.204667,-0.309278,-2.305561,-0.209990,True,,,,,,,,,-0.161991,0.280059,0.378524,0.000000,0.000000,0.000000,0.000000,0.000000,0.000000,0.000000,0.000000,0.000000,0.000000,0.000000,0.000000,LEADER
1786354844752402569,2026-08-10T16:40:44.752445,ground_truth,-0.308214,-2.298000,-0.205471,-0.308804,-2.303299,-0.209416,True,,,,,,,,,-0.161991,0.280059,0.378524,0.000000,0.000000,0.000000,0.000000,0.000000,0.000000,0.000000,0.000000,0.000000,0.000000,0.000000,0.000000,LEADER
1786354844787221587,2026-08-10T16:40:44.787265,ground_truth,-0.309287,-2.306000,-0.206187,-0.308804,-2.302366,-0.209163,True,,,,,,,,,-0.161991,0.280059,0.378524,0.000000,0.000000,0.000000,0.000000,0.000000,0.000000,0.000000,0.000000,0.000000,0.000000,0.000000,0.000000,LEADER
1786354844819588293,2026-08-10T16:40:44.819624,ground_truth,-0.316755,-2.333000,-0.208601,-0.308876,-2.302180,-0.208958,True,,,,,,,,,-0.161991,0.280059,0.378524,0.000000,0.000000,0.000000,0.000000,0.000000,0.000000,0.000000,0.000000,0.000000,0.000000,0.000000,0.000000,LEADER
1786354844851658351,2026-08-10T16:40:44.851694,ground_truth,-0.316755,-2.333000,-0.208601,-0.309373,-2.302569,-0.208865,True,,,,,,,,,-0.161991,0.280059,0.378524,0.000000,0.000000,0.000000,0.000000,0.000000,0.000000,0.000000,0.000000,0.000000,0.000000,0.000000,0.000000,LEADER
1786354844887354987,2026-08-10T16:40:44.887376,ground_truth,-0.314311,-2.315000,-0.206991,-0.309630,-2.304087,-0.208608,True,,,,,,,,,-0.161991,0.280059,0.378524,0.000000,0.000000,0.000000,0.000000,0.000000,0.000000,0.000000,0.000000,0.000000,0.000000,0.000000,0.000000,LEADER
1786354844918577705,2026-08-10T16:40:44.918631,ground_truth,-0.316755,-2.333000,-0.208601,-0.310036,-2.305831,-0.208456,True,,,,,,,,,-0.161991,0.280059,0.378524,0.000000,0.000000,0.000000,0.000000,0.000000,0.000000,0.000000,0.000000,0.000000,0.000000,0.000000,0.000000,LEADER
1786354844951211902,2026-08-10T16:40:44.951244,ground_truth,-0.317977,-2.342000,-0.209406,-0.310534,-2.307620,-0.208363,True,,,,,,,,,-0.161991,0.280059,0.378524,0.000000,0.000000,0.000000,0.000000,0.000000,0.000000,0.000000,0.000000,0.000000,0.000000,0.000000,0.000000,LEADER
1786354844986475500,2026-08-10T16:40:44.986515,ground_truth,-0.317977,-2.342000,-0.205536,-0.310953,-2.309417,-0.208214,True,,,,,,,,,-0.161991,0.280059,0.378524,0.000000,0.000000,0.000000,0.000000,0.000000,0.000000,0.000000,0.000000,0.000000,0.000000,0.000000,0.000000,LEADER
1786354845016891673,2026-08-10T16:40:45.016905,ground_truth,-0.320602,-2.333000,-0.204747,-0.311532,-2.311697,-0.207917,True,,,,,,,,,-0.161991,0.280059,0.378524,0.000000,0.000000,0.000000,0.000000,0.000000,0.000000,0.000000,0.000000,0.000000,0.000000,0.000000,0.000000,LEADER
1786354845050999498,2026-08-10T16:40:45.051031,ground_truth,-0.323075,-2.351000,-0.206326,-0.312358,-2.314073,-0.207616,True,,,,,,,,,-0.161991,0.280059,0.378524,0.000000,0.000000,0.000000,0.000000,0.000000,0.000000,0.000000,0.000000,0.000000,0.000000,0.000000,0.000000,LEADER
1786354845085574526,2026-08-10T16:40:45.085614,ground_truth,-0.319365,-2.324000,-0.203957,-0.313277,-2.316468,-0.207371,True,,,,,,,,,-0.161991,0.280059,0.378524,0.000000,0.000000,0.000000,0.000000,0.000000,0.000000,0.000000,0.000000,0.000000,0.000000,0.000000,0.000000,LEADER
1786354845123847520,2026-08-10T16:40:45.123870,ground_truth,-0.320602,-2.333000,-0.197038,-0.314253,-2.318814,-0.207175,True,,,,,,,,,-0.161991,0.280059,0.378524,0.000000,0.000000,0.000000,0.000000,0.000000,0.000000,0.000000,0.000000,0.000000,0.000000,0.000000,0.000000,LEADER
1786354845154728882,2026-08-10T16:40:45.154770,ground_truth,-0.325700,-2.342000,-0.193929,-0.314927,-2.320723,-0.206256,True,,,,,,,,,-0.161991,0.280059,0.378524,0.000000,0.000000,0.000000,0.000000,0.000000,0.000000,0.000000,0.000000,0.000000,0.000000,0.000000,0.000000,LEADER
1786354845183305315,2026-08-10T16:40:45.183317,ground_truth,-0.325700,-2.342000,-0.193929,-0.316021,-2.322545,-0.205185,True,,,,,,,,,-0.161991,0.280059,0.378524,0.000000,0.000000,0.000000,0.000000,0.000000,0.000000,0.000000,0.000000,0.000000,0.000000,0.000000,0.000000,LEADER
1786354845220381138,2026-08-10T16:40:45.220417,ground_truth,-0.328296,-2.333000,-0.189329,-0.317339,-2.324829,-0.204266,True,,,,,,,,,-0.161991,0.280059,0.378524,0.000000,0.000000,0.000000,0.000000,0.000000,0.000000,0.000000,0.000000,0.000000,0.000000,0.000000,0.000000,LEADER
1786354845250080649,2026-08-10T16:40:45.250114,ground_truth,-0.333424,-2.342000,-0.190060,-0.318758,-2.328113,-0.203243,True,,,,,,,,,-0.161991,0.280059,0.378524,0.000000,0.000000,0.000000,0.000000,0.000000,0.000000,0.000000,0.000000,0.000000,0.000000,0.000000,0.000000,LEADER
1786354845285613220,2026-08-10T16:40:45.285640,ground_truth,-0.333424,-2.342000,-0.190060,-0.320439,-2.331596,-0.202216,True,,,,,,,,,-0.161991,0.280059,0.378524,0.000000,0.000000,0.000000,0.000000,0.000000,0.000000,0.000000,0.000000,0.000000,0.000000,0.000000,0.000000,LEADER
1786354845321300396,2026-08-10T16:40:45.321336,ground_truth,-0.333424,-2.342000,-0.182322,-0.322048,-2.334639,-0.201141,True,,,,,,,,,-0.161991,0.280059,0.378524,0.000000,0.000000,0.000000,0.000000,0.000000,0.000000,0.000000,0.000000,0.000000,0.000000,0.000000,0.000000,LEADER
1786354845356433523,2026-08-10T16:40:45.356479,ground_truth,-0.330861,-2.324000,-0.180920,-0.323159,-2.337168,-0.199389,True,,,,,,,,,-0.161991,0.280059,0.378524,0.000000,0.000000,0.000000,0.000000,0.000000,0.000000,0.000000,0.000000,0.000000,0.000000,0.000000,0.000000,LEADER
1786354845385982847,2026-08-10T16:40:45.386014,ground_truth,-0.333424,-2.342000,-0.182322,-0.324100,-2.338154,-0.197543,True,,,,,,,,,-0.161991,0.280059,0.378524,0.000000,0.000000,0.000000,0.000000,0.000000,0.000000,0.000000,0.000000,0.000000,0.000000,0.000000,0.000000,LEADER
1786354845419804213,2026-08-10T16:40:45.419826,ground_truth,-0.328296,-2.333000,-0.177767,-0.325374,-2.338831,-0.195899,True,,,,,,,,,-0.161991,0.280059,0.378524,0.000000,0.000000,0.000000,0.000000,0.000000,0.000000,0.000000,0.000000,0.000000,0.000000,0.000000,0.000000,LEADER
1786354845451227462,2026-08-10T16:40:45.451245,ground_truth,-0.323197,-2.324000,-0.177081,-0.326143,-2.338966,-0.193843,True,,,,,,,,,-0.161991,0.280059,0.378524,0.000000,0.000000,0.000000,0.000000,0.000000,0.000000,0.000000,0.000000,0.000000,0.000000,0.000000,0.000000,LEADER
1786354845484508075,2026-08-10T16:40:45.484547,ground_truth,-0.320694,-2.306000,-0.175709,-0.326491,-2.338993,-0.191688,True,,,,,,,,,-0.161991,0.280059,0.378524,0.000000,0.000000,0.000000,0.000000,0.000000,0.000000,0.000000,0.000000,0.000000,0.000000,0.000000,0.000000,LEADER
1786354845520117813,2026-08-10T16:40:45.520164,ground_truth,-0.323197,-2.324000,-0.177081,-0.326672,-2.338039,-0.189700,True,,,,,,,,,-0.161991,0.280059,0.378524,0.000000,0.000000,0.000000,0.000000,0.000000,0.000000,0.000000,0.000000,0.000000,0.000000,0.000000,0.000000,LEADER
1786354845553346897,2026-08-10T16:40:45.553363,ground_truth,-0.320602,-2.333000,-0.173912,-0.326845,-2.336888,-0.187855,True,,,,,,,,,-0.161991,0.280059,0.378524,0.000000,0.000000,0.000000,0.000000,0.000000,0.000000,0.000000,0.000000,0.000000,0.000000,0.000000,0.000000,LEADER
1786354845586708935,2026-08-10T16:40:45.586752,ground_truth,-0.321839,-2.342000,-0.174583,-0.326680,-2.335698,-0.185694,True,,,,,,,,,-0.161991,0.280059,0.378524,0.000000,0.000000,0.000000,0.000000,0.000000,0.000000,0.000000,0.000000,0.000000,0.000000,0.000000,0.000000,LEADER
1786354845619573822,2026-08-10T16:40:45.619609,ground_truth,-0.316892,-2.306000,-0.171900,-0.326845,-2.335460,-0.183736,True,,,,,,,,,-0.161991,0.280059,0.378524,0.000000,0.000000,0.000000,0.000000,0.000000,0.000000,0.000000,0.000000,0.000000,0.000000,0.000000,0.000000,LEADER
1786354845653230634,2026-08-10T16:40:45.653265,ground_truth,-0.315792,-2.298000,-0.171303,-0.326598,-2.335412,-0.182060,True,,,,,,,,,-0.161991,0.280059,0.378524,0.000000,0.000000,0.000000,0.000000,0.000000,0.000000,0.000000,0.000000,0.000000,0.000000,0.000000,0.000000,LEADER
1786354845686711009,2026-08-10T16:40:45.686736,ground_truth,-0.319365,-2.324000,-0.173241,-0.325937,-2.333962,-0.180552,True,,,,,,,,,-0.161991,0.280059,0.378524,0.000000,0.000000,0.000000,0.000000,0.000000,0.000000,0.000000,0.000000,0.000000,0.000000,0.000000,0.000000,LEADER
1786354845718251392,2026-08-10T16:40:45.718285,ground_truth,-0.316892,-2.306000,-0.171900,-0.325515,-2.331753,-0.179173,True,,,,,,,,,-0.161991,0.280059,0.378524,0.000000,0.000000,0.000000,0.000000,0.000000,0.000000,0.000000,0.000000,0.000000,0.000000,0.000000,0.000000,LEADER
1786354845751329727,2026-08-10T16:40:45.751347,ground_truth,-0.316755,-2.333000,-0.173912,-0.324755,-2.329391,-0.178011,True,,,,,,,,,-0.161991,0.280059,0.378524,0.000000,0.000000,0.000000,0.000000,0.000000,0.000000,0.000000,0.000000,0.000000,0.000000,0.000000,0.000000,LEADER
1786354845785533155,2026-08-10T16:40:45.785568,ground_truth,-0.315533,-2.324000,-0.173241,-0.323644,-2.327958,-0.176934,True,,,,,,,,,-0.161991,0.280059,0.378524,0.000000,0.000000,0.000000,0.000000,0.000000,0.000000,0.000000,0.000000,0.000000,0.000000,0.000000,0.000000,LEADER
1786354845820253481,2026-08-10T16:40:45.820284,ground_truth,-0.315533,-2.324000,-0.173241,-0.322451,-2.326712,-0.175813,True,,,,,,,,,-0.161991,0.280059,0.378524,0.000000,0.000000,0.000000,0.000000,0.000000,0.000000,0.000000,0.000000,0.000000,0.000000,0.000000,0.000000,LEADER
1786354845851353041,2026-08-10T16:40:45.851365,ground_truth,-0.319199,-2.351000,-0.175254,-0.321258,-2.325502,-0.175208,True,,,,,,,,,-0.161991,0.280059,0.378524,0.000000,0.000000,0.000000,0.000000,0.000000,0.000000,0.000000,0.000000,0.000000,0.000000,0.000000,0.000000,LEADER
1786354845887113308,2026-08-10T16:40:45.887131,ground_truth,-0.320421,-2.360000,-0.175925,-0.320481,-2.324301,-0.174830,True,,,,,,,,,-0.161991,0.280059,0.378524,0.000000,0.000000,0.000000,0.000000,0.000000,0.000000,0.000000,0.000000,0.000000,0.000000,0.000000,0.000000,LEADER
1786354845920760401,2026-08-10T16:40:45.920807,ground_truth,-0.316755,-2.333000,-0.173912,-0.319614,-2.324540,-0.174403,True,,,,,,,,,-0.161991,0.280059,0.378524,0.000000,0.000000,0.000000,0.000000,0.000000,0.000000,0.000000,0.000000,0.000000,0.000000,0.000000,0.000000,LEADER
1786354845953475482,2026-08-10T16:40:45.953522,ground_truth,-0.320421,-2.360000,-0.179824,-0.318844,-2.325548,-0.174147,True,,,,,,,,,-0.161991,0.280059,0.378524,0.000000,0.000000,0.000000,0.000000,0.000000,0.000000,0.000000,0.000000,0.000000,0.000000,0.000000,0.000000,LEADER
1786354845985095316,2026-08-10T16:40:45.985128,ground_truth,-0.316755,-2.333000,-0.177767,-0.318659,-2.327190,-0.174329,True,,,,,,,,,-0.161991,0.280059,0.378524,0.000000,0.000000,0.000000,0.000000,0.000000,0.000000,0.000000,0.000000,0.000000,0.000000,0.000000,0.000000,LEADER
1786354846023472448,2026-08-10T16:40:46.023508,ground_truth,-0.319199,-2.351000,-0.179138,-0.318397,-2.327998,-0.174467,True,,,,,,,,,-0.161991,0.280059,0.378524,0.000000,0.000000,0.000000,0.000000,0.000000,0.000000,0.000000,0.000000,0.000000,0.000000,0.000000,0.000000,LEADER
1786354846056191685,2026-08-10T16:40:46.056206,ground_truth,-0.316755,-2.333000,-0.173912,-0.318130,-2.329600,-0.174604,True,,,,,,,,,-0.161991,0.280059,0.378524,0.000000,0.000000,0.000000,0.000000,0.000000,0.000000,0.000000,0.000000,0.000000,0.000000,0.000000,0.000000,LEADER
1786354846085828805,2026-08-10T16:40:46.085866,ground_truth,-0.319199,-2.351000,-0.179138,-0.317874,-2.330400,-0.174604,True,,,,,,,,,-0.161991,0.280059,0.378524,0.000000,0.000000,0.000000,0.000000,0.000000,0.000000,0.000000,0.000000,0.000000,0.000000,0.000000,0.000000,LEADER
1786354846119406523,2026-08-10T16:40:46.119429,ground_truth,-0.315533,-2.324000,-0.177081,-0.317698,-2.331520,-0.174907,True,,,,,,,,,-0.161991,0.280059,0.378524,0.000000,0.000000,0.000000,0.000000,0.000000,0.000000,0.000000,0.000000,0.000000,0.000000,0.000000,0.000000,LEADER
1786354846154645961,2026-08-10T16:40:46.154668,ground_truth,-0.316755,-2.333000,-0.177767,-0.317607,-2.331744,-0.175253,True,,,,,,,,,-0.161991,0.280059,0.378524,0.000000,0.000000,0.000000,0.000000,0.000000,0.000000,0.000000,0.000000,0.000000,0.000000,0.000000,0.000000,LEADER
1786354846187104088,2026-08-10T16:40:46.187139,ground_truth,-0.319199,-2.351000,-0.179138,-0.317671,-2.333229,-0.175684,True,,,,,,,,,-0.161991,0.280059,0.378524,0.000000,0.000000,0.000000,0.000000,0.000000,0.000000,0.000000,0.000000,0.000000,0.000000,0.000000,0.000000,LEADER
1786354846218867977,2026-08-10T16:40:46.218900,ground_truth,-0.321839,-2.342000,-0.178452,-0.317660,-2.334966,-0.176077,True,,,,,,,,,-0.161991,0.280059,0.378524,0.000000,0.000000,0.000000,0.000000,0.000000,0.000000,0.000000,0.000000,0.000000,0.000000,0.000000,0.000000,LEADER
1786354846254381860,2026-08-10T16:40:46.254395,ground_truth,-0.321839,-2.342000,-0.178452,-0.317990,-2.337233,-0.176514,True,,,,,,,,,-0.161991,0.280059,0.378524,0.000000,0.000000,0.000000,0.000000,0.000000,0.000000,0.000000,0.000000,0.000000,0.000000,0.000000,0.000000,LEADER
1786354846285630684,2026-08-10T16:40:46.285661,ground_truth,-0.319365,-2.324000,-0.177081,-0.318329,-2.338647,-0.176816,True,,,,,,,,,-0.161991,0.280059,0.378524,0.000000,0.000000,0.000000,0.000000,0.000000,0.000000,0.000000,0.000000,0.000000,0.000000,0.000000,0.000000,LEADER
1786354846330083708,2026-08-10T16:40:46.330147,ground_truth,-0.320602,-2.333000,-0.177767,-0.318584,-2.339889,-0.177072,True,,,,,,,,,-0.161991,0.280059,0.378524,0.000000,0.000000,0.000000,0.000000,0.000000,0.000000,0.000000,0.000000,0.000000,0.000000,0.000000,0.000000,LEADER
1786354846360669263,2026-08-10T16:40:46.360686,ground_truth,-0.321839,-2.342000,-0.178452,-0.318922,-2.340618,-0.177374,True,,,,,,,,,-0.161991,0.280059,0.378524,0.000000,0.000000,0.000000,0.000000,0.000000,0.000000,0.000000,0.000000,0.000000,0.000000,0.000000,0.000000,LEADER
1786354846389941244,2026-08-10T16:40:46.389973,ground_truth,-0.323075,-2.351000,-0.179138,-0.319098,-2.341244,-0.177587,True,,,,,,,,,-0.161991,0.280059,0.378524,0.000000,0.000000,0.000000,0.000000,0.000000,0.000000,0.000000,0.000000,0.000000,0.000000,0.000000,0.000000,LEADER
1786354846423164024,2026-08-10T16:40:46.423232,ground_truth,-0.321839,-2.342000,-0.178452,-0.319275,-2.340889,-0.177801,True,,,,,,,,,-0.161991,0.280059,0.378524,0.000000,0.000000,0.000000,0.000000,0.000000,0.000000,0.000000,0.000000,0.000000,0.000000,0.000000,0.000000,LEADER
1786354846455780624,2026-08-10T16:40:46.455864,ground_truth,-0.321839,-2.342000,-0.178452,-0.319614,-2.340338,-0.178104,True,,,,,,,,,-0.161991,0.280059,0.378524,0.000000,0.000000,0.000000,0.000000,0.000000,0.000000,0.000000,0.000000,0.000000,0.000000,0.000000,0.000000,LEADER
1786354846493220933,2026-08-10T16:40:46.493251,ground_truth,-0.321839,-2.342000,-0.178452,-0.319709,-2.339268,-0.178013,True,,,,,,,,,-0.161991,0.280059,0.378524,0.000000,0.000000,0.000000,0.000000,0.000000,0.000000,0.000000,0.000000,0.000000,0.000000,0.000000,0.000000,LEADER
1786354846526536691,2026-08-10T16:40:46.526560,ground_truth,-0.323075,-2.351000,-0.179138,-0.320048,-2.339534,-0.178058,True,,,,,,,,,-0.161991,0.280059,0.378524,0.000000,0.000000,0.000000,0.000000,0.000000,0.000000,0.000000,0.000000,0.000000,0.000000,0.000000,0.000000,LEADER
1786354846558375112,2026-08-10T16:40:46.558422,ground_truth,-0.324312,-2.360000,-0.179824,-0.320306,-2.339107,-0.178058,True,,,,,,,,,-0.161991,0.280059,0.378524,0.000000,0.000000,0.000000,0.000000,0.000000,0.000000,0.000000,0.000000,0.000000,0.000000,0.000000,0.000000,LEADER
1786354846589267283,2026-08-10T16:40:46.589294,ground_truth,-0.324312,-2.360000,-0.179824,-0.320810,-2.339981,-0.178452,True,,,,,,,,,-0.161991,0.280059,0.378524,0.000000,0.000000,0.000000,0.000000,0.000000,0.000000,0.000000,0.000000,0.000000,0.000000,0.000000,0.000000,LEADER
1786354846619850503,2026-08-10T16:40:46.619863,ground_truth,-0.318128,-2.315000,-0.180220,-0.321151,-2.340636,-0.178498,True,,,,,,,,,-0.161991,0.280059,0.378524,0.000000,0.000000,0.000000,0.000000,0.000000,0.000000,0.000000,0.000000,0.000000,0.000000,0.000000,0.000000,LEADER
1786354846661185723,2026-08-10T16:40:46.661218,ground_truth,-0.321839,-2.342000,-0.182322,-0.321324,-2.342207,-0.178707,True,,,,,,,,,-0.161991,0.280059,0.378524,0.000000,0.000000,0.000000,0.000000,0.000000,0.000000,0.000000,0.000000,0.000000,0.000000,0.000000,0.000000,LEADER
1786354846696670571,2026-08-10T16:40:46.696683,ground_truth,-0.320602,-2.333000,-0.181621,-0.321663,-2.343002,-0.179011,True,,,,,,,,,-0.161991,0.280059,0.378524,0.000000,0.000000,0.000000,0.000000,0.000000,0.000000,0.000000,0.000000,0.000000,0.000000,0.000000,0.000000,LEADER
1786354846724564075,2026-08-10T16:40:46.724576,ground_truth,-0.316755,-2.333000,-0.181621,-0.321756,-2.343160,-0.179177,True,,,,,,,,,-0.161991,0.280059,0.378524,0.000000,0.000000,0.000000,0.000000,0.000000,0.000000,0.000000,0.000000,0.000000,0.000000,0.000000,0.000000,LEADER
1786354846753196873,2026-08-10T16:40:46.753233,ground_truth,-0.316755,-2.333000,-0.181621,-0.321417,-2.342712,-0.179388,True,,,,,,,,,-0.161991,0.280059,0.378524,0.000000,0.000000,0.000000,0.000000,0.000000,0.000000,0.000000,0.000000,0.000000,0.000000,0.000000,0.000000,LEADER
1786354846789051178,2026-08-10T16:40:46.789087,ground_truth,-0.314311,-2.315000,-0.184044,-0.321078,-2.342142,-0.179599,True,,,,,,,,,-0.161991,0.280059,0.378524,0.000000,0.000000,0.000000,0.000000,0.000000,0.000000,0.000000,0.000000,0.000000,0.000000,0.000000,0.000000,LEADER
1786354846820554488,2026-08-10T16:40:46.820568,ground_truth,-0.314311,-2.315000,-0.184044,-0.320741,-2.341549,-0.180063,True,,,,,,,,,-0.161991,0.280059,0.378524,0.000000,0.000000,0.000000,0.000000,0.000000,0.000000,0.000000,0.000000,0.000000,0.000000,0.000000,0.000000,LEADER
1786354846853885204,2026-08-10T16:40:46.853899,ground_truth,-0.316755,-2.333000,-0.185475,-0.320322,-2.340470,-0.180482,True,,,,,,,,,-0.161991,0.280059,0.378524,0.000000,0.000000,0.000000,0.000000,0.000000,0.000000,0.000000,0.000000,0.000000,0.000000,0.000000,0.000000,LEADER
1786354846887239696,2026-08-10T16:40:46.887288,ground_truth,-0.316755,-2.333000,-0.185475,-0.319983,-2.339294,-0.180950,True,,,,,,,,,-0.161991,0.280059,0.378524,0.000000,0.000000,0.000000,0.000000,0.000000,0.000000,0.000000,0.000000,0.000000,0.000000,0.000000,0.000000,LEADER
1786354846920712704,2026-08-10T16:40:46.920726,ground_truth,-0.316755,-2.333000,-0.185475,-0.319562,-2.338579,-0.181372,True,,,,,,,,,-0.161991,0.280059,0.378524,0.000000,0.000000,0.000000,0.000000,0.000000,0.000000,0.000000,0.000000,0.000000,0.000000,0.000000,0.000000,LEADER
1786354846953550568,2026-08-10T16:40:46.953574,ground_truth,-0.316755,-2.333000,-0.185475,-0.319223,-2.337956,-0.181841,True,,,,,,,,,-0.161991,0.280059,0.378524,0.000000,0.000000,0.000000,0.000000,0.000000,0.000000,0.000000,0.000000,0.000000,0.000000,0.000000,0.000000,LEADER
1786354846985670077,2026-08-10T16:40:46.985715,ground_truth,-0.317977,-2.342000,-0.186191,-0.318884,-2.337351,-0.182309,True,,,,,,,,,-0.161991,0.280059,0.378524,0.000000,0.000000,0.000000,0.000000,0.000000,0.000000,0.000000,0.000000,0.000000,0.000000,0.000000,0.000000,LEADER
1786354847020165721,2026-08-10T16:40:47.020200,ground_truth,-0.317977,-2.342000,-0.186191,-0.318627,-2.336750,-0.182825,True,,,,,,,,,-0.161991,0.280059,0.378524,0.000000,0.000000,0.000000,0.000000,0.000000,0.000000,0.000000,0.000000,0.000000,0.000000,0.000000,0.000000,LEADER
1786354847054937653,2026-08-10T16:40:47.054961,ground_truth,-0.320421,-2.360000,-0.187622,-0.318287,-2.336630,-0.183295,True,,,,,,,,,-0.161991,0.280059,0.378524,0.000000,0.000000,0.000000,0.000000,0.000000,0.000000,0.000000,0.000000,0.000000,0.000000,0.000000,0.000000,LEADER
1786354847086516846,2026-08-10T16:40:47.086552,ground_truth,-0.321643,-2.369000,-0.188337,-0.318027,-2.336126,-0.183815,True,,,,,,,,,-0.161991,0.280059,0.378524,0.000000,0.000000,0.000000,0.000000,0.000000,0.000000,0.000000,0.000000,0.000000,0.000000,0.000000,0.000000,LEADER
1786354847121908584,2026-08-10T16:40:47.121944,ground_truth,-0.321643,-2.369000,-0.188337,-0.317849,-2.336025,-0.184382,True,,,,,,,,,-0.161991,0.280059,0.378524,0.000000,0.000000,0.000000,0.000000,0.000000,0.000000,0.000000,0.000000,0.000000,0.000000,0.000000,0.000000,LEADER
1786354847153571808,2026-08-10T16:40:47.153609,ground_truth,-0.320421,-2.360000,-0.187622,-0.318084,-2.336485,-0.184923,True,,,,,,,,,-0.161991,0.280059,0.378524,0.000000,0.000000,0.000000,0.000000,0.000000,0.000000,0.000000,0.000000,0.000000,0.000000,0.000000,0.000000,LEADER
1786354847189250735,2026-08-10T16:40:47.189263,ground_truth,-0.319199,-2.351000,-0.183022,-0.317989,-2.338017,-0.185277,True,,,,,,,,,-0.161991,0.280059,0.378524,0.000000,0.000000,0.000000,0.000000,0.000000,0.000000,0.000000,0.000000,0.000000,0.000000,0.000000,0.000000,LEADER
1786354847219207895,2026-08-10T16:40:47.219243,ground_truth,-0.324312,-2.360000,-0.183723,-0.317896,-2.339764,-0.185370,True,,,,,,,,,-0.161991,0.280059,0.378524,0.000000,0.000000,0.000000,0.000000,0.000000,0.000000,0.000000,0.000000,0.000000,0.000000,0.000000,0.000000,LEADER
1786354847256537279,2026-08-10T16:40:47.256561,ground_truth,-0.325700,-2.342000,-0.182322,-0.318399,-2.341553,-0.185510,True,,,,,,,,,-0.161991,0.280059,0.378524,0.000000,0.000000,0.000000,0.000000,0.000000,0.000000,0.000000,0.000000,0.000000,0.000000,0.000000,0.000000,LEADER
1786354847286456919,2026-08-10T16:40:47.286484,ground_truth,-0.334705,-2.351000,-0.179138,-0.318996,-2.342871,-0.185557,True,,,,,,,,,-0.161991,0.280059,0.378524,0.000000,0.000000,0.000000,0.000000,0.000000,0.000000,0.000000,0.000000,0.000000,0.000000,0.000000,0.000000,LEADER
1786354847321104272,2026-08-10T16:40:47.321130,ground_truth,-0.339836,-2.333000,-0.177767,-0.320355,-2.344094,-0.185230,True,,,,,,,,,-0.161991,0.280059,0.378524,0.000000,0.000000,0.000000,0.000000,0.000000,0.000000,0.000000,0.000000,0.000000,0.000000,0.000000,0.000000,LEADER
1786354847355680920,2026-08-10T16:40:47.355707,ground_truth,-0.350211,-2.351000,-0.179138,-0.322057,-2.345779,-0.184811,True,,,,,,,,,-0.161991,0.280059,0.378524,0.000000,0.000000,0.000000,0.000000,0.000000,0.000000,0.000000,0.000000,0.000000,0.000000,0.000000,0.000000,LEADER
1786354847391486509,2026-08-10T16:40:47.391514,ground_truth,-0.355443,-2.360000,-0.179824,-0.324287,-2.348036,-0.184389,True,,,,,,,,,-0.161991,0.280059,0.378524,0.000000,0.000000,0.000000,0.000000,0.000000,0.000000,0.000000,0.000000,0.000000,0.000000,0.000000,0.000000,LEADER
1786354847419750631,2026-08-10T16:40:47.419777,ground_truth,-0.357964,-2.351000,-0.179138,-0.326867,-2.349447,-0.184012,True,,,,,,,,,-0.161991,0.280059,0.378524,0.000000,0.000000,0.000000,0.000000,0.000000,0.000000,0.000000,0.000000,0.000000,0.000000,0.000000,0.000000,LEADER
1786354847455300430,2026-08-10T16:40:47.455319,ground_truth,-0.357964,-2.351000,-0.179138,-0.329614,-2.350690,-0.183590,True,,,,,,,,,-0.161991,0.280059,0.378524,0.000000,0.000000,0.000000,0.000000,0.000000,0.000000,0.000000,0.000000,0.000000,0.000000,0.000000,0.000000,LEADER
1786354847487381384,2026-08-10T16:40:47.487419,ground_truth,-0.357964,-2.351000,-0.179138,-0.332361,-2.351898,-0.183167,True,,,,,,,,,-0.161991,0.280059,0.378524,0.000000,0.000000,0.000000,0.000000,0.000000,0.000000,0.000000,0.000000,0.000000,0.000000,0.000000,0.000000,LEADER
1786354847522993242,2026-08-10T16:40:47.523017,ground_truth,-0.356594,-2.342000,-0.178452,-0.335027,-2.353100,-0.182697,True,,,,,,,,,-0.161991,0.280059,0.378524,0.000000,0.000000,0.000000,0.000000,0.000000,0.000000,0.000000,0.000000,0.000000,0.000000,0.000000,0.000000,LEADER
1786354847555466807,2026-08-10T16:40:47.555505,ground_truth,-0.356594,-2.342000,-0.182322,-0.337601,-2.353820,-0.182181,True,,,,,,,,,-0.161991,0.280059,0.378524,0.000000,0.000000,0.000000,0.000000,0.000000,0.000000,0.000000,0.000000,0.000000,0.000000,0.000000,0.000000,LEADER
1786354847585860393,2026-08-10T16:40:47.585875,ground_truth,-0.357964,-2.351000,-0.183022,-0.340013,-2.353964,-0.181828,True,,,,,,,,,-0.161991,0.280059,0.378524,0.000000,0.000000,0.000000,0.000000,0.000000,0.000000,0.000000,0.000000,0.000000,0.000000,0.000000,0.000000,LEADER
1786354847621343795,2026-08-10T16:40:47.621376,ground_truth,-0.356594,-2.342000,-0.186191,-0.342434,-2.353033,-0.181474,True,,,,,,,,,-0.161991,0.280059,0.378524,0.000000,0.000000,0.000000,0.000000,0.000000,0.000000,0.000000,0.000000,0.000000,0.000000,0.000000,0.000000,LEADER
1786354847656928422,2026-08-10T16:40:47.656957,ground_truth,-0.355224,-2.333000,-0.185475,-0.344765,-2.351407,-0.181330,True,,,,,,,,,-0.161991,0.280059,0.378524,0.000000,0.000000,0.000000,0.000000,0.000000,0.000000,0.000000,0.000000,0.000000,0.000000,0.000000,0.000000,LEADER
1786354847690106895,2026-08-10T16:40:47.690141,ground_truth,-0.352483,-2.315000,-0.184044,-0.347085,-2.349641,-0.181187,True,,,,,,,,,-0.161991,0.280059,0.378524,0.000000,0.000000,0.000000,0.000000,0.000000,0.000000,0.000000,0.000000,0.000000,0.000000,0.000000,0.000000,LEADER
1786354847719280346,2026-08-10T16:40:47.719303,ground_truth,-0.357964,-2.351000,-0.186906,-0.349304,-2.347848,-0.181255,True,,,,,,,,,-0.161991,0.280059,0.378524,0.000000,0.000000,0.000000,0.000000,0.000000,0.000000,0.000000,0.000000,0.000000,0.000000,0.000000,0.000000,LEADER
1786354847755736430,2026-08-10T16:40:47.755754,ground_truth,-0.353853,-2.324000,-0.184760,-0.351547,-2.346050,-0.181468,True,,,,,,,,,-0.161991,0.280059,0.378524,0.000000,0.000000,0.000000,0.000000,0.000000,0.000000,0.000000,0.000000,0.000000,0.000000,0.000000,0.000000,LEADER
1786354847788699811,2026-08-10T16:40:47.788721,ground_truth,-0.356594,-2.342000,-0.190060,-0.353424,-2.344250,-0.181630,True,,,,,,,,,-0.161991,0.280059,0.378524,0.000000,0.000000,0.000000,0.000000,0.000000,0.000000,0.000000,0.000000,0.000000,0.000000,0.000000,0.000000,LEADER
1786354847822765281,2026-08-10T16:40:47.822802,ground_truth,-0.352483,-2.315000,-0.187869,-0.354883,-2.343410,-0.182358,True,,,,,,,,,-0.161991,0.280059,0.378524,0.000000,0.000000,0.000000,0.000000,0.000000,0.000000,0.000000,0.000000,0.000000,0.000000,0.000000,0.000000,LEADER
1786354847865033434,2026-08-10T16:40:47.865096,ground_truth,-0.352483,-2.315000,-0.187869,-0.355726,-2.342282,-0.183032,True,,,,,,,,,-0.161991,0.280059,0.378524,0.000000,0.000000,0.000000,0.000000,0.000000,0.000000,0.000000,0.000000,0.000000,0.000000,0.000000,0.000000,LEADER
1786354847906822510,2026-08-10T16:40:47.906874,ground_truth,-0.352483,-2.315000,-0.187869,-0.355878,-2.340136,-0.183614,True,,,,,,,,,-0.161991,0.280059,0.378524,0.000000,0.000000,0.000000,0.000000,0.000000,0.000000,0.000000,0.000000,0.000000,0.000000,0.000000,0.000000,LEADER
1786354847940193912,2026-08-10T16:40:47.940232,ground_truth,-0.355224,-2.333000,-0.189329,-0.355681,-2.337787,-0.184150,True,,,,,,,,,-0.161991,0.280059,0.378524,0.000000,0.000000,0.000000,0.000000,0.000000,0.000000,0.000000,0.000000,0.000000,0.000000,0.000000,0.000000,LEADER
1786354847971409410,2026-08-10T16:40:47.971459,ground_truth,-0.353853,-2.324000,-0.192438,-0.355498,-2.335398,-0.184830,True,,,,,,,,,-0.161991,0.280059,0.378524,0.000000,0.000000,0.000000,0.000000,0.000000,0.000000,0.000000,0.000000,0.000000,0.000000,0.000000,0.000000,LEADER
1786354848005326196,2026-08-10T16:40:48.005350,ground_truth,-0.356594,-2.342000,-0.193929,-0.355224,-2.333480,-0.185716,True,,,,,,,,,-0.161991,0.280059,0.378524,0.000000,0.000000,0.000000,0.000000,0.000000,0.000000,0.000000,0.000000,0.000000,0.000000,0.000000,0.000000,LEADER
1786354848037974102,2026-08-10T16:40:48.037992,ground_truth,-0.355224,-2.333000,-0.197038,-0.355132,-2.332136,-0.186702,True,,,,,,,,,-0.161991,0.280059,0.378524,0.000000,0.000000,0.000000,0.000000,0.000000,0.000000,0.000000,0.000000,0.000000,0.000000,0.000000,0.000000,LEADER
1786354848064113417,2026-08-10T16:40:48.064126,ground_truth,-0.356594,-2.342000,-0.197798,-0.355041,-2.330907,-0.187941,True,,,,,,,,,-0.161991,0.280059,0.378524,0.000000,0.000000,0.000000,0.000000,0.000000,0.000000,0.000000,0.000000,0.000000,0.000000,0.000000,0.000000,LEADER
1786354848094698417,2026-08-10T16:40:48.094720,ground_truth,-0.359071,-2.333000,-0.197038,-0.355041,-2.330662,-0.188973,True,,,,,,,,,-0.161991,0.280059,0.378524,0.000000,0.000000,0.000000,0.000000,0.000000,0.000000,0.000000,0.000000,0.000000,0.000000,0.000000,0.000000,LEADER
1786354848128016406,2026-08-10T16:40:48.128034,ground_truth,-0.359071,-2.333000,-0.197038,-0.355115,-2.330132,-0.189908,True,,,,,,,,,-0.161991,0.280059,0.378524,0.000000,0.000000,0.000000,0.000000,0.000000,0.000000,0.000000,0.000000,0.000000,0.000000,0.000000,0.000000,LEADER
1786354848160406709,2026-08-10T16:40:48.160462,ground_truth,-0.356300,-2.315000,-0.195518,-0.355280,-2.329547,-0.190631,True,,,,,,,,,-0.161991,0.280059,0.378524,0.000000,0.000000,0.000000,0.000000,0.000000,0.000000,0.000000,0.000000,0.000000,0.000000,0.000000,0.000000,LEADER
1786354848188351198,2026-08-10T16:40:48.188369,ground_truth,-0.359071,-2.333000,-0.197038,-0.355352,-2.328949,-0.191300,True,,,,,,,,,-0.161991,0.280059,0.378524,0.000000,0.000000,0.000000,0.000000,0.000000,0.000000,0.000000,0.000000,0.000000,0.000000,0.000000,0.000000,LEADER
1786354848221533416,2026-08-10T16:40:48.221560,ground_truth,-0.359071,-2.333000,-0.197038,-0.355791,-2.328830,-0.192166,True,,,,,,,,,-0.161991,0.280059,0.378524,0.000000,0.000000,0.000000,0.000000,0.000000,0.000000,0.000000,0.000000,0.000000,0.000000,0.000000,0.000000,LEADER
1786354848257624309,2026-08-10T16:40:48.257668,ground_truth,-0.359071,-2.333000,-0.197038,-0.355865,-2.328806,-0.192842,True,,,,,,,,,-0.161991,0.280059,0.378524,0.000000,0.000000,0.000000,0.000000,0.000000,0.000000,0.000000,0.000000,0.000000,0.000000,0.000000,0.000000,LEADER
1786354848292092868,2026-08-10T16:40:48.292156,ground_truth,-0.357685,-2.324000,-0.196278,-0.356212,-2.329281,-0.193660,True,,,,,,,,,-0.161991,0.280059,0.378524,0.000000,0.000000,0.000000,0.000000,0.000000,0.000000,0.000000,0.000000,0.000000,0.000000,0.000000,0.000000,LEADER
1786354848323909605,2026-08-10T16:40:48.323926,ground_truth,-0.357685,-2.324000,-0.196278,-0.356285,-2.328896,-0.194075,True,,,,,,,,,-0.161991,0.280059,0.378524,0.000000,0.000000,0.000000,0.000000,0.000000,0.000000,0.000000,0.000000,0.000000,0.000000,0.000000,0.000000,LEADER
1786354848355537249,2026-08-10T16:40:48.355567,ground_truth,-0.357685,-2.324000,-0.192438,-0.356632,-2.328819,-0.194636,True,,,,,,,,,-0.161991,0.280059,0.378524,0.000000,0.000000,0.000000,0.000000,0.000000,0.000000,0.000000,0.000000,0.000000,0.000000,0.000000,0.000000,LEADER
1786354848388251723,2026-08-10T16:40:48.388276,ground_truth,-0.360456,-2.342000,-0.193929,-0.356979,-2.329284,-0.194940,True,,,,,,,,,-0.161991,0.280059,0.378524,0.000000,0.000000,0.000000,0.000000,0.000000,0.000000,0.000000,0.000000,0.000000,0.000000,0.000000,0.000000,LEADER
1786354848423684337,2026-08-10T16:40:48.423710,ground_truth,-0.357685,-2.324000,-0.196278,-0.357510,-2.329857,-0.195344,True,,,,,,,,,-0.161991,0.280059,0.378524,0.000000,0.000000,0.000000,0.000000,0.000000,0.000000,0.000000,0.000000,0.000000,0.000000,0.000000,0.000000,LEADER
1786354848454054706,2026-08-10T16:40:48.454082,ground_truth,-0.357685,-2.324000,-0.192438,-0.357674,-2.330452,-0.195808,True,,,,,,,,,-0.161991,0.280059,0.378524,0.000000,0.000000,0.000000,0.000000,0.000000,0.000000,0.000000,0.000000,0.000000,0.000000,0.000000,0.000000,LEADER
1786354848488082151,2026-08-10T16:40:48.488116,ground_truth,-0.360456,-2.342000,-0.193929,-0.357930,-2.330570,-0.195808,True,,,,,,,,,-0.161991,0.280059,0.378524,0.000000,0.000000,0.000000,0.000000,0.000000,0.000000,0.000000,0.000000,0.000000,0.000000,0.000000,0.000000,LEADER
1786354848523858743,2026-08-10T16:40:48.523886,ground_truth,-0.357685,-2.324000,-0.192438,-0.358187,-2.330114,-0.195808,True,,,,,,,,,-0.161991,0.280059,0.378524,0.000000,0.000000,0.000000,0.000000,0.000000,0.000000,0.000000,0.000000,0.000000,0.000000,0.000000,0.000000,LEADER
1786354848559574498,2026-08-10T16:40:48.559641,ground_truth,-0.361841,-2.351000,-0.194674,-0.358351,-2.329543,-0.195501,True,,,,,,,,,-0.161991,0.280059,0.378524,0.000000,0.000000,0.000000,0.000000,0.000000,0.000000,0.000000,0.000000,0.000000,0.000000,0.000000,0.000000,LEADER
1786354848588910519,2026-08-10T16:40:48.588940,ground_truth,-0.360456,-2.342000,-0.193929,-0.358701,-2.329429,-0.195293,True,,,,,,,,,-0.161991,0.280059,0.378524,0.000000,0.000000,0.000000,0.000000,0.000000,0.000000,0.000000,0.000000,0.000000,0.000000,0.000000,0.000000,LEADER
1786354848625640695,2026-08-10T16:40:48.625673,ground_truth,-0.357685,-2.324000,-0.192438,-0.358794,-2.329886,-0.195085,True,,,,,,,,,-0.161991,0.280059,0.378524,0.000000,0.000000,0.000000,0.000000,0.000000,0.000000,0.000000,0.000000,0.000000,0.000000,0.000000,0.000000,LEADER
1786354848662592394,2026-08-10T16:40:48.662636,ground_truth,-0.356300,-2.315000,-0.191693,-0.358701,-2.330457,-0.194779,True,,,,,,,,,-0.161991,0.280059,0.378524,0.000000,0.000000,0.000000,0.000000,0.000000,0.000000,0.000000,0.000000,0.000000,0.000000,0.000000,0.000000,LEADER
1786354848698253876,2026-08-10T16:40:48.698293,ground_truth,-0.356300,-2.315000,-0.191693,-0.358701,-2.330092,-0.194524,True,,,,,,,,,-0.161991,0.280059,0.378524,0.000000,0.000000,0.000000,0.000000,0.000000,0.000000,0.000000,0.000000,0.000000,0.000000,0.000000,0.000000,LEADER
1786354848730539078,2026-08-10T16:40:48.730574,ground_truth,-0.354915,-2.306000,-0.190948,-0.358517,-2.329058,-0.194167,True,,,,,,,,,-0.161991,0.280059,0.378524,0.000000,0.000000,0.000000,0.000000,0.000000,0.000000,0.000000,0.000000,0.000000,0.000000,0.000000,0.000000,LEADER
1786354848759230526,2026-08-10T16:40:48.759243,ground_truth,-0.357685,-2.324000,-0.192438,-0.358240,-2.327892,-0.193761,True,,,,,,,,,-0.161991,0.280059,0.378524,0.000000,0.000000,0.000000,0.000000,0.000000,0.000000,0.000000,0.000000,0.000000,0.000000,0.000000,0.000000,LEADER
1786354848793204690,2026-08-10T16:40:48.793271,ground_truth,-0.353684,-2.298000,-0.190286,-0.358147,-2.326698,-0.193455,True,,,,,,,,,-0.161991,0.280059,0.378524,0.000000,0.000000,0.000000,0.000000,0.000000,0.000000,0.000000,0.000000,0.000000,0.000000,0.000000,0.000000,LEADER
1786354848825108102,2026-08-10T16:40:48.825149,ground_truth,-0.357685,-2.324000,-0.192438,-0.357880,-2.325020,-0.193055,True,,,,,,,,,-0.161991,0.280059,0.378524,0.000000,0.000000,0.000000,0.000000,0.000000,0.000000,0.000000,0.000000,0.000000,0.000000,0.000000,0.000000,LEADER
1786354848862718121,2026-08-10T16:40:48.862731,ground_truth,-0.354915,-2.306000,-0.190948,-0.357880,-2.324684,-0.192799,True,,,,,,,,,-0.161991,0.280059,0.378524,0.000000,0.000000,0.000000,0.000000,0.000000,0.000000,0.000000,0.000000,0.000000,0.000000,0.000000,0.000000,LEADER
1786354848890160579,2026-08-10T16:40:48.890184,ground_truth,-0.356300,-2.315000,-0.187869,-0.357696,-2.323657,-0.192700,True,,,,,,,,,-0.161991,0.280059,0.378524,0.000000,0.000000,0.000000,0.000000,0.000000,0.000000,0.000000,0.000000,0.000000,0.000000,0.000000,0.000000,LEADER
1786354848922664420,2026-08-10T16:40:48.922677,ground_truth,-0.357685,-2.324000,-0.188599,-0.357419,-2.322971,-0.192296,True,,,,,,,,,-0.161991,0.280059,0.378524,0.000000,0.000000,0.000000,0.000000,0.000000,0.000000,0.000000,0.000000,0.000000,0.000000,0.000000,0.000000,LEADER
1786354848954950694,2026-08-10T16:40:48.954986,ground_truth,-0.357685,-2.324000,-0.188599,-0.357419,-2.322354,-0.191784,True,,,,,,,,,-0.161991,0.280059,0.378524,0.000000,0.000000,0.000000,0.000000,0.000000,0.000000,0.000000,0.000000,0.000000,0.000000,0.000000,0.000000,LEADER
1786354848989956992,2026-08-10T16:40:48.989994,ground_truth,-0.351067,-2.281000,-0.185110,-0.357419,-2.322231,-0.191528,True,,,,,,,,,-0.161991,0.280059,0.378524,0.000000,0.000000,0.000000,0.000000,0.000000,0.000000,0.000000,0.000000,0.000000,0.000000,0.000000,0.000000,LEADER
1786354849023223741,2026-08-10T16:40:49.023236,ground_truth,-0.357685,-2.324000,-0.188599,-0.356793,-2.322206,-0.190940,True,,,,,,,,,-0.161991,0.280059,0.378524,0.000000,0.000000,0.000000,0.000000,0.000000,0.000000,0.000000,0.000000,0.000000,0.000000,0.000000,0.000000,LEADER
1786354849057084927,2026-08-10T16:40:49.057115,ground_truth,-0.359071,-2.333000,-0.189329,-0.356793,-2.322201,-0.190684,True,,,,,,,,,-0.161991,0.280059,0.378524,0.000000,0.000000,0.000000,0.000000,0.000000,0.000000,0.000000,0.000000,0.000000,0.000000,0.000000,0.000000,LEADER
1786354849092561372,2026-08-10T16:40:49.092603,ground_truth,-0.353684,-2.298000,-0.190286,-0.356608,-2.321240,-0.190328,True,,,,,,,,,-0.161991,0.280059,0.378524,0.000000,0.000000,0.000000,0.000000,0.000000,0.000000,0.000000,0.000000,0.000000,0.000000,0.000000,0.000000,LEADER
1786354849124765518,2026-08-10T16:40:49.124802,ground_truth,-0.359071,-2.333000,-0.193184,-0.356157,-2.320088,-0.190085,True,,,,,,,,,-0.161991,0.280059,0.378524,0.000000,0.000000,0.000000,0.000000,0.000000,0.000000,0.000000,0.000000,0.000000,0.000000,0.000000,0.000000,LEADER
1786354849158759818,2026-08-10T16:40:49.158799,ground_truth,-0.346105,-2.298000,-0.190286,-0.356249,-2.319378,-0.190135,True,,,,,,,,,-0.161991,0.280059,0.378524,0.000000,0.000000,0.000000,0.000000,0.000000,0.000000,0.000000,0.000000,0.000000,0.000000,0.000000,0.000000,LEADER
1786354849190520045,2026-08-10T16:40:49.190549,ground_truth,-0.347530,-2.333000,-0.193184,-0.355569,-2.317849,-0.190041,True,,,,,,,,,-0.161991,0.280059,0.378524,0.000000,0.000000,0.000000,0.000000,0.000000,0.000000,0.000000,0.000000,0.000000,0.000000,0.000000,0.000000,LEADER
1786354849226710406,2026-08-10T16:40:49.226725,ground_truth,-0.341031,-2.315000,-0.191693,-0.354985,-2.318503,-0.190140,True,,,,,,,,,-0.161991,0.280059,0.378524,0.000000,0.000000,0.000000,0.000000,0.000000,0.000000,0.000000,0.000000,0.000000,0.000000,0.000000,0.000000,LEADER
1786354849256494802,2026-08-10T16:40:49.256532,ground_truth,-0.334693,-2.324000,-0.192438,-0.354059,-2.318634,-0.190190,True,,,,,,,,,-0.161991,0.280059,0.378524,0.000000,0.000000,0.000000,0.000000,0.000000,0.000000,0.000000,0.000000,0.000000,0.000000,0.000000,0.000000,LEADER
1786354849288909120,2026-08-10T16:40:49.288956,ground_truth,-0.324496,-2.306000,-0.190948,-0.352526,-2.319140,-0.190190,True,,,,,,,,,-0.161991,0.280059,0.378524,0.000000,0.000000,0.000000,0.000000,0.000000,0.000000,0.000000,0.000000,0.000000,0.000000,0.000000,0.000000,LEADER
1786354849323477568,2026-08-10T16:40:49.323492,ground_truth,-0.323197,-2.324000,-0.192438,-0.350580,-2.319721,-0.190234,True,,,,,,,,,-0.161991,0.280059,0.378524,0.000000,0.000000,0.000000,0.000000,0.000000,0.000000,0.000000,0.000000,0.000000,0.000000,0.000000,0.000000,LEADER
1786354849355599938,2026-08-10T16:40:49.355637,ground_truth,-0.325700,-2.342000,-0.193929,-0.348281,-2.319838,-0.190234,True,,,,,,,,,-0.161991,0.280059,0.378524,0.000000,0.000000,0.000000,0.000000,0.000000,0.000000,0.000000,0.000000,0.000000,0.000000,0.000000,0.000000,LEADER
1786354849389569550,2026-08-10T16:40:49.389613,ground_truth,-0.318128,-2.315000,-0.195518,-0.346334,-2.320821,-0.190433,True,,,,,,,,,-0.161991,0.280059,0.378524,0.000000,0.000000,0.000000,0.000000,0.000000,0.000000,0.000000,0.000000,0.000000,0.000000,0.000000,0.000000,LEADER
1786354849422148052,2026-08-10T16:40:49.422175,ground_truth,-0.324449,-2.333000,-0.197038,-0.343789,-2.321498,-0.190943,True,,,,,,,,,-0.161991,0.280059,0.378524,0.000000,0.000000,0.000000,0.000000,0.000000,0.000000,0.000000,0.000000,0.000000,0.000000,0.000000,0.000000,LEADER
1786354849456681945,2026-08-10T16:40:49.456696,ground_truth,-0.324449,-2.333000,-0.197038,-0.341573,-2.322593,-0.191505,True,,,,,,,,,-0.161991,0.280059,0.378524,0.000000,0.000000,0.000000,0.000000,0.000000,0.000000,0.000000,0.000000,0.000000,0.000000,0.000000,0.000000,LEADER
1786354849492275644,2026-08-10T16:40:49.492305,ground_truth,-0.321946,-2.315000,-0.199342,-0.339357,-2.323292,-0.192068,True,,,,,,,,,-0.161991,0.280059,0.378524,0.000000,0.000000,0.000000,0.000000,0.000000,0.000000,0.000000,0.000000,0.000000,0.000000,0.000000,0.000000,LEADER
1786354849522304649,2026-08-10T16:40:49.522329,ground_truth,-0.321946,-2.315000,-0.199342,-0.337416,-2.323912,-0.193017,True,,,,,,,,,-0.161991,0.280059,0.378524,0.000000,0.000000,0.000000,0.000000,0.000000,0.000000,0.000000,0.000000,0.000000,0.000000,0.000000,0.000000,LEADER
1786354849555909214,2026-08-10T16:40:49.555925,ground_truth,-0.325700,-2.342000,-0.201667,-0.335033,-2.323556,-0.193733,True,,,,,,,,,-0.161991,0.280059,0.378524,0.000000,0.000000,0.000000,0.000000,0.000000,0.000000,0.000000,0.000000,0.000000,0.000000,0.000000,0.000000,LEADER
1786354849587024867,2026-08-10T16:40:49.587045,ground_truth,-0.324449,-2.333000,-0.200892,-0.332808,-2.323005,-0.194555,True,,,,,,,,,-0.161991,0.280059,0.378524,0.000000,0.000000,0.000000,0.000000,0.000000,0.000000,0.000000,0.000000,0.000000,0.000000,0.000000,0.000000,LEADER
1786354849621687375,2026-08-10T16:40:49.621715,ground_truth,-0.326952,-2.351000,-0.202442,-0.330859,-2.323374,-0.195263,True,,,,,,,,,-0.161991,0.280059,0.378524,0.000000,0.000000,0.000000,0.000000,0.000000,0.000000,0.000000,0.000000,0.000000,0.000000,0.000000,0.000000,LEADER
1786354849657146087,2026-08-10T16:40:49.657183,ground_truth,-0.329562,-2.342000,-0.201667,-0.328718,-2.323928,-0.195880,True,,,,,,,,,-0.161991,0.280059,0.378524,0.000000,0.000000,0.000000,0.000000,0.000000,0.000000,0.000000,0.000000,0.000000,0.000000,0.000000,0.000000,LEADER
1786354849689049527,2026-08-10T16:40:49.689068,ground_truth,-0.328296,-2.333000,-0.200892,-0.327615,-2.326386,-0.196639,True,,,,,,,,,-0.161991,0.280059,0.378524,0.000000,0.000000,0.000000,0.000000,0.000000,0.000000,0.000000,0.000000,0.000000,0.000000,0.000000,0.000000,LEADER
1786354849724602880,2026-08-10T16:40:49.724651,ground_truth,-0.327029,-2.324000,-0.200117,-0.326333,-2.327357,-0.197152,True,,,,,,,,,-0.161991,0.280059,0.378524,0.000000,0.000000,0.000000,0.000000,0.000000,0.000000,0.000000,0.000000,0.000000,0.000000,0.000000,0.000000,LEADER
1786354849757314116,2026-08-10T16:40:49.757353,ground_truth,-0.329580,-2.315000,-0.199342,-0.325399,-2.328512,-0.197714,True,,,,,,,,,-0.161991,0.280059,0.378524,0.000000,0.000000,0.000000,0.000000,0.000000,0.000000,0.000000,0.000000,0.000000,0.000000,0.000000,0.000000,LEADER
1786354849789917685,2026-08-10T16:40:49.789947,ground_truth,-0.330949,-2.298000,-0.197878,-0.325059,-2.328742,-0.198174,True,,,,,,,,,-0.161991,0.280059,0.378524,0.000000,0.000000,0.000000,0.000000,0.000000,0.000000,0.000000,0.000000,0.000000,0.000000,0.000000,0.000000,LEADER
1786354849824807809,2026-08-10T16:40:49.824827,ground_truth,-0.333397,-2.315000,-0.199342,-0.325489,-2.328789,-0.198636,True,,,,,,,,,-0.161991,0.280059,0.378524,0.000000,0.000000,0.000000,0.000000,0.000000,0.000000,0.000000,0.000000,0.000000,0.000000,0.000000,0.000000,LEADER
1786354849856905250,2026-08-10T16:40:49.856939,ground_truth,-0.333397,-2.315000,-0.199342,-0.326169,-2.328318,-0.199097,True,,,,,,,,,-0.161991,0.280059,0.378524,0.000000,0.000000,0.000000,0.000000,0.000000,0.000000,0.000000,0.000000,0.000000,0.000000,0.000000,0.000000,LEADER
1786354849888745299,2026-08-10T16:40:49.888789,ground_truth,-0.335989,-2.333000,-0.200892,-0.326682,-2.327744,-0.199458,True,,,,,,,,,-0.161991,0.280059,0.378524,0.000000,0.000000,0.000000,0.000000,0.000000,0.000000,0.000000,0.000000,0.000000,0.000000,0.000000,0.000000,LEADER
1786354849924029748,2026-08-10T16:40:49.924061,ground_truth,-0.335903,-2.306000,-0.198567,-0.327873,-2.327149,-0.199816,True,,,,,,,,,-0.161991,0.280059,0.378524,0.000000,0.000000,0.000000,0.000000,0.000000,0.000000,0.000000,0.000000,0.000000,0.000000,0.000000,0.000000,LEADER
1786354849954836119,2026-08-10T16:40:49.954861,ground_truth,-0.333427,-2.289000,-0.197104,-0.328636,-2.326070,-0.199918,True,,,,,,,,,-0.161991,0.280059,0.378524,0.000000,0.000000,0.000000,0.000000,0.000000,0.000000,0.000000,0.000000,0.000000,0.000000,0.000000,0.000000,LEADER
1786354849990498460,2026-08-10T16:40:49.990547,ground_truth,-0.335903,-2.306000,-0.202377,-0.329235,-2.324414,-0.199922,True,,,,,,,,,-0.161991,0.280059,0.378524,0.000000,0.000000,0.000000,0.000000,0.000000,0.000000,0.000000,0.000000,0.000000,0.000000,0.000000,0.000000,LEADER
1786354850020556710,2026-08-10T16:40:50.020568,ground_truth,-0.346335,-2.351000,-0.202442,-0.330165,-2.322643,-0.200124,True,,,,,,,,,-0.161991,0.280059,0.378524,0.000000,0.000000,0.000000,0.000000,0.000000,0.000000,0.000000,0.000000,0.000000,0.000000,0.000000,0.000000,LEADER
1786354850056132403,2026-08-10T16:40:50.056151,ground_truth,-0.338527,-2.298000,-0.197878,-0.331791,-2.321809,-0.200331,True,,,,,,,,,-0.161991,0.280059,0.378524,0.000000,0.000000,0.000000,0.000000,0.000000,0.000000,0.000000,0.000000,0.000000,0.000000,0.000000,0.000000,LEADER
1786354850089448554,2026-08-10T16:40:50.089470,ground_truth,-0.337201,-2.289000,-0.197104,-0.332646,-2.321162,-0.200079,True,,,,,,,,,-0.161991,0.280059,0.378524,0.000000,0.000000,0.000000,0.000000,0.000000,0.000000,0.000000,0.000000,0.000000,0.000000,0.000000,0.000000,LEADER
1786354850126103081,2026-08-10T16:40:50.126122,ground_truth,-0.338525,-2.324000,-0.200117,-0.333497,-2.319166,-0.199826,True,,,,,,,,,-0.161991,0.280059,0.378524,0.000000,0.000000,0.000000,0.000000,0.000000,0.000000,0.000000,0.000000,0.000000,0.000000,0.000000,0.000000,LEADER
1786354850154716867,2026-08-10T16:40:50.154731,ground_truth,-0.338525,-2.324000,-0.200117,-0.334268,-2.316420,-0.199671,True,,,,,,,,,-0.161991,0.280059,0.378524,0.000000,0.000000,0.000000,0.000000,0.000000,0.000000,0.000000,0.000000,0.000000,0.000000,0.000000,0.000000,LEADER
1786354850189381958,2026-08-10T16:40:50.189419,ground_truth,-0.338525,-2.324000,-0.200117,-0.334866,-2.314911,-0.199568,True,,,,,,,,,-0.161991,0.280059,0.378524,0.000000,0.000000,0.000000,0.000000,0.000000,0.000000,0.000000,0.000000,0.000000,0.000000,0.000000,0.000000,LEADER
1786354850222513456,2026-08-10T16:40:50.222529,ground_truth,-0.337214,-2.315000,-0.199342,-0.335548,-2.313649,-0.199516,True,,,,,,,,,-0.161991,0.280059,0.378524,0.000000,0.000000,0.000000,0.000000,0.000000,0.000000,0.000000,0.000000,0.000000,0.000000,0.000000,0.000000,LEADER
1786354850257009715,2026-08-10T16:40:50.257035,ground_truth,-0.334738,-2.298000,-0.197878,-0.336227,-2.312916,-0.199464,True,,,,,,,,,-0.161991,0.280059,0.378524,0.000000,0.000000,0.000000,0.000000,0.000000,0.000000,0.000000,0.000000,0.000000,0.000000,0.000000,0.000000,LEADER
1786354850289467193,2026-08-10T16:40:50.289485,ground_truth,-0.330951,-2.272000,-0.195640,-0.336571,-2.312290,-0.199367,True,,,,,,,,,-0.161991,0.280059,0.378524,0.000000,0.000000,0.000000,0.000000,0.000000,0.000000,0.000000,0.000000,0.000000,0.000000,0.000000,0.000000,LEADER
1786354850322414118,2026-08-10T16:40:50.322457,ground_truth,-0.335903,-2.306000,-0.198567,-0.336571,-2.311258,-0.199217,True,,,,,,,,,-0.161991,0.280059,0.378524,0.000000,0.000000,0.000000,0.000000,0.000000,0.000000,0.000000,0.000000,0.000000,0.000000,0.000000,0.000000,LEADER
1786354850355827324,2026-08-10T16:40:50.355857,ground_truth,-0.334738,-2.298000,-0.197878,-0.336738,-2.310145,-0.199166,True,,,,,,,,,-0.161991,0.280059,0.378524,0.000000,0.000000,0.000000,0.000000,0.000000,0.000000,0.000000,0.000000,0.000000,0.000000,0.000000,0.000000,LEADER
1786354850392331133,2026-08-10T16:40:50.392366,ground_truth,-0.332101,-2.306000,-0.194758,-0.336827,-2.309016,-0.199068,True,,,,,,,,,-0.161991,0.280059,0.378524,0.000000,0.000000,0.000000,0.000000,0.000000,0.000000,0.000000,0.000000,0.000000,0.000000,0.000000,0.000000,LEADER
1786354850422911661,2026-08-10T16:40:50.422930,ground_truth,-0.329653,-2.289000,-0.197104,-0.336568,-2.308310,-0.198659,True,,,,,,,,,-0.161991,0.280059,0.378524,0.000000,0.000000,0.000000,0.000000,0.000000,0.000000,0.000000,0.000000,0.000000,0.000000,0.000000,0.000000,LEADER
1786354850456136077,2026-08-10T16:40:50.456150,ground_truth,-0.330949,-2.298000,-0.197878,-0.336151,-2.307262,-0.198562,True,,,,,,,,,-0.161991,0.280059,0.378524,0.000000,0.000000,0.000000,0.000000,0.000000,0.000000,0.000000,0.000000,0.000000,0.000000,0.000000,0.000000,LEADER
1786354850489115524,2026-08-10T16:40:50.489140,ground_truth,-0.330949,-2.298000,-0.197878,-0.335986,-2.306626,-0.198613,True,,,,,,,,,-0.161991,0.280059,0.378524,0.000000,0.000000,0.000000,0.000000,0.000000,0.000000,0.000000,0.000000,0.000000,0.000000,0.000000,0.000000,LEADER
1786354850524440467,2026-08-10T16:40:50.524463,ground_truth,-0.328299,-2.306000,-0.194758,-0.335656,-2.306072,-0.198313,True,,,,,,,,,-0.161991,0.280059,0.378524,0.000000,0.000000,0.000000,0.000000,0.000000,0.000000,0.000000,0.000000,0.000000,0.000000,0.000000,0.000000,LEADER
1786354850556707692,2026-08-10T16:40:50.556727,ground_truth,-0.328299,-2.306000,-0.194758,-0.334453,-2.305534,-0.197801,True,,,,,,,,,-0.161991,0.280059,0.378524,0.000000,0.000000,0.000000,0.000000,0.000000,0.000000,0.000000,0.000000,0.000000,0.000000,0.000000,0.000000,LEADER
1786354850590833983,2026-08-10T16:40:50.590854,ground_truth,-0.330861,-2.324000,-0.196278,-0.333771,-2.305427,-0.197593,True,,,,,,,,,-0.161991,0.280059,0.378524,0.000000,0.000000,0.000000,0.000000,0.000000,0.000000,0.000000,0.000000,0.000000,0.000000,0.000000,0.000000,LEADER
1786354850622323690,2026-08-10T16:40:50.622358,ground_truth,-0.329580,-2.315000,-0.195518,-0.333349,-2.305832,-0.197538,True,,,,,,,,,-0.161991,0.280059,0.378524,0.000000,0.000000,0.000000,0.000000,0.000000,0.000000,0.000000,0.000000,0.000000,0.000000,0.000000,0.000000,LEADER
1786354850656706631,2026-08-10T16:40:50.656731,ground_truth,-0.332101,-2.306000,-0.194758,-0.332752,-2.306820,-0.197231,True,,,,,,,,,-0.161991,0.280059,0.378524,0.000000,0.000000,0.000000,0.000000,0.000000,0.000000,0.000000,0.000000,0.000000,0.000000,0.000000,0.000000,LEADER
1786354850690337214,2026-08-10T16:40:50.690384,ground_truth,-0.329580,-2.315000,-0.195518,-0.332324,-2.306537,-0.196874,True,,,,,,,,,-0.161991,0.280059,0.378524,0.000000,0.000000,0.000000,0.000000,0.000000,0.000000,0.000000,0.000000,0.000000,0.000000,0.000000,0.000000,LEADER
1786354850722886859,2026-08-10T16:40:50.722919,ground_truth,-0.329580,-2.315000,-0.191693,-0.331728,-2.306001,-0.196567,True,,,,,,,,,-0.161991,0.280059,0.378524,0.000000,0.000000,0.000000,0.000000,0.000000,0.000000,0.000000,0.000000,0.000000,0.000000,0.000000,0.000000,LEADER
1786354850756838776,2026-08-10T16:40:50.756861,ground_truth,-0.328299,-2.306000,-0.190948,-0.331219,-2.305414,-0.196057,True,,,,,,,,,-0.161991,0.280059,0.378524,0.000000,0.000000,0.000000,0.000000,0.000000,0.000000,0.000000,0.000000,0.000000,0.000000,0.000000,0.000000,LEADER
1786354850789447233,2026-08-10T16:40:50.789473,ground_truth,-0.328296,-2.333000,-0.193184,-0.330789,-2.305296,-0.195595,True,,,,,,,,,-0.161991,0.280059,0.378524,0.000000,0.000000,0.000000,0.000000,0.000000,0.000000,0.000000,0.000000,0.000000,0.000000,0.000000,0.000000,LEADER
1786354850823177977,2026-08-10T16:40:50.823203,ground_truth,-0.329562,-2.342000,-0.193929,-0.330612,-2.306179,-0.195432,True,,,,,,,,,-0.161991,0.280059,0.378524,0.000000,0.000000,0.000000,0.000000,0.000000,0.000000,0.000000,0.000000,0.000000,0.000000,0.000000,0.000000,LEADER
1786354850855179734,2026-08-10T16:40:50.855236,ground_truth,-0.327029,-2.324000,-0.192438,-0.330190,-2.308223,-0.195122,True,,,,,,,,,-0.161991,0.280059,0.378524,0.000000,0.000000,0.000000,0.000000,0.000000,0.000000,0.000000,0.000000,0.000000,0.000000,0.000000,0.000000,LEADER
1786354850889684018,2026-08-10T16:40:50.889711,ground_truth,-0.327029,-2.324000,-0.192438,-0.329676,-2.310498,-0.194760,True,,,,,,,,,-0.161991,0.280059,0.378524,0.000000,0.000000,0.000000,0.000000,0.000000,0.000000,0.000000,0.000000,0.000000,0.000000,0.000000,0.000000,LEADER
1786354850923078238,2026-08-10T16:40:50.923107,ground_truth,-0.329562,-2.342000,-0.193929,-0.329338,-2.311913,-0.194605,True,,,,,,,,,-0.161991,0.280059,0.378524,0.000000,0.000000,0.000000,0.000000,0.000000,0.000000,0.000000,0.000000,0.000000,0.000000,0.000000,0.000000,LEADER
1786354850956132498,2026-08-10T16:40:50.956145,ground_truth,-0.328296,-2.333000,-0.193184,-0.329332,-2.313583,-0.194394,True,,,,,,,,,-0.161991,0.280059,0.378524,0.000000,0.000000,0.000000,0.000000,0.000000,0.000000,0.000000,0.000000,0.000000,0.000000,0.000000,0.000000,LEADER
1786354850989306647,2026-08-10T16:40:50.989340,ground_truth,-0.328296,-2.333000,-0.193184,-0.329155,-2.315783,-0.194081,True,,,,,,,,,-0.161991,0.280059,0.378524,0.000000,0.000000,0.000000,0.000000,0.000000,0.000000,0.000000,0.000000,0.000000,0.000000,0.000000,0.000000,LEADER
1786354851023940869,2026-08-10T16:40:51.023968,ground_truth,-0.328296,-2.333000,-0.193184,-0.328978,-2.318090,-0.193768,True,,,,,,,,,-0.161991,0.280059,0.378524,0.000000,0.000000,0.000000,0.000000,0.000000,0.000000,0.000000,0.000000,0.000000,0.000000,0.000000,0.000000,LEADER
1786354851055781525,2026-08-10T16:40:51.055798,ground_truth,-0.330861,-2.324000,-0.192438,-0.328978,-2.320418,-0.193663,True,,,,,,,,,-0.161991,0.280059,0.378524,0.000000,0.000000,0.000000,0.000000,0.000000,0.000000,0.000000,0.000000,0.000000,0.000000,0.000000,0.000000,LEADER
1786354851088574824,2026-08-10T16:40:51.088594,ground_truth,-0.330861,-2.324000,-0.196278,-0.329148,-2.322324,-0.193508,True,,,,,,,,,-0.161991,0.280059,0.378524,0.000000,0.000000,0.000000,0.000000,0.000000,0.000000,0.000000,0.000000,0.000000,0.000000,0.000000,0.000000,LEADER
1786354851124669999,2026-08-10T16:40:51.124712,ground_truth,-0.329580,-2.315000,-0.191693,-0.329148,-2.323665,-0.193508,True,,,,,,,,,-0.161991,0.280059,0.378524,0.000000,0.000000,0.000000,0.000000,0.000000,0.000000,0.000000,0.000000,0.000000,0.000000,0.000000,0.000000,LEADER
1786354851157917377,2026-08-10T16:40:51.157939,ground_truth,-0.333424,-2.342000,-0.193929,-0.329148,-2.324413,-0.193253,True,,,,,,,,,-0.161991,0.280059,0.378524,0.000000,0.000000,0.000000,0.000000,0.000000,0.000000,0.000000,0.000000,0.000000,0.000000,0.000000,0.000000,LEADER
1786354851193137538,2026-08-10T16:40:51.193157,ground_truth,-0.332143,-2.333000,-0.193184,-0.329237,-2.325043,-0.193198,True,,,,,,,,,-0.161991,0.280059,0.378524,0.000000,0.000000,0.000000,0.000000,0.000000,0.000000,0.000000,0.000000,0.000000,0.000000,0.000000,0.000000,LEADER
1786354851224990969,2026-08-10T16:40:51.225016,ground_truth,-0.329580,-2.315000,-0.191693,-0.329407,-2.326129,-0.193042,True,,,,,,,,,-0.161991,0.280059,0.378524,0.000000,0.000000,0.000000,0.000000,0.000000,0.000000,0.000000,0.000000,0.000000,0.000000,0.000000,0.000000,LEADER
1786354851257626587,2026-08-10T16:40:51.257663,ground_truth,-0.333424,-2.342000,-0.193929,-0.329407,-2.327306,-0.193042,True,,,,,,,,,-0.161991,0.280059,0.378524,0.000000,0.000000,0.000000,0.000000,0.000000,0.000000,0.000000,0.000000,0.000000,0.000000,0.000000,0.000000,LEADER
1786354851292192557,2026-08-10T16:40:51.292212,ground_truth,-0.332143,-2.333000,-0.193184,-0.329749,-2.328501,-0.193241,True,,,,,,,,,-0.161991,0.280059,0.378524,0.000000,0.000000,0.000000,0.000000,0.000000,0.000000,0.000000,0.000000,0.000000,0.000000,0.000000,0.000000,LEADER
1786354851322353150,2026-08-10T16:40:51.322377,ground_truth,-0.330861,-2.324000,-0.192438,-0.330006,-2.329700,-0.193241,True,,,,,,,,,-0.161991,0.280059,0.378524,0.000000,0.000000,0.000000,0.000000,0.000000,0.000000,0.000000,0.000000,0.000000,0.000000,0.000000,0.000000,LEADER
1786354851358309319,2026-08-10T16:40:51.358340,ground_truth,-0.330861,-2.324000,-0.192438,-0.330092,-2.329940,-0.193142,True,,,,,,,,,-0.161991,0.280059,0.378524,0.000000,0.000000,0.000000,0.000000,0.000000,0.000000,0.000000,0.000000,0.000000,0.000000,0.000000,0.000000,LEADER
1786354851389279050,2026-08-10T16:40:51.389315,ground_truth,-0.330861,-2.324000,-0.192438,-0.330348,-2.329508,-0.193142,True,,,,,,,,,-0.161991,0.280059,0.378524,0.000000,0.000000,0.000000,0.000000,0.000000,0.000000,0.000000,0.000000,0.000000,0.000000,0.000000,0.000000,LEADER
1786354851424749459,2026-08-10T16:40:51.424770,ground_truth,-0.333424,-2.342000,-0.193929,-0.330603,-2.329422,-0.193142,True,,,,,,,,,-0.161991,0.280059,0.378524,0.000000,0.000000,0.000000,0.000000,0.000000,0.000000,0.000000,0.000000,0.000000,0.000000,0.000000,0.000000,LEADER
1786354851455338111,2026-08-10T16:40:51.455351,ground_truth,-0.332143,-2.333000,-0.193184,-0.330861,-2.329404,-0.193142,True,,,,,,,,,-0.161991,0.280059,0.378524,0.000000,0.000000,0.000000,0.000000,0.000000,0.000000,0.000000,0.000000,0.000000,0.000000,0.000000,0.000000,LEADER
1786354851490998174,2026-08-10T16:40:51.491025,ground_truth,-0.330861,-2.324000,-0.192438,-0.331117,-2.329401,-0.193142,True,,,,,,,,,-0.161991,0.280059,0.378524,0.000000,0.000000,0.000000,0.000000,0.000000,0.000000,0.000000,0.000000,0.000000,0.000000,0.000000,0.000000,LEADER
1786354851524032695,2026-08-10T16:40:51.524055,ground_truth,-0.330861,-2.324000,-0.192438,-0.331288,-2.329400,-0.193092,True,,,,,,,,,-0.161991,0.280059,0.378524,0.000000,0.000000,0.000000,0.000000,0.000000,0.000000,0.000000,0.000000,0.000000,0.000000,0.000000,0.000000,LEADER
1786354851556187682,2026-08-10T16:40:51.556205,ground_truth,-0.329580,-2.315000,-0.191693,-0.331459,-2.328920,-0.193042,True,,,,,,,,,-0.161991,0.280059,0.378524,0.000000,0.000000,0.000000,0.000000,0.000000,0.000000,0.000000,0.000000,0.000000,0.000000,0.000000,0.000000,LEADER
1786354851589791261,2026-08-10T16:40:51.589812,ground_truth,-0.333424,-2.342000,-0.193929,-0.331374,-2.328344,-0.192993,True,,,,,,,,,-0.161991,0.280059,0.378524,0.000000,0.000000,0.000000,0.000000,0.000000,0.000000,0.000000,0.000000,0.000000,0.000000,0.000000,0.000000,LEADER
1786354851625792677,2026-08-10T16:40:51.625814,ground_truth,-0.328299,-2.306000,-0.190948,-0.331545,-2.328229,-0.192836,True,,,,,,,,,-0.161991,0.280059,0.378524,0.000000,0.000000,0.000000,0.000000,0.000000,0.000000,0.000000,0.000000,0.000000,0.000000,0.000000,0.000000,LEADER
1786354851656319711,2026-08-10T16:40:51.656358,ground_truth,-0.330861,-2.324000,-0.192438,-0.331459,-2.327726,-0.192786,True,,,,,,,,,-0.161991,0.280059,0.378524,0.000000,0.000000,0.000000,0.000000,0.000000,0.000000,0.000000,0.000000,0.000000,0.000000,0.000000,0.000000,LEADER
1786354851690340438,2026-08-10T16:40:51.690359,ground_truth,-0.330861,-2.324000,-0.192438,-0.331288,-2.327625,-0.192687,True,,,,,,,,,-0.161991,0.280059,0.378524,0.000000,0.000000,0.000000,0.000000,0.000000,0.000000,0.000000,0.000000,0.000000,0.000000,0.000000,0.000000,LEADER
1786354851723197409,2026-08-10T16:40:51.723222,ground_truth,-0.330861,-2.324000,-0.192438,-0.331203,-2.327125,-0.192637,True,,,,,,,,,-0.161991,0.280059,0.378524,0.000000,0.000000,0.000000,0.000000,0.000000,0.000000,0.000000,0.000000,0.000000,0.000000,0.000000,0.000000,LEADER
1786354851756899867,2026-08-10T16:40:51.756937,ground_truth,-0.327160,-2.298000,-0.190286,-0.331288,-2.326545,-0.192687,True,,,,,,,,,-0.161991,0.280059,0.378524,0.000000,0.000000,0.000000,0.000000,0.000000,0.000000,0.000000,0.000000,0.000000,0.000000,0.000000,0.000000,LEADER
1786354851789625086,2026-08-10T16:40:51.789642,ground_truth,-0.328299,-2.306000,-0.190948,-0.330871,-2.325949,-0.192444,True,,,,,,,,,-0.161991,0.280059,0.378524,0.000000,0.000000,0.000000,0.000000,0.000000,0.000000,0.000000,0.000000,0.000000,0.000000,0.000000,0.000000,LEADER
1786354851822898814,2026-08-10T16:40:51.822928,ground_truth,-0.328296,-2.333000,-0.193184,-0.330614,-2.324390,-0.192295,True,,,,,,,,,-0.161991,0.280059,0.378524,0.000000,0.000000,0.000000,0.000000,0.000000,0.000000,0.000000,0.000000,0.000000,0.000000,0.000000,0.000000,LEADER
1786354851856882880,2026-08-10T16:40:51.856938,ground_truth,-0.325763,-2.315000,-0.191693,-0.330443,-2.322638,-0.192345,True,,,,,,,,,-0.161991,0.280059,0.378524,0.000000,0.000000,0.000000,0.000000,0.000000,0.000000,0.000000,0.000000,0.000000,0.000000,0.000000,0.000000,LEADER
1786354851890156719,2026-08-10T16:40:51.890215,ground_truth,-0.325763,-2.315000,-0.191693,-0.330104,-2.321808,-0.192295,True,,,,,,,,,-0.161991,0.280059,0.378524,0.000000,0.000000,0.000000,0.000000,0.000000,0.000000,0.000000,0.000000,0.000000,0.000000,0.000000,0.000000,LEADER
1786354851922502121,2026-08-10T16:40:51.922515,ground_truth,-0.328296,-2.333000,-0.193184,-0.329764,-2.321162,-0.192245,True,,,,,,,,,-0.161991,0.280059,0.378524,0.000000,0.000000,0.000000,0.000000,0.000000,0.000000,0.000000,0.000000,0.000000,0.000000,0.000000,0.000000,LEADER
1786354851957289795,2026-08-10T16:40:51.957305,ground_truth,-0.325763,-2.315000,-0.191693,-0.329422,-2.320552,-0.192196,True,,,,,,,,,-0.161991,0.280059,0.378524,0.000000,0.000000,0.000000,0.000000,0.000000,0.000000,0.000000,0.000000,0.000000,0.000000,0.000000,0.000000,LEADER
1786354851991290824,2026-08-10T16:40:51.991317,ground_truth,-0.324496,-2.306000,-0.190948,-0.328996,-2.319471,-0.192096,True,,,,,,,,,-0.161991,0.280059,0.378524,0.000000,0.000000,0.000000,0.000000,0.000000,0.000000,0.000000,0.000000,0.000000,0.000000,0.000000,0.000000,LEADER
1786354852025787660,2026-08-10T16:40:52.025811,ground_truth,-0.327029,-2.324000,-0.192438,-0.328572,-2.318294,-0.191997,True,,,,,,,,,-0.161991,0.280059,0.378524,0.000000,0.000000,0.000000,0.000000,0.000000,0.000000,0.000000,0.000000,0.000000,0.000000,0.000000,0.000000,LEADER
1786354852058279802,2026-08-10T16:40:52.058310,ground_truth,-0.325763,-2.315000,-0.191693,-0.328317,-2.317579,-0.191997,True,,,,,,,,,-0.161991,0.280059,0.378524,0.000000,0.000000,0.000000,0.000000,0.000000,0.000000,0.000000,0.000000,0.000000,0.000000,0.000000,0.000000,LEADER
1786354852091594416,2026-08-10T16:40:52.091610,ground_truth,-0.325763,-2.315000,-0.191693,-0.328062,-2.316956,-0.191997,True,,,,,,,,,-0.161991,0.280059,0.378524,0.000000,0.000000,0.000000,0.000000,0.000000,0.000000,0.000000,0.000000,0.000000,0.000000,0.000000,0.000000,LEADER
1786354852126576790,2026-08-10T16:40:52.126615,ground_truth,-0.327029,-2.324000,-0.192438,-0.327551,-2.316351,-0.191848,True,,,,,,,,,-0.161991,0.280059,0.378524,0.000000,0.000000,0.000000,0.000000,0.000000,0.000000,0.000000,0.000000,0.000000,0.000000,0.000000,0.000000,LEADER
1786354852156779833,2026-08-10T16:40:52.156807,ground_truth,-0.328296,-2.333000,-0.193184,-0.327467,-2.316230,-0.191947,True,,,,,,,,,-0.161991,0.280059,0.378524,0.000000,0.000000,0.000000,0.000000,0.000000,0.000000,0.000000,0.000000,0.000000,0.000000,0.000000,0.000000,LEADER
1786354852190403729,2026-08-10T16:40:52.190438,ground_truth,-0.329562,-2.342000,-0.193929,-0.327296,-2.316206,-0.191997,True,,,,,,,,,-0.161991,0.280059,0.378524,0.000000,0.000000,0.000000,0.000000,0.000000,0.000000,0.000000,0.000000,0.000000,0.000000,0.000000,0.000000,LEADER
1786354852226571060,2026-08-10T16:40:52.226605,ground_truth,-0.332143,-2.333000,-0.193184,-0.327209,-2.316681,-0.192096,True,,,,,,,,,-0.161991,0.280059,0.378524,0.000000,0.000000,0.000000,0.000000,0.000000,0.000000,0.000000,0.000000,0.000000,0.000000,0.000000,0.000000,LEADER
1786354852258848781,2026-08-10T16:40:52.258875,ground_truth,-0.332143,-2.333000,-0.193184,-0.327295,-2.317256,-0.192146,True,,,,,,,,,-0.161991,0.280059,0.378524,0.000000,0.000000,0.000000,0.000000,0.000000,0.000000,0.000000,0.000000,0.000000,0.000000,0.000000,0.000000,LEADER
1786354852297370115,2026-08-10T16:40:52.297408,ground_truth,-0.329580,-2.315000,-0.195518,-0.327627,-2.317851,-0.192339,True,,,,,,,,,-0.161991,0.280059,0.378524,0.000000,0.000000,0.000000,0.000000,0.000000,0.000000,0.000000,0.000000,0.000000,0.000000,0.000000,0.000000,LEADER
1786354852324283494,2026-08-10T16:40:52.324309,ground_truth,-0.330861,-2.324000,-0.196278,-0.327712,-2.319410,-0.192644,True,,,,,,,,,-0.161991,0.280059,0.378524,0.000000,0.000000,0.000000,0.000000,0.000000,0.000000,0.000000,0.000000,0.000000,0.000000,0.000000,0.000000,LEADER
1786354852358640573,2026-08-10T16:40:52.358672,ground_truth,-0.332143,-2.333000,-0.197038,-0.327883,-2.320682,-0.192850,True,,,,,,,,,-0.161991,0.280059,0.378524,0.000000,0.000000,0.000000,0.000000,0.000000,0.000000,0.000000,0.000000,0.000000,0.000000,0.000000,0.000000,LEADER
1786354852393943771,2026-08-10T16:40:52.393978,ground_truth,-0.329580,-2.315000,-0.195518,-0.328309,-2.321417,-0.193206,True,,,,,,,,,-0.161991,0.280059,0.378524,0.000000,0.000000,0.000000,0.000000,0.000000,0.000000,0.000000,0.000000,0.000000,0.000000,0.000000,0.000000,LEADER
1786354852424453751,2026-08-10T16:40:52.424490,ground_truth,-0.327029,-2.324000,-0.196278,-0.328563,-2.322043,-0.193461,True,,,,,,,,,-0.161991,0.280059,0.378524,0.000000,0.000000,0.000000,0.000000,0.000000,0.000000,0.000000,0.000000,0.000000,0.000000,0.000000,0.000000,LEADER
1786354852461139904,2026-08-10T16:40:52.461174,ground_truth,-0.328296,-2.333000,-0.197038,-0.328479,-2.322649,-0.193668,True,,,,,,,,,-0.161991,0.280059,0.378524,0.000000,0.000000,0.000000,0.000000,0.000000,0.000000,0.000000,0.000000,0.000000,0.000000,0.000000,0.000000,LEADER
1786354852491953384,2026-08-10T16:40:52.491973,ground_truth,-0.328296,-2.333000,-0.197038,-0.328647,-2.323250,-0.194024,True,,,,,,,,,-0.161991,0.280059,0.378524,0.000000,0.000000,0.000000,0.000000,0.000000,0.000000,0.000000,0.000000,0.000000,0.000000,0.000000,0.000000,LEADER
1786354852524932717,2026-08-10T16:40:52.524974,ground_truth,-0.324496,-2.306000,-0.194758,-0.328901,-2.324330,-0.194430,True,,,,,,,,,-0.161991,0.280059,0.378524,0.000000,0.000000,0.000000,0.000000,0.000000,0.000000,0.000000,0.000000,0.000000,0.000000,0.000000,0.000000,LEADER
1786354852558882978,2026-08-10T16:40:52.558900,ground_truth,-0.328296,-2.333000,-0.197038,-0.328732,-2.325506,-0.194585,True,,,,,,,,,-0.161991,0.280059,0.378524,0.000000,0.000000,0.000000,0.000000,0.000000,0.000000,0.000000,0.000000,0.000000,0.000000,0.000000,0.000000,LEADER
1786354852590960826,2026-08-10T16:40:52.590999,ground_truth,-0.325763,-2.315000,-0.195518,-0.328901,-2.326701,-0.194941,True,,,,,,,,,-0.161991,0.280059,0.378524,0.000000,0.000000,0.000000,0.000000,0.000000,0.000000,0.000000,0.000000,0.000000,0.000000,0.000000,0.000000,LEADER
1786354852624027116,2026-08-10T16:40:52.624062,ground_truth,-0.325763,-2.315000,-0.195518,-0.328901,-2.326940,-0.195196,True,,,,,,,,,-0.161991,0.280059,0.378524,0.000000,0.000000,0.000000,0.000000,0.000000,0.000000,0.000000,0.000000,0.000000,0.000000,0.000000,0.000000,LEADER
1786354852658080613,2026-08-10T16:40:52.658110,ground_truth,-0.327160,-2.298000,-0.194082,-0.328816,-2.326988,-0.195401,True,,,,,,,,,-0.161991,0.280059,0.378524,0.000000,0.000000,0.000000,0.000000,0.000000,0.000000,0.000000,0.000000,0.000000,0.000000,0.000000,0.000000,LEADER
1786354852690773528,2026-08-10T16:40:52.690798,ground_truth,-0.329562,-2.342000,-0.197798,-0.328741,-2.326518,-0.195461,True,,,,,,,,,-0.161991,0.280059,0.378524,0.000000,0.000000,0.000000,0.000000,0.000000,0.000000,0.000000,0.000000,0.000000,0.000000,0.000000,0.000000,LEADER
1786354852724169488,2026-08-10T16:40:52.724200,ground_truth,-0.329562,-2.342000,-0.197798,-0.328741,-2.325464,-0.195719,True,,,,,,,,,-0.161991,0.280059,0.378524,0.000000,0.000000,0.000000,0.000000,0.000000,0.000000,0.000000,0.000000,0.000000,0.000000,0.000000,0.000000,LEADER
1786354852758845797,2026-08-10T16:40:52.758872,ground_truth,-0.323371,-2.298000,-0.194082,-0.328569,-2.325733,-0.196027,True,,,,,,,,,-0.161991,0.280059,0.378524,0.000000,0.000000,0.000000,0.000000,0.000000,0.000000,0.000000,0.000000,0.000000,0.000000,0.000000,0.000000,LEADER
1786354852790446854,2026-08-10T16:40:52.790461,ground_truth,-0.324496,-2.306000,-0.194758,-0.327984,-2.326267,-0.196086,True,,,,,,,,,-0.161991,0.280059,0.378524,0.000000,0.000000,0.000000,0.000000,0.000000,0.000000,0.000000,0.000000,0.000000,0.000000,0.000000,0.000000,LEADER
1786354852824990530,2026-08-10T16:40:52.825008,ground_truth,-0.328296,-2.333000,-0.197038,-0.327645,-2.324933,-0.196036,True,,,,,,,,,-0.161991,0.280059,0.378524,0.000000,0.000000,0.000000,0.000000,0.000000,0.000000,0.000000,0.000000,0.000000,0.000000,0.000000,0.000000,LEADER
1786354852859363659,2026-08-10T16:40:52.859396,ground_truth,-0.325763,-2.315000,-0.195518,-0.327474,-2.323707,-0.196086,True,,,,,,,,,-0.161991,0.280059,0.378524,0.000000,0.000000,0.000000,0.000000,0.000000,0.000000,0.000000,0.000000,0.000000,0.000000,0.000000,0.000000,LEADER
1786354852893839153,2026-08-10T16:40:52.893882,ground_truth,-0.329562,-2.342000,-0.197798,-0.327048,-2.322981,-0.195985,True,,,,,,,,,-0.161991,0.280059,0.378524,0.000000,0.000000,0.000000,0.000000,0.000000,0.000000,0.000000,0.000000,0.000000,0.000000,0.000000,0.000000,LEADER
1786354852926563398,2026-08-10T16:40:52.926579,ground_truth,-0.323371,-2.298000,-0.194082,-0.327047,-2.323316,-0.196137,True,,,,,,,,,-0.161991,0.280059,0.378524,0.000000,0.000000,0.000000,0.000000,0.000000,0.000000,0.000000,0.000000,0.000000,0.000000,0.000000,0.000000,LEADER
1786354852956747956,2026-08-10T16:40:52.956765,ground_truth,-0.324496,-2.306000,-0.194758,-0.326803,-2.322903,-0.195991,True,,,,,,,,,-0.161991,0.280059,0.378524,0.000000,0.000000,0.000000,0.000000,0.000000,0.000000,0.000000,0.000000,0.000000,0.000000,0.000000,0.000000,LEADER
1786354852990128817,2026-08-10T16:40:52.990148,ground_truth,-0.325763,-2.315000,-0.195518,-0.326550,-2.321861,-0.195839,True,,,,,,,,,-0.161991,0.280059,0.378524,0.000000,0.000000,0.000000,0.000000,0.000000,0.000000,0.000000,0.000000,0.000000,0.000000,0.000000,0.000000,LEADER
1786354853023719498,2026-08-10T16:40:53.023746,ground_truth,-0.325763,-2.315000,-0.195518,-0.326381,-2.320212,-0.195737,True,,,,,,,,,-0.161991,0.280059,0.378524,0.000000,0.000000,0.000000,0.000000,0.000000,0.000000,0.000000,0.000000,0.000000,0.000000,0.000000,0.000000,LEADER
1786354853058813423,2026-08-10T16:40:53.058850,ground_truth,-0.327029,-2.324000,-0.196278,-0.326466,-2.318922,-0.195788,True,,,,,,,,,-0.161991,0.280059,0.378524,0.000000,0.000000,0.000000,0.000000,0.000000,0.000000,0.000000,0.000000,0.000000,0.000000,0.000000,0.000000,LEADER
1786354853093469261,2026-08-10T16:40:53.093509,ground_truth,-0.323371,-2.298000,-0.194082,-0.326381,-2.317705,-0.195737,True,,,,,,,,,-0.161991,0.280059,0.378524,0.000000,0.000000,0.000000,0.000000,0.000000,0.000000,0.000000,0.000000,0.000000,0.000000,0.000000,0.000000,LEADER
1786354853124427797,2026-08-10T16:40:53.124467,ground_truth,-0.328299,-2.306000,-0.194758,-0.326222,-2.317461,-0.195642,True,,,,,,,,,-0.161991,0.280059,0.378524,0.000000,0.000000,0.000000,0.000000,0.000000,0.000000,0.000000,0.000000,0.000000,0.000000,0.000000,0.000000,LEADER
1786354853160371168,2026-08-10T16:40:53.160399,ground_truth,-0.329580,-2.315000,-0.195518,-0.326391,-2.316932,-0.195591,True,,,,,,,,,-0.161991,0.280059,0.378524,0.000000,0.000000,0.000000,0.000000,0.000000,0.000000,0.000000,0.000000,0.000000,0.000000,0.000000,0.000000,LEADER
1786354853192720193,2026-08-10T16:40:53.192743,ground_truth,-0.332143,-2.333000,-0.197038,-0.326552,-2.316346,-0.195687,True,,,,,,,,,-0.161991,0.280059,0.378524,0.000000,0.000000,0.000000,0.000000,0.000000,0.000000,0.000000,0.000000,0.000000,0.000000,0.000000,0.000000,LEADER
1786354853224948939,2026-08-10T16:40:53.224974,ground_truth,-0.329580,-2.315000,-0.195518,-0.326724,-2.316229,-0.195636,True,,,,,,,,,-0.161991,0.280059,0.378524,0.000000,0.000000,0.000000,0.000000,0.000000,0.000000,0.000000,0.000000,0.000000,0.000000,0.000000,0.000000,LEADER
1786354853259429412,2026-08-10T16:40:53.259452,ground_truth,-0.329580,-2.315000,-0.195518,-0.326725,-2.314766,-0.195484,True,,,,,,,,,-0.161991,0.280059,0.378524,0.000000,0.000000,0.000000,0.000000,0.000000,0.000000,0.000000,0.000000,0.000000,0.000000,0.000000,0.000000,LEADER
1786354853292091886,2026-08-10T16:40:53.292120,ground_truth,-0.327160,-2.298000,-0.194082,-0.327139,-2.313033,-0.195580,True,,,,,,,,,-0.161991,0.280059,0.378524,0.000000,0.000000,0.000000,0.000000,0.000000,0.000000,0.000000,0.000000,0.000000,0.000000,0.000000,0.000000,LEADER
1786354853325247234,2026-08-10T16:40:53.325296,ground_truth,-0.333424,-2.342000,-0.197798,-0.327317,-2.313167,-0.195535,True,,,,,,,,,-0.161991,0.280059,0.378524,0.000000,0.000000,0.000000,0.000000,0.000000,0.000000,0.000000,0.000000,0.000000,0.000000,0.000000,0.000000,LEADER
1786354853360950466,2026-08-10T16:40:53.360985,ground_truth,-0.328299,-2.306000,-0.194758,-0.327659,-2.313673,-0.195585,True,,,,,,,,,-0.161991,0.280059,0.378524,0.000000,0.000000,0.000000,0.000000,0.000000,0.000000,0.000000,0.000000,0.000000,0.000000,0.000000,0.000000,LEADER
1786354853393108065,2026-08-10T16:40:53.393131,ground_truth,-0.329580,-2.315000,-0.195518,-0.327828,-2.313295,-0.195535,True,,,,,,,,,-0.161991,0.280059,0.378524,0.000000,0.000000,0.000000,0.000000,0.000000,0.000000,0.000000,0.000000,0.000000,0.000000,0.000000,0.000000,LEADER
1786354853426057209,2026-08-10T16:40:53.426078,ground_truth,-0.330861,-2.324000,-0.196278,-0.327829,-2.312259,-0.195383,True,,,,,,,,,-0.161991,0.280059,0.378524,0.000000,0.000000,0.000000,0.000000,0.000000,0.000000,0.000000,0.000000,0.000000,0.000000,0.000000,0.000000,LEADER
1786354853459700300,2026-08-10T16:40:53.459729,ground_truth,-0.328299,-2.306000,-0.194758,-0.328328,-2.312052,-0.195529,True,,,,,,,,,-0.161991,0.280059,0.378524,0.000000,0.000000,0.000000,0.000000,0.000000,0.000000,0.000000,0.000000,0.000000,0.000000,0.000000,0.000000,LEADER
1786354853495522148,2026-08-10T16:40:53.495539,ground_truth,-0.333424,-2.342000,-0.197798,-0.328582,-2.312490,-0.195529,True,,,,,,,,,-0.161991,0.280059,0.378524,0.000000,0.000000,0.000000,0.000000,0.000000,0.000000,0.000000,0.000000,0.000000,0.000000,0.000000,0.000000,LEADER
1786354853528236272,2026-08-10T16:40:53.528249,ground_truth,-0.327160,-2.298000,-0.194082,-0.329093,-2.313538,-0.195681,True,,,,,,,,,-0.161991,0.280059,0.378524,0.000000,0.000000,0.000000,0.000000,0.000000,0.000000,0.000000,0.000000,0.000000,0.000000,0.000000,0.000000,LEADER
1786354853562571076,2026-08-10T16:40:53.562608,ground_truth,-0.330861,-2.324000,-0.196278,-0.329186,-2.313268,-0.195585,True,,,,,,,,,-0.161991,0.280059,0.378524,0.000000,0.000000,0.000000,0.000000,0.000000,0.000000,0.000000,0.000000,0.000000,0.000000,0.000000,0.000000,LEADER
1786354853593087746,2026-08-10T16:40:53.593100,ground_truth,-0.330861,-2.324000,-0.196278,-0.329441,-2.313694,-0.195585,True,,,,,,,,,-0.161991,0.280059,0.378524,0.000000,0.000000,0.000000,0.000000,0.000000,0.000000,0.000000,0.000000,0.000000,0.000000,0.000000,0.000000,LEADER
1786354853627027274,2026-08-10T16:40:53.627058,ground_truth,-0.332143,-2.333000,-0.197038,-0.329941,-2.314259,-0.195732,True,,,,,,,,,-0.161991,0.280059,0.378524,0.000000,0.000000,0.000000,0.000000,0.000000,0.000000,0.000000,0.000000,0.000000,0.000000,0.000000,0.000000,LEADER
1786354853662173600,2026-08-10T16:40:53.662190,ground_truth,-0.327160,-2.298000,-0.194082,-0.330197,-2.315332,-0.195884,True,,,,,,,,,-0.161991,0.280059,0.378524,0.000000,0.000000,0.000000,0.000000,0.000000,0.000000,0.000000,0.000000,0.000000,0.000000,0.000000,0.000000,LEADER
1786354853691945306,2026-08-10T16:40:53.691984,ground_truth,-0.332143,-2.333000,-0.197038,-0.330035,-2.316506,-0.195788,True,,,,,,,,,-0.161991,0.280059,0.378524,0.000000,0.000000,0.000000,0.000000,0.000000,0.000000,0.000000,0.000000,0.000000,0.000000,0.000000,0.000000,LEADER
1786354853726673462,2026-08-10T16:40:53.726698,ground_truth,-0.330861,-2.324000,-0.196278,-0.330035,-2.317701,-0.195788,True,,,,,,,,,-0.161991,0.280059,0.378524,0.000000,0.000000,0.000000,0.000000,0.000000,0.000000,0.000000,0.000000,0.000000,0.000000,0.000000,0.000000,LEADER
1786354853760945686,2026-08-10T16:40:53.760967,ground_truth,-0.333424,-2.342000,-0.197798,-0.330121,-2.318420,-0.195839,True,,,,,,,,,-0.161991,0.280059,0.378524,0.000000,0.000000,0.000000,0.000000,0.000000,0.000000,0.000000,0.000000,0.000000,0.000000,0.000000,0.000000,LEADER
1786354853793316073,2026-08-10T16:40:53.793331,ground_truth,-0.329580,-2.315000,-0.195518,-0.330377,-2.319524,-0.195991,True,,,,,,,,,-0.161991,0.280059,0.378524,0.000000,0.000000,0.000000,0.000000,0.000000,0.000000,0.000000,0.000000,0.000000,0.000000,0.000000,0.000000,LEADER
1786354853825267518,2026-08-10T16:40:53.825289,ground_truth,-0.330861,-2.324000,-0.200117,-0.330539,-2.320225,-0.196086,True,,,,,,,,,-0.161991,0.280059,0.378524,0.000000,0.000000,0.000000,0.000000,0.000000,0.000000,0.000000,0.000000,0.000000,0.000000,0.000000,0.000000,LEADER
1786354853858877055,2026-08-10T16:40:53.858891,ground_truth,-0.329580,-2.315000,-0.195518,-0.330368,-2.320845,-0.196241,True,,,,,,,,,-0.161991,0.280059,0.378524,0.000000,0.000000,0.000000,0.000000,0.000000,0.000000,0.000000,0.000000,0.000000,0.000000,0.000000,0.000000,LEADER
1786354853892097998,2026-08-10T16:40:53.892132,ground_truth,-0.328299,-2.306000,-0.194758,-0.330453,-2.321449,-0.196292,True,,,,,,,,,-0.161991,0.280059,0.378524,0.000000,0.000000,0.000000,0.000000,0.000000,0.000000,0.000000,0.000000,0.000000,0.000000,0.000000,0.000000,LEADER
1786354853926491063,2026-08-10T16:40:53.926524,ground_truth,-0.330861,-2.324000,-0.200117,-0.330368,-2.321570,-0.196241,True,,,,,,,,,-0.161991,0.280059,0.378524,0.000000,0.000000,0.000000,0.000000,0.000000,0.000000,0.000000,0.000000,0.000000,0.000000,0.000000,0.000000,LEADER
1786354853960143873,2026-08-10T16:40:53.960160,ground_truth,-0.329580,-2.315000,-0.199342,-0.330368,-2.321594,-0.196497,True,,,,,,,,,-0.161991,0.280059,0.378524,0.000000,0.000000,0.000000,0.000000,0.000000,0.000000,0.000000,0.000000,0.000000,0.000000,0.000000,0.000000,LEADER
1786354853991271772,2026-08-10T16:40:53.991290,ground_truth,-0.332143,-2.333000,-0.197038,-0.330453,-2.321599,-0.196803,True,,,,,,,,,-0.161991,0.280059,0.378524,0.000000,0.000000,0.000000,0.000000,0.000000,0.000000,0.000000,0.000000,0.000000,0.000000,0.000000,0.000000,LEADER
1786354854025907861,2026-08-10T16:40:54.025952,ground_truth,-0.330861,-2.324000,-0.196278,-0.330368,-2.321600,-0.196752,True,,,,,,,,,-0.161991,0.280059,0.378524,0.000000,0.000000,0.000000,0.000000,0.000000,0.000000,0.000000,0.000000,0.000000,0.000000,0.000000,0.000000,LEADER
1786354854058785296,2026-08-10T16:40:54.058825,ground_truth,-0.329580,-2.315000,-0.199342,-0.330614,-2.322560,-0.196898,True,,,,,,,,,-0.161991,0.280059,0.378524,0.000000,0.000000,0.000000,0.000000,0.000000,0.000000,0.000000,0.000000,0.000000,0.000000,0.000000,0.000000,LEADER
1786354854094618794,2026-08-10T16:40:54.094641,ground_truth,-0.330861,-2.324000,-0.200117,-0.330529,-2.322752,-0.197103,True,,,,,,,,,-0.161991,0.280059,0.378524,0.000000,0.000000,0.000000,0.000000,0.000000,0.000000,0.000000,0.000000,0.000000,0.000000,0.000000,0.000000,LEADER
1786354854124215063,2026-08-10T16:40:54.124230,ground_truth,-0.330861,-2.324000,-0.196278,-0.330529,-2.322791,-0.197359,True,,,,,,,,,-0.161991,0.280059,0.378524,0.000000,0.000000,0.000000,0.000000,0.000000,0.000000,0.000000,0.000000,0.000000,0.000000,0.000000,0.000000,LEADER
1786354854159899797,2026-08-10T16:40:54.159924,ground_truth,-0.332143,-2.333000,-0.200892,-0.330444,-2.322798,-0.197308,True,,,,,,,,,-0.161991,0.280059,0.378524,0.000000,0.000000,0.000000,0.000000,0.000000,0.000000,0.000000,0.000000,0.000000,0.000000,0.000000,0.000000,LEADER
1786354854193037589,2026-08-10T16:40:54.193085,ground_truth,-0.327160,-2.298000,-0.197878,-0.330776,-2.322800,-0.197762,True,,,,,,,,,-0.161991,0.280059,0.378524,0.000000,0.000000,0.000000,0.000000,0.000000,0.000000,0.000000,0.000000,0.000000,0.000000,0.000000,0.000000,LEADER
1786354854226075591,2026-08-10T16:40:54.226104,ground_truth,-0.329580,-2.315000,-0.199342,-0.330444,-2.322320,-0.197818,True,,,,,,,,,-0.161991,0.280059,0.378524,0.000000,0.000000,0.000000,0.000000,0.000000,0.000000,0.000000,0.000000,0.000000,0.000000,0.000000,0.000000,LEADER
1786354854261864724,2026-08-10T16:40:54.261879,ground_truth,-0.330861,-2.324000,-0.200117,-0.330358,-2.321744,-0.198022,True,,,,,,,,,-0.161991,0.280059,0.378524,0.000000,0.000000,0.000000,0.000000,0.000000,0.000000,0.000000,0.000000,0.000000,0.000000,0.000000,0.000000,LEADER
1786354854293420140,2026-08-10T16:40:54.293447,ground_truth,-0.328299,-2.306000,-0.198567,-0.330187,-2.320669,-0.198177,True,,,,,,,,,-0.161991,0.280059,0.378524,0.000000,0.000000,0.000000,0.000000,0.000000,0.000000,0.000000,0.000000,0.000000,0.000000,0.000000,0.000000,LEADER
1786354854327559749,2026-08-10T16:40:54.327613,ground_truth,-0.329580,-2.315000,-0.195518,-0.330102,-2.319974,-0.198380,True,,,,,,,,,-0.161991,0.280059,0.378524,0.000000,0.000000,0.000000,0.000000,0.000000,0.000000,0.000000,0.000000,0.000000,0.000000,0.000000,0.000000,LEADER
1786354854358259549,2026-08-10T16:40:54.358285,ground_truth,-0.327160,-2.298000,-0.194082,-0.330016,-2.319355,-0.198074,True,,,,,,,,,-0.161991,0.280059,0.378524,0.000000,0.000000,0.000000,0.000000,0.000000,0.000000,0.000000,0.000000,0.000000,0.000000,0.000000,0.000000,LEADER
1786354854395728185,2026-08-10T16:40:54.395747,ground_truth,-0.328299,-2.306000,-0.194758,-0.329855,-2.318751,-0.197978,True,,,,,,,,,-0.161991,0.280059,0.378524,0.000000,0.000000,0.000000,0.000000,0.000000,0.000000,0.000000,0.000000,0.000000,0.000000,0.000000,0.000000,LEADER
1786354854427614674,2026-08-10T16:40:54.427639,ground_truth,-0.329580,-2.315000,-0.195518,-0.329855,-2.318150,-0.197978,True,,,,,,,,,-0.161991,0.280059,0.378524,0.000000,0.000000,0.000000,0.000000,0.000000,0.000000,0.000000,0.000000,0.000000,0.000000,0.000000,0.000000,LEADER
1786354854459183194,2026-08-10T16:40:54.459213,ground_truth,-0.329580,-2.315000,-0.195518,-0.329770,-2.317550,-0.197671,True,,,,,,,,,-0.161991,0.280059,0.378524,0.000000,0.000000,0.000000,0.000000,0.000000,0.000000,0.000000,0.000000,0.000000,0.000000,0.000000,0.000000,LEADER
1786354854493634319,2026-08-10T16:40:54.493659,ground_truth,-0.329580,-2.315000,-0.195518,-0.329770,-2.317430,-0.197416,True,,,,,,,,,-0.161991,0.280059,0.378524,0.000000,0.000000,0.000000,0.000000,0.000000,0.000000,0.000000,0.000000,0.000000,0.000000,0.000000,0.000000,LEADER
1786354854525334412,2026-08-10T16:40:54.525368,ground_truth,-0.327160,-2.298000,-0.194082,-0.329599,-2.316926,-0.197315,True,,,,,,,,,-0.161991,0.280059,0.378524,0.000000,0.000000,0.000000,0.000000,0.000000,0.000000,0.000000,0.000000,0.000000,0.000000,0.000000,0.000000,LEADER
1786354854559552310,2026-08-10T16:40:54.559611,ground_truth,-0.333424,-2.342000,-0.197798,-0.329352,-2.316345,-0.197169,True,,,,,,,,,-0.161991,0.280059,0.378524,0.000000,0.000000,0.000000,0.000000,0.000000,0.000000,0.000000,0.000000,0.000000,0.000000,0.000000,0.000000,LEADER
1786354854594371829,2026-08-10T16:40:54.594389,ground_truth,-0.329580,-2.315000,-0.195518,-0.329608,-2.315749,-0.197066,True,,,,,,,,,-0.161991,0.280059,0.378524,0.000000,0.000000,0.000000,0.000000,0.000000,0.000000,0.000000,0.000000,0.000000,0.000000,0.000000,0.000000,LEADER
1786354854625547298,2026-08-10T16:40:54.625568,ground_truth,-0.330861,-2.324000,-0.196278,-0.329523,-2.315150,-0.196759,True,,,,,,,,,-0.161991,0.280059,0.378524,0.000000,0.000000,0.000000,0.000000,0.000000,0.000000,0.000000,0.000000,0.000000,0.000000,0.000000,0.000000,LEADER
1786354854661037630,2026-08-10T16:40:54.661051,ground_truth,-0.329580,-2.315000,-0.195518,-0.329523,-2.315030,-0.196759,True,,,,,,,,,-0.161991,0.280059,0.378524,0.000000,0.000000,0.000000,0.000000,0.000000,0.000000,0.000000,0.000000,0.000000,0.000000,0.000000,0.000000,LEADER
1786354854692131533,2026-08-10T16:40:54.692145,ground_truth,-0.328299,-2.306000,-0.194758,-0.329352,-2.314526,-0.196401,True,,,,,,,,,-0.161991,0.280059,0.378524,0.000000,0.000000,0.000000,0.000000,0.000000,0.000000,0.000000,0.000000,0.000000,0.000000,0.000000,0.000000,LEADER
1786354854727199988,2026-08-10T16:40:54.727212,ground_truth,-0.332143,-2.333000,-0.197038,-0.329428,-2.313945,-0.196193,True,,,,,,,,,-0.161991,0.280059,0.378524,0.000000,0.000000,0.000000,0.000000,0.000000,0.000000,0.000000,0.000000,0.000000,0.000000,0.000000,0.000000,LEADER
1786354854757953050,2026-08-10T16:40:54.757975,ground_truth,-0.328299,-2.306000,-0.194758,-0.329599,-2.313829,-0.196039,True,,,,,,,,,-0.161991,0.280059,0.378524,0.000000,0.000000,0.000000,0.000000,0.000000,0.000000,0.000000,0.000000,0.000000,0.000000,0.000000,0.000000,LEADER
1786354854794745302,2026-08-10T16:40:54.794757,ground_truth,-0.333424,-2.342000,-0.197798,-0.329428,-2.313326,-0.195682,True,,,,,,,,,-0.161991,0.280059,0.378524,0.000000,0.000000,0.000000,0.000000,0.000000,0.000000,0.000000,0.000000,0.000000,0.000000,0.000000,0.000000,LEADER
1786354854827818331,2026-08-10T16:40:54.827831,ground_truth,-0.330861,-2.324000,-0.196278,-0.329770,-2.314185,-0.195630,True,,,,,,,,,-0.161991,0.280059,0.378524,0.000000,0.000000,0.000000,0.000000,0.000000,0.000000,0.000000,0.000000,0.000000,0.000000,0.000000,0.000000,LEADER
1786354854860360003,2026-08-10T16:40:54.860399,ground_truth,-0.333424,-2.342000,-0.197798,-0.329855,-2.314837,-0.195681,True,,,,,,,,,-0.161991,0.280059,0.378524,0.000000,0.000000,0.000000,0.000000,0.000000,0.000000,0.000000,0.000000,0.000000,0.000000,0.000000,0.000000,LEADER
1786354854893669173,2026-08-10T16:40:54.893715,ground_truth,-0.329580,-2.315000,-0.195518,-0.330273,-2.316887,-0.195929,True,,,,,,,,,-0.161991,0.280059,0.378524,0.000000,0.000000,0.000000,0.000000,0.000000,0.000000,0.000000,0.000000,0.000000,0.000000,0.000000,0.000000,LEADER
1786354854926229220,2026-08-10T16:40:54.926243,ground_truth,-0.330861,-2.324000,-0.196278,-0.330358,-2.318258,-0.195979,True,,,,,,,,,-0.161991,0.280059,0.378524,0.000000,0.000000,0.000000,0.000000,0.000000,0.000000,0.000000,0.000000,0.000000,0.000000,0.000000,0.000000,LEADER
1786354854959824799,2026-08-10T16:40:54.959848,ground_truth,-0.330861,-2.324000,-0.196278,-0.330444,-2.319492,-0.196030,True,,,,,,,,,-0.161991,0.280059,0.378524,0.000000,0.000000,0.000000,0.000000,0.000000,0.000000,0.000000,0.000000,0.000000,0.000000,0.000000,0.000000,LEADER
1786354854993789452,2026-08-10T16:40:54.993880,ground_truth,-0.329580,-2.315000,-0.195518,-0.330529,-2.320218,-0.196081,True,,,,,,,,,-0.161991,0.280059,0.378524,0.000000,0.000000,0.000000,0.000000,0.000000,0.000000,0.000000,0.000000,0.000000,0.000000,0.000000,0.000000,LEADER
1786354855027112899,2026-08-10T16:40:55.027204,ground_truth,-0.329580,-2.315000,-0.195518,-0.330529,-2.320844,-0.196081,True,,,,,,,,,-0.161991,0.280059,0.378524,0.000000,0.000000,0.000000,0.000000,0.000000,0.000000,0.000000,0.000000,0.000000,0.000000,0.000000,0.000000,LEADER
1786354855059975052,2026-08-10T16:40:55.060022,ground_truth,-0.005113,-0.009000,-0.000760,-0.330690,-2.320969,-0.196177,True,,,,,,,,,-0.161991,0.280059,0.378524,0.000000,0.000000,0.000000,0.000000,0.000000,0.000000,0.000000,0.000000,0.000000,0.000000,0.000000,0.000000,LEADER
1786354855094122043,2026-08-10T16:40:55.094159,ground_truth,-0.001281,-0.009000,-0.000760,-0.330690,-2.320969,-0.196177,True,,,,,,,,,-0.161991,0.280059,0.378524,0.000000,0.000000,0.000000,0.000000,0.000000,0.000000,0.000000,0.000000,0.000000,0.000000,0.000000,0.000000,LEADER
1786354855131455618,2026-08-10T16:40:55.131491,ground_truth,-0.003817,-0.000000,-0.000000,-0.330690,-2.320969,-0.196177,True,,,,,,,,,-0.161991,0.280059,0.378524,0.000000,0.000000,0.000000,0.000000,0.000000,0.000000,0.000000,0.000000,0.000000,0.000000,0.000000,0.000000,LEADER
1786354855162263823,2026-08-10T16:40:55.162281,ground_truth,-0.005113,-0.009000,-0.000760,-0.330690,-2.320969,-0.196177,True,,,,,,,,,-0.161991,0.280059,0.378524,0.000000,0.000000,0.000000,0.000000,0.000000,0.000000,0.000000,0.000000,0.000000,0.000000,0.000000,0.000000,LEADER
1786354855194828899,2026-08-10T16:40:55.194845,ground_truth,-0.010256,-0.018000,-0.001520,-0.330690,-2.320969,-0.196177,True,,,,,,,,,-0.161991,0.280059,0.378524,0.000000,0.000000,0.000000,0.000000,0.000000,0.000000,0.000000,0.000000,0.000000,0.000000,0.000000,0.000000,LEADER
1786354855227777838,2026-08-10T16:40:55.227796,ground_truth,-0.008945,-0.009000,-0.000760,-0.309146,-2.320994,-0.183091,True,,,,,,,,,-0.161991,0.280059,0.378524,0.000000,0.000000,0.000000,0.000000,0.000000,0.000000,0.000000,0.000000,0.000000,0.000000,0.000000,0.000000,LEADER
1786354855260930377,2026-08-10T16:40:55.260948,ground_truth,-0.002682,0.034000,0.002872,-0.287770,-2.198492,-0.170108,True,,,,,,,,,-0.161991,0.280059,0.378524,0.000000,0.000000,0.000000,0.000000,0.000000,0.000000,0.000000,0.000000,0.000000,0.000000,0.000000,0.000000,LEADER
1786354855293984307,2026-08-10T16:40:55.294012,ground_truth,-0.011567,-0.027000,-0.006149,-0.265892,-2.050525,-0.156831,True,,,,,,,,,-0.161991,0.280059,0.378524,0.000000,0.000000,0.000000,0.000000,0.000000,0.000000,0.000000,0.000000,0.000000,0.000000,0.000000,0.000000,LEADER
1786354855329265337,2026-08-10T16:40:55.329278,ground_truth,-0.006323,0.009000,-0.003050,-0.244691,-1.897945,-0.144206,True,,,,,,,,,-0.161991,0.280059,0.378524,0.000000,0.000000,0.000000,0.000000,0.000000,0.000000,0.000000,0.000000,0.000000,0.000000,0.000000,0.000000,LEADER
1786354855362083767,2026-08-10T16:40:55.362096,ground_truth,-0.011567,-0.027000,-0.006149,-0.223226,-1.743482,-0.131426,True,,,,,,,,,-0.161991,0.280059,0.378524,0.000000,0.000000,0.000000,0.000000,0.000000,0.000000,0.000000,0.000000,0.000000,0.000000,0.000000,0.000000,LEADER
1786354855395820824,2026-08-10T16:40:55.395837,ground_truth,-0.013928,0.009000,-0.003050,-0.201854,-1.590563,-0.118700,True,,,,,,,,,-0.161991,0.280059,0.378524,0.000000,0.000000,0.000000,0.000000,0.000000,0.000000,0.000000,0.000000,0.000000,0.000000,0.000000,0.000000,LEADER
1786354855428838495,2026-08-10T16:40:55.428855,ground_truth,-0.017950,-0.018000,-0.005375,-0.180896,-1.436513,-0.105919,True,,,,,,,,,-0.161991,0.280059,0.378524,0.000000,0.000000,0.000000,0.000000,0.000000,0.000000,0.000000,0.000000,0.000000,0.000000,0.000000,0.000000,LEADER
1786354855461808324,2026-08-10T16:40:55.461824,ground_truth,-0.019086,-0.000000,-0.007649,-0.159864,-1.282236,-0.093091,True,,,,,,,,,-0.161991,0.280059,0.378524,0.000000,0.000000,0.000000,0.000000,0.000000,0.000000,0.000000,0.000000,0.000000,0.000000,0.000000,0.000000,LEADER
1786354855494243360,2026-08-10T16:40:55.494283,ground_truth,-0.017730,0.009000,-0.006859,-0.139079,-1.127434,-0.080516,True,,,,,,,,,-0.161991,0.280059,0.378524,0.000000,0.000000,0.000000,0.000000,0.000000,0.000000,0.000000,0.000000,0.000000,0.000000,0.000000,0.000000,LEADER
1786354855526665252,2026-08-10T16:40:55.526717,ground_truth,-0.019086,-0.000000,-0.007649,-0.118033,-0.971567,-0.067787,True,,,,,,,,,-0.161991,0.280059,0.378524,0.000000,0.000000,0.000000,0.000000,0.000000,0.000000,0.000000,0.000000,0.000000,0.000000,0.000000,0.000000,LEADER
1786354855563048290,2026-08-10T16:40:55.563064,ground_truth,-0.019086,-0.000000,-0.007649,-0.097334,-0.816447,-0.055262,True,,,,,,,,,-0.161991,0.280059,0.378524,0.000000,0.000000,0.000000,0.000000,0.000000,0.000000,0.000000,0.000000,0.000000,0.000000,0.000000,0.000000,LEADER
1786354855596907119,2026-08-10T16:40:55.596925,ground_truth,-0.024274,-0.009000,-0.008439,-0.076549,-0.661476,-0.042687,True,,,,,,,,,-0.161991,0.280059,0.378524,0.000000,0.000000,0.000000,0.000000,0.000000,0.000000,0.000000,0.000000,0.000000,0.000000,0.000000,0.000000,LEADER
1786354855628333246,2026-08-10T16:40:55.628349,ground_truth,-0.024274,-0.009000,-0.008439,-0.056109,-0.506535,-0.030164,True,,,,,,,,,-0.161991,0.280059,0.378524,0.000000,0.000000,0.000000,0.000000,0.000000,0.000000,0.000000,0.000000,0.000000,0.000000,0.000000,0.000000,LEADER
1786354855661277516,2026-08-10T16:40:55.661289,ground_truth,-0.022903,-0.000000,-0.007649,-0.035756,-0.352080,-0.017692,True,,,,,,,,,-0.161991,0.280059,0.378524,0.000000,0.000000,0.000000,0.000000,0.000000,0.000000,0.000000,0.000000,0.000000,0.000000,0.000000,0.000000,LEADER
1786354855692099277,2026-08-10T16:40:55.692131,ground_truth,-0.027014,-0.027000,-0.010019,-0.015311,-0.198203,-0.005168,True,,,,,,,,,-0.161991,0.280059,0.378524,0.000000,0.000000,0.000000,0.000000,0.000000,0.000000,0.000000,0.000000,0.000000,0.000000,0.000000,0.000000,LEADER
1786354855726237722,2026-08-10T16:40:55.726276,ground_truth,-0.022903,-0.000000,-0.007649,-0.016428,-0.044441,-0.005734,True,,,,,,,,,-0.161991,0.280059,0.378524,0.000000,0.000000,0.000000,0.000000,0.000000,0.000000,0.000000,0.000000,0.000000,0.000000,0.000000,0.000000,LEADER
1786354855758721111,2026-08-10T16:40:55.758762,ground_truth,-0.025644,-0.018000,-0.009229,-0.017358,-0.012728,-0.006193,True,,,,,,,,,-0.161991,0.280059,0.378524,0.000000,0.000000,0.000000,0.000000,0.000000,0.000000,0.000000,0.000000,0.000000,0.000000,0.000000,0.000000,LEADER
1786354855791082005,2026-08-10T16:40:55.791097,ground_truth,-0.020315,0.017000,-0.006157,-0.018889,-0.006866,-0.007000,True,,,,,,,,,-0.161991,0.280059,0.378524,0.000000,0.000000,0.000000,0.000000,0.000000,0.000000,0.000000,0.000000,0.000000,0.000000,0.000000,0.000000,LEADER
1786354855828473081,2026-08-10T16:40:55.828551,ground_truth,-0.021533,0.009000,-0.006859,-0.019472,-0.005213,-0.007001,True,,,,,,,,,-0.161991,0.280059,0.378524,0.000000,0.000000,0.000000,0.000000,0.000000,0.000000,0.000000,0.000000,0.000000,0.000000,0.000000,0.000000,LEADER
1786354855860345792,2026-08-10T16:40:55.860402,ground_truth,-0.022903,-0.000000,-0.007649,-0.020486,-0.004883,-0.007255,True,,,,,,,,,-0.161991,0.280059,0.378524,0.000000,0.000000,0.000000,0.000000,0.000000,0.000000,0.000000,0.000000,0.000000,0.000000,0.000000,0.000000,LEADER
1786354855894053443,2026-08-10T16:40:55.894077,ground_truth,-0.021797,-0.018000,-0.009229,-0.021242,-0.002897,-0.007355,True,,,,,,,,,-0.161991,0.280059,0.378524,0.000000,0.000000,0.000000,0.000000,0.000000,0.000000,0.000000,0.000000,0.000000,0.000000,0.000000,0.000000,LEADER
1786354855928092577,2026-08-10T16:40:55.928112,ground_truth,-0.020442,-0.009000,-0.008439,-0.021767,-0.002979,-0.007767,True,,,,,,,,,-0.161991,0.280059,0.378524,0.000000,0.000000,0.000000,0.000000,0.000000,0.000000,0.000000,0.000000,0.000000,0.000000,0.000000,0.000000,LEADER
1786354855960633767,2026-08-10T16:40:55.960658,ground_truth,-0.016526,0.017000,-0.006157,-0.021933,-0.002516,-0.007971,True,,,,,,,,,-0.161991,0.280059,0.378524,0.000000,0.000000,0.000000,0.000000,0.000000,0.000000,0.000000,0.000000,0.000000,0.000000,0.000000,0.000000,LEADER
1786354855995327934,2026-08-10T16:40:55.995344,ground_truth,-0.020442,-0.009000,-0.008439,-0.021762,-0.002903,-0.007871,True,,,,,,,,,-0.161991,0.280059,0.378524,0.000000,0.000000,0.000000,0.000000,0.000000,0.000000,0.000000,0.000000,0.000000,0.000000,0.000000,0.000000,LEADER
1786354856027242584,2026-08-10T16:40:56.027257,ground_truth,-0.011396,0.026000,-0.005367,-0.021943,-0.003461,-0.007977,True,,,,,,,,,-0.161991,0.280059,0.378524,0.000000,0.000000,0.000000,0.000000,0.000000,0.000000,0.000000,0.000000,0.000000,0.000000,0.000000,0.000000,LEADER
1786354856061464546,2026-08-10T16:40:56.061489,ground_truth,-0.012736,0.017000,-0.006157,-0.021430,-0.002665,-0.007825,True,,,,,,,,,-0.161991,0.280059,0.378524,0.000000,0.000000,0.000000,0.000000,0.000000,0.000000,0.000000,0.000000,0.000000,0.000000,0.000000,0.000000,LEADER
1786354856097838504,2026-08-10T16:40:56.097866,ground_truth,-0.016609,-0.009000,-0.008439,-0.021007,-0.001600,-0.007725,True,,,,,,,,,-0.161991,0.280059,0.378524,0.000000,0.000000,0.000000,0.000000,0.000000,0.000000,0.000000,0.000000,0.000000,0.000000,0.000000,0.000000,LEADER
1786354856127546203,2026-08-10T16:40:56.127563,ground_truth,-0.012736,0.017000,-0.006157,-0.020496,-0.000480,-0.007725,True,,,,,,,,,-0.161991,0.280059,0.378524,0.000000,0.000000,0.000000,0.000000,0.000000,0.000000,0.000000,0.000000,0.000000,0.000000,0.000000,0.000000,LEADER
1786354856164461196,2026-08-10T16:40:56.164478,ground_truth,-0.012736,0.017000,-0.006157,-0.019727,0.001131,-0.007573,True,,,,,,,,,-0.161991,0.280059,0.378524,0.000000,0.000000,0.000000,0.000000,0.000000,0.000000,0.000000,0.000000,0.000000,0.000000,0.000000,0.000000,LEADER
1786354856192814624,2026-08-10T16:40:56.192838,ground_truth,-0.013928,0.009000,-0.006859,-0.019049,0.002839,-0.007474,True,,,,,,,,,-0.161991,0.280059,0.378524,0.000000,0.000000,0.000000,0.000000,0.000000,0.000000,0.000000,0.000000,0.000000,0.000000,0.000000,0.000000,LEADER
1786354856227202664,2026-08-10T16:40:56.227257,ground_truth,-0.016609,-0.009000,-0.008439,-0.018176,0.004568,-0.007263,True,,,,,,,,,-0.161991,0.280059,0.378524,0.000000,0.000000,0.000000,0.000000,0.000000,0.000000,0.000000,0.000000,0.000000,0.000000,0.000000,0.000000,LEADER
1786354856262321021,2026-08-10T16:40:56.262336,ground_truth,-0.015269,-0.000000,-0.007649,-0.017757,0.005394,-0.007316,True,,,,,,,,,-0.161991,0.280059,0.378524,0.000000,0.000000,0.000000,0.000000,0.000000,0.000000,0.000000,0.000000,0.000000,0.000000,0.000000,0.000000,LEADER
1786354856298101224,2026-08-10T16:40:56.298152,ground_truth,-0.013928,0.009000,-0.006859,-0.017065,0.006519,-0.007210,True,,,,,,,,,-0.161991,0.280059,0.378524,0.000000,0.000000,0.000000,0.000000,0.000000,0.000000,0.000000,0.000000,0.000000,0.000000,0.000000,0.000000,LEADER
1786354856328202866,2026-08-10T16:40:56.328217,ground_truth,-0.012736,0.017000,-0.006157,-0.016639,0.006744,-0.007257,True,,,,,,,,,-0.161991,0.280059,0.378524,0.000000,0.000000,0.000000,0.000000,0.000000,0.000000,0.000000,0.000000,0.000000,0.000000,0.000000,0.000000,LEADER
1786354856362644598,2026-08-10T16:40:56.362661,ground_truth,-0.020631,-0.036000,-0.010808,-0.016053,0.006789,-0.007210,True,,,,,,,,,-0.161991,0.280059,0.378524,0.000000,0.000000,0.000000,0.000000,0.000000,0.000000,0.000000,0.000000,0.000000,0.000000,0.000000,0.000000,LEADER
1786354856398104859,2026-08-10T16:40:56.398127,ground_truth,-0.011452,-0.000000,-0.007649,-0.015901,0.006798,-0.007421,True,,,,,,,,,-0.161991,0.280059,0.378524,0.000000,0.000000,0.000000,0.000000,0.000000,0.000000,0.000000,0.000000,0.000000,0.000000,0.000000,0.000000,LEADER
1786354856430029688,2026-08-10T16:40:56.430047,ground_truth,-0.005113,-0.009000,-0.008439,-0.015212,0.006800,-0.007316,True,,,,,,,,,-0.161991,0.280059,0.378524,0.000000,0.000000,0.000000,0.000000,0.000000,0.000000,0.000000,0.000000,0.000000,0.000000,0.000000,0.000000,LEADER
1786354856460881915,2026-08-10T16:40:56.460902,ground_truth,-0.003817,-0.000000,-0.003825,-0.014190,0.006800,-0.007316,True,,,,,,,,,-0.161991,0.280059,0.378524,0.000000,0.000000,0.000000,0.000000,0.000000,0.000000,0.000000,0.000000,0.000000,0.000000,0.000000,0.000000,LEADER
1786354856494388980,2026-08-10T16:40:56.494409,ground_truth,-0.001281,-0.009000,-0.004600,-0.013343,0.007280,-0.007160,True,,,,,,,,,-0.161991,0.280059,0.378524,0.000000,0.000000,0.000000,0.000000,0.000000,0.000000,0.000000,0.000000,0.000000,0.000000,0.000000,0.000000,LEADER
1786354856526279894,2026-08-10T16:40:56.526295,ground_truth,0.001281,0.009000,-0.003050,-0.012065,0.007376,-0.006904,True,,,,,,,,,-0.161991,0.280059,0.378524,0.000000,0.000000,0.000000,0.000000,0.000000,0.000000,0.000000,0.000000,0.000000,0.000000,0.000000,0.000000,LEADER
1786354856559452340,2026-08-10T16:40:56.559482,ground_truth,-0.001281,-0.009000,-0.004600,-0.011220,0.006489,-0.006750,True,,,,,,,,,-0.161991,0.280059,0.378524,0.000000,0.000000,0.000000,0.000000,0.000000,0.000000,0.000000,0.000000,0.000000,0.000000,0.000000,0.000000,LEADER
1786354856594548965,2026-08-10T16:40:56.594564,ground_truth,-0.002563,-0.018000,-0.005375,-0.010457,0.004924,-0.006646,True,,,,,,,,,-0.161991,0.280059,0.378524,0.000000,0.000000,0.000000,0.000000,0.000000,0.000000,0.000000,0.000000,0.000000,0.000000,0.000000,0.000000,LEADER
1786354856628843776,2026-08-10T16:40:56.628858,ground_truth,-0.002563,-0.018000,-0.005375,-0.009520,0.003225,-0.006441,True,,,,,,,,,-0.161991,0.280059,0.378524,0.000000,0.000000,0.000000,0.000000,0.000000,0.000000,0.000000,0.000000,0.000000,0.000000,0.000000,0.000000,LEADER
1786354856661146508,2026-08-10T16:40:56.661167,ground_truth,-0.001281,-0.009000,-0.004600,-0.008842,0.001018,-0.006389,True,,,,,,,,,-0.161991,0.280059,0.378524,0.000000,0.000000,0.000000,0.000000,0.000000,0.000000,0.000000,0.000000,0.000000,0.000000,0.000000,0.000000,LEADER
1786354856695450117,2026-08-10T16:40:56.695466,ground_truth,0.001281,0.009000,-0.003050,-0.008078,-0.001290,-0.006285,True,,,,,,,,,-0.161991,0.280059,0.378524,0.000000,0.000000,0.000000,0.000000,0.000000,0.000000,0.000000,0.000000,0.000000,0.000000,0.000000,0.000000,LEADER
1786354856727138584,2026-08-10T16:40:56.727159,ground_truth,0.000000,-0.000000,-0.003825,-0.007064,-0.003138,-0.006031,True,,,,,,,,,-0.161991,0.280059,0.378524,0.000000,0.000000,0.000000,0.000000,0.000000,0.000000,0.000000,0.000000,0.000000,0.000000,0.000000,0.000000,LEADER
1786354856762049584,2026-08-10T16:40:56.762065,ground_truth,-0.001281,-0.009000,-0.000760,-0.005957,-0.003988,-0.005724,True,,,,,,,,,-0.161991,0.280059,0.378524,0.000000,0.000000,0.000000,0.000000,0.000000,0.000000,0.000000,0.000000,0.000000,0.000000,0.000000,0.000000,LEADER
1786354856794491942,2026-08-10T16:40:56.794530,ground_truth,-0.001281,-0.009000,-0.000760,-0.005024,-0.004158,-0.005265,True,,,,,,,,,-0.161991,0.280059,0.378524,0.000000,0.000000,0.000000,0.000000,0.000000,0.000000,0.000000,0.000000,0.000000,0.000000,0.000000,0.000000,LEADER
1786354856828437366,2026-08-10T16:40:56.828459,ground_truth,0.000000,-0.000000,-0.000000,-0.004181,-0.004672,-0.004858,True,,,,,,,,,-0.161991,0.280059,0.378524,0.000000,0.000000,0.000000,0.000000,0.000000,0.000000,0.000000,0.000000,0.000000,0.000000,0.000000,0.000000,LEADER
1786354856861838017,2026-08-10T16:40:56.861852,ground_truth,-0.002521,0.009000,0.000760,-0.003332,-0.005734,-0.004448,True,,,,,,,,,-0.161991,0.280059,0.378524,0.000000,0.000000,0.000000,0.000000,0.000000,0.000000,0.000000,0.000000,0.000000,0.000000,0.000000,0.000000,LEADER
1786354856896670728,2026-08-10T16:40:56.896686,ground_truth,-0.006410,-0.018000,-0.001520,-0.002125,-0.006427,-0.003676,True,,,,,,,,,-0.161991,0.280059,0.378524,0.000000,0.000000,0.000000,0.000000,0.000000,0.000000,0.000000,0.000000,0.000000,0.000000,0.000000,0.000000,LEADER
1786354856927341157,2026-08-10T16:40:56.927363,ground_truth,-0.003817,-0.000000,-0.000000,-0.001789,-0.006565,-0.003268,True,,,,,,,,,-0.161991,0.280059,0.378524,0.000000,0.000000,0.000000,0.000000,0.000000,0.000000,0.000000,0.000000,0.000000,0.000000,0.000000,0.000000,LEADER
1786354856960794159,2026-08-10T16:40:56.960808,ground_truth,-0.003817,-0.000000,-0.000000,-0.001702,-0.006113,-0.002705,True,,,,,,,,,-0.161991,0.280059,0.378524,0.000000,0.000000,0.000000,0.000000,0.000000,0.000000,0.000000,0.000000,0.000000,0.000000,0.000000,0.000000,LEADER
1786354856994203868,2026-08-10T16:40:56.994216,ground_truth,-0.006410,-0.018000,-0.001520,-0.001702,-0.006023,-0.002450,True,,,,,,,,,-0.161991,0.280059,0.378524,0.000000,0.000000,0.000000,0.000000,0.000000,0.000000,0.000000,0.000000,0.000000,0.000000,0.000000,0.000000,LEADER
1786354857027516440,2026-08-10T16:40:57.027535,ground_truth,-0.007706,-0.027000,-0.002280,-0.002044,-0.005525,-0.002245,True,,,,,,,,,-0.161991,0.280059,0.378524,0.000000,0.000000,0.000000,0.000000,0.000000,0.000000,0.000000,0.000000,0.000000,0.000000,0.000000,0.000000,LEADER
1786354857061468013,2026-08-10T16:40:57.061484,ground_truth,-0.005113,-0.009000,0.003079,-0.002643,-0.006385,-0.002194,True,,,,,,,,,-0.161991,0.280059,0.378524,0.000000,0.000000,0.000000,0.000000,0.000000,0.000000,0.000000,0.000000,0.000000,0.000000,0.000000,0.000000,LEADER
1786354857095850651,2026-08-10T16:40:57.095870,ground_truth,-0.008945,-0.009000,0.003079,-0.002899,-0.007037,-0.001682,True,,,,,,,,,-0.161991,0.280059,0.378524,0.000000,0.000000,0.000000,0.000000,0.000000,0.000000,0.000000,0.000000,0.000000,0.000000,0.000000,0.000000,LEADER
1786354857128254093,2026-08-10T16:40:57.128266,ground_truth,-0.011567,-0.027000,0.001589,-0.003324,-0.007167,-0.001118,True,,,,,,,,,-0.161991,0.280059,0.378524,0.000000,0.000000,0.000000,0.000000,0.000000,0.000000,0.000000,0.000000,0.000000,0.000000,0.000000,0.000000,LEADER
1786354857161082378,2026-08-10T16:40:57.161097,ground_truth,-0.010256,-0.018000,0.002334,-0.003925,-0.006714,-0.000654,True,,,,,,,,,-0.161991,0.280059,0.378524,0.000000,0.000000,0.000000,0.000000,0.000000,0.000000,0.000000,0.000000,0.000000,0.000000,0.000000,0.000000,LEADER
1786354857194436399,2026-08-10T16:40:57.194458,ground_truth,-0.012777,-0.009000,0.006919,-0.004523,-0.006623,-0.000192,True,,,,,,,,,-0.161991,0.280059,0.378524,0.000000,0.000000,0.000000,0.000000,0.000000,0.000000,0.000000,0.000000,0.000000,0.000000,0.000000,0.000000,LEADER
1786354857228223127,2026-08-10T16:40:57.228238,ground_truth,-0.019291,-0.027000,0.005458,-0.005460,-0.007085,0.000473,True,,,,,,,,,-0.161991,0.280059,0.378524,0.000000,0.000000,0.000000,0.000000,0.000000,0.000000,0.000000,0.000000,0.000000,0.000000,0.000000,0.000000,LEADER
1786354857261812888,2026-08-10T16:40:57.261829,ground_truth,-0.019291,-0.027000,0.005458,-0.006746,-0.008137,0.001092,True,,,,,,,,,-0.161991,0.280059,0.378524,0.000000,0.000000,0.000000,0.000000,0.000000,0.000000,0.000000,0.000000,0.000000,0.000000,0.000000,0.000000,LEADER
1786354857294398389,2026-08-10T16:40:57.294432,ground_truth,-0.017950,-0.018000,0.006188,-0.007947,-0.009787,0.001506,True,,,,,,,,,-0.161991,0.280059,0.378524,0.000000,0.000000,0.000000,0.000000,0.000000,0.000000,0.000000,0.000000,0.000000,0.000000,0.000000,0.000000,LEADER
1786354857327365169,2026-08-10T16:40:57.327381,ground_truth,-0.019086,-0.000000,0.007649,-0.009058,-0.011078,0.001970,True,,,,,,,,,-0.161991,0.280059,0.378524,0.000000,0.000000,0.000000,0.000000,0.000000,0.000000,0.000000,0.000000,0.000000,0.000000,0.000000,0.000000,LEADER
1786354857362395095,2026-08-10T16:40:57.362410,ground_truth,-0.024274,-0.009000,0.006919,-0.010331,-0.011816,0.002480,True,,,,,,,,,-0.161991,0.280059,0.378524,0.000000,0.000000,0.000000,0.000000,0.000000,0.000000,0.000000,0.000000,0.000000,0.000000,0.000000,0.000000,LEADER
1786354857395479269,2026-08-10T16:40:57.395495,ground_truth,-0.024274,-0.009000,0.010758,-0.011781,-0.012443,0.002890,True,,,,,,,,,-0.161991,0.280059,0.378524,0.000000,0.000000,0.000000,0.000000,0.000000,0.000000,0.000000,0.000000,0.000000,0.000000,0.000000,0.000000,LEADER
1786354857428326080,2026-08-10T16:40:57.428347,ground_truth,-0.025644,-0.018000,0.010043,-0.012972,-0.013049,0.003709,True,,,,,,,,,-0.161991,0.280059,0.378524,0.000000,0.000000,0.000000,0.000000,0.000000,0.000000,0.000000,0.000000,0.000000,0.000000,0.000000,0.000000,LEADER
1786354857461695860,2026-08-10T16:40:57.461709,ground_truth,-0.028385,-0.036000,0.008612,-0.014427,-0.013650,0.004378,True,,,,,,,,,-0.161991,0.280059,0.378524,0.000000,0.000000,0.000000,0.000000,0.000000,0.000000,0.000000,0.000000,0.000000,0.000000,0.000000,0.000000,LEADER
1786354857497993270,2026-08-10T16:40:57.498030,ground_truth,-0.025644,-0.018000,0.010043,-0.016065,-0.014730,0.004952,True,,,,,,,,,-0.161991,0.280059,0.378524,0.000000,0.000000,0.000000,0.000000,0.000000,0.000000,0.000000,0.000000,0.000000,0.000000,0.000000,0.000000,LEADER
1786354857529334281,2026-08-10T16:40:57.529349,ground_truth,-0.025644,-0.018000,0.010043,-0.017347,-0.015906,0.005723,True,,,,,,,,,-0.161991,0.280059,0.378524,0.000000,0.000000,0.000000,0.000000,0.000000,0.000000,0.000000,0.000000,0.000000,0.000000,0.000000,0.000000,LEADER
1786354857561532781,2026-08-10T16:40:57.561545,ground_truth,-0.025644,-0.018000,0.010043,-0.018543,-0.016141,0.006545,True,,,,,,,,,-0.161991,0.280059,0.378524,0.000000,0.000000,0.000000,0.000000,0.000000,0.000000,0.000000,0.000000,0.000000,0.000000,0.000000,0.000000,LEADER
1786354857594358331,2026-08-10T16:40:57.594376,ground_truth,-0.030876,-0.027000,0.009327,-0.019911,-0.016188,0.007009,True,,,,,,,,,-0.161991,0.280059,0.378524,0.000000,0.000000,0.000000,0.000000,0.000000,0.000000,0.000000,0.000000,0.000000,0.000000,0.000000,0.000000,LEADER
1786354857627621087,2026-08-10T16:40:57.627632,ground_truth,-0.030876,-0.027000,0.009327,-0.021373,-0.016678,0.007425,True,,,,,,,,,-0.161991,0.280059,0.378524,0.000000,0.000000,0.000000,0.000000,0.000000,0.000000,0.000000,0.000000,0.000000,0.000000,0.000000,0.000000,LEADER
1786354857661566969,2026-08-10T16:40:57.661615,ground_truth,-0.029491,-0.018000,0.010043,-0.022661,-0.017736,0.007941,True,,,,,,,,,-0.161991,0.280059,0.378524,0.000000,0.000000,0.000000,0.000000,0.000000,0.000000,0.000000,0.000000,0.000000,0.000000,0.000000,0.000000,LEADER
1786354857698440421,2026-08-10T16:40:57.698467,ground_truth,-0.030876,-0.027000,0.009327,-0.023943,-0.018427,0.008455,True,,,,,,,,,-0.161991,0.280059,0.378524,0.000000,0.000000,0.000000,0.000000,0.000000,0.000000,0.000000,0.000000,0.000000,0.000000,0.000000,0.000000,LEADER
1786354857727677999,2026-08-10T16:40:57.727691,ground_truth,-0.030876,-0.027000,0.009327,-0.025150,-0.019045,0.008616,True,,,,,,,,,-0.161991,0.280059,0.378524,0.000000,0.000000,0.000000,0.000000,0.000000,0.000000,0.000000,0.000000,0.000000,0.000000,0.000000,0.000000,LEADER
1786354857762882909,2026-08-10T16:40:57.762896,ground_truth,-0.034738,-0.027000,0.009327,-0.025922,-0.019649,0.008874,True,,,,,,,,,-0.161991,0.280059,0.378524,0.000000,0.000000,0.000000,0.000000,0.000000,0.000000,0.000000,0.000000,0.000000,0.000000,0.000000,0.000000,LEADER
1786354857794282512,2026-08-10T16:40:57.794300,ground_truth,-0.034738,-0.027000,0.009327,-0.026952,-0.019770,0.009132,True,,,,,,,,,-0.161991,0.280059,0.378524,0.000000,0.000000,0.000000,0.000000,0.000000,0.000000,0.000000,0.000000,0.000000,0.000000,0.000000,0.000000,LEADER
1786354857828950906,2026-08-10T16:40:57.828967,ground_truth,-0.036138,-0.036000,0.008612,-0.028071,-0.019794,0.009341,True,,,,,,,,,-0.161991,0.280059,0.378524,0.000000,0.000000,0.000000,0.000000,0.000000,0.000000,0.000000,0.000000,0.000000,0.000000,0.000000,0.000000,LEADER
1786354857862530578,2026-08-10T16:40:57.862544,ground_truth,-0.037538,-0.045000,0.007896,-0.029208,-0.020279,0.009405,True,,,,,,,,,-0.161991,0.280059,0.378524,0.000000,0.000000,0.000000,0.000000,0.000000,0.000000,0.000000,0.000000,0.000000,0.000000,0.000000,0.000000,LEADER
1786354857895002391,2026-08-10T16:40:57.895015,ground_truth,-0.037538,-0.045000,0.007896,-0.030092,-0.021816,0.009470,True,,,,,,,,,-0.161991,0.280059,0.378524,0.000000,0.000000,0.000000,0.000000,0.000000,0.000000,0.000000,0.000000,0.000000,0.000000,0.000000,0.000000,LEADER
1786354857928474127,2026-08-10T16:40:57.928488,ground_truth,-0.032261,-0.036000,0.008612,-0.030976,-0.024043,0.009279,True,,,,,,,,,-0.161991,0.280059,0.378524,0.000000,0.000000,0.000000,0.000000,0.000000,0.000000,0.000000,0.000000,0.000000,0.000000,0.000000,0.000000,LEADER
1786354857962701879,2026-08-10T16:40:57.962714,ground_truth,-0.032261,-0.036000,0.004728,-0.031417,-0.026409,0.009184,True,,,,,,,,,-0.161991,0.280059,0.378524,0.000000,0.000000,0.000000,0.000000,0.000000,0.000000,0.000000,0.000000,0.000000,0.000000,0.000000,0.000000,LEADER
1786354857997908662,2026-08-10T16:40:57.997950,ground_truth,-0.030876,-0.027000,0.005458,-0.031676,-0.027842,0.008925,True,,,,,,,,,-0.161991,0.280059,0.378524,0.000000,0.000000,0.000000,0.000000,0.000000,0.000000,0.000000,0.000000,0.000000,0.000000,0.000000,0.000000,LEADER
1786354858032839557,2026-08-10T16:40:58.032895,ground_truth,-0.032261,-0.036000,0.004728,-0.032025,-0.029088,0.008619,True,,,,,,,,,-0.161991,0.280059,0.378524,0.000000,0.000000,0.000000,0.000000,0.000000,0.000000,0.000000,0.000000,0.000000,0.000000,0.000000,0.000000,LEADER
1786354858061072532,2026-08-10T16:40:58.061086,ground_truth,-0.033646,-0.045000,0.003997,-0.032466,-0.030298,0.008265,True,,,,,,,,,-0.161991,0.280059,0.378524,0.000000,0.000000,0.000000,0.000000,0.000000,0.000000,0.000000,0.000000,0.000000,0.000000,0.000000,0.000000,LEADER
1786354858094398206,2026-08-10T16:40:58.094419,ground_truth,-0.029491,-0.018000,0.006188,-0.032999,-0.031500,0.007862,True,,,,,,,,,-0.161991,0.280059,0.378524,0.000000,0.000000,0.000000,0.000000,0.000000,0.000000,0.000000,0.000000,0.000000,0.000000,0.000000,0.000000,LEADER
1786354858132087656,2026-08-10T16:40:58.132131,ground_truth,-0.030876,-0.027000,0.005458,-0.032907,-0.032700,0.007653,True,,,,,,,,,-0.161991,0.280059,0.378524,0.000000,0.000000,0.000000,0.000000,0.000000,0.000000,0.000000,0.000000,0.000000,0.000000,0.000000,0.000000,LEADER
1786354858164413990,2026-08-10T16:40:58.164443,ground_truth,-0.030876,-0.027000,0.005458,-0.032907,-0.032940,0.007395,True,,,,,,,,,-0.161991,0.280059,0.378524,0.000000,0.000000,0.000000,0.000000,0.000000,0.000000,0.000000,0.000000,0.000000,0.000000,0.000000,0.000000,LEADER
1786354858194685684,2026-08-10T16:40:58.194701,ground_truth,-0.030876,-0.027000,0.005458,-0.032999,-0.032988,0.007089,True,,,,,,,,,-0.161991,0.280059,0.378524,0.000000,0.000000,0.000000,0.000000,0.000000,0.000000,0.000000,0.000000,0.000000,0.000000,0.000000,0.000000,LEADER
1786354858230699309,2026-08-10T16:40:58.230716,ground_truth,-0.032261,-0.036000,0.004728,-0.032999,-0.032998,0.006831,True,,,,,,,,,-0.161991,0.280059,0.378524,0.000000,0.000000,0.000000,0.000000,0.000000,0.000000,0.000000,0.000000,0.000000,0.000000,0.000000,0.000000,LEADER
1786354858264713610,2026-08-10T16:40:58.264729,ground_truth,-0.030876,-0.027000,0.005458,-0.033092,-0.033000,0.006525,True,,,,,,,,,-0.161991,0.280059,0.378524,0.000000,0.000000,0.000000,0.000000,0.000000,0.000000,0.000000,0.000000,0.000000,0.000000,0.000000,0.000000,LEADER
1786354858297578473,2026-08-10T16:40:58.297636,ground_truth,-0.030876,-0.027000,0.001589,-0.032834,-0.033000,0.006267,True,,,,,,,,,-0.161991,0.280059,0.378524,0.000000,0.000000,0.000000,0.000000,0.000000,0.000000,0.000000,0.000000,0.000000,0.000000,0.000000,0.000000,LEADER
1786354858328494389,2026-08-10T16:40:58.328509,ground_truth,-0.033646,-0.045000,0.000098,-0.032577,-0.033000,0.005751,True,,,,,,,,,-0.161991,0.280059,0.378524,0.000000,0.000000,0.000000,0.000000,0.000000,0.000000,0.000000,0.000000,0.000000,0.000000,0.000000,0.000000,LEADER
1786354858366021248,2026-08-10T16:40:58.366069,ground_truth,-0.030876,-0.027000,0.001589,-0.032411,-0.033000,0.005183,True,,,,,,,,,-0.161991,0.280059,0.378524,0.000000,0.000000,0.000000,0.000000,0.000000,0.000000,0.000000,0.000000,0.000000,0.000000,0.000000,0.000000,LEADER
1786354858397504950,2026-08-10T16:40:58.397556,ground_truth,-0.025644,-0.018000,0.002334,-0.031966,-0.032520,0.004763,True,,,,,,,,,-0.161991,0.280059,0.378524,0.000000,0.000000,0.000000,0.000000,0.000000,0.000000,0.000000,0.000000,0.000000,0.000000,0.000000,0.000000,LEADER
1786354858433548262,2026-08-10T16:40:58.433578,ground_truth,-0.029755,-0.045000,0.000098,-0.031174,-0.031464,0.004392,True,,,,,,,,,-0.161991,0.280059,0.378524,0.000000,0.000000,0.000000,0.000000,0.000000,0.000000,0.000000,0.000000,0.000000,0.000000,0.000000,0.000000,LEADER
1786354858463881894,2026-08-10T16:40:58.463906,ground_truth,-0.032496,-0.063000,-0.001392,-0.031006,-0.030293,0.003824,True,,,,,,,,,-0.161991,0.280059,0.378524,0.000000,0.000000,0.000000,0.000000,0.000000,0.000000,0.000000,0.000000,0.000000,0.000000,0.000000,0.000000,LEADER
1786354858497077310,2026-08-10T16:40:58.497100,ground_truth,-0.028385,-0.036000,0.000844,-0.031022,-0.030539,0.003416,True,,,,,,,,,-0.161991,0.280059,0.378524,0.000000,0.000000,0.000000,0.000000,0.000000,0.000000,0.000000,0.000000,0.000000,0.000000,0.000000,0.000000,LEADER
1786354858530934230,2026-08-10T16:40:58.530962,ground_truth,-0.029755,-0.045000,-0.003801,-0.030856,-0.031068,0.003109,True,,,,,,,,,-0.161991,0.280059,0.378524,0.000000,0.000000,0.000000,0.000000,0.000000,0.000000,0.000000,0.000000,0.000000,0.000000,0.000000,0.000000,LEADER
1786354858565180004,2026-08-10T16:40:58.565195,ground_truth,-0.029755,-0.045000,-0.003801,-0.030689,-0.031654,0.002540,True,,,,,,,,,-0.161991,0.280059,0.378524,0.000000,0.000000,0.000000,0.000000,0.000000,0.000000,0.000000,0.000000,0.000000,0.000000,0.000000,0.000000,LEADER
1786354858596044782,2026-08-10T16:40:58.596063,ground_truth,-0.031125,-0.054000,-0.004561,-0.030429,-0.032251,0.002020,True,,,,,,,,,-0.161991,0.280059,0.378524,0.000000,0.000000,0.000000,0.000000,0.000000,0.000000,0.000000,0.000000,0.000000,0.000000,0.000000,0.000000,LEADER
1786354858629978009,2026-08-10T16:40:58.630003,ground_truth,-0.025644,-0.018000,-0.001520,-0.030538,-0.032850,0.001304,True,,,,,,,,,-0.161991,0.280059,0.378524,0.000000,0.000000,0.000000,0.000000,0.000000,0.000000,0.000000,0.000000,0.000000,0.000000,0.000000,0.000000,LEADER
1786354858662971297,2026-08-10T16:40:58.662988,ground_truth,-0.028385,-0.036000,-0.003040,-0.030190,-0.033930,0.000839,True,,,,,,,,,-0.161991,0.280059,0.378524,0.000000,0.000000,0.000000,0.000000,0.000000,0.000000,0.000000,0.000000,0.000000,0.000000,0.000000,0.000000,LEADER
1786354858696275711,2026-08-10T16:40:58.696294,ground_truth,-0.028385,-0.036000,-0.003040,-0.030024,-0.034626,0.000272,True,,,,,,,,,-0.161991,0.280059,0.378524,0.000000,0.000000,0.000000,0.000000,0.000000,0.000000,0.000000,0.000000,0.000000,0.000000,0.000000,0.000000,LEADER
1786354858729554325,2026-08-10T16:40:58.729579,ground_truth,-0.027014,-0.027000,-0.006149,-0.029857,-0.035245,-0.000295,True,,,,,,,,,-0.161991,0.280059,0.378524,0.000000,0.000000,0.000000,0.000000,0.000000,0.000000,0.000000,0.000000,0.000000,0.000000,0.000000,0.000000,LEADER
1786354858764099492,2026-08-10T16:40:58.764127,ground_truth,-0.022903,-0.000000,-0.003825,-0.029508,-0.035849,-0.001020,True,,,,,,,,,-0.161991,0.280059,0.378524,0.000000,0.000000,0.000000,0.000000,0.000000,0.000000,0.000000,0.000000,0.000000,0.000000,0.000000,0.000000,LEADER
1786354858796340262,2026-08-10T16:40:58.796353,ground_truth,-0.025644,-0.018000,-0.005375,-0.028976,-0.035970,-0.001638,True,,,,,,,,,-0.161991,0.280059,0.378524,0.000000,0.000000,0.000000,0.000000,0.000000,0.000000,0.000000,0.000000,0.000000,0.000000,0.000000,0.000000,LEADER
1786354858830464223,2026-08-10T16:40:58.830489,ground_truth,-0.032496,-0.063000,-0.005321,-0.028627,-0.035514,-0.002103,True,,,,,,,,,-0.161991,0.280059,0.378524,0.000000,0.000000,0.000000,0.000000,0.000000,0.000000,0.000000,0.000000,0.000000,0.000000,0.000000,0.000000,LEADER
1786354858863510233,2026-08-10T16:40:58.863522,ground_truth,-0.028385,-0.036000,-0.003040,-0.028551,-0.034943,-0.002464,True,,,,,,,,,-0.161991,0.280059,0.378524,0.000000,0.000000,0.000000,0.000000,0.000000,0.000000,0.000000,0.000000,0.000000,0.000000,0.000000,0.000000,LEADER
1786354858897962842,2026-08-10T16:40:58.897991,ground_truth,-0.028385,-0.036000,-0.006924,-0.028385,-0.035309,-0.002773,True,,,,,,,,,-0.161991,0.280059,0.378524,0.000000,0.000000,0.000000,0.000000,0.000000,0.000000,0.000000,0.000000,0.000000,0.000000,0.000000,0.000000,LEADER
1786354858929502060,2026-08-10T16:40:58.929518,ground_truth,-0.029755,-0.045000,-0.007699,-0.028567,-0.035862,-0.003390,True,,,,,,,,,-0.161991,0.280059,0.378524,0.000000,0.000000,0.000000,0.000000,0.000000,0.000000,0.000000,0.000000,0.000000,0.000000,0.000000,0.000000,LEADER
1786354858964885250,2026-08-10T16:40:58.964925,ground_truth,-0.027014,-0.027000,-0.006149,-0.028567,-0.036452,-0.003910,True,,,,,,,,,-0.161991,0.280059,0.378524,0.000000,0.000000,0.000000,0.000000,0.000000,0.000000,0.000000,0.000000,0.000000,0.000000,0.000000,0.000000,LEADER
1786354858996764799,2026-08-10T16:40:58.996777,ground_truth,-0.025644,-0.018000,-0.005375,-0.028202,-0.036091,-0.004227,True,,,,,,,,,-0.161991,0.280059,0.378524,0.000000,0.000000,0.000000,0.000000,0.000000,0.000000,0.000000,0.000000,0.000000,0.000000,0.000000,0.000000,LEADER
1786354859031473556,2026-08-10T16:40:59.031487,ground_truth,-0.028385,-0.036000,-0.006924,-0.028019,-0.035058,-0.004641,True,,,,,,,,,-0.161991,0.280059,0.378524,0.000000,0.000000,0.000000,0.000000,0.000000,0.000000,0.000000,0.000000,0.000000,0.000000,0.000000,0.000000,LEADER
1786354859060712393,2026-08-10T16:40:59.060728,ground_truth,-0.029755,-0.045000,-0.007699,-0.027928,-0.033892,-0.004850,True,,,,,,,,,-0.161991,0.280059,0.378524,0.000000,0.000000,0.000000,0.000000,0.000000,0.000000,0.000000,0.000000,0.000000,0.000000,0.000000,0.000000,LEADER
1786354859099325989,2026-08-10T16:40:59.099364,ground_truth,-0.027014,-0.027000,-0.006149,-0.027928,-0.033178,-0.005110,True,,,,,,,,,-0.161991,0.280059,0.378524,0.000000,0.000000,0.000000,0.000000,0.000000,0.000000,0.000000,0.000000,0.000000,0.000000,0.000000,0.000000,LEADER
1786354859133809175,2026-08-10T16:40:59.133822,ground_truth,-0.020442,-0.009000,-0.004600,-0.027654,-0.032556,-0.005215,True,,,,,,,,,-0.161991,0.280059,0.378524,0.000000,0.000000,0.000000,0.000000,0.000000,0.000000,0.000000,0.000000,0.000000,0.000000,0.000000,0.000000,LEADER
1786354859163261460,2026-08-10T16:40:59.163277,ground_truth,-0.024508,-0.036000,-0.006924,-0.027307,-0.031471,-0.005421,True,,,,,,,,,-0.161991,0.280059,0.378524,0.000000,0.000000,0.000000,0.000000,0.000000,0.000000,0.000000,0.000000,0.000000,0.000000,0.000000,0.000000,LEADER
1786354859199056826,2026-08-10T16:40:59.199109,ground_truth,-0.021797,-0.018000,-0.005375,-0.027048,-0.030774,-0.005680,True,,,,,,,,,-0.161991,0.280059,0.378524,0.000000,0.000000,0.000000,0.000000,0.000000,0.000000,0.000000,0.000000,0.000000,0.000000,0.000000,0.000000,LEADER
1786354859228519982,2026-08-10T16:40:59.228533,ground_truth,-0.021797,-0.018000,-0.005375,-0.026609,-0.029675,-0.005835,True,,,,,,,,,-0.161991,0.280059,0.378524,0.000000,0.000000,0.000000,0.000000,0.000000,0.000000,0.000000,0.000000,0.000000,0.000000,0.000000,0.000000,LEADER
1786354859262727891,2026-08-10T16:40:59.262741,ground_truth,-0.021797,-0.018000,-0.005375,-0.026261,-0.028495,-0.005784,True,,,,,,,,,-0.161991,0.280059,0.378524,0.000000,0.000000,0.000000,0.000000,0.000000,0.000000,0.000000,0.000000,0.000000,0.000000,0.000000,0.000000,LEADER
1786354859296072881,2026-08-10T16:40:59.296088,ground_truth,-0.021797,-0.018000,-0.005375,-0.026188,-0.027779,-0.005887,True,,,,,,,,,-0.161991,0.280059,0.378524,0.000000,0.000000,0.000000,0.000000,0.000000,0.000000,0.000000,0.000000,0.000000,0.000000,0.000000,0.000000,LEADER
1786354859330205808,2026-08-10T16:40:59.330222,ground_truth,-0.025864,-0.045000,-0.007699,-0.025931,-0.027636,-0.005887,True,,,,,,,,,-0.161991,0.280059,0.378524,0.000000,0.000000,0.000000,0.000000,0.000000,0.000000,0.000000,0.000000,0.000000,0.000000,0.000000,0.000000,LEADER
1786354859362637420,2026-08-10T16:40:59.362654,ground_truth,-0.020442,-0.009000,-0.004600,-0.025489,-0.027607,-0.006046,True,,,,,,,,,-0.161991,0.280059,0.378524,0.000000,0.000000,0.000000,0.000000,0.000000,0.000000,0.000000,0.000000,0.000000,0.000000,0.000000,0.000000,LEADER
1786354859395270509,2026-08-10T16:40:59.395282,ground_truth,-0.024508,-0.036000,-0.006924,-0.024960,-0.026641,-0.006149,True,,,,,,,,,-0.161991,0.280059,0.378524,0.000000,0.000000,0.000000,0.000000,0.000000,0.000000,0.000000,0.000000,0.000000,0.000000,0.000000,0.000000,LEADER
1786354859428003488,2026-08-10T16:40:59.428016,ground_truth,-0.021797,-0.018000,-0.005375,-0.024701,-0.026448,-0.006149,True,,,,,,,,,-0.161991,0.280059,0.378524,0.000000,0.000000,0.000000,0.000000,0.000000,0.000000,0.000000,0.000000,0.000000,0.000000,0.000000,0.000000,LEADER
1786354859466650577,2026-08-10T16:40:59.466699,ground_truth,-0.021797,-0.018000,-0.005375,-0.024171,-0.025450,-0.005994,True,,,,,,,,,-0.161991,0.280059,0.378524,0.000000,0.000000,0.000000,0.000000,0.000000,0.000000,0.000000,0.000000,0.000000,0.000000,0.000000,0.000000,LEADER
1786354859498775523,2026-08-10T16:40:59.498883,ground_truth,-0.023153,-0.027000,-0.006149,-0.023823,-0.024290,-0.005943,True,,,,,,,,,-0.161991,0.280059,0.378524,0.000000,0.000000,0.000000,0.000000,0.000000,0.000000,0.000000,0.000000,0.000000,0.000000,0.000000,0.000000,LEADER
1786354859531594637,2026-08-10T16:40:59.531633,ground_truth,-0.024508,-0.036000,-0.006924,-0.023657,-0.023578,-0.005994,True,,,,,,,,,-0.161991,0.280059,0.378524,0.000000,0.000000,0.000000,0.000000,0.000000,0.000000,0.000000,0.000000,0.000000,0.000000,0.000000,0.000000,LEADER
1786354859563160054,2026-08-10T16:40:59.563175,ground_truth,-0.023153,-0.027000,-0.006149,-0.023398,-0.023436,-0.005994,True,,,,,,,,,-0.161991,0.280059,0.378524,0.000000,0.000000,0.000000,0.000000,0.000000,0.000000,0.000000,0.000000,0.000000,0.000000,0.000000,0.000000,LEADER
1786354859595406242,2026-08-10T16:40:59.595419,ground_truth,-0.025864,-0.045000,-0.007699,-0.022958,-0.022927,-0.005891,True,,,,,,,,,-0.161991,0.280059,0.378524,0.000000,0.000000,0.000000,0.000000,0.000000,0.000000,0.000000,0.000000,0.000000,0.000000,0.000000,0.000000,LEADER
1786354859630327115,2026-08-10T16:40:59.630367,ground_truth,-0.023153,-0.027000,-0.006149,-0.022881,-0.022825,-0.005994,True,,,,,,,,,-0.161991,0.280059,0.378524,0.000000,0.000000,0.000000,0.000000,0.000000,0.000000,0.000000,0.000000,0.000000,0.000000,0.000000,0.000000,LEADER
1786354859663302849,2026-08-10T16:40:59.663358,ground_truth,-0.024508,-0.036000,-0.003040,-0.023062,-0.022805,-0.006098,True,,,,,,,,,-0.161991,0.280059,0.378524,0.000000,0.000000,0.000000,0.000000,0.000000,0.000000,0.000000,0.000000,0.000000,0.000000,0.000000,0.000000,LEADER
1786354859698980619,2026-08-10T16:40:59.699006,ground_truth,-0.023153,-0.027000,-0.002280,-0.023062,-0.023281,-0.005839,True,,,,,,,,,-0.161991,0.280059,0.378524,0.000000,0.000000,0.000000,0.000000,0.000000,0.000000,0.000000,0.000000,0.000000,0.000000,0.000000,0.000000,LEADER
1786354859730535866,2026-08-10T16:40:59.730561,ground_truth,-0.023153,-0.027000,-0.002280,-0.023153,-0.023856,-0.005633,True,,,,,,,,,-0.161991,0.280059,0.378524,0.000000,0.000000,0.000000,0.000000,0.000000,0.000000,0.000000,0.000000,0.000000,0.000000,0.000000,0.000000,LEADER
1786354859765202914,2026-08-10T16:40:59.765237,ground_truth,-0.025864,-0.045000,-0.003801,-0.023243,-0.024451,-0.005426,True,,,,,,,,,-0.161991,0.280059,0.378524,0.000000,0.000000,0.000000,0.000000,0.000000,0.000000,0.000000,0.000000,0.000000,0.000000,0.000000,0.000000,LEADER
1786354859796516739,2026-08-10T16:40:59.796534,ground_truth,-0.023153,-0.027000,-0.002280,-0.023514,-0.025050,-0.005321,True,,,,,,,,,-0.161991,0.280059,0.378524,0.000000,0.000000,0.000000,0.000000,0.000000,0.000000,0.000000,0.000000,0.000000,0.000000,0.000000,0.000000,LEADER
1786354859830665997,2026-08-10T16:40:59.830681,ground_truth,-0.025864,-0.045000,-0.003801,-0.023604,-0.025650,-0.005115,True,,,,,,,,,-0.161991,0.280059,0.378524,0.000000,0.000000,0.000000,0.000000,0.000000,0.000000,0.000000,0.000000,0.000000,0.000000,0.000000,0.000000,LEADER
1786354859863016094,2026-08-10T16:40:59.863030,ground_truth,-0.020442,-0.009000,-0.000760,-0.023604,-0.027210,-0.004855,True,,,,,,,,,-0.161991,0.280059,0.378524,0.000000,0.000000,0.000000,0.000000,0.000000,0.000000,0.000000,0.000000,0.000000,0.000000,0.000000,0.000000,LEADER
1786354859896217539,2026-08-10T16:40:59.896236,ground_truth,-0.023153,-0.027000,-0.002280,-0.023604,-0.028002,-0.004599,True,,,,,,,,,-0.161991,0.280059,0.378524,0.000000,0.000000,0.000000,0.000000,0.000000,0.000000,0.000000,0.000000,0.000000,0.000000,0.000000,0.000000,LEADER
1786354859929708217,2026-08-10T16:40:59.929748,ground_truth,-0.021797,-0.018000,-0.001520,-0.023514,-0.027680,-0.004290,True,,,,,,,,,-0.161991,0.280059,0.378524,0.000000,0.000000,0.000000,0.000000,0.000000,0.000000,0.000000,0.000000,0.000000,0.000000,0.000000,0.000000,LEADER
1786354859962947645,2026-08-10T16:40:59.962968,ground_truth,-0.025864,-0.045000,-0.003801,-0.023514,-0.027616,-0.004033,True,,,,,,,,,-0.161991,0.280059,0.378524,0.000000,0.000000,0.000000,0.000000,0.000000,0.000000,0.000000,0.000000,0.000000,0.000000,0.000000,0.000000,LEADER
1786354859996289729,2026-08-10T16:40:59.996306,ground_truth,-0.023153,-0.027000,-0.002280,-0.023785,-0.028083,-0.003928,True,,,,,,,,,-0.161991,0.280059,0.378524,0.000000,0.000000,0.000000,0.000000,0.000000,0.000000,0.000000,0.000000,0.000000,0.000000,0.000000,0.000000,LEADER
1786354860031691961,2026-08-10T16:41:00.031738,ground_truth,-0.019086,-0.000000,-0.000000,-0.023785,-0.028657,-0.003670,True,,,,,,,,,-0.161991,0.280059,0.378524,0.000000,0.000000,0.000000,0.000000,0.000000,0.000000,0.000000,0.000000,0.000000,0.000000,0.000000,0.000000,LEADER
1786354860065357832,2026-08-10T16:41:00.065404,ground_truth,-0.020442,-0.009000,-0.000760,-0.023424,-0.028771,-0.003208,True,,,,,,,,,-0.161991,0.280059,0.378524,0.000000,0.000000,0.000000,0.000000,0.000000,0.000000,0.000000,0.000000,0.000000,0.000000,0.000000,0.000000,LEADER
1786354860096166730,2026-08-10T16:41:00.096180,ground_truth,-0.020631,-0.036000,-0.003040,-0.023243,-0.027834,-0.002849,True,,,,,,,,,-0.161991,0.280059,0.378524,0.000000,0.000000,0.000000,0.000000,0.000000,0.000000,0.000000,0.000000,0.000000,0.000000,0.000000,0.000000,LEADER
1786354860132693282,2026-08-10T16:41:00.132706,ground_truth,-0.020631,-0.036000,-0.003040,-0.022894,-0.026207,-0.002538,True,,,,,,,,,-0.161991,0.280059,0.378524,0.000000,0.000000,0.000000,0.000000,0.000000,0.000000,0.000000,0.000000,0.000000,0.000000,0.000000,0.000000,LEADER
1786354860164894162,2026-08-10T16:41:00.164930,ground_truth,-0.017950,-0.018000,-0.001520,-0.022726,-0.026361,-0.002331,True,,,,,,,,,-0.161991,0.280059,0.378524,0.000000,0.000000,0.000000,0.000000,0.000000,0.000000,0.000000,0.000000,0.000000,0.000000,0.000000,0.000000,LEADER
1786354860197761186,2026-08-10T16:41:00.197814,ground_truth,-0.017950,-0.018000,-0.001520,-0.022289,-0.026392,-0.002230,True,,,,,,,,,-0.161991,0.280059,0.378524,0.000000,0.000000,0.000000,0.000000,0.000000,0.000000,0.000000,0.000000,0.000000,0.000000,0.000000,0.000000,LEADER
1786354860229395142,2026-08-10T16:41:00.229409,ground_truth,-0.019291,-0.027000,-0.002280,-0.021942,-0.025918,-0.002179,True,,,,,,,,,-0.161991,0.280059,0.378524,0.000000,0.000000,0.000000,0.000000,0.000000,0.000000,0.000000,0.000000,0.000000,0.000000,0.000000,0.000000,LEADER
1786354860263444646,2026-08-10T16:41:00.263462,ground_truth,-0.016609,-0.009000,-0.000760,-0.021685,-0.025344,-0.002179,True,,,,,,,,,-0.161991,0.280059,0.378524,0.000000,0.000000,0.000000,0.000000,0.000000,0.000000,0.000000,0.000000,0.000000,0.000000,0.000000,0.000000,LEADER
1786354860296869577,2026-08-10T16:41:00.296893,ground_truth,-0.019291,-0.027000,-0.002280,-0.021068,-0.024749,-0.001976,True,,,,,,,,,-0.161991,0.280059,0.378524,0.000000,0.000000,0.000000,0.000000,0.000000,0.000000,0.000000,0.000000,0.000000,0.000000,0.000000,0.000000,LEADER
1786354860330535819,2026-08-10T16:41:00.330559,ground_truth,-0.017950,-0.018000,-0.001520,-0.020810,-0.024630,-0.001976,True,,,,,,,,,-0.161991,0.280059,0.378524,0.000000,0.000000,0.000000,0.000000,0.000000,0.000000,0.000000,0.000000,0.000000,0.000000,0.000000,0.000000,LEADER
1786354860366200002,2026-08-10T16:41:00.366213,ground_truth,-0.019291,-0.027000,-0.002280,-0.020283,-0.023166,-0.001824,True,,,,,,,,,-0.161991,0.280059,0.378524,0.000000,0.000000,0.000000,0.000000,0.000000,0.000000,0.000000,0.000000,0.000000,0.000000,0.000000,0.000000,LEADER
1786354860398977835,2026-08-10T16:41:00.399016,ground_truth,-0.017950,-0.018000,-0.001520,-0.020206,-0.022873,-0.001926,True,,,,,,,,,-0.161991,0.280059,0.378524,0.000000,0.000000,0.000000,0.000000,0.000000,0.000000,0.000000,0.000000,0.000000,0.000000,0.000000,0.000000,LEADER
1786354860430816833,2026-08-10T16:41:00.430850,ground_truth,-0.020631,-0.036000,-0.003040,-0.019859,-0.022335,-0.001875,True,,,,,,,,,-0.161991,0.280059,0.378524,0.000000,0.000000,0.000000,0.000000,0.000000,0.000000,0.000000,0.000000,0.000000,0.000000,0.000000,0.000000,LEADER
1786354860463431524,2026-08-10T16:41:00.463474,ground_truth,-0.017950,-0.018000,-0.001520,-0.019781,-0.022707,-0.001976,True,,,,,,,,,-0.161991,0.280059,0.378524,0.000000,0.000000,0.000000,0.000000,0.000000,0.000000,0.000000,0.000000,0.000000,0.000000,0.000000,0.000000,LEADER
1786354860496718160,2026-08-10T16:41:00.496735,ground_truth,-0.016609,-0.009000,-0.000760,-0.019254,-0.022301,-0.001824,True,,,,,,,,,-0.161991,0.280059,0.378524,0.000000,0.000000,0.000000,0.000000,0.000000,0.000000,0.000000,0.000000,0.000000,0.000000,0.000000,0.000000,LEADER
1786354860533148769,2026-08-10T16:41:00.533187,ground_truth,-0.020631,-0.036000,-0.003040,-0.018818,-0.021740,-0.001723,True,,,,,,,,,-0.161991,0.280059,0.378524,0.000000,0.000000,0.000000,0.000000,0.000000,0.000000,0.000000,0.000000,0.000000,0.000000,0.000000,0.000000,LEADER
1786354860565422137,2026-08-10T16:41:00.565457,ground_truth,-0.019291,-0.027000,-0.002280,-0.018921,-0.021148,-0.001926,True,,,,,,,,,-0.161991,0.280059,0.378524,0.000000,0.000000,0.000000,0.000000,0.000000,0.000000,0.000000,0.000000,0.000000,0.000000,0.000000,0.000000,LEADER
1786354860597783444,2026-08-10T16:41:00.597801,ground_truth,-0.024508,-0.036000,-0.003040,-0.018844,-0.021990,-0.002027,True,,,,,,,,,-0.161991,0.280059,0.378524,0.000000,0.000000,0.000000,0.000000,0.000000,0.000000,0.000000,0.000000,0.000000,0.000000,0.000000,0.000000,LEADER
1786354860631480906,2026-08-10T16:41:00.631529,ground_truth,-0.019086,-0.000000,-0.000000,-0.019102,-0.023598,-0.002027,True,,,,,,,,,-0.161991,0.280059,0.378524,0.000000,0.000000,0.000000,0.000000,0.000000,0.000000,0.000000,0.000000,0.000000,0.000000,0.000000,0.000000,LEADER
1786354860665504651,2026-08-10T16:41:00.665540,ground_truth,-0.021797,-0.018000,-0.001520,-0.018999,-0.023440,-0.001824,True,,,,,,,,,-0.161991,0.280059,0.378524,0.000000,0.000000,0.000000,0.000000,0.000000,0.000000,0.000000,0.000000,0.000000,0.000000,0.000000,0.000000,LEADER
1786354860699613921,2026-08-10T16:41:00.699627,ground_truth,-0.019086,-0.000000,-0.000000,-0.019256,-0.022448,-0.001824,True,,,,,,,,,-0.161991,0.280059,0.378524,0.000000,0.000000,0.000000,0.000000,0.000000,0.000000,0.000000,0.000000,0.000000,0.000000,0.000000,0.000000,LEADER
1786354860730260198,2026-08-10T16:41:00.730274,ground_truth,-0.024508,-0.036000,-0.003040,-0.019331,-0.021290,-0.001723,True,,,,,,,,,-0.161991,0.280059,0.378524,0.000000,0.000000,0.000000,0.000000,0.000000,0.000000,0.000000,0.000000,0.000000,0.000000,0.000000,0.000000,LEADER
1786354860764378745,2026-08-10T16:41:00.764404,ground_truth,-0.020442,-0.009000,-0.000760,-0.019679,-0.021058,-0.001774,True,,,,,,,,,-0.161991,0.280059,0.378524,0.000000,0.000000,0.000000,0.000000,0.000000,0.000000,0.000000,0.000000,0.000000,0.000000,0.000000,0.000000,LEADER
1786354860797243253,2026-08-10T16:41:00.797265,ground_truth,-0.023153,-0.027000,-0.002280,-0.019935,-0.020532,-0.001774,True,,,,,,,,,-0.161991,0.280059,0.378524,0.000000,0.000000,0.000000,0.000000,0.000000,0.000000,0.000000,0.000000,0.000000,0.000000,0.000000,0.000000,LEADER
1786354860829613668,2026-08-10T16:41:00.829630,ground_truth,-0.023153,-0.027000,-0.002280,-0.020192,-0.020426,-0.001774,True,,,,,,,,,-0.161991,0.280059,0.378524,0.000000,0.000000,0.000000,0.000000,0.000000,0.000000,0.000000,0.000000,0.000000,0.000000,0.000000,0.000000,LEADER
1786354860867438593,2026-08-10T16:41:00.867461,ground_truth,-0.021797,-0.018000,-0.001520,-0.020539,-0.020885,-0.001824,True,,,,,,,,,-0.161991,0.280059,0.378524,0.000000,0.000000,0.000000,0.000000,0.000000,0.000000,0.000000,0.000000,0.000000,0.000000,0.000000,0.000000,LEADER
1786354860900810452,2026-08-10T16:41:00.900832,ground_truth,-0.021797,-0.018000,-0.001520,-0.020706,-0.020977,-0.001774,True,,,,,,,,,-0.161991,0.280059,0.378524,0.000000,0.000000,0.000000,0.000000,0.000000,0.000000,0.000000,0.000000,0.000000,0.000000,0.000000,0.000000,LEADER
1786354860931512045,2026-08-10T16:41:00.931560,ground_truth,-0.023153,-0.027000,-0.002280,-0.020963,-0.020995,-0.001774,True,,,,,,,,,-0.161991,0.280059,0.378524,0.000000,0.000000,0.000000,0.000000,0.000000,0.000000,0.000000,0.000000,0.000000,0.000000,0.000000,0.000000,LEADER
1786354860967389355,2026-08-10T16:41:00.967421,ground_truth,-0.023153,-0.027000,-0.002280,-0.021131,-0.020519,-0.001723,True,,,,,,,,,-0.161991,0.280059,0.378524,0.000000,0.000000,0.000000,0.000000,0.000000,0.000000,0.000000,0.000000,0.000000,0.000000,0.000000,0.000000,LEADER
1786354860997145359,2026-08-10T16:41:00.997177,ground_truth,-0.023153,-0.027000,-0.002280,-0.021477,-0.020904,-0.001774,True,,,,,,,,,-0.161991,0.280059,0.378524,0.000000,0.000000,0.000000,0.000000,0.000000,0.000000,0.000000,0.000000,0.000000,0.000000,0.000000,0.000000,LEADER
1786354861033783923,2026-08-10T16:41:01.033814,ground_truth,-0.021797,-0.018000,-0.001520,-0.021914,-0.021461,-0.001875,True,,,,,,,,,-0.161991,0.280059,0.378524,0.000000,0.000000,0.000000,0.000000,0.000000,0.000000,0.000000,0.000000,0.000000,0.000000,0.000000,0.000000,LEADER
1786354861063367706,2026-08-10T16:41:01.063382,ground_truth,-0.024508,-0.036000,-0.003040,-0.021991,-0.022052,-0.001774,True,,,,,,,,,-0.161991,0.280059,0.378524,0.000000,0.000000,0.000000,0.000000,0.000000,0.000000,0.000000,0.000000,0.000000,0.000000,0.000000,0.000000,LEADER
1786354861097962673,2026-08-10T16:41:01.098005,ground_truth,-0.020442,-0.009000,-0.000760,-0.022339,-0.022170,-0.001824,True,,,,,,,,,-0.161991,0.280059,0.378524,0.000000,0.000000,0.000000,0.000000,0.000000,0.000000,0.000000,0.000000,0.000000,0.000000,0.000000,0.000000,LEADER
1786354861133772753,2026-08-10T16:41:01.133796,ground_truth,-0.023153,-0.027000,-0.002280,-0.022068,-0.021234,-0.001672,True,,,,,,,,,-0.161991,0.280059,0.378524,0.000000,0.000000,0.000000,0.000000,0.000000,0.000000,0.000000,0.000000,0.000000,0.000000,0.000000,0.000000,LEADER
1786354861167735560,2026-08-10T16:41:01.167748,ground_truth,-0.021797,-0.018000,-0.001520,-0.022339,-0.021047,-0.001824,True,,,,,,,,,-0.161991,0.280059,0.378524,0.000000,0.000000,0.000000,0.000000,0.000000,0.000000,0.000000,0.000000,0.000000,0.000000,0.000000,0.000000,LEADER
1786354861202331708,2026-08-10T16:41:01.202354,ground_truth,-0.020442,-0.009000,-0.000760,-0.022339,-0.021009,-0.001824,True,,,,,,,,,-0.161991,0.280059,0.378524,0.000000,0.000000,0.000000,0.000000,0.000000,0.000000,0.000000,0.000000,0.000000,0.000000,0.000000,0.000000,LEADER
1786354861236852523,2026-08-10T16:41:01.236871,ground_truth,-0.020442,-0.009000,-0.000760,-0.022430,-0.021962,-0.001875,True,,,,,,,,,-0.161991,0.280059,0.378524,0.000000,0.000000,0.000000,0.000000,0.000000,0.000000,0.000000,0.000000,0.000000,0.000000,0.000000,0.000000,LEADER
1786354861264217263,2026-08-10T16:41:01.264255,ground_truth,-0.020442,-0.009000,-0.000760,-0.022158,-0.021672,-0.001723,True,,,,,,,,,-0.161991,0.280059,0.378524,0.000000,0.000000,0.000000,0.000000,0.000000,0.000000,0.000000,0.000000,0.000000,0.000000,0.000000,0.000000,LEADER
1786354861300835568,2026-08-10T16:41:01.300859,ground_truth,-0.020442,-0.009000,-0.000760,-0.022158,-0.021614,-0.001723,True,,,,,,,,,-0.161991,0.280059,0.378524,0.000000,0.000000,0.000000,0.000000,0.000000,0.000000,0.000000,0.000000,0.000000,0.000000,0.000000,0.000000,LEADER
1786354861332324094,2026-08-10T16:41:01.332353,ground_truth,-0.020442,-0.009000,-0.000760,-0.021978,-0.020643,-0.001622,True,,,,,,,,,-0.161991,0.280059,0.378524,0.000000,0.000000,0.000000,0.000000,0.000000,0.000000,0.000000,0.000000,0.000000,0.000000,0.000000,0.000000,LEADER
1786354861368216131,2026-08-10T16:41:01.368237,ground_truth,-0.020442,-0.009000,-0.004600,-0.021797,-0.019489,-0.001520,True,,,,,,,,,-0.161991,0.280059,0.378524,0.000000,0.000000,0.000000,0.000000,0.000000,0.000000,0.000000,0.000000,0.000000,0.000000,0.000000,0.000000,LEADER
1786354861400658481,2026-08-10T16:41:01.400689,ground_truth,-0.021797,-0.018000,-0.005375,-0.021707,-0.018298,-0.001726,True,,,,,,,,,-0.161991,0.280059,0.378524,0.000000,0.000000,0.000000,0.000000,0.000000,0.000000,0.000000,0.000000,0.000000,0.000000,0.000000,0.000000,LEADER
1786354861432986933,2026-08-10T16:41:01.433007,ground_truth,-0.023153,-0.027000,-0.006149,-0.021707,-0.017580,-0.001982,True,,,,,,,,,-0.161991,0.280059,0.378524,0.000000,0.000000,0.000000,0.000000,0.000000,0.000000,0.000000,0.000000,0.000000,0.000000,0.000000,0.000000,LEADER
1786354861466587227,2026-08-10T16:41:01.466600,ground_truth,-0.021797,-0.018000,-0.005375,-0.021707,-0.017436,-0.002240,True,,,,,,,,,-0.161991,0.280059,0.378524,0.000000,0.000000,0.000000,0.000000,0.000000,0.000000,0.000000,0.000000,0.000000,0.000000,0.000000,0.000000,LEADER
1786354861505616493,2026-08-10T16:41:01.505651,ground_truth,-0.023153,-0.027000,-0.002280,-0.021616,-0.016927,-0.002447,True,,,,,,,,,-0.161991,0.280059,0.378524,0.000000,0.000000,0.000000,0.000000,0.000000,0.000000,0.000000,0.000000,0.000000,0.000000,0.000000,0.000000,LEADER
1786354861529987087,2026-08-10T16:41:01.530005,ground_truth,-0.023153,-0.027000,-0.006149,-0.021616,-0.016825,-0.002447,True,,,,,,,,,-0.161991,0.280059,0.378524,0.000000,0.000000,0.000000,0.000000,0.000000,0.000000,0.000000,0.000000,0.000000,0.000000,0.000000,0.000000,LEADER
1786354861570297783,2026-08-10T16:41:01.570327,ground_truth,-0.021797,-0.018000,-0.001520,-0.021707,-0.016805,-0.002755,True,,,,,,,,,-0.161991,0.280059,0.378524,0.000000,0.000000,0.000000,0.000000,0.000000,0.000000,0.000000,0.000000,0.000000,0.000000,0.000000,0.000000,LEADER
1786354861597323976,2026-08-10T16:41:01.597369,ground_truth,-0.023153,-0.027000,-0.002280,-0.021526,-0.016801,-0.002654,True,,,,,,,,,-0.161991,0.280059,0.378524,0.000000,0.000000,0.000000,0.000000,0.000000,0.000000,0.000000,0.000000,0.000000,0.000000,0.000000,0.000000,LEADER
1786354861632238052,2026-08-10T16:41:01.632265,ground_truth,-0.024508,-0.036000,-0.003040,-0.021707,-0.017280,-0.002755,True,,,,,,,,,-0.161991,0.280059,0.378524,0.000000,0.000000,0.000000,0.000000,0.000000,0.000000,0.000000,0.000000,0.000000,0.000000,0.000000,0.000000,LEADER
1786354861664155448,2026-08-10T16:41:01.664199,ground_truth,-0.023153,-0.027000,-0.002280,-0.021797,-0.017376,-0.002806,True,,,,,,,,,-0.161991,0.280059,0.378524,0.000000,0.000000,0.000000,0.000000,0.000000,0.000000,0.000000,0.000000,0.000000,0.000000,0.000000,0.000000,LEADER
1786354861697672343,2026-08-10T16:41:01.697721,ground_truth,-0.021797,-0.018000,-0.001520,-0.021887,-0.017875,-0.002857,True,,,,,,,,,-0.161991,0.280059,0.378524,0.000000,0.000000,0.000000,0.000000,0.000000,0.000000,0.000000,0.000000,0.000000,0.000000,0.000000,0.000000,LEADER
1786354861730270531,2026-08-10T16:41:01.730289,ground_truth,-0.021797,-0.018000,-0.001520,-0.021978,-0.018455,-0.002907,True,,,,,,,,,-0.161991,0.280059,0.378524,0.000000,0.000000,0.000000,0.000000,0.000000,0.000000,0.000000,0.000000,0.000000,0.000000,0.000000,0.000000,LEADER
1786354861768397011,2026-08-10T16:41:01.768409,ground_truth,-0.028575,-0.063000,-0.005321,-0.022068,-0.019051,-0.002958,True,,,,,,,,,-0.161991,0.280059,0.378524,0.000000,0.000000,0.000000,0.000000,0.000000,0.000000,0.000000,0.000000,0.000000,0.000000,0.000000,0.000000,LEADER
1786354861797765372,2026-08-10T16:41:01.797797,ground_truth,-0.021797,-0.018000,-0.001520,-0.022610,-0.019650,-0.003262,True,,,,,,,,,-0.161991,0.280059,0.378524,0.000000,0.000000,0.000000,0.000000,0.000000,0.000000,0.000000,0.000000,0.000000,0.000000,0.000000,0.000000,LEADER
1786354861832400565,2026-08-10T16:41:01.832433,ground_truth,-0.021797,-0.018000,-0.001520,-0.022701,-0.020250,-0.003313,True,,,,,,,,,-0.161991,0.280059,0.378524,0.000000,0.000000,0.000000,0.000000,0.000000,0.000000,0.000000,0.000000,0.000000,0.000000,0.000000,0.000000,LEADER
1786354861866928463,2026-08-10T16:41:01.866951,ground_truth,-0.021797,-0.018000,-0.001520,-0.022791,-0.020850,-0.003363,True,,,,,,,,,-0.161991,0.280059,0.378524,0.000000,0.000000,0.000000,0.000000,0.000000,0.000000,0.000000,0.000000,0.000000,0.000000,0.000000,0.000000,LEADER
1786354861898691344,2026-08-10T16:41:01.898734,ground_truth,-0.021797,-0.018000,-0.001520,-0.022881,-0.021450,-0.003158,True,,,,,,,,,-0.161991,0.280059,0.378524,0.000000,0.000000,0.000000,0.000000,0.000000,0.000000,0.000000,0.000000,0.000000,0.000000,0.000000,0.000000,LEADER
1786354861933996307,2026-08-10T16:41:01.934022,ground_truth,-0.021797,-0.018000,-0.001520,-0.022881,-0.022050,-0.002901,True,,,,,,,,,-0.161991,0.280059,0.378524,0.000000,0.000000,0.000000,0.000000,0.000000,0.000000,0.000000,0.000000,0.000000,0.000000,0.000000,0.000000,LEADER
1786354861964519217,2026-08-10T16:41:01.964554,ground_truth,-0.021797,-0.018000,-0.001520,-0.022791,-0.022170,-0.002593,True,,,,,,,,,-0.161991,0.280059,0.378524,0.000000,0.000000,0.000000,0.000000,0.000000,0.000000,0.000000,0.000000,0.000000,0.000000,0.000000,0.000000,LEADER
1786354861998981549,2026-08-10T16:41:01.999022,ground_truth,-0.020442,-0.009000,-0.000760,-0.022791,-0.022194,-0.002336,True,,,,,,,,,-0.161991,0.280059,0.378524,0.000000,0.000000,0.000000,0.000000,0.000000,0.000000,0.000000,0.000000,0.000000,0.000000,0.000000,0.000000,LEADER
1786354862032240339,2026-08-10T16:41:02.032288,ground_truth,-0.020442,-0.009000,-0.004600,-0.022610,-0.021719,-0.002234,True,,,,,,,,,-0.161991,0.280059,0.378524,0.000000,0.000000,0.000000,0.000000,0.000000,0.000000,0.000000,0.000000,0.000000,0.000000,0.000000,0.000000,LEADER
1786354862065918019,2026-08-10T16:41:02.065943,ground_truth,-0.021797,-0.018000,-0.005375,-0.022430,-0.020664,-0.002131,True,,,,,,,,,-0.161991,0.280059,0.378524,0.000000,0.000000,0.000000,0.000000,0.000000,0.000000,0.000000,0.000000,0.000000,0.000000,0.000000,0.000000,LEADER
1786354862098365297,2026-08-10T16:41:02.098400,ground_truth,-0.024508,-0.036000,-0.006924,-0.022430,-0.019493,-0.002388,True,,,,,,,,,-0.161991,0.280059,0.378524,0.000000,0.000000,0.000000,0.000000,0.000000,0.000000,0.000000,0.000000,0.000000,0.000000,0.000000,0.000000,LEADER
1786354862132508848,2026-08-10T16:41:02.132526,ground_truth,-0.021797,-0.018000,-0.005375,-0.022520,-0.018779,-0.002697,True,,,,,,,,,-0.161991,0.280059,0.378524,0.000000,0.000000,0.000000,0.000000,0.000000,0.000000,0.000000,0.000000,0.000000,0.000000,0.000000,0.000000,LEADER
1786354862166206276,2026-08-10T16:41:02.166251,ground_truth,-0.023153,-0.027000,-0.006149,-0.022339,-0.018156,-0.002853,True,,,,,,,,,-0.161991,0.280059,0.378524,0.000000,0.000000,0.000000,0.000000,0.000000,0.000000,0.000000,0.000000,0.000000,0.000000,0.000000,0.000000,LEADER
1786354862202798690,2026-08-10T16:41:02.202812,ground_truth,-0.024508,-0.036000,-0.006924,-0.022204,-0.020700,-0.002616,True,,,,,,,,,-0.161991,0.280059,0.378524,0.000000,0.000000,0.000000,0.000000,0.000000,0.000000,0.000000,0.000000,0.000000,0.000000,0.000000,0.000000,LEADER
1786354862234156965,2026-08-10T16:41:02.234199,ground_truth,-0.023153,-0.027000,-0.006149,-0.022204,-0.020700,-0.002616,True,,,,,,,,,-0.161991,0.280059,0.378524,0.000000,0.000000,0.000000,0.000000,0.000000,0.000000,0.000000,0.000000,0.000000,0.000000,0.000000,0.000000,LEADER
1786354862266807371,2026-08-10T16:41:02.266836,ground_truth,-0.025864,-0.045000,-0.007699,-0.022204,-0.020700,-0.002616,True,,,,,,,,,-0.161991,0.280059,0.378524,0.000000,0.000000,0.000000,0.000000,0.000000,0.000000,0.000000,0.000000,0.000000,0.000000,0.000000,0.000000,LEADER
1786354862298312156,2026-08-10T16:41:02.298350,ground_truth,-0.023153,-0.027000,-0.006149,-0.022204,-0.020700,-0.002616,True,,,,,,,,,-0.161991,0.280059,0.378524,0.000000,0.000000,0.000000,0.000000,0.000000,0.000000,0.000000,0.000000,0.000000,0.000000,0.000000,0.000000,READY
1786354862331037245,2026-08-10T16:41:02.331084,ground_truth,-0.023153,-0.027000,-0.006149,-0.022204,-0.020700,-0.002616,True,,,,,,,,,-0.161991,0.280059,0.378524,0.000000,0.000000,0.000000,0.000000,0.000000,0.000000,0.000000,0.000000,0.000000,0.000000,0.000000,0.000000,READY
1786354862364801360,2026-08-10T16:41:02.364827,ground_truth,-0.020442,-0.009000,-0.004600,-0.022204,-0.020700,-0.002616,True,,,,,,,,,-0.161991,0.280059,0.378524,0.000000,0.000000,0.000000,0.000000,0.000000,0.000000,0.000000,0.000000,0.000000,0.000000,0.000000,0.000000,READY
1786354862397716863,2026-08-10T16:41:02.397749,ground_truth,-0.025864,-0.045000,-0.007699,-0.022204,-0.020700,-0.002616,True,,,,,,,,,-0.161991,0.280059,0.378524,0.000000,0.000000,0.000000,0.000000,0.000000,0.000000,0.000000,0.000000,0.000000,0.000000,0.000000,0.000000,READY
1786354862431439730,2026-08-10T16:41:02.431470,ground_truth,-0.023153,-0.027000,-0.006149,-0.022204,-0.020700,-0.002616,True,,,,,,,,,-0.161991,0.280059,0.378524,0.000000,0.000000,0.000000,0.000000,0.000000,0.000000,0.000000,0.000000,0.000000,0.000000,0.000000,0.000000,READY
1786354862465748818,2026-08-10T16:41:02.465767,ground_truth,-0.021797,-0.018000,-0.005375,-0.022204,-0.020700,-0.002616,True,,,,,,,,,-0.161991,0.280059,0.378524,0.000000,0.000000,0.000000,0.000000,0.000000,0.000000,0.000000,0.000000,0.000000,0.000000,0.000000,0.000000,READY
1786354862497744571,2026-08-10T16:41:02.497797,ground_truth,-0.023153,-0.027000,-0.006149,-0.022204,-0.020700,-0.002616,True,,,,,,,,,-0.161991,0.280059,0.378524,0.000000,0.000000,0.000000,0.000000,0.000000,0.000000,0.000000,0.000000,0.000000,0.000000,0.000000,0.000000,READY
1786354862537329007,2026-08-10T16:41:02.537348,ground_truth,-0.025864,-0.045000,-0.003801,-0.022204,-0.020700,-0.002616,True,,,,,,,,,-0.161991,0.280059,0.378524,0.000000,0.000000,0.000000,0.000000,0.000000,0.000000,0.000000,0.000000,0.000000,0.000000,0.000000,0.000000,READY
1786354862565269977,2026-08-10T16:41:02.565292,ground_truth,-0.025864,-0.045000,-0.007699,-0.022204,-0.020700,-0.002616,True,,,,,,,,,-0.161991,0.280059,0.378524,0.000000,0.000000,0.000000,0.000000,0.000000,0.000000,0.000000,0.000000,0.000000,0.000000,0.000000,0.000000,READY
1786354862598471447,2026-08-10T16:41:02.598506,ground_truth,-0.021797,-0.018000,-0.005375,-0.022204,-0.020700,-0.002616,True,,,,,,,,,-0.161991,0.280059,0.378524,0.000000,0.000000,0.000000,0.000000,0.000000,0.000000,0.000000,0.000000,0.000000,0.000000,0.000000,0.000000,READY
1786354862633288576,2026-08-10T16:41:02.633310,ground_truth,-0.025864,-0.045000,-0.007699,-0.022204,-0.020700,-0.002616,True,,,,,,,,,-0.161991,0.280059,0.378524,0.000000,0.000000,0.000000,0.000000,0.000000,0.000000,0.000000,0.000000,0.000000,0.000000,0.000000,0.000000,READY
1786354862669540890,2026-08-10T16:41:02.669598,ground_truth,-0.025864,-0.045000,-0.007699,-0.022204,-0.020700,-0.002616,True,,,,,,,,,-0.161991,0.280059,0.378524,0.000000,0.000000,0.000000,0.000000,0.000000,0.000000,0.000000,0.000000,0.000000,0.000000,0.000000,0.000000,READY
1786354862699929040,2026-08-10T16:41:02.699954,ground_truth,-0.023153,-0.027000,-0.006149,-0.022204,-0.020700,-0.002616,True,,,,,,,,,-0.161991,0.280059,0.378524,0.000000,0.000000,0.000000,0.000000,0.000000,0.000000,0.000000,0.000000,0.000000,0.000000,0.000000,0.000000,READY
1786354862736319237,2026-08-10T16:41:02.736344,ground_truth,-0.023153,-0.027000,-0.006149,-0.022204,-0.020700,-0.002616,True,,,,,,,,,-0.161991,0.280059,0.378524,0.000000,0.000000,0.000000,0.000000,0.000000,0.000000,0.000000,0.000000,0.000000,0.000000,0.000000,0.000000,READY
1786354862766364140,2026-08-10T16:41:02.766403,ground_truth,-0.024508,-0.036000,-0.006924,-0.022204,-0.020700,-0.002616,True,,,,,,,,,-0.161991,0.280059,0.378524,0.000000,0.000000,0.000000,0.000000,0.000000,0.000000,0.000000,0.000000,0.000000,0.000000,0.000000,0.000000,READY
1786354862800714197,2026-08-10T16:41:02.800737,ground_truth,-0.025864,-0.045000,-0.007699,-0.022204,-0.020700,-0.002616,True,,,,,,,,,-0.161991,0.280059,0.378524,0.000000,0.000000,0.000000,0.000000,0.000000,0.000000,0.000000,0.000000,0.000000,0.000000,0.000000,0.000000,READY
1786354862833900878,2026-08-10T16:41:02.833933,ground_truth,-0.023153,-0.027000,-0.006149,-0.022204,-0.020700,-0.002616,True,,,,,,,,,-0.161991,0.280059,0.378524,0.000000,0.000000,0.000000,0.000000,0.000000,0.000000,0.000000,0.000000,0.000000,0.000000,0.000000,0.000000,READY
1786354862869465496,2026-08-10T16:41:02.869492,ground_truth,-0.023153,-0.027000,-0.006149,-0.022204,-0.020700,-0.002616,True,,,,,,,,,-0.161991,0.280059,0.378524,0.000000,0.000000,0.000000,0.000000,0.000000,0.000000,0.000000,0.000000,0.000000,0.000000,0.000000,0.000000,READY
1786354862898969896,2026-08-10T16:41:02.898995,ground_truth,-0.024508,-0.036000,-0.006924,-0.022204,-0.020700,-0.002616,True,,,,,,,,,-0.161991,0.280059,0.378524,0.000000,0.000000,0.000000,0.000000,0.000000,0.000000,0.000000,0.000000,0.000000,0.000000,0.000000,0.000000,READY
1786354862936787092,2026-08-10T16:41:02.936803,ground_truth,-0.027014,-0.027000,-0.006149,-0.022204,-0.020700,-0.002616,True,,,,,,,,,-0.161991,0.280059,0.378524,0.000000,0.000000,0.000000,0.000000,0.000000,0.000000,0.000000,0.000000,0.000000,0.000000,0.000000,0.000000,READY
1786354862968966678,2026-08-10T16:41:02.969006,ground_truth,-0.023153,-0.027000,-0.006149,-0.022204,-0.020700,-0.002616,True,,,,,,,,,-0.161991,0.280059,0.378524,0.000000,0.000000,0.000000,0.000000,0.000000,0.000000,0.000000,0.000000,0.000000,0.000000,0.000000,0.000000,READY
1786354863000578208,2026-08-10T16:41:03.000614,ground_truth,-0.024508,-0.036000,-0.006924,-0.022204,-0.020700,-0.002616,True,,,,,,,,,-0.161991,0.280059,0.378524,0.000000,0.000000,0.000000,0.000000,0.000000,0.000000,0.000000,0.000000,0.000000,0.000000,0.000000,0.000000,READY
1786354863033945192,2026-08-10T16:41:03.033994,ground_truth,-0.025864,-0.045000,-0.007699,-0.022204,-0.020700,-0.002616,True,,,,,,,,,-0.161991,0.280059,0.378524,0.000000,0.000000,0.000000,0.000000,0.000000,0.000000,0.000000,0.000000,0.000000,0.000000,0.000000,0.000000,READY
1786354863066995721,2026-08-10T16:41:03.067018,ground_truth,-0.025864,-0.045000,-0.007699,-0.022204,-0.020700,-0.002616,True,,,,,,,,,-0.161991,0.280059,0.378524,0.000000,0.000000,0.000000,0.000000,0.000000,0.000000,0.000000,0.000000,0.000000,0.000000,0.000000,0.000000,READY
1786354863101345064,2026-08-10T16:41:03.101369,ground_truth,-0.025644,-0.018000,-0.005375,-0.022204,-0.020700,-0.002616,True,,,,,,,,,-0.161991,0.280059,0.378524,0.000000,0.000000,0.000000,0.000000,0.000000,0.000000,0.000000,0.000000,0.000000,0.000000,0.000000,0.000000,READY
1786354863132851040,2026-08-10T16:41:03.132889,ground_truth,-0.024274,-0.009000,-0.004600,-0.022204,-0.020700,-0.002616,True,,,,,,,,,-0.161991,0.280059,0.378524,0.000000,0.000000,0.000000,0.000000,0.000000,0.000000,0.000000,0.000000,0.000000,0.000000,0.000000,0.000000,READY
1786354863167609234,2026-08-10T16:41:03.167626,ground_truth,-0.027014,-0.027000,-0.006149,-0.022204,-0.020700,-0.002616,True,,,,,,,,,-0.161991,0.280059,0.378524,0.000000,0.000000,0.000000,0.000000,0.000000,0.000000,0.000000,0.000000,0.000000,0.000000,0.000000,0.000000,READY
1786354863199732871,2026-08-10T16:41:03.199757,ground_truth,-0.027014,-0.027000,-0.006149,-0.022204,-0.020700,-0.002616,True,,,,,,,,,-0.161991,0.280059,0.378524,0.000000,0.000000,0.000000,0.000000,0.000000,0.000000,0.000000,0.000000,0.000000,0.000000,0.000000,0.000000,READY
1786354863232669021,2026-08-10T16:41:03.232694,ground_truth,-0.025644,-0.018000,-0.005375,-0.022204,-0.020700,-0.002616,True,,,,,,,,,-0.161991,0.280059,0.378524,0.000000,0.000000,0.000000,0.000000,0.000000,0.000000,0.000000,0.000000,0.000000,0.000000,0.000000,0.000000,READY
1786354863265483840,2026-08-10T16:41:03.265515,ground_truth,-0.028385,-0.036000,-0.006924,-0.022204,-0.020700,-0.002616,True,,,,,,,,,-0.161991,0.280059,0.378524,0.000000,0.000000,0.000000,0.000000,0.000000,0.000000,0.000000,0.000000,0.000000,0.000000,0.000000,0.000000,READY
1786354863298082756,2026-08-10T16:41:03.298108,ground_truth,-0.025644,-0.018000,-0.005375,-0.022204,-0.020700,-0.002616,True,,,,,,,,,-0.161991,0.280059,0.378524,0.000000,0.000000,0.000000,0.000000,0.000000,0.000000,0.000000,0.000000,0.000000,0.000000,0.000000,0.000000,READY
1786354863332293804,2026-08-10T16:41:03.332316,ground_truth,-0.025644,-0.018000,-0.005375,-0.022204,-0.020700,-0.002616,True,,,,,,,,,-0.161991,0.280059,0.378524,0.000000,0.000000,0.000000,0.000000,0.000000,0.000000,0.000000,0.000000,0.000000,0.000000,0.000000,0.000000,READY
1786354863366661762,2026-08-10T16:41:03.366679,ground_truth,-0.025644,-0.018000,-0.005375,-0.022204,-0.020700,-0.002616,True,,,,,,,,,-0.161991,0.280059,0.378524,0.000000,0.000000,0.000000,0.000000,0.000000,0.000000,0.000000,0.000000,0.000000,0.000000,0.000000,0.000000,READY
1786354863399019627,2026-08-10T16:41:03.399039,ground_truth,-0.025864,-0.045000,-0.007699,-0.022204,-0.020700,-0.002616,True,,,,,,,,,-0.161991,0.280059,0.378524,0.000000,0.000000,0.000000,0.000000,0.000000,0.000000,0.000000,0.000000,0.000000,0.000000,0.000000,0.000000,READY
1786354863431500417,2026-08-10T16:41:03.431517,ground_truth,-0.024508,-0.036000,-0.006924,-0.022204,-0.020700,-0.002616,True,,,,,,,,,-0.161991,0.280059,0.378524,0.000000,0.000000,0.000000,0.000000,0.000000,0.000000,0.000000,0.000000,0.000000,0.000000,0.000000,0.000000,READY
1786354863465166593,2026-08-10T16:41:03.465209,ground_truth,-0.024508,-0.036000,-0.006924,-0.022204,-0.020700,-0.002616,True,,,,,,,,,-0.161991,0.280059,0.378524,0.000000,0.000000,0.000000,0.000000,0.000000,0.000000,0.000000,0.000000,0.000000,0.000000,0.000000,0.000000,READY
1786354863499076236,2026-08-10T16:41:03.499115,ground_truth,-0.024508,-0.036000,-0.006924,-0.022204,-0.020700,-0.002616,True,,,,,,,,,-0.161991,0.280059,0.378524,0.000000,0.000000,0.000000,0.000000,0.000000,0.000000,0.000000,0.000000,0.000000,0.000000,0.000000,0.000000,READY
1786354863534566119,2026-08-10T16:41:03.534588,ground_truth,-0.025864,-0.045000,-0.007699,-0.022204,-0.020700,-0.002616,True,,,,,,,,,-0.161991,0.280059,0.378524,0.000000,0.000000,0.000000,0.000000,0.000000,0.000000,0.000000,0.000000,0.000000,0.000000,0.000000,0.000000,READY
1786354863568776116,2026-08-10T16:41:03.568802,ground_truth,-0.024508,-0.036000,-0.006924,-0.022204,-0.020700,-0.002616,True,,,,,,,,,-0.161991,0.280059,0.378524,0.000000,0.000000,0.000000,0.000000,0.000000,0.000000,0.000000,0.000000,0.000000,0.000000,0.000000,0.000000,READY
1786354863602212583,2026-08-10T16:41:03.602238,ground_truth,-0.023153,-0.027000,-0.006149,-0.022204,-0.020700,-0.002616,True,,,,,,,,,-0.161991,0.280059,0.378524,0.000000,0.000000,0.000000,0.000000,0.000000,0.000000,0.000000,0.000000,0.000000,0.000000,0.000000,0.000000,READY
1786354863633084256,2026-08-10T16:41:03.633100,ground_truth,-0.024508,-0.036000,-0.006924,-0.022204,-0.020700,-0.002616,True,,,,,,,,,-0.161991,0.280059,0.378524,0.000000,0.000000,0.000000,0.000000,0.000000,0.000000,0.000000,0.000000,0.000000,0.000000,0.000000,0.000000,READY
1786354863666031027,2026-08-10T16:41:03.666063,ground_truth,-0.025864,-0.045000,-0.007699,-0.022204,-0.020700,-0.002616,True,,,,,,,,,-0.161991,0.280059,0.378524,0.000000,0.000000,0.000000,0.000000,0.000000,0.000000,0.000000,0.000000,0.000000,0.000000,0.000000,0.000000,READY
1786354863701252798,2026-08-10T16:41:03.701272,ground_truth,-0.020631,-0.036000,-0.006924,-0.022204,-0.020700,-0.002616,True,,,,,,,,,-0.161991,0.280059,0.378524,0.000000,0.000000,0.000000,0.000000,0.000000,0.000000,0.000000,0.000000,0.000000,0.000000,0.000000,0.000000,READY
1786354863733920745,2026-08-10T16:41:03.733962,ground_truth,-0.017950,-0.018000,-0.005375,-0.022204,-0.020700,-0.002616,True,,,,,,,,,-0.161991,0.280059,0.378524,0.000000,0.000000,0.000000,0.000000,0.000000,0.000000,0.000000,0.000000,0.000000,0.000000,0.000000,0.000000,READY
1786354863767562435,2026-08-10T16:41:03.767616,ground_truth,-0.019291,-0.027000,-0.006149,-0.022204,-0.020700,-0.002616,True,,,,,,,,,-0.161991,0.280059,0.378524,0.000000,0.000000,0.000000,0.000000,0.000000,0.000000,0.000000,0.000000,0.000000,0.000000,0.000000,0.000000,READY
1786354863799866857,2026-08-10T16:41:03.799895,ground_truth,-0.019291,-0.027000,-0.006149,-0.022204,-0.020700,-0.002616,True,,,,,,,,,-0.161991,0.280059,0.378524,0.000000,0.000000,0.000000,0.000000,0.000000,0.000000,0.000000,0.000000,0.000000,0.000000,0.000000,0.000000,READY
1786354863832831372,2026-08-10T16:41:03.832859,ground_truth,-0.017950,-0.018000,-0.005375,-0.022204,-0.020700,-0.002616,True,,,,,,,,,-0.161991,0.280059,0.378524,0.000000,0.000000,0.000000,0.000000,0.000000,0.000000,0.000000,0.000000,0.000000,0.000000,0.000000,0.000000,READY
1786354863866569086,2026-08-10T16:41:03.866596,ground_truth,-0.023313,-0.054000,-0.008474,-0.022204,-0.020700,-0.002616,True,,,,,,,,,-0.161991,0.280059,0.378524,0.000000,0.000000,0.000000,0.000000,0.000000,0.000000,0.000000,0.000000,0.000000,0.000000,0.000000,0.000000,READY
1786354863899771255,2026-08-10T16:41:03.899793,ground_truth,-0.020631,-0.036000,-0.006924,-0.022204,-0.020700,-0.002616,True,,,,,,,,,-0.161991,0.280059,0.378524,0.000000,0.000000,0.000000,0.000000,0.000000,0.000000,0.000000,0.000000,0.000000,0.000000,0.000000,0.000000,READY
1786354863935447865,2026-08-10T16:41:03.935494,ground_truth,-0.019291,-0.027000,-0.006149,-0.022204,-0.020700,-0.002616,True,,,,,,,,,-0.161991,0.280059,0.378524,0.000000,0.000000,0.000000,0.000000,0.000000,0.000000,0.000000,0.000000,0.000000,0.000000,0.000000,0.000000,READY
1786354863966350678,2026-08-10T16:41:03.966373,ground_truth,-0.021972,-0.045000,-0.007699,-0.022204,-0.020700,-0.002616,True,,,,,,,,,-0.161991,0.280059,0.378524,0.000000,0.000000,0.000000,0.000000,0.000000,0.000000,0.000000,0.000000,0.000000,0.000000,0.000000,0.000000,READY
1786354864001688110,2026-08-10T16:41:04.001720,ground_truth,-0.020631,-0.036000,-0.006924,-0.022204,-0.020700,-0.002616,True,,,,,,,,,-0.161991,0.280059,0.378524,0.000000,0.000000,0.000000,0.000000,0.000000,0.000000,0.000000,0.000000,0.000000,0.000000,0.000000,0.000000,READY
1786354864033077641,2026-08-10T16:41:04.033100,ground_truth,-0.020631,-0.036000,-0.006924,-0.022204,-0.020700,-0.002616,True,,,,,,,,,-0.161991,0.280059,0.378524,0.000000,0.000000,0.000000,0.000000,0.000000,0.000000,0.000000,0.000000,0.000000,0.000000,0.000000,0.000000,READY
1786354864065147644,2026-08-10T16:41:04.065200,ground_truth,-0.017950,-0.018000,-0.005375,-0.022204,-0.020700,-0.002616,True,,,,,,,,,-0.161991,0.280059,0.378524,0.000000,0.000000,0.000000,0.000000,0.000000,0.000000,0.000000,0.000000,0.000000,0.000000,0.000000,0.000000,READY
1786354864100251407,2026-08-10T16:41:04.100276,ground_truth,-0.020631,-0.036000,-0.006924,-0.022204,-0.020700,-0.002616,True,,,,,,,,,-0.161991,0.280059,0.378524,0.000000,0.000000,0.000000,0.000000,0.000000,0.000000,0.000000,0.000000,0.000000,0.000000,0.000000,0.000000,READY
1786354864136217600,2026-08-10T16:41:04.136254,ground_truth,-0.019291,-0.027000,-0.006149,-0.022204,-0.020700,-0.002616,True,,,,,,,,,-0.161991,0.280059,0.378524,0.000000,0.000000,0.000000,0.000000,0.000000,0.000000,0.000000,0.000000,0.000000,0.000000,0.000000,0.000000,READY
1786354864164627945,2026-08-10T16:41:04.164665,ground_truth,-0.019291,-0.027000,-0.006149,-0.022204,-0.020700,-0.002616,True,,,,,,,,,-0.161991,0.280059,0.378524,0.000000,0.000000,0.000000,0.000000,0.000000,0.000000,0.000000,0.000000,0.000000,0.000000,0.000000,0.000000,READY
1786354864200930410,2026-08-10T16:41:04.200961,ground_truth,-0.017950,-0.018000,-0.005375,-0.022204,-0.020700,-0.002616,True,,,,,,,,,-0.161991,0.280059,0.378524,0.000000,0.000000,0.000000,0.000000,0.000000,0.000000,0.000000,0.000000,0.000000,0.000000,0.000000,0.000000,READY
1786354864234479481,2026-08-10T16:41:04.234517,ground_truth,-0.021797,-0.018000,-0.005375,-0.022204,-0.020700,-0.002616,True,,,,,,,,,-0.161991,0.280059,0.378524,0.000000,0.000000,0.000000,0.000000,0.000000,0.000000,0.000000,0.000000,0.000000,0.000000,0.000000,0.000000,READY
1786354864267942748,2026-08-10T16:41:04.267976,ground_truth,-0.021797,-0.018000,-0.005375,-0.022204,-0.020700,-0.002616,True,,,,,,,,,-0.161991,0.280059,0.378524,0.000000,0.000000,0.000000,0.000000,0.000000,0.000000,0.000000,0.000000,0.000000,0.000000,0.000000,0.000000,READY
1786354864305669797,2026-08-10T16:41:04.305736,ground_truth,-0.023153,-0.027000,-0.006149,-0.022204,-0.020700,-0.002616,True,,,,,,,,,-0.161991,0.280059,0.378524,0.000000,0.000000,0.000000,0.000000,0.000000,0.000000,0.000000,0.000000,0.000000,0.000000,0.000000,0.000000,READY
1786354864333696158,2026-08-10T16:41:04.333717,ground_truth,-0.021797,-0.018000,-0.005375,-0.022204,-0.020700,-0.002616,True,,,,,,,,,-0.161991,0.280059,0.378524,0.000000,0.000000,0.000000,0.000000,0.000000,0.000000,0.000000,0.000000,0.000000,0.000000,0.000000,0.000000,READY
1786354864367570140,2026-08-10T16:41:04.367624,ground_truth,-0.023153,-0.027000,-0.006149,-0.022204,-0.020700,-0.002616,True,,,,,,,,,-0.161991,0.280059,0.378524,0.000000,0.000000,0.000000,0.000000,0.000000,0.000000,0.000000,0.000000,0.000000,0.000000,0.000000,0.000000,READY
1786354864402216479,2026-08-10T16:41:04.402244,ground_truth,-0.025864,-0.045000,-0.007699,-0.022204,-0.020700,-0.002616,True,,,,,,,,,-0.161991,0.280059,0.378524,0.000000,0.000000,0.000000,0.000000,0.000000,0.000000,0.000000,0.000000,0.000000,0.000000,0.000000,0.000000,READY
1786354864434981400,2026-08-10T16:41:04.435018,ground_truth,-0.020631,-0.036000,-0.006924,-0.022204,-0.020700,-0.002616,True,,,,,,,,,-0.161991,0.280059,0.378524,0.000000,0.000000,0.000000,0.000000,0.000000,0.000000,0.000000,0.000000,0.000000,0.000000,0.000000,0.000000,READY
1786354864468125276,2026-08-10T16:41:04.468156,ground_truth,-0.023313,-0.054000,-0.008474,-0.022204,-0.020700,-0.002616,True,,,,,,,,,-0.161991,0.280059,0.378524,0.000000,0.000000,0.000000,0.000000,0.000000,0.000000,0.000000,0.000000,0.000000,0.000000,0.000000,0.000000,READY
1786354864503455482,2026-08-10T16:41:04.503479,ground_truth,-0.020631,-0.036000,-0.006924,-0.022204,-0.020700,-0.002616,True,,,,,,,,,-0.161991,0.280059,0.378524,0.000000,0.000000,0.000000,0.000000,0.000000,0.000000,0.000000,0.000000,0.000000,0.000000,0.000000,0.000000,READY
1786354864537216949,2026-08-10T16:41:04.537237,ground_truth,-0.019291,-0.027000,-0.006149,-0.022204,-0.020700,-0.002616,True,,,,,,,,,-0.161991,0.280059,0.378524,0.000000,0.000000,0.000000,0.000000,0.000000,0.000000,0.000000,0.000000,0.000000,0.000000,0.000000,0.000000,READY
1786354864568221114,2026-08-10T16:41:04.568300,ground_truth,-0.024508,-0.036000,-0.006924,-0.022204,-0.020700,-0.002616,True,,,,,,,,,-0.161991,0.280059,0.378524,0.000000,0.000000,0.000000,0.000000,0.000000,0.000000,0.000000,0.000000,0.000000,0.000000,0.000000,0.000000,READY
1786354864603159431,2026-08-10T16:41:04.603181,ground_truth,-0.023153,-0.027000,-0.006149,-0.022204,-0.020700,-0.002616,True,,,,,,,,,-0.161991,0.280059,0.378524,0.000000,0.000000,0.000000,0.000000,0.000000,0.000000,0.000000,0.000000,0.000000,0.000000,0.000000,0.000000,READY
1786354864637651946,2026-08-10T16:41:04.637682,ground_truth,-0.021797,-0.018000,-0.005375,-0.022204,-0.020700,-0.002616,True,,,,,,,,,-0.161991,0.280059,0.378524,0.000000,0.000000,0.000000,0.000000,0.000000,0.000000,0.000000,0.000000,0.000000,0.000000,0.000000,0.000000,READY
1786354864667944760,2026-08-10T16:41:04.667957,ground_truth,-0.023153,-0.027000,-0.006149,-0.022204,-0.020700,-0.002616,True,,,,,,,,,-0.161991,0.280059,0.378524,0.000000,0.000000,0.000000,0.000000,0.000000,0.000000,0.000000,0.000000,0.000000,0.000000,0.000000,0.000000,READY
1786354864701869870,2026-08-10T16:41:04.701893,ground_truth,-0.027219,-0.054000,-0.008474,-0.022204,-0.020700,-0.002616,True,,,,,,,,,-0.161991,0.280059,0.378524,0.000000,0.000000,0.000000,0.000000,0.000000,0.000000,0.000000,0.000000,0.000000,0.000000,0.000000,0.000000,READY
1786354864735297869,2026-08-10T16:41:04.735322,ground_truth,-0.019291,-0.027000,-0.006149,-0.022204,-0.020700,-0.002616,True,,,,,,,,,-0.161991,0.280059,0.378524,0.000000,0.000000,0.000000,0.000000,0.000000,0.000000,0.000000,0.000000,0.000000,0.000000,0.000000,0.000000,READY
1786354864769019600,2026-08-10T16:41:04.769048,ground_truth,-0.021797,-0.018000,-0.005375,-0.022204,-0.020700,-0.002616,True,,,,,,,,,-0.161991,0.280059,0.378524,0.000000,0.000000,0.000000,0.000000,0.000000,0.000000,0.000000,0.000000,0.000000,0.000000,0.000000,0.000000,READY
1786354864801779281,2026-08-10T16:41:04.801830,ground_truth,-0.020631,-0.036000,-0.006924,-0.022204,-0.020700,-0.002616,True,,,,,,,,,-0.161991,0.280059,0.378524,0.000000,0.000000,0.000000,0.000000,0.000000,0.000000,0.000000,0.000000,0.000000,0.000000,0.000000,0.000000,READY
1786354864834970267,2026-08-10T16:41:04.834996,ground_truth,-0.019291,-0.027000,-0.006149,-0.022204,-0.020700,-0.002616,True,,,,,,,,,-0.161991,0.280059,0.378524,0.000000,0.000000,0.000000,0.000000,0.000000,0.000000,0.000000,0.000000,0.000000,0.000000,0.000000,0.000000,READY
1786354864870594866,2026-08-10T16:41:04.870629,ground_truth,-0.017950,-0.018000,-0.005375,-0.022204,-0.020700,-0.002616,True,,,,,,,,,-0.161991,0.280059,0.378524,0.000000,0.000000,0.000000,0.000000,0.000000,0.000000,0.000000,0.000000,0.000000,0.000000,0.000000,0.000000,READY
1786354864902688003,2026-08-10T16:41:04.902728,ground_truth,-0.020631,-0.036000,-0.006924,-0.022204,-0.020700,-0.002616,True,,,,,,,,,-0.161991,0.280059,0.378524,0.000000,0.000000,0.000000,0.000000,0.000000,0.000000,0.000000,0.000000,0.000000,0.000000,0.000000,0.000000,READY
1786354864933899324,2026-08-10T16:41:04.933930,ground_truth,-0.020631,-0.036000,-0.003040,-0.022204,-0.020700,-0.002616,True,,,,,,,,,-0.161991,0.280059,0.378524,0.000000,0.000000,0.000000,0.000000,0.000000,0.000000,0.000000,0.000000,0.000000,0.000000,0.000000,0.000000,READY
1786354864967066003,2026-08-10T16:41:04.967092,ground_truth,-0.019291,-0.027000,-0.002280,-0.022204,-0.020700,-0.002616,True,,,,,,,,,-0.161991,0.280059,0.378524,0.000000,0.000000,0.000000,0.000000,0.000000,0.000000,0.000000,0.000000,0.000000,0.000000,0.000000,0.000000,READY
1786354865001904399,2026-08-10T16:41:05.001936,ground_truth,-0.023313,-0.054000,-0.004561,-0.022204,-0.020700,-0.002616,True,,,,,,,,,-0.161991,0.280059,0.378524,0.000000,0.000000,0.000000,0.000000,0.000000,0.000000,0.000000,0.000000,0.000000,0.000000,0.000000,0.000000,READY
1786354865037299358,2026-08-10T16:41:05.037319,ground_truth,-0.020631,-0.036000,-0.003040,-0.022204,-0.020700,-0.002616,True,,,,,,,,,-0.161991,0.280059,0.378524,0.000000,0.000000,0.000000,0.000000,0.000000,0.000000,0.000000,0.000000,0.000000,0.000000,0.000000,0.000000,READY
1786354865068407459,2026-08-10T16:41:05.068436,ground_truth,-0.020631,-0.036000,-0.003040,-0.022204,-0.020700,-0.002616,True,,,,,,,,,-0.161991,0.280059,0.378524,0.000000,0.000000,0.000000,0.000000,0.000000,0.000000,0.000000,0.000000,0.000000,0.000000,0.000000,0.000000,READY
1786354865103049999,2026-08-10T16:41:05.103062,ground_truth,-0.015269,-0.000000,-0.000000,-0.022204,-0.020700,-0.002616,True,,,,,,,,,-0.161991,0.280059,0.378524,0.000000,0.000000,0.000000,0.000000,0.000000,0.000000,0.000000,0.000000,0.000000,0.000000,0.000000,0.000000,READY
1786354865133612828,2026-08-10T16:41:05.133626,ground_truth,-0.019291,-0.027000,-0.002280,-0.022204,-0.020700,-0.002616,True,,,,,,,,,-0.161991,0.280059,0.378524,0.000000,0.000000,0.000000,0.000000,0.000000,0.000000,0.000000,0.000000,0.000000,0.000000,0.000000,0.000000,READY
1786354865169027895,2026-08-10T16:41:05.169056,ground_truth,-0.020631,-0.036000,-0.003040,-0.022204,-0.020700,-0.002616,True,,,,,,,,,-0.161991,0.280059,0.378524,0.000000,0.000000,0.000000,0.000000,0.000000,0.000000,0.000000,0.000000,0.000000,0.000000,0.000000,0.000000,READY
1786354865201164954,2026-08-10T16:41:05.201189,ground_truth,-0.021972,-0.045000,-0.003801,-0.022204,-0.020700,-0.002616,True,,,,,,,,,-0.161991,0.280059,0.378524,0.000000,0.000000,0.000000,0.000000,0.000000,0.000000,0.000000,0.000000,0.000000,0.000000,0.000000,0.000000,READY
1786354865235461241,2026-08-10T16:41:05.235489,ground_truth,-0.020631,-0.036000,-0.003040,-0.022204,-0.020700,-0.002616,True,,,,,,,,,-0.161991,0.280059,0.378524,0.000000,0.000000,0.000000,0.000000,0.000000,0.000000,0.000000,0.000000,0.000000,0.000000,0.000000,0.000000,READY
1786354865269979083,2026-08-10T16:41:05.270004,ground_truth,-0.024508,-0.036000,-0.003040,-0.022204,-0.020700,-0.002616,True,,,,,,,,,-0.161991,0.280059,0.378524,0.000000,0.000000,0.000000,0.000000,0.000000,0.000000,0.000000,0.000000,0.000000,0.000000,0.000000,0.000000,READY
1786354865302194802,2026-08-10T16:41:05.302222,ground_truth,-0.024508,-0.036000,-0.003040,-0.022204,-0.020700,-0.002616,True,,,,,,,,,-0.161991,0.280059,0.378524,0.000000,0.000000,0.000000,0.000000,0.000000,0.000000,0.000000,0.000000,0.000000,0.000000,0.000000,0.000000,READY
1786354865335753900,2026-08-10T16:41:05.335781,ground_truth,-0.020631,-0.036000,-0.003040,-0.022204,-0.020700,-0.002616,True,,,,,,,,,-0.161991,0.280059,0.378524,0.000000,0.000000,0.000000,0.000000,0.000000,0.000000,0.000000,0.000000,0.000000,0.000000,0.000000,0.000000,READY
1786354865368708753,2026-08-10T16:41:05.368735,ground_truth,-0.019291,-0.027000,-0.002280,-0.022204,-0.020700,-0.002616,True,,,,,,,,,-0.161991,0.280059,0.378524,0.000000,0.000000,0.000000,0.000000,0.000000,0.000000,0.000000,0.000000,0.000000,0.000000,0.000000,0.000000,READY
1786354865401058018,2026-08-10T16:41:05.401083,ground_truth,-0.016609,-0.009000,-0.000760,-0.022204,-0.020700,-0.002616,True,,,,,,,,,-0.161991,0.280059,0.378524,0.000000,0.000000,0.000000,0.000000,0.000000,0.000000,0.000000,0.000000,0.000000,0.000000,0.000000,0.000000,READY
1786354865437075797,2026-08-10T16:41:05.437130,ground_truth,-0.019291,-0.027000,-0.002280,-0.022204,-0.020700,-0.002616,True,,,,,,,,,-0.161991,0.280059,0.378524,0.000000,0.000000,0.000000,0.000000,0.000000,0.000000,0.000000,0.000000,0.000000,0.000000,0.000000,0.000000,READY
1786354865467961313,2026-08-10T16:41:05.468017,ground_truth,-0.019291,-0.027000,-0.002280,-0.022204,-0.020700,-0.002616,True,,,,,,,,,-0.161991,0.280059,0.378524,0.000000,0.000000,0.000000,0.000000,0.000000,0.000000,0.000000,0.000000,0.000000,0.000000,0.000000,0.000000,READY
1786354865504321186,2026-08-10T16:41:05.504347,ground_truth,-0.019291,-0.027000,-0.006149,-0.022204,-0.020700,-0.002616,True,,,,,,,,,-0.161991,0.280059,0.378524,0.000000,0.000000,0.000000,0.000000,0.000000,0.000000,0.000000,0.000000,0.000000,0.000000,0.000000,0.000000,READY
1786354865534381565,2026-08-10T16:41:05.534407,ground_truth,-0.019291,-0.027000,-0.006149,-0.022204,-0.020700,-0.002616,True,,,,,,,,,-0.161991,0.280059,0.378524,0.000000,0.000000,0.000000,0.000000,0.000000,0.000000,0.000000,0.000000,0.000000,0.000000,0.000000,0.000000,READY
1786354865568837507,2026-08-10T16:41:05.568852,ground_truth,-0.023153,-0.027000,-0.006149,-0.022204,-0.020700,-0.002616,True,,,,,,,,,-0.161991,0.280059,0.378524,0.000000,0.000000,0.000000,0.000000,0.000000,0.000000,0.000000,0.000000,0.000000,0.000000,0.000000,0.000000,READY
1786354865608678206,2026-08-10T16:41:05.608694,ground_truth,-0.023153,-0.027000,-0.006149,-0.022204,-0.020700,-0.002616,True,,,,,,,,,-0.161991,0.280059,0.378524,0.000000,0.000000,0.000000,0.000000,0.000000,0.000000,0.000000,0.000000,0.000000,0.000000,0.000000,0.000000,READY
1786354865638298573,2026-08-10T16:41:05.638327,ground_truth,-0.023153,-0.027000,-0.006149,-0.022204,-0.020700,-0.002616,True,,,,,,,,,-0.161991,0.280059,0.378524,0.000000,0.000000,0.000000,0.000000,0.000000,0.000000,0.000000,0.000000,0.000000,0.000000,0.000000,0.000000,READY
1786354865673665658,2026-08-10T16:41:05.673692,ground_truth,-0.021972,-0.045000,-0.007699,-0.022204,-0.020700,-0.002616,True,,,,,,,,,-0.161991,0.280059,0.378524,0.000000,0.000000,0.000000,0.000000,0.000000,0.000000,0.000000,0.000000,0.000000,0.000000,0.000000,0.000000,READY
1786354865700453780,2026-08-10T16:41:05.700482,ground_truth,-0.024508,-0.036000,-0.006924,-0.022204,-0.020700,-0.002616,True,,,,,,,,,-0.161991,0.280059,0.378524,0.000000,0.000000,0.000000,0.000000,0.000000,0.000000,0.000000,0.000000,0.000000,0.000000,0.000000,0.000000,READY
1786354865738364809,2026-08-10T16:41:05.738395,ground_truth,-0.023153,-0.027000,-0.006149,-0.022204,-0.020700,-0.002616,True,,,,,,,,,-0.161991,0.280059,0.378524,0.000000,0.000000,0.000000,0.000000,0.000000,0.000000,0.000000,0.000000,0.000000,0.000000,0.000000,0.000000,READY
1786354865770944835,2026-08-10T16:41:05.770970,ground_truth,-0.024508,-0.036000,-0.006924,-0.022204,-0.020700,-0.002616,True,,,,,,,,,-0.161991,0.280059,0.378524,0.000000,0.000000,0.000000,0.000000,0.000000,0.000000,0.000000,0.000000,0.000000,0.000000,0.000000,0.000000,READY
1786354865804279524,2026-08-10T16:41:05.804305,ground_truth,-0.023153,-0.027000,-0.006149,-0.022204,-0.020700,-0.002616,True,,,,,,,,,-0.161991,0.280059,0.378524,0.000000,0.000000,0.000000,0.000000,0.000000,0.000000,0.000000,0.000000,0.000000,0.000000,0.000000,0.000000,READY
1786354865833525115,2026-08-10T16:41:05.833537,ground_truth,-0.023153,-0.027000,-0.006149,-0.022204,-0.020700,-0.002616,True,,,,,,,,,-0.161991,0.280059,0.378524,0.000000,0.000000,0.000000,0.000000,0.000000,0.000000,0.000000,0.000000,0.000000,0.000000,0.000000,0.000000,READY
1786354865869525300,2026-08-10T16:41:05.869538,ground_truth,-0.020442,-0.009000,-0.004600,-0.022204,-0.020700,-0.002616,True,,,,,,,,,-0.161991,0.280059,0.378524,0.000000,0.000000,0.000000,0.000000,0.000000,0.000000,0.000000,0.000000,0.000000,0.000000,0.000000,0.000000,READY
1786354865902871361,2026-08-10T16:41:05.902923,ground_truth,-0.023153,-0.027000,-0.006149,-0.022204,-0.020700,-0.002616,True,,,,,,,,,-0.161991,0.280059,0.378524,0.000000,0.000000,0.000000,0.000000,0.000000,0.000000,0.000000,0.000000,0.000000,0.000000,0.000000,0.000000,READY
1786354865937030155,2026-08-10T16:41:05.937067,ground_truth,-0.021797,-0.018000,-0.005375,-0.022204,-0.020700,-0.002616,True,,,,,,,,,-0.161991,0.280059,0.378524,0.000000,0.000000,0.000000,0.000000,0.000000,0.000000,0.000000,0.000000,0.000000,0.000000,0.000000,0.000000,READY
1786354865969361045,2026-08-10T16:41:05.969406,ground_truth,-0.025864,-0.045000,-0.007699,-0.022204,-0.020700,-0.002616,True,,,,,,,,,-0.161991,0.280059,0.378524,0.000000,0.000000,0.000000,0.000000,0.000000,0.000000,0.000000,0.000000,0.000000,0.000000,0.000000,0.000000,READY
1786354866003274901,2026-08-10T16:41:06.003291,ground_truth,-0.023153,-0.027000,-0.006149,-0.022204,-0.020700,-0.002616,True,,,,,,,,,-0.161991,0.280059,0.378524,0.000000,0.000000,0.000000,0.000000,0.000000,0.000000,0.000000,0.000000,0.000000,0.000000,0.000000,0.000000,READY
1786354866035082469,2026-08-10T16:41:06.035101,ground_truth,-0.027219,-0.054000,-0.008474,-0.022204,-0.020700,-0.002616,True,,,,,,,,,-0.161991,0.280059,0.378524,0.000000,0.000000,0.000000,0.000000,0.000000,0.000000,0.000000,0.000000,0.000000,0.000000,0.000000,0.000000,READY
1786354866070620218,2026-08-10T16:41:06.070663,ground_truth,-0.021797,-0.018000,-0.005375,-0.022204,-0.020700,-0.002616,True,,,,,,,,,-0.161991,0.280059,0.378524,0.000000,0.000000,0.000000,0.000000,0.000000,0.000000,0.000000,0.000000,0.000000,0.000000,0.000000,0.000000,READY
1786354866103298961,2026-08-10T16:41:06.103315,ground_truth,-0.019086,-0.000000,-0.003825,-0.022204,-0.020700,-0.002616,True,,,,,,,,,-0.161991,0.280059,0.378524,0.000000,0.000000,0.000000,0.000000,0.000000,0.000000,0.000000,0.000000,0.000000,0.000000,0.000000,0.000000,READY
1786354866136211832,2026-08-10T16:41:06.136250,ground_truth,-0.020631,-0.036000,-0.006924,-0.022204,-0.020700,-0.002616,True,,,,,,,,,-0.161991,0.280059,0.378524,0.000000,0.000000,0.000000,0.000000,0.000000,0.000000,0.000000,0.000000,0.000000,0.000000,0.000000,0.000000,READY
1786354866167191837,2026-08-10T16:41:06.167214,ground_truth,-0.021797,-0.018000,-0.005375,-0.022204,-0.020700,-0.002616,True,,,,,,,,,-0.161991,0.280059,0.378524,0.000000,0.000000,0.000000,0.000000,0.000000,0.000000,0.000000,0.000000,0.000000,0.000000,0.000000,0.000000,READY
1786354866203640408,2026-08-10T16:41:06.203669,ground_truth,-0.021797,-0.018000,-0.005375,-0.022204,-0.020700,-0.002616,True,,,,,,,,,-0.161991,0.280059,0.378524,0.000000,0.000000,0.000000,0.000000,0.000000,0.000000,0.000000,0.000000,0.000000,0.000000,0.000000,0.000000,READY
1786354866236061458,2026-08-10T16:41:06.236097,ground_truth,-0.023153,-0.027000,-0.006149,-0.022204,-0.020700,-0.002616,True,,,,,,,,,-0.161991,0.280059,0.378524,0.000000,0.000000,0.000000,0.000000,0.000000,0.000000,0.000000,0.000000,0.000000,0.000000,0.000000,0.000000,READY
1786354866295367063,2026-08-10T16:41:06.295382,prediction,-0.027219,-0.054000,-0.008474,-0.027219,-0.054000,-0.008474,True,0.052781,-0.124326,-0.026531,0.080000,0.070326,0.018057,21.65,10,-0.161991,0.280059,0.378524,0.000000,0.000000,0.000000,0.000000,0.000000,0.000000,0.000000,0.000000,0.000000,0.000000,0.000000,0.000000,FOLLOWER
1786354866329928736,2026-08-10T16:41:06.329947,prediction,-0.024508,-0.036000,-0.006924,-0.024508,-0.039600,-0.006924,True,0.054136,-0.115273,-0.025353,0.078644,0.075673,0.018429,20.49,10,-0.161991,0.280059,0.378524,0.000000,0.000000,0.000000,0.000000,0.000000,0.000000,0.000000,0.000000,0.000000,0.000000,0.000000,0.000000,FOLLOWER
1786354866354065747,2026-08-10T16:41:06.354080,prediction,-0.021797,-0.018000,-0.005375,-0.021797,-0.036720,-0.005375,True,0.056170,-0.108239,-0.023718,0.077967,0.071519,0.018343,16.20,10,-0.161991,0.280059,0.378524,0.000000,0.000000,0.000000,0.000000,0.000000,0.000000,0.000000,0.000000,0.000000,0.000000,0.000000,0.000000,FOLLOWER
1786354866388118727,2026-08-10T16:41:06.388138,prediction,-0.024508,-0.036000,-0.006924,-0.024508,-0.036144,-0.006924,True,0.055831,-0.104662,-0.023772,0.080339,0.068518,0.016847,16.53,10,-0.161991,0.280059,0.378524,0.000000,0.000000,0.000000,0.000000,0.000000,0.000000,0.000000,0.000000,0.000000,0.000000,0.000000,0.000000,FOLLOWER
1786354866418159757,2026-08-10T16:41:06.418175,prediction,-0.023153,-0.027000,-0.006149,-0.022204,-0.020700,-0.002616,True,0.056814,-0.094662,-0.021053,0.079017,0.073962,0.018437,14.76,10,-0.161991,0.280059,0.378524,0.000000,0.000000,0.000000,0.000000,0.000000,0.000000,0.000000,0.000000,0.000000,0.000000,0.000000,0.000000,FOLLOWER
1786354866458156612,2026-08-10T16:41:06.458173,prediction,-0.021797,-0.018000,-0.005375,-0.022204,-0.020700,-0.002616,True,0.057305,-0.087720,-0.019585,0.079509,0.067019,0.016969,19.39,10,-0.161991,0.280059,0.378524,0.000000,0.000000,0.000000,0.000000,0.000000,0.000000,0.000000,0.000000,0.000000,0.000000,0.000000,0.000000,FOLLOWER
1786354866489958469,2026-08-10T16:41:06.489978,prediction,-0.019291,-0.027000,-0.006149,-0.022204,-0.020700,-0.002616,True,0.057551,-0.084338,-0.018807,0.079754,0.063638,0.016191,16.48,10,-0.161991,0.280059,0.378524,0.000000,0.000000,0.000000,0.000000,0.000000,0.000000,0.000000,0.000000,0.000000,0.000000,0.000000,0.000000,FOLLOWER
1786354866522325425,2026-08-10T16:41:06.522342,prediction,-0.017950,-0.018000,-0.005375,-0.022204,-0.020700,-0.002616,True,0.057673,-0.082779,-0.018400,0.079877,0.062079,0.015784,17.35,10,-0.161991,0.280059,0.378524,0.000000,0.000000,0.000000,0.000000,0.000000,0.000000,0.000000,0.000000,0.000000,0.000000,0.000000,0.000000,FOLLOWER
1786354866551398594,2026-08-10T16:41:06.551415,prediction,-0.020631,-0.036000,-0.006924,-0.022204,-0.020700,-0.002616,True,0.057735,-0.082122,-0.018203,0.079939,0.061422,0.015587,15.20,10,-0.161991,0.280059,0.378524,0.000000,0.000000,0.000000,0.000000,0.000000,0.000000,0.000000,0.000000,0.000000,0.000000,0.000000,0.000000,FOLLOWER
1786354866589804929,2026-08-10T16:41:06.589822,prediction,-0.020631,-0.036000,-0.006924,-0.022204,-0.020700,-0.002616,True,0.057766,-0.081871,-0.018119,0.079969,0.061171,0.015503,17.41,10,-0.161991,0.280059,0.378524,0.000000,0.000000,0.000000,0.000000,0.000000,0.000000,0.000000,0.000000,0.000000,0.000000,0.000000,0.000000,FOLLOWER
1786354866626360504,2026-08-10T16:41:06.626380,prediction,-0.020631,-0.036000,-0.006924,-0.022204,-0.020700,-0.002616,True,0.057781,-0.081852,-0.018126,0.079985,0.061151,0.015510,21.48,10,-0.161991,0.280059,0.378524,0.000000,0.000000,0.000000,0.000000,0.000000,0.000000,0.000000,0.000000,0.000000,0.000000,0.000000,0.000000,FOLLOWER
1786354866657951478,2026-08-10T16:41:06.657968,prediction,-0.019291,-0.027000,-0.006149,-0.022204,-0.020700,-0.002616,True,0.057789,-0.081906,-0.018168,0.079992,0.061206,0.015552,17.41,10,-0.161991,0.280059,0.378524,0.000000,0.000000,0.000000,0.000000,0.000000,0.000000,0.000000,0.000000,0.000000,0.000000,0.000000,0.000000,FOLLOWER
1786354866688020310,2026-08-10T16:41:06.688035,prediction,-0.019291,-0.027000,-0.006149,-0.022204,-0.020700,-0.002616,True,0.057792,-0.081970,-0.018212,0.079996,0.061270,0.015596,16.33,10,-0.161991,0.280059,0.378524,0.000000,0.000000,0.000000,0.000000,0.000000,0.000000,0.000000,0.000000,0.000000,0.000000,0.000000,0.000000,FOLLOWER
1786354866723052874,2026-08-10T16:41:06.723069,prediction,-0.017950,-0.018000,-0.005375,-0.022204,-0.020700,-0.002616,True,0.057794,-0.082037,-0.018262,0.079998,0.061337,0.015645,18.62,10,-0.161991,0.280059,0.378524,0.000000,0.000000,0.000000,0.000000,0.000000,0.000000,0.000000,0.000000,0.000000,0.000000,0.000000,0.000000,FOLLOWER
1786354866758238470,2026-08-10T16:41:06.758256,prediction,-0.019291,-0.027000,-0.006149,-0.022204,-0.020700,-0.002616,True,0.057795,-0.082070,-0.018286,0.079999,0.061370,0.015670,21.07,10,-0.161991,0.280059,0.378524,0.000000,0.000000,0.000000,0.000000,0.000000,0.000000,0.000000,0.000000,0.000000,0.000000,0.000000,0.000000,FOLLOWER
1786354866786887418,2026-08-10T16:41:06.786901,prediction,-0.021972,-0.045000,-0.007699,-0.022204,-0.020700,-0.002616,True,0.057796,-0.082087,-0.018298,0.080000,0.061386,0.015682,16.87,10,-0.161991,0.280059,0.378524,0.000000,0.000000,0.000000,0.000000,0.000000,0.000000,0.000000,0.000000,0.000000,0.000000,0.000000,0.000000,FOLLOWER
1786354866821695853,2026-08-10T16:41:06.821710,prediction,-0.020631,-0.036000,-0.006924,-0.022204,-0.020700,-0.002616,True,0.057796,-0.082095,-0.018305,0.080000,0.061395,0.015688,17.37,10,-0.161991,0.280059,0.378524,0.000000,0.000000,0.000000,0.000000,0.000000,0.000000,0.000000,0.000000,0.000000,0.000000,0.000000,0.000000,FOLLOWER
1786354866856829620,2026-08-10T16:41:06.856848,prediction,-0.021972,-0.045000,-0.007699,-0.022204,-0.020700,-0.002616,True,0.057796,-0.082099,-0.018308,0.080000,0.061399,0.015691,19.71,10,-0.161991,0.280059,0.378524,0.000000,0.000000,0.000000,0.000000,0.000000,0.000000,0.000000,0.000000,0.000000,0.000000,0.000000,0.000000,FOLLOWER
1786354866884051299,2026-08-10T16:41:06.884070,prediction,-0.020631,-0.036000,-0.006924,-0.022204,-0.020700,-0.002616,True,0.057796,-0.082101,-0.018309,0.080000,0.061401,0.015693,14.47,10,-0.161991,0.280059,0.378524,0.000000,0.000000,0.000000,0.000000,0.000000,0.000000,0.000000,0.000000,0.000000,0.000000,0.000000,0.000000,FOLLOWER
1786354866920449023,2026-08-10T16:41:06.920465,prediction,-0.019291,-0.027000,-0.006149,-0.022204,-0.020700,-0.002616,True,0.057796,-0.082102,-0.018310,0.080000,0.061402,0.015694,16.00,10,-0.161991,0.280059,0.378524,0.000000,0.000000,0.000000,0.000000,0.000000,0.000000,0.000000,0.000000,0.000000,0.000000,0.000000,0.000000,FOLLOWER
1786354866954453110,2026-08-10T16:41:06.954468,prediction,-0.017950,-0.018000,-0.005375,-0.022204,-0.020700,-0.002616,True,0.057796,-0.082103,-0.018310,0.080000,0.061403,0.015694,16.74,10,-0.161991,0.280059,0.378524,0.000000,0.000000,0.000000,0.000000,0.000000,0.000000,0.000000,0.000000,0.000000,0.000000,0.000000,0.000000,FOLLOWER
1786354866987180957,2026-08-10T16:41:06.987205,prediction,-0.016609,-0.009000,-0.004600,-0.022204,-0.020700,-0.002616,True,0.057796,-0.082103,-0.018311,0.080000,0.061403,0.015694,16.38,10,-0.161991,0.280059,0.378524,0.000000,0.000000,0.000000,0.000000,0.000000,0.000000,0.000000,0.000000,0.000000,0.000000,0.000000,0.000000,FOLLOWER
1786354867021336462,2026-08-10T16:41:07.021353,prediction,-0.019291,-0.027000,-0.006149,-0.022204,-0.020700,-0.002616,True,0.057796,-0.082103,-0.018311,0.080000,0.061403,0.015694,17.33,10,-0.161991,0.280059,0.378524,0.000000,0.000000,0.000000,0.000000,0.000000,0.000000,0.000000,0.000000,0.000000,0.000000,0.000000,0.000000,FOLLOWER
1786354867057215092,2026-08-10T16:41:07.057236,prediction,-0.020631,-0.036000,-0.006924,-0.022204,-0.020700,-0.002616,True,0.057796,-0.082103,-0.018311,0.080000,0.061403,0.015694,18.06,10,-0.161991,0.280059,0.378524,0.000000,0.000000,0.000000,0.000000,0.000000,0.000000,0.000000,0.000000,0.000000,0.000000,0.000000,0.000000,FOLLOWER
1786354867096116430,2026-08-10T16:41:07.096138,prediction,-0.020631,-0.036000,-0.006924,-0.022204,-0.020700,-0.002616,True,0.057796,-0.082103,-0.018311,0.080000,0.061403,0.015694,23.10,10,-0.161991,0.280059,0.378524,0.000000,0.000000,0.000000,0.000000,0.000000,0.000000,0.000000,0.000000,0.000000,0.000000,0.000000,0.000000,FOLLOWER
1786354867130759096,2026-08-10T16:41:07.130779,prediction,-0.021972,-0.045000,-0.007699,-0.022204,-0.020700,-0.002616,True,0.057796,-0.082103,-0.018311,0.080000,0.061403,0.015694,24.27,10,-0.161991,0.280059,0.378524,0.000000,0.000000,0.000000,0.000000,0.000000,0.000000,0.000000,0.000000,0.000000,0.000000,0.000000,0.000000,FOLLOWER
1786354867168631928,2026-08-10T16:41:07.168680,prediction,-0.017950,-0.018000,-0.005375,-0.022204,-0.020700,-0.002616,True,0.057796,-0.082103,-0.018311,0.080000,0.061403,0.015694,26.65,10,-0.161991,0.280059,0.378524,0.000000,0.000000,0.000000,0.000000,0.000000,0.000000,0.000000,0.000000,0.000000,0.000000,0.000000,0.000000,FOLLOWER
1786354867193218338,2026-08-10T16:41:07.193243,prediction,-0.019291,-0.027000,-0.006149,-0.022204,-0.020700,-0.002616,True,0.057796,-0.082103,-0.018311,0.080000,0.061403,0.015694,19.01,10,-0.161991,0.280059,0.378524,0.000000,0.000000,0.000000,0.000000,0.000000,0.000000,0.000000,0.000000,0.000000,0.000000,0.000000,0.000000,FOLLOWER
1786354867248311024,2026-08-10T16:41:07.248328,prediction,-0.019291,-0.027000,-0.006149,-0.022204,-0.020700,-0.002616,True,0.057796,-0.082103,-0.018311,0.080000,0.061403,0.015694,37.04,10,-0.161991,0.280059,0.378524,0.000000,0.000000,0.000000,0.000000,0.000000,0.000000,0.000000,0.000000,0.000000,0.000000,0.000000,0.000000,FOLLOWER
1786354867280155209,2026-08-10T16:41:07.280177,prediction,-0.021972,-0.045000,-0.007699,-0.022204,-0.020700,-0.002616,True,0.057796,-0.082103,-0.018311,0.080000,0.061403,0.015694,31.11,10,-0.161991,0.280059,0.378524,0.000000,0.000000,0.000000,0.000000,0.000000,0.000000,0.000000,0.000000,0.000000,0.000000,0.000000,0.000000,FOLLOWER
1786354867314352474,2026-08-10T16:41:07.314377,prediction,-0.019291,-0.027000,-0.006149,-0.022204,-0.020700,-0.002616,True,0.057796,-0.082103,-0.018311,0.080000,0.061403,0.015694,33.53,10,-0.161991,0.280059,0.378524,0.000000,0.000000,0.000000,0.000000,0.000000,0.000000,0.000000,0.000000,0.000000,0.000000,0.000000,0.000000,FOLLOWER
1786354867344398972,2026-08-10T16:41:07.344415,prediction,-0.017950,-0.018000,-0.005375,-0.022204,-0.020700,-0.002616,True,0.057796,-0.082103,-0.018311,0.080000,0.061403,0.015694,29.77,10,-0.161991,0.280059,0.378524,0.000000,0.000000,0.000000,0.000000,0.000000,0.000000,0.000000,0.000000,0.000000,0.000000,0.000000,0.000000,FOLLOWER
1786354867364795149,2026-08-10T16:41:07.364820,prediction,-0.017950,-0.018000,-0.005375,-0.022204,-0.020700,-0.002616,True,0.057796,-0.082103,-0.018311,0.080000,0.061403,0.015694,19.66,10,-0.161991,0.280059,0.378524,0.000000,0.000000,0.000000,0.000000,0.000000,0.000000,0.000000,0.000000,0.000000,0.000000,0.000000,0.000000,FOLLOWER
1786354867385995925,2026-08-10T16:41:07.386020,prediction,-0.019291,-0.027000,-0.006149,-0.022204,-0.020700,-0.002616,True,0.057796,-0.082103,-0.018311,0.080000,0.061403,0.015694,15.67,10,-0.161991,0.280059,0.378524,0.000000,0.000000,0.000000,0.000000,0.000000,0.000000,0.000000,0.000000,0.000000,0.000000,0.000000,0.000000,FOLLOWER
1786354867419554278,2026-08-10T16:41:07.419571,prediction,-0.019291,-0.027000,-0.006149,-0.022204,-0.020700,-0.002616,True,0.057796,-0.082103,-0.018311,0.080000,0.061403,0.015694,16.00,10,-0.161991,0.280059,0.378524,0.000000,0.000000,0.000000,0.000000,0.000000,0.000000,0.000000,0.000000,0.000000,0.000000,0.000000,0.000000,FOLLOWER
1786354867456030260,2026-08-10T16:41:07.456044,prediction,-0.020631,-0.036000,-0.006924,-0.022204,-0.020700,-0.002616,True,0.057796,-0.082103,-0.018311,0.080000,0.061403,0.015694,16.69,10,-0.161991,0.280059,0.378524,0.000000,0.000000,0.000000,0.000000,0.000000,0.000000,0.000000,0.000000,0.000000,0.000000,0.000000,0.000000,FOLLOWER
1786354867486840088,2026-08-10T16:41:07.486866,prediction,-0.020631,-0.036000,-0.006924,-0.022204,-0.020700,-0.002616,True,0.057796,-0.082103,-0.018311,0.080000,0.061403,0.015694,15.53,10,-0.161991,0.280059,0.378524,0.000000,0.000000,0.000000,0.000000,0.000000,0.000000,0.000000,0.000000,0.000000,0.000000,0.000000,0.000000,FOLLOWER
1786354867521858572,2026-08-10T16:41:07.521871,prediction,-0.019291,-0.027000,-0.002280,-0.022204,-0.020700,-0.002616,True,0.057796,-0.082103,-0.018311,0.080000,0.061403,0.015694,16.77,10,-0.161991,0.280059,0.378524,0.000000,0.000000,0.000000,0.000000,0.000000,0.000000,0.000000,0.000000,0.000000,0.000000,0.000000,0.000000,FOLLOWER
1786354867554265123,2026-08-10T16:41:07.554281,prediction,-0.019291,-0.027000,-0.002280,-0.022204,-0.020700,-0.002616,True,0.057796,-0.082103,-0.018311,0.080000,0.061403,0.015694,15.95,10,-0.161991,0.280059,0.378524,0.000000,0.000000,0.000000,0.000000,0.000000,0.000000,0.000000,0.000000,0.000000,0.000000,0.000000,0.000000,FOLLOWER
1786354867588465193,2026-08-10T16:41:07.588485,prediction,-0.020631,-0.036000,-0.003040,-0.022204,-0.020700,-0.002616,True,0.057796,-0.082103,-0.018311,0.080000,0.061403,0.015694,15.50,10,-0.161991,0.280059,0.378524,0.000000,0.000000,0.000000,0.000000,0.000000,0.000000,0.000000,0.000000,0.000000,0.000000,0.000000,0.000000,FOLLOWER
1786354867620983056,2026-08-10T16:41:07.621002,prediction,-0.021972,-0.045000,-0.003801,-0.022204,-0.020700,-0.002616,True,0.057796,-0.082103,-0.018311,0.080000,0.061403,0.015694,15.49,10,-0.161991,0.280059,0.378524,0.000000,0.000000,0.000000,0.000000,0.000000,0.000000,0.000000,0.000000,0.000000,0.000000,0.000000,0.000000,FOLLOWER
1786354867660673364,2026-08-10T16:41:07.660689,prediction,-0.021972,-0.045000,-0.003801,-0.022204,-0.020700,-0.002616,True,0.057796,-0.082103,-0.018311,0.080000,0.061403,0.015694,23.05,10,-0.161991,0.280059,0.378524,0.000000,0.000000,0.000000,0.000000,0.000000,0.000000,0.000000,0.000000,0.000000,0.000000,0.000000,0.000000,FOLLOWER
1786354867689838968,2026-08-10T16:41:07.689853,prediction,-0.019291,-0.027000,-0.002280,-0.022204,-0.020700,-0.002616,True,0.057796,-0.082103,-0.018311,0.080000,0.061403,0.015694,16.07,10,-0.161991,0.280059,0.378524,0.000000,0.000000,0.000000,0.000000,0.000000,0.000000,0.000000,0.000000,0.000000,0.000000,0.000000,0.000000,FOLLOWER
1786354867721759249,2026-08-10T16:41:07.721774,prediction,-0.020631,-0.036000,-0.003040,-0.022204,-0.020700,-0.002616,True,0.057796,-0.082103,-0.018311,0.080000,0.061403,0.015694,15.51,10,-0.161991,0.280059,0.378524,0.000000,0.000000,0.000000,0.000000,0.000000,0.000000,0.000000,0.000000,0.000000,0.000000,0.000000,0.000000,FOLLOWER
1786354867755335747,2026-08-10T16:41:07.755349,prediction,-0.021972,-0.045000,-0.003801,-0.022204,-0.020700,-0.002616,True,0.057796,-0.082103,-0.018311,0.080000,0.061403,0.015694,15.61,10,-0.161991,0.280059,0.378524,0.000000,0.000000,0.000000,0.000000,0.000000,0.000000,0.000000,0.000000,0.000000,0.000000,0.000000,0.000000,FOLLOWER
1786354867790218742,2026-08-10T16:41:07.790240,prediction,-0.019291,-0.027000,-0.002280,-0.022204,-0.020700,-0.002616,True,0.057796,-0.082103,-0.018311,0.080000,0.061403,0.015694,18.93,10,-0.161991,0.280059,0.378524,0.000000,0.000000,0.000000,0.000000,0.000000,0.000000,0.000000,0.000000,0.000000,0.000000,0.000000,0.000000,FOLLOWER
1786354867823088559,2026-08-10T16:41:07.823107,prediction,-0.020631,-0.036000,-0.006924,-0.022204,-0.020700,-0.002616,True,0.057796,-0.082103,-0.018311,0.080000,0.061403,0.015694,17.89,10,-0.161991,0.280059,0.378524,0.000000,0.000000,0.000000,0.000000,0.000000,0.000000,0.000000,0.000000,0.000000,0.000000,0.000000,0.000000,FOLLOWER
1786354867854325784,2026-08-10T16:41:07.854343,prediction,-0.020631,-0.036000,-0.006924,-0.022204,-0.020700,-0.002616,True,0.057796,-0.082103,-0.018311,0.080000,0.061403,0.015694,14.88,10,-0.161991,0.280059,0.378524,0.000000,0.000000,0.000000,0.000000,0.000000,0.000000,0.000000,0.000000,0.000000,0.000000,0.000000,0.000000,FOLLOWER
1786354867887999848,2026-08-10T16:41:07.888012,prediction,-0.017950,-0.018000,-0.005375,-0.022204,-0.020700,-0.002616,True,0.057796,-0.082103,-0.018311,0.080000,0.061403,0.015694,16.67,10,-0.161991,0.280059,0.378524,0.000000,0.000000,0.000000,0.000000,0.000000,0.000000,0.000000,0.000000,0.000000,0.000000,0.000000,0.000000,FOLLOWER
1786354867923265225,2026-08-10T16:41:07.923286,prediction,-0.019291,-0.027000,-0.006149,-0.022204,-0.020700,-0.002616,True,0.057796,-0.082103,-0.018311,0.080000,0.061403,0.015694,16.73,10,-0.161991,0.280059,0.378524,0.000000,0.000000,0.000000,0.000000,0.000000,0.000000,0.000000,0.000000,0.000000,0.000000,0.000000,0.000000,FOLLOWER
1786354867954084040,2026-08-10T16:41:07.954098,prediction,-0.017950,-0.018000,-0.005375,-0.022204,-0.020700,-0.002616,True,0.057796,-0.082103,-0.018311,0.080000,0.061403,0.015694,16.20,10,-0.161991,0.280059,0.378524,0.000000,0.000000,0.000000,0.000000,0.000000,0.000000,0.000000,0.000000,0.000000,0.000000,0.000000,0.000000,FOLLOWER
1786354867988981063,2026-08-10T16:41:07.989013,prediction,-0.017950,-0.018000,-0.005375,-0.022204,-0.020700,-0.002616,True,0.057796,-0.082103,-0.018311,0.080000,0.061403,0.015694,16.73,10,-0.161991,0.280059,0.378524,0.000000,0.000000,0.000000,0.000000,0.000000,0.000000,0.000000,0.000000,0.000000,0.000000,0.000000,0.000000,FOLLOWER
1786354868023030313,2026-08-10T16:41:08.023048,prediction,-0.020631,-0.036000,-0.006924,-0.022204,-0.020700,-0.002616,True,0.057796,-0.082103,-0.018311,0.080000,0.061403,0.015694,16.61,10,-0.161991,0.280059,0.378524,0.000000,0.000000,0.000000,0.000000,0.000000,0.000000,0.000000,0.000000,0.000000,0.000000,0.000000,0.000000,FOLLOWER
1786354868054100757,2026-08-10T16:41:08.054128,prediction,-0.017950,-0.018000,-0.005375,-0.022204,-0.020700,-0.002616,True,0.057796,-0.082103,-0.018311,0.080000,0.061403,0.015694,15.16,10,-0.161991,0.280059,0.378524,0.000000,0.000000,0.000000,0.000000,0.000000,0.000000,0.000000,0.000000,0.000000,0.000000,0.000000,0.000000,FOLLOWER
1786354868086350407,2026-08-10T16:41:08.086368,prediction,-0.017950,-0.018000,-0.005375,-0.022204,-0.020700,-0.002616,True,0.057796,-0.082103,-0.018311,0.080000,0.061403,0.015694,15.00,10,-0.161991,0.280059,0.378524,0.000000,0.000000,0.000000,0.000000,0.000000,0.000000,0.000000,0.000000,0.000000,0.000000,0.000000,0.000000,FOLLOWER
1786354868119781294,2026-08-10T16:41:08.119839,prediction,-0.020631,-0.036000,-0.006924,-0.022204,-0.020700,-0.002616,True,0.057796,-0.082103,-0.018311,0.080000,0.061403,0.015694,15.22,10,-0.161991,0.280059,0.378524,0.000000,0.000000,0.000000,0.000000,0.000000,0.000000,0.000000,0.000000,0.000000,0.000000,0.000000,0.000000,FOLLOWER
1786354868153621063,2026-08-10T16:41:08.153642,prediction,-0.019291,-0.027000,-0.006149,-0.022204,-0.020700,-0.002616,True,0.057796,-0.082103,-0.018311,0.080000,0.061403,0.015694,15.18,10,-0.161991,0.280059,0.378524,0.000000,0.000000,0.000000,0.000000,0.000000,0.000000,0.000000,0.000000,0.000000,0.000000,0.000000,0.000000,FOLLOWER
1786354868185095300,2026-08-10T16:41:08.185110,prediction,-0.017950,-0.018000,-0.005375,-0.022204,-0.020700,-0.002616,True,0.057796,-0.082103,-0.018311,0.080000,0.061403,0.015694,13.70,10,-0.161991,0.280059,0.378524,0.000000,0.000000,0.000000,0.000000,0.000000,0.000000,0.000000,0.000000,0.000000,0.000000,0.000000,0.000000,FOLLOWER
1786354868222189512,2026-08-10T16:41:08.222202,prediction,-0.020631,-0.036000,-0.006924,-0.022204,-0.020700,-0.002616,True,0.057796,-0.082103,-0.018311,0.080000,0.061403,0.015694,16.13,10,-0.161991,0.280059,0.378524,0.000000,0.000000,0.000000,0.000000,0.000000,0.000000,0.000000,0.000000,0.000000,0.000000,0.000000,0.000000,FOLLOWER
1786354868253005810,2026-08-10T16:41:08.253024,prediction,-0.017950,-0.018000,-0.005375,-0.022204,-0.020700,-0.002616,True,0.057796,-0.082103,-0.018311,0.080000,0.061403,0.015694,14.85,10,-0.161991,0.280059,0.378524,0.000000,0.000000,0.000000,0.000000,0.000000,0.000000,0.000000,0.000000,0.000000,0.000000,0.000000,0.000000,FOLLOWER
1786354868287759186,2026-08-10T16:41:08.287785,prediction,-0.020631,-0.036000,-0.006924,-0.022204,-0.020700,-0.002616,True,0.057796,-0.082103,-0.018311,0.080000,0.061403,0.015694,15.92,10,-0.161991,0.280059,0.378524,0.000000,0.000000,0.000000,0.000000,0.000000,0.000000,0.000000,0.000000,0.000000,0.000000,0.000000,0.000000,FOLLOWER
1786354868321977158,2026-08-10T16:41:08.321994,prediction,-0.017950,-0.018000,-0.005375,-0.022204,-0.020700,-0.002616,True,0.057796,-0.082103,-0.018311,0.080000,0.061403,0.015694,15.95,10,-0.161991,0.280059,0.378524,0.000000,0.000000,0.000000,0.000000,0.000000,0.000000,0.000000,0.000000,0.000000,0.000000,0.000000,0.000000,FOLLOWER
1786354868353102167,2026-08-10T16:41:08.353123,prediction,-0.017950,-0.018000,-0.005375,-0.022204,-0.020700,-0.002616,True,0.057796,-0.082103,-0.018311,0.080000,0.061403,0.015694,14.83,10,-0.161991,0.280059,0.378524,0.000000,0.000000,0.000000,0.000000,0.000000,0.000000,0.000000,0.000000,0.000000,0.000000,0.000000,0.000000,FOLLOWER
1786354868387372870,2026-08-10T16:41:08.387391,prediction,-0.016609,-0.009000,-0.004600,-0.022204,-0.020700,-0.002616,True,0.057796,-0.082103,-0.018311,0.080000,0.061403,0.015694,15.93,10,-0.161991,0.280059,0.378524,0.000000,0.000000,0.000000,0.000000,0.000000,0.000000,0.000000,0.000000,0.000000,0.000000,0.000000,0.000000,FOLLOWER
1786354868425521778,2026-08-10T16:41:08.425542,prediction,-0.017950,-0.018000,-0.005375,-0.022204,-0.020700,-0.002616,True,0.057796,-0.082103,-0.018311,0.080000,0.061403,0.015694,17.21,10,-0.161991,0.280059,0.378524,0.000000,0.000000,0.000000,0.000000,0.000000,0.000000,0.000000,0.000000,0.000000,0.000000,0.000000,0.000000,FOLLOWER
1786354868454555569,2026-08-10T16:41:08.454577,prediction,-0.017950,-0.018000,-0.005375,-0.022204,-0.020700,-0.002616,True,0.057796,-0.082103,-0.018311,0.080000,0.061403,0.015694,16.36,10,-0.161991,0.280059,0.378524,0.000000,0.000000,0.000000,0.000000,0.000000,0.000000,0.000000,0.000000,0.000000,0.000000,0.000000,0.000000,FOLLOWER
1786354868487510146,2026-08-10T16:41:08.487530,prediction,-0.017950,-0.018000,-0.005375,-0.022204,-0.020700,-0.002616,True,0.057796,-0.082103,-0.018311,0.080000,0.061403,0.015694,15.83,10,-0.161991,0.280059,0.378524,0.000000,0.000000,0.000000,0.000000,0.000000,0.000000,0.000000,0.000000,0.000000,0.000000,0.000000,0.000000,FOLLOWER
1786354868522441542,2026-08-10T16:41:08.522459,prediction,-0.019291,-0.027000,-0.006149,-0.022204,-0.020700,-0.002616,True,0.057796,-0.082103,-0.018311,0.080000,0.061403,0.015694,16.08,10,-0.161991,0.280059,0.378524,0.000000,0.000000,0.000000,0.000000,0.000000,0.000000,0.000000,0.000000,0.000000,0.000000,0.000000,0.000000,FOLLOWER
1786354868554635445,2026-08-10T16:41:08.554649,prediction,-0.019291,-0.027000,-0.006149,-0.022204,-0.020700,-0.002616,True,0.057796,-0.082103,-0.018311,0.080000,0.061403,0.015694,15.33,10,-0.161991,0.280059,0.378524,0.000000,0.000000,0.000000,0.000000,0.000000,0.000000,0.000000,0.000000,0.000000,0.000000,0.000000,0.000000,FOLLOWER
1786354868588419017,2026-08-10T16:41:08.588436,prediction,-0.019291,-0.027000,-0.006149,-0.022204,-0.020700,-0.002616,True,0.057796,-0.082103,-0.018311,0.080000,0.061403,0.015694,15.84,10,-0.161991,0.280059,0.378524,0.000000,0.000000,0.000000,0.000000,0.000000,0.000000,0.000000,0.000000,0.000000,0.000000,0.000000,0.000000,FOLLOWER
1786354868619546269,2026-08-10T16:41:08.619564,prediction,-0.016609,-0.009000,-0.000760,-0.022204,-0.020700,-0.002616,True,0.057796,-0.082103,-0.018311,0.080000,0.061403,0.015694,14.53,10,-0.161991,0.280059,0.378524,0.000000,0.000000,0.000000,0.000000,0.000000,0.000000,0.000000,0.000000,0.000000,0.000000,0.000000,0.000000,FOLLOWER
1786354868654333320,2026-08-10T16:41:08.654346,prediction,-0.017950,-0.018000,-0.005375,-0.022204,-0.020700,-0.002616,True,0.057796,-0.082103,-0.018311,0.080000,0.061403,0.015694,15.02,10,-0.161991,0.280059,0.378524,0.000000,0.000000,0.000000,0.000000,0.000000,0.000000,0.000000,0.000000,0.000000,0.000000,0.000000,0.000000,FOLLOWER
1786354868691376213,2026-08-10T16:41:08.691394,prediction,-0.020631,-0.036000,-0.006924,-0.022204,-0.020700,-0.002616,True,0.057796,-0.082103,-0.018311,0.080000,0.061403,0.015694,16.74,10,-0.161991,0.280059,0.378524,0.000000,0.000000,0.000000,0.000000,0.000000,0.000000,0.000000,0.000000,0.000000,0.000000,0.000000,0.000000,FOLLOWER
1786354868721720670,2026-08-10T16:41:08.721734,prediction,-0.017950,-0.018000,-0.005375,-0.022204,-0.020700,-0.002616,True,0.057796,-0.082103,-0.018311,0.080000,0.061403,0.015694,15.14,10,-0.161991,0.280059,0.378524,0.000000,0.000000,0.000000,0.000000,0.000000,0.000000,0.000000,0.000000,0.000000,0.000000,0.000000,0.000000,FOLLOWER
1786354868759538936,2026-08-10T16:41:08.759560,prediction,-0.019291,-0.027000,-0.006149,-0.022204,-0.020700,-0.002616,True,0.057796,-0.082103,-0.018311,0.080000,0.061403,0.015694,18.50,10,-0.161991,0.280059,0.378524,0.000000,0.000000,0.000000,0.000000,0.000000,0.000000,0.000000,0.000000,0.000000,0.000000,0.000000,0.000000,FOLLOWER
1786354868788695922,2026-08-10T16:41:08.788710,prediction,-0.020631,-0.036000,-0.006924,-0.022204,-0.020700,-0.002616,True,0.057796,-0.082103,-0.018311,0.080000,0.061403,0.015694,16.94,10,-0.161991,0.280059,0.378524,0.000000,0.000000,0.000000,0.000000,0.000000,0.000000,0.000000,0.000000,0.000000,0.000000,0.000000,0.000000,FOLLOWER
1786354868820342087,2026-08-10T16:41:08.820362,prediction,-0.020631,-0.036000,-0.006924,-0.022204,-0.020700,-0.002616,True,0.057796,-0.082103,-0.018311,0.080000,0.061403,0.015694,14.53,10,-0.161991,0.280059,0.378524,0.000000,0.000000,0.000000,0.000000,0.000000,0.000000,0.000000,0.000000,0.000000,0.000000,0.000000,0.000000,FOLLOWER
1786354868857459453,2026-08-10T16:41:08.857477,prediction,-0.020631,-0.036000,-0.006924,-0.022204,-0.020700,-0.002616,True,0.057796,-0.082103,-0.018311,0.080000,0.061403,0.015694,18.68,10,-0.161991,0.280059,0.378524,0.000000,0.000000,0.000000,0.000000,0.000000,0.000000,0.000000,0.000000,0.000000,0.000000,0.000000,0.000000,FOLLOWER
1786354868890401556,2026-08-10T16:41:08.890413,prediction,-0.017950,-0.018000,-0.005375,-0.022204,-0.020700,-0.002616,True,0.057796,-0.082103,-0.018311,0.080000,0.061403,0.015694,15.91,10,-0.161991,0.280059,0.378524,0.000000,0.000000,0.000000,0.000000,0.000000,0.000000,0.000000,0.000000,0.000000,0.000000,0.000000,0.000000,FOLLOWER
1786354868920268820,2026-08-10T16:41:08.920295,prediction,-0.020631,-0.036000,-0.006924,-0.022204,-0.020700,-0.002616,True,0.057796,-0.082103,-0.018311,0.080000,0.061403,0.015694,14.89,10,-0.161991,0.280059,0.378524,0.000000,0.000000,0.000000,0.000000,0.000000,0.000000,0.000000,0.000000,0.000000,0.000000,0.000000,0.000000,FOLLOWER
1786354868954529364,2026-08-10T16:41:08.954574,prediction,-0.019291,-0.027000,-0.006149,-0.022204,-0.020700,-0.002616,True,0.057796,-0.082103,-0.018311,0.080000,0.061403,0.015694,15.81,10,-0.161991,0.280059,0.378524,0.000000,0.000000,0.000000,0.000000,0.000000,0.000000,0.000000,0.000000,0.000000,0.000000,0.000000,0.000000,FOLLOWER
1786354868988976815,2026-08-10T16:41:08.988990,prediction,-0.019291,-0.027000,-0.006149,-0.022204,-0.020700,-0.002616,True,0.057796,-0.082103,-0.018311,0.080000,0.061403,0.015694,17.76,10,-0.161991,0.280059,0.378524,0.000000,0.000000,0.000000,0.000000,0.000000,0.000000,0.000000,0.000000,0.000000,0.000000,0.000000,0.000000,FOLLOWER
1786354869022383505,2026-08-10T16:41:09.022398,prediction,-0.023153,-0.027000,-0.006149,-0.022204,-0.020700,-0.002616,True,0.057796,-0.082103,-0.018311,0.080000,0.061403,0.015694,15.77,10,-0.161991,0.280059,0.378524,0.000000,0.000000,0.000000,0.000000,0.000000,0.000000,0.000000,0.000000,0.000000,0.000000,0.000000,0.000000,FOLLOWER
1786354869055564242,2026-08-10T16:41:09.055577,prediction,-0.020631,-0.036000,-0.006924,-0.022204,-0.020700,-0.002616,True,0.057796,-0.082103,-0.018311,0.080000,0.061403,0.015694,15.82,10,-0.161991,0.280059,0.378524,0.000000,0.000000,0.000000,0.000000,0.000000,0.000000,0.000000,0.000000,0.000000,0.000000,0.000000,0.000000,FOLLOWER
1786354869090406787,2026-08-10T16:41:09.090420,prediction,-0.017950,-0.018000,-0.005375,-0.022204,-0.020700,-0.002616,True,0.057796,-0.082103,-0.018311,0.080000,0.061403,0.015694,17.54,10,-0.161991,0.280059,0.378524,0.000000,0.000000,0.000000,0.000000,0.000000,0.000000,0.000000,0.000000,0.000000,0.000000,0.000000,0.000000,FOLLOWER
1786354869120370644,2026-08-10T16:41:09.120390,prediction,-0.017950,-0.018000,-0.005375,-0.022204,-0.020700,-0.002616,True,0.057796,-0.082103,-0.018311,0.080000,0.061403,0.015694,15.28,10,-0.161991,0.280059,0.378524,0.000000,0.000000,0.000000,0.000000,0.000000,0.000000,0.000000,0.000000,0.000000,0.000000,0.000000,0.000000,FOLLOWER
1786354869154069833,2026-08-10T16:41:09.154087,prediction,-0.019291,-0.027000,-0.006149,-0.022204,-0.020700,-0.002616,True,0.057796,-0.082103,-0.018311,0.080000,0.061403,0.015694,15.08,10,-0.161991,0.280059,0.378524,0.000000,0.000000,0.000000,0.000000,0.000000,0.000000,0.000000,0.000000,0.000000,0.000000,0.000000,0.000000,FOLLOWER
1786354869186935798,2026-08-10T16:41:09.186948,prediction,-0.021972,-0.045000,-0.003801,-0.022204,-0.020700,-0.002616,True,0.057796,-0.082103,-0.018311,0.080000,0.061403,0.015694,14.69,10,-0.161991,0.280059,0.378524,0.000000,0.000000,0.000000,0.000000,0.000000,0.000000,0.000000,0.000000,0.000000,0.000000,0.000000,0.000000,FOLLOWER
1786354869222407245,2026-08-10T16:41:09.222422,prediction,-0.017950,-0.018000,-0.005375,-0.022204,-0.020700,-0.002616,True,0.057796,-0.082103,-0.018311,0.080000,0.061403,0.015694,17.25,10,-0.161991,0.280059,0.378524,0.000000,0.000000,0.000000,0.000000,0.000000,0.000000,0.000000,0.000000,0.000000,0.000000,0.000000,0.000000,FOLLOWER
1786354869253831865,2026-08-10T16:41:09.253886,prediction,-0.021972,-0.045000,-0.007699,-0.022204,-0.020700,-0.002616,True,0.057796,-0.082103,-0.018311,0.080000,0.061403,0.015694,14.79,10,-0.161991,0.280059,0.378524,0.000000,0.000000,0.000000,0.000000,0.000000,0.000000,0.000000,0.000000,0.000000,0.000000,0.000000,0.000000,FOLLOWER
1786354869286813111,2026-08-10T16:41:09.286828,prediction,-0.017950,-0.018000,-0.005375,-0.022204,-0.020700,-0.002616,True,0.057796,-0.082103,-0.018311,0.080000,0.061403,0.015694,15.00,10,-0.161991,0.280059,0.378524,0.000000,0.000000,0.000000,0.000000,0.000000,0.000000,0.000000,0.000000,0.000000,0.000000,0.000000,0.000000,FOLLOWER
1786354869325043894,2026-08-10T16:41:09.325060,prediction,-0.019291,-0.027000,-0.006149,-0.022204,-0.020700,-0.002616,True,0.057796,-0.082103,-0.018311,0.080000,0.061403,0.015694,18.02,10,-0.161991,0.280059,0.378524,0.000000,0.000000,0.000000,0.000000,0.000000,0.000000,0.000000,0.000000,0.000000,0.000000,0.000000,0.000000,FOLLOWER
1786354869356754691,2026-08-10T16:41:09.356768,prediction,-0.019291,-0.027000,-0.006149,-0.022204,-0.020700,-0.002616,True,0.057796,-0.082103,-0.018311,0.080000,0.061403,0.015694,16.06,10,-0.161991,0.280059,0.378524,0.000000,0.000000,0.000000,0.000000,0.000000,0.000000,0.000000,0.000000,0.000000,0.000000,0.000000,0.000000,FOLLOWER
1786354869385021013,2026-08-10T16:41:09.385044,prediction,-0.017950,-0.018000,-0.005375,-0.022204,-0.020700,-0.002616,True,0.057796,-0.082103,-0.018311,0.080000,0.061403,0.015694,13.56,10,-0.161991,0.280059,0.378524,0.000000,0.000000,0.000000,0.000000,0.000000,0.000000,0.000000,0.000000,0.000000,0.000000,0.000000,0.000000,FOLLOWER
1786354869421082748,2026-08-10T16:41:09.421099,prediction,-0.019291,-0.027000,-0.006149,-0.022204,-0.020700,-0.002616,True,0.057796,-0.082103,-0.018311,0.080000,0.061403,0.015694,14.47,10,-0.161991,0.280059,0.378524,0.000000,0.000000,0.000000,0.000000,0.000000,0.000000,0.000000,0.000000,0.000000,0.000000,0.000000,0.000000,FOLLOWER
1786354869454983853,2026-08-10T16:41:09.454998,prediction,-0.019291,-0.027000,-0.006149,-0.022204,-0.020700,-0.002616,True,0.057796,-0.082103,-0.018311,0.080000,0.061403,0.015694,16.31,10,-0.161991,0.280059,0.378524,0.000000,0.000000,0.000000,0.000000,0.000000,0.000000,0.000000,0.000000,0.000000,0.000000,0.000000,0.000000,FOLLOWER
1786354869485381489,2026-08-10T16:41:09.485406,prediction,-0.019291,-0.027000,-0.006149,-0.022204,-0.020700,-0.002616,True,0.057796,-0.082103,-0.018311,0.080000,0.061403,0.015694,13.67,10,-0.161991,0.280059,0.378524,0.000000,0.000000,0.000000,0.000000,0.000000,0.000000,0.000000,0.000000,0.000000,0.000000,0.000000,0.000000,FOLLOWER
1786354869520353632,2026-08-10T16:41:09.520368,prediction,-0.020631,-0.036000,-0.006924,-0.022204,-0.020700,-0.002616,True,0.057796,-0.082103,-0.018311,0.080000,0.061403,0.015694,14.92,10,-0.161991,0.280059,0.378524,0.000000,0.000000,0.000000,0.000000,0.000000,0.000000,0.000000,0.000000,0.000000,0.000000,0.000000,0.000000,FOLLOWER
1786354869555918207,2026-08-10T16:41:09.555932,prediction,-0.019291,-0.027000,-0.006149,-0.022204,-0.020700,-0.002616,True,0.057796,-0.082103,-0.018311,0.080000,0.061403,0.015694,17.85,10,-0.161991,0.280059,0.378524,0.000000,0.000000,0.000000,0.000000,0.000000,0.000000,0.000000,0.000000,0.000000,0.000000,0.000000,0.000000,FOLLOWER
1786354869587152704,2026-08-10T16:41:09.587168,prediction,-0.020631,-0.036000,-0.006924,-0.022204,-0.020700,-0.002616,True,0.057796,-0.082103,-0.018311,0.080000,0.061403,0.015694,15.26,10,-0.161991,0.280059,0.378524,0.000000,0.000000,0.000000,0.000000,0.000000,0.000000,0.000000,0.000000,0.000000,0.000000,0.000000,0.000000,FOLLOWER
1786354869621467359,2026-08-10T16:41:09.621485,prediction,-0.017950,-0.018000,-0.005375,-0.022204,-0.020700,-0.002616,True,0.057796,-0.082103,-0.018311,0.080000,0.061403,0.015694,15.66,10,-0.161991,0.280059,0.378524,0.000000,0.000000,0.000000,0.000000,0.000000,0.000000,0.000000,0.000000,0.000000,0.000000,0.000000,0.000000,FOLLOWER
1786354869655456161,2026-08-10T16:41:09.655473,prediction,-0.020631,-0.036000,-0.006924,-0.022204,-0.020700,-0.002616,True,0.057796,-0.082103,-0.018311,0.080000,0.061403,0.015694,15.17,10,-0.161991,0.280059,0.378524,0.000000,0.000000,0.000000,0.000000,0.000000,0.000000,0.000000,0.000000,0.000000,0.000000,0.000000,0.000000,FOLLOWER
1786354869689534545,2026-08-10T16:41:09.689612,prediction,-0.020631,-0.036000,-0.006924,-0.022204,-0.020700,-0.002616,True,0.057796,-0.082103,-0.018311,0.080000,0.061403,0.015694,16.23,10,-0.161991,0.280059,0.378524,0.000000,0.000000,0.000000,0.000000,0.000000,0.000000,0.000000,0.000000,0.000000,0.000000,0.000000,0.000000,FOLLOWER
1786354869725830628,2026-08-10T16:41:09.725852,prediction,-0.017950,-0.018000,-0.005375,-0.022204,-0.020700,-0.002616,True,0.057796,-0.082103,-0.018311,0.080000,0.061403,0.015694,16.11,10,-0.161991,0.280059,0.378524,0.000000,0.000000,0.000000,0.000000,0.000000,0.000000,0.000000,0.000000,0.000000,0.000000,0.000000,0.000000,FOLLOWER
1786354869756970584,2026-08-10T16:41:09.756985,prediction,-0.020631,-0.036000,-0.003040,-0.022204,-0.020700,-0.002616,True,0.057796,-0.082103,-0.018311,0.080000,0.061403,0.015694,15.77,10,-0.161991,0.280059,0.378524,0.000000,0.000000,0.000000,0.000000,0.000000,0.000000,0.000000,0.000000,0.000000,0.000000,0.000000,0.000000,FOLLOWER
1786354869788613742,2026-08-10T16:41:09.788638,prediction,-0.019291,-0.027000,-0.006149,-0.022204,-0.020700,-0.002616,True,0.057796,-0.082103,-0.018311,0.080000,0.061403,0.015694,14.62,10,-0.161991,0.280059,0.378524,0.000000,0.000000,0.000000,0.000000,0.000000,0.000000,0.000000,0.000000,0.000000,0.000000,0.000000,0.000000,FOLLOWER
1786354869822421168,2026-08-10T16:41:09.822435,prediction,-0.019291,-0.027000,-0.002280,-0.022204,-0.020700,-0.002616,True,0.057796,-0.082103,-0.018311,0.080000,0.061403,0.015694,15.35,10,-0.161991,0.280059,0.378524,0.000000,0.000000,0.000000,0.000000,0.000000,0.000000,0.000000,0.000000,0.000000,0.000000,0.000000,0.000000,FOLLOWER
1786354869852055715,2026-08-10T16:41:09.852073,prediction,-0.019291,-0.027000,-0.006149,-0.022204,-0.020700,-0.002616,True,0.057796,-0.082103,-0.018311,0.080000,0.061403,0.015694,13.91,10,-0.161991,0.280059,0.378524,0.000000,0.000000,0.000000,0.000000,0.000000,0.000000,0.000000,0.000000,0.000000,0.000000,0.000000,0.000000,FOLLOWER
1786354869888693151,2026-08-10T16:41:09.888706,prediction,-0.020631,-0.036000,-0.006924,-0.022204,-0.020700,-0.002616,True,0.057796,-0.082103,-0.018311,0.080000,0.061403,0.015694,15.23,10,-0.161991,0.280059,0.378524,0.000000,0.000000,0.000000,0.000000,0.000000,0.000000,0.000000,0.000000,0.000000,0.000000,0.000000,0.000000,FOLLOWER
1786354869922934206,2026-08-10T16:41:09.922957,prediction,-0.019291,-0.027000,-0.006149,-0.022204,-0.020700,-0.002616,True,0.057796,-0.082103,-0.018311,0.080000,0.061403,0.015694,16.85,10,-0.161991,0.280059,0.378524,0.000000,0.000000,0.000000,0.000000,0.000000,0.000000,0.000000,0.000000,0.000000,0.000000,0.000000,0.000000,FOLLOWER
1786354869957909214,2026-08-10T16:41:09.957924,prediction,-0.020631,-0.036000,-0.006924,-0.022204,-0.020700,-0.002616,True,0.057796,-0.082103,-0.018311,0.080000,0.061403,0.015694,17.13,10,-0.161991,0.280059,0.378524,0.000000,0.000000,0.000000,0.000000,0.000000,0.000000,0.000000,0.000000,0.000000,0.000000,0.000000,0.000000,FOLLOWER
1786354869988812567,2026-08-10T16:41:09.988831,prediction,-0.017950,-0.018000,-0.005375,-0.022204,-0.020700,-0.002616,True,0.057796,-0.082103,-0.018311,0.080000,0.061403,0.015694,15.15,10,-0.161991,0.280059,0.378524,0.000000,0.000000,0.000000,0.000000,0.000000,0.000000,0.000000,0.000000,0.000000,0.000000,0.000000,0.000000,FOLLOWER
1786354870019925370,2026-08-10T16:41:10.019940,prediction,-0.020631,-0.036000,-0.003040,-0.022204,-0.020700,-0.002616,True,0.057796,-0.082103,-0.018311,0.080000,0.061403,0.015694,14.03,10,-0.161991,0.280059,0.378524,0.000000,0.000000,0.000000,0.000000,0.000000,0.000000,0.000000,0.000000,0.000000,0.000000,0.000000,0.000000,FOLLOWER
1786354870053400278,2026-08-10T16:41:10.053413,prediction,-0.016609,-0.009000,-0.000760,-0.022204,-0.020700,-0.002616,True,0.057796,-0.082103,-0.018311,0.080000,0.061403,0.015694,14.13,10,-0.161991,0.280059,0.378524,0.000000,0.000000,0.000000,0.000000,0.000000,0.000000,0.000000,0.000000,0.000000,0.000000,0.000000,0.000000,FOLLOWER
1786354870105845373,2026-08-10T16:41:10.105895,prediction,-0.020631,-0.036000,-0.003040,-0.022204,-0.020700,-0.002616,True,0.057796,-0.082103,-0.018311,0.080000,0.061403,0.015694,25.63,10,-0.161991,0.280059,0.378524,0.000000,0.000000,0.000000,0.000000,0.000000,0.000000,0.000000,0.000000,0.000000,0.000000,0.000000,0.000000,FOLLOWER
1786354870129107717,2026-08-10T16:41:10.129126,prediction,-0.020631,-0.036000,-0.003040,-0.022204,-0.020700,-0.002616,True,0.057796,-0.082103,-0.018311,0.080000,0.061403,0.015694,17.40,10,-0.161991,0.280059,0.378524,0.000000,0.000000,0.000000,0.000000,0.000000,0.000000,0.000000,0.000000,0.000000,0.000000,0.000000,0.000000,FOLLOWER
1786354870156492081,2026-08-10T16:41:10.156511,prediction,-0.020631,-0.036000,-0.006924,-0.022204,-0.020700,-0.002616,True,0.057796,-0.082103,-0.018311,0.080000,0.061403,0.015694,15.34,10,-0.161991,0.280059,0.378524,0.000000,0.000000,0.000000,0.000000,0.000000,0.000000,0.000000,0.000000,0.000000,0.000000,0.000000,0.000000,FOLLOWER
1786354870189632079,2026-08-10T16:41:10.189648,prediction,-0.021972,-0.045000,-0.007699,-0.022204,-0.020700,-0.002616,True,0.057796,-0.082103,-0.018311,0.080000,0.061403,0.015694,14.78,10,-0.161991,0.280059,0.378524,0.000000,0.000000,0.000000,0.000000,0.000000,0.000000,0.000000,0.000000,0.000000,0.000000,0.000000,0.000000,FOLLOWER
1786354870221197626,2026-08-10T16:41:10.221216,prediction,-0.019291,-0.027000,-0.006149,-0.022204,-0.020700,-0.002616,True,0.057796,-0.082103,-0.018311,0.080000,0.061403,0.015694,14.79,10,-0.161991,0.280059,0.378524,0.000000,0.000000,0.000000,0.000000,0.000000,0.000000,0.000000,0.000000,0.000000,0.000000,0.000000,0.000000,FOLLOWER
1786354870253222462,2026-08-10T16:41:10.253242,prediction,-0.017950,-0.018000,-0.005375,-0.022204,-0.020700,-0.002616,True,0.057796,-0.082103,-0.018311,0.080000,0.061403,0.015694,14.51,10,-0.161991,0.280059,0.378524,0.000000,0.000000,0.000000,0.000000,0.000000,0.000000,0.000000,0.000000,0.000000,0.000000,0.000000,0.000000,FOLLOWER
1786354870288779250,2026-08-10T16:41:10.288802,prediction,-0.016609,-0.009000,-0.004600,-0.022204,-0.020700,-0.002616,True,0.057796,-0.082103,-0.018311,0.080000,0.061403,0.015694,15.38,10,-0.161991,0.280059,0.378524,0.000000,0.000000,0.000000,0.000000,0.000000,0.000000,0.000000,0.000000,0.000000,0.000000,0.000000,0.000000,FOLLOWER
1786354870320747708,2026-08-10T16:41:10.320763,prediction,-0.017950,-0.018000,-0.005375,-0.022204,-0.020700,-0.002616,True,0.057796,-0.082103,-0.018311,0.080000,0.061403,0.015694,14.83,10,-0.161991,0.280059,0.378524,0.000000,0.000000,0.000000,0.000000,0.000000,0.000000,0.000000,0.000000,0.000000,0.000000,0.000000,0.000000,FOLLOWER
1786354870357334185,2026-08-10T16:41:10.357351,prediction,-0.020631,-0.036000,-0.006924,-0.022204,-0.020700,-0.002616,True,0.057796,-0.082103,-0.018311,0.080000,0.061403,0.015694,15.57,10,-0.161991,0.280059,0.378524,0.000000,0.000000,0.000000,0.000000,0.000000,0.000000,0.000000,0.000000,0.000000,0.000000,0.000000,0.000000,FOLLOWER
1786354870388412070,2026-08-10T16:41:10.388427,prediction,-0.019291,-0.027000,-0.006149,-0.022204,-0.020700,-0.002616,True,0.057796,-0.082103,-0.018311,0.080000,0.061403,0.015694,15.15,10,-0.161991,0.280059,0.378524,0.000000,0.000000,0.000000,0.000000,0.000000,0.000000,0.000000,0.000000,0.000000,0.000000,0.000000,0.000000,FOLLOWER
1786354870420975746,2026-08-10T16:41:10.420996,prediction,-0.017950,-0.018000,-0.005375,-0.022204,-0.020700,-0.002616,True,0.057796,-0.082103,-0.018311,0.080000,0.061403,0.015694,14.70,10,-0.161991,0.280059,0.378524,0.000000,0.000000,0.000000,0.000000,0.000000,0.000000,0.000000,0.000000,0.000000,0.000000,0.000000,0.000000,FOLLOWER
1786354870455494741,2026-08-10T16:41:10.455514,prediction,-0.016609,-0.009000,-0.004600,-0.022204,-0.020700,-0.002616,True,0.057796,-0.082103,-0.018311,0.080000,0.061403,0.015694,15.28,10,-0.161991,0.280059,0.378524,0.000000,0.000000,0.000000,0.000000,0.000000,0.000000,0.000000,0.000000,0.000000,0.000000,0.000000,0.000000,FOLLOWER
1786354870489239405,2026-08-10T16:41:10.489254,prediction,-0.020631,-0.036000,-0.006924,-0.022204,-0.020700,-0.002616,True,0.057796,-0.082103,-0.018311,0.080000,0.061403,0.015694,15.42,10,-0.161991,0.280059,0.378524,0.000000,0.000000,0.000000,0.000000,0.000000,0.000000,0.000000,0.000000,0.000000,0.000000,0.000000,0.000000,FOLLOWER
1786354870523044885,2026-08-10T16:41:10.523059,prediction,-0.019291,-0.027000,-0.006149,-0.022204,-0.020700,-0.002616,True,0.057796,-0.082103,-0.018311,0.080000,0.061403,0.015694,16.18,10,-0.161991,0.280059,0.378524,0.000000,0.000000,0.000000,0.000000,0.000000,0.000000,0.000000,0.000000,0.000000,0.000000,0.000000,0.000000,FOLLOWER
1786354870559220245,2026-08-10T16:41:10.559238,prediction,-0.017950,-0.018000,-0.005375,-0.022204,-0.020700,-0.002616,True,0.057796,-0.082103,-0.018311,0.080000,0.061403,0.015694,18.60,10,-0.161991,0.280059,0.378524,0.000000,0.000000,0.000000,0.000000,0.000000,0.000000,0.000000,0.000000,0.000000,0.000000,0.000000,0.000000,FOLLOWER
1786354870589734313,2026-08-10T16:41:10.589747,prediction,-0.019291,-0.027000,-0.006149,-0.022204,-0.020700,-0.002616,True,0.057796,-0.082103,-0.018311,0.080000,0.061403,0.015694,15.27,10,-0.161991,0.280059,0.378524,0.000000,0.000000,0.000000,0.000000,0.000000,0.000000,0.000000,0.000000,0.000000,0.000000,0.000000,0.000000,FOLLOWER
1786354870625123060,2026-08-10T16:41:10.625170,prediction,-0.019291,-0.027000,-0.002280,-0.022204,-0.020700,-0.002616,True,0.057796,-0.082103,-0.018311,0.080000,0.061403,0.015694,17.20,10,-0.161991,0.280059,0.378524,0.000000,0.000000,0.000000,0.000000,0.000000,0.000000,0.000000,0.000000,0.000000,0.000000,0.000000,0.000000,FOLLOWER
1786354870659182656,2026-08-10T16:41:10.659198,prediction,-0.020631,-0.036000,-0.003040,-0.022204,-0.020700,-0.002616,True,0.057796,-0.082103,-0.018311,0.080000,0.061403,0.015694,16.41,10,-0.161991,0.280059,0.378524,0.000000,0.000000,0.000000,0.000000,0.000000,0.000000,0.000000,0.000000,0.000000,0.000000,0.000000,0.000000,FOLLOWER
1786354870690896166,2026-08-10T16:41:10.690912,prediction,-0.020631,-0.036000,-0.003040,-0.022204,-0.020700,-0.002616,True,0.057796,-0.082103,-0.018311,0.080000,0.061403,0.015694,15.00,10,-0.161991,0.280059,0.378524,0.000000,0.000000,0.000000,0.000000,0.000000,0.000000,0.000000,0.000000,0.000000,0.000000,0.000000,0.000000,FOLLOWER
1786354870728885315,2026-08-10T16:41:10.728904,prediction,-0.017950,-0.018000,-0.001520,-0.022204,-0.020700,-0.002616,True,0.057796,-0.082103,-0.018311,0.080000,0.061403,0.015694,22.16,10,-0.161991,0.280059,0.378524,0.000000,0.000000,0.000000,0.000000,0.000000,0.000000,0.000000,0.000000,0.000000,0.000000,0.000000,0.000000,FOLLOWER
1786354870756399407,2026-08-10T16:41:10.756418,prediction,-0.020631,-0.036000,-0.003040,-0.022204,-0.020700,-0.002616,True,0.057796,-0.082103,-0.018311,0.080000,0.061403,0.015694,15.21,10,-0.161991,0.280059,0.378524,0.000000,0.000000,0.000000,0.000000,0.000000,0.000000,0.000000,0.000000,0.000000,0.000000,0.000000,0.000000,FOLLOWER
1786354870789851992,2026-08-10T16:41:10.789871,prediction,-0.021972,-0.045000,-0.003801,-0.022204,-0.020700,-0.002616,True,0.057796,-0.082103,-0.018311,0.080000,0.061403,0.015694,15.60,10,-0.161991,0.280059,0.378524,0.000000,0.000000,0.000000,0.000000,0.000000,0.000000,0.000000,0.000000,0.000000,0.000000,0.000000,0.000000,FOLLOWER
1786354870822679272,2026-08-10T16:41:10.822703,prediction,-0.016609,-0.009000,-0.000760,-0.022204,-0.020700,-0.002616,True,0.057796,-0.082103,-0.018311,0.080000,0.061403,0.015694,15.11,10,-0.161991,0.280059,0.378524,0.000000,0.000000,0.000000,0.000000,0.000000,0.000000,0.000000,0.000000,0.000000,0.000000,0.000000,0.000000,FOLLOWER
1786354870854764403,2026-08-10T16:41:10.854784,prediction,-0.017950,-0.018000,-0.001520,-0.022204,-0.020700,-0.002616,True,0.057796,-0.082103,-0.018311,0.080000,0.061403,0.015694,14.88,10,-0.161991,0.280059,0.378524,0.000000,0.000000,0.000000,0.000000,0.000000,0.000000,0.000000,0.000000,0.000000,0.000000,0.000000,0.000000,FOLLOWER
1786354870889167857,2026-08-10T16:41:10.889184,prediction,-0.019291,-0.027000,-0.002280,-0.022204,-0.020700,-0.002616,True,0.057796,-0.082103,-0.018311,0.080000,0.061403,0.015694,15.85,10,-0.161991,0.280059,0.378524,0.000000,0.000000,0.000000,0.000000,0.000000,0.000000,0.000000,0.000000,0.000000,0.000000,0.000000,0.000000,FOLLOWER
1786354870920445003,2026-08-10T16:41:10.920471,prediction,-0.020631,-0.036000,-0.003040,-0.022204,-0.020700,-0.002616,True,0.057796,-0.082103,-0.018311,0.080000,0.061403,0.015694,13.86,10,-0.161991,0.280059,0.378524,0.000000,0.000000,0.000000,0.000000,0.000000,0.000000,0.000000,0.000000,0.000000,0.000000,0.000000,0.000000,FOLLOWER
1786354870956914245,2026-08-10T16:41:10.956927,prediction,-0.019291,-0.027000,-0.002280,-0.022204,-0.020700,-0.002616,True,0.057796,-0.082103,-0.018311,0.080000,0.061403,0.015694,16.43,10,-0.161991,0.280059,0.378524,0.000000,0.000000,0.000000,0.000000,0.000000,0.000000,0.000000,0.000000,0.000000,0.000000,0.000000,0.000000,FOLLOWER
1786354870990966437,2026-08-10T16:41:10.990989,prediction,-0.021972,-0.045000,-0.003801,-0.022204,-0.020700,-0.002616,True,0.057796,-0.082103,-0.018311,0.080000,0.061403,0.015694,16.98,10,-0.161991,0.280059,0.378524,0.000000,0.000000,0.000000,0.000000,0.000000,0.000000,0.000000,0.000000,0.000000,0.000000,0.000000,0.000000,FOLLOWER
1786354871025043405,2026-08-10T16:41:11.025059,prediction,-0.019291,-0.027000,-0.002280,-0.022204,-0.020700,-0.002616,True,0.057796,-0.082103,-0.018311,0.080000,0.061403,0.015694,16.10,10,-0.161991,0.280059,0.378524,0.000000,0.000000,0.000000,0.000000,0.000000,0.000000,0.000000,0.000000,0.000000,0.000000,0.000000,0.000000,FOLLOWER
1786354871058048613,2026-08-10T16:41:11.058093,prediction,-0.021972,-0.045000,-0.003801,-0.022204,-0.020700,-0.002616,True,0.057796,-0.082103,-0.018311,0.080000,0.061403,0.015694,17.76,10,-0.161991,0.280059,0.378524,0.000000,0.000000,0.000000,0.000000,0.000000,0.000000,0.000000,0.000000,0.000000,0.000000,0.000000,0.000000,FOLLOWER
1786354871089954440,2026-08-10T16:41:11.089967,prediction,-0.017950,-0.018000,-0.001520,-0.022204,-0.020700,-0.002616,True,0.057796,-0.082103,-0.018311,0.080000,0.061403,0.015694,15.69,10,-0.161991,0.280059,0.378524,0.000000,0.000000,0.000000,0.000000,0.000000,0.000000,0.000000,0.000000,0.000000,0.000000,0.000000,0.000000,FOLLOWER
1786354871121609658,2026-08-10T16:41:11.121671,prediction,-0.020631,-0.036000,-0.003040,-0.022204,-0.020700,-0.002616,True,0.057796,-0.082103,-0.018311,0.080000,0.061403,0.015694,14.65,10,-0.161991,0.280059,0.378524,0.000000,0.000000,0.000000,0.000000,0.000000,0.000000,0.000000,0.000000,0.000000,0.000000,0.000000,0.000000,FOLLOWER
1786354871158392678,2026-08-10T16:41:11.158406,prediction,-0.017950,-0.018000,-0.001520,-0.022204,-0.020700,-0.002616,True,0.057796,-0.082103,-0.018311,0.080000,0.061403,0.015694,16.34,10,-0.161991,0.280059,0.378524,0.000000,0.000000,0.000000,0.000000,0.000000,0.000000,0.000000,0.000000,0.000000,0.000000,0.000000,0.000000,FOLLOWER
1786354871189606522,2026-08-10T16:41:11.189623,prediction,-0.021972,-0.045000,-0.003801,-0.022204,-0.020700,-0.002616,True,0.057796,-0.082103,-0.018311,0.080000,0.061403,0.015694,15.33,10,-0.161991,0.280059,0.378524,0.000000,0.000000,0.000000,0.000000,0.000000,0.000000,0.000000,0.000000,0.000000,0.000000,0.000000,0.000000,FOLLOWER
1786354871224034680,2026-08-10T16:41:11.224054,prediction,-0.019291,-0.027000,-0.002280,-0.022204,-0.020700,-0.002616,True,0.057796,-0.082103,-0.018311,0.080000,0.061403,0.015694,16.41,10,-0.161991,0.280059,0.378524,0.000000,0.000000,0.000000,0.000000,0.000000,0.000000,0.000000,0.000000,0.000000,0.000000,0.000000,0.000000,FOLLOWER
1786354871261900331,2026-08-10T16:41:11.261920,prediction,-0.017950,-0.018000,-0.001520,-0.022204,-0.020700,-0.002616,True,0.057796,-0.082103,-0.018311,0.080000,0.061403,0.015694,17.83,10,-0.161991,0.280059,0.378524,0.000000,0.000000,0.000000,0.000000,0.000000,0.000000,0.000000,0.000000,0.000000,0.000000,0.000000,0.000000,FOLLOWER
1786354871292811616,2026-08-10T16:41:11.292831,prediction,-0.020631,-0.036000,-0.003040,-0.022204,-0.020700,-0.002616,True,0.057796,-0.082103,-0.018311,0.080000,0.061403,0.015694,17.10,10,-0.161991,0.280059,0.378524,0.000000,0.000000,0.000000,0.000000,0.000000,0.000000,0.000000,0.000000,0.000000,0.000000,0.000000,0.000000,FOLLOWER
1786354871322685578,2026-08-10T16:41:11.322703,prediction,-0.020631,-0.036000,-0.003040,-0.022204,-0.020700,-0.002616,True,0.057796,-0.082103,-0.018311,0.080000,0.061403,0.015694,14.84,10,-0.161991,0.280059,0.378524,0.000000,0.000000,0.000000,0.000000,0.000000,0.000000,0.000000,0.000000,0.000000,0.000000,0.000000,0.000000,FOLLOWER
1786354871354127468,2026-08-10T16:41:11.354140,prediction,-0.017950,-0.018000,-0.001520,-0.022204,-0.020700,-0.002616,True,0.057796,-0.082103,-0.018311,0.080000,0.061403,0.015694,14.25,10,-0.161991,0.280059,0.378524,0.000000,0.000000,0.000000,0.000000,0.000000,0.000000,0.000000,0.000000,0.000000,0.000000,0.000000,0.000000,FOLLOWER
1786354871391788857,2026-08-10T16:41:11.391808,prediction,-0.019291,-0.027000,-0.002280,-0.022204,-0.020700,-0.002616,True,0.057796,-0.082103,-0.018311,0.080000,0.061403,0.015694,16.91,10,-0.161991,0.280059,0.378524,0.000000,0.000000,0.000000,0.000000,0.000000,0.000000,0.000000,0.000000,0.000000,0.000000,0.000000,0.000000,FOLLOWER
1786354871423559957,2026-08-10T16:41:11.423571,prediction,-0.020631,-0.036000,-0.003040,-0.022204,-0.020700,-0.002616,True,0.057796,-0.082103,-0.018311,0.080000,0.061403,0.015694,15.34,10,-0.161991,0.280059,0.378524,0.000000,0.000000,0.000000,0.000000,0.000000,0.000000,0.000000,0.000000,0.000000,0.000000,0.000000,0.000000,FOLLOWER
1786354871455995696,2026-08-10T16:41:11.456008,prediction,-0.020631,-0.036000,-0.003040,-0.022204,-0.020700,-0.002616,True,0.057796,-0.082103,-0.018311,0.080000,0.061403,0.015694,15.28,10,-0.161991,0.280059,0.378524,0.000000,0.000000,0.000000,0.000000,0.000000,0.000000,0.000000,0.000000,0.000000,0.000000,0.000000,0.000000,FOLLOWER
1786354871489666016,2026-08-10T16:41:11.489771,prediction,-0.019291,-0.027000,-0.002280,-0.022204,-0.020700,-0.002616,True,0.057796,-0.082103,-0.018311,0.080000,0.061403,0.015694,14.07,10,-0.161991,0.280059,0.378524,0.000000,0.000000,0.000000,0.000000,0.000000,0.000000,0.000000,0.000000,0.000000,0.000000,0.000000,0.000000,FOLLOWER
1786354871524163988,2026-08-10T16:41:11.524181,prediction,-0.021972,-0.045000,-0.003801,-0.022204,-0.020700,-0.002616,True,0.057796,-0.082103,-0.018311,0.080000,0.061403,0.015694,16.03,10,-0.161991,0.280059,0.378524,0.000000,0.000000,0.000000,0.000000,0.000000,0.000000,0.000000,0.000000,0.000000,0.000000,0.000000,0.000000,FOLLOWER
1786354871556337927,2026-08-10T16:41:11.556355,prediction,-0.019291,-0.027000,-0.002280,-0.022204,-0.020700,-0.002616,True,0.057796,-0.082103,-0.018311,0.080000,0.061403,0.015694,14.65,10,-0.161991,0.280059,0.378524,0.000000,0.000000,0.000000,0.000000,0.000000,0.000000,0.000000,0.000000,0.000000,0.000000,0.000000,0.000000,FOLLOWER
1786354871590673308,2026-08-10T16:41:11.590688,prediction,-0.021972,-0.045000,-0.003801,-0.022204,-0.020700,-0.002616,True,0.057796,-0.082103,-0.018311,0.080000,0.061403,0.015694,16.67,10,-0.161991,0.280059,0.378524,0.000000,0.000000,0.000000,0.000000,0.000000,0.000000,0.000000,0.000000,0.000000,0.000000,0.000000,0.000000,FOLLOWER
1786354871621697870,2026-08-10T16:41:11.621717,prediction,-0.019291,-0.027000,-0.002280,-0.022204,-0.020700,-0.002616,True,0.057796,-0.082103,-0.018311,0.080000,0.061403,0.015694,14.21,10,-0.161991,0.280059,0.378524,0.000000,0.000000,0.000000,0.000000,0.000000,0.000000,0.000000,0.000000,0.000000,0.000000,0.000000,0.000000,FOLLOWER
1786354871658014990,2026-08-10T16:41:11.658032,prediction,-0.020631,-0.036000,-0.006924,-0.022204,-0.020700,-0.002616,True,0.057796,-0.082103,-0.018311,0.080000,0.061403,0.015694,15.71,10,-0.161991,0.280059,0.378524,0.000000,0.000000,0.000000,0.000000,0.000000,0.000000,0.000000,0.000000,0.000000,0.000000,0.000000,0.000000,FOLLOWER
1786354871689075611,2026-08-10T16:41:11.689093,prediction,-0.019291,-0.027000,-0.002280,-0.022204,-0.020700,-0.002616,True,0.057796,-0.082103,-0.018311,0.080000,0.061403,0.015694,14.76,10,-0.161991,0.280059,0.378524,0.000000,0.000000,0.000000,0.000000,0.000000,0.000000,0.000000,0.000000,0.000000,0.000000,0.000000,0.000000,FOLLOWER
1786354871723286995,2026-08-10T16:41:11.723304,prediction,-0.019291,-0.027000,-0.006149,-0.022204,-0.020700,-0.002616,True,0.057796,-0.082103,-0.018311,0.080000,0.061403,0.015694,14.93,10,-0.161991,0.280059,0.378524,0.000000,0.000000,0.000000,0.000000,0.000000,0.000000,0.000000,0.000000,0.000000,0.000000,0.000000,0.000000,FOLLOWER
1786354871762637394,2026-08-10T16:41:11.762649,prediction,-0.023153,-0.027000,-0.006149,-0.022204,-0.020700,-0.002616,True,0.057796,-0.082103,-0.018311,0.080000,0.061403,0.015694,20.53,10,-0.161991,0.280059,0.378524,0.000000,0.000000,0.000000,0.000000,0.000000,0.000000,0.000000,0.000000,0.000000,0.000000,0.000000,0.000000,FOLLOWER
1786354871791128372,2026-08-10T16:41:11.791150,prediction,-0.021972,-0.045000,-0.007699,-0.022204,-0.020700,-0.002616,True,0.057796,-0.082103,-0.018311,0.080000,0.061403,0.015694,15.62,10,-0.161991,0.280059,0.378524,0.000000,0.000000,0.000000,0.000000,0.000000,0.000000,0.000000,0.000000,0.000000,0.000000,0.000000,0.000000,FOLLOWER
1786354871825477850,2026-08-10T16:41:11.825492,prediction,-0.019086,-0.000000,-0.003825,-0.022204,-0.020700,-0.002616,True,0.057796,-0.082103,-0.018311,0.080000,0.061403,0.015694,16.59,10,-0.161991,0.280059,0.378524,0.000000,0.000000,0.000000,0.000000,0.000000,0.000000,0.000000,0.000000,0.000000,0.000000,0.000000,0.000000,FOLLOWER
1786354871860749482,2026-08-10T16:41:11.860770,prediction,-0.019291,-0.027000,-0.006149,-0.022204,-0.020700,-0.002616,True,0.057796,-0.082103,-0.018311,0.080000,0.061403,0.015694,19.76,10,-0.161991,0.280059,0.378524,0.000000,0.000000,0.000000,0.000000,0.000000,0.000000,0.000000,0.000000,0.000000,0.000000,0.000000,0.000000,FOLLOWER
1786354871896935832,2026-08-10T16:41:11.896956,prediction,-0.020631,-0.036000,-0.006924,-0.022204,-0.020700,-0.002616,True,0.057796,-0.082103,-0.018311,0.080000,0.061403,0.015694,20.51,10,-0.161991,0.280059,0.378524,0.000000,0.000000,0.000000,0.000000,0.000000,0.000000,0.000000,0.000000,0.000000,0.000000,0.000000,0.000000,FOLLOWER
1786354871925463670,2026-08-10T16:41:11.925477,prediction,-0.020631,-0.036000,-0.006924,-0.022204,-0.020700,-0.002616,True,0.057796,-0.082103,-0.018311,0.080000,0.061403,0.015694,17.08,10,-0.161991,0.280059,0.378524,0.000000,0.000000,0.000000,0.000000,0.000000,0.000000,0.000000,0.000000,0.000000,0.000000,0.000000,0.000000,FOLLOWER
1786354871957990113,2026-08-10T16:41:11.958006,prediction,-0.016609,-0.009000,-0.004600,-0.022204,-0.020700,-0.002616,True,0.057796,-0.082103,-0.018311,0.080000,0.061403,0.015694,17.54,10,-0.161991,0.280059,0.378524,0.000000,0.000000,0.000000,0.000000,0.000000,0.000000,0.000000,0.000000,0.000000,0.000000,0.000000,0.000000,FOLLOWER
1786354871994110347,2026-08-10T16:41:11.994131,prediction,-0.020631,-0.036000,-0.003040,-0.022204,-0.020700,-0.002616,True,0.057796,-0.082103,-0.018311,0.080000,0.061403,0.015694,20.29,10,-0.161991,0.280059,0.378524,0.000000,0.000000,0.000000,0.000000,0.000000,0.000000,0.000000,0.000000,0.000000,0.000000,0.000000,0.000000,FOLLOWER
1786354872023717047,2026-08-10T16:41:12.023731,prediction,-0.021972,-0.045000,-0.003801,-0.022204,-0.020700,-0.002616,True,0.057796,-0.082103,-0.018311,0.080000,0.061403,0.015694,15.28,10,-0.161991,0.280059,0.378524,0.000000,0.000000,0.000000,0.000000,0.000000,0.000000,0.000000,0.000000,0.000000,0.000000,0.000000,0.000000,FOLLOWER
1786354872056139760,2026-08-10T16:41:12.056220,prediction,-0.019291,-0.027000,-0.002280,-0.022204,-0.020700,-0.002616,True,0.057796,-0.082103,-0.018311,0.080000,0.061403,0.015694,15.24,10,-0.161991,0.280059,0.378524,0.000000,0.000000,0.000000,0.000000,0.000000,0.000000,0.000000,0.000000,0.000000,0.000000,0.000000,0.000000,FOLLOWER
1786354872090085134,2026-08-10T16:41:12.090098,prediction,-0.020631,-0.036000,-0.003040,-0.022204,-0.020700,-0.002616,True,0.057796,-0.082103,-0.018311,0.080000,0.061403,0.015694,16.76,10,-0.161991,0.280059,0.378524,0.000000,0.000000,0.000000,0.000000,0.000000,0.000000,0.000000,0.000000,0.000000,0.000000,0.000000,0.000000,FOLLOWER
1786354872127515710,2026-08-10T16:41:12.127530,prediction,-0.019291,-0.027000,-0.002280,-0.022204,-0.020700,-0.002616,True,0.057796,-0.082103,-0.018311,0.080000,0.061403,0.015694,18.53,10,-0.161991,0.280059,0.378524,0.000000,0.000000,0.000000,0.000000,0.000000,0.000000,0.000000,0.000000,0.000000,0.000000,0.000000,0.000000,FOLLOWER
1786354872162025453,2026-08-10T16:41:12.162044,prediction,-0.019291,-0.027000,-0.002280,-0.022204,-0.020700,-0.002616,True,0.057796,-0.082103,-0.018311,0.080000,0.061403,0.015694,20.29,10,-0.161991,0.280059,0.378524,0.000000,0.000000,0.000000,0.000000,0.000000,0.000000,0.000000,0.000000,0.000000,0.000000,0.000000,0.000000,FOLLOWER
1786354872191797328,2026-08-10T16:41:12.191811,prediction,-0.019291,-0.027000,-0.002280,-0.022204,-0.020700,-0.002616,True,0.057796,-0.082103,-0.018311,0.080000,0.061403,0.015694,16.97,10,-0.161991,0.280059,0.378524,0.000000,0.000000,0.000000,0.000000,0.000000,0.000000,0.000000,0.000000,0.000000,0.000000,0.000000,0.000000,FOLLOWER
1786354872234336351,2026-08-10T16:41:12.234355,prediction,-0.017950,-0.018000,-0.001520,-0.022204,-0.020700,-0.002616,True,0.057796,-0.082103,-0.018311,0.080000,0.061403,0.015694,25.12,10,-0.161991,0.280059,0.378524,0.000000,0.000000,0.000000,0.000000,0.000000,0.000000,0.000000,0.000000,0.000000,0.000000,0.000000,0.000000,FOLLOWER
1786354872260377344,2026-08-10T16:41:12.260392,prediction,-0.020631,-0.036000,-0.003040,-0.022204,-0.020700,-0.002616,True,0.057796,-0.082103,-0.018311,0.080000,0.061403,0.015694,0.00,10,-0.161991,0.280059,0.378524,0.000000,0.000000,0.000000,0.000000,0.000000,0.000000,0.000000,0.000000,0.000000,0.000000,0.000000,0.000000,LEADER
1786354872294518592,2026-08-10T16:41:12.294536,prediction,-0.020631,-0.036000,-0.003040,-0.022204,-0.020700,-0.002616,True,0.057796,-0.082101,-0.018311,0.080000,0.061401,0.015694,0.00,10,-0.161991,0.280059,0.378524,0.000000,0.000000,0.000000,0.000000,0.000000,0.000000,0.000000,0.000000,0.000000,0.000000,0.000000,0.000000,LEADER
1786354872327413368,2026-08-10T16:41:12.327434,prediction,-0.019291,-0.027000,-0.002280,-0.022204,-0.020700,-0.002616,True,0.057794,-0.082087,-0.018310,0.079998,0.061387,0.015694,0.00,10,-0.161991,0.280059,0.378524,0.000000,0.000000,0.000000,0.000000,0.000000,0.000000,0.000000,0.000000,0.000000,0.000000,0.000000,0.000000,LEADER
1786354872360935142,2026-08-10T16:41:12.360956,prediction,-0.020631,-0.036000,-0.003040,-0.022204,-0.020700,-0.002616,True,0.057788,-0.082048,-0.018309,0.079992,0.061348,0.015693,0.00,10,-0.161991,0.280059,0.378524,0.000000,0.000000,0.000000,0.000000,0.000000,0.000000,0.000000,0.000000,0.000000,0.000000,0.000000,0.000000,LEADER
1786354872394493766,2026-08-10T16:41:12.394516,prediction,-0.019291,-0.027000,-0.002280,-0.022204,-0.020700,-0.002616,True,0.057778,-0.081974,-0.018308,0.079981,0.061274,0.015692,0.00,10,-0.161991,0.280059,0.378524,0.000000,0.000000,0.000000,0.000000,0.000000,0.000000,0.000000,0.000000,0.000000,0.000000,0.000000,0.000000,LEADER
1786354872427194040,2026-08-10T16:41:12.427218,prediction,-0.021972,-0.045000,-0.003801,-0.022204,-0.020700,-0.002616,True,0.057760,-0.081853,-0.018305,0.079964,0.061153,0.015689,0.00,10,-0.161991,0.280059,0.378524,0.000000,0.000000,0.000000,0.000000,0.000000,0.000000,0.000000,0.000000,0.000000,0.000000,0.000000,0.000000,LEADER
1786354872460752644,2026-08-10T16:41:12.460783,prediction,-0.019291,-0.027000,-0.002280,-0.022204,-0.020700,-0.002616,True,0.057734,-0.081676,-0.018301,0.079938,0.060976,0.015685,0.00,10,-0.161991,0.280059,0.378524,0.000000,0.000000,0.000000,0.000000,0.000000,0.000000,0.000000,0.000000,0.000000,0.000000,0.000000,0.000000,LEADER
1786354872493511219,2026-08-10T16:41:12.493524,prediction,-0.019291,-0.027000,-0.002280,-0.022204,-0.020700,-0.002616,True,0.057699,-0.081432,-0.018295,0.079902,0.060732,0.015679,0.00,10,-0.161991,0.280059,0.378524,0.000000,0.000000,0.000000,0.000000,0.000000,0.000000,0.000000,0.000000,0.000000,0.000000,0.000000,0.000000,LEADER
1786354872526749932,2026-08-10T16:41:12.526763,prediction,-0.019291,-0.027000,-0.006149,-0.022204,-0.020700,-0.002616,True,0.057652,-0.081111,-0.018288,0.079856,0.060411,0.015672,0.00,10,-0.161991,0.280059,0.378524,0.000000,0.000000,0.000000,0.000000,0.000000,0.000000,0.000000,0.000000,0.000000,0.000000,0.000000,0.000000,LEADER
1786354872560911930,2026-08-10T16:41:12.560931,prediction,-0.020631,-0.036000,-0.003040,-0.022204,-0.020700,-0.002616,True,0.057593,-0.080704,-0.018279,0.079797,0.060004,0.015662,0.00,10,-0.161991,0.280059,0.378524,0.000000,0.000000,0.000000,0.000000,0.000000,0.000000,0.000000,0.000000,0.000000,0.000000,0.000000,0.000000,LEADER
1786354872593537351,2026-08-10T16:41:12.593549,prediction,-0.016609,-0.009000,-0.000760,-0.022204,-0.020700,-0.002616,True,0.057520,-0.080203,-0.018267,0.079724,0.059503,0.015651,0.00,10,-0.161991,0.280059,0.378524,0.000000,0.000000,0.000000,0.000000,0.000000,0.000000,0.000000,0.000000,0.000000,0.000000,0.000000,0.000000,LEADER
1786354872627099753,2026-08-10T16:41:12.627117,prediction,-0.019291,-0.027000,-0.002280,-0.022204,-0.020700,-0.002616,True,0.057433,-0.079600,-0.018253,0.079636,0.058899,0.015637,0.00,10,-0.161991,0.280059,0.378524,0.000000,0.000000,0.000000,0.000000,0.000000,0.000000,0.000000,0.000000,0.000000,0.000000,0.000000,0.000000,LEADER
1786354872660324298,2026-08-10T16:41:12.660337,prediction,-0.019291,-0.027000,-0.002280,-0.022204,-0.020700,-0.002616,True,0.057329,-0.078886,-0.018237,0.079533,0.058186,0.015620,0.00,10,-0.161991,0.280059,0.378524,0.000000,0.000000,0.000000,0.000000,0.000000,0.000000,0.000000,0.000000,0.000000,0.000000,0.000000,0.000000,LEADER
1786354872693471256,2026-08-10T16:41:12.693488,prediction,-0.017950,-0.018000,-0.001520,-0.022204,-0.020700,-0.002616,True,0.057208,-0.078054,-0.018218,0.079412,0.057354,0.015601,0.00,10,-0.161991,0.280059,0.378524,0.000000,0.000000,0.000000,0.000000,0.000000,0.000000,0.000000,0.000000,0.000000,0.000000,0.000000,0.000000,LEADER
1786354872726920892,2026-08-10T16:41:12.726934,prediction,-0.019291,-0.027000,-0.002280,-0.022204,-0.020700,-0.002616,True,0.057069,-0.077097,-0.018196,0.079273,0.056397,0.015579,0.00,10,-0.161991,0.280059,0.378524,0.000000,0.000000,0.000000,0.000000,0.000000,0.000000,0.000000,0.000000,0.000000,0.000000,0.000000,0.000000,LEADER
1786354872762216187,2026-08-10T16:41:12.762251,prediction,-0.020631,-0.036000,-0.003040,-0.022204,-0.020700,-0.002616,True,0.056911,-0.076009,-0.018170,0.079115,0.055309,0.015554,0.00,10,-0.161991,0.280059,0.378524,0.000000,0.000000,0.000000,0.000000,0.000000,0.000000,0.000000,0.000000,0.000000,0.000000,0.000000,0.000000,LEADER
1786354872793761492,2026-08-10T16:41:12.793775,prediction,-0.020631,-0.036000,-0.003040,-0.022204,-0.020700,-0.002616,True,0.056733,-0.074783,-0.018142,0.078937,0.054083,0.015526,0.00,10,-0.161991,0.280059,0.378524,0.000000,0.000000,0.000000,0.000000,0.000000,0.000000,0.000000,0.000000,0.000000,0.000000,0.000000,0.000000,LEADER
1786354872827965441,2026-08-10T16:41:12.827979,prediction,-0.020631,-0.036000,-0.003040,-0.022204,-0.020700,-0.002616,True,0.056534,-0.073413,-0.018111,0.078738,0.052713,0.015495,0.00,10,-0.161991,0.280059,0.378524,0.000000,0.000000,0.000000,0.000000,0.000000,0.000000,0.000000,0.000000,0.000000,0.000000,0.000000,0.000000,LEADER
1786354872860193802,2026-08-10T16:41:12.860207,prediction,-0.019291,-0.027000,-0.002280,-0.022204,-0.020700,-0.002616,True,0.056314,-0.071895,-0.018076,0.078517,0.051195,0.015460,0.00,10,-0.161991,0.280059,0.378524,0.000000,0.000000,0.000000,0.000000,0.000000,0.000000,0.000000,0.000000,0.000000,0.000000,0.000000,0.000000,LEADER
1786354872893537235,2026-08-10T16:41:12.893557,prediction,-0.021972,-0.045000,-0.003801,-0.022204,-0.020700,-0.002616,True,0.056071,-0.070223,-0.018037,0.078274,0.049523,0.015421,0.00,10,-0.161991,0.280059,0.378524,0.000000,0.000000,0.000000,0.000000,0.000000,0.000000,0.000000,0.000000,0.000000,0.000000,0.000000,0.000000,LEADER
1786354872927531072,2026-08-10T16:41:12.927580,prediction,-0.020631,-0.036000,-0.003040,-0.022204,-0.020700,-0.002616,True,0.055805,-0.068391,-0.017995,0.078009,0.047691,0.015379,0.00,10,-0.161991,0.280059,0.378524,0.000000,0.000000,0.000000,0.000000,0.000000,0.000000,0.000000,0.000000,0.000000,0.000000,0.000000,0.000000,LEADER
1786354872960268256,2026-08-10T16:41:12.960303,prediction,-0.019291,-0.027000,-0.002280,-0.022204,-0.020700,-0.002616,True,0.055515,-0.066397,-0.017949,0.077719,0.045697,0.015333,0.00,10,-0.161991,0.280059,0.378524,0.000000,0.000000,0.000000,0.000000,0.000000,0.000000,0.000000,0.000000,0.000000,0.000000,0.000000,0.000000,LEADER
1786354872993638300,2026-08-10T16:41:12.993655,prediction,-0.021972,-0.045000,-0.003801,-0.022204,-0.020700,-0.002616,True,0.055201,-0.064236,-0.017900,0.077405,0.043536,0.015283,0.00,10,-0.161991,0.280059,0.378524,0.000000,0.000000,0.000000,0.000000,0.000000,0.000000,0.000000,0.000000,0.000000,0.000000,0.000000,0.000000,LEADER
1786354873026962375,2026-08-10T16:41:13.026980,prediction,-0.021972,-0.045000,-0.003801,-0.022204,-0.020700,-0.002616,True,0.054863,-0.061904,-0.017846,0.077066,0.041204,0.015230,0.00,10,-0.161991,0.280059,0.378524,0.000000,0.000000,0.000000,0.000000,0.000000,0.000000,0.000000,0.000000,0.000000,0.000000,0.000000,0.000000,LEADER
1786354873060471292,2026-08-10T16:41:13.060485,prediction,-0.020631,-0.036000,-0.003040,-0.022204,-0.020700,-0.002616,True,0.054499,-0.059398,-0.017788,0.076702,0.038698,0.015172,0.00,10,-0.161991,0.280059,0.378524,0.000000,0.000000,0.000000,0.000000,0.000000,0.000000,0.000000,0.000000,0.000000,0.000000,0.000000,0.000000,LEADER
1786354873093995549,2026-08-10T16:41:13.094016,prediction,-0.023313,-0.054000,-0.004561,-0.022204,-0.020700,-0.002616,True,0.054109,-0.056715,-0.017727,0.076313,0.036015,0.015110,0.00,10,-0.161991,0.280059,0.378524,0.000000,0.000000,0.000000,0.000000,0.000000,0.000000,0.000000,0.000000,0.000000,0.000000,0.000000,0.000000,LEADER
1786354873126693907,2026-08-10T16:41:13.126707,prediction,-0.023313,-0.054000,-0.004561,-0.022204,-0.020700,-0.002616,True,0.053693,-0.053853,-0.017661,0.075897,0.033153,0.015045,0.00,10,-0.161991,0.280059,0.378524,0.000000,0.000000,0.000000,0.000000,0.000000,0.000000,0.000000,0.000000,0.000000,0.000000,0.000000,0.000000,LEADER
1786354873160431763,2026-08-10T16:41:13.160447,prediction,-0.019291,-0.027000,-0.002280,-0.022204,-0.020700,-0.002616,True,0.053251,-0.050810,-0.017591,0.075455,0.030110,0.014975,0.00,10,-0.161991,0.280059,0.378524,0.000000,0.000000,0.000000,0.000000,0.000000,0.000000,0.000000,0.000000,0.000000,0.000000,0.000000,0.000000,LEADER
1786354873193712304,2026-08-10T16:41:13.193732,prediction,-0.020631,-0.036000,-0.003040,-0.022204,-0.020700,-0.002616,True,0.052783,-0.047582,-0.017517,0.074986,0.026882,0.014900,0.00,10,-0.161991,0.280059,0.378524,0.000000,0.000000,0.000000,0.000000,0.000000,0.000000,0.000000,0.000000,0.000000,0.000000,0.000000,0.000000,LEADER
1786354873228920570,2026-08-10T16:41:13.228938,prediction,-0.021972,-0.045000,-0.003801,-0.022204,-0.020700,-0.002616,True,0.052287,-0.044170,-0.017438,0.074491,0.023470,0.014822,0.00,10,-0.161991,0.280059,0.378524,0.000000,0.000000,0.000000,0.000000,0.000000,0.000000,0.000000,0.000000,0.000000,0.000000,0.000000,0.000000,LEADER
1786354873260510049,2026-08-10T16:41:13.260530,prediction,-0.016609,-0.009000,-0.000760,-0.022204,-0.020700,-0.002616,True,0.051764,-0.040571,-0.017355,0.073968,0.019871,0.014739,0.00,10,-0.161991,0.280059,0.378524,0.000000,0.000000,0.000000,0.000000,0.000000,0.000000,0.000000,0.000000,0.000000,0.000000,0.000000,0.000000,LEADER
1786354873293808905,2026-08-10T16:41:13.293826,prediction,-0.021972,-0.045000,-0.003801,-0.022204,-0.020700,-0.002616,True,0.051214,-0.036784,-0.017268,0.073418,0.016084,0.014652,0.00,10,-0.161991,0.280059,0.378524,0.000000,0.000000,0.000000,0.000000,0.000000,0.000000,0.000000,0.000000,0.000000,0.000000,0.000000,0.000000,LEADER
1786354873327085078,2026-08-10T16:41:13.327100,prediction,-0.020631,-0.036000,-0.003040,-0.022204,-0.020700,-0.002616,True,0.050637,-0.032809,-0.017177,0.072841,0.012109,0.014560,0.00,10,-0.161991,0.280059,0.378524,0.000000,0.000000,0.000000,0.000000,0.000000,0.000000,0.000000,0.000000,0.000000,0.000000,0.000000,0.000000,LEADER
1786354873360047300,2026-08-10T16:41:13.360060,prediction,-0.019291,-0.027000,-0.002280,-0.022204,-0.020700,-0.002616,True,0.050032,-0.028646,-0.017081,0.072236,0.007946,0.014465,0.00,10,-0.161991,0.280059,0.378524,0.000000,0.000000,0.000000,0.000000,0.000000,0.000000,0.000000,0.000000,0.000000,0.000000,0.000000,0.000000,LEADER
1786354873393809773,2026-08-10T16:41:13.393828,prediction,-0.021972,-0.045000,-0.003801,-0.022204,-0.020700,-0.002616,True,0.049400,-0.024294,-0.016981,0.071604,0.003594,0.014365,0.00,10,-0.161991,0.280059,0.378524,0.000000,0.000000,0.000000,0.000000,0.000000,0.000000,0.000000,0.000000,0.000000,0.000000,0.000000,0.000000,LEADER
1786354873426894830,2026-08-10T16:41:13.426919,prediction,-0.019291,-0.027000,-0.002280,-0.022204,-0.020700,-0.002616,True,0.048741,-0.019753,-0.016876,0.070944,0.000947,0.014260,0.00,10,-0.161991,0.280059,0.378524,0.000000,0.000000,0.000000,0.000000,0.000000,0.000000,0.000000,0.000000,0.000000,0.000000,0.000000,0.000000,LEADER
1786354873460297765,2026-08-10T16:41:13.460314,prediction,-0.020631,-0.036000,-0.003040,-0.022204,-0.020700,-0.002616,True,0.048054,-0.015023,-0.016767,0.070257,0.005677,0.014151,0.00,10,-0.161991,0.280059,0.378524,0.000000,0.000000,0.000000,0.000000,0.000000,0.000000,0.000000,0.000000,0.000000,0.000000,0.000000,0.000000,LEADER
1786354873493639784,2026-08-10T16:41:13.493658,prediction,-0.019291,-0.027000,-0.002280,-0.022204,-0.020700,-0.002616,True,0.047340,-0.010107,-0.016654,0.069543,0.010593,0.014038,0.00,10,-0.161991,0.280059,0.378524,0.000000,0.000000,0.000000,0.000000,0.000000,0.000000,0.000000,0.000000,0.000000,0.000000,0.000000,0.000000,LEADER
1786354873526709141,2026-08-10T16:41:13.526723,prediction,-0.020631,-0.036000,-0.003040,-0.022204,-0.020700,-0.002616,True,0.046598,-0.005003,-0.016537,0.068802,0.015697,0.013921,0.00,10,-0.161991,0.280059,0.378524,0.000000,0.000000,0.000000,0.000000,0.000000,0.000000,0.000000,0.000000,0.000000,0.000000,0.000000,0.000000,LEADER
1786354873560107578,2026-08-10T16:41:13.560124,prediction,-0.019291,-0.027000,-0.002280,-0.022204,-0.020700,-0.002616,True,0.045830,0.000285,-0.016415,0.068034,0.020985,0.013799,0.00,10,-0.161991,0.280059,0.378524,0.000000,0.000000,0.000000,0.000000,0.000000,0.000000,0.000000,0.000000,0.000000,0.000000,0.000000,0.000000,LEADER
1786354873594431624,2026-08-10T16:41:13.594503,prediction,-0.019291,-0.027000,-0.006149,-0.022204,-0.020700,-0.002616,True,0.045035,0.005758,-0.016289,0.067239,0.026458,0.013673,0.00,10,-0.161991,0.280059,0.378524,0.000000,0.000000,0.000000,0.000000,0.000000,0.000000,0.000000,0.000000,0.000000,0.000000,0.000000,0.000000,LEADER
1786354873627073805,2026-08-10T16:41:13.627086,prediction,-0.017950,-0.018000,-0.001520,-0.022204,-0.020700,-0.002616,True,0.044214,0.011413,-0.016159,0.066418,0.032113,0.013543,0.00,10,-0.161991,0.280059,0.378524,0.000000,0.000000,0.000000,0.000000,0.000000,0.000000,0.000000,0.000000,0.000000,0.000000,0.000000,0.000000,LEADER
1786354873660221322,2026-08-10T16:41:13.660235,prediction,-0.017950,-0.018000,-0.001520,-0.022204,-0.020700,-0.002616,True,0.043367,0.017248,-0.016025,0.065570,0.037948,0.013409,0.00,10,-0.161991,0.280059,0.378524,0.000000,0.000000,0.000000,0.000000,0.000000,0.000000,0.000000,0.000000,0.000000,0.000000,0.000000,0.000000,LEADER
1786354873694022758,2026-08-10T16:41:13.694043,prediction,-0.021972,-0.045000,-0.003801,-0.022204,-0.020700,-0.002616,True,0.042493,0.023262,-0.015887,0.064697,0.043962,0.013270,0.00,10,-0.161991,0.280059,0.378524,0.000000,0.000000,0.000000,0.000000,0.000000,0.000000,0.000000,0.000000,0.000000,0.000000,0.000000,0.000000,LEADER
1786354873726881333,2026-08-10T16:41:13.726895,prediction,-0.020631,-0.036000,-0.003040,-0.022204,-0.020700,-0.002616,True,0.041594,0.029451,-0.015744,0.063798,0.050151,0.013128,0.00,10,-0.161991,0.280059,0.378524,0.000000,0.000000,0.000000,0.000000,0.000000,0.000000,0.000000,0.000000,0.000000,0.000000,0.000000,0.000000,LEADER
1786354873760123030,2026-08-10T16:41:13.760139,prediction,-0.020631,-0.036000,-0.003040,-0.022204,-0.020700,-0.002616,True,0.040670,0.035813,-0.015598,0.062874,0.056513,0.012982,0.00,10,-0.161991,0.280059,0.378524,0.000000,0.000000,0.000000,0.000000,0.000000,0.000000,0.000000,0.000000,0.000000,0.000000,0.000000,0.000000,LEADER
1786354873793660322,2026-08-10T16:41:13.793674,prediction,-0.021972,-0.045000,-0.003801,-0.022204,-0.020700,-0.002616,True,0.039721,0.042346,-0.015448,0.061925,0.063046,0.012831,0.00,10,-0.161991,0.280059,0.378524,0.000000,0.000000,0.000000,0.000000,0.000000,0.000000,0.000000,0.000000,0.000000,0.000000,0.000000,0.000000,LEADER
1786354873827011227,2026-08-10T16:41:13.827025,prediction,-0.017950,-0.018000,-0.001520,-0.022204,-0.020700,-0.002616,True,0.038748,0.049046,-0.015293,0.060952,0.069746,0.012677,0.00,10,-0.161991,0.280059,0.378524,0.000000,0.000000,0.000000,0.000000,0.000000,0.000000,0.000000,0.000000,0.000000,0.000000,0.000000,0.000000,LEADER


============================================================
EXPERIMENT METRICS
  File: experiment_GROUND_TRUTH_20260810_164030.csv
  Total samples: 1035
  Task completion time: 43.50 s
  --- Prediction Accuracy (over 227 samples) ---
  Avg Inference Time: 13.35 ms
  Mean Squared Error (MSE): 0.009933 m²
  Mean Absolute Error (MAE - 3D): 0.0994 m
      MAE X: 0.0788 m
      MAE Y: 0.0576 m
      MAE Z: 0.0156 m
  Jerk: insufficient EE data for calculation
============================================================
