ros_timestamp_ns,wall_time,trajectory_mode,meas_x,meas_y,meas_z,filt_x,filt_y,filt_z,is_tracked,pred_x,pred_y,pred_z,mae_x,mae_y,mae_z,inference_ms,buffer_size,robot_ee_x,robot_ee_y,robot_ee_z,j1_vel,j2_vel,j3_vel,j4_vel,j5_vel,j6_vel,j1_eff,j2_eff,j3_eff,j4_eff,j5_eff,j6_eff,role
1786696392478612212,2026-08-14T15:33:12.478656,prediction,0.235816,-0.216000,-0.001636,0.240882,-0.238000,-0.003385,True,0.233250,-0.216774,-0.002171,0.007632,0.021226,0.001215,25.24,10,-0.161994,0.280053,0.378524,0.000000,0.000000,0.000000,0.000000,0.000000,0.000000,nan,nan,nan,nan,nan,nan,READY
1786696392520286410,2026-08-14T15:33:12.520302,prediction,0.235816,-0.216000,-0.001636,0.240882,-0.238000,-0.003385,True,0.233236,-0.216737,-0.002162,0.007646,0.021263,0.001223,28.38,10,-0.161994,0.280053,0.378524,0.000000,0.000000,0.000000,0.000000,0.000000,0.000000,nan,nan,nan,nan,nan,nan,READY
1786696392542008147,2026-08-14T15:33:12.542021,prediction,0.235816,-0.216000,-0.001636,0.240882,-0.238000,-0.003385,True,0.233224,-0.216667,-0.002154,0.007658,0.021333,0.001231,20.04,10,-0.161994,0.280053,0.378524,0.000000,0.000000,0.000000,0.000000,0.000000,0.000000,nan,nan,nan,nan,nan,nan,READY
1786696392573561614,2026-08-14T15:33:12.573606,prediction,0.238349,-0.227000,-0.002511,0.240882,-0.238000,-0.003385,True,0.233214,-0.216606,-0.002151,0.007668,0.021394,0.001234,18.90,10,-0.161994,0.280053,0.378524,0.000000,0.000000,0.000000,0.000000,0.000000,0.000000,nan,nan,nan,nan,nan,nan,READY
1786696392612431983,2026-08-14T15:33:12.612452,prediction,0.235816,-0.216000,-0.001636,0.240882,-0.238000,-0.003385,True,0.233202,-0.216531,-0.002150,0.007680,0.021469,0.001235,24.72,10,-0.161994,0.280053,0.378524,0.000000,0.000000,0.000000,0.000000,0.000000,0.000000,nan,nan,nan,nan,nan,nan,READY
1786696392645193568,2026-08-14T15:33:12.645208,prediction,0.235816,-0.216000,-0.001636,0.240882,-0.238000,-0.003385,True,0.233199,-0.216489,-0.002153,0.007683,0.021511,0.001232,24.44,10,-0.161994,0.280053,0.378524,0.000000,0.000000,0.000000,0.000000,0.000000,0.000000,nan,nan,nan,nan,nan,nan,READY
1786696392671185293,2026-08-14T15:33:12.671234,prediction,0.235816,-0.216000,-0.001636,0.240882,-0.238000,-0.003385,True,0.233201,-0.216470,-0.002153,0.007681,0.021530,0.001232,18.11,10,-0.161994,0.280053,0.378524,0.000000,0.000000,0.000000,0.000000,0.000000,0.000000,nan,nan,nan,nan,nan,nan,FOLLOWER
1786696392707068661,2026-08-14T15:33:12.707105,prediction,0.235816,-0.216000,-0.001636,0.240882,-0.238000,-0.003385,True,0.233207,-0.216453,-0.002155,0.007675,0.021547,0.001230,20.15,10,-0.161994,0.280053,0.378524,0.000000,0.000000,0.000000,0.000000,0.000000,0.000000,nan,nan,nan,nan,nan,nan,FOLLOWER
1786696392747013317,2026-08-14T15:33:12.747033,prediction,0.238349,-0.227000,-0.002511,0.240882,-0.238000,-0.003385,True,0.233214,-0.216441,-0.002152,0.007668,0.021559,0.001233,24.19,10,-0.161994,0.280053,0.378524,0.000000,0.000000,0.000000,0.000000,0.000000,0.000000,nan,nan,nan,nan,nan,nan,FOLLOWER
1786696392772796954,2026-08-14T15:33:12.772838,prediction,0.235816,-0.216000,-0.001636,0.240882,-0.238000,-0.003385,True,0.233216,-0.216434,-0.002149,0.007666,0.021566,0.001236,19.43,10,-0.161994,0.280053,0.378524,0.000000,0.000000,0.000000,0.000000,0.000000,0.000000,nan,nan,nan,nan,nan,nan,FOLLOWER
1786696392808120155,2026-08-14T15:33:12.808139,prediction,0.238349,-0.227000,-0.002511,0.240882,-0.238000,-0.003385,True,0.233216,-0.216434,-0.002149,0.007666,0.021566,0.001236,21.13,10,-0.161994,0.280053,0.378524,0.000000,0.000000,0.000000,0.000000,0.000000,0.000000,nan,nan,nan,nan,nan,nan,FOLLOWER
1786696392839629540,2026-08-14T15:33:12.839647,prediction,0.235816,-0.216000,-0.001636,0.240882,-0.238000,-0.003385,True,0.233216,-0.216434,-0.002149,0.007666,0.021566,0.001236,19.68,10,-0.161994,0.280053,0.378524,0.000000,0.000000,0.000000,0.000000,0.000000,0.000000,nan,nan,nan,nan,nan,nan,FOLLOWER
1786696392870781437,2026-08-14T15:33:12.870797,prediction,0.235816,-0.216000,0.002605,0.240882,-0.238000,-0.003385,True,0.233216,-0.216434,-0.002149,0.007666,0.021566,0.001236,18.73,10,-0.161994,0.280053,0.378524,0.000000,0.000000,0.000000,0.000000,0.000000,0.000000,nan,nan,nan,nan,nan,nan,FOLLOWER
1786696392909547091,2026-08-14T15:33:12.909568,prediction,0.226144,-0.174000,0.005874,0.240882,-0.238000,-0.003385,True,0.233216,-0.216434,-0.002149,0.007666,0.021566,0.001236,22.10,10,-0.161994,0.280053,0.378524,0.000000,0.000000,0.000000,0.000000,0.000000,0.000000,nan,nan,nan,nan,nan,nan,FOLLOWER
1786696392938058975,2026-08-14T15:33:12.938084,prediction,0.233283,-0.205000,0.003461,0.240882,-0.238000,-0.003385,True,0.233216,-0.216434,-0.002149,0.007666,0.021566,0.001236,19.75,10,-0.161994,0.280053,0.378524,0.000000,0.000000,0.000000,0.000000,0.000000,0.000000,nan,nan,nan,nan,nan,nan,FOLLOWER
1786696392967906174,2026-08-14T15:33:12.967923,prediction,0.230980,-0.195000,0.004240,0.240882,-0.238000,-0.003385,True,0.233216,-0.216434,-0.002149,0.007666,0.021566,0.001236,16.61,10,-0.161994,0.280053,0.378524,0.000000,0.000000,0.000000,0.000000,0.000000,0.000000,nan,nan,nan,nan,nan,nan,FOLLOWER
1786696393002473543,2026-08-14T15:33:13.002488,prediction,0.226144,-0.174000,0.005874,0.240882,-0.238000,-0.003385,True,0.233216,-0.216434,-0.002149,0.007666,0.021566,0.001236,17.80,10,-0.161994,0.280053,0.378524,0.000000,0.000000,0.000000,0.000000,0.000000,0.000000,nan,nan,nan,nan,nan,nan,FOLLOWER
1786696393037894548,2026-08-14T15:33:13.037914,prediction,0.230307,-0.174000,0.010046,0.240882,-0.238000,-0.003385,True,0.233216,-0.216434,-0.002149,0.007666,0.021566,0.001236,20.76,10,-0.161994,0.280053,0.378524,0.000000,0.000000,0.000000,0.000000,0.000000,0.000000,nan,nan,nan,nan,nan,nan,FOLLOWER
1786696393069927702,2026-08-14T15:33:13.069945,prediction,0.235178,-0.195000,0.008446,0.240882,-0.238000,-0.003385,True,0.233216,-0.216434,-0.002149,0.007666,0.021566,0.001236,18.92,10,-0.161994,0.280053,0.378524,0.000000,0.000000,0.000000,0.000000,0.000000,0.000000,nan,nan,nan,nan,nan,nan,FOLLOWER
1786696393105857868,2026-08-14T15:33:13.105877,prediction,0.250253,-0.260000,0.007807,0.240882,-0.238000,-0.003385,True,0.233216,-0.216434,-0.002149,0.007666,0.021566,0.001236,20.26,10,-0.161994,0.280053,0.378524,0.000000,0.000000,0.000000,0.000000,0.000000,0.000000,nan,nan,nan,nan,nan,nan,FOLLOWER
1786696393139422133,2026-08-14T15:33:13.139443,prediction,0.244281,-0.216000,0.011086,0.240882,-0.238000,-0.003385,True,0.233216,-0.216434,-0.002149,0.007666,0.021566,0.001236,21.31,10,-0.161994,0.280053,0.378524,0.000000,0.000000,0.000000,0.000000,0.000000,0.000000,nan,nan,nan,nan,nan,nan,FOLLOWER
1786696393174681566,2026-08-14T15:33:13.174699,prediction,0.246851,-0.227000,0.010266,0.240882,-0.238000,-0.003385,True,0.233216,-0.216434,-0.002149,0.007666,0.021566,0.001236,21.86,10,-0.161994,0.280053,0.378524,0.000000,0.000000,0.000000,0.000000,0.000000,0.000000,nan,nan,nan,nan,nan,nan,FOLLOWER
1786696393204146441,2026-08-14T15:33:13.204190,prediction,0.241712,-0.205000,0.011906,0.240882,-0.238000,-0.003385,True,0.233216,-0.216434,-0.002149,0.007666,0.021566,0.001236,18.20,10,-0.161994,0.280053,0.378524,0.000000,0.000000,0.000000,0.000000,0.000000,0.000000,nan,nan,nan,nan,nan,nan,FOLLOWER
1786696393236177942,2026-08-14T15:33:13.236197,prediction,0.241712,-0.205000,0.011906,0.240882,-0.238000,-0.003385,True,0.233216,-0.216434,-0.002149,0.007666,0.021566,0.001236,18.27,10,-0.161994,0.280053,0.378524,0.000000,0.000000,0.000000,0.000000,0.000000,0.000000,nan,nan,nan,nan,nan,nan,FOLLOWER
1786696393276730175,2026-08-14T15:33:13.276756,prediction,0.241712,-0.205000,0.016129,0.240882,-0.238000,-0.003385,True,0.233216,-0.216434,-0.002149,0.007666,0.021566,0.001236,21.74,10,-0.161994,0.280053,0.378524,0.000000,0.000000,0.000000,0.000000,0.000000,0.000000,nan,nan,nan,nan,nan,nan,FOLLOWER
1786696393307946733,2026-08-14T15:33:13.307966,prediction,0.236807,-0.184000,0.017660,0.240882,-0.238000,-0.003385,True,0.233216,-0.216434,-0.002149,0.007666,0.021566,0.001236,20.14,10,-0.161994,0.280053,0.378524,0.000000,0.000000,0.000000,0.000000,0.000000,0.000000,nan,nan,nan,nan,nan,nan,FOLLOWER
1786696393336439853,2026-08-14T15:33:13.336460,prediction,0.229566,-0.153000,0.019920,0.240882,-0.238000,-0.003385,True,0.233216,-0.216434,-0.002149,0.007666,0.021566,0.001236,17.07,10,-0.161994,0.280053,0.378524,0.000000,0.000000,0.000000,0.000000,0.000000,0.000000,nan,nan,nan,nan,nan,nan,FOLLOWER
1786696393372071742,2026-08-14T15:33:13.372093,prediction,0.240986,-0.184000,0.021848,0.240882,-0.238000,-0.003385,True,0.233216,-0.216434,-0.002149,0.007666,0.021566,0.001236,18.47,10,-0.161994,0.280053,0.378524,0.000000,0.000000,0.000000,0.000000,0.000000,0.000000,nan,nan,nan,nan,nan,nan,FOLLOWER
1786696393410669352,2026-08-14T15:33:13.410686,prediction,0.236047,-0.163000,0.023344,0.240882,-0.238000,-0.003385,True,0.233216,-0.216434,-0.002149,0.007666,0.021566,0.001236,24.10,10,-0.161994,0.280053,0.378524,0.000000,0.000000,0.000000,0.000000,0.000000,0.000000,nan,nan,nan,nan,nan,nan,FOLLOWER
1786696393441189409,2026-08-14T15:33:13.441242,prediction,0.238634,-0.174000,0.026732,0.240882,-0.238000,-0.003385,True,0.233216,-0.216434,-0.002149,0.007666,0.021566,0.001236,19.22,10,-0.161994,0.280053,0.378524,0.000000,0.000000,0.000000,0.000000,0.000000,0.000000,nan,nan,nan,nan,nan,nan,FOLLOWER
1786696393472095598,2026-08-14T15:33:13.472137,prediction,0.228990,-0.133000,0.029585,0.240882,-0.238000,-0.003385,True,0.233216,-0.216434,-0.002149,0.007666,0.021566,0.001236,18.51,10,-0.161994,0.280053,0.378524,0.000000,0.000000,0.000000,0.000000,0.000000,0.000000,nan,nan,nan,nan,nan,nan,FOLLOWER
1786696393506655863,2026-08-14T15:33:13.506679,prediction,0.243574,-0.195000,0.029477,0.239107,-0.200080,0.017077,True,0.233356,-0.196434,0.017520,0.005751,0.003646,0.000443,21.06,10,-0.161994,0.280053,0.378524,0.000000,0.000000,0.000000,0.000000,0.000000,0.000000,nan,nan,nan,nan,nan,nan,FOLLOWER
1786696393544925611,2026-08-14T15:33:13.544988,prediction,0.238634,-0.174000,0.030903,0.240882,-0.238000,-0.003385,True,0.233351,-0.216434,-0.001470,0.007531,0.021566,0.001915,23.31,10,-0.161994,0.280053,0.378524,0.000000,0.000000,0.000000,0.000000,0.000000,0.000000,nan,nan,nan,nan,nan,nan,FOLLOWER
1786696393587070950,2026-08-14T15:33:13.587083,prediction,0.253689,-0.238000,0.030833,0.240050,-0.200613,0.019920,True,0.234195,-0.196434,0.018530,0.005855,0.004179,0.001390,30.45,10,-0.161994,0.280053,0.378524,0.000000,0.000000,0.000000,0.000000,0.000000,0.000000,nan,nan,nan,nan,nan,nan,FOLLOWER
1786696393612177632,2026-08-14T15:33:13.612200,prediction,0.253689,-0.238000,0.030833,0.240882,-0.238000,-0.003385,True,0.233423,-0.216434,-0.001450,0.007459,0.021566,0.001935,22.90,10,-0.161994,0.280053,0.378524,0.000000,0.000000,0.000000,0.000000,0.000000,0.000000,nan,nan,nan,nan,nan,nan,FOLLOWER
1786696393640262890,2026-08-14T15:33:13.640285,prediction,0.256276,-0.249000,0.030103,0.241078,-0.201200,0.022722,True,0.235083,-0.196434,0.018550,0.005995,0.004766,0.004172,20.99,10,-0.161994,0.280053,0.378524,0.000000,0.000000,0.000000,0.000000,0.000000,0.000000,nan,nan,nan,nan,nan,nan,FOLLOWER
1786696393678055806,2026-08-14T15:33:13.678076,prediction,0.248514,-0.216000,0.032291,0.240882,-0.238000,-0.003385,True,0.233397,-0.216434,-0.001450,0.007485,0.021566,0.001935,25.85,10,-0.161994,0.280053,0.378524,0.000000,0.000000,0.000000,0.000000,0.000000,0.000000,nan,nan,nan,nan,nan,nan,FOLLOWER
1786696393717325633,2026-08-14T15:33:13.717343,prediction,0.243574,-0.195000,0.037889,0.241313,-0.201787,0.025923,True,0.235245,-0.196434,0.018550,0.006068,0.005353,0.007373,24.78,10,-0.161994,0.280053,0.378524,0.000000,0.000000,0.000000,0.000000,0.000000,0.000000,nan,nan,nan,nan,nan,nan,FOLLOWER
1786696393743117064,2026-08-14T15:33:13.743132,prediction,0.243574,-0.195000,0.037889,0.240882,-0.238000,-0.003385,True,0.233426,-0.216434,-0.001450,0.007456,0.021566,0.001935,22.19,10,-0.161994,0.280053,0.378524,0.000000,0.000000,0.000000,0.000000,0.000000,0.000000,nan,nan,nan,nan,nan,nan,FOLLOWER
1786696393779517088,2026-08-14T15:33:13.779540,prediction,0.231342,-0.143000,0.041250,0.240746,-0.200720,0.029330,True,0.234737,-0.196434,0.018550,0.006009,0.004286,0.010779,25.48,10,-0.161994,0.280053,0.378524,0.000000,0.000000,0.000000,0.000000,0.000000,0.000000,nan,nan,nan,nan,nan,nan,FOLLOWER
1786696393803890149,2026-08-14T15:33:13.803907,prediction,0.251101,-0.227000,0.040080,0.240882,-0.238000,-0.003385,True,0.233445,-0.216434,-0.001450,0.007437,0.021566,0.001935,19.60,10,-0.161994,0.280053,0.378524,0.000000,0.000000,0.000000,0.000000,0.000000,0.000000,nan,nan,nan,nan,nan,nan,FOLLOWER
1786696393842307442,2026-08-14T15:33:13.842329,prediction,0.243574,-0.195000,0.042095,0.242633,-0.200773,0.032303,True,0.236264,-0.196434,0.018550,0.006369,0.004339,0.013753,21.19,10,-0.161994,0.280053,0.378524,0.000000,0.000000,0.000000,0.000000,0.000000,0.000000,nan,nan,nan,nan,nan,nan,FOLLOWER
1786696393877350942,2026-08-14T15:33:13.877370,prediction,0.261452,-0.271000,0.041640,0.240882,-0.238000,-0.003385,True,0.233424,-0.216434,-0.001450,0.007458,0.021566,0.001935,24.33,10,-0.161994,0.280053,0.378524,0.000000,0.000000,0.000000,0.000000,0.000000,0.000000,nan,nan,nan,nan,nan,nan,FOLLOWER
1786696393915414334,2026-08-14T15:33:13.915441,prediction,0.251101,-0.227000,0.044339,0.245001,-0.206480,0.035022,True,0.237954,-0.196434,0.018550,0.007047,0.010046,0.016472,22.20,10,-0.161994,0.280053,0.378524,0.000000,0.000000,0.000000,0.000000,0.000000,0.000000,nan,nan,nan,nan,nan,nan,FOLLOWER
1786696393940577631,2026-08-14T15:33:13.940598,prediction,0.239376,-0.195000,0.050507,0.240882,-0.238000,-0.003385,True,0.233381,-0.216434,-0.001450,0.007501,0.021566,0.001935,18.59,10,-0.161994,0.280053,0.378524,0.000000,0.000000,0.000000,0.000000,0.000000,0.000000,nan,nan,nan,nan,nan,nan,FOLLOWER
1786696393979657472,2026-08-14T15:33:13.979681,prediction,0.244281,-0.216000,0.053495,0.246070,-0.212133,0.038201,True,0.238506,-0.196434,0.018550,0.007564,0.015699,0.019651,22.75,10,-0.161994,0.280053,0.378524,0.000000,0.000000,0.000000,0.000000,0.000000,0.000000,nan,nan,nan,nan,nan,nan,FOLLOWER
1786696394004113118,2026-08-14T15:33:14.004128,prediction,0.239376,-0.195000,0.054714,0.240882,-0.238000,-0.003385,True,0.233315,-0.216434,-0.001450,0.007567,0.021566,0.001935,17.78,10,-0.161994,0.280053,0.378524,0.000000,0.000000,0.000000,0.000000,0.000000,0.000000,nan,nan,nan,nan,nan,nan,FOLLOWER
1786696394056543075,2026-08-14T15:33:14.056560,prediction,0.245151,-0.238000,0.056496,0.246225,-0.215493,0.041590,True,0.238365,-0.196434,0.018550,0.007859,0.019059,0.023039,31.23,10,-0.161994,0.280053,0.378524,0.000000,0.000000,0.000000,0.000000,0.000000,0.000000,nan,nan,nan,nan,nan,nan,FOLLOWER
1786696394084848705,2026-08-14T15:33:14.084865,prediction,0.233283,-0.205000,0.058356,0.240882,-0.238000,-0.003385,True,0.233245,-0.216434,-0.001450,0.007637,0.021566,0.001935,26.29,10,-0.161994,0.280053,0.378524,0.000000,0.000000,0.000000,0.000000,0.000000,0.000000,nan,nan,nan,nan,nan,nan,FOLLOWER
1786696394107380376,2026-08-14T15:33:14.107404,prediction,0.233283,-0.205000,0.058356,0.245142,-0.221253,0.045176,True,0.237119,-0.199535,0.018550,0.008023,0.021718,0.026626,20.60,10,-0.161994,0.280053,0.378524,0.000000,0.000000,0.000000,0.000000,0.000000,0.000000,nan,nan,nan,nan,nan,nan,FOLLOWER
1786696394148613271,2026-08-14T15:33:14.148634,prediction,0.219465,-0.163000,0.060724,0.240882,-0.238000,-0.003385,True,0.233156,-0.216201,-0.001450,0.007726,0.021799,0.001935,23.35,10,-0.161994,0.280053,0.378524,0.000000,0.000000,0.000000,0.000000,0.000000,0.000000,nan,nan,nan,nan,nan,nan,FOLLOWER
1786696394175731802,2026-08-14T15:33:14.175786,prediction,0.217817,-0.174000,0.064275,0.240641,-0.216080,0.049350,True,0.233479,-0.196201,0.018550,0.007162,0.019879,0.030799,20.85,10,-0.161994,0.280053,0.378524,0.000000,0.000000,0.000000,0.000000,0.000000,0.000000,nan,nan,nan,nan,nan,nan,FOLLOWER
1786696394216881752,2026-08-14T15:33:14.216893,prediction,0.215320,-0.163000,0.064877,0.238758,-0.208869,0.051149,True,0.232310,-0.189606,0.038550,0.006447,0.019263,0.012599,26.07,10,-0.161994,0.280053,0.378524,0.000000,0.000000,0.000000,0.000000,0.000000,0.000000,nan,nan,nan,nan,nan,nan,FOLLOWER
1786696394241792399,2026-08-14T15:33:14.241815,prediction,0.229847,-0.227000,0.065634,0.237843,-0.206307,0.052999,True,0.231327,-0.187221,0.052974,0.006516,0.019086,0.000024,20.09,10,-0.161994,0.280053,0.378524,0.000000,0.000000,0.000000,0.000000,0.000000,0.000000,nan,nan,nan,nan,nan,nan,FOLLOWER
1786696394273765602,2026-08-14T15:33:14.273798,prediction,0.220087,-0.184000,0.067916,0.237092,-0.205208,0.054776,True,0.230779,-0.186395,0.054638,0.006313,0.018813,0.000138,19.96,10,-0.161994,0.280053,0.378524,0.000000,0.000000,0.000000,0.000000,0.000000,0.000000,nan,nan,nan,nan,nan,nan,FOLLOWER
1786696394309058828,2026-08-14T15:33:14.309076,prediction,0.217817,-0.174000,0.072618,0.234873,-0.204402,0.056945,True,0.228701,-0.185980,0.056750,0.006172,0.018422,0.000195,21.82,10,-0.161994,0.280053,0.378524,0.000000,0.000000,0.000000,0.000000,0.000000,0.000000,nan,nan,nan,nan,nan,nan,FOLLOWER
1786696394341948203,2026-08-14T15:33:14.341964,prediction,0.215320,-0.163000,0.073184,0.232990,-0.203120,0.059018,True,0.227178,-0.185380,0.058454,0.005811,0.017740,0.000564,20.35,10,-0.161994,0.280053,0.378524,0.000000,0.000000,0.000000,0.000000,0.000000,0.000000,nan,nan,nan,nan,nan,nan,FOLLOWER
1786696394378132344,2026-08-14T15:33:14.378148,prediction,0.191371,-0.093000,0.076783,0.228318,-0.199451,0.061361,True,0.222945,-0.182729,0.060815,0.005373,0.016722,0.000546,23.26,10,-0.161994,0.280053,0.378524,0.000000,0.000000,0.000000,0.000000,0.000000,0.000000,nan,nan,nan,nan,nan,nan,FOLLOWER
1786696394410486519,2026-08-14T15:33:14.410509,prediction,0.202556,-0.143000,0.078332,0.225081,-0.194237,0.063627,True,0.220425,-0.178759,0.062773,0.004656,0.015478,0.000854,23.91,10,-0.161994,0.280053,0.378524,0.000000,0.000000,0.000000,0.000000,0.000000,0.000000,nan,nan,nan,nan,nan,nan,FOLLOWER
1786696394440313411,2026-08-14T15:33:14.440327,prediction,0.211727,-0.184000,0.080480,0.223238,-0.188714,0.065625,True,0.218708,-0.173736,0.064787,0.004530,0.014978,0.000839,21.11,10,-0.161994,0.280053,0.378524,0.000000,0.000000,0.000000,0.000000,0.000000,0.000000,nan,nan,nan,nan,nan,nan,FOLLOWER
1786696394477866430,2026-08-14T15:33:14.477889,prediction,0.229957,-0.265500,0.080881,0.222283,-0.185903,0.067451,True,0.217987,-0.171638,0.066223,0.004296,0.014265,0.001228,22.54,10,-0.161994,0.280053,0.378524,0.000000,0.000000,0.000000,0.000000,0.000000,0.000000,nan,nan,nan,nan,nan,nan,FOLLOWER
1786696394516445777,2026-08-14T15:33:14.516470,prediction,0.202556,-0.143000,0.086573,0.219828,-0.184754,0.069575,True,0.215814,-0.171039,0.068349,0.004014,0.013715,0.001226,28.68,10,-0.161061,0.281479,0.379950,0.000000,0.000000,0.000000,0.000000,0.000000,0.000000,nan,nan,nan,nan,nan,nan,FOLLOWER
1786696394552851853,2026-08-14T15:33:14.552867,prediction,0.214187,-0.195000,0.088363,0.217764,-0.183404,0.071699,True,0.213969,-0.170152,0.070481,0.003795,0.013252,0.001218,32.07,10,-0.159800,0.284473,0.382943,0.000000,0.000000,0.000000,0.000000,0.000000,0.000000,nan,nan,nan,nan,nan,nan,FOLLOWER
1786696394593879304,2026-08-14T15:33:14.593898,prediction,0.250178,-0.376000,0.084758,0.218288,-0.183262,0.075583,True,0.213407,-0.167802,0.072599,0.004881,0.015460,0.002984,32.20,10,-0.159800,0.284473,0.382943,0.000000,0.000000,0.000000,0.000000,0.000000,0.000000,nan,nan,nan,nan,nan,nan,FOLLOWER
1786696394616912592,2026-08-14T15:33:14.616927,prediction,0.225754,-0.266000,0.089505,0.218707,-0.188439,0.077501,True,0.214339,-0.169901,0.074151,0.004368,0.018538,0.003350,22.28,10,-0.158274,0.288913,0.387568,0.000000,0.000000,0.000000,0.000000,0.000000,0.000000,nan,nan,nan,nan,nan,nan,FOLLOWER
1786696394639584334,2026-08-14T15:33:14.639602,prediction,0.225754,-0.266000,0.089505,0.218707,-0.188439,0.077501,True,0.214603,-0.174651,0.075781,0.004104,0.013788,0.001720,21.29,10,-0.158274,0.288913,0.387568,0.000000,0.000000,0.000000,0.000000,0.000000,0.000000,nan,nan,nan,nan,nan,nan,FOLLOWER
1786696394675358179,2026-08-14T15:33:14.675374,prediction,0.205093,-0.211000,0.091879,0.217859,-0.194381,0.079342,True,0.213737,-0.180198,0.077350,0.004122,0.014183,0.001991,23.95,10,-0.158274,0.288913,0.387568,0.000000,0.000000,0.000000,0.000000,0.000000,0.000000,nan,nan,nan,nan,nan,nan,FOLLOWER
1786696394715726498,2026-08-14T15:33:14.715749,prediction,0.194593,-0.163000,0.093950,0.216477,-0.198130,0.081280,True,0.212408,-0.183599,0.079098,0.004069,0.014531,0.002182,22.15,10,-0.156392,0.294582,0.394042,0.000000,0.000000,0.000000,0.000000,0.000000,0.000000,nan,nan,nan,nan,nan,nan,FOLLOWER
1786696394783260077,2026-08-14T15:33:14.783276,prediction,0.171468,-0.113000,0.096108,0.212585,-0.198293,0.083311,True,0.208936,-0.183954,0.081149,0.003649,0.014338,0.002163,23.91,10,-0.154213,0.300854,0.401653,0.000000,0.000000,0.000000,0.000000,0.000000,0.000000,nan,nan,nan,nan,nan,nan,FOLLOWER
1786696394809514915,2026-08-14T15:33:14.809534,prediction,0.169330,-0.103000,0.096539,0.209201,-0.194539,0.085220,True,0.205888,-0.180441,0.083191,0.003313,0.014098,0.002028,18.93,10,-0.154213,0.300854,0.401653,0.000000,0.000000,0.000000,0.000000,0.000000,0.000000,nan,nan,nan,nan,nan,nan,FOLLOWER
1786696394840141131,2026-08-14T15:33:14.840158,prediction,0.155100,-0.055000,0.098611,0.205020,-0.189468,0.086952,True,0.202143,-0.175767,0.085122,0.002877,0.013701,0.001830,19.15,10,-0.151722,0.306785,0.409261,0.000000,0.000000,0.000000,0.000000,0.000000,0.000000,nan,nan,nan,nan,nan,nan,FOLLOWER
1786696394883805820,2026-08-14T15:33:14.883820,prediction,0.147134,-0.036000,0.099431,0.200474,-0.182107,0.088702,True,0.198038,-0.168922,0.087147,0.002436,0.013185,0.001555,25.64,10,-0.149035,0.312527,0.416867,0.000000,0.000000,0.000000,0.000000,0.000000,0.000000,nan,nan,nan,nan,nan,nan,FOLLOWER
1786696394914265785,2026-08-14T15:33:14.914279,prediction,0.145239,-0.027000,0.099819,0.197399,-0.173861,0.090238,True,0.195182,-0.161065,0.088942,0.002217,0.012796,0.001296,22.37,10,-0.149035,0.312527,0.416867,0.000000,0.000000,0.000000,0.000000,0.000000,0.000000,nan,nan,nan,nan,nan,nan,FOLLOWER
1786696394948058958,2026-08-14T15:33:14.948077,prediction,0.149046,-0.064000,0.098223,0.193831,-0.166506,0.091564,True,0.191902,-0.154191,0.090496,0.001929,0.012315,0.001068,23.73,10,-0.149035,0.312527,0.416867,0.000000,0.000000,0.000000,0.000000,0.000000,0.000000,nan,nan,nan,nan,nan,nan,FOLLOWER
1786696394981544077,2026-08-14T15:33:14.981561,prediction,0.141318,-0.027000,0.099819,0.189138,-0.158848,0.092853,True,0.187609,-0.147166,0.092021,0.001529,0.011682,0.000832,23.75,10,-0.145855,0.318103,0.424560,0.000000,0.000000,0.000000,0.000000,0.000000,0.000000,nan,nan,nan,nan,nan,nan,FOLLOWER
1786696395009105827,2026-08-14T15:33:15.009153,prediction,0.134600,-0.013500,0.100402,0.182780,-0.148943,0.094155,True,0.181742,-0.137958,0.093623,0.001038,0.010984,0.000532,21.10,10,-0.145855,0.318103,0.424560,0.000000,0.000000,0.000000,0.000000,0.000000,0.000000,nan,nan,nan,nan,nan,nan,FOLLOWER
1786696395045612962,2026-08-14T15:33:15.045632,prediction,0.129938,0.009000,0.101373,0.177939,-0.137869,0.095141,True,0.177118,-0.127376,0.094872,0.000821,0.010493,0.000269,24.03,10,-0.142009,0.323597,0.431958,0.000000,0.000000,0.000000,0.000000,0.000000,0.000000,nan,nan,nan,nan,nan,nan,FOLLOWER
1786696395077077355,2026-08-14T15:33:15.077096,prediction,0.122376,0.027000,0.102150,0.171818,-0.124774,0.096060,True,0.171226,-0.114628,0.096061,0.000592,0.010146,0.000001,23.21,10,-0.142009,0.323597,0.431958,0.000000,0.000000,0.000000,0.000000,0.000000,0.000000,nan,nan,nan,nan,nan,nan,FOLLOWER
1786696395111124374,2026-08-14T15:33:15.111142,prediction,0.120526,0.036000,0.102538,0.164113,-0.110315,0.097007,True,0.163811,-0.100311,0.097242,0.000302,0.010004,0.000235,24.12,10,-0.137652,0.329246,0.438937,0.000000,0.000000,0.000000,0.000000,0.000000,0.000000,nan,nan,nan,nan,nan,nan,FOLLOWER
1786696395145102102,2026-08-14T15:33:15.145119,prediction,0.111072,0.045000,0.102926,0.154839,-0.089876,0.098218,True,0.154627,-0.080311,0.098725,0.000212,0.009566,0.000507,21.03,10,-0.137652,0.329246,0.438937,0.000000,0.000000,0.000000,0.000000,0.000000,0.000000,nan,nan,nan,nan,nan,nan,FOLLOWER
1786696395177519946,2026-08-14T15:33:15.177536,prediction,0.111072,0.045000,0.102926,0.147194,-0.067762,0.099113,True,0.146702,-0.060311,0.099829,0.000491,0.007451,0.000716,21.24,10,-0.132713,0.335344,0.445164,0.000000,0.000000,0.000000,0.000000,0.000000,0.000000,nan,nan,nan,nan,nan,nan,FOLLOWER
1786696395212088880,2026-08-14T15:33:15.212107,prediction,0.116533,0.018000,0.101761,0.141290,-0.046752,0.099772,True,0.140371,-0.040311,0.100599,0.000919,0.006442,0.000828,21.47,10,-0.132713,0.335344,0.445164,0.000000,0.000000,0.000000,0.000000,0.000000,0.000000,nan,nan,nan,nan,nan,nan,FOLLOWER
1786696395242358901,2026-08-14T15:33:15.242373,prediction,0.109454,0.053000,0.107068,0.135614,-0.028897,0.100646,True,0.134503,-0.020311,0.101497,0.001111,0.008587,0.000850,20.80,10,-0.127411,0.342121,0.450259,0.000000,0.000000,0.000000,0.000000,0.000000,0.000000,nan,nan,nan,nan,nan,nan,FOLLOWER
1786696395276304420,2026-08-14T15:33:15.276320,prediction,0.100085,0.062000,0.107442,0.130855,-0.013806,0.101402,True,0.129681,-0.001437,0.102229,0.001174,0.012370,0.000827,21.80,10,-0.127411,0.342121,0.450259,0.000000,0.000000,0.000000,0.000000,0.000000,0.000000,nan,nan,nan,nan,nan,nan,FOLLOWER
1786696395314563569,2026-08-14T15:33:15.314591,prediction,0.103216,0.027000,0.105989,0.126447,-0.001935,0.102032,True,0.125427,0.009596,0.102786,0.001021,0.011531,0.000755,23.51,10,-0.122191,0.349708,0.454183,0.000000,0.000000,0.000000,0.000000,0.000000,0.000000,nan,nan,nan,nan,nan,nan,FOLLOWER
1786696395342121192,2026-08-14T15:33:15.342141,prediction,0.099665,0.045000,0.106736,0.122752,0.008333,0.102574,True,0.121922,0.018813,0.103245,0.000829,0.010480,0.000671,21.64,10,-0.122191,0.349708,0.454183,0.000000,0.000000,0.000000,0.000000,0.000000,0.000000,nan,nan,nan,nan,nan,nan,FOLLOWER
1786696395376191183,2026-08-14T15:33:15.376208,prediction,0.099384,0.027000,0.105989,0.119568,0.014760,0.103011,True,0.119160,0.023723,0.103552,0.000408,0.008963,0.000542,21.59,10,-0.117288,0.357912,0.457186,0.000000,0.000000,0.000000,0.000000,0.000000,0.000000,nan,nan,nan,nan,nan,nan,FOLLOWER
1786696395413071215,2026-08-14T15:33:15.413088,prediction,0.095862,0.045000,0.106736,0.116276,0.020365,0.103472,True,0.116344,0.027891,0.103879,0.000067,0.007526,0.000407,25.21,10,-0.117288,0.357912,0.457186,0.000000,0.000000,0.000000,0.000000,0.000000,0.000000,nan,nan,nan,nan,nan,nan,FOLLOWER
1786696395439175853,2026-08-14T15:33:15.439221,prediction,0.090508,0.053000,0.107068,0.112374,0.025806,0.104062,True,0.112987,0.032117,0.104345,0.000613,0.006311,0.000283,20.89,10,-0.112693,0.366425,0.459559,0.000000,0.000000,0.000000,0.000000,0.000000,0.000000,nan,nan,nan,nan,nan,nan,FOLLOWER
1786696395479925867,2026-08-14T15:33:15.479950,prediction,0.092060,0.045000,0.106736,0.109090,0.030735,0.104523,True,0.110157,0.036070,0.104702,0.001067,0.005335,0.000179,22.41,10,-0.112693,0.366425,0.459559,0.000000,0.000000,0.000000,0.000000,0.000000,0.000000,nan,nan,nan,nan,nan,nan,FOLLOWER
1786696395506203708,2026-08-14T15:33:15.506221,prediction,0.088762,0.062000,0.111223,0.106034,0.035987,0.105244,True,0.107459,0.040661,0.105364,0.001425,0.004674,0.000120,21.87,10,-0.108249,0.375162,0.461541,0.000000,0.000000,0.000000,0.000000,0.000000,0.000000,nan,nan,nan,nan,nan,nan,FOLLOWER
1786696395547948439,2026-08-14T15:33:15.547962,prediction,0.076446,0.087000,0.112220,0.102468,0.041064,0.105967,True,0.104334,0.045228,0.106031,0.001866,0.004164,0.000064,22.79,10,-0.108249,0.375162,0.461541,0.000000,0.000000,0.000000,0.000000,0.000000,0.000000,nan,nan,nan,nan,nan,nan,FOLLOWER
1786696395573717170,2026-08-14T15:33:15.573732,prediction,0.076446,0.087000,0.112220,0.099406,0.046239,0.106639,True,0.101594,0.050076,0.106666,0.002187,0.003836,0.000028,20.40,10,-0.103820,0.384084,0.463394,0.000000,0.000000,0.000000,0.000000,0.000000,0.000000,nan,nan,nan,nan,nan,nan,FOLLOWER
1786696395609018732,2026-08-14T15:33:15.609097,prediction,0.081213,0.062000,0.111223,0.096785,0.050475,0.107218,True,0.099293,0.053946,0.107202,0.002508,0.003472,0.000015,18.94,10,-0.103820,0.384084,0.463394,0.000000,0.000000,0.000000,0.000000,0.000000,0.000000,nan,nan,nan,nan,nan,nan,FOLLOWER
1786696395642854496,2026-08-14T15:33:15.642871,prediction,0.072712,0.087000,0.112220,0.094228,0.054042,0.107837,True,0.097112,0.057103,0.107771,0.002884,0.003061,0.000066,19.34,10,-0.099632,0.392996,0.464895,0.000000,0.000000,0.000000,0.000000,0.000000,0.000000,nan,nan,nan,nan,nan,nan,FOLLOWER
1786696395676022853,2026-08-14T15:33:15.676041,prediction,0.079141,0.053000,0.110865,0.092099,0.055662,0.108366,True,0.095493,0.058065,0.108223,0.003394,0.002403,0.000144,21.74,10,-0.099632,0.392996,0.464895,0.000000,0.000000,0.000000,0.000000,0.000000,0.000000,nan,nan,nan,nan,nan,nan,FOLLOWER
1786696395713502586,2026-08-14T15:33:15.713518,prediction,0.075926,0.070000,0.115310,0.089392,0.057319,0.109270,True,0.093434,0.059089,0.109058,0.004042,0.001770,0.000212,21.30,10,-0.095561,0.401939,0.466263,0.000000,0.000000,0.000000,0.000000,0.000000,0.000000,nan,nan,nan,nan,nan,nan,FOLLOWER
1786696395746825290,2026-08-14T15:33:15.746843,prediction,0.067480,0.095000,0.116265,0.086594,0.058984,0.109883,True,0.091321,0.060207,0.109582,0.004727,0.001223,0.000301,22.24,10,-0.095561,0.401939,0.466263,0.000000,0.000000,0.000000,0.000000,0.000000,0.000000,nan,nan,nan,nan,nan,nan,FOLLOWER
1786696395781339502,2026-08-14T15:33:15.781361,prediction,0.062088,0.104000,0.116609,0.084061,0.061557,0.110494,True,0.089300,0.062497,0.110118,0.005239,0.000941,0.000376,26.19,10,-0.091507,0.410965,0.467570,0.000000,0.000000,0.000000,0.000000,0.000000,0.000000,nan,nan,nan,nan,nan,nan,FOLLOWER
1786696395817459414,2026-08-14T15:33:15.817474,prediction,0.058383,0.104000,0.116609,0.081072,0.064791,0.111202,True,0.086858,0.065598,0.110749,0.005786,0.000806,0.000453,30.70,10,-0.087425,0.420033,0.468863,0.000000,0.000000,0.000000,0.000000,0.000000,0.000000,nan,nan,nan,nan,nan,nan,FOLLOWER
1786696395846040519,2026-08-14T15:33:15.846060,prediction,0.056910,0.112000,0.116915,0.078221,0.068585,0.111881,True,0.084445,0.069399,0.111366,0.006223,0.000814,0.000514,25.21,10,-0.087425,0.420033,0.468863,0.000000,0.000000,0.000000,0.000000,0.000000,0.000000,nan,nan,nan,nan,nan,nan,FOLLOWER
1786696395880176133,2026-08-14T15:33:15.880196,prediction,0.053964,0.128000,0.117526,0.075194,0.073877,0.112650,True,0.081674,0.074961,0.112106,0.006481,0.001084,0.000544,25.53,10,-0.087425,0.420033,0.468863,0.000000,0.000000,0.000000,0.000000,0.000000,0.000000,nan,nan,nan,nan,nan,nan,FOLLOWER
1786696395909277029,2026-08-14T15:33:15.909297,prediction,0.051759,0.120000,0.120906,0.072253,0.078935,0.113594,True,0.078998,0.080219,0.113039,0.006745,0.001284,0.000555,22.99,10,-0.083256,0.428995,0.470138,0.000000,0.000000,0.000000,0.000000,0.000000,0.000000,nan,nan,nan,nan,nan,nan,FOLLOWER
1786696395984695492,2026-08-14T15:33:15.984717,prediction,0.043740,0.144000,0.121783,0.066396,0.088949,0.115481,True,0.076550,0.085383,0.113922,0.010154,0.003566,0.001559,53.59,10,-0.079010,0.438001,0.471427,0.000000,0.000000,0.000000,0.000000,0.000000,0.000000,nan,nan,nan,nan,nan,nan,FOLLOWER
1786696396030740229,2026-08-14T15:33:16.030772,prediction,0.043740,0.144000,0.121783,0.063395,0.094803,0.116185,True,0.073691,0.090424,0.114907,0.010296,0.004379,0.001278,46.07,10,-0.074749,0.446926,0.472714,0.000000,0.000000,0.000000,0.000000,0.000000,0.000000,nan,nan,nan,nan,nan,nan,FOLLOWER
1786696396060177535,2026-08-14T15:33:16.060200,prediction,0.040847,0.160000,0.122368,0.061022,0.100347,0.116862,True,0.070850,0.096442,0.115591,0.009829,0.003905,0.001271,28.77,10,-0.074749,0.446926,0.472714,0.000000,0.000000,0.000000,0.000000,0.000000,0.000000,nan,nan,nan,nan,nan,nan,FOLLOWER
1786696396088545101,2026-08-14T15:33:16.088563,prediction,0.043740,0.144000,0.121783,0.058841,0.104496,0.117499,True,0.068493,0.102099,0.116253,0.009652,0.002397,0.001246,26.93,10,-0.070395,0.455843,0.474022,0.000000,0.000000,0.000000,0.000000,0.000000,0.000000,nan,nan,nan,nan,nan,nan,FOLLOWER
1786696396113570724,2026-08-14T15:33:16.113588,prediction,0.037235,0.160000,0.122368,0.055909,0.109219,0.118242,True,0.066509,0.106058,0.116842,0.010599,0.003161,0.001400,25.04,10,-0.070395,0.455843,0.474022,0.000000,0.000000,0.000000,0.000000,0.000000,0.000000,nan,nan,nan,nan,nan,nan,FOLLOWER
1786696396140415104,2026-08-14T15:33:16.140433,prediction,0.037235,0.160000,0.122368,0.053544,0.114057,0.118919,True,0.063900,0.110612,0.117522,0.010356,0.003445,0.001397,26.23,10,-0.070395,0.455843,0.474022,0.000000,0.000000,0.000000,0.000000,0.000000,0.000000,nan,nan,nan,nan,nan,nan,FOLLOWER
1786696396162787498,2026-08-14T15:33:16.162802,prediction,0.032202,0.168000,0.122660,0.050415,0.120251,0.119705,True,0.061652,0.115363,0.118161,0.011237,0.004889,0.001544,22.28,10,-0.065953,0.464724,0.475351,0.000000,0.000000,0.000000,0.000000,0.000000,0.000000,nan,nan,nan,nan,nan,nan,FOLLOWER
1786696396185652633,2026-08-14T15:33:16.185675,prediction,0.032202,0.168000,0.122660,0.050415,0.120251,0.119705,True,0.058619,0.121676,0.118922,0.008204,0.001425,0.000783,21.96,10,-0.065953,0.464724,0.475351,0.000000,0.000000,0.000000,0.000000,0.000000,0.000000,nan,nan,nan,nan,nan,nan,FOLLOWER
1786696396212845765,2026-08-14T15:33:16.212861,prediction,0.029539,0.183000,0.123209,0.047322,0.126717,0.120232,True,0.055544,0.128327,0.119414,0.008222,0.001610,0.000818,20.71,10,-0.065953,0.464724,0.475351,0.000000,0.000000,0.000000,0.000000,0.000000,0.000000,nan,nan,nan,nan,nan,nan,FOLLOWER
1786696396242569847,2026-08-14T15:33:16.242583,prediction,0.030959,0.175000,0.122916,0.044888,0.133610,0.120675,True,0.052843,0.135521,0.119849,0.007955,0.001911,0.000826,20.68,10,-0.061463,0.473519,0.476688,0.000000,0.000000,0.000000,0.000000,0.000000,0.000000,nan,nan,nan,nan,nan,nan,FOLLOWER
1786696396279458626,2026-08-14T15:33:16.279476,prediction,0.028119,0.191000,0.123501,0.042623,0.139682,0.121135,True,0.050403,0.141704,0.120291,0.007779,0.002022,0.000844,23.15,10,-0.061463,0.473519,0.476688,0.000000,0.000000,0.000000,0.000000,0.000000,0.000000,nan,nan,nan,nan,nan,nan,FOLLOWER
1786696396318120327,2026-08-14T15:33:16.318175,prediction,0.032202,0.168000,0.122660,0.040878,0.144683,0.121538,True,0.048522,0.146604,0.120676,0.007645,0.001921,0.000862,22.20,10,-0.056943,0.482330,0.478023,0.000000,0.000000,0.000000,0.000000,0.000000,0.000000,nan,nan,nan,nan,nan,nan,FOLLOWER
1786696396342203829,2026-08-14T15:33:16.342227,prediction,0.029539,0.183000,0.123209,0.039053,0.149897,0.121958,True,0.046542,0.151741,0.121085,0.007489,0.001844,0.000873,20.04,10,-0.056943,0.482330,0.478023,0.000000,0.000000,0.000000,0.000000,0.000000,0.000000,nan,nan,nan,nan,nan,nan,FOLLOWER
1786696396377175456,2026-08-14T15:33:16.377202,prediction,0.026876,0.198000,0.123757,0.037247,0.154726,0.122373,True,0.044646,0.156427,0.121489,0.007399,0.001701,0.000884,22.48,10,-0.052392,0.491244,0.479355,0.000000,0.000000,0.000000,0.000000,0.000000,0.000000,nan,nan,nan,nan,nan,nan,FOLLOWER
1786696396404452976,2026-08-14T15:33:16.404466,prediction,0.024213,0.213000,0.124305,0.035411,0.159852,0.122599,True,0.042680,0.161480,0.121696,0.007269,0.001628,0.000904,18.71,10,-0.052392,0.491244,0.479355,0.000000,0.000000,0.000000,0.000000,0.000000,0.000000,nan,nan,nan,nan,nan,nan,FOLLOWER
1786696396443773689,2026-08-14T15:33:16.443789,prediction,0.024213,0.213000,0.124305,0.033627,0.165837,0.122865,True,0.040591,0.167595,0.121969,0.006964,0.001758,0.000896,19.18,10,-0.047889,0.500146,0.480659,0.000000,0.000000,0.000000,0.000000,0.000000,0.000000,nan,nan,nan,nan,nan,nan,FOLLOWER
1786696396475220991,2026-08-14T15:33:16.475238,prediction,0.025964,0.183000,0.123209,0.032442,0.171994,0.122960,True,0.038932,0.173972,0.122084,0.006491,0.001978,0.000876,19.28,10,-0.047889,0.500146,0.480659,0.000000,0.000000,0.000000,0.000000,0.000000,0.000000,nan,nan,nan,nan,nan,nan,FOLLOWER
1786696396512032485,2026-08-14T15:33:16.512055,prediction,0.024557,0.191000,0.123501,0.031163,0.175732,0.123075,True,0.037589,0.177452,0.122167,0.006426,0.001719,0.000907,20.14,10,-0.043475,0.508966,0.481915,0.000000,0.000000,0.000000,0.000000,0.000000,0.000000,nan,nan,nan,nan,nan,nan,FOLLOWER
1786696396543638232,2026-08-14T15:33:16.543688,prediction,0.020688,0.213000,0.124305,0.029819,0.178986,0.123204,True,0.036252,0.180361,0.122262,0.006433,0.001375,0.000942,21.24,10,-0.043475,0.508966,0.481915,0.000000,0.000000,0.000000,0.000000,0.000000,0.000000,nan,nan,nan,nan,nan,nan,FOLLOWER
1786696396588194749,2026-08-14T15:33:16.588237,prediction,0.015769,0.221000,0.124597,0.027954,0.183317,0.123391,True,0.034312,0.184574,0.122436,0.006358,0.001257,0.000955,27.91,10,-0.039118,0.517808,0.483131,0.000000,0.000000,0.000000,0.000000,0.000000,0.000000,nan,nan,nan,nan,nan,nan,FOLLOWER
1786696396618308118,2026-08-14T15:33:16.618325,prediction,0.015769,0.221000,0.124597,0.026523,0.187437,0.123540,True,0.032731,0.188622,0.122589,0.006208,0.001185,0.000951,22.56,10,-0.034758,0.526713,0.484335,0.000000,0.000000,0.000000,0.000000,0.000000,0.000000,nan,nan,nan,nan,nan,nan,FOLLOWER
1786696396660326171,2026-08-14T15:33:16.660341,prediction,0.017163,0.213000,0.124305,0.023927,0.195583,0.123832,True,0.031019,0.192641,0.122780,0.007093,0.002942,0.001052,32.55,10,-0.034758,0.526713,0.484335,0.000000,0.000000,0.000000,0.000000,0.000000,0.000000,nan,nan,nan,nan,nan,nan,FOLLOWER
1786696396684549975,2026-08-14T15:33:16.684564,prediction,0.017163,0.213000,0.124305,0.023927,0.195583,0.123832,True,0.029774,0.196719,0.122916,0.005848,0.001136,0.000916,23.75,10,-0.030377,0.535788,0.485513,0.000000,0.000000,0.000000,0.000000,0.000000,0.000000,nan,nan,nan,nan,nan,nan,FOLLOWER
1786696396712809720,2026-08-14T15:33:16.712828,prediction,0.007548,0.228000,0.124853,0.022461,0.199597,0.123942,True,0.028154,0.200725,0.123038,0.005693,0.001129,0.000904,24.04,10,-0.030377,0.535788,0.485513,0.000000,0.000000,0.000000,0.000000,0.000000,0.000000,nan,nan,nan,nan,nan,nan,FOLLOWER
1786696396755818946,2026-08-14T15:33:16.755836,prediction,0.008745,0.221000,0.124597,0.020980,0.202853,0.124054,True,0.026623,0.203848,0.123150,0.005643,0.000995,0.000904,23.17,10,-0.026172,0.544643,0.486613,0.000000,0.000000,0.000000,0.000000,0.000000,0.000000,nan,nan,nan,nan,nan,nan,FOLLOWER
1786696396786826746,2026-08-14T15:33:16.786864,prediction,0.003061,0.213000,0.124305,0.019309,0.205530,0.124108,True,0.025023,0.206290,0.123181,0.005714,0.000759,0.000926,24.73,10,-0.026172,0.544643,0.486613,0.000000,0.000000,0.000000,0.000000,0.000000,0.000000,nan,nan,nan,nan,nan,nan,FOLLOWER
1786696396813741278,2026-08-14T15:33:16.813756,prediction,-0.002954,0.228000,0.124853,0.016966,0.208519,0.124254,True,0.022816,0.209103,0.123301,0.005851,0.000584,0.000953,22.82,10,-0.026172,0.544643,0.486613,0.000000,0.000000,0.000000,0.000000,0.000000,0.000000,nan,nan,nan,nan,nan,nan,FOLLOWER
1786696396846779151,2026-08-14T15:33:16.846800,prediction,-0.007515,0.213000,0.124305,0.014495,0.210717,0.124327,True,0.020630,0.210999,0.123324,0.006134,0.000282,0.001003,22.49,10,-0.021979,0.553654,0.487666,0.000000,0.000000,0.000000,0.000000,0.000000,0.000000,nan,nan,nan,nan,nan,nan,FOLLOWER
1786696396879525029,2026-08-14T15:33:16.879543,prediction,-0.020380,0.271000,0.122988,0.011345,0.213557,0.124276,True,0.017778,0.213660,0.123201,0.006433,0.000104,0.001075,22.46,10,-0.021979,0.553654,0.487666,0.000000,0.000000,0.000000,0.000000,0.000000,0.000000,nan,nan,nan,nan,nan,nan,FOLLOWER
1786696396909978152,2026-08-14T15:33:16.909994,prediction,-0.023927,0.250000,0.118715,0.008136,0.216898,0.123903,True,0.014791,0.216962,0.122729,0.006655,0.000064,0.001174,21.96,10,-0.017810,0.562650,0.488675,0.000000,0.000000,0.000000,0.000000,0.000000,0.000000,nan,nan,nan,nan,nan,nan,FOLLOWER
1786696396950784712,2026-08-14T15:33:16.950799,prediction,-0.022823,0.243000,0.118436,0.005000,0.219540,0.123512,True,0.011992,0.219446,0.122213,0.006992,0.000093,0.001299,25.55,10,-0.013588,0.571750,0.489673,0.000000,0.000000,0.000000,0.000000,0.000000,0.000000,nan,nan,nan,nan,nan,nan,FOLLOWER
1786696396976258211,2026-08-14T15:33:16.976277,prediction,-0.031936,0.257000,0.118994,0.001140,0.222041,0.123231,True,0.008647,0.221727,0.121797,0.007507,0.000314,0.001434,22.32,10,-0.013588,0.571750,0.489673,0.000000,0.000000,0.000000,0.000000,0.000000,0.000000,nan,nan,nan,nan,nan,nan,FOLLOWER
1786696397009472674,2026-08-14T15:33:17.009502,prediction,-0.040958,0.271000,0.119552,-0.003228,0.226062,0.122968,True,0.004644,0.225802,0.121432,0.007872,0.000260,0.001536,23.00,10,-0.013588,0.571750,0.489673,0.000000,0.000000,0.000000,0.000000,0.000000,0.000000,nan,nan,nan,nan,nan,nan,FOLLOWER
1786696397041148503,2026-08-14T15:33:17.041169,prediction,-0.040958,0.271000,0.119552,-0.007338,0.231132,0.122651,True,0.000659,0.231146,0.121056,0.007997,0.000014,0.001595,20.63,10,-0.009349,0.580723,0.490584,0.000000,0.000000,0.000000,0.000000,0.000000,0.000000,nan,nan,nan,nan,nan,nan,FOLLOWER
1786696397077991167,2026-08-14T15:33:17.078012,prediction,-0.041248,0.250000,0.115244,-0.011139,0.235240,0.122027,True,-0.002860,0.235313,0.120337,0.008279,0.000074,0.001690,21.17,10,-0.009349,0.580723,0.490584,0.000000,0.000000,0.000000,0.000000,0.000000,0.000000,nan,nan,nan,nan,nan,nan,FOLLOWER
1786696397109452906,2026-08-14T15:33:17.109471,prediction,-0.046782,0.264000,0.115825,-0.015309,0.238355,0.121442,True,-0.006444,0.238218,0.119623,0.008865,0.000136,0.001819,19.08,10,-0.005019,0.589661,0.491437,0.000000,0.000000,0.000000,0.000000,0.000000,0.000000,nan,nan,nan,nan,nan,nan,FOLLOWER
1786696397141936203,2026-08-14T15:33:17.141951,prediction,-0.051247,0.271000,0.112679,-0.019614,0.241271,0.120614,True,-0.010057,0.240849,0.118641,0.009557,0.000422,0.001972,20.30,10,-0.005019,0.589661,0.491437,0.000000,0.000000,0.000000,0.000000,0.000000,0.000000,nan,nan,nan,nan,nan,nan,FOLLOWER
1786696397178738231,2026-08-14T15:33:17.178760,prediction,-0.055689,0.278000,0.112982,-0.024471,0.244521,0.119859,True,-0.014153,0.243847,0.117735,0.010317,0.000674,0.002123,19.65,10,-0.000536,0.598640,0.492223,0.000000,0.000000,0.000000,0.000000,0.000000,0.000000,nan,nan,nan,nan,nan,nan,FOLLOWER
1786696397209684597,2026-08-14T15:33:17.209707,prediction,-0.054677,0.271000,0.112679,-0.028619,0.247464,0.119047,True,-0.017599,0.246523,0.116797,0.011020,0.000942,0.002251,20.92,10,-0.000536,0.598640,0.492223,0.000000,0.000000,0.000000,0.000000,0.000000,0.000000,nan,nan,nan,nan,nan,nan,FOLLOWER
1786696397241213882,2026-08-14T15:33:17.241233,prediction,-0.054677,0.271000,0.112679,-0.032847,0.250719,0.118253,True,-0.021159,0.249585,0.115892,0.011688,0.001134,0.002361,19.45,10,0.004085,0.607541,0.492918,0.000000,0.000000,0.000000,0.000000,0.000000,0.000000,nan,nan,nan,nan,nan,nan,FOLLOWER
1786696397278238255,2026-08-14T15:33:17.278290,prediction,-0.054677,0.271000,0.112679,-0.036696,0.254037,0.117478,True,-0.024437,0.252761,0.115036,0.012260,0.001276,0.002441,18.79,10,0.004085,0.607541,0.492918,0.000000,0.000000,0.000000,0.000000,0.000000,0.000000,nan,nan,nan,nan,nan,nan,FOLLOWER
1786696397313886206,2026-08-14T15:33:17.313901,prediction,-0.059107,0.278000,0.109557,-0.040440,0.257367,0.116458,True,-0.027627,0.255965,0.113930,0.012813,0.001402,0.002528,24.01,10,0.008791,0.616203,0.493499,0.000000,0.000000,0.000000,0.000000,0.000000,0.000000,nan,nan,nan,nan,nan,nan,FOLLOWER
1786696397346282912,2026-08-14T15:33:17.346304,prediction,-0.059107,0.278000,0.109557,-0.043879,0.261500,0.115475,True,-0.030798,0.260164,0.112904,0.013081,0.001336,0.002570,23.61,10,0.008791,0.616203,0.493499,0.000000,0.000000,0.000000,0.000000,0.000000,0.000000,nan,nan,nan,nan,nan,nan,FOLLOWER
1786696397379916549,2026-08-14T15:33:17.379935,prediction,-0.061536,0.271000,0.109243,-0.046623,0.264993,0.114558,True,-0.033271,0.263626,0.111968,0.013352,0.001368,0.002590,22.97,10,0.013730,0.624887,0.493970,0.000000,0.000000,0.000000,0.000000,0.000000,0.000000,nan,nan,nan,nan,nan,nan,FOLLOWER
1786696397413987934,2026-08-14T15:33:17.414010,prediction,-0.068874,0.299000,0.110498,-0.049620,0.267185,0.114011,True,-0.035632,0.265511,0.111399,0.013987,0.001674,0.002612,22.70,10,0.013730,0.624887,0.493970,0.000000,0.000000,0.000000,0.000000,0.000000,0.000000,nan,nan,nan,nan,nan,nan,FOLLOWER
1786696397445358583,2026-08-14T15:33:17.445375,prediction,-0.073224,0.306000,0.110811,-0.052980,0.270237,0.113502,True,-0.038515,0.268427,0.110908,0.014465,0.001810,0.002594,23.68,10,0.018824,0.633498,0.494316,0.000000,0.000000,0.000000,0.000000,0.000000,0.000000,nan,nan,nan,nan,nan,nan,FOLLOWER
1786696397482523649,2026-08-14T15:33:17.482544,prediction,-0.072258,0.299000,0.110498,-0.055668,0.273461,0.112936,True,-0.040945,0.271602,0.110388,0.014723,0.001859,0.002548,23.03,10,0.018824,0.633498,0.494316,0.000000,0.000000,0.000000,0.000000,0.000000,0.000000,nan,nan,nan,nan,nan,nan,FOLLOWER
1786696397513502887,2026-08-14T15:33:17.513520,prediction,-0.074687,0.292000,0.110184,-0.057916,0.276345,0.112311,True,-0.042976,0.274409,0.109807,0.014940,0.001936,0.002505,21.53,10,0.023991,0.642069,0.494601,0.000000,0.000000,0.000000,0.000000,0.000000,0.000000,nan,nan,nan,nan,nan,nan,FOLLOWER
1786696397547488341,2026-08-14T15:33:17.547509,prediction,-0.081718,0.319000,0.111394,-0.060634,0.278416,0.111767,True,-0.045194,0.276251,0.109265,0.015440,0.002165,0.002502,22.80,10,0.023991,0.642069,0.494601,0.000000,0.000000,0.000000,0.000000,0.000000,0.000000,nan,nan,nan,nan,nan,nan,FOLLOWER
1786696397584896531,2026-08-14T15:33:17.584915,prediction,-0.082661,0.326000,0.111708,-0.063395,0.281390,0.111532,True,-0.047740,0.279207,0.109083,0.015654,0.002183,0.002449,23.49,10,0.029311,0.650499,0.494707,0.000000,0.000000,0.000000,0.000000,0.000000,0.000000,nan,nan,nan,nan,nan,nan,FOLLOWER
1786696397612051132,2026-08-14T15:33:17.612067,prediction,-0.084271,0.313000,0.111125,-0.065894,0.284918,0.111218,True,-0.050259,0.282863,0.108848,0.015635,0.002055,0.002371,20.50,10,0.029311,0.650499,0.494707,0.000000,0.000000,0.000000,0.000000,0.000000,0.000000,nan,nan,nan,nan,nan,nan,FOLLOWER
1786696397644618387,2026-08-14T15:33:17.644636,prediction,-0.085792,0.299000,0.110498,-0.068197,0.288237,0.111073,True,-0.052600,0.286290,0.108785,0.015596,0.001947,0.002288,19.97,10,0.034770,0.658924,0.494710,0.000000,0.000000,0.000000,0.000000,0.000000,0.000000,nan,nan,nan,nan,nan,nan,FOLLOWER
1786696397680866058,2026-08-14T15:33:17.680885,prediction,-0.088419,0.319000,0.108037,-0.070379,0.291141,0.110743,True,-0.054741,0.289226,0.108506,0.015638,0.001915,0.002238,23.05,10,0.034770,0.658924,0.494710,0.000000,0.000000,0.000000,0.000000,0.000000,0.000000,nan,nan,nan,nan,nan,nan,FOLLOWER
1786696397719006868,2026-08-14T15:33:17.719025,prediction,-0.087631,0.313000,0.107758,-0.072576,0.293961,0.110415,True,-0.056881,0.292061,0.108207,0.015695,0.001900,0.002208,27.37,10,0.040308,0.667298,0.494626,0.000000,0.000000,0.000000,0.000000,0.000000,0.000000,nan,nan,nan,nan,nan,nan,FOLLOWER
1786696397750137898,2026-08-14T15:33:17.750153,prediction,-0.092678,0.326000,0.108362,-0.075109,0.297086,0.110127,True,-0.059389,0.295253,0.107941,0.015720,0.001833,0.002186,22.36,10,0.045841,0.675598,0.494505,0.000000,0.000000,0.000000,0.000000,0.000000,0.000000,nan,nan,nan,nan,nan,nan,FOLLOWER
1786696397776735809,2026-08-14T15:33:17.776758,prediction,-0.100999,0.339000,0.105642,-0.078197,0.300644,0.109658,True,-0.062458,0.298959,0.107465,0.015739,0.001685,0.002193,23.04,10,0.045841,0.675598,0.494505,0.000000,0.000000,0.000000,0.000000,0.000000,0.000000,nan,nan,nan,nan,nan,nan,FOLLOWER
1786696397808604799,2026-08-14T15:33:17.808628,prediction,-0.100999,0.339000,0.105642,-0.080990,0.304982,0.109397,True,-0.065513,0.303594,0.107237,0.015478,0.001388,0.002160,22.25,10,0.045841,0.675598,0.494505,0.000000,0.000000,0.000000,0.000000,0.000000,0.000000,nan,nan,nan,nan,nan,nan,FOLLOWER
1786696397842982667,2026-08-14T15:33:17.842998,prediction,-0.106063,0.353000,0.103015,-0.084121,0.309103,0.108961,True,-0.068769,0.307951,0.106799,0.015352,0.001152,0.002162,23.15,10,0.051446,0.683849,0.494292,0.000000,0.000000,0.000000,0.000000,0.000000,0.000000,nan,nan,nan,nan,nan,nan,FOLLOWER
1786696397880977473,2026-08-14T15:33:17.880991,prediction,-0.105172,0.319000,0.101323,-0.087030,0.313181,0.108433,True,-0.071836,0.312229,0.106259,0.015193,0.000951,0.002174,21.46,10,0.051446,0.683849,0.494292,0.000000,0.000000,0.000000,0.000000,0.000000,0.000000,nan,nan,nan,nan,nan,nan,FOLLOWER
1786696397909350300,2026-08-14T15:33:17.909368,prediction,-0.105172,0.319000,0.101323,-0.089449,0.316183,0.107821,True,-0.074231,0.315220,0.105610,0.015218,0.000963,0.002211,19.08,10,0.057100,0.692089,0.494034,0.000000,0.000000,0.000000,0.000000,0.000000,0.000000,nan,nan,nan,nan,nan,nan,FOLLOWER
1786696397952202623,2026-08-14T15:33:17.952220,prediction,-0.109357,0.353000,0.099714,-0.091579,0.317850,0.107189,True,-0.076041,0.316628,0.104909,0.015539,0.001222,0.002280,22.19,10,0.062819,0.700386,0.493754,0.000000,0.000000,0.000000,0.000000,0.000000,0.000000,nan,nan,nan,nan,nan,nan,FOLLOWER
1786696397976459970,2026-08-14T15:33:17.976473,prediction,-0.109357,0.353000,0.099714,-0.094053,0.319250,0.106470,True,-0.078033,0.317728,0.104099,0.016020,0.001522,0.002371,20.42,10,0.062819,0.700386,0.493754,0.000000,0.000000,0.000000,0.000000,0.000000,0.000000,nan,nan,nan,nan,nan,nan,FOLLOWER
1786696398012070581,2026-08-14T15:33:18.012094,prediction,-0.107634,0.339000,0.098994,-0.096249,0.321663,0.105724,True,-0.080050,0.320056,0.103303,0.016199,0.001607,0.002421,19.31,10,0.062819,0.700386,0.493754,0.000000,0.000000,0.000000,0.000000,0.000000,0.000000,nan,nan,nan,nan,nan,nan,FOLLOWER
1786696398054436757,2026-08-14T15:33:18.054471,prediction,-0.110952,0.339000,0.098994,-0.098198,0.324279,0.104897,True,-0.081908,0.322663,0.102441,0.016290,0.001616,0.002456,27.12,10,0.068496,0.708539,0.493412,0.000000,0.000000,0.000000,0.000000,0.000000,0.000000,nan,nan,nan,nan,nan,nan,FOLLOWER
1786696398093573037,2026-08-14T15:33:18.093585,prediction,-0.109373,0.326000,0.094980,-0.099979,0.325869,0.103782,True,-0.083347,0.324094,0.101247,0.016632,0.001775,0.002535,29.08,10,0.074204,0.716699,0.493045,0.000000,0.000000,0.000000,0.000000,0.000000,0.000000,nan,nan,nan,nan,nan,nan,FOLLOWER
1786696398125033674,2026-08-14T15:33:18.125047,prediction,-0.115946,0.353000,0.093112,-0.102091,0.327254,0.102581,True,-0.084998,0.325305,0.099937,0.017093,0.001949,0.002644,28.44,10,0.074204,0.716699,0.493045,0.000000,0.000000,0.000000,0.000000,0.000000,0.000000,nan,nan,nan,nan,nan,nan,FOLLOWER
1786696398154137197,2026-08-14T15:33:18.154154,prediction,-0.121486,0.372000,0.090883,-0.106409,0.332973,0.100107,True,-0.086920,0.327743,0.098524,0.019489,0.005230,0.001584,25.76,10,0.079968,0.724894,0.492612,0.000000,0.000000,0.000000,0.000000,0.000000,0.000000,nan,nan,nan,nan,nan,nan,FOLLOWER
1786696398179433997,2026-08-14T15:33:18.179456,prediction,-0.121486,0.372000,0.090883,-0.106409,0.332973,0.100107,True,-0.089181,0.331262,0.097341,0.017228,0.001711,0.002766,23.88,10,0.079968,0.724894,0.492612,0.000000,0.000000,0.000000,0.000000,0.000000,0.000000,nan,nan,nan,nan,nan,nan,FOLLOWER
1786696398215375177,2026-08-14T15:33:18.215396,prediction,-0.123022,0.385000,0.088367,-0.108769,0.336781,0.098815,True,-0.091701,0.335370,0.096025,0.017068,0.001411,0.002790,22.60,10,0.079968,0.724894,0.492612,0.000000,0.000000,0.000000,0.000000,0.000000,0.000000,nan,nan,nan,nan,nan,nan,FOLLOWER
1786696398246476683,2026-08-14T15:33:18.246492,prediction,-0.122195,0.378000,0.087961,-0.110736,0.340690,0.097455,True,-0.093927,0.339567,0.094659,0.016809,0.001123,0.002795,21.45,10,0.085744,0.733038,0.492092,0.000000,0.000000,0.000000,0.000000,0.000000,0.000000,nan,nan,nan,nan,nan,nan,FOLLOWER
1786696398280337685,2026-08-14T15:33:18.280352,prediction,-0.126264,0.385000,0.088367,-0.112421,0.344618,0.096303,True,-0.095942,0.343746,0.093536,0.016479,0.000872,0.002767,21.44,10,0.085744,0.733038,0.492092,0.000000,0.000000,0.000000,0.000000,0.000000,0.000000,nan,nan,nan,nan,nan,nan,FOLLOWER
1786696398315461438,2026-08-14T15:33:18.315480,prediction,-0.127662,0.397000,0.089064,-0.114198,0.347857,0.095198,True,-0.097867,0.347087,0.092458,0.016332,0.000770,0.002740,22.68,10,0.091539,0.741126,0.491415,0.000000,0.000000,0.000000,0.000000,0.000000,0.000000,nan,nan,nan,nan,nan,nan,FOLLOWER
1786696398346567172,2026-08-14T15:33:18.346586,prediction,-0.125448,0.378000,0.087961,-0.115491,0.350958,0.094194,True,-0.099366,0.350233,0.091513,0.016125,0.000725,0.002681,21.93,10,0.091539,0.741126,0.491415,0.000000,0.000000,0.000000,0.000000,0.000000,0.000000,nan,nan,nan,nan,nan,nan,FOLLOWER
1786696398380973583,2026-08-14T15:33:18.380993,prediction,-0.126264,0.385000,0.085119,-0.116897,0.354032,0.093114,True,-0.100940,0.353333,0.090491,0.015956,0.000698,0.002623,22.02,10,0.097343,0.749230,0.490617,0.000000,0.000000,0.000000,0.000000,0.000000,0.000000,nan,nan,nan,nan,nan,nan,FOLLOWER
1786696398412322612,2026-08-14T15:33:18.412344,prediction,-0.124749,0.372000,0.084344,-0.118202,0.357793,0.091982,True,-0.102589,0.357221,0.089432,0.015612,0.000572,0.002550,20.01,10,0.097343,0.749230,0.490617,0.000000,0.000000,0.000000,0.000000,0.000000,0.000000,nan,nan,nan,nan,nan,nan,FOLLOWER
1786696398444998160,2026-08-14T15:33:18.445015,prediction,-0.130195,0.391000,0.085478,-0.119870,0.362065,0.090926,True,-0.104668,0.361702,0.088448,0.015202,0.000363,0.002478,21.40,10,0.103143,0.757347,0.489688,0.000000,0.000000,0.000000,0.000000,0.000000,0.000000,nan,nan,nan,nan,nan,nan,FOLLOWER
1786696398484254354,2026-08-14T15:33:18.484284,prediction,-0.127323,0.366000,0.080706,-0.121068,0.365746,0.089658,True,-0.104668,0.361702,0.088448,0.016400,0.004044,0.001211,0.00,10,0.103143,0.757347,0.489688,0.000000,0.000000,0.000000,0.000000,0.000000,0.000000,nan,nan,nan,nan,nan,nan,LEADER
1786696398517037783,2026-08-14T15:33:18.517055,prediction,-0.129505,0.385000,0.078624,-0.122526,0.368936,0.088300,True,-0.104668,0.361703,0.088447,0.017858,0.007233,0.000147,0.00,10,0.109052,0.765629,0.488672,0.000000,0.000000,0.000000,0.000000,0.000000,0.000000,nan,nan,nan,nan,nan,nan,LEADER
1786696398550697850,2026-08-14T15:33:18.550716,prediction,-0.129804,0.359000,0.076986,-0.123783,0.371014,0.086833,True,-0.104670,0.361711,0.088442,0.019113,0.009303,0.001609,0.00,10,0.114349,0.773744,0.487370,0.000000,0.000000,0.000000,0.000000,0.000000,0.000000,nan,nan,nan,nan,nan,nan,LEADER
1786696398583525853,2026-08-14T15:33:18.583565,prediction,-0.132747,0.385000,0.075376,-0.125341,0.373883,0.085526,True,-0.104675,0.361732,0.088430,0.020666,0.012151,0.002904,0.00,10,0.114349,0.773744,0.487370,0.000000,0.000000,0.000000,0.000000,0.000000,0.000000,nan,nan,nan,nan,nan,nan,LEADER
1786696398616900647,2026-08-14T15:33:18.616920,prediction,-0.131955,0.378000,0.074923,-0.126408,0.376537,0.084314,True,-0.104684,0.361772,0.088406,0.021724,0.014764,0.004093,0.00,10,0.119759,0.782032,0.486039,0.000000,0.000000,0.000000,0.000000,0.000000,0.000000,nan,nan,nan,nan,nan,nan,LEADER
1786696398651411474,2026-08-14T15:33:18.651430,prediction,-0.129804,0.359000,0.073695,-0.127228,0.378401,0.083190,True,-0.104700,0.361838,0.088368,0.022528,0.016563,0.005177,0.00,10,0.119759,0.782032,0.486039,0.000000,0.000000,0.000000,0.000000,0.000000,0.000000,nan,nan,nan,nan,nan,nan,LEADER
1786696398683425175,2026-08-14T15:33:18.683440,prediction,-0.133426,0.391000,0.072525,-0.128024,0.379413,0.081966,True,-0.104722,0.361933,0.088311,0.023302,0.017480,0.006345,0.00,10,0.125179,0.790341,0.484700,0.000000,0.000000,0.000000,0.000000,0.000000,0.000000,nan,nan,nan,nan,nan,nan,LEADER
1786696398717044876,2026-08-14T15:33:18.717092,prediction,-0.137997,0.403000,0.066884,-0.129023,0.380629,0.080534,True,-0.104753,0.362064,0.088233,0.024269,0.018565,0.007699,0.00,10,0.125179,0.790341,0.484700,0.000000,0.000000,0.000000,0.000000,0.000000,0.000000,nan,nan,nan,nan,nan,nan,LEADER
1786696398752465884,2026-08-14T15:33:18.752484,prediction,-0.138666,0.409000,0.064093,-0.130121,0.382206,0.078943,True,-0.104794,0.362236,0.088132,0.025327,0.019970,0.009189,0.00,10,0.130638,0.798724,0.483341,0.000000,0.000000,0.000000,0.000000,0.000000,0.000000,nan,nan,nan,nan,nan,nan,LEADER
1786696398784580814,2026-08-14T15:33:18.784637,prediction,-0.139447,0.416000,0.058199,-0.131000,0.383801,0.076932,True,-0.104845,0.362452,0.088004,0.026155,0.021349,0.011072,0.00,10,0.130638,0.798724,0.483341,0.000000,0.000000,0.000000,0.000000,0.000000,0.000000,nan,nan,nan,nan,nan,nan,LEADER
1786696398817513271,2026-08-14T15:33:18.817532,prediction,-0.143297,0.422000,0.055459,-0.132042,0.385774,0.074691,True,-0.104907,0.362717,0.087847,0.027135,0.023056,0.013155,0.00,10,0.130638,0.798724,0.483341,0.000000,0.000000,0.000000,0.000000,0.000000,0.000000,nan,nan,nan,nan,nan,nan,LEADER
1786696398850452292,2026-08-14T15:33:18.850477,prediction,-0.146478,0.422000,0.052272,-0.133444,0.388141,0.072312,True,-0.104982,0.363035,0.087658,0.028462,0.025106,0.015346,0.00,10,0.136080,0.807106,0.481965,0.000000,0.000000,0.000000,0.000000,0.000000,0.000000,nan,nan,nan,nan,nan,nan,LEADER
1786696398883477953,2026-08-14T15:33:18.883493,prediction,-0.147777,0.434000,0.050039,-0.134878,0.390588,0.069974,True,-0.105070,0.363410,0.087436,0.029808,0.027178,0.017463,0.00,10,0.141369,0.815294,0.480592,0.000000,0.000000,0.000000,0.000000,0.000000,0.000000,nan,nan,nan,nan,nan,nan,LEADER
1786696398918062578,2026-08-14T15:33:18.918078,prediction,-0.147128,0.428000,0.046385,-0.136370,0.393744,0.067443,True,-0.105173,0.363845,0.087179,0.031197,0.029899,0.019736,0.00,10,0.141369,0.815294,0.480592,0.000000,0.000000,0.000000,0.000000,0.000000,0.000000,nan,nan,nan,nan,nan,nan,LEADER
1786696398950226860,2026-08-14T15:33:18.950243,prediction,-0.148427,0.440000,0.044202,-0.137586,0.396989,0.064691,True,-0.105290,0.364343,0.086884,0.032295,0.032646,0.022193,0.00,10,0.146705,0.823619,0.479155,0.000000,0.000000,0.000000,0.000000,0.000000,0.000000,nan,nan,nan,nan,nan,nan,LEADER
1786696398983654563,2026-08-14T15:33:18.983671,prediction,-0.150917,0.463000,0.042988,-0.139158,0.401264,0.062177,True,-0.105423,0.364906,0.086550,0.033735,0.036358,0.024374,0.00,10,0.146705,0.823619,0.479155,0.000000,0.000000,0.000000,0.000000,0.000000,0.000000,nan,nan,nan,nan,nan,nan,LEADER
1786696399017048794,2026-08-14T15:33:19.017089,prediction,-0.149726,0.452000,0.038921,-0.140507,0.405693,0.059530,True,-0.105572,0.365538,0.086176,0.034935,0.040154,0.026646,0.00,10,0.151988,0.831955,0.477652,0.000000,0.000000,0.000000,0.000000,0.000000,0.000000,nan,nan,nan,nan,nan,nan,LEADER
1786696399050509239,2026-08-14T15:33:19.050526,prediction,-0.150917,0.463000,0.036749,-0.141914,0.411752,0.056847,True,-0.105738,0.366241,0.085760,0.036176,0.045511,0.028912,0.00,10,0.151988,0.831955,0.477652,0.000000,0.000000,0.000000,0.000000,0.000000,0.000000,nan,nan,nan,nan,nan,nan,LEADER
1786696399083510415,2026-08-14T15:33:19.083532,prediction,-0.154670,0.469000,0.027948,-0.143376,0.417124,0.053686,True,-0.105920,0.367016,0.085301,0.037455,0.050107,0.031615,0.00,10,0.157228,0.840358,0.476049,0.000000,0.000000,0.000000,0.000000,0.000000,0.000000,nan,nan,nan,nan,nan,nan,LEADER
1786696399117016345,2026-08-14T15:33:19.117032,prediction,-0.155310,0.475000,0.028505,-0.144933,0.423051,0.050591,True,-0.106121,0.367866,0.084798,0.038812,0.055185,0.034207,0.00,10,0.157228,0.840358,0.476049,0.000000,0.000000,0.000000,0.000000,0.000000,0.000000,nan,nan,nan,nan,nan,nan,LEADER
1786696399150330797,2026-08-14T15:33:19.150347,prediction,-0.155310,0.475000,0.028505,-0.146633,0.429410,0.047578,True,-0.106339,0.368792,0.084249,0.040294,0.060618,0.036671,0.00,10,0.162349,0.848757,0.474327,0.000000,0.000000,0.000000,0.000000,0.000000,0.000000,nan,nan,nan,nan,nan,nan,LEADER
1786696399183421831,2026-08-14T15:33:19.183438,prediction,-0.154670,0.469000,0.027948,-0.148049,0.435855,0.044607,True,-0.106575,0.369795,0.083655,0.041474,0.066061,0.039049,0.00,10,0.162349,0.848757,0.474327,0.000000,0.000000,0.000000,0.000000,0.000000,0.000000,nan,nan,nan,nan,nan,nan,LEADER
1786696399217061782,2026-08-14T15:33:19.217082,prediction,-0.154030,0.463000,0.027392,-0.149118,0.441304,0.041974,True,-0.106830,0.370876,0.083015,0.042288,0.070428,0.041041,0.00,10,0.162349,0.848757,0.474327,0.000000,0.000000,0.000000,0.000000,0.000000,0.000000,nan,nan,nan,nan,nan,nan,LEADER
1786696399250504043,2026-08-14T15:33:19.250526,prediction,-0.155310,0.475000,0.022306,-0.150228,0.445914,0.039188,True,-0.107104,0.372037,0.082328,0.043124,0.073877,0.043140,0.00,10,0.167401,0.857300,0.472412,0.000000,0.000000,0.000000,0.000000,0.000000,0.000000,nan,nan,nan,nan,nan,nan,LEADER
1786696399283600427,2026-08-14T15:33:19.283617,prediction,-0.156482,0.486000,0.020281,-0.151363,0.450356,0.036660,True,-0.107396,0.373277,0.081593,0.043967,0.077079,0.044933,0.00,10,0.172162,0.865697,0.470318,0.000000,0.000000,0.000000,0.000000,0.000000,0.000000,nan,nan,nan,nan,nan,nan,LEADER
1786696399317085137,2026-08-14T15:33:19.317104,prediction,-0.156482,0.486000,0.017200,-0.152242,0.454978,0.034110,True,-0.107707,0.374598,0.080811,0.044535,0.080380,0.046701,0.00,10,0.172162,0.865697,0.470318,0.000000,0.000000,0.000000,0.000000,0.000000,0.000000,nan,nan,nan,nan,nan,nan,LEADER
1786696399350630360,2026-08-14T15:33:19.350659,prediction,-0.157122,0.492000,0.014725,-0.152952,0.459316,0.031606,True,-0.108038,0.376000,0.079981,0.044914,0.083316,0.048375,0.00,10,0.176747,0.874260,0.467904,0.000000,0.000000,0.000000,0.000000,0.000000,0.000000,nan,nan,nan,nan,nan,nan,LEADER
1786696399384787006,2026-08-14T15:33:19.384826,prediction,-0.159558,0.486000,0.011038,-0.153737,0.463596,0.029006,True,-0.108387,0.377481,0.079103,0.045350,0.086115,0.050097,0.00,10,0.176747,0.874260,0.467904,0.000000,0.000000,0.000000,0.000000,0.000000,0.000000,nan,nan,nan,nan,nan,nan,LEADER
1786696399416780059,2026-08-14T15:33:19.416794,prediction,-0.161342,0.503000,0.006677,-0.154685,0.467866,0.026359,True,-0.108755,0.379044,0.078178,0.045930,0.088822,0.051819,0.00,10,0.180992,0.882837,0.465126,0.000000,0.000000,0.000000,0.000000,0.000000,0.000000,nan,nan,nan,nan,nan,nan,LEADER
1786696399450857957,2026-08-14T15:33:19.450879,prediction,-0.163769,0.497000,0.002978,-0.155708,0.472080,0.023611,True,-0.109142,0.380686,0.077206,0.046565,0.091394,0.053595,0.00,10,0.180992,0.882837,0.465126,0.000000,0.000000,0.000000,0.000000,0.000000,0.000000,nan,nan,nan,nan,nan,nan,LEADER
1786696399483350523,2026-08-14T15:33:19.483363,prediction,-0.165526,0.514000,0.001772,-0.156682,0.476283,0.020863,True,-0.109548,0.382408,0.076186,0.047133,0.093875,0.055323,0.00,10,0.184469,0.890694,0.462156,0.000000,0.000000,0.000000,0.000000,0.000000,0.000000,nan,nan,nan,nan,nan,nan,LEADER
1786696399517685001,2026-08-14T15:33:19.517856,prediction,-0.169165,0.520000,-0.003622,-0.157977,0.480430,0.018027,True,-0.109972,0.384208,0.075120,0.048005,0.096222,0.057093,0.00,10,0.184469,0.890694,0.462156,0.000000,0.000000,0.000000,0.000000,0.000000,0.000000,nan,nan,nan,nan,nan,nan,LEADER
1786696399552617016,2026-08-14T15:33:19.552644,prediction,-0.165526,0.514000,-0.004298,-0.158951,0.483979,0.015290,True,-0.110415,0.386086,0.074008,0.048536,0.097893,0.058717,0.00,10,0.187007,0.897378,0.459193,0.000000,0.000000,0.000000,0.000000,0.000000,0.000000,nan,nan,nan,nan,nan,nan,LEADER
1786696399583744211,2026-08-14T15:33:19.583758,prediction,-0.167179,0.530000,-0.002497,-0.159785,0.487729,0.013261,True,-0.110876,0.388041,0.072850,0.048909,0.099688,0.059589,0.00,10,0.187007,0.897378,0.459193,0.000000,0.000000,0.000000,0.000000,0.000000,0.000000,nan,nan,nan,nan,nan,nan,LEADER
1786696399617459412,2026-08-14T15:33:19.617475,prediction,-0.166146,0.520000,-0.006647,-0.160508,0.491199,0.010917,True,-0.111354,0.390071,0.071648,0.049153,0.101128,0.060731,0.00,10,0.188833,0.903151,0.456256,0.000000,0.000000,0.000000,0.000000,0.000000,0.000000,nan,nan,nan,nan,nan,nan,LEADER
1786696399650724441,2026-08-14T15:33:19.650750,prediction,-0.166662,0.525000,-0.012110,-0.161264,0.494560,0.008210,True,-0.111850,0.392175,0.070402,0.049414,0.102385,0.062192,0.00,10,0.188833,0.903151,0.456256,0.000000,0.000000,0.000000,0.000000,0.000000,0.000000,nan,nan,nan,nan,nan,nan,LEADER
1786696399683461424,2026-08-14T15:33:19.683479,prediction,-0.167799,0.536000,-0.016814,-0.162140,0.497899,0.005225,True,-0.112363,0.394352,0.069112,0.049776,0.103546,0.063887,0.00,10,0.190216,0.908287,0.453393,0.000000,0.000000,0.000000,0.000000,0.000000,0.000000,nan,nan,nan,nan,nan,nan,LEADER
1786696399717063454,2026-08-14T15:33:19.717078,prediction,-0.167799,0.536000,-0.019813,-0.163058,0.502140,0.002078,True,-0.112893,0.396600,0.067781,0.050164,0.105540,0.065703,0.00,10,0.190216,0.908287,0.453393,0.000000,0.000000,0.000000,0.000000,0.000000,0.000000,nan,nan,nan,nan,nan,nan,LEADER
1786696399750421257,2026-08-14T15:33:19.750436,prediction,-0.167799,0.536000,-0.019813,-0.163890,0.506561,-0.000730,True,-0.113439,0.398917,0.066409,0.050451,0.107645,0.067139,0.00,10,0.191419,0.913179,0.450548,0.000000,0.000000,0.000000,0.000000,0.000000,0.000000,nan,nan,nan,nan,nan,nan,LEADER
1786696399783577874,2026-08-14T15:33:19.783598,prediction,-0.167799,0.536000,-0.025810,-0.164645,0.510699,-0.003802,True,-0.114001,0.401300,0.064998,0.050644,0.109398,0.068800,0.00,10,0.191419,0.913179,0.450548,0.000000,0.000000,0.000000,0.000000,0.000000,0.000000,nan,nan,nan,nan,nan,nan,LEADER
1786696399816801105,2026-08-14T15:33:19.816819,prediction,-0.166662,0.525000,-0.030210,-0.165323,0.514193,-0.006963,True,-0.114578,0.403749,0.063547,0.050745,0.110444,0.070510,0.00,10,0.192562,0.917977,0.447718,0.000000,0.000000,0.000000,0.000000,0.000000,0.000000,nan,nan,nan,nan,nan,nan,LEADER
1786696399850568604,2026-08-14T15:33:19.850588,prediction,-0.171300,0.541000,-0.031161,-0.166268,0.517559,-0.010022,True,-0.115170,0.406261,0.062060,0.051098,0.111298,0.072082,0.00,10,0.192562,0.917977,0.447718,0.000000,0.000000,0.000000,0.000000,0.000000,0.000000,nan,nan,nan,nan,nan,nan,LEADER
1786696399883581512,2026-08-14T15:33:19.883599,prediction,-0.171300,0.541000,-0.034152,-0.167051,0.521165,-0.013035,True,-0.115777,0.408833,0.060537,0.051275,0.112332,0.073572,0.00,10,0.193714,0.922855,0.444832,0.000000,0.000000,0.000000,0.000000,0.000000,0.000000,nan,nan,nan,nan,nan,nan,LEADER
1786696399917025075,2026-08-14T15:33:19.917052,prediction,-0.171300,0.541000,-0.037142,-0.167715,0.524500,-0.015956,True,-0.116396,0.411463,0.058979,0.051319,0.113037,0.074935,0.00,10,0.193714,0.922855,0.444832,0.000000,0.000000,0.000000,0.000000,0.000000,0.000000,nan,nan,nan,nan,nan,nan,LEADER
1786696399950890297,2026-08-14T15:33:19.950937,prediction,-0.167179,0.530000,-0.038598,-0.167942,0.527513,-0.018728,True,-0.117029,0.414148,0.057389,0.050913,0.113365,0.076117,0.00,10,0.194894,0.927859,0.441870,0.000000,0.000000,0.000000,0.000000,0.000000,0.000000,nan,nan,nan,nan,nan,nan,LEADER
1786696399983426634,2026-08-14T15:33:19.983440,prediction,-0.165526,0.514000,-0.040716,-0.167942,0.529556,-0.021560,True,-0.117675,0.416887,0.055767,0.050268,0.112669,0.077328,0.00,10,0.194894,0.927859,0.441870,0.000000,0.000000,0.000000,0.000000,0.000000,0.000000,nan,nan,nan,nan,nan,nan,LEADER
1786696400017864646,2026-08-14T15:33:20.017897,prediction,-0.161342,0.503000,-0.042172,-0.167421,0.529965,-0.024130,True,-0.118332,0.419675,0.054116,0.049089,0.110290,0.078246,0.00,10,0.196110,0.933019,0.438814,0.000000,0.000000,0.000000,0.000000,0.000000,0.000000,nan,nan,nan,nan,nan,nan,LEADER
1786696400050758363,2026-08-14T15:33:20.050779,prediction,-0.162497,0.514000,-0.043751,-0.167219,0.530046,-0.026760,True,-0.119000,0.422511,0.052437,0.048219,0.107536,0.079197,0.00,10,0.196110,0.933019,0.438814,0.000000,0.000000,0.000000,0.000000,0.000000,0.000000,nan,nan,nan,nan,nan,nan,LEADER
1786696400083462765,2026-08-14T15:33:20.083480,prediction,-0.163126,0.520000,-0.042947,-0.166949,0.529743,-0.029457,True,-0.119679,0.425391,0.050731,0.047270,0.104352,0.080188,0.00,10,0.197359,0.938318,0.435676,0.000000,0.000000,0.000000,0.000000,0.000000,0.000000,nan,nan,nan,nan,nan,nan,LEADER
1786696400117120690,2026-08-14T15:33:20.117143,prediction,-0.161972,0.509000,-0.047464,-0.166671,0.529362,-0.032178,True,-0.120368,0.428312,0.049001,0.046303,0.101050,0.081179,0.00,10,0.197359,0.938318,0.435676,0.000000,0.000000,0.000000,0.000000,0.000000,0.000000,nan,nan,nan,nan,nan,nan,LEADER
1786696400150205122,2026-08-14T15:33:20.150222,prediction,-0.163651,0.525000,-0.048310,-0.166470,0.529019,-0.034591,True,-0.121065,0.431272,0.047248,0.045404,0.097747,0.081840,0.00,10,0.198658,0.943826,0.432414,0.000000,0.000000,0.000000,0.000000,0.000000,0.000000,nan,nan,nan,nan,nan,nan,LEADER
1786696400183457529,2026-08-14T15:33:20.183471,prediction,-0.161972,0.509000,-0.050507,-0.166081,0.528097,-0.036838,True,-0.121771,0.434267,0.045475,0.044310,0.093830,0.082312,0.00,10,0.198658,0.943826,0.432414,0.000000,0.000000,0.000000,0.000000,0.000000,0.000000,nan,nan,nan,nan,nan,nan,LEADER
1786696400216942019,2026-08-14T15:33:20.216962,prediction,-0.163126,0.520000,-0.052021,-0.165770,0.527059,-0.038985,True,-0.122485,0.437294,0.043682,0.043285,0.089765,0.082667,0.00,10,0.199984,0.949455,0.429080,0.000000,0.000000,0.000000,0.000000,0.000000,0.000000,nan,nan,nan,nan,nan,nan,LEADER
1786696400250508433,2026-08-14T15:33:20.250533,prediction,-0.162497,0.514000,-0.052855,-0.165416,0.525679,-0.041188,True,-0.123205,0.440350,0.041872,0.042211,0.085329,0.083060,0.00,10,0.199984,0.949455,0.429080,0.000000,0.000000,0.000000,0.000000,0.000000,0.000000,nan,nan,nan,nan,nan,nan,LEADER
1786696400284141711,2026-08-14T15:33:20.284169,prediction,-0.161972,0.509000,-0.053550,-0.165028,0.524229,-0.043037,True,-0.123931,0.443431,0.040048,0.041097,0.080798,0.083085,0.00,10,0.201351,0.955252,0.425647,0.000000,0.000000,0.000000,0.000000,0.000000,0.000000,nan,nan,nan,nan,nan,nan,LEADER
1786696400317371114,2026-08-14T15:33:20.317503,prediction,-0.160107,0.520000,-0.052021,-0.164591,0.522766,-0.044491,True,-0.124663,0.446535,0.038210,0.039928,0.076231,0.082701,0.00,10,0.201351,0.955252,0.425647,0.000000,0.000000,0.000000,0.000000,0.000000,0.000000,nan,nan,nan,nan,nan,nan,LEADER
1786696400351925314,2026-08-14T15:33:20.351979,prediction,-0.158295,0.503000,-0.054384,-0.163724,0.521033,-0.046039,True,-0.125399,0.449658,0.036360,0.038325,0.071376,0.082400,0.00,10,0.202747,0.961174,0.422140,0.000000,0.000000,0.000000,0.000000,0.000000,0.000000,nan,nan,nan,nan,nan,nan,LEADER
1786696400384291725,2026-08-14T15:33:20.384335,prediction,-0.160107,0.520000,-0.052021,-0.162978,0.519567,-0.047231,True,-0.126139,0.452796,0.034502,0.036839,0.066771,0.081733,0.00,10,0.202747,0.961174,0.422140,0.000000,0.000000,0.000000,0.000000,0.000000,0.000000,nan,nan,nan,nan,nan,nan,LEADER
1786696400417195089,2026-08-14T15:33:20.417220,prediction,-0.161173,0.530000,-0.050632,-0.162303,0.518153,-0.048130,True,-0.126881,0.455946,0.032637,0.035422,0.062208,0.080766,0.00,10,0.204169,0.967210,0.418566,0.000000,0.000000,0.000000,0.000000,0.000000,0.000000,nan,nan,nan,nan,nan,nan,LEADER
1786696400450385039,2026-08-14T15:33:20.450418,prediction,-0.157655,0.497000,-0.055218,-0.161668,0.516751,-0.049238,True,-0.127626,0.459104,0.030766,0.034042,0.057646,0.080004,0.00,10,0.204169,0.967210,0.418566,0.000000,0.000000,0.000000,0.000000,0.000000,0.000000,nan,nan,nan,nan,nan,nan,LEADER
1786696400483317798,2026-08-14T15:33:20.483332,prediction,-0.159468,0.514000,-0.052855,-0.161264,0.515617,-0.050047,True,-0.128371,0.462268,0.028892,0.032893,0.053348,0.078940,0.00,10,0.205604,0.973298,0.414960,0.000000,0.000000,0.000000,0.000000,0.000000,0.000000,nan,nan,nan,nan,nan,nan,LEADER
1786696400517144829,2026-08-14T15:33:20.517165,prediction,-0.158295,0.503000,-0.054384,-0.161061,0.514803,-0.050861,True,-0.129117,0.465434,0.027018,0.031943,0.049369,0.077879,0.00,10,0.205604,0.973298,0.414960,0.000000,0.000000,0.000000,0.000000,0.000000,0.000000,nan,nan,nan,nan,nan,nan,LEADER
1786696400550311856,2026-08-14T15:33:20.550330,prediction,-0.157088,0.520000,-0.052021,-0.160700,0.514641,-0.051413,True,-0.129863,0.468598,0.025144,0.030837,0.046043,0.076557,0.00,10,0.207059,0.979472,0.411304,0.000000,0.000000,0.000000,0.000000,0.000000,0.000000,nan,nan,nan,nan,nan,nan,LEADER
1786696400583588117,2026-08-14T15:33:20.583609,prediction,-0.157629,0.525000,-0.051327,-0.160334,0.514928,-0.051971,True,-0.130608,0.471757,0.023273,0.029726,0.043172,0.075245,0.00,10,0.207059,0.979472,0.411304,0.000000,0.000000,0.000000,0.000000,0.000000,0.000000,nan,nan,nan,nan,nan,nan,LEADER
1786696400617168376,2026-08-14T15:33:20.617184,prediction,-0.155897,0.509000,-0.053550,-0.159929,0.515306,-0.052377,True,-0.131350,0.474907,0.021408,0.028579,0.040399,0.073785,0.00,10,0.208530,0.985710,0.407610,0.000000,0.000000,0.000000,0.000000,0.000000,0.000000,nan,nan,nan,nan,nan,nan,LEADER
1786696400650612681,2026-08-14T15:33:20.650627,prediction,-0.154057,0.492000,-0.055913,-0.159289,0.514794,-0.052884,True,-0.132090,0.478045,0.019549,0.027199,0.036750,0.072434,0.00,10,0.208530,0.985710,0.407610,0.000000,0.000000,0.000000,0.000000,0.000000,0.000000,nan,nan,nan,nan,nan,nan,LEADER
1786696400683657500,2026-08-14T15:33:20.683674,prediction,-0.155897,0.509000,-0.053550,-0.158884,0.514692,-0.053087,True,-0.132826,0.481167,0.017700,0.026058,0.033525,0.070787,0.00,10,0.209996,0.991931,0.403926,0.000000,0.000000,0.000000,0.000000,0.000000,0.000000,nan,nan,nan,nan,nan,nan,LEADER
1786696400718277242,2026-08-14T15:33:20.718317,prediction,-0.154598,0.497000,-0.055218,-0.158316,0.513445,-0.053300,True,-0.133557,0.484271,0.015862,0.024758,0.029174,0.069162,0.00,10,0.209996,0.991931,0.403926,0.000000,0.000000,0.000000,0.000000,0.000000,0.000000,nan,nan,nan,nan,nan,nan,LEADER
1786696400750152455,2026-08-14T15:33:20.750169,prediction,-0.155897,0.509000,-0.053550,-0.157876,0.512929,-0.053346,True,-0.134284,0.487352,0.014037,0.023592,0.025577,0.067384,0.00,10,0.211468,0.998175,0.400228,0.000000,0.000000,0.000000,0.000000,0.000000,0.000000,nan,nan,nan,nan,nan,nan,LEADER
1786696400784002749,2026-08-14T15:33:20.784035,prediction,-0.155248,0.503000,-0.054384,-0.157427,0.512239,-0.053402,True,-0.135004,0.490408,0.012228,0.022424,0.021831,0.065630,0.00,10,0.211468,0.998175,0.400228,0.000000,0.000000,0.000000,0.000000,0.000000,0.000000,nan,nan,nan,nan,nan,nan,LEADER
1786696400817508669,2026-08-14T15:33:20.817526,prediction,-0.155897,0.509000,-0.053550,-0.157147,0.511834,-0.053504,True,-0.135717,0.493435,0.010435,0.021429,0.018399,0.063939,0.00,10,0.212931,1.004385,0.396551,0.000000,0.000000,0.000000,0.000000,0.000000,0.000000,nan,nan,nan,nan,nan,nan,LEADER
1786696400850413746,2026-08-14T15:33:20.850433,prediction,-0.154057,0.492000,-0.055913,-0.156864,0.511434,-0.053606,True,-0.136423,0.496430,0.008661,0.020441,0.015003,0.062267,0.00,10,0.212931,1.004385,0.396551,0.000000,0.000000,0.000000,0.000000,0.000000,0.000000,nan,nan,nan,nan,nan,nan,LEADER
1786696400883574011,2026-08-14T15:33:20.883589,prediction,-0.155897,0.509000,-0.053550,-0.156584,0.510767,-0.053708,True,-0.137121,0.499390,0.006909,0.019463,0.011377,0.060616,0.00,10,0.214385,1.010553,0.392898,0.000000,0.000000,0.000000,0.000000,0.000000,0.000000,nan,nan,nan,nan,nan,nan,LEADER
1786696400918315260,2026-08-14T15:33:20.918338,prediction,-0.158820,0.536000,-0.049798,-0.156427,0.510047,-0.053652,True,-0.137810,0.502312,0.005179,0.018617,0.007735,0.058831,0.00,10,0.214385,1.010553,0.392898,0.000000,0.000000,0.000000,0.000000,0.000000,0.000000,nan,nan,nan,nan,nan,nan,LEADER
1786696400950221661,2026-08-14T15:33:20.950238,prediction,-0.157088,0.520000,-0.052021,-0.156389,0.509903,-0.053439,True,-0.138488,0.505192,0.003473,0.017901,0.004711,0.056912,0.00,10,0.215811,1.016604,0.389315,0.000000,0.000000,0.000000,0.000000,0.000000,0.000000,nan,nan,nan,nan,nan,nan,LEADER
1786696400983473336,2026-08-14T15:33:20.983485,prediction,-0.155248,0.503000,-0.054384,-0.156108,0.510194,-0.053541,True,-0.139157,0.508027,0.001794,0.016951,0.002167,0.055335,0.00,10,0.215811,1.016604,0.389315,0.000000,0.000000,0.000000,0.000000,0.000000,0.000000,nan,nan,nan,nan,nan,nan,LEADER
1786696401017192445,2026-08-14T15:33:21.017216,prediction,-0.157088,0.520000,-0.052021,-0.156027,0.511159,-0.053383,True,-0.139814,0.510816,0.000142,0.016213,0.000343,0.053526,0.00,10,0.217219,1.022574,0.385779,0.000000,0.000000,0.000000,0.000000,0.000000,0.000000,nan,nan,nan,nan,nan,nan,LEADER
1786696401051084378,2026-08-14T15:33:21.051192,prediction,-0.157088,0.520000,-0.052021,-0.156027,0.511672,-0.053383,True,-0.140459,0.513554,-0.001479,0.015568,0.001882,0.051904,0.00,10,0.217219,1.022574,0.385779,0.000000,0.000000,0.000000,0.000000,0.000000,0.000000,nan,nan,nan,nan,nan,nan,LEADER
1786696401083642628,2026-08-14T15:33:21.083664,prediction,-0.155248,0.503000,-0.054384,-0.155868,0.511774,-0.053587,True,-0.141092,0.516239,-0.003070,0.014776,0.004465,0.050518,0.00,10,0.218597,1.028422,0.382316,0.000000,0.000000,0.000000,0.000000,0.000000,0.000000,nan,nan,nan,nan,nan,nan,LEADER
1786696401118076002,2026-08-14T15:33:21.118134,prediction,-0.156439,0.514000,-0.052855,-0.155904,0.511475,-0.053541,True,-0.141712,0.518869,-0.004627,0.014192,0.007395,0.048914,0.00,10,0.218597,1.028422,0.382316,0.000000,0.000000,0.000000,0.000000,0.000000,0.000000,nan,nan,nan,nan,nan,nan,LEADER
1786696401151934381,2026-08-14T15:33:21.151988,prediction,-0.156439,0.514000,-0.052855,-0.156063,0.511682,-0.053337,True,-0.142319,0.521441,-0.006150,0.013745,0.009760,0.047187,0.00,10,0.219920,1.034037,0.378991,0.000000,0.000000,0.000000,0.000000,0.000000,0.000000,nan,nan,nan,nan,nan,nan,LEADER
1786696401185591064,2026-08-14T15:33:21.185612,prediction,-0.157088,0.520000,-0.052021,-0.156143,0.511990,-0.053235,True,-0.142910,0.523953,-0.007638,0.013232,0.011963,0.045598,0.00,10,0.219920,1.034037,0.378991,0.000000,0.000000,0.000000,0.000000,0.000000,0.000000,nan,nan,nan,nan,nan,nan,LEADER
1786696401217128015,2026-08-14T15:33:21.217150,prediction,-0.158171,0.530000,-0.050632,-0.156381,0.513278,-0.052929,True,-0.143488,0.526402,-0.009088,0.012893,0.013124,0.043842,0.00,10,0.221212,1.039516,0.375746,0.000000,0.000000,0.000000,0.000000,0.000000,0.000000,nan,nan,nan,nan,nan,nan,LEADER
1786696401250472775,2026-08-14T15:33:21.250490,prediction,-0.155248,0.503000,-0.054384,-0.156338,0.514122,-0.052985,True,-0.144050,0.528786,-0.010500,0.012288,0.014663,0.042485,0.00,10,0.221212,1.039516,0.375746,0.000000,0.000000,0.000000,0.000000,0.000000,0.000000,nan,nan,nan,nan,nan,nan,LEADER
1786696401283413079,2026-08-14T15:33:21.283427,prediction,-0.157088,0.520000,-0.052021,-0.156460,0.515198,-0.052827,True,-0.144596,0.531102,-0.011871,0.011865,0.015905,0.040956,0.00,10,0.222445,1.044747,0.372648,0.000000,0.000000,0.000000,0.000000,0.000000,0.000000,nan,nan,nan,nan,nan,nan,LEADER
1786696401316959035,2026-08-14T15:33:21.316976,prediction,-0.155248,0.503000,-0.054384,-0.156417,0.515093,-0.052883,True,-0.145125,0.533350,-0.013203,0.011292,0.018257,0.039680,0.00,10,0.222445,1.044747,0.372648,0.000000,0.000000,0.000000,0.000000,0.000000,0.000000,nan,nan,nan,nan,nan,nan,LEADER
1786696401350169343,2026-08-14T15:33:21.350198,prediction,-0.155248,0.503000,-0.054384,-0.156496,0.515072,-0.052781,True,-0.145638,0.535527,-0.014492,0.010858,0.020455,0.038289,0.00,10,0.223618,1.049724,0.369701,0.000000,0.000000,0.000000,0.000000,0.000000,0.000000,nan,nan,nan,nan,nan,nan,LEADER
1786696401383454862,2026-08-14T15:33:21.383468,prediction,-0.158820,0.536000,-0.052796,-0.156691,0.514748,-0.052731,True,-0.146134,0.537631,-0.015738,0.010557,0.022884,0.036993,0.00,10,0.223618,1.049724,0.369701,0.000000,0.000000,0.000000,0.000000,0.000000,0.000000,nan,nan,nan,nan,nan,nan,LEADER
1786696401416911622,2026-08-14T15:33:21.416929,prediction,-0.159362,0.541000,-0.052093,-0.156727,0.516123,-0.052884,True,-0.146613,0.539662,-0.016940,0.010114,0.023539,0.035944,0.00,10,0.224732,1.054452,0.366901,0.000000,0.000000,0.000000,0.000000,0.000000,0.000000,nan,nan,nan,nan,nan,nan,LEADER
1786696401450510136,2026-08-14T15:33:21.450533,prediction,-0.157088,0.520000,-0.055046,-0.156727,0.517251,-0.053086,True,-0.147074,0.541616,-0.018098,0.009654,0.024365,0.034988,0.00,10,0.224732,1.054452,0.366901,0.000000,0.000000,0.000000,0.000000,0.000000,0.000000,nan,nan,nan,nan,nan,nan,LEADER
1786696401483619836,2026-08-14T15:33:21.483637,prediction,-0.157088,0.520000,-0.055046,-0.156850,0.517477,-0.053130,True,-0.147516,0.543494,-0.019210,0.009334,0.026018,0.033920,0.00,10,0.225776,1.058879,0.364279,0.000000,0.000000,0.000000,0.000000,0.000000,0.000000,nan,nan,nan,nan,nan,nan,LEADER
1786696401517052019,2026-08-14T15:33:21.517081,prediction,-0.155248,0.503000,-0.057437,-0.156727,0.517522,-0.053491,True,-0.147941,0.545295,-0.020276,0.008787,0.027773,0.033215,0.00,10,0.225776,1.058879,0.364279,0.000000,0.000000,0.000000,0.000000,0.000000,0.000000,nan,nan,nan,nan,nan,nan,LEADER
1786696401550766290,2026-08-14T15:33:21.550785,prediction,-0.157629,0.525000,-0.054343,-0.156763,0.517531,-0.053646,True,-0.148347,0.547016,-0.021296,0.008417,0.029485,0.032350,0.00,10,0.226739,1.062965,0.361859,0.000000,0.000000,0.000000,0.000000,0.000000,0.000000,nan,nan,nan,nan,nan,nan,LEADER
1786696401583360717,2026-08-14T15:33:21.583375,prediction,-0.155897,0.509000,-0.056593,-0.156807,0.516946,-0.053793,True,-0.148734,0.548659,-0.022268,0.008073,0.031712,0.031525,0.00,10,0.226739,1.062965,0.361859,0.000000,0.000000,0.000000,0.000000,0.000000,0.000000,nan,nan,nan,nan,nan,nan,LEADER
1786696401617597654,2026-08-14T15:33:21.617623,prediction,-0.159468,0.514000,-0.055890,-0.157009,0.516829,-0.053995,True,-0.149102,0.550221,-0.023193,0.007907,0.033392,0.030802,0.00,10,0.227624,1.066722,0.359634,0.000000,0.000000,0.000000,0.000000,0.000000,0.000000,nan,nan,nan,nan,nan,nan,LEADER
1786696401650707545,2026-08-14T15:33:21.650726,prediction,-0.158935,0.509000,-0.056593,-0.157175,0.516539,-0.054244,True,-0.149451,0.551703,-0.024071,0.007724,0.035163,0.030173,0.00,10,0.227624,1.066722,0.359634,0.000000,0.000000,0.000000,0.000000,0.000000,0.000000,nan,nan,nan,nan,nan,nan,LEADER
1786696401683442204,2026-08-14T15:33:21.683457,prediction,-0.161813,0.536000,-0.052796,-0.157490,0.516481,-0.054296,True,-0.149781,0.553104,-0.024901,0.007709,0.036623,0.029395,0.00,10,0.228418,1.070091,0.357639,0.000000,0.000000,0.000000,0.000000,0.000000,0.000000,nan,nan,nan,nan,nan,nan,LEADER
1786696401717754532,2026-08-14T15:33:21.717774,prediction,-0.156439,0.514000,-0.055890,-0.157375,0.516150,-0.054647,True,-0.150093,0.554425,-0.025683,0.007282,0.038275,0.028963,0.00,10,0.228418,1.070091,0.357639,0.000000,0.000000,0.000000,0.000000,0.000000,0.000000,nan,nan,nan,nan,nan,nan,LEADER
1786696401750971864,2026-08-14T15:33:21.750987,prediction,-0.157088,0.520000,-0.055046,-0.157497,0.516083,-0.054691,True,-0.150385,0.555665,-0.026418,0.007112,0.039582,0.028273,0.00,10,0.229125,1.073087,0.355865,0.000000,0.000000,0.000000,0.000000,0.000000,0.000000,nan,nan,nan,nan,nan,nan,LEADER
1786696401783543779,2026-08-14T15:33:21.783560,prediction,-0.157629,0.525000,-0.054343,-0.157533,0.516070,-0.054846,True,-0.150659,0.556826,-0.027105,0.006875,0.040756,0.027740,0.00,10,0.229125,1.073087,0.355865,0.000000,0.000000,0.000000,0.000000,0.000000,0.000000,nan,nan,nan,nan,nan,nan,LEADER
1786696401817012591,2026-08-14T15:33:21.817029,prediction,-0.159362,0.541000,-0.052093,-0.157808,0.517241,-0.054693,True,-0.150914,0.557907,-0.027746,0.006894,0.040667,0.026947,0.00,10,0.229735,1.075676,0.354332,0.000000,0.000000,0.000000,0.000000,0.000000,0.000000,nan,nan,nan,nan,nan,nan,LEADER
1786696401850969565,2026-08-14T15:33:21.850991,prediction,-0.158171,0.530000,-0.053640,-0.158002,0.518915,-0.054643,True,-0.151150,0.558910,-0.028340,0.006852,0.039996,0.026304,0.00,10,0.229735,1.075676,0.354332,0.000000,0.000000,0.000000,0.000000,0.000000,0.000000,nan,nan,nan,nan,nan,nan,LEADER
1786696401884033660,2026-08-14T15:33:21.884071,prediction,-0.158171,0.530000,-0.053640,-0.157959,0.520690,-0.054700,True,-0.151368,0.559836,-0.028888,0.006591,0.039147,0.025812,0.00,10,0.230254,1.077877,0.353029,0.000000,0.000000,0.000000,0.000000,0.000000,0.000000,nan,nan,nan,nan,nan,nan,LEADER
1786696401917108876,2026-08-14T15:33:21.917139,prediction,-0.158935,0.509000,-0.056593,-0.157931,0.520725,-0.055000,True,-0.151568,0.560686,-0.029391,0.006362,0.039961,0.025609,0.00,10,0.230254,1.077877,0.353029,0.000000,0.000000,0.000000,0.000000,0.000000,0.000000,nan,nan,nan,nan,nan,nan,LEADER
1786696401951788782,2026-08-14T15:33:21.951832,prediction,-0.161813,0.536000,-0.052796,-0.158246,0.520412,-0.054850,True,-0.151751,0.561461,-0.029850,0.006494,0.041050,0.024999,0.00,10,0.230677,1.079675,0.351964,0.000000,0.000000,0.000000,0.000000,0.000000,0.000000,nan,nan,nan,nan,nan,nan,LEADER
1786696401985066426,2026-08-14T15:33:21.985125,prediction,-0.161813,0.536000,-0.052796,-0.158561,0.521202,-0.054700,True,-0.151917,0.562164,-0.030266,0.006644,0.040962,0.024433,0.00,10,0.230677,1.079675,0.351964,0.000000,0.000000,0.000000,0.000000,0.000000,0.000000,nan,nan,nan,nan,nan,nan,LEADER
1786696402017072565,2026-08-14T15:33:22.017088,prediction,-0.163519,0.552000,-0.053518,-0.159112,0.522214,-0.054438,True,-0.152066,0.562796,-0.030640,0.007046,0.040582,0.023798,0.00,10,0.231012,1.081097,0.351122,0.000000,0.000000,0.000000,0.000000,0.000000,0.000000,nan,nan,nan,nan,nan,nan,LEADER
1786696402051707126,2026-08-14T15:33:22.051754,prediction,-0.160107,0.520000,-0.055046,-0.159277,0.523269,-0.054485,True,-0.152199,0.563359,-0.030974,0.007079,0.040090,0.023511,0.00,10,0.231012,1.081097,0.351122,0.000000,0.000000,0.000000,0.000000,0.000000,0.000000,nan,nan,nan,nan,nan,nan,LEADER
1786696402083510205,2026-08-14T15:33:22.083530,prediction,-0.161813,0.536000,-0.052796,-0.159672,0.524921,-0.054232,True,-0.152316,0.563857,-0.031269,0.007356,0.038937,0.022963,0.00,10,0.231268,1.082182,0.350479,0.000000,0.000000,0.000000,0.000000,0.000000,0.000000,nan,nan,nan,nan,nan,nan,LEADER
1786696402116876986,2026-08-14T15:33:22.116895,prediction,-0.162346,0.541000,-0.052093,-0.159864,0.526424,-0.053979,True,-0.152418,0.564292,-0.031526,0.007445,0.037868,0.022452,0.00,10,0.231268,1.082182,0.350479,0.000000,0.000000,0.000000,0.000000,0.000000,0.000000,nan,nan,nan,nan,nan,nan,LEADER
1786696402150201079,2026-08-14T15:33:22.150219,prediction,-0.162986,0.547000,-0.054230,-0.160134,0.528431,-0.053821,True,-0.152507,0.564667,-0.031748,0.007627,0.036235,0.022073,0.00,10,0.231452,1.082963,0.350016,0.000000,0.000000,0.000000,0.000000,0.000000,0.000000,nan,nan,nan,nan,nan,nan,LEADER
1786696402183611181,2026-08-14T15:33:22.183628,prediction,-0.162346,0.541000,-0.055083,-0.160169,0.530273,-0.053974,True,-0.152582,0.564985,-0.031937,0.007587,0.034712,0.022037,0.00,10,0.231452,1.082963,0.350016,0.000000,0.000000,0.000000,0.000000,0.000000,0.000000,nan,nan,nan,nan,nan,nan,LEADER
1786696402216787036,2026-08-14T15:33:22.216807,prediction,-0.161813,0.536000,-0.055795,-0.160528,0.532081,-0.053967,True,-0.152644,0.565250,-0.032094,0.007883,0.033169,0.021873,0.00,10,0.231470,1.083038,0.349972,0.000000,0.000000,0.000000,0.000000,0.000000,0.000000,nan,nan,nan,nan,nan,nan,LEADER
1786696402250389037,2026-08-14T15:33:22.250420,prediction,-0.161813,0.536000,-0.055795,-0.160843,0.533296,-0.054017,True,-0.152695,0.565467,-0.032222,0.008147,0.032170,0.021795,0.00,10,0.231470,1.083038,0.349972,0.000000,0.000000,0.000000,0.000000,0.000000,0.000000,nan,nan,nan,nan,nan,nan,LEADER
1786696402283511102,2026-08-14T15:33:22.283530,prediction,-0.163519,0.552000,-0.053518,-0.161235,0.534393,-0.053962,True,-0.152736,0.565638,-0.032324,0.008499,0.031245,0.021639,0.00,10,0.231787,1.084383,0.349176,0.000000,0.000000,0.000000,0.000000,0.000000,0.000000,nan,nan,nan,nan,nan,nan,LEADER
1786696402317133961,2026-08-14T15:33:22.317156,prediction,-0.161813,0.536000,-0.055795,-0.161399,0.535199,-0.054209,True,-0.152767,0.565769,-0.032401,0.008632,0.030571,0.021808,0.00,10,0.231787,1.084383,0.349176,0.000000,0.000000,0.000000,0.000000,0.000000,0.000000,nan,nan,nan,nan,nan,nan,LEADER
1786696402350970241,2026-08-14T15:33:22.350994,prediction,-0.162986,0.547000,-0.054230,-0.161720,0.536266,-0.054248,True,-0.152789,0.565865,-0.032458,0.008930,0.029598,0.021791,0.00,10,0.231655,1.083822,0.349508,0.000000,0.000000,0.000000,0.000000,0.000000,0.000000,nan,nan,nan,nan,nan,nan,LEADER
1786696402383866894,2026-08-14T15:33:22.383895,prediction,-0.162346,0.541000,-0.055083,-0.161998,0.537067,-0.054345,True,-0.152804,0.565930,-0.032496,0.009193,0.028863,0.021848,0.00,10,0.231655,1.083822,0.349508,0.000000,0.000000,0.000000,0.000000,0.000000,0.000000,nan,nan,nan,nan,nan,nan,LEADER
1786696402416834660,2026-08-14T15:33:22.416854,prediction,-0.161173,0.530000,-0.056649,-0.162147,0.537813,-0.054348,True,-0.152814,0.565970,-0.032520,0.009333,0.028157,0.021828,0.00,10,0.231838,1.084599,0.349048,0.000000,0.000000,0.000000,0.000000,0.000000,0.000000,nan,nan,nan,nan,nan,nan,LEADER
1786696402452004040,2026-08-14T15:33:22.452023,prediction,-0.162986,0.547000,-0.054230,-0.162225,0.538549,-0.054444,True,-0.152819,0.565991,-0.032533,0.009407,0.027442,0.021911,0.00,10,0.231838,1.084599,0.349048,0.000000,0.000000,0.000000,0.000000,0.000000,0.000000,nan,nan,nan,nan,nan,nan,LEADER
1786696402484109164,2026-08-14T15:33:22.484160,prediction,-0.161813,0.536000,-0.055795,-0.162225,0.538697,-0.054644,True,-0.152821,0.565999,-0.032537,0.009405,0.027302,0.022106,0.00,10,0.231578,1.083496,0.349701,0.000000,0.000000,0.000000,0.000000,0.000000,0.000000,nan,nan,nan,nan,nan,nan,LEADER
1786696402517533824,2026-08-14T15:33:22.517571,prediction,-0.162986,0.547000,-0.054230,-0.162190,0.539313,-0.054691,True,-0.152821,0.566000,-0.032538,0.009369,0.026687,0.022153,0.00,10,0.231578,1.083496,0.349701,0.000000,0.000000,0.000000,0.000000,0.000000,0.000000,nan,nan,nan,nan,nan,nan,LEADER
1786696402550926895,2026-08-14T15:33:22.550944,prediction,-0.161173,0.530000,-0.056649,-0.162261,0.539436,-0.054798,True,-0.152821,0.566000,-0.032538,0.009440,0.026564,0.022260,0.00,10,0.231762,1.084279,0.349237,0.000000,0.000000,0.000000,0.000000,0.000000,0.000000,nan,nan,nan,nan,nan,nan,LEADER
1786696402584195574,2026-08-14T15:33:22.584222,prediction,-0.162346,0.541000,-0.055083,-0.162296,0.539727,-0.054951,True,-0.152821,0.566000,-0.032538,0.009475,0.026273,0.022413,0.00,10,0.231762,1.084279,0.349237,0.000000,0.000000,0.000000,0.000000,0.000000,0.000000,nan,nan,nan,nan,nan,nan,LEADER
1786696402618815106,2026-08-14T15:33:22.618847,prediction,-0.161173,0.530000,-0.056649,-0.162218,0.539465,-0.055254,True,-0.152821,0.566000,-0.032538,0.009397,0.026535,0.022716,0.00,10,0.231545,1.083356,0.349784,0.000000,0.000000,0.000000,0.000000,0.000000,0.000000,nan,nan,nan,nan,nan,nan,LEADER
1786696402651099054,2026-08-14T15:33:22.651122,prediction,-0.166485,0.552000,-0.053518,-0.162452,0.539413,-0.055207,True,-0.152821,0.566000,-0.032538,0.009631,0.026587,0.022669,0.00,10,0.231545,1.083356,0.349784,0.000000,0.000000,0.000000,0.000000,0.000000,0.000000,nan,nan,nan,nan,nan,nan,LEADER
1786696402683659319,2026-08-14T15:33:22.683676,prediction,-0.161813,0.536000,-0.055795,-0.162416,0.539136,-0.055254,True,-0.152821,0.566000,-0.032538,0.009595,0.026864,0.022716,0.00,10,0.231762,1.084277,0.349238,0.000000,0.000000,0.000000,0.000000,0.000000,0.000000,nan,nan,nan,nan,nan,nan,LEADER
1786696402718168355,2026-08-14T15:33:22.718211,prediction,-0.162986,0.547000,-0.054230,-0.162494,0.539401,-0.055150,True,-0.152821,0.566000,-0.032538,0.009673,0.026599,0.022612,0.00,10,0.231762,1.084277,0.349238,0.000000,0.000000,0.000000,0.000000,0.000000,0.000000,nan,nan,nan,nan,nan,nan,LEADER
1786696402752879298,2026-08-14T15:33:22.752943,prediction,-0.161813,0.536000,-0.055795,-0.162494,0.539453,-0.055150,True,-0.152821,0.566000,-0.032538,0.009673,0.026547,0.022612,0.00,10,0.231546,1.083358,0.349782,0.000000,0.000000,0.000000,0.000000,0.000000,0.000000,nan,nan,nan,nan,nan,nan,LEADER
1786696402784181812,2026-08-14T15:33:22.784213,prediction,-0.161173,0.530000,-0.056649,-0.162338,0.539464,-0.055359,True,-0.152821,0.566000,-0.032538,0.009517,0.026536,0.022821,0.00,10,0.231546,1.083358,0.349782,0.000000,0.000000,0.000000,0.000000,0.000000,0.000000,nan,nan,nan,nan,nan,nan,LEADER
1786696402817149558,2026-08-14T15:33:22.817163,prediction,-0.161813,0.536000,-0.055795,-0.162338,0.539466,-0.055359,True,-0.152821,0.566000,-0.032538,0.009517,0.026534,0.022821,0.00,10,0.231772,1.084317,0.349215,0.000000,0.000000,0.000000,0.000000,0.000000,0.000000,nan,nan,nan,nan,nan,nan,LEADER
1786696402850497685,2026-08-14T15:33:22.850517,prediction,-0.161813,0.536000,-0.055795,-0.162260,0.538880,-0.055463,True,-0.152821,0.566000,-0.032538,0.009439,0.027120,0.022925,0.00,10,0.231772,1.084317,0.349215,0.000000,0.000000,0.000000,0.000000,0.000000,0.000000,nan,nan,nan,nan,nan,nan,LEADER
1786696402883493553,2026-08-14T15:33:22.883510,prediction,-0.162986,0.547000,-0.054230,-0.162302,0.538496,-0.055406,True,-0.152821,0.566000,-0.032538,0.009481,0.027504,0.022868,0.00,10,0.231555,1.083399,0.349758,0.000000,0.000000,0.000000,0.000000,0.000000,0.000000,nan,nan,nan,nan,nan,nan,LEADER
1786696402917100764,2026-08-14T15:33:22.917120,prediction,-0.161813,0.536000,-0.052796,-0.162345,0.538153,-0.055149,True,-0.152821,0.566000,-0.032538,0.009524,0.027847,0.022611,0.00,10,0.231555,1.083399,0.349758,0.000000,0.000000,0.000000,0.000000,0.000000,0.000000,nan,nan,nan,nan,nan,nan,LEADER
1786696402950284783,2026-08-14T15:33:22.950303,prediction,-0.160640,0.525000,-0.054343,-0.162189,0.537817,-0.055157,True,-0.152821,0.566000,-0.032538,0.009368,0.028183,0.022619,0.00,10,0.231778,1.084347,0.349197,0.000000,0.000000,0.000000,0.000000,0.000000,0.000000,nan,nan,nan,nan,nan,nan,LEADER
1786696402983684577,2026-08-14T15:33:22.983709,prediction,-0.162346,0.541000,-0.052093,-0.162224,0.537750,-0.054910,True,-0.152821,0.566000,-0.032538,0.009403,0.028250,0.022372,0.00,10,0.231778,1.084347,0.349197,0.000000,0.000000,0.000000,0.000000,0.000000,0.000000,nan,nan,nan,nan,nan,nan,LEADER
1786696403016845875,2026-08-14T15:33:23.016861,prediction,-0.162346,0.541000,-0.052093,-0.162181,0.537417,-0.054768,True,-0.152821,0.566000,-0.032538,0.009360,0.028583,0.022230,0.00,10,0.231561,1.083424,0.349744,0.000000,0.000000,0.000000,0.000000,0.000000,0.000000,nan,nan,nan,nan,nan,nan,LEADER
1786696403050348481,2026-08-14T15:33:23.050371,prediction,-0.160107,0.520000,-0.055046,-0.162110,0.537617,-0.054661,True,-0.152821,0.566000,-0.032538,0.009289,0.028383,0.022123,0.00,10,0.231561,1.083424,0.349744,0.000000,0.000000,0.000000,0.000000,0.000000,0.000000,nan,nan,nan,nan,nan,nan,LEADER
1786696403083591922,2026-08-14T15:33:23.083608,prediction,-0.161173,0.530000,-0.053640,-0.162032,0.537070,-0.054564,True,-0.152821,0.566000,-0.032538,0.009211,0.028930,0.022026,0.00,10,0.231784,1.084371,0.349183,0.000000,0.000000,0.000000,0.000000,0.000000,0.000000,nan,nan,nan,nan,nan,nan,LEADER
1786696403117026681,2026-08-14T15:33:23.117045,prediction,-0.164806,0.536000,-0.052796,-0.162274,0.536961,-0.054308,True,-0.152821,0.566000,-0.032538,0.009453,0.029039,0.021770,0.00,10,0.231784,1.084371,0.349183,0.000000,0.000000,0.000000,0.000000,0.000000,0.000000,nan,nan,nan,nan,nan,nan,LEADER
1786696403150394164,2026-08-14T15:33:23.150422,prediction,-0.165331,0.541000,-0.052093,-0.162197,0.536672,-0.054213,True,-0.152821,0.566000,-0.032538,0.009376,0.029328,0.021675,0.00,10,0.231563,1.083431,0.349740,0.000000,0.000000,0.000000,0.000000,0.000000,0.000000,nan,nan,nan,nan,nan,nan,LEADER
1786696403183489870,2026-08-14T15:33:23.183504,prediction,-0.160640,0.525000,-0.054343,-0.162119,0.536614,-0.054116,True,-0.152821,0.566000,-0.032538,0.009298,0.029386,0.021578,0.00,10,0.231563,1.083431,0.349740,0.000000,0.000000,0.000000,0.000000,0.000000,0.000000,nan,nan,nan,nan,nan,nan,LEADER
1786696403217586446,2026-08-14T15:33:23.217620,prediction,-0.161813,0.536000,-0.052796,-0.162041,0.536016,-0.054020,True,-0.152821,0.566000,-0.032538,0.009220,0.029984,0.021482,0.00,10,0.231782,1.084363,0.349188,0.000000,0.000000,0.000000,0.000000,0.000000,0.000000,nan,nan,nan,nan,nan,nan,LEADER
1786696403251291270,2026-08-14T15:33:23.251331,prediction,-0.161173,0.530000,-0.053640,-0.161998,0.535577,-0.053877,True,-0.152821,0.566000,-0.032538,0.009177,0.030423,0.021339,0.00,10,0.231782,1.084363,0.349188,0.000000,0.000000,0.000000,0.000000,0.000000,0.000000,nan,nan,nan,nan,nan,nan,LEADER
1786696403283547797,2026-08-14T15:33:23.283566,prediction,-0.161813,0.536000,-0.052796,-0.162041,0.535489,-0.053620,True,-0.152821,0.566000,-0.032538,0.009220,0.030511,0.021082,0.00,10,0.231561,1.083426,0.349742,0.000000,0.000000,0.000000,0.000000,0.000000,0.000000,nan,nan,nan,nan,nan,nan,LEADER
1786696403317503069,2026-08-14T15:33:23.317534,prediction,-0.161813,0.536000,-0.055795,-0.162041,0.535471,-0.053620,True,-0.152821,0.566000,-0.032538,0.009220,0.030529,0.021082,0.00,10,0.231561,1.083426,0.349742,0.000000,0.000000,0.000000,0.000000,0.000000,0.000000,nan,nan,nan,nan,nan,nan,LEADER
1786696403351467938,2026-08-14T15:33:23.351500,prediction,-0.160107,0.520000,-0.058071,-0.161927,0.535468,-0.053772,True,-0.152821,0.566000,-0.032538,0.009106,0.030532,0.021234,0.00,10,0.231785,1.084377,0.349179,0.000000,0.000000,0.000000,0.000000,0.000000,0.000000,nan,nan,nan,nan,nan,nan,LEADER
1786696403383683339,2026-08-14T15:33:23.383701,prediction,-0.161813,0.536000,-0.055795,-0.161849,0.535467,-0.053876,True,-0.152821,0.566000,-0.032538,0.009028,0.030533,0.021338,0.00,10,0.231785,1.084377,0.349179,0.000000,0.000000,0.000000,0.000000,0.000000,0.000000,nan,nan,nan,nan,nan,nan,LEADER
1786696403416907004,2026-08-14T15:33:23.416928,prediction,-0.162346,0.541000,-0.055083,-0.161885,0.535467,-0.054028,True,-0.152821,0.566000,-0.032538,0.009064,0.030533,0.021490,0.00,10,0.231570,1.083463,0.349720,0.000000,0.000000,0.000000,0.000000,0.000000,0.000000,nan,nan,nan,nan,nan,nan,LEADER
1786696403451296647,2026-08-14T15:33:23.451333,prediction,-0.161173,0.530000,-0.056649,-0.161920,0.535467,-0.054182,True,-0.152821,0.566000,-0.032538,0.009099,0.030533,0.021644,0.00,10,0.231570,1.083463,0.349720,0.000000,0.000000,0.000000,0.000000,0.000000,0.000000,nan,nan,nan,nan,nan,nan,LEADER
1786696403483553555,2026-08-14T15:33:23.483567,prediction,-0.161173,0.530000,-0.053640,-0.161842,0.535147,-0.054285,True,-0.152821,0.566000,-0.032538,0.009021,0.030853,0.021747,0.00,10,0.231797,1.084427,0.349149,0.000000,0.000000,0.000000,0.000000,0.000000,0.000000,nan,nan,nan,nan,nan,nan,LEADER
1786696403517250634,2026-08-14T15:33:23.517321,prediction,-0.161173,0.530000,-0.053640,-0.161764,0.534496,-0.054388,True,-0.152821,0.566000,-0.032538,0.008943,0.031504,0.021850,0.00,10,0.231797,1.084427,0.349149,0.000000,0.000000,0.000000,0.000000,0.000000,0.000000,nan,nan,nan,nan,nan,nan,LEADER
1786696403552698105,2026-08-14T15:33:23.552757,prediction,-0.162986,0.547000,-0.051249,-0.161956,0.533779,-0.054135,True,-0.152821,0.566000,-0.032538,0.009135,0.032221,0.021597,0.00,10,0.231577,1.083493,0.349703,0.000000,0.000000,0.000000,0.000000,0.000000,0.000000,nan,nan,nan,nan,nan,nan,LEADER
1786696403584313795,2026-08-14T15:33:23.584383,prediction,-0.163519,0.552000,-0.050546,-0.162112,0.534543,-0.053929,True,-0.152821,0.566000,-0.032538,0.009291,0.031457,0.021391,0.00,10,0.231577,1.083493,0.349703,0.000000,0.000000,0.000000,0.000000,0.000000,0.000000,nan,nan,nan,nan,nan,nan,LEADER
1786696403616783009,2026-08-14T15:33:23.616804,prediction,-0.162346,0.541000,-0.052093,-0.161948,0.535602,-0.053882,True,-0.152821,0.566000,-0.032538,0.009127,0.030398,0.021344,0.00,10,0.231793,1.084407,0.349162,0.000000,0.000000,0.000000,0.000000,0.000000,0.000000,nan,nan,nan,nan,nan,nan,LEADER
1786696403650783946,2026-08-14T15:33:23.650808,prediction,-0.162986,0.547000,-0.051249,-0.161792,0.536400,-0.053826,True,-0.152821,0.566000,-0.032538,0.008971,0.029600,0.021288,0.00,10,0.231793,1.084407,0.349162,0.000000,0.000000,0.000000,0.000000,0.000000,0.000000,nan,nan,nan,nan,nan,nan,LEADER
1786696403683426115,2026-08-14T15:33:23.683445,prediction,-0.161813,0.536000,-0.052796,-0.161870,0.536827,-0.053723,True,-0.152821,0.566000,-0.032538,0.009049,0.029173,0.021185,0.00,10,0.231570,1.083461,0.349722,0.000000,0.000000,0.000000,0.000000,0.000000,0.000000,nan,nan,nan,nan,nan,nan,LEADER
1786696403717022496,2026-08-14T15:33:23.717047,prediction,-0.160640,0.525000,-0.054343,-0.161792,0.536912,-0.053826,True,-0.152821,0.566000,-0.032538,0.008971,0.029088,0.021288,0.00,10,0.231570,1.083461,0.349722,0.000000,0.000000,0.000000,0.000000,0.000000,0.000000,nan,nan,nan,nan,nan,nan,LEADER
1786696403750324707,2026-08-14T15:33:23.750344,prediction,-0.162986,0.547000,-0.051249,-0.161913,0.537249,-0.053666,True,-0.152821,0.566000,-0.032538,0.009092,0.028751,0.021128,0.00,10,0.231790,1.084396,0.349168,0.000000,0.000000,0.000000,0.000000,0.000000,0.000000,nan,nan,nan,nan,nan,nan,LEADER
1786696403783492066,2026-08-14T15:33:23.783507,prediction,-0.162346,0.541000,-0.052093,-0.161948,0.537583,-0.053620,True,-0.152821,0.566000,-0.032538,0.009127,0.028417,0.021082,0.00,10,0.231790,1.084396,0.349168,0.000000,0.000000,0.000000,0.000000,0.000000,0.000000,nan,nan,nan,nan,nan,nan,LEADER
1786696403817223079,2026-08-14T15:33:23.817243,prediction,-0.161813,0.536000,-0.052796,-0.161948,0.537917,-0.053420,True,-0.152821,0.566000,-0.032538,0.009127,0.028083,0.020882,0.00,10,0.231569,1.083457,0.349724,0.000000,0.000000,0.000000,0.000000,0.000000,0.000000,nan,nan,nan,nan,nan,nan,LEADER
1786696403850213137,2026-08-14T15:33:23.850231,prediction,-0.162346,0.541000,-0.052093,-0.162097,0.538250,-0.053021,True,-0.152821,0.566000,-0.032538,0.009276,0.027750,0.020483,0.00,10,0.231569,1.083457,0.349724,0.000000,0.000000,0.000000,0.000000,0.000000,0.000000,nan,nan,nan,nan,nan,nan,LEADER
1786696403883474001,2026-08-14T15:33:23.883487,prediction,-0.161813,0.536000,-0.052796,-0.162097,0.538317,-0.052821,True,-0.152821,0.566000,-0.032538,0.009276,0.027683,0.020283,0.00,10,0.231788,1.084388,0.349172,0.000000,0.000000,0.000000,0.000000,0.000000,0.000000,nan,nan,nan,nan,nan,nan,LEADER
1786696403916992787,2026-08-14T15:33:23.917014,prediction,-0.160640,0.525000,-0.054343,-0.161984,0.538330,-0.052772,True,-0.152821,0.566000,-0.032538,0.009163,0.027670,0.020234,0.00,10,0.231788,1.084388,0.349172,0.000000,0.000000,0.000000,0.000000,0.000000,0.000000,nan,nan,nan,nan,nan,nan,LEADER
1786696403950454998,2026-08-14T15:33:23.950472,prediction,-0.160640,0.525000,-0.054343,-0.161948,0.537746,-0.052618,True,-0.152821,0.566000,-0.032538,0.009127,0.028254,0.020080,0.00,10,0.231563,1.083431,0.349739,0.000000,0.000000,0.000000,0.000000,0.000000,0.000000,nan,nan,nan,nan,nan,nan,LEADER
1786696403983667842,2026-08-14T15:33:23.983688,prediction,-0.161173,0.530000,-0.053640,-0.161948,0.537363,-0.052618,True,-0.152821,0.566000,-0.032538,0.009127,0.028637,0.020080,0.00,10,0.231563,1.083431,0.349739,0.000000,0.000000,0.000000,0.000000,0.000000,0.000000,nan,nan,nan,nan,nan,nan,LEADER
1786696404016939136,2026-08-14T15:33:24.016959,prediction,-0.161813,0.536000,-0.052796,-0.161991,0.537286,-0.052562,True,-0.152821,0.566000,-0.032538,0.009170,0.028714,0.020024,0.00,10,0.231777,1.084339,0.349202,0.000000,0.000000,0.000000,0.000000,0.000000,0.000000,nan,nan,nan,nan,nan,nan,LEADER
1786696404051513035,2026-08-14T15:33:24.051536,prediction,-0.162346,0.541000,-0.055083,-0.161948,0.537590,-0.052818,True,-0.152821,0.566000,-0.032538,0.009127,0.028410,0.020280,0.00,10,0.231777,1.084339,0.349202,0.000000,0.000000,0.000000,0.000000,0.000000,0.000000,nan,nan,nan,nan,nan,nan,LEADER
1786696404083438524,2026-08-14T15:33:24.083453,prediction,-0.162986,0.547000,-0.051249,-0.161913,0.537331,-0.052864,True,-0.152821,0.566000,-0.032538,0.009092,0.028669,0.020326,0.00,10,0.231549,1.083372,0.349774,0.000000,0.000000,0.000000,0.000000,0.000000,0.000000,nan,nan,nan,nan,nan,nan,LEADER
1786696404117071083,2026-08-14T15:33:24.117090,prediction,-0.161813,0.536000,-0.055795,-0.161877,0.536960,-0.053111,True,-0.152821,0.566000,-0.032538,0.009056,0.029040,0.020573,0.00,10,0.231549,1.083372,0.349774,0.000000,0.000000,0.000000,0.000000,0.000000,0.000000,nan,nan,nan,nan,nan,nan,LEADER
1786696404150296762,2026-08-14T15:33:24.150316,prediction,-0.162346,0.541000,-0.055083,-0.161834,0.536565,-0.053367,True,-0.152821,0.566000,-0.032538,0.009013,0.029435,0.020829,0.00,10,0.231764,1.084284,0.349234,0.000000,0.000000,0.000000,0.000000,0.000000,0.000000,nan,nan,nan,nan,nan,nan,LEADER
1786696404183603923,2026-08-14T15:33:24.183621,prediction,-0.161813,0.536000,-0.055795,-0.161834,0.536220,-0.053567,True,-0.152821,0.566000,-0.032538,0.009013,0.029780,0.021029,0.00,10,0.231764,1.084284,0.349234,0.000000,0.000000,0.000000,0.000000,0.000000,0.000000,nan,nan,nan,nan,nan,nan,LEADER
1786696404216885176,2026-08-14T15:33:24.216899,prediction,-0.162346,0.541000,-0.055083,-0.161948,0.536417,-0.053616,True,-0.152821,0.566000,-0.032538,0.009127,0.029583,0.021078,0.00,10,0.231545,1.083356,0.349784,0.000000,0.000000,0.000000,0.000000,0.000000,0.000000,nan,nan,nan,nan,nan,nan,LEADER
1786696404251800963,2026-08-14T15:33:24.251820,prediction,-0.160640,0.525000,-0.057360,-0.161792,0.536457,-0.054023,True,-0.152821,0.566000,-0.032538,0.008971,0.029543,0.021485,0.00,10,0.231545,1.083356,0.349784,0.000000,0.000000,0.000000,0.000000,0.000000,0.000000,nan,nan,nan,nan,nan,nan,LEADER
1786696404283737914,2026-08-14T15:33:24.283756,prediction,-0.161813,0.536000,-0.055795,-0.161756,0.536198,-0.054270,True,-0.152821,0.566000,-0.032538,0.008935,0.029802,0.021732,0.00,10,0.231774,1.084327,0.349209,0.000000,0.000000,0.000000,0.000000,0.000000,0.000000,nan,nan,nan,nan,nan,nan,LEADER
1786696404318297596,2026-08-14T15:33:24.318373,prediction,-0.161173,0.530000,-0.056649,-0.161714,0.535560,-0.054527,True,-0.152821,0.566000,-0.032538,0.008893,0.030440,0.021989,0.00,10,0.231774,1.084327,0.349209,0.000000,0.000000,0.000000,0.000000,0.000000,0.000000,nan,nan,nan,nan,nan,nan,LEADER
1786696404352157200,2026-08-14T15:33:24.352208,prediction,-0.161813,0.536000,-0.055795,-0.161678,0.535165,-0.054774,True,-0.152821,0.566000,-0.032538,0.008857,0.030835,0.022236,0.00,10,0.231559,1.083416,0.349748,0.000000,0.000000,0.000000,0.000000,0.000000,0.000000,nan,nan,nan,nan,nan,nan,LEADER
1786696404384223041,2026-08-14T15:33:24.384239,prediction,-0.161173,0.530000,-0.056649,-0.161635,0.534766,-0.055031,True,-0.152821,0.566000,-0.032538,0.008814,0.031234,0.022493,0.00,10,0.231559,1.083416,0.349748,0.000000,0.000000,0.000000,0.000000,0.000000,0.000000,nan,nan,nan,nan,nan,nan,LEADER
1786696404417667489,2026-08-14T15:33:24.417751,prediction,-0.161173,0.530000,-0.056649,-0.161671,0.534367,-0.055184,True,-0.152821,0.566000,-0.032538,0.008850,0.031633,0.022646,0.00,10,0.231781,1.084355,0.349192,0.000000,0.000000,0.000000,0.000000,0.000000,0.000000,nan,nan,nan,nan,nan,nan,LEADER
1786696404452723328,2026-08-14T15:33:24.452738,prediction,-0.162346,0.541000,-0.055083,-0.161785,0.534553,-0.055234,True,-0.152821,0.566000,-0.032538,0.008964,0.031447,0.022696,0.00,10,0.231781,1.084355,0.349192,0.000000,0.000000,0.000000,0.000000,0.000000,0.000000,nan,nan,nan,nan,nan,nan,LEADER
1786696404483561205,2026-08-14T15:33:24.483580,prediction,-0.163519,0.552000,-0.053518,-0.161941,0.535444,-0.055226,True,-0.152821,0.566000,-0.032538,0.009120,0.030556,0.022688,0.00,10,0.231781,1.084355,0.349192,0.000000,0.000000,0.000000,0.000000,0.000000,0.000000,nan,nan,nan,nan,nan,nan,LEADER
1786696404516983471,2026-08-14T15:33:24.517001,prediction,-0.161813,0.536000,-0.055795,-0.161941,0.536209,-0.055425,True,-0.152821,0.566000,-0.032538,0.009120,0.029791,0.022887,0.00,10,0.231554,1.083394,0.349761,0.000000,0.000000,0.000000,0.000000,0.000000,0.000000,nan,nan,nan,nan,nan,nan,LEADER
1786696404550254565,2026-08-14T15:33:24.550276,prediction,-0.160640,0.525000,-0.057360,-0.161827,0.536362,-0.055577,True,-0.152821,0.566000,-0.032538,0.009006,0.029638,0.023039,0.00,10,0.231764,1.084284,0.349235,0.000000,0.000000,0.000000,0.000000,0.000000,0.000000,nan,nan,nan,nan,nan,nan,LEADER
1786696404583505982,2026-08-14T15:33:24.583525,prediction,-0.161173,0.530000,-0.056649,-0.161707,0.535806,-0.055937,True,-0.152821,0.566000,-0.032538,0.008886,0.030194,0.023399,0.00,10,0.231764,1.084284,0.349235,0.000000,0.000000,0.000000,0.000000,0.000000,0.000000,nan,nan,nan,nan,nan,nan,LEADER
1786696404616822561,2026-08-14T15:33:24.616844,prediction,-0.162346,0.541000,-0.055083,-0.161742,0.535108,-0.055890,True,-0.152821,0.566000,-0.032538,0.008921,0.030892,0.023352,0.00,10,0.231545,1.083356,0.349784,0.000000,0.000000,0.000000,0.000000,0.000000,0.000000,nan,nan,nan,nan,nan,nan,LEADER
1786696404650935668,2026-08-14T15:33:24.650952,prediction,-0.160640,0.525000,-0.057360,-0.161628,0.534382,-0.056041,True,-0.152821,0.566000,-0.032538,0.008807,0.031618,0.023503,0.00,10,0.231545,1.083356,0.349784,0.000000,0.000000,0.000000,0.000000,0.000000,0.000000,nan,nan,nan,nan,nan,nan,LEADER
1786696404683333269,2026-08-14T15:33:24.683348,prediction,-0.161173,0.530000,-0.056649,-0.161586,0.533916,-0.056098,True,-0.152821,0.566000,-0.032538,0.008765,0.032084,0.023560,0.00,10,0.231769,1.084307,0.349221,0.000000,0.000000,0.000000,0.000000,0.000000,0.000000,nan,nan,nan,nan,nan,nan,LEADER
1786696404717752038,2026-08-14T15:33:24.717792,prediction,-0.161813,0.536000,-0.055795,-0.161550,0.533237,-0.056146,True,-0.152821,0.566000,-0.032538,0.008729,0.032763,0.023608,0.00,10,0.231769,1.084307,0.349221,0.000000,0.000000,0.000000,0.000000,0.000000,0.000000,nan,nan,nan,nan,nan,nan,LEADER
1786696404750279823,2026-08-14T15:33:24.750303,prediction,-0.161173,0.530000,-0.056649,-0.161586,0.532781,-0.056098,True,-0.152821,0.566000,-0.032538,0.008765,0.033219,0.023560,0.00,10,0.231551,1.083383,0.349768,0.000000,0.000000,0.000000,0.000000,0.000000,0.000000,nan,nan,nan,nan,nan,nan,LEADER
1786696404783490314,2026-08-14T15:33:24.783510,prediction,-0.162346,0.541000,-0.055083,-0.161621,0.532689,-0.056051,True,-0.152821,0.566000,-0.032538,0.008800,0.033311,0.023513,0.00,10,0.231551,1.083383,0.349768,0.000000,0.000000,0.000000,0.000000,0.000000,0.000000,nan,nan,nan,nan,nan,nan,LEADER
1786696404818040758,2026-08-14T15:33:24.818075,prediction,-0.159468,0.514000,-0.055890,-0.161508,0.532671,-0.056000,True,-0.152821,0.566000,-0.032538,0.008687,0.033329,0.023462,0.00,10,0.231776,1.084336,0.349203,0.000000,0.000000,0.000000,0.000000,0.000000,0.000000,nan,nan,nan,nan,nan,nan,LEADER
1786696404850638944,2026-08-14T15:33:24.850659,prediction,-0.162346,0.541000,-0.055083,-0.161543,0.532934,-0.055953,True,-0.152821,0.566000,-0.032538,0.008722,0.033066,0.023415,0.00,10,0.231776,1.084336,0.349203,0.000000,0.000000,0.000000,0.000000,0.000000,0.000000,nan,nan,nan,nan,nan,nan,LEADER
1786696404883620177,2026-08-14T15:33:24.883634,prediction,-0.161813,0.536000,-0.055795,-0.161586,0.533307,-0.055896,True,-0.152821,0.566000,-0.032538,0.008765,0.032693,0.023358,0.00,10,0.231553,1.083392,0.349763,0.000000,0.000000,0.000000,0.000000,0.000000,0.000000,nan,nan,nan,nan,nan,nan,LEADER
1786696404916981379,2026-08-14T15:33:24.916999,prediction,-0.157088,0.520000,-0.055046,-0.161313,0.533701,-0.055789,True,-0.152821,0.566000,-0.032538,0.008492,0.032299,0.023251,0.00,10,0.231553,1.083392,0.349763,0.000000,0.000000,0.000000,0.000000,0.000000,0.000000,nan,nan,nan,nan,nan,nan,LEADER
1786696404950737559,2026-08-14T15:33:24.950762,prediction,-0.157088,0.520000,-0.055046,-0.160963,0.533247,-0.055787,True,-0.152821,0.566000,-0.032538,0.008142,0.032753,0.023249,0.00,10,0.231771,1.084316,0.349215,0.000000,0.000000,0.000000,0.000000,0.000000,0.000000,nan,nan,nan,nan,nan,nan,LEADER


============================================================
EXPERIMENT METRICS
  File: experiment_SVGP+MJM_20260814_153312.csv
  Total samples: 374
  Task completion time: 12.55 s
  --- Prediction Accuracy (over 374 samples) ---
  Avg Inference Time: 10.89 ms
  Mean Squared Error (MSE): 0.002687 m²
  Mean Absolute Error (MAE - 3D): 0.0387 m
      MAE X: 0.0141 m
      MAE Y: 0.0259 m
      MAE Z: 0.0199 m
  --- Trajectory Smoothness (Robot EE) ---
  Mean Jerk (3D): 16.8073 m/s³
      Jerk X: 6.9400 m/s³
      Jerk Y: 14.1203 m/s³
      Jerk Z: 3.9670 m/s³
  Max Jerk (3D): 147.9192 m/s³
  RMS Jerk (3D): 30.3482 m/s³
============================================================
