ros_timestamp_ns,wall_time,trajectory_mode,meas_x,meas_y,meas_z,is_tracked,pred_x,pred_y,pred_z,mae_x,mae_y,mae_z,inference_ms,buffer_size,robot_ee_x,robot_ee_y,robot_ee_z,j1_vel,j2_vel,j3_vel,j4_vel,j5_vel,j6_vel,j1_eff,j2_eff,j3_eff,j4_eff,j5_eff,j6_eff
1781614087502316532,2026-06-16T19:48:07.502335,prediction,0.152121,0.017000,0.000958,True,0.142143,0.097000,0.031496,0.009978,0.080000,0.030538,3.80,20,-0.161989,0.280055,0.378526,0.000000,0.000000,0.000000,0.000000,0.000000,0.000000,-0.002100,-0.159320,0.073953,-0.028672,0.012480,-0.015712
1781614087530807178,2026-06-16T19:48:07.530824,prediction,0.153611,-0.018000,-0.001014,True,0.145233,0.090000,0.029737,0.008378,0.108000,0.030752,3.82,20,-0.161989,0.280055,0.378526,0.000000,0.000000,0.000000,0.000000,0.000000,0.000000,-0.002100,-0.159320,0.073953,-0.028832,0.013152,-0.016032
1781614087569410799,2026-06-16T19:48:07.569427,prediction,0.153228,-0.009000,-0.000507,True,0.139358,0.086200,0.027305,0.013870,0.095200,0.027812,4.65,20,-0.161988,0.280061,0.378524,0.000000,0.000000,0.000000,0.000000,0.000000,0.000000,-0.002100,-0.158620,0.075530,-0.030016,0.014368,-0.016032
1781614087601583720,2026-06-16T19:48:07.601603,prediction,0.152504,0.008000,0.000451,True,0.136664,0.086560,0.027475,0.015840,0.078560,0.027024,4.28,20,-0.161988,0.280061,0.378524,0.000000,0.000000,0.000000,0.000000,0.000000,0.000000,-0.002100,-0.158620,0.076028,-0.030016,0.014432,-0.016032
1781614087630191790,2026-06-16T19:48:07.630209,prediction,0.147632,0.034000,0.005687,True,0.135616,0.092048,0.032786,0.012016,0.058048,0.027099,4.06,20,-0.161988,0.280061,0.378524,0.000000,0.000000,0.000000,0.000000,0.000000,0.000000,-0.002100,-0.160580,0.075862,-0.030336,0.014432,-0.015712
1781614087666814575,2026-06-16T19:48:07.666835,prediction,0.147959,0.026000,0.005249,True,0.136988,0.094838,0.036382,0.010971,0.068839,0.031133,4.05,20,-0.161988,0.280061,0.378524,0.000000,0.000000,0.000000,0.000000,0.000000,0.000000,-0.002100,-0.160580,0.075862,-0.030336,0.014432,-0.015712
1781614087699402344,2026-06-16T19:48:07.699421,prediction,0.143867,0.034000,0.005687,True,0.128988,0.098671,0.037280,0.014879,0.064671,0.031593,4.12,20,-0.161988,0.280061,0.378524,0.000000,0.000000,0.000000,0.000000,0.000000,0.000000,-0.002100,-0.160580,0.075862,-0.030336,0.014432,-0.015712
1781614087731340064,2026-06-16T19:48:07.731358,prediction,0.144181,0.026000,0.005249,True,0.125608,0.100136,0.039289,0.018573,0.074137,0.034040,4.02,20,-0.161988,0.280061,0.378524,0.000000,0.000000,0.000000,0.000000,0.000000,0.000000,-0.002100,-0.160580,0.075862,-0.030336,0.014432,-0.015712
1781614087762813870,2026-06-16T19:48:07.762830,prediction,0.139762,0.043000,0.006179,True,0.120929,0.104709,0.039085,0.018834,0.061709,0.032906,3.90,20,-0.161988,0.280061,0.378524,0.000000,0.000000,0.000000,0.000000,0.000000,0.000000,-0.002100,-0.160580,0.075862,-0.030336,0.014432,-0.015712
1781614087798364859,2026-06-16T19:48:07.798379,prediction,0.139461,0.051000,0.006617,True,0.119628,0.109967,0.039777,0.019834,0.058967,0.033160,3.87,20,-0.161988,0.280061,0.378524,0.000000,0.000000,0.000000,0.000000,0.000000,0.000000,-0.002380,-0.158620,0.075530,-0.030464,0.014592,-0.015712
1781614087832115408,2026-06-16T19:48:07.832133,prediction,0.140101,0.034000,0.005687,True,0.121082,0.110774,0.038063,0.019020,0.076774,0.032376,3.88,20,-0.161988,0.280061,0.378524,0.000000,0.000000,0.000000,0.000000,0.000000,0.000000,-0.004900,-0.145600,0.067977,-0.026496,0.020160,-0.022656
1781614087865210752,2026-06-16T19:48:07.865232,prediction,0.140101,0.034000,0.009457,True,0.115646,0.111419,0.037971,0.024455,0.077419,0.028514,3.99,20,-0.161988,0.280061,0.378524,0.000000,0.000000,0.000000,0.000000,0.000000,0.000000,-0.006160,-0.126420,0.056440,-0.016256,0.027328,-0.032512
1781614087900279041,2026-06-16T19:48:07.900295,prediction,0.139461,0.051000,0.010360,True,0.114617,0.115335,0.036865,0.024845,0.064335,0.026506,4.05,20,-0.161988,0.280061,0.378524,0.000000,0.000000,0.000000,0.002609,0.000000,0.002609,-0.013580,-0.103740,0.040919,-0.002848,0.037344,-0.043424
1781614087932347904,2026-06-16T19:48:07.932363,prediction,0.136012,0.043000,0.009935,True,0.116454,0.116868,0.035937,0.019557,0.073868,0.026002,4.00,20,-0.161988,0.280061,0.378524,0.000000,0.000000,0.000000,0.002609,0.002609,0.002609,-0.022540,-0.064120,0.016517,0.017824,0.050432,-0.037120
1781614087965842344,2026-06-16T19:48:07.965861,prediction,0.136012,0.043000,0.013691,True,0.118874,0.117645,0.037326,0.017138,0.074645,0.023635,4.11,20,-0.161988,0.280061,0.378524,0.000000,0.000000,0.000000,0.002609,0.002609,0.002609,-0.026600,-0.047320,0.003486,0.026944,0.056768,-0.036576
1781614087999833228,2026-06-16T19:48:07.999852,prediction,0.136012,0.043000,0.017447,True,0.119056,0.118716,0.038395,0.016956,0.075716,0.020949,7.06,20,-0.161988,0.280061,0.378524,0.000000,0.001744,0.000000,0.005228,0.008289,0.005228,-0.034020,-0.034020,-0.008964,0.029120,0.046752,-0.035232
1781614088033795590,2026-06-16T19:48:08.033814,prediction,0.136012,0.043000,0.021202,True,0.120293,0.119573,0.040457,0.015719,0.076573,0.019255,7.14,20,-0.161988,0.280061,0.378524,0.000000,0.001744,0.000000,0.005228,0.008289,0.005228,-0.034020,-0.034020,-0.008964,0.029120,0.046752,-0.035232
1781614088071957307,2026-06-16T19:48:08.071970,prediction,0.134824,0.076000,0.022791,True,0.119850,0.126858,0.039301,0.014973,0.050858,0.016510,4.47,20,-0.161988,0.280061,0.378524,0.000000,0.001744,0.000000,0.005228,0.008289,0.005228,-0.034020,-0.034020,-0.008964,0.029120,0.046752,-0.035232
1781614088098910376,2026-06-16T19:48:08.098925,prediction,0.135112,0.068000,0.026121,True,0.120877,0.131087,0.041184,0.014235,0.063087,0.015064,3.84,20,-0.161988,0.280061,0.378524,0.000000,0.001744,0.000000,0.005228,0.008289,0.005228,-0.034020,-0.034020,-0.008964,0.029120,0.046752,-0.035232
1781614088131843177,2026-06-16T19:48:08.131864,prediction,0.135724,0.051000,0.029073,True,0.119911,0.131069,0.042772,0.015813,0.080069,0.013699,3.71,20,-0.161988,0.280061,0.378524,0.000000,0.003051,0.002178,0.008289,0.002609,0.005670,-0.040880,-0.052360,-0.021746,0.010304,0.042976,-0.035360
1781614088165876406,2026-06-16T19:48:08.165892,prediction,0.134212,0.093000,0.034630,True,0.115394,0.139069,0.045376,0.018818,0.046069,0.010745,4.29,20,-0.161988,0.280061,0.378524,0.001744,0.000000,0.000000,0.000000,0.003051,0.000000,-0.073780,-0.041720,0.000249,0.011136,0.039584,-0.032896
1781614088199316485,2026-06-16T19:48:08.199331,prediction,0.135400,0.060000,0.036932,True,0.112761,0.139255,0.048656,0.022639,0.079256,0.011724,4.05,20,-0.161988,0.280061,0.378524,0.001744,0.000000,0.000000,0.000000,0.003051,0.000000,-0.073780,-0.041720,0.000249,0.011136,0.039584,-0.032896
1781614088230498787,2026-06-16T19:48:08.230517,prediction,0.134212,0.093000,0.041978,True,0.104761,0.146004,0.053209,0.029451,0.053004,0.011231,3.75,20,-0.161988,0.280061,0.378524,0.001744,0.000000,0.000000,0.000000,0.003051,0.000000,-0.073780,-0.041720,0.000249,0.011136,0.039584,-0.032896
1781614088271186711,2026-06-16T19:48:08.271203,prediction,0.135400,0.060000,0.040660,True,0.097974,0.144803,0.057097,0.037426,0.084804,0.016437,3.86,20,-0.161988,0.280061,0.378524,0.001744,0.000000,0.000000,0.000000,0.003051,0.000000,-0.073780,-0.041720,0.000249,0.011136,0.039584,-0.032896
1781614088299367950,2026-06-16T19:48:08.299386,prediction,0.136012,0.043000,0.043737,True,0.090848,0.140443,0.062381,0.045164,0.097443,0.018644,4.07,20,-0.161988,0.280061,0.378524,0.001744,0.000000,0.000000,0.000000,0.003051,0.000000,-0.073780,-0.041720,0.000249,0.011136,0.039584,-0.032896
1781614088336591948,2026-06-16T19:48:08.336607,prediction,0.133635,0.109000,0.049911,True,0.083886,0.148443,0.067968,0.049750,0.039443,0.018057,3.84,20,-0.161988,0.280061,0.378524,0.001744,0.000000,0.000000,0.000000,0.003051,0.000000,-0.073780,-0.041720,0.000249,0.011136,0.039584,-0.032896
1781614088363242702,2026-06-16T19:48:08.363259,prediction,0.134212,0.093000,0.052999,True,0.081307,0.153354,0.073757,0.052904,0.060354,0.020758,3.74,20,-0.161988,0.280061,0.378524,0.001744,0.000000,0.000000,0.000000,0.003051,0.000000,-0.073780,-0.041720,0.000249,0.011136,0.039584,-0.032896
1781614088397775457,2026-06-16T19:48:08.397794,prediction,0.134500,0.085000,0.052719,True,0.077133,0.155683,0.076122,0.057367,0.070684,0.023403,3.98,20,-0.161988,0.280061,0.378524,0.001744,0.000000,0.000000,0.000000,0.003051,0.000000,-0.073780,-0.041720,0.000249,0.011136,0.039584,-0.032896
1781614088436843925,2026-06-16T19:48:08.436861,prediction,0.135400,0.060000,0.055572,True,0.074891,0.152547,0.080499,0.060509,0.092547,0.024927,4.18,20,-0.160705,0.281344,0.379807,0.000000,0.000000,0.000000,0.000000,0.000000,0.000000,-0.063420,-0.062860,0.029797,-0.001120,0.029440,-0.020992
1781614088473122129,2026-06-16T19:48:08.473138,prediction,0.135400,0.060000,0.059299,True,0.070993,0.150037,0.086091,0.064407,0.090037,0.026792,4.34,20,-0.160707,0.281343,0.379805,0.000000,0.000000,0.000000,0.000000,0.000000,0.000000,-0.064400,-0.064680,0.032702,-0.001568,0.028832,-0.020768
1781614088505129851,2026-06-16T19:48:08.505150,prediction,0.131127,0.076000,0.063508,True,0.067846,0.151230,0.090733,0.063281,0.075230,0.027224,4.58,20,-0.160707,0.281343,0.379805,0.000000,0.000000,0.000000,0.000000,0.000000,0.000000,-0.064400,-0.064680,0.032702,-0.001568,0.028832,-0.020768
1781614088537345115,2026-06-16T19:48:08.537365,prediction,0.134500,0.085000,0.074839,True,0.074508,0.153984,0.098733,0.059991,0.068984,0.023893,4.01,20,-0.160707,0.281343,0.379805,0.000000,0.000000,0.000000,0.000000,0.000000,0.000000,-0.064400,-0.064680,0.032702,-0.001568,0.028832,-0.020768
1781614088570403160,2026-06-16T19:48:08.570422,prediction,0.129993,0.109000,0.075443,True,0.069985,0.160987,0.103469,0.060009,0.051987,0.028026,4.12,20,-0.159421,0.282628,0.381091,0.000000,0.000000,0.000000,0.000000,0.000000,0.000000,-0.064400,-0.064680,0.032702,-0.001568,0.028832,-0.020768
1781614088598854219,2026-06-16T19:48:08.598875,prediction,0.131127,0.076000,0.078315,True,0.066768,0.159990,0.107963,0.064359,0.083990,0.029649,4.07,20,-0.159421,0.282628,0.381091,0.000000,0.000000,0.000000,0.000000,0.000000,0.000000,-0.065100,-0.066220,0.033947,-0.002464,0.028512,-0.020608
1781614088635597771,2026-06-16T19:48:08.635618,prediction,0.131402,0.068000,0.078127,True,0.063695,0.157592,0.109788,0.067707,0.089592,0.031661,4.06,20,-0.157102,0.285449,0.383582,0.000000,0.000000,0.000000,0.000000,0.000000,0.000000,-0.059500,-0.076860,0.046148,-0.008032,0.022784,-0.016768
1781614088665344726,2026-06-16T19:48:08.665364,prediction,0.131986,0.051000,0.085212,True,0.061353,0.151521,0.117788,0.070633,0.100521,0.032575,4.13,20,-0.157102,0.285449,0.383582,0.000000,0.000000,0.000000,0.000000,0.000000,0.002609,-0.057540,-0.078960,0.050381,-0.009856,0.021280,-0.016256
1781614088699298395,2026-06-16T19:48:08.699313,prediction,0.132261,0.043000,0.085051,True,0.061027,0.145606,0.121506,0.071234,0.102606,0.036455,3.76,20,-0.153972,0.290117,0.387044,0.000000,0.000000,0.000000,0.000000,0.000000,0.002609,-0.057540,-0.078960,0.050381,-0.009856,0.021280,-0.016256
1781614088737971287,2026-06-16T19:48:08.737988,prediction,0.131986,0.051000,0.085212,True,0.060648,0.137606,0.121616,0.071339,0.086607,0.036403,4.12,20,-0.153972,0.290117,0.387044,0.000000,0.000000,0.000000,0.000000,0.000000,0.002609,-0.057540,-0.078960,0.050381,-0.009856,0.021280,-0.016256
1781614088773628360,2026-06-16T19:48:08.773646,prediction,0.132261,0.043000,0.088807,True,0.065737,0.129606,0.127416,0.066524,0.086606,0.038609,3.97,20,-0.150031,0.296607,0.391520,0.000000,0.000000,0.000000,0.000000,0.000000,0.002609,-0.057540,-0.078960,0.050381,-0.009856,0.021280,-0.016256
1781614088802310217,2026-06-16T19:48:08.802328,prediction,0.131127,0.076000,0.089419,True,0.063148,0.134885,0.129939,0.067979,0.058885,0.040520,4.25,20,-0.150031,0.296607,0.391520,0.006540,0.004796,0.002178,0.000000,0.005228,0.010467,-0.086800,-0.236180,0.201026,-0.022560,-0.049984,0.026272
1781614088836292413,2026-06-16T19:48:08.836312,prediction,0.130268,0.101000,0.089884,True,0.066686,0.142885,0.132546,0.063582,0.041885,0.042662,4.69,20,-0.145446,0.303655,0.397160,0.011342,0.007853,0.007413,0.000000,0.018756,0.010898,-0.090720,-0.249480,0.173885,-0.029280,-0.045760,0.030848
1781614088863999889,2026-06-16T19:48:08.864013,prediction,0.131986,0.051000,0.092698,True,0.074686,0.140508,0.133164,0.057301,0.089508,0.040466,3.69,20,-0.145446,0.303655,0.397160,0.014831,0.009598,0.011339,0.000000,0.021807,0.016579,-0.098840,-0.246680,0.170980,-0.036128,-0.048864,0.030240
1781614088899706058,2026-06-16T19:48:08.899723,prediction,0.131127,0.076000,0.096822,True,0.069974,0.142294,0.132941,0.061153,0.066294,0.036119,4.32,20,-0.141037,0.310195,0.402998,0.016138,0.013087,0.013086,0.000000,0.024426,0.021807,-0.109620,-0.254100,0.171810,-0.044704,-0.051488,0.032352
1781614088932820572,2026-06-16T19:48:08.932834,prediction,0.130818,0.085000,0.096960,True,0.067993,0.146835,0.134698,0.062825,0.061835,0.037738,4.47,20,-0.141037,0.310195,0.402998,0.029231,0.017889,0.020506,0.002609,0.037954,0.032284,-0.130480,-0.262780,0.179529,-0.060448,-0.059104,0.036512
1781614088966869362,2026-06-16T19:48:08.966883,prediction,0.129718,0.117000,0.101083,True,0.071880,0.154835,0.140018,0.057838,0.037835,0.038935,4.03,20,-0.136590,0.316595,0.409316,0.037523,0.024429,0.023993,0.002609,0.051040,0.040142,-0.121800,-0.266840,0.189655,-0.065568,-0.061888,0.039072
1781614089002253821,2026-06-16T19:48:09.002275,prediction,0.131127,0.076000,0.100524,True,0.079880,0.155068,0.141704,0.051247,0.079068,0.041180,4.39,20,-0.136590,0.316595,0.409316,0.054105,0.032720,0.035339,0.002609,0.067188,0.056279,-0.140420,-0.272440,0.198619,-0.060384,-0.058880,0.041632
1781614089032710219,2026-06-16T19:48:09.032725,prediction,0.131677,0.060000,0.100306,True,0.076925,0.152054,0.140907,0.054752,0.092054,0.040601,4.23,20,-0.132303,0.322830,0.416010,0.060645,0.034034,0.039265,0.003051,0.075477,0.061949,-0.128940,-0.278880,0.197789,-0.060160,-0.057216,0.041632
1781614089067914027,2026-06-16T19:48:09.067945,prediction,0.127693,0.068000,0.104130,True,0.073052,0.151243,0.142084,0.054641,0.083244,0.037954,4.55,20,-0.132303,0.322830,0.416010,0.079847,0.045814,0.059340,0.002609,0.107772,0.083766,-0.155540,-0.291060,0.208579,-0.063520,-0.062176,0.044864
1781614089119467098,2026-06-16T19:48:09.119488,prediction,0.127954,0.060000,0.104034,True,0.078506,0.148995,0.141410,0.049449,0.088995,0.037376,4.86,20,-0.128263,0.328757,0.422764,0.104714,0.058901,0.081593,0.002609,0.137436,0.104710,-0.186200,-0.275240,0.231155,-0.063744,-0.063168,0.047424
1781614089157901322,2026-06-16T19:48:09.157915,prediction,0.128805,0.034000,0.107492,True,0.086506,0.141996,0.139790,0.042299,0.107996,0.032298,4.19,20,-0.124244,0.334708,0.429774,0.129150,0.070243,0.109519,0.000000,0.180640,0.131766,-0.204260,-0.291620,0.230076,-0.064352,-0.070624,0.056064
1781614089192269318,2026-06-16T19:48:09.192290,prediction,0.127693,0.068000,0.107844,True,0.084268,0.143197,0.138592,0.043425,0.075197,0.030748,4.43,20,-0.124244,0.334708,0.429774,0.153586,0.081592,0.135698,0.000000,0.223833,0.159254,-0.213220,-0.290080,0.253150,-0.065408,-0.076256,0.051552
1781614089222797358,2026-06-16T19:48:09.222813,prediction,0.127954,0.060000,0.111489,True,0.083996,0.142557,0.140149,0.043959,0.082557,0.028659,4.51,20,-0.120529,0.340468,0.437024,0.166241,0.088570,0.156204,0.000000,0.239538,0.169731,-0.205520,-0.286720,0.244684,-0.065120,-0.082272,0.052320
1781614089252572794,2026-06-16T19:48:09.252589,prediction,0.127954,0.060000,0.115217,True,0.089352,0.142046,0.142279,0.038603,0.082046,0.027062,4.64,20,-0.120529,0.340468,0.437024,0.176277,0.089883,0.167112,0.000000,0.258736,0.177579,-0.206080,-0.296660,0.253482,-0.064352,-0.078528,0.047712
1781614089281385980,2026-06-16T19:48:09.281402,prediction,0.123206,0.093000,0.115451,True,0.085337,0.148237,0.140468,0.037869,0.055237,0.025018,4.37,20,-0.117123,0.346179,0.444587,0.189802,0.096423,0.187618,0.000000,0.285792,0.188487,-0.184100,-0.311220,0.251573,-0.063744,-0.080704,0.054720
1781614089314532692,2026-06-16T19:48:09.314555,prediction,0.122957,0.101000,0.115507,True,0.086889,0.154789,0.141387,0.036069,0.053789,0.025880,4.68,20,-0.117123,0.346179,0.444587,0.197655,0.102970,0.200711,0.000000,0.301940,0.196777,-0.166460,-0.301560,0.262778,-0.061504,-0.079936,0.049664
1781614089346176663,2026-06-16T19:48:09.346212,prediction,0.120274,0.068000,0.115274,True,0.090386,0.148909,0.140263,0.029888,0.080909,0.024989,4.84,20,-0.114085,0.351893,0.452192,0.201144,0.109517,0.215544,0.000000,0.325934,0.202015,-0.186620,-0.297220,0.275477,-0.059552,-0.083264,0.051328
1781614089379282988,2026-06-16T19:48:09.379303,prediction,0.119066,0.109000,0.115564,True,0.086059,0.156909,0.138311,0.033007,0.047909,0.022747,4.84,20,-0.114085,0.351893,0.452192,0.202457,0.114319,0.226451,0.000000,0.342082,0.204635,-0.167300,-0.302820,0.268588,-0.057344,-0.083552,0.052224
1781614089412458351,2026-06-16T19:48:09.412477,prediction,0.115424,0.109000,0.119211,True,0.081509,0.163327,0.141766,0.033915,0.054327,0.022555,4.31,20,-0.111362,0.357748,0.459798,0.200706,0.117808,0.228637,0.000000,0.347310,0.202015,-0.184100,-0.281680,0.276805,-0.056896,-0.080640,0.050816
1781614089443369129,2026-06-16T19:48:09.443390,prediction,0.114757,0.133000,0.119341,True,0.081772,0.171327,0.144114,0.032985,0.038328,0.024772,4.43,20,-0.111362,0.357748,0.459798,0.197655,0.120859,0.232124,0.000000,0.345132,0.194157,-0.165760,-0.303380,0.275975,-0.053600,-0.084320,0.048384
1781614089477388685,2026-06-16T19:48:09.477408,prediction,0.110761,0.148000,0.119423,True,0.081526,0.179327,0.144428,0.029235,0.031327,0.025005,4.50,20,-0.108906,0.363807,0.467439,0.189364,0.122603,0.236050,0.000000,0.358219,0.188929,-0.186620,-0.292320,0.288010,-0.050592,-0.088832,0.048480
1781614089508286497,2026-06-16T19:48:09.508310,prediction,0.107183,0.148000,0.119423,True,0.079257,0.183130,0.147521,0.027926,0.035130,0.028098,4.35,20,-0.108906,0.363807,0.467439,0.186313,0.124354,0.238236,0.000000,0.358219,0.185868,-0.176960,-0.305620,0.276888,-0.048032,-0.087840,0.045472
1781614089554986036,2026-06-16T19:48:09.555006,prediction,0.103422,0.156000,0.119466,True,0.075397,0.191130,0.147751,0.028025,0.035130,0.028285,5.21,20,-0.106651,0.370042,0.474820,0.179766,0.124354,0.239976,0.000000,0.361280,0.174959,-0.139720,-0.295400,0.284607,-0.044256,-0.088544,0.048544
1781614089602864225,2026-06-16T19:48:09.602879,prediction,0.104314,0.117000,0.119254,True,0.077312,0.184471,0.147165,0.027002,0.067472,0.027911,4.76,20,-0.106651,0.370042,0.474820,0.166673,0.122603,0.241292,0.000000,0.363899,0.167112,-0.156240,-0.289520,0.278216,-0.039904,-0.090176,0.049984
1781614089637911898,2026-06-16T19:48:09.637950,prediction,0.103788,0.140000,0.122976,True,0.069312,0.191577,0.147648,0.034476,0.051577,0.024672,4.73,20,-0.104411,0.376496,0.482176,0.156637,0.119114,0.245649,0.000000,0.366519,0.158823,-0.166040,-0.294140,0.290417,-0.036864,-0.085824,0.045760
1781614089672847670,2026-06-16T19:48:09.672868,prediction,0.103422,0.156000,0.123036,True,0.065058,0.199577,0.146899,0.038364,0.043577,0.023863,4.58,20,-0.102260,0.383381,0.489178,0.151841,0.119114,0.245217,0.000000,0.366519,0.153584,-0.152740,-0.265860,0.288674,-0.033952,-0.082944,0.044032
1781614089705067214,2026-06-16T19:48:09.705087,prediction,0.100515,0.125000,0.122919,True,0.067679,0.197806,0.145349,0.032836,0.072806,0.022430,5.06,20,-0.102260,0.383381,0.489178,0.145295,0.116063,0.249143,0.000000,0.363899,0.145295,-0.149660,-0.280420,0.300875,-0.032064,-0.084480,0.043360
1781614089736088843,2026-06-16T19:48:09.736105,prediction,0.099687,0.164000,0.123066,True,0.060170,0.205806,0.143392,0.039517,0.041806,0.020325,4.44,20,-0.102260,0.383381,0.489178,0.135697,0.112568,0.250890,0.000000,0.363899,0.134817,-0.146300,-0.289100,0.303697,-0.029184,-0.088000,0.040960
1781614089768973820,2026-06-16T19:48:09.768995,prediction,0.096742,0.133000,0.122949,True,0.054751,0.204195,0.142754,0.041991,0.071195,0.019805,4.52,20,-0.099847,0.390726,0.495553,0.127406,0.109517,0.254377,0.000000,0.361280,0.126528,-0.137200,-0.269080,0.302784,-0.026944,-0.088448,0.041920
1781614089802122078,2026-06-16T19:48:09.802142,prediction,0.093014,0.140000,0.122976,True,0.046751,0.205873,0.142477,0.046263,0.065873,0.019501,4.19,20,-0.099847,0.390726,0.495553,0.119114,0.106028,0.258303,0.000000,0.366519,0.118680,-0.131040,-0.273420,0.306602,-0.024384,-0.084768,0.040032
1781614089836744798,2026-06-16T19:48:09.836762,prediction,0.092583,0.164000,0.123066,True,0.045736,0.213498,0.141259,0.046846,0.049498,0.018192,4.01,20,-0.096688,0.398815,0.500602,0.112568,0.104714,0.262229,0.000000,0.363899,0.113000,-0.146300,-0.270620,0.304693,-0.023776,-0.086560,0.040800
1781614089868379856,2026-06-16T19:48:09.868400,prediction,0.092313,0.179000,0.123123,True,0.051175,0.221498,0.141850,0.041138,0.042498,0.018727,4.22,20,-0.096688,0.398815,0.500602,0.109079,0.101225,0.262229,0.000000,0.361280,0.107772,-0.143500,-0.272720,0.313823,-0.022880,-0.085760,0.042144
1781614089906612747,2026-06-16T19:48:09.906633,prediction,0.092313,0.179000,0.123123,True,0.054499,0.222799,0.141642,0.037814,0.043799,0.018519,4.19,20,-0.093032,0.407056,0.504746,0.109079,0.101225,0.262229,0.000000,0.361280,0.107772,-0.143500,-0.272720,0.313823,-0.022880,-0.085760,0.042144
1781614089941608191,2026-06-16T19:48:09.941625,prediction,0.092726,0.156000,0.123036,True,0.057729,0.214950,0.140933,0.034997,0.058950,0.017897,4.09,20,-0.089266,0.415468,0.508525,0.109079,0.101225,0.262229,0.000000,0.361280,0.107772,-0.143500,-0.272720,0.313823,-0.022880,-0.085760,0.042144
1781614089985081918,2026-06-16T19:48:09.985098,prediction,0.088672,0.186000,0.123150,True,0.051184,0.222950,0.137832,0.037487,0.036950,0.014682,3.80,20,-0.089266,0.415468,0.508525,0.099481,0.097736,0.265723,0.000000,0.363899,0.102533,-0.134540,-0.256900,0.308345,-0.021664,-0.083424,0.041248
1781614090017657148,2026-06-16T19:48:10.017673,prediction,0.088786,0.179000,0.123123,True,0.050266,0.227983,0.137768,0.038519,0.048983,0.014645,3.99,20,-0.085405,0.424155,0.511439,0.065447,0.060645,0.280995,0.000000,0.344701,0.067188,-0.122640,-0.262220,0.332000,-0.017760,-0.076256,0.035584
1781614090047900271,2026-06-16T19:48:10.047915,prediction,0.088427,0.201000,0.123207,True,0.048163,0.235983,0.137251,0.040264,0.034983,0.014045,4.39,20,-0.085405,0.424155,0.511439,0.063703,0.058463,0.280556,0.000000,0.336843,0.064568,-0.110040,-0.245700,0.336648,-0.018048,-0.078656,0.034176
1781614090078801781,2026-06-16T19:48:10.078822,prediction,0.089292,0.148000,0.123006,True,0.051387,0.230006,0.136392,0.037905,0.082006,0.013386,4.23,20,-0.081186,0.433022,0.513551,0.058901,0.050609,0.282742,0.000000,0.331604,0.056721,-0.100940,-0.218820,0.330008,-0.018048,-0.079808,0.037472
1781614090107479054,2026-06-16T19:48:10.107494,prediction,0.085258,0.179000,0.123123,True,0.043387,0.232674,0.135964,0.041872,0.053674,0.012841,4.24,20,-0.081186,0.433022,0.513551,0.054105,0.035778,0.282742,0.000000,0.320696,0.054101,-0.120540,-0.235200,0.351505,-0.018944,-0.075648,0.034848
1781614090141184880,2026-06-16T19:48:10.141196,prediction,0.084935,0.201000,0.126703,True,0.040627,0.240674,0.139374,0.044309,0.039674,0.012671,4.02,20,-0.076755,0.441865,0.514845,0.052354,0.029231,0.286229,0.000000,0.315468,0.054101,-0.099120,-0.225960,0.335818,-0.018944,-0.082816,0.032672
1781614090174777666,2026-06-16T19:48:10.174794,prediction,0.088916,0.171000,0.130184,True,0.048627,0.240689,0.141928,0.040289,0.069689,0.011744,4.13,20,-0.076755,0.441865,0.514845,0.050609,0.022685,0.284482,0.000000,0.307168,0.048432,-0.107800,-0.224980,0.354742,-0.018816,-0.081312,0.034400
1781614090208859821,2026-06-16T19:48:10.208880,prediction,0.081731,0.179000,0.130188,True,0.040627,0.235538,0.140741,0.041104,0.056539,0.010553,4.33,20,-0.072276,0.450814,0.515627,0.050609,0.003489,0.284482,0.000000,0.288412,0.051040,-0.132860,-0.200200,0.339055,-0.019712,-0.074464,0.032576
1781614090237384653,2026-06-16T19:48:10.237400,prediction,0.078203,0.179000,0.130188,True,0.036058,0.232254,0.143073,0.042146,0.053254,0.012885,4.48,20,-0.072276,0.450814,0.515627,0.054105,0.001744,0.282304,0.000000,0.277503,0.054101,-0.136640,-0.092960,0.349098,-0.019872,-0.071744,0.033632
1781614090271669187,2026-06-16T19:48:10.271685,prediction,0.077782,0.216000,0.130206,True,0.035261,0.240254,0.145354,0.042521,0.024254,0.015147,4.07,20,-0.067626,0.459644,0.516132,0.057156,0.023122,0.278809,0.000000,0.253508,0.056279,-0.147560,-0.015120,0.343205,-0.020480,-0.075360,0.038144
1781614090304081023,2026-06-16T19:48:10.304098,prediction,0.077873,0.208000,0.130202,True,0.041578,0.248254,0.144879,0.036295,0.040254,0.014677,4.19,20,-0.067626,0.459644,0.516132,0.062390,0.039267,0.274883,0.000000,0.239538,0.065010,-0.130200,-0.001120,0.350094,-0.020320,-0.068800,0.033504
1781614090336954941,2026-06-16T19:48:10.336972,prediction,0.077782,0.216000,0.130206,True,0.037995,0.256254,0.143812,0.039787,0.040254,0.013605,4.35,20,-0.067626,0.459644,0.516132,0.070243,0.057156,0.269649,0.000000,0.207685,0.070249,-0.129220,0.015680,0.339636,-0.021376,-0.068640,0.036128
1781614090370638202,2026-06-16T19:48:10.370655,prediction,0.074178,0.230000,0.130213,True,0.032474,0.264254,0.142085,0.041705,0.034254,0.011871,4.49,20,-0.063213,0.468555,0.516673,0.075483,0.071556,0.263976,0.000000,0.193726,0.075477,-0.137620,0.011060,0.356983,-0.021824,-0.064512,0.037696
1781614090401088782,2026-06-16T19:48:10.401102,prediction,0.067246,0.237000,0.126780,True,0.033022,0.272254,0.139265,0.034223,0.035254,0.012485,4.29,20,-0.063213,0.468555,0.516673,0.082030,0.081592,0.262229,0.000000,0.177579,0.080716,-0.119280,0.022820,0.342375,-0.021824,-0.065408,0.034784
1781614090434392507,2026-06-16T19:48:10.434407,prediction,0.063813,0.237000,0.126780,True,0.036825,0.280254,0.137577,0.026988,0.043254,0.010797,4.14,20,-0.059109,0.477658,0.517022,0.079847,0.088139,0.258303,0.000000,0.172351,0.083766,-0.151900,0.029680,0.358477,-0.021504,-0.061120,0.034624
1781614090471463258,2026-06-16T19:48:10.471479,prediction,0.063678,0.265000,0.126840,True,0.034441,0.288254,0.136670,0.029237,0.023254,0.009830,4.15,20,-0.055536,0.485677,0.517153,0.088139,0.101225,0.251322,0.000000,0.150964,0.083766,-0.121800,0.025340,0.350260,-0.022432,-0.058112,0.037696
1781614090504328215,2026-06-16T19:48:10.504341,prediction,0.060247,0.279000,0.126870,True,0.029037,0.296254,0.135209,0.031210,0.017254,0.008340,4.02,20,-0.055536,0.485677,0.517153,0.086388,0.111261,0.249143,0.000000,0.137436,0.086386,-0.143500,0.031500,0.343703,-0.022272,-0.058048,0.039520
1781614090536522764,2026-06-16T19:48:10.536537,prediction,0.060161,0.306000,0.130251,True,0.031553,0.304254,0.136510,0.028607,0.001746,0.006259,3.88,20,-0.055536,0.485677,0.517153,0.089883,0.116063,0.243470,0.002609,0.131766,0.088574,-0.141540,0.021280,0.352335,-0.022720,-0.053984,0.036800
1781614090569400905,2026-06-16T19:48:10.569417,prediction,0.056811,0.326000,0.130261,True,0.031710,0.312254,0.136065,0.025101,0.013746,0.005803,4.15,20,-0.052449,0.493773,0.517090,0.089445,0.125661,0.239976,0.000000,0.113000,0.089005,-0.144060,0.021280,0.341794,-0.022720,-0.054432,0.037344
1781614090604264815,2026-06-16T19:48:10.604276,prediction,0.050226,0.319000,0.126955,True,0.027586,0.320254,0.133765,0.022640,0.001254,0.006810,3.92,20,-0.049803,0.502204,0.517025,0.091628,0.133952,0.232124,0.000000,0.099482,0.088574,-0.162120,0.012600,0.341296,-0.022112,-0.049760,0.038304
1781614090640317926,2026-06-16T19:48:10.640333,prediction,0.050216,0.313000,0.123630,True,0.025963,0.328254,0.130516,0.024253,0.015254,0.006886,4.44,20,-0.049803,0.502204,0.517025,0.091628,0.142243,0.226890,0.000000,0.083766,0.094244,-0.140420,0.020440,0.326024,-0.021824,-0.049664,0.035680
1781614090672625107,2026-06-16T19:48:10.672642,prediction,0.043731,0.339000,0.123729,True,0.017963,0.336254,0.128707,0.025768,0.002746,0.004978,4.46,20,-0.047574,0.511422,0.516644,0.091628,0.145295,0.221217,0.000000,0.072857,0.091624,-0.131040,0.006440,0.340466,-0.022272,-0.054112,0.036288
1781614090703231693,2026-06-16T19:48:10.703250,prediction,0.043530,0.299000,0.123577,True,0.013701,0.344254,0.128990,0.029829,0.045254,0.005413,4.04,20,-0.047574,0.511422,0.516644,0.093372,0.152279,0.215544,0.000000,0.064568,0.091624,-0.136360,0.010500,0.345778,-0.022112,-0.047488,0.037248
1781614090734643821,2026-06-16T19:48:10.734662,prediction,0.043666,0.326000,0.120389,True,0.005701,0.352254,0.126709,0.037964,0.026254,0.006320,4.27,20,-0.047574,0.511422,0.516644,0.091628,0.155330,0.213365,0.000000,0.056721,0.094244,-0.145880,0.011340,0.339387,-0.022112,-0.047808,0.033120
1781614090770363768,2026-06-16T19:48:10.770378,prediction,0.043631,0.319000,0.120351,True,0.000389,0.360254,0.126361,0.043242,0.041254,0.006010,3.98,20,-0.044835,0.521065,0.515600,0.089883,0.161439,0.211618,0.000000,0.048432,0.091624,-0.130760,-0.008260,0.345114,-0.022432,-0.046880,0.037344
1781614090807479367,2026-06-16T19:48:10.807494,prediction,0.040379,0.326000,0.120389,True,-0.002691,0.368254,0.129453,0.043070,0.042254,0.009065,4.76,20,-0.042077,0.530583,0.514417,0.086825,0.164928,0.213797,0.000000,0.045812,0.089005,-0.141960,-0.019740,0.335486,-0.022272,-0.050368,0.034560
1781614090839518033,2026-06-16T19:48:10.839534,prediction,0.037035,0.319000,0.120351,True,-0.003327,0.374403,0.131077,0.040362,0.055403,0.010726,4.47,20,-0.042077,0.530583,0.514417,0.085081,0.164928,0.215544,0.000000,0.045812,0.085954,-0.123060,0.009800,0.325028,-0.021504,-0.052160,0.033728
1781614090877160572,2026-06-16T19:48:10.877176,prediction,0.036869,0.299000,0.120242,True,-0.000920,0.372917,0.133285,0.037790,0.073917,0.013042,4.14,20,-0.039049,0.539980,0.513277,0.083336,0.163621,0.211618,0.000000,0.045812,0.083766,-0.138460,0.019180,0.346691,-0.021376,-0.050272,0.035680
1781614090909343222,2026-06-16T19:48:10.909360,prediction,0.033807,0.326000,0.120389,True,-0.008920,0.379533,0.131800,0.042727,0.053533,0.011411,4.28,20,-0.039049,0.539980,0.513277,0.083336,0.163621,0.211618,0.000000,0.045812,0.083766,-0.138460,0.019180,0.346691,-0.021376,-0.050272,0.035680
1781614090945382913,2026-06-16T19:48:10.945404,prediction,0.033996,0.345000,0.120492,True,-0.007995,0.387533,0.134120,0.041991,0.042533,0.013628,4.14,20,-0.035971,0.549454,0.512310,0.083336,0.163621,0.211618,0.000000,0.045812,0.083766,-0.138460,0.019180,0.346691,-0.021376,-0.050272,0.035680
1781614090978108894,2026-06-16T19:48:10.978128,prediction,0.033866,0.332000,0.120421,True,-0.000797,0.392427,0.135535,0.034663,0.060427,0.015113,4.31,20,-0.035971,0.549454,0.512310,0.083336,0.163621,0.211618,0.000000,0.045812,0.083766,-0.138460,0.019180,0.346691,-0.021376,-0.050272,0.035680
1781614091005676625,2026-06-16T19:48:11.005692,prediction,0.034184,0.364000,0.120595,True,-0.004256,0.400427,0.136073,0.038440,0.036427,0.015478,4.32,20,-0.032767,0.558881,0.511595,0.083336,0.163621,0.211618,0.000000,0.045812,0.083766,-0.138460,0.019180,0.346691,-0.021376,-0.050272,0.035680
1781614091038921177,2026-06-16T19:48:11.038945,prediction,0.033936,0.339000,0.120459,True,-0.006152,0.404141,0.136791,0.040088,0.065141,0.016332,3.92,20,-0.032767,0.558881,0.511595,0.083336,0.163621,0.211618,0.000000,0.045812,0.083766,-0.138460,0.019180,0.346691,-0.021376,-0.050272,0.035680
1781614091071245870,2026-06-16T19:48:11.071264,prediction,0.030891,0.358000,0.120562,True,-0.012942,0.410913,0.137779,0.043833,0.052913,0.017217,4.23,20,-0.032767,0.558881,0.511595,0.083336,0.163621,0.211618,0.000000,0.045812,0.083766,-0.138460,0.019180,0.346691,-0.021376,-0.050272,0.035680
1781614091104006695,2026-06-16T19:48:11.104024,prediction,0.030671,0.339000,0.120459,True,-0.013533,0.407235,0.138968,0.044204,0.068235,0.018509,4.08,20,-0.029549,0.568351,0.511095,0.083336,0.163621,0.211618,0.000000,0.045812,0.083766,-0.138460,0.019180,0.346691,-0.021376,-0.050272,0.035680
1781614091143386584,2026-06-16T19:48:11.143399,prediction,0.024037,0.332000,0.117140,True,-0.021533,0.399235,0.136547,0.045570,0.067235,0.019407,4.04,20,-0.026128,0.577758,0.510805,0.083336,0.163621,0.211618,0.000000,0.045812,0.083766,-0.138460,0.019180,0.346691,-0.021376,-0.050272,0.035680
1781614091176034111,2026-06-16T19:48:11.176054,prediction,0.021289,0.364000,0.117367,True,-0.024680,0.407235,0.136548,0.045969,0.043235,0.019182,5.44,20,-0.026128,0.577758,0.510805,0.083336,0.163621,0.211618,0.000000,0.045812,0.083766,-0.138460,0.019180,0.346691,-0.021376,-0.050272,0.035680
1781614091204801744,2026-06-16T19:48:11.204817,prediction,0.021388,0.370000,0.114190,True,-0.018088,0.406668,0.136758,0.039475,0.036668,0.022568,4.99,20,-0.022442,0.587011,0.510735,0.078534,0.164928,0.209871,0.002609,0.045812,0.078096,-0.137620,-0.001540,0.337727,-0.021056,-0.045984,0.035680
1781614091233967999,2026-06-16T19:48:11.233980,prediction,0.018173,0.370000,0.114190,True,-0.015320,0.398668,0.135461,0.033493,0.028668,0.021270,4.17,20,-0.022442,0.587011,0.510735,0.013087,0.182817,0.208124,0.000000,0.026614,0.013517,-0.105280,-0.070560,0.332166,-0.015936,-0.043520,0.030016
1781614091268148696,2026-06-16T19:48:11.268162,prediction,0.014841,0.364000,0.114138,True,-0.013323,0.390668,0.134967,0.028163,0.026668,0.020829,4.22,20,-0.022442,0.587011,0.510735,0.009598,0.169730,0.189365,0.000000,0.018756,0.010898,-0.119280,-0.106540,0.322206,-0.014752,-0.047040,0.030944
1781614091302045112,2026-06-16T19:48:11.302059,prediction,0.012024,0.383000,0.114304,True,-0.016008,0.398668,0.132556,0.028032,0.015668,0.018253,4.27,20,-0.018827,0.596301,0.510950,0.011342,0.161877,0.178458,0.000000,0.016137,0.010898,-0.123900,-0.093800,0.322621,-0.015488,-0.047040,0.030944
1781614091333972736,2026-06-16T19:48:11.333987,prediction,0.008693,0.377000,0.111044,True,-0.013280,0.396122,0.129147,0.021972,0.019122,0.018102,4.17,20,-0.018827,0.596301,0.510950,0.011780,0.148784,0.165364,0.000000,0.016137,0.007847,-0.130480,-0.066920,0.335154,-0.017312,-0.045472,0.030016
1781614091371889938,2026-06-16T19:48:11.371905,prediction,0.008969,0.389000,0.111169,True,-0.012440,0.399817,0.127066,0.021409,0.010817,0.015898,4.38,20,-0.015237,0.605659,0.511160,0.013087,0.148784,0.159691,0.000000,0.013517,0.010898,-0.117740,-0.066920,0.342375,-0.018272,-0.046816,0.031072
1781614091403019895,2026-06-16T19:48:11.403036,prediction,0.006083,0.401000,0.111293,True,-0.016895,0.404553,0.125682,0.022978,0.003553,0.014389,4.48,20,-0.015237,0.605659,0.511160,0.014831,0.151841,0.165364,0.000000,0.016137,0.013517,-0.107240,-0.084840,0.334822,-0.019200,-0.047104,0.031296
1781614091436192236,2026-06-16T19:48:11.436205,prediction,0.006083,0.401000,0.111293,True,-0.015532,0.407748,0.124566,0.021615,0.006748,0.013273,3.81,20,-0.011636,0.614998,0.511278,0.016138,0.153586,0.167112,0.000000,0.024426,0.016137,-0.100940,-0.092260,0.332913,-0.019776,-0.044800,0.030336
1781614091471253137,2026-06-16T19:48:11.471266,prediction,0.006379,0.413000,0.111417,True,-0.015797,0.415491,0.121034,0.022176,0.002491,0.009617,4.53,20,-0.008107,0.624320,0.511139,0.019634,0.156637,0.173223,0.000000,0.026614,0.018756,-0.131320,-0.053900,0.339636,-0.022208,-0.044032,0.032128
1781614091505450526,2026-06-16T19:48:11.505466,prediction,0.002920,0.401000,0.108125,True,-0.016374,0.408826,0.118542,0.019294,0.007826,0.010417,4.55,20,-0.008107,0.624320,0.511139,0.021378,0.161877,0.180205,0.000000,0.029665,0.021807,-0.137200,-0.040880,0.352833,-0.024160,-0.045152,0.031744
1781614091538433462,2026-06-16T19:48:11.538450,prediction,0.003236,0.413000,0.108269,True,-0.020312,0.416826,0.117568,0.023548,0.003827,0.009299,4.46,20,-0.004352,0.633614,0.510410,0.021378,0.161877,0.180205,0.000000,0.029665,0.021807,-0.137200,-0.040880,0.352833,-0.024160,-0.045152,0.031744
1781614091568293321,2026-06-16T19:48:11.568313,prediction,0.003078,0.407000,0.108197,True,-0.019655,0.420341,0.116663,0.022732,0.013341,0.008466,4.22,20,-0.004352,0.633614,0.510410,0.021378,0.161877,0.180205,0.000000,0.029665,0.021807,-0.137200,-0.040880,0.352833,-0.024160,-0.045152,0.031744
1781614091612625213,2026-06-16T19:48:11.612646,prediction,-0.000411,0.395000,0.108053,True,-0.020484,0.412341,0.115777,0.020072,0.017341,0.007724,7.66,20,-0.000473,0.642676,0.508800,0.021378,0.161877,0.180205,0.000000,0.029665,0.021807,-0.137200,-0.040880,0.352833,-0.024160,-0.045152,0.031744
1781614091645659803,2026-06-16T19:48:11.645684,prediction,-0.000244,0.401000,0.108125,True,-0.022053,0.416343,0.113882,0.021810,0.015343,0.005757,8.24,20,-0.000473,0.642676,0.508800,0.021378,0.161877,0.180205,0.000000,0.029665,0.021807,-0.137200,-0.040880,0.352833,-0.024160,-0.045152,0.031744
1781614091689366349,2026-06-16T19:48:11.689385,prediction,0.000260,0.419000,0.108341,True,-0.019251,0.424343,0.114365,0.019511,0.005343,0.006024,4.98,20,0.003062,0.651005,0.506002,0.029231,0.184568,0.221217,0.000000,0.059340,0.032284,-0.145040,-0.093240,0.352833,-0.027904,-0.048928,0.031520
1781614091726120843,2026-06-16T19:48:11.726139,prediction,0.000092,0.413000,0.108269,True,-0.014131,0.428910,0.114282,0.014223,0.015910,0.006012,8.55,20,0.003062,0.651005,0.506002,0.029669,0.178022,0.224704,0.000000,0.059340,0.029234,-0.145600,-0.134820,0.361797,-0.029888,-0.049088,0.033344
1781614091764214862,2026-06-16T19:48:11.764229,prediction,0.000260,0.419000,0.108341,True,-0.013194,0.431367,0.113578,0.013454,0.012367,0.005237,7.92,20,0.005247,0.657746,0.502514,0.029231,0.168424,0.228637,0.000000,0.059340,0.027045,-0.147560,-0.123620,0.366777,-0.029728,-0.051424,0.033024
1781614091790299141,2026-06-16T19:48:11.790314,prediction,0.000260,0.419000,0.108341,True,-0.012073,0.430422,0.114525,0.012333,0.011422,0.006184,4.14,20,0.005247,0.657746,0.502514,0.029231,0.161877,0.230377,0.000000,0.061949,0.029234,-0.155540,-0.111860,0.365366,-0.030464,-0.053056,0.031840
1781614091820159322,2026-06-16T19:48:11.820175,prediction,-0.002696,0.425000,0.105285,True,-0.014452,0.438422,0.110872,0.011756,0.013422,0.005587,4.44,20,0.005926,0.663043,0.498783,0.029231,0.158388,0.233871,0.000000,0.061949,0.027045,-0.153440,-0.116480,0.359224,-0.031392,-0.051488,0.031072
1781614091854717655,2026-06-16T19:48:11.854734,prediction,-0.002874,0.419000,0.105203,True,-0.012455,0.440501,0.110836,0.009581,0.021501,0.005633,4.71,20,0.005926,0.663043,0.498783,0.029231,0.158388,0.233871,0.000000,0.061949,0.027045,-0.153440,-0.116480,0.359224,-0.031392,-0.051488,0.031072
1781614091887356075,2026-06-16T19:48:11.887379,prediction,-0.002874,0.419000,0.105203,True,-0.014402,0.441139,0.110248,0.011528,0.022139,0.005045,4.26,20,0.006044,0.668347,0.495574,0.029231,0.158388,0.233871,0.000000,0.061949,0.027045,-0.153440,-0.116480,0.359224,-0.031392,-0.051488,0.031072
1781614091921239069,2026-06-16T19:48:11.921257,prediction,-0.005632,0.431000,0.105367,True,-0.018922,0.449139,0.108742,0.013289,0.018139,0.003375,7.82,20,0.006044,0.668347,0.495574,0.029231,0.158388,0.233871,0.000000,0.061949,0.027045,-0.153440,-0.116480,0.359224,-0.031392,-0.051488,0.031072
1781614091950337245,2026-06-16T19:48:11.950354,prediction,-0.005257,0.443000,0.105531,True,-0.017549,0.457139,0.108160,0.012292,0.014139,0.002630,6.66,20,0.006272,0.673867,0.493032,0.029231,0.158388,0.233871,0.000000,0.061949,0.027045,-0.153440,-0.116480,0.359224,-0.031392,-0.051488,0.031072
1781614091977310011,2026-06-16T19:48:11.977325,prediction,-0.005445,0.437000,0.105449,True,-0.012969,0.455504,0.108366,0.007524,0.018505,0.002917,4.22,20,0.006272,0.673867,0.493032,0.029231,0.158388,0.233871,0.000000,0.061949,0.027045,-0.153440,-0.116480,0.359224,-0.031392,-0.051488,0.031072
1781614092014980268,2026-06-16T19:48:12.015001,prediction,-0.008187,0.448000,0.105599,True,-0.017828,0.461818,0.107999,0.009641,0.013818,0.002400,4.13,20,0.006293,0.679698,0.490961,0.029231,0.154893,0.239976,0.000000,0.061949,0.029665,-0.129500,-0.113400,0.357315,-0.032000,-0.050432,0.032960
1781614092054747630,2026-06-16T19:48:12.054761,prediction,-0.010686,0.465000,0.105831,True,-0.019449,0.469818,0.107152,0.008764,0.004818,0.001321,4.29,20,0.006293,0.679698,0.490961,0.029231,0.154893,0.239976,0.000000,0.061949,0.029665,-0.129500,-0.113400,0.357315,-0.032000,-0.050432,0.032960
1781614092089567366,2026-06-16T19:48:12.089585,prediction,-0.010478,0.471000,0.105913,True,-0.014794,0.477818,0.107448,0.004315,0.006818,0.001535,4.31,20,0.006327,0.685781,0.489399,0.029231,0.154893,0.239976,0.000000,0.061949,0.029665,-0.129500,-0.113400,0.357315,-0.032000,-0.050432,0.032960
1781614092120731602,2026-06-16T19:48:12.120748,prediction,-0.013744,0.465000,0.105831,True,-0.013525,0.476596,0.107150,0.000219,0.011596,0.001319,4.58,20,0.006327,0.685781,0.489399,0.029231,0.154893,0.239976,0.000000,0.061949,0.029665,-0.129500,-0.113400,0.357315,-0.032000,-0.050432,0.032960
1781614092154512300,2026-06-16T19:48:12.154528,prediction,-0.013527,0.471000,0.105913,True,-0.015066,0.483562,0.106956,0.001539,0.012563,0.001044,4.50,20,0.005813,0.692311,0.488182,0.029669,0.161439,0.254816,0.000000,0.080716,0.027045,-0.137620,-0.112140,0.372089,-0.032512,-0.050592,0.033632
1781614092187721317,2026-06-16T19:48:12.187739,prediction,-0.013744,0.465000,0.105831,True,-0.015085,0.488317,0.106567,0.001341,0.023317,0.000736,4.36,20,0.005813,0.692311,0.488182,0.029669,0.161439,0.254816,0.000000,0.080716,0.027045,-0.137620,-0.112140,0.372089,-0.032512,-0.050592,0.033632
1781614092218726493,2026-06-16T19:48:12.218743,prediction,-0.013744,0.465000,0.105831,True,-0.014060,0.490122,0.106035,0.000316,0.025122,0.000204,4.26,20,0.005198,0.699509,0.487203,0.029669,0.161439,0.254816,0.000000,0.080716,0.027045,-0.137620,-0.112140,0.372089,-0.032512,-0.050592,0.033632
1781614092251180574,2026-06-16T19:48:12.251196,prediction,-0.016802,0.465000,0.105831,True,-0.016924,0.486236,0.106631,0.000122,0.021236,0.000800,3.88,20,0.005198,0.699509,0.487203,0.029669,0.161439,0.254816,0.000000,0.080716,0.027045,-0.137620,-0.112140,0.372089,-0.032512,-0.050592,0.033632
1781614092279412528,2026-06-16T19:48:12.279429,prediction,-0.015932,0.488000,0.106145,True,-0.017114,0.494236,0.107331,0.001181,0.006236,0.001186,4.12,20,0.005114,0.707033,0.486250,0.023122,0.181511,0.195038,0.000000,0.010898,0.021375,-0.147140,-0.140980,0.343869,-0.026176,-0.039520,0.030464
1781614092312439690,2026-06-16T19:48:12.312457,prediction,-0.019624,0.471000,0.105913,True,-0.015509,0.502236,0.107066,0.004115,0.031236,0.001153,4.15,20,0.005114,0.707033,0.486250,0.023122,0.181511,0.195038,0.000000,0.010898,0.021375,-0.147140,-0.140980,0.343869,-0.026176,-0.039520,0.030464
1781614092339278518,2026-06-16T19:48:12.339299,prediction,-0.019189,0.482000,0.106063,True,-0.018330,0.510236,0.106715,0.000859,0.028236,0.000652,4.24,20,0.005312,0.714759,0.485441,0.023122,0.181511,0.195038,0.000000,0.010898,0.021375,-0.147140,-0.140980,0.343869,-0.026176,-0.039520,0.030464
1781614092377425874,2026-06-16T19:48:12.377443,prediction,-0.019387,0.477000,0.105994,True,-0.019699,0.514734,0.107443,0.000312,0.037735,0.001449,3.87,20,0.005312,0.714759,0.485441,0.023122,0.181511,0.195038,0.000000,0.010898,0.021375,-0.147140,-0.140980,0.343869,-0.026176,-0.039520,0.030464
1781614092405603436,2026-06-16T19:48:12.405621,prediction,-0.022220,0.482000,0.106063,True,-0.023686,0.521036,0.108413,0.001466,0.039036,0.002350,3.99,20,0.005804,0.722777,0.484855,0.023122,0.181511,0.195038,0.000000,0.010898,0.021375,-0.147140,-0.140980,0.343869,-0.026176,-0.039520,0.030464
1781614092438733895,2026-06-16T19:48:12.438754,prediction,-0.020863,0.515000,0.103533,True,-0.022967,0.529036,0.104722,0.002104,0.014036,0.001190,3.96,20,0.005804,0.722777,0.484855,0.023122,0.181511,0.195038,0.000000,0.010898,0.021375,-0.147140,-0.140980,0.343869,-0.026176,-0.039520,0.030464
1781614092471018850,2026-06-16T19:48:12.471036,prediction,-0.022425,0.477000,0.102952,True,-0.016897,0.534629,0.102070,0.005528,0.057629,0.000882,6.76,20,0.005804,0.722777,0.484855,0.020940,0.179766,0.185870,0.000000,0.002609,0.018756,-0.128520,-0.145880,0.341296,-0.026176,-0.039360,0.028896
1781614092501385509,2026-06-16T19:48:12.501404,prediction,-0.022220,0.482000,0.103028,True,-0.022541,0.540103,0.099448,0.000321,0.058103,0.003580,4.02,20,0.006368,0.731229,0.484474,0.019634,0.147039,0.122605,0.000000,0.026614,0.021375,0.052360,-0.214200,0.337561,-0.026560,0.038016,-0.028160
1781614092535382749,2026-06-16T19:48:12.535396,prediction,-0.021521,0.499000,0.103288,True,-0.023485,0.547882,0.097807,0.001964,0.048883,0.005481,3.93,20,0.006368,0.731229,0.484474,0.024429,0.140492,0.122605,0.000000,0.021375,0.027045,0.054740,-0.195860,0.337395,-0.027776,0.034464,-0.029504
1781614092568463736,2026-06-16T19:48:12.568482,prediction,-0.020658,0.520000,0.103609,True,-0.019738,0.555882,0.097741,0.000920,0.035883,0.005868,4.12,20,0.006967,0.741316,0.483611,0.030976,0.135697,0.130456,0.000000,0.007847,0.029665,0.058240,-0.193060,0.335154,-0.028960,0.034784,-0.034016
1781614092602965622,2026-06-16T19:48:12.602986,prediction,-0.021521,0.499000,0.103288,True,-0.011738,0.560422,0.097651,0.009783,0.061422,0.005637,4.46,20,0.006967,0.741316,0.483611,0.034465,0.133952,0.137438,0.000000,0.000000,0.032715,0.044940,-0.191240,0.342209,-0.030176,0.023168,-0.031296
1781614092637930260,2026-06-16T19:48:12.637959,prediction,-0.021315,0.504000,0.103364,True,-0.015424,0.562222,0.096953,0.005891,0.058222,0.006412,4.16,20,0.007500,0.750120,0.482759,0.034465,0.135259,0.139624,0.000000,0.000000,0.032284,0.053620,-0.191800,0.343371,-0.029888,0.013920,-0.030560
1781614092672265073,2026-06-16T19:48:12.672291,prediction,-0.021315,0.504000,0.103364,True,-0.017673,0.566578,0.095844,0.003643,0.062578,0.007520,6.34,20,0.007718,0.759512,0.481727,0.037523,0.133952,0.157951,0.000000,0.027045,0.034903,0.061040,-0.210420,0.340632,-0.031232,-0.047808,-0.032448
1781614092704208465,2026-06-16T19:48:12.704227,prediction,-0.021768,0.493000,0.100180,True,-0.013368,0.566540,0.094179,0.008400,0.073540,0.006001,3.86,20,0.007718,0.759512,0.481727,0.035778,0.135697,0.165364,0.000000,0.032284,0.037954,0.079940,-0.218820,0.360054,-0.032128,-0.046656,-0.032896
1781614092735893623,2026-06-16T19:48:12.735913,prediction,-0.023156,0.531000,0.100823,True,-0.017444,0.574540,0.093972,0.005712,0.043540,0.006851,4.07,20,0.007718,0.759512,0.481727,0.038829,0.133952,0.174532,0.000000,0.040142,0.037523,0.076860,-0.192780,0.357149,-0.032736,-0.046304,-0.033792
1781614092768100798,2026-06-16T19:48:12.768118,prediction,-0.024053,0.510000,0.100468,True,-0.018860,0.573209,0.095510,0.005193,0.063209,0.004958,4.03,20,0.007891,0.769324,0.480486,0.038829,0.133952,0.174532,0.000000,0.040142,0.037523,0.076860,-0.192780,0.357149,-0.032736,-0.046304,-0.033792
1781614092805258266,2026-06-16T19:48:12.805276,prediction,-0.024053,0.510000,0.097479,True,-0.025180,0.567075,0.093883,0.001127,0.057076,0.003596,4.26,20,0.008045,0.778987,0.479141,0.038829,0.133952,0.174532,0.000000,0.040142,0.037523,0.076860,-0.192780,0.357149,-0.032736,-0.046304,-0.033792
1781614092836263817,2026-06-16T19:48:12.836284,prediction,-0.023156,0.531000,0.094915,True,-0.026660,0.574773,0.092610,0.003504,0.043774,0.002305,4.38,20,0.008045,0.778987,0.479141,0.038829,0.133952,0.174532,0.000000,0.040142,0.037523,0.076860,-0.192780,0.357149,-0.032736,-0.046304,-0.033792
1781614092870020689,2026-06-16T19:48:12.870038,prediction,-0.022258,0.552000,0.095340,True,-0.023244,0.581768,0.097267,0.000986,0.029768,0.001928,4.17,20,0.008045,0.778987,0.479141,0.040574,0.137441,0.176272,0.000000,0.040142,0.040142,0.076160,-0.224000,0.360884,-0.033024,-0.046656,-0.032800
1781614092904076592,2026-06-16T19:48:12.904102,prediction,-0.022728,0.541000,0.095117,True,-0.018485,0.576679,0.099960,0.004243,0.035679,0.004843,4.46,20,0.008657,0.788836,0.477592,0.040574,0.147039,0.217291,0.000000,0.072857,0.040142,0.061040,-0.230580,0.367773,-0.037696,-0.052000,-0.034464
1781614092937096842,2026-06-16T19:48:12.937117,prediction,-0.023839,0.515000,0.091611,True,-0.017409,0.568679,0.098478,0.006431,0.053679,0.006867,4.33,20,0.008657,0.788836,0.477592,0.039267,0.148352,0.226890,0.000000,0.078096,0.037954,0.045500,-0.220920,0.375160,-0.038624,-0.056160,-0.034688
1781614092974109467,2026-06-16T19:48:12.974127,prediction,-0.022942,0.536000,0.089124,True,-0.022481,0.575396,0.093995,0.000461,0.039396,0.004870,4.63,20,0.008964,0.798504,0.476122,0.036209,0.151841,0.236050,0.000000,0.083335,0.037954,0.047740,-0.199920,0.380306,-0.039360,-0.059392,-0.031904
1781614093005847762,2026-06-16T19:48:13.005867,prediction,-0.022514,0.546000,0.089359,True,-0.019638,0.578811,0.097079,0.002876,0.032811,0.007720,4.45,20,0.009143,0.807546,0.474803,0.035778,0.153586,0.241723,0.000000,0.086386,0.034903,0.043960,-0.204260,0.374828,-0.040864,-0.055328,-0.033120
1781614093040526510,2026-06-16T19:48:13.040543,prediction,-0.022044,0.557000,0.089618,True,-0.012637,0.570811,0.101177,0.009407,0.013811,0.011559,4.31,20,0.009143,0.807546,0.474803,0.032720,0.160133,0.250890,0.000000,0.094244,0.032284,0.047320,-0.223720,0.395495,-0.042240,-0.052704,-0.035456
1781614093073238759,2026-06-16T19:48:13.073257,prediction,-0.022514,0.546000,0.089359,True,-0.011257,0.562811,0.102121,0.011257,0.016811,0.012761,4.49,20,0.008745,0.815641,0.474079,0.032720,0.160133,0.250890,0.000000,0.094244,0.032284,0.047320,-0.223720,0.395495,-0.042240,-0.052704,-0.035456
1781614093103578982,2026-06-16T19:48:13.103598,prediction,-0.021403,0.572000,0.089970,True,-0.013756,0.570811,0.101568,0.007647,0.001189,0.011598,4.62,20,0.008745,0.815641,0.474079,0.032720,0.160133,0.250890,0.000000,0.094244,0.032284,0.047320,-0.223720,0.395495,-0.042240,-0.052704,-0.035456
1781614093136201466,2026-06-16T19:48:13.136219,prediction,-0.021403,0.572000,0.089970,True,-0.012075,0.570941,0.103869,0.009328,0.001059,0.013899,3.86,20,0.008745,0.815641,0.474079,0.032720,0.160133,0.250890,0.000000,0.094244,0.032284,0.047320,-0.223720,0.395495,-0.042240,-0.052704,-0.035456
1781614093171161771,2026-06-16T19:48:13.171175,prediction,-0.021830,0.562000,0.086832,True,-0.007550,0.562941,0.104051,0.014280,0.000941,0.017218,3.97,20,0.008221,0.822228,0.474047,0.032720,0.160133,0.250890,0.000000,0.094244,0.032284,0.047320,-0.223720,0.395495,-0.042240,-0.052704,-0.035456
1781614093203399697,2026-06-16T19:48:13.203415,prediction,-0.021617,0.567000,0.086958,True,-0.014836,0.555771,0.103622,0.006780,0.011229,0.016664,4.02,20,0.008221,0.822228,0.474047,0.034465,0.163184,0.258303,0.000000,0.094244,0.035335,0.050400,-0.224980,0.376239,-0.042976,-0.054880,-0.033952
1781614093236522148,2026-06-16T19:48:13.236542,prediction,-0.021403,0.572000,0.087084,True,-0.015043,0.557256,0.104899,0.006360,0.014744,0.017815,4.30,20,0.007200,0.826729,0.474879,0.034465,0.181511,0.286229,0.000000,0.107772,0.035335,0.051380,-0.243320,0.389270,-0.049152,-0.053152,-0.035232
1781614093269597215,2026-06-16T19:48:13.269616,prediction,-0.020976,0.582000,0.087335,True,-0.014286,0.563136,0.104290,0.006689,0.018864,0.016955,4.28,20,0.007200,0.826729,0.474879,0.034465,0.181511,0.286229,0.000000,0.107772,0.035335,0.051380,-0.243320,0.389270,-0.049152,-0.053152,-0.035232
1781614093302451526,2026-06-16T19:48:13.302470,prediction,-0.020762,0.587000,0.087461,True,-0.011680,0.560702,0.105048,0.009082,0.026298,0.017587,4.28,20,0.006433,0.829183,0.476363,0.034465,0.181511,0.286229,0.000000,0.107772,0.035335,0.051380,-0.243320,0.389270,-0.049152,-0.053152,-0.035232
1781614093336502840,2026-06-16T19:48:13.336521,prediction,-0.021403,0.572000,0.087084,True,-0.011490,0.552702,0.105223,0.009913,0.019298,0.018139,4.28,20,0.006433,0.829183,0.476363,0.034465,0.181511,0.286229,0.000000,0.107772,0.035335,0.051380,-0.243320,0.389270,-0.049152,-0.053152,-0.035232
1781614093368811801,2026-06-16T19:48:13.368829,prediction,-0.024064,0.577000,0.084331,True,-0.019244,0.558051,0.100068,0.004820,0.018949,0.015737,4.03,20,0.005749,0.829403,0.477736,0.034465,0.181511,0.286229,0.000000,0.107772,0.035335,0.051380,-0.243320,0.389270,-0.049152,-0.053152,-0.035232
1781614093401860300,2026-06-16T19:48:13.401873,prediction,-0.024064,0.577000,0.084331,True,-0.018474,0.560839,0.099006,0.005590,0.016161,0.014675,4.04,20,0.005749,0.829403,0.477736,0.035778,0.181073,0.287977,0.000000,0.105152,0.034903,0.048300,-0.237020,0.398234,-0.049600,-0.055168,-0.033568
1781614093436150344,2026-06-16T19:48:13.436164,prediction,-0.023842,0.582000,0.084465,True,-0.017026,0.556566,0.099140,0.006816,0.025434,0.014675,4.18,20,0.004987,0.827407,0.478887,0.035778,0.181073,0.287977,0.000000,0.105152,0.034903,0.048300,-0.237020,0.398234,-0.049600,-0.055168,-0.033568
1781614093467809133,2026-06-16T19:48:13.467824,prediction,-0.023398,0.592000,0.081879,True,-0.018347,0.563375,0.094754,0.005051,0.028625,0.012875,3.81,20,0.004987,0.827407,0.478887,0.035778,0.181073,0.287977,0.000000,0.105152,0.034903,0.048300,-0.237020,0.398234,-0.049600,-0.055168,-0.033568
1781614093502362682,2026-06-16T19:48:13.502381,prediction,-0.023842,0.582000,0.081595,True,-0.018666,0.556918,0.094311,0.005176,0.025082,0.012716,4.09,20,0.004341,0.823281,0.479411,0.035778,0.181073,0.287977,0.000000,0.105152,0.034903,0.048300,-0.237020,0.398234,-0.049600,-0.055168,-0.033568
1781614093542785506,2026-06-16T19:48:13.542804,prediction,-0.022954,0.602000,0.082163,True,-0.021889,0.564918,0.092531,0.001065,0.037082,0.010368,4.35,20,0.004195,0.818351,0.478703,0.035778,0.191108,0.306736,0.000000,0.113442,0.034903,0.051100,-0.277060,0.393586,-0.060288,-0.054944,-0.035904
1781614093573422288,2026-06-16T19:48:13.573440,prediction,-0.022776,0.606000,0.079446,True,-0.019764,0.572147,0.090633,0.003013,0.033853,0.011187,4.05,20,0.004195,0.818351,0.478703,0.035778,0.186313,0.301501,0.000000,0.113000,0.037523,0.047740,-0.268100,0.395329,-0.060000,-0.055616,-0.031840
1781614093607991027,2026-06-16T19:48:13.608006,prediction,-0.023842,0.582000,0.078725,True,-0.017554,0.572943,0.088408,0.006288,0.009057,0.009684,4.41,20,0.005219,0.815085,0.477186,0.035778,0.179328,0.287977,0.000000,0.113000,0.037954,0.048860,-0.293860,0.386033,-0.061664,-0.054784,-0.029056
1781614093642968905,2026-06-16T19:48:13.642989,prediction,-0.022776,0.606000,0.079446,True,-0.021184,0.580943,0.086398,0.001593,0.025057,0.006952,4.33,20,0.005219,0.815085,0.477186,0.035778,0.173219,0.278809,0.000000,0.110391,0.034903,0.046760,-0.327600,0.399977,-0.062720,-0.057824,-0.030560
1781614093671226576,2026-06-16T19:48:13.671244,prediction,-0.022954,0.602000,0.076489,True,-0.021038,0.588943,0.084756,0.001916,0.013057,0.008267,3.96,20,0.006374,0.813986,0.475193,0.037523,0.151841,0.262229,0.000000,0.107772,0.034903,0.042420,-0.311780,0.380306,-0.064064,-0.055264,-0.032896
1781614093707344426,2026-06-16T19:48:13.707365,prediction,-0.023176,0.597000,0.076330,True,-0.018467,0.583373,0.084780,0.004709,0.013627,0.008450,4.61,20,0.006374,0.813986,0.475193,0.035778,0.145295,0.253069,0.000000,0.110391,0.034903,0.037800,-0.330400,0.386365,-0.064512,-0.055104,-0.035008
1781614093737583881,2026-06-16T19:48:13.737603,prediction,-0.022555,0.611000,0.076774,True,-0.019311,0.590000,0.084612,0.003244,0.021000,0.007838,4.47,20,0.006374,0.813986,0.475193,0.034034,0.122603,0.224704,0.000000,0.107772,0.034903,0.045780,-0.367220,0.372919,-0.064800,-0.052096,-0.034912
1781614093773389630,2026-06-16T19:48:13.773409,prediction,-0.023398,0.592000,0.076171,True,-0.018759,0.584150,0.085382,0.004638,0.007850,0.009211,4.27,20,0.007436,0.815119,0.473016,0.034034,0.116063,0.217730,0.000000,0.105152,0.034903,0.039620,-0.366100,0.373998,-0.064896,-0.051040,-0.032896
1781614093811600879,2026-06-16T19:48:13.811620,prediction,-0.022954,0.602000,0.076489,True,-0.021941,0.586805,0.084236,0.001013,0.015195,0.007748,4.51,20,0.008139,0.818430,0.470788,0.030976,0.076790,0.169290,0.000000,0.091624,0.032284,0.035000,-0.398300,0.361465,-0.065120,-0.052608,-0.032224
1781614093846711445,2026-06-16T19:48:13.846732,prediction,-0.022776,0.606000,0.073785,True,-0.020514,0.587329,0.082793,0.002262,0.018671,0.009008,5.21,20,0.008139,0.818430,0.470788,0.029669,0.067192,0.156204,0.000000,0.089005,0.029665,0.030380,-0.407540,0.361631,-0.065408,-0.048992,-0.032960
1781614093878913139,2026-06-16T19:48:13.878931,prediction,-0.022555,0.611000,0.073951,True,-0.020133,0.585320,0.084352,0.002422,0.025680,0.010401,4.93,20,0.008957,0.823649,0.468078,0.024429,0.037523,0.109950,0.000000,0.070249,0.024426,0.024360,-0.403620,0.332913,-0.064960,-0.046304,-0.029280
1781614093907824732,2026-06-16T19:48:13.907843,prediction,-0.021933,0.625000,0.074418,True,-0.019488,0.592575,0.084961,0.002445,0.032425,0.010542,4.16,20,0.008957,0.823649,0.468078,0.021378,0.024429,0.087266,0.000000,0.061949,0.021375,0.027860,-0.404460,0.321542,-0.064672,-0.045984,-0.029888
1781614093939339995,2026-06-16T19:48:13.939360,prediction,-0.022333,0.616000,0.071304,True,-0.017554,0.590090,0.082731,0.004778,0.025910,0.011427,4.07,20,0.009291,0.828298,0.465664,0.016138,0.003051,0.046246,0.000000,0.043193,0.016137,0.021280,-0.435120,0.304029,-0.064064,-0.046144,-0.030176
1781614093974055167,2026-06-16T19:48:13.974068,prediction,-0.024729,0.625000,0.071619,True,-0.023239,0.591736,0.081314,0.001490,0.033263,0.009695,3.75,20,0.009291,0.828298,0.465664,0.013087,0.005233,0.018759,0.000000,0.029665,0.010898,0.034020,-0.642320,0.281453,-0.063680,-0.043200,-0.030336
1781614094004091673,2026-06-16T19:48:14.004107,prediction,-0.025143,0.616000,0.071304,True,-0.023092,0.588831,0.082548,0.002051,0.027169,0.011244,3.89,20,0.009291,0.828298,0.465664,0.007853,0.029231,0.022246,0.000000,0.005228,0.008289,0.034300,-0.727440,0.111801,-0.063072,-0.038240,-0.030464
1781614094037064182,2026-06-16T19:48:14.037079,prediction,-0.024499,0.630000,0.069002,True,-0.026897,0.595651,0.080042,0.002398,0.034349,0.011040,4.55,20,0.009853,0.833948,0.463136,0.003051,0.044069,0.055414,0.000000,0.002609,0.005228,0.019460,-0.786380,0.069139,-0.062784,0.000128,-0.027840
1781614094076601879,2026-06-16T19:48:14.076623,prediction,-0.024729,0.625000,0.068819,True,-0.027173,0.591798,0.079779,0.002444,0.033202,0.010960,4.21,20,0.010357,0.837578,0.461553,0.000000,0.061958,0.100352,0.000000,0.043193,0.002609,-0.060760,-0.729960,0.055942,-0.062560,0.041984,-0.016992
1781614094105587681,2026-06-16T19:48:14.105606,prediction,-0.024913,0.621000,0.068673,True,-0.029956,0.590651,0.079717,0.005043,0.030349,0.011044,4.41,20,0.010357,0.837578,0.461553,0.005233,0.066754,0.118679,0.000000,0.056721,0.003051,-0.123620,-0.687260,0.047974,-0.062560,0.044032,0.013920
1781614094142633459,2026-06-16T19:48:14.142653,prediction,-0.024729,0.625000,0.068819,True,-0.032215,0.590761,0.079190,0.007486,0.034239,0.010371,4.16,20,0.011804,0.841062,0.460153,0.011780,0.063703,0.130025,0.000000,0.064568,0.013086,-0.133280,-0.705180,0.066566,-0.063008,0.051712,0.024896
1781614094175353400,2026-06-16T19:48:14.175368,prediction,-0.024729,0.625000,0.066020,True,-0.030049,0.594316,0.076391,0.005321,0.030684,0.010371,4.41,20,0.011804,0.841062,0.460153,0.011780,0.063703,0.130025,0.000000,0.064568,0.013086,-0.133280,-0.705180,0.066566,-0.063008,0.051712,0.024896
1781614094208181924,2026-06-16T19:48:14.208198,prediction,-0.024913,0.621000,0.065867,True,-0.030817,0.595837,0.075615,0.005904,0.025163,0.009748,4.51,20,0.013490,0.843414,0.458880,0.011780,0.063703,0.130025,0.000000,0.064568,0.013086,-0.133280,-0.705180,0.066566,-0.063008,0.051712,0.024896
1781614094243341906,2026-06-16T19:48:14.243357,prediction,-0.024499,0.630000,0.066211,True,-0.030270,0.598208,0.075751,0.005772,0.031792,0.009540,4.40,20,0.013490,0.843414,0.458880,0.011780,0.063703,0.130025,0.000000,0.064568,0.013086,-0.133280,-0.705180,0.066566,-0.063008,0.051712,0.024896
1781614094271299979,2026-06-16T19:48:14.271317,prediction,-0.025373,0.611000,0.065484,True,-0.029132,0.597989,0.074158,0.003759,0.013011,0.008675,3.98,20,0.015339,0.844408,0.457434,0.014394,0.060645,0.133951,0.000000,0.072857,0.016137,-0.139160,-0.707420,0.049053,-0.063168,0.050880,0.025952
1781614094307574918,2026-06-16T19:48:14.307595,prediction,-0.025373,0.611000,0.065484,True,-0.032104,0.601675,0.071919,0.006731,0.009325,0.006436,4.09,20,0.015339,0.844408,0.457434,0.017889,0.001744,0.052358,0.000000,0.058898,0.021375,-0.148120,-0.500220,0.116449,-0.069184,0.045024,0.027904
1781614094338023081,2026-06-16T19:48:14.338037,prediction,-0.024913,0.621000,0.065867,True,-0.031767,0.609675,0.071718,0.006854,0.011325,0.005851,3.97,20,0.016306,0.846382,0.455855,0.014394,0.032720,0.005234,0.000000,0.040573,0.016137,-0.148680,-0.327040,0.133796,-0.070400,0.039584,0.029664
1781614094381016459,2026-06-16T19:48:14.381033,prediction,-0.025603,0.606000,0.065292,True,-0.028872,0.608854,0.072643,0.003269,0.002854,0.007351,4.28,20,0.016306,0.846382,0.455855,0.013087,0.054105,0.018759,0.000000,0.029665,0.010467,-0.132020,-0.313320,0.314321,-0.070240,0.036960,0.026560
1781614094411526136,2026-06-16T19:48:14.411541,prediction,-0.024913,0.621000,0.065867,True,-0.030401,0.609769,0.072076,0.005488,0.011231,0.006209,4.23,20,0.017722,0.848667,0.454521,0.008285,0.073301,0.052358,0.000000,0.016137,0.005228,-0.126980,-0.333480,0.371591,-0.070528,0.039296,0.028064
1781614094446141157,2026-06-16T19:48:14.446162,prediction,-0.025603,0.606000,0.062461,True,-0.029745,0.604273,0.070588,0.004142,0.001727,0.008127,4.25,20,0.017722,0.848667,0.454521,0.003051,0.088139,0.078098,0.000000,0.007847,0.002609,-0.124880,-0.339640,0.375326,-0.069792,0.037408,0.026944
1781614094485351388,2026-06-16T19:48:14.485374,prediction,-0.025143,0.616000,0.062861,True,-0.032929,0.609483,0.070673,0.007786,0.006517,0.007813,5.01,20,0.019134,0.851304,0.452905,0.000000,0.101225,0.107772,0.000000,0.002609,0.000000,-0.065100,-0.313600,0.385701,-0.069472,0.018048,0.013600
1781614094523294115,2026-06-16T19:48:14.523318,prediction,-0.024913,0.621000,0.063060,True,-0.031066,0.611244,0.072067,0.006153,0.009756,0.009006,5.04,20,0.019134,0.851304,0.452905,0.003489,0.111261,0.128278,0.000000,0.007847,0.002609,0.006440,-0.292880,0.384954,-0.069024,-0.037248,-0.016544
1781614094560632114,2026-06-16T19:48:14.560655,prediction,-0.024913,0.621000,0.060254,True,-0.029421,0.609366,0.070253,0.004509,0.011634,0.009999,4.95,20,0.020310,0.853892,0.451475,0.008285,0.117808,0.139185,0.000000,0.023995,0.010898,0.035000,-0.320460,0.368686,-0.068416,-0.045824,-0.026784
1781614094592906888,2026-06-16T19:48:14.592922,prediction,-0.024913,0.621000,0.060254,True,-0.029376,0.603623,0.069615,0.004463,0.017377,0.009361,4.56,20,0.020310,0.853892,0.451475,0.008285,0.114319,0.137438,0.000000,0.024426,0.010467,0.016660,-0.340620,0.378812,-0.068352,-0.046080,-0.028160
1781614094628004121,2026-06-16T19:48:14.628025,prediction,-0.021711,0.630000,0.060628,True,-0.025701,0.611623,0.070196,0.003990,0.018377,0.009568,4.52,20,0.020282,0.856410,0.450060,0.006540,0.109517,0.135698,0.000000,0.026614,0.008289,0.012320,-0.361760,0.354410,-0.068064,-0.045472,-0.026336
1781614094660254599,2026-06-16T19:48:14.660281,prediction,-0.022111,0.621000,0.060254,True,-0.023191,0.606067,0.069943,0.001080,0.014933,0.009689,4.92,20,0.020282,0.856410,0.450060,0.003051,0.104714,0.130025,0.000000,0.027045,0.005228,0.008260,-0.372260,0.363457,-0.067744,-0.042592,-0.025824
1781614094690439964,2026-06-16T19:48:14.690464,prediction,-0.021312,0.639000,0.058226,True,-0.022706,0.614067,0.066904,0.001394,0.024933,0.008678,4.46,20,0.018896,0.858547,0.448856,0.001744,0.099919,0.123044,0.000000,0.024426,0.002609,0.013020,-0.384300,0.353912,-0.067296,-0.043808,-0.026880
1781614094756166449,2026-06-16T19:48:14.756190,prediction,-0.021312,0.639000,0.058226,True,-0.019578,0.617656,0.066966,0.001733,0.021344,0.008740,5.24,20,0.018954,0.860046,0.448327,0.001744,0.099919,0.123044,0.000000,0.024426,0.002609,0.013020,-0.384300,0.353912,-0.067296,-0.043808,-0.026880
1781614094792872651,2026-06-16T19:48:14.792896,prediction,-0.021489,0.635000,0.058053,True,-0.017806,0.614144,0.067119,0.003683,0.020856,0.009066,5.01,20,0.018954,0.860046,0.448327,0.001744,0.099919,0.123044,0.000000,0.024426,0.002609,0.013020,-0.384300,0.353912,-0.067296,-0.043808,-0.026880
1781614094828688491,2026-06-16T19:48:14.828706,prediction,-0.021711,0.630000,0.057837,True,-0.017635,0.611118,0.065791,0.004076,0.018882,0.007954,5.28,20,0.016951,0.862150,0.447275,0.001744,0.099919,0.123044,0.000000,0.024426,0.002609,0.013020,-0.384300,0.353912,-0.067296,-0.043808,-0.026880
1781614094868621995,2026-06-16T19:48:14.868645,prediction,-0.021090,0.644000,0.055674,True,-0.019145,0.619118,0.062584,0.001945,0.024882,0.006911,5.65,20,0.016951,0.862150,0.447275,0.000000,0.091190,0.115185,0.000000,0.023995,0.000000,-0.021980,-0.374780,0.348019,-0.066400,-0.041472,-0.018720
1781614094901301148,2026-06-16T19:48:14.901316,prediction,-0.021312,0.639000,0.055449,True,-0.016508,0.620179,0.062404,0.004804,0.018821,0.006955,4.94,20,0.015214,0.864483,0.445964,0.019634,0.052354,0.051919,0.000000,0.000000,0.021807,-0.145040,-0.386540,0.324779,-0.062624,-0.039520,0.029728
1781614094932987529,2026-06-16T19:48:14.933003,prediction,-0.021489,0.635000,0.055270,True,-0.016423,0.619944,0.062475,0.005066,0.015056,0.007205,4.82,20,0.015214,0.864483,0.445964,0.017889,0.050609,0.050172,0.000000,0.000000,0.018756,-0.156240,-0.381920,0.329759,-0.062464,-0.033728,0.029728
1781614094964280250,2026-06-16T19:48:14.964296,prediction,-0.021711,0.630000,0.055046,True,-0.017834,0.614754,0.061012,0.003878,0.015246,0.005967,4.78,20,0.013249,0.866375,0.444619,0.016576,0.052354,0.051919,0.000000,0.000000,0.019198,-0.173180,-0.375900,0.335486,-0.062624,-0.024224,0.028832
1781614094996642733,2026-06-16T19:48:14.996665,prediction,-0.023624,0.649000,0.055898,True,-0.020607,0.622754,0.060079,0.003017,0.026246,0.004181,5.04,20,0.013249,0.866375,0.444619,0.016138,0.055412,0.054098,0.000000,0.000000,0.018756,-0.172340,-0.389340,0.348351,-0.062624,-0.023328,0.029568
1781614095032263086,2026-06-16T19:48:15.032288,prediction,-0.024084,0.639000,0.052673,True,-0.019334,0.630754,0.058552,0.004750,0.008246,0.005880,4.84,20,0.011845,0.867815,0.442906,0.014831,0.057156,0.063265,0.000000,0.003051,0.013086,-0.161420,-0.386540,0.342375,-0.062176,-0.037792,0.031456
1781614095064850563,2026-06-16T19:48:15.064870,prediction,-0.023210,0.658000,0.053556,True,-0.021708,0.638754,0.059413,0.001502,0.019246,0.005856,4.73,20,0.011845,0.867815,0.442906,0.012649,0.058901,0.067191,0.000000,0.002609,0.013517,-0.157780,-0.370440,0.334241,-0.061568,-0.049440,0.031168
1781614095096256635,2026-06-16T19:48:15.096272,prediction,-0.022381,0.676000,0.054393,True,-0.022673,0.646754,0.059753,0.000292,0.029246,0.005360,4.39,20,0.010435,0.870125,0.441501,0.013087,0.060645,0.068938,0.000000,0.007847,0.013517,-0.148400,-0.388360,0.343703,-0.061280,-0.041248,0.030720
1781614095130892613,2026-06-16T19:48:15.130910,prediction,-0.023440,0.653000,0.050570,True,-0.018818,0.650739,0.058164,0.004622,0.002261,0.007594,4.32,20,0.010435,0.870125,0.441501,0.013087,0.060645,0.068938,0.000000,0.007847,0.013517,-0.148400,-0.388360,0.343703,-0.061280,-0.041248,0.030720
1781614095162639672,2026-06-16T19:48:15.162657,prediction,-0.023440,0.653000,0.050570,True,-0.023238,0.656536,0.056090,0.000202,0.003536,0.005519,4.57,20,0.009656,0.873924,0.440380,0.013087,0.060645,0.068938,0.000000,0.007847,0.013517,-0.148400,-0.388360,0.343703,-0.061280,-0.041248,0.030720
1781614095193184924,2026-06-16T19:48:15.193201,prediction,-0.023026,0.662000,0.051003,True,-0.022726,0.664536,0.057272,0.000300,0.002536,0.006269,4.37,20,0.009656,0.873924,0.440380,0.009598,0.061958,0.070686,0.000000,0.007847,0.010898,-0.151900,-0.381500,0.340632,-0.061120,-0.040800,0.030336
1781614095227780203,2026-06-16T19:48:15.227795,prediction,-0.023026,0.662000,0.051003,True,-0.020651,0.672536,0.057463,0.002375,0.010536,0.006459,4.59,20,0.009548,0.878788,0.438907,0.001744,0.058901,0.068500,0.000000,0.010467,0.002609,-0.033740,-0.379120,0.340466,-0.059616,-0.040640,-0.005920
1781614095256420332,2026-06-16T19:48:15.256441,prediction,-0.025952,0.658000,0.048065,True,-0.020517,0.670485,0.054627,0.005435,0.012485,0.006562,4.47,20,0.009548,0.878788,0.438907,0.008285,0.057156,0.068938,0.000000,0.010467,0.008289,0.018480,-0.400400,0.345612,-0.058880,-0.042240,-0.021664
1781614095291329502,2026-06-16T19:48:15.291349,prediction,-0.025761,0.662000,0.048265,True,-0.022222,0.675027,0.054781,0.003538,0.013027,0.006517,4.47,20,0.009481,0.884623,0.437674,0.014831,0.052354,0.063265,0.000000,0.013517,0.016137,0.045500,-0.394240,0.330008,-0.058720,-0.043040,-0.024544
1781614095321473553,2026-06-16T19:48:15.321494,prediction,-0.025094,0.676000,0.048962,True,-0.023867,0.683027,0.055045,0.001226,0.007027,0.006083,4.43,20,0.009481,0.884623,0.437674,0.017889,0.050609,0.061518,0.000000,0.010898,0.016137,0.047740,-0.381220,0.334407,-0.058400,-0.043808,-0.028000
1781614095352738905,2026-06-16T19:48:15.352759,prediction,-0.026619,0.644000,0.044600,True,-0.021862,0.689477,0.053128,0.004757,0.045477,0.008528,4.54,20,0.009939,0.891215,0.436364,0.022685,0.050609,0.061518,0.000000,0.013086,0.021807,0.032480,-0.407540,0.344035,-0.057824,-0.044640,-0.030400
1781614095384723459,2026-06-16T19:48:15.384737,prediction,-0.026190,0.653000,0.045063,True,-0.029491,0.692712,0.051283,0.003301,0.039712,0.006220,4.71,20,0.009939,0.891215,0.436364,0.027925,0.048865,0.059340,0.000000,0.010898,0.029665,0.036540,-0.398580,0.339470,-0.057216,-0.046144,-0.031008
1781614095417037245,2026-06-16T19:48:15.417057,prediction,-0.028052,0.671000,0.043265,True,-0.032161,0.700712,0.050028,0.004109,0.029712,0.006763,4.52,20,0.010695,0.898578,0.435162,0.029231,0.049303,0.059340,0.000000,0.010467,0.029665,0.044520,-0.387800,0.341296,-0.056448,-0.043520,-0.032512
1781614095450830878,2026-06-16T19:48:15.450848,prediction,-0.028052,0.671000,0.043265,True,-0.025529,0.702238,0.051501,0.002523,0.031238,0.008236,4.53,20,0.010695,0.898578,0.435162,0.034465,0.050609,0.057592,0.000000,0.010467,0.032284,0.049280,-0.409080,0.342375,-0.056000,-0.044704,-0.034080
1781614095485286286,2026-06-16T19:48:15.485308,prediction,-0.027806,0.676000,0.040814,True,-0.023642,0.700525,0.049623,0.004164,0.024525,0.008809,4.54,20,0.011809,0.906687,0.433936,0.034034,0.049303,0.057592,0.000000,0.008289,0.034903,0.046760,-0.403900,0.335818,-0.055712,-0.043040,-0.033568
1781614095514508540,2026-06-16T19:48:15.514531,prediction,-0.028693,0.658000,0.039829,True,-0.023163,0.692525,0.049747,0.005531,0.034525,0.009918,4.27,20,0.011809,0.906687,0.433936,0.035778,0.050609,0.055845,0.000000,0.005228,0.034903,0.034720,-0.409780,0.329427,-0.055840,-0.042464,-0.032128
1781614095542556556,2026-06-16T19:48:15.542574,prediction,-0.028052,0.671000,0.037817,True,-0.027815,0.697943,0.046891,0.000237,0.026943,0.009074,4.02,20,0.012520,0.915481,0.432764,0.037523,0.052354,0.054098,0.000000,0.000000,0.037523,0.044240,-0.408520,0.332249,-0.055840,-0.043744,-0.034464
1781614095572099669,2026-06-16T19:48:15.572121,prediction,-0.027806,0.676000,0.038098,True,-0.024837,0.693670,0.047616,0.002968,0.017670,0.009518,3.86,20,0.012520,0.915481,0.432764,0.035778,0.052354,0.055845,0.000000,0.002609,0.037954,0.054180,-0.404180,0.333245,-0.055840,-0.045472,-0.033728
1781614095615305454,2026-06-16T19:48:15.615381,prediction,-0.027362,0.685000,0.035905,True,-0.023558,0.692216,0.046771,0.003804,0.007216,0.010866,4.33,20,0.013158,0.924196,0.431344,0.034465,0.053667,0.055414,0.000000,0.000000,0.035335,0.050120,-0.396480,0.339055,-0.055840,-0.045696,-0.031616
1781614095647611061,2026-06-16T19:48:15.647626,prediction,-0.028052,0.671000,0.032369,True,-0.023182,0.684216,0.044152,0.004870,0.013217,0.011783,4.48,20,0.013158,0.924196,0.431344,0.032283,0.060207,0.066752,0.000000,0.008289,0.032284,0.041160,-0.383460,0.348019,-0.055936,-0.043808,-0.031072
1781614095678743504,2026-06-16T19:48:15.678763,prediction,-0.028052,0.671000,0.032369,True,-0.025197,0.681903,0.042871,0.002855,0.010903,0.010503,4.61,20,0.013669,0.932205,0.429737,0.031414,0.063703,0.078098,0.000000,0.013517,0.029665,0.016100,-0.369180,0.348185,-0.056832,-0.041984,-0.033632
1781614095710174797,2026-06-16T19:48:15.710209,prediction,-0.028052,0.671000,0.032369,True,-0.027024,0.682703,0.041976,0.001028,0.011703,0.009607,4.91,20,0.013669,0.932205,0.429737,0.030976,0.068936,0.083771,0.000000,0.016579,0.029665,0.029400,-0.374080,0.356983,-0.057216,-0.043872,-0.035136
1781614095742897535,2026-06-16T19:48:15.742919,prediction,-0.027806,0.676000,0.032667,True,-0.024791,0.679280,0.042433,0.003014,0.003280,0.009766,4.40,20,0.014324,0.938733,0.427588,0.027925,0.080279,0.111698,0.000000,0.032715,0.027045,0.039900,-0.379400,0.363125,-0.058336,-0.044928,-0.032896
1781614095776520452,2026-06-16T19:48:15.776540,prediction,-0.027362,0.685000,0.033204,True,-0.025366,0.676921,0.041566,0.001996,0.008079,0.008363,4.27,20,0.014324,0.938733,0.427588,0.024429,0.089883,0.135698,0.000000,0.043193,0.024426,0.043680,-0.358540,0.370761,-0.059104,-0.047584,-0.032896
1781614095807370040,2026-06-16T19:48:15.807385,prediction,-0.027806,0.676000,0.032667,True,-0.024713,0.669145,0.041609,0.003093,0.006854,0.008942,4.80,20,0.015075,0.943149,0.425062,0.023122,0.097736,0.150531,0.000000,0.054101,0.021375,0.039340,-0.365120,0.365698,-0.059552,-0.048640,-0.032512
1781614095841388034,2026-06-16T19:48:15.841403,prediction,-0.027608,0.680000,0.030196,True,-0.027819,0.668553,0.038730,0.000210,0.011447,0.008534,4.27,20,0.015075,0.943149,0.425062,0.021378,0.107772,0.172785,0.000000,0.064568,0.021375,0.039620,-0.359800,0.377733,-0.060736,-0.054432,-0.030464
1781614095875374818,2026-06-16T19:48:15.875392,prediction,-0.025094,0.676000,0.029951,True,-0.025336,0.663966,0.039296,0.000242,0.012034,0.009345,4.02,20,0.015833,0.945337,0.422274,0.019634,0.119552,0.195477,0.000000,0.078096,0.016137,0.039900,-0.369460,0.392756,-0.061344,-0.053984,-0.031744
1781614095905724641,2026-06-16T19:48:15.905743,prediction,-0.024903,0.680000,0.030196,True,-0.026772,0.661597,0.039225,0.001869,0.018403,0.009029,4.40,20,0.015833,0.945337,0.422274,0.016138,0.127406,0.215544,0.000000,0.089005,0.016137,0.042420,-0.372260,0.397570,-0.061952,-0.054496,-0.030720
1781614095942410238,2026-06-16T19:48:15.942429,prediction,-0.025523,0.667000,0.032130,True,-0.027602,0.653597,0.041528,0.002079,0.013403,0.009398,4.39,20,0.016133,0.945451,0.420052,0.014831,0.133952,0.228637,0.000000,0.094244,0.016137,0.037800,-0.378140,0.404791,-0.063008,-0.055552,-0.031232
1781614095979169836,2026-06-16T19:48:15.979188,prediction,-0.024283,0.693000,0.033681,True,-0.028599,0.661597,0.041860,0.004315,0.031403,0.008179,4.34,20,0.016133,0.945451,0.420052,0.013087,0.141806,0.245217,0.000000,0.104710,0.013517,0.048300,-0.367220,0.412842,-0.063744,-0.053216,-0.032800
1781614096015773222,2026-06-16T19:48:16.015790,prediction,-0.021599,0.693000,0.030993,True,-0.023885,0.662942,0.041282,0.002286,0.030058,0.010289,4.15,20,0.016207,0.943473,0.418530,0.013087,0.147039,0.260489,0.000000,0.107772,0.010898,0.039060,-0.335020,0.403712,-0.065568,-0.058272,-0.034080
1781614096047880795,2026-06-16T19:48:16.047896,prediction,-0.021967,0.685000,0.030503,True,-0.021353,0.662203,0.042127,0.000614,0.022797,0.011624,4.20,20,0.016207,0.943473,0.418530,0.013087,0.147039,0.260489,0.000000,0.107772,0.010898,0.039060,-0.335020,0.403712,-0.065568,-0.058272,-0.034080
1781614096078901322,2026-06-16T19:48:16.078921,prediction,-0.021369,0.698000,0.031299,True,-0.022247,0.669917,0.042590,0.000878,0.028083,0.011291,3.69,20,0.016014,0.939386,0.417721,0.013087,0.147039,0.260489,0.000000,0.107772,0.010898,0.039060,-0.335020,0.403712,-0.065568,-0.058272,-0.034080
1781614096106505559,2026-06-16T19:48:16.106527,prediction,-0.021599,0.693000,0.030993,True,-0.018932,0.674253,0.043701,0.002667,0.018747,0.012708,4.01,20,0.016014,0.939386,0.417721,0.013087,0.147039,0.260489,0.000000,0.107772,0.010898,0.039060,-0.335020,0.403712,-0.065568,-0.058272,-0.034080
1781614096137838794,2026-06-16T19:48:16.137852,prediction,-0.021599,0.693000,0.030993,True,-0.016675,0.669440,0.042769,0.004925,0.023560,0.011776,4.06,20,0.016014,0.939386,0.417721,0.013087,0.147039,0.260489,0.000000,0.107772,0.010898,0.039060,-0.335020,0.403712,-0.065568,-0.058272,-0.034080
1781614096176594591,2026-06-16T19:48:16.176609,prediction,-0.021185,0.702000,0.031545,True,-0.015799,0.675034,0.043811,0.005386,0.026966,0.012266,4.11,20,0.015455,0.933278,0.417726,0.013087,0.147039,0.260489,0.000000,0.107772,0.010898,0.039060,-0.335020,0.403712,-0.065568,-0.058272,-0.034080
1781614096209211381,2026-06-16T19:48:16.209231,prediction,-0.021185,0.702000,0.028871,True,-0.016175,0.677772,0.042357,0.005010,0.024228,0.013485,4.14,20,0.014148,0.926959,0.418387,0.011780,0.153586,0.265723,0.000000,0.113000,0.010898,0.040180,-0.345520,0.418320,-0.065728,-0.056672,-0.034912
1781614096252552830,2026-06-16T19:48:16.252573,prediction,-0.021185,0.702000,0.028871,True,-0.015692,0.681046,0.042385,0.005493,0.020954,0.013513,4.39,20,0.014148,0.926959,0.418387,0.011780,0.153586,0.265723,0.000000,0.113000,0.010898,0.040180,-0.345520,0.418320,-0.065728,-0.056672,-0.034912
1781614096286357841,2026-06-16T19:48:16.286378,prediction,-0.021369,0.698000,0.028620,True,-0.014827,0.678398,0.041832,0.006542,0.019602,0.013213,4.21,20,0.012259,0.922756,0.418761,0.011780,0.153586,0.265723,0.000000,0.113000,0.010898,0.040180,-0.345520,0.418320,-0.065728,-0.056672,-0.034912
1781614096313870116,2026-06-16T19:48:16.313889,prediction,-0.021185,0.702000,0.028871,True,-0.018196,0.683629,0.040717,0.002989,0.018371,0.011846,4.25,20,0.012259,0.922756,0.418761,0.010029,0.158388,0.267471,0.000000,0.107772,0.010898,0.033040,-0.400820,0.379476,-0.067296,-0.054336,-0.032448
1781614096347662106,2026-06-16T19:48:16.347689,prediction,-0.020771,0.711000,0.026780,True,-0.018066,0.691629,0.038239,0.002705,0.019371,0.011459,4.19,20,0.010233,0.920768,0.418899,0.010029,0.150528,0.243470,0.000000,0.094675,0.010898,0.009800,-0.417760,0.384456,-0.066688,-0.050208,-0.030944
1781614096382357467,2026-06-16T19:48:16.382378,prediction,-0.020771,0.711000,0.026780,True,-0.016010,0.693554,0.038174,0.004761,0.017446,0.011394,4.26,20,0.010233,0.920768,0.418899,0.006540,0.130895,0.197216,0.000000,0.065010,0.005228,0.026880,-0.449400,0.363872,-0.066400,-0.046880,-0.029120
1781614096420495393,2026-06-16T19:48:16.420517,prediction,-0.020771,0.711000,0.026780,True,-0.017610,0.696686,0.037770,0.003161,0.014314,0.010991,4.24,20,0.008742,0.920920,0.418885,0.003051,0.116063,0.163624,0.000000,0.045812,0.002609,0.029680,-0.474180,0.353912,-0.066464,-0.047040,-0.029280
1781614096450342786,2026-06-16T19:48:16.450366,prediction,-0.020771,0.711000,0.026780,True,-0.018302,0.699483,0.036484,0.002468,0.011517,0.009705,4.04,20,0.008742,0.920920,0.418885,0.001744,0.099481,0.128278,0.000000,0.027045,0.000000,0.032200,-0.479220,0.344616,-0.066464,-0.043040,-0.028608
1781614096490626821,2026-06-16T19:48:16.490660,prediction,-0.021001,0.706000,0.026457,True,-0.018498,0.701800,0.034986,0.002503,0.004200,0.008530,4.11,20,0.007736,0.923251,0.418680,0.000000,0.078534,0.087266,0.000000,0.005228,0.002609,0.016100,-0.476420,0.323949,-0.066176,-0.041312,-0.023168
1781614096529662081,2026-06-16T19:48:16.529680,prediction,-0.020586,0.715000,0.027038,True,-0.019215,0.706860,0.034566,0.001371,0.008140,0.007528,4.34,20,0.007736,0.923251,0.418680,0.000000,0.045814,0.018759,0.000000,0.013517,0.000000,-0.106540,-0.511700,0.300709,-0.066304,0.057600,0.006016
1781614096571355303,2026-06-16T19:48:16.571375,prediction,-0.020771,0.711000,0.026780,True,-0.019174,0.709509,0.035235,0.001597,0.001491,0.008456,4.42,20,0.007147,0.927756,0.418155,0.004796,0.019634,0.023993,0.000000,0.053659,0.005228,-0.151900,-0.538720,0.129978,-0.066624,0.044864,0.026048
1781614096601159413,2026-06-16T19:48:16.601180,prediction,-0.020218,0.723000,0.027554,True,-0.020030,0.713181,0.034434,0.000188,0.009819,0.006879,4.45,20,0.007147,0.927756,0.418155,0.006540,0.000000,0.059771,0.000000,0.061949,0.008289,-0.164920,-0.609700,0.077439,-0.067232,0.048928,0.025888
1781614096630831835,2026-06-16T19:48:16.630849,prediction,-0.020771,0.711000,0.024121,True,-0.019470,0.715747,0.031788,0.001300,0.004747,0.007666,4.50,20,0.007037,0.934413,0.417198,0.006540,0.024867,0.106025,0.000000,0.078096,0.008289,-0.169820,-0.826700,0.055942,-0.067680,0.048480,0.023616
1781614096664561588,2026-06-16T19:48:16.664577,prediction,-0.020586,0.715000,0.024386,True,-0.022738,0.722980,0.031286,0.002151,0.007980,0.006900,4.08,20,0.007037,0.934413,0.417198,0.005233,0.044069,0.139185,0.000000,0.088574,0.005228,-0.158620,-0.906640,0.055361,-0.068288,0.051040,0.026496
1781614096698043749,2026-06-16T19:48:16.698064,prediction,-0.020586,0.715000,0.024386,True,-0.022525,0.724083,0.031627,0.001939,0.009083,0.007240,4.22,20,0.007450,0.941578,0.415701,0.004796,0.060645,0.167550,0.000000,0.099914,0.002609,-0.155260,-0.901740,0.056772,-0.068736,0.047808,0.025600
1781614096729457727,2026-06-16T19:48:16.729472,prediction,-0.020218,0.723000,0.022277,True,-0.022576,0.731777,0.029332,0.002358,0.008777,0.007054,4.18,20,0.007450,0.941578,0.415701,0.004796,0.060645,0.167550,0.000000,0.099914,0.002609,-0.155260,-0.901740,0.056772,-0.068736,0.047808,0.025600
1781614096760189064,2026-06-16T19:48:16.760204,prediction,-0.022424,0.732000,0.017640,True,-0.024597,0.738320,0.025085,0.002172,0.006320,0.007445,4.87,20,0.008165,0.948607,0.414029,0.004796,0.060645,0.167550,0.000000,0.099914,0.002609,-0.155260,-0.901740,0.056772,-0.068736,0.047808,0.025600
1781614096786823384,2026-06-16T19:48:16.786844,prediction,-0.023044,0.719000,0.016716,True,-0.022581,0.731574,0.025108,0.000463,0.012574,0.008392,4.21,20,0.008165,0.948607,0.414029,0.004796,0.060645,0.167550,0.000000,0.099914,0.002609,-0.155260,-0.901740,0.056772,-0.068736,0.047808,0.025600
1781614096816173797,2026-06-16T19:48:16.816191,prediction,-0.022424,0.732000,0.017640,True,-0.027480,0.739198,0.024467,0.005055,0.007198,0.006826,4.41,20,0.009114,0.955604,0.412009,0.004796,0.060645,0.167550,0.000000,0.099914,0.002609,-0.155260,-0.901740,0.056772,-0.068736,0.047808,0.025600
1781614096846320537,2026-06-16T19:48:16.846340,prediction,-0.022424,0.732000,0.015017,True,-0.027652,0.741293,0.022676,0.005228,0.009293,0.007659,4.33,20,0.009114,0.955604,0.412009,0.004796,0.060645,0.167550,0.000000,0.099914,0.002609,-0.155260,-0.901740,0.056772,-0.068736,0.047808,0.025600
1781614096874166051,2026-06-16T19:48:16.874187,prediction,-0.022662,0.727000,0.014653,True,-0.026597,0.736648,0.021913,0.003935,0.009648,0.007260,4.26,20,0.010220,0.962694,0.409986,0.003051,0.068936,0.176710,0.000000,0.102533,0.002609,-0.152740,-0.883400,0.035441,-0.068864,0.050048,0.025600
1781614096911087440,2026-06-16T19:48:16.911107,prediction,-0.021852,0.744000,0.015890,True,-0.027875,0.743728,0.022832,0.006022,0.000272,0.006942,4.32,20,0.010220,0.962694,0.409986,0.016138,0.086388,0.167112,0.000000,0.083335,0.018756,0.064680,-0.786660,0.080178,-0.076256,0.041408,-0.028960
1781614096955319516,2026-06-16T19:48:16.955355,prediction,-0.027257,0.740000,0.010378,True,-0.028985,0.743938,0.020817,0.001728,0.003938,0.010440,5.04,20,0.011522,0.969570,0.407884,0.021378,0.047120,0.092931,0.000000,0.045812,0.021807,0.072520,-0.724080,0.114706,-0.078080,0.036864,-0.031616
1781614096989706789,2026-06-16T19:48:16.989728,prediction,-0.027257,0.740000,0.010378,True,-0.028290,0.744630,0.020150,0.001033,0.004630,0.009773,4.36,20,0.011522,0.969570,0.407884,0.023122,0.001744,0.003487,0.000000,0.002609,0.024426,0.061600,-0.510160,0.361963,-0.079712,0.002304,-0.033408
1781614097020569588,2026-06-16T19:48:17.020589,prediction,-0.027257,0.740000,0.010378,True,-0.027792,0.744837,0.020215,0.000536,0.004838,0.009837,4.98,20,0.012911,0.976245,0.405747,0.023122,0.016138,0.039265,0.000000,0.008289,0.024426,0.074340,-0.446040,0.367275,-0.080032,-0.030784,-0.031232
1781614097054347999,2026-06-16T19:48:17.054368,prediction,-0.027257,0.740000,0.007767,True,-0.029509,0.745828,0.018008,0.002252,0.005828,0.010241,4.29,20,0.012911,0.976245,0.405747,0.024429,0.042318,0.087266,0.000000,0.045812,0.024426,0.057960,-0.383460,0.378812,-0.080032,-0.054112,-0.032576
1781614097084793287,2026-06-16T19:48:17.084815,prediction,-0.024847,0.736000,0.007456,True,-0.027231,0.743570,0.017272,0.002384,0.007570,0.009816,4.52,20,0.014283,0.982459,0.403529,0.023122,0.083336,0.161877,0.000000,0.078096,0.021807,0.053900,-0.355460,0.402882,-0.079264,-0.057120,-0.031232
1781614097118783141,2026-06-16T19:48:17.118807,prediction,-0.024453,0.744000,0.008078,True,-0.028626,0.745355,0.016907,0.004173,0.001355,0.008829,4.45,20,0.014283,0.982459,0.403529,0.022685,0.094679,0.178458,0.000000,0.083335,0.021375,0.066920,-0.362600,0.404376,-0.079264,-0.056320,-0.031456
1781614097149929603,2026-06-16T19:48:17.149959,prediction,-0.024847,0.736000,0.007456,True,-0.028767,0.743354,0.016976,0.003920,0.007354,0.009520,4.32,20,0.015575,0.988070,0.401172,0.019634,0.123917,0.224704,0.000000,0.102533,0.018756,0.071260,-0.391160,0.414087,-0.079264,-0.059232,-0.033344
1781614097179899033,2026-06-16T19:48:17.179916,prediction,-0.021852,0.744000,0.010682,True,-0.027518,0.747836,0.018635,0.005666,0.003836,0.007953,4.28,20,0.015575,0.988070,0.401172,0.017889,0.133952,0.239976,0.000000,0.107772,0.018756,0.061880,-0.390180,0.413672,-0.079104,-0.058944,-0.032512
1781614097212236697,2026-06-16T19:48:17.212254,prediction,-0.022233,0.736000,0.010073,True,-0.026863,0.746912,0.018326,0.004629,0.010912,0.008253,4.24,20,0.016606,0.992804,0.398895,0.014831,0.147039,0.261798,0.000000,0.113000,0.016137,0.065380,-0.379960,0.408692,-0.079104,-0.061952,-0.032896
1781614097240351636,2026-06-16T19:48:17.240381,prediction,-0.022043,0.740000,0.010378,True,-0.024930,0.739600,0.009302,0.002887,0.000400,0.001075,0.00,20,0.016606,0.992804,0.398895,0.014831,0.150097,0.265723,0.000000,0.118238,0.016137,0.059500,-0.388080,0.409190,-0.079264,-0.057824,-0.032672
1781614097269817812,2026-06-16T19:48:17.269836,prediction,-0.021661,0.748000,0.010986,True,-0.024930,0.739600,0.009302,0.003269,0.008400,0.001684,0.00,20,0.016606,0.992804,0.398895,0.013087,0.152279,0.271396,0.000000,0.118680,0.013517,0.062580,-0.380660,0.410103,-0.079104,-0.058944,-0.031744
1781614097304065863,2026-06-16T19:48:17.304085,prediction,-0.019620,0.736000,0.010073,True,-0.024930,0.739600,0.009302,0.005310,0.003600,0.000771,0.00,20,0.017232,0.996738,0.395845,0.011342,0.153586,0.274883,0.000000,0.118680,0.013517,0.053900,-0.348040,0.393752,-0.079264,-0.056992,-0.031680
1781614097337509371,2026-06-16T19:48:17.337528,prediction,-0.019620,0.736000,0.010073,True,-0.024930,0.739600,0.009302,0.005310,0.003600,0.000771,0.00,20,0.017232,0.996738,0.395845,0.011342,0.153586,0.274883,0.000000,0.118680,0.013517,0.053900,-0.348040,0.393752,-0.079264,-0.056992,-0.031680
1781614097371772251,2026-06-16T19:48:17.371789,prediction,-0.019804,0.732000,0.009769,True,-0.024930,0.739600,0.009302,0.005126,0.007600,0.000467,0.00,20,0.017265,0.998522,0.393393,0.011342,0.153586,0.274883,0.000000,0.118680,0.013517,0.053900,-0.348040,0.393752,-0.079264,-0.056992,-0.031680
1781614097400457448,2026-06-16T19:48:17.400475,prediction,-0.019436,0.740000,0.007767,True,-0.024930,0.739600,0.009302,0.005494,0.000400,0.001535,0.00,20,0.017265,0.998522,0.393393,0.010029,0.160133,0.277069,0.000000,0.118238,0.010467,0.054460,-0.387100,0.404376,-0.079104,-0.060064,-0.031168
1781614097437369850,2026-06-16T19:48:17.437388,prediction,-0.019804,0.732000,0.007145,True,-0.024930,0.739600,0.009302,0.005126,0.007600,0.002157,0.00,20,0.016728,0.998205,0.391099,0.001307,0.160133,0.277069,0.000000,0.115619,0.002609,0.053620,-0.395500,0.413506,-0.080320,-0.057280,-0.030240
1781614097470671116,2026-06-16T19:48:17.470690,prediction,-0.019252,0.744000,0.008078,True,-0.024930,0.739600,0.009302,0.005679,0.004400,0.001224,0.00,20,0.016728,0.998205,0.391099,0.001307,0.163184,0.276631,0.000000,0.115619,0.000000,0.045500,-0.411880,0.406617,-0.080480,-0.054560,-0.028288
1781614097503011577,2026-06-16T19:48:17.503030,prediction,-0.020034,0.727000,0.009389,True,-0.024930,0.739600,0.009302,0.004896,0.012600,0.000086,0.00,20,0.016064,0.996517,0.390551,0.000000,0.164928,0.277069,0.000000,0.113442,0.000000,0.046060,-0.428400,0.392009,-0.080320,-0.056224,-0.026560
1781614097532333720,2026-06-16T19:48:17.532353,prediction,-0.019620,0.736000,0.007456,True,-0.024930,0.739600,0.009302,0.005310,0.003600,0.001846,0.00,20,0.016064,0.996517,0.390551,0.000000,0.161877,0.269210,0.000000,0.110391,0.000000,0.022260,-0.441700,0.414419,-0.080320,-0.058336,-0.020320
1781614097566076215,2026-06-16T19:48:17.566095,prediction,-0.017184,0.732000,0.009769,True,-0.024930,0.739600,0.009302,0.007746,0.007600,0.000467,0.00,20,0.015339,0.995815,0.388147,0.000000,0.158388,0.265723,0.000000,0.107772,0.000000,-0.008960,-0.428960,0.405621,-0.080480,-0.054208,-0.011584
1781614097600388805,2026-06-16T19:48:17.600408,prediction,-0.017406,0.727000,0.009389,True,-0.024930,0.739600,0.009302,0.007524,0.012600,0.000086,0.00,20,0.015339,0.995815,0.388147,0.000000,0.153586,0.258303,0.000000,0.102533,0.002609,-0.093520,-0.408520,0.405953,-0.080320,-0.058720,0.014304
1781614097644327613,2026-06-16T19:48:17.644346,prediction,-0.019620,0.736000,0.010073,True,-0.024930,0.739600,0.009302,0.005310,0.003600,0.000771,0.00,20,0.014992,0.994494,0.387834,0.000000,0.153586,0.258303,0.000000,0.102533,0.002609,-0.093520,-0.408520,0.405953,-0.080320,-0.058720,0.014304
1781614097672796246,2026-06-16T19:48:17.672816,prediction,-0.019436,0.740000,0.010378,True,-0.024930,0.739600,0.009302,0.005494,0.000400,0.001075,0.00,20,0.014889,0.995383,0.387259,0.000000,0.153586,0.258303,0.000000,0.102533,0.002609,-0.093520,-0.408520,0.405953,-0.080320,-0.058720,0.014304
1781614097711441813,2026-06-16T19:48:17.711466,prediction,-0.019620,0.736000,0.010073,True,-0.024930,0.739600,0.009302,0.005310,0.003600,0.000771,0.00,20,0.014889,0.995383,0.387259,0.000000,0.153586,0.258303,0.000000,0.102533,0.002609,-0.093520,-0.408520,0.405953,-0.080320,-0.058720,0.014304
1781614097742597784,2026-06-16T19:48:17.742618,prediction,-0.020218,0.723000,0.011723,True,-0.024930,0.739600,0.009302,0.004712,0.016600,0.002421,0.00,20,0.014597,0.994202,0.385967,0.001744,0.129150,0.198964,0.000000,0.070249,0.002609,-0.115220,-0.466480,0.383128,-0.080256,-0.050048,0.025056
1781614097770386516,2026-06-16T19:48:17.770407,prediction,-0.020034,0.727000,0.014653,True,-0.024930,0.739600,0.009302,0.004896,0.012600,0.005350,0.00,20,0.014597,0.994202,0.385967,0.001744,0.129150,0.198964,0.000000,0.070249,0.002609,-0.115220,-0.466480,0.383128,-0.080256,-0.050048,0.025056
1781614097812137922,2026-06-16T19:48:17.812151,prediction,-0.019620,0.736000,0.015308,True,-0.024930,0.739600,0.009302,0.005310,0.003600,0.006006,0.00,20,0.014781,0.992863,0.386842,0.001744,0.129150,0.198964,0.000000,0.070249,0.002609,-0.115220,-0.466480,0.383128,-0.080256,-0.050048,0.025056
1781614097845990409,2026-06-16T19:48:17.846014,prediction,-0.019620,0.736000,0.015308,True,-0.024930,0.739600,0.009302,0.005310,0.003600,0.006006,0.00,20,0.014781,0.992863,0.386842,0.001744,0.129150,0.198964,0.000000,0.070249,0.002609,-0.115220,-0.466480,0.383128,-0.080256,-0.050048,0.025056
1781614097878186806,2026-06-16T19:48:17.878205,prediction,-0.020218,0.723000,0.017000,True,-0.024930,0.739600,0.009302,0.004712,0.016600,0.007698,0.00,20,0.014680,0.993663,0.386361,0.001744,0.122603,0.185870,0.000000,0.061949,0.002609,-0.114660,-0.448560,0.380140,-0.080032,-0.046432,0.024384
1781614097909706220,2026-06-16T19:48:17.909725,prediction,-0.020034,0.727000,0.017285,True,-0.024930,0.739600,0.009302,0.004896,0.012600,0.007982,0.00,20,0.014680,0.993663,0.386361,0.001744,0.055849,0.047994,0.000000,0.000000,0.005228,0.032760,-0.518000,0.316728,-0.080032,-0.012800,-0.017216
1781614097944955943,2026-06-16T19:48:17.944973,prediction,-0.022662,0.727000,0.017285,True,-0.024930,0.739600,0.009302,0.002268,0.012600,0.007982,0.00,20,0.014680,0.993662,0.386361,0.005233,0.039267,0.013086,0.000000,0.024426,0.005670,0.065100,-0.552720,0.299713,-0.080032,0.046368,-0.027328
1781614097977535016,2026-06-16T19:48:17.977553,prediction,-0.022233,0.736000,0.017925,True,-0.024930,0.739600,0.009302,0.002697,0.003600,0.008623,0.00,20,0.014680,0.993662,0.386361,0.004796,0.022685,0.009599,0.000000,0.043193,0.007847,0.073080,-0.542500,0.126077,-0.080032,0.049440,-0.028736
1781614098005007602,2026-06-16T19:48:18.005024,prediction,-0.022424,0.732000,0.017640,True,-0.024930,0.739600,0.009302,0.002506,0.007600,0.008338,0.00,20,0.014680,0.993662,0.386361,0.006540,0.008285,0.037086,0.000000,0.051482,0.007847,0.081200,-0.515200,0.100098,-0.080032,0.048384,-0.031392
1781614098036593633,2026-06-16T19:48:18.036615,prediction,-0.020218,0.723000,0.017000,True,-0.024930,0.739600,0.009302,0.004712,0.016600,0.007698,0.00,20,0.014680,0.993662,0.386361,0.008285,0.001744,0.050172,0.000000,0.053659,0.008289,0.078960,-0.511700,0.086735,-0.081088,0.048768,-0.030720
1781614098068376783,2026-06-16T19:48:18.068397,prediction,-0.022233,0.736000,0.017925,True,-0.024930,0.739600,0.009302,0.002697,0.003600,0.008623,0.00,20,0.014680,0.993662,0.386361,0.006540,0.000000,0.061518,0.000000,0.053659,0.005670,0.082460,-0.678160,0.089308,-0.081664,0.043744,-0.031392
1781614098103021367,2026-06-16T19:48:18.103033,prediction,-0.022424,0.732000,0.017640,True,-0.024930,0.739600,0.009302,0.002506,0.007600,0.008338,0.00,20,0.014680,0.993662,0.386361,0.006540,0.006540,0.065013,0.000000,0.053659,0.005228,0.079660,-0.780500,0.098521,-0.081824,0.041536,-0.029664
1781614098144231491,2026-06-16T19:48:18.144251,prediction,-0.022853,0.723000,0.017000,True,-0.024930,0.739600,0.009302,0.002077,0.016600,0.007698,0.00,20,0.014680,0.993662,0.386361,0.004796,0.010029,0.055845,0.000000,0.045812,0.002609,0.094780,-0.826700,0.107817,-0.082144,0.045088,-0.032448
1781614098171786242,2026-06-16T19:48:18.171812,prediction,-0.023044,0.719000,0.019361,True,-0.024930,0.739600,0.009302,0.001886,0.020600,0.010058,0.00,20,0.014680,0.993662,0.386361,0.004796,0.007853,0.051919,0.000000,0.045812,0.002609,0.093800,-0.818020,0.104082,-0.082144,0.041536,-0.031680
1781614098204189973,2026-06-16T19:48:18.204209,prediction,-0.022662,0.727000,0.019917,True,-0.024930,0.739600,0.009302,0.002268,0.012600,0.010614,0.00,20,0.014680,0.993662,0.386361,0.003489,0.008285,0.040573,0.000000,0.037954,0.005228,0.095760,-0.793520,0.105991,-0.083488,0.039200,-0.030400
1781614098234697826,2026-06-16T19:48:18.234716,prediction,-0.022662,0.727000,0.019917,True,-0.024930,0.739600,0.009302,0.002268,0.012600,0.010614,0.00,20,0.014680,0.993662,0.386361,0.001744,0.003489,0.033592,0.000000,0.029665,0.002609,0.101360,-0.812140,0.112631,-0.084096,0.040032,-0.032224
1781614098270376406,2026-06-16T19:48:18.270394,prediction,-0.022662,0.727000,0.019917,True,-0.024930,0.739600,0.009302,0.002268,0.012600,0.010614,0.00,20,0.014680,0.993662,0.386361,0.001307,0.003051,0.026179,0.000000,0.023995,0.000000,0.115920,-0.845600,0.118358,-0.084096,0.036640,-0.030848
1781614098297687679,2026-06-16T19:48:18.297706,prediction,-0.022662,0.727000,0.019917,True,-0.024930,0.739600,0.009302,0.002268,0.012600,0.010614,0.00,20,0.014680,0.993662,0.386361,0.001744,0.003051,0.020506,0.000000,0.018756,0.000000,0.114940,-0.844620,0.120931,-0.084096,0.035136,-0.031008
1781614098336919289,2026-06-16T19:48:18.336952,prediction,-0.022662,0.727000,0.019917,True,-0.024930,0.739600,0.009302,0.002268,0.012600,0.010614,0.00,20,0.014680,0.993662,0.386361,0.001307,0.001307,0.014833,0.000000,0.016137,0.002609,0.111160,-0.833280,0.120018,-0.084224,0.034240,-0.030240
1781614098369419780,2026-06-16T19:48:18.369434,prediction,-0.022424,0.732000,0.020264,True,-0.024930,0.739600,0.009302,0.002506,0.007600,0.010962,0.00,20,0.014680,0.993662,0.386361,0.001307,0.001307,0.014833,0.000000,0.016137,0.002609,0.111160,-0.833280,0.120018,-0.084224,0.034240,-0.030240
1781614098402457683,2026-06-16T19:48:18.402477,prediction,-0.022853,0.723000,0.019639,True,-0.024930,0.739600,0.009302,0.002077,0.016600,0.010336,0.00,20,0.014680,0.993662,0.386361,0.001307,0.001307,0.014833,0.000000,0.016137,0.002609,0.111160,-0.833280,0.120018,-0.084224,0.034240,-0.030240
1781614098434199579,2026-06-16T19:48:18.434218,prediction,-0.022662,0.727000,0.019917,True,-0.024930,0.739600,0.009302,0.002268,0.012600,0.010614,0.00,20,0.014680,0.993662,0.386361,0.001307,0.001307,0.014833,0.000000,0.016137,0.002609,0.111160,-0.833280,0.120018,-0.084224,0.034240,-0.030240
1781614098467547637,2026-06-16T19:48:18.467565,prediction,-0.022424,0.732000,0.020264,True,-0.024930,0.739600,0.009302,0.002506,0.007600,0.010962,0.00,20,0.014680,0.993662,0.386361,0.001744,0.001307,0.014833,0.000000,0.013517,0.002609,0.105700,-0.826140,0.118192,-0.083936,0.033408,-0.029184
1781614098499209452,2026-06-16T19:48:18.499226,prediction,-0.022233,0.736000,0.020542,True,-0.024930,0.739600,0.009302,0.002697,0.003600,0.011240,0.00,20,0.014680,0.993662,0.386361,0.000000,0.003489,0.003487,0.000000,0.000000,0.000000,0.063140,-0.809060,0.111635,-0.084096,0.032800,-0.012800
1781614098532277249,2026-06-16T19:48:18.532291,prediction,-0.022662,0.727000,0.019917,True,-0.024930,0.739600,0.009302,0.002268,0.012600,0.010614,0.00,20,0.014680,0.993662,0.386361,0.000000,0.000000,0.001740,0.000000,0.000000,0.000000,0.047740,-0.826420,0.114374,-0.084096,0.031072,-0.007744
1781614098569754980,2026-06-16T19:48:18.569771,prediction,-0.022662,0.727000,0.019917,True,-0.024930,0.739600,0.009302,0.002268,0.012600,0.010614,0.00,20,0.014680,0.993662,0.386361,0.000000,0.000000,0.001740,0.000000,0.000000,0.002609,0.038640,-0.831040,0.114540,-0.084096,0.029728,-0.004960
1781614098603022417,2026-06-16T19:48:18.603036,prediction,-0.022662,0.727000,0.019917,True,-0.024930,0.739600,0.009302,0.002268,0.012600,0.010614,0.00,20,0.014680,0.993662,0.386361,0.000000,0.000000,0.000000,0.000000,0.000000,0.000000,0.020440,-0.827260,0.118856,-0.083776,0.027232,-0.000224
1781614098636964638,2026-06-16T19:48:18.636984,prediction,-0.022853,0.723000,0.017000,True,-0.024930,0.739600,0.009302,0.002077,0.016600,0.007698,0.00,20,0.014680,0.993662,0.386361,0.000000,0.000000,0.000000,0.000000,0.000000,0.000000,0.004900,-0.820260,0.124666,-0.084096,0.024448,0.003232
1781614098671762822,2026-06-16T19:48:18.671779,prediction,-0.022662,0.727000,0.017285,True,-0.024930,0.739600,0.009302,0.002268,0.012600,0.007982,0.00,20,0.014680,0.993662,0.386361,0.000000,0.000000,0.000000,0.000000,0.000000,0.000000,-0.008960,-0.818300,0.128816,-0.083776,0.021888,0.006688
1781614098709187406,2026-06-16T19:48:18.709203,prediction,-0.022662,0.727000,0.017285,True,-0.024930,0.739600,0.009302,0.002268,0.012600,0.007982,0.00,20,0.014680,0.993662,0.386361,0.000000,0.000000,0.000000,0.000000,0.000000,0.002609,-0.014840,-0.816480,0.132053,-0.083776,0.020544,0.007744
1781614098739951084,2026-06-16T19:48:18.739968,prediction,-0.022424,0.732000,0.017640,True,-0.024930,0.739600,0.009302,0.002506,0.007600,0.008338,0.00,20,0.014680,0.993662,0.386361,0.000000,0.000000,0.000000,0.000000,0.000000,0.000000,-0.029960,-0.811860,0.135705,-0.083648,0.019200,0.010752
1781614098777705263,2026-06-16T19:48:18.777722,prediction,-0.022424,0.732000,0.017640,True,-0.024930,0.739600,0.009302,0.002506,0.007600,0.008338,0.00,20,0.014680,0.993662,0.386361,0.001744,0.000000,0.000000,0.000000,0.000000,0.000000,-0.035840,-0.808780,0.139274,-0.083648,0.017664,0.011744
1781614098811181154,2026-06-16T19:48:18.811198,prediction,-0.022424,0.732000,0.017640,True,-0.024930,0.739600,0.009302,0.002506,0.007600,0.008338,0.00,20,0.014680,0.993662,0.386361,0.000000,0.000000,0.000000,0.000000,0.000000,0.000000,-0.039340,-0.806820,0.141847,-0.083648,0.016640,0.012544
1781614098842761879,2026-06-16T19:48:18.842779,prediction,-0.022853,0.723000,0.017000,True,-0.024930,0.739600,0.009302,0.002077,0.016600,0.007698,0.00,20,0.014680,0.993662,0.386361,0.000000,0.000000,0.000000,0.000000,0.002609,0.000000,-0.046760,-0.802200,0.143424,-0.083328,0.014144,0.011584
1781614098876279184,2026-06-16T19:48:18.876297,prediction,-0.022662,0.727000,0.017285,True,-0.024930,0.739600,0.009302,0.002268,0.012600,0.007982,0.00,20,0.014680,0.993662,0.386361,0.000000,0.000000,0.000000,0.000000,0.002609,0.000000,-0.046760,-0.802200,0.143424,-0.083328,0.014144,0.011584


============================================================
EXPERIMENT METRICS
  File: experiment_GRU_20260616_194807.csv
  Total samples: 340
  Task completion time: 11.41 s
  --- Prediction Accuracy (over 340 samples) ---
  Avg Inference Time: 3.77 ms
  Mean Squared Error (MSE): 0.002486 m²
  Mean Absolute Error (MAE - 3D): 0.0395 m
      MAE X: 0.0160 m
      MAE Y: 0.0311 m
      MAE Z: 0.0126 m
  --- Trajectory Smoothness (Robot EE) ---
  Mean Jerk (3D): 19.1351 m/s³
      Jerk X: 4.6774 m/s³
      Jerk Y: 16.4908 m/s³
      Jerk Z: 4.9335 m/s³
  Max Jerk (3D): 125.4271 m/s³
  RMS Jerk (3D): 31.9729 m/s³
============================================================
