ros_timestamp_ns,wall_time,trajectory_mode,meas_x,meas_y,meas_z,is_tracked,pred_x,pred_y,pred_z,mae_x,mae_y,mae_z,inference_ms,buffer_size,robot_ee_x,robot_ee_y,robot_ee_z,j1_vel,j2_vel,j3_vel,j4_vel,j5_vel,j6_vel,j1_eff,j2_eff,j3_eff,j4_eff,j5_eff,j6_eff
1781613843137851883,2026-06-16T19:44:03.137872,prediction,0.124760,0.043000,0.002423,True,0.121626,0.083839,0.036197,0.003135,0.040839,0.033774,10.23,20,-0.161991,0.280054,0.378523,0.000000,0.000000,0.000000,0.000000,0.000000,0.000000,-0.002660,-0.159600,0.061420,-0.021664,0.019872,-0.008704
1781613843179984644,2026-06-16T19:44:03.180005,prediction,0.124760,0.043000,0.002423,True,0.122227,0.079010,0.035029,0.002533,0.036010,0.032606,8.96,20,-0.161991,0.280054,0.378523,0.000000,0.000000,0.000000,0.000000,0.000000,0.000000,-0.002660,-0.159600,0.061420,-0.021664,0.019872,-0.008704
1781613843218404259,2026-06-16T19:44:03.218428,prediction,0.124232,0.060000,0.003382,True,0.120852,0.087010,0.033785,0.003380,0.027010,0.030403,8.18,20,-0.161988,0.280061,0.378524,0.000000,0.000000,0.000000,0.000000,0.000000,0.002609,-0.002660,-0.158060,0.059843,-0.021216,0.019776,-0.010688
1781613843249333785,2026-06-16T19:44:03.249359,prediction,0.125848,0.008000,0.000451,True,0.120844,0.087208,0.032643,0.005004,0.079208,0.032192,5.67,20,-0.161988,0.280061,0.378524,0.000000,0.000000,0.000000,0.000000,0.000000,0.002609,-0.002660,-0.156240,0.059511,-0.020928,0.019264,-0.008192
1781613843287239224,2026-06-16T19:44:03.287273,prediction,0.125289,0.026000,0.001465,True,0.112844,0.090966,0.031044,0.012444,0.064966,0.029578,5.12,20,-0.161988,0.280061,0.378524,0.000000,0.000000,0.000000,0.000000,0.000000,0.002609,-0.001820,-0.156240,0.059511,-0.021216,0.019104,-0.008192
1781613843324446199,2026-06-16T19:44:03.324469,prediction,0.125040,0.034000,0.001916,True,0.109118,0.095573,0.032044,0.015922,0.061573,0.030128,6.34,20,-0.161988,0.280061,0.378524,0.000000,0.000000,0.000000,0.000000,0.000000,0.002609,-0.001820,-0.156240,0.059511,-0.021216,0.019104,-0.008192
1781613843361118172,2026-06-16T19:44:03.361191,prediction,0.125568,0.017000,0.000958,True,0.112095,0.094734,0.033254,0.013473,0.077734,0.032296,4.70,20,-0.161988,0.280061,0.378524,0.000000,0.000000,0.000000,0.000000,0.000000,0.002609,-0.001820,-0.156240,0.059511,-0.021216,0.019104,-0.008192
1781613843393661638,2026-06-16T19:44:03.393685,prediction,0.125289,0.026000,0.001465,True,0.109992,0.093243,0.032608,0.015296,0.067243,0.031143,5.23,20,-0.161988,0.280061,0.378524,0.000000,0.000000,0.000000,0.000000,0.000000,0.002609,-0.001820,-0.156240,0.059511,-0.021216,0.019104,-0.008192
1781613843429144181,2026-06-16T19:44:03.429165,prediction,0.125568,0.017000,0.000958,True,0.110488,0.087612,0.033004,0.015080,0.070613,0.032046,4.86,20,-0.161988,0.280061,0.378524,0.000000,0.000000,0.000000,0.000000,0.000000,0.002609,-0.001820,-0.156240,0.059511,-0.021216,0.019104,-0.008192
1781613843466229997,2026-06-16T19:44:03.466252,prediction,0.124760,0.043000,0.002423,True,0.107076,0.094690,0.032793,0.017684,0.051690,0.030370,5.51,20,-0.161988,0.280061,0.378524,0.000000,0.000000,0.000000,0.000000,0.000000,0.002609,-0.002660,-0.155820,0.057851,-0.021216,0.019104,-0.008192
1781613843496646396,2026-06-16T19:44:03.496664,prediction,0.123734,0.076000,0.007985,True,0.108450,0.102690,0.037014,0.015284,0.026690,0.029029,4.18,20,-0.161988,0.280061,0.378524,0.000000,0.000000,0.000000,0.000000,0.000000,0.000000,-0.001540,-0.149660,0.061254,-0.013920,0.018816,-0.017600
1781613843527921801,2026-06-16T19:44:03.527947,prediction,0.124511,0.051000,0.006617,True,0.112064,0.108352,0.039480,0.012448,0.057352,0.032863,4.12,20,-0.161988,0.280061,0.378524,0.000000,0.000000,0.000000,0.000000,0.000000,0.000000,0.001820,-0.142800,0.069139,-0.005184,0.018720,-0.028000
1781613843567607731,2026-06-16T19:44:03.567629,prediction,0.125040,0.034000,0.005687,True,0.108283,0.109482,0.039240,0.016757,0.075482,0.033553,4.29,20,-0.161988,0.280061,0.378524,0.001744,0.000000,0.000000,0.003051,0.000000,0.005228,0.023240,-0.119560,0.094620,0.020992,0.018432,-0.040416
1781613843602076279,2026-06-16T19:44:03.602096,prediction,0.124232,0.060000,0.003382,True,0.107081,0.115585,0.036946,0.017151,0.055585,0.033565,5.78,20,-0.161988,0.280061,0.378524,0.000000,0.000000,0.000000,0.005228,0.000000,0.007847,0.035560,-0.093240,0.119354,0.039360,0.016320,-0.037184
1781613843635851815,2026-06-16T19:44:03.635871,prediction,0.125040,0.034000,0.001916,True,0.109266,0.115268,0.036835,0.015774,0.081268,0.034919,4.54,20,-0.161988,0.280061,0.378524,0.000000,0.000000,0.000000,0.005228,0.000000,0.007847,0.035560,-0.093240,0.119354,0.039360,0.016320,-0.037184
1781613843673479965,2026-06-16T19:44:03.673498,prediction,0.125040,0.034000,0.005687,True,0.108642,0.115015,0.037830,0.016398,0.081015,0.032143,4.71,20,-0.161988,0.280061,0.378524,0.000000,0.000000,0.000000,0.005228,0.000000,0.007847,0.035560,-0.093240,0.119354,0.039360,0.016320,-0.037184
1781613843709875293,2026-06-16T19:44:03.709899,prediction,0.124760,0.043000,0.006179,True,0.107841,0.116612,0.037233,0.016919,0.073612,0.031054,6.04,20,-0.161988,0.280061,0.378524,0.000000,0.000000,0.000000,0.005228,0.000000,0.007847,0.035560,-0.093240,0.119354,0.039360,0.016320,-0.037184
1781613843740753647,2026-06-16T19:44:03.740772,prediction,0.124511,0.051000,0.006617,True,0.109454,0.119489,0.036971,0.015057,0.068489,0.030354,4.69,20,-0.161988,0.280061,0.378524,0.001744,0.001744,0.002178,0.002609,0.000000,0.005670,0.101640,-0.046480,0.175711,0.015584,0.006624,-0.034400
1781613843772404256,2026-06-16T19:44:03.772422,prediction,0.125848,0.008000,0.004264,True,0.112842,0.113191,0.036449,0.013006,0.105191,0.032184,3.82,20,-0.161988,0.280061,0.378524,0.001744,0.001307,0.001740,0.002609,0.000000,0.002609,0.094220,-0.042700,0.173387,0.013472,0.007744,-0.034016
1781613843808742156,2026-06-16T19:44:03.808756,prediction,0.125289,0.026000,0.005249,True,0.105459,0.111753,0.035294,0.019830,0.085753,0.030045,4.63,20,-0.161988,0.280061,0.378524,0.001744,0.000000,0.001740,0.002609,0.000000,0.000000,0.094220,-0.041720,0.172474,0.010688,0.005696,-0.032576
1781613843841245744,2026-06-16T19:44:03.841261,prediction,0.125040,0.034000,0.005687,True,0.102030,0.112202,0.036035,0.023010,0.078203,0.030349,4.44,20,-0.161988,0.280061,0.378524,0.000000,0.000000,0.000000,0.000000,0.000000,0.000000,0.093240,-0.044520,0.167660,0.008864,0.004576,-0.030464
1781613843871890927,2026-06-16T19:44:03.871927,prediction,0.124232,0.060000,0.007109,True,0.103719,0.117762,0.037229,0.020513,0.057762,0.030120,4.37,20,-0.161988,0.280061,0.378524,0.000000,0.000000,0.000000,0.000000,0.000000,0.000000,0.090720,-0.045780,0.165917,0.007520,0.002624,-0.029440
1781613843902087824,2026-06-16T19:44:03.902109,prediction,0.124511,0.051000,0.006617,True,0.109180,0.120410,0.037710,0.015332,0.069410,0.031093,4.31,20,-0.161988,0.280061,0.378524,0.000000,0.000000,0.000000,0.000000,0.000000,0.000000,0.089460,-0.047740,0.163344,0.006016,0.002400,-0.028384
1781613843934960933,2026-06-16T19:44:03.934979,prediction,0.123734,0.076000,0.007985,True,0.104523,0.127528,0.038054,0.019212,0.051528,0.030069,3.94,20,-0.161988,0.280061,0.378524,0.000000,0.000000,0.000000,0.000000,0.000000,0.000000,0.090160,-0.050820,0.162348,0.004512,0.002912,-0.028000
1781613843970720563,2026-06-16T19:44:03.970745,prediction,0.124232,0.060000,0.007109,True,0.102849,0.130022,0.038648,0.021383,0.070022,0.031539,4.39,20,-0.161988,0.280061,0.378524,0.000000,0.000000,0.000000,0.000000,0.000000,0.000000,0.090160,-0.050820,0.162348,0.004512,0.002912,-0.028000
1781613844003434600,2026-06-16T19:44:04.003455,prediction,0.125040,0.034000,0.005687,True,0.104550,0.126778,0.037710,0.020490,0.092778,0.032023,5.35,20,-0.161988,0.280061,0.378524,0.000000,0.000000,0.000000,0.000000,0.000000,0.000000,0.090160,-0.050820,0.162348,0.004512,0.002912,-0.028000
1781613844036597596,2026-06-16T19:44:04.036617,prediction,0.125289,0.026000,0.009033,True,0.101277,0.122622,0.037773,0.024011,0.096622,0.028740,4.07,20,-0.161988,0.280061,0.378524,0.000000,0.000000,0.000000,0.000000,0.000000,0.000000,0.090160,-0.050820,0.162348,0.004512,0.002912,-0.028000
1781613844068389940,2026-06-16T19:44:04.068410,prediction,0.124760,0.043000,0.009935,True,0.101448,0.122698,0.037720,0.023312,0.079698,0.027785,4.13,20,-0.161988,0.280061,0.378524,0.000000,0.000000,0.000000,0.000000,0.000000,0.000000,0.088900,-0.052640,0.158530,0.003296,0.002912,-0.026560
1781613844098828983,2026-06-16T19:44:04.098850,prediction,0.125568,0.017000,0.008555,True,0.103997,0.117558,0.036614,0.021571,0.100558,0.028059,4.57,20,-0.161988,0.280061,0.378524,0.000000,0.000000,0.000000,0.000000,0.000000,0.000000,0.088900,-0.052640,0.158530,0.003296,0.002912,-0.026560
1781613844130697102,2026-06-16T19:44:04.130720,prediction,0.124511,0.051000,0.010360,True,0.097712,0.120247,0.035761,0.026799,0.069247,0.025402,4.15,20,-0.161988,0.280061,0.378524,0.000000,0.000000,0.000000,0.000000,0.000000,0.000000,0.088900,-0.052640,0.158530,0.003296,0.002912,-0.026560
1781613844164501765,2026-06-16T19:44:04.164522,prediction,0.123734,0.076000,0.011686,True,0.097270,0.127397,0.037758,0.026464,0.051397,0.026072,4.45,20,-0.161988,0.280061,0.378524,0.000000,0.000000,0.000000,0.000000,0.000000,0.000000,0.088900,-0.052640,0.158530,0.003296,0.002912,-0.026560
1781613844193280518,2026-06-16T19:44:04.193307,prediction,0.120774,0.051000,0.014102,True,0.100828,0.128118,0.041282,0.019946,0.077118,0.027180,4.39,20,-0.161988,0.280061,0.378524,0.000000,0.000000,0.000000,0.000000,0.000000,0.000000,0.076440,-0.078680,0.137033,-0.012192,0.000352,-0.017088
1781613844225362322,2026-06-16T19:44:04.225381,prediction,0.120509,0.060000,0.014565,True,0.097052,0.130494,0.041685,0.023457,0.070494,0.027119,4.08,20,-0.161988,0.280061,0.378524,0.000000,0.000000,0.000000,0.000000,0.000000,0.000000,0.076860,-0.078120,0.136701,-0.013760,-0.000064,-0.017824
1781613844264614813,2026-06-16T19:44:04.264644,prediction,0.121275,0.034000,0.013228,True,0.096528,0.125981,0.042398,0.024746,0.091981,0.029170,5.09,20,-0.161988,0.280061,0.378524,0.000000,0.000000,0.000000,0.000000,0.000000,0.000000,0.076860,-0.078120,0.136701,-0.013760,-0.000064,-0.017824
1781613844300812107,2026-06-16T19:44:04.300825,prediction,0.121010,0.043000,0.013691,True,0.092023,0.125385,0.043265,0.028987,0.082385,0.029574,4.75,20,-0.161988,0.280061,0.378524,0.000000,0.000000,0.000000,0.000000,0.000000,0.000000,0.076860,-0.078120,0.136701,-0.013760,-0.000064,-0.017824
1781613844334864167,2026-06-16T19:44:04.334884,prediction,0.121010,0.043000,0.013691,True,0.092149,0.124908,0.044252,0.028860,0.081908,0.030562,4.15,20,-0.161988,0.280061,0.378524,0.000000,0.000000,0.000000,0.000000,0.000000,0.000000,0.076440,-0.080220,0.134875,-0.014976,0.000352,-0.017312
1781613844367064206,2026-06-16T19:44:04.367086,prediction,0.120509,0.060000,0.018293,True,0.091904,0.127926,0.047977,0.028605,0.067926,0.029684,4.13,20,-0.161988,0.280061,0.378524,0.000000,0.000000,0.000000,0.000000,0.000000,0.000000,0.069020,-0.094220,0.123006,-0.021376,-0.000224,-0.013536
1781613844401197756,2026-06-16T19:44:04.401217,prediction,0.120774,0.051000,0.017845,True,0.093593,0.124167,0.049067,0.027181,0.073167,0.031222,4.14,20,-0.161988,0.280061,0.378524,0.000000,0.000000,0.000000,0.000000,0.000000,0.002609,0.065660,-0.102200,0.119520,-0.024000,-0.000064,-0.012640
1781613844430897942,2026-06-16T19:44:04.430916,prediction,0.121275,0.034000,0.016998,True,0.096272,0.116167,0.047903,0.025002,0.082167,0.030904,4.61,20,-0.161988,0.280061,0.378524,0.000000,0.000000,0.000000,0.000000,0.000000,0.002609,0.065100,-0.103180,0.118524,-0.024448,0.000224,-0.011360
1781613844465233017,2026-06-16T19:44:04.465252,prediction,0.121275,0.034000,0.016998,True,0.094649,0.112576,0.045846,0.026626,0.078576,0.028848,4.46,20,-0.161988,0.280061,0.378524,0.000000,0.000000,0.000000,0.000000,0.000000,0.000000,0.062300,-0.107240,0.115951,-0.025952,0.000224,-0.010752
1781613844500852018,2026-06-16T19:44:04.500864,prediction,0.121510,0.026000,0.020384,True,0.096215,0.104576,0.048438,0.025295,0.078576,0.028054,4.18,20,-0.161988,0.280061,0.378524,0.000000,0.000000,0.000000,0.000000,0.000000,0.000000,0.060760,-0.109620,0.110556,-0.027456,0.000224,-0.009984
1781613844534389000,2026-06-16T19:44:04.534408,prediction,0.121775,0.017000,0.019951,True,0.098233,0.096576,0.048369,0.023542,0.079576,0.028418,4.11,20,-0.161988,0.280061,0.378524,0.000000,0.000000,0.000000,0.000000,0.000000,0.000000,0.058800,-0.113960,0.110556,-0.028672,0.000288,-0.010592
1781613844562193690,2026-06-16T19:44:04.562209,prediction,0.121275,0.034000,0.024540,True,0.097704,0.098436,0.051135,0.023571,0.064436,0.026596,4.24,20,-0.161988,0.280061,0.378524,0.000000,0.000000,0.000000,0.000000,0.000000,0.000000,0.056700,-0.113960,0.108315,-0.028960,0.000288,-0.010688
1781613844598763822,2026-06-16T19:44:04.598780,prediction,0.121010,0.043000,0.036226,True,0.098794,0.097018,0.059135,0.022216,0.054018,0.022910,5.19,20,-0.161988,0.280061,0.378524,0.000000,0.000000,0.000000,0.000000,0.000000,0.000000,0.056420,-0.118020,0.106821,-0.029568,0.000576,-0.009248
1781613844633074581,2026-06-16T19:44:04.633088,prediction,0.120509,0.060000,0.033204,True,0.099808,0.097506,0.066746,0.020701,0.037506,0.033542,4.21,20,-0.161988,0.280061,0.378524,0.000000,0.000000,0.000000,0.000000,0.000000,0.000000,0.056420,-0.118020,0.106821,-0.029568,0.000576,-0.009248
1781613844666407021,2026-06-16T19:44:04.666423,prediction,0.121275,0.034000,0.043393,True,0.102731,0.089506,0.074746,0.018544,0.055506,0.031354,4.70,20,-0.161988,0.280061,0.378524,0.000000,0.000000,0.000000,0.000000,0.000000,0.000000,0.056420,-0.118020,0.106821,-0.029568,0.000576,-0.009248
1781613844694474431,2026-06-16T19:44:04.694490,prediction,0.121275,0.034000,0.050934,True,0.094968,0.086569,0.082746,0.026307,0.052569,0.031813,4.29,20,-0.161988,0.280061,0.378524,0.000000,0.000000,0.000000,0.000000,0.000000,0.000000,0.056420,-0.118020,0.106821,-0.029568,0.000576,-0.009248
1781613844726800354,2026-06-16T19:44:04.726816,prediction,0.121010,0.043000,0.055004,True,0.090978,0.093824,0.089154,0.030032,0.050824,0.034150,3.90,20,-0.161988,0.280061,0.378524,0.000000,0.000000,0.000000,0.000000,0.000000,0.000000,0.053900,-0.120260,0.106655,-0.030016,0.000288,-0.009088
1781613844766625860,2026-06-16T19:44:04.766644,prediction,0.121275,0.034000,0.054704,True,0.092518,0.091775,0.092084,0.028757,0.057775,0.037380,4.06,20,-0.161988,0.280061,0.378524,0.000000,0.000000,0.000000,0.000000,0.000000,0.000000,0.045220,-0.134820,0.096363,-0.032448,0.001184,-0.010528
1781613844800594689,2026-06-16T19:44:04.800608,prediction,0.121510,0.026000,0.058221,True,0.093261,0.083775,0.095144,0.028250,0.057775,0.036923,4.07,20,-0.161988,0.280061,0.378524,0.000000,0.000000,0.000000,0.000000,0.000000,0.000000,0.042700,-0.135100,0.094786,-0.032576,0.001344,-0.008192
1781613844834210468,2026-06-16T19:44:04.834231,prediction,0.122276,-0.000000,0.061223,True,0.095567,0.075775,0.099512,0.026709,0.075775,0.038289,4.36,20,-0.161988,0.280061,0.378524,0.000000,0.000000,0.000000,0.000000,0.000000,0.000000,0.041160,-0.136080,0.092877,-0.032896,0.001344,-0.009472
1781613844867601209,2026-06-16T19:44:04.867623,prediction,0.121775,0.017000,0.061734,True,0.092449,0.075297,0.099392,0.029326,0.058297,0.037658,4.55,20,-0.161988,0.280061,0.378524,0.000000,0.000000,0.000000,0.000000,0.000000,0.000000,0.041160,-0.136080,0.092877,-0.032896,0.001344,-0.009472
1781613844899209535,2026-06-16T19:44:04.899228,prediction,0.121510,0.026000,0.065789,True,0.093483,0.077122,0.101823,0.028027,0.051122,0.036034,4.37,20,-0.161988,0.280061,0.378524,0.000000,0.000000,0.000000,0.000000,0.000000,0.000000,0.041160,-0.136080,0.092877,-0.032896,0.001344,-0.009472
1781613844927589220,2026-06-16T19:44:04.927603,prediction,0.121775,0.017000,0.065533,True,0.098341,0.069122,0.102509,0.023434,0.052122,0.036976,4.26,20,-0.161988,0.280061,0.378524,0.000000,0.000000,0.000000,0.000000,0.000000,0.000000,0.041440,-0.138460,0.092877,-0.032736,0.001344,-0.010528
1781613844964506024,2026-06-16T19:44:04.964529,prediction,0.121275,0.034000,0.069787,True,0.093996,0.073444,0.106554,0.027278,0.039444,0.036767,4.36,20,-0.161988,0.280061,0.378524,0.000000,0.000000,0.000000,0.000000,0.000000,0.000000,0.041440,-0.138460,0.092877,-0.032736,0.001344,-0.010528
1781613844997577192,2026-06-16T19:44:04.997596,prediction,0.117982,0.017000,0.069331,True,0.090292,0.070787,0.108291,0.027690,0.053787,0.038960,4.41,20,-0.161988,0.280061,0.378524,0.000000,0.000000,0.000000,0.000000,0.000000,0.000000,0.041440,-0.138460,0.092877,-0.032736,0.001344,-0.010528
1781613845025024094,2026-06-16T19:44:05.025048,prediction,0.118232,0.008000,0.069090,True,0.089071,0.063586,0.107421,0.029161,0.055586,0.038331,3.69,20,-0.160711,0.281338,0.379801,0.000000,0.000000,0.000000,0.000000,0.000000,0.000000,0.041440,-0.138460,0.092877,-0.032736,0.001344,-0.010528
1781613845058889826,2026-06-16T19:44:05.058909,prediction,0.113953,0.026000,0.073356,True,0.083858,0.071586,0.110847,0.030095,0.045586,0.037491,3.92,20,-0.160711,0.281338,0.379801,0.000000,0.000000,0.000000,0.000000,0.000000,0.000000,0.041440,-0.138460,0.092877,-0.032736,0.001344,-0.010528
1781613845099541120,2026-06-16T19:44:05.099558,prediction,0.117509,0.034000,0.077328,True,0.088106,0.076831,0.115260,0.029404,0.042831,0.037932,3.88,20,-0.158442,0.284036,0.382499,0.000000,0.000000,0.000000,0.000000,0.000000,0.000000,0.041440,-0.138460,0.092877,-0.032736,0.001344,-0.010528
1781613845129731425,2026-06-16T19:44:05.129747,prediction,0.114633,-0.000000,0.076529,True,0.093389,0.070832,0.114688,0.021245,0.070832,0.038160,4.41,20,-0.158442,0.284036,0.382499,0.000000,0.000000,0.000000,0.000000,0.000000,0.000000,0.024780,-0.154280,0.080012,-0.032288,0.002304,-0.008704
1781613845166140623,2026-06-16T19:44:05.166158,prediction,0.113744,0.034000,0.081098,True,0.088319,0.078832,0.115480,0.025425,0.044832,0.034382,3.58,20,-0.155948,0.286987,0.387354,0.000000,0.000000,0.000000,0.000000,0.000000,0.000000,0.024780,-0.154280,0.080012,-0.032288,0.002304,-0.008704
1781613845194509952,2026-06-16T19:44:05.194528,prediction,0.113953,0.026000,0.084707,True,0.087522,0.082414,0.119455,0.026431,0.056414,0.034747,4.00,20,-0.155948,0.286987,0.387354,0.000000,0.000000,0.000000,0.000000,0.000000,0.000000,0.024780,-0.154280,0.080012,-0.032288,0.002304,-0.008704
1781613845235102588,2026-06-16T19:44:05.235117,prediction,0.114189,0.017000,0.084525,True,0.089005,0.077781,0.121120,0.025184,0.060781,0.036595,3.71,20,-0.153348,0.289855,0.394461,0.000000,0.000000,0.000000,0.000000,0.000000,0.000000,0.024780,-0.154280,0.080012,-0.032288,0.002304,-0.008704
1781613845269080884,2026-06-16T19:44:05.269096,prediction,0.113744,0.034000,0.084869,True,0.085403,0.083578,0.118903,0.028341,0.049578,0.034034,4.36,20,-0.153348,0.289855,0.394461,0.000000,0.000000,0.000000,0.000000,0.000000,0.000000,0.023520,-0.153020,0.080676,-0.032128,0.002080,-0.009024
1781613845301365831,2026-06-16T19:44:05.301389,prediction,0.113953,0.026000,0.084707,True,0.085968,0.081875,0.120082,0.027985,0.055875,0.035375,4.65,20,-0.150746,0.292429,0.403772,0.000000,0.001744,0.000000,0.000000,0.000000,0.000000,-0.075600,-0.233100,0.127571,-0.034400,-0.017376,0.012416
1781613845328722026,2026-06-16T19:44:05.328737,prediction,0.109758,0.043000,0.085051,True,0.080463,0.089875,0.119903,0.029295,0.046875,0.034852,4.38,20,-0.150746,0.292429,0.403772,0.003489,0.001744,0.000000,0.000000,0.002609,0.002609,-0.087080,-0.265300,0.152554,-0.035968,-0.029888,0.023488
1781613845363263888,2026-06-16T19:44:05.363286,prediction,0.110395,0.017000,0.088324,True,0.080338,0.091085,0.120965,0.030057,0.074085,0.032641,4.81,20,-0.148057,0.294712,0.413152,0.003489,0.001744,0.000000,0.000000,0.002609,0.002609,-0.087080,-0.265300,0.152554,-0.035968,-0.029888,0.023488
1781613845395650288,2026-06-16T19:44:05.395670,prediction,0.109979,0.034000,0.088639,True,0.072338,0.095668,0.119464,0.037640,0.061668,0.030825,3.74,20,-0.148057,0.294712,0.413152,0.003489,0.001744,0.000000,0.000000,0.002609,0.002609,-0.087080,-0.265300,0.152554,-0.035968,-0.029888,0.023488
1781613845429004698,2026-06-16T19:44:05.429019,prediction,0.110616,0.008000,0.088157,True,0.066932,0.093034,0.118040,0.043684,0.085034,0.029884,4.80,20,-0.145221,0.297095,0.422432,0.003489,0.001744,0.000000,0.000000,0.002609,0.002609,-0.087080,-0.265300,0.152554,-0.035968,-0.029888,0.023488
1781613845457797377,2026-06-16T19:44:05.457810,prediction,0.109979,0.034000,0.092410,True,0.061388,0.097227,0.122451,0.048591,0.063228,0.030041,3.75,20,-0.145221,0.297095,0.422432,0.006540,0.005233,0.002178,0.000000,0.005670,0.010467,-0.091980,-0.247380,0.198121,-0.040576,-0.053504,0.026880
1781613845492410366,2026-06-16T19:44:05.492425,prediction,0.109979,0.034000,0.096181,True,0.060445,0.100582,0.125906,0.049534,0.066582,0.029725,4.20,20,-0.141975,0.299690,0.431526,0.032720,0.026174,0.022246,0.005228,0.051040,0.034903,-0.138880,-0.292600,0.198287,-0.062336,-0.059904,0.038016
1781613845525759535,2026-06-16T19:44:05.525777,prediction,0.110616,0.008000,0.099596,True,0.064625,0.094986,0.128550,0.045991,0.086986,0.028954,4.22,20,-0.141975,0.299690,0.431526,0.054105,0.044069,0.040573,0.003051,0.097294,0.059340,-0.164220,-0.313320,0.215468,-0.061504,-0.060672,0.040864
1781613845558758548,2026-06-16T19:44:05.558773,prediction,0.110395,0.017000,0.103518,True,0.057779,0.095389,0.130414,0.052617,0.078389,0.026897,4.35,20,-0.138434,0.302596,0.440395,0.070243,0.063703,0.057592,0.005670,0.123908,0.075477,-0.149660,-0.331660,0.220946,-0.064288,-0.061888,0.042080
1781613845592896458,2026-06-16T19:44:05.592914,prediction,0.111033,-0.009000,0.103206,True,0.054830,0.090511,0.131752,0.056203,0.099511,0.028546,4.28,20,-0.138434,0.302596,0.440395,0.086825,0.091190,0.078098,0.002609,0.167112,0.089005,-0.158340,-0.333480,0.225926,-0.065120,-0.067968,0.044480
1781613845629259239,2026-06-16T19:44:05.629278,prediction,0.110616,0.008000,0.103410,True,0.051119,0.090009,0.132546,0.059498,0.082009,0.029136,4.83,20,-0.134521,0.305807,0.449066,0.102970,0.129150,0.105586,0.005228,0.242599,0.107772,-0.176260,-0.387380,0.246925,-0.067232,-0.078304,0.044704
1781613845661068097,2026-06-16T19:44:05.661090,prediction,0.110175,0.026000,0.103626,True,0.052111,0.093207,0.133581,0.058064,0.067207,0.029956,3.91,20,-0.134521,0.305807,0.449066,0.111261,0.147039,0.116932,0.002609,0.272264,0.113442,-0.174160,-0.396760,0.242443,-0.067680,-0.085152,0.047200
1781613845697097134,2026-06-16T19:44:05.697112,prediction,0.109979,0.034000,0.107492,True,0.055499,0.097365,0.137847,0.054479,0.063366,0.030355,4.81,20,-0.130097,0.309117,0.457377,0.126099,0.189364,0.146606,0.002609,0.342513,0.126528,-0.177240,-0.398860,0.257964,-0.069248,-0.088448,0.049088
1781613845731808377,2026-06-16T19:44:05.731829,prediction,0.109979,0.034000,0.107492,True,0.058691,0.095476,0.137355,0.051288,0.061476,0.029863,4.52,20,-0.130097,0.309117,0.457377,0.135697,0.225142,0.171037,0.000000,0.390945,0.134386,-0.171080,-0.383040,0.260703,-0.067680,-0.096128,0.047424
1781613845758639882,2026-06-16T19:44:05.758656,prediction,0.109979,0.034000,0.107492,True,0.061650,0.094476,0.136409,0.048329,0.060476,0.028917,3.93,20,-0.125289,0.312526,0.465432,0.135697,0.243031,0.184131,0.002609,0.418001,0.134817,-0.180040,-0.381920,0.261367,-0.069184,-0.089888,0.047200
1781613845793953869,2026-06-16T19:44:05.793975,prediction,0.110175,0.026000,0.107409,True,0.064233,0.093074,0.135226,0.045942,0.067074,0.027817,4.18,20,-0.125289,0.312526,0.465432,0.137004,0.261358,0.193291,0.000000,0.441564,0.132208,-0.159600,-0.381920,0.274813,-0.069856,-0.096736,0.043200
1781613845824445264,2026-06-16T19:44:05.824463,prediction,0.106602,0.017000,0.107316,True,0.065509,0.085074,0.133984,0.041093,0.068074,0.026667,4.06,20,-0.120234,0.316032,0.473318,0.137004,0.273138,0.200711,0.002609,0.463813,0.134817,-0.165760,-0.381920,0.266347,-0.069696,-0.097344,0.045984
1781613845857022997,2026-06-16T19:44:05.857039,prediction,0.106213,0.034000,0.107492,True,0.067477,0.090859,0.132037,0.038737,0.056859,0.024545,3.59,20,-0.120234,0.316032,0.473318,0.140492,0.287538,0.213797,0.000000,0.509194,0.140056,-0.157080,-0.351120,0.284939,-0.069792,-0.095232,0.047648
1781613845895384778,2026-06-16T19:44:05.895404,prediction,0.106396,0.026000,0.107409,True,0.072421,0.089602,0.129683,0.033975,0.063602,0.022274,3.94,20,-0.115045,0.319533,0.481126,0.142243,0.289283,0.215544,0.000000,0.501336,0.142675,-0.161420,-0.330680,0.295729,-0.069024,-0.091680,0.045600
1781613845929329392,2026-06-16T19:44:05.929349,prediction,0.106602,0.017000,0.107316,True,0.075078,0.081602,0.127547,0.031524,0.064602,0.020230,3.89,20,-0.115045,0.319533,0.481126,0.145295,0.282742,0.221217,0.000000,0.493046,0.148345,-0.171640,-0.338100,0.282864,-0.067840,-0.092064,0.042752
1781613845959343595,2026-06-16T19:44:05.959360,prediction,0.106396,0.026000,0.111193,True,0.075126,0.085957,0.129907,0.031270,0.059957,0.018714,4.21,20,-0.110127,0.322892,0.489174,0.150097,0.277940,0.219038,0.000000,0.495666,0.150964,-0.176260,-0.317940,0.298551,-0.067680,-0.090720,0.046752
1781613845991735326,2026-06-16T19:44:05.991754,prediction,0.106602,0.017000,0.111115,True,0.077747,0.082765,0.130260,0.028856,0.065765,0.019145,4.01,20,-0.110127,0.322892,0.489174,0.155330,0.269211,0.219038,0.000000,0.487818,0.156634,-0.186200,-0.300580,0.294069,-0.066912,-0.085888,0.045824
1781613846028401891,2026-06-16T19:44:06.028453,prediction,0.106213,0.034000,0.115033,True,0.078801,0.089012,0.132955,0.027412,0.055012,0.017922,4.58,20,-0.105992,0.325705,0.497793,0.161877,0.256125,0.221217,0.000000,0.485199,0.164492,-0.182280,-0.295400,0.296061,-0.066016,-0.089216,0.045696
1781613846062620395,2026-06-16T19:44:06.062642,prediction,0.105618,0.060000,0.115217,True,0.080891,0.097012,0.132226,0.024727,0.037012,0.017009,4.61,20,-0.105992,0.325705,0.497793,0.171475,0.248271,0.221217,0.000000,0.476910,0.169731,-0.189700,-0.298760,0.288840,-0.065120,-0.086944,0.050208
1781613846096205752,2026-06-16T19:44:06.096223,prediction,0.106396,0.026000,0.114977,True,0.085568,0.098810,0.131551,0.020829,0.072810,0.016574,4.36,20,-0.103494,0.327575,0.505284,0.181073,0.229944,0.217730,0.000000,0.441995,0.180640,-0.189000,-0.293160,0.298302,-0.064288,-0.094176,0.047872
1781613846125981862,2026-06-16T19:44:06.125999,prediction,0.106602,0.017000,0.114913,True,0.080816,0.098448,0.129284,0.025786,0.081448,0.014371,4.07,20,-0.103494,0.327575,0.505284,0.189802,0.222091,0.217291,0.000000,0.431529,0.185868,-0.173880,-0.292880,0.290583,-0.061728,-0.093728,0.047040
1781613846161537550,2026-06-16T19:44:06.161561,prediction,0.105252,0.076000,0.115330,True,0.077773,0.106448,0.127297,0.027479,0.030448,0.011966,4.09,20,-0.102788,0.329107,0.511485,0.191108,0.217289,0.215544,0.000000,0.428478,0.188487,-0.200760,-0.292320,0.314487,-0.060608,-0.090048,0.052096
1781613846195594995,2026-06-16T19:44:06.195614,prediction,0.105435,0.068000,0.115274,True,0.078949,0.114448,0.125675,0.026486,0.046448,0.010401,4.08,20,-0.102788,0.329107,0.511485,0.202457,0.202889,0.213365,0.000000,0.414950,0.199396,-0.188160,-0.273000,0.303116,-0.057216,-0.086048,0.049600
1781613846225024508,2026-06-16T19:44:06.225044,prediction,0.101726,0.068000,0.115274,True,0.078272,0.121158,0.124150,0.023454,0.053158,0.008876,4.01,20,-0.110610,0.329723,0.507527,0.207253,0.192853,0.213797,0.000000,0.407092,0.210305,-0.203980,-0.289800,0.307432,-0.054944,-0.082432,0.047872
1781613846265317468,2026-06-16T19:44:06.265340,prediction,0.101365,0.085000,0.119081,True,0.075629,0.129158,0.126644,0.025736,0.044158,0.007563,5.49,20,-0.110610,0.329723,0.507527,0.219033,0.182817,0.210310,0.000000,0.396183,0.221213,-0.175140,-0.273420,0.321210,-0.050880,-0.082368,0.049760
1781613846294808003,2026-06-16T19:44:06.294827,prediction,0.101365,0.085000,0.119081,True,0.075783,0.136326,0.126876,0.025582,0.051327,0.007795,3.84,20,-0.111895,0.331320,0.506648,0.222091,0.179766,0.212057,0.000000,0.390945,0.220782,-0.189000,-0.267400,0.320131,-0.049536,-0.082144,0.050656
1781613846328328343,2026-06-16T19:44:06.328349,prediction,0.101726,0.068000,0.118988,True,0.079854,0.138661,0.125706,0.021872,0.070661,0.006717,4.46,20,-0.111895,0.331320,0.506648,0.223835,0.169730,0.210310,0.000000,0.382655,0.223401,-0.200480,-0.260400,0.318803,-0.044864,-0.076640,0.050720
1781613846364602680,2026-06-16T19:44:06.364625,prediction,0.100855,0.109000,0.119211,True,0.074586,0.146661,0.124890,0.026269,0.037661,0.005679,4.55,20,-0.113736,0.335035,0.505425,0.225142,0.164928,0.211618,0.000000,0.374808,0.223401,-0.205520,-0.254800,0.313325,-0.041984,-0.082816,0.051264
1781613846393386688,2026-06-16T19:44:06.393405,prediction,0.096605,0.140000,0.119379,True,0.069636,0.154661,0.125977,0.026969,0.014661,0.006598,4.53,20,-0.113736,0.335035,0.505425,0.222091,0.161877,0.212057,0.000000,0.369127,0.223401,-0.192080,-0.259140,0.327601,-0.038464,-0.088768,0.046368
1781613846426785671,2026-06-16T19:44:06.426804,prediction,0.097056,0.117000,0.119254,True,0.071830,0.162661,0.126662,0.025226,0.045661,0.007408,4.15,20,-0.114744,0.340778,0.504479,0.217289,0.156637,0.213797,0.000000,0.371747,0.218163,-0.181580,-0.261940,0.320131,-0.034688,-0.084224,0.045248
1781613846461773654,2026-06-16T19:44:06.461792,prediction,0.092870,0.148000,0.119423,True,0.063830,0.170661,0.126015,0.029040,0.022661,0.006592,4.05,20,-0.114744,0.340778,0.504479,0.207253,0.157075,0.213797,0.000000,0.369127,0.205066,-0.141960,-0.256620,0.336648,-0.031072,-0.084768,0.041088
1781613846495607574,2026-06-16T19:44:06.495620,prediction,0.089536,0.133000,0.119341,True,0.055830,0.178661,0.128078,0.033706,0.045661,0.008737,4.21,20,-0.114292,0.348253,0.504074,0.184568,0.150097,0.211618,0.000000,0.361280,0.185868,-0.154280,-0.257180,0.320131,-0.027840,-0.085152,0.042368
1781613846525673649,2026-06-16T19:44:06.525689,prediction,0.085831,0.140000,0.122976,True,0.047830,0.186661,0.133590,0.038000,0.046661,0.010614,3.95,20,-0.114292,0.348253,0.504074,0.178022,0.148352,0.209871,0.000000,0.355610,0.178021,-0.138460,-0.244160,0.319965,-0.026784,-0.087264,0.041984
1781613846568151992,2026-06-16T19:44:06.568165,prediction,0.085713,0.148000,0.123006,True,0.045944,0.194661,0.135413,0.039770,0.046661,0.012407,4.96,20,-0.112312,0.356729,0.503907,0.120859,0.129150,0.196785,0.003051,0.328985,0.121300,-0.078680,-0.202300,0.314487,-0.020480,-0.078976,0.036640
1781613846598402790,2026-06-16T19:44:06.598419,prediction,0.085596,0.156000,0.123036,True,0.044222,0.202661,0.136163,0.041374,0.046661,0.013127,4.49,20,-0.112312,0.356729,0.503907,0.079847,0.109079,0.181945,0.000000,0.293650,0.080716,-0.024780,-0.193620,0.312744,-0.016992,-0.070528,0.027776
1781613846626531185,2026-06-16T19:44:06.626546,prediction,0.082239,0.140000,0.122976,True,0.040710,0.200450,0.137769,0.041529,0.060450,0.014793,4.22,20,-0.109188,0.366168,0.504065,0.079847,0.109079,0.181945,0.000000,0.293650,0.080716,-0.024780,-0.193620,0.312744,-0.016992,-0.070528,0.027776
1781613846660142359,2026-06-16T19:44:06.660162,prediction,0.078374,0.164000,0.123066,True,0.036525,0.208450,0.139370,0.041849,0.044450,0.016303,4.34,20,-0.109188,0.366168,0.504065,0.079847,0.109079,0.181945,0.000000,0.293650,0.080716,-0.024780,-0.193620,0.312744,-0.016992,-0.070528,0.027776
1781613846692701294,2026-06-16T19:44:06.692716,prediction,0.078374,0.164000,0.126623,True,0.038022,0.215560,0.142617,0.040353,0.051560,0.015993,4.22,20,-0.105747,0.375549,0.504643,0.079847,0.109079,0.181945,0.000000,0.293650,0.080716,-0.024780,-0.193620,0.312744,-0.016992,-0.070528,0.027776
1781613846724756242,2026-06-16T19:44:06.724775,prediction,0.074754,0.171000,0.126638,True,0.036775,0.218826,0.141663,0.037979,0.047826,0.015025,4.17,20,-0.105747,0.375549,0.504643,0.045814,0.094679,0.170599,0.000000,0.263975,0.043193,-0.020440,-0.151900,0.304029,-0.015648,-0.068640,0.026944
1781613846766368113,2026-06-16T19:44:06.766387,prediction,0.074676,0.179000,0.126656,True,0.037098,0.224247,0.142033,0.037578,0.045247,0.015377,4.12,20,-0.102177,0.384838,0.505674,0.045814,0.094679,0.170599,0.000000,0.263975,0.043193,-0.020440,-0.151900,0.304029,-0.015648,-0.068640,0.026944
1781613846795336469,2026-06-16T19:44:06.795358,prediction,0.074822,0.164000,0.126623,True,0.039752,0.227191,0.142709,0.035070,0.063191,0.016085,3.96,20,-0.102177,0.384838,0.505674,0.045814,0.094679,0.170599,0.000000,0.263975,0.043193,-0.020440,-0.151900,0.304029,-0.015648,-0.068640,0.026944
1781613846824862380,2026-06-16T19:44:06.824875,prediction,0.074676,0.179000,0.126656,True,0.036831,0.233553,0.141872,0.037845,0.054553,0.015217,3.83,20,-0.098622,0.394092,0.506880,0.045814,0.094679,0.170599,0.000000,0.263975,0.043193,-0.020440,-0.151900,0.304029,-0.015648,-0.068640,0.026944
1781613846859132652,2026-06-16T19:44:06.859149,prediction,0.071149,0.179000,0.126656,True,0.035304,0.238642,0.141781,0.035845,0.059642,0.015125,4.09,20,-0.098622,0.394092,0.506880,0.122603,0.041012,0.068938,0.000000,0.029665,0.123908,0.186200,0.104440,0.275975,-0.019552,-0.039520,-0.037472
1781613846891308054,2026-06-16T19:44:06.891323,prediction,0.070848,0.216000,0.126735,True,0.033829,0.246642,0.141809,0.037020,0.030643,0.015074,4.09,20,-0.094914,0.403271,0.508224,0.092934,0.142243,0.075920,0.000000,0.065010,0.091624,0.084000,0.090720,0.319467,-0.037408,0.047648,-0.033408
1781613846926696355,2026-06-16T19:44:06.926714,prediction,0.071092,0.186000,0.126671,True,0.037953,0.250514,0.139908,0.033139,0.064514,0.013237,4.13,20,-0.094914,0.403271,0.508224,0.078534,0.147039,0.089444,0.000000,0.056279,0.078096,0.086380,0.091980,0.326356,-0.039200,0.048640,-0.035520
1781613846967109364,2026-06-16T19:44:06.967126,prediction,0.071149,0.179000,0.126656,True,0.031526,0.252211,0.138235,0.039623,0.073211,0.011579,3.87,20,-0.091254,0.412518,0.509610,0.078534,0.147039,0.089444,0.000000,0.056279,0.078096,0.086380,0.091980,0.326356,-0.039200,0.048640,-0.035520
1781613846995754831,2026-06-16T19:44:06.995775,prediction,0.071213,0.171000,0.126638,True,0.027462,0.251969,0.137165,0.043751,0.080969,0.010527,4.26,20,-0.091254,0.412518,0.509610,0.078534,0.147039,0.089444,0.000000,0.056279,0.078096,0.086380,0.091980,0.326356,-0.039200,0.048640,-0.035520
1781613847025442123,2026-06-16T19:44:07.025461,prediction,0.074530,0.194000,0.123180,True,0.031059,0.256375,0.134052,0.043471,0.062375,0.010872,4.12,20,-0.087703,0.421760,0.510930,0.078534,0.147039,0.089444,0.000000,0.056279,0.078096,0.086380,0.091980,0.326356,-0.039200,0.048640,-0.035520
1781613847059881884,2026-06-16T19:44:07.059900,prediction,0.074676,0.179000,0.123123,True,0.039059,0.256900,0.131578,0.035617,0.077900,0.008455,4.03,20,-0.087703,0.421760,0.510930,0.066754,0.153586,0.100352,0.000000,0.056721,0.070249,0.066220,0.108080,0.320712,-0.040480,0.043968,-0.031520
1781613847094248965,2026-06-16T19:44:07.094267,prediction,0.074530,0.194000,0.123180,True,0.038320,0.260320,0.129407,0.036209,0.066320,0.006227,4.13,20,-0.084559,0.431203,0.511918,0.035778,0.186313,0.171037,0.000000,0.016137,0.037523,-0.134540,0.107520,0.345114,-0.050656,0.039296,0.031840
1781613847134619848,2026-06-16T19:44:07.134641,prediction,0.074530,0.194000,0.123180,True,0.038808,0.263056,0.127600,0.035722,0.069056,0.004420,4.09,20,-0.084559,0.431203,0.511918,0.058463,0.185875,0.185870,0.000000,0.002609,0.059340,-0.141960,0.074340,0.336648,-0.051872,0.040960,0.033792
1781613847166133526,2026-06-16T19:44:07.166154,prediction,0.074608,0.186000,0.123150,True,0.043915,0.263645,0.126465,0.030693,0.077645,0.003316,4.15,20,-0.081894,0.440776,0.512454,0.063703,0.186313,0.187618,0.000000,0.000000,0.064568,-0.144060,0.070000,0.328597,-0.052480,0.037248,0.034464
1781613847201914994,2026-06-16T19:44:07.201941,prediction,0.074393,0.208000,0.123233,True,0.042906,0.268516,0.124570,0.031487,0.060516,0.001337,5.97,20,-0.081894,0.440776,0.512454,0.079847,0.181073,0.196785,0.000000,0.007847,0.080716,-0.139720,0.049560,0.347355,-0.053216,-0.044480,0.037792
1781613847229439566,2026-06-16T19:44:07.229501,prediction,0.074315,0.216000,0.119792,True,0.045068,0.274013,0.121735,0.029247,0.058013,0.001943,4.01,20,-0.079898,0.450639,0.512380,0.083336,0.179766,0.198964,0.000000,0.021807,0.083335,-0.142800,0.052360,0.348185,-0.053504,-0.050816,0.037472
1781613847269815243,2026-06-16T19:44:07.269836,prediction,0.074461,0.201000,0.119710,True,0.049368,0.269139,0.121297,0.025094,0.068139,0.001586,4.23,20,-0.079898,0.450639,0.512380,0.083336,0.179766,0.198964,0.000000,0.021807,0.083335,-0.142800,0.052360,0.348185,-0.053504,-0.050816,0.037472
1781613847300659286,2026-06-16T19:44:07.300679,prediction,0.074461,0.201000,0.119710,True,0.048553,0.271511,0.119033,0.025908,0.070511,0.000678,4.24,20,-0.078288,0.460468,0.511918,0.083336,0.179766,0.198964,0.000000,0.021807,0.083335,-0.142800,0.052360,0.348185,-0.053504,-0.050816,0.037472
1781613847333587547,2026-06-16T19:44:07.333608,prediction,0.074247,0.223000,0.116370,True,0.048455,0.277809,0.114360,0.025792,0.054809,0.002010,4.68,20,-0.078288,0.460468,0.511918,0.083336,0.179766,0.198964,0.000000,0.021807,0.083335,-0.142800,0.052360,0.348185,-0.053504,-0.050816,0.037472
1781613847364840194,2026-06-16T19:44:07.364862,prediction,0.070792,0.223000,0.105989,True,0.049560,0.282847,0.106636,0.021231,0.059847,0.000646,4.37,20,-0.077804,0.470264,0.510162,0.083336,0.179766,0.198964,0.000000,0.021807,0.083335,-0.142800,0.052360,0.348185,-0.053504,-0.050816,0.037472
1781613847396455759,2026-06-16T19:44:07.396475,prediction,0.070735,0.230000,0.106073,True,0.052792,0.288277,0.105318,0.017943,0.058278,0.000755,4.20,20,-0.077804,0.470264,0.510162,0.083336,0.174964,0.202458,0.000000,0.026614,0.083766,-0.157080,0.073780,0.343537,-0.053664,-0.052544,0.037632
1781613847428123522,2026-06-16T19:44:07.428142,prediction,0.070735,0.230000,0.106073,True,0.053546,0.289398,0.105484,0.017188,0.059399,0.000589,4.07,20,-0.078162,0.479870,0.507205,0.080279,0.161439,0.217730,0.000000,0.054101,0.078096,-0.117180,0.023240,0.348517,-0.053216,-0.051712,0.035968
1781613847460652638,2026-06-16T19:44:07.460671,prediction,0.067246,0.237000,0.106157,True,0.050844,0.293982,0.103300,0.016401,0.056982,0.002858,4.40,20,-0.078162,0.479870,0.507205,0.076790,0.163621,0.219470,0.000000,0.056721,0.075477,-0.131040,0.015120,0.339470,-0.053056,-0.055712,0.036576
1781613847494144844,2026-06-16T19:44:07.494163,prediction,0.067246,0.237000,0.106157,True,0.053215,0.287618,0.102662,0.014031,0.050618,0.003495,4.22,20,-0.079282,0.488976,0.503318,0.070243,0.163621,0.222964,0.000000,0.059340,0.072857,-0.123900,0.008960,0.343703,-0.052992,-0.052384,0.034688
1781613847530440070,2026-06-16T19:44:07.530463,prediction,0.063847,0.230000,0.102625,True,0.052661,0.279618,0.100005,0.011186,0.049618,0.002619,4.30,20,-0.079282,0.488976,0.503318,0.067192,0.163621,0.222964,0.000000,0.059340,0.067188,-0.134120,0.033740,0.342541,-0.052992,-0.051200,0.035456
1781613847566732875,2026-06-16T19:44:07.566753,prediction,0.060381,0.237000,0.099283,True,0.049536,0.278536,0.098090,0.010845,0.041536,0.001193,4.29,20,-0.081398,0.497538,0.498635,0.057156,0.173219,0.225143,0.000000,0.053659,0.056721,-0.118300,0.014840,0.350592,-0.051648,-0.050272,0.034688
1781613847598259238,2026-06-16T19:44:07.598276,prediction,0.060359,0.244000,0.099390,True,0.052107,0.280547,0.099083,0.008252,0.036547,0.000307,3.89,20,-0.081398,0.497538,0.498635,0.049303,0.178022,0.226890,0.000000,0.048432,0.048863,-0.104720,0.022260,0.342209,-0.051040,-0.050496,0.031232
1781613847631755872,2026-06-16T19:44:07.631776,prediction,0.056938,0.244000,0.099390,True,0.051831,0.276235,0.099203,0.005107,0.032235,0.000188,4.21,20,-0.083598,0.504875,0.493440,0.042756,0.181073,0.226890,0.000000,0.048863,0.043193,-0.097300,0.010780,0.351090,-0.050272,-0.047424,0.029440
1781613847662964876,2026-06-16T19:44:07.662977,prediction,0.056916,0.258000,0.099604,True,0.052403,0.281626,0.098551,0.004513,0.023626,0.001054,4.09,20,-0.083598,0.504875,0.493440,0.029231,0.186313,0.224704,0.000000,0.037954,0.029665,-0.112140,0.022540,0.348019,-0.048768,-0.046880,0.030336
1781613847695519054,2026-06-16T19:44:07.695543,prediction,0.050145,0.272000,0.096439,True,0.046334,0.289626,0.096165,0.003810,0.017626,0.000274,4.22,20,-0.085713,0.510646,0.488243,0.026174,0.189364,0.226890,0.000000,0.035335,0.027045,-0.115920,0.021000,0.344201,-0.048032,-0.048480,0.029888
1781613847725821074,2026-06-16T19:44:07.725837,prediction,0.050169,0.286000,0.096676,True,0.047979,0.297626,0.097929,0.002190,0.011626,0.001254,3.96,20,-0.085713,0.510646,0.488243,0.007853,0.199400,0.221217,0.000000,0.024426,0.008289,-0.092680,0.035000,0.340798,-0.046208,-0.042976,0.027680
1781613847760954040,2026-06-16T19:44:07.760977,prediction,0.050157,0.279000,0.096557,True,0.051781,0.299545,0.098358,0.001624,0.020546,0.001801,4.19,20,-0.087085,0.515297,0.483299,0.003489,0.205509,0.219470,0.000000,0.021807,0.002609,-0.093520,0.031500,0.350758,-0.045152,-0.039680,0.025504
1781613847795529880,2026-06-16T19:44:07.795547,prediction,0.050191,0.299000,0.096896,True,0.046875,0.307545,0.097835,0.003316,0.008546,0.000939,4.54,20,-0.087085,0.515297,0.483299,0.009598,0.215544,0.213797,0.000000,0.002609,0.008289,0.058800,0.013580,0.346691,-0.044096,-0.040192,-0.023392
1781613847828754254,2026-06-16T19:44:07.828773,prediction,0.050226,0.319000,0.093932,True,0.046475,0.315545,0.095196,0.003751,0.003455,0.001264,4.46,20,-0.087668,0.519800,0.479189,0.029669,0.223835,0.210310,0.000000,0.005228,0.029665,0.091140,0.022540,0.332000,-0.042912,0.012704,-0.029280
1781613847870991431,2026-06-16T19:44:07.871012,prediction,0.046928,0.319000,0.093932,True,0.048482,0.323545,0.095500,0.001554,0.004545,0.001568,4.01,20,-0.087668,0.519800,0.479189,0.044069,0.232127,0.200711,0.000000,0.034903,0.045812,0.118720,0.019180,0.336648,-0.041856,0.044928,-0.032960
1781613847909339140,2026-06-16T19:44:07.909356,prediction,0.046928,0.319000,0.093932,True,0.049832,0.331545,0.095741,0.002904,0.012545,0.001809,4.16,20,-0.087753,0.523608,0.476490,0.054105,0.238235,0.195038,0.000000,0.045812,0.054101,0.121520,0.013860,0.334241,-0.040480,0.044864,-0.034912
1781613847940757197,2026-06-16T19:44:07.940771,prediction,0.046908,0.313000,0.093821,True,0.047899,0.339545,0.095513,0.000991,0.026545,0.001693,4.13,20,-0.087515,0.528379,0.475132,0.070243,0.244782,0.182383,0.000000,0.064568,0.067629,0.118020,0.031920,0.331170,-0.039744,0.049600,-0.035232
1781613847970395875,2026-06-16T19:44:07.970411,prediction,0.046908,0.313000,0.093821,True,0.045934,0.347545,0.093653,0.000974,0.034545,0.000167,3.99,20,-0.087515,0.528379,0.475132,0.078534,0.250016,0.174532,0.000000,0.078096,0.078096,0.119560,0.027860,0.323949,-0.039424,0.045312,-0.037920
1781613848002837244,2026-06-16T19:44:08.002853,prediction,0.046952,0.326000,0.090771,True,0.045801,0.355545,0.089723,0.001150,0.029545,0.001048,3.80,20,-0.087515,0.528379,0.475132,0.088139,0.253067,0.161877,0.000000,0.094675,0.089005,0.113400,-0.002660,0.334075,-0.039136,0.050048,-0.038016
1781613848035647874,2026-06-16T19:44:08.035669,prediction,0.046952,0.326000,0.090771,True,0.047290,0.360802,0.090234,0.000338,0.034802,0.000538,4.17,20,-0.086919,0.533788,0.473938,0.088139,0.253067,0.161877,0.000000,0.094675,0.089005,0.113400,-0.002660,0.334075,-0.039136,0.050048,-0.038016
1781613848067985988,2026-06-16T19:44:08.068009,prediction,0.047016,0.345000,0.091155,True,0.044454,0.368802,0.089871,0.002561,0.023802,0.001284,5.93,20,-0.086919,0.533788,0.473938,0.088139,0.253067,0.161877,0.000000,0.094675,0.089005,0.113400,-0.002660,0.334075,-0.039136,0.050048,-0.038016
1781613848108119331,2026-06-16T19:44:08.108142,prediction,0.047100,0.370000,0.091661,True,0.044003,0.376802,0.088872,0.003097,0.006802,0.002788,4.25,20,-0.086222,0.541262,0.472688,0.088139,0.253067,0.161877,0.000000,0.094675,0.089005,0.113400,-0.002660,0.334075,-0.039136,0.050048,-0.038016
1781613848156473695,2026-06-16T19:44:08.156491,prediction,0.047080,0.364000,0.088311,True,0.047218,0.384802,0.086754,0.000138,0.020802,0.001557,9.42,20,-0.085532,0.548862,0.471647,0.094679,0.226887,0.098604,0.000000,0.132208,0.094244,0.103180,-0.053620,0.294401,-0.037696,0.055168,-0.037568
1781613848198546747,2026-06-16T19:44:08.198572,prediction,0.047100,0.370000,0.088442,True,0.044149,0.392802,0.086767,0.002951,0.022802,0.001675,9.35,20,-0.085532,0.548862,0.471647,0.082899,0.212493,0.078098,0.000000,0.134386,0.086386,0.091140,-0.061600,0.286848,-0.037856,0.050048,-0.036864
1781613848239006230,2026-06-16T19:44:08.239028,prediction,0.047124,0.377000,0.088595,True,0.043296,0.400802,0.087752,0.003828,0.023802,0.000843,5.89,20,-0.084887,0.557795,0.470519,0.076790,0.202457,0.068500,0.000000,0.132208,0.075477,0.087080,-0.091420,0.279793,-0.039072,0.051872,-0.034304
1781613848271436882,2026-06-16T19:44:08.271461,prediction,0.047100,0.370000,0.088442,True,0.044231,0.408802,0.086949,0.002869,0.038802,0.001493,4.89,20,-0.084887,0.557795,0.470519,0.065447,0.186313,0.061518,0.000000,0.124350,0.067629,0.081760,-0.096600,0.267592,-0.040864,0.043744,-0.031232
1781613848310420822,2026-06-16T19:44:08.310443,prediction,0.047144,0.383000,0.088726,True,0.043250,0.416802,0.085778,0.003894,0.033802,0.002948,4.60,20,-0.084429,0.566425,0.469614,0.065447,0.186313,0.061518,0.000000,0.124350,0.067629,0.081760,-0.096600,0.267592,-0.040864,0.043744,-0.031232
1781613848347115888,2026-06-16T19:44:08.347133,prediction,0.047184,0.395000,0.085811,True,0.042805,0.424802,0.084094,0.004379,0.029802,0.001717,5.15,20,-0.083889,0.576349,0.468565,0.065447,0.186313,0.061518,0.000000,0.124350,0.067629,0.081760,-0.096600,0.267592,-0.040864,0.043744,-0.031232
1781613848380061636,2026-06-16T19:44:08.380081,prediction,0.047184,0.395000,0.085811,True,0.043335,0.432802,0.085401,0.003849,0.037802,0.000410,4.43,20,-0.083889,0.576349,0.468565,0.065447,0.186313,0.061518,0.000000,0.124350,0.067629,0.081760,-0.096600,0.267592,-0.040864,0.043744,-0.031232
1781613848416849578,2026-06-16T19:44:08.416880,prediction,0.047205,0.401000,0.082784,True,0.042118,0.440802,0.082761,0.005087,0.039802,0.000023,4.91,20,-0.083474,0.586282,0.467540,0.022685,0.132208,0.072425,0.000000,0.059340,0.024426,0.073080,-0.100660,0.293654,-0.050496,0.035968,-0.028672
1781613848451180678,2026-06-16T19:44:08.451196,prediction,0.047225,0.407000,0.082935,True,0.041930,0.448802,0.083342,0.005295,0.041802,0.000407,4.97,20,-0.083474,0.586282,0.467540,0.017889,0.124354,0.083771,0.000000,0.037523,0.016137,0.056700,-0.091980,0.305191,-0.052160,0.038304,-0.028064
1781613848484841284,2026-06-16T19:44:08.484862,prediction,0.047225,0.407000,0.082935,True,0.041804,0.455130,0.083662,0.005421,0.048130,0.000727,4.65,20,-0.082976,0.596170,0.466502,0.011342,0.124354,0.106025,0.000000,0.016137,0.013086,0.078400,-0.085120,0.314155,-0.055040,0.035840,-0.028000
1781613848514428750,2026-06-16T19:44:08.514444,prediction,0.050368,0.401000,0.082784,True,0.045609,0.453796,0.083559,0.004759,0.052796,0.000775,4.40,20,-0.082976,0.596170,0.466502,0.011342,0.127406,0.118679,0.000000,0.007847,0.010898,0.080220,-0.110600,0.312412,-0.056064,0.035360,-0.028736
1781613848545470274,2026-06-16T19:44:08.545485,prediction,0.050388,0.413000,0.079938,True,0.041488,0.461637,0.079543,0.008900,0.048637,0.000395,6.20,20,-0.082560,0.606155,0.465494,0.011342,0.130457,0.133951,0.000000,0.002609,0.007847,0.074620,-0.101920,0.324945,-0.057280,0.021152,-0.029120
1781613848574160565,2026-06-16T19:44:08.574179,prediction,0.050378,0.407000,0.079778,True,0.041183,0.461546,0.080144,0.009195,0.054546,0.000366,4.73,20,-0.082560,0.606155,0.465494,0.010029,0.137004,0.148784,0.000000,0.005228,0.008289,0.065100,-0.080220,0.324115,-0.057600,-0.016384,-0.029440
1781613848609012266,2026-06-16T19:44:08.609033,prediction,0.050388,0.413000,0.076790,True,0.039934,0.463043,0.078060,0.010454,0.050043,0.001270,6.09,20,-0.082125,0.616095,0.464512,0.011342,0.143988,0.161877,0.000000,0.021807,0.010467,0.064120,-0.082740,0.319467,-0.058112,-0.041920,-0.030944
1781613848638233751,2026-06-16T19:44:08.638248,prediction,0.050378,0.407000,0.076620,True,0.040895,0.457027,0.078854,0.009483,0.050027,0.002235,4.13,20,-0.082125,0.616095,0.464512,0.011342,0.151841,0.174963,0.000000,0.027045,0.010467,0.065380,-0.088340,0.329261,-0.059104,-0.043584,-0.030240
1781613848668246204,2026-06-16T19:44:08.668266,prediction,0.050368,0.401000,0.076449,True,0.039701,0.450001,0.078481,0.010666,0.049001,0.002031,4.36,20,-0.082125,0.616095,0.464512,0.013087,0.157075,0.188056,0.000000,0.032284,0.013086,0.070980,-0.077140,0.339968,-0.059680,-0.044864,-0.030624
1781613848700997105,2026-06-16T19:44:08.701016,prediction,0.050378,0.407000,0.076620,True,0.037836,0.450477,0.078150,0.012542,0.043477,0.001530,4.95,20,-0.081644,0.626244,0.463479,0.014831,0.164928,0.198964,0.000000,0.034903,0.013086,0.083300,-0.088340,0.333079,-0.060000,-0.046752,-0.030560
1781613848733534742,2026-06-16T19:44:08.733555,prediction,0.050388,0.413000,0.073642,True,0.039992,0.451089,0.076142,0.010397,0.038089,0.002500,4.79,20,-0.081644,0.626244,0.463479,0.016576,0.171475,0.211618,0.000000,0.043193,0.019198,0.087360,-0.107520,0.345114,-0.061184,-0.048256,-0.031680
1781613848766764537,2026-06-16T19:44:08.766780,prediction,0.050378,0.407000,0.073462,True,0.042479,0.443195,0.076382,0.007900,0.036195,0.002920,4.20,20,-0.081142,0.635908,0.462406,0.017889,0.174533,0.224704,0.000000,0.045812,0.018756,0.081480,-0.077420,0.342043,-0.062112,-0.050816,-0.030720
1781613848802356731,2026-06-16T19:44:08.802374,prediction,0.047306,0.431000,0.074184,True,0.038205,0.451195,0.076436,0.009101,0.020195,0.002252,4.83,20,-0.081142,0.635908,0.462406,0.019634,0.176708,0.230377,0.000000,0.048432,0.021807,0.087640,-0.077420,0.342209,-0.062112,-0.055328,-0.031008
1781613848833446025,2026-06-16T19:44:08.833465,prediction,0.050399,0.419000,0.073823,True,0.040696,0.450666,0.077100,0.009703,0.031666,0.003277,4.35,20,-0.080638,0.645870,0.461230,0.019196,0.179766,0.236050,0.000000,0.054101,0.018756,0.087640,-0.082460,0.340632,-0.061792,-0.054272,-0.031296
1781613848863216074,2026-06-16T19:44:08.863233,prediction,0.050409,0.425000,0.074003,True,0.036802,0.451877,0.076271,0.013607,0.026877,0.002268,4.85,20,-0.080638,0.645870,0.461230,0.019196,0.179766,0.236050,0.000000,0.054101,0.018756,0.087640,-0.082460,0.340632,-0.061792,-0.054272,-0.031296
1781613848899340227,2026-06-16T19:44:08.899357,prediction,0.050409,0.425000,0.074003,True,0.036090,0.448649,0.077543,0.014319,0.023649,0.003540,4.76,20,-0.080011,0.655757,0.459866,0.019196,0.179766,0.236050,0.000000,0.054101,0.018756,0.087640,-0.082460,0.340632,-0.061792,-0.054272,-0.031296
1781613848931568837,2026-06-16T19:44:08.931587,prediction,0.050430,0.437000,0.074364,True,0.035315,0.456649,0.079584,0.015115,0.019649,0.005220,6.01,20,-0.080011,0.655757,0.459866,0.021378,0.181073,0.236050,0.000000,0.054101,0.018756,0.082460,-0.095480,0.340466,-0.061952,-0.052832,-0.032672
1781613848966106175,2026-06-16T19:44:08.966126,prediction,0.050430,0.437000,0.074364,True,0.037429,0.457401,0.079943,0.013001,0.020401,0.005579,4.55,20,-0.079187,0.665608,0.458423,0.023122,0.192422,0.262229,0.000000,0.067188,0.023995,0.075600,-0.113120,0.342873,-0.064064,-0.053440,-0.030016
1781613848994501123,2026-06-16T19:44:08.994519,prediction,0.050420,0.431000,0.074184,True,0.039897,0.450377,0.080147,0.010523,0.019377,0.005963,4.00,20,-0.079187,0.665608,0.458423,0.022685,0.194604,0.265723,0.000000,0.069807,0.023995,0.089460,-0.113120,0.337561,-0.063904,-0.054432,-0.030464
1781613849027436291,2026-06-16T19:44:09.027456,prediction,0.050430,0.437000,0.074364,True,0.035836,0.454627,0.079164,0.014593,0.017627,0.004799,4.04,20,-0.078138,0.675429,0.456852,0.024429,0.195911,0.263976,0.000000,0.072857,0.023995,0.086100,-0.139160,0.353165,-0.063616,-0.050944,-0.029504
1781613849060824672,2026-06-16T19:44:09.060843,prediction,0.050420,0.431000,0.074184,True,0.037691,0.451830,0.080660,0.012729,0.020830,0.006476,4.21,20,-0.078138,0.675429,0.456852,0.024429,0.192422,0.265723,0.000000,0.075046,0.023995,0.068740,-0.132860,0.339802,-0.065120,-0.056384,-0.031680
1781613849097145434,2026-06-16T19:44:09.097166,prediction,0.050420,0.431000,0.074184,True,0.038126,0.447214,0.080242,0.012293,0.016214,0.006059,4.57,20,-0.076912,0.683630,0.455504,0.022685,0.189802,0.267471,0.000000,0.075477,0.021807,0.071260,-0.115220,0.346691,-0.064800,-0.053152,-0.031904
1781613849128398362,2026-06-16T19:44:09.128420,prediction,0.050449,0.448000,0.074695,True,0.037607,0.455136,0.080897,0.012842,0.007136,0.006202,4.27,20,-0.076912,0.683630,0.455504,0.020940,0.191108,0.267471,0.000000,0.075477,0.021375,0.063420,-0.131740,0.352335,-0.065568,-0.055392,-0.033856
1781613849163420185,2026-06-16T19:44:09.163440,prediction,0.050449,0.448000,0.071605,True,0.039564,0.456554,0.079161,0.010885,0.008554,0.007556,4.28,20,-0.075701,0.689658,0.454556,0.021378,0.191108,0.269649,0.000000,0.078538,0.021375,0.063420,-0.154000,0.354908,-0.065408,-0.053216,-0.032000
1781613849194561397,2026-06-16T19:44:09.194576,prediction,0.050449,0.448000,0.071605,True,0.040778,0.454576,0.079705,0.009671,0.006576,0.008100,4.02,20,-0.075701,0.689658,0.454556,0.021378,0.189802,0.267471,0.000000,0.080716,0.021807,0.072520,-0.146580,0.363872,-0.066176,-0.053824,-0.029792
1781613849229248214,2026-06-16T19:44:09.229287,prediction,0.047383,0.454000,0.071795,True,0.037809,0.459062,0.079677,0.009574,0.005062,0.007882,4.45,20,-0.074850,0.693591,0.454249,0.019634,0.189364,0.269649,0.000000,0.080716,0.019198,0.076860,-0.129220,0.345612,-0.065952,-0.053504,-0.032672
1781613849265908757,2026-06-16T19:44:09.265931,prediction,0.050449,0.448000,0.071605,True,0.042530,0.456127,0.079791,0.007919,0.008127,0.008187,4.14,20,-0.074850,0.693591,0.454249,0.019196,0.191108,0.267471,0.000000,0.078096,0.018756,0.071820,-0.155260,0.350758,-0.067360,-0.052768,-0.034176
1781613849305503508,2026-06-16T19:44:09.305518,prediction,0.050489,0.471000,0.072334,True,0.039586,0.464127,0.078505,0.010902,0.006873,0.006171,4.35,20,-0.075519,0.690425,0.455189,0.016576,0.187619,0.271396,0.000000,0.083335,0.018756,0.076440,-0.146860,0.365366,-0.067840,-0.049760,-0.030176
1781613849343854945,2026-06-16T19:44:09.343876,prediction,0.050478,0.465000,0.069081,True,0.038870,0.471823,0.077263,0.011608,0.006823,0.008181,4.45,20,-0.075789,0.691888,0.455593,0.016576,0.189802,0.271396,0.000000,0.080716,0.016137,0.061040,-0.149380,0.361631,-0.067520,-0.052704,-0.031456
1781613849378887549,2026-06-16T19:44:09.378907,prediction,0.050470,0.460000,0.071985,True,0.036553,0.473549,0.079862,0.013917,0.013549,0.007876,4.91,20,-0.075789,0.691888,0.455593,0.014831,0.189364,0.273144,0.000000,0.080716,0.016137,0.056980,-0.152460,0.352501,-0.067520,-0.048992,-0.029280
1781613849407814655,2026-06-16T19:44:09.407829,prediction,0.050499,0.477000,0.072524,True,0.035005,0.481549,0.079706,0.015494,0.004549,0.007182,4.57,20,-0.075174,0.694068,0.455563,0.013087,0.192853,0.271396,0.000000,0.081158,0.013517,0.051100,-0.173600,0.352169,-0.067968,-0.052000,-0.027392
1781613849440965920,2026-06-16T19:44:09.440985,prediction,0.050527,0.493000,0.073032,True,0.036990,0.489549,0.079260,0.013537,0.003451,0.006229,4.85,20,-0.075174,0.694068,0.455563,0.011342,0.191108,0.271396,0.000000,0.083766,0.013517,0.054180,-0.175420,0.359556,-0.067360,-0.049312,-0.026880
1781613849477001541,2026-06-16T19:44:09.477022,prediction,0.050499,0.477000,0.069482,True,0.042224,0.494642,0.077459,0.008275,0.017643,0.007977,5.14,20,-0.075642,0.697233,0.455752,0.006540,0.184568,0.263976,0.000000,0.078096,0.005228,0.055720,-0.171360,0.359556,-0.067520,-0.047104,-0.028384
1781613849506264642,2026-06-16T19:44:09.506280,prediction,0.050489,0.471000,0.069281,True,0.040997,0.495820,0.076784,0.009492,0.024820,0.007503,5.04,20,-0.075642,0.697233,0.455752,0.006540,0.184568,0.263976,0.000000,0.075477,0.005670,0.052640,-0.179480,0.345944,-0.067232,-0.052832,-0.028288
1781613849537387811,2026-06-16T19:44:09.537409,prediction,0.050508,0.482000,0.069648,True,0.039946,0.503820,0.075995,0.010562,0.021820,0.006347,4.29,20,-0.075642,0.697233,0.455752,0.001307,0.173219,0.245649,0.000000,0.072426,0.002609,0.060340,-0.197400,0.345612,-0.066560,-0.047936,-0.029504
1781613849573358149,2026-06-16T19:44:09.573378,prediction,0.050546,0.504000,0.070382,True,0.042473,0.511820,0.074920,0.008073,0.007820,0.004538,4.37,20,-0.075929,0.701273,0.455270,0.000000,0.163184,0.230377,0.000000,0.067188,0.000000,0.052080,-0.226520,0.327601,-0.066240,-0.049536,-0.025664
1781613849605503369,2026-06-16T19:44:09.605521,prediction,0.050527,0.493000,0.070015,True,0.049648,0.519820,0.073858,0.000878,0.026820,0.003843,4.16,20,-0.076429,0.706254,0.454783,0.000000,0.147039,0.209871,0.000000,0.067629,0.000000,0.008960,-0.232120,0.338557,-0.066240,-0.047584,-0.014432
1781613849634616380,2026-06-16T19:44:09.634644,prediction,0.050518,0.488000,0.069848,True,0.047442,0.525723,0.072285,0.003076,0.037723,0.002436,4.52,20,-0.076429,0.706254,0.454783,0.000000,0.125661,0.185870,0.000000,0.059340,0.002609,-0.040880,-0.272720,0.318803,-0.063680,-0.052000,0.009024
1781613849663244918,2026-06-16T19:44:09.663265,prediction,0.050573,0.520000,0.070916,True,0.046050,0.533723,0.071381,0.004524,0.013723,0.000465,4.39,20,-0.076429,0.706254,0.454783,0.000000,0.112568,0.171037,0.000000,0.056279,0.002609,-0.079940,-0.272440,0.305689,-0.062464,-0.049760,0.019040
1781613849695790157,2026-06-16T19:44:09.695804,prediction,0.050584,0.526000,0.071116,True,0.049942,0.541723,0.071544,0.000642,0.015723,0.000428,4.12,20,-0.077399,0.713400,0.453969,0.003489,0.094679,0.140933,0.000000,0.045812,0.002609,-0.110040,-0.308420,0.298136,-0.061728,-0.047040,0.026944
1781613849727509146,2026-06-16T19:44:09.727532,prediction,0.050584,0.526000,0.074078,True,0.054493,0.549723,0.073615,0.003909,0.023723,0.000464,4.04,20,-0.077399,0.713400,0.453969,0.004796,0.055412,0.087266,0.000000,0.032284,0.005670,-0.112420,-0.323540,0.277054,-0.061792,-0.046208,0.024064
1781613849761757638,2026-06-16T19:44:09.761771,prediction,0.050610,0.541000,0.071616,True,0.050891,0.557723,0.071629,0.000282,0.016723,0.000012,4.06,20,-0.078754,0.722068,0.453099,0.003489,0.032720,0.061518,0.000000,0.027045,0.003051,-0.113680,-0.307440,0.272738,-0.061792,-0.046432,0.025600
1781613849793731359,2026-06-16T19:44:09.793747,prediction,0.047626,0.526000,0.071116,True,0.048529,0.565604,0.072714,0.000903,0.039604,0.001598,3.95,20,-0.078754,0.722068,0.453099,0.001744,0.023122,0.046246,0.000000,0.023995,0.000000,-0.115220,-0.305340,0.276639,-0.062240,-0.041856,0.024064
1781613849827702443,2026-06-16T19:44:09.827722,prediction,0.047643,0.531000,0.071283,True,0.047586,0.573604,0.073811,0.000057,0.042604,0.002528,3.96,20,-0.079902,0.731818,0.452274,0.000000,0.018320,0.038826,0.000000,0.021375,0.000000,-0.102200,-0.308140,0.272904,-0.062560,-0.040960,0.021600
1781613849863875237,2026-06-16T19:44:09.863900,prediction,0.047606,0.520000,0.070916,True,0.048999,0.571782,0.074564,0.001393,0.051782,0.003648,4.55,20,-0.079902,0.731818,0.452274,0.000000,0.018320,0.038826,0.000000,0.021375,0.000000,-0.102200,-0.308140,0.272904,-0.062560,-0.040960,0.021600
1781613849908499907,2026-06-16T19:44:09.908523,prediction,0.047626,0.526000,0.071116,True,0.042384,0.569904,0.074135,0.005241,0.043904,0.003019,6.61,20,-0.080990,0.741622,0.451663,0.000000,0.018320,0.038826,0.000000,0.021375,0.000000,-0.102200,-0.308140,0.272904,-0.062560,-0.040960,0.021600
1781613849941081394,2026-06-16T19:44:09.941099,prediction,0.047643,0.531000,0.071283,True,0.040337,0.572635,0.074391,0.007306,0.041635,0.003109,7.75,20,-0.081963,0.751360,0.451074,0.000000,0.018320,0.038826,0.000000,0.021375,0.000000,-0.102200,-0.308140,0.272904,-0.062560,-0.040960,0.021600
1781613849970034901,2026-06-16T19:44:09.970055,prediction,0.047643,0.531000,0.071283,True,0.041925,0.568902,0.075818,0.005718,0.037902,0.004535,7.07,20,-0.081963,0.751360,0.451074,0.000000,0.018320,0.038826,0.000000,0.021375,0.000000,-0.102200,-0.308140,0.272904,-0.062560,-0.040960,0.021600
1781613849997313947,2026-06-16T19:44:09.997335,prediction,0.047713,0.552000,0.071983,True,0.037997,0.576902,0.076446,0.009716,0.024902,0.004463,4.15,20,-0.081963,0.751360,0.451074,0.000000,0.013087,0.035339,0.000000,0.018756,0.000000,-0.087080,-0.306880,0.272572,-0.062848,-0.042304,0.018656
1781613850039592343,2026-06-16T19:44:10.039611,prediction,0.047659,0.536000,0.074395,True,0.038856,0.574068,0.079034,0.008803,0.038068,0.004638,7.07,20,-0.082370,0.761279,0.450670,0.016576,0.066754,0.111698,0.000000,0.045812,0.016137,0.082740,-0.229600,0.332249,-0.068576,-0.048032,-0.030624
1781613850063421807,2026-06-16T19:44:10.063442,prediction,0.044743,0.541000,0.071616,True,0.030856,0.570416,0.077546,0.013887,0.029416,0.005930,3.97,20,-0.082370,0.761279,0.450670,0.017889,0.075045,0.123044,0.000000,0.048432,0.016137,0.082040,-0.224980,0.339968,-0.069632,-0.049216,-0.034240
1781613850095581215,2026-06-16T19:44:10.095600,prediction,0.044798,0.552000,0.071983,True,0.031079,0.573948,0.080053,0.013719,0.021948,0.008070,4.04,20,-0.082342,0.771311,0.450535,0.023122,0.086825,0.141371,0.000000,0.054101,0.024426,0.103460,-0.221900,0.349596,-0.070400,-0.046816,-0.032960
1781613850127266137,2026-06-16T19:44:10.127283,prediction,0.044798,0.552000,0.071983,True,0.035826,0.568128,0.084009,0.008972,0.016128,0.012026,3.80,20,-0.082342,0.771311,0.450535,0.029231,0.102532,0.165364,0.000000,0.061949,0.029665,0.094500,-0.217560,0.347687,-0.071424,-0.051264,-0.032512
1781613850172866646,2026-06-16T19:44:10.172886,prediction,0.044768,0.546000,0.071783,True,0.037262,0.560128,0.084612,0.007506,0.014128,0.012829,4.23,20,-0.081566,0.781270,0.450891,0.032283,0.115626,0.188056,0.000000,0.070249,0.032284,0.087920,-0.203000,0.359058,-0.072960,-0.049600,-0.034176
1781613850213384920,2026-06-16T19:44:10.213407,prediction,0.044823,0.557000,0.072150,True,0.035435,0.567362,0.084908,0.009388,0.010362,0.012758,3.98,20,-0.080672,0.790582,0.451593,0.037523,0.129150,0.204637,0.000000,0.075477,0.035335,0.079940,-0.201460,0.370180,-0.074304,-0.053504,-0.034784
1781613850239954060,2026-06-16T19:44:10.239972,prediction,0.044848,0.562000,0.069414,True,0.035318,0.575362,0.082313,0.009530,0.013362,0.012899,3.81,20,-0.080672,0.790582,0.451593,0.041012,0.145295,0.236050,0.000000,0.089005,0.040573,0.101920,-0.212940,0.373998,-0.075520,-0.054880,-0.035744
1781613850269573658,2026-06-16T19:44:10.269603,prediction,0.044848,0.562000,0.069414,True,0.040057,0.570511,0.083806,0.004791,0.008511,0.014392,4.07,20,-0.080672,0.790582,0.451593,0.042318,0.151841,0.246957,0.000000,0.097294,0.042751,0.101920,-0.221620,0.385120,-0.076544,-0.054656,-0.032896
1781613850303415907,2026-06-16T19:44:10.303435,prediction,0.044848,0.562000,0.069414,True,0.038877,0.570515,0.082819,0.005971,0.008515,0.013405,4.14,20,-0.078922,0.798413,0.452808,0.044069,0.164928,0.269649,0.000000,0.105152,0.045812,0.103180,-0.210420,0.381551,-0.075808,-0.053504,-0.035232
1781613850329555797,2026-06-16T19:44:10.329575,prediction,0.047747,0.562000,0.069414,True,0.041198,0.574506,0.081062,0.006549,0.012506,0.011648,3.89,20,-0.078922,0.798413,0.452808,0.047558,0.167986,0.278809,0.000000,0.107772,0.045370,0.080500,-0.211960,0.379310,-0.076800,-0.057440,-0.036416
1781613850360483058,2026-06-16T19:44:10.360497,prediction,0.047747,0.562000,0.069414,True,0.040662,0.577574,0.078722,0.007085,0.015574,0.009308,3.95,20,-0.076794,0.804612,0.454758,0.045814,0.176277,0.295828,0.000000,0.118680,0.045812,0.085820,-0.212940,0.391345,-0.078368,-0.053056,-0.033728
1781613850402681655,2026-06-16T19:44:10.402701,prediction,0.047747,0.562000,0.069414,True,0.041587,0.576087,0.078291,0.006160,0.014087,0.008878,3.99,20,-0.076794,0.804612,0.454758,0.045814,0.176277,0.295828,0.000000,0.118680,0.045812,0.085820,-0.212940,0.391345,-0.078368,-0.053056,-0.033728
1781613850429908122,2026-06-16T19:44:10.429927,prediction,0.047781,0.572000,0.069764,True,0.041326,0.581939,0.078100,0.006455,0.009940,0.008336,4.10,20,-0.074983,0.808666,0.456212,0.045814,0.176277,0.295828,0.000000,0.118680,0.045812,0.085820,-0.212940,0.391345,-0.078368,-0.053056,-0.033728
1781613850465930743,2026-06-16T19:44:10.465959,prediction,0.050681,0.582000,0.070114,True,0.045950,0.589939,0.077414,0.004731,0.007940,0.007300,3.96,20,-0.074983,0.808666,0.456212,0.045814,0.176277,0.295828,0.000000,0.118680,0.045812,0.085820,-0.212940,0.391345,-0.078368,-0.053056,-0.033728
1781613850494775865,2026-06-16T19:44:10.494795,prediction,0.050689,0.587000,0.070289,True,0.048045,0.593623,0.076513,0.002644,0.006624,0.006224,3.98,20,-0.074831,0.811257,0.457386,0.045814,0.176277,0.295828,0.000000,0.118680,0.045812,0.085820,-0.212940,0.391345,-0.078368,-0.053056,-0.033728
1781613850527123220,2026-06-16T19:44:10.527141,prediction,0.053547,0.582000,0.070114,True,0.052392,0.590473,0.076314,0.001155,0.008473,0.006200,3.83,20,-0.074831,0.811257,0.457386,0.044069,0.178022,0.299323,0.000000,0.123908,0.045812,0.093520,-0.239820,0.385867,-0.078528,-0.055328,-0.036352
1781613850566069255,2026-06-16T19:44:10.566086,prediction,0.053547,0.582000,0.070114,True,0.051110,0.595092,0.075487,0.002437,0.013092,0.005373,3.93,20,-0.076243,0.812828,0.457366,0.024429,0.178022,0.325502,0.000000,0.148345,0.027045,0.061600,-0.276780,0.392590,-0.080928,-0.062848,-0.032000
1781613850598063626,2026-06-16T19:44:10.598085,prediction,0.053547,0.582000,0.070114,True,0.052693,0.597409,0.074962,0.000854,0.015409,0.004848,3.86,20,-0.076243,0.812828,0.457366,0.019634,0.173219,0.325063,0.000000,0.150964,0.018756,0.050120,-0.260680,0.380721,-0.080768,-0.059392,-0.032672
1781613850632120773,2026-06-16T19:44:10.632139,prediction,0.056421,0.577000,0.069939,True,0.058544,0.595100,0.074146,0.002123,0.018100,0.004208,4.30,20,-0.079566,0.814397,0.456203,0.018320,0.171475,0.325063,0.000000,0.153584,0.016137,0.041160,-0.278040,0.383958,-0.080160,-0.065568,-0.029888
1781613850673866841,2026-06-16T19:44:10.673885,prediction,0.056398,0.592000,0.067610,True,0.054819,0.603100,0.070530,0.001579,0.011100,0.002920,3.97,20,-0.081870,0.816460,0.455108,0.007853,0.161877,0.317643,0.000000,0.156203,0.007847,0.029120,-0.286720,0.389768,-0.082432,-0.063616,-0.030336
1781613850707722402,2026-06-16T19:44:10.707739,prediction,0.056405,0.587000,0.070289,True,0.055318,0.601200,0.072822,0.001088,0.014200,0.002533,3.82,20,-0.081870,0.816460,0.455108,0.007853,0.161877,0.317643,0.000000,0.156203,0.007847,0.029120,-0.286720,0.389768,-0.082432,-0.063616,-0.030336
1781613850734234352,2026-06-16T19:44:10.734252,prediction,0.056390,0.597000,0.070639,True,0.051879,0.607384,0.072107,0.004511,0.010385,0.001468,3.97,20,-0.081870,0.816460,0.455108,0.007853,0.161877,0.317643,0.000000,0.156203,0.007847,0.029120,-0.286720,0.389768,-0.082432,-0.063616,-0.030336
1781613850762178868,2026-06-16T19:44:10.762195,prediction,0.056390,0.597000,0.070639,True,0.052293,0.607864,0.072230,0.004097,0.010864,0.001591,3.89,20,-0.084245,0.820670,0.453511,0.007853,0.161877,0.317643,0.000000,0.156203,0.007847,0.029120,-0.286720,0.389768,-0.082432,-0.063616,-0.030336
1781613850799403299,2026-06-16T19:44:10.799420,prediction,0.056390,0.597000,0.070639,True,0.051691,0.604778,0.073250,0.004698,0.007778,0.002611,4.17,20,-0.084245,0.820670,0.453511,0.004796,0.160133,0.315903,0.000000,0.156203,0.005228,0.034020,-0.301840,0.369682,-0.082272,-0.060672,-0.028832
1781613850840127900,2026-06-16T19:44:10.840148,prediction,0.056376,0.606000,0.070954,True,0.048698,0.612778,0.074009,0.007678,0.006778,0.003055,3.99,20,-0.086036,0.825795,0.451984,0.018320,0.104283,0.243470,0.000000,0.140056,0.019198,-0.146580,-0.362600,0.351422,-0.079584,-0.059456,0.025664
1781613850868121739,2026-06-16T19:44:10.868141,prediction,0.056376,0.606000,0.073785,True,0.051193,0.613709,0.078607,0.005183,0.007709,0.004823,4.07,20,-0.086036,0.825795,0.451984,0.017889,0.094679,0.230816,0.000000,0.134817,0.018756,-0.142800,-0.383460,0.343039,-0.079264,-0.058400,0.025888
1781613850897465304,2026-06-16T19:44:10.897485,prediction,0.056390,0.597000,0.073484,True,0.051155,0.607897,0.078090,0.005234,0.010897,0.004606,4.14,20,-0.087416,0.831033,0.451253,0.016138,0.075045,0.193291,0.000000,0.115619,0.018756,-0.134540,-0.380660,0.332000,-0.078880,-0.058784,0.029568
1781613850929776958,2026-06-16T19:44:10.929791,prediction,0.056382,0.602000,0.073651,True,0.048967,0.613182,0.078531,0.007415,0.011183,0.004880,4.18,20,-0.087416,0.831033,0.451253,0.013087,0.065447,0.171037,0.000000,0.105152,0.013517,-0.121520,-0.387800,0.332747,-0.078880,-0.056000,0.029120
1781613850962648596,2026-06-16T19:44:10.962661,prediction,0.056368,0.611000,0.073951,True,0.048111,0.621182,0.080663,0.008257,0.010183,0.006711,3.96,20,-0.088663,0.836194,0.451124,0.004796,0.053667,0.144858,0.000000,0.089005,0.005228,-0.118720,-0.362320,0.324447,-0.077696,-0.056832,0.029440
1781613851010383224,2026-06-16T19:44:11.010402,prediction,0.053550,0.616000,0.074118,True,0.047570,0.625260,0.082544,0.005980,0.009260,0.008426,4.31,20,-0.089094,0.839837,0.451358,0.000000,0.047558,0.122605,0.002609,0.075477,0.000000,-0.057540,-0.369180,0.312246,-0.076480,-0.051104,0.022272
1781613851038747158,2026-06-16T19:44:11.038763,prediction,0.053550,0.616000,0.076933,True,0.049979,0.622743,0.086306,0.003571,0.006743,0.009373,4.37,20,-0.089094,0.839837,0.451358,0.011780,0.042318,0.096865,0.000000,0.054101,0.010467,0.069720,-0.365120,0.309673,-0.076320,-0.048992,-0.024320
1781613851071801717,2026-06-16T19:44:11.071818,prediction,0.053550,0.616000,0.076933,True,0.047061,0.626560,0.084802,0.006489,0.010560,0.007869,4.13,20,-0.088808,0.843749,0.452469,0.027925,0.040574,0.078098,0.000000,0.040573,0.029665,0.102200,-0.337540,0.320878,-0.076320,-0.044640,-0.030784
1781613851104014123,2026-06-16T19:44:11.104032,prediction,0.053550,0.616000,0.076933,True,0.045959,0.631942,0.085160,0.007591,0.015942,0.008227,4.20,20,-0.088808,0.843749,0.452469,0.035778,0.042318,0.072425,0.000000,0.029665,0.037954,0.091140,-0.337540,0.307764,-0.076416,-0.047872,-0.035584
1781613851136657576,2026-06-16T19:44:11.136677,prediction,0.053550,0.621000,0.077091,True,0.045925,0.637845,0.086285,0.007625,0.016845,0.009194,4.68,20,-0.088808,0.843749,0.452469,0.041012,0.049303,0.070686,0.000000,0.024426,0.043193,0.082040,-0.337260,0.315400,-0.076416,-0.047712,-0.034400
1781613851172488920,2026-06-16T19:44:11.172504,prediction,0.053551,0.625000,0.077218,True,0.046502,0.638869,0.087061,0.007049,0.013869,0.009843,4.07,20,-0.088087,0.847806,0.453727,0.047120,0.057156,0.079846,0.000000,0.021807,0.048432,0.079240,-0.312760,0.330340,-0.077312,-0.047584,-0.036640
1781613851201694542,2026-06-16T19:44:11.201716,prediction,0.050755,0.625000,0.077218,True,0.043579,0.638915,0.086730,0.007176,0.013915,0.009512,4.22,20,-0.088087,0.847806,0.453727,0.049303,0.067192,0.089006,0.000000,0.024426,0.051040,0.082460,-0.337260,0.339968,-0.078080,-0.048256,-0.034400
1781613851229647107,2026-06-16T19:44:11.229661,prediction,0.050764,0.630000,0.077377,True,0.043555,0.646420,0.085743,0.007208,0.016420,0.008366,3.97,20,-0.086506,0.853253,0.455780,0.049303,0.071994,0.096426,0.000000,0.024426,0.051040,0.076860,-0.323820,0.339636,-0.078208,-0.046880,-0.030176
1781613851270248184,2026-06-16T19:44:11.270262,prediction,0.050772,0.635000,0.077535,True,0.044411,0.651064,0.086295,0.006361,0.016064,0.008760,3.92,20,-0.086506,0.853253,0.455780,0.047120,0.083336,0.113006,0.000000,0.029665,0.048432,0.087920,-0.319900,0.349762,-0.080032,-0.044704,-0.034912
1781613851299652404,2026-06-16T19:44:11.299672,prediction,0.053551,0.625000,0.077218,True,0.049451,0.645467,0.086011,0.004100,0.020467,0.008793,4.27,20,-0.085421,0.857477,0.457370,0.045814,0.094679,0.137438,0.000000,0.040573,0.043193,0.074900,-0.333200,0.353331,-0.081216,-0.047584,-0.034176
1781613851329410929,2026-06-16T19:44:11.329424,prediction,0.053551,0.630000,0.077377,True,0.044786,0.648346,0.084110,0.008765,0.018346,0.006733,4.04,20,-0.085421,0.857477,0.457370,0.044069,0.101225,0.156204,0.000000,0.051040,0.042751,0.064120,-0.340620,0.358311,-0.082432,-0.053280,-0.037184
1781613851364233497,2026-06-16T19:44:11.364246,prediction,0.056325,0.639000,0.077662,True,0.048123,0.656346,0.083749,0.008202,0.017346,0.006087,4.51,20,-0.084713,0.863266,0.459196,0.037523,0.102970,0.167112,0.000000,0.064568,0.040142,0.080780,-0.336000,0.360386,-0.082592,-0.053280,-0.035744
1781613851400446146,2026-06-16T19:44:11.400458,prediction,0.056325,0.639000,0.077662,True,0.052595,0.656556,0.083711,0.003730,0.017556,0.006049,4.18,20,-0.084713,0.863266,0.459196,0.036209,0.102970,0.171037,0.000000,0.067188,0.037954,0.091980,-0.349300,0.360386,-0.082592,-0.054496,-0.034560
1781613851429098927,2026-06-16T19:44:11.429114,prediction,0.056309,0.649000,0.077979,True,0.052874,0.662310,0.083149,0.003435,0.013310,0.005170,4.32,20,-0.084422,0.868974,0.460281,0.034465,0.099919,0.171037,0.000000,0.070249,0.032284,0.077140,-0.340060,0.353331,-0.082592,-0.053216,-0.031904
1781613851464013456,2026-06-16T19:44:11.464031,prediction,0.056325,0.639000,0.074885,True,0.056093,0.657598,0.080687,0.000231,0.018598,0.005802,4.32,20,-0.084422,0.868974,0.460281,0.034465,0.099919,0.171037,0.000000,0.070249,0.032284,0.077140,-0.340060,0.353331,-0.082592,-0.053216,-0.031904
1781613851496694939,2026-06-16T19:44:11.496710,prediction,0.059097,0.639000,0.074885,True,0.056765,0.661213,0.079533,0.002332,0.022213,0.004647,4.63,20,-0.084959,0.874754,0.460772,0.034465,0.099919,0.171037,0.000000,0.070249,0.032284,0.077140,-0.340060,0.353331,-0.082592,-0.053216,-0.031904
1781613851529011923,2026-06-16T19:44:11.529032,prediction,0.059037,0.658000,0.075519,True,0.055864,0.669213,0.078980,0.003173,0.011213,0.003461,4.25,20,-0.084959,0.874754,0.460772,0.034465,0.099919,0.171037,0.000000,0.070249,0.032284,0.077140,-0.340060,0.353331,-0.082592,-0.053216,-0.031904
1781613851566336790,2026-06-16T19:44:11.566355,prediction,0.059081,0.644000,0.072284,True,0.058888,0.676459,0.077044,0.000194,0.032459,0.004761,4.04,20,-0.085878,0.880338,0.460350,0.034465,0.099919,0.171037,0.000000,0.070249,0.032284,0.077140,-0.340060,0.353331,-0.082592,-0.053216,-0.031904
1781613851599586476,2026-06-16T19:44:11.599606,prediction,0.058995,0.671000,0.070505,True,0.053821,0.684459,0.073892,0.005174,0.013459,0.003387,4.24,20,-0.085878,0.880338,0.460350,0.034465,0.099919,0.171037,0.000000,0.070249,0.032284,0.077140,-0.340060,0.353331,-0.082592,-0.053216,-0.031904
1781613851630907471,2026-06-16T19:44:11.630924,prediction,0.061759,0.662000,0.070175,True,0.056391,0.690192,0.074719,0.005368,0.028192,0.004544,3.63,20,-0.087051,0.886056,0.459313,0.034465,0.099919,0.171037,0.000000,0.070249,0.032284,0.077140,-0.340060,0.353331,-0.082592,-0.053216,-0.031904
1781613851662083713,2026-06-16T19:44:11.662102,prediction,0.061759,0.662000,0.067436,True,0.051868,0.691542,0.072439,0.009891,0.029542,0.005002,3.80,20,-0.087051,0.886056,0.459313,0.030976,0.098174,0.168859,0.000000,0.072857,0.029665,0.065380,-0.362600,0.345944,-0.083040,-0.051776,-0.031680
1781613851696734617,2026-06-16T19:44:11.696754,prediction,0.061778,0.658000,0.067283,True,0.051677,0.687204,0.072814,0.010102,0.029204,0.005531,4.08,20,-0.088058,0.892203,0.457858,0.030976,0.098174,0.168859,0.000000,0.072857,0.029665,0.065380,-0.362600,0.345944,-0.083040,-0.051776,-0.031680
1781613851733740483,2026-06-16T19:44:11.733754,prediction,0.061715,0.671000,0.067781,True,0.051070,0.695204,0.074177,0.010646,0.024204,0.006396,3.76,20,-0.088058,0.892203,0.457858,0.030976,0.098174,0.168859,0.000000,0.072857,0.029665,0.065380,-0.362600,0.345944,-0.083040,-0.051776,-0.031680
1781613851772783750,2026-06-16T19:44:11.772807,prediction,0.061759,0.662000,0.067436,True,0.052953,0.693015,0.074490,0.008806,0.031015,0.007053,3.74,20,-0.089043,0.898601,0.456304,0.030976,0.098174,0.168859,0.000000,0.072857,0.029665,0.065380,-0.362600,0.345944,-0.083040,-0.051776,-0.031680
1781613851801358215,2026-06-16T19:44:11.801379,prediction,0.061715,0.671000,0.065057,True,0.052192,0.696807,0.072298,0.009524,0.025807,0.007242,3.87,20,-0.089043,0.898601,0.456304,0.003051,0.063703,0.174963,0.000000,0.110822,0.002609,-0.101360,-0.409080,0.365864,-0.086784,-0.054720,0.020096
1781613851828933809,2026-06-16T19:44:11.828958,prediction,0.061759,0.662000,0.064697,True,0.051854,0.691369,0.072337,0.009905,0.029369,0.007639,3.77,20,-0.089873,0.905015,0.454652,0.003051,0.063703,0.174963,0.000000,0.110822,0.002609,-0.101360,-0.409080,0.365864,-0.086784,-0.054720,0.020096
1781613851867543100,2026-06-16T19:44:11.867563,prediction,0.061778,0.658000,0.064538,True,0.052894,0.687003,0.073033,0.008884,0.029004,0.008495,3.73,20,-0.089873,0.905015,0.454652,0.003051,0.063703,0.174963,0.000000,0.110822,0.002609,-0.101360,-0.409080,0.365864,-0.086784,-0.054720,0.020096
1781613851896060464,2026-06-16T19:44:11.896078,prediction,0.061628,0.689000,0.065776,True,0.049270,0.695003,0.071742,0.012358,0.006004,0.005967,3.79,20,-0.090699,0.911275,0.453059,0.003051,0.063703,0.174963,0.000000,0.110822,0.002609,-0.101360,-0.409080,0.365864,-0.086784,-0.054720,0.020096
1781613851928842245,2026-06-16T19:44:11.928857,prediction,0.061672,0.680000,0.062707,True,0.051599,0.703003,0.070415,0.010072,0.023004,0.007708,3.92,20,-0.090699,0.911275,0.453059,0.011342,0.076790,0.205945,0.000000,0.131766,0.010467,-0.122080,-0.376880,0.385701,-0.087264,-0.060000,0.026720
1781613851963199332,2026-06-16T19:44:11.963214,prediction,0.061648,0.685000,0.062915,True,0.046356,0.711003,0.069311,0.015292,0.026004,0.006396,3.99,20,-0.090754,0.917074,0.451306,0.001744,0.095116,0.222964,0.000000,0.123908,0.000000,0.035000,-0.375060,0.367441,-0.085152,-0.062176,-0.007584
1781613851996688565,2026-06-16T19:44:11.996703,prediction,0.061566,0.702000,0.063622,True,0.046627,0.719003,0.070750,0.014938,0.017004,0.007129,3.84,20,-0.090754,0.917074,0.451306,0.011342,0.093372,0.204198,0.000000,0.113000,0.013517,0.056700,-0.401380,0.349264,-0.082656,-0.054336,-0.028288
1781613852036001010,2026-06-16T19:44:12.036019,prediction,0.061628,0.689000,0.063081,True,0.053118,0.727003,0.071078,0.008511,0.038004,0.007997,3.90,20,-0.089818,0.923003,0.449888,0.014831,0.088139,0.178458,0.000000,0.094675,0.016137,0.051100,-0.401100,0.375326,-0.082944,-0.052992,-0.031296
1781613852069303539,2026-06-16T19:44:12.069322,prediction,0.061585,0.698000,0.063455,True,0.050856,0.735003,0.069242,0.010729,0.037004,0.005787,3.65,20,-0.089818,0.923003,0.449888,0.016138,0.089883,0.176272,0.000000,0.086386,0.016137,0.054740,-0.369460,0.377235,-0.082720,-0.053984,-0.031744
1781613852096025320,2026-06-16T19:44:12.096037,prediction,0.061566,0.702000,0.063622,True,0.053598,0.741454,0.070869,0.007967,0.039454,0.007248,3.95,20,-0.089088,0.929640,0.448811,0.019634,0.096423,0.182383,0.000000,0.083335,0.021807,0.064120,-0.370720,0.386199,-0.083648,-0.052928,-0.033024
1781613852139062092,2026-06-16T19:44:12.139078,prediction,0.061585,0.698000,0.063455,True,0.054162,0.740313,0.071596,0.007423,0.042314,0.008141,3.78,20,-0.088799,0.935192,0.448244,0.021378,0.106459,0.198964,0.000000,0.085954,0.018756,0.075880,-0.346220,0.388938,-0.083488,-0.051264,-0.031616
1781613852171259333,2026-06-16T19:44:12.171277,prediction,0.061566,0.702000,0.063622,True,0.055406,0.745045,0.070801,0.006160,0.043045,0.007179,3.87,20,-0.088799,0.935192,0.448244,0.023122,0.122172,0.215544,0.000000,0.088574,0.024426,0.092960,-0.360220,0.390515,-0.083200,-0.055488,-0.034240
1781613852198989154,2026-06-16T19:44:12.199009,prediction,0.064261,0.698000,0.063455,True,0.061311,0.740046,0.070724,0.002950,0.042046,0.007268,4.16,20,-0.088799,0.935192,0.448244,0.024429,0.132208,0.222964,0.000000,0.091624,0.024426,0.083580,-0.368200,0.390847,-0.083104,-0.052320,-0.035296
1781613852232732312,2026-06-16T19:44:12.232749,prediction,0.064151,0.715000,0.064162,True,0.054988,0.748046,0.069405,0.009163,0.033046,0.005243,3.85,20,-0.089190,0.942566,0.447870,0.027487,0.143550,0.241292,0.000000,0.094675,0.027045,0.067480,-0.339640,0.414917,-0.083200,-0.051552,-0.035232
1781613852262645166,2026-06-16T19:44:12.262663,prediction,0.064209,0.706000,0.063788,True,0.056000,0.748475,0.069915,0.008209,0.042475,0.006128,4.13,20,-0.089190,0.942566,0.447870,0.029231,0.158388,0.262229,0.000000,0.102533,0.029665,0.062860,-0.327880,0.408858,-0.083776,-0.058944,-0.033632
1781613852302053180,2026-06-16T19:44:12.302071,prediction,0.064261,0.698000,0.060776,True,0.053491,0.742200,0.066645,0.010770,0.044200,0.005870,4.05,20,-0.089628,0.949865,0.447342,0.029231,0.171475,0.275322,0.000000,0.107772,0.029665,0.056980,-0.370440,0.407032,-0.083488,-0.054048,-0.031008
1781613852334377789,2026-06-16T19:44:12.334393,prediction,0.066904,0.702000,0.060948,True,0.053872,0.744732,0.067661,0.013032,0.042732,0.006712,4.12,20,-0.089628,0.949865,0.447342,0.027925,0.169730,0.269210,0.000000,0.102091,0.027045,0.063840,-0.371980,0.390349,-0.083424,-0.055776,-0.030784
1781613852367675455,2026-06-16T19:44:12.367694,prediction,0.066872,0.706000,0.061121,True,0.053169,0.749430,0.068833,0.013702,0.043431,0.007712,4.34,20,-0.089937,0.957057,0.446710,0.023122,0.164928,0.256563,0.000000,0.099914,0.024426,0.052920,-0.396760,0.399977,-0.083104,-0.051040,-0.030016
1781613852399081616,2026-06-16T19:44:12.399101,prediction,0.066872,0.706000,0.061121,True,0.054529,0.743874,0.068511,0.012343,0.037874,0.007390,3.84,20,-0.089937,0.957057,0.446710,0.021378,0.160133,0.246957,0.000000,0.094244,0.021375,0.034300,-0.413840,0.399396,-0.083200,-0.054880,-0.031456
1781613852429507535,2026-06-16T19:44:12.429527,prediction,0.069447,0.715000,0.061510,True,0.058974,0.746027,0.068764,0.010473,0.031027,0.007254,4.06,20,-0.090284,0.964219,0.446160,0.017889,0.153586,0.239544,0.000000,0.091624,0.016579,0.039060,-0.408240,0.404791,-0.083200,-0.051200,-0.030336
1781613852465924746,2026-06-16T19:44:12.465947,prediction,0.069447,0.715000,0.061510,True,0.058041,0.746876,0.068876,0.011406,0.031876,0.007365,3.82,20,-0.090284,0.964219,0.446160,0.013087,0.148352,0.233871,0.000000,0.089005,0.016137,0.038080,-0.423080,0.393254,-0.084832,-0.057344,-0.030464
1781613852501091550,2026-06-16T19:44:12.501121,prediction,0.069447,0.715000,0.058859,True,0.060502,0.743535,0.066789,0.008945,0.028535,0.007930,3.96,20,-0.091230,0.971136,0.445854,0.006540,0.135697,0.228637,0.000000,0.094244,0.005228,0.029960,-0.389340,0.407530,-0.085760,-0.052544,-0.031520
1781613852531704755,2026-06-16T19:44:12.531719,prediction,0.069330,0.727000,0.059397,True,0.059923,0.751535,0.067045,0.009407,0.024535,0.007648,4.10,20,-0.091230,0.971136,0.445854,0.003489,0.133952,0.232563,0.000000,0.091624,0.003051,0.031920,-0.395780,0.387195,-0.085888,-0.054496,-0.029664
1781613852563142732,2026-06-16T19:44:12.563160,prediction,0.069369,0.723000,0.059217,True,0.063827,0.751282,0.067637,0.005542,0.028282,0.008419,4.04,20,-0.092606,0.977149,0.445347,0.003489,0.133952,0.232563,0.000000,0.091624,0.003051,0.031920,-0.395780,0.387195,-0.085888,-0.054496,-0.029664
1781613852595951588,2026-06-16T19:44:12.595968,prediction,0.069535,0.706000,0.058455,True,0.066334,0.743282,0.065499,0.003201,0.037282,0.007044,3.95,20,-0.092606,0.977149,0.445347,0.003489,0.133952,0.232563,0.000000,0.091624,0.003051,0.031920,-0.395780,0.387195,-0.085888,-0.054496,-0.029664
1781613852629511766,2026-06-16T19:44:12.629531,prediction,0.069369,0.723000,0.059217,True,0.061321,0.751282,0.063534,0.008048,0.028282,0.004317,3.95,20,-0.094588,0.981781,0.444762,0.003489,0.133952,0.232563,0.000000,0.091624,0.003051,0.031920,-0.395780,0.387195,-0.085888,-0.054496,-0.029664
1781613852662231925,2026-06-16T19:44:12.662250,prediction,0.072049,0.719000,0.056393,True,0.066827,0.755338,0.061822,0.005222,0.036338,0.005429,3.89,20,-0.094588,0.981781,0.444762,0.003051,0.133952,0.230377,0.000000,0.094244,0.002609,0.040600,-0.391720,0.400973,-0.085760,-0.058560,-0.030400
1781613852697614524,2026-06-16T19:44:12.697630,prediction,0.071958,0.727000,0.056765,True,0.066501,0.758672,0.062208,0.005457,0.031672,0.005443,4.26,20,-0.096457,0.984445,0.443259,0.008285,0.141806,0.269649,0.000000,0.129589,0.007847,0.041720,-0.377160,0.426454,-0.088000,-0.060672,-0.032672
1781613852731431706,2026-06-16T19:44:12.731454,prediction,0.072004,0.723000,0.056579,True,0.068842,0.752622,0.062594,0.003162,0.029622,0.006015,4.74,20,-0.096457,0.984445,0.443259,0.008285,0.148352,0.280556,0.000000,0.134817,0.010898,0.050820,-0.420560,0.418901,-0.088608,-0.058720,-0.031392
1781613852763806349,2026-06-16T19:44:12.763825,prediction,0.071901,0.732000,0.054374,True,0.065794,0.759708,0.059177,0.006107,0.027708,0.004804,4.65,20,-0.097956,0.986362,0.442052,0.011342,0.148784,0.286668,0.000000,0.134817,0.013086,0.054180,-0.411320,0.413174,-0.088320,-0.066080,-0.031456
1781613852802820250,2026-06-16T19:44:12.802841,prediction,0.072004,0.723000,0.051302,True,0.067517,0.757198,0.056673,0.004487,0.034198,0.005372,4.44,20,-0.097956,0.986362,0.442052,0.014394,0.153586,0.297575,0.000000,0.145295,0.016137,0.043960,-0.411320,0.429193,-0.088000,-0.057888,-0.032512
1781613852829075497,2026-06-16T19:44:12.829093,prediction,0.071901,0.732000,0.051750,True,0.066874,0.758731,0.057621,0.005027,0.026731,0.005871,3.74,20,-0.098321,0.986355,0.441013,0.014394,0.154893,0.302810,0.000000,0.145726,0.013517,0.008960,-0.410620,0.426786,-0.087712,-0.065184,-0.033952
1781613852862947711,2026-06-16T19:44:12.862967,prediction,0.071901,0.732000,0.051750,True,0.065487,0.755973,0.057469,0.006415,0.023973,0.005720,4.13,20,-0.098321,0.986355,0.441013,0.014831,0.155330,0.308483,0.000000,0.147914,0.013517,0.035560,-0.398580,0.408028,-0.087840,-0.057344,-0.034304
1781613852897264911,2026-06-16T19:44:12.897284,prediction,0.071958,0.727000,0.048869,True,0.067823,0.747973,0.053788,0.004135,0.020973,0.004919,4.48,20,-0.100093,0.987986,0.439725,0.016138,0.157075,0.308483,0.000000,0.150964,0.016137,0.084280,-0.417480,0.410767,-0.087840,-0.057120,-0.033856
1781613852939358772,2026-06-16T19:44:12.939379,prediction,0.074521,0.732000,0.049126,True,0.068915,0.748361,0.052397,0.005606,0.016362,0.003271,4.68,20,-0.102110,0.990020,0.438338,0.017889,0.154893,0.303248,0.000000,0.148345,0.019198,0.094500,-0.428680,0.426620,-0.087712,-0.062400,-0.032736
1781613852976592724,2026-06-16T19:44:12.976610,prediction,0.074417,0.740000,0.049537,True,0.068790,0.750915,0.054076,0.005627,0.010915,0.004539,4.08,20,-0.102110,0.990020,0.438338,0.022685,0.148784,0.291902,0.000000,0.145726,0.021807,0.039060,-0.441000,0.409937,-0.087392,-0.058560,-0.030016
1781613853009912377,2026-06-16T19:44:13.009934,prediction,0.074586,0.727000,0.046237,True,0.070933,0.742915,0.052375,0.003654,0.015915,0.006138,4.53,20,-0.103474,0.990182,0.435930,0.026174,0.143550,0.278809,0.000000,0.134817,0.024426,0.011760,-0.414680,0.416245,-0.087392,-0.059392,-0.028960
1781613853037722420,2026-06-16T19:44:13.037736,prediction,0.074365,0.744000,0.044535,True,0.067670,0.750915,0.049004,0.006695,0.006915,0.004469,4.21,20,-0.103474,0.990182,0.435930,0.026174,0.143550,0.278809,0.000000,0.134817,0.024426,0.011760,-0.414680,0.416245,-0.087392,-0.059392,-0.028960
1781613853069920504,2026-06-16T19:44:13.069946,prediction,0.074469,0.736000,0.041480,True,0.069640,0.747902,0.048040,0.004829,0.011902,0.006560,4.14,20,-0.103474,0.990182,0.435930,0.026174,0.143550,0.278809,0.000000,0.134817,0.024426,0.011760,-0.414680,0.416245,-0.087392,-0.059392,-0.028960
1781613853102706517,2026-06-16T19:44:13.102722,prediction,0.074469,0.736000,0.038863,True,0.067864,0.744433,0.046513,0.006605,0.008433,0.007651,4.33,20,-0.104563,0.990387,0.433524,0.026174,0.143550,0.278809,0.000000,0.134817,0.024426,0.011760,-0.414680,0.416245,-0.087392,-0.059392,-0.028960
1781613853141765463,2026-06-16T19:44:13.141783,prediction,0.074469,0.736000,0.036246,True,0.068724,0.740240,0.044180,0.005745,0.004240,0.007934,4.24,20,-0.104647,0.989699,0.430897,0.026174,0.143550,0.278809,0.000000,0.134817,0.024426,0.011760,-0.414680,0.416245,-0.087392,-0.059392,-0.028960
1781613853176028764,2026-06-16T19:44:13.176049,prediction,0.074365,0.744000,0.034119,True,0.068969,0.744355,0.042133,0.005396,0.000355,0.008014,4.57,20,-0.104647,0.989699,0.430897,0.026174,0.143550,0.278809,0.000000,0.134817,0.024426,0.011760,-0.414680,0.416245,-0.087392,-0.059392,-0.028960
1781613853220290408,2026-06-16T19:44:13.220310,prediction,0.074313,0.748000,0.034364,True,0.069711,0.746603,0.042492,0.004602,0.001396,0.008129,4.67,20,-0.105604,0.988764,0.428391,0.027925,0.068498,0.109950,0.000000,0.040573,0.024426,0.034720,-0.499100,0.358726,-0.086944,-0.043520,-0.034080
1781613853260481326,2026-06-16T19:44:13.260507,prediction,0.074261,0.752000,0.032018,True,0.072544,0.743672,0.040434,0.001717,0.008328,0.008416,12.23,20,-0.105604,0.988764,0.428391,0.024429,0.063703,0.094679,0.000000,0.032284,0.024426,0.052920,-0.507360,0.343371,-0.086944,-0.046208,-0.034016
1781613853335875836,2026-06-16T19:44:13.335901,prediction,0.076965,0.744000,0.028910,True,0.075931,0.739906,0.036687,0.001034,0.004094,0.007777,10.40,20,-0.105758,0.987256,0.425714,0.023122,0.048865,0.063265,0.000000,0.016137,0.021807,0.072800,-0.502460,0.354742,-0.087712,-0.043136,-0.031904
1781613853375863407,2026-06-16T19:44:13.375880,prediction,0.076907,0.748000,0.026571,True,0.074390,0.745015,0.033814,0.002516,0.002985,0.007243,6.00,20,-0.105711,0.987713,0.426526,0.023122,0.048865,0.063265,0.000000,0.016137,0.021807,0.072800,-0.502460,0.354742,-0.087712,-0.043136,-0.031904
1781613853410366423,2026-06-16T19:44:13.410382,prediction,0.076907,0.748000,0.023974,True,0.075535,0.748194,0.031636,0.001372,0.000194,0.007662,6.00,20,-0.106384,0.986612,0.424731,0.023122,0.048865,0.063265,0.000000,0.016137,0.021807,0.072800,-0.502460,0.354742,-0.087712,-0.043136,-0.031904
1781613853450286409,2026-06-16T19:44:13.450309,prediction,0.076907,0.748000,0.021376,True,0.078100,0.745693,0.029015,0.001194,0.002307,0.007639,6.23,20,-0.106384,0.986612,0.424731,0.023122,0.048865,0.063265,0.000000,0.016137,0.021807,0.072800,-0.502460,0.354742,-0.087712,-0.043136,-0.031904
1781613853484838653,2026-06-16T19:44:13.484856,prediction,0.079566,0.744000,0.018494,True,0.081937,0.742315,0.025490,0.002371,0.001685,0.006996,5.06,20,-0.107822,0.984679,0.421002,0.022685,0.041012,0.030105,0.000000,0.005228,0.024426,0.066220,-0.504000,0.327601,-0.088608,0.039520,-0.032448
1781613853517567942,2026-06-16T19:44:13.517591,prediction,0.079566,0.744000,0.015890,True,0.081018,0.742880,0.022300,0.001452,0.001120,0.006410,5.17,20,-0.107822,0.984679,0.421002,0.022685,0.041012,0.030105,0.000000,0.005228,0.024426,0.066220,-0.504000,0.327601,-0.088608,0.039520,-0.032448
1781613853549545798,2026-06-16T19:44:13.549577,prediction,0.079370,0.756000,0.016764,True,0.080581,0.750880,0.022269,0.001211,0.005120,0.005505,4.69,20,-0.109749,0.983208,0.416582,0.022685,0.041012,0.030105,0.000000,0.005228,0.024426,0.066220,-0.504000,0.327601,-0.088608,0.039520,-0.032448
1781613853582152266,2026-06-16T19:44:13.582171,prediction,0.079435,0.752000,0.016472,True,0.085227,0.750376,0.022305,0.005792,0.001624,0.005833,4.67,20,-0.109749,0.983208,0.416582,0.022685,0.041012,0.030105,0.000000,0.005228,0.024426,0.066220,-0.504000,0.327601,-0.088608,0.039520,-0.032448
1781613853614304582,2026-06-16T19:44:13.614319,prediction,0.082023,0.752000,0.016472,True,0.087142,0.749854,0.020519,0.005119,0.002146,0.004047,4.92,20,-0.111598,0.982702,0.412214,0.020940,0.040574,0.027919,0.000000,0.008289,0.021375,0.074340,-0.514780,0.320131,-0.088608,0.063904,-0.035232
1781613853652691477,2026-06-16T19:44:13.652708,prediction,0.081807,0.764000,0.017346,True,0.084967,0.757854,0.020615,0.003160,0.006146,0.003269,4.56,20,-0.111598,0.982702,0.412214,0.013087,0.017889,0.042759,0.000000,0.059340,0.013517,0.082460,-0.512400,0.093043,-0.088608,0.045696,-0.031168
1781613853683909044,2026-06-16T19:44:13.683929,prediction,0.081879,0.760000,0.014477,True,0.086679,0.762928,0.020011,0.004801,0.002928,0.005534,4.50,20,-0.113990,0.982763,0.408261,0.013087,0.017889,0.042759,0.000000,0.059340,0.013517,0.082460,-0.512400,0.093043,-0.088608,0.045696,-0.031168
1781613853716110770,2026-06-16T19:44:13.716131,prediction,0.082023,0.752000,0.013881,True,0.088987,0.758251,0.019914,0.006965,0.006251,0.006033,4.30,20,-0.113990,0.982763,0.408261,0.013087,0.017889,0.042759,0.000000,0.059340,0.013517,0.082460,-0.512400,0.093043,-0.088608,0.045696,-0.031168
1781613853747693551,2026-06-16T19:44:13.747712,prediction,0.084453,0.760000,0.014477,True,0.089013,0.766251,0.019499,0.004560,0.006251,0.005023,4.31,20,-0.116616,0.984138,0.404822,0.013087,0.017889,0.042759,0.000000,0.059340,0.013517,0.082460,-0.512400,0.093043,-0.088608,0.045696,-0.031168
1781613853782760369,2026-06-16T19:44:13.782780,prediction,0.084453,0.760000,0.014477,True,0.088389,0.773498,0.019494,0.003936,0.013498,0.005017,4.47,20,-0.116616,0.984138,0.404822,0.011342,0.014831,0.052358,0.000000,0.065010,0.010898,0.081200,-0.519820,0.087233,-0.088608,0.046304,-0.032736
1781613853815078647,2026-06-16T19:44:13.815095,prediction,0.084610,0.752000,0.013881,True,0.090567,0.770350,0.019155,0.005957,0.018350,0.005274,4.40,20,-0.119139,0.986613,0.401841,0.004796,0.000000,0.055845,0.000000,0.051040,0.002609,0.087640,-0.527520,0.097857,-0.093120,0.046752,-0.033024
1781613853846136147,2026-06-16T19:44:13.846154,prediction,0.084453,0.760000,0.014477,True,0.088624,0.776633,0.019105,0.004171,0.016633,0.004628,4.43,20,-0.119139,0.986613,0.401841,0.004796,0.000000,0.055845,0.000000,0.051040,0.002609,0.087640,-0.527520,0.097857,-0.093120,0.046752,-0.033024
1781613853875924861,2026-06-16T19:44:13.875943,prediction,0.084453,0.760000,0.014477,True,0.089160,0.778661,0.020277,0.004707,0.018662,0.005800,4.27,20,-0.121169,0.990088,0.399282,0.004796,0.000000,0.055845,0.000000,0.051040,0.002609,0.087640,-0.527520,0.097857,-0.093120,0.046752,-0.033024
1781613853908987048,2026-06-16T19:44:13.909006,prediction,0.084453,0.760000,0.014477,True,0.089619,0.778408,0.020242,0.005166,0.018408,0.005765,4.19,20,-0.121169,0.990088,0.399282,0.004796,0.000000,0.055845,0.000000,0.051040,0.002609,0.087640,-0.527520,0.097857,-0.093120,0.046752,-0.033024
1781613853937155540,2026-06-16T19:44:13.937174,prediction,0.084375,0.764000,0.014775,True,0.083696,0.759200,0.014674,0.000679,0.004800,0.000100,0.00,20,-0.121169,0.990088,0.399282,0.004796,0.000000,0.055845,0.000000,0.051040,0.002609,0.087640,-0.527520,0.097857,-0.093120,0.046752,-0.033024
1781613853971427044,2026-06-16T19:44:13.971454,prediction,0.084610,0.752000,0.013881,True,0.083696,0.759200,0.014674,0.000914,0.007200,0.000793,0.00,20,-0.123049,0.994272,0.397608,0.004796,0.000000,0.055845,0.000000,0.051040,0.002609,0.087640,-0.527520,0.097857,-0.093120,0.046752,-0.033024
1781613854002231764,2026-06-16T19:44:14.002252,prediction,0.086857,0.768000,0.015072,True,0.083696,0.759200,0.014674,0.003162,0.008800,0.000398,0.00,20,-0.123049,0.994272,0.397608,0.017889,0.000000,0.085519,0.000000,0.094244,0.019198,0.116760,-0.591360,0.076360,-0.090048,0.051872,-0.031392
1781613854034399343,2026-06-16T19:44:14.034420,prediction,0.087112,0.756000,0.014179,True,0.083696,0.759200,0.014674,0.003416,0.003200,0.000495,0.00,20,-0.123735,0.998106,0.395728,0.019634,0.001744,0.091192,0.000000,0.102533,0.019198,0.115220,-0.504000,0.067811,-0.090336,0.054272,-0.031840
1781613854067088733,2026-06-16T19:44:14.067120,prediction,0.087112,0.756000,0.014179,True,0.083696,0.759200,0.014674,0.003416,0.003200,0.000495,0.00,20,-0.123735,0.998106,0.395728,0.024429,0.012649,0.096426,0.000000,0.110391,0.027045,0.119280,-0.449680,0.075530,-0.092288,0.055168,-0.033120
1781613854095094357,2026-06-16T19:44:14.095111,prediction,0.086942,0.764000,0.012203,True,0.083696,0.759200,0.014674,0.003246,0.004800,0.002471,0.00,20,-0.124051,1.001405,0.393979,0.029669,0.024429,0.085519,0.002609,0.105152,0.029665,0.114940,-0.427700,0.085158,-0.094944,0.050368,-0.034624
1781613854125441947,2026-06-16T19:44:14.125459,prediction,0.087027,0.760000,0.014477,True,0.083696,0.759200,0.014674,0.003331,0.000800,0.000198,0.00,20,-0.124051,1.001405,0.393979,0.031414,0.032720,0.068938,0.000000,0.097294,0.032284,0.123900,-0.455980,0.114042,-0.096288,0.049824,-0.035232
1781613854166472319,2026-06-16T19:44:14.166498,prediction,0.086942,0.764000,0.014775,True,0.083696,0.759200,0.014674,0.003246,0.004800,0.000100,0.00,20,-0.123259,1.002919,0.392851,0.034034,0.044069,0.042759,0.000000,0.089005,0.035335,0.105980,-0.449120,0.113378,-0.098240,0.043648,-0.032224
1781613854195046300,2026-06-16T19:44:14.195069,prediction,0.089510,0.764000,0.014775,True,0.083696,0.759200,0.014674,0.005814,0.004800,0.000100,0.00,20,-0.123259,1.002919,0.392851,0.034034,0.048865,0.029666,0.000000,0.075477,0.037954,0.113680,-0.456820,0.120350,-0.099296,0.046080,-0.033792
1781613854227460935,2026-06-16T19:44:14.227476,prediction,0.089510,0.764000,0.014775,True,0.083696,0.759200,0.014674,0.005814,0.004800,0.000100,0.00,20,-0.122781,1.002323,0.392327,0.036209,0.058901,0.000000,0.000000,0.056279,0.037954,0.126140,-0.429660,0.139440,-0.101120,0.038976,-0.034784
1781613854258116296,2026-06-16T19:44:14.258134,prediction,0.089602,0.760000,0.014477,True,0.083696,0.759200,0.014674,0.005906,0.000800,0.000198,0.00,20,-0.122781,1.002323,0.392327,0.036209,0.068936,0.023993,0.000000,0.037523,0.037523,0.132300,-0.429240,0.344782,-0.102624,0.042368,-0.033280
1781613854292217142,2026-06-16T19:44:14.292243,prediction,0.089418,0.768000,0.017637,True,0.083696,0.759200,0.014674,0.005723,0.008800,0.002963,0.00,20,-0.121968,1.000919,0.391772,0.037523,0.073301,0.044938,0.000000,0.027045,0.040573,0.125860,-0.445340,0.355074,-0.103072,0.040960,-0.031392
1781613854326727829,2026-06-16T19:44:14.326744,prediction,0.089602,0.760000,0.017055,True,0.083696,0.759200,0.014674,0.005906,0.000800,0.002380,0.00,20,-0.121968,1.000919,0.391772,0.035778,0.086388,0.085519,0.000000,0.000000,0.035335,0.117460,-0.436380,0.378646,-0.104256,0.032448,-0.035136
1781613854359593656,2026-06-16T19:44:14.359613,prediction,0.089510,0.764000,0.017346,True,0.083696,0.759200,0.014674,0.005814,0.004800,0.002671,0.00,20,-0.121296,0.999249,0.391179,0.035778,0.086388,0.085519,0.000000,0.000000,0.035335,0.117460,-0.436380,0.378646,-0.104256,0.032448,-0.035136
1781613854392892892,2026-06-16T19:44:14.392909,prediction,0.092372,0.752000,0.019063,True,0.083696,0.759200,0.014674,0.008676,0.007200,0.004389,0.00,20,-0.121296,0.999249,0.391179,0.035778,0.086388,0.085519,0.000000,0.000000,0.035335,0.117460,-0.436380,0.378646,-0.104256,0.032448,-0.035136
1781613854424977104,2026-06-16T19:44:14.424993,prediction,0.092274,0.756000,0.019348,True,0.083696,0.759200,0.014674,0.008578,0.003200,0.004673,0.00,20,-0.120654,0.996845,0.390484,0.035778,0.086388,0.085519,0.000000,0.000000,0.035335,0.117460,-0.436380,0.378646,-0.104256,0.032448,-0.035136
1781613854458878143,2026-06-16T19:44:14.458897,prediction,0.092176,0.760000,0.019632,True,0.083696,0.759200,0.014674,0.008480,0.000800,0.004958,0.00,20,-0.120654,0.996845,0.390484,0.034034,0.088139,0.102099,0.000000,0.002609,0.035335,0.119280,-0.428400,0.369682,-0.104576,-0.004640,-0.035072
1781613854492161947,2026-06-16T19:44:14.492185,prediction,0.092078,0.764000,0.022488,True,0.083696,0.759200,0.014674,0.008382,0.004800,0.007814,0.00,20,-0.121340,0.995482,0.391226,0.034034,0.088139,0.102099,0.000000,0.002609,0.035335,0.119280,-0.428400,0.369682,-0.104576,-0.004640,-0.035072
1781613854526959920,2026-06-16T19:44:14.526979,prediction,0.092078,0.764000,0.022488,True,0.083696,0.759200,0.014674,0.008382,0.004800,0.007814,0.00,20,-0.121340,0.995482,0.391226,0.034034,0.088139,0.102099,0.000000,0.002609,0.035335,0.119280,-0.428400,0.369682,-0.104576,-0.004640,-0.035072
1781613854558615684,2026-06-16T19:44:14.558633,prediction,0.092372,0.752000,0.021654,True,0.083696,0.759200,0.014674,0.008676,0.007200,0.006980,0.00,20,-0.120923,0.996264,0.390775,0.034034,0.088139,0.102099,0.000000,0.002609,0.035335,0.119280,-0.428400,0.369682,-0.104576,-0.004640,-0.035072
1781613854592972888,2026-06-16T19:44:14.592999,prediction,0.092372,0.752000,0.021654,True,0.083696,0.759200,0.014674,0.008676,0.007200,0.006980,0.00,20,-0.120923,0.996264,0.390775,0.021378,0.102970,0.157951,0.000000,0.056721,0.023995,0.101920,-0.449400,0.383128,-0.104576,-0.047424,-0.032128
1781613854629553402,2026-06-16T19:44:14.629577,prediction,0.092078,0.764000,0.022488,True,0.083696,0.759200,0.014674,0.008382,0.004800,0.007814,0.00,20,-0.120923,0.996261,0.390775,0.004796,0.070243,0.106025,0.000000,0.035335,0.005228,0.117180,-0.501480,0.341130,-0.104128,-0.046080,-0.026400
1781613854661577339,2026-06-16T19:44:14.661612,prediction,0.092274,0.756000,0.021932,True,0.083696,0.759200,0.014674,0.008578,0.003200,0.007258,0.00,20,-0.120923,0.996261,0.390775,0.001744,0.044069,0.055414,0.000000,0.013517,0.000000,0.064680,-0.528220,0.323783,-0.103200,-0.041408,-0.016928
1781613854692767600,2026-06-16T19:44:14.692790,prediction,0.092372,0.752000,0.021654,True,0.083696,0.759200,0.014674,0.008676,0.007200,0.006980,0.00,20,-0.120923,0.996261,0.390775,0.000000,0.032283,0.037518,0.000000,0.005228,0.000000,-0.003640,-0.529480,0.306602,-0.103200,-0.041088,-0.001280
1781613854725248828,2026-06-16T19:44:14.725262,prediction,0.092372,0.752000,0.021654,True,0.083696,0.759200,0.014674,0.008676,0.007200,0.006980,0.00,20,-0.120923,0.996261,0.390775,0.006540,0.007853,0.001740,0.000000,0.010898,0.010898,-0.062300,-0.539700,0.200362,-0.103072,0.024672,0.022112
1781613854769545551,2026-06-16T19:44:14.769561,prediction,0.094855,0.756000,0.024517,True,0.083696,0.759200,0.014674,0.011159,0.003200,0.009842,0.00,20,-0.120923,0.996261,0.390775,0.010029,0.003489,0.041012,0.000000,0.037523,0.013086,-0.074340,-0.771820,0.091300,-0.102624,0.041472,0.026336
1781613854805461994,2026-06-16T19:44:14.805486,prediction,0.094959,0.752000,0.024245,True,0.083696,0.759200,0.014674,0.011263,0.007200,0.009571,0.00,20,-0.120923,0.996261,0.390775,0.009598,0.019634,0.066752,0.000000,0.045812,0.010898,-0.086100,-0.854280,0.078269,-0.102304,0.047424,0.028064
1781613854835314288,2026-06-16T19:44:14.835333,prediction,0.094855,0.756000,0.024517,True,0.083696,0.759200,0.014674,0.011159,0.003200,0.009842,0.00,20,-0.120923,0.996261,0.390775,0.011342,0.024429,0.074611,0.000000,0.051040,0.010898,-0.078680,-0.873880,0.089308,-0.102464,0.046592,0.025952
1781613854865037445,2026-06-16T19:44:14.865061,prediction,0.094645,0.764000,0.025059,True,0.083696,0.759200,0.014674,0.010949,0.004800,0.010385,0.00,20,-0.120923,0.996261,0.390775,0.010029,0.034465,0.085080,0.000000,0.051482,0.010898,-0.072100,-0.886200,0.100264,-0.102144,0.042912,0.025664
1781613854891908976,2026-06-16T19:44:14.891929,prediction,0.094959,0.752000,0.024245,True,0.083696,0.759200,0.014674,0.011263,0.007200,0.009571,0.00,20,-0.120923,0.996261,0.390775,0.006540,0.037523,0.087266,0.000000,0.051040,0.005228,-0.082040,-0.815500,0.078601,-0.101408,0.045472,0.026336
1781613854925036912,2026-06-16T19:44:14.925054,prediction,0.094855,0.756000,0.024517,True,0.083696,0.759200,0.014674,0.011159,0.003200,0.009842,0.00,20,-0.120923,0.996261,0.390775,0.004796,0.035778,0.083771,0.000000,0.048432,0.005670,-0.082460,-0.822920,0.095284,-0.101120,0.041024,0.026496
1781613854957846184,2026-06-16T19:44:14.957870,prediction,0.094959,0.752000,0.024245,True,0.083696,0.759200,0.014674,0.011263,0.007200,0.009571,0.00,20,-0.120923,0.996261,0.390775,0.005233,0.032720,0.076351,0.000000,0.043193,0.005228,-0.074340,-0.831600,0.098936,-0.100960,0.039808,0.026880
1781613855003030601,2026-06-16T19:44:15.003052,prediction,0.094855,0.756000,0.024517,True,0.083696,0.759200,0.014674,0.011159,0.003200,0.009842,0.00,20,-0.120923,0.996261,0.390775,0.003051,0.019634,0.044499,0.000000,0.027045,0.002609,-0.081480,-0.817740,0.117113,-0.100352,0.041472,0.025824


============================================================
EXPERIMENT METRICS
  File: experiment_GRU_20260616_194403.csv
  Total samples: 353
  Task completion time: 11.91 s
  --- Prediction Accuracy (over 353 samples) ---
  Avg Inference Time: 4.07 ms
  Mean Squared Error (MSE): 0.002530 m²
  Mean Absolute Error (MAE - 3D): 0.0415 m
      MAE X: 0.0146 m
      MAE Y: 0.0350 m
      MAE Z: 0.0120 m
  --- Trajectory Smoothness (Robot EE) ---
  Mean Jerk (3D): 13.3738 m/s³
      Jerk X: 3.1628 m/s³
      Jerk Y: 10.6643 m/s³
      Jerk Z: 3.8478 m/s³
  Max Jerk (3D): 101.5416 m/s³
  RMS Jerk (3D): 22.2089 m/s³
============================================================
